date,etf,action,amount
2014-04-28,国债ETF,buy,999999.9999999999
2014-04-29,国债ETF,sell,999999.9999999999
2014-06-11,国债ETF,buy,500595.91720316187
2014-06-11,纳指,buy,500595.9172031619
2014-06-12,创业板,buy,332497.7415857413
2014-06-12,国债ETF,sell,168098.17561742058
2014-06-12,纳指,sell,168098.17561742064
2014-06-13,创业板,buy,659.9056337570073
2014-06-13,国债ETF,buy,659.9056337570073
2014-06-13,纳指,buy,659.9056337570073
2014-06-16,创业板,buy,1334.6947855094913
2014-06-16,国债ETF,buy,1334.6947855094913
2014-06-16,纳指,buy,1334.6947855094913
2014-06-17,创业板,sell,939.535040625371
2014-06-17,国债ETF,sell,939.535040625371
2014-06-17,纳指,sell,939.535040625371
2014-06-18,创业板,sell,1145.6465637217043
2014-06-18,国债ETF,sell,1145.6465637217043
2014-06-18,纳指,sell,1145.6465637217043
2014-06-19,创业板,sell,332407.1604006607
2014-06-19,国债ETF,buy,162432.700012706
2014-06-19,纳指,buy,162432.700012706
2014-06-20,创业板,buy,247234.89177433323
2014-06-20,国债ETF,sell,247604.96863903347
2014-06-20,纳指,sell,247604.96863903347
2014-06-20,黄金,buy,247234.89177433323
2014-06-23,创业板,buy,1618.8437609103858
2014-06-23,国债ETF,buy,1618.8437609104149
2014-06-23,纳指,buy,1618.8437609104149
2014-06-23,黄金,buy,1618.8437609104149
2014-06-24,创业板,buy,619.4922592102666
2014-06-24,国债ETF,buy,619.4922592102375
2014-06-24,纳指,buy,619.4922592102375
2014-06-24,黄金,buy,619.4922592102375
2014-06-25,创业板,sell,957.8254965293454
2014-06-25,国债ETF,sell,957.8254965293454
2014-06-25,沪深300,buy,248515.40229792453
2014-06-25,纳指,sell,957.8254965293454
2014-06-25,黄金,sell,249473.22779445388
2014-06-26,创业板,sell,48161.343084043096
2014-06-26,国债ETF,sell,48161.343084043096
2014-06-26,沪深300,sell,48161.343084043096
2014-06-26,纳指,sell,48161.343084043096
2014-06-26,黄金,buy,200354.05921388144
2014-06-27,创业板,buy,274.16351111154654
2014-06-27,国债ETF,buy,274.16351111154654
2014-06-27,沪深300,buy,274.16351111154654
2014-06-27,纳指,buy,274.16351111154654
2014-06-27,黄金,buy,274.16351111154654
2014-06-30,创业板,buy,699.6973524551431
2014-06-30,国债ETF,buy,699.6973524551431
2014-06-30,沪深300,buy,699.6973524551431
2014-06-30,纳指,buy,699.6973524551431
2014-06-30,黄金,buy,699.6973524551431
2014-07-01,创业板,buy,443.5040907743387
2014-07-01,国债ETF,buy,443.5040907743387
2014-07-01,沪深300,buy,443.5040907743387
2014-07-01,纳指,buy,443.5040907743387
2014-07-01,黄金,buy,443.5040907743387
2014-07-02,创业板,buy,891.2217424056435
2014-07-02,国债ETF,buy,891.2217424056726
2014-07-02,沪深300,buy,891.2217424056726
2014-07-02,纳指,buy,891.2217424057017
2014-07-02,黄金,buy,891.2217424056435
2014-07-03,创业板,buy,125.62480244753533
2014-07-03,国债ETF,buy,125.62480244750623
2014-07-03,沪深300,buy,125.62480244750623
2014-07-03,纳指,buy,125.62480244747712
2014-07-03,黄金,buy,125.62480244753533
2014-07-04,创业板,buy,254.78066890174523
2014-07-04,国债ETF,buy,254.78066890171613
2014-07-04,沪深300,buy,254.78066890171613
2014-07-04,纳指,buy,254.78066890171613
2014-07-04,黄金,buy,254.78066890171613
2014-07-07,创业板,sell,737.9915751089575
2014-07-07,国债ETF,sell,737.9915751089284
2014-07-07,沪深300,sell,737.9915751089284
2014-07-07,纳指,sell,737.9915751089284
2014-07-07,黄金,sell,737.9915751089284
2014-07-08,创业板,buy,482.12335381261073
2014-07-08,国债ETF,buy,482.12335381261073
2014-07-08,沪深300,buy,482.12335381261073
2014-07-08,纳指,buy,482.12335381261073
2014-07-08,黄金,buy,482.12335381261073
2014-07-09,创业板,sell,2018.2858571726538
2014-07-09,国债ETF,sell,2018.2858571726538
2014-07-09,沪深300,sell,2018.2858571726538
2014-07-09,纳指,sell,2018.2858571726829
2014-07-09,黄金,sell,2018.2858571726538
2014-07-10,创业板,buy,49685.88763796553
2014-07-10,国债ETF,sell,200768.8973035084
2014-07-10,沪深300,buy,49685.88763796553
2014-07-10,纳指,buy,49685.887637965556
2014-07-10,黄金,buy,49685.88763796553
2014-07-11,创业板,sell,49998.69995965206
2014-07-11,国债ETF,buy,200456.08498182183
2014-07-11,沪深300,sell,49998.69995965209
2014-07-11,纳指,sell,49998.69995965209
2014-07-11,黄金,sell,49998.69995965209
2014-07-14,创业板,buy,563.0782944294042
2014-07-14,国债ETF,buy,563.0782944294333
2014-07-14,沪深300,buy,563.0782944294333
2014-07-14,纳指,buy,563.0782944294333
2014-07-14,黄金,buy,563.0782944294042
2014-07-15,创业板,sell,860.4072553198494
2014-07-15,国债ETF,sell,860.4072553198494
2014-07-15,沪深300,sell,860.4072553198494
2014-07-15,纳指,sell,860.4072553198494
2014-07-15,黄金,sell,860.4072553198203
2014-07-16,创业板,buy,48501.899446513824
2014-07-16,国债ETF,buy,48501.899446513795
2014-07-16,沪深300,buy,48501.899446513795
2014-07-16,纳指,buy,48501.899446513824
2014-07-16,黄金,sell,200158.7560209314
2014-07-17,创业板,sell,593.5524106509401
2014-07-17,国债ETF,sell,248660.6554674452
2014-07-17,沪深300,sell,593.552410650911
2014-07-17,纳指,sell,593.5524106509401
2014-07-17,黄金,buy,248067.1030567943
2014-07-18,创业板,buy,70.09384810019401
2014-07-18,沪深300,buy,70.09384810019401
2014-07-18,纳指,buy,70.09384810019401
2014-07-18,黄金,buy,70.09384810019401
2014-07-21,创业板,sell,248137.1969048945
2014-07-21,沪深300,sell,248137.1969048945
2014-07-21,纳指,sell,248137.1969048945
2014-07-21,黄金,sell,248137.1969048945
2014-07-30,沪深300,buy,331516.79860642145
2014-07-30,纳指,buy,331516.79860642145
2014-07-30,黄金,buy,331516.79860642145
2014-07-31,沪深300,buy,1576.6339538159082
2014-07-31,纳指,buy,1576.6339538159082
2014-07-31,黄金,buy,1576.6339538159082
2014-08-01,沪深300,sell,3857.807644214714
2014-08-01,纳指,sell,3857.807644214714
2014-08-01,黄金,sell,3857.807644214714
2014-08-04,沪深300,buy,3048.9765108599095
2014-08-04,纳指,buy,3048.9765108599095
2014-08-04,黄金,buy,3048.9765108599095
2014-08-05,沪深300,sell,448.8760902074864
2014-08-05,纳指,sell,448.8760902074864
2014-08-05,黄金,sell,448.8760902074864
2014-08-06,创业板,buy,198225.1296662141
2014-08-06,国债ETF,buy,198225.1296662141
2014-08-06,沪深300,sell,133610.59567046096
2014-08-06,纳指,sell,133610.59567046096
2014-08-06,黄金,sell,133610.59567046096
2014-08-07,创业板,sell,198225.1296662141
2014-08-07,国债ETF,buy,49303.1418615857
2014-08-07,沪深300,buy,49303.1418615857
2014-08-07,纳指,buy,49303.1418615857
2014-08-07,黄金,buy,49303.1418615857
2014-08-08,国债ETF,sell,247528.2715277998
2014-08-08,沪深300,buy,82807.85624668308
2014-08-08,纳指,buy,82807.85624668302
2014-08-08,黄金,buy,82807.85624668302
2014-08-11,创业板,buy,199342.4909560771
2014-08-11,国债ETF,buy,199342.49095607712
2014-08-11,沪深300,sell,130993.63681840576
2014-08-11,纳指,sell,130993.6368184057
2014-08-11,黄金,sell,130993.63681840574
2014-08-12,创业板,buy,49715.52266690342
2014-08-12,国债ETF,sell,199342.49095607712
2014-08-12,沪深300,buy,49715.52266690339
2014-08-12,纳指,buy,49715.52266690339
2014-08-12,黄金,buy,49715.522666903445
2014-08-13,创业板,sell,50370.407351518574
2014-08-13,国债ETF,buy,198687.60627146193
2014-08-13,沪深300,sell,50370.407351518574
2014-08-13,纳指,sell,50370.407351518574
2014-08-13,黄金,sell,50370.407351518574
2014-08-14,创业板,buy,49612.72453701205
2014-08-14,国债ETF,buy,49612.72453701208
2014-08-14,沪深300,buy,49612.72453701205
2014-08-14,纳指,buy,49612.72453701205
2014-08-14,黄金,sell,198687.60627146196
2014-08-15,创业板,buy,1937.3845533128479
2014-08-15,国债ETF,buy,1937.3845533127896
2014-08-15,沪深300,buy,1937.3845533128479
2014-08-15,纳指,buy,1937.3845533128479
2014-08-18,创业板,buy,66500.28357263346
2014-08-18,国债ETF,sell,250237.7153617868
2014-08-18,沪深300,buy,66500.28357263346
2014-08-18,纳指,buy,66500.28357263346
2014-08-19,创业板,buy,21199.4021764996
2014-08-19,沪深300,buy,21199.4021764996
2014-08-19,纳指,buy,21199.4021764996
2014-08-20,创业板,sell,702.630946624733
2014-08-20,沪深300,sell,702.6309466246748
2014-08-20,纳指,sell,702.630946624733
2014-08-21,创业板,buy,1099.3892374783754
2014-08-21,沪深300,buy,1099.3892374783172
2014-08-21,纳指,buy,1099.3892374783754
2014-08-22,创业板,sell,83068.46916806477
2014-08-22,国债ETF,buy,255265.6902337088
2014-08-22,沪深300,sell,83068.46916806477
2014-08-22,纳指,sell,83068.46916806477
2014-08-25,创业板,sell,1303.5002123638405
2014-08-25,国债ETF,sell,1303.5002123638697
2014-08-25,沪深300,sell,1303.5002123638114
2014-08-25,纳指,sell,1303.5002123638405
2014-08-26,创业板,sell,253962.19002134493
2014-08-26,国债ETF,buy,83019.1360384674
2014-08-26,沪深300,buy,83019.13603846738
2014-08-26,纳指,buy,83019.1360384674
2014-08-27,国债ETF,buy,30.552923424751498
2014-08-27,沪深300,buy,30.552923424751498
2014-08-27,纳指,buy,30.552923424751498
2014-08-28,国债ETF,sell,949.6167142476188
2014-08-28,沪深300,sell,949.6167142476188
2014-08-28,纳指,sell,949.6167142476188
2014-08-29,创业板,buy,252383.04802594558
2014-08-29,国债ETF,sell,83679.21424304388
2014-08-29,沪深300,sell,83679.21424304388
2014-08-29,纳指,sell,83679.21424304388
2014-09-01,创业板,sell,252383.04802594558
2014-09-01,国债ETF,sell,252383.04802594558
2014-09-01,沪深300,sell,252383.04802594558
2014-09-01,纳指,sell,252383.04802594558
2014-10-14,创业板,buy,338901.7975779341
2014-10-14,国债ETF,buy,338901.7975779341
2014-10-14,沪深300,buy,338901.7975779341
2014-10-15,创业板,buy,1821.2096846484346
2014-10-15,国债ETF,buy,1821.2096846484346
2014-10-15,沪深300,buy,1821.2096846484346
2014-10-16,创业板,sell,1584.5455563835567
2014-10-16,国债ETF,sell,1584.5455563835567
2014-10-16,沪深300,sell,1584.5455563835567
2014-10-17,创业板,sell,1117.966147002764
2014-10-17,国债ETF,sell,1117.966147002764
2014-10-17,沪深300,sell,1117.966147002764
2014-10-20,创业板,buy,2608.8814907480264
2014-10-20,国债ETF,buy,2608.8814907480264
2014-10-20,沪深300,buy,2608.8814907480264
2014-10-21,创业板,sell,2594.3629040355445
2014-10-21,国债ETF,sell,2594.3629040355445
2014-10-21,沪深300,sell,2594.3629040356027
2014-10-22,创业板,sell,1960.0975683685392
2014-10-22,国债ETF,sell,1960.0975683685392
2014-10-22,沪深300,sell,1960.0975683684228
2014-10-23,创业板,sell,3047.008830148552
2014-10-23,国债ETF,sell,3047.008830148552
2014-10-23,沪深300,sell,3047.0088301486103
2014-10-24,创业板,buy,187.0568940914236
2014-10-24,国债ETF,buy,187.0568940914236
2014-10-24,沪深300,buy,187.0568940914236
2014-10-27,创业板,sell,208.58140307536814
2014-10-27,国债ETF,sell,208.58140307536814
2014-10-27,沪深300,sell,208.58140307536814
2014-10-28,创业板,buy,4909.572102782782
2014-10-28,国债ETF,buy,4909.572102782782
2014-10-28,沪深300,buy,4909.572102782782
2014-10-29,创业板,buy,2146.1686614429927
2014-10-29,国债ETF,buy,2146.1686614429927
2014-10-29,沪深300,buy,2146.1686614429927
2014-10-30,创业板,sell,19.50469270866597
2014-10-30,国债ETF,sell,19.50469270866597
2014-10-30,沪深300,sell,19.50469270866597
2014-10-31,创业板,sell,83800.47020633298
2014-10-31,国债ETF,sell,83800.47020633298
2014-10-31,沪深300,sell,83800.47020633298
2014-10-31,纳指,buy,256242.1491035918
2014-11-03,创业板,buy,1268.825939786475
2014-11-03,国债ETF,buy,1268.825939786475
2014-11-03,沪深300,buy,1268.8259397864458
2014-11-03,纳指,buy,1268.8259397864458
2014-11-04,创业板,sell,539.916746096249
2014-11-04,国债ETF,sell,539.9167460962199
2014-11-04,沪深300,sell,539.9167460962199
2014-11-04,纳指,sell,539.9167460962199
2014-11-05,创业板,buy,85522.61954120552
2014-11-05,国债ETF,buy,85522.6195412055
2014-11-05,沪深300,buy,85522.61954120552
2014-11-05,纳指,sell,256971.05829728203
2014-11-06,创业板,sell,84580.20505097235
2014-11-06,国债ETF,sell,84580.20505097235
2014-11-06,沪深300,sell,84580.20505097235
2014-11-06,纳指,buy,257913.4727875152
2014-11-07,创业板,sell,79.82775796737405
2014-11-07,国债ETF,sell,79.82775796737405
2014-11-07,沪深300,sell,79.82775796737405
2014-11-07,纳指,sell,79.82775796737405
2014-11-10,创业板,buy,1935.4452241698746
2014-11-10,国债ETF,buy,1935.4452241698746
2014-11-10,沪深300,buy,1935.4452241698746
2014-11-10,纳指,buy,1935.4452241698746
2014-11-11,创业板,sell,259769.0902537177
2014-11-11,国债ETF,buy,82972.54284184452
2014-11-11,沪深300,buy,82972.54284184452
2014-11-11,纳指,buy,82972.54284184452
2014-11-12,国债ETF,buy,1552.5271666023182
2014-11-12,沪深300,buy,1552.5271666023182
2014-11-12,纳指,buy,1552.5271666023182
2014-11-13,国债ETF,sell,726.8341782728676
2014-11-13,沪深300,sell,726.8341782728676
2014-11-13,纳指,sell,726.8341782728676
2014-11-14,国债ETF,buy,66.49601011927007
2014-11-14,沪深300,buy,66.49601011927007
2014-11-14,纳指,buy,66.49601011927007
2014-11-17,国债ETF,sell,599.9355999059626
2014-11-17,沪深300,sell,599.9355999059626
2014-11-17,纳指,sell,599.9355999059626
2014-11-18,创业板,buy,256665.03733762633
2014-11-18,国债ETF,sell,86368.84915647865
2014-11-18,沪深300,sell,86368.84915647868
2014-11-18,纳指,sell,86368.84915647868
2014-11-19,创业板,buy,1474.3634802063461
2014-11-19,国债ETF,buy,1474.363480206288
2014-11-19,沪深300,buy,1474.363480206317
2014-11-19,纳指,buy,1474.3634802063461
2014-11-20,创业板,sell,258139.40081783268
2014-11-20,国债ETF,buy,84603.52172681148
2014-11-20,沪深300,buy,84603.52172681148
2014-11-20,纳指,buy,84603.52172681145
2014-11-21,创业板,buy,259100.8718546447
2014-11-21,国债ETF,sell,83642.05068999939
2014-11-21,沪深300,sell,83642.05068999939
2014-11-21,纳指,sell,83642.05068999939
2014-11-24,创业板,buy,1961.530982008233
2014-11-24,国债ETF,buy,1961.530982008233
2014-11-24,沪深300,buy,1961.5309820082039
2014-11-24,纳指,buy,1961.530982008233
2014-11-25,创业板,buy,2535.0812879297882
2014-11-25,国债ETF,buy,2535.0812879297882
2014-11-25,沪深300,buy,2535.0812879298173
2014-11-25,纳指,buy,2535.0812879297882
2014-11-26,创业板,buy,1613.7293496500351
2014-11-26,国债ETF,buy,1613.7293496500351
2014-11-26,沪深300,buy,1613.7293496500351
2014-11-26,纳指,buy,1613.7293496500351
2014-11-27,创业板,buy,1523.6887708592112
2014-11-27,国债ETF,buy,1523.6887708592112
2014-11-27,沪深300,buy,1523.6887708592112
2014-11-27,纳指,buy,1523.6887708592112
2014-11-28,创业板,buy,1877.7643042564741
2014-11-28,国债ETF,buy,1877.7643042564741
2014-11-28,沪深300,buy,1877.7643042564741
2014-11-28,纳指,buy,1877.7643042564741
2014-12-01,创业板,sell,781.8176666630316
2014-12-01,国债ETF,sell,781.8176666630316
2014-12-01,沪深300,sell,781.8176666630316
2014-12-01,纳指,sell,781.8176666630316
2014-12-02,创业板,buy,2311.64515853551
2014-12-02,国债ETF,buy,2311.64515853551
2014-12-02,沪深300,buy,2311.64515853551
2014-12-02,纳指,buy,2311.64515853551
2014-12-03,创业板,buy,2760.566482507449
2014-12-03,国债ETF,buy,2760.566482507449
2014-12-03,沪深300,buy,2760.566482507449
2014-12-03,纳指,buy,2760.566482507449
2014-12-04,创业板,buy,4827.618830135034
2014-12-04,国债ETF,buy,4827.618830135034
2014-12-04,沪深300,buy,4827.618830135034
2014-12-04,纳指,buy,4827.618830135034
2014-12-05,创业板,sell,19268.99365257533
2014-12-05,国债ETF,sell,19268.9936525753
2014-12-05,沪深300,sell,19268.99365257527
2014-12-05,纳指,sell,19268.9936525753
2014-12-08,创业板,buy,3229.754815785156
2014-12-08,国债ETF,buy,3229.754815785127
2014-12-08,沪深300,buy,3229.754815785098
2014-12-08,纳指,buy,3229.754815785127
2014-12-09,创业板,sell,261691.44051707324
2014-12-09,国债ETF,buy,45404.31880168026
2014-12-09,沪深300,buy,45404.31880168026
2014-12-09,纳指,buy,45404.31880168032
2014-12-10,创业板,buy,208280.8408662668
2014-12-10,国债ETF,sell,307095.7593187535
2014-12-10,沪深300,sell,98814.91845248669
2014-12-10,纳指,sell,98814.91845248675
2014-12-10,黄金,buy,208280.84086626678
2014-12-11,创业板,buy,51209.81891846709
2014-12-11,沪深300,buy,51209.81891846709
2014-12-11,纳指,buy,51209.81891846709
2014-12-11,黄金,sell,208280.84086626678
2014-12-12,创业板,buy,3532.7638153793523
2014-12-12,沪深300,buy,3532.7638153793523
2014-12-12,纳指,buy,3532.7638153793523
2014-12-15,创业板,sell,41915.83249848595
2014-12-15,国债ETF,buy,221107.59110162727
2014-12-15,沪深300,sell,41915.83249848598
2014-12-15,纳指,sell,41915.83249848598
2014-12-16,创业板,buy,3297.031913394312
2014-12-16,国债ETF,buy,3297.0319133943412
2014-12-16,沪深300,buy,3297.0319133943412
2014-12-16,纳指,buy,3297.0319133943412
2014-12-17,创业板,buy,3193.3288358530845
2014-12-17,国债ETF,buy,3193.3288358530845
2014-12-17,沪深300,buy,3193.3288358530554
2014-12-17,纳指,buy,3193.3288358530845
2014-12-18,创业板,buy,3200.627486036683
2014-12-18,国债ETF,buy,3200.627486036683
2014-12-18,沪深300,buy,3200.6274860367703
2014-12-18,纳指,buy,3200.627486036712
2014-12-19,创业板,buy,3782.54448989479
2014-12-19,国债ETF,buy,3782.5444898947608
2014-12-19,沪深300,buy,3782.5444898947026
2014-12-19,纳指,buy,3782.5444898947608
2014-12-22,创业板,sell,234581.12382680617
2014-12-22,国债ETF,buy,83797.2685649558
2014-12-22,沪深300,buy,83797.2685649558
2014-12-22,纳指,buy,83797.26856495577
2014-12-23,国债ETF,sell,1415.6368048382574
2014-12-23,沪深300,sell,1415.6368048382574
2014-12-23,纳指,sell,1415.6368048382574
2014-12-24,国债ETF,sell,6337.555751101987
2014-12-24,沪深300,sell,6337.555751101987
2014-12-24,纳指,sell,6337.555751101987
2014-12-25,创业板,buy,193543.3104432528
2014-12-25,国债ETF,sell,117081.8893925689
2014-12-25,沪深300,sell,117081.8893925689
2014-12-25,纳指,sell,117081.8893925689
2014-12-25,黄金,buy,193543.3104432528
2014-12-26,创业板,sell,193543.3104432528
2014-12-26,国债ETF,buy,60655.0074893492
2014-12-26,沪深300,buy,60655.00748934917
2014-12-26,纳指,buy,60655.00748934914
2014-12-26,黄金,buy,60655.00748934917
2014-12-29,国债ETF,sell,254198.317932602
2014-12-29,沪深300,buy,47988.27784926136
2014-12-29,纳指,buy,47988.277849261445
2014-12-29,黄金,buy,47988.27784926136
2014-12-30,沪深300,buy,1462.9475796802435
2014-12-30,纳指,buy,1462.9475796801853
2014-12-30,黄金,buy,1462.9475796802435
2014-12-31,沪深300,buy,4258.052045286051
2014-12-31,纳指,buy,4258.052045286051
2014-12-31,黄金,buy,4258.052045286051
2015-01-05,沪深300,buy,5005.040031838231
2015-01-05,纳指,buy,5005.040031838231
2015-01-05,黄金,buy,5005.040031838231
2015-01-06,创业板,buy,279356.07585841615
2015-01-06,沪深300,sell,33556.55958025169
2015-01-06,纳指,sell,312912.63543866784
2015-01-06,黄金,sell,33556.55958025169
2015-01-07,创业板,buy,640.9244647232117
2015-01-07,沪深300,buy,640.9244647232117
2015-01-07,黄金,buy,640.9244647232117
2015-01-08,创业板,sell,46052.6068745385
2015-01-08,沪深300,sell,46052.60687453853
2015-01-08,纳指,buy,233944.39344860084
2015-01-08,黄金,sell,46052.60687453853
2015-01-09,创业板,buy,3632.414335486712
2015-01-09,沪深300,buy,3632.414335486741
2015-01-09,纳指,buy,3632.414335486712
2015-01-09,黄金,buy,3632.414335486712
2015-01-12,创业板,sell,14020.787241708487
2015-01-12,国债ETF,buy,223556.02054237912
2015-01-12,沪深300,sell,14020.787241708458
2015-01-12,纳指,sell,14020.787241708429
2015-01-12,黄金,sell,14020.787241708429
2015-01-13,创业板,buy,20789.605274591304
2015-01-13,国债ETF,buy,20789.605274591304
2015-01-13,沪深300,buy,20789.605274591246
2015-01-13,纳指,sell,223556.02054237912
2015-01-13,黄金,buy,20789.605274591275
2015-01-14,创业板,buy,1260.9089344818203
2015-01-14,国债ETF,buy,1260.9089344817912
2015-01-14,沪深300,buy,1260.9089344818494
2015-01-14,黄金,buy,1260.9089344818203
2015-01-15,创业板,buy,3657.1679620685463
2015-01-15,国债ETF,buy,3657.1679620685463
2015-01-15,沪深300,buy,3657.167962068517
2015-01-15,黄金,buy,3657.1679620685754
2015-01-16,创业板,sell,4071.545724795782
2015-01-16,国债ETF,sell,4071.545724795782
2015-01-16,沪深300,sell,4071.545724795753
2015-01-16,黄金,sell,4071.545724795782
2015-01-19,创业板,sell,21220.131625832466
2015-01-19,国债ETF,sell,21220.131625832495
2015-01-19,沪深300,sell,21220.131625832495
2015-01-19,黄金,sell,21220.131625832495
2015-01-20,创业板,sell,210.55086587471305
2015-01-20,国债ETF,sell,210.55086587465485
2015-01-20,沪深300,sell,210.55086587465485
2015-01-20,黄金,sell,210.55086587468395
2015-01-21,创业板,buy,1266.6044322348898
2015-01-21,国债ETF,buy,1266.6044322348316
2015-01-21,沪深300,buy,1266.6044322348316
2015-01-21,黄金,buy,1266.6044322348607
2015-01-22,创业板,buy,2220.58192236739
2015-01-22,国债ETF,buy,2220.581922367419
2015-01-22,沪深300,buy,2220.581922367419
2015-01-22,黄金,buy,2220.5819223673607
2015-01-23,创业板,buy,903.9736476091202
2015-01-23,国债ETF,buy,903.9736476091202
2015-01-23,沪深300,buy,903.9736476091202
2015-01-23,黄金,buy,903.9736476091493
2015-01-26,创业板,buy,3368.6118499979784
2015-01-26,国债ETF,buy,3368.6118499979784
2015-01-26,沪深300,buy,3368.6118499979493
2015-01-26,黄金,buy,3368.6118499979493
2015-01-27,创业板,buy,755.8042620604683
2015-01-27,国债ETF,buy,755.8042620604974
2015-01-27,沪深300,buy,755.8042620605265
2015-01-27,黄金,buy,755.8042620605265
2015-01-28,创业板,sell,494.4059388889291
2015-01-28,国债ETF,sell,494.4059388889291
2015-01-28,沪深300,sell,494.4059388889291
2015-01-28,黄金,sell,494.4059388889291
2015-01-29,创业板,sell,526.076494620851
2015-01-29,国债ETF,sell,526.0764946209092
2015-01-29,沪深300,sell,526.0764946209092
2015-01-29,黄金,sell,526.0764946208801
2015-01-30,创业板,sell,4592.432951149356
2015-01-30,国债ETF,sell,4592.432951149356
2015-01-30,沪深300,sell,4592.432951149327
2015-01-30,黄金,sell,4592.432951149356
2015-02-02,创业板,buy,2953.8045853346703
2015-02-02,国债ETF,buy,2953.8045853346703
2015-02-02,沪深300,buy,2953.804585334612
2015-02-02,黄金,buy,2953.804585334641
2015-02-03,创业板,buy,924.7609105650045
2015-02-03,国债ETF,buy,924.7609105650627
2015-02-03,沪深300,buy,924.7609105650336
2015-02-03,黄金,buy,924.7609105650336
2015-02-04,创业板,sell,31697.551385603758
2015-02-04,国债ETF,sell,31697.551385603787
2015-02-04,沪深300,sell,31697.55138560373
2015-02-04,纳指,buy,198845.14933692443
2015-02-04,黄金,sell,31697.55138560373
2015-02-05,创业板,buy,35380.96303626764
2015-02-05,国债ETF,buy,35380.96303626764
2015-02-05,沪深300,buy,35380.96303626764
2015-02-05,纳指,sell,198845.14933692443
2015-02-05,黄金,buy,35380.96303626761
2015-02-06,创业板,sell,34561.95361501863
2015-02-06,国债ETF,sell,34561.95361501863
2015-02-06,沪深300,sell,34561.95361501863
2015-02-06,纳指,buy,199664.15875817343
2015-02-06,黄金,sell,34561.95361501863
2015-02-09,创业板,sell,106.22082982293796
2015-02-09,国债ETF,sell,106.22082982293796
2015-02-09,沪深300,sell,106.22082982293796
2015-02-09,纳指,sell,106.22082982293796
2015-02-09,黄金,sell,106.22082982293796
2015-02-10,创业板,buy,2031.3251609454455
2015-02-10,国债ETF,buy,2031.3251609454455
2015-02-10,沪深300,buy,2031.3251609454455
2015-02-10,纳指,buy,2031.3251609454455
2015-02-10,黄金,buy,2031.3251609454746
2015-02-11,创业板,buy,2569.609171425778
2015-02-11,国债ETF,buy,2569.609171425778
2015-02-11,沪深300,buy,2569.609171425778
2015-02-11,纳指,buy,2569.609171425778
2015-02-11,黄金,buy,2569.609171425749
2015-02-12,创业板,buy,3188.76247681948
2015-02-12,国债ETF,buy,3188.76247681948
2015-02-12,沪深300,buy,3188.76247681948
2015-02-12,纳指,buy,3188.76247681948
2015-02-12,黄金,buy,3188.76247681948
2015-02-13,创业板,buy,321.6244452257815
2015-02-13,国债ETF,buy,321.6244452257815
2015-02-13,沪深300,buy,321.6244452257815
2015-02-13,纳指,buy,321.6244452257815
2015-02-13,黄金,buy,321.6244452257524
2015-02-16,创业板,buy,1116.4496854263416
2015-02-16,国债ETF,buy,1116.4496854263416
2015-02-16,沪深300,buy,1116.4496854263416
2015-02-16,纳指,buy,1116.4496854263416
2015-02-16,黄金,buy,1116.4496854263707
2015-02-17,创业板,buy,2874.8797026656976
2015-02-17,国债ETF,buy,2874.8797026656976
2015-02-17,沪深300,buy,2874.8797026656976
2015-02-17,纳指,buy,2874.8797026656976
2015-02-17,黄金,buy,2874.8797026656976
2015-02-25,创业板,sell,347.6216772045591
2015-02-25,国债ETF,sell,347.6216772045591
2015-02-25,沪深300,sell,347.6216772045591
2015-02-25,纳指,sell,347.6216772045591
2015-02-25,黄金,sell,347.6216772045591
2015-02-26,创业板,buy,3346.2125100206176
2015-02-26,国债ETF,buy,3346.2125100206176
2015-02-26,沪深300,buy,3346.2125100206176
2015-02-26,纳指,buy,3346.2125100205885
2015-02-26,黄金,buy,3346.2125100206176
2015-02-27,创业板,buy,3488.454114102933
2015-02-27,国债ETF,buy,3488.454114102933
2015-02-27,沪深300,buy,3488.454114102933
2015-02-27,纳指,buy,3488.454114102962
2015-02-27,黄金,buy,3488.454114102933
2015-03-02,创业板,buy,2754.4345089544076
2015-03-02,国债ETF,buy,2754.4345089544368
2015-03-02,沪深300,buy,2754.4345089544076
2015-03-02,纳指,buy,2754.4345089544076
2015-03-02,黄金,buy,2754.4345089544076
2015-03-03,创业板,sell,3715.6255435972707
2015-03-03,国债ETF,sell,3715.6255435973
2015-03-03,沪深300,sell,3715.6255435972707
2015-03-03,纳指,sell,3715.6255435972707
2015-03-03,黄金,sell,3715.6255435973
2015-03-04,创业板,buy,3408.1882034805894
2015-03-04,国债ETF,buy,3408.1882034806185
2015-03-04,沪深300,buy,3408.1882034805894
2015-03-04,纳指,buy,3408.1882034805894
2015-03-04,黄金,buy,3408.1882034806185
2015-03-05,创业板,buy,73745.8071949902
2015-03-05,国债ETF,buy,73745.80719499016
2015-03-05,沪深300,sell,220594.63068661574
2015-03-05,纳指,buy,73745.8071949902
2015-03-05,黄金,buy,73745.8071949902
2015-03-06,创业板,sell,2223.2262519950746
2015-03-06,国债ETF,sell,2223.2262519950746
2015-03-06,纳指,sell,2223.2262519950746
2015-03-06,黄金,sell,2223.2262519950746
2015-03-09,创业板,buy,72367.14107119216
2015-03-09,国债ETF,buy,72367.14107119216
2015-03-09,纳指,buy,72367.14107119216
2015-03-09,黄金,sell,292117.21162961086
2015-03-10,创业板,buy,5542.058853197086
2015-03-10,国债ETF,buy,5542.058853197086
2015-03-10,纳指,buy,5542.058853197086
2015-03-11,创业板,sell,4245.165880010114
2015-03-11,国债ETF,sell,4245.165880010114
2015-03-11,纳指,sell,4245.165880010114
2015-03-12,创业板,sell,102041.39254972775
2015-03-12,国债ETF,sell,102041.39254972775
2015-03-12,沪深300,buy,263739.85312426224
2015-03-12,纳指,sell,102041.39254972775
2015-03-13,创业板,buy,2981.978852903296
2015-03-13,国债ETF,buy,2981.978852903296
2015-03-13,沪深300,buy,2981.978852903296
2015-03-13,纳指,buy,2981.978852903296
2015-03-16,创业板,sell,411.06361536402255
2015-03-16,国债ETF,sell,411.06361536402255
2015-03-16,沪深300,sell,411.06361536402255
2015-03-16,纳指,sell,411.06361536402255
2015-03-17,创业板,buy,4702.614242510812
2015-03-17,国债ETF,buy,4702.614242510812
2015-03-17,沪深300,buy,4702.614242510812
2015-03-17,纳指,buy,4702.614242510812
2015-03-18,创业板,buy,2281.2866322669433
2015-03-18,国债ETF,buy,2281.2866322669433
2015-03-18,沪深300,buy,2281.2866322669433
2015-03-18,纳指,buy,2281.2866322669433
2015-03-19,创业板,buy,3530.9937708001235
2015-03-19,国债ETF,buy,3530.9937708001235
2015-03-19,沪深300,buy,3530.9937708001235
2015-03-19,纳指,buy,3530.9937708001235
2015-03-20,创业板,buy,4945.219529799651
2015-03-20,国债ETF,buy,4945.219529799651
2015-03-20,沪深300,buy,4945.219529799651
2015-03-20,纳指,buy,4945.219529799651
2015-03-23,创业板,sell,968.0986732055317
2015-03-23,国债ETF,sell,968.0986732055317
2015-03-23,沪深300,sell,968.0986732055317
2015-03-23,纳指,sell,968.0986732055317
2015-03-24,创业板,buy,5401.566821333312
2015-03-24,国债ETF,buy,5401.566821333312
2015-03-24,沪深300,buy,5401.566821333312
2015-03-24,纳指,buy,5401.566821333312
2015-03-25,创业板,buy,3034.7392575362464
2015-03-25,国债ETF,buy,3034.7392575362464
2015-03-25,沪深300,buy,3034.7392575362464
2015-03-25,纳指,buy,3034.7392575362464
2015-03-26,创业板,sell,20727.880179018073
2015-03-26,国债ETF,sell,20727.880179018073
2015-03-26,沪深300,sell,20727.880179018073
2015-03-26,纳指,sell,20727.880179018073
2015-03-27,创业板,buy,4675.143220060621
2015-03-27,国债ETF,buy,4675.143220060621
2015-03-27,沪深300,buy,4675.143220060621
2015-03-27,纳指,buy,4675.143220060621
2015-03-30,创业板,buy,54658.39022588584
2015-03-30,国债ETF,sell,273186.3529838856
2015-03-30,沪深300,buy,54658.39022588584
2015-03-30,纳指,buy,54658.39022588584
2015-03-31,创业板,buy,5309.379271204642
2015-03-31,沪深300,buy,5309.379271204642
2015-03-31,纳指,buy,5309.379271204642
2015-04-01,创业板,buy,5732.130738686537
2015-04-01,沪深300,buy,5732.130738686537
2015-04-01,纳指,buy,5732.130738686537
2015-04-02,创业板,sell,46357.588559950294
2015-04-02,国债ETF,buy,292528.66465971235
2015-04-02,沪深300,sell,46357.588559950294
2015-04-02,纳指,sell,46357.588559950294
2015-04-03,创业板,buy,5392.996135591238
2015-04-03,国债ETF,buy,5392.996135591238
2015-04-03,沪深300,buy,5392.996135591238
2015-04-03,纳指,buy,5392.996135591238
2015-04-07,创业板,buy,57153.64467738918
2015-04-07,国债ETF,sell,297921.6607953036
2015-04-07,沪深300,buy,57153.64467738924
2015-04-07,纳指,buy,57153.6446773893
2015-04-08,创业板,sell,4910.192122573091
2015-04-08,沪深300,sell,4910.192122573149
2015-04-08,纳指,sell,4910.192122573208
2015-04-09,创业板,buy,5906.131524831464
2015-04-09,沪深300,buy,5906.131524831406
2015-04-09,纳指,buy,5906.131524831406
2015-04-10,创业板,buy,5778.944714865123
2015-04-10,沪深300,buy,5778.944714865182
2015-04-10,纳指,buy,5778.944714865182
2015-04-13,创业板,buy,6663.131836360786
2015-04-13,沪深300,buy,6663.131836360728
2015-04-13,纳指,buy,6663.131836360786
2015-04-14,创业板,buy,329.60168117814464
2015-04-14,沪深300,buy,329.60168117826106
2015-04-14,纳指,buy,329.60168117820285
2015-04-15,创业板,sell,23765.281530421053
2015-04-15,沪深300,sell,23765.28153042117
2015-04-15,纳指,sell,23765.28153042111
2015-04-16,创业板,buy,738.4502939885133
2015-04-16,沪深300,buy,738.4502939885715
2015-04-16,纳指,buy,738.4502939885133
2015-04-17,创业板,buy,5368.919074555975
2015-04-17,沪深300,buy,5368.919074556034
2015-04-17,纳指,buy,5368.919074556034
2015-04-20,创业板,buy,96911.47068688483
2015-04-20,沪深300,buy,96911.47068688477
2015-04-20,纳指,sell,351185.0109454787
2015-04-21,创业板,sell,3284.075763585919
2015-04-21,沪深300,sell,3284.075763585919
2015-04-22,创业板,sell,104458.29223399225
2015-04-22,国债ETF,buy,340354.1136347853
2015-04-22,沪深300,sell,104458.29223399225
2015-04-23,创业板,buy,5799.882426891127
2015-04-23,国债ETF,buy,5799.8824268910685
2015-04-23,沪深300,buy,5799.8824268910685
2015-04-24,创业板,sell,5991.4263392805005
2015-04-24,国债ETF,sell,346153.99606167636
2015-04-24,沪深300,sell,5991.426339280442
2015-04-24,纳指,buy,340162.5697223959
2015-04-27,创业板,sell,51450.83769108349
2015-04-27,国债ETF,buy,288711.7320313124
2015-04-27,沪深300,sell,51450.83769108349
2015-04-27,纳指,sell,51450.83769108349
2015-04-28,创业板,buy,59751.96617264941
2015-04-28,国债ETF,buy,59751.96617264941
2015-04-28,沪深300,buy,59751.96617264941
2015-04-28,纳指,sell,288711.7320313124
2015-04-29,创业板,buy,3445.542315789091
2015-04-29,国债ETF,buy,3445.542315789091
2015-04-29,沪深300,buy,3445.542315789091
2015-04-30,创业板,sell,64758.51262363425
2015-04-30,国债ETF,sell,64758.51262363425
2015-04-30,沪深300,sell,64758.51262363425
2015-04-30,纳指,buy,287150.7278961167
2015-05-04,创业板,buy,72096.41616724973
2015-05-04,国债ETF,buy,72096.41616724967
2015-05-04,沪深300,buy,72096.41616724967
2015-05-04,纳指,sell,287150.7278961167
2015-05-05,创业板,sell,85248.16911444836
2015-05-05,国债ETF,sell,85248.1691144483
2015-05-05,沪深300,sell,85248.1691144483
2015-05-05,纳指,buy,273998.97494891804
2015-05-06,创业板,buy,11164.96975375287
2015-05-06,国债ETF,buy,11164.96975375287
2015-05-06,沪深300,buy,11164.96975375287
2015-05-06,纳指,sell,273998.97494891804
2015-05-06,黄金,buy,285163.9447026709
2015-05-07,创业板,sell,11976.606127380335
2015-05-07,国债ETF,sell,11976.606127380335
2015-05-07,沪深300,sell,11976.606127380335
2015-05-07,纳指,buy,273187.3385752906
2015-05-07,黄金,sell,285163.9447026709
2015-05-08,创业板,sell,6112.444475662138
2015-05-08,国债ETF,sell,6112.444475662138
2015-05-08,沪深300,sell,6112.444475662138
2015-05-08,纳指,sell,6112.444475662138
2015-05-11,创业板,sell,37746.445991064626
2015-05-11,国债ETF,sell,37746.445991064655
2015-05-11,沪深300,sell,37746.445991064626
2015-05-11,纳指,sell,37746.445991064626
2015-05-11,黄金,buy,229328.4481085638
2015-05-12,创业板,buy,3836.530351828522
2015-05-12,国债ETF,buy,3836.530351828551
2015-05-12,沪深300,buy,3836.530351828522
2015-05-12,纳指,buy,3836.530351828522
2015-05-12,黄金,buy,3836.530351828522
2015-05-13,创业板,sell,2504.8111797812744
2015-05-13,国债ETF,sell,2504.8111797812744
2015-05-13,沪深300,sell,2504.8111797812453
2015-05-13,纳指,sell,2504.8111797812453
2015-05-13,黄金,sell,2504.8111797812453
2015-05-14,创业板,sell,230660.16728061106
2015-05-14,国债ETF,sell,230660.16728061106
2015-05-14,沪深300,sell,230660.1672806111
2015-05-14,纳指,sell,230660.1672806111
2015-05-14,黄金,sell,230660.1672806111
2015-06-03,创业板,buy,266127.2156159746
2015-06-03,国债ETF,buy,266127.2156159746
2015-06-03,沪深300,buy,266127.2156159746
2015-06-03,纳指,buy,266127.2156159746
2015-06-04,创业板,buy,2982.692271390988
2015-06-04,国债ETF,buy,2982.692271390988
2015-06-04,沪深300,buy,2982.692271390988
2015-06-04,纳指,buy,2982.692271390988
2015-06-05,创业板,buy,1555.5094212400727
2015-06-05,国债ETF,buy,1555.5094212400727
2015-06-05,沪深300,buy,1555.5094212400727
2015-06-05,纳指,buy,1555.5094212400727
2015-06-08,创业板,sell,783.9801823250018
2015-06-08,国债ETF,sell,783.9801823250018
2015-06-08,沪深300,sell,783.9801823250018
2015-06-08,纳指,sell,783.9801823250018
2015-06-09,创业板,buy,570.8946262980462
2015-06-09,国债ETF,buy,570.8946262980462
2015-06-09,沪深300,buy,570.8946262980462
2015-06-09,纳指,buy,570.8946262980462
2015-06-10,创业板,sell,31823.37696421033
2015-06-10,国债ETF,sell,31823.37696421033
2015-06-10,沪深300,sell,31823.376964210358
2015-06-10,纳指,sell,31823.37696421033
2015-06-10,黄金,buy,238628.9547883684
2015-06-11,创业板,buy,39483.263126326055
2015-06-11,国债ETF,buy,39483.263126326055
2015-06-11,沪深300,buy,39483.263126326085
2015-06-11,纳指,buy,39483.263126326055
2015-06-11,黄金,sell,238628.9547883684
2015-06-12,创业板,buy,4178.462085139006
2015-06-12,国债ETF,buy,4178.462085139006
2015-06-12,沪深300,buy,4178.462085139006
2015-06-12,纳指,buy,4178.462085139006
2015-06-15,创业板,buy,41237.77400301903
2015-06-15,国债ETF,sell,282290.67999983346
2015-06-15,沪深300,buy,41237.77400301903
2015-06-15,纳指,buy,41237.77400301903
2015-06-16,创业板,sell,7899.451089981536
2015-06-16,沪深300,sell,7899.451089981536
2015-06-16,纳指,sell,7899.451089981536
2015-06-17,创业板,sell,315629.00291287096
2015-06-17,沪深300,sell,315629.00291287096
2015-06-17,纳指,sell,315629.00291287096
2015-07-09,国债ETF,buy,1372909.894846091
2015-07-10,国债ETF,sell,1372909.894846091
2015-07-15,国债ETF,buy,682558.8741796107
2015-07-15,纳指,buy,682558.8741796107
2015-07-16,国债ETF,buy,675426.6465163298
2015-07-16,纳指,sell,682558.8741796107
2015-07-17,国债ETF,sell,674556.3386978747
2015-07-17,纳指,buy,683429.1819980659
2015-07-20,国债ETF,buy,7003.274741998408
2015-07-20,纳指,buy,7003.274741998292
2015-07-21,国债ETF,buy,3761.1253729888704
2015-07-21,纳指,buy,3761.125372988987
2015-07-22,国债ETF,sell,4237.820160483941
2015-07-22,纳指,sell,4237.820160483941
2015-07-23,国债ETF,buy,1113.5303110152017
2015-07-23,纳指,buy,1113.5303110152017
2015-07-24,国债ETF,sell,4042.7212830346543
2015-07-24,纳指,sell,4042.7212830347707
2015-07-27,国债ETF,sell,4408.245085375616
2015-07-27,纳指,sell,4408.2450853755
2015-07-28,国债ETF,sell,517.2798359433655
2015-07-28,纳指,sell,517.2798359433655
2015-07-29,国债ETF,buy,7347.683287453605
2015-07-29,纳指,buy,7347.683287453605
2015-07-30,国债ETF,buy,3386.6809216097463
2015-07-30,纳指,buy,3386.6809216097463
2015-07-31,国债ETF,buy,1092.2649160473375
2015-07-31,纳指,buy,1092.264916047221
2015-08-03,国债ETF,buy,1137.8875587962102
2015-08-03,纳指,buy,1137.8875587963266
2015-08-04,国债ETF,sell,4543.043957354152
2015-08-04,纳指,sell,4543.043957354152
2015-08-05,国债ETF,sell,1287.3387043485418
2015-08-05,纳指,sell,1287.3387043485418
2015-08-06,国债ETF,buy,4762.417019247194
2015-08-06,纳指,buy,4762.417019247194
2015-08-07,国债ETF,sell,5036.604625303298
2015-08-07,纳指,sell,5036.604625303298
2015-08-10,国债ETF,sell,1693.2020214690128
2015-08-10,纳指,sell,1693.2020214688964
2015-08-11,国债ETF,sell,62498.53306225105
2015-08-11,纳指,sell,62498.53306225117
2015-08-12,国债ETF,sell,18360.712804482435
2015-08-12,纳指,sell,18360.712804482435
2015-08-13,国债ETF,buy,9239.104617979261
2015-08-13,纳指,buy,9239.104617979261
2015-08-14,国债ETF,buy,9504.377035148791
2015-08-14,纳指,buy,9504.377035148791
2015-08-17,国债ETF,buy,8449.364597759908
2015-08-17,纳指,buy,8449.364597759908
2015-08-18,国债ETF,buy,9958.750610416173
2015-08-18,纳指,buy,9958.750610416173
2015-08-19,国债ETF,sell,1972.838071178645
2015-08-19,纳指,sell,1972.838071178645
2015-08-20,国债ETF,sell,4051.03481987142
2015-08-20,纳指,sell,4051.03481987142
2015-08-21,国债ETF,sell,180398.4616840083
2015-08-21,纳指,sell,180398.4616840083
2015-08-21,黄金,buy,457137.8068734222
2015-08-24,国债ETF,buy,210853.24605363788
2015-08-24,纳指,sell,457137.8068734222
2015-08-24,黄金,buy,210853.24605363788
2015-08-25,国债ETF,sell,1461.3582099392079
2015-08-25,黄金,sell,1461.3582099393243
2015-08-26,国债ETF,sell,2365.421479781624
2015-08-26,黄金,sell,2365.4214797815075
2015-08-27,国债ETF,sell,283523.8250021098
2015-08-27,纳指,buy,380640.4482352295
2015-08-27,黄金,sell,283523.8250021098
2015-08-28,国债ETF,buy,2491.9578465790837
2015-08-28,纳指,buy,2491.9578465790255
2015-08-28,黄金,buy,2491.9578465790837
2015-08-31,国债ETF,buy,4524.206323000835
2015-08-31,纳指,buy,4524.206323000835
2015-08-31,黄金,buy,4524.206323000835
2015-09-01,国债ETF,sell,122.79517748975195
2015-09-01,纳指,sell,122.79517748975195
2015-09-01,黄金,sell,122.79517748981016
2015-09-02,国债ETF,buy,5160.336560086231
2015-09-02,纳指,buy,5160.336560086231
2015-09-02,黄金,buy,5160.336560086289
2015-09-07,国债ETF,sell,1657.9281480417703
2015-09-07,纳指,sell,1657.9281480417703
2015-09-07,黄金,sell,1657.9281480417703
2015-09-08,国债ETF,buy,117985.65103716368
2015-09-08,纳指,buy,117985.65103716374
2015-09-08,黄金,sell,391036.22563936404
2015-09-09,国债ETF,sell,109246.48615121288
2015-09-09,纳指,sell,109246.486151213
2015-09-09,黄金,buy,399775.39052531484
2015-09-10,国债ETF,buy,914588.1155684077
2015-09-10,纳指,sell,399775.3905253148
2015-09-10,黄金,sell,399775.39052531484
2015-09-11,国债ETF,sell,801345.4486389146
2015-09-11,纳指,buy,513018.0574548079
2015-09-14,国债ETF,sell,513018.0574548079
2015-09-14,纳指,sell,513018.0574548079
2015-09-15,国债ETF,buy,655827.8496216144
2015-09-15,黄金,buy,655827.8496216144
2015-09-16,国债ETF,sell,516.1448314883746
2015-09-16,黄金,sell,516.1448314883746
2015-09-17,国债ETF,buy,3944.5109553104267
2015-09-17,黄金,buy,3944.5109553104267
2015-09-18,国债ETF,sell,659256.2157454365
2015-09-18,黄金,buy,454671.7998203237
2015-09-21,国债ETF,buy,668049.0264157497
2015-09-21,黄金,sell,445878.9891500105
2015-09-22,国债ETF,sell,2214.385241820244
2015-09-22,黄金,sell,2214.3852418201277
2015-09-23,国债ETF,sell,665834.6411739294
2015-09-23,黄金,buy,464738.14634395356
2015-09-24,黄金,buy,13235.869354599854
2015-09-25,国债ETF,buy,672934.8871699156
2015-09-25,黄金,sell,470873.76970256737
2015-09-28,国债ETF,sell,1925.3682960647857
2015-09-28,黄金,sell,1925.3682960647857
2015-09-29,国债ETF,sell,4038.714028307819
2015-09-29,黄金,sell,4038.714028307819
2015-09-30,国债ETF,buy,805.8100271584699
2015-09-30,黄金,buy,805.8100271585863
2015-10-08,国债ETF,buy,4273.24401317141
2015-10-08,黄金,buy,4273.244013171294
2015-10-09,国债ETF,sell,672049.8588858729
2015-10-09,黄金,buy,478342.08564477554
2015-10-12,黄金,buy,8477.69349175971
2015-10-13,黄金,sell,811.3634128533304
2015-10-14,国债ETF,buy,681952.7912673383
2015-10-14,黄金,sell,476105.48334221647
2015-10-15,国债ETF,sell,681952.7912673383
2015-10-15,黄金,sell,681952.7912673383
2015-10-22,国债ETF,buy,682835.382458279
2015-10-22,黄金,buy,682835.382458279
2015-10-23,创业板,buy,317995.93460323405
2015-10-23,国债ETF,sell,364839.447855045
2015-10-23,黄金,sell,364839.447855045
2015-10-26,创业板,sell,91682.62990045047
2015-10-26,国债ETF,sell,91682.62990045047
2015-10-26,沪深300,buy,226313.3047027836
2015-10-26,纳指,buy,226313.3047027836
2015-10-26,黄金,sell,317995.93460323405
2015-10-27,创业板,sell,32855.23262377805
2015-10-27,国债ETF,sell,32855.23262377805
2015-10-27,沪深300,sell,32855.23262377805
2015-10-27,纳指,sell,32855.23262377805
2015-10-27,黄金,buy,193458.0720790055
2015-10-28,创业板,sell,99.05047263074084
2015-10-28,国债ETF,sell,99.05047263074084
2015-10-28,沪深300,sell,99.05047263074084
2015-10-28,纳指,sell,99.05047263074084
2015-10-28,黄金,sell,99.05047263074084
2015-10-29,创业板,buy,1411.4121767764154
2015-10-29,国债ETF,buy,1411.4121767764154
2015-10-29,沪深300,buy,1411.4121767764154
2015-10-29,纳指,buy,1411.4121767764154
2015-10-29,黄金,buy,1411.4121767764445
2015-10-30,创业板,buy,1492.7414537800069
2015-10-30,国债ETF,buy,1492.7414537800069
2015-10-30,沪深300,buy,1492.7414537800069
2015-10-30,纳指,buy,1492.7414537800069
2015-10-30,黄金,buy,1492.7414537800069
2015-11-02,创业板,sell,659.2514721874613
2015-11-02,国债ETF,sell,659.2514721874613
2015-11-02,沪深300,sell,659.2514721874613
2015-11-02,纳指,sell,659.2514721874613
2015-11-02,黄金,sell,659.2514721874322
2015-11-03,创业板,buy,36900.44305798487
2015-11-03,国债ETF,buy,36900.44305798487
2015-11-03,沪深300,buy,36900.4430579849
2015-11-03,纳指,buy,36900.44305798487
2015-11-03,黄金,sell,195603.92376474378
2015-11-04,创业板,buy,58316.47393104996
2015-11-04,国债ETF,sell,232504.36682272863
2015-11-04,沪深300,buy,58316.47393104993
2015-11-04,纳指,buy,58316.47393104996
2015-11-05,创业板,buy,1610.691974050831
2015-11-05,沪深300,buy,1610.691974050831
2015-11-05,纳指,buy,1610.691974050831
2015-11-06,创业板,buy,4959.866032214428
2015-11-06,沪深300,buy,4959.866032214428
2015-11-06,纳指,buy,4959.866032214428
2015-11-09,创业板,buy,3842.469860275334
2015-11-09,沪深300,buy,3842.469860275334
2015-11-09,纳指,buy,3842.469860275334
2015-11-10,创业板,buy,1529.2273973627598
2015-11-10,沪深300,buy,1529.2273973627598
2015-11-10,纳指,buy,1529.2273973627598
2015-11-11,创业板,buy,3624.0615062957513
2015-11-11,沪深300,buy,3624.0615062957513
2015-11-11,纳指,buy,3624.0615062957513
2015-11-12,创业板,buy,32.54151944431942
2015-11-12,沪深300,buy,32.54151944431942
2015-11-12,纳指,buy,32.54151944431942
2015-11-13,创业板,sell,2763.998023314285
2015-11-13,沪深300,sell,2763.998023314285
2015-11-13,纳指,sell,2763.998023314285
2015-11-16,创业板,buy,3708.317834654008
2015-11-16,沪深300,buy,3708.317834654008
2015-11-16,纳指,buy,3708.317834654008
2015-11-17,创业板,buy,583.3781854156405
2015-11-17,沪深300,buy,583.3781854156405
2015-11-17,纳指,buy,583.3781854156405
2015-11-18,创业板,sell,925.6904954422498
2015-11-18,沪深300,sell,925.6904954422498
2015-11-18,纳指,sell,925.6904954422498
2015-11-19,创业板,buy,4277.327509776864
2015-11-19,沪深300,buy,4277.327509776864
2015-11-19,纳指,buy,4277.327509776864
2015-11-20,创业板,buy,2645.8142451148597
2015-11-20,沪深300,buy,2645.8142451148597
2015-11-20,纳指,buy,2645.8142451148597
2015-11-23,创业板,buy,1364.5435375430388
2015-11-23,沪深300,buy,1364.5435375430388
2015-11-23,纳指,buy,1364.5435375430388
2015-11-24,创业板,buy,3704.5296436622157
2015-11-24,沪深300,buy,3704.5296436622157
2015-11-24,纳指,buy,3704.5296436622157
2015-11-25,创业板,buy,4561.310190807737
2015-11-25,沪深300,buy,4561.310190807737
2015-11-25,纳指,buy,4561.310190807737
2015-11-26,创业板,sell,59531.600896631775
2015-11-26,国债ETF,buy,264043.63077500806
2015-11-26,沪深300,sell,59531.600896631775
2015-11-26,纳指,sell,59531.600896631775
2015-11-27,创业板,sell,16834.09365856048
2015-11-27,国债ETF,sell,16834.09365856048
2015-11-27,沪深300,sell,16834.09365856048
2015-11-27,纳指,sell,16834.09365856048
2015-11-30,创业板,buy,2749.8080474175804
2015-11-30,国债ETF,buy,2749.8080474176386
2015-11-30,沪深300,buy,2749.8080474176386
2015-11-30,纳指,buy,2749.8080474176095
2015-12-01,创业板,buy,59920.96010518362
2015-12-01,国债ETF,sell,249959.34516386522
2015-12-01,沪深300,buy,59920.96010518356
2015-12-01,纳指,buy,59920.96010518359
2015-12-02,创业板,sell,53909.07252709198
2015-12-02,国债ETF,buy,255971.2327419568
2015-12-02,沪深300,sell,53909.07252709195
2015-12-02,纳指,sell,53909.07252709198
2015-12-03,创业板,buy,3386.6412118742883
2015-12-03,国债ETF,buy,3386.6412118742883
2015-12-03,沪深300,buy,3386.64121187423
2015-12-03,纳指,buy,3386.6412118742883
2015-12-04,创业板,sell,1724.0015681618534
2015-12-04,国债ETF,sell,1724.0015681618243
2015-12-04,沪深300,sell,1724.0015681618243
2015-12-04,纳指,sell,1724.0015681618534
2015-12-07,创业板,buy,3289.060808414157
2015-12-07,国债ETF,buy,3289.0608084141277
2015-12-07,沪深300,buy,3289.060808414186
2015-12-07,纳指,buy,3289.060808414157
2015-12-08,创业板,sell,386.94019036070677
2015-12-08,国债ETF,sell,386.94019036067766
2015-12-08,沪深300,sell,386.94019036073587
2015-12-08,纳指,sell,386.94019036070677
2015-12-09,创业板,buy,2357.3360837487853
2015-12-09,国债ETF,buy,2357.336083748756
2015-12-09,沪深300,buy,2357.3360837487853
2015-12-09,纳指,buy,2357.3360837487853
2015-12-10,创业板,buy,2396.7116209120722
2015-12-10,国债ETF,buy,2396.7116209120722
2015-12-10,沪深300,buy,2396.7116209120722
2015-12-10,纳指,buy,2396.7116209120722
2015-12-11,创业板,buy,2258.720200275653
2015-12-11,国债ETF,buy,2258.720200275653
2015-12-11,沪深300,buy,2258.720200275653
2015-12-11,纳指,buy,2258.720200275653
2015-12-14,创业板,buy,3396.4498034514254
2015-12-14,国债ETF,buy,3396.4498034514254
2015-12-14,沪深300,buy,3396.4498034514254
2015-12-14,纳指,buy,3396.4498034514254
2015-12-15,创业板,buy,3386.256119253987
2015-12-15,国债ETF,buy,3386.256119253987
2015-12-15,沪深300,buy,3386.256119253987
2015-12-15,纳指,buy,3386.256119253987
2015-12-16,创业板,buy,3714.4431981449015
2015-12-16,国债ETF,buy,3714.4431981449015
2015-12-16,沪深300,buy,3714.4431981449015
2015-12-16,纳指,buy,3714.4431981449015
2015-12-17,创业板,buy,801.6573306538048
2015-12-17,国债ETF,buy,801.6573306538048
2015-12-17,沪深300,buy,801.6573306538048
2015-12-17,纳指,buy,801.6573306538048
2015-12-18,创业板,buy,1908.3360386251588
2015-12-18,国债ETF,buy,1908.3360386251588
2015-12-18,沪深300,buy,1908.3360386251588
2015-12-18,纳指,buy,1908.3360386251588
2015-12-21,创业板,buy,4068.5642387646367
2015-12-21,国债ETF,buy,4068.5642387646367
2015-12-21,沪深300,buy,4068.5642387646367
2015-12-21,纳指,buy,4068.5642387646367
2015-12-22,创业板,buy,3096.5079825820867
2015-12-22,国债ETF,buy,3096.5079825820867
2015-12-22,沪深300,buy,3096.5079825820867
2015-12-22,纳指,buy,3096.5079825820867
2015-12-23,创业板,buy,959.1632402901305
2015-12-23,国债ETF,buy,959.1632402901305
2015-12-23,沪深300,buy,959.1632402901305
2015-12-23,纳指,buy,959.1632402901305
2015-12-24,创业板,buy,3797.096770290751
2015-12-24,国债ETF,buy,3797.096770290751
2015-12-24,沪深300,buy,3797.096770290751
2015-12-24,纳指,buy,3797.096770290751
2015-12-25,创业板,buy,3456.937931600318
2015-12-25,国债ETF,buy,3456.937931600318
2015-12-25,沪深300,buy,3456.937931600318
2015-12-25,纳指,buy,3456.937931600318
2015-12-28,创业板,buy,58494.64811675355
2015-12-28,国债ETF,buy,58494.64811675361
2015-12-28,沪深300,buy,58494.64811675361
2015-12-28,纳指,sell,296134.1735623164
2015-12-29,创业板,sell,63011.52258474933
2015-12-29,国债ETF,sell,63011.522584749386
2015-12-29,沪深300,sell,63011.522584749386
2015-12-29,纳指,buy,291617.2990943206
2015-12-30,创业板,buy,3940.465973368089
2015-12-30,国债ETF,buy,3940.465973368089
2015-12-30,沪深300,buy,3940.465973368089
2015-12-30,纳指,buy,3940.465973368089
2015-12-31,创业板,sell,295557.7650676887
2015-12-31,国债ETF,buy,409635.48817678174
2015-12-31,沪深300,sell,295557.7650676887
2015-12-31,纳指,buy,409635.48817678174
2016-01-04,国债ETF,sell,239280.902469914
2016-01-04,纳指,sell,239280.90246991394
2016-01-04,黄金,buy,465912.3507745565
2016-01-05,国债ETF,sell,1023.6178454620531
2016-01-05,纳指,sell,1023.6178454622277
2016-01-05,黄金,sell,1023.6178454621695
2016-01-06,国债ETF,buy,2136.2249994712183
2016-01-06,纳指,buy,2136.2249994713347
2016-01-06,黄金,buy,2136.2249994712765
2016-01-07,国债ETF,buy,1789.695427683415
2016-01-07,纳指,buy,1789.695427683415
2016-01-07,黄金,buy,1789.695427683473
2016-01-08,国债ETF,buy,231254.82572813175
2016-01-08,纳指,sell,468814.65335624904
2016-01-08,黄金,buy,231254.8257281317
2016-01-11,国债ETF,sell,232351.98431020707
2016-01-11,纳指,buy,467717.4947741737
2016-01-11,黄金,sell,232351.98431020707
2016-01-12,国债ETF,buy,230053.9729634839
2016-01-12,纳指,sell,467717.4947741737
2016-01-12,黄金,buy,230053.9729634839
2016-01-13,国债ETF,sell,2291.274200015352
2016-01-13,黄金,sell,2291.274200015352
2016-01-14,国债ETF,buy,2132.1263396262657
2016-01-14,黄金,buy,2132.1263396262657
2016-01-15,国债ETF,sell,1630.9869120197836
2016-01-15,黄金,sell,1630.9869120197836
2016-01-18,国债ETF,buy,983.8589845914394
2016-01-18,黄金,buy,983.8589845914394
2016-01-19,国债ETF,sell,1215.4795487183146
2016-01-19,黄金,sell,1215.4795487183146
2016-01-20,国债ETF,buy,2592.399963087053
2016-01-20,黄金,buy,2592.399963087053
2016-01-21,国债ETF,buy,3955.80662942084
2016-01-21,黄金,buy,3955.80662942084
2016-01-22,国债ETF,sell,2193.534575926373
2016-01-22,黄金,sell,2193.534575926373
2016-01-25,国债ETF,buy,138.6980520238867
2016-01-25,黄金,buy,138.6980520238867
2016-01-26,国债ETF,buy,6181.758963853936
2016-01-26,黄金,buy,6181.758963853936
2016-01-27,国债ETF,sell,1232.7146193911321
2016-01-27,黄金,sell,1232.7146193911321
2016-01-28,国债ETF,sell,2312.820897804573
2016-01-28,黄金,sell,2312.820897804573
2016-01-29,国债ETF,buy,457.80449723871425
2016-01-29,黄金,buy,457.80449723871425
2016-02-01,国债ETF,buy,2970.053089471301
2016-02-01,黄金,buy,2970.0530894711846
2016-02-02,国债ETF,buy,840.9390618773177
2016-02-02,黄金,buy,840.9390618775506
2016-02-03,国债ETF,buy,1869.6875178166665
2016-02-03,黄金,buy,1869.68751781655
2016-02-04,国债ETF,buy,3134.903365653474
2016-02-04,黄金,buy,3134.9033656535903
2016-02-05,国债ETF,buy,4512.810169307282
2016-02-05,黄金,buy,4512.810169307049
2016-02-15,国债ETF,buy,14703.444125450682
2016-02-15,黄金,buy,14703.444125450798
2016-02-16,国债ETF,sell,5038.394888652954
2016-02-16,黄金,sell,5038.394888652954
2016-02-17,国债ETF,buy,3045.910420223139
2016-02-17,黄金,buy,3045.910420223139
2016-02-18,国债ETF,buy,353.99090436531696
2016-02-18,黄金,buy,353.99090436531696
2016-02-19,国债ETF,buy,5642.87283840694
2016-02-19,黄金,buy,5642.87283840694
2016-02-22,国债ETF,sell,2727.435370867839
2016-02-22,黄金,sell,2727.435370867839
2016-02-23,国债ETF,buy,492.9697048529051
2016-02-23,黄金,buy,492.96970485302154
2016-02-24,国债ETF,buy,3429.3607933539897
2016-02-24,黄金,buy,3429.3607933538733
2016-02-25,国债ETF,buy,4997.429078651592
2016-02-25,黄金,buy,4997.429078651592
2016-02-26,国债ETF,sell,4.625310475821607
2016-02-26,黄金,sell,4.625310475821607
2016-02-29,国债ETF,sell,3511.861648558406
2016-02-29,黄金,sell,3511.861648558406
2016-03-01,国债ETF,buy,6088.103425201611
2016-03-01,黄金,buy,6088.103425201727
2016-03-02,国债ETF,sell,4257.631218543858
2016-03-02,黄金,sell,4257.631218543975
2016-03-03,国债ETF,buy,2895.397173175472
2016-03-03,黄金,buy,2895.397173175472
2016-03-04,国债ETF,buy,4613.312404417549
2016-03-04,黄金,buy,4613.312404417666
2016-03-07,国债ETF,sell,403.7451262619579
2016-03-07,黄金,sell,403.74512626207434
2016-03-08,国债ETF,buy,1907.3465344774304
2016-03-08,黄金,buy,1907.3465344775468
2016-03-09,国债ETF,sell,3670.6802477423334
2016-03-09,黄金,sell,3670.6802477423334
2016-03-10,国债ETF,sell,1794.6765045123175
2016-03-10,黄金,sell,1794.676504512434
2016-03-11,国债ETF,buy,5686.650816788431
2016-03-11,黄金,buy,5686.650816788431
2016-03-14,国债ETF,sell,4709.517287892639
2016-03-14,黄金,sell,4709.517287892639
2016-03-15,国债ETF,sell,7497.023415244534
2016-03-15,黄金,sell,7497.023415244417
2016-03-16,国债ETF,sell,243410.2567248742
2016-03-16,纳指,buy,493496.44409348845
2016-03-16,黄金,sell,243410.2567248743
2016-03-17,国债ETF,buy,3183.51715507498
2016-03-17,纳指,buy,3183.51715507498
2016-03-17,黄金,buy,3183.517155074922
2016-03-18,创业板,buy,299524.6340387733
2016-03-18,国债ETF,sell,197155.32720979012
2016-03-18,纳指,sell,197155.32720979012
2016-03-18,黄金,sell,197155.32720979006
2016-03-21,创业板,sell,299524.6340387733
2016-03-21,国债ETF,buy,197053.41841543972
2016-03-21,纳指,buy,197053.41841543966
2016-03-21,黄金,buy,197053.41841543972
2016-03-22,创业板,buy,235284.8820435905
2016-03-22,国债ETF,sell,261293.1704106225
2016-03-22,沪深300,buy,235284.8820435905
2016-03-22,纳指,sell,261293.17041062246
2016-03-22,黄金,sell,261293.17041062252
2016-03-23,创业板,buy,3387.9944403820555
2016-03-23,国债ETF,buy,3387.9944403820264
2016-03-23,沪深300,buy,3387.9944403820264
2016-03-23,纳指,buy,3387.9944403820555
2016-03-23,黄金,buy,3387.9944403820264
2016-03-24,创业板,sell,3652.9276506475
2016-03-24,国债ETF,sell,3652.9276506475
2016-03-24,沪深300,sell,3652.9276506474707
2016-03-24,纳指,sell,3652.9276506475
2016-03-24,黄金,sell,3652.9276506474707
2016-03-25,创业板,buy,3197.62221131337
2016-03-25,国债ETF,buy,3197.62221131337
2016-03-25,沪深300,buy,3197.622211313399
2016-03-25,纳指,buy,3197.62221131337
2016-03-25,黄金,buy,3197.62221131337
2016-03-28,创业板,buy,1328.697185419791
2016-03-28,国债ETF,buy,1328.69718541982
2016-03-28,沪深300,buy,1328.6971854197618
2016-03-28,纳指,buy,1328.697185419791
2016-03-28,黄金,buy,1328.6971854197618
2016-03-29,创业板,buy,839.7030712371634
2016-03-29,国债ETF,buy,839.7030712371343
2016-03-29,沪深300,buy,839.7030712371634
2016-03-29,纳指,buy,839.7030712371634
2016-03-29,黄金,buy,839.7030712371925
2016-03-30,创业板,sell,1736.9367496589548
2016-03-30,国债ETF,sell,1736.936749658984
2016-03-30,沪深300,sell,1736.9367496589548
2016-03-30,纳指,sell,1736.9367496589548
2016-03-30,黄金,sell,1736.9367496589548
2016-03-31,创业板,buy,1599.59452148556
2016-03-31,国债ETF,buy,1599.5945214856183
2016-03-31,沪深300,buy,1599.5945214855892
2016-03-31,纳指,buy,1599.5945214855892
2016-03-31,黄金,buy,1599.5945214855892
2016-04-01,创业板,buy,2616.3060123158502
2016-04-01,国债ETF,buy,2616.306012315821
2016-04-01,沪深300,buy,2616.306012315821
2016-04-01,纳指,buy,2616.306012315821
2016-04-01,黄金,buy,2616.306012315821
2016-04-05,创业板,buy,3146.006877520529
2016-04-05,国债ETF,buy,3146.0068775205
2016-04-05,沪深300,buy,3146.006877520558
2016-04-05,纳指,buy,3146.006877520529
2016-04-05,黄金,buy,3146.006877520529
2016-04-06,创业板,buy,3200.507391936757
2016-04-06,国债ETF,buy,3200.507391936757
2016-04-06,沪深300,buy,3200.5073919366987
2016-04-06,纳指,buy,3200.507391936757
2016-04-06,黄金,buy,3200.507391936728
2016-04-07,创业板,buy,1373.8821050982515
2016-04-07,国债ETF,buy,1373.8821050983097
2016-04-07,沪深300,buy,1373.8821050982515
2016-04-07,纳指,buy,1373.8821050982806
2016-04-07,黄金,buy,1373.8821050983097
2016-04-08,创业板,buy,1126.57226930256
2016-04-08,国债ETF,buy,1126.57226930256
2016-04-08,沪深300,buy,1126.5722693026182
2016-04-08,纳指,buy,1126.5722693025891
2016-04-08,黄金,buy,1126.57226930256
2016-04-11,创业板,buy,3169.0941637010255
2016-04-11,国债ETF,buy,3169.0941637009673
2016-04-11,沪深300,buy,3169.0941637009964
2016-04-11,纳指,buy,3169.0941637009673
2016-04-11,黄金,buy,3169.0941637009964
2016-04-12,创业板,buy,2689.8462489461526
2016-04-12,国债ETF,buy,2689.8462489461526
2016-04-12,沪深300,buy,2689.8462489461526
2016-04-12,纳指,buy,2689.8462489461526
2016-04-12,黄金,buy,2689.8462489461526
2016-04-13,创业板,buy,3899.972016531974
2016-04-13,国债ETF,buy,3899.972016531974
2016-04-13,沪深300,buy,3899.972016531974
2016-04-13,纳指,buy,3899.972016531974
2016-04-13,黄金,buy,3899.972016531974
2016-04-14,创业板,buy,4045.982499048783
2016-04-14,国债ETF,buy,4045.9824990488123
2016-04-14,沪深300,buy,4045.982499048783
2016-04-14,纳指,buy,4045.982499048783
2016-04-14,黄金,buy,4045.982499048783
2016-04-15,创业板,buy,40810.61504200281
2016-04-15,国债ETF,buy,40810.61504200281
2016-04-15,沪深300,buy,40810.61504200281
2016-04-15,纳指,buy,40810.61504200281
2016-04-15,黄金,sell,265516.7986575239
2016-04-18,创业板,sell,38745.237059772946
2016-04-18,国债ETF,sell,38745.237059772946
2016-04-18,沪深300,sell,38745.237059772946
2016-04-18,纳指,sell,38745.237059772946
2016-04-18,黄金,buy,267582.17663975374
2016-04-19,创业板,buy,4148.759661303193
2016-04-19,国债ETF,buy,4148.759661303193
2016-04-19,沪深300,buy,4148.759661303193
2016-04-19,纳指,buy,4148.759661303193
2016-04-19,黄金,buy,4148.759661303193
2016-04-20,创业板,sell,271730.93630105694
2016-04-20,国债ETF,buy,100033.4017320096
2016-04-20,沪深300,buy,100033.4017320096
2016-04-20,纳指,buy,100033.4017320096
2016-04-20,黄金,buy,100033.4017320096
2016-04-21,创业板,buy,259401.7745124873
2016-04-21,国债ETF,sell,112362.56352057928
2016-04-21,沪深300,sell,112362.56352057925
2016-04-21,纳指,sell,112362.56352057925
2016-04-21,黄金,sell,112362.56352057925
2016-04-22,创业板,buy,39160.42293032975
2016-04-22,国债ETF,buy,39160.422930329776
2016-04-22,沪深300,buy,39160.42293032975
2016-04-22,纳指,buy,39160.42293032975
2016-04-22,黄金,sell,259401.7745124873
2016-04-25,创业板,buy,63227.46957887086
2016-04-25,国债ETF,sell,298562.19744281704
2016-04-25,沪深300,buy,63227.46957887086
2016-04-25,纳指,buy,63227.469578870805
2016-04-26,创业板,buy,4383.537945092248
2016-04-26,沪深300,buy,4383.537945092248
2016-04-26,纳指,buy,4383.5379450923065
2016-04-27,创业板,sell,58390.760450797854
2016-04-27,沪深300,sell,58390.760450797854
2016-04-27,纳指,sell,58390.760450797854
2016-04-27,黄金,buy,307782.4445159823
2016-04-28,创业板,buy,1392.8906013953965
2016-04-28,国债ETF,buy,309175.3351173777
2016-04-28,沪深300,buy,1392.8906013953965
2016-04-28,纳指,buy,1392.8906013953965
2016-04-28,黄金,sell,307782.4445159823
2016-04-29,创业板,buy,17510.781751872913
2016-04-29,国债ETF,buy,17510.781751872913
2016-04-29,沪深300,buy,17510.781751872913
2016-04-29,纳指,sell,309175.3351173777
2016-04-29,黄金,buy,326686.1168692506
2016-05-03,创业板,sell,8184.991571909282
2016-05-03,国债ETF,sell,8184.991571909282
2016-05-03,沪深300,sell,8184.991571909282
2016-05-03,黄金,sell,8184.991571909282
2016-05-04,创业板,sell,47120.1469543571
2016-05-04,国债ETF,sell,47120.1469543571
2016-05-04,沪深300,sell,47120.1469543571
2016-05-04,纳指,buy,271380.9783429842
2016-05-04,黄金,sell,47120.1469543571
2016-05-05,创业板,buy,3974.9302383920294
2016-05-05,国债ETF,buy,3974.9302383920294
2016-05-05,沪深300,buy,3974.9302383920294
2016-05-05,纳指,buy,3974.9302383920294
2016-05-05,黄金,buy,3974.9302383920294
2016-05-06,创业板,sell,10495.375291794597
2016-05-06,国债ETF,sell,10495.375291794597
2016-05-06,沪深300,sell,10495.375291794597
2016-05-06,纳指,sell,10495.375291794597
2016-05-06,黄金,sell,10495.375291794597
2016-05-09,创业板,buy,34000.798802373
2016-05-09,国债ETF,sell,264860.53328958165
2016-05-09,沪深300,buy,34000.798802373
2016-05-09,纳指,buy,34000.798802373
2016-05-09,黄金,buy,34000.798802373
2016-05-10,创业板,buy,119883.13979177433
2016-05-10,国债ETF,buy,418744.471883729
2016-05-10,沪深300,sell,298861.33209195465
2016-05-10,纳指,sell,298861.33209195465
2016-05-10,黄金,buy,119883.13979177433
2016-05-11,创业板,sell,151527.09633575415
2016-05-11,国债ETF,sell,151527.09633575415
2016-05-11,沪深300,buy,267217.37554797484
2016-05-11,纳指,buy,267217.37554797484
2016-05-11,黄金,sell,151527.09633575415
2016-05-12,创业板,sell,267217.37554797484
2016-05-12,国债ETF,sell,267217.37554797484
2016-05-12,沪深300,sell,267217.37554797484
2016-05-12,纳指,sell,267217.37554797484
2016-05-12,黄金,sell,267217.37554797484
2016-05-16,国债ETF,buy,731729.0195011821
2016-05-16,黄金,buy,731729.0195011821
2016-05-17,国债ETF,sell,245046.6882298524
2016-05-17,纳指,buy,486682.3312713297
2016-05-17,黄金,sell,245046.6882298524
2016-05-18,国债ETF,buy,240115.72321102855
2016-05-18,纳指,sell,486682.3312713297
2016-05-18,黄金,buy,240115.72321102855
2016-05-19,国债ETF,sell,726798.0544823583
2016-05-19,黄金,buy,537174.7932655739
2016-05-20,黄金,buy,15995.703731652815
2016-05-23,黄金,buy,15838.34223290882
2016-05-24,黄金,buy,6629.470395267475
2016-05-25,纳指,buy,706362.6313664867
2016-05-25,黄金,sell,596073.7327412746
2016-05-26,纳指,buy,2744.420544788474
2016-05-26,黄金,buy,2744.420544788474
2016-05-27,纳指,buy,100.10770635935478
2016-05-27,黄金,buy,100.10770635935478
2016-05-30,纳指,buy,577487.1587435368
2016-05-30,黄金,sell,709207.1596176345
2016-05-31,纳指,sell,574348.0660495276
2016-05-31,黄金,buy,712346.2523116436
2016-06-01,纳指,buy,640.7960718625691
2016-06-01,黄金,buy,640.7960718626855
2016-06-02,纳指,sell,1079.8894977167947
2016-06-02,黄金,sell,1079.8894977167947
2016-06-03,沪深300,buy,473961.1783619068
2016-06-03,纳指,sell,237945.98052388267
2016-06-03,黄金,sell,237945.98052388267
2016-06-06,沪深300,sell,473961.1783619068
2016-06-06,纳指,buy,238239.5906212048
2016-06-06,黄金,buy,238239.5906212048
2016-06-07,纳指,buy,1913.0741461326834
2016-06-07,黄金,buy,1913.074146132567
2016-06-08,纳指,buy,1488.4211902770912
2016-06-08,黄金,buy,1488.4211902772076
2016-06-13,纳指,sell,715602.2643195214
2016-06-13,黄金,buy,441649.8492855388
2016-06-14,黄金,buy,8161.391422471032
2016-06-15,黄金,buy,17686.520798244048
2016-06-16,黄金,sell,1183100.0258257752
2016-08-02,国债ETF,buy,366540.25361975154
2016-08-02,沪深300,buy,366540.25361975154
2016-08-02,纳指,buy,366540.2536197515
2016-08-02,黄金,buy,366540.25361975154
2016-08-03,国债ETF,sell,650.2785889701918
2016-08-03,沪深300,sell,650.2785889701918
2016-08-03,纳指,sell,650.2785889701336
2016-08-03,黄金,sell,650.2785889701918
2016-08-04,国债ETF,sell,626.2443271608208
2016-08-04,沪深300,sell,626.2443271608208
2016-08-04,纳指,sell,626.2443271608208
2016-08-04,黄金,sell,626.2443271608208
2016-08-05,创业板,buy,294066.2476951037
2016-08-05,国债ETF,sell,71197.48300851684
2016-08-05,沪深300,sell,71197.48300851684
2016-08-05,纳指,sell,71197.48300851684
2016-08-05,黄金,sell,71197.48300851684
2016-08-08,创业板,buy,552.7391650158679
2016-08-08,国债ETF,buy,552.7391650158679
2016-08-08,沪深300,buy,552.7391650158679
2016-08-08,纳指,buy,552.7391650158679
2016-08-08,黄金,buy,552.7391650158679
2016-08-09,创业板,buy,1145.3613354789559
2016-08-09,国债ETF,buy,1145.3613354789559
2016-08-09,沪深300,buy,1145.3613354789559
2016-08-09,纳指,buy,1145.3613354789559
2016-08-09,黄金,buy,1145.3613354789559
2016-08-10,创业板,buy,408.43034385930514
2016-08-10,国债ETF,buy,408.43034385930514
2016-08-10,沪深300,buy,408.43034385930514
2016-08-10,纳指,buy,408.43034385930514
2016-08-10,黄金,buy,408.43034385930514
2016-08-11,创业板,sell,296172.7785394578
2016-08-11,国债ETF,buy,72023.05858287
2016-08-11,沪深300,buy,72023.05858287
2016-08-11,纳指,buy,72023.05858286994
2016-08-11,黄金,buy,72023.05858287
2016-08-12,创业板,buy,296205.0529356917
2016-08-12,国债ETF,sell,71990.7841866361
2016-08-12,沪深300,sell,71990.7841866361
2016-08-12,纳指,sell,71990.78418663604
2016-08-12,黄金,sell,71990.7841866361
2016-08-15,创业板,buy,3382.2761687415186
2016-08-15,国债ETF,buy,3382.2761687415186
2016-08-15,沪深300,buy,3382.2761687415186
2016-08-15,纳指,buy,3382.2761687415186
2016-08-15,黄金,buy,3382.2761687415186
2016-08-16,创业板,buy,334.59364391776035
2016-08-16,国债ETF,buy,334.59364391776035
2016-08-16,沪深300,buy,334.59364391776035
2016-08-16,纳指,buy,334.59364391776035
2016-08-16,黄金,buy,334.59364391776035
2016-08-17,创业板,sell,713.9777598133078
2016-08-17,国债ETF,sell,713.9777598133078
2016-08-17,沪深300,sell,713.9777598133078
2016-08-17,纳指,sell,713.9777598133078
2016-08-17,黄金,sell,713.9777598133078
2016-08-18,创业板,buy,220.01726928679273
2016-08-18,国债ETF,buy,220.01726928679273
2016-08-18,沪深300,buy,220.01726928679273
2016-08-18,纳指,buy,220.01726928679273
2016-08-18,黄金,buy,220.01726928679273
2016-08-19,创业板,sell,41.39366519951727
2016-08-19,国债ETF,sell,41.39366519951727
2016-08-19,沪深300,sell,41.39366519951727
2016-08-19,纳指,sell,41.39366519951727
2016-08-19,黄金,sell,41.39366519951727
2016-08-22,创业板,sell,299386.568592625
2016-08-22,国债ETF,buy,72400.4905539478
2016-08-22,沪深300,buy,72400.4905539478
2016-08-22,纳指,buy,72400.49055394786
2016-08-22,黄金,buy,72400.4905539478
2016-08-23,国债ETF,buy,826.0847137778183
2016-08-23,沪深300,buy,826.0847137778183
2016-08-23,纳指,buy,826.08471377776
2016-08-23,黄金,buy,826.0847137778183
2016-08-24,国债ETF,sell,307.36779813683825
2016-08-24,沪深300,sell,307.36779813683825
2016-08-24,纳指,sell,307.36779813683825
2016-08-24,黄金,sell,307.36779813683825
2016-08-25,国债ETF,buy,121533.84373321582
2016-08-25,沪深300,buy,121533.84373321588
2016-08-25,纳指,buy,121533.84373321588
2016-08-25,黄金,sell,372305.77606221376
2016-08-26,国债ETF,buy,378.38048064056784
2016-08-26,沪深300,buy,378.38048064050963
2016-08-26,纳指,buy,378.38048064050963
2016-08-29,国债ETF,sell,472.4782682445366
2016-08-29,沪深300,sell,472.4782682445948
2016-08-29,纳指,sell,472.4782682445948
2016-08-30,国债ETF,buy,1470.9922294159187
2016-08-30,沪深300,buy,1470.9922294159187
2016-08-30,纳指,buy,1470.9922294159187
2016-08-31,国债ETF,sell,272.85002952010836
2016-08-31,沪深300,sell,272.85002952005016
2016-08-31,纳指,sell,272.85002952005016
2016-09-01,国债ETF,sell,1756.550684794609
2016-09-01,沪深300,sell,1756.5506847945508
2016-09-01,纳指,sell,1756.5506847945508
2016-09-02,国债ETF,buy,623.8608801816008
2016-09-02,沪深300,buy,623.8608801816008
2016-09-02,纳指,buy,623.8608801816008
2016-09-05,国债ETF,buy,1345.9420470898622
2016-09-05,沪深300,buy,1345.942047089804
2016-09-05,纳指,buy,1345.9420470897458
2016-09-06,国债ETF,buy,1776.7357074242318
2016-09-06,沪深300,buy,1776.7357074242318
2016-09-06,纳指,buy,1776.73570742429
2016-09-07,国债ETF,sell,123249.96382818784
2016-09-07,沪深300,sell,123249.96382818784
2016-09-07,纳指,sell,123249.9638281879
2016-09-07,黄金,buy,373683.68832943466
2016-09-08,国债ETF,sell,436.5077392947278
2016-09-08,沪深300,sell,436.5077392947278
2016-09-08,纳指,sell,436.5077392946696
2016-09-08,黄金,sell,436.5077392947278
2016-09-09,国债ETF,sell,986.6319072328042
2016-09-09,沪深300,sell,986.6319072328042
2016-09-09,纳指,sell,986.6319072328042
2016-09-09,黄金,sell,986.6319072328042
2016-09-12,国债ETF,buy,116711.37234680774
2016-09-12,沪深300,buy,116711.3723468078
2016-09-12,纳指,buy,116711.37234680768
2016-09-12,黄金,sell,372260.54868290713
2016-09-13,国债ETF,buy,2431.769178196846
2016-09-13,沪深300,buy,2431.769178196788
2016-09-13,纳指,buy,2431.7691781969625
2016-09-14,国债ETF,sell,2107.4867794953752
2016-09-14,沪深300,sell,491403.6902079117
2016-09-14,纳指,sell,2107.4867794953752
2016-09-14,黄金,buy,489296.20342841634
2016-09-19,国债ETF,buy,2965.663696881209
2016-09-19,沪深300,buy,492261.86712529755
2016-09-19,纳指,buy,2965.6636968810926
2016-09-19,黄金,sell,489296.20342841634
2016-09-20,国债ETF,sell,123938.00730856427
2016-09-20,沪深300,sell,123938.00730856427
2016-09-20,纳指,sell,123938.00730856415
2016-09-20,黄金,buy,368323.8598167333
2016-09-21,国债ETF,buy,574.2080391427153
2016-09-21,沪深300,buy,574.2080391427153
2016-09-21,纳指,buy,574.2080391426571
2016-09-21,黄金,buy,574.2080391427153
2016-09-22,创业板,buy,297320.7545666675
2016-09-22,国债ETF,sell,71577.31328920851
2016-09-22,沪深300,sell,71577.31328920851
2016-09-22,纳指,sell,71577.31328920851
2016-09-22,黄金,sell,71577.31328920851
2016-09-23,创业板,buy,75930.34246866388
2016-09-23,国债ETF,buy,75930.34246866388
2016-09-23,沪深300,buy,75930.34246866388
2016-09-23,纳指,buy,75930.34246866388
2016-09-23,黄金,sell,297320.7545666675
2016-09-26,创业板,sell,78253.49106204236
2016-09-26,国债ETF,sell,78253.49106204236
2016-09-26,沪深300,sell,78253.49106204236
2016-09-26,纳指,sell,78253.49106204236
2016-09-26,黄金,buy,294997.605973289
2016-09-27,创业板,buy,73658.96061661834
2016-09-27,国债ETF,buy,73658.96061661834
2016-09-27,沪深300,buy,73658.96061661834
2016-09-27,纳指,buy,73658.9606166184
2016-09-27,黄金,sell,294997.605973289
2016-09-28,创业板,buy,67.14936500787735
2016-09-28,国债ETF,buy,67.14936500787735
2016-09-28,沪深300,buy,67.14936500787735
2016-09-28,纳指,buy,67.14936500781914
2016-09-29,创业板,buy,865.5957264439203
2016-09-29,国债ETF,buy,865.5957264439203
2016-09-29,沪深300,buy,865.5957264439203
2016-09-29,纳指,buy,865.5957264439203
2016-09-30,创业板,sell,401.0757214386831
2016-09-30,国债ETF,sell,401.0757214386831
2016-09-30,沪深300,sell,401.0757214386831
2016-09-30,纳指,sell,401.0757214386249
2016-10-10,创业板,buy,4378.807963749103
2016-10-10,国债ETF,buy,4378.807963749161
2016-10-10,沪深300,buy,4378.807963749161
2016-10-10,纳指,buy,4378.807963749103
2016-10-11,创业板,buy,1390.2938606028329
2016-10-11,国债ETF,buy,1390.2938606027747
2016-10-11,沪深300,buy,1390.2938606027747
2016-10-11,纳指,buy,1390.2938606027747
2016-10-12,创业板,sell,471.6888519275235
2016-10-12,国债ETF,sell,471.6888519275235
2016-10-12,沪深300,sell,471.6888519275235
2016-10-12,纳指,sell,471.6888519274653
2016-10-13,创业板,sell,377.7759100549156
2016-10-13,国债ETF,sell,377.7759100549156
2016-10-13,沪深300,sell,377.7759100549156
2016-10-13,纳指,sell,377.7759100549156
2016-10-14,创业板,sell,99.57459823362296
2016-10-14,国债ETF,sell,99.57459823362296
2016-10-14,沪深300,sell,99.57459823362296
2016-10-14,纳指,sell,99.57459823368117
2016-10-17,创业板,buy,120926.85227329726
2016-10-17,国债ETF,buy,120926.85227329726
2016-10-17,沪深300,sell,374008.2984240563
2016-10-17,纳指,buy,120926.85227329726
2016-10-18,创业板,buy,2243.7507431064732
2016-10-18,国债ETF,buy,2243.7507431065314
2016-10-18,纳指,buy,2243.750743106415
2016-10-19,创业板,sell,497178.90144046006
2016-10-19,国债ETF,buy,248074.3900766765
2016-10-19,纳指,buy,248074.39007667662
2016-10-20,国债ETF,buy,2164.8698237692006
2016-10-20,纳指,buy,2164.8698237692006
2016-10-21,国债ETF,sell,568.3433756942395
2016-10-21,纳指,sell,568.3433756942395
2016-10-24,国债ETF,sell,247376.13025077828
2016-10-24,沪深300,buy,499473.6877144333
2016-10-24,纳指,sell,247376.13025077828
2016-10-25,创业板,buy,375809.67560028
2016-10-25,国债ETF,sell,123664.0121141533
2016-10-25,沪深300,sell,123664.0121141533
2016-10-25,纳指,sell,123664.01211415324
2016-10-26,创业板,sell,1656.5461752995616
2016-10-26,国债ETF,sell,1656.5461752995616
2016-10-26,沪深300,sell,1656.5461752995616
2016-10-26,纳指,sell,1656.5461752996198
2016-10-27,创业板,sell,374153.12942498043
2016-10-27,国债ETF,buy,123313.01389340375
2016-10-27,沪深300,buy,123313.01389340375
2016-10-27,纳指,buy,123313.01389340375
2016-10-28,国债ETF,sell,59.23347093560733
2016-10-28,沪深300,sell,59.23347093560733
2016-10-28,纳指,sell,59.23347093560733
2016-10-31,国债ETF,sell,716.5072840292705
2016-10-31,沪深300,sell,716.5072840293287
2016-10-31,纳指,sell,716.5072840293287
2016-11-01,国债ETF,buy,1461.1740246627014
2016-11-01,沪深300,buy,1461.1740246627596
2016-11-01,纳指,buy,1461.1740246627596
2016-11-02,国债ETF,sell,3064.6452791693155
2016-11-02,沪深300,sell,3064.6452791693155
2016-11-02,纳指,sell,3064.6452791693155
2016-11-03,国债ETF,sell,268.8823770734598
2016-11-03,沪深300,sell,268.882377073518
2016-11-03,纳指,sell,268.882377073518
2016-11-04,国债ETF,buy,48.98909947805805
2016-11-04,沪深300,buy,48.98909947811626
2016-11-04,纳指,buy,48.98909947817447
2016-11-07,国债ETF,buy,2005.8098430885584
2016-11-07,沪深300,buy,2005.8098430885584
2016-11-07,纳指,buy,2005.8098430885002
2016-11-08,国债ETF,buy,479.9238177254447
2016-11-08,沪深300,buy,479.92381772538647
2016-11-08,纳指,buy,479.9238177254447
2016-11-09,国债ETF,sell,5302.134123785247
2016-11-09,沪深300,sell,5302.134123785188
2016-11-09,纳指,sell,497352.7716921313
2016-11-09,黄金,buy,492050.637568346
2016-11-10,国债ETF,sell,1387.939839869272
2016-11-10,沪深300,sell,1387.9398398693302
2016-11-10,纳指,buy,490662.69772847684
2016-11-10,黄金,sell,492050.637568346
2016-11-11,国债ETF,buy,244242.32583154802
2016-11-11,沪深300,buy,244242.32583154808
2016-11-11,纳指,sell,490662.69772847684
2016-11-14,国债ETF,sell,245238.34083953395
2016-11-14,沪深300,sell,245238.3408395339
2016-11-14,纳指,buy,489666.6827204908
2016-11-15,创业板,buy,365677.04966625094
2016-11-15,国债ETF,sell,123989.63305423991
2016-11-15,沪深300,sell,123989.63305423997
2016-11-15,纳指,sell,123989.63305423985
2016-11-16,创业板,buy,1734.7364950752235
2016-11-16,国债ETF,buy,1734.7364950752235
2016-11-16,沪深300,buy,1734.7364950752235
2016-11-16,纳指,buy,1734.7364950752235
2016-11-17,创业板,buy,91602.55210646096
2016-11-17,国债ETF,sell,367411.78616132616
2016-11-17,沪深300,buy,91602.55210646096
2016-11-17,纳指,buy,91602.5521064609
2016-11-18,创业板,sell,459014.3382677871
2016-11-18,沪深300,buy,211989.53308650188
2016-11-18,纳指,buy,211989.53308650194
2016-11-21,沪深300,buy,9581.217757134931
2016-11-21,纳指,buy,9581.217757134931
2016-11-22,创业板,buy,467190.0794377481
2016-11-22,沪深300,sell,213395.00967367587
2016-11-22,纳指,sell,213395.00967367587
2016-11-23,创业板,buy,28447.345584223338
2016-11-23,沪深300,buy,28447.345584223454
2016-11-23,纳指,buy,28447.345584223396
2016-11-24,创业板,sell,495637.42502197146
2016-11-24,沪深300,buy,200017.6889455312
2016-11-24,纳指,buy,200017.68894553126
2016-11-25,创业板,buy,499605.45020867593
2016-11-25,沪深300,sell,196049.66375882673
2016-11-25,纳指,sell,196049.6637588268
2016-11-28,创业板,buy,1637.2230158356251
2016-11-28,沪深300,buy,1637.223015835567
2016-11-28,纳指,buy,1637.2230158356251
2016-11-29,创业板,sell,105.65833675733302
2016-11-29,沪深300,sell,105.65833675727481
2016-11-29,纳指,sell,105.65833675733302
2016-11-30,创业板,sell,638.2530461758142
2016-11-30,沪深300,sell,638.2530461758724
2016-11-30,纳指,sell,638.2530461758142
2016-12-01,创业板,sell,712.7462446111022
2016-12-01,沪深300,sell,712.746244611044
2016-12-01,纳指,sell,712.7462446111022
2016-12-02,创业板,sell,499786.0155969673
2016-12-02,沪深300,buy,196822.73597435845
2016-12-02,纳指,buy,196822.7359743585
2016-12-05,沪深300,sell,20620.242554256693
2016-12-05,纳指,sell,20620.242554256693
2016-12-06,沪深300,buy,10098.99699089583
2016-12-06,纳指,buy,10098.99699089583
2016-12-07,沪深300,buy,10835.627162649296
2016-12-07,纳指,buy,10835.627162649296
2016-12-08,沪深300,sell,1636.2040826035663
2016-12-08,纳指,sell,1636.2040826035663
2016-12-09,沪深300,buy,7104.876357547124
2016-12-09,纳指,buy,7104.876357547124
2016-12-12,沪深300,sell,702391.8054455578
2016-12-12,纳指,sell,702391.8054455578
2017-03-28,创业板,buy,294485.40944847313
2017-03-28,国债ETF,buy,294485.40944847313
2017-03-28,沪深300,buy,294485.40944847313
2017-03-28,纳指,buy,294485.40944847313
2017-03-28,黄金,buy,294485.40944847313
2017-03-29,创业板,buy,102.8704242563108
2017-03-29,国债ETF,buy,102.8704242563108
2017-03-29,沪深300,buy,102.8704242563108
2017-03-29,纳指,buy,102.8704242563108
2017-03-29,黄金,buy,102.8704242563108
2017-03-30,创业板,buy,71486.37226361339
2017-03-30,国债ETF,sell,294588.27987272944
2017-03-30,沪深300,buy,71486.37226361339
2017-03-30,纳指,buy,71486.37226361339
2017-03-30,黄金,buy,71486.37226361339
2017-03-31,创业板,sell,72209.70280937006
2017-03-31,国债ETF,buy,293864.94932697277
2017-03-31,沪深300,sell,72209.70280937006
2017-03-31,纳指,sell,72209.70280937006
2017-03-31,黄金,sell,72209.70280937006
2017-04-05,创业板,sell,293864.94932697277
2017-04-05,国债ETF,sell,293864.94932697277
2017-04-05,沪深300,sell,293864.94932697277
2017-04-05,纳指,sell,293864.94932697277
2017-04-05,黄金,sell,293864.94932697277
2017-08-08,沪深300,buy,740295.383974712
2017-08-08,纳指,buy,740295.383974712
2017-08-09,沪深300,sell,3301.427379697445
2017-08-09,纳指,sell,3301.427379697445
2017-08-10,沪深300,sell,2378.1879315893166
2017-08-10,纳指,sell,2378.1879315893166
2017-08-11,沪深300,sell,13233.723151327344
2017-08-11,纳指,sell,734615.7686634252
2017-08-11,黄金,buy,721382.0455120979
2017-08-14,沪深300,buy,4092.636994420085
2017-08-14,黄金,buy,4092.6369944199687
2017-08-15,国债ETF,buy,482542.9890085324
2017-08-15,沪深300,sell,242931.69349798554
2017-08-15,纳指,buy,482542.98900853243
2017-08-15,黄金,sell,725474.6825065179
2017-08-16,创业板,buy,480978.91885483183
2017-08-16,国债ETF,sell,1564.0701537006535
2017-08-16,沪深300,sell,1564.0701537006535
2017-08-16,纳指,sell,482542.98900853243
2017-08-17,创业板,sell,480978.91885483183
2017-08-17,国债ETF,sell,480978.9188548317
2017-08-17,沪深300,sell,480978.9188548318
2017-08-21,沪深300,buy,725078.3920204204
2017-08-21,黄金,buy,725078.3920204204
2017-08-22,沪深300,sell,241574.34886957787
2017-08-22,纳指,buy,483504.04315084254
2017-08-22,黄金,sell,241574.3488695778
2017-08-23,国债ETF,buy,363519.7468077784
2017-08-23,沪深300,sell,119984.29634306411
2017-08-23,纳指,sell,119984.29634306411
2017-08-23,黄金,sell,119984.29634306417
2017-08-24,国债ETF,sell,1198.6733423157712
2017-08-24,沪深300,sell,1198.6733423157712
2017-08-24,纳指,sell,1198.6733423157712
2017-08-24,黄金,sell,1198.6733423157712
2017-08-25,国债ETF,buy,1752.3424263691995
2017-08-25,沪深300,buy,1752.3424263691995
2017-08-25,纳指,buy,1752.3424263691995
2017-08-25,黄金,buy,1752.3424263691995
2017-08-28,国债ETF,buy,953.3439700848539
2017-08-28,沪深300,buy,953.3439700848539
2017-08-28,纳指,buy,953.3439700848539
2017-08-28,黄金,buy,953.3439700848539
2017-08-29,国债ETF,buy,382.2690862452728
2017-08-29,沪深300,buy,382.2690862452728
2017-08-29,纳指,buy,382.2690862452728
2017-08-29,黄金,buy,382.2690862452728
2017-08-30,创业板,buy,364605.77529889875
2017-08-30,国债ETF,sell,365409.028948162
2017-08-30,沪深300,sell,803.2536492632353
2017-08-30,纳指,sell,803.2536492632353
2017-08-30,黄金,sell,803.2536492632353
2017-08-31,创业板,buy,976.1567094998318
2017-08-31,沪深300,buy,976.1567094998318
2017-08-31,纳指,buy,976.1567094998318
2017-08-31,黄金,buy,976.15670949989
2017-09-01,创业板,sell,71600.19867138373
2017-09-01,国债ETF,buy,293981.73333701486
2017-09-01,沪深300,sell,71600.19867138373
2017-09-01,纳指,sell,71600.19867138373
2017-09-01,黄金,sell,71600.19867138378
2017-09-04,创业板,buy,972.2905293264776
2017-09-04,国债ETF,buy,972.2905293264776
2017-09-04,沪深300,buy,972.2905293264776
2017-09-04,纳指,buy,972.2905293264776
2017-09-04,黄金,buy,972.2905293264776
2017-09-05,创业板,buy,60.435969149752054
2017-09-05,国债ETF,buy,60.435969149752054
2017-09-05,沪深300,buy,60.435969149752054
2017-09-05,纳指,buy,60.435969149752054
2017-09-05,黄金,buy,60.435969149752054
2017-09-06,创业板,buy,73850.20733679074
2017-09-06,国债ETF,buy,73850.20733679074
2017-09-06,沪深300,buy,73850.20733679074
2017-09-06,纳指,sell,295014.4598354911
2017-09-06,黄金,buy,73850.20733679074
2017-09-07,创业板,sell,1318.5423262565746
2017-09-07,国债ETF,sell,1318.5423262565746
2017-09-07,沪深300,sell,1318.5423262565746
2017-09-07,黄金,sell,1318.5423262565164
2017-09-08,创业板,sell,199.93330244114622
2017-09-08,国债ETF,sell,199.93330244114622
2017-09-08,沪深300,sell,199.93330244114622
2017-09-08,黄金,sell,199.93330244120443
2017-09-11,创业板,buy,549.1698790102964
2017-09-11,国债ETF,buy,549.1698790102964
2017-09-11,沪深300,buy,549.1698790102964
2017-09-11,黄金,buy,549.1698790102964
2017-09-12,创业板,sell,893.0473796328297
2017-09-12,国债ETF,sell,893.0473796328297
2017-09-12,沪深300,sell,893.0473796328297
2017-09-12,黄金,sell,893.0473796328297
2017-09-13,创业板,buy,324.5026339153992
2017-09-13,国债ETF,buy,324.5026339153992
2017-09-13,沪深300,buy,324.5026339153992
2017-09-13,黄金,buy,324.5026339153992
2017-09-14,创业板,sell,925.7341198613285
2017-09-14,国债ETF,sell,925.7341198613285
2017-09-14,沪深300,sell,925.7341198613285
2017-09-14,黄金,sell,925.7341198613285
2017-09-15,创业板,buy,263.79911990021355
2017-09-15,国债ETF,buy,263.79911990021355
2017-09-15,沪深300,buy,263.79911990021355
2017-09-15,黄金,buy,263.79911990021355
2017-09-18,创业板,buy,901.6690264324425
2017-09-18,国债ETF,buy,901.6690264324425
2017-09-18,沪深300,buy,901.6690264324425
2017-09-18,黄金,buy,901.6690264325007
2017-09-19,创业板,sell,1463.0774665119825
2017-09-19,国债ETF,sell,1463.0774665119825
2017-09-19,沪深300,sell,1463.0774665119825
2017-09-19,黄金,sell,1463.0774665120407
2017-09-20,创业板,buy,980.268514717056
2017-09-20,国债ETF,buy,980.268514717056
2017-09-20,沪深300,buy,980.268514717056
2017-09-20,黄金,buy,980.268514717056
2017-09-21,创业板,buy,119638.77472438803
2017-09-21,国债ETF,buy,119638.77472438791
2017-09-21,沪深300,buy,119638.77472438797
2017-09-21,黄金,sell,367083.7417515534
2017-09-22,创业板,sell,1047.7830165346386
2017-09-22,国债ETF,sell,1047.7830165345222
2017-09-22,沪深300,sell,1047.7830165345222
2017-09-25,创业板,sell,2682.808769629919
2017-09-25,国债ETF,sell,2682.808769629977
2017-09-25,沪深300,sell,2682.8087696300354
2017-09-26,创业板,sell,120938.63960212114
2017-09-26,国债ETF,sell,120938.63960212108
2017-09-26,沪深300,sell,120938.63960212108
2017-09-26,黄金,buy,362053.2850876557
2017-09-27,创业板,sell,209.28512230346678
2017-09-27,国债ETF,sell,209.28512230346678
2017-09-27,沪深300,sell,209.28512230346678
2017-09-27,黄金,sell,209.28512230346678
2017-09-28,创业板,buy,120398.6093973376
2017-09-28,国债ETF,buy,120398.60939733766
2017-09-28,沪深300,buy,120398.60939733766
2017-09-28,黄金,sell,361843.99996535224
2017-09-29,创业板,sell,118898.56193526008
2017-09-29,国债ETF,sell,118898.56193526014
2017-09-29,沪深300,sell,118898.56193526014
2017-09-29,黄金,buy,363344.04742742976
2017-10-09,创业板,sell,71446.49911489827
2017-10-09,国债ETF,sell,71446.49911489827
2017-10-09,沪深300,sell,71446.49911489827
2017-10-09,纳指,buy,291897.5483125315
2017-10-09,黄金,sell,71446.49911489827
2017-10-10,创业板,buy,991.5979654761031
2017-10-10,国债ETF,buy,991.5979654761031
2017-10-10,沪深300,buy,991.5979654761031
2017-10-10,纳指,buy,991.5979654761031
2017-10-10,黄金,buy,991.5979654761031
2017-10-11,创业板,buy,73102.44809828897
2017-10-11,国债ETF,buy,73102.44809828897
2017-10-11,沪深300,buy,73102.44809828897
2017-10-11,纳指,buy,73102.44809828897
2017-10-11,黄金,sell,292889.1462780076
2017-10-12,创业板,buy,122461.88227730902
2017-10-12,国债ETF,sell,365991.59437629656
2017-10-12,沪深300,buy,122461.88227730902
2017-10-12,纳指,buy,122461.88227730902
2017-10-13,创业板,buy,2779.7451421106234
2017-10-13,沪深300,buy,2779.7451421106234
2017-10-13,纳指,buy,2779.745142110565
2017-10-16,创业板,sell,125591.9032023212
2017-10-16,沪深300,sell,125591.9032023212
2017-10-16,纳指,sell,125591.90320232115
2017-10-16,黄金,buy,365641.318593395
2017-10-17,创业板,sell,554.5923892406863
2017-10-17,沪深300,sell,554.5923892406863
2017-10-17,纳指,sell,554.5923892406863
2017-10-17,黄金,sell,554.5923892406863
2017-10-18,创业板,buy,121446.76488821977
2017-10-18,沪深300,buy,121446.76488821977
2017-10-18,纳指,buy,121446.76488821977
2017-10-18,黄金,sell,365086.7262041543
2017-10-19,创业板,sell,413.9360404442996
2017-10-19,沪深300,sell,413.9360404442996
2017-10-19,纳指,sell,413.93604044424137
2017-10-20,创业板,buy,1653.1861942529795
2017-10-20,沪深300,buy,1653.1861942529795
2017-10-20,纳指,buy,1653.1861942529213
2017-10-23,创业板,buy,1960.346521859814
2017-10-23,沪深300,buy,1960.346521859814
2017-10-23,纳指,buy,1960.346521859814
2017-10-24,创业板,buy,914.3432647071313
2017-10-24,沪深300,buy,914.3432647071313
2017-10-24,纳指,buy,914.3432647071313
2017-10-25,创业板,buy,1379.0411062919884
2017-10-25,沪深300,buy,1379.0411062920466
2017-10-25,纳指,buy,1379.0411062920466
2017-10-26,创业板,buy,857.5781684211688
2017-10-26,沪深300,buy,857.5781684210524
2017-10-26,纳指,buy,857.5781684211106
2017-10-27,创业板,sell,240.92492211435456
2017-10-27,沪深300,sell,240.92492211429635
2017-10-27,纳指,sell,240.92492211435456
2017-10-30,创业板,sell,774.660158988554
2017-10-30,沪深300,sell,774.660158988554
2017-10-30,纳指,sell,774.6601589886122
2017-10-31,创业板,buy,1018.0122739642393
2017-10-31,沪深300,buy,1018.0122739641811
2017-10-31,纳指,buy,1018.0122739641811
2017-11-01,创业板,sell,104.85083479934838
2017-11-01,沪深300,sell,104.85083479934838
2017-11-01,纳指,sell,104.85083479929017
2017-11-02,创业板,sell,492781.62666552485
2017-11-02,沪深300,buy,242684.02754059923
2017-11-02,纳指,buy,242684.02754059923
2017-11-03,沪深300,sell,490.5643799221143
2017-11-03,纳指,sell,490.5643799221143
2017-11-06,沪深300,buy,4451.949890643475
2017-11-06,纳指,buy,4451.949890643475
2017-11-07,沪深300,buy,4470.281692491728
2017-11-07,纳指,buy,4470.281692491844
2017-11-08,沪深300,sell,743897.3214093371
2017-11-08,纳指,sell,743897.3214093372
2018-02-14,国债ETF,buy,743763.8604157732
2018-02-14,黄金,buy,743763.8604157733
2018-02-22,国债ETF,sell,4049.823253711569
2018-02-22,黄金,sell,4049.8232537116855
2018-02-23,国债ETF,buy,956.8566338672535
2018-02-23,黄金,buy,956.8566338671371
2018-02-26,国债ETF,sell,398646.9167500113
2018-02-26,沪深300,buy,342023.9770459176
2018-02-26,纳指,buy,342023.9770459176
2018-02-26,黄金,sell,398646.9167500112
2018-02-27,国债ETF,buy,152483.98247876752
2018-02-27,沪深300,sell,342023.9770459176
2018-02-27,纳指,buy,152483.98247876758
2018-02-27,黄金,buy,152483.98247876752
2018-02-28,创业板,buy,321447.1678094957
2018-02-28,国债ETF,sell,173060.7917151894
2018-02-28,纳指,sell,173060.79171518947
2018-02-28,黄金,sell,173060.7917151894
2018-03-01,创业板,buy,63611.39116696722
2018-03-01,国债ETF,buy,63611.39116696722
2018-03-01,纳指,buy,63611.39116696722
2018-03-01,黄金,sell,321447.1678094957
2018-03-02,创业板,sell,1363.599154319265
2018-03-02,国债ETF,sell,1363.599154319265
2018-03-02,纳指,sell,1363.599154319265
2018-03-05,创业板,buy,5227.273710069305
2018-03-05,国债ETF,buy,5227.273710069305
2018-03-05,纳指,buy,5227.273710069305
2018-03-06,创业板,buy,5485.615320314362
2018-03-06,国债ETF,buy,5485.615320314362
2018-03-06,纳指,buy,5485.615320314362
2018-03-07,创业板,sell,394407.8488525273
2018-03-07,国债ETF,buy,262418.06091893534
2018-03-07,纳指,buy,262418.06091893534
2018-03-08,国债ETF,buy,9829.4473770943
2018-03-08,纳指,buy,9829.4473770943
2018-03-09,创业板,buy,398764.3411406919
2018-03-09,国债ETF,sell,267891.0160078651
2018-03-09,纳指,sell,267891.0160078651
2018-03-12,创业板,buy,4898.426080908161
2018-03-12,国债ETF,buy,4898.426080908161
2018-03-12,纳指,buy,4898.426080908161
2018-03-13,创业板,buy,3264.466396736563
2018-03-13,国债ETF,buy,3264.466396736563
2018-03-13,纳指,buy,3264.466396736563
2018-03-14,创业板,sell,4288.286573414458
2018-03-14,国债ETF,sell,4288.286573414458
2018-03-14,纳指,sell,4288.286573414458
2018-03-15,创业板,buy,4790.254960483871
2018-03-15,国债ETF,buy,4790.254960483871
2018-03-15,纳指,buy,4790.254960483871
2018-03-16,创业板,buy,1444.4132717211032
2018-03-16,国债ETF,buy,1444.4132717211032
2018-03-16,纳指,buy,1444.4132717211032
2018-03-19,创业板,buy,5967.267068319372
2018-03-19,国债ETF,buy,5967.267068319372
2018-03-19,纳指,buy,5967.267068319372
2018-03-20,创业板,buy,233893.19128191366
2018-03-20,国债ETF,buy,233893.19128191366
2018-03-20,纳指,sell,414840.8823454465
2018-03-21,创业板,sell,16225.21903748298
2018-03-21,国债ETF,sell,16225.21903748298
2018-03-22,创业板,buy,5656.360308980569
2018-03-22,国债ETF,buy,5656.360308980569
2018-03-23,创业板,sell,638165.2148988578
2018-03-23,国债ETF,buy,797053.4977343353
2018-03-26,创业板,buy,567396.340200865
2018-03-26,国债ETF,sell,867822.3724323281
2018-03-27,创业板,sell,1066.5540045244852
2018-03-27,国债ETF,sell,1066.5540045244852
2018-03-28,创业板,buy,4538.359812984709
2018-03-28,国债ETF,buy,4538.359812984709
2018-03-29,创业板,buy,7085.384330904228
2018-03-29,国债ETF,buy,7085.384330904228
2018-03-30,创业板,buy,2741.967979560839
2018-03-30,国债ETF,buy,2741.967979560839
2018-04-02,创业板,buy,5790.014570515603
2018-04-02,国债ETF,buy,5790.014570515603
2018-04-03,创业板,buy,309.84939912427217
2018-04-03,国债ETF,buy,309.84939912427217
2018-04-04,创业板,sell,3426.682091433555
2018-04-04,国债ETF,sell,3426.682091433555
2018-04-09,创业板,buy,7739.272262295242
2018-04-09,国债ETF,buy,7739.272262295242
2018-04-10,创业板,sell,103939.39528687007
2018-04-10,国债ETF,sell,103939.39528687007
2018-04-10,黄金,buy,487168.55717342166
2018-04-11,创业板,sell,97746.1308272637
2018-04-11,国债ETF,sell,97746.1308272637
2018-04-11,纳指,buy,389422.426346158
2018-04-11,黄金,sell,487168.55717342166
2018-04-12,创业板,sell,51232.31747250148
2018-04-12,国债ETF,sell,51232.31747250148
2018-04-12,纳指,sell,51232.31747250148
2018-04-12,黄金,buy,338190.10887365654
2018-04-13,创业板,buy,5140.6699419343495
2018-04-13,国债ETF,buy,5140.6699419343495
2018-04-13,纳指,buy,5140.6699419343495
2018-04-13,黄金,buy,5140.6699419343495
2018-04-16,创业板,buy,23136.149429916986
2018-04-16,国债ETF,buy,23136.149429916986
2018-04-16,纳指,buy,23136.149429916986
2018-04-16,黄金,buy,23136.149429916986
2018-04-17,创业板,sell,1934.3849311283557
2018-04-17,国债ETF,sell,1934.3849311283557
2018-04-17,纳指,sell,1934.3849311283557
2018-04-17,黄金,sell,1934.3849311283557
2018-04-18,创业板,sell,17879.38852576306
2018-04-18,国债ETF,sell,17879.38852576306
2018-04-18,纳指,sell,17879.38852576306
2018-04-18,黄金,sell,17879.38852576306
2018-04-19,创业板,buy,21689.00211537769
2018-04-19,国债ETF,buy,21689.00211537769
2018-04-19,纳指,buy,21689.00211537769
2018-04-19,黄金,buy,21689.002115377632
2018-04-20,创业板,sell,2723.204269918555
2018-04-20,国债ETF,sell,2723.204269918555
2018-04-20,纳指,sell,2723.204269918555
2018-04-20,黄金,sell,2723.2042699184967
2018-04-23,创业板,buy,239462.14172712393
2018-04-23,国债ETF,buy,239462.14172712393
2018-04-23,纳指,sell,365618.9526340756
2018-04-23,黄金,sell,365618.9526340756
2018-04-24,创业板,sell,5709.048779021949
2018-04-24,国债ETF,sell,5709.048779021949
2018-04-25,创业板,buy,8253.31907021266
2018-04-25,国债ETF,buy,8253.31907021266
2018-04-26,创业板,sell,120977.59089245345
2018-04-26,国债ETF,sell,120977.5908924535
2018-04-26,黄金,buy,486647.7737599367
2018-04-27,创业板,buy,1977.9646866882103
2018-04-27,国债ETF,buy,1977.9646866882686
2018-04-27,黄金,buy,1977.9646866883268
2018-05-02,创业板,buy,123661.7878957148
2018-05-02,国债ETF,buy,123661.7878957148
2018-05-02,黄金,sell,488625.738446625
2018-05-03,创业板,buy,6628.4630816489225
2018-05-03,国债ETF,buy,6628.4630816489225
2018-05-04,创业板,buy,3032.334914348321
2018-05-04,国债ETF,buy,3032.334914348321
2018-05-07,创业板,buy,3791.9565483041806
2018-05-07,国债ETF,buy,3791.9565483041806
2018-05-08,创业板,buy,8414.567306477227
2018-05-08,国债ETF,buy,8414.567306477227
2018-05-09,创业板,sell,634154.8481931185
2018-05-09,国债ETF,buy,844163.5673450154
2018-05-10,国债ETF,buy,52.79378665727563
2018-05-11,国债ETF,buy,950.2881598360837
2018-05-14,国债ETF,buy,79.1906799862627
2018-05-15,创业板,buy,657999.3725545162
2018-05-15,国债ETF,sell,821401.3156100973
2018-05-16,创业板,buy,5358.295553714037
2018-05-16,国债ETF,buy,5358.295553714037
2018-05-17,创业板,sell,663357.6681082302
2018-05-17,国债ETF,buy,805428.7689887232
2018-05-18,国债ETF,sell,734373.5550265063
2018-05-18,纳指,buy,734412.8820704471
2018-05-21,创业板,buy,454964.3445798131
2018-05-21,国债ETF,sell,279448.53749063396
2018-05-21,纳指,sell,279448.53749063396
2018-05-22,创业板,buy,7185.985947779671
2018-05-22,国债ETF,buy,7185.985947779671
2018-05-22,纳指,buy,7185.985947779671
2018-05-23,创业板,sell,4302.643684622075
2018-05-23,国债ETF,sell,4302.643684622017
2018-05-23,纳指,sell,4302.643684622017
2018-05-24,创业板,buy,32004.75030959584
2018-05-24,国债ETF,buy,32004.75030959572
2018-05-24,纳指,buy,32004.75030959572
2018-05-25,创业板,sell,489852.43715256656
2018-05-25,国债ETF,buy,241267.64705942315
2018-05-25,纳指,buy,241267.64705942315
2018-05-28,国债ETF,sell,243055.84902795486
2018-05-28,沪深300,buy,488064.2351840348
2018-05-28,纳指,sell,243055.84902795486
2018-05-29,国债ETF,buy,241232.63901039446
2018-05-29,沪深300,sell,488064.2351840348
2018-05-29,纳指,buy,241232.63901039446
2018-05-30,国债ETF,sell,2609.1887763913255
2018-05-30,纳指,sell,2609.1887763913255
2018-05-31,国债ETF,buy,4892.760710667819
2018-05-31,纳指,buy,4892.760710667819
2018-06-01,国债ETF,sell,1270.4329273572657
2018-06-01,纳指,sell,1270.4329273572657
2018-06-04,国债ETF,buy,6980.651908483822
2018-06-04,纳指,buy,6980.651908483822
2018-06-05,国债ETF,buy,4248.26002526097
2018-06-05,纳指,buy,4248.26002526097
2018-06-06,国债ETF,buy,898.4066878242884
2018-06-06,纳指,buy,898.4066878242884
2018-06-07,国债ETF,buy,2818.5335879620397
2018-06-07,纳指,buy,2818.5335879620397
2018-06-08,国债ETF,sell,5151.27939083206
2018-06-08,纳指,sell,5151.27939083206
2018-06-11,国债ETF,buy,4376.785656091757
2018-06-11,纳指,buy,4376.785656091757
2018-06-12,国债ETF,sell,744481.3716761393
2018-06-12,沪深300,buy,635630.912719418
2018-06-12,纳指,sell,108850.45895672136
2018-06-13,国债ETF,buy,495651.5751080669
2018-06-13,沪深300,sell,139979.33761135105
2018-06-13,纳指,sell,139979.33761135105
2018-06-14,国债ETF,sell,495651.5751080669
2018-06-14,沪深300,buy,148728.49184122065
2018-06-14,纳指,buy,148728.49184122065
2018-06-15,沪深300,sell,644380.0669492875
2018-06-15,纳指,buy,585377.0134888933
2018-06-19,国债ETF,buy,738123.4389249259
2018-06-19,纳指,sell,491633.64151325496
2018-06-20,国债ETF,buy,2368.850681257318
2018-06-20,纳指,buy,2368.850681257318
2018-06-21,国债ETF,buy,6872.0474342153175
2018-06-21,纳指,buy,6872.0474342153175
2018-06-22,国债ETF,sell,2283.164205872221
2018-06-22,纳指,sell,2283.164205872221
2018-06-25,国债ETF,sell,2061.6582018637564
2018-06-25,纳指,sell,2061.6582018637564
2018-06-26,国债ETF,sell,5875.29698004364
2018-06-26,纳指,sell,5875.29698004364
2018-06-27,国债ETF,sell,2915.611434597289
2018-06-27,纳指,sell,2915.611434597289
2018-06-28,国债ETF,sell,734228.6062180216
2018-06-28,纳指,buy,432535.1261039674
2018-06-29,纳指,sell,1166763.732321989
2018-07-25,国债ETF,buy,743553.7758680003
2018-07-25,纳指,buy,743553.7758680003
2018-07-26,国债ETF,buy,1449.2107404362177
2018-07-26,纳指,buy,1449.2107404362177
2018-07-27,国债ETF,sell,281.16095956764184
2018-07-27,纳指,sell,281.16095956764184
2018-07-30,国债ETF,sell,249205.6886530266
2018-07-30,纳指,sell,249205.6886530266
2018-07-30,黄金,buy,495516.13699584233
2018-07-31,国债ETF,sell,3589.134742932045
2018-07-31,纳指,sell,3589.1347429319867
2018-07-31,黄金,sell,3589.1347429319867
2018-08-01,国债ETF,buy,2454.9344187971437
2018-08-01,纳指,buy,2454.934418796969
2018-08-01,黄金,buy,2454.9344187970273
2018-08-02,国债ETF,buy,247206.73758781631
2018-08-02,纳指,buy,247206.73758781643
2018-08-02,黄金,sell,494381.9366717074
2018-08-03,国债ETF,buy,11480.457422977546
2018-08-03,纳指,buy,11480.457422977546
2018-08-06,国债ETF,buy,9451.930325266556
2018-08-06,纳指,buy,9451.930325266556
2018-08-07,国债ETF,sell,1710.8982237775344
2018-08-07,纳指,sell,1710.8982237775344
2018-08-08,国债ETF,sell,48427.00817669404
2018-08-08,纳指,sell,48427.00817669416
2018-08-09,国债ETF,sell,10509.490483673406
2018-08-09,纳指,sell,10509.49048367329
2018-08-10,国债ETF,buy,45992.60056689603
2018-08-10,纳指,buy,45992.60056689603
2018-08-13,国债ETF,sell,250250.14332101896
2018-08-13,纳指,sell,250250.1433210189
2018-08-13,黄金,buy,497616.1223695
2018-08-14,国债ETF,buy,248980.74717590754
2018-08-14,纳指,buy,248980.74717590748
2018-08-14,黄金,sell,497616.1223695
2018-08-15,国债ETF,buy,3213.745965072303
2018-08-15,纳指,buy,3213.745965072303
2018-08-16,国债ETF,sell,6769.301030146889
2018-08-16,纳指,sell,6769.301030146773
2018-08-17,国债ETF,sell,743041.3144803329
2018-08-17,纳指,buy,358226.165625302
2018-08-20,国债ETF,buy,738363.3477755799
2018-08-20,纳指,sell,362904.1323300551
2018-08-21,国债ETF,sell,738363.3477755799
2018-08-21,纳指,sell,738363.3477755799
2018-09-27,沪深300,buy,648086.8691044992
2018-09-27,纳指,buy,648086.8691044992
2018-09-28,沪深300,buy,3061.922519866959
2018-09-28,纳指,buy,3061.922519866959
2018-10-08,国债ETF,buy,623056.1001573707
2018-10-08,沪深300,sell,28092.691466995515
2018-10-08,纳指,sell,651148.7916243662
2018-10-09,国债ETF,sell,623056.1001573707
2018-10-09,沪深300,sell,623056.1001573707
2018-10-11,国债ETF,buy,719364.6802094165
2018-10-11,黄金,buy,719364.6802094165
2018-10-12,国债ETF,buy,5400.9439799221
2018-10-12,黄金,buy,5400.9439799221
2018-10-15,国债ETF,buy,3906.3839679670054
2018-10-15,黄金,buy,3906.3839679670054
2018-10-16,国债ETF,sell,165.4578609133605
2018-10-16,黄金,sell,165.4578609133605
2018-10-17,国债ETF,sell,873.9982790390495
2018-10-17,黄金,sell,873.9982790389331
2018-10-18,国债ETF,buy,1133.8246640410507
2018-10-18,黄金,buy,1133.8246640409343
2018-10-19,国债ETF,buy,1711.4288019494852
2018-10-19,黄金,buy,1711.4288019496016
2018-10-22,国债ETF,sell,276756.15749511047
2018-10-22,沪深300,buy,453721.6479882333
2018-10-22,黄金,sell,276756.1574951106
2018-10-23,国债ETF,buy,269205.11253278813
2018-10-23,沪深300,sell,453721.6479882333
2018-10-23,黄金,buy,269205.11253278813
2018-10-24,国债ETF,buy,198.10787165141664
2018-10-24,黄金,buy,198.10787165141664
2018-10-25,国债ETF,buy,1600.6217487627873
2018-10-25,黄金,buy,1600.6217487627873
2018-10-26,国债ETF,sell,269.0175385234179
2018-10-26,黄金,sell,269.0175385234179
2018-10-29,国债ETF,sell,487.50915514631197
2018-10-29,黄金,sell,487.50915514631197
2018-10-30,国债ETF,sell,918.7602944255341
2018-10-30,黄金,sell,918.7602944255341
2018-10-31,国债ETF,sell,2906.7398479199037
2018-10-31,黄金,sell,2906.7398479199037
2018-11-01,国债ETF,buy,1060.8677073114086
2018-11-01,黄金,buy,1060.8677073114086
2018-11-02,国债ETF,sell,558.2852281236555
2018-11-02,黄金,sell,558.285228123772
2018-11-05,国债ETF,buy,636.8972110184841
2018-11-05,黄金,buy,636.8972110186005
2018-11-06,国债ETF,buy,623.6101676202379
2018-11-06,黄金,buy,623.6101676202379
2018-11-07,国债ETF,buy,683.9643136332743
2018-11-07,黄金,buy,683.9643136332743
2018-11-08,国债ETF,sell,992.8984906033147
2018-11-08,黄金,sell,992.8984906033147
2018-11-09,国债ETF,sell,999.056594806374
2018-11-09,黄金,sell,999.056594806374
2018-11-12,国债ETF,sell,1925.5906318633351
2018-11-12,黄金,sell,1925.5906318633351
2018-11-13,国债ETF,sell,240577.7150258926
2018-11-13,沪深300,buy,478095.2567337146
2018-11-13,黄金,sell,240577.7150258926
2018-11-14,国债ETF,buy,236498.6909235554
2018-11-14,沪深300,sell,478095.2567337146
2018-11-14,黄金,buy,236498.6909235553
2018-11-15,创业板,buy,302428.1002493073
2018-11-15,国债ETF,sell,412165.8474079627
2018-11-15,沪深300,buy,302428.1002493073
2018-11-15,黄金,sell,412165.8474079626
2018-11-16,创业板,buy,4027.0513712379616
2018-11-16,国债ETF,buy,4027.0513712379616
2018-11-16,沪深300,buy,4027.0513712379616
2018-11-16,黄金,buy,4027.0513712379616
2018-11-19,创业板,buy,4474.013238042826
2018-11-19,国债ETF,buy,4474.013238042826
2018-11-19,沪深300,buy,4474.013238042826
2018-11-19,黄金,buy,4474.013238042826
2018-11-20,创业板,sell,310929.1648585881
2018-11-20,国债ETF,buy,401403.2436042474
2018-11-20,沪深300,sell,310929.1648585881
2018-11-20,黄金,buy,401403.2436042474
2018-11-21,国债ETF,buy,67.007354660891
2018-11-21,黄金,buy,67.007354660891
2018-11-22,国债ETF,buy,440.94734347821213
2018-11-22,黄金,buy,440.94734347821213
2018-11-23,国债ETF,sell,1367.5693335816031
2018-11-23,黄金,sell,1367.5693335816031
2018-11-26,国债ETF,sell,539.6447993478505
2018-11-26,黄金,sell,539.6447993478505
2018-11-27,国债ETF,sell,549.4702753382735
2018-11-27,黄金,sell,549.4702753382735
2018-11-28,国债ETF,sell,1553.4865761031397
2018-11-28,黄金,sell,1553.4865761031397
2018-11-29,国债ETF,buy,2755.6580591113307
2018-11-29,黄金,buy,2755.6580591113307
2018-11-30,国债ETF,buy,223.3173853449989
2018-11-30,黄金,buy,223.3173853449989
2018-12-03,创业板,buy,473673.01243961847
2018-12-03,国债ETF,sell,238136.15518144157
2018-12-03,黄金,sell,238136.15518144157
2018-12-04,创业板,buy,1063.2215930737439
2018-12-04,国债ETF,buy,1063.2215930737439
2018-12-04,黄金,buy,1063.221593073802
2018-12-05,创业板,sell,157614.8775396829
2018-12-05,国债ETF,sell,157614.8775396829
2018-12-05,沪深300,buy,317121.3564930093
2018-12-05,黄金,sell,157614.87753968296
2018-12-06,创业板,sell,6021.302495372831
2018-12-06,国债ETF,sell,6021.302495372831
2018-12-06,沪深300,sell,6021.302495372831
2018-12-06,黄金,sell,6021.302495372831
2018-12-07,创业板,buy,3730.200008410553
2018-12-07,国债ETF,buy,3730.200008410553
2018-12-07,沪深300,buy,3730.200008410553
2018-12-07,黄金,buy,3730.200008410553
2018-12-10,创业板,buy,3797.8934610929573
2018-12-10,国债ETF,buy,3797.8934610929573
2018-12-10,沪深300,buy,3797.8934610929573
2018-12-10,黄金,buy,3797.8934610929573
2018-12-11,创业板,buy,4568.866732070805
2018-12-11,国债ETF,buy,4568.866732070805
2018-12-11,沪深300,buy,4568.866732070805
2018-12-11,黄金,buy,4568.866732070805
2018-12-12,创业板,buy,4430.214993802132
2018-12-12,国债ETF,buy,4430.214993802132
2018-12-12,沪深300,buy,4430.214993802132
2018-12-12,黄金,buy,4430.214993802132
2018-12-13,创业板,buy,3942.330583863368
2018-12-13,国债ETF,buy,3942.330583863368
2018-12-13,沪深300,buy,3942.330583863368
2018-12-13,黄金,buy,3942.330583863368
2018-12-14,创业板,sell,331569.5597768763
2018-12-14,国债ETF,buy,370792.89401026577
2018-12-14,沪深300,sell,331569.5597768763
2018-12-14,黄金,buy,370792.89401026577
2018-12-17,创业板,buy,468519.2179769255
2018-12-17,国债ETF,sell,233843.23581021652
2018-12-17,黄金,sell,233843.23581021652
2018-12-18,创业板,sell,33.05424611119088
2018-12-18,国债ETF,sell,33.05424611130729
2018-12-18,黄金,sell,33.054246111249086
2018-12-19,创业板,sell,468486.1637308143
2018-12-19,国债ETF,buy,230926.77977036464
2018-12-19,黄金,buy,230926.77977036458
2018-12-20,创业板,buy,465891.40592447884
2018-12-20,国债ETF,sell,233521.53757670004
2018-12-20,黄金,sell,233521.53757670004
2018-12-21,创业板,buy,570.6394464967889
2018-12-21,国债ETF,buy,570.6394464967889
2018-12-21,黄金,buy,570.6394464967889
2018-12-24,创业板,buy,2202.6579426651588
2018-12-24,国债ETF,buy,2202.6579426651588
2018-12-24,黄金,buy,2202.6579426651588
2018-12-25,创业板,buy,15.54592228285037
2018-12-25,国债ETF,buy,15.54592228285037
2018-12-25,黄金,buy,15.545922282908577
2018-12-26,创业板,sell,468680.24923592363
2018-12-26,国债ETF,buy,233075.42555191158
2018-12-26,黄金,buy,233075.42555191152
2018-12-27,国债ETF,sell,1126.6899464047747
2018-12-27,黄金,sell,1126.6899464047747
2018-12-28,国债ETF,buy,3886.6452213971643
2018-12-28,黄金,buy,3886.6452213971643
2019-01-02,国债ETF,buy,386.2070981885772
2019-01-02,黄金,buy,386.2070981885772
2019-01-03,国债ETF,buy,4011.9075405218173
2019-01-03,黄金,buy,4011.9075405218173
2019-01-04,国债ETF,sell,1223.0718460252974
2019-01-04,黄金,sell,1223.0718460252974
2019-01-07,国债ETF,sell,1151.2463858651463
2019-01-07,黄金,sell,1151.2463858651463
2019-01-08,国债ETF,sell,1664.9708046365995
2019-01-08,黄金,sell,1664.9708046365995
2019-01-09,国债ETF,sell,704874.455665011
2019-01-09,黄金,sell,704874.455665011
2019-02-27,创业板,buy,243356.65220605806
2019-02-27,国债ETF,buy,243356.6522060581
2019-02-27,沪深300,buy,243356.65220605806
2019-02-27,纳指,buy,243356.65220605806
2019-02-27,黄金,buy,243356.65220605806
2019-02-28,创业板,buy,2493.0637422996515
2019-02-28,国债ETF,buy,2493.0637422996224
2019-02-28,沪深300,buy,2493.0637422996515
2019-02-28,纳指,buy,2493.0637422996515
2019-02-28,黄金,buy,2493.0637422996515
2019-03-01,创业板,buy,3279.8048460952123
2019-03-01,国债ETF,buy,3279.804846095183
2019-03-01,沪深300,buy,3279.8048460952123
2019-03-01,纳指,buy,3279.8048460952123
2019-03-01,黄金,buy,3279.8048460952123
2019-03-04,创业板,buy,95472.55042969453
2019-03-04,国债ETF,sell,249129.5207944529
2019-03-04,沪深300,buy,95472.55042969453
2019-03-04,纳指,buy,95472.55042969453
2019-03-04,黄金,sell,249129.52079445292
2019-03-05,创业板,sell,53425.61939806363
2019-03-05,国债ETF,buy,291176.4518260838
2019-03-05,沪深300,sell,53425.61939806363
2019-03-05,纳指,sell,53425.61939806363
2019-03-06,创业板,buy,64268.716235731845
2019-03-06,国债ETF,sell,291176.4518260838
2019-03-06,沪深300,buy,64268.716235731845
2019-03-06,纳指,buy,64268.716235731845
2019-03-07,创业板,sell,3472.476984447334
2019-03-07,沪深300,sell,3472.476984447334
2019-03-07,纳指,sell,3472.476984447334
2019-03-08,创业板,sell,15736.060602758662
2019-03-08,沪深300,sell,15736.060602758662
2019-03-08,纳指,sell,15736.060602758662
2019-03-11,创业板,buy,4146.834479263227
2019-03-11,沪深300,buy,4146.834479263227
2019-03-11,纳指,buy,4146.834479263227
2019-03-12,创业板,buy,5404.393139962864
2019-03-12,沪深300,buy,5404.393139962864
2019-03-12,纳指,buy,5404.393139962864
2019-03-13,创业板,sell,8078.608728399617
2019-03-13,沪深300,sell,8078.608728399617
2019-03-13,纳指,sell,8078.608728399617
2019-03-14,创业板,sell,55851.67288738664
2019-03-14,沪深300,sell,55851.67288738664
2019-03-14,纳指,sell,55851.67288738664
2019-03-14,黄金,buy,281857.5764780495
2019-03-15,创业板,buy,4175.282835867431
2019-03-15,沪深300,buy,4175.282835867431
2019-03-15,纳指,buy,4175.282835867431
2019-03-15,黄金,buy,4175.282835867431
2019-03-18,创业板,buy,2282.7913887485047
2019-03-18,沪深300,buy,2282.7913887485047
2019-03-18,纳指,buy,2282.7913887485047
2019-03-18,黄金,buy,2282.7913887485047
2019-03-19,创业板,buy,3049.948919030023
2019-03-19,沪深300,buy,3049.948919030023
2019-03-19,纳指,buy,3049.948919030023
2019-03-19,黄金,buy,3049.948919030023
2019-03-20,创业板,buy,1101.7083583119675
2019-03-20,沪深300,buy,1101.7083583119675
2019-03-20,纳指,buy,1101.7083583119675
2019-03-20,黄金,buy,1101.7083583119675
2019-03-21,创业板,buy,4454.203313588805
2019-03-21,沪深300,buy,4454.203313588805
2019-03-21,纳指,buy,4454.203313588805
2019-03-21,黄金,buy,4454.203313588805
2019-03-22,创业板,sell,31096.14398976107
2019-03-22,国债ETF,buy,265825.36730383517
2019-03-22,沪深300,sell,31096.14398976107
2019-03-22,纳指,sell,31096.14398976107
2019-03-22,黄金,sell,31096.14398976107
2019-03-25,创业板,sell,11058.000053634605
2019-03-25,国债ETF,sell,11058.000053634576
2019-03-25,沪深300,sell,11058.000053634605
2019-03-25,纳指,sell,11058.000053634576
2019-03-25,黄金,sell,11058.000053634576
2019-03-26,创业板,sell,205.3627525900083
2019-03-26,国债ETF,sell,205.36275259003742
2019-03-26,沪深300,sell,205.3627525900083
2019-03-26,纳指,sell,205.36275259003742
2019-03-26,黄金,sell,205.36275259003742
2019-03-27,创业板,buy,3957.9094557635835
2019-03-27,国债ETF,buy,3957.9094557635835
2019-03-27,沪深300,buy,3957.9094557635835
2019-03-27,纳指,buy,3957.9094557635544
2019-03-27,黄金,buy,3957.9094557635544
2019-03-28,创业板,buy,680.8218437330797
2019-03-28,国债ETF,buy,680.8218437331088
2019-03-28,沪深300,buy,680.8218437331088
2019-03-28,纳指,buy,680.8218437331088
2019-03-28,黄金,buy,680.8218437331379
2019-03-29,创业板,buy,25969.1101390642
2019-03-29,国债ETF,buy,25969.11013906417
2019-03-29,沪深300,buy,25969.11013906417
2019-03-29,纳指,buy,25969.1101390642
2019-03-29,黄金,sell,259200.73579710725
2019-04-01,创业板,buy,468.939053740236
2019-04-01,国债ETF,buy,468.939053740236
2019-04-01,沪深300,buy,468.939053740236
2019-04-01,纳指,buy,468.939053740236
2019-04-02,创业板,buy,2309.9943841097993
2019-04-02,国债ETF,buy,2309.9943841097993
2019-04-02,沪深300,buy,2309.9943841097993
2019-04-02,纳指,buy,2309.9943841097993
2019-04-03,创业板,buy,65081.87503344816
2019-04-03,国债ETF,sell,287948.77937402145
2019-04-03,沪深300,buy,65081.87503344816
2019-04-03,纳指,buy,65081.87503344816
2019-04-04,创业板,buy,4467.196697137784
2019-04-04,沪深300,buy,4467.196697137784
2019-04-04,纳指,buy,4467.196697137784
2019-04-08,创业板,sell,1232.342938759888
2019-04-08,沪深300,sell,1232.342938759888
2019-04-08,纳指,sell,1232.342938759888
2019-04-09,创业板,buy,4147.188479043543
2019-04-09,沪深300,buy,4147.188479043543
2019-04-09,纳指,buy,4147.188479043543
2019-04-10,创业板,buy,2184.300421745109
2019-04-10,沪深300,buy,2184.300421745109
2019-04-10,纳指,buy,2184.300421745109
2019-04-11,创业板,sell,3297.625078831741
2019-04-11,沪深300,sell,3297.625078831741
2019-04-11,纳指,sell,3297.625078831741
2019-04-12,创业板,buy,3190.1641997566912
2019-04-12,沪深300,buy,3190.1641997566912
2019-04-12,纳指,buy,3190.164199756633
2019-04-15,创业板,buy,89.15779126965208
2019-04-15,沪深300,buy,89.15779126965208
2019-04-15,纳指,buy,89.15779126971029
2019-04-16,创业板,buy,2929.607637410052
2019-04-16,沪深300,buy,2929.607637410052
2019-04-16,纳指,buy,2929.607637410052
2019-04-17,创业板,buy,4297.545829941286
2019-04-17,沪深300,buy,4297.545829941286
2019-04-17,纳指,buy,4297.545829941286
2019-04-18,创业板,buy,1485.4006020575762
2019-04-18,沪深300,buy,1485.4006020575762
2019-04-18,纳指,buy,1485.4006020575762
2019-04-19,创业板,buy,5386.80843734619
2019-04-19,沪深300,buy,5386.80843734619
2019-04-19,纳指,buy,5386.80843734619
2019-04-22,创业板,sell,5152.15532682644
2019-04-22,沪深300,sell,5152.15532682644
2019-04-22,纳指,sell,5152.15532682644
2019-04-23,创业板,buy,3483.01639507449
2019-04-23,沪深300,buy,3483.01639507449
2019-04-23,纳指,buy,3483.01639507449
2019-04-24,创业板,buy,4360.835888965346
2019-04-24,沪深300,buy,4360.835888965346
2019-04-24,纳指,buy,4360.835888965346
2019-04-25,创业板,sell,7452.712787194643
2019-04-25,沪深300,sell,7452.712787194643
2019-04-25,纳指,sell,7452.712787194643
2019-04-26,创业板,buy,1939.479395771108
2019-04-26,沪深300,buy,1939.479395771108
2019-04-26,纳指,buy,1939.479395771108
2019-04-29,创业板,sell,373856.52005137573
2019-04-29,沪深300,buy,236675.89165744605
2019-04-29,纳指,buy,236675.89165744605
2019-04-30,沪深300,sell,122785.7407387963
2019-04-30,纳指,sell,122785.7407387963
2019-04-30,黄金,buy,487746.6709700255
2019-05-06,沪深300,sell,487746.6709700255
2019-05-06,纳指,buy,224369.13677639794
2019-05-06,黄金,buy,224369.13677639794
2019-05-07,纳指,buy,3152.135189243825
2019-05-07,黄金,buy,3152.135189243825
2019-05-08,纳指,sell,4693.604386962019
2019-05-08,黄金,sell,4693.604386962019
2019-05-09,纳指,buy,392988.89209506195
2019-05-09,黄金,sell,710574.3385487052
2019-05-10,纳指,buy,13371.335729749408
2019-05-13,国债ETF,buy,471350.9951251346
2019-05-13,纳指,sell,645583.571248382
2019-05-13,黄金,buy,471350.9951251346
2019-05-14,国债ETF,sell,1578.701108864334
2019-05-14,纳指,sell,1578.701108864334
2019-05-14,黄金,sell,1578.701108864334
2019-05-15,国债ETF,buy,1255.2044023494236
2019-05-15,纳指,buy,1255.2044023494236
2019-05-15,黄金,buy,1255.2044023494236
2019-05-16,国债ETF,buy,2006.922878499201
2019-05-16,纳指,buy,2006.922878499201
2019-05-16,黄金,buy,2006.922878499201
2019-05-17,国债ETF,buy,1823.977248018491
2019-05-17,纳指,buy,1823.977248018491
2019-05-17,黄金,buy,1823.977248018491
2019-05-20,国债ETF,sell,1822.8523677833728
2019-05-20,纳指,sell,1822.8523677833728
2019-05-20,黄金,sell,1822.8523677833728
2019-05-21,国债ETF,buy,233968.76020558475
2019-05-21,纳指,buy,233968.76020558475
2019-05-21,黄金,sell,473035.546177354
2019-05-22,国债ETF,sell,707004.3063829388
2019-05-22,纳指,sell,876.3249487222638
2019-05-22,黄金,buy,706127.9814342165
2019-05-23,纳指,buy,414542.755402897
2019-05-23,黄金,sell,706127.9814342165
2019-05-24,纳指,sell,418458.8966724853
2019-05-24,黄金,buy,702211.8401646282
2019-05-27,纳指,sell,1621.712188234087
2019-05-27,黄金,sell,1621.712188234087
2019-05-28,纳指,buy,312.54926291957963
2019-05-28,黄金,buy,312.54926291957963
2019-05-29,纳指,sell,2612.9086240704637
2019-05-29,黄金,sell,2612.9086240704637
2019-05-30,国债ETF,buy,696312.4854202217
2019-05-30,纳指,sell,698289.7686152433
2019-05-30,黄金,sell,1977.2831950215623
2019-05-31,国债ETF,buy,4196.27111909783
2019-05-31,黄金,buy,4196.27111909783
2019-06-03,国债ETF,buy,4501.012379687629
2019-06-03,黄金,buy,4501.012379687629
2019-06-04,国债ETF,buy,3644.147370533785
2019-06-04,黄金,buy,3644.147370533785
2019-06-05,国债ETF,buy,2453.319394098711
2019-06-05,黄金,buy,2453.319394098711
2019-06-06,国债ETF,sell,314.3956688159378
2019-06-06,黄金,sell,314.3956688159378
2019-06-10,国债ETF,sell,237780.47050867963
2019-06-10,纳指,buy,473012.3695061441
2019-06-10,黄金,sell,237780.47050867963
2019-06-11,国债ETF,buy,357.72851907036966
2019-06-11,纳指,buy,357.72851907036966
2019-06-11,黄金,buy,357.72851907036966
2019-06-12,国债ETF,buy,734.6459938616026
2019-06-12,纳指,buy,734.6459938616026
2019-06-12,黄金,buy,734.6459938616608
2019-06-13,国债ETF,sell,147.83095926977694
2019-06-13,纳指,sell,147.83095926977694
2019-06-13,黄金,sell,147.83095926983515
2019-06-14,国债ETF,buy,3301.842731473036
2019-06-14,纳指,buy,3301.842731473036
2019-06-14,黄金,buy,3301.842731473036
2019-06-17,国债ETF,sell,1675.8905668114312
2019-06-17,纳指,sell,1675.8905668114312
2019-06-17,黄金,sell,1675.8905668114312
2019-06-18,国债ETF,buy,1978.1401035715826
2019-06-18,纳指,buy,1978.1401035715826
2019-06-18,黄金,buy,1978.1401035715244
2019-06-19,国债ETF,buy,1136.711685334798
2019-06-19,纳指,buy,1136.711685334798
2019-06-19,黄金,buy,1136.7116853348562
2019-06-20,国债ETF,buy,5087.638822100998
2019-06-20,纳指,buy,5087.638822100998
2019-06-20,黄金,buy,5087.638822100998
2019-06-21,国债ETF,buy,949.2896486316458
2019-06-21,纳指,buy,949.2896486316458
2019-06-21,黄金,buy,949.2896486316458
2019-06-24,国债ETF,buy,1620.2747942515998
2019-06-24,纳指,buy,1620.2747942515998
2019-06-24,黄金,buy,1620.2747942515998
2019-06-25,国债ETF,buy,246312.43511748477
2019-06-25,纳指,sell,486354.9202783585
2019-06-25,黄金,buy,246312.43511748477
2019-06-26,国债ETF,sell,6754.867484887131
2019-06-26,黄金,sell,6754.867484887131
2019-06-27,国债ETF,sell,1020.9819027844351
2019-06-27,黄金,sell,1020.9819027844351
2019-06-28,国债ETF,buy,1101.7648986192653
2019-06-28,黄金,buy,1101.7648986192653
2019-07-01,创业板,buy,286920.6318703165
2019-07-01,国债ETF,sell,439072.63903647446
2019-07-01,沪深300,buy,286920.6318703165
2019-07-01,纳指,buy,286920.6318703165
2019-07-01,黄金,sell,439072.63903647446
2019-07-02,创业板,buy,510.18702564935666
2019-07-02,国债ETF,buy,510.18702564935666
2019-07-02,沪深300,buy,510.18702564935666
2019-07-02,纳指,buy,510.18702564935666
2019-07-02,黄金,buy,510.18702564935666
2019-07-03,创业板,buy,756.7716843232629
2019-07-03,国债ETF,buy,756.7716843232629
2019-07-03,沪深300,buy,756.7716843232629
2019-07-03,纳指,buy,756.7716843232629
2019-07-03,黄金,buy,756.7716843232629
2019-07-04,创业板,sell,1211.5013272003853
2019-07-04,国债ETF,sell,1211.5013272003853
2019-07-04,沪深300,sell,1211.5013272003853
2019-07-04,纳指,sell,1211.5013272003853
2019-07-04,黄金,sell,1211.5013272003853
2019-07-05,创业板,buy,1262.294477262767
2019-07-05,国债ETF,buy,1262.294477262767
2019-07-05,沪深300,buy,1262.294477262767
2019-07-05,纳指,buy,1262.294477262767
2019-07-05,黄金,buy,1262.294477262767
2019-07-08,创业板,sell,19257.34413637279
2019-07-08,国债ETF,sell,19257.34413637279
2019-07-08,沪深300,sell,19257.34413637279
2019-07-08,纳指,sell,19257.34413637279
2019-07-08,黄金,sell,19257.34413637279
2019-07-09,创业板,buy,14913.649228476977
2019-07-09,国债ETF,buy,14913.649228476977
2019-07-09,沪深300,buy,14913.649228476977
2019-07-09,纳指,buy,14913.649228476977
2019-07-09,黄金,buy,14913.649228476977
2019-07-10,创业板,sell,283894.6888224557
2019-07-10,国债ETF,buy,71411.5717673495
2019-07-10,沪深300,buy,71411.5717673495
2019-07-10,纳指,buy,71411.5717673495
2019-07-10,黄金,buy,71411.5717673495
2019-07-11,国债ETF,buy,2670.0192098660627
2019-07-11,沪深300,buy,2670.0192098660627
2019-07-11,纳指,buy,2670.0192098660627
2019-07-11,黄金,buy,2670.0192098660627
2019-07-12,创业板,buy,286353.9186661564
2019-07-12,国债ETF,sell,71622.36113351485
2019-07-12,沪深300,sell,71622.36113351485
2019-07-12,纳指,sell,71622.36113351485
2019-07-12,黄金,sell,71622.36113351485
2019-07-15,创业板,buy,1854.2150728735724
2019-07-15,国债ETF,buy,1854.2150728735724
2019-07-15,沪深300,buy,1854.2150728735724
2019-07-15,纳指,buy,1854.2150728735724
2019-07-15,黄金,buy,1854.2150728735724
2019-07-16,创业板,sell,109.60646506212652
2019-07-16,国债ETF,sell,109.60646506212652
2019-07-16,沪深300,sell,109.60646506212652
2019-07-16,纳指,sell,109.60646506212652
2019-07-16,黄金,sell,109.60646506212652
2019-07-17,创业板,sell,591.4480061463546
2019-07-17,国债ETF,sell,591.4480061463546
2019-07-17,沪深300,sell,591.4480061463546
2019-07-17,纳指,sell,591.4480061463546
2019-07-17,黄金,sell,591.4480061463546
2019-07-18,创业板,sell,1254.8491370712873
2019-07-18,国债ETF,sell,1254.8491370712873
2019-07-18,沪深300,sell,1254.8491370712873
2019-07-18,纳指,sell,1254.8491370712873
2019-07-18,黄金,sell,1254.8491370712873
2019-07-19,创业板,buy,2680.5874595844653
2019-07-19,国债ETF,buy,2680.5874595844653
2019-07-19,沪深300,buy,2680.5874595844653
2019-07-19,纳指,buy,2680.5874595844653
2019-07-19,黄金,buy,2680.5874595844653
2019-07-22,创业板,sell,2487.0308770501288
2019-07-22,国债ETF,sell,2487.0308770501288
2019-07-22,沪深300,sell,2487.0308770501288
2019-07-22,纳指,sell,2487.0308770501288
2019-07-22,黄金,sell,2487.0308770501288
2019-07-23,创业板,buy,1153.7409742847085
2019-07-23,国债ETF,buy,1153.7409742847085
2019-07-23,沪深300,buy,1153.7409742847085
2019-07-23,纳指,buy,1153.7409742847085
2019-07-23,黄金,buy,1153.7409742847085
2019-07-24,创业板,buy,1600.993786661944
2019-07-24,国债ETF,buy,1600.993786661944
2019-07-24,沪深300,buy,1600.993786661944
2019-07-24,纳指,buy,1600.993786661944
2019-07-24,黄金,buy,1600.993786661944
2019-07-25,创业板,buy,1358.3521141970996
2019-07-25,国债ETF,buy,1358.3521141970996
2019-07-25,沪深300,buy,1358.3521141970996
2019-07-25,纳指,buy,1358.3521141970996
2019-07-25,黄金,buy,1358.3521141970996
2019-07-26,创业板,sell,479.7747743786895
2019-07-26,国债ETF,sell,479.7747743786895
2019-07-26,沪深300,sell,479.7747743786895
2019-07-26,纳指,sell,479.7747743786895
2019-07-26,黄金,sell,479.7747743786895
2019-07-29,创业板,buy,356.1784925785032
2019-07-29,国债ETF,buy,356.1784925785032
2019-07-29,沪深300,buy,356.1784925785032
2019-07-29,纳指,buy,356.1784925785032
2019-07-29,黄金,buy,356.1784925785032
2019-07-30,创业板,buy,904.3647009070846
2019-07-30,国债ETF,buy,904.3647009070846
2019-07-30,沪深300,buy,904.3647009070846
2019-07-30,纳指,buy,904.3647009070846
2019-07-30,黄金,buy,904.3647009070846
2019-07-31,创业板,sell,695.0750347173307
2019-07-31,国债ETF,sell,695.0750347173307
2019-07-31,沪深300,sell,695.0750347173307
2019-07-31,纳指,sell,695.0750347173307
2019-07-31,黄金,sell,695.0750347173307
2019-08-01,创业板,sell,2141.1577946687466
2019-08-01,国债ETF,sell,2141.1577946687466
2019-08-01,沪深300,sell,2141.1577946687466
2019-08-01,纳指,sell,2141.1577946687466
2019-08-01,黄金,sell,2141.1577946687466
2019-08-02,创业板,buy,74.82788584008813
2019-08-02,国债ETF,buy,74.82788584008813
2019-08-02,沪深300,buy,74.82788584008813
2019-08-02,纳指,buy,74.82788584008813
2019-08-02,黄金,buy,74.82788584008813
2019-08-05,创业板,sell,598.169071180746
2019-08-05,国债ETF,sell,598.169071180746
2019-08-05,沪深300,sell,598.169071180746
2019-08-05,纳指,sell,598.169071180746
2019-08-05,黄金,sell,598.169071180746
2019-08-06,创业板,buy,69025.60260631185
2019-08-06,国债ETF,buy,69025.60260631185
2019-08-06,沪深300,sell,287980.0679928085
2019-08-06,纳指,buy,69025.60260631185
2019-08-06,黄金,buy,69025.60260631185
2019-08-07,创业板,buy,1948.468436141964
2019-08-07,国债ETF,buy,1948.468436141964
2019-08-07,纳指,buy,1948.468436141964
2019-08-07,黄金,buy,1948.468436141964
2019-08-08,创业板,sell,69467.41282502795
2019-08-08,国债ETF,sell,69467.41282502795
2019-08-08,沪深300,buy,289486.72621023434
2019-08-08,纳指,sell,69467.41282502795
2019-08-08,黄金,sell,69467.41282502795
2019-08-09,创业板,buy,58.11654183000792
2019-08-09,国债ETF,buy,58.11654183000792
2019-08-09,沪深300,buy,58.11654183000792
2019-08-09,纳指,buy,58.11654183000792
2019-08-09,黄金,buy,58.11654183000792
2019-08-12,创业板,buy,2129.21902900876
2019-08-12,国债ETF,buy,2129.21902900876
2019-08-12,沪深300,buy,2129.21902900876
2019-08-12,纳指,buy,2129.21902900876
2019-08-12,黄金,buy,2129.21902900876
2019-08-13,创业板,buy,72055.08174549259
2019-08-13,国债ETF,buy,72055.08174549259
2019-08-13,沪深300,sell,291674.0617810731
2019-08-13,纳指,buy,72055.08174549259
2019-08-13,黄金,buy,72055.08174549259
2019-08-14,创业板,sell,289.88390547171
2019-08-14,国债ETF,sell,289.88390547171
2019-08-14,纳指,sell,289.8839054716518
2019-08-14,黄金,sell,289.88390547171
2019-08-15,创业板,buy,302.0030751155573
2019-08-15,国债ETF,buy,302.0030751155573
2019-08-15,纳指,buy,302.0030751154991
2019-08-15,黄金,buy,302.0030751155573
2019-08-16,创业板,buy,842.055593197525
2019-08-16,国债ETF,buy,842.055593197525
2019-08-16,纳指,buy,842.055593197525
2019-08-16,黄金,buy,842.055593197525
2019-08-19,创业板,sell,69484.88411951007
2019-08-19,国债ETF,sell,69484.88411951007
2019-08-19,沪深300,buy,295098.434169897
2019-08-19,纳指,sell,69484.88411951007
2019-08-19,黄金,sell,69484.88411951007
2019-08-20,创业板,sell,742.8996693722438
2019-08-20,国债ETF,sell,742.8996693722438
2019-08-20,沪深300,sell,742.8996693722438
2019-08-20,纳指,sell,742.8996693722438
2019-08-20,黄金,sell,742.8996693722438
2019-08-21,创业板,buy,73108.4209082133
2019-08-21,国债ETF,buy,73108.4209082133
2019-08-21,沪深300,sell,294355.53450052475
2019-08-21,纳指,buy,73108.4209082133
2019-08-21,黄金,buy,73108.4209082133
2019-08-22,创业板,buy,1163.9664894610178
2019-08-22,国债ETF,buy,1163.9664894610178
2019-08-22,纳指,buy,1163.9664894610178
2019-08-22,黄金,buy,1163.9664894610178
2019-08-23,创业板,buy,208.49284224689472
2019-08-23,国债ETF,buy,208.49284224689472
2019-08-23,纳指,buy,208.49284224689472
2019-08-23,黄金,buy,208.49284224689472
2019-08-26,创业板,buy,556.1362560106209
2019-08-26,国债ETF,buy,556.1362560106209
2019-08-26,纳指,buy,556.1362560106209
2019-08-26,黄金,buy,556.1362560106209
2019-08-27,创业板,buy,2639.526136660541
2019-08-27,国债ETF,buy,2639.526136660541
2019-08-27,纳指,buy,2639.526136660541
2019-08-27,黄金,buy,2639.526136660541
2019-08-28,创业板,sell,149.56113457476022
2019-08-28,国债ETF,sell,149.56113457476022
2019-08-28,纳指,sell,149.56113457476022
2019-08-28,黄金,sell,149.56113457476022
2019-08-29,创业板,buy,124614.80445253797
2019-08-29,国债ETF,buy,124614.80445253797
2019-08-29,纳指,sell,371882.51599854237
2019-08-29,黄金,buy,124614.80445253797
2019-08-30,创业板,sell,200826.55075766583
2019-08-30,国债ETF,sell,200826.55075766583
2019-08-30,沪深300,buy,295670.7696934145
2019-08-30,纳指,buy,295670.7696934145
2019-08-30,黄金,sell,200826.55075766583
2019-09-02,创业板,buy,1951.9483006935916
2019-09-02,国债ETF,buy,1951.9483006935916
2019-09-02,沪深300,buy,1951.9483006935916
2019-09-02,纳指,buy,1951.9483006935916
2019-09-02,黄金,buy,1951.9483006935916
2019-09-03,创业板,buy,251.18829699233174
2019-09-03,国债ETF,buy,251.18829699233174
2019-09-03,沪深300,buy,251.18829699233174
2019-09-03,纳指,buy,251.18829699233174
2019-09-03,黄金,buy,251.18829699233174
2019-09-04,创业板,buy,1796.8409186396748
2019-09-04,国债ETF,buy,1796.8409186396748
2019-09-04,沪深300,buy,1796.8409186396748
2019-09-04,纳指,buy,1796.840918639733
2019-09-04,黄金,buy,1796.8409186396748
2019-09-05,创业板,buy,2016.7611626512953
2019-09-05,国债ETF,buy,2016.7611626512953
2019-09-05,沪深300,buy,2016.7611626512953
2019-09-05,纳指,buy,2016.761162651237
2019-09-05,黄金,buy,2016.7611626512953
2019-09-06,创业板,sell,535.1585527026327
2019-09-06,国债ETF,sell,535.1585527026327
2019-09-06,沪深300,sell,535.1585527026327
2019-09-06,纳指,sell,535.1585527026327
2019-09-06,黄金,sell,535.1585527026327
2019-09-09,创业板,buy,2039.6414176267572
2019-09-09,国债ETF,buy,2039.6414176267572
2019-09-09,沪深300,buy,2039.6414176267572
2019-09-09,纳指,buy,2039.6414176267572
2019-09-09,黄金,buy,2039.6414176267572
2019-09-10,创业板,sell,2014.8022253612871
2019-09-10,国债ETF,sell,2014.8022253612871
2019-09-10,沪深300,sell,2014.8022253612871
2019-09-10,纳指,sell,2014.8022253612871
2019-09-10,黄金,sell,2014.8022253612871
2019-09-11,创业板,sell,1053.3468108801171
2019-09-11,国债ETF,sell,1053.3468108801171
2019-09-11,沪深300,sell,1053.3468108801171
2019-09-11,纳指,sell,1053.346810880059
2019-09-11,黄金,sell,1053.3468108801171
2019-09-12,创业板,buy,1431.5748331712093
2019-09-12,国债ETF,buy,1431.5748331712093
2019-09-12,沪深300,buy,1431.5748331712093
2019-09-12,纳指,buy,1431.574833171151
2019-09-12,黄金,buy,1431.5748331712093
2019-09-16,创业板,sell,681.852824508911
2019-09-16,国债ETF,sell,681.852824508911
2019-09-16,沪深300,sell,681.852824508911
2019-09-16,纳指,sell,681.852824508911
2019-09-16,黄金,sell,681.852824508911
2019-09-17,创业板,sell,2400.9522474911064
2019-09-17,国债ETF,sell,2400.9522474911064
2019-09-17,沪深300,sell,2400.9522474911064
2019-09-17,纳指,sell,2400.9522474911064
2019-09-17,黄金,sell,2400.9522474911064
2019-09-18,创业板,buy,757.704851567978
2019-09-18,国债ETF,buy,757.704851567978
2019-09-18,沪深300,buy,757.704851567978
2019-09-18,纳指,buy,757.7048515679198
2019-09-18,黄金,buy,757.704851567978
2019-09-19,创业板,buy,1077.1683539227815
2019-09-19,国债ETF,buy,1077.1683539227815
2019-09-19,沪深300,buy,1077.1683539227815
2019-09-19,纳指,buy,1077.1683539228397
2019-09-19,黄金,buy,1077.1683539227815
2019-09-20,创业板,buy,334.1770927454927
2019-09-20,国债ETF,buy,334.1770927454927
2019-09-20,沪深300,buy,334.1770927454927
2019-09-20,纳指,buy,334.1770927454927
2019-09-20,黄金,buy,334.1770927454927
2019-09-23,创业板,sell,915.6408035998465
2019-09-23,国债ETF,sell,915.6408035998465
2019-09-23,沪深300,sell,915.6408035998465
2019-09-23,纳指,sell,915.6408035998465
2019-09-23,黄金,sell,915.6408035998465
2019-09-24,创业板,buy,622.2601384614827
2019-09-24,国债ETF,buy,622.2601384614827
2019-09-24,沪深300,buy,622.2601384614827
2019-09-24,纳指,buy,622.2601384614827
2019-09-24,黄金,buy,622.2601384614827
2019-09-25,创业板,buy,73085.83014604339
2019-09-25,国债ETF,buy,73085.83014604339
2019-09-25,沪深300,buy,73085.83014604339
2019-09-25,纳指,sell,300348.2815953432
2019-09-25,黄金,buy,73085.83014604339
2019-09-26,创业板,sell,78522.36261229293
2019-09-26,国债ETF,sell,78522.36261229293
2019-09-26,沪深300,sell,78522.36261229293
2019-09-26,纳指,buy,294911.74912909366
2019-09-26,黄金,sell,78522.36261229293
2019-09-27,创业板,buy,474.09106819011504
2019-09-27,国债ETF,buy,474.09106819011504
2019-09-27,沪深300,buy,474.09106819011504
2019-09-27,纳指,buy,474.09106819005683
2019-09-27,黄金,buy,474.09106819011504
2019-09-30,创业板,sell,1796.2749756236444
2019-09-30,国债ETF,sell,1796.2749756236444
2019-09-30,沪深300,sell,1796.2749756236444
2019-09-30,纳指,sell,1796.2749756235862
2019-09-30,黄金,sell,1796.2749756236444
2019-10-08,创业板,buy,73394.41013960633
2019-10-08,国债ETF,sell,293589.56522166013
2019-10-08,沪深300,buy,73394.41013960633
2019-10-08,纳指,buy,73394.41013960633
2019-10-08,黄金,buy,73394.41013960633
2019-10-09,创业板,sell,72928.05635547533
2019-10-09,国债ETF,buy,294055.91900579113
2019-10-09,沪深300,sell,72928.05635547533
2019-10-09,纳指,sell,72928.05635547527
2019-10-09,黄金,sell,72928.05635547533
2019-10-10,创业板,buy,1959.3051149486564
2019-10-10,国债ETF,buy,1959.3051149486564
2019-10-10,沪深300,buy,1959.3051149486564
2019-10-10,纳指,buy,1959.30511494854
2019-10-10,黄金,buy,1959.3051149486564
2019-10-11,创业板,buy,75352.27803838573
2019-10-11,国债ETF,sell,296015.2241207398
2019-10-11,沪深300,buy,75352.27803838573
2019-10-11,纳指,buy,75352.27803838579
2019-10-11,黄金,buy,75352.27803838573
2019-10-14,创业板,buy,67431.29668965185
2019-10-14,沪深300,buy,67431.2966896519
2019-10-14,纳指,buy,67431.2966896519
2019-10-14,黄金,sell,371367.5021591255
2019-10-15,创业板,buy,2325.441941127123
2019-10-15,沪深300,buy,2325.441941127123
2019-10-15,纳指,buy,2325.441941127123
2019-10-16,创业板,buy,6371.648226601363
2019-10-16,沪深300,buy,6371.6482266013045
2019-10-16,纳指,buy,6371.6482266013045
2019-10-17,创业板,buy,6701.602147511148
2019-10-17,沪深300,buy,6701.602147511148
2019-10-17,纳指,buy,6701.602147511148
2019-10-18,创业板,sell,2028.3543828147813
2019-10-18,沪深300,sell,2028.3543828148395
2019-10-18,纳指,sell,2028.3543828147813
2019-10-21,创业板,buy,5016.687497001083
2019-10-21,沪深300,buy,5016.687497001141
2019-10-21,纳指,buy,5016.687497001083
2019-10-22,创业板,buy,2156.9845113929478
2019-10-22,沪深300,buy,2156.9845113928895
2019-10-22,纳指,buy,2156.9845113928895
2019-10-23,创业板,sell,8468.86335709627
2019-10-23,沪深300,sell,8468.863357096212
2019-10-23,纳指,sell,8468.863357096212
2019-10-24,创业板,buy,6721.924542562396
2019-10-24,沪深300,buy,6721.924542562396
2019-10-24,纳指,buy,6721.924542562396
2019-10-25,创业板,sell,85771.91141389508
2019-10-25,国债ETF,buy,371823.9585611673
2019-10-25,沪深300,sell,85771.91141389508
2019-10-25,纳指,sell,85771.91141389508
2019-10-28,创业板,buy,85253.54615349468
2019-10-28,国债ETF,sell,371823.9585611673
2019-10-28,沪深300,buy,85253.54615349468
2019-10-28,纳指,buy,85253.54615349474
2019-10-29,创业板,buy,2904.3322378803277
2019-10-29,沪深300,buy,2904.3322378802695
2019-10-29,纳指,buy,2904.3322378802113
2019-10-30,创业板,sell,402.79754912963836
2019-10-30,沪深300,sell,402.79754912952194
2019-10-30,纳指,sell,402.79754912946373
2019-10-31,创业板,buy,6166.340380918409
2019-10-31,沪深300,buy,6166.340380918351
2019-10-31,纳指,buy,6166.340380918293
2019-11-01,创业板,sell,1168.2172349401517
2019-11-01,沪深300,sell,1168.2172349400935
2019-11-01,纳指,sell,1168.2172349400935
2019-11-04,创业板,buy,7083.980778508238
2019-11-04,沪深300,buy,7083.980778508179
2019-11-04,纳指,buy,7083.980778508179
2019-11-05,创业板,sell,91641.77401139279
2019-11-05,国债ETF,buy,380019.3693165064
2019-11-05,沪深300,sell,91641.77401139279
2019-11-05,纳指,sell,91641.77401139279
2019-11-06,创业板,sell,1481.3983559579938
2019-11-06,国债ETF,sell,1481.3983559579938
2019-11-06,沪深300,sell,1481.3983559579938
2019-11-06,纳指,sell,1481.3983559579938
2019-11-07,创业板,buy,127081.61382673803
2019-11-07,国债ETF,sell,378537.9709605484
2019-11-07,沪深300,buy,127081.61382673797
2019-11-07,纳指,buy,127081.61382673797
2019-11-08,创业板,sell,1789.0643548259395
2019-11-08,沪深300,sell,1789.0643548258813
2019-11-08,纳指,sell,1789.0643548258813
2019-11-11,创业板,sell,503830.5204324605
2019-11-11,沪深300,sell,503830.5204324605
2019-11-11,纳指,buy,991465.8536081939
2019-11-12,纳指,buy,7531.714442783268
2019-11-13,纳指,buy,502.1142961860169
2019-11-14,国债ETF,buy,753422.5014264613
2019-11-14,纳指,sell,749907.7013531624
2019-11-15,国债ETF,buy,1944.1432081171079
2019-11-15,纳指,buy,1944.1432081172243
2019-11-18,创业板,buy,379066.4255576113
2019-11-18,国债ETF,sell,376300.2190769671
2019-11-18,沪深300,buy,379066.4255576113
2019-11-18,纳指,sell,376300.2190769672
2019-11-19,创业板,buy,4131.6477763011935
2019-11-19,国债ETF,buy,4131.6477763011935
2019-11-19,沪深300,buy,4131.6477763011935
2019-11-19,纳指,buy,4131.6477763011935
2019-11-20,创业板,buy,124927.30574105954
2019-11-20,国债ETF,buy,124927.30574105948
2019-11-20,沪深300,sell,383198.07333391247
2019-11-20,纳指,buy,124927.30574105954
2019-11-21,创业板,sell,1135.6014639616478
2019-11-21,国债ETF,sell,1135.6014639615896
2019-11-21,纳指,sell,1135.601463961706
2019-11-22,创业板,sell,506989.77761101036
2019-11-22,国债ETF,buy,248404.15808464633
2019-11-22,纳指,buy,248404.1580846464
2019-11-25,国债ETF,buy,2046.0660569403553
2019-11-25,纳指,buy,2046.0660569403553
2019-11-26,国债ETF,sell,248517.38900011353
2019-11-26,沪深300,buy,508922.6127524835
2019-11-26,纳指,sell,248517.38900011353
2019-11-27,创业板,buy,381169.58307265316
2019-11-27,国债ETF,sell,127753.02967983036
2019-11-27,沪深300,sell,127753.02967983036
2019-11-27,纳指,sell,127753.02967983036
2019-11-28,创业板,buy,409.04960711015156
2019-11-28,国债ETF,buy,409.04960711015156
2019-11-28,沪深300,buy,409.04960711015156
2019-11-28,纳指,buy,409.04960711015156
2019-11-29,创业板,sell,1674.2665041629225
2019-11-29,国债ETF,sell,1674.2665041629225
2019-11-29,沪深300,sell,1674.2665041629225
2019-11-29,纳指,sell,1674.2665041629225
2019-12-02,创业板,buy,1445.9494964479236
2019-12-02,国债ETF,buy,1445.9494964479236
2019-12-02,沪深300,buy,1445.9494964479236
2019-12-02,纳指,buy,1445.9494964479236
2019-12-03,创业板,sell,223.93708777491702
2019-12-03,国债ETF,sell,223.93708777491702
2019-12-03,沪深300,sell,223.93708777491702
2019-12-03,纳指,sell,223.93708777491702
2019-12-04,创业板,buy,125483.87478024006
2019-12-04,国债ETF,buy,125483.87478024006
2019-12-04,沪深300,sell,381126.3785842734
2019-12-04,纳指,buy,125483.87478024006
2019-12-05,创业板,buy,4518.81547644519
2019-12-05,国债ETF,buy,4518.81547644519
2019-12-05,纳指,buy,4518.81547644519
2019-12-06,创业板,buy,1250.3196671576006
2019-12-06,国债ETF,buy,1250.3196671576588
2019-12-06,纳指,buy,1250.3196671576006
2019-12-09,创业板,buy,701.7454240981024
2019-12-09,国债ETF,buy,701.7454240981024
2019-12-09,纳指,buy,701.7454240981024
2019-12-10,创业板,buy,402.9528756773216
2019-12-10,国债ETF,buy,402.9528756773216
2019-12-10,纳指,buy,402.9528756773798
2019-12-11,创业板,sell,1967.8722360681859
2019-12-11,国债ETF,sell,1967.872236068244
2019-12-11,纳指,sell,1967.8722360683023
2019-12-12,创业板,buy,1639.723303791252
2019-12-12,国债ETF,buy,1639.7233037913102
2019-12-12,纳指,buy,1639.7233037913684
2019-12-13,创业板,sell,124542.39628494211
2019-12-13,国债ETF,sell,124542.39628494217
2019-12-13,沪深300,buy,388613.5415906726
2019-12-13,纳指,sell,124542.39628494222
2019-12-16,创业板,buy,2168.9988856960554
2019-12-16,国债ETF,buy,2168.9988856960554
2019-12-16,沪深300,buy,2168.9988856960554
2019-12-16,纳指,buy,2168.9988856961136
2019-12-17,创业板,buy,3785.147323931742
2019-12-17,国债ETF,buy,3785.147323931742
2019-12-17,沪深300,buy,3785.147323931742
2019-12-17,纳指,buy,3785.1473239318
2019-12-18,创业板,sell,1982.2684163803933
2019-12-18,国债ETF,sell,1982.2684163803933
2019-12-18,沪深300,sell,1982.2684163803933
2019-12-18,纳指,sell,1982.2684163804515
2019-12-19,创业板,sell,547.4032958456664
2019-12-19,国债ETF,sell,547.4032958456664
2019-12-19,沪深300,sell,547.4032958456664
2019-12-19,纳指,sell,547.4032958456664
2019-12-20,创业板,buy,167.88002059428254
2019-12-20,国债ETF,buy,167.88002059428254
2019-12-20,沪深300,buy,167.88002059428254
2019-12-20,纳指,buy,167.88002059428254
2019-12-23,创业板,buy,126990.34327719884
2019-12-23,国债ETF,buy,126990.34327719879
2019-12-23,沪深300,sell,392205.89610866865
2019-12-23,纳指,buy,126990.34327719884
2019-12-24,创业板,sell,126261.64370791055
2019-12-24,国债ETF,sell,126261.6437079105
2019-12-24,沪深300,buy,392934.59567795694
2019-12-24,纳指,sell,126261.64370791055
2019-12-25,创业板,buy,425.68680752289947
2019-12-25,国债ETF,buy,425.68680752289947
2019-12-25,沪深300,buy,425.68680752289947
2019-12-25,纳指,buy,425.68680752289947
2019-12-26,创业板,buy,133716.09333954297
2019-12-26,国债ETF,buy,133716.09333954297
2019-12-26,沪深300,sell,393360.28248547984
2019-12-26,纳指,buy,133716.09333954297
2019-12-27,创业板,sell,972.2543906924548
2019-12-27,国债ETF,sell,972.2543906924548
2019-12-27,纳指,sell,972.2543906924548
2019-12-30,创业板,sell,129631.83056465565
2019-12-30,国债ETF,sell,129631.83056465565
2019-12-30,沪深300,buy,396472.2908696747
2019-12-30,纳指,sell,129631.83056465565
2019-12-31,创业板,sell,79026.18244291813
2019-12-31,国债ETF,sell,79026.18244291813
2019-12-31,沪深300,sell,79026.18244291813
2019-12-31,纳指,sell,79026.18244291813
2019-12-31,黄金,buy,317446.1084267566
2020-01-02,创业板,buy,2526.7656195496675
2020-01-02,国债ETF,buy,2526.7656195496675
2020-01-02,沪深300,buy,2526.7656195496675
2020-01-02,纳指,buy,2526.7656195496675
2020-01-02,黄金,buy,2526.7656195496675
2020-01-03,创业板,buy,1013.9707307111239
2020-01-03,国债ETF,buy,1013.9707307111239
2020-01-03,沪深300,buy,1013.9707307111239
2020-01-03,纳指,buy,1013.9707307111239
2020-01-03,黄金,buy,1013.9707307111239
2020-01-06,创业板,buy,1270.9581968252896
2020-01-06,国债ETF,buy,1270.9581968252896
2020-01-06,沪深300,buy,1270.9581968252896
2020-01-06,纳指,buy,1270.9581968252896
2020-01-06,黄金,buy,1270.9581968252896
2020-01-07,创业板,buy,2027.7459304691874
2020-01-07,国债ETF,buy,2027.7459304691874
2020-01-07,沪深300,buy,2027.7459304691874
2020-01-07,纳指,buy,2027.7459304691874
2020-01-07,黄金,buy,2027.7459304691874
2020-01-08,创业板,sell,1175.997134928126
2020-01-08,国债ETF,sell,1175.997134928126
2020-01-08,沪深300,sell,1175.997134928126
2020-01-08,纳指,sell,1175.997134928126
2020-01-08,黄金,sell,1175.997134928126
2020-01-09,创业板,buy,1617.09671795147
2020-01-09,国债ETF,buy,1617.09671795147
2020-01-09,沪深300,buy,1617.09671795147
2020-01-09,纳指,buy,1617.09671795147
2020-01-09,黄金,buy,1617.09671795147
2020-01-10,创业板,buy,1458.9432116224198
2020-01-10,国债ETF,buy,1458.9432116224198
2020-01-10,沪深300,buy,1458.9432116224198
2020-01-10,纳指,buy,1458.9432116224198
2020-01-10,黄金,buy,1458.9432116224198
2020-01-13,创业板,buy,1676.6720319695305
2020-01-13,国债ETF,buy,1676.6720319695305
2020-01-13,沪深300,buy,1676.6720319695305
2020-01-13,纳指,buy,1676.6720319695305
2020-01-13,黄金,buy,1676.6720319695305
2020-01-14,创业板,sell,678.3978693103418
2020-01-14,国债ETF,sell,678.3978693103418
2020-01-14,沪深300,sell,678.3978693102836
2020-01-14,纳指,sell,678.3978693103418
2020-01-14,黄金,sell,678.3978693103418
2020-01-15,创业板,buy,156.87571429950185
2020-01-15,国债ETF,buy,156.87571429950185
2020-01-15,沪深300,buy,156.87571429944364
2020-01-15,纳指,buy,156.87571429950185
2020-01-15,黄金,buy,156.87571429950185
2020-01-16,创业板,buy,772.3950425810181
2020-01-16,国债ETF,buy,772.3950425810181
2020-01-16,沪深300,buy,772.3950425810181
2020-01-16,纳指,buy,772.3950425810181
2020-01-16,黄金,buy,772.3950425810181
2020-01-17,创业板,buy,973.7218080244493
2020-01-17,国债ETF,buy,973.7218080244493
2020-01-17,沪深300,buy,973.7218080244493
2020-01-17,纳指,buy,973.7218080244493
2020-01-17,黄金,buy,973.7218080244493
2020-01-20,创业板,buy,1074.6953463787213
2020-01-20,国债ETF,buy,1074.6953463787213
2020-01-20,沪深300,buy,1074.6953463787213
2020-01-20,纳指,buy,1074.6953463787213
2020-01-20,黄金,buy,1074.6953463787213
2020-01-21,创业板,sell,1239.1093497943366
2020-01-21,国债ETF,sell,1239.1093497943366
2020-01-21,沪深300,sell,1239.1093497943366
2020-01-21,纳指,sell,1239.1093497943366
2020-01-21,黄金,sell,1239.1093497943366
2020-01-22,创业板,buy,1156.9558924461016
2020-01-22,国债ETF,buy,1156.9558924461016
2020-01-22,沪深300,buy,1156.9558924461016
2020-01-22,纳指,buy,1156.9558924461016
2020-01-22,黄金,buy,1156.9558924461016
2020-01-23,创业板,sell,2572.3079167949036
2020-01-23,国债ETF,sell,2572.3079167949036
2020-01-23,沪深300,sell,2572.3079167949036
2020-01-23,纳指,sell,2572.3079167949036
2020-01-23,黄金,sell,2572.3079167949036
2020-02-03,创业板,buy,67812.07960401662
2020-02-03,国债ETF,buy,67812.07960401662
2020-02-03,沪深300,sell,327507.09239875735
2020-02-03,纳指,buy,67812.07960401656
2020-02-03,黄金,buy,67812.07960401662
2020-02-04,创业板,sell,32848.79611502332
2020-02-04,国债ETF,sell,32848.79611502332
2020-02-04,纳指,sell,32848.79611502326
2020-02-04,黄金,sell,32848.79611502332
2020-02-05,创业板,sell,5292.753390979196
2020-02-05,国债ETF,sell,5292.753390979196
2020-02-05,纳指,sell,5292.753390979196
2020-02-05,黄金,sell,5292.753390979196
2020-02-06,创业板,buy,1636.9750112952315
2020-02-06,国债ETF,buy,1636.9750112952315
2020-02-06,纳指,buy,1636.9750112952315
2020-02-06,黄金,buy,1636.9750112952315
2020-02-07,创业板,buy,6101.350321484555
2020-02-07,国债ETF,buy,6101.350321484555
2020-02-07,纳指,buy,6101.350321484555
2020-02-07,黄金,buy,6101.350321484555
2020-02-10,创业板,buy,6379.298532859248
2020-02-10,国债ETF,buy,6379.298532859248
2020-02-10,纳指,buy,6379.298532859248
2020-02-10,黄金,buy,6379.298532859248
2020-02-11,创业板,buy,6551.196470866853
2020-02-11,国债ETF,buy,6551.196470866853
2020-02-11,纳指,buy,6551.196470866853
2020-02-11,黄金,buy,6551.196470866853
2020-02-12,创业板,sell,103604.9029527306
2020-02-12,国债ETF,sell,103604.9029527306
2020-02-12,沪深300,buy,274241.53988054674
2020-02-12,纳指,sell,103604.9029527306
2020-02-12,黄金,sell,103604.9029527306
2020-02-13,创业板,buy,4327.508426813816
2020-02-13,国债ETF,buy,4327.508426813816
2020-02-13,沪深300,buy,4327.508426813816
2020-02-13,纳指,buy,4327.508426813816
2020-02-13,黄金,buy,4327.508426813816
2020-02-14,创业板,sell,2204.355150128191
2020-02-14,国债ETF,sell,2204.355150128191
2020-02-14,沪深300,sell,2204.355150128191
2020-02-14,纳指,sell,2204.355150128191
2020-02-14,黄金,sell,2204.355150128191
2020-02-17,创业板,buy,3799.8429561911034
2020-02-17,国债ETF,buy,3799.8429561911034
2020-02-17,沪深300,buy,3799.8429561911034
2020-02-17,纳指,buy,3799.8429561911034
2020-02-17,黄金,buy,3799.8429561911034
2020-02-18,创业板,sell,468.5847563158022
2020-02-18,国债ETF,sell,468.5847563158022
2020-02-18,沪深300,sell,468.5847563158022
2020-02-18,纳指,sell,468.5847563158022
2020-02-18,黄金,sell,468.5847563158022
2020-02-19,创业板,buy,93472.30366965482
2020-02-19,国债ETF,buy,93472.30366965482
2020-02-19,沪深300,sell,279695.95135710767
2020-02-19,纳指,buy,93472.30366965482
2020-02-19,黄金,buy,93472.30366965482
2020-02-20,创业板,sell,88907.71345965128
2020-02-20,国债ETF,sell,88907.71345965128
2020-02-20,沪深300,buy,284260.5415671112
2020-02-20,纳指,sell,88907.71345965128
2020-02-20,黄金,sell,88907.71345965128
2020-02-21,创业板,buy,4333.041435836116
2020-02-21,国债ETF,buy,4333.041435836116
2020-02-21,沪深300,buy,4333.041435836116
2020-02-21,纳指,buy,4333.041435836116
2020-02-21,黄金,buy,4333.041435836116
2020-02-24,创业板,buy,1698.4927288269391
2020-02-24,国债ETF,buy,1698.4927288269391
2020-02-24,沪深300,buy,1698.4927288269391
2020-02-24,纳指,buy,1698.4927288269391
2020-02-24,黄金,buy,1698.4927288269391
2020-02-25,创业板,buy,4663.897416849155
2020-02-25,国债ETF,buy,4663.897416849155
2020-02-25,沪深300,buy,4663.897416849155
2020-02-25,纳指,buy,4663.897416849155
2020-02-25,黄金,buy,4663.897416849155
2020-02-26,创业板,sell,9492.029575936613
2020-02-26,国债ETF,sell,9492.029575936613
2020-02-26,沪深300,sell,9492.029575936613
2020-02-26,纳指,sell,9492.029575936613
2020-02-26,黄金,sell,9492.029575936613
2020-02-27,创业板,buy,2761.4708062984864
2020-02-27,国债ETF,buy,2761.4708062984864
2020-02-27,沪深300,buy,2761.4708062984864
2020-02-27,纳指,buy,2761.4708062984864
2020-02-27,黄金,buy,2761.4708062984864
2020-02-28,创业板,buy,40902.226205361425
2020-02-28,国债ETF,buy,40902.226205361425
2020-02-28,沪深300,sell,288225.4143789853
2020-02-28,纳指,buy,40902.226205361425
2020-02-28,黄金,buy,40902.226205361425
2020-03-02,创业板,sell,72483.58543940872
2020-03-02,国债ETF,sell,72483.58543940875
2020-03-02,沪深300,buy,256644.055144938
2020-03-02,纳指,sell,72483.58543940872
2020-03-02,黄金,sell,72483.58543940872
2020-03-03,创业板,buy,79421.59185781312
2020-03-03,国债ETF,buy,79421.59185781315
2020-03-03,沪深300,sell,256644.055144938
2020-03-03,纳指,buy,79421.59185781312
2020-03-03,黄金,buy,79421.59185781312
2020-03-04,创业板,sell,72461.67994149955
2020-03-04,国债ETF,sell,72461.67994149955
2020-03-04,沪深300,buy,263603.9670612516
2020-03-04,纳指,sell,72461.67994149955
2020-03-04,黄金,sell,72461.67994149955
2020-03-05,创业板,buy,3616.7282348411973
2020-03-05,国债ETF,buy,3616.7282348411973
2020-03-05,沪深300,buy,3616.7282348411973
2020-03-05,纳指,buy,3616.7282348411973
2020-03-05,黄金,buy,3616.7282348411973
2020-03-06,创业板,buy,82172.0667575114
2020-03-06,国债ETF,buy,82172.06675751146
2020-03-06,沪深300,sell,267220.6952960928
2020-03-06,纳指,buy,82172.06675751146
2020-03-06,黄金,buy,82172.06675751146
2020-03-09,创业板,sell,32602.17845886154
2020-03-09,国债ETF,sell,32602.1784588616
2020-03-09,纳指,sell,32602.1784588616
2020-03-09,黄金,sell,32602.1784588616
2020-03-10,创业板,buy,2330.0938283522264
2020-03-10,国债ETF,buy,2330.0938283522264
2020-03-10,纳指,buy,2330.0938283522264
2020-03-10,黄金,buy,2330.0938283522264
2020-03-11,创业板,sell,2164.9057290217606
2020-03-11,国债ETF,sell,2164.9057290217606
2020-03-11,纳指,sell,2164.9057290217606
2020-03-11,黄金,sell,2164.9057290217606
2020-03-12,创业板,buy,152561.35423499113
2020-03-12,国债ETF,buy,152561.35423499113
2020-03-12,纳指,sell,316955.7716940731
2020-03-12,黄金,buy,152561.35423499113
2020-03-13,创业板,sell,14519.779298548878
2020-03-13,国债ETF,sell,14519.779298548878
2020-03-13,黄金,sell,14519.779298548878
2020-03-16,创业板,sell,454997.34663051536
2020-03-16,国债ETF,buy,1126997.061067875
2020-03-16,黄金,sell,454997.34663051536
2020-03-17,国债ETF,sell,3576.9737646109425
2020-03-19,国债ETF,sell,4043.535559994867
2020-03-20,国债ETF,buy,2877.1310715347063
2020-03-23,国债ETF,buy,7724.189723580144
2020-03-24,国债ETF,sell,966037.1003019466
2020-03-24,黄金,buy,618938.1188669527
2020-03-25,国债ETF,buy,7833.66284674732
2020-03-25,黄金,buy,7833.66284674732
2020-03-26,国债ETF,buy,7012.07606327231
2020-03-26,黄金,buy,7012.07606327231
2020-03-27,创业板,buy,294627.4107594307
2020-03-27,国债ETF,sell,339156.4470175416
2020-03-27,沪深300,buy,294627.4107594307
2020-03-27,黄金,sell,339156.4470175416
2020-03-30,创业板,sell,294627.4107594307
2020-03-30,国债ETF,buy,349637.0533226349
2020-03-30,沪深300,sell,294627.4107594307
2020-03-30,黄金,buy,349637.0533226349
2020-03-31,国债ETF,buy,8455.55819964991
2020-03-31,黄金,buy,8455.55819964991
2020-04-01,国债ETF,sell,1081.500705069513
2020-04-01,黄金,sell,1081.500705069513
2020-04-02,国债ETF,buy,8763.744886996341
2020-04-02,黄金,buy,8763.744886996341
2020-04-03,国债ETF,buy,9427.243318388704
2020-04-03,黄金,buy,9427.243318388704
2020-04-07,国债ETF,sell,3953.39852541429
2020-04-07,黄金,sell,3953.39852541429
2020-04-08,国债ETF,buy,5129.118232347653
2020-04-08,黄金,buy,5129.118232347653
2020-04-09,国债ETF,buy,9439.53787487687
2020-04-09,黄金,buy,9439.53787487687
2020-04-10,国债ETF,buy,9800.63054114685
2020-04-10,黄金,buy,9800.63054114685
2020-04-13,国债ETF,buy,9235.625596056809
2020-04-13,黄金,buy,9235.625596056809
2020-04-14,国债ETF,buy,10521.268914183136
2020-04-14,黄金,buy,10521.268914183136
2020-04-15,国债ETF,buy,10121.773698552046
2020-04-15,黄金,buy,10121.773698552046
2020-04-16,国债ETF,buy,11600.501640226576
2020-04-16,黄金,buy,11600.501640226576
2020-04-17,国债ETF,sell,11100.157760986709
2020-04-17,黄金,sell,11100.157760986709
2020-04-20,国债ETF,buy,895337.1406219449
2020-04-20,黄金,sell,720624.40999302
2020-04-21,国债ETF,sell,880799.3556404185
2020-04-21,黄金,buy,735162.1949745464
2020-04-22,国债ETF,buy,10631.658239523415
2020-04-22,黄金,buy,10631.658239523415
2020-04-23,国债ETF,buy,2725.7566514235223
2020-04-23,黄金,buy,2725.7566514235223
2020-04-24,国债ETF,sell,295258.87205798336
2020-04-24,纳指,buy,453260.73780751
2020-04-24,黄金,sell,295258.87205798336
2020-04-27,国债ETF,buy,6400.188149166235
2020-04-27,纳指,buy,6400.188149166235
2020-04-27,黄金,buy,6400.188149166235
2020-04-28,国债ETF,buy,7452.022426329204
2020-04-28,纳指,buy,7452.022426329204
2020-04-28,黄金,buy,7452.022426329204
2020-04-29,国债ETF,buy,7157.229621386563
2020-04-29,纳指,buy,7157.229621386563
2020-04-29,黄金,buy,7157.229621386563
2020-04-30,国债ETF,buy,7179.37456072151
2020-04-30,纳指,buy,7179.374560721451
2020-04-30,黄金,buy,7179.37456072151
2020-05-06,国债ETF,buy,5379.141893749707
2020-05-06,纳指,buy,5379.141893749766
2020-05-06,黄金,buy,5379.141893749707
2020-05-07,创业板,buy,348042.1336976553
2020-05-07,国债ETF,sell,138786.56076120795
2020-05-07,纳指,sell,138786.56076120795
2020-05-07,黄金,sell,138786.56076120795
2020-05-08,创业板,sell,348042.1336976553
2020-05-08,国债ETF,buy,150501.83616163116
2020-05-08,纳指,buy,150501.8361616311
2020-05-08,黄金,buy,150501.83616163116
2020-05-11,国债ETF,sell,7063.9286004099995
2020-05-11,纳指,sell,7063.928600409883
2020-05-11,黄金,sell,7063.9286004099995
2020-05-12,创业板,buy,351170.73637522594
2020-05-12,国债ETF,sell,140309.3048836505
2020-05-12,纳指,sell,140309.30488365056
2020-05-12,黄金,sell,140309.3048836505
2020-05-13,创业板,sell,67178.63686905283
2020-05-13,国债ETF,sell,67178.63686905283
2020-05-13,沪深300,buy,283992.0995061731
2020-05-13,纳指,sell,67178.63686905283
2020-05-13,黄金,sell,67178.63686905283
2020-05-14,创业板,sell,29.213971432298422
2020-05-14,国债ETF,sell,29.213971432298422
2020-05-14,沪深300,sell,29.213971432298422
2020-05-14,纳指,sell,29.213971432298422
2020-05-14,黄金,sell,29.213971432298422
2020-05-15,创业板,buy,4419.951977338642
2020-05-15,国债ETF,buy,4419.951977338642
2020-05-15,沪深300,buy,4419.951977338642
2020-05-15,纳指,buy,4419.951977338642
2020-05-15,黄金,buy,4419.951977338642
2020-05-18,创业板,buy,4264.7274581872625
2020-05-18,国债ETF,buy,4264.7274581872625
2020-05-18,沪深300,buy,4264.7274581872625
2020-05-18,纳指,buy,4264.7274581872625
2020-05-18,黄金,buy,4264.7274581872625
2020-05-19,创业板,buy,4725.521078077611
2020-05-19,国债ETF,buy,4725.521078077611
2020-05-19,沪深300,buy,4725.521078077611
2020-05-19,纳指,buy,4725.521078077611
2020-05-19,黄金,buy,4725.521078077611
2020-05-20,创业板,buy,1932.0384051869623
2020-05-20,国债ETF,buy,1932.0384051869623
2020-05-20,沪深300,buy,1932.0384051869623
2020-05-20,纳指,buy,1932.0384051869623
2020-05-20,黄金,buy,1932.0384051869623
2020-05-21,创业板,sell,373.23798158566933
2020-05-21,国债ETF,sell,373.23798158566933
2020-05-21,沪深300,sell,373.23798158566933
2020-05-21,纳指,sell,373.23798158566933
2020-05-21,黄金,sell,373.23798158566933
2020-05-22,创业板,sell,15111.110847373144
2020-05-22,国债ETF,sell,15111.110847373144
2020-05-22,沪深300,sell,15111.110847373144
2020-05-22,纳指,sell,15111.110847373144
2020-05-22,黄金,sell,15111.110847373144
2020-05-25,创业板,buy,3783.866714614269
2020-05-25,国债ETF,buy,3783.866714614269
2020-05-25,沪深300,buy,3783.866714614269
2020-05-25,纳指,buy,3783.866714614269
2020-05-25,黄金,buy,3783.866714614269
2020-05-26,创业板,sell,35.40131132188253
2020-05-26,国债ETF,sell,35.40131132188253
2020-05-26,沪深300,sell,35.40131132188253
2020-05-26,纳指,sell,35.40131132188253
2020-05-26,黄金,sell,35.40131132188253
2020-05-27,创业板,sell,3336.696915687935
2020-05-27,国债ETF,sell,3336.696915687935
2020-05-27,沪深300,sell,3336.696915687935
2020-05-27,纳指,sell,3336.696915687935
2020-05-27,黄金,sell,3336.696915687935
2020-05-28,创业板,buy,3618.1473206963856
2020-05-28,国债ETF,buy,3618.1473206963856
2020-05-28,沪深300,buy,3618.1473206963856
2020-05-28,纳指,buy,3618.1473206963856
2020-05-28,黄金,buy,3618.1473206963856
2020-05-29,创业板,buy,4213.612789357721
2020-05-29,国债ETF,buy,4213.612789357721
2020-05-29,沪深300,buy,4213.612789357721
2020-05-29,纳指,buy,4213.612789357721
2020-05-29,黄金,buy,4213.612789357721
2020-06-01,创业板,sell,1907.469256728422
2020-06-01,国债ETF,sell,1907.469256728422
2020-06-01,沪深300,sell,1907.469256728422
2020-06-01,纳指,sell,1907.469256728422
2020-06-01,黄金,sell,1907.469256728422
2020-06-02,创业板,buy,42351.5929005745
2020-06-02,国债ETF,sell,290156.8349655026
2020-06-02,沪深300,buy,42351.5929005745
2020-06-02,纳指,buy,42351.5929005745
2020-06-02,黄金,buy,42351.5929005745
2020-06-03,创业板,buy,3321.639993816323
2020-06-03,沪深300,buy,3321.639993816323
2020-06-03,纳指,buy,3321.639993816323
2020-06-03,黄金,buy,3321.639993816323
2020-06-04,创业板,buy,4217.675530342327
2020-06-04,沪深300,buy,4217.675530342327
2020-06-04,纳指,buy,4217.675530342327
2020-06-04,黄金,buy,4217.675530342327
2020-06-05,创业板,buy,4838.6329382458935
2020-06-05,沪深300,buy,4838.6329382458935
2020-06-05,纳指,buy,4838.6329382458935
2020-06-05,黄金,buy,4838.6329382458935
2020-06-08,创业板,buy,2753.7636854723096
2020-06-08,沪深300,buy,2753.7636854723096
2020-06-08,纳指,buy,2753.7636854723096
2020-06-08,黄金,buy,2753.7636854723096
2020-06-09,创业板,buy,5220.500056933321
2020-06-09,沪深300,buy,5220.500056933321
2020-06-09,纳指,buy,5220.500056933321
2020-06-09,黄金,buy,5220.500056933321
2020-06-10,创业板,buy,5357.726258261653
2020-06-10,沪深300,buy,5357.726258261653
2020-06-10,纳指,buy,5357.726258261653
2020-06-10,黄金,buy,5357.726258261653
2020-06-11,创业板,buy,4110.553597036982
2020-06-11,沪深300,buy,4110.553597036982
2020-06-11,纳指,buy,4110.553597036982
2020-06-11,黄金,buy,4110.553597036982
2020-06-12,创业板,buy,4005.2790056373924
2020-06-12,沪深300,buy,4005.2790056373924
2020-06-12,纳指,buy,4005.2790056373924
2020-06-12,黄金,buy,4005.2790056373924
2020-06-15,创业板,sell,3576.9793322391342
2020-06-15,沪深300,sell,3576.9793322391342
2020-06-15,纳指,sell,3576.9793322391342
2020-06-15,黄金,sell,3576.9793322391342
2020-06-16,创业板,sell,5139.045390515705
2020-06-16,沪深300,sell,5139.045390515705
2020-06-16,纳指,sell,5139.045390515705
2020-06-16,黄金,sell,5139.045390515705
2020-06-17,创业板,buy,5107.00435650727
2020-06-17,沪深300,buy,5107.00435650727
2020-06-17,纳指,buy,5107.00435650727
2020-06-17,黄金,buy,5107.00435650727
2020-06-18,创业板,buy,4726.806781142077
2020-06-18,沪深300,buy,4726.806781142077
2020-06-18,纳指,buy,4726.806781142077
2020-06-18,黄金,buy,4726.806781142077
2020-06-19,创业板,buy,4573.636639535311
2020-06-19,沪深300,buy,4573.636639535311
2020-06-19,纳指,buy,4573.636639535311
2020-06-19,黄金,buy,4573.636639535311
2020-06-22,创业板,buy,6105.057582278212
2020-06-22,沪深300,buy,6105.057582278212
2020-06-22,纳指,buy,6105.057582278212
2020-06-22,黄金,buy,6105.057582278212
2020-06-23,创业板,buy,5712.357387413678
2020-06-23,沪深300,buy,5712.35738741362
2020-06-23,纳指,buy,5712.35738741362
2020-06-23,黄金,buy,5712.35738741362
2020-06-24,创业板,buy,6561.970412429655
2020-06-24,沪深300,buy,6561.970412429713
2020-06-24,纳指,buy,6561.970412429713
2020-06-24,黄金,buy,6561.970412429713
2020-06-29,创业板,sell,6463.640487211873
2020-06-29,沪深300,sell,6463.640487211873
2020-06-29,纳指,sell,6463.640487211873
2020-06-29,黄金,sell,6463.640487211873
2020-06-30,创业板,buy,3603.097623264068
2020-06-30,沪深300,buy,3603.097623264068
2020-06-30,纳指,buy,3603.0976232640096
2020-06-30,黄金,buy,3603.097623264068
2020-07-01,创业板,buy,6523.714388096239
2020-07-01,沪深300,buy,6523.714388096239
2020-07-01,纳指,buy,6523.714388096239
2020-07-01,黄金,buy,6523.714388096239
2020-07-02,创业板,buy,6927.318495604093
2020-07-02,沪深300,buy,6927.318495604151
2020-07-02,纳指,buy,6927.31849560421
2020-07-02,黄金,buy,6927.318495604151
2020-07-03,创业板,buy,6000.252653929405
2020-07-03,沪深300,buy,6000.252653929347
2020-07-03,纳指,buy,6000.2526539292885
2020-07-03,黄金,buy,6000.252653929347
2020-07-06,创业板,sell,20385.068167018646
2020-07-06,沪深300,sell,20385.068167018646
2020-07-06,纳指,sell,20385.068167018588
2020-07-06,黄金,sell,20385.068167018646
2020-07-07,创业板,buy,6324.629053293378
2020-07-07,沪深300,buy,6324.629053293378
2020-07-07,纳指,buy,6324.629053293378
2020-07-07,黄金,buy,6324.629053293378
2020-07-08,创业板,buy,6784.068839455023
2020-07-08,沪深300,buy,6784.068839455023
2020-07-08,纳指,buy,6784.068839455023
2020-07-08,黄金,buy,6784.068839455023
2020-07-09,创业板,buy,2993.776039861841
2020-07-09,沪深300,buy,2993.776039861841
2020-07-09,纳指,buy,2993.776039861841
2020-07-09,黄金,buy,2993.776039861841
2020-07-10,创业板,sell,3251.324412172602
2020-07-10,沪深300,sell,3251.324412172602
2020-07-10,纳指,sell,3251.324412172544
2020-07-10,黄金,sell,3251.324412172602
2020-07-13,创业板,sell,2825.3387660702574
2020-07-13,沪深300,sell,2825.3387660703156
2020-07-13,纳指,sell,2825.3387660703156
2020-07-13,黄金,sell,2825.3387660702574
2020-07-14,创业板,sell,9122.750329858973
2020-07-14,沪深300,sell,9122.750329858914
2020-07-14,纳指,sell,9122.750329858973
2020-07-14,黄金,sell,9122.750329858973
2020-07-15,创业板,sell,3023.1069996635197
2020-07-15,沪深300,sell,3023.1069996635197
2020-07-15,纳指,sell,3023.1069996635197
2020-07-15,黄金,sell,3023.1069996635197
2020-07-16,创业板,sell,44665.81493630202
2020-07-16,沪深300,sell,44665.81493630202
2020-07-16,纳指,sell,44665.81493630202
2020-07-16,黄金,sell,44665.81493630202
2020-07-17,创业板,buy,4815.282672267058
2020-07-17,沪深300,buy,4815.282672267058
2020-07-17,纳指,buy,4815.282672267058
2020-07-17,黄金,buy,4815.282672267058
2020-07-20,创业板,buy,5059.0991721149185
2020-07-20,沪深300,buy,5059.0991721149185
2020-07-20,纳指,buy,5059.0991721149185
2020-07-20,黄金,buy,5059.0991721149185
2020-07-21,创业板,buy,4707.743162691884
2020-07-21,沪深300,buy,4707.743162691826
2020-07-21,纳指,buy,4707.743162691884
2020-07-21,黄金,buy,4707.743162691884
2020-07-22,创业板,buy,5538.832229363732
2020-07-22,沪深300,buy,5538.8322293638485
2020-07-22,纳指,buy,5538.83222936379
2020-07-22,黄金,buy,5538.83222936379
2020-07-23,创业板,buy,4839.792339739681
2020-07-23,沪深300,buy,4839.792339739623
2020-07-23,纳指,buy,4839.792339739623
2020-07-23,黄金,buy,4839.792339739623
2020-07-24,创业板,sell,31468.532731414423
2020-07-24,沪深300,sell,31468.532731414423
2020-07-24,纳指,sell,31468.532731414423
2020-07-24,黄金,sell,31468.532731414423
2020-07-27,创业板,buy,4583.933326791506
2020-07-27,沪深300,buy,4583.933326791506
2020-07-27,纳指,buy,4583.933326791506
2020-07-27,黄金,buy,4583.933326791506
2020-07-28,创业板,buy,4634.113988428086
2020-07-28,沪深300,buy,4634.113988428086
2020-07-28,纳指,buy,4634.113988428086
2020-07-28,黄金,buy,4634.113988428086
2020-07-29,创业板,buy,4072.327651241969
2020-07-29,沪深300,buy,4072.327651241969
2020-07-29,纳指,buy,4072.327651241969
2020-07-29,黄金,buy,4072.327651241969
2020-07-30,创业板,sell,48.74411487346515
2020-07-30,沪深300,sell,48.74411487346515
2020-07-30,纳指,sell,48.74411487346515
2020-07-30,黄金,sell,48.74411487346515
2020-07-31,创业板,buy,4780.715050765895
2020-07-31,沪深300,buy,4780.7150507659535
2020-07-31,纳指,buy,4780.715050765895
2020-07-31,黄金,buy,4780.715050765895
2020-08-03,创业板,buy,5310.8226110602845
2020-08-03,沪深300,buy,5310.822611060226
2020-08-03,纳指,buy,5310.8226110602845
2020-08-03,黄金,buy,5310.8226110602845
2020-08-04,创业板,buy,3733.058501243533
2020-08-04,沪深300,buy,3733.058501243533
2020-08-04,纳指,buy,3733.058501243533
2020-08-04,黄金,buy,3733.058501243533
2020-08-05,创业板,buy,5566.278569798975
2020-08-05,沪深300,buy,5566.278569798975
2020-08-05,纳指,buy,5566.278569798975
2020-08-05,黄金,buy,5566.278569798975
2020-08-06,创业板,buy,1518.9382333206013
2020-08-06,沪深300,buy,1518.9382333206013
2020-08-06,纳指,buy,1518.9382333206013
2020-08-06,黄金,buy,1518.9382333206013
2020-08-07,创业板,buy,1455.3718910470488
2020-08-07,沪深300,buy,1455.3718910470488
2020-08-07,纳指,buy,1455.3718910470488
2020-08-07,黄金,buy,1455.3718910470488
2020-08-10,创业板,buy,2222.5938191141468
2020-08-10,沪深300,buy,2222.593819114205
2020-08-10,纳指,buy,2222.593819114205
2020-08-10,黄金,buy,2222.593819114205
2020-08-11,创业板,sell,5540.666458821972
2020-08-11,沪深300,sell,5540.66645882203
2020-08-11,纳指,sell,5540.66645882203
2020-08-11,黄金,sell,5540.66645882203
2020-08-12,创业板,sell,17685.78465870273
2020-08-12,沪深300,sell,17685.78465870273
2020-08-12,纳指,sell,17685.78465870273
2020-08-12,黄金,sell,17685.78465870273
2020-08-13,创业板,buy,4467.742380820622
2020-08-13,沪深300,buy,4467.742380820622
2020-08-13,纳指,buy,4467.742380820622
2020-08-13,黄金,buy,4467.742380820622
2020-08-14,创业板,buy,4251.102219737426
2020-08-14,沪深300,buy,4251.102219737426
2020-08-14,纳指,buy,4251.102219737426
2020-08-14,黄金,buy,4251.102219737426
2020-08-17,创业板,buy,4572.104110020271
2020-08-17,沪深300,buy,4572.104110020271
2020-08-17,纳指,buy,4572.104110020271
2020-08-17,黄金,buy,4572.104110020271
2020-08-18,创业板,buy,5011.242561601626
2020-08-18,沪深300,buy,5011.242561601626
2020-08-18,纳指,buy,5011.242561601626
2020-08-18,黄金,buy,5011.242561601626
2020-08-19,创业板,sell,4006.5786801330396
2020-08-19,沪深300,sell,4006.5786801330396
2020-08-19,纳指,sell,4006.5786801330396
2020-08-19,黄金,sell,4006.5786801330396
2020-08-20,创业板,sell,2478.7513661580742
2020-08-20,沪深300,sell,2478.7513661580742
2020-08-20,纳指,sell,2478.7513661580742
2020-08-20,黄金,sell,2478.7513661580742
2020-08-21,创业板,buy,3497.0810373818967
2020-08-21,沪深300,buy,3497.0810373818967
2020-08-21,纳指,buy,3497.0810373818967
2020-08-21,黄金,buy,3497.0810373818967
2020-08-24,创业板,buy,3268.8280290114926
2020-08-24,沪深300,buy,3268.8280290114344
2020-08-24,纳指,buy,3268.8280290114344
2020-08-24,黄金,buy,3268.8280290114344
2020-08-25,创业板,buy,4387.010451272887
2020-08-25,沪深300,buy,4387.010451272945
2020-08-25,纳指,buy,4387.010451272945
2020-08-25,黄金,buy,4387.010451272945
2020-08-26,创业板,sell,7101.299307988433
2020-08-26,沪深300,sell,7101.2993079883745
2020-08-26,纳指,sell,7101.299307988433
2020-08-26,黄金,sell,7101.299307988433
2020-08-27,创业板,buy,1403.9382487371913
2020-08-27,沪深300,buy,1403.938248737133
2020-08-27,纳指,buy,1403.9382487371913
2020-08-27,黄金,buy,1403.9382487371913
2020-08-28,创业板,buy,3879.8586740567116
2020-08-28,沪深300,buy,3879.8586740567116
2020-08-28,纳指,buy,3879.8586740567116
2020-08-28,黄金,buy,3879.8586740567116
2020-08-31,创业板,buy,5812.266864905832
2020-08-31,沪深300,buy,5812.266864905774
2020-08-31,纳指,buy,5812.266864905774
2020-08-31,黄金,buy,5812.266864905774
2020-09-01,创业板,buy,4854.816473743471
2020-09-01,沪深300,buy,4854.816473743529
2020-09-01,纳指,buy,4854.816473743529
2020-09-01,黄金,buy,4854.816473743529
2020-09-02,创业板,buy,6095.790540718881
2020-09-02,沪深300,buy,6095.790540718939
2020-09-02,纳指,buy,6095.790540718939
2020-09-02,黄金,buy,6095.790540718939
2020-09-03,创业板,sell,385835.1478564863
2020-09-03,沪深300,buy,150403.42145812162
2020-09-03,纳指,buy,150403.42145812162
2020-09-03,黄金,buy,150403.42145812162
2020-09-04,沪深300,sell,536238.569314608
2020-09-04,纳指,buy,133046.0639921336
2020-09-04,黄金,buy,133046.0639921336
2020-09-07,纳指,sell,38080.87399774208
2020-09-07,黄金,sell,38080.87399774208
2020-09-08,纳指,buy,8217.854639914702
2020-09-08,黄金,buy,8217.854639914702
2020-09-09,沪深300,buy,438900.14723916433
2020-09-09,纳指,sell,200521.4667097499
2020-09-09,黄金,sell,200521.4667097499
2020-09-10,沪深300,buy,5523.116013325402
2020-09-10,纳指,buy,5523.116013325402
2020-09-10,黄金,buy,5523.116013325402
2020-09-11,沪深300,sell,444423.26325248973
2020-09-11,纳指,buy,188562.10349044227
2020-09-11,黄金,buy,188562.10349044227
2020-09-14,纳指,buy,8636.798068510834
2020-09-14,黄金,buy,8636.798068510834
2020-09-15,纳指,buy,9330.654489894863
2020-09-15,黄金,buy,9330.654489894863
2020-09-16,纳指,buy,3712.366663620691
2020-09-16,黄金,buy,3712.366663620691
2020-09-17,沪深300,buy,620249.8489909363
2020-09-17,纳指,sell,34415.336974022095
2020-09-17,黄金,sell,654665.1859649584
2020-09-18,沪深300,buy,9232.279519045842
2020-09-18,纳指,buy,9232.279519045842
2020-09-21,沪深300,sell,4701.335593117052
2020-09-21,纳指,sell,4701.335593117052
2020-09-22,沪深300,sell,624780.7929168651
2020-09-22,纳指,buy,513446.62944317004
2020-09-23,纳指,buy,14027.480374258244
2020-09-24,纳指,sell,27412.38997852453
2020-09-25,纳指,sell,64.5073437995743
2020-09-28,纳指,buy,15478.29545374983
2020-09-29,纳指,buy,9690.88446160988
2020-09-30,纳指,buy,7487.392515178537
2020-10-09,纳指,buy,17671.673194470117
2020-10-12,创业板,buy,437898.07986341114
2020-10-12,沪深300,buy,437898.07986341114
2020-10-12,纳指,sell,737208.1711735665
2020-10-13,创业板,buy,5068.464901999047
2020-10-13,沪深300,buy,5068.464901998988
2020-10-13,纳指,buy,5068.464901998988
2020-10-14,创业板,buy,1381.2604081701138
2020-10-14,沪深300,buy,1381.2604081702302
2020-10-14,纳指,buy,1381.2604081702302
2020-10-15,创业板,sell,2244.3690034013125
2020-10-15,沪深300,sell,2244.369003401429
2020-10-15,纳指,sell,2244.369003401429
2020-10-16,创业板,buy,2503.54447592987
2020-10-16,沪深300,buy,2503.544475929928
2020-10-16,纳指,buy,2503.544475929928
2020-10-19,创业板,sell,444606.98064610886
2020-10-19,沪深300,sell,444606.98064610886
2020-10-19,纳指,buy,752758.8626810714
2020-10-20,纳指,sell,1197365.8433271802
2020-12-09,国债ETF,buy,956908.6442149432
2020-12-09,沪深300,buy,956908.6442149433
2020-12-10,国债ETF,sell,957.0581544626039
2020-12-10,沪深300,sell,957.0581544627203
2020-12-11,创业板,buy,754815.2014691894
2020-12-11,国债ETF,sell,955951.5860604806
2020-12-11,沪深300,sell,201136.3845912912
2020-12-14,创业板,sell,754815.2014691894
2020-12-14,沪深300,buy,840329.9984137587
2020-12-15,创业板,buy,768473.6009816774
2020-12-15,沪深300,sell,826671.5989012707
2020-12-16,创业板,buy,9670.346345732221
2020-12-16,沪深300,buy,9670.346345732221
2020-12-17,创业板,buy,6615.778927820735
2020-12-17,沪深300,buy,6615.778927820618
2020-12-18,创业板,buy,4169.4043249593815
2020-12-18,沪深300,buy,4169.404324959498
2020-12-21,创业板,sell,8071.915109052672
2020-12-21,沪深300,sell,8071.915109052672
2020-12-22,创业板,sell,191980.23923517112
2020-12-22,国债ETF,buy,588876.976235966
2020-12-22,沪深300,sell,191980.23923517112
2020-12-23,创业板,sell,137918.06824352947
2020-12-23,国债ETF,sell,137918.06824352953
2020-12-23,沪深300,sell,137918.0682435296
2020-12-23,纳指,buy,450958.9079924364
2020-12-24,创业板,buy,3970.4150380263454
2020-12-24,国债ETF,buy,3970.4150380263454
2020-12-24,沪深300,buy,3970.4150380264036
2020-12-24,纳指,buy,3970.4150380263454
2020-12-25,创业板,buy,5906.908905349323
2020-12-25,国债ETF,buy,5906.908905349381
2020-12-25,沪深300,buy,5906.908905349439
2020-12-25,纳指,buy,5906.908905349439
2020-12-28,创业板,buy,322465.1886824982
2020-12-28,国债ETF,sell,460836.23193581216
2020-12-28,沪深300,buy,322465.1886824981
2020-12-28,纳指,sell,460836.23193581216
2020-12-29,创业板,sell,540.240376959322
2020-12-29,沪深300,sell,540.240376959322
2020-12-30,创业板,sell,171908.2287831324
2020-12-30,国债ETF,buy,610852.9514582186
2020-12-30,沪深300,sell,171908.2287831324
2020-12-31,创业板,sell,7091.213460568688
2020-12-31,国债ETF,sell,7091.213460568688
2020-12-31,沪深300,sell,7091.213460568688
2021-01-04,创业板,sell,2300.447828005301
2021-01-04,国债ETF,sell,2300.447828005301
2021-01-04,沪深300,sell,2300.447828005301
2021-01-05,创业板,sell,601461.2901696446
2021-01-05,国债ETF,sell,601461.2901696446
2021-01-05,沪深300,sell,601461.2901696446
2021-05-07,创业板,buy,385659.22521096066
2021-05-07,国债ETF,buy,385659.22521096066
2021-05-07,沪深300,buy,385659.22521096066
2021-05-07,纳指,buy,385659.22521096066
2021-05-07,黄金,buy,385659.22521096066
2021-05-10,创业板,buy,129368.62459802238
2021-05-10,国债ETF,buy,129368.62459802232
2021-05-10,沪深300,sell,385659.22521096066
2021-05-10,纳指,buy,129368.62459802238
2021-05-10,黄金,buy,129368.62459802243
2021-05-11,创业板,sell,3846.79849704355
2021-05-11,国债ETF,sell,3846.798497043492
2021-05-11,纳指,sell,3846.79849704355
2021-05-11,黄金,sell,3846.798497043608
2021-05-12,创业板,buy,2178.7938042147434
2021-05-12,国债ETF,buy,2178.793804214627
2021-05-12,纳指,buy,2178.793804214685
2021-05-12,黄金,buy,2178.793804214685
2021-05-13,创业板,sell,3341.1607779767364
2021-05-13,国债ETF,sell,3341.160777976562
2021-05-13,纳指,sell,3341.1607779767364
2021-05-13,黄金,sell,3341.16077797662
2021-05-14,创业板,sell,130229.27308724
2021-05-14,国债ETF,sell,130229.27308724006
2021-05-14,沪深300,buy,379789.4112509375
2021-05-14,纳指,sell,130229.27308723994
2021-05-14,黄金,sell,130229.27308724006
2021-05-17,创业板,sell,669.4755494056735
2021-05-17,国债ETF,sell,669.4755494056735
2021-05-17,沪深300,sell,669.4755494057317
2021-05-17,纳指,sell,669.4755494056735
2021-05-17,黄金,sell,669.4755494056735
2021-05-18,创业板,buy,5579.9038935569115
2021-05-18,国债ETF,buy,5579.9038935569115
2021-05-18,沪深300,buy,5579.90389355697
2021-05-18,纳指,buy,5579.9038935569115
2021-05-18,黄金,buy,5579.9038935569115
2021-05-19,创业板,buy,4005.857892517757
2021-05-19,国债ETF,buy,4005.857892517757
2021-05-19,沪深300,buy,4005.857892517757
2021-05-19,纳指,buy,4005.857892517757
2021-05-19,黄金,buy,4005.857892517757
2021-05-20,创业板,buy,6351.737253461208
2021-05-20,国债ETF,buy,6351.737253461208
2021-05-20,沪深300,buy,6351.737253461208
2021-05-20,纳指,buy,6351.737253461208
2021-05-20,黄金,buy,6351.737253461208
2021-05-21,创业板,buy,23379.71511601971
2021-05-21,国债ETF,buy,23379.71511601971
2021-05-21,沪深300,buy,23379.71511601971
2021-05-21,纳指,buy,23379.71511601971
2021-05-21,黄金,buy,23379.71511601971
2021-05-24,创业板,buy,992.0841075664503
2021-05-24,国债ETF,buy,992.0841075664503
2021-05-24,沪深300,buy,992.0841075664503
2021-05-24,纳指,buy,992.0841075664503
2021-05-24,黄金,buy,992.0841075664503
2021-05-25,创业板,sell,18151.136591936753
2021-05-25,国债ETF,sell,18151.136591936753
2021-05-25,沪深300,sell,18151.136591936753
2021-05-25,纳指,sell,18151.136591936753
2021-05-25,黄金,sell,18151.136591936753
2021-05-26,创业板,buy,24070.788673652452
2021-05-26,国债ETF,buy,24070.788673652452
2021-05-26,沪深300,buy,24070.788673652452
2021-05-26,纳指,buy,24070.788673652452
2021-05-26,黄金,buy,24070.788673652452
2021-05-27,创业板,sell,106.78307355422294
2021-05-27,国债ETF,sell,106.78307355428115
2021-05-27,沪深300,sell,106.78307355428115
2021-05-27,纳指,sell,106.78307355428115
2021-05-27,黄金,sell,106.78307355428115
2021-05-28,创业板,sell,840.2025803106371
2021-05-28,国债ETF,sell,840.2025803105789
2021-05-28,沪深300,sell,840.2025803105789
2021-05-28,纳指,sell,840.2025803105789
2021-05-28,黄金,sell,840.2025803105789
2021-05-31,创业板,buy,2423.472206068167
2021-05-31,国债ETF,buy,2423.472206068225
2021-05-31,沪深300,buy,2423.472206068225
2021-05-31,纳指,buy,2423.472206068225
2021-05-31,黄金,buy,2423.472206068225
2021-06-01,创业板,buy,768.403445012169
2021-06-01,国债ETF,buy,768.4034450121108
2021-06-01,沪深300,buy,768.4034450121108
2021-06-01,纳指,buy,768.4034450121108
2021-06-01,黄金,buy,768.4034450121108
2021-06-02,创业板,buy,101954.28185515571
2021-06-02,国债ETF,buy,101954.28185515571
2021-06-02,沪深300,buy,101954.28185515571
2021-06-02,纳指,sell,427593.77604358504
2021-06-02,黄金,buy,101954.28185515571
2021-06-03,创业板,sell,3143.848576605087
2021-06-03,国债ETF,sell,3143.848576605087
2021-06-03,沪深300,sell,3143.848576605087
2021-06-03,黄金,sell,3143.848576605087
2021-06-04,创业板,buy,1196.7598293009214
2021-06-04,国债ETF,buy,1196.7598293009214
2021-06-04,沪深300,buy,1196.7598293009214
2021-06-04,黄金,buy,1196.7598293009214
2021-06-07,创业板,sell,212.79412575159222
2021-06-07,国债ETF,sell,212.79412575159222
2021-06-07,沪深300,sell,212.79412575159222
2021-06-07,黄金,sell,212.79412575159222
2021-06-08,创业板,sell,1006.5078332989942
2021-06-08,国债ETF,sell,1006.5078332989942
2021-06-08,沪深300,sell,1006.5078332989942
2021-06-08,黄金,sell,1006.5078332989942
2021-06-09,创业板,sell,154.31230369966943
2021-06-09,国债ETF,sell,154.31230369966943
2021-06-09,沪深300,sell,154.31230369966943
2021-06-09,黄金,sell,154.31230369966943
2021-06-10,创业板,buy,3850.391598055954
2021-06-10,国债ETF,buy,3850.391598055954
2021-06-10,沪深300,buy,3850.391598055954
2021-06-10,黄金,buy,3850.391598055954
2021-06-11,创业板,buy,340.87163861934096
2021-06-11,国债ETF,buy,340.87163861934096
2021-06-11,沪深300,buy,340.87163861934096
2021-06-11,黄金,buy,340.87163861934096
2021-06-15,创业板,sell,5448.21938204742
2021-06-15,国债ETF,sell,5448.21938204742
2021-06-15,沪深300,sell,5448.21938204742
2021-06-15,黄金,sell,5448.21938204742
2021-06-16,创业板,sell,35079.01221462421
2021-06-16,国债ETF,sell,35079.01221462421
2021-06-16,沪深300,sell,35079.01221462421
2021-06-16,黄金,sell,35079.01221462421
2021-06-17,创业板,buy,107593.74451788166
2021-06-17,国债ETF,buy,107593.74451788166
2021-06-17,沪深300,buy,107593.74451788166
2021-06-17,黄金,sell,489891.38652869
2021-06-18,创业板,sell,110431.58278645703
2021-06-18,国债ETF,sell,110431.58278645709
2021-06-18,沪深300,sell,110431.58278645703
2021-06-18,纳指,buy,487053.5482601146
2021-06-21,创业板,buy,34393.68233665335
2021-06-21,国债ETF,buy,34393.68233665341
2021-06-21,沪深300,buy,34393.68233665335
2021-06-21,纳指,buy,34393.68233665335
2021-06-22,创业板,buy,1764.380839751626
2021-06-22,国债ETF,buy,1764.3808397515095
2021-06-22,沪深300,buy,1764.3808397515677
2021-06-22,纳指,buy,1764.380839751626
2021-06-23,创业板,buy,4543.490683999204
2021-06-23,国债ETF,buy,4543.49068399932
2021-06-23,沪深300,buy,4543.490683999262
2021-06-23,纳指,buy,4543.490683999204
2021-06-24,创业板,sell,1548.9374599560397
2021-06-24,国债ETF,sell,1548.9374599560397
2021-06-24,沪深300,sell,1548.9374599560397
2021-06-24,纳指,sell,1548.9374599560397
2021-06-25,创业板,buy,5348.754410872702
2021-06-25,国债ETF,buy,5348.754410872702
2021-06-25,沪深300,buy,5348.754410872702
2021-06-25,纳指,buy,5348.754410872702
2021-06-28,创业板,buy,3226.0225219150307
2021-06-28,国债ETF,buy,3226.0225219150307
2021-06-28,沪深300,buy,3226.0225219150307
2021-06-28,纳指,buy,3226.0225219150307
2021-06-29,创业板,sell,522.0777359533822
2021-06-29,国债ETF,sell,522.0777359533822
2021-06-29,沪深300,sell,522.0777359533822
2021-06-29,纳指,sell,522.0777359533822
2021-06-30,创业板,buy,4973.740610921057
2021-06-30,国债ETF,buy,4973.740610921057
2021-06-30,沪深300,buy,4973.740610921057
2021-06-30,纳指,buy,4973.740610921057
2021-07-01,创业板,sell,1690.3762738181977
2021-07-01,国债ETF,sell,1690.3762738181977
2021-07-01,沪深300,sell,1690.3762738181977
2021-07-01,纳指,sell,1690.3762738181977
2021-07-02,创业板,sell,52302.27789793175
2021-07-02,国债ETF,sell,52302.27789793181
2021-07-02,沪深300,sell,52302.27789793175
2021-07-02,纳指,sell,52302.27789793181
2021-07-05,创业板,buy,7186.990761452005
2021-07-05,国债ETF,buy,7186.990761452122
2021-07-05,沪深300,buy,7186.990761452063
2021-07-05,纳指,buy,7186.990761452122
2021-07-06,创业板,buy,2733.980593423359
2021-07-06,国债ETF,buy,2733.980593423301
2021-07-06,沪深300,buy,2733.980593423359
2021-07-06,纳指,buy,2733.980593423301
2021-07-07,创业板,sell,4315.454424492957
2021-07-07,国债ETF,sell,4315.454424493015
2021-07-07,沪深300,sell,4315.454424493073
2021-07-07,纳指,sell,4315.454424493015
2021-07-08,创业板,buy,5835.7464146510465
2021-07-08,国债ETF,buy,5835.746414651105
2021-07-08,沪深300,buy,5835.746414651105
2021-07-08,纳指,buy,5835.746414651105
2021-07-09,创业板,buy,176275.29535286938
2021-07-09,国债ETF,buy,176275.29535286938
2021-07-09,沪深300,sell,496681.2136416017
2021-07-09,纳指,buy,176275.29535286938
2021-07-12,创业板,sell,8159.531457628007
2021-07-12,国债ETF,sell,8159.531457628007
2021-07-12,纳指,sell,8159.531457628007
2021-07-13,创业板,sell,164246.83470262605
2021-07-13,国债ETF,sell,164246.8347026261
2021-07-13,沪深300,buy,500550.14283421694
2021-07-13,纳指,sell,164246.8347026261
2021-07-14,创业板,buy,174122.5585574755
2021-07-14,国债ETF,buy,174122.55855747557
2021-07-14,沪深300,sell,500550.14283421694
2021-07-14,纳指,buy,174122.55855747557
2021-07-15,创业板,sell,168868.17806357052
2021-07-15,国债ETF,sell,168868.17806357052
2021-07-15,沪深300,buy,505804.5233281219
2021-07-15,纳指,sell,168868.17806357052
2021-07-16,创业板,sell,20741.507465879957
2021-07-16,国债ETF,sell,20741.507465879957
2021-07-16,沪深300,sell,20741.5074658799
2021-07-16,纳指,sell,20741.507465879957
2021-07-19,创业板,buy,7379.994639879267
2021-07-19,国债ETF,buy,7379.994639879267
2021-07-19,沪深300,buy,7379.994639879267
2021-07-19,纳指,buy,7379.994639879267
2021-07-20,创业板,buy,176925.44370440033
2021-07-20,国债ETF,buy,176925.44370440033
2021-07-20,沪深300,sell,492443.0105021213
2021-07-20,纳指,buy,176925.44370440033
2021-07-21,创业板,sell,2470.937368596089
2021-07-21,国债ETF,sell,2470.937368596089
2021-07-21,纳指,sell,2470.937368596089
2021-07-22,创业板,buy,10495.525487863575
2021-07-22,国债ETF,buy,10495.525487863575
2021-07-22,纳指,buy,10495.525487863575
2021-07-23,创业板,buy,296.7234944739612
2021-07-23,国债ETF,buy,296.7234944739612
2021-07-23,纳指,buy,296.7234944739612
2021-07-26,创业板,buy,581.7692511737114
2021-07-26,国债ETF,buy,581.7692511737114
2021-07-26,纳指,buy,581.7692511737114
2021-07-27,创业板,sell,678271.5350714368
2021-07-27,国债ETF,buy,385272.2725227752
2021-07-27,纳指,buy,385272.2725227752
2021-07-28,创业板,buy,648687.3769347249
2021-07-28,国债ETF,sell,414856.43065948715
2021-07-28,纳指,sell,414856.43065948715
2021-07-29,创业板,sell,23721.69783018646
2021-07-29,国债ETF,sell,23721.69783018646
2021-07-29,纳指,sell,23721.69783018646
2021-07-30,创业板,sell,5823.052005103091
2021-07-30,国债ETF,sell,5823.052005103091
2021-07-30,纳指,sell,5823.052005103091
2021-08-02,创业板,buy,1770.0475075093564
2021-08-02,国债ETF,buy,1770.0475075093564
2021-08-02,纳指,buy,1770.0475075093564
2021-08-03,创业板,buy,3060.896318982006
2021-08-03,国债ETF,buy,3060.896318982006
2021-08-03,纳指,buy,3060.896318982006
2021-08-04,创业板,buy,5176.5781512778485
2021-08-04,国债ETF,buy,5176.5781512778485
2021-08-04,纳指,buy,5176.5781512778485
2021-08-05,创业板,buy,4168.225500076893
2021-08-05,国债ETF,buy,4168.225500076893
2021-08-05,纳指,buy,4168.225500076893
2021-08-06,创业板,buy,7680.255793760181
2021-08-06,国债ETF,buy,7680.255793760181
2021-08-06,纳指,buy,7680.255793760181
2021-08-09,创业板,sell,1757.9360220360104
2021-08-09,国债ETF,sell,1757.9360220360104
2021-08-09,纳指,sell,1757.9360220360104
2021-08-10,创业板,buy,9914.737562648254
2021-08-10,国债ETF,buy,9914.737562648254
2021-08-10,纳指,buy,9914.737562648254
2021-08-11,创业板,sell,1141.3985476931557
2021-08-11,国债ETF,sell,1141.3985476931557
2021-08-11,纳指,sell,1141.3985476931557
2021-08-12,创业板,buy,1106.127975778887
2021-08-12,国债ETF,buy,1106.127975778887
2021-08-12,纳指,buy,1106.127975778887
2021-08-13,创业板,buy,8053.79522213107
2021-08-13,国债ETF,buy,8053.79522213107
2021-08-13,纳指,buy,8053.79522213107
2021-08-16,创业板,buy,4908.817039808724
2021-08-16,国债ETF,buy,4908.817039808724
2021-08-16,纳指,buy,4908.817039808724
2021-08-17,创业板,sell,662082.7736016794
2021-08-17,国债ETF,buy,42635.49085380079
2021-08-17,纳指,buy,42635.49085380079
2021-08-17,黄金,buy,704718.2644554802
2021-08-18,国债ETF,sell,1125.4206295707263
2021-08-18,纳指,sell,1125.4206295707263
2021-08-18,黄金,sell,1125.4206295707263
2021-08-19,国债ETF,sell,4868.706160132657
2021-08-19,纳指,sell,4868.706160132657
2021-08-19,黄金,sell,4868.706160132657
2021-08-20,国债ETF,buy,3024.2425667558564
2021-08-20,纳指,buy,3024.2425667558564
2021-08-20,黄金,buy,3024.2425667558564
2021-08-23,国债ETF,buy,3275.136928650085
2021-08-23,纳指,buy,3275.136928650085
2021-08-23,黄金,buy,3275.136928650085
2021-08-24,国债ETF,buy,5036.913777646492
2021-08-24,纳指,buy,5036.913777646492
2021-08-24,黄金,buy,5036.913777646492
2021-08-25,国债ETF,sell,1496.8496700371616
2021-08-25,纳指,sell,1496.8496700371616
2021-08-25,黄金,sell,1496.8496700371616
2021-08-26,国债ETF,sell,1743.9880031978246
2021-08-26,纳指,sell,1743.9880031978246
2021-08-26,黄金,sell,1743.9880031978246
2021-08-27,国债ETF,buy,2647.7604851749493
2021-08-27,纳指,buy,2647.7604851749493
2021-08-27,黄金,buy,2647.7604851749493
2021-08-30,国债ETF,buy,2466.4610696578166
2021-08-30,纳指,buy,2466.4610696578166
2021-08-30,黄金,buy,2466.4610696578166
2021-08-31,国债ETF,buy,3487.599221268785
2021-08-31,纳指,buy,3487.599221268785
2021-08-31,黄金,buy,3487.599221268785
2021-09-01,国债ETF,sell,967.8035287602106
2021-09-01,纳指,sell,967.8035287602106
2021-09-01,黄金,sell,967.8035287602106
2021-09-02,国债ETF,sell,527.5328299521934
2021-09-02,纳指,sell,527.5328299521934
2021-09-02,黄金,sell,527.5328299521934
2021-09-03,国债ETF,sell,437.5044313292019
2021-09-03,纳指,sell,437.5044313292019
2021-09-03,黄金,sell,437.5044313292019
2021-09-06,国债ETF,buy,1753.570013240329
2021-09-06,纳指,buy,1753.570013240329
2021-09-06,黄金,buy,1753.570013240329
2021-09-07,国债ETF,sell,725.1684214016423
2021-09-07,纳指,sell,725.1684214016423
2021-09-07,黄金,sell,725.1684214016423
2021-09-08,国债ETF,buy,352521.0561214505
2021-09-08,纳指,buy,352521.0561214505
2021-09-08,黄金,sell,714516.9748434928
2021-09-09,国债ETF,sell,2816.861812189454
2021-09-09,纳指,sell,2816.861812189454
2021-09-10,国债ETF,sell,1759.9005415758584
2021-09-10,纳指,sell,1759.9005415758584
2021-09-13,国债ETF,sell,2878.6245625542942
2021-09-13,纳指,sell,2878.6245625542942
2021-09-14,国债ETF,sell,3387.3227312681265
2021-09-14,纳指,sell,3387.3227312681265
2021-09-15,国债ETF,sell,1043.4917675238103
2021-09-15,纳指,sell,1043.4917675238103
2021-09-16,国债ETF,buy,1898.3947661952116
2021-09-16,纳指,buy,1898.3947661952116
2021-09-17,国债ETF,buy,3459.735230024671
2021-09-17,纳指,buy,3459.735230024671
2021-09-22,国债ETF,sell,1060509.9595460517
2021-09-22,沪深300,buy,1676302.4280873006
2021-09-22,纳指,sell,1060509.9595460517
2021-09-23,国债ETF,buy,701832.5274337862
2021-09-23,沪深300,sell,974469.9006535144
2021-09-23,纳指,buy,701832.5274337862
2021-09-24,国债ETF,buy,774.7852015690878
2021-09-24,沪深300,buy,774.7852015690878
2021-09-24,纳指,buy,774.7852015690878
2021-09-27,国债ETF,buy,2945.7944707836723
2021-09-27,沪深300,buy,2945.7944707836723
2021-09-27,纳指,buy,2945.7944707836723
2021-09-28,国债ETF,sell,705553.107106139
2021-09-28,沪深300,sell,705553.107106139
2021-09-28,纳指,buy,1059859.4710307436
2021-09-29,国债ETF,buy,2077865.2868098884
2021-09-29,纳指,sell,1765412.5781368825
2021-09-30,国债ETF,buy,961.8902126648463
2021-10-08,国债ETF,sell,3333.4471163037233
2021-10-11,国债ETF,sell,2075493.7299062496
2021-10-11,沪深300,buy,1742879.4918291974
2021-10-12,国债ETF,buy,1027395.8797048307
2021-10-12,沪深300,sell,1742879.4918291974
2021-10-12,黄金,buy,1027395.8797048308
2021-10-13,国债ETF,sell,332.38619023701176
2021-10-13,黄金,sell,332.3861902371282
2021-10-14,国债ETF,buy,6699.441073993687
2021-10-14,黄金,buy,6699.44107399357
2021-10-15,国债ETF,sell,1073.7951608231524
2021-10-15,黄金,sell,1073.7951608231524
2021-10-18,国债ETF,sell,1032689.1394277642
2021-10-18,黄金,sell,1032689.1394277641
2021-10-19,纳指,buy,1705744.661708692
2021-10-20,创业板,buy,588556.7964207277
2021-10-20,沪深300,buy,588556.7964207277
2021-10-20,纳指,sell,1117187.8652879642
2021-10-21,创业板,buy,7882.831905839732
2021-10-21,沪深300,buy,7882.831905839732
2021-10-21,纳指,buy,7882.831905839732
2021-10-22,创业板,buy,8586.922596508288
2021-10-22,沪深300,buy,8586.922596508288
2021-10-22,纳指,buy,8586.922596508288
2021-10-25,创业板,buy,8885.760624071583
2021-10-25,沪深300,buy,8885.760624071583
2021-10-25,纳指,buy,8885.760624071583
2021-10-26,创业板,buy,9257.951650627889
2021-10-26,沪深300,buy,9257.951650627889
2021-10-26,纳指,buy,9257.951650627889
2021-10-27,创业板,sell,623170.2631977752
2021-10-27,沪深300,buy,1160447.3343717556
2021-10-27,纳指,sell,623170.2631977752
2021-10-28,沪深300,sell,1783617.5975695308
2021-10-29,创业板,buy,621233.0197577442
2021-10-29,沪深300,buy,621233.0197577442
2021-10-29,纳指,buy,621233.0197577442
2021-11-01,创业板,buy,9754.787553086062
2021-11-01,沪深300,buy,9754.787553086062
2021-11-01,纳指,buy,9754.787553086062
2021-11-02,创业板,sell,630987.8073108302
2021-11-02,沪深300,sell,630987.8073108302
2021-11-02,纳指,sell,630987.8073108302
2021-11-09,创业板,buy,683625.6305855083
2021-11-09,国债ETF,buy,683625.6305855083
2021-11-09,纳指,buy,683625.6305855083
2021-11-10,创业板,sell,2186.652511299122
2021-11-10,国债ETF,sell,2186.652511299122
2021-11-10,纳指,sell,2186.652511299122
2021-11-11,创业板,sell,170370.1781165293
2021-11-11,国债ETF,sell,170370.1781165293
2021-11-11,纳指,sell,170370.1781165293
2021-11-11,黄金,buy,511068.7999576799
2021-11-12,创业板,sell,154.97085066855652
2021-11-12,国债ETF,sell,154.97085066849831
2021-11-12,纳指,sell,154.97085066849831
2021-11-12,黄金,sell,154.97085066849831
2021-11-15,创业板,buy,375.3841636358993
2021-11-15,国债ETF,buy,375.3841636358411
2021-11-15,纳指,buy,375.3841636358411
2021-11-15,黄金,buy,375.3841636358411
2021-11-16,创业板,sell,671.4665880530956
2021-11-16,国债ETF,sell,671.4665880530956
2021-11-16,纳指,sell,671.4665880530956
2021-11-16,黄金,sell,671.4665880531538
2021-11-17,创业板,buy,1987.8168704454438
2021-11-17,国债ETF,buy,1987.816870445502
2021-11-17,纳指,buy,1987.816870445502
2021-11-17,黄金,buy,1987.8168704456184
2021-11-18,创业板,sell,773.0164649939979
2021-11-18,国债ETF,sell,773.0164649940562
2021-11-18,纳指,sell,773.0164649940562
2021-11-18,黄金,sell,773.0164649940562
2021-11-19,创业板,sell,99930.26814292162
2021-11-19,国债ETF,sell,99930.26814292162
2021-11-19,沪深300,buy,411902.27894512395
2021-11-19,纳指,sell,99930.26814292162
2021-11-19,黄金,sell,99930.26814292168
2021-11-22,创业板,sell,411902.27894512395
2021-11-22,国债ETF,sell,411902.27894512395
2021-11-22,沪深300,sell,411902.27894512395
2021-11-22,纳指,sell,411902.27894512395
2021-11-22,黄金,sell,411902.27894512395
2021-12-01,创业板,buy,517018.9145491345
2021-12-01,国债ETF,buy,517018.91454913456
2021-12-01,纳指,buy,517018.9145491345
2021-12-01,黄金,buy,517018.91454913444
2021-12-02,创业板,buy,167103.39464867738
2021-12-02,国债ETF,buy,167103.39464867732
2021-12-02,纳指,buy,167103.39464867738
2021-12-02,黄金,sell,517018.91454913444
2021-12-03,创业板,buy,528.7364670324605
2021-12-03,国债ETF,buy,528.7364670324605
2021-12-03,纳指,buy,528.7364670324605
2021-12-06,创业板,sell,278586.7335654016
2021-12-06,国债ETF,sell,278586.7335654016
2021-12-06,沪深300,buy,406064.31209944276
2021-12-06,纳指,sell,278586.7335654016
2021-12-06,黄金,buy,406064.31209944276
2021-12-07,创业板,buy,271717.89109826955
2021-12-07,国债ETF,buy,271717.89109826955
2021-12-07,沪深300,sell,406064.31209944276
2021-12-07,纳指,buy,271717.89109826955
2021-12-07,黄金,sell,406064.31209944276
2021-12-08,创业板,sell,162693.44160436775
2021-12-08,国债ETF,sell,162693.4416043678
2021-12-08,沪深300,buy,515088.76159334456
2021-12-08,纳指,sell,162693.44160436775
2021-12-09,创业板,buy,3095.5951311574318
2021-12-09,国债ETF,buy,3095.595131157548
2021-12-09,沪深300,buy,3095.59513115749
2021-12-09,纳指,buy,3095.59513115749
2021-12-10,创业板,sell,829.4906723100576
2021-12-10,国债ETF,sell,829.4906723099994
2021-12-10,沪深300,sell,829.4906723099994
2021-12-10,纳指,sell,829.4906723100576
2021-12-13,创业板,buy,2668.751078470319
2021-12-13,国债ETF,buy,2668.751078470261
2021-12-13,沪深300,buy,2668.7510784702026
2021-12-13,纳指,buy,2668.751078470261
2021-12-14,创业板,sell,106273.85724964185
2021-12-14,国债ETF,sell,106273.85724964191
2021-12-14,沪深300,sell,106273.85724964185
2021-12-14,纳指,sell,106273.85724964185
2021-12-14,黄金,buy,413749.7598810204
2021-12-15,创业板,buy,99728.72148239269
2021-12-15,国债ETF,buy,99728.72148239269
2021-12-15,沪深300,buy,99728.72148239263
2021-12-15,纳指,buy,99728.72148239269
2021-12-15,黄金,sell,413749.7598810204
2021-12-16,创业板,buy,4721.396443405363
2021-12-16,国债ETF,buy,4721.396443405247
2021-12-16,沪深300,buy,4721.396443405363
2021-12-16,纳指,buy,4721.396443405305
2021-12-17,创业板,sell,7367.91227389907
2021-12-17,国债ETF,sell,7367.912273899012
2021-12-17,沪深300,sell,518199.8778068184
2021-12-17,纳指,sell,7367.91227389907
2021-12-17,黄金,buy,510831.96553291933
2021-12-20,创业板,sell,6071.755042763951
2021-12-20,国债ETF,sell,6071.755042763893
2021-12-20,纳指,sell,6071.755042763893
2021-12-20,黄金,sell,6071.755042763893
2021-12-21,创业板,sell,99677.85393823747
2021-12-21,国债ETF,sell,99677.85393823747
2021-12-21,沪深300,buy,405082.35655191797
2021-12-21,纳指,sell,99677.85393823747
2021-12-21,黄金,sell,99677.85393823747
2021-12-22,创业板,buy,70812.48127023515
2021-12-22,国债ETF,buy,70812.48127023515
2021-12-22,沪深300,buy,70812.4812702352
2021-12-22,纳指,buy,70812.48127023515
2021-12-22,黄金,sell,405082.35655191797
2021-12-23,创业板,sell,67871.87347964314
2021-12-23,国债ETF,sell,67871.87347964314
2021-12-23,沪深300,sell,67871.8734796432
2021-12-23,纳指,sell,67871.87347964314
2021-12-23,黄金,buy,408022.96434251
2021-12-24,创业板,sell,408022.96434251
2021-12-24,国债ETF,buy,100021.2962164575
2021-12-24,沪深300,buy,100021.2962164575
2021-12-24,纳指,buy,100021.2962164575
2021-12-24,黄金,buy,100021.2962164575
2021-12-27,国债ETF,buy,683.1985955774435
2021-12-27,沪深300,buy,683.1985955773853
2021-12-27,纳指,buy,683.1985955774435
2021-12-27,黄金,buy,683.1985955775017
2021-12-28,创业板,buy,409308.08865209366
2021-12-28,国债ETF,sell,99419.37050245126
2021-12-28,沪深300,sell,99419.3705024512
2021-12-28,纳指,sell,99419.37050245126
2021-12-28,黄金,sell,99419.37050245132
2021-12-29,创业板,sell,409308.08865209366
2021-12-29,国债ETF,buy,99058.2850922941
2021-12-29,沪深300,buy,99058.2850922941
2021-12-29,纳指,buy,99058.2850922941
2021-12-29,黄金,buy,99058.28509229404
2021-12-30,国债ETF,buy,508112.65351424355
2021-12-30,沪深300,buy,508112.65351424355
2021-12-30,纳指,sell,508366.37374438776
2021-12-30,黄金,sell,508366.3737443877
2021-12-31,国债ETF,sell,337725.62164723256
2021-12-31,沪深300,sell,337725.62164723256
2021-12-31,纳指,buy,678753.4056113987
2022-01-04,国债ETF,buy,849.2189124884317
2022-01-04,沪深300,buy,849.2189124884317
2022-01-04,纳指,buy,849.2189124884317
2022-01-05,国债ETF,buy,329386.57001453906
2022-01-05,沪深300,buy,329386.57001453906
2022-01-05,纳指,sell,679602.6245238872
2022-01-06,国债ETF,buy,997006.8987907734
2022-01-06,沪深300,sell,1008989.1945384262
2022-01-07,国债ETF,buy,158.93610006268136
2022-01-10,国债ETF,buy,2288.6798409002367
2022-01-11,国债ETF,buy,2733.7009210756514
2022-01-12,国债ETF,buy,762.8932803000789
2022-01-13,国债ETF,sell,238.40415009390563
2022-01-14,国债ETF,buy,4704.508561850991
2022-01-17,国债ETF,sell,588.0635702314321
2022-01-18,国债ETF,buy,5817.0612622885965
2022-01-19,国债ETF,sell,1011294.5110878638
2022-01-19,黄金,buy,1010340.8944874888
2022-01-20,国债ETF,buy,6741.096018053358
2022-01-20,黄金,buy,6741.096018053126
2022-01-21,国债ETF,buy,963.3554369170452
2022-01-21,黄金,buy,963.3554369170452
2022-01-24,国债ETF,buy,407.37194383726455
2022-01-24,黄金,buy,407.37194383738097
2022-01-25,国债ETF,buy,1120.0988243119791
2022-01-25,黄金,buy,1120.0988243119791
2022-01-26,国债ETF,sell,1908.1818229255732
2022-01-26,黄金,sell,1908.1818229256896
2022-01-27,国债ETF,sell,9629.606403563987
2022-01-27,黄金,sell,9629.606403563987
2022-01-28,国债ETF,sell,655.0114868639503
2022-01-28,黄金,sell,655.0114868638339
2022-02-07,国债ETF,buy,3205.203785309219
2022-02-07,黄金,buy,3205.2037853091024
2022-02-08,国债ETF,buy,3530.371193702682
2022-02-08,黄金,buy,3530.371193702682
2022-02-09,国债ETF,buy,2633.9222050596727
2022-02-09,黄金,buy,2633.922205059789
2022-02-10,国债ETF,buy,1435.0969808141235
2022-02-10,黄金,buy,1435.0969808141235
2022-02-11,国债ETF,sell,4935.114857741166
2022-02-11,黄金,sell,4935.114857741166
2022-02-14,国债ETF,buy,7897.212477821158
2022-02-14,黄金,buy,7897.212477821158
2022-02-15,国债ETF,buy,5106.881525225588
2022-02-15,黄金,buy,5106.881525225588
2022-02-16,国债ETF,sell,1026253.5903074461
2022-02-16,黄金,sell,1026253.5903074461
2022-07-11,创业板,buy,750590.2858050856
2022-07-11,沪深300,buy,750590.2858050856
2022-07-12,创业板,sell,14890.824281921494
2022-07-12,沪深300,sell,14890.824281921494
2022-07-13,创业板,buy,9516.182613198645
2022-07-13,沪深300,buy,9516.182613198645
2022-07-14,创业板,buy,9043.886772946804
2022-07-14,沪深300,buy,9043.886772946804
2022-07-15,创业板,sell,183216.0294450078
2022-07-15,国债ETF,buy,571043.5014643017
2022-07-15,沪深300,sell,183216.0294450078
2022-07-18,创业板,sell,128588.92278537276
2022-07-18,国债ETF,sell,128588.92278537276
2022-07-18,沪深300,sell,128588.92278537276
2022-07-18,纳指,buy,442454.5786789289
2022-07-19,创业板,buy,77242.12550390826
2022-07-19,国债ETF,sell,442454.57867892896
2022-07-19,沪深300,buy,77242.12550390826
2022-07-19,纳指,buy,77242.12550390838
2022-07-20,创业板,buy,4762.613932140346
2022-07-20,沪深300,buy,4762.613932140346
2022-07-20,纳指,buy,4762.613932140288
2022-07-21,创业板,buy,4021.471071785316
2022-07-21,沪深300,buy,4021.471071785316
2022-07-21,纳指,buy,4021.471071785316
2022-07-22,创业板,sell,77551.76323039358
2022-07-22,国债ETF,buy,450929.0259563693
2022-07-22,沪深300,sell,77551.76323039358
2022-07-22,纳指,sell,77551.76323039358
2022-07-25,创业板,buy,149922.8260874098
2022-07-25,国债ETF,buy,149922.8260874098
2022-07-25,沪深300,buy,149922.8260874098
2022-07-25,纳指,sell,450929.0259563693
2022-07-26,创业板,buy,8599.160332905478
2022-07-26,国债ETF,buy,8599.160332905478
2022-07-26,沪深300,buy,8599.160332905478
2022-07-27,创业板,buy,7418.626886841841
2022-07-27,国债ETF,buy,7418.626886841841
2022-07-27,沪深300,buy,7418.626886841841
2022-07-28,创业板,sell,149690.01322527934
2022-07-28,国债ETF,sell,149690.0132252794
2022-07-28,沪深300,sell,149690.0132252794
2022-07-28,纳指,buy,467179.626038247
2022-07-29,创业板,buy,7025.370009373815
2022-07-29,国债ETF,buy,7025.3700093738735
2022-07-29,沪深300,buy,7025.3700093738735
2022-07-29,纳指,buy,7025.370009373815
2022-08-01,创业板,buy,4769.866698210419
2022-08-01,国债ETF,buy,4769.866698210419
2022-08-01,沪深300,buy,4769.866698210419
2022-08-01,纳指,buy,4769.866698210477
2022-08-02,创业板,buy,142520.15228014666
2022-08-02,国债ETF,buy,142520.15228014666
2022-08-02,沪深300,sell,478974.8627458313
2022-08-02,纳指,buy,142520.15228014666
2022-08-03,创业板,sell,4112.5900867757155
2022-08-03,国债ETF,sell,4112.5900867757155
2022-08-03,纳指,sell,4112.5900867757155
2022-08-04,创业板,sell,1261.0654453948373
2022-08-04,国债ETF,sell,1261.0654453948373
2022-08-04,纳指,sell,1261.0654453948373
2022-08-05,创业板,sell,148465.7879168435
2022-08-05,国债ETF,sell,148465.7879168435
2022-08-05,沪深300,buy,467655.57157696394
2022-08-05,纳指,sell,148465.7879168435
2022-08-08,创业板,buy,162314.8289455573
2022-08-08,国债ETF,buy,162314.8289455573
2022-08-08,沪深300,sell,467655.57157696394
2022-08-08,纳指,buy,162314.8289455573
2022-08-09,创业板,buy,8366.035734180361
2022-08-09,国债ETF,buy,8366.035734180361
2022-08-09,纳指,buy,8366.035734180361
2022-08-10,创业板,sell,13569.583529282245
2022-08-10,国债ETF,sell,13569.583529282245
2022-08-10,纳指,sell,13569.583529282245
2022-08-11,创业板,sell,27771.969813717296
2022-08-11,国债ETF,sell,27771.969813717296
2022-08-11,纳指,sell,27771.969813717296
2022-08-12,创业板,sell,596994.882913702
2022-08-12,国债ETF,buy,323755.8202107339
2022-08-12,纳指,buy,323755.8202107339
2022-08-15,创业板,buy,597137.8695801117
2022-08-15,国债ETF,sell,323612.83354432427
2022-08-15,纳指,sell,323612.83354432427
2022-08-16,创业板,buy,9087.018257164164
2022-08-16,国债ETF,buy,9087.018257164164
2022-08-16,纳指,buy,9087.018257164164
2022-08-17,创业板,buy,9889.664426761563
2022-08-17,国债ETF,buy,9889.664426761563
2022-08-17,纳指,buy,9889.664426761563
2022-08-18,创业板,sell,616114.5522640374
2022-08-18,国债ETF,buy,329997.8771367455
2022-08-18,纳指,buy,329997.8771367455
2022-08-19,国债ETF,buy,14661.04519696231
2022-08-19,纳指,buy,14661.04519696231
2022-08-22,国债ETF,sell,18417.138515388244
2022-08-22,纳指,sell,18417.138515388244
2022-08-23,创业板,buy,619282.7944056881
2022-08-23,国债ETF,sell,323073.5416766689
2022-08-23,纳指,sell,323073.5416766689
2022-08-24,创业板,sell,619282.7944056881
2022-08-24,国债ETF,buy,306901.91676076397
2022-08-24,纳指,buy,306901.91676076397
2022-08-25,国债ETF,sell,248206.15184815077
2022-08-25,纳指,sell,248206.15184815077
2022-08-25,黄金,buy,677978.5593183013
2022-08-26,国债ETF,buy,273941.21576375095
2022-08-26,纳指,buy,273941.21576375095
2022-08-26,黄金,sell,677978.5593183013
2022-08-29,国债ETF,sell,86455.80208116164
2022-08-29,纳指,sell,86455.80208116164
2022-08-30,国债ETF,sell,197169.59752013604
2022-08-30,纳指,sell,197169.59752013604
2022-08-30,黄金,buy,668294.3754807545
2022-08-31,国债ETF,sell,3400.9174491791055
2022-08-31,纳指,sell,3400.9174491791055
2022-08-31,黄金,sell,3400.9174491791055
2022-09-01,国债ETF,sell,6948.223468802054
2022-09-01,纳指,sell,6948.223468802054
2022-09-01,黄金,sell,6948.223468802054
2022-09-02,国债ETF,buy,2336.857426841161
2022-09-02,纳指,buy,2336.857426841161
2022-09-02,黄金,buy,2336.857426841161
2022-09-05,国债ETF,buy,610.1390696392627
2022-09-05,纳指,buy,610.1390696392627
2022-09-05,黄金,buy,610.1390696392627
2022-09-06,国债ETF,buy,2581.1494073726935
2022-09-06,纳指,buy,2581.1494073726935
2022-09-06,黄金,buy,2581.1494073726935
2022-09-07,国债ETF,sell,3759.9776558796875
2022-09-07,纳指,sell,3759.9776558796875
2022-09-07,黄金,sell,3759.9776558796875
2022-09-08,国债ETF,buy,6114.756799423369
2022-09-08,纳指,buy,6114.756799423369
2022-09-08,黄金,buy,6114.756799423369
2022-09-09,国债ETF,buy,282.4925211883383
2022-09-09,纳指,buy,282.4925211883383
2022-09-09,黄金,buy,282.4925211883383
2022-09-13,国债ETF,buy,6294.0696239712415
2022-09-13,纳指,buy,6294.0696239712415
2022-09-13,黄金,buy,6294.0696239712415
2022-09-14,国债ETF,buy,317787.43425481673
2022-09-14,纳指,sell,672404.7217553298
2022-09-14,黄金,buy,317787.43425481685
2022-09-15,国债ETF,sell,2125.9351432379335
2022-09-15,黄金,sell,2125.93514323805
2022-09-16,国债ETF,sell,2550.6206887764856
2022-09-16,黄金,sell,2550.6206887764856
2022-09-19,国债ETF,buy,1775.5196019128198
2022-09-19,黄金,buy,1775.5196019128198
2022-09-20,国债ETF,sell,372438.40840472246
2022-09-20,纳指,buy,614852.7113753224
2022-09-20,黄金,sell,372438.40840472246
2022-09-21,国债ETF,buy,7954.662533550756
2022-09-21,纳指,buy,7954.662533550756
2022-09-21,黄金,buy,7954.662533550756
2022-09-22,国债ETF,buy,359066.4069323831
2022-09-22,纳指,sell,622807.3739088732
2022-09-22,黄金,buy,359066.4069323831
2022-09-23,国债ETF,sell,981873.7808412563
2022-09-23,黄金,sell,981873.7808412563
2022-11-04,黄金,buy,1967231.3156951126
2022-11-07,黄金,buy,14480.146382613806
2022-11-08,黄金,buy,3620.0365956535097
2022-11-09,黄金,sell,118037.88736632513
2022-11-10,黄金,sell,5659.922468804289
2022-11-11,黄金,buy,27064.762266358128
2022-11-14,黄金,sell,52850.084991379175
2022-11-15,黄金,buy,28750.306245109066
2022-11-16,纳指,buy,780216.4705798718
2022-11-16,黄金,sell,1084382.2017784668
2022-11-17,创业板,buy,533743.5104590072
2022-11-17,纳指,sell,246472.96012086456
2022-11-17,黄金,sell,246472.96012086456
2022-11-18,创业板,buy,4923.728881136281
2022-11-18,纳指,buy,4923.728881136281
2022-11-18,黄金,buy,4923.728881136281
2022-11-21,创业板,buy,330867.979624268
2022-11-21,纳指,sell,538667.2393401435
2022-11-21,黄金,buy,330867.979624268
2022-11-22,创业板,sell,12641.331826112466
2022-11-22,黄金,sell,12641.331826112466
2022-11-23,创业板,sell,312375.96966432396
2022-11-23,纳指,buy,544517.9174739751
2022-11-23,黄金,sell,312375.96966432396
2022-11-24,创业板,buy,7474.903269604547
2022-11-24,纳指,buy,7474.903269604547
2022-11-24,黄金,buy,7474.903269604547
2022-11-25,创业板,sell,551992.8207435797
2022-11-25,国债ETF,buy,673296.4023845593
2022-11-25,纳指,buy,121303.58164097962
2022-11-25,黄金,buy,121303.58164097962
2022-11-28,国债ETF,sell,673296.4023845593
2022-11-28,纳指,buy,149321.63744355855
2022-11-28,黄金,buy,149321.63744355855
2022-11-29,创业板,buy,419353.9685014943
2022-11-29,沪深300,buy,419353.9685014943
2022-11-29,纳指,sell,403264.0713266235
2022-11-29,黄金,sell,403264.0713266235
2022-11-30,创业板,sell,419353.9685014943
2022-11-30,沪深300,buy,159101.23537779675
2022-11-30,纳指,buy,159101.23537779675
2022-11-30,黄金,buy,159101.23537779675
2022-12-01,创业板,buy,418900.83224847686
2022-12-01,沪深300,sell,159554.37163081422
2022-12-01,纳指,sell,159554.37163081422
2022-12-01,黄金,sell,159554.37163081422
2022-12-02,创业板,buy,4647.242745224794
2022-12-02,沪深300,buy,4647.242745224794
2022-12-02,纳指,buy,4647.242745224794
2022-12-02,黄金,buy,4647.242745224794
2022-12-05,创业板,buy,4805.889556125505
2022-12-05,沪深300,buy,4805.889556125505
2022-12-05,纳指,buy,4805.889556125505
2022-12-05,黄金,buy,4805.889556125505
2022-12-06,创业板,buy,2917.1880351892905
2022-12-06,沪深300,buy,2917.1880351892323
2022-12-06,纳指,buy,2917.1880351892323
2022-12-06,黄金,buy,2917.1880351892323
2022-12-07,创业板,buy,5157.561844549957
2022-12-07,沪深300,buy,5157.561844550015
2022-12-07,纳指,buy,5157.561844550015
2022-12-07,黄金,buy,5157.561844550015
2022-12-08,创业板,sell,436428.7144295664
2022-12-08,沪深300,buy,164895.0096069032
2022-12-08,纳指,buy,164895.0096069032
2022-12-08,黄金,buy,164895.0096069032
2022-12-09,沪深300,buy,8759.358059287537
2022-12-09,纳指,buy,8759.358059287537
2022-12-09,黄金,buy,8759.358059287537
2022-12-12,沪深300,sell,3000.201742143836
2022-12-12,纳指,sell,3000.201742143836
2022-12-12,黄金,sell,3000.201742143836
2022-12-13,沪深300,buy,8534.74057596922
2022-12-13,纳指,buy,8534.74057596922
2022-12-13,黄金,buy,8534.74057596922
2022-12-14,沪深300,buy,5116.359579236247
2022-12-14,纳指,buy,5116.359579236247
2022-12-14,黄金,buy,5116.359579236247
2022-12-15,创业板,buy,464006.26501720055
2022-12-15,沪深300,sell,156727.7154916182
2022-12-15,纳指,sell,156727.7154916182
2022-12-15,黄金,sell,156727.7154916182
2022-12-16,创业板,buy,203603.2660106797
2022-12-16,沪深300,buy,203603.2660106797
2022-12-16,纳指,sell,464006.26501720055
2022-12-16,黄金,buy,203603.2660106797
2022-12-19,创业板,sell,4002.5301706605824
2022-12-19,沪深300,sell,4002.5301706605824
2022-12-19,黄金,sell,4002.5301706605824
2022-12-20,创业板,sell,663607.0008572197
2022-12-20,沪深300,buy,322084.3796799305
2022-12-20,黄金,buy,322084.3796799305
2022-12-21,沪深300,buy,4370.216230846476
2022-12-21,黄金,buy,4370.216230846476
2022-12-22,创业板,buy,660719.2469569112
2022-12-22,沪深300,sell,329342.3498110855
2022-12-22,黄金,sell,329342.3498110855
2022-12-23,创业板,sell,3671.258879699628
2022-12-23,沪深300,sell,3671.258879699628
2022-12-23,黄金,sell,3671.258879699628
2022-12-26,创业板,sell,657047.9880772115
2022-12-26,沪深300,buy,335613.9670325953
2022-12-26,黄金,buy,335613.9670325953
2022-12-27,沪深300,buy,7237.005116240471
2022-12-27,黄金,buy,7237.005116240471
2022-12-28,沪深300,sell,1268.1910837090109
2022-12-28,黄金,sell,1268.1910837090109
2022-12-29,沪深300,sell,2278.4708481632406
2022-12-29,黄金,sell,2278.4708481632406
2022-12-30,沪深300,buy,5303.18863615673
2022-12-30,黄金,buy,5303.18863615673
