date,nav,exposure,repo_amount,final_multiplier,circuit_breaker_triggered,drawdown_level,drawdown,n_positions,position_names,defense_active,offense_top
2014-01-27,1000000.0,0.0,1000000.0,0.0,True,normal,0.0,0,,创业板;纳指;黄金;国债ETF,
2014-01-28,1000000.0,0.0,1000000.0,0.0,True,normal,0.0,0,,创业板;纳指;黄金;国债ETF,
2014-01-29,1000000.0,0.0,1000000.0,0.0,True,normal,0.0,0,,创业板;纳指;黄金;国债ETF,
2014-01-30,1000000.0,0.0,1000000.0,0.0,True,normal,0.0,0,,创业板;纳指;黄金;国债ETF,
2014-02-07,1000000.0,0.0,1000000.0,0.0,True,normal,0.0,0,,创业板;纳指;黄金;国债ETF,
2014-02-10,1000000.0,0.0,1000000.0,0.0,True,normal,0.0,0,,创业板;纳指;黄金;国债ETF,
2014-02-11,1000000.0,0.0,1000000.0,0.0,True,normal,0.0,0,,创业板;纳指;黄金;国债ETF,
2014-02-12,1000000.0,0.0,1000000.0,0.0,True,normal,0.0,0,,创业板;纳指;黄金;国债ETF,
2014-02-13,1000000.0,0.0,1000000.0,0.0,True,normal,0.0,0,,创业板;纳指;黄金;国债ETF,
2014-02-14,1000000.0,0.0,1000000.0,0.0,True,normal,0.0,0,,创业板;纳指;黄金;国债ETF,
2014-02-17,1000000.0,0.0,1000000.0,0.0,True,normal,0.0,0,,创业板;纳指;黄金;国债ETF,
2014-02-18,1000000.0,0.0,1000000.0,0.0,True,normal,0.0,0,,创业板;纳指;黄金;国债ETF,
2014-02-19,1000000.0,0.0,1000000.0,0.0,True,normal,0.0,0,,创业板;纳指;黄金;国债ETF,
2014-02-20,1000000.0,0.0,1000000.0,0.0,True,normal,0.0,0,,创业板;纳指;黄金;国债ETF,
2014-02-21,1000000.0,0.0,1000000.0,0.0,True,normal,0.0,0,,创业板;纳指;黄金;国债ETF,
2014-02-24,1000000.0,0.0,1000000.0,0.0,True,normal,0.0,0,,创业板;纳指;黄金;国债ETF,
2014-02-25,1000000.0,0.0,1000000.0,0.0,True,normal,0.0,0,,创业板;纳指;黄金;国债ETF,
2014-02-26,1000000.0,0.0,1000000.0,0.0,True,normal,0.0,0,,创业板;纳指;黄金;国债ETF,
2014-02-27,1000000.0,0.0,1000000.0,0.0,True,normal,0.0,0,,创业板;纳指;黄金;国债ETF,
2014-02-28,1000000.0,0.0,1000000.0,0.0,True,normal,0.0,0,,创业板;纳指;黄金;国债ETF,
2014-03-03,1000000.0,0.0,1000000.0,0.0,True,normal,0.0,0,,创业板;纳指;黄金;国债ETF,
2014-03-04,1000000.0,0.0,1000000.0,0.0,True,normal,0.0,0,,创业板;纳指;黄金;国债ETF,
2014-03-05,1000000.0,0.0,1000000.0,0.0,True,normal,0.0,0,,创业板;纳指;黄金;国债ETF,
2014-03-06,1000000.0,0.0,1000000.0,0.0,True,normal,0.0,0,,创业板;纳指;黄金;国债ETF,
2014-03-07,1000000.0,0.0,1000000.0,0.0,True,normal,0.0,0,,创业板;纳指;黄金;国债ETF,
2014-03-10,1000000.0,0.0,1000000.0,0.0,True,normal,0.0,0,,创业板;纳指;黄金;国债ETF,
2014-03-11,1000000.0,0.0,1000000.0,0.0,True,normal,0.0,0,,纳指;黄金;国债ETF,
2014-03-12,1000000.0,0.0,1000000.0,0.0,True,normal,0.0,0,,创业板;纳指;黄金;国债ETF,
2014-03-13,1000000.0,0.0,1000000.0,0.0,True,normal,0.0,0,,创业板;纳指;黄金;国债ETF,
2014-03-14,1000000.0,0.0,1000000.0,0.0,True,normal,0.0,0,,创业板;纳指;黄金;国债ETF,
2014-03-17,1000000.0,0.0,1000000.0,0.0,True,normal,0.0,0,,创业板;纳指;黄金;国债ETF,
2014-03-18,1000000.0,0.0,1000000.0,0.0,True,normal,0.0,0,,创业板;纳指;黄金;国债ETF,
2014-03-19,1000000.0,0.0,1000000.0,0.0,True,normal,0.0,0,,创业板;纳指;黄金;国债ETF,
2014-03-20,1000000.0,0.0,1000000.0,0.0,True,normal,0.0,0,,创业板;纳指;黄金;国债ETF,
2014-03-21,1000000.0,0.0,1000000.0,0.0,True,normal,0.0,0,,创业板;纳指;黄金;国债ETF,
2014-03-24,1000000.0,0.0,1000000.0,0.0,True,normal,0.0,0,,纳指;黄金;国债ETF,
2014-03-25,1000000.0,0.0,1000000.0,0.0,True,normal,0.0,0,,纳指;黄金;国债ETF,
2014-03-26,1000000.0,0.0,1000000.0,0.0,True,normal,0.0,0,,纳指;黄金;国债ETF,
2014-03-27,1000000.0,0.0,1000000.0,0.0,True,normal,0.0,0,,黄金;国债ETF,
2014-03-28,1000000.0,0.0,1000000.0,0.0,True,normal,0.0,0,,纳指;黄金;国债ETF,
2014-03-31,1000000.0,0.0,1000000.0,0.0,True,normal,0.0,0,,纳指;黄金;国债ETF,
2014-04-01,1000000.0,0.0,1000000.0,0.0,True,normal,0.0,0,,纳指;黄金;国债ETF,
2014-04-02,1000000.0,0.0,1000000.0,0.0,True,normal,0.0,0,,纳指;黄金;国债ETF,
2014-04-03,1000000.0,0.0,1000000.0,0.0,True,normal,0.0,0,,纳指;黄金;国债ETF,
2014-04-04,1000000.0,0.0,1000000.0,0.0,True,normal,0.0,0,,纳指;黄金;国债ETF,
2014-04-08,1000000.0,0.0,1000000.0,0.0,True,normal,0.0,0,,黄金;国债ETF,
2014-04-09,1000000.0,0.0,1000000.0,0.0,True,normal,0.0,0,,黄金;国债ETF,
2014-04-10,1000000.0,0.0,1000000.0,0.0,True,normal,0.0,0,,纳指;黄金;国债ETF,
2014-04-11,1000000.0,0.0,1000000.0,0.0,True,normal,0.0,0,,黄金;国债ETF,
2014-04-14,1000000.0,0.0,1000000.0,0.0,True,normal,0.0,0,,黄金;国债ETF,
2014-04-15,1000000.0,0.0,1000000.0,0.0,True,normal,0.0,0,,黄金;国债ETF,
2014-04-16,1000000.0,0.0,1000000.0,0.0,True,normal,0.0,0,,黄金;国债ETF,
2014-04-17,1000000.0,0.0,1000000.0,0.0,True,normal,0.0,0,,黄金;国债ETF,
2014-04-18,1000000.0,0.0,1000000.0,0.0,True,normal,0.0,0,,国债ETF,
2014-04-21,1000000.0,0.0,1000000.0,0.0,True,normal,0.0,0,,国债ETF,
2014-04-22,1000000.0,0.0,1000000.0,0.0,True,normal,0.0,0,,沪深300;国债ETF,
2014-04-23,1000000.0,0.0,1000000.0,0.0,True,normal,0.0,0,,沪深300;国债ETF,
2014-04-24,1000000.0,0.0,1000000.0,0.0,True,normal,0.0,0,,沪深300;国债ETF,
2014-04-25,1000000.0,0.0,1000000.0,0.0,True,normal,0.0,0,,国债ETF,
2014-04-28,1000000.0,0.0,1000000.0,1.0,False,normal,0.0,1,国债ETF,国债ETF,
2014-04-29,1000079.3650793651,0.0,1000079.3650793651,0.0,True,normal,0.0,0,,国债ETF,
2014-04-30,1000079.3650793651,0.0,1000079.3650793651,0.0,True,normal,0.0,0,,国债ETF,
2014-05-05,1000079.3650793651,0.0,1000079.3650793651,0.0,True,normal,0.0,0,,黄金;国债ETF,
2014-05-06,1000079.3650793651,0.0,1000079.3650793651,0.0,True,normal,0.0,0,,国债ETF,
2014-05-07,1000079.3650793651,0.0,1000079.3650793651,0.0,True,normal,0.0,0,,沪深300;黄金;国债ETF,
2014-05-08,1000079.3650793651,0.0,1000079.3650793651,0.0,True,normal,0.0,0,,沪深300;国债ETF,
2014-05-09,1000079.3650793651,0.0,1000079.3650793651,0.0,True,normal,0.0,0,,沪深300;国债ETF,
2014-05-12,1000079.3650793651,0.0,1000079.3650793651,0.0,True,normal,0.0,0,,沪深300;国债ETF,
2014-05-13,1000079.3650793651,0.0,1000079.3650793651,0.0,True,normal,0.0,0,,沪深300;国债ETF,
2014-05-14,1000079.3650793651,0.0,1000079.3650793651,0.0,True,normal,0.0,0,,沪深300;纳指;国债ETF,
2014-05-15,1000079.3650793651,0.0,1000079.3650793651,0.0,True,normal,0.0,0,,沪深300;国债ETF,
2014-05-16,1000079.3650793651,0.0,1000079.3650793651,0.0,True,normal,0.0,0,,沪深300;国债ETF,
2014-05-19,1000079.3650793651,0.0,1000079.3650793651,0.0,True,normal,0.0,0,,沪深300;国债ETF,
2014-05-20,1000079.3650793651,0.0,1000079.3650793651,0.0,True,normal,0.0,0,,国债ETF,
2014-05-21,1000079.3650793651,0.0,1000079.3650793651,0.0,True,normal,0.0,0,,国债ETF,
2014-05-22,1000079.3650793651,0.0,1000079.3650793651,0.0,True,normal,0.0,0,,国债ETF,
2014-05-23,1000079.3650793651,0.0,1000079.3650793651,0.0,True,normal,0.0,0,,纳指;国债ETF,
2014-05-26,1000079.3650793651,0.0,1000079.3650793651,0.0,True,normal,0.0,0,,沪深300;纳指;黄金;国债ETF,
2014-05-27,1000079.3650793651,0.0,1000079.3650793651,0.0,True,normal,0.0,0,,纳指;黄金;国债ETF,
2014-05-28,1000079.3650793651,0.0,1000079.3650793651,0.0,True,normal,0.0,0,,沪深300;创业板;纳指;国债ETF,
2014-05-29,1000079.3650793651,0.0,1000079.3650793651,0.0,True,normal,0.0,0,,沪深300;纳指;国债ETF,
2014-05-30,1000079.3650793651,0.0,1000079.3650793651,0.0,True,normal,0.0,0,,纳指;国债ETF,
2014-06-03,1000079.3650793651,0.0,1000079.3650793651,0.0,True,normal,0.0,0,,纳指;国债ETF,
2014-06-04,1000079.3650793651,0.0,1000079.3650793651,0.0,True,normal,0.0,0,,纳指;国债ETF,
2014-06-05,1000079.3650793651,0.0,1000079.3650793651,0.0,True,normal,0.0,0,,创业板;纳指;国债ETF,
2014-06-06,1000079.3650793651,0.0,1000079.3650793651,0.0,True,normal,0.0,0,,纳指;国债ETF,
2014-06-09,1000079.3650793651,0.0,1000079.3650793651,0.0,True,normal,0.0,0,,纳指;国债ETF,
2014-06-10,1000079.3650793651,0.0,1000079.3650793651,0.0,True,normal,0.0,0,,纳指;国债ETF,
2014-06-11,1000079.3650793651,0.0,1000079.3650793651,1.0,False,normal,0.0,2,纳指;国债ETF,纳指;国债ETF,
2014-06-12,1000158.736457546,0.0,1000158.736457546,1.0,False,normal,0.0,3,创业板;纳指;国债ETF,创业板;纳指;国债ETF,
2014-06-13,1000238.1141350426,0.0,1000238.1141350426,1.0,False,normal,0.0,3,创业板;纳指;国债ETF,创业板;纳指;国债ETF,
2014-06-16,1000317.498112355,0.0,1000317.498112355,1.0,False,normal,0.0,3,创业板;纳指;国债ETF,创业板;纳指;国债ETF,
2014-06-17,1000396.888389983,0.0,1000396.888389983,1.0,False,normal,0.0,3,创业板;纳指;国债ETF,创业板;纳指;国债ETF,
2014-06-18,1000476.2849684267,0.0,1000476.2849684267,1.0,False,normal,0.0,3,创业板;纳指;国债ETF,创业板;纳指;国债ETF,
2014-06-19,1000555.6878481861,0.0,1000555.6878481861,1.0,False,normal,0.0,2,纳指;国债ETF,纳指;国债ETF,
2014-06-20,1000635.0970297614,0.0,1000635.0970297614,1.0,False,normal,0.0,4,创业板;纳指;黄金;国债ETF,创业板;纳指;黄金;国债ETF,
2014-06-23,1000714.5125136527,0.0,1000714.5125136527,1.0,False,normal,0.0,4,创业板;纳指;黄金;国债ETF,创业板;纳指;黄金;国债ETF,
2014-06-24,1000793.9343003602,0.0,1000793.9343003602,1.0,False,normal,0.0,4,创业板;纳指;黄金;国债ETF,创业板;纳指;黄金;国债ETF,
2014-06-25,1000873.3623903841,0.0,1000873.3623903841,1.0,False,normal,0.0,4,沪深300;创业板;纳指;国债ETF,沪深300;创业板;纳指;国债ETF,
2014-06-26,1000952.7967842246,0.0,1000952.7967842246,1.0,False,normal,0.0,5,沪深300;创业板;纳指;黄金;国债ETF,沪深300;创业板;纳指;黄金;国债ETF,
2014-06-27,1001032.2374823821,0.0,1001032.2374823821,1.0,False,normal,0.0,5,沪深300;创业板;纳指;黄金;国债ETF,沪深300;创业板;纳指;黄金;国债ETF,
2014-06-30,1001111.6844853569,0.0,1001111.6844853569,1.0,False,normal,0.0,5,沪深300;创业板;纳指;黄金;国债ETF,沪深300;创业板;纳指;黄金;国债ETF,
2014-07-01,1001191.1377936495,0.0,1001191.1377936495,1.0,False,normal,0.0,5,沪深300;创业板;纳指;黄金;国债ETF,沪深300;创业板;纳指;黄金;国债ETF,
2014-07-02,1001270.5974077601,0.0,1001270.5974077601,1.0,False,normal,0.0,5,沪深300;创业板;纳指;黄金;国债ETF,沪深300;创业板;纳指;黄金;国债ETF,
2014-07-03,1001350.0633281893,0.0,1001350.0633281893,1.0,False,normal,0.0,5,沪深300;创业板;纳指;黄金;国债ETF,沪深300;创业板;纳指;黄金;国债ETF,
2014-07-04,1001429.5355554377,0.0,1001429.5355554377,1.0,False,normal,0.0,5,沪深300;创业板;纳指;黄金;国债ETF,沪深300;创业板;纳指;黄金;国债ETF,
2014-07-07,1001509.0140900057,0.0,1001509.0140900057,1.0,False,normal,0.0,5,沪深300;创业板;纳指;黄金;国债ETF,沪深300;创业板;纳指;黄金;国债ETF,
2014-07-08,1001588.4989323938,0.0,1001588.4989323938,1.0,False,normal,0.0,5,沪深300;创业板;纳指;黄金;国债ETF,沪深300;创业板;纳指;黄金;国债ETF,
2014-07-09,1001667.9900831028,0.0,1001667.9900831028,1.0,False,normal,0.0,5,沪深300;创业板;纳指;黄金;国债ETF,沪深300;创业板;纳指;黄金;国债ETF,
2014-07-10,1001747.4875426333,0.0,1001747.4875426333,1.0,False,normal,0.0,4,沪深300;创业板;纳指;黄金,沪深300;创业板;纳指;黄金,
2014-07-11,1001826.991311486,0.0,1001826.991311486,1.0,False,normal,0.0,5,沪深300;创业板;纳指;黄金;国债ETF,沪深300;创业板;纳指;黄金;国债ETF,
2014-07-14,1001906.5013901616,0.0,1001906.5013901616,1.0,False,normal,0.0,5,沪深300;创业板;纳指;黄金;国债ETF,沪深300;创业板;纳指;黄金;国债ETF,
2014-07-15,1001986.0177791609,0.0,1001986.0177791609,1.0,False,normal,0.0,5,沪深300;创业板;纳指;黄金;国债ETF,沪深300;创业板;纳指;黄金;国债ETF,
2014-07-16,1002065.5404789847,0.0,1002065.5404789847,1.0,False,normal,0.0,4,沪深300;创业板;纳指;国债ETF,沪深300;创业板;纳指;国债ETF,
2014-07-17,1002145.0694901339,0.0,1002145.0694901339,1.0,False,normal,0.0,4,沪深300;创业板;纳指;黄金,沪深300;创业板;纳指;黄金,
2014-07-18,1002224.6048131094,0.0,1002224.6048131094,1.0,False,normal,0.0,4,沪深300;创业板;纳指;黄金,沪深300;创业板;纳指;黄金,
2014-07-21,1002304.1464484121,0.0,1002304.1464484121,0.0,True,normal,0.0,0,,沪深300;纳指;黄金,
2014-07-22,1002304.1464484121,0.0,1002304.1464484121,0.0,True,normal,0.0,0,,沪深300;创业板;纳指;黄金,
2014-07-23,1002304.1464484121,0.0,1002304.1464484121,0.0,True,normal,0.0,0,,沪深300;纳指;黄金,
2014-07-24,1002304.1464484121,0.0,1002304.1464484121,0.0,True,normal,0.0,0,,沪深300;纳指;黄金,
2014-07-25,1002304.1464484121,0.0,1002304.1464484121,0.0,True,normal,0.0,0,,沪深300;纳指;黄金,
2014-07-28,1002304.1464484121,0.0,1002304.1464484121,0.0,True,normal,0.0,0,,沪深300;纳指;黄金,
2014-07-29,1002304.1464484121,0.0,1002304.1464484121,0.0,True,normal,0.0,0,,沪深300;创业板;纳指;黄金,
2014-07-30,1002304.1464484121,0.0,1002304.1464484121,1.0,False,normal,0.0,3,沪深300;纳指;黄金,沪深300;纳指;黄金,
2014-07-31,1002383.694396543,0.0,1002383.694396543,1.0,False,normal,0.0,3,沪深300;纳指;黄金,沪深300;纳指;黄金,
2014-08-01,1002463.248658003,0.0,1002463.248658003,1.0,False,normal,0.0,3,沪深300;纳指;黄金,沪深300;纳指;黄金,
2014-08-04,1002542.8092332934,0.0,1002542.8092332934,1.0,False,normal,0.0,3,沪深300;纳指;黄金,沪深300;纳指;黄金,
2014-08-05,1002622.3761229152,0.0,1002622.3761229152,1.0,False,normal,0.0,3,沪深300;纳指;黄金,沪深300;纳指;黄金,
2014-08-06,1002701.9493273695,0.0,1002701.9493273695,1.0,False,normal,0.0,5,沪深300;创业板;纳指;黄金;国债ETF,沪深300;创业板;纳指;黄金;国债ETF,
2014-08-07,1002781.5288471574,0.0,1002781.5288471574,1.0,False,normal,0.0,4,沪深300;纳指;黄金;国债ETF,沪深300;纳指;黄金;国债ETF,
2014-08-08,1002861.1146827802,0.0,1002861.1146827802,1.0,False,normal,0.0,3,沪深300;纳指;黄金,沪深300;纳指;黄金,
2014-08-11,1002940.7068347392,0.0,1002940.7068347392,1.0,False,normal,0.0,5,沪深300;创业板;纳指;黄金;国债ETF,沪深300;创业板;纳指;黄金;国债ETF,
2014-08-12,1003020.3053035357,0.0,1003020.3053035357,1.0,False,normal,0.0,4,沪深300;创业板;纳指;黄金,沪深300;创业板;纳指;黄金,
2014-08-13,1003099.9100896709,0.0,1003099.9100896709,1.0,False,normal,0.0,5,沪深300;创业板;纳指;黄金;国债ETF,沪深300;创业板;纳指;黄金;国债ETF,
2014-08-14,1003179.5211936464,0.0,1003179.5211936464,1.0,False,normal,0.0,4,沪深300;创业板;纳指;国债ETF,沪深300;创业板;纳指;国债ETF,
2014-08-15,1003259.1386159634,0.0,1003259.1386159634,1.0,False,normal,0.0,4,沪深300;创业板;纳指;国债ETF,沪深300;创业板;纳指;国债ETF,
2014-08-18,1003338.7623571234,0.0,1003338.7623571234,1.0,False,normal,0.0,3,沪深300;创业板;纳指,沪深300;创业板;纳指,
2014-08-19,1003418.392417628,0.0,1003418.392417628,1.0,False,normal,0.0,3,沪深300;创业板;纳指,沪深300;创业板;纳指,
2014-08-20,1003498.0287979787,0.0,1003498.0287979787,1.0,False,normal,0.0,3,沪深300;创业板;纳指,沪深300;创业板;纳指,
2014-08-21,1003577.671498677,0.0,1003577.671498677,1.0,False,normal,0.0,3,沪深300;创业板;纳指,沪深300;创业板;纳指,
2014-08-22,1003657.3205202245,0.0,1003657.3205202245,1.0,False,normal,0.0,4,沪深300;创业板;纳指;国债ETF,沪深300;创业板;纳指;国债ETF,
2014-08-25,1003736.975863123,0.0,1003736.975863123,1.0,False,normal,0.0,4,沪深300;创业板;纳指;国债ETF,沪深300;创业板;纳指;国债ETF,
2014-08-26,1003816.6375278741,0.0,1003816.6375278741,1.0,False,normal,0.0,3,沪深300;纳指;国债ETF,沪深300;纳指;国债ETF,
2014-08-27,1003896.3055149795,0.0,1003896.3055149795,1.0,False,normal,0.0,3,沪深300;纳指;国债ETF,沪深300;纳指;国债ETF,
2014-08-28,1003975.979824941,0.0,1003975.979824941,1.0,False,normal,0.0,3,沪深300;纳指;国债ETF,沪深300;纳指;国债ETF,
2014-08-29,1004055.6604582606,0.0,1004055.6604582606,1.0,False,normal,0.0,4,沪深300;创业板;纳指;国债ETF,沪深300;创业板;纳指;国债ETF,
2014-09-01,1004135.3474154398,0.0,1004135.3474154398,0.0,True,normal,0.0,0,,沪深300;创业板;纳指;国债ETF,
2014-09-02,1004135.3474154398,0.0,1004135.3474154398,0.0,True,normal,0.0,0,,沪深300;创业板;纳指;国债ETF,
2014-09-03,1004135.3474154398,0.0,1004135.3474154398,0.0,True,normal,0.0,0,,沪深300;创业板;纳指;国债ETF,
2014-09-04,1004135.3474154398,0.0,1004135.3474154398,0.0,True,normal,0.0,0,,沪深300;创业板;纳指;国债ETF,
2014-09-05,1004135.3474154398,0.0,1004135.3474154398,0.0,True,normal,0.0,0,,沪深300;创业板;纳指;国债ETF,
2014-09-09,1004135.3474154398,0.0,1004135.3474154398,0.0,True,normal,0.0,0,,沪深300;创业板;纳指;国债ETF,
2014-09-10,1004135.3474154398,0.0,1004135.3474154398,0.0,True,normal,0.0,0,,沪深300;创业板;纳指;国债ETF,
2014-09-11,1004135.3474154398,0.0,1004135.3474154398,0.0,True,normal,0.0,0,,沪深300;创业板;纳指;国债ETF,
2014-09-12,1004135.3474154398,0.0,1004135.3474154398,0.0,True,normal,0.0,0,,沪深300;创业板;纳指;国债ETF,
2014-09-15,1004135.3474154398,0.0,1004135.3474154398,0.0,True,normal,0.0,0,,沪深300;创业板;纳指;国债ETF,
2014-09-16,1004135.3474154398,0.0,1004135.3474154398,0.0,True,normal,0.0,0,,沪深300;创业板;纳指;国债ETF,
2014-09-17,1004135.3474154398,0.0,1004135.3474154398,0.0,True,normal,0.0,0,,沪深300;创业板;纳指;国债ETF,
2014-09-18,1004135.3474154398,0.0,1004135.3474154398,0.0,True,normal,0.0,0,,沪深300;创业板;纳指;国债ETF,
2014-09-19,1004135.3474154398,0.0,1004135.3474154398,0.0,True,normal,0.0,0,,沪深300;创业板;纳指;国债ETF,
2014-09-22,1004135.3474154398,0.0,1004135.3474154398,0.0,True,normal,0.0,0,,沪深300;创业板;纳指;国债ETF,
2014-09-23,1004135.3474154398,0.0,1004135.3474154398,0.0,True,normal,0.0,0,,沪深300;创业板;纳指;国债ETF,
2014-09-24,1004135.3474154398,0.0,1004135.3474154398,0.0,True,normal,0.0,0,,沪深300;创业板;纳指;国债ETF,
2014-09-25,1004135.3474154398,0.0,1004135.3474154398,0.0,True,normal,0.0,0,,沪深300;创业板;纳指;国债ETF,
2014-09-26,1004135.3474154398,0.0,1004135.3474154398,0.0,True,normal,0.0,0,,沪深300;创业板;纳指;国债ETF,
2014-09-29,1004135.3474154398,0.0,1004135.3474154398,0.0,True,normal,0.0,0,,沪深300;创业板;纳指;国债ETF,
2014-09-30,1004135.3474154398,0.0,1004135.3474154398,0.0,True,normal,0.0,0,,沪深300;创业板;纳指;国债ETF,
2014-10-08,1004135.3474154398,0.0,1004135.3474154398,0.0,True,normal,0.0,0,,沪深300;创业板;纳指;国债ETF,
2014-10-09,1004135.3474154398,0.0,1004135.3474154398,0.0,True,normal,0.0,0,,沪深300;创业板;纳指;国债ETF,
2014-10-10,1004135.3474154398,0.0,1004135.3474154398,0.0,True,normal,0.0,0,,沪深300;创业板;纳指;国债ETF,
2014-10-13,1004135.3474154398,0.0,1004135.3474154398,0.0,True,normal,0.0,0,,沪深300;创业板;国债ETF,
2014-10-14,1004135.3474154398,0.0,1004135.3474154398,1.0,False,normal,0.0,3,沪深300;创业板;国债ETF,沪深300;创业板;国债ETF,
2014-10-15,1004215.0406969808,0.0,1004215.0406969808,1.0,False,normal,0.0,3,沪深300;创业板;国债ETF,沪深300;创业板;国债ETF,
2014-10-16,1004294.7403033853,0.0,1004294.7403033853,1.0,False,normal,0.0,3,沪深300;创业板;国债ETF,沪深300;创业板;国债ETF,
2014-10-17,1004374.4462351555,0.0,1004374.4462351555,1.0,False,normal,0.0,3,沪深300;创业板;国债ETF,沪深300;创业板;国债ETF,
2014-10-20,1004454.1584927932,0.0,1004454.1584927932,1.0,False,normal,0.0,3,沪深300;创业板;国债ETF,沪深300;创业板;国债ETF,
2014-10-21,1004533.8770768006,0.0,1004533.8770768006,1.0,False,normal,0.0,3,沪深300;创业板;国债ETF,沪深300;创业板;国债ETF,
2014-10-22,1004613.6019876797,0.0,1004613.6019876797,1.0,False,normal,0.0,3,沪深300;创业板;国债ETF,沪深300;创业板;国债ETF,
2014-10-23,1004693.3332259328,0.0,1004693.3332259328,1.0,False,normal,0.0,3,沪深300;创业板;国债ETF,沪深300;创业板;国债ETF,
2014-10-24,1004773.0707920619,0.0,1004773.0707920619,1.0,False,normal,0.0,3,沪深300;创业板;国债ETF,沪深300;创业板;国债ETF,
2014-10-27,1004852.8146865692,0.0,1004852.8146865692,1.0,False,normal,0.0,3,沪深300;创业板;国债ETF,沪深300;创业板;国债ETF,
2014-10-28,1004932.564909957,0.0,1004932.564909957,1.0,False,normal,0.0,3,沪深300;创业板;国债ETF,沪深300;创业板;国债ETF,
2014-10-29,1005012.3214627277,0.0,1005012.3214627277,1.0,False,normal,0.0,3,沪深300;创业板;国债ETF,沪深300;创业板;国债ETF,
2014-10-30,1005092.0843453836,0.0,1005092.0843453836,1.0,False,normal,0.0,3,沪深300;创业板;国债ETF,沪深300;创业板;国债ETF,
2014-10-31,1005171.853558427,0.0,1005171.853558427,1.0,False,normal,0.0,4,沪深300;创业板;纳指;国债ETF,沪深300;创业板;纳指;国债ETF,
2014-11-03,1005251.6291023602,0.0,1005251.6291023602,1.0,False,normal,0.0,4,沪深300;创业板;纳指;国债ETF,沪深300;创业板;纳指;国债ETF,
2014-11-04,1005331.4109776858,0.0,1005331.4109776858,1.0,False,normal,0.0,4,沪深300;创业板;纳指;国债ETF,沪深300;创业板;纳指;国债ETF,
2014-11-05,1005411.1991849063,0.0,1005411.1991849063,1.0,False,normal,0.0,3,沪深300;创业板;国债ETF,沪深300;创业板;国债ETF,
2014-11-06,1005490.9937245242,0.0,1005490.9937245242,1.0,False,normal,0.0,4,沪深300;创业板;纳指;国债ETF,沪深300;创业板;纳指;国债ETF,
2014-11-07,1005570.794597042,0.0,1005570.794597042,1.0,False,normal,0.0,4,沪深300;创业板;纳指;国债ETF,沪深300;创业板;纳指;国债ETF,
2014-11-10,1005650.6018029625,0.0,1005650.6018029625,1.0,False,normal,0.0,4,沪深300;创业板;纳指;国债ETF,沪深300;创业板;纳指;国债ETF,
2014-11-11,1005730.4153427882,0.0,1005730.4153427882,1.0,False,normal,0.0,3,沪深300;纳指;国债ETF,沪深300;纳指;国债ETF,
2014-11-12,1005810.2352170218,0.0,1005810.2352170218,1.0,False,normal,0.0,3,沪深300;纳指;国债ETF,沪深300;纳指;国债ETF,
2014-11-13,1005890.061426166,0.0,1005890.061426166,1.0,False,normal,0.0,3,沪深300;纳指;国债ETF,沪深300;纳指;国债ETF,
2014-11-14,1005969.8939707236,0.0,1005969.8939707236,1.0,False,normal,0.0,3,沪深300;纳指;国债ETF,沪深300;纳指;国债ETF,
2014-11-17,1006049.7328511975,0.0,1006049.7328511975,1.0,False,normal,0.0,3,沪深300;纳指;国债ETF,沪深300;纳指;国债ETF,
2014-11-18,1006129.5780680905,0.0,1006129.5780680905,1.0,False,normal,0.0,4,沪深300;创业板;纳指;国债ETF,沪深300;创业板;纳指;国债ETF,
2014-11-19,1006209.4296219054,0.0,1006209.4296219054,1.0,False,normal,0.0,4,沪深300;创业板;纳指;国债ETF,沪深300;创业板;纳指;国债ETF,
2014-11-20,1006289.2875131454,0.0,1006289.2875131454,1.0,False,normal,0.0,3,沪深300;纳指;国债ETF,沪深300;纳指;国债ETF,
2014-11-21,1006369.1517423132,0.0,1006369.1517423132,1.0,False,normal,0.0,4,沪深300;创业板;纳指;国债ETF,沪深300;创业板;纳指;国债ETF,
2014-11-24,1006449.0223099118,0.0,1006449.0223099118,1.0,False,normal,0.0,4,沪深300;创业板;纳指;国债ETF,沪深300;创业板;纳指;国债ETF,
2014-11-25,1006528.8992164443,0.0,1006528.8992164443,1.0,False,normal,0.0,4,沪深300;创业板;纳指;国债ETF,沪深300;创业板;纳指;国债ETF,
2014-11-26,1006608.782462414,0.0,1006608.782462414,1.0,False,normal,0.0,4,沪深300;创业板;纳指;国债ETF,沪深300;创业板;纳指;国债ETF,
2014-11-27,1006688.6720483238,0.0,1006688.6720483238,1.0,False,normal,0.0,4,沪深300;创业板;纳指;国债ETF,沪深300;创业板;纳指;国债ETF,
2014-11-28,1006768.5679746768,0.0,1006768.5679746768,1.0,False,normal,0.0,4,沪深300;创业板;纳指;国债ETF,沪深300;创业板;纳指;国债ETF,
2014-12-01,1006848.4702419764,0.0,1006848.4702419764,1.0,False,normal,0.0,4,沪深300;创业板;纳指;国债ETF,沪深300;创业板;纳指;国债ETF,
2014-12-02,1006928.3788507258,0.0,1006928.3788507258,1.0,False,normal,0.0,4,沪深300;创业板;纳指;国债ETF,沪深300;创业板;纳指;国债ETF,
2014-12-03,1007008.2938014283,0.0,1007008.2938014283,1.0,False,normal,0.0,4,沪深300;创业板;纳指;国债ETF,沪深300;创业板;纳指;国债ETF,
2014-12-04,1007088.2150945872,0.0,1007088.2150945872,1.0,False,normal,0.0,4,沪深300;创业板;纳指;国债ETF,沪深300;创业板;纳指;国债ETF,
2014-12-05,1007168.1427307058,0.0,1007168.1427307058,1.0,False,normal,0.0,4,沪深300;创业板;纳指;国债ETF,沪深300;创业板;纳指;国债ETF,
2014-12-08,1007248.0767102876,0.0,1007248.0767102876,1.0,False,normal,0.0,4,沪深300;创业板;纳指;国债ETF,沪深300;创业板;纳指;国债ETF,
2014-12-09,1007328.0170338361,0.0,1007328.0170338361,0.7044440905019091,False,normal,0.0,3,沪深300;纳指;国债ETF,沪深300;纳指;国债ETF,
2014-12-10,1007407.9637018547,0.0,1007407.9637018547,0.5183011408395098,False,normal,0.0,4,沪深300;创业板;纳指;黄金,沪深300;创业板;纳指;黄金,
2014-12-11,1007487.916714847,0.0,1007487.916714847,0.4280904162664208,False,normal,0.0,3,沪深300;创业板;纳指,沪深300;创业板;纳指,
2014-12-12,1007567.8760733164,0.0,1007567.8760733164,0.4410765774883542,False,normal,0.0,3,沪深300;创业板;纳指,沪深300;创业板;纳指,
2014-12-15,1007647.8417777667,0.0,1007647.8417777667,0.606284211696088,False,normal,0.0,4,沪深300;创业板;纳指;国债ETF,沪深300;创业板;纳指;国债ETF,
2014-12-16,1007727.8138287015,0.0,1007727.8138287015,0.6251859404354254,False,normal,0.0,4,沪深300;创业板;纳指;国债ETF,沪深300;创业板;纳指;国债ETF,
2014-12-17,1007807.7922266244,0.0,1007807.7922266244,0.6448042067273938,False,normal,0.0,4,沪深300;创业板;纳指;国债ETF,沪深300;创业板;纳指;国债ETF,
2014-12-18,1007887.7769720393,0.0,1007887.7769720393,0.664931851178534,False,normal,0.0,4,沪深300;创业板;纳指;国债ETF,沪深300;创业板;纳指;国债ETF,
2014-12-19,1007967.7680654498,0.0,1007967.7680654498,0.6842460171627007,False,normal,0.0,4,沪深300;创业板;纳指;国债ETF,沪深300;创业板;纳指;国债ETF,
2014-12-22,1008047.7655073598,0.0,1008047.7655073598,0.7352791508421301,False,normal,0.0,3,沪深300;纳指;国债ETF,沪深300;纳指;国债ETF,
2014-12-23,1008127.7692982731,0.0,1008127.7692982731,0.7357249757642453,False,normal,0.0,3,沪深300;纳指;国债ETF,沪深300;纳指;国债ETF,
2014-12-24,1008207.7794386937,0.0,1008207.7794386937,0.7152035763764105,False,normal,0.0,3,沪深300;纳指;国债ETF,沪深300;纳指;国债ETF,
2014-12-25,1008287.7959291254,0.0,1008287.7959291254,0.763103922392694,False,normal,0.0,5,沪深300;创业板;纳指;黄金;国债ETF,沪深300;创业板;纳指;黄金;国债ETF,
2014-12-26,1008367.8187700722,0.0,1008367.8187700722,0.837385767610382,False,normal,0.0,4,沪深300;纳指;黄金;国债ETF,沪深300;纳指;黄金;国债ETF,
2014-12-29,1008447.8479620381,0.0,1008447.8479620381,0.6341686517321411,False,normal,0.0,3,沪深300;纳指;黄金,沪深300;纳指;黄金,
2014-12-30,1008527.8835055272,0.0,1008527.8835055272,0.6463689027653255,False,normal,0.0,3,沪深300;纳指;黄金,沪深300;纳指;黄金,
2014-12-31,1008607.9254010435,0.0,1008607.9254010435,0.6555149094289229,False,normal,0.0,3,沪深300;纳指;黄金,沪深300;纳指;黄金,
2015-01-05,1008687.9736490912,0.0,1008687.9736490912,0.6755755344855418,False,normal,0.0,3,沪深300;纳指;黄金,沪深300;纳指;黄金,
2015-01-06,1008768.0282501745,0.0,1008768.0282501745,0.5005816504328654,False,normal,0.0,3,沪深300;创业板;黄金,沪深300;创业板;黄金,
2015-01-07,1008848.0892047975,0.0,1008848.0892047975,0.5095851705082957,False,normal,0.0,3,沪深300;创业板;黄金,沪深300;创业板;黄金,
2015-01-08,1008928.1565134646,0.0,1008928.1565134646,0.6879297078929091,False,normal,0.0,4,沪深300;创业板;纳指;黄金,沪深300;创业板;纳指;黄金,
2015-01-09,1009008.23017668,0.0,1009008.23017668,0.7081345010102497,False,normal,0.0,4,沪深300;创业板;纳指;黄金,沪深300;创业板;纳指;黄金,
2015-01-12,1009088.3101949481,0.0,1009088.3101949481,1.0,False,normal,0.0,5,沪深300;创业板;纳指;黄金;国债ETF,沪深300;创业板;纳指;黄金;国债ETF,
2015-01-13,1009168.3965687732,0.0,1009168.3965687732,0.7489028450766348,False,normal,0.0,4,沪深300;创业板;黄金;国债ETF,沪深300;创业板;黄金;国债ETF,
2015-01-14,1009248.4892986596,0.0,1009248.4892986596,0.7628670807282126,False,normal,0.0,4,沪深300;创业板;黄金;国债ETF,沪深300;创业板;黄金;国债ETF,
2015-01-15,1009328.5883851119,0.0,1009328.5883851119,0.7779640840860941,False,normal,0.0,4,沪深300;创业板;黄金;国债ETF,沪深300;创业板;黄金;国债ETF,
2015-01-16,1009408.6938286346,0.0,1009408.6938286346,0.7203382692323846,False,normal,0.0,4,沪深300;创业板;黄金;国债ETF,沪深300;创业板;黄金;国债ETF,
2015-01-19,1009488.8056297321,0.0,1009488.8056297321,0.6008863075726901,False,normal,0.0,4,沪深300;创业板;黄金;国债ETF,沪深300;创业板;黄金;国债ETF,
2015-01-20,1009568.9237889091,0.0,1009568.9237889091,0.5751777004516798,False,normal,0.0,4,沪深300;创业板;黄金;国债ETF,沪深300;创业板;黄金;国债ETF,
2015-01-21,1009649.0483066702,0.0,1009649.0483066702,0.5617552843283361,False,normal,0.0,4,沪深300;创业板;黄金;国债ETF,沪深300;创业板;黄金;国债ETF,
2015-01-22,1009729.1791835199,0.0,1009729.1791835199,0.5774095939408342,False,normal,0.0,4,沪深300;创业板;黄金;国债ETF,沪深300;创业板;黄金;国债ETF,
2015-01-23,1009809.3164199631,0.0,1009809.3164199631,0.5882028871335881,False,normal,0.0,4,沪深300;创业板;黄金;国债ETF,沪深300;创业板;黄金;国债ETF,
2015-01-26,1009889.4600165045,0.0,1009889.4600165045,0.5986697768402907,False,normal,0.0,4,沪深300;创业板;黄金;国债ETF,沪深300;创业板;黄金;国债ETF,
2015-01-27,1009969.6099736487,0.0,1009969.6099736487,0.6088658790651588,False,normal,0.0,4,沪深300;创业板;黄金;国债ETF,沪深300;创业板;黄金;国债ETF,
2015-01-28,1010049.7662919007,0.0,1010049.7662919007,0.6135460372360992,False,normal,0.0,4,沪深300;创业板;黄金;国债ETF,沪深300;创业板;黄金;国债ETF,
2015-01-29,1010129.9289717651,0.0,1010129.9289717651,0.6185675011206047,False,normal,0.0,4,沪深300;创业板;黄金;国债ETF,沪深300;创业板;黄金;国债ETF,
2015-01-30,1010210.098013747,0.0,1010210.098013747,0.6026652378039336,False,normal,0.0,4,沪深300;创业板;黄金;国债ETF,沪深300;创业板;黄金;国债ETF,
2015-02-02,1010290.2734183513,0.0,1010290.2734183513,0.6215671905272356,False,normal,0.0,4,沪深300;创业板;黄金;国债ETF,沪深300;创业板;黄金;国债ETF,
2015-02-03,1010370.455186083,0.0,1010370.455186083,0.6087069646778756,False,normal,0.0,4,沪深300;创业板;黄金;国债ETF,沪深300;创业板;黄金;国债ETF,
2015-02-04,1010450.643317447,0.0,1010450.643317447,0.7405959231959685,False,normal,0.0,5,沪深300;创业板;纳指;黄金;国债ETF,沪深300;创业板;纳指;黄金;国债ETF,
2015-02-05,1010530.8378129485,0.0,1010530.8378129485,0.6404559255195243,False,normal,0.0,4,沪深300;创业板;黄金;国债ETF,沪深300;创业板;黄金;国债ETF,
2015-02-06,1010611.0386730924,0.0,1010611.0386730924,0.7637883603270716,False,normal,0.0,5,沪深300;创业板;纳指;黄金;国债ETF,沪深300;创业板;纳指;黄金;国债ETF,
2015-02-09,1010691.2458983839,0.0,1010691.2458983839,0.7722887545827717,False,normal,0.0,5,沪深300;创业板;纳指;黄金;国债ETF,沪深300;创业板;纳指;黄金;国债ETF,
2015-02-10,1010771.4594893283,0.0,1010771.4594893283,0.7783668381732486,False,normal,0.0,5,沪深300;创业板;纳指;黄金;国债ETF,沪深300;创业板;纳指;黄金;国债ETF,
2015-02-11,1010851.6794464306,0.0,1010851.6794464306,0.7906082312670913,False,normal,0.0,5,沪深300;创业板;纳指;黄金;国债ETF,沪深300;创业板;纳指;黄金;国债ETF,
2015-02-12,1010931.9057701962,0.0,1010931.9057701962,0.8148664471527314,False,normal,0.0,5,沪深300;创业板;纳指;黄金;国债ETF,沪深300;创业板;纳指;黄金;国债ETF,
2015-02-13,1011012.1384611304,0.0,1011012.1384611304,0.798884896580049,False,normal,0.0,5,沪深300;创业板;纳指;黄金;国债ETF,沪深300;创业板;纳指;黄金;国债ETF,
2015-02-16,1011092.3775197385,0.0,1011092.3775197385,0.7901909542737485,False,normal,0.0,5,沪深300;创业板;纳指;黄金;国债ETF,沪深300;创业板;纳指;黄金;国债ETF,
2015-02-17,1011172.6229465258,0.0,1011172.6229465258,0.8138873458115499,False,normal,0.0,5,沪深300;创业板;纳指;黄金;国债ETF,沪深300;创业板;纳指;黄金;国债ETF,
2015-02-25,1011252.8747419978,0.0,1011252.8747419978,0.8189566913840249,False,normal,0.0,5,沪深300;创业板;纳指;黄金;国债ETF,沪深300;创业板;纳指;黄金;国债ETF,
2015-02-26,1011333.1329066599,0.0,1011333.1329066599,0.8380342455615771,False,normal,0.0,5,沪深300;创业板;纳指;黄金;国债ETF,沪深300;创业板;纳指;黄金;国债ETF,
2015-02-27,1011413.3974410176,0.0,1011413.3974410176,0.8579467591739404,False,normal,0.0,5,沪深300;创业板;纳指;黄金;国债ETF,沪深300;创业板;纳指;黄金;国债ETF,
2015-03-02,1011493.6683455764,0.0,1011493.6683455764,0.8666870342181757,False,normal,0.0,5,沪深300;创业板;纳指;黄金;国债ETF,沪深300;创业板;纳指;黄金;国债ETF,
2015-03-03,1011573.9456208419,0.0,1011573.9456208419,0.8477167526845081,False,normal,0.0,5,沪深300;创业板;纳指;黄金;国债ETF,沪深300;创业板;纳指;黄金;国债ETF,
2015-03-04,1011654.2292673198,0.0,1011654.2292673198,0.8656750794920784,False,normal,0.0,5,沪深300;创业板;纳指;黄金;国债ETF,沪深300;创业板;纳指;黄金;国债ETF,
2015-03-05,1011734.5192855156,0.0,1011734.5192855156,1.0,False,normal,0.0,4,创业板;纳指;黄金;国债ETF,创业板;纳指;黄金;国债ETF,
2015-03-06,1011814.8156759351,0.0,1011814.8156759351,1.0,False,normal,0.0,4,创业板;纳指;黄金;国债ETF,创业板;纳指;黄金;国债ETF,
2015-03-09,1011895.118439084,0.0,1011895.118439084,1.0,False,normal,0.0,3,创业板;纳指;国债ETF,创业板;纳指;国债ETF,
2015-03-10,1011975.4275754681,0.0,1011975.4275754681,1.0,False,normal,0.0,3,创业板;纳指;国债ETF,创业板;纳指;国债ETF,
2015-03-11,1012055.7430855932,0.0,1012055.7430855932,1.0,False,normal,0.0,3,创业板;纳指;国债ETF,创业板;纳指;国债ETF,
2015-03-12,1012136.0649699651,0.0,1012136.0649699651,0.8131182359171031,False,normal,0.0,4,沪深300;创业板;纳指;国债ETF,沪深300;创业板;纳指;国债ETF,
2015-03-13,1012216.3932290898,0.0,1012216.3932290898,0.818560793753247,False,normal,0.0,4,沪深300;创业板;纳指;国债ETF,沪深300;创业板;纳指;国债ETF,
2015-03-16,1012296.7278634731,0.0,1012296.7278634731,0.7926959015255675,False,normal,0.0,4,沪深300;创业板;纳指;国债ETF,沪深300;创业板;纳指;国债ETF,
2015-03-17,1012377.068873621,0.0,1012377.068873621,0.8164932232914646,False,normal,0.0,4,沪深300;创业板;纳指;国债ETF,沪深300;创业板;纳指;国债ETF,
2015-03-18,1012457.4162600397,0.0,1012457.4162600397,0.8120215972142217,False,normal,0.0,4,沪深300;创业板;纳指;国债ETF,沪深300;创业板;纳指;国债ETF,
2015-03-19,1012537.770023235,0.0,1012537.770023235,0.834043565089683,False,normal,0.0,4,沪深300;创业板;纳指;国债ETF,沪深300;创业板;纳指;国债ETF,
2015-03-20,1012618.1301637131,0.0,1012618.1301637131,0.854705454438117,False,normal,0.0,4,沪深300;创业板;纳指;国债ETF,沪深300;创业板;纳指;国债ETF,
2015-03-23,1012698.4966819801,0.0,1012698.4966819801,0.8218876619350124,False,normal,0.0,4,沪深300;创业板;纳指;国债ETF,沪深300;创业板;纳指;国债ETF,
2015-03-24,1012778.8695785422,0.0,1012778.8695785422,0.8451638876904071,False,normal,0.0,4,沪深300;创业板;纳指;国债ETF,沪深300;创业板;纳指;国债ETF,
2015-03-25,1012859.2488539056,0.0,1012859.2488539056,0.8638683388521784,False,normal,0.0,4,沪深300;创业板;纳指;国债ETF,沪深300;创业板;纳指;国债ETF,
2015-03-26,1012939.6345085766,0.0,1012939.6345085766,0.753460273739808,False,normal,0.0,4,沪深300;创业板;纳指;国债ETF,沪深300;创业板;纳指;国债ETF,
2015-03-27,1013020.0265430615,0.0,1013020.0265430615,0.7745510800810954,False,normal,0.0,4,沪深300;创业板;纳指;国债ETF,沪深300;创业板;纳指;国债ETF,
2015-03-30,1013100.4249578665,0.0,1013100.4249578665,0.5948497492980106,False,normal,0.0,3,沪深300;创业板;纳指,沪深300;创业板;纳指,
2015-03-31,1013180.8297534982,0.0,1013180.8297534982,0.6133296183117432,False,normal,0.0,3,沪深300;创业板;纳指,沪深300;创业板;纳指,
2015-04-01,1013261.2409304628,0.0,1013261.2409304628,0.6310328423185303,False,normal,0.0,3,沪深300;创业板;纳指,沪深300;创业板;纳指,
2015-04-02,1013341.6584892669,0.0,1013341.6584892669,0.8629101912621028,False,normal,0.0,4,沪深300;创业板;纳指;国债ETF,沪深300;创业板;纳指;国债ETF,
2015-04-03,1013422.0824304168,0.0,1013422.0824304168,1.0,False,normal,0.0,4,沪深300;创业板;纳指;国债ETF,沪深300;创业板;纳指;国债ETF,
2015-04-07,1013502.5127544192,0.0,1013502.5127544192,0.6697872705765643,False,normal,0.0,3,沪深300;创业板;纳指,沪深300;创业板;纳指,
2015-04-08,1013582.9494617807,0.0,1013582.9494617807,0.656124884577784,False,normal,0.0,3,沪深300;创业板;纳指,沪深300;创业板;纳指,
2015-04-09,1013663.3925530079,0.0,1013663.3925530079,0.6681901818484419,False,normal,0.0,3,沪深300;创业板;纳指,沪深300;创业板;纳指,
2015-04-10,1013743.8420286074,0.0,1013743.8420286074,0.6889529652925572,False,normal,0.0,3,沪深300;创业板;纳指,沪深300;创业板;纳指,
2015-04-13,1013824.2978890858,0.0,1013824.2978890858,0.7066963058805206,False,normal,0.0,3,沪深300;创业板;纳指,沪深300;创业板;纳指,
2015-04-14,1013904.76013495,0.0,1013904.76013495,0.7118684972279365,False,normal,0.0,3,沪深300;创业板;纳指,沪深300;创业板;纳指,
2015-04-15,1013985.2287667069,0.0,1013985.2287667069,0.6250457927349152,False,normal,0.0,3,沪深300;创业板;纳指,沪深300;创业板;纳指,
2015-04-16,1014065.703784863,0.0,1014065.703784863,0.6031690459931819,False,normal,0.0,3,沪深300;创业板;纳指,沪深300;创业板;纳指,
2015-04-17,1014146.1851899254,0.0,1014146.1851899254,0.6221192623145227,False,normal,0.0,3,沪深300;创业板;纳指,沪深300;创业板;纳指,
2015-04-20,1014226.6729824007,0.0,1014226.6729824007,0.40187172627589185,False,normal,0.0,2,沪深300;创业板,沪深300;创业板,
2015-04-21,1014307.1671627962,0.0,1014307.1671627962,0.34538156437352696,False,normal,0.0,2,沪深300;创业板,沪深300;创业板,
2015-04-22,1014387.6677316187,0.0,1014387.6677316187,0.5243853744844642,False,normal,0.0,3,沪深300;创业板;国债ETF,沪深300;创业板;国债ETF,
2015-04-23,1014468.1746893752,0.0,1014468.1746893752,0.5396636474971975,False,normal,0.0,3,沪深300;创业板;国债ETF,沪深300;创业板;国债ETF,
2015-04-24,1014548.6880365728,0.0,1014548.6880365728,0.5080614615503395,False,normal,0.0,3,沪深300;创业板;纳指,沪深300;创业板;纳指,
2015-04-27,1014629.2077737185,0.0,1014629.2077737185,0.6926108468381486,False,normal,0.0,4,沪深300;创业板;纳指;国债ETF,沪深300;创业板;纳指;国债ETF,
2015-04-28,1014709.7339013197,0.0,1014709.7339013197,0.5465309439581432,False,normal,0.0,3,沪深300;创业板;国债ETF,沪深300;创业板;国债ETF,
2015-04-29,1014790.2664198834,0.0,1014790.2664198834,0.5379783843417216,False,normal,0.0,3,沪深300;创业板;国债ETF,沪深300;创业板;国债ETF,
2015-04-30,1014870.8053299168,0.0,1014870.8053299168,0.6696961391565677,False,normal,0.0,4,沪深300;创业板;纳指;国债ETF,沪深300;创业板;纳指;国债ETF,
2015-05-04,1014951.3506319271,0.0,1014951.3506319271,0.5670179917862846,False,normal,0.0,3,沪深300;创业板;国债ETF,沪深300;创业板;国债ETF,
2015-05-05,1015031.9023264218,0.0,1015031.9023264218,0.6205963035997172,False,normal,0.0,4,沪深300;创业板;纳指;国债ETF,沪深300;创业板;纳指;国债ETF,
2015-05-06,1015112.4604139081,0.0,1015112.4604139081,0.6872625587841233,False,normal,0.0,4,沪深300;创业板;黄金;国债ETF,沪深300;创业板;黄金;国债ETF,
2015-05-07,1015193.0248948934,0.0,1015193.0248948934,0.6318640494836644,False,normal,0.0,4,沪深300;创业板;纳指;国债ETF,沪深300;创业板;纳指;国债ETF,
2015-05-08,1015273.5957698851,0.0,1015273.5957698851,0.5612992011207174,False,normal,0.0,4,沪深300;创业板;纳指;国债ETF,沪深300;创业板;纳指;国债ETF,
2015-05-11,1015354.1730393907,0.0,1015354.1730393907,0.6458204683986182,False,normal,0.0,5,沪深300;创业板;纳指;黄金;国债ETF,沪深300;创业板;纳指;黄金;国债ETF,
2015-05-12,1015434.7567039176,0.0,1015434.7567039176,0.6639869289302539,False,normal,0.0,5,沪深300;创业板;纳指;黄金;国债ETF,沪深300;创业板;纳指;黄金;国债ETF,
2015-05-13,1015515.3467639736,0.0,1015515.3467639736,0.6566115580369093,False,normal,0.0,5,沪深300;创业板;纳指;黄金;国债ETF,沪深300;创业板;纳指;黄金;国债ETF,
2015-05-14,1015595.943220066,0.0,1015595.943220066,0.0,True,normal,0.0,0,,沪深300;创业板;纳指;黄金;国债ETF,
2015-05-15,1015595.943220066,0.0,1015595.943220066,0.0,True,normal,0.0,0,,沪深300;创业板;纳指;黄金;国债ETF,
2015-05-18,1015595.943220066,0.0,1015595.943220066,0.0,True,normal,0.0,0,,沪深300;创业板;纳指;黄金;国债ETF,
2015-05-19,1015595.943220066,0.0,1015595.943220066,0.0,True,normal,0.0,0,,沪深300;创业板;纳指;黄金;国债ETF,
2015-05-20,1015595.943220066,0.0,1015595.943220066,0.0,True,normal,0.0,0,,沪深300;创业板;黄金;国债ETF,
2015-05-21,1015595.943220066,0.0,1015595.943220066,0.0,True,normal,0.0,0,,沪深300;创业板;黄金;国债ETF,
2015-05-22,1015595.943220066,0.0,1015595.943220066,0.0,True,normal,0.0,0,,沪深300;创业板;纳指;黄金;国债ETF,
2015-05-25,1015595.943220066,0.0,1015595.943220066,0.0,True,normal,0.0,0,,沪深300;创业板;纳指;黄金;国债ETF,
2015-05-26,1015595.943220066,0.0,1015595.943220066,0.0,True,normal,0.0,0,,沪深300;创业板;纳指;黄金;国债ETF,
2015-05-27,1015595.943220066,0.0,1015595.943220066,0.0,True,normal,0.0,0,,沪深300;创业板;纳指;黄金;国债ETF,
2015-05-28,1015595.943220066,0.0,1015595.943220066,0.0,True,normal,0.0,0,,沪深300;创业板;纳指;黄金;国债ETF,
2015-05-29,1015595.943220066,0.0,1015595.943220066,0.0,True,normal,0.0,0,,沪深300;创业板;纳指;国债ETF,
2015-06-01,1015595.943220066,0.0,1015595.943220066,0.0,True,normal,0.0,0,,沪深300;创业板;纳指;国债ETF,
2015-06-02,1015595.943220066,0.0,1015595.943220066,0.0,True,normal,0.0,0,,沪深300;创业板;纳指;国债ETF,
2015-06-03,1015595.943220066,0.0,1015595.943220066,0.526578840681487,False,normal,0.0,4,沪深300;创业板;纳指;国债ETF,沪深300;创业板;纳指;国债ETF,
2015-06-04,1015676.5460727026,0.0,1015676.5460727026,0.5418772902579283,False,normal,0.0,4,沪深300;创业板;纳指;国债ETF,沪深300;创业板;纳指;国债ETF,
2015-06-05,1015757.155322391,0.0,1015757.155322391,0.55332063891725,False,normal,0.0,4,沪深300;创业板;纳指;国债ETF,沪深300;创业板;纳指;国债ETF,
2015-06-08,1015837.7709696388,0.0,1015837.7709696388,0.5562122066182578,False,normal,0.0,4,沪深300;创业板;纳指;国债ETF,沪深300;创业板;纳指;国债ETF,
2015-06-09,1015918.3930149539,0.0,1015918.3930149539,0.5650285598342456,False,normal,0.0,4,沪深300;创业板;纳指;国债ETF,沪深300;创业板;纳指;国债ETF,
2015-06-10,1015999.0214588441,0.0,1015999.0214588441,0.7137202592545691,False,normal,0.0,5,沪深300;创业板;纳指;黄金;国债ETF,沪深300;创业板;纳指;黄金;国债ETF,
2015-06-11,1016079.656301817,0.0,1016079.656301817,0.5956707914137636,False,normal,0.0,4,沪深300;创业板;纳指;国债ETF,沪深300;创业板;纳指;国债ETF,
2015-06-12,1016160.2975443808,0.0,1016160.2975443808,0.6142856817982062,False,normal,0.0,4,沪深300;创业板;纳指;国债ETF,沪深300;创业板;纳指;国债ETF,
2015-06-15,1016240.945187043,0.0,1016240.945187043,0.4110188246265726,False,normal,0.0,3,沪深300;创业板;纳指,沪深300;创业板;纳指,
2015-06-16,1016321.5992303119,0.0,1016321.5992303119,0.3968157082853883,False,normal,0.0,3,沪深300;创业板;纳指,沪深300;创业板;纳指,
2015-06-17,1016402.2596746953,0.0,1016402.2596746953,0.0,True,normal,0.0,0,,沪深300;创业板;纳指,
2015-06-18,1016402.2596746953,0.0,1016402.2596746953,0.0,True,normal,0.0,0,,沪深300;创业板;纳指,
2015-06-19,1016402.2596746953,0.0,1016402.2596746953,0.0,True,normal,0.0,0,,创业板,
2015-06-23,1016402.2596746953,0.0,1016402.2596746953,0.0,True,normal,0.0,0,,创业板;纳指,
2015-06-24,1016402.2596746953,0.0,1016402.2596746953,0.0,True,normal,0.0,0,,沪深300;创业板;纳指,
2015-06-25,1016402.2596746953,0.0,1016402.2596746953,0.0,True,normal,0.0,0,,创业板;纳指,
2015-06-26,1016402.2596746953,0.0,1016402.2596746953,0.0,True,normal,0.0,0,,创业板;纳指,
2015-06-29,1016402.2596746953,0.0,1016402.2596746953,0.0,True,normal,0.0,0,,,
2015-06-30,1016402.2596746953,0.0,1016402.2596746953,0.0,True,normal,0.0,0,,创业板,
2015-07-01,1016402.2596746953,0.0,1016402.2596746953,0.0,True,normal,0.0,0,,纳指,
2015-07-02,1016402.2596746953,0.0,1016402.2596746953,0.0,True,normal,0.0,0,,纳指,
2015-07-03,1016402.2596746953,0.0,1016402.2596746953,0.0,True,normal,0.0,0,,,
2015-07-06,1016402.2596746953,0.0,1016402.2596746953,0.0,True,normal,0.0,0,,,
2015-07-07,1016402.2596746953,0.0,1016402.2596746953,0.0,True,normal,0.0,0,,国债ETF,
2015-07-08,1016402.2596746953,0.0,1016402.2596746953,0.0,True,normal,0.0,0,,国债ETF,
2015-07-09,1016402.2596746953,0.0,1016402.2596746953,1.0,False,normal,0.0,1,国债ETF,国债ETF,
2015-07-10,1016482.9265207013,0.0,1016482.9265207013,1.0,False,normal,0.0,0,,,
2015-07-13,1016482.9265207013,0.0,1016482.9265207013,1.0,False,normal,0.0,0,,,
2015-07-14,1016482.9265207013,0.0,1016482.9265207013,1.0,False,normal,0.0,0,,,
2015-07-15,1016482.9265207013,0.0,1016482.9265207013,1.0,False,normal,0.0,2,纳指;国债ETF,纳指;国债ETF,
2015-07-16,1016563.5997688379,0.0,1016563.5997688379,1.0,False,normal,0.0,1,国债ETF,国债ETF,
2015-07-17,1016644.2794196133,0.0,1016644.2794196133,1.0,False,normal,0.0,2,纳指;国债ETF,纳指;国债ETF,
2015-07-20,1016724.9654735356,0.0,1016724.9654735356,1.0,False,normal,0.0,2,纳指;国债ETF,纳指;国债ETF,
2015-07-21,1016805.6579311129,0.0,1016805.6579311129,1.0,False,normal,0.0,2,纳指;国债ETF,纳指;国债ETF,
2015-07-22,1016886.3567928536,0.0,1016886.3567928536,1.0,False,normal,0.0,2,纳指;国债ETF,纳指;国债ETF,
2015-07-23,1016967.0620592658,0.0,1016967.0620592658,1.0,False,normal,0.0,2,纳指;国债ETF,纳指;国债ETF,
2015-07-24,1017047.7737308579,0.0,1017047.7737308579,1.0,False,normal,0.0,2,纳指;国债ETF,纳指;国债ETF,
2015-07-27,1017128.4918081382,0.0,1017128.4918081382,1.0,False,normal,0.0,2,纳指;国债ETF,纳指;国债ETF,
2015-07-28,1017209.216291615,0.0,1017209.216291615,1.0,False,normal,0.0,2,纳指;国债ETF,纳指;国债ETF,
2015-07-29,1017289.947181797,0.0,1017289.947181797,1.0,False,normal,0.0,2,纳指;国债ETF,纳指;国债ETF,
2015-07-30,1017370.6844791925,0.0,1017370.6844791925,1.0,False,normal,0.0,2,纳指;国债ETF,纳指;国债ETF,
2015-07-31,1017451.42818431,0.0,1017451.42818431,1.0,False,normal,0.0,2,纳指;国债ETF,纳指;国债ETF,
2015-08-03,1017532.178297658,0.0,1017532.178297658,1.0,False,normal,0.0,2,纳指;国债ETF,纳指;国债ETF,
2015-08-04,1017612.9348197451,0.0,1017612.9348197451,1.0,False,normal,0.0,2,纳指;国债ETF,纳指;国债ETF,
2015-08-05,1017693.69775108,0.0,1017693.69775108,1.0,False,normal,0.0,2,纳指;国债ETF,纳指;国债ETF,
2015-08-06,1017774.4670921714,0.0,1017774.4670921714,1.0,False,normal,0.0,2,纳指;国债ETF,纳指;国债ETF,
2015-08-07,1017855.242843528,0.0,1017855.242843528,1.0,False,normal,0.0,2,纳指;国债ETF,纳指;国债ETF,
2015-08-10,1017936.0250056585,0.0,1017936.0250056585,1.0,False,normal,0.0,2,纳指;国债ETF,纳指;国债ETF,
2015-08-11,1018016.8135790717,0.0,1018016.8135790717,0.7746283063336095,False,normal,0.0,2,纳指;国债ETF,纳指;国债ETF,
2015-08-12,1018097.6085642764,0.0,1018097.6085642764,0.7402425792571937,False,normal,0.0,2,纳指;国债ETF,纳指;国债ETF,
2015-08-13,1018178.4099617815,0.0,1018178.4099617815,0.7600307853661876,False,normal,0.0,2,纳指;国债ETF,纳指;国债ETF,
2015-08-14,1018259.2177720959,0.0,1018259.2177720959,0.7834810843036588,False,normal,0.0,2,纳指;国债ETF,纳指;国债ETF,
2015-08-17,1018340.0319957287,0.0,1018340.0319957287,0.8075029240264114,False,normal,0.0,2,纳指;国债ETF,纳指;国债ETF,
2015-08-18,1018420.8526331887,0.0,1018420.8526331887,0.8282161587602946,False,normal,0.0,2,纳指;国债ETF,纳指;国债ETF,
2015-08-19,1018501.6796849851,0.0,1018501.6796849851,0.8321984334898018,False,normal,0.0,2,纳指;国债ETF,纳指;国债ETF,
2015-08-20,1018582.5131516268,0.0,1018582.5131516268,0.8320219288010852,False,normal,0.0,2,纳指;国债ETF,纳指;国债ETF,
2015-08-21,1018663.353033623,0.0,1018663.353033623,1.0,False,normal,0.0,3,纳指;黄金;国债ETF,纳指;黄金;国债ETF,
2015-08-24,1018744.1993314829,0.0,1018744.1993314829,1.0,False,normal,0.0,2,黄金;国债ETF,黄金;国债ETF,
2015-08-25,1018825.0520457156,0.0,1018825.0520457156,1.0,False,normal,0.0,2,黄金;国债ETF,黄金;国债ETF,
2015-08-26,1018905.9111768304,0.0,1018905.9111768304,1.0,False,normal,0.0,2,黄金;国债ETF,黄金;国债ETF,
2015-08-27,1018986.7767253366,0.0,1018986.7767253366,0.7270405098739279,False,normal,0.0,3,纳指;黄金;国债ETF,纳指;黄金;国债ETF,
2015-08-28,1019067.6486917434,0.0,1019067.6486917434,0.7243033731042986,False,normal,0.0,3,纳指;黄金;国债ETF,纳指;黄金;国债ETF,
2015-08-31,1019148.5270765602,0.0,1019148.5270765602,0.7463421028849102,False,normal,0.0,3,纳指;黄金;国债ETF,纳指;黄金;国债ETF,
2015-09-01,1019229.4118802964,0.0,1019229.4118802964,0.7554025105307853,False,normal,0.0,3,纳指;黄金;国债ETF,纳指;黄金;国债ETF,
2015-09-02,1019310.3031034615,0.0,1019310.3031034615,0.779129778541109,False,normal,0.0,3,纳指;黄金;国债ETF,纳指;黄金;国债ETF,
2015-09-07,1019391.200746565,0.0,1019391.200746565,0.7835813295983362,False,normal,0.0,3,纳指;黄金;国债ETF,纳指;黄金;国债ETF,
2015-09-08,1019472.1048101163,0.0,1019472.1048101163,0.5381684050190471,False,normal,0.0,2,纳指;国债ETF,纳指;国债ETF,
2015-09-09,1019553.0152946251,0.0,1019553.0152946251,0.8066227228098106,False,normal,0.0,3,纳指;黄金;国债ETF,纳指;黄金;国债ETF,
2015-09-10,1019633.9322006009,0.0,1019633.9322006009,1.0,False,normal,0.0,1,国债ETF,国债ETF,
2015-09-11,1019714.8555285534,0.0,1019714.8555285534,0.5646718053381489,False,normal,0.0,2,纳指;国债ETF,纳指;国债ETF,
2015-09-14,1019795.7852789921,0.0,1019795.7852789921,1.0,False,normal,0.0,0,,,
2015-09-15,1019795.7852789921,0.0,1019795.7852789921,1.0,False,normal,0.0,2,黄金;国债ETF,黄金;国债ETF,
2015-09-16,1019876.721452427,0.0,1019876.721452427,1.0,False,normal,0.0,2,黄金;国债ETF,黄金;国债ETF,
2015-09-17,1019957.6640493677,0.0,1019957.6640493677,1.0,False,normal,0.0,2,黄金;国债ETF,黄金;国债ETF,
2015-09-18,1020038.613070324,0.0,1020038.613070324,0.6850310172320381,False,normal,0.0,1,黄金,黄金,
2015-09-21,1020119.5685158058,0.0,1020119.5685158058,1.0,False,normal,0.0,2,黄金;国债ETF,黄金;国债ETF,
2015-09-22,1020200.5303863229,0.0,1020200.5303863229,1.0,False,normal,0.0,2,黄金;国债ETF,黄金;国债ETF,
2015-09-23,1020281.4986823853,0.0,1020281.4986823853,0.7004036919933994,False,normal,0.0,1,黄金,黄金,
2015-09-24,1020362.473404503,0.0,1020362.473404503,0.7090459220847735,False,normal,0.0,1,黄金,黄金,
2015-09-25,1020443.4545531858,0.0,1020443.4545531858,1.0,False,normal,0.0,2,黄金;国债ETF,黄金;国债ETF,
2015-09-28,1020524.4421289441,0.0,1020524.4421289441,1.0,False,normal,0.0,2,黄金;国债ETF,黄金;国债ETF,
2015-09-29,1020605.4361322877,0.0,1020605.4361322877,1.0,False,normal,0.0,2,黄金;国债ETF,黄金;国债ETF,
2015-09-30,1020686.4365637269,0.0,1020686.4365637269,1.0,False,normal,0.0,2,黄金;国债ETF,黄金;国债ETF,
2015-10-08,1020767.4434237716,0.0,1020767.4434237716,1.0,False,normal,0.0,2,黄金;国债ETF,黄金;国债ETF,
2015-10-09,1020848.4567129323,0.0,1020848.4567129323,0.7159844124972077,False,normal,0.0,1,黄金,黄金,
2015-10-12,1020929.4764317191,0.0,1020929.4764317191,0.7129755589541344,False,normal,0.0,1,黄金,黄金,
2015-10-13,1021010.5025806424,0.0,1021010.5025806424,0.7204427718146846,False,normal,0.0,1,黄金,黄金,
2015-10-14,1021091.5351602123,0.0,1021091.5351602123,1.0,False,normal,0.0,2,黄金;国债ETF,黄金;国债ETF,
2015-10-15,1021172.5741709394,0.0,1021172.5741709394,0.0,True,normal,0.0,0,,黄金,
2015-10-16,1021172.5741709394,0.0,1021172.5741709394,0.0,True,normal,0.0,0,,黄金,
2015-10-19,1021172.5741709394,0.0,1021172.5741709394,0.0,True,normal,0.0,0,,黄金,
2015-10-20,1021172.5741709394,0.0,1021172.5741709394,0.0,True,normal,0.0,0,,黄金;国债ETF,
2015-10-21,1021172.5741709394,0.0,1021172.5741709394,0.0,True,normal,0.0,0,,黄金;国债ETF,
2015-10-22,1021172.5741709394,0.0,1021172.5741709394,1.0,False,normal,0.0,2,黄金;国债ETF,黄金;国债ETF,
2015-10-23,1021253.619613334,0.0,1021253.619613334,0.3921646116672544,False,normal,0.0,3,创业板;黄金;国债ETF,创业板;黄金;国债ETF,
2015-10-26,1021334.6714879065,0.0,1021334.6714879065,0.32638581353283813,False,normal,0.0,4,沪深300;创业板;纳指;国债ETF,沪深300;创业板;纳指;国债ETF,
2015-10-27,1021415.7297951675,0.0,1021415.7297951675,0.4132796970529998,False,normal,0.0,5,沪深300;创业板;纳指;黄金;国债ETF,沪深300;创业板;纳指;黄金;国债ETF,
2015-10-28,1021496.7945356275,0.0,1021496.7945356275,0.42015921406534495,False,normal,0.0,5,沪深300;创业板;纳指;黄金;国债ETF,沪深300;创业板;纳指;黄金;国债ETF,
2015-10-29,1021577.865709797,0.0,1021577.865709797,0.43238588690762086,False,normal,0.0,5,沪深300;创业板;纳指;黄金;国债ETF,沪深300;创业板;纳指;黄金;国债ETF,
2015-10-30,1021658.9433181867,0.0,1021658.9433181867,0.44510014227792655,False,normal,0.0,5,沪深300;创业板;纳指;黄金;国债ETF,沪深300;创业板;纳指;黄金;国债ETF,
2015-11-02,1021740.0273613072,0.0,1021740.0273613072,0.4503039338935279,False,normal,0.0,5,沪深300;创业板;纳指;黄金;国债ETF,沪深300;创业板;纳指;黄金;国债ETF,
2015-11-03,1021821.1178396692,0.0,1021821.1178396692,0.37940574294523083,False,normal,0.0,4,沪深300;创业板;纳指;国债ETF,沪深300;创业板;纳指;国债ETF,
2015-11-04,1021902.2147537835,0.0,1021902.2147537835,0.2635803462657583,False,normal,0.0,3,沪深300;创业板;纳指,沪深300;创业板;纳指,
2015-11-05,1021983.3181041608,0.0,1021983.3181041608,0.27139897547822345,False,normal,0.0,3,沪深300;创业板;纳指,沪深300;创业板;纳指,
2015-11-06,1022064.427891312,0.0,1022064.427891312,0.2757051422927223,False,normal,0.0,3,沪深300;创业板;纳指,沪深300;创业板;纳指,
2015-11-09,1022145.5441157479,0.0,1022145.5441157479,0.2840088002526324,False,normal,0.0,3,沪深300;创业板;纳指,沪深300;创业板;纳指,
2015-11-10,1022226.6667779793,0.0,1022226.6667779793,0.29198098588887084,False,normal,0.0,3,沪深300;创业板;纳指,沪深300;创业板;纳指,
2015-11-11,1022307.7958785173,0.0,1022307.7958785173,0.3010421018913377,False,normal,0.0,3,沪深300;创业板;纳指,沪深300;创业板;纳指,
2015-11-12,1022388.9314178728,0.0,1022388.9314178728,0.3072683853112531,False,normal,0.0,3,沪深300;创业板;纳指,沪深300;创业板;纳指,
2015-11-13,1022470.0733965568,0.0,1022470.0733965568,0.30843311916664135,False,normal,0.0,3,沪深300;创业板;纳指,沪深300;创业板;纳指,
2015-11-16,1022551.2218150804,0.0,1022551.2218150804,0.31771815113092894,False,normal,0.0,3,沪深300;创业板;纳指,沪深300;创业板;纳指,
2015-11-17,1022632.3766739547,0.0,1022632.3766739547,0.32534697943531227,False,normal,0.0,3,沪深300;创业板;纳指,沪深300;创业板;纳指,
2015-11-18,1022713.5379736908,0.0,1022713.5379736908,0.3306936454877782,False,normal,0.0,3,沪深300;创业板;纳指,沪深300;创业板;纳指,
2015-11-19,1022794.7057147998,0.0,1022794.7057147998,0.32549767689808384,False,normal,0.0,3,沪深300;创业板;纳指,沪深300;创业板;纳指,
2015-11-20,1022875.879897793,0.0,1022875.879897793,0.335585230607209,False,normal,0.0,3,沪深300;创业板;纳指,沪深300;创业板;纳指,
2015-11-23,1022957.0605231818,0.0,1022957.0605231818,0.34464792729094723,False,normal,0.0,3,沪深300;创业板;纳指,沪深300;创业板;纳指,
2015-11-24,1023038.2475914774,0.0,1023038.2475914774,0.3552600905867026,False,normal,0.0,3,沪深300;创业板;纳指,沪深300;创业板;纳指,
2015-11-25,1023119.441103191,0.0,1023119.441103191,0.36430310269612703,False,normal,0.0,3,沪深300;创业板;纳指,沪深300;创业板;纳指,
2015-11-26,1023200.6410588342,0.0,1023200.6410588342,0.4946515827905658,False,normal,0.0,4,沪深300;创业板;纳指;国债ETF,沪深300;创业板;纳指;国债ETF,
2015-11-27,1023281.8474589182,0.0,1023281.8474589182,0.43119391166009646,False,normal,0.0,4,沪深300;创业板;纳指;国债ETF,沪深300;创业板;纳指;国债ETF,
2015-11-30,1023363.0603039546,0.0,1023363.0603039546,0.44436629616738355,False,normal,0.0,4,沪深300;创业板;纳指;国债ETF,沪深300;创业板;纳指;国债ETF,
2015-12-01,1023444.279594455,0.0,1023444.279594455,0.34277745347096855,False,normal,0.0,3,沪深300;创业板;纳指,沪深300;创业板;纳指,
2015-12-02,1023525.5053309308,0.0,1023525.5053309308,0.46695164253722293,False,normal,0.0,4,沪深300;创业板;纳指;国债ETF,沪深300;创业板;纳指;国债ETF,
2015-12-03,1023606.7375138936,0.0,1023606.7375138936,0.47589418171418735,False,normal,0.0,4,沪深300;创业板;纳指;国债ETF,沪深300;创业板;纳指;国债ETF,
2015-12-04,1023687.9761438551,0.0,1023687.9761438551,0.4781620822229095,False,normal,0.0,4,沪深300;创业板;纳指;国债ETF,沪深300;创业板;纳指;国债ETF,
2015-12-07,1023769.221221327,0.0,1023769.221221327,0.4862336502398009,False,normal,0.0,4,沪深300;创业板;纳指;国债ETF,沪深300;创业板;纳指;国债ETF,
2015-12-08,1023850.4727468208,0.0,1023850.4727468208,0.49337300015817676,False,normal,0.0,4,沪深300;创业板;纳指;国债ETF,沪深300;创业板;纳指;国债ETF,
2015-12-09,1023931.7307208483,0.0,1023931.7307208483,0.5084924893381867,False,normal,0.0,4,沪深300;创业板;纳指;国债ETF,沪深300;创业板;纳指;国债ETF,
2015-12-10,1024012.9951439215,0.0,1024012.9951439215,0.5240404382192407,False,normal,0.0,4,沪深300;创业板;纳指;国债ETF,沪深300;创业板;纳指;国债ETF,
2015-12-11,1024094.266016552,0.0,1024094.266016552,0.5397187171338043,False,normal,0.0,4,沪深300;创业板;纳指;国债ETF,沪深300;创业板;纳指;国债ETF,
2015-12-14,1024175.5433392518,0.0,1024175.5433392518,0.5498221445717273,False,normal,0.0,4,沪深300;创业板;纳指;国债ETF,沪深300;创业板;纳指;国债ETF,
2015-12-15,1024256.8271125327,0.0,1024256.8271125327,0.566904507030515,False,normal,0.0,4,沪深300;创业板;纳指;国债ETF,沪深300;创业板;纳指;国债ETF,
2015-12-16,1024338.1173369067,0.0,1024338.1173369067,0.5832892038583485,False,normal,0.0,4,沪深300;创业板;纳指;国债ETF,沪深300;创业板;纳指;国债ETF,
2015-12-17,1024419.4140128859,0.0,1024419.4140128859,0.5671411153675585,False,normal,0.0,4,沪深300;创业板;纳指;国债ETF,沪深300;创业板;纳指;国债ETF,
2015-12-18,1024500.7171409822,0.0,1024500.7171409822,0.5816009748169757,False,normal,0.0,4,沪深300;创业板;纳指;国债ETF,沪深300;创业板;纳指;国债ETF,
2015-12-21,1024582.0267217077,0.0,1024582.0267217077,0.5977945636362655,False,normal,0.0,4,沪深300;创业板;纳指;国债ETF,沪深300;创业板;纳指;国债ETF,
2015-12-22,1024663.3427555745,0.0,1024663.3427555745,0.6157589661843429,False,normal,0.0,4,沪深300;创业板;纳指;国债ETF,沪深300;创业板;纳指;国债ETF,
2015-12-23,1024744.6652430948,0.0,1024744.6652430948,0.627504416100524,False,normal,0.0,4,沪深300;创业板;纳指;国债ETF,沪深300;创业板;纳指;国债ETF,
2015-12-24,1024825.9941847807,0.0,1024825.9941847807,0.647221336130946,False,normal,0.0,4,沪深300;创业板;纳指;国债ETF,沪深300;创业板;纳指;国债ETF,
2015-12-25,1024907.3295811446,0.0,1024907.3295811446,0.6670690133593374,False,normal,0.0,4,沪深300;创业板;纳指;国债ETF,沪深300;创业板;纳指;国债ETF,
2015-12-28,1024988.6714326987,0.0,1024988.6714326987,0.5149057936900248,False,normal,0.0,3,沪深300;创业板;国债ETF,沪深300;创业板;国债ETF,
2015-12-29,1025070.0197399553,0.0,1025070.0197399553,0.6525903068736131,False,normal,0.0,4,沪深300;创业板;纳指;国债ETF,沪深300;创业板;纳指;国债ETF,
2015-12-30,1025151.3745034268,0.0,1025151.3745034268,0.6663101748108949,False,normal,0.0,4,沪深300;创业板;纳指;国债ETF,沪深300;创业板;纳指;国债ETF,
2015-12-31,1025232.7357236255,0.0,1025232.7357236255,1.0,False,normal,0.0,2,纳指;国债ETF,纳指;国债ETF,
2016-01-04,1025314.1034010639,0.0,1025314.1034010639,1.0,False,normal,0.0,3,纳指;黄金;国债ETF,纳指;黄金;国债ETF,
2016-01-05,1025395.4775362546,0.0,1025395.4775362546,1.0,False,normal,0.0,3,纳指;黄金;国债ETF,纳指;黄金;国债ETF,
2016-01-06,1025476.8581297098,0.0,1025476.8581297098,1.0,False,normal,0.0,3,纳指;黄金;国债ETF,纳指;黄金;国债ETF,
2016-01-07,1025558.2451819424,0.0,1025558.2451819424,1.0,False,normal,0.0,3,纳指;黄金;国债ETF,纳指;黄金;国债ETF,
2016-01-08,1025639.6386934648,0.0,1025639.6386934648,1.0,False,normal,0.0,2,黄金;国债ETF,黄金;国债ETF,
2016-01-11,1025721.0386647898,0.0,1025721.0386647898,1.0,False,normal,0.0,3,纳指;黄金;国债ETF,纳指;黄金;国债ETF,
2016-01-12,1025802.4450964299,0.0,1025802.4450964299,1.0,False,normal,0.0,2,黄金;国债ETF,黄金;国债ETF,
2016-01-13,1025883.857988898,0.0,1025883.857988898,1.0,False,normal,0.0,2,黄金;国债ETF,黄金;国债ETF,
2016-01-14,1025965.2773427067,0.0,1025965.2773427067,1.0,False,normal,0.0,2,黄金;国债ETF,黄金;国债ETF,
2016-01-15,1026046.7031583688,0.0,1026046.7031583688,1.0,False,normal,0.0,2,黄金;国债ETF,黄金;国债ETF,
2016-01-18,1026128.1354363973,0.0,1026128.1354363973,1.0,False,normal,0.0,2,黄金;国债ETF,黄金;国债ETF,
2016-01-19,1026209.574177305,0.0,1026209.574177305,1.0,False,normal,0.0,2,黄金;国债ETF,黄金;国债ETF,
2016-01-20,1026291.0193816049,0.0,1026291.0193816049,1.0,False,normal,0.0,2,黄金;国债ETF,黄金;国债ETF,
2016-01-21,1026372.4710498098,0.0,1026372.4710498098,1.0,False,normal,0.0,2,黄金;国债ETF,黄金;国债ETF,
2016-01-22,1026453.9291824328,0.0,1026453.9291824328,1.0,False,normal,0.0,2,黄金;国债ETF,黄金;国债ETF,
2016-01-25,1026535.393779987,0.0,1026535.393779987,1.0,False,normal,0.0,2,黄金;国债ETF,黄金;国债ETF,
2016-01-26,1026616.8648429854,0.0,1026616.8648429854,1.0,False,normal,0.0,2,黄金;国债ETF,黄金;国债ETF,
2016-01-27,1026698.3423719412,0.0,1026698.3423719412,1.0,False,normal,0.0,2,黄金;国债ETF,黄金;国债ETF,
2016-01-28,1026779.8263673676,0.0,1026779.8263673676,1.0,False,normal,0.0,2,黄金;国债ETF,黄金;国债ETF,
2016-01-29,1026861.3168297778,0.0,1026861.3168297778,1.0,False,normal,0.0,2,黄金;国债ETF,黄金;国债ETF,
2016-02-01,1026942.8137596849,0.0,1026942.8137596849,1.0,False,normal,0.0,2,黄金;国债ETF,黄金;国债ETF,
2016-02-02,1027024.3171576024,0.0,1027024.3171576024,1.0,False,normal,0.0,2,黄金;国债ETF,黄金;国债ETF,
2016-02-03,1027105.8270240435,0.0,1027105.8270240435,1.0,False,normal,0.0,2,黄金;国债ETF,黄金;国债ETF,
2016-02-04,1027187.3433595217,0.0,1027187.3433595217,1.0,False,normal,0.0,2,黄金;国债ETF,黄金;国债ETF,
2016-02-05,1027268.8661645503,0.0,1027268.8661645503,1.0,False,normal,0.0,2,黄金;国债ETF,黄金;国债ETF,
2016-02-15,1027350.3954396427,0.0,1027350.3954396427,1.0,False,normal,0.0,2,黄金;国债ETF,黄金;国债ETF,
2016-02-16,1027431.9311853126,0.0,1027431.9311853126,1.0,False,normal,0.0,2,黄金;国债ETF,黄金;国债ETF,
2016-02-17,1027513.4734020734,0.0,1027513.4734020734,1.0,False,normal,0.0,2,黄金;国债ETF,黄金;国债ETF,
2016-02-18,1027595.0220904386,0.0,1027595.0220904386,1.0,False,normal,0.0,2,黄金;国债ETF,黄金;国债ETF,
2016-02-19,1027676.5772509221,0.0,1027676.5772509221,1.0,False,normal,0.0,2,黄金;国债ETF,黄金;国债ETF,
2016-02-22,1027758.1388840373,0.0,1027758.1388840373,1.0,False,normal,0.0,2,黄金;国债ETF,黄金;国债ETF,
2016-02-23,1027839.706990298,0.0,1027839.706990298,1.0,False,normal,0.0,2,黄金;国债ETF,黄金;国债ETF,
2016-02-24,1027921.2815702179,0.0,1027921.2815702179,1.0,False,normal,0.0,2,黄金;国债ETF,黄金;国债ETF,
2016-02-25,1028002.8626243109,0.0,1028002.8626243109,1.0,False,normal,0.0,2,黄金;国债ETF,黄金;国债ETF,
2016-02-26,1028084.4501530906,0.0,1028084.4501530906,1.0,False,normal,0.0,2,黄金;国债ETF,黄金;国债ETF,
2016-02-29,1028166.044157071,0.0,1028166.044157071,1.0,False,normal,0.0,2,黄金;国债ETF,黄金;国债ETF,
2016-03-01,1028247.644636766,0.0,1028247.644636766,1.0,False,normal,0.0,2,黄金;国债ETF,黄金;国债ETF,
2016-03-02,1028329.2515926897,0.0,1028329.2515926897,1.0,False,normal,0.0,2,黄金;国债ETF,黄金;国债ETF,
2016-03-03,1028410.8650253558,0.0,1028410.8650253558,1.0,False,normal,0.0,2,黄金;国债ETF,黄金;国债ETF,
2016-03-04,1028492.4849352785,0.0,1028492.4849352785,1.0,False,normal,0.0,2,黄金;国债ETF,黄金;国债ETF,
2016-03-07,1028574.1113229719,0.0,1028574.1113229719,1.0,False,normal,0.0,2,黄金;国债ETF,黄金;国债ETF,
2016-03-08,1028655.7441889499,0.0,1028655.7441889499,1.0,False,normal,0.0,2,黄金;国债ETF,黄金;国债ETF,
2016-03-09,1028737.3835337269,0.0,1028737.3835337269,1.0,False,normal,0.0,2,黄金;国债ETF,黄金;国债ETF,
2016-03-10,1028819.0293578169,0.0,1028819.0293578169,1.0,False,normal,0.0,2,黄金;国债ETF,黄金;国债ETF,
2016-03-11,1028900.6816617342,0.0,1028900.6816617342,1.0,False,normal,0.0,2,黄金;国债ETF,黄金;国债ETF,
2016-03-14,1028982.3404459931,0.0,1028982.3404459931,1.0,False,normal,0.0,2,黄金;国债ETF,黄金;国债ETF,
2016-03-15,1029064.005711108,0.0,1029064.005711108,1.0,False,normal,0.0,2,黄金;国债ETF,黄金;国债ETF,
2016-03-16,1029145.677457593,0.0,1029145.677457593,1.0,False,normal,0.0,3,纳指;黄金;国债ETF,纳指;黄金;国债ETF,
2016-03-17,1029227.3556859627,0.0,1029227.3556859627,1.0,False,normal,0.0,3,纳指;黄金;国债ETF,纳指;黄金;国债ETF,
2016-03-18,1029309.0403967315,0.0,1029309.0403967315,0.6085016523561537,False,normal,0.0,4,创业板;纳指;黄金;国债ETF,创业板;纳指;黄金;国债ETF,
2016-03-21,1029390.7315904138,0.0,1029390.7315904138,1.0,False,normal,0.0,3,纳指;黄金;国债ETF,纳指;黄金;国债ETF,
2016-03-22,1029472.4292675243,0.0,1029472.4292675243,0.574199947530573,False,normal,0.0,5,沪深300;创业板;纳指;黄金;国债ETF,沪深300;创业板;纳指;黄金;国债ETF,
2016-03-23,1029554.1334285773,0.0,1029554.1334285773,0.5908709549437889,False,normal,0.0,5,沪深300;创业板;纳指;黄金;国债ETF,沪深300;创业板;纳指;黄金;国债ETF,
2016-03-24,1029635.8440740876,0.0,1029635.8440740876,0.5813052949530947,False,normal,0.0,5,沪深300;创业板;纳指;黄金;国债ETF,沪深300;创业板;纳指;黄金;国债ETF,
2016-03-25,1029717.5612045696,0.0,1029717.5612045696,0.5989330335833313,False,normal,0.0,5,沪深300;创业板;纳指;黄金;国债ETF,沪深300;创业板;纳指;黄金;国债ETF,
2016-03-28,1029799.2848205384,0.0,1029799.2848205384,0.613141461067013,False,normal,0.0,5,沪深300;创业板;纳指;黄金;国债ETF,沪深300;创业板;纳指;黄金;国债ETF,
2016-03-29,1029881.0149225083,0.0,1029881.0149225083,0.6257216581308671,False,normal,0.0,5,沪深300;创业板;纳指;黄金;国债ETF,沪深300;创业板;纳指;黄金;国债ETF,
2016-03-30,1029962.7515109943,0.0,1029962.7515109943,0.5892676951100514,False,normal,0.0,5,沪深300;创业板;纳指;黄金;国债ETF,沪深300;创业板;纳指;黄金;国债ETF,
2016-03-31,1030044.494586511,0.0,1030044.494586511,0.6040799526024659,False,normal,0.0,5,沪深300;创业板;纳指;黄金;国债ETF,沪深300;创业板;纳指;黄金;国债ETF,
2016-04-01,1030126.2441495735,0.0,1030126.2441495735,0.622407293176389,False,normal,0.0,5,沪深300;创业板;纳指;黄金;国债ETF,沪深300;创业板;纳指;黄金;国债ETF,
2016-04-05,1030208.0002006965,0.0,1030208.0002006965,0.6319519695721765,False,normal,0.0,5,沪深300;创业板;纳指;黄金;国债ETF,沪深300;创业板;纳指;黄金;国债ETF,
2016-04-06,1030289.762740395,0.0,1030289.762740395,0.6517516431293114,False,normal,0.0,5,沪深300;创业板;纳指;黄金;国债ETF,沪深300;创业板;纳指;黄金;国债ETF,
2016-04-07,1030371.531769184,0.0,1030371.531769184,0.6660466739453401,False,normal,0.0,5,沪深300;创业板;纳指;黄金;国债ETF,沪深300;创业板;纳指;黄金;国债ETF,
2016-04-08,1030453.3072875785,0.0,1030453.3072875785,0.6796894932269336,False,normal,0.0,5,沪深300;创业板;纳指;黄金;国债ETF,沪深300;创业板;纳指;黄金;国债ETF,
2016-04-11,1030535.0892960934,0.0,1030535.0892960934,0.6896854077669357,False,normal,0.0,5,沪深300;创业板;纳指;黄金;国债ETF,沪深300;创业板;纳指;黄金;国债ETF,
2016-04-12,1030616.877795244,0.0,1030616.877795244,0.709503820744941,False,normal,0.0,5,沪深300;创业板;纳指;黄金;国债ETF,沪深300;创业板;纳指;黄金;国债ETF,
2016-04-13,1030698.6727855452,0.0,1030698.6727855452,0.7306992558159439,False,normal,0.0,5,沪深300;创业板;纳指;黄金;国债ETF,沪深300;创业板;纳指;黄金;国债ETF,
2016-04-14,1030780.4742675124,0.0,1030780.4742675124,0.7510001002672995,False,normal,0.0,5,沪深300;创业板;纳指;黄金;国债ETF,沪深300;创业板;纳指;黄金;国债ETF,
2016-04-15,1030862.2822416608,0.0,1030862.2822416608,0.617218179927248,False,normal,0.0,4,沪深300;创业板;纳指;国债ETF,沪深300;创业板;纳指;国债ETF,
2016-04-18,1030944.0967085054,0.0,1030944.0967085054,0.7772981770120947,False,normal,0.0,5,沪深300;创业板;纳指;黄金;国债ETF,沪深300;创业板;纳指;黄金;国债ETF,
2016-04-19,1031025.9176685617,0.0,1031025.9176685617,0.7999278256747617,False,normal,0.0,5,沪深300;创业板;纳指;黄金;国债ETF,沪深300;创业板;纳指;黄金;国债ETF,
2016-04-20,1031107.7451223449,0.0,1031107.7451223449,1.0,False,normal,0.0,4,沪深300;纳指;黄金;国债ETF,沪深300;纳指;黄金;国债ETF,
2016-04-21,1031189.5790703705,0.0,1031189.5790703705,0.7415451546404044,False,normal,0.0,5,沪深300;创业板;纳指;黄金;国债ETF,沪深300;创业板;纳指;黄金;国债ETF,
2016-04-22,1031271.419513154,0.0,1031271.419513154,0.6018365765148076,False,normal,0.0,4,沪深300;创业板;纳指;国债ETF,沪深300;创业板;纳指;国债ETF,
2016-04-25,1031353.2664512106,0.0,1031353.2664512106,0.4628921396405625,False,normal,0.0,3,沪深300;创业板;纳指,沪深300;创业板;纳指,
2016-04-26,1031435.1198850559,0.0,1031435.1198850559,0.47326596218454536,False,normal,0.0,3,沪深300;创业板;纳指,沪深300;创业板;纳指,
2016-04-27,1031516.9798152056,0.0,1031516.9798152056,0.6585044951099474,False,normal,0.0,4,沪深300;创业板;纳指;黄金,沪深300;创业板;纳指;黄金,
2016-04-28,1031598.8462421751,0.0,1031598.8462421751,0.6641112436263832,False,normal,0.0,4,沪深300;创业板;纳指;国债ETF,沪深300;创业板;纳指;国债ETF,
2016-04-29,1031680.7191664801,0.0,1031680.7191664801,0.7647259720944332,False,normal,0.0,4,沪深300;创业板;黄金;国债ETF,沪深300;创业板;黄金;国债ETF,
2016-05-03,1031762.5985886363,0.0,1031762.5985886363,0.6926523574556266,False,normal,0.0,4,沪深300;创业板;黄金;国债ETF,沪深300;创业板;黄金;国债ETF,
2016-05-04,1031844.4845091592,0.0,1031844.4845091592,0.8096339735147827,False,normal,0.0,5,沪深300;创业板;纳指;黄金;国债ETF,沪深300;创业板;纳指;黄金;国债ETF,
2016-05-05,1031926.3769285647,0.0,1031926.3769285647,0.8350539610676654,False,normal,0.0,5,沪深300;创业板;纳指;黄金;国债ETF,沪深300;创业板;纳指;黄金;国债ETF,
2016-05-06,1032008.2758473686,0.0,1032008.2758473686,0.7864713662670407,False,normal,0.0,5,沪深300;创业板;纳指;黄金;国债ETF,沪深300;创业板;纳指;黄金;国债ETF,
2016-05-09,1032090.1812660868,0.0,1032090.1812660868,0.6267518131744723,False,normal,0.0,4,沪深300;创业板;纳指;黄金,沪深300;创业板;纳指;黄金,
2016-05-10,1032172.0931852349,0.0,1032172.0931852349,0.7123731877861753,False,normal,0.0,3,创业板;黄金;国债ETF,创业板;黄金;国债ETF,
2016-05-11,1032254.011605329,0.0,1032254.011605329,0.8238837036931497,False,normal,0.0,5,沪深300;创业板;纳指;黄金;国债ETF,沪深300;创业板;纳指;黄金;国债ETF,
2016-05-12,1032335.936526885,0.0,1032335.936526885,0.0,True,normal,0.0,0,,沪深300;创业板;纳指;黄金;国债ETF,
2016-05-13,1032335.936526885,0.0,1032335.936526885,0.0,True,normal,0.0,0,,黄金;国债ETF,
2016-05-16,1032335.936526885,0.0,1032335.936526885,1.0,False,normal,0.0,2,黄金;国债ETF,黄金;国债ETF,
2016-05-17,1032417.867950419,0.0,1032417.867950419,1.0,False,normal,0.0,3,纳指;黄金;国债ETF,纳指;黄金;国债ETF,
2016-05-18,1032499.8058764468,0.0,1032499.8058764468,1.0,False,normal,0.0,2,黄金;国债ETF,黄金;国债ETF,
2016-05-19,1032581.7503054846,0.0,1032581.7503054846,0.753270478069279,False,normal,0.0,1,黄金,黄金,
2016-05-20,1032663.7012380486,0.0,1032663.7012380486,0.7766207831139433,False,normal,0.0,1,黄金,黄金,
2016-05-23,1032745.6586746549,0.0,1032745.6586746549,0.8004075329840127,False,normal,0.0,1,黄金,黄金,
2016-05-24,1032827.6226158196,0.0,1032827.6226158196,0.8170533877270747,False,normal,0.0,1,黄金,黄金,
2016-05-25,1032909.5930620589,0.0,1032909.5930620589,1.0,False,normal,0.0,2,纳指;黄金,纳指;黄金,
2016-05-26,1032991.5700138892,0.0,1032991.5700138892,1.0,False,normal,0.0,2,纳指;黄金,纳指;黄金,
2016-05-27,1033073.5534718268,0.0,1033073.5534718268,1.0,False,normal,0.0,2,纳指;黄金,纳指;黄金,
2016-05-30,1033155.5434363881,0.0,1033155.5434363881,0.81465145618135,False,normal,0.0,1,纳指,纳指,
2016-05-31,1033237.5399080894,0.0,1033237.5399080894,1.0,False,normal,0.0,2,纳指;黄金,纳指;黄金,
2016-06-01,1033319.5428874473,0.0,1033319.5428874473,1.0,False,normal,0.0,2,纳指;黄金,纳指;黄金,
2016-06-02,1033401.5523749781,0.0,1033401.5523749781,1.0,False,normal,0.0,2,纳指;黄金,纳指;黄金,
2016-06-03,1033483.5683711984,0.0,1033483.5683711984,1.0,False,normal,0.0,3,沪深300;纳指;黄金,沪深300;纳指;黄金,
2016-06-06,1033565.5908766247,0.0,1033565.5908766247,1.0,False,normal,0.0,2,纳指;黄金,纳指;黄金,
2016-06-07,1033647.6198917737,0.0,1033647.6198917737,1.0,False,normal,0.0,2,纳指;黄金,纳指;黄金,
2016-06-08,1033729.655417162,0.0,1033729.655417162,1.0,False,normal,0.0,2,纳指;黄金,纳指;黄金,
2016-06-13,1033811.6974533063,0.0,1033811.6974533063,0.6038141118047439,False,normal,0.0,1,黄金,黄金,
2016-06-14,1033893.7460007232,0.0,1033893.7460007232,0.6184344969257839,False,normal,0.0,1,黄金,黄金,
2016-06-15,1033975.8010599297,0.0,1033975.8010599297,0.6366345548876744,False,normal,0.0,1,黄金,黄金,
2016-06-16,1034057.8626314424,0.0,1034057.8626314424,0.0,True,normal,0.0,0,,黄金,
2016-06-17,1034057.8626314424,0.0,1034057.8626314424,0.0,True,normal,0.0,0,,创业板;纳指;黄金;国债ETF,
2016-06-20,1034057.8626314424,0.0,1034057.8626314424,0.0,True,normal,0.0,0,,创业板;纳指;黄金;国债ETF,
2016-06-21,1034057.8626314424,0.0,1034057.8626314424,0.0,True,normal,0.0,0,,黄金;国债ETF,
2016-06-22,1034057.8626314424,0.0,1034057.8626314424,0.0,True,normal,0.0,0,,创业板;纳指;黄金;国债ETF,
2016-06-23,1034057.8626314424,0.0,1034057.8626314424,0.0,True,normal,0.0,0,,纳指;黄金;国债ETF,
2016-06-24,1034057.8626314424,0.0,1034057.8626314424,0.0,True,normal,0.0,0,,创业板;纳指;黄金;国债ETF,
2016-06-27,1034057.8626314424,0.0,1034057.8626314424,0.0,True,normal,0.0,0,,创业板;纳指;黄金;国债ETF,
2016-06-28,1034057.8626314424,0.0,1034057.8626314424,0.0,True,normal,0.0,0,,创业板;纳指;黄金;国债ETF,
2016-06-29,1034057.8626314424,0.0,1034057.8626314424,0.0,True,normal,0.0,0,,创业板;纳指;黄金;国债ETF,
2016-06-30,1034057.8626314424,0.0,1034057.8626314424,0.0,True,normal,0.0,0,,创业板;纳指;黄金;国债ETF,
2016-07-01,1034057.8626314424,0.0,1034057.8626314424,0.0,True,normal,0.0,0,,纳指;黄金;国债ETF,
2016-07-04,1034057.8626314424,0.0,1034057.8626314424,0.0,True,normal,0.0,0,,沪深300;创业板;纳指;黄金;国债ETF,
2016-07-05,1034057.8626314424,0.0,1034057.8626314424,0.0,True,normal,0.0,0,,沪深300;创业板;纳指;黄金;国债ETF,
2016-07-06,1034057.8626314424,0.0,1034057.8626314424,0.0,True,normal,0.0,0,,沪深300;创业板;纳指;黄金;国债ETF,
2016-07-07,1034057.8626314424,0.0,1034057.8626314424,0.0,True,normal,0.0,0,,沪深300;创业板;纳指;黄金;国债ETF,
2016-07-08,1034057.8626314424,0.0,1034057.8626314424,0.0,True,normal,0.0,0,,沪深300;创业板;纳指;黄金;国债ETF,
2016-07-11,1034057.8626314424,0.0,1034057.8626314424,0.0,True,normal,0.0,0,,沪深300;创业板;纳指;黄金;国债ETF,
2016-07-12,1034057.8626314424,0.0,1034057.8626314424,0.0,True,normal,0.0,0,,沪深300;创业板;纳指;黄金;国债ETF,
2016-07-13,1034057.8626314424,0.0,1034057.8626314424,0.0,True,normal,0.0,0,,沪深300;创业板;纳指;黄金;国债ETF,
2016-07-14,1034057.8626314424,0.0,1034057.8626314424,0.0,True,normal,0.0,0,,沪深300;创业板;纳指;黄金;国债ETF,
2016-07-15,1034057.8626314424,0.0,1034057.8626314424,0.0,True,normal,0.0,0,,沪深300;创业板;纳指;黄金;国债ETF,
2016-07-18,1034057.8626314424,0.0,1034057.8626314424,0.0,True,normal,0.0,0,,沪深300;创业板;纳指;黄金;国债ETF,
2016-07-19,1034057.8626314424,0.0,1034057.8626314424,0.0,True,normal,0.0,0,,沪深300;创业板;纳指;黄金;国债ETF,
2016-07-20,1034057.8626314424,0.0,1034057.8626314424,0.0,True,normal,0.0,0,,沪深300;创业板;纳指;黄金;国债ETF,
2016-07-21,1034057.8626314424,0.0,1034057.8626314424,0.0,True,normal,0.0,0,,沪深300;创业板;纳指;黄金;国债ETF,
2016-07-22,1034057.8626314424,0.0,1034057.8626314424,0.0,True,normal,0.0,0,,沪深300;创业板;纳指;黄金;国债ETF,
2016-07-25,1034057.8626314424,0.0,1034057.8626314424,0.0,True,normal,0.0,0,,沪深300;创业板;纳指;黄金;国债ETF,
2016-07-26,1034057.8626314424,0.0,1034057.8626314424,0.0,True,normal,0.0,0,,沪深300;创业板;纳指;黄金;国债ETF,
2016-07-27,1034057.8626314424,0.0,1034057.8626314424,0.0,True,normal,0.0,0,,沪深300;纳指;黄金;国债ETF,
2016-07-28,1034057.8626314424,0.0,1034057.8626314424,0.0,True,normal,0.0,0,,沪深300;纳指;黄金;国债ETF,
2016-07-29,1034057.8626314424,0.0,1034057.8626314424,0.0,True,normal,0.0,0,,沪深300;纳指;黄金;国债ETF,
2016-08-01,1034057.8626314424,0.0,1034057.8626314424,0.0,True,normal,0.0,0,,沪深300;纳指;黄金;国债ETF,
2016-08-02,1034057.8626314424,0.0,1034057.8626314424,1.0,False,normal,0.0,4,沪深300;纳指;黄金;国债ETF,沪深300;纳指;黄金;国债ETF,
2016-08-03,1034139.9307157783,0.0,1034139.9307157783,1.0,False,normal,0.0,4,沪深300;纳指;黄金;国债ETF,沪深300;纳指;黄金;国债ETF,
2016-08-04,1034222.0053134542,0.0,1034222.0053134542,1.0,False,normal,0.0,4,沪深300;纳指;黄金;国债ETF,沪深300;纳指;黄金;国债ETF,
2016-08-05,1034304.0864249871,0.0,1034304.0864249871,1.0,False,normal,0.0,5,沪深300;创业板;纳指;黄金;国债ETF,沪深300;创业板;纳指;黄金;国债ETF,
2016-08-08,1034386.1740508939,0.0,1034386.1740508939,1.0,False,normal,0.0,5,沪深300;创业板;纳指;黄金;国债ETF,沪深300;创业板;纳指;黄金;国债ETF,
2016-08-09,1034468.2681916916,0.0,1034468.2681916916,1.0,False,normal,0.0,5,沪深300;创业板;纳指;黄金;国债ETF,沪深300;创业板;纳指;黄金;国债ETF,
2016-08-10,1034550.3688478974,0.0,1034550.3688478974,1.0,False,normal,0.0,5,沪深300;创业板;纳指;黄金;国债ETF,沪深300;创业板;纳指;黄金;国债ETF,
2016-08-11,1034632.4760200282,0.0,1034632.4760200282,1.0,False,normal,0.0,4,沪深300;纳指;黄金;国债ETF,沪深300;纳指;黄金;国债ETF,
2016-08-12,1034714.5897086012,0.0,1034714.5897086012,1.0,False,normal,0.0,5,沪深300;创业板;纳指;黄金;国债ETF,沪深300;创业板;纳指;黄金;国债ETF,
2016-08-15,1034796.7099141338,0.0,1034796.7099141338,1.0,False,normal,0.0,5,沪深300;创业板;纳指;黄金;国债ETF,沪深300;创业板;纳指;黄金;国债ETF,
2016-08-16,1034878.8366371429,0.0,1034878.8366371429,1.0,False,normal,0.0,5,沪深300;创业板;纳指;黄金;国债ETF,沪深300;创业板;纳指;黄金;国债ETF,
2016-08-17,1034960.969878146,0.0,1034960.969878146,1.0,False,normal,0.0,5,沪深300;创业板;纳指;黄金;国债ETF,沪深300;创业板;纳指;黄金;国债ETF,
2016-08-18,1035043.1096376601,0.0,1035043.1096376601,1.0,False,normal,0.0,5,沪深300;创业板;纳指;黄金;国债ETF,沪深300;创业板;纳指;黄金;国债ETF,
2016-08-19,1035125.2559162028,0.0,1035125.2559162028,1.0,False,normal,0.0,5,沪深300;创业板;纳指;黄金;国债ETF,沪深300;创业板;纳指;黄金;国债ETF,
2016-08-22,1035207.4087142914,0.0,1035207.4087142914,1.0,False,normal,0.0,4,沪深300;纳指;黄金;国债ETF,沪深300;纳指;黄金;国债ETF,
2016-08-23,1035289.5680324434,0.0,1035289.5680324434,1.0,False,normal,0.0,4,沪深300;纳指;黄金;国债ETF,沪深300;纳指;黄金;国债ETF,
2016-08-24,1035371.7338711761,0.0,1035371.7338711761,1.0,False,normal,0.0,4,沪深300;纳指;黄金;国债ETF,沪深300;纳指;黄金;国债ETF,
2016-08-25,1035453.9062310072,0.0,1035453.9062310072,1.0,False,normal,0.0,3,沪深300;纳指;国债ETF,沪深300;纳指;国债ETF,
2016-08-26,1035536.0851124541,0.0,1035536.0851124541,1.0,False,normal,0.0,3,沪深300;纳指;国债ETF,沪深300;纳指;国债ETF,
2016-08-29,1035618.2705160346,0.0,1035618.2705160346,1.0,False,normal,0.0,3,沪深300;纳指;国债ETF,沪深300;纳指;国债ETF,
2016-08-30,1035700.462442266,0.0,1035700.462442266,1.0,False,normal,0.0,3,沪深300;纳指;国债ETF,沪深300;纳指;国债ETF,
2016-08-31,1035782.6608916663,0.0,1035782.6608916663,1.0,False,normal,0.0,3,沪深300;纳指;国债ETF,沪深300;纳指;国债ETF,
2016-09-01,1035864.865864753,0.0,1035864.865864753,1.0,False,normal,0.0,3,沪深300;纳指;国债ETF,沪深300;纳指;国债ETF,
2016-09-02,1035947.0773620439,0.0,1035947.0773620439,1.0,False,normal,0.0,3,沪深300;纳指;国债ETF,沪深300;纳指;国债ETF,
2016-09-05,1036029.2953840567,0.0,1036029.2953840567,1.0,False,normal,0.0,3,沪深300;纳指;国债ETF,沪深300;纳指;国债ETF,
2016-09-06,1036111.5199313095,0.0,1036111.5199313095,1.0,False,normal,0.0,3,沪深300;纳指;国债ETF,沪深300;纳指;国债ETF,
2016-09-07,1036193.75100432,0.0,1036193.75100432,1.0,False,normal,0.0,4,沪深300;纳指;黄金;国债ETF,沪深300;纳指;黄金;国债ETF,
2016-09-08,1036275.9886036061,0.0,1036275.9886036061,1.0,False,normal,0.0,4,沪深300;纳指;黄金;国债ETF,沪深300;纳指;黄金;国债ETF,
2016-09-09,1036358.2327296858,0.0,1036358.2327296858,1.0,False,normal,0.0,4,沪深300;纳指;黄金;国债ETF,沪深300;纳指;黄金;国债ETF,
2016-09-12,1036440.4833830771,0.0,1036440.4833830771,1.0,False,normal,0.0,3,沪深300;纳指;国债ETF,沪深300;纳指;国债ETF,
2016-09-13,1036522.740564298,0.0,1036522.740564298,1.0,False,normal,0.0,3,沪深300;纳指;国债ETF,沪深300;纳指;国债ETF,
2016-09-14,1036605.0042738667,0.0,1036605.0042738667,1.0,False,normal,0.0,3,纳指;黄金;国债ETF,纳指;黄金;国债ETF,
2016-09-19,1036687.2745123011,0.0,1036687.2745123011,1.0,False,normal,0.0,3,沪深300;纳指;国债ETF,沪深300;纳指;国债ETF,
2016-09-20,1036769.5512801196,0.0,1036769.5512801196,1.0,False,normal,0.0,4,沪深300;纳指;黄金;国债ETF,沪深300;纳指;黄金;国债ETF,
2016-09-21,1036851.8345778403,0.0,1036851.8345778403,1.0,False,normal,0.0,4,沪深300;纳指;黄金;国债ETF,沪深300;纳指;黄金;国债ETF,
2016-09-22,1036934.1244059814,0.0,1036934.1244059814,1.0,False,normal,0.0,5,沪深300;创业板;纳指;黄金;国债ETF,沪深300;创业板;纳指;黄金;国债ETF,
2016-09-23,1037016.4207650613,0.0,1037016.4207650613,1.0,False,normal,0.0,4,沪深300;创业板;纳指;国债ETF,沪深300;创业板;纳指;国债ETF,
2016-09-26,1037098.7236555982,0.0,1037098.7236555982,1.0,False,normal,0.0,5,沪深300;创业板;纳指;黄金;国债ETF,沪深300;创业板;纳指;黄金;国债ETF,
2016-09-27,1037181.0330781107,0.0,1037181.0330781107,1.0,False,normal,0.0,4,沪深300;创业板;纳指;国债ETF,沪深300;创业板;纳指;国债ETF,
2016-09-28,1037263.349033117,0.0,1037263.349033117,1.0,False,normal,0.0,4,沪深300;创业板;纳指;国债ETF,沪深300;创业板;纳指;国债ETF,
2016-09-29,1037345.6715211355,0.0,1037345.6715211355,1.0,False,normal,0.0,4,沪深300;创业板;纳指;国债ETF,沪深300;创业板;纳指;国债ETF,
2016-09-30,1037428.0005426848,0.0,1037428.0005426848,1.0,False,normal,0.0,4,沪深300;创业板;纳指;国债ETF,沪深300;创业板;纳指;国债ETF,
2016-10-10,1037510.3360982835,0.0,1037510.3360982835,1.0,False,normal,0.0,4,沪深300;创业板;纳指;国债ETF,沪深300;创业板;纳指;国债ETF,
2016-10-11,1037592.67818845,0.0,1037592.67818845,1.0,False,normal,0.0,4,沪深300;创业板;纳指;国债ETF,沪深300;创业板;纳指;国债ETF,
2016-10-12,1037675.0268137031,0.0,1037675.0268137031,1.0,False,normal,0.0,4,沪深300;创业板;纳指;国债ETF,沪深300;创业板;纳指;国债ETF,
2016-10-13,1037757.3819745614,0.0,1037757.3819745614,1.0,False,normal,0.0,4,沪深300;创业板;纳指;国债ETF,沪深300;创业板;纳指;国债ETF,
2016-10-14,1037839.7436715435,0.0,1037839.7436715435,1.0,False,normal,0.0,4,沪深300;创业板;纳指;国债ETF,沪深300;创业板;纳指;国债ETF,
2016-10-17,1037922.1119051683,0.0,1037922.1119051683,1.0,False,normal,0.0,3,创业板;纳指;国债ETF,创业板;纳指;国债ETF,
2016-10-18,1038004.4866759544,0.0,1038004.4866759544,1.0,False,normal,0.0,3,创业板;纳指;国债ETF,创业板;纳指;国债ETF,
2016-10-19,1038086.8679844209,0.0,1038086.8679844209,1.0,False,normal,0.0,2,纳指;国债ETF,纳指;国债ETF,
2016-10-20,1038169.2558310863,0.0,1038169.2558310863,1.0,False,normal,0.0,2,纳指;国债ETF,纳指;国债ETF,
2016-10-21,1038251.6502164698,0.0,1038251.6502164698,1.0,False,normal,0.0,2,纳指;国债ETF,纳指;国债ETF,
2016-10-24,1038334.0511410902,0.0,1038334.0511410902,1.0,False,normal,0.0,3,沪深300;纳指;国债ETF,沪深300;纳指;国债ETF,
2016-10-25,1038416.4586054665,0.0,1038416.4586054665,1.0,False,normal,0.0,4,沪深300;创业板;纳指;国债ETF,沪深300;创业板;纳指;国债ETF,
2016-10-26,1038498.8726101178,0.0,1038498.8726101178,1.0,False,normal,0.0,4,沪深300;创业板;纳指;国债ETF,沪深300;创业板;纳指;国债ETF,
2016-10-27,1038581.2931555631,0.0,1038581.2931555631,1.0,False,normal,0.0,3,沪深300;纳指;国债ETF,沪深300;纳指;国债ETF,
2016-10-28,1038663.7202423215,0.0,1038663.7202423215,1.0,False,normal,0.0,3,沪深300;纳指;国债ETF,沪深300;纳指;国债ETF,
2016-10-31,1038746.1538709122,0.0,1038746.1538709122,1.0,False,normal,0.0,3,沪深300;纳指;国债ETF,沪深300;纳指;国债ETF,
2016-11-01,1038828.5940418544,0.0,1038828.5940418544,1.0,False,normal,0.0,3,沪深300;纳指;国债ETF,沪深300;纳指;国债ETF,
2016-11-02,1038911.0407556673,0.0,1038911.0407556673,1.0,False,normal,0.0,3,沪深300;纳指;国债ETF,沪深300;纳指;国债ETF,
2016-11-03,1038993.4940128701,0.0,1038993.4940128701,1.0,False,normal,0.0,3,沪深300;纳指;国债ETF,沪深300;纳指;国债ETF,
2016-11-04,1039075.9538139823,0.0,1039075.9538139823,1.0,False,normal,0.0,3,沪深300;纳指;国债ETF,沪深300;纳指;国债ETF,
2016-11-07,1039158.4201595231,0.0,1039158.4201595231,1.0,False,normal,0.0,3,沪深300;纳指;国债ETF,沪深300;纳指;国债ETF,
2016-11-08,1039240.8930500121,0.0,1039240.8930500121,1.0,False,normal,0.0,3,沪深300;纳指;国债ETF,沪深300;纳指;国债ETF,
2016-11-09,1039323.3724859684,0.0,1039323.3724859684,1.0,False,normal,0.0,3,沪深300;黄金;国债ETF,沪深300;黄金;国债ETF,
2016-11-10,1039405.8584679117,0.0,1039405.8584679117,1.0,False,normal,0.0,3,沪深300;纳指;国债ETF,沪深300;纳指;国债ETF,
2016-11-11,1039488.3509963616,0.0,1039488.3509963616,1.0,False,normal,0.0,2,沪深300;国债ETF,沪深300;国债ETF,
2016-11-14,1039570.8500718375,0.0,1039570.8500718375,1.0,False,normal,0.0,3,沪深300;纳指;国债ETF,沪深300;纳指;国债ETF,
2016-11-15,1039653.3556948592,0.0,1039653.3556948592,1.0,False,normal,0.0,4,沪深300;创业板;纳指;国债ETF,沪深300;创业板;纳指;国债ETF,
2016-11-16,1039735.8678659461,0.0,1039735.8678659461,1.0,False,normal,0.0,4,沪深300;创业板;纳指;国债ETF,沪深300;创业板;纳指;国债ETF,
2016-11-17,1039818.3865856181,0.0,1039818.3865856181,1.0,False,normal,0.0,3,沪深300;创业板;纳指,沪深300;创业板;纳指,
2016-11-18,1039900.9118543948,0.0,1039900.9118543948,0.8246631089767087,False,normal,0.0,2,沪深300;纳指,沪深300;纳指,
2016-11-21,1039983.443672796,0.0,1039983.443672796,0.8501827467061139,False,normal,0.0,2,沪深300;纳指,沪深300;纳指,
2016-11-22,1040065.9820413415,0.0,1040065.9820413415,1.0,False,normal,0.0,3,沪深300;创业板;纳指,沪深300;创业板;纳指,
2016-11-23,1040148.5269605512,0.0,1040148.5269605512,1.0,False,normal,0.0,3,沪深300;创业板;纳指,沪深300;创业板;纳指,
2016-11-24,1040231.0784309449,0.0,1040231.0784309449,1.0,False,normal,0.0,2,沪深300;纳指,沪深300;纳指,
2016-11-25,1040313.6364530426,0.0,1040313.6364530426,1.0,False,normal,0.0,3,沪深300;创业板;纳指,沪深300;创业板;纳指,
2016-11-28,1040396.2010273644,0.0,1040396.2010273644,1.0,False,normal,0.0,3,沪深300;创业板;纳指,沪深300;创业板;纳指,
2016-11-29,1040478.77215443,0.0,1040478.77215443,1.0,False,normal,0.0,3,沪深300;创业板;纳指,沪深300;创业板;纳指,
2016-11-30,1040561.3498347598,0.0,1040561.3498347598,1.0,False,normal,0.0,3,沪深300;创业板;纳指,沪深300;创业板;纳指,
2016-12-01,1040643.9340688738,0.0,1040643.9340688738,1.0,False,normal,0.0,3,沪深300;创业板;纳指,沪深300;创业板;纳指,
2016-12-02,1040726.524857292,0.0,1040726.524857292,1.0,False,normal,0.0,2,沪深300;纳指,沪深300;纳指,
2016-12-05,1040809.1222005347,0.0,1040809.1222005347,0.8428229544827536,False,normal,0.0,2,沪深300;纳指,沪深300;纳指,
2016-12-06,1040891.7260991221,0.0,1040891.7260991221,0.8639686326397323,False,normal,0.0,2,沪深300;纳指,沪深300;纳指,
2016-12-07,1040974.3365535744,0.0,1040974.3365535744,1.0,False,normal,0.0,2,沪深300;纳指,沪深300;纳指,
2016-12-08,1041056.9535644121,0.0,1041056.9535644121,0.866956996029432,False,normal,0.0,2,沪深300;纳指,沪深300;纳指,
2016-12-09,1041139.5771321553,0.0,1041139.5771321553,1.0,False,normal,0.0,2,沪深300;纳指,沪深300;纳指,
2016-12-12,1041222.2072573246,0.0,1041222.2072573246,0.0,True,normal,0.0,0,,沪深300;纳指,
2016-12-13,1041222.2072573246,0.0,1041222.2072573246,0.0,True,normal,0.0,0,,沪深300;纳指,
2016-12-14,1041222.2072573246,0.0,1041222.2072573246,0.0,True,normal,0.0,0,,沪深300;纳指,
2016-12-15,1041222.2072573246,0.0,1041222.2072573246,0.0,True,normal,0.0,0,,沪深300;纳指,
2016-12-16,1041222.2072573246,0.0,1041222.2072573246,0.0,True,normal,0.0,0,,纳指,
2016-12-19,1041222.2072573246,0.0,1041222.2072573246,0.0,True,normal,0.0,0,,纳指,
2016-12-20,1041222.2072573246,0.0,1041222.2072573246,0.0,True,normal,0.0,0,,纳指,
2016-12-21,1041222.2072573246,0.0,1041222.2072573246,0.0,True,normal,0.0,0,,纳指,
2016-12-22,1041222.2072573246,0.0,1041222.2072573246,0.0,True,normal,0.0,0,,纳指,
2016-12-23,1041222.2072573246,0.0,1041222.2072573246,0.0,True,normal,0.0,0,,纳指,
2016-12-26,1041222.2072573246,0.0,1041222.2072573246,0.0,True,normal,0.0,0,,纳指,
2016-12-27,1041222.2072573246,0.0,1041222.2072573246,0.0,True,normal,0.0,0,,纳指,
2016-12-28,1041222.2072573246,0.0,1041222.2072573246,0.0,True,normal,0.0,0,,纳指,
2016-12-29,1041222.2072573246,0.0,1041222.2072573246,0.0,True,normal,0.0,0,,纳指,
2016-12-30,1041222.2072573246,0.0,1041222.2072573246,0.0,True,normal,0.0,0,,纳指,
2017-01-03,1041222.2072573246,0.0,1041222.2072573246,0.0,True,normal,0.0,0,,纳指,
2017-01-04,1041222.2072573246,0.0,1041222.2072573246,0.0,True,normal,0.0,0,,沪深300;纳指,
2017-01-05,1041222.2072573246,0.0,1041222.2072573246,0.0,True,normal,0.0,0,,纳指,
2017-01-06,1041222.2072573246,0.0,1041222.2072573246,0.0,True,normal,0.0,0,,纳指,
2017-01-09,1041222.2072573246,0.0,1041222.2072573246,0.0,True,normal,0.0,0,,纳指,
2017-01-10,1041222.2072573246,0.0,1041222.2072573246,0.0,True,normal,0.0,0,,纳指,
2017-01-11,1041222.2072573246,0.0,1041222.2072573246,0.0,True,normal,0.0,0,,纳指,
2017-01-12,1041222.2072573246,0.0,1041222.2072573246,0.0,True,normal,0.0,0,,纳指,
2017-01-13,1041222.2072573246,0.0,1041222.2072573246,0.0,True,normal,0.0,0,,纳指,
2017-01-16,1041222.2072573246,0.0,1041222.2072573246,0.0,True,normal,0.0,0,,纳指,
2017-01-17,1041222.2072573246,0.0,1041222.2072573246,0.0,True,normal,0.0,0,,纳指,
2017-01-18,1041222.2072573246,0.0,1041222.2072573246,0.0,True,normal,0.0,0,,纳指,
2017-01-19,1041222.2072573246,0.0,1041222.2072573246,0.0,True,normal,0.0,0,,纳指,
2017-01-20,1041222.2072573246,0.0,1041222.2072573246,0.0,True,normal,0.0,0,,纳指;黄金,
2017-01-23,1041222.2072573246,0.0,1041222.2072573246,0.0,True,normal,0.0,0,,纳指;黄金,
2017-01-24,1041222.2072573246,0.0,1041222.2072573246,0.0,True,normal,0.0,0,,纳指;黄金,
2017-01-25,1041222.2072573246,0.0,1041222.2072573246,0.0,True,normal,0.0,0,,纳指,
2017-01-26,1041222.2072573246,0.0,1041222.2072573246,0.0,True,normal,0.0,0,,纳指;黄金,
2017-02-03,1041222.2072573246,0.0,1041222.2072573246,0.0,True,normal,0.0,0,,纳指;黄金,
2017-02-06,1041222.2072573246,0.0,1041222.2072573246,0.0,True,normal,0.0,0,,纳指;黄金,
2017-02-07,1041222.2072573246,0.0,1041222.2072573246,0.0,True,normal,0.0,0,,纳指;黄金,
2017-02-08,1041222.2072573246,0.0,1041222.2072573246,0.0,True,normal,0.0,0,,纳指;黄金,军工ETF;证券ETF
2017-02-09,1041222.2072573246,0.0,1041222.2072573246,0.0,True,normal,0.0,0,,纳指;黄金,军工ETF;证券ETF
2017-02-10,1041222.2072573246,0.0,1041222.2072573246,0.0,True,normal,0.0,0,,纳指;黄金,证券ETF;军工ETF
2017-02-13,1041222.2072573246,0.0,1041222.2072573246,0.0,True,normal,0.0,0,,纳指;黄金,证券ETF;军工ETF
2017-02-14,1041222.2072573246,0.0,1041222.2072573246,0.0,True,normal,0.0,0,,纳指;黄金,军工ETF;证券ETF
2017-02-15,1041222.2072573246,0.0,1041222.2072573246,0.0,True,normal,0.0,0,,纳指;黄金;国债ETF,证券ETF;军工ETF
2017-02-16,1041222.2072573246,0.0,1041222.2072573246,0.0,True,normal,0.0,0,,沪深300;纳指;黄金;国债ETF,证券ETF;军工ETF
2017-02-17,1041222.2072573246,0.0,1041222.2072573246,0.0,True,normal,0.0,0,,沪深300;纳指;黄金;国债ETF,军工ETF;证券ETF
2017-02-20,1041222.2072573246,0.0,1041222.2072573246,0.0,True,normal,0.0,0,,沪深300;纳指;黄金;国债ETF,军工ETF;证券ETF
2017-02-21,1041222.2072573246,0.0,1041222.2072573246,0.0,True,normal,0.0,0,,沪深300;纳指;黄金;国债ETF,军工ETF;证券ETF
2017-02-22,1041222.2072573246,0.0,1041222.2072573246,0.0,True,normal,0.0,0,,沪深300;纳指;黄金;国债ETF,军工ETF;证券ETF
2017-02-23,1041222.2072573246,0.0,1041222.2072573246,0.0,True,normal,0.0,0,,沪深300;纳指;黄金;国债ETF,军工ETF;证券ETF
2017-02-24,1041222.2072573246,0.0,1041222.2072573246,0.0,True,normal,0.0,0,,沪深300;纳指;黄金;国债ETF,军工ETF;证券ETF
2017-02-27,1041222.2072573246,0.0,1041222.2072573246,0.0,True,normal,0.0,0,,沪深300;纳指;黄金;国债ETF,军工ETF;证券ETF
2017-02-28,1041222.2072573246,0.0,1041222.2072573246,0.0,True,normal,0.0,0,,沪深300;纳指;黄金;国债ETF,军工ETF;证券ETF
2017-03-01,1041222.2072573246,0.0,1041222.2072573246,0.0,True,normal,0.0,0,,沪深300;纳指;黄金;国债ETF,军工ETF;证券ETF
2017-03-02,1041222.2072573246,0.0,1041222.2072573246,0.0,True,normal,0.0,0,,沪深300;纳指;黄金;国债ETF,军工ETF;证券ETF
2017-03-03,1041222.2072573246,0.0,1041222.2072573246,0.0,True,normal,0.0,0,,沪深300;纳指;黄金;国债ETF,证券ETF;军工ETF
2017-03-06,1041222.2072573246,0.0,1041222.2072573246,0.0,True,normal,0.0,0,,沪深300;创业板;纳指;黄金;国债ETF,军工ETF;证券ETF
2017-03-07,1041222.2072573246,0.0,1041222.2072573246,0.0,True,normal,0.0,0,,沪深300;纳指;黄金;国债ETF,军工ETF;证券ETF
2017-03-08,1041222.2072573246,0.0,1041222.2072573246,0.0,True,normal,0.0,0,,沪深300;纳指;黄金;国债ETF,军工ETF;证券ETF
2017-03-09,1041222.2072573246,0.0,1041222.2072573246,0.0,True,normal,0.0,0,,沪深300;纳指;黄金;国债ETF,军工ETF;证券ETF
2017-03-10,1041222.2072573246,0.0,1041222.2072573246,0.0,True,normal,0.0,0,,沪深300;纳指;黄金,军工ETF;证券ETF
2017-03-13,1041222.2072573246,0.0,1041222.2072573246,0.0,True,normal,0.0,0,,沪深300;创业板;纳指;黄金,军工ETF;证券ETF
2017-03-14,1041222.2072573246,0.0,1041222.2072573246,0.0,True,normal,0.0,0,,沪深300;创业板;纳指;黄金,军工ETF;证券ETF
2017-03-15,1041222.2072573246,0.0,1041222.2072573246,0.0,True,normal,0.0,0,,沪深300;创业板;纳指;黄金,军工ETF;证券ETF
2017-03-16,1041222.2072573246,0.0,1041222.2072573246,0.0,True,normal,0.0,0,,沪深300;创业板;纳指;黄金;国债ETF,军工ETF;证券ETF
2017-03-17,1041222.2072573246,0.0,1041222.2072573246,0.0,True,normal,0.0,0,,沪深300;创业板;纳指;黄金;国债ETF,军工ETF;证券ETF
2017-03-20,1041222.2072573246,0.0,1041222.2072573246,0.0,True,normal,0.0,0,,沪深300;创业板;纳指;黄金;国债ETF,军工ETF;证券ETF
2017-03-21,1041222.2072573246,0.0,1041222.2072573246,0.0,True,normal,0.0,0,,沪深300;创业板;纳指;黄金;国债ETF,军工ETF;证券ETF
2017-03-22,1041222.2072573246,0.0,1041222.2072573246,0.0,True,normal,0.0,0,,沪深300;创业板;纳指;黄金;国债ETF,军工ETF;证券ETF
2017-03-23,1041222.2072573246,0.0,1041222.2072573246,0.0,True,normal,0.0,0,,沪深300;创业板;纳指;黄金,军工ETF;证券ETF
2017-03-24,1041222.2072573246,0.0,1041222.2072573246,0.0,True,normal,0.0,0,,沪深300;创业板;纳指;黄金,军工ETF;证券ETF
2017-03-27,1041222.2072573246,0.0,1041222.2072573246,0.0,True,normal,0.0,0,,沪深300;创业板;纳指;黄金;国债ETF,军工ETF;证券ETF
2017-03-28,1041222.2072573246,1809298.5225341357,-768076.3152768111,1.0,False,normal,0.0,7,沪深300;创业板;纳指;黄金;国债ETF;军工ETF;证券ETF,沪深300;创业板;纳指;黄金;国债ETF,军工ETF;证券ETF
2017-03-29,1033241.1677384722,1833919.7783160591,-800678.6105775869,1.0,False,normal,-0.007665068477433999,7,沪深300;创业板;纳指;黄金;国债ETF;军工ETF;证券ETF,沪深300;创业板;纳指;黄金;国债ETF,军工ETF;证券ETF
2017-03-30,1013774.0670120184,1751193.5183283526,-737419.4513163342,1.0,False,normal,-0.02636146257157454,6,沪深300;创业板;纳指;黄金;军工ETF;证券ETF,沪深300;创业板;纳指;黄金,军工ETF;证券ETF
2017-03-31,1030817.0408611647,1726918.2232069112,-696101.1823457466,1.0,False,normal,-0.009993223659307153,7,沪深300;创业板;纳指;黄金;国债ETF;军工ETF;证券ETF,沪深300;创业板;纳指;黄金;国债ETF,军工ETF;证券ETF
2017-04-05,1055088.6682942347,0.0,1055088.6682942347,0.0,True,normal,0.0,0,,沪深300;创业板;纳指;黄金;国债ETF,军工ETF;证券ETF
2017-04-06,1055088.6682942347,0.0,1055088.6682942347,0.0,True,normal,0.0,0,,沪深300;创业板;纳指;黄金;国债ETF,军工ETF;证券ETF
2017-04-07,1055088.6682942347,0.0,1055088.6682942347,0.0,True,normal,0.0,0,,沪深300;创业板;纳指;黄金;国债ETF,军工ETF;证券ETF
2017-04-10,1055088.6682942347,0.0,1055088.6682942347,0.0,True,normal,0.0,0,,沪深300;创业板;纳指;黄金;国债ETF,军工ETF;证券ETF
2017-04-11,1055088.6682942347,0.0,1055088.6682942347,0.0,True,normal,0.0,0,,沪深300;创业板;纳指;黄金;国债ETF,军工ETF;证券ETF
2017-04-12,1055088.6682942347,0.0,1055088.6682942347,0.0,True,normal,0.0,0,,沪深300;纳指;黄金;国债ETF,军工ETF;证券ETF
2017-04-13,1055088.6682942347,0.0,1055088.6682942347,0.0,True,normal,0.0,0,,沪深300;创业板;纳指;黄金;国债ETF,军工ETF;证券ETF
2017-04-14,1055088.6682942347,0.0,1055088.6682942347,0.0,True,normal,0.0,0,,沪深300;黄金;国债ETF,军工ETF;证券ETF
2017-04-17,1055088.6682942347,0.0,1055088.6682942347,0.0,True,normal,0.0,0,,沪深300;纳指;黄金,军工ETF;证券ETF
2017-04-18,1055088.6682942347,0.0,1055088.6682942347,0.0,True,normal,0.0,0,,纳指;黄金,军工ETF;证券ETF
2017-04-19,1055088.6682942347,0.0,1055088.6682942347,0.0,True,normal,0.0,0,,纳指;黄金,军工ETF;证券ETF
2017-04-20,1055088.6682942347,0.0,1055088.6682942347,0.0,True,normal,0.0,0,,黄金,军工ETF;证券ETF
2017-04-21,1055088.6682942347,0.0,1055088.6682942347,0.0,True,normal,0.0,0,,纳指;黄金,证券ETF;军工ETF
2017-04-24,1055088.6682942347,0.0,1055088.6682942347,0.0,True,normal,0.0,0,,纳指;黄金,军工ETF;证券ETF
2017-04-25,1055088.6682942347,0.0,1055088.6682942347,0.0,True,normal,0.0,0,,纳指;黄金,证券ETF;军工ETF
2017-04-26,1055088.6682942347,0.0,1055088.6682942347,0.0,True,normal,0.0,0,,纳指;黄金,证券ETF;军工ETF
2017-04-27,1055088.6682942347,0.0,1055088.6682942347,0.0,True,normal,0.0,0,,纳指;黄金,证券ETF;军工ETF
2017-04-28,1055088.6682942347,0.0,1055088.6682942347,0.0,True,normal,0.0,0,,纳指;黄金,证券ETF;军工ETF
2017-05-02,1055088.6682942347,0.0,1055088.6682942347,0.0,True,normal,0.0,0,,沪深300;纳指;黄金,证券ETF;军工ETF
2017-05-03,1055088.6682942347,0.0,1055088.6682942347,0.0,True,normal,0.0,0,,纳指;黄金,证券ETF;军工ETF
2017-05-04,1055088.6682942347,0.0,1055088.6682942347,0.0,True,normal,0.0,0,,纳指;黄金,证券ETF;军工ETF
2017-05-05,1055088.6682942347,0.0,1055088.6682942347,0.0,True,normal,0.0,0,,纳指;黄金,证券ETF;军工ETF
2017-05-08,1055088.6682942347,0.0,1055088.6682942347,0.0,True,normal,0.0,0,,纳指;黄金,证券ETF;军工ETF
2017-05-09,1055088.6682942347,0.0,1055088.6682942347,0.0,True,normal,0.0,0,,纳指;黄金,证券ETF;军工ETF
2017-05-10,1055088.6682942347,0.0,1055088.6682942347,0.0,True,normal,0.0,0,,纳指;黄金,证券ETF;军工ETF
2017-05-11,1055088.6682942347,0.0,1055088.6682942347,0.0,True,normal,0.0,0,,纳指;黄金,证券ETF;军工ETF
2017-05-12,1055088.6682942347,0.0,1055088.6682942347,0.0,True,normal,0.0,0,,纳指;黄金,证券ETF;军工ETF
2017-05-15,1055088.6682942347,0.0,1055088.6682942347,0.0,True,normal,0.0,0,,纳指,证券ETF;军工ETF
2017-05-16,1055088.6682942347,0.0,1055088.6682942347,0.0,True,normal,0.0,0,,纳指;黄金,证券ETF;军工ETF
2017-05-17,1055088.6682942347,0.0,1055088.6682942347,0.0,True,normal,0.0,0,,纳指;黄金,证券ETF;军工ETF
2017-05-18,1055088.6682942347,0.0,1055088.6682942347,0.0,True,normal,0.0,0,,黄金,证券ETF;军工ETF
2017-05-19,1055088.6682942347,0.0,1055088.6682942347,0.0,True,normal,0.0,0,,纳指;黄金,证券ETF;军工ETF
2017-05-22,1055088.6682942347,0.0,1055088.6682942347,0.0,True,normal,0.0,0,,纳指;黄金,证券ETF;军工ETF
2017-05-23,1055088.6682942347,0.0,1055088.6682942347,0.0,True,normal,0.0,0,,纳指;黄金,证券ETF;军工ETF
2017-05-24,1055088.6682942347,0.0,1055088.6682942347,0.0,True,normal,0.0,0,,纳指,证券ETF;军工ETF
2017-05-25,1055088.6682942347,0.0,1055088.6682942347,0.0,True,normal,0.0,0,,沪深300;纳指,证券ETF;军工ETF
2017-05-26,1055088.6682942347,0.0,1055088.6682942347,0.0,True,normal,0.0,0,,沪深300;纳指;黄金,证券ETF;军工ETF
2017-05-31,1055088.6682942347,0.0,1055088.6682942347,0.0,True,normal,0.0,0,,沪深300;纳指,证券ETF;军工ETF
2017-06-01,1055088.6682942347,0.0,1055088.6682942347,0.0,True,normal,0.0,0,,沪深300;纳指;黄金,证券ETF;军工ETF
2017-06-02,1055088.6682942347,0.0,1055088.6682942347,0.0,True,normal,0.0,0,,纳指,证券ETF;军工ETF
2017-06-05,1055088.6682942347,0.0,1055088.6682942347,0.0,True,normal,0.0,0,,纳指;黄金,证券ETF;军工ETF
2017-06-06,1055088.6682942347,0.0,1055088.6682942347,0.0,True,normal,0.0,0,,纳指;黄金,证券ETF;军工ETF
2017-06-07,1055088.6682942347,0.0,1055088.6682942347,0.0,True,normal,0.0,0,,沪深300;纳指;黄金,证券ETF;军工ETF
2017-06-08,1055088.6682942347,0.0,1055088.6682942347,0.0,True,normal,0.0,0,,沪深300;纳指,证券ETF;军工ETF
2017-06-09,1055088.6682942347,0.0,1055088.6682942347,0.0,True,normal,0.0,0,,沪深300;纳指,证券ETF;军工ETF
2017-06-12,1055088.6682942347,0.0,1055088.6682942347,0.0,True,normal,0.0,0,,沪深300;纳指,证券ETF;军工ETF
2017-06-13,1055088.6682942347,0.0,1055088.6682942347,0.0,True,normal,0.0,0,,沪深300;纳指,证券ETF;军工ETF
2017-06-14,1055088.6682942347,0.0,1055088.6682942347,0.0,True,normal,0.0,0,,沪深300;纳指,证券ETF;军工ETF
2017-06-15,1055088.6682942347,0.0,1055088.6682942347,0.0,True,normal,0.0,0,,沪深300;纳指,证券ETF;军工ETF
2017-06-16,1055088.6682942347,0.0,1055088.6682942347,0.0,True,normal,0.0,0,,沪深300;纳指,证券ETF;军工ETF
2017-06-19,1055088.6682942347,0.0,1055088.6682942347,0.0,True,normal,0.0,0,,沪深300;纳指,证券ETF;军工ETF
2017-06-20,1055088.6682942347,0.0,1055088.6682942347,0.0,True,normal,0.0,0,,沪深300;纳指,证券ETF;军工ETF
2017-06-21,1055088.6682942347,0.0,1055088.6682942347,0.0,True,normal,0.0,0,,沪深300;创业板;纳指,证券ETF;军工ETF
2017-06-22,1055088.6682942347,0.0,1055088.6682942347,0.0,True,normal,0.0,0,,沪深300;纳指,证券ETF;军工ETF
2017-06-23,1055088.6682942347,0.0,1055088.6682942347,0.0,True,normal,0.0,0,,沪深300;纳指,军工ETF;证券ETF
2017-06-26,1055088.6682942347,0.0,1055088.6682942347,0.0,True,normal,0.0,0,,沪深300;纳指,军工ETF;证券ETF
2017-06-27,1055088.6682942347,0.0,1055088.6682942347,0.0,True,normal,0.0,0,,沪深300;纳指;国债ETF,证券ETF;军工ETF
2017-06-28,1055088.6682942347,0.0,1055088.6682942347,0.0,True,normal,0.0,0,,沪深300,军工ETF;证券ETF
2017-06-29,1055088.6682942347,0.0,1055088.6682942347,0.0,True,normal,0.0,0,,沪深300;纳指;国债ETF,证券ETF;军工ETF
2017-06-30,1055088.6682942347,0.0,1055088.6682942347,0.0,True,normal,0.0,0,,沪深300;国债ETF,证券ETF;军工ETF
2017-07-03,1055088.6682942347,0.0,1055088.6682942347,0.0,True,normal,0.0,0,,沪深300;创业板;国债ETF,军工ETF;证券ETF
2017-07-04,1055088.6682942347,0.0,1055088.6682942347,0.0,True,normal,0.0,0,,沪深300;创业板;国债ETF,证券ETF;军工ETF
2017-07-05,1055088.6682942347,0.0,1055088.6682942347,0.0,True,normal,0.0,0,,沪深300;创业板;国债ETF,证券ETF;军工ETF
2017-07-06,1055088.6682942347,0.0,1055088.6682942347,0.0,True,normal,0.0,0,,沪深300;创业板;国债ETF,军工ETF;证券ETF
2017-07-07,1055088.6682942347,0.0,1055088.6682942347,0.0,True,normal,0.0,0,,沪深300;创业板;国债ETF,证券ETF;军工ETF
2017-07-10,1055088.6682942347,0.0,1055088.6682942347,0.0,True,normal,0.0,0,,沪深300;创业板;国债ETF,军工ETF;证券ETF
2017-07-11,1055088.6682942347,0.0,1055088.6682942347,0.0,True,normal,0.0,0,,沪深300;国债ETF,证券ETF;军工ETF
2017-07-12,1055088.6682942347,0.0,1055088.6682942347,0.0,True,normal,0.0,0,,沪深300;国债ETF,证券ETF;军工ETF
2017-07-13,1055088.6682942347,0.0,1055088.6682942347,0.0,True,normal,0.0,0,,沪深300;国债ETF,证券ETF;军工ETF
2017-07-14,1055088.6682942347,0.0,1055088.6682942347,0.0,True,normal,0.0,0,,沪深300;纳指;国债ETF,证券ETF;军工ETF
2017-07-17,1055088.6682942347,0.0,1055088.6682942347,0.0,True,normal,0.0,0,,沪深300;纳指;国债ETF,证券ETF;军工ETF
2017-07-18,1055088.6682942347,0.0,1055088.6682942347,0.0,True,normal,0.0,0,,沪深300;纳指;国债ETF,证券ETF;军工ETF
2017-07-19,1055088.6682942347,0.0,1055088.6682942347,0.0,True,normal,0.0,0,,沪深300;纳指;国债ETF,证券ETF;军工ETF
2017-07-20,1055088.6682942347,0.0,1055088.6682942347,0.0,True,normal,0.0,0,,沪深300;纳指;国债ETF,证券ETF;军工ETF
2017-07-21,1055088.6682942347,0.0,1055088.6682942347,0.0,True,normal,0.0,0,,沪深300;纳指;国债ETF,证券ETF;军工ETF
2017-07-24,1055088.6682942347,0.0,1055088.6682942347,0.0,True,normal,0.0,0,,沪深300;国债ETF,证券ETF;军工ETF
2017-07-25,1055088.6682942347,0.0,1055088.6682942347,0.0,True,normal,0.0,0,,沪深300;国债ETF,证券ETF;军工ETF
2017-07-26,1055088.6682942347,0.0,1055088.6682942347,0.0,True,normal,0.0,0,,沪深300;纳指;国债ETF,证券ETF;军工ETF
2017-07-27,1055088.6682942347,0.0,1055088.6682942347,0.0,True,normal,0.0,0,,沪深300,证券ETF;军工ETF
2017-07-28,1055088.6682942347,0.0,1055088.6682942347,0.0,True,normal,0.0,0,,沪深300,证券ETF;军工ETF
2017-07-31,1055088.6682942347,0.0,1055088.6682942347,0.0,True,normal,0.0,0,,沪深300,证券ETF;军工ETF
2017-08-01,1055088.6682942347,0.0,1055088.6682942347,0.0,True,normal,0.0,0,,沪深300;国债ETF,证券ETF;军工ETF
2017-08-02,1055088.6682942347,0.0,1055088.6682942347,0.0,True,normal,0.0,0,,沪深300;国债ETF,证券ETF;军工ETF
2017-08-03,1055088.6682942347,0.0,1055088.6682942347,0.0,True,normal,0.0,0,,沪深300;国债ETF,证券ETF;军工ETF
2017-08-04,1055088.6682942347,0.0,1055088.6682942347,0.0,True,normal,0.0,0,,沪深300;国债ETF,证券ETF;军工ETF
2017-08-07,1055088.6682942347,0.0,1055088.6682942347,0.0,True,normal,0.0,0,,沪深300;纳指,证券ETF;军工ETF
2017-08-08,1055088.6682942347,1055088.6682942347,0.0,1.0,False,normal,0.0,4,沪深300;纳指;证券ETF;军工ETF,沪深300;纳指,证券ETF;军工ETF
2017-08-09,1044980.3499631457,1044980.3499631457,0.0,1.0,False,normal,-0.009580539185802402,4,沪深300;纳指;证券ETF;军工ETF,沪深300;纳指,证券ETF;军工ETF
2017-08-10,1047752.8719854753,1047752.8719854753,0.0,1.0,False,normal,-0.006952777078555088,4,沪深300;纳指;证券ETF;军工ETF,沪深300;纳指,证券ETF;军工ETF
2017-08-11,1032746.1940459665,1032746.1940459665,0.0,1.0,False,normal,-0.02117592096253799,4,沪深300;黄金;证券ETF;军工ETF,沪深300;黄金,证券ETF;军工ETF
2017-08-14,1045988.7827319875,1045988.7827319875,0.0,1.0,False,normal,-0.0086247590706845,4,沪深300;黄金;证券ETF;军工ETF,沪深300;黄金,证券ETF;军工ETF
2017-08-15,1045155.0759701685,1045155.0759701685,0.0,1.0,False,normal,-0.009414936035779704,5,沪深300;纳指;国债ETF;证券ETF;军工ETF,沪深300;纳指;国债ETF,证券ETF;军工ETF
2017-08-16,1052095.6478664787,1157496.4698744128,-105400.8220079341,1.0,False,normal,-0.002836747770777254,5,沪深300;创业板;国债ETF;证券ETF;军工ETF,沪深300;创业板;国债ETF,证券ETF;军工ETF
2017-08-17,1064142.79178069,0.0,1064142.79178069,0.0,True,normal,0.0,0,,沪深300;创业板;国债ETF,证券ETF;军工ETF
2017-08-18,1064142.79178069,0.0,1064142.79178069,0.0,True,normal,0.0,0,,沪深300;国债ETF,军工ETF;证券ETF
2017-08-21,1064142.79178069,1226459.1236641712,-162316.33188348124,1.0,False,normal,0.0,4,沪深300;黄金;军工ETF;证券ETF,沪深300;黄金,军工ETF;证券ETF
2017-08-22,1055330.8098590402,1234552.9028824025,-179222.09302336234,1.0,False,normal,-0.008280826586161605,5,沪深300;纳指;黄金;军工ETF;证券ETF,沪深300;纳指;黄金,军工ETF;证券ETF
2017-08-23,1062129.4695792648,1272838.6314124367,-210709.16183317197,1.0,False,normal,-0.0018919662069563092,6,沪深300;纳指;黄金;国债ETF;军工ETF;证券ETF,沪深300;纳指;黄金;国债ETF,军工ETF;证券ETF
2017-08-24,1049365.4192647259,1258334.9558673815,-208969.53660265566,1.0,False,normal,-0.013886644377148184,6,沪深300;纳指;黄金;国债ETF;军工ETF;证券ETF,沪深300;纳指;黄金;国债ETF,军工ETF;证券ETF
2017-08-25,1072616.1033307873,1220587.2646056532,-147971.16127486597,1.0,False,normal,0.0,6,沪深300;纳指;黄金;国债ETF;证券ETF;军工ETF,沪深300;纳指;黄金;国债ETF,证券ETF;军工ETF
2017-08-28,1113570.1050830998,1113570.1050830998,0.0,1.0,False,normal,0.0,6,沪深300;纳指;黄金;国债ETF;证券ETF;军工ETF,沪深300;纳指;黄金;国债ETF,证券ETF;军工ETF
2017-08-29,1098423.3085081154,1098423.3085081154,0.0,1.0,False,normal,-0.013602014373270303,6,沪深300;纳指;黄金;国债ETF;证券ETF;军工ETF,沪深300;纳指;黄金;国债ETF,证券ETF;军工ETF
2017-08-30,1101381.4716662674,1101381.4716662674,0.0,1.0,False,normal,-0.01094554654547129,6,沪深300;创业板;纳指;黄金;证券ETF;军工ETF,沪深300;创业板;纳指;黄金,证券ETF;军工ETF
2017-08-31,1107796.3279080512,1107796.3279080512,0.0,1.0,False,normal,-0.005184924728755836,6,沪深300;创业板;纳指;黄金;证券ETF;军工ETF,沪深300;创业板;纳指;黄金,证券ETF;军工ETF
2017-09-01,1113706.1171669378,1113706.1171669378,0.0,1.0,False,normal,0.0,7,沪深300;创业板;纳指;黄金;国债ETF;证券ETF;军工ETF,沪深300;创业板;纳指;黄金;国债ETF,证券ETF;军工ETF
2017-09-04,1120287.9346697198,1120287.9346697198,0.0,1.0,False,normal,0.0,7,沪深300;创业板;纳指;黄金;国债ETF;证券ETF;军工ETF,沪深300;创业板;纳指;黄金;国债ETF,证券ETF;军工ETF
2017-09-05,1117456.5756579847,1219813.5822020676,-102357.00654408289,1.0,False,normal,-0.002527349375203083,7,沪深300;创业板;纳指;黄金;国债ETF;证券ETF;军工ETF,沪深300;创业板;纳指;黄金;国债ETF,证券ETF;军工ETF
2017-09-06,1120251.5533924075,1261286.698314812,-141035.14492240455,1.0,False,normal,-3.247493451138311e-05,6,沪深300;创业板;黄金;国债ETF;证券ETF;军工ETF,沪深300;创业板;黄金;国债ETF,证券ETF;军工ETF
2017-09-07,1107891.2916689273,1243133.8046967743,-135242.51302784705,1.0,False,normal,-0.011065586459651753,6,沪深300;创业板;黄金;国债ETF;证券ETF;军工ETF,沪深300;创业板;黄金;国债ETF,证券ETF;军工ETF
2017-09-08,1103291.049542788,1268379.8581414227,-165088.8085986348,1.0,False,normal,-0.015171889833788848,6,沪深300;创业板;黄金;国债ETF;证券ETF;军工ETF,沪深300;创业板;黄金;国债ETF,证券ETF;军工ETF
2017-09-11,1107790.4073846836,1311897.7501284203,-204107.3427437367,1.0,False,normal,-0.01115563856243855,6,沪深300;创业板;黄金;国债ETF;证券ETF;军工ETF,沪深300;创业板;黄金;国债ETF,证券ETF;军工ETF
2017-09-12,1111525.9311514192,1356967.6920634492,-245441.76091203,1.0,False,normal,-0.00782120671582863,6,沪深300;创业板;黄金;国债ETF;证券ETF;军工ETF,沪深300;创业板;黄金;国债ETF,证券ETF;军工ETF
2017-09-13,1111181.8979445011,1397960.878718821,-286778.98077431996,1.0,False,normal,-0.008128300273003706,6,沪深300;创业板;黄金;国债ETF;证券ETF;军工ETF,沪深300;创业板;黄金;国债ETF,证券ETF;军工ETF
2017-09-14,1106071.2699243072,1424409.5320529644,-318338.2621286572,1.0,False,normal,-0.012690188214518129,6,沪深300;创业板;黄金;国债ETF;证券ETF;军工ETF,沪深300;创业板;黄金;国债ETF,证券ETF;军工ETF
2017-09-15,1115823.2307475812,1467105.6137006287,-351282.3829530475,1.0,False,normal,-0.003985318223975001,6,沪深300;创业板;黄金;国债ETF;证券ETF;军工ETF,沪深300;创业板;黄金;国债ETF,证券ETF;军工ETF
2017-09-18,1126727.5005185828,1510513.9113084446,-383786.4107898618,1.0,False,normal,0.0,6,沪深300;创业板;黄金;国债ETF;证券ETF;军工ETF,沪深300;创业板;黄金;国债ETF,证券ETF;军工ETF
2017-09-19,1110413.8661457254,1458166.6061176176,-347752.7399718922,1.0,False,normal,-0.014478775360811692,6,沪深300;创业板;黄金;国债ETF;证券ETF;军工ETF,沪深300;创业板;黄金;国债ETF,证券ETF;军工ETF
2017-09-20,1121277.907422152,1498945.5025555957,-377667.5951334436,1.0,False,normal,-0.004836655796474693,6,沪深300;创业板;黄金;国债ETF;证券ETF;军工ETF,沪深300;创业板;黄金;国债ETF,证券ETF;军工ETF
2017-09-21,1113422.8661746308,1512659.1953115438,-399236.32913691294,1.0,False,normal,-0.011808209471969405,5,沪深300;创业板;国债ETF;证券ETF;军工ETF,沪深300;创业板;国债ETF,证券ETF;军工ETF
2017-09-22,1108201.094352972,1542180.0783488275,-433978.98399585555,1.0,False,normal,-0.01644266795394972,5,沪深300;创业板;国债ETF;证券ETF;军工ETF,沪深300;创业板;国债ETF,证券ETF;军工ETF
2017-09-25,1100921.9591509213,1563146.2965187829,-462224.33736786153,1.0,False,normal,-0.02290309001580621,5,沪深300;创业板;国债ETF;军工ETF;证券ETF,沪深300;创业板;国债ETF,军工ETF;证券ETF
2017-09-26,1103308.4824140205,1614990.6044274082,-511682.12201338774,1.0,False,normal,-0.020784988467738266,6,沪深300;创业板;黄金;国债ETF;证券ETF;军工ETF,沪深300;创业板;黄金;国债ETF,证券ETF;军工ETF
2017-09-27,1107988.0111704934,1668886.9122359343,-560898.9010654408,1.0,False,normal,-0.016631784827710664,6,沪深300;创业板;黄金;国债ETF;证券ETF;军工ETF,沪深300;创业板;黄金;国债ETF,证券ETF;军工ETF
2017-09-28,1110809.6752346768,1724864.6824705757,-614055.0072358989,1.0,False,normal,-0.014127484486337369,5,沪深300;创业板;国债ETF;证券ETF;军工ETF,沪深300;创业板;国债ETF,证券ETF;军工ETF
2017-09-29,1127628.1678263443,1742508.9577293287,-614880.7899029844,1.0,False,normal,0.0,6,沪深300;创业板;黄金;国债ETF;证券ETF;军工ETF,沪深300;创业板;黄金;国债ETF,证券ETF;军工ETF
2017-10-09,1127579.3677636534,1795918.2252833745,-668338.8575197211,1.0,False,normal,-4.327673259965671e-05,7,沪深300;创业板;纳指;黄金;国债ETF;证券ETF;军工ETF,沪深300;创业板;纳指;黄金;国债ETF,证券ETF;军工ETF
2017-10-10,1130568.5789248473,1857022.8692173883,-726454.290292541,1.0,False,normal,0.0,7,沪深300;创业板;纳指;黄金;国债ETF;证券ETF;军工ETF,沪深300;创业板;纳指;黄金;国债ETF,证券ETF;军工ETF
2017-10-11,1118715.0725719715,1842121.8302728261,-723406.7577008547,1.0,False,normal,-0.010484553147716473,6,沪深300;创业板;纳指;国债ETF;证券ETF;军工ETF,沪深300;创业板;纳指;国债ETF,证券ETF;军工ETF
2017-10-12,1129171.0221857175,1894617.28182247,-765446.2596367525,1.0,False,normal,-0.0012361538832601192,5,沪深300;创业板;纳指;军工ETF;证券ETF,沪深300;创业板;纳指,军工ETF;证券ETF
2017-10-13,1128545.2591517733,1951172.964837687,-822627.7056859138,1.0,False,normal,-0.0017896479796016898,5,沪深300;创业板;纳指;军工ETF;证券ETF,沪深300;创业板;纳指,军工ETF;证券ETF
2017-10-16,1119336.993916443,1960842.06136356,-841505.0674471168,1.0,False,normal,-0.009934457066801976,6,沪深300;创业板;纳指;黄金;军工ETF;证券ETF,沪深300;创业板;纳指;黄金,军工ETF;证券ETF
2017-10-17,1101971.865609654,1894673.5081385293,-792701.6425288753,1.0,False,normal,-0.025294098782037908,6,沪深300;创业板;纳指;黄金;军工ETF;证券ETF,沪深300;创业板;纳指;黄金,军工ETF;证券ETF
2017-10-18,1097983.9927260522,1942222.4803959273,-844238.4876698751,1.0,False,normal,-0.028821414999683208,5,沪深300;创业板;纳指;军工ETF;证券ETF,沪深300;创业板;纳指,军工ETF;证券ETF
2017-10-19,1061180.1122490014,1620176.6503613228,-558996.5381123214,1.0,False,normal,-0.061374840915739255,5,沪深300;创业板;纳指;军工ETF;证券ETF,沪深300;创业板;纳指,军工ETF;证券ETF
2017-10-20,1068888.4887290727,1657280.712783056,-588392.2240539833,1.0,False,normal,-0.05455669947455231,5,沪深300;创业板;纳指;军工ETF;证券ETF,沪深300;创业板;纳指,军工ETF;证券ETF
2017-10-23,1064958.7527123718,1701347.9296420473,-636389.1769296755,1.0,False,normal,-0.0580325930116238,5,沪深300;创业板;纳指;军工ETF;证券ETF,沪深300;创业板;纳指,军工ETF;证券ETF
2017-10-24,1063768.31138998,1752798.9353923292,-689030.6240023493,1.0,False,normal,-0.05908555109358637,5,沪深300;创业板;纳指;军工ETF;证券ETF,沪深300;创业板;纳指,军工ETF;证券ETF
2017-10-25,1066462.3218796956,1806677.517529494,-740215.1956497983,1.0,False,normal,-0.0567026700017753,5,沪深300;创业板;纳指;军工ETF;证券ETF,沪深300;创业板;纳指,军工ETF;证券ETF
2017-10-26,1076723.0013350677,1839997.4710524476,-763274.4697173799,1.0,False,normal,-0.04762698928090316,5,沪深300;创业板;纳指;军工ETF;证券ETF,沪深300;创业板;纳指,军工ETF;证券ETF
2017-10-27,1060086.0886046248,1795687.3090404654,-735601.2204358405,1.0,False,normal,-0.06234251653026673,5,沪深300;创业板;纳指;军工ETF;证券ETF,沪深300;创业板;纳指,军工ETF;证券ETF
2017-10-30,1016253.6204397781,1398143.242316969,-381889.6218771909,1.0,False,warning,-0.10111280343009438,5,沪深300;创业板;纳指;军工ETF;证券ETF,沪深300;创业板;纳指,军工ETF;证券ETF
2017-10-31,1013772.1202706404,1438382.9911401481,-424610.8708695078,1.0,False,warning,-0.10330771687046045,5,沪深300;创业板;纳指;军工ETF;证券ETF,沪深300;创业板;纳指,军工ETF;证券ETF
2017-11-01,1011188.995599597,1479645.4605089673,-468456.4649093703,1.0,False,warning,-0.10559251826968195,5,沪深300;创业板;纳指;军工ETF;证券ETF,沪深300;创业板;纳指,军工ETF;证券ETF
2017-11-02,1007377.6146656258,1520329.165349563,-512951.55068393704,1.0,False,warning,-0.1089637254702179,4,沪深300;纳指;军工ETF;证券ETF,沪深300;纳指,军工ETF;证券ETF
2017-11-03,1002417.6847495893,1559771.7430101088,-557354.0582605195,1.0,False,warning,-0.1133508365296402,4,沪深300;纳指;军工ETF;证券ETF,沪深300;纳指,军工ETF;证券ETF
2017-11-06,1010499.5409660134,1581295.4447188696,-570795.9037528562,1.0,False,warning,-0.10620234826711494,4,沪深300;纳指;军工ETF;证券ETF,沪深300;纳指,军工ETF;证券ETF
2017-11-07,1035446.8126820929,1473781.7455148096,-438334.93283271673,1.0,False,warning,-0.08413621961191747,4,沪深300;纳指;军工ETF;证券ETF,沪深300;纳指,军工ETF;证券ETF
2017-11-08,1047301.8944721521,0.0,1047301.8944721521,0.0,True,normal,-0.0736502729731623,0,,沪深300;纳指,证券ETF;军工ETF
2017-11-09,1047301.8944721521,0.0,1047301.8944721521,0.0,True,normal,-0.0736502729731623,0,,沪深300;纳指,军工ETF;证券ETF
2017-11-10,1047301.8944721521,0.0,1047301.8944721521,0.0,True,normal,-0.0736502729731623,0,,沪深300;纳指,证券ETF;军工ETF
2017-11-13,1047301.8944721521,0.0,1047301.8944721521,0.0,True,normal,-0.0736502729731623,0,,沪深300;创业板;纳指,证券ETF;军工ETF
2017-11-14,1047301.8944721521,0.0,1047301.8944721521,0.0,True,normal,-0.0736502729731623,0,,沪深300;纳指,证券ETF;军工ETF
2017-11-15,1047301.8944721521,0.0,1047301.8944721521,0.0,True,normal,-0.0736502729731623,0,,沪深300;纳指,证券ETF;军工ETF
2017-11-16,1047301.8944721521,0.0,1047301.8944721521,0.0,True,normal,-0.0736502729731623,0,,沪深300;纳指,军工ETF;证券ETF
2017-11-17,1047301.8944721521,0.0,1047301.8944721521,0.0,True,normal,-0.0736502729731623,0,,沪深300;纳指,证券ETF;军工ETF
2017-11-20,1047301.8944721521,0.0,1047301.8944721521,0.0,True,normal,-0.0736502729731623,0,,沪深300;纳指,证券ETF;军工ETF
2017-11-21,1047301.8944721521,0.0,1047301.8944721521,0.0,True,normal,-0.0736502729731623,0,,沪深300;纳指,证券ETF;军工ETF
2017-11-22,1047301.8944721521,0.0,1047301.8944721521,0.0,True,normal,-0.0736502729731623,0,,沪深300;纳指,证券ETF;军工ETF
2017-11-23,1047301.8944721521,0.0,1047301.8944721521,0.0,True,normal,-0.0736502729731623,0,,沪深300;纳指,证券ETF;军工ETF
2017-11-24,1047301.8944721521,0.0,1047301.8944721521,0.0,True,normal,-0.0736502729731623,0,,沪深300;纳指,证券ETF;军工ETF
2017-11-27,1047301.8944721521,0.0,1047301.8944721521,0.0,True,normal,-0.0736502729731623,0,,沪深300;纳指,军工ETF;证券ETF
2017-11-28,1047301.8944721521,0.0,1047301.8944721521,0.0,True,normal,-0.0736502729731623,0,,沪深300;纳指,证券ETF;军工ETF
2017-11-29,1047301.8944721521,0.0,1047301.8944721521,0.0,True,normal,-0.0736502729731623,0,,沪深300;纳指;黄金,证券ETF;军工ETF
2017-11-30,1047301.8944721521,0.0,1047301.8944721521,0.0,True,normal,-0.0736502729731623,0,,沪深300;纳指,证券ETF;军工ETF
2017-12-01,1047301.8944721521,0.0,1047301.8944721521,0.0,True,normal,-0.0736502729731623,0,,沪深300;纳指,证券ETF;军工ETF
2017-12-04,1047301.8944721521,0.0,1047301.8944721521,0.0,True,normal,-0.0736502729731623,0,,沪深300;纳指,证券ETF;军工ETF
2017-12-05,1047301.8944721521,0.0,1047301.8944721521,0.0,True,normal,-0.0736502729731623,0,,沪深300;纳指,证券ETF;军工ETF
2017-12-06,1047301.8944721521,0.0,1047301.8944721521,0.0,True,normal,-0.0736502729731623,0,,沪深300;纳指,证券ETF;军工ETF
2017-12-07,1047301.8944721521,0.0,1047301.8944721521,0.0,True,normal,-0.0736502729731623,0,,沪深300;纳指,军工ETF;证券ETF
2017-12-08,1047301.8944721521,0.0,1047301.8944721521,0.0,True,normal,-0.0736502729731623,0,,沪深300;纳指,证券ETF;军工ETF
2017-12-11,1047301.8944721521,0.0,1047301.8944721521,0.0,True,normal,-0.0736502729731623,0,,沪深300;纳指,证券ETF;军工ETF
2017-12-12,1047301.8944721521,0.0,1047301.8944721521,0.0,True,normal,-0.0736502729731623,0,,沪深300;纳指,军工ETF;证券ETF
2017-12-13,1047301.8944721521,0.0,1047301.8944721521,0.0,True,normal,-0.0736502729731623,0,,沪深300;纳指,证券ETF;军工ETF
2017-12-14,1047301.8944721521,0.0,1047301.8944721521,0.0,True,normal,-0.0736502729731623,0,,沪深300;纳指,军工ETF;证券ETF
2017-12-15,1047301.8944721521,0.0,1047301.8944721521,0.0,True,normal,-0.0736502729731623,0,,沪深300;纳指,军工ETF;证券ETF
2017-12-18,1047301.8944721521,0.0,1047301.8944721521,0.0,True,normal,-0.0736502729731623,0,,沪深300;纳指,军工ETF;证券ETF
2017-12-19,1047301.8944721521,0.0,1047301.8944721521,0.0,True,normal,-0.0736502729731623,0,,沪深300;纳指,军工ETF;证券ETF
2017-12-20,1047301.8944721521,0.0,1047301.8944721521,0.0,True,normal,-0.0736502729731623,0,,沪深300;纳指;国债ETF,军工ETF;证券ETF
2017-12-21,1047301.8944721521,0.0,1047301.8944721521,0.0,True,normal,-0.0736502729731623,0,,沪深300;纳指;国债ETF,军工ETF;证券ETF
2017-12-22,1047301.8944721521,0.0,1047301.8944721521,0.0,True,normal,-0.0736502729731623,0,,沪深300;纳指;国债ETF,军工ETF;证券ETF
2017-12-25,1047301.8944721521,0.0,1047301.8944721521,0.0,True,normal,-0.0736502729731623,0,,沪深300;纳指;国债ETF,军工ETF;证券ETF
2017-12-26,1047301.8944721521,0.0,1047301.8944721521,0.0,True,normal,-0.0736502729731623,0,,沪深300;纳指;国债ETF,军工ETF;证券ETF
2017-12-27,1047301.8944721521,0.0,1047301.8944721521,0.0,True,normal,-0.0736502729731623,0,,纳指;国债ETF,军工ETF;证券ETF
2017-12-28,1047301.8944721521,0.0,1047301.8944721521,0.0,True,normal,-0.0736502729731623,0,,沪深300;纳指;国债ETF,军工ETF;证券ETF
2017-12-29,1047301.8944721521,0.0,1047301.8944721521,0.0,True,normal,-0.0736502729731623,0,,纳指;黄金;国债ETF,军工ETF;证券ETF
2018-01-02,1047301.8944721521,0.0,1047301.8944721521,0.0,True,normal,-0.0736502729731623,0,,沪深300;纳指;黄金;国债ETF,军工ETF;证券ETF
2018-01-03,1047301.8944721521,0.0,1047301.8944721521,0.0,True,normal,-0.0736502729731623,0,,沪深300;纳指;黄金;国债ETF,军工ETF;证券ETF
2018-01-04,1047301.8944721521,0.0,1047301.8944721521,0.0,True,normal,-0.0736502729731623,0,,沪深300;纳指;国债ETF,军工ETF;证券ETF
2018-01-05,1047301.8944721521,0.0,1047301.8944721521,0.0,True,normal,-0.0736502729731623,0,,沪深300;纳指;国债ETF,军工ETF;证券ETF
2018-01-08,1047301.8944721521,0.0,1047301.8944721521,0.0,True,normal,-0.0736502729731623,0,,沪深300;纳指;黄金;国债ETF,证券ETF;军工ETF
2018-01-09,1047301.8944721521,0.0,1047301.8944721521,0.0,True,normal,-0.0736502729731623,0,,沪深300;纳指;黄金;国债ETF,证券ETF;军工ETF
2018-01-10,1047301.8944721521,0.0,1047301.8944721521,0.0,True,normal,-0.0736502729731623,0,,沪深300;纳指;黄金;国债ETF,证券ETF;军工ETF
2018-01-11,1047301.8944721521,0.0,1047301.8944721521,0.0,True,normal,-0.0736502729731623,0,,沪深300;纳指;黄金;国债ETF,证券ETF;军工ETF
2018-01-12,1047301.8944721521,0.0,1047301.8944721521,0.0,True,normal,-0.0736502729731623,0,,沪深300;纳指;黄金;国债ETF,证券ETF;军工ETF
2018-01-15,1047301.8944721521,0.0,1047301.8944721521,0.0,True,normal,-0.0736502729731623,0,,沪深300;纳指;黄金;国债ETF,证券ETF;军工ETF
2018-01-16,1047301.8944721521,0.0,1047301.8944721521,0.0,True,normal,-0.0736502729731623,0,,沪深300;纳指;黄金;国债ETF,证券ETF;军工ETF
2018-01-17,1047301.8944721521,0.0,1047301.8944721521,0.0,True,normal,-0.0736502729731623,0,,沪深300;纳指;黄金;国债ETF,证券ETF;军工ETF
2018-01-18,1047301.8944721521,0.0,1047301.8944721521,0.0,True,normal,-0.0736502729731623,0,,沪深300;纳指;黄金;国债ETF,证券ETF;军工ETF
2018-01-19,1047301.8944721521,0.0,1047301.8944721521,0.0,True,normal,-0.0736502729731623,0,,沪深300;纳指;黄金;国债ETF,证券ETF;军工ETF
2018-01-22,1047301.8944721521,0.0,1047301.8944721521,0.0,True,normal,-0.0736502729731623,0,,沪深300;创业板;纳指;黄金;国债ETF,证券ETF;军工ETF
2018-01-23,1047301.8944721521,0.0,1047301.8944721521,0.0,True,normal,-0.0736502729731623,0,,沪深300;纳指;黄金;国债ETF,证券ETF;军工ETF
2018-01-24,1047301.8944721521,0.0,1047301.8944721521,0.0,True,normal,-0.0736502729731623,0,,沪深300;创业板;纳指;黄金;国债ETF,证券ETF;军工ETF
2018-01-25,1047301.8944721521,0.0,1047301.8944721521,0.0,True,normal,-0.0736502729731623,0,,沪深300;创业板;纳指;黄金;国债ETF,证券ETF;军工ETF
2018-01-26,1047301.8944721521,0.0,1047301.8944721521,0.0,True,normal,-0.0736502729731623,0,,沪深300;创业板;纳指;黄金;国债ETF,证券ETF;军工ETF
2018-01-29,1047301.8944721521,0.0,1047301.8944721521,0.0,True,normal,-0.0736502729731623,0,,沪深300;创业板;纳指;黄金;国债ETF,证券ETF;军工ETF
2018-01-30,1047301.8944721521,0.0,1047301.8944721521,0.0,True,normal,-0.0736502729731623,0,,沪深300;创业板;纳指;黄金;国债ETF,证券ETF;军工ETF
2018-01-31,1047301.8944721521,0.0,1047301.8944721521,0.0,True,normal,-0.0736502729731623,0,,沪深300;纳指;黄金;国债ETF,证券ETF;军工ETF
2018-02-01,1047301.8944721521,0.0,1047301.8944721521,0.0,True,normal,-0.0736502729731623,0,,沪深300;纳指;黄金;国债ETF,证券ETF;军工ETF
2018-02-02,1047301.8944721521,0.0,1047301.8944721521,0.0,True,normal,-0.0736502729731623,0,,沪深300;纳指;黄金;国债ETF,证券ETF;军工ETF
2018-02-05,1047301.8944721521,0.0,1047301.8944721521,0.0,True,normal,-0.0736502729731623,0,,沪深300;纳指;黄金;国债ETF,证券ETF;军工ETF
2018-02-06,1047301.8944721521,0.0,1047301.8944721521,0.0,True,normal,-0.0736502729731623,0,,沪深300;黄金;国债ETF,证券ETF;军工ETF
2018-02-07,1047301.8944721521,0.0,1047301.8944721521,0.0,True,normal,-0.0736502729731623,0,,黄金;国债ETF,证券ETF;军工ETF
2018-02-08,1047301.8944721521,0.0,1047301.8944721521,0.0,True,normal,-0.0736502729731623,0,,黄金;国债ETF,证券ETF;军工ETF
2018-02-09,1047301.8944721521,0.0,1047301.8944721521,0.0,True,normal,-0.0736502729731623,0,,黄金;国债ETF,证券ETF;军工ETF
2018-02-12,1047301.8944721521,0.0,1047301.8944721521,0.0,True,normal,-0.0736502729731623,0,,黄金;国债ETF,证券ETF;军工ETF
2018-02-13,1047301.8944721521,0.0,1047301.8944721521,0.0,True,normal,-0.0736502729731623,0,,黄金;国债ETF,军工ETF;证券ETF
2018-02-14,1047301.8944721521,688456.8881702607,358845.0063018914,1.0,False,normal,-0.0736502729731623,4,黄金;国债ETF;证券ETF;军工ETF,黄金;国债ETF,证券ETF;军工ETF
2018-02-22,1055672.0339581731,697796.7419277406,357875.2920304325,1.0,False,normal,-0.06624679507535898,4,黄金;国债ETF;证券ETF;军工ETF,黄金;国债ETF,证券ETF;军工ETF
2018-02-23,1060808.820705259,714702.053096543,346106.76760871604,1.0,False,normal,-0.06170325225730997,4,黄金;国债ETF;军工ETF;证券ETF,黄金;国债ETF,军工ETF;证券ETF
2018-02-26,1078832.6159684546,701120.5232172356,377712.09275121905,0.8416350502280432,False,normal,-0.04576101257439221,6,沪深300;纳指;黄金;国债ETF;军工ETF;证券ETF,沪深300;纳指;黄金;国债ETF,军工ETF;证券ETF
2018-02-27,1085042.822886446,720478.8552147051,364563.9676717409,1.0,False,normal,-0.04026801813446429,5,纳指;黄金;国债ETF;军工ETF;证券ETF,纳指;黄金;国债ETF,军工ETF;证券ETF
2018-02-28,1083233.480240792,741825.4614319399,341408.0188088522,0.7454418556504079,False,normal,-0.04186840105628107,6,创业板;纳指;黄金;国债ETF;军工ETF;证券ETF,创业板;纳指;黄金;国债ETF,军工ETF;证券ETF
2018-03-01,1089231.8935141512,763024.7395238869,326207.1539902643,0.5599992378280958,False,normal,-0.036562740360258916,5,创业板;纳指;国债ETF;军工ETF;证券ETF,创业板;纳指;国债ETF,军工ETF;证券ETF
2018-03-02,1083553.6026248415,822290.6818363838,261262.92078845773,0.5647329018054399,False,normal,-0.041585249383736006,6,创业板;纳指;国债ETF;有色ETF;军工ETF;证券ETF,创业板;纳指;国债ETF,有色ETF;军工ETF;证券ETF
2018-03-05,1088145.4990533958,847836.2195663773,240309.27948701847,0.578034367655767,False,normal,-0.03752366788027592,6,创业板;纳指;国债ETF;有色ETF;军工ETF;证券ETF,创业板;纳指;国债ETF,有色ETF;军工ETF;证券ETF
2018-03-06,1099981.805720563,863567.8641561399,236413.94156442315,0.5939607777349053,False,normal,-0.027054328038527118,6,创业板;纳指;国债ETF;有色ETF;军工ETF;证券ETF,创业板;纳指;国债ETF,有色ETF;军工ETF;证券ETF
2018-03-07,1087327.5318526994,858122.951026519,229204.5808261804,0.7766787313858143,False,normal,-0.038247168617820154,5,纳指;国债ETF;有色ETF;军工ETF;证券ETF,纳指;国债ETF,有色ETF;军工ETF;证券ETF
2018-03-08,1089231.716310178,885808.5872347086,203423.12907546933,0.7967241780140231,False,normal,-0.03656289709906857,5,纳指;国债ETF;有色ETF;军工ETF;证券ETF,纳指;国债ETF,有色ETF;军工ETF;证券ETF
2018-03-09,1101053.0918120763,902677.8279578206,198375.26385425567,0.6074479031676522,False,normal,-0.026106764032695635,6,创业板;纳指;国债ETF;有色ETF;军工ETF;证券ETF,创业板;纳指;国债ETF,有色ETF;军工ETF;证券ETF
2018-03-12,1119894.3572621553,901111.5623200155,218782.79494213976,0.6126935842043914,False,normal,-0.009441463226267125,6,创业板;纳指;国债ETF;有色ETF;军工ETF;证券ETF,创业板;纳指;国债ETF,有色ETF;军工ETF;证券ETF
2018-03-13,1110625.241299175,906081.3119255158,204543.9293736592,0.6282919391071574,False,normal,-0.017640095432899912,6,创业板;纳指;国债ETF;有色ETF;军工ETF;证券ETF,创业板;纳指;国债ETF,有色ETF;军工ETF;证券ETF
2018-03-14,1103312.9074983248,919028.0413228957,184284.86617542908,0.6233672172563239,False,normal,-0.02410793288846065,6,创业板;纳指;国债ETF;有色ETF;军工ETF;证券ETF,创业板;纳指;国债ETF,有色ETF;军工ETF;证券ETF
2018-03-15,1102504.735905451,947041.5099577848,155463.22594766621,0.6425307456570052,False,normal,-0.02482276930611725,6,创业板;纳指;国债ETF;有色ETF;军工ETF;证券ETF,创业板;纳指;国债ETF,有色ETF;军工ETF;证券ETF
2018-03-16,1091288.4208809508,947519.0096008672,143769.4112800836,0.6547504463929918,False,normal,-0.034743719908836804,6,创业板;纳指;国债ETF;有色ETF;军工ETF;证券ETF,创业板;纳指;国债ETF,有色ETF;军工ETF;证券ETF
2018-03-19,1093011.0747018852,978110.8783336054,114900.19636827987,0.6743290605673646,False,normal,-0.03322001417966052,6,创业板;纳指;国债ETF;有色ETF;军工ETF;证券ETF,创业板;纳指;国债ETF,有色ETF;军工ETF;证券ETF
2018-03-20,1092988.8395969982,1008818.6016022791,84170.23799471906,0.7472572944667192,False,normal,-0.033239681367747596,5,创业板;国债ETF;有色ETF;军工ETF;证券ETF,创业板;国债ETF,有色ETF;军工ETF;证券ETF
2018-03-21,1092913.1780742444,1092913.1780742444,0.0,0.7206080521850873,False,normal,-0.03330660479385742,5,创业板;国债ETF;军工ETF;有色ETF;证券ETF,创业板;国债ETF,军工ETF;有色ETF;证券ETF
2018-03-22,1086685.3550515836,1086685.3550515836,0.0,0.7398850799304683,False,normal,-0.03881518086677761,5,创业板;国债ETF;军工ETF;有色ETF;证券ETF,创业板;国债ETF,军工ETF;有色ETF;证券ETF
2018-03-23,1036143.712196718,778765.7894559058,257377.92274081218,1.0,False,warning,-0.0835198045375769,4,国债ETF;军工ETF;有色ETF;证券ETF,国债ETF,军工ETF;有色ETF;证券ETF
2018-03-26,1057425.9220774737,749724.4417301092,307701.48034736456,0.5750118080419357,False,normal,-0.06469546227521296,5,创业板;国债ETF;军工ETF;有色ETF;证券ETF,创业板;国债ETF,军工ETF;有色ETF;证券ETF
2018-03-27,1074722.1006744127,744874.6157265089,329847.4849479038,0.5491896317046021,False,normal,-0.049396807315787716,5,创业板;国债ETF;军工ETF;有色ETF;证券ETF,创业板;国债ETF,军工ETF;有色ETF;证券ETF
2018-03-28,1064691.5644534994,748962.0216826668,315729.54277083254,0.5646431885036025,False,normal,-0.058268923884295366,5,创业板;国债ETF;军工ETF;有色ETF;证券ETF,创业板;国债ETF,军工ETF;有色ETF;证券ETF
2018-03-29,1070095.039383248,771731.586089148,298363.4532941,0.5823672842274928,False,normal,-0.053489492516330776,5,创业板;国债ETF;军工ETF;有色ETF;证券ETF,创业板;国债ETF,军工ETF;有色ETF;证券ETF
2018-03-30,1079495.6089514168,790999.1528169715,288496.45613444527,0.5701337521502009,False,normal,-0.04517458818995313,5,创业板;国债ETF;军工ETF;有色ETF;证券ETF,创业板;国债ETF,军工ETF;有色ETF;证券ETF
2018-04-02,1088048.1002536318,813339.400329905,274708.69992372685,0.5869120464180216,False,normal,-0.03760981816039127,5,创业板;国债ETF;军工ETF;证券ETF;有色ETF,创业板;国债ETF,军工ETF;证券ETF;有色ETF
2018-04-03,1081303.301729991,826293.3291511703,255009.97257882077,0.5955834944782351,False,normal,-0.04357566459321441,5,创业板;国债ETF;军工ETF;证券ETF;有色ETF,创业板;国债ETF,军工ETF;证券ETF;有色ETF
2018-04-04,1076364.0258068528,844638.5089313022,231725.51687555062,0.5976407405698878,False,normal,-0.04794450697501439,5,创业板;国债ETF;军工ETF;证券ETF;有色ETF,创业板;国债ETF,军工ETF;证券ETF;有色ETF
2018-04-09,1086820.3786077413,864562.0167300766,222258.3618776647,0.6160307307669358,False,normal,-0.038695751087218275,5,创业板;国债ETF;军工ETF;证券ETF;有色ETF,创业板;国债ETF,军工ETF;证券ETF;有色ETF
2018-04-10,1090681.7295134552,893577.7907528415,197103.93876061367,1.0,False,normal,-0.0352803449122245,6,创业板;黄金;国债ETF;军工ETF;证券ETF;有色ETF,创业板;黄金;国债ETF,军工ETF;证券ETF;有色ETF
2018-04-11,1091774.33160032,922571.0233706437,169203.30822967633,0.5964448113673292,False,normal,-0.0343139266805203,6,创业板;纳指;国债ETF;军工ETF;证券ETF;有色ETF,创业板;纳指;国债ETF,军工ETF;证券ETF;有色ETF
2018-04-12,1082793.180752819,929497.6454567071,153295.53529611183,0.8516879411576573,False,normal,-0.04225785066259492,7,创业板;纳指;黄金;国债ETF;军工ETF;证券ETF;有色ETF,创业板;纳指;黄金;国债ETF,军工ETF;证券ETF;有色ETF
2018-04-13,1079449.0298594066,953735.0028441586,125714.02701524808,1.0,False,normal,-0.045215787895020516,7,创业板;纳指;黄金;国债ETF;军工ETF;证券ETF;有色ETF,创业板;纳指;黄金;国债ETF,军工ETF;证券ETF;有色ETF
2018-04-16,1071699.2569997073,966938.0535922681,104761.20340743917,1.0,False,normal,-0.05207054487674138,7,创业板;纳指;黄金;国债ETF;军工ETF;有色ETF;证券ETF,创业板;纳指;黄金;国债ETF,军工ETF;有色ETF;证券ETF
2018-04-17,1056557.2725020326,949242.9611776387,107314.31132439384,1.0,False,normal,-0.06546379211528973,7,创业板;纳指;黄金;国债ETF;军工ETF;证券ETF;有色ETF,创业板;纳指;黄金;国债ETF,军工ETF;证券ETF;有色ETF
2018-04-18,1071787.7693566035,950940.7734067556,120846.99594984786,1.0,False,normal,-0.051992254750387115,7,创业板;纳指;黄金;国债ETF;军工ETF;证券ETF;有色ETF,创业板;纳指;黄金;国债ETF,军工ETF;证券ETF;有色ETF
2018-04-19,1089350.1089485332,949149.8222390702,140200.286709463,1.0,False,normal,-0.03645817754418066,7,创业板;纳指;黄金;国债ETF;军工ETF;有色ETF;证券ETF,创业板;纳指;黄金;国债ETF,军工ETF;有色ETF;证券ETF
2018-04-20,1069711.173469098,902167.3675111616,167543.80595793645,1.0,False,normal,-0.053829026023015494,7,创业板;纳指;黄金;国债ETF;军工ETF;有色ETF;证券ETF,创业板;纳指;黄金;国债ETF,军工ETF;有色ETF;证券ETF
2018-04-23,1057515.3970374234,898742.681069541,158772.71596788242,0.6711800003387861,False,normal,-0.06461632071616236,5,创业板;国债ETF;军工ETF;有色ETF;证券ETF,创业板;国债ETF,军工ETF;有色ETF;证券ETF
2018-04-24,1076051.3995605174,887751.7266392491,188299.67292126827,0.6330332462733059,False,normal,-0.04822102823357684,5,创业板;国债ETF;军工ETF;证券ETF;有色ETF,创业板;国债ETF,军工ETF;证券ETF;有色ETF
2018-04-25,1072697.4540702596,911137.798580206,161559.65549005358,0.6509902963486949,False,normal,-0.05118762889166992,5,创业板;国债ETF;军工ETF;证券ETF;有色ETF,创业板;国债ETF,军工ETF;证券ETF;有色ETF
2018-04-26,1055984.8805481892,885750.281973273,170234.59857491613,1.0,False,normal,-0.06597007892045438,6,创业板;黄金;国债ETF;军工ETF;证券ETF;有色ETF,创业板;黄金;国债ETF,军工ETF;证券ETF;有色ETF
2018-04-27,1055936.8070061272,913355.2826086564,142581.52439747076,1.0,False,normal,-0.06601260048257641,6,创业板;黄金;国债ETF;军工ETF;证券ETF;有色ETF,创业板;黄金;国债ETF,军工ETF;证券ETF;有色ETF
2018-05-02,1051556.7031077216,936475.9142059647,115080.78890175698,0.6748130925526429,False,normal,-0.06988684922790327,5,创业板;国债ETF;军工ETF;证券ETF;有色ETF,创业板;国债ETF,军工ETF;证券ETF;有色ETF
2018-05-03,1062718.5586272355,951238.8265795005,111479.73204773501,0.6816146962840776,False,normal,-0.06001406863981318,5,创业板;国债ETF;军工ETF;证券ETF;有色ETF,创业板;国债ETF,军工ETF;证券ETF;有色ETF
2018-05-04,1059172.2766315448,976486.6754137932,82685.60121775162,0.6964226267459847,False,normal,-0.06315079299408731,5,创业板;国债ETF;军工ETF;证券ETF;有色ETF,创业板;国债ETF,军工ETF;证券ETF;有色ETF
2018-05-07,1073263.6294266332,984642.152659931,88621.47676670225,0.6912371837535309,False,normal,-0.05068684073345657,5,创业板;国债ETF;军工ETF;证券ETF;有色ETF,创业板;国债ETF,军工ETF;证券ETF;有色ETF
2018-05-08,1080080.8576261967,1080080.8576261965,2.3283064365386963e-10,0.7129474424815354,False,normal,-0.04465692947761172,5,创业板;国债ETF;证券ETF;军工ETF;有色ETF,创业板;国债ETF,证券ETF;军工ETF;有色ETF
2018-05-09,1072367.6146233894,1072367.6146233892,2.3283064365386963e-10,1.0,False,normal,-0.05147937541020824,4,国债ETF;军工ETF;证券ETF;有色ETF,国债ETF,军工ETF;证券ETF;有色ETF
2018-05-10,1070121.0295071488,1070121.0295071485,2.3283064365386963e-10,1.0,False,normal,-0.0534665039737644,4,国债ETF;军工ETF;证券ETF;有色ETF,国债ETF,军工ETF;证券ETF;有色ETF
2018-05-11,1068566.8463796307,1068566.8463796307,0.0,1.0,False,normal,-0.054841195572743785,4,国债ETF;军工ETF;证券ETF;有色ETF,国债ETF,军工ETF;证券ETF;有色ETF
2018-05-14,1063698.8579270227,1063698.8579270227,0.0,1.0,False,normal,-0.0591469834244081,4,国债ETF;证券ETF;军工ETF;有色ETF,国债ETF,证券ETF;军工ETF;有色ETF
2018-05-15,1068880.7216843797,1068880.7216843797,0.0,0.7794622460583152,False,normal,-0.05456356950865531,5,创业板;国债ETF;证券ETF;军工ETF;有色ETF,创业板;国债ETF,证券ETF;军工ETF;有色ETF
2018-05-16,1058885.4908845625,1152008.0993174328,-93122.60843287036,0.7988000641172118,False,normal,-0.06340445805459612,5,创业板;国债ETF;有色ETF;军工ETF;证券ETF,创业板;国债ETF,有色ETF;军工ETF;证券ETF
2018-05-17,1051678.0956602274,1172071.9753211155,-120393.87966088811,1.0,False,normal,-0.06977947621686385,4,国债ETF;有色ETF;军工ETF;证券ETF,国债ETF,有色ETF;军工ETF;证券ETF
2018-05-18,1059324.5427395203,1201655.0202922958,-142330.47755277553,1.0,False,normal,-0.06301611199302826,5,纳指;国债ETF;证券ETF;军工ETF;有色ETF,纳指;国债ETF,证券ETF;军工ETF;有色ETF
2018-05-21,1070159.559589845,1224992.6103708718,-154833.05078102695,0.8519304849099,False,normal,-0.05343242370352307,6,创业板;纳指;国债ETF;证券ETF;军工ETF;有色ETF,创业板;纳指;国债ETF,证券ETF;军工ETF;有色ETF
2018-05-22,1065970.8798800663,1254979.2415909679,-189008.3617109016,1.0,False,normal,-0.057137355706641364,6,创业板;纳指;国债ETF;证券ETF;军工ETF;有色ETF,创业板;纳指;国债ETF,证券ETF;军工ETF;有色ETF
2018-05-23,1051106.2948249925,1233025.4987892436,-181919.2039642511,1.0,False,normal,-0.07028524017129693,6,创业板;纳指;国债ETF;证券ETF;军工ETF;有色ETF,创业板;纳指;国债ETF,证券ETF;军工ETF;有色ETF
2018-05-24,1044340.2162978665,1256812.0735708764,-212471.85727300984,1.0,False,normal,-0.07626990899480203,6,创业板;纳指;国债ETF;有色ETF;军工ETF;证券ETF,创业板;纳指;国债ETF,有色ETF;军工ETF;证券ETF
2018-05-25,1032997.1826657086,1261164.2677488015,-228167.0850830929,1.0,False,warning,-0.0863029435613075,5,纳指;国债ETF;证券ETF;军工ETF;有色ETF,纳指;国债ETF,证券ETF;军工ETF;有色ETF
2018-05-28,1019138.6795271653,1252514.9408367132,-233376.26130954793,1.0,False,warning,-0.09856093781029197,6,沪深300;纳指;国债ETF;证券ETF;军工ETF;有色ETF,沪深300;纳指;国债ETF,证券ETF;军工ETF;有色ETF
2018-05-29,1006136.348896293,1251592.4492352607,-245456.10033896775,1.0,False,warning,-0.1100616383190902,5,纳指;国债ETF;有色ETF;军工ETF;证券ETF,纳指;国债ETF,有色ETF;军工ETF;证券ETF
2018-05-30,969260.072583983,484630.0362919915,484630.0362919915,0.5,False,halve,-0.14267909912573917,5,纳指;国债ETF;军工ETF;有色ETF;证券ETF,纳指;国债ETF,军工ETF;有色ETF;证券ETF
2018-05-31,972259.6188703673,486129.8094351836,486129.8094351837,0.5,False,halve,-0.14002596835393152,5,纳指;国债ETF;军工ETF;有色ETF;证券ETF,纳指;国债ETF,军工ETF;有色ETF;证券ETF
2018-06-01,971343.3288138642,541020.8715724085,430322.4572414557,0.5,False,halve,-0.14083643670904405,5,纳指;国债ETF;军工ETF;有色ETF;证券ETF,纳指;国债ETF,军工ETF;有色ETF;证券ETF
2018-06-04,967817.1196319917,554845.2362740636,412971.88335792813,0.5,False,halve,-0.14395540644480817,5,纳指;国债ETF;证券ETF;军工ETF;有色ETF,纳指;国债ETF,证券ETF;军工ETF;有色ETF
2018-06-05,974496.3981695974,543865.7279676307,430630.67020196666,0.5,False,halve,-0.13804751314039887,5,纳指;国债ETF;有色ETF;军工ETF;证券ETF,纳指;国债ETF,有色ETF;军工ETF;证券ETF
2018-06-06,976250.6462210548,557274.9819816351,418975.66423941974,0.5,False,halve,-0.13649586197641045,5,纳指;国债ETF;有色ETF;军工ETF;证券ETF,纳指;国债ETF,有色ETF;军工ETF;证券ETF
2018-06-07,974754.194429196,573894.6871850309,400859.50724416506,0.5,False,halve,-0.13781948959153661,5,纳指;国债ETF;证券ETF;军工ETF;有色ETF,纳指;国债ETF,证券ETF;军工ETF;有色ETF
2018-06-08,964201.9805737936,549424.3164023906,414777.66417140304,0.5,False,halve,-0.14715303560732745,5,纳指;国债ETF;军工ETF;有色ETF;证券ETF,纳指;国债ETF,军工ETF;有色ETF;证券ETF
2018-06-11,964021.6870568228,565275.4340885348,398746.252968288,0.5,False,halve,-0.14731250715140864,5,纳指;国债ETF;证券ETF;军工ETF;有色ETF,纳指;国债ETF,证券ETF;军工ETF;有色ETF
2018-06-12,966257.949188124,576669.2294167175,389588.7197714065,0.5,False,halve,-0.14533450937844042,5,沪深300;纳指;证券ETF;有色ETF;军工ETF,沪深300;纳指,证券ETF;有色ETF;军工ETF
2018-06-13,955994.679133221,555169.7822379752,400824.8968952459,0.5,False,halve,-0.1544124815123053,6,沪深300;纳指;国债ETF;证券ETF;有色ETF;军工ETF,沪深300;纳指;国债ETF,证券ETF;有色ETF;军工ETF
2018-06-14,954682.6073505165,571564.4288640459,383118.1784864706,0.5,False,halve,-0.1555730230373071,5,沪深300;纳指;证券ETF;有色ETF;军工ETF,沪深300;纳指,证券ETF;有色ETF;军工ETF
2018-06-15,945442.6235556995,559965.3708114829,385477.2527442166,0.5,False,halve,-0.16374588752961775,4,纳指;证券ETF;有色ETF;军工ETF,纳指,证券ETF;有色ETF;军工ETF
2018-06-19,908217.3602323753,0.0,908217.3602323753,0.0,False,liquidate,-0.19667203108008224,5,纳指;国债ETF;有色ETF;证券ETF;军工ETF,纳指;国债ETF,有色ETF;证券ETF;军工ETF
2018-06-20,908289.4409752509,0.0,908289.4409752509,0.0,False,liquidate,-0.19660827489207272,5,纳指;国债ETF;有色ETF;军工ETF;证券ETF,纳指;国债ETF,有色ETF;军工ETF;证券ETF
2018-06-21,908361.5274388205,0.0,908361.5274388205,0.0,False,liquidate,-0.1965445136440482,5,纳指;国债ETF;证券ETF;有色ETF;军工ETF,纳指;国债ETF,证券ETF;有色ETF;军工ETF
2018-06-22,908433.6196235379,0.0,908433.6196235379,0.0,False,liquidate,-0.19648074733560722,5,纳指;国债ETF;有色ETF;证券ETF;军工ETF,纳指;国债ETF,有色ETF;证券ETF;军工ETF
2018-06-25,908505.7175298573,0.0,908505.7175298573,0.0,False,liquidate,-0.19641697596634805,5,纳指;国债ETF;有色ETF;证券ETF;军工ETF,纳指;国债ETF,有色ETF;证券ETF;军工ETF
2018-06-26,908577.8211582327,0.0,908577.8211582327,0.0,False,liquidate,-0.19635319953586913,5,纳指;国债ETF;有色ETF;证券ETF;军工ETF,纳指;国债ETF,有色ETF;证券ETF;军工ETF
2018-06-27,908649.9305091184,0.0,908649.9305091184,0.0,False,liquidate,-0.19628941804376876,5,纳指;国债ETF;军工ETF;有色ETF;证券ETF,纳指;国债ETF,军工ETF;有色ETF;证券ETF
2018-06-28,908722.0455829683,0.0,908722.0455829683,0.0,False,liquidate,-0.19622563148964528,4,纳指;有色ETF;证券ETF;军工ETF,纳指,有色ETF;证券ETF;军工ETF
2018-06-29,908794.1663802369,0.0,908794.1663802369,0.0,True,liquidate,-0.19616183987309677,0,,纳指;国债ETF,有色ETF;军工ETF;证券ETF
2018-07-02,908794.1663802369,0.0,908794.1663802369,0.0,True,liquidate,-0.19616183987309677,0,,纳指;国债ETF,有色ETF;军工ETF;证券ETF
2018-07-03,908794.1663802369,0.0,908794.1663802369,0.0,True,liquidate,-0.19616183987309677,0,,纳指;国债ETF,军工ETF;有色ETF;证券ETF
2018-07-04,908794.1663802369,0.0,908794.1663802369,0.0,True,liquidate,-0.19616183987309677,0,,纳指;国债ETF,有色ETF;军工ETF;证券ETF
2018-07-05,908794.1663802369,0.0,908794.1663802369,0.0,True,liquidate,-0.19616183987309677,0,,纳指;国债ETF,军工ETF;证券ETF;有色ETF
2018-07-06,908794.1663802369,0.0,908794.1663802369,0.0,True,liquidate,-0.19616183987309677,0,,纳指;国债ETF,军工ETF;证券ETF;有色ETF
2018-07-09,908794.1663802369,0.0,908794.1663802369,0.0,True,liquidate,-0.19616183987309677,0,,纳指;国债ETF,军工ETF;证券ETF;有色ETF
2018-07-10,908794.1663802369,0.0,908794.1663802369,0.0,True,liquidate,-0.19616183987309677,0,,纳指;国债ETF,军工ETF;证券ETF;有色ETF
2018-07-11,908794.1663802369,0.0,908794.1663802369,0.0,True,liquidate,-0.19616183987309677,0,,纳指;黄金;国债ETF,证券ETF;军工ETF;有色ETF
2018-07-12,908794.1663802369,0.0,908794.1663802369,0.0,True,liquidate,-0.19616183987309677,0,,纳指;黄金;国债ETF,有色ETF;军工ETF;证券ETF
2018-07-13,908794.1663802369,0.0,908794.1663802369,0.0,True,liquidate,-0.19616183987309677,0,,纳指;黄金;国债ETF,有色ETF;军工ETF;证券ETF
2018-07-16,908794.1663802369,0.0,908794.1663802369,0.0,True,liquidate,-0.19616183987309677,0,,纳指;黄金;国债ETF,有色ETF;军工ETF;证券ETF
2018-07-17,908794.1663802369,0.0,908794.1663802369,0.0,True,liquidate,-0.19616183987309677,0,,纳指;黄金;国债ETF,有色ETF;军工ETF;证券ETF
2018-07-18,908794.1663802369,0.0,908794.1663802369,0.0,True,liquidate,-0.19616183987309677,0,,纳指;国债ETF,军工ETF;有色ETF;证券ETF
2018-07-19,908794.1663802369,0.0,908794.1663802369,0.0,True,liquidate,-0.19616183987309677,0,,纳指;国债ETF,有色ETF;军工ETF;证券ETF
2018-07-20,908794.1663802369,0.0,908794.1663802369,0.0,True,liquidate,-0.19616183987309677,0,,纳指;国债ETF,证券ETF;军工ETF;有色ETF
2018-07-23,908794.1663802369,0.0,908794.1663802369,0.0,True,liquidate,-0.19616183987309677,0,,纳指;黄金;国债ETF,有色ETF;军工ETF;证券ETF
2018-07-24,908794.1663802369,0.0,908794.1663802369,0.0,True,liquidate,-0.19616183987309677,0,,纳指;国债ETF,军工ETF;有色ETF;证券ETF
2018-07-25,908794.1663802369,0.0,908794.1663802369,0.0,False,liquidate,-0.19616183987309677,5,纳指;国债ETF;军工ETF;有色ETF;证券ETF,纳指;国债ETF,军工ETF;有色ETF;证券ETF
2018-07-26,908866.2929013782,0.0,908866.2929013782,0.0,False,liquidate,-0.1960980431937215,5,纳指;国债ETF;军工ETF;有色ETF;证券ETF,纳指;国债ETF,军工ETF;有色ETF;证券ETF
2018-07-27,908938.4251468467,0.0,908938.4251468467,0.0,False,liquidate,-0.19603424145111778,5,纳指;国债ETF;军工ETF;有色ETF;证券ETF,纳指;国债ETF,军工ETF;有色ETF;证券ETF
2018-07-30,909010.5631170964,0.0,909010.5631170964,0.0,False,liquidate,-0.19597043464488373,6,纳指;黄金;国债ETF;军工ETF;有色ETF;证券ETF,纳指;黄金;国债ETF,军工ETF;有色ETF;证券ETF
2018-07-31,909082.706812582,0.0,909082.706812582,0.0,False,liquidate,-0.1959066227746174,6,纳指;黄金;国债ETF;军工ETF;证券ETF;有色ETF,纳指;黄金;国债ETF,军工ETF;证券ETF;有色ETF
2018-08-01,909154.8562337576,0.0,909154.8562337576,0.0,False,liquidate,-0.19584280583991698,6,纳指;黄金;国债ETF;有色ETF;军工ETF;证券ETF,纳指;黄金;国债ETF,有色ETF;军工ETF;证券ETF
2018-08-02,909227.0113810777,0.0,909227.0113810777,0.0,False,liquidate,-0.19577898384038048,5,纳指;国债ETF;有色ETF;军工ETF;证券ETF,纳指;国债ETF,有色ETF;军工ETF;证券ETF
2018-08-03,909299.1722549968,0.0,909299.1722549968,0.0,False,liquidate,-0.1957151567756059,5,纳指;国债ETF;有色ETF;军工ETF;证券ETF,纳指;国债ETF,有色ETF;军工ETF;证券ETF
2018-08-06,909371.3388559695,0.0,909371.3388559695,0.0,False,liquidate,-0.19565132464519125,5,纳指;国债ETF;证券ETF;军工ETF;有色ETF,纳指;国债ETF,证券ETF;军工ETF;有色ETF
2018-08-07,909443.5111844501,0.0,909443.5111844501,0.0,False,liquidate,-0.1955874874487345,5,纳指;国债ETF;证券ETF;军工ETF;有色ETF,纳指;国债ETF,证券ETF;军工ETF;有色ETF
2018-08-08,909515.6892408933,0.0,909515.6892408933,0.0,False,liquidate,-0.1955236451858336,5,纳指;国债ETF;证券ETF;军工ETF;有色ETF,纳指;国债ETF,证券ETF;军工ETF;有色ETF
2018-08-09,909587.8730257538,0.0,909587.8730257538,0.0,False,liquidate,-0.19545979785608641,5,纳指;国债ETF;证券ETF;军工ETF;有色ETF,纳指;国债ETF,证券ETF;军工ETF;有色ETF
2018-08-10,909660.062539486,0.0,909660.062539486,0.0,False,liquidate,-0.19539594545909086,5,纳指;国债ETF;证券ETF;军工ETF;有色ETF,纳指;国债ETF,证券ETF;军工ETF;有色ETF
2018-08-13,909732.2577825447,0.0,909732.2577825447,0.0,False,liquidate,-0.1953320879944447,6,纳指;黄金;国债ETF;军工ETF;证券ETF;有色ETF,纳指;黄金;国债ETF,军工ETF;证券ETF;有色ETF
2018-08-14,909804.4587553847,0.0,909804.4587553847,0.0,False,liquidate,-0.1952682254617458,5,纳指;国债ETF;军工ETF;证券ETF;有色ETF,纳指;国债ETF,军工ETF;证券ETF;有色ETF
2018-08-15,909876.6654584606,0.0,909876.6654584606,0.0,False,liquidate,-0.1952043578605919,5,纳指;国债ETF;军工ETF;证券ETF;有色ETF,纳指;国债ETF,军工ETF;证券ETF;有色ETF
2018-08-16,909948.8778922271,0.0,909948.8778922271,0.0,False,liquidate,-0.1951404851905808,5,纳指;国债ETF;证券ETF;军工ETF;有色ETF,纳指;国债ETF,证券ETF;军工ETF;有色ETF
2018-08-17,910021.0960571392,0.0,910021.0960571392,0.0,False,liquidate,-0.19507660745131022,4,纳指;证券ETF;军工ETF;有色ETF,纳指,证券ETF;军工ETF;有色ETF
2018-08-20,910093.3199536517,0.0,910093.3199536517,0.0,False,liquidate,-0.19501272464237773,5,纳指;国债ETF;证券ETF;军工ETF;有色ETF,纳指;国债ETF,证券ETF;军工ETF;有色ETF
2018-08-21,910165.5495822196,0.0,910165.5495822196,0.0,True,liquidate,-0.19494883676338104,0,,纳指;国债ETF,证券ETF;军工ETF;有色ETF
2018-08-22,910165.5495822196,0.0,910165.5495822196,0.0,True,liquidate,-0.19494883676338104,0,,纳指;国债ETF,证券ETF;军工ETF;有色ETF
2018-08-23,910165.5495822196,0.0,910165.5495822196,0.0,True,liquidate,-0.19494883676338104,0,,纳指,证券ETF;军工ETF;有色ETF
2018-08-24,910165.5495822196,0.0,910165.5495822196,0.0,True,liquidate,-0.19494883676338104,0,,纳指;国债ETF,证券ETF;军工ETF;有色ETF
2018-08-27,910165.5495822196,0.0,910165.5495822196,0.0,True,liquidate,-0.19494883676338104,0,,沪深300;纳指;国债ETF,军工ETF;证券ETF;有色ETF
2018-08-28,910165.5495822196,0.0,910165.5495822196,0.0,True,liquidate,-0.19494883676338104,0,,沪深300;纳指;国债ETF,军工ETF;证券ETF;有色ETF
2018-08-29,910165.5495822196,0.0,910165.5495822196,0.0,True,liquidate,-0.19494883676338104,0,,沪深300;纳指;国债ETF,军工ETF;证券ETF;有色ETF
2018-08-30,910165.5495822196,0.0,910165.5495822196,0.0,True,liquidate,-0.19494883676338104,0,,沪深300;纳指;国债ETF,军工ETF;证券ETF;有色ETF
2018-08-31,910165.5495822196,0.0,910165.5495822196,0.0,True,liquidate,-0.19494883676338104,0,,纳指;国债ETF,军工ETF;证券ETF;有色ETF
2018-09-03,910165.5495822196,0.0,910165.5495822196,0.0,True,liquidate,-0.19494883676338104,0,,纳指;国债ETF,军工ETF;证券ETF;有色ETF
2018-09-04,910165.5495822196,0.0,910165.5495822196,0.0,True,liquidate,-0.19494883676338104,0,,纳指;国债ETF,军工ETF;证券ETF;有色ETF
2018-09-05,910165.5495822196,0.0,910165.5495822196,0.0,True,liquidate,-0.19494883676338104,0,,纳指;国债ETF,军工ETF;证券ETF;有色ETF
2018-09-06,910165.5495822196,0.0,910165.5495822196,0.0,True,liquidate,-0.19494883676338104,0,,纳指;国债ETF,军工ETF;证券ETF;有色ETF
2018-09-07,910165.5495822196,0.0,910165.5495822196,0.0,True,liquidate,-0.19494883676338104,0,,纳指;国债ETF,军工ETF;证券ETF;有色ETF
2018-09-10,910165.5495822196,0.0,910165.5495822196,0.0,True,liquidate,-0.19494883676338104,0,,纳指,军工ETF;证券ETF;有色ETF
2018-09-11,910165.5495822196,0.0,910165.5495822196,0.0,True,liquidate,-0.19494883676338104,0,,纳指;黄金,军工ETF;证券ETF;有色ETF
2018-09-12,910165.5495822196,0.0,910165.5495822196,0.0,True,liquidate,-0.19494883676338104,0,,纳指,军工ETF;证券ETF;有色ETF
2018-09-13,910165.5495822196,0.0,910165.5495822196,0.0,True,liquidate,-0.19494883676338104,0,,纳指,军工ETF;证券ETF;有色ETF
2018-09-14,910165.5495822196,0.0,910165.5495822196,0.0,True,liquidate,-0.19494883676338104,0,,纳指,军工ETF;证券ETF;有色ETF
2018-09-17,910165.5495822196,0.0,910165.5495822196,0.0,True,liquidate,-0.19494883676338104,0,,纳指,军工ETF;证券ETF;有色ETF
2018-09-18,910165.5495822196,0.0,910165.5495822196,0.0,True,liquidate,-0.19494883676338104,0,,纳指,军工ETF;证券ETF;有色ETF
2018-09-19,910165.5495822196,0.0,910165.5495822196,0.0,True,liquidate,-0.19494883676338104,0,,纳指,军工ETF;证券ETF;有色ETF
2018-09-20,910165.5495822196,0.0,910165.5495822196,0.0,True,liquidate,-0.19494883676338104,0,,纳指,军工ETF;证券ETF;有色ETF
2018-09-21,910165.5495822196,0.0,910165.5495822196,0.0,True,liquidate,-0.19494883676338104,0,,纳指,军工ETF;证券ETF;有色ETF
2018-09-25,910165.5495822196,0.0,910165.5495822196,0.0,True,liquidate,-0.19494883676338104,0,,纳指,军工ETF;证券ETF;有色ETF
2018-09-26,910165.5495822196,0.0,910165.5495822196,0.0,True,liquidate,-0.19494883676338104,0,,纳指,军工ETF;证券ETF;有色ETF
2018-09-27,910165.5495822196,0.0,910165.5495822196,0.0,False,liquidate,-0.19494883676338104,5,沪深300;纳指;军工ETF;证券ETF;有色ETF,沪深300;纳指,军工ETF;证券ETF;有色ETF
2018-09-28,910237.7849432975,0.0,910237.7849432975,0.0,False,liquidate,-0.19488494381391783,5,沪深300;纳指;军工ETF;证券ETF;有色ETF,沪深300;纳指,军工ETF;证券ETF;有色ETF
2018-10-08,910310.0260373406,0.0,910310.0260373406,0.0,False,liquidate,-0.19482104579358558,5,沪深300;国债ETF;军工ETF;有色ETF;证券ETF,沪深300;国债ETF,军工ETF;有色ETF;证券ETF
2018-10-09,910382.2728648039,0.0,910382.2728648039,0.0,False,liquidate,-0.1947571427019819,3,证券ETF;有色ETF;军工ETF,,证券ETF;有色ETF;军工ETF
2018-10-10,910454.5254261424,0.0,910454.5254261424,0.0,False,liquidate,-0.1946932345387043,3,证券ETF;有色ETF;军工ETF,,证券ETF;有色ETF;军工ETF
2018-10-11,910526.7837218111,0.0,910526.7837218111,0.0,False,liquidate,-0.19462932130335023,5,黄金;国债ETF;证券ETF;有色ETF;军工ETF,黄金;国债ETF,证券ETF;有色ETF;军工ETF
2018-10-12,910599.0477522652,0.0,910599.0477522652,0.0,False,liquidate,-0.19456540299551717,5,黄金;国债ETF;军工ETF;有色ETF;证券ETF,黄金;国债ETF,军工ETF;有色ETF;证券ETF
2018-10-15,910671.3175179599,0.0,910671.3175179599,0.0,False,liquidate,-0.19450147961480252,5,黄金;国债ETF;证券ETF;有色ETF;军工ETF,黄金;国债ETF,证券ETF;有色ETF;军工ETF
2018-10-16,910743.5930193502,0.0,910743.5930193502,0.0,False,liquidate,-0.19443755116080366,5,黄金;国债ETF;证券ETF;有色ETF;军工ETF,黄金;国债ETF,证券ETF;有色ETF;军工ETF
2018-10-17,910815.8742568914,0.0,910815.8742568914,0.0,False,liquidate,-0.194373617633118,5,黄金;国债ETF;证券ETF;军工ETF;有色ETF,黄金;国债ETF,证券ETF;军工ETF;有色ETF
2018-10-18,910888.1612310389,0.0,910888.1612310389,0.0,False,liquidate,-0.1943096790313428,5,黄金;国债ETF;证券ETF;军工ETF;有色ETF,黄金;国债ETF,证券ETF;军工ETF;有色ETF
2018-10-19,910960.4539422477,0.0,910960.4539422477,0.0,False,liquidate,-0.19424573535507547,5,黄金;国债ETF;证券ETF;军工ETF;有色ETF,黄金;国债ETF,证券ETF;军工ETF;有色ETF
2018-10-22,911032.7523909733,0.0,911032.7523909733,0.0,False,liquidate,-0.19418178660391314,6,沪深300;黄金;国债ETF;证券ETF;军工ETF;有色ETF,沪深300;黄金;国债ETF,证券ETF;军工ETF;有色ETF
2018-10-23,911105.056577671,0.0,911105.056577671,0.0,False,liquidate,-0.19411783277745312,5,黄金;国债ETF;证券ETF;军工ETF;有色ETF,黄金;国债ETF,证券ETF;军工ETF;有色ETF
2018-10-24,911177.3665027962,0.0,911177.3665027962,0.0,False,liquidate,-0.1940538738752926,5,黄金;国债ETF;证券ETF;军工ETF;有色ETF,黄金;国债ETF,证券ETF;军工ETF;有色ETF
2018-10-25,911249.6821668043,0.0,911249.6821668043,0.0,False,liquidate,-0.19398990989702874,5,黄金;国债ETF;证券ETF;军工ETF;有色ETF,黄金;国债ETF,证券ETF;军工ETF;有色ETF
2018-10-26,911322.0035701509,0.0,911322.0035701509,0.0,False,liquidate,-0.19392594084225864,5,黄金;国债ETF;证券ETF;军工ETF;有色ETF,黄金;国债ETF,证券ETF;军工ETF;有色ETF
2018-10-29,911394.3307132914,0.0,911394.3307132914,0.0,False,liquidate,-0.19386196671057945,5,黄金;国债ETF;证券ETF;军工ETF;有色ETF,黄金;国债ETF,证券ETF;军工ETF;有色ETF
2018-10-30,911466.6635966814,0.0,911466.6635966814,0.0,False,liquidate,-0.19379798750158816,5,黄金;国债ETF;证券ETF;军工ETF;有色ETF,黄金;国债ETF,证券ETF;军工ETF;有色ETF
2018-10-31,911539.0022207764,0.0,911539.0022207764,0.0,False,liquidate,-0.19373400321488196,5,黄金;国债ETF;证券ETF;军工ETF;有色ETF,黄金;国债ETF,证券ETF;军工ETF;有色ETF
2018-11-01,911611.3465860321,0.0,911611.3465860321,0.0,False,liquidate,-0.1936700138500577,5,黄金;国债ETF;证券ETF;军工ETF;有色ETF,黄金;国债ETF,证券ETF;军工ETF;有色ETF
2018-11-02,911683.696692904,0.0,911683.696692904,0.0,False,liquidate,-0.19360601940671246,5,黄金;国债ETF;证券ETF;军工ETF;有色ETF,黄金;国债ETF,证券ETF;军工ETF;有色ETF
2018-11-05,911756.0525418479,0.0,911756.0525418479,0.0,False,liquidate,-0.1935420198844431,5,黄金;国债ETF;证券ETF;军工ETF;有色ETF,黄金;国债ETF,证券ETF;军工ETF;有色ETF
2018-11-06,911828.4141333195,0.0,911828.4141333195,0.0,False,liquidate,-0.1934780152828466,5,黄金;国债ETF;证券ETF;军工ETF;有色ETF,黄金;国债ETF,证券ETF;军工ETF;有色ETF
2018-11-07,911900.7814677745,0.0,911900.7814677745,0.0,False,liquidate,-0.19341400560151986,5,黄金;国债ETF;证券ETF;军工ETF;有色ETF,黄金;国债ETF,证券ETF;军工ETF;有色ETF
2018-11-08,911973.1545456689,0.0,911973.1545456689,0.0,False,liquidate,-0.1933499908400596,5,黄金;国债ETF;证券ETF;军工ETF;有色ETF,黄金;国债ETF,证券ETF;军工ETF;有色ETF
2018-11-09,912045.5333674583,0.0,912045.5333674583,0.0,False,liquidate,-0.19328597099806274,5,黄金;国债ETF;证券ETF;军工ETF;有色ETF,黄金;国债ETF,证券ETF;军工ETF;有色ETF
2018-11-12,912117.9179335986,0.0,912117.9179335986,0.0,False,liquidate,-0.193221946075126,5,黄金;国债ETF;证券ETF;军工ETF;有色ETF,黄金;国债ETF,证券ETF;军工ETF;有色ETF
2018-11-13,912190.3082445458,0.0,912190.3082445458,0.0,False,liquidate,-0.19315791607084618,6,沪深300;黄金;国债ETF;证券ETF;军工ETF;有色ETF,沪深300;黄金;国债ETF,证券ETF;军工ETF;有色ETF
2018-11-14,912262.7043007558,0.0,912262.7043007558,0.0,False,liquidate,-0.19309388098482,5,黄金;国债ETF;证券ETF;军工ETF;有色ETF,黄金;国债ETF,证券ETF;军工ETF;有色ETF
2018-11-15,912335.1061026844,0.0,912335.1061026844,0.0,False,liquidate,-0.19302984081664418,7,沪深300;创业板;黄金;国债ETF;证券ETF;军工ETF;有色ETF,沪深300;创业板;黄金;国债ETF,证券ETF;军工ETF;有色ETF
2018-11-16,912407.5136507879,0.0,912407.5136507879,0.0,False,liquidate,-0.19296579556591525,7,沪深300;创业板;黄金;国债ETF;证券ETF;军工ETF;有色ETF,沪深300;创业板;黄金;国债ETF,证券ETF;军工ETF;有色ETF
2018-11-19,912479.9269455221,0.0,912479.9269455221,0.0,False,liquidate,-0.19290174523223,7,沪深300;创业板;黄金;国债ETF;证券ETF;军工ETF;有色ETF,沪深300;创业板;黄金;国债ETF,证券ETF;军工ETF;有色ETF
2018-11-20,912552.3459873432,0.0,912552.3459873432,0.0,False,liquidate,-0.19283768981518487,5,黄金;国债ETF;证券ETF;军工ETF;有色ETF,黄金;国债ETF,证券ETF;军工ETF;有色ETF
2018-11-21,912624.7707767073,0.0,912624.7707767073,0.0,False,liquidate,-0.19277362931437655,5,黄金;国债ETF;证券ETF;军工ETF;有色ETF,黄金;国债ETF,证券ETF;军工ETF;有色ETF
2018-11-22,912697.2013140706,0.0,912697.2013140706,0.0,False,liquidate,-0.19270956372940146,5,黄金;国债ETF;证券ETF;军工ETF;有色ETF,黄金;国债ETF,证券ETF;军工ETF;有色ETF
2018-11-23,912769.6375998892,0.0,912769.6375998892,0.0,False,liquidate,-0.19264549305985615,5,黄金;国债ETF;证券ETF;军工ETF;有色ETF,黄金;国债ETF,证券ETF;军工ETF;有色ETF
2018-11-26,912842.0796346194,0.0,912842.0796346194,0.0,False,liquidate,-0.19258141730533704,5,黄金;国债ETF;军工ETF;证券ETF;有色ETF,黄金;国债ETF,军工ETF;证券ETF;有色ETF
2018-11-27,912914.5274187174,0.0,912914.5274187174,0.0,False,liquidate,-0.19251733646544064,5,黄金;国债ETF;证券ETF;军工ETF;有色ETF,黄金;国债ETF,证券ETF;军工ETF;有色ETF
2018-11-28,912986.9809526396,0.0,912986.9809526396,0.0,False,liquidate,-0.19245325053976323,5,黄金;国债ETF;证券ETF;军工ETF;有色ETF,黄金;国债ETF,证券ETF;军工ETF;有色ETF
2018-11-29,913059.4402368423,0.0,913059.4402368423,0.0,False,liquidate,-0.19238915952790123,5,黄金;国债ETF;证券ETF;军工ETF;有色ETF,黄金;国债ETF,证券ETF;军工ETF;有色ETF
2018-11-30,913131.9052717817,0.0,913131.9052717817,0.0,False,liquidate,-0.19232506342945105,5,黄金;国债ETF;证券ETF;军工ETF;有色ETF,黄金;国债ETF,证券ETF;军工ETF;有色ETF
2018-12-03,913204.3760579145,0.0,913204.3760579145,0.0,False,liquidate,-0.19226096224400888,6,创业板;黄金;国债ETF;证券ETF;军工ETF;有色ETF,创业板;黄金;国债ETF,证券ETF;军工ETF;有色ETF
2018-12-04,913276.8525956969,0.0,913276.8525956969,0.0,False,liquidate,-0.19219685597117103,6,创业板;黄金;国债ETF;证券ETF;军工ETF;有色ETF,创业板;黄金;国债ETF,证券ETF;军工ETF;有色ETF
2018-12-05,913349.3348855855,0.0,913349.3348855855,0.0,False,liquidate,-0.1921327446105338,7,沪深300;创业板;黄金;国债ETF;证券ETF;军工ETF;有色ETF,沪深300;创业板;黄金;国债ETF,证券ETF;军工ETF;有色ETF
2018-12-06,913421.8229280368,0.0,913421.8229280368,0.0,False,liquidate,-0.19206862816169332,7,沪深300;创业板;黄金;国债ETF;证券ETF;军工ETF;有色ETF,沪深300;创业板;黄金;国债ETF,证券ETF;军工ETF;有色ETF
2018-12-07,913494.3167235074,0.0,913494.3167235074,0.0,False,liquidate,-0.19200450662424573,7,沪深300;创业板;黄金;国债ETF;证券ETF;军工ETF;有色ETF,沪深300;创业板;黄金;国债ETF,证券ETF;军工ETF;有色ETF
2018-12-10,913566.8162724538,0.0,913566.8162724538,0.0,False,liquidate,-0.19194037999778726,7,沪深300;创业板;黄金;国债ETF;证券ETF;军工ETF;有色ETF,沪深300;创业板;黄金;国债ETF,证券ETF;军工ETF;有色ETF
2018-12-11,913639.3215753325,0.0,913639.3215753325,0.0,False,liquidate,-0.19187624828191405,7,沪深300;创业板;黄金;国债ETF;证券ETF;有色ETF;军工ETF,沪深300;创业板;黄金;国债ETF,证券ETF;有色ETF;军工ETF
2018-12-12,913711.8326326004,0.0,913711.8326326004,0.0,False,liquidate,-0.19181211147622212,7,沪深300;创业板;黄金;国债ETF;证券ETF;有色ETF;军工ETF,沪深300;创业板;黄金;国债ETF,证券ETF;有色ETF;军工ETF
2018-12-13,913784.3494447141,0.0,913784.3494447141,0.0,False,liquidate,-0.19174796958030754,7,沪深300;创业板;黄金;国债ETF;有色ETF;证券ETF;军工ETF,沪深300;创业板;黄金;国债ETF,有色ETF;证券ETF;军工ETF
2018-12-14,913856.8720121305,0.0,913856.8720121305,0.0,False,liquidate,-0.19168382259376626,5,黄金;国债ETF;军工ETF;证券ETF;有色ETF,黄金;国债ETF,军工ETF;证券ETF;有色ETF
2018-12-17,913929.4003353061,0.0,913929.4003353061,0.0,False,liquidate,-0.19161967051619427,6,创业板;黄金;国债ETF;有色ETF;证券ETF;军工ETF,创业板;黄金;国债ETF,有色ETF;证券ETF;军工ETF
2018-12-18,914001.9344146978,0.0,914001.9344146978,0.0,False,liquidate,-0.1915555133471876,6,创业板;黄金;国债ETF;有色ETF;证券ETF;军工ETF,创业板;黄金;国债ETF,有色ETF;证券ETF;军工ETF
2018-12-19,914074.4742507625,0.0,914074.4742507625,0.0,False,liquidate,-0.1914913510863421,5,黄金;国债ETF;有色ETF;证券ETF;军工ETF,黄金;国债ETF,有色ETF;证券ETF;军工ETF
2018-12-20,914147.019843957,0.0,914147.019843957,0.0,False,liquidate,-0.19142718373325368,6,创业板;黄金;国债ETF;有色ETF;证券ETF;军工ETF,创业板;黄金;国债ETF,有色ETF;证券ETF;军工ETF
2018-12-21,914219.5711947384,0.0,914219.5711947384,0.0,False,liquidate,-0.19136301128751815,6,创业板;黄金;国债ETF;有色ETF;证券ETF;军工ETF,创业板;黄金;国债ETF,有色ETF;证券ETF;军工ETF
2018-12-24,914292.1283035635,0.0,914292.1283035635,0.0,False,liquidate,-0.19129883374873138,6,创业板;黄金;国债ETF;有色ETF;证券ETF;军工ETF,创业板;黄金;国债ETF,有色ETF;证券ETF;军工ETF
2018-12-25,914364.6911708892,0.0,914364.6911708892,0.0,False,liquidate,-0.19123465111648916,6,创业板;黄金;国债ETF;有色ETF;证券ETF;军工ETF,创业板;黄金;国债ETF,有色ETF;证券ETF;军工ETF
2018-12-26,914437.2597971726,0.0,914437.2597971726,0.0,False,liquidate,-0.19117046339038726,5,黄金;国债ETF;有色ETF;证券ETF;军工ETF,黄金;国债ETF,有色ETF;证券ETF;军工ETF
2018-12-27,914509.8341828708,0.0,914509.8341828708,0.0,False,liquidate,-0.19110627057002144,5,黄金;国债ETF;有色ETF;证券ETF;军工ETF,黄金;国债ETF,有色ETF;证券ETF;军工ETF
2018-12-28,914582.4143284409,0.0,914582.4143284409,0.0,False,liquidate,-0.19104207265498727,5,黄金;国债ETF;有色ETF;证券ETF;军工ETF,黄金;国债ETF,有色ETF;证券ETF;军工ETF
2019-01-02,914655.0002343401,0.0,914655.0002343401,0.0,False,liquidate,-0.19097786964488045,5,黄金;国债ETF;军工ETF;证券ETF;有色ETF,黄金;国债ETF,军工ETF;证券ETF;有色ETF
2019-01-03,914727.5919010254,0.0,914727.5919010254,0.0,False,liquidate,-0.19091366153929668,5,黄金;国债ETF;军工ETF;证券ETF;有色ETF,黄金;国债ETF,军工ETF;证券ETF;有色ETF
2019-01-04,914800.1893289541,0.0,914800.1893289541,0.0,False,liquidate,-0.1908494483378315,5,黄金;国债ETF;证券ETF;军工ETF;有色ETF,黄金;国债ETF,证券ETF;军工ETF;有色ETF
2019-01-07,914872.7925185834,0.0,914872.7925185834,0.0,False,liquidate,-0.19078523004008055,5,黄金;国债ETF;证券ETF;军工ETF;有色ETF,黄金;国债ETF,证券ETF;军工ETF;有色ETF
2019-01-08,914945.4014703706,0.0,914945.4014703706,0.0,False,liquidate,-0.19072100664563923,5,黄金;国债ETF;证券ETF;军工ETF;有色ETF,黄金;国债ETF,证券ETF;军工ETF;有色ETF
2019-01-09,915018.0161847731,0.0,915018.0161847731,0.0,True,liquidate,-0.19065677815410312,0,,黄金;国债ETF,证券ETF;军工ETF;有色ETF
2019-01-10,915018.0161847731,0.0,915018.0161847731,0.0,True,liquidate,-0.19065677815410312,0,,黄金;国债ETF,证券ETF;军工ETF;有色ETF
2019-01-11,915018.0161847731,0.0,915018.0161847731,0.0,True,liquidate,-0.19065677815410312,0,,黄金;国债ETF,证券ETF;军工ETF;有色ETF
2019-01-14,915018.0161847731,0.0,915018.0161847731,0.0,True,liquidate,-0.19065677815410312,0,,黄金;国债ETF,证券ETF;军工ETF;有色ETF
2019-01-15,915018.0161847731,0.0,915018.0161847731,0.0,True,liquidate,-0.19065677815410312,0,,黄金;国债ETF,证券ETF;军工ETF;有色ETF
2019-01-16,915018.0161847731,0.0,915018.0161847731,0.0,True,liquidate,-0.19065677815410312,0,,黄金;国债ETF,证券ETF;军工ETF;有色ETF
2019-01-17,915018.0161847731,0.0,915018.0161847731,0.0,True,liquidate,-0.19065677815410312,0,,黄金;国债ETF,证券ETF;军工ETF;有色ETF
2019-01-18,915018.0161847731,0.0,915018.0161847731,0.0,True,liquidate,-0.19065677815410312,0,,纳指;黄金;国债ETF,证券ETF;军工ETF;有色ETF
2019-01-21,915018.0161847731,0.0,915018.0161847731,0.0,True,liquidate,-0.19065677815410312,0,,纳指;黄金;国债ETF,证券ETF;军工ETF;有色ETF
2019-01-22,915018.0161847731,0.0,915018.0161847731,0.0,True,liquidate,-0.19065677815410312,0,,黄金;国债ETF,证券ETF;军工ETF;有色ETF
2019-01-23,915018.0161847731,0.0,915018.0161847731,0.0,True,liquidate,-0.19065677815410312,0,,黄金;国债ETF,证券ETF;军工ETF;有色ETF
2019-01-24,915018.0161847731,0.0,915018.0161847731,0.0,True,liquidate,-0.19065677815410312,0,,黄金;国债ETF,证券ETF;军工ETF;有色ETF
2019-01-25,915018.0161847731,0.0,915018.0161847731,0.0,True,liquidate,-0.19065677815410312,0,,黄金;国债ETF,证券ETF;军工ETF;有色ETF
2019-01-28,915018.0161847731,0.0,915018.0161847731,0.0,True,liquidate,-0.19065677815410312,0,,黄金;国债ETF,证券ETF;军工ETF;有色ETF
2019-01-29,915018.0161847731,0.0,915018.0161847731,0.0,True,liquidate,-0.19065677815410312,0,,黄金;国债ETF,证券ETF;军工ETF;有色ETF
2019-01-30,915018.0161847731,0.0,915018.0161847731,0.0,True,liquidate,-0.19065677815410312,0,,黄金;国债ETF,证券ETF;军工ETF;有色ETF
2019-01-31,915018.0161847731,0.0,915018.0161847731,0.0,True,liquidate,-0.19065677815410312,0,,黄金;国债ETF,证券ETF;军工ETF;有色ETF
2019-02-01,915018.0161847731,0.0,915018.0161847731,0.0,True,liquidate,-0.19065677815410312,0,,沪深300;纳指;黄金;国债ETF,证券ETF;军工ETF;有色ETF
2019-02-11,915018.0161847731,0.0,915018.0161847731,0.0,True,liquidate,-0.19065677815410312,0,,沪深300;黄金;国债ETF,证券ETF;军工ETF;有色ETF
2019-02-12,915018.0161847731,0.0,915018.0161847731,0.0,True,liquidate,-0.19065677815410312,0,,沪深300;创业板;纳指;黄金;国债ETF,证券ETF;军工ETF;有色ETF
2019-02-13,915018.0161847731,0.0,915018.0161847731,0.0,True,liquidate,-0.19065677815410312,0,,沪深300;创业板;纳指;黄金;国债ETF,证券ETF;军工ETF;有色ETF
2019-02-14,915018.0161847731,0.0,915018.0161847731,0.0,True,liquidate,-0.19065677815410312,0,,沪深300;创业板;纳指;黄金;国债ETF,证券ETF;军工ETF;有色ETF
2019-02-15,915018.0161847731,0.0,915018.0161847731,0.0,True,liquidate,-0.19065677815410312,0,,沪深300;创业板;纳指;黄金;国债ETF,证券ETF;军工ETF;有色ETF
2019-02-18,915018.0161847731,0.0,915018.0161847731,0.0,True,liquidate,-0.19065677815410312,0,,沪深300;创业板;纳指;黄金;国债ETF,证券ETF;军工ETF;有色ETF
2019-02-19,915018.0161847731,0.0,915018.0161847731,0.0,True,liquidate,-0.19065677815410312,0,,沪深300;创业板;纳指;黄金;国债ETF,证券ETF;军工ETF;有色ETF
2019-02-20,915018.0161847731,0.0,915018.0161847731,0.0,True,liquidate,-0.19065677815410312,0,,沪深300;创业板;纳指;黄金;国债ETF,证券ETF;军工ETF;有色ETF
2019-02-21,915018.0161847731,0.0,915018.0161847731,0.0,True,liquidate,-0.19065677815410312,0,,沪深300;创业板;纳指;黄金;国债ETF,证券ETF;军工ETF;有色ETF
2019-02-22,915018.0161847731,0.0,915018.0161847731,0.0,True,liquidate,-0.19065677815410312,0,,沪深300;创业板;纳指;黄金;国债ETF,证券ETF;军工ETF;有色ETF
2019-02-25,915018.0161847731,0.0,915018.0161847731,0.0,True,liquidate,-0.19065677815410312,0,,沪深300;创业板;纳指;黄金;国债ETF,证券ETF;有色ETF;军工ETF
2019-02-26,915018.0161847731,0.0,915018.0161847731,0.0,True,liquidate,-0.19065677815410312,0,,沪深300;创业板;纳指;黄金;国债ETF,证券ETF;有色ETF;军工ETF
2019-02-27,915018.0161847731,0.0,915018.0161847731,0.0,False,liquidate,-0.19065677815410312,8,沪深300;创业板;纳指;黄金;国债ETF;证券ETF;有色ETF;军工ETF,沪深300;创业板;纳指;黄金;国债ETF,证券ETF;有色ETF;军工ETF
2019-02-28,915090.636662248,0.0,915090.636662248,0.0,False,liquidate,-0.19059254456506772,8,沪深300;创业板;纳指;黄金;国债ETF;证券ETF;有色ETF;军工ETF,沪深300;创业板;纳指;黄金;国债ETF,证券ETF;有色ETF;军工ETF
2019-03-01,915163.2629032531,0.0,915163.2629032531,0.0,False,liquidate,-0.19052830587812836,8,沪深300;创业板;纳指;黄金;国债ETF;证券ETF;军工ETF;有色ETF,沪深300;创业板;纳指;黄金;国债ETF,证券ETF;军工ETF;有色ETF
2019-03-04,915235.8949082454,0.0,915235.8949082454,0.0,False,liquidate,-0.19046406209288058,6,沪深300;创业板;纳指;证券ETF;军工ETF;有色ETF,沪深300;创业板;纳指,证券ETF;军工ETF;有色ETF
2019-03-05,915308.5326776826,0.0,915308.5326776826,0.0,False,liquidate,-0.19039981320891972,7,沪深300;创业板;纳指;国债ETF;证券ETF;军工ETF;有色ETF,沪深300;创业板;纳指;国债ETF,证券ETF;军工ETF;有色ETF
2019-03-06,915381.1762120221,0.0,915381.1762120221,0.0,False,liquidate,-0.19033555922584106,6,沪深300;创业板;纳指;证券ETF;有色ETF;军工ETF,沪深300;创业板;纳指,证券ETF;有色ETF;军工ETF
2019-03-07,915453.8255117215,0.0,915453.8255117215,0.0,False,liquidate,-0.19027130014323984,6,沪深300;创业板;纳指;证券ETF;有色ETF;军工ETF,沪深300;创业板;纳指,证券ETF;有色ETF;军工ETF
2019-03-08,915526.4805772384,0.0,915526.4805772384,0.0,False,liquidate,-0.1902070359607115,6,沪深300;创业板;纳指;证券ETF;有色ETF;军工ETF,沪深300;创业板;纳指,证券ETF;有色ETF;军工ETF
2019-03-11,915599.1414090303,0.0,915599.1414090303,0.0,False,liquidate,-0.19014276667785115,6,沪深300;创业板;纳指;证券ETF;军工ETF;有色ETF,沪深300;创业板;纳指,证券ETF;军工ETF;有色ETF
2019-03-12,915671.8080075548,0.0,915671.8080075548,0.0,False,liquidate,-0.19007849229425414,6,沪深300;创业板;纳指;证券ETF;军工ETF;有色ETF,沪深300;创业板;纳指,证券ETF;军工ETF;有色ETF
2019-03-13,915744.4803732698,0.0,915744.4803732698,0.0,False,liquidate,-0.19001421280951558,6,沪深300;创业板;纳指;证券ETF;军工ETF;有色ETF,沪深300;创业板;纳指,证券ETF;军工ETF;有色ETF
2019-03-14,915817.1585066328,0.0,915817.1585066328,0.0,False,liquidate,-0.18994992822323056,7,沪深300;创业板;纳指;黄金;证券ETF;军工ETF;有色ETF,沪深300;创业板;纳指;黄金,证券ETF;军工ETF;有色ETF
2019-03-15,915889.8424081017,0.0,915889.8424081017,0.0,False,liquidate,-0.18988563853499424,7,沪深300;创业板;纳指;黄金;证券ETF;有色ETF;军工ETF,沪深300;创业板;纳指;黄金,证券ETF;有色ETF;军工ETF
2019-03-18,915962.5320781341,0.0,915962.5320781341,0.0,False,liquidate,-0.18982134374440168,7,沪深300;创业板;纳指;黄金;证券ETF;有色ETF;军工ETF,沪深300;创业板;纳指;黄金,证券ETF;有色ETF;军工ETF
2019-03-19,916035.227517188,0.0,916035.227517188,0.0,False,liquidate,-0.18975704385104808,7,沪深300;创业板;纳指;黄金;证券ETF;军工ETF;有色ETF,沪深300;创业板;纳指;黄金,证券ETF;军工ETF;有色ETF
2019-03-20,916107.9287257211,0.0,916107.9287257211,0.0,False,liquidate,-0.18969273885452828,7,沪深300;创业板;纳指;黄金;证券ETF;军工ETF;有色ETF,沪深300;创业板;纳指;黄金,证券ETF;军工ETF;有色ETF
2019-03-21,916180.6357041914,0.0,916180.6357041914,0.0,False,liquidate,-0.18962842875443736,7,沪深300;创业板;纳指;黄金;有色ETF;证券ETF;军工ETF,沪深300;创业板;纳指;黄金,有色ETF;证券ETF;军工ETF
2019-03-22,916253.3484530569,0.0,916253.3484530569,0.0,False,liquidate,-0.1895641135503702,8,沪深300;创业板;纳指;黄金;国债ETF;军工ETF;证券ETF;有色ETF,沪深300;创业板;纳指;黄金;国债ETF,军工ETF;证券ETF;有色ETF
2019-03-25,916326.0669727754,0.0,916326.0669727754,0.0,False,liquidate,-0.18949979324192182,8,沪深300;创业板;纳指;黄金;国债ETF;军工ETF;证券ETF;有色ETF,沪深300;创业板;纳指;黄金;国债ETF,军工ETF;证券ETF;有色ETF
2019-03-26,916398.791263805,0.0,916398.791263805,0.0,False,liquidate,-0.189435467828687,8,沪深300;创业板;纳指;黄金;国债ETF;军工ETF;证券ETF;有色ETF,沪深300;创业板;纳指;黄金;国债ETF,军工ETF;证券ETF;有色ETF
2019-03-27,916471.5213266037,0.0,916471.5213266037,0.0,False,liquidate,-0.1893711373102607,8,沪深300;创业板;纳指;黄金;国债ETF;军工ETF;证券ETF;有色ETF,沪深300;创业板;纳指;黄金;国债ETF,军工ETF;证券ETF;有色ETF
2019-03-28,916544.2571616297,0.0,916544.2571616297,0.0,False,liquidate,-0.18930680168623762,8,沪深300;创业板;纳指;黄金;国债ETF;军工ETF;证券ETF;有色ETF,沪深300;创业板;纳指;黄金;国债ETF,军工ETF;证券ETF;有色ETF
2019-03-29,916616.998769341,0.0,916616.998769341,0.0,False,liquidate,-0.18924246095621267,7,沪深300;创业板;纳指;国债ETF;证券ETF;军工ETF;有色ETF,沪深300;创业板;纳指;国债ETF,证券ETF;军工ETF;有色ETF
2019-04-01,916689.7461501958,0.0,916689.7461501958,0.0,False,liquidate,-0.18917811511978055,7,沪深300;创业板;纳指;国债ETF;军工ETF;证券ETF;有色ETF,沪深300;创业板;纳指;国债ETF,军工ETF;证券ETF;有色ETF
2019-04-02,916762.4993046522,0.0,916762.4993046522,0.0,False,liquidate,-0.18911376417653608,7,沪深300;创业板;纳指;国债ETF;军工ETF;证券ETF;有色ETF,沪深300;创业板;纳指;国债ETF,军工ETF;证券ETF;有色ETF
2019-04-03,916835.2582331685,0.0,916835.2582331685,0.0,False,liquidate,-0.18904940812607385,6,沪深300;创业板;纳指;军工ETF;证券ETF;有色ETF,沪深300;创业板;纳指,军工ETF;证券ETF;有色ETF
2019-04-04,916908.0229362029,0.0,916908.0229362029,0.0,False,liquidate,-0.18898504696798857,6,沪深300;创业板;纳指;军工ETF;证券ETF;有色ETF,沪深300;创业板;纳指,军工ETF;证券ETF;有色ETF
2019-04-08,916980.7934142138,0.0,916980.7934142138,0.0,False,liquidate,-0.18892068070187487,6,沪深300;创业板;纳指;有色ETF;证券ETF;军工ETF,沪深300;创业板;纳指,有色ETF;证券ETF;军工ETF
2019-04-09,917053.5696676595,0.0,917053.5696676595,0.0,False,liquidate,-0.18885630932732733,6,沪深300;创业板;纳指;证券ETF;有色ETF;军工ETF,沪深300;创业板;纳指,证券ETF;有色ETF;军工ETF
2019-04-10,917126.3516969982,0.0,917126.3516969982,0.0,False,liquidate,-0.18879193284394055,6,沪深300;创业板;纳指;军工ETF;证券ETF;有色ETF,沪深300;创业板;纳指,军工ETF;证券ETF;有色ETF
2019-04-11,917199.1395026885,0.0,917199.1395026885,0.0,False,liquidate,-0.18872755125130905,6,沪深300;创业板;纳指;证券ETF;军工ETF;有色ETF,沪深300;创业板;纳指,证券ETF;军工ETF;有色ETF
2019-04-12,917271.9330851889,0.0,917271.9330851889,0.0,False,liquidate,-0.18866316454902732,6,沪深300;创业板;纳指;证券ETF;军工ETF;有色ETF,沪深300;创业板;纳指,证券ETF;军工ETF;有色ETF
2019-04-15,917344.7324449576,0.0,917344.7324449576,0.0,False,liquidate,-0.18859877273668987,6,沪深300;创业板;纳指;证券ETF;军工ETF;有色ETF,沪深300;创业板;纳指,证券ETF;军工ETF;有色ETF
2019-04-16,917417.5375824532,0.0,917417.5375824532,0.0,False,liquidate,-0.1885343758138912,6,沪深300;创业板;纳指;证券ETF;军工ETF;有色ETF,沪深300;创业板;纳指,证券ETF;军工ETF;有色ETF
2019-04-17,917490.3484981344,0.0,917490.3484981344,0.0,False,liquidate,-0.1884699737802256,6,沪深300;创业板;纳指;军工ETF;证券ETF;有色ETF,沪深300;创业板;纳指,军工ETF;证券ETF;有色ETF
2019-04-18,917563.1651924597,0.0,917563.1651924597,0.0,False,liquidate,-0.18840556663528749,6,沪深300;创业板;纳指;军工ETF;证券ETF;有色ETF,沪深300;创业板;纳指,军工ETF;证券ETF;有色ETF
2019-04-19,917635.9876658877,0.0,917635.9876658877,0.0,False,liquidate,-0.18834115437867122,6,沪深300;创业板;纳指;军工ETF;证券ETF;有色ETF,沪深300;创业板;纳指,军工ETF;证券ETF;有色ETF
2019-04-22,917708.8159188771,0.0,917708.8159188771,0.0,False,liquidate,-0.18827673700997105,6,沪深300;创业板;纳指;证券ETF;有色ETF;军工ETF,沪深300;创业板;纳指,证券ETF;有色ETF;军工ETF
2019-04-23,917781.6499518866,0.0,917781.6499518866,0.0,False,liquidate,-0.18821231452878132,6,沪深300;创业板;纳指;证券ETF;有色ETF;军工ETF,沪深300;创业板;纳指,证券ETF;有色ETF;军工ETF
2019-04-24,917854.4897653749,0.0,917854.4897653749,0.0,False,liquidate,-0.18814788693469625,6,沪深300;创业板;纳指;证券ETF;有色ETF;军工ETF,沪深300;创业板;纳指,证券ETF;有色ETF;军工ETF
2019-04-25,917927.3353598008,0.0,917927.3353598008,0.0,False,liquidate,-0.18808345422731002,6,沪深300;创业板;纳指;证券ETF;有色ETF;军工ETF,沪深300;创业板;纳指,证券ETF;有色ETF;军工ETF
2019-04-26,918000.186735623,0.0,918000.186735623,0.0,False,liquidate,-0.18801901640621696,6,沪深300;创业板;纳指;证券ETF;有色ETF;军工ETF,沪深300;创业板;纳指,证券ETF;有色ETF;军工ETF
2019-04-29,918073.0438933006,0.0,918073.0438933006,0.0,False,liquidate,-0.18795457347101102,5,沪深300;纳指;证券ETF;军工ETF;有色ETF,沪深300;纳指,证券ETF;军工ETF;有色ETF
2019-04-30,918145.9068332921,0.0,918145.9068332921,0.0,False,liquidate,-0.1878901254212865,6,沪深300;纳指;黄金;证券ETF;军工ETF;有色ETF,沪深300;纳指;黄金,证券ETF;军工ETF;有色ETF
2019-05-06,918218.7755560566,0.0,918218.7755560566,0.0,False,liquidate,-0.1878256722566374,5,纳指;黄金;军工ETF;证券ETF;有色ETF,纳指;黄金,军工ETF;证券ETF;有色ETF
2019-05-07,918291.6500620532,0.0,918291.6500620532,0.0,False,liquidate,-0.1877612139766577,5,纳指;黄金;证券ETF;军工ETF;有色ETF,纳指;黄金,证券ETF;军工ETF;有色ETF
2019-05-08,918364.5303517408,0.0,918364.5303517408,0.0,False,liquidate,-0.18769675058094148,5,纳指;黄金;证券ETF;军工ETF;有色ETF,纳指;黄金,证券ETF;军工ETF;有色ETF
2019-05-09,918437.4164255783,0.0,918437.4164255783,0.0,False,liquidate,-0.18763228206908275,4,纳指;军工ETF;证券ETF;有色ETF,纳指,军工ETF;证券ETF;有色ETF
2019-05-10,918510.3082840248,0.0,918510.3082840248,0.0,False,liquidate,-0.1875678084406755,4,纳指;军工ETF;证券ETF;有色ETF,纳指,军工ETF;证券ETF;有色ETF
2019-05-13,918583.2059275395,0.0,918583.2059275395,0.0,False,liquidate,-0.18750332969531358,6,纳指;黄金;国债ETF;军工ETF;证券ETF;有色ETF,纳指;黄金;国债ETF,军工ETF;证券ETF;有色ETF
2019-05-14,918656.1093565815,0.0,918656.1093565815,0.0,False,liquidate,-0.1874388458325909,6,纳指;黄金;国债ETF;军工ETF;证券ETF;有色ETF,纳指;黄金;国债ETF,军工ETF;证券ETF;有色ETF
2019-05-15,918729.0185716099,0.0,918729.0185716099,0.0,False,liquidate,-0.18737435685210135,6,纳指;黄金;国债ETF;军工ETF;证券ETF;有色ETF,纳指;黄金;国债ETF,军工ETF;证券ETF;有色ETF
2019-05-16,918801.9335730838,0.0,918801.9335730838,0.0,False,liquidate,-0.18730986275343878,6,纳指;黄金;国债ETF;军工ETF;证券ETF;有色ETF,纳指;黄金;国债ETF,军工ETF;证券ETF;有色ETF
2019-05-17,918874.8543614626,0.0,918874.8543614626,0.0,False,liquidate,-0.187245363536197,6,纳指;黄金;国债ETF;军工ETF;证券ETF;有色ETF,纳指;黄金;国债ETF,军工ETF;证券ETF;有色ETF
2019-05-20,918947.7809372057,0.0,918947.7809372057,0.0,False,liquidate,-0.18718085919996968,6,纳指;黄金;国债ETF;军工ETF;证券ETF;有色ETF,纳指;黄金;国债ETF,军工ETF;证券ETF;有色ETF
2019-05-21,919020.7133007721,0.0,919020.7133007721,0.0,False,liquidate,-0.1871163497443506,5,纳指;国债ETF;军工ETF;有色ETF;证券ETF,纳指;国债ETF,军工ETF;有色ETF;证券ETF
2019-05-22,919093.6514526214,0.0,919093.6514526214,0.0,False,liquidate,-0.18705183516893345,5,纳指;黄金;军工ETF;有色ETF;证券ETF,纳指;黄金,军工ETF;有色ETF;证券ETF
2019-05-23,919166.595393213,0.0,919166.595393213,0.0,False,liquidate,-0.18698731547331188,4,纳指;军工ETF;有色ETF;证券ETF,纳指,军工ETF;有色ETF;证券ETF
2019-05-24,919239.5451230061,0.0,919239.5451230061,0.0,False,liquidate,-0.1869227906570796,5,纳指;黄金;军工ETF;有色ETF;证券ETF,纳指;黄金,军工ETF;有色ETF;证券ETF
2019-05-27,919312.5006424603,0.0,919312.5006424603,0.0,False,liquidate,-0.18685826071983017,5,纳指;黄金;军工ETF;有色ETF;证券ETF,纳指;黄金,军工ETF;有色ETF;证券ETF
2019-05-28,919385.4619520352,0.0,919385.4619520352,0.0,False,liquidate,-0.18679372566115704,5,纳指;黄金;军工ETF;有色ETF;证券ETF,纳指;黄金,军工ETF;有色ETF;证券ETF
2019-05-29,919458.4290521902,0.0,919458.4290521902,0.0,False,liquidate,-0.18672918548065393,5,纳指;黄金;军工ETF;有色ETF;证券ETF,纳指;黄金,军工ETF;有色ETF;证券ETF
2019-05-30,919531.4019433848,0.0,919531.4019433848,0.0,False,liquidate,-0.1866646401779143,5,黄金;国债ETF;军工ETF;有色ETF;证券ETF,黄金;国债ETF,军工ETF;有色ETF;证券ETF
2019-05-31,919604.3806260787,0.0,919604.3806260787,0.0,False,liquidate,-0.1866000897525316,5,黄金;国债ETF;有色ETF;军工ETF;证券ETF,黄金;国债ETF,有色ETF;军工ETF;证券ETF
2019-06-03,919677.3651007316,0.0,919677.3651007316,0.0,False,liquidate,-0.1865355342040992,5,黄金;国债ETF;军工ETF;有色ETF;证券ETF,黄金;国债ETF,军工ETF;有色ETF;证券ETF
2019-06-04,919750.3553678031,0.0,919750.3553678031,0.0,False,liquidate,-0.18647097353221062,5,黄金;国债ETF;有色ETF;军工ETF;证券ETF,黄金;国债ETF,有色ETF;军工ETF;证券ETF
2019-06-05,919823.351427753,0.0,919823.351427753,0.0,False,liquidate,-0.18640640773645917,5,黄金;国债ETF;有色ETF;军工ETF;证券ETF,黄金;国债ETF,有色ETF;军工ETF;证券ETF
2019-06-06,919896.3532810409,0.0,919896.3532810409,0.0,False,liquidate,-0.18634183681643826,5,黄金;国债ETF;有色ETF;军工ETF;证券ETF,黄金;国债ETF,有色ETF;军工ETF;证券ETF
2019-06-10,919969.3609281267,0.0,919969.3609281267,0.0,False,liquidate,-0.18627726077174114,6,纳指;黄金;国债ETF;有色ETF;军工ETF;证券ETF,纳指;黄金;国债ETF,有色ETF;军工ETF;证券ETF
2019-06-11,920042.3743694703,0.0,920042.3743694703,0.0,False,liquidate,-0.18621267960196106,6,纳指;黄金;国债ETF;有色ETF;证券ETF;军工ETF,纳指;黄金;国债ETF,有色ETF;证券ETF;军工ETF
2019-06-12,920115.3936055314,0.0,920115.3936055314,0.0,False,liquidate,-0.1861480933066913,6,纳指;黄金;国债ETF;有色ETF;证券ETF;军工ETF,纳指;黄金;国债ETF,有色ETF;证券ETF;军工ETF
2019-06-13,920188.41863677,0.0,920188.41863677,0.0,False,liquidate,-0.18608350188552514,6,纳指;黄金;国债ETF;有色ETF;证券ETF;军工ETF,纳指;黄金;国债ETF,有色ETF;证券ETF;军工ETF
2019-06-14,920261.4494636459,0.0,920261.4494636459,0.0,False,liquidate,-0.18601890533805573,6,纳指;黄金;国债ETF;有色ETF;军工ETF;证券ETF,纳指;黄金;国债ETF,有色ETF;军工ETF;证券ETF
2019-06-17,920334.4860866193,0.0,920334.4860866193,0.0,False,liquidate,-0.18595430366387614,6,纳指;黄金;国债ETF;有色ETF;证券ETF;军工ETF,纳指;黄金;国债ETF,有色ETF;证券ETF;军工ETF
2019-06-18,920407.52850615,0.0,920407.52850615,0.0,False,liquidate,-0.18588969686257964,6,纳指;黄金;国债ETF;有色ETF;证券ETF;军工ETF,纳指;黄金;国债ETF,有色ETF;证券ETF;军工ETF
2019-06-19,920480.5767226982,0.0,920480.5767226982,0.0,False,liquidate,-0.18582508493375915,6,纳指;黄金;国债ETF;有色ETF;证券ETF;军工ETF,纳指;黄金;国债ETF,有色ETF;证券ETF;军工ETF
2019-06-20,920553.6307367238,0.0,920553.6307367238,0.0,False,liquidate,-0.18576046787700787,6,纳指;黄金;国债ETF;证券ETF;有色ETF;军工ETF,纳指;黄金;国债ETF,证券ETF;有色ETF;军工ETF
2019-06-21,920626.690548687,0.0,920626.690548687,0.0,False,liquidate,-0.18569584569191874,6,纳指;黄金;国债ETF;证券ETF;有色ETF;军工ETF,纳指;黄金;国债ETF,证券ETF;有色ETF;军工ETF
2019-06-24,920699.7561590481,0.0,920699.7561590481,0.0,False,liquidate,-0.18563121837808472,6,纳指;黄金;国债ETF;证券ETF;有色ETF;军工ETF,纳指;黄金;国债ETF,证券ETF;有色ETF;军工ETF
2019-06-25,920772.8275682671,0.0,920772.8275682671,0.0,False,liquidate,-0.18556658593509878,5,黄金;国债ETF;有色ETF;证券ETF;军工ETF,黄金;国债ETF,有色ETF;证券ETF;军工ETF
2019-06-26,920845.9047768044,0.0,920845.9047768044,0.0,False,liquidate,-0.18550194836255385,5,黄金;国债ETF;证券ETF;有色ETF;军工ETF,黄金;国债ETF,证券ETF;有色ETF;军工ETF
2019-06-27,920918.98778512,0.0,920918.98778512,0.0,False,liquidate,-0.18543730566004293,5,黄金;国债ETF;有色ETF;证券ETF;军工ETF,黄金;国债ETF,有色ETF;证券ETF;军工ETF
2019-06-28,920992.0765936745,0.0,920992.0765936745,0.0,False,liquidate,-0.18537265782715873,5,黄金;国债ETF;证券ETF;有色ETF;军工ETF,黄金;国债ETF,证券ETF;有色ETF;军工ETF
2019-07-01,921065.171202928,0.0,921065.171202928,0.0,False,liquidate,-0.18530800486349422,8,沪深300;创业板;纳指;黄金;国债ETF;证券ETF;有色ETF;军工ETF,沪深300;创业板;纳指;黄金;国债ETF,证券ETF;有色ETF;军工ETF
2019-07-02,921138.2716133409,0.0,921138.2716133409,0.0,False,liquidate,-0.18524334676864207,8,沪深300;创业板;纳指;黄金;国债ETF;有色ETF;证券ETF;军工ETF,沪深300;创业板;纳指;黄金;国债ETF,有色ETF;证券ETF;军工ETF
2019-07-03,921211.3778253738,0.0,921211.3778253738,0.0,False,liquidate,-0.1851786835421951,8,沪深300;创业板;纳指;黄金;国债ETF;军工ETF;有色ETF;证券ETF,沪深300;创业板;纳指;黄金;国债ETF,军工ETF;有色ETF;证券ETF
2019-07-04,921284.4898394869,0.0,921284.4898394869,0.0,False,liquidate,-0.18511401518374607,8,沪深300;创业板;纳指;黄金;国债ETF;军工ETF;证券ETF;有色ETF,沪深300;创业板;纳指;黄金;国债ETF,军工ETF;证券ETF;有色ETF
2019-07-05,921357.6076561408,0.0,921357.6076561408,0.0,False,liquidate,-0.18504934169288764,8,沪深300;创业板;纳指;黄金;国债ETF;军工ETF;证券ETF;有色ETF,沪深300;创业板;纳指;黄金;国债ETF,军工ETF;证券ETF;有色ETF
2019-07-08,921430.7312757961,0.0,921430.7312757961,0.0,False,liquidate,-0.18498466306921246,8,沪深300;创业板;纳指;黄金;国债ETF;军工ETF;证券ETF;有色ETF,沪深300;创业板;纳指;黄金;国债ETF,军工ETF;证券ETF;有色ETF
2019-07-09,921503.8606989132,0.0,921503.8606989132,0.0,False,liquidate,-0.1849199793123132,8,沪深300;创业板;纳指;黄金;国债ETF;军工ETF;证券ETF;有色ETF,沪深300;创业板;纳指;黄金;国债ETF,军工ETF;证券ETF;有色ETF
2019-07-10,921576.9959259529,0.0,921576.9959259529,0.0,False,liquidate,-0.18485529042178234,7,沪深300;纳指;黄金;国债ETF;军工ETF;证券ETF;有色ETF,沪深300;纳指;黄金;国债ETF,军工ETF;证券ETF;有色ETF
2019-07-11,921650.1369573757,0.0,921650.1369573757,0.0,False,liquidate,-0.18479059639721257,7,沪深300;纳指;黄金;国债ETF;证券ETF;军工ETF;有色ETF,沪深300;纳指;黄金;国债ETF,证券ETF;军工ETF;有色ETF
2019-07-12,921723.2837936422,0.0,921723.2837936422,0.0,False,liquidate,-0.18472589723819643,8,沪深300;创业板;纳指;黄金;国债ETF;证券ETF;军工ETF;有色ETF,沪深300;创业板;纳指;黄金;国债ETF,证券ETF;军工ETF;有色ETF
2019-07-15,921796.4364352132,0.0,921796.4364352132,0.0,False,liquidate,-0.18466119294432637,8,沪深300;创业板;纳指;黄金;国债ETF;证券ETF;军工ETF;有色ETF,沪深300;创业板;纳指;黄金;国债ETF,证券ETF;军工ETF;有色ETF
2019-07-16,921869.5948825494,0.0,921869.5948825494,0.0,False,liquidate,-0.18459648351519492,8,沪深300;创业板;纳指;黄金;国债ETF;证券ETF;军工ETF;有色ETF,沪深300;创业板;纳指;黄金;国债ETF,证券ETF;军工ETF;有色ETF
2019-07-17,921942.7591361115,0.0,921942.7591361115,0.0,False,liquidate,-0.18453176895039455,8,沪深300;创业板;纳指;黄金;国债ETF;军工ETF;证券ETF;有色ETF,沪深300;创业板;纳指;黄金;国债ETF,军工ETF;证券ETF;有色ETF
2019-07-18,922015.9291963604,0.0,922015.9291963604,0.0,False,liquidate,-0.18446704924951757,8,沪深300;创业板;纳指;黄金;国债ETF;证券ETF;军工ETF;有色ETF,沪深300;创业板;纳指;黄金;国债ETF,证券ETF;军工ETF;有色ETF
2019-07-19,922089.1050637569,0.0,922089.1050637569,0.0,False,liquidate,-0.18440232441215643,8,沪深300;创业板;纳指;黄金;国债ETF;军工ETF;证券ETF;有色ETF,沪深300;创业板;纳指;黄金;国债ETF,军工ETF;证券ETF;有色ETF
2019-07-22,922162.286738762,0.0,922162.286738762,0.0,False,liquidate,-0.18433759443790337,8,沪深300;创业板;纳指;黄金;国债ETF;军工ETF;证券ETF;有色ETF,沪深300;创业板;纳指;黄金;国债ETF,军工ETF;证券ETF;有色ETF
2019-07-23,922235.4742218365,0.0,922235.4742218365,0.0,False,liquidate,-0.18427285932635085,8,沪深300;创业板;纳指;黄金;国债ETF;军工ETF;证券ETF;有色ETF,沪深300;创业板;纳指;黄金;国债ETF,军工ETF;证券ETF;有色ETF
2019-07-24,922308.6675134415,0.0,922308.6675134415,0.0,False,liquidate,-0.18420811907709095,8,沪深300;创业板;纳指;黄金;国债ETF;军工ETF;有色ETF;证券ETF,沪深300;创业板;纳指;黄金;国债ETF,军工ETF;有色ETF;证券ETF
2019-07-25,922381.8666140379,0.0,922381.8666140379,0.0,False,liquidate,-0.18414337368971606,8,沪深300;创业板;纳指;黄金;国债ETF;军工ETF;有色ETF;证券ETF,沪深300;创业板;纳指;黄金;国债ETF,军工ETF;有色ETF;证券ETF
2019-07-26,922455.0715240866,0.0,922455.0715240866,0.0,False,liquidate,-0.1840786231638184,8,沪深300;创业板;纳指;黄金;国债ETF;军工ETF;有色ETF;证券ETF,沪深300;创业板;纳指;黄金;国债ETF,军工ETF;有色ETF;证券ETF
2019-07-29,922528.2822440489,0.0,922528.2822440489,0.0,False,liquidate,-0.18401386749899012,8,沪深300;创业板;纳指;黄金;国债ETF;军工ETF;证券ETF;有色ETF,沪深300;创业板;纳指;黄金;国债ETF,军工ETF;证券ETF;有色ETF
2019-07-30,922601.4987743858,0.0,922601.4987743858,0.0,False,liquidate,-0.18394910669482334,8,沪深300;创业板;纳指;黄金;国债ETF;军工ETF;证券ETF;有色ETF,沪深300;创业板;纳指;黄金;国债ETF,军工ETF;证券ETF;有色ETF
2019-07-31,922674.7211155584,0.0,922674.7211155584,0.0,False,liquidate,-0.18388434075091017,8,沪深300;创业板;纳指;黄金;国债ETF;军工ETF;有色ETF;证券ETF,沪深300;创业板;纳指;黄金;国债ETF,军工ETF;有色ETF;证券ETF
2019-08-01,922747.9492680279,0.0,922747.9492680279,0.0,False,liquidate,-0.18381956966684276,8,沪深300;创业板;纳指;黄金;国债ETF;军工ETF;有色ETF;证券ETF,沪深300;创业板;纳指;黄金;国债ETF,军工ETF;有色ETF;证券ETF
2019-08-02,922821.1832322555,0.0,922821.1832322555,0.0,False,liquidate,-0.18375479344221315,8,沪深300;创业板;纳指;黄金;国债ETF;有色ETF;军工ETF;证券ETF,沪深300;创业板;纳指;黄金;国债ETF,有色ETF;军工ETF;证券ETF
2019-08-05,922894.4230087026,0.0,922894.4230087026,0.0,False,liquidate,-0.18369001207661328,8,沪深300;创业板;纳指;黄金;国债ETF;有色ETF;军工ETF;证券ETF,沪深300;创业板;纳指;黄金;国债ETF,有色ETF;军工ETF;证券ETF
2019-08-06,922967.6685978303,0.0,922967.6685978303,0.0,False,liquidate,-0.18362522556963515,7,创业板;纳指;黄金;国债ETF;有色ETF;军工ETF;证券ETF,创业板;纳指;黄金;国债ETF,有色ETF;军工ETF;证券ETF
2019-08-07,923040.9200001,0.0,923040.9200001,0.0,False,liquidate,-0.18356043392087082,7,创业板;纳指;黄金;国债ETF;有色ETF;军工ETF;证券ETF,创业板;纳指;黄金;国债ETF,有色ETF;军工ETF;证券ETF
2019-08-08,923114.1772159731,0.0,923114.1772159731,0.0,False,liquidate,-0.1834956371299121,8,沪深300;创业板;纳指;黄金;国债ETF;有色ETF;军工ETF;证券ETF,沪深300;创业板;纳指;黄金;国债ETF,有色ETF;军工ETF;证券ETF
2019-08-09,923187.440245911,0.0,923187.440245911,0.0,False,liquidate,-0.1834308351963509,8,沪深300;创业板;纳指;黄金;国债ETF;有色ETF;军工ETF;证券ETF,沪深300;创业板;纳指;黄金;国债ETF,有色ETF;军工ETF;证券ETF
2019-08-12,923260.709090375,0.0,923260.709090375,0.0,False,liquidate,-0.18336602811977915,8,沪深300;创业板;纳指;黄金;国债ETF;有色ETF;军工ETF;证券ETF,沪深300;创业板;纳指;黄金;国债ETF,有色ETF;军工ETF;证券ETF
2019-08-13,923333.9837498267,0.0,923333.9837498267,0.0,False,liquidate,-0.1833012158997886,7,创业板;纳指;黄金;国债ETF;有色ETF;军工ETF;证券ETF,创业板;纳指;黄金;国债ETF,有色ETF;军工ETF;证券ETF
2019-08-14,923407.2642247275,0.0,923407.2642247275,0.0,False,liquidate,-0.18323639853597107,7,创业板;纳指;黄金;国债ETF;有色ETF;军工ETF;证券ETF,创业板;纳指;黄金;国债ETF,有色ETF;军工ETF;证券ETF
2019-08-15,923480.550515539,0.0,923480.550515539,0.0,False,liquidate,-0.18317157602791836,7,创业板;纳指;黄金;国债ETF;有色ETF;军工ETF;证券ETF,创业板;纳指;黄金;国债ETF,有色ETF;军工ETF;证券ETF
2019-08-16,923553.8426227228,0.0,923553.8426227228,0.0,False,liquidate,-0.18310674837522212,7,创业板;纳指;黄金;国债ETF;有色ETF;军工ETF;证券ETF,创业板;纳指;黄金;国债ETF,有色ETF;军工ETF;证券ETF
2019-08-19,923627.1405467406,0.0,923627.1405467406,0.0,False,liquidate,-0.18304191557747404,8,沪深300;创业板;纳指;黄金;国债ETF;有色ETF;证券ETF;军工ETF,沪深300;创业板;纳指;黄金;国债ETF,有色ETF;证券ETF;军工ETF
2019-08-20,923700.4442880539,0.0,923700.4442880539,0.0,False,liquidate,-0.18297707763426585,8,沪深300;创业板;纳指;黄金;国债ETF;有色ETF;军工ETF;证券ETF,沪深300;创业板;纳指;黄金;国债ETF,有色ETF;军工ETF;证券ETF
2019-08-21,923773.7538471244,0.0,923773.7538471244,0.0,False,liquidate,-0.18291223454518918,7,创业板;纳指;黄金;国债ETF;有色ETF;军工ETF;证券ETF,创业板;纳指;黄金;国债ETF,有色ETF;军工ETF;证券ETF
2019-08-22,923847.069224414,0.0,923847.069224414,0.0,False,liquidate,-0.18284738630983555,7,创业板;纳指;黄金;国债ETF;军工ETF;有色ETF;证券ETF,创业板;纳指;黄金;国债ETF,军工ETF;有色ETF;证券ETF
2019-08-23,923920.3904203842,0.0,923920.3904203842,0.0,False,liquidate,-0.18278253292779656,7,创业板;纳指;黄金;国债ETF;军工ETF;有色ETF;证券ETF,创业板;纳指;黄金;国债ETF,军工ETF;有色ETF;证券ETF
2019-08-26,923993.717435497,0.0,923993.717435497,0.0,False,liquidate,-0.18271767439866385,7,创业板;纳指;黄金;国债ETF;军工ETF;有色ETF;证券ETF,创业板;纳指;黄金;国债ETF,军工ETF;有色ETF;证券ETF
2019-08-27,924067.0502702141,0.0,924067.0502702141,0.0,False,liquidate,-0.1826528107220288,7,创业板;纳指;黄金;国债ETF;军工ETF;有色ETF;证券ETF,创业板;纳指;黄金;国债ETF,军工ETF;有色ETF;证券ETF
2019-08-28,924140.3889249975,0.0,924140.3889249975,0.0,False,liquidate,-0.18258794189748284,7,创业板;纳指;黄金;国债ETF;军工ETF;有色ETF;证券ETF,创业板;纳指;黄金;国债ETF,军工ETF;有色ETF;证券ETF
2019-08-29,924213.7334003091,0.0,924213.7334003091,0.0,False,liquidate,-0.1825230679246175,6,创业板;黄金;国债ETF;军工ETF;有色ETF;证券ETF,创业板;黄金;国债ETF,军工ETF;有色ETF;证券ETF
2019-08-30,924287.0836966108,0.0,924287.0836966108,0.0,False,liquidate,-0.1824581888030242,8,沪深300;创业板;纳指;黄金;国债ETF;军工ETF;证券ETF;有色ETF,沪深300;创业板;纳指;黄金;国债ETF,军工ETF;证券ETF;有色ETF
2019-09-02,924360.4398143645,0.0,924360.4398143645,0.0,False,liquidate,-0.1823933045322942,8,沪深300;创业板;纳指;黄金;国债ETF;军工ETF;有色ETF;证券ETF,沪深300;创业板;纳指;黄金;国债ETF,军工ETF;有色ETF;证券ETF
2019-09-03,924433.8017540324,0.0,924433.8017540324,0.0,False,liquidate,-0.18232841511201894,8,沪深300;创业板;纳指;黄金;国债ETF;军工ETF;证券ETF;有色ETF,沪深300;创业板;纳指;黄金;国债ETF,军工ETF;证券ETF;有色ETF
2019-09-04,924507.1695160763,0.0,924507.1695160763,0.0,False,liquidate,-0.18226352054178976,8,沪深300;创业板;纳指;黄金;国债ETF;军工ETF;证券ETF;有色ETF,沪深300;创业板;纳指;黄金;国债ETF,军工ETF;证券ETF;有色ETF
2019-09-05,924580.5431009586,0.0,924580.5431009586,0.0,False,liquidate,-0.18219862082119784,8,沪深300;创业板;纳指;黄金;国债ETF;军工ETF;证券ETF;有色ETF,沪深300;创业板;纳指;黄金;国债ETF,军工ETF;证券ETF;有色ETF
2019-09-06,924653.9225091413,0.0,924653.9225091413,0.0,False,liquidate,-0.18213371594983438,8,沪深300;创业板;纳指;黄金;国债ETF;军工ETF;证券ETF;有色ETF,沪深300;创业板;纳指;黄金;国债ETF,军工ETF;证券ETF;有色ETF
2019-09-09,924727.3077410865,0.0,924727.3077410865,0.0,False,liquidate,-0.1820688059272907,8,沪深300;创业板;纳指;黄金;国债ETF;军工ETF;证券ETF;有色ETF,沪深300;创业板;纳指;黄金;国债ETF,军工ETF;证券ETF;有色ETF
2019-09-10,924800.6987972565,0.0,924800.6987972565,0.0,False,liquidate,-0.18200389075315787,8,沪深300;创业板;纳指;黄金;国债ETF;军工ETF;证券ETF;有色ETF,沪深300;创业板;纳指;黄金;国债ETF,军工ETF;证券ETF;有色ETF
2019-09-11,924874.0956781134,0.0,924874.0956781134,0.0,False,liquidate,-0.18193897042702714,8,沪深300;创业板;纳指;黄金;国债ETF;军工ETF;证券ETF;有色ETF,沪深300;创业板;纳指;黄金;国债ETF,军工ETF;证券ETF;有色ETF
2019-09-12,924947.4983841196,0.0,924947.4983841196,0.0,False,liquidate,-0.1818740449484896,8,沪深300;创业板;纳指;黄金;国债ETF;军工ETF;证券ETF;有色ETF,沪深300;创业板;纳指;黄金;国债ETF,军工ETF;证券ETF;有色ETF
2019-09-16,925020.9069157374,0.0,925020.9069157374,0.0,False,liquidate,-0.18180911431713628,8,沪深300;创业板;纳指;黄金;国债ETF;军工ETF;证券ETF;有色ETF,沪深300;创业板;纳指;黄金;国债ETF,军工ETF;证券ETF;有色ETF
2019-09-17,925094.3212734292,0.0,925094.3212734292,0.0,False,liquidate,-0.18174417853255823,8,沪深300;创业板;纳指;黄金;国债ETF;军工ETF;证券ETF;有色ETF,沪深300;创业板;纳指;黄金;国债ETF,军工ETF;证券ETF;有色ETF
2019-09-18,925167.7414576573,0.0,925167.7414576573,0.0,False,liquidate,-0.18167923759434648,8,沪深300;创业板;纳指;黄金;国债ETF;军工ETF;证券ETF;有色ETF,沪深300;创业板;纳指;黄金;国债ETF,军工ETF;证券ETF;有色ETF
2019-09-19,925241.1674688841,0.0,925241.1674688841,0.0,False,liquidate,-0.18161429150209202,8,沪深300;创业板;纳指;黄金;国债ETF;军工ETF;证券ETF;有色ETF,沪深300;创业板;纳指;黄金;国债ETF,军工ETF;证券ETF;有色ETF
2019-09-20,925314.5993075722,0.0,925314.5993075722,0.0,False,liquidate,-0.18154934025538577,8,沪深300;创业板;纳指;黄金;国债ETF;军工ETF;证券ETF;有色ETF,沪深300;创业板;纳指;黄金;国债ETF,军工ETF;证券ETF;有色ETF
2019-09-23,925388.036974184,0.0,925388.036974184,0.0,False,liquidate,-0.1814843838538187,8,沪深300;创业板;纳指;黄金;国债ETF;军工ETF;证券ETF;有色ETF,沪深300;创业板;纳指;黄金;国债ETF,军工ETF;证券ETF;有色ETF
2019-09-24,925461.480469182,0.0,925461.480469182,0.0,False,liquidate,-0.18141942229698163,8,沪深300;创业板;纳指;黄金;国债ETF;军工ETF;证券ETF;有色ETF,沪深300;创业板;纳指;黄金;国债ETF,军工ETF;证券ETF;有色ETF
2019-09-25,925534.9297930289,0.0,925534.9297930289,0.0,False,liquidate,-0.18135445558446545,7,沪深300;创业板;黄金;国债ETF;军工ETF;证券ETF;有色ETF,沪深300;创业板;黄金;国债ETF,军工ETF;证券ETF;有色ETF
2019-09-26,925608.384946187,0.0,925608.384946187,0.0,False,liquidate,-0.18128948371586104,8,沪深300;创业板;纳指;黄金;国债ETF;有色ETF;证券ETF;军工ETF,沪深300;创业板;纳指;黄金;国债ETF,有色ETF;证券ETF;军工ETF
2019-09-27,925681.8459291193,0.0,925681.8459291193,0.0,False,liquidate,-0.18122450669075912,8,沪深300;创业板;纳指;黄金;国债ETF;证券ETF;军工ETF;有色ETF,沪深300;创业板;纳指;黄金;国债ETF,证券ETF;军工ETF;有色ETF
2019-09-30,925755.3127422883,0.0,925755.3127422883,0.0,False,liquidate,-0.1811595245087504,8,沪深300;创业板;纳指;黄金;国债ETF;有色ETF;军工ETF;证券ETF,沪深300;创业板;纳指;黄金;国债ETF,有色ETF;军工ETF;证券ETF
2019-10-08,925828.7853861569,0.0,925828.7853861569,0.0,False,liquidate,-0.18109453716942558,7,沪深300;创业板;纳指;黄金;有色ETF;证券ETF;军工ETF,沪深300;创业板;纳指;黄金,有色ETF;证券ETF;军工ETF
2019-10-09,925902.2638611876,0.0,925902.2638611876,0.0,False,liquidate,-0.18102954467237545,8,沪深300;创业板;纳指;黄金;国债ETF;有色ETF;证券ETF;军工ETF,沪深300;创业板;纳指;黄金;国债ETF,有色ETF;证券ETF;军工ETF
2019-10-10,925975.7481678433,0.0,925975.7481678433,0.0,False,liquidate,-0.18096454701719067,8,沪深300;创业板;纳指;黄金;国债ETF;有色ETF;军工ETF;证券ETF,沪深300;创业板;纳指;黄金;国债ETF,有色ETF;军工ETF;证券ETF
2019-10-11,926049.2383065869,0.0,926049.2383065869,0.0,False,liquidate,-0.18089954420346183,7,沪深300;创业板;纳指;黄金;有色ETF;军工ETF;证券ETF,沪深300;创业板;纳指;黄金,有色ETF;军工ETF;证券ETF
2019-10-14,926122.7342778811,0.0,926122.7342778811,0.0,False,liquidate,-0.1808345362307795,6,沪深300;创业板;纳指;有色ETF;证券ETF;军工ETF,沪深300;创业板;纳指,有色ETF;证券ETF;军工ETF
2019-10-15,926196.2360821889,0.0,926196.2360821889,0.0,False,liquidate,-0.1807695230987343,6,沪深300;创业板;纳指;有色ETF;证券ETF;军工ETF,沪深300;创业板;纳指,有色ETF;证券ETF;军工ETF
2019-10-16,926269.7437199733,0.0,926269.7437199733,0.0,False,liquidate,-0.1807045048069167,6,沪深300;创业板;纳指;有色ETF;证券ETF;军工ETF,沪深300;创业板;纳指,有色ETF;证券ETF;军工ETF
2019-10-17,926343.2571916971,0.0,926343.2571916971,0.0,False,liquidate,-0.18063948135491717,6,沪深300;创业板;纳指;有色ETF;军工ETF;证券ETF,沪深300;创业板;纳指,有色ETF;军工ETF;证券ETF
2019-10-18,926416.7764978235,0.0,926416.7764978235,0.0,False,liquidate,-0.18057445274232622,6,沪深300;创业板;纳指;证券ETF;军工ETF;有色ETF,沪深300;创业板;纳指,证券ETF;军工ETF;有色ETF
2019-10-21,926490.3016388154,0.0,926490.3016388154,0.0,False,liquidate,-0.18050941896873435,6,沪深300;创业板;纳指;证券ETF;军工ETF;有色ETF,沪深300;创业板;纳指,证券ETF;军工ETF;有色ETF
2019-10-22,926563.832615136,0.0,926563.832615136,0.0,False,liquidate,-0.1804443800337318,6,沪深300;创业板;纳指;军工ETF;证券ETF;有色ETF,沪深300;创业板;纳指,军工ETF;证券ETF;有色ETF
2019-10-23,926637.3694272484,0.0,926637.3694272484,0.0,False,liquidate,-0.18037933593690908,6,沪深300;创业板;纳指;有色ETF;证券ETF;军工ETF,沪深300;创业板;纳指,有色ETF;证券ETF;军工ETF
2019-10-24,926710.9120756156,0.0,926710.9120756156,0.0,False,liquidate,-0.18031428667785646,6,沪深300;创业板;纳指;军工ETF;证券ETF;有色ETF,沪深300;创业板;纳指,军工ETF;证券ETF;有色ETF
2019-10-25,926784.460560701,0.0,926784.460560701,0.0,False,liquidate,-0.1802492322561642,7,沪深300;创业板;纳指;国债ETF;证券ETF;有色ETF;军工ETF,沪深300;创业板;纳指;国债ETF,证券ETF;有色ETF;军工ETF
2019-10-28,926858.0148829677,0.0,926858.0148829677,0.0,False,liquidate,-0.18018417267142264,6,沪深300;创业板;纳指;证券ETF;有色ETF;军工ETF,沪深300;创业板;纳指,证券ETF;有色ETF;军工ETF
2019-10-29,926931.5750428791,0.0,926931.5750428791,0.0,False,liquidate,-0.18011910792322192,7,沪深300;创业板;纳指;酒ETF;证券ETF;军工ETF;有色ETF,沪深300;创业板;纳指,酒ETF;证券ETF;军工ETF;有色ETF
2019-10-30,927005.1410408984,0.0,927005.1410408984,0.0,False,liquidate,-0.1800540380111523,7,沪深300;创业板;纳指;酒ETF;军工ETF;证券ETF;有色ETF,沪深300;创业板;纳指,酒ETF;军工ETF;证券ETF;有色ETF
2019-10-31,927078.7128774889,594235.3309022874,332843.38197520154,0.5,False,halve,-0.17998896293480401,7,沪深300;创业板;纳指;酒ETF;证券ETF;军工ETF;有色ETF,沪深300;创业板;纳指,酒ETF;证券ETF;军工ETF;有色ETF
2019-11-01,934303.3666680679,584449.5886328914,349853.77803517645,0.5,False,halve,-0.17359867938610546,7,沪深300;创业板;纳指;酒ETF;证券ETF;军工ETF;有色ETF,沪深300;创业板;纳指,酒ETF;证券ETF;军工ETF;有色ETF
2019-11-04,935961.0515425571,601540.0291023932,334421.0224401639,0.5,False,halve,-0.1721324393849322,7,沪深300;创业板;纳指;酒ETF;证券ETF;军工ETF;有色ETF,沪深300;创业板;纳指,酒ETF;证券ETF;军工ETF;有色ETF
2019-11-05,939956.7266988738,613224.0060305772,326732.72066829656,0.5,False,halve,-0.16859822197362176,8,沪深300;创业板;纳指;国债ETF;酒ETF;证券ETF;军工ETF;有色ETF,沪深300;创业板;纳指;国债ETF,酒ETF;证券ETF;军工ETF;有色ETF
2019-11-06,939222.1107953463,631772.2973236179,307449.81347172847,0.5,False,halve,-0.1692479975973403,8,沪深300;创业板;纳指;国债ETF;酒ETF;证券ETF;军工ETF;有色ETF,沪深300;创业板;纳指;国债ETF,酒ETF;证券ETF;军工ETF;有色ETF
2019-11-07,939785.9104558635,651751.1367927911,288034.7736630724,0.5,False,halve,-0.16874931076752117,7,沪深300;创业板;纳指;酒ETF;证券ETF;军工ETF;有色ETF,沪深300;创业板;纳指,酒ETF;证券ETF;军工ETF;有色ETF
2019-11-08,936036.4086848991,662005.0909554043,274031.31772949477,0.5,False,halve,-0.17206578518655205,7,沪深300;创业板;纳指;酒ETF;证券ETF;军工ETF;有色ETF,沪深300;创业板;纳指,酒ETF;证券ETF;军工ETF;有色ETF
2019-11-11,923562.4087971696,0.0,923562.4087971696,0.0,False,liquidate,-0.1830991715023049,5,纳指;酒ETF;证券ETF;军工ETF;有色ETF,纳指,酒ETF;证券ETF;军工ETF;有色ETF
2019-11-12,923635.7074010425,0.0,923635.7074010425,0.0,False,liquidate,-0.18303433810321768,5,纳指;酒ETF;证券ETF;军工ETF;有色ETF,纳指,酒ETF;证券ETF;军工ETF;有色ETF
2019-11-13,923709.0118222648,0.0,923709.0118222648,0.0,False,liquidate,-0.1829694995586227,5,纳指;酒ETF;证券ETF;军工ETF;有色ETF,纳指,酒ETF;证券ETF;军工ETF;有色ETF
2019-11-14,923782.3220612983,0.0,923782.3220612983,0.0,False,liquidate,-0.18290465586811144,6,纳指;国债ETF;酒ETF;证券ETF;军工ETF;有色ETF,纳指;国债ETF,酒ETF;证券ETF;军工ETF;有色ETF
2019-11-15,923855.6381186048,0.0,923855.6381186048,0.0,False,liquidate,-0.18283980703127556,6,纳指;国债ETF;酒ETF;证券ETF;军工ETF;有色ETF,纳指;国债ETF,酒ETF;证券ETF;军工ETF;有色ETF
2019-11-18,923928.959994646,0.0,923928.959994646,0.0,False,liquidate,-0.18277495304770655,8,沪深300;创业板;纳指;国债ETF;酒ETF;证券ETF;军工ETF;有色ETF,沪深300;创业板;纳指;国债ETF,酒ETF;证券ETF;军工ETF;有色ETF
2019-11-19,924002.2876898837,0.0,924002.2876898837,0.0,False,liquidate,-0.18271009391699602,8,沪深300;创业板;纳指;国债ETF;酒ETF;证券ETF;军工ETF;有色ETF,沪深300;创业板;纳指;国债ETF,酒ETF;证券ETF;军工ETF;有色ETF
2019-11-20,924075.6212047798,0.0,924075.6212047798,0.0,False,liquidate,-0.1826452296387354,7,创业板;纳指;国债ETF;酒ETF;有色ETF;证券ETF;军工ETF,创业板;纳指;国债ETF,酒ETF;有色ETF;证券ETF;军工ETF
2019-11-21,924148.9605397962,0.0,924148.9605397962,0.0,False,liquidate,-0.18258036021251617,7,创业板;纳指;国债ETF;酒ETF;有色ETF;军工ETF;证券ETF,创业板;纳指;国债ETF,酒ETF;有色ETF;军工ETF;证券ETF
2019-11-22,924222.3056953946,0.0,924222.3056953946,0.0,False,liquidate,-0.1825154856379298,6,纳指;国债ETF;酒ETF;有色ETF;证券ETF;军工ETF,纳指;国债ETF,酒ETF;有色ETF;证券ETF;军工ETF
2019-11-25,924295.6566720372,0.0,924295.6566720372,0.0,False,liquidate,-0.18245060591456766,6,纳指;国债ETF;酒ETF;有色ETF;证券ETF;军工ETF,纳指;国债ETF,酒ETF;有色ETF;证券ETF;军工ETF
2019-11-26,924369.0134701858,0.0,924369.0134701858,0.0,False,liquidate,-0.18238572104202116,7,沪深300;纳指;国债ETF;酒ETF;有色ETF;证券ETF;军工ETF,沪深300;纳指;国债ETF,酒ETF;有色ETF;证券ETF;军工ETF
2019-11-27,924442.3760903025,0.0,924442.3760903025,0.0,False,liquidate,-0.18232083101988164,8,沪深300;创业板;纳指;国债ETF;酒ETF;有色ETF;证券ETF;军工ETF,沪深300;创业板;纳指;国债ETF,酒ETF;有色ETF;证券ETF;军工ETF
2019-11-28,924515.7445328494,0.0,924515.7445328494,0.0,False,liquidate,-0.1822559358477403,8,沪深300;创业板;纳指;国债ETF;酒ETF;有色ETF;证券ETF;军工ETF,沪深300;创业板;纳指;国债ETF,酒ETF;有色ETF;证券ETF;军工ETF
2019-11-29,924589.1187982885,0.0,924589.1187982885,0.0,False,liquidate,-0.18219103552518853,8,沪深300;创业板;纳指;国债ETF;酒ETF;有色ETF;证券ETF;军工ETF,沪深300;创业板;纳指;国债ETF,酒ETF;有色ETF;证券ETF;军工ETF
2019-12-02,924662.4988870821,0.0,924662.4988870821,0.0,False,liquidate,-0.18212613005181746,8,沪深300;创业板;纳指;国债ETF;酒ETF;有色ETF;证券ETF;军工ETF,沪深300;创业板;纳指;国债ETF,酒ETF;有色ETF;证券ETF;军工ETF
2019-12-03,924735.8847996922,0.0,924735.8847996922,0.0,False,liquidate,-0.1820612194272184,8,沪深300;创业板;纳指;国债ETF;酒ETF;有色ETF;证券ETF;军工ETF,沪深300;创业板;纳指;国债ETF,酒ETF;有色ETF;证券ETF;军工ETF
2019-12-04,924809.2765365811,0.0,924809.2765365811,0.0,False,liquidate,-0.18199630365098243,8,创业板;纳指;国债ETF;半导体ETF;有色ETF;酒ETF;证券ETF;军工ETF,创业板;纳指;国债ETF,半导体ETF;有色ETF;酒ETF;证券ETF;军工ETF
2019-12-05,924882.674098211,0.0,924882.674098211,0.0,False,liquidate,-0.18193138272270076,8,创业板;纳指;国债ETF;半导体ETF;有色ETF;酒ETF;证券ETF;军工ETF,创业板;纳指;国债ETF,半导体ETF;有色ETF;酒ETF;证券ETF;军工ETF
2019-12-06,924956.0774850443,0.0,924956.0774850443,0.0,False,liquidate,-0.1818664566419644,8,创业板;纳指;国债ETF;半导体ETF;酒ETF;有色ETF;证券ETF;军工ETF,创业板;纳指;国债ETF,半导体ETF;酒ETF;有色ETF;证券ETF;军工ETF
2019-12-09,925029.4866975431,0.0,925029.4866975431,0.0,False,liquidate,-0.18180152540836456,8,创业板;纳指;国债ETF;半导体ETF;酒ETF;有色ETF;证券ETF;军工ETF,创业板;纳指;国债ETF,半导体ETF;酒ETF;有色ETF;证券ETF;军工ETF
2019-12-10,925102.9017361699,0.0,925102.9017361699,0.0,False,liquidate,-0.18173658902149212,8,创业板;纳指;国债ETF;半导体ETF;有色ETF;酒ETF;证券ETF;军工ETF,创业板;纳指;国债ETF,半导体ETF;有色ETF;酒ETF;证券ETF;军工ETF
2019-12-11,925176.3226013872,0.0,925176.3226013872,0.0,False,liquidate,-0.18167164748093823,8,创业板;纳指;国债ETF;半导体ETF;有色ETF;酒ETF;证券ETF;军工ETF,创业板;纳指;国债ETF,半导体ETF;有色ETF;酒ETF;证券ETF;军工ETF
2019-12-12,925249.7492936571,0.0,925249.7492936571,0.0,False,liquidate,-0.18160670078629382,8,创业板;纳指;国债ETF;半导体ETF;有色ETF;酒ETF;军工ETF;证券ETF,创业板;纳指;国债ETF,半导体ETF;有色ETF;酒ETF;军工ETF;证券ETF
2019-12-13,925323.1818134424,0.0,925323.1818134424,0.0,False,liquidate,-0.18154174893714986,9,沪深300;创业板;纳指;国债ETF;半导体ETF;有色ETF;酒ETF;证券ETF;军工ETF,沪深300;创业板;纳指;国债ETF,半导体ETF;有色ETF;酒ETF;证券ETF;军工ETF
2019-12-16,925396.6201612054,0.0,925396.6201612054,0.0,False,liquidate,-0.18147679193309718,9,沪深300;创业板;纳指;国债ETF;半导体ETF;有色ETF;证券ETF;酒ETF;军工ETF,沪深300;创业板;纳指;国债ETF,半导体ETF;有色ETF;证券ETF;酒ETF;军工ETF
2019-12-17,925470.0643374088,0.0,925470.0643374088,0.0,False,liquidate,-0.18141182977372675,9,沪深300;创业板;纳指;国债ETF;半导体ETF;证券ETF;有色ETF;军工ETF;酒ETF,沪深300;创业板;纳指;国债ETF,半导体ETF;证券ETF;有色ETF;军工ETF;酒ETF
2019-12-18,925543.5143425149,0.0,925543.5143425149,0.0,False,liquidate,-0.1813468624586294,9,沪深300;创业板;纳指;国债ETF;半导体ETF;证券ETF;有色ETF;酒ETF;军工ETF,沪深300;创业板;纳指;国债ETF,半导体ETF;证券ETF;有色ETF;酒ETF;军工ETF
2019-12-19,925616.9701769865,0.0,925616.9701769865,0.0,False,liquidate,-0.18128188998739597,9,沪深300;创业板;纳指;国债ETF;半导体ETF;证券ETF;有色ETF;酒ETF;军工ETF,沪深300;创业板;纳指;国债ETF,半导体ETF;证券ETF;有色ETF;酒ETF;军工ETF
2019-12-20,925690.4318412864,0.0,925690.4318412864,0.0,False,liquidate,-0.18121691235961712,9,沪深300;创业板;纳指;国债ETF;半导体ETF;证券ETF;有色ETF;酒ETF;军工ETF,沪深300;创业板;纳指;国债ETF,半导体ETF;证券ETF;有色ETF;酒ETF;军工ETF
2019-12-23,925763.899335877,0.0,925763.899335877,0.0,False,liquidate,-0.18115192957488369,8,创业板;纳指;国债ETF;半导体ETF;证券ETF;有色ETF;酒ETF;军工ETF,创业板;纳指;国债ETF,半导体ETF;证券ETF;有色ETF;酒ETF;军工ETF
2019-12-24,925837.3726612212,0.0,925837.3726612212,0.0,False,liquidate,-0.1810869416327864,9,沪深300;创业板;纳指;国债ETF;半导体ETF;有色ETF;证券ETF;酒ETF;军工ETF,沪深300;创业板;纳指;国债ETF,半导体ETF;有色ETF;证券ETF;酒ETF;军工ETF
2019-12-25,925910.8518177817,0.0,925910.8518177817,0.0,False,liquidate,-0.18102194853291592,9,沪深300;创业板;纳指;国债ETF;半导体ETF;有色ETF;证券ETF;军工ETF;酒ETF,沪深300;创业板;纳指;国债ETF,半导体ETF;有色ETF;证券ETF;军工ETF;酒ETF
2019-12-26,925984.3368060213,0.0,925984.3368060213,0.0,False,liquidate,-0.18095695027486292,8,创业板;纳指;国债ETF;半导体ETF;有色ETF;证券ETF;军工ETF;酒ETF,创业板;纳指;国债ETF,半导体ETF;有色ETF;证券ETF;军工ETF;酒ETF
2019-12-27,926057.8276264027,0.0,926057.8276264027,0.0,False,liquidate,-0.18089194685821805,8,创业板;纳指;国债ETF;半导体ETF;有色ETF;证券ETF;酒ETF;军工ETF,创业板;纳指;国债ETF,半导体ETF;有色ETF;证券ETF;酒ETF;军工ETF
2019-12-30,926131.324279389,0.0,926131.324279389,0.0,False,liquidate,-0.18082693828257185,9,沪深300;创业板;纳指;国债ETF;半导体ETF;有色ETF;证券ETF;酒ETF;军工ETF,沪深300;创业板;纳指;国债ETF,半导体ETF;有色ETF;证券ETF;酒ETF;军工ETF
2019-12-31,926204.826765443,0.0,926204.826765443,0.0,False,liquidate,-0.18076192454751486,10,沪深300;创业板;纳指;黄金;国债ETF;证券ETF;半导体ETF;有色ETF;酒ETF;军工ETF,沪深300;创业板;纳指;黄金;国债ETF,证券ETF;半导体ETF;有色ETF;酒ETF;军工ETF
2020-01-02,926278.3350850276,0.0,926278.3350850276,0.0,False,liquidate,-0.18069690565263757,10,沪深300;创业板;纳指;黄金;国债ETF;半导体ETF;有色ETF;证券ETF;酒ETF;军工ETF,沪深300;创业板;纳指;黄金;国债ETF,半导体ETF;有色ETF;证券ETF;酒ETF;军工ETF
2020-01-03,926351.8492386058,0.0,926351.8492386058,0.0,False,liquidate,-0.18063188159753063,10,沪深300;创业板;纳指;黄金;国债ETF;有色ETF;半导体ETF;证券ETF;军工ETF;酒ETF,沪深300;创业板;纳指;黄金;国债ETF,有色ETF;半导体ETF;证券ETF;军工ETF;酒ETF
2020-01-06,926425.3692266407,0.0,926425.3692266407,0.0,False,liquidate,-0.18056685238178435,10,沪深300;创业板;纳指;黄金;国债ETF;有色ETF;半导体ETF;证券ETF;军工ETF;酒ETF,沪深300;创业板;纳指;黄金;国债ETF,有色ETF;半导体ETF;证券ETF;军工ETF;酒ETF
2020-01-07,926498.8950495952,0.0,926498.8950495952,0.0,False,liquidate,-0.18050181800498927,10,沪深300;创业板;纳指;黄金;国债ETF;有色ETF;半导体ETF;证券ETF;军工ETF;酒ETF,沪深300;创业板;纳指;黄金;国债ETF,有色ETF;半导体ETF;证券ETF;军工ETF;酒ETF
2020-01-08,926572.4267079325,0.0,926572.4267079325,0.0,False,liquidate,-0.18043677846673564,10,沪深300;创业板;纳指;黄金;国债ETF;有色ETF;半导体ETF;证券ETF;军工ETF;酒ETF,沪深300;创业板;纳指;黄金;国债ETF,有色ETF;半导体ETF;证券ETF;军工ETF;酒ETF
2020-01-09,926645.9642021157,0.0,926645.9642021157,0.0,False,liquidate,-0.18037173376661397,10,沪深300;创业板;纳指;黄金;国债ETF;有色ETF;半导体ETF;证券ETF;军工ETF;酒ETF,沪深300;创业板;纳指;黄金;国债ETF,有色ETF;半导体ETF;证券ETF;军工ETF;酒ETF
2020-01-10,926719.5075326079,0.0,926719.5075326079,0.0,False,liquidate,-0.1803066839042145,10,沪深300;创业板;纳指;黄金;国债ETF;有色ETF;半导体ETF;证券ETF;酒ETF;军工ETF,沪深300;创业板;纳指;黄金;国债ETF,有色ETF;半导体ETF;证券ETF;酒ETF;军工ETF
2020-01-13,926793.0566998724,0.0,926793.0566998724,0.0,False,liquidate,-0.18024162887912754,10,沪深300;创业板;纳指;黄金;国债ETF;半导体ETF;有色ETF;证券ETF;酒ETF;军工ETF,沪深300;创业板;纳指;黄金;国债ETF,半导体ETF;有色ETF;证券ETF;酒ETF;军工ETF
2020-01-14,926866.6117043725,0.0,926866.6117043725,0.0,False,liquidate,-0.18017656869094326,10,沪深300;创业板;纳指;黄金;国债ETF;有色ETF;半导体ETF;酒ETF;证券ETF;军工ETF,沪深300;创业板;纳指;黄金;国债ETF,有色ETF;半导体ETF;酒ETF;证券ETF;军工ETF
2020-01-15,926940.1725465712,0.0,926940.1725465712,0.0,False,liquidate,-0.18011150333925205,10,沪深300;创业板;纳指;黄金;国债ETF;半导体ETF;有色ETF;酒ETF;证券ETF;军工ETF,沪深300;创业板;纳指;黄金;国债ETF,半导体ETF;有色ETF;酒ETF;证券ETF;军工ETF
2020-01-16,927013.7392269322,0.0,927013.7392269322,0.0,False,liquidate,-0.18004643282364396,10,沪深300;创业板;纳指;黄金;国债ETF;半导体ETF;有色ETF;酒ETF;证券ETF;军工ETF,沪深300;创业板;纳指;黄金;国债ETF,半导体ETF;有色ETF;酒ETF;证券ETF;军工ETF
2020-01-17,927087.3117459185,626863.4967703423,300223.8149755761,0.5,False,halve,-0.1799813571437093,10,沪深300;创业板;纳指;黄金;国债ETF;半导体ETF;有色ETF;酒ETF;军工ETF;证券ETF,沪深300;创业板;纳指;黄金;国债ETF,半导体ETF;有色ETF;酒ETF;军工ETF;证券ETF
2020-01-20,939200.3353948543,606873.7121086237,332326.6232862306,0.5,False,halve,-0.16926725817197322,10,沪深300;创业板;纳指;黄金;国债ETF;半导体ETF;有色ETF;酒ETF;证券ETF;军工ETF,沪深300;创业板;纳指;黄金;国债ETF,半导体ETF;有色ETF;酒ETF;证券ETF;军工ETF
2020-01-21,929515.6076372731,550363.2663285984,379152.3413086748,0.5,False,halve,-0.17783350345608606,10,沪深300;创业板;纳指;黄金;国债ETF;半导体ETF;有色ETF;军工ETF;证券ETF;酒ETF,沪深300;创业板;纳指;黄金;国债ETF,半导体ETF;有色ETF;军工ETF;证券ETF;酒ETF
2020-01-22,938415.4723185177,550318.0338416084,388097.4384769093,0.5,False,halve,-0.16996147795745756,10,沪深300;创业板;纳指;黄金;国债ETF;半导体ETF;有色ETF;军工ETF;证券ETF;酒ETF,沪深300;创业板;纳指;黄金;国债ETF,半导体ETF;有色ETF;军工ETF;证券ETF;酒ETF
2020-01-23,924378.148919927,0.0,924378.148919927,0.0,False,liquidate,-0.18237764063901737,10,沪深300;创业板;纳指;黄金;国债ETF;半导体ETF;有色ETF;军工ETF;酒ETF;证券ETF,沪深300;创业板;纳指;黄金;国债ETF,半导体ETF;有色ETF;军工ETF;酒ETF;证券ETF
2020-02-03,924451.5122650794,0.0,924451.5122650794,0.0,False,liquidate,-0.18231274997557595,9,创业板;纳指;黄金;国债ETF;半导体ETF;有色ETF;军工ETF;证券ETF;酒ETF,创业板;纳指;黄金;国债ETF,半导体ETF;有色ETF;军工ETF;证券ETF;酒ETF
2020-02-04,924524.8814327195,0.0,924524.8814327195,0.0,False,liquidate,-0.18224785416208192,9,创业板;纳指;黄金;国债ETF;半导体ETF;有色ETF;军工ETF;酒ETF;证券ETF,创业板;纳指;黄金;国债ETF,半导体ETF;有色ETF;军工ETF;酒ETF;证券ETF
2020-02-05,924598.2564233094,0.0,924598.2564233094,0.0,False,liquidate,-0.18218295319812652,9,创业板;纳指;黄金;国债ETF;半导体ETF;有色ETF;军工ETF;证券ETF;酒ETF,创业板;纳指;黄金;国债ETF,半导体ETF;有色ETF;军工ETF;证券ETF;酒ETF
2020-02-06,924671.6372373113,0.0,924671.6372373113,0.0,False,liquidate,-0.18211804708330093,9,创业板;纳指;黄金;国债ETF;半导体ETF;军工ETF;有色ETF;证券ETF;酒ETF,创业板;纳指;黄金;国债ETF,半导体ETF;军工ETF;有色ETF;证券ETF;酒ETF
2020-02-07,924745.0238751874,0.0,924745.0238751874,0.0,False,liquidate,-0.18205313581719637,9,创业板;纳指;黄金;国债ETF;半导体ETF;军工ETF;有色ETF;酒ETF;证券ETF,创业板;纳指;黄金;国债ETF,半导体ETF;军工ETF;有色ETF;酒ETF;证券ETF
2020-02-10,924818.4163373997,0.0,924818.4163373997,0.0,False,liquidate,-0.18198821939940404,9,创业板;纳指;黄金;国债ETF;半导体ETF;军工ETF;有色ETF;证券ETF;酒ETF,创业板;纳指;黄金;国债ETF,半导体ETF;军工ETF;有色ETF;证券ETF;酒ETF
2020-02-11,924891.8146244107,0.0,924891.8146244107,0.0,False,liquidate,-0.18192329782951505,9,创业板;纳指;黄金;国债ETF;半导体ETF;军工ETF;有色ETF;酒ETF;证券ETF,创业板;纳指;黄金;国债ETF,半导体ETF;军工ETF;有色ETF;酒ETF;证券ETF
2020-02-12,924965.2187366826,0.0,924965.2187366826,0.0,False,liquidate,-0.18185837110712053,10,沪深300;创业板;纳指;黄金;国债ETF;半导体ETF;有色ETF;军工ETF;证券ETF;酒ETF,沪深300;创业板;纳指;黄金;国债ETF,半导体ETF;有色ETF;军工ETF;证券ETF;酒ETF
2020-02-13,925038.6286746776,0.0,925038.6286746776,0.0,False,liquidate,-0.18179343923181152,10,沪深300;创业板;纳指;黄金;国债ETF;半导体ETF;有色ETF;军工ETF;证券ETF;酒ETF,沪深300;创业板;纳指;黄金;国债ETF,半导体ETF;有色ETF;军工ETF;证券ETF;酒ETF
2020-02-14,925112.0444388582,0.0,925112.0444388582,0.0,False,liquidate,-0.18172850220317907,10,沪深300;创业板;纳指;黄金;国债ETF;半导体ETF;有色ETF;军工ETF;证券ETF;酒ETF,沪深300;创业板;纳指;黄金;国债ETF,半导体ETF;有色ETF;军工ETF;证券ETF;酒ETF
2020-02-17,925185.4660296867,0.0,925185.4660296867,0.0,False,liquidate,-0.18166356002081416,10,沪深300;创业板;纳指;黄金;国债ETF;半导体ETF;有色ETF;军工ETF;证券ETF;酒ETF,沪深300;创业板;纳指;黄金;国债ETF,半导体ETF;有色ETF;军工ETF;证券ETF;酒ETF
2020-02-18,925258.8934476257,0.0,925258.8934476257,0.0,False,liquidate,-0.1815986126843078,10,沪深300;创业板;纳指;黄金;国债ETF;半导体ETF;军工ETF;有色ETF;证券ETF;酒ETF,沪深300;创业板;纳指;黄金;国债ETF,半导体ETF;军工ETF;有色ETF;证券ETF;酒ETF
2020-02-19,925332.3266931374,0.0,925332.3266931374,0.0,False,liquidate,-0.18153366019325098,9,创业板;纳指;黄金;国债ETF;半导体ETF;军工ETF;有色ETF;证券ETF;酒ETF,创业板;纳指;黄金;国债ETF,半导体ETF;军工ETF;有色ETF;证券ETF;酒ETF
2020-02-20,925405.7657666845,0.0,925405.7657666845,0.0,False,liquidate,-0.18146870254723452,10,沪深300;创业板;纳指;黄金;国债ETF;半导体ETF;军工ETF;有色ETF;证券ETF;酒ETF,沪深300;创业板;纳指;黄金;国债ETF,半导体ETF;军工ETF;有色ETF;证券ETF;酒ETF
2020-02-21,925479.2106687296,0.0,925479.2106687296,0.0,False,liquidate,-0.1814037397458493,10,沪深300;创业板;纳指;黄金;国债ETF;半导体ETF;军工ETF;有色ETF;证券ETF;酒ETF,沪深300;创业板;纳指;黄金;国债ETF,半导体ETF;军工ETF;有色ETF;证券ETF;酒ETF
2020-02-24,925552.6613997351,0.0,925552.6613997351,0.0,False,liquidate,-0.1813387717886862,10,沪深300;创业板;纳指;黄金;国债ETF;半导体ETF;军工ETF;有色ETF;证券ETF;酒ETF,沪深300;创业板;纳指;黄金;国债ETF,半导体ETF;军工ETF;有色ETF;证券ETF;酒ETF
2020-02-25,925626.1179601637,0.0,925626.1179601637,0.0,False,liquidate,-0.18127379867533605,10,沪深300;创业板;纳指;黄金;国债ETF;半导体ETF;军工ETF;有色ETF;证券ETF;酒ETF,沪深300;创业板;纳指;黄金;国债ETF,半导体ETF;军工ETF;有色ETF;证券ETF;酒ETF
2020-02-26,925699.5803504781,0.0,925699.5803504781,0.0,False,liquidate,-0.18120882040538963,10,沪深300;创业板;纳指;黄金;国债ETF;半导体ETF;军工ETF;有色ETF;证券ETF;酒ETF,沪深300;创业板;纳指;黄金;国债ETF,半导体ETF;军工ETF;有色ETF;证券ETF;酒ETF
2020-02-27,925773.0485711409,0.0,925773.0485711409,0.0,False,liquidate,-0.18114383697843764,10,沪深300;创业板;纳指;黄金;国债ETF;半导体ETF;军工ETF;证券ETF;有色ETF;酒ETF,沪深300;创业板;纳指;黄金;国债ETF,半导体ETF;军工ETF;证券ETF;有色ETF;酒ETF
2020-02-28,925846.5226226147,0.0,925846.5226226147,0.0,False,liquidate,-0.18107884839407085,9,创业板;纳指;黄金;国债ETF;半导体ETF;军工ETF;证券ETF;有色ETF;酒ETF,创业板;纳指;黄金;国债ETF,半导体ETF;军工ETF;证券ETF;有色ETF;酒ETF
2020-03-02,925920.0025053626,0.0,925920.0025053626,0.0,False,liquidate,-0.18101385465187986,10,沪深300;创业板;纳指;黄金;国债ETF;半导体ETF;军工ETF;证券ETF;有色ETF;酒ETF,沪深300;创业板;纳指;黄金;国债ETF,半导体ETF;军工ETF;证券ETF;有色ETF;酒ETF
2020-03-03,925993.4882198472,0.0,925993.4882198472,0.0,False,liquidate,-0.1809488557514554,9,创业板;纳指;黄金;国债ETF;半导体ETF;军工ETF;证券ETF;有色ETF;酒ETF,创业板;纳指;黄金;国债ETF,半导体ETF;军工ETF;证券ETF;有色ETF;酒ETF
2020-03-04,926066.9797665314,0.0,926066.9797665314,0.0,False,liquidate,-0.180883851692388,10,沪深300;创业板;纳指;黄金;国债ETF;半导体ETF;证券ETF;军工ETF;有色ETF;酒ETF,沪深300;创业板;纳指;黄金;国债ETF,半导体ETF;证券ETF;军工ETF;有色ETF;酒ETF
2020-03-05,926140.477145878,0.0,926140.477145878,0.0,False,liquidate,-0.18081884247426827,10,沪深300;创业板;纳指;黄金;国债ETF;证券ETF;半导体ETF;军工ETF;有色ETF;酒ETF,沪深300;创业板;纳指;黄金;国债ETF,证券ETF;半导体ETF;军工ETF;有色ETF;酒ETF
2020-03-06,926213.98035835,0.0,926213.98035835,0.0,False,liquidate,-0.1807538280966868,9,创业板;纳指;黄金;国债ETF;半导体ETF;证券ETF;军工ETF;有色ETF;酒ETF,创业板;纳指;黄金;国债ETF,半导体ETF;证券ETF;军工ETF;有色ETF;酒ETF
2020-03-09,926287.4894044102,0.0,926287.4894044102,0.0,False,liquidate,-0.18068880855923408,9,创业板;纳指;黄金;国债ETF;证券ETF;半导体ETF;军工ETF;有色ETF;酒ETF,创业板;纳指;黄金;国债ETF,证券ETF;半导体ETF;军工ETF;有色ETF;酒ETF
2020-03-10,926361.0042845218,0.0,926361.0042845218,0.0,False,liquidate,-0.1806237838615006,9,创业板;纳指;黄金;国债ETF;半导体ETF;证券ETF;军工ETF;酒ETF;有色ETF,创业板;纳指;黄金;国债ETF,半导体ETF;证券ETF;军工ETF;酒ETF;有色ETF
2020-03-11,926434.5249991476,0.0,926434.5249991476,0.0,False,liquidate,-0.18055875400307683,9,创业板;纳指;黄金;国债ETF;军工ETF;证券ETF;半导体ETF;酒ETF;有色ETF,创业板;纳指;黄金;国债ETF,军工ETF;证券ETF;半导体ETF;酒ETF;有色ETF
2020-03-12,926508.0515487507,0.0,926508.0515487507,0.0,False,liquidate,-0.1804937189835533,8,创业板;黄金;国债ETF;军工ETF;证券ETF;半导体ETF;酒ETF;有色ETF,创业板;黄金;国债ETF,军工ETF;证券ETF;半导体ETF;酒ETF;有色ETF
2020-03-13,926581.5839337943,0.0,926581.5839337943,0.0,False,liquidate,-0.18042867880252023,8,创业板;黄金;国债ETF;半导体ETF;证券ETF;军工ETF;酒ETF;有色ETF,创业板;黄金;国债ETF,半导体ETF;证券ETF;军工ETF;酒ETF;有色ETF
2020-03-16,926655.1221547414,0.0,926655.1221547414,0.0,False,liquidate,-0.18036363345956802,6,国债ETF;证券ETF;军工ETF;半导体ETF;酒ETF;有色ETF,国债ETF,证券ETF;军工ETF;半导体ETF;酒ETF;有色ETF
2020-03-17,926728.6662120554,0.0,926728.6662120554,0.0,False,liquidate,-0.180298582954287,6,国债ETF;证券ETF;军工ETF;半导体ETF;酒ETF;有色ETF,国债ETF,证券ETF;军工ETF;半导体ETF;酒ETF;有色ETF
2020-03-18,926802.2161061992,0.0,926802.2161061992,0.0,False,liquidate,-0.1802335272862675,6,国债ETF;军工ETF;半导体ETF;证券ETF;酒ETF;有色ETF,国债ETF,军工ETF;半导体ETF;证券ETF;酒ETF;有色ETF
2020-03-19,926875.7718376362,0.0,926875.7718376362,0.0,False,liquidate,-0.18016846645509968,6,国债ETF;军工ETF;证券ETF;半导体ETF;酒ETF;有色ETF,国债ETF,军工ETF;证券ETF;半导体ETF;酒ETF;有色ETF
2020-03-20,926949.3334068297,0.0,926949.3334068297,0.0,False,liquidate,-0.18010340046037385,6,国债ETF;军工ETF;证券ETF;半导体ETF;酒ETF;有色ETF,国债ETF,军工ETF;证券ETF;半导体ETF;酒ETF;有色ETF
2020-03-23,927022.900814243,0.0,927022.900814243,0.0,False,liquidate,-0.1800383293016802,6,国债ETF;军工ETF;证券ETF;半导体ETF;酒ETF;有色ETF,国债ETF,军工ETF;证券ETF;半导体ETF;酒ETF;有色ETF
2020-03-24,927096.4740603394,210278.0232375883,716818.450822751,0.5,False,halve,-0.17997325297860892,7,黄金;国债ETF;军工ETF;证券ETF;半导体ETF;酒ETF;有色ETF,黄金;国债ETF,军工ETF;证券ETF;半导体ETF;酒ETF;有色ETF
2020-03-25,931591.719946197,212511.30753640208,719080.412409795,0.5,False,halve,-0.1759971599138852,7,黄金;国债ETF;军工ETF;证券ETF;酒ETF;半导体ETF;有色ETF,黄金;国债ETF,军工ETF;证券ETF;酒ETF;半导体ETF;有色ETF
2020-03-26,928999.2458759714,217854.43768067923,711144.8081952921,0.5,False,halve,-0.17829023095667945,7,黄金;国债ETF;军工ETF;酒ETF;证券ETF;半导体ETF;有色ETF,黄金;国债ETF,军工ETF;酒ETF;证券ETF;半导体ETF;有色ETF
2020-03-27,929613.5504998418,224468.15403243646,705145.3964674054,0.4699486292723514,False,halve,-0.177746871946601,9,沪深300;创业板;黄金;国债ETF;酒ETF;军工ETF;半导体ETF;证券ETF;有色ETF,沪深300;创业板;黄金;国债ETF,酒ETF;军工ETF;半导体ETF;证券ETF;有色ETF
2020-03-30,926194.1093833561,0.0,926194.1093833561,0.0,False,liquidate,-0.18077140418659796,7,黄金;国债ETF;酒ETF;军工ETF;证券ETF;半导体ETF;有色ETF,黄金;国债ETF,酒ETF;军工ETF;证券ETF;半导体ETF;有色ETF
2020-03-31,926267.6168523547,0.0,926267.6168523547,0.0,False,liquidate,-0.1807063860440731,7,黄金;国债ETF;酒ETF;半导体ETF;军工ETF;证券ETF;有色ETF,黄金;国债ETF,酒ETF;半导体ETF;军工ETF;证券ETF;有色ETF
2020-04-01,926341.1301552795,0.0,926341.1301552795,0.0,False,liquidate,-0.18064136274137815,7,黄金;国债ETF;酒ETF;半导体ETF;军工ETF;有色ETF;证券ETF,黄金;国债ETF,酒ETF;半导体ETF;军工ETF;有色ETF;证券ETF
2020-04-02,926414.6492925935,0.0,926414.6492925935,0.0,False,liquidate,-0.18057633427810366,7,黄金;国债ETF;半导体ETF;酒ETF;军工ETF;证券ETF;有色ETF,黄金;国债ETF,半导体ETF;酒ETF;军工ETF;证券ETF;有色ETF
2020-04-03,926488.1742647596,0.0,926488.1742647596,0.0,False,liquidate,-0.1805113006538399,7,黄金;国债ETF;半导体ETF;酒ETF;军工ETF;证券ETF;有色ETF,黄金;国债ETF,半导体ETF;酒ETF;军工ETF;证券ETF;有色ETF
2020-04-07,926561.705072241,0.0,926561.705072241,0.0,False,liquidate,-0.18044626186817747,7,黄金;国债ETF;酒ETF;半导体ETF;军工ETF;有色ETF;证券ETF,黄金;国债ETF,酒ETF;半导体ETF;军工ETF;有色ETF;证券ETF
2020-04-08,926635.2417155007,0.0,926635.2417155007,0.0,False,liquidate,-0.18038121792070672,7,黄金;国债ETF;半导体ETF;酒ETF;军工ETF;有色ETF;证券ETF,黄金;国债ETF,半导体ETF;酒ETF;军工ETF;有色ETF;证券ETF
2020-04-09,926708.7841950019,0.0,926708.7841950019,0.0,False,liquidate,-0.1803161688110179,7,黄金;国债ETF;酒ETF;半导体ETF;军工ETF;有色ETF;证券ETF,黄金;国债ETF,酒ETF;半导体ETF;军工ETF;有色ETF;证券ETF
2020-04-10,926782.3325112079,0.0,926782.3325112079,0.0,False,liquidate,-0.1802511145387013,7,黄金;国债ETF;酒ETF;军工ETF;半导体ETF;有色ETF;证券ETF,黄金;国债ETF,酒ETF;军工ETF;半导体ETF;有色ETF;证券ETF
2020-04-13,926855.8866645818,0.0,926855.8866645818,0.0,False,liquidate,-0.1801860551033472,7,黄金;国债ETF;酒ETF;军工ETF;半导体ETF;有色ETF;证券ETF,黄金;国债ETF,酒ETF;军工ETF;半导体ETF;有色ETF;证券ETF
2020-04-14,926929.446655587,0.0,926929.446655587,0.0,False,liquidate,-0.18012099050454589,7,黄金;国债ETF;军工ETF;酒ETF;半导体ETF;有色ETF;证券ETF,黄金;国债ETF,军工ETF;酒ETF;半导体ETF;有色ETF;证券ETF
2020-04-15,927003.0124846867,0.0,927003.0124846867,0.0,False,liquidate,-0.18005592074188745,7,黄金;国债ETF;酒ETF;军工ETF;半导体ETF;有色ETF;证券ETF,黄金;国债ETF,酒ETF;军工ETF;半导体ETF;有色ETF;证券ETF
2020-04-16,927076.5841523443,279134.94165906805,647941.6424932762,0.5,False,halve,-0.17999084581496214,7,黄金;国债ETF;酒ETF;军工ETF;半导体ETF;有色ETF;证券ETF,黄金;国债ETF,酒ETF;军工ETF;半导体ETF;有色ETF;证券ETF
2020-04-17,928694.6124391914,287820.65711594047,640873.955323251,0.5,False,halve,-0.17855968248970336,7,黄金;国债ETF;酒ETF;半导体ETF;军工ETF;有色ETF;证券ETF,黄金;国债ETF,酒ETF;半导体ETF;军工ETF;有色ETF;证券ETF
2020-04-20,931156.0108396028,296294.22519447235,634861.7856451304,0.5,False,halve,-0.17638254927877323,6,国债ETF;酒ETF;半导体ETF;军工ETF;有色ETF;证券ETF,国债ETF,酒ETF;半导体ETF;军工ETF;有色ETF;证券ETF
2020-04-21,926223.3262218167,0.0,926223.3262218167,0.0,False,liquidate,-0.18074556158049224,7,黄金;国债ETF;军工ETF;酒ETF;半导体ETF;有色ETF;证券ETF,黄金;国债ETF,军工ETF;酒ETF;半导体ETF;有色ETF;证券ETF
2020-04-22,926296.8360096121,0.0,926296.8360096121,0.0,False,liquidate,-0.1806805413869669,7,黄金;国债ETF;酒ETF;军工ETF;半导体ETF;证券ETF;有色ETF,黄金;国债ETF,酒ETF;军工ETF;半导体ETF;证券ETF;有色ETF
2020-04-23,926370.3516315176,0.0,926370.3516315176,0.0,False,liquidate,-0.1806155160331087,7,黄金;国债ETF;军工ETF;酒ETF;半导体ETF;有色ETF;证券ETF,黄金;国债ETF,军工ETF;酒ETF;半导体ETF;有色ETF;证券ETF
2020-04-24,926443.8730879964,0.0,926443.8730879964,0.0,False,liquidate,-0.18055048551850808,8,纳指;黄金;国债ETF;酒ETF;军工ETF;半导体ETF;有色ETF;证券ETF,纳指;黄金;国债ETF,酒ETF;军工ETF;半导体ETF;有色ETF;证券ETF
2020-04-27,926517.4003795113,0.0,926517.4003795113,0.0,False,liquidate,-0.1804854498427556,8,纳指;黄金;国债ETF;酒ETF;军工ETF;半导体ETF;有色ETF;证券ETF,纳指;黄金;国债ETF,酒ETF;军工ETF;半导体ETF;有色ETF;证券ETF
2020-04-28,926590.9335065256,0.0,926590.9335065256,0.0,False,liquidate,-0.18042040900544148,8,纳指;黄金;国债ETF;酒ETF;军工ETF;半导体ETF;证券ETF;有色ETF,纳指;黄金;国债ETF,酒ETF;军工ETF;半导体ETF;证券ETF;有色ETF
2020-04-29,926664.4724695024,0.0,926664.4724695024,0.0,False,liquidate,-0.18035536300615615,8,纳指;黄金;国债ETF;酒ETF;军工ETF;半导体ETF;证券ETF;有色ETF,纳指;黄金;国债ETF,酒ETF;军工ETF;半导体ETF;证券ETF;有色ETF
2020-04-30,926738.0172689047,0.0,926738.0172689047,0.0,False,liquidate,-0.18029031184448996,8,纳指;黄金;国债ETF;酒ETF;军工ETF;半导体ETF;证券ETF;有色ETF,纳指;黄金;国债ETF,酒ETF;军工ETF;半导体ETF;证券ETF;有色ETF
2020-05-06,926811.567905196,0.0,926811.567905196,0.0,False,liquidate,-0.1802252555200331,8,纳指;黄金;国债ETF;酒ETF;半导体ETF;军工ETF;证券ETF;有色ETF,纳指;黄金;国债ETF,酒ETF;半导体ETF;军工ETF;证券ETF;有色ETF
2020-05-07,926885.1243788393,0.0,926885.1243788393,0.0,False,liquidate,-0.18016019403237593,9,创业板;纳指;黄金;国债ETF;酒ETF;半导体ETF;军工ETF;证券ETF;有色ETF,创业板;纳指;黄金;国债ETF,酒ETF;半导体ETF;军工ETF;证券ETF;有色ETF
2020-05-08,926958.6866902979,0.0,926958.6866902979,0.0,False,liquidate,-0.18009512738110867,8,纳指;黄金;国债ETF;酒ETF;半导体ETF;军工ETF;证券ETF;有色ETF,纳指;黄金;国债ETF,酒ETF;半导体ETF;军工ETF;证券ETF;有色ETF
2020-05-11,927032.2548400352,0.0,927032.2548400352,0.0,False,liquidate,-0.18003005556582147,8,纳指;黄金;国债ETF;酒ETF;半导体ETF;军工ETF;证券ETF;有色ETF,纳指;黄金;国债ETF,酒ETF;半导体ETF;军工ETF;证券ETF;有色ETF
2020-05-12,927105.8288285147,355824.8349429371,571280.9938855777,0.5,False,halve,-0.1799649785861044,9,创业板;纳指;黄金;国债ETF;酒ETF;半导体ETF;军工ETF;证券ETF;有色ETF,创业板;纳指;黄金;国债ETF,酒ETF;半导体ETF;军工ETF;证券ETF;有色ETF
2020-05-13,929215.6696535053,367416.05696749303,561799.6126860123,0.5,False,halve,-0.17809880181070076,10,沪深300;创业板;纳指;黄金;国债ETF;酒ETF;半导体ETF;军工ETF;证券ETF;有色ETF,沪深300;创业板;纳指;黄金;国债ETF,酒ETF;半导体ETF;军工ETF;证券ETF;有色ETF
2020-05-14,927704.3947120011,376213.35417914577,551491.0405328553,0.5,False,halve,-0.17943554066022852,10,沪深300;创业板;纳指;黄金;国债ETF;酒ETF;半导体ETF;军工ETF;证券ETF;有色ETF,沪深300;创业板;纳指;黄金;国债ETF,酒ETF;半导体ETF;军工ETF;证券ETF;有色ETF
2020-05-15,931754.0999750248,386532.4385486746,545221.6614263502,0.5,False,halve,-0.17585353304165935,10,沪深300;创业板;纳指;黄金;国债ETF;酒ETF;半导体ETF;军工ETF;证券ETF;有色ETF,沪深300;创业板;纳指;黄金;国债ETF,酒ETF;半导体ETF;军工ETF;证券ETF;有色ETF
2020-05-18,934345.5094841016,399140.31391626643,535205.1955678351,0.5,False,halve,-0.17356140361458725,10,沪深300;创业板;纳指;黄金;国债ETF;酒ETF;半导体ETF;军工ETF;有色ETF;证券ETF,沪深300;创业板;纳指;黄金;国债ETF,酒ETF;半导体ETF;军工ETF;有色ETF;证券ETF
2020-05-19,939261.9009336517,409320.2609084031,529941.6400252486,0.5,False,halve,-0.16921280279443568,10,沪深300;创业板;纳指;黄金;国债ETF;酒ETF;半导体ETF;军工ETF;有色ETF;证券ETF,沪深300;创业板;纳指;黄金;国债ETF,酒ETF;半导体ETF;军工ETF;有色ETF;证券ETF
2020-05-20,933387.713129943,401090.85522457404,532296.857905369,0.5,False,halve,-0.17440858473390455,10,沪深300;创业板;纳指;黄金;国债ETF;酒ETF;半导体ETF;军工ETF;有色ETF;证券ETF,沪深300;创业板;纳指;黄金;国债ETF,酒ETF;半导体ETF;军工ETF;有色ETF;证券ETF
2020-05-21,927629.0792783529,395283.65395016613,532345.4253281867,0.5,False,halve,-0.17950215796682287,10,沪深300;创业板;纳指;黄金;国债ETF;酒ETF;半导体ETF;军工ETF;有色ETF;证券ETF,沪深300;创业板;纳指;黄金;国债ETF,酒ETF;半导体ETF;军工ETF;有色ETF;证券ETF
2020-05-22,920027.173425871,0.0,920027.173425871,0.0,False,liquidate,-0.1862261249991556,10,沪深300;创业板;纳指;黄金;国债ETF;酒ETF;半导体ETF;军工ETF;有色ETF;证券ETF,沪深300;创业板;纳指;黄金;国债ETF,酒ETF;半导体ETF;军工ETF;有色ETF;证券ETF
2020-05-25,920100.191455508,0.0,920100.191455508,0.0,False,liquidate,-0.18616153977098088,10,沪深300;创业板;纳指;黄金;国债ETF;酒ETF;半导体ETF;军工ETF;有色ETF;证券ETF,沪深300;创业板;纳指;黄金;国债ETF,酒ETF;半导体ETF;军工ETF;有色ETF;证券ETF
2020-05-26,920173.2152802268,0.0,920173.2152802268,0.0,False,liquidate,-0.18609694941699437,10,沪深300;创业板;纳指;黄金;国债ETF;酒ETF;半导体ETF;军工ETF;有色ETF;证券ETF,沪深300;创业板;纳指;黄金;国债ETF,酒ETF;半导体ETF;军工ETF;有色ETF;证券ETF
2020-05-27,920246.2449004871,0.0,920246.2449004871,0.0,False,liquidate,-0.18603235393678935,10,沪深300;创业板;纳指;黄金;国债ETF;酒ETF;半导体ETF;军工ETF;有色ETF;证券ETF,沪深300;创业板;纳指;黄金;国债ETF,酒ETF;半导体ETF;军工ETF;有色ETF;证券ETF
2020-05-28,920319.2803167491,0.0,920319.2803167491,0.0,False,liquidate,-0.1859677533299589,10,沪深300;创业板;纳指;黄金;国债ETF;酒ETF;有色ETF;半导体ETF;军工ETF;证券ETF,沪深300;创业板;纳指;黄金;国债ETF,酒ETF;有色ETF;半导体ETF;军工ETF;证券ETF
2020-05-29,920392.3215294727,0.0,920392.3215294727,0.0,False,liquidate,-0.18590314759609616,10,沪深300;创业板;纳指;黄金;国债ETF;酒ETF;有色ETF;半导体ETF;军工ETF;证券ETF,沪深300;创业板;纳指;黄金;国债ETF,酒ETF;有色ETF;半导体ETF;军工ETF;证券ETF
2020-06-01,920465.368539118,0.0,920465.368539118,0.0,False,liquidate,-0.18583853673479422,10,沪深300;创业板;纳指;黄金;国债ETF;酒ETF;半导体ETF;有色ETF;军工ETF;证券ETF,沪深300;创业板;纳指;黄金;国债ETF,酒ETF;半导体ETF;有色ETF;军工ETF;证券ETF
2020-06-02,920538.421346145,0.0,920538.421346145,0.0,False,liquidate,-0.1857739207456461,9,沪深300;创业板;纳指;黄金;酒ETF;有色ETF;半导体ETF;军工ETF;证券ETF,沪深300;创业板;纳指;黄金,酒ETF;有色ETF;半导体ETF;军工ETF;证券ETF
2020-06-03,920611.4799510138,0.0,920611.4799510138,0.0,False,liquidate,-0.1857092996282449,9,沪深300;创业板;纳指;黄金;酒ETF;半导体ETF;有色ETF;军工ETF;证券ETF,沪深300;创业板;纳指;黄金,酒ETF;半导体ETF;有色ETF;军工ETF;证券ETF
2020-06-04,920684.5443541845,0.0,920684.5443541845,0.0,False,liquidate,-0.18564467338218363,9,沪深300;创业板;纳指;黄金;酒ETF;半导体ETF;有色ETF;军工ETF;证券ETF,沪深300;创业板;纳指;黄金,酒ETF;半导体ETF;有色ETF;军工ETF;证券ETF
2020-06-05,920757.6145561174,0.0,920757.6145561174,0.0,False,liquidate,-0.1855800420070552,9,沪深300;创业板;纳指;黄金;酒ETF;半导体ETF;有色ETF;军工ETF;证券ETF,沪深300;创业板;纳指;黄金,酒ETF;半导体ETF;有色ETF;军工ETF;证券ETF
2020-06-08,920830.6905572728,0.0,920830.6905572728,0.0,False,liquidate,-0.18551540550245252,9,沪深300;创业板;纳指;黄金;酒ETF;有色ETF;半导体ETF;军工ETF;证券ETF,沪深300;创业板;纳指;黄金,酒ETF;有色ETF;半导体ETF;军工ETF;证券ETF
2020-06-09,920903.7723581106,0.0,920903.7723581106,0.0,False,liquidate,-0.18545076386796858,9,沪深300;创业板;纳指;黄金;酒ETF;有色ETF;半导体ETF;证券ETF;军工ETF,沪深300;创业板;纳指;黄金,酒ETF;有色ETF;半导体ETF;证券ETF;军工ETF
2020-06-10,920976.8599590915,0.0,920976.8599590915,0.0,False,liquidate,-0.18538611710319614,9,沪深300;创业板;纳指;黄金;酒ETF;有色ETF;半导体ETF;证券ETF;军工ETF,沪深300;创业板;纳指;黄金,酒ETF;有色ETF;半导体ETF;证券ETF;军工ETF
2020-06-11,921049.9533606756,0.0,921049.9533606756,0.0,False,liquidate,-0.1853214652077281,9,沪深300;创业板;纳指;黄金;酒ETF;有色ETF;半导体ETF;军工ETF;证券ETF,沪深300;创业板;纳指;黄金,酒ETF;有色ETF;半导体ETF;军工ETF;证券ETF
2020-06-12,921123.0525633233,0.0,921123.0525633233,0.0,False,liquidate,-0.18525680818115728,9,沪深300;创业板;纳指;黄金;酒ETF;有色ETF;半导体ETF;证券ETF;军工ETF,沪深300;创业板;纳指;黄金,酒ETF;有色ETF;半导体ETF;证券ETF;军工ETF
2020-06-15,921196.157567495,0.0,921196.157567495,0.0,False,liquidate,-0.1851921460230764,9,沪深300;创业板;纳指;黄金;酒ETF;有色ETF;证券ETF;军工ETF;半导体ETF,沪深300;创业板;纳指;黄金,酒ETF;有色ETF;证券ETF;军工ETF;半导体ETF
2020-06-16,921269.2683736512,0.0,921269.2683736512,0.0,False,liquidate,-0.1851274787330782,9,沪深300;创业板;纳指;黄金;酒ETF;有色ETF;证券ETF;军工ETF;半导体ETF,沪深300;创业板;纳指;黄金,酒ETF;有色ETF;证券ETF;军工ETF;半导体ETF
2020-06-17,921342.3849822524,0.0,921342.3849822524,0.0,False,liquidate,-0.18506280631075533,9,沪深300;创业板;纳指;黄金;酒ETF;有色ETF;军工ETF;证券ETF;半导体ETF,沪深300;创业板;纳指;黄金,酒ETF;有色ETF;军工ETF;证券ETF;半导体ETF
2020-06-18,921415.507393759,0.0,921415.507393759,0.0,False,liquidate,-0.18499812875570057,9,沪深300;创业板;纳指;黄金;酒ETF;有色ETF;证券ETF;半导体ETF;军工ETF,沪深300;创业板;纳指;黄金,酒ETF;有色ETF;证券ETF;半导体ETF;军工ETF
2020-06-19,921488.6356086315,0.0,921488.6356086315,0.0,False,liquidate,-0.18493344606750656,9,沪深300;创业板;纳指;黄金;酒ETF;有色ETF;证券ETF;半导体ETF;军工ETF,沪深300;创业板;纳指;黄金,酒ETF;有色ETF;证券ETF;半导体ETF;军工ETF
2020-06-22,921561.7696273307,0.0,921561.7696273307,0.0,False,liquidate,-0.18486875824576582,9,沪深300;创业板;纳指;黄金;酒ETF;证券ETF;半导体ETF;有色ETF;军工ETF,沪深300;创业板;纳指;黄金,酒ETF;证券ETF;半导体ETF;有色ETF;军工ETF
2020-06-23,921634.909450317,0.0,921634.909450317,0.0,False,liquidate,-0.18480406529007098,9,沪深300;创业板;纳指;黄金;酒ETF;半导体ETF;证券ETF;有色ETF;军工ETF,沪深300;创业板;纳指;黄金,酒ETF;半导体ETF;证券ETF;有色ETF;军工ETF
2020-06-24,921708.0550780512,0.0,921708.0550780512,0.0,False,liquidate,-0.18473936720001466,9,沪深300;创业板;纳指;黄金;酒ETF;半导体ETF;证券ETF;有色ETF;军工ETF,沪深300;创业板;纳指;黄金,酒ETF;半导体ETF;证券ETF;有色ETF;军工ETF
2020-06-29,921781.2065109939,0.0,921781.2065109939,0.0,False,liquidate,-0.18467466397518925,9,沪深300;创业板;纳指;黄金;酒ETF;半导体ETF;证券ETF;有色ETF;军工ETF,沪深300;创业板;纳指;黄金,酒ETF;半导体ETF;证券ETF;有色ETF;军工ETF
2020-06-30,921854.363749606,0.0,921854.363749606,0.0,False,liquidate,-0.18460995561518723,9,沪深300;创业板;纳指;黄金;酒ETF;半导体ETF;证券ETF;有色ETF;军工ETF,沪深300;创业板;纳指;黄金,酒ETF;半导体ETF;证券ETF;有色ETF;军工ETF
2020-07-01,921927.526794348,0.0,921927.526794348,0.0,False,liquidate,-0.18454524211960108,9,沪深300;创业板;纳指;黄金;酒ETF;半导体ETF;证券ETF;有色ETF;军工ETF,沪深300;创业板;纳指;黄金,酒ETF;半导体ETF;证券ETF;有色ETF;军工ETF
2020-07-02,922000.695645681,0.0,922000.695645681,0.0,False,liquidate,-0.18448052348802318,9,沪深300;创业板;纳指;黄金;酒ETF;证券ETF;半导体ETF;有色ETF;军工ETF,沪深300;创业板;纳指;黄金,酒ETF;证券ETF;半导体ETF;有色ETF;军工ETF
2020-07-03,922073.8703040656,0.0,922073.8703040656,0.0,False,liquidate,-0.18441579972004601,9,沪深300;创业板;纳指;黄金;证券ETF;酒ETF;半导体ETF;有色ETF;军工ETF,沪深300;创业板;纳指;黄金,证券ETF;酒ETF;半导体ETF;有色ETF;军工ETF
2020-07-06,922147.0507699628,0.0,922147.0507699628,0.0,False,liquidate,-0.18435107081526184,9,沪深300;创业板;纳指;黄金;证券ETF;酒ETF;半导体ETF;有色ETF;军工ETF,沪深300;创业板;纳指;黄金,证券ETF;酒ETF;半导体ETF;有色ETF;军工ETF
2020-07-07,922220.2370438335,0.0,922220.2370438335,0.0,False,liquidate,-0.18428633677326303,9,沪深300;创业板;纳指;黄金;证券ETF;酒ETF;半导体ETF;有色ETF;军工ETF,沪深300;创业板;纳指;黄金,证券ETF;酒ETF;半导体ETF;有色ETF;军工ETF
2020-07-08,922293.4291261386,0.0,922293.4291261386,0.0,False,liquidate,-0.18422159759364184,9,沪深300;创业板;纳指;黄金;证券ETF;酒ETF;半导体ETF;军工ETF;有色ETF,沪深300;创业板;纳指;黄金,证券ETF;酒ETF;半导体ETF;军工ETF;有色ETF
2020-07-09,922366.6270173391,0.0,922366.6270173391,0.0,False,liquidate,-0.1841568532759905,9,沪深300;创业板;纳指;黄金;证券ETF;半导体ETF;酒ETF;有色ETF;军工ETF,沪深300;创业板;纳指;黄金,证券ETF;半导体ETF;酒ETF;有色ETF;军工ETF
2020-07-10,922439.8307178961,0.0,922439.8307178961,0.0,False,liquidate,-0.18409210381990124,9,沪深300;创业板;纳指;黄金;证券ETF;半导体ETF;酒ETF;军工ETF;有色ETF,沪深300;创业板;纳指;黄金,证券ETF;半导体ETF;酒ETF;军工ETF;有色ETF
2020-07-13,922513.0402282706,0.0,922513.0402282706,0.0,False,liquidate,-0.18402734922496627,9,沪深300;创业板;纳指;黄金;半导体ETF;证券ETF;酒ETF;有色ETF;军工ETF,沪深300;创业板;纳指;黄金,半导体ETF;证券ETF;酒ETF;有色ETF;军工ETF
2020-07-14,922586.2555489236,0.0,922586.2555489236,0.0,False,liquidate,-0.18396258949077776,9,沪深300;创业板;纳指;黄金;半导体ETF;证券ETF;酒ETF;军工ETF;有色ETF,沪深300;创业板;纳指;黄金,半导体ETF;证券ETF;酒ETF;军工ETF;有色ETF
2020-07-15,922659.4766803164,0.0,922659.4766803164,0.0,False,liquidate,-0.18389782461692786,9,沪深300;创业板;纳指;黄金;酒ETF;证券ETF;半导体ETF;军工ETF;有色ETF,沪深300;创业板;纳指;黄金,酒ETF;证券ETF;半导体ETF;军工ETF;有色ETF
2020-07-16,922732.7036229101,0.0,922732.7036229101,0.0,False,liquidate,-0.18383305460300853,9,沪深300;创业板;纳指;黄金;酒ETF;证券ETF;半导体ETF;军工ETF;有色ETF,沪深300;创业板;纳指;黄金,酒ETF;证券ETF;半导体ETF;军工ETF;有色ETF
2020-07-17,922805.936377166,0.0,922805.936377166,0.0,False,liquidate,-0.18376827944861188,9,沪深300;创业板;纳指;黄金;酒ETF;证券ETF;军工ETF;半导体ETF;有色ETF,沪深300;创业板;纳指;黄金,酒ETF;证券ETF;军工ETF;半导体ETF;有色ETF
2020-07-20,922879.1749435451,0.0,922879.1749435451,0.0,False,liquidate,-0.18370349915332998,9,沪深300;创业板;纳指;黄金;军工ETF;酒ETF;证券ETF;半导体ETF;有色ETF,沪深300;创业板;纳指;黄金,军工ETF;酒ETF;证券ETF;半导体ETF;有色ETF
2020-07-21,922952.419322509,0.0,922952.419322509,0.0,False,liquidate,-0.1836387137167548,9,沪深300;创业板;纳指;黄金;酒ETF;证券ETF;军工ETF;有色ETF;半导体ETF,沪深300;创业板;纳指;黄金,酒ETF;证券ETF;军工ETF;有色ETF;半导体ETF
2020-07-22,923025.6695145187,0.0,923025.6695145187,0.0,False,liquidate,-0.18357392313847834,9,沪深300;创业板;纳指;黄金;酒ETF;证券ETF;军工ETF;有色ETF;半导体ETF,沪深300;创业板;纳指;黄金,酒ETF;证券ETF;军工ETF;有色ETF;半导体ETF
2020-07-23,923098.9255200358,0.0,923098.9255200358,0.0,False,liquidate,-0.18350912741809244,9,沪深300;创业板;纳指;黄金;军工ETF;酒ETF;证券ETF;有色ETF;半导体ETF,沪深300;创业板;纳指;黄金,军工ETF;酒ETF;证券ETF;有色ETF;半导体ETF
2020-07-24,923172.1873395216,0.0,923172.1873395216,0.0,False,liquidate,-0.18344432655518905,9,沪深300;创业板;纳指;黄金;军工ETF;酒ETF;证券ETF;有色ETF;半导体ETF,沪深300;创业板;纳指;黄金,军工ETF;酒ETF;证券ETF;有色ETF;半导体ETF
2020-07-27,923245.4549734375,0.0,923245.4549734375,0.0,False,liquidate,-0.18337952054936005,9,沪深300;创业板;纳指;黄金;军工ETF;有色ETF;酒ETF;证券ETF;半导体ETF,沪深300;创业板;纳指;黄金,军工ETF;有色ETF;酒ETF;证券ETF;半导体ETF
2020-07-28,923318.7284222449,0.0,923318.7284222449,0.0,False,liquidate,-0.1833147094001973,9,沪深300;创业板;纳指;黄金;军工ETF;酒ETF;有色ETF;证券ETF;半导体ETF,沪深300;创业板;纳指;黄金,军工ETF;酒ETF;有色ETF;证券ETF;半导体ETF
2020-07-29,923392.0076864054,0.0,923392.0076864054,0.0,False,liquidate,-0.1832498931072925,9,沪深300;创业板;纳指;黄金;军工ETF;酒ETF;有色ETF;证券ETF;半导体ETF,沪深300;创业板;纳指;黄金,军工ETF;酒ETF;有色ETF;证券ETF;半导体ETF
2020-07-30,923465.2927663806,0.0,923465.2927663806,0.0,False,liquidate,-0.1831850716702375,9,沪深300;创业板;纳指;黄金;军工ETF;酒ETF;有色ETF;证券ETF;半导体ETF,沪深300;创业板;纳指;黄金,军工ETF;酒ETF;有色ETF;证券ETF;半导体ETF
2020-07-31,923538.5836626319,0.0,923538.5836626319,0.0,False,liquidate,-0.18312024508862398,9,沪深300;创业板;纳指;黄金;酒ETF;军工ETF;有色ETF;证券ETF;半导体ETF,沪深300;创业板;纳指;黄金,酒ETF;军工ETF;有色ETF;证券ETF;半导体ETF
2020-08-03,923611.880375621,0.0,923611.880375621,0.0,False,liquidate,-0.18305541336204373,9,沪深300;创业板;纳指;黄金;军工ETF;酒ETF;有色ETF;证券ETF;半导体ETF,沪深300;创业板;纳指;黄金,军工ETF;酒ETF;有色ETF;证券ETF;半导体ETF
2020-08-04,923685.1829058096,0.0,923685.1829058096,0.0,False,liquidate,-0.1829905764900883,9,沪深300;创业板;纳指;黄金;酒ETF;军工ETF;有色ETF;证券ETF;半导体ETF,沪深300;创业板;纳指;黄金,酒ETF;军工ETF;有色ETF;证券ETF;半导体ETF
2020-08-05,923758.4912536594,0.0,923758.4912536594,0.0,False,liquidate,-0.18292573447234933,9,沪深300;创业板;纳指;黄金;军工ETF;酒ETF;有色ETF;证券ETF;半导体ETF,沪深300;创业板;纳指;黄金,军工ETF;酒ETF;有色ETF;证券ETF;半导体ETF
2020-08-06,923831.8054196319,0.0,923831.8054196319,0.0,False,liquidate,-0.18286088730841857,9,沪深300;创业板;纳指;黄金;军工ETF;有色ETF;证券ETF;酒ETF;半导体ETF,沪深300;创业板;纳指;黄金,军工ETF;有色ETF;证券ETF;酒ETF;半导体ETF
2020-08-07,923905.125404189,0.0,923905.125404189,0.0,False,liquidate,-0.1827960349978875,9,沪深300;创业板;纳指;黄金;军工ETF;有色ETF;证券ETF;酒ETF;半导体ETF,沪深300;创业板;纳指;黄金,军工ETF;有色ETF;证券ETF;酒ETF;半导体ETF
2020-08-10,923978.4512077925,0.0,923978.4512077925,0.0,False,liquidate,-0.18273117754034762,9,沪深300;创业板;纳指;黄金;军工ETF;有色ETF;证券ETF;酒ETF;半导体ETF,沪深300;创业板;纳指;黄金,军工ETF;有色ETF;证券ETF;酒ETF;半导体ETF
2020-08-11,924051.7828309042,0.0,924051.7828309042,0.0,False,liquidate,-0.1826663149353905,9,沪深300;创业板;纳指;黄金;军工ETF;有色ETF;证券ETF;酒ETF;半导体ETF,沪深300;创业板;纳指;黄金,军工ETF;有色ETF;证券ETF;酒ETF;半导体ETF
2020-08-12,924125.1202739861,0.0,924125.1202739861,0.0,False,liquidate,-0.18260144718260754,9,沪深300;创业板;纳指;黄金;军工ETF;证券ETF;有色ETF;酒ETF;半导体ETF,沪深300;创业板;纳指;黄金,军工ETF;证券ETF;有色ETF;酒ETF;半导体ETF
2020-08-13,924198.4635375,0.0,924198.4635375,0.0,False,liquidate,-0.18253657428159023,9,沪深300;创业板;纳指;黄金;军工ETF;证券ETF;有色ETF;酒ETF;半导体ETF,沪深300;创业板;纳指;黄金,军工ETF;证券ETF;有色ETF;酒ETF;半导体ETF
2020-08-14,924271.8126219078,0.0,924271.8126219078,0.0,False,liquidate,-0.18247169623193,9,沪深300;创业板;纳指;黄金;军工ETF;酒ETF;证券ETF;有色ETF;半导体ETF,沪深300;创业板;纳指;黄金,军工ETF;酒ETF;证券ETF;有色ETF;半导体ETF
2020-08-17,924345.1675276714,0.0,924345.1675276714,0.0,False,liquidate,-0.18240681303321823,9,沪深300;创业板;纳指;黄金;军工ETF;证券ETF;酒ETF;有色ETF;半导体ETF,沪深300;创业板;纳指;黄金,军工ETF;证券ETF;酒ETF;有色ETF;半导体ETF
2020-08-18,924418.528255253,0.0,924418.528255253,0.0,False,liquidate,-0.18234192468504629,9,沪深300;创业板;纳指;黄金;军工ETF;证券ETF;酒ETF;有色ETF;半导体ETF,沪深300;创业板;纳指;黄金,军工ETF;证券ETF;酒ETF;有色ETF;半导体ETF
2020-08-19,924491.8948051146,0.0,924491.8948051146,0.0,False,liquidate,-0.18227703118700533,9,沪深300;创业板;纳指;黄金;军工ETF;酒ETF;证券ETF;有色ETF;半导体ETF,沪深300;创业板;纳指;黄金,军工ETF;酒ETF;证券ETF;有色ETF;半导体ETF
2020-08-20,924565.2671777182,0.0,924565.2671777182,0.0,False,liquidate,-0.18221213253868682,9,沪深300;创业板;纳指;黄金;军工ETF;证券ETF;酒ETF;有色ETF;半导体ETF,沪深300;创业板;纳指;黄金,军工ETF;证券ETF;酒ETF;有色ETF;半导体ETF
2020-08-21,924638.645373526,0.0,924638.645373526,0.0,False,liquidate,-0.1821472287396819,9,沪深300;创业板;纳指;黄金;军工ETF;证券ETF;酒ETF;有色ETF;半导体ETF,沪深300;创业板;纳指;黄金,军工ETF;证券ETF;酒ETF;有色ETF;半导体ETF
2020-08-24,924712.0293930002,0.0,924712.0293930002,0.0,False,liquidate,-0.1820823197895818,9,沪深300;创业板;纳指;黄金;军工ETF;证券ETF;酒ETF;有色ETF;半导体ETF,沪深300;创业板;纳指;黄金,军工ETF;证券ETF;酒ETF;有色ETF;半导体ETF
2020-08-25,924785.4192366028,0.0,924785.4192366028,0.0,False,liquidate,-0.18201740568797778,9,沪深300;创业板;纳指;黄金;酒ETF;军工ETF;证券ETF;有色ETF;半导体ETF,沪深300;创业板;纳指;黄金,酒ETF;军工ETF;证券ETF;有色ETF;半导体ETF
2020-08-26,924858.8149047963,0.0,924858.8149047963,0.0,False,liquidate,-0.18195248643446088,9,沪深300;创业板;纳指;黄金;酒ETF;军工ETF;证券ETF;有色ETF;半导体ETF,沪深300;创业板;纳指;黄金,酒ETF;军工ETF;证券ETF;有色ETF;半导体ETF
2020-08-27,924932.2163980427,0.0,924932.2163980427,0.0,False,liquidate,-0.18188756202862233,9,沪深300;创业板;纳指;黄金;酒ETF;军工ETF;证券ETF;有色ETF;半导体ETF,沪深300;创业板;纳指;黄金,酒ETF;军工ETF;证券ETF;有色ETF;半导体ETF
2020-08-28,925005.6237168045,0.0,925005.6237168045,0.0,False,liquidate,-0.18182263247005312,9,沪深300;创业板;纳指;黄金;酒ETF;证券ETF;军工ETF;有色ETF;半导体ETF,沪深300;创业板;纳指;黄金,酒ETF;证券ETF;军工ETF;有色ETF;半导体ETF
2020-08-31,925079.036861544,0.0,925079.036861544,0.0,False,liquidate,-0.18175769775834436,9,沪深300;创业板;纳指;黄金;酒ETF;军工ETF;证券ETF;有色ETF;半导体ETF,沪深300;创业板;纳指;黄金,酒ETF;军工ETF;证券ETF;有色ETF;半导体ETF
2020-09-01,925152.4558327235,0.0,925152.4558327235,0.0,False,liquidate,-0.18169275789308706,9,沪深300;创业板;纳指;黄金;酒ETF;军工ETF;证券ETF;有色ETF;半导体ETF,沪深300;创业板;纳指;黄金,酒ETF;军工ETF;证券ETF;有色ETF;半导体ETF
2020-09-02,925225.8806308055,0.0,925225.8806308055,0.0,False,liquidate,-0.18162781287387222,9,沪深300;创业板;纳指;黄金;酒ETF;军工ETF;证券ETF;有色ETF;半导体ETF,沪深300;创业板;纳指;黄金,酒ETF;军工ETF;证券ETF;有色ETF;半导体ETF
2020-09-03,925299.3112562525,0.0,925299.3112562525,0.0,False,liquidate,-0.1815628627002907,8,沪深300;纳指;黄金;酒ETF;证券ETF;军工ETF;有色ETF;半导体ETF,沪深300;纳指;黄金,酒ETF;证券ETF;军工ETF;有色ETF;半导体ETF
2020-09-04,925372.7477095268,0.0,925372.7477095268,0.0,False,liquidate,-0.18149790737193358,7,纳指;黄金;酒ETF;证券ETF;军工ETF;有色ETF;半导体ETF,纳指;黄金,酒ETF;证券ETF;军工ETF;有色ETF;半导体ETF
2020-09-07,925446.189991091,0.0,925446.189991091,0.0,False,liquidate,-0.18143294688839168,7,纳指;黄金;酒ETF;证券ETF;军工ETF;有色ETF;半导体ETF,纳指;黄金,酒ETF;证券ETF;军工ETF;有色ETF;半导体ETF
2020-09-08,925519.6381014078,0.0,925519.6381014078,0.0,False,liquidate,-0.18136798124925582,7,纳指;黄金;酒ETF;证券ETF;军工ETF;有色ETF;半导体ETF,纳指;黄金,酒ETF;证券ETF;军工ETF;有色ETF;半导体ETF
2020-09-09,925593.0920409397,0.0,925593.0920409397,0.0,False,liquidate,-0.18130301045411681,8,沪深300;纳指;黄金;酒ETF;证券ETF;军工ETF;有色ETF;半导体ETF,沪深300;纳指;黄金,酒ETF;证券ETF;军工ETF;有色ETF;半导体ETF
2020-09-10,925666.5518101493,0.0,925666.5518101493,0.0,False,liquidate,-0.18123803450256554,8,沪深300;纳指;黄金;酒ETF;证券ETF;有色ETF;军工ETF;半导体ETF,沪深300;纳指;黄金,酒ETF;证券ETF;有色ETF;军工ETF;半导体ETF
2020-09-11,925740.0174094994,0.0,925740.0174094994,0.0,False,liquidate,-0.18117305339419268,7,纳指;黄金;酒ETF;证券ETF;军工ETF;有色ETF;半导体ETF,纳指;黄金,酒ETF;证券ETF;军工ETF;有色ETF;半导体ETF
2020-09-14,925813.4888394525,0.0,925813.4888394525,0.0,False,liquidate,-0.18110806712858907,7,纳指;黄金;酒ETF;有色ETF;证券ETF;军工ETF;半导体ETF,纳指;黄金,酒ETF;有色ETF;证券ETF;军工ETF;半导体ETF
2020-09-15,925886.9661004716,0.0,925886.9661004716,0.0,False,liquidate,-0.18104307570534525,7,纳指;黄金;酒ETF;有色ETF;军工ETF;证券ETF;半导体ETF,纳指;黄金,酒ETF;有色ETF;军工ETF;证券ETF;半导体ETF
2020-09-16,925960.4491930193,0.0,925960.4491930193,0.0,False,liquidate,-0.18097807912405195,7,纳指;黄金;酒ETF;有色ETF;军工ETF;证券ETF;半导体ETF,纳指;黄金,酒ETF;有色ETF;军工ETF;证券ETF;半导体ETF
2020-09-17,926033.9381175585,0.0,926033.9381175585,0.0,False,liquidate,-0.18091307738429985,7,沪深300;纳指;酒ETF;有色ETF;军工ETF;证券ETF;半导体ETF,沪深300;纳指,酒ETF;有色ETF;军工ETF;证券ETF;半导体ETF
2020-09-18,926107.432874552,0.0,926107.432874552,0.0,False,liquidate,-0.18084807048567952,7,沪深300;纳指;酒ETF;证券ETF;有色ETF;军工ETF;半导体ETF,沪深300;纳指,酒ETF;证券ETF;有色ETF;军工ETF;半导体ETF
2020-09-21,926180.9334644626,0.0,926180.9334644626,0.0,False,liquidate,-0.18078305842778158,7,沪深300;纳指;军工ETF;有色ETF;酒ETF;证券ETF;半导体ETF,沪深300;纳指,军工ETF;有色ETF;酒ETF;证券ETF;半导体ETF
2020-09-22,926254.4398877535,0.0,926254.4398877535,0.0,False,liquidate,-0.1807180412101965,6,纳指;军工ETF;证券ETF;有色ETF;酒ETF;半导体ETF,纳指,军工ETF;证券ETF;有色ETF;酒ETF;半导体ETF
2020-09-23,926327.9521448874,0.0,926327.9521448874,0.0,False,liquidate,-0.18065301883251475,6,纳指;军工ETF;证券ETF;有色ETF;酒ETF;半导体ETF,纳指,军工ETF;证券ETF;有色ETF;酒ETF;半导体ETF
2020-09-24,926401.4702363275,0.0,926401.4702363275,0.0,False,liquidate,-0.18058799129432684,6,纳指;军工ETF;证券ETF;有色ETF;酒ETF;半导体ETF,纳指,军工ETF;证券ETF;有色ETF;酒ETF;半导体ETF
2020-09-25,926474.9941625368,0.0,926474.9941625368,0.0,False,liquidate,-0.18052295859522316,6,纳指;军工ETF;证券ETF;酒ETF;有色ETF;半导体ETF,纳指,军工ETF;证券ETF;酒ETF;有色ETF;半导体ETF
2020-09-28,926548.5239239783,0.0,926548.5239239783,0.0,False,liquidate,-0.18045792073479416,6,纳指;证券ETF;酒ETF;军工ETF;有色ETF;半导体ETF,纳指,证券ETF;酒ETF;军工ETF;有色ETF;半导体ETF
2020-09-29,926622.0595211152,0.0,926622.0595211152,0.0,False,liquidate,-0.18039287771263027,6,纳指;军工ETF;证券ETF;酒ETF;有色ETF;半导体ETF,纳指,军工ETF;证券ETF;酒ETF;有色ETF;半导体ETF
2020-09-30,926695.6009544105,0.0,926695.6009544105,0.0,False,liquidate,-0.18032782952832171,6,纳指;军工ETF;证券ETF;酒ETF;有色ETF;半导体ETF,纳指,军工ETF;证券ETF;酒ETF;有色ETF;半导体ETF
2020-10-09,926769.1482243276,0.0,926769.1482243276,0.0,False,liquidate,-0.1802627761814588,6,纳指;军工ETF;证券ETF;酒ETF;创新药ETF;有色ETF,纳指,军工ETF;证券ETF;酒ETF;创新药ETF;有色ETF
2020-10-12,926842.7013313295,0.0,926842.7013313295,0.0,False,liquidate,-0.18019771767163195,8,沪深300;创业板;纳指;军工ETF;证券ETF;酒ETF;创新药ETF;半导体ETF,沪深300;创业板;纳指,军工ETF;证券ETF;酒ETF;创新药ETF;半导体ETF
2020-10-13,926916.2602758796,0.0,926916.2602758796,0.0,False,liquidate,-0.18013265399843129,8,沪深300;创业板;纳指;军工ETF;酒ETF;创新药ETF;证券ETF;半导体ETF,沪深300;创业板;纳指,军工ETF;酒ETF;创新药ETF;证券ETF;半导体ETF
2020-10-14,926989.8250584413,0.0,926989.8250584413,0.0,False,liquidate,-0.180067585161447,8,沪深300;创业板;纳指;酒ETF;军工ETF;创新药ETF;半导体ETF;证券ETF,沪深300;创业板;纳指,酒ETF;军工ETF;创新药ETF;半导体ETF;证券ETF
2020-10-15,927063.3956794777,0.0,927063.3956794777,0.0,False,liquidate,-0.18000251116026925,8,沪深300;创业板;纳指;军工ETF;酒ETF;创新药ETF;半导体ETF;证券ETF,沪深300;创业板;纳指,军工ETF;酒ETF;创新药ETF;半导体ETF;证券ETF
2020-10-16,927136.9721394524,363558.4360348192,563578.5361046331,0.38574572255908984,False,halve,-0.17993743199448828,8,沪深300;创业板;纳指;军工ETF;证券ETF;酒ETF;创新药ETF;半导体ETF,沪深300;创业板;纳指,军工ETF;证券ETF;酒ETF;创新药ETF;半导体ETF
2020-10-19,922259.190939649,0.0,922259.190939649,0.0,False,liquidate,-0.1842518816357847,6,纳指;军工ETF;酒ETF;创新药ETF;证券ETF;半导体ETF,纳指,军工ETF;酒ETF;创新药ETF;证券ETF;半导体ETF
2020-10-20,922332.3861135332,0.0,922332.3861135332,0.0,True,liquidate,-0.18418713972162876,0,,创业板;纳指,酒ETF;军工ETF;证券ETF;创新药ETF;半导体ETF
2020-10-21,922332.3861135332,0.0,922332.3861135332,0.0,True,liquidate,-0.18418713972162876,0,,沪深300;创业板;纳指,酒ETF;军工ETF;创新药ETF;证券ETF;有色ETF
2020-10-22,922332.3861135332,0.0,922332.3861135332,0.0,True,liquidate,-0.18418713972162876,0,,沪深300;创业板;纳指,酒ETF;证券ETF;创新药ETF;军工ETF;有色ETF
2020-10-23,922332.3861135332,0.0,922332.3861135332,0.0,True,liquidate,-0.18418713972162876,0,,沪深300;纳指,酒ETF;证券ETF;军工ETF;创新药ETF;有色ETF
2020-10-26,922332.3861135332,0.0,922332.3861135332,0.0,True,liquidate,-0.18418713972162876,0,,纳指,酒ETF;创新药ETF;军工ETF;证券ETF;有色ETF
2020-10-27,922332.3861135332,0.0,922332.3861135332,0.0,True,liquidate,-0.18418713972162876,0,,国债ETF,酒ETF;创新药ETF;军工ETF;有色ETF;证券ETF
2020-10-28,922332.3861135332,0.0,922332.3861135332,0.0,True,liquidate,-0.18418713972162876,0,,沪深300;创业板;国债ETF,酒ETF;有色ETF;军工ETF;创新药ETF;证券ETF
2020-10-29,922332.3861135332,0.0,922332.3861135332,0.0,True,liquidate,-0.18418713972162876,0,,沪深300;创业板;国债ETF,酒ETF;有色ETF;创新药ETF;军工ETF;证券ETF
2020-10-30,922332.3861135332,0.0,922332.3861135332,0.0,True,liquidate,-0.18418713972162876,0,,国债ETF,酒ETF;有色ETF;军工ETF;创新药ETF;半导体ETF
2020-11-02,922332.3861135332,0.0,922332.3861135332,0.0,True,liquidate,-0.18418713972162876,0,,国债ETF,酒ETF;有色ETF;半导体ETF;创新药ETF;军工ETF
2020-11-03,922332.3861135332,0.0,922332.3861135332,0.0,True,liquidate,-0.18418713972162876,0,,国债ETF,酒ETF;有色ETF;半导体ETF;创新药ETF;军工ETF
2020-11-04,922332.3861135332,0.0,922332.3861135332,0.0,True,liquidate,-0.18418713972162876,0,,国债ETF,酒ETF;有色ETF;半导体ETF;创新药ETF;军工ETF
2020-11-05,922332.3861135332,0.0,922332.3861135332,0.0,True,liquidate,-0.18418713972162876,0,,沪深300;创业板;国债ETF,酒ETF;有色ETF;创新药ETF;半导体ETF;证券ETF
2020-11-06,922332.3861135332,0.0,922332.3861135332,0.0,True,liquidate,-0.18418713972162876,0,,沪深300;国债ETF,酒ETF;有色ETF;半导体ETF;证券ETF;创新药ETF
2020-11-09,922332.3861135332,0.0,922332.3861135332,0.0,True,liquidate,-0.18418713972162876,0,,沪深300;创业板;纳指;国债ETF,酒ETF;有色ETF;半导体ETF;证券ETF;创新药ETF
2020-11-10,922332.3861135332,0.0,922332.3861135332,0.0,True,liquidate,-0.18418713972162876,0,,沪深300;创业板;国债ETF,酒ETF;有色ETF;半导体ETF;证券ETF;创新药ETF
2020-11-11,922332.3861135332,0.0,922332.3861135332,0.0,True,liquidate,-0.18418713972162876,0,,沪深300;创业板;国债ETF,酒ETF;有色ETF;半导体ETF;证券ETF;创新药ETF
2020-11-12,922332.3861135332,0.0,922332.3861135332,0.0,True,liquidate,-0.18418713972162876,0,,沪深300;创业板,酒ETF;有色ETF;半导体ETF;证券ETF;创新药ETF
2020-11-13,922332.3861135332,0.0,922332.3861135332,0.0,True,liquidate,-0.18418713972162876,0,,沪深300;创业板,酒ETF;有色ETF;半导体ETF;创新药ETF;证券ETF
2020-11-16,922332.3861135332,0.0,922332.3861135332,0.0,True,liquidate,-0.18418713972162876,0,,沪深300;创业板;国债ETF,酒ETF;有色ETF;半导体ETF;创新药ETF;证券ETF
2020-11-17,922332.3861135332,0.0,922332.3861135332,0.0,True,liquidate,-0.18418713972162876,0,,沪深300;创业板,酒ETF;有色ETF;半导体ETF;证券ETF;创新药ETF
2020-11-18,922332.3861135332,0.0,922332.3861135332,0.0,True,liquidate,-0.18418713972162876,0,,沪深300;创业板,酒ETF;有色ETF;半导体ETF;证券ETF;军工ETF
2020-11-19,922332.3861135332,0.0,922332.3861135332,0.0,True,liquidate,-0.18418713972162876,0,,沪深300;创业板,酒ETF;有色ETF;半导体ETF;军工ETF;证券ETF
2020-11-20,922332.3861135332,0.0,922332.3861135332,0.0,True,liquidate,-0.18418713972162876,0,,沪深300;创业板,酒ETF;有色ETF;半导体ETF;军工ETF;证券ETF
2020-11-23,922332.3861135332,0.0,922332.3861135332,0.0,True,liquidate,-0.18418713972162876,0,,沪深300;创业板,酒ETF;有色ETF;半导体ETF;证券ETF;军工ETF
2020-11-24,922332.3861135332,0.0,922332.3861135332,0.0,True,liquidate,-0.18418713972162876,0,,沪深300;创业板,有色ETF;酒ETF;半导体ETF;军工ETF;证券ETF
2020-11-25,922332.3861135332,0.0,922332.3861135332,0.0,True,liquidate,-0.18418713972162876,0,,沪深300;创业板,有色ETF;酒ETF;半导体ETF;军工ETF;证券ETF
2020-11-26,922332.3861135332,0.0,922332.3861135332,0.0,True,liquidate,-0.18418713972162876,0,,沪深300;创业板,有色ETF;酒ETF;半导体ETF;军工ETF;证券ETF
2020-11-27,922332.3861135332,0.0,922332.3861135332,0.0,True,liquidate,-0.18418713972162876,0,,沪深300;创业板,有色ETF;酒ETF;军工ETF;半导体ETF;证券ETF
2020-11-30,922332.3861135332,0.0,922332.3861135332,0.0,True,liquidate,-0.18418713972162876,0,,沪深300;创业板,有色ETF;酒ETF;军工ETF;半导体ETF;证券ETF
2020-12-01,922332.3861135332,0.0,922332.3861135332,0.0,True,liquidate,-0.18418713972162876,0,,沪深300;创业板,有色ETF;酒ETF;证券ETF;半导体ETF;军工ETF
2020-12-02,922332.3861135332,0.0,922332.3861135332,0.0,True,liquidate,-0.18418713972162876,0,,沪深300;创业板,有色ETF;酒ETF;半导体ETF;证券ETF;军工ETF
2020-12-03,922332.3861135332,0.0,922332.3861135332,0.0,True,liquidate,-0.18418713972162876,0,,沪深300;创业板;国债ETF,有色ETF;酒ETF;证券ETF;军工ETF;半导体ETF
2020-12-04,922332.3861135332,0.0,922332.3861135332,0.0,True,liquidate,-0.18418713972162876,0,,沪深300;国债ETF,酒ETF;有色ETF;军工ETF;证券ETF;半导体ETF
2020-12-07,922332.3861135332,0.0,922332.3861135332,0.0,True,liquidate,-0.18418713972162876,0,,沪深300;国债ETF,有色ETF;酒ETF;军工ETF;半导体ETF;证券ETF
2020-12-08,922332.3861135332,0.0,922332.3861135332,0.0,True,liquidate,-0.18418713972162876,0,,沪深300;国债ETF,酒ETF;有色ETF;军工ETF;半导体ETF;证券ETF
2020-12-09,922332.3861135332,0.0,922332.3861135332,0.0,False,liquidate,-0.18418713972162876,7,沪深300;国债ETF;有色ETF;酒ETF;军工ETF;半导体ETF;证券ETF,沪深300;国债ETF,有色ETF;酒ETF;军工ETF;半导体ETF;证券ETF
2020-12-10,922405.5870965581,0.0,922405.5870965581,0.0,False,liquidate,-0.1841223926692257,7,沪深300;国债ETF;酒ETF;有色ETF;军工ETF;半导体ETF;证券ETF,沪深300;国债ETF,酒ETF;有色ETF;军工ETF;半导体ETF;证券ETF
2020-12-11,922478.7938891848,0.0,922478.7938891848,0.0,False,liquidate,-0.18405764047816767,7,沪深300;创业板;酒ETF;军工ETF;有色ETF;半导体ETF;证券ETF,沪深300;创业板,酒ETF;军工ETF;有色ETF;半导体ETF;证券ETF
2020-12-14,922552.0064918745,0.0,922552.0064918745,0.0,False,liquidate,-0.18399288314804688,6,沪深300;酒ETF;军工ETF;有色ETF;半导体ETF;创新药ETF,沪深300,酒ETF;军工ETF;有色ETF;半导体ETF;创新药ETF
2020-12-15,922625.2249050882,0.0,922625.2249050882,0.0,False,liquidate,-0.18392812067845538,7,沪深300;创业板;酒ETF;军工ETF;有色ETF;创新药ETF;半导体ETF,沪深300;创业板,酒ETF;军工ETF;有色ETF;创新药ETF;半导体ETF
2020-12-16,922698.449129287,0.0,922698.449129287,0.0,False,liquidate,-0.18386335306898538,7,沪深300;创业板;酒ETF;有色ETF;创新药ETF;军工ETF;半导体ETF,沪深300;创业板,酒ETF;有色ETF;创新药ETF;军工ETF;半导体ETF
2020-12-17,922771.6791649322,0.0,922771.6791649322,0.0,False,liquidate,-0.18379858031922894,7,沪深300;创业板;酒ETF;创新药ETF;有色ETF;军工ETF;证券ETF,沪深300;创业板,酒ETF;创新药ETF;有色ETF;军工ETF;证券ETF
2020-12-18,922844.915012485,0.0,922844.915012485,0.0,False,liquidate,-0.1837338024287781,7,沪深300;创业板;酒ETF;创新药ETF;有色ETF;军工ETF;半导体ETF,沪深300;创业板,酒ETF;创新药ETF;有色ETF;军工ETF;半导体ETF
2020-12-21,922918.1566724067,0.0,922918.1566724067,0.0,False,liquidate,-0.18366901939722474,7,沪深300;创业板;酒ETF;创新药ETF;有色ETF;军工ETF;半导体ETF,沪深300;创业板,酒ETF;创新药ETF;有色ETF;军工ETF;半导体ETF
2020-12-22,922991.4041451585,0.0,922991.4041451585,0.0,False,liquidate,-0.18360423122416103,8,沪深300;创业板;国债ETF;酒ETF;创新药ETF;有色ETF;军工ETF;半导体ETF,沪深300;创业板;国债ETF,酒ETF;创新药ETF;有色ETF;军工ETF;半导体ETF
2020-12-23,923064.6574312018,0.0,923064.6574312018,0.0,False,liquidate,-0.18353943790917882,9,沪深300;创业板;纳指;国债ETF;酒ETF;创新药ETF;有色ETF;军工ETF;半导体ETF,沪深300;创业板;纳指;国债ETF,酒ETF;创新药ETF;有色ETF;军工ETF;半导体ETF
2020-12-24,923137.916530998,0.0,923137.916530998,0.0,False,liquidate,-0.18347463945186995,9,沪深300;创业板;纳指;国债ETF;酒ETF;有色ETF;创新药ETF;军工ETF;半导体ETF,沪深300;创业板;纳指;国债ETF,酒ETF;有色ETF;创新药ETF;军工ETF;半导体ETF
2020-12-25,923211.1814450084,0.0,923211.1814450084,0.0,False,liquidate,-0.18340983585182644,9,沪深300;创业板;纳指;国债ETF;酒ETF;有色ETF;创新药ETF;军工ETF;半导体ETF,沪深300;创业板;纳指;国债ETF,酒ETF;有色ETF;创新药ETF;军工ETF;半导体ETF
2020-12-28,923284.4521736945,0.0,923284.4521736945,0.0,False,liquidate,-0.18334502710864006,7,沪深300;创业板;酒ETF;有色ETF;军工ETF;创新药ETF;半导体ETF,沪深300;创业板,酒ETF;有色ETF;军工ETF;创新药ETF;半导体ETF
2020-12-29,923357.7287175178,0.0,923357.7287175178,0.0,False,liquidate,-0.18328021322190266,7,沪深300;创业板;酒ETF;有色ETF;军工ETF;创新药ETF;半导体ETF,沪深300;创业板,酒ETF;有色ETF;军工ETF;创新药ETF;半导体ETF
2020-12-30,923431.0110769399,0.0,923431.0110769399,0.0,False,liquidate,-0.18321539419120594,8,沪深300;创业板;国债ETF;酒ETF;有色ETF;军工ETF;创新药ETF;半导体ETF,沪深300;创业板;国债ETF,酒ETF;有色ETF;军工ETF;创新药ETF;半导体ETF
2020-12-31,923504.2992524222,0.0,923504.2992524222,0.0,False,liquidate,-0.18315057001614174,8,沪深300;创业板;国债ETF;酒ETF;有色ETF;军工ETF;创新药ETF;证券ETF,沪深300;创业板;国债ETF,酒ETF;有色ETF;军工ETF;创新药ETF;证券ETF
2021-01-04,923577.5932444264,0.0,923577.5932444264,0.0,False,liquidate,-0.18308574069630168,8,沪深300;创业板;国债ETF;酒ETF;有色ETF;军工ETF;创新药ETF;证券ETF,沪深300;创业板;国债ETF,酒ETF;有色ETF;军工ETF;创新药ETF;证券ETF
2021-01-05,923650.8930534141,0.0,923650.8930534141,0.0,True,liquidate,-0.1830209062312776,0,,沪深300;创业板;黄金;国债ETF,酒ETF;有色ETF;军工ETF;创新药ETF;半导体ETF
2021-01-06,923650.8930534141,0.0,923650.8930534141,0.0,True,liquidate,-0.1830209062312776,0,,沪深300;创业板;黄金;国债ETF,酒ETF;军工ETF;有色ETF;创新药ETF;半导体ETF
2021-01-07,923650.8930534141,0.0,923650.8930534141,0.0,True,liquidate,-0.1830209062312776,0,,沪深300;创业板;黄金;国债ETF,酒ETF;有色ETF;军工ETF;创新药ETF;证券ETF
2021-01-08,923650.8930534141,0.0,923650.8930534141,0.0,True,liquidate,-0.1830209062312776,0,,沪深300;创业板;国债ETF,酒ETF;有色ETF;军工ETF;创新药ETF;证券ETF
2021-01-11,923650.8930534141,0.0,923650.8930534141,0.0,True,liquidate,-0.1830209062312776,0,,沪深300;创业板;国债ETF,有色ETF;酒ETF;军工ETF;创新药ETF;半导体ETF
2021-01-12,923650.8930534141,0.0,923650.8930534141,0.0,True,liquidate,-0.1830209062312776,0,,沪深300;创业板;国债ETF,酒ETF;有色ETF;军工ETF;证券ETF;创新药ETF
2021-01-13,923650.8930534141,0.0,923650.8930534141,0.0,True,liquidate,-0.1830209062312776,0,,沪深300;创业板;国债ETF,军工ETF;有色ETF;酒ETF;半导体ETF;证券ETF
2021-01-14,923650.8930534141,0.0,923650.8930534141,0.0,True,liquidate,-0.1830209062312776,0,,沪深300;创业板;纳指;国债ETF,军工ETF;酒ETF;有色ETF;半导体ETF;证券ETF
2021-01-15,923650.8930534141,0.0,923650.8930534141,0.0,True,liquidate,-0.1830209062312776,0,,沪深300;创业板;国债ETF,军工ETF;有色ETF;酒ETF;半导体ETF;证券ETF
2021-01-18,923650.8930534141,0.0,923650.8930534141,0.0,True,liquidate,-0.1830209062312776,0,,沪深300;创业板;国债ETF,军工ETF;有色ETF;酒ETF;半导体ETF;证券ETF
2021-01-19,923650.8930534141,0.0,923650.8930534141,0.0,True,liquidate,-0.1830209062312776,0,,沪深300;创业板;纳指;黄金;国债ETF,军工ETF;有色ETF;半导体ETF;酒ETF;证券ETF
2021-01-20,923650.8930534141,0.0,923650.8930534141,0.0,True,liquidate,-0.1830209062312776,0,,沪深300;创业板;纳指;黄金;国债ETF,有色ETF;军工ETF;半导体ETF;酒ETF;证券ETF
2021-01-21,923650.8930534141,0.0,923650.8930534141,0.0,True,liquidate,-0.1830209062312776,0,,沪深300;创业板;纳指;黄金;国债ETF,有色ETF;军工ETF;酒ETF;半导体ETF;证券ETF
2021-01-22,923650.8930534141,0.0,923650.8930534141,0.0,True,liquidate,-0.1830209062312776,0,,沪深300;创业板;纳指;黄金;国债ETF,有色ETF;军工ETF;酒ETF;半导体ETF;创新药ETF
2021-01-25,923650.8930534141,0.0,923650.8930534141,0.0,True,liquidate,-0.1830209062312776,0,,沪深300;创业板;纳指;黄金;国债ETF,有色ETF;军工ETF;酒ETF;创新药ETF;半导体ETF
2021-01-26,923650.8930534141,0.0,923650.8930534141,0.0,True,liquidate,-0.1830209062312776,0,,沪深300;创业板;纳指;黄金;国债ETF,有色ETF;酒ETF;创新药ETF;军工ETF;半导体ETF
2021-01-27,923650.8930534141,0.0,923650.8930534141,0.0,True,liquidate,-0.1830209062312776,0,,沪深300;创业板;纳指;黄金;国债ETF,有色ETF;酒ETF;创新药ETF;半导体ETF;军工ETF
2021-01-28,923650.8930534141,0.0,923650.8930534141,0.0,True,liquidate,-0.1830209062312776,0,,沪深300;创业板;黄金;国债ETF,有色ETF;酒ETF;创新药ETF;军工ETF;半导体ETF
2021-01-29,923650.8930534141,0.0,923650.8930534141,0.0,True,liquidate,-0.1830209062312776,0,,沪深300;创业板;黄金;国债ETF,有色ETF;酒ETF;创新药ETF;半导体ETF;证券ETF
2021-02-01,923650.8930534141,0.0,923650.8930534141,0.0,True,liquidate,-0.1830209062312776,0,,沪深300;创业板;纳指;黄金;国债ETF,有色ETF;创新药ETF;酒ETF;证券ETF;军工ETF
2021-02-02,923650.8930534141,0.0,923650.8930534141,0.0,True,liquidate,-0.1830209062312776,0,,沪深300;创业板;纳指;国债ETF,有色ETF;创新药ETF;酒ETF;半导体ETF;证券ETF
2021-02-03,923650.8930534141,0.0,923650.8930534141,0.0,True,liquidate,-0.1830209062312776,0,,沪深300;创业板;纳指;国债ETF,有色ETF;创新药ETF;酒ETF;半导体ETF;证券ETF
2021-02-04,923650.8930534141,0.0,923650.8930534141,0.0,True,liquidate,-0.1830209062312776,0,,沪深300;创业板;纳指;国债ETF,酒ETF;创新药ETF;有色ETF;半导体ETF;军工ETF
2021-02-05,923650.8930534141,0.0,923650.8930534141,0.0,True,liquidate,-0.1830209062312776,0,,沪深300;创业板;纳指;国债ETF,酒ETF;创新药ETF;有色ETF;证券ETF;军工ETF
2021-02-08,923650.8930534141,0.0,923650.8930534141,0.0,True,liquidate,-0.1830209062312776,0,,沪深300;纳指;国债ETF,酒ETF;创新药ETF;有色ETF;半导体ETF;军工ETF
2021-02-09,923650.8930534141,0.0,923650.8930534141,0.0,True,liquidate,-0.1830209062312776,0,,沪深300;创业板;纳指;国债ETF,创新药ETF;酒ETF;有色ETF;军工ETF;证券ETF
2021-02-10,923650.8930534141,0.0,923650.8930534141,0.0,True,liquidate,-0.1830209062312776,0,,沪深300;创业板;纳指;国债ETF,酒ETF;创新药ETF;有色ETF;军工ETF;证券ETF
2021-02-18,923650.8930534141,0.0,923650.8930534141,0.0,True,liquidate,-0.1830209062312776,0,,沪深300;创业板;纳指;国债ETF,有色ETF;酒ETF;创新药ETF;军工ETF;半导体ETF
2021-02-19,923650.8930534141,0.0,923650.8930534141,0.0,True,liquidate,-0.1830209062312776,0,,沪深300;创业板;纳指;国债ETF,有色ETF;酒ETF;创新药ETF;军工ETF;证券ETF
2021-02-22,923650.8930534141,0.0,923650.8930534141,0.0,True,liquidate,-0.1830209062312776,0,,沪深300;创业板;纳指;国债ETF,有色ETF;酒ETF;创新药ETF;军工ETF;证券ETF
2021-02-23,923650.8930534141,0.0,923650.8930534141,0.0,True,liquidate,-0.1830209062312776,0,,沪深300;创业板;纳指;国债ETF,有色ETF;酒ETF;创新药ETF;军工ETF;证券ETF
2021-02-24,923650.8930534141,0.0,923650.8930534141,0.0,True,liquidate,-0.1830209062312776,0,,沪深300;创业板;纳指;国债ETF,有色ETF;创新药ETF;酒ETF;军工ETF;半导体ETF
2021-02-25,923650.8930534141,0.0,923650.8930534141,0.0,True,liquidate,-0.1830209062312776,0,,沪深300;创业板;纳指;国债ETF,有色ETF;酒ETF;创新药ETF;军工ETF;半导体ETF
2021-02-26,923650.8930534141,0.0,923650.8930534141,0.0,True,liquidate,-0.1830209062312776,0,,沪深300;创业板;国债ETF,有色ETF;创新药ETF;酒ETF;军工ETF;证券ETF
2021-03-01,923650.8930534141,0.0,923650.8930534141,0.0,True,liquidate,-0.1830209062312776,0,,沪深300;创业板;国债ETF,有色ETF;创新药ETF;军工ETF;酒ETF;半导体ETF
2021-03-02,923650.8930534141,0.0,923650.8930534141,0.0,True,liquidate,-0.1830209062312776,0,,沪深300;创业板;纳指;国债ETF,有色ETF;创新药ETF;军工ETF;半导体ETF;酒ETF
2021-03-03,923650.8930534141,0.0,923650.8930534141,0.0,True,liquidate,-0.1830209062312776,0,,沪深300;创业板;国债ETF,有色ETF;创新药ETF;酒ETF;军工ETF;半导体ETF
2021-03-04,923650.8930534141,0.0,923650.8930534141,0.0,True,liquidate,-0.1830209062312776,0,,国债ETF,有色ETF;军工ETF;创新药ETF;半导体ETF;酒ETF
2021-03-05,923650.8930534141,0.0,923650.8930534141,0.0,True,liquidate,-0.1830209062312776,0,,国债ETF,有色ETF;军工ETF;创新药ETF;半导体ETF;酒ETF
2021-03-08,923650.8930534141,0.0,923650.8930534141,0.0,True,liquidate,-0.1830209062312776,0,,国债ETF,有色ETF;创新药ETF;证券ETF;军工ETF;半导体ETF
2021-03-09,923650.8930534141,0.0,923650.8930534141,0.0,True,liquidate,-0.1830209062312776,0,,国债ETF,有色ETF;证券ETF;创新药ETF;军工ETF;半导体ETF
2021-03-10,923650.8930534141,0.0,923650.8930534141,0.0,True,liquidate,-0.1830209062312776,0,,纳指;国债ETF,有色ETF;创新药ETF;证券ETF;军工ETF;半导体ETF
2021-03-11,923650.8930534141,0.0,923650.8930534141,0.0,True,liquidate,-0.1830209062312776,0,,国债ETF,有色ETF;创新药ETF;证券ETF;军工ETF;半导体ETF
2021-03-12,923650.8930534141,0.0,923650.8930534141,0.0,True,liquidate,-0.1830209062312776,0,,国债ETF,有色ETF;证券ETF;创新药ETF;军工ETF;半导体ETF
2021-03-15,923650.8930534141,0.0,923650.8930534141,0.0,True,liquidate,-0.1830209062312776,0,,纳指;国债ETF,有色ETF;证券ETF;创新药ETF;军工ETF;半导体ETF
2021-03-16,923650.8930534141,0.0,923650.8930534141,0.0,True,liquidate,-0.1830209062312776,0,,纳指,有色ETF;证券ETF;军工ETF;创新药ETF;半导体ETF
2021-03-17,923650.8930534141,0.0,923650.8930534141,0.0,True,liquidate,-0.1830209062312776,0,,纳指,有色ETF;证券ETF;军工ETF;创新药ETF;半导体ETF
2021-03-18,923650.8930534141,0.0,923650.8930534141,0.0,True,liquidate,-0.1830209062312776,0,,纳指,有色ETF;创新药ETF;军工ETF;证券ETF;半导体ETF
2021-03-19,923650.8930534141,0.0,923650.8930534141,0.0,True,liquidate,-0.1830209062312776,0,,纳指,军工ETF;创新药ETF;有色ETF;证券ETF;酒ETF
2021-03-22,923650.8930534141,0.0,923650.8930534141,0.0,True,liquidate,-0.1830209062312776,0,,纳指;国债ETF,证券ETF;创新药ETF;有色ETF;军工ETF;酒ETF
2021-03-23,923650.8930534141,0.0,923650.8930534141,0.0,True,liquidate,-0.1830209062312776,0,,纳指,证券ETF;创新药ETF;有色ETF;军工ETF;酒ETF
2021-03-24,923650.8930534141,0.0,923650.8930534141,0.0,True,liquidate,-0.1830209062312776,0,,,证券ETF;创新药ETF;酒ETF;有色ETF;军工ETF
2021-03-25,923650.8930534141,0.0,923650.8930534141,0.0,True,liquidate,-0.1830209062312776,0,,国债ETF,创新药ETF;证券ETF;酒ETF;有色ETF;军工ETF
2021-03-26,923650.8930534141,0.0,923650.8930534141,0.0,True,liquidate,-0.1830209062312776,0,,,创新药ETF;酒ETF;证券ETF;有色ETF;军工ETF
2021-03-29,923650.8930534141,0.0,923650.8930534141,0.0,True,liquidate,-0.1830209062312776,0,,国债ETF,创新药ETF;酒ETF;证券ETF;有色ETF;军工ETF
2021-03-30,923650.8930534141,0.0,923650.8930534141,0.0,True,liquidate,-0.1830209062312776,0,,国债ETF,创新药ETF;有色ETF;酒ETF;证券ETF;军工ETF
2021-03-31,923650.8930534141,0.0,923650.8930534141,0.0,True,liquidate,-0.1830209062312776,0,,国债ETF,创新药ETF;酒ETF;有色ETF;证券ETF;军工ETF
2021-04-01,923650.8930534141,0.0,923650.8930534141,0.0,True,liquidate,-0.1830209062312776,0,,纳指;国债ETF,创新药ETF;酒ETF;有色ETF;证券ETF;军工ETF
2021-04-02,923650.8930534141,0.0,923650.8930534141,0.0,True,liquidate,-0.1830209062312776,0,,纳指;国债ETF,创新药ETF;酒ETF;有色ETF;证券ETF;军工ETF
2021-04-06,923650.8930534141,0.0,923650.8930534141,0.0,True,liquidate,-0.1830209062312776,0,,纳指;国债ETF,创新药ETF;酒ETF;有色ETF;证券ETF;军工ETF
2021-04-07,923650.8930534141,0.0,923650.8930534141,0.0,True,liquidate,-0.1830209062312776,0,,纳指;国债ETF,创新药ETF;有色ETF;酒ETF;证券ETF;军工ETF
2021-04-08,923650.8930534141,0.0,923650.8930534141,0.0,True,liquidate,-0.1830209062312776,0,,纳指;国债ETF,创新药ETF;酒ETF;有色ETF;证券ETF;军工ETF
2021-04-09,923650.8930534141,0.0,923650.8930534141,0.0,True,liquidate,-0.1830209062312776,0,,纳指;国债ETF,创新药ETF;有色ETF;酒ETF;证券ETF;军工ETF
2021-04-12,923650.8930534141,0.0,923650.8930534141,0.0,True,liquidate,-0.1830209062312776,0,,纳指;国债ETF,创新药ETF;酒ETF;有色ETF;证券ETF;军工ETF
2021-04-13,923650.8930534141,0.0,923650.8930534141,0.0,True,liquidate,-0.1830209062312776,0,,纳指;国债ETF,创新药ETF;酒ETF;有色ETF;证券ETF;军工ETF
2021-04-14,923650.8930534141,0.0,923650.8930534141,0.0,True,liquidate,-0.1830209062312776,0,,纳指;国债ETF,创新药ETF;酒ETF;有色ETF;证券ETF;军工ETF
2021-04-15,923650.8930534141,0.0,923650.8930534141,0.0,True,liquidate,-0.1830209062312776,0,,纳指;国债ETF,创新药ETF;酒ETF;有色ETF;证券ETF;军工ETF
2021-04-16,923650.8930534141,0.0,923650.8930534141,0.0,True,liquidate,-0.1830209062312776,0,,纳指;黄金;国债ETF,酒ETF;创新药ETF;有色ETF;证券ETF;军工ETF
2021-04-19,923650.8930534141,0.0,923650.8930534141,0.0,True,liquidate,-0.1830209062312776,0,,纳指;国债ETF,酒ETF;创新药ETF;有色ETF;证券ETF;军工ETF
2021-04-20,923650.8930534141,0.0,923650.8930534141,0.0,True,liquidate,-0.1830209062312776,0,,纳指;国债ETF,酒ETF;创新药ETF;有色ETF;证券ETF;军工ETF
2021-04-21,923650.8930534141,0.0,923650.8930534141,0.0,True,liquidate,-0.1830209062312776,0,,纳指;国债ETF,酒ETF;创新药ETF;有色ETF;证券ETF;军工ETF
2021-04-22,923650.8930534141,0.0,923650.8930534141,0.0,True,liquidate,-0.1830209062312776,0,,纳指;黄金;国债ETF,酒ETF;创新药ETF;有色ETF;证券ETF;军工ETF
2021-04-23,923650.8930534141,0.0,923650.8930534141,0.0,True,liquidate,-0.1830209062312776,0,,创业板;纳指;黄金;国债ETF,酒ETF;创新药ETF;有色ETF;证券ETF;军工ETF
2021-04-26,923650.8930534141,0.0,923650.8930534141,0.0,True,liquidate,-0.1830209062312776,0,,纳指;黄金;国债ETF,创新药ETF;有色ETF;酒ETF;半导体ETF;证券ETF
2021-04-27,923650.8930534141,0.0,923650.8930534141,0.0,True,liquidate,-0.1830209062312776,0,,创业板;纳指;黄金;国债ETF,创新药ETF;酒ETF;有色ETF;证券ETF;半导体ETF
2021-04-28,923650.8930534141,0.0,923650.8930534141,0.0,True,liquidate,-0.1830209062312776,0,,创业板;纳指;黄金;国债ETF,酒ETF;创新药ETF;有色ETF;证券ETF;半导体ETF
2021-04-29,923650.8930534141,0.0,923650.8930534141,0.0,True,liquidate,-0.1830209062312776,0,,创业板;纳指;黄金;国债ETF,酒ETF;创新药ETF;有色ETF;证券ETF;半导体ETF
2021-04-30,923650.8930534141,0.0,923650.8930534141,0.0,True,liquidate,-0.1830209062312776,0,,创业板;纳指;黄金;国债ETF,创新药ETF;有色ETF;酒ETF;证券ETF;军工ETF
2021-05-06,923650.8930534141,0.0,923650.8930534141,0.0,True,liquidate,-0.1830209062312776,0,,创业板;纳指;黄金;国债ETF,有色ETF;创新药ETF;酒ETF;证券ETF;军工ETF
2021-05-07,923650.8930534141,0.0,923650.8930534141,0.0,False,liquidate,-0.1830209062312776,10,沪深300;创业板;纳指;黄金;国债ETF;有色ETF;酒ETF;创新药ETF;证券ETF;军工ETF,沪深300;创业板;纳指;黄金;国债ETF,有色ETF;酒ETF;创新药ETF;证券ETF;军工ETF
2021-05-10,923724.198679847,0.0,923724.198679847,0.0,False,liquidate,-0.18295606662066097,9,创业板;纳指;黄金;国债ETF;有色ETF;创新药ETF;酒ETF;证券ETF;军工ETF,创业板;纳指;黄金;国债ETF,有色ETF;创新药ETF;酒ETF;证券ETF;军工ETF
2021-05-11,923797.5101241866,0.0,923797.5101241866,0.0,False,liquidate,-0.18289122186404355,9,创业板;纳指;黄金;国债ETF;有色ETF;创新药ETF;酒ETF;证券ETF;军工ETF,创业板;纳指;黄金;国债ETF,有色ETF;创新药ETF;酒ETF;证券ETF;军工ETF
2021-05-12,923870.827386895,0.0,923870.827386895,0.0,False,liquidate,-0.18282637196101684,9,创业板;纳指;黄金;国债ETF;有色ETF;创新药ETF;酒ETF;证券ETF;军工ETF,创业板;纳指;黄金;国债ETF,有色ETF;创新药ETF;酒ETF;证券ETF;军工ETF
2021-05-13,923944.1504684336,0.0,923944.1504684336,0.0,False,liquidate,-0.18276151691117246,9,创业板;纳指;黄金;国债ETF;创新药ETF;有色ETF;酒ETF;证券ETF;军工ETF,创业板;纳指;黄金;国债ETF,创新药ETF;有色ETF;酒ETF;证券ETF;军工ETF
2021-05-14,924017.4793692644,0.0,924017.4793692644,0.0,False,liquidate,-0.1826966567141019,10,沪深300;创业板;纳指;黄金;国债ETF;创新药ETF;有色ETF;证券ETF;军工ETF;半导体ETF,沪深300;创业板;纳指;黄金;国债ETF,创新药ETF;有色ETF;证券ETF;军工ETF;半导体ETF
2021-05-17,924090.8140898494,0.0,924090.8140898494,0.0,False,liquidate,-0.18263179136939664,10,沪深300;创业板;纳指;黄金;国债ETF;创新药ETF;有色ETF;证券ETF;军工ETF;半导体ETF,沪深300;创业板;纳指;黄金;国债ETF,创新药ETF;有色ETF;证券ETF;军工ETF;半导体ETF
2021-05-18,924164.1546306502,0.0,924164.1546306502,0.0,False,liquidate,-0.18256692087664814,10,沪深300;创业板;纳指;黄金;国债ETF;创新药ETF;有色ETF;证券ETF;军工ETF;半导体ETF,沪深300;创业板;纳指;黄金;国债ETF,创新药ETF;有色ETF;证券ETF;军工ETF;半导体ETF
2021-05-19,924237.5009921289,0.0,924237.5009921289,0.0,False,liquidate,-0.18250204523544783,10,沪深300;创业板;纳指;黄金;国债ETF;创新药ETF;有色ETF;证券ETF;军工ETF;半导体ETF,沪深300;创业板;纳指;黄金;国债ETF,创新药ETF;有色ETF;证券ETF;军工ETF;半导体ETF
2021-05-20,924310.8531747473,0.0,924310.8531747473,0.0,False,liquidate,-0.1824371644453871,10,沪深300;创业板;纳指;黄金;国债ETF;创新药ETF;证券ETF;军工ETF;有色ETF;半导体ETF,沪深300;创业板;纳指;黄金;国债ETF,创新药ETF;证券ETF;军工ETF;有色ETF;半导体ETF
2021-05-21,924384.2111789676,0.0,924384.2111789676,0.0,False,liquidate,-0.1823722785060573,10,沪深300;创业板;纳指;黄金;国债ETF;创新药ETF;有色ETF;证券ETF;军工ETF;半导体ETF,沪深300;创业板;纳指;黄金;国债ETF,创新药ETF;有色ETF;证券ETF;军工ETF;半导体ETF
2021-05-24,924457.5750052517,0.0,924457.5750052517,0.0,False,liquidate,-0.18230738741704983,10,沪深300;创业板;纳指;黄金;国债ETF;创新药ETF;证券ETF;有色ETF;军工ETF;半导体ETF,沪深300;创业板;纳指;黄金;国债ETF,创新药ETF;证券ETF;有色ETF;军工ETF;半导体ETF
2021-05-25,924530.9446540617,0.0,924530.9446540617,0.0,False,liquidate,-0.18224249117795588,10,沪深300;创业板;纳指;黄金;国债ETF;创新药ETF;证券ETF;有色ETF;军工ETF;半导体ETF,沪深300;创业板;纳指;黄金;国债ETF,创新药ETF;证券ETF;有色ETF;军工ETF;半导体ETF
2021-05-26,924604.3201258597,0.0,924604.3201258597,0.0,False,liquidate,-0.1821775897883668,10,沪深300;创业板;纳指;黄金;国债ETF;创新药ETF;证券ETF;有色ETF;军工ETF;半导体ETF,沪深300;创业板;纳指;黄金;国债ETF,创新药ETF;证券ETF;有色ETF;军工ETF;半导体ETF
2021-05-27,924677.7014211079,0.0,924677.7014211079,0.0,False,liquidate,-0.18211268324787372,10,沪深300;创业板;纳指;黄金;国债ETF;证券ETF;创新药ETF;有色ETF;军工ETF;半导体ETF,沪深300;创业板;纳指;黄金;国债ETF,证券ETF;创新药ETF;有色ETF;军工ETF;半导体ETF
2021-05-28,924751.0885402684,0.0,924751.0885402684,0.0,False,liquidate,-0.1820477715560679,10,沪深300;创业板;纳指;黄金;国债ETF;证券ETF;有色ETF;创新药ETF;军工ETF;半导体ETF,沪深300;创业板;纳指;黄金;国债ETF,证券ETF;有色ETF;创新药ETF;军工ETF;半导体ETF
2021-05-31,924824.4814838034,0.0,924824.4814838034,0.0,False,liquidate,-0.18198285471254055,10,沪深300;创业板;纳指;黄金;国债ETF;证券ETF;创新药ETF;有色ETF;军工ETF;半导体ETF,沪深300;创业板;纳指;黄金;国债ETF,证券ETF;创新药ETF;有色ETF;军工ETF;半导体ETF
2021-06-01,924897.8802521751,0.0,924897.8802521751,0.0,False,liquidate,-0.18191793271688278,10,沪深300;创业板;纳指;黄金;国债ETF;创新药ETF;证券ETF;有色ETF;军工ETF;半导体ETF,沪深300;创业板;纳指;黄金;国债ETF,创新药ETF;证券ETF;有色ETF;军工ETF;半导体ETF
2021-06-02,924971.284845846,0.0,924971.284845846,0.0,False,liquidate,-0.18185300556868567,9,沪深300;创业板;黄金;国债ETF;创新药ETF;有色ETF;证券ETF;军工ETF;半导体ETF,沪深300;创业板;黄金;国债ETF,创新药ETF;有色ETF;证券ETF;军工ETF;半导体ETF
2021-06-03,925044.6952652782,0.0,925044.6952652782,0.0,False,liquidate,-0.18178807326754032,9,沪深300;创业板;黄金;国债ETF;创新药ETF;证券ETF;军工ETF;有色ETF;半导体ETF,沪深300;创业板;黄金;国债ETF,创新药ETF;证券ETF;军工ETF;有色ETF;半导体ETF
2021-06-04,925118.1115109342,0.0,925118.1115109342,0.0,False,liquidate,-0.18172313581303776,9,沪深300;创业板;黄金;国债ETF;创新药ETF;军工ETF;证券ETF;有色ETF;半导体ETF,沪深300;创业板;黄金;国债ETF,创新药ETF;军工ETF;证券ETF;有色ETF;半导体ETF
2021-06-07,925191.5335832763,0.0,925191.5335832763,0.0,False,liquidate,-0.18165819320476895,9,沪深300;创业板;黄金;国债ETF;创新药ETF;军工ETF;证券ETF;有色ETF;半导体ETF,沪深300;创业板;黄金;国债ETF,创新药ETF;军工ETF;证券ETF;有色ETF;半导体ETF
2021-06-08,925264.9614827671,0.0,925264.9614827671,0.0,False,liquidate,-0.1815932454423248,9,沪深300;创业板;黄金;国债ETF;军工ETF;证券ETF;创新药ETF;有色ETF;半导体ETF,沪深300;创业板;黄金;国债ETF,军工ETF;证券ETF;创新药ETF;有色ETF;半导体ETF
2021-06-09,925338.395209869,0.0,925338.395209869,0.0,False,liquidate,-0.18152829252529634,9,沪深300;创业板;黄金;国债ETF;军工ETF;创新药ETF;证券ETF;有色ETF;半导体ETF,沪深300;创业板;黄金;国债ETF,军工ETF;创新药ETF;证券ETF;有色ETF;半导体ETF
2021-06-10,925411.8347650444,0.0,925411.8347650444,0.0,False,liquidate,-0.18146333445327456,9,沪深300;创业板;黄金;国债ETF;军工ETF;创新药ETF;证券ETF;有色ETF;半导体ETF,沪深300;创业板;黄金;国债ETF,军工ETF;创新药ETF;证券ETF;有色ETF;半导体ETF
2021-06-11,925485.280148756,0.0,925485.280148756,0.0,False,liquidate,-0.18139837122585015,9,沪深300;创业板;黄金;国债ETF;军工ETF;半导体ETF;证券ETF;有色ETF;创新药ETF,沪深300;创业板;黄金;国债ETF,军工ETF;半导体ETF;证券ETF;有色ETF;创新药ETF
2021-06-15,925558.7313614662,0.0,925558.7313614662,0.0,False,liquidate,-0.1813334028426141,9,沪深300;创业板;黄金;国债ETF;军工ETF;半导体ETF;证券ETF;创新药ETF;有色ETF,沪深300;创业板;黄金;国债ETF,军工ETF;半导体ETF;证券ETF;创新药ETF;有色ETF
2021-06-16,925632.1884036378,0.0,925632.1884036378,0.0,False,liquidate,-0.1812684293031571,9,沪深300;创业板;黄金;国债ETF;军工ETF;证券ETF;半导体ETF;创新药ETF;酒ETF,沪深300;创业板;黄金;国债ETF,军工ETF;证券ETF;半导体ETF;创新药ETF;酒ETF
2021-06-17,925705.6512757334,0.0,925705.6512757334,0.0,False,liquidate,-0.18120345060707005,8,沪深300;创业板;国债ETF;军工ETF;半导体ETF;证券ETF;创新药ETF;有色ETF,沪深300;创业板;国债ETF,军工ETF;半导体ETF;证券ETF;创新药ETF;有色ETF
2021-06-18,925779.1199782157,0.0,925779.1199782157,0.0,False,liquidate,-0.18113846675394354,9,沪深300;创业板;纳指;国债ETF;军工ETF;半导体ETF;证券ETF;创新药ETF;有色ETF,沪深300;创业板;纳指;国债ETF,军工ETF;半导体ETF;证券ETF;创新药ETF;有色ETF
2021-06-21,925852.5945115474,0.0,925852.5945115474,0.0,False,liquidate,-0.18107347774336838,9,沪深300;创业板;纳指;国债ETF;军工ETF;半导体ETF;创新药ETF;证券ETF;有色ETF,沪深300;创业板;纳指;国债ETF,军工ETF;半导体ETF;创新药ETF;证券ETF;有色ETF
2021-06-22,925926.0748761912,0.0,925926.0748761912,0.0,False,liquidate,-0.18100848357493524,9,沪深300;创业板;纳指;国债ETF;军工ETF;半导体ETF;创新药ETF;有色ETF;证券ETF,沪深300;创业板;纳指;国债ETF,军工ETF;半导体ETF;创新药ETF;有色ETF;证券ETF
2021-06-23,925999.56107261,0.0,925999.56107261,0.0,False,liquidate,-0.1809434842482348,9,沪深300;创业板;纳指;国债ETF;军工ETF;半导体ETF;创新药ETF;有色ETF;证券ETF,沪深300;创业板;纳指;国债ETF,军工ETF;半导体ETF;创新药ETF;有色ETF;证券ETF
2021-06-24,926073.0531012666,0.0,926073.0531012666,0.0,False,liquidate,-0.18087847976285762,9,沪深300;创业板;纳指;国债ETF;军工ETF;半导体ETF;创新药ETF;有色ETF;证券ETF,沪深300;创业板;纳指;国债ETF,军工ETF;半导体ETF;创新药ETF;有色ETF;证券ETF
2021-06-25,926146.5509626239,0.0,926146.5509626239,0.0,False,liquidate,-0.1808134701183943,9,沪深300;创业板;纳指;国债ETF;半导体ETF;军工ETF;创新药ETF;有色ETF;证券ETF,沪深300;创业板;纳指;国债ETF,半导体ETF;军工ETF;创新药ETF;有色ETF;证券ETF
2021-06-28,926220.0546571448,0.0,926220.0546571448,0.0,False,liquidate,-0.1807484553144354,9,沪深300;创业板;纳指;国债ETF;半导体ETF;军工ETF;创新药ETF;证券ETF;有色ETF,沪深300;创业板;纳指;国债ETF,半导体ETF;军工ETF;创新药ETF;证券ETF;有色ETF
2021-06-29,926293.5641852922,0.0,926293.5641852922,0.0,False,liquidate,-0.18068343535057144,9,沪深300;创业板;纳指;国债ETF;半导体ETF;军工ETF;创新药ETF;证券ETF;有色ETF,沪深300;创业板;纳指;国债ETF,半导体ETF;军工ETF;创新药ETF;证券ETF;有色ETF
2021-06-30,926367.0795475292,0.0,926367.0795475292,0.0,False,liquidate,-0.18061841022639286,9,沪深300;创业板;纳指;国债ETF;半导体ETF;军工ETF;创新药ETF;证券ETF;有色ETF,沪深300;创业板;纳指;国债ETF,半导体ETF;军工ETF;创新药ETF;证券ETF;有色ETF
2021-07-01,926440.6007443188,0.0,926440.6007443188,0.0,False,liquidate,-0.18055337994149012,9,沪深300;创业板;纳指;国债ETF;半导体ETF;创新药ETF;军工ETF;证券ETF;有色ETF,沪深300;创业板;纳指;国债ETF,半导体ETF;创新药ETF;军工ETF;证券ETF;有色ETF
2021-07-02,926514.1277761239,0.0,926514.1277761239,0.0,False,liquidate,-0.1804883444954537,9,沪深300;创业板;纳指;国债ETF;半导体ETF;创新药ETF;有色ETF;军工ETF;证券ETF,沪深300;创业板;纳指;国债ETF,半导体ETF;创新药ETF;有色ETF;军工ETF;证券ETF
2021-07-05,926587.6606434078,0.0,926587.6606434078,0.0,False,liquidate,-0.1804233038878739,9,沪深300;创业板;纳指;国债ETF;半导体ETF;有色ETF;创新药ETF;军工ETF;证券ETF,沪深300;创业板;纳指;国债ETF,半导体ETF;有色ETF;创新药ETF;军工ETF;证券ETF
2021-07-06,926661.1993466335,0.0,926661.1993466335,0.0,False,liquidate,-0.1803582581183412,9,沪深300;创业板;纳指;国债ETF;半导体ETF;有色ETF;军工ETF;创新药ETF;证券ETF,沪深300;创业板;纳指;国债ETF,半导体ETF;有色ETF;军工ETF;创新药ETF;证券ETF
2021-07-07,926734.7438862643,0.0,926734.7438862643,0.0,False,liquidate,-0.18029320718644573,9,沪深300;创业板;纳指;国债ETF;半导体ETF;有色ETF;军工ETF;创新药ETF;证券ETF,沪深300;创业板;纳指;国债ETF,半导体ETF;有色ETF;军工ETF;创新药ETF;证券ETF
2021-07-08,926808.2942627632,0.0,926808.2942627632,0.0,False,liquidate,-0.18022815109177795,9,沪深300;创业板;纳指;国债ETF;半导体ETF;有色ETF;军工ETF;证券ETF;创新药ETF,沪深300;创业板;纳指;国债ETF,半导体ETF;有色ETF;军工ETF;证券ETF;创新药ETF
2021-07-09,926881.8504765936,0.0,926881.8504765936,0.0,False,liquidate,-0.18016308983392812,8,创业板;纳指;国债ETF;半导体ETF;有色ETF;军工ETF;证券ETF;创新药ETF,创业板;纳指;国债ETF,半导体ETF;有色ETF;军工ETF;证券ETF;创新药ETF
2021-07-12,926955.4125282188,0.0,926955.4125282188,0.0,False,liquidate,-0.18009802341248626,8,创业板;纳指;国债ETF;半导体ETF;有色ETF;军工ETF;证券ETF;创新药ETF,创业板;纳指;国债ETF,半导体ETF;有色ETF;军工ETF;证券ETF;创新药ETF
2021-07-13,927028.980418102,0.0,927028.980418102,0.0,False,liquidate,-0.18003295182704282,9,沪深300;创业板;纳指;国债ETF;有色ETF;半导体ETF;军工ETF;创新药ETF;证券ETF,沪深300;创业板;纳指;国债ETF,有色ETF;半导体ETF;军工ETF;创新药ETF;证券ETF
2021-07-14,927102.5541467067,401159.81249977025,525942.7416469364,0.5,False,halve,-0.17996787507718776,8,创业板;纳指;国债ETF;有色ETF;半导体ETF;创新药ETF;军工ETF;证券ETF,创业板;纳指;国债ETF,有色ETF;半导体ETF;创新药ETF;军工ETF;证券ETF
2021-07-15,931551.981245117,411281.9089311659,520270.07231395115,0.5,False,halve,-0.17603230922001378,9,沪深300;创业板;纳指;国债ETF;有色ETF;半导体ETF;创新药ETF;军工ETF;证券ETF,沪深300;创业板;纳指;国债ETF,有色ETF;半导体ETF;创新药ETF;军工ETF;证券ETF
2021-07-16,933637.1255183828,424865.9187133472,508771.2068050356,0.5,False,halve,-0.1741879768087516,9,沪深300;创业板;纳指;国债ETF;有色ETF;半导体ETF;军工ETF;创新药ETF;证券ETF,沪深300;创业板;纳指;国债ETF,有色ETF;半导体ETF;军工ETF;创新药ETF;证券ETF
2021-07-19,933187.625408476,466593.812704238,466593.812704238,0.5,False,halve,-0.1745855644635706,9,沪深300;创业板;纳指;国债ETF;有色ETF;半导体ETF;军工ETF;创新药ETF;证券ETF,沪深300;创业板;纳指;国债ETF,有色ETF;半导体ETF;军工ETF;创新药ETF;证券ETF
2021-07-20,937142.9476168004,468571.4738084003,468571.47380840016,0.5,False,halve,-0.17108703966635228,8,创业板;纳指;国债ETF;有色ETF;半导体ETF;军工ETF;创新药ETF;证券ETF,创业板;纳指;国债ETF,有色ETF;半导体ETF;军工ETF;创新药ETF;证券ETF
2021-07-21,949706.3199236325,430996.41953663906,518709.9003869935,0.5,False,halve,-0.15997460249002488,8,创业板;纳指;国债ETF;有色ETF;半导体ETF;军工ETF;创新药ETF;证券ETF,创业板;纳指;国债ETF,有色ETF;半导体ETF;军工ETF;创新药ETF;证券ETF
2021-07-22,952923.778943523,476461.88947176153,476461.8894717614,0.5,False,halve,-0.15712872557475613,8,创业板;纳指;国债ETF;有色ETF;半导体ETF;军工ETF;证券ETF;创新药ETF,创业板;纳指;国债ETF,有色ETF;半导体ETF;军工ETF;证券ETF;创新药ETF
2021-07-23,953472.1579093032,476736.0789546516,476736.0789546516,0.5,False,halve,-0.15664367851436306,8,创业板;纳指;国债ETF;有色ETF;半导体ETF;军工ETF;证券ETF;创新药ETF,创业板;纳指;国债ETF,有色ETF;半导体ETF;军工ETF;证券ETF;创新药ETF
2021-07-26,949886.9875888445,474943.49379442225,474943.49379442225,0.5,False,halve,-0.15981480000782272,8,创业板;纳指;国债ETF;有色ETF;半导体ETF;军工ETF;证券ETF;创新药ETF,创业板;纳指;国债ETF,有色ETF;半导体ETF;军工ETF;证券ETF;创新药ETF
2021-07-27,939451.8854555035,421176.42827190773,518275.45718359575,0.5,False,halve,-0.16904475945288763,7,纳指;国债ETF;有色ETF;半导体ETF;军工ETF;证券ETF;创新药ETF,纳指;国债ETF,有色ETF;半导体ETF;军工ETF;证券ETF;创新药ETF
2021-07-28,931434.4343083224,403194.23049231607,528240.2038160063,0.5,False,halve,-0.17613628074282617,8,创业板;纳指;国债ETF;有色ETF;半导体ETF;军工ETF;证券ETF;创新药ETF,创业板;纳指;国债ETF,有色ETF;半导体ETF;军工ETF;证券ETF;创新药ETF
2021-07-29,948763.0230053985,348342.6167901759,600420.4062152226,0.5,False,halve,-0.160808958703189,8,创业板;纳指;国债ETF;有色ETF;半导体ETF;军工ETF;证券ETF;创新药ETF,创业板;纳指;国债ETF,有色ETF;半导体ETF;军工ETF;证券ETF;创新药ETF
2021-07-30,948858.0729318357,358983.061466762,589875.0114650737,0.5,False,halve,-0.16072488602665344,8,创业板;纳指;国债ETF;半导体ETF;有色ETF;军工ETF;证券ETF;创新药ETF,创业板;纳指;国债ETF,半导体ETF;有色ETF;军工ETF;证券ETF;创新药ETF
2021-08-02,954849.4910787886,365878.19693241845,588971.2941463701,0.5,False,halve,-0.15542541259475362,8,创业板;纳指;国债ETF;半导体ETF;有色ETF;军工ETF;证券ETF;创新药ETF,创业板;纳指;国债ETF,半导体ETF;有色ETF;军工ETF;证券ETF;创新药ETF
2021-08-03,947838.2186853203,352665.21092481434,595173.007760506,0.5,False,halve,-0.16162695801549748,8,创业板;纳指;国债ETF;军工ETF;半导体ETF;有色ETF;创新药ETF;证券ETF,创业板;纳指;国债ETF,军工ETF;半导体ETF;有色ETF;创新药ETF;证券ETF
2021-08-04,956431.9158725925,350458.41994680144,605973.4959257911,0.5,False,halve,-0.15402574093988708,8,创业板;纳指;国债ETF;有色ETF;军工ETF;半导体ETF;创新药ETF;证券ETF,创业板;纳指;国债ETF,有色ETF;军工ETF;半导体ETF;创新药ETF;证券ETF
2021-08-05,956934.0729391023,361441.8616513872,595492.2112877151,0.5,False,halve,-0.1535815776437628,8,创业板;纳指;国债ETF;军工ETF;半导体ETF;有色ETF;创新药ETF;证券ETF,创业板;纳指;国债ETF,军工ETF;半导体ETF;有色ETF;创新药ETF;证券ETF
2021-08-06,956880.7703045104,372147.77169345814,584732.9986110523,0.5,False,halve,-0.1536287243941551,8,创业板;纳指;国债ETF;军工ETF;有色ETF;半导体ETF;创新药ETF;证券ETF,创业板;纳指;国债ETF,军工ETF;有色ETF;半导体ETF;创新药ETF;证券ETF
2021-08-09,954642.3075654325,379083.11307398265,575559.1944914499,0.5,False,halve,-0.15560866862823824,8,创业板;纳指;国债ETF;军工ETF;半导体ETF;有色ETF;证券ETF;创新药ETF,创业板;纳指;国债ETF,军工ETF;半导体ETF;有色ETF;证券ETF;创新药ETF
2021-08-10,957571.3432315061,391115.5967454169,566455.7464860892,0.5,False,halve,-0.15301790525423842,8,创业板;纳指;国债ETF;军工ETF;半导体ETF;有色ETF;证券ETF;创新药ETF,创业板;纳指;国债ETF,军工ETF;半导体ETF;有色ETF;证券ETF;创新药ETF
2021-08-11,957298.3014408604,402566.22012686625,554732.0813139941,0.5,False,halve,-0.15325941363836965,8,创业板;纳指;国债ETF;军工ETF;半导体ETF;有色ETF;证券ETF;创新药ETF,创业板;纳指;国债ETF,军工ETF;半导体ETF;有色ETF;证券ETF;创新药ETF
2021-08-12,956150.1921391386,412874.5205598838,543275.6715792548,0.5,False,halve,-0.1542749285952895,8,创业板;纳指;国债ETF;半导体ETF;军工ETF;有色ETF;证券ETF;创新药ETF,创业板;纳指;国债ETF,半导体ETF;军工ETF;有色ETF;证券ETF;创新药ETF
2021-08-13,952809.6029444841,417661.8651568764,535147.7377876077,0.5,False,halve,-0.15722971546706982,8,创业板;纳指;国债ETF;军工ETF;有色ETF;半导体ETF;证券ETF;创新药ETF,创业板;纳指;国债ETF,军工ETF;有色ETF;半导体ETF;证券ETF;创新药ETF
2021-08-16,948728.7774751702,420522.4898152129,528206.2876599573,0.5,False,halve,-0.16083924924094728,8,创业板;纳指;国债ETF;军工ETF;半导体ETF;有色ETF;证券ETF;创新药ETF,创业板;纳指;国债ETF,军工ETF;半导体ETF;有色ETF;证券ETF;创新药ETF
2021-08-17,939446.2230111773,398107.9293742381,541338.2936369391,0.5,False,halve,-0.16904976794545656,8,纳指;黄金;国债ETF;军工ETF;有色ETF;半导体ETF;证券ETF;创新药ETF,纳指;黄金;国债ETF,军工ETF;有色ETF;半导体ETF;证券ETF;创新药ETF
2021-08-18,948511.6167688497,388597.1188291155,559914.4979397341,0.5,False,halve,-0.16103133020831953,8,纳指;黄金;国债ETF;军工ETF;有色ETF;证券ETF;半导体ETF;创新药ETF,纳指;黄金;国债ETF,军工ETF;有色ETF;证券ETF;半导体ETF;创新药ETF
2021-08-19,951590.1953199675,399802.7128330208,551787.4824869467,0.5,False,halve,-0.1583082945530694,8,纳指;黄金;国债ETF;军工ETF;有色ETF;半导体ETF;证券ETF;创新药ETF,纳指;黄金;国债ETF,军工ETF;有色ETF;半导体ETF;证券ETF;创新药ETF
2021-08-20,948850.2106163134,407298.81189941836,541551.398716895,0.5,False,halve,-0.16073184032882393,8,纳指;黄金;国债ETF;军工ETF;有色ETF;证券ETF;半导体ETF;创新药ETF,纳指;黄金;国债ETF,军工ETF;有色ETF;证券ETF;半导体ETF;创新药ETF
2021-08-23,957897.8149199004,400283.5730763144,557614.241843586,0.5,False,halve,-0.15272913755409165,8,纳指;黄金;国债ETF;军工ETF;有色ETF;证券ETF;半导体ETF;创新药ETF,纳指;黄金;国债ETF,军工ETF;有色ETF;证券ETF;半导体ETF;创新药ETF
2021-08-24,964574.2615379797,404946.0060608137,559628.255477166,0.5,False,halve,-0.14682374911279203,8,纳指;黄金;国债ETF;军工ETF;有色ETF;证券ETF;半导体ETF;创新药ETF,纳指;黄金;国债ETF,军工ETF;有色ETF;证券ETF;半导体ETF;创新药ETF
2021-08-25,963107.609703111,414544.6399751395,548562.9697279715,0.5,False,halve,-0.1481210183472364,8,纳指;黄金;国债ETF;军工ETF;有色ETF;证券ETF;半导体ETF;创新药ETF,纳指;黄金;国债ETF,军工ETF;有色ETF;证券ETF;半导体ETF;创新药ETF
2021-08-26,958321.6082693648,390074.8475638235,568246.7607055414,0.5,False,halve,-0.1523542878038293,8,纳指;黄金;国债ETF;军工ETF;有色ETF;证券ETF;半导体ETF;酒ETF,纳指;黄金;国债ETF,军工ETF;有色ETF;证券ETF;半导体ETF;酒ETF
2021-08-27,959427.0754899861,427101.20603127265,532325.8694587135,0.5,False,halve,-0.15137649022371916,8,纳指;黄金;国债ETF;有色ETF;军工ETF;证券ETF;半导体ETF;创新药ETF,纳指;黄金;国债ETF,有色ETF;军工ETF;证券ETF;半导体ETF;创新药ETF
2021-08-30,961555.6504945944,440928.1166529093,520627.53384168504,0.5,False,halve,-0.14949374286607323,8,纳指;黄金;国债ETF;有色ETF;军工ETF;半导体ETF;证券ETF;创新药ETF,纳指;黄金;国债ETF,有色ETF;军工ETF;半导体ETF;证券ETF;创新药ETF
2021-08-31,961226.3959446696,428082.01614774275,533144.3797969269,0.5,False,halve,-0.1497849720370076,8,纳指;黄金;国债ETF;有色ETF;军工ETF;证券ETF;半导体ETF;酒ETF,纳指;黄金;国债ETF,有色ETF;军工ETF;证券ETF;半导体ETF;酒ETF
2021-09-01,959166.756683975,437117.8292248681,522048.9274591069,0.5,False,halve,-0.15160674499186305,8,纳指;黄金;国债ETF;有色ETF;证券ETF;军工ETF;半导体ETF;酒ETF,纳指;黄金;国债ETF,有色ETF;证券ETF;军工ETF;半导体ETF;酒ETF
2021-09-02,957236.4564718945,478618.2282359473,478618.2282359472,0.5,False,halve,-0.15331411617487978,8,纳指;黄金;国债ETF;有色ETF;证券ETF;军工ETF;半导体ETF;酒ETF,纳指;黄金;国债ETF,有色ETF;证券ETF;军工ETF;半导体ETF;酒ETF
2021-09-03,950014.7425154699,439414.2373287678,510600.5051867021,0.5,False,halve,-0.15970179940882598,8,纳指;黄金;国债ETF;有色ETF;证券ETF;军工ETF;半导体ETF;酒ETF,纳指;黄金;国债ETF,有色ETF;证券ETF;军工ETF;半导体ETF;酒ETF
2021-09-06,960618.0168542399,423933.5764749782,536684.4403792617,0.5,False,halve,-0.15032308984938156,8,纳指;黄金;国债ETF;有色ETF;证券ETF;军工ETF;半导体ETF;创新药ETF,纳指;黄金;国债ETF,有色ETF;证券ETF;军工ETF;半导体ETF;创新药ETF
2021-09-07,965719.6421097405,432316.5949279892,533403.0471817513,0.5,False,halve,-0.14581064774670766,8,纳指;黄金;国债ETF;有色ETF;证券ETF;军工ETF;半导体ETF;创新药ETF,纳指;黄金;国债ETF,有色ETF;证券ETF;军工ETF;半导体ETF;创新药ETF
2021-09-08,963145.713118105,440647.9963961501,522497.7167219549,0.5,False,halve,-0.14808731546914103,7,纳指;国债ETF;有色ETF;证券ETF;军工ETF;半导体ETF;创新药ETF,纳指;国债ETF,有色ETF;证券ETF;军工ETF;半导体ETF;创新药ETF
2021-09-09,966729.0651482078,483364.5325741039,483364.5325741039,0.5,False,halve,-0.14491780227294856,7,纳指;国债ETF;有色ETF;证券ETF;军工ETF;半导体ETF;创新药ETF,纳指;国债ETF,有色ETF;证券ETF;军工ETF;半导体ETF;创新药ETF
2021-09-10,973475.0942429957,486737.5471214979,486737.5471214978,0.5,False,halve,-0.13895086738678425,7,纳指;国债ETF;有色ETF;证券ETF;军工ETF;半导体ETF;创新药ETF,纳指;国债ETF,有色ETF;证券ETF;军工ETF;半导体ETF;创新药ETF
2021-09-13,970375.5890676668,485187.79453383345,485187.79453383334,0.5,False,halve,-0.14169241286496878,7,纳指;国债ETF;有色ETF;证券ETF;军工ETF;半导体ETF;创新药ETF,纳指;国债ETF,有色ETF;证券ETF;军工ETF;半导体ETF;创新药ETF
2021-09-14,964981.5140554385,482490.7570277192,482490.7570277192,0.5,False,halve,-0.14646352990535036,7,纳指;国债ETF;有色ETF;证券ETF;军工ETF;半导体ETF;创新药ETF,纳指;国债ETF,有色ETF;证券ETF;军工ETF;半导体ETF;创新药ETF
2021-09-15,963852.1933398629,481926.09666993143,481926.09666993143,0.5,False,halve,-0.1474624261568715,7,纳指;国债ETF;有色ETF;证券ETF;军工ETF;半导体ETF;创新药ETF,纳指;国债ETF,有色ETF;证券ETF;军工ETF;半导体ETF;创新药ETF
2021-09-16,951373.7294960943,436132.57345935394,515241.15603674034,0.5,False,halve,-0.1584997608894849,7,纳指;国债ETF;有色ETF;证券ETF;军工ETF;酒ETF;创新药ETF,纳指;国债ETF,有色ETF;证券ETF;军工ETF;酒ETF;创新药ETF
2021-09-17,954880.215772284,477440.107886142,477440.107886142,0.5,False,halve,-0.15539823627474256,7,纳指;国债ETF;有色ETF;证券ETF;创新药ETF;酒ETF;军工ETF,纳指;国债ETF,有色ETF;证券ETF;创新药ETF;酒ETF;军工ETF
2021-09-22,953563.612073095,476781.8060365476,476781.80603654747,0.5,False,halve,-0.15656278632834564,6,沪深300;有色ETF;证券ETF;创新药ETF;军工ETF;酒ETF,沪深300,有色ETF;证券ETF;创新药ETF;军工ETF;酒ETF
2021-09-23,957597.1272137673,478798.5636068837,478798.5636068836,0.5,False,halve,-0.15299509904615705,8,沪深300;纳指;国债ETF;有色ETF;证券ETF;军工ETF;创新药ETF;酒ETF,沪深300;纳指;国债ETF,有色ETF;证券ETF;军工ETF;创新药ETF;酒ETF
2021-09-24,955171.390817883,477585.69540894154,477585.6954089414,0.5,False,halve,-0.15514068883266177,8,沪深300;纳指;国债ETF;证券ETF;有色ETF;创新药ETF;军工ETF;酒ETF,沪深300;纳指;国债ETF,证券ETF;有色ETF;创新药ETF;军工ETF;酒ETF
2021-09-27,951023.1766949452,475511.58834747266,475511.58834747254,0.5,False,halve,-0.1588098285914216,8,沪深300;纳指;国债ETF;证券ETF;酒ETF;军工ETF;有色ETF;创新药ETF,沪深300;纳指;国债ETF,证券ETF;酒ETF;军工ETF;有色ETF;创新药ETF
2021-09-28,950618.6109568904,475309.30547844525,475309.30547844514,0.5,False,halve,-0.15916767131374415,6,纳指;证券ETF;军工ETF;酒ETF;创新药ETF;有色ETF,纳指,证券ETF;军工ETF;酒ETF;创新药ETF;有色ETF
2021-09-29,940206.5105998283,470103.25529991416,470103.25529991416,0.5,False,halve,-0.16837728544167596,6,国债ETF;证券ETF;军工ETF;创新药ETF;酒ETF;有色ETF,国债ETF,证券ETF;军工ETF;创新药ETF;酒ETF;有色ETF
2021-09-30,944472.7028545025,472236.3514272513,472236.3514272512,0.5,False,halve,-0.16460379276356596,6,国债ETF;证券ETF;军工ETF;酒ETF;创新药ETF;有色ETF,国债ETF,证券ETF;军工ETF;酒ETF;创新药ETF;有色ETF
2021-10-08,945685.9194243704,472842.95971218526,472842.95971218514,0.5,False,halve,-0.16353068973161927,6,国债ETF;证券ETF;酒ETF;创新药ETF;军工ETF;有色ETF,国债ETF,证券ETF;酒ETF;创新药ETF;军工ETF;有色ETF
2021-10-11,946671.1768203035,473335.58841015183,473335.5884101517,0.5,False,halve,-0.16265921902714406,6,沪深300;酒ETF;证券ETF;军工ETF;创新药ETF;有色ETF,沪深300,酒ETF;证券ETF;军工ETF;创新药ETF;有色ETF
2021-10-12,937537.7357120989,468768.86785604944,468768.86785604944,0.5,False,halve,-0.17073784537362402,7,黄金;国债ETF;酒ETF;证券ETF;军工ETF;创新药ETF;有色ETF,黄金;国债ETF,酒ETF;证券ETF;军工ETF;创新药ETF;有色ETF
2021-10-13,944426.5429106501,472213.27145532507,472213.27145532507,0.5,False,halve,-0.16464462172760477,7,黄金;国债ETF;酒ETF;证券ETF;军工ETF;有色ETF;创新药ETF,黄金;国债ETF,酒ETF;证券ETF;军工ETF;有色ETF;创新药ETF
2021-10-14,947375.1415208688,473687.5707604344,473687.5707604344,0.5,False,halve,-0.1620365547202741,7,黄金;国债ETF;酒ETF;军工ETF;证券ETF;有色ETF;创新药ETF,黄金;国债ETF,酒ETF;军工ETF;证券ETF;有色ETF;创新药ETF
2021-10-15,947706.9819949148,473853.4909974574,473853.4909974574,0.5,False,halve,-0.16174303827179679,7,黄金;国债ETF;酒ETF;军工ETF;证券ETF;半导体ETF;有色ETF,黄金;国债ETF,酒ETF;军工ETF;证券ETF;半导体ETF;有色ETF
2021-10-18,943939.2470456365,471969.6235228183,471969.6235228182,0.5,False,halve,-0.16507564013205842,5,军工ETF;酒ETF;证券ETF;有色ETF;半导体ETF,,军工ETF;酒ETF;证券ETF;有色ETF;半导体ETF
2021-10-19,946648.8804978231,473324.44024891156,473324.44024891156,0.5,False,halve,-0.16267894036284725,6,纳指;军工ETF;酒ETF;半导体ETF;证券ETF;创新药ETF,纳指,军工ETF;酒ETF;半导体ETF;证券ETF;创新药ETF
2021-10-20,946631.4222461486,473315.7111230743,473315.7111230743,0.5,False,halve,-0.16269438237317724,8,沪深300;创业板;纳指;军工ETF;酒ETF;证券ETF;有色ETF;半导体ETF,沪深300;创业板;纳指,军工ETF;酒ETF;证券ETF;有色ETF;半导体ETF
2021-10-21,945770.3761177016,544570.1702282232,401200.20588947844,0.5,False,halve,-0.16345598688306534,8,沪深300;创业板;纳指;酒ETF;军工ETF;证券ETF;有色ETF;创新药ETF,沪深300;创业板;纳指,酒ETF;军工ETF;证券ETF;有色ETF;创新药ETF
2021-10-22,944461.5132745337,472230.7566372669,472230.7566372668,0.5,False,halve,-0.16461369006672597,8,沪深300;创业板;纳指;军工ETF;酒ETF;证券ETF;半导体ETF;创新药ETF,沪深300;创业板;纳指,军工ETF;酒ETF;证券ETF;半导体ETF;创新药ETF
2021-10-25,947903.529548992,515363.5523936856,432539.97715530643,0.5,False,halve,-0.16156918985805072,8,沪深300;创业板;纳指;军工ETF;酒ETF;证券ETF;半导体ETF;有色ETF,沪深300;创业板;纳指,军工ETF;酒ETF;证券ETF;半导体ETF;有色ETF
2021-10-26,947446.9272327789,584251.2775649588,363195.6496678201,0.5,False,halve,-0.16197305949030905,8,沪深300;创业板;纳指;酒ETF;军工ETF;证券ETF;有色ETF;创新药ETF,沪深300;创业板;纳指,酒ETF;军工ETF;证券ETF;有色ETF;创新药ETF
2021-10-27,939104.5615361184,564678.7425630064,374425.81897311204,0.5,False,halve,-0.16935197117436976,6,沪深300;酒ETF;军工ETF;证券ETF;有色ETF;创新药ETF,沪深300,酒ETF;军工ETF;证券ETF;有色ETF;创新药ETF
2021-10-28,932108.2045024517,557719.0833997072,374389.1211027445,0.5,False,halve,-0.1755403237998426,5,酒ETF;军工ETF;证券ETF;有色ETF;创新药ETF,,酒ETF;军工ETF;证券ETF;有色ETF;创新药ETF
2021-10-29,940190.3029268251,470095.1514634126,470095.1514634125,0.5,False,halve,-0.16839162130179566,8,沪深300;创业板;纳指;军工ETF;酒ETF;证券ETF;有色ETF;半导体ETF,沪深300;创业板;纳指,军工ETF;酒ETF;证券ETF;有色ETF;半导体ETF
2021-11-01,941448.7320899721,516005.7465254,425442.9855645721,0.5,False,halve,-0.16727852724752454,8,沪深300;创业板;纳指;军工ETF;酒ETF;证券ETF;有色ETF;半导体ETF,沪深300;创业板;纳指,军工ETF;酒ETF;证券ETF;有色ETF;半导体ETF
2021-11-02,942207.4165017346,0.0,942207.4165017346,0.0,True,halve,-0.16660746277084856,0,,沪深300;创业板;纳指;国债ETF,军工ETF;酒ETF;证券ETF;半导体ETF;有色ETF
2021-11-03,942207.4165017346,0.0,942207.4165017346,0.0,True,halve,-0.16660746277084856,0,,沪深300;创业板;纳指,军工ETF;酒ETF;半导体ETF;有色ETF;证券ETF
2021-11-04,942207.4165017346,0.0,942207.4165017346,0.0,True,halve,-0.16660746277084856,0,,创业板;纳指,军工ETF;酒ETF;半导体ETF;证券ETF;有色ETF
2021-11-05,942207.4165017346,0.0,942207.4165017346,0.0,True,halve,-0.16660746277084856,0,,创业板;纳指,军工ETF;酒ETF;半导体ETF;证券ETF;有色ETF
2021-11-08,942207.4165017346,0.0,942207.4165017346,0.0,True,halve,-0.16660746277084856,0,,沪深300;创业板;纳指;国债ETF,军工ETF;酒ETF;证券ETF;半导体ETF;有色ETF
2021-11-09,942207.4165017346,566241.3366935787,375966.0798081559,0.5,False,halve,-0.16660746277084856,8,创业板;纳指;国债ETF;军工ETF;半导体ETF;证券ETF;有色ETF;酒ETF,创业板;纳指;国债ETF,军工ETF;半导体ETF;证券ETF;有色ETF;酒ETF
2021-11-10,938019.5014751117,569888.0488285691,368131.4526465426,0.5,False,halve,-0.170311718403537,8,创业板;纳指;国债ETF;军工ETF;半导体ETF;证券ETF;有色ETF;酒ETF,创业板;纳指;国债ETF,军工ETF;半导体ETF;证券ETF;有色ETF;酒ETF
2021-11-11,945520.7744406268,568790.6694682016,376730.10497242527,0.5,False,halve,-0.16367676223604052,9,创业板;纳指;黄金;国债ETF;军工ETF;证券ETF;半导体ETF;有色ETF;酒ETF,创业板;纳指;黄金;国债ETF,军工ETF;证券ETF;半导体ETF;有色ETF;酒ETF
2021-11-12,947276.121954219,587375.6622904721,359900.4596637469,0.5,False,halve,-0.16212413858603478,9,创业板;纳指;黄金;国债ETF;军工ETF;证券ETF;半导体ETF;酒ETF;有色ETF,创业板;纳指;黄金;国债ETF,军工ETF;证券ETF;半导体ETF;酒ETF;有色ETF
2021-11-15,941146.3387514706,622322.2689397731,318824.06981169747,0.5,False,halve,-0.16754599738966236,9,创业板;纳指;黄金;国债ETF;军工ETF;半导体ETF;证券ETF;酒ETF;创新药ETF,创业板;纳指;黄金;国债ETF,军工ETF;半导体ETF;证券ETF;酒ETF;创新药ETF
2021-11-16,939181.3319500217,635890.1443021563,303291.1876478654,0.5,False,halve,-0.1692840669221781,9,创业板;纳指;黄金;国债ETF;军工ETF;酒ETF;半导体ETF;证券ETF;创新药ETF,创业板;纳指;黄金;国债ETF,军工ETF;酒ETF;半导体ETF;证券ETF;创新药ETF
2021-11-17,942830.1009826369,653273.8982129573,289556.2027696796,0.5,False,halve,-0.16605669168759907,9,创业板;纳指;黄金;国债ETF;军工ETF;半导体ETF;酒ETF;证券ETF;创新药ETF,创业板;纳指;黄金;国债ETF,军工ETF;半导体ETF;酒ETF;证券ETF;创新药ETF
2021-11-18,941452.6210890978,662292.8693042033,279159.7517848945,0.5,False,halve,-0.16727508738620328,9,创业板;纳指;黄金;国债ETF;军工ETF;酒ETF;半导体ETF;有色ETF;创新药ETF,创业板;纳指;黄金;国债ETF,军工ETF;酒ETF;半导体ETF;有色ETF;创新药ETF
2021-11-19,944648.378218794,599643.8798291758,345004.49838961824,0.5,False,halve,-0.16444840602492283,10,沪深300;创业板;纳指;黄金;国债ETF;军工ETF;酒ETF;半导体ETF;证券ETF;有色ETF,沪深300;创业板;纳指;黄金;国债ETF,军工ETF;酒ETF;半导体ETF;证券ETF;有色ETF
2021-11-22,956516.4119212381,0.0,956516.4119212381,0.0,True,halve,-0.15395100328113673,0,,沪深300;创业板;纳指;黄金;国债ETF,军工ETF;酒ETF;半导体ETF;有色ETF;证券ETF
2021-11-23,956516.4119212381,0.0,956516.4119212381,0.0,True,halve,-0.15395100328113673,0,,沪深300;创业板;纳指;国债ETF,酒ETF;军工ETF;半导体ETF;证券ETF;创新药ETF
2021-11-24,956516.4119212381,0.0,956516.4119212381,0.0,True,halve,-0.15395100328113673,0,,沪深300;创业板;纳指;黄金;国债ETF,酒ETF;军工ETF;半导体ETF;有色ETF;证券ETF
2021-11-25,956516.4119212381,0.0,956516.4119212381,0.0,True,halve,-0.15395100328113673,0,,沪深300;创业板;纳指;黄金;国债ETF,酒ETF;军工ETF;半导体ETF;有色ETF;证券ETF
2021-11-26,956516.4119212381,0.0,956516.4119212381,0.0,True,halve,-0.15395100328113673,0,,创业板;纳指;黄金;国债ETF,酒ETF;军工ETF;半导体ETF;有色ETF;创新药ETF
2021-11-29,956516.4119212381,0.0,956516.4119212381,0.0,True,halve,-0.15395100328113673,0,,创业板;纳指;黄金;国债ETF,酒ETF;军工ETF;创新药ETF;有色ETF;半导体ETF
2021-11-30,956516.4119212381,0.0,956516.4119212381,0.0,True,halve,-0.15395100328113673,0,,创业板;纳指;黄金;国债ETF,军工ETF;酒ETF;创新药ETF;半导体ETF;有色ETF
2021-12-01,956516.4119212381,746204.3364507315,210312.07547050656,0.5,False,halve,-0.15395100328113673,9,创业板;纳指;黄金;国债ETF;军工ETF;半导体ETF;酒ETF;创新药ETF;有色ETF,创业板;纳指;黄金;国债ETF,军工ETF;半导体ETF;酒ETF;创新药ETF;有色ETF
2021-12-02,954660.6853354167,761763.3246468005,192897.36068861617,0.5,False,halve,-0.1555924132941287,8,创业板;纳指;国债ETF;军工ETF;半导体ETF;有色ETF;酒ETF;创新药ETF,创业板;纳指;国债ETF,军工ETF;半导体ETF;有色ETF;酒ETF;创新药ETF
2021-12-03,968581.2557721976,708970.1489618695,259611.10681032808,0.5,False,halve,-0.1432795198560153,8,创业板;纳指;国债ETF;半导体ETF;军工ETF;酒ETF;创新药ETF;有色ETF,创业板;纳指;国债ETF,半导体ETF;军工ETF;酒ETF;创新药ETF;有色ETF
2021-12-06,959494.4159009046,747335.1517301351,212159.2641707695,0.5,False,halve,-0.15131692691002568,10,沪深300;创业板;纳指;黄金;国债ETF;酒ETF;军工ETF;半导体ETF;证券ETF;创新药ETF,沪深300;创业板;纳指;黄金;国债ETF,酒ETF;军工ETF;半导体ETF;证券ETF;创新药ETF
2021-12-07,951633.3907027437,625461.1133618457,326172.27734089794,0.5,False,halve,-0.15827008777500975,8,创业板;纳指;国债ETF;酒ETF;军工ETF;证券ETF;半导体ETF;有色ETF,创业板;纳指;国债ETF,酒ETF;军工ETF;证券ETF;半导体ETF;有色ETF
2021-12-08,965788.1112442382,571508.0981972099,394280.01304702833,0.5,False,halve,-0.14575008606493617,9,沪深300;创业板;纳指;国债ETF;酒ETF;军工ETF;半导体ETF;有色ETF;创新药ETF,沪深300;创业板;纳指;国债ETF,酒ETF;军工ETF;半导体ETF;有色ETF;创新药ETF
2021-12-09,969633.495388282,647347.9700828634,322285.52530541865,0.5,False,halve,-0.1423488026614113,9,沪深300;创业板;纳指;国债ETF;酒ETF;半导体ETF;军工ETF;创新药ETF;证券ETF,沪深300;创业板;纳指;国债ETF,酒ETF;半导体ETF;军工ETF;创新药ETF;证券ETF
2021-12-10,964836.0004090366,604208.6667915395,360627.3336174971,0.5,False,halve,-0.14659223828192686,9,沪深300;创业板;纳指;国债ETF;酒ETF;半导体ETF;军工ETF;有色ETF;证券ETF,沪深300;创业板;纳指;国债ETF,酒ETF;半导体ETF;军工ETF;有色ETF;证券ETF
2021-12-13,966461.8206925027,624224.9550527422,342236.8656397605,0.5,False,halve,-0.14515418285231982,9,沪深300;创业板;纳指;国债ETF;酒ETF;军工ETF;半导体ETF;有色ETF;证券ETF,沪深300;创业板;纳指;国债ETF,酒ETF;军工ETF;半导体ETF;有色ETF;证券ETF
2021-12-14,962216.0355990615,680265.1063197333,281950.9292793282,0.5,False,halve,-0.14890962517805542,10,沪深300;创业板;纳指;黄金;国债ETF;酒ETF;军工ETF;半导体ETF;证券ETF;创新药ETF,沪深300;创业板;纳指;黄金;国债ETF,酒ETF;军工ETF;半导体ETF;证券ETF;创新药ETF
2021-12-15,954292.9094370801,651312.6318346331,302980.2776024471,0.5,False,halve,-0.15591771500973653,9,沪深300;创业板;纳指;国债ETF;酒ETF;证券ETF;半导体ETF;军工ETF;创新药ETF,沪深300;创业板;纳指;国债ETF,酒ETF;证券ETF;半导体ETF;军工ETF;创新药ETF
2021-12-16,954609.4207717518,671910.5414517237,282698.8793200281,0.5,False,halve,-0.15563775734898794,9,沪深300;创业板;纳指;国债ETF;酒ETF;证券ETF;半导体ETF;军工ETF;创新药ETF,沪深300;创业板;纳指;国债ETF,酒ETF;证券ETF;半导体ETF;军工ETF;创新药ETF
2021-12-17,942128.4492505246,601169.1385362599,340959.31071426475,0.5,False,halve,-0.1666773101491342,9,创业板;纳指;黄金;国债ETF;酒ETF;证券ETF;军工ETF;半导体ETF;创新药ETF,创业板;纳指;黄金;国债ETF,酒ETF;证券ETF;军工ETF;半导体ETF;创新药ETF
2021-12-20,932683.2726886813,571875.1467091505,360808.12597953074,0.5,False,halve,-0.17503166983850887,9,创业板;纳指;黄金;国债ETF;酒ETF;证券ETF;军工ETF;半导体ETF;创新药ETF,创业板;纳指;黄金;国债ETF,酒ETF;证券ETF;军工ETF;半导体ETF;创新药ETF
2021-12-21,936234.0463300976,583403.5728846528,352830.47344544483,0.5,False,halve,-0.17189097257555022,10,沪深300;创业板;纳指;黄金;国债ETF;酒ETF;证券ETF;军工ETF;半导体ETF;创新药ETF,沪深300;创业板;纳指;黄金;国债ETF,酒ETF;证券ETF;军工ETF;半导体ETF;创新药ETF
2021-12-22,936248.3123576469,601667.0744685363,334581.2378891106,0.5,False,halve,-0.17187835412160127,9,沪深300;创业板;纳指;国债ETF;酒ETF;证券ETF;军工ETF;半导体ETF;创新药ETF,沪深300;创业板;纳指;国债ETF,酒ETF;证券ETF;军工ETF;半导体ETF;创新药ETF
2021-12-23,938666.0113545121,580292.702490556,358373.308863956,0.5,False,halve,-0.16973987350049258,10,沪深300;创业板;纳指;黄金;国债ETF;酒ETF;证券ETF;军工ETF;半导体ETF;有色ETF,沪深300;创业板;纳指;黄金;国债ETF,酒ETF;证券ETF;军工ETF;半导体ETF;有色ETF
2021-12-24,932921.606409543,578956.6013431402,353965.0050664027,0.5,False,halve,-0.17482086111332004,9,沪深300;纳指;黄金;国债ETF;酒ETF;证券ETF;军工ETF;半导体ETF;有色ETF,沪深300;纳指;黄金;国债ETF,酒ETF;证券ETF;军工ETF;半导体ETF;有色ETF
2021-12-27,930919.2193705826,651537.5959282867,279381.62344229594,0.5,False,halve,-0.17659199386571317,9,沪深300;纳指;黄金;国债ETF;酒ETF;证券ETF;军工ETF;半导体ETF;创新药ETF,沪深300;纳指;黄金;国债ETF,酒ETF;证券ETF;军工ETF;半导体ETF;创新药ETF
2021-12-28,936584.4729938654,582238.8925109488,354345.58048291656,0.5,False,halve,-0.17158101644347637,10,沪深300;创业板;纳指;黄金;国债ETF;酒ETF;军工ETF;证券ETF;半导体ETF;有色ETF,沪深300;创业板;纳指;黄金;国债ETF,酒ETF;军工ETF;证券ETF;半导体ETF;有色ETF
2021-12-29,930434.8820826802,645925.5967152644,284509.28536741587,0.5,False,halve,-0.1770203953770686,9,沪深300;纳指;黄金;国债ETF;酒ETF;军工ETF;证券ETF;半导体ETF;创新药ETF,沪深300;纳指;黄金;国债ETF,酒ETF;军工ETF;证券ETF;半导体ETF;创新药ETF
2021-12-30,939973.7121313049,622918.714985404,317054.99714590085,0.5,False,halve,-0.16858319817696957,7,沪深300;国债ETF;军工ETF;证券ETF;酒ETF;半导体ETF;创新药ETF,沪深300;国债ETF,军工ETF;证券ETF;酒ETF;半导体ETF;创新药ETF
2021-12-31,905932.3911996073,0.0,905932.3911996073,0.0,False,liquidate,-0.19869311062834016,8,沪深300;纳指;国债ETF;军工ETF;证券ETF;半导体ETF;创新药ETF;有色ETF,沪深300;纳指;国债ETF,军工ETF;证券ETF;半导体ETF;创新药ETF;有色ETF
2022-01-04,906004.2905957343,0.0,906004.2905957343,0.0,False,liquidate,-0.19862951484346938,8,沪深300;纳指;国债ETF;军工ETF;证券ETF;半导体ETF;有色ETF;创新药ETF,沪深300;纳指;国债ETF,军工ETF;证券ETF;半导体ETF;有色ETF;创新药ETF
2022-01-05,906076.1956981625,0.0,906076.1956981625,0.0,False,liquidate,-0.19856591401131407,7,沪深300;国债ETF;军工ETF;证券ETF;半导体ETF;有色ETF;创新药ETF,沪深300;国债ETF,军工ETF;证券ETF;半导体ETF;有色ETF;创新药ETF
2022-01-06,906148.106507345,0.0,906148.106507345,0.0,False,liquidate,-0.19850230813147365,6,国债ETF;军工ETF;证券ETF;半导体ETF;有色ETF;创新药ETF,国债ETF,军工ETF;证券ETF;半导体ETF;有色ETF;创新药ETF
2022-01-07,906220.0230237345,0.0,906220.0230237345,0.0,False,liquidate,-0.19843869720354756,6,国债ETF;军工ETF;证券ETF;半导体ETF;创新药ETF;有色ETF,国债ETF,军工ETF;证券ETF;半导体ETF;创新药ETF;有色ETF
2022-01-10,906291.945247784,0.0,906291.945247784,0.0,False,liquidate,-0.1983750812271351,6,国债ETF;军工ETF;证券ETF;创新药ETF;半导体ETF;有色ETF,国债ETF,军工ETF;证券ETF;创新药ETF;半导体ETF;有色ETF
2022-01-11,906363.8731799466,0.0,906363.8731799466,0.0,False,liquidate,-0.19831146020183565,6,国债ETF;证券ETF;军工ETF;创新药ETF;半导体ETF;有色ETF,国债ETF,证券ETF;军工ETF;创新药ETF;半导体ETF;有色ETF
2022-01-12,906435.8068206751,0.0,906435.8068206751,0.0,False,liquidate,-0.19824783412724847,6,国债ETF;证券ETF;军工ETF;创新药ETF;有色ETF;半导体ETF,国债ETF,证券ETF;军工ETF;创新药ETF;有色ETF;半导体ETF
2022-01-13,906507.7461704229,0.0,906507.7461704229,0.0,False,liquidate,-0.19818420300297282,6,国债ETF;证券ETF;军工ETF;创新药ETF;半导体ETF;有色ETF,国债ETF,证券ETF;军工ETF;创新药ETF;半导体ETF;有色ETF
2022-01-14,906579.6912296428,0.0,906579.6912296428,0.0,False,liquidate,-0.1981205668286079,6,国债ETF;军工ETF;证券ETF;创新药ETF;半导体ETF;有色ETF,国债ETF,军工ETF;证券ETF;创新药ETF;半导体ETF;有色ETF
2022-01-17,906651.6419987881,0.0,906651.6419987881,0.0,False,liquidate,-0.19805692560375296,6,国债ETF;军工ETF;证券ETF;半导体ETF;创新药ETF;有色ETF,国债ETF,军工ETF;证券ETF;半导体ETF;创新药ETF;有色ETF
2022-01-18,906723.5984783119,0.0,906723.5984783119,0.0,False,liquidate,-0.19799327932800714,6,国债ETF;军工ETF;证券ETF;半导体ETF;创新药ETF;有色ETF,国债ETF,军工ETF;证券ETF;半导体ETF;创新药ETF;有色ETF
2022-01-19,906795.5606686673,0.0,906795.5606686673,0.0,False,liquidate,-0.19792962800096972,7,黄金;国债ETF;证券ETF;军工ETF;半导体ETF;创新药ETF;有色ETF,黄金;国债ETF,证券ETF;军工ETF;半导体ETF;创新药ETF;有色ETF
2022-01-20,906867.5285703078,0.0,906867.5285703078,0.0,False,liquidate,-0.19786597162223954,7,黄金;国债ETF;证券ETF;军工ETF;半导体ETF;有色ETF;创新药ETF,黄金;国债ETF,证券ETF;军工ETF;半导体ETF;有色ETF;创新药ETF
2022-01-21,906939.5021836864,0.0,906939.5021836864,0.0,False,liquidate,-0.19780231019141592,7,黄金;国债ETF;证券ETF;有色ETF;半导体ETF;军工ETF;创新药ETF,黄金;国债ETF,证券ETF;有色ETF;半导体ETF;军工ETF;创新药ETF
2022-01-24,907011.4815092565,0.0,907011.4815092565,0.0,False,liquidate,-0.19773864370809777,7,黄金;国债ETF;证券ETF;有色ETF;半导体ETF;军工ETF;创新药ETF,黄金;国债ETF,证券ETF;有色ETF;半导体ETF;军工ETF;创新药ETF
2022-01-25,907083.4665474716,0.0,907083.4665474716,0.0,False,liquidate,-0.19767497217188407,7,黄金;国债ETF;证券ETF;有色ETF;军工ETF;半导体ETF;创新药ETF,黄金;国债ETF,证券ETF;有色ETF;军工ETF;半导体ETF;创新药ETF
2022-01-26,907155.4572987849,0.0,907155.4572987849,0.0,False,liquidate,-0.19761129558237392,7,黄金;国债ETF;证券ETF;有色ETF;半导体ETF;军工ETF;创新药ETF,黄金;国债ETF,证券ETF;有色ETF;半导体ETF;军工ETF;创新药ETF
2022-01-27,907227.4537636499,0.0,907227.4537636499,0.0,False,liquidate,-0.19754761393916612,7,黄金;国债ETF;证券ETF;有色ETF;半导体ETF;军工ETF;创新药ETF,黄金;国债ETF,证券ETF;有色ETF;半导体ETF;军工ETF;创新药ETF
2022-01-28,907299.45594252,0.0,907299.45594252,0.0,False,liquidate,-0.19748392724185967,7,黄金;国债ETF;证券ETF;有色ETF;半导体ETF;军工ETF;创新药ETF,黄金;国债ETF,证券ETF;有色ETF;半导体ETF;军工ETF;创新药ETF
2022-02-07,907371.4638358488,0.0,907371.4638358488,0.0,False,liquidate,-0.19742023549005347,7,黄金;国债ETF;证券ETF;有色ETF;半导体ETF;创新药ETF;军工ETF,黄金;国债ETF,证券ETF;有色ETF;半导体ETF;创新药ETF;军工ETF
2022-02-08,907443.4774440898,0.0,907443.4774440898,0.0,False,liquidate,-0.1973565386833463,7,黄金;国债ETF;证券ETF;有色ETF;半导体ETF;创新药ETF;军工ETF,黄金;国债ETF,证券ETF;有色ETF;半导体ETF;创新药ETF;军工ETF
2022-02-09,907515.4967676966,0.0,907515.4967676966,0.0,False,liquidate,-0.19729283682133697,7,黄金;国债ETF;证券ETF;有色ETF;军工ETF;半导体ETF;创新药ETF,黄金;国债ETF,证券ETF;有色ETF;军工ETF;半导体ETF;创新药ETF
2022-02-10,907587.5218071226,0.0,907587.5218071226,0.0,False,liquidate,-0.19722912990362435,7,黄金;国债ETF;有色ETF;证券ETF;军工ETF;半导体ETF;酒ETF,黄金;国债ETF,有色ETF;证券ETF;军工ETF;半导体ETF;酒ETF
2022-02-11,907659.5525628217,0.0,907659.5525628217,0.0,False,liquidate,-0.19716541792980713,7,黄金;国债ETF;有色ETF;证券ETF;半导体ETF;军工ETF;酒ETF,黄金;国债ETF,有色ETF;证券ETF;半导体ETF;军工ETF;酒ETF
2022-02-14,907731.5890352473,0.0,907731.5890352473,0.0,False,liquidate,-0.19710170089948403,7,黄金;国债ETF;有色ETF;证券ETF;军工ETF;半导体ETF;酒ETF,黄金;国债ETF,有色ETF;证券ETF;军工ETF;半导体ETF;酒ETF
2022-02-15,907803.6312248533,0.0,907803.6312248533,0.0,False,liquidate,-0.19703797881225382,7,黄金;国债ETF;有色ETF;证券ETF;半导体ETF;军工ETF;酒ETF,黄金;国债ETF,有色ETF;证券ETF;半导体ETF;军工ETF;酒ETF
2022-02-16,907875.6791320934,0.0,907875.6791320934,0.0,False,liquidate,-0.19697425166771507,7,黄金;国债ETF;有色ETF;证券ETF;半导体ETF;酒ETF;军工ETF,黄金;国债ETF,有色ETF;证券ETF;半导体ETF;酒ETF;军工ETF
2022-02-17,907947.7327574214,0.0,907947.7327574214,0.0,False,liquidate,-0.19691051946546642,7,黄金;国债ETF;有色ETF;证券ETF;半导体ETF;酒ETF;军工ETF,黄金;国债ETF,有色ETF;证券ETF;半导体ETF;酒ETF;军工ETF
2022-02-18,908019.7921012911,0.0,908019.7921012911,0.0,False,liquidate,-0.1968467822051065,7,黄金;国债ETF;有色ETF;证券ETF;半导体ETF;酒ETF;军工ETF,黄金;国债ETF,有色ETF;证券ETF;半导体ETF;酒ETF;军工ETF
2022-02-21,908091.8571641564,0.0,908091.8571641564,0.0,False,liquidate,-0.19678303988623383,7,黄金;国债ETF;有色ETF;证券ETF;酒ETF;军工ETF;半导体ETF,黄金;国债ETF,有色ETF;证券ETF;酒ETF;军工ETF;半导体ETF
2022-02-22,908163.927946471,0.0,908163.927946471,0.0,False,liquidate,-0.196719292508447,7,黄金;国债ETF;有色ETF;证券ETF;军工ETF;半导体ETF;酒ETF,黄金;国债ETF,有色ETF;证券ETF;军工ETF;半导体ETF;酒ETF
2022-02-23,908236.004448689,0.0,908236.004448689,0.0,False,liquidate,-0.19665554007134445,7,黄金;国债ETF;有色ETF;军工ETF;半导体ETF;证券ETF;创新药ETF,黄金;国债ETF,有色ETF;军工ETF;半导体ETF;证券ETF;创新药ETF
2022-02-24,908308.0866712644,0.0,908308.0866712644,0.0,False,liquidate,-0.19659178257452467,7,黄金;国债ETF;有色ETF;军工ETF;半导体ETF;证券ETF;创新药ETF,黄金;国债ETF,有色ETF;军工ETF;半导体ETF;证券ETF;创新药ETF
2022-02-25,908380.174614651,0.0,908380.174614651,0.0,False,liquidate,-0.19652802001758612,7,黄金;国债ETF;有色ETF;军工ETF;半导体ETF;创新药ETF;证券ETF,黄金;国债ETF,有色ETF;军工ETF;半导体ETF;创新药ETF;证券ETF
2022-02-28,908452.268279303,0.0,908452.268279303,0.0,False,liquidate,-0.1964642524001272,7,黄金;国债ETF;有色ETF;军工ETF;半导体ETF;证券ETF;创新药ETF,黄金;国债ETF,有色ETF;军工ETF;半导体ETF;证券ETF;创新药ETF
2022-03-01,908524.3676656744,0.0,908524.3676656744,0.0,False,liquidate,-0.19640047972174618,7,黄金;国债ETF;有色ETF;军工ETF;半导体ETF;创新药ETF;证券ETF,黄金;国债ETF,有色ETF;军工ETF;半导体ETF;创新药ETF;证券ETF
2022-03-02,908596.4727742193,0.0,908596.4727742193,0.0,False,liquidate,-0.19633670198204153,7,黄金;国债ETF;有色ETF;军工ETF;半导体ETF;创新药ETF;证券ETF,黄金;国债ETF,有色ETF;军工ETF;半导体ETF;创新药ETF;证券ETF
2022-03-03,908668.5836053919,0.0,908668.5836053919,0.0,False,liquidate,-0.19627291918061154,7,黄金;国债ETF;有色ETF;军工ETF;创新药ETF;半导体ETF;证券ETF,黄金;国债ETF,有色ETF;军工ETF;创新药ETF;半导体ETF;证券ETF
2022-03-04,908740.7001596463,0.0,908740.7001596463,0.0,False,liquidate,-0.19620913131705442,7,黄金;国债ETF;有色ETF;军工ETF;半导体ETF;创新药ETF;证券ETF,黄金;国债ETF,有色ETF;军工ETF;半导体ETF;创新药ETF;证券ETF
2022-03-07,908812.8224374368,0.0,908812.8224374368,0.0,False,liquidate,-0.19614533839096845,7,黄金;国债ETF;有色ETF;军工ETF;半导体ETF;创新药ETF;证券ETF,黄金;国债ETF,有色ETF;军工ETF;半导体ETF;创新药ETF;证券ETF
2022-03-08,908884.9504392176,0.0,908884.9504392176,0.0,False,liquidate,-0.1960815404019518,7,黄金;国债ETF;有色ETF;半导体ETF;军工ETF;创新药ETF;证券ETF,黄金;国债ETF,有色ETF;半导体ETF;军工ETF;创新药ETF;证券ETF
2022-03-09,908957.084165443,0.0,908957.084165443,0.0,False,liquidate,-0.19601773734960273,7,黄金;国债ETF;半导体ETF;有色ETF;军工ETF;创新药ETF;证券ETF,黄金;国债ETF,半导体ETF;有色ETF;军工ETF;创新药ETF;证券ETF
2022-03-10,909029.2236165672,0.0,909029.2236165672,0.0,False,liquidate,-0.19595392923351937,7,黄金;国债ETF;有色ETF;半导体ETF;创新药ETF;军工ETF;证券ETF,黄金;国债ETF,有色ETF;半导体ETF;创新药ETF;军工ETF;证券ETF
2022-03-11,909101.3687930447,0.0,909101.3687930447,0.0,False,liquidate,-0.1958901160532998,7,黄金;国债ETF;半导体ETF;创新药ETF;有色ETF;军工ETF;证券ETF,黄金;国债ETF,半导体ETF;创新药ETF;有色ETF;军工ETF;证券ETF
2022-03-14,909173.51969533,0.0,909173.51969533,0.0,False,liquidate,-0.19582629780854208,7,黄金;国债ETF;创新药ETF;半导体ETF;军工ETF;有色ETF;证券ETF,黄金;国债ETF,创新药ETF;半导体ETF;军工ETF;有色ETF;证券ETF
2022-03-15,909245.6763238772,0.0,909245.6763238772,0.0,False,liquidate,-0.19576247449884435,7,黄金;国债ETF;创新药ETF;半导体ETF;军工ETF;有色ETF;证券ETF,黄金;国债ETF,创新药ETF;半导体ETF;军工ETF;有色ETF;证券ETF
2022-03-16,909317.838679141,0.0,909317.838679141,0.0,False,liquidate,-0.19569864612380455,7,黄金;国债ETF;半导体ETF;创新药ETF;军工ETF;证券ETF;有色ETF,黄金;国债ETF,半导体ETF;创新药ETF;军工ETF;证券ETF;有色ETF
2022-03-17,909390.0067615759,0.0,909390.0067615759,0.0,False,liquidate,-0.19563481268302066,7,黄金;国债ETF;创新药ETF;半导体ETF;军工ETF;有色ETF;证券ETF,黄金;国债ETF,创新药ETF;半导体ETF;军工ETF;有色ETF;证券ETF
2022-03-18,909462.1805716364,0.0,909462.1805716364,0.0,False,liquidate,-0.1955709741760907,7,黄金;国债ETF;创新药ETF;半导体ETF;有色ETF;军工ETF;证券ETF,黄金;国债ETF,创新药ETF;半导体ETF;有色ETF;军工ETF;证券ETF
2022-03-21,909534.3601097771,0.0,909534.3601097771,0.0,False,liquidate,-0.19550713060261257,6,黄金;创新药ETF;半导体ETF;军工ETF;有色ETF;证券ETF,黄金,创新药ETF;半导体ETF;军工ETF;有色ETF;证券ETF
2022-03-22,909606.5453764525,0.0,909606.5453764525,0.0,False,liquidate,-0.19544328196218416,6,黄金;创新药ETF;有色ETF;半导体ETF;军工ETF;证券ETF,黄金,创新药ETF;有色ETF;半导体ETF;军工ETF;证券ETF
2022-03-23,909678.7363721173,0.0,909678.7363721173,0.0,False,liquidate,-0.19537942825440338,6,黄金;创新药ETF;有色ETF;半导体ETF;军工ETF;证券ETF,黄金,创新药ETF;有色ETF;半导体ETF;军工ETF;证券ETF
2022-03-24,909750.9330972262,0.0,909750.9330972262,0.0,False,liquidate,-0.19531556947886802,6,黄金;创新药ETF;有色ETF;军工ETF;半导体ETF;证券ETF,黄金,创新药ETF;有色ETF;军工ETF;半导体ETF;证券ETF
2022-03-25,909823.1355522339,0.0,909823.1355522339,0.0,False,liquidate,-0.19525170563517588,7,纳指;黄金;创新药ETF;有色ETF;证券ETF;军工ETF;半导体ETF,纳指;黄金,创新药ETF;有色ETF;证券ETF;军工ETF;半导体ETF
2022-03-28,909895.3437375952,0.0,909895.3437375952,0.0,False,liquidate,-0.19518783672292467,7,纳指;黄金;创新药ETF;有色ETF;证券ETF;半导体ETF;军工ETF,纳指;黄金,创新药ETF;有色ETF;证券ETF;半导体ETF;军工ETF
2022-03-29,909967.557653765,0.0,909967.557653765,0.0,False,liquidate,-0.19512396274171215,7,纳指;黄金;创新药ETF;有色ETF;证券ETF;军工ETF;半导体ETF,纳指;黄金,创新药ETF;有色ETF;证券ETF;军工ETF;半导体ETF
2022-03-30,910039.7773011979,0.0,910039.7773011979,0.0,False,liquidate,-0.195060083691136,7,纳指;黄金;创新药ETF;有色ETF;证券ETF;半导体ETF;军工ETF,纳指;黄金,创新药ETF;有色ETF;证券ETF;半导体ETF;军工ETF
2022-03-31,910112.0026803488,0.0,910112.0026803488,0.0,False,liquidate,-0.194996199570794,7,纳指;黄金;创新药ETF;证券ETF;有色ETF;军工ETF;半导体ETF,纳指;黄金,创新药ETF;证券ETF;有色ETF;军工ETF;半导体ETF
2022-04-01,910184.2337916727,0.0,910184.2337916727,0.0,False,liquidate,-0.19493231038028366,7,纳指;黄金;创新药ETF;有色ETF;证券ETF;酒ETF;半导体ETF,纳指;黄金,创新药ETF;有色ETF;证券ETF;酒ETF;半导体ETF
2022-04-06,910256.4706356245,0.0,910256.4706356245,0.0,False,liquidate,-0.19486841611920272,7,纳指;黄金;创新药ETF;有色ETF;证券ETF;酒ETF;军工ETF,纳指;黄金,创新药ETF;有色ETF;证券ETF;酒ETF;军工ETF
2022-04-07,910328.7132126591,0.0,910328.7132126591,0.0,False,liquidate,-0.19480451678714863,6,黄金;创新药ETF;有色ETF;证券ETF;军工ETF;酒ETF,黄金,创新药ETF;有色ETF;证券ETF;军工ETF;酒ETF
2022-04-08,910400.9615232316,0.0,910400.9615232316,0.0,False,liquidate,-0.194740612383719,6,黄金;有色ETF;创新药ETF;证券ETF;军工ETF;酒ETF,黄金,有色ETF;创新药ETF;证券ETF;军工ETF;酒ETF
2022-04-11,910473.215567797,0.0,910473.215567797,0.0,False,liquidate,-0.19467670290851133,7,黄金;国债ETF;创新药ETF;有色ETF;证券ETF;军工ETF;酒ETF,黄金;国债ETF,创新药ETF;有色ETF;证券ETF;军工ETF;酒ETF
2022-04-12,910545.4753468103,0.0,910545.4753468103,0.0,False,liquidate,-0.19461278836112308,7,黄金;国债ETF;有色ETF;创新药ETF;证券ETF;酒ETF;军工ETF,黄金;国债ETF,有色ETF;创新药ETF;证券ETF;酒ETF;军工ETF
2022-04-13,910617.7408607268,0.0,910617.7408607268,0.0,False,liquidate,-0.19454886874115168,7,黄金;国债ETF;有色ETF;证券ETF;酒ETF;创新药ETF;军工ETF,黄金;国债ETF,有色ETF;证券ETF;酒ETF;创新药ETF;军工ETF
2022-04-14,910690.0121100015,0.0,910690.0121100015,0.0,False,liquidate,-0.19448494404819458,7,黄金;国债ETF;有色ETF;酒ETF;证券ETF;创新药ETF;军工ETF,黄金;国债ETF,有色ETF;酒ETF;证券ETF;创新药ETF;军工ETF
2022-04-15,910762.2890950897,0.0,910762.2890950897,0.0,False,liquidate,-0.19442101428184916,7,黄金;国债ETF;有色ETF;酒ETF;证券ETF;创新药ETF;军工ETF,黄金;国债ETF,有色ETF;酒ETF;证券ETF;创新药ETF;军工ETF
2022-04-18,910834.5718164465,0.0,910834.5718164465,0.0,False,liquidate,-0.19435707944171274,7,黄金;国债ETF;酒ETF;有色ETF;证券ETF;创新药ETF;军工ETF,黄金;国债ETF,酒ETF;有色ETF;证券ETF;创新药ETF;军工ETF
2022-04-19,910906.8602745272,0.0,910906.8602745272,0.0,False,liquidate,-0.19429313952738264,7,黄金;国债ETF;酒ETF;有色ETF;证券ETF;创新药ETF;军工ETF,黄金;国债ETF,酒ETF;有色ETF;证券ETF;创新药ETF;军工ETF
2022-04-20,910979.1544697871,0.0,910979.1544697871,0.0,False,liquidate,-0.19422919453845622,8,纳指;黄金;国债ETF;酒ETF;有色ETF;证券ETF;创新药ETF;军工ETF,纳指;黄金;国债ETF,酒ETF;有色ETF;证券ETF;创新药ETF;军工ETF
2022-04-21,911051.4544026816,0.0,911051.4544026816,0.0,False,liquidate,-0.1941652444745307,8,纳指;黄金;国债ETF;酒ETF;证券ETF;有色ETF;创新药ETF;军工ETF,纳指;黄金;国债ETF,酒ETF;证券ETF;有色ETF;创新药ETF;军工ETF
2022-04-22,911123.7600736659,0.0,911123.7600736659,0.0,True,liquidate,-0.19410128933520332,0,,纳指;黄金;国债ETF,酒ETF;证券ETF;有色ETF;创新药ETF;军工ETF
2022-04-25,911123.7600736659,0.0,911123.7600736659,0.0,True,liquidate,-0.19410128933520332,0,,黄金;国债ETF,酒ETF;证券ETF;创新药ETF;有色ETF;军工ETF
2022-04-26,911123.7600736659,0.0,911123.7600736659,0.0,True,liquidate,-0.19410128933520332,0,,纳指;黄金;国债ETF,酒ETF;创新药ETF;证券ETF;有色ETF;军工ETF
2022-04-27,911123.7600736659,0.0,911123.7600736659,0.0,True,liquidate,-0.19410128933520332,0,,黄金;国债ETF,酒ETF;创新药ETF;有色ETF;证券ETF;军工ETF
2022-04-28,911123.7600736659,0.0,911123.7600736659,0.0,True,liquidate,-0.19410128933520332,0,,黄金;国债ETF,酒ETF;创新药ETF;有色ETF;证券ETF;军工ETF
2022-04-29,911123.7600736659,0.0,911123.7600736659,0.0,True,liquidate,-0.19410128933520332,0,,黄金;国债ETF,酒ETF;有色ETF;创新药ETF;证券ETF;军工ETF
2022-05-05,911123.7600736659,0.0,911123.7600736659,0.0,True,liquidate,-0.19410128933520332,0,,纳指;黄金;国债ETF,酒ETF;有色ETF;创新药ETF;军工ETF;证券ETF
2022-05-06,911123.7600736659,0.0,911123.7600736659,0.0,True,liquidate,-0.19410128933520332,0,,国债ETF,酒ETF;军工ETF;创新药ETF;有色ETF;证券ETF
2022-05-09,911123.7600736659,0.0,911123.7600736659,0.0,True,liquidate,-0.19410128933520332,0,,纳指;国债ETF,酒ETF;军工ETF;创新药ETF;有色ETF;半导体ETF
2022-05-10,911123.7600736659,0.0,911123.7600736659,0.0,True,liquidate,-0.19410128933520332,0,,国债ETF,酒ETF;军工ETF;创新药ETF;有色ETF;半导体ETF
2022-05-11,911123.7600736659,0.0,911123.7600736659,0.0,True,liquidate,-0.19410128933520332,0,,国债ETF,酒ETF;创新药ETF;军工ETF;半导体ETF;有色ETF
2022-05-12,911123.7600736659,0.0,911123.7600736659,0.0,True,liquidate,-0.19410128933520332,0,,国债ETF,酒ETF;创新药ETF;军工ETF;半导体ETF;有色ETF
2022-05-13,911123.7600736659,0.0,911123.7600736659,0.0,True,liquidate,-0.19410128933520332,0,,国债ETF,创新药ETF;军工ETF;酒ETF;半导体ETF;证券ETF
2022-05-16,911123.7600736659,0.0,911123.7600736659,0.0,True,liquidate,-0.19410128933520332,0,,纳指;黄金;国债ETF,创新药ETF;军工ETF;酒ETF;半导体ETF;有色ETF
2022-05-17,911123.7600736659,0.0,911123.7600736659,0.0,True,liquidate,-0.19410128933520332,0,,黄金;国债ETF,军工ETF;创新药ETF;酒ETF;半导体ETF;有色ETF
2022-05-18,911123.7600736659,0.0,911123.7600736659,0.0,True,liquidate,-0.19410128933520332,0,,国债ETF,军工ETF;酒ETF;创新药ETF;半导体ETF;有色ETF
2022-05-19,911123.7600736659,0.0,911123.7600736659,0.0,True,liquidate,-0.19410128933520332,0,,国债ETF,军工ETF;半导体ETF;创新药ETF;酒ETF;有色ETF
2022-05-20,911123.7600736659,0.0,911123.7600736659,0.0,True,liquidate,-0.19410128933520332,0,,黄金;国债ETF,军工ETF;半导体ETF;酒ETF;创新药ETF;有色ETF
2022-05-23,911123.7600736659,0.0,911123.7600736659,0.0,True,liquidate,-0.19410128933520332,0,,黄金;国债ETF,军工ETF;创新药ETF;有色ETF;半导体ETF;酒ETF
2022-05-24,911123.7600736659,0.0,911123.7600736659,0.0,True,liquidate,-0.19410128933520332,0,,黄金;国债ETF,有色ETF;酒ETF;军工ETF;创新药ETF;半导体ETF
2022-05-25,911123.7600736659,0.0,911123.7600736659,0.0,True,liquidate,-0.19410128933520332,0,,黄金;国债ETF,有色ETF;酒ETF;创新药ETF;军工ETF;半导体ETF
2022-05-26,911123.7600736659,0.0,911123.7600736659,0.0,True,liquidate,-0.19410128933520332,0,,国债ETF,军工ETF;有色ETF;酒ETF;证券ETF;创新药ETF
2022-05-27,911123.7600736659,0.0,911123.7600736659,0.0,True,liquidate,-0.19410128933520332,0,,黄金;国债ETF,军工ETF;酒ETF;有色ETF;证券ETF;创新药ETF
2022-05-30,911123.7600736659,0.0,911123.7600736659,0.0,True,liquidate,-0.19410128933520332,0,,黄金;国债ETF,军工ETF;有色ETF;酒ETF;证券ETF;创新药ETF
2022-05-31,911123.7600736659,0.0,911123.7600736659,0.0,True,liquidate,-0.19410128933520332,0,,黄金;国债ETF,酒ETF;军工ETF;半导体ETF;有色ETF;创新药ETF
2022-06-01,911123.7600736659,0.0,911123.7600736659,0.0,True,liquidate,-0.19410128933520332,0,,黄金;国债ETF,酒ETF;军工ETF;半导体ETF;有色ETF;证券ETF
2022-06-02,911123.7600736659,0.0,911123.7600736659,0.0,True,liquidate,-0.19410128933520332,0,,黄金;国债ETF,酒ETF;军工ETF;半导体ETF;有色ETF;证券ETF
2022-06-06,911123.7600736659,0.0,911123.7600736659,0.0,True,liquidate,-0.19410128933520332,0,,黄金;国债ETF,酒ETF;半导体ETF;有色ETF;军工ETF;证券ETF
2022-06-07,911123.7600736659,0.0,911123.7600736659,0.0,True,liquidate,-0.19410128933520332,0,,黄金;国债ETF,酒ETF;有色ETF;军工ETF;半导体ETF;证券ETF
2022-06-08,911123.7600736659,0.0,911123.7600736659,0.0,True,liquidate,-0.19410128933520332,0,,创业板;黄金;国债ETF,有色ETF;酒ETF;军工ETF;证券ETF;创新药ETF
2022-06-09,911123.7600736659,0.0,911123.7600736659,0.0,True,liquidate,-0.19410128933520332,0,,沪深300;创业板;国债ETF,有色ETF;酒ETF;证券ETF;军工ETF;创新药ETF
2022-06-10,911123.7600736659,0.0,911123.7600736659,0.0,True,liquidate,-0.19410128933520332,0,,沪深300;创业板;国债ETF,有色ETF;酒ETF;证券ETF;军工ETF;创新药ETF
2022-06-13,911123.7600736659,0.0,911123.7600736659,0.0,True,liquidate,-0.19410128933520332,0,,沪深300;创业板;国债ETF,有色ETF;酒ETF;证券ETF;军工ETF;半导体ETF
2022-06-14,911123.7600736659,0.0,911123.7600736659,0.0,True,liquidate,-0.19410128933520332,0,,沪深300;创业板;国债ETF,有色ETF;证券ETF;酒ETF;军工ETF;创新药ETF
2022-06-15,911123.7600736659,0.0,911123.7600736659,0.0,True,liquidate,-0.19410128933520332,0,,沪深300;创业板;国债ETF,证券ETF;有色ETF;酒ETF;军工ETF;创新药ETF
2022-06-16,911123.7600736659,0.0,911123.7600736659,0.0,True,liquidate,-0.19410128933520332,0,,沪深300;创业板;国债ETF,有色ETF;酒ETF;证券ETF;军工ETF;创新药ETF
2022-06-17,911123.7600736659,0.0,911123.7600736659,0.0,True,liquidate,-0.19410128933520332,0,,沪深300;创业板;国债ETF,有色ETF;酒ETF;证券ETF;军工ETF;创新药ETF
2022-06-20,911123.7600736659,0.0,911123.7600736659,0.0,True,liquidate,-0.19410128933520332,0,,沪深300;创业板;国债ETF,酒ETF;有色ETF;证券ETF;军工ETF;创新药ETF
2022-06-21,911123.7600736659,0.0,911123.7600736659,0.0,True,liquidate,-0.19410128933520332,0,,沪深300;创业板;国债ETF,酒ETF;证券ETF;有色ETF;创新药ETF;军工ETF
2022-06-22,911123.7600736659,0.0,911123.7600736659,0.0,True,liquidate,-0.19410128933520332,0,,沪深300;创业板;国债ETF,酒ETF;证券ETF;有色ETF;创新药ETF;军工ETF
2022-06-23,911123.7600736659,0.0,911123.7600736659,0.0,True,liquidate,-0.19410128933520332,0,,沪深300;创业板;国债ETF,酒ETF;证券ETF;有色ETF;军工ETF;创新药ETF
2022-06-24,911123.7600736659,0.0,911123.7600736659,0.0,True,liquidate,-0.19410128933520332,0,,沪深300;创业板;国债ETF,酒ETF;证券ETF;军工ETF;有色ETF;创新药ETF
2022-06-27,911123.7600736659,0.0,911123.7600736659,0.0,True,liquidate,-0.19410128933520332,0,,沪深300;创业板;国债ETF,酒ETF;有色ETF;证券ETF;创新药ETF;军工ETF
2022-06-28,911123.7600736659,0.0,911123.7600736659,0.0,True,liquidate,-0.19410128933520332,0,,沪深300;创业板;国债ETF,酒ETF;有色ETF;证券ETF;军工ETF;创新药ETF
2022-06-29,911123.7600736659,0.0,911123.7600736659,0.0,True,liquidate,-0.19410128933520332,0,,沪深300;创业板;国债ETF,酒ETF;有色ETF;证券ETF;创新药ETF;军工ETF
2022-06-30,911123.7600736659,0.0,911123.7600736659,0.0,True,liquidate,-0.19410128933520332,0,,沪深300;创业板;国债ETF,酒ETF;有色ETF;创新药ETF;证券ETF;军工ETF
2022-07-01,911123.7600736659,0.0,911123.7600736659,0.0,True,liquidate,-0.19410128933520332,0,,沪深300;创业板;国债ETF,酒ETF;有色ETF;创新药ETF;证券ETF;军工ETF
2022-07-04,911123.7600736659,0.0,911123.7600736659,0.0,True,liquidate,-0.19410128933520332,0,,沪深300;创业板;国债ETF,酒ETF;创新药ETF;有色ETF;军工ETF;证券ETF
2022-07-05,911123.7600736659,0.0,911123.7600736659,0.0,True,liquidate,-0.19410128933520332,0,,沪深300;创业板,酒ETF;创新药ETF;有色ETF;军工ETF;证券ETF
2022-07-06,911123.7600736659,0.0,911123.7600736659,0.0,True,liquidate,-0.19410128933520332,0,,沪深300;创业板;国债ETF,酒ETF;创新药ETF;军工ETF;有色ETF;半导体ETF
2022-07-07,911123.7600736659,0.0,911123.7600736659,0.0,True,liquidate,-0.19410128933520332,0,,沪深300;创业板;国债ETF,酒ETF;军工ETF;创新药ETF;有色ETF;半导体ETF
2022-07-08,911123.7600736659,0.0,911123.7600736659,0.0,True,liquidate,-0.19410128933520332,0,,沪深300;创业板,酒ETF;创新药ETF;军工ETF;有色ETF;半导体ETF
2022-07-11,911123.7600736659,0.0,911123.7600736659,0.0,False,liquidate,-0.19410128933520332,7,沪深300;创业板;军工ETF;创新药ETF;酒ETF;半导体ETF;有色ETF,沪深300;创业板,军工ETF;创新药ETF;酒ETF;半导体ETF;有色ETF
2022-07-12,911196.0714831955,0.0,911196.0714831955,0.0,False,liquidate,-0.19403732912007118,7,沪深300;创业板;军工ETF;创新药ETF;酒ETF;半导体ETF;有色ETF,沪深300;创业板,军工ETF;创新药ETF;酒ETF;半导体ETF;有色ETF
2022-07-13,911268.388631726,0.0,911268.388631726,0.0,False,liquidate,-0.19397336382873143,7,沪深300;创业板;军工ETF;酒ETF;创新药ETF;有色ETF;半导体ETF,沪深300;创业板,军工ETF;酒ETF;创新药ETF;有色ETF;半导体ETF
2022-07-14,911340.7115197127,0.0,911340.7115197127,0.0,False,liquidate,-0.19390939346078132,7,沪深300;创业板;军工ETF;创新药ETF;酒ETF;有色ETF;半导体ETF,沪深300;创业板,军工ETF;创新药ETF;酒ETF;有色ETF;半导体ETF
2022-07-15,911413.0401476112,0.0,911413.0401476112,0.0,False,liquidate,-0.1938454180158178,8,沪深300;创业板;国债ETF;军工ETF;酒ETF;创新药ETF;有色ETF;半导体ETF,沪深300;创业板;国债ETF,军工ETF;酒ETF;创新药ETF;有色ETF;半导体ETF
2022-07-18,911485.3745158769,0.0,911485.3745158769,0.0,False,liquidate,-0.1937814374934381,9,沪深300;创业板;纳指;国债ETF;军工ETF;创新药ETF;有色ETF;酒ETF;半导体ETF,沪深300;创业板;纳指;国债ETF,军工ETF;创新药ETF;有色ETF;酒ETF;半导体ETF
2022-07-19,911557.7146249654,0.0,911557.7146249654,0.0,False,liquidate,-0.19371745189323913,8,沪深300;创业板;纳指;军工ETF;创新药ETF;有色ETF;酒ETF;半导体ETF,沪深300;创业板;纳指,军工ETF;创新药ETF;有色ETF;酒ETF;半导体ETF
2022-07-20,911630.0604753325,0.0,911630.0604753325,0.0,False,liquidate,-0.19365346121481794,8,沪深300;创业板;纳指;军工ETF;创新药ETF;有色ETF;酒ETF;半导体ETF,沪深300;创业板;纳指,军工ETF;创新药ETF;有色ETF;酒ETF;半导体ETF
2022-07-21,911702.4120674338,0.0,911702.4120674338,0.0,False,liquidate,-0.19358946545777145,8,沪深300;创业板;纳指;军工ETF;创新药ETF;有色ETF;半导体ETF;酒ETF,沪深300;创业板;纳指,军工ETF;创新药ETF;有色ETF;半导体ETF;酒ETF
2022-07-22,911774.7694017249,0.0,911774.7694017249,0.0,False,liquidate,-0.19352546462169665,9,沪深300;创业板;纳指;国债ETF;军工ETF;有色ETF;创新药ETF;半导体ETF;酒ETF,沪深300;创业板;纳指;国债ETF,军工ETF;有色ETF;创新药ETF;半导体ETF;酒ETF
2022-07-25,911847.1324786616,0.0,911847.1324786616,0.0,False,liquidate,-0.1934614587061904,8,沪深300;创业板;国债ETF;军工ETF;创新药ETF;酒ETF;有色ETF;半导体ETF,沪深300;创业板;国债ETF,军工ETF;创新药ETF;酒ETF;有色ETF;半导体ETF
2022-07-26,911919.5012986996,0.0,911919.5012986996,0.0,False,liquidate,-0.19339744771084957,8,沪深300;创业板;国债ETF;军工ETF;有色ETF;创新药ETF;酒ETF;半导体ETF,沪深300;创业板;国债ETF,军工ETF;有色ETF;创新药ETF;酒ETF;半导体ETF
2022-07-27,911991.8758622948,0.0,911991.8758622948,0.0,False,liquidate,-0.19333343163527103,8,沪深300;创业板;国债ETF;军工ETF;有色ETF;创新药ETF;酒ETF;半导体ETF,沪深300;创业板;国债ETF,军工ETF;有色ETF;创新药ETF;酒ETF;半导体ETF
2022-07-28,912064.256169903,0.0,912064.256169903,0.0,False,liquidate,-0.19326941047905158,9,沪深300;创业板;纳指;国债ETF;军工ETF;有色ETF;半导体ETF;证券ETF;酒ETF,沪深300;创业板;纳指;国债ETF,军工ETF;有色ETF;半导体ETF;证券ETF;酒ETF
2022-07-29,912136.64222198,0.0,912136.64222198,0.0,False,liquidate,-0.19320538424178793,9,沪深300;创业板;纳指;国债ETF;军工ETF;有色ETF;半导体ETF;证券ETF;酒ETF,沪深300;创业板;纳指;国债ETF,军工ETF;有色ETF;半导体ETF;证券ETF;酒ETF
2022-08-01,912209.0340189819,0.0,912209.0340189819,0.0,False,liquidate,-0.1931413529230769,9,沪深300;创业板;纳指;国债ETF;军工ETF;有色ETF;半导体ETF;酒ETF;证券ETF,沪深300;创业板;纳指;国债ETF,军工ETF;有色ETF;半导体ETF;酒ETF;证券ETF
2022-08-02,912281.4315613643,0.0,912281.4315613643,0.0,False,liquidate,-0.19307731652251522,8,创业板;纳指;国债ETF;军工ETF;有色ETF;酒ETF;半导体ETF;证券ETF,创业板;纳指;国债ETF,军工ETF;有色ETF;酒ETF;半导体ETF;证券ETF
2022-08-03,912353.8348495836,0.0,912353.8348495836,0.0,False,liquidate,-0.19301327503969948,8,创业板;纳指;国债ETF;军工ETF;半导体ETF;酒ETF;有色ETF;证券ETF,创业板;纳指;国债ETF,军工ETF;半导体ETF;酒ETF;有色ETF;证券ETF
2022-08-04,912426.2438840955,0.0,912426.2438840955,0.0,False,liquidate,-0.1929492284742264,8,创业板;纳指;国债ETF;军工ETF;半导体ETF;有色ETF;酒ETF;证券ETF,创业板;纳指;国债ETF,军工ETF;半导体ETF;有色ETF;酒ETF;证券ETF
2022-08-05,912498.6586653561,0.0,912498.6586653561,0.0,False,liquidate,-0.19288517682569262,9,沪深300;创业板;纳指;国债ETF;半导体ETF;军工ETF;有色ETF;酒ETF;证券ETF,沪深300;创业板;纳指;国债ETF,半导体ETF;军工ETF;有色ETF;酒ETF;证券ETF
2022-08-08,912571.0791938216,0.0,912571.0791938216,0.0,False,liquidate,-0.19282112009369462,8,创业板;纳指;国债ETF;半导体ETF;军工ETF;有色ETF;酒ETF;证券ETF,创业板;纳指;国债ETF,半导体ETF;军工ETF;有色ETF;酒ETF;证券ETF
2022-08-09,912643.5054699482,0.0,912643.5054699482,0.0,False,liquidate,-0.19275705827782902,8,创业板;纳指;国债ETF;军工ETF;半导体ETF;有色ETF;酒ETF;创新药ETF,创业板;纳指;国债ETF,军工ETF;半导体ETF;有色ETF;酒ETF;创新药ETF
2022-08-10,912715.9374941918,0.0,912715.9374941918,0.0,False,liquidate,-0.19269299137769236,8,创业板;纳指;国债ETF;军工ETF;半导体ETF;有色ETF;酒ETF;证券ETF,创业板;纳指;国债ETF,军工ETF;半导体ETF;有色ETF;酒ETF;证券ETF
2022-08-11,912788.3752670089,0.0,912788.3752670089,0.0,False,liquidate,-0.19262891939288096,8,创业板;纳指;国债ETF;军工ETF;半导体ETF;有色ETF;证券ETF;酒ETF,创业板;纳指;国债ETF,军工ETF;半导体ETF;有色ETF;证券ETF;酒ETF
2022-08-12,912860.8187888556,0.0,912860.8187888556,0.0,False,liquidate,-0.19256484232299145,7,纳指;国债ETF;军工ETF;半导体ETF;有色ETF;证券ETF;酒ETF,纳指;国债ETF,军工ETF;半导体ETF;有色ETF;证券ETF;酒ETF
2022-08-15,912933.268060188,0.0,912933.268060188,0.0,False,liquidate,-0.19250076016762024,8,创业板;纳指;国债ETF;军工ETF;半导体ETF;有色ETF;酒ETF;证券ETF,创业板;纳指;国债ETF,军工ETF;半导体ETF;有色ETF;酒ETF;证券ETF
2022-08-16,913005.7230814627,0.0,913005.7230814627,0.0,False,liquidate,-0.19243667292636368,8,创业板;纳指;国债ETF;军工ETF;半导体ETF;有色ETF;证券ETF;酒ETF,创业板;纳指;国债ETF,军工ETF;半导体ETF;有色ETF;证券ETF;酒ETF
2022-08-17,913078.1838531358,0.0,913078.1838531358,0.0,False,liquidate,-0.19237258059881818,8,创业板;纳指;国债ETF;军工ETF;半导体ETF;证券ETF;有色ETF;酒ETF,创业板;纳指;国债ETF,军工ETF;半导体ETF;证券ETF;有色ETF;酒ETF
2022-08-18,913150.6503756639,0.0,913150.6503756639,0.0,False,liquidate,-0.1923084831845799,7,纳指;国债ETF;半导体ETF;军工ETF;有色ETF;证券ETF;酒ETF,纳指;国债ETF,半导体ETF;军工ETF;有色ETF;证券ETF;酒ETF
2022-08-19,913223.1226495033,0.0,913223.1226495033,0.0,False,liquidate,-0.19224438068324531,7,纳指;国债ETF;军工ETF;半导体ETF;证券ETF;有色ETF;酒ETF,纳指;国债ETF,军工ETF;半导体ETF;证券ETF;有色ETF;酒ETF
2022-08-22,913295.6006751105,0.0,913295.6006751105,0.0,False,liquidate,-0.19218027309441058,7,纳指;国债ETF;军工ETF;半导体ETF;有色ETF;证券ETF;酒ETF,纳指;国债ETF,军工ETF;半导体ETF;有色ETF;证券ETF;酒ETF
2022-08-23,913368.0844529419,0.0,913368.0844529419,0.0,False,liquidate,-0.192116160417672,8,创业板;纳指;国债ETF;军工ETF;半导体ETF;有色ETF;证券ETF;酒ETF,创业板;纳指;国债ETF,军工ETF;半导体ETF;有色ETF;证券ETF;酒ETF
2022-08-24,913440.573983454,0.0,913440.573983454,0.0,False,liquidate,-0.19205204265262577,7,纳指;国债ETF;有色ETF;证券ETF;军工ETF;半导体ETF;酒ETF,纳指;国债ETF,有色ETF;证券ETF;军工ETF;半导体ETF;酒ETF
2022-08-25,913513.0692671036,0.0,913513.0692671036,0.0,False,liquidate,-0.19198791979886798,8,纳指;黄金;国债ETF;证券ETF;有色ETF;军工ETF;酒ETF;半导体ETF,纳指;黄金;国债ETF,证券ETF;有色ETF;军工ETF;酒ETF;半导体ETF
2022-08-26,913585.570304347,0.0,913585.570304347,0.0,False,liquidate,-0.1919237918559949,7,纳指;国债ETF;证券ETF;酒ETF;有色ETF;军工ETF;创新药ETF,纳指;国债ETF,证券ETF;酒ETF;有色ETF;军工ETF;创新药ETF
2022-08-29,913658.077095641,0.0,913658.077095641,0.0,False,liquidate,-0.19185965882360242,7,纳指;国债ETF;证券ETF;军工ETF;有色ETF;酒ETF;半导体ETF,纳指;国债ETF,证券ETF;军工ETF;有色ETF;酒ETF;半导体ETF
2022-08-30,913730.5896414423,0.0,913730.5896414423,0.0,False,liquidate,-0.19179552070128686,8,纳指;黄金;国债ETF;证券ETF;军工ETF;有色ETF;酒ETF;半导体ETF,纳指;黄金;国债ETF,证券ETF;军工ETF;有色ETF;酒ETF;半导体ETF
2022-08-31,913803.1079422075,0.0,913803.1079422075,0.0,False,liquidate,-0.1917313774886441,8,纳指;黄金;国债ETF;证券ETF;酒ETF;军工ETF;创新药ETF;有色ETF,纳指;黄金;国债ETF,证券ETF;酒ETF;军工ETF;创新药ETF;有色ETF
2022-09-01,913875.6319983935,0.0,913875.6319983935,0.0,False,liquidate,-0.1916672291852701,8,纳指;黄金;国债ETF;证券ETF;酒ETF;军工ETF;创新药ETF;有色ETF,纳指;黄金;国债ETF,证券ETF;酒ETF;军工ETF;创新药ETF;有色ETF
2022-09-02,913948.1618104569,0.0,913948.1618104569,0.0,False,liquidate,-0.19160307579076094,8,纳指;黄金;国债ETF;证券ETF;酒ETF;军工ETF;创新药ETF;半导体ETF,纳指;黄金;国债ETF,证券ETF;酒ETF;军工ETF;创新药ETF;半导体ETF
2022-09-05,914020.6973788546,0.0,914020.6973788546,0.0,False,liquidate,-0.19153891730471254,8,纳指;黄金;国债ETF;军工ETF;证券ETF;酒ETF;创新药ETF;半导体ETF,纳指;黄金;国债ETF,军工ETF;证券ETF;酒ETF;创新药ETF;半导体ETF
2022-09-06,914093.2387040434,0.0,914093.2387040434,0.0,False,liquidate,-0.19147475372672082,8,纳指;黄金;国债ETF;军工ETF;证券ETF;酒ETF;有色ETF;创新药ETF,纳指;黄金;国债ETF,军工ETF;证券ETF;酒ETF;有色ETF;创新药ETF
2022-09-07,914165.7857864803,0.0,914165.7857864803,0.0,False,liquidate,-0.19141058505638164,8,纳指;黄金;国债ETF;军工ETF;证券ETF;有色ETF;酒ETF;半导体ETF,纳指;黄金;国债ETF,军工ETF;证券ETF;有色ETF;酒ETF;半导体ETF
2022-09-08,914238.3386266221,0.0,914238.3386266221,0.0,False,liquidate,-0.19134641129329086,8,纳指;黄金;国债ETF;军工ETF;证券ETF;有色ETF;半导体ETF;酒ETF,纳指;黄金;国债ETF,军工ETF;证券ETF;有色ETF;半导体ETF;酒ETF
2022-09-09,914310.8972249258,0.0,914310.8972249258,0.0,False,liquidate,-0.1912822324370443,8,纳指;黄金;国债ETF;军工ETF;证券ETF;有色ETF;酒ETF;半导体ETF,纳指;黄金;国债ETF,军工ETF;证券ETF;有色ETF;酒ETF;半导体ETF
2022-09-13,914383.4615818484,0.0,914383.4615818484,0.0,False,liquidate,-0.1912180484872377,8,纳指;黄金;国债ETF;军工ETF;证券ETF;有色ETF;酒ETF;半导体ETF,纳指;黄金;国债ETF,军工ETF;证券ETF;有色ETF;酒ETF;半导体ETF
2022-09-14,914456.0316978471,0.0,914456.0316978471,0.0,False,liquidate,-0.19115385944346677,7,黄金;国债ETF;军工ETF;证券ETF;有色ETF;半导体ETF;酒ETF,黄金;国债ETF,军工ETF;证券ETF;有色ETF;半导体ETF;酒ETF
2022-09-15,914528.6075733787,0.0,914528.6075733787,0.0,False,liquidate,-0.1910896653053273,7,黄金;国债ETF;军工ETF;证券ETF;酒ETF;有色ETF;半导体ETF,黄金;国债ETF,军工ETF;证券ETF;酒ETF;有色ETF;半导体ETF
2022-09-16,914601.1892089004,0.0,914601.1892089004,0.0,False,liquidate,-0.191025466072415,7,黄金;国债ETF;军工ETF;酒ETF;有色ETF;证券ETF;半导体ETF,黄金;国债ETF,军工ETF;酒ETF;有色ETF;证券ETF;半导体ETF
2022-09-19,914673.7766048694,0.0,914673.7766048694,0.0,False,liquidate,-0.1909612617443255,7,黄金;国债ETF;军工ETF;酒ETF;证券ETF;半导体ETF;有色ETF,黄金;国债ETF,军工ETF;酒ETF;证券ETF;半导体ETF;有色ETF
2022-09-20,914746.3697617429,0.0,914746.3697617429,0.0,False,liquidate,-0.19089705232065435,8,纳指;黄金;国债ETF;军工ETF;酒ETF;有色ETF;证券ETF;半导体ETF,纳指;黄金;国债ETF,军工ETF;酒ETF;有色ETF;证券ETF;半导体ETF
2022-09-21,914818.9686799779,0.0,914818.9686799779,0.0,False,liquidate,-0.19083283780099727,8,纳指;黄金;国债ETF;军工ETF;酒ETF;有色ETF;证券ETF;半导体ETF,纳指;黄金;国债ETF,军工ETF;酒ETF;有色ETF;证券ETF;半导体ETF
2022-09-22,914891.5733600319,0.0,914891.5733600319,0.0,False,liquidate,-0.1907686181849497,7,黄金;国债ETF;军工ETF;有色ETF;酒ETF;证券ETF;半导体ETF,黄金;国债ETF,军工ETF;有色ETF;酒ETF;证券ETF;半导体ETF
2022-09-23,914964.1838023622,0.0,914964.1838023622,0.0,True,liquidate,-0.19070439347210716,0,,黄金;国债ETF,军工ETF;酒ETF;有色ETF;证券ETF;半导体ETF
2022-09-26,914964.1838023622,0.0,914964.1838023622,0.0,True,liquidate,-0.19070439347210716,0,,国债ETF,军工ETF;酒ETF;证券ETF;半导体ETF;有色ETF
2022-09-27,914964.1838023622,0.0,914964.1838023622,0.0,True,liquidate,-0.19070439347210716,0,,国债ETF,酒ETF;军工ETF;半导体ETF;证券ETF;有色ETF
2022-09-28,914964.1838023622,0.0,914964.1838023622,0.0,True,liquidate,-0.19070439347210716,0,,国债ETF,酒ETF;军工ETF;证券ETF;半导体ETF;有色ETF
2022-09-29,914964.1838023622,0.0,914964.1838023622,0.0,True,liquidate,-0.19070439347210716,0,,黄金,酒ETF;军工ETF;半导体ETF;证券ETF;有色ETF
2022-09-30,914964.1838023622,0.0,914964.1838023622,0.0,True,liquidate,-0.19070439347210716,0,,,酒ETF;军工ETF;证券ETF;有色ETF;半导体ETF
2022-10-10,914964.1838023622,0.0,914964.1838023622,0.0,True,liquidate,-0.19070439347210716,0,,黄金;国债ETF,酒ETF;军工ETF;证券ETF;有色ETF;创新药ETF
2022-10-11,914964.1838023622,0.0,914964.1838023622,0.0,True,liquidate,-0.19070439347210716,0,,黄金;国债ETF,酒ETF;军工ETF;证券ETF;有色ETF;创新药ETF
2022-10-12,914964.1838023622,0.0,914964.1838023622,0.0,True,liquidate,-0.19070439347210716,0,,黄金;国债ETF,酒ETF;军工ETF;证券ETF;有色ETF;创新药ETF
2022-10-13,914964.1838023622,0.0,914964.1838023622,0.0,True,liquidate,-0.19070439347210716,0,,黄金;国债ETF,酒ETF;军工ETF;证券ETF;有色ETF;创新药ETF
2022-10-14,914964.1838023622,0.0,914964.1838023622,0.0,True,liquidate,-0.19070439347210716,0,,黄金;国债ETF,军工ETF;酒ETF;创新药ETF;证券ETF;有色ETF
2022-10-17,914964.1838023622,0.0,914964.1838023622,0.0,True,liquidate,-0.19070439347210716,0,,国债ETF,军工ETF;创新药ETF;酒ETF;证券ETF;有色ETF
2022-10-18,914964.1838023622,0.0,914964.1838023622,0.0,True,liquidate,-0.19070439347210716,0,,黄金,军工ETF;创新药ETF;证券ETF;酒ETF;有色ETF
2022-10-19,914964.1838023622,0.0,914964.1838023622,0.0,True,liquidate,-0.19070439347210716,0,,黄金,军工ETF;创新药ETF;证券ETF;有色ETF;酒ETF
2022-10-20,914964.1838023622,0.0,914964.1838023622,0.0,True,liquidate,-0.19070439347210716,0,,黄金,军工ETF;创新药ETF;证券ETF;酒ETF;半导体ETF
2022-10-21,914964.1838023622,0.0,914964.1838023622,0.0,True,liquidate,-0.19070439347210716,0,,黄金,军工ETF;创新药ETF;证券ETF;半导体ETF;酒ETF
2022-10-24,914964.1838023622,0.0,914964.1838023622,0.0,True,liquidate,-0.19070439347210716,0,,黄金,军工ETF;创新药ETF;证券ETF;半导体ETF;有色ETF
2022-10-25,914964.1838023622,0.0,914964.1838023622,0.0,True,liquidate,-0.19070439347210716,0,,黄金,军工ETF;创新药ETF;证券ETF;半导体ETF;有色ETF
2022-10-26,914964.1838023622,0.0,914964.1838023622,0.0,True,liquidate,-0.19070439347210716,0,,黄金,军工ETF;创新药ETF;半导体ETF;证券ETF;有色ETF
2022-10-27,914964.1838023622,0.0,914964.1838023622,0.0,True,liquidate,-0.19070439347210716,0,,黄金;国债ETF,创新药ETF;军工ETF;半导体ETF;证券ETF;有色ETF
2022-10-28,914964.1838023622,0.0,914964.1838023622,0.0,True,liquidate,-0.19070439347210716,0,,黄金;国债ETF,创新药ETF;军工ETF;半导体ETF;证券ETF;有色ETF
2022-10-31,914964.1838023622,0.0,914964.1838023622,0.0,True,liquidate,-0.19070439347210716,0,,黄金;国债ETF,军工ETF;创新药ETF;半导体ETF;证券ETF;有色ETF
2022-11-01,914964.1838023622,0.0,914964.1838023622,0.0,True,liquidate,-0.19070439347210716,0,,黄金;国债ETF,创新药ETF;军工ETF;证券ETF;半导体ETF;有色ETF
2022-11-02,914964.1838023622,0.0,914964.1838023622,0.0,True,liquidate,-0.19070439347210716,0,,黄金,创新药ETF;军工ETF;证券ETF;半导体ETF;有色ETF
2022-11-03,914964.1838023622,0.0,914964.1838023622,0.0,True,liquidate,-0.19070439347210716,0,,黄金;国债ETF,军工ETF;创新药ETF;半导体ETF;证券ETF;有色ETF
2022-11-04,914964.1838023622,0.0,914964.1838023622,0.0,False,liquidate,-0.19070439347210716,6,黄金;军工ETF;创新药ETF;证券ETF;半导体ETF;有色ETF,黄金,军工ETF;创新药ETF;证券ETF;半导体ETF;有色ETF
2022-11-07,915036.800007426,0.0,915036.800007426,0.0,False,liquidate,-0.19064016366206518,6,黄金;创新药ETF;军工ETF;有色ETF;证券ETF;半导体ETF,黄金,创新药ETF;军工ETF;有色ETF;证券ETF;半导体ETF
2022-11-08,915109.4219756805,0.0,915109.4219756805,0.0,False,liquidate,-0.1905759287544193,6,黄金;创新药ETF;军工ETF;有色ETF;证券ETF;半导体ETF,黄金,创新药ETF;军工ETF;有色ETF;证券ETF;半导体ETF
2022-11-09,915182.0497075834,0.0,915182.0497075834,0.0,False,liquidate,-0.19051168874876487,6,黄金;创新药ETF;军工ETF;有色ETF;证券ETF;半导体ETF,黄金,创新药ETF;军工ETF;有色ETF;证券ETF;半导体ETF
2022-11-10,915254.683203592,0.0,915254.683203592,0.0,False,liquidate,-0.19044744364469726,6,黄金;创新药ETF;军工ETF;有色ETF;证券ETF;半导体ETF,黄金,创新药ETF;军工ETF;有色ETF;证券ETF;半导体ETF
2022-11-11,915327.3224641638,0.0,915327.3224641638,0.0,False,liquidate,-0.19038319344181184,6,黄金;有色ETF;创新药ETF;证券ETF;军工ETF;半导体ETF,黄金,有色ETF;创新药ETF;证券ETF;军工ETF;半导体ETF
2022-11-14,915399.9674897562,0.0,915399.9674897562,0.0,False,liquidate,-0.19031893813970405,6,黄金;创新药ETF;证券ETF;有色ETF;半导体ETF;军工ETF,黄金,创新药ETF;证券ETF;有色ETF;半导体ETF;军工ETF
2022-11-15,915472.6182808268,0.0,915472.6182808268,0.0,False,liquidate,-0.19025467773796906,6,黄金;创新药ETF;证券ETF;半导体ETF;有色ETF;军工ETF,黄金,创新药ETF;证券ETF;半导体ETF;有色ETF;军工ETF
2022-11-16,915545.2748378332,0.0,915545.2748378332,0.0,False,liquidate,-0.19019041223620223,7,纳指;黄金;创新药ETF;证券ETF;有色ETF;半导体ETF;军工ETF,纳指;黄金,创新药ETF;证券ETF;有色ETF;半导体ETF;军工ETF
2022-11-17,915617.9371612332,0.0,915617.9371612332,0.0,False,liquidate,-0.19012614163399869,8,创业板;纳指;黄金;创新药ETF;半导体ETF;证券ETF;军工ETF;有色ETF,创业板;纳指;黄金,创新药ETF;半导体ETF;证券ETF;军工ETF;有色ETF
2022-11-18,915690.6052514841,0.0,915690.6052514841,0.0,False,liquidate,-0.19006186593095373,8,创业板;纳指;黄金;创新药ETF;证券ETF;酒ETF;半导体ETF;有色ETF,创业板;纳指;黄金,创新药ETF;证券ETF;酒ETF;半导体ETF;有色ETF
2022-11-21,915763.2791090438,0.0,915763.2791090438,0.0,False,liquidate,-0.1899975851266625,7,创业板;黄金;创新药ETF;证券ETF;半导体ETF;酒ETF;有色ETF,创业板;黄金,创新药ETF;证券ETF;半导体ETF;酒ETF;有色ETF
2022-11-22,915835.95873437,0.0,915835.95873437,0.0,False,liquidate,-0.1899332992207201,7,创业板;黄金;创新药ETF;证券ETF;酒ETF;半导体ETF;有色ETF,创业板;黄金,创新药ETF;证券ETF;酒ETF;半导体ETF;有色ETF
2022-11-23,915908.6441279204,0.0,915908.6441279204,0.0,False,liquidate,-0.18986900821272168,8,创业板;纳指;黄金;创新药ETF;酒ETF;证券ETF;半导体ETF;军工ETF,创业板;纳指;黄金,创新药ETF;酒ETF;证券ETF;半导体ETF;军工ETF
2022-11-24,915981.3352901528,0.0,915981.3352901528,0.0,False,liquidate,-0.18980471210226232,8,创业板;纳指;黄金;创新药ETF;证券ETF;酒ETF;有色ETF;半导体ETF,创业板;纳指;黄金,创新药ETF;证券ETF;酒ETF;有色ETF;半导体ETF
2022-11-25,916054.0322215251,0.0,916054.0322215251,0.0,False,liquidate,-0.18974041088893706,8,纳指;黄金;国债ETF;创新药ETF;证券ETF;有色ETF;酒ETF;半导体ETF,纳指;黄金;国债ETF,创新药ETF;证券ETF;有色ETF;酒ETF;半导体ETF
2022-11-28,916126.7349224951,0.0,916126.7349224951,0.0,False,liquidate,-0.18967610457234094,7,纳指;黄金;证券ETF;创新药ETF;酒ETF;半导体ETF;有色ETF,纳指;黄金,证券ETF;创新药ETF;酒ETF;半导体ETF;有色ETF
2022-11-29,916199.4433935208,0.0,916199.4433935208,0.0,False,liquidate,-0.1896117931520688,9,沪深300;创业板;纳指;黄金;证券ETF;创新药ETF;酒ETF;半导体ETF;军工ETF,沪深300;创业板;纳指;黄金,证券ETF;创新药ETF;酒ETF;半导体ETF;军工ETF
2022-11-30,916272.15763506,0.0,916272.15763506,0.0,False,liquidate,-0.18954747662771573,8,沪深300;纳指;黄金;证券ETF;创新药ETF;有色ETF;军工ETF;酒ETF,沪深300;纳指;黄金,证券ETF;创新药ETF;有色ETF;军工ETF;酒ETF
2022-12-01,916344.8776475708,0.0,916344.8776475708,0.0,False,liquidate,-0.1894831549988766,9,沪深300;创业板;纳指;黄金;证券ETF;创新药ETF;军工ETF;酒ETF;有色ETF,沪深300;创业板;纳指;黄金,证券ETF;创新药ETF;军工ETF;酒ETF;有色ETF
2022-12-02,916417.6034315111,0.0,916417.6034315111,0.0,False,liquidate,-0.18941882826514636,9,沪深300;创业板;纳指;黄金;证券ETF;创新药ETF;酒ETF;军工ETF;有色ETF,沪深300;创业板;纳指;黄金,证券ETF;创新药ETF;酒ETF;军工ETF;有色ETF
2022-12-05,916490.334987339,0.0,916490.334987339,0.0,False,liquidate,-0.1893544964261198,9,沪深300;创业板;纳指;黄金;证券ETF;酒ETF;创新药ETF;有色ETF;军工ETF,沪深300;创业板;纳指;黄金,证券ETF;酒ETF;创新药ETF;有色ETF;军工ETF
2022-12-06,916563.0723155126,0.0,916563.0723155126,0.0,False,liquidate,-0.1892901594813917,9,沪深300;创业板;纳指;黄金;酒ETF;证券ETF;创新药ETF;半导体ETF;军工ETF,沪深300;创业板;纳指;黄金,酒ETF;证券ETF;创新药ETF;半导体ETF;军工ETF
2022-12-07,916635.8154164901,0.0,916635.8154164901,0.0,False,liquidate,-0.18922581743055683,9,沪深300;创业板;纳指;黄金;酒ETF;证券ETF;创新药ETF;半导体ETF;军工ETF,沪深300;创业板;纳指;黄金,酒ETF;证券ETF;创新药ETF;半导体ETF;军工ETF
2022-12-08,916708.5642907295,0.0,916708.5642907295,0.0,False,liquidate,-0.18916147027321006,8,沪深300;纳指;黄金;酒ETF;证券ETF;创新药ETF;半导体ETF;有色ETF,沪深300;纳指;黄金,酒ETF;证券ETF;创新药ETF;半导体ETF;有色ETF
2022-12-09,916781.3189386891,0.0,916781.3189386891,0.0,False,liquidate,-0.189097118008946,8,沪深300;纳指;黄金;酒ETF;证券ETF;创新药ETF;有色ETF;半导体ETF,沪深300;纳指;黄金,酒ETF;证券ETF;创新药ETF;有色ETF;半导体ETF
2022-12-12,916854.0793608271,0.0,916854.0793608271,0.0,False,liquidate,-0.18903276063735938,8,沪深300;纳指;黄金;酒ETF;创新药ETF;证券ETF;半导体ETF;军工ETF,沪深300;纳指;黄金,酒ETF;创新药ETF;证券ETF;半导体ETF;军工ETF
2022-12-13,916926.8455576018,0.0,916926.8455576018,0.0,False,liquidate,-0.18896839815804486,8,沪深300;纳指;黄金;酒ETF;创新药ETF;证券ETF;半导体ETF;有色ETF,沪深300;纳指;黄金,酒ETF;创新药ETF;证券ETF;半导体ETF;有色ETF
2022-12-14,916999.6175294715,0.0,916999.6175294715,0.0,False,liquidate,-0.18890403057059701,8,沪深300;纳指;黄金;酒ETF;创新药ETF;证券ETF;有色ETF;半导体ETF,沪深300;纳指;黄金,酒ETF;创新药ETF;证券ETF;有色ETF;半导体ETF
2022-12-15,917072.3952768946,0.0,917072.3952768946,0.0,False,liquidate,-0.1888396578746105,9,沪深300;创业板;纳指;黄金;酒ETF;证券ETF;创新药ETF;有色ETF;半导体ETF,沪深300;创业板;纳指;黄金,酒ETF;证券ETF;创新药ETF;有色ETF;半导体ETF
2022-12-16,917145.1788003292,0.0,917145.1788003292,0.0,False,liquidate,-0.18877528006967992,8,沪深300;创业板;黄金;酒ETF;证券ETF;创新药ETF;半导体ETF;有色ETF,沪深300;创业板;黄金,酒ETF;证券ETF;创新药ETF;半导体ETF;有色ETF
2022-12-19,917217.968100234,0.0,917217.968100234,0.0,False,liquidate,-0.1887108971553997,8,沪深300;创业板;黄金;酒ETF;证券ETF;创新药ETF;半导体ETF;有色ETF,沪深300;创业板;黄金,酒ETF;证券ETF;创新药ETF;半导体ETF;有色ETF
2022-12-20,917290.7631770674,0.0,917290.7631770674,0.0,False,liquidate,-0.18864650913136444,7,沪深300;黄金;酒ETF;创新药ETF;证券ETF;半导体ETF;有色ETF,沪深300;黄金,酒ETF;创新药ETF;证券ETF;半导体ETF;有色ETF
2022-12-21,917363.5640312878,0.0,917363.5640312878,0.0,False,liquidate,-0.1885821159971685,7,沪深300;黄金;酒ETF;创新药ETF;证券ETF;半导体ETF;有色ETF,沪深300;黄金,酒ETF;创新药ETF;证券ETF;半导体ETF;有色ETF
2022-12-22,917436.3706633538,0.0,917436.3706633538,0.0,False,liquidate,-0.18851771775240633,8,沪深300;创业板;黄金;酒ETF;创新药ETF;证券ETF;半导体ETF;有色ETF,沪深300;创业板;黄金,酒ETF;创新药ETF;证券ETF;半导体ETF;有色ETF
2022-12-23,917509.1830737239,0.0,917509.1830737239,0.0,False,liquidate,-0.1884533143966724,8,沪深300;创业板;黄金;酒ETF;创新药ETF;证券ETF;半导体ETF;有色ETF,沪深300;创业板;黄金,酒ETF;创新药ETF;证券ETF;半导体ETF;有色ETF
2022-12-26,917582.0012628568,0.0,917582.0012628568,0.0,False,liquidate,-0.188388905929561,7,沪深300;黄金;酒ETF;创新药ETF;证券ETF;半导体ETF;有色ETF,沪深300;黄金,酒ETF;创新药ETF;证券ETF;半导体ETF;有色ETF
2022-12-27,917654.825231211,0.0,917654.825231211,0.0,False,liquidate,-0.18832449235066648,7,沪深300;黄金;酒ETF;创新药ETF;证券ETF;半导体ETF;有色ETF,沪深300;黄金,酒ETF;创新药ETF;证券ETF;半导体ETF;有色ETF
2022-12-28,917727.6549792453,0.0,917727.6549792453,0.0,False,liquidate,-0.18826007365958317,7,沪深300;黄金;酒ETF;创新药ETF;证券ETF;半导体ETF;有色ETF,沪深300;黄金,酒ETF;创新药ETF;证券ETF;半导体ETF;有色ETF
2022-12-29,917800.4905074183,0.0,917800.4905074183,0.0,False,liquidate,-0.1881956498559053,7,沪深300;黄金;酒ETF;创新药ETF;证券ETF;半导体ETF;军工ETF,沪深300;黄金,酒ETF;创新药ETF;证券ETF;半导体ETF;军工ETF
2022-12-30,917873.3318161888,0.0,917873.3318161888,0.0,False,liquidate,-0.18813122093922718,7,沪深300;黄金;酒ETF;创新药ETF;半导体ETF;证券ETF;军工ETF,沪深300;黄金,酒ETF;创新药ETF;半导体ETF;证券ETF;军工ETF
2023-01-03,917946.1789060155,0.0,917946.1789060155,0.0,False,liquidate,-0.18806678690914297,7,沪深300;黄金;创新药ETF;酒ETF;半导体ETF;军工ETF;证券ETF,沪深300;黄金,创新药ETF;酒ETF;半导体ETF;军工ETF;证券ETF
2023-01-04,918019.0317773572,0.0,918019.0317773572,0.0,False,liquidate,-0.18800234776524685,7,沪深300;黄金;创新药ETF;酒ETF;半导体ETF;证券ETF;军工ETF,沪深300;黄金,创新药ETF;酒ETF;半导体ETF;证券ETF;军工ETF
2023-01-05,918091.8904306729,0.0,918091.8904306729,0.0,False,liquidate,-0.18793790350713296,8,沪深300;创业板;黄金;酒ETF;创新药ETF;半导体ETF;证券ETF;军工ETF,沪深300;创业板;黄金,酒ETF;创新药ETF;半导体ETF;证券ETF;军工ETF
2023-01-06,918164.7548664215,0.0,918164.7548664215,0.0,False,liquidate,-0.18787345413439535,8,沪深300;创业板;黄金;酒ETF;创新药ETF;证券ETF;半导体ETF;军工ETF,沪深300;创业板;黄金,酒ETF;创新药ETF;证券ETF;半导体ETF;军工ETF
2023-01-09,918237.6250850616,0.0,918237.6250850616,0.0,False,liquidate,-0.18780899964662826,9,沪深300;创业板;黄金;国债ETF;酒ETF;创新药ETF;证券ETF;有色ETF;半导体ETF,沪深300;创业板;黄金;国债ETF,酒ETF;创新药ETF;证券ETF;有色ETF;半导体ETF
2023-01-10,918310.5010870525,0.0,918310.5010870525,0.0,False,liquidate,-0.1877445400434256,9,沪深300;创业板;黄金;国债ETF;酒ETF;创新药ETF;证券ETF;有色ETF;半导体ETF,沪深300;创业板;黄金;国债ETF,酒ETF;创新药ETF;证券ETF;有色ETF;半导体ETF
2023-01-11,918383.3828728531,0.0,918383.3828728531,0.0,False,liquidate,-0.18768007532438144,9,沪深300;创业板;黄金;国债ETF;酒ETF;创新药ETF;证券ETF;有色ETF;半导体ETF,沪深300;创业板;黄金;国债ETF,酒ETF;创新药ETF;证券ETF;有色ETF;半导体ETF
2023-01-12,918456.2704429224,0.0,918456.2704429224,0.0,False,liquidate,-0.1876156054890897,9,沪深300;创业板;黄金;国债ETF;酒ETF;创新药ETF;证券ETF;有色ETF;半导体ETF,沪深300;创业板;黄金;国债ETF,酒ETF;创新药ETF;证券ETF;有色ETF;半导体ETF
2023-01-13,918529.1637977195,0.0,918529.1637977195,0.0,False,liquidate,-0.1875511305371443,9,沪深300;创业板;黄金;国债ETF;酒ETF;创新药ETF;证券ETF;有色ETF;半导体ETF,沪深300;创业板;黄金;国债ETF,酒ETF;创新药ETF;证券ETF;有色ETF;半导体ETF
2023-01-16,918602.0629377034,0.0,918602.0629377034,0.0,False,liquidate,-0.18748665046813934,8,沪深300;创业板;黄金;酒ETF;创新药ETF;证券ETF;有色ETF;半导体ETF,沪深300;创业板;黄金,酒ETF;创新药ETF;证券ETF;有色ETF;半导体ETF
2023-01-17,918674.9678633334,0.0,918674.9678633334,0.0,False,liquidate,-0.18742216528166858,8,沪深300;创业板;黄金;酒ETF;创新药ETF;证券ETF;有色ETF;半导体ETF,沪深300;创业板;黄金,酒ETF;创新药ETF;证券ETF;有色ETF;半导体ETF
2023-01-18,918747.8785750687,0.0,918747.8785750687,0.0,False,liquidate,-0.18735767497732578,8,沪深300;创业板;黄金;酒ETF;创新药ETF;证券ETF;有色ETF;半导体ETF,沪深300;创业板;黄金,酒ETF;创新药ETF;证券ETF;有色ETF;半导体ETF
2023-01-19,918820.7950733684,0.0,918820.7950733684,0.0,False,liquidate,-0.18729317955470487,8,沪深300;创业板;黄金;创新药ETF;证券ETF;酒ETF;有色ETF;半导体ETF,沪深300;创业板;黄金,创新药ETF;证券ETF;酒ETF;有色ETF;半导体ETF
2023-01-20,918893.7173586917,0.0,918893.7173586917,0.0,False,liquidate,-0.1872286790133996,8,沪深300;创业板;黄金;创新药ETF;有色ETF;证券ETF;酒ETF;半导体ETF,沪深300;创业板;黄金,创新药ETF;有色ETF;证券ETF;酒ETF;半导体ETF
2023-01-30,918966.6454314981,0.0,918966.6454314981,0.0,False,liquidate,-0.18716417335300375,9,沪深300;创业板;黄金;国债ETF;酒ETF;创新药ETF;有色ETF;证券ETF;半导体ETF,沪深300;创业板;黄金;国债ETF,酒ETF;创新药ETF;有色ETF;证券ETF;半导体ETF
2023-01-31,919039.5792922466,0.0,919039.5792922466,0.0,False,liquidate,-0.18709966257311114,9,沪深300;创业板;黄金;国债ETF;有色ETF;证券ETF;创新药ETF;酒ETF;军工ETF,沪深300;创业板;黄金;国债ETF,有色ETF;证券ETF;创新药ETF;酒ETF;军工ETF
2023-02-01,919112.5189413968,0.0,919112.5189413968,0.0,False,liquidate,-0.1870351466733153,10,沪深300;创业板;纳指;黄金;国债ETF;有色ETF;证券ETF;酒ETF;创新药ETF;半导体ETF,沪深300;创业板;纳指;黄金;国债ETF,有色ETF;证券ETF;酒ETF;创新药ETF;半导体ETF
2023-02-02,919185.4643794082,0.0,919185.4643794082,0.0,False,liquidate,-0.18697062565320993,9,沪深300;创业板;黄金;国债ETF;有色ETF;酒ETF;证券ETF;创新药ETF;半导体ETF,沪深300;创业板;黄金;国债ETF,有色ETF;酒ETF;证券ETF;创新药ETF;半导体ETF
2023-02-03,919258.4156067399,0.0,919258.4156067399,0.0,False,liquidate,-0.18690609951238868,10,沪深300;创业板;纳指;黄金;国债ETF;有色ETF;酒ETF;证券ETF;创新药ETF;半导体ETF,沪深300;创业板;纳指;黄金;国债ETF,有色ETF;酒ETF;证券ETF;创新药ETF;半导体ETF
2023-02-06,919331.3726238516,0.0,919331.3726238516,0.0,False,liquidate,-0.18684156825044518,10,沪深300;创业板;纳指;黄金;国债ETF;酒ETF;有色ETF;证券ETF;半导体ETF;创新药ETF,沪深300;创业板;纳指;黄金;国债ETF,酒ETF;有色ETF;证券ETF;半导体ETF;创新药ETF
2023-02-07,919404.3354312028,0.0,919404.3354312028,0.0,False,liquidate,-0.18677703186697295,10,沪深300;创业板;纳指;黄金;国债ETF;有色ETF;酒ETF;证券ETF;半导体ETF;创新药ETF,沪深300;创业板;纳指;黄金;国债ETF,有色ETF;酒ETF;证券ETF;半导体ETF;创新药ETF
2023-02-08,919477.304029253,0.0,919477.304029253,0.0,False,liquidate,-0.18671249036156548,10,沪深300;创业板;纳指;黄金;国债ETF;有色ETF;证券ETF;酒ETF;半导体ETF;创新药ETF,沪深300;创业板;纳指;黄金;国债ETF,有色ETF;证券ETF;酒ETF;半导体ETF;创新药ETF
2023-02-09,919550.2784184617,0.0,919550.2784184617,0.0,False,liquidate,-0.18664794373381635,10,沪深300;创业板;纳指;黄金;国债ETF;半导体ETF;酒ETF;有色ETF;证券ETF;创新药ETF,沪深300;创业板;纳指;黄金;国债ETF,半导体ETF;酒ETF;有色ETF;证券ETF;创新药ETF
2023-02-10,919623.2585992885,0.0,919623.2585992885,0.0,False,liquidate,-0.18658339198331905,10,沪深300;创业板;纳指;黄金;国债ETF;半导体ETF;酒ETF;证券ETF;有色ETF;创新药ETF,沪深300;创业板;纳指;黄金;国债ETF,半导体ETF;酒ETF;证券ETF;有色ETF;创新药ETF
2023-02-13,919696.2445721932,0.0,919696.2445721932,0.0,False,liquidate,-0.18651883510966694,10,沪深300;创业板;纳指;黄金;国债ETF;酒ETF;半导体ETF;证券ETF;军工ETF;有色ETF,沪深300;创业板;纳指;黄金;国债ETF,酒ETF;半导体ETF;证券ETF;军工ETF;有色ETF
2023-02-14,919769.2363376355,0.0,919769.2363376355,0.0,False,liquidate,-0.18645427311245336,10,沪深300;创业板;纳指;黄金;国债ETF;酒ETF;半导体ETF;有色ETF;军工ETF;证券ETF,沪深300;创业板;纳指;黄金;国债ETF,酒ETF;半导体ETF;有色ETF;军工ETF;证券ETF
2023-02-15,919842.233896075,0.0,919842.233896075,0.0,False,liquidate,-0.1863897059912718,10,沪深300;创业板;纳指;黄金;国债ETF;酒ETF;半导体ETF;军工ETF;有色ETF;证券ETF,沪深300;创业板;纳指;黄金;国债ETF,酒ETF;半导体ETF;军工ETF;有色ETF;证券ETF
2023-02-16,919915.2372479716,0.0,919915.2372479716,0.0,False,liquidate,-0.18632513374571552,10,沪深300;创业板;纳指;黄金;国债ETF;酒ETF;半导体ETF;军工ETF;证券ETF;有色ETF,沪深300;创业板;纳指;黄金;国债ETF,酒ETF;半导体ETF;军工ETF;证券ETF;有色ETF
2023-02-17,919988.246393785,0.0,919988.246393785,0.0,False,liquidate,-0.1862605563753778,10,沪深300;创业板;纳指;黄金;国债ETF;酒ETF;军工ETF;有色ETF;半导体ETF;证券ETF,沪深300;创业板;纳指;黄金;国债ETF,酒ETF;军工ETF;有色ETF;半导体ETF;证券ETF
2023-02-20,920061.261333975,0.0,920061.261333975,0.0,False,liquidate,-0.18619597387985204,10,沪深300;创业板;纳指;黄金;国债ETF;酒ETF;有色ETF;军工ETF;证券ETF;半导体ETF,沪深300;创业板;纳指;黄金;国债ETF,酒ETF;有色ETF;军工ETF;证券ETF;半导体ETF
2023-02-21,920134.2820690016,0.0,920134.2820690016,0.0,False,liquidate,-0.18613138625873132,10,沪深300;创业板;纳指;黄金;国债ETF;酒ETF;有色ETF;军工ETF;证券ETF;半导体ETF,沪深300;创业板;纳指;黄金;国债ETF,酒ETF;有色ETF;军工ETF;证券ETF;半导体ETF
2023-02-22,920207.3085993245,0.0,920207.3085993245,0.0,False,liquidate,-0.18606679351160899,10,沪深300;创业板;纳指;黄金;国债ETF;酒ETF;有色ETF;军工ETF;证券ETF;半导体ETF,沪深300;创业板;纳指;黄金;国债ETF,酒ETF;有色ETF;军工ETF;证券ETF;半导体ETF
2023-02-23,920280.3409254039,0.0,920280.3409254039,0.0,False,liquidate,-0.18600219563807813,10,沪深300;创业板;纳指;黄金;国债ETF;酒ETF;有色ETF;证券ETF;军工ETF;半导体ETF,沪深300;创业板;纳指;黄金;国债ETF,酒ETF;有色ETF;证券ETF;军工ETF;半导体ETF
2023-02-24,920353.3790476996,0.0,920353.3790476996,0.0,False,liquidate,-0.18593759263773188,10,沪深300;创业板;纳指;黄金;国债ETF;酒ETF;军工ETF;证券ETF;有色ETF;半导体ETF,沪深300;创业板;纳指;黄金;国债ETF,酒ETF;军工ETF;证券ETF;有色ETF;半导体ETF
2023-02-27,920426.4229666718,0.0,920426.4229666718,0.0,False,liquidate,-0.18587298451016335,10,沪深300;创业板;纳指;黄金;国债ETF;酒ETF;军工ETF;证券ETF;半导体ETF;有色ETF,沪深300;创业板;纳指;黄金;国债ETF,酒ETF;军工ETF;证券ETF;半导体ETF;有色ETF
2023-02-28,920499.4726827802,0.0,920499.4726827802,0.0,False,liquidate,-0.18580837125496574,10,沪深300;创业板;纳指;黄金;国债ETF;酒ETF;军工ETF;创新药ETF;证券ETF;半导体ETF,沪深300;创业板;纳指;黄金;国债ETF,酒ETF;军工ETF;创新药ETF;证券ETF;半导体ETF
2023-03-01,920572.5281964852,0.0,920572.5281964852,0.0,False,liquidate,-0.18574375287173198,10,沪深300;创业板;纳指;黄金;国债ETF;酒ETF;军工ETF;证券ETF;有色ETF;创新药ETF,沪深300;创业板;纳指;黄金;国债ETF,酒ETF;军工ETF;证券ETF;有色ETF;创新药ETF
2023-03-02,920645.5895082469,0.0,920645.5895082469,0.0,False,liquidate,-0.18567912936005515,10,沪深300;创业板;纳指;黄金;国债ETF;酒ETF;证券ETF;军工ETF;有色ETF;创新药ETF,沪深300;创业板;纳指;黄金;国债ETF,酒ETF;证券ETF;军工ETF;有色ETF;创新药ETF
2023-03-03,920718.6566185254,0.0,920718.6566185254,0.0,False,liquidate,-0.1856145007195281,9,沪深300;创业板;纳指;黄金;酒ETF;证券ETF;军工ETF;半导体ETF;有色ETF,沪深300;创业板;纳指;黄金,酒ETF;证券ETF;军工ETF;半导体ETF;有色ETF
2023-03-06,920791.7295277809,0.0,920791.7295277809,0.0,False,liquidate,-0.18554986694974385,9,沪深300;创业板;纳指;黄金;酒ETF;军工ETF;半导体ETF;证券ETF;创新药ETF,沪深300;创业板;纳指;黄金,酒ETF;军工ETF;半导体ETF;证券ETF;创新药ETF
2023-03-07,920864.8082364736,0.0,920864.8082364736,0.0,False,liquidate,-0.1854852280502954,9,沪深300;创业板;纳指;黄金;酒ETF;军工ETF;证券ETF;创新药ETF;有色ETF,沪深300;创业板;纳指;黄金,酒ETF;军工ETF;证券ETF;创新药ETF;有色ETF
2023-03-08,920937.8927450639,0.0,920937.8927450639,0.0,False,liquidate,-0.18542058402077552,8,纳指;黄金;国债ETF;酒ETF;军工ETF;证券ETF;有色ETF;半导体ETF,纳指;黄金;国债ETF,酒ETF;军工ETF;证券ETF;有色ETF;半导体ETF
2023-03-09,921010.983054012,0.0,921010.983054012,0.0,False,liquidate,-0.18535593486077712,8,纳指;黄金;国债ETF;酒ETF;军工ETF;半导体ETF;证券ETF;有色ETF,纳指;黄金;国债ETF,酒ETF;军工ETF;半导体ETF;证券ETF;有色ETF
2023-03-10,921084.0791637782,0.0,921084.0791637782,0.0,False,liquidate,-0.18529128056989297,8,纳指;黄金;国债ETF;军工ETF;酒ETF;半导体ETF;创新药ETF;证券ETF,纳指;黄金;国债ETF,军工ETF;酒ETF;半导体ETF;创新药ETF;证券ETF
2023-03-13,921157.181074823,0.0,921157.181074823,0.0,False,liquidate,-0.18522662114771593,8,纳指;黄金;国债ETF;军工ETF;酒ETF;证券ETF;半导体ETF;有色ETF,纳指;黄金;国债ETF,军工ETF;酒ETF;证券ETF;半导体ETF;有色ETF
2023-03-14,921230.2887876068,0.0,921230.2887876068,0.0,False,liquidate,-0.18516195659383877,8,纳指;黄金;国债ETF;军工ETF;半导体ETF;酒ETF;创新药ETF;证券ETF,纳指;黄金;国债ETF,军工ETF;半导体ETF;酒ETF;创新药ETF;证券ETF
2023-03-15,921303.40230259,0.0,921303.40230259,0.0,False,liquidate,-0.1850972869078541,8,纳指;黄金;国债ETF;军工ETF;半导体ETF;创新药ETF;有色ETF;酒ETF,纳指;黄金;国债ETF,军工ETF;半导体ETF;创新药ETF;有色ETF;酒ETF
2023-03-16,921376.5216202331,0.0,921376.5216202331,0.0,False,liquidate,-0.18503261208935468,8,纳指;黄金;国债ETF;半导体ETF;军工ETF;酒ETF;证券ETF;创新药ETF,纳指;黄金;国债ETF,半导体ETF;军工ETF;酒ETF;证券ETF;创新药ETF
2023-03-17,921449.6467409966,0.0,921449.6467409966,0.0,False,liquidate,-0.18496793213793314,8,纳指;黄金;国债ETF;半导体ETF;军工ETF;证券ETF;酒ETF;有色ETF,纳指;黄金;国债ETF,半导体ETF;军工ETF;证券ETF;酒ETF;有色ETF
2023-03-20,921522.7776653412,0.0,921522.7776653412,0.0,False,liquidate,-0.18490324705318217,8,纳指;黄金;国债ETF;半导体ETF;军工ETF;证券ETF;有色ETF;创新药ETF,纳指;黄金;国债ETF,半导体ETF;军工ETF;证券ETF;有色ETF;创新药ETF
2023-03-21,921595.9143937273,0.0,921595.9143937273,0.0,False,liquidate,-0.18483855683469433,8,纳指;黄金;国债ETF;半导体ETF;军工ETF;酒ETF;证券ETF;创新药ETF,纳指;黄金;国债ETF,半导体ETF;军工ETF;酒ETF;证券ETF;创新药ETF
2023-03-22,921669.0569266158,0.0,921669.0569266158,0.0,False,liquidate,-0.1847738614820621,8,纳指;黄金;国债ETF;半导体ETF;军工ETF;创新药ETF;酒ETF;证券ETF,纳指;黄金;国债ETF,半导体ETF;军工ETF;创新药ETF;酒ETF;证券ETF
2023-03-23,921742.2052644672,0.0,921742.2052644672,0.0,False,liquidate,-0.18470916099487808,8,纳指;黄金;国债ETF;半导体ETF;军工ETF;有色ETF;证券ETF;酒ETF,纳指;黄金;国债ETF,半导体ETF;军工ETF;有色ETF;证券ETF;酒ETF
2023-03-24,921815.3594077422,0.0,921815.3594077422,0.0,False,liquidate,-0.18464445537273477,8,纳指;黄金;国债ETF;半导体ETF;军工ETF;证券ETF;有色ETF;酒ETF,纳指;黄金;国债ETF,半导体ETF;军工ETF;证券ETF;有色ETF;酒ETF
2023-03-27,921888.5193569015,0.0,921888.5193569015,0.0,False,liquidate,-0.18457974461522467,8,纳指;黄金;国债ETF;半导体ETF;证券ETF;军工ETF;有色ETF;酒ETF,纳指;黄金;国债ETF,半导体ETF;证券ETF;军工ETF;有色ETF;酒ETF
2023-03-28,921961.685112406,0.0,921961.685112406,0.0,False,liquidate,-0.18451502872194014,8,纳指;黄金;国债ETF;半导体ETF;酒ETF;证券ETF;军工ETF;创新药ETF,纳指;黄金;国债ETF,半导体ETF;酒ETF;证券ETF;军工ETF;创新药ETF
2023-03-29,922034.8566747166,0.0,922034.8566747166,0.0,False,liquidate,-0.18445030769247361,8,纳指;黄金;国债ETF;半导体ETF;酒ETF;证券ETF;有色ETF;军工ETF,纳指;黄金;国债ETF,半导体ETF;酒ETF;证券ETF;有色ETF;军工ETF
2023-03-30,922108.0340442939,0.0,922108.0340442939,0.0,False,liquidate,-0.18438558152641749,8,纳指;黄金;国债ETF;半导体ETF;酒ETF;证券ETF;有色ETF;创新药ETF,纳指;黄金;国债ETF,半导体ETF;酒ETF;证券ETF;有色ETF;创新药ETF
2023-03-31,922181.2172215991,0.0,922181.2172215991,0.0,False,liquidate,-0.18432085022336397,8,纳指;黄金;国债ETF;半导体ETF;酒ETF;有色ETF;证券ETF;军工ETF,纳指;黄金;国债ETF,半导体ETF;酒ETF;有色ETF;证券ETF;军工ETF
2023-04-03,922254.4062070929,0.0,922254.4062070929,0.0,False,liquidate,-0.18425611378290543,8,纳指;黄金;国债ETF;半导体ETF;证券ETF;酒ETF;有色ETF;军工ETF,纳指;黄金;国债ETF,半导体ETF;证券ETF;酒ETF;有色ETF;军工ETF
2023-04-04,922327.6010012364,0.0,922327.6010012364,0.0,False,liquidate,-0.18419137220463425,9,沪深300;纳指;黄金;国债ETF;半导体ETF;证券ETF;酒ETF;有色ETF;军工ETF,沪深300;纳指;黄金;国债ETF,半导体ETF;证券ETF;酒ETF;有色ETF;军工ETF
2023-04-06,922400.8016044905,0.0,922400.8016044905,0.0,False,liquidate,-0.1841266254881425,8,纳指;黄金;国债ETF;半导体ETF;证券ETF;有色ETF;酒ETF;军工ETF,纳指;黄金;国债ETF,半导体ETF;证券ETF;有色ETF;酒ETF;军工ETF
2023-04-07,922474.0080173163,0.0,922474.0080173163,0.0,False,liquidate,-0.1840618736330224,9,沪深300;纳指;黄金;国债ETF;半导体ETF;证券ETF;酒ETF;有色ETF;军工ETF,沪深300;纳指;黄金;国债ETF,半导体ETF;证券ETF;酒ETF;有色ETF;军工ETF
2023-04-10,922547.2202401749,0.0,922547.2202401749,0.0,False,liquidate,-0.18399711663886625,8,纳指;黄金;国债ETF;半导体ETF;证券ETF;创新药ETF;有色ETF;军工ETF,纳指;黄金;国债ETF,半导体ETF;证券ETF;创新药ETF;有色ETF;军工ETF
2023-04-11,922620.4382735273,0.0,922620.4382735273,0.0,False,liquidate,-0.18393235450526615,8,纳指;黄金;国债ETF;半导体ETF;证券ETF;有色ETF;创新药ETF;军工ETF,纳指;黄金;国债ETF,半导体ETF;证券ETF;有色ETF;创新药ETF;军工ETF
2023-04-12,922693.6621178348,0.0,922693.6621178348,0.0,False,liquidate,-0.18386758723181415,8,纳指;黄金;国债ETF;半导体ETF;证券ETF;有色ETF;军工ETF;创新药ETF,纳指;黄金;国债ETF,半导体ETF;证券ETF;有色ETF;军工ETF;创新药ETF
2023-04-13,922766.8917735585,0.0,922766.8917735585,0.0,False,liquidate,-0.18380281481810234,8,纳指;黄金;国债ETF;半导体ETF;证券ETF;有色ETF;创新药ETF;军工ETF,纳指;黄金;国债ETF,半导体ETF;证券ETF;有色ETF;创新药ETF;军工ETF
2023-04-14,922840.1272411596,0.0,922840.1272411596,0.0,False,liquidate,-0.18373803726372281,9,沪深300;纳指;黄金;国债ETF;半导体ETF;有色ETF;证券ETF;创新药ETF;军工ETF,沪深300;纳指;黄金;国债ETF,半导体ETF;有色ETF;证券ETF;创新药ETF;军工ETF
2023-04-17,922913.3685210993,0.0,922913.3685210993,0.0,False,liquidate,-0.18367325456826755,9,沪深300;纳指;黄金;国债ETF;半导体ETF;有色ETF;证券ETF;创新药ETF;军工ETF,沪深300;纳指;黄金;国债ETF,半导体ETF;有色ETF;证券ETF;创新药ETF;军工ETF
2023-04-18,922986.6156138391,0.0,922986.6156138391,0.0,False,liquidate,-0.18360846673132852,9,沪深300;纳指;黄金;国债ETF;半导体ETF;有色ETF;证券ETF;创新药ETF;军工ETF,沪深300;纳指;黄金;国债ETF,半导体ETF;有色ETF;证券ETF;创新药ETF;军工ETF
2023-04-19,923059.8685198403,0.0,923059.8685198403,0.0,False,liquidate,-0.1835436737524976,9,沪深300;纳指;黄金;国债ETF;半导体ETF;有色ETF;证券ETF;军工ETF;创新药ETF,沪深300;纳指;黄金;国债ETF,半导体ETF;有色ETF;证券ETF;军工ETF;创新药ETF
2023-04-20,923133.1272395641,0.0,923133.1272395641,0.0,False,liquidate,-0.18347887563136686,9,沪深300;纳指;黄金;国债ETF;半导体ETF;有色ETF;证券ETF;军工ETF;创新药ETF,沪深300;纳指;黄金;国债ETF,半导体ETF;有色ETF;证券ETF;军工ETF;创新药ETF
2023-04-21,923206.3917734721,0.0,923206.3917734721,0.0,False,liquidate,-0.183414072367528,8,纳指;黄金;国债ETF;半导体ETF;有色ETF;证券ETF;军工ETF;创新药ETF,纳指;黄金;国债ETF,半导体ETF;有色ETF;证券ETF;军工ETF;创新药ETF
2023-04-24,923279.6621220256,0.0,923279.6621220256,0.0,False,liquidate,-0.18334926396057294,8,纳指;黄金;国债ETF;半导体ETF;有色ETF;证券ETF;创新药ETF;军工ETF,纳指;黄金;国债ETF,半导体ETF;有色ETF;证券ETF;创新药ETF;军工ETF
2023-04-25,923352.9382856862,0.0,923352.9382856862,0.0,False,liquidate,-0.18328445041009356,8,纳指;黄金;国债ETF;半导体ETF;证券ETF;有色ETF;军工ETF;创新药ETF,纳指;黄金;国债ETF,半导体ETF;证券ETF;有色ETF;军工ETF;创新药ETF
2023-04-26,923426.2202649153,0.0,923426.2202649153,0.0,False,liquidate,-0.18321963171568162,8,纳指;黄金;国债ETF;半导体ETF;证券ETF;军工ETF;有色ETF;创新药ETF,纳指;黄金;国债ETF,半导体ETF;证券ETF;军工ETF;有色ETF;创新药ETF
2023-04-27,923499.5080601744,0.0,923499.5080601744,0.0,False,liquidate,-0.18315480787692887,8,纳指;黄金;国债ETF;半导体ETF;军工ETF;证券ETF;创新药ETF;有色ETF,纳指;黄金;国债ETF,半导体ETF;军工ETF;证券ETF;创新药ETF;有色ETF
2023-04-28,923572.8016719252,0.0,923572.8016719252,0.0,False,liquidate,-0.183089978893427,8,纳指;黄金;国债ETF;半导体ETF;证券ETF;军工ETF;创新药ETF;有色ETF,纳指;黄金;国债ETF,半导体ETF;证券ETF;军工ETF;创新药ETF;有色ETF
2023-05-04,923646.1011006294,0.0,923646.1011006294,0.0,False,liquidate,-0.1830251447647677,8,纳指;黄金;国债ETF;证券ETF;半导体ETF;军工ETF;创新药ETF;有色ETF,纳指;黄金;国债ETF,证券ETF;半导体ETF;军工ETF;创新药ETF;有色ETF
2023-05-05,923719.4063467486,0.0,923719.4063467486,0.0,False,liquidate,-0.18296030549054262,8,纳指;黄金;国债ETF;证券ETF;军工ETF;半导体ETF;创新药ETF;有色ETF,纳指;黄金;国债ETF,证券ETF;军工ETF;半导体ETF;创新药ETF;有色ETF
2023-05-08,923792.7174107444,0.0,923792.7174107444,0.0,False,liquidate,-0.18289546107034343,9,沪深300;纳指;黄金;国债ETF;证券ETF;军工ETF;有色ETF;半导体ETF;创新药ETF,沪深300;纳指;黄金;国债ETF,证券ETF;军工ETF;有色ETF;半导体ETF;创新药ETF
2023-05-09,923866.0342930786,0.0,923866.0342930786,0.0,False,liquidate,-0.1828306115037617,9,沪深300;纳指;黄金;国债ETF;证券ETF;军工ETF;有色ETF;酒ETF;半导体ETF,沪深300;纳指;黄金;国债ETF,证券ETF;军工ETF;有色ETF;酒ETF;半导体ETF
2023-05-10,923939.356994213,0.0,923939.356994213,0.0,False,liquidate,-0.182765756790389,9,沪深300;纳指;黄金;国债ETF;证券ETF;军工ETF;有色ETF;半导体ETF;酒ETF,沪深300;纳指;黄金;国债ETF,证券ETF;军工ETF;有色ETF;半导体ETF;酒ETF
2023-05-11,924012.6855146093,0.0,924012.6855146093,0.0,False,liquidate,-0.1827008969298168,8,纳指;黄金;国债ETF;证券ETF;军工ETF;有色ETF;半导体ETF;酒ETF,纳指;黄金;国债ETF,证券ETF;军工ETF;有色ETF;半导体ETF;酒ETF
2023-05-12,924086.0198547295,0.0,924086.0198547295,0.0,False,liquidate,-0.18263603192163663,8,纳指;黄金;国债ETF;证券ETF;军工ETF;酒ETF;半导体ETF;创新药ETF,纳指;黄金;国债ETF,证券ETF;军工ETF;酒ETF;半导体ETF;创新药ETF
2023-05-15,924159.3600150355,0.0,924159.3600150355,0.0,False,liquidate,-0.18257116176543992,9,沪深300;纳指;黄金;国债ETF;证券ETF;军工ETF;有色ETF;半导体ETF;创新药ETF,沪深300;纳指;黄金;国债ETF,证券ETF;军工ETF;有色ETF;半导体ETF;创新药ETF
2023-05-16,924232.7059959891,0.0,924232.7059959891,0.0,False,liquidate,-0.18250628646081804,9,沪深300;纳指;黄金;国债ETF;证券ETF;军工ETF;创新药ETF;有色ETF;半导体ETF,沪深300;纳指;黄金;国债ETF,证券ETF;军工ETF;创新药ETF;有色ETF;半导体ETF
2023-05-17,924306.0577980523,0.0,924306.0577980523,0.0,False,liquidate,-0.18244140600736256,9,创业板;纳指;黄金;国债ETF;证券ETF;军工ETF;半导体ETF;创新药ETF;有色ETF,创业板;纳指;黄金;国债ETF,证券ETF;军工ETF;半导体ETF;创新药ETF;有色ETF
2023-05-18,924379.4154216872,0.0,924379.4154216872,0.0,False,liquidate,-0.18237652040466465,9,沪深300;纳指;黄金;国债ETF;军工ETF;证券ETF;半导体ETF;创新药ETF;有色ETF,沪深300;纳指;黄金;国债ETF,军工ETF;证券ETF;半导体ETF;创新药ETF;有色ETF
2023-05-19,924452.7788673557,0.0,924452.7788673557,0.0,False,liquidate,-0.18231162965231573,8,纳指;黄金;国债ETF;军工ETF;证券ETF;半导体ETF;创新药ETF;酒ETF,纳指;黄金;国债ETF,军工ETF;证券ETF;半导体ETF;创新药ETF;酒ETF
2023-05-22,924526.1481355198,0.0,924526.1481355198,0.0,False,liquidate,-0.1822467337499071,8,纳指;黄金;国债ETF;军工ETF;证券ETF;半导体ETF;创新药ETF;酒ETF,纳指;黄金;国债ETF,军工ETF;证券ETF;半导体ETF;创新药ETF;酒ETF
2023-05-23,924599.5232266417,0.0,924599.5232266417,0.0,False,liquidate,-0.1821818326970301,8,纳指;黄金;国债ETF;证券ETF;军工ETF;创新药ETF;半导体ETF;酒ETF,纳指;黄金;国债ETF,证券ETF;军工ETF;创新药ETF;半导体ETF;酒ETF
2023-05-24,924672.9041411836,0.0,924672.9041411836,0.0,False,liquidate,-0.18211692649327582,8,纳指;黄金;国债ETF;证券ETF;军工ETF;半导体ETF;创新药ETF;酒ETF,纳指;黄金;国债ETF,证券ETF;军工ETF;半导体ETF;创新药ETF;酒ETF
2023-05-25,924746.2908796075,0.0,924746.2908796075,0.0,False,liquidate,-0.18205201513823555,8,纳指;黄金;国债ETF;军工ETF;证券ETF;半导体ETF;创新药ETF;有色ETF,纳指;黄金;国债ETF,军工ETF;证券ETF;半导体ETF;创新药ETF;有色ETF
2023-05-26,924819.6834423759,0.0,924819.6834423759,0.0,False,liquidate,-0.18198709863150042,8,纳指;黄金;国债ETF;半导体ETF;军工ETF;证券ETF;创新药ETF;有色ETF,纳指;黄金;国债ETF,半导体ETF;军工ETF;证券ETF;创新药ETF;有色ETF
2023-05-29,924893.0818299507,0.0,924893.0818299507,0.0,False,liquidate,-0.1819221769726616,8,纳指;黄金;国债ETF;半导体ETF;军工ETF;证券ETF;创新药ETF;有色ETF,纳指;黄金;国债ETF,半导体ETF;军工ETF;证券ETF;创新药ETF;有色ETF
2023-05-30,924966.4860427944,0.0,924966.4860427944,0.0,False,liquidate,-0.18185725016131016,8,纳指;黄金;国债ETF;半导体ETF;军工ETF;证券ETF;创新药ETF;有色ETF,纳指;黄金;国债ETF,半导体ETF;军工ETF;证券ETF;创新药ETF;有色ETF
2023-05-31,925039.8960813693,0.0,925039.8960813693,0.0,False,liquidate,-0.18179231819703723,8,纳指;黄金;国债ETF;半导体ETF;军工ETF;证券ETF;创新药ETF;有色ETF,纳指;黄金;国债ETF,半导体ETF;军工ETF;证券ETF;创新药ETF;有色ETF
2023-06-01,925113.3119461377,0.0,925113.3119461377,0.0,False,liquidate,-0.18172738107943376,8,纳指;黄金;国债ETF;半导体ETF;军工ETF;创新药ETF;证券ETF;有色ETF,纳指;黄金;国债ETF,半导体ETF;军工ETF;创新药ETF;证券ETF;有色ETF
2023-06-02,925186.733637562,0.0,925186.733637562,0.0,False,liquidate,-0.18166243880809083,8,纳指;黄金;国债ETF;半导体ETF;军工ETF;创新药ETF;有色ETF;证券ETF,纳指;黄金;国债ETF,半导体ETF;军工ETF;创新药ETF;有色ETF;证券ETF
2023-06-05,925260.1611561048,0.0,925260.1611561048,0.0,False,liquidate,-0.18159749138259934,7,纳指;国债ETF;半导体ETF;创新药ETF;军工ETF;有色ETF;证券ETF,纳指;国债ETF,半导体ETF;创新药ETF;军工ETF;有色ETF;证券ETF
2023-06-06,925333.5945022283,0.0,925333.5945022283,0.0,False,liquidate,-0.1815325388025503,8,纳指;黄金;国债ETF;半导体ETF;军工ETF;创新药ETF;证券ETF;有色ETF,纳指;黄金;国债ETF,半导体ETF;军工ETF;创新药ETF;证券ETF;有色ETF
2023-06-07,925407.0336763952,0.0,925407.0336763952,0.0,False,liquidate,-0.1814675810675346,8,纳指;黄金;国债ETF;半导体ETF;军工ETF;证券ETF;有色ETF;创新药ETF,纳指;黄金;国债ETF,半导体ETF;军工ETF;证券ETF;有色ETF;创新药ETF
2023-06-08,925480.4786790679,0.0,925480.4786790679,0.0,False,liquidate,-0.18140261817714312,8,纳指;黄金;国债ETF;半导体ETF;有色ETF;证券ETF;军工ETF;创新药ETF,纳指;黄金;国债ETF,半导体ETF;有色ETF;证券ETF;军工ETF;创新药ETF
2023-06-09,925553.9295107091,0.0,925553.9295107091,0.0,False,liquidate,-0.1813376501309667,8,纳指;黄金;国债ETF;半导体ETF;证券ETF;有色ETF;军工ETF;创新药ETF,纳指;黄金;国债ETF,半导体ETF;证券ETF;有色ETF;军工ETF;创新药ETF
2023-06-12,925627.3861717815,0.0,925627.3861717815,0.0,False,liquidate,-0.1812726769285961,8,纳指;黄金;国债ETF;半导体ETF;有色ETF;证券ETF;军工ETF;酒ETF,纳指;黄金;国债ETF,半导体ETF;有色ETF;证券ETF;军工ETF;酒ETF
2023-06-13,925700.8486627475,0.0,925700.8486627475,0.0,False,liquidate,-0.18120769856962213,8,纳指;黄金;国债ETF;半导体ETF;有色ETF;证券ETF;酒ETF;军工ETF,纳指;黄金;国债ETF,半导体ETF;有色ETF;证券ETF;酒ETF;军工ETF
2023-06-14,925774.31698407,0.0,925774.31698407,0.0,False,liquidate,-0.18114271505363555,8,纳指;黄金;国债ETF;半导体ETF;酒ETF;有色ETF;证券ETF;军工ETF,纳指;黄金;国债ETF,半导体ETF;酒ETF;有色ETF;证券ETF;军工ETF
2023-06-15,925847.7911362116,0.0,925847.7911362116,0.0,False,liquidate,-0.18107772638022712,8,纳指;黄金;国债ETF;半导体ETF;证券ETF;酒ETF;有色ETF;军工ETF,纳指;黄金;国债ETF,半导体ETF;证券ETF;酒ETF;有色ETF;军工ETF
2023-06-16,925921.2711196352,0.0,925921.2711196352,0.0,False,liquidate,-0.18101273254898737,8,纳指;黄金;国债ETF;半导体ETF;证券ETF;有色ETF;酒ETF;军工ETF,纳指;黄金;国债ETF,半导体ETF;证券ETF;有色ETF;酒ETF;军工ETF
2023-06-19,925994.7569348034,0.0,925994.7569348034,0.0,False,liquidate,-0.1809477335595071,8,纳指;黄金;国债ETF;半导体ETF;证券ETF;军工ETF;有色ETF;酒ETF,纳指;黄金;国债ETF,半导体ETF;证券ETF;军工ETF;有色ETF;酒ETF
2023-06-20,926068.2485821793,0.0,926068.2485821793,0.0,False,liquidate,-0.18088272941137684,8,纳指;黄金;国债ETF;半导体ETF;军工ETF;证券ETF;有色ETF;酒ETF,纳指;黄金;国债ETF,半导体ETF;军工ETF;证券ETF;有色ETF;酒ETF
2023-06-21,926141.7460622255,0.0,926141.7460622255,0.0,False,liquidate,-0.18081772010418723,8,纳指;黄金;国债ETF;军工ETF;证券ETF;半导体ETF;有色ETF;酒ETF,纳指;黄金;国债ETF,军工ETF;证券ETF;半导体ETF;有色ETF;酒ETF
2023-06-26,926215.2493754051,0.0,926215.2493754051,0.0,False,liquidate,-0.1807527056375288,8,纳指;黄金;国债ETF;军工ETF;半导体ETF;有色ETF;证券ETF;酒ETF,纳指;黄金;国债ETF,军工ETF;半导体ETF;有色ETF;证券ETF;酒ETF
2023-06-27,926288.758522181,0.0,926288.758522181,0.0,False,liquidate,-0.18068768601099208,8,纳指;黄金;国债ETF;军工ETF;有色ETF;证券ETF;半导体ETF;酒ETF,纳指;黄金;国债ETF,军工ETF;有色ETF;证券ETF;半导体ETF;酒ETF
2023-06-28,926362.2735030161,0.0,926362.2735030161,0.0,False,liquidate,-0.18062266122416754,8,纳指;黄金;国债ETF;军工ETF;有色ETF;证券ETF;酒ETF;半导体ETF,纳指;黄金;国债ETF,军工ETF;有色ETF;证券ETF;酒ETF;半导体ETF
2023-06-29,926435.7943183735,0.0,926435.7943183735,0.0,False,liquidate,-0.18055763127664556,8,纳指;黄金;国债ETF;军工ETF;有色ETF;证券ETF;酒ETF;半导体ETF,纳指;黄金;国债ETF,军工ETF;有色ETF;证券ETF;酒ETF;半导体ETF
2023-06-30,926509.3209687163,0.0,926509.3209687163,0.0,False,liquidate,-0.18049259616801672,7,纳指;国债ETF;军工ETF;证券ETF;有色ETF;酒ETF;半导体ETF,纳指;国债ETF,军工ETF;证券ETF;有色ETF;酒ETF;半导体ETF
2023-07-03,926582.8534545075,0.0,926582.8534545075,0.0,False,liquidate,-0.18042755589787127,7,纳指;国债ETF;军工ETF;证券ETF;有色ETF;酒ETF;创新药ETF,纳指;国债ETF,军工ETF;证券ETF;有色ETF;酒ETF;创新药ETF
2023-07-04,926656.3917762103,0.0,926656.3917762103,0.0,False,liquidate,-0.18036251046579965,7,纳指;国债ETF;军工ETF;证券ETF;有色ETF;酒ETF;创新药ETF,纳指;国债ETF,军工ETF;证券ETF;有色ETF;酒ETF;创新药ETF
2023-07-05,926729.9359342878,0.0,926729.9359342878,0.0,False,liquidate,-0.18029745987139212,7,纳指;国债ETF;军工ETF;有色ETF;证券ETF;酒ETF;创新药ETF,纳指;国债ETF,军工ETF;有色ETF;证券ETF;酒ETF;创新药ETF
2023-07-06,926803.4859292033,0.0,926803.4859292033,0.0,False,liquidate,-0.180232404114239,7,纳指;国债ETF;军工ETF;有色ETF;证券ETF;酒ETF;半导体ETF,纳指;国债ETF,军工ETF;有色ETF;证券ETF;酒ETF;半导体ETF
2023-07-07,926877.04176142,0.0,926877.04176142,0.0,False,liquidate,-0.18016734319393057,7,纳指;国债ETF;军工ETF;证券ETF;有色ETF;酒ETF;半导体ETF,纳指;国债ETF,军工ETF;证券ETF;有色ETF;酒ETF;半导体ETF
2023-07-10,926950.6034314011,0.0,926950.6034314011,0.0,False,liquidate,-0.18010227711005702,8,纳指;黄金;国债ETF;军工ETF;证券ETF;酒ETF;有色ETF;半导体ETF,纳指;黄金;国债ETF,军工ETF;证券ETF;酒ETF;有色ETF;半导体ETF
2023-07-11,927024.17093961,0.0,927024.17093961,0.0,False,liquidate,-0.18003720586220856,7,纳指;国债ETF;军工ETF;证券ETF;有色ETF;酒ETF;半导体ETF,纳指;国债ETF,军工ETF;证券ETF;有色ETF;酒ETF;半导体ETF
2023-07-12,927097.74428651,658801.3778128166,268296.3664736934,0.5,False,halve,-0.17997212944997532,8,纳指;黄金;国债ETF;军工ETF;证券ETF;有色ETF;酒ETF;创新药ETF,纳指;黄金;国债ETF,军工ETF;证券ETF;有色ETF;酒ETF;创新药ETF
2023-07-13,940328.8782115766,600414.2188766828,339914.6593348938,0.5,False,halve,-0.1682690499803078,9,沪深300;纳指;黄金;国债ETF;军工ETF;证券ETF;有色ETF;酒ETF;创新药ETF,沪深300;纳指;黄金;国债ETF,军工ETF;证券ETF;有色ETF;酒ETF;创新药ETF
2023-07-14,937333.8364120388,598567.0943729259,338766.74203911284,0.5,False,halve,-0.1709181964853222,9,沪深300;纳指;黄金;国债ETF;军工ETF;证券ETF;有色ETF;酒ETF;半导体ETF,沪深300;纳指;黄金;国债ETF,军工ETF;证券ETF;有色ETF;酒ETF;半导体ETF
2023-07-17,933116.1068598841,603742.5098018203,329373.59705806384,0.5,False,halve,-0.17464882338472323,8,纳指;黄金;国债ETF;军工ETF;证券ETF;有色ETF;酒ETF;半导体ETF,纳指;黄金;国债ETF,军工ETF;证券ETF;有色ETF;酒ETF;半导体ETF
2023-07-18,933327.3511592108,622843.3886174819,310483.96254172886,0.5,False,halve,-0.17446197554261572,8,纳指;黄金;国债ETF;军工ETF;证券ETF;有色ETF;酒ETF;半导体ETF,纳指;黄金;国债ETF,军工ETF;证券ETF;有色ETF;酒ETF;半导体ETF
2023-07-19,931672.6635726593,653695.0084413275,277977.65513133176,0.5,False,halve,-0.17592556441055074,9,沪深300;纳指;黄金;国债ETF;证券ETF;军工ETF;有色ETF;酒ETF;创新药ETF,沪深300;纳指;黄金;国债ETF,证券ETF;军工ETF;有色ETF;酒ETF;创新药ETF
2023-07-20,926934.724770395,0.0,926934.724770395,0.0,False,liquidate,-0.18011632195554636,9,沪深300;纳指;黄金;国债ETF;证券ETF;有色ETF;军工ETF;酒ETF;创新药ETF,沪深300;纳指;黄金;国债ETF,证券ETF;有色ETF;军工ETF;酒ETF;创新药ETF
2023-07-21,927008.2910183927,0.0,927008.2910183927,0.0,False,liquidate,-0.1800512518223682,9,沪深300;纳指;黄金;国债ETF;证券ETF;酒ETF;有色ETF;军工ETF;创新药ETF,沪深300;纳指;黄金;国债ETF,证券ETF;酒ETF;有色ETF;军工ETF;创新药ETF
2023-07-24,927081.8631049815,689688.3849185912,237393.47818639025,0.5,False,halve,-0.17998617652489374,9,沪深300;纳指;黄金;国债ETF;证券ETF;军工ETF;有色ETF;酒ETF;创新药ETF,沪深300;纳指;黄金;国债ETF,证券ETF;军工ETF;有色ETF;酒ETF;创新药ETF
2023-07-25,948625.6694677974,542241.5566571932,406384.11281060416,0.5,False,halve,-0.1609304493762552,9,沪深300;纳指;黄金;国债ETF;证券ETF;酒ETF;有色ETF;军工ETF;创新药ETF,沪深300;纳指;黄金;国债ETF,证券ETF;酒ETF;有色ETF;军工ETF;创新药ETF
2023-07-26,949245.4750689459,559625.4036067819,389620.07146216405,0.5,False,halve,-0.16038222469293884,9,沪深300;纳指;黄金;国债ETF;证券ETF;酒ETF;有色ETF;军工ETF;创新药ETF,沪深300;纳指;黄金;国债ETF,证券ETF;酒ETF;有色ETF;军工ETF;创新药ETF
2023-07-27,947929.4850620705,574184.5396160273,373744.9454460433,0.5,False,halve,-0.16154623192912687,9,沪深300;纳指;黄金;国债ETF;酒ETF;证券ETF;有色ETF;军工ETF;创新药ETF,沪深300;纳指;黄金;国债ETF,酒ETF;证券ETF;有色ETF;军工ETF;创新药ETF
2023-07-28,962683.2953336644,525259.8495999658,437423.44573369855,0.5,False,halve,-0.14849632894524553,10,沪深300;创业板;纳指;黄金;国债ETF;证券ETF;酒ETF;有色ETF;创新药ETF;军工ETF,沪深300;创业板;纳指;黄金;国债ETF,证券ETF;酒ETF;有色ETF;创新药ETF;军工ETF
2023-07-31,962380.9893976102,526451.9994921341,435928.9899054761,0.5,False,halve,-0.14876372177898384,10,沪深300;创业板;纳指;黄金;国债ETF;证券ETF;酒ETF;有色ETF;军工ETF;半导体ETF,沪深300;创业板;纳指;黄金;国债ETF,证券ETF;酒ETF;有色ETF;军工ETF;半导体ETF
2023-08-01,961582.0505059229,540843.3411165623,420738.7093893606,0.5,False,halve,-0.14947039177369312,10,沪深300;创业板;纳指;黄金;国债ETF;证券ETF;酒ETF;有色ETF;军工ETF;半导体ETF,沪深300;创业板;纳指;黄金;国债ETF,证券ETF;酒ETF;有色ETF;军工ETF;半导体ETF
2023-08-02,960087.3243030881,553979.578628366,406107.74567472213,0.5,False,halve,-0.1507924930868715,10,沪深300;创业板;纳指;黄金;国债ETF;证券ETF;酒ETF;有色ETF;半导体ETF;军工ETF,沪深300;创业板;纳指;黄金;国债ETF,证券ETF;酒ETF;有色ETF;半导体ETF;军工ETF
2023-08-03,964799.2116690214,567825.4406050801,396973.7710639413,0.5,False,halve,-0.1466247783159425,10,沪深300;创业板;纳指;黄金;国债ETF;证券ETF;酒ETF;有色ETF;半导体ETF;军工ETF,沪深300;创业板;纳指;黄金;国债ETF,证券ETF;酒ETF;有色ETF;半导体ETF;军工ETF
2023-08-04,966217.4760790712,586504.1919584869,379713.28412058426,0.5,False,halve,-0.1453703082762758,10,沪深300;创业板;纳指;黄金;国债ETF;证券ETF;酒ETF;有色ETF;半导体ETF;军工ETF,沪深300;创业板;纳指;黄金;国债ETF,证券ETF;酒ETF;有色ETF;半导体ETF;军工ETF
2023-08-07,962922.0894212767,593020.9890699204,369901.1003513563,0.5,False,halve,-0.14828511302074196,10,沪深300;创业板;纳指;黄金;国债ETF;证券ETF;酒ETF;有色ETF;军工ETF;半导体ETF,沪深300;创业板;纳指;黄金;国债ETF,证券ETF;酒ETF;有色ETF;军工ETF;半导体ETF
2023-08-08,961441.18883908,607710.9003389754,353730.2885001047,0.5,False,halve,-0.14959498542459468,10,沪深300;创业板;纳指;黄金;国债ETF;证券ETF;酒ETF;有色ETF;半导体ETF;军工ETF,沪深300;创业板;纳指;黄金;国债ETF,证券ETF;酒ETF;有色ETF;半导体ETF;军工ETF
2023-08-09,957846.3055627575,614580.7852347849,343265.5203279726,0.5,False,halve,-0.1527746981314003,10,沪深300;创业板;纳指;黄金;国债ETF;证券ETF;酒ETF;有色ETF;军工ETF;半导体ETF,沪深300;创业板;纳指;黄金;国债ETF,证券ETF;酒ETF;有色ETF;军工ETF;半导体ETF
2023-08-10,960393.0651311523,633610.2118734748,326782.8532576775,0.5,False,halve,-0.15052206205441268,10,沪深300;创业板;纳指;黄金;国债ETF;证券ETF;酒ETF;有色ETF;军工ETF;半导体ETF,沪深300;创业板;纳指;黄金;国债ETF,证券ETF;酒ETF;有色ETF;军工ETF;半导体ETF
2023-08-11,944739.8736654692,533993.4630968124,410746.41056865687,0.5,False,halve,-0.1643674773237535,9,沪深300;纳指;黄金;国债ETF;证券ETF;酒ETF;有色ETF;创新药ETF;军工ETF,沪深300;纳指;黄金;国债ETF,证券ETF;酒ETF;有色ETF;创新药ETF;军工ETF
2023-08-14,942501.8856633509,547236.2666934468,395265.61896990414,0.5,False,halve,-0.16634700164791844,8,纳指;黄金;国债ETF;证券ETF;酒ETF;有色ETF;创新药ETF;军工ETF,纳指;黄金;国债ETF,证券ETF;酒ETF;有色ETF;创新药ETF;军工ETF
2023-08-15,942149.7157076398,564204.2458248045,377945.4698828353,0.5,False,halve,-0.16665849974036145,8,纳指;黄金;国债ETF;证券ETF;酒ETF;有色ETF;创新药ETF;军工ETF,纳指;黄金;国债ETF,证券ETF;酒ETF;有色ETF;创新药ETF;军工ETF
2023-08-16,938751.1808082932,574834.9358553585,363916.2449529347,0.5,False,halve,-0.16966454020769747,8,纳指;黄金;国债ETF;证券ETF;酒ETF;有色ETF;创新药ETF;军工ETF,纳指;黄金;国债ETF,证券ETF;酒ETF;有色ETF;创新药ETF;军工ETF
2023-08-17,945798.4406921283,571233.5372391982,374564.90345293004,0.5,False,halve,-0.1634311634668217,9,沪深300;纳指;黄金;国债ETF;证券ETF;酒ETF;有色ETF;军工ETF;创新药ETF,沪深300;纳指;黄金;国债ETF,证券ETF;酒ETF;有色ETF;军工ETF;创新药ETF
2023-08-18,935355.8769776258,534387.0616706227,400968.8153070031,0.5,False,halve,-0.17266772276022893,8,沪深300;黄金;国债ETF;证券ETF;酒ETF;有色ETF;军工ETF;创新药ETF,沪深300;黄金;国债ETF,证券ETF;酒ETF;有色ETF;军工ETF;创新药ETF
2023-08-21,928241.7572211825,527286.1754938866,400955.5817272959,0.5,False,halve,-0.17896023777352316,8,纳指;黄金;国债ETF;证券ETF;酒ETF;有色ETF;军工ETF;创新药ETF,纳指;黄金;国债ETF,证券ETF;酒ETF;有色ETF;军工ETF;创新药ETF
2023-08-22,930949.1978817626,539267.9367068021,391681.2611749605,0.5,False,halve,-0.17656547755194074,8,纳指;黄金;国债ETF;证券ETF;酒ETF;军工ETF;有色ETF;创新药ETF,纳指;黄金;国债ETF,证券ETF;酒ETF;军工ETF;有色ETF;创新药ETF
2023-08-23,919116.169890967,0.0,919116.169890967,0.0,False,liquidate,-0.18703191736937197,8,纳指;黄金;国债ETF;证券ETF;酒ETF;军工ETF;有色ETF;创新药ETF,纳指;黄金;国债ETF,证券ETF;酒ETF;军工ETF;有色ETF;创新药ETF
2023-08-24,919189.1156187361,0.0,919189.1156187361,0.0,False,liquidate,-0.18696739609297267,8,纳指;黄金;国债ETF;证券ETF;酒ETF;军工ETF;有色ETF;创新药ETF,纳指;黄金;国债ETF,证券ETF;酒ETF;军工ETF;有色ETF;创新药ETF
2023-08-25,919262.0671358488,0.0,919262.0671358488,0.0,False,liquidate,-0.18690286969583714,7,黄金;国债ETF;证券ETF;酒ETF;军工ETF;有色ETF;创新药ETF,黄金;国债ETF,证券ETF;酒ETF;军工ETF;有色ETF;创新药ETF
2023-08-28,919335.0244427643,0.0,919335.0244427643,0.0,False,liquidate,-0.18683833817755902,7,黄金;国债ETF;证券ETF;酒ETF;军工ETF;创新药ETF;有色ETF,黄金;国债ETF,证券ETF;酒ETF;军工ETF;创新药ETF;有色ETF
2023-08-29,919407.9875399424,0.0,919407.9875399424,0.0,False,liquidate,-0.18677380153773182,8,纳指;黄金;国债ETF;证券ETF;酒ETF;创新药ETF;军工ETF;有色ETF,纳指;黄金;国债ETF,证券ETF;酒ETF;创新药ETF;军工ETF;有色ETF
2023-08-30,919480.9564278424,0.0,919480.9564278424,0.0,False,liquidate,-0.1867092597759491,8,纳指;黄金;国债ETF;酒ETF;军工ETF;证券ETF;创新药ETF;有色ETF,纳指;黄金;国债ETF,酒ETF;军工ETF;证券ETF;创新药ETF;有色ETF
2023-08-31,919553.931106924,0.0,919553.931106924,0.0,False,liquidate,-0.18664471289180432,8,纳指;黄金;国债ETF;酒ETF;军工ETF;创新药ETF;证券ETF;半导体ETF,纳指;黄金;国债ETF,酒ETF;军工ETF;创新药ETF;证券ETF;半导体ETF
2023-09-01,919626.9115776467,0.0,919626.9115776467,0.0,False,liquidate,-0.18658016088489096,8,纳指;黄金;国债ETF;酒ETF;创新药ETF;军工ETF;证券ETF;有色ETF,纳指;黄金;国债ETF,酒ETF;创新药ETF;军工ETF;证券ETF;有色ETF
2023-09-04,919699.8978404704,0.0,919699.8978404704,0.0,False,liquidate,-0.18651560375480242,9,沪深300;纳指;黄金;国债ETF;酒ETF;军工ETF;创新药ETF;有色ETF;证券ETF,沪深300;纳指;黄金;国债ETF,酒ETF;军工ETF;创新药ETF;有色ETF;证券ETF
2023-09-05,919772.8898958546,0.0,919772.8898958546,0.0,False,liquidate,-0.18645104150113212,9,沪深300;纳指;黄金;国债ETF;酒ETF;军工ETF;有色ETF;证券ETF;创新药ETF,沪深300;纳指;黄金;国债ETF,酒ETF;军工ETF;有色ETF;证券ETF;创新药ETF
2023-09-06,919845.8877442591,0.0,919845.8877442591,0.0,False,liquidate,-0.18638647412347345,8,纳指;黄金;国债ETF;酒ETF;军工ETF;有色ETF;半导体ETF;证券ETF,纳指;黄金;国债ETF,酒ETF;军工ETF;有色ETF;半导体ETF;证券ETF
2023-09-07,919918.8913861436,0.0,919918.8913861436,0.0,False,liquidate,-0.1863219016214197,7,纳指;黄金;酒ETF;军工ETF;证券ETF;有色ETF;半导体ETF,纳指;黄金,酒ETF;军工ETF;证券ETF;有色ETF;半导体ETF
2023-09-08,919991.900821968,0.0,919991.900821968,0.0,False,liquidate,-0.1862573239945642,7,纳指;黄金;军工ETF;酒ETF;证券ETF;半导体ETF;有色ETF,纳指;黄金,军工ETF;酒ETF;证券ETF;半导体ETF;有色ETF
2023-09-11,920064.916052192,0.0,920064.916052192,0.0,False,liquidate,-0.18619274124250026,6,黄金;酒ETF;军工ETF;证券ETF;有色ETF;半导体ETF,黄金,酒ETF;军工ETF;证券ETF;有色ETF;半导体ETF
2023-09-12,920137.9370772755,0.0,920137.9370772755,0.0,False,liquidate,-0.1861281533648211,6,黄金;酒ETF;军工ETF;有色ETF;证券ETF;半导体ETF,黄金,酒ETF;军工ETF;有色ETF;证券ETF;半导体ETF
2023-09-13,920210.9638976784,0.0,920210.9638976784,0.0,False,liquidate,-0.1860635603611199,7,黄金;国债ETF;酒ETF;有色ETF;半导体ETF;证券ETF;军工ETF,黄金;国债ETF,酒ETF;有色ETF;半导体ETF;证券ETF;军工ETF
2023-09-14,920283.9965138608,0.0,920283.9965138608,0.0,False,liquidate,-0.18599896223098986,7,纳指;黄金;酒ETF;有色ETF;创新药ETF;证券ETF;半导体ETF,纳指;黄金,酒ETF;有色ETF;创新药ETF;证券ETF;半导体ETF
2023-09-15,920357.0349262826,0.0,920357.0349262826,0.0,False,liquidate,-0.18593435897402397,7,纳指;黄金;有色ETF;创新药ETF;酒ETF;半导体ETF;证券ETF,纳指;黄金,有色ETF;创新药ETF;酒ETF;半导体ETF;证券ETF
2023-09-18,920430.0791354037,0.0,920430.0791354037,0.0,False,liquidate,-0.18586975058981556,7,黄金;国债ETF;创新药ETF;酒ETF;有色ETF;证券ETF;半导体ETF,黄金;国债ETF,创新药ETF;酒ETF;有色ETF;证券ETF;半导体ETF
2023-09-19,920503.1291416844,0.0,920503.1291416844,0.0,False,liquidate,-0.18580513707795754,7,黄金;国债ETF;创新药ETF;酒ETF;有色ETF;证券ETF;半导体ETF,黄金;国债ETF,创新药ETF;酒ETF;有色ETF;证券ETF;半导体ETF
2023-09-20,920576.1849455845,0.0,920576.1849455845,0.0,False,liquidate,-0.1857405184380431,6,黄金;创新药ETF;有色ETF;酒ETF;证券ETF;半导体ETF,黄金,创新药ETF;有色ETF;酒ETF;证券ETF;半导体ETF
2023-09-21,920649.2465475644,0.0,920649.2465475644,0.0,False,liquidate,-0.1856758946696651,7,黄金;国债ETF;创新药ETF;有色ETF;酒ETF;证券ETF;半导体ETF,黄金;国债ETF,创新药ETF;有色ETF;酒ETF;证券ETF;半导体ETF
2023-09-22,920722.3139480841,0.0,920722.3139480841,0.0,False,liquidate,-0.18561126577241657,7,黄金;国债ETF;创新药ETF;酒ETF;有色ETF;半导体ETF;证券ETF,黄金;国债ETF,创新药ETF;酒ETF;有色ETF;半导体ETF;证券ETF
2023-09-25,920795.3871476039,0.0,920795.3871476039,0.0,False,liquidate,-0.1855466317458905,6,黄金;创新药ETF;酒ETF;有色ETF;证券ETF;半导体ETF,黄金,创新药ETF;酒ETF;有色ETF;证券ETF;半导体ETF
2023-09-26,920868.4661465839,0.0,920868.4661465839,0.0,False,liquidate,-0.18548199258967984,6,黄金;创新药ETF;证券ETF;酒ETF;有色ETF;半导体ETF,黄金,创新药ETF;证券ETF;酒ETF;有色ETF;半导体ETF
2023-09-27,920941.5509454844,0.0,920941.5509454844,0.0,False,liquidate,-0.18541734830337744,6,黄金;创新药ETF;证券ETF;酒ETF;有色ETF;军工ETF,黄金,创新药ETF;证券ETF;酒ETF;有色ETF;军工ETF
2023-09-28,921014.6415447659,0.0,921014.6415447659,0.0,False,liquidate,-0.18535269888657604,6,黄金;创新药ETF;证券ETF;酒ETF;有色ETF;军工ETF,黄金,创新药ETF;证券ETF;酒ETF;有色ETF;军工ETF
2023-10-09,921087.7379448885,0.0,921087.7379448885,0.0,False,liquidate,-0.18528804433886858,6,国债ETF;创新药ETF;证券ETF;酒ETF;军工ETF;有色ETF,国债ETF,创新药ETF;证券ETF;酒ETF;军工ETF;有色ETF
2023-10-10,921160.8401463127,0.0,921160.8401463127,0.0,False,liquidate,-0.1852233846598479,5,创新药ETF;证券ETF;酒ETF;军工ETF;有色ETF,,创新药ETF;证券ETF;酒ETF;军工ETF;有色ETF
2023-10-11,921233.948149499,0.0,921233.948149499,0.0,False,liquidate,-0.18515871984910653,5,创新药ETF;证券ETF;酒ETF;半导体ETF;有色ETF,,创新药ETF;证券ETF;酒ETF;半导体ETF;有色ETF
2023-10-12,921307.0619549077,0.0,921307.0619549077,0.0,False,liquidate,-0.1850940499062374,6,纳指;创新药ETF;证券ETF;有色ETF;半导体ETF;酒ETF,纳指,创新药ETF;证券ETF;有色ETF;半导体ETF;酒ETF
2023-10-13,921380.1815629994,0.0,921380.1815629994,0.0,False,liquidate,-0.18502937483083312,6,纳指;创新药ETF;证券ETF;有色ETF;半导体ETF;酒ETF,纳指,创新药ETF;证券ETF;有色ETF;半导体ETF;酒ETF
2023-10-16,921453.3069742345,0.0,921453.3069742345,0.0,False,liquidate,-0.18496469462248638,7,纳指;黄金;创新药ETF;证券ETF;有色ETF;半导体ETF;酒ETF,纳指;黄金,创新药ETF;证券ETF;有色ETF;半导体ETF;酒ETF
2023-10-17,921526.4381890738,0.0,921526.4381890738,0.0,False,liquidate,-0.1849000092807897,6,黄金;创新药ETF;证券ETF;半导体ETF;有色ETF;酒ETF,黄金,创新药ETF;证券ETF;半导体ETF;有色ETF;酒ETF
2023-10-18,921599.5752079778,0.0,921599.5752079778,0.0,False,liquidate,-0.1848353188053357,7,纳指;黄金;创新药ETF;证券ETF;半导体ETF;有色ETF;酒ETF,纳指;黄金,创新药ETF;证券ETF;半导体ETF;有色ETF;酒ETF
2023-10-19,921672.718031407,0.0,921672.718031407,0.0,False,liquidate,-0.1847706231957171,6,黄金;创新药ETF;证券ETF;半导体ETF;军工ETF;有色ETF,黄金,创新药ETF;证券ETF;半导体ETF;军工ETF;有色ETF
2023-10-20,921745.8666598222,0.0,921745.8666598222,0.0,False,liquidate,-0.18470592245152628,7,纳指;黄金;证券ETF;创新药ETF;半导体ETF;有色ETF;军工ETF,纳指;黄金,证券ETF;创新药ETF;半导体ETF;有色ETF;军工ETF
2023-10-23,921819.0210936841,0.0,921819.0210936841,0.0,False,liquidate,-0.18464121657235572,6,黄金;创新药ETF;证券ETF;半导体ETF;有色ETF;酒ETF,黄金,创新药ETF;证券ETF;半导体ETF;有色ETF;酒ETF
2023-10-24,921892.1813334535,0.0,921892.1813334535,0.0,False,liquidate,-0.18457650555779792,6,黄金;创新药ETF;证券ETF;半导体ETF;有色ETF;军工ETF,黄金,创新药ETF;证券ETF;半导体ETF;有色ETF;军工ETF
2023-10-25,921965.3473795911,0.0,921965.3473795911,0.0,False,liquidate,-0.1845117894074454,6,黄金;证券ETF;创新药ETF;半导体ETF;军工ETF;有色ETF,黄金,证券ETF;创新药ETF;半导体ETF;军工ETF;有色ETF
2023-10-26,922038.5192325577,0.0,922038.5192325577,0.0,False,liquidate,-0.1844470681208904,6,黄金;证券ETF;创新药ETF;半导体ETF;军工ETF;酒ETF,黄金,证券ETF;创新药ETF;半导体ETF;军工ETF;酒ETF
2023-10-27,922111.6968928144,0.0,922111.6968928144,0.0,False,liquidate,-0.18438234169772533,6,黄金;创新药ETF;半导体ETF;证券ETF;有色ETF;军工ETF,黄金,创新药ETF;半导体ETF;证券ETF;有色ETF;军工ETF
2023-10-30,922184.8803608217,0.0,922184.8803608217,0.0,False,liquidate,-0.1843176101375426,6,黄金;创新药ETF;半导体ETF;证券ETF;军工ETF;有色ETF,黄金,创新药ETF;半导体ETF;证券ETF;军工ETF;有色ETF
2023-10-31,922258.0696370408,0.0,922258.0696370408,0.0,False,liquidate,-0.18425287343993446,6,黄金;创新药ETF;半导体ETF;证券ETF;军工ETF;酒ETF,黄金,创新药ETF;半导体ETF;证券ETF;军工ETF;酒ETF
2023-11-01,922331.2647219327,0.0,922331.2647219327,0.0,False,liquidate,-0.18418813160449315,6,黄金;创新药ETF;半导体ETF;证券ETF;酒ETF;军工ETF,黄金,创新药ETF;半导体ETF;证券ETF;酒ETF;军工ETF
2023-11-02,922404.4656159583,0.0,922404.4656159583,0.0,False,liquidate,-0.18412338463081093,6,黄金;创新药ETF;半导体ETF;证券ETF;酒ETF;有色ETF,黄金,创新药ETF;半导体ETF;证券ETF;酒ETF;有色ETF
2023-11-03,922477.6723195787,0.0,922477.6723195787,0.0,False,liquidate,-0.18405863251847998,6,黄金;创新药ETF;半导体ETF;证券ETF;酒ETF;军工ETF,黄金,创新药ETF;半导体ETF;证券ETF;酒ETF;军工ETF
2023-11-06,922550.8848332549,0.0,922550.8848332549,0.0,False,liquidate,-0.18399387526709257,7,黄金;国债ETF;创新药ETF;半导体ETF;证券ETF;酒ETF;军工ETF,黄金;国债ETF,创新药ETF;半导体ETF;证券ETF;酒ETF;军工ETF
2023-11-07,922624.103157448,0.0,922624.103157448,0.0,False,liquidate,-0.18392911287624072,7,黄金;国债ETF;创新药ETF;半导体ETF;证券ETF;酒ETF;军工ETF,黄金;国债ETF,创新药ETF;半导体ETF;证券ETF;酒ETF;军工ETF
2023-11-08,922697.3272926193,0.0,922697.3272926193,0.0,False,liquidate,-0.18386434534551657,7,黄金;国债ETF;创新药ETF;半导体ETF;证券ETF;酒ETF;军工ETF,黄金;国债ETF,创新药ETF;半导体ETF;证券ETF;酒ETF;军工ETF
2023-11-09,922770.5572392298,0.0,922770.5572392298,0.0,False,liquidate,-0.18379957267451225,7,黄金;国债ETF;创新药ETF;半导体ETF;证券ETF;酒ETF;军工ETF,黄金;国债ETF,创新药ETF;半导体ETF;证券ETF;酒ETF;军工ETF
2023-11-10,922843.7929977409,0.0,922843.7929977409,0.0,False,liquidate,-0.18373479486281968,7,黄金;国债ETF;半导体ETF;创新药ETF;证券ETF;酒ETF;军工ETF,黄金;国债ETF,半导体ETF;创新药ETF;证券ETF;酒ETF;军工ETF
2023-11-13,922917.0345686137,0.0,922917.0345686137,0.0,False,liquidate,-0.18367001191003102,7,纳指;国债ETF;半导体ETF;创新药ETF;军工ETF;证券ETF;酒ETF,纳指;国债ETF,半导体ETF;创新药ETF;军工ETF;证券ETF;酒ETF
2023-11-14,922990.2819523097,0.0,922990.2819523097,0.0,False,liquidate,-0.18360522381573818,8,纳指;黄金;国债ETF;半导体ETF;创新药ETF;军工ETF;证券ETF;酒ETF,纳指;黄金;国债ETF,半导体ETF;创新药ETF;军工ETF;证券ETF;酒ETF
2023-11-15,923063.53514929,0.0,923063.53514929,0.0,False,liquidate,-0.1835404305795331,8,纳指;黄金;国债ETF;半导体ETF;创新药ETF;军工ETF;酒ETF;证券ETF,纳指;黄金;国债ETF,半导体ETF;创新药ETF;军工ETF;酒ETF;证券ETF
2023-11-16,923136.7941600161,0.0,923136.7941600161,0.0,False,liquidate,-0.18347563220100765,7,纳指;国债ETF;半导体ETF;创新药ETF;军工ETF;证券ETF;酒ETF,纳指;国债ETF,半导体ETF;创新药ETF;军工ETF;证券ETF;酒ETF
2023-11-17,923210.0589849495,0.0,923210.0589849495,0.0,False,liquidate,-0.18341082867975375,8,纳指;黄金;国债ETF;半导体ETF;创新药ETF;军工ETF;证券ETF;酒ETF,纳指;黄金;国债ETF,半导体ETF;创新药ETF;军工ETF;证券ETF;酒ETF
2023-11-20,923283.3296245515,0.0,923283.3296245515,0.0,False,liquidate,-0.18334602001536324,7,纳指;国债ETF;创新药ETF;半导体ETF;军工ETF;证券ETF;酒ETF,纳指;国债ETF,创新药ETF;半导体ETF;军工ETF;证券ETF;酒ETF
2023-11-21,923356.6060792836,0.0,923356.6060792836,0.0,False,liquidate,-0.1832812062074279,7,纳指;国债ETF;创新药ETF;半导体ETF;军工ETF;证券ETF;酒ETF,纳指;国债ETF,创新药ETF;半导体ETF;军工ETF;证券ETF;酒ETF
2023-11-22,923429.8883496075,0.0,923429.8883496075,0.0,False,liquidate,-0.18321638725553954,7,纳指;国债ETF;创新药ETF;半导体ETF;军工ETF;证券ETF;酒ETF,纳指;国债ETF,创新药ETF;半导体ETF;军工ETF;证券ETF;酒ETF
2023-11-23,923503.1764359844,0.0,923503.1764359844,0.0,False,liquidate,-0.18315156315928996,7,纳指;国债ETF;创新药ETF;半导体ETF;军工ETF;证券ETF;酒ETF,纳指;国债ETF,创新药ETF;半导体ETF;军工ETF;证券ETF;酒ETF
2023-11-24,923576.4703388762,0.0,923576.4703388762,0.0,False,liquidate,-0.1830867339182708,7,纳指;国债ETF;创新药ETF;军工ETF;证券ETF;半导体ETF;酒ETF,纳指;国债ETF,创新药ETF;军工ETF;证券ETF;半导体ETF;酒ETF
2023-11-27,923649.7700587445,0.0,923649.7700587445,0.0,False,liquidate,-0.1830218995320738,7,纳指;国债ETF;创新药ETF;半导体ETF;军工ETF;证券ETF;酒ETF,纳指;国债ETF,创新药ETF;半导体ETF;军工ETF;证券ETF;酒ETF
2023-11-28,923723.0755960507,0.0,923723.0755960507,0.0,False,liquidate,-0.18295706000029063,7,纳指;国债ETF;创新药ETF;半导体ETF;军工ETF;证券ETF;有色ETF,纳指;国债ETF,创新药ETF;半导体ETF;军工ETF;证券ETF;有色ETF
2023-11-29,923796.3869512568,0.0,923796.3869512568,0.0,False,liquidate,-0.18289221532251285,8,纳指;黄金;国债ETF;创新药ETF;半导体ETF;军工ETF;证券ETF;有色ETF,纳指;黄金;国债ETF,创新药ETF;半导体ETF;军工ETF;证券ETF;有色ETF
2023-11-30,923869.7041248244,0.0,923869.7041248244,0.0,False,liquidate,-0.18282736549833206,8,纳指;黄金;国债ETF;创新药ETF;军工ETF;半导体ETF;证券ETF;有色ETF,纳指;黄金;国债ETF,创新药ETF;军工ETF;半导体ETF;证券ETF;有色ETF
2023-12-01,923943.0271172153,0.0,923943.0271172153,0.0,False,liquidate,-0.18276251052733977,8,纳指;黄金;国债ETF;创新药ETF;军工ETF;半导体ETF;证券ETF;有色ETF,纳指;黄金;国债ETF,创新药ETF;军工ETF;半导体ETF;证券ETF;有色ETF
2023-12-04,924016.3559288913,0.0,924016.3559288913,0.0,False,liquidate,-0.1826976504091276,8,纳指;黄金;国债ETF;军工ETF;创新药ETF;半导体ETF;证券ETF;有色ETF,纳指;黄金;国债ETF,军工ETF;创新药ETF;半导体ETF;证券ETF;有色ETF
2023-12-05,924089.6905603143,0.0,924089.6905603143,0.0,False,liquidate,-0.182632785143287,8,纳指;黄金;国债ETF;军工ETF;创新药ETF;证券ETF;有色ETF;半导体ETF,纳指;黄金;国债ETF,军工ETF;创新药ETF;证券ETF;有色ETF;半导体ETF
2023-12-06,924163.0310119462,0.0,924163.0310119462,0.0,False,liquidate,-0.18256791472940945,8,纳指;黄金;国债ETF;创新药ETF;军工ETF;有色ETF;证券ETF;半导体ETF,纳指;黄金;国债ETF,创新药ETF;军工ETF;有色ETF;证券ETF;半导体ETF
2023-12-07,924236.3772842487,0.0,924236.3772842487,0.0,False,liquidate,-0.18250303916708638,8,纳指;黄金;国债ETF;创新药ETF;军工ETF;有色ETF;证券ETF;半导体ETF,纳指;黄金;国债ETF,创新药ETF;军工ETF;有色ETF;证券ETF;半导体ETF
2023-12-08,924309.729377684,0.0,924309.729377684,0.0,False,liquidate,-0.1824381584559092,8,纳指;黄金;国债ETF;创新药ETF;有色ETF;证券ETF;半导体ETF;军工ETF,纳指;黄金;国债ETF,创新药ETF;有色ETF;证券ETF;半导体ETF;军工ETF
2023-12-11,924383.0872927139,0.0,924383.0872927139,0.0,False,liquidate,-0.18237327259546918,8,纳指;黄金;国债ETF;创新药ETF;证券ETF;有色ETF;半导体ETF;军工ETF,纳指;黄金;国债ETF,创新药ETF;证券ETF;有色ETF;半导体ETF;军工ETF
2023-12-12,924456.4510298007,0.0,924456.4510298007,0.0,False,liquidate,-0.18230838158535767,8,纳指;黄金;国债ETF;创新药ETF;军工ETF;半导体ETF;证券ETF;有色ETF,纳指;黄金;国债ETF,创新药ETF;军工ETF;半导体ETF;证券ETF;有色ETF
2023-12-13,924529.8205894063,0.0,924529.8205894063,0.0,False,liquidate,-0.18224348542516597,7,纳指;国债ETF;创新药ETF;半导体ETF;军工ETF;证券ETF;有色ETF,纳指;国债ETF,创新药ETF;半导体ETF;军工ETF;证券ETF;有色ETF
2023-12-14,924603.1959719928,0.0,924603.1959719928,0.0,False,liquidate,-0.1821785841144854,8,纳指;黄金;国债ETF;创新药ETF;半导体ETF;军工ETF;证券ETF;有色ETF,纳指;黄金;国债ETF,创新药ETF;半导体ETF;军工ETF;证券ETF;有色ETF
2023-12-15,924676.5771780224,0.0,924676.5771780224,0.0,False,liquidate,-0.18211367765290715,8,纳指;黄金;国债ETF;半导体ETF;创新药ETF;证券ETF;军工ETF;有色ETF,纳指;黄金;国债ETF,半导体ETF;创新药ETF;证券ETF;军工ETF;有色ETF
2023-12-18,924749.9642079571,0.0,924749.9642079571,0.0,False,liquidate,-0.18204876604002243,8,纳指;黄金;国债ETF;创新药ETF;证券ETF;半导体ETF;军工ETF;有色ETF,纳指;黄金;国债ETF,创新药ETF;证券ETF;半导体ETF;军工ETF;有色ETF
2023-12-19,924823.3570622595,0.0,924823.3570622595,0.0,False,liquidate,-0.18198384927542235,8,纳指;黄金;国债ETF;半导体ETF;证券ETF;创新药ETF;军工ETF;有色ETF,纳指;黄金;国债ETF,半导体ETF;证券ETF;创新药ETF;军工ETF;有色ETF
2023-12-20,924896.7557413914,0.0,924896.7557413914,0.0,False,liquidate,-0.1819189273586981,8,纳指;黄金;国债ETF;半导体ETF;创新药ETF;证券ETF;有色ETF;军工ETF,纳指;黄金;国债ETF,半导体ETF;创新药ETF;证券ETF;有色ETF;军工ETF
2023-12-21,924970.1602458154,0.0,924970.1602458154,0.0,False,liquidate,-0.18185400028944082,8,纳指;黄金;国债ETF;半导体ETF;创新药ETF;有色ETF;证券ETF;军工ETF,纳指;黄金;国债ETF,半导体ETF;创新药ETF;有色ETF;证券ETF;军工ETF
2023-12-22,925043.5705759937,0.0,925043.5705759937,0.0,False,liquidate,-0.1817890680672415,8,纳指;黄金;国债ETF;有色ETF;半导体ETF;创新药ETF;军工ETF;证券ETF,纳指;黄金;国债ETF,有色ETF;半导体ETF;创新药ETF;军工ETF;证券ETF
2023-12-25,925116.9867323887,0.0,925116.9867323887,0.0,False,liquidate,-0.18172413069169122,8,纳指;黄金;国债ETF;有色ETF;军工ETF;半导体ETF;证券ETF;创新药ETF,纳指;黄金;国债ETF,有色ETF;军工ETF;半导体ETF;证券ETF;创新药ETF
2023-12-26,925190.4087154628,0.0,925190.4087154628,0.0,False,liquidate,-0.181659188162381,8,纳指;黄金;国债ETF;有色ETF;军工ETF;创新药ETF;半导体ETF;证券ETF,纳指;黄金;国债ETF,有色ETF;军工ETF;创新药ETF;半导体ETF;证券ETF
2023-12-27,925263.8365256783,0.0,925263.8365256783,0.0,False,liquidate,-0.18159424047890182,8,纳指;黄金;国债ETF;有色ETF;军工ETF;半导体ETF;证券ETF;创新药ETF,纳指;黄金;国债ETF,有色ETF;军工ETF;半导体ETF;证券ETF;创新药ETF
2023-12-28,925337.2701634978,0.0,925337.2701634978,0.0,False,liquidate,-0.1815292876408446,8,纳指;黄金;国债ETF;有色ETF;半导体ETF;军工ETF;证券ETF;创新药ETF,纳指;黄金;国债ETF,有色ETF;半导体ETF;军工ETF;证券ETF;创新药ETF
2023-12-29,925410.7096293838,0.0,925410.7096293838,0.0,False,liquidate,-0.18146432964780024,8,纳指;黄金;国债ETF;有色ETF;半导体ETF;创新药ETF;军工ETF;证券ETF,纳指;黄金;国债ETF,有色ETF;半导体ETF;创新药ETF;军工ETF;证券ETF
2024-01-02,925484.1549237989,0.0,925484.1549237989,0.0,True,liquidate,-0.1813993664993595,0,,纳指;黄金;国债ETF,有色ETF;军工ETF;创新药ETF;半导体ETF;证券ETF
2024-01-03,925484.1549237989,0.0,925484.1549237989,0.0,True,liquidate,-0.1813993664993595,0,,纳指;黄金;国债ETF,有色ETF;军工ETF;证券ETF;创新药ETF;半导体ETF
2024-01-04,925484.1549237989,0.0,925484.1549237989,0.0,True,liquidate,-0.1813993664993595,0,,纳指;黄金;国债ETF,有色ETF;军工ETF;证券ETF;创新药ETF;半导体ETF
2024-01-05,925484.1549237989,0.0,925484.1549237989,0.0,True,liquidate,-0.1813993664993595,0,,纳指;黄金;国债ETF,有色ETF;军工ETF;证券ETF;创新药ETF;半导体ETF
2024-01-08,925484.1549237989,0.0,925484.1549237989,0.0,True,liquidate,-0.1813993664993595,0,,纳指;黄金;国债ETF,有色ETF;证券ETF;军工ETF;创新药ETF;酒ETF
2024-01-09,925484.1549237989,0.0,925484.1549237989,0.0,True,liquidate,-0.1813993664993595,0,,纳指;黄金;国债ETF,有色ETF;证券ETF;军工ETF;创新药ETF;酒ETF
2024-01-10,925484.1549237989,0.0,925484.1549237989,0.0,True,liquidate,-0.1813993664993595,0,,纳指;黄金;国债ETF,有色ETF;证券ETF;创新药ETF;军工ETF;酒ETF
2024-01-11,925484.1549237989,0.0,925484.1549237989,0.0,True,liquidate,-0.1813993664993595,0,,纳指;黄金;国债ETF,有色ETF;酒ETF;军工ETF;创新药ETF;证券ETF
2024-01-12,925484.1549237989,0.0,925484.1549237989,0.0,True,liquidate,-0.1813993664993595,0,,纳指;黄金;国债ETF,有色ETF;军工ETF;创新药ETF;酒ETF;证券ETF
2024-01-15,925484.1549237989,0.0,925484.1549237989,0.0,True,liquidate,-0.1813993664993595,0,,纳指;黄金;国债ETF,有色ETF;创新药ETF;军工ETF;证券ETF;酒ETF
2024-01-16,925484.1549237989,0.0,925484.1549237989,0.0,True,liquidate,-0.1813993664993595,0,,纳指;黄金;国债ETF,有色ETF;创新药ETF;证券ETF;军工ETF;酒ETF
2024-01-17,925484.1549237989,0.0,925484.1549237989,0.0,True,liquidate,-0.1813993664993595,0,,纳指;黄金;国债ETF,有色ETF;证券ETF;创新药ETF;军工ETF;酒ETF
2024-01-18,925484.1549237989,0.0,925484.1549237989,0.0,True,liquidate,-0.1813993664993595,0,,纳指;黄金;国债ETF,有色ETF;证券ETF;创新药ETF;军工ETF;酒ETF
2024-01-19,925484.1549237989,0.0,925484.1549237989,0.0,True,liquidate,-0.1813993664993595,0,,纳指;黄金;国债ETF,有色ETF;证券ETF;创新药ETF;酒ETF;半导体ETF
2024-01-22,925484.1549237989,0.0,925484.1549237989,0.0,True,liquidate,-0.1813993664993595,0,,纳指;黄金;国债ETF,证券ETF;有色ETF;酒ETF;创新药ETF;半导体ETF
2024-01-23,925484.1549237989,0.0,925484.1549237989,0.0,True,liquidate,-0.1813993664993595,0,,纳指;黄金;国债ETF,证券ETF;有色ETF;酒ETF;创新药ETF;半导体ETF
2024-01-24,925484.1549237989,0.0,925484.1549237989,0.0,True,liquidate,-0.1813993664993595,0,,纳指;黄金;国债ETF,证券ETF;有色ETF;酒ETF;创新药ETF;军工ETF
2024-01-25,925484.1549237989,0.0,925484.1549237989,0.0,True,liquidate,-0.1813993664993595,0,,纳指;黄金;国债ETF,证券ETF;有色ETF;军工ETF;酒ETF;创新药ETF
2024-01-26,925484.1549237989,0.0,925484.1549237989,0.0,True,liquidate,-0.1813993664993595,0,,纳指;黄金;国债ETF,证券ETF;有色ETF;军工ETF;酒ETF;创新药ETF
2024-01-29,925484.1549237989,0.0,925484.1549237989,0.0,True,liquidate,-0.1813993664993595,0,,纳指;国债ETF,证券ETF;有色ETF;酒ETF;军工ETF;创新药ETF
2024-01-30,925484.1549237989,0.0,925484.1549237989,0.0,True,liquidate,-0.1813993664993595,0,,纳指;黄金;国债ETF,证券ETF;有色ETF;酒ETF;军工ETF;创新药ETF
2024-01-31,925484.1549237989,0.0,925484.1549237989,0.0,True,liquidate,-0.1813993664993595,0,,纳指;黄金;国债ETF,证券ETF;有色ETF;酒ETF;军工ETF;创新药ETF
2024-02-01,925484.1549237989,0.0,925484.1549237989,0.0,True,liquidate,-0.1813993664993595,0,,纳指;黄金;国债ETF,证券ETF;有色ETF;酒ETF;军工ETF;创新药ETF
2024-02-02,925484.1549237989,0.0,925484.1549237989,0.0,True,liquidate,-0.1813993664993595,0,,纳指;黄金;国债ETF,证券ETF;有色ETF;酒ETF;军工ETF;半导体ETF
2024-02-05,925484.1549237989,0.0,925484.1549237989,0.0,True,liquidate,-0.1813993664993595,0,,纳指;黄金;国债ETF,证券ETF;酒ETF;有色ETF;军工ETF;创新药ETF
2024-02-06,925484.1549237989,0.0,925484.1549237989,0.0,True,liquidate,-0.1813993664993595,0,,纳指;黄金;国债ETF,证券ETF;酒ETF;有色ETF;军工ETF;创新药ETF
2024-02-07,925484.1549237989,0.0,925484.1549237989,0.0,False,liquidate,-0.1813993664993595,8,纳指;黄金;国债ETF;证券ETF;酒ETF;有色ETF;军工ETF;创新药ETF,纳指;黄金;国债ETF,证券ETF;酒ETF;有色ETF;军工ETF;创新药ETF
2024-02-08,925557.6060472055,0.0,925557.6060472055,0.0,False,liquidate,-0.18133439819511343,8,纳指;黄金;国债ETF;证券ETF;酒ETF;有色ETF;军工ETF;创新药ETF,纳指;黄金;国债ETF,证券ETF;酒ETF;有色ETF;军工ETF;创新药ETF
2024-02-19,925631.0630000664,0.0,925631.0630000664,0.0,False,liquidate,-0.18126942473465268,8,纳指;黄金;国债ETF;证券ETF;有色ETF;酒ETF;军工ETF;半导体ETF,纳指;黄金;国债ETF,证券ETF;有色ETF;酒ETF;军工ETF;半导体ETF
2024-02-20,925704.5257828443,0.0,925704.5257828443,0.0,False,liquidate,-0.18120444611756809,9,沪深300;纳指;黄金;国债ETF;证券ETF;有色ETF;酒ETF;军工ETF;半导体ETF,沪深300;纳指;黄金;国债ETF,证券ETF;有色ETF;酒ETF;军工ETF;半导体ETF
2024-02-21,925777.9943960017,0.0,925777.9943960017,0.0,False,liquidate,-0.1811394623434504,9,沪深300;纳指;黄金;国债ETF;证券ETF;酒ETF;有色ETF;军工ETF;半导体ETF,沪深300;纳指;黄金;国债ETF,证券ETF;酒ETF;有色ETF;军工ETF;半导体ETF
2024-02-22,925851.4688400014,0.0,925851.4688400014,0.0,False,liquidate,-0.18107447341189034,9,沪深300;纳指;黄金;国债ETF;证券ETF;有色ETF;酒ETF;军工ETF;半导体ETF,沪深300;纳指;黄金;国债ETF,证券ETF;有色ETF;酒ETF;军工ETF;半导体ETF
2024-02-23,925924.9491153061,0.0,925924.9491153061,0.0,False,liquidate,-0.1810094793224786,9,沪深300;纳指;黄金;国债ETF;有色ETF;证券ETF;酒ETF;军工ETF;半导体ETF,沪深300;纳指;黄金;国债ETF,有色ETF;证券ETF;酒ETF;军工ETF;半导体ETF
2024-02-26,925998.4352223788,0.0,925998.4352223788,0.0,False,liquidate,-0.18094448007480576,9,沪深300;纳指;黄金;国债ETF;有色ETF;证券ETF;军工ETF;酒ETF;半导体ETF,沪深300;纳指;黄金;国债ETF,有色ETF;证券ETF;军工ETF;酒ETF;半导体ETF
2024-02-27,926071.9271616822,0.0,926071.9271616822,0.0,False,liquidate,-0.1808794756684625,9,沪深300;纳指;黄金;国债ETF;有色ETF;证券ETF;军工ETF;酒ETF;半导体ETF,沪深300;纳指;黄金;国债ETF,有色ETF;证券ETF;军工ETF;酒ETF;半导体ETF
2024-02-28,926145.4249336792,0.0,926145.4249336792,0.0,False,liquidate,-0.1808144661030393,8,沪深300;纳指;国债ETF;有色ETF;酒ETF;军工ETF;证券ETF;半导体ETF,沪深300;纳指;国债ETF,有色ETF;酒ETF;军工ETF;证券ETF;半导体ETF
2024-02-29,926218.9285388327,0.0,926218.9285388327,0.0,False,liquidate,-0.1807494513781268,8,沪深300;纳指;国债ETF;有色ETF;酒ETF;证券ETF;半导体ETF;军工ETF,沪深300;纳指;国债ETF,有色ETF;酒ETF;证券ETF;半导体ETF;军工ETF
2024-03-01,926292.4379776056,0.0,926292.4379776056,0.0,False,liquidate,-0.18068443149331556,9,沪深300;纳指;黄金;国债ETF;半导体ETF;有色ETF;军工ETF;酒ETF;证券ETF,沪深300;纳指;黄金;国债ETF,半导体ETF;有色ETF;军工ETF;酒ETF;证券ETF
2024-03-04,926365.953250461,0.0,926365.953250461,0.0,False,liquidate,-0.18061940644819593,9,沪深300;纳指;黄金;国债ETF;有色ETF;半导体ETF;军工ETF;证券ETF;创新药ETF,沪深300;纳指;黄金;国债ETF,有色ETF;半导体ETF;军工ETF;证券ETF;创新药ETF
2024-03-05,926439.4743578619,0.0,926439.4743578619,0.0,False,liquidate,-0.18055437624235843,9,沪深300;纳指;黄金;国债ETF;有色ETF;半导体ETF;酒ETF;军工ETF;证券ETF,沪深300;纳指;黄金;国债ETF,有色ETF;半导体ETF;酒ETF;军工ETF;证券ETF
2024-03-06,926513.0013002713,0.0,926513.0013002713,0.0,False,liquidate,-0.18048934087539356,9,沪深300;纳指;黄金;国债ETF;有色ETF;半导体ETF;军工ETF;酒ETF;证券ETF,沪深300;纳指;黄金;国债ETF,有色ETF;半导体ETF;军工ETF;酒ETF;证券ETF
2024-03-07,926586.5340781523,0.0,926586.5340781523,0.0,False,liquidate,-0.18042430034689158,9,沪深300;纳指;黄金;国债ETF;有色ETF;半导体ETF;军工ETF;酒ETF;证券ETF,沪深300;纳指;黄金;国债ETF,有色ETF;半导体ETF;军工ETF;酒ETF;证券ETF
2024-03-08,926660.0726919681,0.0,926660.0726919681,0.0,False,liquidate,-0.18035925465644284,10,沪深300;创业板;纳指;黄金;国债ETF;有色ETF;半导体ETF;军工ETF;证券ETF;酒ETF,沪深300;创业板;纳指;黄金;国债ETF,有色ETF;半导体ETF;军工ETF;证券ETF;酒ETF
2024-03-11,926733.6171421817,0.0,926733.6171421817,0.0,False,liquidate,-0.18029420380363778,10,沪深300;创业板;纳指;黄金;国债ETF;有色ETF;军工ETF;半导体ETF;证券ETF;酒ETF,沪深300;创业板;纳指;黄金;国债ETF,有色ETF;军工ETF;半导体ETF;证券ETF;酒ETF
2024-03-12,926807.1674292566,0.0,926807.1674292566,0.0,False,liquidate,-0.18022914778806656,10,沪深300;创业板;纳指;黄金;国债ETF;有色ETF;军工ETF;酒ETF;半导体ETF;证券ETF,沪深300;创业板;纳指;黄金;国债ETF,有色ETF;军工ETF;酒ETF;半导体ETF;证券ETF
2024-03-13,926880.7235536558,0.0,926880.7235536558,0.0,False,liquidate,-0.18016408660931954,10,沪深300;创业板;纳指;黄金;国债ETF;有色ETF;半导体ETF;酒ETF;军工ETF;证券ETF,沪深300;创业板;纳指;黄金;国债ETF,有色ETF;半导体ETF;酒ETF;军工ETF;证券ETF
2024-03-14,926954.2855158426,0.0,926954.2855158426,0.0,False,liquidate,-0.18009902026698693,10,沪深300;创业板;纳指;黄金;国债ETF;有色ETF;酒ETF;半导体ETF;军工ETF;创新药ETF,沪深300;创业板;纳指;黄金;国债ETF,有色ETF;酒ETF;半导体ETF;军工ETF;创新药ETF
2024-03-15,927027.8533162804,0.0,927027.8533162804,0.0,False,liquidate,-0.1800339487606589,10,沪深300;创业板;纳指;黄金;国债ETF;有色ETF;酒ETF;军工ETF;半导体ETF;证券ETF,沪深300;创业板;纳指;黄金;国债ETF,有色ETF;酒ETF;军工ETF;半导体ETF;证券ETF
2024-03-18,927101.4269554325,375320.0350621457,551781.3918932868,0.5,False,halve,-0.1799688720899256,10,沪深300;创业板;纳指;黄金;国债ETF;有色ETF;酒ETF;半导体ETF;军工ETF;证券ETF,沪深300;创业板;纳指;黄金;国债ETF,有色ETF;酒ETF;半导体ETF;军工ETF;证券ETF
2024-03-19,924789.4916618032,0.0,924789.4916618032,0.0,False,liquidate,-0.18201380358433164,10,沪深300;创业板;纳指;黄金;国债ETF;有色ETF;酒ETF;军工ETF;半导体ETF;证券ETF,沪深300;创业板;纳指;黄金;国债ETF,有色ETF;酒ETF;军工ETF;半导体ETF;证券ETF
2024-03-20,924862.887653205,0.0,924862.887653205,0.0,False,liquidate,-0.18194888404493353,10,沪深300;创业板;纳指;黄金;国债ETF;有色ETF;酒ETF;军工ETF;半导体ETF;证券ETF,沪深300;创业板;纳指;黄金;国债ETF,有色ETF;酒ETF;军工ETF;半导体ETF;证券ETF
2024-03-21,924936.2894696854,0.0,924936.2894696854,0.0,False,liquidate,-0.18188395935319104,10,沪深300;创业板;纳指;黄金;国债ETF;有色ETF;酒ETF;军工ETF;半导体ETF;证券ETF,沪深300;创业板;纳指;黄金;国债ETF,有色ETF;酒ETF;军工ETF;半导体ETF;证券ETF
2024-03-22,925009.6971117068,0.0,925009.6971117068,0.0,False,liquidate,-0.18181902950869525,10,沪深300;创业板;纳指;黄金;国债ETF;有色ETF;酒ETF;军工ETF;半导体ETF;证券ETF,沪深300;创业板;纳指;黄金;国债ETF,有色ETF;酒ETF;军工ETF;半导体ETF;证券ETF
2024-03-25,925083.1105797316,0.0,925083.1105797316,0.0,False,liquidate,-0.18175409451103716,10,沪深300;创业板;纳指;黄金;国债ETF;有色ETF;酒ETF;军工ETF;半导体ETF;证券ETF,沪深300;创业板;纳指;黄金;国债ETF,有色ETF;酒ETF;军工ETF;半导体ETF;证券ETF
2024-03-26,925156.5298742221,0.0,925156.5298742221,0.0,False,liquidate,-0.18168915435980784,10,沪深300;创业板;纳指;黄金;国债ETF;有色ETF;酒ETF;军工ETF;半导体ETF;证券ETF,沪深300;创业板;纳指;黄金;国债ETF,有色ETF;酒ETF;军工ETF;半导体ETF;证券ETF
2024-03-27,925229.9549956408,0.0,925229.9549956408,0.0,False,liquidate,-0.18162420905459825,10,沪深300;创业板;纳指;黄金;国债ETF;有色ETF;酒ETF;证券ETF;军工ETF;半导体ETF,沪深300;创业板;纳指;黄金;国债ETF,有色ETF;酒ETF;证券ETF;军工ETF;半导体ETF
2024-03-28,925303.38594445,0.0,925303.38594445,0.0,False,liquidate,-0.18155925859499933,10,沪深300;创业板;纳指;黄金;国债ETF;有色ETF;酒ETF;军工ETF;证券ETF;半导体ETF,沪深300;创业板;纳指;黄金;国债ETF,有色ETF;酒ETF;军工ETF;证券ETF;半导体ETF
2024-03-29,925376.8227211123,0.0,925376.8227211123,0.0,False,liquidate,-0.18149430298060212,10,沪深300;创业板;纳指;黄金;国债ETF;有色ETF;酒ETF;军工ETF;证券ETF;半导体ETF,沪深300;创业板;纳指;黄金;国债ETF,有色ETF;酒ETF;军工ETF;证券ETF;半导体ETF
2024-04-01,925450.2653260902,0.0,925450.2653260902,0.0,False,liquidate,-0.1814293422109974,10,沪深300;创业板;纳指;黄金;国债ETF;有色ETF;酒ETF;军工ETF;证券ETF;半导体ETF,沪深300;创业板;纳指;黄金;国债ETF,有色ETF;酒ETF;军工ETF;证券ETF;半导体ETF
2024-04-02,925523.7137598463,0.0,925523.7137598463,0.0,False,liquidate,-0.18136437628577598,10,沪深300;创业板;纳指;黄金;国债ETF;有色ETF;酒ETF;军工ETF;证券ETF;半导体ETF,沪深300;创业板;纳指;黄金;国债ETF,有色ETF;酒ETF;军工ETF;证券ETF;半导体ETF
2024-04-03,925597.1680228432,0.0,925597.1680228432,0.0,False,liquidate,-0.18129940520452872,10,沪深300;创业板;纳指;黄金;国债ETF;有色ETF;酒ETF;军工ETF;证券ETF;创新药ETF,沪深300;创业板;纳指;黄金;国债ETF,有色ETF;酒ETF;军工ETF;证券ETF;创新药ETF
2024-04-08,925670.6281155435,0.0,925670.6281155435,0.0,False,liquidate,-0.18123442896684647,10,沪深300;创业板;纳指;黄金;国债ETF;有色ETF;酒ETF;军工ETF;证券ETF;创新药ETF,沪深300;创业板;纳指;黄金;国债ETF,有色ETF;酒ETF;军工ETF;证券ETF;创新药ETF
2024-04-09,925744.0940384099,0.0,925744.0940384099,0.0,False,liquidate,-0.18116944757231998,10,沪深300;创业板;纳指;黄金;国债ETF;有色ETF;酒ETF;军工ETF;证券ETF;创新药ETF,沪深300;创业板;纳指;黄金;国债ETF,有色ETF;酒ETF;军工ETF;证券ETF;创新药ETF
2024-04-10,925817.565791905,0.0,925817.565791905,0.0,False,liquidate,-0.18110446102053995,10,沪深300;创业板;纳指;黄金;国债ETF;有色ETF;酒ETF;军工ETF;证券ETF;创新药ETF,沪深300;创业板;纳指;黄金;国债ETF,有色ETF;酒ETF;军工ETF;证券ETF;创新药ETF
2024-04-11,925891.0433764918,0.0,925891.0433764918,0.0,False,liquidate,-0.1810394693110971,10,沪深300;创业板;纳指;黄金;国债ETF;有色ETF;酒ETF;军工ETF;证券ETF;创新药ETF,沪深300;创业板;纳指;黄金;国债ETF,有色ETF;酒ETF;军工ETF;证券ETF;创新药ETF
2024-04-12,925964.5267926328,0.0,925964.5267926328,0.0,False,liquidate,-0.18097447244358209,10,沪深300;创业板;纳指;黄金;国债ETF;有色ETF;酒ETF;军工ETF;证券ETF;半导体ETF,沪深300;创业板;纳指;黄金;国债ETF,有色ETF;酒ETF;军工ETF;证券ETF;半导体ETF
2024-04-15,926038.016040791,0.0,926038.016040791,0.0,False,liquidate,-0.1809094704175855,10,沪深300;创业板;纳指;黄金;国债ETF;有色ETF;酒ETF;军工ETF;证券ETF;半导体ETF,沪深300;创业板;纳指;黄金;国债ETF,有色ETF;酒ETF;军工ETF;证券ETF;半导体ETF
2024-04-16,926111.5111214292,0.0,926111.5111214292,0.0,False,liquidate,-0.18084446323269798,9,沪深300;创业板;黄金;国债ETF;有色ETF;酒ETF;军工ETF;证券ETF;半导体ETF,沪深300;创业板;黄金;国债ETF,有色ETF;酒ETF;军工ETF;证券ETF;半导体ETF
2024-04-17,926185.0120350103,0.0,926185.0120350103,0.0,False,liquidate,-0.18077945088851005,9,沪深300;创业板;黄金;国债ETF;有色ETF;酒ETF;军工ETF;证券ETF;半导体ETF,沪深300;创业板;黄金;国债ETF,有色ETF;酒ETF;军工ETF;证券ETF;半导体ETF
2024-04-18,926258.5187819973,0.0,926258.5187819973,0.0,False,liquidate,-0.18071443338461224,10,沪深300;创业板;纳指;黄金;国债ETF;有色ETF;酒ETF;军工ETF;证券ETF;半导体ETF,沪深300;创业板;纳指;黄金;国债ETF,有色ETF;酒ETF;军工ETF;证券ETF;半导体ETF
2024-04-19,926332.031362853,0.0,926332.031362853,0.0,False,liquidate,-0.18064941072059512,8,沪深300;黄金;国债ETF;有色ETF;军工ETF;酒ETF;证券ETF;半导体ETF,沪深300;黄金;国债ETF,有色ETF;军工ETF;酒ETF;证券ETF;半导体ETF
2024-04-22,926405.5497780406,0.0,926405.5497780406,0.0,False,liquidate,-0.18058438289604906,8,沪深300;黄金;国债ETF;有色ETF;军工ETF;酒ETF;证券ETF;创新药ETF,沪深300;黄金;国债ETF,有色ETF;军工ETF;酒ETF;证券ETF;创新药ETF
2024-04-23,926479.074028023,0.0,926479.074028023,0.0,False,liquidate,-0.18051934991056456,9,沪深300;创业板;黄金;国债ETF;有色ETF;酒ETF;军工ETF;证券ETF;创新药ETF,沪深300;创业板;黄金;国债ETF,有色ETF;酒ETF;军工ETF;证券ETF;创新药ETF
2024-04-24,926552.6041132634,0.0,926552.6041132634,0.0,False,liquidate,-0.18045431176373203,8,沪深300;黄金;国债ETF;有色ETF;军工ETF;酒ETF;证券ETF;半导体ETF,沪深300;黄金;国债ETF,有色ETF;军工ETF;酒ETF;证券ETF;半导体ETF
2024-04-25,926626.1400342248,0.0,926626.1400342248,0.0,False,liquidate,-0.1803892684551418,9,沪深300;创业板;黄金;国债ETF;有色ETF;军工ETF;酒ETF;半导体ETF;证券ETF,沪深300;创业板;黄金;国债ETF,有色ETF;军工ETF;酒ETF;半导体ETF;证券ETF
2024-04-26,926699.6817913705,0.0,926699.6817913705,0.0,False,liquidate,-0.1803242199843842,9,沪深300;创业板;黄金;国债ETF;有色ETF;酒ETF;军工ETF;证券ETF;半导体ETF,沪深300;创业板;黄金;国债ETF,有色ETF;酒ETF;军工ETF;证券ETF;半导体ETF
2024-04-29,926773.2293851635,0.0,926773.2293851635,0.0,False,liquidate,-0.18025916635104958,9,沪深300;创业板;黄金;国债ETF;有色ETF;证券ETF;酒ETF;半导体ETF;军工ETF,沪深300;创业板;黄金;国债ETF,有色ETF;证券ETF;酒ETF;半导体ETF;军工ETF
2024-04-30,926846.7828160671,0.0,926846.7828160671,0.0,False,liquidate,-0.18019410755472823,9,沪深300;创业板;黄金;国债ETF;有色ETF;证券ETF;酒ETF;半导体ETF;创新药ETF,沪深300;创业板;黄金;国债ETF,有色ETF;证券ETF;酒ETF;半导体ETF;创新药ETF
2024-05-06,926920.3420845446,0.0,926920.3420845446,0.0,False,liquidate,-0.18012904359501034,9,沪深300;创业板;黄金;国债ETF;酒ETF;创新药ETF;有色ETF;半导体ETF;军工ETF,沪深300;创业板;黄金;国债ETF,酒ETF;创新药ETF;有色ETF;半导体ETF;军工ETF
2024-05-07,926993.9071910593,0.0,926993.9071910593,0.0,False,liquidate,-0.18006397447148606,9,沪深300;创业板;黄金;国债ETF;酒ETF;军工ETF;创新药ETF;半导体ETF;有色ETF,沪深300;创业板;黄金;国债ETF,酒ETF;军工ETF;创新药ETF;半导体ETF;有色ETF
2024-05-08,927067.4781360745,409415.7392669674,517651.7388691071,0.5,False,halve,-0.1799989001837457,10,沪深300;创业板;纳指;黄金;国债ETF;酒ETF;军工ETF;创新药ETF;半导体ETF;有色ETF,沪深300;创业板;纳指;黄金;国债ETF,酒ETF;军工ETF;创新药ETF;半导体ETF;有色ETF
2024-05-09,935164.8142666816,407140.90439765796,528023.9098690236,0.5,False,halve,-0.17283671977156098,9,沪深300;创业板;黄金;国债ETF;军工ETF;酒ETF;半导体ETF;有色ETF;创新药ETF,沪深300;创业板;黄金;国债ETF,军工ETF;酒ETF;半导体ETF;有色ETF;创新药ETF
2024-05-10,931924.2204825046,411739.3069804641,520184.9135020405,0.5,False,halve,-0.17570305963327792,9,沪深300;纳指;黄金;国债ETF;军工ETF;酒ETF;半导体ETF;有色ETF;创新药ETF,沪深300;纳指;黄金;国债ETF,军工ETF;酒ETF;半导体ETF;有色ETF;创新药ETF
2024-05-13,926216.2566395116,0.0,926216.2566395116,0.0,False,liquidate,-0.18075181470165352,9,沪深300;纳指;黄金;国债ETF;军工ETF;酒ETF;有色ETF;半导体ETF;创新药ETF,沪深300;纳指;黄金;国债ETF,军工ETF;酒ETF;有色ETF;半导体ETF;创新药ETF
2024-05-14,926289.7658662291,0.0,926289.7658662291,0.0,False,liquidate,-0.18068679500440754,8,沪深300;黄金;国债ETF;军工ETF;酒ETF;有色ETF;证券ETF;创新药ETF,沪深300;黄金;国债ETF,军工ETF;酒ETF;有色ETF;证券ETF;创新药ETF
2024-05-15,926363.2809270122,0.0,926363.2809270122,0.0,False,liquidate,-0.18062177014686812,9,沪深300;纳指;黄金;国债ETF;军工ETF;酒ETF;有色ETF;创新药ETF;证券ETF,沪深300;纳指;黄金;国债ETF,军工ETF;酒ETF;有色ETF;创新药ETF;证券ETF
2024-05-16,926436.8018223239,0.0,926436.8018223239,0.0,False,liquidate,-0.18055674012862574,9,沪深300;纳指;黄金;国债ETF;军工ETF;酒ETF;有色ETF;创新药ETF;证券ETF,沪深300;纳指;黄金;国债ETF,军工ETF;酒ETF;有色ETF;创新药ETF;证券ETF
2024-05-17,926510.3285526274,0.0,926510.3285526274,0.0,False,liquidate,-0.18049170494927083,9,沪深300;纳指;黄金;国债ETF;酒ETF;军工ETF;有色ETF;证券ETF;创新药ETF,沪深300;纳指;黄金;国债ETF,酒ETF;军工ETF;有色ETF;证券ETF;创新药ETF
2024-05-20,926583.8611183856,0.0,926583.8611183856,0.0,False,liquidate,-0.1804266646083937,9,沪深300;纳指;黄金;国债ETF;酒ETF;军工ETF;有色ETF;创新药ETF;证券ETF,沪深300;纳指;黄金;国债ETF,酒ETF;军工ETF;有色ETF;创新药ETF;证券ETF
2024-05-21,926657.3995200617,0.0,926657.3995200617,0.0,False,liquidate,-0.18036161910558482,9,沪深300;纳指;黄金;国债ETF;酒ETF;军工ETF;有色ETF;半导体ETF;创新药ETF,沪深300;纳指;黄金;国债ETF,酒ETF;军工ETF;有色ETF;半导体ETF;创新药ETF
2024-05-22,926730.9437581189,0.0,926730.9437581189,0.0,False,liquidate,-0.1802965684404344,9,沪深300;纳指;黄金;国债ETF;酒ETF;有色ETF;半导体ETF;证券ETF;军工ETF,沪深300;纳指;黄金;国债ETF,酒ETF;有色ETF;半导体ETF;证券ETF;军工ETF
2024-05-23,926804.4938330203,0.0,926804.4938330203,0.0,False,liquidate,-0.18023151261253287,9,沪深300;纳指;黄金;国债ETF;军工ETF;有色ETF;酒ETF;半导体ETF;证券ETF,沪深300;纳指;黄金;国债ETF,军工ETF;有色ETF;酒ETF;半导体ETF;证券ETF
2024-05-24,926878.0497452293,0.0,926878.0497452293,0.0,False,liquidate,-0.18016645162147035,9,沪深300;纳指;黄金;国债ETF;有色ETF;酒ETF;证券ETF;创新药ETF;军工ETF,沪深300;纳指;黄金;国债ETF,有色ETF;酒ETF;证券ETF;创新药ETF;军工ETF
2024-05-27,926951.6114952092,0.0,926951.6114952092,0.0,False,liquidate,-0.18010138546683707,9,沪深300;纳指;黄金;国债ETF;有色ETF;酒ETF;证券ETF;军工ETF;半导体ETF,沪深300;纳指;黄金;国债ETF,有色ETF;酒ETF;证券ETF;军工ETF;半导体ETF
2024-05-28,927025.1790834231,0.0,927025.1790834231,0.0,False,liquidate,-0.1800363141482233,10,沪深300;创业板;纳指;黄金;国债ETF;有色ETF;军工ETF;酒ETF;半导体ETF;创新药ETF,沪深300;创业板;纳指;黄金;国债ETF,有色ETF;军工ETF;酒ETF;半导体ETF;创新药ETF
2024-05-29,927098.7525103345,463549.3762551673,463549.3762551672,0.5,False,halve,-0.1799712376652192,10,沪深300;创业板;纳指;黄金;国债ETF;有色ETF;酒ETF;军工ETF;半导体ETF;证券ETF,沪深300;创业板;纳指;黄金;国债ETF,有色ETF;酒ETF;军工ETF;半导体ETF;证券ETF
2024-05-30,926746.5592382896,0.0,926746.5592382896,0.0,False,liquidate,-0.18028275638120883,10,沪深300;创业板;纳指;黄金;国债ETF;有色ETF;军工ETF;半导体ETF;酒ETF;证券ETF,沪深300;创业板;纳指;黄金;国债ETF,有色ETF;军工ETF;半导体ETF;酒ETF;证券ETF
2024-05-31,926820.1105525149,0.0,926820.1105525149,0.0,False,liquidate,-0.18021769945711205,8,纳指;黄金;国债ETF;有色ETF;军工ETF;半导体ETF;酒ETF;证券ETF,纳指;黄金;国债ETF,有色ETF;军工ETF;半导体ETF;酒ETF;证券ETF
2024-06-03,926893.6677041461,0.0,926893.6677041461,0.0,False,liquidate,-0.18015263736976733,9,沪深300;纳指;黄金;国债ETF;有色ETF;军工ETF;半导体ETF;酒ETF;证券ETF,沪深300;纳指;黄金;国债ETF,有色ETF;军工ETF;半导体ETF;酒ETF;证券ETF
2024-06-04,926967.2306936465,0.0,926967.2306936465,0.0,False,liquidate,-0.1800875701187649,10,沪深300;创业板;纳指;黄金;国债ETF;有色ETF;军工ETF;半导体ETF;酒ETF;证券ETF,沪深300;创业板;纳指;黄金;国债ETF,有色ETF;军工ETF;半导体ETF;酒ETF;证券ETF
2024-06-05,927040.7995214793,0.0,927040.7995214793,0.0,False,liquidate,-0.18002249770369497,9,沪深300;创业板;纳指;国债ETF;军工ETF;半导体ETF;有色ETF;酒ETF;证券ETF,沪深300;创业板;纳指;国债ETF,军工ETF;半导体ETF;有色ETF;酒ETF;证券ETF
2024-06-06,927114.374188108,528447.1799557575,398667.19423235056,0.5,False,halve,-0.17995742012414762,10,沪深300;创业板;纳指;黄金;国债ETF;半导体ETF;有色ETF;军工ETF;酒ETF;创新药ETF,沪深300;创业板;纳指;黄金;国债ETF,半导体ETF;有色ETF;军工ETF;酒ETF;创新药ETF
2024-06-07,925907.6766789549,0.0,925907.6766789549,0.0,False,liquidate,-0.1810247569771678,10,沪深300;创业板;纳指;黄金;国债ETF;半导体ETF;有色ETF;军工ETF;酒ETF;创新药ETF,沪深300;创业板;纳指;黄金;国债ETF,半导体ETF;有色ETF;军工ETF;酒ETF;创新药ETF
2024-06-11,925981.1614151993,0.0,925981.1614151993,0.0,False,liquidate,-0.18095975894200722,9,沪深300;创业板;纳指;国债ETF;半导体ETF;军工ETF;有色ETF;创新药ETF;酒ETF,沪深300;创业板;纳指;国债ETF,半导体ETF;军工ETF;有色ETF;创新药ETF;酒ETF
2024-06-12,926054.6519835657,0.0,926054.6519835657,0.0,False,liquidate,-0.18089475574827238,9,沪深300;创业板;纳指;国债ETF;半导体ETF;军工ETF;有色ETF;创新药ETF;证券ETF,沪深300;创业板;纳指;国债ETF,半导体ETF;军工ETF;有色ETF;创新药ETF;证券ETF
2024-06-13,926128.1483845168,0.0,926128.1483845168,0.0,False,liquidate,-0.1808297473955539,7,纳指;国债ETF;半导体ETF;军工ETF;有色ETF;证券ETF;创新药ETF,纳指;国债ETF,半导体ETF;军工ETF;有色ETF;证券ETF;创新药ETF
2024-06-14,926201.6506185157,0.0,926201.6506185157,0.0,False,liquidate,-0.18076473388344236,9,沪深300;创业板;纳指;国债ETF;半导体ETF;军工ETF;有色ETF;证券ETF;创新药ETF,沪深300;创业板;纳指;国债ETF,半导体ETF;军工ETF;有色ETF;证券ETF;创新药ETF
2024-06-17,926275.1586860251,0.0,926275.1586860251,0.0,False,liquidate,-0.18069971521152836,8,创业板;纳指;国债ETF;半导体ETF;军工ETF;有色ETF;证券ETF;创新药ETF,创业板;纳指;国债ETF,半导体ETF;军工ETF;有色ETF;证券ETF;创新药ETF
2024-06-18,926348.6725875081,0.0,926348.6725875081,0.0,False,liquidate,-0.18063469137940227,8,创业板;纳指;国债ETF;半导体ETF;军工ETF;有色ETF;证券ETF;创新药ETF,创业板;纳指;国债ETF,半导体ETF;军工ETF;有色ETF;证券ETF;创新药ETF
2024-06-19,926422.1923234278,0.0,926422.1923234278,0.0,False,liquidate,-0.1805696623866546,9,沪深300;创业板;纳指;国债ETF;半导体ETF;军工ETF;有色ETF;证券ETF;创新药ETF,沪深300;创业板;纳指;国债ETF,半导体ETF;军工ETF;有色ETF;证券ETF;创新药ETF
2024-06-20,926495.7178942472,0.0,926495.7178942472,0.0,False,liquidate,-0.1805046282328757,8,创业板;纳指;国债ETF;半导体ETF;军工ETF;有色ETF;证券ETF;创新药ETF,创业板;纳指;国债ETF,半导体ETF;军工ETF;有色ETF;证券ETF;创新药ETF
2024-06-21,926569.2493004292,0.0,926569.2493004292,0.0,False,liquidate,-0.18043958891765607,10,沪深300;创业板;纳指;黄金;国债ETF;半导体ETF;军工ETF;有色ETF;证券ETF;创新药ETF,沪深300;创业板;纳指;黄金;国债ETF,半导体ETF;军工ETF;有色ETF;证券ETF;创新药ETF
2024-06-24,926642.7865424373,0.0,926642.7865424373,0.0,False,liquidate,-0.180374544440586,8,纳指;黄金;国债ETF;半导体ETF;军工ETF;证券ETF;有色ETF;创新药ETF,纳指;黄金;国债ETF,半导体ETF;军工ETF;证券ETF;有色ETF;创新药ETF
2024-06-25,926716.3296207343,0.0,926716.3296207343,0.0,False,liquidate,-0.18030949480125585,8,纳指;黄金;国债ETF;半导体ETF;军工ETF;有色ETF;证券ETF;创新药ETF,纳指;黄金;国债ETF,半导体ETF;军工ETF;有色ETF;证券ETF;创新药ETF
2024-06-26,926789.8785357836,0.0,926789.8785357836,0.0,False,liquidate,-0.18024443999925593,7,纳指;国债ETF;半导体ETF;军工ETF;证券ETF;有色ETF;创新药ETF,纳指;国债ETF,半导体ETF;军工ETF;证券ETF;有色ETF;创新药ETF
2024-06-27,926863.4332880484,0.0,926863.4332880484,0.0,False,liquidate,-0.1801793800341765,7,纳指;国债ETF;半导体ETF;军工ETF;证券ETF;有色ETF;创新药ETF,纳指;国债ETF,半导体ETF;军工ETF;证券ETF;有色ETF;创新药ETF
2024-06-28,926936.9938779919,0.0,926936.9938779919,0.0,False,liquidate,-0.18011431490560773,8,纳指;黄金;国债ETF;半导体ETF;军工ETF;有色ETF;证券ETF;创新药ETF,纳指;黄金;国债ETF,半导体ETF;军工ETF;有色ETF;证券ETF;创新药ETF
2024-07-01,927010.5603060775,0.0,927010.5603060775,0.0,False,liquidate,-0.18004924461313992,8,纳指;黄金;国债ETF;半导体ETF;军工ETF;有色ETF;证券ETF;创新药ETF,纳指;黄金;国债ETF,半导体ETF;军工ETF;有色ETF;证券ETF;创新药ETF
2024-07-02,927084.1325727685,540216.3477643279,386867.7848084406,0.5,False,halve,-0.17998416915636314,8,纳指;黄金;国债ETF;半导体ETF;军工ETF;有色ETF;证券ETF;创新药ETF,纳指;黄金;国债ETF,半导体ETF;军工ETF;有色ETF;证券ETF;创新药ETF
2024-07-03,926283.1269681467,0.0,926283.1269681467,0.0,False,liquidate,-0.18069266718076746,8,纳指;黄金;国债ETF;半导体ETF;军工ETF;有色ETF;证券ETF;创新药ETF,纳指;黄金;国债ETF,半导体ETF;军工ETF;有色ETF;证券ETF;创新药ETF
2024-07-04,926356.6415020331,0.0,926356.6415020331,0.0,False,liquidate,-0.1806276427892738,8,纳指;黄金;国债ETF;半导体ETF;军工ETF;有色ETF;证券ETF;创新药ETF,纳指;黄金;国债ETF,半导体ETF;军工ETF;有色ETF;证券ETF;创新药ETF
2024-07-05,926430.1618704064,0.0,926430.1618704064,0.0,False,liquidate,-0.18056261323711412,8,纳指;黄金;国债ETF;半导体ETF;军工ETF;有色ETF;证券ETF;创新药ETF,纳指;黄金;国债ETF,半导体ETF;军工ETF;有色ETF;证券ETF;创新药ETF
2024-07-08,926503.6880737294,0.0,926503.6880737294,0.0,False,liquidate,-0.180497578523879,8,纳指;黄金;国债ETF;半导体ETF;有色ETF;军工ETF;证券ETF;创新药ETF,纳指;黄金;国债ETF,半导体ETF;有色ETF;军工ETF;证券ETF;创新药ETF
2024-07-09,926577.2201124654,0.0,926577.2201124654,0.0,False,liquidate,-0.18043253864915862,8,纳指;黄金;国债ETF;半导体ETF;有色ETF;军工ETF;证券ETF;创新药ETF,纳指;黄金;国债ETF,半导体ETF;有色ETF;军工ETF;证券ETF;创新药ETF
2024-07-10,926650.7579870776,0.0,926650.7579870776,0.0,False,liquidate,-0.18036749361254345,8,纳指;黄金;国债ETF;半导体ETF;有色ETF;军工ETF;证券ETF;创新药ETF,纳指;黄金;国债ETF,半导体ETF;有色ETF;军工ETF;证券ETF;创新药ETF
2024-07-11,926724.3016980289,0.0,926724.3016980289,0.0,False,liquidate,-0.1803024434136238,7,纳指;国债ETF;半导体ETF;有色ETF;军工ETF;证券ETF;创新药ETF,纳指;国债ETF,半导体ETF;有色ETF;军工ETF;证券ETF;创新药ETF
2024-07-12,926797.8512457828,0.0,926797.8512457828,0.0,False,liquidate,-0.1802373880519899,8,纳指;黄金;国债ETF;半导体ETF;有色ETF;军工ETF;创新药ETF;证券ETF,纳指;黄金;国债ETF,半导体ETF;有色ETF;军工ETF;创新药ETF;证券ETF
2024-07-15,926871.4066308023,0.0,926871.4066308023,0.0,False,liquidate,-0.18017232752723214,7,纳指;国债ETF;半导体ETF;有色ETF;军工ETF;创新药ETF;证券ETF,纳指;国债ETF,半导体ETF;有色ETF;军工ETF;创新药ETF;证券ETF
2024-07-16,926944.9678535508,0.0,926944.9678535508,0.0,False,liquidate,-0.18010726183894063,8,纳指;黄金;国债ETF;半导体ETF;有色ETF;军工ETF;创新药ETF;证券ETF,纳指;黄金;国债ETF,半导体ETF;有色ETF;军工ETF;创新药ETF;证券ETF
2024-07-17,927018.5349144916,0.0,927018.5349144916,0.0,False,liquidate,-0.18004219098670562,8,纳指;黄金;国债ETF;半导体ETF;有色ETF;创新药ETF;军工ETF;酒ETF,纳指;黄金;国债ETF,半导体ETF;有色ETF;创新药ETF;军工ETF;酒ETF
2024-07-18,927092.107814088,523702.66779148846,403389.44002259953,0.5,False,halve,-0.17997711497011723,8,纳指;黄金;国债ETF;半导体ETF;有色ETF;军工ETF;创新药ETF;酒ETF,纳指;黄金;国债ETF,半导体ETF;有色ETF;军工ETF;创新药ETF;酒ETF
2024-07-19,931857.1041537852,533676.4732933786,398180.63086040656,0.5,False,halve,-0.17576242474386966,8,纳指;黄金;国债ETF;半导体ETF;军工ETF;有色ETF;创新药ETF;酒ETF,纳指;黄金;国债ETF,半导体ETF;军工ETF;有色ETF;创新药ETF;酒ETF
2024-07-22,930037.5490267454,533356.6115713816,396680.9374553638,0.5,False,halve,-0.17737184071469927,8,纳指;黄金;国债ETF;半导体ETF;军工ETF;创新药ETF;证券ETF;有色ETF,纳指;黄金;国债ETF,半导体ETF;军工ETF;创新药ETF;证券ETF;有色ETF
2024-07-23,910495.5333550563,0.0,910495.5333550563,0.0,False,liquidate,-0.19465696258698165,8,纳指;黄金;国债ETF;半导体ETF;军工ETF;证券ETF;创新药ETF;有色ETF,纳指;黄金;国债ETF,半导体ETF;军工ETF;证券ETF;创新药ETF;有色ETF
2024-07-24,910567.7949053226,0.0,910567.7949053226,0.0,False,liquidate,-0.1945930464729012,8,纳指;黄金;国债ETF;半导体ETF;军工ETF;创新药ETF;证券ETF;有色ETF,纳指;黄金;国债ETF,半导体ETF;军工ETF;创新药ETF;证券ETF;有色ETF
2024-07-25,910640.0621906326,0.0,910640.0621906326,0.0,False,liquidate,-0.19452912528611332,8,纳指;黄金;国债ETF;半导体ETF;军工ETF;证券ETF;创新药ETF;酒ETF,纳指;黄金;国债ETF,半导体ETF;军工ETF;证券ETF;创新药ETF;酒ETF
2024-07-26,910712.3352114414,0.0,910712.3352114414,0.0,False,liquidate,-0.19446519902621537,8,纳指;黄金;国债ETF;半导体ETF;军工ETF;证券ETF;创新药ETF;酒ETF,纳指;黄金;国债ETF,半导体ETF;军工ETF;证券ETF;创新药ETF;酒ETF
2024-07-29,910784.6139682042,0.0,910784.6139682042,0.0,False,liquidate,-0.19440126769280472,8,纳指;黄金;国债ETF;军工ETF;半导体ETF;证券ETF;创新药ETF;有色ETF,纳指;黄金;国债ETF,军工ETF;半导体ETF;证券ETF;创新药ETF;有色ETF
2024-07-30,910856.8984613763,0.0,910856.8984613763,0.0,False,liquidate,-0.19433733128547875,8,纳指;黄金;国债ETF;军工ETF;半导体ETF;证券ETF;创新药ETF;有色ETF,纳指;黄金;国债ETF,军工ETF;半导体ETF;证券ETF;创新药ETF;有色ETF
2024-07-31,910929.188691413,0.0,910929.188691413,0.0,False,liquidate,-0.19427338980383466,8,纳指;黄金;国债ETF;半导体ETF;军工ETF;证券ETF;创新药ETF;有色ETF,纳指;黄金;国债ETF,半导体ETF;军工ETF;证券ETF;创新药ETF;有色ETF
2024-08-01,911001.4846587696,0.0,911001.4846587696,0.0,False,liquidate,-0.19420944324746983,8,纳指;黄金;国债ETF;半导体ETF;军工ETF;证券ETF;创新药ETF;有色ETF,纳指;黄金;国债ETF,半导体ETF;军工ETF;证券ETF;创新药ETF;有色ETF
2024-08-02,911073.7863639012,0.0,911073.7863639012,0.0,False,liquidate,-0.19414549161598152,8,纳指;黄金;国债ETF;半导体ETF;军工ETF;证券ETF;创新药ETF;酒ETF,纳指;黄金;国债ETF,半导体ETF;军工ETF;证券ETF;创新药ETF;酒ETF
2024-08-05,911146.0938072635,0.0,911146.0938072635,0.0,False,liquidate,-0.19408153490896682,7,黄金;国债ETF;军工ETF;证券ETF;创新药ETF;半导体ETF;酒ETF,黄金;国债ETF,军工ETF;证券ETF;创新药ETF;半导体ETF;酒ETF
2024-08-06,911218.4069893118,0.0,911218.4069893118,0.0,False,liquidate,-0.19401757312602302,7,黄金;国债ETF;军工ETF;创新药ETF;证券ETF;半导体ETF;酒ETF,黄金;国债ETF,军工ETF;创新药ETF;证券ETF;半导体ETF;酒ETF
2024-08-07,911290.7259105014,0.0,911290.7259105014,0.0,False,liquidate,-0.19395360626674732,7,黄金;国债ETF;军工ETF;证券ETF;半导体ETF;创新药ETF;酒ETF,黄金;国债ETF,军工ETF;证券ETF;半导体ETF;创新药ETF;酒ETF
2024-08-08,911363.050571288,0.0,911363.050571288,0.0,False,liquidate,-0.19388963433073675,7,黄金;国债ETF;证券ETF;军工ETF;半导体ETF;创新药ETF;酒ETF,黄金;国债ETF,证券ETF;军工ETF;半导体ETF;创新药ETF;酒ETF
2024-08-09,911435.380972127,0.0,911435.380972127,0.0,False,liquidate,-0.19382565731758838,7,黄金;国债ETF;证券ETF;军工ETF;半导体ETF;创新药ETF;酒ETF,黄金;国债ETF,证券ETF;军工ETF;半导体ETF;创新药ETF;酒ETF
2024-08-12,911507.717113474,0.0,911507.717113474,0.0,False,liquidate,-0.19376167522689924,7,黄金;国债ETF;证券ETF;创新药ETF;军工ETF;半导体ETF;酒ETF,黄金;国债ETF,证券ETF;创新药ETF;军工ETF;半导体ETF;酒ETF
2024-08-13,911580.0589957847,0.0,911580.0589957847,0.0,False,liquidate,-0.19369768805826637,7,黄金;国债ETF;证券ETF;军工ETF;创新药ETF;半导体ETF;酒ETF,黄金;国债ETF,证券ETF;军工ETF;创新药ETF;半导体ETF;酒ETF
2024-08-14,911652.4066195146,0.0,911652.4066195146,0.0,False,liquidate,-0.19363369581128684,7,黄金;国债ETF;证券ETF;军工ETF;创新药ETF;半导体ETF;酒ETF,黄金;国债ETF,证券ETF;军工ETF;创新药ETF;半导体ETF;酒ETF
2024-08-15,911724.7599851193,0.0,911724.7599851193,0.0,False,liquidate,-0.19356969848555755,7,黄金;国债ETF;证券ETF;军工ETF;创新药ETF;半导体ETF;有色ETF,黄金;国债ETF,证券ETF;军工ETF;创新药ETF;半导体ETF;有色ETF
2024-08-16,911797.1190930547,0.0,911797.1190930547,0.0,False,liquidate,-0.19350569608067544,8,纳指;黄金;国债ETF;证券ETF;创新药ETF;军工ETF;半导体ETF;有色ETF,纳指;黄金;国债ETF,证券ETF;创新药ETF;军工ETF;半导体ETF;有色ETF
2024-08-19,911869.4839437763,0.0,911869.4839437763,0.0,False,liquidate,-0.1934416885962374,8,纳指;黄金;国债ETF;证券ETF;创新药ETF;军工ETF;半导体ETF;有色ETF,纳指;黄金;国债ETF,证券ETF;创新药ETF;军工ETF;半导体ETF;有色ETF
2024-08-20,911941.8545377402,0.0,911941.8545377402,0.0,False,liquidate,-0.1933776760318402,8,纳指;黄金;国债ETF;证券ETF;创新药ETF;军工ETF;半导体ETF;有色ETF,纳指;黄金;国债ETF,证券ETF;创新药ETF;军工ETF;半导体ETF;有色ETF
2024-08-21,912014.230875402,0.0,912014.230875402,0.0,False,liquidate,-0.19331365838708078,8,纳指;黄金;国债ETF;证券ETF;创新药ETF;有色ETF;军工ETF;半导体ETF,纳指;黄金;国债ETF,证券ETF;创新药ETF;有色ETF;军工ETF;半导体ETF
2024-08-22,912086.6129572175,0.0,912086.6129572175,0.0,False,liquidate,-0.19324963566155595,7,黄金;国债ETF;证券ETF;创新药ETF;有色ETF;半导体ETF;军工ETF,黄金;国债ETF,证券ETF;创新药ETF;有色ETF;半导体ETF;军工ETF
2024-08-23,912159.0007836428,0.0,912159.0007836428,0.0,False,liquidate,-0.19318560785486236,7,黄金;国债ETF;证券ETF;创新药ETF;有色ETF;半导体ETF;军工ETF,黄金;国债ETF,证券ETF;创新药ETF;有色ETF;半导体ETF;军工ETF
2024-08-26,912231.3943551335,0.0,912231.3943551335,0.0,False,liquidate,-0.19312157496659685,7,黄金;国债ETF;证券ETF;创新药ETF;有色ETF;半导体ETF;军工ETF,黄金;国债ETF,证券ETF;创新药ETF;有色ETF;半导体ETF;军工ETF
2024-08-27,912303.7936721459,0.0,912303.7936721459,0.0,False,liquidate,-0.19305753699635603,7,黄金;国债ETF;证券ETF;创新药ETF;有色ETF;半导体ETF;军工ETF,黄金;国债ETF,证券ETF;创新药ETF;有色ETF;半导体ETF;军工ETF
2024-08-28,912376.1987351358,0.0,912376.1987351358,0.0,False,liquidate,-0.19299349394373663,7,黄金;国债ETF;证券ETF;创新药ETF;有色ETF;军工ETF;半导体ETF,黄金;国债ETF,证券ETF;创新药ETF;有色ETF;军工ETF;半导体ETF
2024-08-29,912448.6095445593,0.0,912448.6095445593,0.0,False,liquidate,-0.19292944580833535,7,黄金;国债ETF;证券ETF;创新药ETF;有色ETF;军工ETF;半导体ETF,黄金;国债ETF,证券ETF;创新药ETF;有色ETF;军工ETF;半导体ETF
2024-08-30,912521.0261008723,0.0,912521.0261008723,0.0,False,liquidate,-0.19286539258974872,7,黄金;国债ETF;证券ETF;半导体ETF;有色ETF;创新药ETF;军工ETF,黄金;国债ETF,证券ETF;半导体ETF;有色ETF;创新药ETF;军工ETF
2024-09-02,912593.4484045311,0.0,912593.4484045311,0.0,False,liquidate,-0.19280133428757332,7,黄金;国债ETF;证券ETF;有色ETF;创新药ETF;半导体ETF;军工ETF,黄金;国债ETF,证券ETF;有色ETF;创新药ETF;半导体ETF;军工ETF
2024-09-03,912665.8764559919,0.0,912665.8764559919,0.0,False,liquidate,-0.19273727090140558,7,黄金;国债ETF;证券ETF;有色ETF;创新药ETF;半导体ETF;军工ETF,黄金;国债ETF,证券ETF;有色ETF;创新药ETF;半导体ETF;军工ETF
2024-09-04,912738.3102557106,0.0,912738.3102557106,0.0,False,liquidate,-0.19267320243084218,7,黄金;国债ETF;证券ETF;创新药ETF;有色ETF;半导体ETF;军工ETF,黄金;国债ETF,证券ETF;创新药ETF;有色ETF;半导体ETF;军工ETF
2024-09-05,912810.7498041437,0.0,912810.7498041437,0.0,False,liquidate,-0.19260912887547949,7,黄金;国债ETF;证券ETF;创新药ETF;军工ETF;有色ETF;半导体ETF,黄金;国债ETF,证券ETF;创新药ETF;军工ETF;有色ETF;半导体ETF
2024-09-06,912883.1951017472,0.0,912883.1951017472,0.0,False,liquidate,-0.19254505023491406,7,黄金;国债ETF;证券ETF;创新药ETF;军工ETF;有色ETF;半导体ETF,黄金;国债ETF,证券ETF;创新药ETF;军工ETF;有色ETF;半导体ETF
2024-09-09,912955.6461489776,0.0,912955.6461489776,0.0,False,liquidate,-0.19248096650874214,6,国债ETF;证券ETF;创新药ETF;军工ETF;有色ETF;半导体ETF,国债ETF,证券ETF;创新药ETF;军工ETF;有色ETF;半导体ETF
2024-09-10,913028.102946291,0.0,913028.102946291,0.0,False,liquidate,-0.1924168776965603,6,国债ETF;证券ETF;创新药ETF;军工ETF;半导体ETF;有色ETF,国债ETF,证券ETF;创新药ETF;军工ETF;半导体ETF;有色ETF
2024-09-11,913100.5654941439,0.0,913100.5654941439,0.0,False,liquidate,-0.19235278379796478,6,国债ETF;证券ETF;创新药ETF;军工ETF;有色ETF;半导体ETF,国债ETF,证券ETF;创新药ETF;军工ETF;有色ETF;半导体ETF
2024-09-12,913173.0337929927,0.0,913173.0337929927,0.0,False,liquidate,-0.19228868481255185,7,黄金;国债ETF;证券ETF;创新药ETF;军工ETF;有色ETF;半导体ETF,黄金;国债ETF,证券ETF;创新药ETF;军工ETF;有色ETF;半导体ETF
2024-09-13,913245.5078432938,0.0,913245.5078432938,0.0,False,liquidate,-0.19222458073991783,7,黄金;国债ETF;证券ETF;创新药ETF;军工ETF;有色ETF;半导体ETF,黄金;国债ETF,证券ETF;创新药ETF;军工ETF;有色ETF;半导体ETF
2024-09-18,913317.9876455036,0.0,913317.9876455036,0.0,False,liquidate,-0.1921604715796591,7,黄金;国债ETF;证券ETF;创新药ETF;军工ETF;有色ETF;半导体ETF,黄金;国债ETF,证券ETF;创新药ETF;军工ETF;有色ETF;半导体ETF
2024-09-19,913390.4732000787,0.0,913390.4732000787,0.0,False,liquidate,-0.19209635733137173,7,黄金;国债ETF;证券ETF;创新药ETF;军工ETF;有色ETF;半导体ETF,黄金;国债ETF,证券ETF;创新药ETF;军工ETF;有色ETF;半导体ETF
2024-09-20,913462.9645074756,0.0,913462.9645074756,0.0,False,liquidate,-0.1920322379946519,8,纳指;黄金;国债ETF;证券ETF;创新药ETF;有色ETF;军工ETF;半导体ETF,纳指;黄金;国债ETF,证券ETF;创新药ETF;有色ETF;军工ETF;半导体ETF
2024-09-23,913535.4615681509,0.0,913535.4615681509,0.0,False,liquidate,-0.19196811356909585,8,纳指;黄金;国债ETF;证券ETF;创新药ETF;有色ETF;军工ETF;半导体ETF,纳指;黄金;国债ETF,证券ETF;创新药ETF;有色ETF;军工ETF;半导体ETF
2024-09-24,913607.9643825612,0.0,913607.9643825612,0.0,False,liquidate,-0.19190398405429968,8,纳指;黄金;国债ETF;证券ETF;创新药ETF;有色ETF;军工ETF;酒ETF,纳指;黄金;国债ETF,证券ETF;创新药ETF;有色ETF;军工ETF;酒ETF
2024-09-25,913680.472951163,0.0,913680.472951163,0.0,False,liquidate,-0.19183984944985955,10,沪深300;创业板;纳指;黄金;国债ETF;证券ETF;创新药ETF;军工ETF;有色ETF;半导体ETF,沪深300;创业板;纳指;黄金;国债ETF,证券ETF;创新药ETF;军工ETF;有色ETF;半导体ETF
2024-09-26,913752.9872744131,0.0,913752.9872744131,0.0,False,liquidate,-0.19177570975537137,10,沪深300;创业板;纳指;黄金;国债ETF;证券ETF;酒ETF;创新药ETF;有色ETF;军工ETF,沪深300;创业板;纳指;黄金;国债ETF,证券ETF;酒ETF;创新药ETF;有色ETF;军工ETF
2024-09-27,913825.5073527682,0.0,913825.5073527682,0.0,False,liquidate,-0.19171156497043135,9,沪深300;创业板;黄金;国债ETF;证券ETF;酒ETF;创新药ETF;军工ETF;有色ETF,沪深300;创业板;黄金;国债ETF,证券ETF;酒ETF;创新药ETF;军工ETF;有色ETF
2024-09-30,913898.0331866852,0.0,913898.0331866852,0.0,False,liquidate,-0.19164741509463526,9,沪深300;创业板;纳指;黄金;证券ETF;酒ETF;创新药ETF;军工ETF;有色ETF,沪深300;创业板;纳指;黄金,证券ETF;酒ETF;创新药ETF;军工ETF;有色ETF
2024-10-08,913970.5647766207,0.0,913970.5647766207,0.0,False,liquidate,-0.1915832601275792,9,沪深300;创业板;纳指;黄金;证券ETF;创新药ETF;酒ETF;军工ETF;半导体ETF,沪深300;创业板;纳指;黄金,证券ETF;创新药ETF;酒ETF;军工ETF;半导体ETF
2024-10-09,914043.1021230316,0.0,914043.1021230316,0.0,False,liquidate,-0.1915191000688591,10,沪深300;创业板;纳指;黄金;国债ETF;证券ETF;半导体ETF;创新药ETF;军工ETF;酒ETF,沪深300;创业板;纳指;黄金;国债ETF,证券ETF;半导体ETF;创新药ETF;军工ETF;酒ETF
2024-10-10,914115.6452263747,0.0,914115.6452263747,0.0,False,liquidate,-0.19145493491807092,10,沪深300;创业板;纳指;黄金;国债ETF;证券ETF;半导体ETF;创新药ETF;军工ETF;酒ETF,沪深300;创业板;纳指;黄金;国债ETF,证券ETF;半导体ETF;创新药ETF;军工ETF;酒ETF
2024-10-11,914188.1940871071,0.0,914188.1940871071,0.0,False,liquidate,-0.19139076467481037,10,沪深300;创业板;纳指;黄金;国债ETF;证券ETF;半导体ETF;创新药ETF;军工ETF;酒ETF,沪深300;创业板;纳指;黄金;国债ETF,证券ETF;半导体ETF;创新药ETF;军工ETF;酒ETF
2024-10-14,914260.7487056855,0.0,914260.7487056855,0.0,False,liquidate,-0.1913265893386734,10,沪深300;创业板;纳指;黄金;国债ETF;证券ETF;半导体ETF;军工ETF;创新药ETF;酒ETF,沪深300;创业板;纳指;黄金;国债ETF,证券ETF;半导体ETF;军工ETF;创新药ETF;酒ETF
2024-10-15,914333.3090825669,0.0,914333.3090825669,0.0,False,liquidate,-0.19126240890925583,10,沪深300;创业板;纳指;黄金;国债ETF;证券ETF;半导体ETF;军工ETF;创新药ETF;酒ETF,沪深300;创业板;纳指;黄金;国债ETF,证券ETF;半导体ETF;军工ETF;创新药ETF;酒ETF
2024-10-16,914405.8752182084,0.0,914405.8752182084,0.0,False,liquidate,-0.19119822338615333,10,沪深300;创业板;纳指;黄金;国债ETF;证券ETF;半导体ETF;军工ETF;创新药ETF;酒ETF,沪深300;创业板;纳指;黄金;国债ETF,证券ETF;半导体ETF;军工ETF;创新药ETF;酒ETF
2024-10-17,914478.447113067,0.0,914478.447113067,0.0,False,liquidate,-0.19113403276896174,10,沪深300;创业板;纳指;黄金;国债ETF;证券ETF;半导体ETF;军工ETF;创新药ETF;酒ETF,沪深300;创业板;纳指;黄金;国债ETF,证券ETF;半导体ETF;军工ETF;创新药ETF;酒ETF
2024-10-18,914551.0247675999,0.0,914551.0247675999,0.0,False,liquidate,-0.19106983705727668,10,沪深300;创业板;纳指;黄金;国债ETF;证券ETF;半导体ETF;军工ETF;创新药ETF;酒ETF,沪深300;创业板;纳指;黄金;国债ETF,证券ETF;半导体ETF;军工ETF;创新药ETF;酒ETF
2024-10-21,914623.608182264,0.0,914623.608182264,0.0,False,liquidate,-0.1910056362506939,9,沪深300;创业板;黄金;国债ETF;半导体ETF;证券ETF;军工ETF;创新药ETF;有色ETF,沪深300;创业板;黄金;国债ETF,半导体ETF;证券ETF;军工ETF;创新药ETF;有色ETF
2024-10-22,914696.1973575166,0.0,914696.1973575166,0.0,False,liquidate,-0.19094143034880898,10,沪深300;创业板;纳指;黄金;国债ETF;半导体ETF;证券ETF;军工ETF;创新药ETF;酒ETF,沪深300;创业板;纳指;黄金;国债ETF,半导体ETF;证券ETF;军工ETF;创新药ETF;酒ETF
2024-10-23,914768.7922938148,0.0,914768.7922938148,0.0,False,liquidate,-0.19087721935121763,9,沪深300;创业板;黄金;国债ETF;半导体ETF;证券ETF;军工ETF;创新药ETF;酒ETF,沪深300;创业板;黄金;国债ETF,半导体ETF;证券ETF;军工ETF;创新药ETF;酒ETF
2024-10-24,914841.3929916159,0.0,914841.3929916159,0.0,False,liquidate,-0.19081300325751535,9,沪深300;创业板;黄金;国债ETF;半导体ETF;证券ETF;军工ETF;创新药ETF;酒ETF,沪深300;创业板;黄金;国债ETF,半导体ETF;证券ETF;军工ETF;创新药ETF;酒ETF
2024-10-25,914913.9994513772,0.0,914913.9994513772,0.0,False,liquidate,-0.19074878206729765,9,沪深300;创业板;黄金;国债ETF;半导体ETF;证券ETF;军工ETF;创新药ETF;酒ETF,沪深300;创业板;黄金;国债ETF,半导体ETF;证券ETF;军工ETF;创新药ETF;酒ETF
2024-10-28,914986.6116735559,0.0,914986.6116735559,0.0,False,liquidate,-0.1906845557801601,10,沪深300;创业板;纳指;黄金;国债ETF;半导体ETF;证券ETF;军工ETF;创新药ETF;酒ETF,沪深300;创业板;纳指;黄金;国债ETF,半导体ETF;证券ETF;军工ETF;创新药ETF;酒ETF
2024-10-29,915059.2296586094,0.0,915059.2296586094,0.0,False,liquidate,-0.1906203243956982,10,沪深300;创业板;纳指;黄金;国债ETF;半导体ETF;证券ETF;军工ETF;创新药ETF;酒ETF,沪深300;创业板;纳指;黄金;国债ETF,半导体ETF;证券ETF;军工ETF;创新药ETF;酒ETF
2024-10-30,915131.8534069951,0.0,915131.8534069951,0.0,False,liquidate,-0.1905560879135073,10,沪深300;创业板;纳指;黄金;国债ETF;半导体ETF;证券ETF;军工ETF;创新药ETF;有色ETF,沪深300;创业板;纳指;黄金;国债ETF,半导体ETF;证券ETF;军工ETF;创新药ETF;有色ETF
2024-10-31,915204.4829191703,0.0,915204.4829191703,0.0,False,liquidate,-0.19049184633318295,10,沪深300;创业板;纳指;黄金;国债ETF;半导体ETF;证券ETF;军工ETF;创新药ETF;有色ETF,沪深300;创业板;纳指;黄金;国债ETF,半导体ETF;证券ETF;军工ETF;创新药ETF;有色ETF
2024-11-01,915277.1181955925,0.0,915277.1181955925,0.0,False,liquidate,-0.1904275996543204,10,沪深300;创业板;纳指;黄金;国债ETF;半导体ETF;证券ETF;军工ETF;有色ETF;创新药ETF,沪深300;创业板;纳指;黄金;国债ETF,半导体ETF;证券ETF;军工ETF;有色ETF;创新药ETF
2024-11-04,915349.7592367192,0.0,915349.7592367192,0.0,False,liquidate,-0.19036334787651515,10,沪深300;创业板;纳指;黄金;国债ETF;半导体ETF;证券ETF;军工ETF;有色ETF;创新药ETF,沪深300;创业板;纳指;黄金;国债ETF,半导体ETF;证券ETF;军工ETF;有色ETF;创新药ETF
2024-11-05,915422.4060430079,0.0,915422.4060430079,0.0,False,liquidate,-0.19029909099936249,10,沪深300;创业板;纳指;黄金;国债ETF;证券ETF;军工ETF;半导体ETF;有色ETF;酒ETF,沪深300;创业板;纳指;黄金;国债ETF,证券ETF;军工ETF;半导体ETF;有色ETF;酒ETF
2024-11-06,915495.058614916,0.0,915495.058614916,0.0,False,liquidate,-0.19023482902245767,10,沪深300;创业板;纳指;黄金;国债ETF;证券ETF;半导体ETF;军工ETF;有色ETF;酒ETF,沪深300;创业板;纳指;黄金;国债ETF,证券ETF;半导体ETF;军工ETF;有色ETF;酒ETF
2024-11-07,915567.7169529014,0.0,915567.7169529014,0.0,False,liquidate,-0.19017056194539586,10,沪深300;创业板;纳指;黄金;国债ETF;证券ETF;半导体ETF;军工ETF;酒ETF;有色ETF,沪深300;创业板;纳指;黄金;国债ETF,证券ETF;半导体ETF;军工ETF;酒ETF;有色ETF
2024-11-08,915640.3810574216,0.0,915640.3810574216,0.0,False,liquidate,-0.19010628976777244,10,沪深300;创业板;纳指;黄金;国债ETF;证券ETF;半导体ETF;军工ETF;有色ETF;酒ETF,沪深300;创业板;纳指;黄金;国债ETF,证券ETF;半导体ETF;军工ETF;有色ETF;酒ETF
2024-11-11,915713.0509289341,0.0,915713.0509289341,0.0,False,liquidate,-0.19004201248918254,10,沪深300;创业板;纳指;黄金;国债ETF;半导体ETF;证券ETF;军工ETF;有色ETF;酒ETF,沪深300;创业板;纳指;黄金;国债ETF,半导体ETF;证券ETF;军工ETF;有色ETF;酒ETF
2024-11-12,915785.7265678968,0.0,915785.7265678968,0.0,False,liquidate,-0.1899777301092213,10,沪深300;创业板;纳指;黄金;国债ETF;半导体ETF;证券ETF;军工ETF;创新药ETF;酒ETF,沪深300;创业板;纳指;黄金;国债ETF,半导体ETF;证券ETF;军工ETF;创新药ETF;酒ETF
2024-11-13,915858.4079747673,0.0,915858.4079747673,0.0,False,liquidate,-0.18991344262748394,10,沪深300;创业板;纳指;黄金;国债ETF;半导体ETF;证券ETF;军工ETF;酒ETF;创新药ETF,沪深300;创业板;纳指;黄金;国债ETF,半导体ETF;证券ETF;军工ETF;酒ETF;创新药ETF
2024-11-14,915931.0951500034,0.0,915931.0951500034,0.0,False,liquidate,-0.18984915004356542,10,沪深300;创业板;纳指;黄金;国债ETF;证券ETF;半导体ETF;军工ETF;酒ETF;有色ETF,沪深300;创业板;纳指;黄金;国债ETF,证券ETF;半导体ETF;军工ETF;酒ETF;有色ETF
2024-11-15,916003.788094063,0.0,916003.788094063,0.0,False,liquidate,-0.18978485235706086,10,沪深300;创业板;纳指;黄金;国债ETF;证券ETF;半导体ETF;酒ETF;军工ETF;创新药ETF,沪深300;创业板;纳指;黄金;国债ETF,证券ETF;半导体ETF;酒ETF;军工ETF;创新药ETF
2024-11-18,916076.4868074039,0.0,916076.4868074039,0.0,False,liquidate,-0.18972054956756537,10,沪深300;创业板;纳指;黄金;国债ETF;证券ETF;半导体ETF;酒ETF;军工ETF;创新药ETF,沪深300;创业板;纳指;黄金;国债ETF,证券ETF;半导体ETF;酒ETF;军工ETF;创新药ETF
2024-11-19,916149.1912904838,0.0,916149.1912904838,0.0,False,liquidate,-0.1896562416746739,10,沪深300;创业板;纳指;黄金;国债ETF;证券ETF;半导体ETF;军工ETF;酒ETF;有色ETF,沪深300;创业板;纳指;黄金;国债ETF,证券ETF;半导体ETF;军工ETF;酒ETF;有色ETF
2024-11-20,916221.9015437609,0.0,916221.9015437609,0.0,False,liquidate,-0.18959192867798136,10,沪深300;创业板;纳指;黄金;国债ETF;证券ETF;半导体ETF;军工ETF;酒ETF;创新药ETF,沪深300;创业板;纳指;黄金;国债ETF,证券ETF;半导体ETF;军工ETF;酒ETF;创新药ETF
2024-11-21,916294.617567693,0.0,916294.617567693,0.0,False,liquidate,-0.18952761057708276,10,沪深300;创业板;纳指;黄金;国债ETF;证券ETF;半导体ETF;军工ETF;酒ETF;创新药ETF,沪深300;创业板;纳指;黄金;国债ETF,证券ETF;半导体ETF;军工ETF;酒ETF;创新药ETF
2024-11-22,916367.3393627381,0.0,916367.3393627381,0.0,False,liquidate,-0.18946328737157297,10,沪深300;创业板;纳指;黄金;国债ETF;证券ETF;半导体ETF;军工ETF;有色ETF;酒ETF,沪深300;创业板;纳指;黄金;国债ETF,证券ETF;半导体ETF;军工ETF;有色ETF;酒ETF
2024-11-25,916440.0669293542,0.0,916440.0669293542,0.0,False,liquidate,-0.18939895906104687,10,沪深300;创业板;纳指;黄金;国债ETF;证券ETF;半导体ETF;酒ETF;有色ETF;军工ETF,沪深300;创业板;纳指;黄金;国债ETF,证券ETF;半导体ETF;酒ETF;有色ETF;军工ETF
2024-11-26,916512.8002679994,0.0,916512.8002679994,0.0,False,liquidate,-0.1893346256450993,10,沪深300;创业板;纳指;黄金;国债ETF;证券ETF;半导体ETF;酒ETF;创新药ETF;有色ETF,沪深300;创业板;纳指;黄金;国债ETF,证券ETF;半导体ETF;酒ETF;创新药ETF;有色ETF
2024-11-27,916585.5393791319,0.0,916585.5393791319,0.0,False,liquidate,-0.18927028712332505,10,沪深300;创业板;纳指;黄金;国债ETF;证券ETF;半导体ETF;酒ETF;创新药ETF;军工ETF,沪深300;创业板;纳指;黄金;国债ETF,证券ETF;半导体ETF;酒ETF;创新药ETF;军工ETF
2024-11-28,916658.2842632096,0.0,916658.2842632096,0.0,False,liquidate,-0.189205943495319,10,沪深300;创业板;纳指;黄金;国债ETF;半导体ETF;证券ETF;军工ETF;酒ETF;创新药ETF,沪深300;创业板;纳指;黄金;国债ETF,半导体ETF;证券ETF;军工ETF;酒ETF;创新药ETF
2024-11-29,916731.0349206908,0.0,916731.0349206908,0.0,False,liquidate,-0.1891415947606757,8,纳指;黄金;国债ETF;半导体ETF;证券ETF;创新药ETF;酒ETF;军工ETF,纳指;黄金;国债ETF,半导体ETF;证券ETF;创新药ETF;酒ETF;军工ETF
2024-12-02,916803.7913520337,0.0,916803.7913520337,0.0,False,liquidate,-0.18907724091899006,8,纳指;黄金;国债ETF;半导体ETF;证券ETF;创新药ETF;酒ETF;军工ETF,纳指;黄金;国债ETF,半导体ETF;证券ETF;创新药ETF;酒ETF;军工ETF
2024-12-03,916876.5535576966,0.0,916876.5535576966,0.0,False,liquidate,-0.1890128819698566,9,沪深300;纳指;黄金;国债ETF;半导体ETF;证券ETF;创新药ETF;酒ETF;军工ETF,沪深300;纳指;黄金;国债ETF,半导体ETF;证券ETF;创新药ETF;酒ETF;军工ETF
2024-12-04,916949.3215381377,0.0,916949.3215381377,0.0,False,liquidate,-0.18894851791287007,8,纳指;黄金;国债ETF;半导体ETF;创新药ETF;证券ETF;军工ETF;有色ETF,纳指;黄金;国债ETF,半导体ETF;创新药ETF;证券ETF;军工ETF;有色ETF
2024-12-05,917022.0952938154,0.0,917022.0952938154,0.0,False,liquidate,-0.18888414874762505,10,沪深300;创业板;纳指;黄金;国债ETF;半导体ETF;证券ETF;创新药ETF;有色ETF;酒ETF,沪深300;创业板;纳指;黄金;国债ETF,半导体ETF;证券ETF;创新药ETF;有色ETF;酒ETF
2024-12-06,917094.874825188,0.0,917094.874825188,0.0,False,liquidate,-0.1888197744737161,10,沪深300;创业板;纳指;黄金;国债ETF;证券ETF;创新药ETF;半导体ETF;酒ETF;有色ETF,沪深300;创业板;纳指;黄金;国债ETF,证券ETF;创新药ETF;半导体ETF;酒ETF;有色ETF
2024-12-09,917167.6601327138,0.0,917167.6601327138,0.0,False,liquidate,-0.18875539509073772,10,沪深300;创业板;纳指;黄金;国债ETF;证券ETF;创新药ETF;半导体ETF;有色ETF;酒ETF,沪深300;创业板;纳指;黄金;国债ETF,证券ETF;创新药ETF;半导体ETF;有色ETF;酒ETF
2024-12-10,917240.4512168514,0.0,917240.4512168514,0.0,False,liquidate,-0.1886910105982846,10,沪深300;创业板;纳指;黄金;国债ETF;证券ETF;创新药ETF;半导体ETF;酒ETF;有色ETF,沪深300;创业板;纳指;黄金;国债ETF,证券ETF;创新药ETF;半导体ETF;酒ETF;有色ETF
2024-12-11,917313.248078059,0.0,917313.248078059,0.0,False,liquidate,-0.18862662099595115,10,沪深300;创业板;纳指;黄金;国债ETF;证券ETF;创新药ETF;半导体ETF;有色ETF;酒ETF,沪深300;创业板;纳指;黄金;国债ETF,证券ETF;创新药ETF;半导体ETF;有色ETF;酒ETF
2024-12-12,917386.0507167955,0.0,917386.0507167955,0.0,False,liquidate,-0.1885622262833317,10,沪深300;创业板;纳指;黄金;国债ETF;证券ETF;创新药ETF;半导体ETF;酒ETF;军工ETF,沪深300;创业板;纳指;黄金;国债ETF,证券ETF;创新药ETF;半导体ETF;酒ETF;军工ETF
2024-12-13,917458.8591335191,0.0,917458.8591335191,0.0,False,liquidate,-0.18849782646002078,9,沪深300;创业板;纳指;国债ETF;半导体ETF;证券ETF;创新药ETF;军工ETF;酒ETF,沪深300;创业板;纳指;国债ETF,半导体ETF;证券ETF;创新药ETF;军工ETF;酒ETF
2024-12-16,917531.6733286885,0.0,917531.6733286885,0.0,False,liquidate,-0.18843342152561282,7,纳指;国债ETF;证券ETF;创新药ETF;半导体ETF;酒ETF;军工ETF,纳指;国债ETF,证券ETF;创新药ETF;半导体ETF;酒ETF;军工ETF
2024-12-17,917604.4933027623,0.0,917604.4933027623,0.0,False,liquidate,-0.1883690114797021,7,纳指;国债ETF;证券ETF;酒ETF;半导体ETF;创新药ETF;军工ETF,纳指;国债ETF,证券ETF;酒ETF;半导体ETF;创新药ETF;军工ETF
2024-12-18,917677.319056199,0.0,917677.319056199,0.0,False,liquidate,-0.18830459632188296,9,沪深300;创业板;纳指;国债ETF;半导体ETF;证券ETF;酒ETF;创新药ETF;军工ETF,沪深300;创业板;纳指;国债ETF,半导体ETF;证券ETF;酒ETF;创新药ETF;军工ETF
2024-12-19,917750.1505894575,0.0,917750.1505894575,0.0,False,liquidate,-0.18824017605174978,7,纳指;国债ETF;半导体ETF;证券ETF;酒ETF;军工ETF;创新药ETF,纳指;国债ETF,半导体ETF;证券ETF;酒ETF;军工ETF;创新药ETF
2024-12-20,917822.9879029964,0.0,917822.9879029964,0.0,False,liquidate,-0.18817575066889672,7,纳指;国债ETF;半导体ETF;证券ETF;军工ETF;酒ETF;创新药ETF,纳指;国债ETF,半导体ETF;证券ETF;军工ETF;酒ETF;创新药ETF
2024-12-23,917895.8309972744,0.0,917895.8309972744,0.0,False,liquidate,-0.18811132017291807,9,沪深300;创业板;纳指;国债ETF;半导体ETF;证券ETF;军工ETF;创新药ETF;酒ETF,沪深300;创业板;纳指;国债ETF,半导体ETF;证券ETF;军工ETF;创新药ETF;酒ETF
2024-12-24,917968.6798727504,0.0,917968.6798727504,0.0,False,liquidate,-0.1880468845634079,9,沪深300;创业板;纳指;国债ETF;半导体ETF;证券ETF;军工ETF;酒ETF;创新药ETF,沪深300;创业板;纳指;国债ETF,半导体ETF;证券ETF;军工ETF;酒ETF;创新药ETF
2024-12-25,918041.5345298832,0.0,918041.5345298832,0.0,False,liquidate,-0.18798244383996054,9,沪深300;创业板;纳指;国债ETF;半导体ETF;证券ETF;军工ETF;创新药ETF;酒ETF,沪深300;创业板;纳指;国债ETF,半导体ETF;证券ETF;军工ETF;创新药ETF;酒ETF
2024-12-26,918114.3949691317,0.0,918114.3949691317,0.0,False,liquidate,-0.18791799800217,9,沪深300;创业板;纳指;国债ETF;半导体ETF;证券ETF;军工ETF;酒ETF;创新药ETF,沪深300;创业板;纳指;国债ETF,半导体ETF;证券ETF;军工ETF;酒ETF;创新药ETF
2024-12-27,918187.2611909547,0.0,918187.2611909547,0.0,False,liquidate,-0.1878535470496304,9,沪深300;创业板;纳指;国债ETF;半导体ETF;军工ETF;证券ETF;酒ETF;创新药ETF,沪深300;创业板;纳指;国债ETF,半导体ETF;军工ETF;证券ETF;酒ETF;创新药ETF
2024-12-30,918260.1331958112,0.0,918260.1331958112,0.0,False,liquidate,-0.18778909098193589,7,纳指;国债ETF;半导体ETF;证券ETF;军工ETF;酒ETF;有色ETF,纳指;国债ETF,半导体ETF;证券ETF;军工ETF;酒ETF;有色ETF
2024-12-31,918333.0109841601,0.0,918333.0109841601,0.0,False,liquidate,-0.18772462979868043,7,纳指;国债ETF;半导体ETF;军工ETF;证券ETF;酒ETF;创新药ETF,纳指;国债ETF,半导体ETF;军工ETF;证券ETF;酒ETF;创新药ETF
2025-01-02,918405.8945564604,0.0,918405.8945564604,0.0,False,liquidate,-0.18766016349945813,8,纳指;黄金;国债ETF;半导体ETF;军工ETF;酒ETF;有色ETF;证券ETF,纳指;黄金;国债ETF,半导体ETF;军工ETF;酒ETF;有色ETF;证券ETF
2025-01-03,918478.7839131713,0.0,918478.7839131713,0.0,False,liquidate,-0.18759569208386284,8,纳指;黄金;国债ETF;半导体ETF;有色ETF;酒ETF;军工ETF;创新药ETF,纳指;黄金;国债ETF,半导体ETF;有色ETF;酒ETF;军工ETF;创新药ETF
2025-01-06,918551.6790547518,0.0,918551.6790547518,0.0,False,liquidate,-0.18753121555148847,8,纳指;黄金;国债ETF;半导体ETF;有色ETF;军工ETF;创新药ETF;证券ETF,纳指;黄金;国债ETF,半导体ETF;有色ETF;军工ETF;创新药ETF;证券ETF
2025-01-07,918624.5799816609,0.0,918624.5799816609,0.0,False,liquidate,-0.187466733901929,8,纳指;黄金;国债ETF;半导体ETF;有色ETF;军工ETF;证券ETF;酒ETF,纳指;黄金;国债ETF,半导体ETF;有色ETF;军工ETF;证券ETF;酒ETF
2025-01-08,918697.4866943579,0.0,918697.4866943579,0.0,False,liquidate,-0.18740224713477832,8,纳指;黄金;国债ETF;半导体ETF;有色ETF;军工ETF;证券ETF;酒ETF,纳指;黄金;国债ETF,半导体ETF;有色ETF;军工ETF;证券ETF;酒ETF
2025-01-09,918770.399193302,0.0,918770.399193302,0.0,False,liquidate,-0.1873377552496302,8,纳指;黄金;国债ETF;半导体ETF;有色ETF;军工ETF;证券ETF;酒ETF,纳指;黄金;国债ETF,半导体ETF;有色ETF;军工ETF;证券ETF;酒ETF
2025-01-10,918843.3174789523,0.0,918843.3174789523,0.0,False,liquidate,-0.18727325824607854,8,纳指;黄金;国债ETF;半导体ETF;有色ETF;军工ETF;酒ETF;创新药ETF,纳指;黄金;国债ETF,半导体ETF;有色ETF;军工ETF;酒ETF;创新药ETF
2025-01-13,918916.2415517682,0.0,918916.2415517682,0.0,False,liquidate,-0.1872087561237171,8,纳指;黄金;国债ETF;半导体ETF;有色ETF;酒ETF;证券ETF;军工ETF,纳指;黄金;国债ETF,半导体ETF;有色ETF;酒ETF;证券ETF;军工ETF
2025-01-14,918989.1714122088,0.0,918989.1714122088,0.0,False,liquidate,-0.18714424888213957,8,纳指;黄金;国债ETF;半导体ETF;有色ETF;军工ETF;证券ETF;酒ETF,纳指;黄金;国债ETF,半导体ETF;有色ETF;军工ETF;证券ETF;酒ETF
2025-01-15,919062.1070607336,0.0,919062.1070607336,0.0,False,liquidate,-0.18707973652093973,8,纳指;黄金;国债ETF;半导体ETF;有色ETF;证券ETF;军工ETF;酒ETF,纳指;黄金;国债ETF,半导体ETF;有色ETF;证券ETF;军工ETF;酒ETF
2025-01-16,919135.048497802,0.0,919135.048497802,0.0,False,liquidate,-0.18701521903971116,8,纳指;黄金;国债ETF;有色ETF;半导体ETF;证券ETF;酒ETF;军工ETF,纳指;黄金;国债ETF,有色ETF;半导体ETF;证券ETF;酒ETF;军工ETF
2025-01-17,919207.9957238733,0.0,919207.9957238733,0.0,False,liquidate,-0.18695069643804765,8,纳指;黄金;国债ETF;有色ETF;半导体ETF;酒ETF;证券ETF;军工ETF,纳指;黄金;国债ETF,有色ETF;半导体ETF;酒ETF;证券ETF;军工ETF
2025-01-20,919280.9487394069,0.0,919280.9487394069,0.0,False,liquidate,-0.18688616871554276,8,纳指;黄金;国债ETF;半导体ETF;有色ETF;军工ETF;创新药ETF;证券ETF,纳指;黄金;国债ETF,半导体ETF;有色ETF;军工ETF;创新药ETF;证券ETF
2025-01-21,919353.9075448625,0.0,919353.9075448625,0.0,False,liquidate,-0.18682163587178993,8,纳指;黄金;国债ETF;半导体ETF;有色ETF;军工ETF;创新药ETF;证券ETF,纳指;黄金;国债ETF,半导体ETF;有色ETF;军工ETF;创新药ETF;证券ETF
2025-01-22,919426.8721406994,0.0,919426.8721406994,0.0,False,liquidate,-0.1867570979063829,8,纳指;黄金;国债ETF;半导体ETF;有色ETF;创新药ETF;证券ETF;军工ETF,纳指;黄金;国债ETF,半导体ETF;有色ETF;创新药ETF;证券ETF;军工ETF
2025-01-23,919499.8425273773,0.0,919499.8425273773,0.0,False,liquidate,-0.1866925548189151,8,纳指;黄金;国债ETF;有色ETF;半导体ETF;创新药ETF;酒ETF;证券ETF,纳指;黄金;国债ETF,有色ETF;半导体ETF;创新药ETF;酒ETF;证券ETF
2025-01-24,919572.8187053557,0.0,919572.8187053557,0.0,False,liquidate,-0.18662800660898002,8,纳指;黄金;国债ETF;半导体ETF;有色ETF;创新药ETF;证券ETF;军工ETF,纳指;黄金;国债ETF,半导体ETF;有色ETF;创新药ETF;证券ETF;军工ETF
2025-01-27,919645.8006750944,0.0,919645.8006750944,0.0,False,liquidate,-0.18656345327617113,8,纳指;黄金;国债ETF;有色ETF;半导体ETF;创新药ETF;军工ETF;酒ETF,纳指;黄金;国债ETF,有色ETF;半导体ETF;创新药ETF;军工ETF;酒ETF
2025-02-05,919718.7884370527,0.0,919718.7884370527,0.0,False,liquidate,-0.1864988948200819,8,纳指;黄金;国债ETF;半导体ETF;有色ETF;创新药ETF;军工ETF;证券ETF,纳指;黄金;国债ETF,半导体ETF;有色ETF;创新药ETF;军工ETF;证券ETF
2025-02-06,919791.7819916906,0.0,919791.7819916906,0.0,False,liquidate,-0.1864343312403057,8,纳指;黄金;国债ETF;半导体ETF;有色ETF;创新药ETF;军工ETF;证券ETF,纳指;黄金;国债ETF,半导体ETF;有色ETF;创新药ETF;军工ETF;证券ETF
2025-02-07,919864.7813394677,0.0,919864.7813394677,0.0,False,liquidate,-0.1863697625364359,8,纳指;黄金;国债ETF;半导体ETF;有色ETF;军工ETF;创新药ETF;证券ETF,纳指;黄金;国债ETF,半导体ETF;有色ETF;军工ETF;创新药ETF;证券ETF
2025-02-10,919937.7864808439,0.0,919937.7864808439,0.0,False,liquidate,-0.18630518870806576,8,纳指;黄金;国债ETF;半导体ETF;有色ETF;军工ETF;创新药ETF;证券ETF,纳指;黄金;国债ETF,半导体ETF;有色ETF;军工ETF;创新药ETF;证券ETF
2025-02-11,920010.797416279,0.0,920010.797416279,0.0,False,liquidate,-0.18624060975478854,7,黄金;国债ETF;半导体ETF;有色ETF;创新药ETF;军工ETF;证券ETF,黄金;国债ETF,半导体ETF;有色ETF;创新药ETF;军工ETF;证券ETF
2025-02-12,920083.8141462327,0.0,920083.8141462327,0.0,False,liquidate,-0.18617602567619762,8,纳指;黄金;国债ETF;半导体ETF;有色ETF;军工ETF;创新药ETF;证券ETF,纳指;黄金;国债ETF,半导体ETF;有色ETF;军工ETF;创新药ETF;证券ETF
2025-02-13,920156.836671165,0.0,920156.836671165,0.0,False,liquidate,-0.18611143647188616,8,纳指;黄金;国债ETF;半导体ETF;有色ETF;创新药ETF;证券ETF;军工ETF,纳指;黄金;国债ETF,半导体ETF;有色ETF;创新药ETF;证券ETF;军工ETF
2025-02-14,920229.8649915358,0.0,920229.8649915358,0.0,False,liquidate,-0.18604684214144734,8,纳指;黄金;国债ETF;半导体ETF;有色ETF;创新药ETF;证券ETF;军工ETF,纳指;黄金;国债ETF,半导体ETF;有色ETF;创新药ETF;证券ETF;军工ETF
2025-02-17,920302.899107805,0.0,920302.899107805,0.0,False,liquidate,-0.1859822426844744,8,沪深300;纳指;黄金;半导体ETF;创新药ETF;证券ETF;军工ETF;有色ETF,沪深300;纳指;黄金,半导体ETF;创新药ETF;证券ETF;军工ETF;有色ETF
2025-02-18,920375.9390204326,0.0,920375.9390204326,0.0,False,liquidate,-0.18591763810056042,7,沪深300;黄金;半导体ETF;创新药ETF;有色ETF;军工ETF;证券ETF,沪深300;黄金,半导体ETF;创新药ETF;有色ETF;军工ETF;证券ETF
2025-02-19,920448.9847298787,0.0,920448.9847298787,0.0,False,liquidate,-0.18585302838929857,8,沪深300;创业板;黄金;半导体ETF;创新药ETF;军工ETF;有色ETF;证券ETF,沪深300;创业板;黄金,半导体ETF;创新药ETF;军工ETF;有色ETF;证券ETF
2025-02-20,920522.0362366034,0.0,920522.0362366034,0.0,False,liquidate,-0.18578841355028178,7,创业板;黄金;半导体ETF;创新药ETF;军工ETF;有色ETF;证券ETF,创业板;黄金,半导体ETF;创新药ETF;军工ETF;有色ETF;证券ETF
2025-02-21,920595.0935410666,0.0,920595.0935410666,0.0,False,liquidate,-0.1857237935831032,8,沪深300;创业板;黄金;半导体ETF;创新药ETF;军工ETF;证券ETF;有色ETF,沪深300;创业板;黄金,半导体ETF;创新药ETF;军工ETF;证券ETF;有色ETF
2025-02-24,920668.1566437286,0.0,920668.1566437286,0.0,False,liquidate,-0.18565916848735584,8,沪深300;创业板;黄金;半导体ETF;创新药ETF;军工ETF;证券ETF;有色ETF,沪深300;创业板;黄金,半导体ETF;创新药ETF;军工ETF;证券ETF;有色ETF
2025-02-25,920741.2255450495,0.0,920741.2255450495,0.0,False,liquidate,-0.18559453826263264,7,创业板;黄金;半导体ETF;创新药ETF;军工ETF;证券ETF;有色ETF,创业板;黄金,半导体ETF;创新药ETF;军工ETF;证券ETF;有色ETF
2025-02-26,920814.3002454897,0.0,920814.3002454897,0.0,False,liquidate,-0.18552990290852642,7,创业板;黄金;半导体ETF;创新药ETF;军工ETF;证券ETF;酒ETF,创业板;黄金,半导体ETF;创新药ETF;军工ETF;证券ETF;酒ETF
2025-02-27,920887.3807455092,0.0,920887.3807455092,0.0,False,liquidate,-0.18546526242463027,7,创业板;黄金;半导体ETF;创新药ETF;军工ETF;酒ETF;证券ETF,创业板;黄金,半导体ETF;创新药ETF;军工ETF;酒ETF;证券ETF
2025-02-28,920960.4670455684,0.0,920960.4670455684,0.0,False,liquidate,-0.18540061681053693,6,黄金;半导体ETF;创新药ETF;酒ETF;军工ETF;有色ETF,黄金,半导体ETF;创新药ETF;酒ETF;军工ETF;有色ETF
2025-03-03,921033.5591461277,0.0,921033.5591461277,0.0,False,liquidate,-0.18533596606583927,6,黄金;半导体ETF;创新药ETF;酒ETF;有色ETF;军工ETF,黄金,半导体ETF;创新药ETF;酒ETF;有色ETF;军工ETF
2025-03-04,921106.6570476473,0.0,921106.6570476473,0.0,False,liquidate,-0.18527131019013016,6,黄金;半导体ETF;创新药ETF;军工ETF;酒ETF;有色ETF,黄金,半导体ETF;创新药ETF;军工ETF;酒ETF;有色ETF
2025-03-05,921179.7607505876,0.0,921179.7607505876,0.0,False,liquidate,-0.1852066491830024,7,创业板;黄金;半导体ETF;酒ETF;创新药ETF;军工ETF;有色ETF,创业板;黄金,半导体ETF;酒ETF;创新药ETF;军工ETF;有色ETF
2025-03-06,921252.870255409,0.0,921252.870255409,0.0,False,liquidate,-0.18514198304404866,8,沪深300;创业板;黄金;半导体ETF;创新药ETF;酒ETF;军工ETF;有色ETF,沪深300;创业板;黄金,半导体ETF;创新药ETF;酒ETF;军工ETF;有色ETF
2025-03-07,921325.9855625723,0.0,921325.9855625723,0.0,False,liquidate,-0.1850773117728616,8,沪深300;创业板;黄金;半导体ETF;酒ETF;军工ETF;有色ETF;创新药ETF,沪深300;创业板;黄金,半导体ETF;酒ETF;军工ETF;有色ETF;创新药ETF
2025-03-10,921399.1066725376,0.0,921399.1066725376,0.0,False,liquidate,-0.18501263536903398,8,沪深300;创业板;黄金;半导体ETF;酒ETF;军工ETF;有色ETF;创新药ETF,沪深300;创业板;黄金,半导体ETF;酒ETF;军工ETF;有色ETF;创新药ETF
2025-03-11,921472.2335857657,0.0,921472.2335857657,0.0,False,liquidate,-0.1849479538321584,8,沪深300;创业板;黄金;半导体ETF;酒ETF;军工ETF;有色ETF;创新药ETF,沪深300;创业板;黄金,半导体ETF;酒ETF;军工ETF;有色ETF;创新药ETF
2025-03-12,921545.366302717,0.0,921545.366302717,0.0,False,liquidate,-0.18488326716182757,8,沪深300;创业板;黄金;半导体ETF;军工ETF;有色ETF;酒ETF;创新药ETF,沪深300;创业板;黄金,半导体ETF;军工ETF;有色ETF;酒ETF;创新药ETF
2025-03-13,921618.5048238522,0.0,921618.5048238522,0.0,False,liquidate,-0.18481857535763402,8,沪深300;创业板;黄金;军工ETF;半导体ETF;有色ETF;酒ETF;创新药ETF,沪深300;创业板;黄金,军工ETF;半导体ETF;有色ETF;酒ETF;创新药ETF
2025-03-14,921691.649149632,0.0,921691.649149632,0.0,False,liquidate,-0.18475387841917026,8,沪深300;创业板;黄金;有色ETF;半导体ETF;酒ETF;军工ETF;创新药ETF,沪深300;创业板;黄金,有色ETF;半导体ETF;酒ETF;军工ETF;创新药ETF
2025-03-17,921764.7992805169,0.0,921764.7992805169,0.0,False,liquidate,-0.18468917634602888,8,沪深300;创业板;黄金;酒ETF;半导体ETF;有色ETF;军工ETF;创新药ETF,沪深300;创业板;黄金,酒ETF;半导体ETF;有色ETF;军工ETF;创新药ETF
2025-03-18,921837.9552169678,0.0,921837.9552169678,0.0,False,liquidate,-0.18462446913780228,8,沪深300;创业板;黄金;有色ETF;酒ETF;军工ETF;半导体ETF;创新药ETF,沪深300;创业板;黄金,有色ETF;酒ETF;军工ETF;半导体ETF;创新药ETF
2025-03-19,921911.1169594454,0.0,921911.1169594454,0.0,False,liquidate,-0.18455975679408304,8,沪深300;创业板;黄金;有色ETF;酒ETF;半导体ETF;军工ETF;创新药ETF,沪深300;创业板;黄金,有色ETF;酒ETF;半导体ETF;军工ETF;创新药ETF
2025-03-20,921984.2845084105,0.0,921984.2845084105,0.0,False,liquidate,-0.18449503931446348,8,沪深300;创业板;黄金;有色ETF;酒ETF;军工ETF;半导体ETF;创新药ETF,沪深300;创业板;黄金,有色ETF;酒ETF;军工ETF;半导体ETF;创新药ETF
2025-03-21,922057.4578643239,0.0,922057.4578643239,0.0,False,liquidate,-0.18443031669853605,8,沪深300;创业板;黄金;有色ETF;军工ETF;酒ETF;创新药ETF;半导体ETF,沪深300;创业板;黄金,有色ETF;军工ETF;酒ETF;创新药ETF;半导体ETF
2025-03-24,922130.6370276464,0.0,922130.6370276464,0.0,False,liquidate,-0.18436558894589308,8,沪深300;创业板;黄金;有色ETF;酒ETF;军工ETF;创新药ETF;半导体ETF,沪深300;创业板;黄金,有色ETF;酒ETF;军工ETF;创新药ETF;半导体ETF
2025-03-25,922203.8219988392,0.0,922203.8219988392,0.0,False,liquidate,-0.18430085605612684,8,沪深300;创业板;黄金;有色ETF;酒ETF;军工ETF;创新药ETF;半导体ETF,沪深300;创业板;黄金,有色ETF;酒ETF;军工ETF;创新药ETF;半导体ETF
2025-03-26,922277.012778363,0.0,922277.012778363,0.0,False,liquidate,-0.1842361180288296,8,沪深300;创业板;黄金;有色ETF;酒ETF;军工ETF;创新药ETF;半导体ETF,沪深300;创业板;黄金,有色ETF;酒ETF;军工ETF;创新药ETF;半导体ETF
2025-03-27,922350.2093666787,0.0,922350.2093666787,0.0,False,liquidate,-0.18417137486359378,8,沪深300;创业板;黄金;有色ETF;创新药ETF;酒ETF;军工ETF;半导体ETF,沪深300;创业板;黄金,有色ETF;创新药ETF;酒ETF;军工ETF;半导体ETF
2025-03-28,922423.4117642476,0.0,922423.4117642476,0.0,False,liquidate,-0.18410662656001148,8,沪深300;创业板;黄金;有色ETF;创新药ETF;酒ETF;军工ETF;证券ETF,沪深300;创业板;黄金,有色ETF;创新药ETF;酒ETF;军工ETF;证券ETF
2025-03-31,922496.6199715305,0.0,922496.6199715305,0.0,False,liquidate,-0.18404187311767492,8,沪深300;创业板;黄金;有色ETF;创新药ETF;酒ETF;军工ETF;半导体ETF,沪深300;创业板;黄金,有色ETF;创新药ETF;酒ETF;军工ETF;半导体ETF
2025-04-01,922569.8339889887,0.0,922569.8339889887,0.0,False,liquidate,-0.18397711453617624,8,沪深300;创业板;黄金;创新药ETF;有色ETF;酒ETF;军工ETF;半导体ETF,沪深300;创业板;黄金,创新药ETF;有色ETF;酒ETF;军工ETF;半导体ETF
2025-04-02,922643.053817083,0.0,922643.053817083,0.0,False,liquidate,-0.1839123508151077,7,沪深300;黄金;创新药ETF;有色ETF;酒ETF;军工ETF;半导体ETF,沪深300;黄金,创新药ETF;有色ETF;酒ETF;军工ETF;半导体ETF
2025-04-03,922716.2794562749,0.0,922716.2794562749,0.0,False,liquidate,-0.1838475819540612,6,黄金;创新药ETF;有色ETF;酒ETF;半导体ETF;军工ETF,黄金,创新药ETF;有色ETF;酒ETF;半导体ETF;军工ETF
2025-04-07,922789.5109070254,0.0,922789.5109070254,0.0,False,liquidate,-0.183782807952629,6,黄金;创新药ETF;酒ETF;有色ETF;半导体ETF;军工ETF,黄金,创新药ETF;酒ETF;有色ETF;半导体ETF;军工ETF
2025-04-08,922862.7481697958,0.0,922862.7481697958,0.0,False,liquidate,-0.18371802881040297,6,黄金;酒ETF;创新药ETF;有色ETF;军工ETF;半导体ETF,黄金,酒ETF;创新药ETF;有色ETF;军工ETF;半导体ETF
2025-04-09,922935.9912450474,0.0,922935.9912450474,0.0,False,liquidate,-0.18365324452697523,6,黄金;酒ETF;创新药ETF;军工ETF;半导体ETF;有色ETF,黄金,酒ETF;创新药ETF;军工ETF;半导体ETF;有色ETF
2025-04-10,923009.2401332415,0.0,923009.2401332415,0.0,False,liquidate,-0.18358845510193766,7,黄金;国债ETF;酒ETF;创新药ETF;军工ETF;有色ETF;半导体ETF,黄金;国债ETF,酒ETF;创新药ETF;军工ETF;有色ETF;半导体ETF
2025-04-11,923082.4948348395,0.0,923082.4948348395,0.0,False,liquidate,-0.18352366053488217,7,黄金;国债ETF;创新药ETF;半导体ETF;酒ETF;军工ETF;有色ETF,黄金;国债ETF,创新药ETF;半导体ETF;酒ETF;军工ETF;有色ETF
2025-04-14,923155.7553503026,0.0,923155.7553503026,0.0,False,liquidate,-0.18345886082540083,7,黄金;国债ETF;创新药ETF;半导体ETF;酒ETF;有色ETF;军工ETF,黄金;国债ETF,创新药ETF;半导体ETF;酒ETF;有色ETF;军工ETF
2025-04-15,923229.0216800923,0.0,923229.0216800923,0.0,False,liquidate,-0.18339405597308533,7,黄金;国债ETF;创新药ETF;酒ETF;半导体ETF;军工ETF;有色ETF,黄金;国债ETF,创新药ETF;酒ETF;半导体ETF;军工ETF;有色ETF
2025-04-16,923302.2938246701,0.0,923302.2938246701,0.0,False,liquidate,-0.18332924597752762,7,黄金;国债ETF;创新药ETF;酒ETF;半导体ETF;有色ETF;军工ETF,黄金;国债ETF,创新药ETF;酒ETF;半导体ETF;有色ETF;军工ETF
2025-04-17,923375.5717844976,0.0,923375.5717844976,0.0,False,liquidate,-0.1832644308383194,7,黄金;国债ETF;酒ETF;创新药ETF;半导体ETF;有色ETF;军工ETF,黄金;国债ETF,酒ETF;创新药ETF;半导体ETF;有色ETF;军工ETF
2025-04-18,923448.855560036,0.0,923448.855560036,0.0,False,liquidate,-0.1831996105550526,7,黄金;国债ETF;酒ETF;创新药ETF;半导体ETF;有色ETF;军工ETF,黄金;国债ETF,酒ETF;创新药ETF;半导体ETF;有色ETF;军工ETF
2025-04-21,923522.1451517472,0.0,923522.1451517472,0.0,False,liquidate,-0.18313478512731887,7,黄金;国债ETF;创新药ETF;半导体ETF;酒ETF;有色ETF;军工ETF,黄金;国债ETF,创新药ETF;半导体ETF;酒ETF;有色ETF;军工ETF
2025-04-22,923595.4405600926,0.0,923595.4405600926,0.0,False,liquidate,-0.1830699545547099,7,黄金;国债ETF;创新药ETF;半导体ETF;酒ETF;有色ETF;军工ETF,黄金;国债ETF,创新药ETF;半导体ETF;酒ETF;有色ETF;军工ETF
2025-04-23,923668.7417855338,0.0,923668.7417855338,0.0,False,liquidate,-0.18300511883681742,7,黄金;国债ETF;创新药ETF;半导体ETF;酒ETF;有色ETF;军工ETF,黄金;国债ETF,创新药ETF;半导体ETF;酒ETF;有色ETF;军工ETF
2025-04-24,923742.0488285327,0.0,923742.0488285327,0.0,False,liquidate,-0.18294027797323303,7,黄金;国债ETF;创新药ETF;半导体ETF;酒ETF;有色ETF;军工ETF,黄金;国债ETF,创新药ETF;半导体ETF;酒ETF;有色ETF;军工ETF
2025-04-25,923815.3616895509,0.0,923815.3616895509,0.0,False,liquidate,-0.18287543196354827,7,黄金;国债ETF;半导体ETF;创新药ETF;酒ETF;有色ETF;军工ETF,黄金;国债ETF,半导体ETF;创新药ETF;酒ETF;有色ETF;军工ETF
2025-04-28,923888.6803690501,0.0,923888.6803690501,0.0,False,liquidate,-0.18281058080735488,7,黄金;国债ETF;半导体ETF;创新药ETF;酒ETF;军工ETF;有色ETF,黄金;国债ETF,半导体ETF;创新药ETF;酒ETF;军工ETF;有色ETF
2025-04-29,923962.0048674921,0.0,923962.0048674921,0.0,False,liquidate,-0.18274572450424434,7,黄金;国债ETF;半导体ETF;酒ETF;创新药ETF;有色ETF;军工ETF,黄金;国债ETF,半导体ETF;酒ETF;创新药ETF;有色ETF;军工ETF
2025-04-30,924035.3351853387,0.0,924035.3351853387,0.0,False,liquidate,-0.18268086305380818,7,黄金;国债ETF;半导体ETF;创新药ETF;酒ETF;军工ETF;有色ETF,黄金;国债ETF,半导体ETF;创新药ETF;酒ETF;军工ETF;有色ETF
2025-05-06,924108.6713230519,0.0,924108.6713230519,0.0,False,liquidate,-0.1826159964556378,7,黄金;国债ETF;半导体ETF;创新药ETF;有色ETF;酒ETF;军工ETF,黄金;国债ETF,半导体ETF;创新药ETF;有色ETF;酒ETF;军工ETF
2025-05-07,924182.0132810934,0.0,924182.0132810934,0.0,False,liquidate,-0.18255112470932475,7,黄金;国债ETF;军工ETF;半导体ETF;有色ETF;创新药ETF;酒ETF,黄金;国债ETF,军工ETF;半导体ETF;有色ETF;创新药ETF;酒ETF
2025-05-08,924255.3610599253,0.0,924255.3610599253,0.0,False,liquidate,-0.1824862478144604,7,黄金;国债ETF;军工ETF;半导体ETF;创新药ETF;有色ETF;酒ETF,黄金;国债ETF,军工ETF;半导体ETF;创新药ETF;有色ETF;酒ETF
2025-05-09,924328.7146600095,0.0,924328.7146600095,0.0,False,liquidate,-0.18242136577063608,8,纳指;黄金;国债ETF;创新药ETF;有色ETF;军工ETF;半导体ETF;酒ETF,纳指;黄金;国债ETF,创新药ETF;有色ETF;军工ETF;半导体ETF;酒ETF
2025-05-12,924402.074081808,0.0,924402.074081808,0.0,False,liquidate,-0.1823564785774432,8,纳指;黄金;国债ETF;军工ETF;有色ETF;创新药ETF;半导体ETF;酒ETF,纳指;黄金;国债ETF,军工ETF;有色ETF;创新药ETF;半导体ETF;酒ETF
2025-05-13,924475.4393257828,0.0,924475.4393257828,0.0,False,liquidate,-0.18229158623447309,8,纳指;黄金;国债ETF;军工ETF;创新药ETF;有色ETF;酒ETF;证券ETF,纳指;黄金;国债ETF,军工ETF;创新药ETF;有色ETF;酒ETF;证券ETF
2025-05-14,924548.8103923961,0.0,924548.8103923961,0.0,False,liquidate,-0.182226688741317,8,纳指;黄金;国债ETF;军工ETF;创新药ETF;证券ETF;有色ETF;酒ETF,纳指;黄金;国债ETF,军工ETF;创新药ETF;证券ETF;有色ETF;酒ETF
2025-05-15,924622.1872821097,0.0,924622.1872821097,0.0,False,liquidate,-0.1821617860975663,8,纳指;黄金;国债ETF;创新药ETF;军工ETF;有色ETF;证券ETF;酒ETF,纳指;黄金;国债ETF,创新药ETF;军工ETF;有色ETF;证券ETF;酒ETF
2025-05-16,924695.5699953862,0.0,924695.5699953862,0.0,False,liquidate,-0.1820968783028121,8,纳指;黄金;国债ETF;创新药ETF;军工ETF;有色ETF;证券ETF;酒ETF,纳指;黄金;国债ETF,创新药ETF;军工ETF;有色ETF;证券ETF;酒ETF
2025-05-19,924768.9585326874,0.0,924768.9585326874,0.0,False,liquidate,-0.18203196535664565,8,纳指;黄金;国债ETF;创新药ETF;军工ETF;有色ETF;证券ETF;酒ETF,纳指;黄金;国债ETF,创新药ETF;军工ETF;有色ETF;证券ETF;酒ETF
2025-05-20,924842.3528944758,0.0,924842.3528944758,0.0,False,liquidate,-0.181967047258658,8,纳指;黄金;国债ETF;创新药ETF;军工ETF;有色ETF;证券ETF;酒ETF,纳指;黄金;国债ETF,创新药ETF;军工ETF;有色ETF;证券ETF;酒ETF
2025-05-21,924915.7530812135,0.0,924915.7530812135,0.0,False,liquidate,-0.18190212400844044,9,沪深300;纳指;黄金;国债ETF;创新药ETF;有色ETF;军工ETF;证券ETF;酒ETF,沪深300;纳指;黄金;国债ETF,创新药ETF;有色ETF;军工ETF;证券ETF;酒ETF
2025-05-22,924989.1590933627,0.0,924989.1590933627,0.0,False,liquidate,-0.18183719560558398,8,纳指;黄金;国债ETF;创新药ETF;军工ETF;有色ETF;证券ETF;酒ETF,纳指;黄金;国债ETF,创新药ETF;军工ETF;有色ETF;证券ETF;酒ETF
2025-05-23,925062.5709313861,0.0,925062.5709313861,0.0,False,liquidate,-0.1817722620496796,8,纳指;黄金;国债ETF;创新药ETF;有色ETF;军工ETF;酒ETF;证券ETF,纳指;黄金;国债ETF,创新药ETF;有色ETF;军工ETF;酒ETF;证券ETF
2025-05-26,925135.9885957458,0.0,925135.9885957458,0.0,False,liquidate,-0.18170732334031842,8,纳指;黄金;国债ETF;创新药ETF;有色ETF;军工ETF;证券ETF;酒ETF,纳指;黄金;国债ETF,创新药ETF;有色ETF;军工ETF;证券ETF;酒ETF
2025-05-27,925209.4120869042,0.0,925209.4120869042,0.0,False,liquidate,-0.18164237947709147,8,纳指;黄金;国债ETF;创新药ETF;军工ETF;有色ETF;证券ETF;酒ETF,纳指;黄金;国债ETF,创新药ETF;军工ETF;有色ETF;证券ETF;酒ETF
2025-05-28,925282.8414053238,0.0,925282.8414053238,0.0,False,liquidate,-0.18157743045958957,8,纳指;黄金;国债ETF;创新药ETF;军工ETF;有色ETF;证券ETF;酒ETF,纳指;黄金;国债ETF,创新药ETF;军工ETF;有色ETF;证券ETF;酒ETF
2025-05-29,925356.2765514671,0.0,925356.2765514671,0.0,False,liquidate,-0.1815124762874038,8,纳指;黄金;国债ETF;创新药ETF;军工ETF;有色ETF;证券ETF;酒ETF,纳指;黄金;国债ETF,创新药ETF;军工ETF;有色ETF;证券ETF;酒ETF
2025-05-30,925429.7175257966,0.0,925429.7175257966,0.0,False,liquidate,-0.18144751696012504,8,纳指;黄金;国债ETF;创新药ETF;军工ETF;有色ETF;证券ETF;酒ETF,纳指;黄金;国债ETF,创新药ETF;军工ETF;有色ETF;证券ETF;酒ETF
2025-06-03,925503.1643287749,0.0,925503.1643287749,0.0,False,liquidate,-0.18138255247734406,8,纳指;黄金;国债ETF;创新药ETF;军工ETF;有色ETF;证券ETF;酒ETF,纳指;黄金;国债ETF,创新药ETF;军工ETF;有色ETF;证券ETF;酒ETF
2025-06-04,925576.6169608645,0.0,925576.6169608645,0.0,False,liquidate,-0.18131758283865174,9,沪深300;纳指;黄金;国债ETF;创新药ETF;有色ETF;军工ETF;证券ETF;酒ETF,沪深300;纳指;黄金;国债ETF,创新药ETF;有色ETF;军工ETF;证券ETF;酒ETF
2025-06-05,925650.0754225281,0.0,925650.0754225281,0.0,False,liquidate,-0.18125260804363894,10,沪深300;创业板;纳指;黄金;国债ETF;创新药ETF;有色ETF;证券ETF;军工ETF;酒ETF,沪深300;创业板;纳指;黄金;国债ETF,创新药ETF;有色ETF;证券ETF;军工ETF;酒ETF
2025-06-06,925723.5397142284,0.0,925723.5397142284,0.0,False,liquidate,-0.18118762809189629,10,沪深300;创业板;纳指;黄金;国债ETF;创新药ETF;有色ETF;证券ETF;军工ETF;半导体ETF,沪深300;创业板;纳指;黄金;国债ETF,创新药ETF;有色ETF;证券ETF;军工ETF;半导体ETF
2025-06-09,925797.009836428,0.0,925797.009836428,0.0,False,liquidate,-0.18112264298301464,10,沪深300;创业板;纳指;黄金;国债ETF;创新药ETF;有色ETF;证券ETF;军工ETF;半导体ETF,沪深300;创业板;纳指;黄金;国债ETF,创新药ETF;有色ETF;证券ETF;军工ETF;半导体ETF
2025-06-10,925870.4857895897,0.0,925870.4857895897,0.0,False,liquidate,-0.18105765271658464,10,沪深300;创业板;纳指;黄金;国债ETF;创新药ETF;有色ETF;证券ETF;军工ETF;半导体ETF,沪深300;创业板;纳指;黄金;国债ETF,创新药ETF;有色ETF;证券ETF;军工ETF;半导体ETF
2025-06-11,925943.9675741763,0.0,925943.9675741763,0.0,False,liquidate,-0.180992657292197,10,沪深300;创业板;纳指;黄金;国债ETF;创新药ETF;有色ETF;证券ETF;军工ETF;半导体ETF,沪深300;创业板;纳指;黄金;国债ETF,创新药ETF;有色ETF;证券ETF;军工ETF;半导体ETF
2025-06-12,926017.4551906504,0.0,926017.4551906504,0.0,False,liquidate,-0.18092765670944239,10,沪深300;创业板;纳指;黄金;国债ETF;创新药ETF;有色ETF;军工ETF;证券ETF;半导体ETF,沪深300;创业板;纳指;黄金;国债ETF,创新药ETF;有色ETF;军工ETF;证券ETF;半导体ETF
2025-06-13,926090.9486394752,0.0,926090.9486394752,0.0,False,liquidate,-0.1808626509679113,10,沪深300;创业板;纳指;黄金;国债ETF;创新药ETF;有色ETF;军工ETF;证券ETF;半导体ETF,沪深300;创业板;纳指;黄金;国债ETF,创新药ETF;有色ETF;军工ETF;证券ETF;半导体ETF
2025-06-16,926164.4479211132,0.0,926164.4479211132,0.0,False,liquidate,-0.18079764006719445,10,沪深300;创业板;纳指;黄金;国债ETF;创新药ETF;有色ETF;证券ETF;军工ETF;半导体ETF,沪深300;创业板;纳指;黄金;国债ETF,创新药ETF;有色ETF;证券ETF;军工ETF;半导体ETF
2025-06-17,926237.9530360276,0.0,926237.9530360276,0.0,False,liquidate,-0.18073262400688234,9,沪深300;创业板;纳指;国债ETF;创新药ETF;有色ETF;证券ETF;军工ETF;半导体ETF,沪深300;创业板;纳指;国债ETF,创新药ETF;有色ETF;证券ETF;军工ETF;半导体ETF
2025-06-18,926311.4639846813,0.0,926311.4639846813,0.0,False,liquidate,-0.18066760278656538,9,沪深300;创业板;纳指;国债ETF;创新药ETF;有色ETF;军工ETF;证券ETF;半导体ETF,沪深300;创业板;纳指;国债ETF,创新药ETF;有色ETF;军工ETF;证券ETF;半导体ETF
2025-06-19,926384.9807675373,0.0,926384.9807675373,0.0,False,liquidate,-0.18060257640583413,8,创业板;纳指;国债ETF;创新药ETF;有色ETF;军工ETF;证券ETF;半导体ETF,创业板;纳指;国债ETF,创新药ETF;有色ETF;军工ETF;证券ETF;半导体ETF
2025-06-20,926458.5033850585,0.0,926458.5033850585,0.0,False,liquidate,-0.18053754486427903,8,创业板;纳指;国债ETF;创新药ETF;有色ETF;证券ETF;军工ETF;半导体ETF,创业板;纳指;国债ETF,创新药ETF;有色ETF;证券ETF;军工ETF;半导体ETF
2025-06-23,926532.0318377081,0.0,926532.0318377081,0.0,False,liquidate,-0.1804725081614905,9,沪深300;创业板;纳指;国债ETF;创新药ETF;有色ETF;证券ETF;军工ETF;半导体ETF,沪深300;创业板;纳指;国债ETF,创新药ETF;有色ETF;证券ETF;军工ETF;半导体ETF
2025-06-24,926605.5661259493,0.0,926605.5661259493,0.0,False,liquidate,-0.18040746629705878,9,沪深300;创业板;纳指;国债ETF;创新药ETF;有色ETF;证券ETF;军工ETF;半导体ETF,沪深300;创业板;纳指;国债ETF,创新药ETF;有色ETF;证券ETF;军工ETF;半导体ETF
2025-06-25,926679.106250245,0.0,926679.106250245,0.0,False,liquidate,-0.1803424192705744,9,沪深300;创业板;纳指;国债ETF;证券ETF;创新药ETF;军工ETF;有色ETF;半导体ETF,沪深300;创业板;纳指;国债ETF,证券ETF;创新药ETF;军工ETF;有色ETF;半导体ETF
2025-06-26,926752.6522110585,0.0,926752.6522110585,0.0,False,liquidate,-0.18027736708162762,9,沪深300;创业板;纳指;国债ETF;证券ETF;有色ETF;军工ETF;创新药ETF;半导体ETF,沪深300;创业板;纳指;国债ETF,证券ETF;有色ETF;军工ETF;创新药ETF;半导体ETF
2025-06-27,926826.2040088531,0.0,926826.2040088531,0.0,False,liquidate,-0.18021230972980867,9,沪深300;创业板;纳指;国债ETF;有色ETF;证券ETF;军工ETF;创新药ETF;半导体ETF,沪深300;创业板;纳指;国债ETF,有色ETF;证券ETF;军工ETF;创新药ETF;半导体ETF
2025-06-30,926899.7616440919,0.0,926899.7616440919,0.0,False,liquidate,-0.18014724721470782,9,沪深300;创业板;纳指;国债ETF;军工ETF;有色ETF;证券ETF;半导体ETF;创新药ETF,沪深300;创业板;纳指;国债ETF,军工ETF;有色ETF;证券ETF;半导体ETF;创新药ETF
2025-07-01,926973.3251172383,0.0,926973.3251172383,0.0,False,liquidate,-0.1800821795359153,9,沪深300;创业板;纳指;国债ETF;军工ETF;有色ETF;证券ETF;创新药ETF;半导体ETF,沪深300;创业板;纳指;国债ETF,军工ETF;有色ETF;证券ETF;创新药ETF;半导体ETF
2025-07-02,927046.8944287556,0.0,927046.8944287556,0.0,False,liquidate,-0.18001710669302126,9,沪深300;创业板;纳指;国债ETF;有色ETF;军工ETF;证券ETF;创新药ETF;半导体ETF,沪深300;创业板;纳指;国债ETF,有色ETF;军工ETF;证券ETF;创新药ETF;半导体ETF
2025-07-03,927120.4695791071,566896.2180809026,360224.25149820454,0.5,False,halve,-0.17995202868561594,9,沪深300;创业板;纳指;国债ETF;有色ETF;军工ETF;证券ETF;创新药ETF;半导体ETF,沪深300;创业板;纳指;国债ETF,有色ETF;军工ETF;证券ETF;创新药ETF;半导体ETF
2025-07-04,925304.3503047873,0.0,925304.3503047873,0.0,False,liquidate,-0.18155840560796677,9,沪深300;创业板;纳指;国债ETF;有色ETF;军工ETF;证券ETF;创新药ETF;半导体ETF,沪深300;创业板;纳指;国债ETF,有色ETF;军工ETF;证券ETF;创新药ETF;半导体ETF
2025-07-07,925377.7871579861,0.0,925377.7871579861,0.0,False,liquidate,-0.18149344992587216,9,沪深300;创业板;纳指;国债ETF;有色ETF;军工ETF;证券ETF;创新药ETF;半导体ETF,沪深300;创业板;纳指;国债ETF,有色ETF;军工ETF;证券ETF;创新药ETF;半导体ETF
2025-07-08,925451.2298395066,0.0,925451.2298395066,0.0,False,liquidate,-0.18142848908856468,10,沪深300;创业板;纳指;黄金;国债ETF;军工ETF;证券ETF;有色ETF;创新药ETF;半导体ETF,沪深300;创业板;纳指;黄金;国债ETF,军工ETF;证券ETF;有色ETF;创新药ETF;半导体ETF
2025-07-09,925524.6783498114,0.0,925524.6783498114,0.0,False,liquidate,-0.18136352309563514,9,创业板;纳指;黄金;国债ETF;军工ETF;证券ETF;有色ETF;创新药ETF;半导体ETF,创业板;纳指;黄金;国债ETF,军工ETF;证券ETF;有色ETF;创新药ETF;半导体ETF
2025-07-10,925598.132689363,0.0,925598.132689363,0.0,False,liquidate,-0.18129855194667444,10,沪深300;创业板;纳指;黄金;国债ETF;证券ETF;军工ETF;有色ETF;创新药ETF;酒ETF,沪深300;创业板;纳指;黄金;国债ETF,证券ETF;军工ETF;有色ETF;创新药ETF;酒ETF
2025-07-11,925671.5928586241,0.0,925671.5928586241,0.0,False,liquidate,-0.18123357564127335,10,沪深300;创业板;纳指;黄金;国债ETF;证券ETF;军工ETF;有色ETF;创新药ETF;半导体ETF,沪深300;创业板;纳指;黄金;国债ETF,证券ETF;军工ETF;有色ETF;创新药ETF;半导体ETF
2025-07-14,925745.0588580574,0.0,925745.0588580574,0.0,False,liquidate,-0.1811685941790226,10,沪深300;创业板;纳指;黄金;国债ETF;证券ETF;军工ETF;创新药ETF;有色ETF;酒ETF,沪深300;创业板;纳指;黄金;国债ETF,证券ETF;军工ETF;创新药ETF;有色ETF;酒ETF
2025-07-15,925818.5306881255,0.0,925818.5306881255,0.0,False,liquidate,-0.18110360755951294,10,沪深300;创业板;纳指;黄金;国债ETF;创新药ETF;证券ETF;军工ETF;有色ETF;半导体ETF,沪深300;创业板;纳指;黄金;国债ETF,创新药ETF;证券ETF;军工ETF;有色ETF;半导体ETF
2025-07-16,925892.0083492913,0.0,925892.0083492913,0.0,False,liquidate,-0.1810386157823351,9,沪深300;创业板;纳指;国债ETF;创新药ETF;证券ETF;军工ETF;有色ETF;半导体ETF,沪深300;创业板;纳指;国债ETF,创新药ETF;证券ETF;军工ETF;有色ETF;半导体ETF
2025-07-17,925965.4918420175,0.0,925965.4918420175,0.0,False,liquidate,-0.18097361884707963,9,沪深300;创业板;纳指;国债ETF;创新药ETF;军工ETF;证券ETF;有色ETF;半导体ETF,沪深300;创业板;纳指;国债ETF,创新药ETF;军工ETF;证券ETF;有色ETF;半导体ETF
2025-07-18,926038.981166767,0.0,926038.981166767,0.0,False,liquidate,-0.18090861675333728,9,沪深300;创业板;纳指;国债ETF;创新药ETF;军工ETF;证券ETF;有色ETF;半导体ETF,沪深300;创业板;纳指;国债ETF,创新药ETF;军工ETF;证券ETF;有色ETF;半导体ETF
2025-07-21,926112.4763240025,0.0,926112.4763240025,0.0,False,liquidate,-0.18084360950069858,10,沪深300;创业板;纳指;黄金;国债ETF;创新药ETF;有色ETF;军工ETF;证券ETF;酒ETF,沪深300;创业板;纳指;黄金;国债ETF,创新药ETF;有色ETF;军工ETF;证券ETF;酒ETF
2025-07-22,926185.977314187,0.0,926185.977314187,0.0,False,liquidate,-0.18077859708875416,10,沪深300;创业板;纳指;黄金;国债ETF;有色ETF;创新药ETF;军工ETF;证券ETF;酒ETF,沪深300;创业板;纳指;黄金;国债ETF,有色ETF;创新药ETF;军工ETF;证券ETF;酒ETF
2025-07-23,926259.4841377834,0.0,926259.4841377834,0.0,False,liquidate,-0.18071357951709446,10,沪深300;创业板;纳指;黄金;国债ETF;创新药ETF;有色ETF;军工ETF;证券ETF;酒ETF,沪深300;创业板;纳指;黄金;国债ETF,创新药ETF;有色ETF;军工ETF;证券ETF;酒ETF
2025-07-24,926332.9967952548,0.0,926332.9967952548,0.0,False,liquidate,-0.18064855678531003,10,沪深300;创业板;纳指;黄金;国债ETF;创新药ETF;有色ETF;证券ETF;军工ETF;酒ETF,沪深300;创业板;纳指;黄金;国债ETF,创新药ETF;有色ETF;证券ETF;军工ETF;酒ETF
2025-07-25,926406.5152870639,0.0,926406.5152870639,0.0,False,liquidate,-0.1805835288929914,10,沪深300;创业板;纳指;黄金;国债ETF;有色ETF;创新药ETF;证券ETF;军工ETF;半导体ETF,沪深300;创业板;纳指;黄金;国债ETF,有色ETF;创新药ETF;证券ETF;军工ETF;半导体ETF
2025-07-28,926480.039613674,0.0,926480.039613674,0.0,False,liquidate,-0.1805184958397289,9,沪深300;创业板;纳指;国债ETF;创新药ETF;有色ETF;证券ETF;军工ETF;半导体ETF,沪深300;创业板;纳指;国债ETF,创新药ETF;有色ETF;证券ETF;军工ETF;半导体ETF
2025-07-29,926553.5697755482,0.0,926553.5697755482,0.0,False,liquidate,-0.18045345762511297,8,沪深300;创业板;纳指;创新药ETF;有色ETF;证券ETF;军工ETF;半导体ETF,沪深300;创业板;纳指,创新药ETF;有色ETF;证券ETF;军工ETF;半导体ETF
2025-07-30,926627.1057731494,0.0,926627.1057731494,0.0,False,liquidate,-0.18038841424873403,8,沪深300;创业板;纳指;创新药ETF;有色ETF;证券ETF;军工ETF;半导体ETF,沪深300;创业板;纳指,创新药ETF;有色ETF;证券ETF;军工ETF;半导体ETF
2025-07-31,926700.6476069409,0.0,926700.6476069409,0.0,False,liquidate,-0.18032336571018232,8,沪深300;创业板;纳指;创新药ETF;有色ETF;证券ETF;军工ETF;半导体ETF,沪深300;创业板;纳指,创新药ETF;有色ETF;证券ETF;军工ETF;半导体ETF
2025-08-01,926774.195277386,0.0,926774.195277386,0.0,False,liquidate,-0.18025831200904815,8,沪深300;创业板;纳指;创新药ETF;有色ETF;证券ETF;军工ETF;半导体ETF,沪深300;创业板;纳指,创新药ETF;有色ETF;证券ETF;军工ETF;半导体ETF
2025-08-04,926847.7487849478,0.0,926847.7487849478,0.0,False,liquidate,-0.1801932531449218,9,沪深300;创业板;纳指;黄金;创新药ETF;有色ETF;军工ETF;证券ETF;半导体ETF,沪深300;创业板;纳指;黄金,创新药ETF;有色ETF;军工ETF;证券ETF;半导体ETF
2025-08-05,926921.3081300895,0.0,926921.3081300895,0.0,False,liquidate,-0.18012818911739353,9,沪深300;创业板;纳指;黄金;创新药ETF;有色ETF;军工ETF;证券ETF;半导体ETF,沪深300;创业板;纳指;黄金,创新药ETF;有色ETF;军工ETF;证券ETF;半导体ETF
2025-08-06,926994.8733132745,0.0,926994.8733132745,0.0,False,liquidate,-0.18006311992605364,8,沪深300;创业板;纳指;创新药ETF;军工ETF;有色ETF;半导体ETF;证券ETF,沪深300;创业板;纳指,创新药ETF;军工ETF;有色ETF;半导体ETF;证券ETF
2025-08-07,927068.444334966,601490.9198310146,325577.5245039514,0.5,False,halve,-0.1799980455704922,9,沪深300;创业板;纳指;国债ETF;创新药ETF;有色ETF;军工ETF;半导体ETF;证券ETF,沪深300;创业板;纳指;国债ETF,创新药ETF;有色ETF;军工ETF;半导体ETF;证券ETF
2025-08-08,924777.0266185047,0.0,924777.0266185047,0.0,False,liquidate,-0.18202482904844847,9,沪深300;创业板;纳指;国债ETF;有色ETF;军工ETF;创新药ETF;证券ETF;半导体ETF,沪深300;创业板;纳指;国债ETF,有色ETF;军工ETF;创新药ETF;证券ETF;半导体ETF
2025-08-11,924850.4216206173,0.0,924850.4216206173,0.0,False,liquidate,-0.1819599103840872,8,沪深300;创业板;纳指;有色ETF;军工ETF;创新药ETF;证券ETF;半导体ETF,沪深300;创业板;纳指,有色ETF;军工ETF;创新药ETF;证券ETF;半导体ETF
2025-08-12,924923.8224477301,0.0,924923.8224477301,0.0,False,liquidate,-0.18189498656745093,8,沪深300;创业板;纳指;有色ETF;军工ETF;创新药ETF;半导体ETF;证券ETF,沪深300;创业板;纳指,有色ETF;军工ETF;创新药ETF;半导体ETF;证券ETF
2025-08-13,924997.2291003054,0.0,924997.2291003054,0.0,False,liquidate,-0.18183005759813087,8,沪深300;创业板;纳指;有色ETF;军工ETF;创新药ETF;证券ETF;半导体ETF,沪深300;创业板;纳指,有色ETF;军工ETF;创新药ETF;证券ETF;半导体ETF
2025-08-14,925070.6415788054,0.0,925070.6415788054,0.0,False,liquidate,-0.181765123475718,8,沪深300;创业板;纳指;有色ETF;半导体ETF;创新药ETF;军工ETF;证券ETF,沪深300;创业板;纳指,有色ETF;半导体ETF;创新药ETF;军工ETF;证券ETF
2025-08-15,925144.0598836927,0.0,925144.0598836927,0.0,False,liquidate,-0.18170018419980333,8,沪深300;创业板;纳指;有色ETF;证券ETF;半导体ETF;创新药ETF;军工ETF,沪深300;创业板;纳指,有色ETF;证券ETF;半导体ETF;创新药ETF;军工ETF
2025-08-18,925217.4840154295,0.0,925217.4840154295,0.0,False,liquidate,-0.18163523976997786,9,沪深300;创业板;纳指;黄金;证券ETF;半导体ETF;有色ETF;创新药ETF;军工ETF,沪深300;创业板;纳指;黄金,证券ETF;半导体ETF;有色ETF;创新药ETF;军工ETF
2025-08-19,925290.9139744784,0.0,925290.9139744784,0.0,False,liquidate,-0.18157029018583262,8,沪深300;创业板;纳指;有色ETF;半导体ETF;证券ETF;军工ETF;创新药ETF,沪深300;创业板;纳指,有色ETF;半导体ETF;证券ETF;军工ETF;创新药ETF
2025-08-20,925364.3497613018,0.0,925364.3497613018,0.0,False,liquidate,-0.18150533544695846,8,沪深300;创业板;纳指;半导体ETF;有色ETF;军工ETF;证券ETF;创新药ETF,沪深300;创业板;纳指,半导体ETF;有色ETF;军工ETF;证券ETF;创新药ETF
2025-08-21,925437.7913763622,0.0,925437.7913763622,0.0,False,liquidate,-0.1814403755529463,9,沪深300;创业板;纳指;黄金;半导体ETF;有色ETF;证券ETF;军工ETF;创新药ETF,沪深300;创业板;纳指;黄金,半导体ETF;有色ETF;证券ETF;军工ETF;创新药ETF
2025-08-22,925511.2388201223,0.0,925511.2388201223,0.0,False,liquidate,-0.18137541050338693,9,沪深300;创业板;纳指;黄金;半导体ETF;有色ETF;证券ETF;军工ETF;创新药ETF,沪深300;创业板;纳指;黄金,半导体ETF;有色ETF;证券ETF;军工ETF;创新药ETF
2025-08-25,925584.6920930446,0.0,925584.6920930446,0.0,False,liquidate,-0.18131044029787124,9,沪深300;创业板;纳指;黄金;半导体ETF;有色ETF;证券ETF;军工ETF;创新药ETF,沪深300;创业板;纳指;黄金,半导体ETF;有色ETF;证券ETF;军工ETF;创新药ETF
2025-08-26,925658.1511955918,0.0,925658.1511955918,0.0,False,liquidate,-0.18124546493599006,9,沪深300;创业板;纳指;黄金;半导体ETF;有色ETF;证券ETF;军工ETF;酒ETF,沪深300;创业板;纳指;黄金,半导体ETF;有色ETF;证券ETF;军工ETF;酒ETF
2025-08-27,925731.6161282264,0.0,925731.6161282264,0.0,False,liquidate,-0.18118048441733414,9,沪深300;创业板;纳指;黄金;半导体ETF;有色ETF;证券ETF;军工ETF;创新药ETF,沪深300;创业板;纳指;黄金,半导体ETF;有色ETF;证券ETF;军工ETF;创新药ETF
2025-08-28,925805.0868914112,0.0,925805.0868914112,0.0,False,liquidate,-0.1811154987414942,9,沪深300;创业板;纳指;黄金;半导体ETF;有色ETF;证券ETF;军工ETF;创新药ETF,沪深300;创业板;纳指;黄金,半导体ETF;有色ETF;证券ETF;军工ETF;创新药ETF
2025-08-29,925878.563485609,0.0,925878.563485609,0.0,False,liquidate,-0.18105050790806093,9,沪深300;创业板;纳指;黄金;半导体ETF;有色ETF;证券ETF;军工ETF;创新药ETF,沪深300;创业板;纳指;黄金,半导体ETF;有色ETF;证券ETF;军工ETF;创新药ETF
2025-09-01,925952.0459112825,0.0,925952.0459112825,0.0,False,liquidate,-0.180985511916625,9,沪深300;创业板;纳指;黄金;半导体ETF;有色ETF;军工ETF;证券ETF;创新药ETF,沪深300;创业板;纳指;黄金,半导体ETF;有色ETF;军工ETF;证券ETF;创新药ETF
2025-09-02,926025.5341688946,0.0,926025.5341688946,0.0,False,liquidate,-0.18092051076677704,9,沪深300;创业板;纳指;黄金;半导体ETF;有色ETF;创新药ETF;证券ETF;军工ETF,沪深300;创业板;纳指;黄金,半导体ETF;有色ETF;创新药ETF;证券ETF;军工ETF
2025-09-03,926099.0282589081,0.0,926099.0282589081,0.0,False,liquidate,-0.18085550445810772,9,沪深300;创业板;纳指;黄金;半导体ETF;有色ETF;创新药ETF;证券ETF;酒ETF,沪深300;创业板;纳指;黄金,半导体ETF;有色ETF;创新药ETF;证券ETF;酒ETF
2025-09-04,926172.5281817858,0.0,926172.5281817858,0.0,False,liquidate,-0.1807904929902075,9,沪深300;创业板;纳指;黄金;有色ETF;半导体ETF;创新药ETF;证券ETF;酒ETF,沪深300;创业板;纳指;黄金,有色ETF;半导体ETF;创新药ETF;证券ETF;酒ETF
2025-09-05,926246.0339379908,0.0,926246.0339379908,0.0,False,liquidate,-0.180725476362667,9,沪深300;创业板;纳指;黄金;有色ETF;半导体ETF;创新药ETF;证券ETF;酒ETF,沪深300;创业板;纳指;黄金,有色ETF;半导体ETF;创新药ETF;证券ETF;酒ETF
2025-09-08,926319.5455279859,0.0,926319.5455279859,0.0,False,liquidate,-0.1806604545750767,9,沪深300;创业板;纳指;黄金;有色ETF;半导体ETF;创新药ETF;酒ETF;证券ETF,沪深300;创业板;纳指;黄金,有色ETF;半导体ETF;创新药ETF;酒ETF;证券ETF
2025-09-09,926393.0629522342,0.0,926393.0629522342,0.0,False,liquidate,-0.1805954276270271,9,沪深300;创业板;纳指;黄金;有色ETF;半导体ETF;创新药ETF;酒ETF;证券ETF,沪深300;创业板;纳指;黄金,有色ETF;半导体ETF;创新药ETF;酒ETF;证券ETF
2025-09-10,926466.5862111987,0.0,926466.5862111987,0.0,False,liquidate,-0.18053039551810854,9,沪深300;创业板;纳指;黄金;有色ETF;半导体ETF;创新药ETF;酒ETF;证券ETF,沪深300;创业板;纳指;黄金,有色ETF;半导体ETF;创新药ETF;酒ETF;证券ETF
2025-09-11,926540.1153053425,0.0,926540.1153053425,0.0,False,liquidate,-0.18046535824791154,9,沪深300;创业板;纳指;黄金;有色ETF;半导体ETF;创新药ETF;酒ETF;证券ETF,沪深300;创业板;纳指;黄金,有色ETF;半导体ETF;创新药ETF;酒ETF;证券ETF
2025-09-12,926613.6502351287,0.0,926613.6502351287,0.0,False,liquidate,-0.18040031581602636,9,沪深300;创业板;纳指;黄金;有色ETF;半导体ETF;创新药ETF;酒ETF;证券ETF,沪深300;创业板;纳指;黄金,有色ETF;半导体ETF;创新药ETF;酒ETF;证券ETF
2025-09-15,926687.1910010204,0.0,926687.1910010204,0.0,False,liquidate,-0.18033526822204354,9,沪深300;创业板;纳指;黄金;半导体ETF;有色ETF;创新药ETF;酒ETF;证券ETF,沪深300;创业板;纳指;黄金,半导体ETF;有色ETF;创新药ETF;酒ETF;证券ETF
2025-09-16,926760.7376034808,0.0,926760.7376034808,0.0,False,liquidate,-0.1802702154655532,10,沪深300;创业板;纳指;黄金;国债ETF;半导体ETF;有色ETF;创新药ETF;酒ETF;证券ETF,沪深300;创业板;纳指;黄金;国债ETF,半导体ETF;有色ETF;创新药ETF;酒ETF;证券ETF
2025-09-17,926834.2900429732,0.0,926834.2900429732,0.0,False,liquidate,-0.1802051575461456,10,沪深300;创业板;纳指;黄金;国债ETF;半导体ETF;有色ETF;创新药ETF;酒ETF;证券ETF,沪深300;创业板;纳指;黄金;国债ETF,半导体ETF;有色ETF;创新药ETF;酒ETF;证券ETF
2025-09-18,926907.8483199609,0.0,926907.8483199609,0.0,False,liquidate,-0.1801400944634111,10,沪深300;创业板;纳指;黄金;国债ETF;半导体ETF;有色ETF;创新药ETF;酒ETF;军工ETF,沪深300;创业板;纳指;黄金;国债ETF,半导体ETF;有色ETF;创新药ETF;酒ETF;军工ETF
2025-09-19,926981.4124349069,0.0,926981.4124349069,0.0,False,liquidate,-0.1800750262169399,10,沪深300;创业板;纳指;黄金;国债ETF;半导体ETF;有色ETF;创新药ETF;酒ETF;证券ETF,沪深300;创业板;纳指;黄金;国债ETF,半导体ETF;有色ETF;创新药ETF;酒ETF;证券ETF
2025-09-22,927054.9823882749,0.0,927054.9823882749,0.0,False,liquidate,-0.18000995280632212,10,沪深300;创业板;纳指;黄金;国债ETF;半导体ETF;有色ETF;创新药ETF;酒ETF;证券ETF,沪深300;创业板;纳指;黄金;国债ETF,半导体ETF;有色ETF;创新药ETF;酒ETF;证券ETF
2025-09-23,927128.558180528,463564.279090264,463564.279090264,0.5,False,halve,-0.17994487423114794,9,沪深300;创业板;纳指;黄金;半导体ETF;有色ETF;创新药ETF;酒ETF;证券ETF,沪深300;创业板;纳指;黄金,半导体ETF;有色ETF;创新药ETF;酒ETF;证券ETF
2025-09-24,935804.6103346603,467902.3051673302,467902.3051673301,0.5,False,halve,-0.17227081330652622,9,沪深300;创业板;纳指;黄金;半导体ETF;有色ETF;创新药ETF;酒ETF;证券ETF,沪深300;创业板;纳指;黄金,半导体ETF;有色ETF;创新药ETF;酒ETF;证券ETF
2025-09-25,937880.7372917959,468940.36864589795,468940.36864589795,0.5,False,halve,-0.17043445680782537,9,沪深300;创业板;纳指;黄金;半导体ETF;有色ETF;创新药ETF;酒ETF;证券ETF,沪深300;创业板;纳指;黄金,半导体ETF;有色ETF;创新药ETF;酒ETF;证券ETF
2025-09-26,933119.8156060219,466559.907803011,466559.9078030109,0.5,False,halve,-0.17464554295909765,9,沪深300;创业板;纳指;黄金;半导体ETF;有色ETF;创新药ETF;酒ETF;证券ETF,沪深300;创业板;纳指;黄金,半导体ETF;有色ETF;创新药ETF;酒ETF;证券ETF
2025-09-29,944598.8011126015,435609.57232928276,508989.2287833188,0.5,False,halve,-0.1644922575055996,9,沪深300;创业板;纳指;黄金;半导体ETF;有色ETF;证券ETF;创新药ETF;酒ETF,沪深300;创业板;纳指;黄金,半导体ETF;有色ETF;证券ETF;创新药ETF;酒ETF
2025-09-30,950027.9975929736,404057.8856929406,545970.111900033,0.5,False,halve,-0.1596900751510049,9,沪深300;创业板;纳指;黄金;半导体ETF;有色ETF;军工ETF;证券ETF;创新药ETF,沪深300;创业板;纳指;黄金,半导体ETF;有色ETF;军工ETF;证券ETF;创新药ETF
2025-10-09,960174.8185514341,399608.31846717215,560566.5000842619,0.5,False,halve,-0.15071510348841904,9,沪深300;创业板;纳指;黄金;半导体ETF;有色ETF;军工ETF;创新药ETF;证券ETF,沪深300;创业板;纳指;黄金,半导体ETF;有色ETF;军工ETF;创新药ETF;证券ETF
2025-10-10,949786.9013338038,362171.27639327635,587615.6249405274,0.5,False,halve,-0.15990332737087387,9,沪深300;创业板;纳指;黄金;半导体ETF;有色ETF;军工ETF;证券ETF;创新药ETF,沪深300;创业板;纳指;黄金,半导体ETF;有色ETF;军工ETF;证券ETF;创新药ETF
2025-10-13,952460.9537922296,374060.7361144113,578400.2176778184,0.5,False,halve,-0.15753809937119884,9,沪深300;创业板;纳指;黄金;半导体ETF;有色ETF;军工ETF;证券ETF;创新药ETF,沪深300;创业板;纳指;黄金,半导体ETF;有色ETF;军工ETF;证券ETF;创新药ETF
2025-10-14,942020.356943295,396182.00262356893,545838.3543197261,0.5,False,halve,-0.1667729189509748,9,沪深300;创业板;纳指;黄金;半导体ETF;有色ETF;军工ETF;证券ETF;酒ETF,沪深300;创业板;纳指;黄金,半导体ETF;有色ETF;军工ETF;证券ETF;酒ETF
2025-10-15,945404.2296634332,408092.73051366705,537311.499149766,0.5,False,halve,-0.16377984733796733,9,沪深300;创业板;纳指;黄金;有色ETF;半导体ETF;军工ETF;证券ETF;酒ETF,沪深300;创业板;纳指;黄金,有色ETF;半导体ETF;军工ETF;证券ETF;酒ETF
2025-10-16,942910.8548165747,415128.81693912414,527782.0378774506,0.5,False,halve,-0.1659852640577824,9,沪深300;创业板;纳指;黄金;有色ETF;半导体ETF;军工ETF;证券ETF;酒ETF,沪深300;创业板;纳指;黄金,有色ETF;半导体ETF;军工ETF;证券ETF;酒ETF
2025-10-17,932185.5435105124,380528.3890115167,551657.1544989957,0.5,False,halve,-0.17547191662003728,9,沪深300;创业板;纳指;黄金;有色ETF;半导体ETF;证券ETF;军工ETF;酒ETF,沪深300;创业板;纳指;黄金,有色ETF;半导体ETF;证券ETF;军工ETF;酒ETF
2025-10-20,931522.4119800188,391941.80845117714,539580.6035288416,0.5,False,halve,-0.17605846355124977,9,沪深300;创业板;纳指;黄金;有色ETF;半导体ETF;军工ETF;证券ETF;酒ETF,沪深300;创业板;纳指;黄金,有色ETF;半导体ETF;军工ETF;证券ETF;酒ETF
2025-10-21,936883.7622680631,397481.83723100845,539401.9250370547,0.5,False,halve,-0.17131629187941463,9,沪深300;创业板;纳指;黄金;有色ETF;半导体ETF;军工ETF;证券ETF;酒ETF,沪深300;创业板;纳指;黄金,有色ETF;半导体ETF;军工ETF;证券ETF;酒ETF
2025-10-22,933458.9748985523,403189.29750775517,530269.6773907971,0.5,False,halve,-0.17434555293739287,9,沪深300;创业板;纳指;黄金;有色ETF;半导体ETF;军工ETF;证券ETF;酒ETF,沪深300;创业板;纳指;黄金,有色ETF;半导体ETF;军工ETF;证券ETF;酒ETF
2025-10-23,934762.4317663725,416039.3973733307,518723.0343930418,0.5,False,halve,-0.17319263139674668,9,沪深300;创业板;纳指;黄金;有色ETF;半导体ETF;证券ETF;军工ETF;酒ETF,沪深300;创业板;纳指;黄金,有色ETF;半导体ETF;证券ETF;军工ETF;酒ETF
2025-10-24,941799.918369105,417045.47703345894,524754.441335646,0.5,False,halve,-0.16696789922753585,9,沪深300;创业板;纳指;黄金;有色ETF;半导体ETF;证券ETF;军工ETF;酒ETF,沪深300;创业板;纳指;黄金,有色ETF;半导体ETF;证券ETF;军工ETF;酒ETF
2025-10-27,947834.916500598,423005.1528726682,524829.7636279298,0.5,False,halve,-0.1616298788332028,9,沪深300;创业板;纳指;黄金;有色ETF;半导体ETF;证券ETF;军工ETF;酒ETF,沪深300;创业板;纳指;黄金,有色ETF;半导体ETF;证券ETF;军工ETF;酒ETF
2025-10-28,944884.2814384431,429086.8608812733,515797.4205571698,0.5,False,halve,-0.16423974710405184,9,沪深300;创业板;纳指;黄金;有色ETF;半导体ETF;证券ETF;军工ETF;酒ETF,沪深300;创业板;纳指;黄金,有色ETF;半导体ETF;证券ETF;军工ETF;酒ETF
2025-10-29,951061.4187184577,435372.50296591874,515688.91575253895,0.5,False,halve,-0.15877600311260912,9,沪深300;创业板;纳指;黄金;有色ETF;半导体ETF;证券ETF;军工ETF;酒ETF,沪深300;创业板;纳指;黄金,有色ETF;半导体ETF;证券ETF;军工ETF;酒ETF
2025-10-30,946763.5859337938,436159.5619665703,510604.0239672235,0.5,False,halve,-0.16257748217790477,9,沪深300;创业板;纳指;黄金;有色ETF;半导体ETF;证券ETF;军工ETF;酒ETF,沪深300;创业板;纳指;黄金,有色ETF;半导体ETF;证券ETF;军工ETF;酒ETF
2025-10-31,941079.3134613872,431622.6039298893,509456.7095314979,0.5,False,halve,-0.1676052819756068,9,沪深300;创业板;纳指;黄金;有色ETF;半导体ETF;证券ETF;酒ETF;军工ETF,沪深300;创业板;纳指;黄金,有色ETF;半导体ETF;证券ETF;酒ETF;军工ETF
2025-11-03,939345.6649711218,469672.8324855609,469672.8324855609,0.5,False,halve,-0.1691387126073992,9,沪深300;创业板;纳指;黄金;有色ETF;半导体ETF;军工ETF;酒ETF;证券ETF,沪深300;创业板;纳指;黄金,有色ETF;半导体ETF;军工ETF;酒ETF;证券ETF
2025-11-04,932619.2350361242,466309.6175180621,466309.6175180621,0.5,False,halve,-0.17508831182710716,9,沪深300;创业板;纳指;黄金;有色ETF;证券ETF;酒ETF;半导体ETF;军工ETF,沪深300;创业板;纳指;黄金,有色ETF;证券ETF;酒ETF;半导体ETF;军工ETF
2025-11-05,931566.3025998131,465783.1512999066,465783.1512999065,0.5,False,halve,-0.17601964182861177,9,沪深300;创业板;纳指;黄金;有色ETF;酒ETF;证券ETF;半导体ETF;军工ETF,沪深300;创业板;纳指;黄金,有色ETF;酒ETF;证券ETF;半导体ETF;军工ETF
2025-11-06,940265.3060501802,470132.6530250901,470132.6530250901,0.5,False,halve,-0.16832528023699583,9,沪深300;创业板;纳指;黄金;有色ETF;半导体ETF;酒ETF;证券ETF;军工ETF,沪深300;创业板;纳指;黄金,有色ETF;半导体ETF;酒ETF;证券ETF;军工ETF
2025-11-07,937940.3332320682,468970.1666160341,468970.1666160341,0.5,False,halve,-0.17038174356124905,9,沪深300;创业板;纳指;黄金;有色ETF;酒ETF;证券ETF;半导体ETF;创新药ETF,沪深300;创业板;纳指;黄金,有色ETF;酒ETF;证券ETF;半导体ETF;创新药ETF
2025-11-10,944167.1049529997,472083.5524764999,472083.5524764998,0.5,False,halve,-0.16487409737595254,9,沪深300;创业板;纳指;黄金;有色ETF;半导体ETF;酒ETF;证券ETF;创新药ETF,沪深300;创业板;纳指;黄金,有色ETF;半导体ETF;酒ETF;证券ETF;创新药ETF
2025-11-11,939644.913335159,469822.45666757954,469822.4566675794,0.5,False,halve,-0.16887402422881212,9,沪深300;创业板;纳指;黄金;有色ETF;酒ETF;半导体ETF;证券ETF;创新药ETF,沪深300;创业板;纳指;黄金,有色ETF;酒ETF;半导体ETF;证券ETF;创新药ETF
2025-11-12,939486.3826732261,469743.1913366131,469743.191336613,0.5,False,halve,-0.1690142462948487,9,沪深300;创业板;纳指;黄金;有色ETF;酒ETF;半导体ETF;证券ETF;创新药ETF,沪深300;创业板;纳指;黄金,有色ETF;酒ETF;半导体ETF;证券ETF;创新药ETF
2025-11-13,948207.3430943014,474103.6715471507,474103.6715471507,0.5,False,halve,-0.16130046352780167,9,沪深300;创业板;纳指;黄金;有色ETF;半导体ETF;酒ETF;创新药ETF;证券ETF,沪深300;创业板;纳指;黄金,有色ETF;半导体ETF;酒ETF;创新药ETF;证券ETF
2025-11-14,940331.974023998,470165.987011999,470165.987011999,0.5,False,halve,-0.16826631170110995,9,沪深300;创业板;纳指;黄金;有色ETF;半导体ETF;酒ETF;创新药ETF;证券ETF,沪深300;创业板;纳指;黄金,有色ETF;半导体ETF;酒ETF;创新药ETF;证券ETF
2025-11-17,936863.6425909877,468431.82129549386,468431.82129549386,0.5,False,halve,-0.17133408794897687,9,沪深300;创业板;纳指;黄金;有色ETF;酒ETF;半导体ETF;军工ETF;创新药ETF,沪深300;创业板;纳指;黄金,有色ETF;酒ETF;半导体ETF;军工ETF;创新药ETF
2025-11-18,932857.439920987,466428.71996049356,466428.71996049344,0.5,False,halve,-0.17487761705873733,8,沪深300;纳指;黄金;有色ETF;酒ETF;半导体ETF;军工ETF;证券ETF,沪深300;纳指;黄金,有色ETF;酒ETF;半导体ETF;军工ETF;证券ETF
2025-11-19,934749.5290987182,467374.7645493591,467374.7645493591,0.5,False,halve,-0.1732040439442868,8,沪深300;纳指;黄金;有色ETF;半导体ETF;酒ETF;军工ETF;证券ETF,沪深300;纳指;黄金,有色ETF;半导体ETF;酒ETF;军工ETF;证券ETF
2025-11-20,931435.3295376906,465717.66476884537,465717.66476884525,0.5,False,halve,-0.1761354889028751,8,沪深300;纳指;黄金;有色ETF;酒ETF;证券ETF;创新药ETF;半导体ETF,沪深300;纳指;黄金,有色ETF;酒ETF;证券ETF;创新药ETF;半导体ETF
2025-11-21,916419.6197627604,0.0,916419.6197627604,0.0,False,liquidate,-0.1894170447985908,7,纳指;黄金;有色ETF;酒ETF;创新药ETF;军工ETF;证券ETF,纳指;黄金,有色ETF;酒ETF;创新药ETF;军工ETF;证券ETF
2025-11-24,916492.3514786146,0.0,916492.3514786146,0.0,False,liquidate,-0.18935271281801921,7,纳指;黄金;有色ETF;酒ETF;军工ETF;创新药ETF;证券ETF,纳指;黄金,有色ETF;酒ETF;军工ETF;创新药ETF;证券ETF
2025-11-25,916565.0889668273,0.0,916565.0889668273,0.0,False,liquidate,-0.18928837573173488,8,纳指;黄金;国债ETF;有色ETF;酒ETF;创新药ETF;军工ETF;半导体ETF,纳指;黄金;国债ETF,有色ETF;酒ETF;创新药ETF;军工ETF;半导体ETF
2025-11-26,916637.8322278564,0.0,916637.8322278564,0.0,False,liquidate,-0.18922403353933262,8,纳指;黄金;国债ETF;有色ETF;酒ETF;创新药ETF;军工ETF;半导体ETF,纳指;黄金;国债ETF,有色ETF;酒ETF;创新药ETF;军工ETF;半导体ETF
2025-11-27,916710.5812621602,0.0,916710.5812621602,0.0,False,liquidate,-0.18915968624040713,8,纳指;黄金;国债ETF;有色ETF;酒ETF;创新药ETF;军工ETF;半导体ETF,纳指;黄金;国债ETF,有色ETF;酒ETF;创新药ETF;军工ETF;半导体ETF
2025-11-28,916783.3360701969,0.0,916783.3360701969,0.0,False,liquidate,-0.18909533383455315,8,纳指;黄金;国债ETF;有色ETF;酒ETF;半导体ETF;军工ETF;创新药ETF,纳指;黄金;国债ETF,有色ETF;酒ETF;半导体ETF;军工ETF;创新药ETF
2025-12-01,916856.0966524248,0.0,916856.0966524248,0.0,False,liquidate,-0.1890309763213654,8,纳指;黄金;国债ETF;有色ETF;半导体ETF;酒ETF;军工ETF;创新药ETF,纳指;黄金;国债ETF,有色ETF;半导体ETF;酒ETF;军工ETF;创新药ETF
2025-12-02,916928.863009302,0.0,916928.863009302,0.0,False,liquidate,-0.18896661370043852,8,纳指;黄金;国债ETF;有色ETF;半导体ETF;酒ETF;军工ETF;创新药ETF,纳指;黄金;国债ETF,有色ETF;半导体ETF;酒ETF;军工ETF;创新药ETF
2025-12-03,917001.6351412869,0.0,917001.6351412869,0.0,False,liquidate,-0.18890224597136707,8,纳指;黄金;国债ETF;有色ETF;军工ETF;酒ETF;半导体ETF;创新药ETF,纳指;黄金;国债ETF,有色ETF;军工ETF;酒ETF;半导体ETF;创新药ETF
2025-12-04,917074.4130488378,0.0,917074.4130488378,0.0,False,liquidate,-0.18883787313374573,8,纳指;黄金;国债ETF;有色ETF;半导体ETF;军工ETF;创新药ETF;酒ETF,纳指;黄金;国债ETF,有色ETF;半导体ETF;军工ETF;创新药ETF;酒ETF
2025-12-05,917147.1967324131,0.0,917147.1967324131,0.0,False,liquidate,-0.18877349518716902,10,沪深300;创业板;纳指;黄金;国债ETF;有色ETF;军工ETF;半导体ETF;证券ETF;创新药ETF,沪深300;创业板;纳指;黄金;国债ETF,有色ETF;军工ETF;半导体ETF;证券ETF;创新药ETF
2025-12-08,917219.9861924713,0.0,917219.9861924713,0.0,False,liquidate,-0.1887091121312314,10,沪深300;创业板;纳指;黄金;国债ETF;有色ETF;半导体ETF;军工ETF;证券ETF;创新药ETF,沪深300;创业板;纳指;黄金;国债ETF,有色ETF;半导体ETF;军工ETF;证券ETF;创新药ETF
2025-12-09,917292.7814294707,0.0,917292.7814294707,0.0,False,liquidate,-0.18864472396552753,9,沪深300;创业板;纳指;国债ETF;有色ETF;半导体ETF;军工ETF;证券ETF;创新药ETF,沪深300;创业板;纳指;国债ETF,有色ETF;半导体ETF;军工ETF;证券ETF;创新药ETF
2025-12-10,917365.5824438699,0.0,917365.5824438699,0.0,False,liquidate,-0.1885803306896518,8,创业板;纳指;国债ETF;军工ETF;有色ETF;半导体ETF;证券ETF;创新药ETF,创业板;纳指;国债ETF,军工ETF;有色ETF;半导体ETF;证券ETF;创新药ETF
2025-12-11,917438.3892361274,0.0,917438.3892361274,0.0,False,liquidate,-0.18851593230319857,9,沪深300;创业板;纳指;国债ETF;有色ETF;军工ETF;半导体ETF;证券ETF;创新药ETF,沪深300;创业板;纳指;国债ETF,有色ETF;军工ETF;半导体ETF;证券ETF;创新药ETF
2025-12-12,917511.2018067017,0.0,917511.2018067017,0.0,False,liquidate,-0.18845152880576227,9,沪深300;创业板;纳指;国债ETF;有色ETF;半导体ETF;军工ETF;证券ETF;创新药ETF,沪深300;创业板;纳指;国债ETF,有色ETF;半导体ETF;军工ETF;证券ETF;创新药ETF
2025-12-15,917584.0201560515,0.0,917584.0201560515,0.0,False,liquidate,-0.1883871201969373,8,创业板;纳指;国债ETF;有色ETF;军工ETF;半导体ETF;证券ETF;创新药ETF,创业板;纳指;国债ETF,有色ETF;军工ETF;半导体ETF;证券ETF;创新药ETF
2025-12-16,917656.8442846354,0.0,917656.8442846354,0.0,False,liquidate,-0.18832270647631794,8,创业板;黄金;国债ETF;军工ETF;有色ETF;半导体ETF;证券ETF;酒ETF,创业板;黄金;国债ETF,军工ETF;有色ETF;半导体ETF;证券ETF;酒ETF
2025-12-17,917729.674192912,0.0,917729.674192912,0.0,False,liquidate,-0.1882582876434986,9,创业板;纳指;黄金;国债ETF;有色ETF;军工ETF;半导体ETF;证券ETF;创新药ETF,创业板;纳指;黄金;国债ETF,有色ETF;军工ETF;半导体ETF;证券ETF;创新药ETF
2025-12-18,917802.50988134,0.0,917802.50988134,0.0,False,liquidate,-0.18819386369807348,7,黄金;国债ETF;有色ETF;军工ETF;半导体ETF;证券ETF;创新药ETF,黄金;国债ETF,有色ETF;军工ETF;半导体ETF;证券ETF;创新药ETF
2025-12-19,917875.3513503782,0.0,917875.3513503782,0.0,False,liquidate,-0.18812943463963674,7,黄金;国债ETF;有色ETF;军工ETF;半导体ETF;证券ETF;创新药ETF,黄金;国债ETF,有色ETF;军工ETF;半导体ETF;证券ETF;创新药ETF
2025-12-22,917948.1986004855,0.0,917948.1986004855,0.0,False,liquidate,-0.1880650004677827,7,黄金;国债ETF;有色ETF;军工ETF;半导体ETF;证券ETF;创新药ETF,黄金;国债ETF,有色ETF;军工ETF;半导体ETF;证券ETF;创新药ETF
2025-12-23,918021.0516321205,0.0,918021.0516321205,0.0,False,liquidate,-0.18800056118210548,7,黄金;国债ETF;有色ETF;军工ETF;半导体ETF;证券ETF;创新药ETF,黄金;国债ETF,有色ETF;军工ETF;半导体ETF;证券ETF;创新药ETF
2025-12-24,918093.9104457422,0.0,918093.9104457422,0.0,False,liquidate,-0.1879361167821992,7,黄金;国债ETF;有色ETF;军工ETF;半导体ETF;证券ETF;创新药ETF,黄金;国债ETF,有色ETF;军工ETF;半导体ETF;证券ETF;创新药ETF
2025-12-25,918166.7750418093,0.0,918166.7750418093,0.0,False,liquidate,-0.18787166726765814,9,沪深300;创业板;黄金;国债ETF;有色ETF;军工ETF;证券ETF;半导体ETF;酒ETF,沪深300;创业板;黄金;国债ETF,有色ETF;军工ETF;证券ETF;半导体ETF;酒ETF
2025-12-26,918239.6454207809,0.0,918239.6454207809,0.0,False,liquidate,-0.1878072126380762,8,沪深300;创业板;黄金;有色ETF;军工ETF;证券ETF;半导体ETF;创新药ETF,沪深300;创业板;黄金,有色ETF;军工ETF;证券ETF;半导体ETF;创新药ETF
2025-12-29,918312.5215831159,0.0,918312.5215831159,0.0,False,liquidate,-0.18774275289304743,8,沪深300;创业板;黄金;军工ETF;有色ETF;半导体ETF;证券ETF;创新药ETF,沪深300;创业板;黄金,军工ETF;有色ETF;半导体ETF;证券ETF;创新药ETF
2025-12-30,918385.4035292733,0.0,918385.4035292733,0.0,False,liquidate,-0.18767828803216588,9,沪深300;创业板;纳指;黄金;军工ETF;有色ETF;半导体ETF;证券ETF;酒ETF,沪深300;创业板;纳指;黄金,军工ETF;有色ETF;半导体ETF;证券ETF;酒ETF
2025-12-31,918458.2912597122,0.0,918458.2912597122,0.0,False,liquidate,-0.18761381805502556,6,黄金;军工ETF;有色ETF;证券ETF;半导体ETF;酒ETF,黄金,军工ETF;有色ETF;证券ETF;半导体ETF;酒ETF
2026-01-05,918531.1847748916,0.0,918531.1847748916,0.0,False,liquidate,-0.18754934296122036,9,沪深300;创业板;纳指;黄金;军工ETF;有色ETF;半导体ETF;证券ETF;创新药ETF,沪深300;创业板;纳指;黄金,军工ETF;有色ETF;半导体ETF;证券ETF;创新药ETF
2026-01-06,918604.0840752706,0.0,918604.0840752706,0.0,False,liquidate,-0.18748486275034423,8,沪深300;创业板;黄金;军工ETF;有色ETF;半导体ETF;证券ETF;创新药ETF,沪深300;创业板;黄金,军工ETF;有色ETF;半导体ETF;证券ETF;创新药ETF
2026-01-07,918676.9891613083,0.0,918676.9891613083,0.0,False,liquidate,-0.1874203774219911,8,沪深300;创业板;黄金;有色ETF;军工ETF;半导体ETF;证券ETF;创新药ETF,沪深300;创业板;黄金,有色ETF;军工ETF;半导体ETF;证券ETF;创新药ETF
2026-01-08,918749.900033464,0.0,918749.900033464,0.0,False,liquidate,-0.18735588697575475,8,沪深300;创业板;黄金;军工ETF;有色ETF;半导体ETF;证券ETF;创新药ETF,沪深300;创业板;黄金,军工ETF;有色ETF;半导体ETF;证券ETF;创新药ETF
2026-01-09,918822.8166921968,0.0,918822.8166921968,0.0,False,liquidate,-0.18729139141122902,8,沪深300;创业板;黄金;军工ETF;有色ETF;半导体ETF;证券ETF;创新药ETF,沪深300;创业板;黄金,军工ETF;有色ETF;半导体ETF;证券ETF;创新药ETF
2026-01-12,918895.7391379661,0.0,918895.7391379661,0.0,False,liquidate,-0.1872268907280076,8,沪深300;创业板;黄金;军工ETF;有色ETF;半导体ETF;证券ETF;创新药ETF,沪深300;创业板;黄金,军工ETF;有色ETF;半导体ETF;证券ETF;创新药ETF
2026-01-13,918968.667371231,0.0,918968.667371231,0.0,False,liquidate,-0.1871623849256844,9,沪深300;创业板;纳指;黄金;军工ETF;有色ETF;半导体ETF;创新药ETF;证券ETF,沪深300;创业板;纳指;黄金,军工ETF;有色ETF;半导体ETF;创新药ETF;证券ETF
2026-01-14,919041.601392451,0.0,919041.601392451,0.0,False,liquidate,-0.1870978740038531,9,沪深300;创业板;纳指;黄金;军工ETF;有色ETF;半导体ETF;创新药ETF;证券ETF,沪深300;创业板;纳指;黄金,军工ETF;有色ETF;半导体ETF;创新药ETF;证券ETF
2026-01-15,919114.5412020853,0.0,919114.5412020853,0.0,False,liquidate,-0.18703335796210735,9,沪深300;创业板;纳指;黄金;有色ETF;军工ETF;半导体ETF;创新药ETF;证券ETF,沪深300;创业板;纳指;黄金,有色ETF;军工ETF;半导体ETF;创新药ETF;证券ETF
2026-01-16,919187.4868005934,0.0,919187.4868005934,0.0,False,liquidate,-0.18696883680004084,8,沪深300;创业板;黄金;有色ETF;军工ETF;半导体ETF;创新药ETF;证券ETF,沪深300;创业板;黄金,有色ETF;军工ETF;半导体ETF;创新药ETF;证券ETF
2026-01-19,919260.4381884348,0.0,919260.4381884348,0.0,False,liquidate,-0.18690431051724715,9,沪深300;创业板;纳指;黄金;有色ETF;军工ETF;半导体ETF;创新药ETF;证券ETF,沪深300;创业板;纳指;黄金,有色ETF;军工ETF;半导体ETF;创新药ETF;证券ETF
2026-01-20,919333.3953660688,0.0,919333.3953660688,0.0,False,liquidate,-0.18683977911331995,9,沪深300;创业板;纳指;黄金;有色ETF;军工ETF;半导体ETF;创新药ETF;证券ETF,沪深300;创业板;纳指;黄金,有色ETF;军工ETF;半导体ETF;创新药ETF;证券ETF
2026-01-21,919406.358333955,0.0,919406.358333955,0.0,False,liquidate,-0.1867752425878527,8,沪深300;创业板;黄金;有色ETF;军工ETF;半导体ETF;创新药ETF;证券ETF,沪深300;创业板;黄金,有色ETF;军工ETF;半导体ETF;创新药ETF;证券ETF
2026-01-22,919479.327092553,0.0,919479.327092553,0.0,False,liquidate,-0.186710700940439,8,沪深300;创业板;黄金;有色ETF;军工ETF;半导体ETF;创新药ETF;证券ETF,沪深300;创业板;黄金,有色ETF;军工ETF;半导体ETF;创新药ETF;证券ETF
2026-01-23,919552.3016423223,0.0,919552.3016423223,0.0,False,liquidate,-0.18664615417067232,8,沪深300;创业板;黄金;有色ETF;军工ETF;半导体ETF;创新药ETF;证券ETF,沪深300;创业板;黄金,有色ETF;军工ETF;半导体ETF;创新药ETF;证券ETF
2026-01-26,919625.2819837226,0.0,919625.2819837226,0.0,False,liquidate,-0.18658160227814613,8,沪深300;创业板;黄金;有色ETF;军工ETF;半导体ETF;创新药ETF;证券ETF,沪深300;创业板;黄金,有色ETF;军工ETF;半导体ETF;创新药ETF;证券ETF
2026-01-27,919698.2681172134,0.0,919698.2681172134,0.0,False,liquidate,-0.18651704526245388,8,沪深300;创业板;黄金;有色ETF;半导体ETF;军工ETF;创新药ETF;证券ETF,沪深300;创业板;黄金,有色ETF;半导体ETF;军工ETF;创新药ETF;证券ETF
2026-01-28,919771.2600432545,0.0,919771.2600432545,0.0,False,liquidate,-0.18645248312318896,8,沪深300;创业板;黄金;有色ETF;半导体ETF;军工ETF;创新药ETF;证券ETF,沪深300;创业板;黄金,有色ETF;半导体ETF;军工ETF;创新药ETF;证券ETF
2026-01-29,919844.2577623056,0.0,919844.2577623056,0.0,False,liquidate,-0.18638791585994474,8,沪深300;创业板;黄金;有色ETF;半导体ETF;军工ETF;酒ETF;创新药ETF,沪深300;创业板;黄金,有色ETF;半导体ETF;军工ETF;酒ETF;创新药ETF
2026-01-30,919917.2612748264,0.0,919917.2612748264,0.0,False,liquidate,-0.1863233434723146,9,沪深300;创业板;黄金;国债ETF;有色ETF;半导体ETF;军工ETF;酒ETF;证券ETF,沪深300;创业板;黄金;国债ETF,有色ETF;半导体ETF;军工ETF;酒ETF;证券ETF
2026-02-02,919990.2705812767,0.0,919990.2705812767,0.0,False,liquidate,-0.18625876595989177,7,创业板;黄金;有色ETF;半导体ETF;军工ETF;酒ETF;创新药ETF,创业板;黄金,有色ETF;半导体ETF;军工ETF;酒ETF;创新药ETF
2026-02-03,920063.2856821165,0.0,920063.2856821165,0.0,False,liquidate,-0.18619418332226956,8,创业板;黄金;国债ETF;有色ETF;军工ETF;半导体ETF;酒ETF;创新药ETF,创业板;黄金;国债ETF,有色ETF;军工ETF;半导体ETF;酒ETF;创新药ETF
2026-02-04,920136.3065778057,0.0,920136.3065778057,0.0,False,liquidate,-0.18612959555904107,7,创业板;黄金;有色ETF;军工ETF;半导体ETF;酒ETF;证券ETF,创业板;黄金,有色ETF;军工ETF;半导体ETF;酒ETF;证券ETF
2026-02-05,920209.3332688039,0.0,920209.3332688039,0.0,False,liquidate,-0.18606500266979975,7,创业板;黄金;有色ETF;半导体ETF;酒ETF;军工ETF;证券ETF,创业板;黄金,有色ETF;半导体ETF;酒ETF;军工ETF;证券ETF
2026-02-06,920282.3657555713,0.0,920282.3657555713,0.0,False,liquidate,-0.18600040465413858,7,创业板;黄金;有色ETF;半导体ETF;酒ETF;军工ETF;证券ETF,创业板;黄金,有色ETF;半导体ETF;酒ETF;军工ETF;证券ETF
2026-02-09,920355.4040385678,0.0,920355.4040385678,0.0,False,liquidate,-0.1859358015116508,9,沪深300;创业板;黄金;国债ETF;有色ETF;半导体ETF;军工ETF;酒ETF;证券ETF,沪深300;创业板;黄金;国债ETF,有色ETF;半导体ETF;军工ETF;酒ETF;证券ETF
2026-02-10,920428.4481182534,0.0,920428.4481182534,0.0,False,liquidate,-0.1858711932419295,9,沪深300;创业板;黄金;国债ETF;有色ETF;半导体ETF;军工ETF;酒ETF;证券ETF,沪深300;创业板;黄金;国债ETF,有色ETF;半导体ETF;军工ETF;酒ETF;证券ETF
2026-02-11,920501.4979950882,0.0,920501.4979950882,0.0,False,liquidate,-0.1858065798445677,9,沪深300;创业板;黄金;国债ETF;有色ETF;军工ETF;半导体ETF;酒ETF;证券ETF,沪深300;创业板;黄金;国债ETF,有色ETF;军工ETF;半导体ETF;酒ETF;证券ETF
2026-02-12,920574.5536695323,0.0,920574.5536695323,0.0,False,liquidate,-0.18574196131915852,9,沪深300;创业板;黄金;国债ETF;有色ETF;军工ETF;半导体ETF;酒ETF;证券ETF,沪深300;创业板;黄金;国债ETF,有色ETF;军工ETF;半导体ETF;酒ETF;证券ETF
2026-02-13,920647.6151420458,0.0,920647.6151420458,0.0,False,liquidate,-0.18567733766529493,9,沪深300;创业板;黄金;国债ETF;有色ETF;军工ETF;半导体ETF;酒ETF;证券ETF,沪深300;创业板;黄金;国债ETF,有色ETF;军工ETF;半导体ETF;酒ETF;证券ETF
2026-02-24,920720.6824130889,0.0,920720.6824130889,0.0,False,liquidate,-0.18561270888256992,9,沪深300;创业板;黄金;国债ETF;有色ETF;军工ETF;半导体ETF;证券ETF;酒ETF,沪深300;创业板;黄金;国债ETF,有色ETF;军工ETF;半导体ETF;证券ETF;酒ETF
2026-02-25,920793.7554831217,0.0,920793.7554831217,0.0,False,liquidate,-0.18554807497057638,9,沪深300;创业板;黄金;国债ETF;有色ETF;军工ETF;半导体ETF;酒ETF;证券ETF,沪深300;创业板;黄金;国债ETF,有色ETF;军工ETF;半导体ETF;酒ETF;证券ETF
2026-02-26,920866.8343526046,0.0,920866.8343526046,0.0,False,liquidate,-0.18548343592890731,7,创业板;黄金;有色ETF;军工ETF;半导体ETF;酒ETF;证券ETF,创业板;黄金,有色ETF;军工ETF;半导体ETF;酒ETF;证券ETF
2026-02-27,920939.9190219977,0.0,920939.9190219977,0.0,False,liquidate,-0.1854187917571556,7,创业板;黄金;有色ETF;军工ETF;半导体ETF;酒ETF;证券ETF,创业板;黄金,有色ETF;军工ETF;半导体ETF;酒ETF;证券ETF
2026-03-02,921013.0094917614,0.0,921013.0094917614,0.0,False,liquidate,-0.18535414245491402,7,创业板;黄金;军工ETF;有色ETF;半导体ETF;酒ETF;证券ETF,创业板;黄金,军工ETF;有色ETF;半导体ETF;酒ETF;证券ETF
2026-03-03,921086.1057623561,0.0,921086.1057623561,0.0,False,liquidate,-0.18528948802177547,7,黄金;国债ETF;有色ETF;军工ETF;酒ETF;证券ETF;半导体ETF,黄金;国债ETF,有色ETF;军工ETF;酒ETF;证券ETF;半导体ETF
2026-03-04,921159.207834242,0.0,921159.207834242,0.0,False,liquidate,-0.18522482845733274,7,黄金;国债ETF;军工ETF;有色ETF;酒ETF;证券ETF;半导体ETF,黄金;国债ETF,军工ETF;有色ETF;酒ETF;证券ETF;半导体ETF
2026-03-05,921232.3157078797,0.0,921232.3157078797,0.0,False,liquidate,-0.1851601637611785,7,黄金;国债ETF;军工ETF;有色ETF;半导体ETF;证券ETF;创新药ETF,黄金;国债ETF,军工ETF;有色ETF;半导体ETF;证券ETF;创新药ETF
2026-03-06,921305.4293837296,0.0,921305.4293837296,0.0,False,liquidate,-0.18509549393290553,8,创业板;黄金;国债ETF;军工ETF;有色ETF;半导体ETF;证券ETF;创新药ETF,创业板;黄金;国债ETF,军工ETF;有色ETF;半导体ETF;证券ETF;创新药ETF
2026-03-09,921378.5488622522,0.0,921378.5488622522,0.0,False,liquidate,-0.18503081897210652,7,黄金;国债ETF;有色ETF;军工ETF;半导体ETF;创新药ETF;证券ETF,黄金;国债ETF,有色ETF;军工ETF;半导体ETF;创新药ETF;证券ETF
2026-03-10,921451.674143908,0.0,921451.674143908,0.0,False,liquidate,-0.1849661388783741,7,黄金;国债ETF;军工ETF;有色ETF;半导体ETF;创新药ETF;证券ETF,黄金;国债ETF,军工ETF;有色ETF;半导体ETF;创新药ETF;证券ETF
2026-03-11,921524.8052291576,0.0,921524.8052291576,0.0,False,liquidate,-0.18490145365130087,8,创业板;黄金;国债ETF;有色ETF;军工ETF;半导体ETF;创新药ETF;证券ETF,创业板;黄金;国债ETF,有色ETF;军工ETF;半导体ETF;创新药ETF;证券ETF
2026-03-12,921597.9421184615,0.0,921597.9421184615,0.0,False,liquidate,-0.18483676329047952,8,创业板;黄金;国债ETF;有色ETF;军工ETF;半导体ETF;创新药ETF;证券ETF,创业板;黄金;国债ETF,有色ETF;军工ETF;半导体ETF;创新药ETF;证券ETF
2026-03-13,921671.0848122805,0.0,921671.0848122805,0.0,False,liquidate,-0.1847720677955025,7,黄金;国债ETF;有色ETF;军工ETF;半导体ETF;创新药ETF;证券ETF,黄金;国债ETF,有色ETF;军工ETF;半导体ETF;创新药ETF;证券ETF
2026-03-16,921744.2333110751,0.0,921744.2333110751,0.0,False,liquidate,-0.18470736716596245,7,黄金;国债ETF;有色ETF;军工ETF;半导体ETF;创新药ETF;酒ETF,黄金;国债ETF,有色ETF;军工ETF;半导体ETF;创新药ETF;酒ETF
2026-03-17,921817.3876153062,0.0,921817.3876153062,0.0,False,liquidate,-0.1846426614014518,7,黄金;国债ETF;有色ETF;创新药ETF;军工ETF;酒ETF;半导体ETF,黄金;国债ETF,有色ETF;创新药ETF;军工ETF;酒ETF;半导体ETF
2026-03-18,921890.5477254344,0.0,921890.5477254344,0.0,False,liquidate,-0.184577950501563,8,创业板;黄金;国债ETF;半导体ETF;军工ETF;创新药ETF;有色ETF;酒ETF,创业板;黄金;国债ETF,半导体ETF;军工ETF;创新药ETF;有色ETF;酒ETF
2026-03-19,921963.7136419206,0.0,921963.7136419206,0.0,False,liquidate,-0.1845132344658885,7,黄金;国债ETF;半导体ETF;军工ETF;创新药ETF;酒ETF;证券ETF,黄金;国债ETF,半导体ETF;军工ETF;创新药ETF;酒ETF;证券ETF
2026-03-20,922036.8853652255,0.0,922036.8853652255,0.0,False,liquidate,-0.18444851329402073,7,黄金;国债ETF;创新药ETF;半导体ETF;军工ETF;酒ETF;有色ETF,黄金;国债ETF,创新药ETF;半导体ETF;军工ETF;酒ETF;有色ETF
2026-03-23,922110.0628958101,0.0,922110.0628958101,0.0,False,liquidate,-0.1843837869855519,6,国债ETF;半导体ETF;创新药ETF;酒ETF;军工ETF;有色ETF,国债ETF,半导体ETF;创新药ETF;酒ETF;军工ETF;有色ETF
2026-03-24,922183.2462341352,0.0,922183.2462341352,0.0,False,liquidate,-0.18431905554007452,6,国债ETF;半导体ETF;创新药ETF;军工ETF;酒ETF;有色ETF,国债ETF,半导体ETF;创新药ETF;军工ETF;酒ETF;有色ETF
2026-03-25,922256.4353806617,0.0,922256.4353806617,0.0,False,liquidate,-0.1842543189571809,6,创业板;创新药ETF;半导体ETF;酒ETF;有色ETF;军工ETF,创业板,创新药ETF;半导体ETF;酒ETF;有色ETF;军工ETF
2026-03-26,922329.6303358508,0.0,922329.6303358508,0.0,False,liquidate,-0.18418957723646315,5,创新药ETF;半导体ETF;军工ETF;酒ETF;有色ETF,,创新药ETF;半导体ETF;军工ETF;酒ETF;有色ETF
2026-03-27,922402.8311001632,0.0,922402.8311001632,0.0,False,liquidate,-0.18412483037751362,6,国债ETF;创新药ETF;半导体ETF;有色ETF;酒ETF;军工ETF,国债ETF,创新药ETF;半导体ETF;有色ETF;酒ETF;军工ETF
2026-03-30,922476.0376740601,0.0,922476.0376740601,0.0,False,liquidate,-0.18406007837992447,6,国债ETF;创新药ETF;半导体ETF;有色ETF;军工ETF;酒ETF,国债ETF,创新药ETF;半导体ETF;有色ETF;军工ETF;酒ETF
2026-03-31,922549.2500580025,0.0,922549.2500580025,0.0,False,liquidate,-0.1839953212432879,6,国债ETF;创新药ETF;有色ETF;半导体ETF;酒ETF;军工ETF,国债ETF,创新药ETF;有色ETF;半导体ETF;酒ETF;军工ETF
2026-04-01,922622.4682524516,0.0,922622.4682524516,0.0,False,liquidate,-0.18393055896719607,6,国债ETF;创新药ETF;有色ETF;半导体ETF;酒ETF;军工ETF,国债ETF,创新药ETF;有色ETF;半导体ETF;酒ETF;军工ETF
2026-04-02,922695.6922578685,0.0,922695.6922578685,0.0,False,liquidate,-0.18386579155124108,5,创新药ETF;有色ETF;酒ETF;半导体ETF;军工ETF,,创新药ETF;有色ETF;酒ETF;半导体ETF;军工ETF
2026-04-03,922768.9220747143,0.0,922768.9220747143,0.0,False,liquidate,-0.183801018995015,6,国债ETF;创新药ETF;有色ETF;酒ETF;半导体ETF;军工ETF,国债ETF,创新药ETF;有色ETF;酒ETF;半导体ETF;军工ETF
2026-04-07,922842.1577034504,0.0,922842.1577034504,0.0,False,liquidate,-0.18373624129810984,6,国债ETF;创新药ETF;有色ETF;酒ETF;半导体ETF;军工ETF,国债ETF,创新药ETF;有色ETF;酒ETF;半导体ETF;军工ETF
2026-04-08,922915.399144538,0.0,922915.399144538,0.0,False,liquidate,-0.18367145846011765,6,创业板;创新药ETF;半导体ETF;有色ETF;酒ETF;军工ETF,创业板,创新药ETF;半导体ETF;有色ETF;酒ETF;军工ETF
2026-04-09,922988.6463984384,0.0,922988.6463984384,0.0,False,liquidate,-0.1836066704806303,6,创业板;创新药ETF;半导体ETF;有色ETF;酒ETF;军工ETF,创业板,创新药ETF;半导体ETF;有色ETF;酒ETF;军工ETF
2026-04-10,923061.899465613,0.0,923061.899465613,0.0,False,liquidate,-0.1835418773592398,6,创业板;创新药ETF;半导体ETF;有色ETF;酒ETF;军工ETF,创业板,创新药ETF;半导体ETF;有色ETF;酒ETF;军工ETF
2026-04-13,923135.158346523,0.0,923135.158346523,0.0,False,liquidate,-0.18347707909553812,7,沪深300;创业板;创新药ETF;有色ETF;半导体ETF;证券ETF;酒ETF,沪深300;创业板,创新药ETF;有色ETF;半导体ETF;证券ETF;酒ETF
2026-04-14,923208.4230416298,0.0,923208.4230416298,0.0,False,liquidate,-0.1834122756891171,6,创业板;半导体ETF;创新药ETF;有色ETF;军工ETF;证券ETF,创业板,半导体ETF;创新药ETF;有色ETF;军工ETF;证券ETF
2026-04-15,923281.6935513951,0.0,923281.6935513951,0.0,False,liquidate,-0.1833474671395686,7,创业板;纳指;创新药ETF;半导体ETF;有色ETF;军工ETF;酒ETF,创业板;纳指,创新药ETF;半导体ETF;有色ETF;军工ETF;酒ETF
2026-04-16,923354.9698762802,0.0,923354.9698762802,0.0,False,liquidate,-0.1832826534464844,8,沪深300;创业板;纳指;有色ETF;半导体ETF;创新药ETF;军工ETF;酒ETF,沪深300;创业板;纳指,有色ETF;半导体ETF;创新药ETF;军工ETF;酒ETF
2026-04-17,923428.2520167466,0.0,923428.2520167466,0.0,False,liquidate,-0.18321783460945631,8,沪深300;创业板;纳指;有色ETF;半导体ETF;创新药ETF;军工ETF;证券ETF,沪深300;创业板;纳指,有色ETF;半导体ETF;创新药ETF;军工ETF;证券ETF
2026-04-20,923501.5399732558,0.0,923501.5399732558,0.0,False,liquidate,-0.18315301062807612,8,沪深300;创业板;纳指;有色ETF;半导体ETF;军工ETF;创新药ETF;证券ETF,沪深300;创业板;纳指,有色ETF;半导体ETF;军工ETF;创新药ETF;证券ETF
2026-04-21,923574.8337462696,0.0,923574.8337462696,0.0,False,liquidate,-0.18308818150193548,8,沪深300;创业板;纳指;有色ETF;半导体ETF;创新药ETF;军工ETF;证券ETF,沪深300;创业板;纳指,有色ETF;半导体ETF;创新药ETF;军工ETF;证券ETF
2026-04-22,923648.1333362495,0.0,923648.1333362495,0.0,False,liquidate,-0.18302334723062608,9,沪深300;创业板;纳指;国债ETF;半导体ETF;有色ETF;创新药ETF;军工ETF;证券ETF,沪深300;创业板;纳指;国债ETF,半导体ETF;有色ETF;创新药ETF;军工ETF;证券ETF
2026-04-23,923721.4387436572,0.0,923721.4387436572,0.0,False,liquidate,-0.18295850781373957,9,沪深300;创业板;纳指;国债ETF;军工ETF;半导体ETF;创新药ETF;有色ETF;酒ETF,沪深300;创业板;纳指;国债ETF,军工ETF;半导体ETF;创新药ETF;有色ETF;酒ETF
2026-04-24,923794.7499689544,0.0,923794.7499689544,0.0,False,liquidate,-0.1828936632508676,9,沪深300;创业板;纳指;国债ETF;半导体ETF;有色ETF;创新药ETF;军工ETF;酒ETF,沪深300;创业板;纳指;国债ETF,半导体ETF;有色ETF;创新药ETF;军工ETF;酒ETF
2026-04-27,923868.0670126027,0.0,923868.0670126027,0.0,False,liquidate,-0.18282881354160177,8,沪深300;创业板;纳指;半导体ETF;创新药ETF;有色ETF;军工ETF;酒ETF,沪深300;创业板;纳指,半导体ETF;创新药ETF;有色ETF;军工ETF;酒ETF
2026-04-28,923941.389875064,0.0,923941.389875064,0.0,False,liquidate,-0.18276395868553363,9,沪深300;创业板;纳指;国债ETF;半导体ETF;创新药ETF;军工ETF;证券ETF;酒ETF,沪深300;创业板;纳指;国债ETF,半导体ETF;创新药ETF;军工ETF;证券ETF;酒ETF
2026-04-29,924014.7185568002,0.0,924014.7185568002,0.0,False,liquidate,-0.1826990986822547,8,沪深300;创业板;纳指;半导体ETF;创新药ETF;军工ETF;酒ETF;有色ETF,沪深300;创业板;纳指,半导体ETF;创新药ETF;军工ETF;酒ETF;有色ETF
2026-04-30,924088.0530582729,0.0,924088.0530582729,0.0,False,liquidate,-0.18263423353135647,9,沪深300;创业板;纳指;国债ETF;半导体ETF;军工ETF;创新药ETF;证券ETF;酒ETF,沪深300;创业板;纳指;国债ETF,半导体ETF;军工ETF;创新药ETF;证券ETF;酒ETF
2026-05-06,924161.3933799443,0.0,924161.3933799443,0.0,False,liquidate,-0.18256936323243034,8,沪深300;创业板;纳指;半导体ETF;军工ETF;创新药ETF;证券ETF;有色ETF,沪深300;创业板;纳指,半导体ETF;军工ETF;创新药ETF;证券ETF;有色ETF
2026-05-07,924234.7395222761,0.0,924234.7395222761,0.0,False,liquidate,-0.18250448778506775,9,沪深300;创业板;纳指;国债ETF;半导体ETF;军工ETF;有色ETF;创新药ETF;证券ETF,沪深300;创业板;纳指;国债ETF,半导体ETF;军工ETF;有色ETF;创新药ETF;证券ETF
2026-05-08,924308.0914857303,0.0,924308.0914857303,0.0,False,liquidate,-0.1824396071888602,9,沪深300;创业板;纳指;国债ETF;半导体ETF;军工ETF;有色ETF;创新药ETF;证券ETF,沪深300;创业板;纳指;国债ETF,半导体ETF;军工ETF;有色ETF;创新药ETF;证券ETF
2026-05-11,924381.4492707688,0.0,924381.4492707688,0.0,False,liquidate,-0.18237472144339903,9,沪深300;创业板;纳指;国债ETF;半导体ETF;军工ETF;有色ETF;创新药ETF;证券ETF,沪深300;创业板;纳指;国债ETF,半导体ETF;军工ETF;有色ETF;创新药ETF;证券ETF
2026-05-12,924454.8128778539,0.0,924454.8128778539,0.0,False,liquidate,-0.1823098305482754,9,沪深300;创业板;纳指;国债ETF;半导体ETF;军工ETF;有色ETF;创新药ETF;证券ETF,沪深300;创业板;纳指;国债ETF,半导体ETF;军工ETF;有色ETF;创新药ETF;证券ETF
2026-05-13,924528.1823074474,0.0,924528.1823074474,0.0,False,liquidate,-0.18224493450308074,9,沪深300;创业板;纳指;国债ETF;半导体ETF;军工ETF;有色ETF;创新药ETF;证券ETF,沪深300;创业板;纳指;国债ETF,半导体ETF;军工ETF;有色ETF;创新药ETF;证券ETF
2026-05-14,924601.5575600115,0.0,924601.5575600115,0.0,False,liquidate,-0.1821800333074064,9,沪深300;创业板;纳指;国债ETF;半导体ETF;军工ETF;有色ETF;证券ETF;创新药ETF,沪深300;创业板;纳指;国债ETF,半导体ETF;军工ETF;有色ETF;证券ETF;创新药ETF
2026-05-15,924674.9386360084,0.0,924674.9386360084,0.0,False,liquidate,-0.18211512696084342,9,沪深300;创业板;纳指;国债ETF;半导体ETF;军工ETF;有色ETF;创新药ETF;证券ETF,沪深300;创业板;纳指;国债ETF,半导体ETF;军工ETF;有色ETF;创新药ETF;证券ETF
2026-05-18,924748.3255359002,0.0,924748.3255359002,0.0,False,liquidate,-0.18205021546298314,9,沪深300;创业板;纳指;国债ETF;半导体ETF;军工ETF;证券ETF;有色ETF;创新药ETF,沪深300;创业板;纳指;国债ETF,半导体ETF;军工ETF;证券ETF;有色ETF;创新药ETF
2026-05-19,924821.7182601491,0.0,924821.7182601491,0.0,False,liquidate,-0.18198529881341666,9,沪深300;创业板;纳指;国债ETF;半导体ETF;军工ETF;证券ETF;创新药ETF;有色ETF,沪深300;创业板;纳指;国债ETF,半导体ETF;军工ETF;证券ETF;创新药ETF;有色ETF
2026-05-20,924895.1168092174,0.0,924895.1168092174,0.0,False,liquidate,-0.1819203770117352,9,沪深300;创业板;纳指;国债ETF;半导体ETF;军工ETF;创新药ETF;证券ETF;酒ETF,沪深300;创业板;纳指;国债ETF,半导体ETF;军工ETF;创新药ETF;证券ETF;酒ETF
2026-05-21,924968.5211835674,0.0,924968.5211835674,0.0,False,liquidate,-0.18185545005752976,10,沪深300;创业板;纳指;黄金;国债ETF;半导体ETF;创新药ETF;证券ETF;军工ETF;酒ETF,沪深300;创业板;纳指;黄金;国债ETF,半导体ETF;创新药ETF;证券ETF;军工ETF;酒ETF
2026-05-22,925041.9313836613,0.0,925041.9313836613,0.0,False,liquidate,-0.18179051795039142,10,沪深300;创业板;纳指;黄金;国债ETF;半导体ETF;创新药ETF;军工ETF;证券ETF;有色ETF,沪深300;创业板;纳指;黄金;国债ETF,半导体ETF;创新药ETF;军工ETF;证券ETF;有色ETF
2026-05-25,925115.3474099616,0.0,925115.3474099616,0.0,False,liquidate,-0.1817255806899113,9,沪深300;创业板;纳指;国债ETF;半导体ETF;军工ETF;证券ETF;创新药ETF;有色ETF,沪深300;创业板;纳指;国债ETF,半导体ETF;军工ETF;证券ETF;创新药ETF;有色ETF
2026-05-26,925188.7692629307,0.0,925188.7692629307,0.0,False,liquidate,-0.18166063827568027,10,沪深300;创业板;纳指;黄金;国债ETF;半导体ETF;证券ETF;有色ETF;创新药ETF;军工ETF,沪深300;创业板;纳指;黄金;国债ETF,半导体ETF;证券ETF;有色ETF;创新药ETF;军工ETF
2026-05-27,925262.196943031,0.0,925262.196943031,0.0,False,liquidate,-0.1815956907072894,9,沪深300;创业板;纳指;国债ETF;半导体ETF;证券ETF;创新药ETF;军工ETF;有色ETF,沪深300;创业板;纳指;国债ETF,半导体ETF;证券ETF;创新药ETF;军工ETF;有色ETF
2026-05-28,925335.630450725,0.0,925335.630450725,0.0,False,liquidate,-0.18153073798432962,9,沪深300;创业板;纳指;国债ETF;半导体ETF;证券ETF;军工ETF;创新药ETF;有色ETF,沪深300;创业板;纳指;国债ETF,半导体ETF;证券ETF;军工ETF;创新药ETF;有色ETF
