date,nav,exposure,repo_amount,final_multiplier,circuit_breaker_triggered,drawdown_level,drawdown,n_positions,position_names,defense_active,offense_top
2014-01-27,1000000.0,0.0,1000000.0,0.0,True,normal,0.0,0,,创业板;纳指;黄金;国债ETF,
2014-01-28,1000000.0,0.0,1000000.0,0.0,True,normal,0.0,0,,创业板;纳指;黄金;国债ETF,
2014-01-29,1000000.0,0.0,1000000.0,0.0,True,normal,0.0,0,,创业板;纳指;黄金;国债ETF,
2014-01-30,1000000.0,0.0,1000000.0,0.0,True,normal,0.0,0,,创业板;纳指;黄金;国债ETF,
2014-02-07,1000000.0,0.0,1000000.0,0.0,True,normal,0.0,0,,创业板;纳指;黄金;国债ETF,
2014-02-10,1000000.0,0.0,1000000.0,0.0,True,normal,0.0,0,,创业板;纳指;黄金;国债ETF,
2014-02-11,1000000.0,0.0,1000000.0,0.0,True,normal,0.0,0,,创业板;纳指;黄金;国债ETF,
2014-02-12,1000000.0,0.0,1000000.0,0.0,True,normal,0.0,0,,创业板;纳指;黄金;国债ETF,
2014-02-13,1000000.0,0.0,1000000.0,0.0,True,normal,0.0,0,,创业板;纳指;黄金;国债ETF,
2014-02-14,1000000.0,0.0,1000000.0,0.0,True,normal,0.0,0,,创业板;纳指;黄金;国债ETF,
2014-02-17,1000000.0,0.0,1000000.0,0.0,True,normal,0.0,0,,创业板;纳指;黄金;国债ETF,
2014-02-18,1000000.0,0.0,1000000.0,0.0,True,normal,0.0,0,,创业板;纳指;黄金;国债ETF,
2014-02-19,1000000.0,0.0,1000000.0,0.0,True,normal,0.0,0,,创业板;纳指;黄金;国债ETF,
2014-02-20,1000000.0,0.0,1000000.0,0.0,True,normal,0.0,0,,创业板;纳指;黄金;国债ETF,
2014-02-21,1000000.0,0.0,1000000.0,0.0,True,normal,0.0,0,,创业板;纳指;黄金;国债ETF,
2014-02-24,1000000.0,0.0,1000000.0,0.0,True,normal,0.0,0,,创业板;纳指;黄金;国债ETF,
2014-02-25,1000000.0,0.0,1000000.0,0.0,True,normal,0.0,0,,创业板;纳指;黄金;国债ETF,
2014-02-26,1000000.0,0.0,1000000.0,0.0,True,normal,0.0,0,,创业板;纳指;黄金;国债ETF,
2014-02-27,1000000.0,0.0,1000000.0,0.0,True,normal,0.0,0,,创业板;纳指;黄金;国债ETF,
2014-02-28,1000000.0,0.0,1000000.0,0.0,True,normal,0.0,0,,创业板;纳指;黄金;国债ETF,
2014-03-03,1000000.0,0.0,1000000.0,0.0,True,normal,0.0,0,,创业板;纳指;黄金;国债ETF,
2014-03-04,1000000.0,0.0,1000000.0,0.0,True,normal,0.0,0,,创业板;纳指;黄金;国债ETF,
2014-03-05,1000000.0,0.0,1000000.0,0.0,True,normal,0.0,0,,创业板;纳指;黄金;国债ETF,
2014-03-06,1000000.0,0.0,1000000.0,0.0,True,normal,0.0,0,,创业板;纳指;黄金;国债ETF,
2014-03-07,1000000.0,0.0,1000000.0,0.0,True,normal,0.0,0,,创业板;纳指;黄金;国债ETF,
2014-03-10,1000000.0,0.0,1000000.0,0.0,True,normal,0.0,0,,创业板;纳指;黄金;国债ETF,
2014-03-11,1000000.0,0.0,1000000.0,0.0,True,normal,0.0,0,,纳指;黄金;国债ETF,
2014-03-12,1000000.0,0.0,1000000.0,0.0,True,normal,0.0,0,,创业板;纳指;黄金;国债ETF,
2014-03-13,1000000.0,0.0,1000000.0,0.0,True,normal,0.0,0,,创业板;纳指;黄金;国债ETF,
2014-03-14,1000000.0,0.0,1000000.0,0.0,True,normal,0.0,0,,创业板;纳指;黄金;国债ETF,
2014-03-17,1000000.0,0.0,1000000.0,0.0,True,normal,0.0,0,,创业板;纳指;黄金;国债ETF,
2014-03-18,1000000.0,0.0,1000000.0,0.0,True,normal,0.0,0,,创业板;纳指;黄金;国债ETF,
2014-03-19,1000000.0,0.0,1000000.0,0.0,True,normal,0.0,0,,创业板;纳指;黄金;国债ETF,
2014-03-20,1000000.0,0.0,1000000.0,0.0,True,normal,0.0,0,,创业板;纳指;黄金;国债ETF,
2014-03-21,1000000.0,0.0,1000000.0,0.0,True,normal,0.0,0,,创业板;纳指;黄金;国债ETF,
2014-03-24,1000000.0,0.0,1000000.0,0.0,True,normal,0.0,0,,纳指;黄金;国债ETF,
2014-03-25,1000000.0,0.0,1000000.0,0.0,True,normal,0.0,0,,纳指;黄金;国债ETF,
2014-03-26,1000000.0,0.0,1000000.0,0.0,True,normal,0.0,0,,纳指;黄金;国债ETF,
2014-03-27,1000000.0,0.0,1000000.0,0.0,True,normal,0.0,0,,黄金;国债ETF,
2014-03-28,1000000.0,0.0,1000000.0,0.0,True,normal,0.0,0,,纳指;黄金;国债ETF,
2014-03-31,1000000.0,0.0,1000000.0,0.0,True,normal,0.0,0,,纳指;黄金;国债ETF,
2014-04-01,1000000.0,0.0,1000000.0,0.0,True,normal,0.0,0,,纳指;黄金;国债ETF,
2014-04-02,1000000.0,0.0,1000000.0,0.0,True,normal,0.0,0,,纳指;黄金;国债ETF,
2014-04-03,1000000.0,0.0,1000000.0,0.0,True,normal,0.0,0,,纳指;黄金;国债ETF,
2014-04-04,1000000.0,0.0,1000000.0,0.0,True,normal,0.0,0,,纳指;黄金;国债ETF,
2014-04-08,1000000.0,0.0,1000000.0,0.0,True,normal,0.0,0,,黄金;国债ETF,
2014-04-09,1000000.0,0.0,1000000.0,0.0,True,normal,0.0,0,,黄金;国债ETF,
2014-04-10,1000000.0,0.0,1000000.0,0.0,True,normal,0.0,0,,纳指;黄金;国债ETF,
2014-04-11,1000000.0,0.0,1000000.0,0.0,True,normal,0.0,0,,黄金;国债ETF,
2014-04-14,1000000.0,0.0,1000000.0,0.0,True,normal,0.0,0,,黄金;国债ETF,
2014-04-15,1000000.0,0.0,1000000.0,0.0,True,normal,0.0,0,,黄金;国债ETF,
2014-04-16,1000000.0,0.0,1000000.0,0.0,True,normal,0.0,0,,黄金;国债ETF,
2014-04-17,1000000.0,0.0,1000000.0,0.0,True,normal,0.0,0,,黄金;国债ETF,
2014-04-18,1000000.0,0.0,1000000.0,0.0,True,normal,0.0,0,,国债ETF,
2014-04-21,1000000.0,0.0,1000000.0,0.0,True,normal,0.0,0,,国债ETF,
2014-04-22,1000000.0,0.0,1000000.0,0.0,True,normal,0.0,0,,沪深300;国债ETF,
2014-04-23,1000000.0,0.0,1000000.0,0.0,True,normal,0.0,0,,沪深300;国债ETF,
2014-04-24,1000000.0,0.0,1000000.0,0.0,True,normal,0.0,0,,沪深300;国债ETF,
2014-04-25,1000000.0,0.0,1000000.0,0.0,True,normal,0.0,0,,国债ETF,
2014-04-28,1000000.0,0.0,1000000.0,1.0,False,normal,0.0,1,国债ETF,国债ETF,
2014-04-29,1000079.3650793651,0.0,1000079.3650793651,0.0,True,normal,0.0,0,,国债ETF,
2014-04-30,1000079.3650793651,0.0,1000079.3650793651,0.0,True,normal,0.0,0,,国债ETF,
2014-05-05,1000079.3650793651,0.0,1000079.3650793651,0.0,True,normal,0.0,0,,黄金;国债ETF,
2014-05-06,1000079.3650793651,0.0,1000079.3650793651,0.0,True,normal,0.0,0,,国债ETF,
2014-05-07,1000079.3650793651,0.0,1000079.3650793651,0.0,True,normal,0.0,0,,沪深300;黄金;国债ETF,
2014-05-08,1000079.3650793651,0.0,1000079.3650793651,0.0,True,normal,0.0,0,,沪深300;国债ETF,
2014-05-09,1000079.3650793651,0.0,1000079.3650793651,0.0,True,normal,0.0,0,,沪深300;国债ETF,
2014-05-12,1000079.3650793651,0.0,1000079.3650793651,0.0,True,normal,0.0,0,,沪深300;国债ETF,
2014-05-13,1000079.3650793651,0.0,1000079.3650793651,0.0,True,normal,0.0,0,,沪深300;国债ETF,
2014-05-14,1000079.3650793651,0.0,1000079.3650793651,0.0,True,normal,0.0,0,,沪深300;纳指;国债ETF,
2014-05-15,1000079.3650793651,0.0,1000079.3650793651,0.0,True,normal,0.0,0,,沪深300;国债ETF,
2014-05-16,1000079.3650793651,0.0,1000079.3650793651,0.0,True,normal,0.0,0,,沪深300;国债ETF,
2014-05-19,1000079.3650793651,0.0,1000079.3650793651,0.0,True,normal,0.0,0,,沪深300;国债ETF,
2014-05-20,1000079.3650793651,0.0,1000079.3650793651,0.0,True,normal,0.0,0,,国债ETF,
2014-05-21,1000079.3650793651,0.0,1000079.3650793651,0.0,True,normal,0.0,0,,国债ETF,
2014-05-22,1000079.3650793651,0.0,1000079.3650793651,0.0,True,normal,0.0,0,,国债ETF,
2014-05-23,1000079.3650793651,0.0,1000079.3650793651,0.0,True,normal,0.0,0,,纳指;国债ETF,
2014-05-26,1000079.3650793651,0.0,1000079.3650793651,0.0,True,normal,0.0,0,,沪深300;纳指;黄金;国债ETF,
2014-05-27,1000079.3650793651,0.0,1000079.3650793651,0.0,True,normal,0.0,0,,纳指;黄金;国债ETF,
2014-05-28,1000079.3650793651,0.0,1000079.3650793651,0.0,True,normal,0.0,0,,沪深300;创业板;纳指;国债ETF,
2014-05-29,1000079.3650793651,0.0,1000079.3650793651,0.0,True,normal,0.0,0,,沪深300;纳指;国债ETF,
2014-05-30,1000079.3650793651,0.0,1000079.3650793651,0.0,True,normal,0.0,0,,纳指;国债ETF,
2014-06-03,1000079.3650793651,0.0,1000079.3650793651,0.0,True,normal,0.0,0,,纳指;国债ETF,
2014-06-04,1000079.3650793651,0.0,1000079.3650793651,0.0,True,normal,0.0,0,,纳指;国债ETF,
2014-06-05,1000079.3650793651,0.0,1000079.3650793651,0.0,True,normal,0.0,0,,创业板;纳指;国债ETF,
2014-06-06,1000079.3650793651,0.0,1000079.3650793651,0.0,True,normal,0.0,0,,纳指;国债ETF,
2014-06-09,1000079.3650793651,0.0,1000079.3650793651,0.0,True,normal,0.0,0,,纳指;国债ETF,
2014-06-10,1000079.3650793651,0.0,1000079.3650793651,0.0,True,normal,0.0,0,,纳指;国债ETF,
2014-06-11,1000079.3650793651,0.0,1000079.3650793651,1.0,False,normal,0.0,2,纳指;国债ETF,纳指;国债ETF,
2014-06-12,1000158.736457546,0.0,1000158.736457546,1.0,False,normal,0.0,3,创业板;纳指;国债ETF,创业板;纳指;国债ETF,
2014-06-13,1000238.1141350426,0.0,1000238.1141350426,1.0,False,normal,0.0,3,创业板;纳指;国债ETF,创业板;纳指;国债ETF,
2014-06-16,1000317.498112355,0.0,1000317.498112355,1.0,False,normal,0.0,3,创业板;纳指;国债ETF,创业板;纳指;国债ETF,
2014-06-17,1000396.888389983,0.0,1000396.888389983,1.0,False,normal,0.0,3,创业板;纳指;国债ETF,创业板;纳指;国债ETF,
2014-06-18,1000476.2849684267,0.0,1000476.2849684267,1.0,False,normal,0.0,3,创业板;纳指;国债ETF,创业板;纳指;国债ETF,
2014-06-19,1000555.6878481861,0.0,1000555.6878481861,1.0,False,normal,0.0,2,纳指;国债ETF,纳指;国债ETF,
2014-06-20,1000635.0970297614,0.0,1000635.0970297614,1.0,False,normal,0.0,4,创业板;纳指;黄金;国债ETF,创业板;纳指;黄金;国债ETF,
2014-06-23,1000714.5125136527,0.0,1000714.5125136527,1.0,False,normal,0.0,4,创业板;纳指;黄金;国债ETF,创业板;纳指;黄金;国债ETF,
2014-06-24,1000793.9343003602,0.0,1000793.9343003602,1.0,False,normal,0.0,4,创业板;纳指;黄金;国债ETF,创业板;纳指;黄金;国债ETF,
2014-06-25,1000873.3623903841,0.0,1000873.3623903841,1.0,False,normal,0.0,4,沪深300;创业板;纳指;国债ETF,沪深300;创业板;纳指;国债ETF,
2014-06-26,1000952.7967842246,0.0,1000952.7967842246,1.0,False,normal,0.0,5,沪深300;创业板;纳指;黄金;国债ETF,沪深300;创业板;纳指;黄金;国债ETF,
2014-06-27,1001032.2374823821,0.0,1001032.2374823821,1.0,False,normal,0.0,5,沪深300;创业板;纳指;黄金;国债ETF,沪深300;创业板;纳指;黄金;国债ETF,
2014-06-30,1001111.6844853569,0.0,1001111.6844853569,1.0,False,normal,0.0,5,沪深300;创业板;纳指;黄金;国债ETF,沪深300;创业板;纳指;黄金;国债ETF,
2014-07-01,1001191.1377936495,0.0,1001191.1377936495,1.0,False,normal,0.0,5,沪深300;创业板;纳指;黄金;国债ETF,沪深300;创业板;纳指;黄金;国债ETF,
2014-07-02,1001270.5974077601,0.0,1001270.5974077601,1.0,False,normal,0.0,5,沪深300;创业板;纳指;黄金;国债ETF,沪深300;创业板;纳指;黄金;国债ETF,
2014-07-03,1001350.0633281893,0.0,1001350.0633281893,1.0,False,normal,0.0,5,沪深300;创业板;纳指;黄金;国债ETF,沪深300;创业板;纳指;黄金;国债ETF,
2014-07-04,1001429.5355554377,0.0,1001429.5355554377,1.0,False,normal,0.0,5,沪深300;创业板;纳指;黄金;国债ETF,沪深300;创业板;纳指;黄金;国债ETF,
2014-07-07,1001509.0140900057,0.0,1001509.0140900057,1.0,False,normal,0.0,5,沪深300;创业板;纳指;黄金;国债ETF,沪深300;创业板;纳指;黄金;国债ETF,
2014-07-08,1001588.4989323938,0.0,1001588.4989323938,1.0,False,normal,0.0,5,沪深300;创业板;纳指;黄金;国债ETF,沪深300;创业板;纳指;黄金;国债ETF,
2014-07-09,1001667.9900831028,0.0,1001667.9900831028,1.0,False,normal,0.0,5,沪深300;创业板;纳指;黄金;国债ETF,沪深300;创业板;纳指;黄金;国债ETF,
2014-07-10,1001747.4875426333,0.0,1001747.4875426333,1.0,False,normal,0.0,4,沪深300;创业板;纳指;黄金,沪深300;创业板;纳指;黄金,
2014-07-11,1001826.991311486,0.0,1001826.991311486,1.0,False,normal,0.0,5,沪深300;创业板;纳指;黄金;国债ETF,沪深300;创业板;纳指;黄金;国债ETF,
2014-07-14,1001906.5013901616,0.0,1001906.5013901616,1.0,False,normal,0.0,5,沪深300;创业板;纳指;黄金;国债ETF,沪深300;创业板;纳指;黄金;国债ETF,
2014-07-15,1001986.0177791609,0.0,1001986.0177791609,1.0,False,normal,0.0,5,沪深300;创业板;纳指;黄金;国债ETF,沪深300;创业板;纳指;黄金;国债ETF,
2014-07-16,1002065.5404789847,0.0,1002065.5404789847,1.0,False,normal,0.0,4,沪深300;创业板;纳指;国债ETF,沪深300;创业板;纳指;国债ETF,
2014-07-17,1002145.0694901339,0.0,1002145.0694901339,1.0,False,normal,0.0,4,沪深300;创业板;纳指;黄金,沪深300;创业板;纳指;黄金,
2014-07-18,1002224.6048131094,0.0,1002224.6048131094,1.0,False,normal,0.0,4,沪深300;创业板;纳指;黄金,沪深300;创业板;纳指;黄金,
2014-07-21,1002304.1464484121,0.0,1002304.1464484121,0.0,True,normal,0.0,0,,沪深300;纳指;黄金,
2014-07-22,1002304.1464484121,0.0,1002304.1464484121,0.0,True,normal,0.0,0,,沪深300;创业板;纳指;黄金,
2014-07-23,1002304.1464484121,0.0,1002304.1464484121,0.0,True,normal,0.0,0,,沪深300;纳指;黄金,
2014-07-24,1002304.1464484121,0.0,1002304.1464484121,0.0,True,normal,0.0,0,,沪深300;纳指;黄金,
2014-07-25,1002304.1464484121,0.0,1002304.1464484121,0.0,True,normal,0.0,0,,沪深300;纳指;黄金,
2014-07-28,1002304.1464484121,0.0,1002304.1464484121,0.0,True,normal,0.0,0,,沪深300;纳指;黄金,
2014-07-29,1002304.1464484121,0.0,1002304.1464484121,0.0,True,normal,0.0,0,,沪深300;创业板;纳指;黄金,
2014-07-30,1002304.1464484121,0.0,1002304.1464484121,1.0,False,normal,0.0,3,沪深300;纳指;黄金,沪深300;纳指;黄金,
2014-07-31,1002383.694396543,0.0,1002383.694396543,1.0,False,normal,0.0,3,沪深300;纳指;黄金,沪深300;纳指;黄金,
2014-08-01,1002463.248658003,0.0,1002463.248658003,1.0,False,normal,0.0,3,沪深300;纳指;黄金,沪深300;纳指;黄金,
2014-08-04,1002542.8092332934,0.0,1002542.8092332934,1.0,False,normal,0.0,3,沪深300;纳指;黄金,沪深300;纳指;黄金,
2014-08-05,1002622.3761229152,0.0,1002622.3761229152,1.0,False,normal,0.0,3,沪深300;纳指;黄金,沪深300;纳指;黄金,
2014-08-06,1002701.9493273695,0.0,1002701.9493273695,1.0,False,normal,0.0,5,沪深300;创业板;纳指;黄金;国债ETF,沪深300;创业板;纳指;黄金;国债ETF,
2014-08-07,1002781.5288471574,0.0,1002781.5288471574,1.0,False,normal,0.0,4,沪深300;纳指;黄金;国债ETF,沪深300;纳指;黄金;国债ETF,
2014-08-08,1002861.1146827802,0.0,1002861.1146827802,1.0,False,normal,0.0,3,沪深300;纳指;黄金,沪深300;纳指;黄金,
2014-08-11,1002940.7068347392,0.0,1002940.7068347392,1.0,False,normal,0.0,5,沪深300;创业板;纳指;黄金;国债ETF,沪深300;创业板;纳指;黄金;国债ETF,
2014-08-12,1003020.3053035357,0.0,1003020.3053035357,1.0,False,normal,0.0,4,沪深300;创业板;纳指;黄金,沪深300;创业板;纳指;黄金,
2014-08-13,1003099.9100896709,0.0,1003099.9100896709,1.0,False,normal,0.0,5,沪深300;创业板;纳指;黄金;国债ETF,沪深300;创业板;纳指;黄金;国债ETF,
2014-08-14,1003179.5211936464,0.0,1003179.5211936464,1.0,False,normal,0.0,4,沪深300;创业板;纳指;国债ETF,沪深300;创业板;纳指;国债ETF,
2014-08-15,1003259.1386159634,0.0,1003259.1386159634,1.0,False,normal,0.0,4,沪深300;创业板;纳指;国债ETF,沪深300;创业板;纳指;国债ETF,
2014-08-18,1003338.7623571234,0.0,1003338.7623571234,1.0,False,normal,0.0,3,沪深300;创业板;纳指,沪深300;创业板;纳指,
2014-08-19,1003418.392417628,0.0,1003418.392417628,1.0,False,normal,0.0,3,沪深300;创业板;纳指,沪深300;创业板;纳指,
2014-08-20,1003498.0287979787,0.0,1003498.0287979787,1.0,False,normal,0.0,3,沪深300;创业板;纳指,沪深300;创业板;纳指,
2014-08-21,1003577.671498677,0.0,1003577.671498677,1.0,False,normal,0.0,3,沪深300;创业板;纳指,沪深300;创业板;纳指,
2014-08-22,1003657.3205202245,0.0,1003657.3205202245,1.0,False,normal,0.0,4,沪深300;创业板;纳指;国债ETF,沪深300;创业板;纳指;国债ETF,
2014-08-25,1003736.975863123,0.0,1003736.975863123,1.0,False,normal,0.0,4,沪深300;创业板;纳指;国债ETF,沪深300;创业板;纳指;国债ETF,
2014-08-26,1003816.6375278741,0.0,1003816.6375278741,1.0,False,normal,0.0,3,沪深300;纳指;国债ETF,沪深300;纳指;国债ETF,
2014-08-27,1003896.3055149795,0.0,1003896.3055149795,1.0,False,normal,0.0,3,沪深300;纳指;国债ETF,沪深300;纳指;国债ETF,
2014-08-28,1003975.979824941,0.0,1003975.979824941,1.0,False,normal,0.0,3,沪深300;纳指;国债ETF,沪深300;纳指;国债ETF,
2014-08-29,1004055.6604582606,0.0,1004055.6604582606,1.0,False,normal,0.0,4,沪深300;创业板;纳指;国债ETF,沪深300;创业板;纳指;国债ETF,
2014-09-01,1004135.3474154398,0.0,1004135.3474154398,0.0,True,normal,0.0,0,,沪深300;创业板;纳指;国债ETF,
2014-09-02,1004135.3474154398,0.0,1004135.3474154398,0.0,True,normal,0.0,0,,沪深300;创业板;纳指;国债ETF,
2014-09-03,1004135.3474154398,0.0,1004135.3474154398,0.0,True,normal,0.0,0,,沪深300;创业板;纳指;国债ETF,
2014-09-04,1004135.3474154398,0.0,1004135.3474154398,0.0,True,normal,0.0,0,,沪深300;创业板;纳指;国债ETF,
2014-09-05,1004135.3474154398,0.0,1004135.3474154398,0.0,True,normal,0.0,0,,沪深300;创业板;纳指;国债ETF,
2014-09-09,1004135.3474154398,0.0,1004135.3474154398,0.0,True,normal,0.0,0,,沪深300;创业板;纳指;国债ETF,
2014-09-10,1004135.3474154398,0.0,1004135.3474154398,0.0,True,normal,0.0,0,,沪深300;创业板;纳指;国债ETF,
2014-09-11,1004135.3474154398,0.0,1004135.3474154398,0.0,True,normal,0.0,0,,沪深300;创业板;纳指;国债ETF,
2014-09-12,1004135.3474154398,0.0,1004135.3474154398,0.0,True,normal,0.0,0,,沪深300;创业板;纳指;国债ETF,
2014-09-15,1004135.3474154398,0.0,1004135.3474154398,0.0,True,normal,0.0,0,,沪深300;创业板;纳指;国债ETF,
2014-09-16,1004135.3474154398,0.0,1004135.3474154398,0.0,True,normal,0.0,0,,沪深300;创业板;纳指;国债ETF,
2014-09-17,1004135.3474154398,0.0,1004135.3474154398,0.0,True,normal,0.0,0,,沪深300;创业板;纳指;国债ETF,
2014-09-18,1004135.3474154398,0.0,1004135.3474154398,0.0,True,normal,0.0,0,,沪深300;创业板;纳指;国债ETF,
2014-09-19,1004135.3474154398,0.0,1004135.3474154398,0.0,True,normal,0.0,0,,沪深300;创业板;纳指;国债ETF,
2014-09-22,1004135.3474154398,0.0,1004135.3474154398,0.0,True,normal,0.0,0,,沪深300;创业板;纳指;国债ETF,
2014-09-23,1004135.3474154398,0.0,1004135.3474154398,0.0,True,normal,0.0,0,,沪深300;创业板;纳指;国债ETF,
2014-09-24,1004135.3474154398,0.0,1004135.3474154398,0.0,True,normal,0.0,0,,沪深300;创业板;纳指;国债ETF,
2014-09-25,1004135.3474154398,0.0,1004135.3474154398,0.0,True,normal,0.0,0,,沪深300;创业板;纳指;国债ETF,
2014-09-26,1004135.3474154398,0.0,1004135.3474154398,0.0,True,normal,0.0,0,,沪深300;创业板;纳指;国债ETF,
2014-09-29,1004135.3474154398,0.0,1004135.3474154398,0.0,True,normal,0.0,0,,沪深300;创业板;纳指;国债ETF,
2014-09-30,1004135.3474154398,0.0,1004135.3474154398,0.0,True,normal,0.0,0,,沪深300;创业板;纳指;国债ETF,
2014-10-08,1004135.3474154398,0.0,1004135.3474154398,0.0,True,normal,0.0,0,,沪深300;创业板;纳指;国债ETF,
2014-10-09,1004135.3474154398,0.0,1004135.3474154398,0.0,True,normal,0.0,0,,沪深300;创业板;纳指;国债ETF,
2014-10-10,1004135.3474154398,0.0,1004135.3474154398,0.0,True,normal,0.0,0,,沪深300;创业板;纳指;国债ETF,
2014-10-13,1004135.3474154398,0.0,1004135.3474154398,0.0,True,normal,0.0,0,,沪深300;创业板;国债ETF,
2014-10-14,1004135.3474154398,0.0,1004135.3474154398,1.0,False,normal,0.0,3,沪深300;创业板;国债ETF,沪深300;创业板;国债ETF,
2014-10-15,1004215.0406969808,0.0,1004215.0406969808,1.0,False,normal,0.0,3,沪深300;创业板;国债ETF,沪深300;创业板;国债ETF,
2014-10-16,1004294.7403033853,0.0,1004294.7403033853,1.0,False,normal,0.0,3,沪深300;创业板;国债ETF,沪深300;创业板;国债ETF,
2014-10-17,1004374.4462351555,0.0,1004374.4462351555,1.0,False,normal,0.0,3,沪深300;创业板;国债ETF,沪深300;创业板;国债ETF,
2014-10-20,1004454.1584927932,0.0,1004454.1584927932,1.0,False,normal,0.0,3,沪深300;创业板;国债ETF,沪深300;创业板;国债ETF,
2014-10-21,1004533.8770768006,0.0,1004533.8770768006,1.0,False,normal,0.0,3,沪深300;创业板;国债ETF,沪深300;创业板;国债ETF,
2014-10-22,1004613.6019876797,0.0,1004613.6019876797,1.0,False,normal,0.0,3,沪深300;创业板;国债ETF,沪深300;创业板;国债ETF,
2014-10-23,1004693.3332259328,0.0,1004693.3332259328,1.0,False,normal,0.0,3,沪深300;创业板;国债ETF,沪深300;创业板;国债ETF,
2014-10-24,1004773.0707920619,0.0,1004773.0707920619,1.0,False,normal,0.0,3,沪深300;创业板;国债ETF,沪深300;创业板;国债ETF,
2014-10-27,1004852.8146865692,0.0,1004852.8146865692,1.0,False,normal,0.0,3,沪深300;创业板;国债ETF,沪深300;创业板;国债ETF,
2014-10-28,1004932.564909957,0.0,1004932.564909957,1.0,False,normal,0.0,3,沪深300;创业板;国债ETF,沪深300;创业板;国债ETF,
2014-10-29,1005012.3214627277,0.0,1005012.3214627277,1.0,False,normal,0.0,3,沪深300;创业板;国债ETF,沪深300;创业板;国债ETF,
2014-10-30,1005092.0843453836,0.0,1005092.0843453836,1.0,False,normal,0.0,3,沪深300;创业板;国债ETF,沪深300;创业板;国债ETF,
2014-10-31,1005171.853558427,0.0,1005171.853558427,1.0,False,normal,0.0,4,沪深300;创业板;纳指;国债ETF,沪深300;创业板;纳指;国债ETF,
2014-11-03,1005251.6291023602,0.0,1005251.6291023602,1.0,False,normal,0.0,4,沪深300;创业板;纳指;国债ETF,沪深300;创业板;纳指;国债ETF,
2014-11-04,1005331.4109776858,0.0,1005331.4109776858,1.0,False,normal,0.0,4,沪深300;创业板;纳指;国债ETF,沪深300;创业板;纳指;国债ETF,
2014-11-05,1005411.1991849063,0.0,1005411.1991849063,1.0,False,normal,0.0,3,沪深300;创业板;国债ETF,沪深300;创业板;国债ETF,
2014-11-06,1005490.9937245242,0.0,1005490.9937245242,1.0,False,normal,0.0,4,沪深300;创业板;纳指;国债ETF,沪深300;创业板;纳指;国债ETF,
2014-11-07,1005570.794597042,0.0,1005570.794597042,1.0,False,normal,0.0,4,沪深300;创业板;纳指;国债ETF,沪深300;创业板;纳指;国债ETF,
2014-11-10,1005650.6018029625,0.0,1005650.6018029625,1.0,False,normal,0.0,4,沪深300;创业板;纳指;国债ETF,沪深300;创业板;纳指;国债ETF,
2014-11-11,1005730.4153427882,0.0,1005730.4153427882,1.0,False,normal,0.0,3,沪深300;纳指;国债ETF,沪深300;纳指;国债ETF,
2014-11-12,1005810.2352170218,0.0,1005810.2352170218,1.0,False,normal,0.0,3,沪深300;纳指;国债ETF,沪深300;纳指;国债ETF,
2014-11-13,1005890.061426166,0.0,1005890.061426166,1.0,False,normal,0.0,3,沪深300;纳指;国债ETF,沪深300;纳指;国债ETF,
2014-11-14,1005969.8939707236,0.0,1005969.8939707236,1.0,False,normal,0.0,3,沪深300;纳指;国债ETF,沪深300;纳指;国债ETF,
2014-11-17,1006049.7328511975,0.0,1006049.7328511975,1.0,False,normal,0.0,3,沪深300;纳指;国债ETF,沪深300;纳指;国债ETF,
2014-11-18,1006129.5780680905,0.0,1006129.5780680905,1.0,False,normal,0.0,4,沪深300;创业板;纳指;国债ETF,沪深300;创业板;纳指;国债ETF,
2014-11-19,1006209.4296219054,0.0,1006209.4296219054,1.0,False,normal,0.0,4,沪深300;创业板;纳指;国债ETF,沪深300;创业板;纳指;国债ETF,
2014-11-20,1006289.2875131454,0.0,1006289.2875131454,1.0,False,normal,0.0,3,沪深300;纳指;国债ETF,沪深300;纳指;国债ETF,
2014-11-21,1006369.1517423132,0.0,1006369.1517423132,1.0,False,normal,0.0,4,沪深300;创业板;纳指;国债ETF,沪深300;创业板;纳指;国债ETF,
2014-11-24,1006449.0223099118,0.0,1006449.0223099118,1.0,False,normal,0.0,4,沪深300;创业板;纳指;国债ETF,沪深300;创业板;纳指;国债ETF,
2014-11-25,1006528.8992164443,0.0,1006528.8992164443,1.0,False,normal,0.0,4,沪深300;创业板;纳指;国债ETF,沪深300;创业板;纳指;国债ETF,
2014-11-26,1006608.782462414,0.0,1006608.782462414,1.0,False,normal,0.0,4,沪深300;创业板;纳指;国债ETF,沪深300;创业板;纳指;国债ETF,
2014-11-27,1006688.6720483238,0.0,1006688.6720483238,1.0,False,normal,0.0,4,沪深300;创业板;纳指;国债ETF,沪深300;创业板;纳指;国债ETF,
2014-11-28,1006768.5679746768,0.0,1006768.5679746768,1.0,False,normal,0.0,4,沪深300;创业板;纳指;国债ETF,沪深300;创业板;纳指;国债ETF,
2014-12-01,1006848.4702419764,0.0,1006848.4702419764,1.0,False,normal,0.0,4,沪深300;创业板;纳指;国债ETF,沪深300;创业板;纳指;国债ETF,
2014-12-02,1006928.3788507258,0.0,1006928.3788507258,1.0,False,normal,0.0,4,沪深300;创业板;纳指;国债ETF,沪深300;创业板;纳指;国债ETF,
2014-12-03,1007008.2938014283,0.0,1007008.2938014283,1.0,False,normal,0.0,4,沪深300;创业板;纳指;国债ETF,沪深300;创业板;纳指;国债ETF,
2014-12-04,1007088.2150945872,0.0,1007088.2150945872,1.0,False,normal,0.0,4,沪深300;创业板;纳指;国债ETF,沪深300;创业板;纳指;国债ETF,
2014-12-05,1007168.1427307058,0.0,1007168.1427307058,1.0,False,normal,0.0,4,沪深300;创业板;纳指;国债ETF,沪深300;创业板;纳指;国债ETF,
2014-12-08,1007248.0767102876,0.0,1007248.0767102876,1.0,False,normal,0.0,4,沪深300;创业板;纳指;国债ETF,沪深300;创业板;纳指;国债ETF,
2014-12-09,1007328.0170338361,0.0,1007328.0170338361,0.7044440905019091,False,normal,0.0,3,沪深300;纳指;国债ETF,沪深300;纳指;国债ETF,
2014-12-10,1007407.9637018547,0.0,1007407.9637018547,0.5183011408395098,False,normal,0.0,4,沪深300;创业板;纳指;黄金,沪深300;创业板;纳指;黄金,
2014-12-11,1007487.916714847,0.0,1007487.916714847,0.4280904162664208,False,normal,0.0,3,沪深300;创业板;纳指,沪深300;创业板;纳指,
2014-12-12,1007567.8760733164,0.0,1007567.8760733164,0.4410765774883542,False,normal,0.0,3,沪深300;创业板;纳指,沪深300;创业板;纳指,
2014-12-15,1007647.8417777667,0.0,1007647.8417777667,0.606284211696088,False,normal,0.0,4,沪深300;创业板;纳指;国债ETF,沪深300;创业板;纳指;国债ETF,
2014-12-16,1007727.8138287015,0.0,1007727.8138287015,0.6251859404354254,False,normal,0.0,4,沪深300;创业板;纳指;国债ETF,沪深300;创业板;纳指;国债ETF,
2014-12-17,1007807.7922266244,0.0,1007807.7922266244,0.6448042067273938,False,normal,0.0,4,沪深300;创业板;纳指;国债ETF,沪深300;创业板;纳指;国债ETF,
2014-12-18,1007887.7769720393,0.0,1007887.7769720393,0.664931851178534,False,normal,0.0,4,沪深300;创业板;纳指;国债ETF,沪深300;创业板;纳指;国债ETF,
2014-12-19,1007967.7680654498,0.0,1007967.7680654498,0.6842460171627007,False,normal,0.0,4,沪深300;创业板;纳指;国债ETF,沪深300;创业板;纳指;国债ETF,
2014-12-22,1008047.7655073598,0.0,1008047.7655073598,0.7352791508421301,False,normal,0.0,3,沪深300;纳指;国债ETF,沪深300;纳指;国债ETF,
2014-12-23,1008127.7692982731,0.0,1008127.7692982731,0.7357249757642453,False,normal,0.0,3,沪深300;纳指;国债ETF,沪深300;纳指;国债ETF,
2014-12-24,1008207.7794386937,0.0,1008207.7794386937,0.7152035763764105,False,normal,0.0,3,沪深300;纳指;国债ETF,沪深300;纳指;国债ETF,
2014-12-25,1008287.7959291254,0.0,1008287.7959291254,0.763103922392694,False,normal,0.0,5,沪深300;创业板;纳指;黄金;国债ETF,沪深300;创业板;纳指;黄金;国债ETF,
2014-12-26,1008367.8187700722,0.0,1008367.8187700722,0.837385767610382,False,normal,0.0,4,沪深300;纳指;黄金;国债ETF,沪深300;纳指;黄金;国债ETF,
2014-12-29,1008447.8479620381,0.0,1008447.8479620381,0.6341686517321411,False,normal,0.0,3,沪深300;纳指;黄金,沪深300;纳指;黄金,
2014-12-30,1008527.8835055272,0.0,1008527.8835055272,0.6463689027653255,False,normal,0.0,3,沪深300;纳指;黄金,沪深300;纳指;黄金,
2014-12-31,1008607.9254010435,0.0,1008607.9254010435,0.6555149094289229,False,normal,0.0,3,沪深300;纳指;黄金,沪深300;纳指;黄金,
2015-01-05,1008687.9736490912,0.0,1008687.9736490912,0.6755755344855418,False,normal,0.0,3,沪深300;纳指;黄金,沪深300;纳指;黄金,
2015-01-06,1008768.0282501745,0.0,1008768.0282501745,0.5005816504328654,False,normal,0.0,3,沪深300;创业板;黄金,沪深300;创业板;黄金,
2015-01-07,1008848.0892047975,0.0,1008848.0892047975,0.5095851705082957,False,normal,0.0,3,沪深300;创业板;黄金,沪深300;创业板;黄金,
2015-01-08,1008928.1565134646,0.0,1008928.1565134646,0.6879297078929091,False,normal,0.0,4,沪深300;创业板;纳指;黄金,沪深300;创业板;纳指;黄金,
2015-01-09,1009008.23017668,0.0,1009008.23017668,0.7081345010102497,False,normal,0.0,4,沪深300;创业板;纳指;黄金,沪深300;创业板;纳指;黄金,
2015-01-12,1009088.3101949481,0.0,1009088.3101949481,1.0,False,normal,0.0,5,沪深300;创业板;纳指;黄金;国债ETF,沪深300;创业板;纳指;黄金;国债ETF,
2015-01-13,1009168.3965687732,0.0,1009168.3965687732,0.7489028450766348,False,normal,0.0,4,沪深300;创业板;黄金;国债ETF,沪深300;创业板;黄金;国债ETF,
2015-01-14,1009248.4892986596,0.0,1009248.4892986596,0.7628670807282126,False,normal,0.0,4,沪深300;创业板;黄金;国债ETF,沪深300;创业板;黄金;国债ETF,
2015-01-15,1009328.5883851119,0.0,1009328.5883851119,0.7779640840860941,False,normal,0.0,4,沪深300;创业板;黄金;国债ETF,沪深300;创业板;黄金;国债ETF,
2015-01-16,1009408.6938286346,0.0,1009408.6938286346,0.7203382692323846,False,normal,0.0,4,沪深300;创业板;黄金;国债ETF,沪深300;创业板;黄金;国债ETF,
2015-01-19,1009488.8056297321,0.0,1009488.8056297321,0.6008863075726901,False,normal,0.0,4,沪深300;创业板;黄金;国债ETF,沪深300;创业板;黄金;国债ETF,
2015-01-20,1009568.9237889091,0.0,1009568.9237889091,0.5751777004516798,False,normal,0.0,4,沪深300;创业板;黄金;国债ETF,沪深300;创业板;黄金;国债ETF,
2015-01-21,1009649.0483066702,0.0,1009649.0483066702,0.5617552843283361,False,normal,0.0,4,沪深300;创业板;黄金;国债ETF,沪深300;创业板;黄金;国债ETF,
2015-01-22,1009729.1791835199,0.0,1009729.1791835199,0.5774095939408342,False,normal,0.0,4,沪深300;创业板;黄金;国债ETF,沪深300;创业板;黄金;国债ETF,
2015-01-23,1009809.3164199631,0.0,1009809.3164199631,0.5882028871335881,False,normal,0.0,4,沪深300;创业板;黄金;国债ETF,沪深300;创业板;黄金;国债ETF,
2015-01-26,1009889.4600165045,0.0,1009889.4600165045,0.5986697768402907,False,normal,0.0,4,沪深300;创业板;黄金;国债ETF,沪深300;创业板;黄金;国债ETF,
2015-01-27,1009969.6099736487,0.0,1009969.6099736487,0.6088658790651588,False,normal,0.0,4,沪深300;创业板;黄金;国债ETF,沪深300;创业板;黄金;国债ETF,
2015-01-28,1010049.7662919007,0.0,1010049.7662919007,0.6135460372360992,False,normal,0.0,4,沪深300;创业板;黄金;国债ETF,沪深300;创业板;黄金;国债ETF,
2015-01-29,1010129.9289717651,0.0,1010129.9289717651,0.6185675011206047,False,normal,0.0,4,沪深300;创业板;黄金;国债ETF,沪深300;创业板;黄金;国债ETF,
2015-01-30,1010210.098013747,0.0,1010210.098013747,0.6026652378039336,False,normal,0.0,4,沪深300;创业板;黄金;国债ETF,沪深300;创业板;黄金;国债ETF,
2015-02-02,1010290.2734183513,0.0,1010290.2734183513,0.6215671905272356,False,normal,0.0,4,沪深300;创业板;黄金;国债ETF,沪深300;创业板;黄金;国债ETF,
2015-02-03,1010370.455186083,0.0,1010370.455186083,0.6087069646778756,False,normal,0.0,4,沪深300;创业板;黄金;国债ETF,沪深300;创业板;黄金;国债ETF,
2015-02-04,1010450.643317447,0.0,1010450.643317447,0.7405959231959685,False,normal,0.0,5,沪深300;创业板;纳指;黄金;国债ETF,沪深300;创业板;纳指;黄金;国债ETF,
2015-02-05,1010530.8378129485,0.0,1010530.8378129485,0.6404559255195243,False,normal,0.0,4,沪深300;创业板;黄金;国债ETF,沪深300;创业板;黄金;国债ETF,
2015-02-06,1010611.0386730924,0.0,1010611.0386730924,0.7637883603270716,False,normal,0.0,5,沪深300;创业板;纳指;黄金;国债ETF,沪深300;创业板;纳指;黄金;国债ETF,
2015-02-09,1010691.2458983839,0.0,1010691.2458983839,0.7722887545827717,False,normal,0.0,5,沪深300;创业板;纳指;黄金;国债ETF,沪深300;创业板;纳指;黄金;国债ETF,
2015-02-10,1010771.4594893283,0.0,1010771.4594893283,0.7783668381732486,False,normal,0.0,5,沪深300;创业板;纳指;黄金;国债ETF,沪深300;创业板;纳指;黄金;国债ETF,
2015-02-11,1010851.6794464306,0.0,1010851.6794464306,0.7906082312670913,False,normal,0.0,5,沪深300;创业板;纳指;黄金;国债ETF,沪深300;创业板;纳指;黄金;国债ETF,
2015-02-12,1010931.9057701962,0.0,1010931.9057701962,0.8148664471527314,False,normal,0.0,5,沪深300;创业板;纳指;黄金;国债ETF,沪深300;创业板;纳指;黄金;国债ETF,
2015-02-13,1011012.1384611304,0.0,1011012.1384611304,0.798884896580049,False,normal,0.0,5,沪深300;创业板;纳指;黄金;国债ETF,沪深300;创业板;纳指;黄金;国债ETF,
2015-02-16,1011092.3775197385,0.0,1011092.3775197385,0.7901909542737485,False,normal,0.0,5,沪深300;创业板;纳指;黄金;国债ETF,沪深300;创业板;纳指;黄金;国债ETF,
2015-02-17,1011172.6229465258,0.0,1011172.6229465258,0.8138873458115499,False,normal,0.0,5,沪深300;创业板;纳指;黄金;国债ETF,沪深300;创业板;纳指;黄金;国债ETF,
2015-02-25,1011252.8747419978,0.0,1011252.8747419978,0.8189566913840249,False,normal,0.0,5,沪深300;创业板;纳指;黄金;国债ETF,沪深300;创业板;纳指;黄金;国债ETF,
2015-02-26,1011333.1329066599,0.0,1011333.1329066599,0.8380342455615771,False,normal,0.0,5,沪深300;创业板;纳指;黄金;国债ETF,沪深300;创业板;纳指;黄金;国债ETF,
2015-02-27,1011413.3974410176,0.0,1011413.3974410176,0.8579467591739404,False,normal,0.0,5,沪深300;创业板;纳指;黄金;国债ETF,沪深300;创业板;纳指;黄金;国债ETF,
2015-03-02,1011493.6683455764,0.0,1011493.6683455764,0.8666870342181757,False,normal,0.0,5,沪深300;创业板;纳指;黄金;国债ETF,沪深300;创业板;纳指;黄金;国债ETF,
2015-03-03,1011573.9456208419,0.0,1011573.9456208419,0.8477167526845081,False,normal,0.0,5,沪深300;创业板;纳指;黄金;国债ETF,沪深300;创业板;纳指;黄金;国债ETF,
2015-03-04,1011654.2292673198,0.0,1011654.2292673198,0.8656750794920784,False,normal,0.0,5,沪深300;创业板;纳指;黄金;国债ETF,沪深300;创业板;纳指;黄金;国债ETF,
2015-03-05,1011734.5192855156,0.0,1011734.5192855156,1.0,False,normal,0.0,4,创业板;纳指;黄金;国债ETF,创业板;纳指;黄金;国债ETF,
2015-03-06,1011814.8156759351,0.0,1011814.8156759351,1.0,False,normal,0.0,4,创业板;纳指;黄金;国债ETF,创业板;纳指;黄金;国债ETF,
2015-03-09,1011895.118439084,0.0,1011895.118439084,1.0,False,normal,0.0,3,创业板;纳指;国债ETF,创业板;纳指;国债ETF,
2015-03-10,1011975.4275754681,0.0,1011975.4275754681,1.0,False,normal,0.0,3,创业板;纳指;国债ETF,创业板;纳指;国债ETF,
2015-03-11,1012055.7430855932,0.0,1012055.7430855932,1.0,False,normal,0.0,3,创业板;纳指;国债ETF,创业板;纳指;国债ETF,
2015-03-12,1012136.0649699651,0.0,1012136.0649699651,0.8131182359171031,False,normal,0.0,4,沪深300;创业板;纳指;国债ETF,沪深300;创业板;纳指;国债ETF,
2015-03-13,1012216.3932290898,0.0,1012216.3932290898,0.818560793753247,False,normal,0.0,4,沪深300;创业板;纳指;国债ETF,沪深300;创业板;纳指;国债ETF,
2015-03-16,1012296.7278634731,0.0,1012296.7278634731,0.7926959015255675,False,normal,0.0,4,沪深300;创业板;纳指;国债ETF,沪深300;创业板;纳指;国债ETF,
2015-03-17,1012377.068873621,0.0,1012377.068873621,0.8164932232914646,False,normal,0.0,4,沪深300;创业板;纳指;国债ETF,沪深300;创业板;纳指;国债ETF,
2015-03-18,1012457.4162600397,0.0,1012457.4162600397,0.8120215972142217,False,normal,0.0,4,沪深300;创业板;纳指;国债ETF,沪深300;创业板;纳指;国债ETF,
2015-03-19,1012537.770023235,0.0,1012537.770023235,0.834043565089683,False,normal,0.0,4,沪深300;创业板;纳指;国债ETF,沪深300;创业板;纳指;国债ETF,
2015-03-20,1012618.1301637131,0.0,1012618.1301637131,0.854705454438117,False,normal,0.0,4,沪深300;创业板;纳指;国债ETF,沪深300;创业板;纳指;国债ETF,
2015-03-23,1012698.4966819801,0.0,1012698.4966819801,0.8218876619350124,False,normal,0.0,4,沪深300;创业板;纳指;国债ETF,沪深300;创业板;纳指;国债ETF,
2015-03-24,1012778.8695785422,0.0,1012778.8695785422,0.8451638876904071,False,normal,0.0,4,沪深300;创业板;纳指;国债ETF,沪深300;创业板;纳指;国债ETF,
2015-03-25,1012859.2488539056,0.0,1012859.2488539056,0.8638683388521784,False,normal,0.0,4,沪深300;创业板;纳指;国债ETF,沪深300;创业板;纳指;国债ETF,
2015-03-26,1012939.6345085766,0.0,1012939.6345085766,0.753460273739808,False,normal,0.0,4,沪深300;创业板;纳指;国债ETF,沪深300;创业板;纳指;国债ETF,
2015-03-27,1013020.0265430615,0.0,1013020.0265430615,0.7745510800810954,False,normal,0.0,4,沪深300;创业板;纳指;国债ETF,沪深300;创业板;纳指;国债ETF,
2015-03-30,1013100.4249578665,0.0,1013100.4249578665,0.5948497492980106,False,normal,0.0,3,沪深300;创业板;纳指,沪深300;创业板;纳指,
2015-03-31,1013180.8297534982,0.0,1013180.8297534982,0.6133296183117432,False,normal,0.0,3,沪深300;创业板;纳指,沪深300;创业板;纳指,
2015-04-01,1013261.2409304628,0.0,1013261.2409304628,0.6310328423185303,False,normal,0.0,3,沪深300;创业板;纳指,沪深300;创业板;纳指,
2015-04-02,1013341.6584892669,0.0,1013341.6584892669,0.8629101912621028,False,normal,0.0,4,沪深300;创业板;纳指;国债ETF,沪深300;创业板;纳指;国债ETF,
2015-04-03,1013422.0824304168,0.0,1013422.0824304168,1.0,False,normal,0.0,4,沪深300;创业板;纳指;国债ETF,沪深300;创业板;纳指;国债ETF,
2015-04-07,1013502.5127544192,0.0,1013502.5127544192,0.6697872705765643,False,normal,0.0,3,沪深300;创业板;纳指,沪深300;创业板;纳指,
2015-04-08,1013582.9494617807,0.0,1013582.9494617807,0.656124884577784,False,normal,0.0,3,沪深300;创业板;纳指,沪深300;创业板;纳指,
2015-04-09,1013663.3925530079,0.0,1013663.3925530079,0.6681901818484419,False,normal,0.0,3,沪深300;创业板;纳指,沪深300;创业板;纳指,
2015-04-10,1013743.8420286074,0.0,1013743.8420286074,0.6889529652925572,False,normal,0.0,3,沪深300;创业板;纳指,沪深300;创业板;纳指,
2015-04-13,1013824.2978890858,0.0,1013824.2978890858,0.7066963058805206,False,normal,0.0,3,沪深300;创业板;纳指,沪深300;创业板;纳指,
2015-04-14,1013904.76013495,0.0,1013904.76013495,0.7118684972279365,False,normal,0.0,3,沪深300;创业板;纳指,沪深300;创业板;纳指,
2015-04-15,1013985.2287667069,0.0,1013985.2287667069,0.6250457927349152,False,normal,0.0,3,沪深300;创业板;纳指,沪深300;创业板;纳指,
2015-04-16,1014065.703784863,0.0,1014065.703784863,0.6031690459931819,False,normal,0.0,3,沪深300;创业板;纳指,沪深300;创业板;纳指,
2015-04-17,1014146.1851899254,0.0,1014146.1851899254,0.6221192623145227,False,normal,0.0,3,沪深300;创业板;纳指,沪深300;创业板;纳指,
2015-04-20,1014226.6729824007,0.0,1014226.6729824007,0.40187172627589185,False,normal,0.0,2,沪深300;创业板,沪深300;创业板,
2015-04-21,1014307.1671627962,0.0,1014307.1671627962,0.34538156437352696,False,normal,0.0,2,沪深300;创业板,沪深300;创业板,
2015-04-22,1014387.6677316187,0.0,1014387.6677316187,0.5243853744844642,False,normal,0.0,3,沪深300;创业板;国债ETF,沪深300;创业板;国债ETF,
2015-04-23,1014468.1746893752,0.0,1014468.1746893752,0.5396636474971975,False,normal,0.0,3,沪深300;创业板;国债ETF,沪深300;创业板;国债ETF,
2015-04-24,1014548.6880365728,0.0,1014548.6880365728,0.5080614615503395,False,normal,0.0,3,沪深300;创业板;纳指,沪深300;创业板;纳指,
2015-04-27,1014629.2077737185,0.0,1014629.2077737185,0.6926108468381486,False,normal,0.0,4,沪深300;创业板;纳指;国债ETF,沪深300;创业板;纳指;国债ETF,
2015-04-28,1014709.7339013197,0.0,1014709.7339013197,0.5465309439581432,False,normal,0.0,3,沪深300;创业板;国债ETF,沪深300;创业板;国债ETF,
2015-04-29,1014790.2664198834,0.0,1014790.2664198834,0.5379783843417216,False,normal,0.0,3,沪深300;创业板;国债ETF,沪深300;创业板;国债ETF,
2015-04-30,1014870.8053299168,0.0,1014870.8053299168,0.6696961391565677,False,normal,0.0,4,沪深300;创业板;纳指;国债ETF,沪深300;创业板;纳指;国债ETF,
2015-05-04,1014951.3506319271,0.0,1014951.3506319271,0.5670179917862846,False,normal,0.0,3,沪深300;创业板;国债ETF,沪深300;创业板;国债ETF,
2015-05-05,1015031.9023264218,0.0,1015031.9023264218,0.6205963035997172,False,normal,0.0,4,沪深300;创业板;纳指;国债ETF,沪深300;创业板;纳指;国债ETF,
2015-05-06,1015112.4604139081,0.0,1015112.4604139081,0.6872625587841233,False,normal,0.0,4,沪深300;创业板;黄金;国债ETF,沪深300;创业板;黄金;国债ETF,
2015-05-07,1015193.0248948934,0.0,1015193.0248948934,0.6318640494836644,False,normal,0.0,4,沪深300;创业板;纳指;国债ETF,沪深300;创业板;纳指;国债ETF,
2015-05-08,1015273.5957698851,0.0,1015273.5957698851,0.5612992011207174,False,normal,0.0,4,沪深300;创业板;纳指;国债ETF,沪深300;创业板;纳指;国债ETF,
2015-05-11,1015354.1730393907,0.0,1015354.1730393907,0.6458204683986182,False,normal,0.0,5,沪深300;创业板;纳指;黄金;国债ETF,沪深300;创业板;纳指;黄金;国债ETF,
2015-05-12,1015434.7567039176,0.0,1015434.7567039176,0.6639869289302539,False,normal,0.0,5,沪深300;创业板;纳指;黄金;国债ETF,沪深300;创业板;纳指;黄金;国债ETF,
2015-05-13,1015515.3467639736,0.0,1015515.3467639736,0.6566115580369093,False,normal,0.0,5,沪深300;创业板;纳指;黄金;国债ETF,沪深300;创业板;纳指;黄金;国债ETF,
2015-05-14,1015595.943220066,0.0,1015595.943220066,0.0,True,normal,0.0,0,,沪深300;创业板;纳指;黄金;国债ETF,
2015-05-15,1015595.943220066,0.0,1015595.943220066,0.0,True,normal,0.0,0,,沪深300;创业板;纳指;黄金;国债ETF,
2015-05-18,1015595.943220066,0.0,1015595.943220066,0.0,True,normal,0.0,0,,沪深300;创业板;纳指;黄金;国债ETF,
2015-05-19,1015595.943220066,0.0,1015595.943220066,0.0,True,normal,0.0,0,,沪深300;创业板;纳指;黄金;国债ETF,
2015-05-20,1015595.943220066,0.0,1015595.943220066,0.0,True,normal,0.0,0,,沪深300;创业板;黄金;国债ETF,
2015-05-21,1015595.943220066,0.0,1015595.943220066,0.0,True,normal,0.0,0,,沪深300;创业板;黄金;国债ETF,
2015-05-22,1015595.943220066,0.0,1015595.943220066,0.0,True,normal,0.0,0,,沪深300;创业板;纳指;黄金;国债ETF,
2015-05-25,1015595.943220066,0.0,1015595.943220066,0.0,True,normal,0.0,0,,沪深300;创业板;纳指;黄金;国债ETF,
2015-05-26,1015595.943220066,0.0,1015595.943220066,0.0,True,normal,0.0,0,,沪深300;创业板;纳指;黄金;国债ETF,
2015-05-27,1015595.943220066,0.0,1015595.943220066,0.0,True,normal,0.0,0,,沪深300;创业板;纳指;黄金;国债ETF,
2015-05-28,1015595.943220066,0.0,1015595.943220066,0.0,True,normal,0.0,0,,沪深300;创业板;纳指;黄金;国债ETF,
2015-05-29,1015595.943220066,0.0,1015595.943220066,0.0,True,normal,0.0,0,,沪深300;创业板;纳指;国债ETF,
2015-06-01,1015595.943220066,0.0,1015595.943220066,0.0,True,normal,0.0,0,,沪深300;创业板;纳指;国债ETF,
2015-06-02,1015595.943220066,0.0,1015595.943220066,0.0,True,normal,0.0,0,,沪深300;创业板;纳指;国债ETF,
2015-06-03,1015595.943220066,0.0,1015595.943220066,0.526578840681487,False,normal,0.0,4,沪深300;创业板;纳指;国债ETF,沪深300;创业板;纳指;国债ETF,
2015-06-04,1015676.5460727026,0.0,1015676.5460727026,0.5418772902579283,False,normal,0.0,4,沪深300;创业板;纳指;国债ETF,沪深300;创业板;纳指;国债ETF,
2015-06-05,1015757.155322391,0.0,1015757.155322391,0.55332063891725,False,normal,0.0,4,沪深300;创业板;纳指;国债ETF,沪深300;创业板;纳指;国债ETF,
2015-06-08,1015837.7709696388,0.0,1015837.7709696388,0.5562122066182578,False,normal,0.0,4,沪深300;创业板;纳指;国债ETF,沪深300;创业板;纳指;国债ETF,
2015-06-09,1015918.3930149539,0.0,1015918.3930149539,0.5650285598342456,False,normal,0.0,4,沪深300;创业板;纳指;国债ETF,沪深300;创业板;纳指;国债ETF,
2015-06-10,1015999.0214588441,0.0,1015999.0214588441,0.7137202592545691,False,normal,0.0,5,沪深300;创业板;纳指;黄金;国债ETF,沪深300;创业板;纳指;黄金;国债ETF,
2015-06-11,1016079.656301817,0.0,1016079.656301817,0.5956707914137636,False,normal,0.0,4,沪深300;创业板;纳指;国债ETF,沪深300;创业板;纳指;国债ETF,
2015-06-12,1016160.2975443808,0.0,1016160.2975443808,0.6142856817982062,False,normal,0.0,4,沪深300;创业板;纳指;国债ETF,沪深300;创业板;纳指;国债ETF,
2015-06-15,1016240.945187043,0.0,1016240.945187043,0.4110188246265726,False,normal,0.0,3,沪深300;创业板;纳指,沪深300;创业板;纳指,
2015-06-16,1016321.5992303119,0.0,1016321.5992303119,0.3968157082853883,False,normal,0.0,3,沪深300;创业板;纳指,沪深300;创业板;纳指,
2015-06-17,1016402.2596746953,0.0,1016402.2596746953,0.0,True,normal,0.0,0,,沪深300;创业板;纳指,
2015-06-18,1016402.2596746953,0.0,1016402.2596746953,0.0,True,normal,0.0,0,,沪深300;创业板;纳指,
2015-06-19,1016402.2596746953,0.0,1016402.2596746953,0.0,True,normal,0.0,0,,创业板,
2015-06-23,1016402.2596746953,0.0,1016402.2596746953,0.0,True,normal,0.0,0,,创业板;纳指,
2015-06-24,1016402.2596746953,0.0,1016402.2596746953,0.0,True,normal,0.0,0,,沪深300;创业板;纳指,
2015-06-25,1016402.2596746953,0.0,1016402.2596746953,0.0,True,normal,0.0,0,,创业板;纳指,
2015-06-26,1016402.2596746953,0.0,1016402.2596746953,0.0,True,normal,0.0,0,,创业板;纳指,
2015-06-29,1016402.2596746953,0.0,1016402.2596746953,0.0,True,normal,0.0,0,,,
2015-06-30,1016402.2596746953,0.0,1016402.2596746953,0.0,True,normal,0.0,0,,创业板,
2015-07-01,1016402.2596746953,0.0,1016402.2596746953,0.0,True,normal,0.0,0,,纳指,
2015-07-02,1016402.2596746953,0.0,1016402.2596746953,0.0,True,normal,0.0,0,,纳指,
2015-07-03,1016402.2596746953,0.0,1016402.2596746953,0.0,True,normal,0.0,0,,,
2015-07-06,1016402.2596746953,0.0,1016402.2596746953,0.0,True,normal,0.0,0,,,
2015-07-07,1016402.2596746953,0.0,1016402.2596746953,0.0,True,normal,0.0,0,,国债ETF,
2015-07-08,1016402.2596746953,0.0,1016402.2596746953,0.0,True,normal,0.0,0,,国债ETF,
2015-07-09,1016402.2596746953,0.0,1016402.2596746953,1.0,False,normal,0.0,1,国债ETF,国债ETF,
2015-07-10,1016482.9265207013,0.0,1016482.9265207013,1.0,False,normal,0.0,0,,,
2015-07-13,1016482.9265207013,0.0,1016482.9265207013,1.0,False,normal,0.0,0,,,
2015-07-14,1016482.9265207013,0.0,1016482.9265207013,1.0,False,normal,0.0,0,,,
2015-07-15,1016482.9265207013,0.0,1016482.9265207013,1.0,False,normal,0.0,2,纳指;国债ETF,纳指;国债ETF,
2015-07-16,1016563.5997688379,0.0,1016563.5997688379,1.0,False,normal,0.0,1,国债ETF,国债ETF,
2015-07-17,1016644.2794196133,0.0,1016644.2794196133,1.0,False,normal,0.0,2,纳指;国债ETF,纳指;国债ETF,
2015-07-20,1016724.9654735356,0.0,1016724.9654735356,1.0,False,normal,0.0,2,纳指;国债ETF,纳指;国债ETF,
2015-07-21,1016805.6579311129,0.0,1016805.6579311129,1.0,False,normal,0.0,2,纳指;国债ETF,纳指;国债ETF,
2015-07-22,1016886.3567928536,0.0,1016886.3567928536,1.0,False,normal,0.0,2,纳指;国债ETF,纳指;国债ETF,
2015-07-23,1016967.0620592658,0.0,1016967.0620592658,1.0,False,normal,0.0,2,纳指;国债ETF,纳指;国债ETF,
2015-07-24,1017047.7737308579,0.0,1017047.7737308579,1.0,False,normal,0.0,2,纳指;国债ETF,纳指;国债ETF,
2015-07-27,1017128.4918081382,0.0,1017128.4918081382,1.0,False,normal,0.0,2,纳指;国债ETF,纳指;国债ETF,
2015-07-28,1017209.216291615,0.0,1017209.216291615,1.0,False,normal,0.0,2,纳指;国债ETF,纳指;国债ETF,
2015-07-29,1017289.947181797,0.0,1017289.947181797,1.0,False,normal,0.0,2,纳指;国债ETF,纳指;国债ETF,
2015-07-30,1017370.6844791925,0.0,1017370.6844791925,1.0,False,normal,0.0,2,纳指;国债ETF,纳指;国债ETF,
2015-07-31,1017451.42818431,0.0,1017451.42818431,1.0,False,normal,0.0,2,纳指;国债ETF,纳指;国债ETF,
2015-08-03,1017532.178297658,0.0,1017532.178297658,1.0,False,normal,0.0,2,纳指;国债ETF,纳指;国债ETF,
2015-08-04,1017612.9348197451,0.0,1017612.9348197451,1.0,False,normal,0.0,2,纳指;国债ETF,纳指;国债ETF,
2015-08-05,1017693.69775108,0.0,1017693.69775108,1.0,False,normal,0.0,2,纳指;国债ETF,纳指;国债ETF,
2015-08-06,1017774.4670921714,0.0,1017774.4670921714,1.0,False,normal,0.0,2,纳指;国债ETF,纳指;国债ETF,
2015-08-07,1017855.242843528,0.0,1017855.242843528,1.0,False,normal,0.0,2,纳指;国债ETF,纳指;国债ETF,
2015-08-10,1017936.0250056585,0.0,1017936.0250056585,1.0,False,normal,0.0,2,纳指;国债ETF,纳指;国债ETF,
2015-08-11,1018016.8135790717,0.0,1018016.8135790717,0.7746283063336095,False,normal,0.0,2,纳指;国债ETF,纳指;国债ETF,
2015-08-12,1018097.6085642764,0.0,1018097.6085642764,0.7402425792571937,False,normal,0.0,2,纳指;国债ETF,纳指;国债ETF,
2015-08-13,1018178.4099617815,0.0,1018178.4099617815,0.7600307853661876,False,normal,0.0,2,纳指;国债ETF,纳指;国债ETF,
2015-08-14,1018259.2177720959,0.0,1018259.2177720959,0.7834810843036588,False,normal,0.0,2,纳指;国债ETF,纳指;国债ETF,
2015-08-17,1018340.0319957287,0.0,1018340.0319957287,0.8075029240264114,False,normal,0.0,2,纳指;国债ETF,纳指;国债ETF,
2015-08-18,1018420.8526331887,0.0,1018420.8526331887,0.8282161587602946,False,normal,0.0,2,纳指;国债ETF,纳指;国债ETF,
2015-08-19,1018501.6796849851,0.0,1018501.6796849851,0.8321984334898018,False,normal,0.0,2,纳指;国债ETF,纳指;国债ETF,
2015-08-20,1018582.5131516268,0.0,1018582.5131516268,0.8320219288010852,False,normal,0.0,2,纳指;国债ETF,纳指;国债ETF,
2015-08-21,1018663.353033623,0.0,1018663.353033623,1.0,False,normal,0.0,3,纳指;黄金;国债ETF,纳指;黄金;国债ETF,
2015-08-24,1018744.1993314829,0.0,1018744.1993314829,1.0,False,normal,0.0,2,黄金;国债ETF,黄金;国债ETF,
2015-08-25,1018825.0520457156,0.0,1018825.0520457156,1.0,False,normal,0.0,2,黄金;国债ETF,黄金;国债ETF,
2015-08-26,1018905.9111768304,0.0,1018905.9111768304,1.0,False,normal,0.0,2,黄金;国债ETF,黄金;国债ETF,
2015-08-27,1018986.7767253366,0.0,1018986.7767253366,0.7270405098739279,False,normal,0.0,3,纳指;黄金;国债ETF,纳指;黄金;国债ETF,
2015-08-28,1019067.6486917434,0.0,1019067.6486917434,0.7243033731042986,False,normal,0.0,3,纳指;黄金;国债ETF,纳指;黄金;国债ETF,
2015-08-31,1019148.5270765602,0.0,1019148.5270765602,0.7463421028849102,False,normal,0.0,3,纳指;黄金;国债ETF,纳指;黄金;国债ETF,
2015-09-01,1019229.4118802964,0.0,1019229.4118802964,0.7554025105307853,False,normal,0.0,3,纳指;黄金;国债ETF,纳指;黄金;国债ETF,
2015-09-02,1019310.3031034615,0.0,1019310.3031034615,0.779129778541109,False,normal,0.0,3,纳指;黄金;国债ETF,纳指;黄金;国债ETF,
2015-09-07,1019391.200746565,0.0,1019391.200746565,0.7835813295983362,False,normal,0.0,3,纳指;黄金;国债ETF,纳指;黄金;国债ETF,
2015-09-08,1019472.1048101163,0.0,1019472.1048101163,0.5381684050190471,False,normal,0.0,2,纳指;国债ETF,纳指;国债ETF,
2015-09-09,1019553.0152946251,0.0,1019553.0152946251,0.8066227228098106,False,normal,0.0,3,纳指;黄金;国债ETF,纳指;黄金;国债ETF,
2015-09-10,1019633.9322006009,0.0,1019633.9322006009,1.0,False,normal,0.0,1,国债ETF,国债ETF,
2015-09-11,1019714.8555285534,0.0,1019714.8555285534,0.5646718053381489,False,normal,0.0,2,纳指;国债ETF,纳指;国债ETF,
2015-09-14,1019795.7852789921,0.0,1019795.7852789921,1.0,False,normal,0.0,0,,,
2015-09-15,1019795.7852789921,0.0,1019795.7852789921,1.0,False,normal,0.0,2,黄金;国债ETF,黄金;国债ETF,
2015-09-16,1019876.721452427,0.0,1019876.721452427,1.0,False,normal,0.0,2,黄金;国债ETF,黄金;国债ETF,
2015-09-17,1019957.6640493677,0.0,1019957.6640493677,1.0,False,normal,0.0,2,黄金;国债ETF,黄金;国债ETF,
2015-09-18,1020038.613070324,0.0,1020038.613070324,0.6850310172320381,False,normal,0.0,1,黄金,黄金,
2015-09-21,1020119.5685158058,0.0,1020119.5685158058,1.0,False,normal,0.0,2,黄金;国债ETF,黄金;国债ETF,
2015-09-22,1020200.5303863229,0.0,1020200.5303863229,1.0,False,normal,0.0,2,黄金;国债ETF,黄金;国债ETF,
2015-09-23,1020281.4986823853,0.0,1020281.4986823853,0.7004036919933994,False,normal,0.0,1,黄金,黄金,
2015-09-24,1020362.473404503,0.0,1020362.473404503,0.7090459220847735,False,normal,0.0,1,黄金,黄金,
2015-09-25,1020443.4545531858,0.0,1020443.4545531858,1.0,False,normal,0.0,2,黄金;国债ETF,黄金;国债ETF,
2015-09-28,1020524.4421289441,0.0,1020524.4421289441,1.0,False,normal,0.0,2,黄金;国债ETF,黄金;国债ETF,
2015-09-29,1020605.4361322877,0.0,1020605.4361322877,1.0,False,normal,0.0,2,黄金;国债ETF,黄金;国债ETF,
2015-09-30,1020686.4365637269,0.0,1020686.4365637269,1.0,False,normal,0.0,2,黄金;国债ETF,黄金;国债ETF,
2015-10-08,1020767.4434237716,0.0,1020767.4434237716,1.0,False,normal,0.0,2,黄金;国债ETF,黄金;国债ETF,
2015-10-09,1020848.4567129323,0.0,1020848.4567129323,0.7159844124972077,False,normal,0.0,1,黄金,黄金,
2015-10-12,1020929.4764317191,0.0,1020929.4764317191,0.7129755589541344,False,normal,0.0,1,黄金,黄金,
2015-10-13,1021010.5025806424,0.0,1021010.5025806424,0.7204427718146846,False,normal,0.0,1,黄金,黄金,
2015-10-14,1021091.5351602123,0.0,1021091.5351602123,1.0,False,normal,0.0,2,黄金;国债ETF,黄金;国债ETF,
2015-10-15,1021172.5741709394,0.0,1021172.5741709394,0.0,True,normal,0.0,0,,黄金,
2015-10-16,1021172.5741709394,0.0,1021172.5741709394,0.0,True,normal,0.0,0,,黄金,
2015-10-19,1021172.5741709394,0.0,1021172.5741709394,0.0,True,normal,0.0,0,,黄金,
2015-10-20,1021172.5741709394,0.0,1021172.5741709394,0.0,True,normal,0.0,0,,黄金;国债ETF,
2015-10-21,1021172.5741709394,0.0,1021172.5741709394,0.0,True,normal,0.0,0,,黄金;国债ETF,
2015-10-22,1021172.5741709394,0.0,1021172.5741709394,1.0,False,normal,0.0,2,黄金;国债ETF,黄金;国债ETF,
2015-10-23,1021253.619613334,0.0,1021253.619613334,0.3921646116672544,False,normal,0.0,3,创业板;黄金;国债ETF,创业板;黄金;国债ETF,
2015-10-26,1021334.6714879065,0.0,1021334.6714879065,0.32638581353283813,False,normal,0.0,4,沪深300;创业板;纳指;国债ETF,沪深300;创业板;纳指;国债ETF,
2015-10-27,1021415.7297951675,0.0,1021415.7297951675,0.4132796970529998,False,normal,0.0,5,沪深300;创业板;纳指;黄金;国债ETF,沪深300;创业板;纳指;黄金;国债ETF,
2015-10-28,1021496.7945356275,0.0,1021496.7945356275,0.42015921406534495,False,normal,0.0,5,沪深300;创业板;纳指;黄金;国债ETF,沪深300;创业板;纳指;黄金;国债ETF,
2015-10-29,1021577.865709797,0.0,1021577.865709797,0.43238588690762086,False,normal,0.0,5,沪深300;创业板;纳指;黄金;国债ETF,沪深300;创业板;纳指;黄金;国债ETF,
2015-10-30,1021658.9433181867,0.0,1021658.9433181867,0.44510014227792655,False,normal,0.0,5,沪深300;创业板;纳指;黄金;国债ETF,沪深300;创业板;纳指;黄金;国债ETF,
2015-11-02,1021740.0273613072,0.0,1021740.0273613072,0.4503039338935279,False,normal,0.0,5,沪深300;创业板;纳指;黄金;国债ETF,沪深300;创业板;纳指;黄金;国债ETF,
2015-11-03,1021821.1178396692,0.0,1021821.1178396692,0.37940574294523083,False,normal,0.0,4,沪深300;创业板;纳指;国债ETF,沪深300;创业板;纳指;国债ETF,
2015-11-04,1021902.2147537835,0.0,1021902.2147537835,0.2635803462657583,False,normal,0.0,3,沪深300;创业板;纳指,沪深300;创业板;纳指,
2015-11-05,1021983.3181041608,0.0,1021983.3181041608,0.27139897547822345,False,normal,0.0,3,沪深300;创业板;纳指,沪深300;创业板;纳指,
2015-11-06,1022064.427891312,0.0,1022064.427891312,0.2757051422927223,False,normal,0.0,3,沪深300;创业板;纳指,沪深300;创业板;纳指,
2015-11-09,1022145.5441157479,0.0,1022145.5441157479,0.2840088002526324,False,normal,0.0,3,沪深300;创业板;纳指,沪深300;创业板;纳指,
2015-11-10,1022226.6667779793,0.0,1022226.6667779793,0.29198098588887084,False,normal,0.0,3,沪深300;创业板;纳指,沪深300;创业板;纳指,
2015-11-11,1022307.7958785173,0.0,1022307.7958785173,0.3010421018913377,False,normal,0.0,3,沪深300;创业板;纳指,沪深300;创业板;纳指,
2015-11-12,1022388.9314178728,0.0,1022388.9314178728,0.3072683853112531,False,normal,0.0,3,沪深300;创业板;纳指,沪深300;创业板;纳指,
2015-11-13,1022470.0733965568,0.0,1022470.0733965568,0.30843311916664135,False,normal,0.0,3,沪深300;创业板;纳指,沪深300;创业板;纳指,
2015-11-16,1022551.2218150804,0.0,1022551.2218150804,0.31771815113092894,False,normal,0.0,3,沪深300;创业板;纳指,沪深300;创业板;纳指,
2015-11-17,1022632.3766739547,0.0,1022632.3766739547,0.32534697943531227,False,normal,0.0,3,沪深300;创业板;纳指,沪深300;创业板;纳指,
2015-11-18,1022713.5379736908,0.0,1022713.5379736908,0.3306936454877782,False,normal,0.0,3,沪深300;创业板;纳指,沪深300;创业板;纳指,
2015-11-19,1022794.7057147998,0.0,1022794.7057147998,0.32549767689808384,False,normal,0.0,3,沪深300;创业板;纳指,沪深300;创业板;纳指,
2015-11-20,1022875.879897793,0.0,1022875.879897793,0.335585230607209,False,normal,0.0,3,沪深300;创业板;纳指,沪深300;创业板;纳指,
2015-11-23,1022957.0605231818,0.0,1022957.0605231818,0.34464792729094723,False,normal,0.0,3,沪深300;创业板;纳指,沪深300;创业板;纳指,
2015-11-24,1023038.2475914774,0.0,1023038.2475914774,0.3552600905867026,False,normal,0.0,3,沪深300;创业板;纳指,沪深300;创业板;纳指,
2015-11-25,1023119.441103191,0.0,1023119.441103191,0.36430310269612703,False,normal,0.0,3,沪深300;创业板;纳指,沪深300;创业板;纳指,
2015-11-26,1023200.6410588342,0.0,1023200.6410588342,0.4946515827905658,False,normal,0.0,4,沪深300;创业板;纳指;国债ETF,沪深300;创业板;纳指;国债ETF,
2015-11-27,1023281.8474589182,0.0,1023281.8474589182,0.43119391166009646,False,normal,0.0,4,沪深300;创业板;纳指;国债ETF,沪深300;创业板;纳指;国债ETF,
2015-11-30,1023363.0603039546,0.0,1023363.0603039546,0.44436629616738355,False,normal,0.0,4,沪深300;创业板;纳指;国债ETF,沪深300;创业板;纳指;国债ETF,
2015-12-01,1023444.279594455,0.0,1023444.279594455,0.34277745347096855,False,normal,0.0,3,沪深300;创业板;纳指,沪深300;创业板;纳指,
2015-12-02,1023525.5053309308,0.0,1023525.5053309308,0.46695164253722293,False,normal,0.0,4,沪深300;创业板;纳指;国债ETF,沪深300;创业板;纳指;国债ETF,
2015-12-03,1023606.7375138936,0.0,1023606.7375138936,0.47589418171418735,False,normal,0.0,4,沪深300;创业板;纳指;国债ETF,沪深300;创业板;纳指;国债ETF,
2015-12-04,1023687.9761438551,0.0,1023687.9761438551,0.4781620822229095,False,normal,0.0,4,沪深300;创业板;纳指;国债ETF,沪深300;创业板;纳指;国债ETF,
2015-12-07,1023769.221221327,0.0,1023769.221221327,0.4862336502398009,False,normal,0.0,4,沪深300;创业板;纳指;国债ETF,沪深300;创业板;纳指;国债ETF,
2015-12-08,1023850.4727468208,0.0,1023850.4727468208,0.49337300015817676,False,normal,0.0,4,沪深300;创业板;纳指;国债ETF,沪深300;创业板;纳指;国债ETF,
2015-12-09,1023931.7307208483,0.0,1023931.7307208483,0.5084924893381867,False,normal,0.0,4,沪深300;创业板;纳指;国债ETF,沪深300;创业板;纳指;国债ETF,
2015-12-10,1024012.9951439215,0.0,1024012.9951439215,0.5240404382192407,False,normal,0.0,4,沪深300;创业板;纳指;国债ETF,沪深300;创业板;纳指;国债ETF,
2015-12-11,1024094.266016552,0.0,1024094.266016552,0.5397187171338043,False,normal,0.0,4,沪深300;创业板;纳指;国债ETF,沪深300;创业板;纳指;国债ETF,
2015-12-14,1024175.5433392518,0.0,1024175.5433392518,0.5498221445717273,False,normal,0.0,4,沪深300;创业板;纳指;国债ETF,沪深300;创业板;纳指;国债ETF,
2015-12-15,1024256.8271125327,0.0,1024256.8271125327,0.566904507030515,False,normal,0.0,4,沪深300;创业板;纳指;国债ETF,沪深300;创业板;纳指;国债ETF,
2015-12-16,1024338.1173369067,0.0,1024338.1173369067,0.5832892038583485,False,normal,0.0,4,沪深300;创业板;纳指;国债ETF,沪深300;创业板;纳指;国债ETF,
2015-12-17,1024419.4140128859,0.0,1024419.4140128859,0.5671411153675585,False,normal,0.0,4,沪深300;创业板;纳指;国债ETF,沪深300;创业板;纳指;国债ETF,
2015-12-18,1024500.7171409822,0.0,1024500.7171409822,0.5816009748169757,False,normal,0.0,4,沪深300;创业板;纳指;国债ETF,沪深300;创业板;纳指;国债ETF,
2015-12-21,1024582.0267217077,0.0,1024582.0267217077,0.5977945636362655,False,normal,0.0,4,沪深300;创业板;纳指;国债ETF,沪深300;创业板;纳指;国债ETF,
2015-12-22,1024663.3427555745,0.0,1024663.3427555745,0.6157589661843429,False,normal,0.0,4,沪深300;创业板;纳指;国债ETF,沪深300;创业板;纳指;国债ETF,
2015-12-23,1024744.6652430948,0.0,1024744.6652430948,0.627504416100524,False,normal,0.0,4,沪深300;创业板;纳指;国债ETF,沪深300;创业板;纳指;国债ETF,
2015-12-24,1024825.9941847807,0.0,1024825.9941847807,0.647221336130946,False,normal,0.0,4,沪深300;创业板;纳指;国债ETF,沪深300;创业板;纳指;国债ETF,
2015-12-25,1024907.3295811446,0.0,1024907.3295811446,0.6670690133593374,False,normal,0.0,4,沪深300;创业板;纳指;国债ETF,沪深300;创业板;纳指;国债ETF,
2015-12-28,1024988.6714326987,0.0,1024988.6714326987,0.5149057936900248,False,normal,0.0,3,沪深300;创业板;国债ETF,沪深300;创业板;国债ETF,
2015-12-29,1025070.0197399553,0.0,1025070.0197399553,0.6525903068736131,False,normal,0.0,4,沪深300;创业板;纳指;国债ETF,沪深300;创业板;纳指;国债ETF,
2015-12-30,1025151.3745034268,0.0,1025151.3745034268,0.6663101748108949,False,normal,0.0,4,沪深300;创业板;纳指;国债ETF,沪深300;创业板;纳指;国债ETF,
2015-12-31,1025232.7357236255,0.0,1025232.7357236255,1.0,False,normal,0.0,2,纳指;国债ETF,纳指;国债ETF,
2016-01-04,1025314.1034010639,0.0,1025314.1034010639,1.0,False,normal,0.0,3,纳指;黄金;国债ETF,纳指;黄金;国债ETF,
2016-01-05,1025395.4775362546,0.0,1025395.4775362546,1.0,False,normal,0.0,3,纳指;黄金;国债ETF,纳指;黄金;国债ETF,
2016-01-06,1025476.8581297098,0.0,1025476.8581297098,1.0,False,normal,0.0,3,纳指;黄金;国债ETF,纳指;黄金;国债ETF,
2016-01-07,1025558.2451819424,0.0,1025558.2451819424,1.0,False,normal,0.0,3,纳指;黄金;国债ETF,纳指;黄金;国债ETF,
2016-01-08,1025639.6386934648,0.0,1025639.6386934648,1.0,False,normal,0.0,2,黄金;国债ETF,黄金;国债ETF,
2016-01-11,1025721.0386647898,0.0,1025721.0386647898,1.0,False,normal,0.0,3,纳指;黄金;国债ETF,纳指;黄金;国债ETF,
2016-01-12,1025802.4450964299,0.0,1025802.4450964299,1.0,False,normal,0.0,2,黄金;国债ETF,黄金;国债ETF,
2016-01-13,1025883.857988898,0.0,1025883.857988898,1.0,False,normal,0.0,2,黄金;国债ETF,黄金;国债ETF,
2016-01-14,1025965.2773427067,0.0,1025965.2773427067,1.0,False,normal,0.0,2,黄金;国债ETF,黄金;国债ETF,
2016-01-15,1026046.7031583688,0.0,1026046.7031583688,1.0,False,normal,0.0,2,黄金;国债ETF,黄金;国债ETF,
2016-01-18,1026128.1354363973,0.0,1026128.1354363973,1.0,False,normal,0.0,2,黄金;国债ETF,黄金;国债ETF,
2016-01-19,1026209.574177305,0.0,1026209.574177305,1.0,False,normal,0.0,2,黄金;国债ETF,黄金;国债ETF,
2016-01-20,1026291.0193816049,0.0,1026291.0193816049,1.0,False,normal,0.0,2,黄金;国债ETF,黄金;国债ETF,
2016-01-21,1026372.4710498098,0.0,1026372.4710498098,1.0,False,normal,0.0,2,黄金;国债ETF,黄金;国债ETF,
2016-01-22,1026453.9291824328,0.0,1026453.9291824328,1.0,False,normal,0.0,2,黄金;国债ETF,黄金;国债ETF,
2016-01-25,1026535.393779987,0.0,1026535.393779987,1.0,False,normal,0.0,2,黄金;国债ETF,黄金;国债ETF,
2016-01-26,1026616.8648429854,0.0,1026616.8648429854,1.0,False,normal,0.0,2,黄金;国债ETF,黄金;国债ETF,
2016-01-27,1026698.3423719412,0.0,1026698.3423719412,1.0,False,normal,0.0,2,黄金;国债ETF,黄金;国债ETF,
2016-01-28,1026779.8263673676,0.0,1026779.8263673676,1.0,False,normal,0.0,2,黄金;国债ETF,黄金;国债ETF,
2016-01-29,1026861.3168297778,0.0,1026861.3168297778,1.0,False,normal,0.0,2,黄金;国债ETF,黄金;国债ETF,
2016-02-01,1026942.8137596849,0.0,1026942.8137596849,1.0,False,normal,0.0,2,黄金;国债ETF,黄金;国债ETF,
2016-02-02,1027024.3171576024,0.0,1027024.3171576024,1.0,False,normal,0.0,2,黄金;国债ETF,黄金;国债ETF,
2016-02-03,1027105.8270240435,0.0,1027105.8270240435,1.0,False,normal,0.0,2,黄金;国债ETF,黄金;国债ETF,
2016-02-04,1027187.3433595217,0.0,1027187.3433595217,1.0,False,normal,0.0,2,黄金;国债ETF,黄金;国债ETF,
2016-02-05,1027268.8661645503,0.0,1027268.8661645503,1.0,False,normal,0.0,2,黄金;国债ETF,黄金;国债ETF,
2016-02-15,1027350.3954396427,0.0,1027350.3954396427,1.0,False,normal,0.0,2,黄金;国债ETF,黄金;国债ETF,
2016-02-16,1027431.9311853126,0.0,1027431.9311853126,1.0,False,normal,0.0,2,黄金;国债ETF,黄金;国债ETF,
2016-02-17,1027513.4734020734,0.0,1027513.4734020734,1.0,False,normal,0.0,2,黄金;国债ETF,黄金;国债ETF,
2016-02-18,1027595.0220904386,0.0,1027595.0220904386,1.0,False,normal,0.0,2,黄金;国债ETF,黄金;国债ETF,
2016-02-19,1027676.5772509221,0.0,1027676.5772509221,1.0,False,normal,0.0,2,黄金;国债ETF,黄金;国债ETF,
2016-02-22,1027758.1388840373,0.0,1027758.1388840373,1.0,False,normal,0.0,2,黄金;国债ETF,黄金;国债ETF,
2016-02-23,1027839.706990298,0.0,1027839.706990298,1.0,False,normal,0.0,2,黄金;国债ETF,黄金;国债ETF,
2016-02-24,1027921.2815702179,0.0,1027921.2815702179,1.0,False,normal,0.0,2,黄金;国债ETF,黄金;国债ETF,
2016-02-25,1028002.8626243109,0.0,1028002.8626243109,1.0,False,normal,0.0,2,黄金;国债ETF,黄金;国债ETF,
2016-02-26,1028084.4501530906,0.0,1028084.4501530906,1.0,False,normal,0.0,2,黄金;国债ETF,黄金;国债ETF,
2016-02-29,1028166.044157071,0.0,1028166.044157071,1.0,False,normal,0.0,2,黄金;国债ETF,黄金;国债ETF,
2016-03-01,1028247.644636766,0.0,1028247.644636766,1.0,False,normal,0.0,2,黄金;国债ETF,黄金;国债ETF,
2016-03-02,1028329.2515926897,0.0,1028329.2515926897,1.0,False,normal,0.0,2,黄金;国债ETF,黄金;国债ETF,
2016-03-03,1028410.8650253558,0.0,1028410.8650253558,1.0,False,normal,0.0,2,黄金;国债ETF,黄金;国债ETF,
2016-03-04,1028492.4849352785,0.0,1028492.4849352785,1.0,False,normal,0.0,2,黄金;国债ETF,黄金;国债ETF,
2016-03-07,1028574.1113229719,0.0,1028574.1113229719,1.0,False,normal,0.0,2,黄金;国债ETF,黄金;国债ETF,
2016-03-08,1028655.7441889499,0.0,1028655.7441889499,1.0,False,normal,0.0,2,黄金;国债ETF,黄金;国债ETF,
2016-03-09,1028737.3835337269,0.0,1028737.3835337269,1.0,False,normal,0.0,2,黄金;国债ETF,黄金;国债ETF,
2016-03-10,1028819.0293578169,0.0,1028819.0293578169,1.0,False,normal,0.0,2,黄金;国债ETF,黄金;国债ETF,
2016-03-11,1028900.6816617342,0.0,1028900.6816617342,1.0,False,normal,0.0,2,黄金;国债ETF,黄金;国债ETF,
2016-03-14,1028982.3404459931,0.0,1028982.3404459931,1.0,False,normal,0.0,2,黄金;国债ETF,黄金;国债ETF,
2016-03-15,1029064.005711108,0.0,1029064.005711108,1.0,False,normal,0.0,2,黄金;国债ETF,黄金;国债ETF,
2016-03-16,1029145.677457593,0.0,1029145.677457593,1.0,False,normal,0.0,3,纳指;黄金;国债ETF,纳指;黄金;国债ETF,
2016-03-17,1029227.3556859627,0.0,1029227.3556859627,1.0,False,normal,0.0,3,纳指;黄金;国债ETF,纳指;黄金;国债ETF,
2016-03-18,1029309.0403967315,0.0,1029309.0403967315,0.6085016523561537,False,normal,0.0,4,创业板;纳指;黄金;国债ETF,创业板;纳指;黄金;国债ETF,
2016-03-21,1029390.7315904138,0.0,1029390.7315904138,1.0,False,normal,0.0,3,纳指;黄金;国债ETF,纳指;黄金;国债ETF,
2016-03-22,1029472.4292675243,0.0,1029472.4292675243,0.574199947530573,False,normal,0.0,5,沪深300;创业板;纳指;黄金;国债ETF,沪深300;创业板;纳指;黄金;国债ETF,
2016-03-23,1029554.1334285773,0.0,1029554.1334285773,0.5908709549437889,False,normal,0.0,5,沪深300;创业板;纳指;黄金;国债ETF,沪深300;创业板;纳指;黄金;国债ETF,
2016-03-24,1029635.8440740876,0.0,1029635.8440740876,0.5813052949530947,False,normal,0.0,5,沪深300;创业板;纳指;黄金;国债ETF,沪深300;创业板;纳指;黄金;国债ETF,
2016-03-25,1029717.5612045696,0.0,1029717.5612045696,0.5989330335833313,False,normal,0.0,5,沪深300;创业板;纳指;黄金;国债ETF,沪深300;创业板;纳指;黄金;国债ETF,
2016-03-28,1029799.2848205384,0.0,1029799.2848205384,0.613141461067013,False,normal,0.0,5,沪深300;创业板;纳指;黄金;国债ETF,沪深300;创业板;纳指;黄金;国债ETF,
2016-03-29,1029881.0149225083,0.0,1029881.0149225083,0.6257216581308671,False,normal,0.0,5,沪深300;创业板;纳指;黄金;国债ETF,沪深300;创业板;纳指;黄金;国债ETF,
2016-03-30,1029962.7515109943,0.0,1029962.7515109943,0.5892676951100514,False,normal,0.0,5,沪深300;创业板;纳指;黄金;国债ETF,沪深300;创业板;纳指;黄金;国债ETF,
2016-03-31,1030044.494586511,0.0,1030044.494586511,0.6040799526024659,False,normal,0.0,5,沪深300;创业板;纳指;黄金;国债ETF,沪深300;创业板;纳指;黄金;国债ETF,
2016-04-01,1030126.2441495735,0.0,1030126.2441495735,0.622407293176389,False,normal,0.0,5,沪深300;创业板;纳指;黄金;国债ETF,沪深300;创业板;纳指;黄金;国债ETF,
2016-04-05,1030208.0002006965,0.0,1030208.0002006965,0.6319519695721765,False,normal,0.0,5,沪深300;创业板;纳指;黄金;国债ETF,沪深300;创业板;纳指;黄金;国债ETF,
2016-04-06,1030289.762740395,0.0,1030289.762740395,0.6517516431293114,False,normal,0.0,5,沪深300;创业板;纳指;黄金;国债ETF,沪深300;创业板;纳指;黄金;国债ETF,
2016-04-07,1030371.531769184,0.0,1030371.531769184,0.6660466739453401,False,normal,0.0,5,沪深300;创业板;纳指;黄金;国债ETF,沪深300;创业板;纳指;黄金;国债ETF,
2016-04-08,1030453.3072875785,0.0,1030453.3072875785,0.6796894932269336,False,normal,0.0,5,沪深300;创业板;纳指;黄金;国债ETF,沪深300;创业板;纳指;黄金;国债ETF,
2016-04-11,1030535.0892960934,0.0,1030535.0892960934,0.6896854077669357,False,normal,0.0,5,沪深300;创业板;纳指;黄金;国债ETF,沪深300;创业板;纳指;黄金;国债ETF,
2016-04-12,1030616.877795244,0.0,1030616.877795244,0.709503820744941,False,normal,0.0,5,沪深300;创业板;纳指;黄金;国债ETF,沪深300;创业板;纳指;黄金;国债ETF,
2016-04-13,1030698.6727855452,0.0,1030698.6727855452,0.7306992558159439,False,normal,0.0,5,沪深300;创业板;纳指;黄金;国债ETF,沪深300;创业板;纳指;黄金;国债ETF,
2016-04-14,1030780.4742675124,0.0,1030780.4742675124,0.7510001002672995,False,normal,0.0,5,沪深300;创业板;纳指;黄金;国债ETF,沪深300;创业板;纳指;黄金;国债ETF,
2016-04-15,1030862.2822416608,0.0,1030862.2822416608,0.617218179927248,False,normal,0.0,4,沪深300;创业板;纳指;国债ETF,沪深300;创业板;纳指;国债ETF,
2016-04-18,1030944.0967085054,0.0,1030944.0967085054,0.7772981770120947,False,normal,0.0,5,沪深300;创业板;纳指;黄金;国债ETF,沪深300;创业板;纳指;黄金;国债ETF,
2016-04-19,1031025.9176685617,0.0,1031025.9176685617,0.7999278256747617,False,normal,0.0,5,沪深300;创业板;纳指;黄金;国债ETF,沪深300;创业板;纳指;黄金;国债ETF,
2016-04-20,1031107.7451223449,0.0,1031107.7451223449,1.0,False,normal,0.0,4,沪深300;纳指;黄金;国债ETF,沪深300;纳指;黄金;国债ETF,
2016-04-21,1031189.5790703705,0.0,1031189.5790703705,0.7415451546404044,False,normal,0.0,5,沪深300;创业板;纳指;黄金;国债ETF,沪深300;创业板;纳指;黄金;国债ETF,
2016-04-22,1031271.419513154,0.0,1031271.419513154,0.6018365765148076,False,normal,0.0,4,沪深300;创业板;纳指;国债ETF,沪深300;创业板;纳指;国债ETF,
2016-04-25,1031353.2664512106,0.0,1031353.2664512106,0.4628921396405625,False,normal,0.0,3,沪深300;创业板;纳指,沪深300;创业板;纳指,
2016-04-26,1031435.1198850559,0.0,1031435.1198850559,0.47326596218454536,False,normal,0.0,3,沪深300;创业板;纳指,沪深300;创业板;纳指,
2016-04-27,1031516.9798152056,0.0,1031516.9798152056,0.6585044951099474,False,normal,0.0,4,沪深300;创业板;纳指;黄金,沪深300;创业板;纳指;黄金,
2016-04-28,1031598.8462421751,0.0,1031598.8462421751,0.6641112436263832,False,normal,0.0,4,沪深300;创业板;纳指;国债ETF,沪深300;创业板;纳指;国债ETF,
2016-04-29,1031680.7191664801,0.0,1031680.7191664801,0.7647259720944332,False,normal,0.0,4,沪深300;创业板;黄金;国债ETF,沪深300;创业板;黄金;国债ETF,
2016-05-03,1031762.5985886363,0.0,1031762.5985886363,0.6926523574556266,False,normal,0.0,4,沪深300;创业板;黄金;国债ETF,沪深300;创业板;黄金;国债ETF,
2016-05-04,1031844.4845091592,0.0,1031844.4845091592,0.8096339735147827,False,normal,0.0,5,沪深300;创业板;纳指;黄金;国债ETF,沪深300;创业板;纳指;黄金;国债ETF,
2016-05-05,1031926.3769285647,0.0,1031926.3769285647,0.8350539610676654,False,normal,0.0,5,沪深300;创业板;纳指;黄金;国债ETF,沪深300;创业板;纳指;黄金;国债ETF,
2016-05-06,1032008.2758473686,0.0,1032008.2758473686,0.7864713662670407,False,normal,0.0,5,沪深300;创业板;纳指;黄金;国债ETF,沪深300;创业板;纳指;黄金;国债ETF,
2016-05-09,1032090.1812660868,0.0,1032090.1812660868,0.6267518131744723,False,normal,0.0,4,沪深300;创业板;纳指;黄金,沪深300;创业板;纳指;黄金,
2016-05-10,1032172.0931852349,0.0,1032172.0931852349,0.7123731877861753,False,normal,0.0,3,创业板;黄金;国债ETF,创业板;黄金;国债ETF,
2016-05-11,1032254.011605329,0.0,1032254.011605329,0.8238837036931497,False,normal,0.0,5,沪深300;创业板;纳指;黄金;国债ETF,沪深300;创业板;纳指;黄金;国债ETF,
2016-05-12,1032335.936526885,0.0,1032335.936526885,0.0,True,normal,0.0,0,,沪深300;创业板;纳指;黄金;国债ETF,
2016-05-13,1032335.936526885,0.0,1032335.936526885,0.0,True,normal,0.0,0,,黄金;国债ETF,
2016-05-16,1032335.936526885,0.0,1032335.936526885,1.0,False,normal,0.0,2,黄金;国债ETF,黄金;国债ETF,
2016-05-17,1032417.867950419,0.0,1032417.867950419,1.0,False,normal,0.0,3,纳指;黄金;国债ETF,纳指;黄金;国债ETF,
2016-05-18,1032499.8058764468,0.0,1032499.8058764468,1.0,False,normal,0.0,2,黄金;国债ETF,黄金;国债ETF,
2016-05-19,1032581.7503054846,0.0,1032581.7503054846,0.753270478069279,False,normal,0.0,1,黄金,黄金,
2016-05-20,1032663.7012380486,0.0,1032663.7012380486,0.7766207831139433,False,normal,0.0,1,黄金,黄金,
2016-05-23,1032745.6586746549,0.0,1032745.6586746549,0.8004075329840127,False,normal,0.0,1,黄金,黄金,
2016-05-24,1032827.6226158196,0.0,1032827.6226158196,0.8170533877270747,False,normal,0.0,1,黄金,黄金,
2016-05-25,1032909.5930620589,0.0,1032909.5930620589,1.0,False,normal,0.0,2,纳指;黄金,纳指;黄金,
2016-05-26,1032991.5700138892,0.0,1032991.5700138892,1.0,False,normal,0.0,2,纳指;黄金,纳指;黄金,
2016-05-27,1033073.5534718268,0.0,1033073.5534718268,1.0,False,normal,0.0,2,纳指;黄金,纳指;黄金,
2016-05-30,1033155.5434363881,0.0,1033155.5434363881,0.81465145618135,False,normal,0.0,1,纳指,纳指,
2016-05-31,1033237.5399080894,0.0,1033237.5399080894,1.0,False,normal,0.0,2,纳指;黄金,纳指;黄金,
2016-06-01,1033319.5428874473,0.0,1033319.5428874473,1.0,False,normal,0.0,2,纳指;黄金,纳指;黄金,
2016-06-02,1033401.5523749781,0.0,1033401.5523749781,1.0,False,normal,0.0,2,纳指;黄金,纳指;黄金,
2016-06-03,1033483.5683711984,0.0,1033483.5683711984,1.0,False,normal,0.0,3,沪深300;纳指;黄金,沪深300;纳指;黄金,
2016-06-06,1033565.5908766247,0.0,1033565.5908766247,1.0,False,normal,0.0,2,纳指;黄金,纳指;黄金,
2016-06-07,1033647.6198917737,0.0,1033647.6198917737,1.0,False,normal,0.0,2,纳指;黄金,纳指;黄金,
2016-06-08,1033729.655417162,0.0,1033729.655417162,1.0,False,normal,0.0,2,纳指;黄金,纳指;黄金,
2016-06-13,1033811.6974533063,0.0,1033811.6974533063,0.6038141118047439,False,normal,0.0,1,黄金,黄金,
2016-06-14,1033893.7460007232,0.0,1033893.7460007232,0.6184344969257839,False,normal,0.0,1,黄金,黄金,
2016-06-15,1033975.8010599297,0.0,1033975.8010599297,0.6366345548876744,False,normal,0.0,1,黄金,黄金,
2016-06-16,1034057.8626314424,0.0,1034057.8626314424,0.0,True,normal,0.0,0,,黄金,
2016-06-17,1034057.8626314424,0.0,1034057.8626314424,0.0,True,normal,0.0,0,,创业板;纳指;黄金;国债ETF,
2016-06-20,1034057.8626314424,0.0,1034057.8626314424,0.0,True,normal,0.0,0,,创业板;纳指;黄金;国债ETF,
2016-06-21,1034057.8626314424,0.0,1034057.8626314424,0.0,True,normal,0.0,0,,黄金;国债ETF,
2016-06-22,1034057.8626314424,0.0,1034057.8626314424,0.0,True,normal,0.0,0,,创业板;纳指;黄金;国债ETF,
2016-06-23,1034057.8626314424,0.0,1034057.8626314424,0.0,True,normal,0.0,0,,纳指;黄金;国债ETF,
2016-06-24,1034057.8626314424,0.0,1034057.8626314424,0.0,True,normal,0.0,0,,创业板;纳指;黄金;国债ETF,
2016-06-27,1034057.8626314424,0.0,1034057.8626314424,0.0,True,normal,0.0,0,,创业板;纳指;黄金;国债ETF,
2016-06-28,1034057.8626314424,0.0,1034057.8626314424,0.0,True,normal,0.0,0,,创业板;纳指;黄金;国债ETF,
2016-06-29,1034057.8626314424,0.0,1034057.8626314424,0.0,True,normal,0.0,0,,创业板;纳指;黄金;国债ETF,
2016-06-30,1034057.8626314424,0.0,1034057.8626314424,0.0,True,normal,0.0,0,,创业板;纳指;黄金;国债ETF,
2016-07-01,1034057.8626314424,0.0,1034057.8626314424,0.0,True,normal,0.0,0,,纳指;黄金;国债ETF,
2016-07-04,1034057.8626314424,0.0,1034057.8626314424,0.0,True,normal,0.0,0,,沪深300;创业板;纳指;黄金;国债ETF,
2016-07-05,1034057.8626314424,0.0,1034057.8626314424,0.0,True,normal,0.0,0,,沪深300;创业板;纳指;黄金;国债ETF,
2016-07-06,1034057.8626314424,0.0,1034057.8626314424,0.0,True,normal,0.0,0,,沪深300;创业板;纳指;黄金;国债ETF,
2016-07-07,1034057.8626314424,0.0,1034057.8626314424,0.0,True,normal,0.0,0,,沪深300;创业板;纳指;黄金;国债ETF,
2016-07-08,1034057.8626314424,0.0,1034057.8626314424,0.0,True,normal,0.0,0,,沪深300;创业板;纳指;黄金;国债ETF,
2016-07-11,1034057.8626314424,0.0,1034057.8626314424,0.0,True,normal,0.0,0,,沪深300;创业板;纳指;黄金;国债ETF,
2016-07-12,1034057.8626314424,0.0,1034057.8626314424,0.0,True,normal,0.0,0,,沪深300;创业板;纳指;黄金;国债ETF,
2016-07-13,1034057.8626314424,0.0,1034057.8626314424,0.0,True,normal,0.0,0,,沪深300;创业板;纳指;黄金;国债ETF,
2016-07-14,1034057.8626314424,0.0,1034057.8626314424,0.0,True,normal,0.0,0,,沪深300;创业板;纳指;黄金;国债ETF,
2016-07-15,1034057.8626314424,0.0,1034057.8626314424,0.0,True,normal,0.0,0,,沪深300;创业板;纳指;黄金;国债ETF,
2016-07-18,1034057.8626314424,0.0,1034057.8626314424,0.0,True,normal,0.0,0,,沪深300;创业板;纳指;黄金;国债ETF,
2016-07-19,1034057.8626314424,0.0,1034057.8626314424,0.0,True,normal,0.0,0,,沪深300;创业板;纳指;黄金;国债ETF,
2016-07-20,1034057.8626314424,0.0,1034057.8626314424,0.0,True,normal,0.0,0,,沪深300;创业板;纳指;黄金;国债ETF,
2016-07-21,1034057.8626314424,0.0,1034057.8626314424,0.0,True,normal,0.0,0,,沪深300;创业板;纳指;黄金;国债ETF,
2016-07-22,1034057.8626314424,0.0,1034057.8626314424,0.0,True,normal,0.0,0,,沪深300;创业板;纳指;黄金;国债ETF,
2016-07-25,1034057.8626314424,0.0,1034057.8626314424,0.0,True,normal,0.0,0,,沪深300;创业板;纳指;黄金;国债ETF,
2016-07-26,1034057.8626314424,0.0,1034057.8626314424,0.0,True,normal,0.0,0,,沪深300;创业板;纳指;黄金;国债ETF,
2016-07-27,1034057.8626314424,0.0,1034057.8626314424,0.0,True,normal,0.0,0,,沪深300;纳指;黄金;国债ETF,
2016-07-28,1034057.8626314424,0.0,1034057.8626314424,0.0,True,normal,0.0,0,,沪深300;纳指;黄金;国债ETF,
2016-07-29,1034057.8626314424,0.0,1034057.8626314424,0.0,True,normal,0.0,0,,沪深300;纳指;黄金;国债ETF,
2016-08-01,1034057.8626314424,0.0,1034057.8626314424,0.0,True,normal,0.0,0,,沪深300;纳指;黄金;国债ETF,
2016-08-02,1034057.8626314424,0.0,1034057.8626314424,1.0,False,normal,0.0,4,沪深300;纳指;黄金;国债ETF,沪深300;纳指;黄金;国债ETF,
2016-08-03,1034139.9307157783,0.0,1034139.9307157783,1.0,False,normal,0.0,4,沪深300;纳指;黄金;国债ETF,沪深300;纳指;黄金;国债ETF,
2016-08-04,1034222.0053134542,0.0,1034222.0053134542,1.0,False,normal,0.0,4,沪深300;纳指;黄金;国债ETF,沪深300;纳指;黄金;国债ETF,
2016-08-05,1034304.0864249871,0.0,1034304.0864249871,1.0,False,normal,0.0,5,沪深300;创业板;纳指;黄金;国债ETF,沪深300;创业板;纳指;黄金;国债ETF,
2016-08-08,1034386.1740508939,0.0,1034386.1740508939,1.0,False,normal,0.0,5,沪深300;创业板;纳指;黄金;国债ETF,沪深300;创业板;纳指;黄金;国债ETF,
2016-08-09,1034468.2681916916,0.0,1034468.2681916916,1.0,False,normal,0.0,5,沪深300;创业板;纳指;黄金;国债ETF,沪深300;创业板;纳指;黄金;国债ETF,
2016-08-10,1034550.3688478974,0.0,1034550.3688478974,1.0,False,normal,0.0,5,沪深300;创业板;纳指;黄金;国债ETF,沪深300;创业板;纳指;黄金;国债ETF,
2016-08-11,1034632.4760200282,0.0,1034632.4760200282,1.0,False,normal,0.0,4,沪深300;纳指;黄金;国债ETF,沪深300;纳指;黄金;国债ETF,
2016-08-12,1034714.5897086012,0.0,1034714.5897086012,1.0,False,normal,0.0,5,沪深300;创业板;纳指;黄金;国债ETF,沪深300;创业板;纳指;黄金;国债ETF,
2016-08-15,1034796.7099141338,0.0,1034796.7099141338,1.0,False,normal,0.0,5,沪深300;创业板;纳指;黄金;国债ETF,沪深300;创业板;纳指;黄金;国债ETF,
2016-08-16,1034878.8366371429,0.0,1034878.8366371429,1.0,False,normal,0.0,5,沪深300;创业板;纳指;黄金;国债ETF,沪深300;创业板;纳指;黄金;国债ETF,
2016-08-17,1034960.969878146,0.0,1034960.969878146,1.0,False,normal,0.0,5,沪深300;创业板;纳指;黄金;国债ETF,沪深300;创业板;纳指;黄金;国债ETF,
2016-08-18,1035043.1096376601,0.0,1035043.1096376601,1.0,False,normal,0.0,5,沪深300;创业板;纳指;黄金;国债ETF,沪深300;创业板;纳指;黄金;国债ETF,
2016-08-19,1035125.2559162028,0.0,1035125.2559162028,1.0,False,normal,0.0,5,沪深300;创业板;纳指;黄金;国债ETF,沪深300;创业板;纳指;黄金;国债ETF,
2016-08-22,1035207.4087142914,0.0,1035207.4087142914,1.0,False,normal,0.0,4,沪深300;纳指;黄金;国债ETF,沪深300;纳指;黄金;国债ETF,
2016-08-23,1035289.5680324434,0.0,1035289.5680324434,1.0,False,normal,0.0,4,沪深300;纳指;黄金;国债ETF,沪深300;纳指;黄金;国债ETF,
2016-08-24,1035371.7338711761,0.0,1035371.7338711761,1.0,False,normal,0.0,4,沪深300;纳指;黄金;国债ETF,沪深300;纳指;黄金;国债ETF,
2016-08-25,1035453.9062310072,0.0,1035453.9062310072,1.0,False,normal,0.0,3,沪深300;纳指;国债ETF,沪深300;纳指;国债ETF,
2016-08-26,1035536.0851124541,0.0,1035536.0851124541,1.0,False,normal,0.0,3,沪深300;纳指;国债ETF,沪深300;纳指;国债ETF,
2016-08-29,1035618.2705160346,0.0,1035618.2705160346,1.0,False,normal,0.0,3,沪深300;纳指;国债ETF,沪深300;纳指;国债ETF,
2016-08-30,1035700.462442266,0.0,1035700.462442266,1.0,False,normal,0.0,3,沪深300;纳指;国债ETF,沪深300;纳指;国债ETF,
2016-08-31,1035782.6608916663,0.0,1035782.6608916663,1.0,False,normal,0.0,3,沪深300;纳指;国债ETF,沪深300;纳指;国债ETF,
2016-09-01,1035864.865864753,0.0,1035864.865864753,1.0,False,normal,0.0,3,沪深300;纳指;国债ETF,沪深300;纳指;国债ETF,
2016-09-02,1035947.0773620439,0.0,1035947.0773620439,1.0,False,normal,0.0,3,沪深300;纳指;国债ETF,沪深300;纳指;国债ETF,
2016-09-05,1036029.2953840567,0.0,1036029.2953840567,1.0,False,normal,0.0,3,沪深300;纳指;国债ETF,沪深300;纳指;国债ETF,
2016-09-06,1036111.5199313095,0.0,1036111.5199313095,1.0,False,normal,0.0,3,沪深300;纳指;国债ETF,沪深300;纳指;国债ETF,
2016-09-07,1036193.75100432,0.0,1036193.75100432,1.0,False,normal,0.0,4,沪深300;纳指;黄金;国债ETF,沪深300;纳指;黄金;国债ETF,
2016-09-08,1036275.9886036061,0.0,1036275.9886036061,1.0,False,normal,0.0,4,沪深300;纳指;黄金;国债ETF,沪深300;纳指;黄金;国债ETF,
2016-09-09,1036358.2327296858,0.0,1036358.2327296858,1.0,False,normal,0.0,4,沪深300;纳指;黄金;国债ETF,沪深300;纳指;黄金;国债ETF,
2016-09-12,1036440.4833830771,0.0,1036440.4833830771,1.0,False,normal,0.0,3,沪深300;纳指;国债ETF,沪深300;纳指;国债ETF,
2016-09-13,1036522.740564298,0.0,1036522.740564298,1.0,False,normal,0.0,3,沪深300;纳指;国债ETF,沪深300;纳指;国债ETF,
2016-09-14,1036605.0042738667,0.0,1036605.0042738667,1.0,False,normal,0.0,3,纳指;黄金;国债ETF,纳指;黄金;国债ETF,
2016-09-19,1036687.2745123011,0.0,1036687.2745123011,1.0,False,normal,0.0,3,沪深300;纳指;国债ETF,沪深300;纳指;国债ETF,
2016-09-20,1036769.5512801196,0.0,1036769.5512801196,1.0,False,normal,0.0,4,沪深300;纳指;黄金;国债ETF,沪深300;纳指;黄金;国债ETF,
2016-09-21,1036851.8345778403,0.0,1036851.8345778403,1.0,False,normal,0.0,4,沪深300;纳指;黄金;国债ETF,沪深300;纳指;黄金;国债ETF,
2016-09-22,1036934.1244059814,0.0,1036934.1244059814,1.0,False,normal,0.0,5,沪深300;创业板;纳指;黄金;国债ETF,沪深300;创业板;纳指;黄金;国债ETF,
2016-09-23,1037016.4207650613,0.0,1037016.4207650613,1.0,False,normal,0.0,4,沪深300;创业板;纳指;国债ETF,沪深300;创业板;纳指;国债ETF,
2016-09-26,1037098.7236555982,0.0,1037098.7236555982,1.0,False,normal,0.0,5,沪深300;创业板;纳指;黄金;国债ETF,沪深300;创业板;纳指;黄金;国债ETF,
2016-09-27,1037181.0330781107,0.0,1037181.0330781107,1.0,False,normal,0.0,4,沪深300;创业板;纳指;国债ETF,沪深300;创业板;纳指;国债ETF,
2016-09-28,1037263.349033117,0.0,1037263.349033117,1.0,False,normal,0.0,4,沪深300;创业板;纳指;国债ETF,沪深300;创业板;纳指;国债ETF,
2016-09-29,1037345.6715211355,0.0,1037345.6715211355,1.0,False,normal,0.0,4,沪深300;创业板;纳指;国债ETF,沪深300;创业板;纳指;国债ETF,
2016-09-30,1037428.0005426848,0.0,1037428.0005426848,1.0,False,normal,0.0,4,沪深300;创业板;纳指;国债ETF,沪深300;创业板;纳指;国债ETF,
2016-10-10,1037510.3360982835,0.0,1037510.3360982835,1.0,False,normal,0.0,4,沪深300;创业板;纳指;国债ETF,沪深300;创业板;纳指;国债ETF,
2016-10-11,1037592.67818845,0.0,1037592.67818845,1.0,False,normal,0.0,4,沪深300;创业板;纳指;国债ETF,沪深300;创业板;纳指;国债ETF,
2016-10-12,1037675.0268137031,0.0,1037675.0268137031,1.0,False,normal,0.0,4,沪深300;创业板;纳指;国债ETF,沪深300;创业板;纳指;国债ETF,
2016-10-13,1037757.3819745614,0.0,1037757.3819745614,1.0,False,normal,0.0,4,沪深300;创业板;纳指;国债ETF,沪深300;创业板;纳指;国债ETF,
2016-10-14,1037839.7436715435,0.0,1037839.7436715435,1.0,False,normal,0.0,4,沪深300;创业板;纳指;国债ETF,沪深300;创业板;纳指;国债ETF,
2016-10-17,1037922.1119051683,0.0,1037922.1119051683,1.0,False,normal,0.0,3,创业板;纳指;国债ETF,创业板;纳指;国债ETF,
2016-10-18,1038004.4866759544,0.0,1038004.4866759544,1.0,False,normal,0.0,3,创业板;纳指;国债ETF,创业板;纳指;国债ETF,
2016-10-19,1038086.8679844209,0.0,1038086.8679844209,1.0,False,normal,0.0,2,纳指;国债ETF,纳指;国债ETF,
2016-10-20,1038169.2558310863,0.0,1038169.2558310863,1.0,False,normal,0.0,2,纳指;国债ETF,纳指;国债ETF,
2016-10-21,1038251.6502164698,0.0,1038251.6502164698,1.0,False,normal,0.0,2,纳指;国债ETF,纳指;国债ETF,
2016-10-24,1038334.0511410902,0.0,1038334.0511410902,1.0,False,normal,0.0,3,沪深300;纳指;国债ETF,沪深300;纳指;国债ETF,
2016-10-25,1038416.4586054665,0.0,1038416.4586054665,1.0,False,normal,0.0,4,沪深300;创业板;纳指;国债ETF,沪深300;创业板;纳指;国债ETF,
2016-10-26,1038498.8726101178,0.0,1038498.8726101178,1.0,False,normal,0.0,4,沪深300;创业板;纳指;国债ETF,沪深300;创业板;纳指;国债ETF,
2016-10-27,1038581.2931555631,0.0,1038581.2931555631,1.0,False,normal,0.0,3,沪深300;纳指;国债ETF,沪深300;纳指;国债ETF,
2016-10-28,1038663.7202423215,0.0,1038663.7202423215,1.0,False,normal,0.0,3,沪深300;纳指;国债ETF,沪深300;纳指;国债ETF,
2016-10-31,1038746.1538709122,0.0,1038746.1538709122,1.0,False,normal,0.0,3,沪深300;纳指;国债ETF,沪深300;纳指;国债ETF,
2016-11-01,1038828.5940418544,0.0,1038828.5940418544,1.0,False,normal,0.0,3,沪深300;纳指;国债ETF,沪深300;纳指;国债ETF,
2016-11-02,1038911.0407556673,0.0,1038911.0407556673,1.0,False,normal,0.0,3,沪深300;纳指;国债ETF,沪深300;纳指;国债ETF,
2016-11-03,1038993.4940128701,0.0,1038993.4940128701,1.0,False,normal,0.0,3,沪深300;纳指;国债ETF,沪深300;纳指;国债ETF,
2016-11-04,1039075.9538139823,0.0,1039075.9538139823,1.0,False,normal,0.0,3,沪深300;纳指;国债ETF,沪深300;纳指;国债ETF,
2016-11-07,1039158.4201595231,0.0,1039158.4201595231,1.0,False,normal,0.0,3,沪深300;纳指;国债ETF,沪深300;纳指;国债ETF,
2016-11-08,1039240.8930500121,0.0,1039240.8930500121,1.0,False,normal,0.0,3,沪深300;纳指;国债ETF,沪深300;纳指;国债ETF,
2016-11-09,1039323.3724859684,0.0,1039323.3724859684,1.0,False,normal,0.0,3,沪深300;黄金;国债ETF,沪深300;黄金;国债ETF,
2016-11-10,1039405.8584679117,0.0,1039405.8584679117,1.0,False,normal,0.0,3,沪深300;纳指;国债ETF,沪深300;纳指;国债ETF,
2016-11-11,1039488.3509963616,0.0,1039488.3509963616,1.0,False,normal,0.0,2,沪深300;国债ETF,沪深300;国债ETF,
2016-11-14,1039570.8500718375,0.0,1039570.8500718375,1.0,False,normal,0.0,3,沪深300;纳指;国债ETF,沪深300;纳指;国债ETF,
2016-11-15,1039653.3556948592,0.0,1039653.3556948592,1.0,False,normal,0.0,4,沪深300;创业板;纳指;国债ETF,沪深300;创业板;纳指;国债ETF,
2016-11-16,1039735.8678659461,0.0,1039735.8678659461,1.0,False,normal,0.0,4,沪深300;创业板;纳指;国债ETF,沪深300;创业板;纳指;国债ETF,
2016-11-17,1039818.3865856181,0.0,1039818.3865856181,1.0,False,normal,0.0,3,沪深300;创业板;纳指,沪深300;创业板;纳指,
2016-11-18,1039900.9118543948,0.0,1039900.9118543948,0.8246631089767087,False,normal,0.0,2,沪深300;纳指,沪深300;纳指,
2016-11-21,1039983.443672796,0.0,1039983.443672796,0.8501827467061139,False,normal,0.0,2,沪深300;纳指,沪深300;纳指,
2016-11-22,1040065.9820413415,0.0,1040065.9820413415,1.0,False,normal,0.0,3,沪深300;创业板;纳指,沪深300;创业板;纳指,
2016-11-23,1040148.5269605512,0.0,1040148.5269605512,1.0,False,normal,0.0,3,沪深300;创业板;纳指,沪深300;创业板;纳指,
2016-11-24,1040231.0784309449,0.0,1040231.0784309449,1.0,False,normal,0.0,2,沪深300;纳指,沪深300;纳指,
2016-11-25,1040313.6364530426,0.0,1040313.6364530426,1.0,False,normal,0.0,3,沪深300;创业板;纳指,沪深300;创业板;纳指,
2016-11-28,1040396.2010273644,0.0,1040396.2010273644,1.0,False,normal,0.0,3,沪深300;创业板;纳指,沪深300;创业板;纳指,
2016-11-29,1040478.77215443,0.0,1040478.77215443,1.0,False,normal,0.0,3,沪深300;创业板;纳指,沪深300;创业板;纳指,
2016-11-30,1040561.3498347598,0.0,1040561.3498347598,1.0,False,normal,0.0,3,沪深300;创业板;纳指,沪深300;创业板;纳指,
2016-12-01,1040643.9340688738,0.0,1040643.9340688738,1.0,False,normal,0.0,3,沪深300;创业板;纳指,沪深300;创业板;纳指,
2016-12-02,1040726.524857292,0.0,1040726.524857292,1.0,False,normal,0.0,2,沪深300;纳指,沪深300;纳指,
2016-12-05,1040809.1222005347,0.0,1040809.1222005347,0.8428229544827536,False,normal,0.0,2,沪深300;纳指,沪深300;纳指,
2016-12-06,1040891.7260991221,0.0,1040891.7260991221,0.8639686326397323,False,normal,0.0,2,沪深300;纳指,沪深300;纳指,
2016-12-07,1040974.3365535744,0.0,1040974.3365535744,1.0,False,normal,0.0,2,沪深300;纳指,沪深300;纳指,
2016-12-08,1041056.9535644121,0.0,1041056.9535644121,0.866956996029432,False,normal,0.0,2,沪深300;纳指,沪深300;纳指,
2016-12-09,1041139.5771321553,0.0,1041139.5771321553,1.0,False,normal,0.0,2,沪深300;纳指,沪深300;纳指,
2016-12-12,1041222.2072573246,0.0,1041222.2072573246,0.0,True,normal,0.0,0,,沪深300;纳指,
2016-12-13,1041222.2072573246,0.0,1041222.2072573246,0.0,True,normal,0.0,0,,沪深300;纳指,
2016-12-14,1041222.2072573246,0.0,1041222.2072573246,0.0,True,normal,0.0,0,,沪深300;纳指,
2016-12-15,1041222.2072573246,0.0,1041222.2072573246,0.0,True,normal,0.0,0,,沪深300;纳指,
2016-12-16,1041222.2072573246,0.0,1041222.2072573246,0.0,True,normal,0.0,0,,纳指,
2016-12-19,1041222.2072573246,0.0,1041222.2072573246,0.0,True,normal,0.0,0,,纳指,
2016-12-20,1041222.2072573246,0.0,1041222.2072573246,0.0,True,normal,0.0,0,,纳指,
2016-12-21,1041222.2072573246,0.0,1041222.2072573246,0.0,True,normal,0.0,0,,纳指,
2016-12-22,1041222.2072573246,0.0,1041222.2072573246,0.0,True,normal,0.0,0,,纳指,
2016-12-23,1041222.2072573246,0.0,1041222.2072573246,0.0,True,normal,0.0,0,,纳指,
2016-12-26,1041222.2072573246,0.0,1041222.2072573246,0.0,True,normal,0.0,0,,纳指,
2016-12-27,1041222.2072573246,0.0,1041222.2072573246,0.0,True,normal,0.0,0,,纳指,
2016-12-28,1041222.2072573246,0.0,1041222.2072573246,0.0,True,normal,0.0,0,,纳指,
2016-12-29,1041222.2072573246,0.0,1041222.2072573246,0.0,True,normal,0.0,0,,纳指,
2016-12-30,1041222.2072573246,0.0,1041222.2072573246,0.0,True,normal,0.0,0,,纳指,
2017-01-03,1041222.2072573246,0.0,1041222.2072573246,0.0,True,normal,0.0,0,,纳指,
2017-01-04,1041222.2072573246,0.0,1041222.2072573246,0.0,True,normal,0.0,0,,沪深300;纳指,
2017-01-05,1041222.2072573246,0.0,1041222.2072573246,0.0,True,normal,0.0,0,,纳指,
2017-01-06,1041222.2072573246,0.0,1041222.2072573246,0.0,True,normal,0.0,0,,纳指,
2017-01-09,1041222.2072573246,0.0,1041222.2072573246,0.0,True,normal,0.0,0,,纳指,
2017-01-10,1041222.2072573246,0.0,1041222.2072573246,0.0,True,normal,0.0,0,,纳指,
2017-01-11,1041222.2072573246,0.0,1041222.2072573246,0.0,True,normal,0.0,0,,纳指,
2017-01-12,1041222.2072573246,0.0,1041222.2072573246,0.0,True,normal,0.0,0,,纳指,
2017-01-13,1041222.2072573246,0.0,1041222.2072573246,0.0,True,normal,0.0,0,,纳指,
2017-01-16,1041222.2072573246,0.0,1041222.2072573246,0.0,True,normal,0.0,0,,纳指,
2017-01-17,1041222.2072573246,0.0,1041222.2072573246,0.0,True,normal,0.0,0,,纳指,
2017-01-18,1041222.2072573246,0.0,1041222.2072573246,0.0,True,normal,0.0,0,,纳指,
2017-01-19,1041222.2072573246,0.0,1041222.2072573246,0.0,True,normal,0.0,0,,纳指,
2017-01-20,1041222.2072573246,0.0,1041222.2072573246,0.0,True,normal,0.0,0,,纳指;黄金,
2017-01-23,1041222.2072573246,0.0,1041222.2072573246,0.0,True,normal,0.0,0,,纳指;黄金,
2017-01-24,1041222.2072573246,0.0,1041222.2072573246,0.0,True,normal,0.0,0,,纳指;黄金,
2017-01-25,1041222.2072573246,0.0,1041222.2072573246,0.0,True,normal,0.0,0,,纳指,
2017-01-26,1041222.2072573246,0.0,1041222.2072573246,0.0,True,normal,0.0,0,,纳指;黄金,
2017-02-03,1041222.2072573246,0.0,1041222.2072573246,0.0,True,normal,0.0,0,,纳指;黄金,
2017-02-06,1041222.2072573246,0.0,1041222.2072573246,0.0,True,normal,0.0,0,,纳指;黄金,
2017-02-07,1041222.2072573246,0.0,1041222.2072573246,0.0,True,normal,0.0,0,,纳指;黄金,
2017-02-08,1041222.2072573246,0.0,1041222.2072573246,0.0,True,normal,0.0,0,,纳指;黄金,军工ETF;证券ETF
2017-02-09,1041222.2072573246,0.0,1041222.2072573246,0.0,True,normal,0.0,0,,纳指;黄金,军工ETF;证券ETF
2017-02-10,1041222.2072573246,0.0,1041222.2072573246,0.0,True,normal,0.0,0,,纳指;黄金,证券ETF;军工ETF
2017-02-13,1041222.2072573246,0.0,1041222.2072573246,0.0,True,normal,0.0,0,,纳指;黄金,证券ETF;军工ETF
2017-02-14,1041222.2072573246,0.0,1041222.2072573246,0.0,True,normal,0.0,0,,纳指;黄金,军工ETF;证券ETF
2017-02-15,1041222.2072573246,0.0,1041222.2072573246,0.0,True,normal,0.0,0,,纳指;黄金;国债ETF,证券ETF;军工ETF
2017-02-16,1041222.2072573246,0.0,1041222.2072573246,0.0,True,normal,0.0,0,,沪深300;纳指;黄金;国债ETF,证券ETF;军工ETF
2017-02-17,1041222.2072573246,0.0,1041222.2072573246,0.0,True,normal,0.0,0,,沪深300;纳指;黄金;国债ETF,军工ETF;证券ETF
2017-02-20,1041222.2072573246,0.0,1041222.2072573246,0.0,True,normal,0.0,0,,沪深300;纳指;黄金;国债ETF,军工ETF;证券ETF
2017-02-21,1041222.2072573246,0.0,1041222.2072573246,0.0,True,normal,0.0,0,,沪深300;纳指;黄金;国债ETF,军工ETF;证券ETF
2017-02-22,1041222.2072573246,0.0,1041222.2072573246,0.0,True,normal,0.0,0,,沪深300;纳指;黄金;国债ETF,军工ETF;证券ETF
2017-02-23,1041222.2072573246,0.0,1041222.2072573246,0.0,True,normal,0.0,0,,沪深300;纳指;黄金;国债ETF,军工ETF;证券ETF
2017-02-24,1041222.2072573246,0.0,1041222.2072573246,0.0,True,normal,0.0,0,,沪深300;纳指;黄金;国债ETF,军工ETF;证券ETF
2017-02-27,1041222.2072573246,0.0,1041222.2072573246,0.0,True,normal,0.0,0,,沪深300;纳指;黄金;国债ETF,军工ETF;证券ETF
2017-02-28,1041222.2072573246,0.0,1041222.2072573246,0.0,True,normal,0.0,0,,沪深300;纳指;黄金;国债ETF,军工ETF;证券ETF
2017-03-01,1041222.2072573246,0.0,1041222.2072573246,0.0,True,normal,0.0,0,,沪深300;纳指;黄金;国债ETF,军工ETF;证券ETF
2017-03-02,1041222.2072573246,0.0,1041222.2072573246,0.0,True,normal,0.0,0,,沪深300;纳指;黄金;国债ETF,军工ETF;证券ETF
2017-03-03,1041222.2072573246,0.0,1041222.2072573246,0.0,True,normal,0.0,0,,沪深300;纳指;黄金;国债ETF,证券ETF;军工ETF
2017-03-06,1041222.2072573246,0.0,1041222.2072573246,0.0,True,normal,0.0,0,,沪深300;创业板;纳指;黄金;国债ETF,军工ETF;证券ETF
2017-03-07,1041222.2072573246,0.0,1041222.2072573246,0.0,True,normal,0.0,0,,沪深300;纳指;黄金;国债ETF,军工ETF;证券ETF
2017-03-08,1041222.2072573246,0.0,1041222.2072573246,0.0,True,normal,0.0,0,,沪深300;纳指;黄金;国债ETF,军工ETF;证券ETF
2017-03-09,1041222.2072573246,0.0,1041222.2072573246,0.0,True,normal,0.0,0,,沪深300;纳指;黄金;国债ETF,军工ETF;证券ETF
2017-03-10,1041222.2072573246,0.0,1041222.2072573246,0.0,True,normal,0.0,0,,沪深300;纳指;黄金,军工ETF;证券ETF
2017-03-13,1041222.2072573246,0.0,1041222.2072573246,0.0,True,normal,0.0,0,,沪深300;创业板;纳指;黄金,军工ETF;证券ETF
2017-03-14,1041222.2072573246,0.0,1041222.2072573246,0.0,True,normal,0.0,0,,沪深300;创业板;纳指;黄金,军工ETF;证券ETF
2017-03-15,1041222.2072573246,0.0,1041222.2072573246,0.0,True,normal,0.0,0,,沪深300;创业板;纳指;黄金,军工ETF;证券ETF
2017-03-16,1041222.2072573246,0.0,1041222.2072573246,0.0,True,normal,0.0,0,,沪深300;创业板;纳指;黄金;国债ETF,军工ETF;证券ETF
2017-03-17,1041222.2072573246,0.0,1041222.2072573246,0.0,True,normal,0.0,0,,沪深300;创业板;纳指;黄金;国债ETF,军工ETF;证券ETF
2017-03-20,1041222.2072573246,0.0,1041222.2072573246,0.0,True,normal,0.0,0,,沪深300;创业板;纳指;黄金;国债ETF,军工ETF;证券ETF
2017-03-21,1041222.2072573246,0.0,1041222.2072573246,0.0,True,normal,0.0,0,,沪深300;创业板;纳指;黄金;国债ETF,军工ETF;证券ETF
2017-03-22,1041222.2072573246,0.0,1041222.2072573246,0.0,True,normal,0.0,0,,沪深300;创业板;纳指;黄金;国债ETF,军工ETF;证券ETF
2017-03-23,1041222.2072573246,0.0,1041222.2072573246,0.0,True,normal,0.0,0,,沪深300;创业板;纳指;黄金,军工ETF;证券ETF
2017-03-24,1041222.2072573246,0.0,1041222.2072573246,0.0,True,normal,0.0,0,,沪深300;创业板;纳指;黄金,军工ETF;证券ETF
2017-03-27,1041222.2072573246,0.0,1041222.2072573246,0.0,True,normal,0.0,0,,沪深300;创业板;纳指;黄金;国债ETF,军工ETF;证券ETF
2017-03-28,1041222.2072573246,1809298.5225341357,-768076.3152768111,1.0,False,normal,0.0,7,沪深300;创业板;纳指;黄金;国债ETF;军工ETF;证券ETF,沪深300;创业板;纳指;黄金;国债ETF,军工ETF;证券ETF
2017-03-29,1033241.1677384722,1833919.7783160591,-800678.6105775869,1.0,False,normal,-0.007665068477433999,7,沪深300;创业板;纳指;黄金;国债ETF;军工ETF;证券ETF,沪深300;创业板;纳指;黄金;国债ETF,军工ETF;证券ETF
2017-03-30,1013774.0670120184,1751193.5183283526,-737419.4513163342,1.0,False,normal,-0.02636146257157454,6,沪深300;创业板;纳指;黄金;军工ETF;证券ETF,沪深300;创业板;纳指;黄金,军工ETF;证券ETF
2017-03-31,1030817.0408611647,1726918.2232069112,-696101.1823457466,1.0,False,normal,-0.009993223659307153,7,沪深300;创业板;纳指;黄金;国债ETF;军工ETF;证券ETF,沪深300;创业板;纳指;黄金;国债ETF,军工ETF;证券ETF
2017-04-05,1055088.6682942347,0.0,1055088.6682942347,0.0,True,normal,0.0,0,,沪深300;创业板;纳指;黄金;国债ETF,军工ETF;证券ETF
2017-04-06,1055088.6682942347,0.0,1055088.6682942347,0.0,True,normal,0.0,0,,沪深300;创业板;纳指;黄金;国债ETF,军工ETF;证券ETF
2017-04-07,1055088.6682942347,0.0,1055088.6682942347,0.0,True,normal,0.0,0,,沪深300;创业板;纳指;黄金;国债ETF,军工ETF;证券ETF
2017-04-10,1055088.6682942347,0.0,1055088.6682942347,0.0,True,normal,0.0,0,,沪深300;创业板;纳指;黄金;国债ETF,军工ETF;证券ETF
2017-04-11,1055088.6682942347,0.0,1055088.6682942347,0.0,True,normal,0.0,0,,沪深300;创业板;纳指;黄金;国债ETF,军工ETF;证券ETF
2017-04-12,1055088.6682942347,0.0,1055088.6682942347,0.0,True,normal,0.0,0,,沪深300;纳指;黄金;国债ETF,军工ETF;证券ETF
2017-04-13,1055088.6682942347,0.0,1055088.6682942347,0.0,True,normal,0.0,0,,沪深300;创业板;纳指;黄金;国债ETF,军工ETF;证券ETF
2017-04-14,1055088.6682942347,0.0,1055088.6682942347,0.0,True,normal,0.0,0,,沪深300;黄金;国债ETF,军工ETF;证券ETF
2017-04-17,1055088.6682942347,0.0,1055088.6682942347,0.0,True,normal,0.0,0,,沪深300;纳指;黄金,军工ETF;证券ETF
2017-04-18,1055088.6682942347,0.0,1055088.6682942347,0.0,True,normal,0.0,0,,纳指;黄金,军工ETF;证券ETF
2017-04-19,1055088.6682942347,0.0,1055088.6682942347,0.0,True,normal,0.0,0,,纳指;黄金,军工ETF;证券ETF
2017-04-20,1055088.6682942347,0.0,1055088.6682942347,0.0,True,normal,0.0,0,,黄金,军工ETF;证券ETF
2017-04-21,1055088.6682942347,0.0,1055088.6682942347,0.0,True,normal,0.0,0,,纳指;黄金,证券ETF;军工ETF
2017-04-24,1055088.6682942347,0.0,1055088.6682942347,0.0,True,normal,0.0,0,,纳指;黄金,军工ETF;证券ETF
2017-04-25,1055088.6682942347,0.0,1055088.6682942347,0.0,True,normal,0.0,0,,纳指;黄金,证券ETF;军工ETF
2017-04-26,1055088.6682942347,0.0,1055088.6682942347,0.0,True,normal,0.0,0,,纳指;黄金,证券ETF;军工ETF
2017-04-27,1055088.6682942347,0.0,1055088.6682942347,0.0,True,normal,0.0,0,,纳指;黄金,证券ETF;军工ETF
2017-04-28,1055088.6682942347,0.0,1055088.6682942347,0.0,True,normal,0.0,0,,纳指;黄金,证券ETF;军工ETF
2017-05-02,1055088.6682942347,0.0,1055088.6682942347,0.0,True,normal,0.0,0,,沪深300;纳指;黄金,证券ETF;军工ETF
2017-05-03,1055088.6682942347,0.0,1055088.6682942347,0.0,True,normal,0.0,0,,纳指;黄金,证券ETF;军工ETF
2017-05-04,1055088.6682942347,0.0,1055088.6682942347,0.0,True,normal,0.0,0,,纳指;黄金,证券ETF;军工ETF
2017-05-05,1055088.6682942347,0.0,1055088.6682942347,0.0,True,normal,0.0,0,,纳指;黄金,证券ETF;军工ETF
2017-05-08,1055088.6682942347,0.0,1055088.6682942347,0.0,True,normal,0.0,0,,纳指;黄金,证券ETF;军工ETF
2017-05-09,1055088.6682942347,0.0,1055088.6682942347,0.0,True,normal,0.0,0,,纳指;黄金,证券ETF;军工ETF
2017-05-10,1055088.6682942347,0.0,1055088.6682942347,0.0,True,normal,0.0,0,,纳指;黄金,证券ETF;军工ETF
2017-05-11,1055088.6682942347,0.0,1055088.6682942347,0.0,True,normal,0.0,0,,纳指;黄金,证券ETF;军工ETF
2017-05-12,1055088.6682942347,0.0,1055088.6682942347,0.0,True,normal,0.0,0,,纳指;黄金,证券ETF;军工ETF
2017-05-15,1055088.6682942347,0.0,1055088.6682942347,0.0,True,normal,0.0,0,,纳指,证券ETF;军工ETF
2017-05-16,1055088.6682942347,0.0,1055088.6682942347,0.0,True,normal,0.0,0,,纳指;黄金,证券ETF;军工ETF
2017-05-17,1055088.6682942347,0.0,1055088.6682942347,0.0,True,normal,0.0,0,,纳指;黄金,证券ETF;军工ETF
2017-05-18,1055088.6682942347,0.0,1055088.6682942347,0.0,True,normal,0.0,0,,黄金,证券ETF;军工ETF
2017-05-19,1055088.6682942347,0.0,1055088.6682942347,0.0,True,normal,0.0,0,,纳指;黄金,证券ETF;军工ETF
2017-05-22,1055088.6682942347,0.0,1055088.6682942347,0.0,True,normal,0.0,0,,纳指;黄金,证券ETF;军工ETF
2017-05-23,1055088.6682942347,0.0,1055088.6682942347,0.0,True,normal,0.0,0,,纳指;黄金,证券ETF;军工ETF
2017-05-24,1055088.6682942347,0.0,1055088.6682942347,0.0,True,normal,0.0,0,,纳指,证券ETF;军工ETF
2017-05-25,1055088.6682942347,0.0,1055088.6682942347,0.0,True,normal,0.0,0,,沪深300;纳指,证券ETF;军工ETF
2017-05-26,1055088.6682942347,0.0,1055088.6682942347,0.0,True,normal,0.0,0,,沪深300;纳指;黄金,证券ETF;军工ETF
2017-05-31,1055088.6682942347,0.0,1055088.6682942347,0.0,True,normal,0.0,0,,沪深300;纳指,证券ETF;军工ETF
2017-06-01,1055088.6682942347,0.0,1055088.6682942347,0.0,True,normal,0.0,0,,沪深300;纳指;黄金,证券ETF;军工ETF
2017-06-02,1055088.6682942347,0.0,1055088.6682942347,0.0,True,normal,0.0,0,,纳指,证券ETF;军工ETF
2017-06-05,1055088.6682942347,0.0,1055088.6682942347,0.0,True,normal,0.0,0,,纳指;黄金,证券ETF;军工ETF
2017-06-06,1055088.6682942347,0.0,1055088.6682942347,0.0,True,normal,0.0,0,,纳指;黄金,证券ETF;军工ETF
2017-06-07,1055088.6682942347,0.0,1055088.6682942347,0.0,True,normal,0.0,0,,沪深300;纳指;黄金,证券ETF;军工ETF
2017-06-08,1055088.6682942347,0.0,1055088.6682942347,0.0,True,normal,0.0,0,,沪深300;纳指,证券ETF;军工ETF
2017-06-09,1055088.6682942347,0.0,1055088.6682942347,0.0,True,normal,0.0,0,,沪深300;纳指,证券ETF;军工ETF
2017-06-12,1055088.6682942347,0.0,1055088.6682942347,0.0,True,normal,0.0,0,,沪深300;纳指,证券ETF;军工ETF
2017-06-13,1055088.6682942347,0.0,1055088.6682942347,0.0,True,normal,0.0,0,,沪深300;纳指,证券ETF;军工ETF
2017-06-14,1055088.6682942347,0.0,1055088.6682942347,0.0,True,normal,0.0,0,,沪深300;纳指,证券ETF;军工ETF
2017-06-15,1055088.6682942347,0.0,1055088.6682942347,0.0,True,normal,0.0,0,,沪深300;纳指,证券ETF;军工ETF
2017-06-16,1055088.6682942347,0.0,1055088.6682942347,0.0,True,normal,0.0,0,,沪深300;纳指,证券ETF;军工ETF
2017-06-19,1055088.6682942347,0.0,1055088.6682942347,0.0,True,normal,0.0,0,,沪深300;纳指,证券ETF;军工ETF
2017-06-20,1055088.6682942347,0.0,1055088.6682942347,0.0,True,normal,0.0,0,,沪深300;纳指,证券ETF;军工ETF
2017-06-21,1055088.6682942347,0.0,1055088.6682942347,0.0,True,normal,0.0,0,,沪深300;创业板;纳指,证券ETF;军工ETF
2017-06-22,1055088.6682942347,0.0,1055088.6682942347,0.0,True,normal,0.0,0,,沪深300;纳指,证券ETF;军工ETF
2017-06-23,1055088.6682942347,0.0,1055088.6682942347,0.0,True,normal,0.0,0,,沪深300;纳指,军工ETF;证券ETF
2017-06-26,1055088.6682942347,0.0,1055088.6682942347,0.0,True,normal,0.0,0,,沪深300;纳指,军工ETF;证券ETF
2017-06-27,1055088.6682942347,0.0,1055088.6682942347,0.0,True,normal,0.0,0,,沪深300;纳指;国债ETF,证券ETF;军工ETF
2017-06-28,1055088.6682942347,0.0,1055088.6682942347,0.0,True,normal,0.0,0,,沪深300,军工ETF;证券ETF
2017-06-29,1055088.6682942347,0.0,1055088.6682942347,0.0,True,normal,0.0,0,,沪深300;纳指;国债ETF,证券ETF;军工ETF
2017-06-30,1055088.6682942347,0.0,1055088.6682942347,0.0,True,normal,0.0,0,,沪深300;国债ETF,证券ETF;军工ETF
2017-07-03,1055088.6682942347,0.0,1055088.6682942347,0.0,True,normal,0.0,0,,沪深300;创业板;国债ETF,军工ETF;证券ETF
2017-07-04,1055088.6682942347,0.0,1055088.6682942347,0.0,True,normal,0.0,0,,沪深300;创业板;国债ETF,证券ETF;军工ETF
2017-07-05,1055088.6682942347,0.0,1055088.6682942347,0.0,True,normal,0.0,0,,沪深300;创业板;国债ETF,证券ETF;军工ETF
2017-07-06,1055088.6682942347,0.0,1055088.6682942347,0.0,True,normal,0.0,0,,沪深300;创业板;国债ETF,军工ETF;证券ETF
2017-07-07,1055088.6682942347,0.0,1055088.6682942347,0.0,True,normal,0.0,0,,沪深300;创业板;国债ETF,证券ETF;军工ETF
2017-07-10,1055088.6682942347,0.0,1055088.6682942347,0.0,True,normal,0.0,0,,沪深300;创业板;国债ETF,军工ETF;证券ETF
2017-07-11,1055088.6682942347,0.0,1055088.6682942347,0.0,True,normal,0.0,0,,沪深300;国债ETF,证券ETF;军工ETF
2017-07-12,1055088.6682942347,0.0,1055088.6682942347,0.0,True,normal,0.0,0,,沪深300;国债ETF,证券ETF;军工ETF
2017-07-13,1055088.6682942347,0.0,1055088.6682942347,0.0,True,normal,0.0,0,,沪深300;国债ETF,证券ETF;军工ETF
2017-07-14,1055088.6682942347,0.0,1055088.6682942347,0.0,True,normal,0.0,0,,沪深300;纳指;国债ETF,证券ETF;军工ETF
2017-07-17,1055088.6682942347,0.0,1055088.6682942347,0.0,True,normal,0.0,0,,沪深300;纳指;国债ETF,证券ETF;军工ETF
2017-07-18,1055088.6682942347,0.0,1055088.6682942347,0.0,True,normal,0.0,0,,沪深300;纳指;国债ETF,证券ETF;军工ETF
2017-07-19,1055088.6682942347,0.0,1055088.6682942347,0.0,True,normal,0.0,0,,沪深300;纳指;国债ETF,证券ETF;军工ETF
2017-07-20,1055088.6682942347,0.0,1055088.6682942347,0.0,True,normal,0.0,0,,沪深300;纳指;国债ETF,证券ETF;军工ETF
2017-07-21,1055088.6682942347,0.0,1055088.6682942347,0.0,True,normal,0.0,0,,沪深300;纳指;国债ETF,证券ETF;军工ETF
2017-07-24,1055088.6682942347,0.0,1055088.6682942347,0.0,True,normal,0.0,0,,沪深300;国债ETF,证券ETF;军工ETF
2017-07-25,1055088.6682942347,0.0,1055088.6682942347,0.0,True,normal,0.0,0,,沪深300;国债ETF,证券ETF;军工ETF
2017-07-26,1055088.6682942347,0.0,1055088.6682942347,0.0,True,normal,0.0,0,,沪深300;纳指;国债ETF,证券ETF;军工ETF
2017-07-27,1055088.6682942347,0.0,1055088.6682942347,0.0,True,normal,0.0,0,,沪深300,证券ETF;军工ETF
2017-07-28,1055088.6682942347,0.0,1055088.6682942347,0.0,True,normal,0.0,0,,沪深300,证券ETF;军工ETF
2017-07-31,1055088.6682942347,0.0,1055088.6682942347,0.0,True,normal,0.0,0,,沪深300,证券ETF;军工ETF
2017-08-01,1055088.6682942347,0.0,1055088.6682942347,0.0,True,normal,0.0,0,,沪深300;国债ETF,证券ETF;军工ETF
2017-08-02,1055088.6682942347,0.0,1055088.6682942347,0.0,True,normal,0.0,0,,沪深300;国债ETF,证券ETF;军工ETF
2017-08-03,1055088.6682942347,0.0,1055088.6682942347,0.0,True,normal,0.0,0,,沪深300;国债ETF,证券ETF;军工ETF
2017-08-04,1055088.6682942347,0.0,1055088.6682942347,0.0,True,normal,0.0,0,,沪深300;国债ETF,证券ETF;军工ETF
2017-08-07,1055088.6682942347,0.0,1055088.6682942347,0.0,True,normal,0.0,0,,沪深300;纳指,证券ETF;军工ETF
2017-08-08,1055088.6682942347,1055088.6682942347,0.0,1.0,False,normal,0.0,4,沪深300;纳指;证券ETF;军工ETF,沪深300;纳指,证券ETF;军工ETF
2017-08-09,1044980.3499631457,1044980.3499631457,0.0,1.0,False,normal,-0.009580539185802402,4,沪深300;纳指;证券ETF;军工ETF,沪深300;纳指,证券ETF;军工ETF
2017-08-10,1047752.8719854753,1047752.8719854753,0.0,1.0,False,normal,-0.006952777078555088,4,沪深300;纳指;证券ETF;军工ETF,沪深300;纳指,证券ETF;军工ETF
2017-08-11,1032746.1940459665,1032746.1940459665,0.0,1.0,False,normal,-0.02117592096253799,4,沪深300;黄金;证券ETF;军工ETF,沪深300;黄金,证券ETF;军工ETF
2017-08-14,1045988.7827319875,1045988.7827319875,0.0,1.0,False,normal,-0.0086247590706845,4,沪深300;黄金;证券ETF;军工ETF,沪深300;黄金,证券ETF;军工ETF
2017-08-15,1045155.0759701685,1045155.0759701685,0.0,1.0,False,normal,-0.009414936035779704,5,沪深300;纳指;国债ETF;证券ETF;军工ETF,沪深300;纳指;国债ETF,证券ETF;军工ETF
2017-08-16,1052095.6478664787,1157496.4698744128,-105400.8220079341,1.0,False,normal,-0.002836747770777254,5,沪深300;创业板;国债ETF;证券ETF;军工ETF,沪深300;创业板;国债ETF,证券ETF;军工ETF
2017-08-17,1064142.79178069,0.0,1064142.79178069,0.0,True,normal,0.0,0,,沪深300;创业板;国债ETF,证券ETF;军工ETF
2017-08-18,1064142.79178069,0.0,1064142.79178069,0.0,True,normal,0.0,0,,沪深300;国债ETF,军工ETF;证券ETF
2017-08-21,1064142.79178069,1226459.1236641712,-162316.33188348124,1.0,False,normal,0.0,4,沪深300;黄金;军工ETF;证券ETF,沪深300;黄金,军工ETF;证券ETF
2017-08-22,1055330.8098590402,1234552.9028824025,-179222.09302336234,1.0,False,normal,-0.008280826586161605,5,沪深300;纳指;黄金;军工ETF;证券ETF,沪深300;纳指;黄金,军工ETF;证券ETF
2017-08-23,1062129.4695792648,1272838.6314124367,-210709.16183317197,1.0,False,normal,-0.0018919662069563092,6,沪深300;纳指;黄金;国债ETF;军工ETF;证券ETF,沪深300;纳指;黄金;国债ETF,军工ETF;证券ETF
2017-08-24,1049365.4192647259,1258334.9558673815,-208969.53660265566,1.0,False,normal,-0.013886644377148184,6,沪深300;纳指;黄金;国债ETF;军工ETF;证券ETF,沪深300;纳指;黄金;国债ETF,军工ETF;证券ETF
2017-08-25,1072616.1033307873,1220587.2646056532,-147971.16127486597,1.0,False,normal,0.0,6,沪深300;纳指;黄金;国债ETF;证券ETF;军工ETF,沪深300;纳指;黄金;国债ETF,证券ETF;军工ETF
2017-08-28,1113570.1050830998,1113570.1050830998,0.0,1.0,False,normal,0.0,6,沪深300;纳指;黄金;国债ETF;证券ETF;军工ETF,沪深300;纳指;黄金;国债ETF,证券ETF;军工ETF
2017-08-29,1098423.3085081154,1098423.3085081154,0.0,1.0,False,normal,-0.013602014373270303,6,沪深300;纳指;黄金;国债ETF;证券ETF;军工ETF,沪深300;纳指;黄金;国债ETF,证券ETF;军工ETF
2017-08-30,1101381.4716662674,1101381.4716662674,0.0,1.0,False,normal,-0.01094554654547129,6,沪深300;创业板;纳指;黄金;证券ETF;军工ETF,沪深300;创业板;纳指;黄金,证券ETF;军工ETF
2017-08-31,1107796.3279080512,1107796.3279080512,0.0,1.0,False,normal,-0.005184924728755836,6,沪深300;创业板;纳指;黄金;证券ETF;军工ETF,沪深300;创业板;纳指;黄金,证券ETF;军工ETF
2017-09-01,1113706.1171669378,1113706.1171669378,0.0,1.0,False,normal,0.0,7,沪深300;创业板;纳指;黄金;国债ETF;证券ETF;军工ETF,沪深300;创业板;纳指;黄金;国债ETF,证券ETF;军工ETF
2017-09-04,1120287.9346697198,1120287.9346697198,0.0,1.0,False,normal,0.0,7,沪深300;创业板;纳指;黄金;国债ETF;证券ETF;军工ETF,沪深300;创业板;纳指;黄金;国债ETF,证券ETF;军工ETF
2017-09-05,1117456.5756579847,1219813.5822020676,-102357.00654408289,1.0,False,normal,-0.002527349375203083,7,沪深300;创业板;纳指;黄金;国债ETF;证券ETF;军工ETF,沪深300;创业板;纳指;黄金;国债ETF,证券ETF;军工ETF
2017-09-06,1120251.5533924075,1261286.698314812,-141035.14492240455,1.0,False,normal,-3.247493451138311e-05,6,沪深300;创业板;黄金;国债ETF;证券ETF;军工ETF,沪深300;创业板;黄金;国债ETF,证券ETF;军工ETF
2017-09-07,1107891.2916689273,1243133.8046967743,-135242.51302784705,1.0,False,normal,-0.011065586459651753,6,沪深300;创业板;黄金;国债ETF;证券ETF;军工ETF,沪深300;创业板;黄金;国债ETF,证券ETF;军工ETF
2017-09-08,1103291.049542788,1268379.8581414227,-165088.8085986348,1.0,False,normal,-0.015171889833788848,6,沪深300;创业板;黄金;国债ETF;证券ETF;军工ETF,沪深300;创业板;黄金;国债ETF,证券ETF;军工ETF
2017-09-11,1107790.4073846836,1311897.7501284203,-204107.3427437367,1.0,False,normal,-0.01115563856243855,6,沪深300;创业板;黄金;国债ETF;证券ETF;军工ETF,沪深300;创业板;黄金;国债ETF,证券ETF;军工ETF
2017-09-12,1111525.9311514192,1356967.6920634492,-245441.76091203,1.0,False,normal,-0.00782120671582863,6,沪深300;创业板;黄金;国债ETF;证券ETF;军工ETF,沪深300;创业板;黄金;国债ETF,证券ETF;军工ETF
2017-09-13,1111181.8979445011,1397960.878718821,-286778.98077431996,1.0,False,normal,-0.008128300273003706,6,沪深300;创业板;黄金;国债ETF;证券ETF;军工ETF,沪深300;创业板;黄金;国债ETF,证券ETF;军工ETF
2017-09-14,1106071.2699243072,1424409.5320529644,-318338.2621286572,1.0,False,normal,-0.012690188214518129,6,沪深300;创业板;黄金;国债ETF;证券ETF;军工ETF,沪深300;创业板;黄金;国债ETF,证券ETF;军工ETF
2017-09-15,1115823.2307475812,1467105.6137006287,-351282.3829530475,1.0,False,normal,-0.003985318223975001,6,沪深300;创业板;黄金;国债ETF;证券ETF;军工ETF,沪深300;创业板;黄金;国债ETF,证券ETF;军工ETF
2017-09-18,1126727.5005185828,1510513.9113084446,-383786.4107898618,1.0,False,normal,0.0,6,沪深300;创业板;黄金;国债ETF;证券ETF;军工ETF,沪深300;创业板;黄金;国债ETF,证券ETF;军工ETF
2017-09-19,1110413.8661457254,1458166.6061176176,-347752.7399718922,1.0,False,normal,-0.014478775360811692,6,沪深300;创业板;黄金;国债ETF;证券ETF;军工ETF,沪深300;创业板;黄金;国债ETF,证券ETF;军工ETF
2017-09-20,1121277.907422152,1498945.5025555957,-377667.5951334436,1.0,False,normal,-0.004836655796474693,6,沪深300;创业板;黄金;国债ETF;证券ETF;军工ETF,沪深300;创业板;黄金;国债ETF,证券ETF;军工ETF
2017-09-21,1113422.8661746308,1512659.1953115438,-399236.32913691294,1.0,False,normal,-0.011808209471969405,5,沪深300;创业板;国债ETF;证券ETF;军工ETF,沪深300;创业板;国债ETF,证券ETF;军工ETF
2017-09-22,1108201.094352972,1542180.0783488275,-433978.98399585555,1.0,False,normal,-0.01644266795394972,5,沪深300;创业板;国债ETF;证券ETF;军工ETF,沪深300;创业板;国债ETF,证券ETF;军工ETF
2017-09-25,1100921.9591509213,1563146.2965187829,-462224.33736786153,1.0,False,normal,-0.02290309001580621,5,沪深300;创业板;国债ETF;军工ETF;证券ETF,沪深300;创业板;国债ETF,军工ETF;证券ETF
2017-09-26,1103308.4824140205,1614990.6044274082,-511682.12201338774,1.0,False,normal,-0.020784988467738266,6,沪深300;创业板;黄金;国债ETF;证券ETF;军工ETF,沪深300;创业板;黄金;国债ETF,证券ETF;军工ETF
2017-09-27,1107988.0111704934,1668886.9122359343,-560898.9010654408,1.0,False,normal,-0.016631784827710664,6,沪深300;创业板;黄金;国债ETF;证券ETF;军工ETF,沪深300;创业板;黄金;国债ETF,证券ETF;军工ETF
2017-09-28,1110809.6752346768,1724864.6824705757,-614055.0072358989,1.0,False,normal,-0.014127484486337369,5,沪深300;创业板;国债ETF;证券ETF;军工ETF,沪深300;创业板;国债ETF,证券ETF;军工ETF
2017-09-29,1127628.1678263443,1742508.9577293287,-614880.7899029844,1.0,False,normal,0.0,6,沪深300;创业板;黄金;国债ETF;证券ETF;军工ETF,沪深300;创业板;黄金;国债ETF,证券ETF;军工ETF
2017-10-09,1127579.3677636534,1795918.2252833745,-668338.8575197211,1.0,False,normal,-4.327673259965671e-05,7,沪深300;创业板;纳指;黄金;国债ETF;证券ETF;军工ETF,沪深300;创业板;纳指;黄金;国债ETF,证券ETF;军工ETF
2017-10-10,1130568.5789248473,1857022.8692173883,-726454.290292541,1.0,False,normal,0.0,7,沪深300;创业板;纳指;黄金;国债ETF;证券ETF;军工ETF,沪深300;创业板;纳指;黄金;国债ETF,证券ETF;军工ETF
2017-10-11,1118715.0725719715,1842121.8302728261,-723406.7577008547,1.0,False,normal,-0.010484553147716473,6,沪深300;创业板;纳指;国债ETF;证券ETF;军工ETF,沪深300;创业板;纳指;国债ETF,证券ETF;军工ETF
2017-10-12,1129171.0221857175,1894617.28182247,-765446.2596367525,1.0,False,normal,-0.0012361538832601192,5,沪深300;创业板;纳指;军工ETF;证券ETF,沪深300;创业板;纳指,军工ETF;证券ETF
2017-10-13,1128545.2591517733,1951172.964837687,-822627.7056859138,1.0,False,normal,-0.0017896479796016898,5,沪深300;创业板;纳指;军工ETF;证券ETF,沪深300;创业板;纳指,军工ETF;证券ETF
2017-10-16,1119336.993916443,1960842.06136356,-841505.0674471168,1.0,False,normal,-0.009934457066801976,6,沪深300;创业板;纳指;黄金;军工ETF;证券ETF,沪深300;创业板;纳指;黄金,军工ETF;证券ETF
2017-10-17,1101971.865609654,1894673.5081385293,-792701.6425288753,1.0,False,normal,-0.025294098782037908,6,沪深300;创业板;纳指;黄金;军工ETF;证券ETF,沪深300;创业板;纳指;黄金,军工ETF;证券ETF
2017-10-18,1097983.9927260522,1942222.4803959273,-844238.4876698751,1.0,False,normal,-0.028821414999683208,5,沪深300;创业板;纳指;军工ETF;证券ETF,沪深300;创业板;纳指,军工ETF;证券ETF
2017-10-19,1061180.1122490014,1620176.6503613228,-558996.5381123214,1.0,False,normal,-0.061374840915739255,5,沪深300;创业板;纳指;军工ETF;证券ETF,沪深300;创业板;纳指,军工ETF;证券ETF
2017-10-20,1068888.4887290727,1657280.712783056,-588392.2240539833,1.0,False,normal,-0.05455669947455231,5,沪深300;创业板;纳指;军工ETF;证券ETF,沪深300;创业板;纳指,军工ETF;证券ETF
2017-10-23,1064958.7527123718,1701347.9296420473,-636389.1769296755,1.0,False,normal,-0.0580325930116238,5,沪深300;创业板;纳指;军工ETF;证券ETF,沪深300;创业板;纳指,军工ETF;证券ETF
2017-10-24,1063768.31138998,1752798.9353923292,-689030.6240023493,1.0,False,normal,-0.05908555109358637,5,沪深300;创业板;纳指;军工ETF;证券ETF,沪深300;创业板;纳指,军工ETF;证券ETF
2017-10-25,1066462.3218796956,1806677.517529494,-740215.1956497983,1.0,False,normal,-0.0567026700017753,5,沪深300;创业板;纳指;军工ETF;证券ETF,沪深300;创业板;纳指,军工ETF;证券ETF
2017-10-26,1076723.0013350677,1839997.4710524476,-763274.4697173799,1.0,False,normal,-0.04762698928090316,5,沪深300;创业板;纳指;军工ETF;证券ETF,沪深300;创业板;纳指,军工ETF;证券ETF
2017-10-27,1060086.0886046248,1795687.3090404654,-735601.2204358405,1.0,False,normal,-0.06234251653026673,5,沪深300;创业板;纳指;军工ETF;证券ETF,沪深300;创业板;纳指,军工ETF;证券ETF
2017-10-30,1016253.6204397781,1398143.242316969,-381889.6218771909,1.0,False,warning,-0.10111280343009438,5,沪深300;创业板;纳指;军工ETF;证券ETF,沪深300;创业板;纳指,军工ETF;证券ETF
2017-10-31,1013772.1202706404,1438382.9911401481,-424610.8708695078,1.0,False,warning,-0.10330771687046045,5,沪深300;创业板;纳指;军工ETF;证券ETF,沪深300;创业板;纳指,军工ETF;证券ETF
2017-11-01,1011188.995599597,1479645.4605089673,-468456.4649093703,1.0,False,warning,-0.10559251826968195,5,沪深300;创业板;纳指;军工ETF;证券ETF,沪深300;创业板;纳指,军工ETF;证券ETF
2017-11-02,1007377.6146656258,1520329.165349563,-512951.55068393704,1.0,False,warning,-0.1089637254702179,4,沪深300;纳指;军工ETF;证券ETF,沪深300;纳指,军工ETF;证券ETF
2017-11-03,1002417.6847495893,1559771.7430101088,-557354.0582605195,1.0,False,warning,-0.1133508365296402,4,沪深300;纳指;军工ETF;证券ETF,沪深300;纳指,军工ETF;证券ETF
2017-11-06,1010499.5409660134,1581295.4447188696,-570795.9037528562,1.0,False,warning,-0.10620234826711494,4,沪深300;纳指;军工ETF;证券ETF,沪深300;纳指,军工ETF;证券ETF
2017-11-07,1035446.8126820929,1473781.7455148096,-438334.93283271673,1.0,False,warning,-0.08413621961191747,4,沪深300;纳指;军工ETF;证券ETF,沪深300;纳指,军工ETF;证券ETF
2017-11-08,1047301.8944721521,0.0,1047301.8944721521,0.0,True,normal,-0.0736502729731623,0,,沪深300;纳指,证券ETF;军工ETF
2017-11-09,1047301.8944721521,0.0,1047301.8944721521,0.0,True,normal,-0.0736502729731623,0,,沪深300;纳指,军工ETF;证券ETF
2017-11-10,1047301.8944721521,0.0,1047301.8944721521,0.0,True,normal,-0.0736502729731623,0,,沪深300;纳指,证券ETF;军工ETF
2017-11-13,1047301.8944721521,0.0,1047301.8944721521,0.0,True,normal,-0.0736502729731623,0,,沪深300;创业板;纳指,证券ETF;军工ETF
2017-11-14,1047301.8944721521,0.0,1047301.8944721521,0.0,True,normal,-0.0736502729731623,0,,沪深300;纳指,证券ETF;军工ETF
2017-11-15,1047301.8944721521,0.0,1047301.8944721521,0.0,True,normal,-0.0736502729731623,0,,沪深300;纳指,证券ETF;军工ETF
2017-11-16,1047301.8944721521,0.0,1047301.8944721521,0.0,True,normal,-0.0736502729731623,0,,沪深300;纳指,军工ETF;证券ETF
2017-11-17,1047301.8944721521,0.0,1047301.8944721521,0.0,True,normal,-0.0736502729731623,0,,沪深300;纳指,证券ETF;军工ETF
2017-11-20,1047301.8944721521,0.0,1047301.8944721521,0.0,True,normal,-0.0736502729731623,0,,沪深300;纳指,证券ETF;军工ETF
2017-11-21,1047301.8944721521,0.0,1047301.8944721521,0.0,True,normal,-0.0736502729731623,0,,沪深300;纳指,证券ETF;军工ETF
2017-11-22,1047301.8944721521,0.0,1047301.8944721521,0.0,True,normal,-0.0736502729731623,0,,沪深300;纳指,证券ETF;军工ETF
2017-11-23,1047301.8944721521,0.0,1047301.8944721521,0.0,True,normal,-0.0736502729731623,0,,沪深300;纳指,证券ETF;军工ETF
2017-11-24,1047301.8944721521,0.0,1047301.8944721521,0.0,True,normal,-0.0736502729731623,0,,沪深300;纳指,证券ETF;军工ETF
2017-11-27,1047301.8944721521,0.0,1047301.8944721521,0.0,True,normal,-0.0736502729731623,0,,沪深300;纳指,军工ETF;证券ETF
2017-11-28,1047301.8944721521,0.0,1047301.8944721521,0.0,True,normal,-0.0736502729731623,0,,沪深300;纳指,证券ETF;军工ETF
2017-11-29,1047301.8944721521,0.0,1047301.8944721521,0.0,True,normal,-0.0736502729731623,0,,沪深300;纳指;黄金,证券ETF;军工ETF
2017-11-30,1047301.8944721521,0.0,1047301.8944721521,0.0,True,normal,-0.0736502729731623,0,,沪深300;纳指,证券ETF;军工ETF
2017-12-01,1047301.8944721521,0.0,1047301.8944721521,0.0,True,normal,-0.0736502729731623,0,,沪深300;纳指,证券ETF;军工ETF
2017-12-04,1047301.8944721521,0.0,1047301.8944721521,0.0,True,normal,-0.0736502729731623,0,,沪深300;纳指,证券ETF;军工ETF
2017-12-05,1047301.8944721521,0.0,1047301.8944721521,0.0,True,normal,-0.0736502729731623,0,,沪深300;纳指,证券ETF;军工ETF
2017-12-06,1047301.8944721521,0.0,1047301.8944721521,0.0,True,normal,-0.0736502729731623,0,,沪深300;纳指,证券ETF;军工ETF
2017-12-07,1047301.8944721521,0.0,1047301.8944721521,0.0,True,normal,-0.0736502729731623,0,,沪深300;纳指,军工ETF;证券ETF
2017-12-08,1047301.8944721521,0.0,1047301.8944721521,0.0,True,normal,-0.0736502729731623,0,,沪深300;纳指,证券ETF;军工ETF
2017-12-11,1047301.8944721521,0.0,1047301.8944721521,0.0,True,normal,-0.0736502729731623,0,,沪深300;纳指,证券ETF;军工ETF
2017-12-12,1047301.8944721521,0.0,1047301.8944721521,0.0,True,normal,-0.0736502729731623,0,,沪深300;纳指,军工ETF;证券ETF
2017-12-13,1047301.8944721521,0.0,1047301.8944721521,0.0,True,normal,-0.0736502729731623,0,,沪深300;纳指,证券ETF;军工ETF
2017-12-14,1047301.8944721521,0.0,1047301.8944721521,0.0,True,normal,-0.0736502729731623,0,,沪深300;纳指,军工ETF;证券ETF
2017-12-15,1047301.8944721521,0.0,1047301.8944721521,0.0,True,normal,-0.0736502729731623,0,,沪深300;纳指,军工ETF;证券ETF
2017-12-18,1047301.8944721521,0.0,1047301.8944721521,0.0,True,normal,-0.0736502729731623,0,,沪深300;纳指,军工ETF;证券ETF
2017-12-19,1047301.8944721521,0.0,1047301.8944721521,0.0,True,normal,-0.0736502729731623,0,,沪深300;纳指,军工ETF;证券ETF
2017-12-20,1047301.8944721521,0.0,1047301.8944721521,0.0,True,normal,-0.0736502729731623,0,,沪深300;纳指;国债ETF,军工ETF;证券ETF
2017-12-21,1047301.8944721521,0.0,1047301.8944721521,0.0,True,normal,-0.0736502729731623,0,,沪深300;纳指;国债ETF,军工ETF;证券ETF
2017-12-22,1047301.8944721521,0.0,1047301.8944721521,0.0,True,normal,-0.0736502729731623,0,,沪深300;纳指;国债ETF,军工ETF;证券ETF
2017-12-25,1047301.8944721521,0.0,1047301.8944721521,0.0,True,normal,-0.0736502729731623,0,,沪深300;纳指;国债ETF,军工ETF;证券ETF
2017-12-26,1047301.8944721521,0.0,1047301.8944721521,0.0,True,normal,-0.0736502729731623,0,,沪深300;纳指;国债ETF,军工ETF;证券ETF
2017-12-27,1047301.8944721521,0.0,1047301.8944721521,0.0,True,normal,-0.0736502729731623,0,,纳指;国债ETF,军工ETF;证券ETF
2017-12-28,1047301.8944721521,0.0,1047301.8944721521,0.0,True,normal,-0.0736502729731623,0,,沪深300;纳指;国债ETF,军工ETF;证券ETF
2017-12-29,1047301.8944721521,0.0,1047301.8944721521,0.0,True,normal,-0.0736502729731623,0,,纳指;黄金;国债ETF,军工ETF;证券ETF
2018-01-02,1047301.8944721521,0.0,1047301.8944721521,0.0,True,normal,-0.0736502729731623,0,,沪深300;纳指;黄金;国债ETF,军工ETF;证券ETF
2018-01-03,1047301.8944721521,0.0,1047301.8944721521,0.0,True,normal,-0.0736502729731623,0,,沪深300;纳指;黄金;国债ETF,军工ETF;证券ETF
2018-01-04,1047301.8944721521,0.0,1047301.8944721521,0.0,True,normal,-0.0736502729731623,0,,沪深300;纳指;国债ETF,军工ETF;证券ETF
2018-01-05,1047301.8944721521,0.0,1047301.8944721521,0.0,True,normal,-0.0736502729731623,0,,沪深300;纳指;国债ETF,军工ETF;证券ETF
2018-01-08,1047301.8944721521,0.0,1047301.8944721521,0.0,True,normal,-0.0736502729731623,0,,沪深300;纳指;黄金;国债ETF,证券ETF;军工ETF
2018-01-09,1047301.8944721521,0.0,1047301.8944721521,0.0,True,normal,-0.0736502729731623,0,,沪深300;纳指;黄金;国债ETF,证券ETF;军工ETF
2018-01-10,1047301.8944721521,0.0,1047301.8944721521,0.0,True,normal,-0.0736502729731623,0,,沪深300;纳指;黄金;国债ETF,证券ETF;军工ETF
2018-01-11,1047301.8944721521,0.0,1047301.8944721521,0.0,True,normal,-0.0736502729731623,0,,沪深300;纳指;黄金;国债ETF,证券ETF;军工ETF
2018-01-12,1047301.8944721521,0.0,1047301.8944721521,0.0,True,normal,-0.0736502729731623,0,,沪深300;纳指;黄金;国债ETF,证券ETF;军工ETF
2018-01-15,1047301.8944721521,0.0,1047301.8944721521,0.0,True,normal,-0.0736502729731623,0,,沪深300;纳指;黄金;国债ETF,证券ETF;军工ETF
2018-01-16,1047301.8944721521,0.0,1047301.8944721521,0.0,True,normal,-0.0736502729731623,0,,沪深300;纳指;黄金;国债ETF,证券ETF;军工ETF
2018-01-17,1047301.8944721521,0.0,1047301.8944721521,0.0,True,normal,-0.0736502729731623,0,,沪深300;纳指;黄金;国债ETF,证券ETF;军工ETF
2018-01-18,1047301.8944721521,0.0,1047301.8944721521,0.0,True,normal,-0.0736502729731623,0,,沪深300;纳指;黄金;国债ETF,证券ETF;军工ETF
2018-01-19,1047301.8944721521,0.0,1047301.8944721521,0.0,True,normal,-0.0736502729731623,0,,沪深300;纳指;黄金;国债ETF,证券ETF;军工ETF
2018-01-22,1047301.8944721521,0.0,1047301.8944721521,0.0,True,normal,-0.0736502729731623,0,,沪深300;创业板;纳指;黄金;国债ETF,证券ETF;军工ETF
2018-01-23,1047301.8944721521,0.0,1047301.8944721521,0.0,True,normal,-0.0736502729731623,0,,沪深300;纳指;黄金;国债ETF,证券ETF;军工ETF
2018-01-24,1047301.8944721521,0.0,1047301.8944721521,0.0,True,normal,-0.0736502729731623,0,,沪深300;创业板;纳指;黄金;国债ETF,证券ETF;军工ETF
2018-01-25,1047301.8944721521,0.0,1047301.8944721521,0.0,True,normal,-0.0736502729731623,0,,沪深300;创业板;纳指;黄金;国债ETF,证券ETF;军工ETF
2018-01-26,1047301.8944721521,0.0,1047301.8944721521,0.0,True,normal,-0.0736502729731623,0,,沪深300;创业板;纳指;黄金;国债ETF,证券ETF;军工ETF
2018-01-29,1047301.8944721521,0.0,1047301.8944721521,0.0,True,normal,-0.0736502729731623,0,,沪深300;创业板;纳指;黄金;国债ETF,证券ETF;军工ETF
2018-01-30,1047301.8944721521,0.0,1047301.8944721521,0.0,True,normal,-0.0736502729731623,0,,沪深300;创业板;纳指;黄金;国债ETF,证券ETF;军工ETF
2018-01-31,1047301.8944721521,0.0,1047301.8944721521,0.0,True,normal,-0.0736502729731623,0,,沪深300;纳指;黄金;国债ETF,证券ETF;军工ETF
2018-02-01,1047301.8944721521,0.0,1047301.8944721521,0.0,True,normal,-0.0736502729731623,0,,沪深300;纳指;黄金;国债ETF,证券ETF;军工ETF
2018-02-02,1047301.8944721521,0.0,1047301.8944721521,0.0,True,normal,-0.0736502729731623,0,,沪深300;纳指;黄金;国债ETF,证券ETF;军工ETF
2018-02-05,1047301.8944721521,0.0,1047301.8944721521,0.0,True,normal,-0.0736502729731623,0,,沪深300;纳指;黄金;国债ETF,证券ETF;军工ETF
2018-02-06,1047301.8944721521,0.0,1047301.8944721521,0.0,True,normal,-0.0736502729731623,0,,沪深300;黄金;国债ETF,证券ETF;军工ETF
2018-02-07,1047301.8944721521,0.0,1047301.8944721521,0.0,True,normal,-0.0736502729731623,0,,黄金;国债ETF,证券ETF;军工ETF
2018-02-08,1047301.8944721521,0.0,1047301.8944721521,0.0,True,normal,-0.0736502729731623,0,,黄金;国债ETF,证券ETF;军工ETF
2018-02-09,1047301.8944721521,0.0,1047301.8944721521,0.0,True,normal,-0.0736502729731623,0,,黄金;国债ETF,证券ETF;军工ETF
2018-02-12,1047301.8944721521,0.0,1047301.8944721521,0.0,True,normal,-0.0736502729731623,0,,黄金;国债ETF,证券ETF;军工ETF
2018-02-13,1047301.8944721521,0.0,1047301.8944721521,0.0,True,normal,-0.0736502729731623,0,,黄金;国债ETF,军工ETF;证券ETF
2018-02-14,1047301.8944721521,688456.8881702607,358845.0063018914,1.0,False,normal,-0.0736502729731623,4,黄金;国债ETF;证券ETF;军工ETF,黄金;国债ETF,证券ETF;军工ETF
2018-02-22,1055672.0339581731,697796.7419277406,357875.2920304325,1.0,False,normal,-0.06624679507535898,4,黄金;国债ETF;证券ETF;军工ETF,黄金;国债ETF,证券ETF;军工ETF
2018-02-23,1060808.820705259,714702.053096543,346106.76760871604,1.0,False,normal,-0.06170325225730997,4,黄金;国债ETF;军工ETF;证券ETF,黄金;国债ETF,军工ETF;证券ETF
2018-02-26,1078832.6159684546,701120.5232172356,377712.09275121905,0.8416350502280432,False,normal,-0.04576101257439221,6,沪深300;纳指;黄金;国债ETF;军工ETF;证券ETF,沪深300;纳指;黄金;国债ETF,军工ETF;证券ETF
2018-02-27,1085042.822886446,720478.8552147051,364563.9676717409,1.0,False,normal,-0.04026801813446429,5,纳指;黄金;国债ETF;军工ETF;证券ETF,纳指;黄金;国债ETF,军工ETF;证券ETF
2018-02-28,1083233.480240792,741825.4614319399,341408.0188088522,0.7454418556504079,False,normal,-0.04186840105628107,6,创业板;纳指;黄金;国债ETF;军工ETF;证券ETF,创业板;纳指;黄金;国债ETF,军工ETF;证券ETF
2018-03-01,1089231.8935141512,763024.7395238869,326207.1539902643,0.5599992378280958,False,normal,-0.036562740360258916,5,创业板;纳指;国债ETF;军工ETF;证券ETF,创业板;纳指;国债ETF,军工ETF;证券ETF
2018-03-02,1083553.6026248415,822290.6818363838,261262.92078845773,0.5647329018054399,False,normal,-0.041585249383736006,6,创业板;纳指;国债ETF;有色ETF;军工ETF;证券ETF,创业板;纳指;国债ETF,有色ETF;军工ETF;证券ETF
2018-03-05,1088145.4990533958,847836.2195663773,240309.27948701847,0.578034367655767,False,normal,-0.03752366788027592,6,创业板;纳指;国债ETF;有色ETF;军工ETF;证券ETF,创业板;纳指;国债ETF,有色ETF;军工ETF;证券ETF
2018-03-06,1099981.805720563,863567.8641561399,236413.94156442315,0.5939607777349053,False,normal,-0.027054328038527118,6,创业板;纳指;国债ETF;有色ETF;军工ETF;证券ETF,创业板;纳指;国债ETF,有色ETF;军工ETF;证券ETF
2018-03-07,1087327.5318526994,858122.951026519,229204.5808261804,0.7766787313858143,False,normal,-0.038247168617820154,5,纳指;国债ETF;有色ETF;军工ETF;证券ETF,纳指;国债ETF,有色ETF;军工ETF;证券ETF
2018-03-08,1089231.716310178,885808.5872347086,203423.12907546933,0.7967241780140231,False,normal,-0.03656289709906857,5,纳指;国债ETF;有色ETF;军工ETF;证券ETF,纳指;国债ETF,有色ETF;军工ETF;证券ETF
2018-03-09,1101053.0918120763,902677.8279578206,198375.26385425567,0.6074479031676522,False,normal,-0.026106764032695635,6,创业板;纳指;国债ETF;有色ETF;军工ETF;证券ETF,创业板;纳指;国债ETF,有色ETF;军工ETF;证券ETF
2018-03-12,1119894.3572621553,901111.5623200155,218782.79494213976,0.6126935842043914,False,normal,-0.009441463226267125,6,创业板;纳指;国债ETF;有色ETF;军工ETF;证券ETF,创业板;纳指;国债ETF,有色ETF;军工ETF;证券ETF
2018-03-13,1110625.241299175,906081.3119255158,204543.9293736592,0.6282919391071574,False,normal,-0.017640095432899912,6,创业板;纳指;国债ETF;有色ETF;军工ETF;证券ETF,创业板;纳指;国债ETF,有色ETF;军工ETF;证券ETF
2018-03-14,1103312.9074983248,919028.0413228957,184284.86617542908,0.6233672172563239,False,normal,-0.02410793288846065,6,创业板;纳指;国债ETF;有色ETF;军工ETF;证券ETF,创业板;纳指;国债ETF,有色ETF;军工ETF;证券ETF
2018-03-15,1102504.735905451,947041.5099577848,155463.22594766621,0.6425307456570052,False,normal,-0.02482276930611725,6,创业板;纳指;国债ETF;有色ETF;军工ETF;证券ETF,创业板;纳指;国债ETF,有色ETF;军工ETF;证券ETF
2018-03-16,1091288.4208809508,947519.0096008672,143769.4112800836,0.6547504463929918,False,normal,-0.034743719908836804,6,创业板;纳指;国债ETF;有色ETF;军工ETF;证券ETF,创业板;纳指;国债ETF,有色ETF;军工ETF;证券ETF
2018-03-19,1093011.0747018852,978110.8783336054,114900.19636827987,0.6743290605673646,False,normal,-0.03322001417966052,6,创业板;纳指;国债ETF;有色ETF;军工ETF;证券ETF,创业板;纳指;国债ETF,有色ETF;军工ETF;证券ETF
2018-03-20,1092988.8395969982,1008818.6016022791,84170.23799471906,0.7472572944667192,False,normal,-0.033239681367747596,5,创业板;国债ETF;有色ETF;军工ETF;证券ETF,创业板;国债ETF,有色ETF;军工ETF;证券ETF
2018-03-21,1092913.1780742444,1092913.1780742444,0.0,0.7206080521850873,False,normal,-0.03330660479385742,5,创业板;国债ETF;军工ETF;有色ETF;证券ETF,创业板;国债ETF,军工ETF;有色ETF;证券ETF
2018-03-22,1086685.3550515836,1086685.3550515836,0.0,0.7398850799304683,False,normal,-0.03881518086677761,5,创业板;国债ETF;军工ETF;有色ETF;证券ETF,创业板;国债ETF,军工ETF;有色ETF;证券ETF
2018-03-23,1036143.712196718,778765.7894559058,257377.92274081218,1.0,False,warning,-0.0835198045375769,4,国债ETF;军工ETF;有色ETF;证券ETF,国债ETF,军工ETF;有色ETF;证券ETF
2018-03-26,1057425.9220774737,749724.4417301092,307701.48034736456,0.5750118080419357,False,normal,-0.06469546227521296,5,创业板;国债ETF;军工ETF;有色ETF;证券ETF,创业板;国债ETF,军工ETF;有色ETF;证券ETF
2018-03-27,1074722.1006744127,744874.6157265089,329847.4849479038,0.5491896317046021,False,normal,-0.049396807315787716,5,创业板;国债ETF;军工ETF;有色ETF;证券ETF,创业板;国债ETF,军工ETF;有色ETF;证券ETF
2018-03-28,1064691.5644534994,748962.0216826668,315729.54277083254,0.5646431885036025,False,normal,-0.058268923884295366,5,创业板;国债ETF;军工ETF;有色ETF;证券ETF,创业板;国债ETF,军工ETF;有色ETF;证券ETF
2018-03-29,1070095.039383248,771731.586089148,298363.4532941,0.5823672842274928,False,normal,-0.053489492516330776,5,创业板;国债ETF;军工ETF;有色ETF;证券ETF,创业板;国债ETF,军工ETF;有色ETF;证券ETF
2018-03-30,1079495.6089514168,790999.1528169715,288496.45613444527,0.5701337521502009,False,normal,-0.04517458818995313,5,创业板;国债ETF;军工ETF;有色ETF;证券ETF,创业板;国债ETF,军工ETF;有色ETF;证券ETF
2018-04-02,1088048.1002536318,813339.400329905,274708.69992372685,0.5869120464180216,False,normal,-0.03760981816039127,5,创业板;国债ETF;军工ETF;证券ETF;有色ETF,创业板;国债ETF,军工ETF;证券ETF;有色ETF
2018-04-03,1081303.301729991,826293.3291511703,255009.97257882077,0.5955834944782351,False,normal,-0.04357566459321441,5,创业板;国债ETF;军工ETF;证券ETF;有色ETF,创业板;国债ETF,军工ETF;证券ETF;有色ETF
2018-04-04,1076364.0258068528,844638.5089313022,231725.51687555062,0.5976407405698878,False,normal,-0.04794450697501439,5,创业板;国债ETF;军工ETF;证券ETF;有色ETF,创业板;国债ETF,军工ETF;证券ETF;有色ETF
2018-04-09,1086820.3786077413,864562.0167300766,222258.3618776647,0.6160307307669358,False,normal,-0.038695751087218275,5,创业板;国债ETF;军工ETF;证券ETF;有色ETF,创业板;国债ETF,军工ETF;证券ETF;有色ETF
2018-04-10,1090681.7295134552,893577.7907528415,197103.93876061367,1.0,False,normal,-0.0352803449122245,6,创业板;黄金;国债ETF;军工ETF;证券ETF;有色ETF,创业板;黄金;国债ETF,军工ETF;证券ETF;有色ETF
2018-04-11,1091774.33160032,922571.0233706437,169203.30822967633,0.5964448113673292,False,normal,-0.0343139266805203,6,创业板;纳指;国债ETF;军工ETF;证券ETF;有色ETF,创业板;纳指;国债ETF,军工ETF;证券ETF;有色ETF
2018-04-12,1082793.180752819,929497.6454567071,153295.53529611183,0.8516879411576573,False,normal,-0.04225785066259492,7,创业板;纳指;黄金;国债ETF;军工ETF;证券ETF;有色ETF,创业板;纳指;黄金;国债ETF,军工ETF;证券ETF;有色ETF
2018-04-13,1079449.0298594066,953735.0028441586,125714.02701524808,1.0,False,normal,-0.045215787895020516,7,创业板;纳指;黄金;国债ETF;军工ETF;证券ETF;有色ETF,创业板;纳指;黄金;国债ETF,军工ETF;证券ETF;有色ETF
2018-04-16,1071699.2569997073,966938.0535922681,104761.20340743917,1.0,False,normal,-0.05207054487674138,7,创业板;纳指;黄金;国债ETF;军工ETF;有色ETF;证券ETF,创业板;纳指;黄金;国债ETF,军工ETF;有色ETF;证券ETF
2018-04-17,1056557.2725020326,949242.9611776387,107314.31132439384,1.0,False,normal,-0.06546379211528973,7,创业板;纳指;黄金;国债ETF;军工ETF;证券ETF;有色ETF,创业板;纳指;黄金;国债ETF,军工ETF;证券ETF;有色ETF
2018-04-18,1071787.7693566035,950940.7734067556,120846.99594984786,1.0,False,normal,-0.051992254750387115,7,创业板;纳指;黄金;国债ETF;军工ETF;证券ETF;有色ETF,创业板;纳指;黄金;国债ETF,军工ETF;证券ETF;有色ETF
2018-04-19,1089350.1089485332,949149.8222390702,140200.286709463,1.0,False,normal,-0.03645817754418066,7,创业板;纳指;黄金;国债ETF;军工ETF;有色ETF;证券ETF,创业板;纳指;黄金;国债ETF,军工ETF;有色ETF;证券ETF
2018-04-20,1069711.173469098,902167.3675111616,167543.80595793645,1.0,False,normal,-0.053829026023015494,7,创业板;纳指;黄金;国债ETF;军工ETF;有色ETF;证券ETF,创业板;纳指;黄金;国债ETF,军工ETF;有色ETF;证券ETF
2018-04-23,1057515.3970374234,898742.681069541,158772.71596788242,0.6711800003387861,False,normal,-0.06461632071616236,5,创业板;国债ETF;军工ETF;有色ETF;证券ETF,创业板;国债ETF,军工ETF;有色ETF;证券ETF
2018-04-24,1076051.3995605174,887751.7266392491,188299.67292126827,0.6330332462733059,False,normal,-0.04822102823357684,5,创业板;国债ETF;军工ETF;证券ETF;有色ETF,创业板;国债ETF,军工ETF;证券ETF;有色ETF
2018-04-25,1072697.4540702596,911137.798580206,161559.65549005358,0.6509902963486949,False,normal,-0.05118762889166992,5,创业板;国债ETF;军工ETF;证券ETF;有色ETF,创业板;国债ETF,军工ETF;证券ETF;有色ETF
2018-04-26,1055984.8805481892,885750.281973273,170234.59857491613,1.0,False,normal,-0.06597007892045438,6,创业板;黄金;国债ETF;军工ETF;证券ETF;有色ETF,创业板;黄金;国债ETF,军工ETF;证券ETF;有色ETF
2018-04-27,1055936.8070061272,913355.2826086564,142581.52439747076,1.0,False,normal,-0.06601260048257641,6,创业板;黄金;国债ETF;军工ETF;证券ETF;有色ETF,创业板;黄金;国债ETF,军工ETF;证券ETF;有色ETF
2018-05-02,1051556.7031077216,936475.9142059647,115080.78890175698,0.6748130925526429,False,normal,-0.06988684922790327,5,创业板;国债ETF;军工ETF;证券ETF;有色ETF,创业板;国债ETF,军工ETF;证券ETF;有色ETF
2018-05-03,1062718.5586272355,951238.8265795005,111479.73204773501,0.6816146962840776,False,normal,-0.06001406863981318,5,创业板;国债ETF;军工ETF;证券ETF;有色ETF,创业板;国债ETF,军工ETF;证券ETF;有色ETF
2018-05-04,1059172.2766315448,976486.6754137932,82685.60121775162,0.6964226267459847,False,normal,-0.06315079299408731,5,创业板;国债ETF;军工ETF;证券ETF;有色ETF,创业板;国债ETF,军工ETF;证券ETF;有色ETF
2018-05-07,1073263.6294266332,984642.152659931,88621.47676670225,0.6912371837535309,False,normal,-0.05068684073345657,5,创业板;国债ETF;军工ETF;证券ETF;有色ETF,创业板;国债ETF,军工ETF;证券ETF;有色ETF
2018-05-08,1080080.8576261967,1080080.8576261965,2.3283064365386963e-10,0.7129474424815354,False,normal,-0.04465692947761172,5,创业板;国债ETF;证券ETF;军工ETF;有色ETF,创业板;国债ETF,证券ETF;军工ETF;有色ETF
2018-05-09,1072367.6146233894,1072367.6146233892,2.3283064365386963e-10,1.0,False,normal,-0.05147937541020824,4,国债ETF;军工ETF;证券ETF;有色ETF,国债ETF,军工ETF;证券ETF;有色ETF
2018-05-10,1070121.0295071488,1070121.0295071485,2.3283064365386963e-10,1.0,False,normal,-0.0534665039737644,4,国债ETF;军工ETF;证券ETF;有色ETF,国债ETF,军工ETF;证券ETF;有色ETF
2018-05-11,1068566.8463796307,1068566.8463796307,0.0,1.0,False,normal,-0.054841195572743785,4,国债ETF;军工ETF;证券ETF;有色ETF,国债ETF,军工ETF;证券ETF;有色ETF
2018-05-14,1063698.8579270227,1063698.8579270227,0.0,1.0,False,normal,-0.0591469834244081,4,国债ETF;证券ETF;军工ETF;有色ETF,国债ETF,证券ETF;军工ETF;有色ETF
2018-05-15,1068880.7216843797,1068880.7216843797,0.0,0.7794622460583152,False,normal,-0.05456356950865531,5,创业板;国债ETF;证券ETF;军工ETF;有色ETF,创业板;国债ETF,证券ETF;军工ETF;有色ETF
2018-05-16,1058885.4908845625,1152008.0993174328,-93122.60843287036,0.7988000641172118,False,normal,-0.06340445805459612,5,创业板;国债ETF;有色ETF;军工ETF;证券ETF,创业板;国债ETF,有色ETF;军工ETF;证券ETF
2018-05-17,1051678.0956602274,1172071.9753211155,-120393.87966088811,1.0,False,normal,-0.06977947621686385,4,国债ETF;有色ETF;军工ETF;证券ETF,国债ETF,有色ETF;军工ETF;证券ETF
2018-05-18,1059324.5427395203,1201655.0202922958,-142330.47755277553,1.0,False,normal,-0.06301611199302826,5,纳指;国债ETF;证券ETF;军工ETF;有色ETF,纳指;国债ETF,证券ETF;军工ETF;有色ETF
2018-05-21,1070159.559589845,1224992.6103708718,-154833.05078102695,0.8519304849099,False,normal,-0.05343242370352307,6,创业板;纳指;国债ETF;证券ETF;军工ETF;有色ETF,创业板;纳指;国债ETF,证券ETF;军工ETF;有色ETF
2018-05-22,1065970.8798800663,1254979.2415909679,-189008.3617109016,1.0,False,normal,-0.057137355706641364,6,创业板;纳指;国债ETF;证券ETF;军工ETF;有色ETF,创业板;纳指;国债ETF,证券ETF;军工ETF;有色ETF
2018-05-23,1051106.2948249925,1233025.4987892436,-181919.2039642511,1.0,False,normal,-0.07028524017129693,6,创业板;纳指;国债ETF;证券ETF;军工ETF;有色ETF,创业板;纳指;国债ETF,证券ETF;军工ETF;有色ETF
2018-05-24,1044340.2162978665,1256812.0735708764,-212471.85727300984,1.0,False,normal,-0.07626990899480203,6,创业板;纳指;国债ETF;有色ETF;军工ETF;证券ETF,创业板;纳指;国债ETF,有色ETF;军工ETF;证券ETF
2018-05-25,1032997.1826657086,1261164.2677488015,-228167.0850830929,1.0,False,warning,-0.0863029435613075,5,纳指;国债ETF;证券ETF;军工ETF;有色ETF,纳指;国债ETF,证券ETF;军工ETF;有色ETF
2018-05-28,1019138.6795271653,1252514.9408367132,-233376.26130954793,1.0,False,warning,-0.09856093781029197,6,沪深300;纳指;国债ETF;证券ETF;军工ETF;有色ETF,沪深300;纳指;国债ETF,证券ETF;军工ETF;有色ETF
2018-05-29,1006136.348896293,1251592.4492352607,-245456.10033896775,1.0,False,warning,-0.1100616383190902,5,纳指;国债ETF;有色ETF;军工ETF;证券ETF,纳指;国债ETF,有色ETF;军工ETF;证券ETF
2018-05-30,969260.072583983,484630.0362919915,484630.0362919915,0.5,False,halve,-0.14267909912573917,5,纳指;国债ETF;军工ETF;有色ETF;证券ETF,纳指;国债ETF,军工ETF;有色ETF;证券ETF
2018-05-31,972259.6188703673,486129.8094351836,486129.8094351837,0.5,False,halve,-0.14002596835393152,5,纳指;国债ETF;军工ETF;有色ETF;证券ETF,纳指;国债ETF,军工ETF;有色ETF;证券ETF
2018-06-01,971343.3288138642,541020.8715724085,430322.4572414557,0.5,False,halve,-0.14083643670904405,5,纳指;国债ETF;军工ETF;有色ETF;证券ETF,纳指;国债ETF,军工ETF;有色ETF;证券ETF
2018-06-04,967817.1196319917,554845.2362740636,412971.88335792813,0.5,False,halve,-0.14395540644480817,5,纳指;国债ETF;证券ETF;军工ETF;有色ETF,纳指;国债ETF,证券ETF;军工ETF;有色ETF
2018-06-05,974496.3981695974,543865.7279676307,430630.67020196666,0.5,False,halve,-0.13804751314039887,5,纳指;国债ETF;有色ETF;军工ETF;证券ETF,纳指;国债ETF,有色ETF;军工ETF;证券ETF
2018-06-06,976250.6462210548,557274.9819816351,418975.66423941974,0.5,False,halve,-0.13649586197641045,5,纳指;国债ETF;有色ETF;军工ETF;证券ETF,纳指;国债ETF,有色ETF;军工ETF;证券ETF
2018-06-07,974754.194429196,573894.6871850309,400859.50724416506,0.5,False,halve,-0.13781948959153661,5,纳指;国债ETF;证券ETF;军工ETF;有色ETF,纳指;国债ETF,证券ETF;军工ETF;有色ETF
2018-06-08,964201.9805737936,549424.3164023906,414777.66417140304,0.5,False,halve,-0.14715303560732745,5,纳指;国债ETF;军工ETF;有色ETF;证券ETF,纳指;国债ETF,军工ETF;有色ETF;证券ETF
2018-06-11,964021.6870568228,565275.4340885348,398746.252968288,0.5,False,halve,-0.14731250715140864,5,纳指;国债ETF;证券ETF;军工ETF;有色ETF,纳指;国债ETF,证券ETF;军工ETF;有色ETF
2018-06-12,966257.949188124,576669.2294167175,389588.7197714065,0.5,False,halve,-0.14533450937844042,5,沪深300;纳指;证券ETF;有色ETF;军工ETF,沪深300;纳指,证券ETF;有色ETF;军工ETF
2018-06-13,955994.679133221,555169.7822379752,400824.8968952459,0.5,False,halve,-0.1544124815123053,6,沪深300;纳指;国债ETF;证券ETF;有色ETF;军工ETF,沪深300;纳指;国债ETF,证券ETF;有色ETF;军工ETF
2018-06-14,954682.6073505165,571564.4288640459,383118.1784864706,0.5,False,halve,-0.1555730230373071,5,沪深300;纳指;证券ETF;有色ETF;军工ETF,沪深300;纳指,证券ETF;有色ETF;军工ETF
2018-06-15,945442.6235556995,559965.3708114829,385477.2527442166,0.5,False,halve,-0.16374588752961775,4,纳指;证券ETF;有色ETF;军工ETF,纳指,证券ETF;有色ETF;军工ETF
2018-06-19,908217.3602323753,0.0,908217.3602323753,0.0,False,liquidate,-0.19667203108008224,5,纳指;国债ETF;有色ETF;证券ETF;军工ETF,纳指;国债ETF,有色ETF;证券ETF;军工ETF
2018-06-20,908289.4409752509,0.0,908289.4409752509,0.0,False,liquidate,-0.19660827489207272,5,纳指;国债ETF;有色ETF;军工ETF;证券ETF,纳指;国债ETF,有色ETF;军工ETF;证券ETF
2018-06-21,908361.5274388205,0.0,908361.5274388205,0.0,False,liquidate,-0.1965445136440482,5,纳指;国债ETF;证券ETF;有色ETF;军工ETF,纳指;国债ETF,证券ETF;有色ETF;军工ETF
2018-06-22,908433.6196235379,0.0,908433.6196235379,0.0,False,liquidate,-0.19648074733560722,5,纳指;国债ETF;有色ETF;证券ETF;军工ETF,纳指;国债ETF,有色ETF;证券ETF;军工ETF
2018-06-25,908505.7175298573,0.0,908505.7175298573,0.0,False,liquidate,-0.19641697596634805,5,纳指;国债ETF;有色ETF;证券ETF;军工ETF,纳指;国债ETF,有色ETF;证券ETF;军工ETF
2018-06-26,908577.8211582327,0.0,908577.8211582327,0.0,False,liquidate,-0.19635319953586913,5,纳指;国债ETF;有色ETF;证券ETF;军工ETF,纳指;国债ETF,有色ETF;证券ETF;军工ETF
2018-06-27,908649.9305091184,0.0,908649.9305091184,0.0,False,liquidate,-0.19628941804376876,5,纳指;国债ETF;军工ETF;有色ETF;证券ETF,纳指;国债ETF,军工ETF;有色ETF;证券ETF
2018-06-28,908722.0455829683,0.0,908722.0455829683,0.0,False,liquidate,-0.19622563148964528,4,纳指;有色ETF;证券ETF;军工ETF,纳指,有色ETF;证券ETF;军工ETF
2018-06-29,908794.1663802369,0.0,908794.1663802369,0.0,True,liquidate,-0.19616183987309677,0,,纳指;国债ETF,有色ETF;军工ETF;证券ETF
2018-07-02,908794.1663802369,0.0,908794.1663802369,0.0,True,liquidate,-0.19616183987309677,0,,纳指;国债ETF,有色ETF;军工ETF;证券ETF
2018-07-03,908794.1663802369,0.0,908794.1663802369,0.0,True,liquidate,-0.19616183987309677,0,,纳指;国债ETF,军工ETF;有色ETF;证券ETF
2018-07-04,908794.1663802369,0.0,908794.1663802369,0.0,True,liquidate,-0.19616183987309677,0,,纳指;国债ETF,有色ETF;军工ETF;证券ETF
2018-07-05,908794.1663802369,0.0,908794.1663802369,0.0,True,liquidate,-0.19616183987309677,0,,纳指;国债ETF,军工ETF;证券ETF;有色ETF
2018-07-06,908794.1663802369,0.0,908794.1663802369,0.0,True,liquidate,-0.19616183987309677,0,,纳指;国债ETF,军工ETF;证券ETF;有色ETF
2018-07-09,908794.1663802369,0.0,908794.1663802369,0.0,True,liquidate,-0.19616183987309677,0,,纳指;国债ETF,军工ETF;证券ETF;有色ETF
2018-07-10,908794.1663802369,0.0,908794.1663802369,0.0,True,liquidate,-0.19616183987309677,0,,纳指;国债ETF,军工ETF;证券ETF;有色ETF
2018-07-11,908794.1663802369,0.0,908794.1663802369,0.0,True,liquidate,-0.19616183987309677,0,,纳指;黄金;国债ETF,证券ETF;军工ETF;有色ETF
2018-07-12,908794.1663802369,0.0,908794.1663802369,0.0,True,liquidate,-0.19616183987309677,0,,纳指;黄金;国债ETF,有色ETF;军工ETF;证券ETF
2018-07-13,908794.1663802369,0.0,908794.1663802369,0.0,True,liquidate,-0.19616183987309677,0,,纳指;黄金;国债ETF,有色ETF;军工ETF;证券ETF
2018-07-16,908794.1663802369,0.0,908794.1663802369,0.0,True,liquidate,-0.19616183987309677,0,,纳指;黄金;国债ETF,有色ETF;军工ETF;证券ETF
2018-07-17,908794.1663802369,0.0,908794.1663802369,0.0,True,liquidate,-0.19616183987309677,0,,纳指;黄金;国债ETF,有色ETF;军工ETF;证券ETF
2018-07-18,908794.1663802369,0.0,908794.1663802369,0.0,True,liquidate,-0.19616183987309677,0,,纳指;国债ETF,军工ETF;有色ETF;证券ETF
2018-07-19,908794.1663802369,0.0,908794.1663802369,0.0,True,liquidate,-0.19616183987309677,0,,纳指;国债ETF,有色ETF;军工ETF;证券ETF
2018-07-20,908794.1663802369,0.0,908794.1663802369,0.0,True,liquidate,-0.19616183987309677,0,,纳指;国债ETF,证券ETF;军工ETF;有色ETF
2018-07-23,908794.1663802369,0.0,908794.1663802369,0.0,True,liquidate,-0.19616183987309677,0,,纳指;黄金;国债ETF,有色ETF;军工ETF;证券ETF
2018-07-24,908794.1663802369,0.0,908794.1663802369,0.0,True,liquidate,-0.19616183987309677,0,,纳指;国债ETF,军工ETF;有色ETF;证券ETF
2018-07-25,908794.1663802369,0.0,908794.1663802369,0.0,False,liquidate,-0.19616183987309677,5,纳指;国债ETF;军工ETF;有色ETF;证券ETF,纳指;国债ETF,军工ETF;有色ETF;证券ETF
2018-07-26,908866.2929013782,0.0,908866.2929013782,0.0,False,liquidate,-0.1960980431937215,5,纳指;国债ETF;军工ETF;有色ETF;证券ETF,纳指;国债ETF,军工ETF;有色ETF;证券ETF
2018-07-27,908938.4251468467,0.0,908938.4251468467,0.0,False,liquidate,-0.19603424145111778,5,纳指;国债ETF;军工ETF;有色ETF;证券ETF,纳指;国债ETF,军工ETF;有色ETF;证券ETF
2018-07-30,909010.5631170964,0.0,909010.5631170964,0.0,False,liquidate,-0.19597043464488373,6,纳指;黄金;国债ETF;军工ETF;有色ETF;证券ETF,纳指;黄金;国债ETF,军工ETF;有色ETF;证券ETF
2018-07-31,909082.706812582,0.0,909082.706812582,0.0,False,liquidate,-0.1959066227746174,6,纳指;黄金;国债ETF;军工ETF;证券ETF;有色ETF,纳指;黄金;国债ETF,军工ETF;证券ETF;有色ETF
2018-08-01,909154.8562337576,0.0,909154.8562337576,0.0,False,liquidate,-0.19584280583991698,6,纳指;黄金;国债ETF;有色ETF;军工ETF;证券ETF,纳指;黄金;国债ETF,有色ETF;军工ETF;证券ETF
2018-08-02,909227.0113810777,0.0,909227.0113810777,0.0,False,liquidate,-0.19577898384038048,5,纳指;国债ETF;有色ETF;军工ETF;证券ETF,纳指;国债ETF,有色ETF;军工ETF;证券ETF
2018-08-03,909299.1722549968,0.0,909299.1722549968,0.0,False,liquidate,-0.1957151567756059,5,纳指;国债ETF;有色ETF;军工ETF;证券ETF,纳指;国债ETF,有色ETF;军工ETF;证券ETF
2018-08-06,909371.3388559695,0.0,909371.3388559695,0.0,False,liquidate,-0.19565132464519125,5,纳指;国债ETF;证券ETF;军工ETF;有色ETF,纳指;国债ETF,证券ETF;军工ETF;有色ETF
2018-08-07,909443.5111844501,0.0,909443.5111844501,0.0,False,liquidate,-0.1955874874487345,5,纳指;国债ETF;证券ETF;军工ETF;有色ETF,纳指;国债ETF,证券ETF;军工ETF;有色ETF
2018-08-08,909515.6892408933,0.0,909515.6892408933,0.0,False,liquidate,-0.1955236451858336,5,纳指;国债ETF;证券ETF;军工ETF;有色ETF,纳指;国债ETF,证券ETF;军工ETF;有色ETF
2018-08-09,909587.8730257538,0.0,909587.8730257538,0.0,False,liquidate,-0.19545979785608641,5,纳指;国债ETF;证券ETF;军工ETF;有色ETF,纳指;国债ETF,证券ETF;军工ETF;有色ETF
2018-08-10,909660.062539486,0.0,909660.062539486,0.0,False,liquidate,-0.19539594545909086,5,纳指;国债ETF;证券ETF;军工ETF;有色ETF,纳指;国债ETF,证券ETF;军工ETF;有色ETF
2018-08-13,909732.2577825447,0.0,909732.2577825447,0.0,False,liquidate,-0.1953320879944447,6,纳指;黄金;国债ETF;军工ETF;证券ETF;有色ETF,纳指;黄金;国债ETF,军工ETF;证券ETF;有色ETF
2018-08-14,909804.4587553847,0.0,909804.4587553847,0.0,False,liquidate,-0.1952682254617458,5,纳指;国债ETF;军工ETF;证券ETF;有色ETF,纳指;国债ETF,军工ETF;证券ETF;有色ETF
2018-08-15,909876.6654584606,0.0,909876.6654584606,0.0,False,liquidate,-0.1952043578605919,5,纳指;国债ETF;军工ETF;证券ETF;有色ETF,纳指;国债ETF,军工ETF;证券ETF;有色ETF
2018-08-16,909948.8778922271,0.0,909948.8778922271,0.0,False,liquidate,-0.1951404851905808,5,纳指;国债ETF;证券ETF;军工ETF;有色ETF,纳指;国债ETF,证券ETF;军工ETF;有色ETF
2018-08-17,910021.0960571392,0.0,910021.0960571392,0.0,False,liquidate,-0.19507660745131022,4,纳指;证券ETF;军工ETF;有色ETF,纳指,证券ETF;军工ETF;有色ETF
2018-08-20,910093.3199536517,0.0,910093.3199536517,0.0,False,liquidate,-0.19501272464237773,5,纳指;国债ETF;证券ETF;军工ETF;有色ETF,纳指;国债ETF,证券ETF;军工ETF;有色ETF
2018-08-21,910165.5495822196,0.0,910165.5495822196,0.0,True,liquidate,-0.19494883676338104,0,,纳指;国债ETF,证券ETF;军工ETF;有色ETF
2018-08-22,910165.5495822196,0.0,910165.5495822196,0.0,True,liquidate,-0.19494883676338104,0,,纳指;国债ETF,证券ETF;军工ETF;有色ETF
2018-08-23,910165.5495822196,0.0,910165.5495822196,0.0,True,liquidate,-0.19494883676338104,0,,纳指,证券ETF;军工ETF;有色ETF
2018-08-24,910165.5495822196,0.0,910165.5495822196,0.0,True,liquidate,-0.19494883676338104,0,,纳指;国债ETF,证券ETF;军工ETF;有色ETF
2018-08-27,910165.5495822196,0.0,910165.5495822196,0.0,True,liquidate,-0.19494883676338104,0,,沪深300;纳指;国债ETF,军工ETF;证券ETF;有色ETF
2018-08-28,910165.5495822196,0.0,910165.5495822196,0.0,True,liquidate,-0.19494883676338104,0,,沪深300;纳指;国债ETF,军工ETF;证券ETF;有色ETF
2018-08-29,910165.5495822196,0.0,910165.5495822196,0.0,True,liquidate,-0.19494883676338104,0,,沪深300;纳指;国债ETF,军工ETF;证券ETF;有色ETF
2018-08-30,910165.5495822196,0.0,910165.5495822196,0.0,True,liquidate,-0.19494883676338104,0,,沪深300;纳指;国债ETF,军工ETF;证券ETF;有色ETF
2018-08-31,910165.5495822196,0.0,910165.5495822196,0.0,True,liquidate,-0.19494883676338104,0,,纳指;国债ETF,军工ETF;证券ETF;有色ETF
2018-09-03,910165.5495822196,0.0,910165.5495822196,0.0,True,liquidate,-0.19494883676338104,0,,纳指;国债ETF,军工ETF;证券ETF;有色ETF
2018-09-04,910165.5495822196,0.0,910165.5495822196,0.0,True,liquidate,-0.19494883676338104,0,,纳指;国债ETF,军工ETF;证券ETF;有色ETF
2018-09-05,910165.5495822196,0.0,910165.5495822196,0.0,True,liquidate,-0.19494883676338104,0,,纳指;国债ETF,军工ETF;证券ETF;有色ETF
2018-09-06,910165.5495822196,0.0,910165.5495822196,0.0,True,liquidate,-0.19494883676338104,0,,纳指;国债ETF,军工ETF;证券ETF;有色ETF
2018-09-07,910165.5495822196,0.0,910165.5495822196,0.0,True,liquidate,-0.19494883676338104,0,,纳指;国债ETF,军工ETF;证券ETF;有色ETF
2018-09-10,910165.5495822196,0.0,910165.5495822196,0.0,True,liquidate,-0.19494883676338104,0,,纳指,军工ETF;证券ETF;有色ETF
2018-09-11,910165.5495822196,0.0,910165.5495822196,0.0,True,liquidate,-0.19494883676338104,0,,纳指;黄金,军工ETF;证券ETF;有色ETF
2018-09-12,910165.5495822196,0.0,910165.5495822196,0.0,True,liquidate,-0.19494883676338104,0,,纳指,军工ETF;证券ETF;有色ETF
2018-09-13,910165.5495822196,0.0,910165.5495822196,0.0,True,liquidate,-0.19494883676338104,0,,纳指,军工ETF;证券ETF;有色ETF
2018-09-14,910165.5495822196,0.0,910165.5495822196,0.0,True,liquidate,-0.19494883676338104,0,,纳指,军工ETF;证券ETF;有色ETF
2018-09-17,910165.5495822196,0.0,910165.5495822196,0.0,True,liquidate,-0.19494883676338104,0,,纳指,军工ETF;证券ETF;有色ETF
2018-09-18,910165.5495822196,0.0,910165.5495822196,0.0,True,liquidate,-0.19494883676338104,0,,纳指,军工ETF;证券ETF;有色ETF
2018-09-19,910165.5495822196,0.0,910165.5495822196,0.0,True,liquidate,-0.19494883676338104,0,,纳指,军工ETF;证券ETF;有色ETF
2018-09-20,910165.5495822196,0.0,910165.5495822196,0.0,True,liquidate,-0.19494883676338104,0,,纳指,军工ETF;证券ETF;有色ETF
2018-09-21,910165.5495822196,0.0,910165.5495822196,0.0,True,liquidate,-0.19494883676338104,0,,纳指,军工ETF;证券ETF;有色ETF
2018-09-25,910165.5495822196,0.0,910165.5495822196,0.0,True,liquidate,-0.19494883676338104,0,,纳指,军工ETF;证券ETF;有色ETF
2018-09-26,910165.5495822196,0.0,910165.5495822196,0.0,True,liquidate,-0.19494883676338104,0,,纳指,军工ETF;证券ETF;有色ETF
2018-09-27,910165.5495822196,0.0,910165.5495822196,0.0,False,liquidate,-0.19494883676338104,5,沪深300;纳指;军工ETF;证券ETF;有色ETF,沪深300;纳指,军工ETF;证券ETF;有色ETF
2018-09-28,910237.7849432975,0.0,910237.7849432975,0.0,False,liquidate,-0.19488494381391783,5,沪深300;纳指;军工ETF;证券ETF;有色ETF,沪深300;纳指,军工ETF;证券ETF;有色ETF
2018-10-08,910310.0260373406,0.0,910310.0260373406,0.0,False,liquidate,-0.19482104579358558,5,沪深300;国债ETF;军工ETF;有色ETF;证券ETF,沪深300;国债ETF,军工ETF;有色ETF;证券ETF
2018-10-09,910382.2728648039,0.0,910382.2728648039,0.0,False,liquidate,-0.1947571427019819,3,证券ETF;有色ETF;军工ETF,,证券ETF;有色ETF;军工ETF
2018-10-10,910454.5254261424,0.0,910454.5254261424,0.0,False,liquidate,-0.1946932345387043,3,证券ETF;有色ETF;军工ETF,,证券ETF;有色ETF;军工ETF
2018-10-11,910526.7837218111,0.0,910526.7837218111,0.0,False,liquidate,-0.19462932130335023,5,黄金;国债ETF;证券ETF;有色ETF;军工ETF,黄金;国债ETF,证券ETF;有色ETF;军工ETF
2018-10-12,910599.0477522652,0.0,910599.0477522652,0.0,False,liquidate,-0.19456540299551717,5,黄金;国债ETF;军工ETF;有色ETF;证券ETF,黄金;国债ETF,军工ETF;有色ETF;证券ETF
2018-10-15,910671.3175179599,0.0,910671.3175179599,0.0,False,liquidate,-0.19450147961480252,5,黄金;国债ETF;证券ETF;有色ETF;军工ETF,黄金;国债ETF,证券ETF;有色ETF;军工ETF
2018-10-16,910743.5930193502,0.0,910743.5930193502,0.0,False,liquidate,-0.19443755116080366,5,黄金;国债ETF;证券ETF;有色ETF;军工ETF,黄金;国债ETF,证券ETF;有色ETF;军工ETF
2018-10-17,910815.8742568914,0.0,910815.8742568914,0.0,False,liquidate,-0.194373617633118,5,黄金;国债ETF;证券ETF;军工ETF;有色ETF,黄金;国债ETF,证券ETF;军工ETF;有色ETF
2018-10-18,910888.1612310389,0.0,910888.1612310389,0.0,False,liquidate,-0.1943096790313428,5,黄金;国债ETF;证券ETF;军工ETF;有色ETF,黄金;国债ETF,证券ETF;军工ETF;有色ETF
2018-10-19,910960.4539422477,0.0,910960.4539422477,0.0,False,liquidate,-0.19424573535507547,5,黄金;国债ETF;证券ETF;军工ETF;有色ETF,黄金;国债ETF,证券ETF;军工ETF;有色ETF
2018-10-22,911032.7523909733,0.0,911032.7523909733,0.0,False,liquidate,-0.19418178660391314,6,沪深300;黄金;国债ETF;证券ETF;军工ETF;有色ETF,沪深300;黄金;国债ETF,证券ETF;军工ETF;有色ETF
2018-10-23,911105.056577671,0.0,911105.056577671,0.0,False,liquidate,-0.19411783277745312,5,黄金;国债ETF;证券ETF;军工ETF;有色ETF,黄金;国债ETF,证券ETF;军工ETF;有色ETF
2018-10-24,911177.3665027962,0.0,911177.3665027962,0.0,False,liquidate,-0.1940538738752926,5,黄金;国债ETF;证券ETF;军工ETF;有色ETF,黄金;国债ETF,证券ETF;军工ETF;有色ETF
2018-10-25,911249.6821668043,0.0,911249.6821668043,0.0,False,liquidate,-0.19398990989702874,5,黄金;国债ETF;证券ETF;军工ETF;有色ETF,黄金;国债ETF,证券ETF;军工ETF;有色ETF
2018-10-26,911322.0035701509,0.0,911322.0035701509,0.0,False,liquidate,-0.19392594084225864,5,黄金;国债ETF;证券ETF;军工ETF;有色ETF,黄金;国债ETF,证券ETF;军工ETF;有色ETF
2018-10-29,911394.3307132914,0.0,911394.3307132914,0.0,False,liquidate,-0.19386196671057945,5,黄金;国债ETF;证券ETF;军工ETF;有色ETF,黄金;国债ETF,证券ETF;军工ETF;有色ETF
2018-10-30,911466.6635966814,0.0,911466.6635966814,0.0,False,liquidate,-0.19379798750158816,5,黄金;国债ETF;证券ETF;军工ETF;有色ETF,黄金;国债ETF,证券ETF;军工ETF;有色ETF
2018-10-31,911539.0022207764,0.0,911539.0022207764,0.0,False,liquidate,-0.19373400321488196,5,黄金;国债ETF;证券ETF;军工ETF;有色ETF,黄金;国债ETF,证券ETF;军工ETF;有色ETF
2018-11-01,911611.3465860321,0.0,911611.3465860321,0.0,False,liquidate,-0.1936700138500577,5,黄金;国债ETF;证券ETF;军工ETF;有色ETF,黄金;国债ETF,证券ETF;军工ETF;有色ETF
2018-11-02,911683.696692904,0.0,911683.696692904,0.0,False,liquidate,-0.19360601940671246,5,黄金;国债ETF;证券ETF;军工ETF;有色ETF,黄金;国债ETF,证券ETF;军工ETF;有色ETF
2018-11-05,911756.0525418479,0.0,911756.0525418479,0.0,False,liquidate,-0.1935420198844431,5,黄金;国债ETF;证券ETF;军工ETF;有色ETF,黄金;国债ETF,证券ETF;军工ETF;有色ETF
2018-11-06,911828.4141333195,0.0,911828.4141333195,0.0,False,liquidate,-0.1934780152828466,5,黄金;国债ETF;证券ETF;军工ETF;有色ETF,黄金;国债ETF,证券ETF;军工ETF;有色ETF
2018-11-07,911900.7814677745,0.0,911900.7814677745,0.0,False,liquidate,-0.19341400560151986,5,黄金;国债ETF;证券ETF;军工ETF;有色ETF,黄金;国债ETF,证券ETF;军工ETF;有色ETF
2018-11-08,911973.1545456689,0.0,911973.1545456689,0.0,False,liquidate,-0.1933499908400596,5,黄金;国债ETF;证券ETF;军工ETF;有色ETF,黄金;国债ETF,证券ETF;军工ETF;有色ETF
2018-11-09,912045.5333674583,0.0,912045.5333674583,0.0,False,liquidate,-0.19328597099806274,5,黄金;国债ETF;证券ETF;军工ETF;有色ETF,黄金;国债ETF,证券ETF;军工ETF;有色ETF
2018-11-12,912117.9179335986,0.0,912117.9179335986,0.0,False,liquidate,-0.193221946075126,5,黄金;国债ETF;证券ETF;军工ETF;有色ETF,黄金;国债ETF,证券ETF;军工ETF;有色ETF
2018-11-13,912190.3082445458,0.0,912190.3082445458,0.0,False,liquidate,-0.19315791607084618,6,沪深300;黄金;国债ETF;证券ETF;军工ETF;有色ETF,沪深300;黄金;国债ETF,证券ETF;军工ETF;有色ETF
2018-11-14,912262.7043007558,0.0,912262.7043007558,0.0,False,liquidate,-0.19309388098482,5,黄金;国债ETF;证券ETF;军工ETF;有色ETF,黄金;国债ETF,证券ETF;军工ETF;有色ETF
2018-11-15,912335.1061026844,0.0,912335.1061026844,0.0,False,liquidate,-0.19302984081664418,7,沪深300;创业板;黄金;国债ETF;证券ETF;军工ETF;有色ETF,沪深300;创业板;黄金;国债ETF,证券ETF;军工ETF;有色ETF
2018-11-16,912407.5136507879,0.0,912407.5136507879,0.0,False,liquidate,-0.19296579556591525,7,沪深300;创业板;黄金;国债ETF;证券ETF;军工ETF;有色ETF,沪深300;创业板;黄金;国债ETF,证券ETF;军工ETF;有色ETF
2018-11-19,912479.9269455221,0.0,912479.9269455221,0.0,False,liquidate,-0.19290174523223,7,沪深300;创业板;黄金;国债ETF;证券ETF;军工ETF;有色ETF,沪深300;创业板;黄金;国债ETF,证券ETF;军工ETF;有色ETF
2018-11-20,912552.3459873432,0.0,912552.3459873432,0.0,False,liquidate,-0.19283768981518487,5,黄金;国债ETF;证券ETF;军工ETF;有色ETF,黄金;国债ETF,证券ETF;军工ETF;有色ETF
2018-11-21,912624.7707767073,0.0,912624.7707767073,0.0,False,liquidate,-0.19277362931437655,5,黄金;国债ETF;证券ETF;军工ETF;有色ETF,黄金;国债ETF,证券ETF;军工ETF;有色ETF
2018-11-22,912697.2013140706,0.0,912697.2013140706,0.0,False,liquidate,-0.19270956372940146,5,黄金;国债ETF;证券ETF;军工ETF;有色ETF,黄金;国债ETF,证券ETF;军工ETF;有色ETF
2018-11-23,912769.6375998892,0.0,912769.6375998892,0.0,False,liquidate,-0.19264549305985615,5,黄金;国债ETF;证券ETF;军工ETF;有色ETF,黄金;国债ETF,证券ETF;军工ETF;有色ETF
2018-11-26,912842.0796346194,0.0,912842.0796346194,0.0,False,liquidate,-0.19258141730533704,5,黄金;国债ETF;军工ETF;证券ETF;有色ETF,黄金;国债ETF,军工ETF;证券ETF;有色ETF
2018-11-27,912914.5274187174,0.0,912914.5274187174,0.0,False,liquidate,-0.19251733646544064,5,黄金;国债ETF;证券ETF;军工ETF;有色ETF,黄金;国债ETF,证券ETF;军工ETF;有色ETF
2018-11-28,912986.9809526396,0.0,912986.9809526396,0.0,False,liquidate,-0.19245325053976323,5,黄金;国债ETF;证券ETF;军工ETF;有色ETF,黄金;国债ETF,证券ETF;军工ETF;有色ETF
2018-11-29,913059.4402368423,0.0,913059.4402368423,0.0,False,liquidate,-0.19238915952790123,5,黄金;国债ETF;证券ETF;军工ETF;有色ETF,黄金;国债ETF,证券ETF;军工ETF;有色ETF
2018-11-30,913131.9052717817,0.0,913131.9052717817,0.0,False,liquidate,-0.19232506342945105,5,黄金;国债ETF;证券ETF;军工ETF;有色ETF,黄金;国债ETF,证券ETF;军工ETF;有色ETF
2018-12-03,913204.3760579145,0.0,913204.3760579145,0.0,False,liquidate,-0.19226096224400888,6,创业板;黄金;国债ETF;证券ETF;军工ETF;有色ETF,创业板;黄金;国债ETF,证券ETF;军工ETF;有色ETF
2018-12-04,913276.8525956969,0.0,913276.8525956969,0.0,False,liquidate,-0.19219685597117103,6,创业板;黄金;国债ETF;证券ETF;军工ETF;有色ETF,创业板;黄金;国债ETF,证券ETF;军工ETF;有色ETF
2018-12-05,913349.3348855855,0.0,913349.3348855855,0.0,False,liquidate,-0.1921327446105338,7,沪深300;创业板;黄金;国债ETF;证券ETF;军工ETF;有色ETF,沪深300;创业板;黄金;国债ETF,证券ETF;军工ETF;有色ETF
2018-12-06,913421.8229280368,0.0,913421.8229280368,0.0,False,liquidate,-0.19206862816169332,7,沪深300;创业板;黄金;国债ETF;证券ETF;军工ETF;有色ETF,沪深300;创业板;黄金;国债ETF,证券ETF;军工ETF;有色ETF
2018-12-07,913494.3167235074,0.0,913494.3167235074,0.0,False,liquidate,-0.19200450662424573,7,沪深300;创业板;黄金;国债ETF;证券ETF;军工ETF;有色ETF,沪深300;创业板;黄金;国债ETF,证券ETF;军工ETF;有色ETF
2018-12-10,913566.8162724538,0.0,913566.8162724538,0.0,False,liquidate,-0.19194037999778726,7,沪深300;创业板;黄金;国债ETF;证券ETF;军工ETF;有色ETF,沪深300;创业板;黄金;国债ETF,证券ETF;军工ETF;有色ETF
2018-12-11,913639.3215753325,0.0,913639.3215753325,0.0,False,liquidate,-0.19187624828191405,7,沪深300;创业板;黄金;国债ETF;证券ETF;有色ETF;军工ETF,沪深300;创业板;黄金;国债ETF,证券ETF;有色ETF;军工ETF
2018-12-12,913711.8326326004,0.0,913711.8326326004,0.0,False,liquidate,-0.19181211147622212,7,沪深300;创业板;黄金;国债ETF;证券ETF;有色ETF;军工ETF,沪深300;创业板;黄金;国债ETF,证券ETF;有色ETF;军工ETF
2018-12-13,913784.3494447141,0.0,913784.3494447141,0.0,False,liquidate,-0.19174796958030754,7,沪深300;创业板;黄金;国债ETF;有色ETF;证券ETF;军工ETF,沪深300;创业板;黄金;国债ETF,有色ETF;证券ETF;军工ETF
2018-12-14,913856.8720121305,0.0,913856.8720121305,0.0,False,liquidate,-0.19168382259376626,5,黄金;国债ETF;军工ETF;证券ETF;有色ETF,黄金;国债ETF,军工ETF;证券ETF;有色ETF
2018-12-17,913929.4003353061,0.0,913929.4003353061,0.0,False,liquidate,-0.19161967051619427,6,创业板;黄金;国债ETF;有色ETF;证券ETF;军工ETF,创业板;黄金;国债ETF,有色ETF;证券ETF;军工ETF
2018-12-18,914001.9344146978,0.0,914001.9344146978,0.0,False,liquidate,-0.1915555133471876,6,创业板;黄金;国债ETF;有色ETF;证券ETF;军工ETF,创业板;黄金;国债ETF,有色ETF;证券ETF;军工ETF
2018-12-19,914074.4742507625,0.0,914074.4742507625,0.0,False,liquidate,-0.1914913510863421,5,黄金;国债ETF;有色ETF;证券ETF;军工ETF,黄金;国债ETF,有色ETF;证券ETF;军工ETF
2018-12-20,914147.019843957,0.0,914147.019843957,0.0,False,liquidate,-0.19142718373325368,6,创业板;黄金;国债ETF;有色ETF;证券ETF;军工ETF,创业板;黄金;国债ETF,有色ETF;证券ETF;军工ETF
2018-12-21,914219.5711947384,0.0,914219.5711947384,0.0,False,liquidate,-0.19136301128751815,6,创业板;黄金;国债ETF;有色ETF;证券ETF;军工ETF,创业板;黄金;国债ETF,有色ETF;证券ETF;军工ETF
2018-12-24,914292.1283035635,0.0,914292.1283035635,0.0,False,liquidate,-0.19129883374873138,6,创业板;黄金;国债ETF;有色ETF;证券ETF;军工ETF,创业板;黄金;国债ETF,有色ETF;证券ETF;军工ETF
2018-12-25,914364.6911708892,0.0,914364.6911708892,0.0,False,liquidate,-0.19123465111648916,6,创业板;黄金;国债ETF;有色ETF;证券ETF;军工ETF,创业板;黄金;国债ETF,有色ETF;证券ETF;军工ETF
2018-12-26,914437.2597971726,0.0,914437.2597971726,0.0,False,liquidate,-0.19117046339038726,5,黄金;国债ETF;有色ETF;证券ETF;军工ETF,黄金;国债ETF,有色ETF;证券ETF;军工ETF
2018-12-27,914509.8341828708,0.0,914509.8341828708,0.0,False,liquidate,-0.19110627057002144,5,黄金;国债ETF;有色ETF;证券ETF;军工ETF,黄金;国债ETF,有色ETF;证券ETF;军工ETF
2018-12-28,914582.4143284409,0.0,914582.4143284409,0.0,False,liquidate,-0.19104207265498727,5,黄金;国债ETF;有色ETF;证券ETF;军工ETF,黄金;国债ETF,有色ETF;证券ETF;军工ETF
2019-01-02,914655.0002343401,0.0,914655.0002343401,0.0,False,liquidate,-0.19097786964488045,5,黄金;国债ETF;军工ETF;证券ETF;有色ETF,黄金;国债ETF,军工ETF;证券ETF;有色ETF
2019-01-03,914727.5919010254,0.0,914727.5919010254,0.0,False,liquidate,-0.19091366153929668,5,黄金;国债ETF;军工ETF;证券ETF;有色ETF,黄金;国债ETF,军工ETF;证券ETF;有色ETF
2019-01-04,914800.1893289541,0.0,914800.1893289541,0.0,False,liquidate,-0.1908494483378315,5,黄金;国债ETF;证券ETF;军工ETF;有色ETF,黄金;国债ETF,证券ETF;军工ETF;有色ETF
2019-01-07,914872.7925185834,0.0,914872.7925185834,0.0,False,liquidate,-0.19078523004008055,5,黄金;国债ETF;证券ETF;军工ETF;有色ETF,黄金;国债ETF,证券ETF;军工ETF;有色ETF
2019-01-08,914945.4014703706,0.0,914945.4014703706,0.0,False,liquidate,-0.19072100664563923,5,黄金;国债ETF;证券ETF;军工ETF;有色ETF,黄金;国债ETF,证券ETF;军工ETF;有色ETF
2019-01-09,915018.0161847731,0.0,915018.0161847731,0.0,True,liquidate,-0.19065677815410312,0,,黄金;国债ETF,证券ETF;军工ETF;有色ETF
2019-01-10,915018.0161847731,0.0,915018.0161847731,0.0,True,liquidate,-0.19065677815410312,0,,黄金;国债ETF,证券ETF;军工ETF;有色ETF
2019-01-11,915018.0161847731,0.0,915018.0161847731,0.0,True,liquidate,-0.19065677815410312,0,,黄金;国债ETF,证券ETF;军工ETF;有色ETF
2019-01-14,915018.0161847731,0.0,915018.0161847731,0.0,True,liquidate,-0.19065677815410312,0,,黄金;国债ETF,证券ETF;军工ETF;有色ETF
2019-01-15,915018.0161847731,0.0,915018.0161847731,0.0,True,liquidate,-0.19065677815410312,0,,黄金;国债ETF,证券ETF;军工ETF;有色ETF
2019-01-16,915018.0161847731,0.0,915018.0161847731,0.0,True,liquidate,-0.19065677815410312,0,,黄金;国债ETF,证券ETF;军工ETF;有色ETF
2019-01-17,915018.0161847731,0.0,915018.0161847731,0.0,True,liquidate,-0.19065677815410312,0,,黄金;国债ETF,证券ETF;军工ETF;有色ETF
2019-01-18,915018.0161847731,0.0,915018.0161847731,0.0,True,liquidate,-0.19065677815410312,0,,纳指;黄金;国债ETF,证券ETF;军工ETF;有色ETF
2019-01-21,915018.0161847731,0.0,915018.0161847731,0.0,True,liquidate,-0.19065677815410312,0,,纳指;黄金;国债ETF,证券ETF;军工ETF;有色ETF
2019-01-22,915018.0161847731,0.0,915018.0161847731,0.0,True,liquidate,-0.19065677815410312,0,,黄金;国债ETF,证券ETF;军工ETF;有色ETF
2019-01-23,915018.0161847731,0.0,915018.0161847731,0.0,True,liquidate,-0.19065677815410312,0,,黄金;国债ETF,证券ETF;军工ETF;有色ETF
2019-01-24,915018.0161847731,0.0,915018.0161847731,0.0,True,liquidate,-0.19065677815410312,0,,黄金;国债ETF,证券ETF;军工ETF;有色ETF
2019-01-25,915018.0161847731,0.0,915018.0161847731,0.0,True,liquidate,-0.19065677815410312,0,,黄金;国债ETF,证券ETF;军工ETF;有色ETF
2019-01-28,915018.0161847731,0.0,915018.0161847731,0.0,True,liquidate,-0.19065677815410312,0,,黄金;国债ETF,证券ETF;军工ETF;有色ETF
2019-01-29,915018.0161847731,0.0,915018.0161847731,0.0,True,liquidate,-0.19065677815410312,0,,黄金;国债ETF,证券ETF;军工ETF;有色ETF
2019-01-30,915018.0161847731,0.0,915018.0161847731,0.0,True,liquidate,-0.19065677815410312,0,,黄金;国债ETF,证券ETF;军工ETF;有色ETF
2019-01-31,915018.0161847731,0.0,915018.0161847731,0.0,True,liquidate,-0.19065677815410312,0,,黄金;国债ETF,证券ETF;军工ETF;有色ETF
2019-02-01,915018.0161847731,0.0,915018.0161847731,0.0,True,liquidate,-0.19065677815410312,0,,沪深300;纳指;黄金;国债ETF,证券ETF;军工ETF;有色ETF
2019-02-11,915018.0161847731,0.0,915018.0161847731,0.0,True,liquidate,-0.19065677815410312,0,,沪深300;黄金;国债ETF,证券ETF;军工ETF;有色ETF
2019-02-12,915018.0161847731,0.0,915018.0161847731,0.0,True,liquidate,-0.19065677815410312,0,,沪深300;创业板;纳指;黄金;国债ETF,证券ETF;军工ETF;有色ETF
2019-02-13,915018.0161847731,0.0,915018.0161847731,0.0,True,liquidate,-0.19065677815410312,0,,沪深300;创业板;纳指;黄金;国债ETF,证券ETF;军工ETF;有色ETF
2019-02-14,915018.0161847731,0.0,915018.0161847731,0.0,True,liquidate,-0.19065677815410312,0,,沪深300;创业板;纳指;黄金;国债ETF,证券ETF;军工ETF;有色ETF
2019-02-15,915018.0161847731,0.0,915018.0161847731,0.0,True,liquidate,-0.19065677815410312,0,,沪深300;创业板;纳指;黄金;国债ETF,证券ETF;军工ETF;有色ETF
2019-02-18,915018.0161847731,0.0,915018.0161847731,0.0,True,liquidate,-0.19065677815410312,0,,沪深300;创业板;纳指;黄金;国债ETF,证券ETF;军工ETF;有色ETF
2019-02-19,915018.0161847731,0.0,915018.0161847731,0.0,True,liquidate,-0.19065677815410312,0,,沪深300;创业板;纳指;黄金;国债ETF,证券ETF;军工ETF;有色ETF
2019-02-20,915018.0161847731,0.0,915018.0161847731,0.0,True,liquidate,-0.19065677815410312,0,,沪深300;创业板;纳指;黄金;国债ETF,证券ETF;军工ETF;有色ETF
2019-02-21,915018.0161847731,0.0,915018.0161847731,0.0,True,liquidate,-0.19065677815410312,0,,沪深300;创业板;纳指;黄金;国债ETF,证券ETF;军工ETF;有色ETF
2019-02-22,915018.0161847731,0.0,915018.0161847731,0.0,True,liquidate,-0.19065677815410312,0,,沪深300;创业板;纳指;黄金;国债ETF,证券ETF;军工ETF;有色ETF
2019-02-25,915018.0161847731,0.0,915018.0161847731,0.0,True,liquidate,-0.19065677815410312,0,,沪深300;创业板;纳指;黄金;国债ETF,证券ETF;有色ETF;军工ETF
2019-02-26,915018.0161847731,0.0,915018.0161847731,0.0,True,liquidate,-0.19065677815410312,0,,沪深300;创业板;纳指;黄金;国债ETF,证券ETF;有色ETF;军工ETF
2019-02-27,915018.0161847731,0.0,915018.0161847731,0.0,False,liquidate,-0.19065677815410312,8,沪深300;创业板;纳指;黄金;国债ETF;证券ETF;有色ETF;军工ETF,沪深300;创业板;纳指;黄金;国债ETF,证券ETF;有色ETF;军工ETF
2019-02-28,915090.636662248,0.0,915090.636662248,0.0,False,liquidate,-0.19059254456506772,8,沪深300;创业板;纳指;黄金;国债ETF;证券ETF;有色ETF;军工ETF,沪深300;创业板;纳指;黄金;国债ETF,证券ETF;有色ETF;军工ETF
2019-03-01,915163.2629032531,0.0,915163.2629032531,0.0,False,liquidate,-0.19052830587812836,8,沪深300;创业板;纳指;黄金;国债ETF;证券ETF;军工ETF;有色ETF,沪深300;创业板;纳指;黄金;国债ETF,证券ETF;军工ETF;有色ETF
2019-03-04,915235.8949082454,0.0,915235.8949082454,0.0,False,liquidate,-0.19046406209288058,6,沪深300;创业板;纳指;证券ETF;军工ETF;有色ETF,沪深300;创业板;纳指,证券ETF;军工ETF;有色ETF
2019-03-05,915308.5326776826,0.0,915308.5326776826,0.0,False,liquidate,-0.19039981320891972,7,沪深300;创业板;纳指;国债ETF;证券ETF;军工ETF;有色ETF,沪深300;创业板;纳指;国债ETF,证券ETF;军工ETF;有色ETF
2019-03-06,915381.1762120221,0.0,915381.1762120221,0.0,False,liquidate,-0.19033555922584106,6,沪深300;创业板;纳指;证券ETF;有色ETF;军工ETF,沪深300;创业板;纳指,证券ETF;有色ETF;军工ETF
2019-03-07,915453.8255117215,0.0,915453.8255117215,0.0,False,liquidate,-0.19027130014323984,6,沪深300;创业板;纳指;证券ETF;有色ETF;军工ETF,沪深300;创业板;纳指,证券ETF;有色ETF;军工ETF
2019-03-08,915526.4805772384,0.0,915526.4805772384,0.0,False,liquidate,-0.1902070359607115,6,沪深300;创业板;纳指;证券ETF;有色ETF;军工ETF,沪深300;创业板;纳指,证券ETF;有色ETF;军工ETF
2019-03-11,915599.1414090303,0.0,915599.1414090303,0.0,False,liquidate,-0.19014276667785115,6,沪深300;创业板;纳指;证券ETF;军工ETF;有色ETF,沪深300;创业板;纳指,证券ETF;军工ETF;有色ETF
2019-03-12,915671.8080075548,0.0,915671.8080075548,0.0,False,liquidate,-0.19007849229425414,6,沪深300;创业板;纳指;证券ETF;军工ETF;有色ETF,沪深300;创业板;纳指,证券ETF;军工ETF;有色ETF
2019-03-13,915744.4803732698,0.0,915744.4803732698,0.0,False,liquidate,-0.19001421280951558,6,沪深300;创业板;纳指;证券ETF;军工ETF;有色ETF,沪深300;创业板;纳指,证券ETF;军工ETF;有色ETF
2019-03-14,915817.1585066328,0.0,915817.1585066328,0.0,False,liquidate,-0.18994992822323056,7,沪深300;创业板;纳指;黄金;证券ETF;军工ETF;有色ETF,沪深300;创业板;纳指;黄金,证券ETF;军工ETF;有色ETF
2019-03-15,915889.8424081017,0.0,915889.8424081017,0.0,False,liquidate,-0.18988563853499424,7,沪深300;创业板;纳指;黄金;证券ETF;有色ETF;军工ETF,沪深300;创业板;纳指;黄金,证券ETF;有色ETF;军工ETF
2019-03-18,915962.5320781341,0.0,915962.5320781341,0.0,False,liquidate,-0.18982134374440168,7,沪深300;创业板;纳指;黄金;证券ETF;有色ETF;军工ETF,沪深300;创业板;纳指;黄金,证券ETF;有色ETF;军工ETF
2019-03-19,916035.227517188,0.0,916035.227517188,0.0,False,liquidate,-0.18975704385104808,7,沪深300;创业板;纳指;黄金;证券ETF;军工ETF;有色ETF,沪深300;创业板;纳指;黄金,证券ETF;军工ETF;有色ETF
2019-03-20,916107.9287257211,0.0,916107.9287257211,0.0,False,liquidate,-0.18969273885452828,7,沪深300;创业板;纳指;黄金;证券ETF;军工ETF;有色ETF,沪深300;创业板;纳指;黄金,证券ETF;军工ETF;有色ETF
2019-03-21,916180.6357041914,0.0,916180.6357041914,0.0,False,liquidate,-0.18962842875443736,7,沪深300;创业板;纳指;黄金;有色ETF;证券ETF;军工ETF,沪深300;创业板;纳指;黄金,有色ETF;证券ETF;军工ETF
2019-03-22,916253.3484530569,0.0,916253.3484530569,0.0,False,liquidate,-0.1895641135503702,8,沪深300;创业板;纳指;黄金;国债ETF;军工ETF;证券ETF;有色ETF,沪深300;创业板;纳指;黄金;国债ETF,军工ETF;证券ETF;有色ETF
2019-03-25,916326.0669727754,0.0,916326.0669727754,0.0,False,liquidate,-0.18949979324192182,8,沪深300;创业板;纳指;黄金;国债ETF;军工ETF;证券ETF;有色ETF,沪深300;创业板;纳指;黄金;国债ETF,军工ETF;证券ETF;有色ETF
2019-03-26,916398.791263805,0.0,916398.791263805,0.0,False,liquidate,-0.189435467828687,8,沪深300;创业板;纳指;黄金;国债ETF;军工ETF;证券ETF;有色ETF,沪深300;创业板;纳指;黄金;国债ETF,军工ETF;证券ETF;有色ETF
2019-03-27,916471.5213266037,0.0,916471.5213266037,0.0,False,liquidate,-0.1893711373102607,8,沪深300;创业板;纳指;黄金;国债ETF;军工ETF;证券ETF;有色ETF,沪深300;创业板;纳指;黄金;国债ETF,军工ETF;证券ETF;有色ETF
2019-03-28,916544.2571616297,0.0,916544.2571616297,0.0,False,liquidate,-0.18930680168623762,8,沪深300;创业板;纳指;黄金;国债ETF;军工ETF;证券ETF;有色ETF,沪深300;创业板;纳指;黄金;国债ETF,军工ETF;证券ETF;有色ETF
2019-03-29,916616.998769341,0.0,916616.998769341,0.0,False,liquidate,-0.18924246095621267,7,沪深300;创业板;纳指;国债ETF;证券ETF;军工ETF;有色ETF,沪深300;创业板;纳指;国债ETF,证券ETF;军工ETF;有色ETF
2019-04-01,916689.7461501958,0.0,916689.7461501958,0.0,False,liquidate,-0.18917811511978055,7,沪深300;创业板;纳指;国债ETF;军工ETF;证券ETF;有色ETF,沪深300;创业板;纳指;国债ETF,军工ETF;证券ETF;有色ETF
2019-04-02,916762.4993046522,0.0,916762.4993046522,0.0,False,liquidate,-0.18911376417653608,7,沪深300;创业板;纳指;国债ETF;军工ETF;证券ETF;有色ETF,沪深300;创业板;纳指;国债ETF,军工ETF;证券ETF;有色ETF
2019-04-03,916835.2582331685,0.0,916835.2582331685,0.0,False,liquidate,-0.18904940812607385,6,沪深300;创业板;纳指;军工ETF;证券ETF;有色ETF,沪深300;创业板;纳指,军工ETF;证券ETF;有色ETF
2019-04-04,916908.0229362029,0.0,916908.0229362029,0.0,False,liquidate,-0.18898504696798857,6,沪深300;创业板;纳指;军工ETF;证券ETF;有色ETF,沪深300;创业板;纳指,军工ETF;证券ETF;有色ETF
2019-04-08,916980.7934142138,0.0,916980.7934142138,0.0,False,liquidate,-0.18892068070187487,6,沪深300;创业板;纳指;有色ETF;证券ETF;军工ETF,沪深300;创业板;纳指,有色ETF;证券ETF;军工ETF
2019-04-09,917053.5696676595,0.0,917053.5696676595,0.0,False,liquidate,-0.18885630932732733,6,沪深300;创业板;纳指;证券ETF;有色ETF;军工ETF,沪深300;创业板;纳指,证券ETF;有色ETF;军工ETF
2019-04-10,917126.3516969982,0.0,917126.3516969982,0.0,False,liquidate,-0.18879193284394055,6,沪深300;创业板;纳指;军工ETF;证券ETF;有色ETF,沪深300;创业板;纳指,军工ETF;证券ETF;有色ETF
2019-04-11,917199.1395026885,0.0,917199.1395026885,0.0,False,liquidate,-0.18872755125130905,6,沪深300;创业板;纳指;证券ETF;军工ETF;有色ETF,沪深300;创业板;纳指,证券ETF;军工ETF;有色ETF
2019-04-12,917271.9330851889,0.0,917271.9330851889,0.0,False,liquidate,-0.18866316454902732,6,沪深300;创业板;纳指;证券ETF;军工ETF;有色ETF,沪深300;创业板;纳指,证券ETF;军工ETF;有色ETF
2019-04-15,917344.7324449576,0.0,917344.7324449576,0.0,False,liquidate,-0.18859877273668987,6,沪深300;创业板;纳指;证券ETF;军工ETF;有色ETF,沪深300;创业板;纳指,证券ETF;军工ETF;有色ETF
2019-04-16,917417.5375824532,0.0,917417.5375824532,0.0,False,liquidate,-0.1885343758138912,6,沪深300;创业板;纳指;证券ETF;军工ETF;有色ETF,沪深300;创业板;纳指,证券ETF;军工ETF;有色ETF
2019-04-17,917490.3484981344,0.0,917490.3484981344,0.0,False,liquidate,-0.1884699737802256,6,沪深300;创业板;纳指;军工ETF;证券ETF;有色ETF,沪深300;创业板;纳指,军工ETF;证券ETF;有色ETF
2019-04-18,917563.1651924597,0.0,917563.1651924597,0.0,False,liquidate,-0.18840556663528749,6,沪深300;创业板;纳指;军工ETF;证券ETF;有色ETF,沪深300;创业板;纳指,军工ETF;证券ETF;有色ETF
2019-04-19,917635.9876658877,0.0,917635.9876658877,0.0,False,liquidate,-0.18834115437867122,6,沪深300;创业板;纳指;军工ETF;证券ETF;有色ETF,沪深300;创业板;纳指,军工ETF;证券ETF;有色ETF
2019-04-22,917708.8159188771,0.0,917708.8159188771,0.0,False,liquidate,-0.18827673700997105,6,沪深300;创业板;纳指;证券ETF;有色ETF;军工ETF,沪深300;创业板;纳指,证券ETF;有色ETF;军工ETF
2019-04-23,917781.6499518866,0.0,917781.6499518866,0.0,False,liquidate,-0.18821231452878132,6,沪深300;创业板;纳指;证券ETF;有色ETF;军工ETF,沪深300;创业板;纳指,证券ETF;有色ETF;军工ETF
2019-04-24,917854.4897653749,0.0,917854.4897653749,0.0,False,liquidate,-0.18814788693469625,6,沪深300;创业板;纳指;证券ETF;有色ETF;军工ETF,沪深300;创业板;纳指,证券ETF;有色ETF;军工ETF
2019-04-25,917927.3353598008,0.0,917927.3353598008,0.0,False,liquidate,-0.18808345422731002,6,沪深300;创业板;纳指;证券ETF;有色ETF;军工ETF,沪深300;创业板;纳指,证券ETF;有色ETF;军工ETF
2019-04-26,918000.186735623,0.0,918000.186735623,0.0,False,liquidate,-0.18801901640621696,6,沪深300;创业板;纳指;证券ETF;有色ETF;军工ETF,沪深300;创业板;纳指,证券ETF;有色ETF;军工ETF
2019-04-29,918073.0438933006,0.0,918073.0438933006,0.0,False,liquidate,-0.18795457347101102,5,沪深300;纳指;证券ETF;军工ETF;有色ETF,沪深300;纳指,证券ETF;军工ETF;有色ETF
2019-04-30,918145.9068332921,0.0,918145.9068332921,0.0,False,liquidate,-0.1878901254212865,6,沪深300;纳指;黄金;证券ETF;军工ETF;有色ETF,沪深300;纳指;黄金,证券ETF;军工ETF;有色ETF
2019-05-06,918218.7755560566,0.0,918218.7755560566,0.0,False,liquidate,-0.1878256722566374,5,纳指;黄金;军工ETF;证券ETF;有色ETF,纳指;黄金,军工ETF;证券ETF;有色ETF
2019-05-07,918291.6500620532,0.0,918291.6500620532,0.0,False,liquidate,-0.1877612139766577,5,纳指;黄金;证券ETF;军工ETF;有色ETF,纳指;黄金,证券ETF;军工ETF;有色ETF
2019-05-08,918364.5303517408,0.0,918364.5303517408,0.0,False,liquidate,-0.18769675058094148,5,纳指;黄金;证券ETF;军工ETF;有色ETF,纳指;黄金,证券ETF;军工ETF;有色ETF
2019-05-09,918437.4164255783,0.0,918437.4164255783,0.0,False,liquidate,-0.18763228206908275,4,纳指;军工ETF;证券ETF;有色ETF,纳指,军工ETF;证券ETF;有色ETF
2019-05-10,918510.3082840248,0.0,918510.3082840248,0.0,False,liquidate,-0.1875678084406755,4,纳指;军工ETF;证券ETF;有色ETF,纳指,军工ETF;证券ETF;有色ETF
2019-05-13,918583.2059275395,0.0,918583.2059275395,0.0,False,liquidate,-0.18750332969531358,6,纳指;黄金;国债ETF;军工ETF;证券ETF;有色ETF,纳指;黄金;国债ETF,军工ETF;证券ETF;有色ETF
2019-05-14,918656.1093565815,0.0,918656.1093565815,0.0,False,liquidate,-0.1874388458325909,6,纳指;黄金;国债ETF;军工ETF;证券ETF;有色ETF,纳指;黄金;国债ETF,军工ETF;证券ETF;有色ETF
2019-05-15,918729.0185716099,0.0,918729.0185716099,0.0,False,liquidate,-0.18737435685210135,6,纳指;黄金;国债ETF;军工ETF;证券ETF;有色ETF,纳指;黄金;国债ETF,军工ETF;证券ETF;有色ETF
2019-05-16,918801.9335730838,0.0,918801.9335730838,0.0,False,liquidate,-0.18730986275343878,6,纳指;黄金;国债ETF;军工ETF;证券ETF;有色ETF,纳指;黄金;国债ETF,军工ETF;证券ETF;有色ETF
2019-05-17,918874.8543614626,0.0,918874.8543614626,0.0,False,liquidate,-0.187245363536197,6,纳指;黄金;国债ETF;军工ETF;证券ETF;有色ETF,纳指;黄金;国债ETF,军工ETF;证券ETF;有色ETF
2019-05-20,918947.7809372057,0.0,918947.7809372057,0.0,False,liquidate,-0.18718085919996968,6,纳指;黄金;国债ETF;军工ETF;证券ETF;有色ETF,纳指;黄金;国债ETF,军工ETF;证券ETF;有色ETF
2019-05-21,919020.7133007721,0.0,919020.7133007721,0.0,False,liquidate,-0.1871163497443506,5,纳指;国债ETF;军工ETF;有色ETF;证券ETF,纳指;国债ETF,军工ETF;有色ETF;证券ETF
2019-05-22,919093.6514526214,0.0,919093.6514526214,0.0,False,liquidate,-0.18705183516893345,5,纳指;黄金;军工ETF;有色ETF;证券ETF,纳指;黄金,军工ETF;有色ETF;证券ETF
2019-05-23,919166.595393213,0.0,919166.595393213,0.0,False,liquidate,-0.18698731547331188,4,纳指;军工ETF;有色ETF;证券ETF,纳指,军工ETF;有色ETF;证券ETF
2019-05-24,919239.5451230061,0.0,919239.5451230061,0.0,False,liquidate,-0.1869227906570796,5,纳指;黄金;军工ETF;有色ETF;证券ETF,纳指;黄金,军工ETF;有色ETF;证券ETF
2019-05-27,919312.5006424603,0.0,919312.5006424603,0.0,False,liquidate,-0.18685826071983017,5,纳指;黄金;军工ETF;有色ETF;证券ETF,纳指;黄金,军工ETF;有色ETF;证券ETF
2019-05-28,919385.4619520352,0.0,919385.4619520352,0.0,False,liquidate,-0.18679372566115704,5,纳指;黄金;军工ETF;有色ETF;证券ETF,纳指;黄金,军工ETF;有色ETF;证券ETF
2019-05-29,919458.4290521902,0.0,919458.4290521902,0.0,False,liquidate,-0.18672918548065393,5,纳指;黄金;军工ETF;有色ETF;证券ETF,纳指;黄金,军工ETF;有色ETF;证券ETF
2019-05-30,919531.4019433848,0.0,919531.4019433848,0.0,False,liquidate,-0.1866646401779143,5,黄金;国债ETF;军工ETF;有色ETF;证券ETF,黄金;国债ETF,军工ETF;有色ETF;证券ETF
2019-05-31,919604.3806260787,0.0,919604.3806260787,0.0,False,liquidate,-0.1866000897525316,5,黄金;国债ETF;有色ETF;军工ETF;证券ETF,黄金;国债ETF,有色ETF;军工ETF;证券ETF
2019-06-03,919677.3651007316,0.0,919677.3651007316,0.0,False,liquidate,-0.1865355342040992,5,黄金;国债ETF;军工ETF;有色ETF;证券ETF,黄金;国债ETF,军工ETF;有色ETF;证券ETF
2019-06-04,919750.3553678031,0.0,919750.3553678031,0.0,False,liquidate,-0.18647097353221062,5,黄金;国债ETF;有色ETF;军工ETF;证券ETF,黄金;国债ETF,有色ETF;军工ETF;证券ETF
2019-06-05,919823.351427753,0.0,919823.351427753,0.0,False,liquidate,-0.18640640773645917,5,黄金;国债ETF;有色ETF;军工ETF;证券ETF,黄金;国债ETF,有色ETF;军工ETF;证券ETF
2019-06-06,919896.3532810409,0.0,919896.3532810409,0.0,False,liquidate,-0.18634183681643826,5,黄金;国债ETF;有色ETF;军工ETF;证券ETF,黄金;国债ETF,有色ETF;军工ETF;证券ETF
2019-06-10,919969.3609281267,0.0,919969.3609281267,0.0,False,liquidate,-0.18627726077174114,6,纳指;黄金;国债ETF;有色ETF;军工ETF;证券ETF,纳指;黄金;国债ETF,有色ETF;军工ETF;证券ETF
2019-06-11,920042.3743694703,0.0,920042.3743694703,0.0,False,liquidate,-0.18621267960196106,6,纳指;黄金;国债ETF;有色ETF;证券ETF;军工ETF,纳指;黄金;国债ETF,有色ETF;证券ETF;军工ETF
2019-06-12,920115.3936055314,0.0,920115.3936055314,0.0,False,liquidate,-0.1861480933066913,6,纳指;黄金;国债ETF;有色ETF;证券ETF;军工ETF,纳指;黄金;国债ETF,有色ETF;证券ETF;军工ETF
2019-06-13,920188.41863677,0.0,920188.41863677,0.0,False,liquidate,-0.18608350188552514,6,纳指;黄金;国债ETF;有色ETF;证券ETF;军工ETF,纳指;黄金;国债ETF,有色ETF;证券ETF;军工ETF
2019-06-14,920261.4494636459,0.0,920261.4494636459,0.0,False,liquidate,-0.18601890533805573,6,纳指;黄金;国债ETF;有色ETF;军工ETF;证券ETF,纳指;黄金;国债ETF,有色ETF;军工ETF;证券ETF
2019-06-17,920334.4860866193,0.0,920334.4860866193,0.0,False,liquidate,-0.18595430366387614,6,纳指;黄金;国债ETF;有色ETF;证券ETF;军工ETF,纳指;黄金;国债ETF,有色ETF;证券ETF;军工ETF
2019-06-18,920407.52850615,0.0,920407.52850615,0.0,False,liquidate,-0.18588969686257964,6,纳指;黄金;国债ETF;有色ETF;证券ETF;军工ETF,纳指;黄金;国债ETF,有色ETF;证券ETF;军工ETF
2019-06-19,920480.5767226982,0.0,920480.5767226982,0.0,False,liquidate,-0.18582508493375915,6,纳指;黄金;国债ETF;有色ETF;证券ETF;军工ETF,纳指;黄金;国债ETF,有色ETF;证券ETF;军工ETF
2019-06-20,920553.6307367238,0.0,920553.6307367238,0.0,False,liquidate,-0.18576046787700787,6,纳指;黄金;国债ETF;证券ETF;有色ETF;军工ETF,纳指;黄金;国债ETF,证券ETF;有色ETF;军工ETF
2019-06-21,920626.690548687,0.0,920626.690548687,0.0,False,liquidate,-0.18569584569191874,6,纳指;黄金;国债ETF;证券ETF;有色ETF;军工ETF,纳指;黄金;国债ETF,证券ETF;有色ETF;军工ETF
2019-06-24,920699.7561590481,0.0,920699.7561590481,0.0,False,liquidate,-0.18563121837808472,6,纳指;黄金;国债ETF;证券ETF;有色ETF;军工ETF,纳指;黄金;国债ETF,证券ETF;有色ETF;军工ETF
2019-06-25,920772.8275682671,0.0,920772.8275682671,0.0,False,liquidate,-0.18556658593509878,5,黄金;国债ETF;有色ETF;证券ETF;军工ETF,黄金;国债ETF,有色ETF;证券ETF;军工ETF
2019-06-26,920845.9047768044,0.0,920845.9047768044,0.0,False,liquidate,-0.18550194836255385,5,黄金;国债ETF;证券ETF;有色ETF;军工ETF,黄金;国债ETF,证券ETF;有色ETF;军工ETF
2019-06-27,920918.98778512,0.0,920918.98778512,0.0,False,liquidate,-0.18543730566004293,5,黄金;国债ETF;有色ETF;证券ETF;军工ETF,黄金;国债ETF,有色ETF;证券ETF;军工ETF
2019-06-28,920992.0765936745,0.0,920992.0765936745,0.0,False,liquidate,-0.18537265782715873,5,黄金;国债ETF;证券ETF;有色ETF;军工ETF,黄金;国债ETF,证券ETF;有色ETF;军工ETF
2019-07-01,921065.171202928,0.0,921065.171202928,0.0,False,liquidate,-0.18530800486349422,8,沪深300;创业板;纳指;黄金;国债ETF;证券ETF;有色ETF;军工ETF,沪深300;创业板;纳指;黄金;国债ETF,证券ETF;有色ETF;军工ETF
2019-07-02,921138.2716133409,0.0,921138.2716133409,0.0,False,liquidate,-0.18524334676864207,8,沪深300;创业板;纳指;黄金;国债ETF;有色ETF;证券ETF;军工ETF,沪深300;创业板;纳指;黄金;国债ETF,有色ETF;证券ETF;军工ETF
2019-07-03,921211.3778253738,0.0,921211.3778253738,0.0,False,liquidate,-0.1851786835421951,8,沪深300;创业板;纳指;黄金;国债ETF;军工ETF;有色ETF;证券ETF,沪深300;创业板;纳指;黄金;国债ETF,军工ETF;有色ETF;证券ETF
2019-07-04,921284.4898394869,0.0,921284.4898394869,0.0,False,liquidate,-0.18511401518374607,8,沪深300;创业板;纳指;黄金;国债ETF;军工ETF;证券ETF;有色ETF,沪深300;创业板;纳指;黄金;国债ETF,军工ETF;证券ETF;有色ETF
2019-07-05,921357.6076561408,0.0,921357.6076561408,0.0,False,liquidate,-0.18504934169288764,8,沪深300;创业板;纳指;黄金;国债ETF;军工ETF;证券ETF;有色ETF,沪深300;创业板;纳指;黄金;国债ETF,军工ETF;证券ETF;有色ETF
2019-07-08,921430.7312757961,0.0,921430.7312757961,0.0,False,liquidate,-0.18498466306921246,8,沪深300;创业板;纳指;黄金;国债ETF;军工ETF;证券ETF;有色ETF,沪深300;创业板;纳指;黄金;国债ETF,军工ETF;证券ETF;有色ETF
2019-07-09,921503.8606989132,0.0,921503.8606989132,0.0,False,liquidate,-0.1849199793123132,8,沪深300;创业板;纳指;黄金;国债ETF;军工ETF;证券ETF;有色ETF,沪深300;创业板;纳指;黄金;国债ETF,军工ETF;证券ETF;有色ETF
2019-07-10,921576.9959259529,0.0,921576.9959259529,0.0,False,liquidate,-0.18485529042178234,7,沪深300;纳指;黄金;国债ETF;军工ETF;证券ETF;有色ETF,沪深300;纳指;黄金;国债ETF,军工ETF;证券ETF;有色ETF
2019-07-11,921650.1369573757,0.0,921650.1369573757,0.0,False,liquidate,-0.18479059639721257,7,沪深300;纳指;黄金;国债ETF;证券ETF;军工ETF;有色ETF,沪深300;纳指;黄金;国债ETF,证券ETF;军工ETF;有色ETF
2019-07-12,921723.2837936422,0.0,921723.2837936422,0.0,False,liquidate,-0.18472589723819643,8,沪深300;创业板;纳指;黄金;国债ETF;证券ETF;军工ETF;有色ETF,沪深300;创业板;纳指;黄金;国债ETF,证券ETF;军工ETF;有色ETF
2019-07-15,921796.4364352132,0.0,921796.4364352132,0.0,False,liquidate,-0.18466119294432637,8,沪深300;创业板;纳指;黄金;国债ETF;证券ETF;军工ETF;有色ETF,沪深300;创业板;纳指;黄金;国债ETF,证券ETF;军工ETF;有色ETF
2019-07-16,921869.5948825494,0.0,921869.5948825494,0.0,False,liquidate,-0.18459648351519492,8,沪深300;创业板;纳指;黄金;国债ETF;证券ETF;军工ETF;有色ETF,沪深300;创业板;纳指;黄金;国债ETF,证券ETF;军工ETF;有色ETF
2019-07-17,921942.7591361115,0.0,921942.7591361115,0.0,False,liquidate,-0.18453176895039455,8,沪深300;创业板;纳指;黄金;国债ETF;军工ETF;证券ETF;有色ETF,沪深300;创业板;纳指;黄金;国债ETF,军工ETF;证券ETF;有色ETF
2019-07-18,922015.9291963604,0.0,922015.9291963604,0.0,False,liquidate,-0.18446704924951757,8,沪深300;创业板;纳指;黄金;国债ETF;证券ETF;军工ETF;有色ETF,沪深300;创业板;纳指;黄金;国债ETF,证券ETF;军工ETF;有色ETF
2019-07-19,922089.1050637569,0.0,922089.1050637569,0.0,False,liquidate,-0.18440232441215643,8,沪深300;创业板;纳指;黄金;国债ETF;军工ETF;证券ETF;有色ETF,沪深300;创业板;纳指;黄金;国债ETF,军工ETF;证券ETF;有色ETF
2019-07-22,922162.286738762,0.0,922162.286738762,0.0,False,liquidate,-0.18433759443790337,8,沪深300;创业板;纳指;黄金;国债ETF;军工ETF;证券ETF;有色ETF,沪深300;创业板;纳指;黄金;国债ETF,军工ETF;证券ETF;有色ETF
2019-07-23,922235.4742218365,0.0,922235.4742218365,0.0,False,liquidate,-0.18427285932635085,8,沪深300;创业板;纳指;黄金;国债ETF;军工ETF;证券ETF;有色ETF,沪深300;创业板;纳指;黄金;国债ETF,军工ETF;证券ETF;有色ETF
2019-07-24,922308.6675134415,0.0,922308.6675134415,0.0,False,liquidate,-0.18420811907709095,8,沪深300;创业板;纳指;黄金;国债ETF;军工ETF;有色ETF;证券ETF,沪深300;创业板;纳指;黄金;国债ETF,军工ETF;有色ETF;证券ETF
2019-07-25,922381.8666140379,0.0,922381.8666140379,0.0,False,liquidate,-0.18414337368971606,8,沪深300;创业板;纳指;黄金;国债ETF;军工ETF;有色ETF;证券ETF,沪深300;创业板;纳指;黄金;国债ETF,军工ETF;有色ETF;证券ETF
2019-07-26,922455.0715240866,0.0,922455.0715240866,0.0,False,liquidate,-0.1840786231638184,8,沪深300;创业板;纳指;黄金;国债ETF;军工ETF;有色ETF;证券ETF,沪深300;创业板;纳指;黄金;国债ETF,军工ETF;有色ETF;证券ETF
2019-07-29,922528.2822440489,0.0,922528.2822440489,0.0,False,liquidate,-0.18401386749899012,8,沪深300;创业板;纳指;黄金;国债ETF;军工ETF;证券ETF;有色ETF,沪深300;创业板;纳指;黄金;国债ETF,军工ETF;证券ETF;有色ETF
2019-07-30,922601.4987743858,0.0,922601.4987743858,0.0,False,liquidate,-0.18394910669482334,8,沪深300;创业板;纳指;黄金;国债ETF;军工ETF;证券ETF;有色ETF,沪深300;创业板;纳指;黄金;国债ETF,军工ETF;证券ETF;有色ETF
2019-07-31,922674.7211155584,0.0,922674.7211155584,0.0,False,liquidate,-0.18388434075091017,8,沪深300;创业板;纳指;黄金;国债ETF;军工ETF;有色ETF;证券ETF,沪深300;创业板;纳指;黄金;国债ETF,军工ETF;有色ETF;证券ETF
2019-08-01,922747.9492680279,0.0,922747.9492680279,0.0,False,liquidate,-0.18381956966684276,8,沪深300;创业板;纳指;黄金;国债ETF;军工ETF;有色ETF;证券ETF,沪深300;创业板;纳指;黄金;国债ETF,军工ETF;有色ETF;证券ETF
2019-08-02,922821.1832322555,0.0,922821.1832322555,0.0,False,liquidate,-0.18375479344221315,8,沪深300;创业板;纳指;黄金;国债ETF;有色ETF;军工ETF;证券ETF,沪深300;创业板;纳指;黄金;国债ETF,有色ETF;军工ETF;证券ETF
2019-08-05,922894.4230087026,0.0,922894.4230087026,0.0,False,liquidate,-0.18369001207661328,8,沪深300;创业板;纳指;黄金;国债ETF;有色ETF;军工ETF;证券ETF,沪深300;创业板;纳指;黄金;国债ETF,有色ETF;军工ETF;证券ETF
2019-08-06,922967.6685978303,0.0,922967.6685978303,0.0,False,liquidate,-0.18362522556963515,7,创业板;纳指;黄金;国债ETF;有色ETF;军工ETF;证券ETF,创业板;纳指;黄金;国债ETF,有色ETF;军工ETF;证券ETF
2019-08-07,923040.9200001,0.0,923040.9200001,0.0,False,liquidate,-0.18356043392087082,7,创业板;纳指;黄金;国债ETF;有色ETF;军工ETF;证券ETF,创业板;纳指;黄金;国债ETF,有色ETF;军工ETF;证券ETF
2019-08-08,923114.1772159731,0.0,923114.1772159731,0.0,False,liquidate,-0.1834956371299121,8,沪深300;创业板;纳指;黄金;国债ETF;有色ETF;军工ETF;证券ETF,沪深300;创业板;纳指;黄金;国债ETF,有色ETF;军工ETF;证券ETF
2019-08-09,923187.440245911,0.0,923187.440245911,0.0,False,liquidate,-0.1834308351963509,8,沪深300;创业板;纳指;黄金;国债ETF;有色ETF;军工ETF;证券ETF,沪深300;创业板;纳指;黄金;国债ETF,有色ETF;军工ETF;证券ETF
2019-08-12,923260.709090375,0.0,923260.709090375,0.0,False,liquidate,-0.18336602811977915,8,沪深300;创业板;纳指;黄金;国债ETF;有色ETF;军工ETF;证券ETF,沪深300;创业板;纳指;黄金;国债ETF,有色ETF;军工ETF;证券ETF
2019-08-13,923333.9837498267,0.0,923333.9837498267,0.0,False,liquidate,-0.1833012158997886,7,创业板;纳指;黄金;国债ETF;有色ETF;军工ETF;证券ETF,创业板;纳指;黄金;国债ETF,有色ETF;军工ETF;证券ETF
2019-08-14,923407.2642247275,0.0,923407.2642247275,0.0,False,liquidate,-0.18323639853597107,7,创业板;纳指;黄金;国债ETF;有色ETF;军工ETF;证券ETF,创业板;纳指;黄金;国债ETF,有色ETF;军工ETF;证券ETF
2019-08-15,923480.550515539,0.0,923480.550515539,0.0,False,liquidate,-0.18317157602791836,7,创业板;纳指;黄金;国债ETF;有色ETF;军工ETF;证券ETF,创业板;纳指;黄金;国债ETF,有色ETF;军工ETF;证券ETF
2019-08-16,923553.8426227228,0.0,923553.8426227228,0.0,False,liquidate,-0.18310674837522212,7,创业板;纳指;黄金;国债ETF;有色ETF;军工ETF;证券ETF,创业板;纳指;黄金;国债ETF,有色ETF;军工ETF;证券ETF
2019-08-19,923627.1405467406,0.0,923627.1405467406,0.0,False,liquidate,-0.18304191557747404,8,沪深300;创业板;纳指;黄金;国债ETF;有色ETF;证券ETF;军工ETF,沪深300;创业板;纳指;黄金;国债ETF,有色ETF;证券ETF;军工ETF
2019-08-20,923700.4442880539,0.0,923700.4442880539,0.0,False,liquidate,-0.18297707763426585,8,沪深300;创业板;纳指;黄金;国债ETF;有色ETF;军工ETF;证券ETF,沪深300;创业板;纳指;黄金;国债ETF,有色ETF;军工ETF;证券ETF
2019-08-21,923773.7538471244,0.0,923773.7538471244,0.0,False,liquidate,-0.18291223454518918,7,创业板;纳指;黄金;国债ETF;有色ETF;军工ETF;证券ETF,创业板;纳指;黄金;国债ETF,有色ETF;军工ETF;证券ETF
2019-08-22,923847.069224414,0.0,923847.069224414,0.0,False,liquidate,-0.18284738630983555,7,创业板;纳指;黄金;国债ETF;军工ETF;有色ETF;证券ETF,创业板;纳指;黄金;国债ETF,军工ETF;有色ETF;证券ETF
2019-08-23,923920.3904203842,0.0,923920.3904203842,0.0,False,liquidate,-0.18278253292779656,7,创业板;纳指;黄金;国债ETF;军工ETF;有色ETF;证券ETF,创业板;纳指;黄金;国债ETF,军工ETF;有色ETF;证券ETF
2019-08-26,923993.717435497,0.0,923993.717435497,0.0,False,liquidate,-0.18271767439866385,7,创业板;纳指;黄金;国债ETF;军工ETF;有色ETF;证券ETF,创业板;纳指;黄金;国债ETF,军工ETF;有色ETF;证券ETF
2019-08-27,924067.0502702141,0.0,924067.0502702141,0.0,False,liquidate,-0.1826528107220288,7,创业板;纳指;黄金;国债ETF;军工ETF;有色ETF;证券ETF,创业板;纳指;黄金;国债ETF,军工ETF;有色ETF;证券ETF
2019-08-28,924140.3889249975,0.0,924140.3889249975,0.0,False,liquidate,-0.18258794189748284,7,创业板;纳指;黄金;国债ETF;军工ETF;有色ETF;证券ETF,创业板;纳指;黄金;国债ETF,军工ETF;有色ETF;证券ETF
2019-08-29,924213.7334003091,0.0,924213.7334003091,0.0,False,liquidate,-0.1825230679246175,6,创业板;黄金;国债ETF;军工ETF;有色ETF;证券ETF,创业板;黄金;国债ETF,军工ETF;有色ETF;证券ETF
2019-08-30,924287.0836966108,0.0,924287.0836966108,0.0,False,liquidate,-0.1824581888030242,8,沪深300;创业板;纳指;黄金;国债ETF;军工ETF;证券ETF;有色ETF,沪深300;创业板;纳指;黄金;国债ETF,军工ETF;证券ETF;有色ETF
2019-09-02,924360.4398143645,0.0,924360.4398143645,0.0,False,liquidate,-0.1823933045322942,8,沪深300;创业板;纳指;黄金;国债ETF;军工ETF;有色ETF;证券ETF,沪深300;创业板;纳指;黄金;国债ETF,军工ETF;有色ETF;证券ETF
2019-09-03,924433.8017540324,0.0,924433.8017540324,0.0,False,liquidate,-0.18232841511201894,8,沪深300;创业板;纳指;黄金;国债ETF;军工ETF;证券ETF;有色ETF,沪深300;创业板;纳指;黄金;国债ETF,军工ETF;证券ETF;有色ETF
2019-09-04,924507.1695160763,0.0,924507.1695160763,0.0,False,liquidate,-0.18226352054178976,8,沪深300;创业板;纳指;黄金;国债ETF;军工ETF;证券ETF;有色ETF,沪深300;创业板;纳指;黄金;国债ETF,军工ETF;证券ETF;有色ETF
2019-09-05,924580.5431009586,0.0,924580.5431009586,0.0,False,liquidate,-0.18219862082119784,8,沪深300;创业板;纳指;黄金;国债ETF;军工ETF;证券ETF;有色ETF,沪深300;创业板;纳指;黄金;国债ETF,军工ETF;证券ETF;有色ETF
2019-09-06,924653.9225091413,0.0,924653.9225091413,0.0,False,liquidate,-0.18213371594983438,8,沪深300;创业板;纳指;黄金;国债ETF;军工ETF;证券ETF;有色ETF,沪深300;创业板;纳指;黄金;国债ETF,军工ETF;证券ETF;有色ETF
2019-09-09,924727.3077410865,0.0,924727.3077410865,0.0,False,liquidate,-0.1820688059272907,8,沪深300;创业板;纳指;黄金;国债ETF;军工ETF;证券ETF;有色ETF,沪深300;创业板;纳指;黄金;国债ETF,军工ETF;证券ETF;有色ETF
2019-09-10,924800.6987972565,0.0,924800.6987972565,0.0,False,liquidate,-0.18200389075315787,8,沪深300;创业板;纳指;黄金;国债ETF;军工ETF;证券ETF;有色ETF,沪深300;创业板;纳指;黄金;国债ETF,军工ETF;证券ETF;有色ETF
2019-09-11,924874.0956781134,0.0,924874.0956781134,0.0,False,liquidate,-0.18193897042702714,8,沪深300;创业板;纳指;黄金;国债ETF;军工ETF;证券ETF;有色ETF,沪深300;创业板;纳指;黄金;国债ETF,军工ETF;证券ETF;有色ETF
2019-09-12,924947.4983841196,0.0,924947.4983841196,0.0,False,liquidate,-0.1818740449484896,8,沪深300;创业板;纳指;黄金;国债ETF;军工ETF;证券ETF;有色ETF,沪深300;创业板;纳指;黄金;国债ETF,军工ETF;证券ETF;有色ETF
2019-09-16,925020.9069157374,0.0,925020.9069157374,0.0,False,liquidate,-0.18180911431713628,8,沪深300;创业板;纳指;黄金;国债ETF;军工ETF;证券ETF;有色ETF,沪深300;创业板;纳指;黄金;国债ETF,军工ETF;证券ETF;有色ETF
2019-09-17,925094.3212734292,0.0,925094.3212734292,0.0,False,liquidate,-0.18174417853255823,8,沪深300;创业板;纳指;黄金;国债ETF;军工ETF;证券ETF;有色ETF,沪深300;创业板;纳指;黄金;国债ETF,军工ETF;证券ETF;有色ETF
2019-09-18,925167.7414576573,0.0,925167.7414576573,0.0,False,liquidate,-0.18167923759434648,8,沪深300;创业板;纳指;黄金;国债ETF;军工ETF;证券ETF;有色ETF,沪深300;创业板;纳指;黄金;国债ETF,军工ETF;证券ETF;有色ETF
2019-09-19,925241.1674688841,0.0,925241.1674688841,0.0,False,liquidate,-0.18161429150209202,8,沪深300;创业板;纳指;黄金;国债ETF;军工ETF;证券ETF;有色ETF,沪深300;创业板;纳指;黄金;国债ETF,军工ETF;证券ETF;有色ETF
2019-09-20,925314.5993075722,0.0,925314.5993075722,0.0,False,liquidate,-0.18154934025538577,8,沪深300;创业板;纳指;黄金;国债ETF;军工ETF;证券ETF;有色ETF,沪深300;创业板;纳指;黄金;国债ETF,军工ETF;证券ETF;有色ETF
2019-09-23,925388.036974184,0.0,925388.036974184,0.0,False,liquidate,-0.1814843838538187,8,沪深300;创业板;纳指;黄金;国债ETF;军工ETF;证券ETF;有色ETF,沪深300;创业板;纳指;黄金;国债ETF,军工ETF;证券ETF;有色ETF
2019-09-24,925461.480469182,0.0,925461.480469182,0.0,False,liquidate,-0.18141942229698163,8,沪深300;创业板;纳指;黄金;国债ETF;军工ETF;证券ETF;有色ETF,沪深300;创业板;纳指;黄金;国债ETF,军工ETF;证券ETF;有色ETF
2019-09-25,925534.9297930289,0.0,925534.9297930289,0.0,False,liquidate,-0.18135445558446545,7,沪深300;创业板;黄金;国债ETF;军工ETF;证券ETF;有色ETF,沪深300;创业板;黄金;国债ETF,军工ETF;证券ETF;有色ETF
2019-09-26,925608.384946187,0.0,925608.384946187,0.0,False,liquidate,-0.18128948371586104,8,沪深300;创业板;纳指;黄金;国债ETF;有色ETF;证券ETF;军工ETF,沪深300;创业板;纳指;黄金;国债ETF,有色ETF;证券ETF;军工ETF
2019-09-27,925681.8459291193,0.0,925681.8459291193,0.0,False,liquidate,-0.18122450669075912,8,沪深300;创业板;纳指;黄金;国债ETF;证券ETF;军工ETF;有色ETF,沪深300;创业板;纳指;黄金;国债ETF,证券ETF;军工ETF;有色ETF
2019-09-30,925755.3127422883,0.0,925755.3127422883,0.0,False,liquidate,-0.1811595245087504,8,沪深300;创业板;纳指;黄金;国债ETF;有色ETF;军工ETF;证券ETF,沪深300;创业板;纳指;黄金;国债ETF,有色ETF;军工ETF;证券ETF
2019-10-08,925828.7853861569,0.0,925828.7853861569,0.0,False,liquidate,-0.18109453716942558,7,沪深300;创业板;纳指;黄金;有色ETF;证券ETF;军工ETF,沪深300;创业板;纳指;黄金,有色ETF;证券ETF;军工ETF
2019-10-09,925902.2638611876,0.0,925902.2638611876,0.0,False,liquidate,-0.18102954467237545,8,沪深300;创业板;纳指;黄金;国债ETF;有色ETF;证券ETF;军工ETF,沪深300;创业板;纳指;黄金;国债ETF,有色ETF;证券ETF;军工ETF
2019-10-10,925975.7481678433,0.0,925975.7481678433,0.0,False,liquidate,-0.18096454701719067,8,沪深300;创业板;纳指;黄金;国债ETF;有色ETF;军工ETF;证券ETF,沪深300;创业板;纳指;黄金;国债ETF,有色ETF;军工ETF;证券ETF
2019-10-11,926049.2383065869,0.0,926049.2383065869,0.0,False,liquidate,-0.18089954420346183,7,沪深300;创业板;纳指;黄金;有色ETF;军工ETF;证券ETF,沪深300;创业板;纳指;黄金,有色ETF;军工ETF;证券ETF
2019-10-14,926122.7342778811,0.0,926122.7342778811,0.0,False,liquidate,-0.1808345362307795,6,沪深300;创业板;纳指;有色ETF;证券ETF;军工ETF,沪深300;创业板;纳指,有色ETF;证券ETF;军工ETF
2019-10-15,926196.2360821889,0.0,926196.2360821889,0.0,False,liquidate,-0.1807695230987343,6,沪深300;创业板;纳指;有色ETF;证券ETF;军工ETF,沪深300;创业板;纳指,有色ETF;证券ETF;军工ETF
2019-10-16,926269.7437199733,0.0,926269.7437199733,0.0,False,liquidate,-0.1807045048069167,6,沪深300;创业板;纳指;有色ETF;证券ETF;军工ETF,沪深300;创业板;纳指,有色ETF;证券ETF;军工ETF
2019-10-17,926343.2571916971,0.0,926343.2571916971,0.0,False,liquidate,-0.18063948135491717,6,沪深300;创业板;纳指;有色ETF;军工ETF;证券ETF,沪深300;创业板;纳指,有色ETF;军工ETF;证券ETF
2019-10-18,926416.7764978235,0.0,926416.7764978235,0.0,False,liquidate,-0.18057445274232622,6,沪深300;创业板;纳指;证券ETF;军工ETF;有色ETF,沪深300;创业板;纳指,证券ETF;军工ETF;有色ETF
2019-10-21,926490.3016388154,0.0,926490.3016388154,0.0,False,liquidate,-0.18050941896873435,6,沪深300;创业板;纳指;证券ETF;军工ETF;有色ETF,沪深300;创业板;纳指,证券ETF;军工ETF;有色ETF
2019-10-22,926563.832615136,0.0,926563.832615136,0.0,False,liquidate,-0.1804443800337318,6,沪深300;创业板;纳指;军工ETF;证券ETF;有色ETF,沪深300;创业板;纳指,军工ETF;证券ETF;有色ETF
2019-10-23,926637.3694272484,0.0,926637.3694272484,0.0,False,liquidate,-0.18037933593690908,6,沪深300;创业板;纳指;有色ETF;证券ETF;军工ETF,沪深300;创业板;纳指,有色ETF;证券ETF;军工ETF
2019-10-24,926710.9120756156,0.0,926710.9120756156,0.0,False,liquidate,-0.18031428667785646,6,沪深300;创业板;纳指;军工ETF;证券ETF;有色ETF,沪深300;创业板;纳指,军工ETF;证券ETF;有色ETF
2019-10-25,926784.460560701,0.0,926784.460560701,0.0,False,liquidate,-0.1802492322561642,7,沪深300;创业板;纳指;国债ETF;证券ETF;有色ETF;军工ETF,沪深300;创业板;纳指;国债ETF,证券ETF;有色ETF;军工ETF
2019-10-28,926858.0148829677,0.0,926858.0148829677,0.0,False,liquidate,-0.18018417267142264,6,沪深300;创业板;纳指;证券ETF;有色ETF;军工ETF,沪深300;创业板;纳指,证券ETF;有色ETF;军工ETF
2019-10-29,926931.5750428791,0.0,926931.5750428791,0.0,False,liquidate,-0.18011910792322192,7,沪深300;创业板;纳指;酒ETF;证券ETF;军工ETF;有色ETF,沪深300;创业板;纳指,酒ETF;证券ETF;军工ETF;有色ETF
2019-10-30,927005.1410408984,0.0,927005.1410408984,0.0,False,liquidate,-0.1800540380111523,7,沪深300;创业板;纳指;酒ETF;军工ETF;证券ETF;有色ETF,沪深300;创业板;纳指,酒ETF;军工ETF;证券ETF;有色ETF
2019-10-31,927078.7128774889,594235.3309022874,332843.38197520154,0.5,False,halve,-0.17998896293480401,7,沪深300;创业板;纳指;酒ETF;证券ETF;军工ETF;有色ETF,沪深300;创业板;纳指,酒ETF;证券ETF;军工ETF;有色ETF
2019-11-01,934303.3666680679,584449.5886328914,349853.77803517645,0.5,False,halve,-0.17359867938610546,7,沪深300;创业板;纳指;酒ETF;证券ETF;军工ETF;有色ETF,沪深300;创业板;纳指,酒ETF;证券ETF;军工ETF;有色ETF
2019-11-04,935961.0515425571,601540.0291023932,334421.0224401639,0.5,False,halve,-0.1721324393849322,7,沪深300;创业板;纳指;酒ETF;证券ETF;军工ETF;有色ETF,沪深300;创业板;纳指,酒ETF;证券ETF;军工ETF;有色ETF
2019-11-05,939956.7266988738,613224.0060305772,326732.72066829656,0.5,False,halve,-0.16859822197362176,8,沪深300;创业板;纳指;国债ETF;酒ETF;证券ETF;军工ETF;有色ETF,沪深300;创业板;纳指;国债ETF,酒ETF;证券ETF;军工ETF;有色ETF
2019-11-06,939222.1107953463,631772.2973236179,307449.81347172847,0.5,False,halve,-0.1692479975973403,8,沪深300;创业板;纳指;国债ETF;酒ETF;证券ETF;军工ETF;有色ETF,沪深300;创业板;纳指;国债ETF,酒ETF;证券ETF;军工ETF;有色ETF
2019-11-07,939785.9104558635,651751.1367927911,288034.7736630724,0.5,False,halve,-0.16874931076752117,7,沪深300;创业板;纳指;酒ETF;证券ETF;军工ETF;有色ETF,沪深300;创业板;纳指,酒ETF;证券ETF;军工ETF;有色ETF
2019-11-08,936036.4086848991,662005.0909554043,274031.31772949477,0.5,False,halve,-0.17206578518655205,7,沪深300;创业板;纳指;酒ETF;证券ETF;军工ETF;有色ETF,沪深300;创业板;纳指,酒ETF;证券ETF;军工ETF;有色ETF
2019-11-11,923562.4087971696,0.0,923562.4087971696,0.0,False,liquidate,-0.1830991715023049,5,纳指;酒ETF;证券ETF;军工ETF;有色ETF,纳指,酒ETF;证券ETF;军工ETF;有色ETF
2019-11-12,923635.7074010425,0.0,923635.7074010425,0.0,False,liquidate,-0.18303433810321768,5,纳指;酒ETF;证券ETF;军工ETF;有色ETF,纳指,酒ETF;证券ETF;军工ETF;有色ETF
2019-11-13,923709.0118222648,0.0,923709.0118222648,0.0,False,liquidate,-0.1829694995586227,5,纳指;酒ETF;证券ETF;军工ETF;有色ETF,纳指,酒ETF;证券ETF;军工ETF;有色ETF
2019-11-14,923782.3220612983,0.0,923782.3220612983,0.0,False,liquidate,-0.18290465586811144,6,纳指;国债ETF;酒ETF;证券ETF;军工ETF;有色ETF,纳指;国债ETF,酒ETF;证券ETF;军工ETF;有色ETF
2019-11-15,923855.6381186048,0.0,923855.6381186048,0.0,False,liquidate,-0.18283980703127556,6,纳指;国债ETF;酒ETF;证券ETF;军工ETF;有色ETF,纳指;国债ETF,酒ETF;证券ETF;军工ETF;有色ETF
2019-11-18,923928.959994646,0.0,923928.959994646,0.0,False,liquidate,-0.18277495304770655,8,沪深300;创业板;纳指;国债ETF;酒ETF;证券ETF;军工ETF;有色ETF,沪深300;创业板;纳指;国债ETF,酒ETF;证券ETF;军工ETF;有色ETF
2019-11-19,924002.2876898837,0.0,924002.2876898837,0.0,False,liquidate,-0.18271009391699602,8,沪深300;创业板;纳指;国债ETF;酒ETF;证券ETF;军工ETF;有色ETF,沪深300;创业板;纳指;国债ETF,酒ETF;证券ETF;军工ETF;有色ETF
2019-11-20,924075.6212047798,0.0,924075.6212047798,0.0,False,liquidate,-0.1826452296387354,7,创业板;纳指;国债ETF;酒ETF;有色ETF;证券ETF;军工ETF,创业板;纳指;国债ETF,酒ETF;有色ETF;证券ETF;军工ETF
2019-11-21,924148.9605397962,0.0,924148.9605397962,0.0,False,liquidate,-0.18258036021251617,7,创业板;纳指;国债ETF;酒ETF;有色ETF;军工ETF;证券ETF,创业板;纳指;国债ETF,酒ETF;有色ETF;军工ETF;证券ETF
2019-11-22,924222.3056953946,0.0,924222.3056953946,0.0,False,liquidate,-0.1825154856379298,6,纳指;国债ETF;酒ETF;有色ETF;证券ETF;军工ETF,纳指;国债ETF,酒ETF;有色ETF;证券ETF;军工ETF
2019-11-25,924295.6566720372,0.0,924295.6566720372,0.0,False,liquidate,-0.18245060591456766,6,纳指;国债ETF;酒ETF;有色ETF;证券ETF;军工ETF,纳指;国债ETF,酒ETF;有色ETF;证券ETF;军工ETF
2019-11-26,924369.0134701858,0.0,924369.0134701858,0.0,False,liquidate,-0.18238572104202116,7,沪深300;纳指;国债ETF;酒ETF;有色ETF;证券ETF;军工ETF,沪深300;纳指;国债ETF,酒ETF;有色ETF;证券ETF;军工ETF
2019-11-27,924442.3760903025,0.0,924442.3760903025,0.0,False,liquidate,-0.18232083101988164,8,沪深300;创业板;纳指;国债ETF;酒ETF;有色ETF;证券ETF;军工ETF,沪深300;创业板;纳指;国债ETF,酒ETF;有色ETF;证券ETF;军工ETF
2019-11-28,924515.7445328494,0.0,924515.7445328494,0.0,False,liquidate,-0.1822559358477403,8,沪深300;创业板;纳指;国债ETF;酒ETF;有色ETF;证券ETF;军工ETF,沪深300;创业板;纳指;国债ETF,酒ETF;有色ETF;证券ETF;军工ETF
2019-11-29,924589.1187982885,0.0,924589.1187982885,0.0,False,liquidate,-0.18219103552518853,8,沪深300;创业板;纳指;国债ETF;酒ETF;有色ETF;证券ETF;军工ETF,沪深300;创业板;纳指;国债ETF,酒ETF;有色ETF;证券ETF;军工ETF
2019-12-02,924662.4988870821,0.0,924662.4988870821,0.0,False,liquidate,-0.18212613005181746,8,沪深300;创业板;纳指;国债ETF;酒ETF;有色ETF;证券ETF;军工ETF,沪深300;创业板;纳指;国债ETF,酒ETF;有色ETF;证券ETF;军工ETF
2019-12-03,924735.8847996922,0.0,924735.8847996922,0.0,False,liquidate,-0.1820612194272184,8,沪深300;创业板;纳指;国债ETF;酒ETF;有色ETF;证券ETF;军工ETF,沪深300;创业板;纳指;国债ETF,酒ETF;有色ETF;证券ETF;军工ETF
2019-12-04,924809.2765365811,0.0,924809.2765365811,0.0,False,liquidate,-0.18199630365098243,8,创业板;纳指;国债ETF;半导体ETF;有色ETF;酒ETF;证券ETF;军工ETF,创业板;纳指;国债ETF,半导体ETF;有色ETF;酒ETF;证券ETF;军工ETF
2019-12-05,924882.674098211,0.0,924882.674098211,0.0,False,liquidate,-0.18193138272270076,8,创业板;纳指;国债ETF;半导体ETF;有色ETF;酒ETF;证券ETF;军工ETF,创业板;纳指;国债ETF,半导体ETF;有色ETF;酒ETF;证券ETF;军工ETF
2019-12-06,924956.0774850443,0.0,924956.0774850443,0.0,False,liquidate,-0.1818664566419644,8,创业板;纳指;国债ETF;半导体ETF;酒ETF;有色ETF;证券ETF;军工ETF,创业板;纳指;国债ETF,半导体ETF;酒ETF;有色ETF;证券ETF;军工ETF
2019-12-09,925029.4866975431,0.0,925029.4866975431,0.0,False,liquidate,-0.18180152540836456,8,创业板;纳指;国债ETF;半导体ETF;酒ETF;有色ETF;证券ETF;军工ETF,创业板;纳指;国债ETF,半导体ETF;酒ETF;有色ETF;证券ETF;军工ETF
2019-12-10,925102.9017361699,0.0,925102.9017361699,0.0,False,liquidate,-0.18173658902149212,8,创业板;纳指;国债ETF;半导体ETF;有色ETF;酒ETF;证券ETF;军工ETF,创业板;纳指;国债ETF,半导体ETF;有色ETF;酒ETF;证券ETF;军工ETF
2019-12-11,925176.3226013872,0.0,925176.3226013872,0.0,False,liquidate,-0.18167164748093823,8,创业板;纳指;国债ETF;半导体ETF;有色ETF;酒ETF;证券ETF;军工ETF,创业板;纳指;国债ETF,半导体ETF;有色ETF;酒ETF;证券ETF;军工ETF
2019-12-12,925249.7492936571,0.0,925249.7492936571,0.0,False,liquidate,-0.18160670078629382,8,创业板;纳指;国债ETF;半导体ETF;有色ETF;酒ETF;军工ETF;证券ETF,创业板;纳指;国债ETF,半导体ETF;有色ETF;酒ETF;军工ETF;证券ETF
2019-12-13,925323.1818134424,0.0,925323.1818134424,0.0,False,liquidate,-0.18154174893714986,9,沪深300;创业板;纳指;国债ETF;半导体ETF;有色ETF;酒ETF;证券ETF;军工ETF,沪深300;创业板;纳指;国债ETF,半导体ETF;有色ETF;酒ETF;证券ETF;军工ETF
2019-12-16,925396.6201612054,0.0,925396.6201612054,0.0,False,liquidate,-0.18147679193309718,9,沪深300;创业板;纳指;国债ETF;半导体ETF;有色ETF;证券ETF;酒ETF;军工ETF,沪深300;创业板;纳指;国债ETF,半导体ETF;有色ETF;证券ETF;酒ETF;军工ETF
2019-12-17,925470.0643374088,0.0,925470.0643374088,0.0,False,liquidate,-0.18141182977372675,9,沪深300;创业板;纳指;国债ETF;半导体ETF;证券ETF;有色ETF;军工ETF;酒ETF,沪深300;创业板;纳指;国债ETF,半导体ETF;证券ETF;有色ETF;军工ETF;酒ETF
2019-12-18,925543.5143425149,0.0,925543.5143425149,0.0,False,liquidate,-0.1813468624586294,9,沪深300;创业板;纳指;国债ETF;半导体ETF;证券ETF;有色ETF;酒ETF;军工ETF,沪深300;创业板;纳指;国债ETF,半导体ETF;证券ETF;有色ETF;酒ETF;军工ETF
2019-12-19,925616.9701769865,0.0,925616.9701769865,0.0,False,liquidate,-0.18128188998739597,9,沪深300;创业板;纳指;国债ETF;半导体ETF;证券ETF;有色ETF;酒ETF;军工ETF,沪深300;创业板;纳指;国债ETF,半导体ETF;证券ETF;有色ETF;酒ETF;军工ETF
2019-12-20,925690.4318412864,0.0,925690.4318412864,0.0,False,liquidate,-0.18121691235961712,9,沪深300;创业板;纳指;国债ETF;半导体ETF;证券ETF;有色ETF;酒ETF;军工ETF,沪深300;创业板;纳指;国债ETF,半导体ETF;证券ETF;有色ETF;酒ETF;军工ETF
2019-12-23,925763.899335877,0.0,925763.899335877,0.0,False,liquidate,-0.18115192957488369,8,创业板;纳指;国债ETF;半导体ETF;证券ETF;有色ETF;酒ETF;军工ETF,创业板;纳指;国债ETF,半导体ETF;证券ETF;有色ETF;酒ETF;军工ETF
2019-12-24,925837.3726612212,0.0,925837.3726612212,0.0,False,liquidate,-0.1810869416327864,9,沪深300;创业板;纳指;国债ETF;半导体ETF;有色ETF;证券ETF;酒ETF;军工ETF,沪深300;创业板;纳指;国债ETF,半导体ETF;有色ETF;证券ETF;酒ETF;军工ETF
2019-12-25,925910.8518177817,0.0,925910.8518177817,0.0,False,liquidate,-0.18102194853291592,9,沪深300;创业板;纳指;国债ETF;半导体ETF;有色ETF;证券ETF;军工ETF;酒ETF,沪深300;创业板;纳指;国债ETF,半导体ETF;有色ETF;证券ETF;军工ETF;酒ETF
2019-12-26,925984.3368060213,0.0,925984.3368060213,0.0,False,liquidate,-0.18095695027486292,8,创业板;纳指;国债ETF;半导体ETF;有色ETF;证券ETF;军工ETF;酒ETF,创业板;纳指;国债ETF,半导体ETF;有色ETF;证券ETF;军工ETF;酒ETF
2019-12-27,926057.8276264027,0.0,926057.8276264027,0.0,False,liquidate,-0.18089194685821805,8,创业板;纳指;国债ETF;半导体ETF;有色ETF;证券ETF;酒ETF;军工ETF,创业板;纳指;国债ETF,半导体ETF;有色ETF;证券ETF;酒ETF;军工ETF
2019-12-30,926131.324279389,0.0,926131.324279389,0.0,False,liquidate,-0.18082693828257185,9,沪深300;创业板;纳指;国债ETF;半导体ETF;有色ETF;证券ETF;酒ETF;军工ETF,沪深300;创业板;纳指;国债ETF,半导体ETF;有色ETF;证券ETF;酒ETF;军工ETF
2019-12-31,926204.826765443,0.0,926204.826765443,0.0,False,liquidate,-0.18076192454751486,10,沪深300;创业板;纳指;黄金;国债ETF;证券ETF;半导体ETF;有色ETF;酒ETF;军工ETF,沪深300;创业板;纳指;黄金;国债ETF,证券ETF;半导体ETF;有色ETF;酒ETF;军工ETF
2020-01-02,926278.3350850276,0.0,926278.3350850276,0.0,False,liquidate,-0.18069690565263757,10,沪深300;创业板;纳指;黄金;国债ETF;半导体ETF;有色ETF;证券ETF;酒ETF;军工ETF,沪深300;创业板;纳指;黄金;国债ETF,半导体ETF;有色ETF;证券ETF;酒ETF;军工ETF
2020-01-03,926351.8492386058,0.0,926351.8492386058,0.0,False,liquidate,-0.18063188159753063,10,沪深300;创业板;纳指;黄金;国债ETF;有色ETF;半导体ETF;证券ETF;军工ETF;酒ETF,沪深300;创业板;纳指;黄金;国债ETF,有色ETF;半导体ETF;证券ETF;军工ETF;酒ETF
2020-01-06,926425.3692266407,0.0,926425.3692266407,0.0,False,liquidate,-0.18056685238178435,10,沪深300;创业板;纳指;黄金;国债ETF;有色ETF;半导体ETF;证券ETF;军工ETF;酒ETF,沪深300;创业板;纳指;黄金;国债ETF,有色ETF;半导体ETF;证券ETF;军工ETF;酒ETF
2020-01-07,926498.8950495952,0.0,926498.8950495952,0.0,False,liquidate,-0.18050181800498927,10,沪深300;创业板;纳指;黄金;国债ETF;有色ETF;半导体ETF;证券ETF;军工ETF;酒ETF,沪深300;创业板;纳指;黄金;国债ETF,有色ETF;半导体ETF;证券ETF;军工ETF;酒ETF
2020-01-08,926572.4267079325,0.0,926572.4267079325,0.0,False,liquidate,-0.18043677846673564,10,沪深300;创业板;纳指;黄金;国债ETF;有色ETF;半导体ETF;证券ETF;军工ETF;酒ETF,沪深300;创业板;纳指;黄金;国债ETF,有色ETF;半导体ETF;证券ETF;军工ETF;酒ETF
2020-01-09,926645.9642021157,0.0,926645.9642021157,0.0,False,liquidate,-0.18037173376661397,10,沪深300;创业板;纳指;黄金;国债ETF;有色ETF;半导体ETF;证券ETF;军工ETF;酒ETF,沪深300;创业板;纳指;黄金;国债ETF,有色ETF;半导体ETF;证券ETF;军工ETF;酒ETF
2020-01-10,926719.5075326079,0.0,926719.5075326079,0.0,False,liquidate,-0.1803066839042145,10,沪深300;创业板;纳指;黄金;国债ETF;有色ETF;半导体ETF;证券ETF;酒ETF;军工ETF,沪深300;创业板;纳指;黄金;国债ETF,有色ETF;半导体ETF;证券ETF;酒ETF;军工ETF
2020-01-13,926793.0566998724,0.0,926793.0566998724,0.0,False,liquidate,-0.18024162887912754,10,沪深300;创业板;纳指;黄金;国债ETF;半导体ETF;有色ETF;证券ETF;酒ETF;军工ETF,沪深300;创业板;纳指;黄金;国债ETF,半导体ETF;有色ETF;证券ETF;酒ETF;军工ETF
2020-01-14,926866.6117043725,0.0,926866.6117043725,0.0,False,liquidate,-0.18017656869094326,10,沪深300;创业板;纳指;黄金;国债ETF;有色ETF;半导体ETF;酒ETF;证券ETF;军工ETF,沪深300;创业板;纳指;黄金;国债ETF,有色ETF;半导体ETF;酒ETF;证券ETF;军工ETF
2020-01-15,926940.1725465712,0.0,926940.1725465712,0.0,False,liquidate,-0.18011150333925205,10,沪深300;创业板;纳指;黄金;国债ETF;半导体ETF;有色ETF;酒ETF;证券ETF;军工ETF,沪深300;创业板;纳指;黄金;国债ETF,半导体ETF;有色ETF;酒ETF;证券ETF;军工ETF
2020-01-16,927013.7392269322,0.0,927013.7392269322,0.0,False,liquidate,-0.18004643282364396,10,沪深300;创业板;纳指;黄金;国债ETF;半导体ETF;有色ETF;酒ETF;证券ETF;军工ETF,沪深300;创业板;纳指;黄金;国债ETF,半导体ETF;有色ETF;酒ETF;证券ETF;军工ETF
2020-01-17,927087.3117459185,626863.4967703423,300223.8149755761,0.5,False,halve,-0.1799813571437093,10,沪深300;创业板;纳指;黄金;国债ETF;半导体ETF;有色ETF;酒ETF;军工ETF;证券ETF,沪深300;创业板;纳指;黄金;国债ETF,半导体ETF;有色ETF;酒ETF;军工ETF;证券ETF
2020-01-20,939200.3353948543,606873.7121086237,332326.6232862306,0.5,False,halve,-0.16926725817197322,10,沪深300;创业板;纳指;黄金;国债ETF;半导体ETF;有色ETF;酒ETF;证券ETF;军工ETF,沪深300;创业板;纳指;黄金;国债ETF,半导体ETF;有色ETF;酒ETF;证券ETF;军工ETF
2020-01-21,929515.6076372731,550363.2663285984,379152.3413086748,0.5,False,halve,-0.17783350345608606,10,沪深300;创业板;纳指;黄金;国债ETF;半导体ETF;有色ETF;军工ETF;证券ETF;酒ETF,沪深300;创业板;纳指;黄金;国债ETF,半导体ETF;有色ETF;军工ETF;证券ETF;酒ETF
2020-01-22,938415.4723185177,550318.0338416084,388097.4384769093,0.5,False,halve,-0.16996147795745756,10,沪深300;创业板;纳指;黄金;国债ETF;半导体ETF;有色ETF;军工ETF;证券ETF;酒ETF,沪深300;创业板;纳指;黄金;国债ETF,半导体ETF;有色ETF;军工ETF;证券ETF;酒ETF
2020-01-23,924378.148919927,0.0,924378.148919927,0.0,False,liquidate,-0.18237764063901737,10,沪深300;创业板;纳指;黄金;国债ETF;半导体ETF;有色ETF;军工ETF;酒ETF;证券ETF,沪深300;创业板;纳指;黄金;国债ETF,半导体ETF;有色ETF;军工ETF;酒ETF;证券ETF
2020-02-03,924451.5122650794,0.0,924451.5122650794,0.0,False,liquidate,-0.18231274997557595,9,创业板;纳指;黄金;国债ETF;半导体ETF;有色ETF;军工ETF;证券ETF;酒ETF,创业板;纳指;黄金;国债ETF,半导体ETF;有色ETF;军工ETF;证券ETF;酒ETF
2020-02-04,924524.8814327195,0.0,924524.8814327195,0.0,False,liquidate,-0.18224785416208192,9,创业板;纳指;黄金;国债ETF;半导体ETF;有色ETF;军工ETF;酒ETF;证券ETF,创业板;纳指;黄金;国债ETF,半导体ETF;有色ETF;军工ETF;酒ETF;证券ETF
2020-02-05,924598.2564233094,0.0,924598.2564233094,0.0,False,liquidate,-0.18218295319812652,9,创业板;纳指;黄金;国债ETF;半导体ETF;有色ETF;军工ETF;证券ETF;酒ETF,创业板;纳指;黄金;国债ETF,半导体ETF;有色ETF;军工ETF;证券ETF;酒ETF
2020-02-06,924671.6372373113,0.0,924671.6372373113,0.0,False,liquidate,-0.18211804708330093,9,创业板;纳指;黄金;国债ETF;半导体ETF;军工ETF;有色ETF;证券ETF;酒ETF,创业板;纳指;黄金;国债ETF,半导体ETF;军工ETF;有色ETF;证券ETF;酒ETF
2020-02-07,924745.0238751874,0.0,924745.0238751874,0.0,False,liquidate,-0.18205313581719637,9,创业板;纳指;黄金;国债ETF;半导体ETF;军工ETF;有色ETF;酒ETF;证券ETF,创业板;纳指;黄金;国债ETF,半导体ETF;军工ETF;有色ETF;酒ETF;证券ETF
2020-02-10,924818.4163373997,0.0,924818.4163373997,0.0,False,liquidate,-0.18198821939940404,9,创业板;纳指;黄金;国债ETF;半导体ETF;军工ETF;有色ETF;证券ETF;酒ETF,创业板;纳指;黄金;国债ETF,半导体ETF;军工ETF;有色ETF;证券ETF;酒ETF
2020-02-11,924891.8146244107,0.0,924891.8146244107,0.0,False,liquidate,-0.18192329782951505,9,创业板;纳指;黄金;国债ETF;半导体ETF;军工ETF;有色ETF;酒ETF;证券ETF,创业板;纳指;黄金;国债ETF,半导体ETF;军工ETF;有色ETF;酒ETF;证券ETF
2020-02-12,924965.2187366826,0.0,924965.2187366826,0.0,False,liquidate,-0.18185837110712053,10,沪深300;创业板;纳指;黄金;国债ETF;半导体ETF;有色ETF;军工ETF;证券ETF;酒ETF,沪深300;创业板;纳指;黄金;国债ETF,半导体ETF;有色ETF;军工ETF;证券ETF;酒ETF
2020-02-13,925038.6286746776,0.0,925038.6286746776,0.0,False,liquidate,-0.18179343923181152,10,沪深300;创业板;纳指;黄金;国债ETF;半导体ETF;有色ETF;军工ETF;证券ETF;酒ETF,沪深300;创业板;纳指;黄金;国债ETF,半导体ETF;有色ETF;军工ETF;证券ETF;酒ETF
2020-02-14,925112.0444388582,0.0,925112.0444388582,0.0,False,liquidate,-0.18172850220317907,10,沪深300;创业板;纳指;黄金;国债ETF;半导体ETF;有色ETF;军工ETF;证券ETF;酒ETF,沪深300;创业板;纳指;黄金;国债ETF,半导体ETF;有色ETF;军工ETF;证券ETF;酒ETF
2020-02-17,925185.4660296867,0.0,925185.4660296867,0.0,False,liquidate,-0.18166356002081416,10,沪深300;创业板;纳指;黄金;国债ETF;半导体ETF;有色ETF;军工ETF;证券ETF;酒ETF,沪深300;创业板;纳指;黄金;国债ETF,半导体ETF;有色ETF;军工ETF;证券ETF;酒ETF
2020-02-18,925258.8934476257,0.0,925258.8934476257,0.0,False,liquidate,-0.1815986126843078,10,沪深300;创业板;纳指;黄金;国债ETF;半导体ETF;军工ETF;有色ETF;证券ETF;酒ETF,沪深300;创业板;纳指;黄金;国债ETF,半导体ETF;军工ETF;有色ETF;证券ETF;酒ETF
2020-02-19,925332.3266931374,0.0,925332.3266931374,0.0,False,liquidate,-0.18153366019325098,9,创业板;纳指;黄金;国债ETF;半导体ETF;军工ETF;有色ETF;证券ETF;酒ETF,创业板;纳指;黄金;国债ETF,半导体ETF;军工ETF;有色ETF;证券ETF;酒ETF
2020-02-20,925405.7657666845,0.0,925405.7657666845,0.0,False,liquidate,-0.18146870254723452,10,沪深300;创业板;纳指;黄金;国债ETF;半导体ETF;军工ETF;有色ETF;证券ETF;酒ETF,沪深300;创业板;纳指;黄金;国债ETF,半导体ETF;军工ETF;有色ETF;证券ETF;酒ETF
2020-02-21,925479.2106687296,0.0,925479.2106687296,0.0,False,liquidate,-0.1814037397458493,10,沪深300;创业板;纳指;黄金;国债ETF;半导体ETF;军工ETF;有色ETF;证券ETF;酒ETF,沪深300;创业板;纳指;黄金;国债ETF,半导体ETF;军工ETF;有色ETF;证券ETF;酒ETF
2020-02-24,925552.6613997351,0.0,925552.6613997351,0.0,False,liquidate,-0.1813387717886862,10,沪深300;创业板;纳指;黄金;国债ETF;半导体ETF;军工ETF;有色ETF;证券ETF;酒ETF,沪深300;创业板;纳指;黄金;国债ETF,半导体ETF;军工ETF;有色ETF;证券ETF;酒ETF
2020-02-25,925626.1179601637,0.0,925626.1179601637,0.0,False,liquidate,-0.18127379867533605,10,沪深300;创业板;纳指;黄金;国债ETF;半导体ETF;军工ETF;有色ETF;证券ETF;酒ETF,沪深300;创业板;纳指;黄金;国债ETF,半导体ETF;军工ETF;有色ETF;证券ETF;酒ETF
2020-02-26,925699.5803504781,0.0,925699.5803504781,0.0,False,liquidate,-0.18120882040538963,10,沪深300;创业板;纳指;黄金;国债ETF;半导体ETF;军工ETF;有色ETF;证券ETF;酒ETF,沪深300;创业板;纳指;黄金;国债ETF,半导体ETF;军工ETF;有色ETF;证券ETF;酒ETF
2020-02-27,925773.0485711409,0.0,925773.0485711409,0.0,False,liquidate,-0.18114383697843764,10,沪深300;创业板;纳指;黄金;国债ETF;半导体ETF;军工ETF;证券ETF;有色ETF;酒ETF,沪深300;创业板;纳指;黄金;国债ETF,半导体ETF;军工ETF;证券ETF;有色ETF;酒ETF
2020-02-28,925846.5226226147,0.0,925846.5226226147,0.0,False,liquidate,-0.18107884839407085,9,创业板;纳指;黄金;国债ETF;半导体ETF;军工ETF;证券ETF;有色ETF;酒ETF,创业板;纳指;黄金;国债ETF,半导体ETF;军工ETF;证券ETF;有色ETF;酒ETF
2020-03-02,925920.0025053626,0.0,925920.0025053626,0.0,False,liquidate,-0.18101385465187986,10,沪深300;创业板;纳指;黄金;国债ETF;半导体ETF;军工ETF;证券ETF;有色ETF;酒ETF,沪深300;创业板;纳指;黄金;国债ETF,半导体ETF;军工ETF;证券ETF;有色ETF;酒ETF
2020-03-03,925993.4882198472,0.0,925993.4882198472,0.0,False,liquidate,-0.1809488557514554,9,创业板;纳指;黄金;国债ETF;半导体ETF;军工ETF;证券ETF;有色ETF;酒ETF,创业板;纳指;黄金;国债ETF,半导体ETF;军工ETF;证券ETF;有色ETF;酒ETF
2020-03-04,926066.9797665314,0.0,926066.9797665314,0.0,False,liquidate,-0.180883851692388,10,沪深300;创业板;纳指;黄金;国债ETF;半导体ETF;证券ETF;军工ETF;有色ETF;酒ETF,沪深300;创业板;纳指;黄金;国债ETF,半导体ETF;证券ETF;军工ETF;有色ETF;酒ETF
2020-03-05,926140.477145878,0.0,926140.477145878,0.0,False,liquidate,-0.18081884247426827,10,沪深300;创业板;纳指;黄金;国债ETF;证券ETF;半导体ETF;军工ETF;有色ETF;酒ETF,沪深300;创业板;纳指;黄金;国债ETF,证券ETF;半导体ETF;军工ETF;有色ETF;酒ETF
2020-03-06,926213.98035835,0.0,926213.98035835,0.0,False,liquidate,-0.1807538280966868,9,创业板;纳指;黄金;国债ETF;半导体ETF;证券ETF;军工ETF;有色ETF;酒ETF,创业板;纳指;黄金;国债ETF,半导体ETF;证券ETF;军工ETF;有色ETF;酒ETF
2020-03-09,926287.4894044102,0.0,926287.4894044102,0.0,False,liquidate,-0.18068880855923408,9,创业板;纳指;黄金;国债ETF;证券ETF;半导体ETF;军工ETF;有色ETF;酒ETF,创业板;纳指;黄金;国债ETF,证券ETF;半导体ETF;军工ETF;有色ETF;酒ETF
2020-03-10,926361.0042845218,0.0,926361.0042845218,0.0,False,liquidate,-0.1806237838615006,9,创业板;纳指;黄金;国债ETF;半导体ETF;证券ETF;军工ETF;酒ETF;有色ETF,创业板;纳指;黄金;国债ETF,半导体ETF;证券ETF;军工ETF;酒ETF;有色ETF
2020-03-11,926434.5249991476,0.0,926434.5249991476,0.0,False,liquidate,-0.18055875400307683,9,创业板;纳指;黄金;国债ETF;军工ETF;证券ETF;半导体ETF;酒ETF;有色ETF,创业板;纳指;黄金;国债ETF,军工ETF;证券ETF;半导体ETF;酒ETF;有色ETF
2020-03-12,926508.0515487507,0.0,926508.0515487507,0.0,False,liquidate,-0.1804937189835533,8,创业板;黄金;国债ETF;军工ETF;证券ETF;半导体ETF;酒ETF;有色ETF,创业板;黄金;国债ETF,军工ETF;证券ETF;半导体ETF;酒ETF;有色ETF
2020-03-13,926581.5839337943,0.0,926581.5839337943,0.0,False,liquidate,-0.18042867880252023,8,创业板;黄金;国债ETF;半导体ETF;证券ETF;军工ETF;酒ETF;有色ETF,创业板;黄金;国债ETF,半导体ETF;证券ETF;军工ETF;酒ETF;有色ETF
2020-03-16,926655.1221547414,0.0,926655.1221547414,0.0,False,liquidate,-0.18036363345956802,6,国债ETF;证券ETF;军工ETF;半导体ETF;酒ETF;有色ETF,国债ETF,证券ETF;军工ETF;半导体ETF;酒ETF;有色ETF
2020-03-17,926728.6662120554,0.0,926728.6662120554,0.0,False,liquidate,-0.180298582954287,6,国债ETF;证券ETF;军工ETF;半导体ETF;酒ETF;有色ETF,国债ETF,证券ETF;军工ETF;半导体ETF;酒ETF;有色ETF
2020-03-18,926802.2161061992,0.0,926802.2161061992,0.0,False,liquidate,-0.1802335272862675,6,国债ETF;军工ETF;半导体ETF;证券ETF;酒ETF;有色ETF,国债ETF,军工ETF;半导体ETF;证券ETF;酒ETF;有色ETF
2020-03-19,926875.7718376362,0.0,926875.7718376362,0.0,False,liquidate,-0.18016846645509968,6,国债ETF;军工ETF;证券ETF;半导体ETF;酒ETF;有色ETF,国债ETF,军工ETF;证券ETF;半导体ETF;酒ETF;有色ETF
2020-03-20,926949.3334068297,0.0,926949.3334068297,0.0,False,liquidate,-0.18010340046037385,6,国债ETF;军工ETF;证券ETF;半导体ETF;酒ETF;有色ETF,国债ETF,军工ETF;证券ETF;半导体ETF;酒ETF;有色ETF
2020-03-23,927022.900814243,0.0,927022.900814243,0.0,False,liquidate,-0.1800383293016802,6,国债ETF;军工ETF;证券ETF;半导体ETF;酒ETF;有色ETF,国债ETF,军工ETF;证券ETF;半导体ETF;酒ETF;有色ETF
2020-03-24,927096.4740603394,210278.0232375883,716818.450822751,0.5,False,halve,-0.17997325297860892,7,黄金;国债ETF;军工ETF;证券ETF;半导体ETF;酒ETF;有色ETF,黄金;国债ETF,军工ETF;证券ETF;半导体ETF;酒ETF;有色ETF
2020-03-25,931591.719946197,212511.30753640208,719080.412409795,0.5,False,halve,-0.1759971599138852,7,黄金;国债ETF;军工ETF;证券ETF;酒ETF;半导体ETF;有色ETF,黄金;国债ETF,军工ETF;证券ETF;酒ETF;半导体ETF;有色ETF
2020-03-26,928999.2458759714,217854.43768067923,711144.8081952921,0.5,False,halve,-0.17829023095667945,7,黄金;国债ETF;军工ETF;酒ETF;证券ETF;半导体ETF;有色ETF,黄金;国债ETF,军工ETF;酒ETF;证券ETF;半导体ETF;有色ETF
2020-03-27,929613.5504998418,224468.15403243646,705145.3964674054,0.4699486292723514,False,halve,-0.177746871946601,9,沪深300;创业板;黄金;国债ETF;酒ETF;军工ETF;半导体ETF;证券ETF;有色ETF,沪深300;创业板;黄金;国债ETF,酒ETF;军工ETF;半导体ETF;证券ETF;有色ETF
2020-03-30,926194.1093833561,0.0,926194.1093833561,0.0,False,liquidate,-0.18077140418659796,7,黄金;国债ETF;酒ETF;军工ETF;证券ETF;半导体ETF;有色ETF,黄金;国债ETF,酒ETF;军工ETF;证券ETF;半导体ETF;有色ETF
2020-03-31,926267.6168523547,0.0,926267.6168523547,0.0,False,liquidate,-0.1807063860440731,7,黄金;国债ETF;酒ETF;半导体ETF;军工ETF;证券ETF;有色ETF,黄金;国债ETF,酒ETF;半导体ETF;军工ETF;证券ETF;有色ETF
2020-04-01,926341.1301552795,0.0,926341.1301552795,0.0,False,liquidate,-0.18064136274137815,7,黄金;国债ETF;酒ETF;半导体ETF;军工ETF;有色ETF;证券ETF,黄金;国债ETF,酒ETF;半导体ETF;军工ETF;有色ETF;证券ETF
2020-04-02,926414.6492925935,0.0,926414.6492925935,0.0,False,liquidate,-0.18057633427810366,7,黄金;国债ETF;半导体ETF;酒ETF;军工ETF;证券ETF;有色ETF,黄金;国债ETF,半导体ETF;酒ETF;军工ETF;证券ETF;有色ETF
2020-04-03,926488.1742647596,0.0,926488.1742647596,0.0,False,liquidate,-0.1805113006538399,7,黄金;国债ETF;半导体ETF;酒ETF;军工ETF;证券ETF;有色ETF,黄金;国债ETF,半导体ETF;酒ETF;军工ETF;证券ETF;有色ETF
2020-04-07,926561.705072241,0.0,926561.705072241,0.0,False,liquidate,-0.18044626186817747,7,黄金;国债ETF;酒ETF;半导体ETF;军工ETF;有色ETF;证券ETF,黄金;国债ETF,酒ETF;半导体ETF;军工ETF;有色ETF;证券ETF
2020-04-08,926635.2417155007,0.0,926635.2417155007,0.0,False,liquidate,-0.18038121792070672,7,黄金;国债ETF;半导体ETF;酒ETF;军工ETF;有色ETF;证券ETF,黄金;国债ETF,半导体ETF;酒ETF;军工ETF;有色ETF;证券ETF
2020-04-09,926708.7841950019,0.0,926708.7841950019,0.0,False,liquidate,-0.1803161688110179,7,黄金;国债ETF;酒ETF;半导体ETF;军工ETF;有色ETF;证券ETF,黄金;国债ETF,酒ETF;半导体ETF;军工ETF;有色ETF;证券ETF
2020-04-10,926782.3325112079,0.0,926782.3325112079,0.0,False,liquidate,-0.1802511145387013,7,黄金;国债ETF;酒ETF;军工ETF;半导体ETF;有色ETF;证券ETF,黄金;国债ETF,酒ETF;军工ETF;半导体ETF;有色ETF;证券ETF
2020-04-13,926855.8866645818,0.0,926855.8866645818,0.0,False,liquidate,-0.1801860551033472,7,黄金;国债ETF;酒ETF;军工ETF;半导体ETF;有色ETF;证券ETF,黄金;国债ETF,酒ETF;军工ETF;半导体ETF;有色ETF;证券ETF
2020-04-14,926929.446655587,0.0,926929.446655587,0.0,False,liquidate,-0.18012099050454589,7,黄金;国债ETF;军工ETF;酒ETF;半导体ETF;有色ETF;证券ETF,黄金;国债ETF,军工ETF;酒ETF;半导体ETF;有色ETF;证券ETF
2020-04-15,927003.0124846867,0.0,927003.0124846867,0.0,False,liquidate,-0.18005592074188745,7,黄金;国债ETF;酒ETF;军工ETF;半导体ETF;有色ETF;证券ETF,黄金;国债ETF,酒ETF;军工ETF;半导体ETF;有色ETF;证券ETF
2020-04-16,927076.5841523443,279134.94165906805,647941.6424932762,0.5,False,halve,-0.17999084581496214,7,黄金;国债ETF;酒ETF;军工ETF;半导体ETF;有色ETF;证券ETF,黄金;国债ETF,酒ETF;军工ETF;半导体ETF;有色ETF;证券ETF
2020-04-17,928694.6124391914,287820.65711594047,640873.955323251,0.5,False,halve,-0.17855968248970336,7,黄金;国债ETF;酒ETF;半导体ETF;军工ETF;有色ETF;证券ETF,黄金;国债ETF,酒ETF;半导体ETF;军工ETF;有色ETF;证券ETF
2020-04-20,931156.0108396028,296294.22519447235,634861.7856451304,0.5,False,halve,-0.17638254927877323,6,国债ETF;酒ETF;半导体ETF;军工ETF;有色ETF;证券ETF,国债ETF,酒ETF;半导体ETF;军工ETF;有色ETF;证券ETF
2020-04-21,926223.3262218167,0.0,926223.3262218167,0.0,False,liquidate,-0.18074556158049224,7,黄金;国债ETF;军工ETF;酒ETF;半导体ETF;有色ETF;证券ETF,黄金;国债ETF,军工ETF;酒ETF;半导体ETF;有色ETF;证券ETF
2020-04-22,926296.8360096121,0.0,926296.8360096121,0.0,False,liquidate,-0.1806805413869669,7,黄金;国债ETF;酒ETF;军工ETF;半导体ETF;证券ETF;有色ETF,黄金;国债ETF,酒ETF;军工ETF;半导体ETF;证券ETF;有色ETF
2020-04-23,926370.3516315176,0.0,926370.3516315176,0.0,False,liquidate,-0.1806155160331087,7,黄金;国债ETF;军工ETF;酒ETF;半导体ETF;有色ETF;证券ETF,黄金;国债ETF,军工ETF;酒ETF;半导体ETF;有色ETF;证券ETF
2020-04-24,926443.8730879964,0.0,926443.8730879964,0.0,False,liquidate,-0.18055048551850808,8,纳指;黄金;国债ETF;酒ETF;军工ETF;半导体ETF;有色ETF;证券ETF,纳指;黄金;国债ETF,酒ETF;军工ETF;半导体ETF;有色ETF;证券ETF
2020-04-27,926517.4003795113,0.0,926517.4003795113,0.0,False,liquidate,-0.1804854498427556,8,纳指;黄金;国债ETF;酒ETF;军工ETF;半导体ETF;有色ETF;证券ETF,纳指;黄金;国债ETF,酒ETF;军工ETF;半导体ETF;有色ETF;证券ETF
2020-04-28,926590.9335065256,0.0,926590.9335065256,0.0,False,liquidate,-0.18042040900544148,8,纳指;黄金;国债ETF;酒ETF;军工ETF;半导体ETF;证券ETF;有色ETF,纳指;黄金;国债ETF,酒ETF;军工ETF;半导体ETF;证券ETF;有色ETF
2020-04-29,926664.4724695024,0.0,926664.4724695024,0.0,False,liquidate,-0.18035536300615615,8,纳指;黄金;国债ETF;酒ETF;军工ETF;半导体ETF;证券ETF;有色ETF,纳指;黄金;国债ETF,酒ETF;军工ETF;半导体ETF;证券ETF;有色ETF
2020-04-30,926738.0172689047,0.0,926738.0172689047,0.0,False,liquidate,-0.18029031184448996,8,纳指;黄金;国债ETF;酒ETF;军工ETF;半导体ETF;证券ETF;有色ETF,纳指;黄金;国债ETF,酒ETF;军工ETF;半导体ETF;证券ETF;有色ETF
2020-05-06,926811.567905196,0.0,926811.567905196,0.0,False,liquidate,-0.1802252555200331,8,纳指;黄金;国债ETF;酒ETF;半导体ETF;军工ETF;证券ETF;有色ETF,纳指;黄金;国债ETF,酒ETF;半导体ETF;军工ETF;证券ETF;有色ETF
2020-05-07,926885.1243788393,0.0,926885.1243788393,0.0,False,liquidate,-0.18016019403237593,9,创业板;纳指;黄金;国债ETF;酒ETF;半导体ETF;军工ETF;证券ETF;有色ETF,创业板;纳指;黄金;国债ETF,酒ETF;半导体ETF;军工ETF;证券ETF;有色ETF
2020-05-08,926958.6866902979,0.0,926958.6866902979,0.0,False,liquidate,-0.18009512738110867,8,纳指;黄金;国债ETF;酒ETF;半导体ETF;军工ETF;证券ETF;有色ETF,纳指;黄金;国债ETF,酒ETF;半导体ETF;军工ETF;证券ETF;有色ETF
2020-05-11,927032.2548400352,0.0,927032.2548400352,0.0,False,liquidate,-0.18003005556582147,8,纳指;黄金;国债ETF;酒ETF;半导体ETF;军工ETF;证券ETF;有色ETF,纳指;黄金;国债ETF,酒ETF;半导体ETF;军工ETF;证券ETF;有色ETF
2020-05-12,927105.8288285147,355824.8349429371,571280.9938855777,0.5,False,halve,-0.1799649785861044,9,创业板;纳指;黄金;国债ETF;酒ETF;半导体ETF;军工ETF;证券ETF;有色ETF,创业板;纳指;黄金;国债ETF,酒ETF;半导体ETF;军工ETF;证券ETF;有色ETF
2020-05-13,929215.6696535053,367416.05696749303,561799.6126860123,0.5,False,halve,-0.17809880181070076,10,沪深300;创业板;纳指;黄金;国债ETF;酒ETF;半导体ETF;军工ETF;证券ETF;有色ETF,沪深300;创业板;纳指;黄金;国债ETF,酒ETF;半导体ETF;军工ETF;证券ETF;有色ETF
2020-05-14,927704.3947120011,376213.35417914577,551491.0405328553,0.5,False,halve,-0.17943554066022852,10,沪深300;创业板;纳指;黄金;国债ETF;酒ETF;半导体ETF;军工ETF;证券ETF;有色ETF,沪深300;创业板;纳指;黄金;国债ETF,酒ETF;半导体ETF;军工ETF;证券ETF;有色ETF
2020-05-15,931754.0999750248,386532.4385486746,545221.6614263502,0.5,False,halve,-0.17585353304165935,10,沪深300;创业板;纳指;黄金;国债ETF;酒ETF;半导体ETF;军工ETF;证券ETF;有色ETF,沪深300;创业板;纳指;黄金;国债ETF,酒ETF;半导体ETF;军工ETF;证券ETF;有色ETF
2020-05-18,934345.5094841016,399140.31391626643,535205.1955678351,0.5,False,halve,-0.17356140361458725,10,沪深300;创业板;纳指;黄金;国债ETF;酒ETF;半导体ETF;军工ETF;有色ETF;证券ETF,沪深300;创业板;纳指;黄金;国债ETF,酒ETF;半导体ETF;军工ETF;有色ETF;证券ETF
2020-05-19,939261.9009336517,409320.2609084031,529941.6400252486,0.5,False,halve,-0.16921280279443568,10,沪深300;创业板;纳指;黄金;国债ETF;酒ETF;半导体ETF;军工ETF;有色ETF;证券ETF,沪深300;创业板;纳指;黄金;国债ETF,酒ETF;半导体ETF;军工ETF;有色ETF;证券ETF
2020-05-20,933387.713129943,401090.85522457404,532296.857905369,0.5,False,halve,-0.17440858473390455,10,沪深300;创业板;纳指;黄金;国债ETF;酒ETF;半导体ETF;军工ETF;有色ETF;证券ETF,沪深300;创业板;纳指;黄金;国债ETF,酒ETF;半导体ETF;军工ETF;有色ETF;证券ETF
2020-05-21,927629.0792783529,395283.65395016613,532345.4253281867,0.5,False,halve,-0.17950215796682287,10,沪深300;创业板;纳指;黄金;国债ETF;酒ETF;半导体ETF;军工ETF;有色ETF;证券ETF,沪深300;创业板;纳指;黄金;国债ETF,酒ETF;半导体ETF;军工ETF;有色ETF;证券ETF
2020-05-22,920027.173425871,0.0,920027.173425871,0.0,False,liquidate,-0.1862261249991556,10,沪深300;创业板;纳指;黄金;国债ETF;酒ETF;半导体ETF;军工ETF;有色ETF;证券ETF,沪深300;创业板;纳指;黄金;国债ETF,酒ETF;半导体ETF;军工ETF;有色ETF;证券ETF
2020-05-25,920100.191455508,0.0,920100.191455508,0.0,False,liquidate,-0.18616153977098088,10,沪深300;创业板;纳指;黄金;国债ETF;酒ETF;半导体ETF;军工ETF;有色ETF;证券ETF,沪深300;创业板;纳指;黄金;国债ETF,酒ETF;半导体ETF;军工ETF;有色ETF;证券ETF
2020-05-26,920173.2152802268,0.0,920173.2152802268,0.0,False,liquidate,-0.18609694941699437,10,沪深300;创业板;纳指;黄金;国债ETF;酒ETF;半导体ETF;军工ETF;有色ETF;证券ETF,沪深300;创业板;纳指;黄金;国债ETF,酒ETF;半导体ETF;军工ETF;有色ETF;证券ETF
2020-05-27,920246.2449004871,0.0,920246.2449004871,0.0,False,liquidate,-0.18603235393678935,10,沪深300;创业板;纳指;黄金;国债ETF;酒ETF;半导体ETF;军工ETF;有色ETF;证券ETF,沪深300;创业板;纳指;黄金;国债ETF,酒ETF;半导体ETF;军工ETF;有色ETF;证券ETF
2020-05-28,920319.2803167491,0.0,920319.2803167491,0.0,False,liquidate,-0.1859677533299589,10,沪深300;创业板;纳指;黄金;国债ETF;酒ETF;有色ETF;半导体ETF;军工ETF;证券ETF,沪深300;创业板;纳指;黄金;国债ETF,酒ETF;有色ETF;半导体ETF;军工ETF;证券ETF
2020-05-29,920392.3215294727,0.0,920392.3215294727,0.0,False,liquidate,-0.18590314759609616,10,沪深300;创业板;纳指;黄金;国债ETF;酒ETF;有色ETF;半导体ETF;军工ETF;证券ETF,沪深300;创业板;纳指;黄金;国债ETF,酒ETF;有色ETF;半导体ETF;军工ETF;证券ETF
2020-06-01,920465.368539118,0.0,920465.368539118,0.0,False,liquidate,-0.18583853673479422,10,沪深300;创业板;纳指;黄金;国债ETF;酒ETF;半导体ETF;有色ETF;军工ETF;证券ETF,沪深300;创业板;纳指;黄金;国债ETF,酒ETF;半导体ETF;有色ETF;军工ETF;证券ETF
2020-06-02,920538.421346145,0.0,920538.421346145,0.0,False,liquidate,-0.1857739207456461,9,沪深300;创业板;纳指;黄金;酒ETF;有色ETF;半导体ETF;军工ETF;证券ETF,沪深300;创业板;纳指;黄金,酒ETF;有色ETF;半导体ETF;军工ETF;证券ETF
2020-06-03,920611.4799510138,0.0,920611.4799510138,0.0,False,liquidate,-0.1857092996282449,9,沪深300;创业板;纳指;黄金;酒ETF;半导体ETF;有色ETF;军工ETF;证券ETF,沪深300;创业板;纳指;黄金,酒ETF;半导体ETF;有色ETF;军工ETF;证券ETF
2020-06-04,920684.5443541845,0.0,920684.5443541845,0.0,False,liquidate,-0.18564467338218363,9,沪深300;创业板;纳指;黄金;酒ETF;半导体ETF;有色ETF;军工ETF;证券ETF,沪深300;创业板;纳指;黄金,酒ETF;半导体ETF;有色ETF;军工ETF;证券ETF
2020-06-05,920757.6145561174,0.0,920757.6145561174,0.0,False,liquidate,-0.1855800420070552,9,沪深300;创业板;纳指;黄金;酒ETF;半导体ETF;有色ETF;军工ETF;证券ETF,沪深300;创业板;纳指;黄金,酒ETF;半导体ETF;有色ETF;军工ETF;证券ETF
2020-06-08,920830.6905572728,0.0,920830.6905572728,0.0,False,liquidate,-0.18551540550245252,9,沪深300;创业板;纳指;黄金;酒ETF;有色ETF;半导体ETF;军工ETF;证券ETF,沪深300;创业板;纳指;黄金,酒ETF;有色ETF;半导体ETF;军工ETF;证券ETF
2020-06-09,920903.7723581106,0.0,920903.7723581106,0.0,False,liquidate,-0.18545076386796858,9,沪深300;创业板;纳指;黄金;酒ETF;有色ETF;半导体ETF;证券ETF;军工ETF,沪深300;创业板;纳指;黄金,酒ETF;有色ETF;半导体ETF;证券ETF;军工ETF
2020-06-10,920976.8599590915,0.0,920976.8599590915,0.0,False,liquidate,-0.18538611710319614,9,沪深300;创业板;纳指;黄金;酒ETF;有色ETF;半导体ETF;证券ETF;军工ETF,沪深300;创业板;纳指;黄金,酒ETF;有色ETF;半导体ETF;证券ETF;军工ETF
2020-06-11,921049.9533606756,0.0,921049.9533606756,0.0,False,liquidate,-0.1853214652077281,9,沪深300;创业板;纳指;黄金;酒ETF;有色ETF;半导体ETF;军工ETF;证券ETF,沪深300;创业板;纳指;黄金,酒ETF;有色ETF;半导体ETF;军工ETF;证券ETF
2020-06-12,921123.0525633233,0.0,921123.0525633233,0.0,False,liquidate,-0.18525680818115728,9,沪深300;创业板;纳指;黄金;酒ETF;有色ETF;半导体ETF;证券ETF;军工ETF,沪深300;创业板;纳指;黄金,酒ETF;有色ETF;半导体ETF;证券ETF;军工ETF
2020-06-15,921196.157567495,0.0,921196.157567495,0.0,False,liquidate,-0.1851921460230764,9,沪深300;创业板;纳指;黄金;酒ETF;有色ETF;证券ETF;军工ETF;半导体ETF,沪深300;创业板;纳指;黄金,酒ETF;有色ETF;证券ETF;军工ETF;半导体ETF
2020-06-16,921269.2683736512,0.0,921269.2683736512,0.0,False,liquidate,-0.1851274787330782,9,沪深300;创业板;纳指;黄金;酒ETF;有色ETF;证券ETF;军工ETF;半导体ETF,沪深300;创业板;纳指;黄金,酒ETF;有色ETF;证券ETF;军工ETF;半导体ETF
2020-06-17,921342.3849822524,0.0,921342.3849822524,0.0,False,liquidate,-0.18506280631075533,9,沪深300;创业板;纳指;黄金;酒ETF;有色ETF;军工ETF;证券ETF;半导体ETF,沪深300;创业板;纳指;黄金,酒ETF;有色ETF;军工ETF;证券ETF;半导体ETF
2020-06-18,921415.507393759,0.0,921415.507393759,0.0,False,liquidate,-0.18499812875570057,9,沪深300;创业板;纳指;黄金;酒ETF;有色ETF;证券ETF;半导体ETF;军工ETF,沪深300;创业板;纳指;黄金,酒ETF;有色ETF;证券ETF;半导体ETF;军工ETF
2020-06-19,921488.6356086315,0.0,921488.6356086315,0.0,False,liquidate,-0.18493344606750656,9,沪深300;创业板;纳指;黄金;酒ETF;有色ETF;证券ETF;半导体ETF;军工ETF,沪深300;创业板;纳指;黄金,酒ETF;有色ETF;证券ETF;半导体ETF;军工ETF
2020-06-22,921561.7696273307,0.0,921561.7696273307,0.0,False,liquidate,-0.18486875824576582,9,沪深300;创业板;纳指;黄金;酒ETF;证券ETF;半导体ETF;有色ETF;军工ETF,沪深300;创业板;纳指;黄金,酒ETF;证券ETF;半导体ETF;有色ETF;军工ETF
2020-06-23,921634.909450317,0.0,921634.909450317,0.0,False,liquidate,-0.18480406529007098,9,沪深300;创业板;纳指;黄金;酒ETF;半导体ETF;证券ETF;有色ETF;军工ETF,沪深300;创业板;纳指;黄金,酒ETF;半导体ETF;证券ETF;有色ETF;军工ETF
2020-06-24,921708.0550780512,0.0,921708.0550780512,0.0,False,liquidate,-0.18473936720001466,9,沪深300;创业板;纳指;黄金;酒ETF;半导体ETF;证券ETF;有色ETF;军工ETF,沪深300;创业板;纳指;黄金,酒ETF;半导体ETF;证券ETF;有色ETF;军工ETF
2020-06-29,921781.2065109939,0.0,921781.2065109939,0.0,False,liquidate,-0.18467466397518925,9,沪深300;创业板;纳指;黄金;酒ETF;半导体ETF;证券ETF;有色ETF;军工ETF,沪深300;创业板;纳指;黄金,酒ETF;半导体ETF;证券ETF;有色ETF;军工ETF
2020-06-30,921854.363749606,0.0,921854.363749606,0.0,False,liquidate,-0.18460995561518723,9,沪深300;创业板;纳指;黄金;酒ETF;半导体ETF;证券ETF;有色ETF;军工ETF,沪深300;创业板;纳指;黄金,酒ETF;半导体ETF;证券ETF;有色ETF;军工ETF
2020-07-01,921927.526794348,0.0,921927.526794348,0.0,False,liquidate,-0.18454524211960108,9,沪深300;创业板;纳指;黄金;酒ETF;半导体ETF;证券ETF;有色ETF;军工ETF,沪深300;创业板;纳指;黄金,酒ETF;半导体ETF;证券ETF;有色ETF;军工ETF
2020-07-02,922000.695645681,0.0,922000.695645681,0.0,False,liquidate,-0.18448052348802318,9,沪深300;创业板;纳指;黄金;酒ETF;证券ETF;半导体ETF;有色ETF;军工ETF,沪深300;创业板;纳指;黄金,酒ETF;证券ETF;半导体ETF;有色ETF;军工ETF
2020-07-03,922073.8703040656,0.0,922073.8703040656,0.0,False,liquidate,-0.18441579972004601,9,沪深300;创业板;纳指;黄金;证券ETF;酒ETF;半导体ETF;有色ETF;军工ETF,沪深300;创业板;纳指;黄金,证券ETF;酒ETF;半导体ETF;有色ETF;军工ETF
2020-07-06,922147.0507699628,0.0,922147.0507699628,0.0,False,liquidate,-0.18435107081526184,9,沪深300;创业板;纳指;黄金;证券ETF;酒ETF;半导体ETF;有色ETF;军工ETF,沪深300;创业板;纳指;黄金,证券ETF;酒ETF;半导体ETF;有色ETF;军工ETF
2020-07-07,922220.2370438335,0.0,922220.2370438335,0.0,False,liquidate,-0.18428633677326303,9,沪深300;创业板;纳指;黄金;证券ETF;酒ETF;半导体ETF;有色ETF;军工ETF,沪深300;创业板;纳指;黄金,证券ETF;酒ETF;半导体ETF;有色ETF;军工ETF
2020-07-08,922293.4291261386,0.0,922293.4291261386,0.0,False,liquidate,-0.18422159759364184,9,沪深300;创业板;纳指;黄金;证券ETF;酒ETF;半导体ETF;军工ETF;有色ETF,沪深300;创业板;纳指;黄金,证券ETF;酒ETF;半导体ETF;军工ETF;有色ETF
2020-07-09,922366.6270173391,0.0,922366.6270173391,0.0,False,liquidate,-0.1841568532759905,9,沪深300;创业板;纳指;黄金;证券ETF;半导体ETF;酒ETF;有色ETF;军工ETF,沪深300;创业板;纳指;黄金,证券ETF;半导体ETF;酒ETF;有色ETF;军工ETF
2020-07-10,922439.8307178961,0.0,922439.8307178961,0.0,False,liquidate,-0.18409210381990124,9,沪深300;创业板;纳指;黄金;证券ETF;半导体ETF;酒ETF;军工ETF;有色ETF,沪深300;创业板;纳指;黄金,证券ETF;半导体ETF;酒ETF;军工ETF;有色ETF
2020-07-13,922513.0402282706,0.0,922513.0402282706,0.0,False,liquidate,-0.18402734922496627,9,沪深300;创业板;纳指;黄金;半导体ETF;证券ETF;酒ETF;有色ETF;军工ETF,沪深300;创业板;纳指;黄金,半导体ETF;证券ETF;酒ETF;有色ETF;军工ETF
2020-07-14,922586.2555489236,0.0,922586.2555489236,0.0,False,liquidate,-0.18396258949077776,9,沪深300;创业板;纳指;黄金;半导体ETF;证券ETF;酒ETF;军工ETF;有色ETF,沪深300;创业板;纳指;黄金,半导体ETF;证券ETF;酒ETF;军工ETF;有色ETF
2020-07-15,922659.4766803164,0.0,922659.4766803164,0.0,False,liquidate,-0.18389782461692786,9,沪深300;创业板;纳指;黄金;酒ETF;证券ETF;半导体ETF;军工ETF;有色ETF,沪深300;创业板;纳指;黄金,酒ETF;证券ETF;半导体ETF;军工ETF;有色ETF
2020-07-16,922732.7036229101,0.0,922732.7036229101,0.0,False,liquidate,-0.18383305460300853,9,沪深300;创业板;纳指;黄金;酒ETF;证券ETF;半导体ETF;军工ETF;有色ETF,沪深300;创业板;纳指;黄金,酒ETF;证券ETF;半导体ETF;军工ETF;有色ETF
2020-07-17,922805.936377166,0.0,922805.936377166,0.0,False,liquidate,-0.18376827944861188,9,沪深300;创业板;纳指;黄金;酒ETF;证券ETF;军工ETF;半导体ETF;有色ETF,沪深300;创业板;纳指;黄金,酒ETF;证券ETF;军工ETF;半导体ETF;有色ETF
2020-07-20,922879.1749435451,0.0,922879.1749435451,0.0,False,liquidate,-0.18370349915332998,9,沪深300;创业板;纳指;黄金;军工ETF;酒ETF;证券ETF;半导体ETF;有色ETF,沪深300;创业板;纳指;黄金,军工ETF;酒ETF;证券ETF;半导体ETF;有色ETF
2020-07-21,922952.419322509,0.0,922952.419322509,0.0,False,liquidate,-0.1836387137167548,9,沪深300;创业板;纳指;黄金;酒ETF;证券ETF;军工ETF;有色ETF;半导体ETF,沪深300;创业板;纳指;黄金,酒ETF;证券ETF;军工ETF;有色ETF;半导体ETF
2020-07-22,923025.6695145187,0.0,923025.6695145187,0.0,False,liquidate,-0.18357392313847834,9,沪深300;创业板;纳指;黄金;酒ETF;证券ETF;军工ETF;有色ETF;半导体ETF,沪深300;创业板;纳指;黄金,酒ETF;证券ETF;军工ETF;有色ETF;半导体ETF
2020-07-23,923098.9255200358,0.0,923098.9255200358,0.0,False,liquidate,-0.18350912741809244,9,沪深300;创业板;纳指;黄金;军工ETF;酒ETF;证券ETF;有色ETF;半导体ETF,沪深300;创业板;纳指;黄金,军工ETF;酒ETF;证券ETF;有色ETF;半导体ETF
2020-07-24,923172.1873395216,0.0,923172.1873395216,0.0,False,liquidate,-0.18344432655518905,9,沪深300;创业板;纳指;黄金;军工ETF;酒ETF;证券ETF;有色ETF;半导体ETF,沪深300;创业板;纳指;黄金,军工ETF;酒ETF;证券ETF;有色ETF;半导体ETF
2020-07-27,923245.4549734375,0.0,923245.4549734375,0.0,False,liquidate,-0.18337952054936005,9,沪深300;创业板;纳指;黄金;军工ETF;有色ETF;酒ETF;证券ETF;半导体ETF,沪深300;创业板;纳指;黄金,军工ETF;有色ETF;酒ETF;证券ETF;半导体ETF
2020-07-28,923318.7284222449,0.0,923318.7284222449,0.0,False,liquidate,-0.1833147094001973,9,沪深300;创业板;纳指;黄金;军工ETF;酒ETF;有色ETF;证券ETF;半导体ETF,沪深300;创业板;纳指;黄金,军工ETF;酒ETF;有色ETF;证券ETF;半导体ETF
2020-07-29,923392.0076864054,0.0,923392.0076864054,0.0,False,liquidate,-0.1832498931072925,9,沪深300;创业板;纳指;黄金;军工ETF;酒ETF;有色ETF;证券ETF;半导体ETF,沪深300;创业板;纳指;黄金,军工ETF;酒ETF;有色ETF;证券ETF;半导体ETF
2020-07-30,923465.2927663806,0.0,923465.2927663806,0.0,False,liquidate,-0.1831850716702375,9,沪深300;创业板;纳指;黄金;军工ETF;酒ETF;有色ETF;证券ETF;半导体ETF,沪深300;创业板;纳指;黄金,军工ETF;酒ETF;有色ETF;证券ETF;半导体ETF
2020-07-31,923538.5836626319,0.0,923538.5836626319,0.0,False,liquidate,-0.18312024508862398,9,沪深300;创业板;纳指;黄金;酒ETF;军工ETF;有色ETF;证券ETF;半导体ETF,沪深300;创业板;纳指;黄金,酒ETF;军工ETF;有色ETF;证券ETF;半导体ETF
2020-08-03,923611.880375621,0.0,923611.880375621,0.0,False,liquidate,-0.18305541336204373,9,沪深300;创业板;纳指;黄金;军工ETF;酒ETF;有色ETF;证券ETF;半导体ETF,沪深300;创业板;纳指;黄金,军工ETF;酒ETF;有色ETF;证券ETF;半导体ETF
2020-08-04,923685.1829058096,0.0,923685.1829058096,0.0,False,liquidate,-0.1829905764900883,9,沪深300;创业板;纳指;黄金;酒ETF;军工ETF;有色ETF;证券ETF;半导体ETF,沪深300;创业板;纳指;黄金,酒ETF;军工ETF;有色ETF;证券ETF;半导体ETF
2020-08-05,923758.4912536594,0.0,923758.4912536594,0.0,False,liquidate,-0.18292573447234933,9,沪深300;创业板;纳指;黄金;军工ETF;酒ETF;有色ETF;证券ETF;半导体ETF,沪深300;创业板;纳指;黄金,军工ETF;酒ETF;有色ETF;证券ETF;半导体ETF
2020-08-06,923831.8054196319,0.0,923831.8054196319,0.0,False,liquidate,-0.18286088730841857,9,沪深300;创业板;纳指;黄金;军工ETF;有色ETF;证券ETF;酒ETF;半导体ETF,沪深300;创业板;纳指;黄金,军工ETF;有色ETF;证券ETF;酒ETF;半导体ETF
2020-08-07,923905.125404189,0.0,923905.125404189,0.0,False,liquidate,-0.1827960349978875,9,沪深300;创业板;纳指;黄金;军工ETF;有色ETF;证券ETF;酒ETF;半导体ETF,沪深300;创业板;纳指;黄金,军工ETF;有色ETF;证券ETF;酒ETF;半导体ETF
2020-08-10,923978.4512077925,0.0,923978.4512077925,0.0,False,liquidate,-0.18273117754034762,9,沪深300;创业板;纳指;黄金;军工ETF;有色ETF;证券ETF;酒ETF;半导体ETF,沪深300;创业板;纳指;黄金,军工ETF;有色ETF;证券ETF;酒ETF;半导体ETF
2020-08-11,924051.7828309042,0.0,924051.7828309042,0.0,False,liquidate,-0.1826663149353905,9,沪深300;创业板;纳指;黄金;军工ETF;有色ETF;证券ETF;酒ETF;半导体ETF,沪深300;创业板;纳指;黄金,军工ETF;有色ETF;证券ETF;酒ETF;半导体ETF
2020-08-12,924125.1202739861,0.0,924125.1202739861,0.0,False,liquidate,-0.18260144718260754,9,沪深300;创业板;纳指;黄金;军工ETF;证券ETF;有色ETF;酒ETF;半导体ETF,沪深300;创业板;纳指;黄金,军工ETF;证券ETF;有色ETF;酒ETF;半导体ETF
2020-08-13,924198.4635375,0.0,924198.4635375,0.0,False,liquidate,-0.18253657428159023,9,沪深300;创业板;纳指;黄金;军工ETF;证券ETF;有色ETF;酒ETF;半导体ETF,沪深300;创业板;纳指;黄金,军工ETF;证券ETF;有色ETF;酒ETF;半导体ETF
2020-08-14,924271.8126219078,0.0,924271.8126219078,0.0,False,liquidate,-0.18247169623193,9,沪深300;创业板;纳指;黄金;军工ETF;酒ETF;证券ETF;有色ETF;半导体ETF,沪深300;创业板;纳指;黄金,军工ETF;酒ETF;证券ETF;有色ETF;半导体ETF
2020-08-17,924345.1675276714,0.0,924345.1675276714,0.0,False,liquidate,-0.18240681303321823,9,沪深300;创业板;纳指;黄金;军工ETF;证券ETF;酒ETF;有色ETF;半导体ETF,沪深300;创业板;纳指;黄金,军工ETF;证券ETF;酒ETF;有色ETF;半导体ETF
2020-08-18,924418.528255253,0.0,924418.528255253,0.0,False,liquidate,-0.18234192468504629,9,沪深300;创业板;纳指;黄金;军工ETF;证券ETF;酒ETF;有色ETF;半导体ETF,沪深300;创业板;纳指;黄金,军工ETF;证券ETF;酒ETF;有色ETF;半导体ETF
2020-08-19,924491.8948051146,0.0,924491.8948051146,0.0,False,liquidate,-0.18227703118700533,9,沪深300;创业板;纳指;黄金;军工ETF;酒ETF;证券ETF;有色ETF;半导体ETF,沪深300;创业板;纳指;黄金,军工ETF;酒ETF;证券ETF;有色ETF;半导体ETF
2020-08-20,924565.2671777182,0.0,924565.2671777182,0.0,False,liquidate,-0.18221213253868682,9,沪深300;创业板;纳指;黄金;军工ETF;证券ETF;酒ETF;有色ETF;半导体ETF,沪深300;创业板;纳指;黄金,军工ETF;证券ETF;酒ETF;有色ETF;半导体ETF
2020-08-21,924638.645373526,0.0,924638.645373526,0.0,False,liquidate,-0.1821472287396819,9,沪深300;创业板;纳指;黄金;军工ETF;证券ETF;酒ETF;有色ETF;半导体ETF,沪深300;创业板;纳指;黄金,军工ETF;证券ETF;酒ETF;有色ETF;半导体ETF
2020-08-24,924712.0293930002,0.0,924712.0293930002,0.0,False,liquidate,-0.1820823197895818,9,沪深300;创业板;纳指;黄金;军工ETF;证券ETF;酒ETF;有色ETF;半导体ETF,沪深300;创业板;纳指;黄金,军工ETF;证券ETF;酒ETF;有色ETF;半导体ETF
2020-08-25,924785.4192366028,0.0,924785.4192366028,0.0,False,liquidate,-0.18201740568797778,9,沪深300;创业板;纳指;黄金;酒ETF;军工ETF;证券ETF;有色ETF;半导体ETF,沪深300;创业板;纳指;黄金,酒ETF;军工ETF;证券ETF;有色ETF;半导体ETF
2020-08-26,924858.8149047963,0.0,924858.8149047963,0.0,False,liquidate,-0.18195248643446088,9,沪深300;创业板;纳指;黄金;酒ETF;军工ETF;证券ETF;有色ETF;半导体ETF,沪深300;创业板;纳指;黄金,酒ETF;军工ETF;证券ETF;有色ETF;半导体ETF
2020-08-27,924932.2163980427,0.0,924932.2163980427,0.0,False,liquidate,-0.18188756202862233,9,沪深300;创业板;纳指;黄金;酒ETF;军工ETF;证券ETF;有色ETF;半导体ETF,沪深300;创业板;纳指;黄金,酒ETF;军工ETF;证券ETF;有色ETF;半导体ETF
2020-08-28,925005.6237168045,0.0,925005.6237168045,0.0,False,liquidate,-0.18182263247005312,9,沪深300;创业板;纳指;黄金;酒ETF;证券ETF;军工ETF;有色ETF;半导体ETF,沪深300;创业板;纳指;黄金,酒ETF;证券ETF;军工ETF;有色ETF;半导体ETF
2020-08-31,925079.036861544,0.0,925079.036861544,0.0,False,liquidate,-0.18175769775834436,9,沪深300;创业板;纳指;黄金;酒ETF;军工ETF;证券ETF;有色ETF;半导体ETF,沪深300;创业板;纳指;黄金,酒ETF;军工ETF;证券ETF;有色ETF;半导体ETF
2020-09-01,925152.4558327235,0.0,925152.4558327235,0.0,False,liquidate,-0.18169275789308706,9,沪深300;创业板;纳指;黄金;酒ETF;军工ETF;证券ETF;有色ETF;半导体ETF,沪深300;创业板;纳指;黄金,酒ETF;军工ETF;证券ETF;有色ETF;半导体ETF
2020-09-02,925225.8806308055,0.0,925225.8806308055,0.0,False,liquidate,-0.18162781287387222,9,沪深300;创业板;纳指;黄金;酒ETF;军工ETF;证券ETF;有色ETF;半导体ETF,沪深300;创业板;纳指;黄金,酒ETF;军工ETF;证券ETF;有色ETF;半导体ETF
2020-09-03,925299.3112562525,0.0,925299.3112562525,0.0,False,liquidate,-0.1815628627002907,8,沪深300;纳指;黄金;酒ETF;证券ETF;军工ETF;有色ETF;半导体ETF,沪深300;纳指;黄金,酒ETF;证券ETF;军工ETF;有色ETF;半导体ETF
2020-09-04,925372.7477095268,0.0,925372.7477095268,0.0,False,liquidate,-0.18149790737193358,7,纳指;黄金;酒ETF;证券ETF;军工ETF;有色ETF;半导体ETF,纳指;黄金,酒ETF;证券ETF;军工ETF;有色ETF;半导体ETF
2020-09-07,925446.189991091,0.0,925446.189991091,0.0,False,liquidate,-0.18143294688839168,7,纳指;黄金;酒ETF;证券ETF;军工ETF;有色ETF;半导体ETF,纳指;黄金,酒ETF;证券ETF;军工ETF;有色ETF;半导体ETF
2020-09-08,925519.6381014078,0.0,925519.6381014078,0.0,False,liquidate,-0.18136798124925582,7,纳指;黄金;酒ETF;证券ETF;军工ETF;有色ETF;半导体ETF,纳指;黄金,酒ETF;证券ETF;军工ETF;有色ETF;半导体ETF
2020-09-09,925593.0920409397,0.0,925593.0920409397,0.0,False,liquidate,-0.18130301045411681,8,沪深300;纳指;黄金;酒ETF;证券ETF;军工ETF;有色ETF;半导体ETF,沪深300;纳指;黄金,酒ETF;证券ETF;军工ETF;有色ETF;半导体ETF
2020-09-10,925666.5518101493,0.0,925666.5518101493,0.0,False,liquidate,-0.18123803450256554,8,沪深300;纳指;黄金;酒ETF;证券ETF;有色ETF;军工ETF;半导体ETF,沪深300;纳指;黄金,酒ETF;证券ETF;有色ETF;军工ETF;半导体ETF
2020-09-11,925740.0174094994,0.0,925740.0174094994,0.0,False,liquidate,-0.18117305339419268,7,纳指;黄金;酒ETF;证券ETF;军工ETF;有色ETF;半导体ETF,纳指;黄金,酒ETF;证券ETF;军工ETF;有色ETF;半导体ETF
2020-09-14,925813.4888394525,0.0,925813.4888394525,0.0,False,liquidate,-0.18110806712858907,7,纳指;黄金;酒ETF;有色ETF;证券ETF;军工ETF;半导体ETF,纳指;黄金,酒ETF;有色ETF;证券ETF;军工ETF;半导体ETF
2020-09-15,925886.9661004716,0.0,925886.9661004716,0.0,False,liquidate,-0.18104307570534525,7,纳指;黄金;酒ETF;有色ETF;军工ETF;证券ETF;半导体ETF,纳指;黄金,酒ETF;有色ETF;军工ETF;证券ETF;半导体ETF
2020-09-16,925960.4491930193,0.0,925960.4491930193,0.0,False,liquidate,-0.18097807912405195,7,纳指;黄金;酒ETF;有色ETF;军工ETF;证券ETF;半导体ETF,纳指;黄金,酒ETF;有色ETF;军工ETF;证券ETF;半导体ETF
2020-09-17,926033.9381175585,0.0,926033.9381175585,0.0,False,liquidate,-0.18091307738429985,7,沪深300;纳指;酒ETF;有色ETF;军工ETF;证券ETF;半导体ETF,沪深300;纳指,酒ETF;有色ETF;军工ETF;证券ETF;半导体ETF
2020-09-18,926107.432874552,0.0,926107.432874552,0.0,False,liquidate,-0.18084807048567952,7,沪深300;纳指;酒ETF;证券ETF;有色ETF;军工ETF;半导体ETF,沪深300;纳指,酒ETF;证券ETF;有色ETF;军工ETF;半导体ETF
2020-09-21,926180.9334644626,0.0,926180.9334644626,0.0,False,liquidate,-0.18078305842778158,7,沪深300;纳指;军工ETF;有色ETF;酒ETF;证券ETF;半导体ETF,沪深300;纳指,军工ETF;有色ETF;酒ETF;证券ETF;半导体ETF
2020-09-22,926254.4398877535,0.0,926254.4398877535,0.0,False,liquidate,-0.1807180412101965,6,纳指;军工ETF;证券ETF;有色ETF;酒ETF;半导体ETF,纳指,军工ETF;证券ETF;有色ETF;酒ETF;半导体ETF
2020-09-23,926327.9521448874,0.0,926327.9521448874,0.0,False,liquidate,-0.18065301883251475,6,纳指;军工ETF;证券ETF;有色ETF;酒ETF;半导体ETF,纳指,军工ETF;证券ETF;有色ETF;酒ETF;半导体ETF
2020-09-24,926401.4702363275,0.0,926401.4702363275,0.0,False,liquidate,-0.18058799129432684,6,纳指;军工ETF;证券ETF;有色ETF;酒ETF;半导体ETF,纳指,军工ETF;证券ETF;有色ETF;酒ETF;半导体ETF
2020-09-25,926474.9941625368,0.0,926474.9941625368,0.0,False,liquidate,-0.18052295859522316,6,纳指;军工ETF;证券ETF;酒ETF;有色ETF;半导体ETF,纳指,军工ETF;证券ETF;酒ETF;有色ETF;半导体ETF
2020-09-28,926548.5239239783,0.0,926548.5239239783,0.0,False,liquidate,-0.18045792073479416,6,纳指;证券ETF;酒ETF;军工ETF;有色ETF;半导体ETF,纳指,证券ETF;酒ETF;军工ETF;有色ETF;半导体ETF
2020-09-29,926622.0595211152,0.0,926622.0595211152,0.0,False,liquidate,-0.18039287771263027,6,纳指;军工ETF;证券ETF;酒ETF;有色ETF;半导体ETF,纳指,军工ETF;证券ETF;酒ETF;有色ETF;半导体ETF
2020-09-30,926695.6009544105,0.0,926695.6009544105,0.0,False,liquidate,-0.18032782952832171,6,纳指;军工ETF;证券ETF;酒ETF;有色ETF;半导体ETF,纳指,军工ETF;证券ETF;酒ETF;有色ETF;半导体ETF
2020-10-09,926769.1482243276,0.0,926769.1482243276,0.0,False,liquidate,-0.1802627761814588,7,纳指;军工ETF;证券ETF;酒ETF;创新药ETF;有色ETF;半导体ETF,纳指,军工ETF;证券ETF;酒ETF;创新药ETF;有色ETF;半导体ETF
2020-10-12,926842.7013313295,0.0,926842.7013313295,0.0,False,liquidate,-0.18019771767163195,9,沪深300;创业板;纳指;军工ETF;证券ETF;酒ETF;创新药ETF;半导体ETF;有色ETF,沪深300;创业板;纳指,军工ETF;证券ETF;酒ETF;创新药ETF;半导体ETF;有色ETF
2020-10-13,926916.2602758796,0.0,926916.2602758796,0.0,False,liquidate,-0.18013265399843129,9,沪深300;创业板;纳指;军工ETF;酒ETF;创新药ETF;证券ETF;半导体ETF;有色ETF,沪深300;创业板;纳指,军工ETF;酒ETF;创新药ETF;证券ETF;半导体ETF;有色ETF
2020-10-14,926989.8250584413,0.0,926989.8250584413,0.0,False,liquidate,-0.180067585161447,9,沪深300;创业板;纳指;酒ETF;军工ETF;创新药ETF;半导体ETF;证券ETF;有色ETF,沪深300;创业板;纳指,酒ETF;军工ETF;创新药ETF;半导体ETF;证券ETF;有色ETF
2020-10-15,927063.3956794777,0.0,927063.3956794777,0.0,False,liquidate,-0.18000251116026925,9,沪深300;创业板;纳指;军工ETF;酒ETF;创新药ETF;半导体ETF;证券ETF;有色ETF,沪深300;创业板;纳指,军工ETF;酒ETF;创新药ETF;半导体ETF;证券ETF;有色ETF
2020-10-16,927136.9721394524,369020.0831850503,558116.8889544021,0.38574572255908984,False,halve,-0.17993743199448828,9,沪深300;创业板;纳指;军工ETF;证券ETF;酒ETF;创新药ETF;半导体ETF;有色ETF,沪深300;创业板;纳指,军工ETF;证券ETF;酒ETF;创新药ETF;半导体ETF;有色ETF
2020-10-19,923400.9883887214,0.0,923400.9883887214,0.0,False,liquidate,-0.18324194958004142,7,纳指;军工ETF;酒ETF;创新药ETF;证券ETF;半导体ETF;有色ETF,纳指,军工ETF;酒ETF;创新药ETF;证券ETF;半导体ETF;有色ETF
2020-10-20,923474.2741814507,0.0,923474.2741814507,0.0,True,liquidate,-0.1831771275125477,0,,创业板;纳指,酒ETF;军工ETF;证券ETF;创新药ETF;半导体ETF;有色ETF
2020-10-21,923474.2741814507,0.0,923474.2741814507,0.0,True,liquidate,-0.1831771275125477,0,,沪深300;创业板;纳指,酒ETF;军工ETF;创新药ETF;证券ETF;有色ETF;半导体ETF
2020-10-22,923474.2741814507,0.0,923474.2741814507,0.0,True,liquidate,-0.1831771275125477,0,,沪深300;创业板;纳指,酒ETF;证券ETF;创新药ETF;军工ETF;有色ETF;半导体ETF
2020-10-23,923474.2741814507,0.0,923474.2741814507,0.0,True,liquidate,-0.1831771275125477,0,,沪深300;纳指,酒ETF;证券ETF;军工ETF;创新药ETF;有色ETF;半导体ETF
2020-10-26,923474.2741814507,0.0,923474.2741814507,0.0,True,liquidate,-0.1831771275125477,0,,纳指,酒ETF;创新药ETF;军工ETF;证券ETF;有色ETF;半导体ETF
2020-10-27,923474.2741814507,0.0,923474.2741814507,0.0,True,liquidate,-0.1831771275125477,0,,国债ETF,酒ETF;创新药ETF;军工ETF;有色ETF;证券ETF;半导体ETF
2020-10-28,923474.2741814507,0.0,923474.2741814507,0.0,True,liquidate,-0.1831771275125477,0,,沪深300;创业板;国债ETF,酒ETF;有色ETF;军工ETF;创新药ETF;证券ETF;半导体ETF
2020-10-29,923474.2741814507,0.0,923474.2741814507,0.0,True,liquidate,-0.1831771275125477,0,,沪深300;创业板;国债ETF,酒ETF;有色ETF;创新药ETF;军工ETF;证券ETF;半导体ETF
2020-10-30,923474.2741814507,0.0,923474.2741814507,0.0,True,liquidate,-0.1831771275125477,0,,国债ETF,酒ETF;有色ETF;军工ETF;创新药ETF;半导体ETF;证券ETF
2020-11-02,923474.2741814507,0.0,923474.2741814507,0.0,True,liquidate,-0.1831771275125477,0,,国债ETF,酒ETF;有色ETF;半导体ETF;创新药ETF;军工ETF;证券ETF
2020-11-03,923474.2741814507,0.0,923474.2741814507,0.0,True,liquidate,-0.1831771275125477,0,,国债ETF,酒ETF;有色ETF;半导体ETF;创新药ETF;军工ETF;证券ETF
2020-11-04,923474.2741814507,0.0,923474.2741814507,0.0,True,liquidate,-0.1831771275125477,0,,国债ETF,酒ETF;有色ETF;半导体ETF;创新药ETF;军工ETF;证券ETF
2020-11-05,923474.2741814507,0.0,923474.2741814507,0.0,True,liquidate,-0.1831771275125477,0,,沪深300;创业板;国债ETF,酒ETF;有色ETF;创新药ETF;半导体ETF;证券ETF;军工ETF
2020-11-06,923474.2741814507,0.0,923474.2741814507,0.0,True,liquidate,-0.1831771275125477,0,,沪深300;国债ETF,酒ETF;有色ETF;半导体ETF;证券ETF;创新药ETF;军工ETF
2020-11-09,923474.2741814507,0.0,923474.2741814507,0.0,True,liquidate,-0.1831771275125477,0,,沪深300;创业板;纳指;国债ETF,酒ETF;有色ETF;半导体ETF;证券ETF;创新药ETF;军工ETF
2020-11-10,923474.2741814507,0.0,923474.2741814507,0.0,True,liquidate,-0.1831771275125477,0,,沪深300;创业板;国债ETF,酒ETF;有色ETF;半导体ETF;证券ETF;创新药ETF;军工ETF
2020-11-11,923474.2741814507,0.0,923474.2741814507,0.0,True,liquidate,-0.1831771275125477,0,,沪深300;创业板;国债ETF,酒ETF;有色ETF;半导体ETF;证券ETF;创新药ETF;军工ETF
2020-11-12,923474.2741814507,0.0,923474.2741814507,0.0,True,liquidate,-0.1831771275125477,0,,沪深300;创业板,酒ETF;有色ETF;半导体ETF;证券ETF;创新药ETF;军工ETF
2020-11-13,923474.2741814507,0.0,923474.2741814507,0.0,True,liquidate,-0.1831771275125477,0,,沪深300;创业板,酒ETF;有色ETF;半导体ETF;创新药ETF;证券ETF;军工ETF
2020-11-16,923474.2741814507,0.0,923474.2741814507,0.0,True,liquidate,-0.1831771275125477,0,,沪深300;创业板;国债ETF,酒ETF;有色ETF;半导体ETF;创新药ETF;证券ETF;军工ETF
2020-11-17,923474.2741814507,0.0,923474.2741814507,0.0,True,liquidate,-0.1831771275125477,0,,沪深300;创业板,酒ETF;有色ETF;半导体ETF;证券ETF;创新药ETF;军工ETF
2020-11-18,923474.2741814507,0.0,923474.2741814507,0.0,True,liquidate,-0.1831771275125477,0,,沪深300;创业板,酒ETF;有色ETF;半导体ETF;证券ETF;军工ETF;创新药ETF
2020-11-19,923474.2741814507,0.0,923474.2741814507,0.0,True,liquidate,-0.1831771275125477,0,,沪深300;创业板,酒ETF;有色ETF;半导体ETF;军工ETF;证券ETF;创新药ETF
2020-11-20,923474.2741814507,0.0,923474.2741814507,0.0,True,liquidate,-0.1831771275125477,0,,沪深300;创业板,酒ETF;有色ETF;半导体ETF;军工ETF;证券ETF;创新药ETF
2020-11-23,923474.2741814507,0.0,923474.2741814507,0.0,True,liquidate,-0.1831771275125477,0,,沪深300;创业板,酒ETF;有色ETF;半导体ETF;证券ETF;军工ETF;创新药ETF
2020-11-24,923474.2741814507,0.0,923474.2741814507,0.0,True,liquidate,-0.1831771275125477,0,,沪深300;创业板,有色ETF;酒ETF;半导体ETF;军工ETF;证券ETF;创新药ETF
2020-11-25,923474.2741814507,0.0,923474.2741814507,0.0,True,liquidate,-0.1831771275125477,0,,沪深300;创业板,有色ETF;酒ETF;半导体ETF;军工ETF;证券ETF;创新药ETF
2020-11-26,923474.2741814507,0.0,923474.2741814507,0.0,True,liquidate,-0.1831771275125477,0,,沪深300;创业板,有色ETF;酒ETF;半导体ETF;军工ETF;证券ETF;创新药ETF
2020-11-27,923474.2741814507,0.0,923474.2741814507,0.0,True,liquidate,-0.1831771275125477,0,,沪深300;创业板,有色ETF;酒ETF;军工ETF;半导体ETF;证券ETF;创新药ETF
2020-11-30,923474.2741814507,0.0,923474.2741814507,0.0,True,liquidate,-0.1831771275125477,0,,沪深300;创业板,有色ETF;酒ETF;军工ETF;半导体ETF;证券ETF;创新药ETF
2020-12-01,923474.2741814507,0.0,923474.2741814507,0.0,True,liquidate,-0.1831771275125477,0,,沪深300;创业板,有色ETF;酒ETF;证券ETF;半导体ETF;军工ETF;创新药ETF
2020-12-02,923474.2741814507,0.0,923474.2741814507,0.0,True,liquidate,-0.1831771275125477,0,,沪深300;创业板,有色ETF;酒ETF;半导体ETF;证券ETF;军工ETF;创新药ETF
2020-12-03,923474.2741814507,0.0,923474.2741814507,0.0,True,liquidate,-0.1831771275125477,0,,沪深300;创业板;国债ETF,有色ETF;酒ETF;证券ETF;军工ETF;半导体ETF;创新药ETF
2020-12-04,923474.2741814507,0.0,923474.2741814507,0.0,True,liquidate,-0.1831771275125477,0,,沪深300;国债ETF,酒ETF;有色ETF;军工ETF;证券ETF;半导体ETF;创新药ETF
2020-12-07,923474.2741814507,0.0,923474.2741814507,0.0,True,liquidate,-0.1831771275125477,0,,沪深300;国债ETF,有色ETF;酒ETF;军工ETF;半导体ETF;证券ETF;创新药ETF
2020-12-08,923474.2741814507,0.0,923474.2741814507,0.0,True,liquidate,-0.1831771275125477,0,,沪深300;国债ETF,酒ETF;有色ETF;军工ETF;半导体ETF;证券ETF;创新药ETF
2020-12-09,923474.2741814507,0.0,923474.2741814507,0.0,False,liquidate,-0.1831771275125477,8,沪深300;国债ETF;有色ETF;酒ETF;军工ETF;半导体ETF;证券ETF;创新药ETF,沪深300;国债ETF,有色ETF;酒ETF;军工ETF;半导体ETF;证券ETF;创新药ETF
2020-12-10,923547.5657905128,0.0,923547.5657905128,0.0,False,liquidate,-0.18311230030044542,8,沪深300;国债ETF;酒ETF;有色ETF;军工ETF;半导体ETF;证券ETF;创新药ETF,沪深300;国债ETF,酒ETF;有色ETF;军工ETF;半导体ETF;证券ETF;创新药ETF
2020-12-11,923620.8632163693,0.0,923620.8632163693,0.0,False,liquidate,-0.18304746794332635,8,沪深300;创业板;酒ETF;军工ETF;有色ETF;半导体ETF;证券ETF;创新药ETF,沪深300;创业板,酒ETF;军工ETF;有色ETF;半导体ETF;证券ETF;创新药ETF
2020-12-14,923694.1664594817,0.0,923694.1664594817,0.0,False,liquidate,-0.18298263044078217,7,沪深300;酒ETF;军工ETF;有色ETF;半导体ETF;创新药ETF;证券ETF,沪深300,酒ETF;军工ETF;有色ETF;半导体ETF;创新药ETF;证券ETF
2020-12-15,923767.4755203119,0.0,923767.4755203119,0.0,False,liquidate,-0.18291778779240442,8,沪深300;创业板;酒ETF;军工ETF;有色ETF;创新药ETF;半导体ETF;证券ETF,沪深300;创业板,酒ETF;军工ETF;有色ETF;创新药ETF;半导体ETF;证券ETF
2020-12-16,923840.7903993215,0.0,923840.7903993215,0.0,False,liquidate,-0.1828529399977847,8,沪深300;创业板;酒ETF;有色ETF;创新药ETF;军工ETF;半导体ETF;证券ETF,沪深300;创业板,酒ETF;有色ETF;创新药ETF;军工ETF;半导体ETF;证券ETF
2020-12-17,923914.1110969723,0.0,923914.1110969723,0.0,False,liquidate,-0.18278808705651467,8,沪深300;创业板;酒ETF;创新药ETF;有色ETF;军工ETF;证券ETF;半导体ETF,沪深300;创业板,酒ETF;创新药ETF;有色ETF;军工ETF;证券ETF;半导体ETF
2020-12-18,923987.437613726,0.0,923987.437613726,0.0,False,liquidate,-0.18272322896818577,8,沪深300;创业板;酒ETF;创新药ETF;有色ETF;军工ETF;半导体ETF;证券ETF,沪深300;创业板,酒ETF;创新药ETF;有色ETF;军工ETF;半导体ETF;证券ETF
2020-12-21,924060.7699500446,0.0,924060.7699500446,0.0,False,liquidate,-0.18265836573238958,8,沪深300;创业板;酒ETF;创新药ETF;有色ETF;军工ETF;半导体ETF;证券ETF,沪深300;创业板,酒ETF;创新药ETF;有色ETF;军工ETF;半导体ETF;证券ETF
2020-12-22,924134.1081063899,0.0,924134.1081063899,0.0,False,liquidate,-0.18259349734871752,9,沪深300;创业板;国债ETF;酒ETF;创新药ETF;有色ETF;军工ETF;半导体ETF;证券ETF,沪深300;创业板;国债ETF,酒ETF;创新药ETF;有色ETF;军工ETF;半导体ETF;证券ETF
2020-12-23,924207.4520832237,0.0,924207.4520832237,0.0,False,liquidate,-0.18252862381676105,10,沪深300;创业板;纳指;国债ETF;酒ETF;创新药ETF;有色ETF;军工ETF;半导体ETF;证券ETF,沪深300;创业板;纳指;国债ETF,酒ETF;创新药ETF;有色ETF;军工ETF;半导体ETF;证券ETF
2020-12-24,924280.8018810082,0.0,924280.8018810082,0.0,False,liquidate,-0.1824637451361115,10,沪深300;创业板;纳指;国债ETF;酒ETF;有色ETF;创新药ETF;军工ETF;半导体ETF;证券ETF,沪深300;创业板;纳指;国债ETF,酒ETF;有色ETF;创新药ETF;军工ETF;半导体ETF;证券ETF
2020-12-25,924354.1575002051,0.0,924354.1575002051,0.0,False,liquidate,-0.1823988613063604,10,沪深300;创业板;纳指;国债ETF;酒ETF;有色ETF;创新药ETF;军工ETF;半导体ETF;证券ETF,沪深300;创业板;纳指;国债ETF,酒ETF;有色ETF;创新药ETF;军工ETF;半导体ETF;证券ETF
2020-12-28,924427.5189412766,0.0,924427.5189412766,0.0,False,liquidate,-0.18233397232709897,8,沪深300;创业板;酒ETF;有色ETF;军工ETF;创新药ETF;半导体ETF;证券ETF,沪深300;创业板,酒ETF;有色ETF;军工ETF;创新药ETF;半导体ETF;证券ETF
2020-12-29,924500.8862046846,0.0,924500.8862046846,0.0,False,liquidate,-0.18226907819791857,8,沪深300;创业板;酒ETF;有色ETF;军工ETF;创新药ETF;半导体ETF;证券ETF,沪深300;创业板,酒ETF;有色ETF;军工ETF;创新药ETF;半导体ETF;证券ETF
2020-12-30,924574.2592908914,0.0,924574.2592908914,0.0,False,liquidate,-0.18220417891841048,9,沪深300;创业板;国债ETF;酒ETF;有色ETF;军工ETF;创新药ETF;半导体ETF;证券ETF,沪深300;创业板;国债ETF,酒ETF;有色ETF;军工ETF;创新药ETF;半导体ETF;证券ETF
2020-12-31,924647.638200359,0.0,924647.638200359,0.0,False,liquidate,-0.18213927448816583,9,沪深300;创业板;国债ETF;酒ETF;有色ETF;军工ETF;创新药ETF;证券ETF;半导体ETF,沪深300;创业板;国债ETF,酒ETF;有色ETF;军工ETF;创新药ETF;证券ETF;半导体ETF
2021-01-04,924721.0229335495,0.0,924721.0229335495,0.0,False,liquidate,-0.182074364906776,9,沪深300;创业板;国债ETF;酒ETF;有色ETF;军工ETF;创新药ETF;证券ETF;半导体ETF,沪深300;创业板;国债ETF,酒ETF;有色ETF;军工ETF;创新药ETF;证券ETF;半导体ETF
2021-01-05,924794.4134909252,0.0,924794.4134909252,0.0,True,liquidate,-0.18200945017383202,0,,沪深300;创业板;黄金;国债ETF,酒ETF;有色ETF;军工ETF;创新药ETF;半导体ETF;证券ETF
2021-01-06,924794.4134909252,0.0,924794.4134909252,0.0,True,liquidate,-0.18200945017383202,0,,沪深300;创业板;黄金;国债ETF,酒ETF;军工ETF;有色ETF;创新药ETF;半导体ETF;证券ETF
2021-01-07,924794.4134909252,0.0,924794.4134909252,0.0,True,liquidate,-0.18200945017383202,0,,沪深300;创业板;黄金;国债ETF,酒ETF;有色ETF;军工ETF;创新药ETF;证券ETF;半导体ETF
2021-01-08,924794.4134909252,0.0,924794.4134909252,0.0,True,liquidate,-0.18200945017383202,0,,沪深300;创业板;国债ETF,酒ETF;有色ETF;军工ETF;创新药ETF;证券ETF;半导体ETF
2021-01-11,924794.4134909252,0.0,924794.4134909252,0.0,True,liquidate,-0.18200945017383202,0,,沪深300;创业板;国债ETF,有色ETF;酒ETF;军工ETF;创新药ETF;半导体ETF;证券ETF
2021-01-12,924794.4134909252,0.0,924794.4134909252,0.0,True,liquidate,-0.18200945017383202,0,,沪深300;创业板;国债ETF,酒ETF;有色ETF;军工ETF;证券ETF;创新药ETF;半导体ETF
2021-01-13,924794.4134909252,0.0,924794.4134909252,0.0,True,liquidate,-0.18200945017383202,0,,沪深300;创业板;国债ETF,军工ETF;有色ETF;酒ETF;半导体ETF;证券ETF;创新药ETF
2021-01-14,924794.4134909252,0.0,924794.4134909252,0.0,True,liquidate,-0.18200945017383202,0,,沪深300;创业板;纳指;国债ETF,军工ETF;酒ETF;有色ETF;半导体ETF;证券ETF;创新药ETF
2021-01-15,924794.4134909252,0.0,924794.4134909252,0.0,True,liquidate,-0.18200945017383202,0,,沪深300;创业板;国债ETF,军工ETF;有色ETF;酒ETF;半导体ETF;证券ETF;创新药ETF
2021-01-18,924794.4134909252,0.0,924794.4134909252,0.0,True,liquidate,-0.18200945017383202,0,,沪深300;创业板;国债ETF,军工ETF;有色ETF;酒ETF;半导体ETF;证券ETF;创新药ETF
2021-01-19,924794.4134909252,0.0,924794.4134909252,0.0,True,liquidate,-0.18200945017383202,0,,沪深300;创业板;纳指;黄金;国债ETF,军工ETF;有色ETF;半导体ETF;酒ETF;证券ETF;创新药ETF
2021-01-20,924794.4134909252,0.0,924794.4134909252,0.0,True,liquidate,-0.18200945017383202,0,,沪深300;创业板;纳指;黄金;国债ETF,有色ETF;军工ETF;半导体ETF;酒ETF;证券ETF;创新药ETF
2021-01-21,924794.4134909252,0.0,924794.4134909252,0.0,True,liquidate,-0.18200945017383202,0,,沪深300;创业板;纳指;黄金;国债ETF,有色ETF;军工ETF;酒ETF;半导体ETF;证券ETF;创新药ETF
2021-01-22,924794.4134909252,0.0,924794.4134909252,0.0,True,liquidate,-0.18200945017383202,0,,沪深300;创业板;纳指;黄金;国债ETF,有色ETF;军工ETF;酒ETF;半导体ETF;创新药ETF;证券ETF
2021-01-25,924794.4134909252,0.0,924794.4134909252,0.0,True,liquidate,-0.18200945017383202,0,,沪深300;创业板;纳指;黄金;国债ETF,有色ETF;军工ETF;酒ETF;创新药ETF;半导体ETF;证券ETF
2021-01-26,924794.4134909252,0.0,924794.4134909252,0.0,True,liquidate,-0.18200945017383202,0,,沪深300;创业板;纳指;黄金;国债ETF,有色ETF;酒ETF;创新药ETF;军工ETF;半导体ETF;证券ETF
2021-01-27,924794.4134909252,0.0,924794.4134909252,0.0,True,liquidate,-0.18200945017383202,0,,沪深300;创业板;纳指;黄金;国债ETF,有色ETF;酒ETF;创新药ETF;半导体ETF;军工ETF;证券ETF
2021-01-28,924794.4134909252,0.0,924794.4134909252,0.0,True,liquidate,-0.18200945017383202,0,,沪深300;创业板;黄金;国债ETF,有色ETF;酒ETF;创新药ETF;军工ETF;半导体ETF;证券ETF
2021-01-29,924794.4134909252,0.0,924794.4134909252,0.0,True,liquidate,-0.18200945017383202,0,,沪深300;创业板;黄金;国债ETF,有色ETF;酒ETF;创新药ETF;半导体ETF;证券ETF;军工ETF
2021-02-01,924794.4134909252,0.0,924794.4134909252,0.0,True,liquidate,-0.18200945017383202,0,,沪深300;创业板;纳指;黄金;国债ETF,有色ETF;创新药ETF;酒ETF;证券ETF;军工ETF;半导体ETF
2021-02-02,924794.4134909252,0.0,924794.4134909252,0.0,True,liquidate,-0.18200945017383202,0,,沪深300;创业板;纳指;国债ETF,有色ETF;创新药ETF;酒ETF;半导体ETF;证券ETF;军工ETF
2021-02-03,924794.4134909252,0.0,924794.4134909252,0.0,True,liquidate,-0.18200945017383202,0,,沪深300;创业板;纳指;国债ETF,有色ETF;创新药ETF;酒ETF;半导体ETF;证券ETF;军工ETF
2021-02-04,924794.4134909252,0.0,924794.4134909252,0.0,True,liquidate,-0.18200945017383202,0,,沪深300;创业板;纳指;国债ETF,酒ETF;创新药ETF;有色ETF;半导体ETF;军工ETF;证券ETF
2021-02-05,924794.4134909252,0.0,924794.4134909252,0.0,True,liquidate,-0.18200945017383202,0,,沪深300;创业板;纳指;国债ETF,酒ETF;创新药ETF;有色ETF;证券ETF;军工ETF;半导体ETF
2021-02-08,924794.4134909252,0.0,924794.4134909252,0.0,True,liquidate,-0.18200945017383202,0,,沪深300;纳指;国债ETF,酒ETF;创新药ETF;有色ETF;半导体ETF;军工ETF;证券ETF
2021-02-09,924794.4134909252,0.0,924794.4134909252,0.0,True,liquidate,-0.18200945017383202,0,,沪深300;创业板;纳指;国债ETF,创新药ETF;酒ETF;有色ETF;军工ETF;证券ETF;半导体ETF
2021-02-10,924794.4134909252,0.0,924794.4134909252,0.0,True,liquidate,-0.18200945017383202,0,,沪深300;创业板;纳指;国债ETF,酒ETF;创新药ETF;有色ETF;军工ETF;证券ETF;半导体ETF
2021-02-18,924794.4134909252,0.0,924794.4134909252,0.0,True,liquidate,-0.18200945017383202,0,,沪深300;创业板;纳指;国债ETF,有色ETF;酒ETF;创新药ETF;军工ETF;半导体ETF;证券ETF
2021-02-19,924794.4134909252,0.0,924794.4134909252,0.0,True,liquidate,-0.18200945017383202,0,,沪深300;创业板;纳指;国债ETF,有色ETF;酒ETF;创新药ETF;军工ETF;证券ETF;半导体ETF
2021-02-22,924794.4134909252,0.0,924794.4134909252,0.0,True,liquidate,-0.18200945017383202,0,,沪深300;创业板;纳指;国债ETF,有色ETF;酒ETF;创新药ETF;军工ETF;证券ETF;半导体ETF
2021-02-23,924794.4134909252,0.0,924794.4134909252,0.0,True,liquidate,-0.18200945017383202,0,,沪深300;创业板;纳指;国债ETF,有色ETF;酒ETF;创新药ETF;军工ETF;证券ETF;半导体ETF
2021-02-24,924794.4134909252,0.0,924794.4134909252,0.0,True,liquidate,-0.18200945017383202,0,,沪深300;创业板;纳指;国债ETF,有色ETF;创新药ETF;酒ETF;军工ETF;半导体ETF;证券ETF
2021-02-25,924794.4134909252,0.0,924794.4134909252,0.0,True,liquidate,-0.18200945017383202,0,,沪深300;创业板;纳指;国债ETF,有色ETF;酒ETF;创新药ETF;军工ETF;半导体ETF;证券ETF
2021-02-26,924794.4134909252,0.0,924794.4134909252,0.0,True,liquidate,-0.18200945017383202,0,,沪深300;创业板;国债ETF,有色ETF;创新药ETF;酒ETF;军工ETF;证券ETF;半导体ETF
2021-03-01,924794.4134909252,0.0,924794.4134909252,0.0,True,liquidate,-0.18200945017383202,0,,沪深300;创业板;国债ETF,有色ETF;创新药ETF;军工ETF;酒ETF;半导体ETF;证券ETF
2021-03-02,924794.4134909252,0.0,924794.4134909252,0.0,True,liquidate,-0.18200945017383202,0,,沪深300;创业板;纳指;国债ETF,有色ETF;创新药ETF;军工ETF;半导体ETF;酒ETF;证券ETF
2021-03-03,924794.4134909252,0.0,924794.4134909252,0.0,True,liquidate,-0.18200945017383202,0,,沪深300;创业板;国债ETF,有色ETF;创新药ETF;酒ETF;军工ETF;半导体ETF;证券ETF
2021-03-04,924794.4134909252,0.0,924794.4134909252,0.0,True,liquidate,-0.18200945017383202,0,,国债ETF,有色ETF;军工ETF;创新药ETF;半导体ETF;酒ETF;证券ETF
2021-03-05,924794.4134909252,0.0,924794.4134909252,0.0,True,liquidate,-0.18200945017383202,0,,国债ETF,有色ETF;军工ETF;创新药ETF;半导体ETF;酒ETF;证券ETF
2021-03-08,924794.4134909252,0.0,924794.4134909252,0.0,True,liquidate,-0.18200945017383202,0,,国债ETF,有色ETF;创新药ETF;证券ETF;军工ETF;半导体ETF;酒ETF
2021-03-09,924794.4134909252,0.0,924794.4134909252,0.0,True,liquidate,-0.18200945017383202,0,,国债ETF,有色ETF;证券ETF;创新药ETF;军工ETF;半导体ETF;酒ETF
2021-03-10,924794.4134909252,0.0,924794.4134909252,0.0,True,liquidate,-0.18200945017383202,0,,纳指;国债ETF,有色ETF;创新药ETF;证券ETF;军工ETF;半导体ETF;酒ETF
2021-03-11,924794.4134909252,0.0,924794.4134909252,0.0,True,liquidate,-0.18200945017383202,0,,国债ETF,有色ETF;创新药ETF;证券ETF;军工ETF;半导体ETF;酒ETF
2021-03-12,924794.4134909252,0.0,924794.4134909252,0.0,True,liquidate,-0.18200945017383202,0,,国债ETF,有色ETF;证券ETF;创新药ETF;军工ETF;半导体ETF;酒ETF
2021-03-15,924794.4134909252,0.0,924794.4134909252,0.0,True,liquidate,-0.18200945017383202,0,,纳指;国债ETF,有色ETF;证券ETF;创新药ETF;军工ETF;半导体ETF;酒ETF
2021-03-16,924794.4134909252,0.0,924794.4134909252,0.0,True,liquidate,-0.18200945017383202,0,,纳指,有色ETF;证券ETF;军工ETF;创新药ETF;半导体ETF;酒ETF
2021-03-17,924794.4134909252,0.0,924794.4134909252,0.0,True,liquidate,-0.18200945017383202,0,,纳指,有色ETF;证券ETF;军工ETF;创新药ETF;半导体ETF;酒ETF
2021-03-18,924794.4134909252,0.0,924794.4134909252,0.0,True,liquidate,-0.18200945017383202,0,,纳指,有色ETF;创新药ETF;军工ETF;证券ETF;半导体ETF;酒ETF
2021-03-19,924794.4134909252,0.0,924794.4134909252,0.0,True,liquidate,-0.18200945017383202,0,,纳指,军工ETF;创新药ETF;有色ETF;证券ETF;酒ETF;半导体ETF
2021-03-22,924794.4134909252,0.0,924794.4134909252,0.0,True,liquidate,-0.18200945017383202,0,,纳指;国债ETF,证券ETF;创新药ETF;有色ETF;军工ETF;酒ETF;半导体ETF
2021-03-23,924794.4134909252,0.0,924794.4134909252,0.0,True,liquidate,-0.18200945017383202,0,,纳指,证券ETF;创新药ETF;有色ETF;军工ETF;酒ETF;半导体ETF
2021-03-24,924794.4134909252,0.0,924794.4134909252,0.0,True,liquidate,-0.18200945017383202,0,,,证券ETF;创新药ETF;酒ETF;有色ETF;军工ETF;半导体ETF
2021-03-25,924794.4134909252,0.0,924794.4134909252,0.0,True,liquidate,-0.18200945017383202,0,,国债ETF,创新药ETF;证券ETF;酒ETF;有色ETF;军工ETF;半导体ETF
2021-03-26,924794.4134909252,0.0,924794.4134909252,0.0,True,liquidate,-0.18200945017383202,0,,,创新药ETF;酒ETF;证券ETF;有色ETF;军工ETF
2021-03-29,924794.4134909252,0.0,924794.4134909252,0.0,True,liquidate,-0.18200945017383202,0,,国债ETF,创新药ETF;酒ETF;证券ETF;有色ETF;军工ETF;半导体ETF
2021-03-30,924794.4134909252,0.0,924794.4134909252,0.0,True,liquidate,-0.18200945017383202,0,,国债ETF,创新药ETF;有色ETF;酒ETF;证券ETF;军工ETF;半导体ETF
2021-03-31,924794.4134909252,0.0,924794.4134909252,0.0,True,liquidate,-0.18200945017383202,0,,国债ETF,创新药ETF;酒ETF;有色ETF;证券ETF;军工ETF;半导体ETF
2021-04-01,924794.4134909252,0.0,924794.4134909252,0.0,True,liquidate,-0.18200945017383202,0,,纳指;国债ETF,创新药ETF;酒ETF;有色ETF;证券ETF;军工ETF;半导体ETF
2021-04-02,924794.4134909252,0.0,924794.4134909252,0.0,True,liquidate,-0.18200945017383202,0,,纳指;国债ETF,创新药ETF;酒ETF;有色ETF;证券ETF;军工ETF;半导体ETF
2021-04-06,924794.4134909252,0.0,924794.4134909252,0.0,True,liquidate,-0.18200945017383202,0,,纳指;国债ETF,创新药ETF;酒ETF;有色ETF;证券ETF;军工ETF;半导体ETF
2021-04-07,924794.4134909252,0.0,924794.4134909252,0.0,True,liquidate,-0.18200945017383202,0,,纳指;国债ETF,创新药ETF;有色ETF;酒ETF;证券ETF;军工ETF;半导体ETF
2021-04-08,924794.4134909252,0.0,924794.4134909252,0.0,True,liquidate,-0.18200945017383202,0,,纳指;国债ETF,创新药ETF;酒ETF;有色ETF;证券ETF;军工ETF;半导体ETF
2021-04-09,924794.4134909252,0.0,924794.4134909252,0.0,True,liquidate,-0.18200945017383202,0,,纳指;国债ETF,创新药ETF;有色ETF;酒ETF;证券ETF;军工ETF;半导体ETF
2021-04-12,924794.4134909252,0.0,924794.4134909252,0.0,True,liquidate,-0.18200945017383202,0,,纳指;国债ETF,创新药ETF;酒ETF;有色ETF;证券ETF;军工ETF;半导体ETF
2021-04-13,924794.4134909252,0.0,924794.4134909252,0.0,True,liquidate,-0.18200945017383202,0,,纳指;国债ETF,创新药ETF;酒ETF;有色ETF;证券ETF;军工ETF;半导体ETF
2021-04-14,924794.4134909252,0.0,924794.4134909252,0.0,True,liquidate,-0.18200945017383202,0,,纳指;国债ETF,创新药ETF;酒ETF;有色ETF;证券ETF;军工ETF;半导体ETF
2021-04-15,924794.4134909252,0.0,924794.4134909252,0.0,True,liquidate,-0.18200945017383202,0,,纳指;国债ETF,创新药ETF;酒ETF;有色ETF;证券ETF;军工ETF;半导体ETF
2021-04-16,924794.4134909252,0.0,924794.4134909252,0.0,True,liquidate,-0.18200945017383202,0,,纳指;黄金;国债ETF,酒ETF;创新药ETF;有色ETF;证券ETF;军工ETF;半导体ETF
2021-04-19,924794.4134909252,0.0,924794.4134909252,0.0,True,liquidate,-0.18200945017383202,0,,纳指;国债ETF,酒ETF;创新药ETF;有色ETF;证券ETF;军工ETF;半导体ETF
2021-04-20,924794.4134909252,0.0,924794.4134909252,0.0,True,liquidate,-0.18200945017383202,0,,纳指;国债ETF,酒ETF;创新药ETF;有色ETF;证券ETF;军工ETF;半导体ETF
2021-04-21,924794.4134909252,0.0,924794.4134909252,0.0,True,liquidate,-0.18200945017383202,0,,纳指;国债ETF,酒ETF;创新药ETF;有色ETF;证券ETF;军工ETF;半导体ETF
2021-04-22,924794.4134909252,0.0,924794.4134909252,0.0,True,liquidate,-0.18200945017383202,0,,纳指;黄金;国债ETF,酒ETF;创新药ETF;有色ETF;证券ETF;军工ETF;半导体ETF
2021-04-23,924794.4134909252,0.0,924794.4134909252,0.0,True,liquidate,-0.18200945017383202,0,,创业板;纳指;黄金;国债ETF,酒ETF;创新药ETF;有色ETF;证券ETF;军工ETF;半导体ETF
2021-04-26,924794.4134909252,0.0,924794.4134909252,0.0,True,liquidate,-0.18200945017383202,0,,纳指;黄金;国债ETF,创新药ETF;有色ETF;酒ETF;半导体ETF;证券ETF;军工ETF
2021-04-27,924794.4134909252,0.0,924794.4134909252,0.0,True,liquidate,-0.18200945017383202,0,,创业板;纳指;黄金;国债ETF,创新药ETF;酒ETF;有色ETF;证券ETF;半导体ETF;军工ETF
2021-04-28,924794.4134909252,0.0,924794.4134909252,0.0,True,liquidate,-0.18200945017383202,0,,创业板;纳指;黄金;国债ETF,酒ETF;创新药ETF;有色ETF;证券ETF;半导体ETF;军工ETF
2021-04-29,924794.4134909252,0.0,924794.4134909252,0.0,True,liquidate,-0.18200945017383202,0,,创业板;纳指;黄金;国债ETF,酒ETF;创新药ETF;有色ETF;证券ETF;半导体ETF;军工ETF
2021-04-30,924794.4134909252,0.0,924794.4134909252,0.0,True,liquidate,-0.18200945017383202,0,,创业板;纳指;黄金;国债ETF,创新药ETF;有色ETF;酒ETF;证券ETF;军工ETF;半导体ETF
2021-05-06,924794.4134909252,0.0,924794.4134909252,0.0,True,liquidate,-0.18200945017383202,0,,创业板;纳指;黄金;国债ETF,有色ETF;创新药ETF;酒ETF;证券ETF;军工ETF;半导体ETF
2021-05-07,924794.4134909252,0.0,924794.4134909252,0.0,False,liquidate,-0.18200945017383202,11,沪深300;创业板;纳指;黄金;国债ETF;有色ETF;酒ETF;创新药ETF;证券ETF;军工ETF;半导体ETF,沪深300;创业板;纳指;黄金;国债ETF,有色ETF;酒ETF;创新药ETF;证券ETF;军工ETF;半导体ETF
2021-05-10,924867.8098729483,0.0,924867.8098729483,0.0,False,liquidate,-0.18194453028892518,10,创业板;纳指;黄金;国债ETF;有色ETF;创新药ETF;酒ETF;证券ETF;军工ETF;半导体ETF,创业板;纳指;黄金;国债ETF,有色ETF;创新药ETF;酒ETF;证券ETF;军工ETF;半导体ETF
2021-05-11,924941.2120800811,0.0,924941.2120800811,0.0,False,liquidate,-0.1818796052516465,10,创业板;纳指;黄金;国债ETF;有色ETF;创新药ETF;酒ETF;证券ETF;军工ETF;半导体ETF,创业板;纳指;黄金;国债ETF,有色ETF;创新药ETF;酒ETF;证券ETF;军工ETF;半导体ETF
2021-05-12,925014.620112786,0.0,925014.620112786,0.0,False,liquidate,-0.18181467506158705,10,创业板;纳指;黄金;国债ETF;有色ETF;创新药ETF;酒ETF;证券ETF;军工ETF;半导体ETF,创业板;纳指;黄金;国债ETF,有色ETF;创新药ETF;酒ETF;证券ETF;军工ETF;半导体ETF
2021-05-13,925088.0339715251,0.0,925088.0339715251,0.0,False,liquidate,-0.1817497397183379,10,创业板;纳指;黄金;国债ETF;创新药ETF;有色ETF;酒ETF;证券ETF;军工ETF;半导体ETF,创业板;纳指;黄金;国债ETF,创新药ETF;有色ETF;酒ETF;证券ETF;军工ETF;半导体ETF
2021-05-14,925161.453656761,0.0,925161.453656761,0.0,False,liquidate,-0.18168479922149014,10,沪深300;创业板;纳指;黄金;国债ETF;创新药ETF;有色ETF;证券ETF;军工ETF;半导体ETF,沪深300;创业板;纳指;黄金;国债ETF,创新药ETF;有色ETF;证券ETF;军工ETF;半导体ETF
2021-05-17,925234.879168956,0.0,925234.879168956,0.0,False,liquidate,-0.1816198535706347,11,沪深300;创业板;纳指;黄金;国债ETF;创新药ETF;有色ETF;证券ETF;军工ETF;半导体ETF;酒ETF,沪深300;创业板;纳指;黄金;国债ETF,创新药ETF;有色ETF;证券ETF;军工ETF;半导体ETF;酒ETF
2021-05-18,925308.3105085726,0.0,925308.3105085726,0.0,False,liquidate,-0.18155490276536249,11,沪深300;创业板;纳指;黄金;国债ETF;创新药ETF;有色ETF;证券ETF;军工ETF;半导体ETF;酒ETF,沪深300;创业板;纳指;黄金;国债ETF,创新药ETF;有色ETF;证券ETF;军工ETF;半导体ETF;酒ETF
2021-05-19,925381.7476760733,0.0,925381.7476760733,0.0,False,liquidate,-0.18148994680526445,11,沪深300;创业板;纳指;黄金;国债ETF;创新药ETF;有色ETF;证券ETF;军工ETF;半导体ETF;酒ETF,沪深300;创业板;纳指;黄金;国债ETF,创新药ETF;有色ETF;证券ETF;军工ETF;半导体ETF;酒ETF
2021-05-20,925455.1906719207,0.0,925455.1906719207,0.0,False,liquidate,-0.1814249856899315,11,沪深300;创业板;纳指;黄金;国债ETF;创新药ETF;证券ETF;军工ETF;有色ETF;半导体ETF;酒ETF,沪深300;创业板;纳指;黄金;国债ETF,创新药ETF;证券ETF;军工ETF;有色ETF;半导体ETF;酒ETF
2021-05-21,925528.6394965772,0.0,925528.6394965772,0.0,False,liquidate,-0.1813600194189545,11,沪深300;创业板;纳指;黄金;国债ETF;创新药ETF;有色ETF;证券ETF;军工ETF;半导体ETF;酒ETF,沪深300;创业板;纳指;黄金;国债ETF,创新药ETF;有色ETF;证券ETF;军工ETF;半导体ETF;酒ETF
2021-05-24,925602.0941505055,0.0,925602.0941505055,0.0,False,liquidate,-0.18129504799192425,11,沪深300;创业板;纳指;黄金;国债ETF;创新药ETF;证券ETF;有色ETF;军工ETF;半导体ETF;酒ETF,沪深300;创业板;纳指;黄金;国债ETF,创新药ETF;证券ETF;有色ETF;军工ETF;半导体ETF;酒ETF
2021-05-25,925675.5546341683,0.0,925675.5546341683,0.0,False,liquidate,-0.18123007140843153,11,沪深300;创业板;纳指;黄金;国债ETF;创新药ETF;证券ETF;有色ETF;军工ETF;半导体ETF;酒ETF,沪深300;创业板;纳指;黄金;国债ETF,创新药ETF;证券ETF;有色ETF;军工ETF;半导体ETF;酒ETF
2021-05-26,925749.0209480282,0.0,925749.0209480282,0.0,False,liquidate,-0.18116508966806705,11,沪深300;创业板;纳指;黄金;国债ETF;创新药ETF;证券ETF;有色ETF;军工ETF;半导体ETF;酒ETF,沪深300;创业板;纳指;黄金;国债ETF,创新药ETF;证券ETF;有色ETF;军工ETF;半导体ETF;酒ETF
2021-05-27,925822.4930925479,0.0,925822.4930925479,0.0,False,liquidate,-0.18110010277042168,11,沪深300;创业板;纳指;黄金;国债ETF;证券ETF;创新药ETF;有色ETF;军工ETF;半导体ETF;酒ETF,沪深300;创业板;纳指;黄金;国债ETF,证券ETF;创新药ETF;有色ETF;军工ETF;半导体ETF;酒ETF
2021-05-28,925895.9710681902,0.0,925895.9710681902,0.0,False,liquidate,-0.18103511071508596,11,沪深300;创业板;纳指;黄金;国债ETF;证券ETF;有色ETF;创新药ETF;军工ETF;半导体ETF;酒ETF,沪深300;创业板;纳指;黄金;国债ETF,证券ETF;有色ETF;创新药ETF;军工ETF;半导体ETF;酒ETF
2021-05-31,925969.4548754179,0.0,925969.4548754179,0.0,False,liquidate,-0.1809701135016506,11,沪深300;创业板;纳指;黄金;国债ETF;证券ETF;创新药ETF;有色ETF;军工ETF;半导体ETF;酒ETF,沪深300;创业板;纳指;黄金;国债ETF,证券ETF;创新药ETF;有色ETF;军工ETF;半导体ETF;酒ETF
2021-06-01,926042.9445146937,0.0,926042.9445146937,0.0,False,liquidate,-0.18090511112970628,11,沪深300;创业板;纳指;黄金;国债ETF;创新药ETF;证券ETF;有色ETF;军工ETF;半导体ETF;酒ETF,沪深300;创业板;纳指;黄金;国债ETF,创新药ETF;证券ETF;有色ETF;军工ETF;半导体ETF;酒ETF
2021-06-02,926116.4399864806,0.0,926116.4399864806,0.0,False,liquidate,-0.1808401035988435,10,沪深300;创业板;黄金;国债ETF;创新药ETF;有色ETF;证券ETF;军工ETF;半导体ETF;酒ETF,沪深300;创业板;黄金;国债ETF,创新药ETF;有色ETF;证券ETF;军工ETF;半导体ETF;酒ETF
2021-06-03,926189.9412912416,0.0,926189.9412912416,0.0,False,liquidate,-0.18077509090865285,10,沪深300;创业板;黄金;国债ETF;创新药ETF;证券ETF;军工ETF;有色ETF;半导体ETF;酒ETF,沪深300;创业板;黄金;国债ETF,创新药ETF;证券ETF;军工ETF;有色ETF;半导体ETF;酒ETF
2021-06-04,926263.4484294393,0.0,926263.4484294393,0.0,False,liquidate,-0.1807100730587249,10,沪深300;创业板;黄金;国债ETF;创新药ETF;军工ETF;证券ETF;有色ETF;半导体ETF;酒ETF,沪深300;创业板;黄金;国债ETF,创新药ETF;军工ETF;证券ETF;有色ETF;半导体ETF;酒ETF
2021-06-07,926336.961401537,0.0,926336.961401537,0.0,False,liquidate,-0.1806450500486502,10,沪深300;创业板;黄金;国债ETF;创新药ETF;军工ETF;证券ETF;有色ETF;半导体ETF;酒ETF,沪深300;创业板;黄金;国债ETF,创新药ETF;军工ETF;证券ETF;有色ETF;半导体ETF;酒ETF
2021-06-08,926410.4802079974,0.0,926410.4802079974,0.0,False,liquidate,-0.18058002187801914,10,沪深300;创业板;黄金;国债ETF;军工ETF;证券ETF;创新药ETF;有色ETF;半导体ETF;酒ETF,沪深300;创业板;黄金;国债ETF,军工ETF;证券ETF;创新药ETF;有色ETF;半导体ETF;酒ETF
2021-06-09,926484.0048492837,0.0,926484.0048492837,0.0,False,liquidate,-0.18051498854642214,10,沪深300;创业板;黄金;国债ETF;军工ETF;创新药ETF;证券ETF;有色ETF;半导体ETF;酒ETF,沪深300;创业板;黄金;国债ETF,军工ETF;创新药ETF;证券ETF;有色ETF;半导体ETF;酒ETF
2021-06-10,926557.5353258591,0.0,926557.5353258591,0.0,False,liquidate,-0.18044995005344963,10,沪深300;创业板;黄金;国债ETF;军工ETF;创新药ETF;证券ETF;有色ETF;半导体ETF;酒ETF,沪深300;创业板;黄金;国债ETF,军工ETF;创新药ETF;证券ETF;有色ETF;半导体ETF;酒ETF
2021-06-11,926631.0716381866,0.0,926631.0716381866,0.0,False,liquidate,-0.18038490639869192,10,沪深300;创业板;黄金;国债ETF;军工ETF;半导体ETF;证券ETF;有色ETF;创新药ETF;酒ETF,沪深300;创业板;黄金;国债ETF,军工ETF;半导体ETF;证券ETF;有色ETF;创新药ETF;酒ETF
2021-06-15,926704.6137867293,0.0,926704.6137867293,0.0,False,liquidate,-0.18031985758173943,10,沪深300;创业板;黄金;国债ETF;军工ETF;半导体ETF;证券ETF;创新药ETF;有色ETF;酒ETF,沪深300;创业板;黄金;国债ETF,军工ETF;半导体ETF;证券ETF;创新药ETF;有色ETF;酒ETF
2021-06-16,926778.1617719505,0.0,926778.1617719505,0.0,False,liquidate,-0.18025480360218235,10,沪深300;创业板;黄金;国债ETF;军工ETF;证券ETF;半导体ETF;创新药ETF;酒ETF;有色ETF,沪深300;创业板;黄金;国债ETF,军工ETF;证券ETF;半导体ETF;创新药ETF;酒ETF;有色ETF
2021-06-17,926851.7155943135,0.0,926851.7155943135,0.0,False,liquidate,-0.18018974445961106,9,沪深300;创业板;国债ETF;军工ETF;半导体ETF;证券ETF;创新药ETF;有色ETF;酒ETF,沪深300;创业板;国债ETF,军工ETF;半导体ETF;证券ETF;创新药ETF;有色ETF;酒ETF
2021-06-18,926925.2752542814,0.0,926925.2752542814,0.0,False,liquidate,-0.1801246801536157,10,沪深300;创业板;纳指;国债ETF;军工ETF;半导体ETF;证券ETF;创新药ETF;有色ETF;酒ETF,沪深300;创业板;纳指;国债ETF,军工ETF;半导体ETF;证券ETF;创新药ETF;有色ETF;酒ETF
2021-06-21,926998.8407523175,0.0,926998.8407523175,0.0,False,liquidate,-0.1800596106837866,10,沪深300;创业板;纳指;国债ETF;军工ETF;半导体ETF;创新药ETF;证券ETF;有色ETF;酒ETF,沪深300;创业板;纳指;国债ETF,军工ETF;半导体ETF;创新药ETF;证券ETF;有色ETF;酒ETF
2021-06-22,927072.4120888851,463536.2060444425,463536.2060444426,0.5,False,halve,-0.17999453604971388,10,沪深300;创业板;纳指;国债ETF;军工ETF;半导体ETF;创新药ETF;有色ETF;证券ETF;酒ETF,沪深300;创业板;纳指;国债ETF,军工ETF;半导体ETF;创新药ETF;有色ETF;证券ETF;酒ETF
2021-06-23,930189.6054963898,465094.80274819484,465094.80274819495,0.5,False,halve,-0.17723734514098624,10,沪深300;创业板;纳指;国债ETF;军工ETF;半导体ETF;创新药ETF;有色ETF;证券ETF;酒ETF,沪深300;创业板;纳指;国债ETF,军工ETF;半导体ETF;创新药ETF;有色ETF;证券ETF;酒ETF
2021-06-24,925882.7060707756,0.0,925882.7060707756,0.0,False,liquidate,-0.18104684374717425,10,沪深300;创业板;纳指;国债ETF;军工ETF;半导体ETF;创新药ETF;有色ETF;证券ETF;酒ETF,沪深300;创业板;纳指;国债ETF,军工ETF;半导体ETF;创新药ETF;有色ETF;证券ETF;酒ETF
2021-06-25,925956.1888252257,0.0,925956.1888252257,0.0,False,liquidate,-0.18098184746493196,10,沪深300;创业板;纳指;国债ETF;半导体ETF;军工ETF;创新药ETF;有色ETF;证券ETF;酒ETF,沪深300;创业板;纳指;国债ETF,半导体ETF;军工ETF;创新药ETF;有色ETF;证券ETF;酒ETF
2021-06-28,926029.6774116404,0.0,926029.6774116404,0.0,False,liquidate,-0.18091684602425456,10,沪深300;创业板;纳指;国债ETF;半导体ETF;军工ETF;创新药ETF;证券ETF;有色ETF;酒ETF,沪深300;创业板;纳指;国债ETF,半导体ETF;军工ETF;创新药ETF;证券ETF;有色ETF;酒ETF
2021-06-29,926103.1718304827,0.0,926103.1718304827,0.0,False,liquidate,-0.18085183942473262,10,沪深300;创业板;纳指;国债ETF;半导体ETF;军工ETF;创新药ETF;证券ETF;有色ETF;酒ETF,沪深300;创业板;纳指;国债ETF,半导体ETF;军工ETF;创新药ETF;证券ETF;有色ETF;酒ETF
2021-06-30,926176.6720822153,0.0,926176.6720822153,0.0,False,liquidate,-0.18078682766595675,10,沪深300;创业板;纳指;国债ETF;半导体ETF;军工ETF;创新药ETF;证券ETF;有色ETF;酒ETF,沪深300;创业板;纳指;国债ETF,半导体ETF;军工ETF;创新药ETF;证券ETF;有色ETF;酒ETF
2021-07-01,926250.1781673012,0.0,926250.1781673012,0.0,False,liquidate,-0.1807218107475175,10,沪深300;创业板;纳指;国债ETF;半导体ETF;创新药ETF;军工ETF;证券ETF;有色ETF;酒ETF,沪深300;创业板;纳指;国债ETF,半导体ETF;创新药ETF;军工ETF;证券ETF;有色ETF;酒ETF
2021-07-02,926323.6900862034,0.0,926323.6900862034,0.0,False,liquidate,-0.18065678866900542,10,沪深300;创业板;纳指;国债ETF;半导体ETF;创新药ETF;有色ETF;军工ETF;证券ETF;酒ETF,沪深300;创业板;纳指;国债ETF,半导体ETF;创新药ETF;有色ETF;军工ETF;证券ETF;酒ETF
2021-07-05,926397.2078393849,0.0,926397.2078393849,0.0,False,liquidate,-0.18059176143001082,10,沪深300;创业板;纳指;国债ETF;半导体ETF;有色ETF;创新药ETF;军工ETF;证券ETF;酒ETF,沪深300;创业板;纳指;国债ETF,半导体ETF;有色ETF;创新药ETF;军工ETF;证券ETF;酒ETF
2021-07-06,926470.7314273088,0.0,926470.7314273088,0.0,False,liquidate,-0.18052672903012423,10,沪深300;创业板;纳指;国债ETF;半导体ETF;有色ETF;军工ETF;创新药ETF;证券ETF;酒ETF,沪深300;创业板;纳指;国债ETF,半导体ETF;有色ETF;军工ETF;创新药ETF;证券ETF;酒ETF
2021-07-07,926544.2608504379,0.0,926544.2608504379,0.0,False,liquidate,-0.18046169146893615,10,沪深300;创业板;纳指;国债ETF;半导体ETF;有色ETF;军工ETF;创新药ETF;证券ETF;酒ETF,沪深300;创业板;纳指;国债ETF,半导体ETF;有色ETF;军工ETF;创新药ETF;证券ETF;酒ETF
2021-07-08,926617.7961092356,0.0,926617.7961092356,0.0,False,liquidate,-0.18039664874603684,10,沪深300;创业板;纳指;国债ETF;半导体ETF;有色ETF;军工ETF;证券ETF;创新药ETF;酒ETF,沪深300;创业板;纳指;国债ETF,半导体ETF;有色ETF;军工ETF;证券ETF;创新药ETF;酒ETF
2021-07-09,926691.337204165,0.0,926691.337204165,0.0,False,liquidate,-0.18033160086101666,9,创业板;纳指;国债ETF;半导体ETF;有色ETF;军工ETF;证券ETF;创新药ETF;酒ETF,创业板;纳指;国债ETF,半导体ETF;有色ETF;军工ETF;证券ETF;创新药ETF;酒ETF
2021-07-12,926764.8841356891,0.0,926764.8841356891,0.0,False,liquidate,-0.1802665478134659,9,创业板;纳指;国债ETF;半导体ETF;有色ETF;军工ETF;证券ETF;创新药ETF;酒ETF,创业板;纳指;国债ETF,半导体ETF;有色ETF;军工ETF;证券ETF;创新药ETF;酒ETF
2021-07-13,926838.4369042714,0.0,926838.4369042714,0.0,False,liquidate,-0.18020148960297486,10,沪深300;创业板;纳指;国债ETF;有色ETF;半导体ETF;军工ETF;创新药ETF;证券ETF;酒ETF,沪深300;创业板;纳指;国债ETF,有色ETF;半导体ETF;军工ETF;创新药ETF;证券ETF;酒ETF
2021-07-14,926911.9955103749,0.0,926911.9955103749,0.0,False,liquidate,-0.1801364262291338,9,创业板;纳指;国债ETF;有色ETF;半导体ETF;创新药ETF;军工ETF;证券ETF;酒ETF,创业板;纳指;国债ETF,有色ETF;半导体ETF;创新药ETF;军工ETF;证券ETF;酒ETF
2021-07-15,926985.559954463,0.0,926985.559954463,0.0,False,liquidate,-0.18007135769153293,10,沪深300;创业板;纳指;国债ETF;有色ETF;半导体ETF;创新药ETF;军工ETF;证券ETF;酒ETF,沪深300;创业板;纳指;国债ETF,有色ETF;半导体ETF;创新药ETF;军工ETF;证券ETF;酒ETF
2021-07-16,927059.1302369991,0.0,927059.1302369991,0.0,False,liquidate,-0.1800062839897624,10,沪深300;创业板;纳指;国债ETF;有色ETF;半导体ETF;军工ETF;创新药ETF;证券ETF;酒ETF,沪深300;创业板;纳指;国债ETF,有色ETF;半导体ETF;军工ETF;创新药ETF;证券ETF;酒ETF
2021-07-19,927132.7063584465,463566.3531792232,463566.3531792233,0.5,False,halve,-0.17994120512341238,10,沪深300;创业板;纳指;国债ETF;有色ETF;半导体ETF;军工ETF;创新药ETF;证券ETF;酒ETF,沪深300;创业板;纳指;国债ETF,有色ETF;半导体ETF;军工ETF;创新药ETF;证券ETF;酒ETF
2021-07-20,930687.7233479351,465343.86167396756,465343.86167396756,0.5,False,halve,-0.17679675457369926,9,创业板;纳指;国债ETF;有色ETF;半导体ETF;军工ETF;创新药ETF;证券ETF;酒ETF,创业板;纳指;国债ETF,有色ETF;半导体ETF;军工ETF;创新药ETF;证券ETF;酒ETF
2021-07-21,941146.0893866471,470573.04469332355,470573.04469332355,0.5,False,halve,-0.16754621795551577,9,创业板;纳指;国债ETF;有色ETF;半导体ETF;军工ETF;创新药ETF;证券ETF;酒ETF,创业板;纳指;国债ETF,有色ETF;半导体ETF;军工ETF;创新药ETF;证券ETF;酒ETF
2021-07-22,942521.4521052083,471260.72605260403,471260.72605260427,0.5,False,halve,-0.16632969492082367,9,创业板;纳指;国债ETF;有色ETF;半导体ETF;军工ETF;证券ETF;创新药ETF;酒ETF,创业板;纳指;国债ETF,有色ETF;半导体ETF;军工ETF;证券ETF;创新药ETF;酒ETF
2021-07-23,941054.3174074362,470527.158703718,470527.1587037182,0.5,False,halve,-0.16762739125267054,9,创业板;纳指;国债ETF;有色ETF;半导体ETF;军工ETF;证券ETF;创新药ETF;酒ETF,创业板;纳指;国债ETF,有色ETF;半导体ETF;军工ETF;证券ETF;创新药ETF;酒ETF
2021-07-26,932257.7518368987,466128.87591844937,466128.87591844937,0.5,False,halve,-0.17540804758304798,9,创业板;纳指;国债ETF;有色ETF;半导体ETF;军工ETF;证券ETF;创新药ETF;酒ETF,创业板;纳指;国债ETF,有色ETF;半导体ETF;军工ETF;证券ETF;创新药ETF;酒ETF
2021-07-27,920378.6225809485,0.0,920378.6225809485,0.0,False,liquidate,-0.18591526446258225,8,纳指;国债ETF;有色ETF;半导体ETF;军工ETF;证券ETF;创新药ETF;酒ETF,纳指;国债ETF,有色ETF;半导体ETF;军工ETF;证券ETF;创新药ETF;酒ETF
2021-07-28,920451.6685033756,0.0,920451.6685033756,0.0,False,liquidate,-0.1858506545629364,9,创业板;纳指;国债ETF;有色ETF;半导体ETF;军工ETF;证券ETF;创新药ETF;酒ETF,创业板;纳指;国债ETF,有色ETF;半导体ETF;军工ETF;证券ETF;创新药ETF;酒ETF
2021-07-29,920524.7202230982,0.0,920524.7202230982,0.0,False,liquidate,-0.1857860395355207,9,创业板;纳指;国债ETF;有色ETF;半导体ETF;军工ETF;证券ETF;创新药ETF;酒ETF,创业板;纳指;国债ETF,有色ETF;半导体ETF;军工ETF;证券ETF;创新药ETF;酒ETF
2021-07-30,920597.7777405762,0.0,920597.7777405762,0.0,False,liquidate,-0.18572141937992828,9,创业板;纳指;国债ETF;半导体ETF;有色ETF;军工ETF;证券ETF;创新药ETF;酒ETF,创业板;纳指;国债ETF,半导体ETF;有色ETF;军工ETF;证券ETF;创新药ETF;酒ETF
2021-08-02,920670.84105627,0.0,920670.84105627,0.0,False,liquidate,-0.18565679409575203,9,创业板;纳指;国债ETF;半导体ETF;有色ETF;军工ETF;证券ETF;创新药ETF;酒ETF,创业板;纳指;国债ETF,半导体ETF;有色ETF;军工ETF;证券ETF;创新药ETF;酒ETF
2021-08-03,920743.9101706395,0.0,920743.9101706395,0.0,False,liquidate,-0.185592163682585,9,创业板;纳指;国债ETF;军工ETF;半导体ETF;有色ETF;创新药ETF;证券ETF;酒ETF,创业板;纳指;国债ETF,军工ETF;半导体ETF;有色ETF;创新药ETF;证券ETF;酒ETF
2021-08-04,920816.9850841452,0.0,920816.9850841452,0.0,False,liquidate,-0.18552752814002005,9,创业板;纳指;国债ETF;有色ETF;军工ETF;半导体ETF;创新药ETF;证券ETF;酒ETF,创业板;纳指;国债ETF,有色ETF;军工ETF;半导体ETF;创新药ETF;证券ETF;酒ETF
2021-08-05,920890.0657972472,0.0,920890.0657972472,0.0,False,liquidate,-0.18546288746765013,9,创业板;纳指;国债ETF;军工ETF;半导体ETF;有色ETF;创新药ETF;证券ETF;酒ETF,创业板;纳指;国债ETF,军工ETF;半导体ETF;有色ETF;创新药ETF;证券ETF;酒ETF
2021-08-06,920963.1523104057,0.0,920963.1523104057,0.0,False,liquidate,-0.1853982416650682,9,创业板;纳指;国债ETF;军工ETF;有色ETF;半导体ETF;创新药ETF;证券ETF;酒ETF,创业板;纳指;国债ETF,军工ETF;有色ETF;半导体ETF;创新药ETF;证券ETF;酒ETF
2021-08-09,921036.2446240812,0.0,921036.2446240812,0.0,False,liquidate,-0.185333590731867,9,创业板;纳指;国债ETF;军工ETF;半导体ETF;有色ETF;证券ETF;创新药ETF;酒ETF,创业板;纳指;国债ETF,军工ETF;半导体ETF;有色ETF;证券ETF;创新药ETF;酒ETF
2021-08-10,921109.342738734,0.0,921109.342738734,0.0,False,liquidate,-0.18526893466763927,9,创业板;纳指;国债ETF;军工ETF;半导体ETF;有色ETF;证券ETF;创新药ETF;酒ETF,创业板;纳指;国债ETF,军工ETF;半导体ETF;有色ETF;证券ETF;创新药ETF;酒ETF
2021-08-11,921182.4466548244,0.0,921182.4466548244,0.0,False,liquidate,-0.18520427347197793,9,创业板;纳指;国债ETF;军工ETF;半导体ETF;有色ETF;证券ETF;创新药ETF;酒ETF,创业板;纳指;国债ETF,军工ETF;半导体ETF;有色ETF;证券ETF;创新药ETF;酒ETF
2021-08-12,921255.556372813,0.0,921255.556372813,0.0,False,liquidate,-0.18513960714447567,9,创业板;纳指;国债ETF;半导体ETF;军工ETF;有色ETF;证券ETF;创新药ETF;酒ETF,创业板;纳指;国债ETF,半导体ETF;军工ETF;有色ETF;证券ETF;创新药ETF;酒ETF
2021-08-13,921328.6718931601,0.0,921328.6718931601,0.0,False,liquidate,-0.18507493568472513,9,创业板;纳指;国债ETF;军工ETF;有色ETF;半导体ETF;证券ETF;创新药ETF;酒ETF,创业板;纳指;国债ETF,军工ETF;有色ETF;半导体ETF;证券ETF;创新药ETF;酒ETF
2021-08-16,921401.7932163263,0.0,921401.7932163263,0.0,False,liquidate,-0.1850102590923191,9,创业板;纳指;国债ETF;军工ETF;半导体ETF;有色ETF;证券ETF;创新药ETF;酒ETF,创业板;纳指;国债ETF,军工ETF;半导体ETF;有色ETF;证券ETF;创新药ETF;酒ETF
2021-08-17,921474.920342772,0.0,921474.920342772,0.0,False,liquidate,-0.18494557736685022,9,纳指;黄金;国债ETF;军工ETF;有色ETF;半导体ETF;证券ETF;创新药ETF;酒ETF,纳指;黄金;国债ETF,军工ETF;有色ETF;半导体ETF;证券ETF;创新药ETF;酒ETF
2021-08-18,921548.053272958,0.0,921548.053272958,0.0,False,liquidate,-0.18488089050791104,9,纳指;黄金;国债ETF;军工ETF;有色ETF;证券ETF;半导体ETF;创新药ETF;酒ETF,纳指;黄金;国债ETF,军工ETF;有色ETF;证券ETF;半导体ETF;创新药ETF;酒ETF
2021-08-19,921621.1920073448,0.0,921621.1920073448,0.0,False,liquidate,-0.18481619851509418,9,纳指;黄金;国债ETF;军工ETF;有色ETF;半导体ETF;证券ETF;创新药ETF;酒ETF,纳指;黄金;国债ETF,军工ETF;有色ETF;半导体ETF;证券ETF;创新药ETF;酒ETF
2021-08-20,921694.336546393,0.0,921694.336546393,0.0,False,liquidate,-0.1847515013879922,9,纳指;黄金;国债ETF;军工ETF;有色ETF;证券ETF;半导体ETF;创新药ETF;酒ETF,纳指;黄金;国债ETF,军工ETF;有色ETF;证券ETF;半导体ETF;创新药ETF;酒ETF
2021-08-23,921767.4868905634,0.0,921767.4868905634,0.0,False,liquidate,-0.18468679912619757,9,纳指;黄金;国债ETF;军工ETF;有色ETF;证券ETF;半导体ETF;创新药ETF;酒ETF,纳指;黄金;国债ETF,军工ETF;有色ETF;证券ETF;半导体ETF;创新药ETF;酒ETF
2021-08-24,921840.6430403166,0.0,921840.6430403166,0.0,False,liquidate,-0.1846220917293028,9,纳指;黄金;国债ETF;军工ETF;有色ETF;证券ETF;半导体ETF;创新药ETF;酒ETF,纳指;黄金;国债ETF,军工ETF;有色ETF;证券ETF;半导体ETF;创新药ETF;酒ETF
2021-08-25,921913.8049961135,0.0,921913.8049961135,0.0,False,liquidate,-0.18455737919690032,9,纳指;黄金;国债ETF;军工ETF;有色ETF;证券ETF;半导体ETF;创新药ETF;酒ETF,纳指;黄金;国债ETF,军工ETF;有色ETF;证券ETF;半导体ETF;创新药ETF;酒ETF
2021-08-26,921986.9727584148,0.0,921986.9727584148,0.0,False,liquidate,-0.18449266152858262,9,纳指;黄金;国债ETF;军工ETF;有色ETF;证券ETF;半导体ETF;酒ETF;创新药ETF,纳指;黄金;国债ETF,军工ETF;有色ETF;证券ETF;半导体ETF;酒ETF;创新药ETF
2021-08-27,922060.1463276814,0.0,922060.1463276814,0.0,False,liquidate,-0.184427938723942,9,纳指;黄金;国债ETF;有色ETF;军工ETF;证券ETF;半导体ETF;创新药ETF;酒ETF,纳指;黄金;国债ETF,有色ETF;军工ETF;证券ETF;半导体ETF;创新药ETF;酒ETF
2021-08-30,922133.3257043741,0.0,922133.3257043741,0.0,False,liquidate,-0.1843632107825708,9,纳指;黄金;国债ETF;有色ETF;军工ETF;半导体ETF;证券ETF;创新药ETF;酒ETF,纳指;黄金;国债ETF,有色ETF;军工ETF;半导体ETF;证券ETF;创新药ETF;酒ETF
2021-08-31,922206.5108889539,0.0,922206.5108889539,0.0,False,liquidate,-0.1842984777040614,9,纳指;黄金;国债ETF;有色ETF;军工ETF;证券ETF;半导体ETF;酒ETF;创新药ETF,纳指;黄金;国债ETF,有色ETF;军工ETF;证券ETF;半导体ETF;酒ETF;创新药ETF
2021-09-01,922279.7018818817,0.0,922279.7018818817,0.0,False,liquidate,-0.18423373948800614,9,纳指;黄金;国债ETF;有色ETF;证券ETF;军工ETF;半导体ETF;酒ETF;创新药ETF,纳指;黄金;国债ETF,有色ETF;证券ETF;军工ETF;半导体ETF;酒ETF;创新药ETF
2021-09-02,922352.8986836184,0.0,922352.8986836184,0.0,False,liquidate,-0.18416899613399718,9,纳指;黄金;国债ETF;有色ETF;证券ETF;军工ETF;半导体ETF;酒ETF;创新药ETF,纳指;黄金;国债ETF,有色ETF;证券ETF;军工ETF;半导体ETF;酒ETF;创新药ETF
2021-09-03,922426.1012946251,0.0,922426.1012946251,0.0,False,liquidate,-0.18410424764162683,9,纳指;黄金;国债ETF;有色ETF;证券ETF;军工ETF;半导体ETF;酒ETF;创新药ETF,纳指;黄金;国债ETF,有色ETF;证券ETF;军工ETF;半导体ETF;酒ETF;创新药ETF
2021-09-06,922499.3097153628,0.0,922499.3097153628,0.0,False,liquidate,-0.1840394940104872,9,纳指;黄金;国债ETF;有色ETF;证券ETF;军工ETF;半导体ETF;创新药ETF;酒ETF,纳指;黄金;国债ETF,有色ETF;证券ETF;军工ETF;半导体ETF;创新药ETF;酒ETF
2021-09-07,922572.5239462927,0.0,922572.5239462927,0.0,False,liquidate,-0.18397473524017052,9,纳指;黄金;国债ETF;有色ETF;证券ETF;军工ETF;半导体ETF;创新药ETF;酒ETF,纳指;黄金;国债ETF,有色ETF;证券ETF;军工ETF;半导体ETF;创新药ETF;酒ETF
2021-09-08,922645.7439878758,0.0,922645.7439878758,0.0,False,liquidate,-0.18390997133026893,8,纳指;国债ETF;有色ETF;证券ETF;军工ETF;半导体ETF;创新药ETF;酒ETF,纳指;国债ETF,有色ETF;证券ETF;军工ETF;半导体ETF;创新药ETF;酒ETF
2021-09-09,922718.9698405733,0.0,922718.9698405733,0.0,False,liquidate,-0.18384520228037446,8,纳指;国债ETF;有色ETF;证券ETF;军工ETF;半导体ETF;创新药ETF;酒ETF,纳指;国债ETF,有色ETF;证券ETF;军工ETF;半导体ETF;创新药ETF;酒ETF
2021-09-10,922792.2015048463,0.0,922792.2015048463,0.0,False,liquidate,-0.18378042809007922,8,纳指;国债ETF;有色ETF;证券ETF;军工ETF;半导体ETF;创新药ETF;酒ETF,纳指;国债ETF,有色ETF;证券ETF;军工ETF;半导体ETF;创新药ETF;酒ETF
2021-09-13,922865.4389811563,0.0,922865.4389811563,0.0,False,liquidate,-0.1837156487589752,8,纳指;国债ETF;有色ETF;证券ETF;军工ETF;半导体ETF;创新药ETF;酒ETF,纳指;国债ETF,有色ETF;证券ETF;军工ETF;半导体ETF;创新药ETF;酒ETF
2021-09-14,922938.6822699644,0.0,922938.6822699644,0.0,False,liquidate,-0.18365086428665447,8,纳指;国债ETF;有色ETF;证券ETF;军工ETF;半导体ETF;创新药ETF;酒ETF,纳指;国债ETF,有色ETF;证券ETF;军工ETF;半导体ETF;创新药ETF;酒ETF
2021-09-15,923011.9313717319,0.0,923011.9313717319,0.0,False,liquidate,-0.18358607467270888,8,纳指;国债ETF;有色ETF;证券ETF;军工ETF;半导体ETF;创新药ETF;酒ETF,纳指;国债ETF,有色ETF;证券ETF;军工ETF;半导体ETF;创新药ETF;酒ETF
2021-09-16,923085.1862869202,0.0,923085.1862869202,0.0,False,liquidate,-0.18352127991673048,8,纳指;国债ETF;有色ETF;证券ETF;军工ETF;酒ETF;创新药ETF;半导体ETF,纳指;国债ETF,有色ETF;证券ETF;军工ETF;酒ETF;创新药ETF;半导体ETF
2021-09-17,923158.4470159906,0.0,923158.4470159906,0.0,False,liquidate,-0.18345648001831116,8,纳指;国债ETF;有色ETF;证券ETF;创新药ETF;酒ETF;军工ETF;半导体ETF,纳指;国债ETF,有色ETF;证券ETF;创新药ETF;酒ETF;军工ETF;半导体ETF
2021-09-22,923231.7135594046,0.0,923231.7135594046,0.0,False,liquidate,-0.18339167497704276,7,沪深300;有色ETF;证券ETF;创新药ETF;军工ETF;酒ETF;半导体ETF,沪深300,有色ETF;证券ETF;创新药ETF;军工ETF;酒ETF;半导体ETF
2021-09-23,923304.9859176236,0.0,923304.9859176236,0.0,False,liquidate,-0.1833268647925171,9,沪深300;纳指;国债ETF;有色ETF;证券ETF;军工ETF;创新药ETF;酒ETF;半导体ETF,沪深300;纳指;国债ETF,有色ETF;证券ETF;军工ETF;创新药ETF;酒ETF;半导体ETF
2021-09-24,923378.2640911092,0.0,923378.2640911092,0.0,False,liquidate,-0.18326204946432603,9,沪深300;纳指;国债ETF;证券ETF;有色ETF;创新药ETF;军工ETF;酒ETF;半导体ETF,沪深300;纳指;国债ETF,证券ETF;有色ETF;创新药ETF;军工ETF;酒ETF;半导体ETF
2021-09-27,923451.5480803228,0.0,923451.5480803228,0.0,False,liquidate,-0.18319722899206123,9,沪深300;纳指;国债ETF;证券ETF;酒ETF;军工ETF;有色ETF;创新药ETF;半导体ETF,沪深300;纳指;国债ETF,证券ETF;酒ETF;军工ETF;有色ETF;创新药ETF;半导体ETF
2021-09-28,923524.837885726,0.0,923524.837885726,0.0,False,liquidate,-0.18313240337531456,7,纳指;证券ETF;军工ETF;酒ETF;创新药ETF;有色ETF;半导体ETF,纳指,证券ETF;军工ETF;酒ETF;创新药ETF;有色ETF;半导体ETF
2021-09-29,923598.1335077805,0.0,923598.1335077805,0.0,False,liquidate,-0.18306757261367762,7,国债ETF;证券ETF;军工ETF;创新药ETF;酒ETF;有色ETF;半导体ETF,国债ETF,证券ETF;军工ETF;创新药ETF;酒ETF;有色ETF;半导体ETF
2021-09-30,923671.4349469478,0.0,923671.4349469478,0.0,False,liquidate,-0.18300273670674214,7,国债ETF;证券ETF;军工ETF;酒ETF;创新药ETF;有色ETF;半导体ETF,国债ETF,证券ETF;军工ETF;酒ETF;创新药ETF;有色ETF;半导体ETF
2021-10-08,923744.7422036898,0.0,923744.7422036898,0.0,False,liquidate,-0.18293789565409974,7,国债ETF;证券ETF;酒ETF;创新药ETF;军工ETF;有色ETF;半导体ETF,国债ETF,证券ETF;酒ETF;创新药ETF;军工ETF;有色ETF;半导体ETF
2021-10-11,923818.0552784678,0.0,923818.0552784678,0.0,False,liquidate,-0.18287304945534213,7,沪深300;酒ETF;证券ETF;军工ETF;创新药ETF;有色ETF;半导体ETF,沪深300,酒ETF;证券ETF;军工ETF;创新药ETF;有色ETF;半导体ETF
2021-10-12,923891.374171744,0.0,923891.374171744,0.0,False,liquidate,-0.18280819811006074,8,黄金;国债ETF;酒ETF;证券ETF;军工ETF;创新药ETF;有色ETF;半导体ETF,黄金;国债ETF,酒ETF;证券ETF;军工ETF;创新药ETF;有色ETF;半导体ETF
2021-10-13,923964.6988839799,0.0,923964.6988839799,0.0,False,liquidate,-0.18274334161784717,8,黄金;国债ETF;酒ETF;证券ETF;军工ETF;有色ETF;创新药ETF;半导体ETF,黄金;国债ETF,酒ETF;证券ETF;军工ETF;有色ETF;创新药ETF;半导体ETF
2021-10-14,924038.0294156375,0.0,924038.0294156375,0.0,False,liquidate,-0.18267847997829292,8,黄金;国债ETF;酒ETF;军工ETF;证券ETF;有色ETF;创新药ETF;半导体ETF,黄金;国债ETF,酒ETF;军工ETF;证券ETF;有色ETF;创新药ETF;半导体ETF
2021-10-15,924111.3657671785,0.0,924111.3657671785,0.0,False,liquidate,-0.18261361319098957,8,黄金;国债ETF;酒ETF;军工ETF;证券ETF;半导体ETF;有色ETF;创新药ETF,黄金;国债ETF,酒ETF;军工ETF;证券ETF;半导体ETF;有色ETF;创新药ETF
2021-10-18,924184.7079390648,0.0,924184.7079390648,0.0,False,liquidate,-0.18254874125552847,6,军工ETF;酒ETF;证券ETF;有色ETF;半导体ETF;创新药ETF,,军工ETF;酒ETF;证券ETF;有色ETF;半导体ETF;创新药ETF
2021-10-19,924258.0559317585,0.0,924258.0559317585,0.0,False,liquidate,-0.18248386417150106,7,纳指;军工ETF;酒ETF;半导体ETF;证券ETF;创新药ETF;有色ETF,纳指,军工ETF;酒ETF;半导体ETF;证券ETF;创新药ETF;有色ETF
2021-10-20,924331.4097457214,0.0,924331.4097457214,0.0,False,liquidate,-0.18241898193849876,9,沪深300;创业板;纳指;军工ETF;酒ETF;证券ETF;有色ETF;半导体ETF;创新药ETF,沪深300;创业板;纳指,军工ETF;酒ETF;证券ETF;有色ETF;半导体ETF;创新药ETF
2021-10-21,924404.7693814156,0.0,924404.7693814156,0.0,False,liquidate,-0.18235409455611284,9,沪深300;创业板;纳指;酒ETF;军工ETF;证券ETF;有色ETF;创新药ETF;半导体ETF,沪深300;创业板;纳指,酒ETF;军工ETF;证券ETF;有色ETF;创新药ETF;半导体ETF
2021-10-22,924478.134839303,0.0,924478.134839303,0.0,False,liquidate,-0.18228920202393475,9,沪深300;创业板;纳指;军工ETF;酒ETF;证券ETF;半导体ETF;创新药ETF;有色ETF,沪深300;创业板;纳指,军工ETF;酒ETF;证券ETF;半导体ETF;创新药ETF;有色ETF
2021-10-25,924551.5061198458,0.0,924551.5061198458,0.0,False,liquidate,-0.1822243043415557,9,沪深300;创业板;纳指;军工ETF;酒ETF;证券ETF;半导体ETF;有色ETF;创新药ETF,沪深300;创业板;纳指,军工ETF;酒ETF;证券ETF;半导体ETF;有色ETF;创新药ETF
2021-10-26,924624.8832235062,0.0,924624.8832235062,0.0,False,liquidate,-0.18215940150856688,9,沪深300;创业板;纳指;酒ETF;军工ETF;证券ETF;有色ETF;创新药ETF;半导体ETF,沪深300;创业板;纳指,酒ETF;军工ETF;证券ETF;有色ETF;创新药ETF;半导体ETF
2021-10-27,924698.2661507461,0.0,924698.2661507461,0.0,False,liquidate,-0.1820944935245596,7,沪深300;酒ETF;军工ETF;证券ETF;有色ETF;创新药ETF;半导体ETF,沪深300,酒ETF;军工ETF;证券ETF;有色ETF;创新药ETF;半导体ETF
2021-10-28,924771.654902028,0.0,924771.654902028,0.0,False,liquidate,-0.18202958038912498,6,酒ETF;军工ETF;证券ETF;有色ETF;创新药ETF;半导体ETF,,酒ETF;军工ETF;证券ETF;有色ETF;创新药ETF;半导体ETF
2021-10-29,924845.049477814,0.0,924845.049477814,0.0,False,liquidate,-0.1819646621018542,9,沪深300;创业板;纳指;军工ETF;酒ETF;证券ETF;有色ETF;半导体ETF;创新药ETF,沪深300;创业板;纳指,军工ETF;酒ETF;证券ETF;有色ETF;半导体ETF;创新药ETF
2021-11-01,924918.4498785662,0.0,924918.4498785662,0.0,False,liquidate,-0.18189973866233847,9,沪深300;创业板;纳指;军工ETF;酒ETF;证券ETF;有色ETF;半导体ETF;创新药ETF,沪深300;创业板;纳指,军工ETF;酒ETF;证券ETF;有色ETF;半导体ETF;创新药ETF
2021-11-02,924991.856104747,0.0,924991.856104747,0.0,True,liquidate,-0.1818348100701688,0,,沪深300;创业板;纳指;国债ETF,军工ETF;酒ETF;证券ETF;半导体ETF;有色ETF;创新药ETF
2021-11-03,924991.856104747,0.0,924991.856104747,0.0,True,liquidate,-0.1818348100701688,0,,沪深300;创业板;纳指,军工ETF;酒ETF;半导体ETF;有色ETF;证券ETF;创新药ETF
2021-11-04,924991.856104747,0.0,924991.856104747,0.0,True,liquidate,-0.1818348100701688,0,,创业板;纳指,军工ETF;酒ETF;半导体ETF;证券ETF;有色ETF;创新药ETF
2021-11-05,924991.856104747,0.0,924991.856104747,0.0,True,liquidate,-0.1818348100701688,0,,创业板;纳指,军工ETF;酒ETF;半导体ETF;证券ETF;有色ETF;创新药ETF
2021-11-08,924991.856104747,0.0,924991.856104747,0.0,True,liquidate,-0.1818348100701688,0,,沪深300;创业板;纳指;国债ETF,军工ETF;酒ETF;证券ETF;半导体ETF;有色ETF;创新药ETF
2021-11-09,924991.856104747,0.0,924991.856104747,0.0,False,liquidate,-0.1818348100701688,9,创业板;纳指;国债ETF;军工ETF;半导体ETF;证券ETF;有色ETF;酒ETF;创新药ETF,创业板;纳指;国债ETF,军工ETF;半导体ETF;证券ETF;有色ETF;酒ETF;创新药ETF
2021-11-10,925065.2681568189,0.0,925065.2681568189,0.0,False,liquidate,-0.1817698763249362,9,创业板;纳指;国债ETF;军工ETF;半导体ETF;证券ETF;有色ETF;酒ETF;创新药ETF,创业板;纳指;国债ETF,军工ETF;半导体ETF;证券ETF;有色ETF;酒ETF;创新药ETF
2021-11-11,925138.6860352441,0.0,925138.6860352441,0.0,False,liquidate,-0.18170493742623178,10,创业板;纳指;黄金;国债ETF;军工ETF;证券ETF;半导体ETF;有色ETF;酒ETF;创新药ETF,创业板;纳指;黄金;国债ETF,军工ETF;证券ETF;半导体ETF;有色ETF;酒ETF;创新药ETF
2021-11-12,925212.1097404851,0.0,925212.1097404851,0.0,False,liquidate,-0.1816399933736465,10,创业板;纳指;黄金;国债ETF;军工ETF;证券ETF;半导体ETF;酒ETF;有色ETF;创新药ETF,创业板;纳指;黄金;国债ETF,军工ETF;证券ETF;半导体ETF;酒ETF;有色ETF;创新药ETF
2021-11-15,925285.5392730042,0.0,925285.5392730042,0.0,False,liquidate,-0.18157504416677142,10,创业板;纳指;黄金;国债ETF;军工ETF;半导体ETF;证券ETF;酒ETF;创新药ETF;有色ETF,创业板;纳指;黄金;国债ETF,军工ETF;半导体ETF;证券ETF;酒ETF;创新药ETF;有色ETF
2021-11-16,925358.974633264,0.0,925358.974633264,0.0,False,liquidate,-0.18151008980519728,10,创业板;纳指;黄金;国债ETF;军工ETF;酒ETF;半导体ETF;证券ETF;创新药ETF;有色ETF,创业板;纳指;黄金;国债ETF,军工ETF;酒ETF;半导体ETF;证券ETF;创新药ETF;有色ETF
2021-11-17,925432.415821727,0.0,925432.415821727,0.0,False,liquidate,-0.1814451302885151,10,创业板;纳指;黄金;国债ETF;军工ETF;半导体ETF;酒ETF;证券ETF;创新药ETF;有色ETF,创业板;纳指;黄金;国债ETF,军工ETF;半导体ETF;酒ETF;证券ETF;创新药ETF;有色ETF
2021-11-18,925505.8628388557,0.0,925505.8628388557,0.0,False,liquidate,-0.18138016561631579,10,创业板;纳指;黄金;国债ETF;军工ETF;酒ETF;半导体ETF;有色ETF;创新药ETF;证券ETF,创业板;纳指;黄金;国债ETF,军工ETF;酒ETF;半导体ETF;有色ETF;创新药ETF;证券ETF
2021-11-19,925579.3156851128,0.0,925579.3156851128,0.0,False,liquidate,-0.18131519578819003,11,沪深300;创业板;纳指;黄金;国债ETF;军工ETF;酒ETF;半导体ETF;证券ETF;有色ETF;创新药ETF,沪深300;创业板;纳指;黄金;国债ETF,军工ETF;酒ETF;半导体ETF;证券ETF;有色ETF;创新药ETF
2021-11-22,925652.7743609609,0.0,925652.7743609609,0.0,True,liquidate,-0.1812502208037287,0,,沪深300;创业板;纳指;黄金;国债ETF,军工ETF;酒ETF;半导体ETF;有色ETF;证券ETF;创新药ETF
2021-11-23,925652.7743609609,0.0,925652.7743609609,0.0,True,liquidate,-0.1812502208037287,0,,沪深300;创业板;纳指;国债ETF,酒ETF;军工ETF;半导体ETF;证券ETF;创新药ETF;有色ETF
2021-11-24,925652.7743609609,0.0,925652.7743609609,0.0,True,liquidate,-0.1812502208037287,0,,沪深300;创业板;纳指;黄金;国债ETF,酒ETF;军工ETF;半导体ETF;有色ETF;证券ETF;创新药ETF
2021-11-25,925652.7743609609,0.0,925652.7743609609,0.0,True,liquidate,-0.1812502208037287,0,,沪深300;创业板;纳指;黄金;国债ETF,酒ETF;军工ETF;半导体ETF;有色ETF;证券ETF;创新药ETF
2021-11-26,925652.7743609609,0.0,925652.7743609609,0.0,True,liquidate,-0.1812502208037287,0,,创业板;纳指;黄金;国债ETF,酒ETF;军工ETF;半导体ETF;有色ETF;创新药ETF;证券ETF
2021-11-29,925652.7743609609,0.0,925652.7743609609,0.0,True,liquidate,-0.1812502208037287,0,,创业板;纳指;黄金;国债ETF,酒ETF;军工ETF;创新药ETF;有色ETF;半导体ETF;证券ETF
2021-11-30,925652.7743609609,0.0,925652.7743609609,0.0,True,liquidate,-0.1812502208037287,0,,创业板;纳指;黄金;国债ETF,军工ETF;酒ETF;创新药ETF;半导体ETF;有色ETF;证券ETF
2021-12-01,925652.7743609609,0.0,925652.7743609609,0.0,False,liquidate,-0.1812502208037287,10,创业板;纳指;黄金;国债ETF;军工ETF;半导体ETF;酒ETF;创新药ETF;有色ETF;证券ETF,创业板;纳指;黄金;国债ETF,军工ETF;半导体ETF;酒ETF;创新药ETF;有色ETF;证券ETF
2021-12-02,925726.2388668626,0.0,925726.2388668626,0.0,False,liquidate,-0.18118524066252265,9,创业板;纳指;国债ETF;军工ETF;半导体ETF;有色ETF;酒ETF;创新药ETF;证券ETF,创业板;纳指;国债ETF,军工ETF;半导体ETF;有色ETF;酒ETF;创新药ETF;证券ETF
2021-12-03,925799.7092032806,0.0,925799.7092032806,0.0,False,liquidate,-0.1811202553641625,9,创业板;纳指;国债ETF;半导体ETF;军工ETF;酒ETF;创新药ETF;有色ETF;证券ETF,创业板;纳指;国债ETF,半导体ETF;军工ETF;酒ETF;创新药ETF;有色ETF;证券ETF
2021-12-06,925873.1853706777,0.0,925873.1853706777,0.0,False,liquidate,-0.18105526490823903,11,沪深300;创业板;纳指;黄金;国债ETF;酒ETF;军工ETF;半导体ETF;证券ETF;创新药ETF;有色ETF,沪深300;创业板;纳指;黄金;国债ETF,酒ETF;军工ETF;半导体ETF;证券ETF;创新药ETF;有色ETF
2021-12-07,925946.6673695167,0.0,925946.6673695167,0.0,False,liquidate,-0.18099026929434284,9,创业板;纳指;国债ETF;酒ETF;军工ETF;证券ETF;半导体ETF;有色ETF;创新药ETF,创业板;纳指;国债ETF,酒ETF;军工ETF;证券ETF;半导体ETF;有色ETF;创新药ETF
2021-12-08,926020.1552002603,0.0,926020.1552002603,0.0,False,liquidate,-0.1809252685220646,10,沪深300;创业板;纳指;国债ETF;酒ETF;军工ETF;半导体ETF;有色ETF;创新药ETF;证券ETF,沪深300;创业板;纳指;国债ETF,酒ETF;军工ETF;半导体ETF;有色ETF;创新药ETF;证券ETF
2021-12-09,926093.6488633715,0.0,926093.6488633715,0.0,False,liquidate,-0.1808602625909949,10,沪深300;创业板;纳指;国债ETF;酒ETF;半导体ETF;军工ETF;创新药ETF;证券ETF;有色ETF,沪深300;创业板;纳指;国债ETF,酒ETF;半导体ETF;军工ETF;创新药ETF;证券ETF;有色ETF
2021-12-10,926167.148359313,0.0,926167.148359313,0.0,False,liquidate,-0.18079525150072434,10,沪深300;创业板;纳指;国债ETF;酒ETF;半导体ETF;军工ETF;有色ETF;证券ETF;创新药ETF,沪深300;创业板;纳指;国债ETF,酒ETF;半导体ETF;军工ETF;有色ETF;证券ETF;创新药ETF
2021-12-13,926240.6536885479,0.0,926240.6536885479,0.0,False,liquidate,-0.18073023525084342,10,沪深300;创业板;纳指;国债ETF;酒ETF;军工ETF;半导体ETF;有色ETF;证券ETF;创新药ETF,沪深300;创业板;纳指;国债ETF,酒ETF;军工ETF;半导体ETF;有色ETF;证券ETF;创新药ETF
2021-12-14,926314.1648515391,0.0,926314.1648515391,0.0,False,liquidate,-0.1806652138409427,11,沪深300;创业板;纳指;黄金;国债ETF;酒ETF;军工ETF;半导体ETF;证券ETF;创新药ETF;有色ETF,沪深300;创业板;纳指;黄金;国债ETF,酒ETF;军工ETF;半导体ETF;证券ETF;创新药ETF;有色ETF
2021-12-15,926387.6818487495,0.0,926387.6818487495,0.0,False,liquidate,-0.1806001872706126,10,沪深300;创业板;纳指;国债ETF;酒ETF;证券ETF;半导体ETF;军工ETF;创新药ETF;有色ETF,沪深300;创业板;纳指;国债ETF,酒ETF;证券ETF;半导体ETF;军工ETF;创新药ETF;有色ETF
2021-12-16,926461.2046806423,0.0,926461.2046806423,0.0,False,liquidate,-0.18053515553944355,10,沪深300;创业板;纳指;国债ETF;酒ETF;证券ETF;半导体ETF;军工ETF;创新药ETF;有色ETF,沪深300;创业板;纳指;国债ETF,酒ETF;证券ETF;半导体ETF;军工ETF;创新药ETF;有色ETF
2021-12-17,926534.7333476805,0.0,926534.7333476805,0.0,False,liquidate,-0.180470118647026,10,创业板;纳指;黄金;国债ETF;酒ETF;证券ETF;军工ETF;半导体ETF;创新药ETF;有色ETF,创业板;纳指;黄金;国债ETF,酒ETF;证券ETF;军工ETF;半导体ETF;创新药ETF;有色ETF
2021-12-20,926608.2678503272,0.0,926608.2678503272,0.0,False,liquidate,-0.18040507659295035,10,创业板;纳指;黄金;国债ETF;酒ETF;证券ETF;军工ETF;半导体ETF;创新药ETF;有色ETF,创业板;纳指;黄金;国债ETF,酒ETF;证券ETF;军工ETF;半导体ETF;创新药ETF;有色ETF
2021-12-21,926681.8081890455,0.0,926681.8081890455,0.0,False,liquidate,-0.18034002937680688,11,沪深300;创业板;纳指;黄金;国债ETF;酒ETF;证券ETF;军工ETF;半导体ETF;创新药ETF;有色ETF,沪深300;创业板;纳指;黄金;国债ETF,酒ETF;证券ETF;军工ETF;半导体ETF;创新药ETF;有色ETF
2021-12-22,926755.3543642986,0.0,926755.3543642986,0.0,False,liquidate,-0.18027497699818598,10,沪深300;创业板;纳指;国债ETF;酒ETF;证券ETF;军工ETF;半导体ETF;创新药ETF;有色ETF,沪深300;创业板;纳指;国债ETF,酒ETF;证券ETF;军工ETF;半导体ETF;创新药ETF;有色ETF
2021-12-23,926828.9063765499,0.0,926828.9063765499,0.0,False,liquidate,-0.18020991945667783,11,沪深300;创业板;纳指;黄金;国债ETF;酒ETF;证券ETF;军工ETF;半导体ETF;有色ETF;创新药ETF,沪深300;创业板;纳指;黄金;国债ETF,酒ETF;证券ETF;军工ETF;半导体ETF;有色ETF;创新药ETF
2021-12-24,926902.4642262623,0.0,926902.4642262623,0.0,False,liquidate,-0.1801448567518728,10,沪深300;纳指;黄金;国债ETF;酒ETF;证券ETF;军工ETF;半导体ETF;有色ETF;创新药ETF,沪深300;纳指;黄金;国债ETF,酒ETF;证券ETF;军工ETF;半导体ETF;有色ETF;创新药ETF
2021-12-27,926976.0279138994,0.0,926976.0279138994,0.0,False,liquidate,-0.18007978888336096,10,沪深300;纳指;黄金;国债ETF;酒ETF;证券ETF;军工ETF;半导体ETF;创新药ETF;有色ETF,沪深300;纳指;黄金;国债ETF,酒ETF;证券ETF;军工ETF;半导体ETF;创新药ETF;有色ETF
2021-12-28,927049.5974399244,0.0,927049.5974399244,0.0,False,liquidate,-0.1800147158507326,11,沪深300;创业板;纳指;黄金;国债ETF;酒ETF;军工ETF;证券ETF;半导体ETF;有色ETF;创新药ETF,沪深300;创业板;纳指;黄金;国债ETF,酒ETF;军工ETF;证券ETF;半导体ETF;有色ETF;创新药ETF
2021-12-29,927123.1728048006,623259.809082836,303863.36372196453,0.5,False,halve,-0.17994963765357788,10,沪深300;纳指;黄金;国债ETF;酒ETF;军工ETF;证券ETF;半导体ETF;创新药ETF;有色ETF,沪深300;纳指;黄金;国债ETF,酒ETF;军工ETF;证券ETF;半导体ETF;创新药ETF;有色ETF
2021-12-30,934955.546053808,612201.5692815526,322753.9767722554,0.5,False,halve,-0.1730218197440656,8,沪深300;国债ETF;军工ETF;证券ETF;酒ETF;半导体ETF;创新药ETF;有色ETF,沪深300;国债ETF,军工ETF;证券ETF;酒ETF;半导体ETF;创新药ETF;有色ETF
2021-12-31,908460.7134915835,0.0,908460.7134915835,0.0,False,liquidate,-0.19645678251953974,9,沪深300;纳指;国债ETF;军工ETF;证券ETF;半导体ETF;创新药ETF;有色ETF;酒ETF,沪深300;纳指;国债ETF,军工ETF;证券ETF;半导体ETF;创新药ETF;有色ETF;酒ETF
2022-01-04,908532.8135482098,0.0,908532.8135482098,0.0,False,liquidate,-0.19639300924831107,9,沪深300;纳指;国债ETF;军工ETF;证券ETF;半导体ETF;有色ETF;创新药ETF;酒ETF,沪深300;纳指;国债ETF,军工ETF;证券ETF;半导体ETF;有色ETF;创新药ETF;酒ETF
2022-01-05,908604.9193270629,0.0,908604.9193270629,0.0,False,liquidate,-0.19632923091571172,8,沪深300;国债ETF;军工ETF;证券ETF;半导体ETF;有色ETF;创新药ETF;酒ETF,沪深300;国债ETF,军工ETF;证券ETF;半导体ETF;有色ETF;创新药ETF;酒ETF
2022-01-06,908677.0308285968,0.0,908677.0308285968,0.0,False,liquidate,-0.19626544752133995,7,国债ETF;军工ETF;证券ETF;半导体ETF;有色ETF;创新药ETF;酒ETF,国债ETF,军工ETF;证券ETF;半导体ETF;有色ETF;创新药ETF;酒ETF
2022-01-07,908749.1480532658,0.0,908749.1480532658,0.0,False,liquidate,-0.196201659064794,7,国债ETF;军工ETF;证券ETF;半导体ETF;创新药ETF;有色ETF;酒ETF,国债ETF,军工ETF;证券ETF;半导体ETF;创新药ETF;有色ETF;酒ETF
2022-01-10,908821.271001524,0.0,908821.271001524,0.0,False,liquidate,-0.19613786554567217,7,国债ETF;军工ETF;证券ETF;创新药ETF;半导体ETF;有色ETF;酒ETF,国债ETF,军工ETF;证券ETF;创新药ETF;半导体ETF;有色ETF;酒ETF
2022-01-11,908893.3996738257,0.0,908893.3996738257,0.0,False,liquidate,-0.19607406696357257,7,国债ETF;证券ETF;军工ETF;创新药ETF;半导体ETF;有色ETF;酒ETF,国债ETF,证券ETF;军工ETF;创新药ETF;半导体ETF;有色ETF;酒ETF
2022-01-12,908965.5340706253,0.0,908965.5340706253,0.0,False,liquidate,-0.1960102633180934,7,国债ETF;证券ETF;军工ETF;创新药ETF;有色ETF;半导体ETF;酒ETF,国债ETF,证券ETF;军工ETF;创新药ETF;有色ETF;半导体ETF;酒ETF
2022-01-13,909037.674192377,0.0,909037.674192377,0.0,False,liquidate,-0.1959464546088329,7,国债ETF;证券ETF;军工ETF;创新药ETF;半导体ETF;有色ETF;酒ETF,国债ETF,证券ETF;军工ETF;创新药ETF;半导体ETF;有色ETF;酒ETF
2022-01-14,909109.8200395352,0.0,909109.8200395352,0.0,False,liquidate,-0.19588264083538912,7,国债ETF;军工ETF;证券ETF;创新药ETF;半导体ETF;有色ETF;酒ETF,国债ETF,军工ETF;证券ETF;创新药ETF;半导体ETF;有色ETF;酒ETF
2022-01-17,909181.9716125543,0.0,909181.9716125543,0.0,False,liquidate,-0.1958188219973601,7,国债ETF;军工ETF;证券ETF;半导体ETF;创新药ETF;有色ETF;酒ETF,国债ETF,军工ETF;证券ETF;半导体ETF;创新药ETF;有色ETF;酒ETF
2022-01-18,909254.1289118887,0.0,909254.1289118887,0.0,False,liquidate,-0.19575499809434393,7,国债ETF;军工ETF;证券ETF;半导体ETF;创新药ETF;有色ETF;酒ETF,国债ETF,军工ETF;证券ETF;半导体ETF;创新药ETF;有色ETF;酒ETF
2022-01-19,909326.2919379929,0.0,909326.2919379929,0.0,False,liquidate,-0.19569116912593865,8,黄金;国债ETF;证券ETF;军工ETF;半导体ETF;创新药ETF;有色ETF;酒ETF,黄金;国债ETF,证券ETF;军工ETF;半导体ETF;创新药ETF;有色ETF;酒ETF
2022-01-20,909398.4606913214,0.0,909398.4606913214,0.0,False,liquidate,-0.1956273350917422,8,黄金;国债ETF;证券ETF;军工ETF;半导体ETF;有色ETF;创新药ETF;酒ETF,黄金;国债ETF,证券ETF;军工ETF;半导体ETF;有色ETF;创新药ETF;酒ETF
2022-01-21,909470.6351723287,0.0,909470.6351723287,0.0,False,liquidate,-0.19556349599135264,8,黄金;国债ETF;证券ETF;有色ETF;半导体ETF;军工ETF;创新药ETF;酒ETF,黄金;国债ETF,证券ETF;有色ETF;半导体ETF;军工ETF;创新药ETF;酒ETF
2022-01-24,909542.8153814694,0.0,909542.8153814694,0.0,False,liquidate,-0.19549965182436774,8,黄金;国债ETF;证券ETF;有色ETF;半导体ETF;军工ETF;创新药ETF;酒ETF,黄金;国债ETF,证券ETF;有色ETF;半导体ETF;军工ETF;创新药ETF;酒ETF
2022-01-25,909615.0013191982,0.0,909615.0013191982,0.0,False,liquidate,-0.1954358025903855,8,黄金;国债ETF;证券ETF;有色ETF;军工ETF;半导体ETF;创新药ETF;酒ETF,黄金;国债ETF,证券ETF;有色ETF;军工ETF;半导体ETF;创新药ETF;酒ETF
2022-01-26,909687.1929859696,0.0,909687.1929859696,0.0,False,liquidate,-0.19537194828900373,8,黄金;国债ETF;证券ETF;有色ETF;半导体ETF;军工ETF;创新药ETF;酒ETF,黄金;国债ETF,证券ETF;有色ETF;半导体ETF;军工ETF;创新药ETF;酒ETF
2022-01-27,909759.3903822383,0.0,909759.3903822383,0.0,False,liquidate,-0.19530808891982032,8,黄金;国债ETF;证券ETF;有色ETF;半导体ETF;军工ETF;创新药ETF;酒ETF,黄金;国债ETF,证券ETF;有色ETF;半导体ETF;军工ETF;创新药ETF;酒ETF
2022-01-28,909831.5935084592,0.0,909831.5935084592,0.0,False,liquidate,-0.19524422448243298,8,黄金;国债ETF;证券ETF;有色ETF;半导体ETF;军工ETF;创新药ETF;酒ETF,黄金;国债ETF,证券ETF;有色ETF;半导体ETF;军工ETF;创新药ETF;酒ETF
2022-02-07,909903.8023650869,0.0,909903.8023650869,0.0,False,liquidate,-0.19518035497643949,8,黄金;国债ETF;证券ETF;有色ETF;半导体ETF;创新药ETF;军工ETF;酒ETF,黄金;国债ETF,证券ETF;有色ETF;半导体ETF;创新药ETF;军工ETF;酒ETF
2022-02-08,909976.0169525762,0.0,909976.0169525762,0.0,False,liquidate,-0.19511648040143756,8,黄金;国债ETF;证券ETF;有色ETF;半导体ETF;创新药ETF;军工ETF;酒ETF,黄金;国债ETF,证券ETF;有色ETF;半导体ETF;创新药ETF;军工ETF;酒ETF
2022-02-09,910048.237271382,0.0,910048.237271382,0.0,False,liquidate,-0.19505260075702496,8,黄金;国债ETF;证券ETF;有色ETF;军工ETF;半导体ETF;创新药ETF;酒ETF,黄金;国债ETF,证券ETF;有色ETF;军工ETF;半导体ETF;创新药ETF;酒ETF
2022-02-10,910120.4633219591,0.0,910120.4633219591,0.0,False,liquidate,-0.1949887160427993,8,黄金;国债ETF;有色ETF;证券ETF;军工ETF;半导体ETF;酒ETF;创新药ETF,黄金;国债ETF,有色ETF;证券ETF;军工ETF;半导体ETF;酒ETF;创新药ETF
2022-02-11,910192.6951047626,0.0,910192.6951047626,0.0,False,liquidate,-0.19492482625835816,8,黄金;国债ETF;有色ETF;证券ETF;半导体ETF;军工ETF;酒ETF;创新药ETF,黄金;国债ETF,有色ETF;证券ETF;半导体ETF;军工ETF;酒ETF;创新药ETF
2022-02-14,910264.9326202471,0.0,910264.9326202471,0.0,False,liquidate,-0.19486093140329924,8,黄金;国债ETF;有色ETF;证券ETF;军工ETF;半导体ETF;酒ETF;创新药ETF,黄金;国债ETF,有色ETF;证券ETF;军工ETF;半导体ETF;酒ETF;创新药ETF
2022-02-15,910337.1758688678,0.0,910337.1758688678,0.0,False,liquidate,-0.19479703147722013,8,黄金;国债ETF;有色ETF;证券ETF;半导体ETF;军工ETF;酒ETF;创新药ETF,黄金;国债ETF,有色ETF;证券ETF;半导体ETF;军工ETF;酒ETF;创新药ETF
2022-02-16,910409.4248510796,0.0,910409.4248510796,0.0,False,liquidate,-0.19473312647971833,8,黄金;国债ETF;有色ETF;证券ETF;半导体ETF;酒ETF;军工ETF;创新药ETF,黄金;国债ETF,有色ETF;证券ETF;半导体ETF;酒ETF;军工ETF;创新药ETF
2022-02-17,910481.6795673376,0.0,910481.6795673376,0.0,False,liquidate,-0.1946692164103913,8,黄金;国债ETF;有色ETF;证券ETF;半导体ETF;酒ETF;军工ETF;创新药ETF,黄金;国债ETF,有色ETF;证券ETF;半导体ETF;酒ETF;军工ETF;创新药ETF
2022-02-18,910553.9400180969,0.0,910553.9400180969,0.0,False,liquidate,-0.19460530126883657,8,黄金;国债ETF;有色ETF;证券ETF;半导体ETF;酒ETF;军工ETF;创新药ETF,黄金;国债ETF,有色ETF;证券ETF;半导体ETF;酒ETF;军工ETF;创新药ETF
2022-02-21,910626.2062038127,0.0,910626.2062038127,0.0,False,liquidate,-0.19454138105465152,8,黄金;国债ETF;有色ETF;证券ETF;酒ETF;军工ETF;半导体ETF;创新药ETF,黄金;国债ETF,有色ETF;证券ETF;酒ETF;军工ETF;半导体ETF;创新药ETF
2022-02-22,910698.4781249401,0.0,910698.4781249401,0.0,False,liquidate,-0.19447745576743358,8,黄金;国债ETF;有色ETF;证券ETF;军工ETF;半导体ETF;酒ETF;创新药ETF,黄金;国债ETF,有色ETF;证券ETF;军工ETF;半导体ETF;酒ETF;创新药ETF
2022-02-23,910770.7557819341,0.0,910770.7557819341,0.0,False,liquidate,-0.1944135254067802,8,黄金;国债ETF;有色ETF;军工ETF;半导体ETF;证券ETF;创新药ETF;酒ETF,黄金;国债ETF,有色ETF;军工ETF;半导体ETF;证券ETF;创新药ETF;酒ETF
2022-02-24,910843.0391752502,0.0,910843.0391752502,0.0,False,liquidate,-0.1943495899722886,8,黄金;国债ETF;有色ETF;军工ETF;半导体ETF;证券ETF;创新药ETF;酒ETF,黄金;国债ETF,有色ETF;军工ETF;半导体ETF;证券ETF;创新药ETF;酒ETF
2022-02-25,910915.3283053435,0.0,910915.3283053435,0.0,False,liquidate,-0.19428564946355623,8,黄金;国债ETF;有色ETF;军工ETF;半导体ETF;创新药ETF;证券ETF;酒ETF,黄金;国债ETF,有色ETF;军工ETF;半导体ETF;创新药ETF;证券ETF;酒ETF
2022-02-28,910987.6231726693,0.0,910987.6231726693,0.0,False,liquidate,-0.19422170388018034,8,黄金;国债ETF;有色ETF;军工ETF;半导体ETF;证券ETF;创新药ETF;酒ETF,黄金;国债ETF,有色ETF;军工ETF;半导体ETF;证券ETF;创新药ETF;酒ETF
2022-03-01,911059.923777683,0.0,911059.923777683,0.0,False,liquidate,-0.1941577532217581,8,黄金;国债ETF;有色ETF;军工ETF;半导体ETF;创新药ETF;证券ETF;酒ETF,黄金;国债ETF,有色ETF;军工ETF;半导体ETF;创新药ETF;证券ETF;酒ETF
2022-03-02,911132.23012084,0.0,911132.23012084,0.0,False,liquidate,-0.1940937974878868,8,黄金;国债ETF;有色ETF;军工ETF;半导体ETF;创新药ETF;证券ETF;酒ETF,黄金;国债ETF,有色ETF;军工ETF;半导体ETF;创新药ETF;证券ETF;酒ETF
2022-03-03,911204.5422025956,0.0,911204.5422025956,0.0,False,liquidate,-0.19402983667816365,8,黄金;国债ETF;有色ETF;军工ETF;创新药ETF;半导体ETF;证券ETF;酒ETF,黄金;国债ETF,有色ETF;军工ETF;创新药ETF;半导体ETF;证券ETF;酒ETF
2022-03-04,911276.8600234054,0.0,911276.8600234054,0.0,False,liquidate,-0.19396587079218566,8,黄金;国债ETF;有色ETF;军工ETF;半导体ETF;创新药ETF;证券ETF;酒ETF,黄金;国债ETF,有色ETF;军工ETF;半导体ETF;创新药ETF;证券ETF;酒ETF
2022-03-07,911349.1835837248,0.0,911349.1835837248,0.0,False,liquidate,-0.19390189982955008,8,黄金;国债ETF;有色ETF;军工ETF;半导体ETF;创新药ETF;证券ETF;酒ETF,黄金;国债ETF,有色ETF;军工ETF;半导体ETF;创新药ETF;证券ETF;酒ETF
2022-03-08,911421.5128840093,0.0,911421.5128840093,0.0,False,liquidate,-0.19383792378985393,8,黄金;国债ETF;有色ETF;半导体ETF;军工ETF;创新药ETF;证券ETF;酒ETF,黄金;国债ETF,有色ETF;半导体ETF;军工ETF;创新药ETF;证券ETF;酒ETF
2022-03-09,911493.8479247144,0.0,911493.8479247144,0.0,False,liquidate,-0.19377394267269432,8,黄金;国债ETF;半导体ETF;有色ETF;军工ETF;创新药ETF;证券ETF;酒ETF,黄金;国债ETF,半导体ETF;有色ETF;军工ETF;创新药ETF;证券ETF;酒ETF
2022-03-10,911566.1887062958,0.0,911566.1887062958,0.0,False,liquidate,-0.19370995647766834,8,黄金;国债ETF;有色ETF;半导体ETF;创新药ETF;军工ETF;证券ETF;酒ETF,黄金;国债ETF,有色ETF;半导体ETF;创新药ETF;军工ETF;证券ETF;酒ETF
2022-03-11,911638.535229209,0.0,911638.535229209,0.0,False,liquidate,-0.1936459652043729,8,黄金;国债ETF;半导体ETF;创新药ETF;有色ETF;军工ETF;证券ETF;酒ETF,黄金;国债ETF,半导体ETF;创新药ETF;有色ETF;军工ETF;证券ETF;酒ETF
2022-03-14,911710.8874939098,0.0,911710.8874939098,0.0,False,liquidate,-0.19358196885240495,8,黄金;国债ETF;创新药ETF;半导体ETF;军工ETF;有色ETF;证券ETF;酒ETF,黄金;国债ETF,创新药ETF;半导体ETF;军工ETF;有色ETF;证券ETF;酒ETF
2022-03-15,911783.2455008538,0.0,911783.2455008538,0.0,False,liquidate,-0.1935179674213615,8,黄金;国债ETF;创新药ETF;半导体ETF;军工ETF;有色ETF;证券ETF;酒ETF,黄金;国债ETF,创新药ETF;半导体ETF;军工ETF;有色ETF;证券ETF;酒ETF
2022-03-16,911855.6092504967,0.0,911855.6092504967,0.0,False,liquidate,-0.19345396091083933,8,黄金;国债ETF;半导体ETF;创新药ETF;军工ETF;证券ETF;有色ETF;酒ETF,黄金;国债ETF,半导体ETF;创新药ETF;军工ETF;证券ETF;有色ETF;酒ETF
2022-03-17,911927.9787432944,0.0,911927.9787432944,0.0,False,liquidate,-0.19338994932043543,8,黄金;国债ETF;创新药ETF;半导体ETF;军工ETF;有色ETF;证券ETF;酒ETF,黄金;国债ETF,创新药ETF;半导体ETF;军工ETF;有色ETF;证券ETF;酒ETF
2022-03-18,912000.3539797026,0.0,912000.3539797026,0.0,False,liquidate,-0.19332593264974657,8,黄金;国债ETF;创新药ETF;半导体ETF;有色ETF;军工ETF;证券ETF;酒ETF,黄金;国债ETF,创新药ETF;半导体ETF;有色ETF;军工ETF;证券ETF;酒ETF
2022-03-21,912072.7349601772,0.0,912072.7349601772,0.0,False,liquidate,-0.19326191089836953,7,黄金;创新药ETF;半导体ETF;军工ETF;有色ETF;证券ETF;酒ETF,黄金,创新药ETF;半导体ETF;军工ETF;有色ETF;证券ETF;酒ETF
2022-03-22,912145.1216851741,0.0,912145.1216851741,0.0,False,liquidate,-0.19319788406590113,7,黄金;创新药ETF;有色ETF;半导体ETF;军工ETF;证券ETF;酒ETF,黄金,创新药ETF;有色ETF;半导体ETF;军工ETF;证券ETF;酒ETF
2022-03-23,912217.5141551491,0.0,912217.5141551491,0.0,False,liquidate,-0.19313385215193807,7,黄金;创新药ETF;有色ETF;半导体ETF;军工ETF;证券ETF;酒ETF,黄金,创新药ETF;有色ETF;半导体ETF;军工ETF;证券ETF;酒ETF
2022-03-24,912289.9123705582,0.0,912289.9123705582,0.0,False,liquidate,-0.19306981515607713,7,黄金;创新药ETF;有色ETF;军工ETF;半导体ETF;证券ETF;酒ETF,黄金,创新药ETF;有色ETF;军工ETF;半导体ETF;证券ETF;酒ETF
2022-03-25,912362.3163318576,0.0,912362.3163318576,0.0,False,liquidate,-0.19300577307791483,8,纳指;黄金;创新药ETF;有色ETF;证券ETF;军工ETF;半导体ETF;酒ETF,纳指;黄金,创新药ETF;有色ETF;证券ETF;军工ETF;半导体ETF;酒ETF
2022-03-28,912434.726039503,0.0,912434.726039503,0.0,False,liquidate,-0.19294172591704797,8,纳指;黄金;创新药ETF;有色ETF;证券ETF;半导体ETF;军工ETF;酒ETF,纳指;黄金,创新药ETF;有色ETF;证券ETF;半导体ETF;军工ETF;酒ETF
2022-03-29,912507.1414939506,0.0,912507.1414939506,0.0,False,liquidate,-0.1928776736730731,8,纳指;黄金;创新药ETF;有色ETF;证券ETF;军工ETF;半导体ETF;酒ETF,纳指;黄金,创新药ETF;有色ETF;证券ETF;军工ETF;半导体ETF;酒ETF
2022-03-30,912579.5626956566,0.0,912579.5626956566,0.0,False,liquidate,-0.19281361634558677,8,纳指;黄金;创新药ETF;有色ETF;证券ETF;半导体ETF;军工ETF;酒ETF,纳指;黄金,创新药ETF;有色ETF;证券ETF;半导体ETF;军工ETF;酒ETF
2022-03-31,912651.9896450769,0.0,912651.9896450769,0.0,False,liquidate,-0.19274955393418555,8,纳指;黄金;创新药ETF;证券ETF;有色ETF;军工ETF;半导体ETF;酒ETF,纳指;黄金,创新药ETF;证券ETF;有色ETF;军工ETF;半导体ETF;酒ETF
2022-04-01,912724.4223426678,0.0,912724.4223426678,0.0,False,liquidate,-0.19268548643846603,8,纳指;黄金;创新药ETF;有色ETF;证券ETF;酒ETF;半导体ETF;军工ETF,纳指;黄金,创新药ETF;有色ETF;证券ETF;酒ETF;半导体ETF;军工ETF
2022-04-06,912796.8607888855,0.0,912796.8607888855,0.0,False,liquidate,-0.19262141385802464,8,纳指;黄金;创新药ETF;有色ETF;证券ETF;酒ETF;军工ETF;半导体ETF,纳指;黄金,创新药ETF;有色ETF;证券ETF;酒ETF;军工ETF;半导体ETF
2022-04-07,912869.3049841862,0.0,912869.3049841862,0.0,False,liquidate,-0.19255733619245782,7,黄金;创新药ETF;有色ETF;证券ETF;军工ETF;酒ETF;半导体ETF,黄金,创新药ETF;有色ETF;证券ETF;军工ETF;酒ETF;半导体ETF
2022-04-08,912941.7549290262,0.0,912941.7549290262,0.0,False,liquidate,-0.19249325344136195,7,黄金;有色ETF;创新药ETF;证券ETF;军工ETF;酒ETF;半导体ETF,黄金,有色ETF;创新药ETF;证券ETF;军工ETF;酒ETF;半导体ETF
2022-04-11,913014.2106238619,0.0,913014.2106238619,0.0,False,liquidate,-0.19242916560433349,8,黄金;国债ETF;创新药ETF;有色ETF;证券ETF;军工ETF;酒ETF;半导体ETF,黄金;国债ETF,创新药ETF;有色ETF;证券ETF;军工ETF;酒ETF;半导体ETF
2022-04-12,913086.6720691496,0.0,913086.6720691496,0.0,False,liquidate,-0.1923650726809687,8,黄金;国债ETF;有色ETF;创新药ETF;证券ETF;酒ETF;军工ETF;半导体ETF,黄金;国债ETF,有色ETF;创新药ETF;证券ETF;酒ETF;军工ETF;半导体ETF
2022-04-13,913159.1392653455,0.0,913159.1392653455,0.0,False,liquidate,-0.19230097467086402,8,黄金;国债ETF;有色ETF;证券ETF;酒ETF;创新药ETF;军工ETF;半导体ETF,黄金;国债ETF,有色ETF;证券ETF;酒ETF;创新药ETF;军工ETF;半导体ETF
2022-04-14,913231.6122129064,0.0,913231.6122129064,0.0,False,liquidate,-0.19223687157361558,8,黄金;国债ETF;有色ETF;酒ETF;证券ETF;创新药ETF;军工ETF;半导体ETF,黄金;国债ETF,有色ETF;酒ETF;证券ETF;创新药ETF;军工ETF;半导体ETF
2022-04-15,913304.0909122884,0.0,913304.0909122884,0.0,False,liquidate,-0.19217276338881978,8,黄金;国债ETF;有色ETF;酒ETF;证券ETF;创新药ETF;军工ETF;半导体ETF,黄金;国债ETF,有色ETF;酒ETF;证券ETF;创新药ETF;军工ETF;半导体ETF
2022-04-18,913376.5753639481,0.0,913376.5753639481,0.0,False,liquidate,-0.19210865011607284,8,黄金;国债ETF;酒ETF;有色ETF;证券ETF;创新药ETF;军工ETF;半导体ETF,黄金;国债ETF,酒ETF;有色ETF;证券ETF;创新药ETF;军工ETF;半导体ETF
2022-04-19,913449.0655683421,0.0,913449.0655683421,0.0,False,liquidate,-0.19204453175497094,8,黄金;国债ETF;酒ETF;有色ETF;证券ETF;创新药ETF;军工ETF;半导体ETF,黄金;国债ETF,酒ETF;有色ETF;证券ETF;创新药ETF;军工ETF;半导体ETF
2022-04-20,913521.5615259269,0.0,913521.5615259269,0.0,False,liquidate,-0.19198040830511018,9,纳指;黄金;国债ETF;酒ETF;有色ETF;证券ETF;创新药ETF;军工ETF;半导体ETF,纳指;黄金;国债ETF,酒ETF;有色ETF;证券ETF;创新药ETF;军工ETF;半导体ETF
2022-04-21,913594.0632371592,0.0,913594.0632371592,0.0,False,liquidate,-0.19191627976608677,9,纳指;黄金;国债ETF;酒ETF;证券ETF;有色ETF;创新药ETF;军工ETF;半导体ETF,纳指;黄金;国债ETF,酒ETF;证券ETF;有色ETF;创新药ETF;军工ETF;半导体ETF
2022-04-22,913666.5707024955,0.0,913666.5707024955,0.0,True,liquidate,-0.1918521461374967,0,,纳指;黄金;国债ETF,酒ETF;证券ETF;有色ETF;创新药ETF;军工ETF;半导体ETF
2022-04-25,913666.5707024955,0.0,913666.5707024955,0.0,True,liquidate,-0.1918521461374967,0,,黄金;国债ETF,酒ETF;证券ETF;创新药ETF;有色ETF;军工ETF;半导体ETF
2022-04-26,913666.5707024955,0.0,913666.5707024955,0.0,True,liquidate,-0.1918521461374967,0,,纳指;黄金;国债ETF,酒ETF;创新药ETF;证券ETF;有色ETF;军工ETF;半导体ETF
2022-04-27,913666.5707024955,0.0,913666.5707024955,0.0,True,liquidate,-0.1918521461374967,0,,黄金;国债ETF,酒ETF;创新药ETF;有色ETF;证券ETF;军工ETF;半导体ETF
2022-04-28,913666.5707024955,0.0,913666.5707024955,0.0,True,liquidate,-0.1918521461374967,0,,黄金;国债ETF,酒ETF;创新药ETF;有色ETF;证券ETF;军工ETF;半导体ETF
2022-04-29,913666.5707024955,0.0,913666.5707024955,0.0,True,liquidate,-0.1918521461374967,0,,黄金;国债ETF,酒ETF;有色ETF;创新药ETF;证券ETF;军工ETF;半导体ETF
2022-05-05,913666.5707024955,0.0,913666.5707024955,0.0,True,liquidate,-0.1918521461374967,0,,纳指;黄金;国债ETF,酒ETF;有色ETF;创新药ETF;军工ETF;证券ETF;半导体ETF
2022-05-06,913666.5707024955,0.0,913666.5707024955,0.0,True,liquidate,-0.1918521461374967,0,,国债ETF,酒ETF;军工ETF;创新药ETF;有色ETF;证券ETF;半导体ETF
2022-05-09,913666.5707024955,0.0,913666.5707024955,0.0,True,liquidate,-0.1918521461374967,0,,纳指;国债ETF,酒ETF;军工ETF;创新药ETF;有色ETF;半导体ETF;证券ETF
2022-05-10,913666.5707024955,0.0,913666.5707024955,0.0,True,liquidate,-0.1918521461374967,0,,国债ETF,酒ETF;军工ETF;创新药ETF;有色ETF;半导体ETF;证券ETF
2022-05-11,913666.5707024955,0.0,913666.5707024955,0.0,True,liquidate,-0.1918521461374967,0,,国债ETF,酒ETF;创新药ETF;军工ETF;半导体ETF;有色ETF;证券ETF
2022-05-12,913666.5707024955,0.0,913666.5707024955,0.0,True,liquidate,-0.1918521461374967,0,,国债ETF,酒ETF;创新药ETF;军工ETF;半导体ETF;有色ETF;证券ETF
2022-05-13,913666.5707024955,0.0,913666.5707024955,0.0,True,liquidate,-0.1918521461374967,0,,国债ETF,创新药ETF;军工ETF;酒ETF;半导体ETF;证券ETF;有色ETF
2022-05-16,913666.5707024955,0.0,913666.5707024955,0.0,True,liquidate,-0.1918521461374967,0,,纳指;黄金;国债ETF,创新药ETF;军工ETF;酒ETF;半导体ETF;有色ETF;证券ETF
2022-05-17,913666.5707024955,0.0,913666.5707024955,0.0,True,liquidate,-0.1918521461374967,0,,黄金;国债ETF,军工ETF;创新药ETF;酒ETF;半导体ETF;有色ETF;证券ETF
2022-05-18,913666.5707024955,0.0,913666.5707024955,0.0,True,liquidate,-0.1918521461374967,0,,国债ETF,军工ETF;酒ETF;创新药ETF;半导体ETF;有色ETF;证券ETF
2022-05-19,913666.5707024955,0.0,913666.5707024955,0.0,True,liquidate,-0.1918521461374967,0,,国债ETF,军工ETF;半导体ETF;创新药ETF;酒ETF;有色ETF;证券ETF
2022-05-20,913666.5707024955,0.0,913666.5707024955,0.0,True,liquidate,-0.1918521461374967,0,,黄金;国债ETF,军工ETF;半导体ETF;酒ETF;创新药ETF;有色ETF;证券ETF
2022-05-23,913666.5707024955,0.0,913666.5707024955,0.0,True,liquidate,-0.1918521461374967,0,,黄金;国债ETF,军工ETF;创新药ETF;有色ETF;半导体ETF;酒ETF;证券ETF
2022-05-24,913666.5707024955,0.0,913666.5707024955,0.0,True,liquidate,-0.1918521461374967,0,,黄金;国债ETF,有色ETF;酒ETF;军工ETF;创新药ETF;半导体ETF;证券ETF
2022-05-25,913666.5707024955,0.0,913666.5707024955,0.0,True,liquidate,-0.1918521461374967,0,,黄金;国债ETF,有色ETF;酒ETF;创新药ETF;军工ETF;半导体ETF;证券ETF
2022-05-26,913666.5707024955,0.0,913666.5707024955,0.0,True,liquidate,-0.1918521461374967,0,,国债ETF,军工ETF;有色ETF;酒ETF;证券ETF;创新药ETF;半导体ETF
2022-05-27,913666.5707024955,0.0,913666.5707024955,0.0,True,liquidate,-0.1918521461374967,0,,黄金;国债ETF,军工ETF;酒ETF;有色ETF;证券ETF;创新药ETF;半导体ETF
2022-05-30,913666.5707024955,0.0,913666.5707024955,0.0,True,liquidate,-0.1918521461374967,0,,黄金;国债ETF,军工ETF;有色ETF;酒ETF;证券ETF;创新药ETF;半导体ETF
2022-05-31,913666.5707024955,0.0,913666.5707024955,0.0,True,liquidate,-0.1918521461374967,0,,黄金;国债ETF,酒ETF;军工ETF;半导体ETF;有色ETF;创新药ETF;证券ETF
2022-06-01,913666.5707024955,0.0,913666.5707024955,0.0,True,liquidate,-0.1918521461374967,0,,黄金;国债ETF,酒ETF;军工ETF;半导体ETF;有色ETF;证券ETF;创新药ETF
2022-06-02,913666.5707024955,0.0,913666.5707024955,0.0,True,liquidate,-0.1918521461374967,0,,黄金;国债ETF,酒ETF;军工ETF;半导体ETF;有色ETF;证券ETF;创新药ETF
2022-06-06,913666.5707024955,0.0,913666.5707024955,0.0,True,liquidate,-0.1918521461374967,0,,黄金;国债ETF,酒ETF;半导体ETF;有色ETF;军工ETF;证券ETF;创新药ETF
2022-06-07,913666.5707024955,0.0,913666.5707024955,0.0,True,liquidate,-0.1918521461374967,0,,黄金;国债ETF,酒ETF;有色ETF;军工ETF;半导体ETF;证券ETF;创新药ETF
2022-06-08,913666.5707024955,0.0,913666.5707024955,0.0,True,liquidate,-0.1918521461374967,0,,创业板;黄金;国债ETF,有色ETF;酒ETF;军工ETF;证券ETF;创新药ETF;半导体ETF
2022-06-09,913666.5707024955,0.0,913666.5707024955,0.0,True,liquidate,-0.1918521461374967,0,,沪深300;创业板;国债ETF,有色ETF;酒ETF;证券ETF;军工ETF;创新药ETF;半导体ETF
2022-06-10,913666.5707024955,0.0,913666.5707024955,0.0,True,liquidate,-0.1918521461374967,0,,沪深300;创业板;国债ETF,有色ETF;酒ETF;证券ETF;军工ETF;创新药ETF;半导体ETF
2022-06-13,913666.5707024955,0.0,913666.5707024955,0.0,True,liquidate,-0.1918521461374967,0,,沪深300;创业板;国债ETF,有色ETF;酒ETF;证券ETF;军工ETF;半导体ETF;创新药ETF
2022-06-14,913666.5707024955,0.0,913666.5707024955,0.0,True,liquidate,-0.1918521461374967,0,,沪深300;创业板;国债ETF,有色ETF;证券ETF;酒ETF;军工ETF;创新药ETF;半导体ETF
2022-06-15,913666.5707024955,0.0,913666.5707024955,0.0,True,liquidate,-0.1918521461374967,0,,沪深300;创业板;国债ETF,证券ETF;有色ETF;酒ETF;军工ETF;创新药ETF;半导体ETF
2022-06-16,913666.5707024955,0.0,913666.5707024955,0.0,True,liquidate,-0.1918521461374967,0,,沪深300;创业板;国债ETF,有色ETF;酒ETF;证券ETF;军工ETF;创新药ETF;半导体ETF
2022-06-17,913666.5707024955,0.0,913666.5707024955,0.0,True,liquidate,-0.1918521461374967,0,,沪深300;创业板;国债ETF,有色ETF;酒ETF;证券ETF;军工ETF;创新药ETF;半导体ETF
2022-06-20,913666.5707024955,0.0,913666.5707024955,0.0,True,liquidate,-0.1918521461374967,0,,沪深300;创业板;国债ETF,酒ETF;有色ETF;证券ETF;军工ETF;创新药ETF;半导体ETF
2022-06-21,913666.5707024955,0.0,913666.5707024955,0.0,True,liquidate,-0.1918521461374967,0,,沪深300;创业板;国债ETF,酒ETF;证券ETF;有色ETF;创新药ETF;军工ETF;半导体ETF
2022-06-22,913666.5707024955,0.0,913666.5707024955,0.0,True,liquidate,-0.1918521461374967,0,,沪深300;创业板;国债ETF,酒ETF;证券ETF;有色ETF;创新药ETF;军工ETF;半导体ETF
2022-06-23,913666.5707024955,0.0,913666.5707024955,0.0,True,liquidate,-0.1918521461374967,0,,沪深300;创业板;国债ETF,酒ETF;证券ETF;有色ETF;军工ETF;创新药ETF;半导体ETF
2022-06-24,913666.5707024955,0.0,913666.5707024955,0.0,True,liquidate,-0.1918521461374967,0,,沪深300;创业板;国债ETF,酒ETF;证券ETF;军工ETF;有色ETF;创新药ETF;半导体ETF
2022-06-27,913666.5707024955,0.0,913666.5707024955,0.0,True,liquidate,-0.1918521461374967,0,,沪深300;创业板;国债ETF,酒ETF;有色ETF;证券ETF;创新药ETF;军工ETF;半导体ETF
2022-06-28,913666.5707024955,0.0,913666.5707024955,0.0,True,liquidate,-0.1918521461374967,0,,沪深300;创业板;国债ETF,酒ETF;有色ETF;证券ETF;军工ETF;创新药ETF;半导体ETF
2022-06-29,913666.5707024955,0.0,913666.5707024955,0.0,True,liquidate,-0.1918521461374967,0,,沪深300;创业板;国债ETF,酒ETF;有色ETF;证券ETF;创新药ETF;军工ETF;半导体ETF
2022-06-30,913666.5707024955,0.0,913666.5707024955,0.0,True,liquidate,-0.1918521461374967,0,,沪深300;创业板;国债ETF,酒ETF;有色ETF;创新药ETF;证券ETF;军工ETF;半导体ETF
2022-07-01,913666.5707024955,0.0,913666.5707024955,0.0,True,liquidate,-0.1918521461374967,0,,沪深300;创业板;国债ETF,酒ETF;有色ETF;创新药ETF;证券ETF;军工ETF;半导体ETF
2022-07-04,913666.5707024955,0.0,913666.5707024955,0.0,True,liquidate,-0.1918521461374967,0,,沪深300;创业板;国债ETF,酒ETF;创新药ETF;有色ETF;军工ETF;证券ETF;半导体ETF
2022-07-05,913666.5707024955,0.0,913666.5707024955,0.0,True,liquidate,-0.1918521461374967,0,,沪深300;创业板,酒ETF;创新药ETF;有色ETF;军工ETF;证券ETF;半导体ETF
2022-07-06,913666.5707024955,0.0,913666.5707024955,0.0,True,liquidate,-0.1918521461374967,0,,沪深300;创业板;国债ETF,酒ETF;创新药ETF;军工ETF;有色ETF;半导体ETF;证券ETF
2022-07-07,913666.5707024955,0.0,913666.5707024955,0.0,True,liquidate,-0.1918521461374967,0,,沪深300;创业板;国债ETF,酒ETF;军工ETF;创新药ETF;有色ETF;半导体ETF;证券ETF
2022-07-08,913666.5707024955,0.0,913666.5707024955,0.0,True,liquidate,-0.1918521461374967,0,,沪深300;创业板,酒ETF;创新药ETF;军工ETF;有色ETF;半导体ETF;证券ETF
2022-07-11,913666.5707024955,0.0,913666.5707024955,0.0,False,liquidate,-0.1918521461374967,8,沪深300;创业板;军工ETF;创新药ETF;酒ETF;半导体ETF;有色ETF;证券ETF,沪深300;创业板,军工ETF;创新药ETF;酒ETF;半导体ETF;有色ETF;证券ETF
2022-07-12,913739.0839223926,0.0,913739.0839223926,0.0,False,liquidate,-0.19178800741893617,8,沪深300;创业板;军工ETF;创新药ETF;酒ETF;半导体ETF;有色ETF;证券ETF,沪深300;创业板,军工ETF;创新药ETF;酒ETF;半导体ETF;有色ETF;证券ETF
2022-07-13,913811.6028973071,0.0,913811.6028973071,0.0,False,liquidate,-0.19172386361000107,8,沪深300;创业板;军工ETF;酒ETF;创新药ETF;有色ETF;半导体ETF;证券ETF,沪深300;创业板,军工ETF;酒ETF;创新药ETF;有色ETF;半导体ETF;证券ETF
2022-07-14,913884.1276276959,0.0,913884.1276276959,0.0,False,liquidate,-0.1916597147102875,8,沪深300;创业板;军工ETF;创新药ETF;酒ETF;有色ETF;半导体ETF;证券ETF,沪深300;创业板,军工ETF;创新药ETF;酒ETF;有色ETF;半导体ETF;证券ETF
2022-07-15,913956.6581140156,0.0,913956.6581140156,0.0,False,liquidate,-0.19159556071939146,9,沪深300;创业板;国债ETF;军工ETF;酒ETF;创新药ETF;有色ETF;半导体ETF;证券ETF,沪深300;创业板;国债ETF,军工ETF;酒ETF;创新药ETF;有色ETF;半导体ETF;证券ETF
2022-07-18,914029.1943567231,0.0,914029.1943567231,0.0,False,liquidate,-0.19153140163690885,10,沪深300;创业板;纳指;国债ETF;军工ETF;创新药ETF;有色ETF;酒ETF;半导体ETF;证券ETF,沪深300;创业板;纳指;国债ETF,军工ETF;创新药ETF;有色ETF;酒ETF;半导体ETF;证券ETF
2022-07-19,914101.7363562753,0.0,914101.7363562753,0.0,False,liquidate,-0.19146723746243555,9,沪深300;创业板;纳指;军工ETF;创新药ETF;有色ETF;酒ETF;半导体ETF;证券ETF,沪深300;创业板;纳指,军工ETF;创新药ETF;有色ETF;酒ETF;半导体ETF;证券ETF
2022-07-20,914174.284113129,0.0,914174.284113129,0.0,False,liquidate,-0.1914030681955674,9,沪深300;创业板;纳指;军工ETF;创新药ETF;有色ETF;酒ETF;半导体ETF;证券ETF,沪深300;创业板;纳指,军工ETF;创新药ETF;有色ETF;酒ETF;半导体ETF;证券ETF
2022-07-21,914246.8376277412,0.0,914246.8376277412,0.0,False,liquidate,-0.19133889383590041,9,沪深300;创业板;纳指;军工ETF;创新药ETF;有色ETF;半导体ETF;酒ETF;证券ETF,沪深300;创业板;纳指,军工ETF;创新药ETF;有色ETF;半导体ETF;酒ETF;证券ETF
2022-07-22,914319.3969005689,0.0,914319.3969005689,0.0,False,liquidate,-0.19127471438303015,10,沪深300;创业板;纳指;国债ETF;军工ETF;有色ETF;创新药ETF;半导体ETF;酒ETF;证券ETF,沪深300;创业板;纳指;国债ETF,军工ETF;有色ETF;创新药ETF;半导体ETF;酒ETF;证券ETF
2022-07-25,914391.9619320689,0.0,914391.9619320689,0.0,False,liquidate,-0.1912105298365526,9,沪深300;创业板;国债ETF;军工ETF;创新药ETF;酒ETF;有色ETF;半导体ETF;证券ETF,沪深300;创业板;国债ETF,军工ETF;创新药ETF;酒ETF;有色ETF;半导体ETF;证券ETF
2022-07-26,914464.5327226985,0.0,914464.5327226985,0.0,False,liquidate,-0.19114634019606336,9,沪深300;创业板;国债ETF;军工ETF;有色ETF;创新药ETF;酒ETF;半导体ETF;证券ETF,沪深300;创业板;国债ETF,军工ETF;有色ETF;创新药ETF;酒ETF;半导体ETF;证券ETF
2022-07-27,914537.1092729147,0.0,914537.1092729147,0.0,False,liquidate,-0.1910821454611582,9,沪深300;创业板;国债ETF;军工ETF;有色ETF;创新药ETF;酒ETF;半导体ETF;证券ETF,沪深300;创业板;国债ETF,军工ETF;有色ETF;创新药ETF;酒ETF;半导体ETF;证券ETF
2022-07-28,914609.6915831745,0.0,914609.6915831745,0.0,False,liquidate,-0.19101794563143284,10,沪深300;创业板;纳指;国债ETF;军工ETF;有色ETF;半导体ETF;证券ETF;酒ETF;创新药ETF,沪深300;创业板;纳指;国债ETF,军工ETF;有色ETF;半导体ETF;证券ETF;酒ETF;创新药ETF
2022-07-29,914682.2796539351,0.0,914682.2796539351,0.0,False,liquidate,-0.19095374070648294,10,沪深300;创业板;纳指;国债ETF;军工ETF;有色ETF;半导体ETF;证券ETF;酒ETF;创新药ETF,沪深300;创业板;纳指;国债ETF,军工ETF;有色ETF;半导体ETF;证券ETF;酒ETF;创新药ETF
2022-08-01,914754.8734856537,0.0,914754.8734856537,0.0,False,liquidate,-0.1908895306859041,10,沪深300;创业板;纳指;国债ETF;军工ETF;有色ETF;半导体ETF;酒ETF;证券ETF;创新药ETF,沪深300;创业板;纳指;国债ETF,军工ETF;有色ETF;半导体ETF;酒ETF;证券ETF;创新药ETF
2022-08-02,914827.4730787874,0.0,914827.4730787874,0.0,False,liquidate,-0.1908253155692919,9,创业板;纳指;国债ETF;军工ETF;有色ETF;酒ETF;半导体ETF;证券ETF;创新药ETF,创业板;纳指;国债ETF,军工ETF;有色ETF;酒ETF;半导体ETF;证券ETF;创新药ETF
2022-08-03,914900.0784337937,0.0,914900.0784337937,0.0,False,liquidate,-0.19076109535624178,9,创业板;纳指;国债ETF;军工ETF;半导体ETF;酒ETF;有色ETF;证券ETF;创新药ETF,创业板;纳指;国债ETF,军工ETF;半导体ETF;酒ETF;有色ETF;证券ETF;创新药ETF
2022-08-04,914972.6895511298,0.0,914972.6895511298,0.0,False,liquidate,-0.19069687004634936,9,创业板;纳指;国债ETF;军工ETF;半导体ETF;有色ETF;酒ETF;证券ETF;创新药ETF,创业板;纳指;国债ETF,军工ETF;半导体ETF;有色ETF;酒ETF;证券ETF;创新药ETF
2022-08-05,915045.306431253,0.0,915045.306431253,0.0,False,liquidate,-0.19063263963921015,10,沪深300;创业板;纳指;国债ETF;半导体ETF;军工ETF;有色ETF;酒ETF;证券ETF;创新药ETF,沪深300;创业板;纳指;国债ETF,半导体ETF;军工ETF;有色ETF;酒ETF;证券ETF;创新药ETF
2022-08-08,915117.9290746206,0.0,915117.9290746206,0.0,False,liquidate,-0.19056840413441956,9,创业板;纳指;国债ETF;半导体ETF;军工ETF;有色ETF;酒ETF;证券ETF;创新药ETF,创业板;纳指;国债ETF,半导体ETF;军工ETF;有色ETF;酒ETF;证券ETF;创新药ETF
2022-08-09,915190.5574816901,0.0,915190.5574816901,0.0,False,liquidate,-0.190504163531573,9,创业板;纳指;国债ETF;军工ETF;半导体ETF;有色ETF;酒ETF;创新药ETF;证券ETF,创业板;纳指;国债ETF,军工ETF;半导体ETF;有色ETF;酒ETF;创新药ETF;证券ETF
2022-08-10,915263.1916529188,0.0,915263.1916529188,0.0,False,liquidate,-0.19043991783026598,9,创业板;纳指;国债ETF;军工ETF;半导体ETF;有色ETF;酒ETF;证券ETF;创新药ETF,创业板;纳指;国债ETF,军工ETF;半导体ETF;有色ETF;酒ETF;证券ETF;创新药ETF
2022-08-11,915335.8315887643,0.0,915335.8315887643,0.0,False,liquidate,-0.19037566703009373,9,创业板;纳指;国债ETF;军工ETF;半导体ETF;有色ETF;证券ETF;酒ETF;创新药ETF,创业板;纳指;国债ETF,军工ETF;半导体ETF;有色ETF;证券ETF;酒ETF;创新药ETF
2022-08-12,915408.4772896841,0.0,915408.4772896841,0.0,False,liquidate,-0.19031141113065164,8,纳指;国债ETF;军工ETF;半导体ETF;有色ETF;证券ETF;酒ETF;创新药ETF,纳指;国债ETF,军工ETF;半导体ETF;有色ETF;证券ETF;酒ETF;创新药ETF
2022-08-15,915481.1287561357,0.0,915481.1287561357,0.0,False,liquidate,-0.190247150131535,9,创业板;纳指;国债ETF;军工ETF;半导体ETF;有色ETF;酒ETF;证券ETF;创新药ETF,创业板;纳指;国债ETF,军工ETF;半导体ETF;有色ETF;酒ETF;证券ETF;创新药ETF
2022-08-16,915553.7859885767,0.0,915553.7859885767,0.0,False,liquidate,-0.19018288403233904,9,创业板;纳指;国债ETF;军工ETF;半导体ETF;有色ETF;证券ETF;酒ETF;创新药ETF,创业板;纳指;国债ETF,军工ETF;半导体ETF;有色ETF;证券ETF;酒ETF;创新药ETF
2022-08-17,915626.4489874648,0.0,915626.4489874648,0.0,False,liquidate,-0.19011861283265902,9,创业板;纳指;国债ETF;军工ETF;半导体ETF;证券ETF;有色ETF;酒ETF;创新药ETF,创业板;纳指;国债ETF,军工ETF;半导体ETF;证券ETF;有色ETF;酒ETF;创新药ETF
2022-08-18,915699.1177532575,0.0,915699.1177532575,0.0,False,liquidate,-0.19005433653209008,8,纳指;国债ETF;半导体ETF;军工ETF;有色ETF;证券ETF;酒ETF;创新药ETF,纳指;国债ETF,半导体ETF;军工ETF;有色ETF;证券ETF;酒ETF;创新药ETF
2022-08-19,915771.7922864126,0.0,915771.7922864126,0.0,False,liquidate,-0.18999005513022754,8,纳指;国债ETF;军工ETF;半导体ETF;证券ETF;有色ETF;酒ETF;创新药ETF,纳指;国债ETF,军工ETF;半导体ETF;证券ETF;有色ETF;酒ETF;创新药ETF
2022-08-22,915844.4725873877,0.0,915844.4725873877,0.0,False,liquidate,-0.18992576862666646,8,纳指;国债ETF;军工ETF;半导体ETF;有色ETF;证券ETF;酒ETF;创新药ETF,纳指;国债ETF,军工ETF;半导体ETF;有色ETF;证券ETF;酒ETF;创新药ETF
2022-08-23,915917.1586566407,0.0,915917.1586566407,0.0,False,liquidate,-0.18986147702100187,9,创业板;纳指;国债ETF;军工ETF;半导体ETF;有色ETF;证券ETF;酒ETF;创新药ETF,创业板;纳指;国债ETF,军工ETF;半导体ETF;有色ETF;证券ETF;酒ETF;创新药ETF
2022-08-24,915989.8504946294,0.0,915989.8504946294,0.0,False,liquidate,-0.18979718031282888,8,纳指;国债ETF;有色ETF;证券ETF;军工ETF;半导体ETF;酒ETF;创新药ETF,纳指;国债ETF,有色ETF;证券ETF;军工ETF;半导体ETF;酒ETF;创新药ETF
2022-08-25,916062.5481018116,0.0,916062.5481018116,0.0,False,liquidate,-0.18973287850174253,9,纳指;黄金;国债ETF;证券ETF;有色ETF;军工ETF;酒ETF;半导体ETF;创新药ETF,纳指;黄金;国债ETF,证券ETF;有色ETF;军工ETF;酒ETF;半导体ETF;创新药ETF
2022-08-26,916135.251478645,0.0,916135.251478645,0.0,False,liquidate,-0.1896685715873379,8,纳指;国债ETF;证券ETF;酒ETF;有色ETF;军工ETF;创新药ETF;半导体ETF,纳指;国债ETF,证券ETF;酒ETF;有色ETF;军工ETF;创新药ETF;半导体ETF
2022-08-29,916207.9606255878,0.0,916207.9606255878,0.0,False,liquidate,-0.18960425956920984,8,纳指;国债ETF;证券ETF;军工ETF;有色ETF;酒ETF;半导体ETF;创新药ETF,纳指;国债ETF,证券ETF;军工ETF;有色ETF;酒ETF;半导体ETF;创新药ETF
2022-08-30,916280.6755430979,0.0,916280.6755430979,0.0,False,liquidate,-0.18953994244695335,9,纳指;黄金;国债ETF;证券ETF;军工ETF;有色ETF;酒ETF;半导体ETF;创新药ETF,纳指;黄金;国债ETF,证券ETF;军工ETF;有色ETF;酒ETF;半导体ETF;创新药ETF
2022-08-31,916353.3962316331,0.0,916353.3962316331,0.0,False,liquidate,-0.18947562022016337,9,纳指;黄金;国债ETF;证券ETF;酒ETF;军工ETF;创新药ETF;有色ETF;半导体ETF,纳指;黄金;国债ETF,证券ETF;酒ETF;军工ETF;创新药ETF;有色ETF;半导体ETF
2022-09-01,916426.1226916516,0.0,916426.1226916516,0.0,False,liquidate,-0.18941129288843475,9,纳指;黄金;国债ETF;证券ETF;酒ETF;军工ETF;创新药ETF;有色ETF;半导体ETF,纳指;黄金;国债ETF,证券ETF;酒ETF;军工ETF;创新药ETF;有色ETF;半导体ETF
2022-09-02,916498.8549236113,0.0,916498.8549236113,0.0,False,liquidate,-0.18934696045136237,9,纳指;黄金;国债ETF;证券ETF;酒ETF;军工ETF;创新药ETF;半导体ETF;有色ETF,纳指;黄金;国债ETF,证券ETF;酒ETF;军工ETF;创新药ETF;半导体ETF;有色ETF
2022-09-05,916571.5929279703,0.0,916571.5929279703,0.0,False,liquidate,-0.189282622908541,9,纳指;黄金;国债ETF;军工ETF;证券ETF;酒ETF;创新药ETF;半导体ETF;有色ETF,纳指;黄金;国债ETF,军工ETF;证券ETF;酒ETF;创新药ETF;半导体ETF;有色ETF
2022-09-06,916644.3367051869,0.0,916644.3367051869,0.0,False,liquidate,-0.18921828025956547,9,纳指;黄金;国债ETF;军工ETF;证券ETF;酒ETF;有色ETF;创新药ETF;半导体ETF,纳指;黄金;国债ETF,军工ETF;证券ETF;酒ETF;有色ETF;创新药ETF;半导体ETF
2022-09-07,916717.0862557191,0.0,916717.0862557191,0.0,False,liquidate,-0.18915393250403048,9,纳指;黄金;国债ETF;军工ETF;证券ETF;有色ETF;酒ETF;半导体ETF;创新药ETF,纳指;黄金;国债ETF,军工ETF;证券ETF;有色ETF;酒ETF;半导体ETF;创新药ETF
2022-09-08,916789.8415800252,0.0,916789.8415800252,0.0,False,liquidate,-0.18908957964153075,9,纳指;黄金;国债ETF;军工ETF;证券ETF;有色ETF;半导体ETF;酒ETF;创新药ETF,纳指;黄金;国债ETF,军工ETF;证券ETF;有色ETF;半导体ETF;酒ETF;创新药ETF
2022-09-09,916862.6026785633,0.0,916862.6026785633,0.0,False,liquidate,-0.18902522167166094,9,纳指;黄金;国债ETF;军工ETF;证券ETF;有色ETF;酒ETF;半导体ETF;创新药ETF,纳指;黄金;国债ETF,军工ETF;证券ETF;有色ETF;酒ETF;半导体ETF;创新药ETF
2022-09-13,916935.3695517918,0.0,916935.3695517918,0.0,False,liquidate,-0.18896085859401582,9,纳指;黄金;国债ETF;军工ETF;证券ETF;有色ETF;酒ETF;半导体ETF;创新药ETF,纳指;黄金;国债ETF,军工ETF;证券ETF;有色ETF;酒ETF;半导体ETF;创新药ETF
2022-09-14,917008.1422001689,0.0,917008.1422001689,0.0,False,liquidate,-0.18889649040818995,8,黄金;国债ETF;军工ETF;证券ETF;有色ETF;半导体ETF;酒ETF;创新药ETF,黄金;国债ETF,军工ETF;证券ETF;有色ETF;半导体ETF;酒ETF;创新药ETF
2022-09-15,917080.9206241531,0.0,917080.9206241531,0.0,False,liquidate,-0.18883211711377787,8,黄金;国债ETF;军工ETF;证券ETF;酒ETF;有色ETF;半导体ETF;创新药ETF,黄金;国债ETF,军工ETF;证券ETF;酒ETF;有色ETF;半导体ETF;创新药ETF
2022-09-16,917153.7048242027,0.0,917153.7048242027,0.0,False,liquidate,-0.18876773871037417,8,黄金;国债ETF;军工ETF;酒ETF;有色ETF;证券ETF;半导体ETF;创新药ETF,黄金;国债ETF,军工ETF;酒ETF;有色ETF;证券ETF;半导体ETF;创新药ETF
2022-09-19,917226.4948007761,0.0,917226.4948007761,0.0,False,liquidate,-0.18870335519757334,8,黄金;国债ETF;军工ETF;酒ETF;证券ETF;半导体ETF;有色ETF;创新药ETF,黄金;国债ETF,军工ETF;酒ETF;证券ETF;半导体ETF;有色ETF;创新药ETF
2022-09-20,917299.2905543317,0.0,917299.2905543317,0.0,False,liquidate,-0.18863896657496998,9,纳指;黄金;国债ETF;军工ETF;酒ETF;有色ETF;证券ETF;半导体ETF;创新药ETF,纳指;黄金;国债ETF,军工ETF;酒ETF;有色ETF;证券ETF;半导体ETF;创新药ETF
2022-09-21,917372.0920853282,0.0,917372.0920853282,0.0,False,liquidate,-0.1885745728421584,9,纳指;黄金;国债ETF;军工ETF;酒ETF;有色ETF;证券ETF;半导体ETF;创新药ETF,纳指;黄金;国债ETF,军工ETF;酒ETF;有色ETF;证券ETF;半导体ETF;创新药ETF
2022-09-22,917444.8993942239,0.0,917444.8993942239,0.0,False,liquidate,-0.1885101739987331,8,黄金;国债ETF;军工ETF;有色ETF;酒ETF;证券ETF;半导体ETF;创新药ETF,黄金;国债ETF,军工ETF;有色ETF;酒ETF;证券ETF;半导体ETF;创新药ETF
2022-09-23,917517.7124814775,0.0,917517.7124814775,0.0,True,liquidate,-0.18844577004428847,0,,黄金;国债ETF,军工ETF;酒ETF;有色ETF;证券ETF;半导体ETF;创新药ETF
2022-09-26,917517.7124814775,0.0,917517.7124814775,0.0,True,liquidate,-0.18844577004428847,0,,国债ETF,军工ETF;酒ETF;证券ETF;半导体ETF;有色ETF;创新药ETF
2022-09-27,917517.7124814775,0.0,917517.7124814775,0.0,True,liquidate,-0.18844577004428847,0,,国债ETF,酒ETF;军工ETF;半导体ETF;证券ETF;有色ETF;创新药ETF
2022-09-28,917517.7124814775,0.0,917517.7124814775,0.0,True,liquidate,-0.18844577004428847,0,,国债ETF,酒ETF;军工ETF;证券ETF;半导体ETF;有色ETF;创新药ETF
2022-09-29,917517.7124814775,0.0,917517.7124814775,0.0,True,liquidate,-0.18844577004428847,0,,黄金,酒ETF;军工ETF;半导体ETF;证券ETF;有色ETF;创新药ETF
2022-09-30,917517.7124814775,0.0,917517.7124814775,0.0,True,liquidate,-0.18844577004428847,0,,,酒ETF;军工ETF;证券ETF;有色ETF;半导体ETF;创新药ETF
2022-10-10,917517.7124814775,0.0,917517.7124814775,0.0,True,liquidate,-0.18844577004428847,0,,黄金;国债ETF,酒ETF;军工ETF;证券ETF;有色ETF;创新药ETF;半导体ETF
2022-10-11,917517.7124814775,0.0,917517.7124814775,0.0,True,liquidate,-0.18844577004428847,0,,黄金;国债ETF,酒ETF;军工ETF;证券ETF;有色ETF;创新药ETF;半导体ETF
2022-10-12,917517.7124814775,0.0,917517.7124814775,0.0,True,liquidate,-0.18844577004428847,0,,黄金;国债ETF,酒ETF;军工ETF;证券ETF;有色ETF;创新药ETF;半导体ETF
2022-10-13,917517.7124814775,0.0,917517.7124814775,0.0,True,liquidate,-0.18844577004428847,0,,黄金;国债ETF,酒ETF;军工ETF;证券ETF;有色ETF;创新药ETF;半导体ETF
2022-10-14,917517.7124814775,0.0,917517.7124814775,0.0,True,liquidate,-0.18844577004428847,0,,黄金;国债ETF,军工ETF;酒ETF;创新药ETF;证券ETF;有色ETF;半导体ETF
2022-10-17,917517.7124814775,0.0,917517.7124814775,0.0,True,liquidate,-0.18844577004428847,0,,国债ETF,军工ETF;创新药ETF;酒ETF;证券ETF;有色ETF;半导体ETF
2022-10-18,917517.7124814775,0.0,917517.7124814775,0.0,True,liquidate,-0.18844577004428847,0,,黄金,军工ETF;创新药ETF;证券ETF;酒ETF;有色ETF;半导体ETF
2022-10-19,917517.7124814775,0.0,917517.7124814775,0.0,True,liquidate,-0.18844577004428847,0,,黄金,军工ETF;创新药ETF;证券ETF;有色ETF;酒ETF;半导体ETF
2022-10-20,917517.7124814775,0.0,917517.7124814775,0.0,True,liquidate,-0.18844577004428847,0,,黄金,军工ETF;创新药ETF;证券ETF;酒ETF;半导体ETF;有色ETF
2022-10-21,917517.7124814775,0.0,917517.7124814775,0.0,True,liquidate,-0.18844577004428847,0,,黄金,军工ETF;创新药ETF;证券ETF;半导体ETF;酒ETF;有色ETF
2022-10-24,917517.7124814775,0.0,917517.7124814775,0.0,True,liquidate,-0.18844577004428847,0,,黄金,军工ETF;创新药ETF;证券ETF;半导体ETF;有色ETF;酒ETF
2022-10-25,917517.7124814775,0.0,917517.7124814775,0.0,True,liquidate,-0.18844577004428847,0,,黄金,军工ETF;创新药ETF;证券ETF;半导体ETF;有色ETF;酒ETF
2022-10-26,917517.7124814775,0.0,917517.7124814775,0.0,True,liquidate,-0.18844577004428847,0,,黄金,军工ETF;创新药ETF;半导体ETF;证券ETF;有色ETF;酒ETF
2022-10-27,917517.7124814775,0.0,917517.7124814775,0.0,True,liquidate,-0.18844577004428847,0,,黄金;国债ETF,创新药ETF;军工ETF;半导体ETF;证券ETF;有色ETF;酒ETF
2022-10-28,917517.7124814775,0.0,917517.7124814775,0.0,True,liquidate,-0.18844577004428847,0,,黄金;国债ETF,创新药ETF;军工ETF;半导体ETF;证券ETF;有色ETF;酒ETF
2022-10-31,917517.7124814775,0.0,917517.7124814775,0.0,True,liquidate,-0.18844577004428847,0,,黄金;国债ETF,军工ETF;创新药ETF;半导体ETF;证券ETF;有色ETF;酒ETF
2022-11-01,917517.7124814775,0.0,917517.7124814775,0.0,True,liquidate,-0.18844577004428847,0,,黄金;国债ETF,创新药ETF;军工ETF;证券ETF;半导体ETF;有色ETF;酒ETF
2022-11-02,917517.7124814775,0.0,917517.7124814775,0.0,True,liquidate,-0.18844577004428847,0,,黄金,创新药ETF;军工ETF;证券ETF;半导体ETF;有色ETF;酒ETF
2022-11-03,917517.7124814775,0.0,917517.7124814775,0.0,True,liquidate,-0.18844577004428847,0,,黄金;国债ETF,军工ETF;创新药ETF;半导体ETF;证券ETF;有色ETF;酒ETF
2022-11-04,917517.7124814775,0.0,917517.7124814775,0.0,False,liquidate,-0.18844577004428847,7,黄金;军工ETF;创新药ETF;证券ETF;半导体ETF;有色ETF;酒ETF,黄金,军工ETF;创新药ETF;证券ETF;半导体ETF;有色ETF;酒ETF
2022-11-07,917590.5313475475,0.0,917590.5313475475,0.0,False,liquidate,-0.18838136097841893,7,黄金;创新药ETF;军工ETF;有色ETF;证券ETF;半导体ETF;酒ETF,黄金,创新药ETF;军工ETF;有色ETF;证券ETF;半导体ETF;酒ETF
2022-11-08,917663.3559928926,0.0,917663.3559928926,0.0,False,liquidate,-0.18831694680071875,7,黄金;创新药ETF;军工ETF;有色ETF;证券ETF;半导体ETF;酒ETF,黄金,创新药ETF;军工ETF;有色ETF;证券ETF;半导体ETF;酒ETF
2022-11-09,917736.1864179715,0.0,917736.1864179715,0.0,False,liquidate,-0.18825252751078222,7,黄金;创新药ETF;军工ETF;有色ETF;证券ETF;半导体ETF;酒ETF,黄金,创新药ETF;军工ETF;有色ETF;证券ETF;半导体ETF;酒ETF
2022-11-10,917809.0226232428,0.0,917809.0226232428,0.0,False,liquidate,-0.1881881031082037,7,黄金;创新药ETF;军工ETF;有色ETF;证券ETF;半导体ETF;酒ETF,黄金,创新药ETF;军工ETF;有色ETF;证券ETF;半导体ETF;酒ETF
2022-11-11,917881.8646091653,0.0,917881.8646091653,0.0,False,liquidate,-0.1881236735925773,7,黄金;有色ETF;创新药ETF;证券ETF;军工ETF;半导体ETF;酒ETF,黄金,有色ETF;创新药ETF;证券ETF;军工ETF;半导体ETF;酒ETF
2022-11-14,917954.7123761979,0.0,917954.7123761979,0.0,False,liquidate,-0.18805923896349727,7,黄金;创新药ETF;证券ETF;有色ETF;半导体ETF;军工ETF;酒ETF,黄金,创新药ETF;证券ETF;有色ETF;半导体ETF;军工ETF;酒ETF
2022-11-15,918027.5659247992,0.0,918027.5659247992,0.0,False,liquidate,-0.18799479922055787,7,黄金;创新药ETF;证券ETF;半导体ETF;有色ETF;军工ETF;酒ETF,黄金,创新药ETF;证券ETF;半导体ETF;有色ETF;军工ETF;酒ETF
2022-11-16,918100.4252554282,0.0,918100.4252554282,0.0,False,liquidate,-0.18793035436335312,8,纳指;黄金;创新药ETF;证券ETF;有色ETF;半导体ETF;军工ETF;酒ETF,纳指;黄金,创新药ETF;证券ETF;有色ETF;半导体ETF;军工ETF;酒ETF
2022-11-17,918173.2903685437,0.0,918173.2903685437,0.0,False,liquidate,-0.18786590439147718,9,创业板;纳指;黄金;创新药ETF;半导体ETF;证券ETF;军工ETF;有色ETF;酒ETF,创业板;纳指;黄金,创新药ETF;半导体ETF;证券ETF;军工ETF;有色ETF;酒ETF
2022-11-18,918246.1612646048,0.0,918246.1612646048,0.0,False,liquidate,-0.18780144930452408,9,创业板;纳指;黄金;创新药ETF;证券ETF;酒ETF;半导体ETF;有色ETF;军工ETF,创业板;纳指;黄金,创新药ETF;证券ETF;酒ETF;半导体ETF;有色ETF;军工ETF
2022-11-21,918319.0379440703,0.0,918319.0379440703,0.0,False,liquidate,-0.18773698910208786,8,创业板;黄金;创新药ETF;证券ETF;半导体ETF;酒ETF;有色ETF;军工ETF,创业板;黄金,创新药ETF;证券ETF;半导体ETF;酒ETF;有色ETF;军工ETF
2022-11-22,918391.9204073992,0.0,918391.9204073992,0.0,False,liquidate,-0.18767252378376262,8,创业板;黄金;创新药ETF;证券ETF;酒ETF;半导体ETF;有色ETF;军工ETF,创业板;黄金,创新药ETF;证券ETF;酒ETF;半导体ETF;有色ETF;军工ETF
2022-11-23,918464.8086550506,0.0,918464.8086550506,0.0,False,liquidate,-0.18760805334914227,9,创业板;纳指;黄金;创新药ETF;酒ETF;证券ETF;半导体ETF;军工ETF;有色ETF,创业板;纳指;黄金,创新药ETF;酒ETF;证券ETF;半导体ETF;军工ETF;有色ETF
2022-11-24,918537.7026874835,0.0,918537.7026874835,0.0,False,liquidate,-0.18754357779782077,9,创业板;纳指;黄金;创新药ETF;证券ETF;酒ETF;有色ETF;半导体ETF;军工ETF,创业板;纳指;黄金,创新药ETF;证券ETF;酒ETF;有色ETF;半导体ETF;军工ETF
2022-11-25,918610.6025051571,0.0,918610.6025051571,0.0,False,liquidate,-0.18747909712939204,9,纳指;黄金;国债ETF;创新药ETF;证券ETF;有色ETF;酒ETF;半导体ETF;军工ETF,纳指;黄金;国债ETF,创新药ETF;证券ETF;有色ETF;酒ETF;半导体ETF;军工ETF
2022-11-28,918683.5081085305,0.0,918683.5081085305,0.0,False,liquidate,-0.18741461134344994,8,纳指;黄金;证券ETF;创新药ETF;酒ETF;半导体ETF;有色ETF;军工ETF,纳指;黄金,证券ETF;创新药ETF;酒ETF;半导体ETF;有色ETF;军工ETF
2022-11-29,918756.419498063,0.0,918756.419498063,0.0,False,liquidate,-0.18735012043958824,10,沪深300;创业板;纳指;黄金;证券ETF;创新药ETF;酒ETF;半导体ETF;军工ETF;有色ETF,沪深300;创业板;纳指;黄金,证券ETF;创新药ETF;酒ETF;半导体ETF;军工ETF;有色ETF
2022-11-30,918829.3366742138,0.0,918829.3366742138,0.0,False,liquidate,-0.18728562441740082,9,沪深300;纳指;黄金;证券ETF;创新药ETF;有色ETF;军工ETF;酒ETF;半导体ETF,沪深300;纳指;黄金,证券ETF;创新药ETF;有色ETF;军工ETF;酒ETF;半导体ETF
2022-12-01,918902.259637442,0.0,918902.259637442,0.0,False,liquidate,-0.1872211232764815,10,沪深300;创业板;纳指;黄金;证券ETF;创新药ETF;军工ETF;酒ETF;有色ETF;半导体ETF,沪深300;创业板;纳指;黄金,证券ETF;创新药ETF;军工ETF;酒ETF;有色ETF;半导体ETF
2022-12-02,918975.1883882069,0.0,918975.1883882069,0.0,False,liquidate,-0.18715661701642403,10,沪深300;创业板;纳指;黄金;证券ETF;创新药ETF;酒ETF;军工ETF;有色ETF;半导体ETF,沪深300;创业板;纳指;黄金,证券ETF;创新药ETF;酒ETF;军工ETF;有色ETF;半导体ETF
2022-12-05,919048.1229269679,0.0,919048.1229269679,0.0,False,liquidate,-0.1870921056368221,10,沪深300;创业板;纳指;黄金;证券ETF;酒ETF;创新药ETF;有色ETF;军工ETF;半导体ETF,沪深300;创业板;纳指;黄金,证券ETF;酒ETF;创新药ETF;有色ETF;军工ETF;半导体ETF
2022-12-06,919121.0632541844,0.0,919121.0632541844,0.0,False,liquidate,-0.18702758913726938,10,沪深300;创业板;纳指;黄金;酒ETF;证券ETF;创新药ETF;半导体ETF;军工ETF;有色ETF,沪深300;创业板;纳指;黄金,酒ETF;证券ETF;创新药ETF;半导体ETF;军工ETF;有色ETF
2022-12-07,919194.0093703158,0.0,919194.0093703158,0.0,False,liquidate,-0.18696306751735955,10,沪深300;创业板;纳指;黄金;酒ETF;证券ETF;创新药ETF;半导体ETF;军工ETF;有色ETF,沪深300;创业板;纳指;黄金,酒ETF;证券ETF;创新药ETF;半导体ETF;军工ETF;有色ETF
2022-12-08,919266.9612758214,0.0,919266.9612758214,0.0,False,liquidate,-0.1868985407766863,9,沪深300;纳指;黄金;酒ETF;证券ETF;创新药ETF;半导体ETF;有色ETF;军工ETF,沪深300;纳指;黄金,酒ETF;证券ETF;创新药ETF;半导体ETF;有色ETF;军工ETF
2022-12-09,919339.9189711608,0.0,919339.9189711608,0.0,False,liquidate,-0.1868340089148432,9,沪深300;纳指;黄金;酒ETF;证券ETF;创新药ETF;有色ETF;半导体ETF;军工ETF,沪深300;纳指;黄金,酒ETF;证券ETF;创新药ETF;有色ETF;半导体ETF;军工ETF
2022-12-12,919412.8824567934,0.0,919412.8824567934,0.0,False,liquidate,-0.1867694719314237,9,沪深300;纳指;黄金;酒ETF;创新药ETF;证券ETF;半导体ETF;军工ETF;有色ETF,沪深300;纳指;黄金,酒ETF;创新药ETF;证券ETF;半导体ETF;军工ETF;有色ETF
2022-12-13,919485.851733179,0.0,919485.851733179,0.0,False,liquidate,-0.1867049298260214,9,沪深300;纳指;黄金;酒ETF;创新药ETF;证券ETF;半导体ETF;有色ETF;军工ETF,沪深300;纳指;黄金,酒ETF;创新药ETF;证券ETF;半导体ETF;有色ETF;军工ETF
2022-12-14,919558.8268007769,0.0,919558.8268007769,0.0,False,liquidate,-0.18664038259822976,9,沪深300;纳指;黄金;酒ETF;创新药ETF;证券ETF;有色ETF;半导体ETF;军工ETF,沪深300;纳指;黄金,酒ETF;创新药ETF;证券ETF;有色ETF;半导体ETF;军工ETF
2022-12-15,919631.8076600468,0.0,919631.8076600468,0.0,False,liquidate,-0.18657583024764227,10,沪深300;创业板;纳指;黄金;酒ETF;证券ETF;创新药ETF;有色ETF;半导体ETF;军工ETF,沪深300;创业板;纳指;黄金,酒ETF;证券ETF;创新药ETF;有色ETF;半导体ETF;军工ETF
2022-12-16,919704.7943114485,0.0,919704.7943114485,0.0,False,liquidate,-0.18651127277385238,9,沪深300;创业板;黄金;酒ETF;证券ETF;创新药ETF;半导体ETF;有色ETF;军工ETF,沪深300;创业板;黄金,酒ETF;证券ETF;创新药ETF;半导体ETF;有色ETF;军工ETF
2022-12-19,919777.7867554415,0.0,919777.7867554415,0.0,False,liquidate,-0.18644671017645345,9,沪深300;创业板;黄金;酒ETF;证券ETF;创新药ETF;半导体ETF;有色ETF;军工ETF,沪深300;创业板;黄金,酒ETF;证券ETF;创新药ETF;半导体ETF;有色ETF;军工ETF
2022-12-20,919850.7849924855,0.0,919850.7849924855,0.0,False,liquidate,-0.1863821424550389,8,沪深300;黄金;酒ETF;创新药ETF;证券ETF;半导体ETF;有色ETF;军工ETF,沪深300;黄金,酒ETF;创新药ETF;证券ETF;半导体ETF;有色ETF;军工ETF
2022-12-21,919923.7890230406,0.0,919923.7890230406,0.0,False,liquidate,-0.18631756960920193,8,沪深300;黄金;酒ETF;创新药ETF;证券ETF;半导体ETF;有色ETF;军工ETF,沪深300;黄金,酒ETF;创新药ETF;证券ETF;半导体ETF;有色ETF;军工ETF
2022-12-22,919996.7988475662,0.0,919996.7988475662,0.0,False,liquidate,-0.18625299163853595,9,沪深300;创业板;黄金;酒ETF;创新药ETF;证券ETF;半导体ETF;有色ETF;军工ETF,沪深300;创业板;黄金,酒ETF;创新药ETF;证券ETF;半导体ETF;有色ETF;军工ETF
2022-12-23,920069.8144665224,0.0,920069.8144665224,0.0,False,liquidate,-0.18618840854263422,9,沪深300;创业板;黄金;酒ETF;创新药ETF;证券ETF;半导体ETF;有色ETF;军工ETF,沪深300;创业板;黄金,酒ETF;创新药ETF;证券ETF;半导体ETF;有色ETF;军工ETF
2022-12-26,920142.8358803691,0.0,920142.8358803691,0.0,False,liquidate,-0.1861238203210899,8,沪深300;黄金;酒ETF;创新药ETF;证券ETF;半导体ETF;有色ETF;军工ETF,沪深300;黄金,酒ETF;创新药ETF;证券ETF;半导体ETF;有色ETF;军工ETF
2022-12-27,920215.863089566,0.0,920215.863089566,0.0,False,liquidate,-0.18605922697349628,8,沪深300;黄金;酒ETF;创新药ETF;证券ETF;半导体ETF;有色ETF;军工ETF,沪深300;黄金,酒ETF;创新药ETF;证券ETF;半导体ETF;有色ETF;军工ETF
2022-12-28,920288.8960945732,0.0,920288.8960945732,0.0,False,liquidate,-0.18599462849944648,8,沪深300;黄金;酒ETF;创新药ETF;证券ETF;半导体ETF;有色ETF;军工ETF,沪深300;黄金,酒ETF;创新药ETF;证券ETF;半导体ETF;有色ETF;军工ETF
2022-12-29,920361.9348958506,0.0,920361.9348958506,0.0,False,liquidate,-0.1859300248985337,8,沪深300;黄金;酒ETF;创新药ETF;证券ETF;半导体ETF;军工ETF;有色ETF,沪深300;黄金,酒ETF;创新药ETF;证券ETF;半导体ETF;军工ETF;有色ETF
2022-12-30,920434.9794938583,0.0,920434.9794938583,0.0,False,liquidate,-0.18586541617035096,8,沪深300;黄金;酒ETF;创新药ETF;半导体ETF;证券ETF;军工ETF;有色ETF,沪深300;黄金,酒ETF;创新药ETF;半导体ETF;证券ETF;军工ETF;有色ETF
2023-01-03,920508.0298890562,0.0,920508.0298890562,0.0,False,liquidate,-0.18580080231449145,8,沪深300;黄金;创新药ETF;酒ETF;半导体ETF;军工ETF;证券ETF;有色ETF,沪深300;黄金,创新药ETF;酒ETF;半导体ETF;军工ETF;证券ETF;有色ETF
2023-01-04,920581.0860819046,0.0,920581.0860819046,0.0,False,liquidate,-0.18573618333054812,8,沪深300;黄金;创新药ETF;酒ETF;半导体ETF;证券ETF;军工ETF;有色ETF,沪深300;黄金,创新药ETF;酒ETF;半导体ETF;证券ETF;军工ETF;有色ETF
2023-01-05,920654.1480728635,0.0,920654.1480728635,0.0,False,liquidate,-0.18567155921811404,9,沪深300;创业板;黄金;酒ETF;创新药ETF;半导体ETF;证券ETF;军工ETF;有色ETF,沪深300;创业板;黄金,酒ETF;创新药ETF;半导体ETF;证券ETF;军工ETF;有色ETF
2023-01-06,920727.2158623931,0.0,920727.2158623931,0.0,False,liquidate,-0.18560692997678208,9,沪深300;创业板;黄金;酒ETF;创新药ETF;证券ETF;半导体ETF;军工ETF;有色ETF,沪深300;创业板;黄金,酒ETF;创新药ETF;证券ETF;半导体ETF;军工ETF;有色ETF
2023-01-09,920800.2894509537,0.0,920800.2894509537,0.0,False,liquidate,-0.18554229560614527,10,沪深300;创业板;黄金;国债ETF;酒ETF;创新药ETF;证券ETF;有色ETF;半导体ETF;军工ETF,沪深300;创业板;黄金;国债ETF,酒ETF;创新药ETF;证券ETF;有色ETF;半导体ETF;军工ETF
2023-01-10,920873.3688390055,0.0,920873.3688390055,0.0,False,liquidate,-0.18547765610579645,10,沪深300;创业板;黄金;国债ETF;酒ETF;创新药ETF;证券ETF;有色ETF;半导体ETF;军工ETF,沪深300;创业板;黄金;国债ETF,酒ETF;创新药ETF;证券ETF;有色ETF;半导体ETF;军工ETF
2023-01-11,920946.4540270086,0.0,920946.4540270086,0.0,False,liquidate,-0.18541301147532863,10,沪深300;创业板;黄金;国债ETF;酒ETF;创新药ETF;证券ETF;有色ETF;半导体ETF;军工ETF,沪深300;创业板;黄金;国债ETF,酒ETF;创新药ETF;证券ETF;有色ETF;半导体ETF;军工ETF
2023-01-12,921019.5450154234,0.0,921019.5450154234,0.0,False,liquidate,-0.1853483617143346,10,沪深300;创业板;黄金;国债ETF;酒ETF;创新药ETF;证券ETF;有色ETF;半导体ETF;军工ETF,沪深300;创业板;黄金;国债ETF,酒ETF;创新药ETF;证券ETF;有色ETF;半导体ETF;军工ETF
2023-01-13,921092.6418047104,0.0,921092.6418047104,0.0,False,liquidate,-0.1852837068224072,10,沪深300;创业板;黄金;国债ETF;酒ETF;创新药ETF;证券ETF;有色ETF;半导体ETF;军工ETF,沪深300;创业板;黄金;国债ETF,酒ETF;创新药ETF;证券ETF;有色ETF;半导体ETF;军工ETF
2023-01-16,921165.7443953298,0.0,921165.7443953298,0.0,False,liquidate,-0.1852190467991391,9,沪深300;创业板;黄金;酒ETF;创新药ETF;证券ETF;有色ETF;半导体ETF;军工ETF,沪深300;创业板;黄金,酒ETF;创新药ETF;证券ETF;有色ETF;半导体ETF;军工ETF
2023-01-17,921238.8527877423,0.0,921238.8527877423,0.0,False,liquidate,-0.18515438164412304,9,沪深300;创业板;黄金;酒ETF;创新药ETF;证券ETF;有色ETF;半导体ETF;军工ETF,沪深300;创业板;黄金,酒ETF;创新药ETF;证券ETF;有色ETF;半导体ETF;军工ETF
2023-01-18,921311.966982408,0.0,921311.966982408,0.0,False,liquidate,-0.18508971135695196,9,沪深300;创业板;黄金;酒ETF;创新药ETF;证券ETF;有色ETF;半导体ETF;军工ETF,沪深300;创业板;黄金,酒ETF;创新药ETF;证券ETF;有色ETF;半导体ETF;军工ETF
2023-01-19,921385.0869797876,0.0,921385.0869797876,0.0,False,liquidate,-0.18502503593721834,9,沪深300;创业板;黄金;创新药ETF;证券ETF;酒ETF;有色ETF;半导体ETF;军工ETF,沪深300;创业板;黄金,创新药ETF;证券ETF;酒ETF;有色ETF;半导体ETF;军工ETF
2023-01-20,921458.2127803415,0.0,921458.2127803415,0.0,False,liquidate,-0.18496035538451494,9,沪深300;创业板;黄金;创新药ETF;有色ETF;证券ETF;酒ETF;半导体ETF;军工ETF,沪深300;创业板;黄金,创新药ETF;有色ETF;证券ETF;酒ETF;半导体ETF;军工ETF
2023-01-30,921531.3443845304,0.0,921531.3443845304,0.0,False,liquidate,-0.18489566969843435,10,沪深300;创业板;黄金;国债ETF;酒ETF;创新药ETF;有色ETF;证券ETF;半导体ETF;军工ETF,沪深300;创业板;黄金;国债ETF,酒ETF;创新药ETF;有色ETF;证券ETF;半导体ETF;军工ETF
2023-01-31,921604.4817928149,0.0,921604.4817928149,0.0,False,liquidate,-0.18483097887856914,10,沪深300;创业板;黄金;国债ETF;有色ETF;证券ETF;创新药ETF;酒ETF;军工ETF;半导体ETF,沪深300;创业板;黄金;国债ETF,有色ETF;证券ETF;创新药ETF;酒ETF;军工ETF;半导体ETF
2023-02-01,921677.6250056557,0.0,921677.6250056557,0.0,False,liquidate,-0.18476628292451183,11,沪深300;创业板;纳指;黄金;国债ETF;有色ETF;证券ETF;酒ETF;创新药ETF;半导体ETF;军工ETF,沪深300;创业板;纳指;黄金;国债ETF,有色ETF;证券ETF;酒ETF;创新药ETF;半导体ETF;军工ETF
2023-02-02,921750.7740235133,0.0,921750.7740235133,0.0,False,liquidate,-0.184701581835855,10,沪深300;创业板;黄金;国债ETF;有色ETF;酒ETF;证券ETF;创新药ETF;半导体ETF;军工ETF,沪深300;创业板;黄金;国债ETF,有色ETF;酒ETF;证券ETF;创新药ETF;半导体ETF;军工ETF
2023-02-03,921823.9288468485,0.0,921823.9288468485,0.0,False,liquidate,-0.18463687561219116,11,沪深300;创业板;纳指;黄金;国债ETF;有色ETF;酒ETF;证券ETF;创新药ETF;半导体ETF;军工ETF,沪深300;创业板;纳指;黄金;国债ETF,有色ETF;酒ETF;证券ETF;创新药ETF;半导体ETF;军工ETF
2023-02-06,921897.0894761222,0.0,921897.0894761222,0.0,False,liquidate,-0.1845721642531127,11,沪深300;创业板;纳指;黄金;国债ETF;酒ETF;有色ETF;证券ETF;半导体ETF;创新药ETF;军工ETF,沪深300;创业板;纳指;黄金;国债ETF,酒ETF;有色ETF;证券ETF;半导体ETF;创新药ETF;军工ETF
2023-02-07,921970.255911795,0.0,921970.255911795,0.0,False,liquidate,-0.1845074477582121,11,沪深300;创业板;纳指;黄金;国债ETF;有色ETF;酒ETF;证券ETF;半导体ETF;创新药ETF;军工ETF,沪深300;创业板;纳指;黄金;国债ETF,有色ETF;酒ETF;证券ETF;半导体ETF;创新药ETF;军工ETF
2023-02-08,922043.4281543277,0.0,922043.4281543277,0.0,False,liquidate,-0.18444272612708176,11,沪深300;创业板;纳指;黄金;国债ETF;有色ETF;证券ETF;酒ETF;半导体ETF;创新药ETF;军工ETF,沪深300;创业板;纳指;黄金;国债ETF,有色ETF;证券ETF;酒ETF;半导体ETF;创新药ETF;军工ETF
2023-02-09,922116.6062041812,0.0,922116.6062041812,0.0,False,liquidate,-0.18437799935931404,11,沪深300;创业板;纳指;黄金;国债ETF;半导体ETF;酒ETF;有色ETF;证券ETF;创新药ETF;军工ETF,沪深300;创业板;纳指;黄金;国债ETF,半导体ETF;酒ETF;有色ETF;证券ETF;创新药ETF;军工ETF
2023-02-10,922189.7900618165,0.0,922189.7900618165,0.0,False,liquidate,-0.1843132674545013,11,沪深300;创业板;纳指;黄金;国债ETF;半导体ETF;酒ETF;证券ETF;有色ETF;创新药ETF;军工ETF,沪深300;创业板;纳指;黄金;国债ETF,半导体ETF;酒ETF;证券ETF;有色ETF;创新药ETF;军工ETF
2023-02-13,922262.9797276944,0.0,922262.9797276944,0.0,False,liquidate,-0.18424853041223577,11,沪深300;创业板;纳指;黄金;国债ETF;酒ETF;半导体ETF;证券ETF;军工ETF;有色ETF;创新药ETF,沪深300;创业板;纳指;黄金;国债ETF,酒ETF;半导体ETF;证券ETF;军工ETF;有色ETF;创新药ETF
2023-02-14,922336.175202276,0.0,922336.175202276,0.0,False,liquidate,-0.18418378823210974,11,沪深300;创业板;纳指;黄金;国债ETF;酒ETF;半导体ETF;有色ETF;军工ETF;证券ETF;创新药ETF,沪深300;创业板;纳指;黄金;国债ETF,酒ETF;半导体ETF;有色ETF;军工ETF;证券ETF;创新药ETF
2023-02-15,922409.3764860223,0.0,922409.3764860223,0.0,False,liquidate,-0.1841190409137154,11,沪深300;创业板;纳指;黄金;国债ETF;酒ETF;半导体ETF;军工ETF;有色ETF;证券ETF;创新药ETF,沪深300;创业板;纳指;黄金;国债ETF,酒ETF;半导体ETF;军工ETF;有色ETF;证券ETF;创新药ETF
2023-02-16,922482.5835793942,0.0,922482.5835793942,0.0,False,liquidate,-0.18405428845664507,11,沪深300;创业板;纳指;黄金;国债ETF;酒ETF;半导体ETF;军工ETF;证券ETF;有色ETF;创新药ETF,沪深300;创业板;纳指;黄金;国债ETF,酒ETF;半导体ETF;军工ETF;证券ETF;有色ETF;创新药ETF
2023-02-17,922555.7964828529,0.0,922555.7964828529,0.0,False,liquidate,-0.1839895308604908,11,沪深300;创业板;纳指;黄金;国债ETF;酒ETF;军工ETF;有色ETF;半导体ETF;证券ETF;创新药ETF,沪深300;创业板;纳指;黄金;国债ETF,酒ETF;军工ETF;有色ETF;半导体ETF;证券ETF;创新药ETF
2023-02-20,922629.0151968595,0.0,922629.0151968595,0.0,False,liquidate,-0.1839247681248448,11,沪深300;创业板;纳指;黄金;国债ETF;酒ETF;有色ETF;军工ETF;证券ETF;半导体ETF;创新药ETF,沪深300;创业板;纳指;黄金;国债ETF,酒ETF;有色ETF;军工ETF;证券ETF;半导体ETF;创新药ETF
2023-02-21,922702.2397218752,0.0,922702.2397218752,0.0,False,liquidate,-0.18386000024929908,11,沪深300;创业板;纳指;黄金;国债ETF;酒ETF;有色ETF;军工ETF;证券ETF;半导体ETF;创新药ETF,沪深300;创业板;纳指;黄金;国债ETF,酒ETF;有色ETF;军工ETF;证券ETF;半导体ETF;创新药ETF
2023-02-22,922775.4700583611,0.0,922775.4700583611,0.0,False,liquidate,-0.18379522723344582,11,沪深300;创业板;纳指;黄金;国债ETF;酒ETF;有色ETF;军工ETF;证券ETF;半导体ETF;创新药ETF,沪深300;创业板;纳指;黄金;国债ETF,酒ETF;有色ETF;军工ETF;证券ETF;半导体ETF;创新药ETF
2023-02-23,922848.7062067784,0.0,922848.7062067784,0.0,False,liquidate,-0.18373044907687702,11,沪深300;创业板;纳指;黄金;国债ETF;酒ETF;有色ETF;证券ETF;军工ETF;半导体ETF;创新药ETF,沪深300;创业板;纳指;黄金;国债ETF,酒ETF;有色ETF;证券ETF;军工ETF;半导体ETF;创新药ETF
2023-02-24,922921.9481675886,0.0,922921.9481675886,0.0,False,liquidate,-0.18366566577918464,11,沪深300;创业板;纳指;黄金;国债ETF;酒ETF;军工ETF;证券ETF;有色ETF;半导体ETF;创新药ETF,沪深300;创业板;纳指;黄金;国债ETF,酒ETF;军工ETF;证券ETF;有色ETF;半导体ETF;创新药ETF
2023-02-27,922995.1959412528,0.0,922995.1959412528,0.0,False,liquidate,-0.1836008773399607,11,沪深300;创业板;纳指;黄金;国债ETF;酒ETF;军工ETF;证券ETF;半导体ETF;有色ETF;创新药ETF,沪深300;创业板;纳指;黄金;国债ETF,酒ETF;军工ETF;证券ETF;半导体ETF;有色ETF;创新药ETF
2023-02-28,923068.4495282322,0.0,923068.4495282322,0.0,False,liquidate,-0.18353608375879718,11,沪深300;创业板;纳指;黄金;国债ETF;酒ETF;军工ETF;创新药ETF;证券ETF;半导体ETF;有色ETF,沪深300;创业板;纳指;黄金;国债ETF,酒ETF;军工ETF;创新药ETF;证券ETF;半导体ETF;有色ETF
2023-03-01,923141.7089289884,0.0,923141.7089289884,0.0,False,liquidate,-0.18347128503528598,11,沪深300;创业板;纳指;黄金;国债ETF;酒ETF;军工ETF;证券ETF;有色ETF;创新药ETF;半导体ETF,沪深300;创业板;纳指;黄金;国债ETF,酒ETF;军工ETF;证券ETF;有色ETF;创新药ETF;半导体ETF
2023-03-02,923214.9741439829,0.0,923214.9741439829,0.0,False,liquidate,-0.18340648116901886,11,沪深300;创业板;纳指;黄金;国债ETF;酒ETF;证券ETF;军工ETF;有色ETF;创新药ETF;半导体ETF,沪深300;创业板;纳指;黄金;国债ETF,酒ETF;证券ETF;军工ETF;有色ETF;创新药ETF;半导体ETF
2023-03-03,923288.2451736769,0.0,923288.2451736769,0.0,False,liquidate,-0.1833416721595878,10,沪深300;创业板;纳指;黄金;酒ETF;证券ETF;军工ETF;半导体ETF;有色ETF;创新药ETF,沪深300;创业板;纳指;黄金,酒ETF;证券ETF;军工ETF;半导体ETF;有色ETF;创新药ETF
2023-03-06,923361.5220185319,0.0,923361.5220185319,0.0,False,liquidate,-0.1832768580065846,10,沪深300;创业板;纳指;黄金;酒ETF;军工ETF;半导体ETF;证券ETF;创新药ETF;有色ETF,沪深300;创业板;纳指;黄金,酒ETF;军工ETF;半导体ETF;证券ETF;创新药ETF;有色ETF
2023-03-07,923434.8046790096,0.0,923434.8046790096,0.0,False,liquidate,-0.18321203870960098,10,沪深300;创业板;纳指;黄金;酒ETF;军工ETF;证券ETF;创新药ETF;有色ETF;半导体ETF,沪深300;创业板;纳指;黄金,酒ETF;军工ETF;证券ETF;创新药ETF;有色ETF;半导体ETF
2023-03-08,923508.0931555715,0.0,923508.0931555715,0.0,False,liquidate,-0.18314721426822866,9,纳指;黄金;国债ETF;酒ETF;军工ETF;证券ETF;有色ETF;半导体ETF;创新药ETF,纳指;黄金;国债ETF,酒ETF;军工ETF;证券ETF;有色ETF;半导体ETF;创新药ETF
2023-03-09,923581.3874486791,0.0,923581.3874486791,0.0,False,liquidate,-0.18308238468205948,9,纳指;黄金;国债ETF;酒ETF;军工ETF;半导体ETF;证券ETF;有色ETF;创新药ETF,纳指;黄金;国债ETF,酒ETF;军工ETF;半导体ETF;证券ETF;有色ETF;创新药ETF
2023-03-10,923654.687558794,0.0,923654.687558794,0.0,False,liquidate,-0.18301754995068506,9,纳指;黄金;国债ETF;军工ETF;酒ETF;半导体ETF;创新药ETF;证券ETF;有色ETF,纳指;黄金;国债ETF,军工ETF;酒ETF;半导体ETF;创新药ETF;证券ETF;有色ETF
2023-03-13,923727.9934863781,0.0,923727.9934863781,0.0,False,liquidate,-0.18295271007369698,9,纳指;黄金;国债ETF;军工ETF;酒ETF;证券ETF;半导体ETF;有色ETF;创新药ETF,纳指;黄金;国债ETF,军工ETF;酒ETF;证券ETF;半导体ETF;有色ETF;创新药ETF
2023-03-14,923801.305231893,0.0,923801.305231893,0.0,False,liquidate,-0.1828878650506869,9,纳指;黄金;国债ETF;军工ETF;半导体ETF;酒ETF;创新药ETF;证券ETF;有色ETF,纳指;黄金;国债ETF,军工ETF;半导体ETF;酒ETF;创新药ETF;证券ETF;有色ETF
2023-03-15,923874.6227958003,0.0,923874.6227958003,0.0,False,liquidate,-0.18282301488124642,9,纳指;黄金;国债ETF;军工ETF;半导体ETF;创新药ETF;有色ETF;酒ETF;证券ETF,纳指;黄金;国债ETF,军工ETF;半导体ETF;创新药ETF;有色ETF;酒ETF;证券ETF
2023-03-16,923947.9461785619,0.0,923947.9461785619,0.0,False,liquidate,-0.18275815956496716,9,纳指;黄金;国债ETF;半导体ETF;军工ETF;酒ETF;证券ETF;创新药ETF;有色ETF,纳指;黄金;国债ETF,半导体ETF;军工ETF;酒ETF;证券ETF;创新药ETF;有色ETF
2023-03-17,924021.2753806396,0.0,924021.2753806396,0.0,False,liquidate,-0.18269329910144053,9,纳指;黄金;国债ETF;半导体ETF;军工ETF;证券ETF;酒ETF;有色ETF;创新药ETF,纳指;黄金;国债ETF,半导体ETF;军工ETF;证券ETF;酒ETF;有色ETF;创新药ETF
2023-03-20,924094.6104024953,0.0,924094.6104024953,0.0,False,liquidate,-0.18262843349025806,9,纳指;黄金;国债ETF;半导体ETF;军工ETF;证券ETF;有色ETF;创新药ETF;酒ETF,纳指;黄金;国债ETF,半导体ETF;军工ETF;证券ETF;有色ETF;创新药ETF;酒ETF
2023-03-21,924167.9512445907,0.0,924167.9512445907,0.0,False,liquidate,-0.18256356273101126,9,纳指;黄金;国债ETF;半导体ETF;军工ETF;酒ETF;证券ETF;创新药ETF;有色ETF,纳指;黄金;国债ETF,半导体ETF;军工ETF;酒ETF;证券ETF;创新药ETF;有色ETF
2023-03-22,924241.297907388,0.0,924241.297907388,0.0,False,liquidate,-0.18249868682329143,9,纳指;黄金;国债ETF;半导体ETF;军工ETF;创新药ETF;酒ETF;证券ETF;有色ETF,纳指;黄金;国债ETF,半导体ETF;军工ETF;创新药ETF;酒ETF;证券ETF;有色ETF
2023-03-23,924314.6503913489,0.0,924314.6503913489,0.0,False,liquidate,-0.1824338057666901,9,纳指;黄金;国债ETF;半导体ETF;军工ETF;有色ETF;证券ETF;酒ETF;创新药ETF,纳指;黄金;国债ETF,半导体ETF;军工ETF;有色ETF;证券ETF;酒ETF;创新药ETF
2023-03-24,924388.0086969355,0.0,924388.0086969355,0.0,False,liquidate,-0.18236891956079856,9,纳指;黄金;国债ETF;半导体ETF;军工ETF;证券ETF;有色ETF;酒ETF;创新药ETF,纳指;黄金;国债ETF,半导体ETF;军工ETF;证券ETF;有色ETF;酒ETF;创新药ETF
2023-03-27,924461.3728246099,0.0,924461.3728246099,0.0,False,liquidate,-0.18230402820520814,9,纳指;黄金;国债ETF;半导体ETF;证券ETF;军工ETF;有色ETF;酒ETF;创新药ETF,纳指;黄金;国债ETF,半导体ETF;证券ETF;军工ETF;有色ETF;酒ETF;创新药ETF
2023-03-28,924534.742774834,0.0,924534.742774834,0.0,False,liquidate,-0.18223913169951014,9,纳指;黄金;国债ETF;半导体ETF;酒ETF;证券ETF;军工ETF;创新药ETF;有色ETF,纳指;黄金;国债ETF,半导体ETF;酒ETF;证券ETF;军工ETF;创新药ETF;有色ETF
2023-03-29,924608.1185480702,0.0,924608.1185480702,0.0,False,liquidate,-0.18217423004329575,9,纳指;黄金;国债ETF;半导体ETF;酒ETF;证券ETF;有色ETF;军工ETF;创新药ETF,纳指;黄金;国债ETF,半导体ETF;酒ETF;证券ETF;有色ETF;军工ETF;创新药ETF
2023-03-30,924681.5001447804,0.0,924681.5001447804,0.0,False,liquidate,-0.1821093232361563,9,纳指;黄金;国债ETF;半导体ETF;酒ETF;证券ETF;有色ETF;创新药ETF;军工ETF,纳指;黄金;国债ETF,半导体ETF;酒ETF;证券ETF;有色ETF;创新药ETF;军工ETF
2023-03-31,924754.8875654269,0.0,924754.8875654269,0.0,False,liquidate,-0.18204441127768292,9,纳指;黄金;国债ETF;半导体ETF;酒ETF;有色ETF;证券ETF;军工ETF;创新药ETF,纳指;黄金;国债ETF,半导体ETF;酒ETF;有色ETF;证券ETF;军工ETF;创新药ETF
2023-04-03,924828.2808104717,0.0,924828.2808104717,0.0,False,liquidate,-0.18197949416746687,9,纳指;黄金;国债ETF;半导体ETF;证券ETF;酒ETF;有色ETF;军工ETF;创新药ETF,纳指;黄金;国债ETF,半导体ETF;证券ETF;酒ETF;有色ETF;军工ETF;创新药ETF
2023-04-04,924901.6798803774,0.0,924901.6798803774,0.0,False,liquidate,-0.1819145719050992,10,沪深300;纳指;黄金;国债ETF;半导体ETF;证券ETF;酒ETF;有色ETF;军工ETF;创新药ETF,沪深300;纳指;黄金;国债ETF,半导体ETF;证券ETF;酒ETF;有色ETF;军工ETF;创新药ETF
2023-04-06,924975.084775606,0.0,924975.084775606,0.0,False,liquidate,-0.18184964449017094,9,纳指;黄金;国债ETF;半导体ETF;证券ETF;有色ETF;酒ETF;军工ETF;创新药ETF,纳指;黄金;国债ETF,半导体ETF;证券ETF;有色ETF;酒ETF;军工ETF;创新药ETF
2023-04-07,925048.4954966201,0.0,925048.4954966201,0.0,False,liquidate,-0.18178471192227327,10,沪深300;纳指;黄金;国债ETF;半导体ETF;证券ETF;酒ETF;有色ETF;军工ETF;创新药ETF,沪深300;纳指;黄金;国债ETF,半导体ETF;证券ETF;酒ETF;有色ETF;军工ETF;创新药ETF
2023-04-10,925121.9120438817,0.0,925121.9120438817,0.0,False,liquidate,-0.18171977420099725,9,纳指;黄金;国债ETF;半导体ETF;证券ETF;创新药ETF;有色ETF;军工ETF;酒ETF,纳指;黄金;国债ETF,半导体ETF;证券ETF;创新药ETF;有色ETF;军工ETF;酒ETF
2023-04-11,925195.3344178535,0.0,925195.3344178535,0.0,False,liquidate,-0.1816548313259338,9,纳指;黄金;国债ETF;半导体ETF;证券ETF;有色ETF;创新药ETF;军工ETF;酒ETF,纳指;黄金;国债ETF,半导体ETF;证券ETF;有色ETF;创新药ETF;军工ETF;酒ETF
2023-04-12,925268.7626189978,0.0,925268.7626189978,0.0,False,liquidate,-0.1815898832966739,9,纳指;黄金;国债ETF;半导体ETF;证券ETF;有色ETF;军工ETF;创新药ETF;酒ETF,纳指;黄金;国债ETF,半导体ETF;证券ETF;有色ETF;军工ETF;创新药ETF;酒ETF
2023-04-13,925342.1966477771,0.0,925342.1966477771,0.0,False,liquidate,-0.18152493011280857,9,纳指;黄金;国债ETF;半导体ETF;证券ETF;有色ETF;创新药ETF;军工ETF;酒ETF,纳指;黄金;国债ETF,半导体ETF;证券ETF;有色ETF;创新药ETF;军工ETF;酒ETF
2023-04-14,925415.636504654,0.0,925415.636504654,0.0,False,liquidate,-0.18145997177392859,10,沪深300;纳指;黄金;国债ETF;半导体ETF;有色ETF;证券ETF;创新药ETF;军工ETF;酒ETF,沪深300;纳指;黄金;国债ETF,半导体ETF;有色ETF;证券ETF;创新药ETF;军工ETF;酒ETF
2023-04-17,925489.0821900909,0.0,925489.0821900909,0.0,False,liquidate,-0.18139500827962488,10,沪深300;纳指;黄金;国债ETF;半导体ETF;有色ETF;证券ETF;创新药ETF;军工ETF;酒ETF,沪深300;纳指;黄金;国债ETF,半导体ETF;有色ETF;证券ETF;创新药ETF;军工ETF;酒ETF
2023-04-18,925562.5337045505,0.0,925562.5337045505,0.0,False,liquidate,-0.1813300396294883,10,沪深300;纳指;黄金;国债ETF;半导体ETF;有色ETF;证券ETF;创新药ETF;军工ETF;酒ETF,沪深300;纳指;黄金;国债ETF,半导体ETF;有色ETF;证券ETF;创新药ETF;军工ETF;酒ETF
2023-04-19,925635.9910484953,0.0,925635.9910484953,0.0,False,liquidate,-0.18126506582310967,10,沪深300;纳指;黄金;国债ETF;半导体ETF;有色ETF;证券ETF;军工ETF;创新药ETF;酒ETF,沪深300;纳指;黄金;国债ETF,半导体ETF;有色ETF;证券ETF;军工ETF;创新药ETF;酒ETF
2023-04-20,925709.4542223881,0.0,925709.4542223881,0.0,False,liquidate,-0.1812000868600797,10,沪深300;纳指;黄金;国债ETF;半导体ETF;有色ETF;证券ETF;军工ETF;创新药ETF;酒ETF,沪深300;纳指;黄金;国债ETF,半导体ETF;有色ETF;证券ETF;军工ETF;创新药ETF;酒ETF
2023-04-21,925782.9232266915,0.0,925782.9232266915,0.0,False,liquidate,-0.18113510273998915,9,纳指;黄金;国债ETF;半导体ETF;有色ETF;证券ETF;军工ETF;创新药ETF;酒ETF,纳指;黄金;国债ETF,半导体ETF;有色ETF;证券ETF;军工ETF;创新药ETF;酒ETF
2023-04-24,925856.3980618683,0.0,925856.3980618683,0.0,False,liquidate,-0.18107011346242885,9,纳指;黄金;国债ETF;半导体ETF;有色ETF;证券ETF;创新药ETF;军工ETF;酒ETF,纳指;黄金;国债ETF,半导体ETF;有色ETF;证券ETF;创新药ETF;军工ETF;酒ETF
2023-04-25,925929.8787283811,0.0,925929.8787283811,0.0,False,liquidate,-0.18100511902698935,9,纳指;黄金;国债ETF;半导体ETF;证券ETF;有色ETF;军工ETF;创新药ETF;酒ETF,纳指;黄金;国债ETF,半导体ETF;证券ETF;有色ETF;军工ETF;创新药ETF;酒ETF
2023-04-26,926003.365226693,0.0,926003.365226693,0.0,False,liquidate,-0.18094011943326124,9,纳指;黄金;国债ETF;半导体ETF;证券ETF;军工ETF;有色ETF;创新药ETF;酒ETF,纳指;黄金;国债ETF,半导体ETF;证券ETF;军工ETF;有色ETF;创新药ETF;酒ETF
2023-04-27,926076.8575572666,0.0,926076.8575572666,0.0,False,liquidate,-0.18087511468083525,9,纳指;黄金;国债ETF;半导体ETF;军工ETF;证券ETF;创新药ETF;有色ETF;酒ETF,纳指;黄金;国债ETF,半导体ETF;军工ETF;证券ETF;创新药ETF;有色ETF;酒ETF
2023-04-28,926150.3557205648,0.0,926150.3557205648,0.0,False,liquidate,-0.18081010476930195,9,纳指;黄金;国债ETF;半导体ETF;证券ETF;军工ETF;创新药ETF;有色ETF;酒ETF,纳指;黄金;国债ETF,半导体ETF;证券ETF;军工ETF;创新药ETF;有色ETF;酒ETF
2023-05-04,926223.8597170507,0.0,926223.8597170507,0.0,False,liquidate,-0.18074508969825182,9,纳指;黄金;国债ETF;证券ETF;半导体ETF;军工ETF;创新药ETF;有色ETF;酒ETF,纳指;黄金;国债ETF,证券ETF;半导体ETF;军工ETF;创新药ETF;有色ETF;酒ETF
2023-05-05,926297.369547187,0.0,926297.369547187,0.0,False,liquidate,-0.18068006946727544,9,纳指;黄金;国债ETF;证券ETF;军工ETF;半导体ETF;创新药ETF;有色ETF;酒ETF,纳指;黄金;国债ETF,证券ETF;军工ETF;半导体ETF;创新药ETF;有色ETF;酒ETF
2023-05-08,926370.8852114368,0.0,926370.8852114368,0.0,False,liquidate,-0.18061504407596332,10,沪深300;纳指;黄金;国债ETF;证券ETF;军工ETF;有色ETF;半导体ETF;创新药ETF;酒ETF,沪深300;纳指;黄金;国债ETF,证券ETF;军工ETF;有色ETF;半导体ETF;创新药ETF;酒ETF
2023-05-09,926444.4067102631,0.0,926444.4067102631,0.0,False,liquidate,-0.18055001352390584,10,沪深300;纳指;黄金;国债ETF;证券ETF;军工ETF;有色ETF;酒ETF;半导体ETF;创新药ETF,沪深300;纳指;黄金;国债ETF,证券ETF;军工ETF;有色ETF;酒ETF;半导体ETF;创新药ETF
2023-05-10,926517.9340441291,0.0,926517.9340441291,0.0,False,liquidate,-0.18048497781069336,10,沪深300;纳指;黄金;国债ETF;证券ETF;军工ETF;有色ETF;半导体ETF;酒ETF;创新药ETF,沪深300;纳指;黄金;国债ETF,证券ETF;军工ETF;有色ETF;半导体ETF;酒ETF;创新药ETF
2023-05-11,926591.4672134977,0.0,926591.4672134977,0.0,False,liquidate,-0.1804199369359164,9,纳指;黄金;国债ETF;证券ETF;军工ETF;有色ETF;半导体ETF;酒ETF;创新药ETF,纳指;黄金;国债ETF,证券ETF;军工ETF;有色ETF;半导体ETF;酒ETF;创新药ETF
2023-05-12,926665.0062188322,0.0,926665.0062188322,0.0,False,liquidate,-0.1803548908991652,9,纳指;黄金;国债ETF;证券ETF;军工ETF;酒ETF;半导体ETF;创新药ETF;有色ETF,纳指;黄金;国债ETF,证券ETF;军工ETF;酒ETF;半导体ETF;创新药ETF;有色ETF
2023-05-15,926738.5510605957,0.0,926738.5510605957,0.0,False,liquidate,-0.18028983970003018,10,沪深300;纳指;黄金;国债ETF;证券ETF;军工ETF;有色ETF;半导体ETF;创新药ETF;酒ETF,沪深300;纳指;黄金;国债ETF,证券ETF;军工ETF;有色ETF;半导体ETF;创新药ETF;酒ETF
2023-05-16,926812.1017392513,0.0,926812.1017392513,0.0,False,liquidate,-0.1802247833381016,10,沪深300;纳指;黄金;国债ETF;证券ETF;军工ETF;创新药ETF;有色ETF;半导体ETF;酒ETF,沪深300;纳指;黄金;国债ETF,证券ETF;军工ETF;创新药ETF;有色ETF;半导体ETF;酒ETF
2023-05-17,926885.6582552624,0.0,926885.6582552624,0.0,False,liquidate,-0.18015972181296963,10,创业板;纳指;黄金;国债ETF;证券ETF;军工ETF;半导体ETF;创新药ETF;有色ETF;酒ETF,创业板;纳指;黄金;国债ETF,证券ETF;军工ETF;半导体ETF;创新药ETF;有色ETF;酒ETF
2023-05-18,926959.2206090923,0.0,926959.2206090923,0.0,False,liquidate,-0.18009465512422457,10,沪深300;纳指;黄金;国债ETF;军工ETF;证券ETF;半导体ETF;创新药ETF;有色ETF;酒ETF,沪深300;纳指;黄金;国债ETF,军工ETF;证券ETF;半导体ETF;创新药ETF;有色ETF;酒ETF
2023-05-19,927032.7888012042,0.0,927032.7888012042,0.0,False,liquidate,-0.18002958327145657,9,纳指;黄金;国债ETF;军工ETF;证券ETF;半导体ETF;创新药ETF;酒ETF;有色ETF,纳指;黄金;国债ETF,军工ETF;证券ETF;半导体ETF;创新药ETF;酒ETF;有色ETF
2023-05-22,927106.3628320615,624562.2582838046,302544.10454825684,0.5,False,halve,-0.17996450625425583,9,纳指;黄金;国债ETF;军工ETF;证券ETF;半导体ETF;创新药ETF;酒ETF;有色ETF,纳指;黄金;国债ETF,军工ETF;证券ETF;半导体ETF;创新药ETF;酒ETF;有色ETF
2023-05-23,919322.0764759631,0.0,919322.0764759631,0.0,False,liquidate,-0.18684979079267908,9,纳指;黄金;国债ETF;证券ETF;军工ETF;创新药ETF;半导体ETF;酒ETF;有色ETF,纳指;黄金;国债ETF,证券ETF;军工ETF;创新药ETF;半导体ETF;酒ETF;有色ETF
2023-05-24,919395.0385455247,0.0,919395.0385455247,0.0,False,liquidate,-0.18678525506178958,9,纳指;黄金;国债ETF;证券ETF;军工ETF;半导体ETF;创新药ETF;酒ETF;有色ETF,纳指;黄金;国债ETF,证券ETF;军工ETF;半导体ETF;创新药ETF;酒ETF;有色ETF
2023-05-25,919468.0064057268,0.0,919468.0064057268,0.0,False,liquidate,-0.18672071420901667,9,纳指;黄金;国债ETF;军工ETF;证券ETF;半导体ETF;创新药ETF;有色ETF;酒ETF,纳指;黄金;国债ETF,军工ETF;证券ETF;半导体ETF;创新药ETF;有色ETF;酒ETF
2023-05-26,919540.9800570288,0.0,919540.9800570288,0.0,False,liquidate,-0.1866561682339539,9,纳指;黄金;国债ETF;半导体ETF;军工ETF;证券ETF;创新药ETF;有色ETF;酒ETF,纳指;黄金;国债ETF,半导体ETF;军工ETF;证券ETF;创新药ETF;有色ETF;酒ETF
2023-05-29,919613.9594998906,0.0,919613.9594998906,0.0,False,liquidate,-0.18659161713619463,9,纳指;黄金;国债ETF;半导体ETF;军工ETF;证券ETF;创新药ETF;有色ETF;酒ETF,纳指;黄金;国债ETF,半导体ETF;军工ETF;证券ETF;创新药ETF;有色ETF;酒ETF
2023-05-30,919686.9447347715,0.0,919686.9447347715,0.0,False,liquidate,-0.18652706091533242,9,纳指;黄金;国债ETF;半导体ETF;军工ETF;证券ETF;创新药ETF;有色ETF;酒ETF,纳指;黄金;国债ETF,半导体ETF;军工ETF;证券ETF;创新药ETF;有色ETF;酒ETF
2023-05-31,919759.9357621315,0.0,919759.9357621315,0.0,False,liquidate,-0.18646249957096056,9,纳指;黄金;国债ETF;半导体ETF;军工ETF;证券ETF;创新药ETF;有色ETF;酒ETF,纳指;黄金;国债ETF,半导体ETF;军工ETF;证券ETF;创新药ETF;有色ETF;酒ETF
2023-06-01,919832.9325824301,0.0,919832.9325824301,0.0,False,liquidate,-0.18639793310267253,9,纳指;黄金;国债ETF;半导体ETF;军工ETF;创新药ETF;证券ETF;有色ETF;酒ETF,纳指;黄金;国债ETF,半导体ETF;军工ETF;创新药ETF;证券ETF;有色ETF;酒ETF
2023-06-02,919905.9351961272,0.0,919905.9351961272,0.0,False,liquidate,-0.18633336151006155,9,纳指;黄金;国债ETF;半导体ETF;军工ETF;创新药ETF;有色ETF;证券ETF;酒ETF,纳指;黄金;国债ETF,半导体ETF;军工ETF;创新药ETF;有色ETF;证券ETF;酒ETF
2023-06-05,919978.9436036824,0.0,919978.9436036824,0.0,False,liquidate,-0.18626878479272105,8,纳指;国债ETF;半导体ETF;创新药ETF;军工ETF;有色ETF;证券ETF;酒ETF,纳指;国债ETF,半导体ETF;创新药ETF;军工ETF;有色ETF;证券ETF;酒ETF
2023-06-06,920051.9578055558,0.0,920051.9578055558,0.0,False,liquidate,-0.18620420295024426,9,纳指;黄金;国债ETF;半导体ETF;军工ETF;创新药ETF;证券ETF;有色ETF;酒ETF,纳指;黄金;国债ETF,半导体ETF;军工ETF;创新药ETF;证券ETF;有色ETF;酒ETF
2023-06-07,920124.9778022071,0.0,920124.9778022071,0.0,False,liquidate,-0.18613961598222437,9,纳指;黄金;国债ETF;半导体ETF;军工ETF;证券ETF;有色ETF;创新药ETF;酒ETF,纳指;黄金;国债ETF,半导体ETF;军工ETF;证券ETF;有色ETF;创新药ETF;酒ETF
2023-06-08,920198.0035940962,0.0,920198.0035940962,0.0,False,liquidate,-0.1860750238882547,9,纳指;黄金;国债ETF;半导体ETF;有色ETF;证券ETF;军工ETF;创新药ETF;酒ETF,纳指;黄金;国债ETF,半导体ETF;有色ETF;证券ETF;军工ETF;创新药ETF;酒ETF
2023-06-09,920271.035181683,0.0,920271.035181683,0.0,False,liquidate,-0.18601042666792836,9,纳指;黄金;国债ETF;半导体ETF;证券ETF;有色ETF;军工ETF;创新药ETF;酒ETF,纳指;黄金;国债ETF,半导体ETF;证券ETF;有色ETF;军工ETF;创新药ETF;酒ETF
2023-06-12,920344.0725654276,0.0,920344.0725654276,0.0,False,liquidate,-0.18594582432083848,9,纳指;黄金;国债ETF;半导体ETF;有色ETF;证券ETF;军工ETF;酒ETF;创新药ETF,纳指;黄金;国债ETF,半导体ETF;有色ETF;证券ETF;军工ETF;酒ETF;创新药ETF
2023-06-13,920417.11574579,0.0,920417.11574579,0.0,False,liquidate,-0.18588121684657824,9,纳指;黄金;国债ETF;半导体ETF;有色ETF;证券ETF;酒ETF;军工ETF;创新药ETF,纳指;黄金;国债ETF,半导体ETF;有色ETF;证券ETF;酒ETF;军工ETF;创新药ETF
2023-06-14,920490.1647232302,0.0,920490.1647232302,0.0,False,liquidate,-0.18581660424474059,9,纳指;黄金;国债ETF;半导体ETF;酒ETF;有色ETF;证券ETF;军工ETF;创新药ETF,纳指;黄金;国债ETF,半导体ETF;酒ETF;有色ETF;证券ETF;军工ETF;创新药ETF
2023-06-15,920563.2194982083,0.0,920563.2194982083,0.0,False,liquidate,-0.1857519865149187,9,纳指;黄金;国债ETF;半导体ETF;证券ETF;酒ETF;有色ETF;军工ETF;创新药ETF,纳指;黄金;国债ETF,半导体ETF;证券ETF;酒ETF;有色ETF;军工ETF;创新药ETF
2023-06-16,920636.2800711844,0.0,920636.2800711844,0.0,False,liquidate,-0.18568736365670555,9,纳指;黄金;国债ETF;半导体ETF;证券ETF;有色ETF;酒ETF;军工ETF;创新药ETF,纳指;黄金;国债ETF,半导体ETF;证券ETF;有色ETF;酒ETF;军工ETF;创新药ETF
2023-06-19,920709.3464426186,0.0,920709.3464426186,0.0,False,liquidate,-0.18562273566969414,9,纳指;黄金;国债ETF;半导体ETF;证券ETF;军工ETF;有色ETF;酒ETF;创新药ETF,纳指;黄金;国债ETF,半导体ETF;证券ETF;军工ETF;有色ETF;酒ETF;创新药ETF
2023-06-20,920782.4186129713,0.0,920782.4186129713,0.0,False,liquidate,-0.18555810255347735,9,纳指;黄金;国债ETF;半导体ETF;军工ETF;证券ETF;有色ETF;酒ETF;创新药ETF,纳指;黄金;国债ETF,半导体ETF;军工ETF;证券ETF;有色ETF;酒ETF;创新药ETF
2023-06-21,920855.4965827025,0.0,920855.4965827025,0.0,False,liquidate,-0.1854934643076483,9,纳指;黄金;国债ETF;军工ETF;证券ETF;半导体ETF;有色ETF;酒ETF;创新药ETF,纳指;黄金;国债ETF,军工ETF;证券ETF;半导体ETF;有色ETF;酒ETF;创新药ETF
2023-06-26,920928.5803522726,0.0,920928.5803522726,0.0,False,liquidate,-0.18542882093179963,9,纳指;黄金;国债ETF;军工ETF;半导体ETF;有色ETF;证券ETF;酒ETF;创新药ETF,纳指;黄金;国债ETF,军工ETF;半导体ETF;有色ETF;证券ETF;酒ETF;创新药ETF
2023-06-27,921001.6699221418,0.0,921001.6699221418,0.0,False,liquidate,-0.1853641724255244,9,纳指;黄金;国债ETF;军工ETF;有色ETF;证券ETF;半导体ETF;酒ETF;创新药ETF,纳指;黄金;国债ETF,军工ETF;有色ETF;证券ETF;半导体ETF;酒ETF;创新药ETF
2023-06-28,921074.7652927706,0.0,921074.7652927706,0.0,False,liquidate,-0.1852995187884153,9,纳指;黄金;国债ETF;军工ETF;有色ETF;证券ETF;酒ETF;半导体ETF;创新药ETF,纳指;黄金;国债ETF,军工ETF;有色ETF;证券ETF;酒ETF;半导体ETF;创新药ETF
2023-06-29,921147.8664646193,0.0,921147.8664646193,0.0,False,liquidate,-0.1852348600200651,9,纳指;黄金;国债ETF;军工ETF;有色ETF;证券ETF;酒ETF;半导体ETF;创新药ETF,纳指;黄金;国债ETF,军工ETF;有色ETF;证券ETF;酒ETF;半导体ETF;创新药ETF
2023-06-30,921220.9734381483,0.0,921220.9734381483,0.0,False,liquidate,-0.18517019612006666,8,纳指;国债ETF;军工ETF;证券ETF;有色ETF;酒ETF;半导体ETF;创新药ETF,纳指;国债ETF,军工ETF;证券ETF;有色ETF;酒ETF;半导体ETF;创新药ETF
2023-07-03,921294.086213818,0.0,921294.086213818,0.0,False,liquidate,-0.18510552708801262,8,纳指;国债ETF;军工ETF;证券ETF;有色ETF;酒ETF;创新药ETF;半导体ETF,纳指;国债ETF,军工ETF;证券ETF;有色ETF;酒ETF;创新药ETF;半导体ETF
2023-07-04,921367.2047920891,0.0,921367.2047920891,0.0,False,liquidate,-0.18504085292349573,8,纳指;国债ETF;军工ETF;证券ETF;有色ETF;酒ETF;创新药ETF;半导体ETF,纳指;国债ETF,军工ETF;证券ETF;有色ETF;酒ETF;创新药ETF;半导体ETF
2023-07-05,921440.3291734218,0.0,921440.3291734218,0.0,False,liquidate,-0.18497617362610863,8,纳指;国债ETF;军工ETF;有色ETF;证券ETF;酒ETF;创新药ETF;半导体ETF,纳指;国债ETF,军工ETF;有色ETF;证券ETF;酒ETF;创新药ETF;半导体ETF
2023-07-06,921513.4593582769,0.0,921513.4593582769,0.0,False,liquidate,-0.184911489195444,8,纳指;国债ETF;军工ETF;有色ETF;证券ETF;酒ETF;半导体ETF;创新药ETF,纳指;国债ETF,军工ETF;有色ETF;证券ETF;酒ETF;半导体ETF;创新药ETF
2023-07-07,921586.595347115,0.0,921586.595347115,0.0,False,liquidate,-0.18484679963109438,8,纳指;国债ETF;军工ETF;证券ETF;有色ETF;酒ETF;半导体ETF;创新药ETF,纳指;国债ETF,军工ETF;证券ETF;有色ETF;酒ETF;半导体ETF;创新药ETF
2023-07-10,921659.7371403965,0.0,921659.7371403965,0.0,False,liquidate,-0.18478210493265237,9,纳指;黄金;国债ETF;军工ETF;证券ETF;酒ETF;有色ETF;半导体ETF;创新药ETF,纳指;黄金;国债ETF,军工ETF;证券ETF;酒ETF;有色ETF;半导体ETF;创新药ETF
2023-07-11,921732.8847385823,0.0,921732.8847385823,0.0,False,liquidate,-0.18471740509971046,8,纳指;国债ETF;军工ETF;证券ETF;有色ETF;酒ETF;半导体ETF;创新药ETF,纳指;国债ETF,军工ETF;证券ETF;有色ETF;酒ETF;半导体ETF;创新药ETF
2023-07-12,921806.038142133,0.0,921806.038142133,0.0,False,liquidate,-0.1846527001318612,9,纳指;黄金;国债ETF;军工ETF;证券ETF;有色ETF;酒ETF;创新药ETF;半导体ETF,纳指;黄金;国债ETF,军工ETF;证券ETF;有色ETF;酒ETF;创新药ETF;半导体ETF
2023-07-13,921879.1973515095,0.0,921879.1973515095,0.0,False,liquidate,-0.18458799002869697,10,沪深300;纳指;黄金;国债ETF;军工ETF;证券ETF;有色ETF;酒ETF;创新药ETF;半导体ETF,沪深300;纳指;黄金;国债ETF,军工ETF;证券ETF;有色ETF;酒ETF;创新药ETF;半导体ETF
2023-07-14,921952.3623671724,0.0,921952.3623671724,0.0,False,liquidate,-0.1845232747898103,10,沪深300;纳指;黄金;国债ETF;军工ETF;证券ETF;有色ETF;酒ETF;半导体ETF;创新药ETF,沪深300;纳指;黄金;国债ETF,军工ETF;证券ETF;有色ETF;酒ETF;半导体ETF;创新药ETF
2023-07-17,922025.5331895825,0.0,922025.5331895825,0.0,False,liquidate,-0.18445855441479356,9,纳指;黄金;国债ETF;军工ETF;证券ETF;有色ETF;酒ETF;半导体ETF;创新药ETF,纳指;黄金;国债ETF,军工ETF;证券ETF;有色ETF;酒ETF;半导体ETF;创新药ETF
2023-07-18,922098.7098192008,0.0,922098.7098192008,0.0,False,liquidate,-0.18439382890323913,9,纳指;黄金;国债ETF;军工ETF;证券ETF;有色ETF;酒ETF;半导体ETF;创新药ETF,纳指;黄金;国债ETF,军工ETF;证券ETF;有色ETF;酒ETF;半导体ETF;创新药ETF
2023-07-19,922171.8922564881,0.0,922171.8922564881,0.0,False,liquidate,-0.18432909825473934,10,沪深300;纳指;黄金;国债ETF;证券ETF;军工ETF;有色ETF;酒ETF;创新药ETF;半导体ETF,沪深300;纳指;黄金;国债ETF,证券ETF;军工ETF;有色ETF;酒ETF;创新药ETF;半导体ETF
2023-07-20,922245.0805019053,0.0,922245.0805019053,0.0,False,liquidate,-0.18426436246888653,10,沪深300;纳指;黄金;国债ETF;证券ETF;有色ETF;军工ETF;酒ETF;创新药ETF;半导体ETF,沪深300;纳指;黄金;国债ETF,证券ETF;有色ETF;军工ETF;酒ETF;创新药ETF;半导体ETF
2023-07-21,922318.2745559134,0.0,922318.2745559134,0.0,False,liquidate,-0.18419962154527292,10,沪深300;纳指;黄金;国债ETF;证券ETF;酒ETF;有色ETF;军工ETF;创新药ETF;半导体ETF,沪深300;纳指;黄金;国债ETF,证券ETF;酒ETF;有色ETF;军工ETF;创新药ETF;半导体ETF
2023-07-24,922391.4744189734,0.0,922391.4744189734,0.0,False,liquidate,-0.18413487548349078,10,沪深300;纳指;黄金;国债ETF;证券ETF;军工ETF;有色ETF;酒ETF;创新药ETF;半导体ETF,沪深300;纳指;黄金;国债ETF,证券ETF;军工ETF;有色ETF;酒ETF;创新药ETF;半导体ETF
2023-07-25,922464.6800915464,0.0,922464.6800915464,0.0,False,liquidate,-0.1840701242831323,10,沪深300;纳指;黄金;国债ETF;证券ETF;酒ETF;有色ETF;军工ETF;创新药ETF;半导体ETF,沪深300;纳指;黄金;国债ETF,证券ETF;酒ETF;有色ETF;军工ETF;创新药ETF;半导体ETF
2023-07-26,922537.8915740934,0.0,922537.8915740934,0.0,False,liquidate,-0.18400536794378966,10,沪深300;纳指;黄金;国债ETF;证券ETF;酒ETF;有色ETF;军工ETF;创新药ETF;半导体ETF,沪深300;纳指;黄金;国债ETF,证券ETF;酒ETF;有色ETF;军工ETF;创新药ETF;半导体ETF
2023-07-27,922611.1088670755,0.0,922611.1088670755,0.0,False,liquidate,-0.18394060646505497,10,沪深300;纳指;黄金;国债ETF;酒ETF;证券ETF;有色ETF;军工ETF;创新药ETF;半导体ETF,沪深300;纳指;黄金;国债ETF,酒ETF;证券ETF;有色ETF;军工ETF;创新药ETF;半导体ETF
2023-07-28,922684.331970954,0.0,922684.331970954,0.0,False,liquidate,-0.18387583984652037,11,沪深300;创业板;纳指;黄金;国债ETF;证券ETF;酒ETF;有色ETF;创新药ETF;军工ETF;半导体ETF,沪深300;创业板;纳指;黄金;国债ETF,证券ETF;酒ETF;有色ETF;创新药ETF;军工ETF;半导体ETF
2023-07-31,922757.5608861898,0.0,922757.5608861898,0.0,False,liquidate,-0.18381106808777797,11,沪深300;创业板;纳指;黄金;国债ETF;证券ETF;酒ETF;有色ETF;军工ETF;半导体ETF;创新药ETF,沪深300;创业板;纳指;黄金;国债ETF,证券ETF;酒ETF;有色ETF;军工ETF;半导体ETF;创新药ETF
2023-08-01,922830.7956132443,0.0,922830.7956132443,0.0,False,liquidate,-0.18374629118841984,11,沪深300;创业板;纳指;黄金;国债ETF;证券ETF;酒ETF;有色ETF;军工ETF;半导体ETF;创新药ETF,沪深300;创业板;纳指;黄金;国债ETF,证券ETF;酒ETF;有色ETF;军工ETF;半导体ETF;创新药ETF
2023-08-02,922904.0361525788,0.0,922904.0361525788,0.0,False,liquidate,-0.18368150914803788,11,沪深300;创业板;纳指;黄金;国债ETF;证券ETF;酒ETF;有色ETF;半导体ETF;军工ETF;创新药ETF,沪深300;创业板;纳指;黄金;国债ETF,证券ETF;酒ETF;有色ETF;半导体ETF;军工ETF;创新药ETF
2023-08-03,922977.2825046544,0.0,922977.2825046544,0.0,False,liquidate,-0.18361672196622422,11,沪深300;创业板;纳指;黄金;国债ETF;证券ETF;酒ETF;有色ETF;半导体ETF;军工ETF;创新药ETF,沪深300;创业板;纳指;黄金;国债ETF,证券ETF;酒ETF;有色ETF;半导体ETF;军工ETF;创新药ETF
2023-08-04,923050.5346699326,0.0,923050.5346699326,0.0,False,liquidate,-0.18355192964257072,11,沪深300;创业板;纳指;黄金;国债ETF;证券ETF;酒ETF;有色ETF;半导体ETF;军工ETF;创新药ETF,沪深300;创业板;纳指;黄金;国债ETF,证券ETF;酒ETF;有色ETF;半导体ETF;军工ETF;创新药ETF
2023-08-07,923123.7926488747,0.0,923123.7926488747,0.0,False,liquidate,-0.1834871321766693,11,沪深300;创业板;纳指;黄金;国债ETF;证券ETF;酒ETF;有色ETF;军工ETF;半导体ETF;创新药ETF,沪深300;创业板;纳指;黄金;国债ETF,证券ETF;酒ETF;有色ETF;军工ETF;半导体ETF;创新药ETF
2023-08-08,923197.0564419421,0.0,923197.0564419421,0.0,False,liquidate,-0.18342232956811183,11,沪深300;创业板;纳指;黄金;国债ETF;证券ETF;酒ETF;有色ETF;半导体ETF;军工ETF;创新药ETF,沪深300;创业板;纳指;黄金;国债ETF,证券ETF;酒ETF;有色ETF;半导体ETF;军工ETF;创新药ETF
2023-08-09,923270.3260495963,0.0,923270.3260495963,0.0,False,liquidate,-0.18335752181649018,11,沪深300;创业板;纳指;黄金;国债ETF;证券ETF;酒ETF;有色ETF;军工ETF;半导体ETF;创新药ETF,沪深300;创业板;纳指;黄金;国债ETF,证券ETF;酒ETF;有色ETF;军工ETF;半导体ETF;创新药ETF
2023-08-10,923343.6014722987,0.0,923343.6014722987,0.0,False,liquidate,-0.18329270892139618,11,沪深300;创业板;纳指;黄金;国债ETF;证券ETF;酒ETF;有色ETF;军工ETF;半导体ETF;创新药ETF,沪深300;创业板;纳指;黄金;国债ETF,证券ETF;酒ETF;有色ETF;军工ETF;半导体ETF;创新药ETF
2023-08-11,923416.8827105109,0.0,923416.8827105109,0.0,False,liquidate,-0.18322789088242167,10,沪深300;纳指;黄金;国债ETF;证券ETF;酒ETF;有色ETF;创新药ETF;军工ETF;半导体ETF,沪深300;纳指;黄金;国债ETF,证券ETF;酒ETF;有色ETF;创新药ETF;军工ETF;半导体ETF
2023-08-14,923490.1697646943,0.0,923490.1697646943,0.0,False,liquidate,-0.1831630676991583,9,纳指;黄金;国债ETF;证券ETF;酒ETF;有色ETF;创新药ETF;军工ETF;半导体ETF,纳指;黄金;国债ETF,证券ETF;酒ETF;有色ETF;创新药ETF;军工ETF;半导体ETF
2023-08-15,923563.4626353106,0.0,923563.4626353106,0.0,False,liquidate,-0.18309823937119787,9,纳指;黄金;国债ETF;证券ETF;酒ETF;有色ETF;创新药ETF;军工ETF;半导体ETF,纳指;黄金;国债ETF,证券ETF;酒ETF;有色ETF;创新药ETF;军工ETF;半导体ETF
2023-08-16,923636.7613228214,0.0,923636.7613228214,0.0,False,liquidate,-0.18303340589813205,9,纳指;黄金;国债ETF;证券ETF;酒ETF;有色ETF;创新药ETF;军工ETF;半导体ETF,纳指;黄金;国债ETF,证券ETF;酒ETF;有色ETF;创新药ETF;军工ETF;半导体ETF
2023-08-17,923710.0658276883,0.0,923710.0658276883,0.0,False,liquidate,-0.1829685672795525,10,沪深300;纳指;黄金;国债ETF;证券ETF;酒ETF;有色ETF;军工ETF;创新药ETF;半导体ETF,沪深300;纳指;黄金;国债ETF,证券ETF;酒ETF;有色ETF;军工ETF;创新药ETF;半导体ETF
2023-08-18,923783.3761503731,0.0,923783.3761503731,0.0,False,liquidate,-0.1829037235150508,9,沪深300;黄金;国债ETF;证券ETF;酒ETF;有色ETF;军工ETF;创新药ETF;半导体ETF,沪深300;黄金;国债ETF,证券ETF;酒ETF;有色ETF;军工ETF;创新药ETF;半导体ETF
2023-08-21,923856.6922913375,0.0,923856.6922913375,0.0,False,liquidate,-0.1828388746042186,9,纳指;黄金;国债ETF;证券ETF;酒ETF;有色ETF;军工ETF;创新药ETF;半导体ETF,纳指;黄金;国债ETF,证券ETF;酒ETF;有色ETF;军工ETF;创新药ETF;半导体ETF
2023-08-22,923930.0142510432,0.0,923930.0142510432,0.0,False,liquidate,-0.1827740205466475,9,纳指;黄金;国债ETF;证券ETF;酒ETF;军工ETF;有色ETF;创新药ETF;半导体ETF,纳指;黄金;国债ETF,证券ETF;酒ETF;军工ETF;有色ETF;创新药ETF;半导体ETF
2023-08-23,924003.3420299521,0.0,924003.3420299521,0.0,False,liquidate,-0.1827091613419289,9,纳指;黄金;国债ETF;证券ETF;酒ETF;军工ETF;有色ETF;创新药ETF;半导体ETF,纳指;黄金;国债ETF,证券ETF;酒ETF;军工ETF;有色ETF;创新药ETF;半导体ETF
2023-08-24,924076.6756285259,0.0,924076.6756285259,0.0,False,liquidate,-0.18264429698965445,9,纳指;黄金;国债ETF;证券ETF;酒ETF;军工ETF;有色ETF;创新药ETF;半导体ETF,纳指;黄金;国债ETF,证券ETF;酒ETF;军工ETF;有色ETF;创新药ETF;半导体ETF
2023-08-25,924150.0150472266,0.0,924150.0150472266,0.0,False,liquidate,-0.18257942748941555,8,黄金;国债ETF;证券ETF;酒ETF;军工ETF;有色ETF;创新药ETF;半导体ETF,黄金;国债ETF,证券ETF;酒ETF;军工ETF;有色ETF;创新药ETF;半导体ETF
2023-08-28,924223.360286516,0.0,924223.360286516,0.0,False,liquidate,-0.1825145528408036,8,黄金;国债ETF;证券ETF;酒ETF;军工ETF;创新药ETF;有色ETF;半导体ETF,黄金;国债ETF,证券ETF;酒ETF;军工ETF;创新药ETF;有色ETF;半导体ETF
2023-08-29,924296.7113468563,0.0,924296.7113468563,0.0,False,liquidate,-0.18244967304340992,9,纳指;黄金;国债ETF;证券ETF;酒ETF;创新药ETF;军工ETF;有色ETF;半导体ETF,纳指;黄金;国债ETF,证券ETF;酒ETF;创新药ETF;军工ETF;有色ETF;半导体ETF
2023-08-30,924370.0682287093,0.0,924370.0682287093,0.0,False,liquidate,-0.18238478809682604,9,纳指;黄金;国债ETF;酒ETF;军工ETF;证券ETF;创新药ETF;有色ETF;半导体ETF,纳指;黄金;国债ETF,酒ETF;军工ETF;证券ETF;创新药ETF;有色ETF;半导体ETF
2023-08-31,924443.430932537,0.0,924443.430932537,0.0,False,liquidate,-0.18231989800064324,9,纳指;黄金;国债ETF;酒ETF;军工ETF;创新药ETF;证券ETF;半导体ETF;有色ETF,纳指;黄金;国债ETF,酒ETF;军工ETF;创新药ETF;证券ETF;半导体ETF;有色ETF
2023-09-01,924516.7994588015,0.0,924516.7994588015,0.0,False,liquidate,-0.18225500275445275,9,纳指;黄金;国债ETF;酒ETF;创新药ETF;军工ETF;证券ETF;有色ETF;半导体ETF,纳指;黄金;国债ETF,酒ETF;创新药ETF;军工ETF;证券ETF;有色ETF;半导体ETF
2023-09-04,924590.173807965,0.0,924590.173807965,0.0,False,liquidate,-0.18219010235784588,10,沪深300;纳指;黄金;国债ETF;酒ETF;军工ETF;创新药ETF;有色ETF;证券ETF;半导体ETF,沪深300;纳指;黄金;国债ETF,酒ETF;军工ETF;创新药ETF;有色ETF;证券ETF;半导体ETF
2023-09-05,924663.5539804895,0.0,924663.5539804895,0.0,False,liquidate,-0.18212519681041392,10,沪深300;纳指;黄金;国债ETF;酒ETF;军工ETF;有色ETF;证券ETF;创新药ETF;半导体ETF,沪深300;纳指;黄金;国债ETF,酒ETF;军工ETF;有色ETF;证券ETF;创新药ETF;半导体ETF
2023-09-06,924736.9399768371,0.0,924736.9399768371,0.0,False,liquidate,-0.1820602861117481,9,纳指;黄金;国债ETF;酒ETF;军工ETF;有色ETF;半导体ETF;证券ETF;创新药ETF,纳指;黄金;国债ETF,酒ETF;军工ETF;有色ETF;半导体ETF;证券ETF;创新药ETF
2023-09-07,924810.3317974702,0.0,924810.3317974702,0.0,False,liquidate,-0.1819953702614395,8,纳指;黄金;酒ETF;军工ETF;证券ETF;有色ETF;半导体ETF;创新药ETF,纳指;黄金,酒ETF;军工ETF;证券ETF;有色ETF;半导体ETF;创新药ETF
2023-09-08,924883.729442851,0.0,924883.729442851,0.0,False,liquidate,-0.18193044925907925,8,纳指;黄金;军工ETF;酒ETF;证券ETF;半导体ETF;有色ETF;创新药ETF,纳指;黄金,军工ETF;酒ETF;证券ETF;半导体ETF;有色ETF;创新药ETF
2023-09-11,924957.1329134417,0.0,924957.1329134417,0.0,False,liquidate,-0.18186552310425855,7,黄金;酒ETF;军工ETF;证券ETF;有色ETF;半导体ETF;创新药ETF,黄金,酒ETF;军工ETF;证券ETF;有色ETF;半导体ETF;创新药ETF
2023-09-12,925030.5422097048,0.0,925030.5422097048,0.0,False,liquidate,-0.18180059179656835,7,黄金;酒ETF;军工ETF;有色ETF;证券ETF;半导体ETF;创新药ETF,黄金,酒ETF;军工ETF;有色ETF;证券ETF;半导体ETF;创新药ETF
2023-09-13,925103.9573321023,0.0,925103.9573321023,0.0,False,liquidate,-0.18173565533559985,8,黄金;国债ETF;酒ETF;有色ETF;半导体ETF;证券ETF;军工ETF;创新药ETF,黄金;国债ETF,酒ETF;有色ETF;半导体ETF;证券ETF;军工ETF;创新药ETF
2023-09-14,925177.378281097,0.0,925177.378281097,0.0,False,liquidate,-0.18167071372094387,8,纳指;黄金;酒ETF;有色ETF;创新药ETF;证券ETF;半导体ETF;军工ETF,纳指;黄金,酒ETF;有色ETF;创新药ETF;证券ETF;半导体ETF;军工ETF
2023-09-15,925250.8050571511,0.0,925250.8050571511,0.0,False,liquidate,-0.18160576695219152,8,纳指;黄金;有色ETF;创新药ETF;酒ETF;半导体ETF;证券ETF;军工ETF,纳指;黄金,有色ETF;创新药ETF;酒ETF;半导体ETF;证券ETF;军工ETF
2023-09-18,925324.2376607271,0.0,925324.2376607271,0.0,False,liquidate,-0.18154081502893374,8,黄金;国债ETF;创新药ETF;酒ETF;有色ETF;证券ETF;半导体ETF;军工ETF,黄金;国债ETF,创新药ETF;酒ETF;有色ETF;证券ETF;半导体ETF;军工ETF
2023-09-19,925397.6760922875,0.0,925397.6760922875,0.0,False,liquidate,-0.1814758579507614,8,黄金;国债ETF;创新药ETF;酒ETF;有色ETF;证券ETF;半导体ETF;军工ETF,黄金;国债ETF,创新药ETF;酒ETF;有色ETF;证券ETF;半导体ETF;军工ETF
2023-09-20,925471.1203522949,0.0,925471.1203522949,0.0,False,liquidate,-0.1814108957172654,7,黄金;创新药ETF;有色ETF;酒ETF;证券ETF;半导体ETF;军工ETF,黄金,创新药ETF;有色ETF;酒ETF;证券ETF;半导体ETF;军工ETF
2023-09-21,925544.5704412118,0.0,925544.5704412118,0.0,False,liquidate,-0.18134592832803656,8,黄金;国债ETF;创新药ETF;有色ETF;酒ETF;证券ETF;半导体ETF;军工ETF,黄金;国债ETF,创新药ETF;有色ETF;酒ETF;证券ETF;半导体ETF;军工ETF
2023-09-22,925618.0263595008,0.0,925618.0263595008,0.0,False,liquidate,-0.18128095578266573,8,黄金;国债ETF;创新药ETF;酒ETF;有色ETF;半导体ETF;证券ETF;军工ETF,黄金;国债ETF,创新药ETF;酒ETF;有色ETF;半导体ETF;证券ETF;军工ETF
2023-09-25,925691.4881076247,0.0,925691.4881076247,0.0,False,liquidate,-0.18121597808074363,7,黄金;创新药ETF;酒ETF;有色ETF;证券ETF;半导体ETF;军工ETF,黄金,创新药ETF;酒ETF;有色ETF;证券ETF;半导体ETF;军工ETF
2023-09-26,925764.9556860459,0.0,925764.9556860459,0.0,False,liquidate,-0.18115099522186115,7,黄金;创新药ETF;证券ETF;酒ETF;有色ETF;半导体ETF;军工ETF,黄金,创新药ETF;证券ETF;酒ETF;有色ETF;半导体ETF;军工ETF
2023-09-27,925838.4290952274,0.0,925838.4290952274,0.0,False,liquidate,-0.1810860072056089,7,黄金;创新药ETF;证券ETF;酒ETF;有色ETF;军工ETF;半导体ETF,黄金,创新药ETF;证券ETF;酒ETF;有色ETF;军工ETF;半导体ETF
2023-09-28,925911.9083356318,0.0,925911.9083356318,0.0,False,liquidate,-0.18102101403157755,7,黄金;创新药ETF;证券ETF;酒ETF;有色ETF;军工ETF;半导体ETF,黄金,创新药ETF;证券ETF;酒ETF;有色ETF;军工ETF;半导体ETF
2023-10-09,925985.393407722,0.0,925985.393407722,0.0,False,liquidate,-0.1809560156993578,7,国债ETF;创新药ETF;证券ETF;酒ETF;军工ETF;有色ETF;半导体ETF,国债ETF,创新药ETF;证券ETF;酒ETF;军工ETF;有色ETF;半导体ETF
2023-10-10,926058.8843119608,0.0,926058.8843119608,0.0,False,liquidate,-0.18089101220854023,6,创新药ETF;证券ETF;酒ETF;军工ETF;有色ETF;半导体ETF,,创新药ETF;证券ETF;酒ETF;军工ETF;有色ETF;半导体ETF
2023-10-11,926132.381048811,0.0,926132.381048811,0.0,False,liquidate,-0.18082600355871542,6,创新药ETF;证券ETF;酒ETF;半导体ETF;有色ETF;军工ETF,,创新药ETF;证券ETF;酒ETF;半导体ETF;有色ETF;军工ETF
2023-10-12,926205.8836187356,0.0,926205.8836187356,0.0,False,liquidate,-0.180760989749474,7,纳指;创新药ETF;证券ETF;有色ETF;半导体ETF;酒ETF;军工ETF,纳指,创新药ETF;证券ETF;有色ETF;半导体ETF;酒ETF;军工ETF
2023-10-13,926279.3920221975,0.0,926279.3920221975,0.0,False,liquidate,-0.18069597078040642,7,纳指;创新药ETF;证券ETF;有色ETF;半导体ETF;酒ETF;军工ETF,纳指,创新药ETF;证券ETF;有色ETF;半导体ETF;酒ETF;军工ETF
2023-10-16,926352.9062596596,0.0,926352.9062596596,0.0,False,liquidate,-0.18063094665110327,8,纳指;黄金;创新药ETF;证券ETF;有色ETF;半导体ETF;酒ETF;军工ETF,纳指;黄金,创新药ETF;证券ETF;有色ETF;半导体ETF;酒ETF;军工ETF
2023-10-17,926426.4263315849,0.0,926426.4263315849,0.0,False,liquidate,-0.18056591736115496,7,黄金;创新药ETF;证券ETF;半导体ETF;有色ETF;酒ETF;军工ETF,黄金,创新药ETF;证券ETF;半导体ETF;有色ETF;酒ETF;军工ETF
2023-10-18,926499.9522384367,0.0,926499.9522384367,0.0,False,liquidate,-0.18050088291015184,8,纳指;黄金;创新药ETF;证券ETF;半导体ETF;有色ETF;酒ETF;军工ETF,纳指;黄金,创新药ETF;证券ETF;半导体ETF;有色ETF;酒ETF;军工ETF
2023-10-19,926573.4839806779,0.0,926573.4839806779,0.0,False,liquidate,-0.18043584329768433,7,黄金;创新药ETF;证券ETF;半导体ETF;军工ETF;有色ETF;酒ETF,黄金,创新药ETF;证券ETF;半导体ETF;军工ETF;有色ETF;酒ETF
2023-10-20,926647.0215587716,0.0,926647.0215587716,0.0,False,liquidate,-0.18037079852334287,8,纳指;黄金;证券ETF;创新药ETF;半导体ETF;有色ETF;军工ETF;酒ETF,纳指;黄金,证券ETF;创新药ETF;半导体ETF;有色ETF;军工ETF;酒ETF
2023-10-23,926720.5649731811,0.0,926720.5649731811,0.0,False,liquidate,-0.18030574858671766,7,黄金;创新药ETF;证券ETF;半导体ETF;有色ETF;酒ETF;军工ETF,黄金,创新药ETF;证券ETF;半导体ETF;有色ETF;酒ETF;军工ETF
2023-10-24,926794.1142243695,0.0,926794.1142243695,0.0,False,liquidate,-0.1802406934873991,7,黄金;创新药ETF;证券ETF;半导体ETF;有色ETF;军工ETF;酒ETF,黄金,创新药ETF;证券ETF;半导体ETF;有色ETF;军工ETF;酒ETF
2023-10-25,926867.6693128,0.0,926867.6693128,0.0,False,liquidate,-0.18017563322497746,7,黄金;证券ETF;创新药ETF;半导体ETF;军工ETF;有色ETF;酒ETF,黄金,证券ETF;创新药ETF;半导体ETF;军工ETF;有色ETF;酒ETF
2023-10-26,926941.230238936,0.0,926941.230238936,0.0,False,liquidate,-0.1801105677990429,7,黄金;证券ETF;创新药ETF;半导体ETF;军工ETF;酒ETF;有色ETF,黄金,证券ETF;创新药ETF;半导体ETF;军工ETF;酒ETF;有色ETF
2023-10-27,927014.7970032408,0.0,927014.7970032408,0.0,False,liquidate,-0.18004549720918558,7,黄金;创新药ETF;半导体ETF;证券ETF;有色ETF;军工ETF;酒ETF,黄金,创新药ETF;半导体ETF;证券ETF;有色ETF;军工ETF;酒ETF
2023-10-30,927088.3696061776,538105.0654577547,388983.3041484229,0.5,False,halve,-0.17998042145499585,7,黄金;创新药ETF;半导体ETF;证券ETF;军工ETF;有色ETF;酒ETF,黄金,创新药ETF;半导体ETF;证券ETF;军工ETF;有色ETF;酒ETF
2023-10-31,926568.4885123934,0.0,926568.4885123934,0.0,False,liquidate,-0.18044026184281073,7,黄金;创新药ETF;半导体ETF;证券ETF;军工ETF;酒ETF;有色ETF,黄金,创新药ETF;半导体ETF;证券ETF;军工ETF;酒ETF;有色ETF
2023-11-01,926642.0256940215,0.0,926642.0256940215,0.0,False,liquidate,-0.1803752174191474,7,黄金;创新药ETF;半导体ETF;证券ETF;酒ETF;军工ETF;有色ETF,黄金,创新药ETF;半导体ETF;证券ETF;酒ETF;军工ETF;有色ETF
2023-11-02,926715.5687119338,0.0,926715.5687119338,0.0,False,liquidate,-0.18031016783322817,7,黄金;创新药ETF;半导体ETF;证券ETF;酒ETF;有色ETF;军工ETF,黄金,创新药ETF;半导体ETF;证券ETF;酒ETF;有色ETF;军工ETF
2023-11-03,926789.1175665935,0.0,926789.1175665935,0.0,False,liquidate,-0.18024511308464353,7,黄金;创新药ETF;半导体ETF;证券ETF;酒ETF;军工ETF;有色ETF,黄金,创新药ETF;半导体ETF;证券ETF;酒ETF;军工ETF;有色ETF
2023-11-06,926862.6722584638,0.0,926862.6722584638,0.0,False,liquidate,-0.1801800531729836,8,黄金;国债ETF;创新药ETF;半导体ETF;证券ETF;酒ETF;军工ETF;有色ETF,黄金;国债ETF,创新药ETF;半导体ETF;证券ETF;酒ETF;军工ETF;有色ETF
2023-11-07,926936.2327880082,0.0,926936.2327880082,0.0,False,liquidate,-0.18011498809783857,8,黄金;国债ETF;创新药ETF;半导体ETF;证券ETF;酒ETF;军工ETF;有色ETF,黄金;国债ETF,创新药ETF;半导体ETF;证券ETF;酒ETF;军工ETF;有色ETF
2023-11-08,927009.7991556898,0.0,927009.7991556898,0.0,False,liquidate,-0.1800499178587987,8,黄金;国债ETF;创新药ETF;半导体ETF;证券ETF;酒ETF;军工ETF;有色ETF,黄金;国债ETF,创新药ETF;半导体ETF;证券ETF;酒ETF;军工ETF;有色ETF
2023-11-09,927083.3713619721,569874.722283628,357208.6490783441,0.5,False,halve,-0.17998484245545407,8,黄金;国债ETF;创新药ETF;半导体ETF;证券ETF;酒ETF;军工ETF;有色ETF,黄金;国债ETF,创新药ETF;半导体ETF;证券ETF;酒ETF;军工ETF;有色ETF
2023-11-10,925122.4450482049,0.0,925122.4450482049,0.0,False,liquidate,-0.1817193027529727,8,黄金;国债ETF;半导体ETF;创新药ETF;证券ETF;酒ETF;军工ETF;有色ETF,黄金;国债ETF,半导体ETF;创新药ETF;证券ETF;酒ETF;军工ETF;有色ETF
2023-11-13,925195.8674644786,0.0,925195.8674644786,0.0,False,liquidate,-0.18165435984049272,8,纳指;国债ETF;半导体ETF;创新药ETF;军工ETF;证券ETF;酒ETF;有色ETF,纳指;国债ETF,半导体ETF;创新药ETF;军工ETF;证券ETF;酒ETF;有色ETF
2023-11-14,925269.2957079282,0.0,925269.2957079282,0.0,False,liquidate,-0.18158941177381333,9,纳指;黄金;国债ETF;半导体ETF;创新药ETF;军工ETF;证券ETF;酒ETF;有色ETF,纳指;黄金;国债ETF,半导体ETF;创新药ETF;军工ETF;证券ETF;酒ETF;有色ETF
2023-11-15,925342.7297790162,0.0,925342.7297790162,0.0,False,liquidate,-0.18152445855252547,9,纳指;黄金;国债ETF;半导体ETF;创新药ETF;军工ETF;酒ETF;证券ETF;有色ETF,纳指;黄金;国债ETF,半导体ETF;创新药ETF;军工ETF;酒ETF;证券ETF;有色ETF
2023-11-16,925416.169678205,0.0,925416.169678205,0.0,False,liquidate,-0.18145950017622012,8,纳指;国债ETF;半导体ETF;创新药ETF;军工ETF;证券ETF;酒ETF;有色ETF,纳指;国债ETF,半导体ETF;创新药ETF;军工ETF;证券ETF;酒ETF;有色ETF
2023-11-17,925489.6154059573,0.0,925489.6154059573,0.0,False,liquidate,-0.18139453664448804,9,纳指;黄金;国债ETF;半导体ETF;创新药ETF;军工ETF;证券ETF;酒ETF;有色ETF,纳指;黄金;国债ETF,半导体ETF;创新药ETF;军工ETF;证券ETF;酒ETF;有色ETF
2023-11-20,925563.0669627356,0.0,925563.0669627356,0.0,False,liquidate,-0.1813295679569201,8,纳指;国债ETF;创新药ETF;半导体ETF;军工ETF;证券ETF;酒ETF;有色ETF,纳指;国债ETF,创新药ETF;半导体ETF;军工ETF;证券ETF;酒ETF;有色ETF
2023-11-21,925636.5243490025,0.0,925636.5243490025,0.0,False,liquidate,-0.18126459411310714,8,纳指;国债ETF;创新药ETF;半导体ETF;军工ETF;证券ETF;酒ETF;有色ETF,纳指;国债ETF,创新药ETF;半导体ETF;军工ETF;证券ETF;酒ETF;有色ETF
2023-11-22,925709.9875652207,0.0,925709.9875652207,0.0,False,liquidate,-0.18119961511263993,8,纳指;国债ETF;创新药ETF;半导体ETF;军工ETF;证券ETF;酒ETF;有色ETF,纳指;国债ETF,创新药ETF;半导体ETF;军工ETF;证券ETF;酒ETF;有色ETF
2023-11-23,925783.4566118529,0.0,925783.4566118529,0.0,False,liquidate,-0.18113463095510918,8,纳指;国债ETF;创新药ETF;半导体ETF;军工ETF;证券ETF;酒ETF;有色ETF,纳指;国债ETF,创新药ETF;半导体ETF;军工ETF;证券ETF;酒ETF;有色ETF
2023-11-24,925856.9314893618,0.0,925856.9314893618,0.0,False,liquidate,-0.18106964164010556,8,纳指;国债ETF;创新药ETF;军工ETF;证券ETF;半导体ETF;酒ETF;有色ETF,纳指;国债ETF,创新药ETF;军工ETF;证券ETF;半导体ETF;酒ETF;有色ETF
2023-11-27,925930.4121982103,0.0,925930.4121982103,0.0,False,liquidate,-0.18100464716721978,8,纳指;国债ETF;创新药ETF;半导体ETF;军工ETF;证券ETF;酒ETF;有色ETF,纳指;国债ETF,创新药ETF;半导体ETF;军工ETF;证券ETF;酒ETF;有色ETF
2023-11-28,926003.898738861,0.0,926003.898738861,0.0,False,liquidate,-0.18093964753604252,8,纳指;国债ETF;创新药ETF;半导体ETF;军工ETF;证券ETF;有色ETF;酒ETF,纳指;国债ETF,创新药ETF;半导体ETF;军工ETF;证券ETF;有色ETF;酒ETF
2023-11-29,926077.3911117768,0.0,926077.3911117768,0.0,False,liquidate,-0.18087464274616435,9,纳指;黄金;国债ETF;创新药ETF;半导体ETF;军工ETF;证券ETF;有色ETF;酒ETF,纳指;黄金;国债ETF,创新药ETF;半导体ETF;军工ETF;证券ETF;有色ETF;酒ETF
2023-11-30,926150.8893174207,0.0,926150.8893174207,0.0,False,liquidate,-0.1808096327971759,9,纳指;黄金;国债ETF;创新药ETF;军工ETF;半导体ETF;证券ETF;有色ETF;酒ETF,纳指;黄金;国债ETF,创新药ETF;军工ETF;半导体ETF;证券ETF;有色ETF;酒ETF
2023-12-01,926224.3933562554,0.0,926224.3933562554,0.0,False,liquidate,-0.18074461768866776,9,纳指;黄金;国债ETF;创新药ETF;军工ETF;半导体ETF;证券ETF;有色ETF;酒ETF,纳指;黄金;国债ETF,创新药ETF;军工ETF;半导体ETF;证券ETF;有色ETF;酒ETF
2023-12-04,926297.903228744,0.0,926297.903228744,0.0,False,liquidate,-0.18067959742023026,9,纳指;黄金;国债ETF;军工ETF;创新药ETF;半导体ETF;证券ETF;有色ETF;酒ETF,纳指;黄金;国债ETF,军工ETF;创新药ETF;半导体ETF;证券ETF;有色ETF;酒ETF
2023-12-05,926371.4189353496,0.0,926371.4189353496,0.0,False,liquidate,-0.18061457199145406,9,纳指;黄金;国债ETF;军工ETF;创新药ETF;证券ETF;有色ETF;半导体ETF;酒ETF,纳指;黄金;国债ETF,军工ETF;创新药ETF;证券ETF;有色ETF;半导体ETF;酒ETF
2023-12-06,926444.940476535,0.0,926444.940476535,0.0,False,liquidate,-0.18054954140192947,9,纳指;黄金;国债ETF;创新药ETF;军工ETF;有色ETF;证券ETF;半导体ETF;酒ETF,纳指;黄金;国债ETF,创新药ETF;军工ETF;有色ETF;证券ETF;半导体ETF;酒ETF
2023-12-07,926518.4678527634,0.0,926518.4678527634,0.0,False,liquidate,-0.18048450565124705,9,纳指;黄金;国债ETF;创新药ETF;军工ETF;有色ETF;证券ETF;半导体ETF;酒ETF,纳指;黄金;国债ETF,创新药ETF;军工ETF;有色ETF;证券ETF;半导体ETF;酒ETF
2023-12-08,926592.0010644977,0.0,926592.0010644977,0.0,False,liquidate,-0.18041946473899712,9,纳指;黄金;国债ETF;创新药ETF;有色ETF;证券ETF;半导体ETF;军工ETF;酒ETF,纳指;黄金;国债ETF,创新药ETF;有色ETF;证券ETF;半导体ETF;军工ETF;酒ETF
2023-12-11,926665.5401122014,0.0,926665.5401122014,0.0,False,liquidate,-0.18035441866476998,9,纳指;黄金;国债ETF;创新药ETF;证券ETF;有色ETF;半导体ETF;军工ETF;酒ETF,纳指;黄金;国债ETF,创新药ETF;证券ETF;有色ETF;半导体ETF;军工ETF;酒ETF
2023-12-12,926739.0849963373,0.0,926739.0849963373,0.0,False,liquidate,-0.18028936742815602,9,纳指;黄金;国债ETF;创新药ETF;军工ETF;半导体ETF;证券ETF;有色ETF;酒ETF,纳指;黄金;国债ETF,创新药ETF;军工ETF;半导体ETF;证券ETF;有色ETF;酒ETF
2023-12-13,926812.6357173688,0.0,926812.6357173688,0.0,False,liquidate,-0.1802243110287455,8,纳指;国债ETF;创新药ETF;半导体ETF;军工ETF;证券ETF;有色ETF;酒ETF,纳指;国债ETF,创新药ETF;半导体ETF;军工ETF;证券ETF;有色ETF;酒ETF
2023-12-14,926886.1922757591,0.0,926886.1922757591,0.0,False,liquidate,-0.18015924946612874,9,纳指;黄金;国债ETF;创新药ETF;半导体ETF;军工ETF;证券ETF;有色ETF;酒ETF,纳指;黄金;国债ETF,创新药ETF;半导体ETF;军工ETF;证券ETF;有色ETF;酒ETF
2023-12-15,926959.7546719714,0.0,926959.7546719714,0.0,False,liquidate,-0.1800941827398959,9,纳指;黄金;国债ETF;半导体ETF;创新药ETF;证券ETF;军工ETF;有色ETF;酒ETF,纳指;黄金;国债ETF,半导体ETF;创新药ETF;证券ETF;军工ETF;有色ETF;酒ETF
2023-12-18,927033.3229064692,0.0,927033.3229064692,0.0,False,liquidate,-0.18002911084963713,9,纳指;黄金;国债ETF;创新药ETF;证券ETF;半导体ETF;军工ETF;有色ETF;酒ETF,纳指;黄金;国债ETF,创新药ETF;证券ETF;半导体ETF;军工ETF;有色ETF;酒ETF
2023-12-19,927106.8969797158,776393.9726807378,150712.92429897794,0.5,False,halve,-0.17996403379494266,9,纳指;黄金;国债ETF;半导体ETF;证券ETF;创新药ETF;军工ETF;有色ETF;酒ETF,纳指;黄金;国债ETF,半导体ETF;证券ETF;创新药ETF;军工ETF;有色ETF;酒ETF
2023-12-20,916174.2171835714,0.0,916174.2171835714,0.0,False,liquidate,-0.1896341060045747,9,纳指;黄金;国债ETF;半导体ETF;创新药ETF;证券ETF;有色ETF;军工ETF;酒ETF,纳指;黄金;国债ETF,半导体ETF;创新药ETF;证券ETF;有色ETF;军工ETF;酒ETF
2023-12-21,916246.9294230305,0.0,916246.9294230305,0.0,False,liquidate,-0.18956979125108298,9,纳指;黄金;国债ETF;半导体ETF;创新药ETF;有色ETF;证券ETF;军工ETF;酒ETF,纳指;黄金;国债ETF,半导体ETF;创新药ETF;有色ETF;证券ETF;军工ETF;酒ETF
2023-12-22,916319.6474333021,0.0,916319.6474333021,0.0,False,liquidate,-0.18950547139324578,9,纳指;黄金;国债ETF;有色ETF;半导体ETF;创新药ETF;军工ETF;证券ETF;酒ETF,纳指;黄金;国债ETF,有色ETF;半导体ETF;创新药ETF;军工ETF;证券ETF;酒ETF
2023-12-25,916392.3712148445,0.0,916392.3712148445,0.0,False,liquidate,-0.18944114643065788,9,纳指;黄金;国债ETF;有色ETF;军工ETF;半导体ETF;证券ETF;创新药ETF;酒ETF,纳指;黄金;国债ETF,有色ETF;军工ETF;半导体ETF;证券ETF;创新药ETF;酒ETF
2023-12-26,916465.1007681156,0.0,916465.1007681156,0.0,False,liquidate,-0.18937681636291423,9,纳指;黄金;国债ETF;有色ETF;军工ETF;创新药ETF;半导体ETF;证券ETF;酒ETF,纳指;黄金;国债ETF,有色ETF;军工ETF;创新药ETF;半导体ETF;证券ETF;酒ETF
2023-12-27,916537.8360935735,0.0,916537.8360935735,0.0,False,liquidate,-0.1893124811896096,9,纳指;黄金;国债ETF;有色ETF;军工ETF;半导体ETF;证券ETF;创新药ETF;酒ETF,纳指;黄金;国债ETF,有色ETF;军工ETF;半导体ETF;证券ETF;创新药ETF;酒ETF
2023-12-28,916610.5771916761,0.0,916610.5771916761,0.0,False,liquidate,-0.18924814091033895,9,纳指;黄金;国债ETF;有色ETF;半导体ETF;军工ETF;证券ETF;创新药ETF;酒ETF,纳指;黄金;国债ETF,有色ETF;半导体ETF;军工ETF;证券ETF;创新药ETF;酒ETF
2023-12-29,916683.3240628819,0.0,916683.3240628819,0.0,False,liquidate,-0.18918379552469686,9,纳指;黄金;国债ETF;有色ETF;半导体ETF;创新药ETF;军工ETF;证券ETF;酒ETF,纳指;黄金;国债ETF,有色ETF;半导体ETF;创新药ETF;军工ETF;证券ETF;酒ETF
2024-01-02,916756.0767076488,0.0,916756.0767076488,0.0,True,liquidate,-0.18911944503227815,0,,纳指;黄金;国债ETF,有色ETF;军工ETF;创新药ETF;半导体ETF;证券ETF;酒ETF
2024-01-03,916756.0767076488,0.0,916756.0767076488,0.0,True,liquidate,-0.18911944503227815,0,,纳指;黄金;国债ETF,有色ETF;军工ETF;证券ETF;创新药ETF;半导体ETF;酒ETF
2024-01-04,916756.0767076488,0.0,916756.0767076488,0.0,True,liquidate,-0.18911944503227815,0,,纳指;黄金;国债ETF,有色ETF;军工ETF;证券ETF;创新药ETF;半导体ETF;酒ETF
2024-01-05,916756.0767076488,0.0,916756.0767076488,0.0,True,liquidate,-0.18911944503227815,0,,纳指;黄金;国债ETF,有色ETF;军工ETF;证券ETF;创新药ETF;半导体ETF;酒ETF
2024-01-08,916756.0767076488,0.0,916756.0767076488,0.0,True,liquidate,-0.18911944503227815,0,,纳指;黄金;国债ETF,有色ETF;证券ETF;军工ETF;创新药ETF;酒ETF;半导体ETF
2024-01-09,916756.0767076488,0.0,916756.0767076488,0.0,True,liquidate,-0.18911944503227815,0,,纳指;黄金;国债ETF,有色ETF;证券ETF;军工ETF;创新药ETF;酒ETF;半导体ETF
2024-01-10,916756.0767076488,0.0,916756.0767076488,0.0,True,liquidate,-0.18911944503227815,0,,纳指;黄金;国债ETF,有色ETF;证券ETF;创新药ETF;军工ETF;酒ETF;半导体ETF
2024-01-11,916756.0767076488,0.0,916756.0767076488,0.0,True,liquidate,-0.18911944503227815,0,,纳指;黄金;国债ETF,有色ETF;酒ETF;军工ETF;创新药ETF;证券ETF;半导体ETF
2024-01-12,916756.0767076488,0.0,916756.0767076488,0.0,True,liquidate,-0.18911944503227815,0,,纳指;黄金;国债ETF,有色ETF;军工ETF;创新药ETF;酒ETF;证券ETF;半导体ETF
2024-01-15,916756.0767076488,0.0,916756.0767076488,0.0,True,liquidate,-0.18911944503227815,0,,纳指;黄金;国债ETF,有色ETF;创新药ETF;军工ETF;证券ETF;酒ETF;半导体ETF
2024-01-16,916756.0767076488,0.0,916756.0767076488,0.0,True,liquidate,-0.18911944503227815,0,,纳指;黄金;国债ETF,有色ETF;创新药ETF;证券ETF;军工ETF;酒ETF;半导体ETF
2024-01-17,916756.0767076488,0.0,916756.0767076488,0.0,True,liquidate,-0.18911944503227815,0,,纳指;黄金;国债ETF,有色ETF;证券ETF;创新药ETF;军工ETF;酒ETF;半导体ETF
2024-01-18,916756.0767076488,0.0,916756.0767076488,0.0,True,liquidate,-0.18911944503227815,0,,纳指;黄金;国债ETF,有色ETF;证券ETF;创新药ETF;军工ETF;酒ETF;半导体ETF
2024-01-19,916756.0767076488,0.0,916756.0767076488,0.0,True,liquidate,-0.18911944503227815,0,,纳指;黄金;国债ETF,有色ETF;证券ETF;创新药ETF;酒ETF;半导体ETF;军工ETF
2024-01-22,916756.0767076488,0.0,916756.0767076488,0.0,True,liquidate,-0.18911944503227815,0,,纳指;黄金;国债ETF,证券ETF;有色ETF;酒ETF;创新药ETF;半导体ETF;军工ETF
2024-01-23,916756.0767076488,0.0,916756.0767076488,0.0,True,liquidate,-0.18911944503227815,0,,纳指;黄金;国债ETF,证券ETF;有色ETF;酒ETF;创新药ETF;半导体ETF;军工ETF
2024-01-24,916756.0767076488,0.0,916756.0767076488,0.0,True,liquidate,-0.18911944503227815,0,,纳指;黄金;国债ETF,证券ETF;有色ETF;酒ETF;创新药ETF;军工ETF;半导体ETF
2024-01-25,916756.0767076488,0.0,916756.0767076488,0.0,True,liquidate,-0.18911944503227815,0,,纳指;黄金;国债ETF,证券ETF;有色ETF;军工ETF;酒ETF;创新药ETF;半导体ETF
2024-01-26,916756.0767076488,0.0,916756.0767076488,0.0,True,liquidate,-0.18911944503227815,0,,纳指;黄金;国债ETF,证券ETF;有色ETF;军工ETF;酒ETF;创新药ETF;半导体ETF
2024-01-29,916756.0767076488,0.0,916756.0767076488,0.0,True,liquidate,-0.18911944503227815,0,,纳指;国债ETF,证券ETF;有色ETF;酒ETF;军工ETF;创新药ETF;半导体ETF
2024-01-30,916756.0767076488,0.0,916756.0767076488,0.0,True,liquidate,-0.18911944503227815,0,,纳指;黄金;国债ETF,证券ETF;有色ETF;酒ETF;军工ETF;创新药ETF;半导体ETF
2024-01-31,916756.0767076488,0.0,916756.0767076488,0.0,True,liquidate,-0.18911944503227815,0,,纳指;黄金;国债ETF,证券ETF;有色ETF;酒ETF;军工ETF;创新药ETF;半导体ETF
2024-02-01,916756.0767076488,0.0,916756.0767076488,0.0,True,liquidate,-0.18911944503227815,0,,纳指;黄金;国债ETF,证券ETF;有色ETF;酒ETF;军工ETF;创新药ETF;半导体ETF
2024-02-02,916756.0767076488,0.0,916756.0767076488,0.0,True,liquidate,-0.18911944503227815,0,,纳指;黄金;国债ETF,证券ETF;有色ETF;酒ETF;军工ETF;半导体ETF;创新药ETF
2024-02-05,916756.0767076488,0.0,916756.0767076488,0.0,True,liquidate,-0.18911944503227815,0,,纳指;黄金;国债ETF,证券ETF;酒ETF;有色ETF;军工ETF;创新药ETF;半导体ETF
2024-02-06,916756.0767076488,0.0,916756.0767076488,0.0,True,liquidate,-0.18911944503227815,0,,纳指;黄金;国债ETF,证券ETF;酒ETF;有色ETF;军工ETF;创新药ETF;半导体ETF
2024-02-07,916756.0767076488,0.0,916756.0767076488,0.0,False,liquidate,-0.18911944503227815,9,纳指;黄金;国债ETF;证券ETF;酒ETF;有色ETF;军工ETF;创新药ETF;半导体ETF,纳指;黄金;国债ETF,证券ETF;酒ETF;有色ETF;军工ETF;创新药ETF;半导体ETF
2024-02-08,916828.8351264352,0.0,916828.8351264352,0.0,False,liquidate,-0.18905508943267754,9,纳指;黄金;国债ETF;证券ETF;酒ETF;有色ETF;军工ETF;创新药ETF;半导体ETF,纳指;黄金;国债ETF,证券ETF;酒ETF;有色ETF;军工ETF;创新药ETF;半导体ETF
2024-02-19,916901.5993196992,0.0,916901.5993196992,0.0,False,liquidate,-0.18899072872548958,9,纳指;黄金;国债ETF;证券ETF;有色ETF;酒ETF;军工ETF;半导体ETF;创新药ETF,纳指;黄金;国债ETF,证券ETF;有色ETF;酒ETF;军工ETF;半导体ETF;创新药ETF
2024-02-20,916974.3692878992,0.0,916974.3692878992,0.0,False,liquidate,-0.18892636291030904,10,沪深300;纳指;黄金;国债ETF;证券ETF;有色ETF;酒ETF;军工ETF;半导体ETF;创新药ETF,沪深300;纳指;黄金;国债ETF,证券ETF;有色ETF;酒ETF;军工ETF;半导体ETF;创新药ETF
2024-02-21,917047.1450314935,0.0,917047.1450314935,0.0,False,liquidate,-0.18886199198673048,10,沪深300;纳指;黄金;国债ETF;证券ETF;酒ETF;有色ETF;军工ETF;半导体ETF;创新药ETF,沪深300;纳指;黄金;国债ETF,证券ETF;酒ETF;有色ETF;军工ETF;半导体ETF;创新药ETF
2024-02-22,917119.9265509405,0.0,917119.9265509405,0.0,False,liquidate,-0.18879761595434846,10,沪深300;纳指;黄金;国债ETF;证券ETF;有色ETF;酒ETF;军工ETF;半导体ETF;创新药ETF,沪深300;纳指;黄金;国债ETF,证券ETF;有色ETF;酒ETF;军工ETF;半导体ETF;创新药ETF
2024-02-23,917192.7138466985,0.0,917192.7138466985,0.0,False,liquidate,-0.1887332348127575,10,沪深300;纳指;黄金;国债ETF;有色ETF;证券ETF;酒ETF;军工ETF;半导体ETF;创新药ETF,沪深300;纳指;黄金;国债ETF,有色ETF;证券ETF;酒ETF;军工ETF;半导体ETF;创新药ETF
2024-02-26,917265.506919226,0.0,917265.506919226,0.0,False,liquidate,-0.1886688485615522,10,沪深300;纳指;黄金;国债ETF;有色ETF;证券ETF;军工ETF;酒ETF;半导体ETF;创新药ETF,沪深300;纳指;黄金;国债ETF,有色ETF;证券ETF;军工ETF;酒ETF;半导体ETF;创新药ETF
2024-02-27,917338.3057689816,0.0,917338.3057689816,0.0,False,liquidate,-0.18860445720032687,10,沪深300;纳指;黄金;国债ETF;有色ETF;证券ETF;军工ETF;酒ETF;半导体ETF;创新药ETF,沪深300;纳指;黄金;国债ETF,有色ETF;证券ETF;军工ETF;酒ETF;半导体ETF;创新药ETF
2024-02-28,917411.1103964236,0.0,917411.1103964236,0.0,False,liquidate,-0.18854006072867605,9,沪深300;纳指;国债ETF;有色ETF;酒ETF;军工ETF;证券ETF;半导体ETF;创新药ETF,沪深300;纳指;国债ETF,有色ETF;酒ETF;军工ETF;证券ETF;半导体ETF;创新药ETF
2024-02-29,917483.9208020107,0.0,917483.9208020107,0.0,False,liquidate,-0.18847565914619416,9,沪深300;纳指;国债ETF;有色ETF;酒ETF;证券ETF;半导体ETF;军工ETF;创新药ETF,沪深300;纳指;国债ETF,有色ETF;酒ETF;证券ETF;半导体ETF;军工ETF;创新药ETF
2024-03-01,917556.7369862014,0.0,917556.7369862014,0.0,False,liquidate,-0.18841125245247556,10,沪深300;纳指;黄金;国债ETF;半导体ETF;有色ETF;军工ETF;酒ETF;证券ETF;创新药ETF,沪深300;纳指;黄金;国债ETF,半导体ETF;有色ETF;军工ETF;酒ETF;证券ETF;创新药ETF
2024-03-04,917629.5589494543,0.0,917629.5589494543,0.0,False,liquidate,-0.18834684064711454,10,沪深300;纳指;黄金;国债ETF;有色ETF;半导体ETF;军工ETF;证券ETF;创新药ETF;酒ETF,沪深300;纳指;黄金;国债ETF,有色ETF;半导体ETF;军工ETF;证券ETF;创新药ETF;酒ETF
2024-03-05,917702.3866922281,0.0,917702.3866922281,0.0,False,liquidate,-0.18828242372970555,10,沪深300;纳指;黄金;国债ETF;有色ETF;半导体ETF;酒ETF;军工ETF;证券ETF;创新药ETF,沪深300;纳指;黄金;国债ETF,有色ETF;半导体ETF;酒ETF;军工ETF;证券ETF;创新药ETF
2024-03-06,917775.2202149816,0.0,917775.2202149816,0.0,False,liquidate,-0.18821800169984276,10,沪深300;纳指;黄金;国债ETF;有色ETF;半导体ETF;军工ETF;酒ETF;证券ETF;创新药ETF,沪深300;纳指;黄金;国债ETF,有色ETF;半导体ETF;军工ETF;酒ETF;证券ETF;创新药ETF
2024-03-07,917848.0595181733,0.0,917848.0595181733,0.0,False,liquidate,-0.18815357455712045,10,沪深300;纳指;黄金;国债ETF;有色ETF;半导体ETF;军工ETF;酒ETF;证券ETF;创新药ETF,沪深300;纳指;黄金;国债ETF,有色ETF;半导体ETF;军工ETF;酒ETF;证券ETF;创新药ETF
2024-03-08,917920.9046022621,0.0,917920.9046022621,0.0,False,liquidate,-0.1880891423011329,11,沪深300;创业板;纳指;黄金;国债ETF;有色ETF;半导体ETF;军工ETF;证券ETF;酒ETF;创新药ETF,沪深300;创业板;纳指;黄金;国债ETF,有色ETF;半导体ETF;军工ETF;证券ETF;酒ETF;创新药ETF
2024-03-11,917993.7554677067,0.0,917993.7554677067,0.0,False,liquidate,-0.18802470493147427,11,沪深300;创业板;纳指;黄金;国债ETF;有色ETF;军工ETF;半导体ETF;证券ETF;酒ETF;创新药ETF,沪深300;创业板;纳指;黄金;国债ETF,有色ETF;军工ETF;半导体ETF;证券ETF;酒ETF;创新药ETF
2024-03-12,918066.6121149661,0.0,918066.6121149661,0.0,False,liquidate,-0.18796026244773859,11,沪深300;创业板;纳指;黄金;国债ETF;有色ETF;军工ETF;酒ETF;半导体ETF;证券ETF;创新药ETF,沪深300;创业板;纳指;黄金;国债ETF,有色ETF;军工ETF;酒ETF;半导体ETF;证券ETF;创新药ETF
2024-03-13,918139.4745444991,0.0,918139.4745444991,0.0,False,liquidate,-0.18789581484952017,11,沪深300;创业板;纳指;黄金;国债ETF;有色ETF;半导体ETF;酒ETF;军工ETF;证券ETF;创新药ETF,沪深300;创业板;纳指;黄金;国债ETF,有色ETF;半导体ETF;酒ETF;军工ETF;证券ETF;创新药ETF
2024-03-14,918212.3427567645,0.0,918212.3427567645,0.0,False,liquidate,-0.187831362136413,11,沪深300;创业板;纳指;黄金;国债ETF;有色ETF;酒ETF;半导体ETF;军工ETF;创新药ETF;证券ETF,沪深300;创业板;纳指;黄金;国债ETF,有色ETF;酒ETF;半导体ETF;军工ETF;创新药ETF;证券ETF
2024-03-15,918285.2167522215,0.0,918285.2167522215,0.0,False,liquidate,-0.18776690430801105,11,沪深300;创业板;纳指;黄金;国债ETF;有色ETF;酒ETF;军工ETF;半导体ETF;证券ETF;创新药ETF,沪深300;创业板;纳指;黄金;国债ETF,有色ETF;酒ETF;军工ETF;半导体ETF;证券ETF;创新药ETF
2024-03-18,918358.0965313289,0.0,918358.0965313289,0.0,False,liquidate,-0.18770244136390843,11,沪深300;创业板;纳指;黄金;国债ETF;有色ETF;酒ETF;半导体ETF;军工ETF;证券ETF;创新药ETF,沪深300;创业板;纳指;黄金;国债ETF,有色ETF;酒ETF;半导体ETF;军工ETF;证券ETF;创新药ETF
2024-03-19,918430.9820945457,0.0,918430.9820945457,0.0,False,liquidate,-0.18763797330369913,11,沪深300;创业板;纳指;黄金;国债ETF;有色ETF;酒ETF;军工ETF;半导体ETF;证券ETF;创新药ETF,沪深300;创业板;纳指;黄金;国债ETF,有色ETF;酒ETF;军工ETF;半导体ETF;证券ETF;创新药ETF
2024-03-20,918503.8734423311,0.0,918503.8734423311,0.0,False,liquidate,-0.18757350012697713,11,沪深300;创业板;纳指;黄金;国债ETF;有色ETF;酒ETF;军工ETF;半导体ETF;证券ETF;创新药ETF,沪深300;创业板;纳指;黄金;国债ETF,有色ETF;酒ETF;军工ETF;半导体ETF;证券ETF;创新药ETF
2024-03-21,918576.770575144,0.0,918576.770575144,0.0,False,liquidate,-0.18750902183333643,11,沪深300;创业板;纳指;黄金;国债ETF;有色ETF;酒ETF;军工ETF;半导体ETF;证券ETF;创新药ETF,沪深300;创业板;纳指;黄金;国债ETF,有色ETF;酒ETF;军工ETF;半导体ETF;证券ETF;创新药ETF
2024-03-22,918649.6734934436,0.0,918649.6734934436,0.0,False,liquidate,-0.18744453842237077,11,沪深300;创业板;纳指;黄金;国债ETF;有色ETF;酒ETF;军工ETF;半导体ETF;证券ETF;创新药ETF,沪深300;创业板;纳指;黄金;国债ETF,有色ETF;酒ETF;军工ETF;半导体ETF;证券ETF;创新药ETF
2024-03-25,918722.5821976892,0.0,918722.5821976892,0.0,False,liquidate,-0.18738004989367407,11,沪深300;创业板;纳指;黄金;国债ETF;有色ETF;酒ETF;军工ETF;半导体ETF;证券ETF;创新药ETF,沪深300;创业板;纳指;黄金;国债ETF,有色ETF;酒ETF;军工ETF;半导体ETF;证券ETF;创新药ETF
2024-03-26,918795.4966883399,0.0,918795.4966883399,0.0,False,liquidate,-0.1873155562468402,11,沪深300;创业板;纳指;黄金;国债ETF;有色ETF;酒ETF;军工ETF;半导体ETF;证券ETF;创新药ETF,沪深300;创业板;纳指;黄金;国债ETF,有色ETF;酒ETF;军工ETF;半导体ETF;证券ETF;创新药ETF
2024-03-27,918868.4169658548,0.0,918868.4169658548,0.0,False,liquidate,-0.18725105748146298,11,沪深300;创业板;纳指;黄金;国债ETF;有色ETF;酒ETF;证券ETF;军工ETF;半导体ETF;创新药ETF,沪深300;创业板;纳指;黄金;国债ETF,有色ETF;酒ETF;证券ETF;军工ETF;半导体ETF;创新药ETF
2024-03-28,918941.3430306935,0.0,918941.3430306935,0.0,False,liquidate,-0.187186553597136,11,沪深300;创业板;纳指;黄金;国债ETF;有色ETF;酒ETF;军工ETF;证券ETF;半导体ETF;创新药ETF,沪深300;创业板;纳指;黄金;国债ETF,有色ETF;酒ETF;军工ETF;证券ETF;半导体ETF;创新药ETF
2024-03-29,919014.274883315,0.0,919014.274883315,0.0,False,liquidate,-0.18712204459345325,11,沪深300;创业板;纳指;黄金;国债ETF;有色ETF;酒ETF;军工ETF;证券ETF;半导体ETF;创新药ETF,沪深300;创业板;纳指;黄金;国债ETF,有色ETF;酒ETF;军工ETF;证券ETF;半导体ETF;创新药ETF
2024-04-01,919087.2125241788,0.0,919087.2125241788,0.0,False,liquidate,-0.18705753047000823,11,沪深300;创业板;纳指;黄金;国债ETF;有色ETF;酒ETF;军工ETF;证券ETF;半导体ETF;创新药ETF,沪深300;创业板;纳指;黄金;国债ETF,有色ETF;酒ETF;军工ETF;证券ETF;半导体ETF;创新药ETF
2024-04-02,919160.1559537442,0.0,919160.1559537442,0.0,False,liquidate,-0.18699301122639472,11,沪深300;创业板;纳指;黄金;国债ETF;有色ETF;酒ETF;军工ETF;证券ETF;半导体ETF;创新药ETF,沪深300;创业板;纳指;黄金;国债ETF,有色ETF;酒ETF;军工ETF;证券ETF;半导体ETF;创新药ETF
2024-04-03,919233.1051724707,0.0,919233.1051724707,0.0,False,liquidate,-0.18692848686220634,11,沪深300;创业板;纳指;黄金;国债ETF;有色ETF;酒ETF;军工ETF;证券ETF;创新药ETF;半导体ETF,沪深300;创业板;纳指;黄金;国债ETF,有色ETF;酒ETF;军工ETF;证券ETF;创新药ETF;半导体ETF
2024-04-08,919306.0601808177,0.0,919306.0601808177,0.0,False,liquidate,-0.18686395737703665,11,沪深300;创业板;纳指;黄金;国债ETF;有色ETF;酒ETF;军工ETF;证券ETF;创新药ETF;半导体ETF,沪深300;创业板;纳指;黄金;国债ETF,有色ETF;酒ETF;军工ETF;证券ETF;创新药ETF;半导体ETF
2024-04-09,919379.0209792448,0.0,919379.0209792448,0.0,False,liquidate,-0.18679942277047923,11,沪深300;创业板;纳指;黄金;国债ETF;有色ETF;酒ETF;军工ETF;证券ETF;创新药ETF;半导体ETF,沪深300;创业板;纳指;黄金;国债ETF,有色ETF;酒ETF;军工ETF;证券ETF;创新药ETF;半导体ETF
2024-04-10,919451.9875682115,0.0,919451.9875682115,0.0,False,liquidate,-0.18673488304212763,11,沪深300;创业板;纳指;黄金;国债ETF;有色ETF;酒ETF;军工ETF;证券ETF;创新药ETF;半导体ETF,沪深300;创业板;纳指;黄金;国债ETF,有色ETF;酒ETF;军工ETF;证券ETF;创新药ETF;半导体ETF
2024-04-11,919524.9599481773,0.0,919524.9599481773,0.0,False,liquidate,-0.18667033819157533,11,沪深300;创业板;纳指;黄金;国债ETF;有色ETF;酒ETF;军工ETF;证券ETF;创新药ETF;半导体ETF,沪深300;创业板;纳指;黄金;国债ETF,有色ETF;酒ETF;军工ETF;证券ETF;创新药ETF;半导体ETF
2024-04-12,919597.9381196018,0.0,919597.9381196018,0.0,False,liquidate,-0.18660578821841592,11,沪深300;创业板;纳指;黄金;国债ETF;有色ETF;酒ETF;军工ETF;证券ETF;半导体ETF;创新药ETF,沪深300;创业板;纳指;黄金;国债ETF,有色ETF;酒ETF;军工ETF;证券ETF;半导体ETF;创新药ETF
2024-04-15,919670.9220829447,0.0,919670.9220829447,0.0,False,liquidate,-0.18654123312224274,11,沪深300;创业板;纳指;黄金;国债ETF;有色ETF;酒ETF;军工ETF;证券ETF;半导体ETF;创新药ETF,沪深300;创业板;纳指;黄金;国债ETF,有色ETF;酒ETF;军工ETF;证券ETF;半导体ETF;创新药ETF
2024-04-16,919743.9118386656,0.0,919743.9118386656,0.0,False,liquidate,-0.18647667290264922,10,沪深300;创业板;黄金;国债ETF;有色ETF;酒ETF;军工ETF;证券ETF;半导体ETF;创新药ETF,沪深300;创业板;黄金;国债ETF,有色ETF;酒ETF;军工ETF;证券ETF;半导体ETF;创新药ETF
2024-04-17,919816.9073872243,0.0,919816.9073872243,0.0,False,liquidate,-0.18641210755922877,10,沪深300;创业板;黄金;国债ETF;有色ETF;酒ETF;军工ETF;证券ETF;半导体ETF;创新药ETF,沪深300;创业板;黄金;国债ETF,有色ETF;酒ETF;军工ETF;证券ETF;半导体ETF;创新药ETF
2024-04-18,919889.9087290805,0.0,919889.9087290805,0.0,False,liquidate,-0.18634753709157467,11,沪深300;创业板;纳指;黄金;国债ETF;有色ETF;酒ETF;军工ETF;证券ETF;半导体ETF;创新药ETF,沪深300;创业板;纳指;黄金;国债ETF,有色ETF;酒ETF;军工ETF;证券ETF;半导体ETF;创新药ETF
2024-04-19,919962.9158646939,0.0,919962.9158646939,0.0,False,liquidate,-0.1862829614992803,9,沪深300;黄金;国债ETF;有色ETF;军工ETF;酒ETF;证券ETF;半导体ETF;创新药ETF,沪深300;黄金;国债ETF,有色ETF;军工ETF;酒ETF;证券ETF;半导体ETF;创新药ETF
2024-04-22,920035.9287945245,0.0,920035.9287945245,0.0,False,liquidate,-0.18621838078193892,9,沪深300;黄金;国债ETF;有色ETF;军工ETF;酒ETF;证券ETF;创新药ETF;半导体ETF,沪深300;黄金;国债ETF,有色ETF;军工ETF;酒ETF;证券ETF;创新药ETF;半导体ETF
2024-04-23,920108.947519032,0.0,920108.947519032,0.0,False,liquidate,-0.1861537949391438,10,沪深300;创业板;黄金;国债ETF;有色ETF;酒ETF;军工ETF;证券ETF;创新药ETF;半导体ETF,沪深300;创业板;黄金;国债ETF,有色ETF;酒ETF;军工ETF;证券ETF;创新药ETF;半导体ETF
2024-04-24,920181.9720386765,0.0,920181.9720386765,0.0,False,liquidate,-0.18608920397048812,9,沪深300;黄金;国债ETF;有色ETF;军工ETF;酒ETF;证券ETF;半导体ETF;创新药ETF,沪深300;黄金;国债ETF,有色ETF;军工ETF;酒ETF;证券ETF;半导体ETF;创新药ETF
2024-04-25,920255.0023539177,0.0,920255.0023539177,0.0,False,liquidate,-0.18602460787556513,10,沪深300;创业板;黄金;国债ETF;有色ETF;军工ETF;酒ETF;半导体ETF;证券ETF;创新药ETF,沪深300;创业板;黄金;国债ETF,有色ETF;军工ETF;酒ETF;半导体ETF;证券ETF;创新药ETF
2024-04-26,920328.0384652157,0.0,920328.0384652157,0.0,False,liquidate,-0.18596000665396786,10,沪深300;创业板;黄金;国债ETF;有色ETF;酒ETF;军工ETF;证券ETF;半导体ETF;创新药ETF,沪深300;创业板;黄金;国债ETF,有色ETF;酒ETF;军工ETF;证券ETF;半导体ETF;创新药ETF
2024-04-29,920401.0803730305,0.0,920401.0803730305,0.0,False,liquidate,-0.18589540030528953,10,沪深300;创业板;黄金;国债ETF;有色ETF;证券ETF;酒ETF;半导体ETF;军工ETF;创新药ETF,沪深300;创业板;黄金;国债ETF,有色ETF;证券ETF;酒ETF;半导体ETF;军工ETF;创新药ETF
2024-04-30,920474.128077822,0.0,920474.128077822,0.0,False,liquidate,-0.18583078882912324,10,沪深300;创业板;黄金;国债ETF;有色ETF;证券ETF;酒ETF;半导体ETF;创新药ETF;军工ETF,沪深300;创业板;黄金;国债ETF,有色ETF;证券ETF;酒ETF;半导体ETF;创新药ETF;军工ETF
2024-05-06,920547.1815800505,0.0,920547.1815800505,0.0,False,liquidate,-0.185766172225062,10,沪深300;创业板;黄金;国债ETF;酒ETF;创新药ETF;有色ETF;半导体ETF;军工ETF;证券ETF,沪深300;创业板;黄金;国债ETF,酒ETF;创新药ETF;有色ETF;半导体ETF;军工ETF;证券ETF
2024-05-07,920620.240880176,0.0,920620.240880176,0.0,False,liquidate,-0.18570155049269887,10,沪深300;创业板;黄金;国债ETF;酒ETF;军工ETF;创新药ETF;半导体ETF;有色ETF;证券ETF,沪深300;创业板;黄金;国债ETF,酒ETF;军工ETF;创新药ETF;半导体ETF;有色ETF;证券ETF
2024-05-08,920693.3059786586,0.0,920693.3059786586,0.0,False,liquidate,-0.1856369236316268,11,沪深300;创业板;纳指;黄金;国债ETF;酒ETF;军工ETF;创新药ETF;半导体ETF;有色ETF;证券ETF,沪深300;创业板;纳指;黄金;国债ETF,酒ETF;军工ETF;创新药ETF;半导体ETF;有色ETF;证券ETF
2024-05-09,920766.3768759585,0.0,920766.3768759585,0.0,False,liquidate,-0.1855722916414388,10,沪深300;创业板;黄金;国债ETF;军工ETF;酒ETF;半导体ETF;有色ETF;创新药ETF;证券ETF,沪深300;创业板;黄金;国债ETF,军工ETF;酒ETF;半导体ETF;有色ETF;创新药ETF;证券ETF
2024-05-10,920839.453572536,0.0,920839.453572536,0.0,False,liquidate,-0.18550765452172777,10,沪深300;纳指;黄金;国债ETF;军工ETF;酒ETF;半导体ETF;有色ETF;创新药ETF;证券ETF,沪深300;纳指;黄金;国债ETF,军工ETF;酒ETF;半导体ETF;有色ETF;创新药ETF;证券ETF
2024-05-13,920912.5360688514,0.0,920912.5360688514,0.0,False,liquidate,-0.18544301227208657,10,沪深300;纳指;黄金;国债ETF;军工ETF;酒ETF;有色ETF;半导体ETF;创新药ETF;证券ETF,沪深300;纳指;黄金;国债ETF,军工ETF;酒ETF;有色ETF;半导体ETF;创新药ETF;证券ETF
2024-05-14,920985.6243653648,0.0,920985.6243653648,0.0,False,liquidate,-0.18537836489210816,9,沪深300;黄金;国债ETF;军工ETF;酒ETF;有色ETF;证券ETF;创新药ETF;半导体ETF,沪深300;黄金;国债ETF,军工ETF;酒ETF;有色ETF;证券ETF;创新药ETF;半导体ETF
2024-05-15,921058.7184625367,0.0,921058.7184625367,0.0,False,liquidate,-0.18531371238138525,10,沪深300;纳指;黄金;国债ETF;军工ETF;酒ETF;有色ETF;创新药ETF;证券ETF;半导体ETF,沪深300;纳指;黄金;国债ETF,军工ETF;酒ETF;有色ETF;创新药ETF;证券ETF;半导体ETF
2024-05-16,921131.8183608274,0.0,921131.8183608274,0.0,False,liquidate,-0.18524905473951073,10,沪深300;纳指;黄金;国债ETF;军工ETF;酒ETF;有色ETF;创新药ETF;证券ETF;半导体ETF,沪深300;纳指;黄金;国债ETF,军工ETF;酒ETF;有色ETF;创新药ETF;证券ETF;半导体ETF
2024-05-17,921204.9240606973,0.0,921204.9240606973,0.0,False,liquidate,-0.18518439196607736,10,沪深300;纳指;黄金;国债ETF;酒ETF;军工ETF;有色ETF;证券ETF;创新药ETF;半导体ETF,沪深300;纳指;黄金;国债ETF,酒ETF;军工ETF;有色ETF;证券ETF;创新药ETF;半导体ETF
2024-05-20,921278.035562607,0.0,921278.035562607,0.0,False,liquidate,-0.18511972406067775,10,沪深300;纳指;黄金;国债ETF;酒ETF;军工ETF;有色ETF;创新药ETF;证券ETF;半导体ETF,沪深300;纳指;黄金;国债ETF,酒ETF;军工ETF;有色ETF;创新药ETF;证券ETF;半导体ETF
2024-05-21,921351.1528670167,0.0,921351.1528670167,0.0,False,liquidate,-0.1850550510229048,10,沪深300;纳指;黄金;国债ETF;酒ETF;军工ETF;有色ETF;半导体ETF;创新药ETF;证券ETF,沪深300;纳指;黄金;国债ETF,酒ETF;军工ETF;有色ETF;半导体ETF;创新药ETF;证券ETF
2024-05-22,921424.2759743872,0.0,921424.2759743872,0.0,False,liquidate,-0.18499037285235098,10,沪深300;纳指;黄金;国债ETF;酒ETF;有色ETF;半导体ETF;证券ETF;军工ETF;创新药ETF,沪深300;纳指;黄金;国债ETF,酒ETF;有色ETF;半导体ETF;证券ETF;军工ETF;创新药ETF
2024-05-23,921497.4048851789,0.0,921497.4048851789,0.0,False,liquidate,-0.18492568954860902,10,沪深300;纳指;黄金;国债ETF;军工ETF;有色ETF;酒ETF;半导体ETF;证券ETF;创新药ETF,沪深300;纳指;黄金;国债ETF,军工ETF;有色ETF;酒ETF;半导体ETF;证券ETF;创新药ETF
2024-05-24,921570.5395998524,0.0,921570.5395998524,0.0,False,liquidate,-0.18486100111127154,10,沪深300;纳指;黄金;国债ETF;有色ETF;酒ETF;证券ETF;创新药ETF;军工ETF;半导体ETF,沪深300;纳指;黄金;国债ETF,有色ETF;酒ETF;证券ETF;创新药ETF;军工ETF;半导体ETF
2024-05-27,921643.6801188684,0.0,921643.6801188684,0.0,False,liquidate,-0.1847963075399311,10,沪深300;纳指;黄金;国债ETF;有色ETF;酒ETF;证券ETF;军工ETF;半导体ETF;创新药ETF,沪深300;纳指;黄金;国债ETF,有色ETF;酒ETF;证券ETF;军工ETF;半导体ETF;创新药ETF
2024-05-28,921716.8264426873,0.0,921716.8264426873,0.0,False,liquidate,-0.1847316088341803,11,沪深300;创业板;纳指;黄金;国债ETF;有色ETF;军工ETF;酒ETF;半导体ETF;创新药ETF;证券ETF,沪深300;创业板;纳指;黄金;国债ETF,有色ETF;军工ETF;酒ETF;半导体ETF;创新药ETF;证券ETF
2024-05-29,921789.9785717701,0.0,921789.9785717701,0.0,False,liquidate,-0.18466690499361152,11,沪深300;创业板;纳指;黄金;国债ETF;有色ETF;酒ETF;军工ETF;半导体ETF;证券ETF;创新药ETF,沪深300;创业板;纳指;黄金;国债ETF,有色ETF;酒ETF;军工ETF;半导体ETF;证券ETF;创新药ETF
2024-05-30,921863.1365065775,0.0,921863.1365065775,0.0,False,liquidate,-0.1846021960178173,11,沪深300;创业板;纳指;黄金;国债ETF;有色ETF;军工ETF;半导体ETF;酒ETF;证券ETF;创新药ETF,沪深300;创业板;纳指;黄金;国债ETF,有色ETF;军工ETF;半导体ETF;酒ETF;证券ETF;创新药ETF
2024-05-31,921936.3002475702,0.0,921936.3002475702,0.0,False,liquidate,-0.18453748190639008,9,纳指;黄金;国债ETF;有色ETF;军工ETF;半导体ETF;酒ETF;证券ETF;创新药ETF,纳指;黄金;国债ETF,有色ETF;军工ETF;半导体ETF;酒ETF;证券ETF;创新药ETF
2024-06-03,922009.4697952089,0.0,922009.4697952089,0.0,False,liquidate,-0.1844727626589223,10,沪深300;纳指;黄金;国债ETF;有色ETF;军工ETF;半导体ETF;酒ETF;证券ETF;创新药ETF,沪深300;纳指;黄金;国债ETF,有色ETF;军工ETF;半导体ETF;酒ETF;证券ETF;创新药ETF
2024-06-04,922082.6451499546,0.0,922082.6451499546,0.0,False,liquidate,-0.1844080382750063,11,沪深300;创业板;纳指;黄金;国债ETF;有色ETF;军工ETF;半导体ETF;酒ETF;证券ETF;创新药ETF,沪深300;创业板;纳指;黄金;国债ETF,有色ETF;军工ETF;半导体ETF;酒ETF;证券ETF;创新药ETF
2024-06-05,922155.8263122682,0.0,922155.8263122682,0.0,False,liquidate,-0.1843433087542344,10,沪深300;创业板;纳指;国债ETF;军工ETF;半导体ETF;有色ETF;酒ETF;证券ETF;创新药ETF,沪深300;创业板;纳指;国债ETF,军工ETF;半导体ETF;有色ETF;酒ETF;证券ETF;创新药ETF
2024-06-06,922229.0132826105,0.0,922229.0132826105,0.0,False,liquidate,-0.18427857409619897,11,沪深300;创业板;纳指;黄金;国债ETF;半导体ETF;有色ETF;军工ETF;酒ETF;创新药ETF;证券ETF,沪深300;创业板;纳指;黄金;国债ETF,半导体ETF;有色ETF;军工ETF;酒ETF;创新药ETF;证券ETF
2024-06-07,922302.2060614425,0.0,922302.2060614425,0.0,False,liquidate,-0.18421383430049224,11,沪深300;创业板;纳指;黄金;国债ETF;半导体ETF;有色ETF;军工ETF;酒ETF;创新药ETF;证券ETF,沪深300;创业板;纳指;黄金;国债ETF,半导体ETF;有色ETF;军工ETF;酒ETF;创新药ETF;证券ETF
2024-06-11,922375.4046492252,0.0,922375.4046492252,0.0,False,liquidate,-0.18414908936670654,10,沪深300;创业板;纳指;国债ETF;半导体ETF;军工ETF;有色ETF;创新药ETF;酒ETF;证券ETF,沪深300;创业板;纳指;国债ETF,半导体ETF;军工ETF;有色ETF;创新药ETF;酒ETF;证券ETF
2024-06-12,922448.6090464196,0.0,922448.6090464196,0.0,False,liquidate,-0.18408433929443402,10,沪深300;创业板;纳指;国债ETF;半导体ETF;军工ETF;有色ETF;创新药ETF;证券ETF;酒ETF,沪深300;创业板;纳指;国债ETF,半导体ETF;军工ETF;有色ETF;创新药ETF;证券ETF;酒ETF
2024-06-13,922521.8192534868,0.0,922521.8192534868,0.0,False,liquidate,-0.18401958408326688,8,纳指;国债ETF;半导体ETF;军工ETF;有色ETF;证券ETF;创新药ETF;酒ETF,纳指;国债ETF,半导体ETF;军工ETF;有色ETF;证券ETF;创新药ETF;酒ETF
2024-06-14,922595.0352708879,0.0,922595.0352708879,0.0,False,liquidate,-0.18395482373279728,10,沪深300;创业板;纳指;国债ETF;半导体ETF;军工ETF;有色ETF;证券ETF;创新药ETF;酒ETF,沪深300;创业板;纳指;国债ETF,半导体ETF;军工ETF;有色ETF;证券ETF;创新药ETF;酒ETF
2024-06-17,922668.2570990841,0.0,922668.2570990841,0.0,False,liquidate,-0.18389005824261728,9,创业板;纳指;国债ETF;半导体ETF;军工ETF;有色ETF;证券ETF;创新药ETF;酒ETF,创业板;纳指;国债ETF,半导体ETF;军工ETF;有色ETF;证券ETF;创新药ETF;酒ETF
2024-06-18,922741.4847385364,0.0,922741.4847385364,0.0,False,liquidate,-0.18382528761231906,9,创业板;纳指;国债ETF;半导体ETF;军工ETF;有色ETF;证券ETF;创新药ETF;酒ETF,创业板;纳指;国债ETF,半导体ETF;军工ETF;有色ETF;证券ETF;创新药ETF;酒ETF
2024-06-19,922814.7181897062,0.0,922814.7181897062,0.0,False,liquidate,-0.18376051184149456,10,沪深300;创业板;纳指;国债ETF;半导体ETF;军工ETF;有色ETF;证券ETF;创新药ETF;酒ETF,沪深300;创业板;纳指;国债ETF,半导体ETF;军工ETF;有色ETF;证券ETF;创新药ETF;酒ETF
2024-06-20,922887.9574530546,0.0,922887.9574530546,0.0,False,liquidate,-0.18369573092973596,9,创业板;纳指;国债ETF;半导体ETF;军工ETF;有色ETF;证券ETF;创新药ETF;酒ETF,创业板;纳指;国债ETF,半导体ETF;军工ETF;有色ETF;证券ETF;创新药ETF;酒ETF
2024-06-21,922961.202529043,0.0,922961.202529043,0.0,False,liquidate,-0.18363094487663512,11,沪深300;创业板;纳指;黄金;国债ETF;半导体ETF;军工ETF;有色ETF;证券ETF;创新药ETF;酒ETF,沪深300;创业板;纳指;黄金;国债ETF,半导体ETF;军工ETF;有色ETF;证券ETF;创新药ETF;酒ETF
2024-06-24,923034.4534181326,0.0,923034.4534181326,0.0,False,liquidate,-0.18356615368178403,9,纳指;黄金;国债ETF;半导体ETF;军工ETF;证券ETF;有色ETF;创新药ETF;酒ETF,纳指;黄金;国债ETF,半导体ETF;军工ETF;证券ETF;有色ETF;创新药ETF;酒ETF
2024-06-25,923107.7101207849,0.0,923107.7101207849,0.0,False,liquidate,-0.18350135734477457,9,纳指;黄金;国债ETF;半导体ETF;军工ETF;有色ETF;证券ETF;创新药ETF;酒ETF,纳指;黄金;国债ETF,半导体ETF;军工ETF;有色ETF;证券ETF;创新药ETF;酒ETF
2024-06-26,923180.9726374613,0.0,923180.9726374613,0.0,False,liquidate,-0.1834365558651987,8,纳指;国债ETF;半导体ETF;军工ETF;证券ETF;有色ETF;创新药ETF;酒ETF,纳指;国债ETF,半导体ETF;军工ETF;证券ETF;有色ETF;创新药ETF;酒ETF
2024-06-27,923254.240968623,0.0,923254.240968623,0.0,False,liquidate,-0.1833717492426483,8,纳指;国债ETF;半导体ETF;军工ETF;证券ETF;有色ETF;创新药ETF;酒ETF,纳指;国债ETF,半导体ETF;军工ETF;证券ETF;有色ETF;创新药ETF;酒ETF
2024-06-28,923327.5151147316,0.0,923327.5151147316,0.0,False,liquidate,-0.18330693747671514,9,纳指;黄金;国债ETF;半导体ETF;军工ETF;有色ETF;证券ETF;创新药ETF;酒ETF,纳指;黄金;国债ETF,半导体ETF;军工ETF;有色ETF;证券ETF;创新药ETF;酒ETF
2024-07-01,923400.7950762487,0.0,923400.7950762487,0.0,False,liquidate,-0.18324212056699105,9,纳指;黄金;国债ETF;半导体ETF;军工ETF;有色ETF;证券ETF;创新药ETF;酒ETF,纳指;黄金;国债ETF,半导体ETF;军工ETF;有色ETF;证券ETF;创新药ETF;酒ETF
2024-07-02,923474.0808536358,0.0,923474.0808536358,0.0,False,liquidate,-0.18317729851306772,9,纳指;黄金;国债ETF;半导体ETF;军工ETF;有色ETF;证券ETF;创新药ETF;酒ETF,纳指;黄金;国债ETF,半导体ETF;军工ETF;有色ETF;证券ETF;创新药ETF;酒ETF
2024-07-03,923547.3724473544,0.0,923547.3724473544,0.0,False,liquidate,-0.18311247131453698,9,纳指;黄金;国债ETF;半导体ETF;军工ETF;有色ETF;证券ETF;创新药ETF;酒ETF,纳指;黄金;国债ETF,半导体ETF;军工ETF;有色ETF;证券ETF;创新药ETF;酒ETF
2024-07-04,923620.6698578661,0.0,923620.6698578661,0.0,False,liquidate,-0.18304763897099044,9,纳指;黄金;国债ETF;半导体ETF;军工ETF;有色ETF;证券ETF;创新药ETF;酒ETF,纳指;黄金;国债ETF,半导体ETF;军工ETF;有色ETF;证券ETF;创新药ETF;酒ETF
2024-07-05,923693.9730856327,0.0,923693.9730856327,0.0,False,liquidate,-0.18298280148201987,9,纳指;黄金;国债ETF;半导体ETF;军工ETF;有色ETF;证券ETF;创新药ETF;酒ETF,纳指;黄金;国债ETF,半导体ETF;军工ETF;有色ETF;证券ETF;创新药ETF;酒ETF
2024-07-08,923767.2821311157,0.0,923767.2821311157,0.0,False,liquidate,-0.18291795884721682,9,纳指;黄金;国债ETF;半导体ETF;有色ETF;军工ETF;证券ETF;创新药ETF;酒ETF,纳指;黄金;国债ETF,半导体ETF;有色ETF;军工ETF;证券ETF;创新药ETF;酒ETF
2024-07-09,923840.5969947769,0.0,923840.5969947769,0.0,False,liquidate,-0.18285311106617297,9,纳指;黄金;国债ETF;半导体ETF;有色ETF;军工ETF;证券ETF;创新药ETF;酒ETF,纳指;黄金;国债ETF,半导体ETF;有色ETF;军工ETF;证券ETF;创新药ETF;酒ETF
2024-07-10,923913.917677078,0.0,923913.917677078,0.0,False,liquidate,-0.1827882581384798,9,纳指;黄金;国债ETF;半导体ETF;有色ETF;军工ETF;证券ETF;创新药ETF;酒ETF,纳指;黄金;国债ETF,半导体ETF;有色ETF;军工ETF;证券ETF;创新药ETF;酒ETF
2024-07-11,923987.244178481,0.0,923987.244178481,0.0,False,liquidate,-0.18272340006372884,8,纳指;国债ETF;半导体ETF;有色ETF;军工ETF;证券ETF;创新药ETF;酒ETF,纳指;国债ETF,半导体ETF;有色ETF;军工ETF;证券ETF;创新药ETF;酒ETF
2024-07-12,924060.5764994477,0.0,924060.5764994477,0.0,False,liquidate,-0.18265853684151157,9,纳指;黄金;国债ETF;半导体ETF;有色ETF;军工ETF;创新药ETF;证券ETF;酒ETF,纳指;黄金;国债ETF,半导体ETF;有色ETF;军工ETF;创新药ETF;证券ETF;酒ETF
2024-07-15,924133.9146404398,0.0,924133.9146404398,0.0,False,liquidate,-0.18259366847141956,8,纳指;国债ETF;半导体ETF;有色ETF;军工ETF;创新药ETF;证券ETF;酒ETF,纳指;国债ETF,半导体ETF;有色ETF;军工ETF;创新药ETF;证券ETF;酒ETF
2024-07-16,924207.2586019193,0.0,924207.2586019193,0.0,False,liquidate,-0.1825287949530442,9,纳指;黄金;国债ETF;半导体ETF;有色ETF;军工ETF;创新药ETF;证券ETF;酒ETF,纳指;黄金;国债ETF,半导体ETF;有色ETF;军工ETF;创新药ETF;证券ETF;酒ETF
2024-07-17,924280.6083843481,0.0,924280.6083843481,0.0,False,liquidate,-0.18246391628597688,9,纳指;黄金;国债ETF;半导体ETF;有色ETF;创新药ETF;军工ETF;酒ETF;证券ETF,纳指;黄金;国债ETF,半导体ETF;有色ETF;创新药ETF;军工ETF;酒ETF;证券ETF
2024-07-18,924353.9639881882,0.0,924353.9639881882,0.0,False,liquidate,-0.18239903246980907,9,纳指;黄金;国债ETF;半导体ETF;有色ETF;军工ETF;创新药ETF;酒ETF;证券ETF,纳指;黄金;国债ETF,半导体ETF;有色ETF;军工ETF;创新药ETF;酒ETF;证券ETF
2024-07-19,924427.3254139016,0.0,924427.3254139016,0.0,False,liquidate,-0.18233414350413202,9,纳指;黄金;国债ETF;半导体ETF;军工ETF;有色ETF;创新药ETF;酒ETF;证券ETF,纳指;黄金;国债ETF,半导体ETF;军工ETF;有色ETF;创新药ETF;酒ETF;证券ETF
2024-07-22,924500.6926619504,0.0,924500.6926619504,0.0,False,liquidate,-0.18226924938853706,9,纳指;黄金;国债ETF;半导体ETF;军工ETF;创新药ETF;证券ETF;有色ETF;酒ETF,纳指;黄金;国债ETF,半导体ETF;军工ETF;创新药ETF;证券ETF;有色ETF;酒ETF
2024-07-23,924574.0657327966,0.0,924574.0657327966,0.0,False,liquidate,-0.18220435012261552,9,纳指;黄金;国债ETF;半导体ETF;军工ETF;证券ETF;创新药ETF;有色ETF;酒ETF,纳指;黄金;国债ETF,半导体ETF;军工ETF;证券ETF;创新药ETF;有色ETF;酒ETF
2024-07-24,924647.4446269023,0.0,924647.4446269023,0.0,False,liquidate,-0.18213944570595855,9,纳指;黄金;国债ETF;半导体ETF;军工ETF;创新药ETF;证券ETF;有色ETF;酒ETF,纳指;黄金;国债ETF,半导体ETF;军工ETF;创新药ETF;证券ETF;有色ETF;酒ETF
2024-07-25,924720.8293447299,0.0,924720.8293447299,0.0,False,liquidate,-0.18207453613815744,9,纳指;黄金;国债ETF;半导体ETF;军工ETF;证券ETF;创新药ETF;酒ETF;有色ETF,纳指;黄金;国债ETF,半导体ETF;军工ETF;证券ETF;创新药ETF;酒ETF;有色ETF
2024-07-26,924794.2198867414,0.0,924794.2198867414,0.0,False,liquidate,-0.18200962141880334,9,纳指;黄金;国债ETF;半导体ETF;军工ETF;证券ETF;创新药ETF;酒ETF;有色ETF,纳指;黄金;国债ETF,半导体ETF;军工ETF;证券ETF;创新药ETF;酒ETF;有色ETF
2024-07-29,924867.616253399,0.0,924867.616253399,0.0,False,liquidate,-0.18194470154748735,9,纳指;黄金;国债ETF;军工ETF;半导体ETF;证券ETF;创新药ETF;有色ETF;酒ETF,纳指;黄金;国债ETF,军工ETF;半导体ETF;证券ETF;创新药ETF;有色ETF;酒ETF
2024-07-30,924941.0184451652,0.0,924941.0184451652,0.0,False,liquidate,-0.1818797765238006,9,纳指;黄金;国债ETF;军工ETF;半导体ETF;证券ETF;创新药ETF;有色ETF;酒ETF,纳指;黄金;国债ETF,军工ETF;半导体ETF;证券ETF;创新药ETF;有色ETF;酒ETF
2024-07-31,925014.4264625022,0.0,925014.4264625022,0.0,False,liquidate,-0.1818148463473342,9,纳指;黄金;国债ETF;半导体ETF;军工ETF;证券ETF;创新药ETF;有色ETF;酒ETF,纳指;黄金;国债ETF,半导体ETF;军工ETF;证券ETF;创新药ETF;有色ETF;酒ETF
2024-08-01,925087.8403058723,0.0,925087.8403058723,0.0,False,liquidate,-0.1817499110176792,9,纳指;黄金;国债ETF;半导体ETF;军工ETF;证券ETF;创新药ETF;有色ETF;酒ETF,纳指;黄金;国债ETF,半导体ETF;军工ETF;证券ETF;创新药ETF;有色ETF;酒ETF
2024-08-02,925161.2599757379,0.0,925161.2599757379,0.0,False,liquidate,-0.1816849705344266,9,纳指;黄金;国债ETF;半导体ETF;军工ETF;证券ETF;创新药ETF;酒ETF;有色ETF,纳指;黄金;国债ETF,半导体ETF;军工ETF;证券ETF;创新药ETF;酒ETF;有色ETF
2024-08-05,925234.6854725614,0.0,925234.6854725614,0.0,False,liquidate,-0.1816200248971674,8,黄金;国债ETF;军工ETF;证券ETF;创新药ETF;半导体ETF;酒ETF;有色ETF,黄金;国债ETF,军工ETF;证券ETF;创新药ETF;半导体ETF;酒ETF;有色ETF
2024-08-06,925308.1167968053,0.0,925308.1167968053,0.0,False,liquidate,-0.18155507410549251,8,黄金;国债ETF;军工ETF;创新药ETF;证券ETF;半导体ETF;酒ETF;有色ETF,黄金;国债ETF,军工ETF;创新药ETF;证券ETF;半导体ETF;酒ETF;有色ETF
2024-08-07,925381.5539489321,0.0,925381.5539489321,0.0,False,liquidate,-0.18149011815899288,8,黄金;国债ETF;军工ETF;证券ETF;半导体ETF;创新药ETF;酒ETF;有色ETF,黄金;国债ETF,军工ETF;证券ETF;半导体ETF;创新药ETF;酒ETF;有色ETF
2024-08-08,925454.9969294043,0.0,925454.9969294043,0.0,False,liquidate,-0.1814251570572594,8,黄金;国债ETF;证券ETF;军工ETF;半导体ETF;创新药ETF;酒ETF;有色ETF,黄金;国债ETF,证券ETF;军工ETF;半导体ETF;创新药ETF;酒ETF;有色ETF
2024-08-09,925528.4457386845,0.0,925528.4457386845,0.0,False,liquidate,-0.18136019079988291,8,黄金;国债ETF;证券ETF;军工ETF;半导体ETF;创新药ETF;酒ETF;有色ETF,黄金;国债ETF,证券ETF;军工ETF;半导体ETF;创新药ETF;酒ETF;有色ETF
2024-08-12,925601.9003772353,0.0,925601.9003772353,0.0,False,liquidate,-0.1812952193864543,8,黄金;国债ETF;证券ETF;创新药ETF;军工ETF;半导体ETF;酒ETF;有色ETF,黄金;国债ETF,证券ETF;创新药ETF;军工ETF;半导体ETF;酒ETF;有色ETF
2024-08-13,925675.3608455192,0.0,925675.3608455192,0.0,False,liquidate,-0.18123024281656425,8,黄金;国债ETF;证券ETF;军工ETF;创新药ETF;半导体ETF;酒ETF;有色ETF,黄金;国债ETF,证券ETF;军工ETF;创新药ETF;半导体ETF;酒ETF;有色ETF
2024-08-14,925748.827143999,0.0,925748.827143999,0.0,False,liquidate,-0.18116526108980366,8,黄金;国债ETF;证券ETF;军工ETF;创新药ETF;半导体ETF;酒ETF;有色ETF,黄金;国债ETF,证券ETF;军工ETF;创新药ETF;半导体ETF;酒ETF;有色ETF
2024-08-15,925822.2992731375,0.0,925822.2992731375,0.0,False,liquidate,-0.18110027420576316,8,黄金;国债ETF;证券ETF;军工ETF;创新药ETF;半导体ETF;有色ETF;酒ETF,黄金;国债ETF,证券ETF;军工ETF;创新药ETF;半导体ETF;有色ETF;酒ETF
2024-08-16,925895.7772333972,0.0,925895.7772333972,0.0,False,liquidate,-0.18103528216403345,9,纳指;黄金;国债ETF;证券ETF;创新药ETF;军工ETF;半导体ETF;有色ETF;酒ETF,纳指;黄金;国债ETF,证券ETF;创新药ETF;军工ETF;半导体ETF;有色ETF;酒ETF
2024-08-19,925969.2610252412,0.0,925969.2610252412,0.0,False,liquidate,-0.18097028496420514,9,纳指;黄金;国债ETF;证券ETF;创新药ETF;军工ETF;半导体ETF;有色ETF;酒ETF,纳指;黄金;国债ETF,证券ETF;创新药ETF;军工ETF;半导体ETF;有色ETF;酒ETF
2024-08-20,926042.7506491322,0.0,926042.7506491322,0.0,False,liquidate,-0.1809052826058689,9,纳指;黄金;国债ETF;证券ETF;创新药ETF;军工ETF;半导体ETF;有色ETF;酒ETF,纳指;黄金;国债ETF,证券ETF;创新药ETF;军工ETF;半导体ETF;有色ETF;酒ETF
2024-08-21,926116.246105533,0.0,926116.246105533,0.0,False,liquidate,-0.18084027508861536,9,纳指;黄金;国债ETF;证券ETF;创新药ETF;有色ETF;军工ETF;半导体ETF;酒ETF,纳指;黄金;国债ETF,证券ETF;创新药ETF;有色ETF;军工ETF;半导体ETF;酒ETF
2024-08-22,926189.7473949065,0.0,926189.7473949065,0.0,False,liquidate,-0.18077526241203504,8,黄金;国债ETF;证券ETF;创新药ETF;有色ETF;半导体ETF;军工ETF;酒ETF,黄金;国债ETF,证券ETF;创新药ETF;有色ETF;半导体ETF;军工ETF;酒ETF
2024-08-23,926263.2545177157,0.0,926263.2545177157,0.0,False,liquidate,-0.1807102445757185,8,黄金;国债ETF;证券ETF;创新药ETF;有色ETF;半导体ETF;军工ETF;酒ETF,黄金;国债ETF,证券ETF;创新药ETF;有色ETF;半导体ETF;军工ETF;酒ETF
2024-08-26,926336.7674744234,0.0,926336.7674744234,0.0,False,liquidate,-0.18064522157925625,8,黄金;国债ETF;证券ETF;创新药ETF;有色ETF;半导体ETF;军工ETF;酒ETF,黄金;国债ETF,证券ETF;创新药ETF;有色ETF;半导体ETF;军工ETF;酒ETF
2024-08-27,926410.2862654928,0.0,926410.2862654928,0.0,False,liquidate,-0.18058019342223874,8,黄金;国债ETF;证券ETF;创新药ETF;有色ETF;半导体ETF;军工ETF;酒ETF,黄金;国债ETF,证券ETF;创新药ETF;有色ETF;半导体ETF;军工ETF;酒ETF
2024-08-28,926483.8108913869,0.0,926483.8108913869,0.0,False,liquidate,-0.18051516010425633,8,黄金;国债ETF;证券ETF;创新药ETF;有色ETF;军工ETF;半导体ETF;酒ETF,黄金;国债ETF,证券ETF;创新药ETF;有色ETF;军工ETF;半导体ETF;酒ETF
2024-08-29,926557.3413525688,0.0,926557.3413525688,0.0,False,liquidate,-0.18045012162489948,8,黄金;国债ETF;证券ETF;创新药ETF;有色ETF;军工ETF;半导体ETF;酒ETF,黄金;国债ETF,证券ETF;创新药ETF;有色ETF;军工ETF;半导体ETF;酒ETF
2024-08-30,926630.8776495017,0.0,926630.8776495017,0.0,False,liquidate,-0.18038507798375852,8,黄金;国债ETF;证券ETF;半导体ETF;有色ETF;创新药ETF;军工ETF;酒ETF,黄金;国债ETF,证券ETF;半导体ETF;有色ETF;创新药ETF;军工ETF;酒ETF
2024-09-02,926704.4197826484,0.0,926704.4197826484,0.0,False,liquidate,-0.18032002918042392,8,黄金;国债ETF;证券ETF;有色ETF;创新药ETF;半导体ETF;军工ETF;酒ETF,黄金;国债ETF,证券ETF;有色ETF;创新药ETF;半导体ETF;军工ETF;酒ETF
2024-09-03,926777.9677524725,0.0,926777.9677524725,0.0,False,liquidate,-0.18025497521448583,8,黄金;国债ETF;证券ETF;有色ETF;创新药ETF;半导体ETF;军工ETF;酒ETF,黄金;国债ETF,证券ETF;有色ETF;创新药ETF;半导体ETF;军工ETF;酒ETF
2024-09-04,926851.521559437,0.0,926851.521559437,0.0,False,liquidate,-0.18018991608553453,8,黄金;国债ETF;证券ETF;创新药ETF;有色ETF;半导体ETF;军工ETF;酒ETF,黄金;国债ETF,证券ETF;创新药ETF;有色ETF;半导体ETF;军工ETF;酒ETF
2024-09-05,926925.0812040053,0.0,926925.0812040053,0.0,False,liquidate,-0.18012485179316035,8,黄金;国债ETF;证券ETF;创新药ETF;军工ETF;有色ETF;半导体ETF;酒ETF,黄金;国债ETF,证券ETF;创新药ETF;军工ETF;有色ETF;半导体ETF;酒ETF
2024-09-06,926998.6466866406,0.0,926998.6466866406,0.0,False,liquidate,-0.1800597823369534,8,黄金;国债ETF;证券ETF;创新药ETF;军工ETF;有色ETF;半导体ETF;酒ETF,黄金;国债ETF,证券ETF;创新药ETF;军工ETF;有色ETF;半导体ETF;酒ETF
2024-09-09,927072.2180078062,463536.109003903,463536.1090039032,0.5,False,halve,-0.17999470771650392,7,国债ETF;证券ETF;创新药ETF;军工ETF;有色ETF;半导体ETF;酒ETF,国债ETF,证券ETF;创新药ETF;军工ETF;有色ETF;半导体ETF;酒ETF
2024-09-10,927448.7767827013,463724.3883913506,463724.3883913506,0.5,False,halve,-0.1796616374526433,7,国债ETF;证券ETF;创新药ETF;军工ETF;半导体ETF;有色ETF;酒ETF,国债ETF,证券ETF;创新药ETF;军工ETF;半导体ETF;有色ETF;酒ETF
2024-09-11,928552.8811073055,512914.6292554891,415638.2518518164,0.5,False,halve,-0.17868504536863697,7,国债ETF;证券ETF;创新药ETF;军工ETF;有色ETF;半导体ETF;酒ETF,国债ETF,证券ETF;创新药ETF;军工ETF;有色ETF;半导体ETF;酒ETF
2024-09-12,924389.197242178,0.0,924389.197242178,0.0,False,liquidate,-0.18236786827981952,8,黄金;国债ETF;证券ETF;创新药ETF;军工ETF;有色ETF;半导体ETF;酒ETF,黄金;国债ETF,证券ETF;创新药ETF;军工ETF;有色ETF;半导体ETF;酒ETF
2024-09-13,924462.5614641814,0.0,924462.5614641814,0.0,False,liquidate,-0.18230297684079408,8,黄金;国债ETF;证券ETF;创新药ETF;军工ETF;有色ETF;半导体ETF;酒ETF,黄金;国债ETF,证券ETF;创新药ETF;军工ETF;有色ETF;半导体ETF;酒ETF
2024-09-18,924535.931508742,0.0,924535.931508742,0.0,False,liquidate,-0.18223808025165447,8,黄金;国债ETF;证券ETF;创新药ETF;军工ETF;有色ETF;半导体ETF;酒ETF,黄金;国债ETF,证券ETF;创新药ETF;军工ETF;有色ETF;半导体ETF;酒ETF
2024-09-19,924609.3073763221,0.0,924609.3073763221,0.0,False,liquidate,-0.18217317851199188,8,黄金;国债ETF;证券ETF;创新药ETF;军工ETF;有色ETF;半导体ETF;酒ETF,黄金;国债ETF,证券ETF;创新药ETF;军工ETF;有色ETF;半导体ETF;酒ETF
2024-09-20,924682.6890673838,0.0,924682.6890673838,0.0,False,liquidate,-0.18210827162139756,9,纳指;黄金;国债ETF;证券ETF;创新药ETF;有色ETF;军工ETF;半导体ETF;酒ETF,纳指;黄金;国债ETF,证券ETF;创新药ETF;有色ETF;军工ETF;半导体ETF;酒ETF
2024-09-23,924756.0765823892,0.0,924756.0765823892,0.0,False,liquidate,-0.1820433595794627,9,纳指;黄金;国债ETF;证券ETF;创新药ETF;有色ETF;军工ETF;半导体ETF;酒ETF,纳指;黄金;国债ETF,证券ETF;创新药ETF;有色ETF;军工ETF;半导体ETF;酒ETF
2024-09-24,924829.4699218005,0.0,924829.4699218005,0.0,False,liquidate,-0.18197844238577845,9,纳指;黄金;国债ETF;证券ETF;创新药ETF;有色ETF;军工ETF;酒ETF;半导体ETF,纳指;黄金;国债ETF,证券ETF;创新药ETF;有色ETF;军工ETF;酒ETF;半导体ETF
2024-09-25,924902.8690860801,0.0,924902.8690860801,0.0,False,liquidate,-0.18191352003993602,11,沪深300;创业板;纳指;黄金;国债ETF;证券ETF;创新药ETF;军工ETF;有色ETF;半导体ETF;酒ETF,沪深300;创业板;纳指;黄金;国债ETF,证券ETF;创新药ETF;军工ETF;有色ETF;半导体ETF;酒ETF
2024-09-26,924976.2740756902,0.0,924976.2740756902,0.0,False,liquidate,-0.1818485925415264,11,沪深300;创业板;纳指;黄金;国债ETF;证券ETF;酒ETF;创新药ETF;有色ETF;军工ETF;半导体ETF,沪深300;创业板;纳指;黄金;国债ETF,证券ETF;酒ETF;创新药ETF;有色ETF;军工ETF;半导体ETF
2024-09-27,925049.684891093,0.0,925049.684891093,0.0,False,liquidate,-0.1817836598901408,10,沪深300;创业板;黄金;国债ETF;证券ETF;酒ETF;创新药ETF;军工ETF;有色ETF;半导体ETF,沪深300;创业板;黄金;国债ETF,证券ETF;酒ETF;创新药ETF;军工ETF;有色ETF;半导体ETF
2024-09-30,925123.1015327511,0.0,925123.1015327511,0.0,False,liquidate,-0.18171872208537015,10,沪深300;创业板;纳指;黄金;证券ETF;酒ETF;创新药ETF;军工ETF;有色ETF;半导体ETF,沪深300;创业板;纳指;黄金,证券ETF;酒ETF;创新药ETF;军工ETF;有色ETF;半导体ETF
2024-10-08,925196.5240011268,0.0,925196.5240011268,0.0,False,liquidate,-0.18165377912680547,10,沪深300;创业板;纳指;黄金;证券ETF;创新药ETF;酒ETF;军工ETF;半导体ETF;有色ETF,沪深300;创业板;纳指;黄金,证券ETF;创新药ETF;酒ETF;军工ETF;半导体ETF;有色ETF
2024-10-09,925269.9522966824,0.0,925269.9522966824,0.0,False,liquidate,-0.18158883101403775,11,沪深300;创业板;纳指;黄金;国债ETF;证券ETF;半导体ETF;创新药ETF;军工ETF;酒ETF;有色ETF,沪深300;创业板;纳指;黄金;国债ETF,证券ETF;半导体ETF;创新药ETF;军工ETF;酒ETF;有色ETF
2024-10-10,925343.3864198806,0.0,925343.3864198806,0.0,False,liquidate,-0.1815238777466579,11,沪深300;创业板;纳指;黄金;国债ETF;证券ETF;半导体ETF;创新药ETF;军工ETF;酒ETF;有色ETF,沪深300;创业板;纳指;黄金;国债ETF,证券ETF;半导体ETF;创新药ETF;军工ETF;酒ETF;有色ETF
2024-10-11,925416.8263711837,0.0,925416.8263711837,0.0,False,liquidate,-0.18145891932425684,11,沪深300;创业板;纳指;黄金;国债ETF;证券ETF;半导体ETF;创新药ETF;军工ETF;酒ETF;有色ETF,沪深300;创业板;纳指;黄金;国债ETF,证券ETF;半导体ETF;创新药ETF;军工ETF;酒ETF;有色ETF
2024-10-14,925490.2721510545,0.0,925490.2721510545,0.0,False,liquidate,-0.18139395574642542,11,沪深300;创业板;纳指;黄金;国债ETF;证券ETF;半导体ETF;军工ETF;创新药ETF;酒ETF;有色ETF,沪深300;创业板;纳指;黄金;国债ETF,证券ETF;半导体ETF;军工ETF;创新药ETF;酒ETF;有色ETF
2024-10-15,925563.7237599554,0.0,925563.7237599554,0.0,False,liquidate,-0.1813289870127545,11,沪深300;创业板;纳指;黄金;国债ETF;证券ETF;半导体ETF;军工ETF;创新药ETF;酒ETF;有色ETF,沪深300;创业板;纳指;黄金;国债ETF,证券ETF;半导体ETF;军工ETF;创新药ETF;酒ETF;有色ETF
2024-10-16,925637.1811983491,0.0,925637.1811983491,0.0,False,liquidate,-0.18126401312283477,11,沪深300;创业板;纳指;黄金;国债ETF;证券ETF;半导体ETF;军工ETF;创新药ETF;酒ETF;有色ETF,沪深300;创业板;纳指;黄金;国债ETF,证券ETF;半导体ETF;军工ETF;创新药ETF;酒ETF;有色ETF
2024-10-17,925710.6444666982,0.0,925710.6444666982,0.0,False,liquidate,-0.18119903407625723,11,沪深300;创业板;纳指;黄金;国债ETF;证券ETF;半导体ETF;军工ETF;创新药ETF;酒ETF;有色ETF,沪深300;创业板;纳指;黄金;国债ETF,证券ETF;半导体ETF;军工ETF;创新药ETF;酒ETF;有色ETF
2024-10-18,925784.1135654654,0.0,925784.1135654654,0.0,False,liquidate,-0.18113404987261245,11,沪深300;创业板;纳指;黄金;国债ETF;证券ETF;半导体ETF;军工ETF;创新药ETF;酒ETF;有色ETF,沪深300;创业板;纳指;黄金;国债ETF,证券ETF;半导体ETF;军工ETF;创新药ETF;酒ETF;有色ETF
2024-10-21,925857.5884951135,0.0,925857.5884951135,0.0,False,liquidate,-0.1810690605114912,10,沪深300;创业板;黄金;国债ETF;半导体ETF;证券ETF;军工ETF;创新药ETF;有色ETF;酒ETF,沪深300;创业板;黄金;国债ETF,半导体ETF;证券ETF;军工ETF;创新药ETF;有色ETF;酒ETF
2024-10-22,925931.0692561052,0.0,925931.0692561052,0.0,False,liquidate,-0.18100406599248414,11,沪深300;创业板;纳指;黄金;国债ETF;半导体ETF;证券ETF;军工ETF;创新药ETF;酒ETF;有色ETF,沪深300;创业板;纳指;黄金;国债ETF,半导体ETF;证券ETF;军工ETF;创新药ETF;酒ETF;有色ETF
2024-10-23,926004.5558489034,0.0,926004.5558489034,0.0,False,liquidate,-0.18093906631518192,10,沪深300;创业板;黄金;国债ETF;半导体ETF;证券ETF;军工ETF;创新药ETF;酒ETF;有色ETF,沪深300;创业板;黄金;国债ETF,半导体ETF;证券ETF;军工ETF;创新药ETF;酒ETF;有色ETF
2024-10-24,926078.0482739708,0.0,926078.0482739708,0.0,False,liquidate,-0.1808740614791751,10,沪深300;创业板;黄金;国债ETF;半导体ETF;证券ETF;军工ETF;创新药ETF;酒ETF;有色ETF,沪深300;创业板;黄金;国债ETF,半导体ETF;证券ETF;军工ETF;创新药ETF;酒ETF;有色ETF
2024-10-25,926151.5465317704,0.0,926151.5465317704,0.0,False,liquidate,-0.18080905148405438,10,沪深300;创业板;黄金;国债ETF;半导体ETF;证券ETF;军工ETF;创新药ETF;酒ETF;有色ETF,沪深300;创业板;黄金;国债ETF,半导体ETF;证券ETF;军工ETF;创新药ETF;酒ETF;有色ETF
2024-10-28,926225.050622765,0.0,926225.050622765,0.0,False,liquidate,-0.18074403632941025,11,沪深300;创业板;纳指;黄金;国债ETF;半导体ETF;证券ETF;军工ETF;创新药ETF;酒ETF;有色ETF,沪深300;创业板;纳指;黄金;国债ETF,半导体ETF;证券ETF;军工ETF;创新药ETF;酒ETF;有色ETF
2024-10-29,926298.5605474176,0.0,926298.5605474176,0.0,False,liquidate,-0.1806790160148332,11,沪深300;创业板;纳指;黄金;国债ETF;半导体ETF;证券ETF;军工ETF;创新药ETF;酒ETF;有色ETF,沪深300;创业板;纳指;黄金;国债ETF,半导体ETF;证券ETF;军工ETF;创新药ETF;酒ETF;有色ETF
2024-10-30,926372.0763061913,0.0,926372.0763061913,0.0,False,liquidate,-0.18061399053991367,11,沪深300;创业板;纳指;黄金;国债ETF;半导体ETF;证券ETF;军工ETF;创新药ETF;有色ETF;酒ETF,沪深300;创业板;纳指;黄金;国债ETF,半导体ETF;证券ETF;军工ETF;创新药ETF;有色ETF;酒ETF
2024-10-31,926445.597899549,0.0,926445.597899549,0.0,False,liquidate,-0.18054895990424222,11,沪深300;创业板;纳指;黄金;国债ETF;半导体ETF;证券ETF;军工ETF;创新药ETF;有色ETF;酒ETF,沪深300;创业板;纳指;黄金;国债ETF,半导体ETF;证券ETF;军工ETF;创新药ETF;有色ETF;酒ETF
2024-11-01,926519.1253279537,0.0,926519.1253279537,0.0,False,liquidate,-0.18048392410740918,11,沪深300;创业板;纳指;黄金;国债ETF;半导体ETF;证券ETF;军工ETF;有色ETF;创新药ETF;酒ETF,沪深300;创业板;纳指;黄金;国债ETF,半导体ETF;证券ETF;军工ETF;有色ETF;创新药ETF;酒ETF
2024-11-04,926592.6585918687,0.0,926592.6585918687,0.0,False,liquidate,-0.18041888314900495,11,沪深300;创业板;纳指;黄金;国债ETF;半导体ETF;证券ETF;军工ETF;有色ETF;创新药ETF;酒ETF,沪深300;创业板;纳指;黄金;国债ETF,半导体ETF;证券ETF;军工ETF;有色ETF;创新药ETF;酒ETF
2024-11-05,926666.197691757,0.0,926666.197691757,0.0,False,liquidate,-0.1803538370286199,11,沪深300;创业板;纳指;黄金;国债ETF;证券ETF;军工ETF;半导体ETF;有色ETF;酒ETF;创新药ETF,沪深300;创业板;纳指;黄金;国债ETF,证券ETF;军工ETF;半导体ETF;有色ETF;酒ETF;创新药ETF
2024-11-06,926739.7426280818,0.0,926739.7426280818,0.0,False,liquidate,-0.1802887857458443,11,沪深300;创业板;纳指;黄金;国债ETF;证券ETF;半导体ETF;军工ETF;有色ETF;酒ETF;创新药ETF,沪深300;创业板;纳指;黄金;国债ETF,证券ETF;半导体ETF;军工ETF;有色ETF;酒ETF;创新药ETF
2024-11-07,926813.2934013063,0.0,926813.2934013063,0.0,False,liquidate,-0.18022372930026861,11,沪深300;创业板;纳指;黄金;国债ETF;证券ETF;半导体ETF;军工ETF;酒ETF;有色ETF;创新药ETF,沪深300;创业板;纳指;黄金;国债ETF,证券ETF;半导体ETF;军工ETF;酒ETF;有色ETF;创新药ETF
2024-11-08,926886.8500118937,0.0,926886.8500118937,0.0,False,liquidate,-0.18015866769148292,11,沪深300;创业板;纳指;黄金;国债ETF;证券ETF;半导体ETF;军工ETF;有色ETF;酒ETF;创新药ETF,沪深300;创业板;纳指;黄金;国债ETF,证券ETF;半导体ETF;军工ETF;有色ETF;酒ETF;创新药ETF
2024-11-11,926960.4124603074,0.0,926960.4124603074,0.0,False,liquidate,-0.18009360091907742,11,沪深300;创业板;纳指;黄金;国债ETF;半导体ETF;证券ETF;军工ETF;有色ETF;酒ETF;创新药ETF,沪深300;创业板;纳指;黄金;国债ETF,半导体ETF;证券ETF;军工ETF;有色ETF;酒ETF;创新药ETF
2024-11-12,927033.9807470106,0.0,927033.9807470106,0.0,False,liquidate,-0.18002852898264243,11,沪深300;创业板;纳指;黄金;国债ETF;半导体ETF;证券ETF;军工ETF;创新药ETF;酒ETF;有色ETF,沪深300;创业板;纳指;黄金;国债ETF,半导体ETF;证券ETF;军工ETF;创新药ETF;酒ETF;有色ETF
2024-11-13,927107.5548724667,244547.5192993535,682560.0355731132,0.5,False,halve,-0.179963451881768,11,沪深300;创业板;纳指;黄金;国债ETF;半导体ETF;证券ETF;军工ETF;酒ETF;创新药ETF;有色ETF,沪深300;创业板;纳指;黄金;国债ETF,半导体ETF;证券ETF;军工ETF;酒ETF;创新药ETF;有色ETF
2024-11-14,919995.9528039674,0.0,919995.9528039674,0.0,False,liquidate,-0.18625373997314795,11,沪深300;创业板;纳指;黄金;国债ETF;证券ETF;半导体ETF;军工ETF;酒ETF;有色ETF;创新药ETF,沪深300;创业板;纳指;黄金;国债ETF,证券ETF;半导体ETF;军工ETF;酒ETF;有色ETF;创新药ETF
2024-11-15,920068.9683557773,0.0,920068.9683557773,0.0,False,liquidate,-0.1861891569366378,11,沪深300;创业板;纳指;黄金;国债ETF;证券ETF;半导体ETF;酒ETF;军工ETF;创新药ETF;有色ETF,沪深300;创业板;纳指;黄金;国债ETF,证券ETF;半导体ETF;酒ETF;军工ETF;创新药ETF;有色ETF
2024-11-18,920141.9897024722,0.0,920141.9897024722,0.0,False,liquidate,-0.1861245687744899,11,沪深300;创业板;纳指;黄金;国债ETF;证券ETF;半导体ETF;酒ETF;军工ETF;创新药ETF;有色ETF,沪深300;创业板;纳指;黄金;国债ETF,证券ETF;半导体ETF;酒ETF;军工ETF;创新药ETF;有色ETF
2024-11-19,920215.0168445122,0.0,920215.0168445122,0.0,False,liquidate,-0.18605997548629732,11,沪深300;创业板;纳指;黄金;国债ETF;证券ETF;半导体ETF;军工ETF;酒ETF;有色ETF;创新药ETF,沪深300;创业板;纳指;黄金;国债ETF,证券ETF;半导体ETF;军工ETF;酒ETF;有色ETF;创新药ETF
2024-11-20,920288.0497823571,0.0,920288.0497823571,0.0,False,liquidate,-0.18599537707165334,11,沪深300;创业板;纳指;黄金;国债ETF;证券ETF;半导体ETF;军工ETF;酒ETF;创新药ETF;有色ETF,沪深300;创业板;纳指;黄金;国债ETF,证券ETF;半导体ETF;军工ETF;酒ETF;创新药ETF;有色ETF
2024-11-21,920361.0885164668,0.0,920361.0885164668,0.0,False,liquidate,-0.18593077353015108,11,沪深300;创业板;纳指;黄金;国债ETF;证券ETF;半导体ETF;军工ETF;酒ETF;创新药ETF;有色ETF,沪深300;创业板;纳指;黄金;国债ETF,证券ETF;半导体ETF;军工ETF;酒ETF;创新药ETF;有色ETF
2024-11-22,920434.1330473014,0.0,920434.1330473014,0.0,False,liquidate,-0.1858661648613836,11,沪深300;创业板;纳指;黄金;国债ETF;证券ETF;半导体ETF;军工ETF;有色ETF;酒ETF;创新药ETF,沪深300;创业板;纳指;黄金;国债ETF,证券ETF;半导体ETF;军工ETF;有色ETF;酒ETF;创新药ETF
2024-11-25,920507.1833753211,0.0,920507.1833753211,0.0,False,liquidate,-0.185801551064944,11,沪深300;创业板;纳指;黄金;国债ETF;证券ETF;半导体ETF;酒ETF;有色ETF;军工ETF;创新药ETF,沪深300;创业板;纳指;黄金;国债ETF,证券ETF;半导体ETF;酒ETF;有色ETF;军工ETF;创新药ETF
2024-11-26,920580.2395009858,0.0,920580.2395009858,0.0,False,liquidate,-0.18573693214042533,11,沪深300;创业板;纳指;黄金;国债ETF;证券ETF;半导体ETF;酒ETF;创新药ETF;有色ETF;军工ETF,沪深300;创业板;纳指;黄金;国债ETF,证券ETF;半导体ETF;酒ETF;创新药ETF;有色ETF;军工ETF
2024-11-27,920653.3014247558,0.0,920653.3014247558,0.0,False,liquidate,-0.18567230808742055,11,沪深300;创业板;纳指;黄金;国债ETF;证券ETF;半导体ETF;酒ETF;创新药ETF;军工ETF;有色ETF,沪深300;创业板;纳指;黄金;国债ETF,证券ETF;半导体ETF;酒ETF;创新药ETF;军工ETF;有色ETF
2024-11-28,920726.3691470912,0.0,920726.3691470912,0.0,False,liquidate,-0.18560767890552268,11,沪深300;创业板;纳指;黄金;国债ETF;半导体ETF;证券ETF;军工ETF;酒ETF;创新药ETF;有色ETF,沪深300;创业板;纳指;黄金;国债ETF,半导体ETF;证券ETF;军工ETF;酒ETF;创新药ETF;有色ETF
2024-11-29,920799.442668452,0.0,920799.442668452,0.0,False,liquidate,-0.18554304459432472,9,纳指;黄金;国债ETF;半导体ETF;证券ETF;创新药ETF;酒ETF;军工ETF;有色ETF,纳指;黄金;国债ETF,半导体ETF;证券ETF;创新药ETF;酒ETF;军工ETF;有色ETF
2024-12-02,920872.5219892988,0.0,920872.5219892988,0.0,False,liquidate,-0.18547840515341948,9,纳指;黄金;国债ETF;半导体ETF;证券ETF;创新药ETF;酒ETF;军工ETF;有色ETF,纳指;黄金;国债ETF,半导体ETF;证券ETF;创新药ETF;酒ETF;军工ETF;有色ETF
2024-12-03,920945.6071100916,0.0,920945.6071100916,0.0,False,liquidate,-0.1854137605823999,10,沪深300;纳指;黄金;国债ETF;半导体ETF;证券ETF;创新药ETF;酒ETF;军工ETF;有色ETF,沪深300;纳指;黄金;国债ETF,半导体ETF;证券ETF;创新药ETF;酒ETF;军工ETF;有色ETF
2024-12-04,921018.6980312909,0.0,921018.6980312909,0.0,False,liquidate,-0.18534911088085873,9,纳指;黄金;国债ETF;半导体ETF;创新药ETF;证券ETF;军工ETF;有色ETF;酒ETF,纳指;黄金;国债ETF,半导体ETF;创新药ETF;证券ETF;军工ETF;有色ETF;酒ETF
2024-12-05,921091.794753357,0.0,921091.794753357,0.0,False,liquidate,-0.1852844560483889,11,沪深300;创业板;纳指;黄金;国债ETF;半导体ETF;证券ETF;创新药ETF;有色ETF;酒ETF;军工ETF,沪深300;创业板;纳指;黄金;国债ETF,半导体ETF;证券ETF;创新药ETF;有色ETF;酒ETF;军工ETF
2024-12-06,921164.8972767501,0.0,921164.8972767501,0.0,False,liquidate,-0.18521979608458322,11,沪深300;创业板;纳指;黄金;国债ETF;证券ETF;创新药ETF;半导体ETF;酒ETF;有色ETF;军工ETF,沪深300;创业板;纳指;黄金;国债ETF,证券ETF;创新药ETF;半导体ETF;酒ETF;有色ETF;军工ETF
2024-12-09,921238.0056019308,0.0,921238.0056019308,0.0,False,liquidate,-0.18515513098903436,11,沪深300;创业板;纳指;黄金;国债ETF;证券ETF;创新药ETF;半导体ETF;有色ETF;酒ETF;军工ETF,沪深300;创业板;纳指;黄金;国债ETF,证券ETF;创新药ETF;半导体ETF;有色ETF;酒ETF;军工ETF
2024-12-10,921311.1197293595,0.0,921311.1197293595,0.0,False,liquidate,-0.18509046076133506,11,沪深300;创业板;纳指;黄金;国债ETF;证券ETF;创新药ETF;半导体ETF;酒ETF;有色ETF;军工ETF,沪深300;创业板;纳指;黄金;国债ETF,证券ETF;创新药ETF;半导体ETF;酒ETF;有色ETF;军工ETF
2024-12-11,921384.2396594968,0.0,921384.2396594968,0.0,False,liquidate,-0.18502578540107797,11,沪深300;创业板;纳指;黄金;国债ETF;证券ETF;创新药ETF;半导体ETF;有色ETF;酒ETF;军工ETF,沪深300;创业板;纳指;黄金;国债ETF,证券ETF;创新药ETF;半导体ETF;有色ETF;酒ETF;军工ETF
2024-12-12,921457.3653928032,0.0,921457.3653928032,0.0,False,liquidate,-0.18496110490785575,11,沪深300;创业板;纳指;黄金;国债ETF;证券ETF;创新药ETF;半导体ETF;酒ETF;军工ETF;有色ETF,沪深300;创业板;纳指;黄金;国债ETF,证券ETF;创新药ETF;半导体ETF;酒ETF;军工ETF;有色ETF
2024-12-13,921530.4969297391,0.0,921530.4969297391,0.0,False,liquidate,-0.18489641928126116,10,沪深300;创业板;纳指;国债ETF;半导体ETF;证券ETF;创新药ETF;军工ETF;酒ETF;有色ETF,沪深300;创业板;纳指;国债ETF,半导体ETF;证券ETF;创新药ETF;军工ETF;酒ETF;有色ETF
2024-12-16,921603.6342707654,0.0,921603.6342707654,0.0,False,liquidate,-0.1848317285208866,8,纳指;国债ETF;证券ETF;创新药ETF;半导体ETF;酒ETF;军工ETF;有色ETF,纳指;国债ETF,证券ETF;创新药ETF;半导体ETF;酒ETF;军工ETF;有色ETF
2024-12-17,921676.7774163424,0.0,921676.7774163424,0.0,False,liquidate,-0.18476703262632477,8,纳指;国债ETF;证券ETF;酒ETF;半导体ETF;创新药ETF;军工ETF;有色ETF,纳指;国债ETF,证券ETF;酒ETF;半导体ETF;创新药ETF;军工ETF;有色ETF
2024-12-18,921749.9263669311,0.0,921749.9263669311,0.0,False,liquidate,-0.1847023315971681,10,沪深300;创业板;纳指;国债ETF;半导体ETF;证券ETF;酒ETF;创新药ETF;军工ETF;有色ETF,沪深300;创业板;纳指;国债ETF,半导体ETF;证券ETF;酒ETF;创新药ETF;军工ETF;有色ETF
2024-12-19,921823.081122992,0.0,921823.081122992,0.0,False,liquidate,-0.18463762543300907,8,纳指;国债ETF;半导体ETF;证券ETF;酒ETF;军工ETF;创新药ETF;有色ETF,纳指;国债ETF,半导体ETF;证券ETF;酒ETF;军工ETF;创新药ETF;有色ETF
2024-12-20,921896.2416849859,0.0,921896.2416849859,0.0,False,liquidate,-0.1845729141334402,8,纳指;国债ETF;半导体ETF;证券ETF;军工ETF;酒ETF;创新药ETF;有色ETF,纳指;国债ETF,半导体ETF;证券ETF;军工ETF;酒ETF;创新药ETF;有色ETF
2024-12-23,921969.4080533737,0.0,921969.4080533737,0.0,False,liquidate,-0.18450819769805393,10,沪深300;创业板;纳指;国债ETF;半导体ETF;证券ETF;军工ETF;创新药ETF;酒ETF;有色ETF,沪深300;创业板;纳指;国债ETF,半导体ETF;证券ETF;军工ETF;创新药ETF;酒ETF;有色ETF
2024-12-24,922042.580228616,0.0,922042.580228616,0.0,False,liquidate,-0.18444347612644266,10,沪深300;创业板;纳指;国债ETF;半导体ETF;证券ETF;军工ETF;酒ETF;创新药ETF;有色ETF,沪深300;创业板;纳指;国债ETF,半导体ETF;证券ETF;军工ETF;酒ETF;创新药ETF;有色ETF
2024-12-25,922115.7582111739,0.0,922115.7582111739,0.0,False,liquidate,-0.18437874941819865,10,沪深300;创业板;纳指;国债ETF;半导体ETF;证券ETF;军工ETF;创新药ETF;酒ETF;有色ETF,沪深300;创业板;纳指;国债ETF,半导体ETF;证券ETF;军工ETF;创新药ETF;酒ETF;有色ETF
2024-12-26,922188.9420015082,0.0,922188.9420015082,0.0,False,liquidate,-0.18431401757291435,10,沪深300;创业板;纳指;国债ETF;半导体ETF;证券ETF;军工ETF;酒ETF;创新药ETF;有色ETF,沪深300;创业板;纳指;国债ETF,半导体ETF;证券ETF;军工ETF;酒ETF;创新药ETF;有色ETF
2024-12-27,922262.1316000798,0.0,922262.1316000798,0.0,False,liquidate,-0.18424928059018197,10,沪深300;创业板;纳指;国债ETF;半导体ETF;军工ETF;证券ETF;酒ETF;创新药ETF;有色ETF,沪深300;创业板;纳指;国债ETF,半导体ETF;军工ETF;证券ETF;酒ETF;创新药ETF;有色ETF
2024-12-30,922335.3270073497,0.0,922335.3270073497,0.0,False,liquidate,-0.18418453846959387,8,纳指;国债ETF;半导体ETF;证券ETF;军工ETF;酒ETF;有色ETF;创新药ETF,纳指;国债ETF,半导体ETF;证券ETF;军工ETF;酒ETF;有色ETF;创新药ETF
2024-12-31,922408.5282237789,0.0,922408.5282237789,0.0,False,liquidate,-0.18411979121074218,8,纳指;国债ETF;半导体ETF;军工ETF;证券ETF;酒ETF;创新药ETF;有色ETF,纳指;国债ETF,半导体ETF;军工ETF;证券ETF;酒ETF;创新药ETF;有色ETF
2025-01-02,922481.7352498284,0.0,922481.7352498284,0.0,False,liquidate,-0.18405503881321922,9,纳指;黄金;国债ETF;半导体ETF;军工ETF;酒ETF;有色ETF;证券ETF;创新药ETF,纳指;黄金;国债ETF,半导体ETF;军工ETF;酒ETF;有色ETF;证券ETF;创新药ETF
2025-01-03,922554.9480859594,0.0,922554.9480859594,0.0,False,liquidate,-0.18399028127661704,9,纳指;黄金;国债ETF;半导体ETF;有色ETF;酒ETF;军工ETF;创新药ETF;证券ETF,纳指;黄金;国债ETF,半导体ETF;有色ETF;酒ETF;军工ETF;创新药ETF;证券ETF
2025-01-06,922628.1667326329,0.0,922628.1667326329,0.0,False,liquidate,-0.1839255186005279,9,纳指;黄金;国债ETF;半导体ETF;有色ETF;军工ETF;创新药ETF;证券ETF;酒ETF,纳指;黄金;国债ETF,半导体ETF;有色ETF;军工ETF;创新药ETF;证券ETF;酒ETF
2025-01-07,922701.3911903101,0.0,922701.3911903101,0.0,False,liquidate,-0.18386075078454378,9,纳指;黄金;国债ETF;半导体ETF;有色ETF;军工ETF;证券ETF;酒ETF;创新药ETF,纳指;黄金;国债ETF,半导体ETF;有色ETF;军工ETF;证券ETF;酒ETF;创新药ETF
2025-01-08,922774.6214594522,0.0,922774.6214594522,0.0,False,liquidate,-0.18379597782825685,9,纳指;黄金;国债ETF;半导体ETF;有色ETF;军工ETF;证券ETF;酒ETF;创新药ETF,纳指;黄金;国债ETF,半导体ETF;有色ETF;军工ETF;证券ETF;酒ETF;创新药ETF
2025-01-09,922847.8575405205,0.0,922847.8575405205,0.0,False,liquidate,-0.18373119973125904,9,纳指;黄金;国债ETF;半导体ETF;有色ETF;军工ETF;证券ETF;酒ETF;创新药ETF,纳指;黄金;国债ETF,半导体ETF;有色ETF;军工ETF;证券ETF;酒ETF;创新药ETF
2025-01-10,922921.0994339761,0.0,922921.0994339761,0.0,False,liquidate,-0.18366641649314244,9,纳指;黄金;国债ETF;半导体ETF;有色ETF;军工ETF;酒ETF;创新药ETF;证券ETF,纳指;黄金;国债ETF,半导体ETF;有色ETF;军工ETF;酒ETF;创新药ETF;证券ETF
2025-01-13,922994.3471402804,0.0,922994.3471402804,0.0,False,liquidate,-0.18360162811349903,9,纳指;黄金;国债ETF;半导体ETF;有色ETF;酒ETF;证券ETF;军工ETF;创新药ETF,纳指;黄金;国债ETF,半导体ETF;有色ETF;酒ETF;证券ETF;军工ETF;创新药ETF
2025-01-14,923067.6006598948,0.0,923067.6006598948,0.0,False,liquidate,-0.1835368345919207,9,纳指;黄金;国债ETF;半导体ETF;有色ETF;军工ETF;证券ETF;酒ETF;创新药ETF,纳指;黄金;国债ETF,半导体ETF;有色ETF;军工ETF;证券ETF;酒ETF;创新药ETF
2025-01-15,923140.8599932805,0.0,923140.8599932805,0.0,False,liquidate,-0.1834720359279994,9,纳指;黄金;国债ETF;半导体ETF;有色ETF;证券ETF;军工ETF;酒ETF;创新药ETF,纳指;黄金;国债ETF,半导体ETF;有色ETF;证券ETF;军工ETF;酒ETF;创新药ETF
2025-01-16,923214.1251408991,0.0,923214.1251408991,0.0,False,liquidate,-0.18340723212132695,9,纳指;黄金;国债ETF;有色ETF;半导体ETF;证券ETF;酒ETF;军工ETF;创新药ETF,纳指;黄金;国债ETF,有色ETF;半导体ETF;证券ETF;酒ETF;军工ETF;创新药ETF
2025-01-17,923287.3961032119,0.0,923287.3961032119,0.0,False,liquidate,-0.18334242317149527,9,纳指;黄金;国债ETF;有色ETF;半导体ETF;酒ETF;证券ETF;军工ETF;创新药ETF,纳指;黄金;国债ETF,有色ETF;半导体ETF;酒ETF;证券ETF;军工ETF;创新药ETF
2025-01-20,923360.6728806804,0.0,923360.6728806804,0.0,False,liquidate,-0.18327760907809618,9,纳指;黄金;国债ETF;半导体ETF;有色ETF;军工ETF;创新药ETF;证券ETF;酒ETF,纳指;黄金;国债ETF,半导体ETF;有色ETF;军工ETF;创新药ETF;证券ETF;酒ETF
2025-01-21,923433.9554737662,0.0,923433.9554737662,0.0,False,liquidate,-0.1832127898407214,9,纳指;黄金;国债ETF;半导体ETF;有色ETF;军工ETF;创新药ETF;证券ETF;酒ETF,纳指;黄金;国债ETF,半导体ETF;有色ETF;军工ETF;创新药ETF;证券ETF;酒ETF
2025-01-22,923507.2438829308,0.0,923507.2438829308,0.0,False,liquidate,-0.1831479654589627,9,纳指;黄金;国债ETF;半导体ETF;有色ETF;创新药ETF;证券ETF;军工ETF;酒ETF,纳指;黄金;国债ETF,半导体ETF;有色ETF;创新药ETF;证券ETF;军工ETF;酒ETF
2025-01-23,923580.5381086359,0.0,923580.5381086359,0.0,False,liquidate,-0.18308313593241174,9,纳指;黄金;国债ETF;有色ETF;半导体ETF;创新药ETF;酒ETF;证券ETF;军工ETF,纳指;黄金;国债ETF,有色ETF;半导体ETF;创新药ETF;酒ETF;证券ETF;军工ETF
2025-01-24,923653.838151343,0.0,923653.838151343,0.0,False,liquidate,-0.18301830126066027,9,纳指;黄金;国债ETF;半导体ETF;有色ETF;创新药ETF;证券ETF;军工ETF;酒ETF,纳指;黄金;国债ETF,半导体ETF;有色ETF;创新药ETF;证券ETF;军工ETF;酒ETF
2025-01-27,923727.1440115138,0.0,923727.1440115138,0.0,False,liquidate,-0.1829534614433,9,纳指;黄金;国债ETF;有色ETF;半导体ETF;创新药ETF;军工ETF;酒ETF;证券ETF,纳指;黄金;国债ETF,有色ETF;半导体ETF;创新药ETF;军工ETF;酒ETF;证券ETF
2025-02-05,923800.45568961,0.0,923800.45568961,0.0,False,liquidate,-0.18288861647992244,9,纳指;黄金;国债ETF;半导体ETF;有色ETF;创新药ETF;军工ETF;证券ETF;酒ETF,纳指;黄金;国债ETF,半导体ETF;有色ETF;创新药ETF;军工ETF;证券ETF;酒ETF
2025-02-06,923873.7731860933,0.0,923873.7731860933,0.0,False,liquidate,-0.18282376637011924,9,纳指;黄金;国债ETF;半导体ETF;有色ETF;创新药ETF;军工ETF;证券ETF;酒ETF,纳指;黄金;国债ETF,半导体ETF;有色ETF;创新药ETF;军工ETF;证券ETF;酒ETF
2025-02-07,923947.0965014256,0.0,923947.0965014256,0.0,False,liquidate,-0.1827589111134819,9,纳指;黄金;国债ETF;半导体ETF;有色ETF;军工ETF;创新药ETF;证券ETF;酒ETF,纳指;黄金;国债ETF,半导体ETF;有色ETF;军工ETF;创新药ETF;证券ETF;酒ETF
2025-02-10,924020.4256360686,0.0,924020.4256360686,0.0,False,liquidate,-0.182694050709602,9,纳指;黄金;国债ETF;半导体ETF;有色ETF;军工ETF;创新药ETF;证券ETF;酒ETF,纳指;黄金;国债ETF,半导体ETF;有色ETF;军工ETF;创新药ETF;证券ETF;酒ETF
2025-02-11,924093.7605904841,0.0,924093.7605904841,0.0,False,liquidate,-0.18262918515807103,8,黄金;国债ETF;半导体ETF;有色ETF;创新药ETF;军工ETF;证券ETF;酒ETF,黄金;国债ETF,半导体ETF;有色ETF;创新药ETF;军工ETF;证券ETF;酒ETF
2025-02-12,924167.1013651342,0.0,924167.1013651342,0.0,False,liquidate,-0.18256431445848034,9,纳指;黄金;国债ETF;半导体ETF;有色ETF;军工ETF;创新药ETF;证券ETF;酒ETF,纳指;黄金;国债ETF,半导体ETF;有色ETF;军工ETF;创新药ETF;证券ETF;酒ETF
2025-02-13,924240.4479604807,0.0,924240.4479604807,0.0,False,liquidate,-0.18249943861042145,9,纳指;黄金;国债ETF;半导体ETF;有色ETF;创新药ETF;证券ETF;军工ETF;酒ETF,纳指;黄金;国债ETF,半导体ETF;有色ETF;创新药ETF;证券ETF;军工ETF;酒ETF
2025-02-14,924313.8003769856,0.0,924313.8003769856,0.0,False,liquidate,-0.1824345576134857,9,纳指;黄金;国债ETF;半导体ETF;有色ETF;创新药ETF;证券ETF;军工ETF;酒ETF,纳指;黄金;国债ETF,半导体ETF;有色ETF;创新药ETF;证券ETF;军工ETF;酒ETF
2025-02-17,924387.1586151108,0.0,924387.1586151108,0.0,False,liquidate,-0.18236967146726452,9,沪深300;纳指;黄金;半导体ETF;创新药ETF;证券ETF;军工ETF;有色ETF;酒ETF,沪深300;纳指;黄金,半导体ETF;创新药ETF;证券ETF;军工ETF;有色ETF;酒ETF
2025-02-18,924460.5226753184,0.0,924460.5226753184,0.0,False,liquidate,-0.18230478017134916,8,沪深300;黄金;半导体ETF;创新药ETF;有色ETF;军工ETF;证券ETF;酒ETF,沪深300;黄金,半导体ETF;创新药ETF;有色ETF;军工ETF;证券ETF;酒ETF
2025-02-19,924533.8925580705,0.0,924533.8925580705,0.0,False,liquidate,-0.18223988372533095,9,沪深300;创业板;黄金;半导体ETF;创新药ETF;军工ETF;有色ETF;证券ETF;酒ETF,沪深300;创业板;黄金,半导体ETF;创新药ETF;军工ETF;有色ETF;证券ETF;酒ETF
2025-02-20,924607.268263829,0.0,924607.268263829,0.0,False,liquidate,-0.1821749821288012,8,创业板;黄金;半导体ETF;创新药ETF;军工ETF;有色ETF;证券ETF;酒ETF,创业板;黄金,半导体ETF;创新药ETF;军工ETF;有色ETF;证券ETF;酒ETF
2025-02-21,924680.6497930564,0.0,924680.6497930564,0.0,False,liquidate,-0.18211007538135104,9,沪深300;创业板;黄金;半导体ETF;创新药ETF;军工ETF;证券ETF;有色ETF;酒ETF,沪深300;创业板;黄金,半导体ETF;创新药ETF;军工ETF;证券ETF;有色ETF;酒ETF
2025-02-24,924754.0371462146,0.0,924754.0371462146,0.0,False,liquidate,-0.18204516348257177,9,沪深300;创业板;黄金;半导体ETF;创新药ETF;军工ETF;证券ETF;有色ETF;酒ETF,沪深300;创业板;黄金,半导体ETF;创新药ETF;军工ETF;证券ETF;有色ETF;酒ETF
2025-02-25,924827.430323766,0.0,924827.430323766,0.0,False,liquidate,-0.18198024643205446,8,创业板;黄金;半导体ETF;创新药ETF;军工ETF;证券ETF;有色ETF;酒ETF,创业板;黄金,半导体ETF;创新药ETF;军工ETF;证券ETF;有色ETF;酒ETF
2025-02-26,924900.8293261727,0.0,924900.8293261727,0.0,False,liquidate,-0.18191532422939027,8,创业板;黄金;半导体ETF;创新药ETF;军工ETF;证券ETF;酒ETF;有色ETF,创业板;黄金,半导体ETF;创新药ETF;军工ETF;证券ETF;酒ETF;有色ETF
2025-02-27,924974.234153897,0.0,924974.234153897,0.0,False,liquidate,-0.18185039687417034,8,创业板;黄金;半导体ETF;创新药ETF;军工ETF;酒ETF;证券ETF;有色ETF,创业板;黄金,半导体ETF;创新药ETF;军工ETF;酒ETF;证券ETF;有色ETF
2025-02-28,925047.6448074013,0.0,925047.6448074013,0.0,False,liquidate,-0.18178546436598572,7,黄金;半导体ETF;创新药ETF;酒ETF;军工ETF;有色ETF;证券ETF,黄金,半导体ETF;创新药ETF;酒ETF;军工ETF;有色ETF;证券ETF
2025-03-03,925121.061287148,0.0,925121.061287148,0.0,False,liquidate,-0.1817205267044274,7,黄金;半导体ETF;创新药ETF;酒ETF;有色ETF;军工ETF;证券ETF,黄金,半导体ETF;创新药ETF;酒ETF;有色ETF;军工ETF;证券ETF
2025-03-04,925194.4835935994,0.0,925194.4835935994,0.0,False,liquidate,-0.18165558388908648,7,黄金;半导体ETF;创新药ETF;军工ETF;酒ETF;有色ETF;证券ETF,黄金,半导体ETF;创新药ETF;军工ETF;酒ETF;有色ETF;证券ETF
2025-03-05,925267.911727218,0.0,925267.911727218,0.0,False,liquidate,-0.18159063591955385,8,创业板;黄金;半导体ETF;酒ETF;创新药ETF;军工ETF;有色ETF;证券ETF,创业板;黄金,半导体ETF;酒ETF;创新药ETF;军工ETF;有色ETF;证券ETF
2025-03-06,925341.3456884662,0.0,925341.3456884662,0.0,False,liquidate,-0.18152568279542045,9,沪深300;创业板;黄金;半导体ETF;创新药ETF;酒ETF;军工ETF;有色ETF;证券ETF,沪深300;创业板;黄金,半导体ETF;创新药ETF;酒ETF;军工ETF;有色ETF;证券ETF
2025-03-07,925414.7854778066,0.0,925414.7854778066,0.0,False,liquidate,-0.1814607245162772,9,沪深300;创业板;黄金;半导体ETF;酒ETF;军工ETF;有色ETF;创新药ETF;证券ETF,沪深300;创业板;黄金,半导体ETF;酒ETF;军工ETF;有色ETF;创新药ETF;证券ETF
2025-03-10,925488.2310957017,0.0,925488.2310957017,0.0,False,liquidate,-0.18139576108171496,9,沪深300;创业板;黄金;半导体ETF;酒ETF;军工ETF;有色ETF;创新药ETF;证券ETF,沪深300;创业板;黄金,半导体ETF;酒ETF;军工ETF;有色ETF;创新药ETF;证券ETF
2025-03-11,925561.682542614,0.0,925561.682542614,0.0,False,liquidate,-0.1813307924913246,9,沪深300;创业板;黄金;半导体ETF;酒ETF;军工ETF;有色ETF;创新药ETF;证券ETF,沪深300;创业板;黄金,半导体ETF;酒ETF;军工ETF;有色ETF;创新药ETF;证券ETF
2025-03-12,925635.1398190063,0.0,925635.1398190063,0.0,False,liquidate,-0.18126581874469697,9,沪深300;创业板;黄金;半导体ETF;军工ETF;有色ETF;酒ETF;创新药ETF;证券ETF,沪深300;创业板;黄金,半导体ETF;军工ETF;有色ETF;酒ETF;创新药ETF;证券ETF
2025-03-13,925708.6029253412,0.0,925708.6029253412,0.0,False,liquidate,-0.18120083984142266,9,沪深300;创业板;黄金;军工ETF;半导体ETF;有色ETF;酒ETF;创新药ETF;证券ETF,沪深300;创业板;黄金,军工ETF;半导体ETF;有色ETF;酒ETF;创新药ETF;证券ETF
2025-03-14,925782.0718620814,0.0,925782.0718620814,0.0,False,liquidate,-0.18113585578109254,9,沪深300;创业板;黄金;有色ETF;半导体ETF;酒ETF;军工ETF;创新药ETF;证券ETF,沪深300;创业板;黄金,有色ETF;半导体ETF;酒ETF;军工ETF;创新药ETF;证券ETF
2025-03-17,925855.5466296895,0.0,925855.5466296895,0.0,False,liquidate,-0.1810708665632974,9,沪深300;创业板;黄金;酒ETF;半导体ETF;有色ETF;军工ETF;创新药ETF;证券ETF,沪深300;创业板;黄金,酒ETF;半导体ETF;有色ETF;军工ETF;创新药ETF;证券ETF
2025-03-18,925929.0272286284,0.0,925929.0272286284,0.0,False,liquidate,-0.1810058721876278,9,沪深300;创业板;黄金;有色ETF;酒ETF;军工ETF;半导体ETF;创新药ETF;证券ETF,沪深300;创业板;黄金,有色ETF;酒ETF;军工ETF;半导体ETF;创新药ETF;证券ETF
2025-03-19,926002.5136593608,0.0,926002.5136593608,0.0,False,liquidate,-0.18094087265367445,9,沪深300;创业板;黄金;有色ETF;酒ETF;半导体ETF;军工ETF;创新药ETF;证券ETF,沪深300;创业板;黄金,有色ETF;酒ETF;半导体ETF;军工ETF;创新药ETF;证券ETF
2025-03-20,926076.0059223498,0.0,926076.0059223498,0.0,False,liquidate,-0.18087586796102784,9,沪深300;创业板;黄金;有色ETF;酒ETF;军工ETF;半导体ETF;创新药ETF;证券ETF,沪深300;创业板;黄金,有色ETF;酒ETF;军工ETF;半导体ETF;创新药ETF;证券ETF
2025-03-21,926149.504018058,0.0,926149.504018058,0.0,False,liquidate,-0.18081085810927863,9,沪深300;创业板;黄金;有色ETF;军工ETF;酒ETF;创新药ETF;半导体ETF;证券ETF,沪深300;创业板;黄金,有色ETF;军工ETF;酒ETF;创新药ETF;半导体ETF;证券ETF
2025-03-24,926223.0079469483,0.0,926223.0079469483,0.0,False,liquidate,-0.18074584309801744,9,沪深300;创业板;黄金;有色ETF;酒ETF;军工ETF;创新药ETF;半导体ETF;证券ETF,沪深300;创业板;黄金,有色ETF;酒ETF;军工ETF;创新药ETF;半导体ETF;证券ETF
2025-03-25,926296.5177094839,0.0,926296.5177094839,0.0,False,liquidate,-0.18068082292683468,9,沪深300;创业板;黄金;有色ETF;酒ETF;军工ETF;创新药ETF;半导体ETF;证券ETF,沪深300;创业板;黄金,有色ETF;酒ETF;军工ETF;创新药ETF;半导体ETF;证券ETF
2025-03-26,926370.0333061275,0.0,926370.0333061275,0.0,False,liquidate,-0.18061579759532087,9,沪深300;创业板;黄金;有色ETF;酒ETF;军工ETF;创新药ETF;半导体ETF;证券ETF,沪深300;创业板;黄金,有色ETF;酒ETF;军工ETF;创新药ETF;半导体ETF;证券ETF
2025-03-27,926443.5547373423,0.0,926443.5547373423,0.0,False,liquidate,-0.18055076710306656,9,沪深300;创业板;黄金;有色ETF;创新药ETF;酒ETF;军工ETF;半导体ETF;证券ETF,沪深300;创业板;黄金,有色ETF;创新药ETF;酒ETF;军工ETF;半导体ETF;证券ETF
2025-03-28,926517.0820035913,0.0,926517.0820035913,0.0,False,liquidate,-0.18048573144966196,9,沪深300;创业板;黄金;有色ETF;创新药ETF;酒ETF;军工ETF;证券ETF;半导体ETF,沪深300;创业板;黄金,有色ETF;创新药ETF;酒ETF;军工ETF;证券ETF;半导体ETF
2025-03-31,926590.6151053377,0.0,926590.6151053377,0.0,False,liquidate,-0.18042069063469762,9,沪深300;创业板;黄金;有色ETF;创新药ETF;酒ETF;军工ETF;半导体ETF;证券ETF,沪深300;创业板;黄金,有色ETF;创新药ETF;酒ETF;军工ETF;半导体ETF;证券ETF
2025-04-01,926664.1540430445,0.0,926664.1540430445,0.0,False,liquidate,-0.1803556446577638,9,沪深300;创业板;黄金;创新药ETF;有色ETF;酒ETF;军工ETF;半导体ETF;证券ETF,沪深300;创业板;黄金,创新药ETF;有色ETF;酒ETF;军工ETF;半导体ETF;证券ETF
2025-04-02,926737.698817175,0.0,926737.698817175,0.0,False,liquidate,-0.1802905935184509,8,沪深300;黄金;创新药ETF;有色ETF;酒ETF;军工ETF;半导体ETF;证券ETF,沪深300;黄金,创新药ETF;有色ETF;酒ETF;军工ETF;半导体ETF;证券ETF
2025-04-03,926811.2494281923,0.0,926811.2494281923,0.0,False,liquidate,-0.18022553721634915,7,黄金;创新药ETF;有色ETF;酒ETF;半导体ETF;军工ETF;证券ETF,黄金,创新药ETF;有色ETF;酒ETF;半导体ETF;军工ETF;证券ETF
2025-04-07,926884.8058765596,0.0,926884.8058765596,0.0,False,liquidate,-0.18016047575104885,7,黄金;创新药ETF;酒ETF;有色ETF;半导体ETF;军工ETF;证券ETF,黄金,创新药ETF;酒ETF;有色ETF;半导体ETF;军工ETF;证券ETF
2025-04-08,926958.3681627403,0.0,926958.3681627403,0.0,False,liquidate,-0.18009540912214023,7,黄金;酒ETF;创新药ETF;有色ETF;军工ETF;半导体ETF;证券ETF,黄金,酒ETF;创新药ETF;有色ETF;军工ETF;半导体ETF;证券ETF
2025-04-09,927031.9362871976,0.0,927031.9362871976,0.0,False,liquidate,-0.1800303373292134,7,黄金;酒ETF;创新药ETF;军工ETF;半导体ETF;有色ETF;证券ETF,黄金,酒ETF;创新药ETF;军工ETF;半导体ETF;有色ETF;证券ETF
2025-04-10,927105.510250395,245722.7111891012,681382.7990612938,0.5,False,halve,-0.17996526037185856,8,黄金;国债ETF;酒ETF;创新药ETF;军工ETF;有色ETF;半导体ETF;证券ETF,黄金;国债ETF,酒ETF;创新药ETF;军工ETF;有色ETF;半导体ETF;证券ETF
2025-04-11,930016.3829282213,251932.46859413604,678083.9143340852,0.5,False,halve,-0.17739056235522482,8,黄金;国债ETF;创新药ETF;半导体ETF;酒ETF;军工ETF;有色ETF;证券ETF,黄金;国债ETF,创新药ETF;半导体ETF;酒ETF;军工ETF;有色ETF;证券ETF
2025-04-14,931306.7060146339,259722.2841667486,671584.4218478852,0.5,False,halve,-0.17624925778470538,8,黄金;国债ETF;创新药ETF;半导体ETF;酒ETF;有色ETF;军工ETF;证券ETF,黄金;国债ETF,创新药ETF;半导体ETF;酒ETF;有色ETF;军工ETF;证券ETF
2025-04-15,929282.8654637965,266440.49712732545,662842.368336471,0.5,False,halve,-0.17803936639780868,8,黄金;国债ETF;创新药ETF;酒ETF;半导体ETF;军工ETF;有色ETF;证券ETF,黄金;国债ETF,创新药ETF;酒ETF;半导体ETF;军工ETF;有色ETF;证券ETF
2025-04-16,929056.9083553322,274745.5654068614,654311.3429484707,0.5,False,halve,-0.1782392278769586,8,黄金;国债ETF;创新药ETF;酒ETF;半导体ETF;有色ETF;军工ETF;证券ETF,黄金;国债ETF,创新药ETF;酒ETF;半导体ETF;有色ETF;军工ETF;证券ETF
2025-04-17,929449.3721716405,283399.1767335189,646050.1954381217,0.5,False,halve,-0.17789208943385632,8,黄金;国债ETF;酒ETF;创新药ETF;半导体ETF;有色ETF;军工ETF;证券ETF,黄金;国债ETF,酒ETF;创新药ETF;半导体ETF;有色ETF;军工ETF;证券ETF
2025-04-18,928453.1327330038,291831.4801943582,636621.6525386455,0.5,False,halve,-0.1787732738725607,8,黄金;国债ETF;酒ETF;创新药ETF;半导体ETF;有色ETF;军工ETF;证券ETF,黄金;国债ETF,酒ETF;创新药ETF;半导体ETF;有色ETF;军工ETF;证券ETF
2025-04-21,932259.4248542474,298031.5080839739,634227.9167702735,0.5,False,halve,-0.17540656778130945,8,黄金;国债ETF;创新药ETF;半导体ETF;酒ETF;有色ETF;军工ETF;证券ETF,黄金;国债ETF,创新药ETF;半导体ETF;酒ETF;有色ETF;军工ETF;证券ETF
2025-04-22,932201.2473624714,307376.55433228746,624824.6930301839,0.5,False,halve,-0.1754580263950198,8,黄金;国债ETF;创新药ETF;半导体ETF;酒ETF;有色ETF;军工ETF;证券ETF,黄金;国债ETF,创新药ETF;半导体ETF;酒ETF;有色ETF;军工ETF;证券ETF
2025-04-23,930863.7546709348,316109.35144697945,614754.4032239553,0.5,False,halve,-0.17664105298577168,8,黄金;国债ETF;创新药ETF;半导体ETF;酒ETF;有色ETF;军工ETF;证券ETF,黄金;国债ETF,创新药ETF;半导体ETF;酒ETF;有色ETF;军工ETF;证券ETF
2025-04-24,929308.1004887433,324904.75170700357,604403.3487817397,0.5,False,halve,-0.17801704574834332,8,黄金;国债ETF;创新药ETF;半导体ETF;酒ETF;有色ETF;军工ETF;证券ETF,黄金;国债ETF,创新药ETF;半导体ETF;酒ETF;有色ETF;军工ETF;证券ETF
2025-04-25,929583.2189899373,335143.52914918435,594439.689840753,0.5,False,halve,-0.1777737004915207,8,黄金;国债ETF;半导体ETF;创新药ETF;酒ETF;有色ETF;军工ETF;证券ETF,黄金;国债ETF,半导体ETF;创新药ETF;酒ETF;有色ETF;军工ETF;证券ETF
2025-04-28,928463.170094339,344997.1478289242,583466.0222654147,0.5,False,halve,-0.17876439571910568,8,黄金;国债ETF;半导体ETF;创新药ETF;酒ETF;军工ETF;有色ETF;证券ETF,黄金;国债ETF,半导体ETF;创新药ETF;酒ETF;军工ETF;有色ETF;证券ETF
2025-04-29,928530.4839196984,355831.1308309447,572699.3530887538,0.5,False,halve,-0.17870485592062352,8,黄金;国债ETF;半导体ETF;酒ETF;创新药ETF;有色ETF;军工ETF;证券ETF,黄金;国债ETF,半导体ETF;酒ETF;创新药ETF;有色ETF;军工ETF;证券ETF
2025-04-30,930361.0377645168,366358.6546501821,564002.3831143347,0.5,False,halve,-0.1770857114662825,8,黄金;国债ETF;半导体ETF;创新药ETF;酒ETF;军工ETF;有色ETF;证券ETF,黄金;国债ETF,半导体ETF;创新药ETF;酒ETF;军工ETF;有色ETF;证券ETF
2025-05-06,935492.4271595228,371220.20330480894,564272.2238547138,0.5,False,halve,-0.17254694266387524,8,黄金;国债ETF;半导体ETF;创新药ETF;有色ETF;酒ETF;军工ETF;证券ETF,黄金;国债ETF,半导体ETF;创新药ETF;有色ETF;酒ETF;军工ETF;证券ETF
2025-05-07,937409.3474014394,382731.3235647546,554678.0238366849,0.5,False,halve,-0.1708514062075732,8,黄金;国债ETF;军工ETF;半导体ETF;有色ETF;创新药ETF;酒ETF;证券ETF,黄金;国债ETF,军工ETF;半导体ETF;有色ETF;创新药ETF;酒ETF;证券ETF
2025-05-08,938569.8142060998,394998.3622724557,543571.4519336441,0.5,False,halve,-0.1698249609071351,8,黄金;国债ETF;军工ETF;半导体ETF;创新药ETF;有色ETF;酒ETF;证券ETF,黄金;国债ETF,军工ETF;半导体ETF;创新药ETF;有色ETF;酒ETF;证券ETF
2025-05-09,934830.7161642808,399968.88305476314,534861.8331095176,0.5,False,halve,-0.1731322331164644,9,纳指;黄金;国债ETF;创新药ETF;有色ETF;军工ETF;半导体ETF;酒ETF;证券ETF,纳指;黄金;国债ETF,创新药ETF;有色ETF;军工ETF;半导体ETF;酒ETF;证券ETF
2025-05-12,939759.7727922298,406922.830711495,532836.9420807348,0.5,False,halve,-0.16877242981055926,9,纳指;黄金;国债ETF;军工ETF;有色ETF;创新药ETF;半导体ETF;酒ETF;证券ETF,纳指;黄金;国债ETF,军工ETF;有色ETF;创新药ETF;半导体ETF;酒ETF;证券ETF
2025-05-13,937698.6872047905,416578.2824961533,521120.4047086372,0.5,False,halve,-0.17059548205688943,9,纳指;黄金;国债ETF;军工ETF;创新药ETF;有色ETF;酒ETF;证券ETF;半导体ETF,纳指;黄金;国债ETF,军工ETF;创新药ETF;有色ETF;酒ETF;证券ETF;半导体ETF
2025-05-14,941972.3936657886,425882.3584702082,516090.0351955804,0.5,False,halve,-0.1668153429829181,9,纳指;黄金;国债ETF;军工ETF;创新药ETF;证券ETF;有色ETF;酒ETF;半导体ETF,纳指;黄金;国债ETF,军工ETF;创新药ETF;证券ETF;有色ETF;酒ETF;半导体ETF
2025-05-15,936311.14923887,422963.99805668823,513347.1511821818,0.5,False,halve,-0.1718227742280906,9,纳指;黄金;国债ETF;创新药ETF;军工ETF;有色ETF;证券ETF;酒ETF;半导体ETF,纳指;黄金;国债ETF,创新药ETF;军工ETF;有色ETF;证券ETF;酒ETF;半导体ETF
2025-05-16,935127.6872099786,467563.8436049893,467563.8436049893,0.5,False,halve,-0.17286955905030538,9,纳指;黄金;国债ETF;创新药ETF;军工ETF;有色ETF;证券ETF;酒ETF;半导体ETF,纳指;黄金;国债ETF,创新药ETF;军工ETF;有色ETF;证券ETF;酒ETF;半导体ETF
2025-05-19,935088.2474669415,467544.1237334708,467544.1237334707,0.5,False,halve,-0.17290444392484752,9,纳指;黄金;国债ETF;创新药ETF;军工ETF;有色ETF;证券ETF;酒ETF;半导体ETF,纳指;黄金;国债ETF,创新药ETF;军工ETF;有色ETF;证券ETF;酒ETF;半导体ETF
2025-05-20,937500.4766385382,468750.23831926903,468750.23831926915,0.5,False,halve,-0.17077080142269105,9,纳指;黄金;国债ETF;创新药ETF;军工ETF;有色ETF;证券ETF;酒ETF;半导体ETF,纳指;黄金;国债ETF,创新药ETF;军工ETF;有色ETF;证券ETF;酒ETF;半导体ETF
2025-05-21,939504.3072484226,469752.1536242113,469752.1536242113,0.5,False,halve,-0.1689983918163759,10,沪深300;纳指;黄金;国债ETF;创新药ETF;有色ETF;军工ETF;证券ETF;酒ETF;半导体ETF,沪深300;纳指;黄金;国债ETF,创新药ETF;有色ETF;军工ETF;证券ETF;酒ETF;半导体ETF
2025-05-22,936897.4585314384,468448.7292657191,468448.72926571924,0.5,False,halve,-0.17130417738797152,9,纳指;黄金;国债ETF;创新药ETF;军工ETF;有色ETF;证券ETF;酒ETF;半导体ETF,纳指;黄金;国债ETF,创新药ETF;军工ETF;有色ETF;证券ETF;酒ETF;半导体ETF
2025-05-23,933723.473993876,466861.73699693795,466861.73699693807,0.5,False,halve,-0.1741116006586419,9,纳指;黄金;国债ETF;创新药ETF;有色ETF;军工ETF;酒ETF;证券ETF;半导体ETF,纳指;黄金;国债ETF,创新药ETF;有色ETF;军工ETF;酒ETF;证券ETF;半导体ETF
2025-05-26,933257.8611280995,510026.32012632914,423231.54100177035,0.5,False,halve,-0.1745234402183609,9,纳指;黄金;国债ETF;创新药ETF;有色ETF;军工ETF;证券ETF;酒ETF;半导体ETF,纳指;黄金;国债ETF,创新药ETF;有色ETF;军工ETF;证券ETF;酒ETF;半导体ETF
2025-05-27,931483.9374611047,523767.3947107762,407716.5427503285,0.5,False,halve,-0.17609249467473165,9,纳指;黄金;国债ETF;创新药ETF;军工ETF;有色ETF;证券ETF;酒ETF;半导体ETF,纳指;黄金;国债ETF,创新药ETF;军工ETF;有色ETF;证券ETF;酒ETF;半导体ETF
2025-05-28,929436.2381542786,537489.716729802,391946.52142447664,0.5,False,halve,-0.17790370661268717,9,纳指;黄金;国债ETF;创新药ETF;军工ETF;有色ETF;证券ETF;酒ETF;半导体ETF,纳指;黄金;国债ETF,创新药ETF;军工ETF;有色ETF;证券ETF;酒ETF;半导体ETF
2025-05-29,937970.2418027024,525052.0676671328,412918.1741355696,0.5,False,halve,-0.17035528911063744,9,纳指;黄金;国债ETF;创新药ETF;军工ETF;有色ETF;证券ETF;酒ETF;半导体ETF,纳指;黄金;国债ETF,创新药ETF;军工ETF;有色ETF;证券ETF;酒ETF;半导体ETF
2025-05-30,935137.1546403851,535726.1057161272,399411.04892425786,0.5,False,halve,-0.1728611850068524,9,纳指;黄金;国债ETF;创新药ETF;军工ETF;有色ETF;证券ETF;酒ETF;半导体ETF,纳指;黄金;国债ETF,创新药ETF;军工ETF;有色ETF;证券ETF;酒ETF;半导体ETF
2025-06-03,937902.9427158607,550577.0019242297,387325.940791631,0.5,False,halve,-0.17041481587274307,9,纳指;黄金;国债ETF;创新药ETF;军工ETF;有色ETF;证券ETF;酒ETF;半导体ETF,纳指;黄金;国债ETF,创新药ETF;军工ETF;有色ETF;证券ETF;酒ETF;半导体ETF
2025-06-04,942011.7263037734,562934.090040236,379077.63626353734,0.5,False,halve,-0.16678055284394028,10,沪深300;纳指;黄金;国债ETF;创新药ETF;有色ETF;军工ETF;证券ETF;酒ETF;半导体ETF,沪深300;纳指;黄金;国债ETF,创新药ETF;有色ETF;军工ETF;证券ETF;酒ETF;半导体ETF
2025-06-05,943678.6092684611,580888.4253991513,362790.18386930984,0.5,False,halve,-0.16530617703360867,11,沪深300;创业板;纳指;黄金;国债ETF;创新药ETF;有色ETF;证券ETF;军工ETF;酒ETF;半导体ETF,沪深300;创业板;纳指;黄金;国债ETF,创新药ETF;有色ETF;证券ETF;军工ETF;酒ETF;半导体ETF
2025-06-06,943024.9103777017,598056.5002156319,344968.41016206983,0.5,False,halve,-0.16588438069408987,11,沪深300;创业板;纳指;黄金;国债ETF;创新药ETF;有色ETF;证券ETF;军工ETF;半导体ETF;酒ETF,沪深300;创业板;纳指;黄金;国债ETF,创新药ETF;有色ETF;证券ETF;军工ETF;半导体ETF;酒ETF
2025-06-09,948434.1612683712,607943.6933732615,340490.4678951097,0.5,False,halve,-0.16109984042691428,11,沪深300;创业板;纳指;黄金;国债ETF;创新药ETF;有色ETF;证券ETF;军工ETF;半导体ETF;酒ETF,沪深300;创业板;纳指;黄金;国债ETF,创新药ETF;有色ETF;证券ETF;军工ETF;半导体ETF;酒ETF
2025-06-10,943321.2973672354,606211.9164914725,337109.3808757629,0.5,False,halve,-0.16562222323185477,11,沪深300;创业板;纳指;黄金;国债ETF;创新药ETF;有色ETF;证券ETF;军工ETF;半导体ETF;酒ETF,沪深300;创业板;纳指;黄金;国债ETF,创新药ETF;有色ETF;证券ETF;军工ETF;半导体ETF;酒ETF
2025-06-11,946797.08834317,622631.8792570671,324165.2090861029,0.5,False,halve,-0.16254784893848814,11,沪深300;创业板;纳指;黄金;国债ETF;创新药ETF;有色ETF;证券ETF;军工ETF;半导体ETF;酒ETF,沪深300;创业板;纳指;黄金;国债ETF,创新药ETF;有色ETF;证券ETF;军工ETF;半导体ETF;酒ETF
2025-06-12,947150.9652577722,642390.6121361923,304760.35312158,0.5,False,halve,-0.16223484102264923,11,沪深300;创业板;纳指;黄金;国债ETF;创新药ETF;有色ETF;军工ETF;证券ETF;半导体ETF;酒ETF,沪深300;创业板;纳指;黄金;国债ETF,创新药ETF;有色ETF;军工ETF;证券ETF;半导体ETF;酒ETF
2025-06-13,941810.8164269635,639748.3944709253,302062.4219560382,0.5,False,halve,-0.1669582597788003,11,沪深300;创业板;纳指;黄金;国债ETF;创新药ETF;有色ETF;军工ETF;证券ETF;半导体ETF;酒ETF,沪深300;创业板;纳指;黄金;国债ETF,创新药ETF;有色ETF;军工ETF;证券ETF;半导体ETF;酒ETF
2025-06-16,943295.1946596245,659995.5719380081,283299.6227216164,0.5,False,halve,-0.16564531135591687,11,沪深300;创业板;纳指;黄金;国债ETF;创新药ETF;有色ETF;证券ETF;军工ETF;半导体ETF;酒ETF,沪深300;创业板;纳指;黄金;国债ETF,创新药ETF;有色ETF;证券ETF;军工ETF;半导体ETF;酒ETF
2025-06-17,939929.6948714365,670516.6501345376,269413.04473689885,0.5,False,halve,-0.16862213191410766,10,沪深300;创业板;纳指;国债ETF;创新药ETF;有色ETF;证券ETF;军工ETF;半导体ETF;酒ETF,沪深300;创业板;纳指;国债ETF,创新药ETF;有色ETF;证券ETF;军工ETF;半导体ETF;酒ETF
2025-06-18,940115.4622128941,691715.9772990561,248399.48491383798,0.5,False,halve,-0.16845781871372284,10,沪深300;创业板;纳指;国债ETF;创新药ETF;有色ETF;军工ETF;证券ETF;半导体ETF;酒ETF,沪深300;创业板;纳指;国债ETF,创新药ETF;有色ETF;军工ETF;证券ETF;半导体ETF;酒ETF
2025-06-19,931338.4696550635,663053.105485061,268285.3641700025,0.5,False,halve,-0.17622116250501893,9,创业板;纳指;国债ETF;创新药ETF;有色ETF;军工ETF;证券ETF;半导体ETF;酒ETF,创业板;纳指;国债ETF,创新药ETF;有色ETF;军工ETF;证券ETF;半导体ETF;酒ETF
2025-06-20,931237.464640952,683758.6550704355,247478.80957051646,0.5,False,halve,-0.17631050252029476,9,创业板;纳指;国债ETF;创新药ETF;有色ETF;证券ETF;军工ETF;半导体ETF;酒ETF,创业板;纳指;国债ETF,创新药ETF;有色ETF;证券ETF;军工ETF;半导体ETF;酒ETF
2025-06-23,936441.424852206,690614.2118338797,245827.21301832632,0.5,False,halve,-0.17170754405473845,10,沪深300;创业板;纳指;国债ETF;创新药ETF;有色ETF;证券ETF;军工ETF;半导体ETF;酒ETF,沪深300;创业板;纳指;国债ETF,创新药ETF;有色ETF;证券ETF;军工ETF;半导体ETF;酒ETF
2025-06-24,944757.802601761,678967.8573942336,265789.9452075274,0.5,False,halve,-0.16435161898784542,10,沪深300;创业板;纳指;国债ETF;创新药ETF;有色ETF;证券ETF;军工ETF;半导体ETF;酒ETF,沪深300;创业板;纳指;国债ETF,创新药ETF;有色ETF;证券ETF;军工ETF;半导体ETF;酒ETF
2025-06-25,958388.5498027941,626467.7275189577,331920.82228383643,0.5,False,halve,-0.15229507730154118,10,沪深300;创业板;纳指;国债ETF;证券ETF;创新药ETF;军工ETF;有色ETF;半导体ETF;酒ETF,沪深300;创业板;纳指;国债ETF,证券ETF;创新药ETF;军工ETF;有色ETF;半导体ETF;酒ETF
2025-06-26,953969.1432316093,627462.7736213811,326506.3696102281,0.5,False,halve,-0.15620408968130114,10,沪深300;创业板;纳指;国债ETF;证券ETF;有色ETF;军工ETF;创新药ETF;半导体ETF;酒ETF,沪深300;创业板;纳指;国债ETF,证券ETF;有色ETF;军工ETF;创新药ETF;半导体ETF;酒ETF
2025-06-27,956713.6395345588,646978.9354592132,309734.70407534554,0.5,False,halve,-0.15377655334771625,10,沪深300;创业板;纳指;国债ETF;有色ETF;证券ETF;军工ETF;创新药ETF;半导体ETF;酒ETF,沪深300;创业板;纳指;国债ETF,有色ETF;证券ETF;军工ETF;创新药ETF;半导体ETF;酒ETF
2025-06-30,964988.1420957015,645626.3877879761,319361.75430772547,0.5,False,halve,-0.1464576673328478,10,沪深300;创业板;纳指;国债ETF;军工ETF;有色ETF;证券ETF;半导体ETF;创新药ETF;酒ETF,沪深300;创业板;纳指;国债ETF,军工ETF;有色ETF;证券ETF;半导体ETF;创新药ETF;酒ETF
2025-07-01,966796.6177864985,667058.2057695965,299738.412016902,0.5,False,halve,-0.14485805124187454,10,沪深300;创业板;纳指;国债ETF;军工ETF;有色ETF;证券ETF;创新药ETF;半导体ETF;酒ETF,沪深300;创业板;纳指;国债ETF,军工ETF;有色ETF;证券ETF;创新药ETF;半导体ETF;酒ETF
2025-07-02,961239.2431862195,658288.8014577759,302950.4417284436,0.5,False,halve,-0.1497736085144497,10,沪深300;创业板;纳指;国债ETF;有色ETF;军工ETF;证券ETF;创新药ETF;半导体ETF;酒ETF,沪深300;创业板;纳指;国债ETF,有色ETF;军工ETF;证券ETF;创新药ETF;半导体ETF;酒ETF
2025-07-03,965175.3606038821,676982.8448255885,288192.5157782936,0.5,False,halve,-0.14629207055997567,10,沪深300;创业板;纳指;国债ETF;有色ETF;军工ETF;证券ETF;创新药ETF;半导体ETF;酒ETF,沪深300;创业板;纳指;国债ETF,有色ETF;军工ETF;证券ETF;创新药ETF;半导体ETF;酒ETF
2025-07-04,963362.4531410818,691885.8010579263,271476.6520831556,0.5,False,halve,-0.14789560660068565,10,沪深300;创业板;纳指;国债ETF;有色ETF;军工ETF;证券ETF;创新药ETF;半导体ETF;酒ETF,沪深300;创业板;纳指;国债ETF,有色ETF;军工ETF;证券ETF;创新药ETF;半导体ETF;酒ETF
2025-07-07,959849.5171880964,699289.0592810141,260560.45790708228,0.5,False,halve,-0.15100283602353604,10,沪深300;创业板;纳指;国债ETF;有色ETF;军工ETF;证券ETF;创新药ETF;半导体ETF;酒ETF,沪深300;创业板;纳指;国债ETF,有色ETF;军工ETF;证券ETF;创新药ETF;半导体ETF;酒ETF
2025-07-08,965983.1805241784,709373.1661304182,256610.01439376024,0.5,False,halve,-0.1455775452004751,11,沪深300;创业板;纳指;黄金;国债ETF;军工ETF;证券ETF;有色ETF;创新药ETF;半导体ETF;酒ETF,沪深300;创业板;纳指;黄金;国债ETF,军工ETF;证券ETF;有色ETF;创新药ETF;半导体ETF;酒ETF
2025-07-09,962277.7083833561,715464.9349626835,246812.77342067263,0.5,False,halve,-0.1488550749407286,10,创业板;纳指;黄金;国债ETF;军工ETF;证券ETF;有色ETF;创新药ETF;半导体ETF;酒ETF,创业板;纳指;黄金;国债ETF,军工ETF;证券ETF;有色ETF;创新药ETF;半导体ETF;酒ETF
2025-07-10,966150.7364444232,735364.0395710196,230786.69687340362,0.5,False,halve,-0.14542934019693246,11,沪深300;创业板;纳指;黄金;国债ETF;证券ETF;军工ETF;有色ETF;创新药ETF;酒ETF;半导体ETF,沪深300;创业板;纳指;黄金;国债ETF,证券ETF;军工ETF;有色ETF;创新药ETF;酒ETF;半导体ETF
2025-07-11,977934.5678187065,705375.715072946,272558.85274576047,0.5,False,halve,-0.1350064153129864,11,沪深300;创业板;纳指;黄金;国债ETF;证券ETF;军工ETF;有色ETF;创新药ETF;半导体ETF;酒ETF,沪深300;创业板;纳指;黄金;国债ETF,证券ETF;军工ETF;有色ETF;创新药ETF;半导体ETF;酒ETF
2025-07-14,977011.0949360344,723224.5336514057,253786.5612846287,0.5,False,halve,-0.13582323695466897,11,沪深300;创业板;纳指;黄金;国债ETF;证券ETF;军工ETF;创新药ETF;有色ETF;酒ETF;半导体ETF,沪深300;创业板;纳指;黄金;国债ETF,证券ETF;军工ETF;创新药ETF;有色ETF;酒ETF;半导体ETF
2025-07-15,973656.8045305056,729900.4209209328,243756.38360957277,0.5,False,halve,-0.1387901426940083,11,沪深300;创业板;纳指;黄金;国债ETF;创新药ETF;证券ETF;军工ETF;有色ETF;半导体ETF;酒ETF,沪深300;创业板;纳指;黄金;国债ETF,创新药ETF;证券ETF;军工ETF;有色ETF;半导体ETF;酒ETF
2025-07-16,975429.7221769361,754008.2571944746,221421.46498246153,0.5,False,halve,-0.13722197807358646,10,沪深300;创业板;纳指;国债ETF;创新药ETF;证券ETF;军工ETF;有色ETF;半导体ETF;酒ETF,沪深300;创业板;纳指;国债ETF,创新药ETF;证券ETF;军工ETF;有色ETF;半导体ETF;酒ETF
2025-07-17,983603.8095691263,756611.8385813087,226991.97098781762,0.5,False,halve,-0.12999191034964205,10,沪深300;创业板;纳指;国债ETF;创新药ETF;军工ETF;证券ETF;有色ETF;半导体ETF;酒ETF,沪深300;创业板;纳指;国债ETF,创新药ETF;军工ETF;证券ETF;有色ETF;半导体ETF;酒ETF
2025-07-18,991519.4078844531,764205.7937286135,227313.61415583955,0.5,False,halve,-0.12299047897884069,10,沪深300;创业板;纳指;国债ETF;创新药ETF;军工ETF;证券ETF;有色ETF;半导体ETF;酒ETF,沪深300;创业板;纳指;国债ETF,创新药ETF;军工ETF;证券ETF;有色ETF;半导体ETF;酒ETF
2025-07-21,997462.3270031344,1568562.35246927,-571100.0254661355,1.0,False,warning,-0.1177339034561661,11,沪深300;创业板;纳指;黄金;国债ETF;创新药ETF;有色ETF;军工ETF;证券ETF;酒ETF;半导体ETF,沪深300;创业板;纳指;黄金;国债ETF,创新药ETF;有色ETF;军工ETF;证券ETF;酒ETF;半导体ETF
2025-07-22,1012435.7600497815,1610790.2508807133,-598354.4908309318,1.0,False,warning,-0.1044897417787855,11,沪深300;创业板;纳指;黄金;国债ETF;有色ETF;创新药ETF;军工ETF;证券ETF;酒ETF;半导体ETF,沪深300;创业板;纳指;黄金;国债ETF,有色ETF;创新药ETF;军工ETF;证券ETF;酒ETF;半导体ETF
2025-07-23,1009199.9566658383,1633637.4760176574,-624437.5193518192,1.0,False,warning,-0.10735184448026025,11,沪深300;创业板;纳指;黄金;国债ETF;创新药ETF;有色ETF;军工ETF;证券ETF;酒ETF;半导体ETF,沪深300;创业板;纳指;黄金;国债ETF,创新药ETF;有色ETF;军工ETF;证券ETF;酒ETF;半导体ETF
2025-07-24,1043621.8205443709,1520301.558478128,-476679.737933757,1.0,False,normal,-0.07690533772233557,11,沪深300;创业板;纳指;黄金;国债ETF;创新药ETF;有色ETF;证券ETF;军工ETF;酒ETF;半导体ETF,沪深300;创业板;纳指;黄金;国债ETF,创新药ETF;有色ETF;证券ETF;军工ETF;酒ETF;半导体ETF
2025-07-25,1041821.252946752,1547772.3485588718,-505951.09561211977,1.0,False,normal,-0.07849795902031223,11,沪深300;创业板;纳指;黄金;国债ETF;有色ETF;创新药ETF;证券ETF;军工ETF;半导体ETF;酒ETF,沪深300;创业板;纳指;黄金;国债ETF,有色ETF;创新药ETF;证券ETF;军工ETF;半导体ETF;酒ETF
2025-07-28,1052393.1524512733,1606670.3419330283,-554277.189481755,1.0,False,normal,-0.06914700083732878,10,沪深300;创业板;纳指;国债ETF;创新药ETF;有色ETF;证券ETF;军工ETF;半导体ETF;酒ETF,沪深300;创业板;纳指;国债ETF,创新药ETF;有色ETF;证券ETF;军工ETF;半导体ETF;酒ETF
2025-07-29,1067152.2162639822,1661179.724940699,-594027.5086767168,1.0,False,normal,-0.056092451040142134,9,沪深300;创业板;纳指;创新药ETF;有色ETF;证券ETF;军工ETF;半导体ETF;酒ETF,沪深300;创业板;纳指,创新药ETF;有色ETF;证券ETF;军工ETF;半导体ETF;酒ETF
2025-07-30,1055084.4972607219,1598824.4974904913,-543740.0002297694,1.0,False,normal,-0.06676647756822465,9,沪深300;创业板;纳指;创新药ETF;有色ETF;证券ETF;军工ETF;半导体ETF;酒ETF,沪深300;创业板;纳指,创新药ETF;有色ETF;证券ETF;军工ETF;半导体ETF;酒ETF
2025-07-31,1027908.75464081,1370632.449277606,-342723.69463679614,1.0,False,warning,-0.09080371257236354,9,沪深300;创业板;纳指;创新药ETF;有色ETF;证券ETF;军工ETF;半导体ETF;酒ETF,沪深300;创业板;纳指,创新药ETF;有色ETF;证券ETF;军工ETF;半导体ETF;酒ETF
2025-08-01,1017661.3200189685,1356203.5674862403,-338542.24746727175,1.0,False,warning,-0.09986767809631837,9,沪深300;创业板;纳指;创新药ETF;有色ETF;证券ETF;军工ETF;半导体ETF;酒ETF,沪深300;创业板;纳指,创新药ETF;有色ETF;证券ETF;军工ETF;半导体ETF;酒ETF
2025-08-04,1031061.4095463407,1387389.394011819,-356327.98446547834,1.0,False,warning,-0.08801515558935517,10,沪深300;创业板;纳指;黄金;创新药ETF;有色ETF;军工ETF;证券ETF;半导体ETF;酒ETF,沪深300;创业板;纳指;黄金,创新药ETF;有色ETF;军工ETF;证券ETF;半导体ETF;酒ETF
2025-08-05,1041002.4987676868,1432965.389536642,-391962.8907689552,1.0,False,normal,-0.07922215584864073,10,沪深300;创业板;纳指;黄金;创新药ETF;有色ETF;军工ETF;证券ETF;半导体ETF;酒ETF,沪深300;创业板;纳指;黄金,创新药ETF;有色ETF;军工ETF;证券ETF;半导体ETF;酒ETF
2025-08-06,1055069.9791370684,1470972.95330677,-415902.97416970157,1.0,False,normal,-0.06677931900387404,9,沪深300;创业板;纳指;创新药ETF;军工ETF;有色ETF;半导体ETF;证券ETF;酒ETF,沪深300;创业板;纳指,创新药ETF;军工ETF;有色ETF;半导体ETF;证券ETF;酒ETF
2025-08-07,1053084.7192220325,1503937.484481892,-450852.7652598596,1.0,False,normal,-0.06853530263197369,10,沪深300;创业板;纳指;国债ETF;创新药ETF;有色ETF;军工ETF;半导体ETF;证券ETF;酒ETF,沪深300;创业板;纳指;国债ETF,创新药ETF;有色ETF;军工ETF;半导体ETF;证券ETF;酒ETF
2025-08-08,1046915.1420109469,1515089.9117416104,-468174.7697306635,1.0,False,normal,-0.07399235966159037,10,沪深300;创业板;纳指;国债ETF;有色ETF;军工ETF;创新药ETF;证券ETF;半导体ETF;酒ETF,沪深300;创业板;纳指;国债ETF,有色ETF;军工ETF;创新药ETF;证券ETF;半导体ETF;酒ETF
2025-08-11,1062482.179672844,1547729.893122089,-485247.7134492451,1.0,False,normal,-0.06022314835315198,9,沪深300;创业板;纳指;有色ETF;军工ETF;创新药ETF;证券ETF;半导体ETF;酒ETF,沪深300;创业板;纳指,有色ETF;军工ETF;创新药ETF;证券ETF;半导体ETF;酒ETF
2025-08-12,1065961.4745071176,1601386.3860281769,-535424.9115210592,1.0,False,normal,-0.05714567485960912,9,沪深300;创业板;纳指;有色ETF;军工ETF;创新药ETF;半导体ETF;证券ETF;酒ETF,沪深300;创业板;纳指,有色ETF;军工ETF;创新药ETF;半导体ETF;证券ETF;酒ETF
2025-08-13,1090305.8771843705,1589367.9255823554,-499062.0483979848,0.8516009738864891,False,normal,-0.03561279031721008,9,沪深300;创业板;纳指;有色ETF;军工ETF;创新药ETF;证券ETF;半导体ETF;酒ETF,沪深300;创业板;纳指,有色ETF;军工ETF;创新药ETF;证券ETF;半导体ETF;酒ETF
2025-08-14,1082959.5409555952,1586923.5477946275,-503964.0068390323,0.8470765155643961,False,normal,-0.0421107032839419,9,沪深300;创业板;纳指;有色ETF;半导体ETF;创新药ETF;军工ETF;证券ETF;酒ETF,沪深300;创业板;纳指,有色ETF;半导体ETF;创新药ETF;军工ETF;证券ETF;酒ETF
2025-08-15,1112118.80776795,1543317.5772331893,-431198.76946523925,0.8323762405426425,False,normal,-0.01631901991690123,9,沪深300;创业板;纳指;有色ETF;证券ETF;半导体ETF;创新药ETF;军工ETF;酒ETF,沪深300;创业板;纳指,有色ETF;证券ETF;半导体ETF;创新药ETF;军工ETF;酒ETF
2025-08-18,1131671.8218636974,1577022.9885235005,-445351.16665980313,1.0,False,normal,0.0,10,沪深300;创业板;纳指;黄金;证券ETF;半导体ETF;有色ETF;创新药ETF;军工ETF;酒ETF,沪深300;创业板;纳指;黄金,证券ETF;半导体ETF;有色ETF;创新药ETF;军工ETF;酒ETF
2025-08-19,1116415.3983811366,1497788.3951499877,-381372.99676885107,0.84105299909581,False,normal,-0.013481314271336805,9,沪深300;创业板;纳指;有色ETF;半导体ETF;证券ETF;军工ETF;创新药ETF;酒ETF,沪深300;创业板;纳指,有色ETF;半导体ETF;证券ETF;军工ETF;创新药ETF;酒ETF
2025-08-20,1139235.3811710868,1509986.4320074,-370751.0508363133,0.8671659450193477,False,normal,0.0,9,沪深300;创业板;纳指;半导体ETF;有色ETF;军工ETF;证券ETF;创新药ETF;酒ETF,沪深300;创业板;纳指,半导体ETF;有色ETF;军工ETF;证券ETF;创新药ETF;酒ETF
2025-08-21,1131618.9328697561,1504403.7568232317,-372784.82395347557,1.0,False,normal,-0.006685579141249354,10,沪深300;创业板;纳指;黄金;半导体ETF;有色ETF;证券ETF;军工ETF;创新药ETF;酒ETF,沪深300;创业板;纳指;黄金,半导体ETF;有色ETF;证券ETF;军工ETF;创新药ETF;酒ETF
2025-08-22,1177371.4029290802,1341550.689059777,-164179.28613069677,1.0,False,normal,0.0,10,沪深300;创业板;纳指;黄金;半导体ETF;有色ETF;证券ETF;军工ETF;创新药ETF;酒ETF,沪深300;创业板;纳指;黄金,半导体ETF;有色ETF;证券ETF;军工ETF;创新药ETF;酒ETF
2025-08-25,1214673.130447333,1214673.130447333,0.0,1.0,False,normal,0.0,10,沪深300;创业板;纳指;黄金;半导体ETF;有色ETF;证券ETF;军工ETF;创新药ETF;酒ETF,沪深300;创业板;纳指;黄金,半导体ETF;有色ETF;证券ETF;军工ETF;创新药ETF;酒ETF
2025-08-26,1202218.466736406,1202218.466736406,0.0,1.0,False,normal,-0.01025351051137532,10,沪深300;创业板;纳指;黄金;半导体ETF;有色ETF;证券ETF;军工ETF;酒ETF;创新药ETF,沪深300;创业板;纳指;黄金,半导体ETF;有色ETF;证券ETF;军工ETF;酒ETF;创新药ETF
2025-08-27,1181731.0782576515,1181731.0782576515,0.0,1.0,False,normal,-0.027120096233255554,10,沪深300;创业板;纳指;黄金;半导体ETF;有色ETF;证券ETF;军工ETF;创新药ETF;酒ETF,沪深300;创业板;纳指;黄金,半导体ETF;有色ETF;证券ETF;军工ETF;创新药ETF;酒ETF
2025-08-28,1206451.0622485767,1206451.0622485767,0.0,1.0,False,normal,-0.006768955361454598,10,沪深300;创业板;纳指;黄金;半导体ETF;有色ETF;证券ETF;军工ETF;创新药ETF;酒ETF,沪深300;创业板;纳指;黄金,半导体ETF;有色ETF;证券ETF;军工ETF;创新药ETF;酒ETF
2025-08-29,1220414.0271385482,1220414.0271385482,0.0,1.0,False,normal,0.0,10,沪深300;创业板;纳指;黄金;半导体ETF;有色ETF;证券ETF;军工ETF;创新药ETF;酒ETF,沪深300;创业板;纳指;黄金,半导体ETF;有色ETF;证券ETF;军工ETF;创新药ETF;酒ETF
2025-09-01,1236314.099827998,1236314.099827998,0.0,1.0,False,normal,0.0,10,沪深300;创业板;纳指;黄金;半导体ETF;有色ETF;军工ETF;证券ETF;创新药ETF;酒ETF,沪深300;创业板;纳指;黄金,半导体ETF;有色ETF;军工ETF;证券ETF;创新药ETF;酒ETF
2025-09-02,1217413.5206473188,1217413.5206473188,0.0,1.0,False,normal,-0.015287845688493581,10,沪深300;创业板;纳指;黄金;半导体ETF;有色ETF;创新药ETF;证券ETF;军工ETF;酒ETF,沪深300;创业板;纳指;黄金,半导体ETF;有色ETF;创新药ETF;证券ETF;军工ETF;酒ETF
2025-09-03,1192497.1055817024,1056594.5184037285,135902.58717797394,1.0,False,normal,-0.03544163595027484,10,沪深300;创业板;纳指;黄金;半导体ETF;有色ETF;创新药ETF;证券ETF;酒ETF;军工ETF,沪深300;创业板;纳指;黄金,半导体ETF;有色ETF;创新药ETF;证券ETF;酒ETF;军工ETF
2025-09-04,1159477.016521832,905633.577016285,253843.43950554694,0.8069380977707513,False,normal,-0.062150131036163105,10,沪深300;创业板;纳指;黄金;有色ETF;半导体ETF;创新药ETF;证券ETF;酒ETF;军工ETF,沪深300;创业板;纳指;黄金,有色ETF;半导体ETF;创新药ETF;证券ETF;酒ETF;军工ETF
2025-09-05,1181953.6450887315,897491.7255673902,284461.91952134133,0.6668987824844365,False,normal,-0.043969776569586505,10,沪深300;创业板;纳指;黄金;有色ETF;半导体ETF;创新药ETF;证券ETF;酒ETF;军工ETF,沪深300;创业板;纳指;黄金,有色ETF;半导体ETF;创新药ETF;证券ETF;酒ETF;军工ETF
2025-09-08,1185279.7214110089,928147.14729095,257132.5741200589,0.681945734210499,False,normal,-0.041279459988436094,10,沪深300;创业板;纳指;黄金;有色ETF;半导体ETF;创新药ETF;酒ETF;证券ETF;军工ETF,沪深300;创业板;纳指;黄金,有色ETF;半导体ETF;创新药ETF;酒ETF;证券ETF;军工ETF
2025-09-09,1176058.9770428955,932886.4225177846,243172.55452511087,0.6952202319901346,False,normal,-0.04873771381680882,10,沪深300;创业板;纳指;黄金;有色ETF;半导体ETF;创新药ETF;酒ETF;证券ETF;军工ETF,沪深300;创业板;纳指;黄金,有色ETF;半导体ETF;创新药ETF;酒ETF;证券ETF;军工ETF
2025-09-10,1177110.1791469513,963007.100999864,214103.07814708725,0.716770336598899,False,normal,-0.04788744275365259,10,沪深300;创业板;纳指;黄金;有色ETF;半导体ETF;创新药ETF;酒ETF;证券ETF;军工ETF,沪深300;创业板;纳指;黄金,有色ETF;半导体ETF;创新药ETF;酒ETF;证券ETF;军工ETF
2025-09-11,1198118.9960554023,964959.4490896302,233159.54696577217,0.6813604924348204,False,normal,-0.030894336461834128,10,沪深300;创业板;纳指;黄金;有色ETF;半导体ETF;创新药ETF;酒ETF;证券ETF;军工ETF,沪深300;创业板;纳指;黄金,有色ETF;半导体ETF;创新药ETF;酒ETF;证券ETF;军工ETF
2025-09-12,1201684.241790168,998184.9030938996,203499.3386962684,0.6919789171502925,False,normal,-0.028010566281374587,10,沪深300;创业板;纳指;黄金;有色ETF;半导体ETF;创新药ETF;酒ETF;证券ETF;军工ETF,沪深300;创业板;纳指;黄金,有色ETF;半导体ETF;创新药ETF;酒ETF;证券ETF;军工ETF
2025-09-15,1197489.851372927,1019127.7333039383,178362.11806898867,0.7131187214184476,False,normal,-0.03140322387366814,10,沪深300;创业板;纳指;黄金;半导体ETF;有色ETF;创新药ETF;酒ETF;证券ETF;军工ETF,沪深300;创业板;纳指;黄金,半导体ETF;有色ETF;创新药ETF;酒ETF;证券ETF;军工ETF
2025-09-16,1195486.419460966,1046492.9768404606,148993.44262050546,1.0,False,normal,-0.03302371167061203,11,沪深300;创业板;纳指;黄金;国债ETF;半导体ETF;有色ETF;创新药ETF;酒ETF;证券ETF;军工ETF,沪深300;创业板;纳指;黄金;国债ETF,半导体ETF;有色ETF;创新药ETF;酒ETF;证券ETF;军工ETF
2025-09-17,1198818.0089037437,1082251.0266672317,116566.982236512,1.0,False,normal,-0.030328935769211904,11,沪深300;创业板;纳指;黄金;国债ETF;半导体ETF;有色ETF;创新药ETF;酒ETF;证券ETF;军工ETF,沪深300;创业板;纳指;黄金;国债ETF,半导体ETF;有色ETF;创新药ETF;酒ETF;证券ETF;军工ETF
2025-09-18,1186052.062080646,1071102.407355204,114949.65472544194,1.0,False,normal,-0.04065474765219037,11,沪深300;创业板;纳指;黄金;国债ETF;半导体ETF;有色ETF;创新药ETF;酒ETF;军工ETF;证券ETF,沪深300;创业板;纳指;黄金;国债ETF,半导体ETF;有色ETF;创新药ETF;酒ETF;军工ETF;证券ETF
2025-09-19,1183215.4001391225,1099182.5497268834,84032.85041223909,1.0,False,normal,-0.04294919850567338,11,沪深300;创业板;纳指;黄金;国债ETF;半导体ETF;有色ETF;创新药ETF;酒ETF;证券ETF;军工ETF,沪深300;创业板;纳指;黄金;国债ETF,半导体ETF;有色ETF;创新药ETF;酒ETF;证券ETF;军工ETF
2025-09-22,1192070.2650479628,1192070.2650479625,2.3283064365386963e-10,1.0,False,normal,-0.03578688845026577,11,沪深300;创业板;纳指;黄金;国债ETF;半导体ETF;有色ETF;创新药ETF;酒ETF;证券ETF;军工ETF,沪深300;创业板;纳指;黄金;国债ETF,半导体ETF;有色ETF;创新药ETF;酒ETF;证券ETF;军工ETF
2025-09-23,1180743.021348469,1180743.0213484687,2.3283064365386963e-10,0.7821935660278938,False,normal,-0.04494899676972093,10,沪深300;创业板;纳指;黄金;半导体ETF;有色ETF;创新药ETF;酒ETF;证券ETF;军工ETF,沪深300;创业板;纳指;黄金,半导体ETF;有色ETF;创新药ETF;酒ETF;证券ETF;军工ETF
2025-09-24,1200896.569091933,1200896.569091933,0.0,0.802891683600966,False,normal,-0.028647680019982347,10,沪深300;创业板;纳指;黄金;半导体ETF;有色ETF;创新药ETF;酒ETF;证券ETF;军工ETF,沪深300;创业板;纳指;黄金,半导体ETF;有色ETF;创新药ETF;酒ETF;证券ETF;军工ETF
2025-09-25,1204758.4290485801,1204758.4290485801,0.0,0.8280710715373881,False,normal,-0.025523991665069697,10,沪深300;创业板;纳指;黄金;半导体ETF;有色ETF;创新药ETF;酒ETF;证券ETF;军工ETF,沪深300;创业板;纳指;黄金,半导体ETF;有色ETF;创新药ETF;酒ETF;证券ETF;军工ETF
2025-09-26,1193816.6708940417,1193816.6708940417,0.0,0.7958127305241003,False,normal,-0.03437429771274862,10,沪深300;创业板;纳指;黄金;半导体ETF;有色ETF;创新药ETF;酒ETF;证券ETF;军工ETF,沪深300;创业板;纳指;黄金,半导体ETF;有色ETF;创新药ETF;酒ETF;证券ETF;军工ETF
2025-09-29,1218879.8429600042,1218879.8429600042,0.0,0.758113978783603,False,normal,-0.014101802179898613,10,沪深300;创业板;纳指;黄金;半导体ETF;有色ETF;证券ETF;创新药ETF;酒ETF;军工ETF,沪深300;创业板;纳指;黄金,半导体ETF;有色ETF;证券ETF;创新药ETF;酒ETF;军工ETF
2025-09-30,1237201.007231532,1237201.007231532,0.0,0.7813804119069212,False,normal,0.0,10,沪深300;创业板;纳指;黄金;半导体ETF;有色ETF;军工ETF;证券ETF;创新药ETF;酒ETF,沪深300;创业板;纳指;黄金,半导体ETF;有色ETF;军工ETF;证券ETF;创新药ETF;酒ETF
2025-10-09,1260884.2899383742,1260884.2899383742,0.0,0.7077581384857222,False,normal,0.0,10,沪深300;创业板;纳指;黄金;半导体ETF;有色ETF;军工ETF;创新药ETF;证券ETF;酒ETF,沪深300;创业板;纳指;黄金,半导体ETF;有色ETF;军工ETF;创新药ETF;证券ETF;酒ETF
2025-10-10,1233093.3011458907,1087029.145591156,146064.15555473464,0.6115955850140228,False,normal,-0.022040871644012434,10,沪深300;创业板;纳指;黄金;半导体ETF;有色ETF;军工ETF;证券ETF;创新药ETF;酒ETF,沪深300;创业板;纳指;黄金,半导体ETF;有色ETF;军工ETF;证券ETF;创新药ETF;酒ETF
2025-10-13,1237812.0056499823,1125057.3740395983,112754.63161038398,0.6259155650809355,False,normal,-0.018298494534751953,10,沪深300;创业板;纳指;黄金;半导体ETF;有色ETF;军工ETF;证券ETF;创新药ETF;酒ETF,沪深300;创业板;纳指;黄金,半导体ETF;有色ETF;军工ETF;证券ETF;创新药ETF;酒ETF
2025-10-14,1216737.1030853433,1063937.338880702,152799.76420464134,0.6054186885239087,False,normal,-0.03501287723648982,10,沪深300;创业板;纳指;黄金;半导体ETF;有色ETF;军工ETF;证券ETF;酒ETF;创新药ETF,沪深300;创业板;纳指;黄金,半导体ETF;有色ETF;军工ETF;证券ETF;酒ETF;创新药ETF
2025-10-15,1229189.2879112216,1091959.4835858368,137229.8043253848,0.5909006728188396,False,normal,-0.025137121843830466,10,沪深300;创业板;纳指;黄金;有色ETF;半导体ETF;军工ETF;证券ETF;酒ETF;创新药ETF,沪深300;创业板;纳指;黄金,有色ETF;半导体ETF;军工ETF;证券ETF;酒ETF;创新药ETF
2025-10-16,1223941.8576801852,1113855.3821745461,110086.4755056391,0.608987320383502,False,normal,-0.029298828253300324,10,沪深300;创业板;纳指;黄金;有色ETF;半导体ETF;军工ETF;证券ETF;酒ETF;创新药ETF,沪深300;创业板;纳指;黄金,有色ETF;半导体ETF;军工ETF;证券ETF;酒ETF;创新药ETF
2025-10-17,1195638.0396145538,1010724.3058729336,184913.7337416202,0.6019590322270791,False,normal,-0.05174642181243237,10,沪深300;创业板;纳指;黄金;有色ETF;半导体ETF;证券ETF;军工ETF;酒ETF;创新药ETF,沪深300;创业板;纳指;黄金,有色ETF;半导体ETF;证券ETF;军工ETF;酒ETF;创新药ETF
2025-10-20,1195212.2922101547,1042097.5044028119,153114.78780734283,0.6201254978044938,False,normal,-0.05208407960371147,10,沪深300;创业板;纳指;黄金;有色ETF;半导体ETF;军工ETF;证券ETF;酒ETF;创新药ETF,沪深300;创业板;纳指;黄金,有色ETF;半导体ETF;军工ETF;证券ETF;酒ETF;创新药ETF
2025-10-21,1209503.4483151191,1059311.0380534644,150192.41026165476,0.5952661238842654,False,normal,-0.04074984678075916,10,沪深300;创业板;纳指;黄金;有色ETF;半导体ETF;军工ETF;证券ETF;酒ETF;创新药ETF,沪深300;创业板;纳指;黄金,有色ETF;半导体ETF;军工ETF;证券ETF;酒ETF;创新药ETF
2025-10-22,1200275.6756020582,1070567.1848560032,129708.49074605503,0.5776076705408945,False,normal,-0.04806833967237252,10,沪深300;创业板;纳指;黄金;有色ETF;半导体ETF;军工ETF;证券ETF;酒ETF;创新药ETF,沪深300;创业板;纳指;黄金,有色ETF;半导体ETF;军工ETF;证券ETF;酒ETF;创新药ETF
2025-10-23,1201508.4184729157,1105168.2849564205,96340.13351649512,0.592177627182593,False,normal,-0.047090658468240995,10,沪深300;创业板;纳指;黄金;有色ETF;半导体ETF;证券ETF;军工ETF;酒ETF;创新药ETF,沪深300;创业板;纳指;黄金,有色ETF;半导体ETF;证券ETF;军工ETF;酒ETF;创新药ETF
2025-10-24,1218024.6329348066,1118738.0816779241,99286.55125688249,0.5934417233416773,False,normal,-0.03399174479813871,10,沪深300;创业板;纳指;黄金;有色ETF;半导体ETF;证券ETF;军工ETF;酒ETF;创新药ETF,沪深300;创业板;纳指;黄金,有色ETF;半导体ETF;证券ETF;军工ETF;酒ETF;创新药ETF
2025-10-27,1234102.784624424,1137895.6558723657,96207.12875205837,0.5944782928424549,False,normal,-0.021240256165979413,10,沪深300;创业板;纳指;黄金;有色ETF;半导体ETF;证券ETF;军工ETF;酒ETF;创新药ETF,沪深300;创业板;纳指;黄金,有色ETF;半导体ETF;证券ETF;军工ETF;酒ETF;创新药ETF
2025-10-28,1224928.951618804,1224928.951618804,0.0,0.5842699833001743,False,normal,-0.028515969789208503,10,沪深300;创业板;纳指;黄金;有色ETF;半导体ETF;证券ETF;军工ETF;酒ETF;创新药ETF,沪深300;创业板;纳指;黄金,有色ETF;半导体ETF;证券ETF;军工ETF;酒ETF;创新药ETF
2025-10-29,1241775.038613441,1241775.038613441,0.0,0.5699970901963418,False,normal,-0.015155436131151433,10,沪深300;创业板;纳指;黄金;有色ETF;半导体ETF;证券ETF;军工ETF;酒ETF;创新药ETF,沪深300;创业板;纳指;黄金,有色ETF;半导体ETF;证券ETF;军工ETF;酒ETF;创新药ETF
2025-10-30,1226051.6972187054,1226051.6972187054,0.0,0.5678619771889646,False,normal,-0.027625526781185607,10,沪深300;创业板;纳指;黄金;有色ETF;半导体ETF;证券ETF;军工ETF;酒ETF;创新药ETF,沪深300;创业板;纳指;黄金,有色ETF;半导体ETF;证券ETF;军工ETF;酒ETF;创新药ETF
2025-10-31,1219041.2543454496,1219041.2543454496,0.0,0.5715122845207965,False,normal,-0.033185468267647025,10,沪深300;创业板;纳指;黄金;有色ETF;半导体ETF;证券ETF;酒ETF;军工ETF;创新药ETF,沪深300;创业板;纳指;黄金,有色ETF;半导体ETF;证券ETF;酒ETF;军工ETF;创新药ETF
2025-11-03,1213543.6023339832,1213543.6023339832,0.0,0.588853168706927,False,normal,-0.037545624116472096,10,沪深300;创业板;纳指;黄金;有色ETF;半导体ETF;军工ETF;酒ETF;证券ETF;创新药ETF,沪深300;创业板;纳指;黄金,有色ETF;半导体ETF;军工ETF;酒ETF;证券ETF;创新药ETF
2025-11-04,1194343.279320383,1194343.279320383,0.0,0.5719306448813614,False,normal,-0.05277328867444562,10,沪深300;创业板;纳指;黄金;有色ETF;证券ETF;酒ETF;半导体ETF;军工ETF;创新药ETF,沪深300;创业板;纳指;黄金,有色ETF;证券ETF;酒ETF;半导体ETF;军工ETF;创新药ETF
2025-11-05,1190904.8696001447,1190904.8696001444,2.3283064365386963e-10,0.5883277460383054,False,normal,-0.055500271433828206,10,沪深300;创业板;纳指;黄金;有色ETF;酒ETF;证券ETF;半导体ETF;军工ETF;创新药ETF,沪深300;创业板;纳指;黄金,有色ETF;酒ETF;证券ETF;半导体ETF;军工ETF;创新药ETF
2025-11-06,1210475.7144791563,1210475.7144791563,0.0,0.5808002445132846,False,normal,-0.03997874813848431,10,沪深300;创业板;纳指;黄金;有色ETF;半导体ETF;酒ETF;证券ETF;军工ETF;创新药ETF,沪深300;创业板;纳指;黄金,有色ETF;半导体ETF;酒ETF;证券ETF;军工ETF;创新药ETF
2025-11-07,1203603.8141166854,1203603.8141166854,0.0,0.5936281986671839,False,normal,-0.045428812365080985,10,沪深300;创业板;纳指;黄金;有色ETF;酒ETF;证券ETF;半导体ETF;创新药ETF;军工ETF,沪深300;创业板;纳指;黄金,有色ETF;酒ETF;证券ETF;半导体ETF;创新药ETF;军工ETF
2025-11-10,1216505.8955983347,1216505.8955983347,0.0,0.6092954495964468,False,normal,-0.035196246550275014,10,沪深300;创业板;纳指;黄金;有色ETF;半导体ETF;酒ETF;证券ETF;创新药ETF;军工ETF,沪深300;创业板;纳指;黄金,有色ETF;半导体ETF;酒ETF;证券ETF;创新药ETF;军工ETF
2025-11-11,1204675.052424751,1204675.052424751,0.0,0.62648096372788,False,normal,-0.044579219490767416,10,沪深300;创业板;纳指;黄金;有色ETF;酒ETF;半导体ETF;证券ETF;创新药ETF;军工ETF,沪深300;创业板;纳指;黄金,有色ETF;酒ETF;半导体ETF;证券ETF;创新药ETF;军工ETF
2025-11-12,1202386.5513704356,1202386.5513704356,0.0,0.6459427013751194,False,normal,-0.04639421637238231,10,沪深300;创业板;纳指;黄金;有色ETF;酒ETF;半导体ETF;证券ETF;创新药ETF;军工ETF,沪深300;创业板;纳指;黄金,有色ETF;酒ETF;半导体ETF;证券ETF;创新药ETF;军工ETF
2025-11-13,1222450.8514502938,1222450.8514502938,0.0,0.6431600861206698,False,normal,-0.030481336626026832,10,沪深300;创业板;纳指;黄金;有色ETF;半导体ETF;酒ETF;创新药ETF;证券ETF;军工ETF,沪深300;创业板;纳指;黄金,有色ETF;半导体ETF;酒ETF;创新药ETF;证券ETF;军工ETF
2025-11-14,1204584.1097562409,1204584.1097562409,0.0,0.5812152660122928,False,normal,-0.04465134559245322,10,沪深300;创业板;纳指;黄金;有色ETF;半导体ETF;酒ETF;创新药ETF;证券ETF;军工ETF,沪深300;创业板;纳指;黄金,有色ETF;半导体ETF;酒ETF;创新药ETF;证券ETF;军工ETF
2025-11-17,1199493.5574701629,1199493.5574701626,2.3283064365386963e-10,0.581195513913006,False,normal,-0.04868863301581131,10,沪深300;创业板;纳指;黄金;有色ETF;酒ETF;半导体ETF;军工ETF;创新药ETF;证券ETF,沪深300;创业板;纳指;黄金,有色ETF;酒ETF;半导体ETF;军工ETF;创新药ETF;证券ETF
2025-11-18,1191193.7330298836,1191193.7330298836,0.0,0.6222860255007678,False,normal,-0.05527117552705549,9,沪深300;纳指;黄金;有色ETF;酒ETF;半导体ETF;军工ETF;证券ETF;创新药ETF,沪深300;纳指;黄金,有色ETF;酒ETF;半导体ETF;军工ETF;证券ETF;创新药ETF
2025-11-19,1193129.574800501,1310043.8045619775,-116914.2297614764,0.6333804354057326,False,normal,-0.05373587067310086,9,沪深300;纳指;黄金;有色ETF;半导体ETF;酒ETF;军工ETF;证券ETF;创新药ETF,沪深300;纳指;黄金,有色ETF;半导体ETF;酒ETF;军工ETF;证券ETF;创新药ETF
2025-11-20,1184547.0903667992,1330878.368359909,-146331.27799310978,0.6363845135265079,False,normal,-0.06054258918184001,9,沪深300;纳指;黄金;有色ETF;酒ETF;证券ETF;创新药ETF;半导体ETF;军工ETF,沪深300;纳指;黄金,有色ETF;酒ETF;证券ETF;创新药ETF;半导体ETF;军工ETF
2025-11-21,1144309.732878435,1144309.732878435,0.0,0.4924455400327922,False,warning,-0.09245460347962368,8,纳指;黄金;有色ETF;酒ETF;创新药ETF;军工ETF;证券ETF;半导体ETF,纳指;黄金,有色ETF;酒ETF;创新药ETF;军工ETF;证券ETF;半导体ETF
2025-11-24,1153886.5227582122,1153886.5227582122,0.0,0.5062864231474546,False,warning,-0.08485930710215411,8,纳指;黄金;有色ETF;酒ETF;军工ETF;创新药ETF;证券ETF;半导体ETF,纳指;黄金,有色ETF;酒ETF;军工ETF;创新药ETF;证券ETF;半导体ETF
2025-11-25,1161255.2299695343,1161255.2299695343,0.0,0.7310961347248123,False,normal,-0.07901522825199864,9,纳指;黄金;国债ETF;有色ETF;酒ETF;创新药ETF;军工ETF;半导体ETF;证券ETF,纳指;黄金;国债ETF,有色ETF;酒ETF;创新药ETF;军工ETF;半导体ETF;证券ETF
2025-11-26,1162538.4739491139,1162538.4739491139,0.0,0.7487257639030109,False,normal,-0.07799749491213583,9,纳指;黄金;国债ETF;有色ETF;酒ETF;创新药ETF;军工ETF;半导体ETF;证券ETF,纳指;黄金;国债ETF,有色ETF;酒ETF;创新药ETF;军工ETF;半导体ETF;证券ETF
2025-11-27,1161917.2365313424,1161917.2365313421,2.3283064365386963e-10,0.7716542499734362,False,normal,-0.07849019469650846,9,纳指;黄金;国债ETF;有色ETF;酒ETF;创新药ETF;军工ETF;半导体ETF;证券ETF,纳指;黄金;国债ETF,有色ETF;酒ETF;创新药ETF;军工ETF;半导体ETF;证券ETF
2025-11-28,1170792.2487772624,1170792.2487772624,0.0,0.7888481592208352,False,normal,-0.07145147408055583,9,纳指;黄金;国债ETF;有色ETF;酒ETF;半导体ETF;军工ETF;创新药ETF;证券ETF,纳指;黄金;国债ETF,有色ETF;酒ETF;半导体ETF;军工ETF;创新药ETF;证券ETF
2025-12-01,1183638.0637834813,1183638.063783481,2.3283064365386963e-10,0.8130751288674887,False,normal,-0.06126353288029971,9,纳指;黄金;国债ETF;有色ETF;半导体ETF;酒ETF;军工ETF;创新药ETF;证券ETF,纳指;黄金;国债ETF,有色ETF;半导体ETF;酒ETF;军工ETF;创新药ETF;证券ETF
2025-12-02,1170319.9506830538,1266608.2776981252,-96288.32701507141,0.8362352763331181,False,normal,-0.07182605095329303,9,纳指;黄金;国债ETF;有色ETF;半导体ETF;酒ETF;军工ETF;创新药ETF;证券ETF,纳指;黄金;国债ETF,有色ETF;半导体ETF;酒ETF;军工ETF;创新药ETF;证券ETF
2025-12-03,1161689.250436988,1286508.648140856,-124819.3977038681,0.859338252752133,False,normal,-0.07867100914250776,9,纳指;黄金;国债ETF;有色ETF;军工ETF;酒ETF;半导体ETF;创新药ETF;证券ETF,纳指;黄金;国债ETF,有色ETF;军工ETF;酒ETF;半导体ETF;创新药ETF;证券ETF
2025-12-04,1166798.587588045,1324766.01809118,-157967.43050313485,1.0,False,normal,-0.07461882355194352,9,纳指;黄金;国债ETF;有色ETF;半导体ETF;军工ETF;创新药ETF;酒ETF;证券ETF,纳指;黄金;国债ETF,有色ETF;半导体ETF;军工ETF;创新药ETF;酒ETF;证券ETF
2025-12-05,1184186.4349849902,1326033.5495354754,-141847.11455048528,0.7805108614497144,False,normal,-0.06082862286842565,11,沪深300;创业板;纳指;黄金;国债ETF;有色ETF;军工ETF;半导体ETF;证券ETF;创新药ETF;酒ETF,沪深300;创业板;纳指;黄金;国债ETF,有色ETF;军工ETF;半导体ETF;证券ETF;创新药ETF;酒ETF
2025-12-08,1195891.8215597984,1356606.432310636,-160714.61075083748,0.7989921152930803,False,normal,-0.0515451488270603,11,沪深300;创业板;纳指;黄金;国债ETF;有色ETF;半导体ETF;军工ETF;证券ETF;创新药ETF;酒ETF,沪深300;创业板;纳指;黄金;国债ETF,有色ETF;半导体ETF;军工ETF;证券ETF;创新药ETF;酒ETF
2025-12-09,1180399.0837862839,1335071.0494812743,-154671.96569499047,0.7504456766751424,False,normal,-0.06383234908575477,10,沪深300;创业板;纳指;国债ETF;有色ETF;半导体ETF;军工ETF;证券ETF;创新药ETF;酒ETF,沪深300;创业板;纳指;国债ETF,有色ETF;半导体ETF;军工ETF;证券ETF;创新药ETF;酒ETF
2025-12-10,1187369.5993076507,1375274.5518039942,-187904.95249634353,0.7487099480386387,False,normal,-0.05830407374995252,9,创业板;纳指;国债ETF;军工ETF;有色ETF;半导体ETF;证券ETF;创新药ETF;酒ETF,创业板;纳指;国债ETF,军工ETF;有色ETF;半导体ETF;证券ETF;创新药ETF;酒ETF
2025-12-11,1175988.069327431,1380478.9032377065,-204490.83391027548,0.7666960841086442,False,normal,-0.06733069900894115,10,沪深300;创业板;纳指;国债ETF;有色ETF;军工ETF;半导体ETF;证券ETF;创新药ETF;酒ETF,沪深300;创业板;纳指;国债ETF,有色ETF;军工ETF;半导体ETF;证券ETF;创新药ETF;酒ETF
2025-12-12,1186829.1816708252,1412204.5064168489,-225375.32474602363,0.7863386920070786,False,normal,-0.05873267583591545,10,沪深300;创业板;纳指;国债ETF;有色ETF;半导体ETF;军工ETF;证券ETF;创新药ETF;酒ETF,沪深300;创业板;纳指;国债ETF,有色ETF;半导体ETF;军工ETF;证券ETF;创新药ETF;酒ETF
2025-12-15,1180763.022272149,1441552.3214551334,-260789.29918298428,0.7530856650254742,False,normal,-0.06354371158842896,9,创业板;纳指;国债ETF;有色ETF;军工ETF;半导体ETF;证券ETF;创新药ETF;酒ETF,创业板;纳指;国债ETF,有色ETF;军工ETF;半导体ETF;证券ETF;创新药ETF;酒ETF
2025-12-16,1160515.5542444375,1387032.057327863,-226516.50308342557,0.8682079434713132,False,normal,-0.07960186076935119,9,创业板;黄金;国债ETF;军工ETF;有色ETF;半导体ETF;证券ETF;酒ETF;创新药ETF,创业板;黄金;国债ETF,军工ETF;有色ETF;半导体ETF;证券ETF;酒ETF;创新药ETF
2025-12-17,1180660.1026060227,1370522.4793391638,-189862.37673314102,0.7769475183664947,False,normal,-0.06362533657729404,10,创业板;纳指;黄金;国债ETF;有色ETF;军工ETF;半导体ETF;证券ETF;创新药ETF;酒ETF,创业板;纳指;黄金;国债ETF,有色ETF;军工ETF;半导体ETF;证券ETF;创新药ETF;酒ETF
2025-12-18,1177158.0623333398,1407233.0539625906,-230074.9916292508,1.0,False,normal,-0.06640278435789417,8,黄金;国债ETF;有色ETF;军工ETF;半导体ETF;证券ETF;创新药ETF;酒ETF,黄金;国债ETF,有色ETF;军工ETF;半导体ETF;证券ETF;创新药ETF;酒ETF
2025-12-19,1189742.1750017174,1434894.2071836144,-245152.03218189697,1.0,False,normal,-0.056422397760332046,8,黄金;国债ETF;有色ETF;军工ETF;半导体ETF;证券ETF;创新药ETF;酒ETF,黄金;国债ETF,有色ETF;军工ETF;半导体ETF;证券ETF;创新药ETF;酒ETF
2025-12-22,1202419.2508533434,1467183.3244218007,-264764.0735684573,1.0,False,normal,-0.046368282602591765,8,黄金;国债ETF;有色ETF;军工ETF;半导体ETF;证券ETF;创新药ETF;酒ETF,黄金;国债ETF,有色ETF;军工ETF;半导体ETF;证券ETF;创新药ETF;酒ETF
2025-12-23,1199697.1719791242,1506835.0518830994,-307137.8799039752,1.0,False,normal,-0.04852714753249921,8,黄金;国债ETF;有色ETF;军工ETF;半导体ETF;证券ETF;创新药ETF;酒ETF,黄金;国债ETF,有色ETF;军工ETF;半导体ETF;证券ETF;创新药ETF;酒ETF
2025-12-24,1213575.9066123052,1539372.8440106385,-325796.93739833334,1.0,False,normal,-0.03752000378114092,8,黄金;国债ETF;有色ETF;军工ETF;半导体ETF;证券ETF;创新药ETF;酒ETF,黄金;国债ETF,有色ETF;军工ETF;半导体ETF;证券ETF;创新药ETF;酒ETF
2025-12-25,1222528.4525207917,1589312.9831762142,-366784.5306554225,0.8586126660480571,False,normal,-0.03041979166816105,10,沪深300;创业板;黄金;国债ETF;有色ETF;军工ETF;证券ETF;半导体ETF;酒ETF;创新药ETF,沪深300;创业板;黄金;国债ETF,有色ETF;军工ETF;证券ETF;半导体ETF;酒ETF;创新药ETF
2025-12-26,1234109.1565751452,1637651.569618504,-403542.4130433588,0.6625210596199721,False,normal,-0.021235202608906822,9,沪深300;创业板;黄金;有色ETF;军工ETF;证券ETF;半导体ETF;创新药ETF;酒ETF,沪深300;创业板;黄金,有色ETF;军工ETF;证券ETF;半导体ETF;创新药ETF;酒ETF
2025-12-29,1223117.5897578346,1634804.512143861,-411686.9223860265,0.666500823442985,False,normal,-0.029952550350504786,9,沪深300;创业板;黄金;军工ETF;有色ETF;半导体ETF;证券ETF;创新药ETF;酒ETF,沪深300;创业板;黄金,军工ETF;有色ETF;半导体ETF;证券ETF;创新药ETF;酒ETF
2025-12-30,1225322.0405826378,1689208.500630133,-463886.4600474953,0.7028859769336174,False,normal,-0.028204213217276685,10,沪深300;创业板;纳指;黄金;军工ETF;有色ETF;半导体ETF;证券ETF;酒ETF;创新药ETF,沪深300;创业板;纳指;黄金,军工ETF;有色ETF;半导体ETF;证券ETF;酒ETF;创新药ETF
2025-12-31,1224927.279737424,1740210.7739527891,-515283.49421536503,0.5494448945197798,False,normal,-0.028517295748611067,7,黄金;军工ETF;有色ETF;证券ETF;半导体ETF;酒ETF;创新药ETF,黄金,军工ETF;有色ETF;证券ETF;半导体ETF;酒ETF;创新药ETF
2026-01-05,1276646.3640489408,1477845.390160899,-201199.02611195808,0.6374850710907181,False,normal,0.0,10,沪深300;创业板;纳指;黄金;军工ETF;有色ETF;半导体ETF;证券ETF;创新药ETF;酒ETF,沪深300;创业板;纳指;黄金,军工ETF;有色ETF;半导体ETF;证券ETF;创新药ETF;酒ETF
2026-01-06,1312647.1895526522,1312647.1895526522,0.0,0.6129874172596106,False,normal,0.0,9,沪深300;创业板;黄金;军工ETF;有色ETF;半导体ETF;证券ETF;创新药ETF;酒ETF,沪深300;创业板;黄金,军工ETF;有色ETF;半导体ETF;证券ETF;创新药ETF;酒ETF
2026-01-07,1315985.4664944732,1462725.74332033,-146740.27682585688,0.6277933309140958,False,normal,0.0,9,沪深300;创业板;黄金;有色ETF;军工ETF;半导体ETF;证券ETF;创新药ETF;酒ETF,沪深300;创业板;黄金,有色ETF;军工ETF;半导体ETF;证券ETF;创新药ETF;酒ETF
2026-01-08,1316354.8335329741,1503482.7044941732,-187127.87096119905,0.6369439327302324,False,normal,0.0,9,沪深300;创业板;黄金;军工ETF;有色ETF;半导体ETF;证券ETF;创新药ETF;酒ETF,沪深300;创业板;黄金,军工ETF;有色ETF;半导体ETF;证券ETF;创新药ETF;酒ETF
2026-01-09,1341557.2213987673,1520597.0842897194,-179039.86289095203,0.651417360487083,False,normal,0.0,9,沪深300;创业板;黄金;军工ETF;有色ETF;半导体ETF;证券ETF;创新药ETF;酒ETF,沪深300;创业板;黄金,军工ETF;有色ETF;半导体ETF;证券ETF;创新药ETF;酒ETF
2026-01-12,1373695.3078013537,1513352.8869265856,-139657.57912523183,0.6434783531395419,False,normal,0.0,9,沪深300;创业板;黄金;军工ETF;有色ETF;半导体ETF;证券ETF;创新药ETF;酒ETF,沪深300;创业板;黄金,军工ETF;有色ETF;半导体ETF;证券ETF;创新药ETF;酒ETF
2026-01-13,1348010.951617008,1348010.9516170078,2.3283064365386963e-10,0.7134812149183498,False,normal,-0.018697272996771284,10,沪深300;创业板;纳指;黄金;军工ETF;有色ETF;半导体ETF;创新药ETF;证券ETF;酒ETF,沪深300;创业板;纳指;黄金,军工ETF;有色ETF;半导体ETF;创新药ETF;证券ETF;酒ETF
2026-01-14,1347900.7779900087,1347900.7779900087,0.0,0.735468115472873,False,normal,-0.018777475372344445,10,沪深300;创业板;纳指;黄金;军工ETF;有色ETF;半导体ETF;创新药ETF;证券ETF;酒ETF,沪深300;创业板;纳指;黄金,军工ETF;有色ETF;半导体ETF;创新药ETF;证券ETF;酒ETF
2026-01-15,1342772.7790109245,1342772.7790109245,0.0,0.7570401343093324,False,normal,-0.022510471292154152,10,沪深300;创业板;纳指;黄金;有色ETF;军工ETF;半导体ETF;创新药ETF;证券ETF;酒ETF,沪深300;创业板;纳指;黄金,有色ETF;军工ETF;半导体ETF;创新药ETF;证券ETF;酒ETF
2026-01-16,1340537.2680654582,1465147.94350463,-124610.67543917173,0.7000286987397164,False,normal,-0.024137841592373317,9,沪深300;创业板;黄金;有色ETF;军工ETF;半导体ETF;创新药ETF;证券ETF;酒ETF,沪深300;创业板;黄金,有色ETF;军工ETF;半导体ETF;创新药ETF;证券ETF;酒ETF
2026-01-19,1340809.4188411979,1508565.3973456777,-167755.97850447986,0.7783037210540578,False,normal,-0.023939725769894983,10,沪深300;创业板;纳指;黄金;有色ETF;军工ETF;半导体ETF;创新药ETF;证券ETF;酒ETF,沪深300;创业板;纳指;黄金,有色ETF;军工ETF;半导体ETF;创新药ETF;证券ETF;酒ETF
2026-01-20,1331775.11100791,1516387.2483146058,-184612.1373066958,0.7921056985648792,False,normal,-0.0305163718296006,10,沪深300;创业板;纳指;黄金;有色ETF;军工ETF;半导体ETF;创新药ETF;证券ETF;酒ETF,沪深300;创业板;纳指;黄金,有色ETF;军工ETF;半导体ETF;创新药ETF;证券ETF;酒ETF
2026-01-21,1344235.2145958063,1566513.8794933734,-222278.66489756713,0.7100782557110935,False,normal,-0.02144587161231504,9,沪深300;创业板;黄金;有色ETF;军工ETF;半导体ETF;创新药ETF;证券ETF;酒ETF,沪深300;创业板;黄金,有色ETF;军工ETF;半导体ETF;创新药ETF;证券ETF;酒ETF
2026-01-22,1345329.1052624425,1615230.3002226765,-269901.194960234,0.7323747863394641,False,normal,-0.02064955916921077,9,沪深300;创业板;黄金;有色ETF;军工ETF;半导体ETF;创新药ETF;证券ETF;酒ETF,沪深300;创业板;黄金,有色ETF;军工ETF;半导体ETF;创新药ETF;证券ETF;酒ETF
2026-01-23,1361936.221461463,1660784.9818493517,-298848.76038788864,0.7386802847965874,False,normal,-0.00856018527042328,9,沪深300;创业板;黄金;有色ETF;军工ETF;半导体ETF;创新药ETF;证券ETF;酒ETF,沪深300;创业板;黄金,有色ETF;军工ETF;半导体ETF;创新药ETF;证券ETF;酒ETF
2026-01-26,1360229.813716043,1701165.9763233198,-340936.1626072768,0.7554460553833363,False,normal,-0.009802387770300175,9,沪深300;创业板;黄金;有色ETF;军工ETF;半导体ETF;创新药ETF;证券ETF;酒ETF,沪深300;创业板;黄金,有色ETF;军工ETF;半导体ETF;创新药ETF;证券ETF;酒ETF
2026-01-27,1357147.695763737,1739345.241101774,-382197.54533803696,0.7791700041147959,False,normal,-0.012046057043102083,9,沪深300;创业板;黄金;有色ETF;半导体ETF;军工ETF;创新药ETF;证券ETF;酒ETF,沪深300;创业板;黄金,有色ETF;半导体ETF;军工ETF;创新药ETF;证券ETF;酒ETF
2026-01-28,1372357.4480891647,1794835.2409799485,-422477.79289078387,0.7867709722041084,False,normal,-0.0009739129955465551,9,沪深300;创业板;黄金;有色ETF;半导体ETF;军工ETF;创新药ETF;证券ETF;酒ETF,沪深300;创业板;黄金,有色ETF;半导体ETF;军工ETF;创新药ETF;证券ETF;酒ETF
2026-01-29,1395192.9703967408,1835567.7575725908,-440374.78717585,0.7246160161870123,False,normal,0.0,9,沪深300;创业板;黄金;有色ETF;半导体ETF;军工ETF;酒ETF;创新药ETF;证券ETF,沪深300;创业板;黄金,有色ETF;半导体ETF;军工ETF;酒ETF;创新药ETF;证券ETF
2026-01-30,1339746.8423722526,1339746.8423722526,0.0,0.7636630933518043,False,normal,-0.039740830982485105,10,沪深300;创业板;黄金;国债ETF;有色ETF;半导体ETF;军工ETF;酒ETF;证券ETF;创新药ETF,沪深300;创业板;黄金;国债ETF,有色ETF;半导体ETF;军工ETF;酒ETF;证券ETF;创新药ETF
2026-02-02,1294904.7545194642,1104744.2225372621,190160.53198220208,0.299931950087783,False,normal,-0.07188125084142187,8,创业板;黄金;有色ETF;半导体ETF;军工ETF;酒ETF;创新药ETF;证券ETF,创业板;黄金,有色ETF;半导体ETF;军工ETF;酒ETF;创新药ETF;证券ETF
2026-02-03,1320725.8247081558,1081785.3960825258,238940.42862562998,0.42882443415331506,False,normal,-0.053374083204712056,9,创业板;黄金;国债ETF;有色ETF;军工ETF;半导体ETF;酒ETF;创新药ETF;证券ETF,创业板;黄金;国债ETF,有色ETF;军工ETF;半导体ETF;酒ETF;创新药ETF;证券ETF
2026-02-04,1325757.1404508795,1117769.6906372788,207987.44981360063,0.29016920686488545,False,normal,-0.049767904095815794,8,创业板;黄金;有色ETF;军工ETF;半导体ETF;酒ETF;证券ETF;创新药ETF,创业板;黄金,有色ETF;军工ETF;半导体ETF;酒ETF;证券ETF;创新药ETF
2026-02-05,1314162.7207649173,1123366.5746891543,190796.14607576304,0.2856639433434981,False,normal,-0.05807816649820242,8,创业板;黄金;有色ETF;半导体ETF;酒ETF;军工ETF;证券ETF;创新药ETF,创业板;黄金,有色ETF;半导体ETF;酒ETF;军工ETF;证券ETF;创新药ETF
2026-02-06,1305027.5373672517,1139779.48252313,165248.05484412168,0.2927435306178714,False,normal,-0.06462577933133468,8,创业板;黄金;有色ETF;半导体ETF;酒ETF;军工ETF;证券ETF;创新药ETF,创业板;黄金,有色ETF;半导体ETF;酒ETF;军工ETF;证券ETF;创新药ETF
2026-02-09,1321118.6271007077,1156267.7182311413,164850.9088695664,0.47430720468457427,False,normal,-0.05309254337410338,10,沪深300;创业板;黄金;国债ETF;有色ETF;半导体ETF;军工ETF;酒ETF;证券ETF;创新药ETF,沪深300;创业板;黄金;国债ETF,有色ETF;半导体ETF;军工ETF;酒ETF;证券ETF;创新药ETF
2026-02-10,1321597.0193702506,1193029.1804143155,128567.83895593509,0.48860255329856717,False,normal,-0.052749657278994354,10,沪深300;创业板;黄金;国债ETF;有色ETF;半导体ETF;军工ETF;酒ETF;证券ETF;创新药ETF,沪深300;创业板;黄金;国债ETF,有色ETF;半导体ETF;军工ETF;酒ETF;证券ETF;创新药ETF
2026-02-11,1322533.3960510748,1322533.3960510748,0.0,0.5035326495137666,False,normal,-0.05207851235446256,10,沪深300;创业板;黄金;国债ETF;有色ETF;军工ETF;半导体ETF;酒ETF;证券ETF;创新药ETF,沪深300;创业板;黄金;国债ETF,有色ETF;军工ETF;半导体ETF;酒ETF;证券ETF;创新药ETF
2026-02-12,1325306.0801199612,1325306.0801199614,-2.3283064365386963e-10,0.5189090359711297,False,normal,-0.0500912001132764,10,沪深300;创业板;黄金;国债ETF;有色ETF;军工ETF;半导体ETF;酒ETF;证券ETF;创新药ETF,沪深300;创业板;黄金;国债ETF,有色ETF;军工ETF;半导体ETF;酒ETF;证券ETF;创新药ETF
2026-02-13,1313935.2833523205,1313935.2833523203,2.3283064365386963e-10,0.5217783723786702,False,normal,-0.05824118152008294,10,沪深300;创业板;黄金;国债ETF;有色ETF;军工ETF;半导体ETF;酒ETF;证券ETF;创新药ETF,沪深300;创业板;黄金;国债ETF,有色ETF;军工ETF;半导体ETF;酒ETF;证券ETF;创新药ETF
2026-02-24,1320195.8497356635,1320195.8497356635,0.0,0.519924375580535,False,normal,-0.05375394103351233,10,沪深300;创业板;黄金;国债ETF;有色ETF;军工ETF;半导体ETF;证券ETF;酒ETF;创新药ETF,沪深300;创业板;黄金;国债ETF,有色ETF;军工ETF;半导体ETF;证券ETF;酒ETF;创新药ETF
2026-02-25,1338341.9298473755,1338341.9298473753,2.3283064365386963e-10,0.534109180508041,False,normal,-0.04074779744138119,10,沪深300;创业板;黄金;国债ETF;有色ETF;军工ETF;半导体ETF;酒ETF;证券ETF;创新药ETF,沪深300;创业板;黄金;国债ETF,有色ETF;军工ETF;半导体ETF;酒ETF;证券ETF;创新药ETF
2026-02-26,1334756.3518282957,1334756.3518282955,2.3283064365386963e-10,0.3325141444115408,False,normal,-0.04331774876364176,8,创业板;黄金;有色ETF;军工ETF;半导体ETF;酒ETF;证券ETF;创新药ETF,创业板;黄金,有色ETF;军工ETF;半导体ETF;酒ETF;证券ETF;创新药ETF
2026-02-27,1341640.5271158903,1341640.52711589,2.3283064365386963e-10,0.34178215118293587,False,normal,-0.03838353863381509,8,创业板;黄金;有色ETF;军工ETF;半导体ETF;酒ETF;证券ETF;创新药ETF,创业板;黄金,有色ETF;军工ETF;半导体ETF;酒ETF;证券ETF;创新药ETF
2026-03-02,1338745.425745821,1457020.5899726716,-118275.1642268505,0.3437717367275124,False,normal,-0.040458593075385234,8,创业板;黄金;军工ETF;有色ETF;半导体ETF;酒ETF;证券ETF;创新药ETF,创业板;黄金,军工ETF;有色ETF;半导体ETF;酒ETF;证券ETF;创新药ETF
2026-03-03,1284919.0215994425,1113979.8921031274,170939.12949631503,0.41901670928267387,False,normal,-0.07903849226386266,8,黄金;国债ETF;有色ETF;军工ETF;酒ETF;证券ETF;半导体ETF;创新药ETF,黄金;国债ETF,有色ETF;军工ETF;酒ETF;证券ETF;半导体ETF;创新药ETF
2026-03-04,1274792.2700188188,1130215.0483475963,144577.22167122248,0.420906416913713,False,warning,-0.08629680835023457,8,黄金;国债ETF;军工ETF;有色ETF;酒ETF;证券ETF;半导体ETF;创新药ETF,黄金;国债ETF,军工ETF;有色ETF;酒ETF;证券ETF;半导体ETF;创新药ETF
2026-03-05,1280103.008768363,1163179.444608115,116923.56416024803,0.4338337243836339,False,warning,-0.08249035371476292,8,黄金;国债ETF;军工ETF;有色ETF;半导体ETF;证券ETF;创新药ETF;酒ETF,黄金;国债ETF,军工ETF;有色ETF;半导体ETF;证券ETF;创新药ETF;酒ETF
2026-03-06,1289239.1159660527,1192602.0712957897,96637.04467026307,0.5358168241654698,False,normal,-0.07594207875098365,9,创业板;黄金;国债ETF;军工ETF;有色ETF;半导体ETF;证券ETF;创新药ETF;酒ETF,创业板;黄金;国债ETF,军工ETF;有色ETF;半导体ETF;证券ETF;创新药ETF;酒ETF
2026-03-09,1271384.8038645377,1175630.8439078473,95753.95995669044,0.459537957979297,False,warning,-0.08873909857573083,8,黄金;国债ETF;有色ETF;军工ETF;半导体ETF;创新药ETF;证券ETF;酒ETF,黄金;国债ETF,有色ETF;军工ETF;半导体ETF;创新药ETF;证券ETF;酒ETF
2026-03-10,1289112.296007467,1177379.1638017697,111733.13220569724,0.47316226284669033,False,normal,-0.07603297654166682,8,黄金;国债ETF;军工ETF;有色ETF;半导体ETF;创新药ETF;证券ETF;酒ETF,黄金;国债ETF,军工ETF;有色ETF;半导体ETF;创新药ETF;证券ETF;酒ETF
2026-03-11,1281665.6098541552,1281665.6098541552,0.0,0.5653783852283296,False,warning,-0.0813703644953878,9,创业板;黄金;国债ETF;有色ETF;军工ETF;半导体ETF;创新药ETF;证券ETF;酒ETF,创业板;黄金;国债ETF,有色ETF;军工ETF;半导体ETF;创新药ETF;证券ETF;酒ETF
2026-03-12,1270262.5866747545,1270262.5866747545,0.0,0.5798140523001498,False,warning,-0.08954344407746033,9,创业板;黄金;国债ETF;有色ETF;军工ETF;半导体ETF;创新药ETF;证券ETF;酒ETF,创业板;黄金;国债ETF,有色ETF;军工ETF;半导体ETF;创新药ETF;证券ETF;酒ETF
2026-03-13,1256010.1367456717,1256010.1367456717,0.0,0.5138388654690402,False,warning,-0.09975884096627198,8,黄金;国债ETF;有色ETF;军工ETF;半导体ETF;创新药ETF;证券ETF;酒ETF,黄金;国债ETF,有色ETF;军工ETF;半导体ETF;创新药ETF;证券ETF;酒ETF
2026-03-16,1258342.0701033387,1258342.0701033387,0.0,0.5246553042747402,False,warning,-0.09808743535633414,8,黄金;国债ETF;有色ETF;军工ETF;半导体ETF;创新药ETF;酒ETF;证券ETF,黄金;国债ETF,有色ETF;军工ETF;半导体ETF;创新药ETF;酒ETF;证券ETF
2026-03-17,1246567.7919416,1246567.7919415997,2.3283064365386963e-10,0.5409730882023475,False,warning,-0.10652661073319303,8,黄金;国债ETF;有色ETF;创新药ETF;军工ETF;酒ETF;半导体ETF;证券ETF,黄金;国债ETF,有色ETF;创新药ETF;军工ETF;酒ETF;半导体ETF;证券ETF
2026-03-18,1251486.4292250439,1251486.4292250436,2.3283064365386963e-10,0.6301230225071879,False,warning,-0.10300119354158743,9,创业板;黄金;国债ETF;半导体ETF;军工ETF;创新药ETF;有色ETF;酒ETF;证券ETF,创业板;黄金;国债ETF,半导体ETF;军工ETF;创新药ETF;有色ETF;酒ETF;证券ETF
2026-03-19,1217918.9702206634,608959.4851103317,608959.4851103317,0.5,False,halve,-0.12706056003541027,8,黄金;国债ETF;半导体ETF;军工ETF;创新药ETF;酒ETF;证券ETF;有色ETF,黄金;国债ETF,半导体ETF;军工ETF;创新药ETF;酒ETF;证券ETF;有色ETF
2026-03-20,1208264.9170935676,604132.4585467838,604132.4585467838,0.5,False,halve,-0.1339800710506862,8,黄金;国债ETF;创新药ETF;半导体ETF;军工ETF;酒ETF;有色ETF;证券ETF,黄金;国债ETF,创新药ETF;半导体ETF;军工ETF;酒ETF;有色ETF;证券ETF
2026-03-23,1181203.7188713262,462356.1649406502,718847.553930676,0.5,False,halve,-0.15337609640089003,7,国债ETF;半导体ETF;创新药ETF;酒ETF;军工ETF;有色ETF;证券ETF,国债ETF,半导体ETF;创新药ETF;酒ETF;军工ETF;有色ETF;证券ETF
2026-03-24,1191502.74551157,440887.56619549985,750615.1793160702,0.5,False,halve,-0.14599430272878233,7,国债ETF;半导体ETF;创新药ETF;军工ETF;酒ETF;有色ETF;证券ETF,国债ETF,半导体ETF;创新药ETF;军工ETF;酒ETF;有色ETF;证券ETF
2026-03-25,1198888.021850356,437092.47185936745,761795.5499909885,0.3835497314644028,False,halve,-0.14070093005884565,7,创业板;创新药ETF;半导体ETF;酒ETF;有色ETF;军工ETF;证券ETF,创业板,创新药ETF;半导体ETF;酒ETF;有色ETF;军工ETF;证券ETF
2026-03-26,1191236.2394969584,439352.95429401187,751883.2852029465,0.5,False,halve,-0.1461853200434236,6,创新药ETF;半导体ETF;军工ETF;酒ETF;有色ETF;证券ETF,,创新药ETF;半导体ETF;军工ETF;酒ETF;有色ETF;证券ETF
2026-03-27,1199794.4624039396,432201.76501055306,767592.6973933865,0.5,False,halve,-0.14005124175563843,7,国债ETF;创新药ETF;半导体ETF;有色ETF;酒ETF;军工ETF;证券ETF,国债ETF,创新药ETF;半导体ETF;有色ETF;酒ETF;军工ETF;证券ETF
2026-03-30,1202240.068084663,443414.65880792995,758825.4092767331,0.5,False,halve,-0.13829836187979733,7,国债ETF;创新药ETF;半导体ETF;有色ETF;军工ETF;酒ETF;证券ETF,国债ETF,创新药ETF;半导体ETF;有色ETF;军工ETF;酒ETF;证券ETF
2026-03-31,1197761.9854637575,452913.3877117177,744848.5977520398,0.5,False,halve,-0.14150801295740567,7,国债ETF;创新药ETF;有色ETF;半导体ETF;酒ETF;军工ETF;证券ETF,国债ETF,创新药ETF;有色ETF;半导体ETF;酒ETF;军工ETF;证券ETF
2026-04-01,1207938.9933340878,441914.59698666615,766024.3963474217,0.5,False,halve,-0.13421367583969765,7,国债ETF;创新药ETF;有色ETF;半导体ETF;酒ETF;军工ETF;证券ETF,国债ETF,创新药ETF;有色ETF;半导体ETF;酒ETF;军工ETF;证券ETF
2026-04-02,1202012.7704408043,447024.69927691604,754988.0711638883,0.5,False,halve,-0.1384612767228918,6,创新药ETF;有色ETF;酒ETF;半导体ETF;军工ETF;证券ETF,,创新药ETF;有色ETF;酒ETF;半导体ETF;军工ETF;证券ETF
2026-04-03,1197503.4918642389,456356.08021245647,741147.4116517825,0.5,False,halve,-0.1416932873997254,7,国债ETF;创新药ETF;有色ETF;酒ETF;半导体ETF;军工ETF;证券ETF,国债ETF,创新药ETF;有色ETF;酒ETF;半导体ETF;军工ETF;证券ETF
2026-04-07,1198708.7213856452,469711.92451932497,728996.7968663203,0.5,False,halve,-0.14082944308071077,7,国债ETF;创新药ETF;有色ETF;酒ETF;半导体ETF;军工ETF;证券ETF,国债ETF,创新药ETF;有色ETF;酒ETF;半导体ETF;军工ETF;证券ETF
2026-04-08,1218158.1550958299,412439.8763677111,805718.2787281187,0.2986940617365342,False,halve,-0.1268891250581408,7,创业板;创新药ETF;半导体ETF;有色ETF;酒ETF;军工ETF;证券ETF,创业板,创新药ETF;半导体ETF;有色ETF;酒ETF;军工ETF;证券ETF
2026-04-09,1213744.6677656895,419496.3791591098,794248.2886065798,0.3063221468466344,False,halve,-0.13005247767228512,7,创业板;创新药ETF;半导体ETF;有色ETF;酒ETF;军工ETF;证券ETF,创业板,创新药ETF;半导体ETF;有色ETF;酒ETF;军工ETF;证券ETF
2026-04-10,1218809.5066180504,428580.76467312773,790228.7419449226,0.2935026950935051,False,halve,-0.12642227098415895,7,创业板;创新药ETF;半导体ETF;有色ETF;酒ETF;军工ETF;证券ETF,创业板,创新药ETF;半导体ETF;有色ETF;酒ETF;军工ETF;证券ETF
2026-04-13,1219498.2097673442,442225.02492857294,777273.1848387712,0.38348786196126455,False,halve,-0.12592864525359213,8,沪深300;创业板;创新药ETF;有色ETF;半导体ETF;证券ETF;酒ETF;军工ETF,沪深300;创业板,创新药ETF;有色ETF;半导体ETF;证券ETF;酒ETF;军工ETF
2026-04-14,1225663.1446070604,450373.33004425856,775289.8145628017,0.3034308234420357,False,halve,-0.12150994836325223,7,创业板;半导体ETF;创新药ETF;有色ETF;军工ETF;证券ETF;酒ETF,创业板,半导体ETF;创新药ETF;有色ETF;军工ETF;证券ETF;酒ETF
2026-04-15,1224877.9539506165,463812.72716038744,761065.2267902291,0.344582734513866,False,halve,-0.1220727311991065,8,创业板;纳指;创新药ETF;半导体ETF;有色ETF;军工ETF;酒ETF;证券ETF,创业板;纳指,创新药ETF;半导体ETF;有色ETF;军工ETF;酒ETF;证券ETF
2026-04-16,1229347.0657191982,952715.9858832768,276631.0798359214,0.38743345732829504,False,warning,-0.11886950995057138,9,沪深300;创业板;纳指;有色ETF;半导体ETF;创新药ETF;军工ETF;酒ETF;证券ETF,沪深300;创业板;纳指,有色ETF;半导体ETF;创新药ETF;军工ETF;酒ETF;证券ETF
2026-04-17,1224234.1642075665,486723.17100670014,737510.9932008664,0.3992745582685656,False,halve,-0.12253416539259081,9,沪深300;创业板;纳指;有色ETF;半导体ETF;创新药ETF;军工ETF;证券ETF;酒ETF,沪深300;创业板;纳指,有色ETF;半导体ETF;创新药ETF;军工ETF;证券ETF;酒ETF
2026-04-20,1227453.6156277424,501551.37303475576,725902.2425929867,0.4116270223373344,False,halve,-0.12022663411305723,9,沪深300;创业板;纳指;有色ETF;半导体ETF;军工ETF;创新药ETF;证券ETF;酒ETF,沪深300;创业板;纳指,有色ETF;半导体ETF;军工ETF;创新药ETF;证券ETF;酒ETF
2026-04-21,1224246.056521977,512032.57495976303,712213.481562214,0.4244265932153195,False,halve,-0.12252564161511854,9,沪深300;创业板;纳指;有色ETF;半导体ETF;创新药ETF;军工ETF;证券ETF;酒ETF,沪深300;创业板;纳指,有色ETF;半导体ETF;创新药ETF;军工ETF;证券ETF;酒ETF
2026-04-22,1227855.9286031253,1054223.8587285927,173632.06987453252,0.5818863431133332,False,warning,-0.11993827760329895,10,沪深300;创业板;纳指;国债ETF;半导体ETF;有色ETF;创新药ETF;军工ETF;证券ETF;酒ETF,沪深300;创业板;纳指;国债ETF,半导体ETF;有色ETF;创新药ETF;军工ETF;证券ETF;酒ETF
2026-04-23,1218143.3244587942,531162.5484210472,686980.776037747,0.5,False,halve,-0.12689975486874788,10,沪深300;创业板;纳指;国债ETF;军工ETF;半导体ETF;创新药ETF;有色ETF;酒ETF;证券ETF,沪深300;创业板;纳指;国债ETF,军工ETF;半导体ETF;创新药ETF;有色ETF;酒ETF;证券ETF
2026-04-24,1218102.1735951342,547785.584425488,670316.5891696461,0.5,False,halve,-0.12692924961573498,10,沪深300;创业板;纳指;国债ETF;半导体ETF;有色ETF;创新药ETF;军工ETF;酒ETF;证券ETF,沪深300;创业板;纳指;国债ETF,半导体ETF;有色ETF;创新药ETF;军工ETF;酒ETF;证券ETF
2026-04-27,1219627.123492903,565362.4870108565,654264.6364820466,0.469060775210684,False,halve,-0.12583624676227645,9,沪深300;创业板;纳指;半导体ETF;创新药ETF;有色ETF;军工ETF;酒ETF;证券ETF,沪深300;创业板;纳指,半导体ETF;创新药ETF;有色ETF;军工ETF;酒ETF;证券ETF
2026-04-28,1217190.4914867932,608595.2457433966,608595.2457433966,0.5,False,halve,-0.12758269478617743,10,沪深300;创业板;纳指;国债ETF;半导体ETF;创新药ETF;军工ETF;证券ETF;酒ETF;有色ETF,沪深300;创业板;纳指;国债ETF,半导体ETF;创新药ETF;军工ETF;证券ETF;酒ETF;有色ETF
2026-04-29,1223944.23211102,611972.11605551,611972.11605551,0.48958032005137997,False,halve,-0.12274197327486826,9,沪深300;创业板;纳指;半导体ETF;创新药ETF;军工ETF;酒ETF;有色ETF;证券ETF,沪深300;创业板;纳指,半导体ETF;创新药ETF;军工ETF;酒ETF;有色ETF;证券ETF
2026-04-30,1228944.8619809975,1228944.8619809973,2.3283064365386963e-10,0.6733003515793307,False,warning,-0.11915778816493648,10,沪深300;创业板;纳指;国债ETF;半导体ETF;军工ETF;创新药ETF;证券ETF;酒ETF;有色ETF,沪深300;创业板;纳指;国债ETF,半导体ETF;军工ETF;创新药ETF;证券ETF;酒ETF;有色ETF
2026-05-06,1252360.838882852,1252360.838882852,0.0,0.487944787415988,False,warning,-0.10237446327820343,9,沪深300;创业板;纳指;半导体ETF;军工ETF;创新药ETF;证券ETF;有色ETF;酒ETF,沪深300;创业板;纳指,半导体ETF;军工ETF;创新药ETF;证券ETF;有色ETF;酒ETF
2026-05-07,1259864.6641434086,1259864.6641434084,2.3283064365386963e-10,0.6618725770790409,False,warning,-0.09699612105617895,10,沪深300;创业板;纳指;国债ETF;半导体ETF;军工ETF;有色ETF;创新药ETF;证券ETF;酒ETF,沪深300;创业板;纳指;国债ETF,半导体ETF;军工ETF;有色ETF;创新药ETF;证券ETF;酒ETF
2026-05-08,1252163.1522093962,1252163.1522093962,0.0,0.6748150827149553,False,warning,-0.10251615455507365,10,沪深300;创业板;纳指;国债ETF;半导体ETF;军工ETF;有色ETF;创新药ETF;证券ETF;酒ETF,沪深300;创业板;纳指;国债ETF,半导体ETF;军工ETF;有色ETF;创新药ETF;证券ETF;酒ETF
2026-05-11,1274766.2525182134,1274766.2525182134,0.0,0.6468685308240831,False,warning,-0.08631545630873026,10,沪深300;创业板;纳指;国债ETF;半导体ETF;军工ETF;有色ETF;创新药ETF;证券ETF;酒ETF,沪深300;创业板;纳指;国债ETF,半导体ETF;军工ETF;有色ETF;创新药ETF;证券ETF;酒ETF
2026-05-12,1268352.6840756012,1268352.6840756012,0.0,0.654637392080446,False,warning,-0.09091236052104751,10,沪深300;创业板;纳指;国债ETF;半导体ETF;军工ETF;有色ETF;创新药ETF;证券ETF;酒ETF,沪深300;创业板;纳指;国债ETF,半导体ETF;军工ETF;有色ETF;创新药ETF;证券ETF;酒ETF
2026-05-13,1272178.1833349906,1272178.1833349906,0.0,0.663726998439839,False,warning,-0.08817044643420857,10,沪深300;创业板;纳指;国债ETF;半导体ETF;军工ETF;有色ETF;创新药ETF;证券ETF;酒ETF,沪深300;创业板;纳指;国债ETF,半导体ETF;军工ETF;有色ETF;创新药ETF;证券ETF;酒ETF
2026-05-14,1240732.4049530802,1240732.4049530802,0.0,0.654571654500527,False,warning,-0.11070910527863237,10,沪深300;创业板;纳指;国债ETF;半导体ETF;军工ETF;有色ETF;证券ETF;创新药ETF;酒ETF,沪深300;创业板;纳指;国债ETF,半导体ETF;军工ETF;有色ETF;证券ETF;创新药ETF;酒ETF
2026-05-15,1215523.5332783507,548683.9090179079,666839.6242604428,0.5,False,halve,-0.12877748163202027,10,沪深300;创业板;纳指;国债ETF;半导体ETF;军工ETF;有色ETF;创新药ETF;证券ETF;酒ETF,沪深300;创业板;纳指;国债ETF,半导体ETF;军工ETF;有色ETF;创新药ETF;证券ETF;酒ETF
2026-05-18,1212108.741203587,561259.431792634,650849.3094109531,0.5,False,halve,-0.13122502268707065,10,沪深300;创业板;纳指;国债ETF;半导体ETF;军工ETF;证券ETF;有色ETF;创新药ETF;酒ETF,沪深300;创业板;纳指;国债ETF,半导体ETF;军工ETF;证券ETF;有色ETF;创新药ETF;酒ETF
2026-05-19,1215441.6484110234,607720.8242055117,607720.8242055117,0.5,False,halve,-0.12883617234295758,10,沪深300;创业板;纳指;国债ETF;半导体ETF;军工ETF;证券ETF;创新药ETF;有色ETF;酒ETF,沪深300;创业板;纳指;国债ETF,半导体ETF;军工ETF;证券ETF;创新药ETF;有色ETF;酒ETF
2026-05-20,1219945.8333365256,609972.9166682627,609972.9166682629,0.5,False,halve,-0.12560781252387007,10,沪深300;创业板;纳指;国债ETF;半导体ETF;军工ETF;创新药ETF;证券ETF;酒ETF;有色ETF,沪深300;创业板;纳指;国债ETF,半导体ETF;军工ETF;创新药ETF;证券ETF;酒ETF;有色ETF
2026-05-21,1212356.6933388575,606178.3466694287,606178.3466694287,0.5,False,halve,-0.13104730380478588,11,沪深300;创业板;纳指;黄金;国债ETF;半导体ETF;创新药ETF;证券ETF;军工ETF;酒ETF;有色ETF,沪深300;创业板;纳指;黄金;国债ETF,半导体ETF;创新药ETF;证券ETF;军工ETF;酒ETF;有色ETF
2026-05-22,1214969.585690186,607484.792845093,607484.792845093,0.5,False,halve,-0.12917452175472624,11,沪深300;创业板;纳指;黄金;国债ETF;半导体ETF;创新药ETF;军工ETF;证券ETF;有色ETF;酒ETF,沪深300;创业板;纳指;黄金;国债ETF,半导体ETF;创新药ETF;军工ETF;证券ETF;有色ETF;酒ETF
2026-05-25,1224487.3346735411,612243.6673367706,612243.6673367706,0.5,False,halve,-0.122352706288835,10,沪深300;创业板;纳指;国债ETF;半导体ETF;军工ETF;证券ETF;创新药ETF;有色ETF;酒ETF,沪深300;创业板;纳指;国债ETF,半导体ETF;军工ETF;证券ETF;创新药ETF;有色ETF;酒ETF
2026-05-26,1224711.8053375217,612355.9026687609,612355.9026687609,0.5,False,halve,-0.12219181767432546,11,沪深300;创业板;纳指;黄金;国债ETF;半导体ETF;证券ETF;有色ETF;创新药ETF;军工ETF;酒ETF,沪深300;创业板;纳指;黄金;国债ETF,半导体ETF;证券ETF;有色ETF;创新药ETF;军工ETF;酒ETF
2026-05-27,1216824.696784628,608412.348392314,608412.348392314,0.5,False,halve,-0.12784487694300198,10,沪深300;创业板;纳指;国债ETF;半导体ETF;证券ETF;创新药ETF;军工ETF;有色ETF;酒ETF,沪深300;创业板;纳指;国债ETF,半导体ETF;证券ETF;创新药ETF;军工ETF;有色ETF;酒ETF
2026-05-28,1212044.8581826282,606022.4290913141,606022.4290913141,0.5,False,halve,-0.13127081063347973,10,沪深300;创业板;纳指;国债ETF;半导体ETF;证券ETF;军工ETF;创新药ETF;有色ETF;酒ETF,沪深300;创业板;纳指;国债ETF,半导体ETF;证券ETF;军工ETF;创新药ETF;有色ETF;酒ETF
