date,nav,exposure,repo_amount,final_multiplier,circuit_breaker_triggered,drawdown_level,drawdown,n_positions,position_names,defense_active,offense_top
2014-01-27,1000000.0,0.0,1000000.0,0.0,True,normal,0.0,0,,创业板;纳指;黄金;国债ETF,
2014-01-28,1000000.0,0.0,1000000.0,0.0,True,normal,0.0,0,,创业板;纳指;黄金;国债ETF,
2014-01-29,1000000.0,0.0,1000000.0,0.0,True,normal,0.0,0,,创业板;纳指;黄金;国债ETF,
2014-01-30,1000000.0,0.0,1000000.0,0.0,True,normal,0.0,0,,创业板;纳指;黄金;国债ETF,
2014-02-07,1000000.0,0.0,1000000.0,0.0,True,normal,0.0,0,,创业板;纳指;黄金;国债ETF,
2014-02-10,1000000.0,0.0,1000000.0,0.0,True,normal,0.0,0,,创业板;纳指;黄金;国债ETF,
2014-02-11,1000000.0,0.0,1000000.0,0.0,True,normal,0.0,0,,创业板;纳指;黄金;国债ETF,
2014-02-12,1000000.0,0.0,1000000.0,0.0,True,normal,0.0,0,,创业板;纳指;黄金;国债ETF,
2014-02-13,1000000.0,0.0,1000000.0,0.0,True,normal,0.0,0,,创业板;纳指;黄金;国债ETF,
2014-02-14,1000000.0,0.0,1000000.0,0.0,True,normal,0.0,0,,创业板;纳指;黄金;国债ETF,
2014-02-17,1000000.0,0.0,1000000.0,0.0,True,normal,0.0,0,,创业板;纳指;黄金;国债ETF,
2014-02-18,1000000.0,0.0,1000000.0,0.0,True,normal,0.0,0,,创业板;纳指;黄金;国债ETF,
2014-02-19,1000000.0,0.0,1000000.0,0.0,True,normal,0.0,0,,创业板;纳指;黄金;国债ETF,
2014-02-20,1000000.0,0.0,1000000.0,0.0,True,normal,0.0,0,,创业板;纳指;黄金;国债ETF,
2014-02-21,1000000.0,0.0,1000000.0,0.0,True,normal,0.0,0,,创业板;纳指;黄金;国债ETF,
2014-02-24,1000000.0,0.0,1000000.0,0.0,True,normal,0.0,0,,创业板;纳指;黄金;国债ETF,
2014-02-25,1000000.0,0.0,1000000.0,0.0,True,normal,0.0,0,,创业板;纳指;黄金;国债ETF,
2014-02-26,1000000.0,0.0,1000000.0,0.0,True,normal,0.0,0,,创业板;纳指;黄金;国债ETF,
2014-02-27,1000000.0,0.0,1000000.0,0.0,True,normal,0.0,0,,创业板;纳指;黄金;国债ETF,
2014-02-28,1000000.0,0.0,1000000.0,0.0,True,normal,0.0,0,,创业板;纳指;黄金;国债ETF,
2014-03-03,1000000.0,0.0,1000000.0,0.0,True,normal,0.0,0,,创业板;纳指;黄金;国债ETF,
2014-03-04,1000000.0,0.0,1000000.0,0.0,True,normal,0.0,0,,创业板;纳指;黄金;国债ETF,
2014-03-05,1000000.0,0.0,1000000.0,0.0,True,normal,0.0,0,,创业板;纳指;黄金;国债ETF,
2014-03-06,1000000.0,0.0,1000000.0,0.0,True,normal,0.0,0,,创业板;纳指;黄金;国债ETF,
2014-03-07,1000000.0,0.0,1000000.0,0.0,True,normal,0.0,0,,创业板;纳指;黄金;国债ETF,
2014-03-10,1000000.0,0.0,1000000.0,0.0,True,normal,0.0,0,,创业板;纳指;黄金;国债ETF,
2014-03-11,1000000.0,0.0,1000000.0,0.0,True,normal,0.0,0,,纳指;黄金;国债ETF,
2014-03-12,1000000.0,0.0,1000000.0,0.0,True,normal,0.0,0,,创业板;纳指;黄金;国债ETF,
2014-03-13,1000000.0,0.0,1000000.0,0.0,True,normal,0.0,0,,创业板;纳指;黄金;国债ETF,
2014-03-14,1000000.0,0.0,1000000.0,0.0,True,normal,0.0,0,,创业板;纳指;黄金;国债ETF,
2014-03-17,1000000.0,0.0,1000000.0,0.0,True,normal,0.0,0,,创业板;纳指;黄金;国债ETF,
2014-03-18,1000000.0,0.0,1000000.0,0.0,True,normal,0.0,0,,创业板;纳指;黄金;国债ETF,
2014-03-19,1000000.0,0.0,1000000.0,0.0,True,normal,0.0,0,,创业板;纳指;黄金;国债ETF,消费ETF
2014-03-20,1000000.0,0.0,1000000.0,0.0,True,normal,0.0,0,,创业板;纳指;黄金;国债ETF,
2014-03-21,1000000.0,0.0,1000000.0,0.0,True,normal,0.0,0,,创业板;纳指;黄金;国债ETF,消费ETF
2014-03-24,1000000.0,0.0,1000000.0,0.0,True,normal,0.0,0,,纳指;黄金;国债ETF,消费ETF
2014-03-25,1000000.0,0.0,1000000.0,0.0,True,normal,0.0,0,,纳指;黄金;国债ETF,
2014-03-26,1000000.0,0.0,1000000.0,0.0,True,normal,0.0,0,,纳指;黄金;国债ETF,
2014-03-27,1000000.0,0.0,1000000.0,0.0,True,normal,0.0,0,,黄金;国债ETF,
2014-03-28,1000000.0,0.0,1000000.0,0.0,True,normal,0.0,0,,纳指;黄金;国债ETF,
2014-03-31,1000000.0,0.0,1000000.0,0.0,True,normal,0.0,0,,纳指;黄金;国债ETF,
2014-04-01,1000000.0,0.0,1000000.0,0.0,True,normal,0.0,0,,纳指;黄金;国债ETF,
2014-04-02,1000000.0,0.0,1000000.0,0.0,True,normal,0.0,0,,纳指;黄金;国债ETF,
2014-04-03,1000000.0,0.0,1000000.0,0.0,True,normal,0.0,0,,纳指;黄金;国债ETF,
2014-04-04,1000000.0,0.0,1000000.0,0.0,True,normal,0.0,0,,纳指;黄金;国债ETF,
2014-04-08,1000000.0,0.0,1000000.0,0.0,True,normal,0.0,0,,黄金;国债ETF,消费ETF
2014-04-09,1000000.0,0.0,1000000.0,0.0,True,normal,0.0,0,,黄金;国债ETF,消费ETF
2014-04-10,1000000.0,0.0,1000000.0,0.0,True,normal,0.0,0,,纳指;黄金;国债ETF,消费ETF
2014-04-11,1000000.0,0.0,1000000.0,0.0,True,normal,0.0,0,,黄金;国债ETF,消费ETF
2014-04-14,1000000.0,0.0,1000000.0,0.0,True,normal,0.0,0,,黄金;国债ETF,消费ETF
2014-04-15,1000000.0,0.0,1000000.0,0.0,True,normal,0.0,0,,黄金;国债ETF,消费ETF
2014-04-16,1000000.0,0.0,1000000.0,0.0,True,normal,0.0,0,,黄金;国债ETF,消费ETF
2014-04-17,1000000.0,0.0,1000000.0,0.0,True,normal,0.0,0,,黄金;国债ETF,消费ETF
2014-04-18,1000000.0,0.0,1000000.0,0.0,True,normal,0.0,0,,国债ETF,消费ETF
2014-04-21,1000000.0,0.0,1000000.0,0.0,True,normal,0.0,0,,国债ETF,消费ETF
2014-04-22,1000000.0,0.0,1000000.0,0.0,True,normal,0.0,0,,沪深300;国债ETF,消费ETF
2014-04-23,1000000.0,0.0,1000000.0,0.0,True,normal,0.0,0,,沪深300;国债ETF,消费ETF
2014-04-24,1000000.0,0.0,1000000.0,0.0,True,normal,0.0,0,,沪深300;国债ETF,消费ETF
2014-04-25,1000000.0,0.0,1000000.0,0.0,True,normal,0.0,0,,国债ETF,
2014-04-28,1000000.0,0.0,1000000.0,1.0,False,normal,0.0,1,国债ETF,国债ETF,
2014-04-29,1000079.3650793651,0.0,1000079.3650793651,0.0,True,normal,0.0,0,,国债ETF,
2014-04-30,1000079.3650793651,0.0,1000079.3650793651,0.0,True,normal,0.0,0,,国债ETF,
2014-05-05,1000079.3650793651,0.0,1000079.3650793651,0.0,True,normal,0.0,0,,黄金;国债ETF,
2014-05-06,1000079.3650793651,0.0,1000079.3650793651,0.0,True,normal,0.0,0,,国债ETF,
2014-05-07,1000079.3650793651,0.0,1000079.3650793651,0.0,True,normal,0.0,0,,沪深300;黄金;国债ETF,
2014-05-08,1000079.3650793651,0.0,1000079.3650793651,0.0,True,normal,0.0,0,,沪深300;国债ETF,
2014-05-09,1000079.3650793651,0.0,1000079.3650793651,0.0,True,normal,0.0,0,,沪深300;国债ETF,
2014-05-12,1000079.3650793651,0.0,1000079.3650793651,0.0,True,normal,0.0,0,,沪深300;国债ETF,
2014-05-13,1000079.3650793651,0.0,1000079.3650793651,0.0,True,normal,0.0,0,,沪深300;国债ETF,
2014-05-14,1000079.3650793651,0.0,1000079.3650793651,0.0,True,normal,0.0,0,,沪深300;纳指;国债ETF,
2014-05-15,1000079.3650793651,0.0,1000079.3650793651,0.0,True,normal,0.0,0,,沪深300;国债ETF,
2014-05-16,1000079.3650793651,0.0,1000079.3650793651,0.0,True,normal,0.0,0,,沪深300;国债ETF,
2014-05-19,1000079.3650793651,0.0,1000079.3650793651,0.0,True,normal,0.0,0,,沪深300;国债ETF,
2014-05-20,1000079.3650793651,0.0,1000079.3650793651,0.0,True,normal,0.0,0,,国债ETF,
2014-05-21,1000079.3650793651,0.0,1000079.3650793651,0.0,True,normal,0.0,0,,国债ETF,
2014-05-22,1000079.3650793651,0.0,1000079.3650793651,0.0,True,normal,0.0,0,,国债ETF,
2014-05-23,1000079.3650793651,0.0,1000079.3650793651,0.0,True,normal,0.0,0,,纳指;国债ETF,
2014-05-26,1000079.3650793651,0.0,1000079.3650793651,0.0,True,normal,0.0,0,,沪深300;纳指;黄金;国债ETF,
2014-05-27,1000079.3650793651,0.0,1000079.3650793651,0.0,True,normal,0.0,0,,纳指;黄金;国债ETF,
2014-05-28,1000079.3650793651,0.0,1000079.3650793651,0.0,True,normal,0.0,0,,沪深300;创业板;纳指;国债ETF,
2014-05-29,1000079.3650793651,0.0,1000079.3650793651,0.0,True,normal,0.0,0,,沪深300;纳指;国债ETF,
2014-05-30,1000079.3650793651,0.0,1000079.3650793651,0.0,True,normal,0.0,0,,纳指;国债ETF,
2014-06-03,1000079.3650793651,0.0,1000079.3650793651,0.0,True,normal,0.0,0,,纳指;国债ETF,
2014-06-04,1000079.3650793651,0.0,1000079.3650793651,0.0,True,normal,0.0,0,,纳指;国债ETF,
2014-06-05,1000079.3650793651,0.0,1000079.3650793651,0.0,True,normal,0.0,0,,创业板;纳指;国债ETF,
2014-06-06,1000079.3650793651,0.0,1000079.3650793651,0.0,True,normal,0.0,0,,纳指;国债ETF,
2014-06-09,1000079.3650793651,0.0,1000079.3650793651,0.0,True,normal,0.0,0,,纳指;国债ETF,
2014-06-10,1000079.3650793651,0.0,1000079.3650793651,0.0,True,normal,0.0,0,,纳指;国债ETF,
2014-06-11,1000079.3650793651,0.0,1000079.3650793651,1.0,False,normal,0.0,2,纳指;国债ETF,纳指;国债ETF,
2014-06-12,1000158.736457546,0.0,1000158.736457546,1.0,False,normal,0.0,3,创业板;纳指;国债ETF,创业板;纳指;国债ETF,
2014-06-13,1000238.1141350426,0.0,1000238.1141350426,1.0,False,normal,0.0,3,创业板;纳指;国债ETF,创业板;纳指;国债ETF,
2014-06-16,1000317.498112355,0.0,1000317.498112355,1.0,False,normal,0.0,3,创业板;纳指;国债ETF,创业板;纳指;国债ETF,
2014-06-17,1000396.888389983,0.0,1000396.888389983,1.0,False,normal,0.0,3,创业板;纳指;国债ETF,创业板;纳指;国债ETF,
2014-06-18,1000476.2849684267,0.0,1000476.2849684267,1.0,False,normal,0.0,3,创业板;纳指;国债ETF,创业板;纳指;国债ETF,
2014-06-19,1000555.6878481861,0.0,1000555.6878481861,1.0,False,normal,0.0,2,纳指;国债ETF,纳指;国债ETF,
2014-06-20,1000635.0970297614,0.0,1000635.0970297614,1.0,False,normal,0.0,4,创业板;纳指;黄金;国债ETF,创业板;纳指;黄金;国债ETF,
2014-06-23,1000714.5125136527,0.0,1000714.5125136527,1.0,False,normal,0.0,4,创业板;纳指;黄金;国债ETF,创业板;纳指;黄金;国债ETF,
2014-06-24,1000793.9343003602,0.0,1000793.9343003602,1.0,False,normal,0.0,4,创业板;纳指;黄金;国债ETF,创业板;纳指;黄金;国债ETF,
2014-06-25,1000873.3623903841,0.0,1000873.3623903841,1.0,False,normal,0.0,4,沪深300;创业板;纳指;国债ETF,沪深300;创业板;纳指;国债ETF,
2014-06-26,1000952.7967842246,0.0,1000952.7967842246,1.0,False,normal,0.0,5,沪深300;创业板;纳指;黄金;国债ETF,沪深300;创业板;纳指;黄金;国债ETF,
2014-06-27,1001032.2374823821,0.0,1001032.2374823821,1.0,False,normal,0.0,5,沪深300;创业板;纳指;黄金;国债ETF,沪深300;创业板;纳指;黄金;国债ETF,
2014-06-30,1001111.6844853569,1547576.9509852177,-546465.2664998608,1.0,False,normal,0.0,6,沪深300;创业板;纳指;黄金;国债ETF;消费ETF,沪深300;创业板;纳指;黄金;国债ETF,消费ETF
2014-07-01,997681.9314011979,1585631.378413964,-587949.4470127661,1.0,False,normal,-0.0034259445147942,6,沪深300;创业板;纳指;黄金;国债ETF;消费ETF,沪深300;创业板;纳指;黄金;国债ETF,消费ETF
2014-07-02,1002851.1614388243,1637080.290263998,-634229.1288251738,1.0,False,normal,0.0,6,沪深300;创业板;纳指;黄金;国债ETF;消费ETF,沪深300;创业板;纳指;黄金;国债ETF,消费ETF
2014-07-03,1013535.7785167219,1676020.0121151216,-662484.2335983997,1.0,False,normal,0.0,6,沪深300;创业板;纳指;黄金;国债ETF;消费ETF,沪深300;创业板;纳指;黄金;国债ETF,消费ETF
2014-07-04,1015302.9832608326,1731652.1844429653,-716349.2011821327,1.0,False,normal,0.0,6,沪深300;创业板;纳指;黄金;国债ETF;消费ETF,沪深300;创业板;纳指;黄金;国债ETF,消费ETF
2014-07-07,1009611.6870332189,1759599.1026777504,-749987.4156445315,1.0,False,normal,-0.005605515123510275,6,沪深300;创业板;纳指;黄金;国债ETF;消费ETF,沪深300;创业板;纳指;黄金;国债ETF,消费ETF
2014-07-08,1015296.2309341328,1817887.7376834725,-802591.5067493396,1.0,False,normal,-6.650553392547258e-06,6,沪深300;创业板;纳指;黄金;国债ETF;消费ETF,沪深300;创业板;纳指;黄金;国债ETF,消费ETF
2014-07-09,987629.0317556227,1591410.0371870578,-603781.0054314351,1.0,False,normal,-0.027256840530823525,6,沪深300;创业板;纳指;黄金;国债ETF;消费ETF,沪深300;创业板;纳指;黄金;国债ETF,消费ETF
2014-07-10,978817.8414983228,0.0,978817.8414983228,1.0,False,normal,-0.035935225606578115,4,沪深300;创业板;纳指;黄金,沪深300;创业板;纳指;黄金,
2014-07-11,978895.5254539973,1635024.4392051317,-656128.9137511344,1.0,False,normal,-0.03585871252924525,6,沪深300;创业板;纳指;黄金;国债ETF;消费ETF,沪深300;创业板;纳指;黄金;国债ETF,消费ETF
2014-07-14,1013094.2393215299,1443294.4632128142,-430200.2238912843,1.0,False,normal,-0.0021754530181807966,6,沪深300;创业板;纳指;黄金;国债ETF;消费ETF,沪深300;创业板;纳指;黄金;国债ETF,消费ETF
2014-07-15,1037998.2297202732,1393282.6649093514,-355284.4351890782,1.0,False,normal,0.0,6,沪深300;创业板;纳指;黄金;国债ETF;消费ETF,沪深300;创业板;纳指;黄金;国债ETF,消费ETF
2014-07-16,1036490.9638964764,1430369.6502234796,-393878.6863270032,1.0,False,normal,-0.0014520890119465127,5,沪深300;创业板;纳指;国债ETF;消费ETF,沪深300;创业板;纳指;国债ETF,消费ETF
2014-07-17,1018219.0705242093,1348663.0411526377,-330443.9706284284,1.0,False,normal,-0.019055099160808876,5,沪深300;创业板;纳指;黄金;消费ETF,沪深300;创业板;纳指;黄金,消费ETF
2014-07-18,1041420.6259300611,1313949.2000248157,-272528.57409475464,1.0,False,normal,0.0,5,沪深300;创业板;纳指;黄金;消费ETF,沪深300;创业板;纳指;黄金,消费ETF
2014-07-21,1048351.1088475925,0.0,1048351.1088475925,0.0,True,normal,0.0,0,,沪深300;纳指;黄金,消费ETF
2014-07-22,1048351.1088475925,0.0,1048351.1088475925,0.0,True,normal,0.0,0,,沪深300;创业板;纳指;黄金,消费ETF
2014-07-23,1048351.1088475925,0.0,1048351.1088475925,0.0,True,normal,0.0,0,,沪深300;纳指;黄金,消费ETF
2014-07-24,1048351.1088475925,0.0,1048351.1088475925,0.0,True,normal,0.0,0,,沪深300;纳指;黄金,消费ETF
2014-07-25,1048351.1088475925,0.0,1048351.1088475925,0.0,True,normal,0.0,0,,沪深300;纳指;黄金,消费ETF
2014-07-28,1048351.1088475925,0.0,1048351.1088475925,0.0,True,normal,0.0,0,,沪深300;纳指;黄金,消费ETF
2014-07-29,1048351.1088475925,0.0,1048351.1088475925,0.0,True,normal,0.0,0,,沪深300;创业板;纳指;黄金,消费ETF
2014-07-30,1048351.1088475925,1398399.8303146826,-350048.7214670901,1.0,False,normal,0.0,4,沪深300;纳指;黄金;消费ETF,沪深300;纳指;黄金,消费ETF
2014-07-31,1071107.8458232302,1394497.6981131977,-323389.8522899675,1.0,False,normal,0.0,4,沪深300;纳指;黄金;消费ETF,沪深300;纳指;黄金,消费ETF
2014-08-01,1082260.5182233658,1445122.9002379025,-362862.38201453676,1.0,False,normal,0.0,4,沪深300;纳指;黄金;消费ETF,沪深300;纳指;黄金,消费ETF
2014-08-04,1102342.7738992833,1471405.2715318804,-369062.4976325971,1.0,False,normal,0.0,4,沪深300;纳指;黄金;消费ETF,沪深300;纳指;黄金,消费ETF
2014-08-05,1102313.4832248678,1506818.0337401864,-404504.5505153185,1.0,False,normal,-2.6571294436673278e-05,4,沪深300;纳指;黄金;消费ETF,沪深300;纳指;黄金,消费ETF
2014-08-06,1097849.5619428176,1519642.2527102232,-421792.69076740555,1.0,False,normal,-0.004076056978694491,6,沪深300;创业板;纳指;黄金;国债ETF;消费ETF,沪深300;创业板;纳指;黄金;国债ETF,消费ETF
2014-08-07,1069425.5231057978,1301946.69717309,-232521.17406729213,1.0,False,normal,-0.029861175283118387,5,沪深300;纳指;黄金;国债ETF;消费ETF,沪深300;纳指;黄金;国债ETF,消费ETF
2014-08-08,1073320.7364707359,1347665.4531177771,-274344.71664704126,1.0,False,normal,-0.02632759801734685,4,沪深300;纳指;黄金;消费ETF,沪深300;纳指;黄金,消费ETF
2014-08-11,1096186.3883582503,1340558.6171621054,-244372.22880385513,1.0,False,normal,-0.0055848196103796335,6,沪深300;创业板;纳指;黄金;国债ETF;消费ETF,沪深300;创业板;纳指;黄金;国债ETF,消费ETF
2014-08-12,1097483.848960062,1381993.308591309,-284509.459631247,1.0,False,normal,-0.004407816746540562,5,沪深300;创业板;纳指;黄金;消费ETF,沪深300;创业板;纳指;黄金,消费ETF
2014-08-13,1098817.4938771834,1424902.6767818264,-326085.182904643,1.0,False,normal,-0.00319798896093815,6,沪深300;创业板;纳指;黄金;国债ETF;消费ETF,沪深300;创业板;纳指;黄金;国债ETF,消费ETF
2014-08-14,1087615.9068318855,1401675.3742055227,-314059.46737363725,1.0,False,normal,-0.01335960775186552,5,沪深300;创业板;纳指;国债ETF;消费ETF,沪深300;创业板;纳指;国债ETF,消费ETF
2014-08-15,1095901.3097828985,1451367.9029097413,-355466.59312684275,1.0,False,normal,-0.005843431162159795,5,沪深300;创业板;纳指;国债ETF;消费ETF,沪深300;创业板;纳指;国债ETF,消费ETF
2014-08-18,1101575.918985104,1503958.7327129713,-402382.8137278673,1.0,False,normal,-0.0006956592199237015,4,沪深300;创业板;纳指;消费ETF,沪深300;创业板;纳指,消费ETF
2014-08-19,1104487.1516155468,1554961.8519726857,-450474.7003571389,1.0,False,normal,0.0,4,沪深300;创业板;纳指;消费ETF,沪深300;创业板;纳指,消费ETF
2014-08-20,1110525.4693894694,1611735.1977411788,-501209.72835170943,1.0,False,normal,0.0,4,沪深300;创业板;纳指;消费ETF,沪深300;创业板;纳指,消费ETF
2014-08-21,1101078.6760667916,1601393.479781662,-500314.8037148705,1.0,False,normal,-0.008506597627041604,4,沪深300;创业板;纳指;消费ETF,沪深300;创业板;纳指,消费ETF
2014-08-22,1105739.7321819677,1658407.04044886,-552667.3082668923,1.0,False,normal,-0.004309434893134602,5,沪深300;创业板;纳指;国债ETF;消费ETF,沪深300;创业板;纳指;国债ETF,消费ETF
2014-08-25,1095988.1211677277,1649234.6221182682,-553246.5009505404,1.0,False,normal,-0.013090513115141589,5,沪深300;创业板;纳指;国债ETF;消费ETF,沪深300;创业板;纳指;国债ETF,消费ETF
2014-08-26,1073285.4445998096,1514664.5093964092,-441379.06479659956,1.0,False,normal,-0.03353369716962288,4,沪深300;纳指;国债ETF;消费ETF,沪深300;纳指;国债ETF,消费ETF
2014-08-27,1074757.5433803732,1564391.333003785,-489633.78962341184,1.0,False,normal,-0.03220810957965713,4,沪深300;纳指;国债ETF;消费ETF,沪深300;纳指;国债ETF,消费ETF
2014-08-28,1073163.6225885989,1608889.343625411,-535725.721036812,1.0,False,normal,-0.033643394798870144,4,沪深300;纳指;国债ETF;消费ETF,沪深300;纳指;国债ETF,消费ETF
2014-08-29,1087529.0689455033,1636155.826800075,-548626.7578545716,1.0,False,normal,-0.020707674950137527,5,沪深300;创业板;纳指;国债ETF;消费ETF,沪深300;创业板;纳指;国债ETF,消费ETF
2014-09-01,1097166.9225641768,0.0,1097166.9225641768,0.0,True,normal,-0.012029032375670422,0,,沪深300;创业板;纳指;国债ETF,消费ETF
2014-09-02,1097166.9225641768,0.0,1097166.9225641768,0.0,True,normal,-0.012029032375670422,0,,沪深300;创业板;纳指;国债ETF,消费ETF
2014-09-03,1097166.9225641768,0.0,1097166.9225641768,0.0,True,normal,-0.012029032375670422,0,,沪深300;创业板;纳指;国债ETF,消费ETF
2014-09-04,1097166.9225641768,0.0,1097166.9225641768,0.0,True,normal,-0.012029032375670422,0,,沪深300;创业板;纳指;国债ETF,消费ETF
2014-09-05,1097166.9225641768,0.0,1097166.9225641768,0.0,True,normal,-0.012029032375670422,0,,沪深300;创业板;纳指;国债ETF,消费ETF
2014-09-09,1097166.9225641768,0.0,1097166.9225641768,0.0,True,normal,-0.012029032375670422,0,,沪深300;创业板;纳指;国债ETF,消费ETF
2014-09-10,1097166.9225641768,0.0,1097166.9225641768,0.0,True,normal,-0.012029032375670422,0,,沪深300;创业板;纳指;国债ETF,消费ETF
2014-09-11,1097166.9225641768,0.0,1097166.9225641768,0.0,True,normal,-0.012029032375670422,0,,沪深300;创业板;纳指;国债ETF,消费ETF
2014-09-12,1097166.9225641768,0.0,1097166.9225641768,0.0,True,normal,-0.012029032375670422,0,,沪深300;创业板;纳指;国债ETF,消费ETF
2014-09-15,1097166.9225641768,0.0,1097166.9225641768,0.0,True,normal,-0.012029032375670422,0,,沪深300;创业板;纳指;国债ETF,消费ETF
2014-09-16,1097166.9225641768,0.0,1097166.9225641768,0.0,True,normal,-0.012029032375670422,0,,沪深300;创业板;纳指;国债ETF,消费ETF
2014-09-17,1097166.9225641768,0.0,1097166.9225641768,0.0,True,normal,-0.012029032375670422,0,,沪深300;创业板;纳指;国债ETF,消费ETF
2014-09-18,1097166.9225641768,0.0,1097166.9225641768,0.0,True,normal,-0.012029032375670422,0,,沪深300;创业板;纳指;国债ETF,消费ETF
2014-09-19,1097166.9225641768,0.0,1097166.9225641768,0.0,True,normal,-0.012029032375670422,0,,沪深300;创业板;纳指;国债ETF,消费ETF
2014-09-22,1097166.9225641768,0.0,1097166.9225641768,0.0,True,normal,-0.012029032375670422,0,,沪深300;创业板;纳指;国债ETF,消费ETF
2014-09-23,1097166.9225641768,0.0,1097166.9225641768,0.0,True,normal,-0.012029032375670422,0,,沪深300;创业板;纳指;国债ETF,消费ETF
2014-09-24,1097166.9225641768,0.0,1097166.9225641768,0.0,True,normal,-0.012029032375670422,0,,沪深300;创业板;纳指;国债ETF,消费ETF
2014-09-25,1097166.9225641768,0.0,1097166.9225641768,0.0,True,normal,-0.012029032375670422,0,,沪深300;创业板;纳指;国债ETF,消费ETF
2014-09-26,1097166.9225641768,0.0,1097166.9225641768,0.0,True,normal,-0.012029032375670422,0,,沪深300;创业板;纳指;国债ETF,消费ETF
2014-09-29,1097166.9225641768,0.0,1097166.9225641768,0.0,True,normal,-0.012029032375670422,0,,沪深300;创业板;纳指;国债ETF,消费ETF
2014-09-30,1097166.9225641768,0.0,1097166.9225641768,0.0,True,normal,-0.012029032375670422,0,,沪深300;创业板;纳指;国债ETF,消费ETF
2014-10-08,1097166.9225641768,0.0,1097166.9225641768,0.0,True,normal,-0.012029032375670422,0,,沪深300;创业板;纳指;国债ETF,消费ETF
2014-10-09,1097166.9225641768,0.0,1097166.9225641768,0.0,True,normal,-0.012029032375670422,0,,沪深300;创业板;纳指;国债ETF,消费ETF
2014-10-10,1097166.9225641768,0.0,1097166.9225641768,0.0,True,normal,-0.012029032375670422,0,,沪深300;创业板;纳指;国债ETF,消费ETF
2014-10-13,1097166.9225641768,0.0,1097166.9225641768,0.0,True,normal,-0.012029032375670422,0,,沪深300;创业板;国债ETF,消费ETF
2014-10-14,1097166.9225641768,1419302.7664125485,-322135.84384837165,1.0,False,normal,-0.012029032375670422,4,沪深300;创业板;国债ETF;消费ETF,沪深300;创业板;国债ETF,消费ETF
2014-10-15,1098494.3617244202,1465620.889673613,-367126.5279491928,1.0,False,normal,-0.010833707102335487,4,沪深300;创业板;国债ETF;消费ETF,沪深300;创业板;国债ETF,消费ETF
2014-10-16,1088694.4187672348,1471780.2277290598,-383085.808961825,1.0,False,normal,-0.019658307012298048,4,沪深300;创业板;国债ETF;消费ETF,沪深300;创业板;国债ETF,消费ETF
2014-10-17,1090075.1179386303,1519653.670323549,-429578.5523849188,1.0,False,normal,-0.018415022450662042,4,沪深300;创业板;国债ETF;消费ETF,沪深300;创业板;国债ETF,消费ETF
2014-10-20,1098774.6661861953,1562771.68211032,-463997.01592412475,1.0,False,normal,-0.010581300048646556,4,沪深300;创业板;国债ETF;消费ETF,沪深300;创业板;国债ETF,消费ETF
2014-10-21,1088319.3631454657,1565230.7628837768,-476911.39973831107,1.0,False,normal,-0.01999603508077291,4,沪深300;创业板;国债ETF;消费ETF,沪深300;创业板;国债ETF,消费ETF
2014-10-22,1067271.7041366065,0.0,1067271.7041366065,1.0,False,normal,-0.03894891782773999,3,沪深300;创业板;国债ETF,沪深300;创业板;国债ETF,
2014-10-23,1067356.4082401094,0.0,1067356.4082401094,1.0,False,normal,-0.03887264393232949,3,沪深300;创业板;国债ETF,沪深300;创业板;国债ETF,
2014-10-24,1067441.1190661604,0.0,1067441.1190661604,1.0,False,normal,-0.03879636398343509,3,沪深300;创业板;国债ETF,沪深300;创业板;国债ETF,
2014-10-27,1067525.8366152926,0.0,1067525.8366152926,1.0,False,normal,-0.03872007798057668,3,沪深300;创业板;国债ETF,沪深300;创业板;国债ETF,
2014-10-28,1067610.5608880399,0.0,1067610.5608880399,1.0,False,normal,-0.03864378592327351,3,沪深300;创业板;国债ETF,沪深300;创业板;国债ETF,
2014-10-29,1067695.2918849357,0.0,1067695.2918849357,1.0,False,normal,-0.038567487811045256,3,沪深300;创业板;国债ETF,沪深300;创业板;国债ETF,
2014-10-30,1067780.029606514,0.0,1067780.029606514,1.0,False,normal,-0.03849118364341116,3,沪深300;创业板;国债ETF,沪深300;创业板;国债ETF,
2014-10-31,1067864.7740533082,0.0,1067864.7740533082,1.0,False,normal,-0.03841487341989071,4,沪深300;创业板;纳指;国债ETF,沪深300;创业板;纳指;国债ETF,
2014-11-03,1067949.5252258522,0.0,1067949.5252258522,1.0,False,normal,-0.03833855714000335,4,沪深300;创业板;纳指;国债ETF,沪深300;创业板;纳指;国债ETF,
2014-11-04,1068034.2831246797,0.0,1068034.2831246797,1.0,False,normal,-0.03826223480326834,4,沪深300;创业板;纳指;国债ETF,沪深300;创业板;纳指;国债ETF,
2014-11-05,1068119.0477503245,0.0,1068119.0477503245,1.0,False,normal,-0.03818590640920514,3,沪深300;创业板;国债ETF,沪深300;创业板;国债ETF,
2014-11-06,1068203.8191033206,0.0,1068203.8191033206,1.0,False,normal,-0.0381095719573328,4,沪深300;创业板;纳指;国债ETF,沪深300;创业板;纳指;国债ETF,
2014-11-07,1068288.597184202,0.0,1068288.597184202,1.0,False,normal,-0.03803323144717057,4,沪深300;创业板;纳指;国债ETF,沪深300;创业板;纳指;国债ETF,
2014-11-10,1068373.3819935024,0.0,1068373.3819935024,1.0,False,normal,-0.03795688487823771,4,沪深300;创业板;纳指;国债ETF,沪深300;创业板;纳指;国债ETF,
2014-11-11,1068458.1735317558,0.0,1068458.1735317558,1.0,False,normal,-0.037880532250053466,3,沪深300;纳指;国债ETF,沪深300;纳指;国债ETF,
2014-11-12,1068542.9717994966,0.0,1068542.9717994966,1.0,False,normal,-0.037804173562136674,3,沪深300;纳指;国债ETF,沪深300;纳指;国债ETF,
2014-11-13,1068627.7767972585,0.0,1068627.7767972585,1.0,False,normal,-0.0377278088140066,3,沪深300;纳指;国债ETF,沪深300;纳指;国债ETF,
2014-11-14,1068712.5885255758,1360778.2983457816,-292065.7098202058,1.0,False,normal,-0.03765143800518227,4,沪深300;纳指;国债ETF;消费ETF,沪深300;纳指;国债ETF,消费ETF
2014-11-17,1075237.9086993756,1404664.484002813,-329426.5753034374,1.0,False,normal,-0.031775552801588364,4,沪深300;纳指;国债ETF;消费ETF,沪深300;纳指;国债ETF,消费ETF
2014-11-18,1061757.1230817134,0.0,1061757.1230817134,1.0,False,normal,-0.0439146581073617,4,沪深300;创业板;纳指;国债ETF,沪深300;创业板;纳指;国债ETF,
2014-11-19,1061841.3895200533,0.0,1061841.3895200533,1.0,False,normal,-0.04383877831832258,4,沪深300;创业板;纳指;国债ETF,沪深300;创业板;纳指;国债ETF,
2014-11-20,1061925.6626462056,0.0,1061925.6626462056,1.0,False,normal,-0.043762892507078044,3,沪深300;纳指;国债ETF,沪深300;纳指;国债ETF,
2014-11-21,1062009.9424607013,0.0,1062009.9424607013,1.0,False,normal,-0.04368700067315005,4,沪深300;创业板;纳指;国债ETF,沪深300;创业板;纳指;国债ETF,
2014-11-24,1062094.2289640713,1488104.7106057499,-426010.4816416786,1.0,False,normal,-0.0436111028160606,5,沪深300;创业板;纳指;国债ETF;消费ETF,沪深300;创业板;纳指;国债ETF,消费ETF
2014-11-25,1076327.9613754589,1512612.243375025,-436284.2819995661,1.0,False,normal,-0.030793988032360185,5,沪深300;创业板;纳指;国债ETF;消费ETF,沪深300;创业板;纳指;国债ETF,消费ETF
2014-11-26,1086348.6876840205,1558092.3165039578,-471743.62881993735,1.0,False,normal,-0.02177057831797453,5,沪深300;创业板;纳指;国债ETF;消费ETF,沪深300;创业板;纳指;国债ETF,消费ETF
2014-11-27,1084841.3493016828,1600814.7769678417,-515973.4276661589,1.0,False,normal,-0.02312789827495525,5,沪深300;创业板;纳指;国债ETF;消费ETF,沪深300;创业板;纳指;国债ETF,消费ETF
2014-11-28,1084800.3990296458,1649640.659773152,-564840.2607435063,1.0,False,normal,-0.023164772955604818,5,沪深300;创业板;纳指;国债ETF;消费ETF,沪深300;创业板;纳指;国债ETF,消费ETF
2014-12-01,1115910.2571187916,1557256.389799662,-441346.13268087036,1.0,False,normal,0.0,5,沪深300;创业板;纳指;国债ETF;消费ETF,沪深300;创业板;纳指;国债ETF,消费ETF
2014-12-02,1134637.3548262534,1580629.1324904885,-445991.7776642351,1.0,False,normal,0.0,5,沪深300;创业板;纳指;国债ETF;消费ETF,沪深300;创业板;纳指;国债ETF,消费ETF
2014-12-03,1160656.2850131565,1567935.4436896595,-407279.158676503,1.0,False,normal,0.0,5,沪深300;创业板;纳指;国债ETF;消费ETF,沪深300;创业板;纳指;国债ETF,消费ETF
2014-12-04,1200175.485976089,1462055.5701967785,-261880.0842206895,1.0,False,normal,0.0,5,沪深300;创业板;纳指;国债ETF;消费ETF,沪深300;创业板;纳指;国债ETF,消费ETF
2014-12-05,1171890.0071637488,1272730.7184637885,-100840.71130003966,1.0,False,normal,-0.023567785830366235,5,沪深300;创业板;纳指;国债ETF;消费ETF,沪深300;创业板;纳指;国债ETF,消费ETF
2014-12-08,1177584.2024921188,1318861.0541725971,-141276.8516804783,1.0,False,normal,-0.01882331687986193,5,沪深300;创业板;纳指;国债ETF;消费ETF,沪深300;创业板;纳指;国债ETF,消费ETF
2014-12-09,1152866.4047290105,1152866.4047290105,0.0,0.7044440905019091,False,normal,-0.03941846988201276,4,沪深300;纳指;国债ETF;消费ETF,沪深300;纳指;国债ETF,消费ETF
2014-12-10,1187452.3968708809,1187452.3968708809,0.0,0.5183011408395098,False,normal,-0.010601023978473139,5,沪深300;创业板;纳指;黄金;消费ETF,沪深300;创业板;纳指;黄金,消费ETF
2014-12-11,1196884.9401823,1196884.9401823,0.0,0.4280904162664208,False,normal,-0.0027417205502350433,4,沪深300;创业板;纳指;消费ETF,沪深300;创业板;纳指,消费ETF
2014-12-12,1206317.4834937195,1206317.4834937195,0.0,0.4410765774883542,False,normal,0.0,4,沪深300;创业板;纳指;消费ETF,沪深300;创业板;纳指,消费ETF
2014-12-15,1216798.0871730743,1216798.0871730743,0.0,0.606284211696088,False,normal,0.0,5,沪深300;创业板;纳指;国债ETF;消费ETF,沪深300;创业板;纳指;国债ETF,消费ETF
2014-12-16,1205269.4231257841,1205269.4231257841,0.0,0.6251859404354254,False,normal,-0.009474590869939703,5,沪深300;创业板;纳指;国债ETF;消费ETF,沪深300;创业板;纳指;国债ETF,消费ETF
2014-12-17,1182212.095031204,1182212.095031204,0.0,0.6448042067273938,False,normal,-0.028423772609819112,5,沪深300;创业板;纳指;国债ETF;消费ETF,沪深300;创业板;纳指;国债ETF,消费ETF
2014-12-18,1188500.4572388167,1188500.4572388167,0.0,0.664931851178534,False,normal,-0.023255813953488417,5,沪深300;创业板;纳指;国债ETF;消费ETF,沪深300;创业板;纳指;国债ETF,消费ETF
2014-12-19,1185356.2761350104,1185356.2761350104,0.0,0.6842460171627007,False,normal,-0.02583979328165367,5,沪深300;创业板;纳指;国债ETF;消费ETF,沪深300;创业板;纳指;国债ETF,消费ETF
2014-12-22,1187452.3968708813,1187452.3968708813,0.0,0.7352791508421301,False,normal,-0.024117140396210105,4,沪深300;纳指;国债ETF;消费ETF,沪深300;纳指;国债ETF,消费ETF
2014-12-23,1188500.4572388167,1188500.4572388167,0.0,0.7357249757642453,False,normal,-0.023255813953488417,4,沪深300;纳指;国债ETF;消费ETF,沪深300;纳指;国债ETF,消费ETF
2014-12-24,1182212.095031204,1287870.8285389924,-105658.7335077885,0.7152035763764105,False,normal,-0.028423772609819112,4,沪深300;纳指;国债ETF;消费ETF,沪深300;纳指;国债ETF,消费ETF
2014-12-25,1191337.5450808306,1330017.5477740203,-138680.00269318977,0.763103922392694,False,normal,-0.02092421278487943,6,沪深300;创业板;纳指;黄金;国债ETF;消费ETF,沪深300;创业板;纳指;黄金;国债ETF,消费ETF
2014-12-26,1203034.4396801256,1370668.0416856671,-167633.60200554156,0.837385767610382,False,normal,-0.011311365162419902,5,沪深300;纳指;黄金;国债ETF;消费ETF,沪深300;纳指;黄金;国债ETF,消费ETF
2014-12-29,1199432.9991912192,1400781.4298098614,-201348.43061864213,0.6341686517321411,False,normal,-0.014271133530624185,4,沪深300;纳指;黄金;消费ETF,沪深300;纳指;黄金,消费ETF
2014-12-30,1183485.1218801155,1362463.1941045523,-178978.0722244368,0.6463689027653255,False,normal,-0.027377562180717355,4,沪深300;纳指;黄金;消费ETF,沪深300;纳指;黄金,消费ETF
2014-12-31,1207585.3100872186,1347660.3756644495,-140075.06557723088,0.6555149094289229,False,normal,-0.00757132771901309,4,沪深300;纳指;黄金;消费ETF,沪深300;纳指;黄金,消费ETF
2015-01-05,1264996.2438077033,1106264.8425713019,158731.4012364014,0.6755755344855418,False,normal,0.0,4,沪深300;纳指;黄金;消费ETF,沪深300;纳指;黄金,消费ETF
2015-01-06,1271467.4352810786,1146634.3199530689,124833.1153280097,0.5005816504328654,False,normal,0.0,4,沪深300;创业板;黄金;消费ETF,沪深300;创业板;黄金,消费ETF
2015-01-07,1261018.8206815624,1139670.4207039997,121348.39997756272,0.5095851705082957,False,normal,-0.008217760289870353,4,沪深300;创业板;黄金;消费ETF,沪深300;创业板;黄金,消费ETF
2015-01-08,1260074.7524101338,1170575.3191361178,89499.43327401602,0.6879297078929091,False,normal,-0.008960263200469772,5,沪深300;创业板;纳指;黄金;消费ETF,沪深300;创业板;纳指;黄金,消费ETF
2015-01-09,1245376.1354501091,1145003.1828612396,100372.95258886949,0.7081345010102497,False,normal,-0.020520619802741166,5,沪深300;创业板;纳指;黄金;消费ETF,沪深300;创业板;纳指;黄金,消费ETF
2015-01-12,1237614.7839468638,1237614.7839468638,0.0,1.0,False,normal,-0.02662486698035726,6,沪深300;创业板;纳指;黄金;国债ETF;消费ETF,沪深300;创业板;纳指;黄金;国债ETF,消费ETF
2015-01-13,1235501.009764205,1235501.009764205,0.0,0.7489028450766348,False,normal,-0.028287335183635777,5,沪深300;创业板;黄金;国债ETF;消费ETF,沪深300;创业板;黄金;国债ETF,消费ETF
2015-01-14,1222818.3646682508,1222818.3646682508,0.0,0.7628670807282126,False,normal,-0.038262144403307594,5,沪深300;创业板;黄金;国债ETF;消费ETF,沪深300;创业板;黄金;国债ETF,消费ETF
2015-01-15,1233387.2355815459,1233387.2355815459,0.0,0.7779640840860941,False,normal,-0.029949803386914473,5,沪深300;创业板;黄金;国债ETF;消费ETF,沪深300;创业板;黄金;国债ETF,消费ETF
2015-01-16,1238671.6710381934,1238671.6710381934,0.0,0.7203382692323846,False,normal,-0.025793632878717915,5,沪深300;创业板;黄金;国债ETF;消费ETF,沪深300;创业板;黄金;国债ETF,消费ETF
2015-01-19,1186884.203563047,0.0,1186884.203563047,0.6008863075726901,False,normal,-0.06652410385904453,4,沪深300;创业板;黄金;国债ETF,沪深300;创业板;黄金;国债ETF,
2015-01-20,1186978.4007220601,902782.5908205523,284195.8099015078,0.5751777004516798,False,normal,-0.06645001847046186,5,沪深300;创业板;黄金;国债ETF;消费ETF,沪深300;创业板;黄金;国债ETF,消费ETF
2015-01-21,1207411.692781011,901414.972837033,305996.7199439781,0.5617552843283361,False,normal,-0.05037938111714744,5,沪深300;创业板;黄金;国债ETF;消费ETF,沪深300;创业板;黄金;国债ETF,消费ETF
2015-01-22,1212801.5435494813,932248.1022608945,280553.4412885868,0.5774095939408342,False,normal,-0.04614030222380662,5,沪深300;创业板;黄金;国债ETF;消费ETF,沪深300;创业板;黄金;国债ETF,消费ETF
2015-01-23,1204943.4368954385,943588.6026782251,261354.83421721333,0.5882028871335881,False,normal,-0.05232064663216002,5,沪深300;创业板;黄金;国债ETF;消费ETF,沪深300;创业板;黄金;国债ETF,消费ETF
2015-01-26,1222661.4932888227,955598.9202082783,267062.57308054436,0.5986697768402907,False,normal,-0.038385522615816355,5,沪深300;创业板;黄金;国债ETF;消费ETF,沪深300;创业板;黄金;国债ETF,消费ETF
2015-01-27,1221883.0243627555,983745.8749063081,238137.14945644734,0.6088658790651588,False,normal,-0.038997782831427096,5,沪深300;创业板;黄金;国债ETF;消费ETF,沪深300;创业板;黄金;国债ETF,消费ETF
2015-01-28,1210367.2153855267,981541.3499222591,228825.86546326755,0.6135460372360992,False,normal,-0.04805488382960018,5,沪深300;创业板;黄金;国债ETF;消费ETF,沪深300;创业板;黄金;国债ETF,消费ETF
2015-01-29,1199571.7850252888,984365.0934124878,215206.69161280105,0.6185675011206047,False,normal,-0.05654541222276451,5,沪深300;创业板;黄金;国债ETF;消费ETF,沪深300;创业板;黄金;国债ETF,消费ETF
2015-01-30,1195371.3623789786,1008558.790839747,186812.5715392317,0.6026652378039336,False,normal,-0.059849014446270624,5,沪深300;创业板;黄金;国债ETF;消费ETF,沪深300;创业板;黄金;国债ETF,消费ETF
2015-02-02,1183234.8780405363,0.0,1183234.8780405363,0.6215671905272356,False,normal,-0.06939427215533603,4,沪深300;创业板;黄金;国债ETF,沪深300;创业板;黄金;国债ETF,
2015-02-03,1183328.7855705395,1028970.6950158777,154358.09055466182,0.6087069646778756,False,normal,-0.06932041455788802,5,沪深300;创业板;黄金;国债ETF;消费ETF,沪深300;创业板;黄金;国债ETF,消费ETF
2015-02-04,1177121.0061046064,0.0,1177121.0061046064,0.7405959231959685,False,normal,-0.07420278849345073,5,沪深300;创业板;纳指;黄金;国债ETF,沪深300;创业板;纳指;黄金;国债ETF,
2015-02-05,1177214.4284066784,0.0,1177214.4284066784,0.6404559255195243,False,normal,-0.07412931252428342,4,沪深300;创业板;黄金;国债ETF,沪深300;创业板;黄金;国债ETF,
2015-02-06,1177307.8581232186,0.0,1177307.8581232186,0.7637883603270716,False,normal,-0.07405583072369008,5,沪深300;创业板;纳指;黄金;国债ETF,沪深300;创业板;纳指;黄金;国债ETF,
2015-02-09,1177401.2952548158,0.0,1177401.2952548158,0.7722887545827717,False,normal,-0.07398234309120774,5,沪深300;创业板;纳指;黄金;国债ETF,沪深300;创业板;纳指;黄金;国债ETF,
2015-02-10,1177494.7398020583,0.0,1177494.7398020583,0.7783668381732486,False,normal,-0.07390884962637367,5,沪深300;创业板;纳指;黄金;国债ETF,沪深300;创业板;纳指;黄金;国债ETF,
2015-02-11,1177588.1917655347,1177588.1917655347,0.0,0.7906082312670913,False,normal,-0.07383535032872497,6,沪深300;创业板;纳指;黄金;国债ETF;消费ETF,沪深300;创业板;纳指;黄金;国债ETF,消费ETF
2015-02-12,1188754.9763426217,1188754.9763426217,0.0,0.8148664471527314,False,normal,-0.06505275451287662,6,沪深300;创业板;纳指;黄金;国债ETF;消费ETF,沪深300;创业板;纳指;黄金;国债ETF,消费ETF
2015-02-13,1197891.4364511473,1197891.4364511473,0.0,0.798884896580049,False,normal,-0.057866994299909914,6,沪深300;创业板;纳指;黄金;国债ETF;消费ETF,沪深300;创业板;纳指;黄金;国债ETF,消费ETF
2015-02-16,1209058.2210282343,1209058.2210282343,0.0,0.7901909542737485,False,normal,-0.04908439848406156,6,沪深300;创业板;纳指;黄金;国债ETF;消费ETF,沪深300;创业板;纳指;黄金;国债ETF,消费ETF
2015-02-17,1211088.5454967956,1211088.5454967956,0.0,0.8138873458115499,False,normal,-0.0474875628811801,6,沪深300;创业板;纳指;黄金;国债ETF;消费ETF,沪深300;创业板;纳指;黄金;国债ETF,消费ETF
2015-02-25,1203982.409856831,1203982.409856831,0.0,0.8189566913840249,False,normal,-0.05307648749126551,6,沪深300;创业板;纳指;黄金;国债ETF;消费ETF,沪深300;创业板;纳指;黄金;国债ETF,消费ETF
2015-02-26,1216164.3566681987,1316666.6095177901,-100502.25284959143,0.8380342455615771,False,normal,-0.043495473873976336,6,沪深300;创业板;纳指;黄金;国债ETF;消费ETF,沪深300;创业板;纳指;黄金;国债ETF,消费ETF
2015-02-27,1223849.7578169755,1362013.1043969025,-138163.34657992702,0.8579467591739404,False,normal,-0.03745096110430578,6,沪深300;创业板;纳指;黄金;国债ETF;消费ETF,沪深300;创业板;纳指;黄金;国债ETF,消费ETF
2015-03-02,1228359.9977978077,1409539.3752769658,-181179.3774791581,0.8666870342181757,False,normal,-0.03390368977380949,6,沪深300;创业板;纳指;黄金;国债ETF;消费ETF,沪深300;创业板;纳指;黄金;国债ETF,消费ETF
2015-03-03,1212023.4090082906,1370408.9127491568,-158385.5037408662,0.8477167526845081,False,normal,-0.04675229944811514,6,沪深300;创业板;纳指;黄金;国债ETF;消费ETF,沪深300;创业板;纳指;黄金;国债ETF,消费ETF
2015-03-04,1237240.124153213,1352990.5265168394,-115750.40236362629,0.8656750794920784,False,normal,-0.02691953421543899,6,沪深300;创业板;纳指;黄金;国债ETF;消费ETF,沪深300;创业板;纳指;黄金;国债ETF,消费ETF
2015-03-05,1242789.6497189996,1400846.8049594294,-158057.1552404298,1.0,False,normal,-0.02255487224156806,5,创业板;纳指;黄金;国债ETF;消费ETF,创业板;纳指;黄金;国债ETF,消费ETF
2015-03-06,1238191.682243507,1428107.1535143445,-189915.4712708376,1.0,False,normal,-0.026171140616130312,5,创业板;纳指;黄金;国债ETF;消费ETF,创业板;纳指;黄金;国债ETF,消费ETF
2015-03-09,1271006.6590931336,1271006.6590931336,0.0,1.0,False,normal,-0.0003623971602883108,4,创业板;纳指;国债ETF;消费ETF,创业板;纳指;国债ETF,消费ETF
2015-03-10,1276107.0068423033,1421649.2007093565,-145542.19386705314,1.0,False,normal,0.0,4,创业板;纳指;国债ETF;消费ETF,创业板;纳指;国债ETF,消费ETF
2015-03-11,1273822.635409773,1455098.5944744954,-181275.9590647223,1.0,False,normal,-0.0017901096226897548,4,创业板;纳指;国债ETF;消费ETF,创业板;纳指;国债ETF,消费ETF
2015-03-12,1273808.248428895,1497203.003624939,-223394.755196044,0.8131182359171031,False,normal,-0.0018013837406132898,5,沪深300;创业板;纳指;国债ETF;消费ETF,沪深300;创业板;纳指;国债ETF,消费ETF
2015-03-13,1289373.8966264704,1541132.7613858928,-251758.86475942237,0.818560793753247,False,normal,0.0,5,沪深300;创业板;纳指;国债ETF;消费ETF,沪深300;创业板;纳指;国债ETF,消费ETF
2015-03-16,1327210.5842292928,1471989.8568737833,-144779.27264449047,0.7926959015255675,False,normal,0.0,5,沪深300;创业板;纳指;国债ETF;消费ETF,沪深300;创业板;纳指;国债ETF,消费ETF
2015-03-17,1341998.6824723599,1524972.5096001783,-182973.82712781848,0.8164932232914646,False,normal,0.0,5,沪深300;创业板;纳指;国债ETF;消费ETF,沪深300;创业板;纳指;国债ETF,消费ETF
2015-03-18,1370008.157853681,1541020.3518460535,-171012.1939923726,0.8120215972142217,False,normal,0.0,5,沪深300;创业板;纳指;国债ETF;消费ETF,沪深300;创业板;纳指;国债ETF,消费ETF
2015-03-19,1358407.96627052,1513276.5642529249,-154868.597982405,0.834043565089683,False,normal,-0.008467242707032061,5,沪深300;创业板;纳指;国债ETF;消费ETF,沪深300;创业板;纳指;国债ETF,消费ETF
2015-03-20,1365274.204949463,1568650.3589677294,-203376.15401826636,0.854705454438117,False,normal,-0.0034554195003001363,5,沪深300;创业板;纳指;国债ETF;消费ETF,沪深300;创业板;纳指;国债ETF,消费ETF
2015-03-23,1399564.8968732927,1553904.6605180677,-154339.7636447749,0.8218876619350124,False,normal,0.0,5,沪深300;创业板;纳指;国债ETF;消费ETF,沪深300;创业板;纳指;国债ETF,消费ETF
2015-03-24,1398405.8545783088,1585059.186180913,-186653.33160260413,0.8451638876904071,False,normal,-0.0008281447309612802,5,沪深300;创业板;纳指;国债ETF;消费ETF,沪深300;创业板;纳指;国债ETF,消费ETF
2015-03-25,1415950.7806982824,1643408.483492256,-227457.7027939735,0.8638683388521784,False,normal,0.0,5,沪深300;创业板;纳指;国债ETF;消费ETF,沪深300;创业板;纳指;国债ETF,消费ETF
2015-03-26,1433939.3955941575,1705599.3058102694,-271659.9102161119,0.753460273739808,False,normal,0.0,5,沪深300;创业板;纳指;国债ETF;消费ETF,沪深300;创业板;纳指;国债ETF,消费ETF
2015-03-27,1438847.3130462803,1760166.5338131886,-321319.22076690826,0.7745510800810954,False,normal,0.0,5,沪深300;创业板;纳指;国债ETF;消费ETF,沪深300;创业板;纳指;国债ETF,消费ETF
2015-03-30,1450234.995097421,1829713.7776146915,-379478.7825172704,0.5948497492980106,False,normal,0.0,4,沪深300;创业板;纳指;消费ETF,沪深300;创业板;纳指,消费ETF
2015-03-31,1433178.1926163412,1745452.6293970798,-312274.43678073864,0.6133296183117432,False,normal,-0.011761405936790354,4,沪深300;创业板;纳指;消费ETF,沪深300;创业板;纳指,消费ETF
2015-04-01,1455854.3824346017,1798010.2542708507,-342155.871836249,0.6310328423185303,False,normal,0.0,4,沪深300;创业板;纳指;消费ETF,沪深300;创业板;纳指,消费ETF
2015-04-02,1475064.141482044,1865064.2402163432,-390000.0987342992,0.8629101912621028,False,normal,0.0,5,沪深300;创业板;纳指;国债ETF;消费ETF,沪深300;创业板;纳指;国债ETF,消费ETF
2015-04-03,1497408.695150897,1931395.2547139947,-433986.5595630978,1.0,False,normal,0.0,5,沪深300;创业板;纳指;国债ETF;消费ETF,沪深300;创业板;纳指;国债ETF,消费ETF
2015-04-07,1547208.0205488987,1853498.3950234808,-306290.37447458203,0.6697872705765643,False,normal,0.0,4,沪深300;创业板;纳指;消费ETF,沪深300;创业板;纳指,消费ETF
2015-04-08,1548443.7378903273,1890438.7335638027,-341994.9956734753,0.656124884577784,False,normal,0.0,4,沪深300;创业板;纳指;消费ETF,沪深300;创业板;纳指,消费ETF
2015-04-09,1529152.613770396,1782512.2089967392,-253359.59522634326,0.6681901818484419,False,normal,-0.012458395257043373,4,沪深300;创业板;纳指;消费ETF,沪深300;创业板;纳指,消费ETF
2015-04-10,1581739.2491651617,1581739.2491651617,0.0,0.6889529652925572,False,normal,0.0,4,沪深300;创业板;纳指;消费ETF,沪深300;创业板;纳指,消费ETF
2015-04-13,1611265.0484829117,1611265.0484829117,0.0,0.7066963058805206,False,normal,0.0,4,沪深300;创业板;纳指;消费ETF,沪深300;创业板;纳指,消费ETF
2015-04-14,1609156.0628173582,1743410.766907904,-134254.70409054589,0.7118684972279365,False,normal,-0.0013089005235601679,4,沪深300;创业板;纳指;消费ETF,沪深300;创业板;纳指,消费ETF
2015-04-15,1560019.154092965,1388766.8252230738,171252.32886989112,0.6250457927349152,False,normal,-0.031804757658088184,4,沪深300;创业板;纳指;消费ETF,沪深300;创业板;纳指,消费ETF
2015-04-16,1608728.5479155397,1318451.946679222,290276.6012363178,0.6031690459931819,False,normal,-0.0015742292490985277,4,沪深300;创业板;纳指;消费ETF,沪深300;创业板;纳指,消费ETF
2015-04-17,1613046.2174891757,1361067.8525364106,251978.36495276517,0.6221192623145227,False,normal,0.0,4,沪深300;创业板;纳指;消费ETF,沪深300;创业板;纳指,消费ETF
2015-04-20,1603344.3025397053,1360129.1609617944,243215.14157791086,0.40187172627589185,False,normal,-0.0060146540404602735,3,沪深300;创业板;消费ETF,沪深300;创业板,消费ETF
2015-04-21,1669190.6543222922,1207059.875030482,462130.77929181024,0.34538156437352696,False,normal,0.0,3,沪深300;创业板;消费ETF,沪深300;创业板,消费ETF
2015-04-22,1681275.3401021964,1253725.4336915065,427549.90641068993,0.5243853744844642,False,normal,0.0,4,沪深300;创业板;国债ETF;消费ETF,沪深300;创业板;国债ETF,消费ETF
2015-04-23,1682858.0378397526,1287155.288299241,395702.7495405115,0.5396636474971975,False,normal,0.0,4,沪深300;创业板;国债ETF;消费ETF,沪深300;创业板;国债ETF,消费ETF
2015-04-24,1679713.242231845,1309065.4710714004,370647.7711604445,0.5080614615503395,False,normal,-0.0018687230516155728,4,沪深300;创业板;纳指;消费ETF,沪深300;创业板;纳指,消费ETF
2015-04-27,1686219.1731115833,1354437.581854731,331781.59125685226,0.6926108468381486,False,normal,0.0,5,沪深300;创业板;纳指;国债ETF;消费ETF,沪深300;创业板;纳指;国债ETF,消费ETF
2015-04-28,1639569.5021630656,1132755.967805314,506813.5343577515,0.5465309439581432,False,normal,-0.027665247609796193,4,沪深300;创业板;国债ETF;消费ETF,沪深300;创业板;国债ETF,消费ETF
2015-04-29,1656936.7765922204,1169335.8586112473,487600.91798097314,0.5379783843417216,False,normal,-0.017365711994205394,4,沪深300;创业板;国债ETF;消费ETF,沪深300;创业板;国债ETF,消费ETF
2015-04-30,1666518.0778159704,1212197.184720356,454320.8930956144,0.6696961391565677,False,normal,-0.011683591083393072,5,沪深300;创业板;纳指;国债ETF;消费ETF,沪深300;创业板;纳指;国债ETF,消费ETF
2015-05-04,1662025.378424277,1236275.3154247121,425750.0629995649,0.5670179917862846,False,normal,-0.014347953737627964,4,沪深300;创业板;国债ETF;消费ETF,沪深300;创业板;国债ETF,消费ETF
2015-05-05,1622652.8924326538,1095069.8218518416,527583.0705808122,0.6205963035997172,False,normal,-0.037697519807956256,5,沪深300;创业板;纳指;国债ETF;消费ETF,沪深300;创业板;纳指;国债ETF,消费ETF
2015-05-06,1597951.4175814786,1054362.1282974682,543589.2892840104,0.6872625587841233,False,normal,-0.05234654956936831,5,沪深300;创业板;黄金;国债ETF;消费ETF,沪深300;创业板;黄金;国债ETF,消费ETF
2015-05-07,1591030.4768389119,1077341.6110621279,513688.865776784,0.6318640494836644,False,normal,-0.0564509630720303,5,沪深300;创业板;纳指;国债ETF;消费ETF,沪深300;创业板;纳指;国债ETF,消费ETF
2015-05-08,1622589.218460565,1062886.0201051948,559703.1983553702,0.5612992011207174,False,normal,-0.03773528119337055,5,沪深300;创业板;纳指;国债ETF;消费ETF,沪深300;创业板;纳指;国债ETF,消费ETF
2015-05-11,1650098.3943908014,1069617.3763613082,580481.0180294933,0.6458204683986182,False,normal,-0.021421164755307677,6,沪深300;创业板;纳指;黄金;国债ETF;消费ETF,沪深300;创业板;纳指;黄金;国债ETF,消费ETF
2015-05-12,1660921.4655860292,1107077.9364765738,553843.5291094554,0.6639869289302539,False,normal,-0.015002621206632472,6,沪深300;创业板;纳指;黄金;国债ETF;消费ETF,沪深300;创业板;纳指;黄金;国债ETF,消费ETF
2015-05-13,1679600.7732202187,1139837.6042392622,539763.1689809565,0.6566115580369093,False,normal,-0.003924993854240001,6,沪深300;创业板;纳指;黄金;国债ETF;消费ETF,沪深300;创业板;纳指;黄金;国债ETF,消费ETF
2015-05-14,1669859.5977966692,0.0,1669859.5977966692,0.0,True,normal,-0.009701926994891035,0,,沪深300;创业板;纳指;黄金;国债ETF,消费ETF
2015-05-15,1669859.5977966692,0.0,1669859.5977966692,0.0,True,normal,-0.009701926994891035,0,,沪深300;创业板;纳指;黄金;国债ETF,消费ETF
2015-05-18,1669859.5977966692,0.0,1669859.5977966692,0.0,True,normal,-0.009701926994891035,0,,沪深300;创业板;纳指;黄金;国债ETF,消费ETF
2015-05-19,1669859.5977966692,0.0,1669859.5977966692,0.0,True,normal,-0.009701926994891035,0,,沪深300;创业板;纳指;黄金;国债ETF,消费ETF
2015-05-20,1669859.5977966692,0.0,1669859.5977966692,0.0,True,normal,-0.009701926994891035,0,,沪深300;创业板;黄金;国债ETF,消费ETF
2015-05-21,1669859.5977966692,0.0,1669859.5977966692,0.0,True,normal,-0.009701926994891035,0,,沪深300;创业板;黄金;国债ETF,消费ETF
2015-05-22,1669859.5977966692,0.0,1669859.5977966692,0.0,True,normal,-0.009701926994891035,0,,沪深300;创业板;纳指;黄金;国债ETF,消费ETF
2015-05-25,1669859.5977966692,0.0,1669859.5977966692,0.0,True,normal,-0.009701926994891035,0,,沪深300;创业板;纳指;黄金;国债ETF,消费ETF
2015-05-26,1669859.5977966692,0.0,1669859.5977966692,0.0,True,normal,-0.009701926994891035,0,,沪深300;创业板;纳指;黄金;国债ETF,消费ETF
2015-05-27,1669859.5977966692,0.0,1669859.5977966692,0.0,True,normal,-0.009701926994891035,0,,沪深300;创业板;纳指;黄金;国债ETF,消费ETF
2015-05-28,1669859.5977966692,0.0,1669859.5977966692,0.0,True,normal,-0.009701926994891035,0,,沪深300;创业板;纳指;黄金;国债ETF,消费ETF
2015-05-29,1669859.5977966692,0.0,1669859.5977966692,0.0,True,normal,-0.009701926994891035,0,,沪深300;创业板;纳指;国债ETF,消费ETF
2015-06-01,1669859.5977966692,0.0,1669859.5977966692,0.0,True,normal,-0.009701926994891035,0,,沪深300;创业板;纳指;国债ETF,消费ETF
2015-06-02,1669859.5977966692,0.0,1669859.5977966692,0.0,True,normal,-0.009701926994891035,0,,沪深300;创业板;纳指;国债ETF,消费ETF
2015-06-03,1669859.5977966692,825076.7274760085,844782.8703206608,0.526578840681487,False,normal,-0.009701926994891035,5,沪深300;创业板;纳指;国债ETF;消费ETF,沪深300;创业板;纳指;国债ETF,消费ETF
2015-06-04,1664969.8750762972,842331.3781668016,822638.4969094956,0.5418772902579283,False,normal,-0.012601741442706267,5,沪深300;创业板;纳指;国债ETF;消费ETF,沪深300;创业板;纳指;国债ETF,消费ETF
2015-06-05,1678919.747002489,871440.9842393172,807478.7627631717,0.55332063891725,False,normal,-0.004328871492799338,5,沪深300;创业板;纳指;国债ETF;消费ETF,沪深300;创业板;纳指;国债ETF,消费ETF
2015-06-08,1687933.7670513093,903005.4760599182,784928.2909913912,0.5562122066182578,False,normal,0.0,5,沪深300;创业板;纳指;国债ETF;消费ETF,沪深300;创业板;纳指;国债ETF,消费ETF
2015-06-09,1686063.4669579924,926435.1713496458,759628.2956083466,0.5650285598342456,False,normal,-0.001108041162411372,5,沪深300;创业板;纳指;国债ETF;消费ETF,沪深300;创业板;纳指;国债ETF,消费ETF
2015-06-10,1703509.9377583032,957043.2070117597,746466.7307465435,0.7137202592545691,False,normal,0.0,6,沪深300;创业板;纳指;黄金;国债ETF;消费ETF,沪深300;创业板;纳指;黄金;国债ETF,消费ETF
2015-06-11,1710621.078464456,991224.6504911048,719396.4279733511,0.5956707914137636,False,normal,0.0,5,沪深300;创业板;纳指;国债ETF;消费ETF,沪深300;创业板;纳指;国债ETF,消费ETF
2015-06-12,1734500.70942877,1018544.5974253727,715956.1120033973,0.6142856817982062,False,normal,0.0,5,沪深300;创业板;纳指;国债ETF;消费ETF,沪深300;创业板;纳指;国债ETF,消费ETF
2015-06-15,1722085.5566800695,1016169.8787648104,705915.6779152591,0.4110188246265726,False,normal,-0.0071577674665749755,4,沪深300;创业板;纳指;消费ETF,沪深300;创业板;纳指,消费ETF
2015-06-16,1683300.3776901762,907318.0198151242,775982.357875052,0.3968157082853883,False,normal,-0.029518772439969636,4,沪深300;创业板;纳指;消费ETF,沪深300;创业板;纳指,消费ETF
2015-06-17,1696031.2807318706,0.0,1696031.2807318706,0.0,True,normal,-0.0221789639449434,0,,沪深300;创业板;纳指,消费ETF
2015-06-18,1696031.2807318706,0.0,1696031.2807318706,0.0,True,normal,-0.0221789639449434,0,,沪深300;创业板;纳指,消费ETF
2015-06-19,1696031.2807318706,0.0,1696031.2807318706,0.0,True,normal,-0.0221789639449434,0,,创业板,
2015-06-23,1696031.2807318706,0.0,1696031.2807318706,0.0,True,normal,-0.0221789639449434,0,,创业板;纳指,消费ETF
2015-06-24,1696031.2807318706,0.0,1696031.2807318706,0.0,True,normal,-0.0221789639449434,0,,沪深300;创业板;纳指,消费ETF
2015-06-25,1696031.2807318706,0.0,1696031.2807318706,0.0,True,normal,-0.0221789639449434,0,,创业板;纳指,消费ETF
2015-06-26,1696031.2807318706,0.0,1696031.2807318706,0.0,True,normal,-0.0221789639449434,0,,创业板;纳指,
2015-06-29,1696031.2807318706,0.0,1696031.2807318706,0.0,True,normal,-0.0221789639449434,0,,,
2015-06-30,1696031.2807318706,0.0,1696031.2807318706,0.0,True,normal,-0.0221789639449434,0,,创业板,
2015-07-01,1696031.2807318706,0.0,1696031.2807318706,0.0,True,normal,-0.0221789639449434,0,,纳指,
2015-07-02,1696031.2807318706,0.0,1696031.2807318706,0.0,True,normal,-0.0221789639449434,0,,纳指,
2015-07-03,1696031.2807318706,0.0,1696031.2807318706,0.0,True,normal,-0.0221789639449434,0,,,
2015-07-06,1696031.2807318706,0.0,1696031.2807318706,0.0,True,normal,-0.0221789639449434,0,,,
2015-07-07,1696031.2807318706,0.0,1696031.2807318706,0.0,True,normal,-0.0221789639449434,0,,国债ETF,
2015-07-08,1696031.2807318706,0.0,1696031.2807318706,0.0,True,normal,-0.0221789639449434,0,,国债ETF,
2015-07-09,1696031.2807318706,0.0,1696031.2807318706,1.0,False,normal,-0.0221789639449434,1,国债ETF,国债ETF,
2015-07-10,1696165.8863890716,0.0,1696165.8863890716,1.0,False,normal,-0.022101359100812,0,,,
2015-07-13,1696165.8863890716,0.0,1696165.8863890716,1.0,False,normal,-0.022101359100812,0,,,
2015-07-14,1696165.8863890716,0.0,1696165.8863890716,1.0,False,normal,-0.022101359100812,0,,,
2015-07-15,1696165.8863890716,0.0,1696165.8863890716,1.0,False,normal,-0.022101359100812,2,纳指;国债ETF,纳指;国债ETF,
2015-07-16,1696300.5027292613,0.0,1696300.5027292613,1.0,False,normal,-0.022023748097565975,1,国债ETF,国债ETF,
2015-07-17,1696435.1297532874,0.0,1696435.1297532874,1.0,False,normal,-0.021946130934716583,2,纳指;国债ETF,纳指;国债ETF,
2015-07-20,1696569.7674619982,0.0,1696569.7674619982,1.0,False,normal,-0.0218685076117748,2,纳指;国债ETF,纳指;国债ETF,
2015-07-21,1696704.4158562412,0.0,1696704.4158562412,1.0,False,normal,-0.02179087812825188,2,纳指;国债ETF,纳指;国债ETF,
2015-07-22,1696839.074936865,0.0,1696839.074936865,1.0,False,normal,-0.021713242483658805,2,纳指;国债ETF,纳指;国债ETF,
2015-07-23,1696973.744704717,0.0,1696973.744704717,1.0,False,normal,-0.02163560067750669,2,纳指;国债ETF,纳指;国债ETF,
2015-07-24,1697108.4251606462,0.0,1697108.4251606462,1.0,False,normal,-0.021557952709306383,2,纳指;国债ETF,纳指;国债ETF,
2015-07-27,1697243.1163055003,0.0,1697243.1163055003,1.0,False,normal,-0.021480298578569,2,纳指;国债ETF,纳指;国债ETF,
2015-07-28,1697377.8181401277,0.0,1697377.8181401277,1.0,False,normal,-0.021402638284805393,2,纳指;国债ETF,纳指;国债ETF,
2015-07-29,1697512.530665377,0.0,1697512.530665377,1.0,False,normal,-0.021324971827526403,2,纳指;国债ETF,纳指;国债ETF,
2015-07-30,1697647.2538820964,0.0,1697647.2538820964,1.0,False,normal,-0.02124729920624288,2,纳指;国债ETF,纳指;国债ETF,
2015-07-31,1697781.9877911347,0.0,1697781.9877911347,1.0,False,normal,-0.02116962042046554,2,纳指;国债ETF,纳指;国债ETF,
2015-08-03,1697916.7323933404,0.0,1697916.7323933404,1.0,False,normal,-0.021091935469705232,2,纳指;国债ETF,纳指;国债ETF,
2015-08-04,1698051.4876895621,0.0,1698051.4876895621,1.0,False,normal,-0.021014244353472666,2,纳指;国债ETF,纳指;国债ETF,
2015-08-05,1698186.2536806487,0.0,1698186.2536806487,1.0,False,normal,-0.020936547071278417,2,纳指;国债ETF,纳指;国债ETF,
2015-08-06,1698321.030367449,0.0,1698321.030367449,1.0,False,normal,-0.02085884362263321,2,纳指;国债ETF,纳指;国债ETF,
2015-08-07,1698455.8177508116,0.0,1698455.8177508116,1.0,False,normal,-0.020781134007047616,2,纳指;国债ETF,纳指;国债ETF,
2015-08-10,1698590.6158315856,476800.6317235173,1221789.9841080683,1.0,False,normal,-0.020703418224032214,3,纳指;国债ETF;消费ETF,纳指;国债ETF,消费ETF
2015-08-11,1698687.583290642,491778.7117825011,1206908.8715081408,0.7746283063336095,False,normal,-0.020647513110515006,3,纳指;国债ETF;消费ETF,纳指;国债ETF,消费ETF
2015-08-12,1696590.725771132,506274.12442231015,1190316.6013488218,0.7402425792571937,False,normal,-0.02185642441744698,3,纳指;国债ETF;消费ETF,纳指;国债ETF,消费ETF
2015-08-13,1697656.930706242,522508.9811419625,1175147.9495642795,0.7600307853661876,False,normal,-0.0212417201804788,3,纳指;国债ETF;消费ETF,纳指;国债ETF,消费ETF
2015-08-14,1700753.1215955017,539744.1109116726,1161009.010683829,0.7834810843036588,False,normal,-0.019456658420383445,3,纳指;国债ETF;消费ETF,纳指;国债ETF,消费ETF
2015-08-17,1709755.3266812405,557413.1982180252,1152342.1284632152,0.8075029240264114,False,normal,-0.014266574013497542,3,纳指;国债ETF;消费ETF,纳指;国债ETF,消费ETF
2015-08-18,1675030.21786993,0.0,1675030.21786993,0.8282161587602946,False,normal,-0.03428680728440041,2,纳指;国债ETF,纳指;国债ETF,
2015-08-19,1675163.1567761102,530514.5746240298,1144648.5821520803,0.8321984334898018,False,normal,-0.0342101633802166,3,纳指;国债ETF;消费ETF,纳指;国债ETF,消费ETF
2015-08-20,1656529.9580914178,0.0,1656529.9580914178,0.8320219288010852,False,normal,-0.044952850646587876,2,纳指;国债ETF,纳指;国债ETF,
2015-08-21,1656661.4287230123,0.0,1656661.4287230123,1.0,False,normal,-0.04487705325378206,3,纳指;黄金;国债ETF,纳指;黄金;国债ETF,
2015-08-24,1656792.909788784,0.0,1656792.909788784,1.0,False,normal,-0.04480124984531007,2,黄金;国债ETF,黄金;国债ETF,
2015-08-25,1656924.401289561,0.0,1656924.401289561,1.0,False,normal,-0.04472544042069458,2,黄金;国债ETF,黄金;国债ETF,
2015-08-26,1657055.9032261714,0.0,1657055.9032261714,1.0,False,normal,-0.044649624979458104,2,黄金;国债ETF,黄金;国债ETF,
2015-08-27,1657187.4155994435,0.0,1657187.4155994435,0.7270405098739279,False,normal,-0.04457380352112304,3,纳指;黄金;国债ETF,纳指;黄金;国债ETF,
2015-08-28,1657318.9384102055,0.0,1657318.9384102055,0.7243033731042986,False,normal,-0.044497976045211905,3,纳指;黄金;国债ETF,纳指;黄金;国债ETF,
2015-08-31,1657450.4716592857,0.0,1657450.4716592857,0.7463421028849102,False,normal,-0.04442214255124724,3,纳指;黄金;国债ETF,纳指;黄金;国债ETF,
2015-09-01,1657582.0153475127,0.0,1657582.0153475127,0.7554025105307853,False,normal,-0.04434630303875129,3,纳指;黄金;国债ETF,纳指;黄金;国债ETF,
2015-09-02,1657713.5694757148,0.0,1657713.5694757148,0.779129778541109,False,normal,-0.04427045750724645,3,纳指;黄金;国债ETF,纳指;黄金;国债ETF,
2015-09-07,1657845.1340447208,0.0,1657845.1340447208,0.7835813295983362,False,normal,-0.04419460595625498,3,纳指;黄金;国债ETF,纳指;黄金;国债ETF,
2015-09-08,1657976.7090553592,0.0,1657976.7090553592,0.5381684050190471,False,normal,-0.04411874838529914,2,纳指;国债ETF,纳指;国债ETF,
2015-09-09,1658108.294508459,0.0,1658108.294508459,0.8066227228098106,False,normal,-0.044042884793901046,3,纳指;黄金;国债ETF,纳指;黄金;国债ETF,
2015-09-10,1658239.8904048486,0.0,1658239.8904048486,1.0,False,normal,-0.0439670151815831,1,国债ETF,国债ETF,
2015-09-11,1658371.496745357,0.0,1658371.496745357,0.5646718053381489,False,normal,-0.04389113954786728,2,纳指;国债ETF,纳指;国债ETF,
2015-09-14,1658503.113530813,0.0,1658503.113530813,1.0,False,normal,-0.043815257892275854,0,,,
2015-09-15,1658503.113530813,0.0,1658503.113530813,1.0,False,normal,-0.043815257892275854,2,黄金;国债ETF,黄金;国债ETF,
2015-09-16,1658634.7407620456,0.0,1658634.7407620456,1.0,False,normal,-0.0437393702143308,2,黄金;国债ETF,黄金;国债ETF,
2015-09-17,1658766.378439884,0.0,1658766.378439884,1.0,False,normal,-0.04366347651355412,2,黄金;国债ETF,黄金;国债ETF,
2015-09-18,1658898.026565157,0.0,1658898.026565157,0.6850310172320381,False,normal,-0.0435875767894678,1,黄金,黄金,
2015-09-21,1659029.685138694,0.0,1659029.685138694,1.0,False,normal,-0.04351167104159396,2,黄金;国债ETF,黄金;国债ETF,
2015-09-22,1659161.3541613242,0.0,1659161.3541613242,1.0,False,normal,-0.04343575926945432,2,黄金;国债ETF,黄金;国债ETF,
2015-09-23,1659293.0336338768,0.0,1659293.0336338768,0.7004036919933994,False,normal,-0.04335984147257087,1,黄金,黄金,
2015-09-24,1659424.7235571812,0.0,1659424.7235571812,0.7090459220847735,False,normal,-0.043283917650465464,1,黄金,黄金,
2015-09-25,1659556.4239320667,0.0,1659556.4239320667,1.0,False,normal,-0.04320798780265996,2,黄金;国债ETF,黄金;国债ETF,
2015-09-28,1659688.134759363,0.0,1659688.134759363,1.0,False,normal,-0.043132051928675946,2,黄金;国债ETF,黄金;国债ETF,
2015-09-29,1659819.8560398996,0.0,1659819.8560398996,1.0,False,normal,-0.04305611002803528,2,黄金;国债ETF,黄金;国债ETF,
2015-09-30,1659951.587774506,0.0,1659951.587774506,1.0,False,normal,-0.04298016210025967,2,黄金;国债ETF,黄金;国债ETF,
2015-10-08,1660083.3299640121,0.0,1660083.3299640121,1.0,False,normal,-0.04290420814487071,2,黄金;国债ETF,黄金;国债ETF,
2015-10-09,1660215.0826092474,0.0,1660215.0826092474,0.7159844124972077,False,normal,-0.04282824816139012,1,黄金,黄金,
2015-10-12,1660346.845711042,0.0,1660346.845711042,0.7129755589541344,False,normal,-0.04275228214933936,1,黄金,黄金,
2015-10-13,1660478.6192702255,0.0,1660478.6192702255,0.7204427718146846,False,normal,-0.04267631010824001,1,黄金,黄金,
2015-10-14,1660610.403287628,0.0,1660610.403287628,1.0,False,normal,-0.04260033203761365,2,黄金;国债ETF,黄金;国债ETF,
2015-10-15,1660742.1977640796,0.0,1660742.1977640796,0.0,True,normal,-0.04252434793698161,0,,黄金,消费ETF
2015-10-16,1660742.1977640796,0.0,1660742.1977640796,0.0,True,normal,-0.04252434793698161,0,,黄金,消费ETF
2015-10-19,1660742.1977640796,0.0,1660742.1977640796,0.0,True,normal,-0.04252434793698161,0,,黄金,消费ETF
2015-10-20,1660742.1977640796,0.0,1660742.1977640796,0.0,True,normal,-0.04252434793698161,0,,黄金;国债ETF,消费ETF
2015-10-21,1660742.1977640796,0.0,1660742.1977640796,0.0,True,normal,-0.04252434793698161,0,,黄金;国债ETF,
2015-10-22,1660742.1977640796,842877.1576702019,817865.0400938777,1.0,False,normal,-0.04252434793698161,3,黄金;国债ETF;消费ETF,黄金;国债ETF,消费ETF
2015-10-23,1686073.9863574877,846671.5159470777,839402.4704104101,0.3921646116672544,False,normal,-0.02791969055304153,4,创业板;黄金;国债ETF;消费ETF,创业板;黄金;国债ETF,消费ETF
2015-10-26,1687404.2944309427,873963.9986519751,813440.2957789677,0.32638581353283813,False,normal,-0.027152721669014314,5,沪深300;创业板;纳指;国债ETF;消费ETF,沪深300;创业板;纳指;国债ETF,消费ETF
2015-10-27,1673792.814457533,880954.1018681831,792838.7125893498,0.4132796970529998,False,normal,-0.03500021339929588,6,沪深300;创业板;纳指;黄金;国债ETF;消费ETF,沪深300;创业板;纳指;黄金;国债ETF,消费ETF
2015-10-28,1671855.0853975806,907231.149474974,764623.9359226066,0.42015921406534495,False,normal,-0.03611738161342159,6,沪深300;创业板;纳指;黄金;国债ETF;消费ETF,沪深300;创业板;纳指;黄金;国债ETF,消费ETF
2015-10-29,1673980.787627854,936721.007986348,737259.7796415059,0.43238588690762086,False,normal,-0.03489184032726476,6,沪深300;创业板;纳指;黄金;国债ETF;消费ETF,沪深300;创业板;纳指;黄金;国债ETF,消费ETF
2015-10-30,1693184.9984281054,955262.1178977815,737922.8805303238,0.44510014227792655,False,normal,-0.023819944711507956,6,沪深300;创业板;纳指;黄金;国债ETF;消费ETF,沪深300;创业板;纳指;黄金;国债ETF,消费ETF
2015-11-02,1687574.3523539011,978665.9840799633,708908.3682739378,0.4503039338935279,False,normal,-0.027054677360335764,6,沪深300;创业板;纳指;黄金;国债ETF;消费ETF,沪深300;创业板;纳指;黄金;国债ETF,消费ETF
2015-11-03,1678866.4419310507,997713.425278181,681153.0166528698,0.37940574294523083,False,normal,-0.03207509065593955,5,沪深300;创业板;纳指;国债ETF;消费ETF,沪深300;创业板;纳指;国债ETF,消费ETF
2015-11-04,1711977.2718089158,984006.7523250461,727970.5194838697,0.2635803462657583,False,normal,-0.012985545348823733,4,沪深300;创业板;纳指;消费ETF,沪深300;创业板;纳指,消费ETF
2015-11-05,1711317.8411592697,1013892.30120098,697425.5399582897,0.27139897547822345,False,normal,-0.013365730059075749,4,沪深300;创业板;纳指;消费ETF,沪深300;创业板;纳指,消费ETF
2015-11-06,1718028.9405405275,1048578.8607262145,669450.079814313,0.2757051422927223,False,normal,-0.009496547795398283,4,沪深300;创业板;纳指;消费ETF,沪深300;创业板;纳指,消费ETF
2015-11-09,1749995.3411735191,1047448.8977369923,702546.4434365268,0.2840088002526324,False,normal,0.0,4,沪深300;创业板;纳指;消费ETF,沪深300;创业板;纳指,消费ETF
2015-11-10,1733845.8416194525,1043162.9180173419,690682.9236021106,0.29198098588887084,False,normal,-0.009228310026949607,4,沪深300;创业板;纳指;消费ETF,沪深300;创业板;纳指,消费ETF
2015-11-11,1733900.6577245002,1075319.633656502,658581.0240679982,0.3010421018913377,False,normal,-0.009196986454961725,4,沪深300;创业板;纳指;消费ETF,沪深300;创业板;纳指,消费ETF
2015-11-12,1733952.9260597439,1108507.222843143,625445.7032166009,0.3072683853112531,False,normal,-0.009167118755309088,4,沪深300;创业板;纳指;消费ETF,沪深300;创业板;纳指,消费ETF
2015-11-13,1718958.53801189,1110879.2615295853,608079.2764823046,0.30843311916664135,False,normal,-0.017735363307205407,4,沪深300;创业板;纳指;消费ETF,沪深300;创业板;纳指,消费ETF
2015-11-16,1718202.3961998576,1144767.5186196335,573434.8775802241,0.31771815113092894,False,normal,-0.01816744549293584,4,沪深300;创业板;纳指;消费ETF,沪深300;创业板;纳指,消费ETF
2015-11-17,1719077.4485845868,1181276.8478204026,537800.6007641843,0.32534697943531227,False,normal,-0.017667414227628315,4,沪深300;创业板;纳指;消费ETF,沪深300;创业板;纳指,消费ETF
2015-11-18,1718264.753295178,1217295.9933222935,500968.75997288455,0.3306936454877782,False,normal,-0.018131812772177472,4,沪深300;创业板;纳指;消费ETF,沪深300;创业板;纳指,消费ETF
2015-11-19,1735946.4836382873,1248450.3547565427,487496.1288817446,0.32549767689808384,False,normal,-0.00802793996343494,4,沪深300;创业板;纳指;消费ETF,沪深300;创业板;纳指,消费ETF
2015-11-20,1735985.1738072461,1287141.7623205064,448843.41148673976,0.335585230607209,False,normal,-0.008005831236600897,4,沪深300;创业板;纳指;消费ETF,沪深300;创业板;纳指,消费ETF
2015-11-23,1726826.9265693605,1309215.0431495311,417611.8834198294,0.34464792729094723,False,normal,-0.01323912930455131,4,沪深300;创业板;纳指;消费ETF,沪深300;创业板;纳指,消费ETF
2015-11-24,1734395.120977687,1353559.0966683635,380836.0243093234,0.3552600905867026,False,normal,-0.008914435272365318,4,沪深300;创业板;纳指;消费ETF,沪深300;创业板;纳指,消费ETF
2015-11-25,1734425.3460589815,1395649.4280925798,338775.91796640167,0.36430310269612703,False,normal,-0.008897163751359854,4,沪深300;创业板;纳指;消费ETF,沪深300;创业板;纳指,消费ETF
2015-11-26,1733453.914418506,1437754.3347617611,295699.57965674484,0.4946515827905658,False,normal,-0.009452269023711091,5,沪深300;创业板;纳指;国债ETF;消费ETF,沪深300;创业板;纳指;国债ETF,消费ETF
2015-11-27,1669668.6720054492,0.0,1669668.6720054492,0.43119391166009646,False,normal,-0.04590107600755335,4,沪深300;创业板;纳指;国债ETF,沪深300;创业板;纳指;国债ETF,
2015-11-30,1669801.1853921164,1161420.3830855777,508380.8023065387,0.44436629616738355,False,normal,-0.045825353870728475,5,沪深300;创业板;纳指;国债ETF;消费ETF,沪深300;创业板;纳指;国债ETF,消费ETF
2015-12-01,1683616.7192344903,1191100.6728996981,492516.04633479216,0.34277745347096855,False,normal,-0.037930742086728295,4,沪深300;创业板;纳指;消费ETF,沪深300;创业板;纳指,消费ETF
2015-12-02,1685401.0102607312,1229612.5788636704,455788.43139706086,0.46695164253722293,False,normal,-0.03691114450023164,5,沪深300;创业板;纳指;国债ETF;消费ETF,沪深300;创业板;纳指;国债ETF,消费ETF
2015-12-03,1686336.6810773383,1268914.2894658365,417422.3916115018,0.47589418171418735,False,normal,-0.03637647403877794,5,沪深300;创业板;纳指;国债ETF;消费ETF,沪深300;创业板;纳指;国债ETF,消费ETF
2015-12-04,1703993.6194144916,1297147.8382292641,406845.78118522745,0.4781620822229095,False,normal,-0.026286768128296584,5,沪深300;创业板;纳指;国债ETF;消费ETF,沪深300;创业板;纳指;国债ETF,消费ETF
2015-12-07,1711507.6554859495,1340537.9339679652,370969.7215179843,0.4862336502398009,False,normal,-0.02199302179956687,5,沪深300;创业板;纳指;国债ETF;消费ETF,沪深300;创业板;纳指;国债ETF,消费ETF
2015-12-08,1679825.4474764848,1266627.7344486446,413197.71302784025,0.49337300015817676,False,normal,-0.040097188858788345,5,沪深300;创业板;纳指;国债ETF;消费ETF,沪深300;创业板;纳指;国债ETF,消费ETF
2015-12-09,1669628.501533926,0.0,1669628.501533926,0.5084924893381867,False,normal,-0.04592403062381893,4,沪深300;创业板;纳指;国债ETF,沪深300;创业板;纳指;国债ETF,
2015-12-10,1669761.0117324605,1310353.5296345404,359407.48209792003,0.5240404382192407,False,normal,-0.04584831030878906,5,沪深300;创业板;纳指;国债ETF;消费ETF,沪深300;创业板;纳指;国债ETF,消费ETF
2015-12-11,1648685.745761014,0.0,1648685.745761014,0.5397187171338043,False,normal,-0.05789135149615226,4,沪深300;创业板;纳指;国债ETF,沪深300;创业板;纳指;国债ETF,
2015-12-14,1648816.5938360745,1237363.410977451,411453.18285862356,0.5498221445717273,False,normal,-0.05781658096849322,5,沪深300;创业板;纳指;国债ETF;消费ETF,沪深300;创业板;纳指;国债ETF,消费ETF
2015-12-15,1648849.248850587,1276210.6515861908,372638.59726439626,0.566904507030515,False,normal,-0.05779792091052375,5,沪深300;创业板;纳指;国债ETF;消费ETF,沪深300;创业板;纳指;国债ETF,消费ETF
2015-12-16,1641475.1357335215,1304332.0499846158,337143.0857489058,0.5832892038583485,False,normal,-0.062011711052456675,5,沪深300;创业板;纳指;国债ETF;消费ETF,沪深300;创业板;纳指;国债ETF,消费ETF
2015-12-17,1660529.348263287,1329077.7242300764,331451.62403321057,0.5671411153675585,False,normal,-0.05112356062058867,5,沪深300;创业板;纳指;国债ETF;消费ETF,沪深300;创业板;纳指;国债ETF,消费ETF
2015-12-18,1683487.260979741,1348494.1540589114,334993.10692082974,0.5816009748169757,False,normal,-0.03800471842923808,5,沪深300;创业板;纳指;国债ETF;消费ETF,沪深300;创业板;纳指;国债ETF,消费ETF
2015-12-21,1744505.809472612,1204506.3730397818,539999.4364328303,0.5977945636362655,False,normal,-0.003136883608630552,5,沪深300;创业板;纳指;国债ETF;消费ETF,沪深300;创业板;纳指;国债ETF,消费ETF
2015-12-22,1748620.6962294292,1245122.4552906668,503498.24093876244,0.6157589661843429,False,normal,-0.0007855134878062678,5,沪深300;创业板;纳指;国债ETF;消费ETF,沪深300;创业板;纳指;国债ETF,消费ETF
2015-12-23,1733558.0929334054,1240439.576510434,493118.5164229714,0.627504416100524,False,normal,-0.009392738285286615,5,沪深300;创业板;纳指;国债ETF;消费ETF,沪深300;创业板;纳指;国债ETF,消费ETF
2015-12-24,1738674.0625153184,1283149.0911641775,455524.9713511409,0.647221336130946,False,normal,-0.006469319312935361,5,沪深300;创业板;纳指;国债ETF;消费ETF,沪深300;创业板;纳指;国债ETF,消费ETF
2015-12-25,1731736.5789257998,1307366.942476454,424369.63644934585,0.6670690133593374,False,normal,-0.010433606203474404,5,沪深300;创业板;纳指;国债ETF;消费ETF,沪深300;创业板;纳指;国债ETF,消费ETF
2015-12-28,1701407.9120309502,1234753.0498994512,466654.862131499,0.5149057936900248,False,normal,-0.02776431913812239,4,沪深300;创业板;国债ETF;消费ETF,沪深300;创业板;国债ETF,消费ETF
2015-12-29,1700581.484459861,1272370.268615786,428211.21584407496,0.6525903068736131,False,normal,-0.028236564721664945,5,沪深300;创业板;纳指;国债ETF;消费ETF,沪深300;创业板;纳指;国债ETF,消费ETF
2015-12-30,1720204.0950260097,1300799.6243540805,419404.4706719292,0.6663101748108949,False,normal,-0.017023614547186105,5,沪深300;创业板;纳指;国债ETF;消费ETF,沪深300;创业板;纳指;国债ETF,消费ETF
2015-12-31,1717547.9263238756,1337066.5274676825,380481.39885619306,1.0,False,normal,-0.018541429274825882,3,纳指;国债ETF;消费ETF,纳指;国债ETF,消费ETF
2016-01-04,1680642.5838274837,1229543.5726767697,451099.011150714,1.0,False,normal,-0.03963025255800315,4,纳指;黄金;国债ETF;消费ETF,纳指;黄金;国债ETF,消费ETF
2016-01-05,1664959.7885265169,0.0,1664959.7885265169,1.0,False,normal,-0.04859187373034878,3,纳指;黄金;国债ETF,纳指;黄金;国债ETF,
2016-01-06,1665091.928192273,1266370.2396319625,398721.6885603105,1.0,False,normal,-0.04851636514889877,4,纳指;黄金;国债ETF;消费ETF,纳指;黄金;国债ETF,消费ETF
2016-01-07,1652459.8703744104,0.0,1652459.8703744104,1.0,False,normal,-0.05573470311852544,3,纳指;黄金;国债ETF,纳指;黄金;国债ETF,
2016-01-08,1652591.0179831705,0.0,1652591.0179831705,1.0,False,normal,-0.05565976142829666,2,黄金;国债ETF,黄金;国债ETF,
2016-01-11,1652722.1760004708,0.0,1652722.1760004708,1.0,False,normal,-0.05558481379031475,3,纳指;黄金;国债ETF,纳指;黄金;国债ETF,
2016-01-12,1652853.3444271376,0.0,1652853.3444271376,1.0,False,normal,-0.05550986020410753,2,黄金;国债ETF,黄金;国债ETF,
2016-01-13,1652984.523263997,0.0,1652984.523263997,1.0,False,normal,-0.0554349006692031,2,黄金;国债ETF,黄金;国债ETF,
2016-01-14,1653115.7125118752,0.0,1653115.7125118752,1.0,False,normal,-0.055359935185129126,2,黄金;国债ETF,黄金;国债ETF,
2016-01-15,1653246.9121715985,0.0,1653246.9121715985,1.0,False,normal,-0.05528496375141357,2,黄金;国债ETF,黄金;国债ETF,
2016-01-18,1653378.1222439932,0.0,1653378.1222439932,1.0,False,normal,-0.05520998636758424,2,黄金;国债ETF,黄金;国债ETF,
2016-01-19,1653509.3427298856,0.0,1653509.3427298856,1.0,False,normal,-0.055135003033168976,2,黄金;国债ETF,黄金;国债ETF,
2016-01-20,1653640.5736301022,0.0,1653640.5736301022,1.0,False,normal,-0.05506001374769544,2,黄金;国债ETF,黄金;国债ETF,
2016-01-21,1653771.8149454698,0.0,1653771.8149454698,1.0,False,normal,-0.054985018510691194,2,黄金;国债ETF,黄金;国债ETF,
2016-01-22,1653903.0666768148,0.0,1653903.0666768148,1.0,False,normal,-0.05491001732168406,2,黄金;国债ETF,黄金;国债ETF,
2016-01-25,1654034.328824964,0.0,1654034.328824964,1.0,False,normal,-0.05483501018020158,2,黄金;国债ETF,黄金;国债ETF,
2016-01-26,1654165.6013907436,0.0,1654165.6013907436,1.0,False,normal,-0.05475999708577145,2,黄金;国债ETF,黄金;国债ETF,
2016-01-27,1654296.884374981,0.0,1654296.884374981,1.0,False,normal,-0.05468497803792108,2,黄金;国债ETF,黄金;国债ETF,
2016-01-28,1654428.177778503,0.0,1654428.177778503,1.0,False,normal,-0.05460995303617803,2,黄金;国债ETF,黄金;国债ETF,
2016-01-29,1654559.4816021363,0.0,1654559.4816021363,1.0,False,normal,-0.05453492208006971,2,黄金;国债ETF,黄金;国债ETF,
2016-02-01,1654690.795846708,0.0,1654690.795846708,1.0,False,normal,-0.05445988516912367,2,黄金;国债ETF,黄金;国债ETF,
2016-02-02,1654822.120513045,0.0,1654822.120513045,1.0,False,normal,-0.05438484230286721,2,黄金;国债ETF,黄金;国债ETF,
2016-02-03,1654953.4556019746,0.0,1654953.4556019746,1.0,False,normal,-0.05430979348082775,2,黄金;国债ETF,黄金;国债ETF,
2016-02-04,1655084.801114324,0.0,1655084.801114324,1.0,False,normal,-0.054234738702532564,2,黄金;国债ETF,黄金;国债ETF,
2016-02-05,1655216.1570509204,0.0,1655216.1570509204,1.0,False,normal,-0.05415967796750894,2,黄金;国债ETF,黄金;国债ETF,
2016-02-15,1655347.5234125913,0.0,1655347.5234125913,1.0,False,normal,-0.05408461127528403,2,黄金;国债ETF,黄金;国债ETF,
2016-02-16,1655478.9002001637,0.0,1655478.9002001637,1.0,False,normal,-0.05400953862538526,2,黄金;国债ETF,黄金;国债ETF,
2016-02-17,1655610.2874144653,0.0,1655610.2874144653,1.0,False,normal,-0.05393446001733964,2,黄金;国债ETF,黄金;国债ETF,
2016-02-18,1655741.6850563237,0.0,1655741.6850563237,1.0,False,normal,-0.05385937545067434,2,黄金;国债ETF,黄金;国债ETF,
2016-02-19,1655873.0931265664,0.0,1655873.0931265664,1.0,False,normal,-0.05378428492491636,2,黄金;国债ETF,黄金;国债ETF,
2016-02-22,1656004.511626021,0.0,1656004.511626021,1.0,False,normal,-0.05370918843959286,2,黄金;国债ETF,黄金;国债ETF,
2016-02-23,1656135.9405555152,0.0,1656135.9405555152,1.0,False,normal,-0.05363408599423087,2,黄金;国债ETF,黄金;国债ETF,
2016-02-24,1656267.3799158768,0.0,1656267.3799158768,1.0,False,normal,-0.0535589775883574,2,黄金;国债ETF,黄金;国债ETF,
2016-02-25,1656398.8297079336,0.0,1656398.8297079336,1.0,False,normal,-0.05348386322149933,2,黄金;国债ETF,黄金;国债ETF,
2016-02-26,1656530.2899325136,0.0,1656530.2899325136,1.0,False,normal,-0.053408742893183564,2,黄金;国债ETF,黄金;国债ETF,
2016-02-29,1656661.7605904448,0.0,1656661.7605904448,1.0,False,normal,-0.05333361660293698,2,黄金;国债ETF,黄金;国债ETF,
2016-03-01,1656793.2416825553,0.0,1656793.2416825553,1.0,False,normal,-0.05325848435028633,2,黄金;国债ETF,黄金;国债ETF,
2016-03-02,1656924.733209673,0.0,1656924.733209673,1.0,False,normal,-0.0531833461347585,2,黄金;国债ETF,黄金;国债ETF,
2016-03-03,1657056.2351726263,0.0,1657056.2351726263,1.0,False,normal,-0.05310820195588025,2,黄金;国债ETF,黄金;国债ETF,
2016-03-04,1657187.7475722432,0.0,1657187.7475722432,1.0,False,normal,-0.053033051813178335,2,黄金;国债ETF,黄金;国债ETF,
2016-03-07,1657319.2704093521,0.0,1657319.2704093521,1.0,False,normal,-0.05295789570617936,2,黄金;国债ETF,黄金;国债ETF,
2016-03-08,1657450.8036847815,0.0,1657450.8036847815,1.0,False,normal,-0.05288273363440997,2,黄金;国债ETF,黄金;国债ETF,
2016-03-09,1657582.3473993598,0.0,1657582.3473993598,1.0,False,normal,-0.052807565597396765,2,黄金;国债ETF,黄金;国债ETF,
2016-03-10,1657713.9015539153,0.0,1657713.9015539153,1.0,False,normal,-0.052732391594666375,2,黄金;国债ETF,黄金;国债ETF,
2016-03-11,1657845.4661492768,0.0,1657845.4661492768,1.0,False,normal,-0.05265721162574529,2,黄金;国债ETF,黄金;国债ETF,
2016-03-14,1657977.0411862729,1499151.6987127073,158825.3424735656,1.0,False,normal,-0.05258202569015999,3,黄金;国债ETF;消费ETF,黄金;国债ETF,消费ETF
2016-03-15,1657989.6463721835,1657989.6463721835,0.0,1.0,False,normal,-0.05257482270760683,3,黄金;国债ETF;消费ETF,黄金;国债ETF,消费ETF
2016-03-16,1651249.8510617276,1651249.8510617276,0.0,1.0,False,normal,-0.056426144566518885,4,纳指;黄金;国债ETF;消费ETF,纳指;黄金;国债ETF,消费ETF
2016-03-17,1662033.5235584574,1662033.5235584574,0.0,1.0,False,normal,-0.050264029592259354,5,纳指;黄金;国债ETF;消费ETF;医药ETF,纳指;黄金;国债ETF,消费ETF;医药ETF
2016-03-18,1679711.964116244,1679711.964116244,0.0,0.6085016523561537,False,normal,-0.04016203666584856,6,创业板;纳指;黄金;国债ETF;消费ETF;医药ETF,创业板;纳指;黄金;国债ETF,消费ETF;医药ETF
2016-03-21,1703832.9281100542,1703832.9281100542,0.0,1.0,False,normal,-0.026378591975284423,5,纳指;黄金;国债ETF;消费ETF;医药ETF,纳指;黄金;国债ETF,消费ETF;医药ETF
2016-03-22,1696639.5623200668,1859274.9408098806,-162635.37848981377,0.574199947530573,False,normal,-0.030489097655353046,7,沪深300;创业板;纳指;黄金;国债ETF;消费ETF;医药ETF,沪深300;创业板;纳指;黄金;国债ETF,消费ETF;医药ETF
2016-03-23,1696680.1523064175,1917092.599097511,-220412.44679109356,0.5908709549437889,False,normal,-0.030465903315690747,7,沪深300;创业板;纳指;黄金;国债ETF;消费ETF;医药ETF,沪深300;创业板;纳指;黄金;国债ETF,消费ETF;医药ETF
2016-03-24,1678008.899176424,1901474.5198794238,-223465.62070299988,0.5813052949530947,False,normal,-0.04113521922225363,7,沪深300;创业板;纳指;黄金;国债ETF;消费ETF;医药ETF,沪深300;创业板;纳指;黄金;国债ETF,消费ETF;医药ETF
2016-03-25,1707209.865693889,1897708.155007786,-190498.2893138968,0.5989330335833313,False,normal,-0.024448908218772054,7,沪深300;创业板;纳指;黄金;国债ETF;消费ETF;医药ETF,沪深300;创业板;纳指;黄金;国债ETF,消费ETF;医药ETF
2016-03-28,1721970.246170243,1956018.7071400841,-234048.4609698411,0.613141461067013,False,normal,-0.0160143826351463,7,沪深300;创业板;纳指;黄金;国债ETF;消费ETF;医药ETF,沪深300;创业板;纳指;黄金;国债ETF,消费ETF;医药ETF
2016-03-29,1706870.5706092091,1956876.258950192,-250005.6883409829,0.6257216581308671,False,normal,-0.024642791640457302,7,沪深300;创业板;纳指;黄金;国债ETF;消费ETF;医药ETF,沪深300;创业板;纳指;黄金;国债ETF,消费ETF;医药ETF
2016-03-30,1734882.258297473,1970146.750685937,-235264.49238846404,0.5892676951100514,False,normal,-0.008636070348571096,7,沪深300;创业板;纳指;黄金;国债ETF;消费ETF;医药ETF,沪深300;创业板;纳指;黄金;国债ETF,消费ETF;医药ETF
2016-03-31,1727950.790895921,2009202.263958642,-281251.4730627211,0.6040799526024659,False,normal,-0.01259691940826281,7,沪深300;创业板;纳指;黄金;国债ETF;消费ETF;医药ETF,沪深300;创业板;纳指;黄金;国债ETF,消费ETF;医药ETF
2016-04-01,1720744.164979041,2049430.1734870374,-328686.00850799633,0.622407293176389,False,normal,-0.01671500232387058,7,沪深300;创业板;纳指;黄金;国债ETF;消费ETF;医药ETF,沪深300;创业板;纳指;黄金;国债ETF,消费ETF;医药ETF
2016-04-05,1730007.2747470147,2119426.7140159924,-389419.4392689776,0.6319519695721765,False,normal,-0.011421782650633072,7,沪深300;创业板;纳指;黄金;国债ETF;消费ETF;医药ETF,沪深300;创业板;纳指;黄金;国债ETF,消费ETF;医药ETF
2016-04-06,1740355.2507917942,2192078.8999206945,-451723.6491289004,0.6517516431293114,False,normal,-0.005508637740292783,7,沪深300;创业板;纳指;黄金;国债ETF;消费ETF;医药ETF,沪深300;创业板;纳指;黄金;国债ETF,消费ETF;医药ETF
2016-04-07,1726769.4533637445,2202083.049077765,-475313.59571402054,0.6660466739453401,False,normal,-0.013271971223763198,7,沪深300;创业板;纳指;黄金;国债ETF;消费ETF;医药ETF,沪深300;创业板;纳指;黄金;国债ETF,消费ETF;医药ETF
2016-04-08,1703816.8423136105,2152212.040191285,-448395.19787767436,0.6796894932269336,False,normal,-0.026387783883437137,7,沪深300;创业板;纳指;黄金;国债ETF;消费ETF;医药ETF,沪深300;创业板;纳指;黄金;国债ETF,消费ETF;医药ETF
2016-04-11,1726420.583086753,2185398.7135340613,-458978.1304473083,0.6896854077669357,False,normal,-0.01347132619847848,7,沪深300;创业板;纳指;黄金;国债ETF;消费ETF;医药ETF,沪深300;创业板;纳指;黄金;国债ETF,消费ETF;医药ETF
2016-04-12,1719500.023009327,2232580.381925481,-513080.3589161539,0.709503820744941,False,normal,-0.017425942484933968,7,沪深300;创业板;纳指;黄金;国债ETF;消费ETF;医药ETF,沪深300;创业板;纳指;黄金;国债ETF,消费ETF;医药ETF
2016-04-13,1739478.073434175,2282909.294923961,-543431.2214897862,0.7306992558159439,False,normal,-0.006009883279055727,7,沪深300;创业板;纳指;黄金;国债ETF;消费ETF;医药ETF,沪深300;创业板;纳指;黄金;国债ETF,消费ETF;医药ETF
2016-04-14,1742423.0451435184,2358627.3761016084,-616204.33095809,0.7510001002672995,False,normal,-0.004327037822239528,7,沪深300;创业板;纳指;黄金;国债ETF;消费ETF;医药ETF,沪深300;创业板;纳指;黄金;国债ETF,消费ETF;医药ETF
2016-04-15,1728745.7075873767,2371752.6950150947,-643006.987427718,0.617218179927248,False,normal,-0.012142680089589712,6,沪深300;创业板;纳指;国债ETF;消费ETF;医药ETF,沪深300;创业板;纳指;国债ETF,消费ETF;医药ETF
2016-04-18,1713536.6450120052,2379449.485136036,-665912.8401240306,0.7772981770120947,False,normal,-0.020833596126641853,7,沪深300;创业板;纳指;黄金;国债ETF;消费ETF;医药ETF,沪深300;创业板;纳指;黄金;国债ETF,消费ETF;医药ETF
2016-04-19,1718832.5531629608,2459055.323324447,-740222.7701614862,0.7999278256747617,False,normal,-0.017807354841105506,7,沪深300;创业板;纳指;黄金;国债ETF;消费ETF;医药ETF,沪深300;创业板;纳指;黄金;国债ETF,消费ETF;医药ETF
2016-04-20,1655511.748110104,0.0,1655511.748110104,1.0,False,normal,-0.05399076834116373,4,沪深300;纳指;黄金;国债ETF,沪深300;纳指;黄金;国债ETF,
2016-04-21,1655643.1379313825,1798852.5563509334,-143209.41841955087,0.7415451546404044,False,normal,-0.053915688243413,6,沪深300;创业板;纳指;黄金;国债ETF;医药ETF,沪深300;创业板;纳指;黄金;国债ETF,医药ETF
2016-04-22,1676548.6622946507,2054932.089952252,-378383.4276576014,0.6018365765148076,False,normal,-0.0419696425189431,6,沪深300;创业板;纳指;国债ETF;消费ETF;医药ETF,沪深300;创业板;纳指;国债ETF,消费ETF;医药ETF
2016-04-25,1681521.6607438985,2121773.1404071404,-440251.4796632419,0.4628921396405625,False,normal,-0.03912792155418157,5,沪深300;创业板;纳指;消费ETF;医药ETF,沪深300;创业板;纳指,消费ETF;医药ETF
2016-04-26,1673139.8549244397,2167594.39195946,-494454.5370350203,0.47326596218454536,False,normal,-0.04391753763043814,5,沪深300;创业板;纳指;消费ETF;医药ETF,沪深300;创业板;纳指,消费ETF;医药ETF
2016-04-27,1679885.3323569498,1933468.9293522392,-253583.59699528944,0.6585044951099474,False,normal,-0.04006296883599398,5,沪深300;创业板;纳指;黄金;消费ETF,沪深300;创业板;纳指;黄金,消费ETF
2016-04-28,1667771.577718575,1956894.00623707,-289122.42851849506,0.6641112436263832,False,normal,-0.046985132771728506,5,沪深300;创业板;纳指;国债ETF;消费ETF,沪深300;创业板;纳指;国债ETF,消费ETF
2016-04-29,1681605.4733950603,2010520.4170126254,-328914.9436175651,0.7647259720944332,False,normal,-0.03908002848316025,5,沪深300;创业板;黄金;国债ETF;消费ETF,沪深300;创业板;黄金;国债ETF,消费ETF
2016-05-03,1755403.1655966379,2043183.6331436918,-287780.46754705394,0.6926523574556266,False,normal,0.0,6,沪深300;创业板;黄金;国债ETF;消费ETF;医药ETF,沪深300;创业板;黄金;国债ETF,消费ETF;医药ETF
2016-05-04,1751922.0757066663,2096918.3584954755,-344996.28278880916,0.8096339735147827,False,normal,-0.001983071443754839,7,沪深300;创业板;纳指;黄金;国债ETF;消费ETF;医药ETF,沪深300;创业板;纳指;黄金;国债ETF,消费ETF;医药ETF
2016-05-05,1764675.1344290935,2166430.32721803,-401755.19278893666,0.8350539610676654,False,normal,0.0,7,沪深300;创业板;纳指;黄金;国债ETF;消费ETF;医药ETF,沪深300;创业板;纳指;黄金;国债ETF,消费ETF;医药ETF
2016-05-06,1722430.3265736632,1722430.3265736632,0.0,0.7864713662670407,False,normal,-0.023939141562788157,6,沪深300;创业板;纳指;黄金;国债ETF;消费ETF,沪深300;创业板;纳指;黄金;国债ETF,消费ETF
2016-05-09,1726374.8235047478,1726374.8235047478,0.0,0.6267518131744723,False,normal,-0.0217038876885045,5,沪深300;创业板;纳指;黄金;消费ETF,沪深300;创业板;纳指;黄金,消费ETF
2016-05-10,1723745.1588840245,1723745.1588840245,0.0,0.7123731877861753,False,normal,-0.02319405693802707,4,创业板;黄金;国债ETF;消费ETF,创业板;黄金;国债ETF,消费ETF
2016-05-11,1759245.6312637874,1955821.17784243,-196575.54657864268,0.8238837036931497,False,normal,-0.0030767720694736297,7,沪深300;创业板;纳指;黄金;国债ETF;消费ETF;医药ETF,沪深300;创业板;纳指;黄金;国债ETF,消费ETF;医药ETF
2016-05-12,1757641.3388442483,0.0,1757641.3388442483,0.0,True,normal,-0.003985886947469622,0,,沪深300;创业板;纳指;黄金;国债ETF,消费ETF;医药ETF
2016-05-13,1757641.3388442483,0.0,1757641.3388442483,0.0,True,normal,-0.003985886947469622,0,,黄金;国债ETF,消费ETF
2016-05-16,1757641.3388442483,1757641.3388442483,0.0,1.0,False,normal,-0.003985886947469622,3,黄金;国债ETF;消费ETF,黄金;国债ETF,消费ETF
2016-05-17,1760286.3972924715,1937170.1135760206,-176883.7162835491,1.0,False,normal,-0.002486994377036882,4,纳指;黄金;国债ETF;消费ETF,纳指;黄金;国债ETF,消费ETF
2016-05-18,1719520.4707128624,1719520.4707128624,0.0,1.0,False,normal,-0.025588088614870982,3,黄金;国债ETF;消费ETF,黄金;国债ETF,消费ETF
2016-05-19,1727438.4467867515,1727438.4467867515,0.0,0.753270478069279,False,normal,-0.021101157326834968,2,黄金;消费ETF,黄金,消费ETF
2016-05-20,1739315.4108975849,1739315.4108975849,0.0,0.7766207831139433,False,normal,-0.014370760394781076,2,黄金;消费ETF,黄金,消费ETF
2016-05-23,1739315.4108975849,1921797.8769990716,-182482.4661014867,0.8004075329840127,False,normal,-0.014370760394781076,2,黄金;消费ETF,黄金,消费ETF
2016-05-24,1729094.1109095293,1953357.4580434246,-224263.34713389538,0.8170533877270747,False,normal,-0.020162931309776366,2,黄金;消费ETF,黄金,消费ETF
2016-05-25,1723116.4115201451,2001706.3239007434,-278589.91238059825,1.0,False,normal,-0.023550353318937293,3,纳指;黄金;消费ETF,纳指;黄金,消费ETF
2016-05-26,1704715.9722985378,0.0,1704715.9722985378,1.0,False,normal,-0.03397745055775014,2,纳指;黄金,纳指;黄金,
2016-05-27,1704851.2672169744,2032714.8696542536,-327863.6024372792,1.0,False,normal,-0.03390078210144511,3,纳指;黄金;消费ETF,纳指;黄金,消费ETF
2016-05-30,1700148.7550316039,2087454.9714957832,-387306.21646417934,0.81465145618135,False,normal,-0.036565585437551444,2,纳指;消费ETF,纳指,消费ETF
2016-05-31,1728999.0229663805,2414099.4392570667,-685100.4162906862,1.0,False,normal,-0.02021681541642785,4,纳指;黄金;消费ETF;医药ETF,纳指;黄金,消费ETF;医药ETF
2016-06-01,1730468.7782611055,2492070.054398025,-761601.2761369194,1.0,False,normal,-0.01938393957086857,4,纳指;黄金;消费ETF;医药ETF,纳指;黄金,消费ETF;医药ETF
2016-06-02,1735896.4706555088,2207135.897377046,-471239.426721537,1.0,False,normal,-0.016308193622785478,3,纳指;黄金;消费ETF,纳指;黄金,消费ETF
2016-06-03,1779006.0882437162,2635900.6899797535,-856894.6017360373,1.0,False,normal,0.0,5,沪深300;纳指;黄金;消费ETF;医药ETF,沪深300;纳指;黄金,消费ETF;医药ETF
2016-06-06,1784192.7649365403,2726018.88573558,-941826.12079904,1.0,False,normal,0.0,4,纳指;黄金;消费ETF;医药ETF,纳指;黄金,消费ETF;医药ETF
2016-06-07,1773085.5636517697,2759507.884207892,-986422.3205561226,1.0,False,normal,-0.006225337028068085,4,纳指;黄金;消费ETF;医药ETF,纳指;黄金,消费ETF;医药ETF
2016-06-08,1789521.074816259,2840380.705690642,-1050859.6308743828,1.0,False,normal,0.0,4,纳指;黄金;消费ETF;医药ETF,纳指;黄金,消费ETF;医药ETF
2016-06-13,1724575.9143148197,1724575.9143148197,0.0,0.6038141118047439,False,normal,-0.03629192269116343,2,黄金;消费ETF,黄金,消费ETF
2016-06-14,1746904.7723067102,2268791.1415249165,-521886.36921820627,0.6184344969257839,False,normal,-0.0238143619034632,3,黄金;消费ETF;医药ETF,黄金,消费ETF;医药ETF
2016-06-15,1768639.4604231017,2309529.271510684,-540889.8110875823,0.6366345548876744,False,normal,-0.011668828429584971,3,黄金;消费ETF;医药ETF,黄金,消费ETF;医药ETF
2016-06-16,1764656.1411569684,0.0,1764656.1411569684,0.0,True,normal,-0.013894742011822182,0,,黄金,消费ETF;医药ETF
2016-06-17,1764656.1411569684,0.0,1764656.1411569684,0.0,True,normal,-0.013894742011822182,0,,创业板;纳指;黄金;国债ETF,消费ETF;医药ETF
2016-06-20,1764656.1411569684,0.0,1764656.1411569684,0.0,True,normal,-0.013894742011822182,0,,创业板;纳指;黄金;国债ETF,消费ETF;医药ETF
2016-06-21,1764656.1411569684,0.0,1764656.1411569684,0.0,True,normal,-0.013894742011822182,0,,黄金;国债ETF,消费ETF;医药ETF
2016-06-22,1764656.1411569684,0.0,1764656.1411569684,0.0,True,normal,-0.013894742011822182,0,,创业板;纳指;黄金;国债ETF,消费ETF;医药ETF
2016-06-23,1764656.1411569684,0.0,1764656.1411569684,0.0,True,normal,-0.013894742011822182,0,,纳指;黄金;国债ETF,消费ETF;医药ETF
2016-06-24,1764656.1411569684,0.0,1764656.1411569684,0.0,True,normal,-0.013894742011822182,0,,创业板;纳指;黄金;国债ETF,消费ETF;医药ETF
2016-06-27,1764656.1411569684,0.0,1764656.1411569684,0.0,True,normal,-0.013894742011822182,0,,创业板;纳指;黄金;国债ETF,消费ETF;医药ETF
2016-06-28,1764656.1411569684,0.0,1764656.1411569684,0.0,True,normal,-0.013894742011822182,0,,创业板;纳指;黄金;国债ETF,消费ETF;医药ETF
2016-06-29,1764656.1411569684,0.0,1764656.1411569684,0.0,True,normal,-0.013894742011822182,0,,创业板;纳指;黄金;国债ETF,消费ETF;医药ETF
2016-06-30,1764656.1411569684,0.0,1764656.1411569684,0.0,True,normal,-0.013894742011822182,0,,创业板;纳指;黄金;国债ETF,消费ETF;医药ETF
2016-07-01,1764656.1411569684,0.0,1764656.1411569684,0.0,True,normal,-0.013894742011822182,0,,纳指;黄金;国债ETF,消费ETF;医药ETF
2016-07-04,1764656.1411569684,0.0,1764656.1411569684,0.0,True,normal,-0.013894742011822182,0,,沪深300;创业板;纳指;黄金;国债ETF,消费ETF;医药ETF
2016-07-05,1764656.1411569684,0.0,1764656.1411569684,0.0,True,normal,-0.013894742011822182,0,,沪深300;创业板;纳指;黄金;国债ETF,消费ETF;医药ETF
2016-07-06,1764656.1411569684,0.0,1764656.1411569684,0.0,True,normal,-0.013894742011822182,0,,沪深300;创业板;纳指;黄金;国债ETF,消费ETF;医药ETF
2016-07-07,1764656.1411569684,0.0,1764656.1411569684,0.0,True,normal,-0.013894742011822182,0,,沪深300;创业板;纳指;黄金;国债ETF,消费ETF;医药ETF
2016-07-08,1764656.1411569684,0.0,1764656.1411569684,0.0,True,normal,-0.013894742011822182,0,,沪深300;创业板;纳指;黄金;国债ETF,消费ETF;医药ETF
2016-07-11,1764656.1411569684,0.0,1764656.1411569684,0.0,True,normal,-0.013894742011822182,0,,沪深300;创业板;纳指;黄金;国债ETF,消费ETF;医药ETF
2016-07-12,1764656.1411569684,0.0,1764656.1411569684,0.0,True,normal,-0.013894742011822182,0,,沪深300;创业板;纳指;黄金;国债ETF,消费ETF;医药ETF
2016-07-13,1764656.1411569684,0.0,1764656.1411569684,0.0,True,normal,-0.013894742011822182,0,,沪深300;创业板;纳指;黄金;国债ETF,消费ETF;医药ETF
2016-07-14,1764656.1411569684,0.0,1764656.1411569684,0.0,True,normal,-0.013894742011822182,0,,沪深300;创业板;纳指;黄金;国债ETF,消费ETF;医药ETF
2016-07-15,1764656.1411569684,0.0,1764656.1411569684,0.0,True,normal,-0.013894742011822182,0,,沪深300;创业板;纳指;黄金;国债ETF,消费ETF;医药ETF
2016-07-18,1764656.1411569684,0.0,1764656.1411569684,0.0,True,normal,-0.013894742011822182,0,,沪深300;创业板;纳指;黄金;国债ETF,消费ETF;医药ETF
2016-07-19,1764656.1411569684,0.0,1764656.1411569684,0.0,True,normal,-0.013894742011822182,0,,沪深300;创业板;纳指;黄金;国债ETF,消费ETF;医药ETF
2016-07-20,1764656.1411569684,0.0,1764656.1411569684,0.0,True,normal,-0.013894742011822182,0,,沪深300;创业板;纳指;黄金;国债ETF,消费ETF;医药ETF
2016-07-21,1764656.1411569684,0.0,1764656.1411569684,0.0,True,normal,-0.013894742011822182,0,,沪深300;创业板;纳指;黄金;国债ETF,消费ETF;医药ETF
2016-07-22,1764656.1411569684,0.0,1764656.1411569684,0.0,True,normal,-0.013894742011822182,0,,沪深300;创业板;纳指;黄金;国债ETF,消费ETF;医药ETF
2016-07-25,1764656.1411569684,0.0,1764656.1411569684,0.0,True,normal,-0.013894742011822182,0,,沪深300;创业板;纳指;黄金;国债ETF,消费ETF;医药ETF
2016-07-26,1764656.1411569684,0.0,1764656.1411569684,0.0,True,normal,-0.013894742011822182,0,,沪深300;创业板;纳指;黄金;国债ETF,消费ETF;医药ETF
2016-07-27,1764656.1411569684,0.0,1764656.1411569684,0.0,True,normal,-0.013894742011822182,0,,沪深300;纳指;黄金;国债ETF,消费ETF;医药ETF
2016-07-28,1764656.1411569684,0.0,1764656.1411569684,0.0,True,normal,-0.013894742011822182,0,,沪深300;纳指;黄金;国债ETF,消费ETF;医药ETF
2016-07-29,1764656.1411569684,0.0,1764656.1411569684,0.0,True,normal,-0.013894742011822182,0,,沪深300;纳指;黄金;国债ETF,消费ETF;医药ETF
2016-08-01,1764656.1411569684,0.0,1764656.1411569684,0.0,True,normal,-0.013894742011822182,0,,沪深300;纳指;黄金;国债ETF,消费ETF;医药ETF
2016-08-02,1764656.1411569684,2361915.74463612,-597259.6034791514,1.0,False,normal,-0.013894742011822182,6,沪深300;纳指;黄金;国债ETF;消费ETF;医药ETF,沪深300;纳指;黄金;国债ETF,消费ETF;医药ETF
2016-08-03,1771270.2960680523,2443239.7341848323,-671969.43811678,1.0,False,normal,-0.010198694502706938,6,沪深300;纳指;黄金;国债ETF;消费ETF;医药ETF,沪深300;纳指;黄金;国债ETF,消费ETF;医药ETF
2016-08-04,1780040.8646817994,2527874.003350095,-747833.1386682955,1.0,False,normal,-0.00529762418999902,6,沪深300;纳指;黄金;国债ETF;消费ETF;医药ETF,沪深300;纳指;黄金;国债ETF,消费ETF;医药ETF
2016-08-05,1796413.379596131,2606615.9064649744,-810202.5268688435,1.0,False,normal,0.0,7,沪深300;创业板;纳指;黄金;国债ETF;消费ETF;医药ETF,沪深300;创业板;纳指;黄金;国债ETF,消费ETF;医药ETF
2016-08-08,1791341.1627569925,2666414.229894286,-875073.0671372935,1.0,False,normal,-0.002823524305011997,7,沪深300;创业板;纳指;黄金;国债ETF;消费ETF;医药ETF,沪深300;创业板;纳指;黄金;国债ETF,消费ETF;医药ETF
2016-08-09,1802809.3282149644,2759018.8398212916,-956209.5116063273,1.0,False,normal,0.0,7,沪深300;创业板;纳指;黄金;国债ETF;消费ETF;医药ETF,沪深300;创业板;纳指;黄金;国债ETF,消费ETF;医药ETF
2016-08-10,1805704.243094683,2849752.4186941213,-1044048.1755994384,1.0,False,normal,0.0,7,沪深300;创业板;纳指;黄金;国债ETF;消费ETF;医药ETF,沪深300;创业板;纳指;黄金;国债ETF,消费ETF;医药ETF
2016-08-11,1803067.7527379734,2925826.8509967607,-1122759.0982587873,1.0,False,normal,-0.001460089805288966,6,沪深300;纳指;黄金;国债ETF;消费ETF;医药ETF,沪深300;纳指;黄金;国债ETF,消费ETF;医药ETF
2016-08-12,1823973.4617831435,3006348.728151385,-1182375.2663682417,1.0,False,normal,0.0,7,沪深300;创业板;纳指;黄金;国债ETF;消费ETF;医药ETF,沪深300;创业板;纳指;黄金;国债ETF,消费ETF;医药ETF
2016-08-15,1841571.7958882952,3105400.341840875,-1263828.5459525797,1.0,False,normal,0.0,7,沪深300;创业板;纳指;黄金;国债ETF;消费ETF;医药ETF,沪深300;创业板;纳指;黄金;国债ETF,消费ETF;医药ETF
2016-08-16,1830832.6777920749,3132602.1459190203,-1301769.4681269454,1.0,False,normal,-0.005831495747381501,7,沪深300;创业板;纳指;黄金;国债ETF;消费ETF;医药ETF,沪深300;创业板;纳指;黄金;国债ETF,消费ETF;医药ETF
2016-08-17,1847982.0889716279,3236780.058829642,-1388797.969858014,1.0,False,normal,0.0,7,沪深300;创业板;纳指;黄金;国债ETF;消费ETF;医药ETF,沪深300;创业板;纳指;黄金;国债ETF,消费ETF;医药ETF
2016-08-18,1816199.7208774812,3042044.4353644103,-1225844.7144869291,1.0,False,normal,-0.01719841782223825,7,沪深300;创业板;纳指;黄金;国债ETF;消费ETF;医药ETF,沪深300;创业板;纳指;黄金;国债ETF,消费ETF;医药ETF
2016-08-19,1794398.8691307616,2733762.7752900114,-939363.9061592498,1.0,False,normal,-0.028995529859645163,6,沪深300;创业板;纳指;黄金;国债ETF;医药ETF,沪深300;创业板;纳指;黄金;国债ETF,医药ETF
2016-08-22,1792196.8745913222,3014005.822908622,-1221808.9483173,1.0,False,normal,-0.030187096895159464,6,沪深300;纳指;黄金;国债ETF;消费ETF;医药ETF,沪深300;纳指;黄金;国债ETF,消费ETF;医药ETF
2016-08-23,1796651.7222121975,3116231.5514784157,-1319579.8292662182,1.0,False,normal,-0.02777644170133429,6,沪深300;纳指;黄金;国债ETF;消费ETF;医药ETF,沪深300;纳指;黄金;国债ETF,消费ETF;医药ETF
2016-08-24,1782310.3935686965,3129937.0407442925,-1347626.647175596,1.0,False,normal,-0.035536976139999635,6,沪深300;纳指;黄金;国债ETF;消费ETF;医药ETF,沪深300;纳指;黄金;国债ETF,消费ETF;医药ETF
2016-08-25,1780215.455282765,2925013.4073259714,-1144797.9520432064,1.0,False,normal,-0.036670611740925445,4,沪深300;纳指;国债ETF;医药ETF,沪深300;纳指;国债ETF,医药ETF
2016-08-26,1803012.02715476,2991767.562517097,-1188755.5353623373,1.0,False,normal,-0.024334684889664174,4,沪深300;纳指;国债ETF;医药ETF,沪深300;纳指;国债ETF,医药ETF
2016-08-29,1809886.0841850764,3096876.0263304976,-1286989.9421454212,1.0,False,normal,-0.02061492100702733,4,沪深300;纳指;国债ETF;医药ETF,沪深300;纳指;国债ETF,医药ETF
2016-08-30,1814581.5812064712,3202416.0296858936,-1387834.4484794224,1.0,False,normal,-0.01807404301399021,4,沪深300;纳指;国债ETF;医药ETF,沪深300;纳指;国债ETF,医药ETF
2016-08-31,1811994.7024137094,3286386.071506043,-1474391.3690923336,1.0,False,normal,-0.019473882767957404,4,沪深300;纳指;国债ETF;医药ETF,沪深300;纳指;国债ETF,医药ETF
2016-09-01,1811877.6872256862,3384289.668177123,-1572411.980951437,1.0,False,normal,-0.019537203288606135,4,沪深300;纳指;国债ETF;医药ETF,沪深300;纳指;国债ETF,医药ETF
2016-09-02,1790797.5386415026,3323144.0084984875,-1532346.469856985,1.0,False,normal,-0.030944320657321705,4,沪深300;纳指;国债ETF;医药ETF,沪深300;纳指;国债ETF,医药ETF
2016-09-05,1806204.6341623939,3427419.9984037788,-1621215.364241385,1.0,False,normal,-0.022607066950785487,4,沪深300;纳指;国债ETF;医药ETF,沪深300;纳指;国债ETF,医药ETF
2016-09-06,1811389.795731233,3545014.694872501,-1733624.8991412679,1.0,False,normal,-0.019801216396398046,4,沪深300;纳指;国债ETF;医药ETF,沪深300;纳指;国债ETF,医药ETF
2016-09-07,1803020.7481836954,3606343.6481812545,-1803322.8999975591,1.0,False,normal,-0.02432996567242314,5,沪深300;纳指;黄金;国债ETF;医药ETF,沪深300;纳指;黄金;国债ETF,医药ETF
2016-09-08,1802877.627318616,3716364.1320029306,-1913486.5046843146,1.0,False,normal,-0.024407412778611807,5,沪深300;纳指;黄金;国债ETF;医药ETF,沪深300;纳指;黄金;国债ETF,医药ETF
2016-09-09,1805608.9007284637,3838825.653589063,-2033216.7528605992,1.0,False,normal,-0.022929436652031735,5,沪深300;纳指;黄金;国债ETF;医药ETF,沪深300;纳指;黄金;国债ETF,医药ETF
2016-09-12,1731051.688319718,0.0,1731051.688319718,1.0,False,normal,-0.0632746395918695,3,沪深300;纳指;国债ETF,沪深300;纳指;国债ETF,
2016-09-13,1731189.0733743466,2867093.951045723,-1135904.8776713766,1.0,False,normal,-0.06320029630929741,4,沪深300;纳指;国债ETF;医药ETF,沪深300;纳指;国债ETF,医药ETF
2016-09-14,1706382.5950293913,0.0,1706382.5950293913,1.0,False,normal,-0.07662384542971104,3,纳指;黄金;国债ETF,纳指;黄金;国债ETF,
2016-09-19,1706518.022219473,0.0,1706518.022219473,1.0,False,normal,-0.07655056160791976,3,沪深300;纳指;国债ETF,沪深300;纳指;国债ETF,
2016-09-20,1706653.4601577446,2878349.8527825004,-1171696.3926247559,1.0,False,normal,-0.07647727196995203,5,沪深300;纳指;黄金;国债ETF;医药ETF,沪深300;纳指;黄金;国债ETF,医药ETF
2016-09-21,1708810.9373819458,2972319.1607822985,-1263508.2234003528,1.0,False,normal,-0.07530979462421554,5,沪深300;纳指;黄金;国债ETF;医药ETF,沪深300;纳指;黄金;国债ETF,医药ETF
2016-09-22,1727287.6537064067,3040883.7874220386,-1313596.133715632,1.0,False,normal,-0.06531147460005181,6,沪深300;创业板;纳指;黄金;国债ETF;医药ETF,沪深300;创业板;纳指;黄金;国债ETF,医药ETF
2016-09-23,1722461.530809873,3117762.8610964003,-1395301.3302865273,1.0,False,normal,-0.06792303827555224,5,沪深300;创业板;纳指;国债ETF;医药ETF,沪深300;创业板;纳指;国债ETF,医药ETF
2016-09-26,1707804.4651078288,3134042.3841219284,-1426237.9190140995,1.0,False,normal,-0.07585442775682183,6,沪深300;创业板;纳指;黄金;国债ETF;医药ETF,沪深300;创业板;纳指;黄金;国债ETF,医药ETF
2016-09-27,1697897.3891718115,0.0,1697897.3891718115,1.0,False,warning,-0.08121545154332965,4,沪深300;创业板;纳指;国债ETF,沪深300;创业板;纳指;国债ETF,
2016-09-28,1698032.142932857,0.0,1698032.142932857,1.0,False,warning,-0.08114253213472197,4,沪深300;创业板;纳指;国债ETF,沪深300;创业板;纳指;国债ETF,
2016-09-29,1698166.9073886452,0.0,1698166.9073886452,1.0,False,warning,-0.08106960693885966,4,沪深300;创业板;纳指;国债ETF,沪深300;创业板;纳指;国债ETF,
2016-09-30,1698301.6825400253,3401118.2394667873,-1702816.556926762,1.0,False,warning,-0.08099667595528334,5,沪深300;创业板;纳指;国债ETF;医药ETF,沪深300;创业板;纳指;国债ETF,医药ETF
2016-10-10,1737868.3077011383,3295521.5431231745,-1557653.2354220361,1.0,False,normal,-0.059585956989315896,5,沪深300;创业板;纳指;国债ETF;医药ETF,沪深300;创业板;纳指;国债ETF,医药ETF
2016-10-11,1755489.8004299176,3393271.859267472,-1637782.0588375542,1.0,False,normal,-0.05005042478154142,5,沪深300;创业板;纳指;国债ETF;医药ETF,沪深300;创业板;纳指;国债ETF,医药ETF
2016-10-12,1755359.8177268351,3494585.580501408,-1739225.7627745727,1.0,False,normal,-0.0501207624238044,5,沪深300;创业板;纳指;国债ETF;医药ETF,沪深300;创业板;纳指;国债ETF,医药ETF
2016-10-13,1760569.2752605476,3614994.9966703323,-1854425.7214097846,1.0,False,normal,-0.04730176457485259,5,沪深300;创业板;纳指;国债ETF;医药ETF,沪深300;创业板;纳指;国债ETF,医药ETF
2016-10-14,1754898.8060313154,3692166.056841649,-1937267.2508103338,1.0,False,normal,-0.050370230044876604,5,沪深300;创业板;纳指;国债ETF;医药ETF,沪深300;创业板;纳指;国债ETF,医药ETF
2016-10-17,1768869.6378941913,3816385.2472107867,-2047515.6093165954,1.0,False,normal,-0.0428101828202574,4,创业板;纳指;国债ETF;医药ETF,创业板;纳指;国债ETF,医药ETF
2016-10-18,1791977.7784066421,3911226.824646097,-2119249.046239455,1.0,False,normal,-0.030305656585747118,4,创业板;纳指;国债ETF;医药ETF,创业板;纳指;国债ETF,医药ETF
2016-10-19,1782920.4321636967,3959853.1158991214,-2176932.6837354247,1.0,False,normal,-0.03520686547570215,3,纳指;国债ETF;医药ETF,纳指;国债ETF,医药ETF
2016-10-20,1749673.715708062,3692435.4899058896,-1942761.7741978276,1.0,False,normal,-0.05319768727751731,3,纳指;国债ETF;医药ETF,纳指;国债ETF,医药ETF
2016-10-21,1772137.816105824,3769185.9645280987,-1997048.1484222747,1.0,False,normal,-0.04104167097637295,3,纳指;国债ETF;医药ETF,纳指;国债ETF,医药ETF
2016-10-24,1760505.3903442307,4973673.596832694,-3213168.206488463,1.0,False,normal,-0.04733633466982169,5,沪深300;纳指;国债ETF;消费ETF;医药ETF,沪深300;纳指;国债ETF,消费ETF;医药ETF
2016-10-25,1766511.2261925037,5143584.475733418,-3377073.2495409143,1.0,False,normal,-0.04408639199769593,6,沪深300;创业板;纳指;国债ETF;消费ETF;医药ETF,沪深300;创业板;纳指;国债ETF,消费ETF;医药ETF
2016-10-26,1783865.206568595,5290023.126199881,-3506157.9196312856,1.0,False,normal,-0.03469561895955001,6,沪深300;创业板;纳指;国债ETF;消费ETF;医药ETF,沪深300;创业板;纳指;国债ETF,消费ETF;医药ETF
2016-10-27,1793449.4471396217,5474716.5588475745,-3681267.111707953,1.0,False,normal,-0.02950929132779241,5,沪深300;纳指;国债ETF;消费ETF;医药ETF,沪深300;纳指;国债ETF,消费ETF;医药ETF
2016-10-28,1796455.097444327,5655694.530440809,-3859239.432996482,1.0,False,normal,-0.02788284141648512,5,沪深300;纳指;国债ETF;消费ETF;医药ETF,沪深300;纳指;国债ETF,消费ETF;医药ETF
2016-10-31,1794770.5030509164,5815716.654157118,-4020946.1511062016,1.0,False,normal,-0.02879442730439173,5,沪深300;纳指;国债ETF;消费ETF;医药ETF,沪深300;纳指;国债ETF,消费ETF;医药ETF
2016-11-01,1819765.3460193723,5931325.86799856,-4111560.5219791876,1.0,False,normal,-0.01526894828724108,5,沪深300;纳指;国债ETF;消费ETF;医药ETF,沪深300;纳指;国债ETF,消费ETF;医药ETF
2016-11-02,1809629.7368459282,6001655.953157136,-4192026.216311208,1.0,False,normal,-0.02075363844410532,5,沪深300;纳指;国债ETF;消费ETF;医药ETF,沪深300;纳指;国债ETF,消费ETF;医药ETF
2016-11-03,1822822.4221148258,6208361.533568134,-4385539.111453308,1.0,False,normal,-0.013614670297374482,5,沪深300;纳指;国债ETF;消费ETF;医药ETF,沪深300;纳指;国债ETF,消费ETF;医药ETF
2016-11-04,1810895.833147766,6258166.293577789,-4447270.460430023,1.0,False,normal,-0.020068514757358772,5,沪深300;纳指;国债ETF;消费ETF;医药ETF,沪深300;纳指;国债ETF,消费ETF;医药ETF
2016-11-07,1794056.3017447637,6237518.070994293,-4443461.76924953,1.0,False,normal,-0.02918090361842899,5,沪深300;纳指;国债ETF;消费ETF;医药ETF,沪深300;纳指;国债ETF,消费ETF;医药ETF
2016-11-08,1832816.9703875305,6129229.292357255,-4296412.321969724,1.0,False,normal,-0.00820631253657686,5,沪深300;纳指;国债ETF;消费ETF;医药ETF,沪深300;纳指;国债ETF,消费ETF;医药ETF
2016-11-09,1793236.2657094365,5589467.788191176,-3796231.5224817395,1.0,False,normal,-0.029624650362632326,5,沪深300;黄金;国债ETF;消费ETF;医药ETF,沪深300;黄金;国债ETF,消费ETF;医药ETF
2016-11-10,1810281.355190874,5745525.643252697,-3935244.2880618228,1.0,False,normal,-0.02040102769704529,5,沪深300;纳指;国债ETF;消费ETF;医药ETF,沪深300;纳指;国债ETF,消费ETF;医药ETF
2016-11-11,1804948.9189666305,5884569.11856958,-4079620.1996029494,1.0,False,normal,-0.023286573101444216,4,沪深300;国债ETF;消费ETF;医药ETF,沪深300;国债ETF,消费ETF;医药ETF
2016-11-14,1784176.083046196,5816521.5992485825,-4032345.5162023865,1.0,False,normal,-0.03452739412693056,5,沪深300;纳指;国债ETF;消费ETF;医药ETF,沪深300;纳指;国债ETF,消费ETF;医药ETF
2016-11-15,1782621.3589417948,5991332.0022289865,-4208710.643287191,1.0,False,normal,-0.035368703203289824,6,沪深300;创业板;纳指;国债ETF;消费ETF;医药ETF,沪深300;创业板;纳指;国债ETF,消费ETF;医药ETF
2016-11-16,1799938.0771499248,6144059.588316036,-4344121.511166112,1.0,False,normal,-0.025998093871374462,6,沪深300;创业板;纳指;国债ETF;消费ETF;医药ETF,沪深300;创业板;纳指;国债ETF,消费ETF;医药ETF
2016-11-17,1791194.0443733726,6263586.841868287,-4472392.797494914,1.0,False,normal,-0.030729759199049887,5,沪深300;创业板;纳指;消费ETF;医药ETF,沪深300;创业板;纳指,消费ETF;医药ETF
2016-11-18,1825515.1384211117,6203670.802556424,-4378155.664135313,0.8246631089767087,False,normal,-0.012157558606543979,4,沪深300;纳指;消费ETF;医药ETF,沪深300;纳指,消费ETF;医药ETF
2016-11-21,1804221.3967300924,6115223.835030087,-4311002.438299995,0.8501827467061139,False,normal,-0.023680257781008927,4,沪深300;纳指;消费ETF;医药ETF,沪深300;纳指,消费ETF;医药ETF
2016-11-22,1813215.4732748996,6320334.391732421,-4507118.918457521,1.0,False,normal,-0.01881328607252643,5,沪深300;创业板;纳指;消费ETF;医药ETF,沪深300;创业板;纳指,消费ETF;医药ETF
2016-11-23,1796022.7803625362,6318866.418048778,-4522843.637686241,1.0,False,normal,-0.028116781498681187,5,沪深300;创业板;纳指;消费ETF;医药ETF,沪深300;创业板;纳指,消费ETF;医药ETF
2016-11-24,1833567.6181271262,6195344.172946043,-4361776.554818917,1.0,False,normal,-0.007800113935369931,4,沪深300;纳指;消费ETF;医药ETF,沪深300;纳指,消费ETF;医药ETF
2016-11-25,1886037.0810150756,5834433.010205309,-3948395.9291902333,1.0,False,normal,0.0,5,沪深300;创业板;纳指;消费ETF;医药ETF,沪深300;创业板;纳指,消费ETF;医药ETF
2016-11-28,1880207.1988710044,5955397.061164662,-4075189.862293658,1.0,False,normal,-0.003091075039168099,5,沪深300;创业板;纳指;消费ETF;医药ETF,沪深300;创业板;纳指,消费ETF;医药ETF
2016-11-29,1979781.4542489876,4651031.241866011,-2671249.7876170236,1.0,False,normal,0.0,5,沪深300;创业板;纳指;消费ETF;医药ETF,沪深300;创业板;纳指,消费ETF;医药ETF
2016-11-30,1935153.4130066708,4152675.925298468,-2217522.5122917974,1.0,False,normal,-0.022541902868388107,5,沪深300;创业板;纳指;消费ETF;医药ETF,沪深300;创业板;纳指,消费ETF;医药ETF
2016-12-01,1967922.1954874704,4194728.12096661,-2226805.925479139,1.0,False,normal,-0.0059901858036224215,5,沪深300;创业板;纳指;消费ETF;医药ETF,沪深300;创业板;纳指,消费ETF;医药ETF
2016-12-02,1908177.6496209302,3502762.8878727113,-1594585.238251781,1.0,False,normal,-0.03616752974141768,4,沪深300;纳指;消费ETF;医药ETF,沪深300;纳指,消费ETF;医药ETF
2016-12-05,1877170.3791511266,3364975.0064131576,-1487804.627262031,0.8428229544827536,False,normal,-0.051829496067678636,4,沪深300;纳指;消费ETF;医药ETF,沪深300;纳指,消费ETF;医药ETF
2016-12-06,1883180.298470505,3475526.0132431774,-1592345.7147726724,0.8639686326397323,False,normal,-0.04879384821549777,4,沪深300;纳指;消费ETF;医药ETF,沪深300;纳指,消费ETF;医药ETF
2016-12-07,1894671.5600274815,3583648.118394597,-1688976.5583671154,1.0,False,normal,-0.04298954010244113,4,沪深300;纳指;消费ETF;医药ETF,沪深300;纳指,消费ETF;医药ETF
2016-12-08,1906360.7555716548,3697838.1497936826,-1791477.3942220279,0.866956996029432,False,normal,-0.03708525429398182,4,沪深300;纳指;消费ETF;医药ETF,沪深300;纳指,消费ETF;医药ETF
2016-12-09,1901521.803392276,3454255.058683262,-1552733.2552909863,1.0,False,normal,-0.039529439317027425,3,沪深300;纳指;消费ETF,沪深300;纳指,消费ETF
2016-12-12,1878277.7201345095,0.0,1878277.7201345095,0.0,True,normal,-0.05127017120835827,0,,沪深300;纳指,消费ETF
2016-12-13,1878277.7201345095,0.0,1878277.7201345095,0.0,True,normal,-0.05127017120835827,0,,沪深300;纳指,消费ETF
2016-12-14,1878277.7201345095,0.0,1878277.7201345095,0.0,True,normal,-0.05127017120835827,0,,沪深300;纳指,
2016-12-15,1878277.7201345095,0.0,1878277.7201345095,0.0,True,normal,-0.05127017120835827,0,,沪深300;纳指,消费ETF
2016-12-16,1878277.7201345095,0.0,1878277.7201345095,0.0,True,normal,-0.05127017120835827,0,,纳指,消费ETF
2016-12-19,1878277.7201345095,0.0,1878277.7201345095,0.0,True,normal,-0.05127017120835827,0,,纳指,消费ETF;医药ETF
2016-12-20,1878277.7201345095,0.0,1878277.7201345095,0.0,True,normal,-0.05127017120835827,0,,纳指,
2016-12-21,1878277.7201345095,0.0,1878277.7201345095,0.0,True,normal,-0.05127017120835827,0,,纳指,
2016-12-22,1878277.7201345095,0.0,1878277.7201345095,0.0,True,normal,-0.05127017120835827,0,,纳指,
2016-12-23,1878277.7201345095,0.0,1878277.7201345095,0.0,True,normal,-0.05127017120835827,0,,纳指,
2016-12-26,1878277.7201345095,0.0,1878277.7201345095,0.0,True,normal,-0.05127017120835827,0,,纳指,医药ETF
2016-12-27,1878277.7201345095,0.0,1878277.7201345095,0.0,True,normal,-0.05127017120835827,0,,纳指,
2016-12-28,1878277.7201345095,0.0,1878277.7201345095,0.0,True,normal,-0.05127017120835827,0,,纳指,
2016-12-29,1878277.7201345095,0.0,1878277.7201345095,0.0,True,normal,-0.05127017120835827,0,,纳指,
2016-12-30,1878277.7201345095,0.0,1878277.7201345095,0.0,True,normal,-0.05127017120835827,0,,纳指,医药ETF
2017-01-03,1878277.7201345095,0.0,1878277.7201345095,0.0,True,normal,-0.05127017120835827,0,,纳指,医药ETF
2017-01-04,1878277.7201345095,0.0,1878277.7201345095,0.0,True,normal,-0.05127017120835827,0,,沪深300;纳指,消费ETF;医药ETF
2017-01-05,1878277.7201345095,0.0,1878277.7201345095,0.0,True,normal,-0.05127017120835827,0,,纳指,消费ETF;医药ETF
2017-01-06,1878277.7201345095,0.0,1878277.7201345095,0.0,True,normal,-0.05127017120835827,0,,纳指,消费ETF;医药ETF
2017-01-09,1878277.7201345095,0.0,1878277.7201345095,0.0,True,normal,-0.05127017120835827,0,,纳指,消费ETF;医药ETF
2017-01-10,1878277.7201345095,0.0,1878277.7201345095,0.0,True,normal,-0.05127017120835827,0,,纳指,消费ETF;医药ETF
2017-01-11,1878277.7201345095,0.0,1878277.7201345095,0.0,True,normal,-0.05127017120835827,0,,纳指,消费ETF;医药ETF
2017-01-12,1878277.7201345095,0.0,1878277.7201345095,0.0,True,normal,-0.05127017120835827,0,,纳指,消费ETF
2017-01-13,1878277.7201345095,0.0,1878277.7201345095,0.0,True,normal,-0.05127017120835827,0,,纳指,消费ETF
2017-01-16,1878277.7201345095,0.0,1878277.7201345095,0.0,True,normal,-0.05127017120835827,0,,纳指,
2017-01-17,1878277.7201345095,0.0,1878277.7201345095,0.0,True,normal,-0.05127017120835827,0,,纳指,
2017-01-18,1878277.7201345095,0.0,1878277.7201345095,0.0,True,normal,-0.05127017120835827,0,,纳指,
2017-01-19,1878277.7201345095,0.0,1878277.7201345095,0.0,True,normal,-0.05127017120835827,0,,纳指,
2017-01-20,1878277.7201345095,0.0,1878277.7201345095,0.0,True,normal,-0.05127017120835827,0,,纳指;黄金,
2017-01-23,1878277.7201345095,0.0,1878277.7201345095,0.0,True,normal,-0.05127017120835827,0,,纳指;黄金,消费ETF
2017-01-24,1878277.7201345095,0.0,1878277.7201345095,0.0,True,normal,-0.05127017120835827,0,,纳指;黄金,消费ETF
2017-01-25,1878277.7201345095,0.0,1878277.7201345095,0.0,True,normal,-0.05127017120835827,0,,纳指,消费ETF
2017-01-26,1878277.7201345095,0.0,1878277.7201345095,0.0,True,normal,-0.05127017120835827,0,,纳指;黄金,消费ETF;医药ETF
2017-02-03,1878277.7201345095,0.0,1878277.7201345095,0.0,True,normal,-0.05127017120835827,0,,纳指;黄金,消费ETF;医药ETF
2017-02-06,1878277.7201345095,0.0,1878277.7201345095,0.0,True,normal,-0.05127017120835827,0,,纳指;黄金,消费ETF;医药ETF
2017-02-07,1878277.7201345095,0.0,1878277.7201345095,0.0,True,normal,-0.05127017120835827,0,,纳指;黄金,消费ETF;医药ETF
2017-02-08,1878277.7201345095,0.0,1878277.7201345095,0.0,True,normal,-0.05127017120835827,0,,纳指;黄金,消费ETF;医药ETF;证券ETF;军工ETF
2017-02-09,1878277.7201345095,0.0,1878277.7201345095,0.0,True,normal,-0.05127017120835827,0,,纳指;黄金,消费ETF;医药ETF;证券ETF;军工ETF
2017-02-10,1878277.7201345095,0.0,1878277.7201345095,0.0,True,normal,-0.05127017120835827,0,,纳指;黄金,消费ETF;医药ETF;证券ETF;军工ETF
2017-02-13,1878277.7201345095,0.0,1878277.7201345095,0.0,True,normal,-0.05127017120835827,0,,纳指;黄金,消费ETF;医药ETF;证券ETF;军工ETF
2017-02-14,1878277.7201345095,0.0,1878277.7201345095,0.0,True,normal,-0.05127017120835827,0,,纳指;黄金,消费ETF;医药ETF;证券ETF;军工ETF
2017-02-15,1878277.7201345095,0.0,1878277.7201345095,0.0,True,normal,-0.05127017120835827,0,,纳指;黄金;国债ETF,消费ETF;医药ETF;证券ETF;军工ETF
2017-02-16,1878277.7201345095,0.0,1878277.7201345095,0.0,True,normal,-0.05127017120835827,0,,沪深300;纳指;黄金;国债ETF,消费ETF;医药ETF;证券ETF;军工ETF
2017-02-17,1878277.7201345095,0.0,1878277.7201345095,0.0,True,normal,-0.05127017120835827,0,,沪深300;纳指;黄金;国债ETF,消费ETF;证券ETF;军工ETF
2017-02-20,1878277.7201345095,0.0,1878277.7201345095,0.0,True,normal,-0.05127017120835827,0,,沪深300;纳指;黄金;国债ETF,消费ETF;医药ETF;证券ETF;军工ETF
2017-02-21,1878277.7201345095,0.0,1878277.7201345095,0.0,True,normal,-0.05127017120835827,0,,沪深300;纳指;黄金;国债ETF,消费ETF;医药ETF;证券ETF;军工ETF
2017-02-22,1878277.7201345095,0.0,1878277.7201345095,0.0,True,normal,-0.05127017120835827,0,,沪深300;纳指;黄金;国债ETF,消费ETF;医药ETF;证券ETF;军工ETF
2017-02-23,1878277.7201345095,0.0,1878277.7201345095,0.0,True,normal,-0.05127017120835827,0,,沪深300;纳指;黄金;国债ETF,消费ETF;医药ETF;证券ETF;军工ETF
2017-02-24,1878277.7201345095,0.0,1878277.7201345095,0.0,True,normal,-0.05127017120835827,0,,沪深300;纳指;黄金;国债ETF,消费ETF;医药ETF;证券ETF;军工ETF
2017-02-27,1878277.7201345095,0.0,1878277.7201345095,0.0,True,normal,-0.05127017120835827,0,,沪深300;纳指;黄金;国债ETF,消费ETF;医药ETF;证券ETF;军工ETF
2017-02-28,1878277.7201345095,0.0,1878277.7201345095,0.0,True,normal,-0.05127017120835827,0,,沪深300;纳指;黄金;国债ETF,消费ETF;医药ETF;证券ETF;军工ETF
2017-03-01,1878277.7201345095,0.0,1878277.7201345095,0.0,True,normal,-0.05127017120835827,0,,沪深300;纳指;黄金;国债ETF,消费ETF;医药ETF;证券ETF;军工ETF
2017-03-02,1878277.7201345095,0.0,1878277.7201345095,0.0,True,normal,-0.05127017120835827,0,,沪深300;纳指;黄金;国债ETF,消费ETF;医药ETF;证券ETF;军工ETF
2017-03-03,1878277.7201345095,0.0,1878277.7201345095,0.0,True,normal,-0.05127017120835827,0,,沪深300;纳指;黄金;国债ETF,消费ETF;军工ETF
2017-03-06,1878277.7201345095,0.0,1878277.7201345095,0.0,True,normal,-0.05127017120835827,0,,沪深300;创业板;纳指;黄金;国债ETF,消费ETF;医药ETF;证券ETF;军工ETF
2017-03-07,1878277.7201345095,0.0,1878277.7201345095,0.0,True,normal,-0.05127017120835827,0,,沪深300;纳指;黄金;国债ETF,消费ETF;医药ETF;证券ETF;军工ETF
2017-03-08,1878277.7201345095,0.0,1878277.7201345095,0.0,True,normal,-0.05127017120835827,0,,沪深300;纳指;黄金;国债ETF,消费ETF;医药ETF;证券ETF;军工ETF
2017-03-09,1878277.7201345095,0.0,1878277.7201345095,0.0,True,normal,-0.05127017120835827,0,,沪深300;纳指;黄金;国债ETF,消费ETF;医药ETF;军工ETF
2017-03-10,1878277.7201345095,0.0,1878277.7201345095,0.0,True,normal,-0.05127017120835827,0,,沪深300;纳指;黄金,消费ETF;医药ETF;军工ETF
2017-03-13,1878277.7201345095,0.0,1878277.7201345095,0.0,True,normal,-0.05127017120835827,0,,沪深300;创业板;纳指;黄金,消费ETF;医药ETF;军工ETF
2017-03-14,1878277.7201345095,0.0,1878277.7201345095,0.0,True,normal,-0.05127017120835827,0,,沪深300;创业板;纳指;黄金,消费ETF;医药ETF;军工ETF
2017-03-15,1878277.7201345095,0.0,1878277.7201345095,0.0,True,normal,-0.05127017120835827,0,,沪深300;创业板;纳指;黄金,消费ETF;医药ETF;军工ETF
2017-03-16,1878277.7201345095,0.0,1878277.7201345095,0.0,True,normal,-0.05127017120835827,0,,沪深300;创业板;纳指;黄金;国债ETF,消费ETF;医药ETF;证券ETF;军工ETF
2017-03-17,1878277.7201345095,0.0,1878277.7201345095,0.0,True,normal,-0.05127017120835827,0,,沪深300;创业板;纳指;黄金;国债ETF,消费ETF;医药ETF;军工ETF
2017-03-20,1878277.7201345095,0.0,1878277.7201345095,0.0,True,normal,-0.05127017120835827,0,,沪深300;创业板;纳指;黄金;国债ETF,消费ETF;医药ETF;军工ETF
2017-03-21,1878277.7201345095,0.0,1878277.7201345095,0.0,True,normal,-0.05127017120835827,0,,沪深300;创业板;纳指;黄金;国债ETF,消费ETF;医药ETF;军工ETF
2017-03-22,1878277.7201345095,0.0,1878277.7201345095,0.0,True,normal,-0.05127017120835827,0,,沪深300;创业板;纳指;黄金;国债ETF,消费ETF;医药ETF
2017-03-23,1878277.7201345095,0.0,1878277.7201345095,0.0,True,normal,-0.05127017120835827,0,,沪深300;创业板;纳指;黄金,消费ETF;医药ETF;军工ETF
2017-03-24,1878277.7201345095,0.0,1878277.7201345095,0.0,True,normal,-0.05127017120835827,0,,沪深300;创业板;纳指;黄金,消费ETF;医药ETF;军工ETF
2017-03-27,1878277.7201345095,0.0,1878277.7201345095,0.0,True,normal,-0.05127017120835827,0,,沪深300;创业板;纳指;黄金;国债ETF,消费ETF;医药ETF;军工ETF
2017-03-28,1878277.7201345095,4813734.04313617,-2935456.3230016604,1.0,False,normal,-0.05127017120835827,8,沪深300;创业板;纳指;黄金;国债ETF;消费ETF;医药ETF;军工ETF,沪深300;创业板;纳指;黄金;国债ETF,消费ETF;医药ETF;军工ETF
2017-03-29,1864269.213730805,4785029.770329945,-2920760.5565991397,1.0,False,normal,-0.05834595544385532,8,沪深300;创业板;纳指;黄金;国债ETF;消费ETF;医药ETF;军工ETF,沪深300;创业板;纳指;黄金;国债ETF,消费ETF;医药ETF;军工ETF
2017-03-30,1835378.1342172478,3572018.2860203874,-1736640.1518031396,1.0,False,normal,-0.07293902047714548,6,沪深300;创业板;纳指;黄金;消费ETF;医药ETF,沪深300;创业板;纳指;黄金,消费ETF;医药ETF
2017-03-31,1868713.6229486577,4173883.0723078544,-2305169.4493591967,1.0,False,normal,-0.05610105653932518,8,沪深300;创业板;纳指;黄金;国债ETF;消费ETF;医药ETF;军工ETF,沪深300;创业板;纳指;黄金;国债ETF,消费ETF;医药ETF;军工ETF
2017-04-05,1897709.9201370329,0.0,1897709.9201370329,0.0,True,normal,-0.0414548454001393,0,,沪深300;创业板;纳指;黄金;国债ETF,消费ETF;医药ETF;军工ETF
2017-04-06,1897709.9201370329,0.0,1897709.9201370329,0.0,True,normal,-0.0414548454001393,0,,沪深300;创业板;纳指;黄金;国债ETF,消费ETF;医药ETF;军工ETF
2017-04-07,1897709.9201370329,0.0,1897709.9201370329,0.0,True,normal,-0.0414548454001393,0,,沪深300;创业板;纳指;黄金;国债ETF,消费ETF;医药ETF;军工ETF
2017-04-10,1897709.9201370329,0.0,1897709.9201370329,0.0,True,normal,-0.0414548454001393,0,,沪深300;创业板;纳指;黄金;国债ETF,消费ETF;医药ETF;军工ETF
2017-04-11,1897709.9201370329,0.0,1897709.9201370329,0.0,True,normal,-0.0414548454001393,0,,沪深300;创业板;纳指;黄金;国债ETF,消费ETF;医药ETF;军工ETF
2017-04-12,1897709.9201370329,0.0,1897709.9201370329,0.0,True,normal,-0.0414548454001393,0,,沪深300;纳指;黄金;国债ETF,消费ETF;医药ETF;军工ETF
2017-04-13,1897709.9201370329,0.0,1897709.9201370329,0.0,True,normal,-0.0414548454001393,0,,沪深300;创业板;纳指;黄金;国债ETF,消费ETF;医药ETF;军工ETF
2017-04-14,1897709.9201370329,0.0,1897709.9201370329,0.0,True,normal,-0.0414548454001393,0,,沪深300;黄金;国债ETF,消费ETF;医药ETF;军工ETF
2017-04-17,1897709.9201370329,0.0,1897709.9201370329,0.0,True,normal,-0.0414548454001393,0,,沪深300;纳指;黄金,消费ETF;医药ETF;军工ETF
2017-04-18,1897709.9201370329,0.0,1897709.9201370329,0.0,True,normal,-0.0414548454001393,0,,纳指;黄金,消费ETF;医药ETF
2017-04-19,1897709.9201370329,0.0,1897709.9201370329,0.0,True,normal,-0.0414548454001393,0,,纳指;黄金,消费ETF;医药ETF
2017-04-20,1897709.9201370329,0.0,1897709.9201370329,0.0,True,normal,-0.0414548454001393,0,,黄金,消费ETF;医药ETF
2017-04-21,1897709.9201370329,0.0,1897709.9201370329,0.0,True,normal,-0.0414548454001393,0,,纳指;黄金,消费ETF;医药ETF
2017-04-24,1897709.9201370329,0.0,1897709.9201370329,0.0,True,normal,-0.0414548454001393,0,,纳指;黄金,消费ETF;医药ETF
2017-04-25,1897709.9201370329,0.0,1897709.9201370329,0.0,True,normal,-0.0414548454001393,0,,纳指;黄金,消费ETF;医药ETF
2017-04-26,1897709.9201370329,0.0,1897709.9201370329,0.0,True,normal,-0.0414548454001393,0,,纳指;黄金,消费ETF;医药ETF
2017-04-27,1897709.9201370329,0.0,1897709.9201370329,0.0,True,normal,-0.0414548454001393,0,,纳指;黄金,消费ETF;医药ETF
2017-04-28,1897709.9201370329,0.0,1897709.9201370329,0.0,True,normal,-0.0414548454001393,0,,纳指;黄金,消费ETF;医药ETF
2017-05-02,1897709.9201370329,0.0,1897709.9201370329,0.0,True,normal,-0.0414548454001393,0,,沪深300;纳指;黄金,消费ETF;医药ETF
2017-05-03,1897709.9201370329,0.0,1897709.9201370329,0.0,True,normal,-0.0414548454001393,0,,纳指;黄金,消费ETF;医药ETF
2017-05-04,1897709.9201370329,0.0,1897709.9201370329,0.0,True,normal,-0.0414548454001393,0,,纳指;黄金,医药ETF
2017-05-05,1897709.9201370329,0.0,1897709.9201370329,0.0,True,normal,-0.0414548454001393,0,,纳指;黄金,医药ETF
2017-05-08,1897709.9201370329,0.0,1897709.9201370329,0.0,True,normal,-0.0414548454001393,0,,纳指;黄金,医药ETF
2017-05-09,1897709.9201370329,0.0,1897709.9201370329,0.0,True,normal,-0.0414548454001393,0,,纳指;黄金,
2017-05-10,1897709.9201370329,0.0,1897709.9201370329,0.0,True,normal,-0.0414548454001393,0,,纳指;黄金,
2017-05-11,1897709.9201370329,0.0,1897709.9201370329,0.0,True,normal,-0.0414548454001393,0,,纳指;黄金,
2017-05-12,1897709.9201370329,0.0,1897709.9201370329,0.0,True,normal,-0.0414548454001393,0,,纳指;黄金,
2017-05-15,1897709.9201370329,0.0,1897709.9201370329,0.0,True,normal,-0.0414548454001393,0,,纳指,医药ETF
2017-05-16,1897709.9201370329,0.0,1897709.9201370329,0.0,True,normal,-0.0414548454001393,0,,纳指;黄金,消费ETF;医药ETF
2017-05-17,1897709.9201370329,0.0,1897709.9201370329,0.0,True,normal,-0.0414548454001393,0,,纳指;黄金,消费ETF;医药ETF
2017-05-18,1897709.9201370329,0.0,1897709.9201370329,0.0,True,normal,-0.0414548454001393,0,,黄金,医药ETF
2017-05-19,1897709.9201370329,0.0,1897709.9201370329,0.0,True,normal,-0.0414548454001393,0,,纳指;黄金,消费ETF;医药ETF
2017-05-22,1897709.9201370329,0.0,1897709.9201370329,0.0,True,normal,-0.0414548454001393,0,,纳指;黄金,消费ETF;医药ETF
2017-05-23,1897709.9201370329,0.0,1897709.9201370329,0.0,True,normal,-0.0414548454001393,0,,纳指;黄金,消费ETF;医药ETF
2017-05-24,1897709.9201370329,0.0,1897709.9201370329,0.0,True,normal,-0.0414548454001393,0,,纳指,消费ETF;医药ETF
2017-05-25,1897709.9201370329,0.0,1897709.9201370329,0.0,True,normal,-0.0414548454001393,0,,沪深300;纳指,消费ETF;医药ETF
2017-05-26,1897709.9201370329,0.0,1897709.9201370329,0.0,True,normal,-0.0414548454001393,0,,沪深300;纳指;黄金,消费ETF;医药ETF
2017-05-31,1897709.9201370329,0.0,1897709.9201370329,0.0,True,normal,-0.0414548454001393,0,,沪深300;纳指,消费ETF;医药ETF;证券ETF
2017-06-01,1897709.9201370329,0.0,1897709.9201370329,0.0,True,normal,-0.0414548454001393,0,,沪深300;纳指;黄金,消费ETF;医药ETF
2017-06-02,1897709.9201370329,0.0,1897709.9201370329,0.0,True,normal,-0.0414548454001393,0,,纳指,消费ETF;医药ETF
2017-06-05,1897709.9201370329,0.0,1897709.9201370329,0.0,True,normal,-0.0414548454001393,0,,纳指;黄金,消费ETF;医药ETF
2017-06-06,1897709.9201370329,0.0,1897709.9201370329,0.0,True,normal,-0.0414548454001393,0,,纳指;黄金,消费ETF;医药ETF;证券ETF
2017-06-07,1897709.9201370329,0.0,1897709.9201370329,0.0,True,normal,-0.0414548454001393,0,,沪深300;纳指;黄金,消费ETF;医药ETF;证券ETF
2017-06-08,1897709.9201370329,0.0,1897709.9201370329,0.0,True,normal,-0.0414548454001393,0,,沪深300;纳指,消费ETF;医药ETF;证券ETF
2017-06-09,1897709.9201370329,0.0,1897709.9201370329,0.0,True,normal,-0.0414548454001393,0,,沪深300;纳指,消费ETF;医药ETF;证券ETF
2017-06-12,1897709.9201370329,0.0,1897709.9201370329,0.0,True,normal,-0.0414548454001393,0,,沪深300;纳指,消费ETF;医药ETF
2017-06-13,1897709.9201370329,0.0,1897709.9201370329,0.0,True,normal,-0.0414548454001393,0,,沪深300;纳指,消费ETF;医药ETF;证券ETF
2017-06-14,1897709.9201370329,0.0,1897709.9201370329,0.0,True,normal,-0.0414548454001393,0,,沪深300;纳指,消费ETF;医药ETF;证券ETF
2017-06-15,1897709.9201370329,0.0,1897709.9201370329,0.0,True,normal,-0.0414548454001393,0,,沪深300;纳指,消费ETF;医药ETF;证券ETF
2017-06-16,1897709.9201370329,0.0,1897709.9201370329,0.0,True,normal,-0.0414548454001393,0,,沪深300;纳指,消费ETF;医药ETF;证券ETF
2017-06-19,1897709.9201370329,0.0,1897709.9201370329,0.0,True,normal,-0.0414548454001393,0,,沪深300;纳指,消费ETF;医药ETF;证券ETF
2017-06-20,1897709.9201370329,0.0,1897709.9201370329,0.0,True,normal,-0.0414548454001393,0,,沪深300;纳指,消费ETF;医药ETF;证券ETF
2017-06-21,1897709.9201370329,0.0,1897709.9201370329,0.0,True,normal,-0.0414548454001393,0,,沪深300;创业板;纳指,消费ETF;医药ETF;证券ETF;军工ETF
2017-06-22,1897709.9201370329,0.0,1897709.9201370329,0.0,True,normal,-0.0414548454001393,0,,沪深300;纳指,消费ETF;医药ETF;证券ETF
2017-06-23,1897709.9201370329,0.0,1897709.9201370329,0.0,True,normal,-0.0414548454001393,0,,沪深300;纳指,消费ETF;医药ETF;证券ETF
2017-06-26,1897709.9201370329,0.0,1897709.9201370329,0.0,True,normal,-0.0414548454001393,0,,沪深300;纳指,消费ETF;医药ETF;证券ETF;军工ETF
2017-06-27,1897709.9201370329,0.0,1897709.9201370329,0.0,True,normal,-0.0414548454001393,0,,沪深300;纳指;国债ETF,消费ETF;医药ETF;证券ETF;军工ETF
2017-06-28,1897709.9201370329,0.0,1897709.9201370329,0.0,True,normal,-0.0414548454001393,0,,沪深300,消费ETF;医药ETF;证券ETF;军工ETF
2017-06-29,1897709.9201370329,0.0,1897709.9201370329,0.0,True,normal,-0.0414548454001393,0,,沪深300;纳指;国债ETF,消费ETF;医药ETF;证券ETF;军工ETF
2017-06-30,1897709.9201370329,0.0,1897709.9201370329,0.0,True,normal,-0.0414548454001393,0,,沪深300;国债ETF,消费ETF;医药ETF;证券ETF;军工ETF
2017-07-03,1897709.9201370329,0.0,1897709.9201370329,0.0,True,normal,-0.0414548454001393,0,,沪深300;创业板;国债ETF,消费ETF;医药ETF;证券ETF;军工ETF
2017-07-04,1897709.9201370329,0.0,1897709.9201370329,0.0,True,normal,-0.0414548454001393,0,,沪深300;创业板;国债ETF,消费ETF;医药ETF;证券ETF;军工ETF
2017-07-05,1897709.9201370329,0.0,1897709.9201370329,0.0,True,normal,-0.0414548454001393,0,,沪深300;创业板;国债ETF,消费ETF;医药ETF;证券ETF;军工ETF
2017-07-06,1897709.9201370329,0.0,1897709.9201370329,0.0,True,normal,-0.0414548454001393,0,,沪深300;创业板;国债ETF,消费ETF;医药ETF;证券ETF;军工ETF
2017-07-07,1897709.9201370329,0.0,1897709.9201370329,0.0,True,normal,-0.0414548454001393,0,,沪深300;创业板;国债ETF,消费ETF;医药ETF;证券ETF;军工ETF
2017-07-10,1897709.9201370329,0.0,1897709.9201370329,0.0,True,normal,-0.0414548454001393,0,,沪深300;创业板;国债ETF,消费ETF;医药ETF;证券ETF;军工ETF
2017-07-11,1897709.9201370329,0.0,1897709.9201370329,0.0,True,normal,-0.0414548454001393,0,,沪深300;国债ETF,消费ETF;医药ETF;证券ETF;军工ETF
2017-07-12,1897709.9201370329,0.0,1897709.9201370329,0.0,True,normal,-0.0414548454001393,0,,沪深300;国债ETF,消费ETF;医药ETF;证券ETF;军工ETF
2017-07-13,1897709.9201370329,0.0,1897709.9201370329,0.0,True,normal,-0.0414548454001393,0,,沪深300;国债ETF,消费ETF;证券ETF;军工ETF
2017-07-14,1897709.9201370329,0.0,1897709.9201370329,0.0,True,normal,-0.0414548454001393,0,,沪深300;纳指;国债ETF,消费ETF;证券ETF;军工ETF
2017-07-17,1897709.9201370329,0.0,1897709.9201370329,0.0,True,normal,-0.0414548454001393,0,,沪深300;纳指;国债ETF,证券ETF
2017-07-18,1897709.9201370329,0.0,1897709.9201370329,0.0,True,normal,-0.0414548454001393,0,,沪深300;纳指;国债ETF,证券ETF
2017-07-19,1897709.9201370329,0.0,1897709.9201370329,0.0,True,normal,-0.0414548454001393,0,,沪深300;纳指;国债ETF,消费ETF;证券ETF
2017-07-20,1897709.9201370329,0.0,1897709.9201370329,0.0,True,normal,-0.0414548454001393,0,,沪深300;纳指;国债ETF,消费ETF;证券ETF
2017-07-21,1897709.9201370329,0.0,1897709.9201370329,0.0,True,normal,-0.0414548454001393,0,,沪深300;纳指;国债ETF,消费ETF;证券ETF
2017-07-24,1897709.9201370329,0.0,1897709.9201370329,0.0,True,normal,-0.0414548454001393,0,,沪深300;国债ETF,消费ETF;证券ETF;军工ETF
2017-07-25,1897709.9201370329,0.0,1897709.9201370329,0.0,True,normal,-0.0414548454001393,0,,沪深300;国债ETF,消费ETF;证券ETF
2017-07-26,1897709.9201370329,0.0,1897709.9201370329,0.0,True,normal,-0.0414548454001393,0,,沪深300;纳指;国债ETF,消费ETF;证券ETF
2017-07-27,1897709.9201370329,0.0,1897709.9201370329,0.0,True,normal,-0.0414548454001393,0,,沪深300,消费ETF;证券ETF;军工ETF
2017-07-28,1897709.9201370329,0.0,1897709.9201370329,0.0,True,normal,-0.0414548454001393,0,,沪深300,消费ETF;证券ETF
2017-07-31,1897709.9201370329,0.0,1897709.9201370329,0.0,True,normal,-0.0414548454001393,0,,沪深300,消费ETF;证券ETF
2017-08-01,1897709.9201370329,0.0,1897709.9201370329,0.0,True,normal,-0.0414548454001393,0,,沪深300;国债ETF,消费ETF;证券ETF
2017-08-02,1897709.9201370329,0.0,1897709.9201370329,0.0,True,normal,-0.0414548454001393,0,,沪深300;国债ETF,消费ETF;证券ETF
2017-08-03,1897709.9201370329,0.0,1897709.9201370329,0.0,True,normal,-0.0414548454001393,0,,沪深300;国债ETF,消费ETF;证券ETF
2017-08-04,1897709.9201370329,0.0,1897709.9201370329,0.0,True,normal,-0.0414548454001393,0,,沪深300;国债ETF,消费ETF;证券ETF;军工ETF
2017-08-07,1897709.9201370329,0.0,1897709.9201370329,0.0,True,normal,-0.0414548454001393,0,,沪深300;纳指,消费ETF;证券ETF;军工ETF
2017-08-08,1897709.9201370329,2667708.0029999097,-769998.0828628768,1.0,False,normal,-0.0414548454001393,5,沪深300;纳指;消费ETF;证券ETF;军工ETF,沪深300;纳指,消费ETF;证券ETF;军工ETF
2017-08-09,1902657.2620505742,2758618.6109986748,-855961.3489481006,1.0,False,normal,-0.0389559120441755,5,沪深300;纳指;消费ETF;证券ETF;军工ETF,沪深300;纳指,消费ETF;证券ETF;军工ETF
2017-08-10,1912412.4992403067,2854986.242352201,-942573.7431118945,1.0,False,normal,-0.03402848070128869,5,沪深300;纳指;消费ETF;证券ETF;军工ETF,沪深300;纳指,消费ETF;证券ETF;军工ETF
2017-08-11,1856069.0185786618,2320591.578504835,-464522.55992617295,1.0,False,normal,-0.06248792532368426,4,沪深300;黄金;消费ETF;军工ETF,沪深300;黄金,消费ETF;军工ETF
2017-08-14,1899823.7634337791,2334205.1599949114,-434381.3965611323,1.0,False,normal,-0.040387129924671264,5,沪深300;黄金;消费ETF;证券ETF;军工ETF,沪深300;黄金,消费ETF;证券ETF;军工ETF
2017-08-15,1906475.6698805336,2414461.925427567,-507986.2555470336,1.0,False,normal,-0.03702721035755025,6,沪深300;纳指;国债ETF;消费ETF;证券ETF;军工ETF,沪深300;纳指;国债ETF,消费ETF;证券ETF;军工ETF
2017-08-16,1928231.3812892213,2476631.2487778356,-548399.8674886143,1.0,False,normal,-0.02603826439990636,6,沪深300;创业板;国债ETF;消费ETF;证券ETF;军工ETF,沪深300;创业板;国债ETF,消费ETF;证券ETF;军工ETF
2017-08-17,1935875.3144092227,0.0,1935875.3144092227,0.0,True,normal,-0.022177265953034354,0,,沪深300;创业板;国债ETF,消费ETF;证券ETF;军工ETF
2017-08-18,1935875.3144092227,0.0,1935875.3144092227,0.0,True,normal,-0.022177265953034354,0,,沪深300;国债ETF,消费ETF;证券ETF;军工ETF
2017-08-21,1935875.3144092227,2617882.641882395,-682007.3274731722,1.0,False,normal,-0.022177265953034354,5,沪深300;黄金;消费ETF;证券ETF;军工ETF,沪深300;黄金,消费ETF;证券ETF;军工ETF
2017-08-22,1915928.3193970001,2597911.8113999707,-681983.4920029705,1.0,False,normal,-0.032252617941715994,6,沪深300;纳指;黄金;消费ETF;证券ETF;军工ETF,沪深300;纳指;黄金,消费ETF;证券ETF;军工ETF
2017-08-23,1922665.2369437485,2686489.7426143647,-763824.5056706162,1.0,False,normal,-0.02884975873607503,7,沪深300;纳指;黄金;国债ETF;消费ETF;证券ETF;军工ETF,沪深300;纳指;黄金;国债ETF,消费ETF;证券ETF;军工ETF
2017-08-24,1898449.3063937994,2464269.7932830667,-565820.4868892673,1.0,False,normal,-0.041081376775519325,6,沪深300;纳指;黄金;国债ETF;消费ETF;军工ETF,沪深300;纳指;黄金;国债ETF,消费ETF;军工ETF
2017-08-25,1914782.1255240445,2586203.567632923,-671421.4421088784,1.0,False,normal,-0.032831567638661414,7,沪深300;纳指;黄金;国债ETF;消费ETF;证券ETF;军工ETF,沪深300;纳指;黄金;国债ETF,消费ETF;证券ETF;军工ETF
2017-08-28,1971671.3606151757,2426275.1809468046,-454603.8203316289,1.0,False,normal,-0.004096459039156124,7,沪深300;纳指;黄金;国债ETF;消费ETF;证券ETF;军工ETF,沪深300;纳指;黄金;国债ETF,消费ETF;证券ETF;军工ETF
2017-08-29,1950501.0955834966,2390687.3621086734,-440186.2665251768,1.0,False,normal,-0.014789692368644917,7,沪深300;纳指;黄金;国债ETF;消费ETF;证券ETF;军工ETF,沪深300;纳指;黄金;国债ETF,消费ETF;证券ETF;军工ETF
2017-08-30,1957746.224968859,2473870.468779963,-516124.243811104,1.0,False,normal,-0.011130132183447227,7,沪深300;创业板;纳指;黄金;消费ETF;证券ETF;军工ETF,沪深300;创业板;纳指;黄金,消费ETF;证券ETF;军工ETF
2017-08-31,1965110.9225112102,2560259.5440120436,-595148.6215008334,1.0,False,normal,-0.007410177374018558,7,沪深300;创业板;纳指;黄金;消费ETF;证券ETF;军工ETF,沪深300;创业板;纳指;黄金,消费ETF;证券ETF;军工ETF
2017-09-01,1975539.0649450058,2650793.7340187808,-675254.669073775,1.0,False,normal,-0.002142857381998815,8,沪深300;创业板;纳指;黄金;国债ETF;消费ETF;证券ETF;军工ETF,沪深300;创业板;纳指;黄金;国债ETF,消费ETF;证券ETF;军工ETF
2017-09-04,1986401.313464513,3252485.6642582295,-1266084.3507937165,1.0,False,normal,0.0,9,沪深300;创业板;纳指;黄金;国债ETF;消费ETF;医药ETF;证券ETF;军工ETF,沪深300;创业板;纳指;黄金;国债ETF,消费ETF;医药ETF;证券ETF;军工ETF
2017-09-05,1994483.0336895154,3367350.2144160923,-1372867.1807265768,1.0,False,normal,0.0,9,沪深300;创业板;纳指;黄金;国债ETF;消费ETF;医药ETF;证券ETF;军工ETF,沪深300;创业板;纳指;黄金;国债ETF,消费ETF;医药ETF;证券ETF;军工ETF
2017-09-06,1987820.4627093659,3435568.322121607,-1447747.8594122413,1.0,False,normal,-0.0033405002036165365,8,沪深300;创业板;黄金;国债ETF;消费ETF;医药ETF;证券ETF;军工ETF,沪深300;创业板;黄金;国债ETF,消费ETF;医药ETF;证券ETF;军工ETF
2017-09-07,1966906.4242299232,3396136.8745897138,-1429230.4503597906,1.0,False,normal,-0.013826444744721333,8,沪深300;创业板;黄金;国债ETF;消费ETF;医药ETF;证券ETF;军工ETF,沪深300;创业板;黄金;国债ETF,消费ETF;医药ETF;证券ETF;军工ETF
2017-09-08,1959645.492410883,3469813.087599041,-1510167.5951881579,1.0,False,normal,-0.017466952934760124,8,沪深300;创业板;黄金;国债ETF;消费ETF;医药ETF;证券ETF;军工ETF,沪深300;创业板;黄金;国债ETF,消费ETF;医药ETF;证券ETF;军工ETF
2017-09-11,1966494.1386297785,3588797.484684132,-1622303.3460543535,1.0,False,normal,-0.014033157759161962,8,沪深300;创业板;黄金;国债ETF;消费ETF;医药ETF;证券ETF;军工ETF,沪深300;创业板;黄金;国债ETF,消费ETF;医药ETF;证券ETF;军工ETF
2017-09-12,1965942.1471681066,3086882.881248837,-1120940.7340807302,1.0,False,normal,-0.014309916925496298,7,沪深300;创业板;黄金;国债ETF;消费ETF;证券ETF;军工ETF,沪深300;创业板;黄金;国债ETF,消费ETF;证券ETF;军工ETF
2017-09-13,1973064.4297356126,3817258.0352994096,-1844193.605563797,1.0,False,normal,-0.010738925121003117,8,沪深300;创业板;黄金;国债ETF;消费ETF;医药ETF;证券ETF;军工ETF,沪深300;创业板;黄金;国债ETF,消费ETF;医药ETF;证券ETF;军工ETF
2017-09-14,1961596.2456794186,3870763.534272209,-1909167.2885927903,1.0,False,normal,-0.01648887829808254,8,沪深300;创业板;黄金;国债ETF;消费ETF;医药ETF;证券ETF;军工ETF,沪深300;创业板;黄金;国债ETF,消费ETF;医药ETF;证券ETF;军工ETF
2017-09-15,1983094.4354870103,3969885.987611478,-1986791.552124468,1.0,False,normal,-0.005710050178485515,8,沪深300;创业板;黄金;国债ETF;消费ETF;医药ETF;证券ETF;军工ETF,沪深300;创业板;黄金;国债ETF,消费ETF;医药ETF;证券ETF;军工ETF
2017-09-18,2025372.3464604921,3920559.3076591305,-1895186.9611986384,1.0,False,normal,0.0,8,沪深300;创业板;黄金;国债ETF;消费ETF;医药ETF;证券ETF;军工ETF,沪深300;创业板;黄金;国债ETF,消费ETF;医药ETF;证券ETF;军工ETF
2017-09-19,1997052.7725324237,3782087.0883953054,-1785034.3158628817,1.0,False,normal,-0.013982403767662386,8,沪深300;创业板;黄金;国债ETF;消费ETF;医药ETF;证券ETF;军工ETF,沪深300;创业板;黄金;国债ETF,消费ETF;医药ETF;证券ETF;军工ETF
2017-09-20,2015449.8208369717,3899606.111402522,-1884156.29056555,1.0,False,normal,-0.004899111830405316,8,沪深300;创业板;黄金;国债ETF;消费ETF;医药ETF;证券ETF;军工ETF,沪深300;创业板;黄金;国债ETF,消费ETF;医药ETF;证券ETF;军工ETF
2017-09-21,1997227.628990687,3299341.772132251,-1302114.143141564,1.0,False,normal,-0.013896070773845809,6,沪深300;创业板;国债ETF;消费ETF;证券ETF;军工ETF,沪深300;创业板;国债ETF,消费ETF;证券ETF;军工ETF
2017-09-22,2016262.8052310254,3995704.4189282577,-1979441.6136972322,1.0,False,normal,-0.004497711862900844,7,沪深300;创业板;国债ETF;消费ETF;医药ETF;证券ETF;军工ETF,沪深300;创业板;国债ETF,消费ETF;医药ETF;证券ETF;军工ETF
2017-09-25,2019480.9680702926,4127292.63072369,-2107811.662653398,1.0,False,normal,-0.0029087878090639395,7,沪深300;创业板;国债ETF;消费ETF;医药ETF;证券ETF;军工ETF,沪深300;创业板;国债ETF,消费ETF;医药ETF;证券ETF;军工ETF
2017-09-26,2018915.7770883502,4250009.30822467,-2231093.5311363195,1.0,False,normal,-0.003187843155568586,8,沪深300;创业板;黄金;国债ETF;消费ETF;医药ETF;证券ETF;军工ETF,沪深300;创业板;黄金;国债ETF,消费ETF;医药ETF;证券ETF;军工ETF
2017-09-27,2025668.8295434387,4397336.71515993,-2371667.8856164915,1.0,False,normal,0.0,8,沪深300;创业板;黄金;国债ETF;消费ETF;医药ETF;证券ETF;军工ETF,沪深300;创业板;黄金;国债ETF,消费ETF;医药ETF;证券ETF;军工ETF
2017-09-28,2044166.4349233126,4539419.277345154,-2495252.842421842,1.0,False,normal,0.0,7,沪深300;创业板;国债ETF;消费ETF;医药ETF;证券ETF;军工ETF,沪深300;创业板;国债ETF,消费ETF;医药ETF;证券ETF;军工ETF
2017-09-29,2093599.280930019,4434883.881814548,-2341284.600884529,1.0,False,normal,0.0,8,沪深300;创业板;黄金;国债ETF;消费ETF;医药ETF;证券ETF;军工ETF,沪深300;创业板;黄金;国债ETF,消费ETF;医药ETF;证券ETF;军工ETF
2017-10-09,2110024.057657222,4597362.289091305,-2487338.231434083,1.0,False,normal,0.0,9,沪深300;创业板;纳指;黄金;国债ETF;消费ETF;医药ETF;证券ETF;军工ETF,沪深300;创业板;纳指;黄金;国债ETF,消费ETF;医药ETF;证券ETF;军工ETF
2017-10-10,2132007.9796912456,4758529.093486233,-2626521.113794987,1.0,False,normal,0.0,9,沪深300;创业板;纳指;黄金;国债ETF;消费ETF;医药ETF;证券ETF;军工ETF,沪深300;创业板;纳指;黄金;国债ETF,消费ETF;医药ETF;证券ETF;军工ETF
2017-10-11,2179776.4501497876,4761467.489035281,-2581691.0388854938,1.0,False,normal,0.0,8,沪深300;创业板;纳指;国债ETF;消费ETF;医药ETF;证券ETF;军工ETF,沪深300;创业板;纳指;国债ETF,消费ETF;医药ETF;证券ETF;军工ETF
2017-10-12,2211341.304475965,4912841.970336315,-2701500.6658603502,1.0,False,normal,0.0,7,沪深300;创业板;纳指;消费ETF;医药ETF;证券ETF;军工ETF,沪深300;创业板;纳指,消费ETF;医药ETF;证券ETF;军工ETF
2017-10-13,2216660.223735595,5064512.937869527,-2847852.7141339323,1.0,False,normal,0.0,7,沪深300;创业板;纳指;消费ETF;医药ETF;证券ETF;军工ETF,沪深300;创业板;纳指,消费ETF;医药ETF;证券ETF;军工ETF
2017-10-16,2175632.000979996,4224144.687882185,-2048512.6869021892,1.0,False,normal,-0.018509026469765887,7,沪深300;创业板;纳指;黄金;消费ETF;医药ETF;军工ETF,沪深300;创业板;纳指;黄金,消费ETF;医药ETF;军工ETF
2017-10-17,2153171.602837641,4117004.369917362,-1963832.7670797212,1.0,False,normal,-0.028641566361019027,7,沪深300;创业板;纳指;黄金;消费ETF;医药ETF;军工ETF,沪深300;创业板;纳指;黄金,消费ETF;医药ETF;军工ETF
2017-10-18,2184055.221378319,4233471.968119983,-2049416.7467416637,1.0,False,normal,-0.01470906637298207,6,沪深300;创业板;纳指;消费ETF;医药ETF;军工ETF,沪深300;创业板;纳指,消费ETF;医药ETF;军工ETF
2017-10-19,2207181.200127882,3145191.3372915993,-938010.1371637173,1.0,False,normal,-0.004276263680925704,5,沪深300;创业板;纳指;消费ETF;医药ETF,沪深300;创业板;纳指,消费ETF;医药ETF
2017-10-20,2193006.010151458,4463913.273936201,-2270907.263784743,1.0,False,normal,-0.010671104813833047,6,沪深300;创业板;纳指;消费ETF;医药ETF;军工ETF,沪深300;创业板;纳指,消费ETF;医药ETF;军工ETF
2017-10-23,2206186.5865253042,4631510.615218734,-2425324.02869343,1.0,False,normal,-0.0047249628509327115,6,沪深300;创业板;纳指;消费ETF;医药ETF;军工ETF,沪深300;创业板;纳指,消费ETF;医药ETF;军工ETF
2017-10-24,2195156.3413272863,3317689.322126271,-1122532.9807989849,1.0,False,normal,-0.009701027779561852,5,沪深300;创业板;纳指;消费ETF;医药ETF,沪深300;创业板;纳指,消费ETF;医药ETF
2017-10-25,2214550.2780552963,3446857.21854619,-1232306.9404908936,1.0,False,normal,-0.0009518579607762738,5,沪深300;创业板;纳指;消费ETF;医药ETF,沪深300;创业板;纳指,消费ETF;医药ETF
2017-10-26,2281923.6492802454,4495738.132188017,-2213814.482907771,1.0,False,normal,0.0,6,沪深300;创业板;纳指;消费ETF;医药ETF;军工ETF,沪深300;创业板;纳指,消费ETF;医药ETF;军工ETF
2017-10-27,2317276.1502466905,3324010.9165865253,-1006734.7663398348,1.0,False,normal,0.0,5,沪深300;创业板;纳指;消费ETF;医药ETF,沪深300;创业板;纳指,消费ETF;医药ETF
2017-10-30,2269314.6648398023,2926286.5326792183,-656971.867839416,1.0,False,normal,-0.020697354263013643,5,沪深300;创业板;纳指;消费ETF;医药ETF,沪深300;创业板;纳指,消费ETF;医药ETF
2017-10-31,2247995.689288278,2868835.4534652433,-620839.7641769652,1.0,False,normal,-0.029897369353685786,5,沪深300;创业板;纳指;消费ETF;医药ETF,沪深300;创业板;纳指,消费ETF;医药ETF
2017-11-01,2249012.8279131204,2950186.2353124605,-701173.4073993401,1.0,False,normal,-0.029458432188284072,5,沪深300;创业板;纳指;消费ETF;医药ETF,沪深300;创业板;纳指,消费ETF;医药ETF
2017-11-02,2224504.943477212,2881328.7489037993,-656823.8054265874,1.0,False,normal,-0.040034592665877285,4,沪深300;纳指;消费ETF;医药ETF,沪深300;纳指,消费ETF;医药ETF
2017-11-03,2244447.9500823105,2982685.63185399,-738237.6817716793,1.0,False,normal,-0.03142836478795457,4,沪深300;纳指;消费ETF;医药ETF,沪深300;纳指,消费ETF;医药ETF
2017-11-06,2368046.821906815,2368046.821906815,0.0,1.0,False,normal,0.0,4,沪深300;纳指;消费ETF;医药ETF,沪深300;纳指,消费ETF;医药ETF
2017-11-07,2377497.888383331,2377497.888383331,0.0,1.0,False,normal,0.0,4,沪深300;纳指;消费ETF;医药ETF,沪深300;纳指,消费ETF;医药ETF
2017-11-08,2399712.993617775,0.0,2399712.993617775,0.0,True,normal,0.0,0,,沪深300;纳指,消费ETF;医药ETF
2017-11-09,2399712.993617775,0.0,2399712.993617775,0.0,True,normal,0.0,0,,沪深300;纳指,消费ETF;医药ETF
2017-11-10,2399712.993617775,0.0,2399712.993617775,0.0,True,normal,0.0,0,,沪深300;纳指,消费ETF;医药ETF
2017-11-13,2399712.993617775,0.0,2399712.993617775,0.0,True,normal,0.0,0,,沪深300;创业板;纳指,消费ETF;医药ETF
2017-11-14,2399712.993617775,0.0,2399712.993617775,0.0,True,normal,0.0,0,,沪深300;纳指,消费ETF;医药ETF
2017-11-15,2399712.993617775,0.0,2399712.993617775,0.0,True,normal,0.0,0,,沪深300;纳指,消费ETF;医药ETF
2017-11-16,2399712.993617775,0.0,2399712.993617775,0.0,True,normal,0.0,0,,沪深300;纳指,消费ETF;医药ETF
2017-11-17,2399712.993617775,0.0,2399712.993617775,0.0,True,normal,0.0,0,,沪深300;纳指,消费ETF;医药ETF
2017-11-20,2399712.993617775,0.0,2399712.993617775,0.0,True,normal,0.0,0,,沪深300;纳指,消费ETF;医药ETF
2017-11-21,2399712.993617775,0.0,2399712.993617775,0.0,True,normal,0.0,0,,沪深300;纳指,消费ETF;医药ETF
2017-11-22,2399712.993617775,0.0,2399712.993617775,0.0,True,normal,0.0,0,,沪深300;纳指,消费ETF;医药ETF
2017-11-23,2399712.993617775,0.0,2399712.993617775,0.0,True,normal,0.0,0,,沪深300;纳指,消费ETF
2017-11-24,2399712.993617775,0.0,2399712.993617775,0.0,True,normal,0.0,0,,沪深300;纳指,消费ETF
2017-11-27,2399712.993617775,0.0,2399712.993617775,0.0,True,normal,0.0,0,,沪深300;纳指,
2017-11-28,2399712.993617775,0.0,2399712.993617775,0.0,True,normal,0.0,0,,沪深300;纳指,
2017-11-29,2399712.993617775,0.0,2399712.993617775,0.0,True,normal,0.0,0,,沪深300;纳指;黄金,
2017-11-30,2399712.993617775,0.0,2399712.993617775,0.0,True,normal,0.0,0,,沪深300;纳指,
2017-12-01,2399712.993617775,0.0,2399712.993617775,0.0,True,normal,0.0,0,,沪深300;纳指,
2017-12-04,2399712.993617775,0.0,2399712.993617775,0.0,True,normal,0.0,0,,沪深300;纳指,
2017-12-05,2399712.993617775,0.0,2399712.993617775,0.0,True,normal,0.0,0,,沪深300;纳指,
2017-12-06,2399712.993617775,0.0,2399712.993617775,0.0,True,normal,0.0,0,,沪深300;纳指,
2017-12-07,2399712.993617775,0.0,2399712.993617775,0.0,True,normal,0.0,0,,沪深300;纳指,
2017-12-08,2399712.993617775,0.0,2399712.993617775,0.0,True,normal,0.0,0,,沪深300;纳指,
2017-12-11,2399712.993617775,0.0,2399712.993617775,0.0,True,normal,0.0,0,,沪深300;纳指,消费ETF
2017-12-12,2399712.993617775,0.0,2399712.993617775,0.0,True,normal,0.0,0,,沪深300;纳指,消费ETF
2017-12-13,2399712.993617775,0.0,2399712.993617775,0.0,True,normal,0.0,0,,沪深300;纳指,消费ETF
2017-12-14,2399712.993617775,0.0,2399712.993617775,0.0,True,normal,0.0,0,,沪深300;纳指,消费ETF
2017-12-15,2399712.993617775,0.0,2399712.993617775,0.0,True,normal,0.0,0,,沪深300;纳指,消费ETF
2017-12-18,2399712.993617775,0.0,2399712.993617775,0.0,True,normal,0.0,0,,沪深300;纳指,消费ETF
2017-12-19,2399712.993617775,0.0,2399712.993617775,0.0,True,normal,0.0,0,,沪深300;纳指,消费ETF
2017-12-20,2399712.993617775,0.0,2399712.993617775,0.0,True,normal,0.0,0,,沪深300;纳指;国债ETF,消费ETF
2017-12-21,2399712.993617775,0.0,2399712.993617775,0.0,True,normal,0.0,0,,沪深300;纳指;国债ETF,消费ETF;医药ETF
2017-12-22,2399712.993617775,0.0,2399712.993617775,0.0,True,normal,0.0,0,,沪深300;纳指;国债ETF,消费ETF;医药ETF
2017-12-25,2399712.993617775,0.0,2399712.993617775,0.0,True,normal,0.0,0,,沪深300;纳指;国债ETF,消费ETF;医药ETF
2017-12-26,2399712.993617775,0.0,2399712.993617775,0.0,True,normal,0.0,0,,沪深300;纳指;国债ETF,消费ETF;医药ETF
2017-12-27,2399712.993617775,0.0,2399712.993617775,0.0,True,normal,0.0,0,,纳指;国债ETF,消费ETF
2017-12-28,2399712.993617775,0.0,2399712.993617775,0.0,True,normal,0.0,0,,沪深300;纳指;国债ETF,消费ETF
2017-12-29,2399712.993617775,0.0,2399712.993617775,0.0,True,normal,0.0,0,,纳指;黄金;国债ETF,消费ETF;医药ETF
2018-01-02,2399712.993617775,0.0,2399712.993617775,0.0,True,normal,0.0,0,,沪深300;纳指;黄金;国债ETF,消费ETF;医药ETF
2018-01-03,2399712.993617775,0.0,2399712.993617775,0.0,True,normal,0.0,0,,沪深300;纳指;黄金;国债ETF,消费ETF;医药ETF
2018-01-04,2399712.993617775,0.0,2399712.993617775,0.0,True,normal,0.0,0,,沪深300;纳指;国债ETF,消费ETF;医药ETF
2018-01-05,2399712.993617775,0.0,2399712.993617775,0.0,True,normal,0.0,0,,沪深300;纳指;国债ETF,消费ETF;医药ETF
2018-01-08,2399712.993617775,0.0,2399712.993617775,0.0,True,normal,0.0,0,,沪深300;纳指;黄金;国债ETF,消费ETF;医药ETF
2018-01-09,2399712.993617775,0.0,2399712.993617775,0.0,True,normal,0.0,0,,沪深300;纳指;黄金;国债ETF,消费ETF;医药ETF
2018-01-10,2399712.993617775,0.0,2399712.993617775,0.0,True,normal,0.0,0,,沪深300;纳指;黄金;国债ETF,消费ETF;医药ETF
2018-01-11,2399712.993617775,0.0,2399712.993617775,0.0,True,normal,0.0,0,,沪深300;纳指;黄金;国债ETF,消费ETF;医药ETF
2018-01-12,2399712.993617775,0.0,2399712.993617775,0.0,True,normal,0.0,0,,沪深300;纳指;黄金;国债ETF,消费ETF;医药ETF
2018-01-15,2399712.993617775,0.0,2399712.993617775,0.0,True,normal,0.0,0,,沪深300;纳指;黄金;国债ETF,消费ETF;医药ETF
2018-01-16,2399712.993617775,0.0,2399712.993617775,0.0,True,normal,0.0,0,,沪深300;纳指;黄金;国债ETF,消费ETF;医药ETF
2018-01-17,2399712.993617775,0.0,2399712.993617775,0.0,True,normal,0.0,0,,沪深300;纳指;黄金;国债ETF,消费ETF;医药ETF;证券ETF
2018-01-18,2399712.993617775,0.0,2399712.993617775,0.0,True,normal,0.0,0,,沪深300;纳指;黄金;国债ETF,消费ETF;医药ETF;证券ETF
2018-01-19,2399712.993617775,0.0,2399712.993617775,0.0,True,normal,0.0,0,,沪深300;纳指;黄金;国债ETF,消费ETF;医药ETF;证券ETF
2018-01-22,2399712.993617775,0.0,2399712.993617775,0.0,True,normal,0.0,0,,沪深300;创业板;纳指;黄金;国债ETF,消费ETF;医药ETF;证券ETF
2018-01-23,2399712.993617775,0.0,2399712.993617775,0.0,True,normal,0.0,0,,沪深300;纳指;黄金;国债ETF,消费ETF;医药ETF;证券ETF
2018-01-24,2399712.993617775,0.0,2399712.993617775,0.0,True,normal,0.0,0,,沪深300;创业板;纳指;黄金;国债ETF,消费ETF;医药ETF;证券ETF
2018-01-25,2399712.993617775,0.0,2399712.993617775,0.0,True,normal,0.0,0,,沪深300;创业板;纳指;黄金;国债ETF,消费ETF;医药ETF;证券ETF
2018-01-26,2399712.993617775,0.0,2399712.993617775,0.0,True,normal,0.0,0,,沪深300;创业板;纳指;黄金;国债ETF,消费ETF;医药ETF;证券ETF
2018-01-29,2399712.993617775,0.0,2399712.993617775,0.0,True,normal,0.0,0,,沪深300;创业板;纳指;黄金;国债ETF,消费ETF;医药ETF;证券ETF
2018-01-30,2399712.993617775,0.0,2399712.993617775,0.0,True,normal,0.0,0,,沪深300;创业板;纳指;黄金;国债ETF,消费ETF;证券ETF
2018-01-31,2399712.993617775,0.0,2399712.993617775,0.0,True,normal,0.0,0,,沪深300;纳指;黄金;国债ETF,消费ETF;医药ETF;证券ETF
2018-02-01,2399712.993617775,0.0,2399712.993617775,0.0,True,normal,0.0,0,,沪深300;纳指;黄金;国债ETF,消费ETF;证券ETF
2018-02-02,2399712.993617775,0.0,2399712.993617775,0.0,True,normal,0.0,0,,沪深300;纳指;黄金;国债ETF,消费ETF;证券ETF
2018-02-05,2399712.993617775,0.0,2399712.993617775,0.0,True,normal,0.0,0,,沪深300;纳指;黄金;国债ETF,证券ETF
2018-02-06,2399712.993617775,0.0,2399712.993617775,0.0,True,normal,0.0,0,,沪深300;黄金;国债ETF,
2018-02-07,2399712.993617775,0.0,2399712.993617775,0.0,True,normal,0.0,0,,黄金;国债ETF,
2018-02-08,2399712.993617775,0.0,2399712.993617775,0.0,True,normal,0.0,0,,黄金;国债ETF,
2018-02-09,2399712.993617775,0.0,2399712.993617775,0.0,True,normal,0.0,0,,黄金;国债ETF,
2018-02-12,2399712.993617775,0.0,2399712.993617775,0.0,True,normal,0.0,0,,黄金;国债ETF,
2018-02-13,2399712.993617775,0.0,2399712.993617775,0.0,True,normal,0.0,0,,黄金;国债ETF,
2018-02-14,2399712.993617775,0.0,2399712.993617775,1.0,False,normal,0.0,2,黄金;国债ETF,黄金;国债ETF,
2018-02-22,2399903.447029967,0.0,2399903.447029967,1.0,False,normal,0.0,2,黄金;国债ETF,黄金;国债ETF,
2018-02-23,2400093.915557509,0.0,2400093.915557509,1.0,False,normal,0.0,2,黄金;国债ETF,黄金;国债ETF,
2018-02-26,2400284.399201601,0.0,2400284.399201601,0.8416350502280432,False,normal,0.0,4,沪深300;纳指;黄金;国债ETF,沪深300;纳指;黄金;国债ETF,
2018-02-27,2400474.8979634424,0.0,2400474.8979634424,1.0,False,normal,0.0,3,纳指;黄金;国债ETF,纳指;黄金;国债ETF,
2018-02-28,2400665.411844233,0.0,2400665.411844233,0.7454418556504079,False,normal,0.0,4,创业板;纳指;黄金;国债ETF,创业板;纳指;黄金;国债ETF,
2018-03-01,2400855.9408451733,0.0,2400855.9408451733,0.5599992378280958,False,normal,0.0,3,创业板;纳指;国债ETF,创业板;纳指;国债ETF,
2018-03-02,2401046.4849674627,0.0,2401046.4849674627,0.5647329018054399,False,normal,0.0,3,创业板;纳指;国债ETF,创业板;纳指;国债ETF,
2018-03-05,2401237.0442123017,1620070.237250021,781166.8069622808,0.578034367655767,False,normal,0.0,4,创业板;纳指;国债ETF;军工ETF,创业板;纳指;国债ETF,军工ETF
2018-03-06,2415439.3054940808,2072642.0053280722,342797.3001660085,0.5939607777349053,False,normal,0.0,5,创业板;纳指;国债ETF;医药ETF;军工ETF,创业板;纳指;国债ETF,医药ETF;军工ETF
2018-03-07,2393329.32994039,2072692.6836347915,320636.6463055983,0.7766787313858143,False,normal,-0.009153604275379755,4,纳指;国债ETF;医药ETF;军工ETF,纳指;国债ETF,医药ETF;军工ETF
2018-03-08,2426166.2206124603,2105637.461283429,320528.7593290312,0.7967241780140231,False,normal,0.0,4,纳指;国债ETF;医药ETF;军工ETF,纳指;国债ETF,医药ETF;军工ETF
2018-03-09,2467546.5793007305,2118838.791222706,348707.7880780245,0.6074479031676522,False,normal,0.0,5,创业板;纳指;国债ETF;医药ETF;军工ETF,创业板;纳指;国债ETF,医药ETF;军工ETF
2018-03-12,2481384.3479424207,2196552.816604451,284831.53133796994,0.6126935842043914,False,normal,0.0,6,创业板;纳指;国债ETF;医药ETF;有色ETF;军工ETF,创业板;纳指;国债ETF,医药ETF;有色ETF;军工ETF
2018-03-13,2465378.8777217753,2217758.111616647,247620.76610512845,0.6282919391071574,False,normal,-0.0064502180945556695,6,创业板;纳指;国债ETF;医药ETF;有色ETF;军工ETF,创业板;纳指;国债ETF,医药ETF;有色ETF;军工ETF
2018-03-14,2453055.2023742194,2255067.9490578836,197987.25331633585,0.6233672172563239,False,normal,-0.011416669727804167,6,创业板;纳指;国债ETF;医药ETF;有色ETF;军工ETF,创业板;纳指;国债ETF,医药ETF;有色ETF;军工ETF
2018-03-15,2460416.5905175237,2460416.5905175237,0.0,0.6425307456570052,False,normal,-0.008450024053018486,6,创业板;纳指;国债ETF;医药ETF;有色ETF;军工ETF,创业板;纳指;国债ETF,医药ETF;有色ETF;军工ETF
2018-03-16,2440637.325719681,2440637.325719681,0.0,0.6547504463929918,False,normal,-0.016421084567784645,6,创业板;纳指;国债ETF;医药ETF;有色ETF;军工ETF,创业板;纳指;国债ETF,医药ETF;有色ETF;军工ETF
2018-03-19,2466383.392405984,2466383.392405984,0.0,0.6743290605673646,False,normal,-0.006045397823547827,6,创业板;纳指;国债ETF;医药ETF;有色ETF;军工ETF,创业板;纳指;国债ETF,医药ETF;有色ETF;军工ETF
2018-03-20,2483163.131925093,2483163.131925093,0.0,0.7472572944667192,False,normal,0.0,4,创业板;国债ETF;医药ETF;军工ETF,创业板;国债ETF,医药ETF;军工ETF
2018-03-21,2490846.1861699102,2490846.1861699102,0.0,0.7206080521850873,False,normal,0.0,4,创业板;国债ETF;医药ETF;军工ETF,创业板;国债ETF,医药ETF;军工ETF
2018-03-22,2468222.758023902,2468222.758023902,0.0,0.7398850799304683,False,normal,-0.009082627531006112,4,创业板;国债ETF;医药ETF;军工ETF,创业板;国债ETF,医药ETF;军工ETF
2018-03-23,2386694.0648790933,1898735.4252791603,487958.63959993306,1.0,False,normal,-0.04181395136685181,2,国债ETF;医药ETF,国债ETF,医药ETF
2018-03-26,2441195.956372371,1772675.0396285262,668520.9167438447,0.5750118080419357,False,normal,-0.019933077390814236,4,创业板;国债ETF;医药ETF;军工ETF,创业板;国债ETF,医药ETF;军工ETF
2018-03-27,2482586.421246976,1786526.7400833718,696059.6811636044,0.5491896317046021,False,normal,-0.003316047762722306,4,创业板;国债ETF;医药ETF;军工ETF,创业板;国债ETF,医药ETF;军工ETF
2018-03-28,2459098.895750505,1774943.2619188235,684155.6338316815,0.5646431885036025,False,normal,-0.012745584450648901,4,创业板;国债ETF;医药ETF;军工ETF,创业板;国债ETF,医药ETF;军工ETF
2018-03-29,2434769.0139737986,1764960.6149074985,669808.3990663001,0.5823672842274928,False,normal,-0.022513301908191934,4,创业板;国债ETF;医药ETF;军工ETF,创业板;国债ETF,医药ETF;军工ETF
2018-03-30,2489101.316694708,1727212.6928024276,761888.6238922805,0.5701337521502009,False,normal,-0.0007005127353468566,4,创业板;国债ETF;医药ETF;军工ETF,创业板;国债ETF,医药ETF;军工ETF
2018-04-02,2501247.9432449355,1788331.5100258193,712916.4332191162,0.5869120464180216,False,normal,0.0,4,创业板;国债ETF;医药ETF;军工ETF,创业板;国债ETF,医药ETF;军工ETF
2018-04-03,2482198.3795054783,1794556.2544149826,687642.1250904957,0.5955834944782351,False,normal,-0.007616023749626222,4,创业板;国债ETF;医药ETF;军工ETF,创业板;国债ETF,医药ETF;军工ETF
2018-04-04,2486605.9359064247,1854193.9717041953,632411.9642022294,0.5976407405698878,False,normal,-0.005853880810998433,4,创业板;国债ETF;医药ETF;军工ETF,创业板;国债ETF,医药ETF;军工ETF
2018-04-09,2508581.055409709,1913851.7301438812,594729.3252658278,0.6160307307669358,False,normal,0.0,4,创业板;国债ETF;医药ETF;军工ETF,创业板;国债ETF,医药ETF;军工ETF
2018-04-10,2496238.3069326244,2146159.8653451893,350078.4415874351,1.0,False,normal,-0.00492021114903489,6,创业板;黄金;国债ETF;医药ETF;证券ETF;军工ETF,创业板;黄金;国债ETF,医药ETF;证券ETF;军工ETF
2018-04-11,2489785.1079504145,2236645.305874524,253139.80207589036,0.5964448113673292,False,normal,-0.0074926610080074335,7,创业板;纳指;国债ETF;医药ETF;证券ETF;有色ETF;军工ETF,创业板;纳指;国债ETF,医药ETF;证券ETF;有色ETF;军工ETF
2018-04-12,2476197.588139607,2040226.47690721,435971.11123239715,0.8516879411576573,False,normal,-0.012909077504299706,6,创业板;纳指;黄金;国债ETF;医药ETF;军工ETF,创业板;纳指;黄金;国债ETF,医药ETF;军工ETF
2018-04-13,2460068.526211944,2062871.5157006388,397197.0105113052,1.0,False,normal,-0.01933863332546049,6,创业板;纳指;黄金;国债ETF;医药ETF;军工ETF,创业板;纳指;黄金;国债ETF,医药ETF;军工ETF
2018-04-16,2469689.956460578,2133418.818605397,336271.137855181,1.0,False,normal,-0.0155032259632445,6,创业板;纳指;黄金;国债ETF;医药ETF;军工ETF,创业板;纳指;黄金;国债ETF,医药ETF;军工ETF
2018-04-17,2431467.952429347,2054842.078405015,376625.87402433227,1.0,False,normal,-0.030739729463422676,6,创业板;纳指;黄金;国债ETF;医药ETF;军工ETF,创业板;纳指;黄金;国债ETF,医药ETF;军工ETF
2018-04-18,2453892.2091337764,2110376.467657772,343515.7414760045,1.0,False,normal,-0.02180070927267713,6,创业板;纳指;黄金;国债ETF;医药ETF;军工ETF,创业板;纳指;黄金;国债ETF,医药ETF;军工ETF
2018-04-19,2494391.7848353866,2120876.145373421,373515.63946196577,1.0,False,normal,-0.0056562934427506475,6,创业板;纳指;黄金;国债ETF;医药ETF;军工ETF,创业板;纳指;黄金;国债ETF,医药ETF;军工ETF
2018-04-20,2486694.3548330907,2170382.951672429,316311.40316066146,1.0,False,normal,-0.008724733262822042,6,创业板;纳指;黄金;国债ETF;医药ETF;军工ETF,创业板;纳指;黄金;国债ETF,医药ETF;军工ETF
2018-04-23,2435875.2511132886,2008850.5265303017,427024.7245829869,0.6711800003387861,False,normal,-0.028982840374893085,4,创业板;国债ETF;医药ETF;军工ETF,创业板;国债ETF,医药ETF;军工ETF
2018-04-24,2470968.601774895,2028549.8518672506,442418.74990764447,0.6330332462733059,False,normal,-0.014993517372581335,4,创业板;国债ETF;医药ETF;军工ETF,创业板;国债ETF,医药ETF;军工ETF
2018-04-25,2493101.269715409,2087611.5574521527,405489.7122632561,0.6509902963486949,False,normal,-0.006170733714550831,4,创业板;国债ETF;医药ETF;军工ETF,创业板;国债ETF,医药ETF;军工ETF
2018-04-26,2462529.309895402,2052157.312572055,410371.9973233468,1.0,False,normal,-0.018357686874417484,5,创业板;黄金;国债ETF;医药ETF;军工ETF,创业板;黄金;国债ETF,医药ETF;军工ETF
2018-04-27,2465218.4492766373,2118932.0399748976,346286.40930173965,1.0,False,normal,-0.017285710597056865,5,创业板;黄金;国债ETF;医药ETF;军工ETF,创业板;黄金;国债ETF,医药ETF;军工ETF
2018-05-02,2464575.147918813,2215374.2811890836,249200.86672972934,0.6748130925526429,False,normal,-0.017542150928708533,3,创业板;国债ETF;医药ETF,创业板;国债ETF,医药ETF
2018-05-03,2453892.634551905,2453892.634551905,0.0,0.6816146962840776,False,normal,-0.021800539687513512,5,创业板;国债ETF;医药ETF;证券ETF;军工ETF,创业板;国债ETF,医药ETF;证券ETF;军工ETF
2018-05-04,2454691.4616229916,2454691.4616229916,0.0,0.6964226267459847,False,normal,-0.021482101872094376,5,创业板;国债ETF;医药ETF;证券ETF;军工ETF,创业板;国债ETF,医药ETF;证券ETF;军工ETF
2018-05-07,2494202.4929768885,2494202.4929768885,0.0,0.6912371837535309,False,normal,-0.005731751183328654,6,创业板;国债ETF;消费ETF;医药ETF;证券ETF;军工ETF,创业板;国债ETF,消费ETF;医药ETF;证券ETF;军工ETF
2018-05-08,2507502.896221161,2507502.896221161,0.0,0.7129474424815354,False,normal,-0.0004297884599834127,6,创业板;国债ETF;消费ETF;医药ETF;证券ETF;军工ETF,创业板;国债ETF,消费ETF;医药ETF;证券ETF;军工ETF
2018-05-09,2495025.758393462,2718474.7352112243,-223448.97681776248,1.0,False,normal,-0.005403571468027882,5,国债ETF;消费ETF;医药ETF;证券ETF;军工ETF,国债ETF,消费ETF;医药ETF;证券ETF;军工ETF
2018-05-10,2524299.086092306,2524299.086092306,0.0,1.0,False,normal,0.0,4,国债ETF;消费ETF;医药ETF;证券ETF,国债ETF,消费ETF;医药ETF;证券ETF
2018-05-11,2485517.618710688,2485517.618710688,0.0,1.0,False,normal,-0.015363261665499754,4,国债ETF;消费ETF;医药ETF;证券ETF,国债ETF,消费ETF;医药ETF;证券ETF
2018-05-14,2512917.1334037622,2512917.1334037622,0.0,1.0,False,normal,-0.004508955674568346,4,国债ETF;消费ETF;医药ETF;证券ETF,国债ETF,消费ETF;医药ETF;证券ETF
2018-05-15,2533490.8361634854,2852537.067672081,-319046.2315085954,0.7794622460583152,False,normal,0.0,6,创业板;国债ETF;消费ETF;医药ETF;证券ETF;有色ETF,创业板;国债ETF,消费ETF;医药ETF;证券ETF;有色ETF
2018-05-16,2524948.159517604,2524948.159517604,0.0,0.7988000641172118,False,normal,-0.003371899564009412,4,创业板;国债ETF;消费ETF;医药ETF,创业板;国债ETF,消费ETF;医药ETF
2018-05-17,2507465.8217886956,2507465.8217886956,0.0,1.0,False,normal,-0.010272393333066074,3,国债ETF;消费ETF;医药ETF,国债ETF,消费ETF;医药ETF
2018-05-18,2518322.927736424,2821329.3045106484,-303006.37677422445,1.0,False,normal,-0.005986960051543179,5,纳指;国债ETF;消费ETF;医药ETF;证券ETF,纳指;国债ETF,消费ETF;医药ETF;证券ETF
2018-05-21,2531434.1222809916,3129611.5833983403,-598177.4611173486,0.8519304849099,False,normal,-0.000811810271083636,7,创业板;纳指;国债ETF;消费ETF;医药ETF;证券ETF;有色ETF,创业板;纳指;国债ETF,消费ETF;医药ETF;证券ETF;有色ETF
2018-05-22,2541865.481475024,3239416.209568937,-697550.7280939128,1.0,False,normal,0.0,7,创业板;纳指;国债ETF;消费ETF;医药ETF;证券ETF;有色ETF,创业板;纳指;国债ETF,消费ETF;医药ETF;证券ETF;有色ETF
2018-05-23,2496560.330702326,2496560.330702326,0.0,1.0,False,normal,-0.01782358315295584,5,创业板;纳指;国债ETF;消费ETF;医药ETF,创业板;纳指;国债ETF,消费ETF;医药ETF
2018-05-24,2480791.4945797157,2480791.4945797157,0.0,1.0,False,normal,-0.02402723013488016,5,创业板;纳指;国债ETF;消费ETF;医药ETF,创业板;纳指;国债ETF,消费ETF;医药ETF
2018-05-25,2518683.5294589354,2518683.5294589354,0.0,1.0,False,normal,-0.009120054615414324,4,纳指;国债ETF;消费ETF;医药ETF,纳指;国债ETF,消费ETF;医药ETF
2018-05-28,2580026.113380043,2580026.113380043,0.0,1.0,False,normal,0.0,5,沪深300;纳指;国债ETF;消费ETF;医药ETF,沪深300;纳指;国债ETF,消费ETF;医药ETF
2018-05-29,2495749.435108082,2073474.5959699266,422274.83913815534,1.0,False,normal,-0.03266504855702862,4,纳指;国债ETF;消费ETF;医药ETF,纳指;国债ETF,消费ETF;医药ETF
2018-05-30,2502486.170050061,2144114.6618752894,358371.50817477144,1.0,False,normal,-0.030053937410888604,4,纳指;国债ETF;消费ETF;医药ETF,纳指;国债ETF,消费ETF;医药ETF
2018-05-31,2593957.110783299,1915382.097948418,678575.012834881,1.0,False,normal,0.0,4,纳指;国债ETF;消费ETF;医药ETF,纳指;国债ETF,消费ETF;医药ETF
2018-06-01,2551444.551459276,1810452.9036800456,740991.6477792305,1.0,False,normal,-0.016389075650979173,4,纳指;国债ETF;消费ETF;医药ETF,纳指;国债ETF,消费ETF;医药ETF
2018-06-04,2551318.8018800067,1865475.86871444,685842.9331655668,1.0,False,normal,-0.016437553545523644,4,纳指;国债ETF;消费ETF;医药ETF,纳指;国债ETF,消费ETF;医药ETF
2018-06-05,2585070.5737439683,1906792.2363216432,678278.337422325,1.0,False,normal,-0.0034258612073378584,4,纳指;国债ETF;消费ETF;医药ETF,纳指;国债ETF,消费ETF;医药ETF
2018-06-06,2593133.28018846,1972798.76141463,620334.5187738298,1.0,False,normal,-0.0003175960741271816,4,纳指;国债ETF;消费ETF;医药ETF,纳指;国债ETF,消费ETF;医药ETF
2018-06-07,2567204.8269948326,1953637.3905615015,613567.4364333311,1.0,False,normal,-0.010313309991616613,4,纳指;国债ETF;消费ETF;医药ETF,纳指;国债ETF,消费ETF;医药ETF
2018-06-08,2547780.355343178,1965127.686747228,582652.6685959499,1.0,False,normal,-0.01780166497285571,4,纳指;国债ETF;消费ETF;医药ETF,纳指;国债ETF,消费ETF;医药ETF
2018-06-11,2512412.019699374,1912969.0904300504,599442.9292693238,1.0,False,normal,-0.031436561053740986,4,纳指;国债ETF;消费ETF;医药ETF,纳指;国债ETF,消费ETF;医药ETF
2018-06-12,2563064.44708924,1884564.9039768165,678499.5431124235,0.7063778879466048,False,normal,-0.011909473585987831,4,沪深300;纳指;消费ETF;医药ETF,沪深300;纳指,消费ETF;医药ETF
2018-06-13,2536287.2115716636,1871467.6584393666,664819.553132297,1.0,False,normal,-0.022232402753267086,5,沪深300;纳指;国债ETF;消费ETF;医药ETF,沪深300;纳指;国债ETF,消费ETF;医药ETF
2018-06-14,2518551.562800827,1894091.119232844,624460.4435679829,0.7384745225948741,False,normal,-0.029069697285666274,4,沪深300;纳指;消费ETF;医药ETF,沪深300;纳指,消费ETF;医药ETF
2018-06-15,2499840.9052778124,1956586.7348670142,543254.1704107982,0.6494072042615358,False,normal,-0.03628286879310284,2,纳指;消费ETF,纳指,消费ETF
2018-06-19,2402662.319576758,0.0,2402662.319576758,1.0,False,normal,-0.07374632001867432,2,纳指;国债ETF,纳指;国债ETF,
2018-06-20,2402853.007062439,1480743.794721119,922109.2123413198,1.0,False,normal,-0.07367280782185032,3,纳指;国债ETF;消费ETF,纳指;国债ETF,消费ETF
2018-06-21,2396012.7006295533,1520765.7519811778,875246.9486483755,1.0,False,normal,-0.07630982383281282,3,纳指;国债ETF;消费ETF,纳指;国债ETF,消费ETF
2018-06-22,2400621.7639327417,1570120.134217017,830501.6297157246,1.0,False,normal,-0.07453297745242042,3,纳指;国债ETF;消费ETF,纳指;国债ETF,消费ETF
2018-06-25,2401355.244844773,1619882.9580958993,781472.2867488735,1.0,False,normal,-0.07425021220970227,3,纳指;国债ETF;消费ETF,纳指;国债ETF,消费ETF
2018-06-26,2382141.1411566236,0.0,2382141.1411566236,1.0,False,warning,-0.0816574679458417,2,纳指;国债ETF,纳指;国债ETF,
2018-06-27,2382330.1999773504,0.0,2382330.1999773504,1.0,False,warning,-0.08158458361790084,2,纳指;国债ETF,纳指;国债ETF,
2018-06-28,2382519.2738027456,0.0,2382519.2738027456,0.5969117767317058,False,warning,-0.08151169350548951,1,纳指,纳指,
2018-06-29,2382708.362634,0.0,2382708.362634,0.0,True,warning,-0.08143879760814864,0,,纳指;国债ETF,
2018-07-02,2382708.362634,0.0,2382708.362634,0.0,True,warning,-0.08143879760814864,0,,纳指;国债ETF,
2018-07-03,2382708.362634,0.0,2382708.362634,0.0,True,warning,-0.08143879760814864,0,,纳指;国债ETF,
2018-07-04,2382708.362634,0.0,2382708.362634,0.0,True,warning,-0.08143879760814864,0,,纳指;国债ETF,
2018-07-05,2382708.362634,0.0,2382708.362634,0.0,True,warning,-0.08143879760814864,0,,纳指;国债ETF,
2018-07-06,2382708.362634,0.0,2382708.362634,0.0,True,warning,-0.08143879760814864,0,,纳指;国债ETF,
2018-07-09,2382708.362634,0.0,2382708.362634,0.0,True,warning,-0.08143879760814864,0,,纳指;国债ETF,
2018-07-10,2382708.362634,0.0,2382708.362634,0.0,True,warning,-0.08143879760814864,0,,纳指;国债ETF,
2018-07-11,2382708.362634,0.0,2382708.362634,0.0,True,warning,-0.08143879760814864,0,,纳指;黄金;国债ETF,
2018-07-12,2382708.362634,0.0,2382708.362634,0.0,True,warning,-0.08143879760814864,0,,纳指;黄金;国债ETF,
2018-07-13,2382708.362634,0.0,2382708.362634,0.0,True,warning,-0.08143879760814864,0,,纳指;黄金;国债ETF,医药ETF
2018-07-16,2382708.362634,0.0,2382708.362634,0.0,True,warning,-0.08143879760814864,0,,纳指;黄金;国债ETF,医药ETF
2018-07-17,2382708.362634,0.0,2382708.362634,0.0,True,warning,-0.08143879760814864,0,,纳指;黄金;国债ETF,
2018-07-18,2382708.362634,0.0,2382708.362634,0.0,True,warning,-0.08143879760814864,0,,纳指;国债ETF,医药ETF
2018-07-19,2382708.362634,0.0,2382708.362634,0.0,True,warning,-0.08143879760814864,0,,纳指;国债ETF,
2018-07-20,2382708.362634,0.0,2382708.362634,0.0,True,warning,-0.08143879760814864,0,,纳指;国债ETF,
2018-07-23,2382708.362634,0.0,2382708.362634,0.0,True,warning,-0.08143879760814864,0,,纳指;黄金;国债ETF,军工ETF
2018-07-24,2382708.362634,0.0,2382708.362634,0.0,True,warning,-0.08143879760814864,0,,纳指;国债ETF,证券ETF;军工ETF
2018-07-25,2382708.362634,1434858.5206549333,947849.8419790666,1.0,False,warning,-0.08143879760814864,3,纳指;国债ETF;军工ETF,纳指;国债ETF,军工ETF
2018-07-26,2365426.4292878835,1449412.3135337064,916014.1157541771,1.0,False,warning,-0.08810117967848972,3,纳指;国债ETF;军工ETF,纳指;国债ETF,军工ETF
2018-07-27,2359583.1601942116,1488370.6083240134,871212.5518701982,1.0,False,warning,-0.09035382644330356,3,纳指;国债ETF;军工ETF,纳指;国债ETF,军工ETF
2018-07-30,2345419.251782141,1513568.6491076234,831850.6026745178,1.0,False,warning,-0.09581417440094323,4,纳指;黄金;国债ETF;军工ETF,纳指;黄金;国债ETF,军工ETF
2018-07-31,2339222.22898528,1554687.6852824204,784534.5437028594,1.0,False,warning,-0.09820319724603954,4,纳指;黄金;国债ETF;军工ETF,纳指;黄金;国债ETF,军工ETF
2018-08-01,2291911.7386784013,0.0,2291911.7386784013,1.0,False,warning,-0.11644192991829722,3,纳指;黄金;国债ETF,纳指;黄金;国债ETF,
2018-08-02,2292093.6364354393,0.0,2292093.6364354393,1.0,False,warning,-0.1163718062619415,2,纳指;国债ETF,纳指;国债ETF,
2018-08-03,2292275.5486288075,0.0,2292275.5486288075,1.0,False,warning,-0.11630167704021616,2,纳指;国债ETF,纳指;国债ETF,
2018-08-06,2292457.475259651,0.0,2292457.475259651,1.0,False,warning,-0.11623154225267972,2,纳指;国债ETF,纳指;国债ETF,
2018-08-07,2292639.416329116,0.0,2292639.416329116,1.0,False,warning,-0.11616140189889021,2,纳指;国债ETF,纳指;国债ETF,
2018-08-08,2292821.3718383485,0.0,2292821.3718383485,1.0,False,warning,-0.11609125597840604,2,纳指;国债ETF,纳指;国债ETF,
2018-08-09,2293003.3417884945,0.0,2293003.3417884945,1.0,False,warning,-0.11602110449078522,2,纳指;国债ETF,纳指;国债ETF,
2018-08-10,2293185.3261807,0.0,2293185.3261807,1.0,False,warning,-0.11595094743558597,2,纳指;国债ETF,纳指;国债ETF,
2018-08-13,2293367.3250161116,0.0,2293367.3250161116,1.0,False,warning,-0.1158807848123665,3,纳指;黄金;国债ETF,纳指;黄金;国债ETF,
2018-08-14,2293549.338295875,0.0,2293549.338295875,1.0,False,warning,-0.1158106166206848,2,纳指;国债ETF,纳指;国债ETF,
2018-08-15,2293731.3660211368,0.0,2293731.3660211368,1.0,False,warning,-0.11574044286009912,2,纳指;国债ETF,纳指;国债ETF,
2018-08-16,2293913.4081930434,0.0,2293913.4081930434,1.0,False,warning,-0.11567026353016728,2,纳指;国债ETF,纳指;国债ETF,
2018-08-17,2294095.4648127416,0.0,2294095.4648127416,0.4861282876057488,False,warning,-0.11560007863044734,1,纳指,纳指,
2018-08-20,2294277.5358813778,0.0,2294277.5358813778,1.0,False,warning,-0.1155298881604973,2,纳指;国债ETF,纳指;国债ETF,
2018-08-21,2294459.621400099,0.0,2294459.621400099,0.0,True,warning,-0.115459692119875,0,,纳指;国债ETF,
2018-08-22,2294459.621400099,0.0,2294459.621400099,0.0,True,warning,-0.115459692119875,0,,纳指;国债ETF,
2018-08-23,2294459.621400099,0.0,2294459.621400099,0.0,True,warning,-0.115459692119875,0,,纳指,
2018-08-24,2294459.621400099,0.0,2294459.621400099,0.0,True,warning,-0.115459692119875,0,,纳指;国债ETF,
2018-08-27,2294459.621400099,0.0,2294459.621400099,0.0,True,warning,-0.115459692119875,0,,沪深300;纳指;国债ETF,证券ETF
2018-08-28,2294459.621400099,0.0,2294459.621400099,0.0,True,warning,-0.115459692119875,0,,沪深300;纳指;国债ETF,证券ETF;军工ETF
2018-08-29,2294459.621400099,0.0,2294459.621400099,0.0,True,warning,-0.115459692119875,0,,沪深300;纳指;国债ETF,军工ETF
2018-08-30,2294459.621400099,0.0,2294459.621400099,0.0,True,warning,-0.115459692119875,0,,沪深300;纳指;国债ETF,
2018-08-31,2294459.621400099,0.0,2294459.621400099,0.0,True,warning,-0.115459692119875,0,,纳指;国债ETF,
2018-09-03,2294459.621400099,0.0,2294459.621400099,0.0,True,warning,-0.115459692119875,0,,纳指;国债ETF,军工ETF
2018-09-04,2294459.621400099,0.0,2294459.621400099,0.0,True,warning,-0.115459692119875,0,,纳指;国债ETF,军工ETF
2018-09-05,2294459.621400099,0.0,2294459.621400099,0.0,True,warning,-0.115459692119875,0,,纳指;国债ETF,军工ETF
2018-09-06,2294459.621400099,0.0,2294459.621400099,0.0,True,warning,-0.115459692119875,0,,纳指;国债ETF,军工ETF
2018-09-07,2294459.621400099,0.0,2294459.621400099,0.0,True,warning,-0.115459692119875,0,,纳指;国债ETF,军工ETF
2018-09-10,2294459.621400099,0.0,2294459.621400099,0.0,True,warning,-0.115459692119875,0,,纳指,军工ETF
2018-09-11,2294459.621400099,0.0,2294459.621400099,0.0,True,warning,-0.115459692119875,0,,纳指;黄金,军工ETF
2018-09-12,2294459.621400099,0.0,2294459.621400099,0.0,True,warning,-0.115459692119875,0,,纳指,军工ETF
2018-09-13,2294459.621400099,0.0,2294459.621400099,0.0,True,warning,-0.115459692119875,0,,纳指,军工ETF
2018-09-14,2294459.621400099,0.0,2294459.621400099,0.0,True,warning,-0.115459692119875,0,,纳指,军工ETF
2018-09-17,2294459.621400099,0.0,2294459.621400099,0.0,True,warning,-0.115459692119875,0,,纳指,军工ETF
2018-09-18,2294459.621400099,0.0,2294459.621400099,0.0,True,warning,-0.115459692119875,0,,纳指,军工ETF
2018-09-19,2294459.621400099,0.0,2294459.621400099,0.0,True,warning,-0.115459692119875,0,,纳指,军工ETF
2018-09-20,2294459.621400099,0.0,2294459.621400099,0.0,True,warning,-0.115459692119875,0,,纳指,军工ETF
2018-09-21,2294459.621400099,0.0,2294459.621400099,0.0,True,warning,-0.115459692119875,0,,纳指,消费ETF;证券ETF;军工ETF
2018-09-25,2294459.621400099,0.0,2294459.621400099,0.0,True,warning,-0.115459692119875,0,,纳指,消费ETF;证券ETF;军工ETF
2018-09-26,2294459.621400099,0.0,2294459.621400099,0.0,True,warning,-0.115459692119875,0,,纳指,消费ETF;证券ETF;军工ETF
2018-09-27,2294459.621400099,2294459.621400099,0.0,0.7610676862502321,False,warning,-0.115459692119875,5,沪深300;纳指;消费ETF;证券ETF;军工ETF,沪深300;纳指,消费ETF;证券ETF;军工ETF
2018-09-28,2309362.529334626,2309362.529334626,0.0,0.752018487006383,False,warning,-0.10971445143236527,7,沪深300;纳指;消费ETF;医药ETF;证券ETF;有色ETF;军工ETF,沪深300;纳指,消费ETF;医药ETF;证券ETF;有色ETF;军工ETF
2018-10-08,2224149.499786261,755745.7759113384,1468403.7238749226,0.5,False,halve,-0.14256504452587765,3,沪深300;国债ETF;消费ETF,沪深300;国债ETF,消费ETF
2018-10-09,2210109.418601742,748797.00675118,1461312.4118505619,0.5,False,halve,-0.14797765567744728,1,消费ETF,,消费ETF
2018-10-10,2199596.3633760205,0.0,2199596.3633760205,0.5,False,halve,-0.1520305581645462,0,,,
2018-10-11,2199596.3633760205,0.0,2199596.3633760205,0.5,False,halve,-0.1520305581645462,2,黄金;国债ETF,黄金;国债ETF,
2018-10-12,2199770.934515971,0.0,2199770.934515971,0.5,False,halve,-0.15196325900249563,2,黄金;国债ETF,黄金;国债ETF,
2018-10-15,2199945.5195107744,0.0,2199945.5195107744,0.5,False,halve,-0.15189595449924176,2,黄金;国债ETF,黄金;国债ETF,
2018-10-16,2200120.1183615294,0.0,2200120.1183615294,0.5,False,halve,-0.15182864465436066,2,黄金;国债ETF,黄金;国债ETF,
2018-10-17,2200294.731069336,0.0,2200294.731069336,0.5,False,halve,-0.15176132946742835,2,黄金;国债ETF,黄金;国债ETF,
2018-10-18,2200469.357635294,0.0,2200469.357635294,0.5,False,halve,-0.15169400893802099,2,黄金;国债ETF,黄金;国债ETF,
2018-10-19,2200643.9980605035,0.0,2200643.9980605035,0.5,False,halve,-0.1516266830657144,2,黄金;国债ETF,黄金;国债ETF,
2018-10-22,2200818.652346064,527764.2269237931,1673054.4254222708,0.5,False,halve,-0.15155935185008468,5,沪深300;黄金;国债ETF;消费ETF;证券ETF,沪深300;黄金;国债ETF,消费ETF;证券ETF
2018-10-23,2192376.2450313405,451170.94480932143,1741205.3002220192,0.5,False,halve,-0.15481399599189702,3,黄金;国债ETF;证券ETF,黄金;国债ETF,证券ETF
2018-10-24,2202739.2732043155,461226.65558080387,1741512.6176235117,0.5,False,halve,-0.15081893064178198,3,黄金;国债ETF;证券ETF,黄金;国债ETF,证券ETF
2018-10-25,2220764.3948020414,461098.79014131776,1759665.6046607236,0.5,False,halve,-0.14387004103879125,3,黄金;国债ETF;证券ETF,黄金;国债ETF,证券ETF
2018-10-26,2208608.0830653096,457916.55673142785,1750691.5263338818,0.5,False,halve,-0.1485564376203681,3,黄金;国债ETF;证券ETF,黄金;国债ETF,证券ETF
2018-10-29,2204356.0461562546,468936.75804668723,1735419.2881095675,0.5,False,halve,-0.15019564626085752,3,黄金;国债ETF;证券ETF,黄金;国债ETF,证券ETF
2018-10-30,2229140.5230819895,453414.9934637151,1775725.5296182744,0.5,False,halve,-0.14064094821951223,3,黄金;国债ETF;证券ETF,黄金;国债ETF,证券ETF
2018-10-31,2223919.121299587,462331.77497172845,1761587.3463278587,0.5,False,halve,-0.1426538580554908,3,黄金;国债ETF;证券ETF,黄金;国债ETF,证券ETF
2018-11-01,2228362.5500648846,477415.52684199286,1750947.0232228916,0.5,False,halve,-0.14094086567530623,3,黄金;国债ETF;证券ETF,黄金;国债ETF,证券ETF
2018-11-02,2240452.6274345024,488225.52888970164,1752227.0985448007,0.5,False,halve,-0.13628000319637074,3,黄金;国债ETF;证券ETF,黄金;国债ETF,证券ETF
2018-11-05,2240591.693077244,503002.896241373,1737588.796835871,0.5,False,halve,-0.13622639180774623,3,黄金;国债ETF;证券ETF,黄金;国债ETF,证券ETF
2018-11-06,2236203.863950408,513730.2418700239,1722473.6220803843,0.5,False,halve,-0.13791794989426787,3,黄金;国债ETF;证券ETF,黄金;国债ETF,证券ETF
2018-11-07,2228344.7667762456,619952.920629363,1608391.8461468825,0.5,False,halve,-0.14094772133555022,4,黄金;国债ETF;证券ETF;有色ETF,黄金;国债ETF,证券ETF;有色ETF
2018-11-08,2214871.0833534244,521209.3530077543,1693661.7303456701,0.5,False,halve,-0.14614197970119933,3,黄金;国债ETF;证券ETF,黄金;国债ETF,证券ETF
2018-11-09,2215706.0511567267,537781.5775988053,1677924.4735579214,0.5,False,halve,-0.14582009010640565,3,黄金;国债ETF;证券ETF,黄金;国债ETF,证券ETF
2018-11-12,2225945.1822977974,672559.1843403334,1553385.9979574638,0.5,False,halve,-0.14187278847273335,4,黄金;国债ETF;医药ETF;证券ETF,黄金;国债ETF,医药ETF;证券ETF
2018-11-13,2239042.9528208636,701750.7959906566,1537292.156830207,0.5,False,halve,-0.13682344880993877,6,沪深300;黄金;国债ETF;医药ETF;证券ETF;有色ETF,沪深300;黄金;国债ETF,医药ETF;证券ETF;有色ETF
2018-11-14,2231083.5662980415,688966.0865699738,1542117.4797280678,0.5,False,halve,-0.13989188293698515,4,黄金;国债ETF;医药ETF;证券ETF,黄金;国债ETF,医药ETF;证券ETF
2018-11-15,2242859.194890892,749506.0129876795,1493353.1819032128,0.5,False,halve,-0.1353522440416856,8,沪深300;创业板;黄金;国债ETF;医药ETF;证券ETF;有色ETF;军工ETF,沪深300;创业板;黄金;国债ETF,医药ETF;证券ETF;有色ETF;军工ETF
2018-11-16,2244098.6401947993,736693.303560531,1507405.3366342683,0.5,False,halve,-0.13487442376518427,7,沪深300;创业板;黄金;国债ETF;证券ETF;有色ETF;军工ETF,沪深300;创业板;黄金;国债ETF,证券ETF;有色ETF;军工ETF
2018-11-19,2252648.3875258565,795113.9797876087,1457534.407738248,0.5,False,halve,-0.13157839882494327,8,沪深300;创业板;黄金;国债ETF;医药ETF;证券ETF;有色ETF;军工ETF,沪深300;创业板;黄金;国债ETF,医药ETF;证券ETF;有色ETF;军工ETF
2018-11-20,2236801.5359587907,736519.8999987799,1500281.6359600108,0.5,False,halve,-0.1376875405301739,5,黄金;国债ETF;证券ETF;有色ETF;军工ETF,黄金;国债ETF,证券ETF;有色ETF;军工ETF
2018-11-21,2236683.8560969597,800627.3025009538,1436056.5535960058,0.5,False,halve,-0.1377329074567672,6,黄金;国债ETF;医药ETF;证券ETF;有色ETF;军工ETF,黄金;国债ETF,医药ETF;证券ETF;有色ETF;军工ETF
2018-11-22,2233928.292510387,801729.7451032076,1432198.5474071794,0.5,False,halve,-0.13879520859317285,5,黄金;国债ETF;医药ETF;证券ETF;军工ETF,黄金;国债ETF,医药ETF;证券ETF;军工ETF
2018-11-23,2209700.17340387,523697.90934941237,1686002.2640544574,0.5,False,halve,-0.14813542436073462,3,黄金;国债ETF;证券ETF,黄金;国债ETF,证券ETF
2018-11-26,2207777.577704162,539141.7613772217,1668635.8163269402,0.5,False,halve,-0.14887660689290355,3,黄金;国债ETF;证券ETF,黄金;国债ETF,证券ETF
2018-11-27,2210743.8685734896,556297.9226895646,1654445.945883925,0.5,False,halve,-0.14773306798973643,3,黄金;国债ETF;证券ETF,黄金;国债ETF,证券ETF
2018-11-28,2225418.9103481937,712685.7370902948,1512733.173257899,0.5,False,halve,-0.14207567230123458,4,黄金;国债ETF;证券ETF;军工ETF,黄金;国债ETF,证券ETF;军工ETF
2018-11-29,2208345.563337137,541467.7283266069,1666877.83501053,0.5,False,halve,-0.14865764196452677,3,黄金;国债ETF;证券ETF,黄金;国债ETF,证券ETF
2018-11-30,2215611.8173938454,815368.1962242285,1400243.621169617,0.5,False,halve,-0.14585641829490556,5,黄金;国债ETF;医药ETF;证券ETF;军工ETF,黄金;国债ETF,医药ETF;证券ETF;军工ETF
2018-12-03,2241410.520541693,791126.56267087,1450283.957870823,0.5,False,halve,-0.13591072449734806,8,创业板;黄金;国债ETF;消费ETF;医药ETF;证券ETF;有色ETF;军工ETF,创业板;黄金;国债ETF,消费ETF;医药ETF;证券ETF;有色ETF;军工ETF
2018-12-04,2244047.574686315,816747.8388637375,1427299.7358225775,0.5,False,halve,-0.13489411010011712,8,创业板;黄金;国债ETF;消费ETF;医药ETF;证券ETF;有色ETF;军工ETF,创业板;黄金;国债ETF,消费ETF;医药ETF;证券ETF;有色ETF;军工ETF
2018-12-05,2243125.295499087,841327.5724227219,1401797.723076365,0.5,False,halve,-0.1352496592275079,9,沪深300;创业板;黄金;国债ETF;消费ETF;医药ETF;证券ETF;有色ETF;军工ETF,沪深300;创业板;黄金;国债ETF,消费ETF;医药ETF;证券ETF;有色ETF;军工ETF
2018-12-06,2224649.597451683,812465.3382915866,1412184.2591600965,0.5,False,halve,-0.1423722511819387,9,沪深300;创业板;黄金;国债ETF;消费ETF;医药ETF;证券ETF;有色ETF;军工ETF,沪深300;创业板;黄金;国债ETF,消费ETF;医药ETF;证券ETF;有色ETF;军工ETF
2018-12-07,2216418.671791178,830333.0966309952,1386085.575160183,0.5,False,halve,-0.14554536673820148,8,沪深300;创业板;黄金;国债ETF;消费ETF;证券ETF;有色ETF;军工ETF,沪深300;创业板;黄金;国债ETF,消费ETF;证券ETF;有色ETF;军工ETF
2018-12-10,2206461.833673177,724196.2686443352,1482265.5650288416,0.5,False,halve,-0.14938384119740128,6,沪深300;创业板;黄金;国债ETF;消费ETF;证券ETF,沪深300;创业板;黄金;国债ETF,消费ETF;证券ETF
2018-12-11,2211053.3253263384,819951.4632900216,1391101.8620363167,0.5,False,halve,-0.14761376888815822,7,沪深300;创业板;黄金;国债ETF;消费ETF;证券ETF;有色ETF,沪深300;创业板;黄金;国债ETF,消费ETF;证券ETF;有色ETF
2018-12-12,2214396.2253832305,845624.7797975391,1368771.4455856914,0.5,False,halve,-0.1463250428552584,7,沪深300;创业板;黄金;国债ETF;消费ETF;证券ETF;有色ETF,沪深300;创业板;黄金;国债ETF,消费ETF;证券ETF;有色ETF
2018-12-13,2224216.687628663,906123.388533524,1318093.2990951391,0.5,False,halve,-0.1425391428476568,8,沪深300;创业板;黄金;国债ETF;消费ETF;证券ETF;有色ETF;军工ETF,沪深300;创业板;黄金;国债ETF,消费ETF;证券ETF;有色ETF;军工ETF
2018-12-14,2204168.399879867,757979.15023313,1446189.2496467372,0.5,False,halve,-0.15026798603687283,3,黄金;国债ETF;消费ETF,黄金;国债ETF,消费ETF
2018-12-17,2195361.003821495,767853.8921214264,1427507.1117000687,0.5,False,halve,-0.15366333749498257,4,创业板;黄金;国债ETF;消费ETF,创业板;黄金;国债ETF,消费ETF
2018-12-18,2190485.534254654,787134.2811536541,1403351.2531009996,0.5,False,halve,-0.15554288652321185,4,创业板;黄金;国债ETF;消费ETF,创业板;黄金;国债ETF,消费ETF
2018-12-19,2179873.011050036,794278.9871557502,1385594.023894286,0.5,False,halve,-0.15963413504867918,3,黄金;国债ETF;消费ETF,黄金;国债ETF,消费ETF
2018-12-20,2184371.260526703,817253.2425081371,1367118.018018566,0.5,False,halve,-0.15790000866009418,4,创业板;黄金;国债ETF;消费ETF,创业板;黄金;国债ETF,消费ETF
2018-12-21,2173702.7961214324,0.0,2173702.7961214324,0.5,False,halve,-0.16201282315533816,3,创业板;黄金;国债ETF,创业板;黄金;国债ETF,
2018-12-24,2173875.312216363,0.0,2173875.312216363,0.5,False,halve,-0.16194631623654088,3,创业板;黄金;国债ETF,创业板;黄金;国债ETF,
2018-12-25,2174047.842003047,0.0,2174047.842003047,0.5,False,halve,-0.1618798040394167,3,创业板;黄金;国债ETF,创业板;黄金;国债ETF,
2018-12-26,2174220.385482571,0.0,2174220.385482571,0.5,False,halve,-0.1618132865635468,2,黄金;国债ETF,黄金;国债ETF,
2018-12-27,2174392.942656022,0.0,2174392.942656022,0.5,False,halve,-0.1617467638085122,2,黄金;国债ETF,黄金;国债ETF,
2018-12-28,2174565.5135244867,0.0,2174565.5135244867,0.5,False,halve,-0.16168023577389384,2,黄金;国债ETF,黄金;国债ETF,
2019-01-02,2174738.0980890524,0.0,2174738.0980890524,0.5,False,halve,-0.16161370245927265,2,黄金;国债ETF,黄金;国债ETF,
2019-01-03,2174910.6963508055,0.0,2174910.6963508055,0.5,False,halve,-0.16154716386422974,2,黄金;国债ETF,黄金;国债ETF,
2019-01-04,2175083.3083108333,542147.3310974716,1632935.9772133618,0.5,False,halve,-0.16148061998834595,3,黄金;国债ETF;证券ETF,黄金;国债ETF,证券ETF
2019-01-07,2173138.3630454717,762821.6238300126,1410316.7392154592,0.5,False,halve,-0.16223041853253786,4,黄金;国债ETF;证券ETF;军工ETF,黄金;国债ETF,证券ETF;军工ETF
2019-01-08,2168054.4402778996,778151.7785564316,1389902.661721468,0.5,False,halve,-0.16419032864301647,4,黄金;国债ETF;证券ETF;军工ETF,黄金;国债ETF,证券ETF;军工ETF
2019-01-09,2167800.439698022,0.0,2167800.439698022,0.0,True,halve,-0.16428824875851178,0,,黄金;国债ETF,消费ETF;证券ETF;军工ETF
2019-01-10,2167800.439698022,0.0,2167800.439698022,0.0,True,halve,-0.16428824875851178,0,,黄金;国债ETF,消费ETF;证券ETF;军工ETF
2019-01-11,2167800.439698022,0.0,2167800.439698022,0.0,True,halve,-0.16428824875851178,0,,黄金;国债ETF,消费ETF;证券ETF;军工ETF
2019-01-14,2167800.439698022,0.0,2167800.439698022,0.0,True,halve,-0.16428824875851178,0,,黄金;国债ETF,消费ETF;证券ETF;军工ETF
2019-01-15,2167800.439698022,0.0,2167800.439698022,0.0,True,halve,-0.16428824875851178,0,,黄金;国债ETF,消费ETF;证券ETF;军工ETF
2019-01-16,2167800.439698022,0.0,2167800.439698022,0.0,True,halve,-0.16428824875851178,0,,黄金;国债ETF,消费ETF;证券ETF;军工ETF
2019-01-17,2167800.439698022,0.0,2167800.439698022,0.0,True,halve,-0.16428824875851178,0,,黄金;国债ETF,消费ETF;证券ETF;军工ETF
2019-01-18,2167800.439698022,0.0,2167800.439698022,0.0,True,halve,-0.16428824875851178,0,,纳指;黄金;国债ETF,消费ETF;证券ETF;有色ETF;军工ETF
2019-01-21,2167800.439698022,0.0,2167800.439698022,0.0,True,halve,-0.16428824875851178,0,,纳指;黄金;国债ETF,消费ETF;证券ETF;有色ETF;军工ETF
2019-01-22,2167800.439698022,0.0,2167800.439698022,0.0,True,halve,-0.16428824875851178,0,,黄金;国债ETF,消费ETF;证券ETF;军工ETF
2019-01-23,2167800.439698022,0.0,2167800.439698022,0.0,True,halve,-0.16428824875851178,0,,黄金;国债ETF,消费ETF;证券ETF;军工ETF
2019-01-24,2167800.439698022,0.0,2167800.439698022,0.0,True,halve,-0.16428824875851178,0,,黄金;国债ETF,消费ETF;证券ETF;军工ETF
2019-01-25,2167800.439698022,0.0,2167800.439698022,0.0,True,halve,-0.16428824875851178,0,,黄金;国债ETF,消费ETF;证券ETF;军工ETF
2019-01-28,2167800.439698022,0.0,2167800.439698022,0.0,True,halve,-0.16428824875851178,0,,黄金;国债ETF,消费ETF;证券ETF;军工ETF
2019-01-29,2167800.439698022,0.0,2167800.439698022,0.0,True,halve,-0.16428824875851178,0,,黄金;国债ETF,消费ETF;证券ETF
2019-01-30,2167800.439698022,0.0,2167800.439698022,0.0,True,halve,-0.16428824875851178,0,,黄金;国债ETF,消费ETF;证券ETF
2019-01-31,2167800.439698022,0.0,2167800.439698022,0.0,True,halve,-0.16428824875851178,0,,黄金;国债ETF,消费ETF;证券ETF
2019-02-01,2167800.439698022,0.0,2167800.439698022,0.0,True,halve,-0.16428824875851178,0,,沪深300;纳指;黄金;国债ETF,消费ETF;医药ETF;证券ETF;军工ETF
2019-02-11,2167800.439698022,0.0,2167800.439698022,0.0,True,halve,-0.16428824875851178,0,,沪深300;黄金;国债ETF,消费ETF;医药ETF;证券ETF;有色ETF;军工ETF
2019-02-12,2167800.439698022,0.0,2167800.439698022,0.0,True,halve,-0.16428824875851178,0,,沪深300;创业板;纳指;黄金;国债ETF,消费ETF;医药ETF;证券ETF;有色ETF;军工ETF
2019-02-13,2167800.439698022,0.0,2167800.439698022,0.0,True,halve,-0.16428824875851178,0,,沪深300;创业板;纳指;黄金;国债ETF,消费ETF;医药ETF;证券ETF;有色ETF;军工ETF
2019-02-14,2167800.439698022,0.0,2167800.439698022,0.0,True,halve,-0.16428824875851178,0,,沪深300;创业板;纳指;黄金;国债ETF,消费ETF;医药ETF;证券ETF;有色ETF;军工ETF
2019-02-15,2167800.439698022,0.0,2167800.439698022,0.0,True,halve,-0.16428824875851178,0,,沪深300;创业板;纳指;黄金;国债ETF,消费ETF;医药ETF;证券ETF;有色ETF;军工ETF
2019-02-18,2167800.439698022,0.0,2167800.439698022,0.0,True,halve,-0.16428824875851178,0,,沪深300;创业板;纳指;黄金;国债ETF,消费ETF;医药ETF;证券ETF;有色ETF;军工ETF
2019-02-19,2167800.439698022,0.0,2167800.439698022,0.0,True,halve,-0.16428824875851178,0,,沪深300;创业板;纳指;黄金;国债ETF,消费ETF;医药ETF;证券ETF;有色ETF;军工ETF
2019-02-20,2167800.439698022,0.0,2167800.439698022,0.0,True,halve,-0.16428824875851178,0,,沪深300;创业板;纳指;黄金;国债ETF,消费ETF;医药ETF;证券ETF;有色ETF;军工ETF
2019-02-21,2167800.439698022,0.0,2167800.439698022,0.0,True,halve,-0.16428824875851178,0,,沪深300;创业板;纳指;黄金;国债ETF,消费ETF;医药ETF;证券ETF;有色ETF;军工ETF
2019-02-22,2167800.439698022,0.0,2167800.439698022,0.0,True,halve,-0.16428824875851178,0,,沪深300;创业板;纳指;黄金;国债ETF,消费ETF;医药ETF;证券ETF;有色ETF;军工ETF
2019-02-25,2167800.439698022,0.0,2167800.439698022,0.0,True,halve,-0.16428824875851178,0,,沪深300;创业板;纳指;黄金;国债ETF,消费ETF;医药ETF;证券ETF;有色ETF;军工ETF
2019-02-26,2167800.439698022,0.0,2167800.439698022,0.0,True,halve,-0.16428824875851178,0,,沪深300;创业板;纳指;黄金;国债ETF,消费ETF;医药ETF;证券ETF;有色ETF;军工ETF
2019-02-27,2167800.439698022,670086.9193382513,1497713.5203597704,0.5,False,halve,-0.16428824875851178,10,沪深300;创业板;纳指;黄金;国债ETF;消费ETF;医药ETF;证券ETF;有色ETF;军工ETF,沪深300;创业板;纳指;黄金;国债ETF,消费ETF;医药ETF;证券ETF;有色ETF;军工ETF
2019-02-28,2165071.46873293,683373.3847813042,1481698.0839516255,0.5,False,halve,-0.16534029813656337,10,沪深300;创业板;纳指;黄金;国债ETF;消费ETF;医药ETF;证券ETF;有色ETF;军工ETF,沪深300;创业板;纳指;黄金;国债ETF,消费ETF;医药ETF;证券ETF;有色ETF;军工ETF
2019-03-01,2176675.645678421,703502.545621489,1473173.100056932,0.5,False,halve,-0.1608667558034031,10,沪深300;创业板;纳指;黄金;国债ETF;消费ETF;医药ETF;证券ETF;有色ETF;军工ETF,沪深300;创业板;纳指;黄金;国债ETF,消费ETF;医药ETF;证券ETF;有色ETF;军工ETF
2019-03-04,2185514.5597866215,727131.4261963796,1458383.133590242,0.4482681504373959,False,halve,-0.15745925377823222,8,沪深300;创业板;纳指;消费ETF;医药ETF;证券ETF;有色ETF;军工ETF,沪深300;创业板;纳指,消费ETF;医药ETF;证券ETF;有色ETF;军工ETF
2019-03-05,2190514.892514795,751635.2411551639,1438879.6513596312,0.5,False,halve,-0.1555315685796656,9,沪深300;创业板;纳指;国债ETF;消费ETF;医药ETF;证券ETF;有色ETF;军工ETF,沪深300;创业板;纳指;国债ETF,消费ETF;医药ETF;证券ETF;有色ETF;军工ETF
2019-03-06,2204760.3177450094,772316.1417415551,1432444.1760034543,0.47323472271165923,False,halve,-0.15003979496051248,8,沪深300;创业板;纳指;消费ETF;医药ETF;证券ETF;有色ETF;军工ETF,沪深300;创业板;纳指,消费ETF;医药ETF;证券ETF;有色ETF;军工ETF
2019-03-07,2207865.1367515004,796070.6135855154,1411794.523165985,0.46874451606102174,False,halve,-0.1488428518832411,8,沪深300;创业板;纳指;消费ETF;医药ETF;证券ETF;有色ETF;军工ETF,沪深300;创业板;纳指,消费ETF;医药ETF;证券ETF;有色ETF;军工ETF
2019-03-08,2171911.1084405016,640170.0685116581,1531741.0399288435,0.42728380291639356,False,halve,-0.1627035391558004,8,沪深300;创业板;纳指;消费ETF;医药ETF;证券ETF;有色ETF;军工ETF,沪深300;创业板;纳指,消费ETF;医药ETF;证券ETF;有色ETF;军工ETF
2019-03-11,2189849.2508550016,644157.1397712172,1545692.1110837844,0.42230285691881103,False,halve,-0.15578818101825462,8,沪深300;创业板;纳指;消费ETF;医药ETF;证券ETF;有色ETF;军工ETF,沪深300;创业板;纳指,消费ETF;医药ETF;证券ETF;有色ETF;军工ETF
2019-03-12,2197903.2134860917,665203.8379470471,1532699.3755390446,0.4279281748615336,False,halve,-0.1526832867246639,8,沪深300;创业板;纳指;消费ETF;医药ETF;证券ETF;有色ETF;军工ETF,沪深300;创业板;纳指,消费ETF;医药ETF;证券ETF;有色ETF;军工ETF
2019-03-13,2188754.4892887212,664282.6233633924,1524471.8659253288,0.4118335232549858,False,halve,-0.15621022406658774,8,沪深300;创业板;纳指;消费ETF;医药ETF;证券ETF;有色ETF;军工ETF,沪深300;创业板;纳指,消费ETF;医药ETF;证券ETF;有色ETF;军工ETF
2019-03-14,2179508.950174085,664938.3922335638,1514570.557940521,0.5,False,halve,-0.1597744846614148,9,沪深300;创业板;纳指;黄金;消费ETF;医药ETF;证券ETF;有色ETF;军工ETF,沪深300;创业板;纳指;黄金,消费ETF;医药ETF;证券ETF;有色ETF;军工ETF
2019-03-15,2186422.503999628,686178.4212798463,1500244.082719782,0.5,False,halve,-0.15710923094661627,9,沪深300;创业板;纳指;黄金;消费ETF;医药ETF;证券ETF;有色ETF;军工ETF,沪深300;创业板;纳指;黄金,消费ETF;医药ETF;证券ETF;有色ETF;军工ETF
2019-03-18,2213165.724350442,663087.2176638362,1550078.506686606,0.5,False,halve,-0.14679941501340743,9,沪深300;创业板;纳指;黄金;消费ETF;医药ETF;证券ETF;有色ETF;军工ETF,沪深300;创业板;纳指;黄金,消费ETF;医药ETF;证券ETF;有色ETF;军工ETF
2019-03-19,2209924.570239302,676870.5737932421,1533053.9964460596,0.5,False,halve,-0.14804891682577997,9,沪深300;创业板;纳指;黄金;消费ETF;医药ETF;证券ETF;有色ETF;军工ETF,沪深300;创业板;纳指;黄金,消费ETF;医药ETF;证券ETF;有色ETF;军工ETF
2019-03-20,2208664.912644103,694753.2454371366,1513911.6672069666,0.5,False,halve,-0.14853452917070353,9,沪深300;创业板;纳指;黄金;消费ETF;医药ETF;证券ETF;有色ETF;军工ETF,沪深300;创业板;纳指;黄金,消费ETF;医药ETF;证券ETF;有色ETF;军工ETF
2019-03-21,2211604.162364905,717461.1631748036,1494142.9991901012,0.5,False,halve,-0.1474014149381733,9,沪深300;创业板;纳指;黄金;消费ETF;医药ETF;证券ETF;有色ETF;军工ETF,沪深300;创业板;纳指;黄金,消费ETF;医药ETF;证券ETF;有色ETF;军工ETF
2019-03-22,2211516.5251446115,738229.9404233381,1473286.5847212733,0.5,False,halve,-0.14743520008439986,10,沪深300;创业板;纳指;黄金;国债ETF;消费ETF;医药ETF;证券ETF;有色ETF;军工ETF,沪深300;创业板;纳指;黄金;国债ETF,消费ETF;医药ETF;证券ETF;有色ETF;军工ETF
2019-03-25,2201452.316387726,735591.1418270143,1465861.1745607117,0.5,False,halve,-0.15131506714737009,10,沪深300;创业板;纳指;黄金;国债ETF;消费ETF;医药ETF;证券ETF;有色ETF;军工ETF,沪深300;创业板;纳指;黄金;国债ETF,消费ETF;医药ETF;证券ETF;有色ETF;军工ETF
2019-03-26,2185031.852618618,711906.4933525294,1473125.3592660886,0.5,False,halve,-0.15764534288741483,10,沪深300;创业板;纳指;黄金;国债ETF;消费ETF;医药ETF;证券ETF;有色ETF;军工ETF,沪深300;创业板;纳指;黄金;国债ETF,消费ETF;医药ETF;证券ETF;有色ETF;军工ETF
2019-03-27,2191116.471632272,734130.236885485,1456986.234746787,0.5,False,halve,-0.15529965298053094,10,沪深300;创业板;纳指;黄金;国债ETF;消费ETF;医药ETF;证券ETF;有色ETF;军工ETF,沪深300;创业板;纳指;黄金;国债ETF,消费ETF;医药ETF;证券ETF;有色ETF;军工ETF
2019-03-28,2190214.6433186755,755934.1967378919,1434280.4465807835,0.5,False,halve,-0.155647318063291,10,沪深300;创业板;纳指;黄金;国债ETF;消费ETF;医药ETF;证券ETF;有色ETF;军工ETF,沪深300;创业板;纳指;黄金;国债ETF,消费ETF;医药ETF;证券ETF;有色ETF;军工ETF
2019-03-29,2225127.40928265,687814.7190632594,1537312.6902193904,0.5,False,halve,-0.14218804928092021,9,沪深300;创业板;纳指;国债ETF;消费ETF;医药ETF;证券ETF;有色ETF;军工ETF,沪深300;创业板;纳指;国债ETF,消费ETF;医药ETF;证券ETF;有色ETF;军工ETF
2019-04-01,2248618.134151943,678129.2439267393,1570488.8902252037,0.5,False,halve,-0.13313210738749404,9,沪深300;创业板;纳指;国债ETF;消费ETF;医药ETF;证券ETF;有色ETF;军工ETF,沪深300;创业板;纳指;国债ETF,消费ETF;医药ETF;证券ETF;有色ETF;军工ETF
2019-04-02,2247585.217971378,695873.4464339593,1551711.7715374187,0.5,False,halve,-0.13353030833548624,9,沪深300;创业板;纳指;国债ETF;消费ETF;医药ETF;证券ETF;有色ETF;军工ETF,沪深300;创业板;纳指;国债ETF,消费ETF;医药ETF;证券ETF;有色ETF;军工ETF
2019-04-03,2257604.004044933,717635.718421204,1539968.2856237288,0.4272770654525935,False,halve,-0.12966795223410513,8,沪深300;创业板;纳指;消费ETF;医药ETF;证券ETF;有色ETF;军工ETF,沪深300;创业板;纳指,消费ETF;医药ETF;证券ETF;有色ETF;军工ETF
2019-04-04,2264976.377677289,741900.717822287,1523075.6598550018,0.44070095695679273,False,halve,-0.1268258182598353,8,沪深300;创业板;纳指;消费ETF;医药ETF;证券ETF;有色ETF;军工ETF,沪深300;创业板;纳指,消费ETF;医药ETF;证券ETF;有色ETF;军工ETF
2019-04-08,2263153.520345116,759115.6312345056,1504037.8891106104,0.4440767495517046,False,halve,-0.12752855051573692,8,沪深300;创业板;纳指;消费ETF;医药ETF;证券ETF;有色ETF;军工ETF,沪深300;创业板;纳指,消费ETF;医药ETF;证券ETF;有色ETF;军工ETF
2019-04-09,2258415.223658389,770920.1043364159,1487495.119321973,0.4579485816947889,False,halve,-0.12935521783688483,8,沪深300;创业板;纳指;消费ETF;医药ETF;证券ETF;有色ETF;军工ETF,沪深300;创业板;纳指,消费ETF;医药ETF;证券ETF;有色ETF;军工ETF
2019-04-10,2256570.183626174,790105.5186273791,1466464.664998795,0.46941427366266564,False,halve,-0.13006650177621634,8,沪深300;创业板;纳指;消费ETF;医药ETF;证券ETF;有色ETF;军工ETF,沪深300;创业板;纳指,消费ETF;医药ETF;证券ETF;有色ETF;军工ETF
2019-04-11,2237355.010893648,749224.3903799659,1488130.6205136823,0.4679132917281424,False,halve,-0.13747416964113474,8,沪深300;创业板;纳指;消费ETF;医药ETF;证券ETF;有色ETF;军工ETF,沪深300;创业板;纳指,消费ETF;医药ETF;证券ETF;有色ETF;军工ETF
2019-04-12,2235377.836899219,769817.9736509717,1465559.8632482474,0.48174756148965703,False,halve,-0.13823639272732596,8,沪深300;创业板;纳指;消费ETF;医药ETF;证券ETF;有色ETF;军工ETF,沪深300;创业板;纳指,消费ETF;医药ETF;证券ETF;有色ETF;军工ETF
2019-04-15,2228256.2502235854,781116.7587889591,1447139.4914346263,0.48962476143971617,False,halve,-0.14098184547441597,8,沪深300;创业板;纳指;消费ETF;医药ETF;证券ETF;有色ETF;军工ETF,沪深300;创业板;纳指,消费ETF;医药ETF;证券ETF;有色ETF;军工ETF
2019-04-16,2245340.1355824796,784671.447762884,1460668.6878195957,0.480808506136904,False,halve,-0.13439581315804686,8,沪深300;创业板;纳指;消费ETF;医药ETF;证券ETF;有色ETF;军工ETF,沪深300;创业板;纳指,消费ETF;医药ETF;证券ETF;有色ETF;军工ETF
2019-04-17,2245320.1463794583,808475.6173860071,1436844.528993451,0.49587211866993536,False,halve,-0.13440351922340096,8,沪深300;创业板;纳指;消费ETF;医药ETF;证券ETF;有色ETF;军工ETF,沪深300;创业板;纳指,消费ETF;医药ETF;证券ETF;有色ETF;军工ETF
2019-04-18,2241961.844772706,828317.9351323344,1413643.9096403713,0.5,False,halve,-0.13569818272912806,8,沪深300;创业板;纳指;消费ETF;医药ETF;证券ETF;有色ETF;军工ETF,沪深300;创业板;纳指,消费ETF;医药ETF;证券ETF;有色ETF;军工ETF
2019-04-19,2246290.7288086554,855427.9497645339,1390862.7790441215,0.5,False,halve,-0.13402934864626906,8,沪深300;创业板;纳指;消费ETF;医药ETF;证券ETF;有色ETF;军工ETF,沪深300;创业板;纳指,消费ETF;医药ETF;证券ETF;有色ETF;军工ETF
2019-04-22,2234072.9308188455,929351.4883914427,1304721.4424274028,0.5,False,halve,-0.13873944887846623,7,沪深300;创业板;纳指;消费ETF;医药ETF;有色ETF;军工ETF,沪深300;创业板;纳指,消费ETF;医药ETF;有色ETF;军工ETF
2019-04-23,2225225.700358636,887201.2180245391,1338024.4823340971,0.5,False,halve,-0.14215015695202327,5,沪深300;创业板;纳指;消费ETF;医药ETF,沪深300;创业板;纳指,消费ETF;医药ETF
2019-04-24,2227603.467708231,827381.9094991973,1400221.5582090337,0.5,False,halve,-0.1412335005664145,6,沪深300;创业板;纳指;消费ETF;医药ETF;证券ETF,沪深300;创业板;纳指,消费ETF;医药ETF;证券ETF
2019-04-25,2212391.8504847046,911617.7669705203,1300774.0835141842,0.5,False,halve,-0.147097752199678,5,沪深300;创业板;纳指;消费ETF;医药ETF,沪深300;创业板;纳指,消费ETF;医药ETF
2019-04-26,2202568.838327653,776471.8300651012,1426097.0082625516,0.5,False,halve,-0.15088463522724105,4,沪深300;创业板;纳指;消费ETF,沪深300;创业板;纳指,消费ETF
2019-04-29,2210686.884857371,925953.0094524169,1284733.875404954,0.5,False,halve,-0.14775503586109473,4,沪深300;纳指;消费ETF;医药ETF,沪深300;纳指,消费ETF;医药ETF
2019-04-30,2216760.408803827,955172.9858287269,1261587.4229751,0.5,False,halve,-0.14541362322893978,5,沪深300;纳指;黄金;消费ETF;医药ETF,沪深300;纳指;黄金,消费ETF;医药ETF
2019-05-06,2165859.568605791,653018.727521788,1512840.841084003,0.5,False,halve,-0.1650364766625749,3,纳指;黄金;消费ETF,纳指;黄金,消费ETF
2019-05-07,2180127.1334269117,658263.8061319182,1521863.3272949934,0.5,False,halve,-0.1595361679790545,3,纳指;黄金;消费ETF,纳指;黄金,消费ETF
2019-05-08,2169472.7646421962,660760.213614697,1508712.5510274991,0.5,False,halve,-0.16364354845208712,3,纳指;黄金;消费ETF,纳指;黄金,消费ETF
2019-05-09,2150349.4869225295,0.0,2150349.4869225295,0.5,False,halve,-0.17101578974326717,1,纳指,纳指,
2019-05-10,2150520.149580222,577500.0017726605,1573020.1478075616,0.5,False,halve,-0.17094999734562763,2,纳指;消费ETF,纳指,消费ETF
2019-05-13,2153653.9243526375,596089.5634680542,1557564.3608845833,0.5,False,halve,-0.1697418914909132,4,纳指;黄金;国债ETF;消费ETF,纳指;黄金;国债ETF,消费ETF
2019-05-14,2149363.6970806923,610588.0070464619,1538775.6900342302,0.5,False,halve,-0.17139582295111755,4,纳指;黄金;国债ETF;消费ETF,纳指;黄金;国债ETF,消费ETF
2019-05-15,2185469.7479516976,544538.3547412402,1640931.3932104574,0.5,False,halve,-0.15747652925080563,4,纳指;黄金;国债ETF;消费ETF,纳指;黄金;国债ETF,消费ETF
2019-05-16,2200177.2666041837,553211.3062460766,1646965.960358107,0.5,False,halve,-0.15180661335614962,4,纳指;黄金;国债ETF;消费ETF,纳指;黄金;国债ETF,消费ETF
2019-05-17,2189110.9054375608,549755.0104994044,1639355.8949381565,0.5,False,halve,-0.1560728215831936,4,纳指;黄金;国债ETF;消费ETF,纳指;黄金;国债ETF,消费ETF
2019-05-20,2174611.678034981,538666.0974259668,1635945.580609014,0.5,False,halve,-0.1616624388294871,4,纳指;黄金;国债ETF;消费ETF,纳指;黄金;国债ETF,消费ETF
2019-05-21,2174547.750202576,555371.1664060844,1619176.5837964918,0.5,False,halve,-0.16168708373673668,3,纳指;国债ETF;消费ETF,纳指;国债ETF,消费ETF
2019-05-22,2161486.4408856207,550870.122940207,1610616.3179454138,0.5,False,halve,-0.16672236718944242,3,纳指;黄金;消费ETF,纳指;黄金,消费ETF
2019-05-23,2145573.4494012306,0.0,2145573.4494012306,0.5,False,halve,-0.1728570065858451,1,纳指,纳指,
2019-05-24,2145743.733008326,0.0,2145743.733008326,0.5,False,halve,-0.17279136031652645,2,纳指;黄金,纳指;黄金,
2019-05-27,2145914.0301299933,0.0,2145914.0301299933,0.5,False,halve,-0.1727257088371865,2,纳指;黄金,纳指;黄金,
2019-05-28,2146084.3407673053,580274.0046085049,1565810.3361588004,0.5,False,halve,-0.17266005214741165,3,纳指;黄金;消费ETF,纳指;黄金,消费ETF
2019-05-29,2148558.7638776144,598856.2940779984,1549702.469799616,0.5,False,halve,-0.17170613386556238,3,纳指;黄金;消费ETF,纳指;黄金,消费ETF
2019-05-30,2149120.9613399664,617831.6241407292,1531289.3371992372,0.5,False,halve,-0.1714894003428627,3,黄金;国债ETF;消费ETF,黄金;国债ETF,消费ETF
2019-05-31,2145393.779300795,0.0,2145393.779300795,0.5,False,halve,-0.17292627145521733,2,黄金;国债ETF,黄金;国债ETF,
2019-06-03,2145564.048648359,0.0,2145564.048648359,0.5,False,halve,-0.1728606306831105,2,黄金;国债ETF,黄金;国债ETF,
2019-06-04,2145734.331509363,0.0,2145734.331509363,0.5,False,halve,-0.17279498470141857,2,黄金;国债ETF,黄金;国债ETF,
2019-06-05,2145904.6278848797,0.0,2145904.6278848797,0.5,False,halve,-0.17272933350972813,2,黄金;国债ETF,黄金;国债ETF,
2019-06-06,2146074.9377759816,0.0,2146074.9377759816,0.5,False,halve,-0.17266367710762576,2,黄金;国债ETF,黄金;国债ETF,
2019-06-10,2146245.2611837415,0.0,2146245.2611837415,0.5,False,halve,-0.17259801549469783,3,纳指;黄金;国债ETF,纳指;黄金;国债ETF,
2019-06-11,2146415.5981092323,677206.5867897251,1469209.0113195071,0.5,False,halve,-0.17253234867053074,5,纳指;黄金;国债ETF;消费ETF;有色ETF,纳指;黄金;国债ETF,消费ETF;有色ETF
2019-06-12,2146725.1153391423,698399.1533000241,1448325.9620391182,0.5,False,halve,-0.1724130262543569,5,纳指;黄金;国债ETF;消费ETF;有色ETF,纳指;黄金;国债ETF,消费ETF;有色ETF
2019-06-13,2145561.3431259,719114.7907035645,1426446.5524223354,0.5,False,halve,-0.17286167369282246,5,纳指;黄金;国债ETF;消费ETF;有色ETF,纳指;黄金;国债ETF,消费ETF;有色ETF
2019-06-14,2138691.6981000155,731145.7208195393,1407545.9772804761,0.5,False,halve,-0.17551000006542383,5,纳指;黄金;国债ETF;消费ETF;有色ETF,纳指;黄金;国债ETF,消费ETF;有色ETF
2019-06-17,2138062.6183244265,678392.8186406817,1459669.7996837448,0.5,False,halve,-0.1757525174813726,4,纳指;黄金;国债ETF;有色ETF,纳指;黄金;国债ETF,有色ETF
2019-06-18,2126906.076908778,0.0,2126906.076908778,0.0,False,liquidate,-0.1800534912211734,5,纳指;黄金;国债ETF;消费ETF;有色ETF,纳指;黄金;国债ETF,消费ETF;有色ETF
2019-06-19,2127074.878978374,793775.2175013678,1333299.661477006,0.5,False,halve,-0.17998841610142902,5,纳指;黄金;国债ETF;消费ETF;有色ETF,纳指;黄金;国债ETF,消费ETF;有色ETF
2019-06-20,2145853.803119107,780730.58525351,1365123.217865597,0.5,False,halve,-0.1727489270356046,7,纳指;黄金;国债ETF;消费ETF;医药ETF;证券ETF;有色ETF,纳指;黄金;国债ETF,消费ETF;医药ETF;证券ETF;有色ETF
2019-06-21,2153105.667093677,813972.6083346299,1339133.0587590472,0.5,False,halve,-0.16995325090648772,8,纳指;黄金;国债ETF;消费ETF;医药ETF;证券ETF;有色ETF;军工ETF,纳指;黄金;国债ETF,消费ETF;医药ETF;证券ETF;有色ETF;军工ETF
2019-06-24,2153689.9470420643,839497.7789473333,1314192.168094731,0.5,False,halve,-0.16972800433399876,8,纳指;黄金;国债ETF;消费ETF;医药ETF;证券ETF;有色ETF;军工ETF,纳指;黄金;国债ETF,消费ETF;医药ETF;证券ETF;有色ETF;军工ETF
2019-06-25,2152522.5839687227,864010.480581081,1288512.1033876417,0.5,False,halve,-0.17017803608991666,7,黄金;国债ETF;消费ETF;医药ETF;证券ETF;有色ETF;军工ETF,黄金;国债ETF,消费ETF;医药ETF;证券ETF;有色ETF;军工ETF
2019-06-26,2148245.9241681704,883802.0918800451,1264443.8322881253,0.5,False,halve,-0.17182673713542504,7,黄金;国债ETF;消费ETF;医药ETF;证券ETF;有色ETF;军工ETF,黄金;国债ETF,消费ETF;医药ETF;证券ETF;有色ETF;军工ETF
2019-06-27,2156725.140919756,908030.5214728344,1248694.6194469216,0.5,False,halve,-0.16855790253660424,7,黄金;国债ETF;消费ETF;医药ETF;证券ETF;有色ETF;军工ETF,黄金;国债ETF,消费ETF;医药ETF;证券ETF;有色ETF;军工ETF
2019-06-28,2152463.4532992644,928860.5036636931,1223602.9496355713,0.5,False,halve,-0.1702008316362318,7,黄金;国债ETF;消费ETF;医药ETF;证券ETF;有色ETF;军工ETF,黄金;国债ETF,消费ETF;医药ETF;证券ETF;有色ETF;军工ETF
2019-07-01,2177472.9926822647,894818.6642130332,1282654.3284692315,0.5,False,halve,-0.16055936945513657,10,沪深300;创业板;纳指;黄金;国债ETF;消费ETF;医药ETF;证券ETF;有色ETF;军工ETF,沪深300;创业板;纳指;黄金;国债ETF,消费ETF;医药ETF;证券ETF;有色ETF;军工ETF
2019-07-02,2181812.549900344,924484.6736807241,1257327.87621962,0.5,False,halve,-0.1588864207390458,10,沪深300;创业板;纳指;黄金;国债ETF;消费ETF;医药ETF;证券ETF;有色ETF;军工ETF,沪深300;创业板;纳指;黄金;国债ETF,消费ETF;医药ETF;证券ETF;有色ETF;军工ETF
2019-07-03,2173720.4586129086,931441.2805482036,1242279.1780647049,0.5,False,halve,-0.1620060140637758,10,沪深300;创业板;纳指;黄金;国债ETF;消费ETF;医药ETF;证券ETF;有色ETF;军工ETF,沪深300;创业板;纳指;黄金;国债ETF,消费ETF;医药ETF;证券ETF;有色ETF;军工ETF
2019-07-04,2166530.3070629826,943415.6278117455,1223114.679251237,0.5,False,halve,-0.16477789935055867,10,沪深300;创业板;纳指;黄金;国债ETF;消费ETF;医药ETF;证券ETF;有色ETF;军工ETF,沪深300;创业板;纳指;黄金;国债ETF,消费ETF;医药ETF;证券ETF;有色ETF;军工ETF
2019-07-05,2173694.7993034157,971989.6206213884,1201705.1786820274,0.5,False,halve,-0.1620159060197323,10,沪深300;创业板;纳指;黄金;国债ETF;消费ETF;医药ETF;证券ETF;有色ETF;军工ETF,沪深300;创业板;纳指;黄金;国债ETF,消费ETF;医药ETF;证券ETF;有色ETF;军工ETF
2019-07-08,2148701.1866366565,871625.1113681323,1277076.0752685242,0.5,False,halve,-0.17165122827038115,9,沪深300;创业板;纳指;黄金;国债ETF;消费ETF;医药ETF;证券ETF;军工ETF,沪深300;创业板;纳指;黄金;国债ETF,消费ETF;医药ETF;证券ETF;军工ETF
2019-07-09,2150537.006856098,899675.5434444811,1250861.4634116166,0.5,False,halve,-0.1709434986738471,9,沪深300;创业板;纳指;黄金;国债ETF;消费ETF;医药ETF;证券ETF;军工ETF,沪深300;创业板;纳指;黄金;国债ETF,消费ETF;医药ETF;证券ETF;军工ETF
2019-07-10,2150208.062350639,927506.4403155867,1222701.6220350524,0.5,False,halve,-0.17107031052593644,8,沪深300;纳指;黄金;国债ETF;消费ETF;医药ETF;证券ETF;军工ETF,沪深300;纳指;黄金;国债ETF,消费ETF;医药ETF;证券ETF;军工ETF
2019-07-11,2149631.112189756,956002.6299253191,1193628.4822644368,0.5,False,halve,-0.1712927313818885,8,沪深300;纳指;黄金;国债ETF;消费ETF;医药ETF;证券ETF;军工ETF,沪深300;纳指;黄金;国债ETF,消费ETF;医药ETF;证券ETF;军工ETF
2019-07-12,2153932.5674502547,986200.8878360052,1167731.6796142496,0.5,False,halve,-0.16963447140425916,9,沪深300;创业板;纳指;黄金;国债ETF;消费ETF;医药ETF;证券ETF;军工ETF,沪深300;创业板;纳指;黄金;国债ETF,消费ETF;医药ETF;证券ETF;军工ETF
2019-07-15,2166364.3145565456,1002930.812876434,1163433.5016801115,0.5,False,halve,-0.16484189135171665,9,沪深300;创业板;纳指;黄金;国债ETF;消费ETF;医药ETF;证券ETF;军工ETF,沪深300;创业板;纳指;黄金;国债ETF,消费ETF;医药ETF;证券ETF;军工ETF
2019-07-16,2161355.904606093,1080677.9523030466,1080677.9523030466,0.5,False,halve,-0.16677269041143586,9,沪深300;创业板;纳指;黄金;国债ETF;消费ETF;医药ETF;证券ETF;军工ETF,沪深300;创业板;纳指;黄金;国债ETF,消费ETF;医药ETF;证券ETF;军工ETF
2019-07-17,2160014.230836176,1080007.115418088,1080007.115418088,0.5,False,halve,-0.16728992092551795,9,沪深300;创业板;纳指;黄金;国债ETF;消费ETF;医药ETF;证券ETF;军工ETF,沪深300;创业板;纳指;黄金;国债ETF,消费ETF;医药ETF;证券ETF;军工ETF
2019-07-18,2144758.554093,1072379.2770465,1072379.2770465,0.5,False,halve,-0.17317115800525096,9,沪深300;创业板;纳指;黄金;国债ETF;消费ETF;医药ETF;证券ETF;军工ETF,沪深300;创业板;纳指;黄金;国债ETF,消费ETF;医药ETF;证券ETF;军工ETF
2019-07-19,2153489.0877760556,1076744.5438880278,1076744.5438880278,0.5,False,halve,-0.1698054378679511,10,沪深300;创业板;纳指;黄金;国债ETF;消费ETF;医药ETF;证券ETF;有色ETF;军工ETF,沪深300;创业板;纳指;黄金;国债ETF,消费ETF;医药ETF;证券ETF;有色ETF;军工ETF
2019-07-22,2137260.895033639,1068630.4475168195,1068630.4475168195,0.5,False,halve,-0.17606159093808268,9,沪深300;创业板;纳指;黄金;国债ETF;消费ETF;医药ETF;证券ETF;军工ETF,沪深300;创业板;纳指;黄金;国债ETF,消费ETF;医药ETF;证券ETF;军工ETF
2019-07-23,2141861.091147052,1070930.545573526,1070930.545573526,0.5,False,halve,-0.17428816296030705,9,沪深300;创业板;纳指;黄金;国债ETF;消费ETF;医药ETF;证券ETF;军工ETF,沪深300;创业板;纳指;黄金;国债ETF,消费ETF;医药ETF;证券ETF;军工ETF
2019-07-24,2150623.799632233,1075311.8998161166,1075311.8998161166,0.5,False,halve,-0.17091003907045796,9,沪深300;创业板;纳指;黄金;国债ETF;消费ETF;医药ETF;证券ETF;军工ETF,沪深300;创业板;纳指;黄金;国债ETF,消费ETF;医药ETF;证券ETF;军工ETF
2019-07-25,2157229.2131879292,1078614.6065939646,1078614.6065939646,0.5,False,halve,-0.16836357693805148,9,沪深300;创业板;纳指;黄金;国债ETF;消费ETF;医药ETF;证券ETF;军工ETF,沪深300;创业板;纳指;黄金;国债ETF,消费ETF;医药ETF;证券ETF;军工ETF
2019-07-26,2160711.658861285,1174446.5148808153,986265.1439804698,0.5,False,halve,-0.16702105448119242,9,沪深300;创业板;纳指;黄金;国债ETF;消费ETF;医药ETF;证券ETF;军工ETF,沪深300;创业板;纳指;黄金;国债ETF,消费ETF;医药ETF;证券ETF;军工ETF
2019-07-29,2157120.9871421056,1204477.915166965,952643.0719751406,0.5,False,halve,-0.16840529931093645,9,沪深300;创业板;纳指;黄金;国债ETF;消费ETF;医药ETF;证券ETF;军工ETF,沪深300;创业板;纳指;黄金;国债ETF,消费ETF;医药ETF;证券ETF;军工ETF
2019-07-30,2161078.8206051616,1242931.5097869767,918147.3108181849,0.5,False,halve,-0.16687950944856633,9,沪深300;创业板;纳指;黄金;国债ETF;消费ETF;医药ETF;证券ETF;军工ETF,沪深300;创业板;纳指;黄金;国债ETF,消费ETF;医药ETF;证券ETF;军工ETF
2019-07-31,2155303.1943842005,1268333.3833509916,886969.8110332089,0.5,False,halve,-0.16910607911579456,9,沪深300;创业板;纳指;黄金;国债ETF;消费ETF;医药ETF;证券ETF;军工ETF,沪深300;创业板;纳指;黄金;国债ETF,消费ETF;医药ETF;证券ETF;军工ETF
2019-08-01,2142273.736123926,1321466.9643776414,820806.7717462846,0.5,False,halve,-0.17412908362350596,8,沪深300;创业板;纳指;黄金;国债ETF;消费ETF;医药ETF;军工ETF,沪深300;创业板;纳指;黄金;国债ETF,消费ETF;医药ETF;军工ETF
2019-08-02,2127877.9031738085,956005.412854408,1171872.4903194006,0.5,False,halve,-0.17967884113116592,6,沪深300;创业板;纳指;黄金;国债ETF;军工ETF,沪深300;创业板;纳指;黄金;国债ETF,军工ETF
2019-08-05,2126708.021987967,0.0,2126708.021987967,0.0,False,liquidate,-0.1801298436481227,7,沪深300;创业板;纳指;黄金;国债ETF;有色ETF;军工ETF,沪深300;创业板;纳指;黄金;国债ETF,有色ETF;军工ETF
2019-08-06,2126876.8083389187,0.0,2126876.8083389187,0.0,False,liquidate,-0.18006477458809475,4,创业板;纳指;黄金;国债ETF,创业板;纳指;黄金;国债ETF,
2019-08-07,2127045.6080856123,794066.4482595111,1332979.1598261013,0.5,False,halve,-0.1799997003638557,5,创业板;纳指;黄金;国债ETF;有色ETF,创业板;纳指;黄金;国债ETF,有色ETF
2019-08-08,2125951.903937017,0.0,2125951.903937017,0.0,False,liquidate,-0.18042133576563185,6,沪深300;创业板;纳指;黄金;国债ETF;有色ETF,沪深300;创业板;纳指;黄金;国债ETF,有色ETF
2019-08-09,2126120.6302785994,0.0,2126120.6302785994,0.0,False,liquidate,-0.18035628983989893,6,沪深300;创业板;纳指;黄金;国债ETF;有色ETF,沪深300;创业板;纳指;黄金;国债ETF,有色ETF
2019-08-12,2126289.3700111615,0.0,2126289.3700111615,0.0,False,liquidate,-0.18029123875179087,5,沪深300;创业板;纳指;黄金;国债ETF,沪深300;创业板;纳指;黄金;国债ETF,
2019-08-13,2126458.1231357655,0.0,2126458.1231357655,0.0,False,liquidate,-0.1802261825008982,5,创业板;纳指;黄金;国债ETF;有色ETF,创业板;纳指;黄金;国债ETF,有色ETF
2019-08-14,2126626.889653475,0.0,2126626.889653475,0.0,False,liquidate,-0.18016112108681084,6,创业板;纳指;黄金;国债ETF;医药ETF;有色ETF,创业板;纳指;黄金;国债ETF,医药ETF;有色ETF
2019-08-15,2126795.669565352,0.0,2126795.669565352,0.0,False,liquidate,-0.18009605450911936,6,创业板;纳指;黄金;国债ETF;医药ETF;有色ETF,创业板;纳指;黄金;国债ETF,医药ETF;有色ETF
2019-08-16,2126964.4628724605,0.0,2126964.4628724605,0.0,False,liquidate,-0.18003098276741375,7,创业板;纳指;黄金;国债ETF;消费ETF;医药ETF;有色ETF,创业板;纳指;黄金;国债ETF,消费ETF;医药ETF;有色ETF
2019-08-19,2127133.269575863,1183378.1966962686,943755.0728795945,0.5,False,halve,-0.17996590586128416,10,沪深300;创业板;纳指;黄金;国债ETF;消费ETF;医药ETF;证券ETF;有色ETF;军工ETF,沪深300;创业板;纳指;黄金;国债ETF,消费ETF;医药ETF;证券ETF;有色ETF;军工ETF
2019-08-20,2126360.119909403,0.0,2126360.119909403,0.0,False,liquidate,-0.18026396386048785,9,沪深300;创业板;纳指;黄金;国债ETF;消费ETF;医药ETF;有色ETF;军工ETF,沪深300;创业板;纳指;黄金;国债ETF,消费ETF;医药ETF;有色ETF;军工ETF
2019-08-21,2126528.8786490783,0.0,2126528.8786490783,0.0,False,liquidate,-0.1801989054449212,8,创业板;纳指;黄金;国债ETF;消费ETF;医药ETF;有色ETF;军工ETF,创业板;纳指;黄金;国债ETF,消费ETF;医药ETF;有色ETF;军工ETF
2019-08-22,2126697.6507823044,0.0,2126697.6507823044,0.0,False,liquidate,-0.18013384186598827,8,创业板;纳指;黄金;国债ETF;消费ETF;医药ETF;有色ETF;军工ETF,创业板;纳指;黄金;国债ETF,消费ETF;医药ETF;有色ETF;军工ETF
2019-08-23,2126866.436310144,0.0,2126866.436310144,0.0,False,liquidate,-0.18006877312327926,8,创业板;纳指;黄金;国债ETF;消费ETF;医药ETF;有色ETF;军工ETF,创业板;纳指;黄金;国债ETF,消费ETF;医药ETF;有色ETF;军工ETF
2019-08-26,2127035.235233661,0.0,2127035.235233661,0.0,False,liquidate,-0.1800036992163843,8,创业板;纳指;黄金;国债ETF;消费ETF;医药ETF;有色ETF;军工ETF,创业板;纳指;黄金;国债ETF,消费ETF;医药ETF;有色ETF;军工ETF
2019-08-27,2127204.0475539174,1463228.1423612416,663975.9051926758,0.5,False,halve,-0.17993862014489354,8,创业板;纳指;黄金;国债ETF;消费ETF;医药ETF;有色ETF;军工ETF,创业板;纳指;黄金;国债ETF,消费ETF;医药ETF;有色ETF;军工ETF
2019-08-28,2127319.439593521,1505704.3642173104,621615.0753762105,0.5,False,halve,-0.1798941351998172,8,创业板;纳指;黄金;国债ETF;消费ETF;医药ETF;有色ETF;军工ETF,创业板;纳指;黄金;国债ETF,消费ETF;医药ETF;有色ETF;军工ETF
2019-08-29,2129774.9448275343,1554392.0596210202,575382.885206514,0.5,False,halve,-0.1789475099746716,7,创业板;黄金;国债ETF;消费ETF;医药ETF;有色ETF;军工ETF,创业板;黄金;国债ETF,消费ETF;医药ETF;有色ETF;军工ETF
2019-08-30,2144671.085785993,1582669.169934958,562001.9158510349,0.5,False,halve,-0.17320487803348253,9,沪深300;创业板;纳指;黄金;国债ETF;消费ETF;医药ETF;有色ETF;军工ETF,沪深300;创业板;纳指;黄金;国债ETF,消费ETF;医药ETF;有色ETF;军工ETF
2019-09-02,2176112.235195422,1344740.669342896,831371.5658525261,0.5,False,halve,-0.16108395695937316,10,沪深300;创业板;纳指;黄金;国债ETF;消费ETF;医药ETF;证券ETF;有色ETF;军工ETF,沪深300;创业板;纳指;黄金;国债ETF,消费ETF;医药ETF;证券ETF;有色ETF;军工ETF
2019-09-03,2174485.2807878605,1378147.2782980283,796338.0024898322,0.5,False,halve,-0.16171116640736216,10,沪深300;创业板;纳指;黄金;国债ETF;消费ETF;医药ETF;证券ETF;有色ETF;军工ETF,沪深300;创业板;纳指;黄金;国债ETF,消费ETF;医药ETF;证券ETF;有色ETF;军工ETF
2019-09-04,2178064.3799462495,1423714.2047224436,754350.1752238059,0.5,False,halve,-0.1603313829315636,10,沪深300;创业板;纳指;黄金;国债ETF;消费ETF;医药ETF;证券ETF;有色ETF;军工ETF,沪深300;创业板;纳指;黄金;国债ETF,消费ETF;医药ETF;证券ETF;有色ETF;军工ETF
2019-09-05,2192715.3662265893,1453632.2830480626,739083.0831785267,0.5,False,halve,-0.15468326091002577,10,沪深300;创业板;纳指;黄金;国债ETF;消费ETF;医药ETF;证券ETF;有色ETF;军工ETF,沪深300;创业板;纳指;黄金;国债ETF,消费ETF;医药ETF;证券ETF;有色ETF;军工ETF
2019-09-06,2195813.8558081305,1500632.5420438978,695181.3137642327,0.5,False,halve,-0.15348875789813693,10,沪深300;创业板;纳指;黄金;国债ETF;消费ETF;医药ETF;证券ETF;有色ETF;军工ETF,沪深300;创业板;纳指;黄金;国债ETF,消费ETF;医药ETF;证券ETF;有色ETF;军工ETF
2019-09-09,2208275.63992293,1543153.727555309,665121.912367621,0.5,False,halve,-0.14868459823682456,10,沪深300;创业板;纳指;黄金;国债ETF;消费ETF;医药ETF;证券ETF;有色ETF;军工ETF,沪深300;创业板;纳指;黄金;国债ETF,消费ETF;医药ETF;证券ETF;有色ETF;军工ETF
2019-09-10,2208589.594204259,1585086.7922921614,623502.8019120977,0.5,False,halve,-0.14856356528681008,10,沪深300;创业板;纳指;黄金;国债ETF;消费ETF;医药ETF;证券ETF;有色ETF;军工ETF,沪深300;创业板;纳指;黄金;国债ETF,消费ETF;医药ETF;证券ETF;有色ETF;军工ETF
2019-09-11,2189541.688626381,1487047.0727524683,702494.6158739128,0.5,False,halve,-0.15590674975917249,10,沪深300;创业板;纳指;黄金;国债ETF;消费ETF;医药ETF;证券ETF;有色ETF;军工ETF,沪深300;创业板;纳指;黄金;国债ETF,消费ETF;医药ETF;证券ETF;有色ETF;军工ETF
2019-09-12,2197887.4383992585,1534331.2368605863,663556.2015386722,0.5,False,halve,-0.15268936820024714,10,沪深300;创业板;纳指;黄金;国债ETF;消费ETF;医药ETF;证券ETF;有色ETF;军工ETF,沪深300;创业板;纳指;黄金;国债ETF,消费ETF;医药ETF;证券ETF;有色ETF;军工ETF
2019-09-16,2193827.204566179,1563534.3891965596,630292.8153696193,0.5,False,halve,-0.15425463457115243,10,沪深300;创业板;纳指;黄金;国债ETF;消费ETF;医药ETF;证券ETF;有色ETF;军工ETF,沪深300;创业板;纳指;黄金;国债ETF,消费ETF;医药ETF;证券ETF;有色ETF;军工ETF
2019-09-17,2161609.1633515414,1336991.876812574,824617.2865389674,0.5,False,halve,-0.1666750562815594,10,沪深300;创业板;纳指;黄金;国债ETF;消费ETF;医药ETF;证券ETF;有色ETF;军工ETF,沪深300;创业板;纳指;黄金;国债ETF,消费ETF;医药ETF;证券ETF;有色ETF;军工ETF
2019-09-18,2164156.2724463986,1380285.9247558527,783870.347690546,0.5,False,halve,-0.1656931167250923,10,沪深300;创业板;纳指;黄金;国债ETF;消费ETF;医药ETF;证券ETF;有色ETF;军工ETF,沪深300;创业板;纳指;黄金;国债ETF,消费ETF;医药ETF;证券ETF;有色ETF;军工ETF
2019-09-19,2176480.3749850024,1405096.9189012116,771383.4560837909,0.5,False,halve,-0.16094203487899258,10,沪深300;创业板;纳指;黄金;国债ETF;消费ETF;医药ETF;证券ETF;有色ETF;军工ETF,沪深300;创业板;纳指;黄金;国债ETF,消费ETF;医药ETF;证券ETF;有色ETF;军工ETF
2019-09-20,2174506.536014869,1444120.798867141,730385.737147728,0.5,False,halve,-0.16170297227534663,10,沪深300;创业板;纳指;黄金;国债ETF;消费ETF;医药ETF;证券ETF;有色ETF;军工ETF,沪深300;创业板;纳指;黄金;国债ETF,消费ETF;医药ETF;证券ETF;有色ETF;军工ETF
2019-09-23,2159282.3510060646,1413947.2396008843,745335.1114051803,0.5,False,halve,-0.16757206893292673,10,沪深300;创业板;纳指;黄金;国债ETF;消费ETF;医药ETF;证券ETF;有色ETF;军工ETF,沪深300;创业板;纳指;黄金;国债ETF,消费ETF;医药ETF;证券ETF;有色ETF;军工ETF
2019-09-24,2165115.1274051555,1456394.1419574737,708720.9854476817,0.5,False,halve,-0.16532346722133962,10,沪深300;创业板;纳指;黄金;国债ETF;消费ETF;医药ETF;证券ETF;有色ETF;军工ETF,沪深300;创业板;纳指;黄金;国债ETF,消费ETF;医药ETF;证券ETF;有色ETF;军工ETF
2019-09-25,2151710.8330711927,1443924.0842263522,707786.7488448406,0.5,False,halve,-0.17049097530319646,9,沪深300;创业板;黄金;国债ETF;消费ETF;医药ETF;证券ETF;有色ETF;军工ETF,沪深300;创业板;黄金;国债ETF,消费ETF;医药ETF;证券ETF;有色ETF;军工ETF
2019-09-26,2119026.637231378,0.0,2119026.637231378,0.0,False,liquidate,-0.1830911049290657,7,沪深300;创业板;纳指;黄金;国债ETF;医药ETF;证券ETF,沪深300;创业板;纳指;黄金;国债ETF,医药ETF;证券ETF
2019-09-27,2119194.8139486187,0.0,2119194.8139486187,0.0,False,liquidate,-0.18302627088977425,7,沪深300;创业板;纳指;黄金;国债ETF;医药ETF;证券ETF,沪深300;创业板;纳指;黄金;国债ETF,医药ETF;证券ETF
2019-09-30,2119363.004013218,0.0,2119363.004013218,0.0,False,liquidate,-0.18296143170492418,6,沪深300;创业板;纳指;黄金;国债ETF;医药ETF,沪深300;创业板;纳指;黄金;国债ETF,医药ETF
2019-10-08,2119531.207426235,0.0,2119531.207426235,0.0,False,liquidate,-0.18289658737410705,6,沪深300;创业板;纳指;黄金;消费ETF;医药ETF,沪深300;创业板;纳指;黄金,消费ETF;医药ETF
2019-10-09,2119699.4241887294,0.0,2119699.4241887294,0.0,False,liquidate,-0.18283173789691445,6,沪深300;创业板;纳指;黄金;国债ETF;医药ETF,沪深300;创业板;纳指;黄金;国债ETF,医药ETF
2019-10-10,2119867.6543017603,0.0,2119867.6543017603,0.0,False,liquidate,-0.182766883272938,7,沪深300;创业板;纳指;黄金;国债ETF;消费ETF;医药ETF,沪深300;创业板;纳指;黄金;国债ETF,消费ETF;医药ETF
2019-10-11,2120035.8977663876,0.0,2120035.8977663876,0.0,False,liquidate,-0.18270202350176912,7,沪深300;创业板;纳指;黄金;消费ETF;医药ETF;证券ETF,沪深300;创业板;纳指;黄金,消费ETF;医药ETF;证券ETF
2019-10-14,2120204.1545836707,0.0,2120204.1545836707,0.0,False,liquidate,-0.1826371585829994,6,沪深300;创业板;纳指;消费ETF;医药ETF;证券ETF,沪深300;创业板;纳指,消费ETF;医药ETF;证券ETF
2019-10-15,2120372.4247546694,0.0,2120372.4247546694,0.0,False,liquidate,-0.18257228851622023,6,沪深300;创业板;纳指;消费ETF;医药ETF;证券ETF,沪深300;创业板;纳指,消费ETF;医药ETF;证券ETF
2019-10-16,2120540.7082804437,0.0,2120540.7082804437,0.0,False,liquidate,-0.1825074133010231,4,沪深300;创业板;纳指;医药ETF,沪深300;创业板;纳指,医药ETF
2019-10-17,2120709.0051620533,0.0,2120709.0051620533,0.0,False,liquidate,-0.18244253293699936,4,沪深300;创业板;纳指;医药ETF,沪深300;创业板;纳指,医药ETF
2019-10-18,2120877.3154005585,0.0,2120877.3154005585,0.0,False,liquidate,-0.18237764742374027,4,沪深300;创业板;纳指;医药ETF,沪深300;创业板;纳指,医药ETF
2019-10-21,2121045.638997019,0.0,2121045.638997019,0.0,False,liquidate,-0.1823127567608374,4,沪深300;创业板;纳指;医药ETF,沪深300;创业板;纳指,医药ETF
2019-10-22,2121213.975952495,0.0,2121213.975952495,0.0,False,liquidate,-0.18224786094788187,4,沪深300;创业板;纳指;医药ETF,沪深300;创业板;纳指,医药ETF
2019-10-23,2121382.3262680466,0.0,2121382.3262680466,0.0,False,liquidate,-0.18218295998446504,4,沪深300;创业板;纳指;医药ETF,沪深300;创业板;纳指,医药ETF
2019-10-24,2121550.689944735,0.0,2121550.689944735,0.0,False,liquidate,-0.18211805387017801,4,沪深300;创业板;纳指;医药ETF,沪深300;创业板;纳指,医药ETF
2019-10-25,2121719.0669836192,0.0,2121719.0669836192,0.0,False,liquidate,-0.1820531426046122,6,沪深300;创业板;纳指;国债ETF;消费ETF;医药ETF,沪深300;创业板;纳指;国债ETF,消费ETF;医药ETF
2019-10-28,2121887.4573857607,0.0,2121887.4573857607,0.0,False,liquidate,-0.1819882261873586,5,沪深300;创业板;纳指;消费ETF;医药ETF,沪深300;创业板;纳指,消费ETF;医药ETF
2019-10-29,2122055.86115222,0.0,2122055.86115222,0.0,False,liquidate,-0.18192330461800835,5,沪深300;创业板;纳指;消费ETF;医药ETF,沪深300;创业板;纳指,消费ETF;医药ETF
2019-10-30,2122224.2782840575,0.0,2122224.2782840575,0.0,False,liquidate,-0.18185837789615264,5,沪深300;创业板;纳指;消费ETF;医药ETF,沪深300;创业板;纳指,消费ETF;医药ETF
2019-10-31,2122392.7087823343,0.0,2122392.7087823343,0.0,False,liquidate,-0.18179344602138237,5,沪深300;创业板;纳指;消费ETF;医药ETF,沪深300;创业板;纳指,消费ETF;医药ETF
2019-11-01,2122561.152648111,0.0,2122561.152648111,0.0,False,liquidate,-0.18172850899328877,5,沪深300;创业板;纳指;消费ETF;医药ETF,沪深300;创业板;纳指,消费ETF;医药ETF
2019-11-04,2122729.6098824483,0.0,2122729.6098824483,0.0,False,liquidate,-0.18166356681146273,5,沪深300;创业板;纳指;消费ETF;医药ETF,沪深300;创业板;纳指,消费ETF;医药ETF
2019-11-05,2122898.0804864075,0.0,2122898.0804864075,0.0,False,liquidate,-0.18159861947549527,6,沪深300;创业板;纳指;国债ETF;消费ETF;医药ETF,沪深300;创业板;纳指;国债ETF,消费ETF;医药ETF
2019-11-06,2123066.564461049,0.0,2123066.564461049,0.0,False,liquidate,-0.1815336669849775,6,沪深300;创业板;纳指;国债ETF;消费ETF;医药ETF,沪深300;创业板;纳指;国债ETF,消费ETF;医药ETF
2019-11-07,2123235.061807435,0.0,2123235.061807435,0.0,False,liquidate,-0.1814687093395001,5,沪深300;创业板;纳指;消费ETF;医药ETF,沪深300;创业板;纳指,消费ETF;医药ETF
2019-11-08,2123403.5725266263,0.0,2123403.5725266263,0.0,False,liquidate,-0.18140374653865396,5,沪深300;创业板;纳指;消费ETF;医药ETF,沪深300;创业板;纳指,消费ETF;医药ETF
2019-11-11,2123572.0966196842,0.0,2123572.0966196842,0.0,False,liquidate,-0.18133877858202993,3,纳指;消费ETF;医药ETF,纳指,消费ETF;医药ETF
2019-11-12,2123740.63408767,0.0,2123740.63408767,0.0,False,liquidate,-0.1812738054692189,3,纳指;消费ETF;医药ETF,纳指,消费ETF;医药ETF
2019-11-13,2123909.1849316456,0.0,2123909.1849316456,0.0,False,liquidate,-0.18120882719981157,3,纳指;消费ETF;医药ETF,纳指,消费ETF;医药ETF
2019-11-14,2124077.749152672,0.0,2124077.749152672,0.0,False,liquidate,-0.18114384377339884,4,纳指;国债ETF;消费ETF;医药ETF,纳指;国债ETF,消费ETF;医药ETF
2019-11-15,2124246.3267518114,0.0,2124246.3267518114,0.0,False,liquidate,-0.18107885518957123,4,纳指;国债ETF;消费ETF;医药ETF,纳指;国债ETF,消费ETF;医药ETF
2019-11-18,2124414.917730125,0.0,2124414.917730125,0.0,False,liquidate,-0.18101386144791956,6,沪深300;创业板;纳指;国债ETF;消费ETF;医药ETF,沪深300;创业板;纳指;国债ETF,消费ETF;医药ETF
2019-11-19,2124583.5220886753,0.0,2124583.5220886753,0.0,False,liquidate,-0.18094886254803444,6,沪深300;创业板;纳指;国债ETF;消费ETF;医药ETF,沪深300;创业板;纳指;国债ETF,消费ETF;医药ETF
2019-11-20,2124752.1398285236,0.0,2124752.1398285236,0.0,False,liquidate,-0.18088385848950647,5,创业板;纳指;国债ETF;消费ETF;医药ETF,创业板;纳指;国债ETF,消费ETF;医药ETF
2019-11-21,2124920.7709507323,0.0,2124920.7709507323,0.0,False,liquidate,-0.18081884927192626,5,创业板;纳指;国债ETF;消费ETF;医药ETF,创业板;纳指;国债ETF,消费ETF;医药ETF
2019-11-22,2125089.4154563635,0.0,2125089.4154563635,0.0,False,liquidate,-0.18075383489488428,3,纳指;国债ETF;医药ETF,纳指;国债ETF,医药ETF
2019-11-25,2125258.0733464793,0.0,2125258.0733464793,0.0,False,liquidate,-0.18068881535797107,4,纳指;国债ETF;医药ETF;有色ETF,纳指;国债ETF,医药ETF;有色ETF
2019-11-26,2125426.744622142,0.0,2125426.744622142,0.0,False,liquidate,-0.18062379066077716,5,沪深300;纳指;国债ETF;医药ETF;有色ETF,沪深300;纳指;国债ETF,医药ETF;有色ETF
2019-11-27,2125595.429284414,0.0,2125595.429284414,0.0,False,liquidate,-0.18055876080289301,6,沪深300;创业板;纳指;国债ETF;医药ETF;有色ETF,沪深300;创业板;纳指;国债ETF,医药ETF;有色ETF
2019-11-28,2125764.1273343572,0.0,2125764.1273343572,0.0,False,liquidate,-0.18049372578390904,6,沪深300;创业板;纳指;国债ETF;医药ETF;有色ETF,沪深300;创业板;纳指;国债ETF,医药ETF;有色ETF
2019-11-29,2125932.8387730345,0.0,2125932.8387730345,0.0,False,liquidate,-0.1804286856034157,5,沪深300;创业板;纳指;国债ETF;有色ETF,沪深300;创业板;纳指;国债ETF,有色ETF
2019-12-02,2126101.5636015087,0.0,2126101.5636015087,0.0,False,liquidate,-0.18036364026100324,5,沪深300;创业板;纳指;国债ETF;有色ETF,沪深300;创业板;纳指;国债ETF,有色ETF
2019-12-03,2126270.301820842,0.0,2126270.301820842,0.0,False,liquidate,-0.1802985897562621,5,沪深300;创业板;纳指;国债ETF;有色ETF,沪深300;创业板;纳指;国债ETF,有色ETF
2019-12-04,2126439.0534320977,0.0,2126439.0534320977,0.0,False,liquidate,-0.18023353408878243,4,创业板;纳指;国债ETF;有色ETF,创业板;纳指;国债ETF,有色ETF
2019-12-05,2126607.8184363386,0.0,2126607.8184363386,0.0,False,liquidate,-0.18016847325815447,5,创业板;纳指;国债ETF;有色ETF;军工ETF,创业板;纳指;国债ETF,有色ETF;军工ETF
2019-12-06,2126776.5968346274,0.0,2126776.5968346274,0.0,False,liquidate,-0.18010340726396848,6,创业板;纳指;国债ETF;证券ETF;有色ETF;军工ETF,创业板;纳指;国债ETF,证券ETF;有色ETF;军工ETF
2019-12-09,2126945.388628027,0.0,2126945.388628027,0.0,False,liquidate,-0.18003833610581488,6,创业板;纳指;国债ETF;证券ETF;有色ETF;军工ETF,创业板;纳指;国债ETF,证券ETF;有色ETF;军工ETF
2019-12-10,2127114.1938176006,1827608.6904787146,299505.50333888596,0.5,False,halve,-0.17997325978328357,6,创业板;纳指;国债ETF;证券ETF;有色ETF;军工ETF,创业板;纳指;国债ETF,证券ETF;有色ETF;军工ETF
2019-12-11,2121582.6395098846,0.0,2121582.6395098846,0.0,False,liquidate,-0.18210573694904736,6,创业板;纳指;国债ETF;证券ETF;有色ETF;军工ETF,创业板;纳指;国债ETF,证券ETF;有色ETF;军工ETF
2019-12-12,2121751.019084449,0.0,2121751.019084449,0.0,False,liquidate,-0.18204082470594807,6,创业板;纳指;国债ETF;证券ETF;有色ETF;军工ETF,创业板;纳指;国债ETF,证券ETF;有色ETF;军工ETF
2019-12-13,2121919.4120224714,0.0,2121919.4120224714,0.0,False,liquidate,-0.18197590731108348,7,沪深300;创业板;纳指;国债ETF;证券ETF;有色ETF;军工ETF,沪深300;创业板;纳指;国债ETF,证券ETF;有色ETF;军工ETF
2019-12-16,2122087.818325013,0.0,2122087.818325013,0.0,False,liquidate,-0.1819109847640447,7,沪深300;创业板;纳指;国债ETF;证券ETF;有色ETF;军工ETF,沪深300;创业板;纳指;国债ETF,证券ETF;有色ETF;军工ETF
2019-12-17,2122256.237993134,0.0,2122256.237993134,0.0,False,liquidate,-0.1818460570644227,7,沪深300;创业板;纳指;国债ETF;证券ETF;有色ETF;军工ETF,沪深300;创业板;纳指;国债ETF,证券ETF;有色ETF;军工ETF
2019-12-18,2122424.6710278955,0.0,2122424.6710278955,0.0,False,liquidate,-0.18178112421180875,7,沪深300;创业板;纳指;国债ETF;证券ETF;有色ETF;军工ETF,沪深300;创业板;纳指;国债ETF,证券ETF;有色ETF;军工ETF
2019-12-19,2122593.117430358,0.0,2122593.117430358,0.0,False,liquidate,-0.18171618620579377,7,沪深300;创业板;纳指;国债ETF;证券ETF;有色ETF;军工ETF,沪深300;创业板;纳指;国债ETF,证券ETF;有色ETF;军工ETF
2019-12-20,2122761.577201583,0.0,2122761.577201583,0.0,False,liquidate,-0.18165124304596877,7,沪深300;创业板;纳指;国债ETF;证券ETF;有色ETF;军工ETF,沪深300;创业板;纳指;国债ETF,证券ETF;有色ETF;军工ETF
2019-12-23,2122930.0503426306,0.0,2122930.0503426306,0.0,False,liquidate,-0.18158629473192486,6,创业板;纳指;国债ETF;证券ETF;有色ETF;军工ETF,创业板;纳指;国债ETF,证券ETF;有色ETF;军工ETF
2019-12-24,2123098.536854563,0.0,2123098.536854563,0.0,False,liquidate,-0.18152134126325267,7,沪深300;创业板;纳指;国债ETF;证券ETF;有色ETF;军工ETF,沪深300;创业板;纳指;国债ETF,证券ETF;有色ETF;军工ETF
2019-12-25,2123267.0367384404,0.0,2123267.0367384404,0.0,False,liquidate,-0.18145638263954333,7,沪深300;创业板;纳指;国债ETF;证券ETF;有色ETF;军工ETF,沪深300;创业板;纳指;国债ETF,证券ETF;有色ETF;军工ETF
2019-12-26,2123435.5499953246,0.0,2123435.5499953246,0.0,False,liquidate,-0.18139141886038768,6,创业板;纳指;国债ETF;证券ETF;有色ETF;军工ETF,创业板;纳指;国债ETF,证券ETF;有色ETF;军工ETF
2019-12-27,2123604.0766262766,0.0,2123604.0766262766,0.0,False,liquidate,-0.18132644992537658,6,创业板;纳指;国债ETF;证券ETF;有色ETF;军工ETF,创业板;纳指;国债ETF,证券ETF;有色ETF;军工ETF
2019-12-30,2123772.616632358,0.0,2123772.616632358,0.0,False,liquidate,-0.18126147583410077,8,沪深300;创业板;纳指;国债ETF;消费ETF;证券ETF;有色ETF;军工ETF,沪深300;创业板;纳指;国债ETF,消费ETF;证券ETF;有色ETF;军工ETF
2019-12-31,2123941.1700146305,0.0,2123941.1700146305,0.0,False,liquidate,-0.1811964965861511,10,沪深300;创业板;纳指;黄金;国债ETF;消费ETF;医药ETF;证券ETF;有色ETF;军工ETF,沪深300;创业板;纳指;黄金;国债ETF,消费ETF;医药ETF;证券ETF;有色ETF;军工ETF
2020-01-02,2124109.7367741554,0.0,2124109.7367741554,0.0,False,liquidate,-0.1811315121811183,10,沪深300;创业板;纳指;黄金;国债ETF;消费ETF;医药ETF;证券ETF;有色ETF;军工ETF,沪深300;创业板;纳指;黄金;国债ETF,消费ETF;医药ETF;证券ETF;有色ETF;军工ETF
2020-01-03,2124278.316911995,0.0,2124278.316911995,0.0,False,liquidate,-0.18106652261859288,10,沪深300;创业板;纳指;黄金;国债ETF;消费ETF;医药ETF;证券ETF;有色ETF;军工ETF,沪深300;创业板;纳指;黄金;国债ETF,消费ETF;医药ETF;证券ETF;有色ETF;军工ETF
2020-01-06,2124446.9104292104,0.0,2124446.9104292104,0.0,False,liquidate,-0.1810015278981657,9,沪深300;创业板;纳指;黄金;国债ETF;消费ETF;证券ETF;有色ETF;军工ETF,沪深300;创业板;纳指;黄金;国债ETF,消费ETF;证券ETF;有色ETF;军工ETF
2020-01-07,2124615.5173268635,0.0,2124615.5173268635,0.0,False,liquidate,-0.18093652801942747,10,沪深300;创业板;纳指;黄金;国债ETF;消费ETF;医药ETF;证券ETF;有色ETF;军工ETF,沪深300;创业板;纳指;黄金;国债ETF,消费ETF;医药ETF;证券ETF;有色ETF;军工ETF
2020-01-08,2124784.1376060164,0.0,2124784.1376060164,0.0,False,liquidate,-0.1808715229819687,9,沪深300;创业板;纳指;黄金;国债ETF;消费ETF;证券ETF;有色ETF;军工ETF,沪深300;创业板;纳指;黄金;国债ETF,消费ETF;证券ETF;有色ETF;军工ETF
2020-01-09,2124952.771267731,0.0,2124952.771267731,0.0,False,liquidate,-0.18080651278537993,10,沪深300;创业板;纳指;黄金;国债ETF;消费ETF;医药ETF;证券ETF;有色ETF;军工ETF,沪深300;创业板;纳指;黄金;国债ETF,消费ETF;医药ETF;证券ETF;有色ETF;军工ETF
2020-01-10,2125121.41831307,0.0,2125121.41831307,0.0,False,liquidate,-0.1807414974292517,10,沪深300;创业板;纳指;黄金;国债ETF;消费ETF;医药ETF;证券ETF;有色ETF;军工ETF,沪深300;创业板;纳指;黄金;国债ETF,消费ETF;医药ETF;证券ETF;有色ETF;军工ETF
2020-01-13,2125290.078743095,0.0,2125290.078743095,0.0,False,liquidate,-0.18067647691317465,10,沪深300;创业板;纳指;黄金;国债ETF;消费ETF;医药ETF;证券ETF;有色ETF;军工ETF,沪深300;创业板;纳指;黄金;国债ETF,消费ETF;医药ETF;证券ETF;有色ETF;军工ETF
2020-01-14,2125458.7525588684,0.0,2125458.7525588684,0.0,False,liquidate,-0.18061145123673916,10,沪深300;创业板;纳指;黄金;国债ETF;消费ETF;医药ETF;证券ETF;有色ETF;军工ETF,沪深300;创业板;纳指;黄金;国债ETF,消费ETF;医药ETF;证券ETF;有色ETF;军工ETF
2020-01-15,2125627.4397614524,0.0,2125627.4397614524,0.0,False,liquidate,-0.18054642039953572,10,沪深300;创业板;纳指;黄金;国债ETF;消费ETF;医药ETF;证券ETF;有色ETF;军工ETF,沪深300;创业板;纳指;黄金;国债ETF,消费ETF;医药ETF;证券ETF;有色ETF;军工ETF
2020-01-16,2125796.1403519097,0.0,2125796.1403519097,0.0,False,liquidate,-0.18048138440115474,10,沪深300;创业板;纳指;黄金;国债ETF;消费ETF;医药ETF;证券ETF;有色ETF;军工ETF,沪深300;创业板;纳指;黄金;国债ETF,消费ETF;医药ETF;证券ETF;有色ETF;军工ETF
2020-01-17,2125964.854331303,0.0,2125964.854331303,0.0,False,liquidate,-0.18041634324118647,10,沪深300;创业板;纳指;黄金;国债ETF;消费ETF;医药ETF;证券ETF;有色ETF;军工ETF,沪深300;创业板;纳指;黄金;国债ETF,消费ETF;医药ETF;证券ETF;有色ETF;军工ETF
2020-01-20,2126133.5817006943,0.0,2126133.5817006943,0.0,False,liquidate,-0.1803512969192215,10,沪深300;创业板;纳指;黄金;国债ETF;消费ETF;医药ETF;证券ETF;有色ETF;军工ETF,沪深300;创业板;纳指;黄金;国债ETF,消费ETF;医药ETF;证券ETF;有色ETF;军工ETF
2020-01-21,2126302.322461147,0.0,2126302.322461147,0.0,False,liquidate,-0.18028624543484995,10,沪深300;创业板;纳指;黄金;国债ETF;消费ETF;医药ETF;证券ETF;有色ETF;军工ETF,沪深300;创业板;纳指;黄金;国债ETF,消费ETF;医药ETF;证券ETF;有色ETF;军工ETF
2020-01-22,2126471.0766137233,0.0,2126471.0766137233,0.0,False,liquidate,-0.1802211887876622,10,沪深300;创业板;纳指;黄金;国债ETF;消费ETF;医药ETF;证券ETF;有色ETF;军工ETF,沪深300;创业板;纳指;黄金;国债ETF,消费ETF;医药ETF;证券ETF;有色ETF;军工ETF
2020-01-23,2126639.8441594862,0.0,2126639.8441594862,0.0,False,liquidate,-0.18015612697724853,9,沪深300;创业板;纳指;黄金;国债ETF;医药ETF;证券ETF;有色ETF;军工ETF,沪深300;创业板;纳指;黄金;国债ETF,医药ETF;证券ETF;有色ETF;军工ETF
2020-02-03,2126808.625099499,0.0,2126808.625099499,0.0,False,liquidate,-0.18009106000319913,4,创业板;纳指;黄金;国债ETF,创业板;纳指;黄金;国债ETF,
2020-02-04,2126977.419434824,0.0,2126977.419434824,0.0,False,liquidate,-0.1800259878651042,5,创业板;纳指;黄金;国债ETF;医药ETF,创业板;纳指;黄金;国债ETF,医药ETF
2020-02-05,2127146.227166525,572192.1173708194,1554954.1097957056,0.5,False,halve,-0.17996091056255387,5,创业板;纳指;黄金;国债ETF;医药ETF,创业板;纳指;黄金;国债ETF,医药ETF
2020-02-06,2144546.675590759,554950.4094330741,1589596.266157685,0.5,False,halve,-0.17325283958023155,6,创业板;纳指;黄金;国债ETF;医药ETF;军工ETF,创业板;纳指;黄金;国债ETF,医药ETF;军工ETF
2020-02-07,2147101.147099199,572880.011767741,1574221.135331458,0.5,False,halve,-0.17226806172950285,6,创业板;纳指;黄金;国债ETF;医药ETF;军工ETF,创业板;纳指;黄金;国债ETF,医药ETF;军工ETF
2020-02-10,2146024.049221871,571681.4994283008,1574342.5497935703,0.5,False,halve,-0.17268329522463283,7,创业板;纳指;黄金;国债ETF;医药ETF;有色ETF;军工ETF,创业板;纳指;黄金;国债ETF,医药ETF;有色ETF;军工ETF
2020-02-11,2144459.024384458,588638.3349333855,1555820.6894510726,0.5,False,halve,-0.17328663011822337,7,创业板;纳指;黄金;国债ETF;医药ETF;有色ETF;军工ETF,创业板;纳指;黄金;国债ETF,医药ETF;有色ETF;军工ETF
2020-02-12,2161191.028627673,588525.8617014983,1572665.166926175,0.5,False,halve,-0.16683625197833096,8,沪深300;创业板;纳指;黄金;国债ETF;医药ETF;有色ETF;军工ETF,沪深300;创业板;纳指;黄金;国债ETF,医药ETF;有色ETF;军工ETF
2020-02-13,2157567.163458645,603247.9875809348,1554319.17587771,0.5,False,halve,-0.16823329326091946,8,沪深300;创业板;纳指;黄金;国债ETF;医药ETF;有色ETF;军工ETF,沪深300;创业板;纳指;黄金;国债ETF,医药ETF;有色ETF;军工ETF
2020-02-14,2163195.9183966666,622059.450624451,1541136.4677722156,0.5,False,halve,-0.166063344145484,8,沪深300;创业板;纳指;黄金;国债ETF;医药ETF;有色ETF;军工ETF,沪深300;创业板;纳指;黄金;国债ETF,医药ETF;有色ETF;军工ETF
2020-02-17,2186128.0246349736,595883.7212337613,1590244.3034012122,0.5,False,halve,-0.15722275609451883,10,沪深300;创业板;纳指;黄金;国债ETF;消费ETF;医药ETF;证券ETF;有色ETF;军工ETF,沪深300;创业板;纳指;黄金;国债ETF,消费ETF;医药ETF;证券ETF;有色ETF;军工ETF
2020-02-18,2187814.64051001,604900.5150695724,1582914.1254404378,0.5,False,halve,-0.15657254647153585,11,沪深300;创业板;纳指;黄金;国债ETF;消费ETF;医药ETF;证券ETF;有色ETF;科技ETF;军工ETF,沪深300;创业板;纳指;黄金;国债ETF,消费ETF;医药ETF;证券ETF;有色ETF;科技ETF;军工ETF
2020-02-19,2182489.4055752745,616470.6612746709,1566018.7443006036,0.5,False,halve,-0.15862548516994304,10,创业板;纳指;黄金;国债ETF;消费ETF;医药ETF;证券ETF;有色ETF;科技ETF;军工ETF,创业板;纳指;黄金;国债ETF,消费ETF;医药ETF;证券ETF;有色ETF;科技ETF;军工ETF
2020-02-20,2197802.907733702,623763.5664402683,1574039.3412934337,0.5,False,halve,-0.15272195573425265,11,沪深300;创业板;纳指;黄金;国债ETF;消费ETF;医药ETF;证券ETF;有色ETF;科技ETF;军工ETF,沪深300;创业板;纳指;黄金;国债ETF,消费ETF;医药ETF;证券ETF;有色ETF;科技ETF;军工ETF
2020-02-21,2204266.5740254563,643974.6902373834,1560291.883788073,0.5,False,halve,-0.15023013878597535,11,沪深300;创业板;纳指;黄金;国债ETF;消费ETF;医药ETF;证券ETF;有色ETF;科技ETF;军工ETF,沪深300;创业板;纳指;黄金;国债ETF,消费ETF;医药ETF;证券ETF;有色ETF;科技ETF;军工ETF
2020-02-24,2207515.7883588104,665198.5275146039,1542317.2608442064,0.5,False,halve,-0.14897752966616887,11,沪深300;创业板;纳指;黄金;国债ETF;消费ETF;医药ETF;证券ETF;有色ETF;科技ETF;军工ETF,沪深300;创业板;纳指;黄金;国债ETF,消费ETF;医药ETF;证券ETF;有色ETF;科技ETF;军工ETF
2020-02-25,2211267.8832066758,687246.7285791773,1524021.1546274985,0.5,False,halve,-0.1475310543824151,11,沪深300;创业板;纳指;黄金;国债ETF;消费ETF;医药ETF;证券ETF;有色ETF;科技ETF;军工ETF,沪深300;创业板;纳指;黄金;国债ETF,消费ETF;医药ETF;证券ETF;有色ETF;科技ETF;军工ETF
2020-02-26,2191036.029057614,647089.2661131492,1543946.7629444648,0.5,False,halve,-0.15533066450894964,11,沪深300;创业板;纳指;黄金;国债ETF;消费ETF;医药ETF;证券ETF;有色ETF;科技ETF;军工ETF,沪深300;创业板;纳指;黄金;国债ETF,消费ETF;医药ETF;证券ETF;有色ETF;科技ETF;军工ETF
2020-02-27,2192958.997506701,668014.9657113563,1524944.0317953448,0.5,False,halve,-0.15458933827765114,11,沪深300;创业板;纳指;黄金;国债ETF;消费ETF;医药ETF;证券ETF;有色ETF;科技ETF;军工ETF,沪深300;创业板;纳指;黄金;国债ETF,消费ETF;医药ETF;证券ETF;有色ETF;科技ETF;军工ETF
2020-02-28,2158627.7992977905,478152.86472607235,1680474.934571718,0.5,False,halve,-0.1678244060689391,6,创业板;纳指;黄金;国债ETF;科技ETF;军工ETF,创业板;纳指;黄金;国债ETF,科技ETF;军工ETF
2020-03-02,2175941.863449116,559715.2583544573,1616226.6050946584,0.5,False,halve,-0.16114963720736108,10,沪深300;创业板;纳指;黄金;国债ETF;消费ETF;医药ETF;证券ETF;科技ETF;军工ETF,沪深300;创业板;纳指;黄金;国债ETF,消费ETF;医药ETF;证券ETF;科技ETF;军工ETF
2020-03-03,2185645.546281836,573312.8103466715,1612332.7359351646,0.5,False,halve,-0.15740875699296542,9,创业板;纳指;黄金;国债ETF;消费ETF;医药ETF;证券ETF;科技ETF;军工ETF,创业板;纳指;黄金;国债ETF,消费ETF;医药ETF;证券ETF;科技ETF;军工ETF
2020-03-04,2188619.29731034,587634.1139827512,1600985.1833275892,0.5,False,halve,-0.15626234211349724,11,沪深300;创业板;纳指;黄金;国债ETF;消费ETF;医药ETF;证券ETF;有色ETF;科技ETF;军工ETF,沪深300;创业板;纳指;黄金;国债ETF,消费ETF;医药ETF;证券ETF;有色ETF;科技ETF;军工ETF
2020-03-05,2201310.891308041,598477.7188956381,1602833.1724124027,0.5,False,halve,-0.1513695881258,11,沪深300;创业板;纳指;黄金;国债ETF;消费ETF;医药ETF;证券ETF;有色ETF;科技ETF;军工ETF,沪深300;创业板;纳指;黄金;国债ETF,消费ETF;医药ETF;证券ETF;有色ETF;科技ETF;军工ETF
2020-03-06,2193800.14140272,606029.8076743244,1587770.3337283956,0.5,False,halve,-0.15426506772879653,10,创业板;纳指;黄金;国债ETF;消费ETF;医药ETF;证券ETF;有色ETF;科技ETF;军工ETF,创业板;纳指;黄金;国债ETF,消费ETF;医药ETF;证券ETF;有色ETF;科技ETF;军工ETF
2020-03-09,2169486.2411590302,577310.2655003034,1592175.9756587269,0.5,False,halve,-0.1636383531014092,8,创业板;纳指;黄金;国债ETF;消费ETF;医药ETF;证券ETF;军工ETF,创业板;纳指;黄金;国债ETF,消费ETF;医药ETF;证券ETF;军工ETF
2020-03-10,2185813.377227236,555598.9900248332,1630214.3872024028,0.5,False,halve,-0.1573440562526554,9,创业板;纳指;黄金;国债ETF;消费ETF;医药ETF;证券ETF;科技ETF;军工ETF,创业板;纳指;黄金;国债ETF,消费ETF;医药ETF;证券ETF;科技ETF;军工ETF
2020-03-11,2176901.1025609234,561121.6542704118,1615779.4482905115,0.5,False,halve,-0.16077983960823347,9,创业板;纳指;黄金;国债ETF;消费ETF;医药ETF;证券ETF;科技ETF;军工ETF,创业板;纳指;黄金;国债ETF,消费ETF;医药ETF;证券ETF;科技ETF;军工ETF
2020-03-12,2163548.0744101284,536266.2433298739,1627281.8310802546,0.5,False,halve,-0.16592758399278223,6,创业板;黄金;国债ETF;消费ETF;证券ETF;军工ETF,创业板;黄金;国债ETF,消费ETF;证券ETF;军工ETF
2020-03-13,2159529.7426107707,507326.5300090016,1652203.2126017692,0.5,False,halve,-0.1674766966526073,5,创业板;黄金;国债ETF;证券ETF;军工ETF,创业板;黄金;国债ETF,证券ETF;军工ETF
2020-03-16,2130986.301549469,0.0,2130986.301549469,0.5,False,halve,-0.1784805181663263,1,国债ETF,国债ETF,
2020-03-17,2131155.4274464175,0.0,2131155.4274464175,0.5,False,halve,-0.1784153182074506,1,国债ETF,国债ETF,
2020-03-18,2131324.566766056,0.0,2131324.566766056,0.5,False,halve,-0.17835011307397494,1,国债ETF,国债ETF,
2020-03-19,2131493.7195094503,0.0,2131493.7195094503,0.5,False,halve,-0.1782849027654888,1,国债ETF,国债ETF,
2020-03-20,2131662.8856776655,0.0,2131662.8856776655,0.5,False,halve,-0.17821968728158122,1,国债ETF,国债ETF,
2020-03-23,2131832.065271767,0.0,2131832.065271767,0.5,False,halve,-0.17815446662184167,1,国债ETF,国债ETF,
2020-03-24,2132001.2582928203,0.0,2132001.2582928203,0.5,False,halve,-0.17808924078585922,2,黄金;国债ETF,黄金;国债ETF,
2020-03-25,2132170.4647418913,0.0,2132170.4647418913,0.5,False,halve,-0.17802400977322316,2,黄金;国债ETF,黄金;国债ETF,
2020-03-26,2132339.6846200456,618960.0551524245,1513379.629467621,0.5,False,halve,-0.17795877358352252,3,黄金;国债ETF;医药ETF,黄金;国债ETF,医药ETF
2020-03-27,2133090.099669593,638626.8057197296,1494463.2939498634,0.4699486292723514,False,halve,-0.17766948003798633,5,沪深300;创业板;黄金;国债ETF;医药ETF,沪深300;创业板;黄金;国债ETF,医药ETF
2020-03-30,2123138.804013349,0.0,2123138.804013349,0.0,False,liquidate,-0.18150581781507424,2,黄金;国债ETF,黄金;国债ETF,
2020-03-31,2123307.3070930326,0.0,2123307.3070930326,0.0,False,liquidate,-0.18144085795934534,4,黄金;国债ETF;消费ETF;医药ETF,黄金;国债ETF,消费ETF;医药ETF
2020-04-01,2123475.8235459765,0.0,2123475.8235459765,0.0,False,liquidate,-0.18137589294807224,3,黄金;国债ETF;消费ETF,黄金;国债ETF,消费ETF
2020-04-02,2123644.353373242,0.0,2123644.353373242,0.0,False,liquidate,-0.1813109227808459,4,黄金;国债ETF;消费ETF;医药ETF,黄金;国债ETF,消费ETF;医药ETF
2020-04-03,2123812.896575891,0.0,2123812.896575891,0.0,False,liquidate,-0.18124594745725703,4,黄金;国债ETF;消费ETF;医药ETF,黄金;国债ETF,消费ETF;医药ETF
2020-04-07,2123981.4531549844,0.0,2123981.4531549844,0.0,False,liquidate,-0.18118096697689642,4,黄金;国债ETF;消费ETF;医药ETF,黄金;国债ETF,消费ETF;医药ETF
2020-04-08,2124150.023111584,0.0,2124150.023111584,0.0,False,liquidate,-0.18111598133935486,4,黄金;国债ETF;消费ETF;医药ETF,黄金;国债ETF,消费ETF;医药ETF
2020-04-09,2124318.606446752,0.0,2124318.606446752,0.0,False,liquidate,-0.18105099054422302,4,黄金;国债ETF;消费ETF;医药ETF,黄金;国债ETF,消费ETF;医药ETF
2020-04-10,2124487.2031615493,0.0,2124487.2031615493,0.0,False,liquidate,-0.18098599459109158,4,黄金;国债ETF;消费ETF;医药ETF,黄金;国债ETF,消费ETF;医药ETF
2020-04-13,2124655.8132570386,0.0,2124655.8132570386,0.0,False,liquidate,-0.18092099347955107,4,黄金;国债ETF;消费ETF;医药ETF,黄金;国债ETF,消费ETF;医药ETF
2020-04-14,2124824.4367342815,0.0,2124824.4367342815,0.0,False,liquidate,-0.18085598720919221,4,黄金;国债ETF;消费ETF;医药ETF,黄金;国债ETF,消费ETF;医药ETF
2020-04-15,2124993.0735943397,0.0,2124993.0735943397,0.0,False,liquidate,-0.18079097577960568,4,黄金;国债ETF;消费ETF;医药ETF,黄金;国债ETF,消费ETF;医药ETF
2020-04-16,2125161.7238382758,0.0,2125161.7238382758,0.0,False,liquidate,-0.1807259591903818,4,黄金;国债ETF;消费ETF;医药ETF,黄金;国债ETF,消费ETF;医药ETF
2020-04-17,2125330.387467152,0.0,2125330.387467152,0.0,False,liquidate,-0.18066093744111114,4,黄金;国债ETF;消费ETF;医药ETF,黄金;国债ETF,消费ETF;医药ETF
2020-04-20,2125499.0644820305,0.0,2125499.0644820305,0.0,False,liquidate,-0.18059591053138419,4,国债ETF;消费ETF;医药ETF;军工ETF,国债ETF,消费ETF;医药ETF;军工ETF
2020-04-21,2125667.7548839734,0.0,2125667.7548839734,0.0,False,liquidate,-0.1805308784607915,5,黄金;国债ETF;消费ETF;医药ETF;军工ETF,黄金;国债ETF,消费ETF;医药ETF;军工ETF
2020-04-22,2125836.4586740434,0.0,2125836.4586740434,0.0,False,liquidate,-0.18046584122892334,5,黄金;国债ETF;消费ETF;医药ETF;军工ETF,黄金;国债ETF,消费ETF;医药ETF;军工ETF
2020-04-23,2126005.175853303,0.0,2126005.175853303,0.0,False,liquidate,-0.1804007988353701,5,黄金;国债ETF;消费ETF;医药ETF;军工ETF,黄金;国债ETF,消费ETF;医药ETF;军工ETF
2020-04-24,2126173.9064228153,0.0,2126173.9064228153,0.0,False,liquidate,-0.18033575127972215,6,纳指;黄金;国债ETF;消费ETF;医药ETF;军工ETF,纳指;黄金;国债ETF,消费ETF;医药ETF;军工ETF
2020-04-27,2126342.6503836424,0.0,2126342.6503836424,0.0,False,liquidate,-0.18027069856156977,5,纳指;黄金;国债ETF;消费ETF;医药ETF,纳指;黄金;国债ETF,消费ETF;医药ETF
2020-04-28,2126511.4077368476,0.0,2126511.4077368476,0.0,False,liquidate,-0.18020564068050315,5,纳指;黄金;国债ETF;消费ETF;医药ETF,纳指;黄金;国债ETF,消费ETF;医药ETF
2020-04-29,2126680.1784834936,0.0,2126680.1784834936,0.0,False,liquidate,-0.18014057763611266,5,纳指;黄金;国债ETF;消费ETF;医药ETF,纳指;黄金;国债ETF,消费ETF;医药ETF
2020-04-30,2126848.962624643,0.0,2126848.962624643,0.0,False,liquidate,-0.18007550942798858,7,纳指;黄金;国债ETF;消费ETF;医药ETF;科技ETF;军工ETF,纳指;黄金;国债ETF,消费ETF;医药ETF;科技ETF;军工ETF
2020-05-06,2127017.7601613593,0.0,2127017.7601613593,0.0,False,liquidate,-0.18001043605572092,8,纳指;黄金;国债ETF;消费ETF;医药ETF;有色ETF;科技ETF;军工ETF,纳指;黄金;国债ETF,消费ETF;医药ETF;有色ETF;科技ETF;军工ETF
2020-05-07,2127186.5710947057,907262.7763738662,1219923.7947208395,0.5,False,halve,-0.17994535751889984,9,创业板;纳指;黄金;国债ETF;消费ETF;医药ETF;有色ETF;科技ETF;军工ETF,创业板;纳指;黄金;国债ETF,消费ETF;医药ETF;有色ETF;科技ETF;军工ETF
2020-05-08,2136872.1304712105,925768.7420909072,1211103.3883803033,0.5,False,halve,-0.17621146410322192,9,纳指;黄金;国债ETF;消费ETF;医药ETF;证券ETF;有色ETF;科技ETF;军工ETF,纳指;黄金;国债ETF,消费ETF;医药ETF;证券ETF;有色ETF;科技ETF;军工ETF
2020-05-11,2129133.036581655,935540.4262983499,1193592.6102833052,0.5,False,halve,-0.17919497291197722,9,纳指;黄金;国债ETF;消费ETF;医药ETF;证券ETF;有色ETF;科技ETF;军工ETF,纳指;黄金;国债ETF,消费ETF;医药ETF;证券ETF;有色ETF;科技ETF;军工ETF
2020-05-12,2130289.962261969,965395.7517159359,1164894.2105460335,0.5,False,halve,-0.17874896488990746,10,创业板;纳指;黄金;国债ETF;消费ETF;医药ETF;证券ETF;有色ETF;科技ETF;军工ETF,创业板;纳指;黄金;国债ETF,消费ETF;医药ETF;证券ETF;有色ETF;科技ETF;军工ETF
2020-05-13,2136552.3063013316,1068276.1531506658,1068276.1531506658,0.5,False,halve,-0.1763347599621046,11,沪深300;创业板;纳指;黄金;国债ETF;消费ETF;医药ETF;证券ETF;有色ETF;科技ETF;军工ETF,沪深300;创业板;纳指;黄金;国债ETF,消费ETF;医药ETF;证券ETF;有色ETF;科技ETF;军工ETF
2020-05-14,2129580.218837421,1064790.1094187105,1064790.1094187105,0.5,False,halve,-0.17902257906093513,10,沪深300;创业板;纳指;黄金;国债ETF;消费ETF;医药ETF;有色ETF;科技ETF;军工ETF,沪深300;创业板;纳指;黄金;国债ETF,消费ETF;医药ETF;有色ETF;科技ETF;军工ETF
2020-05-15,2129645.487965334,1064822.743982667,1064822.743982667,0.5,False,halve,-0.17899741706899552,11,沪深300;创业板;纳指;黄金;国债ETF;消费ETF;医药ETF;证券ETF;有色ETF;科技ETF;军工ETF,沪深300;创业板;纳指;黄金;国债ETF,消费ETF;医药ETF;证券ETF;有色ETF;科技ETF;军工ETF
2020-05-18,2141327.915616283,1070663.9578081416,1070663.9578081416,0.5,False,halve,-0.174493708197949,10,沪深300;创业板;纳指;黄金;国债ETF;消费ETF;医药ETF;有色ETF;科技ETF;军工ETF,沪深300;创业板;纳指;黄金;国债ETF,消费ETF;医药ETF;有色ETF;科技ETF;军工ETF
2020-05-19,2148928.551876952,1074464.2759384757,1074464.2759384762,0.5,False,halve,-0.17156357638155453,11,沪深300;创业板;纳指;黄金;国债ETF;消费ETF;医药ETF;证券ETF;有色ETF;科技ETF;军工ETF,沪深300;创业板;纳指;黄金;国债ETF,消费ETF;医药ETF;证券ETF;有色ETF;科技ETF;军工ETF
2020-05-20,2136785.1510147946,1068392.5755073973,1068392.5755073973,0.5,False,halve,-0.1762449956739847,10,沪深300;创业板;纳指;黄金;国债ETF;消费ETF;医药ETF;有色ETF;科技ETF;军工ETF,沪深300;创业板;纳指;黄金;国债ETF,消费ETF;医药ETF;有色ETF;科技ETF;军工ETF
2020-05-21,2127650.543902578,1063825.271951289,1063825.271951289,0.5,False,halve,-0.1797664907188501,10,沪深300;创业板;纳指;黄金;国债ETF;消费ETF;医药ETF;有色ETF;科技ETF;军工ETF,沪深300;创业板;纳指;黄金;国债ETF,消费ETF;医药ETF;有色ETF;科技ETF;军工ETF
2020-05-22,2105546.5874131094,0.0,2105546.5874131094,0.0,False,liquidate,-0.18828781761264507,10,沪深300;创业板;纳指;黄金;国债ETF;消费ETF;医药ETF;有色ETF;科技ETF;军工ETF,沪深300;创业板;纳指;黄金;国债ETF,消费ETF;医药ETF;有色ETF;科技ETF;军工ETF
2020-05-25,2105713.6942851264,0.0,2105713.6942851264,0.0,False,liquidate,-0.18822339601086827,7,沪深300;创业板;纳指;黄金;国债ETF;消费ETF;医药ETF,沪深300;创业板;纳指;黄金;国债ETF,消费ETF;医药ETF
2020-05-26,2105880.8144195937,0.0,2105880.8144195937,0.0,False,liquidate,-0.18815896929626588,10,沪深300;创业板;纳指;黄金;国债ETF;消费ETF;医药ETF;有色ETF;科技ETF;军工ETF,沪深300;创业板;纳指;黄金;国债ETF,消费ETF;医药ETF;有色ETF;科技ETF;军工ETF
2020-05-27,2106047.9478175635,0.0,2106047.9478175635,0.0,False,liquidate,-0.18809453746843222,9,沪深300;创业板;纳指;黄金;国债ETF;消费ETF;医药ETF;有色ETF;科技ETF,沪深300;创业板;纳指;黄金;国债ETF,消费ETF;医药ETF;有色ETF;科技ETF
2020-05-28,2106215.094480089,0.0,2106215.094480089,0.0,False,liquidate,-0.1880301005269614,8,沪深300;创业板;纳指;黄金;国债ETF;消费ETF;医药ETF;有色ETF,沪深300;创业板;纳指;黄金;国债ETF,消费ETF;医药ETF;有色ETF
2020-05-29,2106382.254408222,0.0,2106382.254408222,0.0,False,liquidate,-0.1879656584714477,9,沪深300;创业板;纳指;黄金;国债ETF;消费ETF;医药ETF;有色ETF;军工ETF,沪深300;创业板;纳指;黄金;国债ETF,消费ETF;医药ETF;有色ETF;军工ETF
2020-06-01,2106549.4276030166,0.0,2106549.4276030166,0.0,False,liquidate,-0.18790121130148507,11,沪深300;创业板;纳指;黄金;国债ETF;消费ETF;医药ETF;证券ETF;有色ETF;科技ETF;军工ETF,沪深300;创业板;纳指;黄金;国债ETF,消费ETF;医药ETF;证券ETF;有色ETF;科技ETF;军工ETF
2020-06-02,2106716.6140655247,0.0,2106716.6140655247,0.0,False,liquidate,-0.18783675901666777,10,沪深300;创业板;纳指;黄金;消费ETF;医药ETF;证券ETF;有色ETF;科技ETF;军工ETF,沪深300;创业板;纳指;黄金,消费ETF;医药ETF;证券ETF;有色ETF;科技ETF;军工ETF
2020-06-03,2106883.8137967996,0.0,2106883.8137967996,0.0,False,liquidate,-0.18777230161658975,9,沪深300;创业板;纳指;黄金;消费ETF;医药ETF;有色ETF;科技ETF;军工ETF,沪深300;创业板;纳指;黄金,消费ETF;医药ETF;有色ETF;科技ETF;军工ETF
2020-06-04,2107051.026797895,0.0,2107051.026797895,0.0,False,liquidate,-0.18770783910084496,9,沪深300;创业板;纳指;黄金;消费ETF;医药ETF;有色ETF;科技ETF;军工ETF,沪深300;创业板;纳指;黄金,消费ETF;医药ETF;有色ETF;科技ETF;军工ETF
2020-06-05,2107218.253069863,0.0,2107218.253069863,0.0,False,liquidate,-0.18764337146902746,10,沪深300;创业板;纳指;黄金;消费ETF;医药ETF;证券ETF;有色ETF;科技ETF;军工ETF,沪深300;创业板;纳指;黄金,消费ETF;医药ETF;证券ETF;有色ETF;科技ETF;军工ETF
2020-06-08,2107385.4926137575,0.0,2107385.4926137575,0.0,False,liquidate,-0.18757889872073139,8,沪深300;创业板;纳指;黄金;消费ETF;医药ETF;有色ETF;科技ETF,沪深300;创业板;纳指;黄金,消费ETF;医药ETF;有色ETF;科技ETF
2020-06-09,2107552.7454306316,0.0,2107552.7454306316,0.0,False,liquidate,-0.1875144208555505,9,沪深300;创业板;纳指;黄金;消费ETF;医药ETF;证券ETF;有色ETF;科技ETF,沪深300;创业板;纳指;黄金,消费ETF;医药ETF;证券ETF;有色ETF;科技ETF
2020-06-10,2107720.0115215387,0.0,2107720.0115215387,0.0,False,liquidate,-0.18744993787307876,9,沪深300;创业板;纳指;黄金;消费ETF;医药ETF;证券ETF;有色ETF;科技ETF,沪深300;创业板;纳指;黄金,消费ETF;医药ETF;证券ETF;有色ETF;科技ETF
2020-06-11,2107887.2908875328,0.0,2107887.2908875328,0.0,False,liquidate,-0.18738544977290986,8,沪深300;创业板;纳指;黄金;消费ETF;医药ETF;有色ETF;科技ETF,沪深300;创业板;纳指;黄金,消费ETF;医药ETF;有色ETF;科技ETF
2020-06-12,2108054.583529667,0.0,2108054.583529667,0.0,False,liquidate,-0.18732095655463774,8,沪深300;创业板;纳指;黄金;消费ETF;医药ETF;有色ETF;科技ETF,沪深300;创业板;纳指;黄金,消费ETF;医药ETF;有色ETF;科技ETF
2020-06-15,2108221.889448995,0.0,2108221.889448995,0.0,False,liquidate,-0.18725645821785636,8,沪深300;创业板;纳指;黄金;消费ETF;医药ETF;有色ETF;科技ETF,沪深300;创业板;纳指;黄金,消费ETF;医药ETF;有色ETF;科技ETF
2020-06-16,2108389.2086465703,0.0,2108389.2086465703,0.0,False,liquidate,-0.18719195476215925,9,沪深300;创业板;纳指;黄金;消费ETF;医药ETF;证券ETF;有色ETF;科技ETF,沪深300;创业板;纳指;黄金,消费ETF;医药ETF;证券ETF;有色ETF;科技ETF
2020-06-17,2108556.541123447,0.0,2108556.541123447,0.0,False,liquidate,-0.1871274461871404,10,沪深300;创业板;纳指;黄金;消费ETF;医药ETF;证券ETF;有色ETF;科技ETF;军工ETF,沪深300;创业板;纳指;黄金,消费ETF;医药ETF;证券ETF;有色ETF;科技ETF;军工ETF
2020-06-18,2108723.886880679,0.0,2108723.886880679,0.0,False,liquidate,-0.18706293249239334,9,沪深300;创业板;纳指;黄金;消费ETF;医药ETF;证券ETF;有色ETF;科技ETF,沪深300;创业板;纳指;黄金,消费ETF;医药ETF;证券ETF;有色ETF;科技ETF
2020-06-19,2108891.2459193203,0.0,2108891.2459193203,0.0,False,liquidate,-0.18699841367751183,9,沪深300;创业板;纳指;黄金;消费ETF;医药ETF;证券ETF;有色ETF;科技ETF,沪深300;创业板;纳指;黄金,消费ETF;医药ETF;证券ETF;有色ETF;科技ETF
2020-06-22,2109058.618240425,0.0,2109058.618240425,0.0,False,liquidate,-0.18693388974208944,10,沪深300;创业板;纳指;黄金;消费ETF;医药ETF;证券ETF;有色ETF;科技ETF;军工ETF,沪深300;创业板;纳指;黄金,消费ETF;医药ETF;证券ETF;有色ETF;科技ETF;军工ETF
2020-06-23,2109226.003845047,0.0,2109226.003845047,0.0,False,liquidate,-0.18686936068571974,10,沪深300;创业板;纳指;黄金;消费ETF;医药ETF;证券ETF;有色ETF;科技ETF;军工ETF,沪深300;创业板;纳指;黄金,消费ETF;医药ETF;证券ETF;有色ETF;科技ETF;军工ETF
2020-06-24,2109393.4027342414,0.0,2109393.4027342414,0.0,False,liquidate,-0.18680482650799632,10,沪深300;创业板;纳指;黄金;消费ETF;医药ETF;证券ETF;有色ETF;科技ETF;军工ETF,沪深300;创业板;纳指;黄金,消费ETF;医药ETF;证券ETF;有色ETF;科技ETF;军工ETF
2020-06-29,2109560.814909062,0.0,2109560.814909062,0.0,False,liquidate,-0.1867402872085127,10,沪深300;创业板;纳指;黄金;消费ETF;医药ETF;证券ETF;有色ETF;科技ETF;军工ETF,沪深300;创业板;纳指;黄金,消费ETF;医药ETF;证券ETF;有色ETF;科技ETF;军工ETF
2020-06-30,2109728.2403705628,0.0,2109728.2403705628,0.0,False,liquidate,-0.18667574278686253,10,沪深300;创业板;纳指;黄金;消费ETF;医药ETF;证券ETF;有色ETF;科技ETF;军工ETF,沪深300;创业板;纳指;黄金,消费ETF;医药ETF;证券ETF;有色ETF;科技ETF;军工ETF
2020-07-01,2109895.679119799,0.0,2109895.679119799,0.0,False,liquidate,-0.18661119324263917,10,沪深300;创业板;纳指;黄金;消费ETF;医药ETF;证券ETF;有色ETF;科技ETF;军工ETF,沪深300;创业板;纳指;黄金,消费ETF;医药ETF;证券ETF;有色ETF;科技ETF;军工ETF
2020-07-02,2110063.1311578243,0.0,2110063.1311578243,0.0,False,liquidate,-0.18654663857543616,10,沪深300;创业板;纳指;黄金;消费ETF;医药ETF;证券ETF;有色ETF;科技ETF;军工ETF,沪深300;创业板;纳指;黄金,消费ETF;医药ETF;证券ETF;有色ETF;科技ETF;军工ETF
2020-07-03,2110230.596485694,0.0,2110230.596485694,0.0,False,liquidate,-0.1864820787848469,10,沪深300;创业板;纳指;黄金;消费ETF;医药ETF;证券ETF;有色ETF;科技ETF;军工ETF,沪深300;创业板;纳指;黄金,消费ETF;医药ETF;证券ETF;有色ETF;科技ETF;军工ETF
2020-07-06,2110398.075104463,0.0,2110398.075104463,0.0,False,liquidate,-0.18641751387046465,10,沪深300;创业板;纳指;黄金;消费ETF;医药ETF;证券ETF;有色ETF;科技ETF;军工ETF,沪深300;创业板;纳指;黄金,消费ETF;医药ETF;证券ETF;有色ETF;科技ETF;军工ETF
2020-07-07,2110565.5670151855,0.0,2110565.5670151855,0.0,False,liquidate,-0.18635294383188294,10,沪深300;创业板;纳指;黄金;消费ETF;医药ETF;证券ETF;有色ETF;科技ETF;军工ETF,沪深300;创业板;纳指;黄金,消费ETF;医药ETF;证券ETF;有色ETF;科技ETF;军工ETF
2020-07-08,2110733.072218917,0.0,2110733.072218917,0.0,False,liquidate,-0.186288368668695,10,沪深300;创业板;纳指;黄金;消费ETF;医药ETF;证券ETF;有色ETF;科技ETF;军工ETF,沪深300;创业板;纳指;黄金,消费ETF;医药ETF;证券ETF;有色ETF;科技ETF;军工ETF
2020-07-09,2110900.590716712,0.0,2110900.590716712,0.0,False,liquidate,-0.18622378838049403,10,沪深300;创业板;纳指;黄金;消费ETF;医药ETF;证券ETF;有色ETF;科技ETF;军工ETF,沪深300;创业板;纳指;黄金,消费ETF;医药ETF;证券ETF;有色ETF;科技ETF;军工ETF
2020-07-10,2111068.122509626,0.0,2111068.122509626,0.0,False,liquidate,-0.18615920296687344,10,沪深300;创业板;纳指;黄金;消费ETF;医药ETF;证券ETF;有色ETF;科技ETF;军工ETF,沪深300;创业板;纳指;黄金,消费ETF;医药ETF;证券ETF;有色ETF;科技ETF;军工ETF
2020-07-13,2111235.6675987146,0.0,2111235.6675987146,0.0,False,liquidate,-0.18609461242742625,10,沪深300;创业板;纳指;黄金;消费ETF;医药ETF;证券ETF;有色ETF;科技ETF;军工ETF,沪深300;创业板;纳指;黄金,消费ETF;医药ETF;证券ETF;有色ETF;科技ETF;军工ETF
2020-07-14,2111403.225985032,0.0,2111403.225985032,0.0,False,liquidate,-0.18603001676174585,10,沪深300;创业板;纳指;黄金;消费ETF;医药ETF;证券ETF;有色ETF;科技ETF;军工ETF,沪深300;创业板;纳指;黄金,消费ETF;医药ETF;证券ETF;有色ETF;科技ETF;军工ETF
2020-07-15,2111570.797669634,0.0,2111570.797669634,0.0,False,liquidate,-0.18596541596942526,10,沪深300;创业板;纳指;黄金;消费ETF;医药ETF;证券ETF;有色ETF;科技ETF;军工ETF,沪深300;创业板;纳指;黄金,消费ETF;医药ETF;证券ETF;有色ETF;科技ETF;军工ETF
2020-07-16,2111738.3826535763,0.0,2111738.3826535763,0.0,False,liquidate,-0.18590081005005774,10,沪深300;创业板;纳指;黄金;消费ETF;医药ETF;证券ETF;有色ETF;科技ETF;军工ETF,沪深300;创业板;纳指;黄金,消费ETF;医药ETF;证券ETF;有色ETF;科技ETF;军工ETF
2020-07-17,2111905.980937914,0.0,2111905.980937914,0.0,False,liquidate,-0.18583619900323628,10,沪深300;创业板;纳指;黄金;消费ETF;医药ETF;证券ETF;有色ETF;科技ETF;军工ETF,沪深300;创业板;纳指;黄金,消费ETF;医药ETF;证券ETF;有色ETF;科技ETF;军工ETF
2020-07-20,2112073.592523703,0.0,2112073.592523703,0.0,False,liquidate,-0.18577158282855394,10,沪深300;创业板;纳指;黄金;消费ETF;医药ETF;证券ETF;有色ETF;科技ETF;军工ETF,沪深300;创业板;纳指;黄金,消费ETF;医药ETF;证券ETF;有色ETF;科技ETF;军工ETF
2020-07-21,2112241.2174119987,0.0,2112241.2174119987,0.0,False,liquidate,-0.18570696152560373,10,沪深300;创业板;纳指;黄金;消费ETF;医药ETF;证券ETF;有色ETF;科技ETF;军工ETF,沪深300;创业板;纳指;黄金,消费ETF;医药ETF;证券ETF;有色ETF;科技ETF;军工ETF
2020-07-22,2112408.855603857,0.0,2112408.855603857,0.0,False,liquidate,-0.1856423350939787,10,沪深300;创业板;纳指;黄金;消费ETF;医药ETF;证券ETF;有色ETF;科技ETF;军工ETF,沪深300;创业板;纳指;黄金,消费ETF;医药ETF;证券ETF;有色ETF;科技ETF;军工ETF
2020-07-23,2112576.5071003335,0.0,2112576.5071003335,0.0,False,liquidate,-0.18557770353327185,10,沪深300;创业板;纳指;黄金;消费ETF;医药ETF;证券ETF;有色ETF;科技ETF;军工ETF,沪深300;创业板;纳指;黄金,消费ETF;医药ETF;证券ETF;有色ETF;科技ETF;军工ETF
2020-07-24,2112744.1719024843,0.0,2112744.1719024843,0.0,False,liquidate,-0.1855130668430761,10,沪深300;创业板;纳指;黄金;消费ETF;医药ETF;证券ETF;有色ETF;科技ETF;军工ETF,沪深300;创业板;纳指;黄金,消费ETF;医药ETF;证券ETF;有色ETF;科技ETF;军工ETF
2020-07-27,2112911.8500113655,0.0,2112911.8500113655,0.0,False,liquidate,-0.18544842502298425,10,沪深300;创业板;纳指;黄金;消费ETF;医药ETF;证券ETF;有色ETF;科技ETF;军工ETF,沪深300;创业板;纳指;黄金,消费ETF;医药ETF;证券ETF;有色ETF;科技ETF;军工ETF
2020-07-28,2113079.5414280333,0.0,2113079.5414280333,0.0,False,liquidate,-0.18538377807258918,10,沪深300;创业板;纳指;黄金;消费ETF;医药ETF;证券ETF;有色ETF;科技ETF;军工ETF,沪深300;创业板;纳指;黄金,消费ETF;医药ETF;证券ETF;有色ETF;科技ETF;军工ETF
2020-07-29,2113247.2461535437,0.0,2113247.2461535437,0.0,False,liquidate,-0.1853191259914837,10,沪深300;创业板;纳指;黄金;消费ETF;医药ETF;证券ETF;有色ETF;科技ETF;军工ETF,沪深300;创业板;纳指;黄金,消费ETF;医药ETF;证券ETF;有色ETF;科技ETF;军工ETF
2020-07-30,2113414.964188953,0.0,2113414.964188953,0.0,False,liquidate,-0.18525446877926074,10,沪深300;创业板;纳指;黄金;消费ETF;医药ETF;证券ETF;有色ETF;科技ETF;军工ETF,沪深300;创业板;纳指;黄金,消费ETF;医药ETF;证券ETF;有色ETF;科技ETF;军工ETF
2020-07-31,2113582.695535317,0.0,2113582.695535317,0.0,False,liquidate,-0.18518980643551308,10,沪深300;创业板;纳指;黄金;消费ETF;医药ETF;证券ETF;有色ETF;科技ETF;军工ETF,沪深300;创业板;纳指;黄金,消费ETF;医药ETF;证券ETF;有色ETF;科技ETF;军工ETF
2020-08-03,2113750.440193693,0.0,2113750.440193693,0.0,False,liquidate,-0.18512513895983326,10,沪深300;创业板;纳指;黄金;消费ETF;医药ETF;证券ETF;有色ETF;科技ETF;军工ETF,沪深300;创业板;纳指;黄金,消费ETF;医药ETF;证券ETF;有色ETF;科技ETF;军工ETF
2020-08-04,2113918.1981651373,0.0,2113918.1981651373,0.0,False,liquidate,-0.1850604663518141,10,沪深300;创业板;纳指;黄金;消费ETF;医药ETF;证券ETF;有色ETF;科技ETF;军工ETF,沪深300;创业板;纳指;黄金,消费ETF;医药ETF;证券ETF;有色ETF;科技ETF;军工ETF
2020-08-05,2114085.969450706,0.0,2114085.969450706,0.0,False,liquidate,-0.18499578861104832,10,沪深300;创业板;纳指;黄金;消费ETF;医药ETF;证券ETF;有色ETF;科技ETF;军工ETF,沪深300;创业板;纳指;黄金,消费ETF;医药ETF;证券ETF;有色ETF;科技ETF;军工ETF
2020-08-06,2114253.754051456,0.0,2114253.754051456,0.0,False,liquidate,-0.18493110573712854,10,沪深300;创业板;纳指;黄金;消费ETF;医药ETF;证券ETF;有色ETF;科技ETF;军工ETF,沪深300;创业板;纳指;黄金,消费ETF;医药ETF;证券ETF;有色ETF;科技ETF;军工ETF
2020-08-07,2114421.5519684446,0.0,2114421.5519684446,0.0,False,liquidate,-0.18486641772964732,10,沪深300;创业板;纳指;黄金;消费ETF;医药ETF;证券ETF;有色ETF;科技ETF;军工ETF,沪深300;创业板;纳指;黄金,消费ETF;医药ETF;证券ETF;有色ETF;科技ETF;军工ETF
2020-08-10,2114589.363202728,0.0,2114589.363202728,0.0,False,liquidate,-0.18480172458819727,10,沪深300;创业板;纳指;黄金;消费ETF;医药ETF;证券ETF;有色ETF;科技ETF;军工ETF,沪深300;创业板;纳指;黄金,消费ETF;医药ETF;证券ETF;有色ETF;科技ETF;军工ETF
2020-08-11,2114757.187755363,0.0,2114757.187755363,0.0,False,liquidate,-0.1847370263123709,10,沪深300;创业板;纳指;黄金;消费ETF;医药ETF;证券ETF;有色ETF;科技ETF;军工ETF,沪深300;创业板;纳指;黄金,消费ETF;医药ETF;证券ETF;有色ETF;科技ETF;军工ETF
2020-08-12,2114925.0256274072,0.0,2114925.0256274072,0.0,False,liquidate,-0.18467232290176072,10,沪深300;创业板;纳指;黄金;消费ETF;医药ETF;证券ETF;有色ETF;科技ETF;军工ETF,沪深300;创业板;纳指;黄金,消费ETF;医药ETF;证券ETF;有色ETF;科技ETF;军工ETF
2020-08-13,2115092.8768199175,0.0,2115092.8768199175,0.0,False,liquidate,-0.18460761435595924,9,沪深300;创业板;纳指;黄金;消费ETF;医药ETF;证券ETF;有色ETF;军工ETF,沪深300;创业板;纳指;黄金,消费ETF;医药ETF;证券ETF;有色ETF;军工ETF
2020-08-14,2115260.741333951,0.0,2115260.741333951,0.0,False,liquidate,-0.18454290067455892,10,沪深300;创业板;纳指;黄金;消费ETF;医药ETF;证券ETF;有色ETF;科技ETF;军工ETF,沪深300;创业板;纳指;黄金,消费ETF;医药ETF;证券ETF;有色ETF;科技ETF;军工ETF
2020-08-17,2115428.6191705647,0.0,2115428.6191705647,0.0,False,liquidate,-0.1844781818571521,10,沪深300;创业板;纳指;黄金;消费ETF;医药ETF;证券ETF;有色ETF;科技ETF;军工ETF,沪深300;创业板;纳指;黄金,消费ETF;医药ETF;证券ETF;有色ETF;科技ETF;军工ETF
2020-08-18,2115596.5103308163,0.0,2115596.5103308163,0.0,False,liquidate,-0.18441345790333127,10,沪深300;创业板;纳指;黄金;消费ETF;医药ETF;证券ETF;有色ETF;科技ETF;军工ETF,沪深300;创业板;纳指;黄金,消费ETF;医药ETF;证券ETF;有色ETF;科技ETF;军工ETF
2020-08-19,2115764.4148157635,0.0,2115764.4148157635,0.0,False,liquidate,-0.18434872881268854,8,沪深300;创业板;纳指;黄金;消费ETF;证券ETF;有色ETF;军工ETF,沪深300;创业板;纳指;黄金,消费ETF;证券ETF;有色ETF;军工ETF
2020-08-20,2115932.3326264634,0.0,2115932.3326264634,0.0,False,liquidate,-0.18428399458481645,8,沪深300;创业板;纳指;黄金;消费ETF;证券ETF;有色ETF;军工ETF,沪深300;创业板;纳指;黄金,消费ETF;证券ETF;有色ETF;军工ETF
2020-08-21,2116100.2637639735,0.0,2116100.2637639735,0.0,False,liquidate,-0.18421925521930727,8,沪深300;创业板;纳指;黄金;消费ETF;证券ETF;有色ETF;军工ETF,沪深300;创业板;纳指;黄金,消费ETF;证券ETF;有色ETF;军工ETF
2020-08-24,2116268.208229352,0.0,2116268.208229352,0.0,False,liquidate,-0.18415451071575317,8,沪深300;创业板;纳指;黄金;消费ETF;证券ETF;有色ETF;军工ETF,沪深300;创业板;纳指;黄金,消费ETF;证券ETF;有色ETF;军工ETF
2020-08-25,2116436.166023656,0.0,2116436.166023656,0.0,False,liquidate,-0.18408976107374644,8,沪深300;创业板;纳指;黄金;消费ETF;医药ETF;证券ETF;军工ETF,沪深300;创业板;纳指;黄金,消费ETF;医药ETF;证券ETF;军工ETF
2020-08-26,2116604.1371479435,0.0,2116604.1371479435,0.0,False,liquidate,-0.18402500629287924,6,沪深300;创业板;纳指;黄金;消费ETF;军工ETF,沪深300;创业板;纳指;黄金,消费ETF;军工ETF
2020-08-27,2116772.121603273,0.0,2116772.121603273,0.0,False,liquidate,-0.1839602463727437,7,沪深300;创业板;纳指;黄金;消费ETF;医药ETF;军工ETF,沪深300;创业板;纳指;黄金,消费ETF;医药ETF;军工ETF
2020-08-28,2116940.119390702,0.0,2116940.119390702,0.0,False,liquidate,-0.18389548131293193,9,沪深300;创业板;纳指;黄金;消费ETF;医药ETF;证券ETF;科技ETF;军工ETF,沪深300;创业板;纳指;黄金,消费ETF;医药ETF;证券ETF;科技ETF;军工ETF
2020-08-31,2117108.1305112885,0.0,2117108.1305112885,0.0,False,liquidate,-0.18383071111303612,9,沪深300;创业板;纳指;黄金;消费ETF;医药ETF;证券ETF;有色ETF;军工ETF,沪深300;创业板;纳指;黄金,消费ETF;医药ETF;证券ETF;有色ETF;军工ETF
2020-09-01,2117276.1549660913,0.0,2117276.1549660913,0.0,False,liquidate,-0.18376593577264816,9,沪深300;创业板;纳指;黄金;消费ETF;医药ETF;证券ETF;有色ETF;军工ETF,沪深300;创业板;纳指;黄金,消费ETF;医药ETF;证券ETF;有色ETF;军工ETF
2020-09-02,2117444.192756168,0.0,2117444.192756168,0.0,False,liquidate,-0.18370115529136022,9,沪深300;创业板;纳指;黄金;消费ETF;医药ETF;证券ETF;科技ETF;军工ETF,沪深300;创业板;纳指;黄金,消费ETF;医药ETF;证券ETF;科技ETF;军工ETF
2020-09-03,2117612.2438825774,0.0,2117612.2438825774,0.0,False,liquidate,-0.18363636966876426,6,沪深300;纳指;黄金;消费ETF;医药ETF;军工ETF,沪深300;纳指;黄金,消费ETF;医药ETF;军工ETF
2020-09-04,2117780.3083463777,0.0,2117780.3083463777,0.0,False,liquidate,-0.18357157890445222,4,纳指;黄金;消费ETF;军工ETF,纳指;黄金,消费ETF;军工ETF
2020-09-07,2117948.3861486274,0.0,2117948.3861486274,0.0,False,liquidate,-0.18350678299801607,3,纳指;黄金;消费ETF,纳指;黄金,消费ETF
2020-09-08,2118116.4772903854,0.0,2118116.4772903854,0.0,False,liquidate,-0.1834419819490476,3,纳指;黄金;消费ETF,纳指;黄金,消费ETF
2020-09-09,2118284.58177271,0.0,2118284.58177271,0.0,False,liquidate,-0.18337717575713872,3,沪深300;纳指;黄金,沪深300;纳指;黄金,
2020-09-10,2118452.6995966607,0.0,2118452.6995966607,0.0,False,liquidate,-0.18331236442188126,3,沪深300;纳指;黄金,沪深300;纳指;黄金,
2020-09-11,2118620.8307632953,0.0,2118620.8307632953,0.0,False,liquidate,-0.18324754794286713,3,纳指;黄金;消费ETF,纳指;黄金,消费ETF
2020-09-14,2118788.9752736734,0.0,2118788.9752736734,0.0,False,liquidate,-0.18318272631968796,2,纳指;黄金,纳指;黄金,
2020-09-15,2118957.133128854,0.0,2118957.133128854,0.0,False,liquidate,-0.1831178995519355,3,纳指;黄金;消费ETF,纳指;黄金,消费ETF
2020-09-16,2119125.304329896,0.0,2119125.304329896,0.0,False,liquidate,-0.18305306763920157,2,纳指;黄金,纳指;黄金,
2020-09-17,2119293.4888778585,0.0,2119293.4888778585,0.0,False,liquidate,-0.18298823058107772,2,沪深300;纳指,沪深300;纳指,
2020-09-18,2119461.686773801,0.0,2119461.686773801,0.0,False,liquidate,-0.18292338837715558,2,沪深300;纳指,沪深300;纳指,
2020-09-21,2119629.8980187834,0.0,2119629.8980187834,0.0,False,liquidate,-0.1828585410270267,2,沪深300;纳指,沪深300;纳指,
2020-09-22,2119798.1226138645,0.0,2119798.1226138645,0.0,False,liquidate,-0.18279368853028274,1,纳指,纳指,
2020-09-23,2119966.360560104,0.0,2119966.360560104,0.0,False,liquidate,-0.18272883088651526,1,纳指,纳指,
2020-09-24,2120134.611858561,0.0,2120134.611858561,0.0,False,liquidate,-0.18266396809531568,1,纳指,纳指,
2020-09-25,2120302.876510296,0.0,2120302.876510296,0.0,False,liquidate,-0.18259910015627562,1,纳指,纳指,
2020-09-28,2120471.154516368,0.0,2120471.154516368,0.0,False,liquidate,-0.18253422706898648,1,纳指,纳指,
2020-09-29,2120639.445877838,0.0,2120639.445877838,0.0,False,liquidate,-0.18246934883303947,1,纳指,纳指,
2020-09-30,2120807.7505957647,0.0,2120807.7505957647,0.0,False,liquidate,-0.18240446544802624,1,纳指,纳指,
2020-10-09,2120976.068671209,0.0,2120976.068671209,0.0,False,liquidate,-0.182339576913538,1,纳指,纳指,
2020-10-12,2121144.4001052305,0.0,2121144.4001052305,0.0,False,liquidate,-0.18227468322916598,8,沪深300;创业板;纳指;消费ETF;医药ETF;证券ETF;科技ETF;军工ETF,沪深300;创业板;纳指,消费ETF;医药ETF;证券ETF;科技ETF;军工ETF
2020-10-13,2121312.7448988897,0.0,2121312.7448988897,0.0,False,liquidate,-0.18220978439450164,8,沪深300;创业板;纳指;消费ETF;医药ETF;证券ETF;科技ETF;军工ETF,沪深300;创业板;纳指,消费ETF;医药ETF;证券ETF;科技ETF;军工ETF
2020-10-14,2121481.1030532466,0.0,2121481.1030532466,0.0,False,liquidate,-0.18214488040913615,8,沪深300;创业板;纳指;消费ETF;医药ETF;证券ETF;科技ETF;军工ETF,沪深300;创业板;纳指,消费ETF;医药ETF;证券ETF;科技ETF;军工ETF
2020-10-15,2121649.474569362,0.0,2121649.474569362,0.0,False,liquidate,-0.18207997127266062,8,沪深300;创业板;纳指;消费ETF;医药ETF;证券ETF;科技ETF;军工ETF,沪深300;创业板;纳指,消费ETF;医药ETF;证券ETF;科技ETF;军工ETF
2020-10-16,2121817.8594482965,0.0,2121817.8594482965,0.0,False,liquidate,-0.18201505698466627,8,沪深300;创业板;纳指;消费ETF;医药ETF;证券ETF;科技ETF;军工ETF,沪深300;创业板;纳指,消费ETF;医药ETF;证券ETF;科技ETF;军工ETF
2020-10-19,2121986.25769111,0.0,2121986.25769111,0.0,False,liquidate,-0.18195013754474437,2,纳指;医药ETF,纳指,医药ETF
2020-10-20,2122154.6692988635,0.0,2122154.6692988635,0.0,True,liquidate,-0.18188521295248591,0,,创业板;纳指,消费ETF;医药ETF;证券ETF;科技ETF;军工ETF
2020-10-21,2122154.6692988635,0.0,2122154.6692988635,0.0,True,liquidate,-0.18188521295248591,0,,沪深300;创业板;纳指,消费ETF;医药ETF
2020-10-22,2122154.6692988635,0.0,2122154.6692988635,0.0,True,liquidate,-0.18188521295248591,0,,沪深300;创业板;纳指,消费ETF;证券ETF
2020-10-23,2122154.6692988635,0.0,2122154.6692988635,0.0,True,liquidate,-0.18188521295248591,0,,沪深300;纳指,
2020-10-26,2122154.6692988635,0.0,2122154.6692988635,0.0,True,liquidate,-0.18188521295248591,0,,纳指,
2020-10-27,2122154.6692988635,0.0,2122154.6692988635,0.0,True,liquidate,-0.18188521295248591,0,,国债ETF,
2020-10-28,2122154.6692988635,0.0,2122154.6692988635,0.0,True,liquidate,-0.18188521295248591,0,,沪深300;创业板;国债ETF,消费ETF;医药ETF;科技ETF
2020-10-29,2122154.6692988635,0.0,2122154.6692988635,0.0,True,liquidate,-0.18188521295248591,0,,沪深300;创业板;国债ETF,消费ETF;医药ETF;科技ETF
2020-10-30,2122154.6692988635,0.0,2122154.6692988635,0.0,True,liquidate,-0.18188521295248591,0,,国债ETF,医药ETF
2020-11-02,2122154.6692988635,0.0,2122154.6692988635,0.0,True,liquidate,-0.18188521295248591,0,,国债ETF,医药ETF
2020-11-03,2122154.6692988635,0.0,2122154.6692988635,0.0,True,liquidate,-0.18188521295248591,0,,国债ETF,消费ETF;医药ETF;有色ETF;科技ETF
2020-11-04,2122154.6692988635,0.0,2122154.6692988635,0.0,True,liquidate,-0.18188521295248591,0,,国债ETF,消费ETF;医药ETF;有色ETF;科技ETF
2020-11-05,2122154.6692988635,0.0,2122154.6692988635,0.0,True,liquidate,-0.18188521295248591,0,,沪深300;创业板;国债ETF,消费ETF;医药ETF;有色ETF;科技ETF
2020-11-06,2122154.6692988635,0.0,2122154.6692988635,0.0,True,liquidate,-0.18188521295248591,0,,沪深300;国债ETF,消费ETF;有色ETF;科技ETF
2020-11-09,2122154.6692988635,0.0,2122154.6692988635,0.0,True,liquidate,-0.18188521295248591,0,,沪深300;创业板;纳指;国债ETF,消费ETF;医药ETF;证券ETF;有色ETF;科技ETF
2020-11-10,2122154.6692988635,0.0,2122154.6692988635,0.0,True,liquidate,-0.18188521295248591,0,,沪深300;创业板;国债ETF,消费ETF;医药ETF;证券ETF;有色ETF;科技ETF
2020-11-11,2122154.6692988635,0.0,2122154.6692988635,0.0,True,liquidate,-0.18188521295248591,0,,沪深300;创业板;国债ETF,消费ETF;有色ETF;科技ETF
2020-11-12,2122154.6692988635,0.0,2122154.6692988635,0.0,True,liquidate,-0.18188521295248591,0,,沪深300;创业板,消费ETF;有色ETF;科技ETF
2020-11-13,2122154.6692988635,0.0,2122154.6692988635,0.0,True,liquidate,-0.18188521295248591,0,,沪深300;创业板,消费ETF;有色ETF;科技ETF
2020-11-16,2122154.6692988635,0.0,2122154.6692988635,0.0,True,liquidate,-0.18188521295248591,0,,沪深300;创业板;国债ETF,消费ETF;有色ETF;科技ETF
2020-11-17,2122154.6692988635,0.0,2122154.6692988635,0.0,True,liquidate,-0.18188521295248591,0,,沪深300;创业板,消费ETF;有色ETF;科技ETF
2020-11-18,2122154.6692988635,0.0,2122154.6692988635,0.0,True,liquidate,-0.18188521295248591,0,,沪深300;创业板,消费ETF;有色ETF
2020-11-19,2122154.6692988635,0.0,2122154.6692988635,0.0,True,liquidate,-0.18188521295248591,0,,沪深300;创业板,消费ETF;有色ETF;科技ETF;军工ETF
2020-11-20,2122154.6692988635,0.0,2122154.6692988635,0.0,True,liquidate,-0.18188521295248591,0,,沪深300;创业板,消费ETF;有色ETF;科技ETF;军工ETF
2020-11-23,2122154.6692988635,0.0,2122154.6692988635,0.0,True,liquidate,-0.18188521295248591,0,,沪深300;创业板,消费ETF;证券ETF;有色ETF;军工ETF
2020-11-24,2122154.6692988635,0.0,2122154.6692988635,0.0,True,liquidate,-0.18188521295248591,0,,沪深300;创业板,消费ETF;有色ETF;军工ETF
2020-11-25,2122154.6692988635,0.0,2122154.6692988635,0.0,True,liquidate,-0.18188521295248591,0,,沪深300;创业板,消费ETF;有色ETF
2020-11-26,2122154.6692988635,0.0,2122154.6692988635,0.0,True,liquidate,-0.18188521295248591,0,,沪深300;创业板,消费ETF;有色ETF;军工ETF
2020-11-27,2122154.6692988635,0.0,2122154.6692988635,0.0,True,liquidate,-0.18188521295248591,0,,沪深300;创业板,消费ETF;证券ETF;有色ETF;军工ETF
2020-11-30,2122154.6692988635,0.0,2122154.6692988635,0.0,True,liquidate,-0.18188521295248591,0,,沪深300;创业板,消费ETF;证券ETF;有色ETF;军工ETF
2020-12-01,2122154.6692988635,0.0,2122154.6692988635,0.0,True,liquidate,-0.18188521295248591,0,,沪深300;创业板,消费ETF;证券ETF;有色ETF;军工ETF
2020-12-02,2122154.6692988635,0.0,2122154.6692988635,0.0,True,liquidate,-0.18188521295248591,0,,沪深300;创业板,消费ETF;证券ETF;有色ETF;军工ETF
2020-12-03,2122154.6692988635,0.0,2122154.6692988635,0.0,True,liquidate,-0.18188521295248591,0,,沪深300;创业板;国债ETF,消费ETF;证券ETF;有色ETF;科技ETF;军工ETF
2020-12-04,2122154.6692988635,0.0,2122154.6692988635,0.0,True,liquidate,-0.18188521295248591,0,,沪深300;国债ETF,消费ETF;医药ETF;证券ETF;有色ETF;科技ETF;军工ETF
2020-12-07,2122154.6692988635,0.0,2122154.6692988635,0.0,True,liquidate,-0.18188521295248591,0,,沪深300;国债ETF,消费ETF;证券ETF;有色ETF;科技ETF;军工ETF
2020-12-08,2122154.6692988635,0.0,2122154.6692988635,0.0,True,liquidate,-0.18188521295248591,0,,沪深300;国债ETF,消费ETF;证券ETF;有色ETF;科技ETF;军工ETF
2020-12-09,2122154.6692988635,0.0,2122154.6692988635,0.0,False,liquidate,-0.18188521295248591,5,沪深300;国债ETF;消费ETF;有色ETF;军工ETF,沪深300;国债ETF,消费ETF;有色ETF;军工ETF
2020-12-10,2122323.0942726173,0.0,2122323.0942726173,0.0,False,liquidate,-0.1818202832074822,5,沪深300;国债ETF;消费ETF;有色ETF;军工ETF,沪深300;国债ETF,消费ETF;有色ETF;军工ETF
2020-12-11,2122491.5326134325,0.0,2122491.5326134325,0.0,False,liquidate,-0.18175534830932408,5,沪深300;创业板;消费ETF;有色ETF;军工ETF,沪深300;创业板,消费ETF;有色ETF;军工ETF
2020-12-14,2122659.98432237,0.0,2122659.98432237,0.0,False,liquidate,-0.18169040825760263,5,沪深300;消费ETF;医药ETF;有色ETF;军工ETF,沪深300,消费ETF;医药ETF;有色ETF;军工ETF
2020-12-15,2122828.449400491,0.0,2122828.449400491,0.0,False,liquidate,-0.1816254630519087,7,沪深300;创业板;消费ETF;医药ETF;有色ETF;科技ETF;军工ETF,沪深300;创业板,消费ETF;医药ETF;有色ETF;科技ETF;军工ETF
2020-12-16,2122996.9278488564,0.0,2122996.9278488564,0.0,False,liquidate,-0.18156051269183335,7,沪深300;创业板;消费ETF;医药ETF;有色ETF;科技ETF;军工ETF,沪深300;创业板,消费ETF;医药ETF;有色ETF;科技ETF;军工ETF
2020-12-17,2123165.419668527,0.0,2123165.419668527,0.0,False,liquidate,-0.18149555717696766,7,沪深300;创业板;消费ETF;医药ETF;有色ETF;科技ETF;军工ETF,沪深300;创业板,消费ETF;医药ETF;有色ETF;科技ETF;军工ETF
2020-12-18,2123333.924860564,0.0,2123333.924860564,0.0,False,liquidate,-0.18143059650690235,7,沪深300;创业板;消费ETF;医药ETF;有色ETF;科技ETF;军工ETF,沪深300;创业板,消费ETF;医药ETF;有色ETF;科技ETF;军工ETF
2020-12-21,2123502.4434260293,0.0,2123502.4434260293,0.0,False,liquidate,-0.18136563068122824,7,沪深300;创业板;消费ETF;医药ETF;有色ETF;科技ETF;军工ETF,沪深300;创业板,消费ETF;医药ETF;有色ETF;科技ETF;军工ETF
2020-12-22,2123670.975365984,0.0,2123670.975365984,0.0,False,liquidate,-0.18130065969953627,8,沪深300;创业板;国债ETF;消费ETF;医药ETF;有色ETF;科技ETF;军工ETF,沪深300;创业板;国债ETF,消费ETF;医药ETF;有色ETF;科技ETF;军工ETF
2020-12-23,2123839.5206814893,0.0,2123839.5206814893,0.0,False,liquidate,-0.1812356835614171,9,沪深300;创业板;纳指;国债ETF;消费ETF;医药ETF;有色ETF;科技ETF;军工ETF,沪深300;创业板;纳指;国债ETF,消费ETF;医药ETF;有色ETF;科技ETF;军工ETF
2020-12-24,2124008.079373607,0.0,2124008.079373607,0.0,False,liquidate,-0.1811707022664616,9,沪深300;创业板;纳指;国债ETF;消费ETF;医药ETF;有色ETF;科技ETF;军工ETF,沪深300;创业板;纳指;国债ETF,消费ETF;医药ETF;有色ETF;科技ETF;军工ETF
2020-12-25,2124176.6514433986,0.0,2124176.6514433986,0.0,False,liquidate,-0.18110571581426052,9,沪深300;创业板;纳指;国债ETF;消费ETF;医药ETF;有色ETF;科技ETF;军工ETF,沪深300;创业板;纳指;国债ETF,消费ETF;医药ETF;有色ETF;科技ETF;军工ETF
2020-12-28,2124345.236891926,0.0,2124345.236891926,0.0,False,liquidate,-0.1810407242044045,7,沪深300;创业板;消费ETF;医药ETF;有色ETF;科技ETF;军工ETF,沪深300;创业板,消费ETF;医药ETF;有色ETF;科技ETF;军工ETF
2020-12-29,2124513.835720251,0.0,2124513.835720251,0.0,False,liquidate,-0.1809757274364841,7,沪深300;创业板;消费ETF;医药ETF;有色ETF;科技ETF;军工ETF,沪深300;创业板,消费ETF;医药ETF;有色ETF;科技ETF;军工ETF
2020-12-30,2124682.447929435,0.0,2124682.447929435,0.0,False,liquidate,-0.1809107255100902,8,沪深300;创业板;国债ETF;消费ETF;医药ETF;有色ETF;科技ETF;军工ETF,沪深300;创业板;国债ETF,消费ETF;医药ETF;有色ETF;科技ETF;军工ETF
2020-12-31,2124851.0735205407,0.0,2124851.0735205407,0.0,False,liquidate,-0.18084571842481312,9,沪深300;创业板;国债ETF;消费ETF;医药ETF;证券ETF;有色ETF;科技ETF;军工ETF,沪深300;创业板;国债ETF,消费ETF;医药ETF;证券ETF;有色ETF;科技ETF;军工ETF
2021-01-04,2125019.71249463,0.0,2125019.71249463,0.0,False,liquidate,-0.18078070618024356,9,沪深300;创业板;国债ETF;消费ETF;医药ETF;证券ETF;有色ETF;科技ETF;军工ETF,沪深300;创业板;国债ETF,消费ETF;医药ETF;证券ETF;有色ETF;科技ETF;军工ETF
2021-01-05,2125188.3648527646,0.0,2125188.3648527646,0.0,True,liquidate,-0.18071568877597205,0,,沪深300;创业板;黄金;国债ETF,消费ETF;医药ETF;证券ETF;有色ETF;科技ETF;军工ETF
2021-01-06,2125188.3648527646,0.0,2125188.3648527646,0.0,True,liquidate,-0.18071568877597205,0,,沪深300;创业板;黄金;国债ETF,消费ETF;医药ETF;证券ETF;有色ETF;科技ETF;军工ETF
2021-01-07,2125188.3648527646,0.0,2125188.3648527646,0.0,True,liquidate,-0.18071568877597205,0,,沪深300;创业板;黄金;国债ETF,消费ETF;医药ETF;证券ETF;有色ETF;科技ETF;军工ETF
2021-01-08,2125188.3648527646,0.0,2125188.3648527646,0.0,True,liquidate,-0.18071568877597205,0,,沪深300;创业板;国债ETF,消费ETF;医药ETF;证券ETF;有色ETF;科技ETF;军工ETF
2021-01-11,2125188.3648527646,0.0,2125188.3648527646,0.0,True,liquidate,-0.18071568877597205,0,,沪深300;创业板;国债ETF,消费ETF;医药ETF;证券ETF;有色ETF;科技ETF;军工ETF
2021-01-12,2125188.3648527646,0.0,2125188.3648527646,0.0,True,liquidate,-0.18071568877597205,0,,沪深300;创业板;国债ETF,消费ETF;医药ETF;证券ETF;有色ETF;科技ETF;军工ETF
2021-01-13,2125188.3648527646,0.0,2125188.3648527646,0.0,True,liquidate,-0.18071568877597205,0,,沪深300;创业板;国债ETF,消费ETF;医药ETF;证券ETF;有色ETF;科技ETF;军工ETF
2021-01-14,2125188.3648527646,0.0,2125188.3648527646,0.0,True,liquidate,-0.18071568877597205,0,,沪深300;创业板;纳指;国债ETF,消费ETF;医药ETF;证券ETF;有色ETF;科技ETF;军工ETF
2021-01-15,2125188.3648527646,0.0,2125188.3648527646,0.0,True,liquidate,-0.18071568877597205,0,,沪深300;创业板;国债ETF,消费ETF;医药ETF;证券ETF;有色ETF;科技ETF;军工ETF
2021-01-18,2125188.3648527646,0.0,2125188.3648527646,0.0,True,liquidate,-0.18071568877597205,0,,沪深300;创业板;国债ETF,消费ETF;医药ETF;证券ETF;有色ETF;科技ETF;军工ETF
2021-01-19,2125188.3648527646,0.0,2125188.3648527646,0.0,True,liquidate,-0.18071568877597205,0,,沪深300;创业板;纳指;黄金;国债ETF,消费ETF;医药ETF;证券ETF;有色ETF;科技ETF;军工ETF
2021-01-20,2125188.3648527646,0.0,2125188.3648527646,0.0,True,liquidate,-0.18071568877597205,0,,沪深300;创业板;纳指;黄金;国债ETF,消费ETF;医药ETF;证券ETF;有色ETF;科技ETF;军工ETF
2021-01-21,2125188.3648527646,0.0,2125188.3648527646,0.0,True,liquidate,-0.18071568877597205,0,,沪深300;创业板;纳指;黄金;国债ETF,消费ETF;医药ETF;证券ETF;有色ETF;科技ETF;军工ETF
2021-01-22,2125188.3648527646,0.0,2125188.3648527646,0.0,True,liquidate,-0.18071568877597205,0,,沪深300;创业板;纳指;黄金;国债ETF,消费ETF;医药ETF;证券ETF;有色ETF;科技ETF;军工ETF
2021-01-25,2125188.3648527646,0.0,2125188.3648527646,0.0,True,liquidate,-0.18071568877597205,0,,沪深300;创业板;纳指;黄金;国债ETF,消费ETF;医药ETF;证券ETF;有色ETF;科技ETF;军工ETF
2021-01-26,2125188.3648527646,0.0,2125188.3648527646,0.0,True,liquidate,-0.18071568877597205,0,,沪深300;创业板;纳指;黄金;国债ETF,消费ETF;医药ETF;有色ETF;科技ETF;军工ETF
2021-01-27,2125188.3648527646,0.0,2125188.3648527646,0.0,True,liquidate,-0.18071568877597205,0,,沪深300;创业板;纳指;黄金;国债ETF,消费ETF;医药ETF;有色ETF;科技ETF;军工ETF
2021-01-28,2125188.3648527646,0.0,2125188.3648527646,0.0,True,liquidate,-0.18071568877597205,0,,沪深300;创业板;黄金;国债ETF,消费ETF;医药ETF;有色ETF;科技ETF
2021-01-29,2125188.3648527646,0.0,2125188.3648527646,0.0,True,liquidate,-0.18071568877597205,0,,沪深300;创业板;黄金;国债ETF,消费ETF;医药ETF;有色ETF;科技ETF
2021-02-01,2125188.3648527646,0.0,2125188.3648527646,0.0,True,liquidate,-0.18071568877597205,0,,沪深300;创业板;纳指;黄金;国债ETF,消费ETF;医药ETF;有色ETF;科技ETF
2021-02-02,2125188.3648527646,0.0,2125188.3648527646,0.0,True,liquidate,-0.18071568877597205,0,,沪深300;创业板;纳指;国债ETF,消费ETF;医药ETF;有色ETF;科技ETF
2021-02-03,2125188.3648527646,0.0,2125188.3648527646,0.0,True,liquidate,-0.18071568877597205,0,,沪深300;创业板;纳指;国债ETF,消费ETF;医药ETF;有色ETF;科技ETF
2021-02-04,2125188.3648527646,0.0,2125188.3648527646,0.0,True,liquidate,-0.18071568877597205,0,,沪深300;创业板;纳指;国债ETF,消费ETF;医药ETF;有色ETF
2021-02-05,2125188.3648527646,0.0,2125188.3648527646,0.0,True,liquidate,-0.18071568877597205,0,,沪深300;创业板;纳指;国债ETF,消费ETF;医药ETF
2021-02-08,2125188.3648527646,0.0,2125188.3648527646,0.0,True,liquidate,-0.18071568877597205,0,,沪深300;纳指;国债ETF,消费ETF;医药ETF;有色ETF
2021-02-09,2125188.3648527646,0.0,2125188.3648527646,0.0,True,liquidate,-0.18071568877597205,0,,沪深300;创业板;纳指;国债ETF,消费ETF;医药ETF;有色ETF;科技ETF
2021-02-10,2125188.3648527646,0.0,2125188.3648527646,0.0,True,liquidate,-0.18071568877597205,0,,沪深300;创业板;纳指;国债ETF,消费ETF;医药ETF;有色ETF;科技ETF
2021-02-18,2125188.3648527646,0.0,2125188.3648527646,0.0,True,liquidate,-0.18071568877597205,0,,沪深300;创业板;纳指;国债ETF,消费ETF;医药ETF;有色ETF;科技ETF
2021-02-19,2125188.3648527646,0.0,2125188.3648527646,0.0,True,liquidate,-0.18071568877597205,0,,沪深300;创业板;纳指;国债ETF,消费ETF;医药ETF;有色ETF;科技ETF
2021-02-22,2125188.3648527646,0.0,2125188.3648527646,0.0,True,liquidate,-0.18071568877597205,0,,沪深300;创业板;纳指;国债ETF,消费ETF;医药ETF;有色ETF
2021-02-23,2125188.3648527646,0.0,2125188.3648527646,0.0,True,liquidate,-0.18071568877597205,0,,沪深300;创业板;纳指;国债ETF,消费ETF;医药ETF;有色ETF
2021-02-24,2125188.3648527646,0.0,2125188.3648527646,0.0,True,liquidate,-0.18071568877597205,0,,沪深300;创业板;纳指;国债ETF,有色ETF
2021-02-25,2125188.3648527646,0.0,2125188.3648527646,0.0,True,liquidate,-0.18071568877597205,0,,沪深300;创业板;纳指;国债ETF,有色ETF
2021-02-26,2125188.3648527646,0.0,2125188.3648527646,0.0,True,liquidate,-0.18071568877597205,0,,沪深300;创业板;国债ETF,有色ETF
2021-03-01,2125188.3648527646,0.0,2125188.3648527646,0.0,True,liquidate,-0.18071568877597205,0,,沪深300;创业板;国债ETF,有色ETF
2021-03-02,2125188.3648527646,0.0,2125188.3648527646,0.0,True,liquidate,-0.18071568877597205,0,,沪深300;创业板;纳指;国债ETF,有色ETF
2021-03-03,2125188.3648527646,0.0,2125188.3648527646,0.0,True,liquidate,-0.18071568877597205,0,,沪深300;创业板;国债ETF,有色ETF
2021-03-04,2125188.3648527646,0.0,2125188.3648527646,0.0,True,liquidate,-0.18071568877597205,0,,国债ETF,有色ETF
2021-03-05,2125188.3648527646,0.0,2125188.3648527646,0.0,True,liquidate,-0.18071568877597205,0,,国债ETF,
2021-03-08,2125188.3648527646,0.0,2125188.3648527646,0.0,True,liquidate,-0.18071568877597205,0,,国债ETF,
2021-03-09,2125188.3648527646,0.0,2125188.3648527646,0.0,True,liquidate,-0.18071568877597205,0,,国债ETF,
2021-03-10,2125188.3648527646,0.0,2125188.3648527646,0.0,True,liquidate,-0.18071568877597205,0,,纳指;国债ETF,
2021-03-11,2125188.3648527646,0.0,2125188.3648527646,0.0,True,liquidate,-0.18071568877597205,0,,国债ETF,有色ETF
2021-03-12,2125188.3648527646,0.0,2125188.3648527646,0.0,True,liquidate,-0.18071568877597205,0,,国债ETF,
2021-03-15,2125188.3648527646,0.0,2125188.3648527646,0.0,True,liquidate,-0.18071568877597205,0,,纳指;国债ETF,
2021-03-16,2125188.3648527646,0.0,2125188.3648527646,0.0,True,liquidate,-0.18071568877597205,0,,纳指,
2021-03-17,2125188.3648527646,0.0,2125188.3648527646,0.0,True,liquidate,-0.18071568877597205,0,,纳指,
2021-03-18,2125188.3648527646,0.0,2125188.3648527646,0.0,True,liquidate,-0.18071568877597205,0,,纳指,
2021-03-19,2125188.3648527646,0.0,2125188.3648527646,0.0,True,liquidate,-0.18071568877597205,0,,纳指,
2021-03-22,2125188.3648527646,0.0,2125188.3648527646,0.0,True,liquidate,-0.18071568877597205,0,,纳指;国债ETF,
2021-03-23,2125188.3648527646,0.0,2125188.3648527646,0.0,True,liquidate,-0.18071568877597205,0,,纳指,
2021-03-24,2125188.3648527646,0.0,2125188.3648527646,0.0,True,liquidate,-0.18071568877597205,0,,,
2021-03-25,2125188.3648527646,0.0,2125188.3648527646,0.0,True,liquidate,-0.18071568877597205,0,,国债ETF,
2021-03-26,2125188.3648527646,0.0,2125188.3648527646,0.0,True,liquidate,-0.18071568877597205,0,,,
2021-03-29,2125188.3648527646,0.0,2125188.3648527646,0.0,True,liquidate,-0.18071568877597205,0,,国债ETF,
2021-03-30,2125188.3648527646,0.0,2125188.3648527646,0.0,True,liquidate,-0.18071568877597205,0,,国债ETF,
2021-03-31,2125188.3648527646,0.0,2125188.3648527646,0.0,True,liquidate,-0.18071568877597205,0,,国债ETF,
2021-04-01,2125188.3648527646,0.0,2125188.3648527646,0.0,True,liquidate,-0.18071568877597205,0,,纳指;国债ETF,
2021-04-02,2125188.3648527646,0.0,2125188.3648527646,0.0,True,liquidate,-0.18071568877597205,0,,纳指;国债ETF,
2021-04-06,2125188.3648527646,0.0,2125188.3648527646,0.0,True,liquidate,-0.18071568877597205,0,,纳指;国债ETF,
2021-04-07,2125188.3648527646,0.0,2125188.3648527646,0.0,True,liquidate,-0.18071568877597205,0,,纳指;国债ETF,
2021-04-08,2125188.3648527646,0.0,2125188.3648527646,0.0,True,liquidate,-0.18071568877597205,0,,纳指;国债ETF,
2021-04-09,2125188.3648527646,0.0,2125188.3648527646,0.0,True,liquidate,-0.18071568877597205,0,,纳指;国债ETF,
2021-04-12,2125188.3648527646,0.0,2125188.3648527646,0.0,True,liquidate,-0.18071568877597205,0,,纳指;国债ETF,
2021-04-13,2125188.3648527646,0.0,2125188.3648527646,0.0,True,liquidate,-0.18071568877597205,0,,纳指;国债ETF,
2021-04-14,2125188.3648527646,0.0,2125188.3648527646,0.0,True,liquidate,-0.18071568877597205,0,,纳指;国债ETF,
2021-04-15,2125188.3648527646,0.0,2125188.3648527646,0.0,True,liquidate,-0.18071568877597205,0,,纳指;国债ETF,
2021-04-16,2125188.3648527646,0.0,2125188.3648527646,0.0,True,liquidate,-0.18071568877597205,0,,纳指;黄金;国债ETF,
2021-04-19,2125188.3648527646,0.0,2125188.3648527646,0.0,True,liquidate,-0.18071568877597205,0,,纳指;国债ETF,消费ETF;医药ETF;科技ETF
2021-04-20,2125188.3648527646,0.0,2125188.3648527646,0.0,True,liquidate,-0.18071568877597205,0,,纳指;国债ETF,消费ETF;医药ETF;科技ETF
2021-04-21,2125188.3648527646,0.0,2125188.3648527646,0.0,True,liquidate,-0.18071568877597205,0,,纳指;国债ETF,消费ETF;医药ETF;科技ETF
2021-04-22,2125188.3648527646,0.0,2125188.3648527646,0.0,True,liquidate,-0.18071568877597205,0,,纳指;黄金;国债ETF,消费ETF;医药ETF;科技ETF
2021-04-23,2125188.3648527646,0.0,2125188.3648527646,0.0,True,liquidate,-0.18071568877597205,0,,创业板;纳指;黄金;国债ETF,消费ETF;医药ETF;有色ETF;科技ETF
2021-04-26,2125188.3648527646,0.0,2125188.3648527646,0.0,True,liquidate,-0.18071568877597205,0,,纳指;黄金;国债ETF,消费ETF;医药ETF;有色ETF;科技ETF
2021-04-27,2125188.3648527646,0.0,2125188.3648527646,0.0,True,liquidate,-0.18071568877597205,0,,创业板;纳指;黄金;国债ETF,消费ETF;医药ETF;有色ETF;科技ETF
2021-04-28,2125188.3648527646,0.0,2125188.3648527646,0.0,True,liquidate,-0.18071568877597205,0,,创业板;纳指;黄金;国债ETF,消费ETF;医药ETF;有色ETF;科技ETF
2021-04-29,2125188.3648527646,0.0,2125188.3648527646,0.0,True,liquidate,-0.18071568877597205,0,,创业板;纳指;黄金;国债ETF,消费ETF;医药ETF;有色ETF;科技ETF
2021-04-30,2125188.3648527646,0.0,2125188.3648527646,0.0,True,liquidate,-0.18071568877597205,0,,创业板;纳指;黄金;国债ETF,消费ETF;医药ETF;有色ETF;科技ETF
2021-05-06,2125188.3648527646,0.0,2125188.3648527646,0.0,True,liquidate,-0.18071568877597205,0,,创业板;纳指;黄金;国债ETF,消费ETF;医药ETF;有色ETF;科技ETF
2021-05-07,2125188.3648527646,0.0,2125188.3648527646,0.0,False,liquidate,-0.18071568877597205,8,沪深300;创业板;纳指;黄金;国债ETF;消费ETF;医药ETF;有色ETF,沪深300;创业板;纳指;黄金;国债ETF,消费ETF;医药ETF;有色ETF
2021-05-10,2125357.030596007,0.0,2125357.030596007,0.0,False,liquidate,-0.18065066621158912,6,创业板;纳指;黄金;国债ETF;医药ETF;有色ETF,创业板;纳指;黄金;国债ETF,医药ETF;有色ETF
2021-05-11,2125525.7097254195,0.0,2125525.7097254195,0.0,False,liquidate,-0.18058563848668527,8,创业板;纳指;黄金;国债ETF;消费ETF;医药ETF;有色ETF;科技ETF,创业板;纳指;黄金;国债ETF,消费ETF;医药ETF;有色ETF;科技ETF
2021-05-12,2125694.4022420645,0.0,2125694.4022420645,0.0,False,liquidate,-0.18052060560085084,8,创业板;纳指;黄金;国债ETF;消费ETF;医药ETF;有色ETF;科技ETF,创业板;纳指;黄金;国债ETF,消费ETF;医药ETF;有色ETF;科技ETF
2021-05-13,2125863.1081470046,0.0,2125863.1081470046,0.0,False,liquidate,-0.1804555675536762,8,创业板;纳指;黄金;国债ETF;消费ETF;医药ETF;有色ETF;科技ETF,创业板;纳指;黄金;国债ETF,消费ETF;医药ETF;有色ETF;科技ETF
2021-05-14,2126031.827441302,0.0,2126031.827441302,0.0,False,liquidate,-0.18039052434475183,11,沪深300;创业板;纳指;黄金;国债ETF;消费ETF;医药ETF;证券ETF;有色ETF;科技ETF;军工ETF,沪深300;创业板;纳指;黄金;国债ETF,消费ETF;医药ETF;证券ETF;有色ETF;科技ETF;军工ETF
2021-05-17,2126200.5601260196,0.0,2126200.5601260196,0.0,False,liquidate,-0.1803254759736681,11,沪深300;创业板;纳指;黄金;国债ETF;消费ETF;医药ETF;证券ETF;有色ETF;科技ETF;军工ETF,沪深300;创业板;纳指;黄金;国债ETF,消费ETF;医药ETF;证券ETF;有色ETF;科技ETF;军工ETF
2021-05-18,2126369.3062022203,0.0,2126369.3062022203,0.0,False,liquidate,-0.18026042244001517,11,沪深300;创业板;纳指;黄金;国债ETF;消费ETF;医药ETF;证券ETF;有色ETF;科技ETF;军工ETF,沪深300;创业板;纳指;黄金;国债ETF,消费ETF;医药ETF;证券ETF;有色ETF;科技ETF;军工ETF
2021-05-19,2126538.0656709666,0.0,2126538.0656709666,0.0,False,liquidate,-0.18019536374338335,11,沪深300;创业板;纳指;黄金;国债ETF;消费ETF;医药ETF;证券ETF;有色ETF;科技ETF;军工ETF,沪深300;创业板;纳指;黄金;国债ETF,消费ETF;医药ETF;证券ETF;有色ETF;科技ETF;军工ETF
2021-05-20,2126706.8385333214,0.0,2126706.8385333214,0.0,False,liquidate,-0.18013029988336302,11,沪深300;创业板;纳指;黄金;国债ETF;消费ETF;医药ETF;证券ETF;有色ETF;科技ETF;军工ETF,沪深300;创业板;纳指;黄金;国债ETF,消费ETF;医药ETF;证券ETF;有色ETF;科技ETF;军工ETF
2021-05-21,2126875.624790348,0.0,2126875.624790348,0.0,False,liquidate,-0.18006523085954415,11,沪深300;创业板;纳指;黄金;国债ETF;消费ETF;医药ETF;证券ETF;有色ETF;科技ETF;军工ETF,沪深300;创业板;纳指;黄金;国债ETF,消费ETF;医药ETF;证券ETF;有色ETF;科技ETF;军工ETF
2021-05-24,2127044.4244431094,0.0,2127044.4244431094,0.0,False,liquidate,-0.18000015667151706,11,沪深300;创业板;纳指;黄金;国债ETF;消费ETF;医药ETF;证券ETF;有色ETF;科技ETF;军工ETF,沪深300;创业板;纳指;黄金;国债ETF,消费ETF;医药ETF;证券ETF;有色ETF;科技ETF;军工ETF
2021-05-25,2127213.2374926684,1063606.6187463342,1063606.6187463342,0.5,False,halve,-0.17993507731887193,11,沪深300;创业板;纳指;黄金;国债ETF;消费ETF;医药ETF;证券ETF;有色ETF;科技ETF;军工ETF,沪深300;创业板;纳指;黄金;国债ETF,消费ETF;医药ETF;证券ETF;有色ETF;科技ETF;军工ETF
2021-05-26,2126833.9729225673,0.0,2126833.9729225673,0.0,False,liquidate,-0.18008128812880572,11,沪深300;创业板;纳指;黄金;国债ETF;消费ETF;医药ETF;证券ETF;有色ETF;科技ETF;军工ETF,沪深300;创业板;纳指;黄金;国债ETF,消费ETF;医药ETF;证券ETF;有色ETF;科技ETF;军工ETF
2021-05-27,2127002.7692696247,0.0,2127002.7692696247,0.0,False,liquidate,-0.18001621521516512,11,沪深300;创业板;纳指;黄金;国债ETF;消费ETF;医药ETF;证券ETF;有色ETF;科技ETF;军工ETF,沪深300;创业板;纳指;黄金;国债ETF,消费ETF;医药ETF;证券ETF;有色ETF;科技ETF;军工ETF
2021-05-28,2127171.5790132177,1063585.7895066089,1063585.7895066089,0.5,False,halve,-0.17995113713700753,11,沪深300;创业板;纳指;黄金;国债ETF;消费ETF;医药ETF;证券ETF;有色ETF;科技ETF;军工ETF,沪深300;创业板;纳指;黄金;国债ETF,消费ETF;医药ETF;证券ETF;有色ETF;科技ETF;军工ETF
2021-05-31,2142242.14953491,1071121.074767455,1071121.074767455,0.5,False,halve,-0.1741412606132043,11,沪深300;创业板;纳指;黄金;国债ETF;消费ETF;医药ETF;证券ETF;有色ETF;科技ETF;军工ETF,沪深300;创业板;纳指;黄金;国债ETF,消费ETF;医药ETF;证券ETF;有色ETF;科技ETF;军工ETF
2021-06-01,2144546.369149293,1164080.251965671,980466.1171836217,0.5,False,halve,-0.17325295771690585,11,沪深300;创业板;纳指;黄金;国债ETF;消费ETF;医药ETF;证券ETF;有色ETF;科技ETF;军工ETF,沪深300;创业板;纳指;黄金;国债ETF,消费ETF;医药ETF;证券ETF;有色ETF;科技ETF;军工ETF
2021-06-02,2122436.9973755535,0.0,2122436.9973755535,0.0,False,liquidate,-0.1817763722644436,10,沪深300;创业板;黄金;国债ETF;消费ETF;医药ETF;证券ETF;有色ETF;科技ETF;军工ETF,沪深300;创业板;黄金;国债ETF,消费ETF;医药ETF;证券ETF;有色ETF;科技ETF;军工ETF
2021-06-03,2122605.444756298,0.0,2122605.444756298,0.0,False,liquidate,-0.18171143388128985,10,沪深300;创业板;黄金;国债ETF;消费ETF;医药ETF;证券ETF;有色ETF;科技ETF;军工ETF,沪深300;创业板;黄金;国债ETF,消费ETF;医药ETF;证券ETF;有色ETF;科技ETF;军工ETF
2021-06-04,2122773.9055058816,0.0,2122773.9055058816,0.0,False,liquidate,-0.18164649034429634,10,沪深300;创业板;黄金;国债ETF;消费ETF;医药ETF;证券ETF;有色ETF;科技ETF;军工ETF,沪深300;创业板;黄金;国债ETF,消费ETF;医药ETF;证券ETF;有色ETF;科技ETF;军工ETF
2021-06-07,2122942.3796253665,0.0,2122942.3796253665,0.0,False,liquidate,-0.1815815416530537,10,沪深300;创业板;黄金;国债ETF;消费ETF;医药ETF;证券ETF;有色ETF;科技ETF;军工ETF,沪深300;创业板;黄金;国债ETF,消费ETF;医药ETF;证券ETF;有色ETF;科技ETF;军工ETF
2021-06-08,2123110.8671158133,0.0,2123110.8671158133,0.0,False,liquidate,-0.18151658780715302,10,沪深300;创业板;黄金;国债ETF;消费ETF;医药ETF;证券ETF;有色ETF;科技ETF;军工ETF,沪深300;创业板;黄金;国债ETF,消费ETF;医药ETF;证券ETF;有色ETF;科技ETF;军工ETF
2021-06-09,2123279.3679782827,0.0,2123279.3679782827,0.0,False,liquidate,-0.18145162880618537,10,沪深300;创业板;黄金;国债ETF;消费ETF;医药ETF;证券ETF;有色ETF;科技ETF;军工ETF,沪深300;创业板;黄金;国债ETF,消费ETF;医药ETF;证券ETF;有色ETF;科技ETF;军工ETF
2021-06-10,2123447.8822138365,0.0,2123447.8822138365,0.0,False,liquidate,-0.18138666464974143,10,沪深300;创业板;黄金;国债ETF;消费ETF;医药ETF;证券ETF;有色ETF;科技ETF;军工ETF,沪深300;创业板;黄金;国债ETF,消费ETF;医药ETF;证券ETF;有色ETF;科技ETF;军工ETF
2021-06-11,2123616.409823536,0.0,2123616.409823536,0.0,False,liquidate,-0.18132169533741208,10,沪深300;创业板;黄金;国债ETF;消费ETF;医药ETF;证券ETF;有色ETF;科技ETF;军工ETF,沪深300;创业板;黄金;国债ETF,消费ETF;医药ETF;证券ETF;有色ETF;科技ETF;军工ETF
2021-06-15,2123784.9508084427,0.0,2123784.9508084427,0.0,False,liquidate,-0.18125672086878802,8,沪深300;创业板;黄金;国债ETF;医药ETF;证券ETF;科技ETF;军工ETF,沪深300;创业板;黄金;国债ETF,医药ETF;证券ETF;科技ETF;军工ETF
2021-06-16,2123953.505169618,0.0,2123953.505169618,0.0,False,liquidate,-0.18119174124346016,6,沪深300;创业板;黄金;国债ETF;证券ETF;军工ETF,沪深300;创业板;黄金;国债ETF,证券ETF;军工ETF
2021-06-17,2124122.0729081235,0.0,2124122.0729081235,0.0,False,liquidate,-0.18112675646101917,6,沪深300;创业板;国债ETF;证券ETF;科技ETF;军工ETF,沪深300;创业板;国债ETF,证券ETF;科技ETF;军工ETF
2021-06-18,2124290.654025021,0.0,2124290.654025021,0.0,False,liquidate,-0.1810617665210557,7,沪深300;创业板;纳指;国债ETF;证券ETF;科技ETF;军工ETF,沪深300;创业板;纳指;国债ETF,证券ETF;科技ETF;军工ETF
2021-06-21,2124459.248521372,0.0,2124459.248521372,0.0,False,liquidate,-0.18099677142316056,7,沪深300;创业板;纳指;国债ETF;证券ETF;科技ETF;军工ETF,沪深300;创业板;纳指;国债ETF,证券ETF;科技ETF;军工ETF
2021-06-22,2124627.8563982393,0.0,2124627.8563982393,0.0,False,liquidate,-0.18093177116692422,8,沪深300;创业板;纳指;国债ETF;医药ETF;证券ETF;科技ETF;军工ETF,沪深300;创业板;纳指;国债ETF,医药ETF;证券ETF;科技ETF;军工ETF
2021-06-23,2124796.477656684,0.0,2124796.477656684,0.0,False,liquidate,-0.18086676575193733,8,沪深300;创业板;纳指;国债ETF;医药ETF;证券ETF;科技ETF;军工ETF,沪深300;创业板;纳指;国债ETF,医药ETF;证券ETF;科技ETF;军工ETF
2021-06-24,2124965.112297768,0.0,2124965.112297768,0.0,False,liquidate,-0.18080175517779065,7,沪深300;创业板;纳指;国债ETF;证券ETF;科技ETF;军工ETF,沪深300;创业板;纳指;国债ETF,证券ETF;科技ETF;军工ETF
2021-06-25,2125133.7603225536,0.0,2125133.7603225536,0.0,False,liquidate,-0.1807367394440745,8,沪深300;创业板;纳指;国债ETF;证券ETF;有色ETF;科技ETF;军工ETF,沪深300;创业板;纳指;国债ETF,证券ETF;有色ETF;科技ETF;军工ETF
2021-06-28,2125302.421732103,0.0,2125302.421732103,0.0,False,liquidate,-0.18067171855037958,7,沪深300;创业板;纳指;国债ETF;证券ETF;科技ETF;军工ETF,沪深300;创业板;纳指;国债ETF,证券ETF;科技ETF;军工ETF
2021-06-29,2125471.0965274787,0.0,2125471.0965274787,0.0,False,liquidate,-0.18060669249629624,7,沪深300;创业板;纳指;国债ETF;证券ETF;科技ETF;军工ETF,沪深300;创业板;纳指;国债ETF,证券ETF;科技ETF;军工ETF
2021-06-30,2125639.7847097428,0.0,2125639.7847097428,0.0,False,liquidate,-0.180541661281415,7,沪深300;创业板;纳指;国债ETF;证券ETF;科技ETF;军工ETF,沪深300;创业板;纳指;国债ETF,证券ETF;科技ETF;军工ETF
2021-07-01,2125808.486279958,0.0,2125808.486279958,0.0,False,liquidate,-0.18047662490532618,6,沪深300;创业板;纳指;国债ETF;科技ETF;军工ETF,沪深300;创业板;纳指;国债ETF,科技ETF;军工ETF
2021-07-02,2125977.201239187,0.0,2125977.201239187,0.0,False,liquidate,-0.18041158336762012,5,沪深300;创业板;纳指;国债ETF;科技ETF,沪深300;创业板;纳指;国债ETF,科技ETF
2021-07-05,2126145.9295884916,0.0,2126145.9295884916,0.0,False,liquidate,-0.18034653666788736,6,沪深300;创业板;纳指;国债ETF;有色ETF;科技ETF,沪深300;创业板;纳指;国债ETF,有色ETF;科技ETF
2021-07-06,2126314.6713289353,0.0,2126314.6713289353,0.0,False,liquidate,-0.18028148480571807,6,沪深300;创业板;纳指;国债ETF;有色ETF;科技ETF,沪深300;创业板;纳指;国债ETF,有色ETF;科技ETF
2021-07-07,2126483.4264615807,0.0,2126483.4264615807,0.0,False,liquidate,-0.18021642778070257,7,沪深300;创业板;纳指;国债ETF;有色ETF;科技ETF;军工ETF,沪深300;创业板;纳指;国债ETF,有色ETF;科技ETF;军工ETF
2021-07-08,2126652.1949874903,0.0,2126652.1949874903,0.0,False,liquidate,-0.1801513655924312,7,沪深300;创业板;纳指;国债ETF;有色ETF;科技ETF;军工ETF,沪深300;创业板;纳指;国债ETF,有色ETF;科技ETF;军工ETF
2021-07-09,2126820.9769077273,0.0,2126820.9769077273,0.0,False,liquidate,-0.18008629824049413,6,创业板;纳指;国债ETF;有色ETF;科技ETF;军工ETF,创业板;纳指;国债ETF,有色ETF;科技ETF;军工ETF
2021-07-12,2126989.772223355,0.0,2126989.772223355,0.0,False,liquidate,-0.1800212257244815,6,创业板;纳指;国债ETF;有色ETF;科技ETF;军工ETF,创业板;纳指;国债ETF,有色ETF;科技ETF;军工ETF
2021-07-13,2127158.5809354363,915049.9826523312,1212108.598283105,0.5,False,halve,-0.17995614804398335,7,沪深300;创业板;纳指;国债ETF;有色ETF;科技ETF;军工ETF,沪深300;创业板;纳指;国债ETF,有色ETF;科技ETF;军工ETF
2021-07-14,2108330.976999247,0.0,2108330.976999247,0.0,False,liquidate,-0.18721440372520545,6,创业板;纳指;国债ETF;有色ETF;科技ETF;军工ETF,创业板;纳指;国债ETF,有色ETF;科技ETF;军工ETF
2021-07-15,2108498.3048545644,0.0,2108498.3048545644,0.0,False,liquidate,-0.1871498969318503,7,沪深300;创业板;纳指;国债ETF;有色ETF;科技ETF;军工ETF,沪深300;创业板;纳指;国债ETF,有色ETF;科技ETF;军工ETF
2021-07-16,2108665.64598987,0.0,2108665.64598987,0.0,False,liquidate,-0.18708538501890842,7,沪深300;创业板;纳指;国债ETF;有色ETF;科技ETF;军工ETF,沪深300;创业板;纳指;国债ETF,有色ETF;科技ETF;军工ETF
2021-07-19,2108833.0004062187,0.0,2108833.0004062187,0.0,False,liquidate,-0.18702086798597337,7,沪深300;创业板;纳指;国债ETF;有色ETF;科技ETF;军工ETF,沪深300;创业板;纳指;国债ETF,有色ETF;科技ETF;军工ETF
2021-07-20,2109000.3681046637,0.0,2109000.3681046637,0.0,False,liquidate,-0.1869563458326389,6,创业板;纳指;国债ETF;有色ETF;科技ETF;军工ETF,创业板;纳指;国债ETF,有色ETF;科技ETF;军工ETF
2021-07-21,2109167.7490862594,0.0,2109167.7490862594,0.0,False,liquidate,-0.1868918185584986,6,创业板;纳指;国债ETF;有色ETF;科技ETF;军工ETF,创业板;纳指;国债ETF,有色ETF;科技ETF;军工ETF
2021-07-22,2109335.14335206,0.0,2109335.14335206,0.0,False,liquidate,-0.186827286163146,7,创业板;纳指;国债ETF;证券ETF;有色ETF;科技ETF;军工ETF,创业板;纳指;国债ETF,证券ETF;有色ETF;科技ETF;军工ETF
2021-07-23,2109502.55090312,0.0,2109502.55090312,0.0,False,liquidate,-0.18676274864617473,7,创业板;纳指;国债ETF;证券ETF;有色ETF;科技ETF;军工ETF,创业板;纳指;国债ETF,证券ETF;有色ETF;科技ETF;军工ETF
2021-07-26,2109669.9717404936,0.0,2109669.9717404936,0.0,False,liquidate,-0.18669820600717832,6,创业板;纳指;国债ETF;有色ETF;科技ETF;军工ETF,创业板;纳指;国债ETF,有色ETF;科技ETF;军工ETF
2021-07-27,2109837.405865235,0.0,2109837.405865235,0.0,False,liquidate,-0.18663365824575034,4,纳指;国债ETF;有色ETF;军工ETF,纳指;国债ETF,有色ETF;军工ETF
2021-07-28,2110004.853278399,0.0,2110004.853278399,0.0,False,liquidate,-0.18656910536148402,5,创业板;纳指;国债ETF;有色ETF;军工ETF,创业板;纳指;国债ETF,有色ETF;军工ETF
2021-07-29,2110172.3139810404,0.0,2110172.3139810404,0.0,False,liquidate,-0.18650454735397293,6,创业板;纳指;国债ETF;有色ETF;科技ETF;军工ETF,创业板;纳指;国债ETF,有色ETF;科技ETF;军工ETF
2021-07-30,2110339.7879742137,0.0,2110339.7879742137,0.0,False,liquidate,-0.18643998422281047,6,创业板;纳指;国债ETF;有色ETF;科技ETF;军工ETF,创业板;纳指;国债ETF,有色ETF;科技ETF;军工ETF
2021-08-02,2110507.2752589737,0.0,2110507.2752589737,0.0,False,liquidate,-0.18637541596759,6,创业板;纳指;国债ETF;有色ETF;科技ETF;军工ETF,创业板;纳指;国债ETF,有色ETF;科技ETF;军工ETF
2021-08-03,2110674.775836375,0.0,2110674.775836375,0.0,False,liquidate,-0.18631084258790492,6,创业板;纳指;国债ETF;有色ETF;科技ETF;军工ETF,创业板;纳指;国债ETF,有色ETF;科技ETF;军工ETF
2021-08-04,2110842.2897074735,0.0,2110842.2897074735,0.0,False,liquidate,-0.18624626408334832,6,创业板;纳指;国债ETF;有色ETF;科技ETF;军工ETF,创业板;纳指;国债ETF,有色ETF;科技ETF;军工ETF
2021-08-05,2111009.816873323,0.0,2111009.816873323,0.0,False,liquidate,-0.1861816804535137,6,创业板;纳指;国债ETF;有色ETF;科技ETF;军工ETF,创业板;纳指;国债ETF,有色ETF;科技ETF;军工ETF
2021-08-06,2111177.35733498,0.0,2111177.35733498,0.0,False,liquidate,-0.18611709169799412,6,创业板;纳指;国债ETF;有色ETF;科技ETF;军工ETF,创业板;纳指;国债ETF,有色ETF;科技ETF;军工ETF
2021-08-09,2111344.9110934986,0.0,2111344.9110934986,0.0,False,liquidate,-0.1860524978163828,7,创业板;纳指;国债ETF;证券ETF;有色ETF;科技ETF;军工ETF,创业板;纳指;国债ETF,证券ETF;有色ETF;科技ETF;军工ETF
2021-08-10,2111512.4781499347,0.0,2111512.4781499347,0.0,False,liquidate,-0.18598789880827296,7,创业板;纳指;国债ETF;证券ETF;有色ETF;科技ETF;军工ETF,创业板;纳指;国债ETF,证券ETF;有色ETF;科技ETF;军工ETF
2021-08-11,2111680.0585053433,0.0,2111680.0585053433,0.0,False,liquidate,-0.1859232946732578,6,创业板;纳指;国债ETF;证券ETF;有色ETF;军工ETF,创业板;纳指;国债ETF,证券ETF;有色ETF;军工ETF
2021-08-12,2111847.6521607805,0.0,2111847.6521607805,0.0,False,liquidate,-0.18585868541093015,6,创业板;纳指;国债ETF;证券ETF;有色ETF;军工ETF,创业板;纳指;国债ETF,证券ETF;有色ETF;军工ETF
2021-08-13,2112015.259117301,0.0,2112015.259117301,0.0,False,liquidate,-0.18579407102088344,6,创业板;纳指;国债ETF;证券ETF;有色ETF;军工ETF,创业板;纳指;国债ETF,证券ETF;有色ETF;军工ETF
2021-08-16,2112182.879375961,0.0,2112182.879375961,0.0,False,liquidate,-0.18572945150271053,6,创业板;纳指;国债ETF;证券ETF;有色ETF;军工ETF,创业板;纳指;国债ETF,证券ETF;有色ETF;军工ETF
2021-08-17,2112350.5129378163,0.0,2112350.5129378163,0.0,False,liquidate,-0.1856648268560044,6,纳指;黄金;国债ETF;证券ETF;有色ETF;军工ETF,纳指;黄金;国债ETF,证券ETF;有色ETF;军工ETF
2021-08-18,2112518.1598039228,0.0,2112518.1598039228,0.0,False,liquidate,-0.18560019708035796,6,纳指;黄金;国债ETF;证券ETF;有色ETF;军工ETF,纳指;黄金;国债ETF,证券ETF;有色ETF;军工ETF
2021-08-19,2112685.819975336,0.0,2112685.819975336,0.0,False,liquidate,-0.1855355621753642,6,纳指;黄金;国债ETF;证券ETF;有色ETF;军工ETF,纳指;黄金;国债ETF,证券ETF;有色ETF;军工ETF
2021-08-20,2112853.493453112,0.0,2112853.493453112,0.0,False,liquidate,-0.1854709221406162,6,纳指;黄金;国债ETF;证券ETF;有色ETF;军工ETF,纳指;黄金;国债ETF,证券ETF;有色ETF;军工ETF
2021-08-23,2113021.1802383065,0.0,2113021.1802383065,0.0,False,liquidate,-0.18540627697570677,6,纳指;黄金;国债ETF;证券ETF;有色ETF;军工ETF,纳指;黄金;国债ETF,证券ETF;有色ETF;军工ETF
2021-08-24,2113188.8803319763,0.0,2113188.8803319763,0.0,False,liquidate,-0.1853416266802286,6,纳指;黄金;国债ETF;证券ETF;有色ETF;军工ETF,纳指;黄金;国债ETF,证券ETF;有色ETF;军工ETF
2021-08-25,2113356.5937351775,0.0,2113356.5937351775,0.0,False,liquidate,-0.18527697125377457,6,纳指;黄金;国债ETF;证券ETF;有色ETF;军工ETF,纳指;黄金;国债ETF,证券ETF;有色ETF;军工ETF
2021-08-26,2113524.320448966,0.0,2113524.320448966,0.0,False,liquidate,-0.1852123106959375,6,纳指;黄金;国债ETF;证券ETF;有色ETF;军工ETF,纳指;黄金;国债ETF,证券ETF;有色ETF;军工ETF
2021-08-27,2113692.060474399,0.0,2113692.060474399,0.0,False,liquidate,-0.18514764500631006,6,纳指;黄金;国债ETF;证券ETF;有色ETF;军工ETF,纳指;黄金;国债ETF,证券ETF;有色ETF;军工ETF
2021-08-30,2113859.813812532,0.0,2113859.813812532,0.0,False,liquidate,-0.18508297418448513,6,纳指;黄金;国债ETF;证券ETF;有色ETF;军工ETF,纳指;黄金;国债ETF,证券ETF;有色ETF;军工ETF
2021-08-31,2114027.580464422,0.0,2114027.580464422,0.0,False,liquidate,-0.18501829823005536,6,纳指;黄金;国债ETF;证券ETF;有色ETF;军工ETF,纳指;黄金;国债ETF,证券ETF;有色ETF;军工ETF
2021-09-01,2114195.3604311254,0.0,2114195.3604311254,0.0,False,liquidate,-0.18495361714261327,6,纳指;黄金;国债ETF;证券ETF;有色ETF;军工ETF,纳指;黄金;国债ETF,证券ETF;有色ETF;军工ETF
2021-09-02,2114363.1537136994,0.0,2114363.1537136994,0.0,False,liquidate,-0.18488893092175152,6,纳指;黄金;国债ETF;证券ETF;有色ETF;军工ETF,纳指;黄金;国债ETF,证券ETF;有色ETF;军工ETF
2021-09-03,2114530.9603132005,0.0,2114530.9603132005,0.0,False,liquidate,-0.1848242395670628,6,纳指;黄金;国债ETF;证券ETF;有色ETF;军工ETF,纳指;黄金;国债ETF,证券ETF;有色ETF;军工ETF
2021-09-06,2114698.7802306856,0.0,2114698.7802306856,0.0,False,liquidate,-0.18475954307813955,6,纳指;黄金;国债ETF;证券ETF;有色ETF;军工ETF,纳指;黄金;国债ETF,证券ETF;有色ETF;军工ETF
2021-09-07,2114866.613467212,0.0,2114866.613467212,0.0,False,liquidate,-0.18469484145457435,6,纳指;黄金;国债ETF;证券ETF;有色ETF;军工ETF,纳指;黄金;国债ETF,证券ETF;有色ETF;军工ETF
2021-09-08,2115034.460023836,0.0,2115034.460023836,0.0,False,liquidate,-0.18463013469595962,5,纳指;国债ETF;证券ETF;有色ETF;军工ETF,纳指;国债ETF,证券ETF;有色ETF;军工ETF
2021-09-09,2115202.319901616,0.0,2115202.319901616,0.0,False,liquidate,-0.1845654228018879,5,纳指;国债ETF;证券ETF;有色ETF;军工ETF,纳指;国债ETF,证券ETF;有色ETF;军工ETF
2021-09-10,2115370.193101608,0.0,2115370.193101608,0.0,False,liquidate,-0.18450070577195146,5,纳指;国债ETF;证券ETF;有色ETF;军工ETF,纳指;国债ETF,证券ETF;有色ETF;军工ETF
2021-09-13,2115538.0796248703,0.0,2115538.0796248703,0.0,False,liquidate,-0.18443598360574287,5,纳指;国债ETF;证券ETF;有色ETF;军工ETF,纳指;国债ETF,证券ETF;有色ETF;军工ETF
2021-09-14,2115705.9794724598,0.0,2115705.9794724598,0.0,False,liquidate,-0.18437125630285436,4,纳指;国债ETF;证券ETF;有色ETF,纳指;国债ETF,证券ETF;有色ETF
2021-09-15,2115873.892645434,0.0,2115873.892645434,0.0,False,liquidate,-0.1843065238628783,4,纳指;国债ETF;证券ETF;有色ETF,纳指;国债ETF,证券ETF;有色ETF
2021-09-16,2116041.8191448506,0.0,2116041.8191448506,0.0,False,liquidate,-0.184241786285407,4,纳指;国债ETF;证券ETF;有色ETF,纳指;国债ETF,证券ETF;有色ETF
2021-09-17,2116209.758971767,0.0,2116209.758971767,0.0,False,liquidate,-0.18417704357003276,4,纳指;国债ETF;证券ETF;有色ETF,纳指;国债ETF,证券ETF;有色ETF
2021-09-22,2116377.7121272413,0.0,2116377.7121272413,0.0,False,liquidate,-0.1841122957163477,3,沪深300;证券ETF;有色ETF,沪深300,证券ETF;有色ETF
2021-09-23,2116545.678612331,0.0,2116545.678612331,0.0,False,liquidate,-0.1840475427239442,5,沪深300;纳指;国债ETF;证券ETF;有色ETF,沪深300;纳指;国债ETF,证券ETF;有色ETF
2021-09-24,2116713.658428094,0.0,2116713.658428094,0.0,False,liquidate,-0.18398278459241432,5,沪深300;纳指;国债ETF;消费ETF;证券ETF,沪深300;纳指;国债ETF,消费ETF;证券ETF
2021-09-27,2116881.651575588,0.0,2116881.651575588,0.0,False,liquidate,-0.18391802132135024,6,沪深300;纳指;国债ETF;消费ETF;医药ETF;证券ETF,沪深300;纳指;国债ETF,消费ETF;医药ETF;证券ETF
2021-09-28,2117049.658055872,0.0,2117049.658055872,0.0,False,liquidate,-0.18385325291034388,3,纳指;消费ETF;证券ETF,纳指,消费ETF;证券ETF
2021-09-29,2117217.6778700035,0.0,2117217.6778700035,0.0,False,liquidate,-0.1837884793589876,3,国债ETF;消费ETF;证券ETF,国债ETF,消费ETF;证券ETF
2021-09-30,2117385.711019041,0.0,2117385.711019041,0.0,False,liquidate,-0.18372370066687316,4,国债ETF;消费ETF;医药ETF;证券ETF,国债ETF,消费ETF;医药ETF;证券ETF
2021-10-08,2117553.7575040427,0.0,2117553.7575040427,0.0,False,liquidate,-0.18365891683359267,4,国债ETF;消费ETF;医药ETF;证券ETF,国债ETF,消费ETF;医药ETF;证券ETF
2021-10-11,2117721.817326067,0.0,2117721.817326067,0.0,False,liquidate,-0.18359412785873813,3,沪深300;消费ETF;证券ETF,沪深300,消费ETF;证券ETF
2021-10-12,2117889.8904861724,0.0,2117889.8904861724,0.0,False,liquidate,-0.18352933374190147,3,黄金;国债ETF;消费ETF,黄金;国债ETF,消费ETF
2021-10-13,2118057.9769854173,0.0,2118057.9769854173,0.0,False,liquidate,-0.18346453448267466,4,黄金;国债ETF;消费ETF;医药ETF,黄金;国债ETF,消费ETF;医药ETF
2021-10-14,2118226.0768248606,0.0,2118226.0768248606,0.0,False,liquidate,-0.18339973008064944,3,黄金;国债ETF;消费ETF,黄金;国债ETF,消费ETF
2021-10-15,2118394.1900055613,0.0,2118394.1900055613,0.0,False,liquidate,-0.18333492053541764,3,黄金;国债ETF;消费ETF,黄金;国债ETF,消费ETF
2021-10-18,2118562.316528578,0.0,2118562.316528578,0.0,False,liquidate,-0.18327010584657116,1,消费ETF,,消费ETF
2021-10-19,2118730.456394969,0.0,2118730.456394969,0.0,False,liquidate,-0.18320528601370184,2,纳指;消费ETF,纳指,消费ETF
2021-10-20,2118898.6096057943,0.0,2118898.6096057943,0.0,False,liquidate,-0.18314046103640122,4,沪深300;创业板;纳指;消费ETF,沪深300;创业板;纳指,消费ETF
2021-10-21,2119066.776162112,0.0,2119066.776162112,0.0,False,liquidate,-0.1830756309142613,4,沪深300;创业板;纳指;消费ETF,沪深300;创业板;纳指,消费ETF
2021-10-22,2119234.9560649823,0.0,2119234.9560649823,0.0,False,liquidate,-0.18301079564687345,4,沪深300;创业板;纳指;消费ETF,沪深300;创业板;纳指,消费ETF
2021-10-25,2119403.149315464,0.0,2119403.149315464,0.0,False,liquidate,-0.1829459552338295,4,沪深300;创业板;纳指;消费ETF,沪深300;创业板;纳指,消费ETF
2021-10-26,2119571.355914616,0.0,2119571.355914616,0.0,False,liquidate,-0.18288110967472102,4,沪深300;创业板;纳指;消费ETF,沪深300;创业板;纳指,消费ETF
2021-10-27,2119739.5758634983,0.0,2119739.5758634983,0.0,False,liquidate,-0.18281625896913958,2,沪深300;消费ETF,沪深300,消费ETF
2021-10-28,2119907.80916317,0.0,2119907.80916317,0.0,False,liquidate,-0.18275140311667684,1,消费ETF,,消费ETF
2021-10-29,2120076.055814691,0.0,2120076.055814691,0.0,False,liquidate,-0.18268654211692417,5,沪深300;创业板;纳指;消费ETF;军工ETF,沪深300;创业板;纳指,消费ETF;军工ETF
2021-11-01,2120244.3158191205,0.0,2120244.3158191205,0.0,False,liquidate,-0.18262167596947318,6,沪深300;创业板;纳指;消费ETF;科技ETF;军工ETF,沪深300;创业板;纳指,消费ETF;科技ETF;军工ETF
2021-11-02,2120412.589177519,0.0,2120412.589177519,0.0,True,liquidate,-0.1825568046739151,0,,沪深300;创业板;纳指;国债ETF,消费ETF;科技ETF;军工ETF
2021-11-03,2120412.589177519,0.0,2120412.589177519,0.0,True,liquidate,-0.1825568046739151,0,,沪深300;创业板;纳指,消费ETF;科技ETF;军工ETF
2021-11-04,2120412.589177519,0.0,2120412.589177519,0.0,True,liquidate,-0.1825568046739151,0,,创业板;纳指,消费ETF;科技ETF;军工ETF
2021-11-05,2120412.589177519,0.0,2120412.589177519,0.0,True,liquidate,-0.1825568046739151,0,,创业板;纳指,消费ETF;科技ETF;军工ETF
2021-11-08,2120412.589177519,0.0,2120412.589177519,0.0,True,liquidate,-0.1825568046739151,0,,沪深300;创业板;纳指;国债ETF,消费ETF;科技ETF;军工ETF
2021-11-09,2120412.589177519,0.0,2120412.589177519,0.0,False,liquidate,-0.1825568046739151,6,创业板;纳指;国债ETF;消费ETF;科技ETF;军工ETF,创业板;纳指;国债ETF,消费ETF;科技ETF;军工ETF
2021-11-10,2120580.875890946,0.0,2120580.875890946,0.0,False,liquidate,-0.18249192822984156,6,创业板;纳指;国债ETF;消费ETF;科技ETF;军工ETF,创业板;纳指;国债ETF,消费ETF;科技ETF;军工ETF
2021-11-11,2120749.175960461,0.0,2120749.175960461,0.0,False,liquidate,-0.18242704663684392,7,创业板;纳指;黄金;国债ETF;消费ETF;科技ETF;军工ETF,创业板;纳指;黄金;国债ETF,消费ETF;科技ETF;军工ETF
2021-11-12,2120917.489387125,0.0,2120917.489387125,0.0,False,liquidate,-0.1823621598945135,7,创业板;纳指;黄金;国债ETF;消费ETF;科技ETF;军工ETF,创业板;纳指;黄金;国债ETF,消费ETF;科技ETF;军工ETF
2021-11-15,2121085.8161719968,0.0,2121085.8161719968,0.0,False,liquidate,-0.18229726800244161,7,创业板;纳指;黄金;国债ETF;消费ETF;科技ETF;军工ETF,创业板;纳指;黄金;国债ETF,消费ETF;科技ETF;军工ETF
2021-11-16,2121254.1563161374,0.0,2121254.1563161374,0.0,False,liquidate,-0.1822323709602196,8,创业板;纳指;黄金;国债ETF;消费ETF;医药ETF;科技ETF;军工ETF,创业板;纳指;黄金;国债ETF,消费ETF;医药ETF;科技ETF;军工ETF
2021-11-17,2121422.509820607,0.0,2121422.509820607,0.0,False,liquidate,-0.1821674687674386,8,创业板;纳指;黄金;国债ETF;消费ETF;医药ETF;科技ETF;军工ETF,创业板;纳指;黄金;国债ETF,消费ETF;医药ETF;科技ETF;军工ETF
2021-11-18,2121590.876686466,0.0,2121590.876686466,0.0,False,liquidate,-0.18210256142368997,7,创业板;纳指;黄金;国债ETF;消费ETF;科技ETF;军工ETF,创业板;纳指;黄金;国债ETF,消费ETF;科技ETF;军工ETF
2021-11-19,2121759.2569147744,0.0,2121759.2569147744,0.0,False,liquidate,-0.18203764892856483,8,沪深300;创业板;纳指;黄金;国债ETF;消费ETF;科技ETF;军工ETF,沪深300;创业板;纳指;黄金;国债ETF,消费ETF;科技ETF;军工ETF
2021-11-22,2121927.6505065933,0.0,2121927.6505065933,0.0,True,liquidate,-0.1819727312816543,0,,沪深300;创业板;纳指;黄金;国债ETF,消费ETF;有色ETF;科技ETF;军工ETF
2021-11-23,2121927.6505065933,0.0,2121927.6505065933,0.0,True,liquidate,-0.1819727312816543,0,,沪深300;创业板;纳指;国债ETF,消费ETF;证券ETF;有色ETF;科技ETF;军工ETF
2021-11-24,2121927.6505065933,0.0,2121927.6505065933,0.0,True,liquidate,-0.1819727312816543,0,,沪深300;创业板;纳指;黄金;国债ETF,消费ETF;有色ETF;科技ETF;军工ETF
2021-11-25,2121927.6505065933,0.0,2121927.6505065933,0.0,True,liquidate,-0.1819727312816543,0,,沪深300;创业板;纳指;黄金;国债ETF,消费ETF;医药ETF;有色ETF;科技ETF;军工ETF
2021-11-26,2121927.6505065933,0.0,2121927.6505065933,0.0,True,liquidate,-0.1819727312816543,0,,创业板;纳指;黄金;国债ETF,消费ETF;医药ETF;有色ETF;科技ETF;军工ETF
2021-11-29,2121927.6505065933,0.0,2121927.6505065933,0.0,True,liquidate,-0.1819727312816543,0,,创业板;纳指;黄金;国债ETF,消费ETF;医药ETF;有色ETF;科技ETF;军工ETF
2021-11-30,2121927.6505065933,0.0,2121927.6505065933,0.0,True,liquidate,-0.1819727312816543,0,,创业板;纳指;黄金;国债ETF,医药ETF;有色ETF;科技ETF;军工ETF
2021-12-01,2121927.6505065933,0.0,2121927.6505065933,0.0,False,liquidate,-0.1819727312816543,7,创业板;纳指;黄金;国债ETF;有色ETF;科技ETF;军工ETF,创业板;纳指;黄金;国债ETF,有色ETF;科技ETF;军工ETF
2021-12-02,2122096.057462983,0.0,2122096.057462983,0.0,False,liquidate,-0.18190780848254964,7,创业板;纳指;国债ETF;证券ETF;有色ETF;科技ETF;军工ETF,创业板;纳指;国债ETF,证券ETF;有色ETF;科技ETF;军工ETF
2021-12-03,2122264.477785004,0.0,2122264.477785004,0.0,False,liquidate,-0.18184288053084185,8,创业板;纳指;国债ETF;消费ETF;证券ETF;有色ETF;科技ETF;军工ETF,创业板;纳指;国债ETF,消费ETF;证券ETF;有色ETF;科技ETF;军工ETF
2021-12-06,2122432.911473717,0.0,2122432.911473717,0.0,False,liquidate,-0.18177794742612202,10,沪深300;创业板;纳指;黄金;国债ETF;消费ETF;证券ETF;有色ETF;科技ETF;军工ETF,沪深300;创业板;纳指;黄金;国债ETF,消费ETF;证券ETF;有色ETF;科技ETF;军工ETF
2021-12-07,2122601.3585301833,0.0,2122601.3585301833,0.0,False,liquidate,-0.1817130091679812,8,创业板;纳指;国债ETF;消费ETF;证券ETF;有色ETF;科技ETF;军工ETF,创业板;纳指;国债ETF,消费ETF;证券ETF;有色ETF;科技ETF;军工ETF
2021-12-08,2122769.8189554634,0.0,2122769.8189554634,0.0,False,liquidate,-0.18164806575601047,9,沪深300;创业板;纳指;国债ETF;消费ETF;证券ETF;有色ETF;科技ETF;军工ETF,沪深300;创业板;纳指;国债ETF,消费ETF;证券ETF;有色ETF;科技ETF;军工ETF
2021-12-09,2122938.2927506184,0.0,2122938.2927506184,0.0,False,liquidate,-0.18158311718980066,10,沪深300;创业板;纳指;国债ETF;消费ETF;医药ETF;证券ETF;有色ETF;科技ETF;军工ETF,沪深300;创业板;纳指;国债ETF,消费ETF;医药ETF;证券ETF;有色ETF;科技ETF;军工ETF
2021-12-10,2123106.7799167098,0.0,2123106.7799167098,0.0,False,liquidate,-0.18151816346894273,10,沪深300;创业板;纳指;国债ETF;消费ETF;医药ETF;证券ETF;有色ETF;科技ETF;军工ETF,沪深300;创业板;纳指;国债ETF,消费ETF;医药ETF;证券ETF;有色ETF;科技ETF;军工ETF
2021-12-13,2123275.2804547986,0.0,2123275.2804547986,0.0,False,liquidate,-0.18145320459302747,10,沪深300;创业板;纳指;国债ETF;消费ETF;医药ETF;证券ETF;有色ETF;科技ETF;军工ETF,沪深300;创业板;纳指;国债ETF,消费ETF;医药ETF;证券ETF;有色ETF;科技ETF;军工ETF
2021-12-14,2123443.7943659457,0.0,2123443.7943659457,0.0,False,liquidate,-0.18138824056164599,11,沪深300;创业板;纳指;黄金;国债ETF;消费ETF;医药ETF;证券ETF;有色ETF;科技ETF;军工ETF,沪深300;创业板;纳指;黄金;国债ETF,消费ETF;医药ETF;证券ETF;有色ETF;科技ETF;军工ETF
2021-12-15,2123612.321651213,0.0,2123612.321651213,0.0,False,liquidate,-0.18132327137438897,8,沪深300;创业板;纳指;国债ETF;消费ETF;证券ETF;科技ETF;军工ETF,沪深300;创业板;纳指;国债ETF,消费ETF;证券ETF;科技ETF;军工ETF
2021-12-16,2123780.8623116612,0.0,2123780.8623116612,0.0,False,liquidate,-0.1812582970308473,8,沪深300;创业板;纳指;国债ETF;消费ETF;证券ETF;科技ETF;军工ETF,沪深300;创业板;纳指;国债ETF,消费ETF;证券ETF;科技ETF;军工ETF
2021-12-17,2123949.4163483526,0.0,2123949.4163483526,0.0,False,liquidate,-0.1811933175306117,8,创业板;纳指;黄金;国债ETF;消费ETF;证券ETF;科技ETF;军工ETF,创业板;纳指;黄金;国债ETF,消费ETF;证券ETF;科技ETF;军工ETF
2021-12-20,2124117.9837623485,0.0,2124117.9837623485,0.0,False,liquidate,-0.18112833287327285,6,创业板;纳指;黄金;国债ETF;消费ETF;证券ETF,创业板;纳指;黄金;国债ETF,消费ETF;证券ETF
2021-12-21,2124286.564554711,0.0,2124286.564554711,0.0,False,liquidate,-0.18106334305842142,8,沪深300;创业板;纳指;黄金;国债ETF;消费ETF;证券ETF;科技ETF,沪深300;创业板;纳指;黄金;国债ETF,消费ETF;证券ETF;科技ETF
2021-12-22,2124455.158726501,0.0,2124455.158726501,0.0,False,liquidate,-0.18099834808564833,7,沪深300;创业板;纳指;国债ETF;消费ETF;证券ETF;科技ETF,沪深300;创业板;纳指;国债ETF,消费ETF;证券ETF;科技ETF
2021-12-23,2124623.766278781,0.0,2124623.766278781,0.0,False,liquidate,-0.18093334795454388,8,沪深300;创业板;纳指;黄金;国债ETF;消费ETF;证券ETF;科技ETF,沪深300;创业板;纳指;黄金;国债ETF,消费ETF;证券ETF;科技ETF
2021-12-24,2124792.3872126127,0.0,2124792.3872126127,0.0,False,liquidate,-0.180868342664699,7,沪深300;纳指;黄金;国债ETF;消费ETF;证券ETF;科技ETF,沪深300;纳指;黄金;国债ETF,消费ETF;证券ETF;科技ETF
2021-12-27,2124961.021529058,0.0,2124961.021529058,0.0,False,liquidate,-0.1808033322157042,7,沪深300;纳指;黄金;国债ETF;消费ETF;证券ETF;科技ETF,沪深300;纳指;黄金;国债ETF,消费ETF;证券ETF;科技ETF
2021-12-28,2125129.6692291796,0.0,2125129.6692291796,0.0,False,liquidate,-0.18073831660714976,8,沪深300;创业板;纳指;黄金;国债ETF;消费ETF;证券ETF;科技ETF,沪深300;创业板;纳指;黄金;国债ETF,消费ETF;证券ETF;科技ETF
2021-12-29,2125298.3303140393,0.0,2125298.3303140393,0.0,False,liquidate,-0.18067329583862646,6,沪深300;纳指;黄金;国债ETF;消费ETF;证券ETF,沪深300;纳指;黄金;国债ETF,消费ETF;证券ETF
2021-12-30,2125467.004784699,0.0,2125467.004784699,0.0,False,liquidate,-0.18060826990972478,6,沪深300;国债ETF;消费ETF;证券ETF;科技ETF;军工ETF,沪深300;国债ETF,消费ETF;证券ETF;科技ETF;军工ETF
2021-12-31,2125635.6926422217,0.0,2125635.6926422217,0.0,False,liquidate,-0.18054323882003506,7,沪深300;纳指;国债ETF;消费ETF;证券ETF;科技ETF;军工ETF,沪深300;纳指;国债ETF,消费ETF;证券ETF;科技ETF;军工ETF
2022-01-04,2125804.39388767,0.0,2125804.39388767,0.0,False,liquidate,-0.18047820256914765,7,沪深300;纳指;国债ETF;消费ETF;证券ETF;科技ETF;军工ETF,沪深300;纳指;国债ETF,消费ETF;证券ETF;科技ETF;军工ETF
2022-01-05,2125973.1085221055,0.0,2125973.1085221055,0.0,False,liquidate,-0.18041316115665307,4,沪深300;国债ETF;消费ETF;证券ETF,沪深300;国债ETF,消费ETF;证券ETF
2022-01-06,2126141.8365465915,0.0,2126141.8365465915,0.0,False,liquidate,-0.18034811458214164,1,国债ETF,国债ETF,
2022-01-07,2126310.5779621904,0.0,2126310.5779621904,0.0,False,liquidate,-0.18028306284520373,1,国债ETF,国债ETF,
2022-01-10,2126479.3327699653,0.0,2126479.3327699653,0.0,False,liquidate,-0.1802180059454295,1,国债ETF,国债ETF,
2022-01-11,2126648.100970979,0.0,2126648.100970979,0.0,False,liquidate,-0.18015294388240927,1,国债ETF,国债ETF,
2022-01-12,2126816.882566294,0.0,2126816.882566294,0.0,False,liquidate,-0.1800878766557332,1,国债ETF,国债ETF,
2022-01-13,2126985.6775569743,0.0,2126985.6775569743,0.0,False,liquidate,-0.18002280426499145,1,国债ETF,国债ETF,
2022-01-14,2127154.485944082,0.0,2127154.485944082,0.5,False,halve,-0.17995772670977442,1,国债ETF,国债ETF,
2022-01-17,2127323.307728681,0.0,2127323.307728681,0.5,False,halve,-0.179892643989672,1,国债ETF,国债ETF,
2022-01-18,2127492.142911834,0.0,2127492.142911834,0.5,False,halve,-0.17982755610427423,1,国债ETF,国债ETF,
2022-01-19,2127660.991494605,0.0,2127660.991494605,0.5,False,halve,-0.17976246305317145,2,黄金;国债ETF,黄金;国债ETF,
2022-01-20,2127829.853478057,0.0,2127829.853478057,0.5,False,halve,-0.17969736483595342,2,黄金;国债ETF,黄金;国债ETF,
2022-01-21,2127998.7288632537,0.0,2127998.7288632537,0.5,False,halve,-0.17963226145221017,2,黄金;国债ETF,黄金;国债ETF,
2022-01-24,2128167.617651259,0.0,2128167.617651259,0.5,False,halve,-0.17956715290153163,2,黄金;国债ETF,黄金;国债ETF,
2022-01-25,2128336.5198431364,0.0,2128336.5198431364,0.5,False,halve,-0.17950203918350785,2,黄金;国债ETF,黄金;国债ETF,
2022-01-26,2128505.4354399494,0.0,2128505.4354399494,0.5,False,halve,-0.17943692029772876,2,黄金;国债ETF,黄金;国债ETF,
2022-01-27,2128674.364442762,0.0,2128674.364442762,0.5,False,halve,-0.17937179624378416,2,黄金;国债ETF,黄金;国债ETF,
2022-01-28,2128843.3068526387,0.0,2128843.3068526387,0.5,False,halve,-0.17930666702126372,2,黄金;国债ETF,黄金;国债ETF,
2022-02-07,2129012.262670643,0.0,2129012.262670643,0.5,False,halve,-0.17924153262975737,2,黄金;国债ETF,黄金;国债ETF,
2022-02-08,2129181.2318978393,0.0,2129181.2318978393,0.5,False,halve,-0.1791763930688549,2,黄金;国债ETF,黄金;国债ETF,
2022-02-09,2129350.214535292,0.0,2129350.214535292,0.5,False,halve,-0.179111248338146,2,黄金;国债ETF,黄金;国债ETF,
2022-02-10,2129519.2105840645,0.0,2129519.2105840645,0.5,False,halve,-0.17904609843722044,2,黄金;国债ETF,黄金;国债ETF,
2022-02-11,2129688.220045222,0.0,2129688.220045222,0.5,False,halve,-0.17898094336566783,2,黄金;国债ETF,黄金;国债ETF,
2022-02-14,2129857.2429198287,0.0,2129857.2429198287,0.5,False,halve,-0.1789157831230778,2,黄金;国债ETF,黄金;国债ETF,
2022-02-15,2130026.2792089493,730856.2857986741,1399169.9934102753,0.5,False,halve,-0.17885061770903998,3,黄金;国债ETF;有色ETF,黄金;国债ETF,有色ETF
2022-02-16,2134018.9587413557,754007.330705715,1380011.6280356408,0.5,False,halve,-0.1773113942901914,3,黄金;国债ETF;有色ETF,黄金;国债ETF,有色ETF
2022-02-17,2160874.403883678,715055.5169921181,1445818.8868915597,0.5,False,halve,-0.16695831442210807,3,黄金;国债ETF;有色ETF,黄金;国债ETF,有色ETF
2022-02-18,2158383.2639617883,733751.096524875,1424632.1674369131,0.5,False,halve,-0.1679186772251528,3,黄金;国债ETF;有色ETF,黄金;国债ETF,有色ETF
2022-02-21,2155275.7692320244,752247.2709348516,1403028.4982971728,0.5,False,halve,-0.16911665182421062,3,黄金;国债ETF;有色ETF,黄金;国债ETF,有色ETF
2022-02-22,2172521.334806668,754566.1124147042,1417955.222391964,0.5,False,halve,-0.1624682899438417,3,黄金;国债ETF;有色ETF,黄金;国债ETF,有色ETF
2022-02-23,2175344.237718528,779286.5731213973,1396057.6645971308,0.5,False,halve,-0.1613800287308382,3,黄金;国债ETF;有色ETF,黄金;国债ETF,有色ETF
2022-02-24,2166529.7781291683,783243.0260240315,1383286.7521051369,0.5,False,halve,-0.1647781032605663,3,黄金;国债ETF;有色ETF,黄金;国债ETF,有色ETF
2022-02-25,2176848.3784824265,803453.1366557984,1373395.241826628,0.5,False,halve,-0.16080016534079003,3,黄金;国债ETF;有色ETF,黄金;国债ETF,有色ETF
2022-02-28,2195335.1482069995,805493.5701176295,1389841.57808937,0.5,False,halve,-0.1536733051287526,3,黄金;国债ETF;有色ETF,黄金;国债ETF,有色ETF
2022-03-01,2176307.241085764,1088153.620542882,1088153.620542882,0.5,False,halve,-0.16100877996838464,4,黄金;国债ETF;有色ETF;军工ETF,黄金;国债ETF,有色ETF;军工ETF
2022-03-02,2177842.5185602494,779015.9347149357,1398826.5838453136,0.5,False,halve,-0.16041691302189465,3,黄金;国债ETF;有色ETF,黄金;国债ETF,有色ETF
2022-03-03,2175752.926558024,799697.469118564,1376055.4574394599,0.5,False,halve,-0.16122247453003946,3,黄金;国债ETF;有色ETF,黄金;国债ETF,有色ETF
2022-03-04,2160570.471822636,780192.2776418299,1380378.1941808062,0.5,False,halve,-0.16707548369209263,3,黄金;国债ETF;有色ETF,黄金;国债ETF,有色ETF
2022-03-07,2158426.762751855,802232.6914970218,1356194.0712548331,0.5,False,halve,-0.16790190794632168,3,黄金;国债ETF;有色ETF,黄金;国债ETF,有色ETF
2022-03-08,2113223.644170262,0.0,2113223.644170262,0.0,False,liquidate,-0.1853282248247619,2,黄金;国债ETF,黄金;国债ETF,
2022-03-09,2113391.360332498,0.0,2113391.360332498,0.0,False,liquidate,-0.18526356833466856,2,黄金;国债ETF,黄金;国债ETF,
2022-03-10,2113559.08980554,0.0,2113559.08980554,0.0,False,liquidate,-0.1851989067131078,2,黄金;国债ETF,黄金;国债ETF,
2022-03-11,2113726.8325904454,0.0,2113726.8325904454,0.0,False,liquidate,-0.18513423995967232,2,黄金;国债ETF,黄金;国债ETF,
2022-03-14,2113894.58868827,0.0,2113894.58868827,0.0,False,liquidate,-0.18506956807395478,2,黄金;国债ETF,黄金;国债ETF,
2022-03-15,2114062.358100071,0.0,2114062.358100071,0.0,False,liquidate,-0.18500489105554785,2,黄金;国债ETF,黄金;国债ETF,
2022-03-16,2114230.1408269047,0.0,2114230.1408269047,0.0,False,liquidate,-0.18494020890404422,2,黄金;国债ETF,黄金;国债ETF,
2022-03-17,2114397.9368698276,0.0,2114397.9368698276,0.0,False,liquidate,-0.18487552161903656,2,黄金;国债ETF,黄金;国债ETF,
2022-03-18,2114565.746229897,0.0,2114565.746229897,0.0,False,liquidate,-0.18481082920011735,2,黄金;国债ETF,黄金;国债ETF,
2022-03-21,2114733.568908169,0.0,2114733.568908169,0.0,False,liquidate,-0.1847461316468793,1,黄金,黄金,
2022-03-22,2114901.4049057015,0.0,2114901.4049057015,0.0,False,liquidate,-0.1846814289589147,1,黄金,黄金,
2022-03-23,2115069.254223551,0.0,2115069.254223551,0.0,False,liquidate,-0.1846167211358162,2,黄金;医药ETF,黄金,医药ETF
2022-03-24,2115237.1168627753,0.0,2115237.1168627753,0.0,False,liquidate,-0.18455200817717618,2,黄金;医药ETF,黄金,医药ETF
2022-03-25,2115404.992824431,0.0,2115404.992824431,0.0,False,liquidate,-0.18448729008258707,2,纳指;黄金,纳指;黄金,
2022-03-28,2115572.882109576,0.0,2115572.882109576,0.0,False,liquidate,-0.1844225668516412,2,纳指;黄金,纳指;黄金,
2022-03-29,2115740.7847192674,0.0,2115740.7847192674,0.0,False,liquidate,-0.18435783848393095,2,纳指;黄金,纳指;黄金,
2022-03-30,2115908.7006545626,0.0,2115908.7006545626,0.0,False,liquidate,-0.18429310497904872,3,纳指;黄金;医药ETF,纳指;黄金,医药ETF
2022-03-31,2116076.6299165194,0.0,2116076.6299165194,0.0,False,liquidate,-0.18422836633658668,3,纳指;黄金;医药ETF,纳指;黄金,医药ETF
2022-04-01,2116244.5725061954,0.0,2116244.5725061954,0.0,False,liquidate,-0.18416362255613716,3,纳指;黄金;医药ETF,纳指;黄金,医药ETF
2022-04-06,2116412.5284246486,0.0,2116412.5284246486,0.0,False,liquidate,-0.1840988736372923,3,纳指;黄金;医药ETF,纳指;黄金,医药ETF
2022-04-07,2116580.4976729364,0.0,2116580.4976729364,0.0,False,liquidate,-0.1840341195796444,1,黄金,黄金,
2022-04-08,2116748.480252117,0.0,2116748.480252117,0.0,False,liquidate,-0.1839693603827856,1,黄金,黄金,
2022-04-11,2116916.476163248,0.0,2116916.476163248,0.0,False,liquidate,-0.18390459604630804,2,黄金;国债ETF,黄金;国债ETF,
2022-04-12,2117084.4854073883,0.0,2117084.4854073883,0.0,False,liquidate,-0.18383982656980366,2,黄金;国债ETF,黄金;国债ETF,
2022-04-13,2117252.507985595,0.0,2117252.507985595,0.0,False,liquidate,-0.18377505195286478,2,黄金;国债ETF,黄金;国债ETF,
2022-04-14,2117420.5438989275,0.0,2117420.5438989275,0.0,False,liquidate,-0.1837102721950832,2,黄金;国债ETF,黄金;国债ETF,
2022-04-15,2117588.5931484434,0.0,2117588.5931484434,0.0,False,liquidate,-0.18364548729605104,2,黄金;国债ETF,黄金;国债ETF,
2022-04-18,2117756.655735201,0.0,2117756.655735201,0.0,False,liquidate,-0.18358069725536025,2,黄金;国债ETF,黄金;国债ETF,
2022-04-19,2117924.7316602594,0.0,2117924.7316602594,0.0,False,liquidate,-0.1835159020726028,3,黄金;国债ETF;消费ETF,黄金;国债ETF,消费ETF
2022-04-20,2118092.820924677,0.0,2118092.820924677,0.0,False,liquidate,-0.18345110174737042,4,纳指;黄金;国债ETF;消费ETF,纳指;黄金;国债ETF,消费ETF
2022-04-21,2118260.9235295122,0.0,2118260.9235295122,0.0,False,liquidate,-0.18338629627925515,3,纳指;黄金;国债ETF,纳指;黄金;国债ETF,
2022-04-22,2118429.039475824,0.0,2118429.039475824,0.0,True,liquidate,-0.1833214856678487,0,,纳指;黄金;国债ETF,
2022-04-25,2118429.039475824,0.0,2118429.039475824,0.0,True,liquidate,-0.1833214856678487,0,,黄金;国债ETF,
2022-04-26,2118429.039475824,0.0,2118429.039475824,0.0,True,liquidate,-0.1833214856678487,0,,纳指;黄金;国债ETF,
2022-04-27,2118429.039475824,0.0,2118429.039475824,0.0,True,liquidate,-0.1833214856678487,0,,黄金;国债ETF,
2022-04-28,2118429.039475824,0.0,2118429.039475824,0.0,True,liquidate,-0.1833214856678487,0,,黄金;国债ETF,
2022-04-29,2118429.039475824,0.0,2118429.039475824,0.0,True,liquidate,-0.1833214856678487,0,,黄金;国债ETF,
2022-05-05,2118429.039475824,0.0,2118429.039475824,0.0,True,liquidate,-0.1833214856678487,0,,纳指;黄金;国债ETF,消费ETF
2022-05-06,2118429.039475824,0.0,2118429.039475824,0.0,True,liquidate,-0.1833214856678487,0,,国债ETF,
2022-05-09,2118429.039475824,0.0,2118429.039475824,0.0,True,liquidate,-0.1833214856678487,0,,纳指;国债ETF,
2022-05-10,2118429.039475824,0.0,2118429.039475824,0.0,True,liquidate,-0.1833214856678487,0,,国债ETF,
2022-05-11,2118429.039475824,0.0,2118429.039475824,0.0,True,liquidate,-0.1833214856678487,0,,国债ETF,
2022-05-12,2118429.039475824,0.0,2118429.039475824,0.0,True,liquidate,-0.1833214856678487,0,,国债ETF,
2022-05-13,2118429.039475824,0.0,2118429.039475824,0.0,True,liquidate,-0.1833214856678487,0,,国债ETF,
2022-05-16,2118429.039475824,0.0,2118429.039475824,0.0,True,liquidate,-0.1833214856678487,0,,纳指;黄金;国债ETF,
2022-05-17,2118429.039475824,0.0,2118429.039475824,0.0,True,liquidate,-0.1833214856678487,0,,黄金;国债ETF,
2022-05-18,2118429.039475824,0.0,2118429.039475824,0.0,True,liquidate,-0.1833214856678487,0,,国债ETF,军工ETF
2022-05-19,2118429.039475824,0.0,2118429.039475824,0.0,True,liquidate,-0.1833214856678487,0,,国债ETF,军工ETF
2022-05-20,2118429.039475824,0.0,2118429.039475824,0.0,True,liquidate,-0.1833214856678487,0,,黄金;国债ETF,有色ETF;军工ETF
2022-05-23,2118429.039475824,0.0,2118429.039475824,0.0,True,liquidate,-0.1833214856678487,0,,黄金;国债ETF,有色ETF;军工ETF
2022-05-24,2118429.039475824,0.0,2118429.039475824,0.0,True,liquidate,-0.1833214856678487,0,,黄金;国债ETF,
2022-05-25,2118429.039475824,0.0,2118429.039475824,0.0,True,liquidate,-0.1833214856678487,0,,黄金;国债ETF,有色ETF
2022-05-26,2118429.039475824,0.0,2118429.039475824,0.0,True,liquidate,-0.1833214856678487,0,,国债ETF,有色ETF;军工ETF
2022-05-27,2118429.039475824,0.0,2118429.039475824,0.0,True,liquidate,-0.1833214856678487,0,,黄金;国债ETF,有色ETF;军工ETF
2022-05-30,2118429.039475824,0.0,2118429.039475824,0.0,True,liquidate,-0.1833214856678487,0,,黄金;国债ETF,有色ETF;军工ETF
2022-05-31,2118429.039475824,0.0,2118429.039475824,0.0,True,liquidate,-0.1833214856678487,0,,黄金;国债ETF,消费ETF;有色ETF;军工ETF
2022-06-01,2118429.039475824,0.0,2118429.039475824,0.0,True,liquidate,-0.1833214856678487,0,,黄金;国债ETF,消费ETF;有色ETF;军工ETF
2022-06-02,2118429.039475824,0.0,2118429.039475824,0.0,True,liquidate,-0.1833214856678487,0,,黄金;国债ETF,消费ETF;有色ETF;科技ETF;军工ETF
2022-06-06,2118429.039475824,0.0,2118429.039475824,0.0,True,liquidate,-0.1833214856678487,0,,黄金;国债ETF,消费ETF;医药ETF;证券ETF;有色ETF;科技ETF;军工ETF
2022-06-07,2118429.039475824,0.0,2118429.039475824,0.0,True,liquidate,-0.1833214856678487,0,,黄金;国债ETF,消费ETF;医药ETF;证券ETF;有色ETF;科技ETF;军工ETF
2022-06-08,2118429.039475824,0.0,2118429.039475824,0.0,True,liquidate,-0.1833214856678487,0,,创业板;黄金;国债ETF,消费ETF;医药ETF;证券ETF;有色ETF;科技ETF;军工ETF
2022-06-09,2118429.039475824,0.0,2118429.039475824,0.0,True,liquidate,-0.1833214856678487,0,,沪深300;创业板;国债ETF,消费ETF;医药ETF;证券ETF;有色ETF;科技ETF;军工ETF
2022-06-10,2118429.039475824,0.0,2118429.039475824,0.0,True,liquidate,-0.1833214856678487,0,,沪深300;创业板;国债ETF,消费ETF;医药ETF;证券ETF;有色ETF;科技ETF;军工ETF
2022-06-13,2118429.039475824,0.0,2118429.039475824,0.0,True,liquidate,-0.1833214856678487,0,,沪深300;创业板;国债ETF,消费ETF;医药ETF;证券ETF;有色ETF;科技ETF;军工ETF
2022-06-14,2118429.039475824,0.0,2118429.039475824,0.0,True,liquidate,-0.1833214856678487,0,,沪深300;创业板;国债ETF,消费ETF;医药ETF;证券ETF;有色ETF;科技ETF;军工ETF
2022-06-15,2118429.039475824,0.0,2118429.039475824,0.0,True,liquidate,-0.1833214856678487,0,,沪深300;创业板;国债ETF,消费ETF;医药ETF;证券ETF;有色ETF;科技ETF;军工ETF
2022-06-16,2118429.039475824,0.0,2118429.039475824,0.0,True,liquidate,-0.1833214856678487,0,,沪深300;创业板;国债ETF,消费ETF;医药ETF;证券ETF;有色ETF;科技ETF;军工ETF
2022-06-17,2118429.039475824,0.0,2118429.039475824,0.0,True,liquidate,-0.1833214856678487,0,,沪深300;创业板;国债ETF,消费ETF;医药ETF;证券ETF;有色ETF;科技ETF;军工ETF
2022-06-20,2118429.039475824,0.0,2118429.039475824,0.0,True,liquidate,-0.1833214856678487,0,,沪深300;创业板;国债ETF,消费ETF;医药ETF;证券ETF;有色ETF;科技ETF;军工ETF
2022-06-21,2118429.039475824,0.0,2118429.039475824,0.0,True,liquidate,-0.1833214856678487,0,,沪深300;创业板;国债ETF,消费ETF;医药ETF;证券ETF;有色ETF;科技ETF;军工ETF
2022-06-22,2118429.039475824,0.0,2118429.039475824,0.0,True,liquidate,-0.1833214856678487,0,,沪深300;创业板;国债ETF,消费ETF;医药ETF;证券ETF;有色ETF;科技ETF;军工ETF
2022-06-23,2118429.039475824,0.0,2118429.039475824,0.0,True,liquidate,-0.1833214856678487,0,,沪深300;创业板;国债ETF,消费ETF;医药ETF;证券ETF;有色ETF;科技ETF;军工ETF
2022-06-24,2118429.039475824,0.0,2118429.039475824,0.0,True,liquidate,-0.1833214856678487,0,,沪深300;创业板;国债ETF,消费ETF;医药ETF;证券ETF;有色ETF;科技ETF;军工ETF
2022-06-27,2118429.039475824,0.0,2118429.039475824,0.0,True,liquidate,-0.1833214856678487,0,,沪深300;创业板;国债ETF,消费ETF;医药ETF;证券ETF;有色ETF;科技ETF;军工ETF
2022-06-28,2118429.039475824,0.0,2118429.039475824,0.0,True,liquidate,-0.1833214856678487,0,,沪深300;创业板;国债ETF,消费ETF;医药ETF;证券ETF;有色ETF;科技ETF;军工ETF
2022-06-29,2118429.039475824,0.0,2118429.039475824,0.0,True,liquidate,-0.1833214856678487,0,,沪深300;创业板;国债ETF,消费ETF;医药ETF;证券ETF;有色ETF;科技ETF;军工ETF
2022-06-30,2118429.039475824,0.0,2118429.039475824,0.0,True,liquidate,-0.1833214856678487,0,,沪深300;创业板;国债ETF,消费ETF;医药ETF;证券ETF;有色ETF;科技ETF;军工ETF
2022-07-01,2118429.039475824,0.0,2118429.039475824,0.0,True,liquidate,-0.1833214856678487,0,,沪深300;创业板;国债ETF,消费ETF;医药ETF;证券ETF;有色ETF;科技ETF;军工ETF
2022-07-04,2118429.039475824,0.0,2118429.039475824,0.0,True,liquidate,-0.1833214856678487,0,,沪深300;创业板;国债ETF,消费ETF;医药ETF;证券ETF;有色ETF;科技ETF;军工ETF
2022-07-05,2118429.039475824,0.0,2118429.039475824,0.0,True,liquidate,-0.1833214856678487,0,,沪深300;创业板,消费ETF;医药ETF;证券ETF;有色ETF;科技ETF;军工ETF
2022-07-06,2118429.039475824,0.0,2118429.039475824,0.0,True,liquidate,-0.1833214856678487,0,,沪深300;创业板;国债ETF,消费ETF;医药ETF;证券ETF;有色ETF;科技ETF;军工ETF
2022-07-07,2118429.039475824,0.0,2118429.039475824,0.0,True,liquidate,-0.1833214856678487,0,,沪深300;创业板;国债ETF,消费ETF;医药ETF;证券ETF;有色ETF;科技ETF;军工ETF
2022-07-08,2118429.039475824,0.0,2118429.039475824,0.0,True,liquidate,-0.1833214856678487,0,,沪深300;创业板,消费ETF;医药ETF;证券ETF;有色ETF;科技ETF;军工ETF
2022-07-11,2118429.039475824,0.0,2118429.039475824,0.0,False,liquidate,-0.1833214856678487,7,沪深300;创业板;消费ETF;医药ETF;有色ETF;科技ETF;军工ETF,沪深300;创业板,消费ETF;医药ETF;有色ETF;科技ETF;军工ETF
2022-07-12,2118597.168764672,0.0,2118597.168764672,0.0,False,liquidate,-0.18325666991274286,7,沪深300;创业板;消费ETF;医药ETF;证券ETF;有色ETF;军工ETF,沪深300;创业板,消费ETF;医药ETF;证券ETF;有色ETF;军工ETF
2022-07-13,2118765.3113971134,0.0,2118765.3113971134,0.0,False,liquidate,-0.1831918490135296,6,沪深300;创业板;消费ETF;医药ETF;有色ETF;军工ETF,沪深300;创业板,消费ETF;医药ETF;有色ETF;军工ETF
2022-07-14,2118933.4673742084,0.0,2118933.4673742084,0.0,False,liquidate,-0.18312702296980052,6,沪深300;创业板;消费ETF;医药ETF;有色ETF;军工ETF,沪深300;创业板,消费ETF;医药ETF;有色ETF;军工ETF
2022-07-15,2119101.6366970157,0.0,2119101.6366970157,0.0,False,liquidate,-0.18306219178114738,6,沪深300;创业板;国债ETF;消费ETF;医药ETF;军工ETF,沪深300;创业板;国债ETF,消费ETF;医药ETF;军工ETF
2022-07-18,2119269.819366595,0.0,2119269.819366595,0.0,False,liquidate,-0.18299735544716178,8,沪深300;创业板;纳指;国债ETF;消费ETF;医药ETF;有色ETF;军工ETF,沪深300;创业板;纳指;国债ETF,消费ETF;医药ETF;有色ETF;军工ETF
2022-07-19,2119438.015384005,0.0,2119438.015384005,0.0,False,liquidate,-0.18293251396743535,6,沪深300;创业板;纳指;消费ETF;医药ETF;军工ETF,沪深300;创业板;纳指,消费ETF;医药ETF;军工ETF
2022-07-20,2119606.2247503055,0.0,2119606.2247503055,0.0,False,liquidate,-0.18286766734155963,7,沪深300;创业板;纳指;消费ETF;医药ETF;有色ETF;军工ETF,沪深300;创业板;纳指,消费ETF;医药ETF;有色ETF;军工ETF
2022-07-21,2119774.4474665555,0.0,2119774.4474665555,0.0,False,liquidate,-0.18280281556912642,7,沪深300;创业板;纳指;消费ETF;医药ETF;科技ETF;军工ETF,沪深300;创业板;纳指,消费ETF;医药ETF;科技ETF;军工ETF
2022-07-22,2119942.6835338147,0.0,2119942.6835338147,0.0,False,liquidate,-0.18273795864972717,7,沪深300;创业板;纳指;国债ETF;消费ETF;医药ETF;军工ETF,沪深300;创业板;纳指;国债ETF,消费ETF;医药ETF;军工ETF
2022-07-25,2120110.932953143,0.0,2120110.932953143,0.0,False,liquidate,-0.18267309658295325,6,沪深300;创业板;国债ETF;消费ETF;医药ETF;军工ETF,沪深300;创业板;国债ETF,消费ETF;医药ETF;军工ETF
2022-07-26,2120279.1957256,0.0,2120279.1957256,0.0,False,liquidate,-0.1826082293683963,5,沪深300;创业板;国债ETF;消费ETF;军工ETF,沪深300;创业板;国债ETF,消费ETF;军工ETF
2022-07-27,2120447.471852245,0.0,2120447.471852245,0.0,False,liquidate,-0.1825433570056477,4,沪深300;创业板;国债ETF;军工ETF,沪深300;创业板;国债ETF,军工ETF
2022-07-28,2120615.761334138,0.0,2120615.761334138,0.0,False,liquidate,-0.18247847949429888,5,沪深300;创业板;纳指;国债ETF;军工ETF,沪深300;创业板;纳指;国债ETF,军工ETF
2022-07-29,2120784.064172339,0.0,2120784.064172339,0.0,False,liquidate,-0.18241359683394126,5,沪深300;创业板;纳指;国债ETF;军工ETF,沪深300;创业板;纳指;国债ETF,军工ETF
2022-08-01,2120952.3803679086,0.0,2120952.3803679086,0.0,False,liquidate,-0.18234870902416608,5,沪深300;创业板;纳指;国债ETF;军工ETF,沪深300;创业板;纳指;国债ETF,军工ETF
2022-08-02,2121120.7099219062,0.0,2121120.7099219062,0.0,False,liquidate,-0.18228381606456476,4,创业板;纳指;国债ETF;军工ETF,创业板;纳指;国债ETF,军工ETF
2022-08-03,2121289.0528353923,0.0,2121289.0528353923,0.0,False,liquidate,-0.18221891795472855,4,创业板;纳指;国债ETF;军工ETF,创业板;纳指;国债ETF,军工ETF
2022-08-04,2121457.409109427,0.0,2121457.409109427,0.0,False,liquidate,-0.18215401469424866,4,创业板;纳指;国债ETF;军工ETF,创业板;纳指;国债ETF,军工ETF
2022-08-05,2121625.778745071,0.0,2121625.778745071,0.0,False,liquidate,-0.18208910628271635,6,沪深300;创业板;纳指;国债ETF;科技ETF;军工ETF,沪深300;创业板;纳指;国债ETF,科技ETF;军工ETF
2022-08-08,2121794.1617433843,0.0,2121794.1617433843,0.0,False,liquidate,-0.18202419271972284,5,创业板;纳指;国债ETF;科技ETF;军工ETF,创业板;纳指;国债ETF,科技ETF;军工ETF
2022-08-09,2121962.558105428,0.0,2121962.558105428,0.0,False,liquidate,-0.1819592740048592,5,创业板;纳指;国债ETF;科技ETF;军工ETF,创业板;纳指;国债ETF,科技ETF;军工ETF
2022-08-10,2122130.9678322617,0.0,2122130.9678322617,0.0,False,liquidate,-0.18189435013771665,6,创业板;纳指;国债ETF;有色ETF;科技ETF;军工ETF,创业板;纳指;国债ETF,有色ETF;科技ETF;军工ETF
2022-08-11,2122299.390924947,0.0,2122299.390924947,0.0,False,liquidate,-0.1818294211178863,7,创业板;纳指;国债ETF;证券ETF;有色ETF;科技ETF;军工ETF,创业板;纳指;国债ETF,证券ETF;有色ETF;科技ETF;军工ETF
2022-08-12,2122467.827384544,0.0,2122467.827384544,0.0,False,liquidate,-0.18176448694495914,6,纳指;国债ETF;证券ETF;有色ETF;科技ETF;军工ETF,纳指;国债ETF,证券ETF;有色ETF;科技ETF;军工ETF
2022-08-15,2122636.2772121145,0.0,2122636.2772121145,0.0,False,liquidate,-0.1816995476185261,6,创业板;纳指;国债ETF;有色ETF;科技ETF;军工ETF,创业板;纳指;国债ETF,有色ETF;科技ETF;军工ETF
2022-08-16,2122804.7404087186,0.0,2122804.7404087186,0.0,False,liquidate,-0.1816346031381784,6,创业板;纳指;国债ETF;有色ETF;科技ETF;军工ETF,创业板;纳指;国债ETF,有色ETF;科技ETF;军工ETF
2022-08-17,2122973.216975418,0.0,2122973.216975418,0.0,False,liquidate,-0.18156965350350673,6,创业板;纳指;国债ETF;证券ETF;科技ETF;军工ETF,创业板;纳指;国债ETF,证券ETF;科技ETF;军工ETF
2022-08-18,2123141.7069132733,0.0,2123141.7069132733,0.0,False,liquidate,-0.1815046987141022,5,纳指;国债ETF;证券ETF;科技ETF;军工ETF,纳指;国债ETF,证券ETF;科技ETF;军工ETF
2022-08-19,2123310.210223346,0.0,2123310.210223346,0.0,False,liquidate,-0.1814397387695556,4,纳指;国债ETF;证券ETF;军工ETF,纳指;国债ETF,证券ETF;军工ETF
2022-08-22,2123478.7269066973,0.0,2123478.7269066973,0.0,False,liquidate,-0.18137477366945787,5,纳指;国债ETF;证券ETF;有色ETF;军工ETF,纳指;国债ETF,证券ETF;有色ETF;军工ETF
2022-08-23,2123647.2569643883,0.0,2123647.2569643883,0.0,False,liquidate,-0.1813098034133999,6,创业板;纳指;国债ETF;证券ETF;有色ETF;军工ETF,创业板;纳指;国债ETF,证券ETF;有色ETF;军工ETF
2022-08-24,2123815.800397481,0.0,2123815.800397481,0.0,False,liquidate,-0.18124482800097233,2,纳指;国债ETF,纳指;国债ETF,
2022-08-25,2123984.357207036,0.0,2123984.357207036,0.0,False,liquidate,-0.18117984743176607,4,纳指;黄金;国债ETF;证券ETF,纳指;黄金;国债ETF,证券ETF
2022-08-26,2124152.9273941163,0.0,2124152.9273941163,0.0,False,liquidate,-0.18111486170537167,3,纳指;国债ETF;证券ETF,纳指;国债ETF,证券ETF
2022-08-29,2124321.5109597826,0.0,2124321.5109597826,0.0,False,liquidate,-0.18104987082138,3,纳指;国债ETF;证券ETF,纳指;国债ETF,证券ETF
2022-08-30,2124490.107905097,0.0,2124490.107905097,0.0,False,liquidate,-0.18098487477938172,4,纳指;黄金;国债ETF;证券ETF,纳指;黄金;国债ETF,证券ETF
2022-08-31,2124658.718231121,0.0,2124658.718231121,0.0,False,liquidate,-0.18091987357896736,4,纳指;黄金;国债ETF;证券ETF,纳指;黄金;国债ETF,证券ETF
2022-09-01,2124827.3419389175,0.0,2124827.3419389175,0.0,False,liquidate,-0.18085486721972746,4,纳指;黄金;国债ETF;证券ETF,纳指;黄金;国债ETF,证券ETF
2022-09-02,2124995.979029548,0.0,2124995.979029548,0.0,False,liquidate,-0.18078985570125275,3,纳指;黄金;国债ETF,纳指;黄金;国债ETF,
2022-09-05,2125164.6295040743,0.0,2125164.6295040743,0.0,False,liquidate,-0.18072483902313366,4,纳指;黄金;国债ETF;证券ETF,纳指;黄金;国债ETF,证券ETF
2022-09-06,2125333.293363559,0.0,2125333.293363559,0.0,False,liquidate,-0.1806598171849608,4,纳指;黄金;国债ETF;证券ETF,纳指;黄金;国债ETF,证券ETF
2022-09-07,2125501.970609064,0.0,2125501.970609064,0.0,False,liquidate,-0.18059479018632466,4,纳指;黄金;国债ETF;证券ETF,纳指;黄金;国债ETF,证券ETF
2022-09-08,2125670.6612416524,0.0,2125670.6612416524,0.0,False,liquidate,-0.18052975802681553,5,纳指;黄金;国债ETF;证券ETF;军工ETF,纳指;黄金;国债ETF,证券ETF;军工ETF
2022-09-09,2125839.365262386,0.0,2125839.365262386,0.0,False,liquidate,-0.180464720706024,5,纳指;黄金;国债ETF;证券ETF;军工ETF,纳指;黄金;国债ETF,证券ETF;军工ETF
2022-09-13,2126008.0826723273,0.0,2126008.0826723273,0.0,False,liquidate,-0.1803996782235404,6,纳指;黄金;国债ETF;证券ETF;有色ETF;军工ETF,纳指;黄金;国债ETF,证券ETF;有色ETF;军工ETF
2022-09-14,2126176.8134725397,0.0,2126176.8134725397,0.0,False,liquidate,-0.18033463057895485,4,黄金;国债ETF;证券ETF;军工ETF,黄金;国债ETF,证券ETF;军工ETF
2022-09-15,2126345.557664085,0.0,2126345.557664085,0.0,False,liquidate,-0.18026957777185793,3,黄金;国债ETF;证券ETF,黄金;国债ETF,证券ETF
2022-09-16,2126514.315248027,0.0,2126514.315248027,0.0,False,liquidate,-0.18020451980183974,2,黄金;国债ETF,黄金;国债ETF,
2022-09-19,2126683.0862254277,0.0,2126683.0862254277,0.0,False,liquidate,-0.18013945666849066,2,黄金;国债ETF,黄金;国债ETF,
2022-09-20,2126851.8705973504,0.0,2126851.8705973504,0.0,False,liquidate,-0.18007438837140083,3,纳指;黄金;国债ETF,纳指;黄金;国债ETF,
2022-09-21,2127020.6683648583,0.0,2127020.6683648583,0.0,False,liquidate,-0.1800093149101604,3,纳指;黄金;国债ETF,纳指;黄金;国债ETF,
2022-09-22,2127189.4795290143,0.0,2127189.4795290143,0.5,False,halve,-0.17994423628435957,2,黄金;国债ETF,黄金;国债ETF,
2022-09-23,2127358.3040908817,0.0,2127358.3040908817,0.0,True,halve,-0.1798791524935885,0,,黄金;国债ETF,
2022-09-26,2127358.3040908817,0.0,2127358.3040908817,0.0,True,halve,-0.1798791524935885,0,,国债ETF,
2022-09-27,2127358.3040908817,0.0,2127358.3040908817,0.0,True,halve,-0.1798791524935885,0,,国债ETF,
2022-09-28,2127358.3040908817,0.0,2127358.3040908817,0.0,True,halve,-0.1798791524935885,0,,国债ETF,
2022-09-29,2127358.3040908817,0.0,2127358.3040908817,0.0,True,halve,-0.1798791524935885,0,,黄金,
2022-09-30,2127358.3040908817,0.0,2127358.3040908817,0.0,True,halve,-0.1798791524935885,0,,,
2022-10-10,2127358.3040908817,0.0,2127358.3040908817,0.0,True,halve,-0.1798791524935885,0,,黄金;国债ETF,
2022-10-11,2127358.3040908817,0.0,2127358.3040908817,0.0,True,halve,-0.1798791524935885,0,,黄金;国债ETF,
2022-10-12,2127358.3040908817,0.0,2127358.3040908817,0.0,True,halve,-0.1798791524935885,0,,黄金;国债ETF,
2022-10-13,2127358.3040908817,0.0,2127358.3040908817,0.0,True,halve,-0.1798791524935885,0,,黄金;国债ETF,
2022-10-14,2127358.3040908817,0.0,2127358.3040908817,0.0,True,halve,-0.1798791524935885,0,,黄金;国债ETF,医药ETF
2022-10-17,2127358.3040908817,0.0,2127358.3040908817,0.0,True,halve,-0.1798791524935885,0,,国债ETF,医药ETF
2022-10-18,2127358.3040908817,0.0,2127358.3040908817,0.0,True,halve,-0.1798791524935885,0,,黄金,医药ETF
2022-10-19,2127358.3040908817,0.0,2127358.3040908817,0.0,True,halve,-0.1798791524935885,0,,黄金,医药ETF
2022-10-20,2127358.3040908817,0.0,2127358.3040908817,0.0,True,halve,-0.1798791524935885,0,,黄金,医药ETF
2022-10-21,2127358.3040908817,0.0,2127358.3040908817,0.0,True,halve,-0.1798791524935885,0,,黄金,医药ETF
2022-10-24,2127358.3040908817,0.0,2127358.3040908817,0.0,True,halve,-0.1798791524935885,0,,黄金,军工ETF
2022-10-25,2127358.3040908817,0.0,2127358.3040908817,0.0,True,halve,-0.1798791524935885,0,,黄金,军工ETF
2022-10-26,2127358.3040908817,0.0,2127358.3040908817,0.0,True,halve,-0.1798791524935885,0,,黄金,医药ETF;军工ETF
2022-10-27,2127358.3040908817,0.0,2127358.3040908817,0.0,True,halve,-0.1798791524935885,0,,黄金;国债ETF,医药ETF;科技ETF;军工ETF
2022-10-28,2127358.3040908817,0.0,2127358.3040908817,0.0,True,halve,-0.1798791524935885,0,,黄金;国债ETF,军工ETF
2022-10-31,2127358.3040908817,0.0,2127358.3040908817,0.0,True,halve,-0.1798791524935885,0,,黄金;国债ETF,科技ETF;军工ETF
2022-11-01,2127358.3040908817,0.0,2127358.3040908817,0.0,True,halve,-0.1798791524935885,0,,黄金;国债ETF,医药ETF;科技ETF;军工ETF
2022-11-02,2127358.3040908817,0.0,2127358.3040908817,0.0,True,halve,-0.1798791524935885,0,,黄金,医药ETF;科技ETF;军工ETF
2022-11-03,2127358.3040908817,0.0,2127358.3040908817,0.0,True,halve,-0.1798791524935885,0,,黄金;国债ETF,医药ETF;科技ETF;军工ETF
2022-11-04,2127358.3040908817,821291.6532750422,1306066.6508158394,0.5,False,halve,-0.1798791524935885,5,黄金;医药ETF;有色ETF;科技ETF;军工ETF,黄金,医药ETF;有色ETF;科技ETF;军工ETF
2022-11-07,2127964.7540815356,847069.7197584618,1280895.034323074,0.5,False,halve,-0.17964535911738622,5,黄金;医药ETF;有色ETF;科技ETF;军工ETF,黄金,医药ETF;有色ETF;科技ETF;军工ETF
2022-11-08,2123043.923830303,0.0,2123043.923830303,0.0,False,liquidate,-0.18154239520590768,5,黄金;医药ETF;有色ETF;科技ETF;军工ETF,黄金,医药ETF;有色ETF;科技ETF;军工ETF
2022-11-09,2123212.419379813,0.0,2123212.419379813,0.0,False,liquidate,-0.18147743825314627,5,黄金;医药ETF;有色ETF;科技ETF;军工ETF,黄金,医药ETF;有色ETF;科技ETF;军工ETF
2022-11-10,2123380.9283019863,0.0,2123380.9283019863,0.0,False,liquidate,-0.18141247614507106,5,黄金;医药ETF;证券ETF;有色ETF;科技ETF,黄金,医药ETF;证券ETF;有色ETF;科技ETF
2022-11-11,2123549.450597883,0.0,2123549.450597883,0.0,False,liquidate,-0.18134750888127307,6,黄金;医药ETF;证券ETF;有色ETF;科技ETF;军工ETF,黄金,医药ETF;证券ETF;有色ETF;科技ETF;军工ETF
2022-11-14,2123717.9862685655,0.0,2123717.9862685655,0.0,False,liquidate,-0.18128253646134304,5,黄金;医药ETF;证券ETF;有色ETF;科技ETF,黄金,医药ETF;证券ETF;有色ETF;科技ETF
2022-11-15,2123886.535315095,0.0,2123886.535315095,0.0,False,liquidate,-0.18121755888487165,6,黄金;医药ETF;证券ETF;有色ETF;科技ETF;军工ETF,黄金,医药ETF;证券ETF;有色ETF;科技ETF;军工ETF
2022-11-16,2124055.097738533,0.0,2124055.097738533,0.0,False,liquidate,-0.18115257615144975,7,纳指;黄金;医药ETF;证券ETF;有色ETF;科技ETF;军工ETF,纳指;黄金,医药ETF;证券ETF;有色ETF;科技ETF;军工ETF
2022-11-17,2124223.6735399407,0.0,2124223.6735399407,0.0,False,liquidate,-0.1810875882606681,8,创业板;纳指;黄金;医药ETF;证券ETF;有色ETF;科技ETF;军工ETF,创业板;纳指;黄金,医药ETF;证券ETF;有色ETF;科技ETF;军工ETF
2022-11-18,2124392.2627203804,0.0,2124392.2627203804,0.0,False,liquidate,-0.18102259521211733,8,创业板;纳指;黄金;医药ETF;证券ETF;有色ETF;科技ETF;军工ETF,创业板;纳指;黄金,医药ETF;证券ETF;有色ETF;科技ETF;军工ETF
2022-11-21,2124560.865280914,0.0,2124560.865280914,0.0,False,liquidate,-0.18095759700538802,7,创业板;黄金;医药ETF;证券ETF;有色ETF;科技ETF;军工ETF,创业板;黄金,医药ETF;证券ETF;有色ETF;科技ETF;军工ETF
2022-11-22,2124729.481222603,0.0,2124729.481222603,0.0,False,liquidate,-0.18089259364007101,6,创业板;黄金;医药ETF;证券ETF;科技ETF;军工ETF,创业板;黄金,医药ETF;证券ETF;科技ETF;军工ETF
2022-11-23,2124898.1105465097,0.0,2124898.1105465097,0.0,False,liquidate,-0.18082758511575667,8,创业板;纳指;黄金;医药ETF;证券ETF;有色ETF;科技ETF;军工ETF,创业板;纳指;黄金,医药ETF;证券ETF;有色ETF;科技ETF;军工ETF
2022-11-24,2125066.753253696,0.0,2125066.753253696,0.0,False,liquidate,-0.18076257143203567,7,创业板;纳指;黄金;医药ETF;证券ETF;有色ETF;科技ETF,创业板;纳指;黄金,医药ETF;证券ETF;有色ETF;科技ETF
2022-11-25,2125235.409345224,0.0,2125235.409345224,0.0,False,liquidate,-0.18069755258849857,7,纳指;黄金;国债ETF;医药ETF;证券ETF;有色ETF;科技ETF,纳指;黄金;国债ETF,医药ETF;证券ETF;有色ETF;科技ETF
2022-11-28,2125404.0788221564,0.0,2125404.0788221564,0.0,False,liquidate,-0.18063252858473566,4,纳指;黄金;证券ETF;科技ETF,纳指;黄金,证券ETF;科技ETF
2022-11-29,2125572.761685555,0.0,2125572.761685555,0.0,False,liquidate,-0.18056749942033767,8,沪深300;创业板;纳指;黄金;医药ETF;证券ETF;有色ETF;科技ETF,沪深300;创业板;纳指;黄金,医药ETF;证券ETF;有色ETF;科技ETF
2022-11-30,2125741.4579364825,0.0,2125741.4579364825,0.0,False,liquidate,-0.18050246509489476,7,沪深300;纳指;黄金;消费ETF;证券ETF;有色ETF;科技ETF,沪深300;纳指;黄金,消费ETF;证券ETF;有色ETF;科技ETF
2022-12-01,2125910.1675760015,0.0,2125910.1675760015,0.0,False,liquidate,-0.18043742560799744,9,沪深300;创业板;纳指;黄金;消费ETF;医药ETF;证券ETF;有色ETF;科技ETF,沪深300;创业板;纳指;黄金,消费ETF;医药ETF;证券ETF;有色ETF;科技ETF
2022-12-02,2126078.8906051745,0.0,2126078.8906051745,0.0,False,liquidate,-0.18037238095923605,9,沪深300;创业板;纳指;黄金;消费ETF;医药ETF;证券ETF;有色ETF;科技ETF,沪深300;创业板;纳指;黄金,消费ETF;医药ETF;证券ETF;有色ETF;科技ETF
2022-12-05,2126247.627025064,0.0,2126247.627025064,0.0,False,liquidate,-0.18030733114820097,9,沪深300;创业板;纳指;黄金;消费ETF;医药ETF;证券ETF;有色ETF;科技ETF,沪深300;创业板;纳指;黄金,消费ETF;医药ETF;证券ETF;有色ETF;科技ETF
2022-12-06,2126416.376836733,0.0,2126416.376836733,0.0,False,liquidate,-0.18024227617448246,9,沪深300;创业板;纳指;黄金;消费ETF;医药ETF;证券ETF;有色ETF;科技ETF,沪深300;创业板;纳指;黄金,消费ETF;医药ETF;证券ETF;有色ETF;科技ETF
2022-12-07,2126585.1400412438,0.0,2126585.1400412438,0.0,False,liquidate,-0.18017721603767095,9,沪深300;创业板;纳指;黄金;消费ETF;医药ETF;证券ETF;有色ETF;科技ETF,沪深300;创业板;纳指;黄金,消费ETF;医药ETF;证券ETF;有色ETF;科技ETF
2022-12-08,2126753.91663966,0.0,2126753.91663966,0.0,False,liquidate,-0.18011215073735637,8,沪深300;纳指;黄金;消费ETF;医药ETF;证券ETF;有色ETF;科技ETF,沪深300;纳指;黄金,消费ETF;医药ETF;证券ETF;有色ETF;科技ETF
2022-12-09,2126922.7066330444,0.0,2126922.7066330444,0.0,False,liquidate,-0.18004708027312907,8,沪深300;纳指;黄金;消费ETF;医药ETF;证券ETF;有色ETF;科技ETF,沪深300;纳指;黄金,消费ETF;医药ETF;证券ETF;有色ETF;科技ETF
2022-12-12,2127091.51002246,1063545.75501123,1063545.75501123,0.5,False,halve,-0.1799820046445792,8,沪深300;纳指;黄金;消费ETF;医药ETF;证券ETF;有色ETF;科技ETF,沪深300;纳指;黄金,消费ETF;医药ETF;证券ETF;有色ETF;科技ETF
2022-12-13,2126078.7726452528,0.0,2126078.7726452528,0.0,False,liquidate,-0.18037242643412893,8,沪深300;纳指;黄金;消费ETF;医药ETF;证券ETF;有色ETF;科技ETF,沪深300;纳指;黄金,消费ETF;医药ETF;证券ETF;有色ETF;科技ETF
2022-12-14,2126247.5090557802,0.0,2126247.5090557802,0.0,False,liquidate,-0.18030737662670304,7,沪深300;纳指;黄金;消费ETF;医药ETF;证券ETF;有色ETF,沪深300;纳指;黄金,消费ETF;医药ETF;证券ETF;有色ETF
2022-12-15,2126416.2588580865,0.0,2126416.2588580865,0.0,False,liquidate,-0.18024232165659393,8,沪深300;创业板;纳指;黄金;消费ETF;证券ETF;有色ETF;科技ETF,沪深300;创业板;纳指;黄金,消费ETF;证券ETF;有色ETF;科技ETF
2022-12-16,2126585.0220532343,0.0,2126585.0220532343,0.0,False,liquidate,-0.18017726152339197,6,沪深300;创业板;黄金;消费ETF;医药ETF;证券ETF,沪深300;创业板;黄金,消费ETF;医药ETF;证券ETF
2022-12-19,2126753.798642286,0.0,2126753.798642286,0.0,False,liquidate,-0.18011219622668748,4,沪深300;创业板;黄金;消费ETF,沪深300;创业板;黄金,消费ETF
2022-12-20,2126922.5886263056,0.0,2126922.5886263056,0.0,False,liquidate,-0.18004712576607046,3,沪深300;黄金;消费ETF,沪深300;黄金,消费ETF
2022-12-21,2127091.3920063553,795786.2470518148,1331305.1449545405,0.5,False,halve,-0.17998205014113125,3,沪深300;黄金;消费ETF,沪深300;黄金,消费ETF
2022-12-22,2143710.4021212156,796056.6596898272,1347653.7424313882,0.5,False,halve,-0.17357523252422707,4,沪深300;创业板;黄金;消费ETF,沪深300;创业板;黄金,消费ETF
2022-12-23,2146129.2367723477,821964.0094761228,1324165.2272962248,0.5,False,halve,-0.17264274422629924,4,沪深300;创业板;黄金;消费ETF,沪深300;创业板;黄金,消费ETF
2022-12-26,2138300.3137152204,831474.349923847,1306825.9637913734,0.5,False,halve,-0.17566088320191367,3,沪深300;黄金;消费ETF,沪深300;黄金,消费ETF
2022-12-27,2154612.1070581195,834754.7242541196,1319857.3828039998,0.5,False,halve,-0.16937250114845198,3,沪深300;黄金;消费ETF,沪深300;黄金,消费ETF
2022-12-28,2150726.634296761,854060.0429255554,1296666.5913712056,0.5,False,halve,-0.17087039513644675,3,沪深300;黄金;消费ETF,沪深300;黄金,消费ETF
2022-12-29,2140164.049091023,1070082.0245455115,1070082.0245455115,0.5,False,halve,-0.1749423919947712,4,沪深300;黄金;消费ETF;医药ETF,沪深300;黄金,消费ETF;医药ETF
2022-12-30,2150824.5342883044,1075412.2671441522,1075412.2671441522,0.5,False,halve,-0.17083265357505528,4,沪深300;黄金;消费ETF;医药ETF,沪深300;黄金,消费ETF;医药ETF
2023-01-03,2139999.1366433455,1069999.5683216727,1069999.5683216727,0.5,False,halve,-0.17500596762098025,4,沪深300;黄金;消费ETF;医药ETF,沪深300;黄金,消费ETF;医药ETF
2023-01-04,2142926.8847518037,1071463.4423759019,1071463.4423759019,0.5,False,halve,-0.17387728739096128,4,沪深300;黄金;消费ETF;医药ETF,沪深300;黄金,消费ETF;医药ETF
2023-01-05,2176425.397372662,1226936.4250097151,949488.972362947,0.5,False,halve,-0.16096322937450364,7,沪深300;创业板;黄金;消费ETF;医药ETF;证券ETF;科技ETF,沪深300;创业板;黄金,消费ETF;医药ETF;证券ETF;科技ETF
2023-01-06,2173182.5698424987,1257248.47992432,915934.0899181787,0.5,False,halve,-0.16221337630896243,7,沪深300;创业板;黄金;消费ETF;医药ETF;证券ETF;科技ETF,沪深300;创业板;黄金,消费ETF;医药ETF;证券ETF;科技ETF
2023-01-09,2186964.3686636663,1313732.9288731758,873231.4397904905,0.5,False,halve,-0.15690033594916794,9,沪深300;创业板;黄金;国债ETF;消费ETF;医药ETF;证券ETF;有色ETF;科技ETF,沪深300;创业板;黄金;国债ETF,消费ETF;医药ETF;证券ETF;有色ETF;科技ETF
2023-01-10,2193238.728404947,1356328.1703653354,836910.5580396117,0.5,False,halve,-0.1544814988314694,9,沪深300;创业板;黄金;国债ETF;消费ETF;医药ETF;证券ETF;有色ETF;科技ETF,沪深300;创业板;黄金;国债ETF,消费ETF;医药ETF;证券ETF;有色ETF;科技ETF
2023-01-11,2184694.3132884526,1364684.0833782146,820010.229910238,0.5,False,halve,-0.1577754681422859,9,沪深300;创业板;黄金;国债ETF;消费ETF;医药ETF;证券ETF;有色ETF;科技ETF,沪深300;创业板;黄金;国债ETF,消费ETF;医药ETF;证券ETF;有色ETF;科技ETF
2023-01-12,2185730.832018669,1407807.8709931755,777922.9610254937,0.5,False,halve,-0.15737587837038577,9,沪深300;创业板;黄金;国债ETF;消费ETF;医药ETF;证券ETF;有色ETF;科技ETF,沪深300;创业板;黄金;国债ETF,消费ETF;医药ETF;证券ETF;有色ETF;科技ETF
2023-01-13,2210507.1330647166,1366589.670264943,843917.4627997736,0.5,False,halve,-0.1478243322237474,9,沪深300;创业板;黄金;国债ETF;消费ETF;医药ETF;证券ETF;有色ETF;科技ETF,沪深300;创业板;黄金;国债ETF,消费ETF;医药ETF;证券ETF;有色ETF;科技ETF
2023-01-16,2249056.788004117,1227719.8219883915,1021336.9660157256,0.5,False,halve,-0.13296300133313774,8,沪深300;创业板;黄金;消费ETF;医药ETF;证券ETF;有色ETF;科技ETF,沪深300;创业板;黄金,消费ETF;医药ETF;证券ETF;有色ETF;科技ETF
2023-01-17,2248187.0507306494,1259018.2821139975,989168.7686166519,0.5,False,halve,-0.13329829495455195,8,沪深300;创业板;黄金;消费ETF;医药ETF;证券ETF;有色ETF;科技ETF,沪深300;创业板;黄金,消费ETF;医药ETF;证券ETF;有色ETF;科技ETF
2023-01-18,2244320.111522269,1281718.5259043216,962601.5856179474,0.5,False,halve,-0.13478904404685776,8,沪深300;创业板;黄金;消费ETF;医药ETF;证券ETF;有色ETF;科技ETF,沪深300;创业板;黄金,消费ETF;医药ETF;证券ETF;有色ETF;科技ETF
2023-01-19,2262393.382921357,1423109.645770132,839283.7371512251,0.5,False,halve,-0.12782159214722685,9,沪深300;创业板;黄金;消费ETF;医药ETF;证券ETF;有色ETF;科技ETF;军工ETF,沪深300;创业板;黄金,消费ETF;医药ETF;证券ETF;有色ETF;科技ETF;军工ETF
2023-01-20,2270021.6166281616,1471488.3313641443,798533.2852640173,0.5,False,halve,-0.12488082120113324,9,沪深300;创业板;黄金;消费ETF;医药ETF;证券ETF;有色ETF;科技ETF;军工ETF,沪深300;创业板;黄金,消费ETF;医药ETF;证券ETF;有色ETF;科技ETF;军工ETF
2023-01-30,2276323.9249736187,1521787.7256486078,754536.1993250109,0.5,False,halve,-0.12245120957831271,10,沪深300;创业板;黄金;国债ETF;消费ETF;医药ETF;证券ETF;有色ETF;科技ETF;军工ETF,沪深300;创业板;黄金;国债ETF,消费ETF;医药ETF;证券ETF;有色ETF;科技ETF;军工ETF
2023-01-31,2261135.8903374774,1467688.491285833,793447.3990516444,0.5,False,halve,-0.128306369855637,10,沪深300;创业板;黄金;国债ETF;消费ETF;医药ETF;证券ETF;有色ETF;科技ETF;军工ETF,沪深300;创业板;黄金;国债ETF,消费ETF;医药ETF;证券ETF;有色ETF;科技ETF;军工ETF
2023-02-01,2285490.350806374,2895284.107358721,-609793.756552347,1.0,False,warning,-0.118917448054404,11,沪深300;创业板;纳指;黄金;国债ETF;消费ETF;医药ETF;证券ETF;有色ETF;科技ETF;军工ETF,沪深300;创业板;纳指;黄金;国债ETF,消费ETF;医药ETF;证券ETF;有色ETF;科技ETF;军工ETF
2023-02-02,2272203.9016962294,1454578.8890285778,817625.0126676515,0.5,False,halve,-0.12403952546073886,10,沪深300;创业板;黄金;国债ETF;消费ETF;医药ETF;证券ETF;有色ETF;科技ETF;军工ETF,沪深300;创业板;黄金;国债ETF,消费ETF;医药ETF;证券ETF;有色ETF;科技ETF;军工ETF
2023-02-03,2265906.8379239086,1470305.763120905,795601.0748030036,0.5,False,halve,-0.12646711524090265,11,沪深300;创业板;纳指;黄金;国债ETF;消费ETF;医药ETF;证券ETF;有色ETF;科技ETF;军工ETF,沪深300;创业板;纳指;黄金;国债ETF,消费ETF;医药ETF;证券ETF;有色ETF;科技ETF;军工ETF
2023-02-06,2241213.988463447,1343504.1008441602,897709.8876192868,0.5,False,halve,-0.13598648985115022,11,沪深300;创业板;纳指;黄金;国债ETF;消费ETF;医药ETF;证券ETF;有色ETF;科技ETF;军工ETF,沪深300;创业板;纳指;黄金;国债ETF,消费ETF;医药ETF;证券ETF;有色ETF;科技ETF;军工ETF
2023-02-07,2242455.9471626184,1386333.5218177717,856122.4253448467,0.5,False,halve,-0.13550770063215792,11,沪深300;创业板;纳指;黄金;国债ETF;消费ETF;医药ETF;证券ETF;有色ETF;科技ETF;军工ETF,沪深300;创业板;纳指;黄金;国债ETF,消费ETF;医药ETF;证券ETF;有色ETF;科技ETF;军工ETF
2023-02-08,2232555.1264583743,1393451.4103592176,839103.7160991568,0.5,False,halve,-0.13932457974056164,11,沪深300;创业板;纳指;黄金;国债ETF;消费ETF;医药ETF;证券ETF;有色ETF;科技ETF;军工ETF,沪深300;创业板;纳指;黄金;国债ETF,消费ETF;医药ETF;证券ETF;有色ETF;科技ETF;军工ETF
2023-02-09,2256329.124357577,1355097.3791497166,901231.7452078604,0.5,False,halve,-0.13015943286886816,11,沪深300;创业板;纳指;黄金;国债ETF;消费ETF;医药ETF;证券ETF;有色ETF;科技ETF;军工ETF,沪深300;创业板;纳指;黄金;国债ETF,消费ETF;医药ETF;证券ETF;有色ETF;科技ETF;军工ETF
2023-02-10,2246757.0675586816,1361653.1810622243,885103.8864964573,0.5,False,halve,-0.1338495697485812,11,沪深300;创业板;纳指;黄金;国债ETF;消费ETF;医药ETF;证券ETF;有色ETF;科技ETF;军工ETF,沪深300;创业板;纳指;黄金;国债ETF,消费ETF;医药ETF;证券ETF;有色ETF;科技ETF;军工ETF
2023-02-13,2257549.3474634225,1395082.3242478657,862467.0232155568,0.5,False,halve,-0.1296890229685761,11,沪深300;创业板;纳指;黄金;国债ETF;消费ETF;医药ETF;证券ETF;有色ETF;科技ETF;军工ETF,沪深300;创业板;纳指;黄金;国债ETF,消费ETF;医药ETF;证券ETF;有色ETF;科技ETF;军工ETF
2023-02-14,2258365.7166321855,1438822.9799004246,819542.7367317609,0.5,False,halve,-0.12937430335915412,11,沪深300;创业板;纳指;黄金;国债ETF;消费ETF;医药ETF;证券ETF;有色ETF;科技ETF;军工ETF,沪深300;创业板;纳指;黄金;国债ETF,消费ETF;医药ETF;证券ETF;有色ETF;科技ETF;军工ETF
2023-02-15,2251959.864160897,1462572.4769657275,789387.3871951697,0.5,False,halve,-0.13184383242139597,11,沪深300;创业板;纳指;黄金;国债ETF;消费ETF;医药ETF;证券ETF;有色ETF;科技ETF;军工ETF,沪深300;创业板;纳指;黄金;国债ETF,消费ETF;医药ETF;证券ETF;有色ETF;科技ETF;军工ETF
2023-02-16,2234583.818306879,1418669.6362459115,815914.1820609677,0.5,False,halve,-0.1385424959350618,11,沪深300;创业板;纳指;黄金;国债ETF;消费ETF;医药ETF;证券ETF;有色ETF;科技ETF;军工ETF,沪深300;创业板;纳指;黄金;国债ETF,消费ETF;医药ETF;证券ETF;有色ETF;科技ETF;军工ETF
2023-02-17,2216754.6232004906,1402338.5019769245,814416.1212235661,0.5,False,halve,-0.14541585364489865,10,沪深300;创业板;纳指;黄金;国债ETF;消费ETF;医药ETF;有色ETF;科技ETF;军工ETF,沪深300;创业板;纳指;黄金;国债ETF,消费ETF;医药ETF;有色ETF;科技ETF;军工ETF
2023-02-20,2237849.854868818,1301163.6106118532,936686.2442569649,0.5,False,halve,-0.13728340165460443,11,沪深300;创业板;纳指;黄金;国债ETF;消费ETF;医药ETF;证券ETF;有色ETF;科技ETF;军工ETF,沪深300;创业板;纳指;黄金;国债ETF,消费ETF;医药ETF;证券ETF;有色ETF;科技ETF;军工ETF
2023-02-21,2242308.2710532574,1342657.9450537483,899650.3259995091,0.5,False,halve,-0.13556463145369968,11,沪深300;创业板;纳指;黄金;国债ETF;消费ETF;医药ETF;证券ETF;有色ETF;科技ETF;军工ETF,沪深300;创业板;纳指;黄金;国债ETF,消费ETF;医药ETF;证券ETF;有色ETF;科技ETF;军工ETF
2023-02-22,2236117.859303378,1369004.9408089344,867112.9184944436,0.5,False,halve,-0.13795110566491361,11,沪深300;创业板;纳指;黄金;国债ETF;消费ETF;医药ETF;证券ETF;有色ETF;科技ETF;军工ETF,沪深300;创业板;纳指;黄金;国债ETF,消费ETF;医药ETF;证券ETF;有色ETF;科技ETF;军工ETF
2023-02-23,2232080.1281066546,1380260.4926795815,851819.6354270731,0.5,False,halve,-0.13950769701329724,10,沪深300;创业板;纳指;黄金;国债ETF;消费ETF;证券ETF;有色ETF;科技ETF;军工ETF,沪深300;创业板;纳指;黄金;国债ETF,消费ETF;证券ETF;有色ETF;科技ETF;军工ETF
2023-02-24,2224066.108974416,1400924.8718564024,823141.2371180134,0.5,False,halve,-0.14259719263329954,10,沪深300;创业板;纳指;黄金;国债ETF;消费ETF;证券ETF;有色ETF;科技ETF;军工ETF,沪深300;创业板;纳指;黄金;国债ETF,消费ETF;证券ETF;有色ETF;科技ETF;军工ETF
2023-02-27,2215158.319952241,1605500.5734227924,609657.7465294488,0.5,False,halve,-0.14603124672199058,8,沪深300;创业板;纳指;黄金;国债ETF;消费ETF;有色ETF;军工ETF,沪深300;创业板;纳指;黄金;国债ETF,消费ETF;有色ETF;军工ETF
2023-02-28,2219463.999161286,1455196.0538659603,764267.9452953255,0.5,False,halve,-0.14437135836410464,10,沪深300;创业板;纳指;黄金;国债ETF;消费ETF;证券ETF;有色ETF;科技ETF;军工ETF,沪深300;创业板;纳指;黄金;国债ETF,消费ETF;证券ETF;有色ETF;科技ETF;军工ETF
2023-03-01,2236921.9496965376,1449626.8843508943,787295.0653456433,0.5,False,halve,-0.1376411196632882,10,沪深300;创业板;纳指;黄金;国债ETF;消费ETF;证券ETF;有色ETF;科技ETF;军工ETF,沪深300;创业板;纳指;黄金;国债ETF,消费ETF;证券ETF;有色ETF;科技ETF;军工ETF
2023-03-02,2229906.1680522957,1477081.5498901883,752824.6181621074,0.5,False,halve,-0.1403457833661215,9,沪深300;创业板;纳指;黄金;国债ETF;消费ETF;证券ETF;科技ETF;军工ETF,沪深300;创业板;纳指;黄金;国债ETF,消费ETF;证券ETF;科技ETF;军工ETF
2023-03-03,2239082.776785491,1515385.7943157833,723696.9824697077,0.5,False,halve,-0.13680809621815462,8,沪深300;创业板;纳指;黄金;消费ETF;证券ETF;科技ETF;军工ETF,沪深300;创业板;纳指;黄金,消费ETF;证券ETF;科技ETF;军工ETF
2023-03-06,2235597.6598020587,1650735.9809686735,584861.6788333852,0.5,False,halve,-0.1381516484954627,7,沪深300;创业板;纳指;黄金;消费ETF;科技ETF;军工ETF,沪深300;创业板;纳指;黄金,消费ETF;科技ETF;军工ETF
2023-03-07,2196675.0380257946,1188660.6225998334,1008014.4154259611,0.5,False,halve,-0.15315676234813955,5,沪深300;创业板;纳指;黄金;军工ETF,沪深300;创业板;纳指;黄金,军工ETF
2023-03-08,2213292.926093004,1106646.463046502,1106646.463046502,0.5,False,halve,-0.14675037729337992,4,纳指;黄金;国债ETF;军工ETF,纳指;黄金;国债ETF,军工ETF
2023-03-09,2203889.7906572483,1196896.8673320503,1006992.923325198,0.5,False,halve,-0.15037539306432932,4,纳指;黄金;国债ETF;军工ETF,纳指;黄金;国债ETF,军工ETF
2023-03-10,2185332.908298022,1092666.454149011,1092666.454149011,0.5,False,halve,-0.1575292824953009,4,纳指;黄金;国债ETF;军工ETF,纳指;黄金;国债ETF,军工ETF
2023-03-13,2196941.5939824693,1098470.7969912346,1098470.7969912346,0.5,False,halve,-0.15305400199193833,4,纳指;黄金;国债ETF;军工ETF,纳指;黄金;国债ETF,军工ETF
2023-03-14,2191297.6222201507,1194437.2699079367,996860.352312214,0.5,False,halve,-0.15522981736639313,4,纳指;黄金;国债ETF;军工ETF,纳指;黄金;国债ETF,军工ETF
2023-03-15,2189288.561075834,1229587.7726749438,959700.7884008903,0.5,False,halve,-0.15600433331192082,4,纳指;黄金;国债ETF;军工ETF,纳指;黄金;国债ETF,军工ETF
2023-03-16,2157063.8230938218,0.0,2157063.8230938218,0.5,False,halve,-0.16842733670239762,3,纳指;黄金;国债ETF,纳指;黄金;国债ETF,
2023-03-17,2157235.0186353372,0.0,2157235.0186353372,0.5,False,halve,-0.16836133887197713,3,纳指;黄金;国债ETF,纳指;黄金;国债ETF,
2023-03-20,2157406.2277638004,0.0,2157406.2277638004,0.5,False,halve,-0.16829533580363362,3,纳指;黄金;国债ETF,纳指;黄金;国债ETF,
2023-03-21,2157577.4504802898,1078788.7252401449,1078788.7252401449,0.5,False,halve,-0.1682293274969513,4,纳指;黄金;国债ETF;科技ETF,纳指;黄金;国债ETF,科技ETF
2023-03-22,2175529.4434201866,1087764.7217100933,1087764.7217100933,0.5,False,halve,-0.16130862982416833,4,纳指;黄金;国债ETF;科技ETF,纳指;黄金;国债ETF,科技ETF
2023-03-23,2209371.079514869,1002713.961728296,1206657.117786573,0.5,False,halve,-0.14826229380188027,4,纳指;黄金;国债ETF;科技ETF,纳指;黄金;国债ETF,科技ETF
2023-03-24,2221538.6468464322,1028780.4560521726,1192758.1907942598,0.5,False,halve,-0.14357155806034405,4,纳指;黄金;国债ETF;科技ETF,纳指;黄金;国债ETF,科技ETF
2023-03-27,2220868.4176625274,1110434.2088312637,1110434.2088312637,0.5,False,halve,-0.1438299390417098,4,纳指;黄金;国债ETF;科技ETF,纳指;黄金;国债ETF,科技ETF
2023-03-28,2195343.853556753,962760.9909822601,1232582.862574493,0.5,False,halve,-0.15366994911730686,4,纳指;黄金;国债ETF;科技ETF,纳指;黄金;国债ETF,科技ETF
2023-03-29,2206440.4703312675,986046.2918150041,1220394.1785162634,0.5,False,halve,-0.14939207700894208,4,纳指;黄金;国债ETF;科技ETF,纳指;黄金;国债ETF,科技ETF
2023-03-30,2207279.8317499147,1016810.5961832508,1190469.235566664,0.5,False,halve,-0.1490684936254089,4,纳指;黄金;国债ETF;科技ETF,纳指;黄金;国债ETF,科技ETF
2023-03-31,2221911.109016528,1110955.554508264,1110955.554508264,0.5,False,halve,-0.14342796965306187,4,纳指;黄金;国债ETF;科技ETF,纳指;黄金;国债ETF,科技ETF
2023-04-03,2250844.5652612653,1125422.2826306326,1125422.2826306326,0.5,False,halve,-0.13227379284556628,5,纳指;黄金;国债ETF;证券ETF;科技ETF,纳指;黄金;国债ETF,证券ETF;科技ETF
2023-04-04,2256578.333535943,1450723.387335086,805854.9462008572,0.5,False,halve,-0.1300633598932086,7,沪深300;纳指;黄金;国债ETF;消费ETF;证券ETF;科技ETF,沪深300;纳指;黄金;国债ETF,消费ETF;证券ETF;科技ETF
2023-04-06,2250726.987592601,1125363.4937963006,1125363.4937963006,0.5,False,halve,-0.13231912037553015,5,纳指;黄金;国债ETF;证券ETF;科技ETF,纳指;黄金;国债ETF,证券ETF;科技ETF
2023-04-07,2269624.180359274,1134812.090179637,1134812.090179637,0.5,False,halve,-0.1250340374078451,6,沪深300;纳指;黄金;国债ETF;证券ETF;科技ETF,沪深300;纳指;黄金;国债ETF,证券ETF;科技ETF
2023-04-10,2246756.508579043,1402151.4414606276,844605.0671184156,0.5,False,halve,-0.13384978524159613,6,纳指;黄金;国债ETF;医药ETF;证券ETF;科技ETF,纳指;黄金;国债ETF,医药ETF;证券ETF;科技ETF
2023-04-11,2249881.5634193523,1610636.5731733982,639244.9902459541,0.5,False,halve,-0.13264504101999047,7,纳指;黄金;国债ETF;医药ETF;证券ETF;有色ETF;科技ETF,纳指;黄金;国债ETF,医药ETF;证券ETF;有色ETF;科技ETF
2023-04-12,2256311.0299328743,1374927.4750847737,881383.5548481005,0.5,False,halve,-0.13016640847560718,6,纳指;黄金;国债ETF;证券ETF;有色ETF;科技ETF,纳指;黄金;国债ETF,证券ETF;有色ETF;科技ETF
2023-04-13,2234906.7911363877,1636735.4495710558,598171.3415653319,0.5,False,halve,-0.13841798623204243,7,纳指;黄金;国债ETF;医药ETF;证券ETF;有色ETF;科技ETF,纳指;黄金;国债ETF,医药ETF;证券ETF;有色ETF;科技ETF
2023-04-14,2253765.380474215,1638832.059027266,614933.3214469489,0.5,False,halve,-0.13114778532570115,8,沪深300;纳指;黄金;国债ETF;医药ETF;证券ETF;有色ETF;科技ETF,沪深300;纳指;黄金;国债ETF,医药ETF;证券ETF;有色ETF;科技ETF
2023-04-17,2269757.145834671,1664720.8671156326,605036.2787190382,0.5,False,halve,-0.12498277770318617,8,沪深300;纳指;黄金;国债ETF;医药ETF;证券ETF;有色ETF;科技ETF,沪深300;纳指;黄金;国债ETF,医药ETF;证券ETF;有色ETF;科技ETF
2023-04-18,2260683.8207124467,1667183.3233954427,593500.497317004,0.5,False,halve,-0.12848064784317637,8,沪深300;纳指;黄金;国债ETF;医药ETF;证券ETF;有色ETF;科技ETF,沪深300;纳指;黄金;国债ETF,医药ETF;证券ETF;有色ETF;科技ETF
2023-04-19,2247570.847992706,1643744.7213483278,603826.1266443783,0.5,False,halve,-0.1335358481258753,8,沪深300;纳指;黄金;国债ETF;医药ETF;证券ETF;有色ETF;科技ETF,沪深300;纳指;黄金;国债ETF,医药ETF;证券ETF;有色ETF;科技ETF
2023-04-20,2239032.982958068,1351836.616183314,887196.3667747541,0.5,False,halve,-0.13682729230555943,7,沪深300;纳指;黄金;国债ETF;证券ETF;有色ETF;科技ETF,沪深300;纳指;黄金;国债ETF,证券ETF;有色ETF;科技ETF
2023-04-21,2193906.2450606395,1096953.1225303197,1096953.1225303197,0.5,False,halve,-0.15422416356061333,5,纳指;黄金;国债ETF;有色ETF;科技ETF,纳指;黄金;国债ETF,有色ETF;科技ETF
2023-04-24,2176608.038290354,766564.8745257346,1410043.1637646193,0.5,False,halve,-0.16089281922125453,4,纳指;黄金;国债ETF;科技ETF,纳指;黄金;国债ETF,科技ETF
2023-04-25,2164697.6444876324,0.0,2164697.6444876324,0.5,False,halve,-0.16548441163934385,3,纳指;黄金;国债ETF,纳指;黄金;国债ETF,
2023-04-26,2164869.445887989,0.0,2164869.445887989,0.5,False,halve,-0.1654181802434421,3,纳指;黄金;国债ETF,纳指;黄金;国债ETF,
2023-04-27,2165041.260923377,0.0,2165041.260923377,0.5,False,halve,-0.1653519435910805,3,纳指;黄金;国债ETF,纳指;黄金;国债ETF,
2023-04-28,2165213.0895948787,905989.7517167313,1259223.3378781474,0.5,False,halve,-0.16528570168184165,4,纳指;黄金;国债ETF;证券ETF,纳指;黄金;国债ETF,证券ETF
2023-05-04,2176052.130615463,922857.1942204292,1253194.9363950337,0.5,False,halve,-0.1611071279592749,4,纳指;黄金;国债ETF;证券ETF,纳指;黄金;国债ETF,证券ETF
2023-05-05,2189910.909720705,933652.3321359584,1256258.5775847465,0.5,False,halve,-0.155764410823502,4,纳指;黄金;国债ETF;证券ETF,纳指;黄金;国债ETF,证券ETF
2023-05-08,2208624.8775364403,1206611.0595823054,1002013.8179541349,0.5,False,halve,-0.14854996316053184,6,沪深300;纳指;黄金;国债ETF;证券ETF;军工ETF,沪深300;纳指;黄金;国债ETF,证券ETF;军工ETF
2023-05-09,2204681.1152772345,949045.8948186451,1255635.2204585895,0.5,False,halve,-0.15007032841360843,5,沪深300;纳指;黄金;国债ETF;证券ETF,沪深300;纳指;黄金;国债ETF,证券ETF
2023-05-10,2177747.9254735634,851114.6229748039,1326633.3024987595,0.5,False,halve,-0.1604533797338124,5,沪深300;纳指;黄金;国债ETF;证券ETF,沪深300;纳指;黄金;国债ETF,证券ETF
2023-05-11,2176961.994330407,876946.3500446561,1300015.644285751,0.5,False,halve,-0.16075636513780736,4,纳指;黄金;国债ETF;证券ETF,纳指;黄金;国债ETF,证券ETF
2023-05-12,2165115.1675016275,875880.8852925315,1289234.282209096,0.5,False,halve,-0.16532345176369312,4,纳指;黄金;国债ETF;证券ETF,纳指;黄金;国债ETF,证券ETF
2023-05-15,2178248.6591961407,886320.4157513124,1291928.2434448283,0.5,False,halve,-0.16026034118259824,5,沪深300;纳指;黄金;国债ETF;证券ETF,沪深300;纳指;黄金;国债ETF,证券ETF
2023-05-16,2169998.435338939,898004.7569861776,1271993.6783527615,0.5,False,halve,-0.1634408964134094,5,沪深300;纳指;黄金;国债ETF;证券ETF,沪深300;纳指;黄金;国债ETF,证券ETF
2023-05-17,2168200.8570765536,1084100.4285382768,1084100.4285382768,0.5,False,halve,-0.16413388330009027,6,创业板;纳指;黄金;国债ETF;证券ETF;军工ETF,创业板;纳指;黄金;国债ETF,证券ETF;军工ETF
2023-05-18,2165585.849597085,1082792.9247985424,1082792.9247985424,0.5,False,halve,-0.1651419984568899,6,沪深300;纳指;黄金;国债ETF;证券ETF;军工ETF,沪深300;纳指;黄金;国债ETF,证券ETF;军工ETF
2023-05-19,2158681.8530669287,971976.2062328046,1186705.646834124,0.5,False,halve,-0.16780356772550103,4,纳指;黄金;国债ETF;军工ETF,纳指;黄金;国债ETF,军工ETF
2023-05-22,2152629.8450487843,992383.0780506635,1160246.7669981208,0.5,False,halve,-0.17013668572231974,4,纳指;黄金;国债ETF;军工ETF,纳指;黄金;国债ETF,军工ETF
2023-05-23,2136482.932302883,0.0,2136482.932302883,0.5,False,halve,-0.1763615044283721,3,纳指;黄金;国债ETF,纳指;黄金;国债ETF,
2023-05-24,2136652.4944403674,0.0,2136652.4944403674,0.5,False,halve,-0.17629613629380284,3,纳指;黄金;国债ETF,纳指;黄金;国债ETF,
2023-05-25,2136822.0700351642,0.0,2136822.0700351642,0.5,False,halve,-0.1762307629712865,3,纳指;黄金;国债ETF,纳指;黄金;国债ETF,
2023-05-26,2136991.6590883415,0.0,2136991.6590883415,0.5,False,halve,-0.17616538446041125,3,纳指;黄金;国债ETF,纳指;黄金;国债ETF,
2023-05-29,2137161.2616009675,0.0,2137161.2616009675,0.5,False,halve,-0.1761000007607653,3,纳指;黄金;国债ETF,纳指;黄金;国债ETF,
2023-05-30,2137330.8775741104,0.0,2137330.8775741104,0.5,False,halve,-0.17603461187193678,3,纳指;黄金;国债ETF,纳指;黄金;国债ETF,
2023-05-31,2137500.5070088385,0.0,2137500.5070088385,0.5,False,halve,-0.17596921779351393,3,纳指;黄金;国债ETF,纳指;黄金;国债ETF,
2023-06-01,2137670.1499062204,0.0,2137670.1499062204,0.5,False,halve,-0.17590381852508474,3,纳指;黄金;国债ETF,纳指;黄金;国债ETF,
2023-06-02,2137839.8062673244,0.0,2137839.8062673244,0.5,False,halve,-0.1758384140662374,3,纳指;黄金;国债ETF,纳指;黄金;国债ETF,
2023-06-05,2138009.4760932187,0.0,2138009.4760932187,0.5,False,halve,-0.1757730044165601,2,纳指;国债ETF,纳指;国债ETF,
2023-06-06,2138179.1593849724,0.0,2138179.1593849724,0.5,False,halve,-0.17570758957564067,3,纳指;黄金;国债ETF,纳指;黄金;国债ETF,
2023-06-07,2138348.856143654,0.0,2138348.856143654,0.5,False,halve,-0.17564216954306727,3,纳指;黄金;国债ETF,纳指;黄金;国债ETF,
2023-06-08,2138518.566370332,0.0,2138518.566370332,0.5,False,halve,-0.17557674431842774,3,纳指;黄金;国债ETF,纳指;黄金;国债ETF,
2023-06-09,2138688.290066076,0.0,2138688.290066076,0.5,False,halve,-0.17551131390131008,3,纳指;黄金;国债ETF,纳指;黄金;国债ETF,
2023-06-12,2138858.0272319545,0.0,2138858.0272319545,0.5,False,halve,-0.17544587829130215,3,纳指;黄金;国债ETF,纳指;黄金;国债ETF,
2023-06-13,2139027.7778690364,923623.8594930719,1215403.9183759645,0.5,False,halve,-0.17538043748799195,4,纳指;黄金;国债ETF;科技ETF,纳指;黄金;国债ETF,科技ETF
2023-06-14,2144059.633166526,952812.2222923946,1191247.4108741314,0.5,False,halve,-0.17344059998005024,4,纳指;黄金;国债ETF;科技ETF,纳指;黄金;国债ETF,科技ETF
2023-06-15,2147771.535086748,1439025.8872235161,708745.6478632321,0.5,False,halve,-0.17200961952752403,5,纳指;黄金;国债ETF;消费ETF;科技ETF,纳指;黄金;国债ETF,消费ETF;科技ETF
2023-06-16,2168755.4589703525,1419729.168318875,749026.2906514776,0.5,False,halve,-0.163920077955548,5,纳指;黄金;国债ETF;消费ETF;科技ETF,纳指;黄金;国债ETF,消费ETF;科技ETF
2023-06-19,2168451.3054355183,1461152.7559141493,707298.5495213689,0.5,False,halve,-0.1640373326062012,5,纳指;黄金;国债ETF;消费ETF;科技ETF,纳指;黄金;国债ETF,消费ETF;科技ETF
2023-06-20,2171570.6605334477,1176067.2660097848,995503.394523663,0.5,False,halve,-0.16283478570017795,5,纳指;黄金;国债ETF;科技ETF;军工ETF,纳指;黄金;国债ETF,科技ETF;军工ETF
2023-06-21,2143159.257878289,1071579.6289391445,1071579.6289391445,0.5,False,halve,-0.17378770490499057,5,纳指;黄金;国债ETF;科技ETF;军工ETF,纳指;黄金;国债ETF,科技ETF;军工ETF
2023-06-26,2120801.7317532077,0.0,2120801.7317532077,0.0,False,liquidate,-0.18240678578036018,4,纳指;黄金;国债ETF;科技ETF,纳指;黄金;国债ETF,科技ETF
2023-06-27,2120970.0493509662,0.0,2120970.0493509662,0.0,False,liquidate,-0.18234189743002516,5,纳指;黄金;国债ETF;科技ETF;军工ETF,纳指;黄金;国债ETF,科技ETF;军工ETF
2023-06-28,2121138.380307264,0.0,2121138.380307264,0.0,False,liquidate,-0.1822770039298211,5,纳指;黄金;国债ETF;科技ETF;军工ETF,纳指;黄金;国债ETF,科技ETF;军工ETF
2023-06-29,2121306.724623162,0.0,2121306.724623162,0.0,False,liquidate,-0.18221210527933926,5,纳指;黄金;国债ETF;科技ETF;军工ETF,纳指;黄金;国债ETF,科技ETF;军工ETF
2023-06-30,2121475.082299719,0.0,2121475.082299719,0.0,False,liquidate,-0.18214720147817098,4,纳指;国债ETF;科技ETF;军工ETF,纳指;国债ETF,科技ETF;军工ETF
2023-07-03,2121643.4533379967,0.0,2121643.4533379967,0.0,False,liquidate,-0.1820822925259074,4,纳指;国债ETF;科技ETF;军工ETF,纳指;国债ETF,科技ETF;军工ETF
2023-07-04,2121811.8377390555,0.0,2121811.8377390555,0.0,False,liquidate,-0.18201737842213953,5,纳指;国债ETF;消费ETF;科技ETF;军工ETF,纳指;国债ETF,消费ETF;科技ETF;军工ETF
2023-07-05,2121980.2355039557,0.0,2121980.2355039557,0.0,False,liquidate,-0.18195245916645864,5,纳指;国债ETF;有色ETF;科技ETF;军工ETF,纳指;国债ETF,有色ETF;科技ETF;军工ETF
2023-07-06,2122148.6466337577,0.0,2122148.6466337577,0.0,False,liquidate,-0.18188753475845593,4,纳指;国债ETF;科技ETF;军工ETF,纳指;国债ETF,科技ETF;军工ETF
2023-07-07,2122317.0711295223,0.0,2122317.0711295223,0.0,False,liquidate,-0.1818226051977225,4,纳指;国债ETF;科技ETF;军工ETF,纳指;国债ETF,科技ETF;军工ETF
2023-07-10,2122485.5089923106,0.0,2122485.5089923106,0.0,False,liquidate,-0.1817576704838492,6,纳指;黄金;国债ETF;有色ETF;科技ETF;军工ETF,纳指;黄金;国债ETF,有色ETF;科技ETF;军工ETF
2023-07-11,2122653.960223183,0.0,2122653.960223183,0.0,False,liquidate,-0.18169273061642727,5,纳指;国债ETF;有色ETF;科技ETF;军工ETF,纳指;国债ETF,有色ETF;科技ETF;军工ETF
2023-07-12,2122822.424823201,0.0,2122822.424823201,0.0,False,liquidate,-0.1816277855950476,5,纳指;黄金;国债ETF;有色ETF;军工ETF,纳指;黄金;国债ETF,有色ETF;军工ETF
2023-07-13,2122990.902793425,0.0,2122990.902793425,0.0,False,liquidate,-0.18156283541930107,9,沪深300;纳指;黄金;国债ETF;消费ETF;证券ETF;有色ETF;科技ETF;军工ETF,沪深300;纳指;黄金;国债ETF,消费ETF;证券ETF;有色ETF;科技ETF;军工ETF
2023-07-14,2123159.394134917,0.0,2123159.394134917,0.0,False,liquidate,-0.18149788008877873,9,沪深300;纳指;黄金;国债ETF;消费ETF;证券ETF;有色ETF;科技ETF;军工ETF,沪深300;纳指;黄金;国债ETF,消费ETF;证券ETF;有色ETF;科技ETF;军工ETF
2023-07-17,2123327.898848737,0.0,2123327.898848737,0.0,False,liquidate,-0.18143291960307148,8,纳指;黄金;国债ETF;消费ETF;证券ETF;有色ETF;科技ETF;军工ETF,纳指;黄金;国债ETF,消费ETF;证券ETF;有色ETF;科技ETF;军工ETF
2023-07-18,2123496.4169359473,0.0,2123496.4169359473,0.0,False,liquidate,-0.18136795396177016,7,纳指;黄金;国债ETF;证券ETF;有色ETF;科技ETF;军工ETF,纳指;黄金;国债ETF,证券ETF;有色ETF;科技ETF;军工ETF
2023-07-19,2123664.948397609,0.0,2123664.948397609,0.0,False,liquidate,-0.1813029831644655,8,沪深300;纳指;黄金;国债ETF;证券ETF;有色ETF;科技ETF;军工ETF,沪深300;纳指;黄金;国债ETF,证券ETF;有色ETF;科技ETF;军工ETF
2023-07-20,2123833.4932347834,0.0,2123833.4932347834,0.0,False,liquidate,-0.18123800721074837,6,沪深300;纳指;黄金;国债ETF;证券ETF;有色ETF,沪深300;纳指;黄金;国债ETF,证券ETF;有色ETF
2023-07-21,2124002.0514485324,0.0,2124002.0514485324,0.0,False,liquidate,-0.18117302610020947,7,沪深300;纳指;黄金;国债ETF;消费ETF;证券ETF;有色ETF,沪深300;纳指;黄金;国债ETF,消费ETF;证券ETF;有色ETF
2023-07-24,2124170.623039917,0.0,2124170.623039917,0.0,False,liquidate,-0.1811080398324397,6,沪深300;纳指;黄金;国债ETF;消费ETF;证券ETF,沪深300;纳指;黄金;国债ETF,消费ETF;证券ETF
2023-07-25,2124339.2080099997,0.0,2124339.2080099997,0.0,False,liquidate,-0.18104304840702953,9,沪深300;纳指;黄金;国债ETF;消费ETF;医药ETF;证券ETF;有色ETF;军工ETF,沪深300;纳指;黄金;国债ETF,消费ETF;医药ETF;证券ETF;有色ETF;军工ETF
2023-07-26,2124507.806359842,0.0,2124507.806359842,0.0,False,liquidate,-0.1809780518235697,8,沪深300;纳指;黄金;国债ETF;消费ETF;医药ETF;证券ETF;有色ETF,沪深300;纳指;黄金;国债ETF,消费ETF;医药ETF;证券ETF;有色ETF
2023-07-27,2124676.4180905055,0.0,2124676.4180905055,0.0,False,liquidate,-0.1809130500816509,8,沪深300;纳指;黄金;国债ETF;消费ETF;医药ETF;证券ETF;有色ETF,沪深300;纳指;黄金;国债ETF,消费ETF;医药ETF;证券ETF;有色ETF
2023-07-28,2124845.0432030526,0.0,2124845.0432030526,0.0,False,liquidate,-0.18084804318086364,9,沪深300;创业板;纳指;黄金;国债ETF;消费ETF;医药ETF;证券ETF;有色ETF,沪深300;创业板;纳指;黄金;国债ETF,消费ETF;医药ETF;证券ETF;有色ETF
2023-07-31,2125013.681698545,0.0,2125013.681698545,0.0,False,liquidate,-0.18078303112079866,9,沪深300;创业板;纳指;黄金;国债ETF;消费ETF;医药ETF;证券ETF;有色ETF,沪深300;创业板;纳指;黄金;国债ETF,消费ETF;医药ETF;证券ETF;有色ETF
2023-08-01,2125182.333578045,0.0,2125182.333578045,0.0,False,liquidate,-0.18071801390104625,9,沪深300;创业板;纳指;黄金;国债ETF;消费ETF;医药ETF;证券ETF;有色ETF,沪深300;创业板;纳指;黄金;国债ETF,消费ETF;医药ETF;证券ETF;有色ETF
2023-08-02,2125350.9988426147,0.0,2125350.9988426147,0.0,False,liquidate,-0.1806529915211971,8,沪深300;创业板;纳指;黄金;国债ETF;消费ETF;证券ETF;有色ETF,沪深300;创业板;纳指;黄金;国债ETF,消费ETF;证券ETF;有色ETF
2023-08-03,2125519.6774933166,0.0,2125519.6774933166,0.0,False,liquidate,-0.18058796398084162,9,沪深300;创业板;纳指;黄金;国债ETF;消费ETF;医药ETF;证券ETF;有色ETF,沪深300;创业板;纳指;黄金;国债ETF,消费ETF;医药ETF;证券ETF;有色ETF
2023-08-04,2125688.369531213,0.0,2125688.369531213,0.0,False,liquidate,-0.18052293127957028,9,沪深300;创业板;纳指;黄金;国债ETF;消费ETF;医药ETF;证券ETF;有色ETF,沪深300;创业板;纳指;黄金;国债ETF,消费ETF;医药ETF;证券ETF;有色ETF
2023-08-07,2125857.074957366,0.0,2125857.074957366,0.0,False,liquidate,-0.1804578934169734,8,沪深300;创业板;纳指;黄金;国债ETF;消费ETF;证券ETF;有色ETF,沪深300;创业板;纳指;黄金;国债ETF,消费ETF;证券ETF;有色ETF
2023-08-08,2126025.793772839,0.0,2126025.793772839,0.0,False,liquidate,-0.18039285039264139,8,沪深300;创业板;纳指;黄金;国债ETF;消费ETF;证券ETF;有色ETF,沪深300;创业板;纳指;黄金;国债ETF,消费ETF;证券ETF;有色ETF
2023-08-09,2126194.525978694,0.0,2126194.525978694,0.0,False,liquidate,-0.18032780220616454,8,沪深300;创业板;纳指;黄金;国债ETF;消费ETF;证券ETF;有色ETF,沪深300;创业板;纳指;黄金;国债ETF,消费ETF;证券ETF;有色ETF
2023-08-10,2126363.2715759943,0.0,2126363.2715759943,0.0,False,liquidate,-0.1802627488571332,8,沪深300;创业板;纳指;黄金;国债ETF;消费ETF;证券ETF;有色ETF,沪深300;创业板;纳指;黄金;国债ETF,消费ETF;证券ETF;有色ETF
2023-08-11,2126532.030565802,0.0,2126532.030565802,0.0,False,liquidate,-0.1801976903451377,6,沪深300;纳指;黄金;国债ETF;消费ETF;证券ETF,沪深300;纳指;黄金;国债ETF,消费ETF;证券ETF
2023-08-14,2126700.8029491804,0.0,2126700.8029491804,0.0,False,liquidate,-0.18013262666976823,4,纳指;黄金;国债ETF;证券ETF,纳指;黄金;国债ETF,证券ETF
2023-08-15,2126869.5887271925,0.0,2126869.5887271925,0.0,False,liquidate,-0.18006755783061493,4,纳指;黄金;国债ETF;证券ETF,纳指;黄金;国债ETF,证券ETF
2023-08-16,2127038.387900901,0.0,2127038.387900901,0.0,False,liquidate,-0.18000248382726813,4,纳指;黄金;国债ETF;证券ETF,纳指;黄金;国债ETF,证券ETF
2023-08-17,2127207.2004713695,921552.4176193089,1205654.7828520606,0.5,False,halve,-0.17993740465931785,6,沪深300;纳指;黄金;国债ETF;消费ETF;证券ETF,沪深300;纳指;黄金;国债ETF,消费ETF;证券ETF
2023-08-18,2110096.577602024,0.0,2110096.577602024,0.0,False,liquidate,-0.1865337445903888,4,沪深300;黄金;国债ETF;证券ETF,沪深300;黄金;国债ETF,证券ETF
2023-08-21,2110264.0455843736,0.0,2110264.0455843736,0.0,False,liquidate,-0.18646918377646737,4,纳指;黄金;国债ETF;证券ETF,纳指;黄金;国债ETF,证券ETF
2023-08-22,2110431.526857833,0.0,2110431.526857833,0.0,False,liquidate,-0.1864046178386718,4,纳指;黄金;国债ETF;证券ETF,纳指;黄金;国债ETF,证券ETF
2023-08-23,2110599.0214234567,0.0,2110599.0214234567,0.0,False,liquidate,-0.1863400467765954,4,纳指;黄金;国债ETF;证券ETF,纳指;黄金;国债ETF,证券ETF
2023-08-24,2110766.5292823,0.0,2110766.5292823,0.0,False,liquidate,-0.18627547058983168,4,纳指;黄金;国债ETF;证券ETF,纳指;黄金;国债ETF,证券ETF
2023-08-25,2110934.0504354173,0.0,2110934.0504354173,0.0,False,liquidate,-0.18621088927797377,3,黄金;国债ETF;证券ETF,黄金;国债ETF,证券ETF
2023-08-28,2111101.5848838645,0.0,2111101.5848838645,0.0,False,liquidate,-0.18614630284061492,3,黄金;国债ETF;证券ETF,黄金;国债ETF,证券ETF
2023-08-29,2111269.1326286965,0.0,2111269.1326286965,0.0,False,liquidate,-0.18608171127734832,4,纳指;黄金;国债ETF;证券ETF,纳指;黄金;国债ETF,证券ETF
2023-08-30,2111436.6936709685,0.0,2111436.6936709685,0.0,False,liquidate,-0.18601711458776718,4,纳指;黄金;国债ETF;证券ETF,纳指;黄金;国债ETF,证券ETF
2023-08-31,2111604.268011736,0.0,2111604.268011736,0.0,False,liquidate,-0.18595251277146457,3,纳指;黄金;国债ETF,纳指;黄金;国债ETF,
2023-09-01,2111771.855652055,0.0,2111771.855652055,0.0,False,liquidate,-0.18588790582803366,3,纳指;黄金;国债ETF,纳指;黄金;国债ETF,
2023-09-04,2111939.45659298,0.0,2111939.45659298,0.0,False,liquidate,-0.18582329375706752,6,沪深300;纳指;黄金;国债ETF;消费ETF;有色ETF,沪深300;纳指;黄金;国债ETF,消费ETF;有色ETF
2023-09-05,2112107.0708355666,0.0,2112107.0708355666,0.0,False,liquidate,-0.18575867655815934,5,沪深300;纳指;黄金;国债ETF;消费ETF,沪深300;纳指;黄金;国债ETF,消费ETF
2023-09-06,2112274.698380871,0.0,2112274.698380871,0.0,False,liquidate,-0.185694054230902,3,纳指;黄金;国债ETF,纳指;黄金;国债ETF,
2023-09-07,2112442.3392299493,0.0,2112442.3392299493,0.0,False,liquidate,-0.18562942677488847,2,纳指;黄金,纳指;黄金,
2023-09-08,2112609.9933838565,0.0,2112609.9933838565,0.0,False,liquidate,-0.18556479418971186,3,纳指;黄金;军工ETF,纳指;黄金,军工ETF
2023-09-11,2112777.660843649,0.0,2112777.660843649,0.0,False,liquidate,-0.18550015647496498,2,黄金;军工ETF,黄金,军工ETF
2023-09-12,2112945.341610383,0.0,2112945.341610383,0.0,False,liquidate,-0.1854355136302407,1,黄金,黄金,
2023-09-13,2113113.0356851136,0.0,2113113.0356851136,0.0,False,liquidate,-0.18537086565513203,2,黄金;国债ETF,黄金;国债ETF,
2023-09-14,2113280.743068898,0.0,2113280.743068898,0.0,False,liquidate,-0.18530621254923166,2,纳指;黄金,纳指;黄金,
2023-09-15,2113448.4637627928,0.0,2113448.4637627928,0.0,False,liquidate,-0.18524155431213227,2,纳指;黄金,纳指;黄金,
2023-09-18,2113616.1977678533,0.0,2113616.1977678533,0.0,False,liquidate,-0.1851768909434269,3,黄金;国债ETF;医药ETF,黄金;国债ETF,医药ETF
2023-09-19,2113783.9450851367,0.0,2113783.9450851367,0.0,False,liquidate,-0.18511222244270803,3,黄金;国债ETF;医药ETF,黄金;国债ETF,医药ETF
2023-09-20,2113951.705715699,0.0,2113951.705715699,0.0,False,liquidate,-0.18504754880956853,1,黄金,黄金,
2023-09-21,2114119.479660597,0.0,2114119.479660597,0.0,False,liquidate,-0.18498287004360103,2,黄金;国债ETF,黄金;国债ETF,
2023-09-22,2114287.266920888,0.0,2114287.266920888,0.0,False,liquidate,-0.1849181861443981,3,黄金;国债ETF;医药ETF,黄金;国债ETF,医药ETF
2023-09-25,2114455.067497628,0.0,2114455.067497628,0.0,False,liquidate,-0.18485349711155233,2,黄金;医药ETF,黄金,医药ETF
2023-09-26,2114622.8813918736,0.0,2114622.8813918736,0.0,False,liquidate,-0.18478880294465644,2,黄金;医药ETF,黄金,医药ETF
2023-09-27,2114790.7086046827,0.0,2114790.7086046827,0.0,False,liquidate,-0.18472410364330275,2,黄金;医药ETF,黄金,医药ETF
2023-09-28,2114958.5491371118,0.0,2114958.5491371118,0.0,False,liquidate,-0.1846593992070839,2,黄金;医药ETF,黄金,医药ETF
2023-10-09,2115126.402990218,0.0,2115126.402990218,0.0,False,liquidate,-0.18459468963559245,2,国债ETF;医药ETF,国债ETF,医药ETF
2023-10-10,2115294.2701650583,0.0,2115294.2701650583,0.0,False,liquidate,-0.18452997492842066,1,医药ETF,,医药ETF
2023-10-11,2115462.1506626904,0.0,2115462.1506626904,0.0,False,liquidate,-0.18446525508516104,2,医药ETF;科技ETF,,医药ETF;科技ETF
2023-10-12,2115630.0444841716,0.0,2115630.0444841716,0.0,False,liquidate,-0.18440053010540589,3,纳指;医药ETF;科技ETF,纳指,医药ETF;科技ETF
2023-10-13,2115797.9516305593,0.0,2115797.9516305593,0.0,False,liquidate,-0.18433579998874755,3,纳指;医药ETF;科技ETF,纳指,医药ETF;科技ETF
2023-10-16,2115965.872102911,0.0,2115965.872102911,0.0,False,liquidate,-0.18427106473477833,3,纳指;黄金;医药ETF,纳指;黄金,医药ETF
2023-10-17,2116133.8059022846,0.0,2116133.8059022846,0.0,False,liquidate,-0.18420632434309053,2,黄金;医药ETF,黄金,医药ETF
2023-10-18,2116301.753029737,0.0,2116301.753029737,0.0,False,liquidate,-0.18414157881327647,3,纳指;黄金;医药ETF,纳指;黄金,医药ETF
2023-10-19,2116469.713486327,0.0,2116469.713486327,0.0,False,liquidate,-0.18407682814492832,1,黄金,黄金,
2023-10-20,2116637.6872731117,0.0,2116637.6872731117,0.0,False,liquidate,-0.18401207233763817,2,纳指;黄金,纳指;黄金,
2023-10-23,2116805.674391149,0.0,2116805.674391149,0.0,False,liquidate,-0.18394731139099835,1,黄金,黄金,
2023-10-24,2116973.6748414976,0.0,2116973.6748414976,0.0,False,liquidate,-0.18388254530460083,1,黄金,黄金,
2023-10-25,2117141.688625215,0.0,2117141.688625215,0.0,False,liquidate,-0.1838177740780377,1,黄金,黄金,
2023-10-26,2117309.71574336,0.0,2117309.71574336,0.0,False,liquidate,-0.18375299771090098,1,黄金,黄金,
2023-10-27,2117477.7561969906,0.0,2117477.7561969906,0.0,False,liquidate,-0.18368821620278278,2,黄金;医药ETF,黄金,医药ETF
2023-10-30,2117645.809987165,0.0,2117645.809987165,0.0,False,liquidate,-0.18362342955327504,3,黄金;医药ETF;科技ETF,黄金,医药ETF;科技ETF
2023-10-31,2117813.877114942,0.0,2117813.877114942,0.0,False,liquidate,-0.1835586377619697,3,黄金;医药ETF;科技ETF,黄金,医药ETF;科技ETF
2023-11-01,2117981.9575813795,0.0,2117981.9575813795,0.0,False,liquidate,-0.1834938408284588,4,黄金;消费ETF;医药ETF;科技ETF,黄金,消费ETF;医药ETF;科技ETF
2023-11-02,2118150.051387537,0.0,2118150.051387537,0.0,False,liquidate,-0.18342903875233402,2,黄金;医药ETF,黄金,医药ETF
2023-11-03,2118318.1585344723,0.0,2118318.1585344723,0.0,False,liquidate,-0.18336423153318737,4,黄金;消费ETF;医药ETF;科技ETF,黄金,消费ETF;医药ETF;科技ETF
2023-11-06,2118486.279023245,0.0,2118486.279023245,0.0,False,liquidate,-0.18329941917061063,6,黄金;国债ETF;消费ETF;医药ETF;证券ETF;科技ETF,黄金;国债ETF,消费ETF;医药ETF;证券ETF;科技ETF
2023-11-07,2118654.4128549136,0.0,2118654.4128549136,0.0,False,liquidate,-0.18323460166419556,6,黄金;国债ETF;消费ETF;医药ETF;证券ETF;科技ETF,黄金;国债ETF,消费ETF;医药ETF;证券ETF;科技ETF
2023-11-08,2118822.560030537,0.0,2118822.560030537,0.0,False,liquidate,-0.1831697790135339,5,黄金;国债ETF;医药ETF;证券ETF;科技ETF,黄金;国债ETF,医药ETF;证券ETF;科技ETF
2023-11-09,2118990.7205511746,0.0,2118990.7205511746,0.0,False,liquidate,-0.1831049512182175,6,黄金;国债ETF;消费ETF;医药ETF;证券ETF;科技ETF,黄金;国债ETF,消费ETF;医药ETF;证券ETF;科技ETF
2023-11-10,2119158.894417885,0.0,2119158.894417885,0.0,False,liquidate,-0.18304011827783792,5,黄金;国债ETF;医药ETF;证券ETF;科技ETF,黄金;国债ETF,医药ETF;证券ETF;科技ETF
2023-11-13,2119327.081631728,0.0,2119327.081631728,0.0,False,liquidate,-0.18297528019198692,6,纳指;国债ETF;医药ETF;证券ETF;科技ETF;军工ETF,纳指;国债ETF,医药ETF;证券ETF;科技ETF;军工ETF
2023-11-14,2119495.2821937623,0.0,2119495.2821937623,0.0,False,liquidate,-0.18291043696025613,7,纳指;黄金;国债ETF;医药ETF;证券ETF;科技ETF;军工ETF,纳指;黄金;国债ETF,医药ETF;证券ETF;科技ETF;军工ETF
2023-11-15,2119663.4961050474,0.0,2119663.4961050474,0.0,False,liquidate,-0.18284558858223712,8,纳指;黄金;国债ETF;消费ETF;医药ETF;证券ETF;科技ETF;军工ETF,纳指;黄金;国债ETF,消费ETF;医药ETF;证券ETF;科技ETF;军工ETF
2023-11-16,2119831.7233666433,0.0,2119831.7233666433,0.0,False,liquidate,-0.18278073505752132,6,纳指;国债ETF;医药ETF;证券ETF;科技ETF;军工ETF,纳指;国债ETF,医药ETF;证券ETF;科技ETF;军工ETF
2023-11-17,2119999.963979609,0.0,2119999.963979609,0.0,False,liquidate,-0.18271587638570053,7,纳指;黄金;国债ETF;医药ETF;证券ETF;科技ETF;军工ETF,纳指;黄金;国债ETF,医药ETF;证券ETF;科技ETF;军工ETF
2023-11-20,2120168.2179450043,0.0,2120168.2179450043,0.0,False,liquidate,-0.18265101256636593,6,纳指;国债ETF;医药ETF;证券ETF;科技ETF;军工ETF,纳指;国债ETF,医药ETF;证券ETF;科技ETF;军工ETF
2023-11-21,2120336.485263889,0.0,2120336.485263889,0.0,False,liquidate,-0.18258614359910919,7,纳指;国债ETF;消费ETF;医药ETF;证券ETF;科技ETF;军工ETF,纳指;国债ETF,消费ETF;医药ETF;证券ETF;科技ETF;军工ETF
2023-11-22,2120504.7659373228,0.0,2120504.7659373228,0.0,False,liquidate,-0.18252126948352185,6,纳指;国债ETF;消费ETF;医药ETF;证券ETF;军工ETF,纳指;国债ETF,消费ETF;医药ETF;证券ETF;军工ETF
2023-11-23,2120673.0599663653,0.0,2120673.0599663653,0.0,False,liquidate,-0.18245639021919516,7,纳指;国债ETF;消费ETF;医药ETF;证券ETF;科技ETF;军工ETF,纳指;国债ETF,消费ETF;医药ETF;证券ETF;科技ETF;军工ETF
2023-11-24,2120841.3673520773,0.0,2120841.3673520773,0.0,False,liquidate,-0.18239150580572036,6,纳指;国债ETF;消费ETF;医药ETF;证券ETF;军工ETF,纳指;国债ETF,消费ETF;医药ETF;证券ETF;军工ETF
2023-11-27,2121009.688095518,0.0,2121009.688095518,0.0,False,liquidate,-0.18232661624268906,3,纳指;国债ETF;军工ETF,纳指;国债ETF,军工ETF
2023-11-28,2121178.0221977476,0.0,2121178.0221977476,0.0,False,liquidate,-0.1822617215296925,4,纳指;国债ETF;医药ETF;军工ETF,纳指;国债ETF,医药ETF;军工ETF
2023-11-29,2121346.369659827,0.0,2121346.369659827,0.0,False,liquidate,-0.18219682166632173,5,纳指;黄金;国债ETF;医药ETF;军工ETF,纳指;黄金;国债ETF,医药ETF;军工ETF
2023-11-30,2121514.730482816,0.0,2121514.730482816,0.0,False,liquidate,-0.18213191665216816,5,纳指;黄金;国债ETF;消费ETF;医药ETF,纳指;黄金;国债ETF,消费ETF;医药ETF
2023-12-01,2121683.1046677753,0.0,2121683.1046677753,0.0,False,liquidate,-0.18206700648682303,5,纳指;黄金;国债ETF;医药ETF;军工ETF,纳指;黄金;国债ETF,医药ETF;军工ETF
2023-12-04,2121851.4922157647,0.0,2121851.4922157647,0.0,False,liquidate,-0.1820020911698776,4,纳指;黄金;国债ETF;军工ETF,纳指;黄金;国债ETF,军工ETF
2023-12-05,2122019.8931278456,0.0,2122019.8931278456,0.0,False,liquidate,-0.18193717070092272,3,纳指;黄金;国债ETF,纳指;黄金;国债ETF,
2023-12-06,2122188.307405078,0.0,2122188.307405078,0.0,False,liquidate,-0.18187224507954983,3,纳指;黄金;国债ETF,纳指;黄金;国债ETF,
2023-12-07,2122356.7350485227,0.0,2122356.7350485227,0.0,False,liquidate,-0.18180731430534977,3,纳指;黄金;国债ETF,纳指;黄金;国债ETF,
2023-12-08,2122525.176059241,0.0,2122525.176059241,0.0,False,liquidate,-0.18174237837791365,3,纳指;黄金;国债ETF,纳指;黄金;国债ETF,
2023-12-11,2122693.6304382933,0.0,2122693.6304382933,0.0,False,liquidate,-0.18167743729683253,3,纳指;黄金;国债ETF,纳指;黄金;国债ETF,
2023-12-12,2122862.098186741,0.0,2122862.098186741,0.0,False,liquidate,-0.18161249106169722,3,纳指;黄金;国债ETF,纳指;黄金;国债ETF,
2023-12-13,2123030.579305645,0.0,2123030.579305645,0.0,False,liquidate,-0.18154753967209886,2,纳指;国债ETF,纳指;国债ETF,
2023-12-14,2123199.0737960665,0.0,2123199.0737960665,0.0,False,liquidate,-0.18148258312762827,3,纳指;黄金;国债ETF,纳指;黄金;国债ETF,
2023-12-15,2123367.581659066,0.0,2123367.581659066,0.0,False,liquidate,-0.18141762142787654,3,纳指;黄金;国债ETF,纳指;黄金;国债ETF,
2023-12-18,2123536.1028957055,0.0,2123536.1028957055,0.0,False,liquidate,-0.18135265457243435,3,纳指;黄金;国债ETF,纳指;黄金;国债ETF,
2023-12-19,2123704.6375070466,0.0,2123704.6375070466,0.0,False,liquidate,-0.18128768256089242,3,纳指;黄金;国债ETF,纳指;黄金;国债ETF,
2023-12-20,2123873.1854941505,0.0,2123873.1854941505,0.0,False,liquidate,-0.18122270539284163,3,纳指;黄金;国债ETF,纳指;黄金;国债ETF,
2023-12-21,2124041.7468580785,0.0,2124041.7468580785,0.0,False,liquidate,-0.18115772306787284,3,纳指;黄金;国债ETF,纳指;黄金;国债ETF,
2023-12-22,2124210.321599893,0.0,2124210.321599893,0.0,False,liquidate,-0.1810927355855766,3,纳指;黄金;国债ETF,纳指;黄金;国债ETF,
2023-12-25,2124378.9097206546,0.0,2124378.9097206546,0.0,False,liquidate,-0.18102774294554375,3,纳指;黄金;国债ETF,纳指;黄金;国债ETF,
2023-12-26,2124547.511221426,0.0,2124547.511221426,0.0,False,liquidate,-0.18096274514736482,3,纳指;黄金;国债ETF,纳指;黄金;国债ETF,
2023-12-27,2124716.126103269,0.0,2124716.126103269,0.0,False,liquidate,-0.1808977421906305,3,纳指;黄金;国债ETF,纳指;黄金;国债ETF,
2023-12-28,2124884.7543672454,0.0,2124884.7543672454,0.0,False,liquidate,-0.18083273407493136,4,纳指;黄金;国债ETF;有色ETF,纳指;黄金;国债ETF,有色ETF
2023-12-29,2125053.3960144175,0.0,2125053.3960144175,0.0,False,liquidate,-0.1807677207998579,4,纳指;黄金;国债ETF;有色ETF,纳指;黄金;国债ETF,有色ETF
2024-01-02,2125222.051045847,0.0,2125222.051045847,0.0,True,liquidate,-0.18070270236500077,0,,纳指;黄金;国债ETF,有色ETF
2024-01-03,2125222.051045847,0.0,2125222.051045847,0.0,True,liquidate,-0.18070270236500077,0,,纳指;黄金;国债ETF,有色ETF
2024-01-04,2125222.051045847,0.0,2125222.051045847,0.0,True,liquidate,-0.18070270236500077,0,,纳指;黄金;国债ETF,有色ETF
2024-01-05,2125222.051045847,0.0,2125222.051045847,0.0,True,liquidate,-0.18070270236500077,0,,纳指;黄金;国债ETF,有色ETF
2024-01-08,2125222.051045847,0.0,2125222.051045847,0.0,True,liquidate,-0.18070270236500077,0,,纳指;黄金;国债ETF,
2024-01-09,2125222.051045847,0.0,2125222.051045847,0.0,True,liquidate,-0.18070270236500077,0,,纳指;黄金;国债ETF,有色ETF
2024-01-10,2125222.051045847,0.0,2125222.051045847,0.0,True,liquidate,-0.18070270236500077,0,,纳指;黄金;国债ETF,有色ETF
2024-01-11,2125222.051045847,0.0,2125222.051045847,0.0,True,liquidate,-0.18070270236500077,0,,纳指;黄金;国债ETF,有色ETF
2024-01-12,2125222.051045847,0.0,2125222.051045847,0.0,True,liquidate,-0.18070270236500077,0,,纳指;黄金;国债ETF,有色ETF
2024-01-15,2125222.051045847,0.0,2125222.051045847,0.0,True,liquidate,-0.18070270236500077,0,,纳指;黄金;国债ETF,有色ETF
2024-01-16,2125222.051045847,0.0,2125222.051045847,0.0,True,liquidate,-0.18070270236500077,0,,纳指;黄金;国债ETF,有色ETF
2024-01-17,2125222.051045847,0.0,2125222.051045847,0.0,True,liquidate,-0.18070270236500077,0,,纳指;黄金;国债ETF,
2024-01-18,2125222.051045847,0.0,2125222.051045847,0.0,True,liquidate,-0.18070270236500077,0,,纳指;黄金;国债ETF,
2024-01-19,2125222.051045847,0.0,2125222.051045847,0.0,True,liquidate,-0.18070270236500077,0,,纳指;黄金;国债ETF,
2024-01-22,2125222.051045847,0.0,2125222.051045847,0.0,True,liquidate,-0.18070270236500077,0,,纳指;黄金;国债ETF,
2024-01-23,2125222.051045847,0.0,2125222.051045847,0.0,True,liquidate,-0.18070270236500077,0,,纳指;黄金;国债ETF,
2024-01-24,2125222.051045847,0.0,2125222.051045847,0.0,True,liquidate,-0.18070270236500077,0,,纳指;黄金;国债ETF,
2024-01-25,2125222.051045847,0.0,2125222.051045847,0.0,True,liquidate,-0.18070270236500077,0,,纳指;黄金;国债ETF,
2024-01-26,2125222.051045847,0.0,2125222.051045847,0.0,True,liquidate,-0.18070270236500077,0,,纳指;黄金;国债ETF,
2024-01-29,2125222.051045847,0.0,2125222.051045847,0.0,True,liquidate,-0.18070270236500077,0,,纳指;国债ETF,
2024-01-30,2125222.051045847,0.0,2125222.051045847,0.0,True,liquidate,-0.18070270236500077,0,,纳指;黄金;国债ETF,
2024-01-31,2125222.051045847,0.0,2125222.051045847,0.0,True,liquidate,-0.18070270236500077,0,,纳指;黄金;国债ETF,
2024-02-01,2125222.051045847,0.0,2125222.051045847,0.0,True,liquidate,-0.18070270236500077,0,,纳指;黄金;国债ETF,
2024-02-02,2125222.051045847,0.0,2125222.051045847,0.0,True,liquidate,-0.18070270236500077,0,,纳指;黄金;国债ETF,
2024-02-05,2125222.051045847,0.0,2125222.051045847,0.0,True,liquidate,-0.18070270236500077,0,,纳指;黄金;国债ETF,
2024-02-06,2125222.051045847,0.0,2125222.051045847,0.0,True,liquidate,-0.18070270236500077,0,,纳指;黄金;国债ETF,消费ETF
2024-02-07,2125222.051045847,0.0,2125222.051045847,0.0,False,liquidate,-0.18070270236500077,4,纳指;黄金;国债ETF;消费ETF,纳指;黄金;国债ETF,消费ETF
2024-02-08,2125390.719462597,0.0,2125390.719462597,0.0,False,liquidate,-0.18063767876995038,5,纳指;黄金;国债ETF;消费ETF;证券ETF,纳指;黄金;国债ETF,消费ETF;证券ETF
2024-02-19,2125559.4012657288,0.0,2125559.4012657288,0.0,False,liquidate,-0.1805726500142972,4,纳指;黄金;国债ETF;消费ETF,纳指;黄金;国债ETF,消费ETF
2024-02-20,2125728.0964563056,0.0,2125728.0964563056,0.0,False,liquidate,-0.1805076160976316,6,沪深300;纳指;黄金;国债ETF;消费ETF;证券ETF,沪深300;纳指;黄金;国债ETF,消费ETF;证券ETF
2024-02-21,2125896.8050353895,0.0,2125896.8050353895,0.0,False,liquidate,-0.18044257701954408,7,沪深300;纳指;黄金;国债ETF;消费ETF;证券ETF;有色ETF,沪深300;纳指;黄金;国债ETF,消费ETF;证券ETF;有色ETF
2024-02-22,2126065.527004043,0.0,2126065.527004043,0.0,False,liquidate,-0.180377532779625,8,沪深300;纳指;黄金;国债ETF;消费ETF;证券ETF;有色ETF;科技ETF,沪深300;纳指;黄金;国债ETF,消费ETF;证券ETF;有色ETF;科技ETF
2024-02-23,2126234.262363329,0.0,2126234.262363329,0.0,False,liquidate,-0.18031248337746467,8,沪深300;纳指;黄金;国债ETF;消费ETF;证券ETF;有色ETF;科技ETF,沪深300;纳指;黄金;国债ETF,消费ETF;证券ETF;有色ETF;科技ETF
2024-02-26,2126403.0111143105,0.0,2126403.0111143105,0.0,False,liquidate,-0.1802474288126533,8,沪深300;纳指;黄金;国债ETF;消费ETF;证券ETF;有色ETF;科技ETF,沪深300;纳指;黄金;国债ETF,消费ETF;证券ETF;有色ETF;科技ETF
2024-02-27,2126571.77325805,0.0,2126571.77325805,0.0,False,liquidate,-0.1801823690847812,9,沪深300;纳指;黄金;国债ETF;消费ETF;证券ETF;有色ETF;科技ETF;军工ETF,沪深300;纳指;黄金;国债ETF,消费ETF;证券ETF;有色ETF;科技ETF;军工ETF
2024-02-28,2126740.54879561,0.0,2126740.54879561,0.0,False,liquidate,-0.1801173041934387,7,沪深300;纳指;国债ETF;消费ETF;证券ETF;有色ETF;科技ETF,沪深300;纳指;国债ETF,消费ETF;证券ETF;有色ETF;科技ETF
2024-02-29,2126909.3377280543,0.0,2126909.3377280543,0.0,False,liquidate,-0.18005223413821594,9,沪深300;纳指;国债ETF;消费ETF;医药ETF;证券ETF;有色ETF;科技ETF;军工ETF,沪深300;纳指;国债ETF,消费ETF;医药ETF;证券ETF;有色ETF;科技ETF;军工ETF
2024-03-01,2127078.1400564453,779068.840794237,1348009.2992622084,0.5,False,halve,-0.17998715891870315,10,沪深300;纳指;黄金;国债ETF;消费ETF;医药ETF;证券ETF;有色ETF;科技ETF;军工ETF,沪深300;纳指;黄金;国债ETF,消费ETF;医药ETF;证券ETF;有色ETF;科技ETF;军工ETF
2024-03-04,2129181.868342133,804336.4446666103,1324845.4236755224,0.5,False,halve,-0.1791761477123335,10,沪深300;纳指;黄金;国债ETF;消费ETF;医药ETF;证券ETF;有色ETF;科技ETF;军工ETF,沪深300;纳指;黄金;国债ETF,消费ETF;医药ETF;证券ETF;有色ETF;科技ETF;军工ETF
2024-03-05,2130502.40526723,829978.2052711202,1300524.1999961096,0.5,False,halve,-0.17866706569258559,10,沪深300;纳指;黄金;国债ETF;消费ETF;医药ETF;证券ETF;有色ETF;科技ETF;军工ETF,沪深300;纳指;黄金;国债ETF,消费ETF;医药ETF;证券ETF;有色ETF;科技ETF;军工ETF
2024-03-06,2127535.4388080086,850869.9308281754,1276665.507979833,0.5,False,halve,-0.17981086504334867,10,沪深300;纳指;黄金;国债ETF;消费ETF;医药ETF;证券ETF;有色ETF;科技ETF;军工ETF,沪深300;纳指;黄金;国债ETF,消费ETF;医药ETF;证券ETF;有色ETF;科技ETF;军工ETF
2024-03-07,2117605.132562002,0.0,2117605.132562002,0.0,False,liquidate,-0.18363911116381276,9,沪深300;纳指;黄金;国债ETF;消费ETF;证券ETF;有色ETF;科技ETF;军工ETF,沪深300;纳指;黄金;国债ETF,消费ETF;证券ETF;有色ETF;科技ETF;军工ETF
2024-03-08,2117773.196461412,0.0,2117773.196461412,0.0,False,liquidate,-0.18357432061707962,10,沪深300;创业板;纳指;黄金;国债ETF;消费ETF;证券ETF;有色ETF;科技ETF;军工ETF,沪深300;创业板;纳指;黄金;国债ETF,消费ETF;证券ETF;有色ETF;科技ETF;军工ETF
2024-03-11,2117941.273699227,0.0,2117941.273699227,0.0,False,liquidate,-0.1835095249282396,11,沪深300;创业板;纳指;黄金;国债ETF;消费ETF;医药ETF;证券ETF;有色ETF;科技ETF;军工ETF,沪深300;创业板;纳指;黄金;国债ETF,消费ETF;医药ETF;证券ETF;有色ETF;科技ETF;军工ETF
2024-03-12,2118109.3642765046,0.0,2118109.3642765046,0.0,False,liquidate,-0.18344472409688467,11,沪深300;创业板;纳指;黄金;国债ETF;消费ETF;医药ETF;证券ETF;有色ETF;科技ETF;军工ETF,沪深300;创业板;纳指;黄金;国债ETF,消费ETF;医药ETF;证券ETF;有色ETF;科技ETF;军工ETF
2024-03-13,2118277.4681943045,0.0,2118277.4681943045,0.0,False,liquidate,-0.18337991812260657,11,沪深300;创业板;纳指;黄金;国债ETF;消费ETF;医药ETF;证券ETF;有色ETF;科技ETF;军工ETF,沪深300;创业板;纳指;黄金;国债ETF,消费ETF;医药ETF;证券ETF;有色ETF;科技ETF;军工ETF
2024-03-14,2118445.585453685,0.0,2118445.585453685,0.0,False,liquidate,-0.18331510700499729,11,沪深300;创业板;纳指;黄金;国债ETF;消费ETF;医药ETF;证券ETF;有色ETF;科技ETF;军工ETF,沪深300;创业板;纳指;黄金;国债ETF,消费ETF;医药ETF;证券ETF;有色ETF;科技ETF;军工ETF
2024-03-15,2118613.716055705,0.0,2118613.716055705,0.0,False,liquidate,-0.1832502907436484,11,沪深300;创业板;纳指;黄金;国债ETF;消费ETF;医药ETF;证券ETF;有色ETF;科技ETF;军工ETF,沪深300;创业板;纳指;黄金;国债ETF,消费ETF;医药ETF;证券ETF;有色ETF;科技ETF;军工ETF
2024-03-18,2118781.860001424,0.0,2118781.860001424,0.0,False,liquidate,-0.1831854693381519,11,沪深300;创业板;纳指;黄金;国债ETF;消费ETF;医药ETF;证券ETF;有色ETF;科技ETF;军工ETF,沪深300;创业板;纳指;黄金;国债ETF,消费ETF;医药ETF;证券ETF;有色ETF;科技ETF;军工ETF
2024-03-19,2118950.0172919002,0.0,2118950.0172919002,0.0,False,liquidate,-0.18312064278809934,11,沪深300;创业板;纳指;黄金;国债ETF;消费ETF;医药ETF;证券ETF;有色ETF;科技ETF;军工ETF,沪深300;创业板;纳指;黄金;国债ETF,消费ETF;医药ETF;证券ETF;有色ETF;科技ETF;军工ETF
2024-03-20,2119118.1879281932,0.0,2119118.1879281932,0.0,False,liquidate,-0.18305581109308253,11,沪深300;创业板;纳指;黄金;国债ETF;消费ETF;医药ETF;证券ETF;有色ETF;科技ETF;军工ETF,沪深300;创业板;纳指;黄金;国债ETF,消费ETF;医药ETF;证券ETF;有色ETF;科技ETF;军工ETF
2024-03-21,2119286.3719113623,0.0,2119286.3719113623,0.0,False,liquidate,-0.18299097425269303,11,沪深300;创业板;纳指;黄金;国债ETF;消费ETF;医药ETF;证券ETF;有色ETF;科技ETF;军工ETF,沪深300;创业板;纳指;黄金;国债ETF,消费ETF;医药ETF;证券ETF;有色ETF;科技ETF;军工ETF
2024-03-22,2119454.5692424662,0.0,2119454.5692424662,0.0,False,liquidate,-0.18292613226652266,10,沪深300;创业板;纳指;黄金;国债ETF;消费ETF;证券ETF;有色ETF;科技ETF;军工ETF,沪深300;创业板;纳指;黄金;国债ETF,消费ETF;证券ETF;有色ETF;科技ETF;军工ETF
2024-03-25,2119622.779922565,0.0,2119622.779922565,0.0,False,liquidate,-0.1828612851341628,9,沪深300;创业板;纳指;黄金;国债ETF;消费ETF;有色ETF;科技ETF;军工ETF,沪深300;创业板;纳指;黄金;国债ETF,消费ETF;有色ETF;科技ETF;军工ETF
2024-03-26,2119791.003952718,0.0,2119791.003952718,0.0,False,liquidate,-0.18279643285520508,9,沪深300;创业板;纳指;黄金;国债ETF;消费ETF;有色ETF;科技ETF;军工ETF,沪深300;创业板;纳指;黄金;国债ETF,消费ETF;有色ETF;科技ETF;军工ETF
2024-03-27,2119959.241333984,0.0,2119959.241333984,0.0,False,liquidate,-0.18273157542924126,8,沪深300;创业板;纳指;黄金;国债ETF;消费ETF;有色ETF;科技ETF,沪深300;创业板;纳指;黄金;国债ETF,消费ETF;有色ETF;科技ETF
2024-03-28,2120127.492067423,0.0,2120127.492067423,0.0,False,liquidate,-0.18266671285586258,9,沪深300;创业板;纳指;黄金;国债ETF;消费ETF;有色ETF;科技ETF;军工ETF,沪深300;创业板;纳指;黄金;国债ETF,消费ETF;有色ETF;科技ETF;军工ETF
2024-03-29,2120295.7561540953,0.0,2120295.7561540953,0.0,False,liquidate,-0.18260184513466063,9,沪深300;创业板;纳指;黄金;国债ETF;消费ETF;有色ETF;科技ETF;军工ETF,沪深300;创业板;纳指;黄金;国债ETF,消费ETF;有色ETF;科技ETF;军工ETF
2024-04-01,2120464.03359506,0.0,2120464.03359506,0.0,False,liquidate,-0.18253697226522683,9,沪深300;创业板;纳指;黄金;国债ETF;消费ETF;有色ETF;科技ETF;军工ETF,沪深300;创业板;纳指;黄金;国债ETF,消费ETF;有色ETF;科技ETF;军工ETF
2024-04-02,2120632.324391377,0.0,2120632.324391377,0.0,False,liquidate,-0.1824720942471526,9,沪深300;创业板;纳指;黄金;国债ETF;消费ETF;有色ETF;科技ETF;军工ETF,沪深300;创业板;纳指;黄金;国债ETF,消费ETF;有色ETF;科技ETF;军工ETF
2024-04-03,2120800.6285441066,0.0,2120800.6285441066,0.0,False,liquidate,-0.18240721108002939,9,沪深300;创业板;纳指;黄金;国债ETF;消费ETF;有色ETF;科技ETF;军工ETF,沪深300;创业板;纳指;黄金;国债ETF,消费ETF;有色ETF;科技ETF;军工ETF
2024-04-08,2120968.9460543087,0.0,2120968.9460543087,0.0,False,liquidate,-0.18234232276344836,7,沪深300;创业板;纳指;黄金;国债ETF;消费ETF;有色ETF,沪深300;创业板;纳指;黄金;国债ETF,消费ETF;有色ETF
2024-04-09,2121137.276923043,0.0,2121137.276923043,0.0,False,liquidate,-0.182277429297001,7,沪深300;创业板;纳指;黄金;国债ETF;消费ETF;有色ETF,沪深300;创业板;纳指;黄金;国债ETF,消费ETF;有色ETF
2024-04-10,2121305.6211513705,0.0,2121305.6211513705,0.0,False,liquidate,-0.1822125306802785,6,沪深300;创业板;纳指;黄金;国债ETF;有色ETF,沪深300;创业板;纳指;黄金;国债ETF,有色ETF
2024-04-11,2121473.978740351,0.0,2121473.978740351,0.0,False,liquidate,-0.18214762691287217,6,沪深300;创业板;纳指;黄金;国债ETF;有色ETF,沪深300;创业板;纳指;黄金;国债ETF,有色ETF
2024-04-12,2121642.3496910445,0.0,2121642.3496910445,0.0,False,liquidate,-0.18208271799437317,6,沪深300;创业板;纳指;黄金;国债ETF;有色ETF,沪深300;创业板;纳指;黄金;国债ETF,有色ETF
2024-04-15,2121810.734004512,0.0,2121810.734004512,0.0,False,liquidate,-0.18201780392437278,6,沪深300;创业板;纳指;黄金;国债ETF;有色ETF,沪深300;创业板;纳指;黄金;国债ETF,有色ETF
2024-04-16,2121979.131681814,0.0,2121979.131681814,0.0,False,liquidate,-0.18195288470246201,5,沪深300;创业板;黄金;国债ETF;有色ETF,沪深300;创业板;黄金;国债ETF,有色ETF
2024-04-17,2122147.542724011,0.0,2122147.542724011,0.0,False,liquidate,-0.18188796032823198,5,沪深300;创业板;黄金;国债ETF;有色ETF,沪深300;创业板;黄金;国债ETF,有色ETF
2024-04-18,2122315.9671321637,0.0,2122315.9671321637,0.0,False,liquidate,-0.1818230308012739,6,沪深300;创业板;纳指;黄金;国债ETF;有色ETF,沪深300;创业板;纳指;黄金;国债ETF,有色ETF
2024-04-19,2122484.404907333,0.0,2122484.404907333,0.0,False,liquidate,-0.18175809612117866,4,沪深300;黄金;国债ETF;有色ETF,沪深300;黄金;国债ETF,有色ETF
2024-04-22,2122652.85605058,0.0,2122652.85605058,0.0,False,liquidate,-0.1816931562875375,6,沪深300;黄金;国债ETF;消费ETF;有色ETF;军工ETF,沪深300;黄金;国债ETF,消费ETF;有色ETF;军工ETF
2024-04-23,2122821.320562965,0.0,2122821.320562965,0.0,False,liquidate,-0.18162821129994128,6,沪深300;创业板;黄金;国债ETF;消费ETF;有色ETF,沪深300;创业板;黄金;国债ETF,消费ETF;有色ETF
2024-04-24,2122989.7984455493,0.0,2122989.7984455493,0.0,False,liquidate,-0.18156326115798088,6,沪深300;黄金;国债ETF;消费ETF;有色ETF;军工ETF,沪深300;黄金;国债ETF,消费ETF;有色ETF;军工ETF
2024-04-25,2123158.2896993943,0.0,2123158.2896993943,0.0,False,liquidate,-0.18149830586124738,6,沪深300;创业板;黄金;国债ETF;消费ETF;有色ETF,沪深300;创业板;黄金;国债ETF,消费ETF;有色ETF
2024-04-26,2123326.794325561,0.0,2123326.794325561,0.0,False,liquidate,-0.18143334540933162,8,沪深300;创业板;黄金;国债ETF;消费ETF;证券ETF;有色ETF;军工ETF,沪深300;创业板;黄金;国债ETF,消费ETF;证券ETF;有色ETF;军工ETF
2024-04-29,2123495.3123251107,0.0,2123495.3123251107,0.0,False,liquidate,-0.18136837980182435,10,沪深300;创业板;黄金;国债ETF;消费ETF;医药ETF;证券ETF;有色ETF;科技ETF;军工ETF,沪深300;创业板;黄金;国债ETF,消费ETF;医药ETF;证券ETF;有色ETF;科技ETF;军工ETF
2024-04-30,2123663.8436991046,0.0,2123663.8436991046,0.0,False,liquidate,-0.1813034090383166,10,沪深300;创业板;黄金;国债ETF;消费ETF;医药ETF;证券ETF;有色ETF;科技ETF;军工ETF,沪深300;创业板;黄金;国债ETF,消费ETF;医药ETF;证券ETF;有色ETF;科技ETF;军工ETF
2024-05-06,2123832.388448605,0.0,2123832.388448605,0.0,False,liquidate,-0.18123843311839888,10,沪深300;创业板;黄金;国债ETF;消费ETF;医药ETF;证券ETF;有色ETF;科技ETF;军工ETF,沪深300;创业板;黄金;国债ETF,消费ETF;医药ETF;证券ETF;有色ETF;科技ETF;军工ETF
2024-05-07,2124000.946574672,0.0,2124000.946574672,0.0,False,liquidate,-0.18117345204166227,10,沪深300;创业板;黄金;国债ETF;消费ETF;医药ETF;证券ETF;有色ETF;科技ETF;军工ETF,沪深300;创业板;黄金;国债ETF,消费ETF;医药ETF;证券ETF;有色ETF;科技ETF;军工ETF
2024-05-08,2124169.5180783686,0.0,2124169.5180783686,0.0,False,liquidate,-0.1811084658076973,9,沪深300;创业板;纳指;黄金;国债ETF;消费ETF;医药ETF;有色ETF;军工ETF,沪深300;创业板;纳指;黄金;国债ETF,消费ETF;医药ETF;有色ETF;军工ETF
2024-05-09,2124338.102960756,0.0,2124338.102960756,0.0,False,liquidate,-0.1810434744160946,10,沪深300;创业板;黄金;国债ETF;消费ETF;医药ETF;证券ETF;有色ETF;科技ETF;军工ETF,沪深300;创业板;黄金;国债ETF,消费ETF;医药ETF;证券ETF;有色ETF;科技ETF;军工ETF
2024-05-10,2124506.701222896,0.0,2124506.701222896,0.0,False,liquidate,-0.180978477866445,9,沪深300;纳指;黄金;国债ETF;消费ETF;医药ETF;证券ETF;有色ETF;军工ETF,沪深300;纳指;黄金;国债ETF,消费ETF;医药ETF;证券ETF;有色ETF;军工ETF
2024-05-13,2124675.3128658505,0.0,2124675.3128658505,0.0,False,liquidate,-0.18091347615833908,9,沪深300;纳指;黄金;国债ETF;消费ETF;医药ETF;证券ETF;有色ETF;军工ETF,沪深300;纳指;黄金;国债ETF,消费ETF;医药ETF;证券ETF;有色ETF;军工ETF
2024-05-14,2124843.9378906814,0.0,2124843.9378906814,0.0,False,liquidate,-0.1808484692913674,8,沪深300;黄金;国债ETF;消费ETF;医药ETF;证券ETF;有色ETF;军工ETF,沪深300;黄金;国债ETF,消费ETF;医药ETF;证券ETF;有色ETF;军工ETF
2024-05-15,2125012.5762984506,0.0,2125012.5762984506,0.0,False,liquidate,-0.18078345726512066,8,沪深300;纳指;黄金;国债ETF;消费ETF;医药ETF;有色ETF;军工ETF,沪深300;纳指;黄金;国债ETF,消费ETF;医药ETF;有色ETF;军工ETF
2024-05-16,2125181.2280902206,0.0,2125181.2280902206,0.0,False,liquidate,-0.18071844007918922,8,沪深300;纳指;黄金;国债ETF;消费ETF;医药ETF;有色ETF;军工ETF,沪深300;纳指;黄金;国债ETF,消费ETF;医药ETF;有色ETF;军工ETF
2024-05-17,2125349.893267053,0.0,2125349.893267053,0.0,False,liquidate,-0.18065341773316373,9,沪深300;纳指;黄金;国债ETF;消费ETF;医药ETF;证券ETF;有色ETF;军工ETF,沪深300;纳指;黄金;国债ETF,消费ETF;医药ETF;证券ETF;有色ETF;军工ETF
2024-05-20,2125518.571830011,0.0,2125518.571830011,0.0,False,liquidate,-0.1805883902266346,9,沪深300;纳指;黄金;国债ETF;消费ETF;医药ETF;证券ETF;有色ETF;军工ETF,沪深300;纳指;黄金;国债ETF,消费ETF;医药ETF;证券ETF;有色ETF;军工ETF
2024-05-21,2125687.263780156,0.0,2125687.263780156,0.0,False,liquidate,-0.18052335755919227,9,沪深300;纳指;黄金;国债ETF;消费ETF;医药ETF;证券ETF;有色ETF;军工ETF,沪深300;纳指;黄金;国债ETF,消费ETF;医药ETF;证券ETF;有色ETF;军工ETF
2024-05-22,2125855.9691185514,0.0,2125855.9691185514,0.0,False,liquidate,-0.18045831973042714,9,沪深300;纳指;黄金;国债ETF;消费ETF;医药ETF;证券ETF;有色ETF;军工ETF,沪深300;纳指;黄金;国债ETF,消费ETF;医药ETF;证券ETF;有色ETF;军工ETF
2024-05-23,2126024.687846259,0.0,2126024.687846259,0.0,False,liquidate,-0.18039327673992955,6,沪深300;纳指;黄金;国债ETF;消费ETF;军工ETF,沪深300;纳指;黄金;国债ETF,消费ETF;军工ETF
2024-05-24,2126193.4199643424,0.0,2126193.4199643424,0.0,False,liquidate,-0.1803282285872898,5,沪深300;纳指;黄金;国债ETF;消费ETF,沪深300;纳指;黄金;国债ETF,消费ETF
2024-05-27,2126362.1654738635,0.0,2126362.1654738635,0.0,False,liquidate,-0.18026317527209829,5,沪深300;纳指;黄金;国债ETF;消费ETF,沪深300;纳指;黄金;国债ETF,消费ETF
2024-05-28,2126530.924375885,0.0,2126530.924375885,0.0,False,liquidate,-0.1801981167939453,6,沪深300;创业板;纳指;黄金;国债ETF;消费ETF,沪深300;创业板;纳指;黄金;国债ETF,消费ETF
2024-05-29,2126699.6966714705,0.0,2126699.6966714705,0.0,False,liquidate,-0.180133053152421,7,沪深300;创业板;纳指;黄金;国债ETF;消费ETF;有色ETF,沪深300;创业板;纳指;黄金;国债ETF,消费ETF;有色ETF
2024-05-30,2126868.4823616827,0.0,2126868.4823616827,0.0,False,liquidate,-0.1800679843471156,6,沪深300;创业板;纳指;黄金;国债ETF;军工ETF,沪深300;创业板;纳指;黄金;国债ETF,军工ETF
2024-05-31,2127037.2814475843,0.0,2127037.2814475843,0.0,False,liquidate,-0.1800029103776194,4,纳指;黄金;国债ETF;军工ETF,纳指;黄金;国债ETF,军工ETF
2024-06-03,2127206.093930239,901490.9435544744,1225715.1503757644,0.5,False,halve,-0.17993783124352236,5,沪深300;纳指;黄金;国债ETF;军工ETF,沪深300;纳指;黄金;国债ETF,军工ETF
2024-06-04,2136308.276897098,922159.4864854981,1214148.7904116,0.5,False,halve,-0.17642883607586113,6,沪深300;创业板;纳指;黄金;国债ETF;军工ETF,沪深300;创业板;纳指;黄金;国债ETF,军工ETF
2024-06-05,2142484.810350576,1071242.405175288,1071242.405175288,0.5,False,halve,-0.17404771210592285,6,沪深300;创业板;纳指;国债ETF;科技ETF;军工ETF,沪深300;创业板;纳指;国债ETF,科技ETF;军工ETF
2024-06-06,2130080.741353561,915373.9993466437,1214706.7420069175,0.5,False,halve,-0.17882962193220717,6,沪深300;创业板;纳指;黄金;国债ETF;军工ETF,沪深300;创业板;纳指;黄金;国债ETF,军工ETF
2024-06-07,2134254.536402647,943305.991517227,1190948.5448854198,0.5,False,halve,-0.17722057641956745,6,沪深300;创业板;纳指;黄金;国债ETF;军工ETF,沪深300;创业板;纳指;黄金;国债ETF,军工ETF
2024-06-11,2143761.2001679605,1179998.5087753767,963762.6913925838,0.5,False,halve,-0.17355564929884,6,沪深300;创业板;纳指;国债ETF;科技ETF;军工ETF,沪深300;创业板;纳指;国债ETF,科技ETF;军工ETF
2024-06-12,2144273.611665207,1217365.3892829414,926908.2223822656,0.5,False,halve,-0.17335810883253222,6,沪深300;创业板;纳指;国债ETF;科技ETF;军工ETF,沪深300;创业板;纳指;国债ETF,科技ETF;军工ETF
2024-06-13,2147580.6167819696,1256038.737867373,891541.8789145965,0.5,False,halve,-0.17208322070773824,4,纳指;国债ETF;科技ETF;军工ETF,纳指;国债ETF,科技ETF;军工ETF
2024-06-14,2146994.465844245,1294709.466470137,852284.9993741082,0.5,False,halve,-0.172309188567919,6,沪深300;创业板;纳指;国债ETF;科技ETF;军工ETF,沪深300;创业板;纳指;国债ETF,科技ETF;军工ETF
2024-06-17,2152600.4985822523,1333660.6179936677,818939.8805885846,0.5,False,halve,-0.17014799911929535,5,创业板;纳指;国债ETF;科技ETF;军工ETF,创业板;纳指;国债ETF,科技ETF;军工ETF
2024-06-18,2156949.8464632714,1375876.9486192432,781072.8978440282,0.5,False,halve,-0.16847127599116862,5,创业板;纳指;国债ETF;科技ETF;军工ETF,创业板;纳指;国债ETF,科技ETF;军工ETF
2024-06-19,2141134.973452814,1353248.2867639305,787886.6866888835,0.5,False,halve,-0.17456808959873127,5,沪深300;创业板;纳指;国债ETF;科技ETF,沪深300;创业板;纳指;国债ETF,科技ETF
2024-06-20,2125219.0956699983,0.0,2125219.0956699983,0.0,False,liquidate,-0.18070384169603926,3,创业板;纳指;国债ETF,创业板;纳指;国债ETF,
2024-06-21,2125387.7638521944,0.0,2125387.7638521944,0.0,False,liquidate,-0.18063881819141195,5,沪深300;创业板;纳指;黄金;国债ETF,沪深300;创业板;纳指;黄金;国债ETF,
2024-06-24,2125556.445420754,0.0,2125556.445420754,0.0,False,liquidate,-0.18057378952618902,3,纳指;黄金;国债ETF,纳指;黄金;国债ETF,
2024-06-25,2125725.14037674,0.0,2125725.14037674,0.0,False,liquidate,-0.18050875569996086,3,纳指;黄金;国债ETF,纳指;黄金;国债ETF,
2024-06-26,2125893.8487212146,0.0,2125893.8487212146,0.0,False,liquidate,-0.18044371671231796,2,纳指;国债ETF,纳指;国债ETF,
2024-06-27,2126062.57045524,0.0,2126062.57045524,0.0,False,liquidate,-0.18037867256285067,2,纳指;国债ETF,纳指;国债ETF,
2024-06-28,2126231.3055798793,0.0,2126231.3055798793,0.0,False,liquidate,-0.18031362325114936,3,纳指;黄金;国债ETF,纳指;黄金;国债ETF,
2024-07-01,2126400.0540961954,0.0,2126400.0540961954,0.0,False,liquidate,-0.18024856877680412,3,纳指;黄金;国债ETF,纳指;黄金;国债ETF,
2024-07-02,2126568.816005251,0.0,2126568.816005251,0.0,False,liquidate,-0.18018350913940537,3,纳指;黄金;国债ETF,纳指;黄金;国债ETF,
2024-07-03,2126737.5913081085,0.0,2126737.5913081085,0.0,False,liquidate,-0.18011844433854338,3,纳指;黄金;国债ETF,纳指;黄金;国债ETF,
2024-07-04,2126906.3800058314,0.0,2126906.3800058314,0.0,False,liquidate,-0.18005337437380836,3,纳指;黄金;国债ETF,纳指;黄金;国债ETF,
2024-07-05,2127075.1820994825,0.0,2127075.1820994825,0.5,False,halve,-0.17998829924479046,3,纳指;黄金;国债ETF,纳指;黄金;国债ETF,
2024-07-08,2127243.9975901255,0.0,2127243.9975901255,0.5,False,halve,-0.17992321895107963,3,纳指;黄金;国债ETF,纳指;黄金;国债ETF,
2024-07-09,2127412.826478823,0.0,2127412.826478823,0.5,False,halve,-0.17985813349226626,3,纳指;黄金;国债ETF,纳指;黄金;国债ETF,
2024-07-10,2127581.6687666387,0.0,2127581.6687666387,0.5,False,halve,-0.1797930428679403,3,纳指;黄金;国债ETF,纳指;黄金;国债ETF,
2024-07-11,2127750.524454636,1063875.262227318,1063875.262227318,0.5,False,halve,-0.17972794707769174,4,纳指;国债ETF;有色ETF;科技ETF,纳指;国债ETF,有色ETF;科技ETF
2024-07-12,2118209.4209124385,0.0,2118209.4209124385,0.0,False,liquidate,-0.18340615112452593,4,纳指;黄金;国债ETF;科技ETF,纳指;黄金;国债ETF,科技ETF
2024-07-15,2118377.5327712414,0.0,2118377.5327712414,0.0,False,liquidate,-0.1833413420889008,3,纳指;国债ETF;有色ETF,纳指;国债ETF,有色ETF
2024-07-16,2118545.6579722553,0.0,2118545.6579722553,0.0,False,liquidate,-0.1832765279097014,5,纳指;黄金;国债ETF;有色ETF;科技ETF,纳指;黄金;国债ETF,有色ETF;科技ETF
2024-07-17,2118713.796516539,0.0,2118713.796516539,0.0,False,liquidate,-0.18321170858651953,4,纳指;黄金;国债ETF;科技ETF,纳指;黄金;国债ETF,科技ETF
2024-07-18,2118881.9484051517,0.0,2118881.9484051517,0.0,False,liquidate,-0.18314688411894695,4,纳指;黄金;国债ETF;科技ETF,纳指;黄金;国债ETF,科技ETF
2024-07-19,2119050.113639152,0.0,2119050.113639152,0.0,False,liquidate,-0.18308205450657541,6,纳指;黄金;国债ETF;医药ETF;科技ETF;军工ETF,纳指;黄金;国债ETF,医药ETF;科技ETF;军工ETF
2024-07-22,2119218.2922195997,0.0,2119218.2922195997,0.0,False,liquidate,-0.18301721974899657,6,纳指;黄金;国债ETF;医药ETF;科技ETF;军工ETF,纳指;黄金;国债ETF,医药ETF;科技ETF;军工ETF
2024-07-23,2119386.484147554,0.0,2119386.484147554,0.0,False,liquidate,-0.18295237984580198,3,纳指;黄金;国债ETF,纳指;黄金;国债ETF,
2024-07-24,2119554.6894240733,0.0,2119554.6894240733,0.0,False,liquidate,-0.18288753479658346,3,纳指;黄金;国债ETF,纳指;黄金;国债ETF,
2024-07-25,2119722.908050218,0.0,2119722.908050218,0.0,False,liquidate,-0.18282268460093237,3,纳指;黄金;国债ETF,纳指;黄金;国债ETF,
2024-07-26,2119891.1400270476,0.0,2119891.1400270476,0.0,False,liquidate,-0.18275782925844034,5,纳指;黄金;国债ETF;证券ETF;军工ETF,纳指;黄金;国债ETF,证券ETF;军工ETF
2024-07-29,2120059.385355621,0.0,2120059.385355621,0.0,False,liquidate,-0.18269296876869898,4,纳指;黄金;国债ETF;军工ETF,纳指;黄金;国债ETF,军工ETF
2024-07-30,2120227.6440369985,0.0,2120227.6440369985,0.0,False,liquidate,-0.18262810313129968,4,纳指;黄金;国债ETF;军工ETF,纳指;黄金;国债ETF,军工ETF
2024-07-31,2120395.9160722396,0.0,2120395.9160722396,0.0,False,liquidate,-0.18256323234583388,6,纳指;黄金;国债ETF;医药ETF;证券ETF;军工ETF,纳指;黄金;国债ETF,医药ETF;证券ETF;军工ETF
2024-08-01,2120564.2014624043,0.0,2120564.2014624043,0.0,False,liquidate,-0.18249835641189296,5,纳指;黄金;国债ETF;证券ETF;军工ETF,纳指;黄金;国债ETF,证券ETF;军工ETF
2024-08-02,2120732.5002085525,0.0,2120732.5002085525,0.0,False,liquidate,-0.1824334753290684,6,纳指;黄金;国债ETF;医药ETF;证券ETF;军工ETF,纳指;黄金;国债ETF,医药ETF;证券ETF;军工ETF
2024-08-05,2120900.812311744,0.0,2120900.812311744,0.0,False,liquidate,-0.18236858909695156,5,黄金;国债ETF;医药ETF;证券ETF;军工ETF,黄金;国债ETF,医药ETF;证券ETF;军工ETF
2024-08-06,2121069.1377730384,0.0,2121069.1377730384,0.0,False,liquidate,-0.18230369771513388,5,黄金;国债ETF;医药ETF;证券ETF;军工ETF,黄金;国债ETF,医药ETF;证券ETF;军工ETF
2024-08-07,2121237.4765934967,0.0,2121237.4765934967,0.0,False,liquidate,-0.18223880118320643,5,黄金;国债ETF;医药ETF;证券ETF;军工ETF,黄金;国债ETF,医药ETF;证券ETF;军工ETF
2024-08-08,2121405.828774179,0.0,2121405.828774179,0.0,False,liquidate,-0.18217389950076063,5,黄金;国债ETF;医药ETF;证券ETF;军工ETF,黄金;国债ETF,医药ETF;证券ETF;军工ETF
2024-08-09,2121574.194316145,0.0,2121574.194316145,0.0,False,liquidate,-0.18210899266738767,4,黄金;国债ETF;医药ETF;证券ETF,黄金;国债ETF,医药ETF;证券ETF
2024-08-12,2121742.573220456,0.0,2121742.573220456,0.0,False,liquidate,-0.1820440806826787,4,黄金;国债ETF;医药ETF;证券ETF,黄金;国债ETF,医药ETF;证券ETF
2024-08-13,2121910.965488172,0.0,2121910.965488172,0.0,False,liquidate,-0.18197916354622484,4,黄金;国债ETF;医药ETF;证券ETF,黄金;国债ETF,医药ETF;证券ETF
2024-08-14,2122079.3711203537,0.0,2122079.3711203537,0.0,False,liquidate,-0.1819142412576174,3,黄金;国债ETF;证券ETF,黄金;国债ETF,证券ETF
2024-08-15,2122247.790118062,0.0,2122247.790118062,0.0,False,liquidate,-0.18184931381644728,3,黄金;国债ETF;证券ETF,黄金;国债ETF,证券ETF
2024-08-16,2122416.222482357,0.0,2122416.222482357,0.0,False,liquidate,-0.18178438122230567,4,纳指;黄金;国债ETF;证券ETF,纳指;黄金;国债ETF,证券ETF
2024-08-19,2122584.6682143,0.0,2122584.6682143,0.0,False,liquidate,-0.18171944347478364,4,纳指;黄金;国债ETF;证券ETF,纳指;黄金;国债ETF,证券ETF
2024-08-20,2122753.127314952,0.0,2122753.127314952,0.0,False,liquidate,-0.18165450057347207,4,纳指;黄金;国债ETF;证券ETF,纳指;黄金;国债ETF,证券ETF
2024-08-21,2122921.599785374,0.0,2122921.599785374,0.0,False,liquidate,-0.18158955251796205,4,纳指;黄金;国债ETF;证券ETF,纳指;黄金;国债ETF,证券ETF
2024-08-22,2123090.085626627,0.0,2123090.085626627,0.0,False,liquidate,-0.1815245993078444,2,黄金;国债ETF,黄金;国债ETF,
2024-08-23,2123258.584839772,0.0,2123258.584839772,0.0,False,liquidate,-0.18145964094271005,3,黄金;国债ETF;证券ETF,黄金;国债ETF,证券ETF
2024-08-26,2123427.0974258706,0.0,2123427.0974258706,0.0,False,liquidate,-0.18139467742214987,2,黄金;国债ETF,黄金;国债ETF,
2024-08-27,2123595.623385984,0.0,2123595.623385984,0.0,False,liquidate,-0.18132970874575471,2,黄金;国债ETF,黄金;国债ETF,
2024-08-28,2123764.1627211734,0.0,2123764.1627211734,0.0,False,liquidate,-0.18126473491311548,2,黄金;国债ETF,黄金;国债ETF,
2024-08-29,2123932.7154325005,0.0,2123932.7154325005,0.0,False,liquidate,-0.18119975592382287,2,黄金;国债ETF,黄金;国债ETF,
2024-08-30,2124101.281521027,0.0,2124101.281521027,0.0,False,liquidate,-0.18113477177746756,3,黄金;国债ETF;证券ETF,黄金;国债ETF,证券ETF
2024-09-02,2124269.8609878146,0.0,2124269.8609878146,0.0,False,liquidate,-0.18106978247364028,2,黄金;国债ETF,黄金;国债ETF,
2024-09-03,2124438.453833925,0.0,2124438.453833925,0.0,False,liquidate,-0.1810047880119317,2,黄金;国债ETF,黄金;国债ETF,
2024-09-04,2124607.06006042,0.0,2124607.06006042,0.0,False,liquidate,-0.18093978839193256,2,黄金;国债ETF,黄金;国债ETF,
2024-09-05,2124775.6796683613,0.0,2124775.6796683613,0.0,False,liquidate,-0.18087478361323353,3,黄金;国债ETF;证券ETF,黄金;国债ETF,证券ETF
2024-09-06,2124944.3126588115,0.0,2124944.3126588115,0.0,False,liquidate,-0.18080977367542495,3,黄金;国债ETF;证券ETF,黄金;国债ETF,证券ETF
2024-09-09,2125112.959032832,0.0,2125112.959032832,0.0,False,liquidate,-0.18074475857809755,2,国债ETF;证券ETF,国债ETF,证券ETF
2024-09-10,2125281.6187914857,0.0,2125281.6187914857,0.0,False,liquidate,-0.1806797383208418,2,国债ETF;证券ETF,国债ETF,证券ETF
2024-09-11,2125450.291935834,0.0,2125450.291935834,0.0,False,liquidate,-0.18061471290324826,2,国债ETF;证券ETF,国债ETF,证券ETF
2024-09-12,2125618.97846694,0.0,2125618.97846694,0.0,False,liquidate,-0.18054968232490726,2,黄金;国债ETF,黄金;国债ETF,
2024-09-13,2125787.6783858663,0.0,2125787.6783858663,0.0,False,liquidate,-0.1804846465854091,3,黄金;国债ETF;证券ETF,黄金;国债ETF,证券ETF
2024-09-18,2125956.391693675,0.0,2125956.391693675,0.0,False,liquidate,-0.18041960568434437,3,黄金;国债ETF;证券ETF,黄金;国债ETF,证券ETF
2024-09-19,2126125.1183914286,0.0,2126125.1183914286,0.0,False,liquidate,-0.1803545596213034,3,黄金;国债ETF;证券ETF,黄金;国债ETF,证券ETF
2024-09-20,2126293.85848019,0.0,2126293.85848019,0.0,False,liquidate,-0.18028950839587646,4,纳指;黄金;国债ETF;证券ETF,纳指;黄金;国债ETF,证券ETF
2024-09-23,2126462.6119610216,0.0,2126462.6119610216,0.0,False,liquidate,-0.18022445200765397,4,纳指;黄金;国债ETF;证券ETF,纳指;黄金;国债ETF,证券ETF
2024-09-24,2126631.3788349866,0.0,2126631.3788349866,0.0,False,liquidate,-0.18015939045622606,5,纳指;黄金;国债ETF;证券ETF;有色ETF,纳指;黄金;国债ETF,证券ETF;有色ETF
2024-09-25,2126800.159103148,0.0,2126800.159103148,0.0,False,liquidate,-0.18009432374118287,9,沪深300;创业板;纳指;黄金;国债ETF;医药ETF;证券ETF;有色ETF;科技ETF,沪深300;创业板;纳指;黄金;国债ETF,医药ETF;证券ETF;有色ETF;科技ETF
2024-09-26,2126968.9527665693,0.0,2126968.9527665693,0.0,False,liquidate,-0.1800292518621146,11,沪深300;创业板;纳指;黄金;国债ETF;消费ETF;医药ETF;证券ETF;有色ETF;科技ETF;军工ETF,沪深300;创业板;纳指;黄金;国债ETF,消费ETF;医药ETF;证券ETF;有色ETF;科技ETF;军工ETF
2024-09-27,2127137.759826313,591071.2838547694,1536066.4759715432,0.5,False,halve,-0.17996417481861157,10,沪深300;创业板;黄金;国债ETF;消费ETF;医药ETF;证券ETF;有色ETF;科技ETF;军工ETF,沪深300;创业板;黄金;国债ETF,消费ETF;医药ETF;证券ETF;有色ETF;科技ETF;军工ETF
2024-09-30,2185635.077934905,459142.57324945944,1726492.5046854455,0.33646374716600375,False,halve,-0.15741279265989588,10,沪深300;创业板;纳指;黄金;消费ETF;医药ETF;证券ETF;有色ETF;科技ETF;军工ETF,沪深300;创业板;纳指;黄金,消费ETF;医药ETF;证券ETF;有色ETF;科技ETF;军工ETF
2024-10-08,2217470.929591133,441682.1173593738,1775788.812231759,0.2968136336131876,False,halve,-0.1451397093757184,10,沪深300;创业板;纳指;黄金;消费ETF;医药ETF;证券ETF;有色ETF;科技ETF;军工ETF,沪深300;创业板;纳指;黄金,消费ETF;医药ETF;证券ETF;有色ETF;科技ETF;军工ETF
2024-10-09,2188426.2813079953,374525.2539538045,1813901.0273541908,0.2868655502442881,False,halve,-0.1563367519800068,11,沪深300;创业板;纳指;黄金;国债ETF;消费ETF;医药ETF;证券ETF;有色ETF;科技ETF;军工ETF,沪深300;创业板;纳指;黄金;国债ETF,消费ETF;医药ETF;证券ETF;有色ETF;科技ETF;军工ETF
2024-10-10,2186099.598310859,382985.30843163654,1803114.2898792224,0.29549993560191734,False,halve,-0.15723371476611617,11,沪深300;创业板;纳指;黄金;国债ETF;消费ETF;医药ETF;证券ETF;有色ETF;科技ETF;军工ETF,沪深300;创业板;纳指;黄金;国债ETF,消费ETF;医药ETF;证券ETF;有色ETF;科技ETF;军工ETF
2024-10-11,2173259.7170329033,375421.9670981169,1797837.7499347865,0.2978868753825464,False,halve,-0.16218363518869336,11,沪深300;创业板;纳指;黄金;国债ETF;消费ETF;医药ETF;证券ETF;有色ETF;科技ETF;军工ETF,沪深300;创业板;纳指;黄金;国债ETF,消费ETF;医药ETF;证券ETF;有色ETF;科技ETF;军工ETF
2024-10-14,2180665.072323791,387393.5056498258,1793271.5666739654,0.30635859447640706,False,halve,-0.1593287864095431,11,沪深300;创业板;纳指;黄金;国债ETF;消费ETF;医药ETF;证券ETF;有色ETF;科技ETF;军工ETF,沪深300;创业板;纳指;黄金;国债ETF,消费ETF;医药ETF;证券ETF;有色ETF;科技ETF;军工ETF
2024-10-15,2170491.462327416,386347.84447034687,1784143.6178570692,0.3124583787870834,False,halve,-0.16325082889593678,11,沪深300;创业板;纳指;黄金;国债ETF;消费ETF;医药ETF;证券ETF;有色ETF;科技ETF;军工ETF,沪深300;创业板;纳指;黄金;国债ETF,消费ETF;医药ETF;证券ETF;有色ETF;科技ETF;军工ETF
2024-10-16,2167133.1355668097,395637.1396182622,1771495.9959485475,0.3204264309508722,False,halve,-0.16454550209876098,11,沪深300;创业板;纳指;黄金;国债ETF;消费ETF;医药ETF;证券ETF;有色ETF;科技ETF;军工ETF,沪深300;创业板;纳指;黄金;国债ETF,消费ETF;医药ETF;证券ETF;有色ETF;科技ETF;军工ETF
2024-10-17,2164843.49870385,406291.25413766096,1758552.2445661891,0.330140058243177,False,halve,-0.16542818317835228,11,沪深300;创业板;纳指;黄金;国债ETF;消费ETF;医药ETF;证券ETF;有色ETF;科技ETF;军工ETF,沪深300;创业板;纳指;黄金;国债ETF,消费ETF;医药ETF;证券ETF;有色ETF;科技ETF;军工ETF
2024-10-18,2184457.495055529,404242.53009176574,1780214.964963763,0.3296198542897658,False,halve,-0.15786676426739887,11,沪深300;创业板;纳指;黄金;国债ETF;消费ETF;医药ETF;证券ETF;有色ETF;科技ETF;军工ETF,沪深300;创业板;纳指;黄金;国债ETF,消费ETF;医药ETF;证券ETF;有色ETF;科技ETF;军工ETF
2024-10-21,2189236.5456589847,417680.49700908654,1771556.0486498983,0.2620123500139549,False,halve,-0.15602438584734368,10,沪深300;创业板;黄金;国债ETF;消费ETF;医药ETF;证券ETF;有色ETF;科技ETF;军工ETF,沪深300;创业板;黄金;国债ETF,消费ETF;医药ETF;证券ETF;有色ETF;科技ETF;军工ETF
2024-10-22,2190061.8216521004,430570.8825416452,1759490.939110455,0.3504011309943764,False,halve,-0.1557062325557241,11,沪深300;创业板;纳指;黄金;国债ETF;消费ETF;医药ETF;证券ETF;有色ETF;科技ETF;军工ETF,沪深300;创业板;纳指;黄金;国债ETF,消费ETF;医药ETF;证券ETF;有色ETF;科技ETF;军工ETF
2024-10-23,2191988.922964814,444380.35604824,1747608.5669165743,0.2783634893816669,False,halve,-0.1549633130584423,10,沪深300;创业板;黄金;国债ETF;消费ETF;医药ETF;证券ETF;有色ETF;科技ETF;军工ETF,沪深300;创业板;黄金;国债ETF,消费ETF;医药ETF;证券ETF;有色ETF;科技ETF;军工ETF
2024-10-24,2186168.268216495,451353.91250108875,1734814.3557154061,0.28423584483290804,False,halve,-0.1572072417356445,10,沪深300;创业板;黄金;国债ETF;消费ETF;医药ETF;证券ETF;有色ETF;科技ETF;军工ETF,沪深300;创业板;黄金;国债ETF,消费ETF;医药ETF;证券ETF;有色ETF;科技ETF;军工ETF
2024-10-25,2190459.0545756877,466260.59883680043,1724198.4557388872,0.2926126546488513,False,halve,-0.15555309474094067,10,沪深300;创业板;黄金;国债ETF;消费ETF;医药ETF;证券ETF;有色ETF;科技ETF;军工ETF,沪深300;创业板;黄金;国债ETF,消费ETF;医药ETF;证券ETF;有色ETF;科技ETF;军工ETF
2024-10-28,2194877.96346181,481703.35782107216,1713174.6056407376,0.3888128861770025,False,halve,-0.15384955505335204,11,沪深300;创业板;纳指;黄金;国债ETF;消费ETF;医药ETF;证券ETF;有色ETF;科技ETF;军工ETF,沪深300;创业板;纳指;黄金;国债ETF,消费ETF;医药ETF;证券ETF;有色ETF;科技ETF;军工ETF
2024-10-29,2188049.5623890366,487818.1430631637,1700231.419325873,0.3978272262473915,False,halve,-0.15648198141244138,11,沪深300;创业板;纳指;黄金;国债ETF;消费ETF;医药ETF;证券ETF;有色ETF;科技ETF;军工ETF,沪深300;创业板;纳指;黄金;国债ETF,消费ETF;医药ETF;证券ETF;有色ETF;科技ETF;军工ETF
2024-10-30,2184856.144046158,499873.47124353115,1684982.6728026269,0.40991816618142674,False,halve,-0.157713080542648,11,沪深300;创业板;纳指;黄金;国债ETF;消费ETF;医药ETF;证券ETF;有色ETF;科技ETF;军工ETF,沪深300;创业板;纳指;黄金;国债ETF,消费ETF;医药ETF;证券ETF;有色ETF;科技ETF;军工ETF
2024-10-31,2187762.107286707,516227.34170450136,1671534.7655822057,0.42071498849398353,False,halve,-0.15659279862724212,11,沪深300;创业板;纳指;黄金;国债ETF;消费ETF;医药ETF;证券ETF;有色ETF;科技ETF;军工ETF,沪深300;创业板;纳指;黄金;国债ETF,消费ETF;医药ETF;证券ETF;有色ETF;科技ETF;军工ETF
2024-11-01,2187123.1597393765,531517.5399404324,1655605.619798944,0.4290385286919611,False,halve,-0.15683912018154786,11,沪深300;创业板;纳指;黄金;国债ETF;消费ETF;医药ETF;证券ETF;有色ETF;科技ETF;军工ETF,沪深300;创业板;纳指;黄金;国债ETF,消费ETF;医药ETF;证券ETF;有色ETF;科技ETF;军工ETF
2024-11-04,2196846.8432793124,545893.5103735174,1650953.332905795,0.44072795023697575,False,halve,-0.1530905294668002,11,沪深300;创业板;纳指;黄金;国债ETF;消费ETF;医药ETF;证券ETF;有色ETF;科技ETF;军工ETF,沪深300;创业板;纳指;黄金;国债ETF,消费ETF;医药ETF;证券ETF;有色ETF;科技ETF;军工ETF
2024-11-05,2218618.073303421,540089.8953005307,1678528.1780028902,0.44550136601088924,False,halve,-0.14469747241369638,11,沪深300;创业板;纳指;黄金;国债ETF;消费ETF;医药ETF;证券ETF;有色ETF;科技ETF;军工ETF,沪深300;创业板;纳指;黄金;国债ETF,消费ETF;医药ETF;证券ETF;有色ETF;科技ETF;军工ETF
2024-11-06,2219089.2319178227,556255.6256867017,1662833.6062311209,0.4594939640618257,False,halve,-0.14451583540341464,11,沪深300;创业板;纳指;黄金;国债ETF;消费ETF;医药ETF;证券ETF;有色ETF;科技ETF;军工ETF,沪深300;创业板;纳指;黄金;国债ETF,消费ETF;医药ETF;证券ETF;有色ETF;科技ETF;军工ETF
2024-11-07,2238571.3229213567,559214.9889648209,1679356.333956536,0.46680776038445276,False,halve,-0.13700526750599443,11,沪深300;创业板;纳指;黄金;国债ETF;消费ETF;医药ETF;证券ETF;有色ETF;科技ETF;军工ETF,沪深300;创业板;纳指;黄金;国债ETF,消费ETF;医药ETF;证券ETF;有色ETF;科技ETF;军工ETF
2024-11-08,2234596.5796806924,569316.9038881093,1665279.6757925833,0.47954526799465946,False,halve,-0.1385375762801607,11,沪深300;创业板;纳指;黄金;国债ETF;消费ETF;医药ETF;证券ETF;有色ETF;科技ETF;军工ETF,沪深300;创业板;纳指;黄金;国债ETF,消费ETF;医药ETF;证券ETF;有色ETF;科技ETF;军工ETF
2024-11-11,2241884.6016071565,588312.4235945976,1653572.1780125587,0.4923271570209803,False,halve,-0.13572796084890815,11,沪深300;创业板;纳指;黄金;国债ETF;消费ETF;医药ETF;证券ETF;有色ETF;科技ETF;军工ETF,沪深300;创业板;纳指;黄金;国债ETF,消费ETF;医药ETF;证券ETF;有色ETF;科技ETF;军工ETF
2024-11-12,2233404.263084015,589517.2067601351,1643887.0563238799,0.5,False,halve,-0.1389972279034358,11,沪深300;创业板;纳指;黄金;国债ETF;消费ETF;医药ETF;证券ETF;有色ETF;科技ETF;军工ETF,沪深300;创业板;纳指;黄金;国债ETF,消费ETF;医药ETF;证券ETF;有色ETF;科技ETF;军工ETF
2024-11-13,2234065.298890952,607376.5273772241,1626688.771513728,0.5,False,halve,-0.13874239107356334,11,沪深300;创业板;纳指;黄金;国债ETF;消费ETF;医药ETF;证券ETF;有色ETF;科技ETF;军工ETF,沪深300;创业板;纳指;黄金;国债ETF,消费ETF;医药ETF;证券ETF;有色ETF;科技ETF;军工ETF
2024-11-14,2216930.266010024,583834.8985684714,1633095.3674415527,0.5,False,halve,-0.14534814134202234,11,沪深300;创业板;纳指;黄金;国债ETF;消费ETF;医药ETF;证券ETF;有色ETF;科技ETF;军工ETF,沪深300;创业板;纳指;黄金;国债ETF,消费ETF;医药ETF;证券ETF;有色ETF;科技ETF;军工ETF
2024-11-15,2202242.319663239,572789.3289495608,1629452.9907136783,0.4985604843953449,False,halve,-0.15101051188998782,11,沪深300;创业板;纳指;黄金;国债ETF;消费ETF;医药ETF;证券ETF;有色ETF;科技ETF;军工ETF,沪深300;创业板;纳指;黄金;国债ETF,消费ETF;医药ETF;证券ETF;有色ETF;科技ETF;军工ETF
2024-11-18,2192729.5086188875,551454.2567954225,1641275.2518234649,0.5,False,halve,-0.154677808856775,10,沪深300;创业板;纳指;黄金;国债ETF;消费ETF;医药ETF;证券ETF;科技ETF;军工ETF,沪深300;创业板;纳指;黄金;国债ETF,消费ETF;医药ETF;证券ETF;科技ETF;军工ETF
2024-11-19,2200815.1339552645,589541.2239883727,1611273.9099668916,0.5,False,halve,-0.1515607082297969,11,沪深300;创业板;纳指;黄金;国债ETF;消费ETF;医药ETF;证券ETF;有色ETF;科技ETF;军工ETF,沪深300;创业板;纳指;黄金;国债ETF,消费ETF;医药ETF;证券ETF;有色ETF;科技ETF;军工ETF
2024-11-20,2206120.346907543,607930.9171071519,1598189.4298003912,0.5,False,halve,-0.14951548823358943,11,沪深300;创业板;纳指;黄金;国债ETF;消费ETF;医药ETF;证券ETF;有色ETF;科技ETF;军工ETF,沪深300;创业板;纳指;黄金;国债ETF,消费ETF;医药ETF;证券ETF;有色ETF;科技ETF;军工ETF
2024-11-21,2206768.730932083,627154.4462869553,1579614.2846451276,0.5,False,halve,-0.14926552880987937,11,沪深300;创业板;纳指;黄金;国债ETF;消费ETF;医药ETF;证券ETF;有色ETF;科技ETF;军工ETF,沪深300;创业板;纳指;黄金;国债ETF,消费ETF;医药ETF;证券ETF;有色ETF;科技ETF;军工ETF
2024-11-22,2184566.500679912,510630.5769924868,1673935.9236874252,0.5,False,halve,-0.15782474135810323,8,沪深300;创业板;纳指;黄金;国债ETF;证券ETF;科技ETF;军工ETF,沪深300;创业板;纳指;黄金;国债ETF,证券ETF;科技ETF;军工ETF
2024-11-25,2178871.441996379,501410.18198120827,1677461.2600151706,0.5,False,halve,-0.1600202513223422,7,沪深300;创业板;纳指;黄金;国债ETF;证券ETF;科技ETF,沪深300;创业板;纳指;黄金;国债ETF,证券ETF;科技ETF
2024-11-26,2176646.8457139735,0.0,2176646.8457139735,0.5,False,halve,-0.16087785851760286,5,沪深300;创业板;纳指;黄金;国债ETF,沪深300;创业板;纳指;黄金;国债ETF,
2024-11-27,2176819.5954636335,517284.6825204882,1659534.9129431453,0.5,False,halve,-0.16081126152224703,7,沪深300;创业板;纳指;黄金;国债ETF;证券ETF;科技ETF,沪深300;创业板;纳指;黄金;国债ETF,证券ETF;科技ETF
2024-11-28,2171570.851865853,471636.2217106185,1699934.6301552346,0.5,False,halve,-0.1628347119393572,6,沪深300;创业板;纳指;黄金;国债ETF;证券ETF,沪深300;创业板;纳指;黄金;国债ETF,证券ETF
2024-11-29,2184452.6922237887,533865.2853786864,1650587.4068451023,0.5,False,halve,-0.1578686158137179,5,纳指;黄金;国债ETF;证券ETF;科技ETF,纳指;黄金;国债ETF,证券ETF;科技ETF
2024-12-02,2189478.3040075745,550746.8685853617,1638731.4354222128,0.5,False,halve,-0.15593118525139524,5,纳指;黄金;国债ETF;证券ETF;科技ETF,纳指;黄金;国债ETF,证券ETF;科技ETF
2024-12-03,2185029.93142785,563599.5515875233,1621430.3798403265,0.5,False,halve,-0.15764608352832982,6,沪深300;纳指;黄金;国债ETF;证券ETF;科技ETF,沪深300;纳指;黄金;国债ETF,证券ETF;科技ETF
2024-12-04,2179563.156587457,517004.6865598802,1662558.4700275767,0.5,False,halve,-0.15975358747188667,4,纳指;黄金;国债ETF;证券ETF,纳指;黄金;国债ETF,证券ETF
2024-12-05,2185657.2684498415,594325.7448339383,1591331.5236159032,0.5,False,halve,-0.1574042379637352,7,沪深300;创业板;纳指;黄金;国债ETF;证券ETF;科技ETF,沪深300;创业板;纳指;黄金;国债ETF,证券ETF;科技ETF
2024-12-06,2194452.027164583,660027.6724411808,1534424.3547234023,0.5,False,halve,-0.15401375834547898,8,沪深300;创业板;纳指;黄金;国债ETF;医药ETF;证券ETF;科技ETF,沪深300;创业板;纳指;黄金;国债ETF,医药ETF;证券ETF;科技ETF
2024-12-09,2191363.2567698597,677623.8208321535,1513739.4359377061,0.5,False,halve,-0.15520451450019068,8,沪深300;创业板;纳指;黄金;国债ETF;医药ETF;证券ETF;科技ETF,沪深300;创业板;纳指;黄金;国债ETF,医药ETF;证券ETF;科技ETF
2024-12-10,2193536.93343827,743828.7932659633,1449708.1401723064,0.5,False,halve,-0.1543665373958762,9,沪深300;创业板;纳指;黄金;国债ETF;消费ETF;医药ETF;证券ETF;科技ETF,沪深300;创业板;纳指;黄金;国债ETF,消费ETF;医药ETF;证券ETF;科技ETF
2024-12-11,2196081.4488262674,814300.8153047457,1381780.6335215217,0.5,False,halve,-0.15338559774293448,10,沪深300;创业板;纳指;黄金;国债ETF;消费ETF;医药ETF;证券ETF;有色ETF;科技ETF,沪深300;创业板;纳指;黄金;国债ETF,消费ETF;医药ETF;证券ETF;有色ETF;科技ETF
2024-12-12,2204924.1194286607,825551.1663488299,1379372.9530798309,0.5,False,halve,-0.14997664754648224,11,沪深300;创业板;纳指;黄金;国债ETF;消费ETF;医药ETF;证券ETF;有色ETF;科技ETF;军工ETF,沪深300;创业板;纳指;黄金;国债ETF,消费ETF;医药ETF;证券ETF;有色ETF;科技ETF;军工ETF
2024-12-13,2182438.850693468,687048.8645352828,1495389.9861581852,0.5,False,halve,-0.1586449746524778,6,沪深300;创业板;纳指;国债ETF;消费ETF;证券ETF,沪深300;创业板;纳指;国债ETF,消费ETF;证券ETF
2024-12-16,2172612.2943641525,0.0,2172612.2943641525,0.5,False,halve,-0.16243322399880109,2,纳指;国债ETF,纳指;国债ETF,
2024-12-17,2172784.7239113245,0.0,2172784.7239113245,0.5,False,halve,-0.1623667504451501,2,纳指;国债ETF,纳指;国债ETF,
2024-12-18,2172957.167143381,0.0,2172957.167143381,0.5,False,halve,-0.16230027161582025,4,沪深300;创业板;纳指;国债ETF,沪深300;创业板;纳指;国债ETF,
2024-12-19,2173129.6240614085,727327.5175229075,1445802.106538501,0.5,False,halve,-0.16223378751039294,3,纳指;国债ETF;科技ETF,纳指;国债ETF,科技ETF
2024-12-20,2179831.4874001704,748916.3237174582,1430915.1636827122,0.5,False,halve,-0.15965014288847465,3,纳指;国债ETF;科技ETF,纳指;国债ETF,科技ETF
2024-12-23,2172102.996349968,759240.7798617554,1412862.2164882126,0.5,False,halve,-0.16262956418193952,5,沪深300;创业板;纳指;国债ETF;科技ETF,沪深300;创业板;纳指;国债ETF,科技ETF
2024-12-24,2180823.300379188,778970.4168759763,1401852.8835032117,0.5,False,halve,-0.15926778769266423,5,沪深300;创业板;纳指;国债ETF;科技ETF,沪深300;创业板;纳指;国债ETF,科技ETF
2024-12-25,2185009.889574539,804084.9963075982,1380924.8932669407,0.5,False,halve,-0.15765380989097,5,沪深300;创业板;纳指;国债ETF;科技ETF,沪深300;创业板;纳指;国债ETF,科技ETF
2024-12-26,2202456.635407562,805734.9680266151,1396721.6673809467,0.5,False,halve,-0.15092789073043517,5,沪深300;创业板;纳指;国债ETF;科技ETF,沪深300;创业板;纳指;国债ETF,科技ETF
2024-12-27,2192598.421954758,807642.1392963164,1384956.2826584415,0.5,False,halve,-0.154728344258299,5,沪深300;创业板;纳指;国债ETF;科技ETF,沪深300;创业板;纳指;国债ETF,科技ETF
2024-12-30,2190327.669586382,829873.5586771172,1360454.1109092645,0.5,False,halve,-0.15560374515021677,3,纳指;国债ETF;科技ETF,纳指;国债ETF,科技ETF
2024-12-31,2164061.2422656016,0.0,2164061.2422656016,0.5,False,halve,-0.16572975194176645,2,纳指;国债ETF,纳指;国债ETF,
2025-01-02,2164232.993157845,0.0,2164232.993157845,0.5,False,halve,-0.16566354001731737,3,纳指;黄金;国债ETF,纳指;黄金;国债ETF,
2025-01-03,2164404.757681112,0.0,2164404.757681112,0.5,False,halve,-0.16559732283795353,3,纳指;黄金;国债ETF,纳指;黄金;国债ETF,
2025-01-06,2164576.5358364834,0.0,2164576.5358364834,0.5,False,halve,-0.16553110040325814,3,纳指;黄金;国债ETF,纳指;黄金;国债ETF,
2025-01-07,2164748.327625042,0.0,2164748.327625042,0.5,False,halve,-0.16546487271281393,3,纳指;黄金;国债ETF,纳指;黄金;国债ETF,
2025-01-08,2164920.1330478694,0.0,2164920.1330478694,0.5,False,halve,-0.16539863976620375,3,纳指;黄金;国债ETF,纳指;黄金;国债ETF,
2025-01-09,2165091.952106048,0.0,2165091.952106048,0.5,False,halve,-0.16533240156301057,3,纳指;黄金;国债ETF,纳指;黄金;国债ETF,
2025-01-10,2165263.7848006594,0.0,2165263.7848006594,0.5,False,halve,-0.1652661581028172,3,纳指;黄金;国债ETF,纳指;黄金;国债ETF,
2025-01-13,2165435.6311327866,0.0,2165435.6311327866,0.5,False,halve,-0.16519990938520623,3,纳指;黄金;国债ETF,纳指;黄金;国债ETF,
2025-01-14,2165607.491103512,974890.6922286422,1190716.7988748695,0.5,False,halve,-0.1651336554097605,4,纳指;黄金;国债ETF;有色ETF,纳指;黄金;国债ETF,有色ETF
2025-01-15,2155239.750861619,0.0,2155239.750861619,0.5,False,halve,-0.16913053731609312,3,纳指;黄金;国债ETF,纳指;黄金;国债ETF,
2025-01-16,2155410.8016354972,966768.1583423747,1188642.6432931225,0.5,False,halve,-0.16906459529524512,4,纳指;黄金;国债ETF;有色ETF,纳指;黄金;国债ETF,有色ETF
2025-01-17,2160189.0926087536,997542.5234497668,1162646.5691589867,0.5,False,halve,-0.1672225097212807,4,纳指;黄金;国债ETF;有色ETF,纳指;黄金;国债ETF,有色ETF
2025-01-20,2150661.862544737,1075330.9312723684,1075330.9312723684,0.5,False,halve,-0.17089536538431815,4,纳指;黄金;国债ETF;有色ETF,纳指;黄金;国债ETF,有色ETF
2025-01-21,2144464.844450907,976147.0107368937,1168317.833714013,0.5,False,halve,-0.17328438641634233,5,纳指;黄金;国债ETF;有色ETF;科技ETF,纳指;黄金;国债ETF,有色ETF;科技ETF
2025-01-22,2147900.5373033555,1073950.2686516778,1073950.2686516778,0.5,False,halve,-0.17195988770425252,5,纳指;黄金;国债ETF;有色ETF;科技ETF,纳指;黄金;国债ETF,有色ETF;科技ETF
2025-01-23,2138216.103857983,752270.3797885128,1385945.72406947,0.5,False,halve,-0.17569334706065962,4,纳指;黄金;国债ETF;科技ETF,纳指;黄金;国债ETF,科技ETF
2025-01-24,2149828.7047459125,1074914.3523729562,1074914.3523729562,0.5,False,halve,-0.1712165572017776,5,纳指;黄金;国债ETF;有色ETF;科技ETF,纳指;黄金;国债ETF,有色ETF;科技ETF
2025-01-27,2134054.374526414,1067027.187263207,1067027.187263207,0.5,False,halve,-0.17729774110182098,4,纳指;黄金;国债ETF;有色ETF,纳指;黄金;国债ETF,有色ETF
2025-02-05,2146692.3202504423,1073346.1601252211,1073346.1601252211,0.5,False,halve,-0.17242566913444296,5,纳指;黄金;国债ETF;有色ETF;科技ETF,纳指;黄金;国债ETF,有色ETF;科技ETF
2025-02-06,2167371.8008870054,998525.865135372,1168845.9357516333,0.5,False,halve,-0.16445349390047445,5,纳指;黄金;国债ETF;有色ETF;科技ETF,纳指;黄金;国债ETF,有色ETF;科技ETF
2025-02-07,2181424.5849510827,977752.056823108,1203672.5281279748,0.5,False,halve,-0.159035985644205,6,纳指;黄金;国债ETF;有色ETF;科技ETF;军工ETF,纳指;黄金;国债ETF,有色ETF;科技ETF;军工ETF
2025-02-10,2187284.0810492765,1009272.8422657654,1178011.238783511,0.5,False,halve,-0.15677708318439357,6,纳指;黄金;国债ETF;有色ETF;科技ETF;军工ETF,纳指;黄金;国债ETF,有色ETF;科技ETF;军工ETF
2025-02-11,2181543.145811921,1090771.5729059605,1090771.5729059605,0.5,False,halve,-0.15899027908246371,5,黄金;国债ETF;有色ETF;科技ETF;军工ETF,黄金;国债ETF,有色ETF;科技ETF;军工ETF
2025-02-12,2190526.7825060943,1095263.3912530472,1095263.3912530472,0.5,False,halve,-0.1555269848526449,6,纳指;黄金;国债ETF;有色ETF;科技ETF;军工ETF,纳指;黄金;国债ETF,有色ETF;科技ETF;军工ETF
2025-02-13,2176942.1560112033,1088471.0780056017,1088471.0780056017,0.5,False,halve,-0.16076401303573187,6,纳指;黄金;国债ETF;有色ETF;科技ETF;军工ETF,纳指;黄金;国债ETF,有色ETF;科技ETF;军工ETF
2025-02-14,2182979.3674190706,1091489.6837095353,1091489.6837095353,0.5,False,halve,-0.15843659930064347,7,纳指;黄金;国债ETF;医药ETF;有色ETF;科技ETF;军工ETF,纳指;黄金;国债ETF,医药ETF;有色ETF;科技ETF;军工ETF
2025-02-17,2182635.590825749,1091317.7954128745,1091317.7954128745,0.5,False,halve,-0.15856912909147633,8,沪深300;纳指;黄金;医药ETF;证券ETF;有色ETF;科技ETF;军工ETF,沪深300;纳指;黄金,医药ETF;证券ETF;有色ETF;科技ETF;军工ETF
2025-02-18,2160648.4856630657,1185970.4496565817,974678.036006484,0.5,False,halve,-0.16704540846837163,5,沪深300;黄金;医药ETF;有色ETF;科技ETF,沪深300;黄金,医药ETF;有色ETF;科技ETF
2025-02-19,2174198.3767904975,1087099.1883952487,1087099.1883952487,0.5,False,halve,-0.16182177116492366,7,沪深300;创业板;黄金;医药ETF;有色ETF;科技ETF;军工ETF,沪深300;创业板;黄金,医药ETF;有色ETF;科技ETF;军工ETF
2025-02-20,2186000.3846825683,1093000.1923412841,1093000.1923412841,0.5,False,halve,-0.15727196274943026,6,创业板;黄金;医药ETF;有色ETF;科技ETF;军工ETF,创业板;黄金,医药ETF;有色ETF;科技ETF;军工ETF
2025-02-21,2203589.6905195257,1101794.8452597628,1101794.8452597628,0.5,False,halve,-0.15049108508424558,8,沪深300;创业板;黄金;医药ETF;证券ETF;有色ETF;科技ETF;军工ETF,沪深300;创业板;黄金,医药ETF;证券ETF;有色ETF;科技ETF;军工ETF
2025-02-24,2198630.8415827947,1238658.4155898087,959972.425992986,0.5,False,halve,-0.15240277780889266,9,沪深300;创业板;黄金;消费ETF;医药ETF;证券ETF;有色ETF;科技ETF;军工ETF,沪深300;创业板;黄金,消费ETF;医药ETF;证券ETF;有色ETF;科技ETF;军工ETF
2025-02-25,2181397.6140175685,992327.2803512723,1189070.3336662962,0.5,False,halve,-0.15904638324615536,5,创业板;黄金;医药ETF;科技ETF;军工ETF,创业板;黄金,医药ETF;科技ETF;军工ETF
2025-02-26,2191781.172608448,1095890.586304224,1095890.586304224,0.5,False,halve,-0.15504340318618662,7,创业板;黄金;医药ETF;证券ETF;有色ETF;科技ETF;军工ETF,创业板;黄金,医药ETF;证券ETF;有色ETF;科技ETF;军工ETF
2025-02-27,2184816.112096769,1092408.0560483844,1092408.0560483844,0.5,False,halve,-0.15772851331492585,7,创业板;黄金;消费ETF;医药ETF;证券ETF;科技ETF;军工ETF,创业板;黄金,消费ETF;医药ETF;证券ETF;科技ETF;军工ETF
2025-02-28,2155828.109961698,1077914.054980849,1077914.054980849,0.5,False,halve,-0.16890371818418348,4,黄金;消费ETF;医药ETF;科技ETF,黄金,消费ETF;医药ETF;科技ETF
2025-03-03,2153125.0955825723,1185387.5657347457,967737.5298478266,0.5,False,halve,-0.16994576100281333,6,黄金;消费ETF;医药ETF;有色ETF;科技ETF;军工ETF,黄金,消费ETF;医药ETF;有色ETF;科技ETF;军工ETF
2025-03-04,2162613.7714926917,1081306.8857463459,1081306.8857463459,0.5,False,halve,-0.16628776840506596,7,黄金;消费ETF;医药ETF;证券ETF;有色ETF;科技ETF;军工ETF,黄金,消费ETF;医药ETF;证券ETF;有色ETF;科技ETF;军工ETF
2025-03-05,2163838.962870028,1177612.0912482091,986226.8716218187,0.5,False,halve,-0.1658154431795474,8,创业板;黄金;消费ETF;医药ETF;证券ETF;有色ETF;科技ETF;军工ETF,创业板;黄金,消费ETF;医药ETF;证券ETF;有色ETF;科技ETF;军工ETF
2025-03-06,2186499.605913179,1093249.8029565895,1093249.8029565895,0.5,False,halve,-0.15707950728108983,9,沪深300;创业板;黄金;消费ETF;医药ETF;证券ETF;有色ETF;科技ETF;军工ETF,沪深300;创业板;黄金,消费ETF;医药ETF;证券ETF;有色ETF;科技ETF;军工ETF
2025-03-07,2185137.9557654904,1092568.9778827452,1092568.9778827452,0.5,False,halve,-0.15760443891624606,9,沪深300;创业板;黄金;消费ETF;医药ETF;证券ETF;有色ETF;科技ETF;军工ETF,沪深300;创业板;黄金,消费ETF;医药ETF;证券ETF;有色ETF;科技ETF;军工ETF
2025-03-10,2185979.1580020413,1211627.715208091,974351.4427939502,0.5,False,halve,-0.15728014587645217,9,沪深300;创业板;黄金;消费ETF;医药ETF;证券ETF;有色ETF;科技ETF;军工ETF,沪深300;创业板;黄金,消费ETF;医药ETF;证券ETF;有色ETF;科技ETF;军工ETF
2025-03-11,2194596.12988306,1244917.9464582766,949678.1834247836,0.5,False,halve,-0.1539582051068082,9,沪深300;创业板;黄金;消费ETF;医药ETF;证券ETF;有色ETF;科技ETF;军工ETF,沪深300;创业板;黄金,消费ETF;医药ETF;证券ETF;有色ETF;科技ETF;军工ETF
2025-03-12,2192170.5461309184,1278706.446830965,913464.0992999533,0.5,False,halve,-0.1548932952600179,9,沪深300;创业板;黄金;消费ETF;医药ETF;证券ETF;有色ETF;科技ETF;军工ETF,沪深300;创业板;黄金,消费ETF;医药ETF;证券ETF;有色ETF;科技ETF;军工ETF
2025-03-13,2186879.9268616913,1419047.3131804923,767832.613681199,0.5,False,halve,-0.15693288922525103,8,沪深300;创业板;黄金;消费ETF;医药ETF;证券ETF;有色ETF;军工ETF,沪深300;创业板;黄金,消费ETF;医药ETF;证券ETF;有色ETF;军工ETF
2025-03-14,2220023.1978692124,1216969.5438245407,1003053.6540446717,0.5,False,halve,-0.14415578089537862,9,沪深300;创业板;黄金;消费ETF;医药ETF;证券ETF;有色ETF;科技ETF;军工ETF,沪深300;创业板;黄金,消费ETF;医药ETF;证券ETF;有色ETF;科技ETF;军工ETF
2025-03-17,2214048.839302513,1236969.1491395843,977079.6901629285,0.5,False,halve,-0.1464589641445787,9,沪深300;创业板;黄金;消费ETF;医药ETF;证券ETF;有色ETF;科技ETF;军工ETF,沪深300;创业板;黄金,消费ETF;医药ETF;证券ETF;有色ETF;科技ETF;军工ETF
2025-03-18,2219618.235068176,1277111.5024666467,942506.7326015292,0.5,False,halve,-0.14431189866592808,9,沪深300;创业板;黄金;消费ETF;医药ETF;证券ETF;有色ETF;科技ETF;军工ETF,沪深300;创业板;黄金,消费ETF;医药ETF;证券ETF;有色ETF;科技ETF;军工ETF
2025-03-19,2213411.5310609527,1297939.9914038468,915471.5396571059,0.5,False,halve,-0.14670465372784544,9,沪深300;创业板;黄金;消费ETF;医药ETF;证券ETF;有色ETF;科技ETF;军工ETF,沪深300;创业板;黄金,消费ETF;医药ETF;证券ETF;有色ETF;科技ETF;军工ETF
2025-03-20,2204644.477566111,1405018.723139966,799625.754426145,0.5,False,halve,-0.15008445266838938,8,沪深300;创业板;黄金;消费ETF;医药ETF;证券ETF;有色ETF;军工ETF,沪深300;创业板;黄金,消费ETF;医药ETF;证券ETF;有色ETF;军工ETF
2025-03-21,2184408.817939639,1432699.2837730588,751709.5341665803,0.5,False,halve,-0.1578855298497932,7,沪深300;创业板;黄金;消费ETF;医药ETF;有色ETF;军工ETF,沪深300;创业板;黄金,消费ETF;医药ETF;有色ETF;军工ETF
2025-03-24,2185763.841337351,1478632.7227540289,707131.1185833223,0.5,False,halve,-0.15736315290220254,7,沪深300;创业板;黄金;消费ETF;医药ETF;有色ETF;军工ETF,沪深300;创业板;黄金,消费ETF;医药ETF;有色ETF;军工ETF
2025-03-25,2185323.315315011,1524109.8364727085,661213.4788423025,0.5,False,halve,-0.1575329806994737,7,沪深300;创业板;黄金;消费ETF;医药ETF;有色ETF;军工ETF,沪深300;创业板;黄金,消费ETF;医药ETF;有色ETF;军工ETF
2025-03-26,2183043.9312497694,1567408.9649380038,615634.9663117656,0.5,False,halve,-0.15841170920881026,7,沪深300;创业板;黄金;消费ETF;医药ETF;有色ETF;军工ETF,沪深300;创业板;黄金,消费ETF;医药ETF;有色ETF;军工ETF
2025-03-27,2188550.395422831,1615714.6252446044,572835.7701782268,0.5,False,halve,-0.15628890457562225,7,沪深300;创业板;黄金;消费ETF;医药ETF;有色ETF;军工ETF,沪深300;创业板;黄金,消费ETF;医药ETF;有色ETF;军工ETF
2025-03-28,2182199.753862955,1537314.4369906068,644885.3168723483,0.5,False,halve,-0.15873714920290458,6,沪深300;创业板;黄金;消费ETF;医药ETF;有色ETF,沪深300;创业板;黄金,消费ETF;医药ETF;有色ETF
2025-03-31,2166786.3228436345,1507274.3441107362,659511.9787328984,0.5,False,halve,-0.1646792023522206,6,沪深300;创业板;黄金;消费ETF;医药ETF;有色ETF,沪深300;创业板;黄金,消费ETF;医药ETF;有色ETF
2025-04-01,2188605.6405027956,1468428.750172507,720176.8903302886,0.5,False,halve,-0.15626760696829683,6,沪深300;创业板;黄金;消费ETF;医药ETF;有色ETF,沪深300;创业板;黄金,消费ETF;医药ETF;有色ETF
2025-04-02,2175338.445842449,1454676.381197108,720662.0646453411,0.5,False,halve,-0.16138226156501073,5,沪深300;黄金;消费ETF;医药ETF;有色ETF,沪深300;黄金,消费ETF;医药ETF;有色ETF
2025-04-03,2170740.479034094,1279576.314895797,891164.1641382971,0.5,False,halve,-0.16315483012030443,3,黄金;消费ETF;医药ETF,黄金,消费ETF;医药ETF
2025-04-07,2108719.2742659827,0.0,2108719.2742659827,0.0,False,liquidate,-0.18706471070787623,1,黄金,黄金,
2025-04-08,2108886.6329385433,0.0,2108886.6329385433,0.0,False,liquidate,-0.18700019203412294,2,黄金;消费ETF,黄金,消费ETF
2025-04-09,2109054.0048935385,0.0,2109054.0048935385,0.0,False,liquidate,-0.1869356682398399,2,黄金;消费ETF,黄金,消费ETF
2025-04-10,2109221.390132022,0.0,2109221.390132022,0.0,False,liquidate,-0.18687113932462088,3,黄金;国债ETF;消费ETF,黄金;国债ETF,消费ETF
2025-04-11,2109388.7886550487,0.0,2109388.7886550487,0.0,False,liquidate,-0.18680660528805923,3,黄金;国债ETF;消费ETF,黄金;国债ETF,消费ETF
2025-04-14,2109556.200463672,0.0,2109556.200463672,0.0,False,liquidate,-0.18674206612974875,3,黄金;国债ETF;消费ETF,黄金;国债ETF,消费ETF
2025-04-15,2109723.625558947,0.0,2109723.625558947,0.0,False,liquidate,-0.1866775218492828,3,黄金;国债ETF;消费ETF,黄金;国债ETF,消费ETF
2025-04-16,2109891.063941928,0.0,2109891.063941928,0.0,False,liquidate,-0.18661297244625497,3,黄金;国债ETF;消费ETF,黄金;国债ETF,消费ETF
2025-04-17,2110058.5156136695,0.0,2110058.5156136695,0.0,False,liquidate,-0.1865484179202586,3,黄金;国债ETF;消费ETF,黄金;国债ETF,消费ETF
2025-04-18,2110225.9805752262,0.0,2110225.9805752262,0.0,False,liquidate,-0.18648385827088718,3,黄金;国债ETF;消费ETF,黄金;国债ETF,消费ETF
2025-04-21,2110393.458827653,0.0,2110393.458827653,0.0,False,liquidate,-0.18641929349773403,4,黄金;国债ETF;消费ETF;有色ETF,黄金;国债ETF,消费ETF;有色ETF
2025-04-22,2110560.9503720044,0.0,2110560.9503720044,0.0,False,liquidate,-0.18635472360039257,4,黄金;国债ETF;消费ETF;有色ETF,黄金;国债ETF,消费ETF;有色ETF
2025-04-23,2110728.455209336,0.0,2110728.455209336,0.0,False,liquidate,-0.186290148578456,3,黄金;国债ETF;消费ETF,黄金;国债ETF,消费ETF
2025-04-24,2110895.973340702,0.0,2110895.973340702,0.0,False,liquidate,-0.1862255684315177,3,黄金;国债ETF;消费ETF,黄金;国债ETF,消费ETF
2025-04-25,2111063.5047671576,0.0,2111063.5047671576,0.0,False,liquidate,-0.18616098315917093,2,黄金;国债ETF,黄金;国债ETF,
2025-04-28,2111231.0494897584,0.0,2111231.0494897584,0.0,False,liquidate,-0.18609639276100884,2,黄金;国债ETF,黄金;国债ETF,
2025-04-29,2111398.6075095595,0.0,2111398.6075095595,0.0,False,liquidate,-0.1860317972366247,2,黄金;国债ETF,黄金;国债ETF,
2025-04-30,2111566.178827616,0.0,2111566.178827616,0.0,False,liquidate,-0.18596719658561167,2,黄金;国债ETF,黄金;国债ETF,
2025-05-06,2111733.7634449834,0.0,2111733.7634449834,0.0,False,liquidate,-0.18590259080756283,3,黄金;国债ETF;医药ETF,黄金;国债ETF,医药ETF
2025-05-07,2111901.361362717,0.0,2111901.361362717,0.0,False,liquidate,-0.18583797990207138,5,黄金;国债ETF;医药ETF;有色ETF;军工ETF,黄金;国债ETF,医药ETF;有色ETF;军工ETF
2025-05-08,2112068.972581873,0.0,2112068.972581873,0.0,False,liquidate,-0.18577336386873017,5,黄金;国债ETF;医药ETF;科技ETF;军工ETF,黄金;国债ETF,医药ETF;科技ETF;军工ETF
2025-05-09,2112236.597103507,0.0,2112236.597103507,0.0,False,liquidate,-0.1857087427071324,5,纳指;黄金;国债ETF;医药ETF;军工ETF,纳指;黄金;国债ETF,医药ETF;军工ETF
2025-05-12,2112404.2349286736,0.0,2112404.2349286736,0.0,False,liquidate,-0.1856441164168711,8,纳指;黄金;国债ETF;医药ETF;证券ETF;有色ETF;科技ETF;军工ETF,纳指;黄金;国债ETF,医药ETF;证券ETF;有色ETF;科技ETF;军工ETF
2025-05-13,2112571.8860584297,0.0,2112571.8860584297,0.0,False,liquidate,-0.18557948499753915,7,纳指;黄金;国债ETF;医药ETF;有色ETF;科技ETF;军工ETF,纳指;黄金;国债ETF,医药ETF;有色ETF;科技ETF;军工ETF
2025-05-14,2112739.5504938313,0.0,2112739.5504938313,0.0,False,liquidate,-0.1855148484487294,9,纳指;黄金;国债ETF;消费ETF;医药ETF;证券ETF;有色ETF;科技ETF;军工ETF,纳指;黄金;国债ETF,消费ETF;医药ETF;证券ETF;有色ETF;科技ETF;军工ETF
2025-05-15,2112907.228235934,0.0,2112907.228235934,0.0,False,liquidate,-0.18545020677003488,8,纳指;黄金;国债ETF;消费ETF;医药ETF;证券ETF;有色ETF;军工ETF,纳指;黄金;国债ETF,消费ETF;医药ETF;证券ETF;有色ETF;军工ETF
2025-05-16,2113074.919285794,0.0,2113074.919285794,0.0,False,liquidate,-0.1853855599610484,7,纳指;黄金;国债ETF;医药ETF;证券ETF;有色ETF;军工ETF,纳指;黄金;国债ETF,医药ETF;证券ETF;有色ETF;军工ETF
2025-05-19,2113242.6236444674,0.0,2113242.6236444674,0.0,False,liquidate,-0.18532090802136272,6,纳指;黄金;国债ETF;医药ETF;证券ETF;军工ETF,纳指;黄金;国债ETF,医药ETF;证券ETF;军工ETF
2025-05-20,2113410.3413130105,0.0,2113410.3413130105,0.0,False,liquidate,-0.1852562509505708,9,纳指;黄金;国债ETF;消费ETF;医药ETF;证券ETF;有色ETF;科技ETF;军工ETF,纳指;黄金;国债ETF,消费ETF;医药ETF;证券ETF;有色ETF;科技ETF;军工ETF
2025-05-21,2113578.07229248,0.0,2113578.07229248,0.0,False,liquidate,-0.18519158874826516,10,沪深300;纳指;黄金;国债ETF;消费ETF;医药ETF;证券ETF;有色ETF;科技ETF;军工ETF,沪深300;纳指;黄金;国债ETF,消费ETF;医药ETF;证券ETF;有色ETF;科技ETF;军工ETF
2025-05-22,2113745.816583932,0.0,2113745.816583932,0.0,False,liquidate,-0.18512692141403886,7,纳指;黄金;国债ETF;医药ETF;证券ETF;有色ETF;军工ETF,纳指;黄金;国债ETF,医药ETF;证券ETF;有色ETF;军工ETF
2025-05-23,2113913.574188423,0.0,2113913.574188423,0.0,False,liquidate,-0.18506224894748435,6,纳指;黄金;国债ETF;医药ETF;有色ETF;军工ETF,纳指;黄金;国债ETF,医药ETF;有色ETF;军工ETF
2025-05-26,2114081.345107009,0.0,2114081.345107009,0.0,False,liquidate,-0.1849975713481945,6,纳指;黄金;国债ETF;医药ETF;有色ETF;军工ETF,纳指;黄金;国债ETF,医药ETF;有色ETF;军工ETF
2025-05-27,2114249.129340748,0.0,2114249.129340748,0.0,False,liquidate,-0.1849328886157618,6,纳指;黄金;国债ETF;医药ETF;有色ETF;军工ETF,纳指;黄金;国债ETF,医药ETF;有色ETF;军工ETF
2025-05-28,2114416.9268906955,0.0,2114416.9268906955,0.0,False,liquidate,-0.18486820074977894,6,纳指;黄金;国债ETF;医药ETF;有色ETF;军工ETF,纳指;黄金;国债ETF,医药ETF;有色ETF;军工ETF
2025-05-29,2114584.737757909,0.0,2114584.737757909,0.0,False,liquidate,-0.18480350774983842,8,纳指;黄金;国债ETF;医药ETF;证券ETF;有色ETF;科技ETF;军工ETF,纳指;黄金;国债ETF,医药ETF;证券ETF;有色ETF;科技ETF;军工ETF
2025-05-30,2114752.5619434454,0.0,2114752.5619434454,0.0,False,liquidate,-0.18473880961553288,6,纳指;黄金;国债ETF;医药ETF;有色ETF;军工ETF,纳指;黄金;国债ETF,医药ETF;有色ETF;军工ETF
2025-06-03,2114920.3994483617,0.0,2114920.3994483617,0.0,False,liquidate,-0.18467410634645468,8,纳指;黄金;国债ETF;医药ETF;证券ETF;有色ETF;科技ETF;军工ETF,纳指;黄金;国债ETF,医药ETF;证券ETF;有色ETF;科技ETF;军工ETF
2025-06-04,2115088.250273715,0.0,2115088.250273715,0.0,False,liquidate,-0.18460939794219644,9,沪深300;纳指;黄金;国债ETF;医药ETF;证券ETF;有色ETF;科技ETF;军工ETF,沪深300;纳指;黄金;国债ETF,医药ETF;证券ETF;有色ETF;科技ETF;军工ETF
2025-06-05,2115256.114420562,0.0,2115256.114420562,0.0,False,liquidate,-0.18454468440235053,10,沪深300;创业板;纳指;黄金;国债ETF;医药ETF;证券ETF;有色ETF;科技ETF;军工ETF,沪深300;创业板;纳指;黄金;国债ETF,医药ETF;证券ETF;有色ETF;科技ETF;军工ETF
2025-06-06,2115423.9918899606,0.0,2115423.9918899606,0.0,False,liquidate,-0.1844799657265094,10,沪深300;创业板;纳指;黄金;国债ETF;医药ETF;证券ETF;有色ETF;科技ETF;军工ETF,沪深300;创业板;纳指;黄金;国债ETF,医药ETF;证券ETF;有色ETF;科技ETF;军工ETF
2025-06-09,2115591.882682968,0.0,2115591.882682968,0.0,False,liquidate,-0.18441524191426542,10,沪深300;创业板;纳指;黄金;国债ETF;医药ETF;证券ETF;有色ETF;科技ETF;军工ETF,沪深300;创业板;纳指;黄金;国债ETF,医药ETF;证券ETF;有色ETF;科技ETF;军工ETF
2025-06-10,2115759.786800641,0.0,2115759.786800641,0.0,False,liquidate,-0.18435051296521102,10,沪深300;创业板;纳指;黄金;国债ETF;医药ETF;证券ETF;有色ETF;科技ETF;军工ETF,沪深300;创业板;纳指;黄金;国债ETF,医药ETF;证券ETF;有色ETF;科技ETF;军工ETF
2025-06-11,2115927.704244038,0.0,2115927.704244038,0.0,False,liquidate,-0.18428577887893838,10,沪深300;创业板;纳指;黄金;国债ETF;医药ETF;证券ETF;有色ETF;科技ETF;军工ETF,沪深300;创业板;纳指;黄金;国债ETF,医药ETF;证券ETF;有色ETF;科技ETF;军工ETF
2025-06-12,2116095.6350142164,0.0,2116095.6350142164,0.0,False,liquidate,-0.18422103965503978,10,沪深300;创业板;纳指;黄金;国债ETF;医药ETF;证券ETF;有色ETF;科技ETF;军工ETF,沪深300;创业板;纳指;黄金;国债ETF,医药ETF;证券ETF;有色ETF;科技ETF;军工ETF
2025-06-13,2116263.5791122336,0.0,2116263.5791122336,0.0,False,liquidate,-0.1841562952931076,10,沪深300;创业板;纳指;黄金;国债ETF;医药ETF;证券ETF;有色ETF;科技ETF;军工ETF,沪深300;创业板;纳指;黄金;国债ETF,医药ETF;证券ETF;有色ETF;科技ETF;军工ETF
2025-06-16,2116431.536539147,0.0,2116431.536539147,0.0,False,liquidate,-0.18409154579273407,10,沪深300;创业板;纳指;黄金;国债ETF;医药ETF;证券ETF;有色ETF;科技ETF;军工ETF,沪深300;创业板;纳指;黄金;国债ETF,医药ETF;证券ETF;有色ETF;科技ETF;军工ETF
2025-06-17,2116599.5072960155,0.0,2116599.5072960155,0.0,False,liquidate,-0.1840267911535112,9,沪深300;创业板;纳指;国债ETF;医药ETF;证券ETF;有色ETF;科技ETF;军工ETF,沪深300;创业板;纳指;国债ETF,医药ETF;证券ETF;有色ETF;科技ETF;军工ETF
2025-06-18,2116767.491383896,0.0,2116767.491383896,0.0,False,liquidate,-0.18396203137503128,9,沪深300;创业板;纳指;国债ETF;医药ETF;证券ETF;有色ETF;科技ETF;军工ETF,沪深300;创业板;纳指;国债ETF,医药ETF;证券ETF;有色ETF;科技ETF;军工ETF
2025-06-19,2116935.488803847,0.0,2116935.488803847,0.0,False,liquidate,-0.18389726645688648,7,创业板;纳指;国债ETF;证券ETF;有色ETF;科技ETF;军工ETF,创业板;纳指;国债ETF,证券ETF;有色ETF;科技ETF;军工ETF
2025-06-20,2117103.499556927,0.0,2117103.499556927,0.0,False,liquidate,-0.18383249639866872,5,创业板;纳指;国债ETF;有色ETF;科技ETF,创业板;纳指;国债ETF,有色ETF;科技ETF
2025-06-23,2117271.5236441935,0.0,2117271.5236441935,0.0,False,liquidate,-0.18376772119997017,8,沪深300;创业板;纳指;国债ETF;证券ETF;有色ETF;科技ETF;军工ETF,沪深300;创业板;纳指;国债ETF,证券ETF;有色ETF;科技ETF;军工ETF
2025-06-24,2117439.5610667053,0.0,2117439.5610667053,0.0,False,liquidate,-0.18370294086038275,8,沪深300;创业板;纳指;国债ETF;证券ETF;有色ETF;科技ETF;军工ETF,沪深300;创业板;纳指;国债ETF,证券ETF;有色ETF;科技ETF;军工ETF
2025-06-25,2117607.61182552,0.0,2117607.61182552,0.0,False,liquidate,-0.18363815537949862,9,沪深300;创业板;纳指;国债ETF;医药ETF;证券ETF;有色ETF;科技ETF;军工ETF,沪深300;创业板;纳指;国债ETF,医药ETF;证券ETF;有色ETF;科技ETF;军工ETF
2025-06-26,2117775.6759216967,0.0,2117775.6759216967,0.0,False,liquidate,-0.18357336475690975,8,沪深300;创业板;纳指;国债ETF;证券ETF;有色ETF;科技ETF;军工ETF,沪深300;创业板;纳指;国债ETF,证券ETF;有色ETF;科技ETF;军工ETF
2025-06-27,2117943.753356294,0.0,2117943.753356294,0.0,False,liquidate,-0.18350856899220785,8,沪深300;创业板;纳指;国债ETF;证券ETF;有色ETF;科技ETF;军工ETF,沪深300;创业板;纳指;国债ETF,证券ETF;有色ETF;科技ETF;军工ETF
2025-06-30,2118111.84413037,0.0,2118111.84413037,0.0,False,liquidate,-0.18344376808498497,9,沪深300;创业板;纳指;国债ETF;医药ETF;证券ETF;有色ETF;科技ETF;军工ETF,沪深300;创业板;纳指;国债ETF,医药ETF;证券ETF;有色ETF;科技ETF;军工ETF
2025-07-01,2118279.9482449833,0.0,2118279.9482449833,0.0,False,liquidate,-0.18337896203483298,9,沪深300;创业板;纳指;国债ETF;医药ETF;证券ETF;有色ETF;科技ETF;军工ETF,沪深300;创业板;纳指;国债ETF,医药ETF;证券ETF;有色ETF;科技ETF;军工ETF
2025-07-02,2118448.065701193,0.0,2118448.065701193,0.0,False,liquidate,-0.18331415084134373,8,沪深300;创业板;纳指;国债ETF;证券ETF;有色ETF;科技ETF;军工ETF,沪深300;创业板;纳指;国债ETF,证券ETF;有色ETF;科技ETF;军工ETF
2025-07-03,2118616.1965000583,0.0,2118616.1965000583,0.0,False,liquidate,-0.18324933450410893,9,沪深300;创业板;纳指;国债ETF;医药ETF;证券ETF;有色ETF;科技ETF;军工ETF,沪深300;创业板;纳指;国债ETF,医药ETF;证券ETF;有色ETF;科技ETF;军工ETF
2025-07-04,2118784.3406426376,0.0,2118784.3406426376,0.0,False,liquidate,-0.1831845130227204,9,沪深300;创业板;纳指;国债ETF;医药ETF;证券ETF;有色ETF;科技ETF;军工ETF,沪深300;创业板;纳指;国债ETF,医药ETF;证券ETF;有色ETF;科技ETF;军工ETF
2025-07-07,2118952.4981299904,0.0,2118952.4981299904,0.0,False,liquidate,-0.1831196863967697,8,沪深300;创业板;纳指;国债ETF;证券ETF;有色ETF;科技ETF;军工ETF,沪深300;创业板;纳指;国债ETF,证券ETF;有色ETF;科技ETF;军工ETF
2025-07-08,2119120.6689631753,0.0,2119120.6689631753,0.0,False,liquidate,-0.18305485462584886,9,沪深300;创业板;纳指;黄金;国债ETF;证券ETF;有色ETF;科技ETF;军工ETF,沪深300;创业板;纳指;黄金;国债ETF,证券ETF;有色ETF;科技ETF;军工ETF
2025-07-09,2119288.853143252,0.0,2119288.853143252,0.0,False,liquidate,-0.18299001770954923,9,创业板;纳指;黄金;国债ETF;医药ETF;证券ETF;有色ETF;科技ETF;军工ETF,创业板;纳指;黄金;国债ETF,医药ETF;证券ETF;有色ETF;科技ETF;军工ETF
2025-07-10,2119457.0506712794,0.0,2119457.0506712794,0.0,False,liquidate,-0.18292517564746258,10,沪深300;创业板;纳指;黄金;国债ETF;医药ETF;证券ETF;有色ETF;科技ETF;军工ETF,沪深300;创业板;纳指;黄金;国债ETF,医药ETF;证券ETF;有色ETF;科技ETF;军工ETF
2025-07-11,2119625.261548317,0.0,2119625.261548317,0.0,False,liquidate,-0.18286032843918057,11,沪深300;创业板;纳指;黄金;国债ETF;消费ETF;医药ETF;证券ETF;有色ETF;科技ETF;军工ETF,沪深300;创业板;纳指;黄金;国债ETF,消费ETF;医药ETF;证券ETF;有色ETF;科技ETF;军工ETF
2025-07-14,2119793.485775424,0.0,2119793.485775424,0.0,False,liquidate,-0.18279547608429475,11,沪深300;创业板;纳指;黄金;国债ETF;消费ETF;医药ETF;证券ETF;有色ETF;科技ETF;军工ETF,沪深300;创业板;纳指;黄金;国债ETF,消费ETF;医药ETF;证券ETF;有色ETF;科技ETF;军工ETF
2025-07-15,2119961.72335366,0.0,2119961.72335366,0.0,False,liquidate,-0.1827306185823967,10,沪深300;创业板;纳指;黄金;国债ETF;医药ETF;证券ETF;有色ETF;科技ETF;军工ETF,沪深300;创业板;纳指;黄金;国债ETF,医药ETF;证券ETF;有色ETF;科技ETF;军工ETF
2025-07-16,2120129.974284085,0.0,2120129.974284085,0.0,False,liquidate,-0.1826657559330779,9,沪深300;创业板;纳指;国债ETF;医药ETF;证券ETF;有色ETF;科技ETF;军工ETF,沪深300;创业板;纳指;国债ETF,医药ETF;证券ETF;有色ETF;科技ETF;军工ETF
2025-07-17,2120298.2385677584,0.0,2120298.2385677584,0.0,False,liquidate,-0.1826008881359297,10,沪深300;创业板;纳指;国债ETF;消费ETF;医药ETF;证券ETF;有色ETF;科技ETF;军工ETF,沪深300;创业板;纳指;国债ETF,消费ETF;医药ETF;证券ETF;有色ETF;科技ETF;军工ETF
2025-07-18,2120466.51620574,0.0,2120466.51620574,0.0,False,liquidate,-0.18253601519054358,10,沪深300;创业板;纳指;国债ETF;消费ETF;医药ETF;证券ETF;有色ETF;科技ETF;军工ETF,沪深300;创业板;纳指;国债ETF,消费ETF;医药ETF;证券ETF;有色ETF;科技ETF;军工ETF
2025-07-21,2120634.80719909,0.0,2120634.80719909,0.0,False,liquidate,-0.1824711370965111,11,沪深300;创业板;纳指;黄金;国债ETF;消费ETF;医药ETF;证券ETF;有色ETF;科技ETF;军工ETF,沪深300;创业板;纳指;黄金;国债ETF,消费ETF;医药ETF;证券ETF;有色ETF;科技ETF;军工ETF
2025-07-22,2120803.1115488675,0.0,2120803.1115488675,0.0,False,liquidate,-0.18240625385342352,11,沪深300;创业板;纳指;黄金;国债ETF;消费ETF;医药ETF;证券ETF;有色ETF;科技ETF;军工ETF,沪深300;创业板;纳指;黄金;国债ETF,消费ETF;医药ETF;证券ETF;有色ETF;科技ETF;军工ETF
2025-07-23,2120971.4292561333,0.0,2120971.4292561333,0.0,False,liquidate,-0.1823413654608722,11,沪深300;创业板;纳指;黄金;国债ETF;消费ETF;医药ETF;证券ETF;有色ETF;科技ETF;军工ETF,沪深300;创业板;纳指;黄金;国债ETF,消费ETF;医药ETF;证券ETF;有色ETF;科技ETF;军工ETF
2025-07-24,2121139.7603219473,0.0,2121139.7603219473,0.0,False,liquidate,-0.18227647191844845,11,沪深300;创业板;纳指;黄金;国债ETF;消费ETF;医药ETF;证券ETF;有色ETF;科技ETF;军工ETF,沪深300;创业板;纳指;黄金;国债ETF,消费ETF;医药ETF;证券ETF;有色ETF;科技ETF;军工ETF
2025-07-25,2121308.10474737,0.0,2121308.10474737,0.0,False,liquidate,-0.1822115732257435,11,沪深300;创业板;纳指;黄金;国债ETF;消费ETF;医药ETF;证券ETF;有色ETF;科技ETF;军工ETF,沪深300;创业板;纳指;黄金;国债ETF,消费ETF;医药ETF;证券ETF;有色ETF;科技ETF;军工ETF
2025-07-28,2121476.462533461,0.0,2121476.462533461,0.0,False,liquidate,-0.18214666938234872,10,沪深300;创业板;纳指;国债ETF;消费ETF;医药ETF;证券ETF;有色ETF;科技ETF;军工ETF,沪深300;创业板;纳指;国债ETF,消费ETF;医药ETF;证券ETF;有色ETF;科技ETF;军工ETF
2025-07-29,2121644.833681281,0.0,2121644.833681281,0.0,False,liquidate,-0.18208176038785517,9,沪深300;创业板;纳指;消费ETF;医药ETF;证券ETF;有色ETF;科技ETF;军工ETF,沪深300;创业板;纳指,消费ETF;医药ETF;证券ETF;有色ETF;科技ETF;军工ETF
2025-07-30,2121813.218191891,0.0,2121813.218191891,0.0,False,liquidate,-0.18201684624185416,9,沪深300;创业板;纳指;消费ETF;医药ETF;证券ETF;有色ETF;科技ETF;军工ETF,沪深300;创业板;纳指,消费ETF;医药ETF;证券ETF;有色ETF;科技ETF;军工ETF
2025-07-31,2121981.6160663506,0.0,2121981.6160663506,0.0,False,liquidate,-0.18195192694393686,8,沪深300;创业板;纳指;医药ETF;证券ETF;有色ETF;科技ETF;军工ETF,沪深300;创业板;纳指,医药ETF;证券ETF;有色ETF;科技ETF;军工ETF
2025-08-01,2122150.027305721,0.0,2122150.027305721,0.0,False,liquidate,-0.18188700249369436,8,沪深300;创业板;纳指;医药ETF;证券ETF;有色ETF;科技ETF;军工ETF,沪深300;创业板;纳指,医药ETF;证券ETF;有色ETF;科技ETF;军工ETF
2025-08-04,2122318.4519110625,0.0,2122318.4519110625,0.0,False,liquidate,-0.18182207289071772,10,沪深300;创业板;纳指;黄金;消费ETF;医药ETF;证券ETF;有色ETF;科技ETF;军工ETF,沪深300;创业板;纳指;黄金,消费ETF;医药ETF;证券ETF;有色ETF;科技ETF;军工ETF
2025-08-05,2122486.8898834363,0.0,2122486.8898834363,0.0,False,liquidate,-0.18175713813459796,10,沪深300;创业板;纳指;黄金;消费ETF;医药ETF;证券ETF;有色ETF;科技ETF;军工ETF,沪深300;创业板;纳指;黄金,消费ETF;医药ETF;证券ETF;有色ETF;科技ETF;军工ETF
2025-08-06,2122655.3412239035,0.0,2122655.3412239035,0.0,False,liquidate,-0.181692198224926,9,沪深300;创业板;纳指;消费ETF;医药ETF;证券ETF;有色ETF;科技ETF;军工ETF,沪深300;创业板;纳指,消费ETF;医药ETF;证券ETF;有色ETF;科技ETF;军工ETF
2025-08-07,2122823.8059335244,0.0,2122823.8059335244,0.0,False,liquidate,-0.18162725316129308,10,沪深300;创业板;纳指;国债ETF;消费ETF;医药ETF;证券ETF;有色ETF;科技ETF;军工ETF,沪深300;创业板;纳指;国债ETF,消费ETF;医药ETF;证券ETF;有色ETF;科技ETF;军工ETF
2025-08-08,2122992.2840133603,0.0,2122992.2840133603,0.0,False,liquidate,-0.18156230294329004,10,沪深300;创业板;纳指;国债ETF;消费ETF;医药ETF;证券ETF;有色ETF;科技ETF;军工ETF,沪深300;创业板;纳指;国债ETF,消费ETF;医药ETF;证券ETF;有色ETF;科技ETF;军工ETF
2025-08-11,2123160.7754644724,0.0,2123160.7754644724,0.0,False,liquidate,-0.18149734757050778,9,沪深300;创业板;纳指;消费ETF;医药ETF;证券ETF;有色ETF;科技ETF;军工ETF,沪深300;创业板;纳指,消费ETF;医药ETF;证券ETF;有色ETF;科技ETF;军工ETF
2025-08-12,2123329.280287922,0.0,2123329.280287922,0.0,False,liquidate,-0.18143238704253722,9,沪深300;创业板;纳指;消费ETF;医药ETF;证券ETF;有色ETF;科技ETF;军工ETF,沪深300;创业板;纳指,消费ETF;医药ETF;证券ETF;有色ETF;科技ETF;军工ETF
2025-08-13,2123497.79848477,0.0,2123497.79848477,0.0,False,liquidate,-0.18136742135896916,9,沪深300;创业板;纳指;消费ETF;医药ETF;证券ETF;有色ETF;科技ETF;军工ETF,沪深300;创业板;纳指,消费ETF;医药ETF;证券ETF;有色ETF;科技ETF;军工ETF
2025-08-14,2123666.3300560787,0.0,2123666.3300560787,0.0,False,liquidate,-0.18130245051939436,9,沪深300;创业板;纳指;消费ETF;医药ETF;证券ETF;有色ETF;科技ETF;军工ETF,沪深300;创业板;纳指,消费ETF;医药ETF;证券ETF;有色ETF;科技ETF;军工ETF
2025-08-15,2123834.8750029085,0.0,2123834.8750029085,0.0,False,liquidate,-0.18123747452340386,9,沪深300;创业板;纳指;消费ETF;医药ETF;证券ETF;有色ETF;科技ETF;军工ETF,沪深300;创业板;纳指,消费ETF;医药ETF;证券ETF;有色ETF;科技ETF;军工ETF
2025-08-18,2124003.4333263217,0.0,2124003.4333263217,0.0,False,liquidate,-0.1811724933705882,10,沪深300;创业板;纳指;黄金;消费ETF;医药ETF;证券ETF;有色ETF;科技ETF;军工ETF,沪深300;创业板;纳指;黄金,消费ETF;医药ETF;证券ETF;有色ETF;科技ETF;军工ETF
2025-08-19,2124172.0050273794,0.0,2124172.0050273794,0.0,False,liquidate,-0.18110750706053821,9,沪深300;创业板;纳指;消费ETF;医药ETF;证券ETF;有色ETF;科技ETF;军工ETF,沪深300;创业板;纳指,消费ETF;医药ETF;证券ETF;有色ETF;科技ETF;军工ETF
2025-08-20,2124340.5901071434,0.0,2124340.5901071434,0.0,False,liquidate,-0.18104251559284462,9,沪深300;创业板;纳指;消费ETF;医药ETF;证券ETF;有色ETF;科技ETF;军工ETF,沪深300;创业板;纳指,消费ETF;医药ETF;证券ETF;有色ETF;科技ETF;军工ETF
2025-08-21,2124509.188566676,0.0,2124509.188566676,0.0,False,liquidate,-0.18097751896709796,10,沪深300;创业板;纳指;黄金;消费ETF;医药ETF;证券ETF;有色ETF;科技ETF;军工ETF,沪深300;创业板;纳指;黄金,消费ETF;医药ETF;证券ETF;有色ETF;科技ETF;军工ETF
2025-08-22,2124677.8004070385,0.0,2124677.8004070385,0.0,False,liquidate,-0.1809125171828889,10,沪深300;创业板;纳指;黄金;消费ETF;医药ETF;证券ETF;有色ETF;科技ETF;军工ETF,沪深300;创业板;纳指;黄金,消费ETF;医药ETF;证券ETF;有色ETF;科技ETF;军工ETF
2025-08-25,2124846.425629293,0.0,2124846.425629293,0.0,False,liquidate,-0.18084751023980816,10,沪深300;创业板;纳指;黄金;消费ETF;医药ETF;证券ETF;有色ETF;科技ETF;军工ETF,沪深300;创业板;纳指;黄金,消费ETF;医药ETF;证券ETF;有色ETF;科技ETF;军工ETF
2025-08-26,2125015.0642345017,0.0,2125015.0642345017,0.0,False,liquidate,-0.1807824981374463,10,沪深300;创业板;纳指;黄金;消费ETF;医药ETF;证券ETF;有色ETF;科技ETF;军工ETF,沪深300;创业板;纳指;黄金,消费ETF;医药ETF;证券ETF;有色ETF;科技ETF;军工ETF
2025-08-27,2125183.7162237265,0.0,2125183.7162237265,0.0,False,liquidate,-0.18071748087539374,10,沪深300;创业板;纳指;黄金;消费ETF;医药ETF;证券ETF;有色ETF;科技ETF;军工ETF,沪深300;创业板;纳指;黄金,消费ETF;医药ETF;证券ETF;有色ETF;科技ETF;军工ETF
2025-08-28,2125352.38159803,0.0,2125352.38159803,0.0,False,liquidate,-0.1806524584532409,10,沪深300;创业板;纳指;黄金;消费ETF;医药ETF;证券ETF;有色ETF;科技ETF;军工ETF,沪深300;创业板;纳指;黄金,消费ETF;医药ETF;证券ETF;有色ETF;科技ETF;军工ETF
2025-08-29,2125521.0603584745,0.0,2125521.0603584745,0.0,False,liquidate,-0.18058743087057846,10,沪深300;创业板;纳指;黄金;消费ETF;医药ETF;证券ETF;有色ETF;科技ETF;军工ETF,沪深300;创业板;纳指;黄金,消费ETF;医药ETF;证券ETF;有色ETF;科技ETF;军工ETF
2025-09-01,2125689.752506122,0.0,2125689.752506122,0.0,False,liquidate,-0.18052239812699677,10,沪深300;创业板;纳指;黄金;消费ETF;医药ETF;证券ETF;有色ETF;科技ETF;军工ETF,沪深300;创业板;纳指;黄金,消费ETF;医药ETF;证券ETF;有色ETF;科技ETF;军工ETF
2025-09-02,2125858.4580420353,0.0,2125858.4580420353,0.0,False,liquidate,-0.18045736022208617,10,沪深300;创业板;纳指;黄金;消费ETF;医药ETF;证券ETF;有色ETF;科技ETF;军工ETF,沪深300;创业板;纳指;黄金,消费ETF;医药ETF;证券ETF;有色ETF;科技ETF;军工ETF
2025-09-03,2126027.1769672767,0.0,2126027.1769672767,0.0,False,liquidate,-0.18039231715543713,9,沪深300;创业板;纳指;黄金;消费ETF;医药ETF;证券ETF;有色ETF;科技ETF,沪深300;创业板;纳指;黄金,消费ETF;医药ETF;证券ETF;有色ETF;科技ETF
2025-09-04,2126195.9092829092,0.0,2126195.9092829092,0.0,False,liquidate,-0.18032726892663986,9,沪深300;创业板;纳指;黄金;消费ETF;医药ETF;证券ETF;有色ETF;科技ETF,沪深300;创业板;纳指;黄金,消费ETF;医药ETF;证券ETF;有色ETF;科技ETF
2025-09-05,2126364.654989995,0.0,2126364.654989995,0.0,False,liquidate,-0.1802622155352849,9,沪深300;创业板;纳指;黄金;消费ETF;医药ETF;证券ETF;有色ETF;科技ETF,沪深300;创业板;纳指;黄金,消费ETF;医药ETF;证券ETF;有色ETF;科技ETF
2025-09-08,2126533.4140895978,0.0,2126533.4140895978,0.0,False,liquidate,-0.18019715698096217,8,沪深300;创业板;纳指;黄金;消费ETF;医药ETF;证券ETF;有色ETF,沪深300;创业板;纳指;黄金,消费ETF;医药ETF;证券ETF;有色ETF
2025-09-09,2126702.1865827795,0.0,2126702.1865827795,0.0,False,liquidate,-0.18013209326326224,7,沪深300;创业板;纳指;黄金;消费ETF;医药ETF;有色ETF,沪深300;创业板;纳指;黄金,消费ETF;医药ETF;有色ETF
2025-09-10,2126870.9724706034,0.0,2126870.9724706034,0.0,False,liquidate,-0.18006702438177524,7,沪深300;创业板;纳指;黄金;消费ETF;医药ETF;有色ETF,沪深300;创业板;纳指;黄金,消费ETF;医药ETF;有色ETF
2025-09-11,2127039.771754133,0.0,2127039.771754133,0.0,False,liquidate,-0.18000195033609118,8,沪深300;创业板;纳指;黄金;消费ETF;医药ETF;证券ETF;有色ETF,沪深300;创业板;纳指;黄金,消费ETF;医药ETF;证券ETF;有色ETF
2025-09-12,2127208.584434431,1063604.2922172155,1063604.2922172155,0.5,False,halve,-0.17993687112580037,8,沪深300;创业板;纳指;黄金;消费ETF;医药ETF;证券ETF;有色ETF,沪深300;创业板;纳指;黄金,消费ETF;医药ETF;证券ETF;有色ETF
2025-09-15,2124271.168160431,0.0,2124271.168160431,0.0,False,liquidate,-0.18106927854371366,8,沪深300;创业板;纳指;黄金;消费ETF;医药ETF;证券ETF;有色ETF,沪深300;创业板;纳指;黄金,消费ETF;医药ETF;证券ETF;有色ETF
2025-09-16,2124439.7611102853,0.0,2124439.7611102853,0.0,False,liquidate,-0.18100428404201072,9,沪深300;创业板;纳指;黄金;国债ETF;消费ETF;医药ETF;证券ETF;有色ETF,沪深300;创业板;纳指;黄金;国债ETF,消费ETF;医药ETF;证券ETF;有色ETF
2025-09-17,2124608.3674405324,0.0,2124608.3674405324,0.0,False,liquidate,-0.18093928438201393,9,沪深300;创业板;纳指;黄金;国债ETF;消费ETF;医药ETF;证券ETF;有色ETF,沪深300;创业板;纳指;黄金;国债ETF,消费ETF;医药ETF;证券ETF;有色ETF
2025-09-18,2124776.987152234,0.0,2124776.987152234,0.0,False,liquidate,-0.18087427956331403,8,沪深300;创业板;纳指;黄金;国债ETF;消费ETF;医药ETF;有色ETF,沪深300;创业板;纳指;黄金;国债ETF,消费ETF;医药ETF;有色ETF
2025-09-19,2124945.6202464527,0.0,2124945.6202464527,0.0,False,liquidate,-0.18080926958550156,8,沪深300;创业板;纳指;黄金;国债ETF;消费ETF;医药ETF;有色ETF,沪深300;创业板;纳指;黄金;国债ETF,消费ETF;医药ETF;有色ETF
2025-09-22,2125114.2667242503,0.0,2125114.2667242503,0.0,False,liquidate,-0.180744254448167,8,沪深300;创业板;纳指;黄金;国债ETF;消费ETF;医药ETF;有色ETF,沪深300;创业板;纳指;黄金;国债ETF,消费ETF;医药ETF;有色ETF
2025-09-23,2125282.926586689,0.0,2125282.926586689,0.0,False,liquidate,-0.18067923415090087,6,沪深300;创业板;纳指;黄金;医药ETF;有色ETF,沪深300;创业板;纳指;黄金,医药ETF;有色ETF
2025-09-24,2125451.599834831,0.0,2125451.599834831,0.0,False,liquidate,-0.18061420869329373,6,沪深300;创业板;纳指;黄金;医药ETF;有色ETF,沪深300;创业板;纳指;黄金,医药ETF;有色ETF
2025-09-25,2125620.2864697385,0.0,2125620.2864697385,0.0,False,liquidate,-0.18054917807493606,6,沪深300;创业板;纳指;黄金;医药ETF;有色ETF,沪深300;创业板;纳指;黄金,医药ETF;有色ETF
2025-09-26,2125788.986492474,0.0,2125788.986492474,0.0,False,liquidate,-0.18048414229541823,6,沪深300;创业板;纳指;黄金;医药ETF;有色ETF,沪深300;创业板;纳指;黄金,医药ETF;有色ETF
2025-09-29,2125957.6999041005,0.0,2125957.6999041005,0.0,False,liquidate,-0.18041910135433056,7,沪深300;创业板;纳指;黄金;医药ETF;证券ETF;有色ETF,沪深300;创业板;纳指;黄金,医药ETF;证券ETF;有色ETF
2025-09-30,2126126.4267056803,0.0,2126126.4267056803,0.0,False,liquidate,-0.18035405525126338,7,沪深300;创业板;纳指;黄金;医药ETF;有色ETF;军工ETF,沪深300;创业板;纳指;黄金,医药ETF;有色ETF;军工ETF
2025-10-09,2126295.166898276,0.0,2126295.166898276,0.0,False,liquidate,-0.18028900398580708,8,沪深300;创业板;纳指;黄金;医药ETF;证券ETF;有色ETF;军工ETF,沪深300;创业板;纳指;黄金,医药ETF;证券ETF;有色ETF;军工ETF
2025-10-10,2126463.9204829508,0.0,2126463.9204829508,0.0,False,liquidate,-0.18022394755755194,8,沪深300;创业板;纳指;黄金;医药ETF;证券ETF;有色ETF;军工ETF,沪深300;创业板;纳指;黄金,医药ETF;证券ETF;有色ETF;军工ETF
2025-10-13,2126632.687460767,0.0,2126632.687460767,0.0,False,liquidate,-0.18015888596608814,6,沪深300;创业板;纳指;黄金;有色ETF;军工ETF,沪深300;创业板;纳指;黄金,有色ETF;军工ETF
2025-10-14,2126801.467832788,0.0,2126801.467832788,0.0,False,liquidate,-0.18009381921100606,6,沪深300;创业板;纳指;黄金;有色ETF;军工ETF,沪深300;创业板;纳指;黄金,有色ETF;军工ETF
2025-10-15,2126970.261600076,0.0,2126970.261600076,0.0,False,liquidate,-0.18002874729189583,6,沪深300;创业板;纳指;黄金;有色ETF;军工ETF,沪深300;创业板;纳指;黄金,有色ETF;军工ETF
2025-10-16,2127139.068763695,456168.8710528952,1670970.1977108,0.5,False,halve,-0.17996367020834758,5,沪深300;创业板;纳指;黄金;有色ETF,沪深300;创业板;纳指;黄金,有色ETF
2025-10-17,2118437.4291404514,0.0,2118437.4291404514,0.0,False,liquidate,-0.18331825135661345,5,沪深300;创业板;纳指;黄金;有色ETF,沪深300;创业板;纳指;黄金,有色ETF
2025-10-20,2118605.559095145,0.0,2118605.559095145,0.0,False,liquidate,-0.1832534353448163,5,沪深300;创业板;纳指;黄金;有色ETF,沪深300;创业板;纳指;黄金,有色ETF
2025-10-21,2118773.702393486,0.0,2118773.702393486,0.0,False,liquidate,-0.18318861418889126,5,沪深300;创业板;纳指;黄金;有色ETF,沪深300;创业板;纳指;黄金,有色ETF
2025-10-22,2118941.859036533,0.0,2118941.859036533,0.0,False,liquidate,-0.1831237878884301,5,沪深300;创业板;纳指;黄金;有色ETF,沪深300;创业板;纳指;黄金,有色ETF
2025-10-23,2119110.0290253456,0.0,2119110.0290253456,0.0,False,liquidate,-0.18305895644302442,5,沪深300;创业板;纳指;黄金;有色ETF,沪深300;创业板;纳指;黄金,有色ETF
2025-10-24,2119278.212360983,0.0,2119278.212360983,0.0,False,liquidate,-0.18299411985226582,5,沪深300;创业板;纳指;黄金;有色ETF,沪深300;创业板;纳指;黄金,有色ETF
2025-10-27,2119446.4090445037,0.0,2119446.4090445037,0.0,False,liquidate,-0.18292927811574608,7,沪深300;创业板;纳指;黄金;证券ETF;有色ETF;军工ETF,沪深300;创业板;纳指;黄金,证券ETF;有色ETF;军工ETF
2025-10-28,2119614.6190769677,0.0,2119614.6190769677,0.0,False,liquidate,-0.1828644312330568,7,沪深300;创业板;纳指;黄金;证券ETF;有色ETF;军工ETF,沪深300;创业板;纳指;黄金,证券ETF;有色ETF;军工ETF
2025-10-29,2119782.842459434,0.0,2119782.842459434,0.0,False,liquidate,-0.18279957920378956,7,沪深300;创业板;纳指;黄金;证券ETF;有色ETF;军工ETF,沪深300;创业板;纳指;黄金,证券ETF;有色ETF;军工ETF
2025-10-30,2119951.079192963,0.0,2119951.079192963,0.0,False,liquidate,-0.1827347220275358,7,沪深300;创业板;纳指;黄金;证券ETF;有色ETF;军工ETF,沪深300;创业板;纳指;黄金,证券ETF;有色ETF;军工ETF
2025-10-31,2120119.3292786134,0.0,2120119.3292786134,0.0,False,liquidate,-0.18266985970388708,5,沪深300;创业板;纳指;黄金;有色ETF,沪深300;创业板;纳指;黄金,有色ETF
2025-11-03,2120287.592717445,0.0,2120287.592717445,0.0,False,liquidate,-0.18260499223243506,6,沪深300;创业板;纳指;黄金;有色ETF;军工ETF,沪深300;创业板;纳指;黄金,有色ETF;军工ETF
2025-11-04,2120455.869510518,0.0,2120455.869510518,0.0,False,liquidate,-0.18254011961277092,5,沪深300;创业板;纳指;黄金;有色ETF,沪深300;创业板;纳指;黄金,有色ETF
2025-11-05,2120624.159658892,0.0,2120624.159658892,0.0,False,liquidate,-0.1824752418444861,5,沪深300;创业板;纳指;黄金;有色ETF,沪深300;创业板;纳指;黄金,有色ETF
2025-11-06,2120792.463163627,0.0,2120792.463163627,0.0,False,liquidate,-0.1824103589271722,6,沪深300;创业板;纳指;黄金;证券ETF;有色ETF,沪深300;创业板;纳指;黄金,证券ETF;有色ETF
2025-11-07,2120960.780025783,0.0,2120960.780025783,0.0,False,liquidate,-0.18234547086042027,5,沪深300;创业板;纳指;黄金;有色ETF,沪深300;创业板;纳指;黄金,有色ETF
2025-11-10,2121129.11024642,0.0,2121129.11024642,0.0,False,liquidate,-0.1822805776438219,7,沪深300;创业板;纳指;黄金;消费ETF;证券ETF;有色ETF,沪深300;创业板;纳指;黄金,消费ETF;证券ETF;有色ETF
2025-11-11,2121297.4538265984,0.0,2121297.4538265984,0.0,False,liquidate,-0.18221567927696816,6,沪深300;创业板;纳指;黄金;消费ETF;有色ETF,沪深300;创业板;纳指;黄金,消费ETF;有色ETF
2025-11-12,2121465.810767378,0.0,2121465.810767378,0.0,False,liquidate,-0.1821507757594505,6,沪深300;创业板;纳指;黄金;消费ETF;有色ETF,沪深300;创业板;纳指;黄金,消费ETF;有色ETF
2025-11-13,2121634.18106982,0.0,2121634.18106982,0.0,False,liquidate,-0.18208586709085992,6,沪深300;创业板;纳指;黄金;消费ETF;有色ETF,沪深300;创业板;纳指;黄金,消费ETF;有色ETF
2025-11-14,2121802.5647349847,0.0,2121802.5647349847,0.0,False,liquidate,-0.18202095327078768,5,沪深300;创业板;纳指;黄金;有色ETF,沪深300;创业板;纳指;黄金,有色ETF
2025-11-17,2121970.961763932,0.0,2121970.961763932,0.0,False,liquidate,-0.18195603429882504,5,沪深300;创业板;纳指;黄金;有色ETF,沪深300;创业板;纳指;黄金,有色ETF
2025-11-18,2122139.3721577227,0.0,2122139.3721577227,0.0,False,liquidate,-0.18189111017456303,4,沪深300;纳指;黄金;有色ETF,沪深300;纳指;黄金,有色ETF
2025-11-19,2122307.795917418,0.0,2122307.795917418,0.0,False,liquidate,-0.18182618089759273,4,沪深300;纳指;黄金;有色ETF,沪深300;纳指;黄金,有色ETF
2025-11-20,2122476.233044078,0.0,2122476.233044078,0.0,False,liquidate,-0.1817612464675052,4,沪深300;纳指;黄金;有色ETF,沪深300;纳指;黄金,有色ETF
2025-11-21,2122644.6835387642,0.0,2122644.6835387642,0.0,False,liquidate,-0.18169630688389146,2,纳指;黄金,纳指;黄金,
2025-11-24,2122813.147402537,0.0,2122813.147402537,0.0,False,liquidate,-0.1816313621463426,2,纳指;黄金,纳指;黄金,
2025-11-25,2122981.624636458,0.0,2122981.624636458,0.0,False,liquidate,-0.1815664122544495,3,纳指;黄金;国债ETF,纳指;黄金;国债ETF,
2025-11-26,2123150.1152415876,0.0,2123150.1152415876,0.0,False,liquidate,-0.18150145720780303,3,纳指;黄金;国债ETF,纳指;黄金;国债ETF,
2025-11-27,2123318.619218988,0.0,2123318.619218988,0.0,False,liquidate,-0.1814364970059941,3,纳指;黄金;国债ETF,纳指;黄金;国债ETF,
2025-11-28,2123487.1365697198,0.0,2123487.1365697198,0.0,False,liquidate,-0.18137153164861353,3,纳指;黄金;国债ETF,纳指;黄金;国债ETF,
2025-12-01,2123655.6672948445,0.0,2123655.6672948445,0.0,False,liquidate,-0.18130656113525223,4,纳指;黄金;国债ETF;有色ETF,纳指;黄金;国债ETF,有色ETF
2025-12-02,2123824.2113954234,0.0,2123824.2113954234,0.0,False,liquidate,-0.1812415854655011,4,纳指;黄金;国债ETF;有色ETF,纳指;黄金;国债ETF,有色ETF
2025-12-03,2123992.7688725186,0.0,2123992.7688725186,0.0,False,liquidate,-0.18117660463895063,4,纳指;黄金;国债ETF;有色ETF,纳指;黄金;国债ETF,有色ETF
2025-12-04,2124161.3397271913,0.0,2124161.3397271913,0.0,False,liquidate,-0.1811116186551917,4,纳指;黄金;国债ETF;有色ETF,纳指;黄金;国债ETF,有色ETF
2025-12-05,2124329.923960503,0.0,2124329.923960503,0.0,False,liquidate,-0.18104662751381503,7,沪深300;创业板;纳指;黄金;国债ETF;有色ETF;军工ETF,沪深300;创业板;纳指;黄金;国债ETF,有色ETF;军工ETF
2025-12-08,2124498.521573516,0.0,2124498.521573516,0.0,False,liquidate,-0.18098163121441133,8,沪深300;创业板;纳指;黄金;国债ETF;有色ETF;科技ETF;军工ETF,沪深300;创业板;纳指;黄金;国债ETF,有色ETF;科技ETF;军工ETF
2025-12-09,2124667.1325672916,0.0,2124667.1325672916,0.0,False,liquidate,-0.18091662975657125,7,沪深300;创业板;纳指;国债ETF;有色ETF;科技ETF;军工ETF,沪深300;创业板;纳指;国债ETF,有色ETF;科技ETF;军工ETF
2025-12-10,2124835.7569428924,0.0,2124835.7569428924,0.0,False,liquidate,-0.18085162313988515,6,创业板;纳指;国债ETF;有色ETF;科技ETF;军工ETF,创业板;纳指;国债ETF,有色ETF;科技ETF;军工ETF
2025-12-11,2125004.3947013803,0.0,2125004.3947013803,0.0,False,liquidate,-0.18078661136394375,7,沪深300;创业板;纳指;国债ETF;有色ETF;科技ETF;军工ETF,沪深300;创业板;纳指;国债ETF,有色ETF;科技ETF;军工ETF
2025-12-12,2125173.045843817,0.0,2125173.045843817,0.0,False,liquidate,-0.18072159442833774,7,沪深300;创业板;纳指;国债ETF;有色ETF;科技ETF;军工ETF,沪深300;创业板;纳指;国债ETF,有色ETF;科技ETF;军工ETF
2025-12-15,2125341.7103712647,0.0,2125341.7103712647,0.0,False,liquidate,-0.18065657233265747,5,创业板;纳指;国债ETF;有色ETF;军工ETF,创业板;纳指;国债ETF,有色ETF;军工ETF
2025-12-16,2125510.388284786,0.0,2125510.388284786,0.0,False,liquidate,-0.18059154507649344,4,创业板;黄金;国债ETF;军工ETF,创业板;黄金;国债ETF,军工ETF
2025-12-17,2125679.0795854437,0.0,2125679.0795854437,0.0,False,liquidate,-0.180526512659436,7,创业板;纳指;黄金;国债ETF;有色ETF;科技ETF;军工ETF,创业板;纳指;黄金;国债ETF,有色ETF;科技ETF;军工ETF
2025-12-18,2125847.7842742996,0.0,2125847.7842742996,0.0,False,liquidate,-0.18046147508107566,4,黄金;国债ETF;有色ETF;军工ETF,黄金;国债ETF,有色ETF;军工ETF
2025-12-19,2126016.5023524165,0.0,2126016.5023524165,0.0,False,liquidate,-0.18039643234100278,5,黄金;国债ETF;有色ETF;科技ETF;军工ETF,黄金;国债ETF,有色ETF;科技ETF;军工ETF
2025-12-22,2126185.2338208575,0.0,2126185.2338208575,0.0,False,liquidate,-0.1803313844388075,5,黄金;国债ETF;有色ETF;科技ETF;军工ETF,黄金;国债ETF,有色ETF;科技ETF;军工ETF
2025-12-23,2126353.9786806847,0.0,2126353.9786806847,0.0,False,liquidate,-0.18026633137408038,5,黄金;国债ETF;有色ETF;科技ETF;军工ETF,黄金;国债ETF,有色ETF;科技ETF;军工ETF
2025-12-24,2126522.736932961,0.0,2126522.736932961,0.0,False,liquidate,-0.18020127314641168,6,黄金;国债ETF;证券ETF;有色ETF;科技ETF;军工ETF,黄金;国债ETF,证券ETF;有色ETF;科技ETF;军工ETF
2025-12-25,2126691.5085787494,0.0,2126691.5085787494,0.0,False,liquidate,-0.1801362097553915,8,沪深300;创业板;黄金;国债ETF;证券ETF;有色ETF;科技ETF;军工ETF,沪深300;创业板;黄金;国债ETF,证券ETF;有色ETF;科技ETF;军工ETF
2025-12-26,2126860.293619113,0.0,2126860.293619113,0.0,False,liquidate,-0.18007114120061005,7,沪深300;创业板;黄金;证券ETF;有色ETF;科技ETF;军工ETF,沪深300;创业板;黄金,证券ETF;有色ETF;科技ETF;军工ETF
2025-12-29,2127029.0920551145,0.0,2127029.0920551145,0.0,False,liquidate,-0.18000606748165776,7,沪深300;创业板;黄金;证券ETF;有色ETF;科技ETF;军工ETF,沪深300;创业板;黄金,证券ETF;有色ETF;科技ETF;军工ETF
2025-12-30,2127197.903887817,1063598.9519439086,1063598.9519439086,0.5,False,halve,-0.17994098859812457,8,沪深300;创业板;纳指;黄金;证券ETF;有色ETF;科技ETF;军工ETF,沪深300;创业板;纳指;黄金,证券ETF;有色ETF;科技ETF;军工ETF
2025-12-31,2132863.238272351,1066431.6191361756,1066431.6191361756,0.5,False,halve,-0.1777569376895792,5,黄金;证券ETF;有色ETF;科技ETF;军工ETF,黄金,证券ETF;有色ETF;科技ETF;军工ETF
2026-01-05,2161405.871032863,1080702.9355164315,1080702.9355164315,0.5,False,halve,-0.16675342778501773,9,沪深300;创业板;纳指;黄金;医药ETF;证券ETF;有色ETF;科技ETF;军工ETF,沪深300;创业板;纳指;黄金,医药ETF;证券ETF;有色ETF;科技ETF;军工ETF
2026-01-06,2190616.9663600093,1095308.4831800046,1095308.4831800046,0.5,False,halve,-0.1554922179501622,8,沪深300;创业板;黄金;医药ETF;证券ETF;有色ETF;科技ETF;军工ETF,沪深300;创业板;黄金,医药ETF;证券ETF;有色ETF;科技ETF;军工ETF
2026-01-07,2188594.805793335,1094297.4028966676,1094297.4028966676,0.5,False,halve,-0.15627178387215362,8,沪深300;创业板;黄金;医药ETF;证券ETF;有色ETF;科技ETF;军工ETF,沪深300;创业板;黄金,医药ETF;证券ETF;有色ETF;科技ETF;军工ETF
2026-01-08,2188311.168215439,1094155.5841077196,1094155.5841077196,0.5,False,halve,-0.15638112938782037,8,沪深300;创业板;黄金;医药ETF;证券ETF;有色ETF;科技ETF;军工ETF,沪深300;创业板;黄金,医药ETF;证券ETF;有色ETF;科技ETF;军工ETF
2026-01-09,2207203.831714643,1103601.9158573216,1103601.9158573216,0.5,False,halve,-0.1490977925043131,8,沪深300;创业板;黄金;医药ETF;证券ETF;有色ETF;科技ETF;军工ETF,沪深300;创业板;黄金,医药ETF;证券ETF;有色ETF;科技ETF;军工ETF
2026-01-12,2233201.576158343,1116600.7880791714,1116600.7880791714,0.5,False,halve,-0.13907536602099735,8,沪深300;创业板;黄金;医药ETF;证券ETF;有色ETF;科技ETF;军工ETF,沪深300;创业板;黄金,医药ETF;证券ETF;有色ETF;科技ETF;军工ETF
2026-01-13,2216973.0101103983,1108486.5050551991,1108486.5050551991,0.5,False,halve,-0.1453316630046603,9,沪深300;创业板;纳指;黄金;医药ETF;证券ETF;有色ETF;科技ETF;军工ETF,沪深300;创业板;纳指;黄金,医药ETF;证券ETF;有色ETF;科技ETF;军工ETF
2026-01-14,2219109.4152514497,1109554.7076257248,1109554.7076257248,0.5,False,halve,-0.14450805449850182,9,沪深300;创业板;纳指;黄金;医药ETF;证券ETF;有色ETF;科技ETF;军工ETF,沪深300;创业板;纳指;黄金,医药ETF;证券ETF;有色ETF;科技ETF;军工ETF
2026-01-15,2214565.8455540654,1107282.9227770327,1107282.9227770327,0.5,False,halve,-0.14625965234817181,9,沪深300;创业板;纳指;黄金;医药ETF;证券ETF;有色ETF;科技ETF;军工ETF,沪深300;创业板;纳指;黄金,医药ETF;证券ETF;有色ETF;科技ETF;军工ETF
2026-01-16,2207664.925457881,1103832.4627289404,1103832.4627289404,0.5,False,halve,-0.14892003561645983,7,沪深300;创业板;黄金;医药ETF;有色ETF;科技ETF;军工ETF,沪深300;创业板;黄金,医药ETF;有色ETF;科技ETF;军工ETF
2026-01-19,2208842.9366550324,1104421.4683275162,1104421.4683275162,0.5,False,halve,-0.14846589888757772,8,沪深300;创业板;纳指;黄金;医药ETF;有色ETF;科技ETF;军工ETF,沪深300;创业板;纳指;黄金,医药ETF;有色ETF;科技ETF;军工ETF
2026-01-20,2193695.2360492004,1096847.6180246002,1096847.6180246002,0.5,False,halve,-0.15430550993699013,8,沪深300;创业板;纳指;黄金;医药ETF;有色ETF;科技ETF;军工ETF,沪深300;创业板;纳指;黄金,医药ETF;有色ETF;科技ETF;军工ETF
2026-01-21,2207520.146179717,886224.6546103253,1321295.4915693917,0.5,False,halve,-0.1489758496765929,6,沪深300;创业板;黄金;有色ETF;科技ETF;军工ETF,沪深300;创业板;黄金,有色ETF;科技ETF;军工ETF
2026-01-22,2217806.3413348673,914172.9398636578,1303633.4014712095,0.5,False,halve,-0.14501040432964027,6,沪深300;创业板;黄金;有色ETF;科技ETF;军工ETF,沪深300;创业板;黄金,有色ETF;科技ETF;军工ETF
2026-01-23,2231615.1458372753,938721.4709158181,1292893.6749214572,0.5,False,halve,-0.13968695297225134,6,沪深300;创业板;黄金;有色ETF;科技ETF;军工ETF,沪深300;创业板;黄金,有色ETF;科技ETF;军工ETF
2026-01-26,2231198.840068914,960905.637633048,1270293.202435866,0.5,False,halve,-0.1398474435858512,6,沪深300;创业板;黄金;有色ETF;科技ETF;军工ETF,沪深300;创业板;黄金,有色ETF;科技ETF;军工ETF
2026-01-27,2237456.0652878303,993814.5785282508,1243641.4867595795,0.5,False,halve,-0.13743521202161119,6,沪深300;创业板;黄金;有色ETF;科技ETF;军工ETF,沪深300;创业板;黄金,有色ETF;科技ETF;军工ETF
2026-01-28,2255895.7751203002,1011874.2830945881,1244021.492025712,0.5,False,halve,-0.13032649393378526,6,沪深300;创业板;黄金;有色ETF;科技ETF;军工ETF,沪深300;创业板;黄金,有色ETF;科技ETF;军工ETF
2026-01-29,2249114.410966456,1302483.9058151944,946630.5051512616,0.5,False,halve,-0.13294078702508333,7,沪深300;创业板;黄金;消费ETF;有色ETF;科技ETF;军工ETF,沪深300;创业板;黄金,消费ETF;有色ETF;科技ETF;军工ETF
2026-01-30,2205209.544667881,816602.3798959162,1388607.1647719648,0.5,False,halve,-0.14986661286702138,7,沪深300;创业板;黄金;国债ETF;有色ETF;科技ETF;军工ETF,沪深300;创业板;黄金;国债ETF,有色ETF;科技ETF;军工ETF
2026-02-02,2164052.619905322,645315.3979891676,1518737.2219161543,0.299931950087783,False,halve,-0.16573307595982517,5,创业板;黄金;有色ETF;科技ETF;军工ETF,创业板;黄金,有色ETF;科技ETF;军工ETF
2026-02-03,2191338.407906328,607809.6883082488,1583528.719598079,0.42882443415331506,False,halve,-0.15521409402000177,6,创业板;黄金;国债ETF;有色ETF;科技ETF;军工ETF,创业板;黄金;国债ETF,有色ETF;科技ETF;军工ETF
2026-02-04,2187852.6427098354,654456.4739316271,1533396.1687782083,0.29016920686488545,False,halve,-0.1565578961908248,5,创业板;黄金;消费ETF;有色ETF;军工ETF,创业板;黄金,消费ETF;有色ETF;军工ETF
2026-02-05,2176810.502159513,654633.0834266047,1522177.4187329083,0.2856639433434981,False,halve,-0.16081476709451833,5,创业板;黄金;消费ETF;有色ETF;军工ETF,创业板;黄金,消费ETF;有色ETF;军工ETF
2026-02-06,2171276.630629853,669159.574967815,1502117.0556620378,0.2927435306178714,False,halve,-0.1629481375757246,5,创业板;黄金;消费ETF;有色ETF;军工ETF,创业板;黄金,消费ETF;有色ETF;军工ETF
2026-02-09,2180468.3619397553,797605.9032903104,1382862.4586494449,0.47430720468457427,False,halve,-0.15940462050225734,8,沪深300;创业板;黄金;国债ETF;消费ETF;有色ETF;科技ETF;军工ETF,沪深300;创业板;黄金;国债ETF,消费ETF;有色ETF;科技ETF;军工ETF
2026-02-10,2178510.9100742154,649049.3410210232,1529461.5690531922,0.48860255329856717,False,halve,-0.1601592404832133,7,沪深300;创业板;黄金;国债ETF;有色ETF;科技ETF;军工ETF,沪深300;创业板;黄金;国债ETF,有色ETF;科技ETF;军工ETF
2026-02-11,2179913.2497630776,531650.3153550704,1648262.9344080072,0.5,False,halve,-0.15961862256665926,6,沪深300;创业板;黄金;国债ETF;有色ETF;军工ETF,沪深300;创业板;黄金;国债ETF,有色ETF;军工ETF
2026-02-12,2185457.954420953,688519.0722293004,1496938.8821916527,0.5,False,halve,-0.1574810757911842,7,沪深300;创业板;黄金;国债ETF;有色ETF;科技ETF;军工ETF,沪深300;创业板;黄金;国债ETF,有色ETF;科技ETF;军工ETF
2026-02-13,2177366.060683009,554541.985800811,1622824.0748821981,0.5,False,halve,-0.16060059295833595,6,沪深300;创业板;黄金;国债ETF;有色ETF;军工ETF,沪深300;创业板;黄金;国债ETF,有色ETF;军工ETF
2026-02-24,2189331.364886554,704107.9693608175,1485223.3955257365,0.5,False,halve,-0.15598783195554067,7,沪深300;创业板;黄金;国债ETF;有色ETF;科技ETF;军工ETF,沪深300;创业板;黄金;国债ETF,有色ETF;科技ETF;军工ETF
2026-02-25,2203731.9667030983,713126.2393578162,1490605.7273452822,0.5,False,halve,-0.1504362359955767,7,沪深300;创业板;黄金;国债ETF;有色ETF;科技ETF;军工ETF,沪深300;创业板;黄金;国债ETF,有色ETF;科技ETF;军工ETF
2026-02-26,2209672.1163269244,736052.6769937002,1473619.4393332242,0.3325141444115408,False,halve,-0.14814624068334412,5,创业板;黄金;有色ETF;科技ETF;军工ETF,创业板;黄金,有色ETF;科技ETF;军工ETF
2026-02-27,2214122.344216621,760374.2021691009,1453748.1420475203,0.34178215118293587,False,halve,-0.14643062716329144,5,创业板;黄金;有色ETF;科技ETF;军工ETF,创业板;黄金,有色ETF;科技ETF;军工ETF
2026-03-02,2227788.111840711,775662.5926503729,1452125.519190338,0.3437717367275124,False,halve,-0.14116231815105673,5,创业板;黄金;有色ETF;科技ETF;军工ETF,创业板;黄金,有色ETF;科技ETF;军工ETF
2026-03-03,2186713.5226007835,362651.24647684005,1824062.2761239435,0.41901670928267387,False,halve,-0.15699703996244557,3,黄金;国债ETF;有色ETF,黄金;国债ETF,有色ETF
2026-03-04,2184248.183101733,507656.38445308857,1676591.7986486447,0.420906416913713,False,halve,-0.1579474564087321,4,黄金;国债ETF;有色ETF;军工ETF,黄金;国债ETF,有色ETF;军工ETF
2026-03-05,2184189.7792702424,523455.8433202566,1660733.9359499859,0.4338337243836339,False,halve,-0.15796997175073524,4,黄金;国债ETF;有色ETF;军工ETF,黄金;国债ETF,有色ETF;军工ETF
2026-03-06,2181636.4086428275,538050.137639015,1643586.2710038126,0.5,False,halve,-0.1589543251992947,5,创业板;黄金;国债ETF;有色ETF;军工ETF,创业板;黄金;国债ETF,有色ETF;军工ETF
2026-03-09,2173870.6107706227,399782.0156325541,1774088.5951380688,0.459537957979297,False,halve,-0.16194812869740258,3,黄金;国债ETF;有色ETF,黄金;国债ETF,有色ETF
2026-03-10,2177908.2676086985,561698.9275137753,1616209.340094923,0.47316226284669033,False,halve,-0.16039156601512428,4,黄金;国债ETF;有色ETF;军工ETF,黄金;国债ETF,有色ETF;军工ETF
2026-03-11,2172961.5306244637,423967.63701046625,1748993.8936139974,0.5,False,halve,-0.16229858944418205,4,创业板;黄金;国债ETF;有色ETF,创业板;黄金;国债ETF,有色ETF
2026-03-12,2169926.649734455,0.0,2169926.649734455,0.5,False,halve,-0.1634685705812611,3,创业板;黄金;国债ETF,创业板;黄金;国债ETF,
2026-03-13,2170098.866135228,1256236.5286014865,913862.3375337415,0.5,False,halve,-0.1634021791979738,3,黄金;国债ETF;消费ETF,黄金;国债ETF,消费ETF
2026-03-16,2184647.872174395,1264125.8222703352,920522.0499040596,0.5,False,halve,-0.15779337172051577,3,黄金;国债ETF;消费ETF,黄金;国债ETF,消费ETF
2026-03-17,2181520.6109425495,1298256.7605362572,883263.8504062924,0.5,False,halve,-0.15899896653117973,3,黄金;国债ETF;消费ETF,黄金;国债ETF,消费ETF
2026-03-18,2171705.507487709,1309239.0223300252,862466.485157684,0.5,False,halve,-0.16278280066399486,4,创业板;黄金;国债ETF;消费ETF,创业板;黄金;国债ETF,消费ETF
2026-03-19,2151683.3328251727,0.0,2151683.3328251727,0.5,False,halve,-0.17050157696114435,2,黄金;国债ETF,黄金;国债ETF,
2026-03-20,2151854.101343651,0.0,2151854.101343651,0.5,False,halve,-0.17043574375296666,2,黄金;国债ETF,黄金;国债ETF,
2026-03-23,2152024.8834151863,0.0,2152024.8834151863,0.5,False,halve,-0.1703699053199311,1,国债ETF,国债ETF,
2026-03-24,2152195.6790408543,0.0,2152195.6790408543,0.5,False,halve,-0.1703040616616231,1,国债ETF,国债ETF,
2026-03-25,2152366.4882217306,0.0,2152366.4882217306,0.3835497314644028,False,halve,-0.170238212777628,1,创业板,创业板,
2026-03-26,2152537.310958891,0.0,2152537.310958891,0.5,False,halve,-0.17017235866753092,0,,,
2026-03-27,2152537.310958891,0.0,2152537.310958891,0.5,False,halve,-0.17017235866753092,1,国债ETF,国债ETF,
2026-03-30,2152708.147253412,0.0,2152708.147253412,0.5,False,halve,-0.1701064993309172,1,国债ETF,国债ETF,
2026-03-31,2152878.9971063687,0.0,2152878.9971063687,0.5,False,halve,-0.17004063476737194,1,国债ETF,国债ETF,
2026-04-01,2153049.8605188373,777886.1468128017,1375163.7137060356,0.5,False,halve,-0.16997476497648048,2,国债ETF;医药ETF,国债ETF,医药ETF
2026-04-02,2146968.9250572873,793442.0149811505,1353526.9100761367,0.5,False,halve,-0.17231903483208877,1,医药ETF,,医药ETF
2026-04-03,2134347.331544808,0.0,2134347.331544808,0.5,False,halve,-0.1771848028357347,1,国债ETF,国债ETF,
2026-04-07,2134516.724190169,0.0,2134516.724190169,0.5,False,halve,-0.1771195000423089,1,国债ETF,国债ETF,
2026-04-08,2134686.1302793906,738003.0815507221,1396683.0487286686,0.2986940617365342,False,halve,-0.17705419206612172,3,创业板;医药ETF;科技ETF,创业板,医药ETF;科技ETF
2026-04-09,2131762.491481385,757991.6705991973,1373770.820882188,0.3063221468466344,False,halve,-0.17818128811017409,3,创业板;医药ETF;科技ETF,创业板,医药ETF;科技ETF
2026-04-10,2142856.907442037,773243.7470668996,1369613.1603751373,0.2935026950935051,False,halve,-0.17390426444061094,3,创业板;医药ETF;科技ETF,创业板,医药ETF;科技ETF
2026-04-13,2143070.7187630255,586893.2920570405,1556177.4267059849,0.38348786196126455,False,halve,-0.17382183774199683,3,沪深300;创业板;科技ETF,沪深300;创业板,科技ETF
2026-04-14,2156893.881585337,808737.9452660602,1348155.9363192772,0.3034308234420357,False,halve,-0.16849285108880674,3,创业板;医药ETF;科技ETF,创业板,医药ETF;科技ETF
2026-04-15,2155099.064890897,831138.46388801,1323960.601002887,0.344582734513866,False,halve,-0.1691847733596026,4,创业板;纳指;医药ETF;科技ETF,创业板;纳指,医药ETF;科技ETF
2026-04-16,2164013.4428200508,742845.3359032903,1421168.1069167606,0.38743345732829504,False,halve,-0.16574817917225232,6,沪深300;创业板;纳指;医药ETF;有色ETF;科技ETF,沪深300;创业板;纳指,医药ETF;有色ETF;科技ETF
2026-04-17,2161252.1309858453,618794.6532706777,1542457.4777151677,0.3992745582685656,False,halve,-0.16681269632356774,5,沪深300;创业板;纳指;有色ETF;科技ETF,沪深300;创业板;纳指,有色ETF;科技ETF
2026-04-20,2165828.3244720455,679491.1595586828,1486337.1649133628,0.4116270223373344,False,halve,-0.16504852163186734,6,沪深300;创业板;纳指;有色ETF;科技ETF;军工ETF,沪深300;创业板;纳指,有色ETF;科技ETF;军工ETF
2026-04-21,2163227.7330217687,696954.2427528829,1466273.4902688859,0.4244265932153195,False,halve,-0.16605107924527812,6,沪深300;创业板;纳指;有色ETF;科技ETF;军工ETF,沪深300;创业板;纳指,有色ETF;科技ETF;军工ETF
2026-04-22,2171076.7813056447,718093.9255270294,1452982.8557786152,0.5,False,halve,-0.16302518176561404,7,沪深300;创业板;纳指;国债ETF;有色ETF;科技ETF;军工ETF,沪深300;创业板;纳指;国债ETF,有色ETF;科技ETF;军工ETF
2026-04-23,2160507.1254677004,746056.4019741588,1414450.7234935416,0.5,False,halve,-0.16709990443315748,6,沪深300;创业板;纳指;国债ETF;科技ETF;军工ETF,沪深300;创业板;纳指;国债ETF,科技ETF;军工ETF
2026-04-24,2148763.0053335577,739235.4288953403,1409527.5764382174,0.5,False,halve,-0.17162739645888195,6,沪深300;创业板;纳指;国债ETF;科技ETF;军工ETF,沪深300;创业板;纳指;国债ETF,科技ETF;军工ETF
2026-04-27,2155855.1709299823,762015.1492336512,1393840.021696331,0.469060775210684,False,halve,-0.16889328587280408,5,沪深300;创业板;纳指;科技ETF;军工ETF,沪深300;创业板;纳指,科技ETF;军工ETF
2026-04-28,2146023.902982823,1073011.9514914115,1073011.9514914115,0.5,False,halve,-0.1726833516014508,6,沪深300;创业板;纳指;国债ETF;医药ETF;科技ETF,沪深300;创业板;纳指;国债ETF,医药ETF;科技ETF
2026-04-29,2151320.0687675024,975251.929724415,1176068.1390430876,0.48958032005137997,False,halve,-0.17064161939136038,8,沪深300;创业板;纳指;医药ETF;证券ETF;有色ETF;科技ETF;军工ETF,沪深300;创业板;纳指,医药ETF;证券ETF;有色ETF;科技ETF;军工ETF
2026-04-30,2153081.7666967423,1076540.8833483711,1076540.8833483711,0.5,False,halve,-0.16996246478162674,9,沪深300;创业板;纳指;国债ETF;医药ETF;证券ETF;有色ETF;科技ETF;军工ETF,沪深300;创业板;纳指;国债ETF,医药ETF;证券ETF;有色ETF;科技ETF;军工ETF
2026-05-06,2175269.4746129867,852691.2305692207,1322578.244043766,0.487944787415988,False,halve,-0.16140885075924827,7,沪深300;创业板;纳指;证券ETF;有色ETF;科技ETF;军工ETF,沪深300;创业板;纳指,证券ETF;有色ETF;科技ETF;军工ETF
2026-05-07,2181260.5295787416,1090630.2647893708,1090630.2647893708,0.5,False,halve,-0.15909923085811356,9,沪深300;创业板;纳指;国债ETF;医药ETF;证券ETF;有色ETF;科技ETF;军工ETF,沪深300;创业板;纳指;国债ETF,医药ETF;证券ETF;有色ETF;科技ETF;军工ETF
2026-05-08,2180357.5021380847,906643.705250146,1273713.7968879389,0.5,False,halve,-0.1594473582180082,8,沪深300;创业板;纳指;国债ETF;证券ETF;有色ETF;科技ETF;军工ETF,沪深300;创业板;纳指;国债ETF,证券ETF;有色ETF;科技ETF;军工ETF
2026-05-11,2195098.7932284847,1097549.3966142423,1097549.3966142423,0.5,False,halve,-0.15376442266401652,9,沪深300;创业板;纳指;国债ETF;医药ETF;证券ETF;有色ETF;科技ETF;军工ETF,沪深300;创业板;纳指;国债ETF,医药ETF;证券ETF;有色ETF;科技ETF;军工ETF
2026-05-12,2195559.334116161,1097779.6670580804,1097779.6670580804,0.5,False,halve,-0.1535868789082768,9,沪深300;创业板;纳指;国债ETF;医药ETF;证券ETF;有色ETF;科技ETF;军工ETF,沪深300;创业板;纳指;国债ETF,医药ETF;证券ETF;有色ETF;科技ETF;军工ETF
2026-05-13,2205034.604454424,1102517.302227212,1102517.302227212,0.5,False,halve,-0.14993405431111062,9,沪深300;创业板;纳指;国债ETF;医药ETF;证券ETF;有色ETF;科技ETF;军工ETF,沪深300;创业板;纳指;国债ETF,医药ETF;证券ETF;有色ETF;科技ETF;军工ETF
2026-05-14,2170722.8906226307,834426.6037790038,1336296.2868436268,0.5,False,halve,-0.16316161065317844,8,沪深300;创业板;纳指;国债ETF;证券ETF;有色ETF;科技ETF;军工ETF,沪深300;创业板;纳指;国债ETF,证券ETF;有色ETF;科技ETF;军工ETF
2026-05-15,2150014.6546461987,718872.3983524712,1431142.2562937276,0.5,False,halve,-0.17114487139806356,6,沪深300;创业板;纳指;国债ETF;科技ETF;军工ETF,沪深300;创业板;纳指;国债ETF,科技ETF;军工ETF
2026-05-18,2150913.3078858834,741574.305333742,1409339.0025521414,0.5,False,halve,-0.1707984303424467,6,沪深300;创业板;纳指;国债ETF;科技ETF;军工ETF,沪深300;创业板;纳指;国债ETF,科技ETF;军工ETF
2026-05-19,2152428.1216275496,765366.9190668837,1387061.202560666,0.5,False,halve,-0.1702144523979506,6,沪深300;创业板;纳指;国债ETF;科技ETF;军工ETF,沪深300;创业板;纳指;国债ETF,科技ETF;军工ETF
2026-05-20,2157688.49314104,790151.3598226276,1367537.1333184126,0.5,False,halve,-0.1681865192869432,6,沪深300;创业板;纳指;国债ETF;科技ETF;军工ETF,沪深300;创业板;纳指;国债ETF,科技ETF;军工ETF
2026-05-21,2140482.7209285153,692330.8292581296,1448151.8916703858,0.5,False,halve,-0.1748195403731435,6,沪深300;创业板;纳指;黄金;国债ETF;科技ETF,沪深300;创业板;纳指;黄金;国债ETF,科技ETF
2026-05-22,2171212.7484730342,654483.0090011419,1516729.7394718924,0.5,False,halve,-0.16297276487451573,6,沪深300;创业板;纳指;黄金;国债ETF;科技ETF,沪深300;创业板;纳指;黄金;国债ETF,科技ETF
2026-05-25,2200993.9437221913,734927.1563687483,1466066.787353443,0.5,False,halve,-0.15149177502878772,6,沪深300;创业板;纳指;国债ETF;科技ETF;军工ETF,沪深300;创业板;纳指;国债ETF,科技ETF;军工ETF
2026-05-26,2199378.5408576787,671920.6622004289,1527457.8786572497,0.5,False,halve,-0.1521145312254099,7,沪深300;创业板;纳指;黄金;国债ETF;有色ETF;科技ETF,沪深300;创业板;纳指;黄金;国债ETF,有色ETF;科技ETF
2026-05-27,2181883.075373272,639127.1410077594,1542755.9343655126,0.5,False,halve,-0.15885923236625635,5,沪深300;创业板;纳指;国债ETF;科技ETF,沪深300;创业板;纳指;国债ETF,科技ETF
2026-05-28,2189258.022885071,661198.9883833899,1528059.034501681,0.5,False,halve,-0.15601610613215597,5,沪深300;创业板;纳指;国债ETF;科技ETF,沪深300;创业板;纳指;国债ETF,科技ETF
