date,nav,exposure,repo_amount,final_multiplier,circuit_breaker_triggered,drawdown_level,drawdown,n_positions,position_names,defense_active,offense_top
2012-06-12,1000000.0,700000.0,300000.0,0.43587299225712584,False,normal,0.0,1,创业板,创业板,
2012-06-13,1010391.363022942,707273.9541160594,303117.4089068826,0.4388351995639071,False,normal,0.0,1,创业板,创业板,
2012-06-14,1003807.6958968616,702665.387127803,301142.30876905855,0.4438009274901637,False,normal,-0.006515957446808541,1,创业板,创业板,
2012-06-15,1005694.0459294195,703985.8321505936,301708.2137788258,0.45768577074209915,False,normal,-0.004649007568185105,1,创业板,创业板,
2012-06-18,1017003.0552812362,711902.1386968653,305100.9165843709,0.4577005882278565,False,normal,0.0,1,创业板,创业板,
2012-06-19,1010437.4229085378,707306.1960359764,303131.2268725614,0.46189807059950455,False,normal,-0.006455862977602142,1,创业板,创业板,
2012-06-20,1012318.5564086335,708622.9894860433,303695.56692259014,0.4763723340371563,False,normal,-0.004606179743783841,1,创业板,创业板,
2012-06-21,1002920.3735242032,702044.2614669421,300876.11205726105,0.4727561420270043,False,normal,-0.013847236430512633,1,创业板,创业板,
2012-06-25,989709.8632277822,692796.9042594475,296912.9589683347,0.4576204133782422,False,normal,-0.0268368830474226,1,创业板,创业板,
2012-06-26,981168.5315314328,686817.972072003,294350.5594594298,0.46122227486979556,False,normal,-0.03523541405673944,1,创业板,创业板,
2012-06-27,984978.8947606811,689485.2263324767,295493.6684282044,0.47256608463925326,False,normal,-0.03148875547055198,1,创业板,创业板,
2012-06-28,976419.7678131055,683493.8374691738,292925.93034393166,0.476054775923601,False,normal,-0.03990478421611824,1,创业板,创业板,
2012-06-29,993602.5737830009,695521.8016481006,298080.7721349003,0.442179046536791,False,normal,-0.023009253882491257,1,创业板,创业板,
2012-07-02,1008763.8119660658,706134.668376246,302629.1435898198,0.4283764016053155,False,normal,-0.008101493178790864,1,创业板,创业板,
2012-07-03,1007822.2990748974,705475.6093524281,302346.6897224693,0.4413162770067418,False,normal,-0.009027265118490687,1,创业板,创业板,
2012-07-04,1002170.9590800849,701519.6713560594,300651.28772402555,0.4493049847106235,False,normal,-0.014584121575770171,1,创业板,创业板,
2012-07-05,988008.3815964498,0.0,988008.3815964498,1.0,False,normal,-0.02850991797342084,0,,,
2012-07-06,988008.3815964498,691605.8671175148,296402.5144789349,0.41646497609786,False,normal,-0.02850991797342084,1,创业板,创业板,
2012-07-09,969441.7811369192,678609.2467958434,290832.5343410758,0.39073921427762626,False,normal,-0.046766107434323,1,创业板,创业板,
2012-07-10,964761.7173659133,0.0,964761.7173659133,1.0,False,normal,-0.05136792622601939,0,,,
2012-07-11,964761.7173659133,675333.2021561393,289428.515209774,0.4094828187938299,False,normal,-0.05136792622601939,1,创业板,创业板,
2012-07-12,975924.2496329569,683146.9747430698,292777.2748898871,0.40782204343550443,False,normal,-0.04039201793441964,1,创业板,创业板,
2012-07-13,968518.8623728694,677963.2036610085,290555.6587118609,0.4139322791532132,False,normal,-0.047673596118115155,1,创业板,创业板,
2012-07-16,937871.2107005224,0.0,937871.2107005224,1.0,False,normal,-0.07780885629574742,0,,,
2012-07-17,937871.2107005224,0.0,937871.2107005224,1.0,False,normal,-0.07780885629574742,0,,,
2012-07-18,937871.2107005224,0.0,937871.2107005224,1.0,False,normal,-0.07780885629574742,0,,,
2012-07-19,937871.2107005224,0.0,937871.2107005224,1.0,False,normal,-0.07780885629574742,0,,,
2012-07-20,937871.2107005224,656509.8474903656,281361.3632101568,0.3757899236596729,False,normal,-0.07780885629574742,1,创业板,创业板,
2012-07-23,938795.8724575511,0.0,938795.8724575511,1.0,False,normal,-0.076899653759701,0,,,
2012-07-24,938795.8724575511,0.0,938795.8724575511,1.0,False,normal,-0.076899653759701,0,,,
2012-07-25,938795.8724575511,0.0,938795.8724575511,1.0,False,normal,-0.076899653759701,0,,,
2012-07-26,938795.8724575511,0.0,938795.8724575511,1.0,False,normal,-0.076899653759701,0,,,
2012-07-27,938795.8724575511,0.0,938795.8724575511,1.0,False,normal,-0.076899653759701,0,,,
2012-07-30,938795.8724575511,0.0,938795.8724575511,1.0,False,normal,-0.076899653759701,0,,,
2012-07-31,938795.8724575511,0.0,938795.8724575511,1.0,False,normal,-0.076899653759701,0,,,
2012-08-01,938795.8724575511,0.0,938795.8724575511,1.0,False,normal,-0.076899653759701,0,,,
2012-08-02,938795.8724575511,0.0,938795.8724575511,1.0,False,normal,-0.076899653759701,0,,,
2012-08-03,938795.8724575511,0.0,938795.8724575511,1.0,False,normal,-0.076899653759701,0,,,
2012-08-06,938795.8724575511,0.0,938795.8724575511,1.0,False,normal,-0.076899653759701,0,,,
2012-08-07,938795.8724575511,0.0,938795.8724575511,1.0,False,normal,-0.076899653759701,0,,,
2012-08-08,938795.8724575511,0.0,938795.8724575511,1.0,False,normal,-0.076899653759701,0,,,
2012-08-09,938795.8724575511,657157.1107202857,281638.7617372654,0.39125701322854717,False,normal,-0.076899653759701,1,创业板,创业板,
2012-08-10,938795.8724575511,657157.1107202857,281638.7617372654,0.403285258048505,False,normal,-0.076899653759701,1,创业板,创业板,
2012-08-13,924739.0358646038,0.0,924739.0358646038,1.0,False,warning,-0.09072147712586587,0,,,
2012-08-14,924739.0358646038,0.0,924739.0358646038,1.0,False,warning,-0.09072147712586587,0,,,
2012-08-15,924739.0358646038,0.0,924739.0358646038,1.0,False,warning,-0.09072147712586587,0,,,
2012-08-16,924739.0358646038,0.0,924739.0358646038,1.0,False,warning,-0.09072147712586587,0,,,
2012-08-17,924739.0358646038,0.0,924739.0358646038,1.0,False,warning,-0.09072147712586587,0,,,
2012-08-20,924739.0358646038,647317.3251052226,277421.7107593812,0.42663175769734135,False,warning,-0.09072147712586587,1,创业板,创业板,
2012-08-21,939690.6588629582,657783.4612040707,281907.1976588875,0.4135382486331863,False,normal,-0.0760198270956998,1,创业板,创业板,
2012-08-22,938817.1084496726,657171.9759147707,281645.13253490184,0.4258364580854849,False,normal,-0.07687877280756301,1,创业板,创业板,
2012-08-23,941438.8051620985,659007.1636134689,282431.6415486296,0.4389844115209057,False,normal,-0.07430090767843524,1,创业板,创业板,
2012-08-24,927473.090436515,0.0,927473.090436515,1.0,False,warning,-0.0880331326241326,0,,,
2012-08-27,927473.090436515,0.0,927473.090436515,1.0,False,warning,-0.0880331326241326,0,,,
2012-08-28,927473.090436515,0.0,927473.090436515,1.0,False,warning,-0.0880331326241326,0,,,
2012-08-29,927473.090436515,649231.1633055605,278241.9271309546,0.4430033819983069,False,warning,-0.0880331326241326,1,创业板,创业板,
2012-08-30,906157.7034059631,0.0,906157.7034059631,1.0,False,warning,-0.10899215228475445,0,,,
2012-08-31,906157.7034059631,0.0,906157.7034059631,1.0,False,warning,-0.10899215228475445,0,,,
2012-09-03,906157.7034059631,634310.3923841742,271847.311021789,0.3902203913914027,False,warning,-0.10899215228475445,1,创业板,创业板,
2012-09-04,905287.5931283443,633701.315189841,271586.2779385033,0.4023868874793954,False,warning,-0.10984771537583903,1,创业板,创业板,
2012-09-05,912251.3438447162,0.0,912251.3438447162,1.0,False,warning,-0.10300039010949927,0,,,
2012-09-06,912251.3438447162,638575.9406913012,273675.40315341495,0.41649138242812633,False,warning,-0.10300039010949927,1,创业板,创业板,
2012-09-07,931133.9657468783,651793.7760228148,279340.1897240635,0.39147102374676895,False,warning,-0.08443346270047551,1,创业板,创业板,
2012-09-10,931984.8714597018,652389.4100217912,279595.46143791056,0.40365040059413065,False,warning,-0.0835967830971992,1,创业板,创业板,
2012-09-11,931134.2985652796,651794.0089956956,279340.28956958395,0.41546462791346256,False,warning,-0.08443313544639348,1,创业板,创业板,
2012-09-12,931134.2985652796,651794.0089956956,279340.28956958395,0.4281499936461581,False,warning,-0.08443313544639348,1,创业板,创业板,
2012-09-13,918370.7083107947,642859.4958175563,275511.2124932384,0.4142320085020121,False,warning,-0.09698333398139723,1,创业板,创业板,
2012-09-14,915802.694346144,641061.8860423007,274740.80830384325,0.4258202600763333,False,warning,-0.09950841387306043,1,创业板,创业板,
2012-09-17,897804.967598967,628463.4773192769,269341.49027969013,0.3952642622774362,False,warning,-0.1172052404988172,1,创业板,创业板,
2012-09-18,899533.8905076858,629673.72335538,269860.16715230583,0.40701837942333513,False,warning,-0.11550522308024543,1,创业板,创业板,
2012-09-19,903852.6403249381,632696.8482274567,271155.79209748143,0.41681305090138965,False,warning,-0.11125867751204357,1,创业板,创业板,
2012-09-20,884888.9745742514,309711.14110098797,575177.8334732635,0.3862981180555165,False,halve,-0.12990529381492436,1,创业板,创业板,
2012-09-21,877059.1985351816,0.0,877059.1985351816,0.5,False,halve,-0.13760416551291021,0,,,
2012-09-24,877059.1985351816,306970.71948731353,570088.479047868,0.38583970420155767,False,halve,-0.13760416551291021,1,创业板,创业板,
2012-09-25,871766.5999233314,0.0,871766.5999233314,0.5,False,halve,-0.1428082783072288,0,,,
2012-09-26,871766.5999233314,0.0,871766.5999233314,0.5,False,halve,-0.1428082783072288,0,,,
2012-09-27,871766.5999233314,0.0,871766.5999233314,0.5,False,halve,-0.1428082783072288,0,,,
2012-09-28,871766.5999233314,0.0,871766.5999233314,0.5,False,halve,-0.1428082783072288,0,,,
2012-10-08,871766.5999233314,0.0,871766.5999233314,0.5,False,halve,-0.1428082783072288,0,,,
2012-10-09,871766.5999233314,0.0,871766.5999233314,0.5,False,halve,-0.1428082783072288,0,,,
2012-10-10,871766.5999233314,0.0,871766.5999233314,0.5,False,halve,-0.1428082783072288,0,,,
2012-10-11,871766.5999233314,0.0,871766.5999233314,0.5,False,halve,-0.1428082783072288,0,,,
2012-10-12,871766.5999233314,0.0,871766.5999233314,0.5,False,halve,-0.1428082783072288,0,,,
2012-10-15,871766.5999233314,0.0,871766.5999233314,0.5,False,halve,-0.1428082783072288,0,,,
2012-10-16,871766.5999233314,0.0,871766.5999233314,0.5,False,halve,-0.1428082783072288,0,,,
2012-10-17,871766.5999233314,0.0,871766.5999233314,0.5,False,halve,-0.1428082783072288,0,,,
2012-10-18,871766.5999233314,0.0,871766.5999233314,0.5,False,halve,-0.1428082783072288,0,,,
2012-10-19,871766.5999233314,0.0,871766.5999233314,0.5,False,halve,-0.1428082783072288,0,,,
2012-10-22,871766.5999233314,0.0,871766.5999233314,0.5,False,halve,-0.1428082783072288,0,,,
2012-10-23,871766.5999233314,0.0,871766.5999233314,0.5,False,halve,-0.1428082783072288,0,,,
2012-10-24,871766.5999233314,0.0,871766.5999233314,0.5,False,halve,-0.1428082783072288,0,,,
2012-10-25,871766.5999233314,0.0,871766.5999233314,0.5,False,halve,-0.1428082783072288,0,,,
2012-10-26,871766.5999233314,0.0,871766.5999233314,0.5,False,halve,-0.1428082783072288,0,,,
2012-10-29,871766.5999233314,0.0,871766.5999233314,0.5,False,halve,-0.1428082783072288,0,,,
2012-10-30,871766.5999233314,0.0,871766.5999233314,0.5,False,halve,-0.1428082783072288,0,,,
2012-10-31,871766.5999233314,0.0,871766.5999233314,0.5,False,halve,-0.1428082783072288,0,,,
2012-11-01,871766.5999233314,0.0,871766.5999233314,0.5,False,halve,-0.1428082783072288,0,,,
2012-11-02,871766.5999233314,0.0,871766.5999233314,0.5,False,halve,-0.1428082783072288,0,,,
2012-11-05,871766.5999233314,0.0,871766.5999233314,0.5,False,halve,-0.1428082783072288,0,,,
2012-11-06,871766.5999233314,0.0,871766.5999233314,0.5,False,halve,-0.1428082783072288,0,,,
2012-11-07,871766.5999233314,0.0,871766.5999233314,0.5,False,halve,-0.1428082783072288,0,,,
2012-11-08,871766.5999233314,0.0,871766.5999233314,0.5,False,halve,-0.1428082783072288,0,,,
2012-11-09,871766.5999233314,0.0,871766.5999233314,0.5,False,halve,-0.1428082783072288,0,,,
2012-11-12,871766.5999233314,0.0,871766.5999233314,0.5,False,halve,-0.1428082783072288,0,,,
2012-11-13,871766.5999233314,0.0,871766.5999233314,0.5,False,halve,-0.1428082783072288,0,,,
2012-11-14,871766.5999233314,0.0,871766.5999233314,0.5,False,halve,-0.1428082783072288,0,,,
2012-11-15,871766.5999233314,0.0,871766.5999233314,0.5,False,halve,-0.1428082783072288,0,,,
2012-11-16,871766.5999233314,0.0,871766.5999233314,0.5,False,halve,-0.1428082783072288,0,,,
2012-11-19,871766.5999233314,0.0,871766.5999233314,0.5,False,halve,-0.1428082783072288,0,,,
2012-11-20,871766.5999233314,0.0,871766.5999233314,0.5,False,halve,-0.1428082783072288,0,,,
2012-11-21,871766.5999233314,0.0,871766.5999233314,0.5,False,halve,-0.1428082783072288,0,,,
2012-11-22,871766.5999233314,0.0,871766.5999233314,0.5,False,halve,-0.1428082783072288,0,,,
2012-11-23,871766.5999233314,0.0,871766.5999233314,0.5,False,halve,-0.1428082783072288,0,,,
2012-11-26,871766.5999233314,0.0,871766.5999233314,0.5,False,halve,-0.1428082783072288,0,,,
2012-11-27,871766.5999233314,0.0,871766.5999233314,0.5,False,halve,-0.1428082783072288,0,,,
2012-11-28,871766.5999233314,0.0,871766.5999233314,0.5,False,halve,-0.1428082783072288,0,,,
2012-11-29,871766.5999233314,0.0,871766.5999233314,0.5,False,halve,-0.1428082783072288,0,,,
2012-11-30,871766.5999233314,0.0,871766.5999233314,0.5,False,halve,-0.1428082783072288,0,,,
2012-12-03,871766.5999233314,0.0,871766.5999233314,0.5,False,halve,-0.1428082783072288,0,,,
2012-12-04,871766.5999233314,0.0,871766.5999233314,0.5,False,halve,-0.1428082783072288,0,,,
2012-12-05,871766.5999233314,0.0,871766.5999233314,0.5,False,halve,-0.1428082783072288,0,,,
2012-12-06,871766.5999233314,0.0,871766.5999233314,0.5,False,halve,-0.1428082783072288,0,,,
2012-12-07,871766.5999233314,0.0,871766.5999233314,0.5,False,halve,-0.1428082783072288,0,,,
2012-12-10,871766.5999233314,0.0,871766.5999233314,0.5,False,halve,-0.1428082783072288,0,,,
2012-12-11,871766.5999233314,0.0,871766.5999233314,0.5,False,halve,-0.1428082783072288,0,,,
2012-12-12,871766.5999233314,0.0,871766.5999233314,0.5,False,halve,-0.1428082783072288,0,,,
2012-12-13,871766.5999233314,0.0,871766.5999233314,0.5,False,halve,-0.1428082783072288,0,,,
2012-12-14,871766.5999233314,305118.309973166,566648.2899501654,0.39371678665914467,False,halve,-0.1428082783072288,1,沪深300,沪深300,
2012-12-17,872658.0140175768,305430.30490615184,567227.709111425,0.4060559153944,False,halve,-0.14193176757344453,1,沪深300,沪深300,
2012-12-18,867955.1753652557,303784.3113778395,564170.8639874163,0.40074378193110555,False,halve,-0.14655598047811533,1,沪深300,沪深300,
2012-12-19,868725.5497812603,304053.9424234411,564671.6073578192,0.4133377544446862,False,halve,-0.14579848578623203,1,沪深300,沪深300,
2012-12-20,870776.5038616883,304771.7763515909,566004.7275100974,0.42537616067119416,False,halve,-0.14378182116582847,1,沪深300,沪深300,
2012-12-21,869500.2401416231,304325.08404956805,565175.156092055,0.4358270978712741,False,halve,-0.1450367473073358,1,沪深300,沪深300,
2012-12-24,869756.1905907816,304414.66670677357,565341.523884008,0.449368556348964,False,halve,-0.14478507603867105,1,沪深300,沪深300,
2012-12-25,878197.9418523981,307369.2796483393,570828.6622040588,0.4194850446183665,False,halve,-0.1364844606002228,2,沪深300;创业板,沪深300;创业板,
2012-12-26,881724.6813561474,308603.63847465155,573121.0428814958,0.429374200453621,False,halve,-0.1330166838954871,2,沪深300;创业板,沪深300;创业板,
2012-12-27,879673.9980640666,307885.8993224233,571788.0987416434,0.44944776966052324,False,halve,-0.13503308225479554,1,沪深300,沪深300,
2012-12-28,884201.7318776317,309470.6061571711,574731.1257204607,0.44534924007926174,False,halve,-0.130581046648754,2,沪深300;创业板,沪深300;创业板,
2012-12-31,887566.4214149001,310648.24749521504,576918.1739196851,0.45623407113583636,False,halve,-0.1272726106319734,2,沪深300;创业板,沪深300;创业板,
2013-01-04,886846.4251933242,310396.24881766347,576450.1763756608,0.46719988728829903,False,halve,-0.12798056939162214,2,沪深300;创业板,沪深300;创业板,
2013-01-07,889941.4807973374,311479.51827906806,578461.9625182693,0.4791892849667304,False,halve,-0.12493725935637622,2,沪深300;创业板,沪深300;创业板,
2013-01-08,892721.5037007292,312452.52629525523,580268.977405474,0.49259161295742726,False,halve,-0.12220371505780664,2,沪深300;创业板,沪深300;创业板,
2013-01-09,892173.7101661201,312260.79855814204,579912.911607978,0.5,False,halve,-0.122742350150164,2,沪深300;创业板,沪深300;创业板,
2013-01-10,894244.6802505974,312985.6380877091,581259.0421628883,0.5,False,halve,-0.12070600416897653,2,沪深300;创业板,沪深300;创业板,
2013-01-11,889363.9299060972,311277.375467134,578086.5544389633,0.49641774348272505,False,halve,-0.1255051542985211,2,沪深300;创业板,沪深300;创业板,
2013-01-14,901466.8962336481,631026.8273635536,270440.0688700945,0.42451751757251416,False,warning,-0.11360453486114495,2,沪深300;创业板,沪深300;创业板,
2013-01-15,910756.4847933712,637529.5393553597,273226.94543801143,0.4328155525487919,False,warning,-0.10447025693397174,2,沪深300;创业板,沪深300;创业板,
2013-01-16,905967.8236344549,634177.4765441184,271790.3470903365,0.4354810282977385,False,warning,-0.10917885749721398,2,沪深300;创业板,沪深300;创业板,
2013-01-17,901537.9797898566,631076.5858528996,270461.393936957,0.44007450304407425,False,warning,-0.11353463973561963,2,沪深300;创业板,沪深300;创业板,
2013-01-18,915266.1039094354,640686.2727366048,274579.83117283066,0.4355007062603331,False,warning,-0.10003603316970074,2,沪深300;创业板,沪深300;创业板,
2013-01-21,917999.1111312504,642599.3777918753,275399.7333393751,0.449106780867882,False,warning,-0.09734871850764285,2,沪深300;创业板,沪深300;创业板,
2013-01-22,909412.3720659711,636588.6604461798,272823.71161979134,0.44006222704906217,False,warning,-0.10579189772985739,2,沪深300;创业板,沪深300;创业板,
2013-01-23,912903.1074406599,639032.1752084619,273870.93223219796,0.4537784365259266,False,warning,-0.10235952320889448,2,沪深300;创业板,沪深300;创业板,
2013-01-24,901817.5204916379,631272.2643441465,270545.2561474914,0.43682351565241145,False,warning,-0.11325977261469049,2,沪深300;创业板,沪深300;创业板,
2013-01-25,902017.4150838992,631412.1905587293,270605.2245251698,0.4501004293408688,False,warning,-0.11306322001711151,2,沪深300;创业板,沪深300;创业板,
2013-01-28,920113.0825629083,644079.1577940357,276033.92476887256,0.423999102472247,False,warning,-0.09527009010954691,2,沪深300;创业板,沪深300;创业板,
2013-01-29,925005.5615531505,647503.8930872054,277501.6684659452,0.4366912619270446,False,warning,-0.09045940742296511,2,沪深300;创业板,沪深300;创业板,
2013-01-30,923556.8999602221,646489.8299721554,277067.0699880667,0.44746383327762645,False,warning,-0.09188384915438927,2,沪深300;创业板,沪深300;创业板,
2013-01-31,922751.6727115622,645926.1708980935,276825.50181346876,0.4595380942861885,False,warning,-0.0926756139819169,2,沪深300;创业板,沪深300;创业板,
2013-02-01,930241.6362088125,651169.1453461687,279072.4908626438,0.46952516711360376,False,warning,-0.08531087357297192,2,沪深300;创业板,沪深300;创业板,
2013-02-04,925845.9667606504,648092.1767324553,277753.79002819513,0.47471692232578894,False,warning,-0.08963305276932303,2,沪深300;创业板,沪深300;创业板,
2013-02-05,933670.770422517,653569.5392957618,280101.2311267551,0.4838308663986129,False,warning,-0.08193907031643576,2,沪深300;创业板,沪深300;创业板,
2013-02-06,937533.9809678571,656273.7866774999,281260.1942903572,0.49874496584831846,False,normal,-0.0781404479570646,2,沪深300;创业板,沪深300;创业板,
2013-02-07,942218.2250554503,659552.7575388151,282665.4675166352,0.5136298198362642,False,normal,-0.07353451873859443,2,沪深300;创业板,沪深300;创业板,
2013-02-08,949840.0121675312,664888.0085172718,284952.00365025934,0.5245268860473221,False,normal,-0.0660401586454744,2,沪深300;创业板,沪深300;创业板,
2013-02-18,948961.9147430555,664273.3403201388,284688.57442291663,0.5367364411926147,False,normal,-0.06690357534802588,2,沪深300;创业板,沪深300;创业板,
2013-02-19,938016.0334761487,656611.2234333041,281404.8100428446,0.5069267864215448,False,normal,-0.07766645478094934,2,沪深300;创业板,沪深300;创业板,
2013-02-20,952728.4707233958,666909.9295063771,285818.54121701873,0.4901046325788116,False,normal,-0.06319999160677668,2,沪深300;创业板,沪深300;创业板,
2013-02-21,935760.796802879,655032.5577620153,280728.2390408637,0.4384514642170357,False,normal,-0.0798839866374747,2,沪深300;创业板,沪深300;创业板,
2013-02-22,933580.5617611633,653506.3932328143,280074.168528349,0.4500255504000484,False,warning,-0.08202777079858793,2,沪深300;创业板,沪深300;创业板,
2013-02-25,941519.9131988728,659063.9392392109,282455.9739596619,0.457363274921982,False,normal,-0.074221155669478,2,沪深300;创业板,沪深300;创业板,
2013-02-26,935152.7804407539,654606.9463085277,280545.8341322262,0.46059345481056146,False,warning,-0.08048183770485122,2,沪深300;创业板,沪深300;创业板,
2013-02-27,935143.1463413739,654600.2024389617,280542.9439024122,0.474751210383805,False,warning,-0.08049131073379638,2,沪深300;创业板,沪深300;创业板,
2013-02-28,953168.3754163183,667217.8627914228,285950.51262489555,0.44368573233817776,False,normal,-0.06276744158577321,2,沪深300;创业板,沪深300;创业板,
2013-03-01,962491.3275298954,673743.9292709267,288747.3982589686,0.45044088100517093,False,normal,-0.05360035790282505,2,沪深300;创业板,沪深300;创业板,
2013-03-04,938195.9285757925,656737.1500030546,281458.7785727378,0.3780328454698265,False,normal,-0.07748956730877357,2,沪深300;创业板,沪深300;创业板,
2013-03-05,956765.2117888172,669735.648252172,287029.56353664515,0.3636151504510989,False,normal,-0.05923073994675578,2,沪深300;创业板,沪深300;创业板,
2013-03-06,966016.467282495,676211.5270977465,289804.9401847485,0.3709079891806276,False,normal,-0.05013415420334372,2,沪深300;创业板,沪深300;创业板,
2013-03-07,953673.2853456021,667571.2997419214,286101.9856036807,0.36433657086499655,False,normal,-0.06227097313696983,2,沪深300;创业板,沪深300;创业板,
2013-03-08,946713.4085135381,662699.3859594766,284014.0225540615,0.3696148855269043,False,normal,-0.06911448928563997,2,沪深300;创业板,沪深300;创业板,
2013-03-11,945959.6560009228,662171.759200646,283787.8968002768,0.38091872000309085,False,normal,-0.06985563997216063,2,沪深300;创业板,沪深300;创业板,
2013-03-12,929386.238733588,650570.3671135115,278815.8716200765,0.36499725312930736,False,warning,-0.08615196984183997,2,沪深300;创业板,沪深300;创业板,
2013-03-13,924258.0914172472,646980.663992073,277277.42742517416,0.3132887584748549,False,warning,-0.09119438076647846,1,创业板,创业板,
2013-03-14,930479.0593402479,651335.3415381735,279143.7178020744,0.3842958238667526,False,warning,-0.0850774198677913,2,沪深300;创业板,沪深300;创业板,
2013-03-15,935776.9046769578,655043.8332738704,280733.07140308735,0.3263581072794236,False,normal,-0.07986814806747716,1,创业板,创业板,
2013-03-18,933473.1162832631,653431.1813982842,280041.9348849789,0.3357544644689153,False,warning,-0.08213341991865916,1,创业板,创业板,
2013-03-19,926554.4331861048,648588.1032302732,277966.3299558315,0.34183873882544646,False,warning,-0.088936431041615,1,创业板,创业板,
2013-03-20,944292.276675161,661004.5936726127,283287.6830025483,0.38894754038594176,False,normal,-0.07149514274169824,2,沪深300;创业板,沪深300;创业板,
2013-03-21,951302.1613511073,665911.5129457751,285390.64840533223,0.3975005355488235,False,normal,-0.06460245481952888,2,沪深300;创业板,沪深300;创业板,
2013-03-22,951439.11331452,666007.379320164,285431.733994356,0.4098225710746528,False,normal,-0.06446779252652837,2,沪深300;创业板,沪深300;创业板,
2013-03-25,951688.2891917467,666181.8024342227,285506.4867575241,0.42256723236685156,False,normal,-0.06422278256718479,2,沪深300;创业板,沪深300;创业板,
2013-03-26,943174.587350464,660222.2111453247,282952.3762051392,0.36325814428973513,False,normal,-0.0725941456590375,1,创业板,创业板,
2013-03-27,950745.9429828644,665522.1600880051,285223.7828948593,0.37167573138831134,False,normal,-0.06514937389253897,1,创业板,创业板,
2013-03-28,937163.8580831091,656014.7006581763,281149.1574249328,0.3629028330780707,False,normal,-0.07850438283693137,1,创业板,创业板,
2013-03-29,934126.7529874694,653888.7270912286,280238.02589624084,0.3728984374290458,False,warning,-0.08149071122588576,1,创业板,创业板,
2013-04-01,945531.7889251072,661872.252247575,283659.53667753225,0.37449749052315556,False,normal,-0.07027635363038778,1,创业板,创业板,
2013-04-02,924351.8768531848,647046.3137972293,277305.56305595546,0.34486434274214406,False,warning,-0.09110216330906713,1,创业板,创业板,
2013-04-03,910601.1877760299,637420.831443221,273180.35633280897,0.3417514462102872,False,warning,-0.10462295757389097,1,创业板,创业板,
2013-04-08,929823.7701476591,650876.6391033613,278947.1310442978,0.32597825793943935,False,warning,-0.08572175342134937,1,创业板,创业板,
2013-04-09,934396.6739352706,654077.6717546894,280319.0021805812,0.33512242657071034,False,warning,-0.08122530302833954,1,创业板,创业板,
2013-04-10,926030.5641802688,648221.3949261882,277809.1692540806,0.34014514646674676,False,warning,-0.08945154159424859,1,创业板,创业板,
2013-04-11,926030.5641802688,648221.3949261882,277809.1692540806,0.35083214590013356,False,warning,-0.08945154159424859,1,创业板,创业板,
2013-04-12,922213.005906263,645549.1041343841,276663.90177187894,0.3606267234710335,False,warning,-0.09320527493278816,1,创业板,创业板,
2013-04-15,914564.3198383201,640195.023886824,274369.2959514961,0.3670458238169683,False,warning,-0.10072608426391426,1,创业板,创业板,
2013-04-16,920705.2793000643,644493.6955100449,276211.5837900194,0.37442776201620714,False,warning,-0.09468779418223305,1,创业板,创业板,
2013-04-17,939075.6459179278,657352.9521425494,281722.6937753784,0.3569006973608778,False,normal,-0.07662455777161725,1,创业板,创业板,
2013-04-18,942870.9862882659,660009.6904017861,282861.2958864798,0.3674487011887513,False,normal,-0.07289267088039399,1,创业板,创业板,
2013-04-19,958026.203059834,670618.3421418837,287407.8609179503,0.3629685906724694,False,normal,-0.05799083091750703,1,创业板,创业板,
2013-04-22,976089.9967875615,683262.997751293,292826.99903626845,0.3551254060540934,False,normal,-0.04022904187083378,1,创业板,创业板,
2013-04-23,958915.0799041956,671240.5559329368,287674.5239712588,0.3387022052212425,False,normal,-0.057116815013871565,1,创业板,创业板,
2013-04-24,984500.4822603838,689150.3375822686,295350.14467811515,0.3175136907589904,False,normal,-0.031959169495183404,1,创业板,创业板,
2013-04-25,963662.2431110279,674563.5701777195,289098.6729333084,0.3001325705839484,False,normal,-0.05244901860738044,1,创业板,创业板,
2013-04-26,957652.7680983087,670356.9376688161,287295.83042949263,0.30681936672154303,False,normal,-0.05835802250025207,1,创业板,创业板,
2013-05-02,975729.809114097,683010.8663798679,292718.94273422915,0.30349339014742766,False,normal,-0.040583207644077024,1,创业板,创业板,
2013-05-03,993664.4489315115,695565.114252058,298099.3346794535,0.3024690551707456,False,normal,-0.022948413211276705,1,创业板,创业板,
2013-05-06,1004787.5584344761,703351.2909041332,301436.2675303429,0.3093119238964935,False,normal,-0.012011268583044755,1,创业板,创业板,
2013-05-07,1002573.4410444316,701801.4087311021,300772.0323133295,0.3173721746216239,False,normal,-0.014188368620794613,1,创业板,创业板,
2013-05-08,1026213.067443795,718349.1472106564,307863.9202331386,0.3090615083854062,False,normal,0.0,1,创业板,创业板,
2013-05-09,1032065.1989892994,722445.6392925095,309619.55969678983,0.3187159696950214,False,normal,0.0,1,创业板,创业板,
2013-05-10,1029875.969779322,720913.1788455254,308962.79093379667,0.32639309158517477,False,normal,-0.0021212121212121375,1,创业板,创业板,
2013-05-13,1032797.6037361429,722958.3226153,309839.2811208429,0.3365388412402111,False,normal,0.0,1,创业板,创业板,
2013-05-14,1018207.122956823,712744.986069776,305462.136887047,0.3281844214180631,False,normal,-0.0141271442986882,1,创业板,创业板,
2013-05-15,1046834.3675054546,732784.0572538181,314050.31025163643,0.30903821251095065,False,normal,0.0,1,创业板,创业板,
2013-05-16,1044657.7811967798,731260.4468377458,313397.33435903396,0.43643147756476364,False,normal,-0.002079207920792139,2,沪深300;创业板,沪深300;创业板,
2013-05-17,1054585.234677054,738209.6642739377,316375.5704031163,0.4437944233490235,False,normal,0.0,2,沪深300;创业板,沪深300;创业板,
2013-05-20,1067966.4880502382,747576.5416351667,320389.9464150715,0.4452580708570281,False,normal,0.0,2,沪深300;创业板,沪深300;创业板,
2013-05-21,1076883.1929838639,753818.2350887046,323064.95789515926,0.4560208166328751,False,normal,0.0,2,沪深300;创业板,沪深300;创业板,
2013-05-22,1065372.6927519431,745760.8849263601,319611.80782558303,0.4411826575887681,False,normal,-0.010688717501502706,2,沪深300;创业板,沪深300;创业板,
2013-05-23,1062818.6786079404,743973.0750255582,318845.6035823822,0.30783358450285647,False,normal,-0.013060389898883099,1,创业板,创业板,
2013-05-24,1082077.8090256683,757454.4663179677,324623.34270770056,0.3091057513249699,False,normal,0.0,1,创业板,创业板,
2013-05-27,1092696.3295815275,764887.4307070692,327808.8988744583,0.4698733345772581,False,normal,0.0,2,沪深300;创业板,沪深300;创业板,
2013-05-28,1089721.6037247153,762805.1226073006,326916.48111741466,0.4787382424766254,False,normal,-0.0027223719676549504,2,沪深300;创业板,沪深300;创业板,
2013-05-29,1092045.3830166347,764431.7681116443,327613.6149049904,0.4937150704240873,False,normal,-0.000595725040224183,2,沪深300;创业板,沪深300;创业板,
2013-05-30,1092469.6008135355,764728.7205694749,327740.88024406065,0.508212173715125,False,normal,-0.00020749476488021897,2,沪深300;创业板,沪深300;创业板,
2013-05-31,1087758.2873251042,761430.8011275729,326327.48619753134,0.514541158609156,False,normal,-0.004519135026576328,2,沪深300;创业板,沪深300;创业板,
2013-06-03,1080996.0341691505,756697.2239184054,324298.81025074515,0.5159569336170834,False,normal,-0.010707728300741962,2,沪深300;创业板,沪深300;创业板,
2013-06-04,1066083.0515110015,746258.1360577011,319824.91545330046,0.4859377969718438,False,normal,-0.024355603061939554,2,沪深300;创业板,沪深300;创业板,
2013-06-05,1070554.729117056,749388.310381939,321166.41873511684,0.49903964624416974,False,normal,-0.0202632697347407,2,沪深300;创业板,沪深300;创业板,
2013-06-06,1060748.342548451,742523.8397839156,318224.50276453537,0.4955460973800007,False,normal,-0.029237754505235487,2,沪深300;创业板,沪深300;创业板,
2013-06-07,1059130.464621474,741391.3252350318,317739.13938644226,0.5104079237576652,False,normal,-0.03071838355392689,2,沪深300;创业板,沪深300;创业板,
2013-06-13,1044811.9606791509,731368.3724754056,313443.5882037453,0.3325734755687628,False,normal,-0.043822210806468996,1,创业板,创业板,
2013-06-14,1076952.172360199,753866.5206521393,323085.6517080597,0.3024178762045912,False,normal,-0.014408538580300754,1,创业板,创业板,
2013-06-17,1075541.757915574,752879.2305409017,322662.52737467224,0.31115483420561546,False,normal,-0.01569930382444255,1,创业板,创业板,
2013-06-18,1076247.3616930256,753373.1531851179,322874.2085079077,0.3207475992465958,False,normal,-0.015053558288057432,1,创业板,创业板,
2013-06-19,1073425.739396452,751398.0175775164,322027.7218189356,0.32945505655762014,False,normal,-0.017635814876815443,1,创业板,创业板,
2013-06-20,1044471.4924785213,731130.0447349648,313341.44774355646,0.2985591064551105,False,normal,-0.04413379618605928,1,创业板,创业板,
2013-06-21,1047330.2609818839,733131.1826873187,314199.0782945652,0.30771202910638473,False,normal,-0.04151754460181778,1,创业板,创业板,
2013-06-24,1001643.4102594025,701150.3871815817,300493.0230778208,0.2503447276877777,False,warning,-0.08332865852765863,1,创业板,创业板,
2013-06-25,1018389.4735046532,712872.6314532572,305516.84205139603,0.24989173480823834,False,normal,-0.06800320827043665,1,创业板,创业板,
2013-06-26,1061046.1522630122,742732.3065841085,318313.84567890374,0.22300673490107278,False,normal,-0.028965208779127498,1,创业板,创业板,
2013-06-27,1043277.436794493,730294.2057561451,312983.23103834793,0.22426762850487647,False,normal,-0.045226556957467384,1,创业板,创业板,
2013-06-28,1031105.8666985572,721774.10668899,309331.76000956714,0.2287294553918223,False,normal,-0.05636558045963034,1,创业板,创业板,
2013-07-01,1072123.9365702146,750486.7555991502,321637.1809710644,0.21130118191721764,False,normal,-0.018827182314405312,1,创业板,创业板,
2013-07-02,1088408.0831539696,761885.6582077787,326522.4249461909,0.21542014778022966,False,normal,-0.003924463102388361,1,创业板,创业板,
2013-07-03,1100367.507151691,770257.2550061836,330110.2521455074,0.22113649449533146,False,normal,0.0,1,创业板,创业板,
2013-07-04,1091264.466865254,763885.1268056778,327379.3400595763,0.22582263477530184,False,normal,-0.008272727272727449,1,创业板,创业板,
2013-07-05,1066668.349626801,746667.8447387606,320000.50488804036,0.22188787933725085,False,normal,-0.03062536589445515,1,创业板,创业板,
2013-07-08,1048924.341909625,734247.0393367375,314677.3025728876,0.2235165875277144,False,normal,-0.04675089450362534,1,创业板,创业板,
2013-07-09,1063938.1567354007,744756.7097147804,319181.4470206202,0.22702351458989878,False,normal,-0.03310653048142795,1,创业板,创业板,
2013-07-10,1078861.7167583113,755203.2017308178,323658.5150274935,0.23102777531132765,False,normal,-0.019544188876539657,1,创业板,创业板,
2013-07-11,1088045.6658906788,761631.9661234751,326413.69976720365,0.23736282044120297,False,normal,-0.011197932673336946,1,创业板,创业板,
2013-07-12,1095084.7783317459,766559.3448322221,328525.4334995238,0.24440105341538812,False,normal,-0.004800876784902082,1,创业板,创业板,
2013-07-15,1127375.739744092,789163.0178208645,338212.72192322765,0.23706861635754747,False,normal,0.0,1,创业板,创业板,
2013-07-16,1126682.2748778174,788677.5924144721,338004.68246334523,0.24409481386999113,False,normal,-0.0006151142355007103,1,创业板,创业板,
2013-07-17,1119052.1486539305,783336.5040577513,335715.64459617925,0.2493013980852051,False,normal,-0.007383156117986887,1,创业板,创业板,
2013-07-18,1117660.7871902403,782362.5510331682,335298.2361570721,0.25669915301771523,False,normal,-0.008617315604163171,1,创业板,创业板,
2013-07-19,1105131.849540243,773592.29467817,331539.5548620729,0.25963303027936707,False,normal,-0.01973068021571798,1,创业板,创业板,
2013-07-22,1138705.4753490603,797093.8327443422,341611.6426047181,0.24847238264658836,False,normal,0.0,1,创业板,创业板,
2013-07-23,1151829.203964435,806280.4427751044,345548.7611893306,0.2547740315207518,False,normal,0.0,1,创业板,创业板,
2013-07-24,1170388.0888364962,819271.6621855473,351116.42665094894,0.25912191965219594,False,normal,0.0,1,创业板,创业板,
2013-07-25,1134203.5904233013,793942.5132963109,340261.0771269904,0.23680609833290653,False,normal,-0.030916666666666575,1,创业板,创业板,
2013-07-26,1137664.5429660054,796365.1800762038,341299.3628898016,0.2442416669721422,False,normal,-0.027959568439407053,1,创业板,创业板,
2013-07-29,1118308.4448391534,782815.9113874073,335492.5334517461,0.24328735330179901,False,normal,-0.0444977563374864,1,创业板,创业板,
2013-07-30,1108558.0687186697,775990.6481030687,332567.420615601,0.24859696644144977,False,normal,-0.05282864778578946,1,创业板,创业板,
2013-07-31,1116947.1568062706,781863.0097643894,335084.1470418812,0.2553029708500081,False,normal,-0.04566086457984396,1,创业板,创业板,
2013-08-01,1155273.7749319759,808691.6424523831,346582.1324795928,0.23938621105421434,False,normal,-0.012913933462485736,1,创业板,创业板,
2013-08-02,1149777.145246658,804844.0016726606,344933.1435739974,0.2455570609644393,False,normal,-0.017610349751874123,1,创业板,创业板,
2013-08-05,1166300.8886514003,816410.6220559801,349890.2665954202,0.25017388602996865,False,normal,-0.0034921751375298514,1,创业板,创业板,
2013-08-06,1168353.891053888,817847.7237377216,350506.16731616645,0.25797188990933706,False,normal,-0.0017380540711333173,1,创业板,创业板,
2013-08-07,1145104.0393757254,801572.8275630077,343531.2118127177,0.2522305297410608,False,normal,-0.021603132928246154,1,创业板,创业板,
2013-08-08,1151312.4347699312,805918.7043389519,345393.7304309794,0.25983347900564707,False,normal,-0.01629857160074863,1,创业板,创业板,
2013-08-09,1144430.1230334756,801101.0861234328,343329.03691004275,0.26620207950155816,False,normal,-0.022178938807234372,1,创业板,创业板,
2013-08-12,1138220.0370945341,796754.0259661739,341466.0111283603,0.2730984542802431,False,normal,-0.027484944565644823,1,创业板,创业板,
2013-08-13,1145827.9314396973,802079.5520077881,343748.3794319092,0.28070420748585906,False,normal,-0.020984626920814483,1,创业板,创业板,
2013-08-14,1152034.9099161117,806424.4369412782,345610.47297483357,0.39595030633018524,False,normal,-0.015681276232595395,2,沪深300;创业板,沪深300;创业板,
2013-08-15,1140109.8919115518,798076.9243380863,342032.96757346555,0.3948549720287169,False,normal,-0.0258702196423107,2,沪深300;创业板,沪深300;创业板,
2013-08-16,1125465.0044938864,787825.5031457205,337639.5013481659,0.3896442543238641,False,normal,-0.038383066925491954,2,沪深300;创业板,沪深300;创业板,
2013-08-19,1145382.1607565996,801767.5125296197,343614.6482269799,0.3762048627100903,False,normal,-0.02136550116872383,2,沪深300;创业板,沪深300;创业板,
2013-08-20,1141137.483991895,798796.2387943265,342341.24519756855,0.3861033775268535,False,normal,-0.024992227042979973,2,沪深300;创业板,沪深300;创业板,
2013-08-21,1142514.718886368,799760.3032204575,342754.41566591046,0.39821847426841805,False,normal,-0.023815493523894,2,沪深300;创业板,沪深300;创业板,
2013-08-22,1146999.366984251,802899.5568889757,344099.8100952753,0.40977886069688807,False,normal,-0.019983731956377326,2,沪深300;创业板,沪深300;创业板,
2013-08-23,1150217.801838613,805152.4612870291,345065.340551584,0.422310010385415,False,normal,-0.017233845072650012,2,沪深300;创业板,沪深300;创业板,
2013-08-26,1166568.3101335226,816597.8170934658,349970.4930400568,0.41669785664306397,False,normal,-0.003263685558156125,2,沪深300;创业板,沪深300;创业板,
2013-08-27,1169580.3512621461,818706.2458835023,350874.10537864384,0.42973468442033846,False,normal,-0.0006901450741463673,2,沪深300;创业板,沪深300;创业板,
2013-08-28,1161033.9463492006,812723.7624444404,348310.18390476017,0.43276223611910736,False,normal,-0.007992342519988213,2,沪深300;创业板,沪深300;创业板,
2013-08-29,1159165.5310549238,811415.8717384466,347749.65931647713,0.4452269629222342,False,normal,-0.009588749141089602,2,沪深300;创业板,沪深300;创业板,
2013-08-30,1146380.4297747037,802466.3008422925,343914.1289324112,0.43912813695003433,False,normal,-0.02051256270529802,2,沪深300;创业板,沪深300;创业板,
2013-09-02,1155628.1302699149,808939.6911889403,346688.43908097455,0.4454474143320876,False,normal,-0.01261116608017987,2,沪深300;创业板,沪深300;创业板,
2013-09-03,1167518.9198151804,817263.2438706262,350255.67594455415,0.447684158947675,False,normal,-0.002451468063185917,2,沪深300;创业板,沪深300;创业板,
2013-09-04,1167685.6099759606,817379.9269831723,350305.68299278826,0.4615070145634719,False,normal,-0.0023090450819798084,2,沪深300;创业板,沪深300;创业板,
2013-09-05,1177085.7897611237,823960.0528327866,353125.73692833714,0.46943856124204325,False,normal,0.0,2,沪深300;创业板,沪深300;创业板,
2013-09-06,1184116.6004908457,828881.620343592,355234.9801472537,0.4813371199476743,False,normal,0.0,2,沪深300;创业板,沪深300;创业板,
2013-09-09,1197135.5878535656,837994.9114974958,359140.67635606974,0.4834351618643437,False,normal,0.0,2,沪深300;创业板,沪深300;创业板,
2013-09-10,1199000.5115030713,839300.3580521499,359700.1534509214,0.49843616591890505,False,normal,0.0,2,沪深300;创业板,沪深300;创业板,
2013-09-11,1186656.8238661238,830659.7767062866,355997.0471598372,0.48379928030815506,False,normal,-0.010294981126799855,2,沪深300;创业板,沪深300;创业板,
2013-09-12,1192470.7694600602,834729.538622042,357741.2308380181,0.49718846581039805,False,normal,-0.005445987704229931,2,沪深300;创业板,沪深300;创业板,
2013-09-13,1199062.4161646396,839343.6913152477,359718.72484939196,0.5103840813248786,False,normal,0.0,2,沪深300;创业板,沪深300;创业板,
2013-09-16,1204396.3283221659,843077.4298255161,361318.8984966498,0.5253183646277051,False,normal,0.0,2,沪深300;创业板,沪深300;创业板,
2013-09-17,1192389.7911743154,834672.8538220207,357716.9373522947,0.5100122812595397,False,normal,-0.009968925398981164,2,沪深300;创业板,沪深300;创业板,
2013-09-18,1199257.6987743797,839480.3891420658,359777.3096323139,0.5223229443216758,False,normal,-0.004266560289954371,2,沪深300;创业板,沪深300;创业板,
2013-09-23,1216778.1433791523,851744.7003654066,365033.4430137457,0.5055631622373903,False,normal,0.0,2,沪深300;创业板,沪深300;创业板,
2013-09-24,1214363.4032492503,850054.3822744752,364309.0209747751,0.5172983612306428,False,normal,-0.0019845360824743102,2,沪深300;创业板,沪深300;创业板,
2013-09-25,1209857.0503332694,846899.9352332886,362957.11509998085,0.5258799683786133,False,normal,-0.005688048461046562,2,沪深300;创业板,沪深300;创业板,
2013-09-26,1196997.2574203056,837898.0801942139,359099.17722609174,0.5090244660956095,False,normal,-0.016256772910066043,2,沪深300;创业板,沪深300;创业板,
2013-09-27,1207371.603288329,845160.1223018302,362211.48098649876,0.5137244153188577,False,normal,-0.007730694491848875,2,沪深300;创业板,沪深300;创业板,
2013-09-30,1222406.974626259,855684.8822383812,366722.09238787775,0.5066798920759571,False,normal,0.0,2,沪深300;创业板,沪深300;创业板,
2013-10-08,1232926.961674463,863048.873172124,369878.088502339,0.5144983063331503,False,normal,0.0,2,沪深300;创业板,沪深300;创业板,
2013-10-09,1242963.2984613338,870074.3089229336,372888.9895384002,0.5243325112185376,False,normal,0.0,2,沪深300;创业板,沪深300;创业板,
2013-10-10,1226310.5816984866,858417.4071889406,367893.174509546,0.4874636305024097,False,normal,-0.013397593302603296,2,沪深300;创业板,沪深300;创业板,
2013-10-11,1236724.7871666062,865707.3510166242,371017.4361499819,0.4951772818737699,False,normal,-0.0050190631553243305,2,沪深300;创业板,沪深300;创业板,
2013-10-14,1241033.9221546247,868723.7455082373,372310.17664638744,0.5104858154879077,False,normal,-0.0015522391603175355,2,沪深300;创业板,沪深300;创业板,
2013-10-15,1237986.7665487975,866590.7365841581,371396.02996463934,0.5215976118815846,False,normal,-0.0040037641647961905,2,沪深300;创业板,沪深300;创业板,
2013-10-16,1213600.370121067,849520.2590847468,364080.1110363201,0.45288803855212506,False,normal,-0.023623326912882575,2,沪深300;创业板,沪深300;创业板,
2013-10-17,1207162.356954548,845013.6498681835,362148.7070863645,0.4617040153159491,False,normal,-0.028802895106479688,2,沪深300;创业板,沪深300;创业板,
2013-10-18,1219953.44979573,0.0,1219953.44979573,0.0,True,normal,-0.018512090175219036,0,,沪深300;创业板,
2013-10-21,1219953.44979573,853967.4148570109,365986.034938719,0.43284230591892703,False,normal,-0.018512090175219036,2,沪深300;创业板,沪深300;创业板,
2013-10-22,1197228.2101187636,838059.7470831345,359168.46303562913,0.3983222072912886,False,normal,-0.03679520416989445,2,沪深300;创业板,沪深300;创业板,
2013-10-23,1183484.5680375244,828439.197626267,355045.3704112574,0.396184165801124,False,normal,-0.04785236257372869,2,沪深300;创业板,沪深300;创业板,
2013-10-24,1173387.6449735346,821371.3514814742,352016.2934920604,0.40139957138566396,False,normal,-0.05597562983068529,2,沪深300;创业板,沪深300;创业板,
2013-10-25,1161678.7018686652,813175.0913080656,348503.6105605996,0.4048289369968629,False,normal,-0.06539581393375894,2,沪深300;创业板,沪深300;创业板,
2013-10-28,1163158.0308726076,0.0,1163158.0308726076,0.0,True,normal,-0.06420565087281122,0,,沪深300;创业板,
2013-10-29,1163158.0308726076,0.0,1163158.0308726076,0.0,True,normal,-0.06420565087281122,0,,沪深300;创业板,
2013-10-30,1163158.0308726076,0.0,1163158.0308726076,0.0,True,normal,-0.06420565087281122,0,,沪深300;创业板,
2013-10-31,1163158.0308726076,0.0,1163158.0308726076,0.0,True,normal,-0.06420565087281122,0,,沪深300;创业板,
2013-11-01,1163158.0308726076,0.0,1163158.0308726076,0.0,True,normal,-0.06420565087281122,0,,沪深300,
2013-11-04,1163158.0308726076,814210.6216108253,348947.4092617823,0.4420328763926343,False,normal,-0.06420565087281122,2,沪深300;创业板,沪深300;创业板,
2013-11-05,1174673.4889153563,822271.4422407494,352402.046674607,0.4398891403847457,False,normal,-0.05494113111023758,2,沪深300;创业板,沪深300;创业板,
2013-11-06,1164621.7626427813,815235.2338499469,349386.5287928344,0.4453989636858301,False,normal,-0.06302803623850495,2,沪深300;创业板,沪深300;创业板,
2013-11-07,1156245.3353187027,0.0,1156245.3353187027,1.0,False,normal,-0.06976711480538436,0,,,
2013-11-08,1156245.3353187027,0.0,1156245.3353187027,1.0,False,normal,-0.06976711480538436,0,,,
2013-11-11,1156245.3353187027,0.0,1156245.3353187027,1.0,False,normal,-0.06976711480538436,0,,,
2013-11-12,1156245.3353187027,0.0,1156245.3353187027,1.0,False,normal,-0.06976711480538436,0,,,
2013-11-13,1156245.3353187027,0.0,1156245.3353187027,1.0,False,normal,-0.06976711480538436,0,,,
2013-11-14,1156245.3353187027,0.0,1156245.3353187027,0.0,True,normal,-0.06976711480538436,0,,创业板,
2013-11-15,1156245.3353187027,0.0,1156245.3353187027,0.0,True,normal,-0.06976711480538436,0,,创业板,
2013-11-18,1156245.3353187027,0.0,1156245.3353187027,0.0,True,normal,-0.06976711480538436,0,,创业板,
2013-11-19,1156245.3353187027,0.0,1156245.3353187027,0.0,True,normal,-0.06976711480538436,0,,创业板,
2013-11-20,1156245.3353187027,0.0,1156245.3353187027,0.0,True,normal,-0.06976711480538436,0,,创业板,
2013-11-21,1156245.3353187027,0.0,1156245.3353187027,0.0,True,normal,-0.06976711480538436,0,,创业板,
2013-11-22,1156245.3353187027,0.0,1156245.3353187027,0.0,True,normal,-0.06976711480538436,0,,,
2013-11-25,1156245.3353187027,0.0,1156245.3353187027,0.0,True,normal,-0.06976711480538436,0,,,
2013-11-26,1156245.3353187027,0.0,1156245.3353187027,0.0,True,normal,-0.06976711480538436,0,,,
2013-11-27,1156245.3353187027,0.0,1156245.3353187027,0.0,True,normal,-0.06976711480538436,0,,沪深300;创业板,
2013-11-28,1156245.3353187027,0.0,1156245.3353187027,0.0,True,normal,-0.06976711480538436,0,,沪深300;创业板,
2013-11-29,1156245.3353187027,0.0,1156245.3353187027,0.0,True,normal,-0.06976711480538436,0,,沪深300,
2013-12-02,1156245.3353187027,0.0,1156245.3353187027,0.0,True,normal,-0.06976711480538436,0,,,
2013-12-03,1156245.3353187027,0.0,1156245.3353187027,0.0,True,normal,-0.06976711480538436,0,,,
2013-12-04,1156245.3353187027,0.0,1156245.3353187027,0.0,True,normal,-0.06976711480538436,0,,沪深300,
2013-12-05,1156245.3353187027,0.0,1156245.3353187027,0.0,True,normal,-0.06976711480538436,0,,沪深300,
2013-12-06,1156245.3353187027,0.0,1156245.3353187027,0.0,True,normal,-0.06976711480538436,0,,,
2013-12-09,1156245.3353187027,0.0,1156245.3353187027,0.0,True,normal,-0.06976711480538436,0,,,
2013-12-10,1156245.3353187027,0.0,1156245.3353187027,0.0,True,normal,-0.06976711480538436,0,,沪深300,
2013-12-11,1156245.3353187027,0.0,1156245.3353187027,0.0,True,normal,-0.06976711480538436,0,,沪深300,
2013-12-12,1156245.3353187027,0.0,1156245.3353187027,0.0,True,normal,-0.06976711480538436,0,,,
2013-12-13,1156245.3353187027,0.0,1156245.3353187027,0.0,True,normal,-0.06976711480538436,0,,,
2013-12-16,1156245.3353187027,0.0,1156245.3353187027,0.0,True,normal,-0.06976711480538436,0,,,
2013-12-17,1156245.3353187027,0.0,1156245.3353187027,0.0,True,normal,-0.06976711480538436,0,,,
2013-12-18,1156245.3353187027,0.0,1156245.3353187027,0.0,True,normal,-0.06976711480538436,0,,,
2013-12-19,1156245.3353187027,0.0,1156245.3353187027,0.0,True,normal,-0.06976711480538436,0,,,
2013-12-20,1156245.3353187027,0.0,1156245.3353187027,0.0,True,normal,-0.06976711480538436,0,,,
2013-12-23,1156245.3353187027,0.0,1156245.3353187027,0.0,True,normal,-0.06976711480538436,0,,,
2013-12-24,1156245.3353187027,0.0,1156245.3353187027,0.0,True,normal,-0.06976711480538436,0,,,
2013-12-25,1156245.3353187027,0.0,1156245.3353187027,0.0,True,normal,-0.06976711480538436,0,,创业板,
2013-12-26,1156245.3353187027,0.0,1156245.3353187027,0.0,True,normal,-0.06976711480538436,0,,创业板,
2013-12-27,1156245.3353187027,0.0,1156245.3353187027,0.0,True,normal,-0.06976711480538436,0,,创业板,
2013-12-30,1156245.3353187027,0.0,1156245.3353187027,0.0,True,normal,-0.06976711480538436,0,,创业板,
2013-12-31,1156245.3353187027,0.0,1156245.3353187027,0.0,True,normal,-0.06976711480538436,0,,创业板,
2014-01-02,1156245.3353187027,0.0,1156245.3353187027,0.0,True,normal,-0.06976711480538436,0,,创业板,
2014-01-03,1156245.3353187027,0.0,1156245.3353187027,0.0,True,normal,-0.06976711480538436,0,,创业板,
2014-01-06,1156245.3353187027,0.0,1156245.3353187027,0.0,True,normal,-0.06976711480538436,0,,创业板,
2014-01-07,1156245.3353187027,0.0,1156245.3353187027,0.0,True,normal,-0.06976711480538436,0,,创业板,
2014-01-08,1156245.3353187027,0.0,1156245.3353187027,0.0,True,normal,-0.06976711480538436,0,,创业板;国债ETF,
2014-01-09,1156245.3353187027,0.0,1156245.3353187027,0.0,True,normal,-0.06976711480538436,0,,创业板,
2014-01-10,1156245.3353187027,0.0,1156245.3353187027,0.0,True,normal,-0.06976711480538436,0,,创业板;国债ETF,
2014-01-13,1156245.3353187027,0.0,1156245.3353187027,0.0,True,normal,-0.06976711480538436,0,,创业板;国债ETF,
2014-01-14,1156245.3353187027,0.0,1156245.3353187027,0.0,True,normal,-0.06976711480538436,0,,创业板;国债ETF,
2014-01-15,1156245.3353187027,0.0,1156245.3353187027,0.0,True,normal,-0.06976711480538436,0,,创业板;国债ETF,
2014-01-16,1156245.3353187027,0.0,1156245.3353187027,0.0,True,normal,-0.06976711480538436,0,,创业板;国债ETF,
2014-01-17,1156245.3353187027,0.0,1156245.3353187027,0.0,True,normal,-0.06976711480538436,0,,创业板,
2014-01-20,1156245.3353187027,0.0,1156245.3353187027,0.0,True,normal,-0.06976711480538436,0,,创业板,
2014-01-21,1156245.3353187027,0.0,1156245.3353187027,0.0,True,normal,-0.06976711480538436,0,,创业板,
2014-01-22,1156245.3353187027,0.0,1156245.3353187027,0.0,True,normal,-0.06976711480538436,0,,创业板;国债ETF,
2014-01-23,1156245.3353187027,0.0,1156245.3353187027,0.0,True,normal,-0.06976711480538436,0,,创业板;国债ETF,
2014-01-24,1156245.3353187027,0.0,1156245.3353187027,0.0,True,normal,-0.06976711480538436,0,,创业板;纳指;黄金;国债ETF,
2014-01-27,1156245.3353187027,0.0,1156245.3353187027,0.0,True,normal,-0.06976711480538436,0,,创业板;纳指;黄金;国债ETF,
2014-01-28,1156245.3353187027,0.0,1156245.3353187027,0.0,True,normal,-0.06976711480538436,0,,创业板;纳指;黄金;国债ETF,
2014-01-29,1156245.3353187027,0.0,1156245.3353187027,0.0,True,normal,-0.06976711480538436,0,,创业板;纳指;黄金;国债ETF,
2014-01-30,1156245.3353187027,0.0,1156245.3353187027,0.0,True,normal,-0.06976711480538436,0,,创业板;纳指;黄金;国债ETF,
2014-02-07,1156245.3353187027,0.0,1156245.3353187027,0.0,True,normal,-0.06976711480538436,0,,创业板;纳指;黄金;国债ETF,
2014-02-10,1156245.3353187027,0.0,1156245.3353187027,0.0,True,normal,-0.06976711480538436,0,,创业板;纳指;黄金;国债ETF,
2014-02-11,1156245.3353187027,0.0,1156245.3353187027,0.0,True,normal,-0.06976711480538436,0,,创业板;纳指;黄金;国债ETF,
2014-02-12,1156245.3353187027,0.0,1156245.3353187027,0.0,True,normal,-0.06976711480538436,0,,创业板;纳指;黄金;国债ETF,
2014-02-13,1156245.3353187027,0.0,1156245.3353187027,0.0,True,normal,-0.06976711480538436,0,,创业板;纳指;黄金;国债ETF,
2014-02-14,1156245.3353187027,0.0,1156245.3353187027,0.0,True,normal,-0.06976711480538436,0,,创业板;纳指;黄金;国债ETF,
2014-02-17,1156245.3353187027,0.0,1156245.3353187027,0.0,True,normal,-0.06976711480538436,0,,创业板;纳指;黄金;国债ETF,
2014-02-18,1156245.3353187027,0.0,1156245.3353187027,0.0,True,normal,-0.06976711480538436,0,,创业板;纳指;黄金;国债ETF,
2014-02-19,1156245.3353187027,0.0,1156245.3353187027,0.0,True,normal,-0.06976711480538436,0,,创业板;纳指;黄金;国债ETF,
2014-02-20,1156245.3353187027,0.0,1156245.3353187027,0.0,True,normal,-0.06976711480538436,0,,创业板;纳指;黄金;国债ETF,
2014-02-21,1156245.3353187027,0.0,1156245.3353187027,0.0,True,normal,-0.06976711480538436,0,,创业板;纳指;黄金;国债ETF,
2014-02-24,1156245.3353187027,0.0,1156245.3353187027,0.0,True,normal,-0.06976711480538436,0,,创业板;纳指;黄金;国债ETF,
2014-02-25,1156245.3353187027,0.0,1156245.3353187027,0.0,True,normal,-0.06976711480538436,0,,创业板;纳指;黄金;国债ETF,
2014-02-26,1156245.3353187027,0.0,1156245.3353187027,0.0,True,normal,-0.06976711480538436,0,,创业板;纳指;黄金;国债ETF,
2014-02-27,1156245.3353187027,0.0,1156245.3353187027,0.0,True,normal,-0.06976711480538436,0,,创业板;纳指;黄金;国债ETF,
2014-02-28,1156245.3353187027,0.0,1156245.3353187027,0.0,True,normal,-0.06976711480538436,0,,创业板;纳指;黄金;国债ETF,
2014-03-03,1156245.3353187027,0.0,1156245.3353187027,0.0,True,normal,-0.06976711480538436,0,,创业板;纳指;黄金;国债ETF,
2014-03-04,1156245.3353187027,0.0,1156245.3353187027,0.0,True,normal,-0.06976711480538436,0,,创业板;纳指;黄金;国债ETF,
2014-03-05,1156245.3353187027,0.0,1156245.3353187027,0.0,True,normal,-0.06976711480538436,0,,创业板;纳指;黄金;国债ETF,
2014-03-06,1156245.3353187027,0.0,1156245.3353187027,0.0,True,normal,-0.06976711480538436,0,,创业板;纳指;黄金;国债ETF,
2014-03-07,1156245.3353187027,0.0,1156245.3353187027,0.0,True,normal,-0.06976711480538436,0,,创业板;纳指;黄金;国债ETF,
2014-03-10,1156245.3353187027,0.0,1156245.3353187027,0.0,True,normal,-0.06976711480538436,0,,创业板;纳指;黄金;国债ETF,
2014-03-11,1156245.3353187027,0.0,1156245.3353187027,0.0,True,normal,-0.06976711480538436,0,,纳指;黄金;国债ETF,
2014-03-12,1156245.3353187027,0.0,1156245.3353187027,0.0,True,normal,-0.06976711480538436,0,,创业板;纳指;黄金;国债ETF,
2014-03-13,1156245.3353187027,0.0,1156245.3353187027,0.0,True,normal,-0.06976711480538436,0,,创业板;纳指;黄金;国债ETF,
2014-03-14,1156245.3353187027,0.0,1156245.3353187027,0.0,True,normal,-0.06976711480538436,0,,创业板;纳指;黄金;国债ETF,
2014-03-17,1156245.3353187027,0.0,1156245.3353187027,0.0,True,normal,-0.06976711480538436,0,,创业板;纳指;黄金;国债ETF,
2014-03-18,1156245.3353187027,0.0,1156245.3353187027,0.0,True,normal,-0.06976711480538436,0,,创业板;纳指;黄金;国债ETF,
2014-03-19,1156245.3353187027,0.0,1156245.3353187027,0.0,True,normal,-0.06976711480538436,0,,创业板;纳指;黄金;国债ETF,
2014-03-20,1156245.3353187027,0.0,1156245.3353187027,0.0,True,normal,-0.06976711480538436,0,,创业板;纳指;黄金;国债ETF,
2014-03-21,1156245.3353187027,0.0,1156245.3353187027,0.0,True,normal,-0.06976711480538436,0,,创业板;纳指;黄金;国债ETF,
2014-03-24,1156245.3353187027,0.0,1156245.3353187027,0.0,True,normal,-0.06976711480538436,0,,纳指;黄金;国债ETF,
2014-03-25,1156245.3353187027,0.0,1156245.3353187027,0.0,True,normal,-0.06976711480538436,0,,纳指;黄金;国债ETF,
2014-03-26,1156245.3353187027,0.0,1156245.3353187027,0.0,True,normal,-0.06976711480538436,0,,纳指;黄金;国债ETF,
2014-03-27,1156245.3353187027,0.0,1156245.3353187027,0.0,True,normal,-0.06976711480538436,0,,黄金;国债ETF,
2014-03-28,1156245.3353187027,0.0,1156245.3353187027,0.0,True,normal,-0.06976711480538436,0,,纳指;黄金;国债ETF,
2014-03-31,1156245.3353187027,0.0,1156245.3353187027,0.0,True,normal,-0.06976711480538436,0,,纳指;黄金;国债ETF,
2014-04-01,1156245.3353187027,0.0,1156245.3353187027,0.0,True,normal,-0.06976711480538436,0,,纳指;黄金;国债ETF,
2014-04-02,1156245.3353187027,0.0,1156245.3353187027,0.0,True,normal,-0.06976711480538436,0,,纳指;黄金;国债ETF,
2014-04-03,1156245.3353187027,0.0,1156245.3353187027,0.0,True,normal,-0.06976711480538436,0,,纳指;黄金;国债ETF,
2014-04-04,1156245.3353187027,0.0,1156245.3353187027,0.0,True,normal,-0.06976711480538436,0,,纳指;黄金;国债ETF,
2014-04-08,1156245.3353187027,0.0,1156245.3353187027,0.0,True,normal,-0.06976711480538436,0,,黄金;国债ETF,
2014-04-09,1156245.3353187027,0.0,1156245.3353187027,0.0,True,normal,-0.06976711480538436,0,,黄金;国债ETF,
2014-04-10,1156245.3353187027,0.0,1156245.3353187027,0.0,True,normal,-0.06976711480538436,0,,纳指;黄金;国债ETF,
2014-04-11,1156245.3353187027,0.0,1156245.3353187027,0.0,True,normal,-0.06976711480538436,0,,黄金;国债ETF,
2014-04-14,1156245.3353187027,0.0,1156245.3353187027,0.0,True,normal,-0.06976711480538436,0,,黄金;国债ETF,
2014-04-15,1156245.3353187027,0.0,1156245.3353187027,0.0,True,normal,-0.06976711480538436,0,,黄金;国债ETF,
2014-04-16,1156245.3353187027,0.0,1156245.3353187027,0.0,True,normal,-0.06976711480538436,0,,黄金;国债ETF,
2014-04-17,1156245.3353187027,0.0,1156245.3353187027,0.0,True,normal,-0.06976711480538436,0,,黄金;国债ETF,
2014-04-18,1156245.3353187027,0.0,1156245.3353187027,0.0,True,normal,-0.06976711480538436,0,,国债ETF,
2014-04-21,1156245.3353187027,0.0,1156245.3353187027,0.0,True,normal,-0.06976711480538436,0,,国债ETF,
2014-04-22,1156245.3353187027,0.0,1156245.3353187027,0.0,True,normal,-0.06976711480538436,0,,沪深300;国债ETF,
2014-04-23,1156245.3353187027,0.0,1156245.3353187027,0.0,True,normal,-0.06976711480538436,0,,沪深300;国债ETF,
2014-04-24,1156245.3353187027,0.0,1156245.3353187027,0.0,True,normal,-0.06976711480538436,0,,沪深300;国债ETF,
2014-04-25,1156245.3353187027,0.0,1156245.3353187027,0.0,True,normal,-0.06976711480538436,0,,国债ETF,
2014-04-28,1156245.3353187027,809371.7347230918,346873.6005956109,1.0,False,normal,-0.06976711480538436,1,国债ETF,国债ETF,
2014-04-29,1157209.9723996515,0.0,1157209.9723996515,0.0,True,normal,-0.06899103631445633,0,,国债ETF,
2014-04-30,1157209.9723996515,0.0,1157209.9723996515,0.0,True,normal,-0.06899103631445633,0,,国债ETF,
2014-05-05,1157209.9723996515,0.0,1157209.9723996515,0.0,True,normal,-0.06899103631445633,0,,黄金;国债ETF,
2014-05-06,1157209.9723996515,0.0,1157209.9723996515,0.0,True,normal,-0.06899103631445633,0,,国债ETF,
2014-05-07,1157209.9723996515,0.0,1157209.9723996515,0.0,True,normal,-0.06899103631445633,0,,沪深300;黄金;国债ETF,
2014-05-08,1157209.9723996515,0.0,1157209.9723996515,0.0,True,normal,-0.06899103631445633,0,,沪深300;国债ETF,
2014-05-09,1157209.9723996515,0.0,1157209.9723996515,0.0,True,normal,-0.06899103631445633,0,,沪深300;国债ETF,
2014-05-12,1157209.9723996515,0.0,1157209.9723996515,0.0,True,normal,-0.06899103631445633,0,,沪深300;国债ETF,
2014-05-13,1157209.9723996515,0.0,1157209.9723996515,0.0,True,normal,-0.06899103631445633,0,,沪深300;国债ETF,
2014-05-14,1157209.9723996515,0.0,1157209.9723996515,0.0,True,normal,-0.06899103631445633,0,,沪深300;纳指;国债ETF,
2014-05-15,1157209.9723996515,0.0,1157209.9723996515,0.0,True,normal,-0.06899103631445633,0,,沪深300;国债ETF,
2014-05-16,1157209.9723996515,0.0,1157209.9723996515,0.0,True,normal,-0.06899103631445633,0,,沪深300;国债ETF,
2014-05-19,1157209.9723996515,0.0,1157209.9723996515,0.0,True,normal,-0.06899103631445633,0,,沪深300;国债ETF,
2014-05-20,1157209.9723996515,0.0,1157209.9723996515,0.0,True,normal,-0.06899103631445633,0,,国债ETF,
2014-05-21,1157209.9723996515,0.0,1157209.9723996515,0.0,True,normal,-0.06899103631445633,0,,国债ETF,
2014-05-22,1157209.9723996515,0.0,1157209.9723996515,0.0,True,normal,-0.06899103631445633,0,,国债ETF,
2014-05-23,1157209.9723996515,0.0,1157209.9723996515,0.0,True,normal,-0.06899103631445633,0,,纳指;国债ETF,
2014-05-26,1157209.9723996515,0.0,1157209.9723996515,0.0,True,normal,-0.06899103631445633,0,,沪深300;纳指;黄金;国债ETF,
2014-05-27,1157209.9723996515,0.0,1157209.9723996515,0.0,True,normal,-0.06899103631445633,0,,纳指;黄金;国债ETF,
2014-05-28,1157209.9723996515,0.0,1157209.9723996515,0.0,True,normal,-0.06899103631445633,0,,沪深300;创业板;纳指;国债ETF,
2014-05-29,1157209.9723996515,0.0,1157209.9723996515,0.0,True,normal,-0.06899103631445633,0,,沪深300;纳指;国债ETF,
2014-05-30,1157209.9723996515,0.0,1157209.9723996515,0.0,True,normal,-0.06899103631445633,0,,纳指;国债ETF,
2014-06-03,1157209.9723996515,0.0,1157209.9723996515,0.0,True,normal,-0.06899103631445633,0,,纳指;国债ETF,
2014-06-04,1157209.9723996515,0.0,1157209.9723996515,0.0,True,normal,-0.06899103631445633,0,,纳指;国债ETF,
2014-06-05,1157209.9723996515,0.0,1157209.9723996515,0.0,True,normal,-0.06899103631445633,0,,创业板;纳指;国债ETF,
2014-06-06,1157209.9723996515,0.0,1157209.9723996515,0.0,True,normal,-0.06899103631445633,0,,纳指;国债ETF,
2014-06-09,1157209.9723996515,0.0,1157209.9723996515,0.0,True,normal,-0.06899103631445633,0,,纳指;国债ETF,
2014-06-10,1157209.9723996515,0.0,1157209.9723996515,0.0,True,normal,-0.06899103631445633,0,,纳指;国债ETF,
2014-06-11,1157209.9723996515,810046.980679756,347162.9917198955,1.0,False,normal,-0.06899103631445633,2,纳指;国债ETF,纳指;国债ETF,
2014-06-12,1154217.4913625452,807952.2439537814,346265.24740876374,1.0,False,normal,-0.07139857404369641,3,创业板;纳指;国债ETF,创业板;纳指;国债ETF,
2014-06-13,1155821.0277807142,809074.7194464998,346746.3083342144,1.0,False,normal,-0.07010848251794174,3,创业板;纳指;国债ETF,创业板;纳指;国债ETF,
2014-06-16,1159062.3395685276,811343.6376979693,347718.7018705583,1.0,False,normal,-0.06750075323757936,3,创业板;纳指;国债ETF,创业板;纳指;国债ETF,
2014-06-17,1156783.4061465054,809748.3843025536,347035.0218439518,1.0,False,normal,-0.06933422122882525,3,创业板;纳指;国债ETF,创业板;纳指;国债ETF,
2014-06-18,1154002.181001383,807801.526700968,346200.6543004151,1.0,False,normal,-0.07157179746986564,3,创业板;纳指;国债ETF,创业板;纳指;国债ETF,
2014-06-19,1147892.960873277,803525.0726112938,344367.8882619832,1.0,False,normal,-0.07648684213423247,2,纳指;国债ETF,纳指;国债ETF,
2014-06-20,1147292.026988663,803104.418892064,344187.608096599,1.0,False,normal,-0.07697031086203628,4,创业板;纳指;黄金;国债ETF,创业板;纳指;黄金;国债ETF,
2014-06-23,1152550.5912979017,806785.4139085312,345765.1773893705,1.0,False,normal,-0.07273964345958901,4,创业板;纳指;黄金;国债ETF,创业板;纳指;黄金;国债ETF,
2014-06-24,1154558.9891934972,808191.292435448,346367.6967580492,1.0,False,normal,-0.07112382914062905,4,创业板;纳指;黄金;国债ETF,创业板;纳指;黄金;国债ETF,
2014-06-25,1151456.026070715,806019.2182495004,345436.80782121455,1.0,False,normal,-0.07362025291003839,4,沪深300;创业板;纳指;国债ETF,沪深300;创业板;纳指;国债ETF,
2014-06-26,1157706.493560304,810394.5454922128,347311.9480680912,1.0,False,normal,-0.06859157064940649,5,沪深300;创业板;纳指;黄金;国债ETF,沪深300;创业板;纳指;黄金;国债ETF,
2014-06-27,1158815.4334782148,811170.8034347504,347644.63004346436,1.0,False,normal,-0.06769939634362965,5,沪深300;创业板;纳指;黄金;国债ETF,沪深300;创业板;纳指;黄金;国债ETF,
2014-06-30,1161644.4176352955,813151.092344707,348493.32529058855,1.0,False,normal,-0.06542339659320841,5,沪深300;创业板;纳指;黄金;国债ETF,沪深300;创业板;纳指;黄金;国债ETF,
2014-07-01,1163435.7033930472,814404.992375133,349030.71101791423,1.0,False,normal,-0.06398225528198136,5,沪深300;创业板;纳指;黄金;国债ETF,沪深300;创业板;纳指;黄金;国债ETF,
2014-07-02,1167032.9195960872,816923.043717261,350109.87587882613,1.0,False,normal,-0.06108819058393839,5,沪深300;创业板;纳指;黄金;国债ETF,沪深300;创业板;纳指;黄金;国债ETF,
2014-07-03,1167539.3069252404,817277.5148476684,350261.7920775721,1.0,False,normal,-0.06068078730036589,5,沪深300;创业板;纳指;黄金;国债ETF,沪深300;创业板;纳指;黄金;国债ETF,
2014-07-04,1168566.124261268,817996.2869828875,350569.8372783804,1.0,False,normal,-0.05985468299197754,5,沪深300;创业板;纳指;黄金;国债ETF,沪深300;创业板;纳指;黄金;国债ETF,
2014-07-07,1165592.9894302313,815915.0926011619,349677.89682906936,1.0,False,normal,-0.062246656137698836,5,沪深300;创业板;纳指;黄金;国债ETF,沪深300;创业板;纳指;黄金;国债ETF,
2014-07-08,1167537.4376869714,817276.20638088,350261.2313060914,1.0,False,normal,-0.060682291156731856,5,沪深300;创业板;纳指;黄金;国债ETF,沪深300;创业板;纳指;黄金;国债ETF,
2014-07-09,1159403.30917336,811582.316421352,347820.992752008,1.0,False,normal,-0.06722643330773555,5,沪深300;创业板;纳指;黄金;国债ETF,沪深300;创业板;纳指;黄金;国债ETF,
2014-07-10,1157765.8686829908,810436.1080780935,347329.7606048973,1.0,False,normal,-0.06854380164226015,4,沪深300;创业板;纳指;黄金,沪深300;创业板;纳指;黄金,
2014-07-11,1158139.0319829728,810697.3223880809,347441.7095948919,1.0,False,normal,-0.06824358095155761,5,沪深300;创业板;纳指;黄金;国债ETF,沪深300;创业板;纳指;黄金;国债ETF,
2014-07-14,1160416.2692423465,812291.3884696425,348124.880772704,1.0,False,normal,-0.06641147757232448,5,沪深300;创业板;纳指;黄金;国债ETF,沪深300;创业板;纳指;黄金;国债ETF,
2014-07-15,1156939.4793050974,809857.6355135681,347081.8437915293,1.0,False,normal,-0.06920865584907092,5,沪深300;创业板;纳指;黄金;国债ETF,沪深300;创业板;纳指;黄金;国债ETF,
2014-07-16,1151961.8679701774,806373.3075791241,345588.5603910533,1.0,False,normal,-0.07321328844046097,4,沪深300;创业板;纳指;国债ETF,沪深300;创业板;纳指;国债ETF,
2014-07-17,1150037.0567462286,805025.93972236,345011.1170238686,1.0,False,normal,-0.07476185485938223,4,沪深300;创业板;纳指;黄金,沪深300;创业板;纳指;黄金,
2014-07-18,1150264.5248999672,805185.167429977,345079.35746999027,1.0,False,normal,-0.07457885013670038,4,沪深300;创业板;纳指;黄金,沪深300;创业板;纳指;黄金,
2014-07-21,1151888.2891456112,0.0,1151888.2891456112,0.0,True,normal,-0.07327248473745324,0,,沪深300;纳指;黄金,
2014-07-22,1151888.2891456112,0.0,1151888.2891456112,0.0,True,normal,-0.07327248473745324,0,,沪深300;创业板;纳指;黄金,
2014-07-23,1151888.2891456112,0.0,1151888.2891456112,0.0,True,normal,-0.07327248473745324,0,,沪深300;纳指;黄金,
2014-07-24,1151888.2891456112,0.0,1151888.2891456112,0.0,True,normal,-0.07327248473745324,0,,沪深300;纳指;黄金,
2014-07-25,1151888.2891456112,0.0,1151888.2891456112,0.0,True,normal,-0.07327248473745324,0,,沪深300;纳指;黄金,
2014-07-28,1151888.2891456112,0.0,1151888.2891456112,0.0,True,normal,-0.07327248473745324,0,,沪深300;纳指;黄金,
2014-07-29,1151888.2891456112,0.0,1151888.2891456112,0.0,True,normal,-0.07327248473745324,0,,沪深300;创业板;纳指;黄金,
2014-07-30,1151888.2891456112,806321.8024019276,345566.4867436836,1.0,False,normal,-0.07327248473745324,3,沪深300;纳指;黄金,沪深300;纳指;黄金,
2014-07-31,1155723.0098496987,809006.1068947889,346716.90295490983,1.0,False,normal,-0.07018734078442218,3,沪深300;纳指;黄金,沪深300;纳指;黄金,
2014-08-01,1146353.2966151675,802447.3076306172,343905.98898455035,1.0,False,normal,-0.07772554665593102,3,沪深300;纳指;黄金,沪深300;纳指;黄金,
2014-08-04,1153784.5792802577,807649.2054961802,346135.37378407747,1.0,False,normal,-0.07174686436153878,3,沪深300;纳指;黄金,沪深300;纳指;黄金,
2014-08-05,1152693.5434150216,806885.480390515,345808.0630245067,1.0,False,normal,-0.07262463433800281,3,沪深300;纳指;黄金,沪深300;纳指;黄金,
2014-08-06,1149142.1967735565,804399.5377414895,344742.65903206705,1.0,False,normal,-0.07548179564426287,5,沪深300;创业板;纳指;黄金;国债ETF,沪深300;创业板;纳指;黄金;国债ETF,
2014-08-07,1148320.3992719275,803824.2794903492,344496.1197815783,1.0,False,normal,-0.07614295555352672,4,沪深300;纳指;黄金;国债ETF,沪深300;纳指;黄金;国债ETF,
2014-08-08,1149047.2471912825,804333.0730338976,344714.1741573849,1.0,False,normal,-0.075558185335247,3,沪深300;纳指;黄金,沪深300;纳指;黄金,
2014-08-11,1153676.848111889,807573.7936783223,346103.05443356675,1.0,False,normal,-0.07183353720900093,5,沪深300;创业板;纳指;黄金;国债ETF,沪深300;创业板;纳指;黄金;国债ETF,
2014-08-12,1153287.6097898656,807301.3268529058,345986.28293695976,1.0,False,normal,-0.07214669072085875,4,沪深300;创业板;纳指;黄金,沪深300;创业板;纳指;黄金,
2014-08-13,1151023.4600130538,805716.4220091377,345307.03800391615,1.0,False,normal,-0.07396826484103954,5,沪深300;创业板;纳指;黄金;国债ETF,沪深300;创业板;纳指;黄金;国债ETF,
2014-08-14,1150831.4806280923,805582.0364396645,345249.44418842776,1.0,False,normal,-0.07412271782062403,4,沪深300;创业板;纳指;国债ETF,沪深300;创业板;纳指;国债ETF,
2014-08-15,1157117.1033203485,809981.972324244,347135.13099610456,1.0,False,normal,-0.06906575218049836,4,沪深300;创业板;纳指;国债ETF,沪深300;创业板;纳指;国债ETF,
2014-08-18,1162706.74144921,813894.7190144471,348812.022434763,1.0,False,normal,-0.06456872629423047,3,沪深300;创业板;纳指,沪深300;创业板;纳指,
2014-08-19,1167802.513894374,817461.7597260617,350340.7541683123,1.0,False,normal,-0.06046902966483522,3,沪深300;创业板;纳指,沪深300;创业板;纳指,
2014-08-20,1166102.8679594237,816272.0075715965,349830.86038782715,1.0,False,normal,-0.06183644408250493,3,沪深300;创业板;纳指,沪深300;创业板;纳指,
2014-08-21,1168763.924111913,818134.746878339,350629.177233574,1.0,False,normal,-0.05969554727904871,3,沪深300;创业板;纳指,沪深300;创业板;纳指,
2014-08-22,1173648.767236325,821554.1370654274,352094.6301708976,1.0,False,normal,-0.055765549401831455,4,沪深300;创业板;纳指;国债ETF,沪深300;创业板;纳指;国债ETF,
2014-08-25,1169453.5462054347,818617.4823438042,350836.0638616305,1.0,False,normal,-0.05914072631661527,4,沪深300;创业板;纳指;国债ETF,沪深300;创业板;纳指;国债ETF,
2014-08-26,1165501.0481830416,815850.733728129,349650.3144549127,1.0,False,normal,-0.06232062553591314,3,沪深300;纳指;国债ETF,沪深300;纳指;国债ETF,
2014-08-27,1165575.0185281793,815902.5129697253,349672.50555845397,1.0,False,normal,-0.06226111424927321,3,沪深300;纳指;国债ETF,沪深300;纳指;国债ETF,
2014-08-28,1163276.0056095538,814293.2039266876,348982.8016828662,1.0,False,normal,-0.06411073677752602,3,沪深300;纳指;国债ETF,沪深300;纳指;国债ETF,
2014-08-29,1164362.6637606611,815053.8646324627,349308.7991281984,1.0,False,normal,-0.06323648879896338,4,沪深300;创业板;纳指;国债ETF,沪深300;创业板;纳指;国债ETF,
2014-09-01,1170154.0044836332,0.0,1170154.0044836332,0.0,True,normal,-0.05857718732953047,0,,沪深300;创业板;纳指;国债ETF,
2014-09-02,1170154.0044836332,0.0,1170154.0044836332,0.0,True,normal,-0.05857718732953047,0,,沪深300;创业板;纳指;国债ETF,
2014-09-03,1170154.0044836332,0.0,1170154.0044836332,0.0,True,normal,-0.05857718732953047,0,,沪深300;创业板;纳指;国债ETF,
2014-09-04,1170154.0044836332,0.0,1170154.0044836332,0.0,True,normal,-0.05857718732953047,0,,沪深300;创业板;纳指;国债ETF,
2014-09-05,1170154.0044836332,0.0,1170154.0044836332,0.0,True,normal,-0.05857718732953047,0,,沪深300;创业板;纳指;国债ETF,
2014-09-09,1170154.0044836332,0.0,1170154.0044836332,0.0,True,normal,-0.05857718732953047,0,,沪深300;创业板;纳指;国债ETF,
2014-09-10,1170154.0044836332,0.0,1170154.0044836332,0.0,True,normal,-0.05857718732953047,0,,沪深300;创业板;纳指;国债ETF,
2014-09-11,1170154.0044836332,0.0,1170154.0044836332,0.0,True,normal,-0.05857718732953047,0,,沪深300;创业板;纳指;国债ETF,
2014-09-12,1170154.0044836332,0.0,1170154.0044836332,0.0,True,normal,-0.05857718732953047,0,,沪深300;创业板;纳指;国债ETF,
2014-09-15,1170154.0044836332,0.0,1170154.0044836332,0.0,True,normal,-0.05857718732953047,0,,沪深300;创业板;纳指;国债ETF,
2014-09-16,1170154.0044836332,0.0,1170154.0044836332,0.0,True,normal,-0.05857718732953047,0,,沪深300;创业板;纳指;国债ETF,
2014-09-17,1170154.0044836332,0.0,1170154.0044836332,0.0,True,normal,-0.05857718732953047,0,,沪深300;创业板;纳指;国债ETF,
2014-09-18,1170154.0044836332,0.0,1170154.0044836332,0.0,True,normal,-0.05857718732953047,0,,沪深300;创业板;纳指;国债ETF,
2014-09-19,1170154.0044836332,0.0,1170154.0044836332,0.0,True,normal,-0.05857718732953047,0,,沪深300;创业板;纳指;国债ETF,
2014-09-22,1170154.0044836332,0.0,1170154.0044836332,0.0,True,normal,-0.05857718732953047,0,,沪深300;创业板;纳指;国债ETF,
2014-09-23,1170154.0044836332,0.0,1170154.0044836332,0.0,True,normal,-0.05857718732953047,0,,沪深300;创业板;纳指;国债ETF,
2014-09-24,1170154.0044836332,0.0,1170154.0044836332,0.0,True,normal,-0.05857718732953047,0,,沪深300;创业板;纳指;国债ETF,
2014-09-25,1170154.0044836332,0.0,1170154.0044836332,0.0,True,normal,-0.05857718732953047,0,,沪深300;创业板;纳指;国债ETF,
2014-09-26,1170154.0044836332,0.0,1170154.0044836332,0.0,True,normal,-0.05857718732953047,0,,沪深300;创业板;纳指;国债ETF,
2014-09-29,1170154.0044836332,0.0,1170154.0044836332,0.0,True,normal,-0.05857718732953047,0,,沪深300;创业板;纳指;国债ETF,
2014-09-30,1170154.0044836332,0.0,1170154.0044836332,0.0,True,normal,-0.05857718732953047,0,,沪深300;创业板;纳指;国债ETF,
2014-10-08,1170154.0044836332,0.0,1170154.0044836332,0.0,True,normal,-0.05857718732953047,0,,沪深300;创业板;纳指;国债ETF,
2014-10-09,1170154.0044836332,0.0,1170154.0044836332,0.0,True,normal,-0.05857718732953047,0,,沪深300;创业板;纳指;国债ETF,
2014-10-10,1170154.0044836332,0.0,1170154.0044836332,0.0,True,normal,-0.05857718732953047,0,,沪深300;创业板;纳指;国债ETF,
2014-10-13,1170154.0044836332,0.0,1170154.0044836332,0.0,True,normal,-0.05857718732953047,0,,沪深300;创业板;国债ETF,
2014-10-14,1170154.0044836332,819107.8031385432,351046.20134509006,1.0,False,normal,-0.05857718732953047,3,沪深300;创业板;国债ETF,沪深300;创业板;国债ETF,
2014-10-15,1174555.7724131881,822189.0406892316,352366.73172395653,1.0,False,normal,-0.055035837448159174,3,沪深300;创业板;国债ETF,沪深300;创业板;国债ETF,
2014-10-16,1170732.15040011,819512.505280077,351219.64512003306,1.0,False,normal,-0.05811205218258563,3,沪深300;创业板;国债ETF,沪深300;创业板;国债ETF,
2014-10-17,1168030.6365896764,817621.4456127734,350409.19097690296,1.0,False,normal,-0.06028549834449395,3,沪深300;创业板;国债ETF,沪深300;创业板;国债ETF,
2014-10-20,1174341.1339823538,822038.7937876475,352302.34019470634,1.0,False,normal,-0.055208520286904275,3,沪深300;创业板;国债ETF,沪深300;创业板;国债ETF,
2014-10-21,1168080.1738421835,817656.1216895285,350424.0521526551,1.0,False,normal,-0.060245644189050665,3,沪深300;创业板;国债ETF,沪深300;创业板;国债ETF,
2014-10-22,1163338.9910983345,814337.293768834,349001.6973295006,1.0,False,normal,-0.06406006312621326,3,沪深300;创业板;国债ETF,沪深300;创业板;国债ETF,
2014-10-23,1155955.8369191964,809169.0858434374,346786.75107575906,1.0,False,normal,-0.07000002465868792,3,沪深300;创业板;国债ETF,沪深300;创业板;国债ETF,
2014-10-24,1156410.335333508,809487.2347334556,346923.1006000524,1.0,False,normal,-0.06963436751106804,3,沪深300;创业板;国债ETF,沪深300;创业板;国债ETF,
2014-10-27,1155903.6234474618,809132.536413223,346771.08703423874,1.0,False,normal,-0.07004203191006798,3,沪深300;创业板;国债ETF,沪深300;创业板;国债ETF,
2014-10-28,1167832.8077759922,817482.9654431945,350349.8423327977,1.0,False,normal,-0.06044465735902725,3,沪深300;创业板;国债ETF,沪深300;创业板;国债ETF,
2014-10-29,1173024.7979556988,821117.358568989,351907.4393867098,1.0,False,normal,-0.056267550773391316,3,沪深300;创业板;国债ETF,沪深300;创业板;国债ETF,
2014-10-30,1172977.7017323142,821084.3912126198,351893.31051969435,1.0,False,normal,-0.05630544105015404,3,沪深300;创业板;国债ETF,沪深300;创业板;国债ETF,
2014-10-31,1176873.9337396505,823811.7536177554,353062.18012189516,1.0,False,normal,-0.05317080947079889,4,沪深300;创业板;纳指;国债ETF,沪深300;创业板;纳指;国债ETF,
2014-11-03,1180953.1756838344,826667.222978684,354285.95270515035,1.0,False,normal,-0.04988894109283992,4,沪深300;创业板;纳指;国债ETF,沪深300;创业板;纳指;国债ETF,
2014-11-04,1179219.9234328968,825453.9464030277,353765.9770298691,1.0,False,normal,-0.05128339276577597,4,沪深300;创业板;纳指;国债ETF,沪深300;创业板;纳指;国债ETF,
2014-11-05,1178896.1294188735,825227.2905932113,353668.83882566215,1.0,False,normal,-0.05154389443499195,3,沪深300;创业板;国债ETF,沪深300;创业板;国债ETF,
2014-11-06,1182247.5839834884,827573.3087884418,354674.27519504656,1.0,False,normal,-0.04884755209828443,4,沪深300;创业板;纳指;国债ETF,沪深300;创业板;纳指;国债ETF,
2014-11-07,1181991.4386915024,827394.0070840516,354597.4316074508,1.0,False,normal,-0.049053628409872256,4,沪深300;创业板;纳指;国债ETF,沪深300;创业板;纳指;国债ETF,
2014-11-10,1188202.326255591,831741.6283789136,356460.69787667727,1.0,False,normal,-0.04405678934650094,4,沪深300;创业板;纳指;国债ETF,沪深300;创业板;纳指;国债ETF,
2014-11-11,1179516.1384192358,825661.2968934649,353854.84152577096,1.0,False,normal,-0.051045079223690164,3,沪深300;纳指;国债ETF,沪深300;纳指;国债ETF,
2014-11-12,1183256.1614280012,828279.3129996008,354976.84842840047,1.0,False,normal,-0.04803612231128961,3,沪深300;纳指;国债ETF,沪深300;纳指;国债ETF,
2014-11-13,1181507.593536562,827055.3154755933,354452.27806096873,1.0,False,normal,-0.049442895860921966,3,沪深300;纳指;国债ETF,沪深300;纳指;国债ETF,
2014-11-14,1181667.6666123518,827167.3666286462,354500.2999837056,1.0,False,normal,-0.049314112431847364,3,沪深300;纳指;国债ETF,沪深300;纳指;国债ETF,
2014-11-17,1180223.5504677389,826156.485327417,354067.06514032185,1.0,False,normal,-0.05047594572684535,3,沪深300;纳指;国债ETF,沪深300;纳指;国债ETF,
2014-11-18,1178263.5211442977,824784.4648010083,353479.0563432893,1.0,False,normal,-0.05205284612757925,4,沪深300;创业板;纳指;国债ETF,沪深300;创业板;纳指;国债ETF,
2014-11-19,1183001.3385991328,828100.937019393,354900.4015797399,1.0,False,normal,-0.04824113466296874,4,沪深300;创业板;纳指;国债ETF,沪深300;创业板;纳指;国债ETF,
2014-11-20,1179529.65543475,825670.758804325,353858.896630425,1.0,False,normal,-0.05103420439292812,3,沪深300;纳指;国债ETF,沪深300;纳指;国债ETF,
2014-11-21,1186093.9797369512,830265.7858158657,355828.19392108545,1.0,False,normal,-0.04575301522963814,4,沪深300;创业板;纳指;国债ETF,沪深300;创业板;纳指;国债ETF,
2014-11-24,1192379.531964243,834665.67237497,357713.8595892729,1.0,False,normal,-0.04069610628061878,4,沪深300;创业板;纳指;国债ETF,沪深300;创业板;纳指;国债ETF,
2014-11-25,1200484.664318514,840339.2650229598,360145.39929555426,1.0,False,normal,-0.034175292380236935,4,沪深300;创业板;纳指;国债ETF,沪深300;创业板;纳指;国债ETF,
2014-11-26,1205629.17523877,843940.422667139,361688.752571631,1.0,False,normal,-0.030036384234980913,4,沪深300;创业板;纳指;国债ETF,沪深300;创业板;纳指;国债ETF,
2014-11-27,1210477.7731862208,847334.4412303545,363143.3319558663,1.0,False,normal,-0.02613554665316904,4,沪深300;创业板;纳指;国债ETF,沪深300;创业板;纳指;国债ETF,
2014-11-28,1216442.8506999519,851509.9954899662,364932.85520998563,1.0,False,normal,-0.021336468899935887,4,沪深300;创业板;纳指;国债ETF,沪深300;创业板;纳指;国债ETF,
2014-12-01,1213964.4658703522,849775.1261092465,364189.3397611057,1.0,False,normal,-0.023330401329531868,4,沪深300;创业板;纳指;国债ETF,沪深300;创业板;纳指;国债ETF,
2014-12-02,1221298.865788469,854909.2060519283,366389.65973654075,1.0,False,normal,-0.01742966401315565,4,沪深300;创业板;纳指;国债ETF,沪深300;创业板;纳指;国债ETF,
2014-12-03,1230035.1207349193,861024.5845144435,369010.5362204758,1.0,False,normal,-0.010401093694736064,4,沪深300;创业板;纳指;国债ETF,沪深300;创业板;纳指;国债ETF,
2014-12-04,1245266.5310732059,871686.571751244,373579.95932196185,1.0,False,normal,0.0,4,沪深300;创业板;纳指;国债ETF,沪深300;创业板;纳指;国债ETF,
2014-12-05,1235226.3607885712,864658.4525519998,370567.90823657135,1.0,False,normal,-0.008062667737469654,4,沪深300;创业板;纳指;国债ETF,沪深300;创业板;纳指;国债ETF,
2014-12-08,1243734.2457304052,870613.9720112836,373120.2737191216,1.0,False,normal,-0.0012304878550619175,4,沪深300;创业板;纳指;国债ETF,沪深300;创业板;纳指;国债ETF,
2014-12-09,1221054.7442534268,854738.3209773987,366316.42327602813,0.7044440905019091,False,normal,-0.019443055936717964,3,沪深300;纳指;国债ETF,沪深300;纳指;国债ETF,
2014-12-10,1236258.4899166608,865380.9429416625,370877.5469749983,0.5183011408395098,False,normal,-0.00723382579694137,4,沪深300;创业板;纳指;黄金,沪深300;创业板;纳指;黄金,
2014-12-11,1228743.725305219,860120.6077136532,368623.1175915657,0.4280904162664208,False,normal,-0.01326848940021467,3,沪深300;创业板;纳指,沪深300;创业板;纳指,
2014-12-12,1234113.013006756,863879.1091047293,370233.9039020268,0.4410765774883542,False,normal,-0.008956731581661777,3,沪深300;创业板;纳指,沪深300;创业板;纳指,
2014-12-15,1240765.3924388315,868535.774707182,372229.61773164955,0.606284211696088,False,normal,-0.0036145985795467874,4,沪深300;创业板;纳指;国债ETF,沪深300;创业板;纳指;国债ETF,
2014-12-16,1244109.0242771015,870876.316993971,373232.7072831305,0.6251859404354254,False,normal,-0.0009295253403356113,4,沪深300;创业板;纳指;国债ETF,沪深300;创业板;纳指;国债ETF,
2014-12-17,1246379.1596226091,872465.4117358264,373913.74788678274,0.6448042067273938,False,normal,0.0,4,沪深300;创业板;纳指;国债ETF,沪深300;创业板;纳指;国债ETF,
2014-12-18,1248277.453026927,873794.2171188489,374483.23590807815,0.664931851178534,False,normal,0.0,4,沪深300;创业板;纳指;国债ETF,沪深300;创业板;纳指;国债ETF,
2014-12-19,1253231.9484798252,877262.3639358776,375969.5845439476,0.6842460171627007,False,normal,0.0,4,沪深300;创业板;纳指;国债ETF,沪深300;创业板;纳指;国债ETF,
2014-12-22,1240696.8937514927,868487.8256260448,372209.06812544796,0.7352791508421301,False,normal,-0.010002182551711602,3,沪深300;纳指;国债ETF,沪深300;纳指;国债ETF,
2014-12-23,1235979.6742033954,865185.7719423766,370793.90226101875,0.7357249757642453,False,normal,-0.013766226034499725,3,沪深300;纳指;国债ETF,沪深300;纳指;国债ETF,
2014-12-24,1227725.272266636,859407.6905866449,368317.581679991,0.7152035763764105,False,normal,-0.020352717822210764,3,沪深300;纳指;国债ETF,沪深300;纳指;国债ETF,
2014-12-25,1237983.5079091704,866588.4555364192,371395.0523727512,0.763103922392694,False,normal,-0.01216729320470263,5,沪深300;创业板;纳指;黄金;国债ETF,沪深300;创业板;纳指;黄金;国债ETF,
2014-12-26,1246070.143698356,872249.1005888493,373821.04310950683,0.837385767610382,False,normal,-0.005714668214576197,4,沪深300;纳指;黄金;国债ETF,沪深300;纳指;黄金;国债ETF,
2014-12-29,1248400.108506423,873880.075954496,374520.0325519269,0.6341686517321411,False,normal,-0.003855503348173695,3,沪深300;纳指;黄金,沪深300;纳指;黄金,
2014-12-30,1245598.4347401657,871918.9043181158,373679.5304220499,0.6463689027653255,False,normal,-0.006091062192373032,3,沪深300;纳指;黄金,沪深300;纳指;黄金,
2014-12-31,1254502.982884043,878152.0880188298,376350.8948652131,0.6555149094289229,False,normal,0.0,3,沪深300;纳指;黄金,沪深300;纳指;黄金,
2015-01-05,1258825.379598816,881177.765719171,377647.6138796449,0.6755755344855418,False,normal,0.0,3,沪深300;纳指;黄金,沪深300;纳指;黄金,
2015-01-06,1255521.841913146,878865.289339202,376656.552573944,0.5005816504328654,False,normal,-0.0026243017810165113,3,沪深300;创业板;黄金,沪深300;创业板;黄金,
2015-01-07,1251183.7525882942,875828.6268118059,375355.12577648833,0.5095851705082957,False,normal,-0.006070442441315472,3,沪深300;创业板;黄金,沪深300;创业板;黄金,
2015-01-08,1246897.4875211483,872828.2412648038,374069.2462563445,0.6879297078929091,False,normal,-0.009475414359272788,4,沪深300;创业板;纳指;黄金,沪深300;创业板;纳指;黄金,
2015-01-09,1250519.473523824,875363.6314666767,375155.8420571473,0.7081345010102497,False,normal,-0.006598139987961622,4,沪深300;创业板;纳指;黄金,沪深300;创业板;纳指;黄金,
2015-01-12,1255201.526585906,878641.0686101343,376560.45797577174,1.0,False,normal,-0.0028787575081023484,5,沪深300;创业板;纳指;黄金;国债ETF,沪深300;创业板;纳指;黄金;国债ETF,
2015-01-13,1255145.8857710962,878602.1200397674,376543.76573132887,0.7489028450766348,False,normal,-0.0029229580904162828,4,沪深300;创业板;黄金;国债ETF,沪深300;创业板;黄金;国债ETF,
2015-01-14,1252320.7273288718,876624.5091302103,375696.2181986616,0.7628670807282126,False,normal,-0.005167239535651162,4,沪深300;创业板;黄金;国债ETF,沪深300;创业板;黄金;国债ETF,
2015-01-15,1258549.8867710014,880984.9207397009,377564.9660313005,0.7779640840860941,False,normal,-0.00021884912099749435,4,沪深300;创业板;黄金;国债ETF,沪深300;创业板;黄金;国债ETF,
2015-01-16,1275007.0425072592,892504.9297550814,382502.11275217775,0.7203382692323846,False,normal,0.0,4,沪深300;创业板;黄金;国债ETF,沪深300;创业板;黄金;国债ETF,
2015-01-19,1255917.931362298,879142.5519536086,376775.37940868945,0.6008863075726901,False,normal,-0.014971769181308195,4,沪深300;创业板;黄金;国债ETF,沪深300;创业板;黄金;国债ETF,
2015-01-20,1272776.9491388611,890943.8643972027,381833.0847416584,0.5751777004516798,False,normal,-0.0017490831768369065,4,沪深300;创业板;黄金;国债ETF,沪深300;创业板;黄金;国债ETF,
2015-01-21,1288938.5389403095,902256.9772582166,386681.56168209296,0.5617552843283361,False,normal,0.0,4,沪深300;创业板;黄金;国债ETF,沪深300;创业板;黄金;国债ETF,
2015-01-22,1288740.5412147031,902118.3788502922,386622.16236441093,0.5774095939408342,False,normal,-0.00015361300762192475,4,沪深300;创业板;黄金;国债ETF,沪深300;创业板;黄金;国债ETF,
2015-01-23,1285467.206738732,899827.0447171124,385640.1620216196,0.5882028871335881,False,normal,-0.0026931712387399153,4,沪深300;创业板;黄金;国债ETF,沪深300;创业板;黄金;国债ETF,
2015-01-26,1294650.6952721635,906255.4866905144,388395.2085816491,0.5986697768402907,False,normal,0.0,4,沪深300;创业板;黄金;国债ETF,沪深300;创业板;黄金;国债ETF,
2015-01-27,1291125.2082125307,903787.6457487715,387337.5624637592,0.6088658790651588,False,normal,-0.0027231183457493515,4,沪深300;创业板;黄金;国债ETF,沪深300;创业板;黄金;国债ETF,
2015-01-28,1285464.5118791594,899825.1583154115,385639.35356374783,0.6135460372360992,False,normal,-0.007095491800645875,4,沪深300;创业板;黄金;国债ETF,沪深300;创业板;黄金;国债ETF,
2015-01-29,1279463.5393091533,895624.4775164073,383839.06179274607,0.6185675011206047,False,normal,-0.011730697722923237,4,沪深300;创业板;黄金;国债ETF,沪深300;创业板;黄金;国债ETF,
2015-01-30,1268232.4281910076,887762.6997337053,380469.7284573023,0.6026652378039336,False,normal,-0.020405710341508152,4,沪深300;创业板;黄金;国债ETF,沪深300;创业板;黄金;国债ETF,
2015-02-02,1269570.0216813448,888699.0151769413,380871.00650440354,0.6215671905272356,False,normal,-0.01937254093510231,4,沪深300;创业板;黄金;国债ETF,沪深300;创业板;黄金;国债ETF,
2015-02-03,1282765.6344271135,897935.9440989794,384829.6903281341,0.6087069646778756,False,normal,-0.0091801293495243,4,沪深300;创业板;黄金;国债ETF,沪深300;创业板;黄金;国债ETF,
2015-02-04,1278777.8640736407,895144.5048515486,383633.3592220921,0.7405959231959685,False,normal,-0.012260319525944417,5,沪深300;创业板;纳指;黄金;国债ETF,沪深300;创业板;纳指;黄金;国债ETF,
2015-02-05,1278633.9279487864,895043.7495641505,383590.17838463595,0.6404559255195243,False,normal,-0.012371497101007625,4,沪深300;创业板;黄金;国债ETF,沪深300;创业板;黄金;国债ETF,
2015-02-06,1268845.385229292,888191.7696605045,380653.61556878756,0.7637883603270716,False,normal,-0.019932256736977662,5,沪深300;创业板;纳指;黄金;国债ETF,沪深300;创业板;纳指;黄金;国债ETF,
2015-02-09,1263472.1873832957,884430.5311683071,379041.6562149887,0.7722887545827717,False,normal,-0.02408256373918168,5,沪深300;创业板;纳指;黄金;国债ETF,沪深300;创业板;纳指;黄金;国债ETF,
2015-02-10,1270176.7044113402,889123.6930879381,381053.01132340205,0.7783668381732486,False,normal,-0.018903933663495503,5,沪深300;创业板;纳指;黄金;国债ETF,沪深300;创业板;纳指;黄金;国债ETF,
2015-02-11,1275990.6884136125,893193.4818895288,382797.20652408374,0.7906082312670913,False,normal,-0.014413159415658605,5,沪深300;创业板;纳指;黄金;国债ETF,沪深300;创业板;纳指;黄金;国债ETF,
2015-02-12,1278021.4435009921,894615.0104506945,383406.43305029767,0.8148664471527314,False,normal,-0.012844585672334975,5,沪深300;创业板;纳指;黄金;国债ETF,沪深300;创业板;纳指;黄金;国债ETF,
2015-02-13,1288315.659238867,901820.961467207,386494.69777166005,0.798884896580049,False,normal,-0.004893239586886972,5,沪深300;创业板;纳指;黄金;国债ETF,沪深300;创业板;纳指;黄金;国债ETF,
2015-02-16,1298593.4223013117,909015.3956109182,389578.02669039357,0.7901909542737485,False,normal,0.0,5,沪深300;创业板;纳指;黄金;国债ETF,沪深300;创业板;纳指;黄金;国债ETF,
2015-02-17,1299118.9118852876,909383.2383197013,389735.67356558633,0.8138873458115499,False,normal,0.0,5,沪深300;创业板;纳指;黄金;国债ETF,沪深300;创业板;纳指;黄金;国债ETF,
2015-02-25,1294674.875171066,906272.4126197462,388402.46255131986,0.8189566913840249,False,normal,-0.003420808267483672,5,沪深300;创业板;纳指;黄金;国债ETF,沪深300;创业板;纳指;黄金;国债ETF,
2015-02-26,1299940.7174467617,909958.5022127331,389982.2152340285,0.8380342455615771,False,normal,0.0,5,沪深300;创业板;纳指;黄金;国债ETF,沪深300;创业板;纳指;黄金;国债ETF,
2015-02-27,1305241.0008230018,913668.7005761012,391572.30024690065,0.8579467591739404,False,normal,0.0,5,沪深300;创业板;纳指;黄金;国债ETF,沪深300;创业板;纳指;黄金;国债ETF,
2015-03-02,1312990.6613454225,919093.4629417957,393897.1984036268,0.8666870342181757,False,normal,0.0,5,沪深300;创业板;纳指;黄金;国债ETF,沪深300;创业板;纳指;黄金;国债ETF,
2015-03-03,1306362.0909202315,914453.463644162,391908.6272760695,0.8477167526845081,False,normal,-0.005048452072308467,5,沪深300;创业板;纳指;黄金;国债ETF,沪深300;创业板;纳指;黄金;国债ETF,
2015-03-04,1312211.6451321424,918548.1515924996,393663.4935396428,0.8656750794920784,False,normal,-0.0005933143595110496,5,沪深300;创业板;纳指;黄金;国债ETF,沪深300;创业板;纳指;黄金;国债ETF,
2015-03-05,1308023.0362189577,915616.1253532703,392406.9108656874,1.0,False,normal,-0.003783442847471915,4,创业板;纳指;黄金;国债ETF,创业板;纳指;黄金;国债ETF,
2015-03-06,1301107.1607745714,910775.0125421999,390332.14823237143,1.0,False,normal,-0.009050712179989241,4,创业板;纳指;黄金;国债ETF,创业板;纳指;黄金;国债ETF,
2015-03-09,1299209.031368277,909446.3219577939,389762.70941048313,1.0,False,normal,-0.010496365574316742,3,创业板;纳指;国债ETF,创业板;纳指;国债ETF,
2015-03-10,1306130.9847991976,914291.6893594381,391839.2954397595,1.0,False,normal,-0.005224467125452167,3,创业板;纳指;国债ETF,创业板;纳指;国债ETF,
2015-03-11,1300825.8212721338,910578.0748904936,390247.7463816402,1.0,False,normal,-0.009264985983086376,3,创业板;纳指;国债ETF,创业板;纳指;国债ETF,
2015-03-12,1297311.480351437,908118.0362460059,389193.4441054312,0.8131182359171031,False,normal,-0.011941578455644853,4,沪深300;创业板;纳指;国债ETF,沪深300;创业板;纳指;国债ETF,
2015-03-13,1305598.184741382,913918.7293189673,391679.4554224147,0.818560793753247,False,normal,-0.005630258326792213,4,沪深300;创业板;纳指;国债ETF,沪深300;创业板;纳指;国债ETF,
2015-03-16,1318521.0963759176,922964.7674631422,395556.3289127754,0.7926959015255675,False,normal,0.0,4,沪深300;创业板;纳指;国债ETF,沪深300;创业板;纳指;国债ETF,
2015-03-17,1322967.4350140165,926077.2045098115,396890.230504205,0.8164932232914646,False,normal,0.0,4,沪深300;创业板;纳指;国债ETF,沪深300;创业板;纳指;国债ETF,
2015-03-18,1334080.2623933938,933856.1836753755,400224.07871801825,0.8120215972142217,False,normal,0.0,4,沪深300;创业板;纳指;国债ETF,沪深300;创业板;纳指;国债ETF,
2015-03-19,1334853.4894981415,934397.4426486989,400456.04684944253,0.834043565089683,False,normal,0.0,4,沪深300;创业板;纳指;国债ETF,沪深300;创业板;纳指;国债ETF,
2015-03-20,1341495.1675720005,939046.6173004003,402448.55027160025,0.854705454438117,False,normal,0.0,4,沪深300;创业板;纳指;国债ETF,沪深300;创业板;纳指;国债ETF,
2015-03-23,1356187.7853926057,949331.449774824,406856.33561778173,0.8218876619350124,False,normal,0.0,4,沪深300;创业板;纳指;国债ETF,沪深300;创业板;纳指;国债ETF,
2015-03-24,1362828.0041335018,953979.6028934512,408848.40124005056,0.8451638876904071,False,normal,0.0,4,沪深300;创业板;纳指;国债ETF,沪深300;创业板;纳指;国债ETF,
2015-03-25,1363299.0700823932,954309.3490576752,408989.721024718,0.8638683388521784,False,normal,0.0,4,沪深300;创业板;纳指;国债ETF,沪深300;创业板;纳指;国债ETF,
2015-03-26,1349766.363105269,944836.4541736882,404929.9089315807,0.753460273739808,False,normal,-0.009926440407757671,4,沪深300;创业板;纳指;国债ETF,沪深300;创业板;纳指;国债ETF,
2015-03-27,1355488.2972242273,948841.8080569591,406646.4891672683,0.7745510800810954,False,normal,-0.005729317234621048,4,沪深300;创业板;纳指;国债ETF,沪深300;创业板;纳指;国债ETF,
2015-03-30,1357053.8715365953,949937.7100756166,407116.1614609787,0.5948497492980106,False,normal,-0.004580945357367934,3,沪深300;创业板;纳指,沪深300;创业板;纳指,
2015-03-31,1362460.659738037,953722.4618166259,408738.19792141113,0.6133296183117432,False,normal,-0.0006149863685490041,3,沪深300;创业板;纳指,沪深300;创业板;纳指,
2015-04-01,1369731.2958671376,958811.9071069962,410919.38876014145,0.6310328423185303,False,normal,0.0,3,沪深300;创业板;纳指,沪深300;创业板;纳指,
2015-04-02,1378747.2591249938,965123.0813874956,413624.1777374982,0.8629101912621028,False,normal,0.0,4,沪深300;创业板;纳指;国债ETF,沪深300;创业板;纳指;国债ETF,
2015-04-03,1385287.6179947676,969701.3325963373,415586.2853984303,1.0,False,normal,0.0,4,沪深300;创业板;纳指;国债ETF,沪深300;创业板;纳指;国债ETF,
2015-04-07,1394822.6281007312,976375.8396705118,418446.7884302194,0.6697872705765643,False,normal,0.0,3,沪深300;创业板;纳指,沪深300;创业板;纳指,
2015-04-08,1388149.4864297877,971704.6405008512,416444.8459289365,0.656124884577784,False,normal,-0.004784222406851827,3,沪深300;创业板;纳指,沪深300;创业板;纳指,
2015-04-09,1399295.673202067,979506.9712414467,419788.70196062024,0.6681901818484419,False,normal,0.0,3,沪深300;创业板;纳指,沪深300;创业板;纳指,
2015-04-10,1403668.628472542,982568.0399307793,421100.58854176267,0.6889529652925572,False,normal,0.0,3,沪深300;创业板;纳指,沪深300;创业板;纳指,
2015-04-13,1412760.3673845753,988932.2571692026,423828.11021537276,0.7066963058805206,False,normal,0.0,3,沪深300;创业板;纳指,沪深300;创业板;纳指,
2015-04-14,1410278.8424448245,987195.189711377,423083.6527334475,0.7118684972279365,False,normal,-0.001756508037059959,3,沪深300;创业板;纳指,沪深300;创业板;纳指,
2015-04-15,1393603.6159084102,975522.5311358869,418081.08477252326,0.6250457927349152,False,normal,-0.013559802439552989,3,沪深300;创业板;纳指,沪深300;创业板;纳指,
2015-04-16,1412573.501200993,988801.450840695,423772.05036029813,0.6031690459931819,False,normal,-0.00013227026174875687,3,沪深300;创业板;纳指,沪深300;创业板;纳指,
2015-04-17,1417070.8795587518,991949.6156911261,425121.26386762573,0.6221192623145227,False,normal,0.0,3,沪深300;创业板;纳指,沪深300;创业板;纳指,
2015-04-20,1397826.9301555,978478.85110885,419348.0790466501,0.40187172627589185,False,normal,-0.01358008952187624,2,沪深300;创业板,沪深300;创业板,
2015-04-21,1445747.1812352599,1012023.0268646819,433724.154370578,0.34538156437352696,False,normal,0.0,2,沪深300;创业板,沪深300;创业板,
2015-04-22,1465218.8899745063,1025653.2229821542,439565.6669923521,0.5243853744844642,False,normal,0.0,3,沪深300;创业板;国债ETF,沪深300;创业板;国债ETF,
2015-04-23,1474543.831723102,1032180.6822061711,442363.1495169308,0.5396636474971975,False,normal,0.0,3,沪深300;创业板;国债ETF,沪深300;创业板;国债ETF,
2015-04-24,1478922.800360083,1035245.960252058,443676.8401080251,0.5080614615503395,False,normal,0.0,3,沪深300;创业板;纳指,沪深300;创业板;纳指,
2015-04-27,1490255.7770822563,1043179.0439575793,447076.733124677,0.6926108468381486,False,normal,0.0,4,沪深300;创业板;纳指;国债ETF,沪深300;创业板;纳指;国债ETF,
2015-04-28,1478807.43895854,1035165.2072709779,443642.2316875622,0.5465309439581432,False,normal,-0.007682129671814235,3,沪深300;创业板;国债ETF,沪深300;创业板;国债ETF,
2015-04-29,1499538.0519402316,1049676.636358162,449861.41558206966,0.5379783843417216,False,normal,0.0,3,沪深300;创业板;国债ETF,沪深300;创业板;国债ETF,
2015-04-30,1502441.6363804126,1051709.1454662888,450732.49091412383,0.6696961391565677,False,normal,0.0,4,沪深300;创业板;纳指;国债ETF,沪深300;创业板;纳指;国债ETF,
2015-05-04,1502158.6536152598,1051511.0575306818,450647.59608457796,0.5670179917862846,False,normal,-0.00018834859092068412,3,沪深300;创业板;国债ETF,沪深300;创业板;国债ETF,
2015-05-05,1479745.9378914423,1035822.1565240095,443923.7813674328,0.6205963035997172,False,normal,-0.015105876953495065,4,沪深300;创业板;纳指;国债ETF,沪深300;创业板;纳指;国债ETF,
2015-05-06,1479249.501854124,1035474.6512978867,443774.8505562373,0.6872625587841233,False,normal,-0.015436296468834309,4,沪深300;创业板;黄金;国债ETF,沪深300;创业板;黄金;国债ETF,
2015-05-07,1467602.4158195802,1027321.691073706,440280.7247458742,0.6318640494836644,False,normal,-0.02318840194336258,4,沪深300;创业板;纳指;国债ETF,沪深300;创业板;纳指;国债ETF,
2015-05-08,1495045.0559943942,1046531.5391960759,448513.51679831836,0.5612992011207174,False,normal,-0.004923040074846271,4,沪深300;创业板;纳指;国债ETF,沪深300;创业板;纳指;国债ETF,
2015-05-11,1519437.646920968,1063606.3528446779,455831.2940762902,0.6458204683986182,False,normal,0.0,5,沪深300;创业板;纳指;黄金;国债ETF,沪深300;创业板;纳指;黄金;国债ETF,
2015-05-12,1526695.3695820638,1068686.7587074446,458008.6108746191,0.6639869289302539,False,normal,0.0,5,沪深300;创业板;纳指;黄金;国债ETF,沪深300;创业板;纳指;黄金;国债ETF,
2015-05-13,1518536.6336279074,1062975.6435395353,455560.990088372,0.6566115580369093,False,normal,-0.005344049714639437,5,沪深300;创业板;纳指;黄金;国债ETF,沪深300;创业板;纳指;黄金;国债ETF,
2015-05-14,1520613.312743401,0.0,1520613.312743401,0.0,True,normal,-0.003983805125660272,0,,沪深300;创业板;纳指;黄金;国债ETF,
2015-05-15,1520613.312743401,0.0,1520613.312743401,0.0,True,normal,-0.003983805125660272,0,,沪深300;创业板;纳指;黄金;国债ETF,
2015-05-18,1520613.312743401,0.0,1520613.312743401,0.0,True,normal,-0.003983805125660272,0,,沪深300;创业板;纳指;黄金;国债ETF,
2015-05-19,1520613.312743401,0.0,1520613.312743401,0.0,True,normal,-0.003983805125660272,0,,沪深300;创业板;纳指;黄金;国债ETF,
2015-05-20,1520613.312743401,0.0,1520613.312743401,0.0,True,normal,-0.003983805125660272,0,,沪深300;创业板;黄金;国债ETF,
2015-05-21,1520613.312743401,0.0,1520613.312743401,0.0,True,normal,-0.003983805125660272,0,,沪深300;创业板;黄金;国债ETF,
2015-05-22,1520613.312743401,0.0,1520613.312743401,0.0,True,normal,-0.003983805125660272,0,,沪深300;创业板;纳指;黄金;国债ETF,
2015-05-25,1520613.312743401,0.0,1520613.312743401,0.0,True,normal,-0.003983805125660272,0,,沪深300;创业板;纳指;黄金;国债ETF,
2015-05-26,1520613.312743401,0.0,1520613.312743401,0.0,True,normal,-0.003983805125660272,0,,沪深300;创业板;纳指;黄金;国债ETF,
2015-05-27,1520613.312743401,0.0,1520613.312743401,0.0,True,normal,-0.003983805125660272,0,,沪深300;创业板;纳指;黄金;国债ETF,
2015-05-28,1520613.312743401,0.0,1520613.312743401,0.0,True,normal,-0.003983805125660272,0,,沪深300;创业板;纳指;黄金;国债ETF,
2015-05-29,1520613.312743401,0.0,1520613.312743401,0.0,True,normal,-0.003983805125660272,0,,沪深300;创业板;纳指;国债ETF,
2015-06-01,1520613.312743401,0.0,1520613.312743401,0.0,True,normal,-0.003983805125660272,0,,沪深300;创业板;纳指;国债ETF,
2015-06-02,1520613.312743401,0.0,1520613.312743401,0.0,True,normal,-0.003983805125660272,0,,沪深300;创业板;纳指;国债ETF,
2015-06-03,1520613.312743401,1064429.3189203807,456183.99382302025,0.526578840681487,False,normal,-0.003983805125660272,4,沪深300;创业板;纳指;国债ETF,沪深300;创业板;纳指;国债ETF,
2015-06-04,1522225.1317465971,1065557.592222618,456667.5395239792,0.5418772902579283,False,normal,-0.0029280483353338305,4,沪深300;创业板;纳指;国债ETF,沪深300;创业板;纳指;国债ETF,
2015-06-05,1519947.9134145835,1063963.5393902084,455984.3740243751,0.55332063891725,False,normal,-0.0044196480201072075,4,沪深300;创业板;纳指;国债ETF,沪深300;创业板;纳指;国债ETF,
2015-06-08,1513417.613599594,1059392.3295197156,454025.28407987836,0.5562122066182578,False,normal,-0.00869705656217755,4,沪深300;创业板;纳指;国债ETF,沪深300;创业板;纳指;国债ETF,
2015-06-09,1508587.6564653583,1056011.3595257509,452576.2969396075,0.5650285598342456,False,normal,-0.01186072446244626,4,沪深300;创业板;纳指;国债ETF,沪深300;创业板;纳指;国债ETF,
2015-06-10,1518309.136346156,1062816.395442309,455492.7409038469,0.7137202592545691,False,normal,-0.005493062599779477,5,沪深300;创业板;纳指;黄金;国债ETF,沪深300;创业板;纳指;黄金;国债ETF,
2015-06-11,1519962.8125004978,1063973.9687503483,455988.8437501495,0.5956707914137636,False,normal,-0.004409888977005945,4,沪深300;创业板;纳指;国债ETF,沪深300;创业板;纳指;国债ETF,
2015-06-12,1524368.5868898719,1067058.0108229103,457310.5760669615,0.6142856817982062,False,normal,-0.0015240648125033952,4,沪深300;创业板;纳指;国债ETF,沪深300;创业板;纳指;国债ETF,
2015-06-15,1502386.641759005,1051670.6492313035,450715.9925277014,0.4110188246265726,False,normal,-0.01592244812382801,3,沪深300;创业板;纳指,沪深300;创业板;纳指,
2015-06-16,1480742.3533370038,1036519.6473359027,444222.7060011012,0.3968157082853883,False,normal,-0.030099663076622575,3,沪深300;创业板;纳指,沪深300;创业板;纳指,
2015-06-17,1499458.8600565111,0.0,1499458.8600565111,0.0,True,normal,-0.017840173009110966,0,,沪深300;创业板;纳指,
2015-06-18,1499458.8600565111,0.0,1499458.8600565111,0.0,True,normal,-0.017840173009110966,0,,沪深300;创业板;纳指,
2015-06-19,1499458.8600565111,0.0,1499458.8600565111,0.0,True,normal,-0.017840173009110966,0,,创业板,
2015-06-23,1499458.8600565111,0.0,1499458.8600565111,0.0,True,normal,-0.017840173009110966,0,,创业板;纳指,
2015-06-24,1499458.8600565111,0.0,1499458.8600565111,0.0,True,normal,-0.017840173009110966,0,,沪深300;创业板;纳指,
2015-06-25,1499458.8600565111,0.0,1499458.8600565111,0.0,True,normal,-0.017840173009110966,0,,创业板;纳指,
2015-06-26,1499458.8600565111,0.0,1499458.8600565111,0.0,True,normal,-0.017840173009110966,0,,创业板;纳指,
2015-06-29,1499458.8600565111,0.0,1499458.8600565111,0.0,True,normal,-0.017840173009110966,0,,,
2015-06-30,1499458.8600565111,0.0,1499458.8600565111,0.0,True,normal,-0.017840173009110966,0,,创业板,
2015-07-01,1499458.8600565111,0.0,1499458.8600565111,0.0,True,normal,-0.017840173009110966,0,,纳指,
2015-07-02,1499458.8600565111,0.0,1499458.8600565111,0.0,True,normal,-0.017840173009110966,0,,纳指,
2015-07-03,1499458.8600565111,0.0,1499458.8600565111,0.0,True,normal,-0.017840173009110966,0,,,
2015-07-06,1499458.8600565111,0.0,1499458.8600565111,0.0,True,normal,-0.017840173009110966,0,,,
2015-07-07,1499458.8600565111,0.0,1499458.8600565111,0.0,True,normal,-0.017840173009110966,0,,国债ETF,
2015-07-08,1499458.8600565111,0.0,1499458.8600565111,0.0,True,normal,-0.017840173009110966,0,,国债ETF,
2015-07-09,1499458.8600565111,1049621.2020395577,449837.6580169534,1.0,False,normal,-0.017840173009110966,1,国债ETF,国债ETF,
2015-07-10,1493501.5847883238,0.0,1493501.5847883238,1.0,False,normal,-0.021742245018288604,0,,,
2015-07-13,1493501.5847883238,0.0,1493501.5847883238,1.0,False,normal,-0.021742245018288604,0,,,
2015-07-14,1493501.5847883238,0.0,1493501.5847883238,1.0,False,normal,-0.021742245018288604,0,,,
2015-07-15,1493501.5847883238,1045451.1093518266,448050.47543649725,1.0,False,normal,-0.021742245018288604,2,纳指;国债ETF,纳指;国债ETF,
2015-07-16,1488039.495286016,1041627.6467002111,446411.8485858049,1.0,False,normal,-0.02531996563704117,1,国债ETF,国债ETF,
2015-07-17,1494845.31077187,1046391.717540309,448453.593231561,1.0,False,normal,-0.020862091707864953,2,纳指;国债ETF,纳指;国债ETF,
2015-07-20,1505567.956041804,1053897.5692292629,451670.38681254117,1.0,False,normal,-0.013838656985016845,2,纳指;国债ETF,纳指;国债ETF,
2015-07-21,1511309.0547538707,1057916.3383277094,453392.71642616135,1.0,False,normal,-0.010078182677926826,2,纳指;国债ETF,纳指;国债ETF,
2015-07-22,1504850.8285440805,1053395.5799808563,451455.2485632242,1.0,False,normal,-0.014308382322508289,2,纳指;国债ETF,纳指;国债ETF,
2015-07-23,1506550.9200173058,1054585.644012114,451965.2760051917,1.0,False,normal,-0.01319480622402921,2,纳指;国债ETF,纳指;国债ETF,
2015-07-24,1500381.6460015757,1050267.152201103,450114.4938004727,1.0,False,normal,-0.017235739430906536,2,纳指;国债ETF,纳指;国债ETF,
2015-07-27,1493642.6999293533,1045549.8899505473,448092.80997880606,1.0,False,normal,-0.021649813257610572,2,纳指;国债ETF,纳指;国债ETF,
2015-07-28,1492850.394983782,1044995.2764886473,447855.11849513464,1.0,False,normal,-0.022168780539071734,2,纳指;国债ETF,纳指;国债ETF,
2015-07-29,1504107.223239484,1052875.0562676387,451232.1669718453,1.0,False,normal,-0.014795450875549126,2,纳指;国债ETF,纳指;国债ETF,
2015-07-30,1509279.1116107618,1056495.3781275332,452783.7334832286,1.0,False,normal,-0.011407814760104792,2,纳指;国债ETF,纳指;国债ETF,
2015-07-31,1510944.6916581905,1057661.2841607332,453283.4074974572,1.0,False,normal,-0.010316843974043808,2,纳指;国债ETF,纳指;国债ETF,
2015-08-03,1512679.0217039653,1058875.3151927756,453803.7065111897,1.0,False,normal,-0.009180841284620843,2,纳指;国债ETF,纳指;国债ETF,
2015-08-04,1505758.067249981,1054030.6470749867,451727.4201749943,1.0,False,normal,-0.013714132333953693,2,纳指;国债ETF,纳指;国债ETF,
2015-08-05,1503793.041619919,1052655.1291339432,451137.9124859758,1.0,False,normal,-0.015001242827122943,2,纳指;国债ETF,纳指;国债ETF,
2015-08-06,1511066.5860460654,1057746.6102322456,453319.9758138198,1.0,False,normal,-0.010237001989648222,2,纳指;国债ETF,纳指;国债ETF,
2015-08-07,1503390.1164275089,1052373.0814992562,451017.0349282527,1.0,False,normal,-0.015265162663678436,2,纳指;国债ETF,纳指;国债ETF,
2015-08-10,1500803.7867972467,1050562.6507580725,450241.13603917416,1.0,False,normal,-0.016959233191297992,2,纳指;国债ETF,纳指;国债ETF,
2015-08-11,1526553.2013413203,1068587.2409389243,457965.96040239604,0.7746283063336095,False,normal,-9.312155101536417e-05,2,纳指;国债ETF,纳指;国债ETF,
2015-08-12,1514247.17217291,1059973.020521037,454274.151651873,0.7402425792571937,False,normal,-0.008153687799918726,2,纳指;国债ETF,纳指;国债ETF,
2015-08-13,1518889.7773176122,1063222.8441223286,455666.93319528364,0.7600307853661876,False,normal,-0.005112737236236166,2,纳指;国债ETF,纳指;国债ETF,
2015-08-14,1521399.0505190582,1064979.3353633408,456419.71515571745,0.7834810843036588,False,normal,-0.0034691394030070205,2,纳指;国债ETF,纳指;国债ETF,
2015-08-17,1521443.7276732042,1065010.6093712428,456433.11830196134,0.8075029240264114,False,normal,-0.0034398754417505374,2,纳指;国债ETF,纳指;国债ETF,
2015-08-18,1526395.7659790427,1068477.0361853298,457918.72979371296,0.8282161587602946,False,normal,-0.00019624321196639645,2,纳指;国债ETF,纳指;国债ETF,
2015-08-19,1520271.8532593148,1064190.2972815202,456081.5559777946,0.8321984334898018,False,normal,-0.004207464338158974,2,纳指;国债ETF,纳指;国债ETF,
2015-08-20,1513040.5515921798,1059128.3861145258,453912.16547765397,0.8320219288010852,False,normal,-0.008944035766363777,2,纳指;国债ETF,纳指;国债ETF,
2015-08-21,1495946.126561154,1047162.2885928077,448783.8379683462,1.0,False,normal,-0.020141046886994564,3,纳指;黄金;国债ETF,纳指;黄金;国债ETF,
2015-08-24,1468892.0405353738,1028224.4283747616,440667.61216061225,1.0,False,normal,-0.037861730767228104,2,黄金;国债ETF,黄金;国债ETF,
2015-08-25,1466642.602906709,1026649.8220346962,439992.78087201284,1.0,False,normal,-0.03933513382685785,2,黄金;国债ETF,黄金;国债ETF,
2015-08-26,1462999.1650216416,1024099.4155151491,438899.7495064925,1.0,False,normal,-0.041721620324203304,2,黄金;国债ETF,黄金;国债ETF,
2015-08-27,1458430.3707829346,1020901.2595480542,437529.1112348804,0.7270405098739279,False,normal,-0.04471422404183806,3,纳指;黄金;国债ETF,纳指;黄金;国债ETF,
2015-08-28,1468046.4764393885,1027632.5335075718,440413.9429318167,0.7243033731042986,False,normal,-0.038415583299195144,3,纳指;黄金;国债ETF,纳指;黄金;国债ETF,
2015-08-31,1466888.5860035447,1026822.0102024812,440066.57580106356,0.7463421028849102,False,normal,-0.03917401255686735,3,纳指;黄金;国债ETF,纳指;黄金;国债ETF,
2015-09-01,1460436.4735213486,1022305.5314649439,438130.94205640466,0.7554025105307853,False,normal,-0.04340020765167692,3,纳指;黄金;国债ETF,纳指;黄金;国债ETF,
2015-09-02,1460194.31831213,1022136.0228184909,438058.2954936391,0.779129778541109,False,normal,-0.043558821618839796,3,纳指;黄金;国债ETF,纳指;黄金;国债ETF,
2015-09-07,1452477.4273700684,1016734.1991590478,435743.2282110206,0.7835813295983362,False,normal,-0.04861345864454458,3,纳指;黄金;国债ETF,纳指;黄金;国债ETF,
2015-09-08,1459623.2273322353,1021736.2591325646,437886.96819967066,0.5381684050190471,False,normal,-0.043932891647001975,2,纳指;国债ETF,纳指;国债ETF,
2015-09-09,1463603.9020435428,1024522.7314304798,439081.17061306303,0.8066227228098106,False,normal,-0.041325511818243316,3,纳指;黄金;国债ETF,纳指;黄金;国债ETF,
2015-09-10,1452202.8224974554,1016541.9757482187,435660.8467492367,1.0,False,normal,-0.048793327450125726,1,国债ETF,国债ETF,
2015-09-11,1449990.7071790914,1014993.4950253639,434997.21215372754,0.5646718053381489,False,normal,-0.050242284041229796,2,纳指;国债ETF,纳指;国债ETF,
2015-09-14,1450119.0579306483,0.0,1450119.0579306483,1.0,False,normal,-0.0501582130771631,0,,,
2015-09-15,1450119.0579306483,1015083.3405514538,435035.71737919457,1.0,False,normal,-0.0501582130771631,2,黄金;国债ETF,黄金;国债ETF,
2015-09-16,1449320.1744735674,1014524.1221314971,434796.05234207027,1.0,False,normal,-0.050681489346285226,2,黄金;国债ETF,黄金;国债ETF,
2015-09-17,1455426.8890109737,1018798.8223076815,436628.0667032922,1.0,False,normal,-0.04668153319322631,2,黄金;国债ETF,黄金;国债ETF,
2015-09-18,1458234.0509005077,1020763.8356303553,437470.21527015243,0.6850310172320381,False,normal,-0.04484281543363656,1,黄金,黄金,
2015-09-21,1471004.6079467891,1029703.2255627523,441301.3823840368,1.0,False,normal,-0.03647797900279222,2,黄金;国债ETF,黄金;国债ETF,
2015-09-22,1467591.4458344595,1027314.0120841216,440277.4337503379,1.0,False,normal,-0.03871363267695249,2,黄金;国债ETF,黄金;国债ETF,
2015-09-23,1466126.1376810805,1026288.2963767563,439837.8413043242,0.7004036919933994,False,normal,-0.0396734234659821,1,黄金,黄金,
2015-09-24,1474068.1795275041,1031847.7256692528,442220.45385825133,0.7090459220847735,False,normal,-0.03447131045466289,1,黄金,黄金,
2015-09-25,1480671.300638869,1036469.9104472082,444201.3901916607,1.0,False,normal,-0.030146203270266028,2,黄金;国债ETF,黄金;国债ETF,
2015-09-28,1477705.803763246,1034394.062634272,443311.7411289739,1.0,False,normal,-0.03208863195296703,2,黄金;国债ETF,黄金;国债ETF,
2015-09-29,1471479.928132494,1030035.9496927457,441443.9784397483,1.0,False,normal,-0.03616663975648601,2,黄金;国债ETF,黄金;国债ETF,
2015-09-30,1472724.3803492417,1030907.0662444691,441817.3141047725,1.0,False,normal,-0.03535151170832251,2,黄金;国债ETF,黄金;国债ETF,
2015-10-08,1479321.3730423818,1035524.9611296672,443796.4119127146,1.0,False,normal,-0.031030418696200445,2,黄金;国债ETF,黄金;国债ETF,
2015-10-09,1476775.5987178346,1033742.9191024841,443032.67961535044,0.7159844124972077,False,normal,-0.0326979251125225,1,黄金,黄金,
2015-10-12,1487772.8638146694,1041441.0046702685,446331.8591444009,0.7129755589541344,False,normal,-0.0254946117888924,1,黄金,黄金,
2015-10-13,1481633.8431555605,1037143.6902088923,444490.1529466682,0.7204427718146846,False,normal,-0.029515728759195028,1,黄金,黄金,
2015-10-14,1497447.9782032182,1048213.5847422527,449234.3934609655,1.0,False,normal,-0.019157319765011203,2,黄金;国债ETF,黄金;国债ETF,
2015-10-15,1498804.5883497924,0.0,1498804.5883497924,0.0,True,normal,-0.01826872720515718,0,,黄金,
2015-10-16,1498804.5883497924,0.0,1498804.5883497924,0.0,True,normal,-0.01826872720515718,0,,黄金,
2015-10-19,1498804.5883497924,0.0,1498804.5883497924,0.0,True,normal,-0.01826872720515718,0,,黄金,
2015-10-20,1498804.5883497924,0.0,1498804.5883497924,0.0,True,normal,-0.01826872720515718,0,,黄金;国债ETF,
2015-10-21,1498804.5883497924,0.0,1498804.5883497924,0.0,True,normal,-0.01826872720515718,0,,黄金;国债ETF,
2015-10-22,1498804.5883497924,1049163.2118448545,449641.3765049379,1.0,False,normal,-0.01826872720515718,2,黄金;国债ETF,黄金;国债ETF,
2015-10-23,1502522.3306681572,1051765.63146771,450756.6992004472,0.3921646116672544,False,normal,-0.015833570596682934,3,创业板;黄金;国债ETF,创业板;黄金;国债ETF,
2015-10-26,1496402.6000585859,1047481.82004101,448920.78001757583,0.32638581353283813,False,normal,-0.019842052400912562,4,沪深300;创业板;纳指;国债ETF,沪深300;创业板;纳指;国债ETF,
2015-10-27,1500834.6542684776,1050584.2579879342,450250.3962805434,0.4132796970529998,False,normal,-0.016939014703808004,5,沪深300;创业板;纳指;黄金;国债ETF,沪深300;创业板;纳指;黄金;国债ETF,
2015-10-28,1492840.5110222762,1044988.3577155933,447852.15330668294,0.42015921406534495,False,normal,-0.022175254627945423,5,沪深300;创业板;纳指;黄金;国债ETF,沪深300;创业板;纳指;黄金;国债ETF,
2015-10-29,1490895.3465536602,1043626.7425875622,447268.60396609805,0.43238588690762086,False,normal,-0.02344935587130513,5,沪深300;创业板;纳指;黄金;国债ETF,沪深300;创业板;纳指;黄金;国债ETF,
2015-10-30,1489111.705819057,1042378.1940733399,446733.51174571714,0.44510014227792655,False,normal,-0.02461765753130914,5,沪深300;创业板;纳指;黄金;国债ETF,沪深300;创业板;纳指;黄金;国债ETF,
2015-11-02,1479075.1941253007,1035352.6358877105,443722.55823759024,0.4503039338935279,False,normal,-0.031191668230315744,5,沪深300;创业板;纳指;黄金;国债ETF,沪深300;创业板;纳指;黄金;国债ETF,
2015-11-03,1478749.9539050767,1035124.9677335536,443624.9861715231,0.37940574294523083,False,normal,-0.031404703670590284,4,沪深300;创业板;纳指;国债ETF,沪深300;创业板;纳指;国债ETF,
2015-11-04,1514891.6976252163,1060424.1883376513,454467.509287565,0.2635803462657583,False,normal,-0.007731517493289249,3,沪深300;创业板;纳指,沪深300;创业板;纳指,
2015-11-05,1513759.6288527993,1059631.740196959,454127.8886558402,0.27139897547822345,False,normal,-0.008473033315615306,3,沪深300;创业板;纳指,沪深300;创业板;纳指,
2015-11-06,1536260.9344917561,1075382.654144229,460878.28034752724,0.2757051422927223,False,normal,0.0,3,沪深300;创业板;纳指,沪深300;创业板;纳指,
2015-11-09,1546952.0068439401,1082866.4047907577,464085.60205318243,0.2840088002526324,False,normal,0.0,3,沪深300;创业板;纳指,沪深300;创业板;纳指,
2015-11-10,1545006.0569460546,1081504.239862238,463501.8170838165,0.29198098588887084,False,normal,-0.0012579251904883866,3,沪深300;创业板;纳指,沪深300;创业板;纳指,
2015-11-11,1553199.477309915,1087239.6341169402,465959.8431929748,0.3010421018913377,False,normal,0.0,3,沪深300;创业板;纳指,沪深300;创业板;纳指,
2015-11-12,1545369.5137886864,1081758.6596520804,463610.854136606,0.3072683853112531,False,normal,-0.005041183463948783,3,沪深300;创业板;纳指,沪深300;创业板;纳指,
2015-11-13,1528935.5604529951,1070254.8923170965,458680.66813589865,0.30843311916664135,False,normal,-0.015621893524548503,3,沪深300;创业板;纳指,沪深300;创业板;纳指,
2015-11-16,1537201.041614624,1076040.7291302367,461160.3124843873,0.31771815113092894,False,normal,-0.010300309734200876,3,沪深300;创业板;纳指,沪深300;创业板;纳指,
2015-11-17,1530837.986821443,1071586.5907750102,459251.3960464329,0.32534697943531227,False,normal,-0.014397049970169457,3,沪深300;创业板;纳指,沪深300;创业板;纳指,
2015-11-18,1519456.0269099777,1063619.2188369844,455836.8080729933,0.3306936454877782,False,normal,-0.021725123458307988,3,沪深300;创业板;纳指,沪深300;创业板;纳指,
2015-11-19,1548038.4721473549,1083626.9305031481,464411.54164420674,0.32549767689808384,False,normal,-0.0033228218512530157,3,沪深300;创业板;纳指,沪深300;创业板;纳指,
2015-11-20,1549437.0929973111,1084605.9650981177,464831.12789919344,0.335585230607209,False,normal,-0.0024223445652455204,3,沪深300;创业板;纳指,沪深300;创业板;纳指,
2015-11-23,1545459.4374532502,1081821.6062172751,463637.831235975,0.34464792729094723,False,normal,-0.004983287703695538,3,沪深300;创业板;纳指,沪深300;创业板;纳指,
2015-11-24,1551574.7639836327,1086102.3347885427,465472.42919508996,0.3552600905867026,False,normal,-0.0010460429262416943,3,沪深300;创业板;纳指,沪深300;创业板;纳指,
2015-11-25,1563675.0604804489,1094572.5423363142,469102.51814413466,0.36430310269612703,False,normal,0.0,3,沪深300;创业板;纳指,沪深300;创业板;纳指,
2015-11-26,1552625.5947843585,1086837.9163490508,465787.6784353077,0.4946515827905658,False,normal,-0.007066343881378622,4,沪深300;创业板;纳指;国债ETF,沪深300;创业板;纳指;国债ETF,
2015-11-27,1520248.6310593025,1064174.0417415118,456074.5893177907,0.43119391166009646,False,normal,-0.027772029188598404,4,沪深300;创业板;纳指;国债ETF,沪深300;创业板;纳指;国债ETF,
2015-11-30,1523043.7179614378,1066130.6025730064,456913.11538843135,0.44436629616738355,False,normal,-0.02598451784894931,4,沪深300;创业板;纳指;国债ETF,沪深300;创业板;纳指;国债ETF,
2015-12-01,1523212.298327459,1066248.6088292212,456963.6894982378,0.34277745347096855,False,normal,-0.025876707492257008,3,沪深300;创业板;纳指,沪深300;创业板;纳指,
2015-12-02,1536110.4400688894,1075277.3080482224,460833.13202066696,0.46695164253722293,False,normal,-0.017628100049821138,4,沪深300;创业板;纳指;国债ETF,沪深300;创业板;纳指;国债ETF,
2015-12-03,1546475.3279669688,1082532.729576878,463942.59839009074,0.47589418171418735,False,normal,-0.010999556716211485,4,沪深300;创业板;纳指;国债ETF,沪深300;创业板;纳指;国债ETF,
2015-12-04,1534457.9692152578,1074120.5784506805,460337.3907645773,0.4781620822229095,False,normal,-0.018684886651715197,4,沪深300;创业板;纳指;国债ETF,沪深300;创业板;纳指;国债ETF,
2015-12-07,1544987.9722924372,1081491.580604706,463496.39168773126,0.4862336502398009,False,normal,-0.011950749014485108,4,沪深300;创业板;纳指;国债ETF,沪深300;创业板;纳指;国债ETF,
2015-12-08,1535852.8382475222,1075096.9867732655,460755.8514742567,0.49337300015817676,False,normal,-0.01779284132368146,4,沪深300;创业板;纳指;国债ETF,沪深300;创业板;纳指;国债ETF,
2015-12-09,1534289.6499163252,1074002.7549414276,460286.8949748976,0.5084924893381867,False,normal,-0.018792530051029144,4,沪深300;创业板;纳指;国债ETF,沪深300;创业板;纳指;国债ETF,
2015-12-10,1532584.285151397,1072808.999605978,459775.2855454192,0.5240404382192407,False,normal,-0.019883143317192088,4,沪深300;创业板;纳指;国债ETF,沪深300;创业板;纳指;国债ETF,
2015-12-11,1530086.7762546663,1071060.7433782662,459026.03287640004,0.5397187171338043,False,normal,-0.021480347851466276,4,沪深300;创业板;纳指;国债ETF,沪深300;创业板;纳指;国债ETF,
2015-12-14,1538537.9922107246,1076976.5945475071,461561.3976632175,0.5498221445717273,False,normal,-0.016075634193462637,4,沪深300;创业板;纳指;国债ETF,沪深300;创业板;纳指;国债ETF,
2015-12-15,1540541.8707924834,1078379.3095547385,462162.561237745,0.566904507030515,False,normal,-0.014794115652684018,4,沪深300;创业板;纳指;国债ETF,沪深300;创业板;纳指;国债ETF,
2015-12-16,1544718.2254856573,1081302.75783996,463415.4676456973,0.5832892038583485,False,normal,-0.012123257237962813,4,沪深300;创业板;纳指;国债ETF,沪深300;创业板;纳指;国债ETF,
2015-12-17,1562748.7471877218,1093924.1230314053,468824.6241563165,0.5671411153675585,False,normal,-0.0005923950033726903,4,沪深300;创业板;纳指;国债ETF,沪深300;创业板;纳指;国债ETF,
2015-12-18,1559427.9874785894,1091599.5912350125,467828.3962435769,0.5816009748169757,False,normal,-0.002716084120798433,4,沪深300;创业板;纳指;国债ETF,沪深300;创业板;纳指;国债ETF,
2015-12-21,1565215.9298478721,1095651.1508935103,469564.7789543618,0.5977945636362655,False,normal,0.0,4,沪深300;创业板;纳指;国债ETF,沪深300;创业板;纳指;国债ETF,
2015-12-22,1564690.05672312,1095283.0397061838,469407.0170169361,0.6157589661843429,False,normal,-0.00033597481007192713,4,沪深300;创业板;纳指;国债ETF,沪深300;创业板;纳指;国债ETF,
2015-12-23,1559369.0149424945,1091558.310459746,467810.7044827484,0.627504416100524,False,normal,-0.0037355324552222915,4,沪深300;创业板;纳指;国债ETF,沪深300;创业板;纳指;国债ETF,
2015-12-24,1560713.453623644,1092499.417536551,468214.0360870932,0.647221336130946,False,normal,-0.0028765847180367314,4,沪深300;创业板;纳指;国债ETF,沪深300;创业板;纳指;国债ETF,
2015-12-25,1560383.266197997,1092268.2863385978,468114.97985939914,0.6670690133593374,False,normal,-0.003087537992502354,4,沪深300;创业板;纳指;国债ETF,沪深300;创业板;纳指;国债ETF,
2015-12-28,1545111.511134984,1081578.0577944887,463533.45334049524,0.5149057936900248,False,normal,-0.012844501726252015,3,沪深300;创业板;国债ETF,沪深300;创业板;国债ETF,
2015-12-29,1552330.511334581,1086631.3579342067,465699.15340037434,0.6525903068736131,False,normal,-0.00823235840344624,4,沪深300;创业板;纳指;国债ETF,沪深300;创业板;纳指;国债ETF,
2015-12-30,1559107.9994813316,1091375.5996369321,467732.3998443994,0.6663101748108949,False,normal,-0.0039022924888927036,4,沪深300;创业板;纳指;国债ETF,沪深300;创业板;纳指;国债ETF,
2015-12-31,1551156.8525588762,1085809.7967912133,465347.0557676628,1.0,False,normal,-0.008982196654721247,2,纳指;国债ETF,纳指;国债ETF,
2016-01-04,1541418.457307985,1078992.9201155894,462425.53719239566,1.0,False,normal,-0.015203954985431313,3,纳指;黄金;国债ETF,纳指;黄金;国债ETF,
2016-01-05,1539047.8903841386,1077333.5232688969,461714.3671152417,1.0,False,normal,-0.01671848526757385,3,纳指;黄金;国债ETF,纳指;黄金;国债ETF,
2016-01-06,1543998.379914558,1080798.8659401906,463199.5139743674,1.0,False,normal,-0.01355566955888079,3,纳指;黄金;国债ETF,纳指;黄金;国债ETF,
2016-01-07,1548140.1302766758,1083698.091193673,464442.03908300283,1.0,False,normal,-0.010909548801267287,3,纳指;黄金;国债ETF,纳指;黄金;国债ETF,
2016-01-08,1543281.9782862805,1080297.3848003964,462984.59348588414,1.0,False,normal,-0.014013371026528852,2,黄金;国债ETF,黄金;国债ETF,
2016-01-11,1545607.1078057047,1081924.9754639931,463682.13234171155,1.0,False,normal,-0.012527870224316754,3,纳指;黄金;国债ETF,纳指;黄金;国债ETF,
2016-01-12,1539739.6336417827,1077817.7435492477,461921.89009253494,1.0,False,normal,-0.01627653777365117,2,黄金;国债ETF,黄金;国债ETF,
2016-01-13,1536200.4003794652,1075340.2802656256,460860.1201138396,1.0,False,normal,-0.01853771669141332,2,黄金;国债ETF,黄金;国债ETF,
2016-01-14,1539497.0598054554,1077647.9418638188,461849.1179416366,1.0,False,normal,-0.016431515647119962,2,黄金;国债ETF,黄金;国债ETF,
2016-01-15,1536977.5663291155,1075884.2964303808,461093.26989873475,1.0,False,normal,-0.018041193537751146,2,黄金;国债ETF,黄金;国债ETF,
2016-01-18,1538498.4669356218,1076948.9268549352,461549.54008068657,1.0,False,normal,-0.017069506131877316,2,黄金;国债ETF,黄金;国债ETF,
2016-01-19,1536620.310880304,1075634.2176162128,460986.0932640913,1.0,False,normal,-0.018269440287607682,2,黄金;国债ETF,黄金;国债ETF,
2016-01-20,1540628.1804580293,1078439.7263206204,462188.4541374089,1.0,False,normal,-0.0157088545554431,2,黄金;国债ETF,黄金;国债ETF,
2016-01-21,1546737.076002603,1082715.953201822,464021.1228007809,1.0,False,normal,-0.011805945424453481,2,黄金;国债ETF,黄金;国债ETF,
2016-01-22,1543355.356058653,1080348.749241057,463006.6068175959,1.0,False,normal,-0.013966490739296164,2,黄金;国债ETF,黄金;国债ETF,
2016-01-25,1543569.3845240665,1080498.5691668466,463070.8153572199,1.0,False,normal,-0.013829750203161772,2,黄金;国债ETF,黄金;国债ETF,
2016-01-26,1553108.046001193,1087175.632200835,465932.4138003581,1.0,False,normal,-0.007735599680394132,2,黄金;国债ETF,黄金;国债ETF,
2016-01-27,1551210.9194888524,1085847.6436421967,465363.2758466557,1.0,False,normal,-0.008947653861650211,2,黄金;国债ETF,黄金;国债ETF,
2016-01-28,1547649.6614620604,1083354.7630234421,464294.8984386183,1.0,False,normal,-0.011222904169854076,2,黄金;国债ETF,黄金;国债ETF,
2016-01-29,1548355.2800205273,1083848.6960143691,464506.58400615817,1.0,False,normal,-0.010772091892128612,2,黄金;国债ETF,黄金;国债ETF,
2016-02-01,1552932.1580502158,1087052.510635151,465879.64741506474,1.0,False,normal,-0.007847972642886537,2,黄金;国债ETF,黄金;国债ETF,
2016-02-02,1554226.4177798936,1087958.4924459255,466267.92533396813,1.0,False,normal,-0.007021083710185984,2,黄金;国债ETF,黄金;国债ETF,
2016-02-03,1557102.9614711662,1089972.0730298164,467130.88844134985,1.0,False,normal,-0.005183290191465411,2,黄金;国债ETF,黄金;国债ETF,
2016-02-04,1561922.2441013108,1093345.5708709175,468576.6732303933,1.0,False,normal,-0.002104301191773197,2,黄金;国债ETF,黄金;国债ETF,
2016-02-05,1568850.6192323538,1098195.4334626475,470655.18576970627,1.0,False,normal,0.0,2,黄金;国债ETF,黄金;国债ETF,
2016-02-15,1591381.709557242,1113967.1966900693,477414.5128671727,1.0,False,normal,0.0,2,黄金;国债ETF,黄金;国债ETF,
2016-02-16,1583707.5983617238,1108595.3188532067,475112.2795085171,1.0,False,normal,-0.004822294456088275,2,黄金;国债ETF,黄金;国债ETF,
2016-02-17,1588356.558838789,1111849.591187152,476506.9676516368,1.0,False,normal,-0.0019009585822717368,2,黄金;国债ETF,黄金;国债ETF,
2016-02-18,1588896.176803064,1112227.3237621447,476668.8530409194,1.0,False,normal,-0.001561870881920251,2,黄金;国债ETF,黄金;国债ETF,
2016-02-19,1597496.8283442573,1118247.77984098,479249.04850327736,1.0,False,normal,0.0,2,黄金;国债ETF,黄金;国债ETF,
2016-02-22,1593349.3451053663,1115344.5415737564,478004.80353160994,1.0,False,normal,-0.002596238793907155,2,黄金;国债ETF,黄金;国债ETF,
2016-02-23,1594099.8182544522,1115869.8727781165,478229.9454763357,1.0,False,normal,-0.002126458112174147,2,黄金;国债ETF,黄金;国债ETF,
2016-02-24,1599319.4575259753,1119523.6202681826,479795.8372577927,1.0,False,normal,0.0,2,黄金;国债ETF,黄金;国债ETF,
2016-02-25,1606915.1421156167,1124840.5994809316,482074.54263468506,1.0,False,normal,0.0,2,黄金;国债ETF,黄金;国债ETF,
2016-02-26,1606908.1262337458,1124835.688363622,482072.4378701239,1.0,False,normal,-4.3660562322142105e-06,2,黄金;国债ETF,黄金;国债ETF,
2016-02-29,1601581.1643562252,1121106.8150493575,480474.3493068677,1.0,False,normal,-0.003319389816919006,2,黄金;国债ETF,黄金;国债ETF,
2016-03-01,1610829.0770579767,1127580.3539405835,483248.7231173932,1.0,False,normal,0.0,2,黄金;国债ETF,黄金;国债ETF,
2016-03-02,1604377.5505388721,1123064.2853772105,481313.26516166166,1.0,False,normal,-0.0040050968851938614,2,黄金;国债ETF,黄金;国债ETF,
2016-03-03,1608772.4777633657,1126140.734434356,482631.74332900974,1.0,False,normal,-0.0012767334063569298,2,黄金;国债ETF,黄金;国债ETF,
2016-03-04,1615766.8418493476,1131036.7892945432,484730.05255480437,1.0,False,normal,0.0,2,黄金;国债ETF,黄金;国债ETF,
2016-03-07,1615155.846784045,1130609.0927488315,484546.7540352135,1.0,False,normal,-0.000378145564989603,2,黄金;国债ETF,黄金;国债ETF,
2016-03-08,1618042.7380696754,1132629.9166487728,485412.8214209026,1.0,False,normal,0.0,2,黄金;国债ETF,黄金;国债ETF,
2016-03-09,1612491.1731514486,1128743.821206014,483747.3519454347,1.0,False,normal,-0.003431037257303729,2,黄金;国债ETF,黄金;国债ETF,
2016-03-10,1609772.8798006456,1126841.0158604519,482931.8639401938,1.0,False,normal,-0.0051110258551610955,2,黄金;国债ETF,黄金;国债ETF,
2016-03-11,1618392.3608137732,1132874.6525696411,485517.7082441321,1.0,False,normal,0.0,2,黄金;国债ETF,黄金;国债ETF,
2016-03-14,1611270.2163026768,1127889.1514118738,483381.06489080307,1.0,False,normal,-0.004400752675028197,2,黄金;国债ETF,黄金;国债ETF,
2016-03-15,1599911.0423723736,1119937.7296606614,479973.3127117122,1.0,False,normal,-0.011419553681102819,2,黄金;国债ETF,黄金;国债ETF,
2016-03-16,1604984.0228461698,1123488.8159923186,481495.2068538512,1.0,False,normal,-0.008284973590002227,3,纳指;黄金;国债ETF,纳指;黄金;国债ETF,
2016-03-17,1612231.5845298544,1128562.1091708979,483669.4753589565,1.0,False,normal,-0.0038067260035885664,3,纳指;黄金;国债ETF,纳指;黄金;国债ETF,
2016-03-18,1611979.8814548599,1128385.917018402,483593.96443645796,0.6085016523561537,False,normal,-0.003962252612023577,4,创业板;纳指;黄金;国债ETF,创业板;纳指;黄金;国债ETF,
2016-03-21,1611983.1339757305,1128388.1937830113,483594.9401927192,1.0,False,normal,-0.00396024288870221,3,纳指;黄金;国债ETF,纳指;黄金;国债ETF,
2016-03-22,1615692.5861183307,1130984.8102828313,484707.7758354994,0.574199947530573,False,normal,-0.0016681830443669428,5,沪深300;创业板;纳指;黄金;国债ETF,沪深300;创业板;纳指;黄金;国债ETF,
2016-03-23,1621084.6714846827,1134759.2700392778,486325.40144540486,0.5908709549437889,False,normal,0.0,5,沪深300;创业板;纳指;黄金;国债ETF,沪深300;创业板;纳指;黄金;国债ETF,
2016-03-24,1607725.001478918,1125407.5010352423,482317.50044367556,0.5813052949530947,False,normal,-0.008241191987540822,5,沪深300;创业板;纳指;黄金;国债ETF,沪深300;创业板;纳指;黄金;国债ETF,
2016-03-25,1611161.7004383218,1127813.190306825,483348.5101314967,0.5989330335833313,False,normal,-0.006121192323207202,5,沪深300;创业板;纳指;黄金;国债ETF,沪深300;创业板;纳指;黄金;国债ETF,
2016-03-28,1606512.9903565801,1124559.093249606,481953.89710697415,0.613141461067013,False,normal,-0.008988846409087937,5,沪深300;创业板;纳指;黄金;国债ETF,沪深300;创业板;纳指;黄金;国债ETF,
2016-03-29,1600552.1503303351,1120386.5052312345,480165.64509910066,0.6257216581308671,False,normal,-0.012665915306905412,5,沪深300;创业板;纳指;黄金;国债ETF,沪深300;创业板;纳指;黄金;国债ETF,
2016-03-30,1621959.4395550077,1135371.6076885054,486587.8318665023,0.5892676951100514,False,normal,0.0,5,沪深300;创业板;纳指;黄金;国债ETF,沪深300;创业板;纳指;黄金;国债ETF,
2016-03-31,1618230.8473911006,1132761.5931737702,485469.25421733037,0.6040799526024659,False,normal,-0.0022988196085409435,5,沪深300;创业板;纳指;黄金;国债ETF,沪深300;创业板;纳指;黄金;国债ETF,
2016-04-01,1617460.9438573348,1132222.6607001342,485238.28315720055,0.622407293176389,False,normal,-0.0027734945695726695,5,沪深300;创业板;纳指;黄金;国债ETF,沪深300;创业板;纳指;黄金;国债ETF,
2016-04-05,1627251.1074543172,1139075.7752180218,488175.33223629533,0.6319519695721765,False,normal,0.0,5,沪深300;创业板;纳指;黄金;国债ETF,沪深300;创业板;纳指;黄金;国债ETF,
2016-04-06,1628440.4506581642,1139908.315460715,488532.13519744924,0.6517516431293114,False,normal,0.0,5,沪深300;创业板;纳指;黄金;国债ETF,沪深300;创业板;纳指;黄金;国债ETF,
2016-04-07,1624122.4824190491,1136885.7376933342,487236.7447257149,0.6660466739453401,False,normal,-0.002651597261275289,5,沪深300;创业板;纳指;黄金;国债ETF,沪深300;创业板;纳指;黄金;国债ETF,
2016-04-08,1619105.269640292,1133373.6887482044,485731.58089208766,0.6796894932269336,False,normal,-0.005732589738911971,5,沪深300;创业板;纳指;黄金;国债ETF,沪深300;创业板;纳指;黄金;国债ETF,
2016-04-11,1627994.6244356763,1139596.2371049733,488398.387330703,0.6896854077669357,False,normal,-0.00027377496199370953,5,沪深300;创业板;纳指;黄金;国债ETF,沪深300;创业板;纳指;黄金;国债ETF,
2016-04-12,1626410.4968117613,1138487.347768233,487923.14904352836,0.709503820744941,False,normal,-0.0012465631430258863,5,沪深300;创业板;纳指;黄金;国债ETF,沪深300;创业板;纳指;黄金;国债ETF,
2016-04-13,1630003.6336591798,1141002.5435614258,489001.09009775403,0.7306992558159439,False,normal,0.0,5,沪深300;创业板;纳指;黄金;国债ETF,沪深300;创业板;纳指;黄金;国债ETF,
2016-04-14,1634869.0512116344,1144408.335848144,490460.7153634904,0.7510001002672995,False,normal,0.0,5,沪深300;创业板;纳指;黄金;国债ETF,沪深300;创业板;纳指;黄金;国债ETF,
2016-04-15,1633957.7246729024,1143770.4072710315,490187.31740187085,0.617218179927248,False,normal,-0.0005574309074213864,4,沪深300;创业板;纳指;国债ETF,沪深300;创业板;纳指;国债ETF,
2016-04-18,1624812.5206459945,1137368.764452196,487443.7561937985,0.7772981770120947,False,normal,-0.006151275882424259,5,沪深300;创业板;纳指;黄金;国债ETF,沪深300;创业板;纳指;黄金;国债ETF,
2016-04-19,1628304.4543466945,1139813.118042686,488491.3363040085,0.7999278256747617,False,normal,-0.0040153655487421116,5,沪深300;创业板;纳指;黄金;国债ETF,沪深300;创业板;纳指;黄金;国债ETF,
2016-04-20,1609318.2778515627,1126522.7944960939,482795.48335546884,1.0,False,normal,-0.015628636031207215,4,沪深300;纳指;黄金;国债ETF,沪深300;纳指;黄金;国债ETF,
2016-04-21,1611162.7232279724,1127813.9062595805,483348.8169683919,0.7415451546404044,False,normal,-0.014500444525567832,5,沪深300;创业板;纳指;黄金;国债ETF,沪深300;创业板;纳指;黄金;国债ETF,
2016-04-22,1612547.0809821172,1128782.956687482,483764.12429463514,0.6018365765148076,False,normal,-0.01365367471662268,4,沪深300;创业板;纳指;国债ETF,沪深300;创业板;纳指;国债ETF,
2016-04-25,1605689.2710044293,1123982.4897031002,481706.78130132915,0.4628921396405625,False,normal,-0.01784838986680883,3,沪深300;创业板;纳指,沪深300;创业板;纳指,
2016-04-26,1613323.7781514057,1129326.644705984,483997.1334454217,0.47326596218454536,False,normal,-0.013178592526576388,3,沪深300;创业板;纳指,沪深300;创业板;纳指,
2016-04-27,1606460.4934077142,1124522.3453853999,481938.1480223143,0.6585044951099474,False,normal,-0.01737665642570338,4,沪深300;创业板;纳指;黄金,沪深300;创业板;纳指;黄金,
2016-04-28,1607989.5341558887,1125592.6739091221,482396.8602467666,0.6641112436263832,False,normal,-0.016441388401000526,4,沪深300;创业板;纳指;国债ETF,沪深300;创业板;纳指;国债ETF,
2016-04-29,1603092.776631417,1122164.9436419918,480927.83298942517,0.7647259720944332,False,normal,-0.019436587020023037,4,沪深300;创业板;黄金;国债ETF,沪深300;创业板;黄金;国债ETF,
2016-05-03,1624012.8087277205,1136808.9661094043,487203.8426183162,0.6926523574556266,False,normal,-0.006640435499019397,4,沪深300;创业板;黄金;国债ETF,沪深300;创业板;黄金;国债ETF,
2016-05-04,1618919.6989717612,1133243.7892802327,485675.9096915284,0.8096339735147827,False,normal,-0.009755736845133176,5,沪深300;创业板;纳指;黄金;国债ETF,沪深300;创业板;纳指;黄金;国债ETF,
2016-05-05,1619651.3207527862,1133755.9245269503,485895.3962258359,0.8350539610676654,False,normal,-0.009308225908105613,5,沪深300;创业板;纳指;黄金;国债ETF,沪深300;创业板;纳指;黄金;国债ETF,
2016-05-06,1604867.777911908,1123407.4445383355,481460.33337357244,0.7864713662670407,False,normal,-0.01835087236955882,5,沪深300;创业板;纳指;黄金;国债ETF,沪深300;创业板;纳指;黄金;国债ETF,
2016-05-09,1593950.0708841512,1115765.0496189056,478185.0212652455,0.6267518131744723,False,normal,-0.025028903872855984,4,沪深300;创业板;纳指;黄金,沪深300;创业板;纳指;黄金,
2016-05-10,1591605.4103299077,1114123.7872309352,477481.6230989725,0.7123731877861753,False,normal,-0.026463061888451062,3,创业板;黄金;国债ETF,创业板;黄金;国债ETF,
2016-05-11,1589691.2127679186,1112783.8489375429,476907.3638303757,0.8238837036931497,False,normal,-0.02763391869840194,5,沪深300;创业板;纳指;黄金;国债ETF,沪深300;创业板;纳指;黄金;国债ETF,
2016-05-12,1588314.353166916,0.0,1588314.353166916,0.0,True,normal,-0.02847610211363158,0,,沪深300;创业板;纳指;黄金;国债ETF,
2016-05-13,1588314.353166916,0.0,1588314.353166916,0.0,True,normal,-0.02847610211363158,0,,黄金;国债ETF,
2016-05-16,1588314.353166916,1111820.047216841,476494.3059500749,1.0,False,normal,-0.02847610211363158,2,黄金;国债ETF,黄金;国债ETF,
2016-05-17,1585722.9099404446,1110006.0369583112,475716.8729821334,1.0,False,normal,-0.030061209633130304,3,纳指;黄金;国债ETF,纳指;黄金;国债ETF,
2016-05-18,1580818.6012731525,1106573.0208912066,474245.58038194594,1.0,False,normal,-0.03306102705805338,2,黄金;国债ETF,黄金;国债ETF,
2016-05-19,1571873.5016581963,1100311.4511607373,471562.050497459,0.753270478069279,False,normal,-0.03853247421054966,1,黄金,黄金,
2016-05-20,1571039.9323770138,1099727.9526639096,471311.9797131042,0.7766207831139433,False,normal,-0.03904234335301383,1,黄金,黄金,
2016-05-23,1569789.2940684499,1098852.5058479148,470936.78822053503,0.8004075329840127,False,normal,-0.03980732101751674,1,黄金,黄金,
2016-05-24,1564785.0321822355,1095349.5225275648,469435.5096546707,0.8170533877270747,False,normal,-0.042868276806303375,1,黄金,黄金,
2016-05-25,1547246.076808176,1083072.2537657232,464173.8230424528,1.0,False,normal,-0.05359632585773109,2,纳指;黄金,纳指;黄金,
2016-05-26,1551454.1218161273,1086017.8852712892,465436.2365448382,1.0,False,normal,-0.05102239187516982,2,纳指;黄金,纳指;黄金,
2016-05-27,1551607.439653352,1086125.2077573463,465482.23189600557,1.0,False,normal,-0.0509286119867372,2,纳指;黄金,纳指;黄金,
2016-05-30,1551380.00811317,1085966.005679219,465414.002433951,0.81465145618135,False,normal,-0.051067724987875304,1,纳指,纳指,
2016-05-31,1556920.6509992885,1089844.455699502,467076.1952997865,1.0,False,normal,-0.047678681148546266,2,纳指;黄金,纳指;黄金,
2016-06-01,1557901.0282300063,1090530.7197610044,467370.3084690019,1.0,False,normal,-0.04707901401924853,2,纳指;黄金,纳指;黄金,
2016-06-02,1556249.31145075,1089374.518015525,466874.79343522503,1.0,False,normal,-0.04808931926542841,2,纳指;黄金,纳指;黄金,
2016-06-03,1554772.0503840882,1088340.4352688617,466431.6151152265,1.0,False,normal,-0.04899291522350657,3,沪深300;纳指;黄金,沪深300;纳指;黄金,
2016-06-06,1556699.384292494,1089689.5690047457,467009.81528774835,1.0,False,normal,-0.047814023307375754,2,纳指;黄金,纳指;黄金,
2016-06-07,1559626.447885461,1091738.5135198226,467887.9343656383,1.0,False,normal,-0.046023626950678215,2,纳指;黄金,纳指;黄金,
2016-06-08,1561901.948848506,1093331.364193954,468570.58465455193,1.0,False,normal,-0.044631771767317426,2,纳指;黄金,纳指;黄金,
2016-06-13,1571008.2758396557,1099705.7930877588,471302.48275189684,0.6038141118047439,False,normal,-0.039061706700393065,1,黄金,黄金,
2016-06-14,1568182.3064741583,1097727.6145319107,470454.69194224756,0.6184344969257839,False,normal,-0.040790266772774995,1,黄金,黄金,
2016-06-15,1573434.591711153,1101404.214197807,472030.37751334603,0.6366345548876744,False,normal,-0.037577602594502026,1,黄金,黄金,
2016-06-16,1592396.4957651081,0.0,1592396.4957651081,0.0,True,normal,-0.02597917883089719,0,,黄金,
2016-06-17,1592396.4957651081,0.0,1592396.4957651081,0.0,True,normal,-0.02597917883089719,0,,创业板;纳指;黄金;国债ETF,
2016-06-20,1592396.4957651081,0.0,1592396.4957651081,0.0,True,normal,-0.02597917883089719,0,,创业板;纳指;黄金;国债ETF,
2016-06-21,1592396.4957651081,0.0,1592396.4957651081,0.0,True,normal,-0.02597917883089719,0,,黄金;国债ETF,
2016-06-22,1592396.4957651081,0.0,1592396.4957651081,0.0,True,normal,-0.02597917883089719,0,,创业板;纳指;黄金;国债ETF,
2016-06-23,1592396.4957651081,0.0,1592396.4957651081,0.0,True,normal,-0.02597917883089719,0,,纳指;黄金;国债ETF,
2016-06-24,1592396.4957651081,0.0,1592396.4957651081,0.0,True,normal,-0.02597917883089719,0,,创业板;纳指;黄金;国债ETF,
2016-06-27,1592396.4957651081,0.0,1592396.4957651081,0.0,True,normal,-0.02597917883089719,0,,创业板;纳指;黄金;国债ETF,
2016-06-28,1592396.4957651081,0.0,1592396.4957651081,0.0,True,normal,-0.02597917883089719,0,,创业板;纳指;黄金;国债ETF,
2016-06-29,1592396.4957651081,0.0,1592396.4957651081,0.0,True,normal,-0.02597917883089719,0,,创业板;纳指;黄金;国债ETF,
2016-06-30,1592396.4957651081,0.0,1592396.4957651081,0.0,True,normal,-0.02597917883089719,0,,创业板;纳指;黄金;国债ETF,
2016-07-01,1592396.4957651081,0.0,1592396.4957651081,0.0,True,normal,-0.02597917883089719,0,,纳指;黄金;国债ETF,
2016-07-04,1592396.4957651081,0.0,1592396.4957651081,0.0,True,normal,-0.02597917883089719,0,,沪深300;创业板;纳指;黄金;国债ETF,
2016-07-05,1592396.4957651081,0.0,1592396.4957651081,0.0,True,normal,-0.02597917883089719,0,,沪深300;创业板;纳指;黄金;国债ETF,
2016-07-06,1592396.4957651081,0.0,1592396.4957651081,0.0,True,normal,-0.02597917883089719,0,,沪深300;创业板;纳指;黄金;国债ETF,
2016-07-07,1592396.4957651081,0.0,1592396.4957651081,0.0,True,normal,-0.02597917883089719,0,,沪深300;创业板;纳指;黄金;国债ETF,
2016-07-08,1592396.4957651081,0.0,1592396.4957651081,0.0,True,normal,-0.02597917883089719,0,,沪深300;创业板;纳指;黄金;国债ETF,
2016-07-11,1592396.4957651081,0.0,1592396.4957651081,0.0,True,normal,-0.02597917883089719,0,,沪深300;创业板;纳指;黄金;国债ETF,
2016-07-12,1592396.4957651081,0.0,1592396.4957651081,0.0,True,normal,-0.02597917883089719,0,,沪深300;创业板;纳指;黄金;国债ETF,
2016-07-13,1592396.4957651081,0.0,1592396.4957651081,0.0,True,normal,-0.02597917883089719,0,,沪深300;创业板;纳指;黄金;国债ETF,
2016-07-14,1592396.4957651081,0.0,1592396.4957651081,0.0,True,normal,-0.02597917883089719,0,,沪深300;创业板;纳指;黄金;国债ETF,
2016-07-15,1592396.4957651081,0.0,1592396.4957651081,0.0,True,normal,-0.02597917883089719,0,,沪深300;创业板;纳指;黄金;国债ETF,
2016-07-18,1592396.4957651081,0.0,1592396.4957651081,0.0,True,normal,-0.02597917883089719,0,,沪深300;创业板;纳指;黄金;国债ETF,
2016-07-19,1592396.4957651081,0.0,1592396.4957651081,0.0,True,normal,-0.02597917883089719,0,,沪深300;创业板;纳指;黄金;国债ETF,
2016-07-20,1592396.4957651081,0.0,1592396.4957651081,0.0,True,normal,-0.02597917883089719,0,,沪深300;创业板;纳指;黄金;国债ETF,
2016-07-21,1592396.4957651081,0.0,1592396.4957651081,0.0,True,normal,-0.02597917883089719,0,,沪深300;创业板;纳指;黄金;国债ETF,
2016-07-22,1592396.4957651081,0.0,1592396.4957651081,0.0,True,normal,-0.02597917883089719,0,,沪深300;创业板;纳指;黄金;国债ETF,
2016-07-25,1592396.4957651081,0.0,1592396.4957651081,0.0,True,normal,-0.02597917883089719,0,,沪深300;创业板;纳指;黄金;国债ETF,
2016-07-26,1592396.4957651081,0.0,1592396.4957651081,0.0,True,normal,-0.02597917883089719,0,,沪深300;创业板;纳指;黄金;国债ETF,
2016-07-27,1592396.4957651081,0.0,1592396.4957651081,0.0,True,normal,-0.02597917883089719,0,,沪深300;纳指;黄金;国债ETF,
2016-07-28,1592396.4957651081,0.0,1592396.4957651081,0.0,True,normal,-0.02597917883089719,0,,沪深300;纳指;黄金;国债ETF,
2016-07-29,1592396.4957651081,0.0,1592396.4957651081,0.0,True,normal,-0.02597917883089719,0,,沪深300;纳指;黄金;国债ETF,
2016-08-01,1592396.4957651081,0.0,1592396.4957651081,0.0,True,normal,-0.02597917883089719,0,,沪深300;纳指;黄金;国债ETF,
2016-08-02,1592396.4957651081,1114677.5470355756,477718.94872953254,1.0,False,normal,-0.02597917883089719,4,沪深300;纳指;黄金;国债ETF,沪深300;纳指;黄金;国债ETF,
2016-08-03,1590418.9477733534,1113293.2634413473,477125.68433200615,1.0,False,normal,-0.02718878518456149,4,沪深300;纳指;黄金;国债ETF,沪深300;纳指;黄金;国债ETF,
2016-08-04,1588513.4744390873,1111959.432107361,476554.0423317263,1.0,False,normal,-0.028354305648022417,4,沪深300;纳指;黄金;国债ETF,沪深300;纳指;黄金;国债ETF,
2016-08-05,1595573.3642032754,1116901.3549422927,478672.00926098274,1.0,False,normal,-0.024035984398405597,5,沪深300;创业板;纳指;黄金;国债ETF,沪深300;创业板;纳指;黄金;国债ETF,
2016-08-08,1597672.7385013283,1118370.9169509297,479301.8215503986,1.0,False,normal,-0.022751860574239387,5,沪深300;创业板;纳指;黄金;国债ETF,沪深300;创业板;纳指;黄金;国债ETF,
2016-08-09,1602020.5194120267,1121414.3635884186,480606.15582360816,1.0,False,normal,-0.020092454362178408,5,沪深300;创业板;纳指;黄金;国债ETF,沪深300;创业板;纳指;黄金;国债ETF,
2016-08-10,1603569.1159785956,1122498.3811850168,481070.73479357874,1.0,False,normal,-0.01914522463425547,5,沪深300;创业板;纳指;黄金;国债ETF,沪深300;创业板;纳指;黄金;国债ETF,
2016-08-11,1597444.044095029,1118210.83086652,479233.21322850883,1.0,False,normal,-0.02289174603242327,4,沪深300;纳指;黄金;国债ETF,沪深300;纳指;黄金;国债ETF,
2016-08-12,1603701.7193731016,1122591.203561171,481110.51581193064,1.0,False,normal,-0.01906411514453349,5,沪深300;创业板;纳指;黄金;国债ETF,沪深300;创业板;纳指;黄金;国债ETF,
2016-08-15,1616520.249770921,1131564.1748396447,484956.07493127626,1.0,False,normal,-0.01122340742037706,5,沪深300;创业板;纳指;黄金;国债ETF,沪深300;创业板;纳指;黄金;国债ETF,
2016-08-16,1617784.0354647893,1132448.8248253523,485335.21063943696,1.0,False,normal,-0.010450387897540244,5,沪深300;创业板;纳指;黄金;国债ETF,沪深300;创业板;纳指;黄金;国债ETF,
2016-08-17,1615088.189600496,1130561.7327203471,484526.45688014897,1.0,False,normal,-0.012099355356001347,5,沪深300;创业板;纳指;黄金;国债ETF,沪深300;创业板;纳指;黄金;国债ETF,
2016-08-18,1615919.5281707428,1131143.6697195198,484775.858451223,1.0,False,normal,-0.011590850672014222,5,沪深300;创业板;纳指;黄金;国债ETF,沪深300;创业板;纳指;黄金;国债ETF,
2016-08-19,1615763.15606039,1131034.209242273,484728.94681811705,1.0,False,normal,-0.011686498767032571,5,沪深300;创业板;纳指;黄金;国债ETF,沪深300;创业板;纳指;黄金;国债ETF,
2016-08-22,1608370.2228448538,1125859.1559913976,482511.0668534562,1.0,False,normal,-0.016208532632715652,4,沪深300;纳指;黄金;国债ETF,沪深300;纳指;黄金;国债ETF,
2016-08-23,1610871.802756662,1127610.2619296634,483261.54082699865,1.0,False,normal,-0.014678391787518124,4,沪深300;纳指;黄金;国债ETF,沪深300;纳指;黄金;国债ETF,
2016-08-24,1609941.6394248614,1126959.1475974028,482982.4918274586,1.0,False,normal,-0.015247344592093662,4,沪深300;纳指;黄金;国债ETF,沪深300;纳指;黄金;国债ETF,
2016-08-25,1604111.5061168114,1122878.054281768,481233.4518350435,1.0,False,normal,-0.01881346097537779,3,沪深300;纳指;国债ETF,沪深300;纳指;国债ETF,
2016-08-26,1604971.8565643022,1123480.2995950114,481491.55696929083,1.0,False,normal,-0.018287210602693088,3,沪深300;纳指;国债ETF,沪深300;纳指;国债ETF,
2016-08-29,1603897.7960766973,1122728.457253688,481169.3388230093,1.0,False,normal,-0.018944180949528464,3,沪深300;纳指;国债ETF,沪深300;纳指;国债ETF,
2016-08-30,1607242.686840766,1125069.8807885363,482172.80605222983,1.0,False,normal,-0.01689821233718618,3,沪深300;纳指;国债ETF,沪深300;纳指;国债ETF,
2016-08-31,1606622.8057557056,1124635.9640289939,481986.8417267117,1.0,False,normal,-0.01727737486680966,3,沪深300;纳指;国债ETF,沪深300;纳指;国债ETF,
2016-09-01,1602631.4826706387,1121842.037869447,480789.4448011918,1.0,False,normal,-0.019718746597535624,3,沪深300;纳指;国债ETF,沪深300;纳指;国债ETF,
2016-09-02,1604050.5654933238,1122835.3958453266,481215.16964799725,1.0,False,normal,-0.018850736513404773,3,沪深300;纳指;国债ETF,沪深300;纳指;国债ETF,
2016-09-05,1607110.9903310982,1124977.6932317684,482133.29709932976,1.0,False,normal,-0.01697876711285479,3,沪深300;纳指;国债ETF,沪深300;纳指;国债ETF,
2016-09-06,1611147.6663245389,1127803.366427177,483344.2998973618,1.0,False,normal,-0.014509654378444037,3,沪深300;纳指;国债ETF,沪深300;纳指;国债ETF,
2016-09-07,1614123.6164708165,1129886.5315295714,484237.08494124515,1.0,False,normal,-0.012689355594225123,4,沪深300;纳指;黄金;国债ETF,沪深300;纳指;黄金;国债ETF,
2016-09-08,1612803.7723594976,1128962.6406516482,483841.13170784945,1.0,False,normal,-0.01349666435717514,4,沪深300;纳指;黄金;国债ETF,沪深300;纳指;黄金;国债ETF,
2016-09-09,1609819.5018244074,1126873.651277085,482945.8505473223,1.0,False,normal,-0.015322052471824773,4,沪深300;纳指;黄金;国债ETF,沪深300;纳指;黄金;国债ETF,
2016-09-12,1593074.7158788403,1115152.301115188,477922.41476365225,1.0,False,normal,-0.025564332080186783,3,沪深300;纳指;国债ETF,沪深300;纳指;国债ETF,
2016-09-13,1598620.6232780558,1119034.436294639,479586.1869834168,1.0,False,normal,-0.02217206809726698,3,沪深300;纳指;国债ETF,沪深300;纳指;国债ETF,
2016-09-14,1593821.4116984818,1115674.988188937,478146.4235095447,1.0,False,normal,-0.02510760080920941,3,纳指;黄金;国债ETF,纳指;黄金;国债ETF,
2016-09-19,1600583.607658325,1120408.5253608273,480175.08229749766,1.0,False,normal,-0.02097136986469943,3,沪深300;纳指;国债ETF,沪深300;纳指;国债ETF,
2016-09-20,1597935.6895190051,1118554.9826633036,479380.7068557015,1.0,False,normal,-0.02259102138196159,4,沪深300;纳指;黄金;国债ETF,沪深300;纳指;黄金;国债ETF,
2016-09-21,1599679.489835357,1119775.64288475,479903.84695060714,1.0,False,normal,-0.021524391418503926,4,沪深300;纳指;黄金;国债ETF,沪深300;纳指;黄金;国债ETF,
2016-09-22,1608035.7351946712,1125625.0146362698,482410.72055840143,1.0,False,normal,-0.01641312862157156,5,沪深300;创业板;纳指;黄金;国债ETF,沪深300;创业板;纳指;黄金;国债ETF,
2016-09-23,1612882.1460752273,1129017.502252659,483864.64382256824,1.0,False,normal,-0.013448725523375822,4,沪深300;创业板;纳指;国债ETF,沪深300;创业板;纳指;国债ETF,
2016-09-26,1599258.084430963,1119480.659101674,479777.42532928893,1.0,False,normal,-0.021782152371334806,5,沪深300;创业板;纳指;黄金;国债ETF,沪深300;创业板;纳指;黄金;国债ETF,
2016-09-27,1598983.5145762605,1119288.4602033822,479695.0543728783,1.0,False,normal,-0.021950098455150557,4,沪深300;创业板;纳指;国债ETF,沪深300;创业板;纳指;国债ETF,
2016-09-28,1599187.388631885,1119431.1720423193,479756.2165895656,1.0,False,normal,-0.021825394855511566,4,沪深300;创业板;纳指;国债ETF,沪深300;创业板;纳指;国债ETF,
2016-09-29,1601815.304322251,1121270.7130255755,480544.5912966754,1.0,False,normal,-0.020217978231887583,4,沪深300;创业板;纳指;国债ETF,沪深300;创业板;纳指;国债ETF,
2016-09-30,1600598.509231211,1120418.9564618475,480179.5527693634,1.0,False,normal,-0.02096225502282578,4,沪深300;创业板;纳指;国债ETF,沪深300;创业板;纳指;国债ETF,
2016-10-10,1613887.3927096738,1129721.1748967716,484166.2178129023,1.0,False,normal,-0.012833846531262329,4,沪深300;创业板;纳指;国债ETF,沪深300;创业板;纳指;国债ETF,
2016-10-11,1618091.8439298754,1132664.2907509126,485427.5531789628,1.0,False,normal,-0.01026211076007897,4,沪深300;创业板;纳指;国债ETF,沪深300;创业板;纳指;国债ETF,
2016-10-12,1616666.974844553,1131666.8823911871,485000.0924533659,1.0,False,normal,-0.011133660126229345,4,沪深300;创业板;纳指;国债ETF,沪深300;创业板;纳指;国债ETF,
2016-10-13,1615525.3650456376,1130867.7555319462,484657.6095136914,1.0,False,normal,-0.011831948345747221,4,沪深300;创业板;纳指;国债ETF,沪深300;创业板;纳指;国债ETF,
2016-10-14,1615224.3670968302,1130657.056967781,484567.31012904923,1.0,False,normal,-0.012016059696184956,4,沪深300;创业板;纳指;国债ETF,沪深300;创业板;纳指;国债ETF,
2016-10-17,1606738.7764481395,1124717.1435136974,482021.632934442,1.0,False,normal,-0.01720643909837736,3,创业板;纳指;国债ETF,创业板;纳指;国债ETF,
2016-10-18,1611837.5958045495,1128286.3170631845,483551.27874136507,1.0,False,normal,-0.014087645362187156,3,创业板;纳指;国债ETF,创业板;纳指;国债ETF,
2016-10-19,1611058.3513181142,1127740.8459226799,483317.50539543433,1.0,False,normal,-0.014564285669163303,2,纳指;国债ETF,纳指;国债ETF,
2016-10-20,1614334.3007894675,1130034.0105526273,484300.29023684026,1.0,False,normal,-0.012560486362469321,2,纳指;国债ETF,纳指;国债ETF,
2016-10-21,1613475.012940408,1129432.5090582855,484042.50388212246,1.0,False,normal,-0.01308608677580073,2,纳指;国债ETF,纳指;国债ETF,
2016-10-24,1617045.0301346972,1131931.521094288,485113.50904040923,1.0,False,normal,-0.010902415128433353,3,沪深300;纳指;国债ETF,沪深300;纳指;国债ETF,
2016-10-25,1620684.3527972794,1134479.0469580954,486205.305839184,1.0,False,normal,-0.008676351420220772,4,沪深300;创业板;纳指;国债ETF,沪深300;创业板;纳指;国债ETF,
2016-10-26,1615683.6382116473,1130978.546748153,484705.09146349435,1.0,False,normal,-0.011735137432425208,4,沪深300;创业板;纳指;国债ETF,沪深300;创业板;纳指;国债ETF,
2016-10-27,1612499.0845766338,1128749.3592036436,483749.7253729901,1.0,False,normal,-0.013683032667614465,3,沪深300;纳指;国债ETF,沪深300;纳指;国债ETF,
2016-10-28,1612364.6839882522,1128655.2787917764,483709.4051964758,1.0,False,normal,-0.013765241446526735,3,沪深300;纳指;国债ETF,沪深300;纳指;国债ETF,
2016-10-31,1610738.8727813663,1127517.2109469564,483221.6618344099,1.0,False,normal,-0.014759701036841277,3,沪深300;纳指;国债ETF,沪深300;纳指;国债ETF,
2016-11-01,1614055.826063518,1129839.0782444621,484216.7478190558,1.0,False,normal,-0.01273082093803866,3,沪深300;纳指;国债ETF,沪深300;纳指;国债ETF,
2016-11-02,1607105.017996065,1124973.5125972452,482131.5053988199,1.0,False,normal,-0.016982420209736584,3,沪深300;纳指;国债ETF,沪深300;纳指;国债ETF,
2016-11-03,1606494.0433710387,1124545.8303597271,481948.2130113116,1.0,False,normal,-0.017356134926871596,3,沪深300;纳指;国债ETF,沪深300;纳指;国债ETF,
2016-11-04,1606605.3782095115,1124623.764746658,481981.6134628535,1.0,False,normal,-0.01728803477023198,3,沪深300;纳指;国债ETF,沪深300;纳指;国债ETF,
2016-11-07,1611163.7368063459,1127814.615764442,483349.12104190397,1.0,False,normal,-0.014499824550302706,3,沪深300;纳指;国债ETF,沪深300;纳指;国债ETF,
2016-11-08,1612253.0800827993,1128577.1560579594,483675.9240248399,1.0,False,normal,-0.01383350618330805,3,沪深300;纳指;国债ETF,沪深300;纳指;国债ETF,
2016-11-09,1600221.6452722508,1120155.1516905755,480066.4935816752,1.0,False,normal,-0.021192771319333358,3,沪深300;黄金;国债ETF,沪深300;黄金;国债ETF,
2016-11-10,1597061.994937177,1117943.396456024,479118.59848115314,1.0,False,normal,-0.023125433958418748,3,沪深300;纳指;国债ETF,沪深300;纳指;国债ETF,
2016-11-11,1595407.81564915,1116785.470954405,478622.344694745,1.0,False,normal,-0.024137245446807475,2,沪深300;国债ETF,沪深300;国债ETF,
2016-11-14,1594792.3653260286,1116354.65572822,478437.70959780854,1.0,False,normal,-0.024513697813231112,3,沪深300;纳指;国债ETF,沪深300;纳指;国债ETF,
2016-11-15,1590010.9254021053,1113007.6477814736,477003.27762063174,1.0,False,normal,-0.027438360140394018,4,沪深300;创业板;纳指;国债ETF,沪深300;创业板;纳指;国债ETF,
2016-11-16,1595290.9258496766,1116703.6480947735,478587.2777549031,1.0,False,normal,-0.0242087434052444,4,沪深300;创业板;纳指;国债ETF,沪深300;创业板;纳指;国债ETF,
2016-11-17,1594146.7216453934,1115902.7051517754,478244.016493618,1.0,False,normal,-0.024908618544134082,3,沪深300;创业板;纳指,沪深300;创业板;纳指,
2016-11-18,1596429.0388154176,1117500.3271707923,478928.7116446253,0.8246631089767087,False,normal,-0.02351259409292028,2,沪深300;纳指,沪深300;纳指,
2016-11-21,1596774.4399084835,1117742.1079359383,479032.33197254525,0.8501827467061139,False,normal,-0.02330132268080933,2,沪深300;纳指,沪深300;纳指,
2016-11-22,1610663.2933716045,1127464.305360123,483198.9880114815,1.0,False,normal,-0.014805930678111815,3,沪深300;创业板;纳指,沪深300;创业板;纳指,
2016-11-23,1609531.4751000137,1126672.0325700096,482859.4425300041,1.0,False,normal,-0.015498229716222575,3,沪深300;创业板;纳指,沪深300;创业板;纳指,
2016-11-24,1607425.7676776515,1125198.037374356,482227.7303032954,1.0,False,normal,-0.01678622732116934,2,沪深300;纳指,沪深300;纳指,
2016-11-25,1619294.4788389816,1133506.1351872871,485788.3436516945,1.0,False,normal,-0.00952649532457061,3,沪深300;创业板;纳指,沪深300;创业板;纳指,
2016-11-28,1623009.0146438738,1136106.3102507116,486902.70439316216,1.0,False,normal,-0.0072544260098207376,3,沪深300;创业板;纳指,沪深300;创业板;纳指,
2016-11-29,1622769.531635876,1135938.672145113,486830.85949076293,1.0,False,normal,-0.007400910529678921,3,沪深300;创业板;纳指,沪深300;创业板;纳指,
2016-11-30,1621322.7889363212,1134925.9522554248,486396.83668089635,1.0,False,normal,-0.008285839324729923,3,沪深300;创业板;纳指,沪深300;创业板;纳指,
2016-12-01,1619706.5727295012,1133794.6009106508,485911.9718188504,1.0,False,normal,-0.009274429943423312,3,沪深300;创业板;纳指,沪深300;创业板;纳指,
2016-12-02,1606613.164921439,1124629.2154450072,481983.9494764318,1.0,False,normal,-0.017283271873826465,2,沪深300;纳指,沪深300;纳指,
2016-12-05,1594697.8722033382,1116288.5105423366,478409.3616610016,0.8428229544827536,False,normal,-0.024571496401209966,2,沪深300;纳指,沪深300;纳指,
2016-12-06,1598840.5196993365,1119188.3637895354,479652.15590980113,0.8639686326397323,False,normal,-0.022037564100682226,2,沪深300;纳指,沪深300;纳指,
2016-12-07,1600756.530762236,1120529.5715335652,480226.9592286709,1.0,False,normal,-0.02086559802702048,2,沪深300;纳指,沪深300;纳指,
2016-12-08,1612807.0327788542,1128964.922945198,483842.10983365634,0.866956996029432,False,normal,-0.013494670057170366,2,沪深300;纳指,沪深300;纳指,
2016-12-09,1610670.6411025617,1127469.4487717932,483201.19233076856,1.0,False,normal,-0.014801436293101738,2,沪深300;纳指,沪深300;纳指,
2016-12-12,1598932.9045176224,0.0,1598932.9045176224,0.0,True,normal,-0.021981055098803774,0,,沪深300;纳指,
2016-12-13,1598932.9045176224,0.0,1598932.9045176224,0.0,True,normal,-0.021981055098803774,0,,沪深300;纳指,
2016-12-14,1598932.9045176224,0.0,1598932.9045176224,0.0,True,normal,-0.021981055098803774,0,,沪深300;纳指,
2016-12-15,1598932.9045176224,0.0,1598932.9045176224,0.0,True,normal,-0.021981055098803774,0,,沪深300;纳指,
2016-12-16,1598932.9045176224,0.0,1598932.9045176224,0.0,True,normal,-0.021981055098803774,0,,纳指,
2016-12-19,1598932.9045176224,0.0,1598932.9045176224,0.0,True,normal,-0.021981055098803774,0,,纳指,
2016-12-20,1598932.9045176224,0.0,1598932.9045176224,0.0,True,normal,-0.021981055098803774,0,,纳指,
2016-12-21,1598932.9045176224,0.0,1598932.9045176224,0.0,True,normal,-0.021981055098803774,0,,纳指,
2016-12-22,1598932.9045176224,0.0,1598932.9045176224,0.0,True,normal,-0.021981055098803774,0,,纳指,
2016-12-23,1598932.9045176224,0.0,1598932.9045176224,0.0,True,normal,-0.021981055098803774,0,,纳指,
2016-12-26,1598932.9045176224,0.0,1598932.9045176224,0.0,True,normal,-0.021981055098803774,0,,纳指,
2016-12-27,1598932.9045176224,0.0,1598932.9045176224,0.0,True,normal,-0.021981055098803774,0,,纳指,
2016-12-28,1598932.9045176224,0.0,1598932.9045176224,0.0,True,normal,-0.021981055098803774,0,,纳指,
2016-12-29,1598932.9045176224,0.0,1598932.9045176224,0.0,True,normal,-0.021981055098803774,0,,纳指,
2016-12-30,1598932.9045176224,0.0,1598932.9045176224,0.0,True,normal,-0.021981055098803774,0,,纳指,
2017-01-03,1598932.9045176224,0.0,1598932.9045176224,0.0,True,normal,-0.021981055098803774,0,,纳指,
2017-01-04,1598932.9045176224,0.0,1598932.9045176224,0.0,True,normal,-0.021981055098803774,0,,沪深300;纳指,
2017-01-05,1598932.9045176224,0.0,1598932.9045176224,0.0,True,normal,-0.021981055098803774,0,,纳指,
2017-01-06,1598932.9045176224,0.0,1598932.9045176224,0.0,True,normal,-0.021981055098803774,0,,纳指,
2017-01-09,1598932.9045176224,0.0,1598932.9045176224,0.0,True,normal,-0.021981055098803774,0,,纳指,
2017-01-10,1598932.9045176224,0.0,1598932.9045176224,0.0,True,normal,-0.021981055098803774,0,,纳指,
2017-01-11,1598932.9045176224,0.0,1598932.9045176224,0.0,True,normal,-0.021981055098803774,0,,纳指,
2017-01-12,1598932.9045176224,0.0,1598932.9045176224,0.0,True,normal,-0.021981055098803774,0,,纳指,
2017-01-13,1598932.9045176224,0.0,1598932.9045176224,0.0,True,normal,-0.021981055098803774,0,,纳指,
2017-01-16,1598932.9045176224,0.0,1598932.9045176224,0.0,True,normal,-0.021981055098803774,0,,纳指,
2017-01-17,1598932.9045176224,0.0,1598932.9045176224,0.0,True,normal,-0.021981055098803774,0,,纳指,
2017-01-18,1598932.9045176224,0.0,1598932.9045176224,0.0,True,normal,-0.021981055098803774,0,,纳指,
2017-01-19,1598932.9045176224,0.0,1598932.9045176224,0.0,True,normal,-0.021981055098803774,0,,纳指,
2017-01-20,1598932.9045176224,0.0,1598932.9045176224,0.0,True,normal,-0.021981055098803774,0,,纳指;黄金,
2017-01-23,1598932.9045176224,0.0,1598932.9045176224,0.0,True,normal,-0.021981055098803774,0,,纳指;黄金,
2017-01-24,1598932.9045176224,0.0,1598932.9045176224,0.0,True,normal,-0.021981055098803774,0,,纳指;黄金,
2017-01-25,1598932.9045176224,0.0,1598932.9045176224,0.0,True,normal,-0.021981055098803774,0,,纳指,
2017-01-26,1598932.9045176224,0.0,1598932.9045176224,0.0,True,normal,-0.021981055098803774,0,,纳指;黄金,
2017-02-03,1598932.9045176224,0.0,1598932.9045176224,0.0,True,normal,-0.021981055098803774,0,,纳指;黄金,
2017-02-06,1598932.9045176224,0.0,1598932.9045176224,0.0,True,normal,-0.021981055098803774,0,,纳指;黄金,
2017-02-07,1598932.9045176224,0.0,1598932.9045176224,0.0,True,normal,-0.021981055098803774,0,,纳指;黄金,
2017-02-08,1598932.9045176224,0.0,1598932.9045176224,0.0,True,normal,-0.021981055098803774,0,,纳指;黄金,军工ETF;证券ETF
2017-02-09,1598932.9045176224,0.0,1598932.9045176224,0.0,True,normal,-0.021981055098803774,0,,纳指;黄金,军工ETF;证券ETF
2017-02-10,1598932.9045176224,0.0,1598932.9045176224,0.0,True,normal,-0.021981055098803774,0,,纳指;黄金,证券ETF;军工ETF
2017-02-13,1598932.9045176224,0.0,1598932.9045176224,0.0,True,normal,-0.021981055098803774,0,,纳指;黄金,证券ETF;军工ETF
2017-02-14,1598932.9045176224,0.0,1598932.9045176224,0.0,True,normal,-0.021981055098803774,0,,纳指;黄金,军工ETF;证券ETF
2017-02-15,1598932.9045176224,0.0,1598932.9045176224,0.0,True,normal,-0.021981055098803774,0,,纳指;黄金;国债ETF,证券ETF;军工ETF
2017-02-16,1598932.9045176224,0.0,1598932.9045176224,0.0,True,normal,-0.021981055098803774,0,,沪深300;纳指;黄金;国债ETF,证券ETF;军工ETF
2017-02-17,1598932.9045176224,0.0,1598932.9045176224,0.0,True,normal,-0.021981055098803774,0,,沪深300;纳指;黄金;国债ETF,军工ETF;证券ETF
2017-02-20,1598932.9045176224,0.0,1598932.9045176224,0.0,True,normal,-0.021981055098803774,0,,沪深300;纳指;黄金;国债ETF,军工ETF;证券ETF
2017-02-21,1598932.9045176224,0.0,1598932.9045176224,0.0,True,normal,-0.021981055098803774,0,,沪深300;纳指;黄金;国债ETF,军工ETF;证券ETF
2017-02-22,1598932.9045176224,0.0,1598932.9045176224,0.0,True,normal,-0.021981055098803774,0,,沪深300;纳指;黄金;国债ETF,军工ETF;证券ETF
2017-02-23,1598932.9045176224,0.0,1598932.9045176224,0.0,True,normal,-0.021981055098803774,0,,沪深300;纳指;黄金;国债ETF,军工ETF;证券ETF
2017-02-24,1598932.9045176224,0.0,1598932.9045176224,0.0,True,normal,-0.021981055098803774,0,,沪深300;纳指;黄金;国债ETF,军工ETF;证券ETF
2017-02-27,1598932.9045176224,0.0,1598932.9045176224,0.0,True,normal,-0.021981055098803774,0,,沪深300;纳指;黄金;国债ETF,军工ETF;证券ETF
2017-02-28,1598932.9045176224,0.0,1598932.9045176224,0.0,True,normal,-0.021981055098803774,0,,沪深300;纳指;黄金;国债ETF,军工ETF;证券ETF
2017-03-01,1598932.9045176224,0.0,1598932.9045176224,0.0,True,normal,-0.021981055098803774,0,,沪深300;纳指;黄金;国债ETF,军工ETF;证券ETF
2017-03-02,1598932.9045176224,0.0,1598932.9045176224,0.0,True,normal,-0.021981055098803774,0,,沪深300;纳指;黄金;国债ETF,军工ETF;证券ETF
2017-03-03,1598932.9045176224,0.0,1598932.9045176224,0.0,True,normal,-0.021981055098803774,0,,沪深300;纳指;黄金;国债ETF,证券ETF;军工ETF
2017-03-06,1598932.9045176224,0.0,1598932.9045176224,0.0,True,normal,-0.021981055098803774,0,,沪深300;创业板;纳指;黄金;国债ETF,军工ETF;证券ETF
2017-03-07,1598932.9045176224,0.0,1598932.9045176224,0.0,True,normal,-0.021981055098803774,0,,沪深300;纳指;黄金;国债ETF,军工ETF;证券ETF
2017-03-08,1598932.9045176224,0.0,1598932.9045176224,0.0,True,normal,-0.021981055098803774,0,,沪深300;纳指;黄金;国债ETF,军工ETF;证券ETF
2017-03-09,1598932.9045176224,0.0,1598932.9045176224,0.0,True,normal,-0.021981055098803774,0,,沪深300;纳指;黄金;国债ETF,军工ETF;证券ETF
2017-03-10,1598932.9045176224,0.0,1598932.9045176224,0.0,True,normal,-0.021981055098803774,0,,沪深300;纳指;黄金,军工ETF;证券ETF
2017-03-13,1598932.9045176224,0.0,1598932.9045176224,0.0,True,normal,-0.021981055098803774,0,,沪深300;创业板;纳指;黄金,军工ETF;证券ETF
2017-03-14,1598932.9045176224,0.0,1598932.9045176224,0.0,True,normal,-0.021981055098803774,0,,沪深300;创业板;纳指;黄金,军工ETF;证券ETF
2017-03-15,1598932.9045176224,0.0,1598932.9045176224,0.0,True,normal,-0.021981055098803774,0,,沪深300;创业板;纳指;黄金,军工ETF;证券ETF
2017-03-16,1598932.9045176224,0.0,1598932.9045176224,0.0,True,normal,-0.021981055098803774,0,,沪深300;创业板;纳指;黄金;国债ETF,军工ETF;证券ETF
2017-03-17,1598932.9045176224,0.0,1598932.9045176224,0.0,True,normal,-0.021981055098803774,0,,沪深300;创业板;纳指;黄金;国债ETF,军工ETF;证券ETF
2017-03-20,1598932.9045176224,0.0,1598932.9045176224,0.0,True,normal,-0.021981055098803774,0,,沪深300;创业板;纳指;黄金;国债ETF,军工ETF;证券ETF
2017-03-21,1598932.9045176224,0.0,1598932.9045176224,0.0,True,normal,-0.021981055098803774,0,,沪深300;创业板;纳指;黄金;国债ETF,军工ETF;证券ETF
2017-03-22,1598932.9045176224,0.0,1598932.9045176224,0.0,True,normal,-0.021981055098803774,0,,沪深300;创业板;纳指;黄金;国债ETF,军工ETF;证券ETF
2017-03-23,1598932.9045176224,0.0,1598932.9045176224,0.0,True,normal,-0.021981055098803774,0,,沪深300;创业板;纳指;黄金,军工ETF;证券ETF
2017-03-24,1598932.9045176224,0.0,1598932.9045176224,0.0,True,normal,-0.021981055098803774,0,,沪深300;创业板;纳指;黄金,军工ETF;证券ETF
2017-03-27,1598932.9045176224,0.0,1598932.9045176224,0.0,True,normal,-0.021981055098803774,0,,沪深300;创业板;纳指;黄金;国债ETF,军工ETF;证券ETF
2017-03-28,1598932.9045176224,1952777.4014319784,-353844.496914356,1.0,False,normal,-0.021981055098803774,7,沪深300;创业板;纳指;黄金;国债ETF;军工ETF;证券ETF,沪深300;创业板;纳指;黄金;国债ETF,军工ETF;证券ETF
2017-03-29,1595675.188791021,1966631.0797252003,-370955.8909341793,1.0,False,normal,-0.023973701374777417,7,沪深300;创业板;纳指;黄金;国债ETF;军工ETF;证券ETF,沪深300;创业板;纳指;黄金;国债ETF,军工ETF;证券ETF
2017-03-30,1580131.4158802575,1924947.7846222017,-344816.3687419442,1.0,False,normal,-0.033481357599136,6,沪深300;创业板;纳指;黄金;军工ETF;证券ETF,沪深300;创业板;纳指;黄金,军工ETF;证券ETF
2017-03-31,1591924.6647255805,1914428.2509279596,-322503.5862023791,1.0,False,normal,-0.026267783621096125,7,沪深300;创业板;纳指;黄金;国债ETF;军工ETF;证券ETF,沪深300;创业板;纳指;黄金;国债ETF,军工ETF;证券ETF
2017-04-05,1611739.5398463185,0.0,1611739.5398463185,0.0,True,normal,-0.014147623229012826,0,,沪深300;创业板;纳指;黄金;国债ETF,军工ETF;证券ETF
2017-04-06,1611739.5398463185,0.0,1611739.5398463185,0.0,True,normal,-0.014147623229012826,0,,沪深300;创业板;纳指;黄金;国债ETF,军工ETF;证券ETF
2017-04-07,1611739.5398463185,0.0,1611739.5398463185,0.0,True,normal,-0.014147623229012826,0,,沪深300;创业板;纳指;黄金;国债ETF,军工ETF;证券ETF
2017-04-10,1611739.5398463185,0.0,1611739.5398463185,0.0,True,normal,-0.014147623229012826,0,,沪深300;创业板;纳指;黄金;国债ETF,军工ETF;证券ETF
2017-04-11,1611739.5398463185,0.0,1611739.5398463185,0.0,True,normal,-0.014147623229012826,0,,沪深300;创业板;纳指;黄金;国债ETF,军工ETF;证券ETF
2017-04-12,1611739.5398463185,0.0,1611739.5398463185,0.0,True,normal,-0.014147623229012826,0,,沪深300;纳指;黄金;国债ETF,军工ETF;证券ETF
2017-04-13,1611739.5398463185,0.0,1611739.5398463185,0.0,True,normal,-0.014147623229012826,0,,沪深300;创业板;纳指;黄金;国债ETF,军工ETF;证券ETF
2017-04-14,1611739.5398463185,0.0,1611739.5398463185,0.0,True,normal,-0.014147623229012826,0,,沪深300;黄金;国债ETF,军工ETF;证券ETF
2017-04-17,1611739.5398463185,0.0,1611739.5398463185,0.0,True,normal,-0.014147623229012826,0,,沪深300;纳指;黄金,军工ETF;证券ETF
2017-04-18,1611739.5398463185,0.0,1611739.5398463185,0.0,True,normal,-0.014147623229012826,0,,纳指;黄金,军工ETF;证券ETF
2017-04-19,1611739.5398463185,0.0,1611739.5398463185,0.0,True,normal,-0.014147623229012826,0,,纳指;黄金,军工ETF;证券ETF
2017-04-20,1611739.5398463185,0.0,1611739.5398463185,0.0,True,normal,-0.014147623229012826,0,,黄金,军工ETF;证券ETF
2017-04-21,1611739.5398463185,0.0,1611739.5398463185,0.0,True,normal,-0.014147623229012826,0,,纳指;黄金,证券ETF;军工ETF
2017-04-24,1611739.5398463185,0.0,1611739.5398463185,0.0,True,normal,-0.014147623229012826,0,,纳指;黄金,军工ETF;证券ETF
2017-04-25,1611739.5398463185,0.0,1611739.5398463185,0.0,True,normal,-0.014147623229012826,0,,纳指;黄金,证券ETF;军工ETF
2017-04-26,1611739.5398463185,0.0,1611739.5398463185,0.0,True,normal,-0.014147623229012826,0,,纳指;黄金,证券ETF;军工ETF
2017-04-27,1611739.5398463185,0.0,1611739.5398463185,0.0,True,normal,-0.014147623229012826,0,,纳指;黄金,证券ETF;军工ETF
2017-04-28,1611739.5398463185,0.0,1611739.5398463185,0.0,True,normal,-0.014147623229012826,0,,纳指;黄金,证券ETF;军工ETF
2017-05-02,1611739.5398463185,0.0,1611739.5398463185,0.0,True,normal,-0.014147623229012826,0,,沪深300;纳指;黄金,证券ETF;军工ETF
2017-05-03,1611739.5398463185,0.0,1611739.5398463185,0.0,True,normal,-0.014147623229012826,0,,纳指;黄金,证券ETF;军工ETF
2017-05-04,1611739.5398463185,0.0,1611739.5398463185,0.0,True,normal,-0.014147623229012826,0,,纳指;黄金,证券ETF;军工ETF
2017-05-05,1611739.5398463185,0.0,1611739.5398463185,0.0,True,normal,-0.014147623229012826,0,,纳指;黄金,证券ETF;军工ETF
2017-05-08,1611739.5398463185,0.0,1611739.5398463185,0.0,True,normal,-0.014147623229012826,0,,纳指;黄金,证券ETF;军工ETF
2017-05-09,1611739.5398463185,0.0,1611739.5398463185,0.0,True,normal,-0.014147623229012826,0,,纳指;黄金,证券ETF;军工ETF
2017-05-10,1611739.5398463185,0.0,1611739.5398463185,0.0,True,normal,-0.014147623229012826,0,,纳指;黄金,证券ETF;军工ETF
2017-05-11,1611739.5398463185,0.0,1611739.5398463185,0.0,True,normal,-0.014147623229012826,0,,纳指;黄金,证券ETF;军工ETF
2017-05-12,1611739.5398463185,0.0,1611739.5398463185,0.0,True,normal,-0.014147623229012826,0,,纳指;黄金,证券ETF;军工ETF
2017-05-15,1611739.5398463185,0.0,1611739.5398463185,0.0,True,normal,-0.014147623229012826,0,,纳指,证券ETF;军工ETF
2017-05-16,1611739.5398463185,0.0,1611739.5398463185,0.0,True,normal,-0.014147623229012826,0,,纳指;黄金,证券ETF;军工ETF
2017-05-17,1611739.5398463185,0.0,1611739.5398463185,0.0,True,normal,-0.014147623229012826,0,,纳指;黄金,证券ETF;军工ETF
2017-05-18,1611739.5398463185,0.0,1611739.5398463185,0.0,True,normal,-0.014147623229012826,0,,黄金,证券ETF;军工ETF
2017-05-19,1611739.5398463185,0.0,1611739.5398463185,0.0,True,normal,-0.014147623229012826,0,,纳指;黄金,证券ETF;军工ETF
2017-05-22,1611739.5398463185,0.0,1611739.5398463185,0.0,True,normal,-0.014147623229012826,0,,纳指;黄金,证券ETF;军工ETF
2017-05-23,1611739.5398463185,0.0,1611739.5398463185,0.0,True,normal,-0.014147623229012826,0,,纳指;黄金,证券ETF;军工ETF
2017-05-24,1611739.5398463185,0.0,1611739.5398463185,0.0,True,normal,-0.014147623229012826,0,,纳指,证券ETF;军工ETF
2017-05-25,1611739.5398463185,0.0,1611739.5398463185,0.0,True,normal,-0.014147623229012826,0,,沪深300;纳指,证券ETF;军工ETF
2017-05-26,1611739.5398463185,0.0,1611739.5398463185,0.0,True,normal,-0.014147623229012826,0,,沪深300;纳指;黄金,证券ETF;军工ETF
2017-05-31,1611739.5398463185,0.0,1611739.5398463185,0.0,True,normal,-0.014147623229012826,0,,沪深300;纳指,证券ETF;军工ETF
2017-06-01,1611739.5398463185,0.0,1611739.5398463185,0.0,True,normal,-0.014147623229012826,0,,沪深300;纳指;黄金,证券ETF;军工ETF
2017-06-02,1611739.5398463185,0.0,1611739.5398463185,0.0,True,normal,-0.014147623229012826,0,,纳指,证券ETF;军工ETF
2017-06-05,1611739.5398463185,0.0,1611739.5398463185,0.0,True,normal,-0.014147623229012826,0,,纳指;黄金,证券ETF;军工ETF
2017-06-06,1611739.5398463185,0.0,1611739.5398463185,0.0,True,normal,-0.014147623229012826,0,,纳指;黄金,证券ETF;军工ETF
2017-06-07,1611739.5398463185,0.0,1611739.5398463185,0.0,True,normal,-0.014147623229012826,0,,沪深300;纳指;黄金,证券ETF;军工ETF
2017-06-08,1611739.5398463185,0.0,1611739.5398463185,0.0,True,normal,-0.014147623229012826,0,,沪深300;纳指,证券ETF;军工ETF
2017-06-09,1611739.5398463185,0.0,1611739.5398463185,0.0,True,normal,-0.014147623229012826,0,,沪深300;纳指,证券ETF;军工ETF
2017-06-12,1611739.5398463185,0.0,1611739.5398463185,0.0,True,normal,-0.014147623229012826,0,,沪深300;纳指,证券ETF;军工ETF
2017-06-13,1611739.5398463185,0.0,1611739.5398463185,0.0,True,normal,-0.014147623229012826,0,,沪深300;纳指,证券ETF;军工ETF
2017-06-14,1611739.5398463185,0.0,1611739.5398463185,0.0,True,normal,-0.014147623229012826,0,,沪深300;纳指,证券ETF;军工ETF
2017-06-15,1611739.5398463185,0.0,1611739.5398463185,0.0,True,normal,-0.014147623229012826,0,,沪深300;纳指,证券ETF;军工ETF
2017-06-16,1611739.5398463185,0.0,1611739.5398463185,0.0,True,normal,-0.014147623229012826,0,,沪深300;纳指,证券ETF;军工ETF
2017-06-19,1611739.5398463185,0.0,1611739.5398463185,0.0,True,normal,-0.014147623229012826,0,,沪深300;纳指,证券ETF;军工ETF
2017-06-20,1611739.5398463185,0.0,1611739.5398463185,0.0,True,normal,-0.014147623229012826,0,,沪深300;纳指,证券ETF;军工ETF
2017-06-21,1611739.5398463185,0.0,1611739.5398463185,0.0,True,normal,-0.014147623229012826,0,,沪深300;创业板;纳指,证券ETF;军工ETF
2017-06-22,1611739.5398463185,0.0,1611739.5398463185,0.0,True,normal,-0.014147623229012826,0,,沪深300;纳指,证券ETF;军工ETF
2017-06-23,1611739.5398463185,0.0,1611739.5398463185,0.0,True,normal,-0.014147623229012826,0,,沪深300;纳指,军工ETF;证券ETF
2017-06-26,1611739.5398463185,0.0,1611739.5398463185,0.0,True,normal,-0.014147623229012826,0,,沪深300;纳指,军工ETF;证券ETF
2017-06-27,1611739.5398463185,0.0,1611739.5398463185,0.0,True,normal,-0.014147623229012826,0,,沪深300;纳指;国债ETF,证券ETF;军工ETF
2017-06-28,1611739.5398463185,0.0,1611739.5398463185,0.0,True,normal,-0.014147623229012826,0,,沪深300,军工ETF;证券ETF
2017-06-29,1611739.5398463185,0.0,1611739.5398463185,0.0,True,normal,-0.014147623229012826,0,,沪深300;纳指;国债ETF,证券ETF;军工ETF
2017-06-30,1611739.5398463185,0.0,1611739.5398463185,0.0,True,normal,-0.014147623229012826,0,,沪深300;国债ETF,证券ETF;军工ETF
2017-07-03,1611739.5398463185,0.0,1611739.5398463185,0.0,True,normal,-0.014147623229012826,0,,沪深300;创业板;国债ETF,军工ETF;证券ETF
2017-07-04,1611739.5398463185,0.0,1611739.5398463185,0.0,True,normal,-0.014147623229012826,0,,沪深300;创业板;国债ETF,证券ETF;军工ETF
2017-07-05,1611739.5398463185,0.0,1611739.5398463185,0.0,True,normal,-0.014147623229012826,0,,沪深300;创业板;国债ETF,证券ETF;军工ETF
2017-07-06,1611739.5398463185,0.0,1611739.5398463185,0.0,True,normal,-0.014147623229012826,0,,沪深300;创业板;国债ETF,军工ETF;证券ETF
2017-07-07,1611739.5398463185,0.0,1611739.5398463185,0.0,True,normal,-0.014147623229012826,0,,沪深300;创业板;国债ETF,证券ETF;军工ETF
2017-07-10,1611739.5398463185,0.0,1611739.5398463185,0.0,True,normal,-0.014147623229012826,0,,沪深300;创业板;国债ETF,军工ETF;证券ETF
2017-07-11,1611739.5398463185,0.0,1611739.5398463185,0.0,True,normal,-0.014147623229012826,0,,沪深300;国债ETF,证券ETF;军工ETF
2017-07-12,1611739.5398463185,0.0,1611739.5398463185,0.0,True,normal,-0.014147623229012826,0,,沪深300;国债ETF,证券ETF;军工ETF
2017-07-13,1611739.5398463185,0.0,1611739.5398463185,0.0,True,normal,-0.014147623229012826,0,,沪深300;国债ETF,证券ETF;军工ETF
2017-07-14,1611739.5398463185,0.0,1611739.5398463185,0.0,True,normal,-0.014147623229012826,0,,沪深300;纳指;国债ETF,证券ETF;军工ETF
2017-07-17,1611739.5398463185,0.0,1611739.5398463185,0.0,True,normal,-0.014147623229012826,0,,沪深300;纳指;国债ETF,证券ETF;军工ETF
2017-07-18,1611739.5398463185,0.0,1611739.5398463185,0.0,True,normal,-0.014147623229012826,0,,沪深300;纳指;国债ETF,证券ETF;军工ETF
2017-07-19,1611739.5398463185,0.0,1611739.5398463185,0.0,True,normal,-0.014147623229012826,0,,沪深300;纳指;国债ETF,证券ETF;军工ETF
2017-07-20,1611739.5398463185,0.0,1611739.5398463185,0.0,True,normal,-0.014147623229012826,0,,沪深300;纳指;国债ETF,证券ETF;军工ETF
2017-07-21,1611739.5398463185,0.0,1611739.5398463185,0.0,True,normal,-0.014147623229012826,0,,沪深300;纳指;国债ETF,证券ETF;军工ETF
2017-07-24,1611739.5398463185,0.0,1611739.5398463185,0.0,True,normal,-0.014147623229012826,0,,沪深300;国债ETF,证券ETF;军工ETF
2017-07-25,1611739.5398463185,0.0,1611739.5398463185,0.0,True,normal,-0.014147623229012826,0,,沪深300;国债ETF,证券ETF;军工ETF
2017-07-26,1611739.5398463185,0.0,1611739.5398463185,0.0,True,normal,-0.014147623229012826,0,,沪深300;纳指;国债ETF,证券ETF;军工ETF
2017-07-27,1611739.5398463185,0.0,1611739.5398463185,0.0,True,normal,-0.014147623229012826,0,,沪深300,证券ETF;军工ETF
2017-07-28,1611739.5398463185,0.0,1611739.5398463185,0.0,True,normal,-0.014147623229012826,0,,沪深300,证券ETF;军工ETF
2017-07-31,1611739.5398463185,0.0,1611739.5398463185,0.0,True,normal,-0.014147623229012826,0,,沪深300,证券ETF;军工ETF
2017-08-01,1611739.5398463185,0.0,1611739.5398463185,0.0,True,normal,-0.014147623229012826,0,,沪深300;国债ETF,证券ETF;军工ETF
2017-08-02,1611739.5398463185,0.0,1611739.5398463185,0.0,True,normal,-0.014147623229012826,0,,沪深300;国债ETF,证券ETF;军工ETF
2017-08-03,1611739.5398463185,0.0,1611739.5398463185,0.0,True,normal,-0.014147623229012826,0,,沪深300;国债ETF,证券ETF;军工ETF
2017-08-04,1611739.5398463185,0.0,1611739.5398463185,0.0,True,normal,-0.014147623229012826,0,,沪深300;国债ETF,证券ETF;军工ETF
2017-08-07,1611739.5398463185,0.0,1611739.5398463185,0.0,True,normal,-0.014147623229012826,0,,沪深300;纳指,证券ETF;军工ETF
2017-08-08,1611739.5398463185,1611739.5398463185,0.0,1.0,False,normal,-0.014147623229012826,4,沪深300;纳指;证券ETF;军工ETF,沪深300;纳指,证券ETF;军工ETF
2017-08-09,1602075.7308702527,1602075.7308702527,0.0,1.0,False,normal,-0.020058683181431516,4,沪深300;纳指;证券ETF;军工ETF,沪深300;纳指,证券ETF;军工ETF
2017-08-10,1599732.1204071112,1599732.1204071115,-2.3283064365386963e-10,1.0,False,normal,-0.02149219888802867,4,沪深300;纳指;证券ETF;军工ETF,沪深300;纳指,证券ETF;军工ETF
2017-08-11,1572685.519893408,1572685.519893408,0.0,1.0,False,normal,-0.038035787191727004,4,沪深300;黄金;证券ETF;军工ETF,沪深300;黄金,证券ETF;军工ETF
2017-08-14,1584980.992179168,1584980.992179168,0.0,1.0,False,normal,-0.030515018310178083,4,沪深300;黄金;证券ETF;军工ETF,沪深300;黄金,证券ETF;军工ETF
2017-08-15,1582063.0146979152,1582063.0146979152,0.0,1.0,False,normal,-0.03229985696688284,5,沪深300;纳指;国债ETF;证券ETF;军工ETF,沪深300;纳指;国债ETF,证券ETF;军工ETF
2017-08-16,1581625.254489649,1629160.2677566768,-47535.01326702768,1.0,False,normal,-0.032567621659071275,5,沪深300;创业板;国债ETF;证券ETF;军工ETF,沪深300;创业板;国债ETF,证券ETF;军工ETF
2017-08-17,1592601.9909429578,0.0,1592601.9909429578,0.0,True,normal,-0.02585348363977631,0,,沪深300;创业板;国债ETF,证券ETF;军工ETF
2017-08-18,1592601.9909429578,0.0,1592601.9909429578,0.0,True,normal,-0.02585348363977631,0,,沪深300;国债ETF,军工ETF;证券ETF
2017-08-21,1592601.9909429578,1665479.0471003233,-72877.05615736544,1.0,False,normal,-0.02585348363977631,4,沪深300;黄金;军工ETF;证券ETF,沪深300;黄金,军工ETF;证券ETF
2017-08-22,1588924.5316243835,1669876.5073139563,-80951.97568957275,1.0,False,normal,-0.02810287438813554,5,沪深300;纳指;黄金;军工ETF;证券ETF,沪深300;纳指;黄金,军工ETF;证券ETF
2017-08-23,1594736.8636413403,1689647.7979972346,-94910.93435589434,1.0,False,normal,-0.024547646516735612,6,沪深300;纳指;黄金;国债ETF;军工ETF;证券ETF,沪深300;纳指;黄金;国债ETF,军工ETF;证券ETF
2017-08-24,1585314.0620233847,1680023.3993511267,-94709.33732774202,1.0,False,normal,-0.030311289550391505,6,沪深300;纳指;黄金;国债ETF;军工ETF;证券ETF,沪深300;纳指;黄金;国债ETF,军工ETF;证券ETF
2017-08-25,1601226.3601251692,1667494.801341713,-66268.44121654378,1.0,False,normal,-0.02057821760191251,6,沪深300;纳指;黄金;国债ETF;证券ETF;军工ETF,沪深300;纳指;黄金;国债ETF,证券ETF;军工ETF
2017-08-28,1622507.768944313,1622507.7689443128,2.3283064365386963e-10,1.0,False,normal,-0.007561022858778917,6,沪深300;纳指;黄金;国债ETF;证券ETF;军工ETF,沪深300;纳指;黄金;国债ETF,证券ETF;军工ETF
2017-08-29,1617076.3604866904,1617076.3604866904,0.0,1.0,False,normal,-0.010883251298785965,6,沪深300;纳指;黄金;国债ETF;证券ETF;军工ETF,沪深300;纳指;黄金;国债ETF,证券ETF;军工ETF
2017-08-30,1615894.5489308578,1615894.5489308578,0.0,1.0,False,normal,-0.01160612971828798,6,沪深300;创业板;纳指;黄金;证券ETF;军工ETF,沪深300;创业板;纳指;黄金,证券ETF;军工ETF
2017-08-31,1621746.377485211,1621746.377485211,0.0,1.0,False,normal,-0.008026743008376074,6,沪深300;创业板;纳指;黄金;证券ETF;军工ETF,沪深300;创业板;纳指;黄金,证券ETF;军工ETF
2017-09-01,1630227.022118385,1630227.022118385,0.0,1.0,False,normal,-0.002839388934428214,7,沪深300;创业板;纳指;黄金;国债ETF;证券ETF;军工ETF,沪深300;创业板;纳指;黄金;国债ETF,证券ETF;军工ETF
2017-09-04,1636891.5063941278,1636891.5063941278,0.0,1.0,False,normal,0.0,7,沪深300;创业板;纳指;黄金;国债ETF;证券ETF;军工ETF,沪深300;创业板;纳指;黄金;国债ETF,证券ETF;军工ETF
2017-09-05,1635885.1862964563,1680838.4259211423,-44953.23962468607,1.0,False,normal,-0.0006147750744265203,7,沪深300;创业板;纳指;黄金;国债ETF;证券ETF;军工ETF,沪深300;创业板;纳指;黄金;国债ETF,证券ETF;军工ETF
2017-09-06,1637416.1989326265,1699259.4242909215,-61843.22535829502,1.0,False,normal,0.0,6,沪深300;创业板;黄金;国债ETF;证券ETF;军工ETF,沪深300;创业板;黄金;国债ETF,证券ETF;军工ETF
2017-09-07,1627904.020971683,1687520.4740713448,-59616.45309966174,1.0,False,normal,-0.005809260936311783,6,沪深300;创业板;黄金;国债ETF;证券ETF;军工ETF,沪深300;创业板;黄金;国债ETF,证券ETF;军工ETF
2017-09-08,1625261.0435706137,1698218.875356534,-72957.83178592031,1.0,False,normal,-0.00742337554125598,6,沪深300;创业板;黄金;国债ETF;证券ETF;军工ETF,沪深300;创业板;黄金;国债ETF,证券ETF;军工ETF
2017-09-11,1628956.0351742085,1718995.2390442032,-90039.20386999473,1.0,False,normal,-0.005166776635001496,6,沪深300;创业板;黄金;国债ETF;证券ETF;军工ETF,沪深300;创业板;黄金;国债ETF,证券ETF;军工ETF
2017-09-12,1627843.1112541158,1735678.835599525,-107835.72434540908,1.0,False,normal,-0.005846459614086542,6,沪深300;创业板;黄金;国债ETF;证券ETF;军工ETF,沪深300;创业板;黄金;国债ETF,证券ETF;军工ETF
2017-09-13,1628708.052106249,1754811.4117882173,-126103.35968196834,1.0,False,normal,-0.005318224427029692,6,沪深300;创业板;黄金;国债ETF;证券ETF;军工ETF,沪深300;创业板;黄金;国债ETF,证券ETF;军工ETF
2017-09-14,1623597.538857059,1763783.7726839692,-140186.23382691015,1.0,False,normal,-0.0084393082739595,6,沪深300;创业板;黄金;国债ETF;证券ETF;军工ETF,沪深300;创业板;黄金;国债ETF,证券ETF;军工ETF
2017-09-15,1628721.3870884613,1782547.1314152852,-153825.74432682386,1.0,False,normal,-0.005310080509667025,6,沪深300;创业板;黄金;国债ETF;证券ETF;军工ETF,沪深300;创业板;黄金;国债ETF,证券ETF;军工ETF
2017-09-18,1636312.1927893208,1803520.6038150382,-167208.4110257174,1.0,False,normal,-0.0006742367298096512,6,沪深300;创业板;黄金;国债ETF;证券ETF;军工ETF,沪深300;创业板;黄金;国债ETF,证券ETF;军工ETF
2017-09-19,1624658.6518501278,1777298.9011098873,-152640.24925975944,1.0,False,normal,-0.0077912671749643505,6,沪深300;创业板;黄金;国债ETF;证券ETF;军工ETF,沪深300;创业板;黄金;国债ETF,证券ETF;军工ETF
2017-09-20,1632484.4540687925,1797439.9411375588,-164955.48706876626,1.0,False,normal,-0.0030119067266152788,6,沪深300;创业板;黄金;国债ETF;证券ETF;军工ETF,沪深300;创业板;黄金;国债ETF,证券ETF;军工ETF
2017-09-21,1622710.3318327349,1797265.2837242563,-174554.95189152146,1.0,False,normal,-0.008981141819335781,5,沪深300;创业板;国债ETF;证券ETF;军工ETF,沪深300;创业板;国债ETF,证券ETF;军工ETF
2017-09-22,1617995.829243546,1808081.2360337137,-190085.4067901678,1.0,False,normal,-0.011860374718254333,5,沪深300;创业板;国债ETF;证券ETF;军工ETF,沪深300;创业板;国债ETF,证券ETF;军工ETF
2017-09-25,1608566.2804126581,1811174.2337455521,-202607.95333289402,1.0,False,normal,-0.017619172534615597,5,沪深300;创业板;国债ETF;军工ETF;证券ETF,沪深300;创业板;国债ETF,军工ETF;证券ETF
2017-09-26,1609035.8098842497,1832902.8980251034,-223867.08814085368,1.0,False,normal,-0.017332422304651065,6,沪深300;创业板;黄金;国债ETF;证券ETF;军工ETF,沪深300;创业板;黄金;国债ETF,证券ETF;军工ETF
2017-09-27,1610449.854385776,1855028.1921761977,-244578.33779042168,1.0,False,normal,-0.016468839482856552,6,沪深300;创业板;黄金;国债ETF;证券ETF;军工ETF,沪深300;创业板;黄金;国债ETF,证券ETF;军工ETF
2017-09-28,1611194.8035160545,1878395.096812692,-267200.2932966375,1.0,False,normal,-0.01601388543344373,5,沪深300;创业板;国债ETF;证券ETF;军工ETF,沪深300;创业板;国债ETF,证券ETF;军工ETF
2017-09-29,1623717.3323089073,1889334.835761434,-265617.50345252664,1.0,False,normal,-0.008366148223432153,6,沪深300;创业板;黄金;国债ETF;证券ETF;军工ETF,沪深300;创业板;黄金;国债ETF,证券ETF;军工ETF
2017-10-09,1628496.8263716465,1918069.6244010222,-289572.7980293757,1.0,False,normal,-0.005447223843757167,7,沪深300;创业板;纳指;黄金;国债ETF;证券ETF;军工ETF,沪深300;创业板;纳指;黄金;国债ETF,证券ETF;军工ETF
2017-10-10,1633687.4396067392,1948608.4284674008,-314920.98886066163,1.0,False,normal,-0.0022772214714364956,7,沪深300;创业板;纳指;黄金;国债ETF;证券ETF;军工ETF,沪深300;创业板;纳指;黄金;国债ETF,证券ETF;军工ETF
2017-10-11,1628199.5625123037,1944057.6201942433,-315858.05768193956,1.0,False,normal,-0.005628768315795833,6,沪深300;创业板;纳指;国债ETF;证券ETF;军工ETF,沪深300;创业板;纳指;国债ETF,证券ETF;军工ETF
2017-10-12,1633875.2777318363,1966148.342346604,-332273.0646147677,1.0,False,normal,-0.00216250529529292,5,沪深300;创业板;纳指;军工ETF;证券ETF,沪深300;创业板;纳指,军工ETF;证券ETF
2017-10-13,1640138.7775974036,1998801.4688842935,-358662.69128688984,1.0,False,normal,0.0,5,沪深300;创业板;纳指;军工ETF;证券ETF,沪深300;创业板;纳指,军工ETF;证券ETF
2017-10-16,1627478.1390972075,1994534.1129423648,-367055.9738451573,1.0,False,normal,-0.007719248317963921,6,沪深300;创业板;纳指;黄金;军工ETF;证券ETF,沪深300;创业板;纳指;黄金,军工ETF;证券ETF
2017-10-17,1618204.82504534,1967420.7159751663,-349215.8909298263,1.0,False,normal,-0.013373229663037476,6,沪深300;创业板;纳指;黄金;军工ETF;证券ETF,沪深300;创业板;纳指;黄金,军工ETF;证券ETF
2017-10-18,1615896.7449971328,1988635.0271391268,-372738.282141994,1.0,False,normal,-0.014780476464182096,5,沪深300;创业板;纳指;军工ETF;证券ETF,沪深300;创业板;纳指,军工ETF;证券ETF
2017-10-19,1598714.7614574602,1851360.6620265304,-252645.90056907013,1.0,False,normal,-0.025256409217166577,5,沪深300;创业板;纳指;军工ETF;证券ETF,沪深300;创业板;纳指,军工ETF;证券ETF
2017-10-20,1606024.5309817456,1871245.558890801,-265221.02790905535,1.0,False,normal,-0.020799609814500648,5,沪深300;创业板;纳指;军工ETF;证券ETF,沪深300;创业板;纳指,军工ETF;证券ETF
2017-10-23,1608792.4310351075,1897203.0633989058,-288410.63236379833,1.0,False,normal,-0.019112008685151994,5,沪深300;创业板;纳指;军工ETF;证券ETF,沪深300;创业板;纳指,军工ETF;证券ETF
2017-10-24,1610378.372003096,1923303.6592090987,-312925.28720600274,1.0,False,normal,-0.018145053333781264,5,沪深300;创业板;纳指;军工ETF;证券ETF,沪深300;创业板;纳指,军工ETF;证券ETF
2017-10-25,1614795.0537940257,1951036.4227075656,-336241.3689135399,1.0,False,normal,-0.015452182552810135,5,沪深300;创业板;纳指;军工ETF;证券ETF,沪深300;创业板;纳指,军工ETF;证券ETF
2017-10-26,1621452.7904508025,1966280.62006024,-344827.8296094374,1.0,False,normal,-0.011392930526265402,5,沪深300;创业板;纳指;军工ETF;证券ETF,沪深300;创业板;纳指,军工ETF;证券ETF
2017-10-27,1613409.2236046146,1949276.0385841972,-335866.81497958256,1.0,False,normal,-0.016297129461169395,5,沪深300;创业板;纳指;军工ETF;证券ETF,沪深300;创业板;纳指,军工ETF;证券ETF
2017-10-30,1591646.581578168,1771080.130145889,-179433.54856772092,1.0,False,normal,-0.02956591032514363,5,沪深300;创业板;纳指;军工ETF;证券ETF,沪深300;创业板;纳指,军工ETF;证券ETF
2017-10-31,1592800.8156561435,1792940.6285196687,-200139.81286352524,1.0,False,normal,-0.02886216860905166,5,沪深300;创业板;纳指;军工ETF;证券ETF,沪深300;创业板;纳指,军工ETF;证券ETF
2017-11-01,1591361.9636110323,1812532.4282151535,-221170.46460412117,1.0,False,normal,-0.029739443181645366,5,沪深300;创业板;纳指;军工ETF;证券ETF,沪深300;创业板;纳指,军工ETF;证券ETF
2017-11-02,1583993.8358590344,1825962.3139795403,-241968.4781205058,1.0,False,normal,-0.03423182385859715,4,沪深300;纳指;军工ETF;证券ETF,沪深300;纳指,军工ETF;证券ETF
2017-11-03,1580933.7715288398,1844638.1734387549,-263704.40190991503,1.0,False,normal,-0.03609755886345889,4,沪深300;纳指;军工ETF;证券ETF,沪深300;纳指,军工ETF;证券ETF
2017-11-06,1591481.830418018,1861173.5837159806,-269691.7532979627,1.0,False,normal,-0.029666359849537843,4,沪深300;纳指;军工ETF;证券ETF,沪深300;纳指,军工ETF;证券ETF
2017-11-07,1610025.4396238064,1814496.7029352738,-204471.26331146737,1.0,False,normal,-0.018360237795066018,4,沪深300;纳指;军工ETF;证券ETF,沪深300;纳指,军工ETF;证券ETF
2017-11-08,1615369.5432688466,0.0,1615369.5432688466,0.0,True,normal,-0.015101913732471372,0,,沪深300;纳指,证券ETF;军工ETF
2017-11-09,1615369.5432688466,0.0,1615369.5432688466,0.0,True,normal,-0.015101913732471372,0,,沪深300;纳指,军工ETF;证券ETF
2017-11-10,1615369.5432688466,0.0,1615369.5432688466,0.0,True,normal,-0.015101913732471372,0,,沪深300;纳指,证券ETF;军工ETF
2017-11-13,1615369.5432688466,0.0,1615369.5432688466,0.0,True,normal,-0.015101913732471372,0,,沪深300;创业板;纳指,证券ETF;军工ETF
2017-11-14,1615369.5432688466,0.0,1615369.5432688466,0.0,True,normal,-0.015101913732471372,0,,沪深300;纳指,证券ETF;军工ETF
2017-11-15,1615369.5432688466,0.0,1615369.5432688466,0.0,True,normal,-0.015101913732471372,0,,沪深300;纳指,证券ETF;军工ETF
2017-11-16,1615369.5432688466,0.0,1615369.5432688466,0.0,True,normal,-0.015101913732471372,0,,沪深300;纳指,军工ETF;证券ETF
2017-11-17,1615369.5432688466,0.0,1615369.5432688466,0.0,True,normal,-0.015101913732471372,0,,沪深300;纳指,证券ETF;军工ETF
2017-11-20,1615369.5432688466,0.0,1615369.5432688466,0.0,True,normal,-0.015101913732471372,0,,沪深300;纳指,证券ETF;军工ETF
2017-11-21,1615369.5432688466,0.0,1615369.5432688466,0.0,True,normal,-0.015101913732471372,0,,沪深300;纳指,证券ETF;军工ETF
2017-11-22,1615369.5432688466,0.0,1615369.5432688466,0.0,True,normal,-0.015101913732471372,0,,沪深300;纳指,证券ETF;军工ETF
2017-11-23,1615369.5432688466,0.0,1615369.5432688466,0.0,True,normal,-0.015101913732471372,0,,沪深300;纳指,证券ETF;军工ETF
2017-11-24,1615369.5432688466,0.0,1615369.5432688466,0.0,True,normal,-0.015101913732471372,0,,沪深300;纳指,证券ETF;军工ETF
2017-11-27,1615369.5432688466,0.0,1615369.5432688466,0.0,True,normal,-0.015101913732471372,0,,沪深300;纳指,军工ETF;证券ETF
2017-11-28,1615369.5432688466,0.0,1615369.5432688466,0.0,True,normal,-0.015101913732471372,0,,沪深300;纳指,证券ETF;军工ETF
2017-11-29,1615369.5432688466,0.0,1615369.5432688466,0.0,True,normal,-0.015101913732471372,0,,沪深300;纳指;黄金,证券ETF;军工ETF
2017-11-30,1615369.5432688466,0.0,1615369.5432688466,0.0,True,normal,-0.015101913732471372,0,,沪深300;纳指,证券ETF;军工ETF
2017-12-01,1615369.5432688466,0.0,1615369.5432688466,0.0,True,normal,-0.015101913732471372,0,,沪深300;纳指,证券ETF;军工ETF
2017-12-04,1615369.5432688466,0.0,1615369.5432688466,0.0,True,normal,-0.015101913732471372,0,,沪深300;纳指,证券ETF;军工ETF
2017-12-05,1615369.5432688466,0.0,1615369.5432688466,0.0,True,normal,-0.015101913732471372,0,,沪深300;纳指,证券ETF;军工ETF
2017-12-06,1615369.5432688466,0.0,1615369.5432688466,0.0,True,normal,-0.015101913732471372,0,,沪深300;纳指,证券ETF;军工ETF
2017-12-07,1615369.5432688466,0.0,1615369.5432688466,0.0,True,normal,-0.015101913732471372,0,,沪深300;纳指,军工ETF;证券ETF
2017-12-08,1615369.5432688466,0.0,1615369.5432688466,0.0,True,normal,-0.015101913732471372,0,,沪深300;纳指,证券ETF;军工ETF
2017-12-11,1615369.5432688466,0.0,1615369.5432688466,0.0,True,normal,-0.015101913732471372,0,,沪深300;纳指,证券ETF;军工ETF
2017-12-12,1615369.5432688466,0.0,1615369.5432688466,0.0,True,normal,-0.015101913732471372,0,,沪深300;纳指,军工ETF;证券ETF
2017-12-13,1615369.5432688466,0.0,1615369.5432688466,0.0,True,normal,-0.015101913732471372,0,,沪深300;纳指,证券ETF;军工ETF
2017-12-14,1615369.5432688466,0.0,1615369.5432688466,0.0,True,normal,-0.015101913732471372,0,,沪深300;纳指,军工ETF;证券ETF
2017-12-15,1615369.5432688466,0.0,1615369.5432688466,0.0,True,normal,-0.015101913732471372,0,,沪深300;纳指,军工ETF;证券ETF
2017-12-18,1615369.5432688466,0.0,1615369.5432688466,0.0,True,normal,-0.015101913732471372,0,,沪深300;纳指,军工ETF;证券ETF
2017-12-19,1615369.5432688466,0.0,1615369.5432688466,0.0,True,normal,-0.015101913732471372,0,,沪深300;纳指,军工ETF;证券ETF
2017-12-20,1615369.5432688466,0.0,1615369.5432688466,0.0,True,normal,-0.015101913732471372,0,,沪深300;纳指;国债ETF,军工ETF;证券ETF
2017-12-21,1615369.5432688466,0.0,1615369.5432688466,0.0,True,normal,-0.015101913732471372,0,,沪深300;纳指;国债ETF,军工ETF;证券ETF
2017-12-22,1615369.5432688466,0.0,1615369.5432688466,0.0,True,normal,-0.015101913732471372,0,,沪深300;纳指;国债ETF,军工ETF;证券ETF
2017-12-25,1615369.5432688466,0.0,1615369.5432688466,0.0,True,normal,-0.015101913732471372,0,,沪深300;纳指;国债ETF,军工ETF;证券ETF
2017-12-26,1615369.5432688466,0.0,1615369.5432688466,0.0,True,normal,-0.015101913732471372,0,,沪深300;纳指;国债ETF,军工ETF;证券ETF
2017-12-27,1615369.5432688466,0.0,1615369.5432688466,0.0,True,normal,-0.015101913732471372,0,,纳指;国债ETF,军工ETF;证券ETF
2017-12-28,1615369.5432688466,0.0,1615369.5432688466,0.0,True,normal,-0.015101913732471372,0,,沪深300;纳指;国债ETF,军工ETF;证券ETF
2017-12-29,1615369.5432688466,0.0,1615369.5432688466,0.0,True,normal,-0.015101913732471372,0,,纳指;黄金;国债ETF,军工ETF;证券ETF
2018-01-02,1615369.5432688466,0.0,1615369.5432688466,0.0,True,normal,-0.015101913732471372,0,,沪深300;纳指;黄金;国债ETF,军工ETF;证券ETF
2018-01-03,1615369.5432688466,0.0,1615369.5432688466,0.0,True,normal,-0.015101913732471372,0,,沪深300;纳指;黄金;国债ETF,军工ETF;证券ETF
2018-01-04,1615369.5432688466,0.0,1615369.5432688466,0.0,True,normal,-0.015101913732471372,0,,沪深300;纳指;国债ETF,军工ETF;证券ETF
2018-01-05,1615369.5432688466,0.0,1615369.5432688466,0.0,True,normal,-0.015101913732471372,0,,沪深300;纳指;国债ETF,军工ETF;证券ETF
2018-01-08,1615369.5432688466,0.0,1615369.5432688466,0.0,True,normal,-0.015101913732471372,0,,沪深300;纳指;黄金;国债ETF,证券ETF;军工ETF
2018-01-09,1615369.5432688466,0.0,1615369.5432688466,0.0,True,normal,-0.015101913732471372,0,,沪深300;纳指;黄金;国债ETF,证券ETF;军工ETF
2018-01-10,1615369.5432688466,0.0,1615369.5432688466,0.0,True,normal,-0.015101913732471372,0,,沪深300;纳指;黄金;国债ETF,证券ETF;军工ETF
2018-01-11,1615369.5432688466,0.0,1615369.5432688466,0.0,True,normal,-0.015101913732471372,0,,沪深300;纳指;黄金;国债ETF,证券ETF;军工ETF
2018-01-12,1615369.5432688466,0.0,1615369.5432688466,0.0,True,normal,-0.015101913732471372,0,,沪深300;纳指;黄金;国债ETF,证券ETF;军工ETF
2018-01-15,1615369.5432688466,0.0,1615369.5432688466,0.0,True,normal,-0.015101913732471372,0,,沪深300;纳指;黄金;国债ETF,证券ETF;军工ETF
2018-01-16,1615369.5432688466,0.0,1615369.5432688466,0.0,True,normal,-0.015101913732471372,0,,沪深300;纳指;黄金;国债ETF,证券ETF;军工ETF
2018-01-17,1615369.5432688466,0.0,1615369.5432688466,0.0,True,normal,-0.015101913732471372,0,,沪深300;纳指;黄金;国债ETF,证券ETF;军工ETF
2018-01-18,1615369.5432688466,0.0,1615369.5432688466,0.0,True,normal,-0.015101913732471372,0,,沪深300;纳指;黄金;国债ETF,证券ETF;军工ETF
2018-01-19,1615369.5432688466,0.0,1615369.5432688466,0.0,True,normal,-0.015101913732471372,0,,沪深300;纳指;黄金;国债ETF,证券ETF;军工ETF
2018-01-22,1615369.5432688466,0.0,1615369.5432688466,0.0,True,normal,-0.015101913732471372,0,,沪深300;创业板;纳指;黄金;国债ETF,证券ETF;军工ETF
2018-01-23,1615369.5432688466,0.0,1615369.5432688466,0.0,True,normal,-0.015101913732471372,0,,沪深300;纳指;黄金;国债ETF,证券ETF;军工ETF
2018-01-24,1615369.5432688466,0.0,1615369.5432688466,0.0,True,normal,-0.015101913732471372,0,,沪深300;创业板;纳指;黄金;国债ETF,证券ETF;军工ETF
2018-01-25,1615369.5432688466,0.0,1615369.5432688466,0.0,True,normal,-0.015101913732471372,0,,沪深300;创业板;纳指;黄金;国债ETF,证券ETF;军工ETF
2018-01-26,1615369.5432688466,0.0,1615369.5432688466,0.0,True,normal,-0.015101913732471372,0,,沪深300;创业板;纳指;黄金;国债ETF,证券ETF;军工ETF
2018-01-29,1615369.5432688466,0.0,1615369.5432688466,0.0,True,normal,-0.015101913732471372,0,,沪深300;创业板;纳指;黄金;国债ETF,证券ETF;军工ETF
2018-01-30,1615369.5432688466,0.0,1615369.5432688466,0.0,True,normal,-0.015101913732471372,0,,沪深300;创业板;纳指;黄金;国债ETF,证券ETF;军工ETF
2018-01-31,1615369.5432688466,0.0,1615369.5432688466,0.0,True,normal,-0.015101913732471372,0,,沪深300;纳指;黄金;国债ETF,证券ETF;军工ETF
2018-02-01,1615369.5432688466,0.0,1615369.5432688466,0.0,True,normal,-0.015101913732471372,0,,沪深300;纳指;黄金;国债ETF,证券ETF;军工ETF
2018-02-02,1615369.5432688466,0.0,1615369.5432688466,0.0,True,normal,-0.015101913732471372,0,,沪深300;纳指;黄金;国债ETF,证券ETF;军工ETF
2018-02-05,1615369.5432688466,0.0,1615369.5432688466,0.0,True,normal,-0.015101913732471372,0,,沪深300;纳指;黄金;国债ETF,证券ETF;军工ETF
2018-02-06,1615369.5432688466,0.0,1615369.5432688466,0.0,True,normal,-0.015101913732471372,0,,沪深300;黄金;国债ETF,证券ETF;军工ETF
2018-02-07,1615369.5432688466,0.0,1615369.5432688466,0.0,True,normal,-0.015101913732471372,0,,黄金;国债ETF,证券ETF;军工ETF
2018-02-08,1615369.5432688466,0.0,1615369.5432688466,0.0,True,normal,-0.015101913732471372,0,,黄金;国债ETF,证券ETF;军工ETF
2018-02-09,1615369.5432688466,0.0,1615369.5432688466,0.0,True,normal,-0.015101913732471372,0,,黄金;国债ETF,证券ETF;军工ETF
2018-02-12,1615369.5432688466,0.0,1615369.5432688466,0.0,True,normal,-0.015101913732471372,0,,黄金;国债ETF,证券ETF;军工ETF
2018-02-13,1615369.5432688466,0.0,1615369.5432688466,0.0,True,normal,-0.015101913732471372,0,,黄金;国债ETF,军工ETF;证券ETF
2018-02-14,1615369.5432688466,1449323.6408426843,166045.90242616227,1.0,False,normal,-0.015101913732471372,4,黄金;国债ETF;证券ETF;军工ETF,黄金;国债ETF,证券ETF;军工ETF
2018-02-22,1613072.3974275005,1449021.8012027065,164050.59622479393,1.0,False,normal,-0.01650249389844437,4,黄金;国债ETF;证券ETF;军工ETF,黄金;国债ETF,证券ETF;军工ETF
2018-02-23,1616874.7008149014,1458614.909209292,158259.79160560947,1.0,False,normal,-0.014184212397307728,4,黄金;国债ETF;军工ETF;证券ETF,黄金;国债ETF,军工ETF;证券ETF
2018-02-26,1628464.480300839,1457421.0623355885,171043.41796525056,0.8416350502280432,False,normal,-0.007117871643560512,6,沪深300;纳指;黄金;国债ETF;军工ETF;证券ETF,沪深300;纳指;黄金;国债ETF,军工ETF;证券ETF
2018-02-27,1629408.410328227,1465168.737248763,164239.67307946412,1.0,False,normal,-0.006542353254335684,5,纳指;黄金;国债ETF;军工ETF;证券ETF,纳指;黄金;国债ETF,军工ETF;证券ETF
2018-02-28,1620727.6329236918,1467483.8253018376,153243.80762185412,0.7454418556504079,False,normal,-0.011835062336704661,6,创业板;纳指;黄金;国债ETF;军工ETF;证券ETF,创业板;纳指;黄金;国债ETF,军工ETF;证券ETF
2018-03-01,1630175.5551134853,1483712.2726376783,146463.282475807,0.5599992378280958,False,normal,-0.006074621623490402,5,创业板;纳指;国债ETF;军工ETF;证券ETF,创业板;纳指;国债ETF,军工ETF;证券ETF
2018-03-02,1617997.9235498398,1500960.0043424454,117037.91920739436,0.5647329018054399,False,normal,-0.013499378436742662,6,创业板;纳指;国债ETF;有色ETF;军工ETF;证券ETF,创业板;纳指;国债ETF,有色ETF;军工ETF;证券ETF
2018-03-05,1627374.1006385041,1519555.863669143,107818.23696936108,0.578034367655767,False,normal,-0.0077826810348317725,6,创业板;纳指;国债ETF;有色ETF;军工ETF;证券ETF,创业板;纳指;国债ETF,有色ETF;军工ETF;证券ETF
2018-03-06,1638386.5780554034,1532747.3501945587,105639.2278608447,0.5939607777349053,False,normal,-0.0010683239527858384,6,创业板;纳指;国债ETF;有色ETF;军工ETF;证券ETF,创业板;纳指;国债ETF,有色ETF;军工ETF;证券ETF
2018-03-07,1627019.9252955301,1524129.0090677987,102890.91622773139,0.7766787313858143,False,normal,-0.007998623336673354,5,纳指;国债ETF;有色ETF;军工ETF;证券ETF,纳指;国债ETF,有色ETF;军工ETF;证券ETF
2018-03-08,1632523.7896041686,1541057.5498871314,91466.23971703718,0.7967241780140231,False,normal,-0.004642892477909703,5,纳指;国债ETF;有色ETF;军工ETF;证券ETF,纳指;国债ETF,有色ETF;军工ETF;证券ETF
2018-03-09,1641490.1982943434,1552766.6698044767,88723.52848986676,0.6074479031676522,False,normal,0.0,6,创业板;纳指;国债ETF;有色ETF;军工ETF;证券ETF,创业板;纳指;国债ETF,有色ETF;军工ETF;证券ETF
2018-03-12,1662742.0786841887,1565291.9870170318,97450.0916671569,0.6126935842043914,False,normal,0.0,6,创业板;纳指;国债ETF;有色ETF;军工ETF;证券ETF,创业板;纳指;国债ETF,有色ETF;军工ETF;证券ETF
2018-03-13,1656317.3905807082,1564804.1632305898,91513.22735011834,0.6282919391071574,False,normal,-0.0038639114182788203,6,创业板;纳指;国债ETF;有色ETF;军工ETF;证券ETF,创业板;纳指;国债ETF,有色ETF;军工ETF;证券ETF
2018-03-14,1642284.8191798262,1559992.2339845556,82292.5851952706,0.6233672172563239,False,normal,-0.012303326996181712,6,创业板;纳指;国债ETF;有色ETF;军工ETF;证券ETF,创业板;纳指;国债ETF,有色ETF;军工ETF;证券ETF
2018-03-15,1642025.4948932396,1572563.3223843565,69462.17250888306,0.6425307456570052,False,normal,-0.012459288819672594,6,创业板;纳指;国债ETF;有色ETF;军工ETF;证券ETF,创业板;纳指;国债ETF,有色ETF;军工ETF;证券ETF
2018-03-16,1631578.403123592,1567093.7823800626,64484.620743529405,0.6547504463929918,False,normal,-0.018742338911190613,6,创业板;纳指;国债ETF;有色ETF;军工ETF;证券ETF,创业板;纳指;国债ETF,有色ETF;军工ETF;证券ETF
2018-03-19,1636095.9773612136,1584498.764827728,51597.21253348561,0.6743290605673646,False,normal,-0.01602539664122857,6,创业板;纳指;国债ETF;有色ETF;军工ETF;证券ETF,创业板;纳指;国债ETF,有色ETF;军工ETF;证券ETF
2018-03-20,1634735.0992780293,1596968.1878385807,37766.911439448595,0.7472572944667192,False,normal,-0.016843850748230717,5,创业板;国债ETF;有色ETF;军工ETF;证券ETF,创业板;国债ETF,有色ETF;军工ETF;证券ETF
2018-03-21,1621704.903218531,1621704.9032185313,-2.3283064365386963e-10,0.7206080521850873,False,normal,-0.024680421570934433,5,创业板;国债ETF;军工ETF;有色ETF;证券ETF,创业板;国债ETF,军工ETF;有色ETF;证券ETF
2018-03-22,1615967.7195986037,1615967.7195986034,2.3283064365386963e-10,0.7398850799304683,False,normal,-0.028130856664552503,5,创业板;国债ETF;军工ETF;有色ETF;证券ETF,创业板;国债ETF,军工ETF;有色ETF;证券ETF
2018-03-23,1565112.7748960794,1448480.6503801174,116632.12451596209,1.0,False,normal,-0.058715843569297405,4,国债ETF;军工ETF;有色ETF;证券ETF,国债ETF,军工ETF;有色ETF;证券ETF
2018-03-26,1579157.6003896843,1441301.3814726025,137856.21891708183,0.5750118080419357,False,normal,-0.050269058181680794,5,创业板;国债ETF;军工ETF;有色ETF;证券ETF,创业板;国债ETF,军工ETF;有色ETF;证券ETF
2018-03-27,1607586.3560397977,1459569.026896698,148017.32914309972,0.5491896317046021,False,normal,-0.03317154437327917,5,创业板;国债ETF;军工ETF;有色ETF;证券ETF,创业板;国债ETF,军工ETF;有色ETF;证券ETF
2018-03-28,1600225.8304937843,1457863.877043571,142361.9534502132,0.5646431885036025,False,normal,-0.03759828357737637,5,创业板;国债ETF;军工ETF;有色ETF;证券ETF,创业板;国债ETF,军工ETF;有色ETF;证券ETF
2018-03-29,1604160.5331442957,1469979.1215802648,134181.41156403092,0.5823672842274928,False,normal,-0.035231889714519946,5,创业板;国债ETF;军工ETF;有色ETF;证券ETF,创业板;国债ETF,军工ETF;有色ETF;证券ETF
2018-03-30,1626198.1329668744,1495817.130642341,130381.00232453342,0.5701337521502009,False,normal,-0.021978120470875023,5,创业板;国债ETF;军工ETF;有色ETF;证券ETF,创业板;国债ETF,军工ETF;有色ETF;证券ETF
2018-04-02,1629002.3150657238,1505615.9202803834,123386.39478534041,0.5869120464180216,False,normal,-0.020291639966894193,5,创业板;国债ETF;军工ETF;证券ETF;有色ETF,创业板;国债ETF,军工ETF;证券ETF;有色ETF
2018-04-03,1618884.3247127577,1504347.0861989786,114537.23851377913,0.5955834944782351,False,normal,-0.026376763139438788,5,创业板;国债ETF;军工ETF;证券ETF;有色ETF,创业板;国债ETF,军工ETF;证券ETF;有色ETF
2018-04-04,1606520.673135537,1502762.5138804847,103758.15925505222,0.5976407405698878,False,normal,-0.033812463321516786,5,创业板;国债ETF;军工ETF;证券ETF;有色ETF,创业板;国债ETF,军工ETF;证券ETF;有色ETF
2018-04-09,1613615.5896023125,1514618.6721619065,98996.91744040605,0.6160307307669358,False,normal,-0.02954546571693932,5,创业板;国债ETF;军工ETF;证券ETF;有色ETF,创业板;国债ETF,军工ETF;证券ETF;有色ETF
2018-04-10,1613772.8564482795,1526282.3509239554,87490.50552432402,1.0,False,normal,-0.02945088289018403,6,创业板;黄金;国债ETF;军工ETF;证券ETF;有色ETF,创业板;黄金;国债ETF,军工ETF;证券ETF;有色ETF
2018-04-11,1615858.981209672,1540731.1794268948,75127.8017827773,0.5964448113673292,False,normal,-0.028196253691743674,6,创业板;纳指;国债ETF;军工ETF;证券ETF;有色ETF,创业板;纳指;国债ETF,军工ETF;证券ETF;有色ETF
2018-04-12,1609445.7883674705,1541089.0075777178,68356.78078975272,0.8516879411576573,False,normal,-0.032053251673821954,7,创业板;纳指;黄金;国债ETF;军工ETF;证券ETF;有色ETF,创业板;纳指;黄金;国债ETF,军工ETF;证券ETF;有色ETF
2018-04-13,1609270.9506084851,1553045.6191208095,56225.33148767566,1.0,False,normal,-0.032158401932077106,7,创业板;纳指;黄金;国债ETF;军工ETF;证券ETF;有色ETF,创业板;纳指;黄金;国债ETF,军工ETF;证券ETF;有色ETF
2018-04-16,1608387.783820773,1561220.640983349,47167.142837424064,1.0,False,normal,-0.03268955273353576,7,创业板;纳指;黄金;国债ETF;军工ETF;有色ETF;证券ETF,创业板;纳指;黄金;国债ETF,军工ETF;有色ETF;证券ETF
2018-04-17,1595623.7121307075,1547003.557523845,48620.15460686246,1.0,False,normal,-0.040366072052855806,7,创业板;纳指;黄金;国债ETF;军工ETF;证券ETF;有色ETF,创业板;纳指;黄金;国债ETF,军工ETF;证券ETF;有色ETF
2018-04-18,1614276.3265713246,1559672.1081962055,54604.21837511915,1.0,False,normal,-0.029148087808794396,7,创业板;纳指;黄金;国债ETF;军工ETF;证券ETF;有色ETF,创业板;纳指;黄金;国债ETF,军工ETF;证券ETF;有色ETF
2018-04-19,1622113.174097414,1559482.9700292747,62630.204068139195,1.0,False,normal,-0.024434880855921114,7,创业板;纳指;黄金;国债ETF;军工ETF;有色ETF;证券ETF,创业板;纳指;黄金;国债ETF,军工ETF;有色ETF;证券ETF
2018-04-20,1604940.3535246998,1529528.086596713,75412.26692798687,1.0,False,normal,-0.034762893115227025,7,创业板;纳指;黄金;国债ETF;军工ETF;有色ETF;证券ETF,创业板;纳指;黄金;国债ETF,军工ETF;有色ETF;证券ETF
2018-04-23,1588534.3167340278,1516984.7463213562,71549.57041267166,0.6711800003387861,False,normal,-0.04462974919651109,5,创业板;国债ETF;军工ETF;有色ETF;证券ETF,创业板;国债ETF,军工ETF;有色ETF;证券ETF
2018-04-24,1615100.9936213216,1530312.3890180688,84788.60460325284,0.6330332462733059,False,normal,-0.02865211969650026,5,创业板;国债ETF;军工ETF;证券ETF;有色ETF,创业板;国债ETF,军工ETF;证券ETF;有色ETF
2018-04-25,1617362.7871811045,1544285.171388899,73077.61579220556,0.6509902963486949,False,normal,-0.02729184043925504,5,创业板;国债ETF;军工ETF;证券ETF;有色ETF,创业板;国债ETF,军工ETF;证券ETF;有色ETF
2018-04-26,1598408.6604717907,1521105.1512019907,77303.50926980004,1.0,False,normal,-0.038691159042121684,6,创业板;黄金;国债ETF;军工ETF;证券ETF;有色ETF,创业板;黄金;国债ETF,军工ETF;证券ETF;有色ETF
2018-04-27,1602928.3725598885,1537996.0860793528,64932.28648053575,1.0,False,normal,-0.035972931034279065,6,创业板;黄金;国债ETF;军工ETF;证券ETF;有色ETF,创业板;黄金;国债ETF,军工ETF;证券ETF;有色ETF
2018-05-02,1598222.7472964833,1545750.6169616997,52472.13033478358,0.6748130925526429,False,normal,-0.03880297023502454,5,创业板;国债ETF;军工ETF;证券ETF;有色ETF,创业板;国债ETF,军工ETF;证券ETF;有色ETF
2018-05-03,1612291.5211998723,1561552.4543113522,50739.06688852003,0.6816146962840776,False,normal,-0.030341781886124197,5,创业板;国债ETF;军工ETF;证券ETF;有色ETF,创业板;国债ETF,军工ETF;证券ETF;有色ETF
2018-05-04,1605458.802327594,1567859.1608255627,37599.64150203136,0.6964226267459847,False,normal,-0.03445108961332462,5,创业板;国债ETF;军工ETF;证券ETF;有色ETF,创业板;国债ETF,军工ETF;证券ETF;有色ETF
2018-05-07,1624012.6812715516,1583783.3103632063,40229.37090834533,0.6912371837535309,False,normal,-0.0232924864951307,5,创业板;国债ETF;军工ETF;证券ETF;有色ETF,创业板;国债ETF,军工ETF;证券ETF;有色ETF
2018-05-08,1627897.956179976,1627897.956179976,0.0,0.7129474424815354,False,normal,-0.020955819276424738,5,创业板;国债ETF;证券ETF;军工ETF;有色ETF,创业板;国债ETF,证券ETF;军工ETF;有色ETF
2018-05-09,1622120.0320017212,1622120.0320017214,-2.3283064365386963e-10,1.0,False,normal,-0.024430756401265623,4,国债ETF;军工ETF;证券ETF;有色ETF,国债ETF,军工ETF;证券ETF;有色ETF
2018-05-10,1621141.0913894172,1621141.0913894172,0.0,1.0,False,normal,-0.025019507131071362,4,国债ETF;军工ETF;证券ETF;有色ETF,国债ETF,军工ETF;证券ETF;有色ETF
2018-05-11,1621164.197209056,1621164.197209056,0.0,1.0,False,normal,-0.02500561091713955,4,国债ETF;军工ETF;证券ETF;有色ETF,国债ETF,军工ETF;证券ETF;有色ETF
2018-05-14,1619009.321634848,1619009.3216348481,-2.3283064365386963e-10,1.0,False,normal,-0.02630158796723824,4,国债ETF;证券ETF;军工ETF;有色ETF,国债ETF,证券ETF;军工ETF;有色ETF
2018-05-15,1621142.9000197568,1621142.9000197565,2.3283064365386963e-10,0.7794622460583152,False,normal,-0.025018419391509852,5,创业板;国债ETF;证券ETF;军工ETF;有色ETF,创业板;国债ETF,证券ETF;军工ETF;有色ETF
2018-05-16,1613147.0467139846,1655707.0200261972,-42559.97331221262,0.7988000641172118,False,normal,-0.029827254994022362,5,创业板;国债ETF;有色ETF;军工ETF;证券ETF,创业板;国债ETF,有色ETF;军工ETF;证券ETF
2018-05-17,1604462.957261581,1659565.6130059615,-55102.65574438055,1.0,False,normal,-0.03505000695521393,4,国债ETF;有色ETF;军工ETF;证券ETF,国债ETF,有色ETF;军工ETF;证券ETF
2018-05-18,1607997.0781045642,1672812.0567431832,-64814.97863861895,1.0,False,normal,-0.0329245294753994,5,纳指;国债ETF;证券ETF;军工ETF;有色ETF,纳指;国债ETF,证券ETF;军工ETF;有色ETF
2018-05-21,1616918.230979822,1687100.022187299,-70181.79120747698,0.8519304849099,False,normal,-0.027559203734489755,6,创业板;纳指;国债ETF;证券ETF;军工ETF;有色ETF,创业板;纳指;国债ETF,证券ETF;军工ETF;有色ETF
2018-05-22,1616696.3786402184,1702693.79367611,-85997.41503589158,1.0,False,normal,-0.027692629322527598,6,创业板;纳指;国债ETF;证券ETF;军工ETF;有色ETF,创业板;纳指;国债ETF,证券ETF;军工ETF;有色ETF
2018-05-23,1602009.7326921572,1685189.617566559,-83179.88487440185,1.0,False,normal,-0.03652541592024427,6,创业板;纳指;国债ETF;证券ETF;军工ETF;有色ETF,创业板;纳指;国债ETF,证券ETF;军工ETF;有色ETF
2018-05-24,1601545.3654513818,1699296.0734086188,-97750.70795723703,1.0,False,normal,-0.0368046938953003,6,创业板;纳指;国债ETF;有色ETF;军工ETF;证券ETF,创业板;纳指;国债ETF,有色ETF;军工ETF;证券ETF
2018-05-25,1590752.567318485,1696161.579791357,-105409.01247287216,1.0,False,normal,-0.043295657389432696,5,纳指;国债ETF;证券ETF;军工ETF;有色ETF,纳指;国债ETF,证券ETF;军工ETF;有色ETF
2018-05-28,1585845.4568962129,1694790.007185545,-108944.55028933217,1.0,False,normal,-0.046246873026048595,6,沪深300;纳指;国债ETF;证券ETF;军工ETF;有色ETF,沪深300;纳指;国债ETF,证券ETF;军工ETF;有色ETF
2018-05-29,1575539.4606287123,1690849.6089084102,-115310.14827969787,1.0,False,normal,-0.05244506599874116,5,纳指;国债ETF;有色ETF;军工ETF;证券ETF,纳指;国债ETF,有色ETF;军工ETF;证券ETF
2018-05-30,1554279.1678836811,1554279.1678836811,0.0,1.0,False,normal,-0.06523135018411254,5,纳指;国债ETF;军工ETF;有色ETF;证券ETF,纳指;国债ETF,军工ETF;有色ETF;证券ETF
2018-05-31,1564453.5878967566,1564453.5878967564,2.3283064365386963e-10,1.0,False,normal,-0.05911228930058274,5,纳指;国债ETF;军工ETF;有色ETF;证券ETF,纳指;国债ETF,军工ETF;有色ETF;证券ETF
2018-06-01,1561629.9662504618,1615020.9627933803,-53390.996542918496,1.0,False,normal,-0.06081046106305434,5,纳指;国债ETF;军工ETF;有色ETF;证券ETF,纳指;国债ETF,军工ETF;有色ETF;证券ETF
2018-06-04,1568644.3307859297,1637629.1088686252,-68984.77808269556,1.0,False,normal,-0.05659190869381452,5,纳指;国债ETF;证券ETF;军工ETF;有色ETF,纳指;国债ETF,证券ETF;军工ETF;有色ETF
2018-06-05,1581434.905109615,1636563.0327771204,-55128.127667505294,1.0,False,normal,-0.048899450261652155,5,纳指;国债ETF;有色ETF;军工ETF;证券ETF,纳指;国债ETF,有色ETF;军工ETF;证券ETF
2018-06-06,1584450.9113732653,1651788.6839690143,-67337.772595749,1.0,False,normal,-0.04708557527628041,5,纳指;国债ETF;有色ETF;军工ETF;证券ETF,纳指;国债ETF,有色ETF;军工ETF;证券ETF
2018-06-07,1587171.8531391553,1671696.7216981985,-84524.86855904316,1.0,False,normal,-0.045449156855906274,5,纳指;国债ETF;证券ETF;军工ETF;有色ETF,纳指;国债ETF,证券ETF;军工ETF;有色ETF
2018-06-08,1569152.1243631649,1634889.724360909,-65737.5999977442,1.0,False,normal,-0.056286513417093655,5,纳指;国债ETF;军工ETF;有色ETF;证券ETF,纳指;国债ETF,军工ETF;有色ETF;证券ETF
2018-06-11,1575439.6236926229,1657084.0536760092,-81644.4299833863,1.0,False,normal,-0.05250510954811019,5,纳指;国债ETF;证券ETF;军工ETF;有色ETF,纳指;国债ETF,证券ETF;军工ETF;有色ETF
2018-06-12,1578378.531793085,1670057.1131871652,-91678.5813940803,0.7063778879466048,False,normal,-0.05073760264602484,5,沪深300;纳指;证券ETF;有色ETF;军工ETF,沪深300;纳指,证券ETF;有色ETF;军工ETF
2018-06-13,1565616.9657060872,1641447.399599809,-75830.43389372178,1.0,False,normal,-0.05841261505510311,6,沪深300;纳指;国债ETF;证券ETF;有色ETF;军工ETF,沪深300;纳指;国债ETF,证券ETF;有色ETF;军工ETF
2018-06-14,1561111.4482895997,1653556.4964930401,-92445.04820344038,0.7384745225948741,False,normal,-0.06112230615767801,5,沪深300;纳指;证券ETF;有色ETF;军工ETF,沪深300;纳指,证券ETF;有色ETF;军工ETF
2018-06-15,1559224.8037806544,1645554.5909756552,-86329.7871950008,0.6494072042615358,False,normal,-0.06225696470342089,4,纳指;证券ETF;有色ETF;军工ETF,纳指,证券ETF;有色ETF;军工ETF
2018-06-19,1509113.5270229785,1365590.0917756085,143523.43524737004,1.0,False,warning,-0.09239469766879546,5,纳指;国债ETF;有色ETF;证券ETF;军工ETF,纳指;国债ETF,有色ETF;证券ETF;军工ETF
2018-06-20,1515920.1638983414,1371540.8504248478,144379.31347349356,1.0,False,warning,-0.08830107607671471,5,纳指;国债ETF;有色ETF;军工ETF;证券ETF,纳指;国债ETF,有色ETF;军工ETF;证券ETF
2018-06-21,1516056.8500531442,1365598.8684227518,150457.98163039237,1.0,False,warning,-0.0882188708107537,5,纳指;国债ETF;证券ETF;有色ETF;军工ETF,纳指;国债ETF,证券ETF;有色ETF;军工ETF
2018-06-22,1518196.9626752026,1360313.418047461,157883.54462774168,1.0,False,warning,-0.08693177243903746,5,纳指;国债ETF;有色ETF;证券ETF;军工ETF,纳指;国债ETF,有色ETF;证券ETF;军工ETF
2018-06-25,1512623.8543526088,1364555.3329165517,148068.52143605705,1.0,False,warning,-0.09028352999304376,5,纳指;国债ETF;有色ETF;证券ETF;军工ETF,纳指;国债ETF,有色ETF;证券ETF;军工ETF
2018-06-26,1508743.34181074,1358636.5923534587,150106.74945728132,1.0,False,warning,-0.09261733304741739,5,纳指;国债ETF;有色ETF;证券ETF;军工ETF,纳指;国债ETF,有色ETF;证券ETF;军工ETF
2018-06-27,1502898.0151189365,1362838.1424472933,140059.87267164327,1.0,False,warning,-0.0961328071349134,5,纳指;国债ETF;军工ETF;有色ETF;证券ETF,纳指;国债ETF,军工ETF;有色ETF;证券ETF
2018-06-28,1497267.4081342635,1366939.5995584645,130327.80857579899,0.5969117767317058,False,warning,-0.09951914531499294,4,纳指;有色ETF;证券ETF;军工ETF,纳指,有色ETF;证券ETF;军工ETF
2018-06-29,1529479.953514577,0.0,1529479.953514577,0.0,True,warning,-0.08014599911675345,0,,纳指;国债ETF,有色ETF;军工ETF;证券ETF
2018-07-02,1529479.953514577,0.0,1529479.953514577,0.0,True,warning,-0.08014599911675345,0,,纳指;国债ETF,有色ETF;军工ETF;证券ETF
2018-07-03,1529479.953514577,0.0,1529479.953514577,0.0,True,warning,-0.08014599911675345,0,,纳指;国债ETF,军工ETF;有色ETF;证券ETF
2018-07-04,1529479.953514577,0.0,1529479.953514577,0.0,True,warning,-0.08014599911675345,0,,纳指;国债ETF,有色ETF;军工ETF;证券ETF
2018-07-05,1529479.953514577,0.0,1529479.953514577,0.0,True,warning,-0.08014599911675345,0,,纳指;国债ETF,军工ETF;证券ETF;有色ETF
2018-07-06,1529479.953514577,0.0,1529479.953514577,0.0,True,warning,-0.08014599911675345,0,,纳指;国债ETF,军工ETF;证券ETF;有色ETF
2018-07-09,1529479.953514577,0.0,1529479.953514577,0.0,True,warning,-0.08014599911675345,0,,纳指;国债ETF,军工ETF;证券ETF;有色ETF
2018-07-10,1529479.953514577,0.0,1529479.953514577,0.0,True,warning,-0.08014599911675345,0,,纳指;国债ETF,军工ETF;证券ETF;有色ETF
2018-07-11,1529479.953514577,0.0,1529479.953514577,0.0,True,warning,-0.08014599911675345,0,,纳指;黄金;国债ETF,证券ETF;军工ETF;有色ETF
2018-07-12,1529479.953514577,0.0,1529479.953514577,0.0,True,warning,-0.08014599911675345,0,,纳指;黄金;国债ETF,有色ETF;军工ETF;证券ETF
2018-07-13,1529479.953514577,0.0,1529479.953514577,0.0,True,warning,-0.08014599911675345,0,,纳指;黄金;国债ETF,有色ETF;军工ETF;证券ETF
2018-07-16,1529479.953514577,0.0,1529479.953514577,0.0,True,warning,-0.08014599911675345,0,,纳指;黄金;国债ETF,有色ETF;军工ETF;证券ETF
2018-07-17,1529479.953514577,0.0,1529479.953514577,0.0,True,warning,-0.08014599911675345,0,,纳指;黄金;国债ETF,有色ETF;军工ETF;证券ETF
2018-07-18,1529479.953514577,0.0,1529479.953514577,0.0,True,warning,-0.08014599911675345,0,,纳指;国债ETF,军工ETF;有色ETF;证券ETF
2018-07-19,1529479.953514577,0.0,1529479.953514577,0.0,True,warning,-0.08014599911675345,0,,纳指;国债ETF,有色ETF;军工ETF;证券ETF
2018-07-20,1529479.953514577,0.0,1529479.953514577,0.0,True,warning,-0.08014599911675345,0,,纳指;国债ETF,证券ETF;军工ETF;有色ETF
2018-07-23,1529479.953514577,0.0,1529479.953514577,0.0,True,warning,-0.08014599911675345,0,,纳指;黄金;国债ETF,有色ETF;军工ETF;证券ETF
2018-07-24,1529479.953514577,0.0,1529479.953514577,0.0,True,warning,-0.08014599911675345,0,,纳指;国债ETF,军工ETF;有色ETF;证券ETF
2018-07-25,1529479.953514577,1411646.9102447778,117833.04326979909,1.0,False,warning,-0.08014599911675345,5,纳指;国债ETF;军工ETF;有色ETF;证券ETF,纳指;国债ETF,军工ETF;有色ETF;证券ETF
2018-07-26,1528539.7853854622,1418103.6722122044,110436.11317325779,1.0,False,warning,-0.08071143144758053,5,纳指;国债ETF;军工ETF;有色ETF;证券ETF,纳指;国债ETF,军工ETF;有色ETF;证券ETF
2018-07-27,1525968.458136715,1425039.8070044424,100928.65113227256,1.0,False,warning,-0.0822578692756182,5,纳指;国债ETF;军工ETF;有色ETF;证券ETF,纳指;国债ETF,军工ETF;有色ETF;证券ETF
2018-07-30,1521802.4343340516,1430986.5154247102,90815.91890934133,1.0,False,warning,-0.08476338342364542,6,纳指;黄金;国债ETF;军工ETF;有色ETF;证券ETF,纳指;黄金;国债ETF,军工ETF;有色ETF;证券ETF
2018-07-31,1513082.3259589057,1433991.4880358344,79090.83792307135,1.0,False,warning,-0.0900077977479924,6,纳指;黄金;国债ETF;军工ETF;证券ETF;有色ETF,纳指;黄金;国债ETF,军工ETF;证券ETF;有色ETF
2018-08-01,1509685.4302693503,1419082.2510056808,90603.17926366953,1.0,False,warning,-0.09205074579934837,6,纳指;黄金;国债ETF;有色ETF;军工ETF;证券ETF,纳指;黄金;国债ETF,有色ETF;军工ETF;证券ETF
2018-08-02,1499100.3407975475,1390151.1079633117,108949.23283423577,1.0,False,warning,-0.09841678994263446,5,纳指;国债ETF;有色ETF;军工ETF;证券ETF,纳指;国债ETF,有色ETF;军工ETF;证券ETF
2018-08-03,1511273.2998351115,1409606.075071617,101667.22476349445,1.0,False,warning,-0.0910957753405399,5,纳指;国债ETF;有色ETF;军工ETF;证券ETF,纳指;国债ETF,有色ETF;军工ETF;证券ETF
2018-08-06,1515846.8787210335,1408091.6890350217,107755.18968601176,1.0,False,warning,-0.08834515096857401,5,纳指;国债ETF;证券ETF;军工ETF;有色ETF,纳指;国债ETF,证券ETF;军工ETF;有色ETF
2018-08-07,1522226.67878682,1393203.2694162098,129023.40937061026,1.0,False,warning,-0.08450823594274195,5,纳指;国债ETF;证券ETF;军工ETF;有色ETF,纳指;国债ETF,证券ETF;军工ETF;有色ETF
2018-08-08,1507466.227829492,1383734.055304878,123732.17252461403,1.0,False,warning,-0.09338541006767224,5,纳指;国债ETF;证券ETF;军工ETF;有色ETF,纳指;国债ETF,证券ETF;军工ETF;有色ETF
2018-08-09,1508058.663501231,1367935.915815403,140122.747685828,1.0,False,warning,-0.09302910966526234,5,纳指;国债ETF;证券ETF;军工ETF;有色ETF,纳指;国债ETF,证券ETF;军工ETF;有色ETF
2018-08-10,1507360.6356450843,1376030.8317705332,131329.8038745511,1.0,False,warning,-0.09344891491653684,5,纳指;国债ETF;证券ETF;军工ETF;有色ETF,纳指;国债ETF,证券ETF;军工ETF;有色ETF
2018-08-13,1507233.4749365987,1383898.7400304803,123334.73490611836,1.0,False,warning,-0.09352539142489961,6,纳指;黄金;国债ETF;军工ETF;证券ETF;有色ETF,纳指;黄金;国债ETF,军工ETF;证券ETF;有色ETF
2018-08-14,1505455.7096285443,1391947.4427758649,113508.26685267943,1.0,False,warning,-0.09459456825685976,5,纳指;国债ETF;军工ETF;证券ETF;有色ETF,纳指;国债ETF,军工ETF;证券ETF;有色ETF
2018-08-15,1503192.2798304944,1388801.024400739,114391.25542975543,1.0,False,warning,-0.09595583157428361,5,纳指;国债ETF;军工ETF;证券ETF;有色ETF,纳指;国债ETF,军工ETF;证券ETF;有色ETF
2018-08-16,1492635.5006597359,1389548.668749324,103086.83191041183,1.0,False,warning,-0.10230484944427862,5,纳指;国债ETF;证券ETF;军工ETF;有色ETF,纳指;国债ETF,证券ETF;军工ETF;有色ETF
2018-08-17,1485398.62550195,1389923.145008079,95475.48049387103,0.4861282876057488,False,warning,-0.10665722330343586,4,纳指;证券ETF;军工ETF;有色ETF,纳指,证券ETF;军工ETF;有色ETF
2018-08-20,1485545.9472140812,1387385.5618874598,98160.38532662136,1.0,False,warning,-0.10656862164114574,5,纳指;国债ETF;证券ETF;军工ETF;有色ETF,纳指;国债ETF,证券ETF;军工ETF;有色ETF
2018-08-21,1485994.0774110085,0.0,1485994.0774110085,0.0,True,warning,-0.10629910888707989,0,,纳指;国债ETF,证券ETF;军工ETF;有色ETF
2018-08-22,1485994.0774110085,0.0,1485994.0774110085,0.0,True,warning,-0.10629910888707989,0,,纳指;国债ETF,证券ETF;军工ETF;有色ETF
2018-08-23,1485994.0774110085,0.0,1485994.0774110085,0.0,True,warning,-0.10629910888707989,0,,纳指,证券ETF;军工ETF;有色ETF
2018-08-24,1485994.0774110085,0.0,1485994.0774110085,0.0,True,warning,-0.10629910888707989,0,,纳指;国债ETF,证券ETF;军工ETF;有色ETF
2018-08-27,1485994.0774110085,0.0,1485994.0774110085,0.0,True,warning,-0.10629910888707989,0,,沪深300;纳指;国债ETF,军工ETF;证券ETF;有色ETF
2018-08-28,1485994.0774110085,0.0,1485994.0774110085,0.0,True,warning,-0.10629910888707989,0,,沪深300;纳指;国债ETF,军工ETF;证券ETF;有色ETF
2018-08-29,1485994.0774110085,0.0,1485994.0774110085,0.0,True,warning,-0.10629910888707989,0,,沪深300;纳指;国债ETF,军工ETF;证券ETF;有色ETF
2018-08-30,1485994.0774110085,0.0,1485994.0774110085,0.0,True,warning,-0.10629910888707989,0,,沪深300;纳指;国债ETF,军工ETF;证券ETF;有色ETF
2018-08-31,1485994.0774110085,0.0,1485994.0774110085,0.0,True,warning,-0.10629910888707989,0,,纳指;国债ETF,军工ETF;证券ETF;有色ETF
2018-09-03,1485994.0774110085,0.0,1485994.0774110085,0.0,True,warning,-0.10629910888707989,0,,纳指;国债ETF,军工ETF;证券ETF;有色ETF
2018-09-04,1485994.0774110085,0.0,1485994.0774110085,0.0,True,warning,-0.10629910888707989,0,,纳指;国债ETF,军工ETF;证券ETF;有色ETF
2018-09-05,1485994.0774110085,0.0,1485994.0774110085,0.0,True,warning,-0.10629910888707989,0,,纳指;国债ETF,军工ETF;证券ETF;有色ETF
2018-09-06,1485994.0774110085,0.0,1485994.0774110085,0.0,True,warning,-0.10629910888707989,0,,纳指;国债ETF,军工ETF;证券ETF;有色ETF
2018-09-07,1485994.0774110085,0.0,1485994.0774110085,0.0,True,warning,-0.10629910888707989,0,,纳指;国债ETF,军工ETF;证券ETF;有色ETF
2018-09-10,1485994.0774110085,0.0,1485994.0774110085,0.0,True,warning,-0.10629910888707989,0,,纳指,军工ETF;证券ETF;有色ETF
2018-09-11,1485994.0774110085,0.0,1485994.0774110085,0.0,True,warning,-0.10629910888707989,0,,纳指;黄金,军工ETF;证券ETF;有色ETF
2018-09-12,1485994.0774110085,0.0,1485994.0774110085,0.0,True,warning,-0.10629910888707989,0,,纳指,军工ETF;证券ETF;有色ETF
2018-09-13,1485994.0774110085,0.0,1485994.0774110085,0.0,True,warning,-0.10629910888707989,0,,纳指,军工ETF;证券ETF;有色ETF
2018-09-14,1485994.0774110085,0.0,1485994.0774110085,0.0,True,warning,-0.10629910888707989,0,,纳指,军工ETF;证券ETF;有色ETF
2018-09-17,1485994.0774110085,0.0,1485994.0774110085,0.0,True,warning,-0.10629910888707989,0,,纳指,军工ETF;证券ETF;有色ETF
2018-09-18,1485994.0774110085,0.0,1485994.0774110085,0.0,True,warning,-0.10629910888707989,0,,纳指,军工ETF;证券ETF;有色ETF
2018-09-19,1485994.0774110085,0.0,1485994.0774110085,0.0,True,warning,-0.10629910888707989,0,,纳指,军工ETF;证券ETF;有色ETF
2018-09-20,1485994.0774110085,0.0,1485994.0774110085,0.0,True,warning,-0.10629910888707989,0,,纳指,军工ETF;证券ETF;有色ETF
2018-09-21,1485994.0774110085,0.0,1485994.0774110085,0.0,True,warning,-0.10629910888707989,0,,纳指,军工ETF;证券ETF;有色ETF
2018-09-25,1485994.0774110085,0.0,1485994.0774110085,0.0,True,warning,-0.10629910888707989,0,,纳指,军工ETF;证券ETF;有色ETF
2018-09-26,1485994.0774110085,0.0,1485994.0774110085,0.0,True,warning,-0.10629910888707989,0,,纳指,军工ETF;证券ETF;有色ETF
2018-09-27,1485994.0774110085,1485994.0774110085,0.0,0.7610676862502321,False,warning,-0.10629910888707989,5,沪深300;纳指;军工ETF;证券ETF;有色ETF,沪深300;纳指,军工ETF;证券ETF;有色ETF
2018-09-28,1501158.5738585228,1501158.573858523,-2.3283064365386963e-10,0.752018487006383,False,warning,-0.09717893526429246,5,沪深300;纳指;军工ETF;证券ETF;有色ETF,沪深300;纳指,军工ETF;证券ETF;有色ETF
2018-10-08,1446791.2810064713,697485.8331020109,749305.4479044604,0.5,False,halve,-0.12987630519858506,5,沪深300;国债ETF;军工ETF;有色ETF;证券ETF,沪深300;国债ETF,军工ETF;有色ETF;证券ETF
2018-10-09,1446247.670615272,196531.2587765425,1249716.4118387294,0.5,False,halve,-0.13020324128697078,3,证券ETF;有色ETF;军工ETF,,证券ETF;有色ETF;军工ETF
2018-10-10,1446718.7909976924,217007.81864965387,1229710.9723480386,0.5,False,halve,-0.12991990186322003,3,证券ETF;有色ETF;军工ETF,,证券ETF;有色ETF;军工ETF
2018-10-11,1429486.81379697,616127.3469357692,813359.4668612009,0.5,False,halve,-0.14028349187614547,5,黄金;国债ETF;证券ETF;有色ETF;军工ETF,黄金;国债ETF,证券ETF;有色ETF;军工ETF
2018-10-12,1433774.0672832257,620855.9823491608,812918.0849340649,0.5,False,halve,-0.13770506823412856,5,黄金;国债ETF;军工ETF;有色ETF;证券ETF,黄金;国债ETF,军工ETF;有色ETF;证券ETF
2018-10-15,1435073.4665005822,624891.650257942,810181.8162426401,0.5,False,halve,-0.13692358851215944,5,黄金;国债ETF;证券ETF;有色ETF;军工ETF,黄金;国债ETF,证券ETF;有色ETF;军工ETF
2018-10-16,1432481.7577929767,626039.7610692693,806441.9967237074,0.5,False,halve,-0.13848228407945778,5,黄金;国债ETF;证券ETF;有色ETF;军工ETF,黄金;国债ETF,证券ETF;有色ETF;军工ETF
2018-10-17,1432406.9880175227,628921.6328276326,803485.3551898901,0.5,False,halve,-0.13852725183267248,5,黄金;国债ETF;证券ETF;军工ETF;有色ETF,黄金;国债ETF,证券ETF;军工ETF;有色ETF
2018-10-18,1429932.908270337,628597.5511378235,801335.3571325134,0.5,False,halve,-0.14001520343918,5,黄金;国债ETF;证券ETF;军工ETF;有色ETF,黄金;国债ETF,证券ETF;军工ETF;有色ETF
2018-10-19,1434033.372403347,627051.2572706088,806982.1151327381,0.5,False,halve,-0.1375491179376602,5,黄金;国债ETF;证券ETF;军工ETF;有色ETF,黄金;国债ETF,证券ETF;军工ETF;有色ETF
2018-10-22,1442028.7599594588,604694.4661313954,837334.2938280634,0.5,False,halve,-0.1327405624445322,6,沪深300;黄金;国债ETF;证券ETF;军工ETF;有色ETF,沪深300;黄金;国债ETF,证券ETF;军工ETF;有色ETF
2018-10-23,1435896.8646945725,604605.9238357978,831290.9408587747,0.5,False,halve,-0.13642838351040598,5,黄金;国债ETF;证券ETF;军工ETF;有色ETF,黄金;国债ETF,证券ETF;军工ETF;有色ETF
2018-10-24,1437335.9886910203,607476.0097292438,829859.9789617765,0.5,False,halve,-0.13556287104464423,5,黄金;国债ETF;证券ETF;军工ETF;有色ETF,黄金;国债ETF,证券ETF;军工ETF;有色ETF
2018-10-25,1439311.321745157,611201.3654456588,828109.9562994982,0.5,False,halve,-0.13437487377227117,5,黄金;国债ETF;证券ETF;军工ETF;有色ETF,黄金;国债ETF,证券ETF;军工ETF;有色ETF
2018-10-26,1438300.5914871483,613877.388802196,824423.2026849523,0.5,False,halve,-0.134982743309565,5,黄金;国债ETF;证券ETF;军工ETF;有色ETF,黄金;国债ETF,证券ETF;军工ETF;有色ETF
2018-10-29,1436272.125206103,615325.4296362839,820946.6955698192,0.5,False,halve,-0.13620269576463875,5,黄金;国债ETF;证券ETF;军工ETF;有色ETF,黄金;国债ETF,证券ETF;军工ETF;有色ETF
2018-10-30,1438364.6713541057,616003.5248969966,822361.1464571091,0.5,False,halve,-0.13494420464035173,5,黄金;国债ETF;证券ETF;军工ETF;有色ETF,黄金;国债ETF,证券ETF;军工ETF;有色ETF
2018-10-31,1437472.5876737256,618540.2550336281,818932.3326400975,0.5,False,halve,-0.13548071820539367,5,黄金;国债ETF;证券ETF;军工ETF;有色ETF,黄金;国债ETF,证券ETF;军工ETF;有色ETF
2018-11-01,1439121.2886859742,622513.8107311169,816607.4779548573,0.5,False,halve,-0.13448916273002295,5,黄金;国债ETF;证券ETF;军工ETF;有色ETF,黄金;国债ETF,证券ETF;军工ETF;有色ETF
2018-11-02,1441884.2774571674,623127.9984692669,818756.2789879005,0.5,False,halve,-0.132827456560068,5,黄金;国债ETF;证券ETF;军工ETF;有色ETF,黄金;国债ETF,证券ETF;军工ETF;有色ETF
2018-11-05,1442067.180002673,626790.7598183784,815276.4201842947,0.5,False,halve,-0.13271745600865933,5,黄金;国债ETF;证券ETF;军工ETF;有色ETF,黄金;国债ETF,证券ETF;军工ETF;有色ETF
2018-11-06,1441616.2695102957,629781.9875129568,811834.2819973389,0.5,False,halve,-0.1329886408774119,5,黄金;国债ETF;证券ETF;军工ETF;有色ETF,黄金;国债ETF,证券ETF;军工ETF;有色ETF
2018-11-07,1442159.91840736,633946.4285509358,808213.4898564243,0.5,False,halve,-0.1326616816309757,5,黄金;国债ETF;证券ETF;军工ETF;有色ETF,黄金;国债ETF,证券ETF;军工ETF;有色ETF
2018-11-08,1438985.0648607514,632898.8128166795,806086.2520440719,0.5,False,halve,-0.13457108994349107,5,黄金;国债ETF;证券ETF;军工ETF;有色ETF,黄金;国债ETF,证券ETF;军工ETF;有色ETF
2018-11-09,1437706.8575830762,636200.0433616072,801506.814221469,0.5,False,halve,-0.13533982448991375,5,黄金;国债ETF;证券ETF;军工ETF;有色ETF,黄金;国债ETF,证券ETF;军工ETF;有色ETF
2018-11-12,1438897.5129026826,637463.2247783742,801434.2881243085,0.5,False,halve,-0.13462374510822836,5,黄金;国债ETF;证券ETF;军工ETF;有色ETF,黄金;国债ETF,证券ETF;军工ETF;有色ETF
2018-11-13,1440116.966419472,639723.0735632497,800393.8928562222,0.5,False,halve,-0.13389034602461689,6,沪深300;黄金;国债ETF;证券ETF;军工ETF;有色ETF,沪深300;黄金;国债ETF,证券ETF;军工ETF;有色ETF
2018-11-14,1436881.458360306,640903.2457508743,795978.2126094317,0.5,False,halve,-0.13583623294276495,5,黄金;国债ETF;证券ETF;军工ETF;有色ETF,黄金;国债ETF,证券ETF;军工ETF;有色ETF
2018-11-15,1442305.9725339683,642829.9719088571,799476.0006251112,0.5,False,halve,-0.13257384231513678,7,沪深300;创业板;黄金;国债ETF;证券ETF;军工ETF;有色ETF,沪深300;创业板;黄金;国债ETF,证券ETF;军工ETF;有色ETF
2018-11-16,1443724.0927687667,647487.2722007429,796236.8205680238,0.5,False,halve,-0.13172096185160714,7,沪深300;创业板;黄金;国债ETF;证券ETF;军工ETF;有色ETF,沪深300;创业板;黄金;国债ETF,证券ETF;军工ETF;有色ETF
2018-11-19,1446378.5819627307,652294.128703466,794084.4532592647,0.5,False,halve,-0.13012450908362,7,沪深300;创业板;黄金;国债ETF;证券ETF;军工ETF;有色ETF,沪深300;创业板;黄金;国债ETF,证券ETF;军工ETF;有色ETF
2018-11-20,1437385.3194728587,645072.8131029278,792312.5063699309,0.5,False,halve,-0.13553320271395675,5,黄金;国债ETF;证券ETF;军工ETF;有色ETF,黄金;国债ETF,证券ETF;军工ETF;有色ETF
2018-11-21,1437387.0022647805,649482.5728341211,787904.4294306594,0.5,False,halve,-0.13553219065565658,5,黄金;国债ETF;证券ETF;军工ETF;有色ETF,黄金;国债ETF,证券ETF;军工ETF;有色ETF
2018-11-22,1437061.4311236432,653460.9209529364,783600.5101707068,0.5,False,halve,-0.13572799440977515,5,黄金;国债ETF;证券ETF;军工ETF;有色ETF,黄金;国债ETF,证券ETF;军工ETF;有色ETF
2018-11-23,1430031.5472140866,634349.8923585453,795681.6548555413,0.5,False,halve,-0.13995588038179532,5,黄金;国债ETF;证券ETF;军工ETF;有色ETF,黄金;国债ETF,证券ETF;军工ETF;有色ETF
2018-11-26,1429169.5870358357,638114.5376498667,791055.0493859691,0.5,False,halve,-0.14047427718506444,5,黄金;国债ETF;军工ETF;证券ETF;有色ETF,黄金;国债ETF,军工ETF;证券ETF;有色ETF
2018-11-27,1429992.210897948,641687.7035322541,788304.5073656938,0.5,False,halve,-0.1399795378790362,5,黄金;国债ETF;证券ETF;军工ETF;有色ETF,黄金;国债ETF,证券ETF;军工ETF;有色ETF
2018-11-28,1431036.1902926585,643703.6730833538,787332.5172093047,0.5,False,halve,-0.1393516717727446,5,黄金;国债ETF;证券ETF;军工ETF;有色ETF,黄金;国债ETF,证券ETF;军工ETF;有色ETF
2018-11-29,1430523.7827179702,644286.5685626708,786237.2141552994,0.5,False,halve,-0.13965984198221798,5,黄金;国债ETF;证券ETF;军工ETF;有色ETF,黄金;国债ETF,证券ETF;军工ETF;有色ETF
2018-11-30,1431949.591462722,648279.6601613411,783669.931301381,0.5,False,halve,-0.13880233752435273,5,黄金;国债ETF;证券ETF;军工ETF;有色ETF,黄金;国债ETF,证券ETF;军工ETF;有色ETF
2018-12-03,1435224.6066938885,644559.6331175854,790664.9735763031,0.5,False,halve,-0.13683269035348292,6,创业板;黄金;国债ETF;证券ETF;军工ETF;有色ETF,创业板;黄金;国债ETF,证券ETF;军工ETF;有色ETF
2018-12-04,1436535.4936224008,649621.3939655714,786914.0996568294,0.5,False,halve,-0.13604430173607954,6,创业板;黄金;国债ETF;证券ETF;军工ETF;有色ETF,创业板;黄金;国债ETF,证券ETF;军工ETF;有色ETF
2018-12-05,1436361.67975989,653449.4882034056,782912.1915564844,0.5,False,halve,-0.1361488362064216,7,沪深300;创业板;黄金;国债ETF;证券ETF;军工ETF;有色ETF,沪深300;创业板;黄金;国债ETF,证券ETF;军工ETF;有色ETF
2018-12-06,1428958.197583429,651235.0334086294,777723.1641747997,0.5,False,halve,-0.14060141022338507,7,沪深300;创业板;黄金;国债ETF;证券ETF;军工ETF;有色ETF,沪深300;创业板;黄金;国债ETF,证券ETF;军工ETF;有色ETF
2018-12-07,1428156.7553981093,655604.5150756738,772552.2403224355,0.5,False,halve,-0.14108341052613432,7,沪深300;创业板;黄金;国债ETF;证券ETF;军工ETF;有色ETF,沪深300;创业板;黄金;国债ETF,证券ETF;军工ETF;有色ETF
2018-12-10,1425481.5616442082,656786.0628728919,768695.4987713163,0.5,False,halve,-0.14269231535160082,7,沪深300;创业板;黄金;国债ETF;证券ETF;军工ETF;有色ETF,沪深300;创业板;黄金;国债ETF,证券ETF;军工ETF;有色ETF
2018-12-11,1428302.7444244889,662136.027395461,766166.7170290279,0.5,False,halve,-0.14099561036262667,7,沪深300;创业板;黄金;国债ETF;证券ETF;有色ETF;军工ETF,沪深300;创业板;黄金;国债ETF,证券ETF;有色ETF;军工ETF
2018-12-12,1428039.4508256477,667109.5277533885,760929.9230722592,0.5,False,halve,-0.1411539593947565,7,沪深300;创业板;黄金;国债ETF;证券ETF;有色ETF;军工ETF,沪深300;创业板;黄金;国债ETF,证券ETF;有色ETF;军工ETF
2018-12-13,1432562.9671028168,672323.5144216637,760239.4526811531,0.5,False,halve,-0.13843344348603012,7,沪深300;创业板;黄金;国债ETF;有色ETF;证券ETF;军工ETF,沪深300;创业板;黄金;国债ETF,有色ETF;证券ETF;军工ETF
2018-12-14,1422122.4751869142,660548.8038118808,761573.6713750334,0.5,False,halve,-0.14471252431867776,5,黄金;国债ETF;军工ETF;证券ETF;有色ETF,黄金;国债ETF,军工ETF;证券ETF;有色ETF
2018-12-17,1423157.4107929198,665530.3274284799,757627.0833644399,0.5,False,halve,-0.14409009729330013,6,创业板;黄金;国债ETF;有色ETF;证券ETF;军工ETF,创业板;黄金;国债ETF,有色ETF;证券ETF;军工ETF
2018-12-18,1421591.7047283824,668688.7066156977,752902.9981126847,0.5,False,halve,-0.14503173826372437,6,创业板;黄金;国债ETF;有色ETF;证券ETF;军工ETF,创业板;黄金;国债ETF,有色ETF;证券ETF;军工ETF
2018-12-19,1417215.1641271766,669673.1650207832,747541.9991063934,0.5,False,halve,-0.14766386062191306,5,黄金;国债ETF;有色ETF;证券ETF;军工ETF,黄金;国债ETF,有色ETF;证券ETF;军工ETF
2018-12-20,1417166.3270129338,674726.1354724157,742440.1915405181,0.5,False,halve,-0.14769323205291784,6,创业板;黄金;国债ETF;有色ETF;证券ETF;军工ETF,创业板;黄金;国债ETF,有色ETF;证券ETF;军工ETF
2018-12-21,1415178.4125001552,675470.2375518074,739708.1749483477,0.5,False,halve,-0.1488887960181672,6,创业板;黄金;国债ETF;有色ETF;证券ETF;军工ETF,创业板;黄金;国债ETF,有色ETF;证券ETF;军工ETF
2018-12-24,1417969.8873049624,681828.4126981181,736141.4746068442,0.5,False,halve,-0.14720995788650926,6,创业板;黄金;国债ETF;有色ETF;证券ETF;军工ETF,创业板;黄金;国债ETF,有色ETF;证券ETF;军工ETF
2018-12-25,1415277.2397118902,682221.5191215443,733055.7205903459,0.5,False,halve,-0.14882935973336875,6,创业板;黄金;国债ETF;有色ETF;证券ETF;军工ETF,创业板;黄金;国债ETF,有色ETF;证券ETF;军工ETF
2018-12-26,1413337.6171228532,686958.6616933639,726378.9554294893,0.5,False,halve,-0.14999588015400547,5,黄金;国债ETF;有色ETF;证券ETF;军工ETF,黄金;国债ETF,有色ETF;证券ETF;军工ETF
2018-12-27,1411065.7622365784,705532.8811182893,705532.8811182891,0.5,False,halve,-0.15136221045585999,5,黄金;国债ETF;有色ETF;证券ETF;军工ETF,黄金;国债ETF,有色ETF;证券ETF;军工ETF
2018-12-28,1416388.1948980642,692432.6031814564,723955.5917166078,0.5,False,halve,-0.14816121330199125,5,黄金;国债ETF;有色ETF;证券ETF;军工ETF,黄金;国债ETF,有色ETF;证券ETF;军工ETF
2019-01-02,1415548.5719229886,707774.2859614943,707774.2859614943,0.5,False,halve,-0.1486661761497109,5,黄金;国债ETF;军工ETF;证券ETF;有色ETF,黄金;国债ETF,军工ETF;证券ETF;有色ETF
2019-01-03,1422459.8782484052,692404.6618959025,730055.2163525027,0.5,False,halve,-0.14450960465614177,5,黄金;国债ETF;军工ETF;证券ETF;有色ETF,黄金;国债ETF,军工ETF;证券ETF;有色ETF
2019-01-04,1429445.516868095,663902.9869252237,765542.5299428712,0.5,False,halve,-0.14030832851762134,5,黄金;国债ETF;证券ETF;军工ETF;有色ETF,黄金;国债ETF,证券ETF;军工ETF;有色ETF
2019-01-07,1431569.3726424566,665127.0204450507,766442.3521974059,0.5,False,halve,-0.13903100727725054,5,黄金;国债ETF;证券ETF;军工ETF;有色ETF,黄金;国债ETF,证券ETF;军工ETF;有色ETF
2019-01-08,1428809.287170516,666480.2758434153,762329.0113271008,0.5,False,halve,-0.14069096735604078,5,黄金;国债ETF;证券ETF;军工ETF;有色ETF,黄金;国债ETF,证券ETF;军工ETF;有色ETF
2019-01-09,1427502.6618695469,0.0,1427502.6618695469,0.0,True,halve,-0.1414767929616592,0,,黄金;国债ETF,证券ETF;军工ETF;有色ETF
2019-01-10,1427502.6618695469,0.0,1427502.6618695469,0.0,True,halve,-0.1414767929616592,0,,黄金;国债ETF,证券ETF;军工ETF;有色ETF
2019-01-11,1427502.6618695469,0.0,1427502.6618695469,0.0,True,halve,-0.1414767929616592,0,,黄金;国债ETF,证券ETF;军工ETF;有色ETF
2019-01-14,1427502.6618695469,0.0,1427502.6618695469,0.0,True,halve,-0.1414767929616592,0,,黄金;国债ETF,证券ETF;军工ETF;有色ETF
2019-01-15,1427502.6618695469,0.0,1427502.6618695469,0.0,True,halve,-0.1414767929616592,0,,黄金;国债ETF,证券ETF;军工ETF;有色ETF
2019-01-16,1427502.6618695469,0.0,1427502.6618695469,0.0,True,halve,-0.1414767929616592,0,,黄金;国债ETF,证券ETF;军工ETF;有色ETF
2019-01-17,1427502.6618695469,0.0,1427502.6618695469,0.0,True,halve,-0.1414767929616592,0,,黄金;国债ETF,证券ETF;军工ETF;有色ETF
2019-01-18,1427502.6618695469,0.0,1427502.6618695469,0.0,True,halve,-0.1414767929616592,0,,纳指;黄金;国债ETF,证券ETF;军工ETF;有色ETF
2019-01-21,1427502.6618695469,0.0,1427502.6618695469,0.0,True,halve,-0.1414767929616592,0,,纳指;黄金;国债ETF,证券ETF;军工ETF;有色ETF
2019-01-22,1427502.6618695469,0.0,1427502.6618695469,0.0,True,halve,-0.1414767929616592,0,,黄金;国债ETF,证券ETF;军工ETF;有色ETF
2019-01-23,1427502.6618695469,0.0,1427502.6618695469,0.0,True,halve,-0.1414767929616592,0,,黄金;国债ETF,证券ETF;军工ETF;有色ETF
2019-01-24,1427502.6618695469,0.0,1427502.6618695469,0.0,True,halve,-0.1414767929616592,0,,黄金;国债ETF,证券ETF;军工ETF;有色ETF
2019-01-25,1427502.6618695469,0.0,1427502.6618695469,0.0,True,halve,-0.1414767929616592,0,,黄金;国债ETF,证券ETF;军工ETF;有色ETF
2019-01-28,1427502.6618695469,0.0,1427502.6618695469,0.0,True,halve,-0.1414767929616592,0,,黄金;国债ETF,证券ETF;军工ETF;有色ETF
2019-01-29,1427502.6618695469,0.0,1427502.6618695469,0.0,True,halve,-0.1414767929616592,0,,黄金;国债ETF,证券ETF;军工ETF;有色ETF
2019-01-30,1427502.6618695469,0.0,1427502.6618695469,0.0,True,halve,-0.1414767929616592,0,,黄金;国债ETF,证券ETF;军工ETF;有色ETF
2019-01-31,1427502.6618695469,0.0,1427502.6618695469,0.0,True,halve,-0.1414767929616592,0,,黄金;国债ETF,证券ETF;军工ETF;有色ETF
2019-02-01,1427502.6618695469,0.0,1427502.6618695469,0.0,True,halve,-0.1414767929616592,0,,沪深300;纳指;黄金;国债ETF,证券ETF;军工ETF;有色ETF
2019-02-11,1427502.6618695469,0.0,1427502.6618695469,0.0,True,halve,-0.1414767929616592,0,,沪深300;黄金;国债ETF,证券ETF;军工ETF;有色ETF
2019-02-12,1427502.6618695469,0.0,1427502.6618695469,0.0,True,halve,-0.1414767929616592,0,,沪深300;创业板;纳指;黄金;国债ETF,证券ETF;军工ETF;有色ETF
2019-02-13,1427502.6618695469,0.0,1427502.6618695469,0.0,True,halve,-0.1414767929616592,0,,沪深300;创业板;纳指;黄金;国债ETF,证券ETF;军工ETF;有色ETF
2019-02-14,1427502.6618695469,0.0,1427502.6618695469,0.0,True,halve,-0.1414767929616592,0,,沪深300;创业板;纳指;黄金;国债ETF,证券ETF;军工ETF;有色ETF
2019-02-15,1427502.6618695469,0.0,1427502.6618695469,0.0,True,halve,-0.1414767929616592,0,,沪深300;创业板;纳指;黄金;国债ETF,证券ETF;军工ETF;有色ETF
2019-02-18,1427502.6618695469,0.0,1427502.6618695469,0.0,True,halve,-0.1414767929616592,0,,沪深300;创业板;纳指;黄金;国债ETF,证券ETF;军工ETF;有色ETF
2019-02-19,1427502.6618695469,0.0,1427502.6618695469,0.0,True,halve,-0.1414767929616592,0,,沪深300;创业板;纳指;黄金;国债ETF,证券ETF;军工ETF;有色ETF
2019-02-20,1427502.6618695469,0.0,1427502.6618695469,0.0,True,halve,-0.1414767929616592,0,,沪深300;创业板;纳指;黄金;国债ETF,证券ETF;军工ETF;有色ETF
2019-02-21,1427502.6618695469,0.0,1427502.6618695469,0.0,True,halve,-0.1414767929616592,0,,沪深300;创业板;纳指;黄金;国债ETF,证券ETF;军工ETF;有色ETF
2019-02-22,1427502.6618695469,0.0,1427502.6618695469,0.0,True,halve,-0.1414767929616592,0,,沪深300;创业板;纳指;黄金;国债ETF,证券ETF;军工ETF;有色ETF
2019-02-25,1427502.6618695469,0.0,1427502.6618695469,0.0,True,halve,-0.1414767929616592,0,,沪深300;创业板;纳指;黄金;国债ETF,证券ETF;有色ETF;军工ETF
2019-02-26,1427502.6618695469,0.0,1427502.6618695469,0.0,True,halve,-0.1414767929616592,0,,沪深300;创业板;纳指;黄金;国债ETF,证券ETF;有色ETF;军工ETF
2019-02-27,1427502.6618695469,609764.3995646015,817738.2623049454,0.5,False,halve,-0.1414767929616592,8,沪深300;创业板;纳指;黄金;国债ETF;证券ETF;有色ETF;军工ETF,沪深300;创业板;纳指;黄金;国债ETF,证券ETF;有色ETF;军工ETF
2019-02-28,1425697.568975898,609793.3124029115,815904.2565729865,0.5,False,halve,-0.14256240504593226,8,沪深300;创业板;纳指;黄金;国债ETF;证券ETF;有色ETF;军工ETF,沪深300;创业板;纳指;黄金;国债ETF,证券ETF;有色ETF;军工ETF
2019-03-01,1432231.4471561764,615769.5323065766,816461.9148495998,0.5,False,halve,-0.13863282494806822,8,沪深300;创业板;纳指;黄金;国债ETF;证券ETF;军工ETF;有色ETF,沪深300;创业板;纳指;黄金;国债ETF,证券ETF;军工ETF;有色ETF
2019-03-04,1437491.1375750895,621503.7402776568,815987.3972974326,0.4482681504373959,False,halve,-0.1354695619944565,6,沪深300;创业板;纳指;证券ETF;军工ETF;有色ETF,沪深300;创业板;纳指,证券ETF;军工ETF;有色ETF
2019-03-05,1445437.7917927606,628660.9397576324,816776.8520351282,0.5,False,halve,-0.1306903155198862,7,沪深300;创业板;纳指;国债ETF;证券ETF;军工ETF;有色ETF,沪深300;创业板;纳指;国债ETF,证券ETF;军工ETF;有色ETF
2019-03-06,1452020.5321839221,631364.0605216587,820656.4716622634,0.47323472271165923,False,halve,-0.1267313488974917,6,沪深300;创业板;纳指;证券ETF;有色ETF;军工ETF,沪深300;创业板;纳指,证券ETF;有色ETF;军工ETF
2019-03-07,1449814.4230222171,633532.8772924512,816281.5457297659,0.46874451606102174,False,halve,-0.12805813865640056,6,沪深300;创业板;纳指;证券ETF;有色ETF;军工ETF,沪深300;创业板;纳指,证券ETF;有色ETF;军工ETF
2019-03-08,1429988.5006465972,597331.085293054,832657.4153535432,0.42728380291639356,False,halve,-0.13998176928425424,6,沪深300;创业板;纳指;证券ETF;有色ETF;军工ETF,沪深300;创业板;纳指,证券ETF;有色ETF;军工ETF
2019-03-11,1443489.1721779606,604723.5511789125,838765.6209990481,0.42230285691881103,False,halve,-0.13186224689744658,6,沪深300;创业板;纳指;证券ETF;军工ETF;有色ETF,沪深300;创业板;纳指,证券ETF;军工ETF;有色ETF
2019-03-12,1453726.7948930208,611643.9071464645,842082.8877465563,0.4279281748615336,False,halve,-0.1257051748859163,6,沪深300;创业板;纳指;证券ETF;军工ETF;有色ETF,沪深300;创业板;纳指,证券ETF;军工ETF;有色ETF
2019-03-13,1443345.8938170746,608094.2285753402,835251.6652417344,0.4118335232549858,False,halve,-0.1319484168228504,6,沪深300;创业板;纳指;证券ETF;军工ETF;有色ETF,沪深300;创业板;纳指,证券ETF;军工ETF;有色ETF
2019-03-14,1437815.8858996145,605201.381907936,832614.5039916786,0.5,False,halve,-0.135274253095567,7,沪深300;创业板;纳指;黄金;证券ETF;军工ETF;有色ETF,沪深300;创业板;纳指;黄金,证券ETF;军工ETF;有色ETF
2019-03-15,1440837.4163972335,609640.8397221449,831196.5766750886,0.5,False,halve,-0.1334570557464688,7,沪深300;创业板;纳指;黄金;证券ETF;有色ETF;军工ETF,沪深300;创业板;纳指;黄金,证券ETF;有色ETF;军工ETF
2019-03-18,1451483.6602392485,615692.2723409832,835791.3878982654,0.5,False,halve,-0.12705423237506536,7,沪深300;创业板;纳指;黄金;证券ETF;有色ETF;军工ETF,沪深300;创业板;纳指;黄金,证券ETF;有色ETF;军工ETF
2019-03-19,1451441.08304456,618828.9771565906,832612.1058879694,0.5,False,halve,-0.12707983898912442,7,沪深300;创业板;纳指;黄金;证券ETF;军工ETF;有色ETF,沪深300;创业板;纳指;黄金,证券ETF;军工ETF;有色ETF
2019-03-20,1449215.690196558,620924.0472017727,828291.6429947852,0.5,False,halve,-0.12841822626910657,7,沪深300;创业板;纳指;黄金;证券ETF;军工ETF;有色ETF,沪深300;创业板;纳指;黄金,证券ETF;军工ETF;有色ETF
2019-03-21,1452410.1965529178,625733.8928425983,826676.3037103196,0.5,False,halve,-0.12649699843869774,7,沪深300;创业板;纳指;黄金;有色ETF;证券ETF;军工ETF,沪深300;创业板;纳指;黄金,有色ETF;证券ETF;军工ETF
2019-03-22,1453923.3642370794,629573.534818485,824349.8294185944,0.5,False,halve,-0.125586954900641,8,沪深300;创业板;纳指;黄金;国债ETF;军工ETF;证券ETF;有色ETF,沪深300;创业板;纳指;黄金;国债ETF,军工ETF;证券ETF;有色ETF
2019-03-25,1447185.1740955007,629798.2480382667,817386.926057234,0.5,False,halve,-0.12963941151911482,8,沪深300;创业板;纳指;黄金;国债ETF;军工ETF;证券ETF;有色ETF,沪深300;创业板;纳指;黄金;国债ETF,军工ETF;证券ETF;有色ETF
2019-03-26,1440636.555440834,622161.29560917,818475.259831664,0.5,False,halve,-0.13357785677687178,8,沪深300;创业板;纳指;黄金;国债ETF;军工ETF;证券ETF;有色ETF,沪深300;创业板;纳指;黄金;国债ETF,军工ETF;证券ETF;有色ETF
2019-03-27,1442139.8322680069,626104.6180459755,816035.2142220314,0.5,False,halve,-0.13267376176030587,8,沪深300;创业板;纳指;黄金;国债ETF;军工ETF;证券ETF;有色ETF,沪深300;创业板;纳指;黄金;国债ETF,军工ETF;证券ETF;有色ETF
2019-03-28,1439024.5800092253,628044.4791706059,810980.1008386194,0.5,False,halve,-0.1345473248935892,8,沪深300;创业板;纳指;黄金;国债ETF;军工ETF;证券ETF;有色ETF,沪深300;创业板;纳指;黄金;国债ETF,军工ETF;证券ETF;有色ETF
2019-03-29,1452919.8421166935,621743.3101810346,831176.5319356589,0.5,False,halve,-0.12619048934729435,7,沪深300;创业板;纳指;国债ETF;证券ETF;军工ETF;有色ETF,沪深300;创业板;纳指;国债ETF,证券ETF;军工ETF;有色ETF
2019-04-01,1467475.6346116562,1251394.3317647893,216081.3028468669,0.5470022282670962,False,warning,-0.11743640013432306,7,沪深300;创业板;纳指;国债ETF;军工ETF;证券ETF;有色ETF,沪深300;创业板;纳指;国债ETF,军工ETF;证券ETF;有色ETF
2019-04-02,1467015.6466917943,1258019.5813357485,208996.06535604573,0.5611590706529314,False,warning,-0.11771304431489611,7,沪深300;创业板;纳指;国债ETF;军工ETF;证券ETF;有色ETF,沪深300;创业板;纳指;国债ETF,军工ETF;证券ETF;有色ETF
2019-04-03,1479125.984917727,1273425.4361025863,205700.54881514073,0.4272770654525935,False,warning,-0.11042969088252474,6,沪深300;创业板;纳指;军工ETF;证券ETF;有色ETF,沪深300;创业板;纳指,军工ETF;证券ETF;有色ETF
2019-04-04,1485052.7168136423,1286023.475918773,199029.2408948692,0.44070095695679273,False,warning,-0.10686525838761528,6,沪深300;创业板;纳指;军工ETF;证券ETF;有色ETF,沪深300;创业板;纳指,军工ETF;证券ETF;有色ETF
2019-04-08,1474774.0341516023,1281882.6499790256,192891.3841725767,0.4440767495517046,False,warning,-0.11304702451587376,6,沪深300;创业板;纳指;有色ETF;证券ETF;军工ETF,沪深300;创业板;纳指,有色ETF;证券ETF;军工ETF
2019-04-09,1474957.9920905337,1285864.0464555984,189093.94563493528,0.4579485816947889,False,warning,-0.11293638923377576,6,沪深300;创业板;纳指;证券ETF;有色ETF;军工ETF,沪深300;创业板;纳指,证券ETF;有色ETF;军工ETF
2019-04-10,1470080.974936916,1286570.5632952752,183510.41164164082,0.46941427366266564,False,warning,-0.11586950629152,6,沪深300;创业板;纳指;军工ETF;证券ETF;有色ETF,沪深300;创业板;纳指,军工ETF;证券ETF;有色ETF
2019-04-11,1453621.3342593866,635558.5975786991,818062.7366806875,0.4679132917281424,False,halve,-0.12576860061801634,6,沪深300;创业板;纳指;证券ETF;军工ETF;有色ETF,沪深300;创业板;纳指,证券ETF;军工ETF;有色ETF
2019-04-12,1452935.2977826134,639062.4593254956,813872.8384571178,0.48174756148965703,False,halve,-0.12618119405963785,6,沪深300;创业板;纳指;证券ETF;军工ETF;有色ETF,沪深300;创业板;纳指,证券ETF;军工ETF;有色ETF
2019-04-15,1448140.7218482336,639711.0142120005,808429.7076362331,0.48962476143971617,False,halve,-0.12906472963370236,6,沪深300;创业板;纳指;证券ETF;军工ETF;有色ETF,沪深300;创业板;纳指,证券ETF;军工ETF;有色ETF
2019-04-16,1461008.9275222318,644611.151041671,816397.7764805608,0.480808506136904,False,halve,-0.12132558245088644,6,沪深300;创业板;纳指;证券ETF;军工ETF;有色ETF,沪深300;创业板;纳指,证券ETF;军工ETF;有色ETF
2019-04-17,1461560.7644816758,648632.4628271434,812928.3016545324,0.49587211866993536,False,halve,-0.12099369877119952,6,沪深300;创业板;纳指;军工ETF;证券ETF;有色ETF,沪深300;创业板;纳指,军工ETF;证券ETF;有色ETF
2019-04-18,1458771.4466690656,651255.2359091392,807516.2107599265,0.5,False,halve,-0.12267123965283613,6,沪深300;创业板;纳指;军工ETF;证券ETF;有色ETF,沪深300;创业板;纳指,军工ETF;证券ETF;有色ETF
2019-04-19,1464225.95999258,1315820.119889511,148405.8401030691,0.5183269032009273,False,warning,-0.11939080705090734,6,沪深300;创业板;纳指;军工ETF;证券ETF;有色ETF,沪深300;创业板;纳指,军工ETF;证券ETF;有色ETF
2019-04-22,1446150.2450351547,648961.0103287984,797189.2347063563,0.5,False,halve,-0.1302618346078268,6,沪深300;创业板;纳指;证券ETF;有色ETF;军工ETF,沪深300;创业板;纳指,证券ETF;有色ETF;军工ETF
2019-04-23,1443841.6181117976,650159.7151499126,793681.902961885,0.5,False,halve,-0.1316502802079911,6,沪深300;创业板;纳指;证券ETF;有色ETF;军工ETF,沪深300;创业板;纳指,证券ETF;有色ETF;军工ETF
2019-04-24,1451572.1449187875,657509.82658635,794062.3183324375,0.5,False,halve,-0.12700101625653842,6,沪深300;创业板;纳指;证券ETF;有色ETF;军工ETF,沪深300;创业板;纳指,证券ETF;有色ETF;军工ETF
2019-04-25,1439057.9180677596,641253.6504470789,797804.2676206807,0.5,False,halve,-0.13452727484556207,6,沪深300;创业板;纳指;证券ETF;有色ETF;军工ETF,沪深300;创业板;纳指,证券ETF;有色ETF;军工ETF
2019-04-26,1436242.4710673392,644204.2844048912,792038.186662448,0.5,False,halve,-0.13622053024368638,6,沪深300;创业板;纳指;证券ETF;有色ETF;军工ETF,沪深300;创业板;纳指,证券ETF;有色ETF;军工ETF
2019-04-29,1429226.5565478294,630489.4817899098,798737.0747579196,0.5,False,halve,-0.1404400147984177,5,沪深300;纳指;证券ETF;军工ETF;有色ETF,沪深300;纳指,证券ETF;军工ETF;有色ETF
2019-04-30,1429787.0943926396,633440.9940748861,796346.1003177535,0.5,False,halve,-0.14010289826543518,6,沪深300;纳指;黄金;证券ETF;军工ETF;有色ETF,沪深300;纳指;黄金,证券ETF;军工ETF;有色ETF
2019-05-06,1405317.730562518,586622.362149744,818695.3684127739,0.5,False,halve,-0.15481916974482512,5,纳指;黄金;军工ETF;证券ETF;有色ETF,纳指;黄金,军工ETF;证券ETF;有色ETF
2019-05-07,1408907.6407568995,589134.0380328706,819773.6027240289,0.5,False,halve,-0.15266013964604846,5,纳指;黄金;证券ETF;军工ETF;有色ETF,纳指;黄金,证券ETF;军工ETF;有色ETF
2019-05-08,1405401.5771364712,590607.4089039373,814794.1682325338,0.5,False,halve,-0.15476874305807187,5,纳指;黄金;证券ETF;军工ETF;有色ETF,纳指;黄金,证券ETF;军工ETF;有色ETF
2019-05-09,1403362.4151293999,592843.8310845932,810518.5840448067,0.5,False,halve,-0.15599512809590346,4,纳指;军工ETF;证券ETF;有色ETF,纳指,军工ETF;证券ETF;有色ETF
2019-05-10,1407862.083874885,589691.2044049578,818170.8794699272,0.5,False,halve,-0.15328895447873853,4,纳指;军工ETF;证券ETF;有色ETF,纳指,军工ETF;证券ETF;有色ETF
2019-05-13,1404401.1117490162,590630.9886027743,813770.1231462419,0.5,False,halve,-0.1553704391360629,6,纳指;黄金;国债ETF;军工ETF;证券ETF;有色ETF,纳指;黄金;国债ETF,军工ETF;证券ETF;有色ETF
2019-05-14,1402216.5879989357,592819.5534740029,809397.0345249329,0.5,False,halve,-0.15668424707902975,6,纳指;黄金;国债ETF;军工ETF;证券ETF;有色ETF,纳指;黄金;国债ETF,军工ETF;证券ETF;有色ETF
2019-05-15,1404816.4420577541,595729.0980692126,809087.3439885415,0.5,False,halve,-0.15512065276566767,6,纳指;黄金;国债ETF;军工ETF;证券ETF;有色ETF,纳指;黄金;国债ETF,军工ETF;证券ETF;有色ETF
2019-05-16,1409055.1045315126,598030.0946123438,811025.0099191688,0.5,False,halve,-0.15257145254508223,6,纳指;黄金;国债ETF;军工ETF;证券ETF;有色ETF,纳指;黄金;国债ETF,军工ETF;证券ETF;有色ETF
2019-05-17,1406738.8356144777,593530.6979935938,813208.137620884,0.5,False,halve,-0.153964494163941,6,纳指;黄金;国债ETF;军工ETF;证券ETF;有色ETF,纳指;黄金;国债ETF,军工ETF;证券ETF;有色ETF
2019-05-20,1406243.7524927694,594994.184561572,811249.5679311974,0.5,False,halve,-0.15426224516697098,6,纳指;黄金;国债ETF;军工ETF;证券ETF;有色ETF,纳指;黄金;国债ETF,军工ETF;证券ETF;有色ETF
2019-05-21,1406663.5180494399,595626.6144188227,811036.9036306172,0.5,False,halve,-0.15400979136667822,5,纳指;国债ETF;军工ETF;有色ETF;证券ETF,纳指;国债ETF,军工ETF;有色ETF;证券ETF
2019-05-22,1404846.270194902,597656.0320229672,807190.2381719348,0.5,False,halve,-0.15510271364117548,5,纳指;黄金;军工ETF;有色ETF;证券ETF,纳指;黄金,军工ETF;有色ETF;证券ETF
2019-05-23,1401969.2421317163,599383.332907809,802585.9092239074,0.5,False,halve,-0.15683300488722518,4,纳指;军工ETF;有色ETF;证券ETF,纳指,军工ETF;有色ETF;证券ETF
2019-05-24,1399383.1324924394,601261.0006103694,798122.13188207,0.5,False,halve,-0.15838833308420178,5,纳指;黄金;军工ETF;有色ETF;证券ETF,纳指;黄金,军工ETF;有色ETF;证券ETF
2019-05-27,1401708.605576057,599163.6601967014,802544.9453793556,0.5,False,halve,-0.15698975593057737,5,纳指;黄金;军工ETF;有色ETF;证券ETF,纳指;黄金,军工ETF;有色ETF;证券ETF
2019-05-28,1401336.7380122123,602335.7500327249,799000.9879794874,0.5,False,halve,-0.15721340310268656,5,纳指;黄金;军工ETF;有色ETF;证券ETF,纳指;黄金,军工ETF;有色ETF;证券ETF
2019-05-29,1400416.8894754662,604842.0707381552,795574.818737311,0.5,False,halve,-0.15776661490176128,5,纳指;黄金;军工ETF;有色ETF;证券ETF,纳指;黄金,军工ETF;有色ETF;证券ETF
2019-05-30,1398539.7558407318,607570.8063080582,790968.9495326736,0.5,False,halve,-0.15889555345380652,5,黄金;国债ETF;军工ETF;有色ETF;证券ETF,黄金;国债ETF,军工ETF;有色ETF;证券ETF
2019-05-31,1401823.7033036628,612581.3214801752,789242.3818234876,0.5,False,halve,-0.15692053429417246,5,黄金;国债ETF;有色ETF;军工ETF;证券ETF,黄金;国债ETF,有色ETF;军工ETF;证券ETF
2019-06-03,1403717.0560978164,616578.2308293435,787138.8252684729,0.5,False,halve,-0.15578184127712202,5,黄金;国债ETF;军工ETF;有色ETF;证券ETF,黄金;国债ETF,军工ETF;有色ETF;证券ETF
2019-06-04,1404625.0330861036,619819.9575888568,784805.0754972468,0.5,False,halve,-0.15523576921944865,5,黄金;国债ETF;有色ETF;军工ETF;证券ETF,黄金;国债ETF,有色ETF;军工ETF;证券ETF
2019-06-05,1406926.5949424354,624402.7022055059,782523.8927369295,0.5,False,halve,-0.1538515726649517,5,黄金;国债ETF;有色ETF;军工ETF;证券ETF,黄金;国债ETF,有色ETF;军工ETF;证券ETF
2019-06-06,1405067.8304925738,626629.4592924754,778438.3712000984,0.5,False,halve,-0.15496946369188266,5,黄金;国债ETF;有色ETF;军工ETF;证券ETF,黄金;国债ETF,有色ETF;军工ETF;证券ETF
2019-06-10,1404398.0072321997,630376.9213946495,774021.0858375501,0.5,False,halve,-0.15537230624272746,6,纳指;黄金;国债ETF;有色ETF;军工ETF;证券ETF,纳指;黄金;国债ETF,有色ETF;军工ETF;证券ETF
2019-06-11,1409968.7391994474,622009.2716134118,787959.4675860356,0.5,False,halve,-0.15202197786729102,6,纳指;黄金;国债ETF;有色ETF;证券ETF;军工ETF,纳指;黄金;国债ETF,有色ETF;证券ETF;军工ETF
2019-06-12,1410038.1468892547,625806.5153260939,784231.6315631608,0.5,False,halve,-0.15198023495917737,6,纳指;黄金;国债ETF;有色ETF;证券ETF;军工ETF,纳指;黄金;国债ETF,有色ETF;证券ETF;军工ETF
2019-06-13,1410250.8250237573,629957.3936214324,780293.4314023249,0.5,False,halve,-0.15185232688658507,6,纳指;黄金;国债ETF;有色ETF;证券ETF;军工ETF,纳指;黄金;国债ETF,有色ETF;证券ETF;军工ETF
2019-06-14,1412157.7647270495,633756.9742990457,778400.7904280038,0.5,False,halve,-0.15070546248245495,6,纳指;黄金;国债ETF;有色ETF;军工ETF;证券ETF,纳指;黄金;国债ETF,有色ETF;军工ETF;证券ETF
2019-06-17,1410770.5674434504,637382.0695780633,773388.4978653871,0.5,False,halve,-0.15153974538260073,6,纳指;黄金;国债ETF;有色ETF;证券ETF;军工ETF,纳指;黄金;国债ETF,有色ETF;证券ETF;军工ETF
2019-06-18,1411622.0838847472,641514.2012568701,770107.8826278772,0.5,False,halve,-0.1510276296117828,6,纳指;黄金;国债ETF;有色ETF;证券ETF;军工ETF,纳指;黄金;国债ETF,有色ETF;证券ETF;军工ETF
2019-06-19,1414810.2807315197,644686.810633448,770123.4700980717,0.5,False,halve,-0.14911019642256834,6,纳指;黄金;国债ETF;有色ETF;证券ETF;军工ETF,纳指;黄金;国债ETF,有色ETF;证券ETF;军工ETF
2019-06-20,1425019.9320971833,640547.4914910463,784472.440606137,0.5,False,halve,-0.14296994683332176,6,纳指;黄金;国债ETF;证券ETF;有色ETF;军工ETF,纳指;黄金;国债ETF,证券ETF;有色ETF;军工ETF
2019-06-21,1428248.619308942,644114.1549950131,784134.4643139289,0.5,False,halve,-0.14102816208320962,6,纳指;黄金;国债ETF;证券ETF;有色ETF;军工ETF,纳指;黄金;国债ETF,证券ETF;有色ETF;军工ETF
2019-06-24,1429865.4509626562,649271.8622800272,780593.5886826289,0.5,False,halve,-0.14005577335591304,6,纳指;黄金;国债ETF;证券ETF;有色ETF;军工ETF,纳指;黄金;国债ETF,证券ETF;有色ETF;军工ETF
2019-06-25,1432015.662402189,654853.0274376818,777162.6349645073,0.5,False,halve,-0.13876260139190377,5,黄金;国债ETF;有色ETF;证券ETF;军工ETF,黄金;国债ETF,有色ETF;证券ETF;军工ETF
2019-06-26,1425810.1068219598,654400.5199756022,771409.5868463577,0.5,False,halve,-0.14249472296372326,5,黄金;国债ETF;证券ETF;有色ETF;军工ETF,黄金;国债ETF,证券ETF;有色ETF;军工ETF
2019-06-27,1426239.0886970237,658946.6835638186,767292.4051332051,0.5,False,halve,-0.14223672632036935,5,黄金;国债ETF;有色ETF;证券ETF;军工ETF,黄金;国债ETF,有色ETF;证券ETF;军工ETF
2019-06-28,1425903.8328110576,662518.0995493049,763385.7332617526,0.5,False,halve,-0.14243835463678955,5,黄金;国债ETF;证券ETF;有色ETF;军工ETF,黄金;国债ETF,证券ETF;有色ETF;军工ETF
2019-07-01,1423290.3503891998,660055.2443931019,763235.1059960979,0.5,False,halve,-0.14401014526827818,8,沪深300;创业板;纳指;黄金;国债ETF;证券ETF;有色ETF;军工ETF,沪深300;创业板;纳指;黄金;国债ETF,证券ETF;有色ETF;军工ETF
2019-07-02,1424383.130308715,665628.0194693762,758755.1108393387,0.5,False,halve,-0.14335292973646227,8,沪深300;创业板;纳指;黄金;国债ETF;有色ETF;证券ETF;军工ETF,沪深300;创业板;纳指;黄金;国债ETF,有色ETF;证券ETF;军工ETF
2019-07-03,1425022.563870161,670353.157360878,754669.4065092831,0.5,False,halve,-0.1429683640424539,8,沪深300;创业板;纳指;黄金;国债ETF;军工ETF;有色ETF;证券ETF,沪深300;创业板;纳指;黄金;国债ETF,军工ETF;有色ETF;证券ETF
2019-07-04,1422958.8440752004,674694.3688865945,748264.4751886058,0.5,False,halve,-0.14420951853142538,8,沪深300;创业板;纳指;黄金;国债ETF;军工ETF;证券ETF;有色ETF,沪深300;创业板;纳指;黄金;国债ETF,军工ETF;证券ETF;有色ETF
2019-07-05,1425025.9332538224,681078.9658137975,743946.9674400248,0.5,False,halve,-0.14296633764058164,8,沪深300;创业板;纳指;黄金;国债ETF;军工ETF;证券ETF;有色ETF,沪深300;创业板;纳指;黄金;国债ETF,军工ETF;证券ETF;有色ETF
2019-07-08,1412398.735167432,655032.7368369281,757365.998330504,0.5,False,halve,-0.15056053895915464,8,沪深300;创业板;纳指;黄金;国债ETF;军工ETF;证券ETF;有色ETF,沪深300;创业板;纳指;黄金;国债ETF,军工ETF;证券ETF;有色ETF
2019-07-09,1412020.7809387683,659579.1582502034,752441.6226885649,0.5,False,halve,-0.1507878467500075,8,沪深300;创业板;纳指;黄金;国债ETF;军工ETF;证券ETF;有色ETF,沪深300;创业板;纳指;黄金;国债ETF,军工ETF;证券ETF;有色ETF
2019-07-10,1411364.5337782153,663363.0305796455,748001.5031985698,0.5,False,halve,-0.15118252441467112,7,沪深300;纳指;黄金;国债ETF;军工ETF;证券ETF;有色ETF,沪深300;纳指;黄金;国债ETF,军工ETF;证券ETF;有色ETF
2019-07-11,1416117.9787361296,669987.261667805,746130.7170683246,0.5,False,halve,-0.14832372567561716,7,沪深300;纳指;黄金;国债ETF;证券ETF;军工ETF;有色ETF,沪深300;纳指;黄金;国债ETF,证券ETF;军工ETF;有色ETF
2019-07-12,1415782.608148573,675257.4829611515,740525.1251874215,0.5,False,halve,-0.1485254229754305,8,沪深300;创业板;纳指;黄金;国债ETF;证券ETF;军工ETF;有色ETF,沪深300;创业板;纳指;黄金;国债ETF,证券ETF;军工ETF;有色ETF
2019-07-15,1421924.5655198183,677377.9297426203,744546.635777198,0.5,False,halve,-0.1448315503959227,8,沪深300;创业板;纳指;黄金;国债ETF;证券ETF;军工ETF;有色ETF,沪深300;创业板;纳指;黄金;国债ETF,证券ETF;军工ETF;有色ETF
2019-07-16,1421802.952273421,682963.6870306641,738839.2652427569,0.5,False,halve,-0.1449046905707919,8,沪深300;创业板;纳指;黄金;国债ETF;证券ETF;军工ETF;有色ETF,沪深300;创业板;纳指;黄金;国债ETF,证券ETF;军工ETF;有色ETF
2019-07-17,1420433.8865293856,687948.0921340152,732485.7943953704,0.5,False,halve,-0.14572806886955897,8,沪深300;创业板;纳指;黄金;国债ETF;军工ETF;证券ETF;有色ETF,沪深300;创业板;纳指;黄金;国债ETF,军工ETF;证券ETF;有色ETF
2019-07-18,1416208.3975524164,688150.5091067365,728057.8884456799,0.5,False,halve,-0.1482693463359433,8,沪深300;创业板;纳指;黄金;国债ETF;证券ETF;军工ETF;有色ETF,沪深300;创业板;纳指;黄金;国债ETF,证券ETF;军工ETF;有色ETF
2019-07-19,1423754.315321106,691170.2380385649,732584.0772825411,0.5,False,halve,-0.14373110924828802,8,沪深300;创业板;纳指;黄金;国债ETF;军工ETF;证券ETF;有色ETF,沪深300;创业板;纳指;黄金;国债ETF,军工ETF;证券ETF;有色ETF
2019-07-22,1415177.3926530308,678400.1100122854,736777.2826407454,0.5,False,halve,-0.1488894093707355,8,沪深300;创业板;纳指;黄金;国债ETF;军工ETF;证券ETF;有色ETF,沪深300;创业板;纳指;黄金;国债ETF,军工ETF;证券ETF;有色ETF
2019-07-23,1418254.8020544397,684518.444171436,733736.3578830037,0.5,False,halve,-0.14703860554441736,8,沪深300;创业板;纳指;黄金;国债ETF;军工ETF;证券ETF;有色ETF,沪深300;创业板;纳指;黄金;国债ETF,军工ETF;证券ETF;有色ETF
2019-07-24,1423206.3171701673,688934.9047236576,734271.4124465097,0.5,False,halve,-0.1440606842064032,8,沪深300;创业板;纳指;黄金;国债ETF;军工ETF;有色ETF;证券ETF,沪深300;创业板;纳指;黄金;国债ETF,军工ETF;有色ETF;证券ETF
2019-07-25,1425876.7405156612,696185.5255030876,729691.2150125736,0.5,False,halve,-0.1424546483817688,8,沪深300;创业板;纳指;黄金;国债ETF;军工ETF;有色ETF;证券ETF,沪深300;创业板;纳指;黄金;国债ETF,军工ETF;有色ETF;证券ETF
2019-07-26,1425230.6765970637,712615.3382985318,712615.3382985318,0.5,False,halve,-0.14284320167988995,8,沪深300;创业板;纳指;黄金;国债ETF;军工ETF;有色ETF;证券ETF,沪深300;创业板;纳指;黄金;国债ETF,军工ETF;有色ETF;证券ETF
2019-07-29,1424654.8530354616,712327.4265177308,712327.4265177308,0.5,False,halve,-0.14318951129037247,8,沪深300;创业板;纳指;黄金;国债ETF;军工ETF;证券ETF;有色ETF,沪深300;创业板;纳指;黄金;国债ETF,军工ETF;证券ETF;有色ETF
2019-07-30,1427732.2823536783,713866.1411768392,713866.141176839,0.5,False,halve,-0.14133869548576378,8,沪深300;创业板;纳指;黄金;国债ETF;军工ETF;证券ETF;有色ETF,沪深300;创业板;纳指;黄金;国债ETF,军工ETF;证券ETF;有色ETF
2019-07-31,1426577.0912474268,713288.5456237135,713288.5456237133,0.5,False,halve,-0.142033446115498,8,沪深300;创业板;纳指;黄金;国债ETF;军工ETF;有色ETF;证券ETF,沪深300;创业板;纳指;黄金;国债ETF,军工ETF;有色ETF;证券ETF
2019-08-01,1420489.8940456337,710244.9470228167,710244.947022817,0.5,False,halve,-0.1456943850427249,8,沪深300;创业板;纳指;黄金;国债ETF;军工ETF;有色ETF;证券ETF,沪深300;创业板;纳指;黄金;国债ETF,军工ETF;有色ETF;证券ETF
2019-08-02,1417480.089269579,708740.0446347893,708740.0446347896,0.5,False,halve,-0.1475045303530767,8,沪深300;创业板;纳指;黄金;国债ETF;有色ETF;军工ETF;证券ETF,沪深300;创业板;纳指;黄金;国债ETF,有色ETF;军工ETF;证券ETF
2019-08-05,1415999.6871049511,707999.8435524757,707999.8435524754,0.5,False,halve,-0.1483948681773286,8,沪深300;创业板;纳指;黄金;国债ETF;有色ETF;军工ETF;证券ETF,沪深300;创业板;纳指;黄金;国债ETF,有色ETF;军工ETF;证券ETF
2019-08-06,1407822.5947292456,703911.2973646227,703911.2973646229,0.5,False,halve,-0.1533127038901148,7,创业板;纳指;黄金;国债ETF;有色ETF;军工ETF;证券ETF,创业板;纳指;黄金;国债ETF,有色ETF;军工ETF;证券ETF
2019-08-07,1411052.5789516154,705526.2894758078,705526.2894758076,0.5,False,halve,-0.15137013909682723,7,创业板;纳指;黄金;国债ETF;有色ETF;军工ETF;证券ETF,创业板;纳指;黄金;国债ETF,有色ETF;军工ETF;证券ETF
2019-08-08,1417278.4635560922,708639.2317780461,708639.2317780461,0.5,False,halve,-0.14762579132077064,8,沪深300;创业板;纳指;黄金;国债ETF;有色ETF;军工ETF;证券ETF,沪深300;创业板;纳指;黄金;国债ETF,有色ETF;军工ETF;证券ETF
2019-08-09,1414710.4920431268,707355.2460215635,707355.2460215633,0.5,False,halve,-0.1491702109549917,8,沪深300;创业板;纳指;黄金;国债ETF;有色ETF;军工ETF;证券ETF,沪深300;创业板;纳指;黄金;国债ETF,有色ETF;军工ETF;证券ETF
2019-08-12,1420483.1397471162,710241.569873558,710241.5698735582,0.5,False,halve,-0.14569844718718136,8,沪深300;创业板;纳指;黄金;国债ETF;有色ETF;军工ETF;证券ETF,沪深300;创业板;纳指;黄金;国债ETF,有色ETF;军工ETF;证券ETF
2019-08-13,1419352.889186359,727576.9312258062,691775.9579605528,0.5,False,halve,-0.14637819816915668,7,创业板;纳指;黄金;国债ETF;有色ETF;军工ETF;证券ETF,创业板;纳指;黄金;国债ETF,有色ETF;军工ETF;证券ETF
2019-08-14,1419692.6243137673,734052.3165423796,685640.3077713877,0.5,False,halve,-0.14617387596443016,7,创业板;纳指;黄金;国债ETF;有色ETF;军工ETF;证券ETF,创业板;纳指;黄金;国债ETF,有色ETF;军工ETF;证券ETF
2019-08-15,1419360.2669190243,741026.9480440246,678333.3188749996,0.5,False,halve,-0.14637376108131253,7,创业板;纳指;黄金;国债ETF;有色ETF;军工ETF;证券ETF,创业板;纳指;黄金;国债ETF,有色ETF;军工ETF;证券ETF
2019-08-16,1421449.0617913657,748358.2023006682,673090.8594906975,0.5,False,halve,-0.14511752603492792,7,创业板;纳指;黄金;国债ETF;有色ETF;军工ETF;证券ETF,创业板;纳指;黄金;国债ETF,有色ETF;军工ETF;证券ETF
2019-08-19,1436436.0176192708,718218.0088096355,718218.0088096353,0.5,False,halve,-0.13610412821452453,8,沪深300;创业板;纳指;黄金;国债ETF;有色ETF;证券ETF;军工ETF,沪深300;创业板;纳指;黄金;国债ETF,有色ETF;证券ETF;军工ETF
2019-08-20,1435535.1039047642,717767.5519523821,717767.5519523821,0.5,False,halve,-0.13664595230501703,8,沪深300;创业板;纳指;黄金;国债ETF;有色ETF;军工ETF;证券ETF,沪深300;创业板;纳指;黄金;国债ETF,有色ETF;军工ETF;证券ETF
2019-08-21,1433610.4032162158,716805.2016081079,716805.2016081079,0.5,False,halve,-0.13780349845316736,7,创业板;纳指;黄金;国债ETF;有色ETF;军工ETF;证券ETF,创业板;纳指;黄金;国债ETF,有色ETF;军工ETF;证券ETF
2019-08-22,1436060.4408681514,718030.2204340756,718030.2204340758,0.5,False,halve,-0.1363300061518993,7,创业板;纳指;黄金;国债ETF;军工ETF;有色ETF;证券ETF,创业板;纳指;黄金;国债ETF,军工ETF;有色ETF;证券ETF
2019-08-23,1435255.4451726205,717627.7225863104,717627.7225863101,0.5,False,halve,-0.13681414359320826,7,创业板;纳指;黄金;国债ETF;军工ETF;有色ETF;证券ETF,创业板;纳指;黄金;国债ETF,军工ETF;有色ETF;证券ETF
2019-08-26,1435272.9138337309,717636.4569168654,717636.4569168654,0.5,False,halve,-0.13680363765766101,7,创业板;纳指;黄金;国债ETF;军工ETF;有色ETF;证券ETF,创业板;纳指;黄金;国债ETF,军工ETF;有色ETF;证券ETF
2019-08-27,1442047.80021061,721023.9001053049,721023.9001053051,0.5,False,halve,-0.13272911132929593,7,创业板;纳指;黄金;国债ETF;军工ETF;有色ETF;证券ETF,创业板;纳指;黄金;国债ETF,军工ETF;有色ETF;证券ETF
2019-08-28,1440832.1200402393,720416.0600201197,720416.0600201197,0.5,False,halve,-0.13346024106129428,7,创业板;纳指;黄金;国债ETF;军工ETF;有色ETF;证券ETF,创业板;纳指;黄金;国债ETF,军工ETF;有色ETF;证券ETF
2019-08-29,1441433.5796961728,745448.3816358703,695985.1980603025,0.5,False,halve,-0.13309851348872362,6,创业板;黄金;国债ETF;军工ETF;有色ETF;证券ETF,创业板;黄金;国债ETF,军工ETF;有色ETF;证券ETF
2019-08-30,1438935.322372248,750672.8133768325,688262.5089954154,0.5,False,halve,-0.134601005881231,8,沪深300;创业板;纳指;黄金;国债ETF;军工ETF;证券ETF;有色ETF,沪深300;创业板;纳指;黄金;国债ETF,军工ETF;证券ETF;有色ETF
2019-09-02,1449103.3749314654,724551.6874657327,724551.6874657327,0.5,False,halve,-0.12848577448751783,8,沪深300;创业板;纳指;黄金;国债ETF;军工ETF;有色ETF;证券ETF,沪深300;创业板;纳指;黄金;国债ETF,军工ETF;有色ETF;证券ETF
2019-09-03,1449886.368237026,724943.184118513,724943.184118513,0.5,False,halve,-0.1280148696396774,8,沪深300;创业板;纳指;黄金;国债ETF;军工ETF;证券ETF;有色ETF,沪深300;创业板;纳指;黄金;国债ETF,军工ETF;证券ETF;有色ETF
2019-09-04,1454753.106318566,727376.5531592829,727376.5531592831,0.5,False,halve,-0.1250879345822623,8,沪深300;创业板;纳指;黄金;国债ETF;军工ETF;证券ETF;有色ETF,沪深300;创业板;纳指;黄金;国债ETF,军工ETF;证券ETF;有色ETF
2019-09-05,1461231.3435767987,749598.330688095,711633.0128887037,0.5,False,halve,-0.12119181783554521,8,沪深300;创业板;纳指;黄金;国债ETF;军工ETF;证券ETF;有色ETF,沪深300;创业板;纳指;黄金;国债ETF,军工ETF;证券ETF;有色ETF
2019-09-06,1460686.4440762708,756529.9042440414,704156.5398322294,0.5,False,halve,-0.1215195292151472,8,沪深300;创业板;纳指;黄金;国债ETF;军工ETF;证券ETF;有色ETF,沪深300;创业板;纳指;黄金;国债ETF,军工ETF;证券ETF;有色ETF
2019-09-09,1467378.5949697935,1524918.4370876441,-57539.84211785067,1.0,False,warning,-0.11749476134566592,8,沪深300;创业板;纳指;黄金;国债ETF;军工ETF;证券ETF;有色ETF,沪深300;创业板;纳指;黄金;国债ETF,军工ETF;证券ETF;有色ETF
2019-09-10,1458409.477974305,761257.1550304691,697152.3229438359,0.5,False,halve,-0.12288893348485075,8,沪深300;创业板;纳指;黄金;国债ETF;军工ETF;证券ETF;有色ETF,沪深300;创业板;纳指;黄金;国债ETF,军工ETF;证券ETF;有色ETF
2019-09-11,1455932.8806071368,765234.7856480988,690698.094959038,0.5,False,halve,-0.12437839922876698,8,沪深300;创业板;纳指;黄金;国债ETF;军工ETF;证券ETF;有色ETF,沪深300;创业板;纳指;黄金;国债ETF,军工ETF;证券ETF;有色ETF
2019-09-12,1460125.9572380953,774607.0508214488,685518.9064166466,0.5,False,halve,-0.12185661507191399,8,沪深300;创业板;纳指;黄金;国债ETF;军工ETF;证券ETF;有色ETF,沪深300;创业板;纳指;黄金;国债ETF,军工ETF;证券ETF;有色ETF
2019-09-16,1457774.416637736,776952.1950357759,680822.22160196,0.5,False,halve,-0.12327086965204727,8,沪深300;创业板;纳指;黄金;国债ETF;军工ETF;证券ETF;有色ETF,沪深300;创业板;纳指;黄金;国债ETF,军工ETF;证券ETF;有色ETF
2019-09-17,1446146.5130325085,723073.2565162542,723073.2565162544,0.5,False,halve,-0.13026407909462606,8,沪深300;创业板;纳指;黄金;国债ETF;军工ETF;证券ETF;有色ETF,沪深300;创业板;纳指;黄金;国债ETF,军工ETF;证券ETF;有色ETF
2019-09-18,1446230.580173566,723115.2900867829,723115.2900867831,0.5,False,halve,-0.13021351975524614,8,沪深300;创业板;纳指;黄金;国债ETF;军工ETF;证券ETF;有色ETF,沪深300;创业板;纳指;黄金;国债ETF,军工ETF;证券ETF;有色ETF
2019-09-19,1450673.4358114814,725336.7179057407,725336.7179057407,0.5,False,halve,-0.12754151446057574,8,沪深300;创业板;纳指;黄金;国债ETF;军工ETF;证券ETF;有色ETF,沪深300;创业板;纳指;黄金;国债ETF,军工ETF;证券ETF;有色ETF
2019-09-20,1449794.0584189296,724897.0292094649,724897.0292094647,0.5,False,halve,-0.1280703862584482,8,沪深300;创业板;纳指;黄金;国债ETF;军工ETF;证券ETF;有色ETF,沪深300;创业板;纳指;黄金;国债ETF,军工ETF;证券ETF;有色ETF
2019-09-23,1446459.7953891791,723229.8976945897,723229.8976945895,0.5,False,halve,-0.13007566601439746,8,沪深300;创业板;纳指;黄金;国债ETF;军工ETF;证券ETF;有色ETF,沪深300;创业板;纳指;黄金;国债ETF,军工ETF;证券ETF;有色ETF
2019-09-24,1447984.4959582386,745865.6049953346,702118.890962904,0.5,False,halve,-0.12915868641268677,8,沪深300;创业板;纳指;黄金;国债ETF;军工ETF;证券ETF;有色ETF,沪深300;创业板;纳指;黄金;国债ETF,军工ETF;证券ETF;有色ETF
2019-09-25,1442634.1413235283,743361.4938511137,699272.6474724145,0.5,False,halve,-0.13237647629321012,7,沪深300;创业板;黄金;国债ETF;军工ETF;证券ETF;有色ETF,沪深300;创业板;黄金;国债ETF,军工ETF;证券ETF;有色ETF
2019-09-26,1429710.7433448285,714855.3716724144,714855.3716724141,0.5,False,halve,-0.1401488170214406,8,沪深300;创业板;纳指;黄金;国债ETF;有色ETF;证券ETF;军工ETF,沪深300;创业板;纳指;黄金;国债ETF,有色ETF;证券ETF;军工ETF
2019-09-27,1431322.9737797235,715661.4868898619,715661.4868898616,0.5,False,halve,-0.13917919554161925,8,沪深300;创业板;纳指;黄金;国债ETF;证券ETF;军工ETF;有色ETF,沪深300;创业板;纳指;黄金;国债ETF,证券ETF;军工ETF;有色ETF
2019-09-30,1425186.7681016691,712593.3840508345,712593.3840508347,0.5,False,halve,-0.14286960895974254,8,沪深300;创业板;纳指;黄金;国债ETF;有色ETF;军工ETF;证券ETF,沪深300;创业板;纳指;黄金;国债ETF,有色ETF;军工ETF;证券ETF
2019-10-08,1423611.5235236844,711805.7617618422,711805.7617618422,0.5,False,halve,-0.14381698654654865,7,沪深300;创业板;纳指;黄金;有色ETF;证券ETF;军工ETF,沪深300;创业板;纳指;黄金,有色ETF;证券ETF;军工ETF
2019-10-09,1425806.3516502504,712903.1758251252,712903.1758251252,0.5,False,halve,-0.1424969813847722,8,沪深300;创业板;纳指;黄金;国债ETF;有色ETF;证券ETF;军工ETF,沪深300;创业板;纳指;黄金;国债ETF,有色ETF;证券ETF;军工ETF
2019-10-10,1430709.8712755288,715354.9356377645,715354.9356377643,0.5,False,halve,-0.1395479253115905,8,沪深300;创业板;纳指;黄金;国债ETF;有色ETF;军工ETF;证券ETF,沪深300;创业板;纳指;黄金;国债ETF,有色ETF;军工ETF;证券ETF
2019-10-11,1433231.5258873934,735990.3698477974,697241.156039596,0.5,False,halve,-0.1380313614113973,7,沪深300;创业板;纳指;黄金;有色ETF;军工ETF;证券ETF,沪深300;创业板;纳指;黄金,有色ETF;军工ETF;证券ETF
2019-10-14,1436458.3997333588,738343.0818112708,698115.317922088,0.5,False,halve,-0.13609066724882524,6,沪深300;创业板;纳指;有色ETF;证券ETF;军工ETF,沪深300;创业板;纳指,有色ETF;证券ETF;军工ETF
2019-10-15,1430833.8260530327,715416.9130265163,715416.9130265163,0.5,False,halve,-0.13947337690201275,6,沪深300;创业板;纳指;有色ETF;证券ETF;军工ETF,沪深300;创业板;纳指,有色ETF;证券ETF;军工ETF
2019-10-16,1429533.298772925,735880.648407805,693652.65036512,0.5,False,halve,-0.14025553505917973,6,沪深300;创业板;纳指;有色ETF;证券ETF;军工ETF,沪深300;创业板;纳指,有色ETF;证券ETF;军工ETF
2019-10-17,1429462.4282103302,743222.9398085044,686239.4884018258,0.5,False,halve,-0.14029815776266658,6,沪深300;创业板;纳指;有色ETF;军工ETF;证券ETF,沪深300;创业板;纳指,有色ETF;军工ETF;证券ETF
2019-10-18,1421553.3259942927,730255.8535701624,691297.4724241303,0.5,False,halve,-0.14505481985562108,6,沪深300;创业板;纳指;证券ETF;军工ETF;有色ETF,沪深300;创业板;纳指,证券ETF;军工ETF;有色ETF
2019-10-21,1419420.3882323809,736260.627079692,683159.7611526889,0.5,False,halve,-0.1463376031503097,6,沪深300;创业板;纳指;证券ETF;军工ETF;有色ETF,沪深300;创业板;纳指,证券ETF;军工ETF;有色ETF
2019-10-22,1425491.6997692483,740608.6094038454,684883.0903654029,0.5,False,halve,-0.1426862181191015,6,沪深300;创业板;纳指;军工ETF;证券ETF;有色ETF,沪深300;创业板;纳指,军工ETF;证券ETF;有色ETF
2019-10-23,1418815.6531603595,742539.2605585775,676276.392601782,0.5,False,halve,-0.14670130061113293,6,沪深300;创业板;纳指;有色ETF;证券ETF;军工ETF,沪深300;创业板;纳指,有色ETF;证券ETF;军工ETF
2019-10-24,1420614.8784265085,750315.4265879688,670299.4518385397,0.5,False,halve,-0.14561921741301426,6,沪深300;创业板;纳指;军工ETF;证券ETF;有色ETF,沪深300;创业板;纳指,军工ETF;证券ETF;有色ETF
2019-10-25,1426436.2323435647,754343.1004896972,672093.1318538676,0.5,False,halve,-0.14211816094028523,7,沪深300;创业板;纳指;国债ETF;证券ETF;有色ETF;军工ETF,沪深300;创业板;纳指;国债ETF,证券ETF;有色ETF;军工ETF
2019-10-28,1434863.4430452252,747249.7968694958,687613.6461757295,0.5,False,halve,-0.13704990001774373,6,沪深300;创业板;纳指;证券ETF;有色ETF;军工ETF,沪深300;创业板;纳指,证券ETF;有色ETF;军工ETF
2019-10-29,1429381.0386590855,763334.7597039524,666046.2789551332,0.5,False,halve,-0.14034710675619244,7,沪深300;创业板;纳指;酒ETF;证券ETF;军工ETF;有色ETF,沪深300;创业板;纳指,酒ETF;证券ETF;军工ETF;有色ETF
2019-10-30,1424296.1707139672,764049.4973728764,660246.6733410908,0.5,False,halve,-0.14340522864431007,7,沪深300;创业板;纳指;酒ETF;军工ETF;证券ETF;有色ETF,沪深300;创业板;纳指,酒ETF;军工ETF;证券ETF;有色ETF
2019-10-31,1423444.161221834,771923.5777959503,651520.5834258836,0.5,False,halve,-0.14391764094388182,7,沪深300;创业板;纳指;酒ETF;证券ETF;军工ETF;有色ETF,沪深300;创业板;纳指,酒ETF;证券ETF;军工ETF;有色ETF
2019-11-01,1432263.067688677,770075.9368092752,662187.1308794018,0.5,False,halve,-0.13861380784799845,7,沪深300;创业板;纳指;酒ETF;证券ETF;军工ETF;有色ETF,沪深300;创业板;纳指,酒ETF;证券ETF;军工ETF;有色ETF
2019-11-04,1435664.768500893,779292.2088173793,656372.5596835136,0.5,False,halve,-0.13656796991809664,7,沪深300;创业板;纳指;酒ETF;证券ETF;军工ETF;有色ETF,沪深300;创业板;纳指,酒ETF;证券ETF;军工ETF;有色ETF
2019-11-05,1440826.5556181574,786286.1377256492,654540.4178925082,0.5,False,halve,-0.13346358759480254,8,沪深300;创业板;纳指;国债ETF;酒ETF;证券ETF;军工ETF;有色ETF,沪深300;创业板;纳指;国债ETF,酒ETF;证券ETF;军工ETF;有色ETF
2019-11-06,1438510.9812551476,793765.2550048969,644745.7262502507,0.5,False,halve,-0.1348562114976283,8,沪深300;创业板;纳指;国债ETF;酒ETF;证券ETF;军工ETF;有色ETF,沪深300;创业板;纳指;国债ETF,酒ETF;证券ETF;军工ETF;有色ETF
2019-11-07,1439658.900153724,803406.0647322009,636252.8354215231,0.5,False,halve,-0.134165834491301,7,沪深300;创业板;纳指;酒ETF;证券ETF;军工ETF;有色ETF,沪深300;创业板;纳指,酒ETF;证券ETF;军工ETF;有色ETF
2019-11-08,1436142.3236059626,807360.2457011691,628782.0779047934,0.5,False,halve,-0.1362807605479894,7,沪深300;创业板;纳指;酒ETF;证券ETF;军工ETF;有色ETF,沪深300;创业板;纳指,酒ETF;证券ETF;军工ETF;有色ETF
2019-11-11,1425004.9841928978,776611.3192078919,648393.6649850059,0.5,False,halve,-0.14297893674491247,5,纳指;酒ETF;证券ETF;军工ETF;有色ETF,纳指,酒ETF;证券ETF;军工ETF;有色ETF
2019-11-12,1427646.8177955905,786394.5215384411,641252.2962571494,0.5,False,halve,-0.1413900952543649,5,纳指;酒ETF;证券ETF;军工ETF;有色ETF,纳指,酒ETF;证券ETF;军工ETF;有色ETF
2019-11-13,1427957.277648032,795179.6381066863,632777.6395413456,0.5,False,halve,-0.14120337967386604,5,纳指;酒ETF;证券ETF;军工ETF;有色ETF,纳指,酒ETF;证券ETF;军工ETF;有色ETF
2019-11-14,1430261.9966151435,802796.047495896,627465.9491192475,0.5,False,halve,-0.1398172843818437,6,纳指;国债ETF;酒ETF;证券ETF;军工ETF;有色ETF,纳指;国债ETF,酒ETF;证券ETF;军工ETF;有色ETF
2019-11-15,1429185.2649645377,806454.4916491738,622730.7733153639,0.5,False,halve,-0.14046484822497318,6,纳指;国债ETF;酒ETF;证券ETF;军工ETF;有色ETF,纳指;国债ETF,酒ETF;证券ETF;军工ETF;有色ETF
2019-11-18,1433117.749146189,810163.6660526686,622954.0830935205,0.5,False,halve,-0.13809978858519828,8,沪深300;创业板;纳指;国债ETF;酒ETF;证券ETF;军工ETF;有色ETF,沪深300;创业板;纳指;国债ETF,酒ETF;证券ETF;军工ETF;有色ETF
2019-11-19,1442395.1233610574,805246.0646902918,637149.0586707656,0.5,False,halve,-0.13252022556469065,8,沪深300;创业板;纳指;国债ETF;酒ETF;证券ETF;军工ETF;有色ETF,沪深300;创业板;纳指;国债ETF,酒ETF;证券ETF;军工ETF;有色ETF
2019-11-20,1438431.628735236,810830.1756446729,627601.453090563,0.5,False,halve,-0.13490393538753823,7,创业板;纳指;国债ETF;酒ETF;有色ETF;证券ETF;军工ETF,创业板;纳指;国债ETF,酒ETF;有色ETF;证券ETF;军工ETF
2019-11-21,1437430.9338930058,819836.4224383978,617594.5114546081,0.5,False,halve,-0.13550576946334505,7,创业板;纳指;国债ETF;酒ETF;有色ETF;军工ETF;证券ETF,创业板;纳指;国债ETF,酒ETF;有色ETF;军工ETF;证券ETF
2019-11-22,1432041.5236102268,821867.956166759,610173.5674434678,0.5,False,halve,-0.13874704804278892,6,纳指;国债ETF;酒ETF;有色ETF;证券ETF;军工ETF,纳指;国债ETF,酒ETF;有色ETF;证券ETF;军工ETF
2019-11-25,1434799.1748710184,830012.8531924,604786.3216786184,0.5,False,halve,-0.13708855193798483,6,纳指;国债ETF;酒ETF;有色ETF;证券ETF;军工ETF,纳指;国债ETF,酒ETF;有色ETF;证券ETF;军工ETF
2019-11-26,1438843.4177771537,842599.987738446,596243.4300387077,0.5,False,halve,-0.13465627879232914,7,沪深300;纳指;国债ETF;酒ETF;有色ETF;证券ETF;军工ETF,沪深300;纳指;国债ETF,酒ETF;有色ETF;证券ETF;军工ETF
2019-11-27,1438125.625962933,852813.247571391,585312.378391542,0.5,False,halve,-0.13508797040789747,8,沪深300;创业板;纳指;国债ETF;酒ETF;有色ETF;证券ETF;军工ETF,沪深300;创业板;纳指;国债ETF,酒ETF;有色ETF;证券ETF;军工ETF
2019-11-28,1437705.7057657607,862536.2349191395,575169.4708466212,0.5,False,halve,-0.1353405172114911,8,沪深300;创业板;纳指;国债ETF;酒ETF;有色ETF;证券ETF;军工ETF,沪深300;创业板;纳指;国债ETF,酒ETF;有色ETF;证券ETF;军工ETF
2019-11-29,1433531.0923830923,866453.4197295777,567077.6726535145,0.5,False,halve,-0.1378511972719681,8,沪深300;创业板;纳指;国债ETF;酒ETF;有色ETF;证券ETF;军工ETF,沪深300;创业板;纳指;国债ETF,酒ETF;有色ETF;证券ETF;军工ETF
2019-12-02,1436276.2320884196,877624.4704600237,558651.7616283959,0.5,False,halve,-0.13620022581913777,8,沪深300;创业板;纳指;国债ETF;酒ETF;有色ETF;证券ETF;军工ETF,沪深300;创业板;纳指;国债ETF,酒ETF;有色ETF;证券ETF;军工ETF
2019-12-03,1437583.0330551267,885017.1594097189,552565.8736454077,0.5,False,halve,-0.1354142945653012,8,沪深300;创业板;纳指;国债ETF;酒ETF;有色ETF;证券ETF;军工ETF,沪深300;创业板;纳指;国债ETF,酒ETF;有色ETF;证券ETF;军工ETF
2019-12-04,1438954.3229549746,823395.3210233898,615559.0019315848,0.5,False,halve,-0.13458957862322732,8,创业板;纳指;国债ETF;半导体ETF;有色ETF;酒ETF;证券ETF;军工ETF,创业板;纳指;国债ETF,半导体ETF;有色ETF;酒ETF;证券ETF;军工ETF
2019-12-05,1446622.6952669828,827324.1480096418,619298.547257341,0.5,False,halve,-0.12997769539111684,8,创业板;纳指;国债ETF;半导体ETF;有色ETF;酒ETF;证券ETF;军工ETF,创业板;纳指;国债ETF,半导体ETF;有色ETF;酒ETF;证券ETF;军工ETF
2019-12-06,1450777.8962534699,832216.4822517217,618561.4140017482,0.5,False,halve,-0.12747869025992095,8,创业板;纳指;国债ETF;半导体ETF;酒ETF;有色ETF;证券ETF;军工ETF,创业板;纳指;国债ETF,半导体ETF;酒ETF;有色ETF;证券ETF;军工ETF
2019-12-09,1451807.2153708993,842905.4001216937,608901.8152492056,0.5,False,halve,-0.12685964108168402,8,创业板;纳指;国债ETF;半导体ETF;酒ETF;有色ETF;证券ETF;军工ETF,创业板;纳指;国债ETF,半导体ETF;酒ETF;有色ETF;证券ETF;军工ETF
2019-12-10,1454441.9724956898,851527.2365118951,602914.7359837947,0.5,False,halve,-0.1252750554994899,8,创业板;纳指;国债ETF;半导体ETF;有色ETF;酒ETF;证券ETF;军工ETF,创业板;纳指;国债ETF,半导体ETF;有色ETF;酒ETF;证券ETF;军工ETF
2019-12-11,1450622.834034929,850946.4635427528,599676.3704921763,0.5,False,halve,-0.12757194718805712,8,创业板;纳指;国债ETF;半导体ETF;有色ETF;酒ETF;证券ETF;军工ETF,创业板;纳指;国债ETF,半导体ETF;有色ETF;酒ETF;证券ETF;军工ETF
2019-12-12,1454065.244525747,861727.7347292178,592337.5097965291,0.5,False,halve,-0.1255016257984992,8,创业板;纳指;国债ETF;半导体ETF;有色ETF;酒ETF;军工ETF;证券ETF,创业板;纳指;国债ETF,半导体ETF;有色ETF;酒ETF;军工ETF;证券ETF
2019-12-13,1464643.3548693715,1697218.367796353,-232575.01292698155,1.0,False,warning,-0.11913977901586674,9,沪深300;创业板;纳指;国债ETF;半导体ETF;有色ETF;酒ETF;证券ETF;军工ETF,沪深300;创业板;纳指;国债ETF,半导体ETF;有色ETF;酒ETF;证券ETF;军工ETF
2019-12-16,1476800.5657238022,1718755.3190733772,-241954.75334957498,1.0,False,warning,-0.11182823562601563,9,沪深300;创业板;纳指;国债ETF;半导体ETF;有色ETF;证券ETF;酒ETF;军工ETF,沪深300;创业板;纳指;国债ETF,半导体ETF;有色ETF;证券ETF;酒ETF;军工ETF
2019-12-17,1495720.9003349845,1733830.9302960427,-238110.02996105817,1.0,False,warning,-0.10044924013793911,9,沪深300;创业板;纳指;国债ETF;半导体ETF;证券ETF;有色ETF;军工ETF;酒ETF,沪深300;创业板;纳指;国债ETF,半导体ETF;证券ETF;有色ETF;军工ETF;酒ETF
2019-12-18,1489659.8115334979,1741053.9080055694,-251394.09647207148,1.0,False,warning,-0.10409447705061958,9,沪深300;创业板;纳指;国债ETF;半导体ETF;证券ETF;有色ETF;酒ETF;军工ETF,沪深300;创业板;纳指;国债ETF,半导体ETF;证券ETF;有色ETF;酒ETF;军工ETF
2019-12-19,1484504.3196260817,1732734.372072298,-248230.05244621634,1.0,False,warning,-0.10719507333281383,9,沪深300;创业板;纳指;国债ETF;半导体ETF;证券ETF;有色ETF;酒ETF;军工ETF,沪深300;创业板;纳指;国债ETF,半导体ETF;证券ETF;有色ETF;酒ETF;军工ETF
2019-12-20,1479861.015487548,1716891.4385293128,-237030.42304176488,1.0,False,warning,-0.10998763160030428,9,沪深300;创业板;纳指;国债ETF;半导体ETF;证券ETF;有色ETF;酒ETF;军工ETF,沪深300;创业板;纳指;国债ETF,半导体ETF;证券ETF;有色ETF;酒ETF;军工ETF
2019-12-23,1459140.3520142331,800006.6815150437,659133.6704991894,0.5,False,halve,-0.12244937400698719,8,创业板;纳指;国债ETF;半导体ETF;证券ETF;有色ETF;酒ETF;军工ETF,创业板;纳指;国债ETF,半导体ETF;证券ETF;有色ETF;酒ETF;军工ETF
2019-12-24,1469697.8551278953,1567895.9249272905,-98198.06979939528,1.0,False,warning,-0.11609992074601191,9,沪深300;创业板;纳指;国债ETF;半导体ETF;有色ETF;证券ETF;酒ETF;军工ETF,沪深300;创业板;纳指;国债ETF,半导体ETF;有色ETF;证券ETF;酒ETF;军工ETF
2019-12-25,1475636.3362616408,1584473.1206046415,-108836.78434300073,1.0,False,warning,-0.11252842206929295,9,沪深300;创业板;纳指;国债ETF;半导体ETF;有色ETF;证券ETF;军工ETF;酒ETF,沪深300;创业板;纳指;国债ETF,半导体ETF;有色ETF;证券ETF;军工ETF;酒ETF
2019-12-26,1485099.422535825,1607381.769911737,-122282.3473759119,1.0,False,warning,-0.10683716881029508,8,创业板;纳指;国债ETF;半导体ETF;有色ETF;证券ETF;军工ETF;酒ETF,创业板;纳指;国债ETF,半导体ETF;有色ETF;证券ETF;军工ETF;酒ETF
2019-12-27,1481761.312928021,1616132.6342071872,-134371.32127916627,1.0,False,warning,-0.10884476196054825,8,创业板;纳指;国债ETF;半导体ETF;有色ETF;证券ETF;酒ETF;军工ETF,创业板;纳指;国债ETF,半导体ETF;有色ETF;证券ETF;酒ETF;军工ETF
2019-12-30,1499840.425729369,1590604.7789476463,-90764.35321827722,1.0,False,warning,-0.09797169088529466,9,沪深300;创业板;纳指;国债ETF;半导体ETF;有色ETF;证券ETF;酒ETF;军工ETF,沪深300;创业板;纳指;国债ETF,半导体ETF;有色ETF;证券ETF;酒ETF;军工ETF
2019-12-31,1499972.9979703901,1603897.8922017838,-103924.8942313937,1.0,False,warning,-0.09789195979367159,10,沪深300;创业板;纳指;黄金;国债ETF;证券ETF;半导体ETF;有色ETF;酒ETF;军工ETF,沪深300;创业板;纳指;黄金;国债ETF,证券ETF;半导体ETF;有色ETF;酒ETF;军工ETF
2020-01-02,1516175.28125678,1621105.2520834538,-104929.97082667379,1.0,False,warning,-0.0881476443679072,10,沪深300;创业板;纳指;黄金;国债ETF;半导体ETF;有色ETF;证券ETF;酒ETF;军工ETF,沪深300;创业板;纳指;黄金;国债ETF,半导体ETF;有色ETF;证券ETF;酒ETF;军工ETF
2020-01-03,1521649.8758000978,1644601.5120356083,-122951.63623551046,1.0,False,warning,-0.08485513459534516,10,沪深300;创业板;纳指;黄金;国债ETF;有色ETF;半导体ETF;证券ETF;军工ETF;酒ETF,沪深300;创业板;纳指;黄金;国债ETF,有色ETF;半导体ETF;证券ETF;军工ETF;酒ETF
2020-01-06,1531419.5442142498,1668090.5573546002,-136671.01314035035,1.0,False,normal,-0.07897949787489648,10,沪深300;创业板;纳指;黄金;国债ETF;有色ETF;半导体ETF;证券ETF;军工ETF;酒ETF,沪深300;创业板;纳指;黄金;国债ETF,有色ETF;半导体ETF;证券ETF;军工ETF;酒ETF
2020-01-07,1538360.4075414399,1691333.8140378778,-152973.40649643796,1.0,False,normal,-0.07480515032203808,10,沪深300;创业板;纳指;黄金;国债ETF;有色ETF;半导体ETF;证券ETF;军工ETF;酒ETF,沪深300;创业板;纳指;黄金;国债ETF,有色ETF;半导体ETF;证券ETF;军工ETF;酒ETF
2020-01-08,1529105.2077476599,1667789.8568676014,-138684.64911994152,1.0,False,warning,-0.0803713772867782,10,沪深300;创业板;纳指;黄金;国债ETF;有色ETF;半导体ETF;证券ETF;军工ETF;酒ETF,沪深300;创业板;纳指;黄金;国债ETF,有色ETF;半导体ETF;证券ETF;军工ETF;酒ETF
2020-01-09,1539188.7667770076,1693720.7495466848,-154531.98276967718,1.0,False,normal,-0.07430696166957836,10,沪深300;创业板;纳指;黄金;国债ETF;有色ETF;半导体ETF;证券ETF;军工ETF;酒ETF,沪深300;创业板;纳指;黄金;国债ETF,有色ETF;半导体ETF;证券ETF;军工ETF;酒ETF
2020-01-10,1550794.1839044755,1715127.095439502,-164332.9115350265,1.0,False,normal,-0.06732727595870017,10,沪深300;创业板;纳指;黄金;国债ETF;有色ETF;半导体ETF;证券ETF;酒ETF;军工ETF,沪深300;创业板;纳指;黄金;国债ETF,有色ETF;半导体ETF;证券ETF;酒ETF;军工ETF
2020-01-13,1569794.5914663824,1699146.5088489829,-129351.91738260048,1.0,False,normal,-0.055900123301961716,10,沪深300;创业板;纳指;黄金;国债ETF;半导体ETF;有色ETF;证券ETF;酒ETF;军工ETF,沪深300;创业板;纳指;黄金;国债ETF,半导体ETF;有色ETF;证券ETF;酒ETF;军工ETF
2020-01-14,1563128.8449802024,1683240.5044784609,-120111.6594982585,1.0,False,normal,-0.05990901113347371,10,沪深300;创业板;纳指;黄金;国债ETF;有色ETF;半导体ETF;酒ETF;证券ETF;军工ETF,沪深300;创业板;纳指;黄金;国债ETF,有色ETF;半导体ETF;酒ETF;证券ETF;军工ETF
2020-01-15,1563413.4067505365,1697921.5474512742,-134508.1407007377,1.0,False,normal,-0.059737871078751975,10,沪深300;创业板;纳指;黄金;国债ETF;半导体ETF;有色ETF;酒ETF;证券ETF;军工ETF,沪深300;创业板;纳指;黄金;国债ETF,半导体ETF;有色ETF;酒ETF;证券ETF;军工ETF
2020-01-16,1566217.701347802,1717435.192090134,-151217.49074233184,1.0,False,normal,-0.058051322916402755,10,沪深300;创业板;纳指;黄金;国债ETF;半导体ETF;有色ETF;酒ETF;证券ETF;军工ETF,沪深300;创业板;纳指;黄金;国债ETF,半导体ETF;有色ETF;酒ETF;证券ETF;军工ETF
2020-01-17,1568707.6645866272,1734517.9930953681,-165810.328508741,1.0,False,normal,-0.05655381872092613,10,沪深300;创业板;纳指;黄金;国债ETF;半导体ETF;有色ETF;酒ETF;军工ETF;证券ETF,沪深300;创业板;纳指;黄金;国债ETF,半导体ETF;有色ETF;酒ETF;军工ETF;证券ETF
2020-01-20,1584567.2488306775,1723527.4819614105,-138960.23313073302,1.0,False,normal,-0.04701560804630316,10,沪深300;创业板;纳指;黄金;国债ETF;半导体ETF;有色ETF;酒ETF;证券ETF;军工ETF,沪深300;创业板;纳指;黄金;国债ETF,半导体ETF;有色ETF;酒ETF;证券ETF;军工ETF
2020-01-21,1570573.9645861413,1657360.9165468027,-86786.95196066145,1.0,False,normal,-0.05543139569246039,10,沪深300;创业板;纳指;黄金;国债ETF;半导体ETF;有色ETF;军工ETF;证券ETF;酒ETF,沪深300;创业板;纳指;黄金;国债ETF,半导体ETF;有色ETF;军工ETF;证券ETF;酒ETF
2020-01-22,1583433.2040360882,1665549.9693674408,-82116.7653313526,1.0,False,normal,-0.04769764094192021,10,沪深300;创业板;纳指;黄金;国债ETF;半导体ETF;有色ETF;军工ETF;证券ETF;酒ETF,沪深300;创业板;纳指;黄金;国债ETF,半导体ETF;有色ETF;军工ETF;证券ETF;酒ETF
2020-01-23,1560552.729484953,1560552.7294849535,-4.656612873077393e-10,1.0,False,normal,-0.061458328690462465,10,沪深300;创业板;纳指;黄金;国债ETF;半导体ETF;有色ETF;军工ETF;酒ETF;证券ETF,沪深300;创业板;纳指;黄金;国债ETF,半导体ETF;有色ETF;军工ETF;酒ETF;证券ETF
2020-02-03,1476288.2693050744,1230905.6021773196,245382.66712775477,1.0,False,warning,-0.11213633898449515,9,创业板;纳指;黄金;国债ETF;半导体ETF;有色ETF;军工ETF;证券ETF;酒ETF,创业板;纳指;黄金;国债ETF,半导体ETF;有色ETF;军工ETF;证券ETF;酒ETF
2020-02-04,1500398.2097428606,1254216.6907104847,246181.5190323759,0.7974050855222833,False,warning,-0.09763623055104186,9,创业板;纳指;黄金;国债ETF;半导体ETF;有色ETF;军工ETF;酒ETF;证券ETF,创业板;纳指;黄金;国债ETF,半导体ETF;有色ETF;军工ETF;酒ETF;证券ETF
2020-02-05,1521721.3914810212,1275521.5516745565,246199.83980646473,0.744297542744761,False,warning,-0.08481212390725339,9,创业板;纳指;黄金;国债ETF;半导体ETF;有色ETF;军工ETF;证券ETF;酒ETF,创业板;纳指;黄金;国债ETF,半导体ETF;有色ETF;军工ETF;证券ETF;酒ETF
2020-02-06,1541007.8571792725,1293639.7725290398,247368.0846502327,0.7314629326771863,False,normal,-0.07321293125705378,9,创业板;纳指;黄金;国债ETF;半导体ETF;军工ETF;有色ETF;证券ETF;酒ETF,创业板;纳指;黄金;国债ETF,半导体ETF;军工ETF;有色ETF;证券ETF;酒ETF
2020-02-07,1548995.8440564936,1305377.0726463848,243618.77141010878,0.7537786075057906,False,normal,-0.06840882665200135,9,创业板;纳指;黄金;国债ETF;半导体ETF;军工ETF;有色ETF;酒ETF;证券ETF,创业板;纳指;黄金;国债ETF,半导体ETF;军工ETF;有色ETF;酒ETF;证券ETF
2020-02-10,1556603.2420895011,1318378.9894958863,238224.25259361486,0.7756820886508367,False,normal,-0.06383361433823852,9,创业板;纳指;黄金;国债ETF;半导体ETF;军工ETF;有色ETF;证券ETF;酒ETF,创业板;纳指;黄金;国债ETF,半导体ETF;军工ETF;有色ETF;证券ETF;酒ETF
2020-02-11,1565041.2035064688,1332676.7029580148,232364.500548454,0.7957875939204676,False,normal,-0.05875888776149544,9,创业板;纳指;黄金;国债ETF;半导体ETF;军工ETF;有色ETF;酒ETF;证券ETF,创业板;纳指;黄金;国债ETF,半导体ETF;军工ETF;有色ETF;酒ETF;证券ETF
2020-02-12,1585520.9025692195,1351193.6059087212,234327.29666049825,0.6100159986644037,False,normal,-0.04644206525168244,10,沪深300;创业板;纳指;黄金;国债ETF;半导体ETF;有色ETF;军工ETF;证券ETF;酒ETF,沪深300;创业板;纳指;黄金;国债ETF,半导体ETF;有色ETF;军工ETF;证券ETF;酒ETF
2020-02-13,1596552.981153322,1368210.7701529237,228342.21100039827,0.6227447728845117,False,normal,-0.039807194621095714,10,沪深300;创业板;纳指;黄金;国债ETF;半导体ETF;有色ETF;军工ETF;证券ETF;酒ETF,沪深300;创业板;纳指;黄金;国债ETF,半导体ETF;有色ETF;军工ETF;证券ETF;酒ETF
2020-02-14,1591049.2327673072,1370304.5212976618,220744.71146964538,0.6196329741028536,False,normal,-0.043117237986552676,10,沪深300;创业板;纳指;黄金;国债ETF;半导体ETF;有色ETF;军工ETF;证券ETF;酒ETF,沪深300;创业板;纳指;黄金;国债ETF,半导体ETF;有色ETF;军工ETF;证券ETF;酒ETF
2020-02-17,1613513.2466192017,1382219.496787488,231293.74983171374,0.6267640254201189,False,normal,-0.02960701644355099,10,沪深300;创业板;纳指;黄金;国债ETF;半导体ETF;有色ETF;军工ETF;证券ETF;酒ETF,沪深300;创业板;纳指;黄金;国债ETF,半导体ETF;有色ETF;军工ETF;证券ETF;酒ETF
2020-02-18,1610679.524984251,1386843.8928416455,223835.6321426055,0.6312573661157043,False,normal,-0.03131126250268314,10,沪深300;创业板;纳指;黄金;国债ETF;半导体ETF;军工ETF;有色ETF;证券ETF;酒ETF,沪深300;创业板;纳指;黄金;国债ETF,半导体ETF;军工ETF;有色ETF;证券ETF;酒ETF
2020-02-19,1606572.419549683,1390533.4829509563,216038.93659872678,0.7454625477166347,False,normal,-0.03378134219045892,9,创业板;纳指;黄金;国债ETF;半导体ETF;军工ETF;有色ETF;证券ETF;酒ETF,创业板;纳指;黄金;国债ETF,半导体ETF;军工ETF;有色ETF;证券ETF;酒ETF
2020-02-20,1623667.2759397347,1404706.9061590307,218960.3697807039,0.6502760829021546,False,normal,-0.02350021885256904,10,沪深300;创业板;纳指;黄金;国债ETF;半导体ETF;军工ETF;有色ETF;证券ETF;酒ETF,沪深300;创业板;纳指;黄金;国债ETF,半导体ETF;军工ETF;有色ETF;证券ETF;酒ETF
2020-02-21,1631336.447486112,1418872.7444756415,212463.70301047037,0.6706991390828706,False,normal,-0.018887854947972217,10,沪深300;创业板;纳指;黄金;国债ETF;半导体ETF;军工ETF;有色ETF;证券ETF;酒ETF,沪深300;创业板;纳指;黄金;国债ETF,半导体ETF;军工ETF;有色ETF;证券ETF;酒ETF
2020-02-24,1630688.5243945757,1426997.594758761,203690.92963581462,0.6839778783604623,False,normal,-0.019277526382792037,10,沪深300;创业板;纳指;黄金;国债ETF;半导体ETF;军工ETF;有色ETF;证券ETF;酒ETF,沪深300;创业板;纳指;黄金;国债ETF,半导体ETF;军工ETF;有色ETF;证券ETF;酒ETF
2020-02-25,1636501.7504571446,1440930.4599261289,195571.29053101572,0.7050980011175896,False,normal,-0.01578135813331276,10,沪深300;创业板;纳指;黄金;国债ETF;半导体ETF;军工ETF;有色ETF;证券ETF;酒ETF,沪深300;创业板;纳指;黄金;国债ETF,半导体ETF;军工ETF;有色ETF;证券ETF;酒ETF
2020-02-26,1611264.6660315332,1394336.9420700853,216927.72396144783,0.66819251448232,False,normal,-0.03095934920549564,10,沪深300;创业板;纳指;黄金;国债ETF;半导体ETF;军工ETF;有色ETF;证券ETF;酒ETF,沪深300;创业板;纳指;黄金;国债ETF,半导体ETF;军工ETF;有色ETF;证券ETF;酒ETF
2020-02-27,1607833.1290115714,1398049.5236765135,209783.60533505795,0.6864813324555179,False,normal,-0.03302313111367787,10,沪深300;创业板;纳指;黄金;国债ETF;半导体ETF;军工ETF;证券ETF;有色ETF;酒ETF,沪深300;创业板;纳指;黄金;国债ETF,半导体ETF;军工ETF;证券ETF;有色ETF;酒ETF
2020-02-28,1559389.7177276802,1317630.0091590593,241759.70856862096,0.579770770827185,False,normal,-0.062157782786309436,9,创业板;纳指;黄金;国债ETF;半导体ETF;军工ETF;证券ETF;有色ETF;酒ETF,创业板;纳指;黄金;国债ETF,半导体ETF;军工ETF;证券ETF;有色ETF;酒ETF
2020-03-02,1579672.045798279,1333140.1072134627,246531.9385848164,0.524928023923152,False,normal,-0.04995966238591077,10,沪深300;创业板;纳指;黄金;国债ETF;半导体ETF;军工ETF;证券ETF;有色ETF;酒ETF,沪深300;创业板;纳指;黄金;国债ETF,半导体ETF;军工ETF;证券ETF;有色ETF;酒ETF
2020-03-03,1587112.536726359,1345799.9154356977,241312.6212906614,0.5918481011194333,False,normal,-0.04548483070668367,9,创业板;纳指;黄金;国债ETF;半导体ETF;军工ETF;证券ETF;有色ETF;酒ETF,创业板;纳指;黄金;国债ETF,半导体ETF;军工ETF;证券ETF;有色ETF;酒ETF
2020-03-04,1593591.160137232,1358701.745609112,234889.41452811984,0.5540636960325699,False,normal,-0.04158848172151831,10,沪深300;创业板;纳指;黄金;国债ETF;半导体ETF;证券ETF;军工ETF;有色ETF;酒ETF,沪深300;创业板;纳指;黄金;国债ETF,半导体ETF;证券ETF;军工ETF;有色ETF;酒ETF
2020-03-05,1608293.0135211463,1373782.6132668871,234510.40025425912,0.5654438136314652,False,normal,-0.032746549125725305,10,沪深300;创业板;纳指;黄金;国债ETF;证券ETF;半导体ETF;军工ETF;有色ETF;酒ETF,沪深300;创业板;纳指;黄金;国债ETF,证券ETF;半导体ETF;军工ETF;有色ETF;酒ETF
2020-03-06,1599050.7227004985,1368921.9090184346,230128.81368206395,0.6434159854210811,False,normal,-0.038305012425073344,9,创业板;纳指;黄金;国债ETF;半导体ETF;证券ETF;军工ETF;有色ETF;酒ETF,创业板;纳指;黄金;国债ETF,半导体ETF;证券ETF;军工ETF;有色ETF;酒ETF
2020-03-09,1554646.818980765,1308573.9987067103,246072.82027405477,0.5258434184626546,False,normal,-0.06501023886336287,9,创业板;纳指;黄金;国债ETF;证券ETF;半导体ETF;军工ETF;有色ETF;酒ETF,创业板;纳指;黄金;国债ETF,证券ETF;半导体ETF;军工ETF;有色ETF;酒ETF
2020-03-10,1579265.446708146,1320852.2093749365,258413.2373332095,0.5206313923384758,False,normal,-0.050204197660109674,9,创业板;纳指;黄金;国债ETF;半导体ETF;证券ETF;军工ETF;酒ETF;有色ETF,创业板;纳指;黄金;国债ETF,半导体ETF;证券ETF;军工ETF;酒ETF;有色ETF
2020-03-11,1562865.6271817097,1309938.5784568626,252927.04872484715,0.5229695579170928,False,normal,-0.06006731457804699,9,创业板;纳指;黄金;国债ETF;军工ETF;证券ETF;半导体ETF;酒ETF;有色ETF,创业板;纳指;黄金;国债ETF,军工ETF;证券ETF;半导体ETF;酒ETF;有色ETF
2020-03-12,1539623.418647431,1294802.5352488637,244820.88339856733,0.7155581509786711,False,normal,-0.07404555499923811,8,创业板;黄金;国债ETF;军工ETF;证券ETF;半导体ETF;酒ETF;有色ETF,创业板;黄金;国债ETF,军工ETF;证券ETF;半导体ETF;酒ETF;有色ETF
2020-03-13,1522934.039553956,1287294.1828189748,235639.85673498106,0.6831821352190875,False,warning,-0.08408281772773195,8,创业板;黄金;国债ETF;半导体ETF;证券ETF;军工ETF;酒ETF;有色ETF,创业板;黄金;国债ETF,半导体ETF;证券ETF;军工ETF;酒ETF;有色ETF
2020-03-16,1479972.5959678441,1234042.2169258615,245930.37904198258,1.0,False,warning,-0.10992052529336312,6,国债ETF;证券ETF;军工ETF;半导体ETF;酒ETF;有色ETF,国债ETF,证券ETF;军工ETF;半导体ETF;酒ETF;有色ETF
2020-03-17,1476982.7867004715,1237750.5900372688,239232.19666320272,1.0,False,warning,-0.11171864498113729,6,国债ETF;证券ETF;军工ETF;半导体ETF;酒ETF;有色ETF,国债ETF,证券ETF;军工ETF;半导体ETF;酒ETF;有色ETF
2020-03-18,1472084.2145458946,1236773.5806824302,235310.63386346446,1.0,False,warning,-0.11466472556535717,6,国债ETF;军工ETF;半导体ETF;证券ETF;酒ETF;有色ETF,国债ETF,军工ETF;半导体ETF;证券ETF;酒ETF;有色ETF
2020-03-19,1470458.1778859894,1240985.2714448578,229472.9064411316,1.0,False,warning,-0.11564265033237334,6,国债ETF;军工ETF;证券ETF;半导体ETF;酒ETF;有色ETF,国债ETF,军工ETF;证券ETF;半导体ETF;酒ETF;有色ETF
2020-03-20,1474724.5318448276,1248837.0348410066,225887.49700382096,1.0,False,warning,-0.11307679600443432,6,国债ETF;军工ETF;证券ETF;半导体ETF;酒ETF;有色ETF,国债ETF,军工ETF;证券ETF;半导体ETF;酒ETF;有色ETF
2020-03-23,1468799.2457909777,1230328.002436111,238471.24335486675,1.0,False,warning,-0.11664035894652262,6,国债ETF;军工ETF;证券ETF;半导体ETF;酒ETF;有色ETF,国债ETF,军工ETF;证券ETF;半导体ETF;酒ETF;有色ETF
2020-03-24,1474359.0700720104,1232694.099489974,241664.9705820363,0.56182180402718,False,warning,-0.11329659063013262,7,黄金;国债ETF;军工ETF;证券ETF;半导体ETF;酒ETF;有色ETF,黄金;国债ETF,军工ETF;证券ETF;半导体ETF;酒ETF;有色ETF
2020-03-25,1487169.668093453,1244567.402069297,242602.266024156,0.5713655599336337,False,warning,-0.10559208962202665,7,黄金;国债ETF;军工ETF;证券ETF;酒ETF;半导体ETF;有色ETF,黄金;国债ETF,军工ETF;证券ETF;酒ETF;半导体ETF;有色ETF
2020-03-26,1484455.5014271857,1247985.6848276034,236469.81659958232,0.5891298767186754,False,warning,-0.10722443338782288,7,黄金;国债ETF;军工ETF;酒ETF;证券ETF;半导体ETF;有色ETF,黄金;国债ETF,军工ETF;酒ETF;证券ETF;半导体ETF;有色ETF
2020-03-27,1491668.788871163,1260278.6892941808,231390.0995769822,0.4699486292723514,False,warning,-0.10288624556155126,9,沪深300;创业板;黄金;国债ETF;酒ETF;军工ETF;半导体ETF;证券ETF;有色ETF,沪深300;创业板;黄金;国债ETF,酒ETF;军工ETF;半导体ETF;证券ETF;有色ETF
2020-03-30,1478600.8438062067,1254558.6517782283,224042.19202797837,0.6182146941674124,False,warning,-0.11074551924715959,7,黄金;国债ETF;酒ETF;军工ETF;证券ETF;半导体ETF;有色ETF,黄金;国债ETF,酒ETF;军工ETF;证券ETF;半导体ETF;有色ETF
2020-03-31,1479936.1594633162,1262444.5993961436,217491.56006717263,0.6376070278842579,False,warning,-0.10994243879696361,7,黄金;国债ETF;酒ETF;半导体ETF;军工ETF;证券ETF;有色ETF,黄金;国债ETF,酒ETF;半导体ETF;军工ETF;证券ETF;有色ETF
2020-04-01,1473450.0518873741,1263269.4018598476,210180.65002752654,0.6444913868668825,False,warning,-0.11384328888014358,7,黄金;国债ETF;酒ETF;半导体ETF;军工ETF;有色ETF;证券ETF,黄金;国债ETF,酒ETF;半导体ETF;军工ETF;有色ETF;证券ETF
2020-04-02,1481536.1833557414,1266285.7883306972,215250.3950250442,0.6645286114737402,False,warning,-0.10898015852936407,7,黄金;国债ETF;半导体ETF;酒ETF;军工ETF;证券ETF;有色ETF,黄金;国债ETF,半导体ETF;酒ETF;军工ETF;证券ETF;有色ETF
2020-04-03,1483696.0375952178,1274525.314832612,209170.72276260587,0.6822739812775283,False,warning,-0.10768118722938616,7,黄金;国债ETF;半导体ETF;酒ETF;军工ETF;证券ETF;有色ETF,黄金;国债ETF,半导体ETF;酒ETF;军工ETF;证券ETF;有色ETF
2020-04-07,1508195.6368231792,1290823.0173356128,217372.6194875664,0.6490771129218545,False,warning,-0.09294673169233188,7,黄金;国债ETF;酒ETF;半导体ETF;军工ETF;有色ETF;证券ETF,黄金;国债ETF,酒ETF;半导体ETF;军工ETF;有色ETF;证券ETF
2020-04-08,1506397.6624249374,1296413.131559394,209984.5308655433,0.6653945448183031,False,warning,-0.09402806259824403,7,黄金;国债ETF;半导体ETF;酒ETF;军工ETF;有色ETF;证券ETF,黄金;国债ETF,半导体ETF;酒ETF;军工ETF;有色ETF;证券ETF
2020-04-09,1508385.205051855,1305733.8309097043,202651.37414215063,0.6862748721787757,False,warning,-0.09283272229117101,7,黄金;国债ETF;酒ETF;半导体ETF;军工ETF;有色ETF;证券ETF,黄金;国债ETF,酒ETF;半导体ETF;军工ETF;有色ETF;证券ETF
2020-04-10,1506148.038149117,1307275.210720662,198872.827428455,0.7077926583096844,False,warning,-0.09417819067825141,7,黄金;国债ETF;酒ETF;军工ETF;半导体ETF;有色ETF;证券ETF,黄金;国债ETF,酒ETF;军工ETF;半导体ETF;有色ETF;证券ETF
2020-04-13,1504243.5509257396,1312332.9656219769,191910.5853037627,0.7297904402926476,False,warning,-0.09532358012126387,7,黄金;国债ETF;酒ETF;军工ETF;半导体ETF;有色ETF;证券ETF,黄金;国债ETF,酒ETF;军工ETF;半导体ETF;有色ETF;证券ETF
2020-04-14,1516794.933657188,1321000.6882432099,195794.24541397812,0.7469022145944185,False,warning,-0.0877749753843338,7,黄金;国债ETF;军工ETF;酒ETF;半导体ETF;有色ETF;证券ETF,黄金;国债ETF,军工ETF;酒ETF;半导体ETF;有色ETF;证券ETF
2020-04-15,1516182.0195856246,1327908.931165827,188273.0884197976,0.7702134007296744,False,warning,-0.08814359182787052,7,黄金;国债ETF;酒ETF;军工ETF;半导体ETF;有色ETF;证券ETF,黄金;国债ETF,酒ETF;军工ETF;半导体ETF;有色ETF;证券ETF
2020-04-16,1521626.7064487503,1340028.07637882,181598.63006993034,0.7934970213421081,False,warning,-0.08486906901827493,7,黄金;国债ETF;酒ETF;军工ETF;半导体ETF;有色ETF;证券ETF,黄金;国债ETF,酒ETF;军工ETF;半导体ETF;有色ETF;证券ETF
2020-04-17,1514123.2205843374,1341440.126564156,172683.09402018134,0.779830743217099,False,warning,-0.08938178687187665,7,黄金;国债ETF;酒ETF;半导体ETF;军工ETF;有色ETF;证券ETF,黄金;国债ETF,酒ETF;半导体ETF;军工ETF;有色ETF;证券ETF
2020-04-20,1513843.19497153,1348713.552421879,165129.64254965098,1.0,False,warning,-0.08955019880803752,6,国债ETF;酒ETF;半导体ETF;军工ETF;有色ETF;证券ETF,国债ETF,酒ETF;半导体ETF;军工ETF;有色ETF;证券ETF
2020-04-21,1509525.5110126706,1346926.8348342727,162598.67617839784,0.8188195328700109,False,warning,-0.09214692382883943,7,黄金;国债ETF;军工ETF;酒ETF;半导体ETF;有色ETF;证券ETF,黄金;国债ETF,军工ETF;酒ETF;半导体ETF;有色ETF;证券ETF
2020-04-22,1512315.0457665608,1357045.5207272782,155269.52503928263,0.8443384243443041,False,warning,-0.09046925247520547,7,黄金;国债ETF;酒ETF;军工ETF;半导体ETF;证券ETF;有色ETF,黄金;国债ETF,酒ETF;军工ETF;半导体ETF;证券ETF;有色ETF
2020-04-23,1523019.302412127,1376043.992240808,146975.31017131894,0.8334485682692786,False,warning,-0.08403153926472554,7,黄金;国债ETF;军工ETF;酒ETF;半导体ETF;有色ETF;证券ETF,黄金;国债ETF,军工ETF;酒ETF;半导体ETF;有色ETF;证券ETF
2020-04-24,1524324.1388446724,1383671.897807898,140652.24103677436,0.6587768530093927,False,warning,-0.08324678951353259,8,纳指;黄金;国债ETF;酒ETF;军工ETF;半导体ETF;有色ETF;证券ETF,纳指;黄金;国债ETF,酒ETF;军工ETF;半导体ETF;有色ETF;证券ETF
2020-04-27,1530865.0260353144,1396481.9282073632,134383.0978279512,0.6692832945569521,False,normal,-0.07931299408338494,8,纳指;黄金;国债ETF;酒ETF;军工ETF;半导体ETF;有色ETF;证券ETF,纳指;黄金;国债ETF,酒ETF;军工ETF;半导体ETF;有色ETF;证券ETF
2020-04-28,1540768.7367178327,1412244.9270426629,128523.80967516988,0.6875018956069151,False,normal,-0.07335674217307325,8,纳指;黄金;国债ETF;酒ETF;军工ETF;半导体ETF;证券ETF;有色ETF,纳指;黄金;国债ETF,酒ETF;军工ETF;半导体ETF;证券ETF;有色ETF
2020-04-29,1549358.5149929097,1430530.4936576623,118828.02133524744,0.700853638323523,False,normal,-0.06819071048048837,8,纳指;黄金;国债ETF;酒ETF;军工ETF;半导体ETF;证券ETF;有色ETF,纳指;黄金;国债ETF,酒ETF;军工ETF;半导体ETF;证券ETF;有色ETF
2020-04-30,1563396.4726855431,1420636.2605460326,142760.21213951055,0.7227684486620857,False,normal,-0.05974805549954128,8,纳指;黄金;国债ETF;酒ETF;军工ETF;半导体ETF;证券ETF;有色ETF,纳指;黄金;国债ETF,酒ETF;军工ETF;半导体ETF;证券ETF;有色ETF
2020-05-06,1570873.5557178685,1424126.676707094,146746.87901077443,0.7422173945245113,False,normal,-0.05525121673652497,8,纳指;黄金;国债ETF;酒ETF;半导体ETF;军工ETF;证券ETF;有色ETF,纳指;黄金;国债ETF,酒ETF;半导体ETF;军工ETF;证券ETF;有色ETF
2020-05-07,1567666.3503422039,1430517.5338416165,137148.8165005874,0.6637575463083554,False,normal,-0.05718008196269562,9,创业板;纳指;黄金;国债ETF;酒ETF;半导体ETF;军工ETF;证券ETF;有色ETF,创业板;纳指;黄金;国债ETF,酒ETF;半导体ETF;军工ETF;证券ETF;有色ETF
2020-05-08,1578595.859123142,1448457.7894858078,130138.0696373342,0.7777312145718654,False,normal,-0.05060689847197217,8,纳指;黄金;国债ETF;酒ETF;半导体ETF;军工ETF;证券ETF;有色ETF,纳指;黄金;国债ETF,酒ETF;半导体ETF;军工ETF;证券ETF;有色ETF
2020-05-11,1568761.5455977356,1448404.3072307347,120357.23836700083,0.764434671806749,False,normal,-0.056521413808703645,8,纳指;黄金;国债ETF;酒ETF;半导体ETF;军工ETF;证券ETF;有色ETF,纳指;黄金;国债ETF,酒ETF;半导体ETF;军工ETF;证券ETF;有色ETF
2020-05-12,1562759.4547748978,1453805.501836466,108953.95293843187,0.6906456319557576,False,normal,-0.06013116838205728,9,创业板;纳指;黄金;国债ETF;酒ETF;半导体ETF;军工ETF;证券ETF;有色ETF,创业板;纳指;黄金;国债ETF,酒ETF;半导体ETF;军工ETF;证券ETF;有色ETF
2020-05-13,1566612.2748779352,1468295.9180724355,98316.35680549964,0.7066849181588194,False,normal,-0.057814020008638875,10,沪深300;创业板;纳指;黄金;国债ETF;酒ETF;半导体ETF;军工ETF;证券ETF;有色ETF,沪深300;创业板;纳指;黄金;国债ETF,酒ETF;半导体ETF;军工ETF;证券ETF;有色ETF
2020-05-14,1559131.0838911491,1470757.818442268,88373.26544888108,0.7143699993460585,False,normal,-0.062313329361961,10,沪深300;创业板;纳指;黄金;国债ETF;酒ETF;半导体ETF;军工ETF;证券ETF;有色ETF,沪深300;创业板;纳指;黄金;国债ETF,酒ETF;半导体ETF;军工ETF;证券ETF;有色ETF
2020-05-15,1567645.954932206,1487549.1187576647,80096.83617454139,0.734936664022232,False,normal,-0.05719234809239742,10,沪深300;创业板;纳指;黄金;国债ETF;酒ETF;半导体ETF;军工ETF;证券ETF;有色ETF,沪深300;创业板;纳指;黄金;国债ETF,酒ETF;半导体ETF;军工ETF;证券ETF;有色ETF
2020-05-18,1577628.2338098658,1508705.1865822822,68923.0472275836,0.7503224215489493,False,normal,-0.05118884399778813,10,沪深300;创业板;纳指;黄金;国债ETF;酒ETF;半导体ETF;军工ETF;有色ETF;证券ETF,沪深300;创业板;纳指;黄金;国债ETF,酒ETF;半导体ETF;军工ETF;有色ETF;证券ETF
2020-05-19,1588627.4715294614,1527423.3165451128,61204.15498434869,0.7700654963727867,False,normal,-0.044573724394692545,10,沪深300;创业板;纳指;黄金;国债ETF;酒ETF;半导体ETF;军工ETF;有色ETF;证券ETF,沪深300;创业板;纳指;黄金;国债ETF,酒ETF;半导体ETF;军工ETF;有色ETF;证券ETF
2020-05-20,1579604.1727166707,1512990.8415988635,66613.33111780719,0.7858407949818711,False,normal,-0.05000048235581383,10,沪深300;创业板;纳指;黄金;国债ETF;酒ETF;半导体ETF;军工ETF;有色ETF;证券ETF,沪深300;创业板;纳指;黄金;国债ETF,酒ETF;半导体ETF;军工ETF;有色ETF;证券ETF
2020-05-21,1567922.971378884,1498422.4658507493,69500.50552813476,0.7919787434969456,False,normal,-0.05702574591745446,10,沪深300;创业板;纳指;黄金;国债ETF;酒ETF;半导体ETF;军工ETF;有色ETF;证券ETF,沪深300;创业板;纳指;黄金;国债ETF,酒ETF;半导体ETF;军工ETF;有色ETF;证券ETF
2020-05-22,1543477.2085786723,1464939.0415556375,78538.16702303477,0.724885782510598,False,normal,-0.07172782335543988,10,沪深300;创业板;纳指;黄金;国债ETF;酒ETF;半导体ETF;军工ETF;有色ETF;证券ETF,沪深300;创业板;纳指;黄金;国债ETF,酒ETF;半导体ETF;军工ETF;有色ETF;证券ETF
2020-05-25,1548044.5493189432,1479919.0556341838,68125.49368475936,0.7388062063273202,False,normal,-0.0689809507052419,10,沪深300;创业板;纳指;黄金;国债ETF;酒ETF;半导体ETF;军工ETF;有色ETF;证券ETF,沪深300;创业板;纳指;黄金;国债ETF,酒ETF;半导体ETF;军工ETF;有色ETF;证券ETF
2020-05-26,1568318.4038914198,1499274.3227562257,69044.08113519405,0.7189088099955114,False,normal,-0.05678792640376979,10,沪深300;创业板;纳指;黄金;国债ETF;酒ETF;半导体ETF;军工ETF;有色ETF;证券ETF,沪深300;创业板;纳指;黄金;国债ETF,酒ETF;半导体ETF;军工ETF;有色ETF;证券ETF
2020-05-27,1554317.8685478119,1491175.624543659,63142.24400415295,0.7119792183678949,False,normal,-0.06520807497827824,10,沪深300;创业板;纳指;黄金;国债ETF;酒ETF;半导体ETF;军工ETF;有色ETF;证券ETF,沪深300;创业板;纳指;黄金;国债ETF,酒ETF;半导体ETF;军工ETF;有色ETF;证券ETF
2020-05-28,1556683.7167843701,1503842.9134921469,52840.80329222325,0.7340309906767107,False,normal,-0.06378521555414525,10,沪深300;创业板;纳指;黄金;国债ETF;酒ETF;有色ETF;半导体ETF;军工ETF;证券ETF,沪深300;创业板;纳指;黄金;国债ETF,酒ETF;有色ETF;半导体ETF;军工ETF;证券ETF
2020-05-29,1559616.479502282,1519378.387061044,40238.092441238,0.7568850342374998,False,normal,-0.0620214045845974,10,沪深300;创业板;纳指;黄金;国债ETF;酒ETF;有色ETF;半导体ETF;军工ETF;证券ETF,沪深300;创业板;纳指;黄金;国债ETF,酒ETF;有色ETF;半导体ETF;军工ETF;证券ETF
2020-06-01,1589678.2763489666,1506422.6365073847,83255.63984158193,0.7227946388543999,False,normal,-0.043941753367450154,10,沪深300;创业板;纳指;黄金;国债ETF;酒ETF;半导体ETF;有色ETF;军工ETF;证券ETF,沪深300;创业板;纳指;黄金;国债ETF,酒ETF;半导体ETF;有色ETF;军工ETF;证券ETF
2020-06-02,1585795.431523927,1513669.178688276,72126.25283565093,0.5828076852087999,False,normal,-0.046276959094674136,9,沪深300;创业板;纳指;黄金;酒ETF;有色ETF;半导体ETF;军工ETF;证券ETF,沪深300;创业板;纳指;黄金,酒ETF;有色ETF;半导体ETF;军工ETF;证券ETF
2020-06-03,1582694.8682874334,1520480.6112545186,62214.257032914786,0.5997993605664249,False,normal,-0.04814168801219046,9,沪深300;创业板;纳指;黄金;酒ETF;半导体ETF;有色ETF;军工ETF;证券ETF,沪深300;创业板;纳指;黄金,酒ETF;半导体ETF;有色ETF;军工ETF;证券ETF
2020-06-04,1583935.7288420259,1534517.019455615,49418.70938641089,0.6185440327869847,False,normal,-0.047395414389540334,9,沪深300;创业板;纳指;黄金;酒ETF;半导体ETF;有色ETF;军工ETF;证券ETF,沪深300;创业板;纳指;黄金,酒ETF;半导体ETF;有色ETF;军工ETF;证券ETF
2020-06-05,1590967.5818832957,1551174.6420223382,39792.93986095744,0.6377449773577157,False,normal,-0.043166344149834564,9,沪深300;创业板;纳指;黄金;酒ETF;半导体ETF;有色ETF;军工ETF;证券ETF,沪深300;创业板;纳指;黄金,酒ETF;半导体ETF;有色ETF;军工ETF;证券ETF
2020-06-08,1586926.3215216799,1586926.32152168,-2.3283064365386963e-10,0.6541213046504698,False,normal,-0.045596823544939456,9,沪深300;创业板;纳指;黄金;酒ETF;有色ETF;半导体ETF;军工ETF;证券ETF,沪深300;创业板;纳指;黄金,酒ETF;有色ETF;半导体ETF;军工ETF;证券ETF
2020-06-09,1595630.0257776058,1595630.0257776054,4.656612873077393e-10,0.6713291749869313,False,normal,-0.040362274923415646,9,沪深300;创业板;纳指;黄金;酒ETF;有色ETF;半导体ETF;证券ETF;军工ETF,沪深300;创业板;纳指;黄金,酒ETF;有色ETF;半导体ETF;证券ETF;军工ETF
2020-06-10,1598192.626560516,1598192.6265605167,-6.984919309616089e-10,0.6917636095558518,False,normal,-0.03882108533318284,9,沪深300;创业板;纳指;黄金;酒ETF;有色ETF;半导体ETF;证券ETF;军工ETF,沪深300;创业板;纳指;黄金,酒ETF;有色ETF;半导体ETF;证券ETF;军工ETF
2020-06-11,1595790.1022329882,1595790.1022329882,0.0,0.7119528187346591,False,normal,-0.040266002352080305,9,沪深300;创业板;纳指;黄金;酒ETF;有色ETF;半导体ETF;军工ETF;证券ETF,沪深300;创业板;纳指;黄金,酒ETF;有色ETF;半导体ETF;军工ETF;证券ETF
2020-06-12,1593731.7991665574,1593731.799166557,4.656612873077393e-10,0.7322493928317682,False,normal,-0.04150389913283639,9,沪深300;创业板;纳指;黄金;酒ETF;有色ETF;半导体ETF;证券ETF;军工ETF,沪深300;创业板;纳指;黄金,酒ETF;有色ETF;半导体ETF;证券ETF;军工ETF
2020-06-15,1577116.0739441551,1577116.0739441551,0.0,0.7275269944314923,False,normal,-0.051496865231072816,9,沪深300;创业板;纳指;黄金;酒ETF;有色ETF;证券ETF;军工ETF;半导体ETF,沪深300;创业板;纳指;黄金,酒ETF;有色ETF;证券ETF;军工ETF;半导体ETF
2020-06-16,1605434.2710047036,1605434.2710047034,2.3283064365386963e-10,0.6767056532414718,False,normal,-0.03446584314798577,9,沪深300;创业板;纳指;黄金;酒ETF;有色ETF;证券ETF;军工ETF;半导体ETF,沪深300;创业板;纳指;黄金,酒ETF;有色ETF;证券ETF;军工ETF;半导体ETF
2020-06-17,1606947.3905723381,1606947.3905723381,0.0,0.6979644665168031,False,normal,-0.03355582854798723,9,沪深300;创业板;纳指;黄金;酒ETF;有色ETF;军工ETF;证券ETF;半导体ETF,沪深300;创业板;纳指;黄金,酒ETF;有色ETF;军工ETF;证券ETF;半导体ETF
2020-06-18,1609698.3111053708,1609698.3111053705,2.3283064365386963e-10,0.7193109588665684,False,normal,-0.03190138041180392,9,沪深300;创业板;纳指;黄金;酒ETF;有色ETF;证券ETF;半导体ETF;军工ETF,沪深300;创业板;纳指;黄金,酒ETF;有色ETF;证券ETF;半导体ETF;军工ETF
2020-06-19,1628110.0966158297,1628110.0966158293,4.656612873077393e-10,0.7269303365735358,False,normal,-0.020828234584503297,9,沪深300;创业板;纳指;黄金;酒ETF;有色ETF;证券ETF;半导体ETF;军工ETF,沪深300;创业板;纳指;黄金,酒ETF;有色ETF;证券ETF;半导体ETF;军工ETF
2020-06-22,1642382.7681670152,1642382.7681670154,-2.3283064365386963e-10,0.7481326987327455,False,normal,-0.012244418889840594,9,沪深300;创业板;纳指;黄金;酒ETF;证券ETF;半导体ETF;有色ETF;军工ETF,沪深300;创业板;纳指;黄金,酒ETF;证券ETF;半导体ETF;有色ETF;军工ETF
2020-06-23,1656125.911775925,1656125.9117759252,-2.3283064365386963e-10,0.7622955845235924,False,normal,-0.003979069870836131,9,沪深300;创业板;纳指;黄金;酒ETF;半导体ETF;证券ETF;有色ETF;军工ETF,沪深300;创业板;纳指;黄金,酒ETF;半导体ETF;证券ETF;有色ETF;军工ETF
2020-06-24,1663649.866109471,1704293.7538332248,-40643.887723753694,0.7851105856999432,False,normal,0.0,9,沪深300;创业板;纳指;黄金;酒ETF;半导体ETF;证券ETF;有色ETF;军工ETF,沪深300;创业板;纳指;黄金,酒ETF;半导体ETF;证券ETF;有色ETF;军工ETF
2020-06-29,1647738.6874655995,1647738.6874655995,0.0,0.76811360565212,False,normal,-0.009564018828721849,9,沪深300;创业板;纳指;黄金;酒ETF;半导体ETF;证券ETF;有色ETF;军工ETF,沪深300;创业板;纳指;黄金,酒ETF;半导体ETF;证券ETF;有色ETF;军工ETF
2020-06-30,1670681.7279684902,1670681.72796849,2.3283064365386963e-10,0.7676250593234597,False,normal,0.0,9,沪深300;创业板;纳指;黄金;酒ETF;半导体ETF;证券ETF;有色ETF;军工ETF,沪深300;创业板;纳指;黄金,酒ETF;半导体ETF;证券ETF;有色ETF;军工ETF
2020-07-01,1689189.1324018037,1689189.132401804,-2.3283064365386963e-10,0.78712729161138,False,normal,0.0,9,沪深300;创业板;纳指;黄金;酒ETF;半导体ETF;证券ETF;有色ETF;军工ETF,沪深300;创业板;纳指;黄金,酒ETF;半导体ETF;证券ETF;有色ETF;军工ETF
2020-07-02,1710886.1540479471,1672482.092656988,38404.06139095919,0.8097522104013638,False,normal,0.0,9,沪深300;创业板;纳指;黄金;酒ETF;证券ETF;半导体ETF;有色ETF;军工ETF,沪深300;创业板;纳指;黄金,酒ETF;证券ETF;半导体ETF;有色ETF;军工ETF
2020-07-03,1734052.714710096,1683026.513429721,51026.20128037501,0.8221906387455954,False,normal,0.0,9,沪深300;创业板;纳指;黄金;证券ETF;酒ETF;半导体ETF;有色ETF;军工ETF,沪深300;创业板;纳指;黄金,证券ETF;酒ETF;半导体ETF;有色ETF;军工ETF
2020-07-06,1801735.1500688978,1592502.345229822,209232.80483907578,0.6899934808373674,False,normal,0.0,9,沪深300;创业板;纳指;黄金;证券ETF;酒ETF;半导体ETF;有色ETF;军工ETF,沪深300;创业板;纳指;黄金,证券ETF;酒ETF;半导体ETF;有色ETF;军工ETF
2020-07-07,1805547.738157273,1600171.4153890698,205376.32276820322,0.7115525274470013,False,normal,0.0,9,沪深300;创业板;纳指;黄金;证券ETF;酒ETF;半导体ETF;有色ETF;军工ETF,沪深300;创业板;纳指;黄金,证券ETF;酒ETF;半导体ETF;有色ETF;军工ETF
2020-07-08,1833780.7801699953,1610127.186074065,223653.59409593022,0.7259012777965662,False,normal,0.0,9,沪深300;创业板;纳指;黄金;证券ETF;酒ETF;半导体ETF;军工ETF;有色ETF,沪深300;创业板;纳指;黄金,证券ETF;酒ETF;半导体ETF;军工ETF;有色ETF
2020-07-09,1862092.6854424295,1643293.9222352477,218798.76320718182,0.7145430778518712,False,normal,0.0,9,沪深300;创业板;纳指;黄金;证券ETF;半导体ETF;酒ETF;有色ETF;军工ETF,沪深300;创业板;纳指;黄金,证券ETF;半导体ETF;酒ETF;有色ETF;军工ETF
2020-07-10,1852281.862343424,1632017.4349414,220264.42740202392,0.7075396805460449,False,normal,-0.00526870825265847,9,沪深300;创业板;纳指;黄金;证券ETF;半导体ETF;酒ETF;军工ETF;有色ETF,沪深300;创业板;纳指;黄金,证券ETF;半导体ETF;酒ETF;军工ETF;有色ETF
2020-07-13,1894899.1734501263,1660920.4519255229,233978.72152460343,0.6641636752725091,False,normal,0.0,9,沪深300;创业板;纳指;黄金;半导体ETF;证券ETF;酒ETF;有色ETF;军工ETF,沪深300;创业板;纳指;黄金,半导体ETF;证券ETF;酒ETF;有色ETF;军工ETF
2020-07-14,1880090.0747457105,1647913.752689592,232176.3220561184,0.6380686881600544,False,normal,-0.007815243635075455,9,沪深300;创业板;纳指;黄金;半导体ETF;证券ETF;酒ETF;军工ETF;有色ETF,沪深300;创业板;纳指;黄金,半导体ETF;证券ETF;酒ETF;军工ETF;有色ETF
2020-07-15,1862578.307989525,1610505.2226292626,252073.0853602623,0.6334230368821769,False,normal,-0.017056773211713096,9,沪深300;创业板;纳指;黄金;酒ETF;证券ETF;半导体ETF;军工ETF;有色ETF,沪深300;创业板;纳指;黄金,酒ETF;证券ETF;半导体ETF;军工ETF;有色ETF
2020-07-16,1802767.5628530842,1505509.7386769913,297257.82417609286,0.48213560345537465,False,normal,-0.048620851118581714,9,沪深300;创业板;纳指;黄金;酒ETF;证券ETF;半导体ETF;军工ETF;有色ETF,沪深300;创业板;纳指;黄金,酒ETF;证券ETF;半导体ETF;军工ETF;有色ETF
2020-07-17,1810097.2781792504,1518241.6063614471,291855.6718178033,0.4955598470583734,False,normal,-0.04475272165350801,9,沪深300;创业板;纳指;黄金;酒ETF;证券ETF;军工ETF;半导体ETF;有色ETF,沪深300;创业板;纳指;黄金,酒ETF;证券ETF;军工ETF;半导体ETF;有色ETF
2020-07-20,1834969.2840069833,1527863.8427047106,307105.4413022727,0.5068354611632593,False,normal,-0.03162695423737298,9,沪深300;创业板;纳指;黄金;军工ETF;酒ETF;证券ETF;半导体ETF;有色ETF,沪深300;创业板;纳指;黄金,军工ETF;酒ETF;证券ETF;半导体ETF;有色ETF
2020-07-21,1850086.4805272263,1544660.8775817927,305425.6029454337,0.5110863125601247,False,normal,-0.023649117351878687,9,沪深300;创业板;纳指;黄金;酒ETF;证券ETF;军工ETF;有色ETF;半导体ETF,沪深300;创业板;纳指;黄金,酒ETF;证券ETF;军工ETF;有色ETF;半导体ETF
2020-07-22,1865632.527696214,1565062.696364484,300569.8313317299,0.5237587081688491,False,normal,-0.015444962013796927,9,沪深300;创业板;纳指;黄金;酒ETF;证券ETF;军工ETF;有色ETF;半导体ETF,沪深300;创业板;纳指;黄金,酒ETF;证券ETF;军工ETF;有色ETF;半导体ETF
2020-07-23,1873032.0320008094,1579214.3551703638,293817.67683044565,0.5401809110744096,False,normal,-0.011540002632172985,9,沪深300;创业板;纳指;黄金;军工ETF;酒ETF;证券ETF;有色ETF;半导体ETF,沪深300;创业板;纳指;黄金,军工ETF;酒ETF;证券ETF;有色ETF;半导体ETF
2020-07-24,1818188.3868939688,1509112.915530493,309075.4713634758,0.44240160246888555,False,normal,-0.04048278010301034,9,沪深300;创业板;纳指;黄金;军工ETF;酒ETF;证券ETF;有色ETF;半导体ETF,沪深300;创业板;纳指;黄金,军工ETF;酒ETF;证券ETF;有色ETF;半导体ETF
2020-07-27,1831127.2556902173,1526970.6230248904,304156.6326653268,0.4534702283697555,False,normal,-0.03365451769330646,9,沪深300;创业板;纳指;黄金;军工ETF;有色ETF;酒ETF;证券ETF;半导体ETF,沪深300;创业板;纳指;黄金,军工ETF;有色ETF;酒ETF;证券ETF;半导体ETF
2020-07-28,1841512.3015734784,1543244.4726649194,298267.82890855893,0.46625499920326074,False,normal,-0.028173990798383272,9,沪深300;创业板;纳指;黄金;军工ETF;酒ETF;有色ETF;证券ETF;半导体ETF,沪深300;创业板;纳指;黄金,军工ETF;酒ETF;有色ETF;证券ETF;半导体ETF
2020-07-29,1870519.1148757336,1570335.5377471459,300183.57712858776,0.4651993700398803,False,normal,-0.012866150830602162,9,沪深300;创业板;纳指;黄金;军工ETF;酒ETF;有色ETF;证券ETF;半导体ETF,沪深300;创业板;纳指;黄金,军工ETF;酒ETF;有色ETF;证券ETF;半导体ETF
2020-07-30,1859686.617640511,1567498.0202748603,292188.5973656506,0.4721664868186582,False,normal,-0.018582812374920384,9,沪深300;创业板;纳指;黄金;军工ETF;酒ETF;有色ETF;证券ETF;半导体ETF,沪深300;创业板;纳指;黄金,军工ETF;酒ETF;有色ETF;证券ETF;半导体ETF
2020-07-31,1880090.0523318998,1592797.9085889356,287292.14374296414,0.47759155016978555,False,normal,-0.00781525546357326,9,沪深300;创业板;纳指;黄金;酒ETF;军工ETF;有色ETF;证券ETF;半导体ETF,沪深300;创业板;纳指;黄金,酒ETF;军工ETF;有色ETF;证券ETF;半导体ETF
2020-08-03,1901393.199271781,1609378.5725546097,292014.62671717117,0.49002790967247584,False,normal,0.0,9,沪深300;创业板;纳指;黄金;军工ETF;酒ETF;有色ETF;证券ETF;半导体ETF,沪深300;创业板;纳指;黄金,军工ETF;酒ETF;有色ETF;证券ETF;半导体ETF
2020-08-04,1898562.3527193954,1610315.9643134228,288246.3884059726,0.5046638002664547,False,normal,-0.0014888275362874316,9,沪深300;创业板;纳指;黄金;酒ETF;军工ETF;有色ETF;证券ETF;半导体ETF,沪深300;创业板;纳指;黄金,酒ETF;军工ETF;有色ETF;证券ETF;半导体ETF
2020-08-05,1914049.775899987,1631470.9573983182,282578.81850166875,0.5178427069177094,False,normal,0.0,9,沪深300;创业板;纳指;黄金;军工ETF;酒ETF;有色ETF;证券ETF;半导体ETF,沪深300;创业板;纳指;黄金,军工ETF;酒ETF;有色ETF;证券ETF;半导体ETF
2020-08-06,1914470.0322162423,1638973.6470641298,275496.38515211246,0.5282542556996325,False,normal,0.0,9,沪深300;创业板;纳指;黄金;军工ETF;有色ETF;证券ETF;酒ETF;半导体ETF,沪深300;创业板;纳指;黄金,军工ETF;有色ETF;证券ETF;酒ETF;半导体ETF
2020-08-07,1905264.823529297,1634155.493159671,271109.33036962594,0.5388081835527743,False,normal,-0.004808228142536691,9,沪深300;创业板;纳指;黄金;军工ETF;有色ETF;证券ETF;酒ETF;半导体ETF,沪深300;创业板;纳指;黄金,军工ETF;有色ETF;证券ETF;酒ETF;半导体ETF
2020-08-10,1899142.8742498904,1635782.5659684765,263360.308281414,0.5515677322013922,False,normal,-0.008005953453660855,9,沪深300;创业板;纳指;黄金;军工ETF;有色ETF;证券ETF;酒ETF;半导体ETF,沪深300;创业板;纳指;黄金,军工ETF;有色ETF;证券ETF;酒ETF;半导体ETF
2020-08-11,1877616.5053853944,1618129.0747839012,259487.43060149322,0.5427184595099859,False,normal,-0.019249988879786854,9,沪深300;创业板;纳指;黄金;军工ETF;有色ETF;证券ETF;酒ETF;半导体ETF,沪深300;创业板;纳指;黄金,军工ETF;有色ETF;证券ETF;酒ETF;半导体ETF
2020-08-12,1841479.2515336997,1587608.001016449,253871.25051725074,0.494459133231027,False,normal,-0.03812584133168514,9,沪深300;创业板;纳指;黄金;军工ETF;证券ETF;有色ETF;酒ETF;半导体ETF,沪深300;创业板;纳指;黄金,军工ETF;证券ETF;有色ETF;酒ETF;半导体ETF
2020-08-13,1851483.1768966794,1605662.0346681562,245821.14222852327,0.505435224610246,False,normal,-0.032900413304797226,9,沪深300;创业板;纳指;黄金;军工ETF;证券ETF;有色ETF;酒ETF;半导体ETF,沪深300;创业板;纳指;黄金,军工ETF;证券ETF;有色ETF;酒ETF;半导体ETF
2020-08-14,1871749.6383542507,1627047.5417460718,244702.09660817892,0.5112140608390093,False,normal,-0.02231447509916742,9,沪深300;创业板;纳指;黄金;军工ETF;酒ETF;证券ETF;有色ETF;半导体ETF,沪深300;创业板;纳指;黄金,军工ETF;酒ETF;证券ETF;有色ETF;半导体ETF
2020-08-17,1895671.6905305393,1643396.918150276,252274.7723802633,0.5182721223393053,False,normal,-0.009819083803543039,9,沪深300;创业板;纳指;黄金;军工ETF;证券ETF;酒ETF;有色ETF;半导体ETF,沪深300;创业板;纳指;黄金,军工ETF;证券ETF;酒ETF;有色ETF;半导体ETF
2020-08-18,1903093.931338128,1659733.3294001757,243360.60193795222,0.5334675337327378,False,normal,-0.005942167120236959,9,沪深300;创业板;纳指;黄金;军工ETF;证券ETF;酒ETF;有色ETF;半导体ETF,沪深300;创业板;纳指;黄金,军工ETF;证券ETF;酒ETF;有色ETF;半导体ETF
2020-08-19,1882716.9177457618,1643552.353833713,239164.5639120487,0.5299326775234341,False,normal,-0.016585850880999276,9,沪深300;创业板;纳指;黄金;军工ETF;酒ETF;证券ETF;有色ETF;半导体ETF,沪深300;创业板;纳指;黄金,军工ETF;酒ETF;证券ETF;有色ETF;半导体ETF
2020-08-20,1861232.7397885616,1620294.6804543282,240938.0593342334,0.5315844524158615,False,normal,-0.027807848402856303,9,沪深300;创业板;纳指;黄金;军工ETF;证券ETF;酒ETF;有色ETF;半导体ETF,沪深300;创业板;纳指;黄金,军工ETF;证券ETF;酒ETF;有色ETF;半导体ETF
2020-08-21,1880077.4908769957,1646301.449884602,233776.04099239362,0.5312954827787868,False,normal,-0.017964523215562075,9,沪深300;创业板;纳指;黄金;军工ETF;证券ETF;酒ETF;有色ETF;半导体ETF,沪深300;创业板;纳指;黄金,军工ETF;证券ETF;酒ETF;有色ETF;半导体ETF
2020-08-24,1902218.1614752847,1675684.0311474332,226534.1303278515,0.5272904018603809,False,normal,-0.006399614794061028,9,沪深300;创业板;纳指;黄金;军工ETF;证券ETF;酒ETF;有色ETF;半导体ETF,沪深300;创业板;纳指;黄金,军工ETF;证券ETF;酒ETF;有色ETF;半导体ETF
2020-08-25,1918613.595348339,1699609.621318289,219003.97403004998,0.529546821469355,False,normal,0.0,9,沪深300;创业板;纳指;黄金;酒ETF;军工ETF;证券ETF;有色ETF;半导体ETF,沪深300;创业板;纳指;黄金,酒ETF;军工ETF;证券ETF;有色ETF;半导体ETF
2020-08-26,1891319.965517632,1669798.810946798,221521.154570834,0.516356127270488,False,normal,-0.014225704381997632,9,沪深300;创业板;纳指;黄金;酒ETF;军工ETF;证券ETF;有色ETF;半导体ETF,沪深300;创业板;纳指;黄金,酒ETF;军工ETF;证券ETF;有色ETF;半导体ETF
2020-08-27,1923500.2302744638,1704502.8115530284,218997.41872143536,0.49868556739840864,False,normal,0.0,9,沪深300;创业板;纳指;黄金;酒ETF;军工ETF;证券ETF;有色ETF;半导体ETF,沪深300;创业板;纳指;黄金,酒ETF;军工ETF;证券ETF;有色ETF;半导体ETF
2020-08-28,1955476.9270116526,1732018.9281726999,223457.99883895274,0.4947751511255244,False,normal,0.0,9,沪深300;创业板;纳指;黄金;酒ETF;证券ETF;军工ETF;有色ETF;半导体ETF,沪深300;创业板;纳指;黄金,酒ETF;证券ETF;军工ETF;有色ETF;半导体ETF
2020-08-31,1970297.4125600574,1756448.7684469556,213848.64411310176,0.5075269631972331,False,normal,0.0,9,沪深300;创业板;纳指;黄金;酒ETF;军工ETF;证券ETF;有色ETF;半导体ETF,沪深300;创业板;纳指;黄金,酒ETF;军工ETF;证券ETF;有色ETF;半导体ETF
2020-09-01,1976281.845135327,1773562.498586823,202719.34654850396,0.5233878486016927,False,normal,0.0,9,沪深300;创业板;纳指;黄金;酒ETF;军工ETF;证券ETF;有色ETF;半导体ETF,沪深300;创业板;纳指;黄金,酒ETF;军工ETF;证券ETF;有色ETF;半导体ETF
2020-09-02,1983708.8037791129,1784885.120242722,198823.68353639077,0.5372501561785801,False,normal,0.0,9,沪深300;创业板;纳指;黄金;酒ETF;军工ETF;证券ETF;有色ETF;半导体ETF,沪深300;创业板;纳指;黄金,酒ETF;军工ETF;证券ETF;有色ETF;半导体ETF
2020-09-03,1979520.7346966076,1792825.9736773253,186694.76101928228,0.6049778566377396,False,normal,-0.0021112317869067874,8,沪深300;纳指;黄金;酒ETF;证券ETF;军工ETF;有色ETF;半导体ETF,沪深300;纳指;黄金,酒ETF;证券ETF;军工ETF;有色ETF;半导体ETF
2020-09-04,1933509.455678944,1762009.5176729346,171499.93800600944,0.3701921435697216,False,normal,-0.02530580496720858,7,纳指;黄金;酒ETF;证券ETF;军工ETF;有色ETF;半导体ETF,纳指;黄金,酒ETF;证券ETF;军工ETF;有色ETF;半导体ETF
2020-09-07,1871887.4990531069,1692157.8094737702,179729.68957933667,0.32636124739893485,False,normal,-0.05636981824801004,7,纳指;黄金;酒ETF;证券ETF;军工ETF;有色ETF;半导体ETF,纳指;黄金,酒ETF;证券ETF;军工ETF;有色ETF;半导体ETF
2020-09-08,1906198.2542261933,1735177.630368761,171020.62385743228,0.31984663052754914,False,normal,-0.03907355222967011,7,纳指;黄金;酒ETF;证券ETF;军工ETF;有色ETF;半导体ETF,纳指;黄金,酒ETF;证券ETF;军工ETF;有色ETF;半导体ETF
2020-09-09,1862029.050827454,1685470.414285731,176558.63654172304,0.38201655317047695,False,normal,-0.06133952358322442,8,沪深300;纳指;黄金;酒ETF;证券ETF;军工ETF;有色ETF;半导体ETF,沪深300;纳指;黄金,酒ETF;证券ETF;军工ETF;有色ETF;半导体ETF
2020-09-10,1873197.1737415444,1704534.119381249,168663.0543602954,0.3878402195158487,False,normal,-0.055709603056172174,8,沪深300;纳指;黄金;酒ETF;证券ETF;有色ETF;军工ETF;半导体ETF,沪深300;纳指;黄金,酒ETF;证券ETF;有色ETF;军工ETF;半导体ETF
2020-09-11,1872719.7732629727,1708408.8830756505,164310.89018732216,0.32136445171482164,False,normal,-0.055950263619689446,7,纳指;黄金;酒ETF;证券ETF;军工ETF;有色ETF;半导体ETF,纳指;黄金,酒ETF;证券ETF;军工ETF;有色ETF;半导体ETF
2020-09-14,1893863.7131156311,1736279.8171760265,157583.8959396046,0.32736332808605906,False,normal,-0.0452914714560525,7,纳指;黄金;酒ETF;有色ETF;证券ETF;军工ETF;半导体ETF,纳指;黄金,酒ETF;有色ETF;证券ETF;军工ETF;半导体ETF
2020-09-15,1921101.7474725307,1771704.4447843588,149397.30268817185,0.3302270849865183,False,normal,-0.031560608183676495,7,纳指;黄金;酒ETF;有色ETF;军工ETF;证券ETF;半导体ETF,纳指;黄金,酒ETF;有色ETF;军工ETF;证券ETF;半导体ETF
2020-09-16,1913008.4565249225,1772805.3509268935,140203.10559802898,0.3399154971886744,False,normal,-0.035640486708281446,7,纳指;黄金;酒ETF;有色ETF;军工ETF;证券ETF;半导体ETF,纳指;黄金,酒ETF;有色ETF;军工ETF;证券ETF;半导体ETF
2020-09-17,1879576.0481252451,1755140.6521042413,124435.39602100383,0.2902241814942767,False,normal,-0.052493972631208315,7,沪深300;纳指;酒ETF;有色ETF;军工ETF;证券ETF;半导体ETF,沪深300;纳指,酒ETF;有色ETF;军工ETF;证券ETF;半导体ETF
2020-09-18,1931182.969900497,1777936.4329471535,153246.53695334354,0.2845731741804905,False,normal,-0.026478600981429457,7,沪深300;纳指;酒ETF;证券ETF;有色ETF;军工ETF;半导体ETF,沪深300;纳指,酒ETF;证券ETF;有色ETF;军工ETF;半导体ETF
2020-09-21,1909730.8421626014,1771389.809342409,138341.0328201924,0.2878364028963014,False,normal,-0.037292752583230934,7,沪深300;纳指;军工ETF;有色ETF;酒ETF;证券ETF;半导体ETF,沪深300;纳指,军工ETF;有色ETF;酒ETF;证券ETF;半导体ETF
2020-09-22,1884857.7294955265,1752077.7511630568,132779.9783324697,0.18366851361557798,False,normal,-0.04983144405835559,6,纳指;军工ETF;证券ETF;有色ETF;酒ETF;半导体ETF,纳指,军工ETF;证券ETF;有色ETF;酒ETF;半导体ETF
2020-09-23,1902508.6185408735,1782189.5775530157,120319.04098785785,0.18872074712434256,False,normal,-0.040933520627396,6,纳指;军工ETF;证券ETF;有色ETF;酒ETF;半导体ETF,纳指,军工ETF;证券ETF;有色ETF;酒ETF;半导体ETF
2020-09-24,1842003.3227444591,1713182.0401273537,128821.2826171054,0.18676869609556385,False,normal,-0.07143461820842567,6,纳指;军工ETF;证券ETF;有色ETF;酒ETF;半导体ETF,纳指,军工ETF;证券ETF;有色ETF;酒ETF;半导体ETF
2020-09-25,1833276.710493861,1716491.97118268,116784.73931118101,0.19234631601294536,False,normal,-0.07583375795815774,6,纳指;军工ETF;证券ETF;酒ETF;有色ETF;半导体ETF,纳指,军工ETF;证券ETF;酒ETF;有色ETF;半导体ETF
2020-09-28,1852661.3622810892,1747817.847981319,104843.51429977012,0.1966784932866916,False,normal,-0.06606183389838698,6,纳指;证券ETF;酒ETF;军工ETF;有色ETF;半导体ETF,纳指,证券ETF;酒ETF;军工ETF;有色ETF;半导体ETF
2020-09-29,1866335.887219953,1761156.6316524495,105179.2555675034,0.20267124067000059,False,normal,-0.05916842045342333,6,纳指;军工ETF;证券ETF;酒ETF;有色ETF;半导体ETF,纳指,军工ETF;证券ETF;酒ETF;有色ETF;半导体ETF
2020-09-30,1867120.4144433269,1775747.3393140787,91373.0751292482,0.20902432442947158,False,normal,-0.05877293537926355,6,纳指;军工ETF;证券ETF;酒ETF;有色ETF;半导体ETF,纳指,军工ETF;证券ETF;酒ETF;有色ETF;半导体ETF
2020-10-09,1902339.4599966647,1806933.384516923,95406.07547974167,0.21311680853347786,False,normal,-0.04101879450624686,6,纳指;军工ETF;证券ETF;酒ETF;创新药ETF;有色ETF,纳指,军工ETF;证券ETF;酒ETF;创新药ETF;有色ETF
2020-10-12,1928737.2660521818,1759504.7924488352,169232.47360334662,0.35102812225840135,False,normal,-0.0277114955694133,8,沪深300;创业板;纳指;军工ETF;证券ETF;酒ETF;创新药ETF;半导体ETF,沪深300;创业板;纳指,军工ETF;证券ETF;酒ETF;创新药ETF;半导体ETF
2020-10-13,1935525.5515016706,1778157.3517177328,157368.19978393777,0.36183971082925687,False,normal,-0.024289478468638933,8,沪深300;创业板;纳指;军工ETF;酒ETF;创新药ETF;证券ETF;半导体ETF,沪深300;创业板;纳指,军工ETF;酒ETF;创新药ETF;证券ETF;半导体ETF
2020-10-14,1924882.6903958186,1776249.2065993678,148633.48379645078,0.37087810910575164,False,normal,-0.029654611236904424,8,沪深300;创业板;纳指;酒ETF;军工ETF;创新药ETF;半导体ETF;证券ETF,沪深300;创业板;纳指,酒ETF;军工ETF;创新药ETF;半导体ETF;证券ETF
2020-10-15,1907021.6176282647,1770919.1348686637,136102.48275960097,0.37488678340164544,False,normal,-0.03865848959522354,8,沪深300;创业板;纳指;军工ETF;酒ETF;创新药ETF;半导体ETF;证券ETF,沪深300;创业板;纳指,军工ETF;酒ETF;创新药ETF;半导体ETF;证券ETF
2020-10-16,1901322.1232160092,1778265.0174877043,123057.10572830494,0.38574572255908984,False,normal,-0.04153164033256841,8,沪深300;创业板;纳指;军工ETF;证券ETF;酒ETF;创新药ETF;半导体ETF,沪深300;创业板;纳指,军工ETF;证券ETF;酒ETF;创新药ETF;半导体ETF
2020-10-19,1891933.1825390744,1772144.448993446,119788.73354562838,0.24610970415782532,False,normal,-0.046264663979511025,6,纳指;军工ETF;酒ETF;创新药ETF;证券ETF;半导体ETF,纳指,军工ETF;酒ETF;创新药ETF;证券ETF;半导体ETF
2020-10-20,1888394.2593410816,0.0,1888394.2593410816,0.0,True,normal,-0.048048657270890756,0,,创业板;纳指,酒ETF;军工ETF;证券ETF;创新药ETF;半导体ETF
2020-10-21,1888394.2593410816,0.0,1888394.2593410816,0.0,True,normal,-0.048048657270890756,0,,沪深300;创业板;纳指,酒ETF;军工ETF;创新药ETF;证券ETF;有色ETF
2020-10-22,1888394.2593410816,0.0,1888394.2593410816,0.0,True,normal,-0.048048657270890756,0,,沪深300;创业板;纳指,酒ETF;证券ETF;创新药ETF;军工ETF;有色ETF
2020-10-23,1888394.2593410816,0.0,1888394.2593410816,0.0,True,normal,-0.048048657270890756,0,,沪深300;纳指,酒ETF;证券ETF;军工ETF;创新药ETF;有色ETF
2020-10-26,1888394.2593410816,0.0,1888394.2593410816,0.0,True,normal,-0.048048657270890756,0,,纳指,酒ETF;创新药ETF;军工ETF;证券ETF;有色ETF
2020-10-27,1888394.2593410816,0.0,1888394.2593410816,0.0,True,normal,-0.048048657270890756,0,,国债ETF,酒ETF;创新药ETF;军工ETF;有色ETF;证券ETF
2020-10-28,1888394.2593410816,0.0,1888394.2593410816,0.0,True,normal,-0.048048657270890756,0,,沪深300;创业板;国债ETF,酒ETF;有色ETF;军工ETF;创新药ETF;证券ETF
2020-10-29,1888394.2593410816,0.0,1888394.2593410816,0.0,True,normal,-0.048048657270890756,0,,沪深300;创业板;国债ETF,酒ETF;有色ETF;创新药ETF;军工ETF;证券ETF
2020-10-30,1888394.2593410816,0.0,1888394.2593410816,0.0,True,normal,-0.048048657270890756,0,,国债ETF,酒ETF;有色ETF;军工ETF;创新药ETF;半导体ETF
2020-11-02,1888394.2593410816,0.0,1888394.2593410816,0.0,True,normal,-0.048048657270890756,0,,国债ETF,酒ETF;有色ETF;半导体ETF;创新药ETF;军工ETF
2020-11-03,1888394.2593410816,0.0,1888394.2593410816,0.0,True,normal,-0.048048657270890756,0,,国债ETF,酒ETF;有色ETF;半导体ETF;创新药ETF;军工ETF
2020-11-04,1888394.2593410816,0.0,1888394.2593410816,0.0,True,normal,-0.048048657270890756,0,,国债ETF,酒ETF;有色ETF;半导体ETF;创新药ETF;军工ETF
2020-11-05,1888394.2593410816,0.0,1888394.2593410816,0.0,True,normal,-0.048048657270890756,0,,沪深300;创业板;国债ETF,酒ETF;有色ETF;创新药ETF;半导体ETF;证券ETF
2020-11-06,1888394.2593410816,0.0,1888394.2593410816,0.0,True,normal,-0.048048657270890756,0,,沪深300;国债ETF,酒ETF;有色ETF;半导体ETF;证券ETF;创新药ETF
2020-11-09,1888394.2593410816,0.0,1888394.2593410816,0.0,True,normal,-0.048048657270890756,0,,沪深300;创业板;纳指;国债ETF,酒ETF;有色ETF;半导体ETF;证券ETF;创新药ETF
2020-11-10,1888394.2593410816,0.0,1888394.2593410816,0.0,True,normal,-0.048048657270890756,0,,沪深300;创业板;国债ETF,酒ETF;有色ETF;半导体ETF;证券ETF;创新药ETF
2020-11-11,1888394.2593410816,0.0,1888394.2593410816,0.0,True,normal,-0.048048657270890756,0,,沪深300;创业板;国债ETF,酒ETF;有色ETF;半导体ETF;证券ETF;创新药ETF
2020-11-12,1888394.2593410816,0.0,1888394.2593410816,0.0,True,normal,-0.048048657270890756,0,,沪深300;创业板,酒ETF;有色ETF;半导体ETF;证券ETF;创新药ETF
2020-11-13,1888394.2593410816,0.0,1888394.2593410816,0.0,True,normal,-0.048048657270890756,0,,沪深300;创业板,酒ETF;有色ETF;半导体ETF;创新药ETF;证券ETF
2020-11-16,1888394.2593410816,0.0,1888394.2593410816,0.0,True,normal,-0.048048657270890756,0,,沪深300;创业板;国债ETF,酒ETF;有色ETF;半导体ETF;创新药ETF;证券ETF
2020-11-17,1888394.2593410816,0.0,1888394.2593410816,0.0,True,normal,-0.048048657270890756,0,,沪深300;创业板,酒ETF;有色ETF;半导体ETF;证券ETF;创新药ETF
2020-11-18,1888394.2593410816,0.0,1888394.2593410816,0.0,True,normal,-0.048048657270890756,0,,沪深300;创业板,酒ETF;有色ETF;半导体ETF;证券ETF;军工ETF
2020-11-19,1888394.2593410816,0.0,1888394.2593410816,0.0,True,normal,-0.048048657270890756,0,,沪深300;创业板,酒ETF;有色ETF;半导体ETF;军工ETF;证券ETF
2020-11-20,1888394.2593410816,0.0,1888394.2593410816,0.0,True,normal,-0.048048657270890756,0,,沪深300;创业板,酒ETF;有色ETF;半导体ETF;军工ETF;证券ETF
2020-11-23,1888394.2593410816,0.0,1888394.2593410816,0.0,True,normal,-0.048048657270890756,0,,沪深300;创业板,酒ETF;有色ETF;半导体ETF;证券ETF;军工ETF
2020-11-24,1888394.2593410816,0.0,1888394.2593410816,0.0,True,normal,-0.048048657270890756,0,,沪深300;创业板,有色ETF;酒ETF;半导体ETF;军工ETF;证券ETF
2020-11-25,1888394.2593410816,0.0,1888394.2593410816,0.0,True,normal,-0.048048657270890756,0,,沪深300;创业板,有色ETF;酒ETF;半导体ETF;军工ETF;证券ETF
2020-11-26,1888394.2593410816,0.0,1888394.2593410816,0.0,True,normal,-0.048048657270890756,0,,沪深300;创业板,有色ETF;酒ETF;半导体ETF;军工ETF;证券ETF
2020-11-27,1888394.2593410816,0.0,1888394.2593410816,0.0,True,normal,-0.048048657270890756,0,,沪深300;创业板,有色ETF;酒ETF;军工ETF;半导体ETF;证券ETF
2020-11-30,1888394.2593410816,0.0,1888394.2593410816,0.0,True,normal,-0.048048657270890756,0,,沪深300;创业板,有色ETF;酒ETF;军工ETF;半导体ETF;证券ETF
2020-12-01,1888394.2593410816,0.0,1888394.2593410816,0.0,True,normal,-0.048048657270890756,0,,沪深300;创业板,有色ETF;酒ETF;证券ETF;半导体ETF;军工ETF
2020-12-02,1888394.2593410816,0.0,1888394.2593410816,0.0,True,normal,-0.048048657270890756,0,,沪深300;创业板,有色ETF;酒ETF;半导体ETF;证券ETF;军工ETF
2020-12-03,1888394.2593410816,0.0,1888394.2593410816,0.0,True,normal,-0.048048657270890756,0,,沪深300;创业板;国债ETF,有色ETF;酒ETF;证券ETF;军工ETF;半导体ETF
2020-12-04,1888394.2593410816,0.0,1888394.2593410816,0.0,True,normal,-0.048048657270890756,0,,沪深300;国债ETF,酒ETF;有色ETF;军工ETF;证券ETF;半导体ETF
2020-12-07,1888394.2593410816,0.0,1888394.2593410816,0.0,True,normal,-0.048048657270890756,0,,沪深300;国债ETF,有色ETF;酒ETF;军工ETF;半导体ETF;证券ETF
2020-12-08,1888394.2593410816,0.0,1888394.2593410816,0.0,True,normal,-0.048048657270890756,0,,沪深300;国债ETF,酒ETF;有色ETF;军工ETF;半导体ETF;证券ETF
2020-12-09,1888394.2593410816,1888394.2593410811,4.656612873077393e-10,1.0,False,normal,-0.048048657270890756,7,沪深300;国债ETF;有色ETF;酒ETF;军工ETF;半导体ETF;证券ETF,沪深300;国债ETF,有色ETF;酒ETF;军工ETF;半导体ETF;证券ETF
2020-12-10,1886266.7323641542,1886266.7323641547,-4.656612873077393e-10,1.0,False,normal,-0.04912115691039143,7,沪深300;国债ETF;酒ETF;有色ETF;军工ETF;半导体ETF;证券ETF,沪深300;国债ETF,酒ETF;有色ETF;军工ETF;半导体ETF;证券ETF
2020-12-11,1871431.1730304107,1871431.1730304107,0.0,0.5889929292242057,False,normal,-0.056599855046670644,7,沪深300;创业板;酒ETF;军工ETF;有色ETF;半导体ETF;证券ETF,沪深300;创业板,酒ETF;军工ETF;有色ETF;半导体ETF;证券ETF
2020-12-14,1894189.4264355318,1894189.4264355316,2.3283064365386963e-10,0.6629496669093253,False,normal,-0.045127277336794586,6,沪深300;酒ETF;军工ETF;有色ETF;半导体ETF;创新药ETF,沪深300,酒ETF;军工ETF;有色ETF;半导体ETF;创新药ETF
2020-12-15,1899479.0476317261,1899479.0476317266,-4.656612873077393e-10,0.5982681288130466,False,normal,-0.042460746248099916,7,沪深300;创业板;酒ETF;军工ETF;有色ETF;创新药ETF;半导体ETF,沪深300;创业板,酒ETF;军工ETF;有色ETF;创新药ETF;半导体ETF
2020-12-16,1900789.6673447134,1900789.6673447136,-2.3283064365386963e-10,0.617065793976562,False,normal,-0.04180005466348306,7,沪深300;创业板;酒ETF;有色ETF;创新药ETF;军工ETF;半导体ETF,沪深300;创业板,酒ETF;有色ETF;创新药ETF;军工ETF;半导体ETF
2020-12-17,1927982.5825183187,1927982.5825183187,0.0,0.6149517391018339,False,normal,-0.028091936253260362,7,沪深300;创业板;酒ETF;创新药ETF;有色ETF;军工ETF;证券ETF,沪深300;创业板,酒ETF;创新药ETF;有色ETF;军工ETF;证券ETF
2020-12-18,1923700.7545843981,1923700.7545843984,-2.3283064365386963e-10,0.6287151229809098,False,normal,-0.030250432462867006,7,沪深300;创业板;酒ETF;创新药ETF;有色ETF;军工ETF;半导体ETF,沪深300;创业板,酒ETF;创新药ETF;有色ETF;军工ETF;半导体ETF
2020-12-21,1965621.9665856494,1965621.9665856492,2.3283064365386963e-10,0.5846904281618196,False,normal,-0.009117687615746169,7,沪深300;创业板;酒ETF;创新药ETF;有色ETF;军工ETF;半导体ETF,沪深300;创业板,酒ETF;创新药ETF;有色ETF;军工ETF;半导体ETF
2020-12-22,1930283.5668627226,1930283.5668627233,-6.984919309616089e-10,0.8190153729403282,False,normal,-0.026931995671245292,8,沪深300;创业板;国债ETF;酒ETF;创新药ETF;有色ETF;军工ETF;半导体ETF,沪深300;创业板;国债ETF,酒ETF;创新药ETF;有色ETF;军工ETF;半导体ETF
2020-12-23,1948888.1664551229,1948888.1664551236,-6.984919309616089e-10,0.8468629566058054,False,normal,-0.017553300795789227,9,沪深300;创业板;纳指;国债ETF;酒ETF;创新药ETF;有色ETF;军工ETF;半导体ETF,沪深300;创业板;纳指;国债ETF,酒ETF;创新药ETF;有色ETF;军工ETF;半导体ETF
2020-12-24,1941383.4753200035,1941383.475320003,4.656612873077393e-10,0.8677133907834532,False,normal,-0.021336462477999044,9,沪深300;创业板;纳指;国债ETF;酒ETF;有色ETF;创新药ETF;军工ETF;半导体ETF,沪深300;创业板;纳指;国债ETF,酒ETF;有色ETF;创新药ETF;军工ETF;半导体ETF
2020-12-25,1957799.3267246755,1957799.3267246755,0.0,1.0,False,normal,-0.013061129236850644,9,沪深300;创业板;纳指;国债ETF;酒ETF;有色ETF;创新药ETF;军工ETF;半导体ETF,沪深300;创业板;纳指;国债ETF,酒ETF;有色ETF;创新药ETF;军工ETF;半导体ETF
2020-12-28,1961852.5971110845,1961852.597111084,4.656612873077393e-10,0.59698439239981,False,normal,-0.011017850314718912,7,沪深300;创业板;酒ETF;有色ETF;军工ETF;创新药ETF;半导体ETF,沪深300;创业板,酒ETF;有色ETF;军工ETF;创新药ETF;半导体ETF
2020-12-29,1944177.2815242321,1944177.2815242324,-2.3283064365386963e-10,0.6043889060881158,False,normal,-0.019928087317841337,7,沪深300;创业板;酒ETF;有色ETF;军工ETF;创新药ETF;半导体ETF,沪深300;创业板,酒ETF;有色ETF;军工ETF;创新药ETF;半导体ETF
2020-12-30,1985193.4314202229,1985193.431420223,-2.3283064365386963e-10,0.8464065758824189,False,normal,0.0,8,沪深300;创业板;国债ETF;酒ETF;有色ETF;军工ETF;创新药ETF;半导体ETF,沪深300;创业板;国债ETF,酒ETF;有色ETF;军工ETF;创新药ETF;半导体ETF
2020-12-31,2019739.6898655875,1934574.2096844749,85165.48018111265,0.7998337266474435,False,normal,0.0,8,沪深300;创业板;国债ETF;酒ETF;有色ETF;军工ETF;创新药ETF;证券ETF,沪深300;创业板;国债ETF,酒ETF;有色ETF;军工ETF;创新药ETF;证券ETF
2021-01-04,2060586.9963171878,1928646.7216020613,131940.2747151265,0.7687041177863031,False,normal,0.0,8,沪深300;创业板;国债ETF;酒ETF;有色ETF;军工ETF;创新药ETF;证券ETF,沪深300;创业板;国债ETF,酒ETF;有色ETF;军工ETF;创新药ETF;证券ETF
2021-01-05,2077685.3958454328,0.0,2077685.3958454328,0.0,True,normal,0.0,0,,沪深300;创业板;黄金;国债ETF,酒ETF;有色ETF;军工ETF;创新药ETF;半导体ETF
2021-01-06,2077685.3958454328,0.0,2077685.3958454328,0.0,True,normal,0.0,0,,沪深300;创业板;黄金;国债ETF,酒ETF;军工ETF;有色ETF;创新药ETF;半导体ETF
2021-01-07,2077685.3958454328,0.0,2077685.3958454328,0.0,True,normal,0.0,0,,沪深300;创业板;黄金;国债ETF,酒ETF;有色ETF;军工ETF;创新药ETF;证券ETF
2021-01-08,2077685.3958454328,0.0,2077685.3958454328,0.0,True,normal,0.0,0,,沪深300;创业板;国债ETF,酒ETF;有色ETF;军工ETF;创新药ETF;证券ETF
2021-01-11,2077685.3958454328,0.0,2077685.3958454328,0.0,True,normal,0.0,0,,沪深300;创业板;国债ETF,有色ETF;酒ETF;军工ETF;创新药ETF;半导体ETF
2021-01-12,2077685.3958454328,0.0,2077685.3958454328,0.0,True,normal,0.0,0,,沪深300;创业板;国债ETF,酒ETF;有色ETF;军工ETF;证券ETF;创新药ETF
2021-01-13,2077685.3958454328,0.0,2077685.3958454328,0.0,True,normal,0.0,0,,沪深300;创业板;国债ETF,军工ETF;有色ETF;酒ETF;半导体ETF;证券ETF
2021-01-14,2077685.3958454328,0.0,2077685.3958454328,0.0,True,normal,0.0,0,,沪深300;创业板;纳指;国债ETF,军工ETF;酒ETF;有色ETF;半导体ETF;证券ETF
2021-01-15,2077685.3958454328,0.0,2077685.3958454328,0.0,True,normal,0.0,0,,沪深300;创业板;国债ETF,军工ETF;有色ETF;酒ETF;半导体ETF;证券ETF
2021-01-18,2077685.3958454328,0.0,2077685.3958454328,0.0,True,normal,0.0,0,,沪深300;创业板;国债ETF,军工ETF;有色ETF;酒ETF;半导体ETF;证券ETF
2021-01-19,2077685.3958454328,0.0,2077685.3958454328,0.0,True,normal,0.0,0,,沪深300;创业板;纳指;黄金;国债ETF,军工ETF;有色ETF;半导体ETF;酒ETF;证券ETF
2021-01-20,2077685.3958454328,0.0,2077685.3958454328,0.0,True,normal,0.0,0,,沪深300;创业板;纳指;黄金;国债ETF,有色ETF;军工ETF;半导体ETF;酒ETF;证券ETF
2021-01-21,2077685.3958454328,0.0,2077685.3958454328,0.0,True,normal,0.0,0,,沪深300;创业板;纳指;黄金;国债ETF,有色ETF;军工ETF;酒ETF;半导体ETF;证券ETF
2021-01-22,2077685.3958454328,0.0,2077685.3958454328,0.0,True,normal,0.0,0,,沪深300;创业板;纳指;黄金;国债ETF,有色ETF;军工ETF;酒ETF;半导体ETF;创新药ETF
2021-01-25,2077685.3958454328,0.0,2077685.3958454328,0.0,True,normal,0.0,0,,沪深300;创业板;纳指;黄金;国债ETF,有色ETF;军工ETF;酒ETF;创新药ETF;半导体ETF
2021-01-26,2077685.3958454328,0.0,2077685.3958454328,0.0,True,normal,0.0,0,,沪深300;创业板;纳指;黄金;国债ETF,有色ETF;酒ETF;创新药ETF;军工ETF;半导体ETF
2021-01-27,2077685.3958454328,0.0,2077685.3958454328,0.0,True,normal,0.0,0,,沪深300;创业板;纳指;黄金;国债ETF,有色ETF;酒ETF;创新药ETF;半导体ETF;军工ETF
2021-01-28,2077685.3958454328,0.0,2077685.3958454328,0.0,True,normal,0.0,0,,沪深300;创业板;黄金;国债ETF,有色ETF;酒ETF;创新药ETF;军工ETF;半导体ETF
2021-01-29,2077685.3958454328,0.0,2077685.3958454328,0.0,True,normal,0.0,0,,沪深300;创业板;黄金;国债ETF,有色ETF;酒ETF;创新药ETF;半导体ETF;证券ETF
2021-02-01,2077685.3958454328,0.0,2077685.3958454328,0.0,True,normal,0.0,0,,沪深300;创业板;纳指;黄金;国债ETF,有色ETF;创新药ETF;酒ETF;证券ETF;军工ETF
2021-02-02,2077685.3958454328,0.0,2077685.3958454328,0.0,True,normal,0.0,0,,沪深300;创业板;纳指;国债ETF,有色ETF;创新药ETF;酒ETF;半导体ETF;证券ETF
2021-02-03,2077685.3958454328,0.0,2077685.3958454328,0.0,True,normal,0.0,0,,沪深300;创业板;纳指;国债ETF,有色ETF;创新药ETF;酒ETF;半导体ETF;证券ETF
2021-02-04,2077685.3958454328,0.0,2077685.3958454328,0.0,True,normal,0.0,0,,沪深300;创业板;纳指;国债ETF,酒ETF;创新药ETF;有色ETF;半导体ETF;军工ETF
2021-02-05,2077685.3958454328,0.0,2077685.3958454328,0.0,True,normal,0.0,0,,沪深300;创业板;纳指;国债ETF,酒ETF;创新药ETF;有色ETF;证券ETF;军工ETF
2021-02-08,2077685.3958454328,0.0,2077685.3958454328,0.0,True,normal,0.0,0,,沪深300;纳指;国债ETF,酒ETF;创新药ETF;有色ETF;半导体ETF;军工ETF
2021-02-09,2077685.3958454328,0.0,2077685.3958454328,0.0,True,normal,0.0,0,,沪深300;创业板;纳指;国债ETF,创新药ETF;酒ETF;有色ETF;军工ETF;证券ETF
2021-02-10,2077685.3958454328,0.0,2077685.3958454328,0.0,True,normal,0.0,0,,沪深300;创业板;纳指;国债ETF,酒ETF;创新药ETF;有色ETF;军工ETF;证券ETF
2021-02-18,2077685.3958454328,0.0,2077685.3958454328,0.0,True,normal,0.0,0,,沪深300;创业板;纳指;国债ETF,有色ETF;酒ETF;创新药ETF;军工ETF;半导体ETF
2021-02-19,2077685.3958454328,0.0,2077685.3958454328,0.0,True,normal,0.0,0,,沪深300;创业板;纳指;国债ETF,有色ETF;酒ETF;创新药ETF;军工ETF;证券ETF
2021-02-22,2077685.3958454328,0.0,2077685.3958454328,0.0,True,normal,0.0,0,,沪深300;创业板;纳指;国债ETF,有色ETF;酒ETF;创新药ETF;军工ETF;证券ETF
2021-02-23,2077685.3958454328,0.0,2077685.3958454328,0.0,True,normal,0.0,0,,沪深300;创业板;纳指;国债ETF,有色ETF;酒ETF;创新药ETF;军工ETF;证券ETF
2021-02-24,2077685.3958454328,0.0,2077685.3958454328,0.0,True,normal,0.0,0,,沪深300;创业板;纳指;国债ETF,有色ETF;创新药ETF;酒ETF;军工ETF;半导体ETF
2021-02-25,2077685.3958454328,0.0,2077685.3958454328,0.0,True,normal,0.0,0,,沪深300;创业板;纳指;国债ETF,有色ETF;酒ETF;创新药ETF;军工ETF;半导体ETF
2021-02-26,2077685.3958454328,0.0,2077685.3958454328,0.0,True,normal,0.0,0,,沪深300;创业板;国债ETF,有色ETF;创新药ETF;酒ETF;军工ETF;证券ETF
2021-03-01,2077685.3958454328,0.0,2077685.3958454328,0.0,True,normal,0.0,0,,沪深300;创业板;国债ETF,有色ETF;创新药ETF;军工ETF;酒ETF;半导体ETF
2021-03-02,2077685.3958454328,0.0,2077685.3958454328,0.0,True,normal,0.0,0,,沪深300;创业板;纳指;国债ETF,有色ETF;创新药ETF;军工ETF;半导体ETF;酒ETF
2021-03-03,2077685.3958454328,0.0,2077685.3958454328,0.0,True,normal,0.0,0,,沪深300;创业板;国债ETF,有色ETF;创新药ETF;酒ETF;军工ETF;半导体ETF
2021-03-04,2077685.3958454328,0.0,2077685.3958454328,0.0,True,normal,0.0,0,,国债ETF,有色ETF;军工ETF;创新药ETF;半导体ETF;酒ETF
2021-03-05,2077685.3958454328,0.0,2077685.3958454328,0.0,True,normal,0.0,0,,国债ETF,有色ETF;军工ETF;创新药ETF;半导体ETF;酒ETF
2021-03-08,2077685.3958454328,0.0,2077685.3958454328,0.0,True,normal,0.0,0,,国债ETF,有色ETF;创新药ETF;证券ETF;军工ETF;半导体ETF
2021-03-09,2077685.3958454328,0.0,2077685.3958454328,0.0,True,normal,0.0,0,,国债ETF,有色ETF;证券ETF;创新药ETF;军工ETF;半导体ETF
2021-03-10,2077685.3958454328,0.0,2077685.3958454328,0.0,True,normal,0.0,0,,纳指;国债ETF,有色ETF;创新药ETF;证券ETF;军工ETF;半导体ETF
2021-03-11,2077685.3958454328,0.0,2077685.3958454328,0.0,True,normal,0.0,0,,国债ETF,有色ETF;创新药ETF;证券ETF;军工ETF;半导体ETF
2021-03-12,2077685.3958454328,0.0,2077685.3958454328,0.0,True,normal,0.0,0,,国债ETF,有色ETF;证券ETF;创新药ETF;军工ETF;半导体ETF
2021-03-15,2077685.3958454328,0.0,2077685.3958454328,0.0,True,normal,0.0,0,,纳指;国债ETF,有色ETF;证券ETF;创新药ETF;军工ETF;半导体ETF
2021-03-16,2077685.3958454328,0.0,2077685.3958454328,0.0,True,normal,0.0,0,,纳指,有色ETF;证券ETF;军工ETF;创新药ETF;半导体ETF
2021-03-17,2077685.3958454328,0.0,2077685.3958454328,0.0,True,normal,0.0,0,,纳指,有色ETF;证券ETF;军工ETF;创新药ETF;半导体ETF
2021-03-18,2077685.3958454328,0.0,2077685.3958454328,0.0,True,normal,0.0,0,,纳指,有色ETF;创新药ETF;军工ETF;证券ETF;半导体ETF
2021-03-19,2077685.3958454328,0.0,2077685.3958454328,0.0,True,normal,0.0,0,,纳指,军工ETF;创新药ETF;有色ETF;证券ETF;酒ETF
2021-03-22,2077685.3958454328,0.0,2077685.3958454328,0.0,True,normal,0.0,0,,纳指;国债ETF,证券ETF;创新药ETF;有色ETF;军工ETF;酒ETF
2021-03-23,2077685.3958454328,0.0,2077685.3958454328,0.0,True,normal,0.0,0,,纳指,证券ETF;创新药ETF;有色ETF;军工ETF;酒ETF
2021-03-24,2077685.3958454328,0.0,2077685.3958454328,0.0,True,normal,0.0,0,,,证券ETF;创新药ETF;酒ETF;有色ETF;军工ETF
2021-03-25,2077685.3958454328,0.0,2077685.3958454328,0.0,True,normal,0.0,0,,国债ETF,创新药ETF;证券ETF;酒ETF;有色ETF;军工ETF
2021-03-26,2077685.3958454328,0.0,2077685.3958454328,0.0,True,normal,0.0,0,,,创新药ETF;酒ETF;证券ETF;有色ETF;军工ETF
2021-03-29,2077685.3958454328,0.0,2077685.3958454328,0.0,True,normal,0.0,0,,国债ETF,创新药ETF;酒ETF;证券ETF;有色ETF;军工ETF
2021-03-30,2077685.3958454328,0.0,2077685.3958454328,0.0,True,normal,0.0,0,,国债ETF,创新药ETF;有色ETF;酒ETF;证券ETF;军工ETF
2021-03-31,2077685.3958454328,0.0,2077685.3958454328,0.0,True,normal,0.0,0,,国债ETF,创新药ETF;酒ETF;有色ETF;证券ETF;军工ETF
2021-04-01,2077685.3958454328,0.0,2077685.3958454328,0.0,True,normal,0.0,0,,纳指;国债ETF,创新药ETF;酒ETF;有色ETF;证券ETF;军工ETF
2021-04-02,2077685.3958454328,0.0,2077685.3958454328,0.0,True,normal,0.0,0,,纳指;国债ETF,创新药ETF;酒ETF;有色ETF;证券ETF;军工ETF
2021-04-06,2077685.3958454328,0.0,2077685.3958454328,0.0,True,normal,0.0,0,,纳指;国债ETF,创新药ETF;酒ETF;有色ETF;证券ETF;军工ETF
2021-04-07,2077685.3958454328,0.0,2077685.3958454328,0.0,True,normal,0.0,0,,纳指;国债ETF,创新药ETF;有色ETF;酒ETF;证券ETF;军工ETF
2021-04-08,2077685.3958454328,0.0,2077685.3958454328,0.0,True,normal,0.0,0,,纳指;国债ETF,创新药ETF;酒ETF;有色ETF;证券ETF;军工ETF
2021-04-09,2077685.3958454328,0.0,2077685.3958454328,0.0,True,normal,0.0,0,,纳指;国债ETF,创新药ETF;有色ETF;酒ETF;证券ETF;军工ETF
2021-04-12,2077685.3958454328,0.0,2077685.3958454328,0.0,True,normal,0.0,0,,纳指;国债ETF,创新药ETF;酒ETF;有色ETF;证券ETF;军工ETF
2021-04-13,2077685.3958454328,0.0,2077685.3958454328,0.0,True,normal,0.0,0,,纳指;国债ETF,创新药ETF;酒ETF;有色ETF;证券ETF;军工ETF
2021-04-14,2077685.3958454328,0.0,2077685.3958454328,0.0,True,normal,0.0,0,,纳指;国债ETF,创新药ETF;酒ETF;有色ETF;证券ETF;军工ETF
2021-04-15,2077685.3958454328,0.0,2077685.3958454328,0.0,True,normal,0.0,0,,纳指;国债ETF,创新药ETF;酒ETF;有色ETF;证券ETF;军工ETF
2021-04-16,2077685.3958454328,0.0,2077685.3958454328,0.0,True,normal,0.0,0,,纳指;黄金;国债ETF,酒ETF;创新药ETF;有色ETF;证券ETF;军工ETF
2021-04-19,2077685.3958454328,0.0,2077685.3958454328,0.0,True,normal,0.0,0,,纳指;国债ETF,酒ETF;创新药ETF;有色ETF;证券ETF;军工ETF
2021-04-20,2077685.3958454328,0.0,2077685.3958454328,0.0,True,normal,0.0,0,,纳指;国债ETF,酒ETF;创新药ETF;有色ETF;证券ETF;军工ETF
2021-04-21,2077685.3958454328,0.0,2077685.3958454328,0.0,True,normal,0.0,0,,纳指;国债ETF,酒ETF;创新药ETF;有色ETF;证券ETF;军工ETF
2021-04-22,2077685.3958454328,0.0,2077685.3958454328,0.0,True,normal,0.0,0,,纳指;黄金;国债ETF,酒ETF;创新药ETF;有色ETF;证券ETF;军工ETF
2021-04-23,2077685.3958454328,0.0,2077685.3958454328,0.0,True,normal,0.0,0,,创业板;纳指;黄金;国债ETF,酒ETF;创新药ETF;有色ETF;证券ETF;军工ETF
2021-04-26,2077685.3958454328,0.0,2077685.3958454328,0.0,True,normal,0.0,0,,纳指;黄金;国债ETF,创新药ETF;有色ETF;酒ETF;半导体ETF;证券ETF
2021-04-27,2077685.3958454328,0.0,2077685.3958454328,0.0,True,normal,0.0,0,,创业板;纳指;黄金;国债ETF,创新药ETF;酒ETF;有色ETF;证券ETF;半导体ETF
2021-04-28,2077685.3958454328,0.0,2077685.3958454328,0.0,True,normal,0.0,0,,创业板;纳指;黄金;国债ETF,酒ETF;创新药ETF;有色ETF;证券ETF;半导体ETF
2021-04-29,2077685.3958454328,0.0,2077685.3958454328,0.0,True,normal,0.0,0,,创业板;纳指;黄金;国债ETF,酒ETF;创新药ETF;有色ETF;证券ETF;半导体ETF
2021-04-30,2077685.3958454328,0.0,2077685.3958454328,0.0,True,normal,0.0,0,,创业板;纳指;黄金;国债ETF,创新药ETF;有色ETF;酒ETF;证券ETF;军工ETF
2021-05-06,2077685.3958454328,0.0,2077685.3958454328,0.0,True,normal,0.0,0,,创业板;纳指;黄金;国债ETF,有色ETF;创新药ETF;酒ETF;证券ETF;军工ETF
2021-05-07,2077685.3958454328,2077685.395845433,-2.3283064365386963e-10,1.0,False,normal,0.0,10,沪深300;创业板;纳指;黄金;国债ETF;有色ETF;酒ETF;创新药ETF;证券ETF;军工ETF,沪深300;创业板;纳指;黄金;国债ETF,有色ETF;酒ETF;创新药ETF;证券ETF;军工ETF
2021-05-10,2086486.863073768,2086486.863073768,0.0,1.0,False,normal,0.0,9,创业板;纳指;黄金;国债ETF;有色ETF;创新药ETF;酒ETF;证券ETF;军工ETF,创业板;纳指;黄金;国债ETF,有色ETF;创新药ETF;酒ETF;证券ETF;军工ETF
2021-05-11,2080936.9553283753,2080936.955328375,2.3283064365386963e-10,1.0,False,normal,-0.002659929397885954,9,创业板;纳指;黄金;国债ETF;有色ETF;创新药ETF;酒ETF;证券ETF;军工ETF,创业板;纳指;黄金;国债ETF,有色ETF;创新药ETF;酒ETF;证券ETF;军工ETF
2021-05-12,2092032.4716074807,2092032.471607481,-2.3283064365386963e-10,1.0,False,normal,0.0,9,创业板;纳指;黄金;国债ETF;有色ETF;创新药ETF;酒ETF;证券ETF;军工ETF,创业板;纳指;黄金;国债ETF,有色ETF;创新药ETF;酒ETF;证券ETF;军工ETF
2021-05-13,2076444.975931976,2127269.2056390094,-50824.22970703337,1.0,False,normal,-0.007450886105762745,9,创业板;纳指;黄金;国债ETF;创新药ETF;有色ETF;酒ETF;证券ETF;军工ETF,创业板;纳指;黄金;国债ETF,创新药ETF;有色ETF;酒ETF;证券ETF;军工ETF
2021-05-14,1979072.877970734,1979072.8779707337,2.3283064365386963e-10,0.8389306990765828,False,normal,-0.05399514356005698,10,沪深300;创业板;纳指;黄金;国债ETF;创新药ETF;有色ETF;证券ETF;军工ETF;半导体ETF,沪深300;创业板;纳指;黄金;国债ETF,创新药ETF;有色ETF;证券ETF;军工ETF;半导体ETF
2021-05-17,1999574.6136119643,1999574.613611965,-6.984919309616089e-10,0.8165226982928772,False,normal,-0.04419523083428691,10,沪深300;创业板;纳指;黄金;国债ETF;创新药ETF;有色ETF;证券ETF;军工ETF;半导体ETF,沪深300;创业板;纳指;黄金;国债ETF,创新药ETF;有色ETF;证券ETF;军工ETF;半导体ETF
2021-05-18,2002005.6724882645,2002005.6724882647,-2.3283064365386963e-10,0.8420445205940951,False,normal,-0.043033174838840414,10,沪深300;创业板;纳指;黄金;国债ETF;创新药ETF;有色ETF;证券ETF;军工ETF;半导体ETF,沪深300;创业板;纳指;黄金;国债ETF,创新药ETF;有色ETF;证券ETF;军工ETF;半导体ETF
2021-05-19,2001257.1258201492,2001257.1258201494,-2.3283064365386963e-10,0.8642349665914125,False,normal,-0.04339098317990318,10,沪深300;创业板;纳指;黄金;国债ETF;创新药ETF;有色ETF;证券ETF;军工ETF;半导体ETF,沪深300;创业板;纳指;黄金;国债ETF,创新药ETF;有色ETF;证券ETF;军工ETF;半导体ETF
2021-05-20,2003701.4814786057,2003701.481478606,-2.3283064365386963e-10,1.0,False,normal,-0.04222257126869692,10,沪深300;创业板;纳指;黄金;国债ETF;创新药ETF;证券ETF;军工ETF;有色ETF;半导体ETF,沪深300;创业板;纳指;黄金;国债ETF,创新药ETF;证券ETF;军工ETF;有色ETF;半导体ETF
2021-05-21,1996881.891197207,1996881.891197207,0.0,1.0,False,normal,-0.04548236306158371,10,沪深300;创业板;纳指;黄金;国债ETF;创新药ETF;有色ETF;证券ETF;军工ETF;半导体ETF,沪深300;创业板;纳指;黄金;国债ETF,创新药ETF;有色ETF;证券ETF;军工ETF;半导体ETF
2021-05-24,2004178.770173719,2004178.7701737196,-6.984919309616089e-10,1.0,False,normal,-0.04199442533808116,10,沪深300;创业板;纳指;黄金;国债ETF;创新药ETF;证券ETF;有色ETF;军工ETF;半导体ETF,沪深300;创业板;纳指;黄金;国债ETF,创新药ETF;证券ETF;有色ETF;军工ETF;半导体ETF
2021-05-25,2040417.6333291926,2040417.6333291924,2.3283064365386963e-10,1.0,False,normal,-0.024672101881204594,10,沪深300;创业板;纳指;黄金;国债ETF;创新药ETF;证券ETF;有色ETF;军工ETF;半导体ETF,沪深300;创业板;纳指;黄金;国债ETF,创新药ETF;证券ETF;有色ETF;军工ETF;半导体ETF
2021-05-26,2040886.3854817962,2040886.3854817962,0.0,1.0,False,normal,-0.024448036452505297,10,沪深300;创业板;纳指;黄金;国债ETF;创新药ETF;证券ETF;有色ETF;军工ETF;半导体ETF,沪深300;创业板;纳指;黄金;国债ETF,创新药ETF;证券ETF;有色ETF;军工ETF;半导体ETF
2021-05-27,2046711.7452246363,2046711.7452246367,-4.656612873077393e-10,1.0,False,normal,-0.021663490886458726,10,沪深300;创业板;纳指;黄金;国债ETF;证券ETF;创新药ETF;有色ETF;军工ETF;半导体ETF,沪深300;创业板;纳指;黄金;国债ETF,证券ETF;创新药ETF;有色ETF;军工ETF;半导体ETF
2021-05-28,2044993.3824422404,2044993.3824422408,-4.656612873077393e-10,1.0,False,normal,-0.02248487526061022,10,沪深300;创业板;纳指;黄金;国债ETF;证券ETF;有色ETF;创新药ETF;军工ETF;半导体ETF,沪深300;创业板;纳指;黄金;国债ETF,证券ETF;有色ETF;创新药ETF;军工ETF;半导体ETF
2021-05-31,2064736.3575125518,2064736.3575125514,4.656612873077393e-10,1.0,False,normal,-0.013047653162837854,10,沪深300;创业板;纳指;黄金;国债ETF;证券ETF;创新药ETF;有色ETF;军工ETF;半导体ETF,沪深300;创业板;纳指;黄金;国债ETF,证券ETF;创新药ETF;有色ETF;军工ETF;半导体ETF
2021-06-01,2068868.739483046,2068868.7394830466,-4.656612873077393e-10,1.0,False,normal,-0.011072357833258654,10,沪深300;创业板;纳指;黄金;国债ETF;创新药ETF;证券ETF;有色ETF;军工ETF;半导体ETF,沪深300;创业板;纳指;黄金;国债ETF,创新药ETF;证券ETF;有色ETF;军工ETF;半导体ETF
2021-06-02,2043944.6610119578,2043944.6610119578,0.0,1.0,False,normal,-0.02298616835453469,9,沪深300;创业板;黄金;国债ETF;创新药ETF;有色ETF;证券ETF;军工ETF;半导体ETF,沪深300;创业板;黄金;国债ETF,创新药ETF;有色ETF;证券ETF;军工ETF;半导体ETF
2021-06-03,2030520.8291979248,2030520.8291979244,4.656612873077393e-10,1.0,False,normal,-0.029402814365635247,9,沪深300;创业板;黄金;国债ETF;创新药ETF;证券ETF;军工ETF;有色ETF;半导体ETF,沪深300;创业板;黄金;国债ETF,创新药ETF;证券ETF;军工ETF;有色ETF;半导体ETF
2021-06-04,2039541.8776562812,2039541.8776562815,-2.3283064365386963e-10,1.0,False,normal,-0.025090716642111485,9,沪深300;创业板;黄金;国债ETF;创新药ETF;军工ETF;证券ETF;有色ETF;半导体ETF,沪深300;创业板;黄金;国债ETF,创新药ETF;军工ETF;证券ETF;有色ETF;半导体ETF
2021-06-07,2046528.257614623,2046528.2576146228,2.3283064365386963e-10,1.0,False,normal,-0.021751198707682093,9,沪深300;创业板;黄金;国债ETF;创新药ETF;军工ETF;证券ETF;有色ETF;半导体ETF,沪深300;创业板;黄金;国债ETF,创新药ETF;军工ETF;证券ETF;有色ETF;半导体ETF
2021-06-08,2040217.9235450914,2040217.9235450916,-2.3283064365386963e-10,1.0,False,normal,-0.024767563967387118,9,沪深300;创业板;黄金;国债ETF;军工ETF;证券ETF;创新药ETF;有色ETF;半导体ETF,沪深300;创业板;黄金;国债ETF,军工ETF;证券ETF;创新药ETF;有色ETF;半导体ETF
2021-06-09,2040370.697151799,2090105.474987125,-49734.77783532604,1.0,False,normal,-0.024694537564221308,9,沪深300;创业板;黄金;国债ETF;军工ETF;创新药ETF;证券ETF;有色ETF;半导体ETF,沪深300;创业板;黄金;国债ETF,军工ETF;创新药ETF;证券ETF;有色ETF;半导体ETF
2021-06-10,2056331.5593584522,2122151.137675667,-65819.57831721497,1.0,False,normal,-0.017065180743392812,9,沪深300;创业板;黄金;国债ETF;军工ETF;创新药ETF;证券ETF;有色ETF;半导体ETF,沪深300;创业板;黄金;国债ETF,军工ETF;创新药ETF;证券ETF;有色ETF;半导体ETF
2021-06-11,2047704.8875883033,2047704.887588303,2.3283064365386963e-10,1.0,False,normal,-0.021188764811626862,9,沪深300;创业板;黄金;国债ETF;军工ETF;半导体ETF;证券ETF;有色ETF;创新药ETF,沪深300;创业板;黄金;国债ETF,军工ETF;半导体ETF;证券ETF;有色ETF;创新药ETF
2021-06-15,2026541.73402155,2026541.7340215496,4.656612873077393e-10,1.0,False,normal,-0.03130483798638589,9,沪深300;创业板;黄金;国债ETF;军工ETF;半导体ETF;证券ETF;创新药ETF;有色ETF,沪深300;创业板;黄金;国债ETF,军工ETF;半导体ETF;证券ETF;创新药ETF;有色ETF
2021-06-16,1992477.6049035161,1947197.1360394654,45280.468864050694,1.0,False,normal,-0.04758762975962239,9,沪深300;创业板;黄金;国债ETF;军工ETF;证券ETF;半导体ETF;创新药ETF;酒ETF,沪深300;创业板;黄金;国债ETF,军工ETF;证券ETF;半导体ETF;创新药ETF;酒ETF
2021-06-17,2009060.320339279,1966170.789923506,42889.530415772926,0.7278032196908942,False,normal,-0.03966102457503794,8,沪深300;创业板;国债ETF;军工ETF;半导体ETF;证券ETF;创新药ETF;有色ETF,沪深300;创业板;国债ETF,军工ETF;半导体ETF;证券ETF;创新药ETF;有色ETF
2021-06-18,2025569.6473227977,1982410.871221246,43158.77610155172,0.8684447068546642,False,normal,-0.03176949936805432,9,沪深300;创业板;纳指;国债ETF;军工ETF;半导体ETF;证券ETF;创新药ETF;有色ETF,沪深300;创业板;纳指;国债ETF,军工ETF;半导体ETF;证券ETF;创新药ETF;有色ETF
2021-06-21,2030806.8880876154,2030806.888087615,4.656612873077393e-10,1.0,False,normal,-0.029266077057026097,9,沪深300;创业板;纳指;国债ETF;军工ETF;半导体ETF;创新药ETF;证券ETF;有色ETF,沪深300;创业板;纳指;国债ETF,军工ETF;半导体ETF;创新药ETF;证券ETF;有色ETF
2021-06-22,2036528.7706774059,2036528.7706774063,-4.656612873077393e-10,1.0,False,normal,-0.02653099398950855,9,沪深300;创业板;纳指;国债ETF;军工ETF;半导体ETF;创新药ETF;有色ETF;证券ETF,沪深300;创业板;纳指;国债ETF,军工ETF;半导体ETF;创新药ETF;有色ETF;证券ETF
2021-06-23,2057540.063180653,2057540.0631806531,-2.3283064365386963e-10,1.0,False,normal,-0.01648751101856674,9,沪深300;创业板;纳指;国债ETF;军工ETF;半导体ETF;创新药ETF;有色ETF;证券ETF,沪深300;创业板;纳指;国债ETF,军工ETF;半导体ETF;创新药ETF;有色ETF;证券ETF
2021-06-24,2046483.9869761458,2046483.9869761455,2.3283064365386963e-10,1.0,False,normal,-0.02177236025229391,9,沪深300;创业板;纳指;国债ETF;军工ETF;半导体ETF;创新药ETF;有色ETF;证券ETF,沪深300;创业板;纳指;国债ETF,军工ETF;半导体ETF;创新药ETF;有色ETF;证券ETF
2021-06-25,2072607.734874419,2072607.7348744187,2.3283064365386963e-10,1.0,False,normal,-0.009285102882813336,9,沪深300;创业板;纳指;国债ETF;半导体ETF;军工ETF;创新药ETF;有色ETF;证券ETF,沪深300;创业板;纳指;国债ETF,半导体ETF;军工ETF;创新药ETF;有色ETF;证券ETF
2021-06-28,2084546.3219243744,2084546.321924375,-4.656612873077393e-10,1.0,False,normal,-0.0035784098883293145,9,沪深300;创业板;纳指;国债ETF;半导体ETF;军工ETF;创新药ETF;证券ETF;有色ETF,沪深300;创业板;纳指;国债ETF,半导体ETF;军工ETF;创新药ETF;证券ETF;有色ETF
2021-06-29,2074498.778622307,2074498.7786223069,2.3283064365386963e-10,1.0,False,normal,-0.008381176307316572,9,沪深300;创业板;纳指;国债ETF;半导体ETF;军工ETF;创新药ETF;证券ETF;有色ETF,沪深300;创业板;纳指;国债ETF,半导体ETF;军工ETF;创新药ETF;证券ETF;有色ETF
2021-06-30,2099353.423115787,2099353.4231157866,4.656612873077393e-10,1.0,False,normal,0.0,9,沪深300;创业板;纳指;国债ETF;半导体ETF;军工ETF;创新药ETF;证券ETF;有色ETF,沪深300;创业板;纳指;国债ETF,半导体ETF;军工ETF;创新药ETF;证券ETF;有色ETF
2021-07-01,2083139.6008148035,2033344.6313859972,49794.96942880633,1.0,False,normal,-0.007723245701488224,9,沪深300;创业板;纳指;国债ETF;半导体ETF;创新药ETF;军工ETF;证券ETF;有色ETF,沪深300;创业板;纳指;国债ETF,半导体ETF;创新药ETF;军工ETF;证券ETF;有色ETF
2021-07-02,2048282.1218234596,1969044.7358550534,79237.38596840622,0.8331783094498877,False,normal,-0.02432715746190521,9,沪深300;创业板;纳指;国债ETF;半导体ETF;创新药ETF;有色ETF;军工ETF;证券ETF,沪深300;创业板;纳指;国债ETF,半导体ETF;创新药ETF;有色ETF;军工ETF;证券ETF
2021-07-05,2065251.0068394982,1979003.3072971813,86247.69954231684,0.8518266626164318,False,normal,-0.01624424734815508,9,沪深300;创业板;纳指;国债ETF;半导体ETF;有色ETF;创新药ETF;军工ETF;证券ETF,沪深300;创业板;纳指;国债ETF,半导体ETF;有色ETF;创新药ETF;军工ETF;证券ETF
2021-07-06,2056565.2189723712,1982462.0013675615,74103.21760480967,0.8682108794892665,False,normal,-0.02038161067702033,9,沪深300;创业板;纳指;国债ETF;半导体ETF;有色ETF;军工ETF;创新药ETF;证券ETF,沪深300;创业板;纳指;国债ETF,半导体ETF;有色ETF;军工ETF;创新药ETF;证券ETF
2021-07-07,2086115.4769367184,2000560.9383951179,85554.53854160057,0.8296585546762223,False,normal,-0.006305725388258519,9,沪深300;创业板;纳指;国债ETF;半导体ETF;有色ETF;军工ETF;创新药ETF;证券ETF,沪深300;创业板;纳指;国债ETF,半导体ETF;有色ETF;军工ETF;创新药ETF;证券ETF
2021-07-08,2091411.385057904,2014671.6531606652,76739.73189723887,0.8529706841576786,False,normal,-0.0037830876737732617,9,沪深300;创业板;纳指;国债ETF;半导体ETF;有色ETF;军工ETF;证券ETF;创新药ETF,沪深300;创业板;纳指;国债ETF,半导体ETF;有色ETF;军工ETF;证券ETF;创新药ETF
2021-07-09,2093089.566535574,2028694.5704916175,64394.99604395637,1.0,False,normal,-0.002983707512628617,8,创业板;纳指;国债ETF;半导体ETF;有色ETF;军工ETF;证券ETF;创新药ETF,创业板;纳指;国债ETF,半导体ETF;有色ETF;军工ETF;证券ETF;创新药ETF
2021-07-12,2127231.909293452,2049158.871814868,78073.03747858386,0.8395261722849794,False,normal,0.0,8,创业板;纳指;国债ETF;半导体ETF;有色ETF;军工ETF;证券ETF;创新药ETF,创业板;纳指;国债ETF,半导体ETF;有色ETF;军工ETF;证券ETF;创新药ETF
2021-07-13,2119671.0522407377,2036719.9565252424,82951.09571549529,0.8473019309888762,False,normal,-0.0035543172418964863,9,沪深300;创业板;纳指;国债ETF;有色ETF;半导体ETF;军工ETF;创新药ETF;证券ETF,沪深300;创业板;纳指;国债ETF,有色ETF;半导体ETF;军工ETF;创新药ETF;证券ETF
2021-07-14,2105388.2988895676,2020376.1766321505,85012.12225741707,1.0,False,normal,-0.010268560897593641,8,创业板;纳指;国债ETF;有色ETF;半导体ETF;创新药ETF;军工ETF;证券ETF,创业板;纳指;国债ETF,有色ETF;半导体ETF;创新药ETF;军工ETF;证券ETF
2021-07-15,2118200.0542367254,2043853.5642169167,74346.49001980876,0.866959086950892,False,normal,-0.004245825298721781,9,沪深300;创业板;纳指;国债ETF;有色ETF;半导体ETF;创新药ETF;军工ETF;证券ETF,沪深300;创业板;纳指;国债ETF,有色ETF;半导体ETF;创新药ETF;军工ETF;证券ETF
2021-07-16,2103301.321716158,2046594.674609263,56706.64710689522,0.8105520697814428,False,normal,-0.011249637368048902,9,沪深300;创业板;纳指;国债ETF;有色ETF;半导体ETF;军工ETF;创新药ETF;证券ETF,沪深300;创业板;纳指;国债ETF,有色ETF;半导体ETF;军工ETF;创新药ETF;证券ETF
2021-07-19,2104507.3458867394,2104507.345886739,4.656612873077393e-10,0.835975964733057,False,normal,-0.010682692050374617,9,沪深300;创业板;纳指;国债ETF;有色ETF;半导体ETF;军工ETF;创新药ETF;证券ETF,沪深300;创业板;纳指;国债ETF,有色ETF;半导体ETF;军工ETF;创新药ETF;证券ETF
2021-07-20,2108980.087529002,2108980.0875290018,4.656612873077393e-10,1.0,False,normal,-0.00858008084812522,8,创业板;纳指;国债ETF;有色ETF;半导体ETF;军工ETF;创新药ETF;证券ETF,创业板;纳指;国债ETF,有色ETF;半导体ETF;军工ETF;创新药ETF;证券ETF
2021-07-21,2143909.5363423657,2084507.0355537075,59402.50078865816,0.8446607239844611,False,normal,0.0,8,创业板;纳指;国债ETF;有色ETF;半导体ETF;军工ETF;创新药ETF;证券ETF,创业板;纳指;国债ETF,有色ETF;半导体ETF;军工ETF;创新药ETF;证券ETF
2021-07-22,2150431.4477834613,2150431.4477834613,0.0,1.0,False,normal,0.0,8,创业板;纳指;国债ETF;有色ETF;半导体ETF;军工ETF;证券ETF;创新药ETF,创业板;纳指;国债ETF,有色ETF;半导体ETF;军工ETF;证券ETF;创新药ETF
2021-07-23,2144701.7753134957,2144701.775313495,4.656612873077393e-10,1.0,False,normal,-0.0026644292594732366,8,创业板;纳指;国债ETF;有色ETF;半导体ETF;军工ETF;证券ETF;创新药ETF,创业板;纳指;国债ETF,有色ETF;半导体ETF;军工ETF;证券ETF;创新药ETF
2021-07-26,2133301.379860953,2133301.379860953,0.0,1.0,False,normal,-0.007965874913224978,8,创业板;纳指;国债ETF;有色ETF;半导体ETF;军工ETF;证券ETF;创新药ETF,创业板;纳指;国债ETF,有色ETF;半导体ETF;军工ETF;证券ETF;创新药ETF
2021-07-27,2098932.6907216012,2033850.8076016644,65081.8831199368,1.0,False,normal,-0.023948104514069472,7,纳指;国债ETF;有色ETF;半导体ETF;军工ETF;证券ETF;创新药ETF,纳指;国债ETF,有色ETF;半导体ETF;军工ETF;证券ETF;创新药ETF
2021-07-28,2080033.1884093285,1996259.248448636,83773.93996069254,0.8399297769442509,False,normal,-0.03273680704711385,8,创业板;纳指;国债ETF;有色ETF;半导体ETF;军工ETF;证券ETF;创新药ETF,创业板;纳指;国债ETF,有色ETF;半导体ETF;军工ETF;证券ETF;创新药ETF
2021-07-29,2131146.742852238,1961278.794739069,169867.94811316906,0.7418722515358925,False,normal,-0.008967830595623423,8,创业板;纳指;国债ETF;有色ETF;半导体ETF;军工ETF;证券ETF;创新药ETF,创业板;纳指;国债ETF,有色ETF;半导体ETF;军工ETF;证券ETF;创新药ETF
2021-07-30,2119125.404175156,1964427.1376528097,154698.26652234606,0.7378864418860339,False,normal,-0.014558029106472537,8,创业板;纳指;国债ETF;半导体ETF;有色ETF;军工ETF;证券ETF;创新药ETF,创业板;纳指;国债ETF,半导体ETF;有色ETF;军工ETF;证券ETF;创新药ETF
2021-08-02,2144956.502371234,1994610.8215155317,150345.68085570214,0.7247866784121348,False,normal,-0.0025459753287512005,8,创业板;纳指;国债ETF;半导体ETF;有色ETF;军工ETF;证券ETF;创新药ETF,创业板;纳指;国债ETF,半导体ETF;有色ETF;军工ETF;证券ETF;创新药ETF
2021-08-03,2129576.395403894,1966118.4751612362,163457.92024265788,0.7391309612141096,False,normal,-0.009698078216379946,8,创业板;纳指;国债ETF;军工ETF;半导体ETF;有色ETF;创新药ETF;证券ETF,创业板;纳指;国债ETF,军工ETF;半导体ETF;有色ETF;创新药ETF;证券ETF
2021-08-04,2156356.1098217787,1983532.0479847621,172824.0618370166,0.7380710120323859,False,normal,0.0,8,创业板;纳指;国债ETF;有色ETF;军工ETF;半导体ETF;创新药ETF;证券ETF,创业板;纳指;国债ETF,有色ETF;军工ETF;半导体ETF;创新药ETF;证券ETF
2021-08-05,2152323.826159507,1994396.9140695175,157926.91208998952,0.7542606857781204,False,normal,-0.001869952575970836,8,创业板;纳指;国债ETF;军工ETF;半导体ETF;有色ETF;创新药ETF;证券ETF,创业板;纳指;国债ETF,军工ETF;半导体ETF;有色ETF;创新药ETF;证券ETF
2021-08-06,2151200.779048359,2007824.450475959,143376.3285723999,0.7765384606721061,False,normal,-0.0023907603896861844,8,创业板;纳指;国债ETF;军工ETF;有色ETF;半导体ETF;创新药ETF;证券ETF,创业板;纳指;国债ETF,军工ETF;有色ETF;半导体ETF;创新药ETF;证券ETF
2021-08-09,2138835.977899016,2006777.056436384,132058.92146263178,0.7814050432157323,False,normal,-0.008124878744731485,8,创业板;纳指;国债ETF;军工ETF;半导体ETF;有色ETF;证券ETF;创新药ETF,创业板;纳指;国债ETF,军工ETF;半导体ETF;有色ETF;证券ETF;创新药ETF
2021-08-10,2147223.0173748923,2029270.1124385619,117952.9049363304,0.8041774599665286,False,normal,-0.004235428649881634,8,创业板;纳指;国债ETF;军工ETF;半导体ETF;有色ETF;证券ETF;创新药ETF,创业板;纳指;国债ETF,军工ETF;半导体ETF;有色ETF;证券ETF;创新药ETF
2021-08-11,2137861.1371975997,2035915.0205428856,101946.1166547141,0.8107000000082688,False,normal,-0.008576956533263689,8,创业板;纳指;国债ETF;军工ETF;半导体ETF;有色ETF;证券ETF;创新药ETF,创业板;纳指;国债ETF,军工ETF;半导体ETF;有色ETF;证券ETF;创新药ETF
2021-08-12,2128398.3422978837,2041316.1257344708,87082.21656341292,0.8224490165493118,False,normal,-0.012965283144353048,8,创业板;纳指;国债ETF;半导体ETF;军工ETF;有色ETF;证券ETF;创新药ETF,创业板;纳指;国债ETF,半导体ETF;军工ETF;有色ETF;证券ETF;创新药ETF
2021-08-13,2121900.7403103854,2043408.6598336252,78492.08047676017,0.8472827023572193,False,normal,-0.015978515494011365,8,创业板;纳指;国债ETF;军工ETF;有色ETF;半导体ETF;证券ETF;创新药ETF,创业板;纳指;国债ETF,军工ETF;有色ETF;半导体ETF;证券ETF;创新药ETF
2021-08-16,2111004.563304542,2039122.8008742349,71881.76243030722,0.867324692253498,False,normal,-0.021031566312572043,8,创业板;纳指;国债ETF;军工ETF;半导体ETF;有色ETF;证券ETF;创新药ETF,创业板;纳指;国债ETF,军工ETF;半导体ETF;有色ETF;证券ETF;创新药ETF
2021-08-17,2088713.4537179258,1993178.2815637882,95535.17215413763,1.0,False,normal,-0.03136896350085864,8,纳指;黄金;国债ETF;军工ETF;有色ETF;半导体ETF;证券ETF;创新药ETF,纳指;黄金;国债ETF,军工ETF;有色ETF;半导体ETF;证券ETF;创新药ETF
2021-08-18,2098414.498469726,1984711.6615798012,113702.83688992495,1.0,False,normal,-0.026870149641861043,8,纳指;黄金;国债ETF;军工ETF;有色ETF;证券ETF;半导体ETF;创新药ETF,纳指;黄金;国债ETF,军工ETF;有色ETF;证券ETF;半导体ETF;创新药ETF
2021-08-19,2092277.6056264876,1992026.1534234881,100251.4522029995,1.0,False,normal,-0.029716104823051294,8,纳指;黄金;国债ETF;军工ETF;有色ETF;半导体ETF;证券ETF;创新药ETF,纳指;黄金;国债ETF,军工ETF;有色ETF;半导体ETF;证券ETF;创新药ETF
2021-08-20,2094944.271385605,2006020.3238989029,88923.94748670212,1.0,False,normal,-0.0284794511242623,8,纳指;黄金;国债ETF;军工ETF;有色ETF;证券ETF;半导体ETF;创新药ETF,纳指;黄金;国债ETF,军工ETF;有色ETF;证券ETF;半导体ETF;创新药ETF
2021-08-23,2113717.065987717,2009566.3368399167,104150.72914780024,1.0,False,normal,-0.01977365595591997,8,纳指;黄金;国债ETF;军工ETF;有色ETF;证券ETF;半导体ETF;创新药ETF,纳指;黄金;国债ETF,军工ETF;有色ETF;证券ETF;半导体ETF;创新药ETF
2021-08-24,2133068.654427035,2030448.9171658952,102619.73726113955,1.0,False,normal,-0.010799447868872008,8,纳指;黄金;国债ETF;军工ETF;有色ETF;证券ETF;半导体ETF;创新药ETF,纳指;黄金;国债ETF,军工ETF;有色ETF;证券ETF;半导体ETF;创新药ETF
2021-08-25,2127916.0569840875,2039084.9379259122,88831.11905817525,1.0,False,normal,-0.013188940689412298,8,纳指;黄金;国债ETF;军工ETF;有色ETF;证券ETF;半导体ETF;创新药ETF,纳指;黄金;国债ETF,军工ETF;有色ETF;证券ETF;半导体ETF;创新药ETF
2021-08-26,2117847.5406325823,1999721.972514037,118125.56811854523,1.0,False,normal,-0.017858167773772374,8,纳指;黄金;国债ETF;军工ETF;有色ETF;证券ETF;半导体ETF;酒ETF,纳指;黄金;国债ETF,军工ETF;有色ETF;证券ETF;半导体ETF;酒ETF
2021-08-27,2124807.0100618405,2054895.8803281381,69911.1297337024,1.0,False,normal,-0.014630746571142977,8,纳指;黄金;国债ETF;有色ETF;军工ETF;证券ETF;半导体ETF;创新药ETF,纳指;黄金;国债ETF,有色ETF;军工ETF;证券ETF;半导体ETF;创新药ETF
2021-08-30,2132750.1353712706,2079717.6532541078,53032.482117162785,1.0,False,normal,-0.010947159582309969,8,纳指;黄金;国债ETF;有色ETF;军工ETF;半导体ETF;证券ETF;创新药ETF,纳指;黄金;国债ETF,有色ETF;军工ETF;半导体ETF;证券ETF;创新药ETF
2021-08-31,2139570.4656800744,2069413.7373796355,70156.72830043896,1.0,False,normal,-0.0077842634921240494,8,纳指;黄金;国债ETF;有色ETF;军工ETF;证券ETF;半导体ETF;酒ETF,纳指;黄金;国债ETF,有色ETF;军工ETF;证券ETF;半导体ETF;酒ETF
2021-09-01,2134737.2061641845,2078029.9941707803,56707.2119934042,1.0,False,normal,-0.010025664851517043,8,纳指;黄金;国债ETF;有色ETF;证券ETF;军工ETF;半导体ETF;酒ETF,纳指;黄金;国债ETF,有色ETF;证券ETF;军工ETF;半导体ETF;酒ETF
2021-09-02,2131000.8521699575,2131000.8521699575,0.0,1.0,False,normal,-0.011758381436318901,8,纳指;黄金;国债ETF;有色ETF;证券ETF;军工ETF;半导体ETF;酒ETF,纳指;黄金;国债ETF,有色ETF;证券ETF;军工ETF;半导体ETF;酒ETF
2021-09-03,2120389.785393866,2072724.429751087,47665.3556427788,1.0,False,normal,-0.0166792137273122,8,纳指;黄金;国债ETF;有色ETF;证券ETF;军工ETF;半导体ETF;酒ETF,纳指;黄金;国债ETF,有色ETF;证券ETF;军工ETF;半导体ETF;酒ETF
2021-09-06,2138183.091208456,2062893.438144662,75289.65306379413,1.0,False,normal,-0.008427651875563645,8,纳指;黄金;国债ETF;有色ETF;证券ETF;军工ETF;半导体ETF;创新药ETF,纳指;黄金;国债ETF,有色ETF;证券ETF;军工ETF;半导体ETF;创新药ETF
2021-09-07,2143421.9510427974,2076113.31054324,67308.64049955737,1.0,False,normal,-0.005998155276889913,8,纳指;黄金;国债ETF;有色ETF;证券ETF;军工ETF;半导体ETF;创新药ETF,纳指;黄金;国债ETF,有色ETF;证券ETF;军工ETF;半导体ETF;创新药ETF
2021-09-08,2133305.8577094153,2078918.2965819414,54387.56112747383,1.0,False,normal,-0.010689445962739685,7,纳指;国债ETF;有色ETF;证券ETF;军工ETF;半导体ETF;创新药ETF,纳指;国债ETF,有色ETF;证券ETF;军工ETF;半导体ETF;创新药ETF
2021-09-09,2134070.7016570047,2134070.701657005,-4.656612873077393e-10,1.0,False,normal,-0.010334753180733186,7,纳指;国债ETF;有色ETF;证券ETF;军工ETF;半导体ETF;创新药ETF,纳指;国债ETF,有色ETF;证券ETF;军工ETF;半导体ETF;创新药ETF
2021-09-10,2140484.6981043196,2140484.6981043196,0.0,1.0,False,normal,-0.007360292506960205,7,纳指;国债ETF;有色ETF;证券ETF;军工ETF;半导体ETF;创新药ETF,纳指;国债ETF,有色ETF;证券ETF;军工ETF;半导体ETF;创新药ETF
2021-09-13,2132285.015171414,2132285.015171414,0.0,1.0,False,normal,-0.01116285688654385,7,纳指;国债ETF;有色ETF;证券ETF;军工ETF;半导体ETF;创新药ETF,纳指;国债ETF,有色ETF;证券ETF;军工ETF;半导体ETF;创新药ETF
2021-09-14,2120350.9322223174,2120350.9322223174,0.0,1.0,False,normal,-0.016697231702808627,7,纳指;国债ETF;有色ETF;证券ETF;军工ETF;半导体ETF;创新药ETF,纳指;国债ETF,有色ETF;证券ETF;军工ETF;半导体ETF;创新药ETF
2021-09-15,2117345.1822450645,2117345.1822450645,0.0,1.0,False,normal,-0.0180911341123236,7,纳指;国债ETF;有色ETF;证券ETF;军工ETF;半导体ETF;创新药ETF,纳指;国债ETF,有色ETF;证券ETF;军工ETF;半导体ETF;创新药ETF
2021-09-16,2103514.128538639,2051040.7368584827,52473.39168015611,1.0,False,normal,-0.024505220191811106,7,纳指;国债ETF;有色ETF;证券ETF;军工ETF;酒ETF;创新药ETF,纳指;国债ETF,有色ETF;证券ETF;军工ETF;酒ETF;创新药ETF
2021-09-17,2112931.0192371616,2112931.019237161,4.656612873077393e-10,1.0,False,normal,-0.02013818143804001,7,纳指;国债ETF;有色ETF;证券ETF;创新药ETF;酒ETF;军工ETF,纳指;国债ETF,有色ETF;证券ETF;创新药ETF;酒ETF;军工ETF
2021-09-22,2093360.0433670443,2093360.0433670445,-2.3283064365386963e-10,0.5998815250867103,False,normal,-0.02921412941387543,6,沪深300;有色ETF;证券ETF;创新药ETF;军工ETF;酒ETF,沪深300,有色ETF;证券ETF;创新药ETF;军工ETF;酒ETF
2021-09-23,2107304.421747544,2107304.4217475443,-4.656612873077393e-10,1.0,False,normal,-0.022747489549993186,8,沪深300;纳指;国债ETF;有色ETF;证券ETF;军工ETF;创新药ETF;酒ETF,沪深300;纳指;国债ETF,有色ETF;证券ETF;军工ETF;创新药ETF;酒ETF
2021-09-24,2105679.823108288,2105679.823108288,0.0,1.0,False,normal,-0.023500889525004794,8,沪深300;纳指;国债ETF;证券ETF;有色ETF;创新药ETF;军工ETF;酒ETF,沪深300;纳指;国债ETF,证券ETF;有色ETF;创新药ETF;军工ETF;酒ETF
2021-09-27,2106322.714924294,2106322.7149242936,4.656612873077393e-10,1.0,False,normal,-0.02320275147021978,8,沪深300;纳指;国债ETF;证券ETF;酒ETF;军工ETF;有色ETF;创新药ETF,沪深300;纳指;国债ETF,证券ETF;酒ETF;军工ETF;有色ETF;创新药ETF
2021-09-28,2096138.1393621475,2096138.1393621475,0.0,0.6790407744460416,False,normal,-0.027925800467441416,6,纳指;证券ETF;军工ETF;酒ETF;创新药ETF;有色ETF,纳指,证券ETF;军工ETF;酒ETF;创新药ETF;有色ETF
2021-09-29,2061498.0658373972,2061498.0658373977,-4.656612873077393e-10,1.0,False,normal,-0.04398997157859118,6,国债ETF;证券ETF;军工ETF;创新药ETF;酒ETF;有色ETF,国债ETF,证券ETF;军工ETF;创新药ETF;酒ETF;有色ETF
2021-09-30,2067729.437314717,2067729.4373147176,-4.656612873077393e-10,1.0,False,normal,-0.04110020237537971,6,国债ETF;证券ETF;军工ETF;酒ETF;创新药ETF;有色ETF,国债ETF,证券ETF;军工ETF;酒ETF;创新药ETF;有色ETF
2021-10-08,2066952.9029535276,2066952.9029535279,-2.3283064365386963e-10,1.0,False,normal,-0.04146031653168836,6,国债ETF;证券ETF;酒ETF;创新药ETF;军工ETF;有色ETF,国债ETF,证券ETF;酒ETF;创新药ETF;军工ETF;有色ETF
2021-10-11,2066369.078390097,2066369.0783900975,-4.656612873077393e-10,0.6816072654093441,False,normal,-0.041731062426010455,6,沪深300;酒ETF;证券ETF;军工ETF;创新药ETF;有色ETF,沪深300,酒ETF;证券ETF;军工ETF;创新药ETF;有色ETF
2021-10-12,2039329.9985907204,2039329.9985907201,2.3283064365386963e-10,1.0,False,normal,-0.05427030846066075,7,黄金;国债ETF;酒ETF;证券ETF;军工ETF;创新药ETF;有色ETF,黄金;国债ETF,酒ETF;证券ETF;军工ETF;创新药ETF;有色ETF
2021-10-13,2047810.3148755836,2047810.3148755839,-2.3283064365386963e-10,1.0,False,normal,-0.05033760168452247,7,黄金;国债ETF;酒ETF;证券ETF;军工ETF;有色ETF;创新药ETF,黄金;国债ETF,酒ETF;证券ETF;军工ETF;有色ETF;创新药ETF
2021-10-14,2060948.0198447546,2060948.0198447548,-2.3283064365386963e-10,1.0,False,normal,-0.044245052819642826,7,黄金;国债ETF;酒ETF;军工ETF;证券ETF;有色ETF;创新药ETF,黄金;国债ETF,酒ETF;军工ETF;证券ETF;有色ETF;创新药ETF
2021-10-15,2059833.556604881,2059833.5566048813,-2.3283064365386963e-10,1.0,False,normal,-0.04476187990344284,7,黄金;国债ETF;酒ETF;军工ETF;证券ETF;半导体ETF;有色ETF,黄金;国债ETF,酒ETF;军工ETF;证券ETF;半导体ETF;有色ETF
2021-10-18,2042952.479013866,612885.7437041599,1430066.735309706,1.0,False,normal,-0.05259040020865821,5,军工ETF;酒ETF;证券ETF;有色ETF;半导体ETF,,军工ETF;酒ETF;证券ETF;有色ETF;半导体ETF
2021-10-19,2046422.486859547,2046422.4868595472,-2.3283064365386963e-10,0.6655174617039374,False,normal,-0.05098120039705208,6,纳指;军工ETF;酒ETF;半导体ETF;证券ETF;创新药ETF,纳指,军工ETF;酒ETF;半导体ETF;证券ETF;创新药ETF
2021-10-20,2048909.653996602,2048909.653996602,0.0,0.7214466716729557,False,normal,-0.04982778833968066,8,沪深300;创业板;纳指;军工ETF;酒ETF;证券ETF;有色ETF;半导体ETF,沪深300;创业板;纳指,军工ETF;酒ETF;证券ETF;有色ETF;半导体ETF
2021-10-21,2048108.3988746193,2141250.6357822362,-93142.23690761696,0.7441007773462351,False,normal,-0.05019936663249283,8,沪深300;创业板;纳指;酒ETF;军工ETF;证券ETF;有色ETF;创新药ETF,沪深300;创业板;纳指,酒ETF;军工ETF;证券ETF;有色ETF;创新药ETF
2021-10-22,2052879.1814523956,2052879.1814523952,4.656612873077393e-10,0.762211670890394,False,normal,-0.047986938659188065,8,沪深300;创业板;纳指;军工ETF;酒ETF;证券ETF;半导体ETF;创新药ETF,沪深300;创业板;纳指,军工ETF;酒ETF;证券ETF;半导体ETF;创新药ETF
2021-10-25,2064242.0215125456,2118351.2949932492,-54109.27348070359,0.7805179315671976,False,normal,-0.04271747504490167,8,沪深300;创业板;纳指;军工ETF;酒ETF;证券ETF;半导体ETF;有色ETF,沪深300;创业板;纳指,军工ETF;酒ETF;证券ETF;半导体ETF;有色ETF
2021-10-26,2065768.1670172592,2210361.916637725,-144593.74962046603,0.8049424031438868,False,normal,-0.042009732247799546,8,沪深300;创业板;纳指;酒ETF;军工ETF;证券ETF;有色ETF;创新药ETF,沪深300;创业板;纳指,酒ETF;军工ETF;证券ETF;有色ETF;创新药ETF
2021-10-27,2045349.7930440167,2169659.8413055516,-124310.04826153489,0.7322371004505364,False,normal,-0.051478657106843365,6,沪深300;酒ETF;军工ETF;证券ETF;有色ETF;创新药ETF,沪深300,酒ETF;军工ETF;证券ETF;有色ETF;创新药ETF
2021-10-28,2030118.5837372472,728822.6003668898,1301295.9833703572,1.0,False,normal,-0.058542058758080086,5,酒ETF;军工ETF;证券ETF;有色ETF;创新药ETF,,酒ETF;军工ETF;证券ETF;有色ETF;创新药ETF
2021-10-29,2040641.3726305105,2040641.372630511,-4.656612873077393e-10,0.8166406401469046,False,normal,-0.05366216491988978,8,沪深300;创业板;纳指;军工ETF;酒ETF;证券ETF;有色ETF;半导体ETF,沪深300;创业板;纳指,军工ETF;酒ETF;证券ETF;有色ETF;半导体ETF
2021-11-01,2045033.0001110276,2104049.650226935,-59016.65011590719,0.8418716616893188,False,normal,-0.051625568338966,8,沪深300;创业板;纳指;军工ETF;酒ETF;证券ETF;有色ETF;半导体ETF,沪深300;创业板;纳指,军工ETF;酒ETF;证券ETF;有色ETF;半导体ETF
2021-11-02,2042488.4745957348,0.0,2042488.4745957348,0.0,True,normal,-0.052805580074366726,0,,沪深300;创业板;纳指;国债ETF,军工ETF;酒ETF;证券ETF;半导体ETF;有色ETF
2021-11-03,2042488.4745957348,0.0,2042488.4745957348,0.0,True,normal,-0.052805580074366726,0,,沪深300;创业板;纳指,军工ETF;酒ETF;半导体ETF;有色ETF;证券ETF
2021-11-04,2042488.4745957348,0.0,2042488.4745957348,0.0,True,normal,-0.052805580074366726,0,,创业板;纳指,军工ETF;酒ETF;半导体ETF;证券ETF;有色ETF
2021-11-05,2042488.4745957348,0.0,2042488.4745957348,0.0,True,normal,-0.052805580074366726,0,,创业板;纳指,军工ETF;酒ETF;半导体ETF;证券ETF;有色ETF
2021-11-08,2042488.4745957348,0.0,2042488.4745957348,0.0,True,normal,-0.052805580074366726,0,,沪深300;创业板;纳指;国债ETF,军工ETF;酒ETF;证券ETF;半导体ETF;有色ETF
2021-11-09,2042488.4745957348,2166230.342590839,-123741.86799510429,1.0,False,normal,-0.052805580074366726,8,创业板;纳指;国债ETF;军工ETF;半导体ETF;证券ETF;有色ETF;酒ETF,创业板;纳指;国债ETF,军工ETF;半导体ETF;证券ETF;有色ETF;酒ETF
2021-11-10,2032429.4157162313,2163574.6766357385,-131145.26091950713,1.0,False,normal,-0.05747042130058464,8,创业板;纳指;国债ETF;军工ETF;半导体ETF;证券ETF;有色ETF;酒ETF,创业板;纳指;国债ETF,军工ETF;半导体ETF;证券ETF;有色ETF;酒ETF
2021-11-11,2042114.3018325767,2166556.7158472966,-124442.41401471989,1.0,False,normal,-0.05297910093275084,9,创业板;纳指;黄金;国债ETF;军工ETF;证券ETF;半导体ETF;有色ETF;酒ETF,创业板;纳指;黄金;国债ETF,军工ETF;证券ETF;半导体ETF;有色ETF;酒ETF
2021-11-12,2043916.7925606468,2191162.2606235594,-147245.46806291258,1.0,False,normal,-0.05214320433855657,9,创业板;纳指;黄金;国债ETF;军工ETF;证券ETF;半导体ETF;酒ETF;有色ETF,创业板;纳指;黄金;国债ETF,军工ETF;证券ETF;半导体ETF;酒ETF;有色ETF
2021-11-15,2036995.365361236,2234060.7098982544,-197065.34453701833,1.0,False,normal,-0.05535298363608772,9,创业板;纳指;黄金;国债ETF;军工ETF;半导体ETF;证券ETF;酒ETF;创新药ETF,创业板;纳指;黄金;国债ETF,军工ETF;半导体ETF;证券ETF;酒ETF;创新药ETF
2021-11-16,2032538.092802104,2248477.238746092,-215939.14594398811,1.0,False,normal,-0.05742002281335067,9,创业板;纳指;黄金;国债ETF;军工ETF;酒ETF;半导体ETF;证券ETF;创新药ETF,创业板;纳指;黄金;国债ETF,军工ETF;酒ETF;半导体ETF;证券ETF;创新药ETF
2021-11-17,2042783.567063944,2279198.3348553614,-236414.76779141743,1.0,False,normal,-0.052668732330682366,9,创业板;纳指;黄金;国债ETF;军工ETF;半导体ETF;酒ETF;证券ETF;创新药ETF,创业板;纳指;黄金;国债ETF,军工ETF;半导体ETF;酒ETF;证券ETF;创新药ETF
2021-11-18,2038806.5990831903,2287720.132540257,-248913.53345706686,1.0,False,normal,-0.054513032519616526,9,创业板;纳指;黄金;国债ETF;军工ETF;酒ETF;半导体ETF;有色ETF;创新药ETF,创业板;纳指;黄金;国债ETF,军工ETF;酒ETF;半导体ETF;有色ETF;创新药ETF
2021-11-19,2051421.5884855352,2217315.9264450264,-165894.33795949118,1.0,False,normal,-0.04866289053940921,10,沪深300;创业板;纳指;黄金;国债ETF;军工ETF;酒ETF;半导体ETF;证券ETF;有色ETF,沪深300;创业板;纳指;黄金;国债ETF,军工ETF;酒ETF;半导体ETF;证券ETF;有色ETF
2021-11-22,2072821.0951825823,0.0,2072821.0951825823,0.0,True,normal,-0.03873896999605532,0,,沪深300;创业板;纳指;黄金;国债ETF,军工ETF;酒ETF;半导体ETF;有色ETF;证券ETF
2021-11-23,2072821.0951825823,0.0,2072821.0951825823,0.0,True,normal,-0.03873896999605532,0,,沪深300;创业板;纳指;国债ETF,酒ETF;军工ETF;半导体ETF;证券ETF;创新药ETF
2021-11-24,2072821.0951825823,0.0,2072821.0951825823,0.0,True,normal,-0.03873896999605532,0,,沪深300;创业板;纳指;黄金;国债ETF,酒ETF;军工ETF;半导体ETF;有色ETF;证券ETF
2021-11-25,2072821.0951825823,0.0,2072821.0951825823,0.0,True,normal,-0.03873896999605532,0,,沪深300;创业板;纳指;黄金;国债ETF,酒ETF;军工ETF;半导体ETF;有色ETF;证券ETF
2021-11-26,2072821.0951825823,0.0,2072821.0951825823,0.0,True,normal,-0.03873896999605532,0,,创业板;纳指;黄金;国债ETF,酒ETF;军工ETF;半导体ETF;有色ETF;创新药ETF
2021-11-29,2072821.0951825823,0.0,2072821.0951825823,0.0,True,normal,-0.03873896999605532,0,,创业板;纳指;黄金;国债ETF,酒ETF;军工ETF;创新药ETF;有色ETF;半导体ETF
2021-11-30,2072821.0951825823,0.0,2072821.0951825823,0.0,True,normal,-0.03873896999605532,0,,创业板;纳指;黄金;国债ETF,军工ETF;酒ETF;创新药ETF;半导体ETF;有色ETF
2021-12-01,2072821.0951825823,2421213.0629922366,-348391.9678096543,1.0,False,normal,-0.03873896999605532,9,创业板;纳指;黄金;国债ETF;军工ETF;半导体ETF;酒ETF;创新药ETF;有色ETF,创业板;纳指;黄金;国债ETF,军工ETF;半导体ETF;酒ETF;创新药ETF;有色ETF
2021-12-02,2059365.1752483943,2427507.314195277,-368142.1389468829,1.0,False,normal,-0.04497908955371972,8,创业板;纳指;国债ETF;军工ETF;半导体ETF;有色ETF;酒ETF;创新药ETF,创业板;纳指;国债ETF,军工ETF;半导体ETF;有色ETF;酒ETF;创新药ETF
2021-12-03,2078476.9133353354,2367760.560735422,-289283.64740008675,1.0,False,normal,-0.03611611093906003,8,创业板;纳指;国债ETF;半导体ETF;军工ETF;酒ETF;创新药ETF;有色ETF,创业板;纳指;国债ETF,半导体ETF;军工ETF;酒ETF;创新药ETF;有色ETF
2021-12-06,2050011.111178394,2393040.678964258,-343029.56778586423,1.0,False,normal,-0.049316992754120804,10,沪深300;创业板;纳指;黄金;国债ETF;酒ETF;军工ETF;半导体ETF;证券ETF;创新药ETF,沪深300;创业板;纳指;黄金;国债ETF,酒ETF;军工ETF;半导体ETF;证券ETF;创新药ETF
2021-12-07,2042050.2953075282,2234717.827347625,-192667.53204009682,1.0,False,normal,-0.05300878365758325,8,创业板;纳指;国债ETF;酒ETF;军工ETF;证券ETF;半导体ETF;有色ETF,创业板;纳指;国债ETF,酒ETF;军工ETF;证券ETF;半导体ETF;有色ETF
2021-12-08,2079228.0333276,2193693.39026676,-114465.3569391598,1.0,False,normal,-0.035767782576762476,9,沪深300;创业板;纳指;国债ETF;酒ETF;军工ETF;半导体ETF;有色ETF;创新药ETF,沪深300;创业板;纳指;国债ETF,酒ETF;军工ETF;半导体ETF;有色ETF;创新药ETF
2021-12-09,2092901.8706530365,2303390.8240533103,-210488.9534002738,1.0,False,normal,-0.029426604854235625,9,沪深300;创业板;纳指;国债ETF;酒ETF;半导体ETF;军工ETF;创新药ETF;证券ETF,沪深300;创业板;纳指;国债ETF,酒ETF;半导体ETF;军工ETF;创新药ETF;证券ETF
2021-12-10,2084310.4949987996,2242171.24923223,-157860.75423343014,1.0,False,normal,-0.033410814890372446,9,沪深300;创业板;纳指;国债ETF;酒ETF;半导体ETF;军工ETF;有色ETF;证券ETF,沪深300;创业板;纳指;国债ETF,酒ETF;半导体ETF;军工ETF;有色ETF;证券ETF
2021-12-13,2093907.0012389175,2277191.0654551573,-183284.06421623984,1.0,False,normal,-0.028960480274300624,9,沪深300;创业板;纳指;国债ETF;酒ETF;军工ETF;半导体ETF;有色ETF;证券ETF,沪深300;创业板;纳指;国债ETF,酒ETF;军工ETF;半导体ETF;有色ETF;证券ETF
2021-12-14,2080357.7130421605,2338710.080835787,-258352.36779362662,1.0,False,normal,-0.035243898924421826,10,沪深300;创业板;纳指;黄金;国债ETF;酒ETF;军工ETF;半导体ETF;证券ETF;创新药ETF,沪深300;创业板;纳指;黄金;国债ETF,酒ETF;军工ETF;半导体ETF;证券ETF;创新药ETF
2021-12-15,2059607.8906232165,2285144.953166992,-225537.06254377542,1.0,False,normal,-0.04486653144065262,9,沪深300;创业板;纳指;国债ETF;酒ETF;证券ETF;半导体ETF;军工ETF;创新药ETF,沪深300;创业板;纳指;国债ETF,酒ETF;证券ETF;半导体ETF;军工ETF;创新药ETF
2021-12-16,2073243.1784502533,2326832.8893611706,-253589.71091091726,1.0,False,normal,-0.03854323086662834,9,沪深300;创业板;纳指;国债ETF;酒ETF;证券ETF;半导体ETF;军工ETF;创新药ETF,沪深300;创业板;纳指;国债ETF,酒ETF;证券ETF;半导体ETF;军工ETF;创新药ETF
2021-12-17,2036315.4911963362,2205040.669947804,-168725.17875146773,1.0,False,normal,-0.05566827208116556,9,创业板;纳指;黄金;国债ETF;酒ETF;证券ETF;军工ETF;半导体ETF;创新药ETF,创业板;纳指;黄金;国债ETF,酒ETF;证券ETF;军工ETF;半导体ETF;创新药ETF
2021-12-20,2007088.9515267368,2143350.73440943,-136261.78288269322,1.0,False,normal,-0.06922194233835463,9,创业板;纳指;黄金;国债ETF;酒ETF;证券ETF;军工ETF;半导体ETF;创新药ETF,创业板;纳指;黄金;国债ETF,酒ETF;证券ETF;军工ETF;半导体ETF;创新药ETF
2021-12-21,2016069.892443188,2165023.5068547274,-148953.6144115394,1.0,False,normal,-0.06505707324482006,10,沪深300;创业板;纳指;黄金;国债ETF;酒ETF;证券ETF;军工ETF;半导体ETF;创新药ETF,沪深300;创业板;纳指;黄金;国债ETF,酒ETF;证券ETF;军工ETF;半导体ETF;创新药ETF
2021-12-22,2018307.641456144,2191037.9025774184,-172730.26112127444,1.0,False,normal,-0.06401932766895557,9,沪深300;创业板;纳指;国债ETF;酒ETF;证券ETF;军工ETF;半导体ETF;创新药ETF,沪深300;创业板;纳指;国债ETF,酒ETF;证券ETF;军工ETF;半导体ETF;创新药ETF
2021-12-23,2029903.0010658177,2173875.885244494,-143972.88417867618,1.0,False,normal,-0.05864203420761162,10,沪深300;创业板;纳指;黄金;国债ETF;酒ETF;证券ETF;军工ETF;半导体ETF;有色ETF,沪深300;创业板;纳指;黄金;国债ETF,酒ETF;证券ETF;军工ETF;半导体ETF;有色ETF
2021-12-24,2016883.9596527913,2162806.8126994674,-145922.85304667614,1.0,False,normal,-0.06467955340665635,9,沪深300;纳指;黄金;国债ETF;酒ETF;证券ETF;军工ETF;半导体ETF;有色ETF,沪深300;纳指;黄金;国债ETF,酒ETF;证券ETF;军工ETF;半导体ETF;有色ETF
2021-12-27,2016148.7026884672,2257948.989602526,-241800.28691405896,1.0,False,normal,-0.06502052536438406,9,沪深300;纳指;黄金;国债ETF;酒ETF;证券ETF;军工ETF;半导体ETF;创新药ETF,沪深300;纳指;黄金;国债ETF,酒ETF;证券ETF;军工ETF;半导体ETF;创新药ETF
2021-12-28,2031548.0051083686,2179845.2116427077,-148297.20653433912,1.0,False,normal,-0.05787917132283194,10,沪深300;创业板;纳指;黄金;国债ETF;酒ETF;军工ETF;证券ETF;半导体ETF;有色ETF,沪深300;创业板;纳指;黄金;国债ETF,酒ETF;军工ETF;证券ETF;半导体ETF;有色ETF
2021-12-29,2014422.5324487183,2249166.0406275885,-234743.5081788702,1.0,False,normal,-0.06582102869121702,9,沪深300;纳指;黄金;国债ETF;酒ETF;军工ETF;证券ETF;半导体ETF;创新药ETF,沪深300;纳指;黄金;国债ETF,酒ETF;军工ETF;证券ETF;半导体ETF;创新药ETF
2021-12-30,2026432.4495701436,2224250.3741493644,-197817.92457922082,1.0,False,normal,-0.06025148613434412,7,沪深300;国债ETF;军工ETF;证券ETF;酒ETF;半导体ETF;创新药ETF,沪深300;国债ETF,军工ETF;证券ETF;酒ETF;半导体ETF;创新药ETF
2021-12-31,1984671.420489281,2154014.334448167,-169342.91395888617,1.0,False,normal,-0.0796179668796391,8,沪深300;纳指;国债ETF;军工ETF;证券ETF;半导体ETF;创新药ETF;有色ETF,沪深300;纳指;国债ETF,军工ETF;证券ETF;半导体ETF;创新药ETF;有色ETF
2022-01-04,1973550.655039376,2103573.3609540104,-130022.70591463428,1.0,False,warning,-0.08477516953241612,8,沪深300;纳指;国债ETF;军工ETF;证券ETF;半导体ETF;有色ETF;创新药ETF,沪深300;纳指;国债ETF,军工ETF;证券ETF;半导体ETF;有色ETF;创新药ETF
2022-01-05,1938716.518879935,1938716.5188799347,2.3283064365386963e-10,1.0,False,warning,-0.1009293362773144,7,沪深300;国债ETF;军工ETF;证券ETF;半导体ETF;有色ETF;创新药ETF,沪深300;国债ETF,军工ETF;证券ETF;半导体ETF;有色ETF;创新药ETF
2022-01-06,1927764.6760731197,1927764.6760731197,0.0,1.0,False,warning,-0.10600820184916113,6,国债ETF;军工ETF;证券ETF;半导体ETF;有色ETF;创新药ETF,国债ETF,军工ETF;证券ETF;半导体ETF;有色ETF;创新药ETF
2022-01-07,1922344.0186026685,1979971.285418841,-57627.266816172516,1.0,False,warning,-0.1085220062461998,6,国债ETF;军工ETF;证券ETF;半导体ETF;创新药ETF;有色ETF,国债ETF,军工ETF;证券ETF;半导体ETF;创新药ETF;有色ETF
2022-01-10,1924483.9991659033,1999531.357757488,-75047.35859158472,1.0,False,warning,-0.1075296003288805,6,国债ETF;军工ETF;证券ETF;创新药ETF;半导体ETF;有色ETF,国债ETF,军工ETF;证券ETF;创新药ETF;半导体ETF;有色ETF
2022-01-11,1919729.872025431,2006769.9175736292,-87040.04554819828,1.0,False,warning,-0.10973430442150152,6,国债ETF;证券ETF;军工ETF;创新药ETF;半导体ETF;有色ETF,国债ETF,证券ETF;军工ETF;创新药ETF;半导体ETF;有色ETF
2022-01-12,1932450.3911638227,1932450.3911638232,-4.656612873077393e-10,1.0,False,warning,-0.10383522352273328,6,国债ETF;证券ETF;军工ETF;创新药ETF;有色ETF;半导体ETF,国债ETF,证券ETF;军工ETF;创新药ETF;有色ETF;半导体ETF
2022-01-13,1922651.9398606871,1922651.9398606876,-4.656612873077393e-10,1.0,False,warning,-0.10837920921160238,6,国债ETF;证券ETF;军工ETF;创新药ETF;半导体ETF;有色ETF,国债ETF,证券ETF;军工ETF;创新药ETF;半导体ETF;有色ETF
2022-01-14,1925433.704621912,1975451.9948770502,-50018.290255138185,1.0,False,warning,-0.10708917889214148,6,国债ETF;军工ETF;证券ETF;创新药ETF;半导体ETF;有色ETF,国债ETF,军工ETF;证券ETF;创新药ETF;半导体ETF;有色ETF
2022-01-17,1930937.742615509,1980369.287463474,-49431.54484796501,1.0,False,warning,-0.10453670716980987,6,国债ETF;军工ETF;证券ETF;半导体ETF;创新药ETF;有色ETF,国债ETF,军工ETF;证券ETF;半导体ETF;创新药ETF;有色ETF
2022-01-18,1936769.0513786213,2002270.230697944,-65501.17931932281,1.0,False,warning,-0.10183246516796624,6,国债ETF;军工ETF;证券ETF;半导体ETF;创新药ETF;有色ETF,国债ETF,军工ETF;证券ETF;半导体ETF;创新药ETF;有色ETF
2022-01-19,1924592.6540135886,1972442.9800609741,-47850.32604738558,1.0,False,warning,-0.10747921215450135,7,黄金;国债ETF;证券ETF;军工ETF;半导体ETF;创新药ETF;有色ETF,黄金;国债ETF,证券ETF;军工ETF;半导体ETF;创新药ETF;有色ETF
2022-01-20,1928122.8876712455,1990574.5248641984,-62451.63719295291,1.0,False,warning,-0.10584208290596145,7,黄金;国债ETF;证券ETF;军工ETF;半导体ETF;有色ETF;创新药ETF,黄金;国债ETF,证券ETF;军工ETF;半导体ETF;有色ETF;创新药ETF
2022-01-21,1920661.6874151302,1986343.3034133518,-65681.61599822156,1.0,False,warning,-0.10930217941883842,7,黄金;国债ETF;证券ETF;有色ETF;半导体ETF;军工ETF;创新药ETF,黄金;国债ETF,证券ETF;有色ETF;半导体ETF;军工ETF;创新药ETF
2022-01-24,1924749.1870174608,1997742.0560704712,-72992.86905301036,1.0,False,warning,-0.10740662071046328,7,黄金;国债ETF;证券ETF;有色ETF;半导体ETF;军工ETF;创新药ETF,黄金;国债ETF,证券ETF;有色ETF;半导体ETF;军工ETF;创新药ETF
2022-01-25,1911730.7497758789,1911730.7497758793,-4.656612873077393e-10,1.0,False,warning,-0.11344385972784336,7,黄金;国债ETF;证券ETF;有色ETF;军工ETF;半导体ETF;创新药ETF,黄金;国债ETF,证券ETF;有色ETF;军工ETF;半导体ETF;创新药ETF
2022-01-26,1910331.8379995876,1964554.537052243,-54222.69905265537,1.0,False,warning,-0.11409259848204052,7,黄金;国债ETF;证券ETF;有色ETF;半导体ETF;军工ETF;创新药ETF,黄金;国债ETF,证券ETF;有色ETF;半导体ETF;军工ETF;创新药ETF
2022-01-27,1882202.6428355987,941101.3214177993,941101.3214177993,0.5,False,halve,-0.1271373803878983,7,黄金;国债ETF;证券ETF;有色ETF;半导体ETF;军工ETF;创新药ETF,黄金;国债ETF,证券ETF;有色ETF;半导体ETF;军工ETF;创新药ETF
2022-01-28,1879195.9579862184,939597.9789931092,939597.9789931092,0.5,False,halve,-0.12853171633996363,7,黄金;国债ETF;证券ETF;有色ETF;半导体ETF;军工ETF;创新药ETF,黄金;国债ETF,证券ETF;有色ETF;半导体ETF;军工ETF;创新药ETF
2022-02-07,1884513.319343666,942256.659671833,942256.659671833,0.5,False,halve,-0.12606581502930897,7,黄金;国债ETF;证券ETF;有色ETF;半导体ETF;创新药ETF;军工ETF,黄金;国债ETF,证券ETF;有色ETF;半导体ETF;创新药ETF;军工ETF
2022-02-08,1884808.056537245,942404.0282686224,942404.0282686226,0.5,False,halve,-0.12592913204256279,7,黄金;国债ETF;证券ETF;有色ETF;半导体ETF;创新药ETF;军工ETF,黄金;国债ETF,证券ETF;有色ETF;半导体ETF;创新药ETF;军工ETF
2022-02-09,1891083.6363314395,945541.81816572,945541.8181657195,0.5,False,halve,-0.12301886144040644,7,黄金;国债ETF;证券ETF;有色ETF;军工ETF;半导体ETF;创新药ETF,黄金;国债ETF,证券ETF;有色ETF;军工ETF;半导体ETF;创新药ETF
2022-02-10,1890946.7958003043,904170.6852779756,986776.1105223286,0.5,False,halve,-0.12308232059286828,7,黄金;国债ETF;有色ETF;证券ETF;军工ETF;半导体ETF;酒ETF,黄金;国债ETF,有色ETF;证券ETF;军工ETF;半导体ETF;酒ETF
2022-02-11,1885925.9669008183,908839.958219672,977086.0086811463,0.5,False,halve,-0.12541070637136614,7,黄金;国债ETF;有色ETF;证券ETF;半导体ETF;军工ETF;酒ETF,黄金;国债ETF,有色ETF;证券ETF;半导体ETF;军工ETF;酒ETF
2022-02-14,1889953.3867908106,918585.4611980495,971367.9255927611,0.5,False,halve,-0.12354300934690518,7,黄金;国债ETF;有色ETF;证券ETF;军工ETF;半导体ETF;酒ETF,黄金;国债ETF,有色ETF;证券ETF;军工ETF;半导体ETF;酒ETF
2022-02-15,1897775.2969808783,1827100.943175748,70674.35380513035,1.0,False,warning,-0.1199156352993439,7,黄金;国债ETF;有色ETF;证券ETF;半导体ETF;军工ETF;酒ETF,黄金;国债ETF,有色ETF;证券ETF;半导体ETF;军工ETF;酒ETF
2022-02-16,1888785.743439462,916948.9984355168,971836.7450039452,0.5,False,halve,-0.12408449845718256,7,黄金;国债ETF;有色ETF;证券ETF;半导体ETF;酒ETF;军工ETF,黄金;国债ETF,有色ETF;证券ETF;半导体ETF;酒ETF;军工ETF
2022-02-17,1893941.1434116368,923070.6733963409,970870.4700152959,0.5,False,halve,-0.1216937059768993,7,黄金;国债ETF;有色ETF;证券ETF;半导体ETF;酒ETF;军工ETF,黄金;国债ETF,有色ETF;证券ETF;半导体ETF;酒ETF;军工ETF
2022-02-18,1896371.459386501,948185.7296932505,948185.7296932505,0.5,False,halve,-0.1205666583785019,7,黄金;国债ETF;有色ETF;证券ETF;半导体ETF;酒ETF;军工ETF,黄金;国债ETF,有色ETF;证券ETF;半导体ETF;酒ETF;军工ETF
2022-02-21,1894459.27392552,947229.63696276,947229.63696276,0.5,False,halve,-0.12145342538895595,7,黄金;国债ETF;有色ETF;证券ETF;酒ETF;军工ETF;半导体ETF,黄金;国债ETF,有色ETF;证券ETF;酒ETF;军工ETF;半导体ETF
2022-02-22,1896882.3477308934,948441.1738654466,948441.1738654468,0.5,False,halve,-0.12032973631258458,7,黄金;国债ETF;有色ETF;证券ETF;军工ETF;半导体ETF;酒ETF,黄金;国债ETF,有色ETF;证券ETF;军工ETF;半导体ETF;酒ETF
2022-02-23,1902180.410601934,1902180.4106019344,-4.656612873077393e-10,1.0,False,warning,-0.1178727845841994,7,黄金;国债ETF;有色ETF;军工ETF;半导体ETF;证券ETF;创新药ETF,黄金;国债ETF,有色ETF;军工ETF;半导体ETF;证券ETF;创新药ETF
2022-02-24,1909908.7175671663,1909908.7175671665,-2.3283064365386963e-10,1.0,False,warning,-0.11428881859174045,7,黄金;国债ETF;有色ETF;军工ETF;半导体ETF;证券ETF;创新药ETF,黄金;国债ETF,有色ETF;军工ETF;半导体ETF;证券ETF;创新药ETF
2022-02-25,1907864.9595142764,1907864.9595142764,0.0,1.0,False,warning,-0.1152366017726265,7,黄金;国债ETF;有色ETF;军工ETF;半导体ETF;创新药ETF;证券ETF,黄金;国债ETF,有色ETF;军工ETF;半导体ETF;创新药ETF;证券ETF
2022-02-28,1909214.2246181045,1909214.2246181052,-6.984919309616089e-10,1.0,False,warning,-0.11461088642919016,7,黄金;国债ETF;有色ETF;军工ETF;半导体ETF;证券ETF;创新药ETF,黄金;国债ETF,有色ETF;军工ETF;半导体ETF;证券ETF;创新药ETF
2022-03-01,1909256.3408563088,1909256.3408563093,-4.656612873077393e-10,1.0,False,warning,-0.11459135522188518,7,黄金;国债ETF;有色ETF;军工ETF;半导体ETF;创新药ETF;证券ETF,黄金;国债ETF,有色ETF;军工ETF;半导体ETF;创新药ETF;证券ETF
2022-03-02,1914473.6617373917,1914473.6617373917,0.0,1.0,False,warning,-0.11217184721144154,7,黄金;国债ETF;有色ETF;军工ETF;半导体ETF;创新药ETF;证券ETF,黄金;国债ETF,有色ETF;军工ETF;半导体ETF;创新药ETF;证券ETF
2022-03-03,1907368.236350758,1907368.2363507575,4.656612873077393e-10,1.0,False,warning,-0.11546695480256246,7,黄金;国债ETF;有色ETF;军工ETF;创新药ETF;半导体ETF;证券ETF,黄金;国债ETF,有色ETF;军工ETF;创新药ETF;半导体ETF;证券ETF
2022-03-04,1905738.6576437904,1965502.4649334394,-59763.807289649034,1.0,False,warning,-0.11622266426054355,7,黄金;国债ETF;有色ETF;军工ETF;半导体ETF;创新药ETF;证券ETF,黄金;国债ETF,有色ETF;军工ETF;半导体ETF;创新药ETF;证券ETF
2022-03-07,1907194.4978866528,1907194.4978866528,0.0,1.0,False,warning,-0.11554752519782965,7,黄金;国债ETF;有色ETF;军工ETF;半导体ETF;创新药ETF;证券ETF,黄金;国债ETF,有色ETF;军工ETF;半导体ETF;创新药ETF;证券ETF
2022-03-08,1906016.7705717082,1862386.7714127514,43629.99915895681,1.0,False,warning,-0.11609369069877835,7,黄金;国债ETF;有色ETF;半导体ETF;军工ETF;创新药ETF;证券ETF,黄金;国债ETF,有色ETF;半导体ETF;军工ETF;创新药ETF;证券ETF
2022-03-09,1902160.6338969362,1855932.178217992,46228.45567894424,1.0,False,warning,-0.11788195593809021,7,黄金;国债ETF;半导体ETF;有色ETF;军工ETF;创新药ETF;证券ETF,黄金;国债ETF,半导体ETF;有色ETF;军工ETF;创新药ETF;证券ETF
2022-03-10,1890393.524787277,911154.3370628792,979239.1877243978,0.5,False,halve,-0.12333889742194917,7,黄金;国债ETF;有色ETF;半导体ETF;创新药ETF;军工ETF;证券ETF,黄金;国债ETF,有色ETF;半导体ETF;创新药ETF;军工ETF;证券ETF
2022-03-11,1893811.2496756595,914643.9848816963,979167.2647939632,0.5,False,halve,-0.12175394358579224,7,黄金;国债ETF;半导体ETF;创新药ETF;有色ETF;军工ETF;证券ETF,黄金;国债ETF,半导体ETF;创新药ETF;有色ETF;军工ETF;证券ETF
2022-03-14,1888005.20724625,908651.9024873067,979353.3047589433,0.5,False,halve,-0.12444646844426253,7,黄金;国债ETF;创新药ETF;半导体ETF;军工ETF;有色ETF;证券ETF,黄金;国债ETF,创新药ETF;半导体ETF;军工ETF;有色ETF;证券ETF
2022-03-15,1870246.2788034612,872691.4555213326,997554.8232821287,0.5,False,halve,-0.13268208795158803,7,黄金;国债ETF;创新药ETF;半导体ETF;军工ETF;有色ETF;证券ETF,黄金;国债ETF,创新药ETF;半导体ETF;军工ETF;有色ETF;证券ETF
2022-03-16,1876943.1179061364,836395.7142529845,1040547.4036531519,0.5,False,halve,-0.12957646032720244,7,黄金;国债ETF;半导体ETF;创新药ETF;军工ETF;证券ETF;有色ETF,黄金;国债ETF,半导体ETF;创新药ETF;军工ETF;证券ETF;有色ETF
2022-03-17,1883701.7148122615,841295.5141284313,1042406.2006838302,0.5,False,halve,-0.12644219281204527,7,黄金;国债ETF;创新药ETF;半导体ETF;军工ETF;有色ETF;证券ETF,黄金;国债ETF,创新药ETF;半导体ETF;军工ETF;有色ETF;证券ETF
2022-03-18,1885346.042721415,847279.4074549616,1038066.6352664534,0.5,False,halve,-0.1256796434809474,7,黄金;国债ETF;创新药ETF;半导体ETF;有色ETF;军工ETF;证券ETF,黄金;国债ETF,创新药ETF;半导体ETF;有色ETF;军工ETF;证券ETF
2022-03-21,1886097.2715595243,851668.3639912866,1034428.9075682377,0.5,False,halve,-0.12533126464190142,6,黄金;创新药ETF;半导体ETF;军工ETF;有色ETF;证券ETF,黄金,创新药ETF;半导体ETF;军工ETF;有色ETF;证券ETF
2022-03-22,1888638.9033906104,857684.4501765249,1030954.4532140854,0.5,False,halve,-0.12415259483893641,6,黄金;创新药ETF;有色ETF;半导体ETF;军工ETF;证券ETF,黄金,创新药ETF;有色ETF;半导体ETF;军工ETF;证券ETF
2022-03-23,1884707.8505192054,860780.6921516714,1023927.158367534,0.5,False,halve,-0.12597560211194653,6,黄金;创新药ETF;有色ETF;半导体ETF;军工ETF;证券ETF,黄金,创新药ETF;有色ETF;半导体ETF;军工ETF;证券ETF
2022-03-24,1892353.7882404537,870616.0532924609,1021737.7349479928,0.5,False,halve,-0.12242983446882742,6,黄金;创新药ETF;有色ETF;军工ETF;半导体ETF;证券ETF,黄金,创新药ETF;有色ETF;军工ETF;半导体ETF;证券ETF
2022-03-25,1893801.0679300318,873466.8134881646,1020334.2544418672,0.5,False,halve,-0.12175866532242066,7,纳指;黄金;创新药ETF;有色ETF;证券ETF;军工ETF;半导体ETF,纳指;黄金,创新药ETF;有色ETF;证券ETF;军工ETF;半导体ETF
2022-03-28,1886738.4154028576,874796.3823839133,1011942.0330189443,0.5,False,halve,-0.12503393720121897,7,纳指;黄金;创新药ETF;有色ETF;证券ETF;半导体ETF;军工ETF,纳指;黄金,创新药ETF;有色ETF;证券ETF;半导体ETF;军工ETF
2022-03-29,1891308.181421952,883658.8364210369,1007649.3450009152,0.5,False,halve,-0.12291472971119444,7,纳指;黄金;创新药ETF;有色ETF;证券ETF;军工ETF;半导体ETF,纳指;黄金,创新药ETF;有色ETF;证券ETF;军工ETF;半导体ETF
2022-03-30,1899065.5030270505,1763508.9244327238,135556.57859432674,0.6647542665139811,False,warning,-0.11931730831601516,7,纳指;黄金;创新药ETF;有色ETF;证券ETF;半导体ETF;军工ETF,纳指;黄金,创新药ETF;有色ETF;证券ETF;半导体ETF;军工ETF
2022-03-31,1886350.0881909404,877173.8058802477,1009176.2823106927,0.5,False,halve,-0.12521402211861662,7,纳指;黄金;创新药ETF;证券ETF;有色ETF;军工ETF;半导体ETF,纳指;黄金,创新药ETF;证券ETF;有色ETF;军工ETF;半导体ETF
2022-04-01,1884963.2637067446,865806.1856289661,1019157.0780777786,0.5,False,halve,-0.12585715544797677,7,纳指;黄金;创新药ETF;有色ETF;证券ETF;酒ETF;半导体ETF,纳指;黄金,创新药ETF;有色ETF;证券ETF;酒ETF;半导体ETF
2022-04-06,1879663.4740417618,872976.4428869301,1006687.0311548318,0.5,False,halve,-0.1283149079689279,7,纳指;黄金;创新药ETF;有色ETF;证券ETF;酒ETF;军工ETF,纳指;黄金,创新药ETF;有色ETF;证券ETF;酒ETF;军工ETF
2022-04-07,1870271.1806033223,871306.52095692,998964.6596464023,0.5,False,halve,-0.1326705398590686,6,黄金;创新药ETF;有色ETF;证券ETF;军工ETF;酒ETF,黄金,创新药ETF;有色ETF;证券ETF;军工ETF;酒ETF
2022-04-08,1871263.3404213004,878581.2893041177,992682.0511171827,0.5,False,halve,-0.13221043041171945,6,黄金;有色ETF;创新药ETF;证券ETF;军工ETF;酒ETF,黄金,有色ETF;创新药ETF;证券ETF;军工ETF;酒ETF
2022-04-11,1868202.026683776,852685.5260601763,1015516.5006235996,0.5,False,halve,-0.1336301002536258,7,黄金;国债ETF;创新药ETF;有色ETF;证券ETF;军工ETF;酒ETF,黄金;国债ETF,创新药ETF;有色ETF;证券ETF;军工ETF;酒ETF
2022-04-12,1876124.1226412908,842824.1683847697,1033299.9542565211,0.5,False,halve,-0.12995626552779768,7,黄金;国债ETF;有色ETF;创新药ETF;证券ETF;酒ETF;军工ETF,黄金;国债ETF,有色ETF;创新药ETF;证券ETF;酒ETF;军工ETF
2022-04-13,1876049.5303643467,847986.1626550723,1028063.3677092744,0.5,False,halve,-0.12999085734526436,7,黄金;国债ETF;有色ETF;证券ETF;酒ETF;创新药ETF;军工ETF,黄金;国债ETF,有色ETF;证券ETF;酒ETF;创新药ETF;军工ETF
2022-04-14,1879334.7304899371,851566.1427223289,1027768.5877676082,0.5,False,halve,-0.12846736124430636,7,黄金;国债ETF;有色ETF;酒ETF;证券ETF;创新药ETF;军工ETF,黄金;国债ETF,有色ETF;酒ETF;证券ETF;创新药ETF;军工ETF
2022-04-15,1879677.0869350277,857811.5163166862,1021865.5706183416,0.5,False,halve,-0.12830859505372622,7,黄金;国债ETF;有色ETF;酒ETF;证券ETF;创新药ETF;军工ETF,黄金;国债ETF,有色ETF;酒ETF;证券ETF;创新药ETF;军工ETF
2022-04-18,1880924.2102642898,864655.2869534511,1016268.9233108386,0.5,False,halve,-0.1277302474776549,7,黄金;国债ETF;酒ETF;有色ETF;证券ETF;创新药ETF;军工ETF,黄金;国债ETF,酒ETF;有色ETF;证券ETF;创新药ETF;军工ETF
2022-04-19,1876828.5818779422,868536.3137066578,1008292.2681712843,0.5,False,halve,-0.12962957587137092,7,黄金;国债ETF;酒ETF;有色ETF;证券ETF;创新药ETF;军工ETF,黄金;国债ETF,酒ETF;有色ETF;证券ETF;创新药ETF;军工ETF
2022-04-20,1869444.035256256,867805.4275415812,1001638.6077146747,0.5,False,halve,-0.13305412462194657,8,纳指;黄金;国债ETF;酒ETF;有色ETF;证券ETF;创新药ETF;军工ETF,纳指;黄金;国债ETF,酒ETF;有色ETF;证券ETF;创新药ETF;军工ETF
2022-04-21,1868038.7854814292,864419.5604614469,1003619.2250199823,0.5,False,halve,-0.13370580259314346,8,纳指;黄金;国债ETF;酒ETF;证券ETF;有色ETF;创新药ETF;军工ETF,纳指;黄金;国债ETF,酒ETF;证券ETF;有色ETF;创新药ETF;军工ETF
2022-04-22,1863848.806135489,0.0,1863848.806135489,0.0,True,halve,-0.13564888580043735,0,,纳指;黄金;国债ETF,酒ETF;证券ETF;有色ETF;创新药ETF;军工ETF
2022-04-25,1863848.806135489,0.0,1863848.806135489,0.0,True,halve,-0.13564888580043735,0,,黄金;国债ETF,酒ETF;证券ETF;创新药ETF;有色ETF;军工ETF
2022-04-26,1863848.806135489,0.0,1863848.806135489,0.0,True,halve,-0.13564888580043735,0,,纳指;黄金;国债ETF,酒ETF;创新药ETF;证券ETF;有色ETF;军工ETF
2022-04-27,1863848.806135489,0.0,1863848.806135489,0.0,True,halve,-0.13564888580043735,0,,黄金;国债ETF,酒ETF;创新药ETF;有色ETF;证券ETF;军工ETF
2022-04-28,1863848.806135489,0.0,1863848.806135489,0.0,True,halve,-0.13564888580043735,0,,黄金;国债ETF,酒ETF;创新药ETF;有色ETF;证券ETF;军工ETF
2022-04-29,1863848.806135489,0.0,1863848.806135489,0.0,True,halve,-0.13564888580043735,0,,黄金;国债ETF,酒ETF;有色ETF;创新药ETF;证券ETF;军工ETF
2022-05-05,1863848.806135489,0.0,1863848.806135489,0.0,True,halve,-0.13564888580043735,0,,纳指;黄金;国债ETF,酒ETF;有色ETF;创新药ETF;军工ETF;证券ETF
2022-05-06,1863848.806135489,0.0,1863848.806135489,0.0,True,halve,-0.13564888580043735,0,,国债ETF,酒ETF;军工ETF;创新药ETF;有色ETF;证券ETF
2022-05-09,1863848.806135489,0.0,1863848.806135489,0.0,True,halve,-0.13564888580043735,0,,纳指;国债ETF,酒ETF;军工ETF;创新药ETF;有色ETF;半导体ETF
2022-05-10,1863848.806135489,0.0,1863848.806135489,0.0,True,halve,-0.13564888580043735,0,,国债ETF,酒ETF;军工ETF;创新药ETF;有色ETF;半导体ETF
2022-05-11,1863848.806135489,0.0,1863848.806135489,0.0,True,halve,-0.13564888580043735,0,,国债ETF,酒ETF;创新药ETF;军工ETF;半导体ETF;有色ETF
2022-05-12,1863848.806135489,0.0,1863848.806135489,0.0,True,halve,-0.13564888580043735,0,,国债ETF,酒ETF;创新药ETF;军工ETF;半导体ETF;有色ETF
2022-05-13,1863848.806135489,0.0,1863848.806135489,0.0,True,halve,-0.13564888580043735,0,,国债ETF,创新药ETF;军工ETF;酒ETF;半导体ETF;证券ETF
2022-05-16,1863848.806135489,0.0,1863848.806135489,0.0,True,halve,-0.13564888580043735,0,,纳指;黄金;国债ETF,创新药ETF;军工ETF;酒ETF;半导体ETF;有色ETF
2022-05-17,1863848.806135489,0.0,1863848.806135489,0.0,True,halve,-0.13564888580043735,0,,黄金;国债ETF,军工ETF;创新药ETF;酒ETF;半导体ETF;有色ETF
2022-05-18,1863848.806135489,0.0,1863848.806135489,0.0,True,halve,-0.13564888580043735,0,,国债ETF,军工ETF;酒ETF;创新药ETF;半导体ETF;有色ETF
2022-05-19,1863848.806135489,0.0,1863848.806135489,0.0,True,halve,-0.13564888580043735,0,,国债ETF,军工ETF;半导体ETF;创新药ETF;酒ETF;有色ETF
2022-05-20,1863848.806135489,0.0,1863848.806135489,0.0,True,halve,-0.13564888580043735,0,,黄金;国债ETF,军工ETF;半导体ETF;酒ETF;创新药ETF;有色ETF
2022-05-23,1863848.806135489,0.0,1863848.806135489,0.0,True,halve,-0.13564888580043735,0,,黄金;国债ETF,军工ETF;创新药ETF;有色ETF;半导体ETF;酒ETF
2022-05-24,1863848.806135489,0.0,1863848.806135489,0.0,True,halve,-0.13564888580043735,0,,黄金;国债ETF,有色ETF;酒ETF;军工ETF;创新药ETF;半导体ETF
2022-05-25,1863848.806135489,0.0,1863848.806135489,0.0,True,halve,-0.13564888580043735,0,,黄金;国债ETF,有色ETF;酒ETF;创新药ETF;军工ETF;半导体ETF
2022-05-26,1863848.806135489,0.0,1863848.806135489,0.0,True,halve,-0.13564888580043735,0,,国债ETF,军工ETF;有色ETF;酒ETF;证券ETF;创新药ETF
2022-05-27,1863848.806135489,0.0,1863848.806135489,0.0,True,halve,-0.13564888580043735,0,,黄金;国债ETF,军工ETF;酒ETF;有色ETF;证券ETF;创新药ETF
2022-05-30,1863848.806135489,0.0,1863848.806135489,0.0,True,halve,-0.13564888580043735,0,,黄金;国债ETF,军工ETF;有色ETF;酒ETF;证券ETF;创新药ETF
2022-05-31,1863848.806135489,0.0,1863848.806135489,0.0,True,halve,-0.13564888580043735,0,,黄金;国债ETF,酒ETF;军工ETF;半导体ETF;有色ETF;创新药ETF
2022-06-01,1863848.806135489,0.0,1863848.806135489,0.0,True,halve,-0.13564888580043735,0,,黄金;国债ETF,酒ETF;军工ETF;半导体ETF;有色ETF;证券ETF
2022-06-02,1863848.806135489,0.0,1863848.806135489,0.0,True,halve,-0.13564888580043735,0,,黄金;国债ETF,酒ETF;军工ETF;半导体ETF;有色ETF;证券ETF
2022-06-06,1863848.806135489,0.0,1863848.806135489,0.0,True,halve,-0.13564888580043735,0,,黄金;国债ETF,酒ETF;半导体ETF;有色ETF;军工ETF;证券ETF
2022-06-07,1863848.806135489,0.0,1863848.806135489,0.0,True,halve,-0.13564888580043735,0,,黄金;国债ETF,酒ETF;有色ETF;军工ETF;半导体ETF;证券ETF
2022-06-08,1863848.806135489,0.0,1863848.806135489,0.0,True,halve,-0.13564888580043735,0,,创业板;黄金;国债ETF,有色ETF;酒ETF;军工ETF;证券ETF;创新药ETF
2022-06-09,1863848.806135489,0.0,1863848.806135489,0.0,True,halve,-0.13564888580043735,0,,沪深300;创业板;国债ETF,有色ETF;酒ETF;证券ETF;军工ETF;创新药ETF
2022-06-10,1863848.806135489,0.0,1863848.806135489,0.0,True,halve,-0.13564888580043735,0,,沪深300;创业板;国债ETF,有色ETF;酒ETF;证券ETF;军工ETF;创新药ETF
2022-06-13,1863848.806135489,0.0,1863848.806135489,0.0,True,halve,-0.13564888580043735,0,,沪深300;创业板;国债ETF,有色ETF;酒ETF;证券ETF;军工ETF;半导体ETF
2022-06-14,1863848.806135489,0.0,1863848.806135489,0.0,True,halve,-0.13564888580043735,0,,沪深300;创业板;国债ETF,有色ETF;证券ETF;酒ETF;军工ETF;创新药ETF
2022-06-15,1863848.806135489,0.0,1863848.806135489,0.0,True,halve,-0.13564888580043735,0,,沪深300;创业板;国债ETF,证券ETF;有色ETF;酒ETF;军工ETF;创新药ETF
2022-06-16,1863848.806135489,0.0,1863848.806135489,0.0,True,halve,-0.13564888580043735,0,,沪深300;创业板;国债ETF,有色ETF;酒ETF;证券ETF;军工ETF;创新药ETF
2022-06-17,1863848.806135489,0.0,1863848.806135489,0.0,True,halve,-0.13564888580043735,0,,沪深300;创业板;国债ETF,有色ETF;酒ETF;证券ETF;军工ETF;创新药ETF
2022-06-20,1863848.806135489,0.0,1863848.806135489,0.0,True,halve,-0.13564888580043735,0,,沪深300;创业板;国债ETF,酒ETF;有色ETF;证券ETF;军工ETF;创新药ETF
2022-06-21,1863848.806135489,0.0,1863848.806135489,0.0,True,halve,-0.13564888580043735,0,,沪深300;创业板;国债ETF,酒ETF;证券ETF;有色ETF;创新药ETF;军工ETF
2022-06-22,1863848.806135489,0.0,1863848.806135489,0.0,True,halve,-0.13564888580043735,0,,沪深300;创业板;国债ETF,酒ETF;证券ETF;有色ETF;创新药ETF;军工ETF
2022-06-23,1863848.806135489,0.0,1863848.806135489,0.0,True,halve,-0.13564888580043735,0,,沪深300;创业板;国债ETF,酒ETF;证券ETF;有色ETF;军工ETF;创新药ETF
2022-06-24,1863848.806135489,0.0,1863848.806135489,0.0,True,halve,-0.13564888580043735,0,,沪深300;创业板;国债ETF,酒ETF;证券ETF;军工ETF;有色ETF;创新药ETF
2022-06-27,1863848.806135489,0.0,1863848.806135489,0.0,True,halve,-0.13564888580043735,0,,沪深300;创业板;国债ETF,酒ETF;有色ETF;证券ETF;创新药ETF;军工ETF
2022-06-28,1863848.806135489,0.0,1863848.806135489,0.0,True,halve,-0.13564888580043735,0,,沪深300;创业板;国债ETF,酒ETF;有色ETF;证券ETF;军工ETF;创新药ETF
2022-06-29,1863848.806135489,0.0,1863848.806135489,0.0,True,halve,-0.13564888580043735,0,,沪深300;创业板;国债ETF,酒ETF;有色ETF;证券ETF;创新药ETF;军工ETF
2022-06-30,1863848.806135489,0.0,1863848.806135489,0.0,True,halve,-0.13564888580043735,0,,沪深300;创业板;国债ETF,酒ETF;有色ETF;创新药ETF;证券ETF;军工ETF
2022-07-01,1863848.806135489,0.0,1863848.806135489,0.0,True,halve,-0.13564888580043735,0,,沪深300;创业板;国债ETF,酒ETF;有色ETF;创新药ETF;证券ETF;军工ETF
2022-07-04,1863848.806135489,0.0,1863848.806135489,0.0,True,halve,-0.13564888580043735,0,,沪深300;创业板;国债ETF,酒ETF;创新药ETF;有色ETF;军工ETF;证券ETF
2022-07-05,1863848.806135489,0.0,1863848.806135489,0.0,True,halve,-0.13564888580043735,0,,沪深300;创业板,酒ETF;创新药ETF;有色ETF;军工ETF;证券ETF
2022-07-06,1863848.806135489,0.0,1863848.806135489,0.0,True,halve,-0.13564888580043735,0,,沪深300;创业板;国债ETF,酒ETF;创新药ETF;军工ETF;有色ETF;半导体ETF
2022-07-07,1863848.806135489,0.0,1863848.806135489,0.0,True,halve,-0.13564888580043735,0,,沪深300;创业板;国债ETF,酒ETF;军工ETF;创新药ETF;有色ETF;半导体ETF
2022-07-08,1863848.806135489,0.0,1863848.806135489,0.0,True,halve,-0.13564888580043735,0,,沪深300;创业板,酒ETF;创新药ETF;军工ETF;有色ETF;半导体ETF
2022-07-11,1863848.806135489,881494.1497464947,982354.6563889942,0.4720500632565909,False,halve,-0.13564888580043735,7,沪深300;创业板;军工ETF;创新药ETF;酒ETF;半导体ETF;有色ETF,沪深300;创业板,军工ETF;创新药ETF;酒ETF;半导体ETF;有色ETF
2022-07-12,1847769.709942379,865277.1809255426,982492.5290168364,0.46081614155669004,False,halve,-0.14310549100579872,7,沪深300;创业板;军工ETF;创新药ETF;酒ETF;半导体ETF;有色ETF,沪深300;创业板,军工ETF;创新药ETF;酒ETF;半导体ETF;有色ETF
2022-07-13,1853109.8798087153,874536.1404052081,978573.7394035072,0.47001241100026503,False,halve,-0.14062901235646394,7,沪深300;创业板;军工ETF;酒ETF;创新药ETF;有色ETF;半导体ETF,沪深300;创业板,军工ETF;酒ETF;创新药ETF;有色ETF;半导体ETF
2022-07-14,1864080.5447333166,883658.2052015213,980422.3395317954,0.47347373963997486,False,halve,-0.13554141811605433,7,沪深300;创业板;军工ETF;创新药ETF;酒ETF;有色ETF;半导体ETF,沪深300;创业板,军工ETF;创新药ETF;酒ETF;有色ETF;半导体ETF
2022-07-15,1849882.3418262098,879432.1821523212,970450.1596738886,0.5,False,halve,-0.14212576790987402,8,沪深300;创业板;国债ETF;军工ETF;酒ETF;创新药ETF;有色ETF;半导体ETF,沪深300;创业板;国债ETF,军工ETF;酒ETF;创新药ETF;有色ETF;半导体ETF
2022-07-18,1855712.3944677156,889184.3487170086,966528.045750707,0.5,False,halve,-0.13942210842851513,9,沪深300;创业板;纳指;国债ETF;军工ETF;创新药ETF;有色ETF;酒ETF;半导体ETF,沪深300;创业板;纳指;国债ETF,军工ETF;创新药ETF;有色ETF;酒ETF;半导体ETF
2022-07-19,1848908.3255907565,893066.8448403586,955841.4807503979,0.5,False,halve,-0.14257746335619517,8,沪深300;创业板;纳指;军工ETF;创新药ETF;有色ETF;酒ETF;半导体ETF,沪深300;创业板;纳指,军工ETF;创新药ETF;有色ETF;酒ETF;半导体ETF
2022-07-20,1861673.8437468656,895910.3066992412,965763.5370476245,0.5,False,halve,-0.13665751437468665,8,沪深300;创业板;纳指;军工ETF;创新药ETF;有色ETF;酒ETF;半导体ETF,沪深300;创业板;纳指,军工ETF;创新药ETF;有色ETF;酒ETF;半导体ETF
2022-07-21,1858338.46977823,900096.7304494089,958241.7393288211,0.5,False,halve,-0.13820427835928256,8,沪深300;创业板;纳指;军工ETF;创新药ETF;有色ETF;半导体ETF;酒ETF,沪深300;创业板;纳指,军工ETF;创新药ETF;有色ETF;半导体ETF;酒ETF
2022-07-22,1856615.286058508,904782.5221736903,951832.7638848178,0.5,False,halve,-0.13900339670150494,9,沪深300;创业板;纳指;国债ETF;军工ETF;有色ETF;创新药ETF;半导体ETF;酒ETF,沪深300;创业板;纳指;国债ETF,军工ETF;有色ETF;创新药ETF;半导体ETF;酒ETF
2022-07-25,1851030.8862330904,925515.4431165451,925515.4431165453,0.5,False,halve,-0.1415931358452307,8,沪深300;创业板;国债ETF;军工ETF;创新药ETF;酒ETF;有色ETF;半导体ETF,沪深300;创业板;国债ETF,军工ETF;创新药ETF;酒ETF;有色ETF;半导体ETF
2022-07-26,1855012.007889963,927506.0039449813,927506.0039449817,0.5,False,halve,-0.13974690940853995,8,沪深300;创业板;国债ETF;军工ETF;有色ETF;创新药ETF;酒ETF;半导体ETF,沪深300;创业板;国债ETF,军工ETF;有色ETF;创新药ETF;酒ETF;半导体ETF
2022-07-27,1852156.6175842914,926078.3087921458,926078.3087921456,0.5,False,halve,-0.14107108322782047,8,沪深300;创业板;国债ETF;军工ETF;有色ETF;创新药ETF;酒ETF;半导体ETF,沪深300;创业板;国债ETF,军工ETF;有色ETF;创新药ETF;酒ETF;半导体ETF
2022-07-28,1852963.0220215386,926481.5110107692,926481.5110107694,0.5,False,halve,-0.14069711696428255,9,沪深300;创业板;纳指;国债ETF;军工ETF;有色ETF;半导体ETF;证券ETF;酒ETF,沪深300;创业板;纳指;国债ETF,军工ETF;有色ETF;半导体ETF;证券ETF;酒ETF
2022-07-29,1848156.3408610001,924078.1704305003,924078.1704304998,0.5,False,halve,-0.14292619273643586,9,沪深300;创业板;纳指;国债ETF;军工ETF;有色ETF;半导体ETF;证券ETF;酒ETF,沪深300;创业板;纳指;国债ETF,军工ETF;有色ETF;半导体ETF;证券ETF;酒ETF
2022-08-01,1854807.718630112,927403.8593150559,927403.8593150561,0.5,False,halve,-0.13984164759158887,9,沪深300;创业板;纳指;国债ETF;军工ETF;有色ETF;半导体ETF;酒ETF;证券ETF,沪深300;创业板;纳指;国债ETF,军工ETF;有色ETF;半导体ETF;酒ETF;证券ETF
2022-08-02,1843562.8343267469,921781.4171633736,921781.4171633733,0.5,False,halve,-0.14505640977866313,8,创业板;纳指;国债ETF;军工ETF;有色ETF;酒ETF;半导体ETF;证券ETF,创业板;纳指;国债ETF,军工ETF;有色ETF;酒ETF;半导体ETF;证券ETF
2022-08-03,1842921.6462435718,921460.8231217857,921460.8231217861,0.5,False,halve,-0.14535375773536408,8,创业板;纳指;国债ETF;军工ETF;半导体ETF;酒ETF;有色ETF;证券ETF,创业板;纳指;国债ETF,军工ETF;半导体ETF;酒ETF;有色ETF;证券ETF
2022-08-04,1852146.5605217787,926073.2802608896,926073.2802608891,0.5,False,halve,-0.141075747143241,8,创业板;纳指;国债ETF;军工ETF;半导体ETF;有色ETF;酒ETF;证券ETF,创业板;纳指;国债ETF,军工ETF;半导体ETF;有色ETF;酒ETF;证券ETF
2022-08-05,1864196.674881279,907892.5765867992,956304.0982944798,0.5,False,halve,-0.1354875633063439,9,沪深300;创业板;纳指;国债ETF;半导体ETF;军工ETF;有色ETF;酒ETF;证券ETF,沪深300;创业板;纳指;国债ETF,半导体ETF;军工ETF;有色ETF;酒ETF;证券ETF
2022-08-08,1862820.2760406472,931410.1380203234,931410.1380203238,0.5,False,halve,-0.13612586179255526,8,创业板;纳指;国债ETF;半导体ETF;军工ETF;有色ETF;酒ETF;证券ETF,创业板;纳指;国债ETF,半导体ETF;军工ETF;有色ETF;酒ETF;证券ETF
2022-08-09,1864235.0226135007,904833.2762476847,959401.746365816,0.5,False,halve,-0.13546977972595706,8,创业板;纳指;国债ETF;军工ETF;半导体ETF;有色ETF;酒ETF;创新药ETF,创业板;纳指;国债ETF,军工ETF;半导体ETF;有色ETF;酒ETF;创新药ETF
2022-08-10,1856127.3981754081,928063.699087704,928063.6990877042,0.5,False,halve,-0.13922965241171797,8,创业板;纳指;国债ETF;军工ETF;半导体ETF;有色ETF;酒ETF;证券ETF,创业板;纳指;国债ETF,军工ETF;半导体ETF;有色ETF;酒ETF;证券ETF
2022-08-11,1874689.1685640542,937344.5842820272,937344.584282027,0.5,False,halve,-0.13062171872947465,8,创业板;纳指;国债ETF;军工ETF;半导体ETF;有色ETF;证券ETF;酒ETF,创业板;纳指;国债ETF,军工ETF;半导体ETF;有色ETF;证券ETF;酒ETF
2022-08-12,1867552.6858580066,933776.3429290033,933776.3429290033,0.5,False,halve,-0.13393122900634513,7,纳指;国债ETF;军工ETF;半导体ETF;有色ETF;证券ETF;酒ETF,纳指;国债ETF,军工ETF;半导体ETF;有色ETF;证券ETF;酒ETF
2022-08-15,1874132.975827825,937066.4879139124,937066.4879139126,0.5,False,halve,-0.13087965049394334,8,创业板;纳指;国债ETF;军工ETF;半导体ETF;有色ETF;酒ETF;证券ETF,创业板;纳指;国债ETF,军工ETF;半导体ETF;有色ETF;酒ETF;证券ETF
2022-08-16,1876511.4841379987,938255.7420689996,938255.7420689991,0.5,False,halve,-0.12977662845628454,8,创业板;纳指;国债ETF;军工ETF;半导体ETF;有色ETF;证券ETF;酒ETF,创业板;纳指;国债ETF,军工ETF;半导体ETF;有色ETF;证券ETF;酒ETF
2022-08-17,1880431.8747598706,940215.9373799354,940215.9373799352,0.5,False,halve,-0.1279585657513281,8,创业板;纳指;国债ETF;军工ETF;半导体ETF;证券ETF;有色ETF;酒ETF,创业板;纳指;国债ETF,军工ETF;半导体ETF;证券ETF;有色ETF;酒ETF
2022-08-18,1876363.5905327979,962504.2040603289,913859.386472469,0.5,False,halve,-0.12984521341983818,7,纳指;国债ETF;半导体ETF;军工ETF;有色ETF;证券ETF;酒ETF,纳指;国债ETF,半导体ETF;军工ETF;有色ETF;证券ETF;酒ETF
2022-08-19,1872217.8124004018,936108.9062002007,936108.9062002011,0.5,False,halve,-0.13176779852232326,7,纳指;国债ETF;军工ETF;半导体ETF;证券ETF;有色ETF;酒ETF,纳指;国债ETF,军工ETF;半导体ETF;证券ETF;有色ETF;酒ETF
2022-08-22,1869784.4835966795,934892.2417983396,934892.2417983399,0.5,False,halve,-0.13289624330592786,7,纳指;国债ETF;军工ETF;半导体ETF;有色ETF;证券ETF;酒ETF,纳指;国债ETF,军工ETF;半导体ETF;有色ETF;证券ETF;酒ETF
2022-08-23,1861738.379060429,930869.1895302146,930869.1895302144,0.5,False,halve,-0.13662758642666847,8,创业板;纳指;国债ETF;军工ETF;半导体ETF;有色ETF;证券ETF;酒ETF,创业板;纳指;国债ETF,军工ETF;半导体ETF;有色ETF;证券ETF;酒ETF
2022-08-24,1847008.04735081,923504.023675405,923504.023675405,0.5,False,halve,-0.1434587084489195,7,纳指;国债ETF;有色ETF;证券ETF;军工ETF;半导体ETF;酒ETF,纳指;国债ETF,有色ETF;证券ETF;军工ETF;半导体ETF;酒ETF
2022-08-25,1853345.5929642036,926672.7964821018,926672.7964821018,0.5,False,halve,-0.14051970148966664,8,纳指;黄金;国债ETF;证券ETF;有色ETF;军工ETF;酒ETF;半导体ETF,纳指;黄金;国债ETF,证券ETF;有色ETF;军工ETF;酒ETF;半导体ETF
2022-08-26,1853102.618047294,926551.3090236469,926551.3090236471,0.5,False,halve,-0.14063237996415556,7,纳指;国债ETF;证券ETF;酒ETF;有色ETF;军工ETF;创新药ETF,纳指;国债ETF,证券ETF;酒ETF;有色ETF;军工ETF;创新药ETF
2022-08-29,1839332.4344639683,919666.217231984,919666.2172319843,0.5,False,halve,-0.14701823781045711,7,纳指;国债ETF;证券ETF;军工ETF;有色ETF;酒ETF;半导体ETF,纳指;国债ETF,证券ETF;军工ETF;有色ETF;酒ETF;半导体ETF
2022-08-30,1840339.4935041242,920169.746752062,920169.7467520622,0.5,False,halve,-0.1465512189189257,8,纳指;黄金;国债ETF;证券ETF;军工ETF;有色ETF;酒ETF;半导体ETF,纳指;黄金;国债ETF,证券ETF;军工ETF;有色ETF;酒ETF;半导体ETF
2022-08-31,1834745.1882249992,965806.2220644864,868938.9661605129,0.5,False,halve,-0.14914555167020183,8,纳指;黄金;国债ETF;证券ETF;酒ETF;军工ETF;创新药ETF;有色ETF,纳指;黄金;国债ETF,证券ETF;酒ETF;军工ETF;创新药ETF;有色ETF
2022-09-01,1824917.5119847017,965182.1241083109,859735.3878763908,0.5,False,halve,-0.1537030902861727,8,纳指;黄金;国债ETF;证券ETF;酒ETF;军工ETF;创新药ETF;有色ETF,纳指;黄金;国债ETF,证券ETF;酒ETF;军工ETF;创新药ETF;有色ETF
2022-09-02,1825675.8200967456,954324.5183619998,871351.3017347459,0.5,False,halve,-0.1533514284671485,8,纳指;黄金;国债ETF;证券ETF;酒ETF;军工ETF;创新药ETF;半导体ETF,纳指;黄金;国债ETF,证券ETF;酒ETF;军工ETF;创新药ETF;半导体ETF
2022-09-05,1823895.979153491,960669.9128412472,863226.0663122439,0.5,False,halve,-0.1541768213302047,8,纳指;黄金;国债ETF;军工ETF;证券ETF;酒ETF;创新药ETF;半导体ETF,纳指;黄金;国债ETF,军工ETF;证券ETF;酒ETF;创新药ETF;半导体ETF
2022-09-06,1829929.911554724,968104.8719910734,861825.0395636506,0.5,False,halve,-0.1513786135695526,8,纳指;黄金;国债ETF;军工ETF;证券ETF;酒ETF;有色ETF;创新药ETF,纳指;黄金;国债ETF,军工ETF;证券ETF;酒ETF;有色ETF;创新药ETF
2022-09-07,1826102.1005170215,948689.3251031315,877412.77541389,0.5,False,halve,-0.15315374292794917,8,纳指;黄金;国债ETF;军工ETF;证券ETF;有色ETF;酒ETF;半导体ETF,纳指;黄金;国债ETF,军工ETF;证券ETF;有色ETF;酒ETF;半导体ETF
2022-09-08,1831262.930609113,960873.8845991646,870389.0460099485,0.5,False,halve,-0.1507604322551039,8,纳指;黄金;国债ETF;军工ETF;证券ETF;有色ETF;半导体ETF;酒ETF,纳指;黄金;国债ETF,军工ETF;证券ETF;有色ETF;半导体ETF;酒ETF
2022-09-09,1834599.3640562086,964092.6872606248,870506.6767955838,0.5,False,halve,-0.1492131769423572,8,纳指;黄金;国债ETF;军工ETF;证券ETF;有色ETF;酒ETF;半导体ETF,纳指;黄金;国债ETF,军工ETF;证券ETF;有色ETF;酒ETF;半导体ETF
2022-09-13,1842261.5198462661,976036.7769417763,866224.7429044899,0.5,False,halve,-0.14565988824613588,8,纳指;黄金;国债ETF;军工ETF;证券ETF;有色ETF;酒ETF;半导体ETF,纳指;黄金;国债ETF,军工ETF;证券ETF;有色ETF;酒ETF;半导体ETF
2022-09-14,1828655.8005557684,976202.5426363847,852453.2579193837,0.5,False,halve,-0.15196947655046386,7,黄金;国债ETF;军工ETF;证券ETF;有色ETF;半导体ETF;酒ETF,黄金;国债ETF,军工ETF;证券ETF;有色ETF;半导体ETF;酒ETF
2022-09-15,1821314.6965755378,955331.9100462486,865982.7865292892,0.5,False,halve,-0.1553738789804676,7,黄金;国债ETF;军工ETF;证券ETF;酒ETF;有色ETF;半导体ETF,黄金;国债ETF,军工ETF;证券ETF;酒ETF;有色ETF;半导体ETF
2022-09-16,1811922.3756543035,905961.187827152,905961.1878271515,0.5,False,halve,-0.1597295236156251,7,黄金;国债ETF;军工ETF;酒ETF;有色ETF;证券ETF;半导体ETF,黄金;国债ETF,军工ETF;酒ETF;有色ETF;证券ETF;半导体ETF
2022-09-19,1810907.8846618389,928746.6986663251,882161.1859955138,0.5,False,halve,-0.16019998904007135,7,黄金;国债ETF;军工ETF;酒ETF;证券ETF;半导体ETF;有色ETF,黄金;国债ETF,军工ETF;酒ETF;证券ETF;半导体ETF;有色ETF
2022-09-20,1815328.081887901,907664.0409439506,907664.0409439504,0.5,False,halve,-0.15815014337407535,8,纳指;黄金;国债ETF;军工ETF;酒ETF;有色ETF;证券ETF;半导体ETF,纳指;黄金;国债ETF,军工ETF;酒ETF;有色ETF;证券ETF;半导体ETF
2022-09-21,1813060.5703321032,937033.1118808829,876027.4584512203,0.5,False,halve,-0.15920169118914626,8,纳指;黄金;国债ETF;军工ETF;酒ETF;有色ETF;证券ETF;半导体ETF,纳指;黄金;国债ETF,军工ETF;酒ETF;有色ETF;证券ETF;半导体ETF
2022-09-22,1808422.5740416257,943988.7771817569,864433.7968598688,0.5,False,halve,-0.16135254014649253,7,黄金;国债ETF;军工ETF;有色ETF;酒ETF;证券ETF;半导体ETF,黄金;国债ETF,军工ETF;有色ETF;酒ETF;证券ETF;半导体ETF
2022-09-23,1806371.652905961,0.0,1806371.652905961,0.0,True,halve,-0.16230364517331214,0,,黄金;国债ETF,军工ETF;酒ETF;有色ETF;证券ETF;半导体ETF
2022-09-26,1806371.652905961,0.0,1806371.652905961,0.0,True,halve,-0.16230364517331214,0,,国债ETF,军工ETF;酒ETF;证券ETF;半导体ETF;有色ETF
2022-09-27,1806371.652905961,0.0,1806371.652905961,0.0,True,halve,-0.16230364517331214,0,,国债ETF,酒ETF;军工ETF;半导体ETF;证券ETF;有色ETF
2022-09-28,1806371.652905961,0.0,1806371.652905961,0.0,True,halve,-0.16230364517331214,0,,国债ETF,酒ETF;军工ETF;证券ETF;半导体ETF;有色ETF
2022-09-29,1806371.652905961,0.0,1806371.652905961,0.0,True,halve,-0.16230364517331214,0,,黄金,酒ETF;军工ETF;半导体ETF;证券ETF;有色ETF
2022-09-30,1806371.652905961,0.0,1806371.652905961,0.0,True,halve,-0.16230364517331214,0,,,酒ETF;军工ETF;证券ETF;有色ETF;半导体ETF
2022-10-10,1806371.652905961,0.0,1806371.652905961,0.0,True,halve,-0.16230364517331214,0,,黄金;国债ETF,酒ETF;军工ETF;证券ETF;有色ETF;创新药ETF
2022-10-11,1806371.652905961,0.0,1806371.652905961,0.0,True,halve,-0.16230364517331214,0,,黄金;国债ETF,酒ETF;军工ETF;证券ETF;有色ETF;创新药ETF
2022-10-12,1806371.652905961,0.0,1806371.652905961,0.0,True,halve,-0.16230364517331214,0,,黄金;国债ETF,酒ETF;军工ETF;证券ETF;有色ETF;创新药ETF
2022-10-13,1806371.652905961,0.0,1806371.652905961,0.0,True,halve,-0.16230364517331214,0,,黄金;国债ETF,酒ETF;军工ETF;证券ETF;有色ETF;创新药ETF
2022-10-14,1806371.652905961,0.0,1806371.652905961,0.0,True,halve,-0.16230364517331214,0,,黄金;国债ETF,军工ETF;酒ETF;创新药ETF;证券ETF;有色ETF
2022-10-17,1806371.652905961,0.0,1806371.652905961,0.0,True,halve,-0.16230364517331214,0,,国债ETF,军工ETF;创新药ETF;酒ETF;证券ETF;有色ETF
2022-10-18,1806371.652905961,0.0,1806371.652905961,0.0,True,halve,-0.16230364517331214,0,,黄金,军工ETF;创新药ETF;证券ETF;酒ETF;有色ETF
2022-10-19,1806371.652905961,0.0,1806371.652905961,0.0,True,halve,-0.16230364517331214,0,,黄金,军工ETF;创新药ETF;证券ETF;有色ETF;酒ETF
2022-10-20,1806371.652905961,0.0,1806371.652905961,0.0,True,halve,-0.16230364517331214,0,,黄金,军工ETF;创新药ETF;证券ETF;酒ETF;半导体ETF
2022-10-21,1806371.652905961,0.0,1806371.652905961,0.0,True,halve,-0.16230364517331214,0,,黄金,军工ETF;创新药ETF;证券ETF;半导体ETF;酒ETF
2022-10-24,1806371.652905961,0.0,1806371.652905961,0.0,True,halve,-0.16230364517331214,0,,黄金,军工ETF;创新药ETF;证券ETF;半导体ETF;有色ETF
2022-10-25,1806371.652905961,0.0,1806371.652905961,0.0,True,halve,-0.16230364517331214,0,,黄金,军工ETF;创新药ETF;证券ETF;半导体ETF;有色ETF
2022-10-26,1806371.652905961,0.0,1806371.652905961,0.0,True,halve,-0.16230364517331214,0,,黄金,军工ETF;创新药ETF;半导体ETF;证券ETF;有色ETF
2022-10-27,1806371.652905961,0.0,1806371.652905961,0.0,True,halve,-0.16230364517331214,0,,黄金;国债ETF,创新药ETF;军工ETF;半导体ETF;证券ETF;有色ETF
2022-10-28,1806371.652905961,0.0,1806371.652905961,0.0,True,halve,-0.16230364517331214,0,,黄金;国债ETF,创新药ETF;军工ETF;半导体ETF;证券ETF;有色ETF
2022-10-31,1806371.652905961,0.0,1806371.652905961,0.0,True,halve,-0.16230364517331214,0,,黄金;国债ETF,军工ETF;创新药ETF;半导体ETF;证券ETF;有色ETF
2022-11-01,1806371.652905961,0.0,1806371.652905961,0.0,True,halve,-0.16230364517331214,0,,黄金;国债ETF,创新药ETF;军工ETF;证券ETF;半导体ETF;有色ETF
2022-11-02,1806371.652905961,0.0,1806371.652905961,0.0,True,halve,-0.16230364517331214,0,,黄金,创新药ETF;军工ETF;证券ETF;半导体ETF;有色ETF
2022-11-03,1806371.652905961,0.0,1806371.652905961,0.0,True,halve,-0.16230364517331214,0,,黄金;国债ETF,军工ETF;创新药ETF;半导体ETF;证券ETF;有色ETF
2022-11-04,1806371.652905961,861717.7474457836,944653.9054601775,0.5,False,halve,-0.16230364517331214,6,黄金;军工ETF;创新药ETF;证券ETF;半导体ETF;有色ETF,黄金,军工ETF;创新药ETF;证券ETF;半导体ETF;有色ETF
2022-11-07,1810638.4656366752,870436.1116905578,940202.3539461175,0.5,False,halve,-0.1603249308453402,6,黄金;创新药ETF;军工ETF;有色ETF;证券ETF;半导体ETF,黄金,创新药ETF;军工ETF;有色ETF;证券ETF;半导体ETF
2022-11-08,1810432.4817296895,875623.623938505,934808.8577911846,0.5,False,halve,-0.16042045491302434,6,黄金;创新药ETF;军工ETF;有色ETF;证券ETF;半导体ETF,黄金,创新药ETF;军工ETF;有色ETF;证券ETF;半导体ETF
2022-11-09,1826892.9250275893,889949.726969621,936943.1980579683,0.5,False,halve,-0.15278700178210328,6,黄金;创新药ETF;军工ETF;有色ETF;证券ETF;半导体ETF,黄金,创新药ETF;军工ETF;有色ETF;证券ETF;半导体ETF
2022-11-10,1820012.3792760717,884669.0837370026,935343.2955390691,0.5,False,halve,-0.15597782250052641,6,黄金;创新药ETF;军工ETF;有色ETF;证券ETF;半导体ETF,黄金,创新药ETF;军工ETF;有色ETF;证券ETF;半导体ETF
2022-11-11,1828179.3268237398,888111.8713345646,940067.4554891752,0.5,False,halve,-0.1521904390018226,6,黄金;有色ETF;创新药ETF;证券ETF;军工ETF;半导体ETF,黄金,有色ETF;创新药ETF;证券ETF;军工ETF;半导体ETF
2022-11-14,1822667.7587971035,911333.879398552,911333.8793985515,0.5,False,halve,-0.15474640274154638,6,黄金;创新药ETF;证券ETF;有色ETF;半导体ETF;军工ETF,黄金,创新药ETF;证券ETF;有色ETF;半导体ETF;军工ETF
2022-11-15,1833463.4235192495,881657.1750542703,951806.2484649792,0.5,False,halve,-0.14973996402162723,6,黄金;创新药ETF;证券ETF;半导体ETF;有色ETF;军工ETF,黄金,创新药ETF;证券ETF;半导体ETF;有色ETF;军工ETF
2022-11-16,1834686.242867628,884729.6068027386,949956.6360648895,0.5,False,halve,-0.14917288730233727,7,纳指;黄金;创新药ETF;证券ETF;有色ETF;半导体ETF;军工ETF,纳指;黄金,创新药ETF;证券ETF;有色ETF;半导体ETF;军工ETF
2022-11-17,1834164.040554646,891951.9841573777,942212.0563972682,0.5,False,halve,-0.14941505616795445,8,创业板;纳指;黄金;创新药ETF;半导体ETF;证券ETF;军工ETF;有色ETF,创业板;纳指;黄金,创新药ETF;半导体ETF;证券ETF;军工ETF;有色ETF
2022-11-18,1830192.3297808878,865200.9150011397,964991.4147797481,0.5,False,halve,-0.15125691835188027,8,创业板;纳指;黄金;创新药ETF;证券ETF;酒ETF;半导体ETF;有色ETF,创业板;纳指;黄金,创新药ETF;证券ETF;酒ETF;半导体ETF;有色ETF
2022-11-21,1826647.0166688864,866455.1985752382,960191.8180936482,0.5,False,halve,-0.15290104062642165,7,创业板;黄金;创新药ETF;证券ETF;半导体ETF;酒ETF;有色ETF,创业板;黄金,创新药ETF;证券ETF;半导体ETF;酒ETF;有色ETF
2022-11-22,1818117.2252791834,866956.3337293273,951160.891549856,0.5,False,halve,-0.1568566912496427,7,创业板;黄金;创新药ETF;证券ETF;酒ETF;半导体ETF;有色ETF,创业板;黄金,创新药ETF;证券ETF;酒ETF;半导体ETF;有色ETF
2022-11-23,1815864.3581513753,907932.1790756874,907932.1790756879,0.5,False,halve,-0.1579014477801372,8,创业板;纳指;黄金;创新药ETF;酒ETF;证券ETF;半导体ETF;军工ETF,创业板;纳指;黄金,创新药ETF;酒ETF;证券ETF;半导体ETF;军工ETF
2022-11-24,1817301.0526825136,879088.1550297331,938212.8976527805,0.5,False,halve,-0.1572351874511524,8,创业板;纳指;黄金;创新药ETF;证券ETF;酒ETF;有色ETF;半导体ETF,创业板;纳指;黄金,创新药ETF;证券ETF;酒ETF;有色ETF;半导体ETF
2022-11-25,1815713.1112658852,885703.9334318042,930009.177834081,0.5,False,halve,-0.1579715878116474,8,纳指;黄金;国债ETF;创新药ETF;证券ETF;有色ETF;酒ETF;半导体ETF,纳指;黄金;国债ETF,创新药ETF;证券ETF;有色ETF;酒ETF;半导体ETF
2022-11-28,1809958.124070535,885866.9681033987,924091.1559671363,0.5,False,halve,-0.16064043604554412,7,纳指;黄金;证券ETF;创新药ETF;酒ETF;半导体ETF;有色ETF,纳指;黄金,证券ETF;创新药ETF;酒ETF;半导体ETF;有色ETF
2022-11-29,1815852.0850095514,907926.0425047756,907926.0425047758,0.5,False,halve,-0.15790713939191137,9,沪深300;创业板;纳指;黄金;证券ETF;创新药ETF;酒ETF;半导体ETF;军工ETF,沪深300;创业板;纳指;黄金,证券ETF;创新药ETF;酒ETF;半导体ETF;军工ETF
2022-11-30,1812132.869643536,906066.4348217678,906066.4348217681,0.5,False,halve,-0.15963190801851954,8,沪深300;纳指;黄金;证券ETF;创新药ETF;有色ETF;军工ETF;酒ETF,沪深300;纳指;黄金,证券ETF;创新药ETF;有色ETF;军工ETF;酒ETF
2022-12-01,1825620.9887035645,912810.4943517824,912810.4943517821,0.5,False,halve,-0.15337685626774755,9,沪深300;创业板;纳指;黄金;证券ETF;创新药ETF;军工ETF;酒ETF;有色ETF,沪深300;创业板;纳指;黄金,证券ETF;创新药ETF;军工ETF;酒ETF;有色ETF
2022-12-02,1823304.9678346375,911652.4839173188,911652.4839173188,0.5,False,halve,-0.1544509000485396,9,沪深300;创业板;纳指;黄金;证券ETF;创新药ETF;酒ETF;军工ETF;有色ETF,沪深300;创业板;纳指;黄金,证券ETF;创新药ETF;酒ETF;军工ETF;有色ETF
2022-12-05,1826785.565993104,913392.782996552,913392.782996552,0.5,False,halve,-0.15283678902920797,9,沪深300;创业板;纳指;黄金;证券ETF;酒ETF;创新药ETF;有色ETF;军工ETF,沪深300;创业板;纳指;黄金,证券ETF;酒ETF;创新药ETF;有色ETF;军工ETF
2022-12-06,1825692.9413308185,912846.4706654093,912846.4706654091,0.5,False,halve,-0.1533434885754048,9,沪深300;创业板;纳指;黄金;酒ETF;证券ETF;创新药ETF;半导体ETF;军工ETF,沪深300;创业板;纳指;黄金,酒ETF;证券ETF;创新药ETF;半导体ETF;军工ETF
2022-12-07,1824214.9895697152,912107.4947848574,912107.4947848578,0.5,False,halve,-0.15402888175066534,9,沪深300;创业板;纳指;黄金;酒ETF;证券ETF;创新药ETF;半导体ETF;军工ETF,沪深300;创业板;纳指;黄金,酒ETF;证券ETF;创新药ETF;半导体ETF;军工ETF
2022-12-08,1822556.5284360205,911278.26421801,911278.2642180105,0.5,False,halve,-0.15479798529814565,8,沪深300;纳指;黄金;酒ETF;证券ETF;创新药ETF;半导体ETF;有色ETF,沪深300;纳指;黄金,酒ETF;证券ETF;创新药ETF;半导体ETF;有色ETF
2022-12-09,1829632.0026064105,914816.0013032052,914816.0013032054,0.5,False,halve,-0.15151676744263345,8,沪深300;纳指;黄金;酒ETF;证券ETF;创新药ETF;有色ETF;半导体ETF,沪深300;纳指;黄金,酒ETF;证券ETF;创新药ETF;有色ETF;半导体ETF
2022-12-12,1822358.846357048,940890.2111200845,881468.6352369635,0.5,False,halve,-0.1548896594321498,8,沪深300;纳指;黄金;酒ETF;创新药ETF;证券ETF;半导体ETF;军工ETF,沪深300;纳指;黄金,酒ETF;创新药ETF;证券ETF;半导体ETF;军工ETF
2022-12-13,1824043.8334829928,912021.9167414967,912021.9167414962,0.5,False,halve,-0.1541082545805717,8,沪深300;纳指;黄金;酒ETF;创新药ETF;证券ETF;半导体ETF;有色ETF,沪深300;纳指;黄金,酒ETF;创新药ETF;证券ETF;半导体ETF;有色ETF
2022-12-14,1830660.0498687422,915330.0249343714,915330.0249343709,0.5,False,halve,-0.1510400153618203,8,沪深300;纳指;黄金;酒ETF;创新药ETF;证券ETF;有色ETF;半导体ETF,沪深300;纳指;黄金,酒ETF;创新药ETF;证券ETF;有色ETF;半导体ETF
2022-12-15,1825126.7221361692,912563.3610680848,912563.3610680844,0.5,False,halve,-0.15360607006279003,9,沪深300;创业板;纳指;黄金;酒ETF;证券ETF;创新药ETF;有色ETF;半导体ETF,沪深300;创业板;纳指;黄金,酒ETF;证券ETF;创新药ETF;有色ETF;半导体ETF
2022-12-16,1817600.4442700776,908800.2221350386,908800.222135039,0.5,False,halve,-0.1570963460110951,8,沪深300;创业板;黄金;酒ETF;证券ETF;创新药ETF;半导体ETF;有色ETF,沪深300;创业板;黄金,酒ETF;证券ETF;创新药ETF;半导体ETF;有色ETF
2022-12-19,1807457.8370655235,903728.9185327616,903728.9185327619,0.5,False,halve,-0.16179993237994972,8,沪深300;创业板;黄金;酒ETF;证券ETF;创新药ETF;半导体ETF;有色ETF,沪深300;创业板;黄金,酒ETF;证券ETF;创新药ETF;半导体ETF;有色ETF
2022-12-20,1797540.939532462,898770.4697662308,898770.4697662313,0.5,False,halve,-0.16639884695064236,7,沪深300;黄金;酒ETF;创新药ETF;证券ETF;半导体ETF;有色ETF,沪深300;黄金,酒ETF;创新药ETF;证券ETF;半导体ETF;有色ETF
2022-12-21,1799824.4594315507,899912.2297157751,899912.2297157756,0.5,False,halve,-0.16533987534169164,7,沪深300;黄金;酒ETF;创新药ETF;证券ETF;半导体ETF;有色ETF,沪深300;黄金,酒ETF;创新药ETF;证券ETF;半导体ETF;有色ETF
2022-12-22,1800473.924598765,900236.9622993825,900236.9622993825,0.5,False,halve,-0.1650386889262122,8,沪深300;创业板;黄金;酒ETF;创新药ETF;证券ETF;半导体ETF;有色ETF,沪深300;创业板;黄金,酒ETF;创新药ETF;证券ETF;半导体ETF;有色ETF
2022-12-23,1796691.134895212,920399.0464019021,876292.0884933099,0.5,False,halve,-0.1667929398527281,8,沪深300;创业板;黄金;酒ETF;创新药ETF;证券ETF;半导体ETF;有色ETF,沪深300;创业板;黄金,酒ETF;创新药ETF;证券ETF;半导体ETF;有色ETF
2022-12-26,1802437.1194707847,930669.046440298,871768.0730304867,0.5,False,halve,-0.16412826654139478,7,沪深300;黄金;酒ETF;创新药ETF;证券ETF;半导体ETF;有色ETF,沪深300;黄金,酒ETF;创新药ETF;证券ETF;半导体ETF;有色ETF
2022-12-27,1810837.5619687564,932076.250912637,878761.3110561194,0.5,False,halve,-0.16023260085811114,7,沪深300;黄金;酒ETF;创新药ETF;证券ETF;半导体ETF;有色ETF,沪深300;黄金,酒ETF;创新药ETF;证券ETF;半导体ETF;有色ETF
2022-12-28,1808286.5914349628,937811.0630769894,870475.5283579734,0.5,False,halve,-0.16141560144051698,7,沪深300;黄金;酒ETF;创新药ETF;证券ETF;半导体ETF;有色ETF,沪深300;黄金,酒ETF;创新药ETF;证券ETF;半导体ETF;有色ETF
2022-12-29,1806822.0776977385,973264.7394049744,833557.3382927642,0.5,False,halve,-0.16209476279543128,7,沪深300;黄金;酒ETF;创新药ETF;证券ETF;半导体ETF;军工ETF,沪深300;黄金,酒ETF;创新药ETF;证券ETF;半导体ETF;军工ETF
2022-12-30,1810287.7718860272,985828.6887229095,824459.0831631176,0.5,False,halve,-0.1604875634221445,7,沪深300;黄金;酒ETF;创新药ETF;半导体ETF;证券ETF;军工ETF,沪深300;黄金,酒ETF;创新药ETF;半导体ETF;证券ETF;军工ETF
2023-01-03,1813050.9561000625,995262.1325773839,817788.8235226786,0.5,False,halve,-0.15920614974401895,7,沪深300;黄金;创新药ETF;酒ETF;半导体ETF;军工ETF;证券ETF,沪深300;黄金,创新药ETF;酒ETF;半导体ETF;军工ETF;证券ETF
2023-01-04,1814634.2513746778,1007473.0031052125,807161.2482694653,0.5,False,halve,-0.1584719040100218,7,沪深300;黄金;创新药ETF;酒ETF;半导体ETF;证券ETF;军工ETF,沪深300;黄金,创新药ETF;酒ETF;半导体ETF;证券ETF;军工ETF
2023-01-05,1829344.3658934017,970244.477585736,859099.8883076657,0.5,False,halve,-0.15165015761492398,8,沪深300;创业板;黄金;酒ETF;创新药ETF;半导体ETF;证券ETF;军工ETF,沪深300;创业板;黄金,酒ETF;创新药ETF;半导体ETF;证券ETF;军工ETF
2023-01-06,1829537.743430059,979012.7441748522,850524.9992552068,0.5,False,halve,-0.15156047969216507,8,沪深300;创业板;黄金;酒ETF;创新药ETF;证券ETF;半导体ETF;军工ETF,沪深300;创业板;黄金,酒ETF;创新药ETF;证券ETF;半导体ETF;军工ETF
2023-01-09,1837558.079799689,950164.9945086328,887393.0852910561,0.5,False,halve,-0.14784108643745222,9,沪深300;创业板;黄金;国债ETF;酒ETF;创新药ETF;证券ETF;有色ETF;半导体ETF,沪深300;创业板;黄金;国债ETF,酒ETF;创新药ETF;证券ETF;有色ETF;半导体ETF
2023-01-10,1841372.1031668135,961494.6993756406,879877.4037911729,0.5,False,halve,-0.1460723510464134,9,沪深300;创业板;黄金;国债ETF;酒ETF;创新药ETF;证券ETF;有色ETF;半导体ETF,沪深300;创业板;黄金;国债ETF,酒ETF;创新药ETF;证券ETF;有色ETF;半导体ETF
2023-01-11,1837846.0517747062,963586.4921011392,874259.5596735671,0.5,False,halve,-0.14770754078898274,9,沪深300;创业板;黄金;国债ETF;酒ETF;创新药ETF;证券ETF;有色ETF;半导体ETF,沪深300;创业板;黄金;国债ETF,酒ETF;创新药ETF;证券ETF;有色ETF;半导体ETF
2023-01-12,1838614.1715214173,973933.6157892371,864680.5557321802,0.5,False,halve,-0.14735132887054658,9,沪深300;创业板;黄金;国债ETF;酒ETF;创新药ETF;证券ETF;有色ETF;半导体ETF,沪深300;创业板;黄金;国债ETF,酒ETF;创新药ETF;证券ETF;有色ETF;半导体ETF
2023-01-13,1849051.3211627472,972848.2863095797,876203.0348531675,0.5,False,halve,-0.14251114983249683,9,沪深300;创业板;黄金;国债ETF;酒ETF;创新药ETF;证券ETF;有色ETF;半导体ETF,沪深300;创业板;黄金;国债ETF,酒ETF;创新药ETF;证券ETF;有色ETF;半导体ETF
2023-01-16,1860953.9819132825,953276.7546636723,907677.2272496102,0.5,False,halve,-0.1369913469129693,8,沪深300;创业板;黄金;酒ETF;创新药ETF;证券ETF;有色ETF;半导体ETF,沪深300;创业板;黄金,酒ETF;创新药ETF;证券ETF;有色ETF;半导体ETF
2023-01-17,1862809.4321704996,963352.8425934373,899456.5895770623,0.5,False,halve,-0.13613089058631442,8,沪深300;创业板;黄金;酒ETF;创新药ETF;证券ETF;有色ETF;半导体ETF,沪深300;创业板;黄金,酒ETF;创新药ETF;证券ETF;有色ETF;半导体ETF
2023-01-18,1860561.1884117392,968149.1092418063,892412.0791699329,0.5,False,halve,-0.1371735030511666,8,沪深300;创业板;黄金;酒ETF;创新药ETF;证券ETF;有色ETF;半导体ETF,沪深300;创业板;黄金,酒ETF;创新药ETF;证券ETF;有色ETF;半导体ETF
2023-01-19,1869951.7439051236,972588.7712978025,897362.9726073211,0.5,False,halve,-0.13281867712486797,8,沪深300;创业板;黄金;创新药ETF;证券ETF;酒ETF;有色ETF;半导体ETF,沪深300;创业板;黄金,创新药ETF;证券ETF;酒ETF;有色ETF;半导体ETF
2023-01-20,1875076.0851414595,985264.7480454018,889811.3370960577,0.5,False,halve,-0.13044228798719468,8,沪深300;创业板;黄金;创新药ETF;有色ETF;证券ETF;酒ETF;半导体ETF,沪深300;创业板;黄金,创新药ETF;有色ETF;证券ETF;酒ETF;半导体ETF
2023-01-30,1878262.9045063308,995701.4363099888,882561.468196342,0.5,False,halve,-0.12896441550112614,9,沪深300;创业板;黄金;国债ETF;酒ETF;创新药ETF;有色ETF;证券ETF;半导体ETF,沪深300;创业板;黄金;国债ETF,酒ETF;创新药ETF;有色ETF;证券ETF;半导体ETF
2023-01-31,1868682.9963910019,1013380.2989016889,855302.697489313,0.5,False,halve,-0.13340705281492343,9,沪深300;创业板;黄金;国债ETF;有色ETF;证券ETF;创新药ETF;酒ETF;军工ETF,沪深300;创业板;黄金;国债ETF,有色ETF;证券ETF;创新药ETF;酒ETF;军工ETF
2023-02-01,1878452.2030605795,972665.5917988431,905786.6112617364,0.5,False,halve,-0.1288766291872671,10,沪深300;创业板;纳指;黄金;国债ETF;有色ETF;证券ETF;酒ETF;创新药ETF;半导体ETF,沪深300;创业板;纳指;黄金;国债ETF,有色ETF;证券ETF;酒ETF;创新药ETF;半导体ETF
2023-02-02,1881494.085954016,983885.7321861791,897608.3537678369,0.5,False,halve,-0.12746597030788193,9,沪深300;创业板;黄金;国债ETF;有色ETF;酒ETF;证券ETF;创新药ETF;半导体ETF,沪深300;创业板;黄金;国债ETF,有色ETF;酒ETF;证券ETF;创新药ETF;半导体ETF
2023-02-03,1874039.1296255956,982348.8282695425,891690.3013560531,0.5,False,halve,-0.1309231712286689,10,沪深300;创业板;纳指;黄金;国债ETF;有色ETF;酒ETF;证券ETF;创新药ETF;半导体ETF,沪深300;创业板;纳指;黄金;国债ETF,有色ETF;酒ETF;证券ETF;创新药ETF;半导体ETF
2023-02-06,1862169.6775276135,954441.6905464932,907727.9869811203,0.5,False,halve,-0.13642757379182585,10,沪深300;创业板;纳指;黄金;国债ETF;酒ETF;有色ETF;证券ETF;半导体ETF;创新药ETF,沪深300;创业板;纳指;黄金;国债ETF,酒ETF;有色ETF;证券ETF;半导体ETF;创新药ETF
2023-02-07,1862124.7724512946,963831.5365562775,898293.235895017,0.5,False,halve,-0.13644839830968464,10,沪深300;创业板;纳指;黄金;国债ETF;有色ETF;酒ETF;证券ETF;半导体ETF;创新药ETF,沪深300;创业板;纳指;黄金;国债ETF,有色ETF;酒ETF;证券ETF;半导体ETF;创新药ETF
2023-02-08,1861381.317072497,968973.0455097575,892408.2715627395,0.5,False,halve,-0.1367931722435499,10,沪深300;创业板;纳指;黄金;国债ETF;有色ETF;证券ETF;酒ETF;半导体ETF;创新药ETF,沪深300;创业板;纳指;黄金;国债ETF,有色ETF;证券ETF;酒ETF;半导体ETF;创新药ETF
2023-02-09,1871540.0420616665,935770.021030833,935770.0210308335,0.5,False,halve,-0.13208211132791609,10,沪深300;创业板;纳指;黄金;国债ETF;半导体ETF;酒ETF;有色ETF;证券ETF;创新药ETF,沪深300;创业板;纳指;黄金;国债ETF,半导体ETF;酒ETF;有色ETF;证券ETF;创新药ETF
2023-02-10,1864789.1153685614,955478.4320318174,909310.683336744,0.5,False,halve,-0.13521282181787458,10,沪深300;创业板;纳指;黄金;国债ETF;半导体ETF;酒ETF;证券ETF;有色ETF;创新药ETF,沪深300;创业板;纳指;黄金;国债ETF,半导体ETF;酒ETF;证券ETF;有色ETF;创新药ETF
2023-02-13,1871404.5096094413,975662.5652443377,895741.9443651036,0.5,False,halve,-0.1321449638649381,10,沪深300;创业板;纳指;黄金;国债ETF;酒ETF;半导体ETF;证券ETF;军工ETF;有色ETF,沪深300;创业板;纳指;黄金;国债ETF,酒ETF;半导体ETF;证券ETF;军工ETF;有色ETF
2023-02-14,1872545.0976514914,984921.0715942222,887624.0260572692,0.5,False,halve,-0.1316160215270492,10,沪深300;创业板;纳指;黄金;国债ETF;酒ETF;半导体ETF;有色ETF;军工ETF;证券ETF,沪深300;创业板;纳指;黄金;国债ETF,酒ETF;半导体ETF;有色ETF;军工ETF;证券ETF
2023-02-15,1870179.96423394,993402.6847241567,876777.2795097833,0.5,False,halve,-0.13271284102118502,10,沪深300;创业板;纳指;黄金;国债ETF;酒ETF;半导体ETF;军工ETF;有色ETF;证券ETF,沪深300;创业板;纳指;黄金;国债ETF,酒ETF;半导体ETF;军工ETF;有色ETF;证券ETF
2023-02-16,1865492.343413869,980512.7697517016,884979.5736621673,0.5,False,halve,-0.13488670312064063,10,沪深300;创业板;纳指;黄金;国债ETF;酒ETF;半导体ETF;军工ETF;证券ETF;有色ETF,沪深300;创业板;纳指;黄金;国债ETF,酒ETF;半导体ETF;军工ETF;证券ETF;有色ETF
2023-02-17,1851370.057925864,960729.2823115175,890640.7756143464,0.5,False,halve,-0.14143584656855296,10,沪深300;创业板;纳指;黄金;国债ETF;酒ETF;军工ETF;有色ETF;半导体ETF;证券ETF,沪深300;创业板;纳指;黄金;国债ETF,酒ETF;军工ETF;有色ETF;半导体ETF;证券ETF
2023-02-20,1863124.4728398146,931562.2364199074,931562.2364199072,0.5,False,halve,-0.135984791958226,10,沪深300;创业板;纳指;黄金;国债ETF;酒ETF;有色ETF;军工ETF;证券ETF;半导体ETF,沪深300;创业板;纳指;黄金;国债ETF,酒ETF;有色ETF;军工ETF;证券ETF;半导体ETF
2023-02-21,1863125.6742280205,960363.8113488714,902761.862879149,0.5,False,halve,-0.13598423482009822,10,沪深300;创业板;纳指;黄金;国债ETF;酒ETF;有色ETF;军工ETF;证券ETF;半导体ETF,沪深300;创业板;纳指;黄金;国债ETF,酒ETF;有色ETF;军工ETF;证券ETF;半导体ETF
2023-02-22,1857383.9795698537,964418.5547978464,892965.4247720074,0.5,False,halve,-0.13864691870241916,10,沪深300;创业板;纳指;黄金;国债ETF;酒ETF;有色ETF;军工ETF;证券ETF;半导体ETF,沪深300;创业板;纳指;黄金;国债ETF,酒ETF;有色ETF;军工ETF;证券ETF;半导体ETF
2023-02-23,1858220.3957015364,974419.9553781246,883800.4403234118,0.5,False,halve,-0.13825903465679562,10,沪深300;创业板;纳指;黄金;国债ETF;酒ETF;有色ETF;证券ETF;军工ETF;半导体ETF,沪深300;创业板;纳指;黄金;国债ETF,酒ETF;有色ETF;证券ETF;军工ETF;半导体ETF
2023-02-24,1854367.3520062086,978655.4408381204,875711.9111680882,0.5,False,halve,-0.14004586554144308,10,沪深300;创业板;纳指;黄金;国债ETF;酒ETF;军工ETF;证券ETF;有色ETF;半导体ETF,沪深300;创业板;纳指;黄金;国债ETF,酒ETF;军工ETF;证券ETF;有色ETF;半导体ETF
2023-02-27,1849224.5813465253,982149.3216509467,867075.2596955786,0.5,False,halve,-0.14243080123748095,10,沪深300;创业板;纳指;黄金;国债ETF;酒ETF;军工ETF;证券ETF;半导体ETF;有色ETF,沪深300;创业板;纳指;黄金;国债ETF,酒ETF;军工ETF;证券ETF;半导体ETF;有色ETF
2023-02-28,1853029.4551578956,992476.222835482,860553.2323224136,0.5,False,halve,-0.14066630890987336,10,沪深300;创业板;纳指;黄金;国债ETF;酒ETF;军工ETF;创新药ETF;证券ETF;半导体ETF,沪深300;创业板;纳指;黄金;国债ETF,酒ETF;军工ETF;创新药ETF;证券ETF;半导体ETF
2023-03-01,1858314.0043158063,1021257.6015284702,837056.4027873361,0.5,False,halve,-0.1382156241023684,10,沪深300;创业板;纳指;黄金;国债ETF;酒ETF;军工ETF;证券ETF;有色ETF;创新药ETF,沪深300;创业板;纳指;黄金;国债ETF,酒ETF;军工ETF;证券ETF;有色ETF;创新药ETF
2023-03-02,1852518.6850271327,1023325.2243542097,829193.460672923,0.5,False,halve,-0.14090317615477618,10,沪深300;创业板;纳指;黄金;国债ETF;酒ETF;证券ETF;军工ETF;有色ETF;创新药ETF,沪深300;创业板;纳指;黄金;国债ETF,酒ETF;证券ETF;军工ETF;有色ETF;创新药ETF
2023-03-03,1856550.6624739235,1003754.0700101544,852796.5924637691,0.5,False,halve,-0.13903336558479384,9,沪深300;创业板;纳指;黄金;酒ETF;证券ETF;军工ETF;半导体ETF;有色ETF,沪深300;创业板;纳指;黄金,酒ETF;证券ETF;军工ETF;半导体ETF;有色ETF
2023-03-06,1861255.4787873272,1021200.5047530232,840054.974034304,0.5,False,halve,-0.13685152915621224,9,沪深300;创业板;纳指;黄金;酒ETF;军工ETF;半导体ETF;证券ETF;创新药ETF,沪深300;创业板;纳指;黄金,酒ETF;军工ETF;半导体ETF;证券ETF;创新药ETF
2023-03-07,1848343.1920055544,1014501.5661469321,833841.6258586224,0.5,False,halve,-0.1428395413973072,9,沪深300;创业板;纳指;黄金;酒ETF;军工ETF;证券ETF;创新药ETF;有色ETF,沪深300;创业板;纳指;黄金,酒ETF;军工ETF;证券ETF;创新药ETF;有色ETF
2023-03-08,1843751.3716111537,987353.7449235799,856397.6266875739,0.5,False,halve,-0.14496897650011137,8,纳指;黄金;国债ETF;酒ETF;军工ETF;证券ETF;有色ETF;半导体ETF,纳指;黄金;国债ETF,酒ETF;军工ETF;证券ETF;有色ETF;半导体ETF
2023-03-09,1843919.242144505,997685.5947741809,846233.6473703241,0.5,False,halve,-0.1448911273301219,8,纳指;黄金;国债ETF;酒ETF;军工ETF;半导体ETF;证券ETF;有色ETF,纳指;黄金;国债ETF,酒ETF;军工ETF;半导体ETF;证券ETF;有色ETF
2023-03-10,1835907.3442964405,993682.3112721771,842225.0330242633,0.5,False,halve,-0.14860660726016311,8,纳指;黄金;国债ETF;军工ETF;酒ETF;半导体ETF;创新药ETF;证券ETF,纳指;黄金;国债ETF,军工ETF;酒ETF;半导体ETF;创新药ETF;证券ETF
2023-03-13,1841009.3879126678,990538.1392351713,850471.2486774966,0.5,False,halve,-0.14624055853890203,8,纳指;黄金;国债ETF;军工ETF;酒ETF;证券ETF;半导体ETF;有色ETF,纳指;黄金;国债ETF,军工ETF;酒ETF;证券ETF;半导体ETF;有色ETF
2023-03-14,1840751.4235948427,1012556.7528954665,828194.6706993761,0.5,False,halve,-0.14636018827753852,8,纳指;黄金;国债ETF;军工ETF;半导体ETF;酒ETF;创新药ETF;证券ETF,纳指;黄金;国债ETF,军工ETF;半导体ETF;酒ETF;创新药ETF;证券ETF
2023-03-15,1844521.0955671559,1046057.3778012496,798463.7177659062,0.5,False,halve,-0.14461202063716452,8,纳指;黄金;国债ETF;军工ETF;半导体ETF;创新药ETF;有色ETF;酒ETF,纳指;黄金;国债ETF,军工ETF;半导体ETF;创新药ETF;有色ETF;酒ETF
2023-03-16,1841410.287560451,1024298.3461023412,817111.9414581099,0.5,False,halve,-0.1460546432135264,8,纳指;黄金;国债ETF;半导体ETF;军工ETF;酒ETF;证券ETF;创新药ETF,纳指;黄金;国债ETF,半导体ETF;军工ETF;酒ETF;证券ETF;创新药ETF
2023-03-17,1849055.2109581013,1010320.2381545187,838734.9728035827,0.5,False,halve,-0.14250934595820336,8,纳指;黄金;国债ETF;半导体ETF;军工ETF;证券ETF;酒ETF;有色ETF,纳指;黄金;国债ETF,半导体ETF;军工ETF;证券ETF;酒ETF;有色ETF
2023-03-20,1852494.3865394292,1032294.1930880934,820200.1934513358,0.5,False,halve,-0.1409144444641212,8,纳指;黄金;国债ETF;半导体ETF;军工ETF;证券ETF;有色ETF;创新药ETF,纳指;黄金;国债ETF,半导体ETF;军工ETF;证券ETF;有色ETF;创新药ETF
2023-03-21,1857932.2526238295,1015938.2858782378,841993.9667455917,0.5,False,halve,-0.13839265965333236,8,纳指;黄金;国债ETF;半导体ETF;军工ETF;酒ETF;证券ETF;创新药ETF,纳指;黄金;国债ETF,半导体ETF;军工ETF;酒ETF;证券ETF;创新药ETF
2023-03-22,1857468.9507857754,1027011.7996954268,830457.1510903486,0.5,False,halve,-0.13860751370083585,8,纳指;黄金;国债ETF;半导体ETF;军工ETF;创新药ETF;酒ETF;证券ETF,纳指;黄金;国债ETF,半导体ETF;军工ETF;创新药ETF;酒ETF;证券ETF
2023-03-23,1861737.2659358843,1001778.7666888307,859958.4992470536,0.5,False,halve,-0.1366281026329387,8,纳指;黄金;国债ETF;半导体ETF;军工ETF;有色ETF;证券ETF;酒ETF,纳指;黄金;国债ETF,半导体ETF;军工ETF;有色ETF;证券ETF;酒ETF
2023-03-24,1863331.14815823,1011857.420848708,851473.7273095219,0.5,False,halve,-0.13588894725174458,8,纳指;黄金;国债ETF;半导体ETF;军工ETF;证券ETF;有色ETF;酒ETF,纳指;黄金;国债ETF,半导体ETF;军工ETF;证券ETF;有色ETF;酒ETF
2023-03-27,1861791.748527804,1017904.7766856041,843886.9718421998,0.5,False,halve,-0.1366028365872835,8,纳指;黄金;国债ETF;半导体ETF;证券ETF;军工ETF;有色ETF;酒ETF,纳指;黄金;国债ETF,半导体ETF;证券ETF;军工ETF;有色ETF;酒ETF
2023-03-28,1855787.0171212782,1033636.0682480384,822150.9488732398,0.5,False,halve,-0.13938750252403456,8,纳指;黄金;国债ETF;半导体ETF;酒ETF;证券ETF;军工ETF;创新药ETF,纳指;黄金;国债ETF,半导体ETF;酒ETF;证券ETF;军工ETF;创新药ETF
2023-03-29,1857665.0112480735,1024524.5633412022,833140.4479068713,0.5,False,halve,-0.13851659158393453,8,纳指;黄金;国债ETF;半导体ETF;酒ETF;证券ETF;有色ETF;军工ETF,纳指;黄金;国债ETF,半导体ETF;酒ETF;证券ETF;有色ETF;军工ETF
2023-03-30,1863476.1676670304,1053221.4417052257,810254.7259618046,0.5,False,halve,-0.13582169513687362,8,纳指;黄金;国债ETF;半导体ETF;酒ETF;证券ETF;有色ETF;创新药ETF,纳指;黄金;国债ETF,半导体ETF;酒ETF;证券ETF;有色ETF;创新药ETF
2023-03-31,1866566.8773508905,1044352.3652374339,822214.5121134566,0.5,False,halve,-0.13438839306316575,8,纳指;黄金;国债ETF;半导体ETF;酒ETF;有色ETF;证券ETF;军工ETF,纳指;黄金;国债ETF,半导体ETF;酒ETF;有色ETF;证券ETF;军工ETF
2023-04-03,1875193.262671794,1005665.6179073459,869527.6447644482,0.5,False,halve,-0.1303879474588372,8,纳指;黄金;国债ETF;半导体ETF;证券ETF;酒ETF;有色ETF;军工ETF,纳指;黄金;国债ETF,半导体ETF;证券ETF;酒ETF;有色ETF;军工ETF
2023-04-04,1879453.9548068459,1018640.7574533147,860813.1973535311,0.5,False,halve,-0.1284120715283055,9,沪深300;纳指;黄金;国债ETF;半导体ETF;证券ETF;酒ETF;有色ETF;军工ETF,沪深300;纳指;黄金;国债ETF,半导体ETF;证券ETF;酒ETF;有色ETF;军工ETF
2023-04-06,1881542.2701879481,1026718.8503231094,854823.4198648387,0.5,False,halve,-0.1274436250961089,8,纳指;黄金;国债ETF;半导体ETF;证券ETF;有色ETF;酒ETF;军工ETF,纳指;黄金;国债ETF,半导体ETF;证券ETF;有色ETF;酒ETF;军工ETF
2023-04-07,1884581.8335669078,1039874.8370653901,844706.9965015177,0.5,False,halve,-0.12603404188064876,9,沪深300;纳指;黄金;国债ETF;半导体ETF;证券ETF;酒ETF;有色ETF;军工ETF,沪深300;纳指;黄金;国债ETF,半导体ETF;证券ETF;酒ETF;有色ETF;军工ETF
2023-04-10,1876869.1975998452,1014804.3562079772,862064.8413918681,0.5,False,halve,-0.12961074052144053,8,纳指;黄金;国债ETF;半导体ETF;证券ETF;创新药ETF;有色ETF;军工ETF,纳指;黄金;国债ETF,半导体ETF;证券ETF;创新药ETF;有色ETF;军工ETF
2023-04-11,1880544.8578554522,1027875.2487317205,852669.6091237317,0.5,False,halve,-0.12790617037235194,8,纳指;黄金;国债ETF;半导体ETF;证券ETF;有色ETF;创新药ETF;军工ETF,纳指;黄金;国债ETF,半导体ETF;证券ETF;有色ETF;创新药ETF;军工ETF
2023-04-12,1881778.884768164,1039869.1482502271,841909.7365179369,0.5,False,halve,-0.12733389619783547,8,纳指;黄金;国债ETF;半导体ETF;证券ETF;有色ETF;军工ETF;创新药ETF,纳指;黄金;国债ETF,半导体ETF;证券ETF;有色ETF;军工ETF;创新药ETF
2023-04-13,1877283.0089946133,1034320.1663629491,842962.8426316642,0.5,False,halve,-0.1294188374341521,8,纳指;黄金;国债ETF;半导体ETF;证券ETF;有色ETF;创新药ETF;军工ETF,纳指;黄金;国债ETF,半导体ETF;证券ETF;有色ETF;创新药ETF;军工ETF
2023-04-14,1886530.7526089419,1024326.2166576996,862204.5359512423,0.5,False,halve,-0.12513023984481753,9,沪深300;纳指;黄金;国债ETF;半导体ETF;有色ETF;证券ETF;创新药ETF;军工ETF,沪深300;纳指;黄金;国债ETF,半导体ETF;有色ETF;证券ETF;创新药ETF;军工ETF
2023-04-17,1890967.9903843498,1034771.7951543534,856196.1952299965,0.5,False,halve,-0.12307249170424037,9,沪深300;纳指;黄金;国债ETF;半导体ETF;有色ETF;证券ETF;创新药ETF;军工ETF,沪深300;纳指;黄金;国债ETF,半导体ETF;有色ETF;证券ETF;创新药ETF;军工ETF
2023-04-18,1886786.9569376498,1024725.5753139396,862061.3816237102,0.5,False,halve,-0.1250114262928532,9,沪深300;纳指;黄金;国债ETF;半导体ETF;有色ETF;证券ETF;创新药ETF;军工ETF,沪深300;纳指;黄金;国债ETF,半导体ETF;有色ETF;证券ETF;创新药ETF;军工ETF
2023-04-19,1882092.0805506655,1023083.7985304783,859008.2820201872,0.5,False,halve,-0.1271886531273264,9,沪深300;纳指;黄金;国债ETF;半导体ETF;有色ETF;证券ETF;军工ETF;创新药ETF,沪深300;纳指;黄金;国债ETF,半导体ETF;有色ETF;证券ETF;军工ETF;创新药ETF
2023-04-20,1881119.1176886638,1032575.0352554867,848544.082433177,0.5,False,halve,-0.12763986007666567,9,沪深300;纳指;黄金;国债ETF;半导体ETF;有色ETF;证券ETF;军工ETF;创新药ETF,沪深300;纳指;黄金;国债ETF,半导体ETF;有色ETF;证券ETF;军工ETF;创新药ETF
2023-04-21,1867587.4755997453,971151.6543328683,896435.821266877,0.5,False,halve,-0.13391509542730395,8,纳指;黄金;国债ETF;半导体ETF;有色ETF;证券ETF;军工ETF;创新药ETF,纳指;黄金;国债ETF,半导体ETF;有色ETF;证券ETF;军工ETF;创新药ETF
2023-04-24,1861124.881836372,957050.1589503596,904074.7228860124,0.5,False,halve,-0.13691209287774245,8,纳指;黄金;国债ETF;半导体ETF;有色ETF;证券ETF;创新药ETF;军工ETF,纳指;黄金;国债ETF,半导体ETF;有色ETF;证券ETF;创新药ETF;军工ETF
2023-04-25,1856650.9384697555,928325.469234878,928325.4692348775,0.5,False,halve,-0.13898686306353808,8,纳指;黄金;国债ETF;半导体ETF;证券ETF;有色ETF;军工ETF;创新药ETF,纳指;黄金;国债ETF,半导体ETF;证券ETF;有色ETF;军工ETF;创新药ETF
2023-04-26,1856851.1276332294,928425.5638166148,928425.5638166146,0.5,False,halve,-0.13889402628089256,8,纳指;黄金;国债ETF;半导体ETF;证券ETF;军工ETF;有色ETF;创新药ETF,纳指;黄金;国债ETF,半导体ETF;证券ETF;军工ETF;有色ETF;创新药ETF
2023-04-27,1859963.9219337865,929981.9609668935,929981.960966893,0.5,False,halve,-0.13745048257010242,8,纳指;黄金;国债ETF;半导体ETF;军工ETF;证券ETF;创新药ETF;有色ETF,纳指;黄金;国债ETF,半导体ETF;军工ETF;证券ETF;创新药ETF;有色ETF
2023-04-28,1865577.3884149669,932788.6942074832,932788.6942074837,0.5,False,halve,-0.134847263901529,8,纳指;黄金;国债ETF;半导体ETF;证券ETF;军工ETF;创新药ETF;有色ETF,纳指;黄金;国债ETF,半导体ETF;证券ETF;军工ETF;创新药ETF;有色ETF
2023-05-04,1868603.6354152372,965318.3517668379,903285.2836483993,0.5,False,halve,-0.1334438560940308,8,纳指;黄金;国债ETF;证券ETF;半导体ETF;军工ETF;创新药ETF;有色ETF,纳指;黄金;国债ETF,证券ETF;半导体ETF;军工ETF;创新药ETF;有色ETF
2023-05-05,1866298.8245324413,967752.464825856,898546.3597065853,0.5,False,halve,-0.13451270129649895,8,纳指;黄金;国债ETF;证券ETF;军工ETF;半导体ETF;创新药ETF;有色ETF,纳指;黄金;国债ETF,证券ETF;军工ETF;半导体ETF;创新药ETF;有色ETF
2023-05-08,1871546.44210331,963285.2208335891,908261.2212697209,0.5,False,halve,-0.13207914333871693,9,沪深300;纳指;黄金;国债ETF;证券ETF;军工ETF;有色ETF;半导体ETF;创新药ETF,沪深300;纳指;黄金;国债ETF,证券ETF;军工ETF;有色ETF;半导体ETF;创新药ETF
2023-05-09,1866617.1255549104,995736.0020046397,870881.1235502707,0.5,False,halve,-0.1343650906949757,9,沪深300;纳指;黄金;国债ETF;证券ETF;军工ETF;有色ETF;酒ETF;半导体ETF,沪深300;纳指;黄金;国债ETF,证券ETF;军工ETF;有色ETF;酒ETF;半导体ETF
2023-05-10,1862687.3173971334,995695.2181085667,866992.0992885667,0.5,False,halve,-0.13618752073789742,9,沪深300;纳指;黄金;国债ETF;证券ETF;军工ETF;有色ETF;半导体ETF;酒ETF,沪深300;纳指;黄金;国债ETF,证券ETF;军工ETF;有色ETF;半导体ETF;酒ETF
2023-05-11,1863509.0478862626,1006720.2690408387,856788.778845424,0.5,False,halve,-0.13580644708991024,8,纳指;黄金;国债ETF;证券ETF;军工ETF;有色ETF;半导体ETF;酒ETF,纳指;黄金;国债ETF,证券ETF;军工ETF;有色ETF;半导体ETF;酒ETF
2023-05-12,1856603.5433250763,1029678.6605964636,826924.8827286127,0.5,False,halve,-0.13900884233888283,8,纳指;黄金;国债ETF;证券ETF;军工ETF;酒ETF;半导体ETF;创新药ETF,纳指;黄金;国债ETF,证券ETF;军工ETF;酒ETF;半导体ETF;创新药ETF
2023-05-15,1863644.9466221677,931822.4733110841,931822.4733110836,0.5,False,halve,-0.13574342469055511,9,沪深300;纳指;黄金;国债ETF;证券ETF;军工ETF;有色ETF;半导体ETF;创新药ETF,沪深300;纳指;黄金;国债ETF,证券ETF;军工ETF;有色ETF;半导体ETF;创新药ETF
2023-05-16,1862777.7652586717,931388.8826293361,931388.8826293356,0.5,False,halve,-0.13614557596767773,9,沪深300;纳指;黄金;国债ETF;证券ETF;军工ETF;创新药ETF;有色ETF;半导体ETF,沪深300;纳指;黄金;国债ETF,证券ETF;军工ETF;创新药ETF;有色ETF;半导体ETF
2023-05-17,1862849.5334837595,955354.0957268958,907495.4377568637,0.5,False,halve,-0.1361122937909719,9,创业板;纳指;黄金;国债ETF;证券ETF;军工ETF;半导体ETF;创新药ETF;有色ETF,创业板;纳指;黄金;国债ETF,证券ETF;军工ETF;半导体ETF;创新药ETF;有色ETF
2023-05-18,1863333.012089369,965025.7408808222,898307.2712085467,0.5,False,halve,-0.1358880828624489,9,沪深300;纳指;黄金;国债ETF;军工ETF;证券ETF;半导体ETF;创新药ETF;有色ETF,沪深300;纳指;黄金;国债ETF,军工ETF;证券ETF;半导体ETF;创新药ETF;有色ETF
2023-05-19,1866967.298520207,1036418.6728403246,830548.6256798824,0.5,False,halve,-0.1342026996299278,8,纳指;黄金;国债ETF;军工ETF;证券ETF;半导体ETF;创新药ETF;酒ETF,纳指;黄金;国债ETF,军工ETF;证券ETF;半导体ETF;创新药ETF;酒ETF
2023-05-22,1867813.163896304,1047130.4973660035,820682.6665303006,0.5,False,halve,-0.13381043354166697,8,纳指;黄金;国债ETF;军工ETF;证券ETF;半导体ETF;创新药ETF;酒ETF,纳指;黄金;国债ETF,军工ETF;证券ETF;半导体ETF;创新药ETF;酒ETF
2023-05-23,1864622.8094013417,1039975.1561775916,824647.6532237501,0.5,False,halve,-0.13528994542768197,8,纳指;黄金;国债ETF;证券ETF;军工ETF;创新药ETF;半导体ETF;酒ETF,纳指;黄金;国债ETF,证券ETF;军工ETF;创新药ETF;半导体ETF;酒ETF
2023-05-24,1858592.0913993027,1039256.8892767028,819335.2021225999,0.5,False,halve,-0.13808666252583207,8,纳指;黄金;国债ETF;证券ETF;军工ETF;半导体ETF;创新药ETF;酒ETF,纳指;黄金;国债ETF,证券ETF;军工ETF;半导体ETF;创新药ETF;酒ETF
2023-05-25,1860953.4282512977,1001231.1924561589,859722.2357951388,0.5,False,halve,-0.1369916036711097,8,纳指;黄金;国债ETF;军工ETF;证券ETF;半导体ETF;创新药ETF;有色ETF,纳指;黄金;国债ETF,军工ETF;证券ETF;半导体ETF;创新药ETF;有色ETF
2023-05-26,1861780.623237336,1008854.6097182406,852926.0135190955,0.5,False,halve,-0.13660799588839206,8,纳指;黄金;国债ETF;半导体ETF;军工ETF;证券ETF;创新药ETF;有色ETF,纳指;黄金;国债ETF,半导体ETF;军工ETF;证券ETF;创新药ETF;有色ETF
2023-05-29,1869257.3994761754,1024172.1624291817,845085.2370469937,0.5,False,halve,-0.1331406760868138,8,纳指;黄金;国债ETF;半导体ETF;军工ETF;证券ETF;创新药ETF;有色ETF,纳指;黄金;国债ETF,半导体ETF;军工ETF;证券ETF;创新药ETF;有色ETF
2023-05-30,1868403.2295376011,1035194.7594107139,833208.4701268872,0.5,False,halve,-0.13353679337684937,8,纳指;黄金;国债ETF;半导体ETF;军工ETF;证券ETF;创新药ETF;有色ETF,纳指;黄金;国债ETF,半导体ETF;军工ETF;证券ETF;创新药ETF;有色ETF
2023-05-31,1869950.576187151,1047889.5302926474,822061.0458945036,0.5,False,halve,-0.13281921864858348,8,纳指;黄金;国债ETF;半导体ETF;军工ETF;证券ETF;创新药ETF;有色ETF,纳指;黄金;国债ETF,半导体ETF;军工ETF;证券ETF;创新药ETF;有色ETF
2023-06-01,1871675.4856084804,1054901.3912801228,816774.0943283576,0.5,False,halve,-0.13201930002036025,8,纳指;黄金;国债ETF;半导体ETF;军工ETF;创新药ETF;证券ETF;有色ETF,纳指;黄金;国债ETF,半导体ETF;军工ETF;创新药ETF;证券ETF;有色ETF
2023-06-02,1877734.2142789047,1059793.4947844574,817940.7194944473,0.5,False,halve,-0.12920959310654023,8,纳指;黄金;国债ETF;半导体ETF;军工ETF;创新药ETF;有色ETF;证券ETF,纳指;黄金;国债ETF,半导体ETF;军工ETF;创新药ETF;有色ETF;证券ETF
2023-06-05,1874003.0800790568,1065905.9450842077,808097.1349948491,0.5,False,halve,-0.13093988903625858,7,纳指;国债ETF;半导体ETF;创新药ETF;军工ETF;有色ETF;证券ETF,纳指;国债ETF,半导体ETF;创新药ETF;军工ETF;有色ETF;证券ETF
2023-06-06,1866249.2235856077,1023653.727115364,842595.4964702437,0.5,False,halve,-0.13453570350221428,8,纳指;黄金;国债ETF;半导体ETF;军工ETF;创新药ETF;证券ETF;有色ETF,纳指;黄金;国债ETF,半导体ETF;军工ETF;创新药ETF;证券ETF;有色ETF
2023-06-07,1865356.755382936,1033496.7390051486,831860.0163777873,0.5,False,halve,-0.13494958143202684,8,纳指;黄金;国债ETF;半导体ETF;军工ETF;证券ETF;有色ETF;创新药ETF,纳指;黄金;国债ETF,半导体ETF;军工ETF;证券ETF;有色ETF;创新药ETF
2023-06-08,1858846.6483881935,1041719.3085858733,817127.3398023201,0.5,False,halve,-0.137968612919957,8,纳指;黄金;国债ETF;半导体ETF;有色ETF;证券ETF;军工ETF;创新药ETF,纳指;黄金;国债ETF,半导体ETF;有色ETF;证券ETF;军工ETF;创新药ETF
2023-06-09,1867550.8835552263,1043492.4517181359,824058.4318370904,0.5,False,halve,-0.13393206481577943,8,纳指;黄金;国债ETF;半导体ETF;证券ETF;有色ETF;军工ETF;创新药ETF,纳指;黄金;国债ETF,半导体ETF;证券ETF;有色ETF;军工ETF;创新药ETF
2023-06-12,1868343.778601095,1067061.6743503402,801282.1042507549,0.5,False,halve,-0.13356436346892983,8,纳指;黄金;国债ETF;半导体ETF;有色ETF;证券ETF;军工ETF;酒ETF,纳指;黄金;国债ETF,半导体ETF;有色ETF;证券ETF;军工ETF;酒ETF
2023-06-13,1878415.0706924626,1065712.8714326767,812702.1992597859,0.5,False,halve,-0.12889384914826882,8,纳指;黄金;国债ETF;半导体ETF;有色ETF;证券ETF;酒ETF;军工ETF,纳指;黄金;国债ETF,半导体ETF;有色ETF;证券ETF;酒ETF;军工ETF
2023-06-14,1879614.1650445168,1073422.9083243872,806191.2567201296,0.5,False,halve,-0.12833777478439518,8,纳指;黄金;国债ETF;半导体ETF;酒ETF;有色ETF;证券ETF;军工ETF,纳指;黄金;国债ETF,半导体ETF;酒ETF;有色ETF;证券ETF;军工ETF
2023-06-15,1882032.9108056983,1073155.1454711787,808877.7653345196,0.5,False,halve,-0.1272160928181538,8,纳指;黄金;国债ETF;半导体ETF;证券ETF;酒ETF;有色ETF;军工ETF,纳指;黄金;国债ETF,半导体ETF;证券ETF;酒ETF;有色ETF;军工ETF
2023-06-16,1888610.0389283635,1076778.5374017402,811831.5015266233,0.5,False,halve,-0.12416598059749244,8,纳指;黄金;国债ETF;半导体ETF;证券ETF;有色ETF;酒ETF;军工ETF,纳指;黄金;国债ETF,半导体ETF;证券ETF;有色ETF;酒ETF;军工ETF
2023-06-19,1884936.9634361388,1075499.2391398747,809437.7242962641,0.5,False,halve,-0.1258693520747241,8,纳指;黄金;国债ETF;半导体ETF;证券ETF;军工ETF;有色ETF;酒ETF,纳指;黄金;国债ETF,半导体ETF;证券ETF;军工ETF;有色ETF;酒ETF
2023-06-20,1885451.4826849184,1088814.4825936172,796637.0000913013,0.5,False,halve,-0.12563074619398107,8,纳指;黄金;国债ETF;半导体ETF;军工ETF;证券ETF;有色ETF;酒ETF,纳指;黄金;国债ETF,半导体ETF;军工ETF;证券ETF;有色ETF;酒ETF
2023-06-21,1876849.1377332709,1030517.6451450468,846331.4925882241,0.5,False,halve,-0.12962004319018017,8,纳指;黄金;国债ETF;军工ETF;证券ETF;半导体ETF;有色ETF;酒ETF,纳指;黄金;国债ETF,军工ETF;证券ETF;半导体ETF;有色ETF;酒ETF
2023-06-26,1868325.6150442874,1004939.807827397,863385.8072168904,0.5,False,halve,-0.13357278673293754,8,纳指;黄金;国债ETF;军工ETF;半导体ETF;有色ETF;证券ETF;酒ETF,纳指;黄金;国债ETF,军工ETF;半导体ETF;有色ETF;证券ETF;酒ETF
2023-06-27,1868963.684320083,998360.2221373924,870603.4621826905,0.5,False,halve,-0.1332768851084845,8,纳指;黄金;国债ETF;军工ETF;有色ETF;证券ETF;半导体ETF;酒ETF,纳指;黄金;国债ETF,军工ETF;有色ETF;证券ETF;半导体ETF;酒ETF
2023-06-28,1871128.280884461,1010102.9165559254,861025.3643285356,0.5,False,halve,-0.1322730636364564,8,纳指;黄金;国债ETF;军工ETF;有色ETF;证券ETF;酒ETF;半导体ETF,纳指;黄金;国债ETF,军工ETF;有色ETF;证券ETF;酒ETF;半导体ETF
2023-06-29,1871660.3122933025,1020387.8312215158,851272.4810717867,0.5,False,halve,-0.13202633657388163,8,纳指;黄金;国债ETF;军工ETF;有色ETF;证券ETF;酒ETF;半导体ETF,纳指;黄金;国债ETF,军工ETF;有色ETF;证券ETF;酒ETF;半导体ETF
2023-06-30,1876589.6452269016,1016347.1015790337,860242.543647868,0.5,False,halve,-0.12974038161906365,7,纳指;国债ETF;军工ETF;证券ETF;有色ETF;酒ETF;半导体ETF,纳指;国债ETF,军工ETF;证券ETF;有色ETF;酒ETF;半导体ETF
2023-07-03,1887143.1761062017,1012280.7301980949,874862.4459081069,0.5,False,halve,-0.12484623132949374,7,纳指;国债ETF;军工ETF;证券ETF;有色ETF;酒ETF;创新药ETF,纳指;国债ETF,军工ETF;证券ETF;有色ETF;酒ETF;创新药ETF
2023-07-04,1886538.708498064,1021751.4692780123,864787.2392200517,0.5,False,halve,-0.12512655033867062,7,纳指;国债ETF;军工ETF;证券ETF;有色ETF;酒ETF;创新药ETF,纳指;国债ETF,军工ETF;证券ETF;有色ETF;酒ETF;创新药ETF
2023-07-05,1884795.1038437397,1029534.0179864981,855261.0858572416,0.5,False,halve,-0.12593513879323176,7,纳指;国债ETF;军工ETF;有色ETF;证券ETF;酒ETF;创新药ETF,纳指;国债ETF,军工ETF;有色ETF;证券ETF;酒ETF;创新药ETF
2023-07-06,1881347.7460730234,1029526.3839283385,851821.3621446849,0.5,False,halve,-0.12753383473914454,7,纳指;国债ETF;军工ETF;有色ETF;证券ETF;酒ETF;半导体ETF,纳指;国债ETF,军工ETF;有色ETF;证券ETF;酒ETF;半导体ETF
2023-07-07,1878000.8246979597,1036478.364867929,841522.4598300307,0.5,False,halve,-0.12908595377913942,7,纳指;国债ETF;军工ETF;证券ETF;有色ETF;酒ETF;半导体ETF,纳指;国债ETF,军工ETF;证券ETF;有色ETF;酒ETF;半导体ETF
2023-07-10,1876128.9737896193,1044826.1470656643,831302.826723955,0.5,False,halve,-0.1299540158305856,8,纳指;黄金;国债ETF;军工ETF;证券ETF;酒ETF;有色ETF;半导体ETF,纳指;黄金;国债ETF,军工ETF;证券ETF;酒ETF;有色ETF;半导体ETF
2023-07-11,1880869.7164223138,1048870.0968379336,831999.6195843802,0.5,False,halve,-0.12775551874047078,7,纳指;国债ETF;军工ETF;证券ETF;有色ETF;酒ETF;半导体ETF,纳指;国债ETF,军工ETF;证券ETF;有色ETF;酒ETF;半导体ETF
2023-07-12,1877315.4723798307,1057270.0029676198,820045.4694122109,0.5,False,halve,-0.1294037826920019,8,纳指;黄金;国债ETF;军工ETF;证券ETF;有色ETF;酒ETF;创新药ETF,纳指;黄金;国债ETF,军工ETF;证券ETF;有色ETF;酒ETF;创新药ETF
2023-07-13,1890344.2424385205,1023724.5065518513,866619.7358866693,0.5,False,halve,-0.12336175187930526,9,沪深300;纳指;黄金;国债ETF;军工ETF;证券ETF;有色ETF;酒ETF;创新药ETF,沪深300;纳指;黄金;国债ETF,军工ETF;证券ETF;有色ETF;酒ETF;创新药ETF
2023-07-14,1888819.674687975,1022938.3185397622,865881.3561482129,0.5,False,halve,-0.12406876300033547,9,沪深300;纳指;黄金;国债ETF;军工ETF;证券ETF;有色ETF;酒ETF;半导体ETF,沪深300;纳指;黄金;国债ETF,军工ETF;证券ETF;有色ETF;酒ETF;半导体ETF
2023-07-17,1886756.7538559067,1026594.2911151119,860162.4627407948,0.5,False,halve,-0.12502543282990222,8,纳指;黄金;国债ETF;军工ETF;证券ETF;有色ETF;酒ETF;半导体ETF,纳指;黄金;国债ETF,军工ETF;证券ETF;有色ETF;酒ETF;半导体ETF
2023-07-18,1889749.8247318296,1039742.1371311884,850007.6876006412,0.5,False,halve,-0.12363741029397225,8,纳指;黄金;国债ETF;军工ETF;证券ETF;有色ETF;酒ETF;半导体ETF,纳指;黄金;国债ETF,军工ETF;证券ETF;有色ETF;酒ETF;半导体ETF
2023-07-19,1895383.5132321056,1062344.9773676721,833038.5358644335,0.5,False,halve,-0.1210248137591904,9,沪深300;纳指;黄金;国债ETF;证券ETF;军工ETF;有色ETF;酒ETF;创新药ETF,沪深300;纳指;黄金;国债ETF,证券ETF;军工ETF;有色ETF;酒ETF;创新药ETF
2023-07-20,1888895.9497121964,1063749.172775291,825146.7769369055,0.5,False,halve,-0.12403339081673655,9,沪深300;纳指;黄金;国债ETF;证券ETF;有色ETF;军工ETF;酒ETF;创新药ETF,沪深300;纳指;黄金;国债ETF,证券ETF;有色ETF;军工ETF;酒ETF;创新药ETF
2023-07-21,1888027.9355438864,1069994.3409245685,818033.5946193179,0.5,False,halve,-0.1244359283031732,9,沪深300;纳指;黄金;国债ETF;证券ETF;酒ETF;有色ETF;军工ETF;创新药ETF,沪深300;纳指;黄金;国债ETF,证券ETF;酒ETF;有色ETF;军工ETF;创新药ETF
2023-07-24,1886603.5631873328,1081364.2143643675,805239.3488229653,0.5,False,halve,-0.12509647428167175,9,沪深300;纳指;黄金;国债ETF;证券ETF;军工ETF;有色ETF;酒ETF;创新药ETF,沪深300;纳指;黄金;国债ETF,证券ETF;军工ETF;有色ETF;酒ETF;创新药ETF
2023-07-25,1902703.8136608913,1984452.542851241,-81748.72919034981,1.0,False,warning,-0.11763005887828594,9,沪深300;纳指;黄金;国债ETF;证券ETF;酒ETF;有色ETF;军工ETF;创新药ETF,沪深300;纳指;黄金;国债ETF,证券ETF;酒ETF;有色ETF;军工ETF;创新药ETF
2023-07-26,1905036.4252768916,2007391.3035669161,-102354.87829002459,1.0,False,warning,-0.11654832121660023,9,沪深300;纳指;黄金;国债ETF;证券ETF;酒ETF;有色ETF;军工ETF;创新药ETF,沪深300;纳指;黄金;国债ETF,证券ETF;酒ETF;有色ETF;军工ETF;创新药ETF
2023-07-27,1906986.003261698,2027955.602774657,-120969.59951295913,1.0,False,warning,-0.11564421359915873,9,沪深300;纳指;黄金;国债ETF;酒ETF;证券ETF;有色ETF;军工ETF;创新药ETF,沪深300;纳指;黄金;国债ETF,酒ETF;证券ETF;有色ETF;军工ETF;创新药ETF
2023-07-28,1927245.718041756,1979998.9965270064,-52753.27848525043,1.0,False,warning,-0.10624886619444252,10,沪深300;创业板;纳指;黄金;国债ETF;证券ETF;酒ETF;有色ETF;创新药ETF;军工ETF,沪深300;创业板;纳指;黄金;国债ETF,证券ETF;酒ETF;有色ETF;创新药ETF;军工ETF
2023-07-31,1933903.96584453,1988475.7443299086,-54571.778485378716,1.0,False,warning,-0.10316113510380914,10,沪深300;创业板;纳指;黄金;国债ETF;证券ETF;酒ETF;有色ETF;军工ETF;半导体ETF,沪深300;创业板;纳指;黄金;国债ETF,证券ETF;酒ETF;有色ETF;军工ETF;半导体ETF
2023-08-01,1932148.207093806,2004547.6290879915,-72399.42199418554,1.0,False,warning,-0.10397535996338904,10,沪深300;创业板;纳指;黄金;国债ETF;证券ETF;酒ETF;有色ETF;军工ETF;半导体ETF,沪深300;创业板;纳指;黄金;国债ETF,证券ETF;酒ETF;有色ETF;军工ETF;半导体ETF
2023-08-02,1924072.9704501566,2012976.1950865886,-88903.22463643202,1.0,False,warning,-0.10772021296186564,10,沪深300;创业板;纳指;黄金;国债ETF;证券ETF;酒ETF;有色ETF;半导体ETF;军工ETF,沪深300;创业板;纳指;黄金;国债ETF,证券ETF;酒ETF;有色ETF;半导体ETF;军工ETF
2023-08-03,1929423.5689688441,2031925.2814568009,-102501.71248795674,1.0,False,warning,-0.10523889807407108,10,沪深300;创业板;纳指;黄金;国债ETF;证券ETF;酒ETF;有色ETF;半导体ETF;军工ETF,沪深300;创业板;纳指;黄金;国债ETF,证券ETF;酒ETF;有色ETF;半导体ETF;军工ETF
2023-08-04,1936779.6084019674,2061133.1075112931,-124353.4991093257,1.0,False,warning,-0.10182756939806158,10,沪深300;创业板;纳指;黄金;国债ETF;证券ETF;酒ETF;有色ETF;半导体ETF;军工ETF,沪深300;创业板;纳指;黄金;国债ETF,证券ETF;酒ETF;有色ETF;半导体ETF;军工ETF
2023-08-07,1926655.1492424216,2060583.455765032,-133928.30652261036,1.0,False,warning,-0.10652273969643249,10,沪深300;创业板;纳指;黄金;国债ETF;证券ETF;酒ETF;有色ETF;军工ETF;半导体ETF,沪深300;创业板;纳指;黄金;国债ETF,证券ETF;酒ETF;有色ETF;军工ETF;半导体ETF
2023-08-08,1923641.0502309322,2076089.5421098648,-152448.49187893257,1.0,False,warning,-0.10792051393129137,10,沪深300;创业板;纳指;黄金;国债ETF;证券ETF;酒ETF;有色ETF;半导体ETF;军工ETF,沪深300;创业板;纳指;黄金;国债ETF,证券ETF;酒ETF;有色ETF;半导体ETF;军工ETF
2023-08-09,1918015.9419653034,2081002.5298033385,-162986.58783803508,1.0,False,warning,-0.11052913142262666,10,沪深300;创业板;纳指;黄金;国债ETF;证券ETF;酒ETF;有色ETF;军工ETF;半导体ETF,沪深300;创业板;纳指;黄金;国债ETF,证券ETF;酒ETF;有色ETF;军工ETF;半导体ETF
2023-08-10,1919193.9945456088,2103137.8125709863,-183943.81802537758,1.0,False,warning,-0.10998281508139732,10,沪深300;创业板;纳指;黄金;国债ETF;证券ETF;酒ETF;有色ETF;军工ETF;半导体ETF,沪深300;创业板;纳指;黄金;国债ETF,证券ETF;酒ETF;有色ETF;军工ETF;半导体ETF
2023-08-11,1888798.853582545,981360.2185411886,907438.6350413563,0.5,False,halve,-0.12407841869001275,9,沪深300;纳指;黄金;国债ETF;证券ETF;酒ETF;有色ETF;创新药ETF;军工ETF,沪深300;纳指;黄金;国债ETF,证券ETF;酒ETF;有色ETF;创新药ETF;军工ETF
2023-08-14,1885572.2803051774,988391.0845765229,897181.1957286545,0.5,False,halve,-0.12557472686595414,8,纳指;黄金;国债ETF;证券ETF;酒ETF;有色ETF;创新药ETF;军工ETF,纳指;黄金;国债ETF,证券ETF;酒ETF;有色ETF;创新药ETF;军工ETF
2023-08-15,1890482.5980647218,1001302.289464862,889180.3085998598,0.5,False,halve,-0.12329759010863525,8,纳指;黄金;国债ETF;证券ETF;酒ETF;有色ETF;创新药ETF;军工ETF,纳指;黄金;国债ETF,证券ETF;酒ETF;有色ETF;创新药ETF;军工ETF
2023-08-16,1886281.8963166573,1006712.4434135713,879569.452903086,0.5,False,halve,-0.12524564577946398,8,纳指;黄金;国债ETF;证券ETF;酒ETF;有色ETF;创新药ETF;军工ETF,纳指;黄金;国债ETF,证券ETF;酒ETF;有色ETF;创新药ETF;军工ETF
2023-08-17,1888661.0406086142,1003239.5389536766,885421.5016549376,0.5,False,halve,-0.12414232880824555,9,沪深300;纳指;黄金;国债ETF;证券ETF;酒ETF;有色ETF;军工ETF;创新药ETF,沪深300;纳指;黄金;国债ETF,证券ETF;酒ETF;有色ETF;军工ETF;创新药ETF
2023-08-18,1876911.454534206,978613.8490591366,898297.6054750695,0.5,False,halve,-0.12959114406695493,8,沪深300;黄金;国债ETF;证券ETF;酒ETF;有色ETF;军工ETF;创新药ETF,沪深300;黄金;国债ETF,证券ETF;酒ETF;有色ETF;军工ETF;创新药ETF
2023-08-21,1870695.7037884826,973537.1647285967,897158.5390598859,0.5,False,halve,-0.13247366922938614,8,纳指;黄金;国债ETF;证券ETF;酒ETF;有色ETF;军工ETF;创新药ETF,纳指;黄金;国债ETF,证券ETF;酒ETF;有色ETF;军工ETF;创新药ETF
2023-08-22,1875464.6751341573,982330.9467785577,893133.7283555996,0.5,False,halve,-0.13026208120644642,8,纳指;黄金;国债ETF;证券ETF;酒ETF;军工ETF;有色ETF;创新药ETF,纳指;黄金;国债ETF,证券ETF;酒ETF;军工ETF;有色ETF;创新药ETF
2023-08-23,1869309.8596788915,957671.5279441805,911638.331734711,0.5,False,halve,-0.13311634791463614,8,纳指;黄金;国债ETF;证券ETF;酒ETF;军工ETF;有色ETF;创新药ETF,纳指;黄金;国债ETF,证券ETF;酒ETF;军工ETF;有色ETF;创新药ETF
2023-08-24,1881243.3426621626,940621.6713310814,940621.6713310812,0.5,False,halve,-0.1275822513296999,8,纳指;黄金;国债ETF;证券ETF;酒ETF;军工ETF;有色ETF;创新药ETF,纳指;黄金;国债ETF,证券ETF;酒ETF;军工ETF;有色ETF;创新药ETF
2023-08-25,1869794.7032695862,934897.3516347932,934897.351634793,0.5,False,halve,-0.13289150398070224,7,黄金;国债ETF;证券ETF;酒ETF;军工ETF;有色ETF;创新药ETF,黄金;国债ETF,证券ETF;酒ETF;军工ETF;有色ETF;创新药ETF
2023-08-28,1872165.3624033881,936082.6812016938,936082.6812016943,0.5,False,halve,-0.13179212196165443,7,黄金;国债ETF;证券ETF;酒ETF;军工ETF;创新药ETF;有色ETF,黄金;国债ETF,证券ETF;酒ETF;军工ETF;创新药ETF;有色ETF
2023-08-29,1877035.8536644257,938517.9268322128,938517.9268322128,0.5,False,halve,-0.12953345455562934,8,纳指;黄金;国债ETF;证券ETF;酒ETF;创新药ETF;军工ETF;有色ETF,纳指;黄金;国债ETF,证券ETF;酒ETF;创新药ETF;军工ETF;有色ETF
2023-08-30,1881724.6114503893,940862.3057251947,940862.3057251945,0.5,False,halve,-0.12735906519359066,8,纳指;黄金;国债ETF;酒ETF;军工ETF;证券ETF;创新药ETF;有色ETF,纳指;黄金;国债ETF,酒ETF;军工ETF;证券ETF;创新药ETF;有色ETF
2023-08-31,1881091.8730335035,940545.9365167517,940545.9365167519,0.5,False,halve,-0.12765249465730666,8,纳指;黄金;国债ETF;酒ETF;军工ETF;创新药ETF;证券ETF;半导体ETF,纳指;黄金;国债ETF,酒ETF;军工ETF;创新药ETF;证券ETF;半导体ETF
2023-09-01,1880239.0351602705,968386.2267920559,911852.8083682146,0.5,False,halve,-0.12804799420830779,8,纳指;黄金;国债ETF;酒ETF;创新药ETF;军工ETF;证券ETF;有色ETF,纳指;黄金;国债ETF,酒ETF;创新药ETF;军工ETF;证券ETF;有色ETF
2023-09-04,1886272.5636776402,943136.2818388203,943136.2818388199,0.5,False,halve,-0.12524997374689692,9,沪深300;纳指;黄金;国债ETF;酒ETF;军工ETF;创新药ETF;有色ETF;证券ETF,沪深300;纳指;黄金;国债ETF,酒ETF;军工ETF;创新药ETF;有色ETF;证券ETF
2023-09-05,1883265.5480344207,966438.6377138379,916826.9103205828,0.5,False,halve,-0.12664446310304875,9,沪深300;纳指;黄金;国债ETF;酒ETF;军工ETF;有色ETF;证券ETF;创新药ETF,沪深300;纳指;黄金;国债ETF,酒ETF;军工ETF;有色ETF;证券ETF;创新药ETF
2023-09-06,1882458.3979937066,941229.1989968531,941229.1989968535,0.5,False,halve,-0.12701877513668627,8,纳指;黄金;国债ETF;酒ETF;军工ETF;有色ETF;半导体ETF;证券ETF,纳指;黄金;国债ETF,酒ETF;军工ETF;有色ETF;半导体ETF;证券ETF
2023-09-07,1875308.1265205531,937654.0632602763,937654.0632602768,0.5,False,halve,-0.1303346798894242,7,纳指;黄金;酒ETF;军工ETF;证券ETF;有色ETF;半导体ETF,纳指;黄金,酒ETF;军工ETF;证券ETF;有色ETF;半导体ETF
2023-09-08,1880974.123551784,940487.0617758923,940487.0617758918,0.5,False,halve,-0.12770710042542777,7,纳指;黄金;军工ETF;酒ETF;证券ETF;半导体ETF;有色ETF,纳指;黄金,军工ETF;酒ETF;证券ETF;半导体ETF;有色ETF
2023-09-11,1881566.575805704,940783.2879028518,940783.2879028523,0.5,False,halve,-0.1274323534802356,6,黄金;酒ETF;军工ETF;证券ETF;有色ETF;半导体ETF,黄金,酒ETF;军工ETF;证券ETF;有色ETF;半导体ETF
2023-09-12,1879513.6276604624,965188.1452464429,914325.4824140195,0.5,False,halve,-0.1283843985232092,6,黄金;酒ETF;军工ETF;有色ETF;证券ETF;半导体ETF,黄金,酒ETF;军工ETF;有色ETF;证券ETF;半导体ETF
2023-09-13,1878616.9399370993,969993.1729545358,908623.7669825635,0.5,False,halve,-0.128800233235889,7,黄金;国债ETF;酒ETF;有色ETF;半导体ETF;证券ETF;军工ETF,黄金;国债ETF,酒ETF;有色ETF;半导体ETF;证券ETF;军工ETF
2023-09-14,1880455.4592489498,975387.4485374655,905068.0107114842,0.5,False,halve,-0.12794762855548564,7,纳指;黄金;酒ETF;有色ETF;创新药ETF;证券ETF;半导体ETF,纳指;黄金,酒ETF;有色ETF;创新药ETF;证券ETF;半导体ETF
2023-09-15,1880215.4183614529,983749.5645468377,896465.8538146152,0.5,False,halve,-0.1280589463876394,7,纳指;黄金;有色ETF;创新药ETF;酒ETF;半导体ETF;证券ETF,纳指;黄金,有色ETF;创新药ETF;酒ETF;半导体ETF;证券ETF
2023-09-18,1873572.057977995,990328.1407713811,883243.9172066138,0.5,False,halve,-0.13113977350761222,7,黄金;国债ETF;创新药ETF;酒ETF;有色ETF;证券ETF;半导体ETF,黄金;国债ETF,创新药ETF;酒ETF;有色ETF;证券ETF;半导体ETF
2023-09-19,1874863.3566736144,1000584.7812406434,874278.575432971,0.5,False,halve,-0.13054093981324336,7,黄金;国债ETF;创新药ETF;酒ETF;有色ETF;证券ETF;半导体ETF,黄金;国债ETF,创新药ETF;酒ETF;有色ETF;证券ETF;半导体ETF
2023-09-20,1874559.068579351,1006070.8910325068,868488.1775468442,0.5,False,halve,-0.13068205198524374,6,黄金;创新药ETF;有色ETF;酒ETF;证券ETF;半导体ETF,黄金,创新药ETF;有色ETF;酒ETF;证券ETF;半导体ETF
2023-09-21,1869097.0085944892,1006018.6302729775,863078.3783215117,0.5,False,halve,-0.13321505660353627,7,黄金;国债ETF;创新药ETF;有色ETF;酒ETF;证券ETF;半导体ETF,黄金;国债ETF,创新药ETF;有色ETF;酒ETF;证券ETF;半导体ETF
2023-09-22,1873973.9432575337,983596.7846274698,890377.1586300639,0.5,False,halve,-0.13095340110014747,7,黄金;国债ETF;创新药ETF;酒ETF;有色ETF;半导体ETF;证券ETF,黄金;国债ETF,创新药ETF;酒ETF;有色ETF;半导体ETF;证券ETF
2023-09-25,1872747.8347292198,988299.8510393108,884447.983689909,0.5,False,halve,-0.13152200316115642,6,黄金;创新药ETF;酒ETF;有色ETF;证券ETF;半导体ETF,黄金,创新药ETF;酒ETF;有色ETF;证券ETF;半导体ETF
2023-09-26,1870434.3866959491,995415.5468472964,875018.8398486527,0.5,False,halve,-0.13259485380151834,6,黄金;创新药ETF;证券ETF;酒ETF;有色ETF;半导体ETF,黄金,创新药ETF;证券ETF;酒ETF;有色ETF;半导体ETF
2023-09-27,1862982.3284343039,1020549.2784928159,842433.049941488,0.5,False,halve,-0.1360507107574741,6,黄金;创新药ETF;证券ETF;酒ETF;有色ETF;军工ETF,黄金,创新药ETF;证券ETF;酒ETF;有色ETF;军工ETF
2023-09-28,1851225.5417957618,1025215.3623622113,826010.1794335505,0.5,False,halve,-0.14150286524392103,6,黄金;创新药ETF;证券ETF;酒ETF;有色ETF;军工ETF,黄金,创新药ETF;证券ETF;酒ETF;有色ETF;军工ETF
2023-10-09,1846481.8613225003,1034405.8874112678,812075.9739112324,0.5,False,halve,-0.14370272474377588,6,国债ETF;创新药ETF;证券ETF;酒ETF;军工ETF;有色ETF,国债ETF,创新药ETF;证券ETF;酒ETF;军工ETF;有色ETF
2023-10-10,1843599.334332267,395337.20536566136,1448262.1289666058,0.5,False,halve,-0.14503948307284031,5,创新药ETF;证券ETF;酒ETF;军工ETF;有色ETF,,创新药ETF;证券ETF;酒ETF;军工ETF;有色ETF
2023-10-11,1843756.743770534,378478.5262738839,1465278.21749665,0.5,False,halve,-0.14496648518647548,5,创新药ETF;证券ETF;酒ETF;半导体ETF;有色ETF,,创新药ETF;证券ETF;酒ETF;半导体ETF;有色ETF
2023-10-12,1848179.7141558926,1019109.9191469688,829069.7950089239,0.5,False,halve,-0.14291535348090378,6,纳指;创新药ETF;证券ETF;有色ETF;半导体ETF;酒ETF,纳指,创新药ETF;证券ETF;有色ETF;半导体ETF;酒ETF
2023-10-13,1841370.5679905885,1016274.5645963348,825096.0033942537,0.5,False,halve,-0.14607306297716455,6,纳指;创新药ETF;证券ETF;有色ETF;半导体ETF;酒ETF,纳指,创新药ETF;证券ETF;有色ETF;半导体ETF;酒ETF
2023-10-16,1829873.9233338824,999358.4908862086,830515.4324476738,0.5,False,halve,-0.1514045778435362,7,纳指;黄金;创新药ETF;证券ETF;有色ETF;半导体ETF;酒ETF,纳指;黄金,创新药ETF;证券ETF;有色ETF;半导体ETF;酒ETF
2023-10-17,1835057.2101696124,1010267.6934993515,824789.5166702609,0.5,False,halve,-0.1490008529614904,6,黄金;创新药ETF;证券ETF;半导体ETF;有色ETF;酒ETF,黄金,创新药ETF;证券ETF;半导体ETF;有色ETF;酒ETF
2023-10-18,1837299.59280065,1011285.7812862926,826013.8115143575,0.5,False,halve,-0.14796095856704228,7,纳指;黄金;创新药ETF;证券ETF;半导体ETF;有色ETF;酒ETF,纳指;黄金,创新药ETF;证券ETF;半导体ETF;有色ETF;酒ETF
2023-10-19,1830658.7964017796,1023431.3733170538,807227.4230847259,0.5,False,halve,-0.15104059665122646,6,黄金;创新药ETF;证券ETF;半导体ETF;军工ETF;有色ETF,黄金,创新药ETF;证券ETF;半导体ETF;军工ETF;有色ETF
2023-10-20,1834253.8490918702,1029786.754049681,804467.0950421892,0.5,False,halve,-0.14937340788137726,7,纳指;黄金;证券ETF;创新药ETF;半导体ETF;有色ETF;军工ETF,纳指;黄金,证券ETF;创新药ETF;半导体ETF;有色ETF;军工ETF
2023-10-23,1823388.3087554662,999632.0139878661,823756.2947676001,0.5,False,halve,-0.1544122510886349,6,黄金;创新药ETF;证券ETF;半导体ETF;有色ETF;酒ETF,黄金,创新药ETF;证券ETF;半导体ETF;有色ETF;酒ETF
2023-10-24,1830097.358410371,972824.0799773296,857273.2784330414,0.5,False,halve,-0.15130096087810505,6,黄金;创新药ETF;证券ETF;半导体ETF;有色ETF;军工ETF,黄金,创新药ETF;证券ETF;半导体ETF;有色ETF;军工ETF
2023-10-25,1828393.7170885766,980584.4498434638,847809.2672451128,0.5,False,halve,-0.15209101652523802,6,黄金;证券ETF;创新药ETF;半导体ETF;军工ETF;有色ETF,黄金,证券ETF;创新药ETF;半导体ETF;军工ETF;有色ETF
2023-10-26,1833710.1638791168,1008107.303468213,825602.8604109038,0.5,False,halve,-0.1496255393406836,6,黄金;证券ETF;创新药ETF;半导体ETF;军工ETF;酒ETF,黄金,证券ETF;创新药ETF;半导体ETF;军工ETF;酒ETF
2023-10-27,1841767.3389065638,966940.2571491417,874827.0817574221,0.5,False,halve,-0.14588906233173862,6,黄金;创新药ETF;半导体ETF;证券ETF;有色ETF;军工ETF,黄金,创新药ETF;半导体ETF;证券ETF;有色ETF;军工ETF
2023-10-30,1848847.8685547782,957315.6298825976,891532.2386721806,0.5,False,halve,-0.14260550002217207,6,黄金;创新药ETF;半导体ETF;证券ETF;军工ETF;有色ETF,黄金,创新药ETF;半导体ETF;证券ETF;军工ETF;有色ETF
2023-10-31,1849929.6032895881,977860.9438128646,872068.6594767235,0.5,False,halve,-0.1421038506286035,6,黄金;创新药ETF;半导体ETF;证券ETF;军工ETF;酒ETF,黄金,创新药ETF;半导体ETF;证券ETF;军工ETF;酒ETF
2023-11-01,1847578.0636836374,986924.2791275755,860653.784556062,0.5,False,halve,-0.14319436605657013,6,黄金;创新药ETF;半导体ETF;证券ETF;酒ETF;军工ETF,黄金,创新药ETF;半导体ETF;证券ETF;酒ETF;军工ETF
2023-11-02,1845042.7448036354,969279.2412577332,875763.5035459022,0.5,False,halve,-0.14437010825817315,6,黄金;创新药ETF;半导体ETF;证券ETF;酒ETF;有色ETF,黄金,创新药ETF;半导体ETF;证券ETF;酒ETF;有色ETF
2023-11-03,1848193.3583395118,976880.9393432338,871312.418996278,0.5,False,halve,-0.142909026054948,6,黄金;创新药ETF;半导体ETF;证券ETF;酒ETF;军工ETF,黄金,创新药ETF;半导体ETF;证券ETF;酒ETF;军工ETF
2023-11-06,1852101.4601751096,956664.1905707166,895437.2696043929,0.5,False,halve,-0.14109666221680592,7,黄金;国债ETF;创新药ETF;半导体ETF;证券ETF;酒ETF;军工ETF,黄金;国债ETF,创新药ETF;半导体ETF;证券ETF;酒ETF;军工ETF
2023-11-07,1850170.4752295073,963824.724921985,886345.7503075224,0.5,False,halve,-0.14199214739979912,7,黄金;国债ETF;创新药ETF;半导体ETF;证券ETF;酒ETF;军工ETF,黄金;国债ETF,创新药ETF;半导体ETF;证券ETF;酒ETF;军工ETF
2023-11-08,1848741.5704533262,972530.1391121339,876211.4313411923,0.5,False,halve,-0.14265479526657432,7,黄金;国债ETF;创新药ETF;半导体ETF;证券ETF;酒ETF;军工ETF,黄金;国债ETF,创新药ETF;半导体ETF;证券ETF;酒ETF;军工ETF
2023-11-09,1844710.268755571,975660.3218236691,869049.9469319019,0.5,False,halve,-0.14452429246112092,7,黄金;国债ETF;创新药ETF;半导体ETF;证券ETF;酒ETF;军工ETF,黄金;国债ETF,创新药ETF;半导体ETF;证券ETF;酒ETF;军工ETF
2023-11-10,1846113.7799463486,985180.8671121782,860932.9128341704,0.5,False,halve,-0.14387342075009651,7,黄金;国债ETF;半导体ETF;创新药ETF;证券ETF;酒ETF;军工ETF,黄金;国债ETF,半导体ETF;创新药ETF;证券ETF;酒ETF;军工ETF
2023-11-13,1845867.839677804,995687.9267374935,850179.9129403104,0.5,False,halve,-0.14398747439245388,7,纳指;国债ETF;半导体ETF;创新药ETF;军工ETF;证券ETF;酒ETF,纳指;国债ETF,半导体ETF;创新药ETF;军工ETF;证券ETF;酒ETF
2023-11-14,1849400.7070570728,1004884.9538182609,844515.7532388119,0.5,False,halve,-0.14234912376790843,8,纳指;黄金;国债ETF;半导体ETF;创新药ETF;军工ETF;证券ETF;酒ETF,纳指;黄金;国债ETF,半导体ETF;创新药ETF;军工ETF;证券ETF;酒ETF
2023-11-15,1854486.976243797,1018910.6591307495,835576.3171130475,0.5,False,halve,-0.13999039036410874,8,纳指;黄金;国债ETF;半导体ETF;创新药ETF;军工ETF;酒ETF;证券ETF,纳指;黄金;国债ETF,半导体ETF;创新药ETF;军工ETF;酒ETF;证券ETF
2023-11-16,1848188.6148993867,1004358.6711328572,843829.9437665294,0.5,False,halve,-0.14291122580298757,7,纳指;国债ETF;半导体ETF;创新药ETF;军工ETF;证券ETF;酒ETF,纳指;国债ETF,半导体ETF;创新药ETF;军工ETF;证券ETF;酒ETF
2023-11-17,1849771.163497236,1015875.6244671989,833895.5390300372,0.5,False,halve,-0.1421773263368274,8,纳指;黄金;国债ETF;半导体ETF;创新药ETF;军工ETF;证券ETF;酒ETF,纳指;黄金;国债ETF,半导体ETF;创新药ETF;军工ETF;证券ETF;酒ETF
2023-11-20,1845869.7995984019,1023746.6365402573,822123.1630581446,0.5,False,halve,-0.14398656548849825,7,纳指;国债ETF;创新药ETF;半导体ETF;军工ETF;证券ETF;酒ETF,纳指;国债ETF,创新药ETF;半导体ETF;军工ETF;证券ETF;酒ETF
2023-11-21,1848524.1953088287,1035693.6026142328,812830.5926945959,0.5,False,halve,-0.14275560196705733,7,纳指;国债ETF;创新药ETF;半导体ETF;军工ETF;证券ETF;酒ETF,纳指;国债ETF,创新药ETF;半导体ETF;军工ETF;证券ETF;酒ETF
2023-11-22,1841152.6874787349,1020750.3468636938,820402.3406150411,0.5,False,halve,-0.14617410403938114,7,纳指;国债ETF;创新药ETF;半导体ETF;军工ETF;证券ETF;酒ETF,纳指;国债ETF,创新药ETF;半导体ETF;军工ETF;证券ETF;酒ETF
2023-11-23,1844528.774734736,1030164.0155871357,814364.7591476003,0.5,False,halve,-0.1446084594593307,7,纳指;国债ETF;创新药ETF;半导体ETF;军工ETF;证券ETF;酒ETF,纳指;国债ETF,创新药ETF;半导体ETF;军工ETF;证券ETF;酒ETF
2023-11-24,1841260.3008684139,1026334.0955627576,814926.2053056563,0.5,False,halve,-0.1461241988362522,7,纳指;国债ETF;创新药ETF;军工ETF;证券ETF;半导体ETF;酒ETF,纳指;国债ETF,创新药ETF;军工ETF;证券ETF;半导体ETF;酒ETF
2023-11-27,1838329.8072665876,1035515.7854730408,802814.0217935469,0.5,False,halve,-0.14748320145575386,7,纳指;国债ETF;创新药ETF;半导体ETF;军工ETF;证券ETF;酒ETF,纳指;国债ETF,创新药ETF;半导体ETF;军工ETF;证券ETF;酒ETF
2023-11-28,1840730.8840136619,1024837.9522018516,815892.9318118102,0.5,False,halve,-0.14636971341166977,7,纳指;国债ETF;创新药ETF;半导体ETF;军工ETF;证券ETF;有色ETF,纳指;国债ETF,创新药ETF;半导体ETF;军工ETF;证券ETF;有色ETF
2023-11-29,1838728.9169297242,1032622.2479359382,806106.668993786,0.5,False,halve,-0.14729811622733605,8,纳指;黄金;国债ETF;创新药ETF;半导体ETF;军工ETF;证券ETF;有色ETF,纳指;黄金;国债ETF,创新药ETF;半导体ETF;军工ETF;证券ETF;有色ETF
2023-11-30,1837959.082976181,1044231.622824987,793727.460151194,0.5,False,halve,-0.14765512310112497,8,纳指;黄金;国债ETF;创新药ETF;军工ETF;半导体ETF;证券ETF;有色ETF,纳指;黄金;国债ETF,创新药ETF;军工ETF;半导体ETF;证券ETF;有色ETF
2023-12-01,1838046.9042055411,1055615.062069355,782431.8421361861,0.5,False,halve,-0.14761439641921928,8,纳指;黄金;国债ETF;创新药ETF;军工ETF;半导体ETF;证券ETF;有色ETF,纳指;黄金;国债ETF,创新药ETF;军工ETF;半导体ETF;证券ETF;有色ETF
2023-12-04,1838343.7535274199,1063225.2188380202,775118.5346893996,0.5,False,halve,-0.14747673394291183,8,纳指;黄金;国债ETF;军工ETF;创新药ETF;半导体ETF;证券ETF;有色ETF,纳指;黄金;国债ETF,军工ETF;创新药ETF;半导体ETF;证券ETF;有色ETF
2023-12-05,1825418.7024277307,1021096.1524872518,804322.5499404789,0.5,False,halve,-0.15347066557638284,8,纳指;黄金;国债ETF;军工ETF;创新药ETF;证券ETF;有色ETF;半导体ETF,纳指;黄金;国债ETF,军工ETF;创新药ETF;证券ETF;有色ETF;半导体ETF
2023-12-06,1829812.284694776,1030795.2549035931,799017.0297911828,0.5,False,halve,-0.15143316247240415,8,纳指;黄金;国债ETF;创新药ETF;军工ETF;有色ETF;证券ETF;半导体ETF,纳指;黄金;国债ETF,创新药ETF;军工ETF;有色ETF;证券ETF;半导体ETF
2023-12-07,1825455.493102123,1037458.7304601877,787996.7626419354,0.5,False,halve,-0.1534536040742382,8,纳指;黄金;国债ETF;创新药ETF;军工ETF;有色ETF;证券ETF;半导体ETF,纳指;黄金;国债ETF,创新药ETF;军工ETF;有色ETF;证券ETF;半导体ETF
2023-12-08,1827977.3343347555,1051269.617562714,776707.7167720415,0.5,False,halve,-0.1522841120681887,8,纳指;黄金;国债ETF;创新药ETF;有色ETF;证券ETF;半导体ETF;军工ETF,纳指;黄金;国债ETF,创新药ETF;有色ETF;证券ETF;半导体ETF;军工ETF
2023-12-11,1832765.3975732154,1038049.8211020619,794715.5764711535,0.5,False,halve,-0.15006367026979966,8,纳指;黄金;国债ETF;创新药ETF;证券ETF;有色ETF;半导体ETF;军工ETF,纳指;黄金;国债ETF,创新药ETF;证券ETF;有色ETF;半导体ETF;军工ETF
2023-12-12,1833806.639742279,1051039.7727126773,782766.8670296017,0.5,False,halve,-0.14958079911307331,8,纳指;黄金;国债ETF;创新药ETF;军工ETF;半导体ETF;证券ETF;有色ETF,纳指;黄金;国债ETF,创新药ETF;军工ETF;半导体ETF;证券ETF;有色ETF
2023-12-13,1831710.2042406425,1047780.5140390309,783929.6902016116,0.5,False,halve,-0.15055301121296147,7,纳指;国债ETF;创新药ETF;半导体ETF;军工ETF;证券ETF;有色ETF,纳指;国债ETF,创新药ETF;半导体ETF;军工ETF;证券ETF;有色ETF
2023-12-14,1834409.987539018,1062092.6387013511,772317.3488376669,0.5,False,halve,-0.14930099941116373,8,纳指;黄金;国债ETF;创新药ETF;半导体ETF;军工ETF;证券ETF;有色ETF,纳指;黄金;国债ETF,创新药ETF;半导体ETF;军工ETF;证券ETF;有色ETF
2023-12-15,1829525.5707017542,1067788.5274784812,761737.043223273,0.5,False,halve,-0.15156612473764217,8,纳指;黄金;国债ETF;半导体ETF;创新药ETF;证券ETF;军工ETF;有色ETF,纳指;黄金;国债ETF,半导体ETF;创新药ETF;证券ETF;军工ETF;有色ETF
2023-12-18,1826358.7417806906,1066296.6169122912,760062.1248683995,0.5,False,halve,-0.15303472674945243,8,纳指;黄金;国债ETF;创新药ETF;证券ETF;半导体ETF;军工ETF;有色ETF,纳指;黄金;国债ETF,创新药ETF;证券ETF;半导体ETF;军工ETF;有色ETF
2023-12-19,1827260.6067320348,1080238.3984893344,747022.2082427004,0.5,False,halve,-0.15261649112165587,8,纳指;黄金;国债ETF;半导体ETF;证券ETF;创新药ETF;军工ETF;有色ETF,纳指;黄金;国债ETF,半导体ETF;证券ETF;创新药ETF;军工ETF;有色ETF
2023-12-20,1822915.999743151,1064091.6785009536,758824.3212421974,0.5,False,halve,-0.1546312821708221,8,纳指;黄金;国债ETF;半导体ETF;创新药ETF;证券ETF;有色ETF;军工ETF,纳指;黄金;国债ETF,半导体ETF;创新药ETF;证券ETF;有色ETF;军工ETF
2023-12-21,1822825.2031817236,1061493.0425206013,761332.1606611223,0.5,False,halve,-0.15467338864897467,8,纳指;黄金;国债ETF;半导体ETF;创新药ETF;有色ETF;证券ETF;军工ETF,纳指;黄金;国债ETF,半导体ETF;创新药ETF;有色ETF;证券ETF;军工ETF
2023-12-22,1826092.86968022,1072619.2726136562,753473.5970665638,0.5,False,halve,-0.15315802368508358,8,纳指;黄金;国债ETF;有色ETF;半导体ETF;创新药ETF;军工ETF;证券ETF,纳指;黄金;国债ETF,有色ETF;半导体ETF;创新药ETF;军工ETF;证券ETF
2023-12-25,1828052.870239856,1081755.2258362945,746297.6444035615,0.5,False,halve,-0.15224908264760442,8,纳指;黄金;国债ETF;有色ETF;军工ETF;半导体ETF;证券ETF;创新药ETF,纳指;黄金;国债ETF,有色ETF;军工ETF;半导体ETF;证券ETF;创新药ETF
2023-12-26,1825220.2039898464,1075179.4262593922,750040.7777304542,0.5,False,halve,-0.15356271829299126,8,纳指;黄金;国债ETF;有色ETF;军工ETF;创新药ETF;半导体ETF;证券ETF,纳指;黄金;国债ETF,有色ETF;军工ETF;创新药ETF;半导体ETF;证券ETF
2023-12-27,1829382.9733905483,1076177.7955353707,753205.1778551775,0.5,False,halve,-0.15163225356977542,8,纳指;黄金;国债ETF;有色ETF;军工ETF;半导体ETF;证券ETF;创新药ETF,纳指;黄金;国债ETF,有色ETF;军工ETF;半导体ETF;证券ETF;创新药ETF
2023-12-28,1837980.5539769793,1016480.0362520656,821500.5177249138,0.5,False,halve,-0.14764516602552855,8,纳指;黄金;国债ETF;有色ETF;半导体ETF;军工ETF;证券ETF;创新药ETF,纳指;黄金;国债ETF,有色ETF;半导体ETF;军工ETF;证券ETF;创新药ETF
2023-12-29,1839311.194327663,1022819.0818412793,816492.1124863836,0.5,False,halve,-0.14702808782373117,8,纳指;黄金;国债ETF;有色ETF;半导体ETF;创新药ETF;军工ETF;证券ETF,纳指;黄金;国债ETF,有色ETF;半导体ETF;创新药ETF;军工ETF;证券ETF
2024-01-02,1836743.133189042,0.0,1836743.133189042,0.0,True,halve,-0.1482190140937122,0,,纳指;黄金;国债ETF,有色ETF;军工ETF;创新药ETF;半导体ETF;证券ETF
2024-01-03,1836743.133189042,0.0,1836743.133189042,0.0,True,halve,-0.1482190140937122,0,,纳指;黄金;国债ETF,有色ETF;军工ETF;证券ETF;创新药ETF;半导体ETF
2024-01-04,1836743.133189042,0.0,1836743.133189042,0.0,True,halve,-0.1482190140937122,0,,纳指;黄金;国债ETF,有色ETF;军工ETF;证券ETF;创新药ETF;半导体ETF
2024-01-05,1836743.133189042,0.0,1836743.133189042,0.0,True,halve,-0.1482190140937122,0,,纳指;黄金;国债ETF,有色ETF;军工ETF;证券ETF;创新药ETF;半导体ETF
2024-01-08,1836743.133189042,0.0,1836743.133189042,0.0,True,halve,-0.1482190140937122,0,,纳指;黄金;国债ETF,有色ETF;证券ETF;军工ETF;创新药ETF;酒ETF
2024-01-09,1836743.133189042,0.0,1836743.133189042,0.0,True,halve,-0.1482190140937122,0,,纳指;黄金;国债ETF,有色ETF;证券ETF;军工ETF;创新药ETF;酒ETF
2024-01-10,1836743.133189042,0.0,1836743.133189042,0.0,True,halve,-0.1482190140937122,0,,纳指;黄金;国债ETF,有色ETF;证券ETF;创新药ETF;军工ETF;酒ETF
2024-01-11,1836743.133189042,0.0,1836743.133189042,0.0,True,halve,-0.1482190140937122,0,,纳指;黄金;国债ETF,有色ETF;酒ETF;军工ETF;创新药ETF;证券ETF
2024-01-12,1836743.133189042,0.0,1836743.133189042,0.0,True,halve,-0.1482190140937122,0,,纳指;黄金;国债ETF,有色ETF;军工ETF;创新药ETF;酒ETF;证券ETF
2024-01-15,1836743.133189042,0.0,1836743.133189042,0.0,True,halve,-0.1482190140937122,0,,纳指;黄金;国债ETF,有色ETF;创新药ETF;军工ETF;证券ETF;酒ETF
2024-01-16,1836743.133189042,0.0,1836743.133189042,0.0,True,halve,-0.1482190140937122,0,,纳指;黄金;国债ETF,有色ETF;创新药ETF;证券ETF;军工ETF;酒ETF
2024-01-17,1836743.133189042,0.0,1836743.133189042,0.0,True,halve,-0.1482190140937122,0,,纳指;黄金;国债ETF,有色ETF;证券ETF;创新药ETF;军工ETF;酒ETF
2024-01-18,1836743.133189042,0.0,1836743.133189042,0.0,True,halve,-0.1482190140937122,0,,纳指;黄金;国债ETF,有色ETF;证券ETF;创新药ETF;军工ETF;酒ETF
2024-01-19,1836743.133189042,0.0,1836743.133189042,0.0,True,halve,-0.1482190140937122,0,,纳指;黄金;国债ETF,有色ETF;证券ETF;创新药ETF;酒ETF;半导体ETF
2024-01-22,1836743.133189042,0.0,1836743.133189042,0.0,True,halve,-0.1482190140937122,0,,纳指;黄金;国债ETF,证券ETF;有色ETF;酒ETF;创新药ETF;半导体ETF
2024-01-23,1836743.133189042,0.0,1836743.133189042,0.0,True,halve,-0.1482190140937122,0,,纳指;黄金;国债ETF,证券ETF;有色ETF;酒ETF;创新药ETF;半导体ETF
2024-01-24,1836743.133189042,0.0,1836743.133189042,0.0,True,halve,-0.1482190140937122,0,,纳指;黄金;国债ETF,证券ETF;有色ETF;酒ETF;创新药ETF;军工ETF
2024-01-25,1836743.133189042,0.0,1836743.133189042,0.0,True,halve,-0.1482190140937122,0,,纳指;黄金;国债ETF,证券ETF;有色ETF;军工ETF;酒ETF;创新药ETF
2024-01-26,1836743.133189042,0.0,1836743.133189042,0.0,True,halve,-0.1482190140937122,0,,纳指;黄金;国债ETF,证券ETF;有色ETF;军工ETF;酒ETF;创新药ETF
2024-01-29,1836743.133189042,0.0,1836743.133189042,0.0,True,halve,-0.1482190140937122,0,,纳指;国债ETF,证券ETF;有色ETF;酒ETF;军工ETF;创新药ETF
2024-01-30,1836743.133189042,0.0,1836743.133189042,0.0,True,halve,-0.1482190140937122,0,,纳指;黄金;国债ETF,证券ETF;有色ETF;酒ETF;军工ETF;创新药ETF
2024-01-31,1836743.133189042,0.0,1836743.133189042,0.0,True,halve,-0.1482190140937122,0,,纳指;黄金;国债ETF,证券ETF;有色ETF;酒ETF;军工ETF;创新药ETF
2024-02-01,1836743.133189042,0.0,1836743.133189042,0.0,True,halve,-0.1482190140937122,0,,纳指;黄金;国债ETF,证券ETF;有色ETF;酒ETF;军工ETF;创新药ETF
2024-02-02,1836743.133189042,0.0,1836743.133189042,0.0,True,halve,-0.1482190140937122,0,,纳指;黄金;国债ETF,证券ETF;有色ETF;酒ETF;军工ETF;半导体ETF
2024-02-05,1836743.133189042,0.0,1836743.133189042,0.0,True,halve,-0.1482190140937122,0,,纳指;黄金;国债ETF,证券ETF;酒ETF;有色ETF;军工ETF;创新药ETF
2024-02-06,1836743.133189042,0.0,1836743.133189042,0.0,True,halve,-0.1482190140937122,0,,纳指;黄金;国债ETF,证券ETF;酒ETF;有色ETF;军工ETF;创新药ETF
2024-02-07,1836743.133189042,793781.2572898266,1042961.8758992155,0.5,False,halve,-0.1482190140937122,8,纳指;黄金;国债ETF;证券ETF;酒ETF;有色ETF;军工ETF;创新药ETF,纳指;黄金;国债ETF,证券ETF;酒ETF;有色ETF;军工ETF;创新药ETF
2024-02-08,1844529.7343028635,800709.5275115742,1043820.2067912893,0.5,False,halve,-0.14460801446412647,8,纳指;黄金;国债ETF;证券ETF;酒ETF;有色ETF;军工ETF;创新药ETF,纳指;黄金;国债ETF,证券ETF;酒ETF;有色ETF;军工ETF;创新药ETF
2024-02-19,1842219.017348478,806303.0533067554,1035915.9640417227,0.5,False,halve,-0.14567959857950544,8,纳指;黄金;国债ETF;证券ETF;有色ETF;酒ETF;军工ETF;半导体ETF,纳指;黄金;国债ETF,证券ETF;有色ETF;酒ETF;军工ETF;半导体ETF
2024-02-20,1841771.5293137962,811179.6972953036,1030591.8320184926,0.5,False,halve,-0.14588711905010102,9,沪深300;纳指;黄金;国债ETF;证券ETF;有色ETF;酒ETF;军工ETF;半导体ETF,沪深300;纳指;黄金;国债ETF,证券ETF;有色ETF;酒ETF;军工ETF;半导体ETF
2024-02-21,1844702.4293507214,814772.1183116267,1029930.3110390947,0.5,False,halve,-0.14452792794823452,9,沪深300;纳指;黄金;国债ETF;证券ETF;酒ETF;有色ETF;军工ETF;半导体ETF,沪深300;纳指;黄金;国债ETF,证券ETF;酒ETF;有色ETF;军工ETF;半导体ETF
2024-02-22,1850353.0202579862,821547.689648856,1028805.3306091302,0.5,False,halve,-0.14190749300173963,9,沪深300;纳指;黄金;国债ETF;证券ETF;有色ETF;酒ETF;军工ETF;半导体ETF,沪深300;纳指;黄金;国债ETF,证券ETF;有色ETF;酒ETF;军工ETF;半导体ETF
2024-02-23,1853651.2115497515,828101.9023452085,1025549.309204543,0.5,False,halve,-0.14037797230859314,9,沪深300;纳指;黄金;国债ETF;有色ETF;证券ETF;酒ETF;军工ETF;半导体ETF,沪深300;纳指;黄金;国债ETF,有色ETF;证券ETF;酒ETF;军工ETF;半导体ETF
2024-02-26,1850439.6557216668,831817.4146722758,1018622.241049391,0.5,False,halve,-0.14186731621308862,9,沪深300;纳指;黄金;国债ETF;有色ETF;证券ETF;军工ETF;酒ETF;半导体ETF,沪深300;纳指;黄金;国债ETF,有色ETF;证券ETF;军工ETF;酒ETF;半导体ETF
2024-02-27,1856030.3659864292,833905.1813470055,1022125.1846394236,0.5,False,halve,-0.13927465063280817,9,沪深300;纳指;黄金;国债ETF;有色ETF;证券ETF;军工ETF;酒ETF;半导体ETF,沪深300;纳指;黄金;国债ETF,有色ETF;证券ETF;军工ETF;酒ETF;半导体ETF
2024-02-28,1849924.3578257714,825067.5160774132,1024856.8417483582,0.5,False,halve,-0.14210628318776794,8,沪深300;纳指;国债ETF;有色ETF;酒ETF;军工ETF;证券ETF;半导体ETF,沪深300;纳指;国债ETF,有色ETF;酒ETF;军工ETF;证券ETF;半导体ETF
2024-02-29,1858288.0035370928,819782.8899378111,1038505.1135992818,0.5,False,halve,-0.1382276818411598,8,沪深300;纳指;国债ETF;有色ETF;酒ETF;证券ETF;半导体ETF;军工ETF,沪深300;纳指;国债ETF,有色ETF;酒ETF;证券ETF;半导体ETF;军工ETF
2024-03-01,1864954.6364988168,827510.9050659736,1037443.7314328431,0.5,False,halve,-0.1351360621725166,9,沪深300;纳指;黄金;国债ETF;半导体ETF;有色ETF;军工ETF;酒ETF;证券ETF,沪深300;纳指;黄金;国债ETF,半导体ETF;有色ETF;军工ETF;酒ETF;证券ETF
2024-03-04,1868626.1278943091,820010.6664821429,1048615.4614121662,0.5,False,halve,-0.13343342531269117,9,沪深300;纳指;黄金;国债ETF;有色ETF;半导体ETF;军工ETF;证券ETF;创新药ETF,沪深300;纳指;黄金;国债ETF,有色ETF;半导体ETF;军工ETF;证券ETF;创新药ETF
2024-03-05,1870147.8418844896,840489.0456275849,1029658.7962569047,0.5,False,halve,-0.13272773760960288,9,沪深300;纳指;黄金;国债ETF;有色ETF;半导体ETF;酒ETF;军工ETF;证券ETF,沪深300;纳指;黄金;国债ETF,有色ETF;半导体ETF;酒ETF;军工ETF;证券ETF
2024-03-06,1869273.6381334788,844846.2650255965,1024427.3731078823,0.5,False,halve,-0.13313314548589428,9,沪深300;纳指;黄金;国债ETF;有色ETF;半导体ETF;军工ETF;酒ETF;证券ETF,沪深300;纳指;黄金;国债ETF,有色ETF;半导体ETF;军工ETF;酒ETF;证券ETF
2024-03-07,1868245.6956918612,848997.1031221227,1019248.5925697385,0.5,False,halve,-0.13360984895659447,9,沪深300;纳指;黄金;国债ETF;有色ETF;半导体ETF;军工ETF;酒ETF;证券ETF,沪深300;纳指;黄金;国债ETF,有色ETF;半导体ETF;军工ETF;酒ETF;证券ETF
2024-03-08,1872869.8173105149,856459.8355113318,1016409.9817991831,0.5,False,halve,-0.1314654343130244,10,沪深300;创业板;纳指;黄金;国债ETF;有色ETF;半导体ETF;军工ETF;证券ETF;酒ETF,沪深300;创业板;纳指;黄金;国债ETF,有色ETF;半导体ETF;军工ETF;证券ETF;酒ETF
2024-03-11,1882501.4298906554,863680.6920577569,1018820.7378328985,0.5,False,halve,-0.1269988192969468,10,沪深300;创业板;纳指;黄金;国债ETF;有色ETF;军工ETF;半导体ETF;证券ETF;酒ETF,沪深300;创业板;纳指;黄金;国债ETF,有色ETF;军工ETF;半导体ETF;证券ETF;酒ETF
2024-03-12,1885067.7818920428,870686.1668476444,1014381.6150443985,0.5,False,halve,-0.1258086856313161,10,沪深300;创业板;纳指;黄金;国债ETF;有色ETF;军工ETF;酒ETF;半导体ETF;证券ETF,沪深300;创业板;纳指;黄金;国债ETF,有色ETF;军工ETF;酒ETF;半导体ETF;证券ETF
2024-03-13,1883668.6280094385,876025.1674123195,1007643.4605971191,0.5,False,halve,-0.12645753666117682,10,沪深300;创业板;纳指;黄金;国债ETF;有色ETF;半导体ETF;酒ETF;军工ETF;证券ETF,沪深300;创业板;纳指;黄金;国债ETF,有色ETF;半导体ETF;酒ETF;军工ETF;证券ETF
2024-03-14,1880720.2974396325,860190.7928153848,1020529.5046242477,0.5,False,halve,-0.1278248110906539,10,沪深300;创业板;纳指;黄金;国债ETF;有色ETF;酒ETF;半导体ETF;军工ETF;创新药ETF,沪深300;创业板;纳指;黄金;国债ETF,有色ETF;酒ETF;半导体ETF;军工ETF;创新药ETF
2024-03-15,1883128.1170545402,885020.5164085809,998107.6006459593,0.5,False,halve,-0.1267081960733381,10,沪深300;创业板;纳指;黄金;国债ETF;有色ETF;酒ETF;军工ETF;半导体ETF;证券ETF,沪深300;创业板;纳指;黄金;国债ETF,有色ETF;酒ETF;军工ETF;半导体ETF;证券ETF
2024-03-18,1889908.3612396524,890996.3637055447,998911.9975341076,0.5,False,halve,-0.12356388973440387,10,沪深300;创业板;纳指;黄金;国债ETF;有色ETF;酒ETF;半导体ETF;军工ETF;证券ETF,沪深300;创业板;纳指;黄金;国债ETF,有色ETF;酒ETF;半导体ETF;军工ETF;证券ETF
2024-03-19,1885741.014534344,893340.9206636521,992400.0938706918,0.5,False,halve,-0.1254964771610942,10,沪深300;创业板;纳指;黄金;国债ETF;有色ETF;酒ETF;军工ETF;半导体ETF;证券ETF,沪深300;创业板;纳指;黄金;国债ETF,有色ETF;酒ETF;军工ETF;半导体ETF;证券ETF
2024-03-20,1886904.734389803,901002.2176988141,985902.5166909888,0.5,False,halve,-0.12495680755357508,10,沪深300;创业板;纳指;黄金;国债ETF;有色ETF;酒ETF;军工ETF;半导体ETF;证券ETF,沪深300;创业板;纳指;黄金;国债ETF,有色ETF;酒ETF;军工ETF;半导体ETF;证券ETF
2024-03-21,1891647.7564833576,910830.2592502261,980817.4972331316,0.5,False,halve,-0.12275725337421148,10,沪深300;创业板;纳指;黄金;国债ETF;有色ETF;酒ETF;军工ETF;半导体ETF;证券ETF,沪深300;创业板;纳指;黄金;国债ETF,有色ETF;酒ETF;军工ETF;半导体ETF;证券ETF
2024-03-22,1883215.9132916462,899520.7021859735,983695.2111056726,0.5,False,halve,-0.12666748098147268,10,沪深300;创业板;纳指;黄金;国债ETF;有色ETF;酒ETF;军工ETF;半导体ETF;证券ETF,沪深300;创业板;纳指;黄金;国债ETF,有色ETF;酒ETF;军工ETF;半导体ETF;证券ETF
2024-03-25,1875702.9569872473,892652.7549816709,983050.2020055765,0.5,False,halve,-0.13015157911822234,10,沪深300;创业板;纳指;黄金;国债ETF;有色ETF;酒ETF;军工ETF;半导体ETF;证券ETF,沪深300;创业板;纳指;黄金;国债ETF,有色ETF;酒ETF;军工ETF;半导体ETF;证券ETF
2024-03-26,1877876.2682058634,901108.173880456,976768.0943254074,0.5,False,halve,-0.12914371626629492,10,沪深300;创业板;纳指;黄金;国债ETF;有色ETF;酒ETF;军工ETF;半导体ETF;证券ETF,沪深300;创业板;纳指;黄金;国债ETF,有色ETF;酒ETF;军工ETF;半导体ETF;证券ETF
2024-03-27,1867894.958743204,885569.255638313,982325.7031048909,0.5,False,halve,-0.13377250156627235,10,沪深300;创业板;纳指;黄金;国债ETF;有色ETF;酒ETF;证券ETF;军工ETF;半导体ETF,沪深300;创业板;纳指;黄金;国债ETF,有色ETF;酒ETF;证券ETF;军工ETF;半导体ETF
2024-03-28,1874251.8610014655,887238.0401073497,987013.8208941157,0.5,False,halve,-0.13082451805403744,10,沪深300;创业板;纳指;黄金;国债ETF;有色ETF;酒ETF;军工ETF;证券ETF;半导体ETF,沪深300;创业板;纳指;黄金;国债ETF,有色ETF;酒ETF;军工ETF;证券ETF;半导体ETF
2024-03-29,1880519.5200729636,894263.0574426346,986256.462630329,0.5,False,halve,-0.12791792064976357,10,沪深300;创业板;纳指;黄金;国债ETF;有色ETF;酒ETF;军工ETF;证券ETF;半导体ETF,沪深300;创业板;纳指;黄金;国债ETF,有色ETF;酒ETF;军工ETF;证券ETF;半导体ETF
2024-04-01,1892087.623028443,899252.3274296543,992835.2955987887,0.5,False,halve,-0.12255326733355622,10,沪深300;创业板;纳指;黄金;国债ETF;有色ETF;酒ETF;军工ETF;证券ETF;半导体ETF,沪深300;创业板;纳指;黄金;国债ETF,有色ETF;酒ETF;军工ETF;证券ETF;半导体ETF
2024-04-02,1889024.7040856848,903479.1166657658,985545.5874199191,0.5,False,halve,-0.12397368158183697,10,沪深300;创业板;纳指;黄金;国债ETF;有色ETF;酒ETF;军工ETF;证券ETF;半导体ETF,沪深300;创业板;纳指;黄金;国债ETF,有色ETF;酒ETF;军工ETF;证券ETF;半导体ETF
2024-04-03,1888012.7867646064,924140.8168995938,963871.9698650126,0.5,False,halve,-0.12444295347828738,10,沪深300;创业板;纳指;黄金;国债ETF;有色ETF;酒ETF;军工ETF;证券ETF;创新药ETF,沪深300;创业板;纳指;黄金;国债ETF,有色ETF;酒ETF;军工ETF;证券ETF;创新药ETF
2024-04-08,1882596.0004771303,912196.2161427209,970399.7843344094,0.5,False,halve,-0.12695496263243575,10,沪深300;创业板;纳指;黄金;国债ETF;有色ETF;酒ETF;军工ETF;证券ETF;创新药ETF,沪深300;创业板;纳指;黄金;国债ETF,有色ETF;酒ETF;军工ETF;证券ETF;创新药ETF
2024-04-09,1886271.4651310467,919951.6538173513,966319.8113136954,0.5,False,halve,-0.12525048319271084,10,沪深300;创业板;纳指;黄金;国债ETF;有色ETF;酒ETF;军工ETF;证券ETF;创新药ETF,沪深300;创业板;纳指;黄金;国债ETF,有色ETF;酒ETF;军工ETF;证券ETF;创新药ETF
2024-04-10,1880029.0328476748,917498.2468360122,962530.7860116626,0.5,False,halve,-0.12814538179268645,10,沪深300;创业板;纳指;黄金;国债ETF;有色ETF;酒ETF;军工ETF;证券ETF;创新药ETF,沪深300;创业板;纳指;黄金;国债ETF,有色ETF;酒ETF;军工ETF;证券ETF;创新药ETF
2024-04-11,1876454.0107858425,938227.0053929216,938227.0053929209,0.5,False,halve,-0.1298032814529275,10,沪深300;创业板;纳指;黄金;国债ETF;有色ETF;酒ETF;军工ETF;证券ETF;创新药ETF,沪深300;创业板;纳指;黄金;国债ETF,有色ETF;酒ETF;军工ETF;证券ETF;创新药ETF
2024-04-12,1877622.3889517933,916645.5244295439,960976.8645222494,0.5,False,halve,-0.12926145157583574,10,沪深300;创业板;纳指;黄金;国债ETF;有色ETF;酒ETF;军工ETF;证券ETF;半导体ETF,沪深300;创业板;纳指;黄金;国债ETF,有色ETF;酒ETF;军工ETF;证券ETF;半导体ETF
2024-04-15,1883843.4951507507,916045.905467691,967797.5896830597,0.5,False,halve,-0.12637644284716543,10,沪深300;创业板;纳指;黄金;国债ETF;有色ETF;酒ETF;军工ETF;证券ETF;半导体ETF,沪深300;创业板;纳指;黄金;国债ETF,有色ETF;酒ETF;军工ETF;证券ETF;半导体ETF
2024-04-16,1869403.3009366007,883977.1927964463,985426.1081401544,0.5,False,halve,-0.13307301497102653,9,沪深300;创业板;黄金;国债ETF;有色ETF;酒ETF;军工ETF;证券ETF;半导体ETF,沪深300;创业板;黄金;国债ETF,有色ETF;酒ETF;军工ETF;证券ETF;半导体ETF
2024-04-17,1880843.9457394797,877770.1014812831,1003073.8442581967,0.5,False,halve,-0.12776746977338074,9,沪深300;创业板;黄金;国债ETF;有色ETF;酒ETF;军工ETF;证券ETF;半导体ETF,沪深300;创业板;黄金;国债ETF,有色ETF;酒ETF;军工ETF;证券ETF;半导体ETF
2024-04-18,1880772.5273647343,884161.9407323851,996610.5866323492,0.5,False,halve,-0.1278005897086364,10,沪深300;创业板;纳指;黄金;国债ETF;有色ETF;酒ETF;军工ETF;证券ETF;半导体ETF,沪深300;创业板;纳指;黄金;国债ETF,有色ETF;酒ETF;军工ETF;证券ETF;半导体ETF
2024-04-19,1873269.861777102,885258.5007822746,988011.3609948275,0.5,False,halve,-0.13127991557390467,8,沪深300;黄金;国债ETF;有色ETF;军工ETF;酒ETF;证券ETF;半导体ETF,沪深300;黄金;国债ETF,有色ETF;军工ETF;酒ETF;证券ETF;半导体ETF
2024-04-22,1869637.4290216365,910803.21353984,958834.2154817965,0.5,False,halve,-0.1329644391731936,8,沪深300;黄金;国债ETF;有色ETF;军工ETF;酒ETF;证券ETF;创新药ETF,沪深300;黄金;国债ETF,有色ETF;军工ETF;酒ETF;证券ETF;创新药ETF
2024-04-23,1860875.3878655736,930437.6939327866,930437.693932787,0.5,False,halve,-0.13702779453279929,9,沪深300;创业板;黄金;国债ETF;有色ETF;酒ETF;军工ETF;证券ETF;创新药ETF,沪深300;创业板;黄金;国债ETF,有色ETF;酒ETF;军工ETF;证券ETF;创新药ETF
2024-04-24,1865730.1985595156,895113.4379045129,970616.7606550028,0.5,False,halve,-0.13477639891598567,8,沪深300;黄金;国债ETF;有色ETF;军工ETF;酒ETF;证券ETF;半导体ETF,沪深300;黄金;国债ETF,有色ETF;军工ETF;酒ETF;证券ETF;半导体ETF
2024-04-25,1866266.809038001,902957.2363226854,963309.5727153157,0.5,False,halve,-0.13452754833140862,9,沪深300;创业板;黄金;国债ETF;有色ETF;军工ETF;酒ETF;半导体ETF;证券ETF,沪深300;创业板;黄金;国债ETF,有色ETF;军工ETF;酒ETF;半导体ETF;证券ETF
2024-04-26,1882455.240486763,890517.2958259631,991937.9446607998,0.5,False,halve,-0.12702023941567495,9,沪深300;创业板;黄金;国债ETF;有色ETF;酒ETF;军工ETF;证券ETF;半导体ETF,沪深300;创业板;黄金;国债ETF,有色ETF;酒ETF;军工ETF;证券ETF;半导体ETF
2024-04-29,1891433.8952363518,898434.2890688357,992999.6061675161,0.5,False,halve,-0.12285643052126607,9,沪深300;创业板;黄金;国债ETF;有色ETF;证券ETF;酒ETF;半导体ETF;军工ETF,沪深300;创业板;黄金;国债ETF,有色ETF;证券ETF;酒ETF;半导体ETF;军工ETF
2024-04-30,1886288.307175978,903646.7070499143,982641.6001260638,0.5,False,halve,-0.12524267277361786,9,沪深300;创业板;黄金;国债ETF;有色ETF;证券ETF;酒ETF;半导体ETF;创新药ETF,沪深300;创业板;黄金;国债ETF,有色ETF;证券ETF;酒ETF;半导体ETF;创新药ETF
2024-05-06,1895459.3229024298,907212.4152267798,988246.9076756501,0.5,False,halve,-0.12098965738127168,9,沪深300;创业板;黄金;国债ETF;酒ETF;创新药ETF;有色ETF;半导体ETF;军工ETF,沪深300;创业板;黄金;国债ETF,酒ETF;创新药ETF;有色ETF;半导体ETF;军工ETF
2024-05-07,1897383.5785872906,915317.7618896025,982065.8166976881,0.5,False,halve,-0.12009729286128534,9,沪深300;创业板;黄金;国债ETF;酒ETF;军工ETF;创新药ETF;半导体ETF;有色ETF,沪深300;创业板;黄金;国债ETF,酒ETF;军工ETF;创新药ETF;半导体ETF;有色ETF
2024-05-08,1890229.3046471942,912011.74507723,978217.5595699642,0.5,False,halve,-0.1234150537392359,10,沪深300;创业板;纳指;黄金;国债ETF;酒ETF;军工ETF;创新药ETF;半导体ETF;有色ETF,沪深300;创业板;纳指;黄金;国债ETF,酒ETF;军工ETF;创新药ETF;半导体ETF;有色ETF
2024-05-09,1898285.1653335416,1824671.269945325,73613.89538821648,1.0,False,warning,-0.11967918624979179,9,沪深300;创业板;黄金;国债ETF;军工ETF;酒ETF;半导体ETF;有色ETF;创新药ETF,沪深300;创业板;黄金;国债ETF,军工ETF;酒ETF;半导体ETF;有色ETF;创新药ETF
2024-05-10,1899076.2917990696,1832779.1157728038,66297.17602626584,1.0,False,warning,-0.11931230507375384,9,沪深300;纳指;黄金;国债ETF;军工ETF;酒ETF;半导体ETF;有色ETF;创新药ETF,沪深300;纳指;黄金;国债ETF,军工ETF;酒ETF;半导体ETF;有色ETF;创新药ETF
2024-05-13,1891404.3586527037,911297.7217739485,980106.6368787552,0.5,False,halve,-0.12287012797295949,9,沪深300;纳指;黄金;国债ETF;军工ETF;酒ETF;有色ETF;半导体ETF;创新药ETF,沪深300;纳指;黄金;国债ETF,军工ETF;酒ETF;有色ETF;半导体ETF;创新药ETF
2024-05-14,1891662.4206461809,945831.2103230905,945831.2103230903,0.5,False,halve,-0.12275045293769896,8,沪深300;黄金;国债ETF;军工ETF;酒ETF;有色ETF;证券ETF;创新药ETF,沪深300;黄金;国债ETF,军工ETF;酒ETF;有色ETF;证券ETF;创新药ETF
2024-05-15,1887525.70734919,943762.8536745948,943762.8536745952,0.5,False,halve,-0.12466883426541608,9,沪深300;纳指;黄金;国债ETF;军工ETF;酒ETF;有色ETF;创新药ETF;证券ETF,沪深300;纳指;黄金;国债ETF,军工ETF;酒ETF;有色ETF;创新药ETF;证券ETF
2024-05-16,1892143.6490107074,946071.8245053538,946071.8245053536,0.5,False,halve,-0.12252728554789047,9,沪深300;纳指;黄金;国债ETF;军工ETF;酒ETF;有色ETF;创新药ETF;证券ETF,沪深300;纳指;黄金;国债ETF,军工ETF;酒ETF;有色ETF;创新药ETF;证券ETF
2024-05-17,1897253.9318080598,948626.9659040299,948626.9659040299,0.5,False,halve,-0.12015741594514903,9,沪深300;纳指;黄金;国债ETF;酒ETF;军工ETF;有色ETF;证券ETF;创新药ETF,沪深300;纳指;黄金;国债ETF,酒ETF;军工ETF;有色ETF;证券ETF;创新药ETF
2024-05-20,1905289.6961188246,1905289.6961188249,-2.3283064365386963e-10,1.0,False,warning,-0.1164308680553253,9,沪深300;纳指;黄金;国债ETF;酒ETF;军工ETF;有色ETF;创新药ETF;证券ETF,沪深300;纳指;黄金;国债ETF,酒ETF;军工ETF;有色ETF;创新药ETF;证券ETF
2024-05-21,1893161.8453681045,946580.9226840521,946580.9226840524,0.5,False,halve,-0.12205510177789095,9,沪深300;纳指;黄金;国债ETF;酒ETF;军工ETF;有色ETF;半导体ETF;创新药ETF,沪深300;纳指;黄金;国债ETF,酒ETF;军工ETF;有色ETF;半导体ETF;创新药ETF
2024-05-22,1893384.201652697,946692.1008263484,946692.1008263486,0.5,False,halve,-0.12195198509712578,9,沪深300;纳指;黄金;国债ETF;酒ETF;有色ETF;半导体ETF;证券ETF;军工ETF,沪深300;纳指;黄金;国债ETF,酒ETF;有色ETF;半导体ETF;证券ETF;军工ETF
2024-05-23,1884186.5373237794,942093.2686618897,942093.2686618897,0.5,False,halve,-0.12621735865348044,9,沪深300;纳指;黄金;国债ETF;军工ETF;有色ETF;酒ETF;半导体ETF;证券ETF,沪深300;纳指;黄金;国债ETF,军工ETF;有色ETF;酒ETF;半导体ETF;证券ETF
2024-05-24,1874012.9461088022,937006.4730544011,937006.4730544011,0.5,False,halve,-0.13093531371138506,9,沪深300;纳指;黄金;国债ETF;有色ETF;酒ETF;证券ETF;创新药ETF;军工ETF,沪深300;纳指;黄金;国债ETF,有色ETF;酒ETF;证券ETF;创新药ETF;军工ETF
2024-05-27,1879964.636809546,939982.3184047729,939982.3184047731,0.5,False,halve,-0.1281752451523771,9,沪深300;纳指;黄金;国债ETF;有色ETF;酒ETF;证券ETF;军工ETF;半导体ETF,沪深300;纳指;黄金;国债ETF,有色ETF;酒ETF;证券ETF;军工ETF;半导体ETF
2024-05-28,1878170.9579465603,939085.4789732802,939085.4789732802,0.5,False,halve,-0.12900705528559944,10,沪深300;创业板;纳指;黄金;国债ETF;有色ETF;军工ETF;酒ETF;半导体ETF;创新药ETF,沪深300;创业板;纳指;黄金;国债ETF,有色ETF;军工ETF;酒ETF;半导体ETF;创新药ETF
2024-05-29,1879147.517754638,939573.758877319,939573.758877319,0.5,False,halve,-0.12855418026944154,10,沪深300;创业板;纳指;黄金;国债ETF;有色ETF;酒ETF;军工ETF;半导体ETF;证券ETF,沪深300;创业板;纳指;黄金;国债ETF,有色ETF;酒ETF;军工ETF;半导体ETF;证券ETF
2024-05-30,1876089.0026088157,938044.5013044076,938044.5013044081,0.5,False,halve,-0.12997255227761378,10,沪深300;创业板;纳指;黄金;国债ETF;有色ETF;军工ETF;半导体ETF;酒ETF;证券ETF,沪深300;创业板;纳指;黄金;国债ETF,有色ETF;军工ETF;半导体ETF;酒ETF;证券ETF
2024-05-31,1875570.119133185,937785.0595665922,937785.0595665927,0.5,False,halve,-0.1302131820480248,8,纳指;黄金;国债ETF;有色ETF;军工ETF;半导体ETF;酒ETF;证券ETF,纳指;黄金;国债ETF,有色ETF;军工ETF;半导体ETF;酒ETF;证券ETF
2024-06-03,1873472.0679757055,959822.8855233721,913649.1824523334,0.5,False,halve,-0.13118614340070825,9,沪深300;纳指;黄金;国债ETF;有色ETF;军工ETF;半导体ETF;酒ETF;证券ETF,沪深300;纳指;黄金;国债ETF,有色ETF;军工ETF;半导体ETF;酒ETF;证券ETF
2024-06-04,1878018.2579672367,967006.9829529036,911011.2750143331,0.5,False,halve,-0.12907786918253797,10,沪深300;创业板;纳指;黄金;国债ETF;有色ETF;军工ETF;半导体ETF;酒ETF;证券ETF,沪深300;创业板;纳指;黄金;国债ETF,有色ETF;军工ETF;半导体ETF;酒ETF;证券ETF
2024-06-05,1875693.470085215,973569.0955850461,902124.374500169,0.5,False,halve,-0.13015597862440273,9,沪深300;创业板;纳指;国债ETF;军工ETF;半导体ETF;有色ETF;酒ETF;证券ETF,沪深300;创业板;纳指;国债ETF,军工ETF;半导体ETF;有色ETF;酒ETF;证券ETF
2024-06-06,1875498.8290649166,977130.0267908103,898368.8022741063,0.5,False,halve,-0.1302462424817554,10,沪深300;创业板;纳指;黄金;国债ETF;半导体ETF;有色ETF;军工ETF;酒ETF;创新药ETF,沪深300;创业板;纳指;黄金;国债ETF,半导体ETF;有色ETF;军工ETF;酒ETF;创新药ETF
2024-06-07,1871352.7906924454,984870.1874525816,886482.6032398638,0.5,False,halve,-0.13216894826935088,10,沪深300;创业板;纳指;黄金;国债ETF;半导体ETF;有色ETF;军工ETF;酒ETF;创新药ETF,沪深300;创业板;纳指;黄金;国债ETF,半导体ETF;有色ETF;军工ETF;酒ETF;创新药ETF
2024-06-11,1868221.0788987966,991550.3487071077,876670.7301916889,0.5,False,halve,-0.13362126487855305,9,沪深300;创业板;纳指;国债ETF;半导体ETF;军工ETF;有色ETF;创新药ETF;酒ETF,沪深300;创业板;纳指;国债ETF,半导体ETF;军工ETF;有色ETF;创新药ETF;酒ETF
2024-06-12,1869037.9778318135,986770.3302436192,882267.6475881943,0.5,False,halve,-0.13324243184197987,9,沪深300;创业板;纳指;国债ETF;半导体ETF;军工ETF;有色ETF;创新药ETF;证券ETF,沪深300;创业板;纳指;国债ETF,半导体ETF;军工ETF;有色ETF;创新药ETF;证券ETF
2024-06-13,1871264.7228684663,998355.3469992122,872909.3758692541,0.5,False,halve,-0.13220978930835084,7,纳指;国债ETF;半导体ETF;军工ETF;有色ETF;证券ETF;创新药ETF,纳指;国债ETF,半导体ETF;军工ETF;有色ETF;证券ETF;创新药ETF
2024-06-14,1870980.1127636894,1008992.2495420534,861987.8632216359,0.5,False,halve,-0.1323417759053144,9,沪深300;创业板;纳指;国债ETF;半导体ETF;军工ETF;有色ETF;证券ETF;创新药ETF,沪深300;创业板;纳指;国债ETF,半导体ETF;军工ETF;有色ETF;证券ETF;创新药ETF
2024-06-17,1873006.2207262854,1020766.7493613381,852239.4713649473,0.5,False,halve,-0.13140217787075625,8,创业板;纳指;国债ETF;半导体ETF;军工ETF;有色ETF;证券ETF;创新药ETF,创业板;纳指;国债ETF,半导体ETF;军工ETF;有色ETF;证券ETF;创新药ETF
2024-06-18,1877600.8862554908,1034274.1439988137,843326.7422566771,0.5,False,halve,-0.1292714233500731,8,创业板;纳指;国债ETF;半导体ETF;军工ETF;有色ETF;证券ETF;创新药ETF,创业板;纳指;国债ETF,半导体ETF;军工ETF;有色ETF;证券ETF;创新药ETF
2024-06-19,1872367.3861932892,1036555.1673253009,835812.2188679883,0.5,False,halve,-0.13169843437963547,9,沪深300;创业板;纳指;国债ETF;半导体ETF;军工ETF;有色ETF;证券ETF;创新药ETF,沪深300;创业板;纳指;国债ETF,半导体ETF;军工ETF;有色ETF;证券ETF;创新药ETF
2024-06-20,1866442.7328724586,1033563.3785366891,832879.3543357695,0.5,False,halve,-0.13444596448092297,8,创业板;纳指;国债ETF;半导体ETF;军工ETF;有色ETF;证券ETF;创新药ETF,创业板;纳指;国债ETF,半导体ETF;军工ETF;有色ETF;证券ETF;创新药ETF
2024-06-21,1862899.43047792,1042808.5995179309,820090.8309599891,0.5,False,halve,-0.1360891542947017,10,沪深300;创业板;纳指;黄金;国债ETF;半导体ETF;军工ETF;有色ETF;证券ETF;创新药ETF,沪深300;创业板;纳指;黄金;国债ETF,半导体ETF;军工ETF;有色ETF;证券ETF;创新药ETF
2024-06-24,1849613.5830369191,999351.0568209724,850262.5262159468,0.5,False,halve,-0.14225040353386326,8,纳指;黄金;国债ETF;半导体ETF;军工ETF;证券ETF;有色ETF;创新药ETF,纳指;黄金;国债ETF,半导体ETF;军工ETF;证券ETF;有色ETF;创新药ETF
2024-06-25,1842459.9921177924,987800.4404209908,854659.5516968016,0.5,False,halve,-0.14556784766405287,8,纳指;黄金;国债ETF;半导体ETF;军工ETF;有色ETF;证券ETF;创新药ETF,纳指;黄金;国债ETF,半导体ETF;军工ETF;有色ETF;证券ETF;创新药ETF
2024-06-26,1851732.739482251,964579.3685670428,887153.3709152082,0.5,False,halve,-0.14126765470324132,7,纳指;国债ETF;半导体ETF;军工ETF;证券ETF;有色ETF;创新药ETF,纳指;国债ETF,半导体ETF;军工ETF;证券ETF;有色ETF;创新药ETF
2024-06-27,1846167.1146468557,952037.9429774364,894129.1716694194,0.5,False,halve,-0.1438486870336829,7,纳指;国债ETF;半导体ETF;军工ETF;证券ETF;有色ETF;创新药ETF,纳指;国债ETF,半导体ETF;军工ETF;证券ETF;有色ETF;创新药ETF
2024-06-28,1852364.9192451125,960842.979810128,891521.9394349845,0.5,False,halve,-0.14097448431270052,8,纳指;黄金;国债ETF;半导体ETF;军工ETF;有色ETF;证券ETF;创新药ETF,纳指;黄金;国债ETF,半导体ETF;军工ETF;有色ETF;证券ETF;创新药ETF
2024-07-01,1853081.1400949974,968013.6232134863,885067.5168815111,0.5,False,halve,-0.1406423402634766,8,纳指;黄金;国债ETF;半导体ETF;军工ETF;有色ETF;证券ETF;创新药ETF,纳指;黄金;国债ETF,半导体ETF;军工ETF;有色ETF;证券ETF;创新药ETF
2024-07-02,1850477.5876773505,971151.7917342775,879325.795943073,0.5,False,halve,-0.14184972544711497,8,纳指;黄金;国债ETF;半导体ETF;军工ETF;有色ETF;证券ETF;创新药ETF,纳指;黄金;国债ETF,半导体ETF;军工ETF;有色ETF;证券ETF;创新药ETF
2024-07-03,1855652.06345314,984008.2824478876,871643.7810052524,0.5,False,halve,-0.13945008665265948,8,纳指;黄金;国债ETF;半导体ETF;军工ETF;有色ETF;证券ETF;创新药ETF,纳指;黄金;国债ETF,半导体ETF;军工ETF;有色ETF;证券ETF;创新药ETF
2024-07-04,1852642.4861776577,977221.2798834621,875421.2062941956,0.5,False,halve,-0.1408457639537204,8,纳指;黄金;国债ETF;半导体ETF;军工ETF;有色ETF;证券ETF;创新药ETF,纳指;黄金;国债ETF,半导体ETF;军工ETF;有色ETF;证券ETF;创新药ETF
2024-07-05,1860356.2411374734,969142.1762478853,891214.064889588,0.5,False,halve,-0.1372685463853044,8,纳指;黄金;国债ETF;半导体ETF;军工ETF;有色ETF;证券ETF;创新药ETF,纳指;黄金;国债ETF,半导体ETF;军工ETF;有色ETF;证券ETF;创新药ETF
2024-07-08,1858003.0789768463,961631.6349181273,896371.444058719,0.5,False,halve,-0.13835981426536784,8,纳指;黄金;国债ETF;半导体ETF;有色ETF;军工ETF;证券ETF;创新药ETF,纳指;黄金;国债ETF,半导体ETF;有色ETF;军工ETF;证券ETF;创新药ETF
2024-07-09,1865758.5084119504,932879.2542059751,932879.2542059753,0.5,False,halve,-0.1347632703551205,8,纳指;黄金;国债ETF;半导体ETF;有色ETF;军工ETF;证券ETF;创新药ETF,纳指;黄金;国债ETF,半导体ETF;有色ETF;军工ETF;证券ETF;创新药ETF
2024-07-10,1863667.1155821932,931833.5577910964,931833.5577910969,0.5,False,halve,-0.13573314393965105,8,纳指;黄金;国债ETF;半导体ETF;有色ETF;军工ETF;证券ETF;创新药ETF,纳指;黄金;国债ETF,半导体ETF;有色ETF;军工ETF;证券ETF;创新药ETF
2024-07-11,1872019.1305402792,936009.5652701394,936009.5652701398,0.5,False,halve,-0.13185993630013168,7,纳指;国债ETF;半导体ETF;有色ETF;军工ETF;证券ETF;创新药ETF,纳指;国债ETF,半导体ETF;有色ETF;军工ETF;证券ETF;创新药ETF
2024-07-12,1858500.3192519355,929250.1596259674,929250.1596259681,0.5,False,halve,-0.138129221427374,8,纳指;黄金;国债ETF;半导体ETF;有色ETF;军工ETF;创新药ETF;证券ETF,纳指;黄金;国债ETF,半导体ETF;有色ETF;军工ETF;创新药ETF;证券ETF
2024-07-15,1864742.2733208023,932371.1366604009,932371.1366604014,0.5,False,halve,-0.13523454459712508,7,纳指;国债ETF;半导体ETF;有色ETF;军工ETF;创新药ETF;证券ETF,纳指;国债ETF,半导体ETF;有色ETF;军工ETF;创新药ETF;证券ETF
2024-07-16,1867299.2701152647,933649.6350576323,933649.6350576323,0.5,False,halve,-0.13404874936468836,8,纳指;黄金;国债ETF;半导体ETF;有色ETF;军工ETF;创新药ETF;证券ETF,纳指;黄金;国债ETF,半导体ETF;有色ETF;军工ETF;创新药ETF;证券ETF
2024-07-17,1867100.6997238612,963202.6676419663,903898.0320818949,0.5,False,halve,-0.13414083544940278,8,纳指;黄金;国债ETF;半导体ETF;有色ETF;创新药ETF;军工ETF;酒ETF,纳指;黄金;国债ETF,半导体ETF;有色ETF;创新药ETF;军工ETF;酒ETF
2024-07-18,1865067.7020918613,968839.6797799144,896228.0223119468,0.5,False,halve,-0.13508362853573022,8,纳指;黄金;国债ETF;半导体ETF;有色ETF;军工ETF;创新药ETF;酒ETF,纳指;黄金;国债ETF,半导体ETF;有色ETF;军工ETF;创新药ETF;酒ETF
2024-07-19,1858798.7346626655,969940.9105589032,888857.8241037623,0.5,False,halve,-0.1379908326847304,8,纳指;黄金;国债ETF;半导体ETF;军工ETF;有色ETF;创新药ETF;酒ETF,纳指;黄金;国债ETF,半导体ETF;军工ETF;有色ETF;创新药ETF;酒ETF
2024-07-22,1856812.1472524428,969336.8487650498,887475.298487393,0.5,False,halve,-0.1389121032490747,8,纳指;黄金;国债ETF;半导体ETF;军工ETF;创新药ETF;证券ETF;有色ETF,纳指;黄金;国债ETF,半导体ETF;军工ETF;创新药ETF;证券ETF;有色ETF
2024-07-23,1846311.4099492934,894904.778831551,951406.6311177424,0.5,False,halve,-0.1437817707661052,8,纳指;黄金;国债ETF;半导体ETF;军工ETF;证券ETF;创新药ETF;有色ETF,纳指;黄金;国债ETF,半导体ETF;军工ETF;证券ETF;创新药ETF;有色ETF
2024-07-24,1842790.2723877712,898924.0386920982,943866.2336956729,0.5,False,halve,-0.1454146817428609,8,纳指;黄金;国债ETF;半导体ETF;军工ETF;创新药ETF;证券ETF;有色ETF,纳指;黄金;国债ETF,半导体ETF;军工ETF;创新药ETF;证券ETF;有色ETF
2024-07-25,1830144.1724622059,915072.0862311032,915072.0862311027,0.5,False,halve,-0.15127925108183268,8,纳指;黄金;国债ETF;半导体ETF;军工ETF;证券ETF;创新药ETF;酒ETF,纳指;黄金;国债ETF,半导体ETF;军工ETF;证券ETF;创新药ETF;酒ETF
2024-07-26,1834396.8605370831,917198.4302685417,917198.4302685414,0.5,False,halve,-0.14930708699654682,8,纳指;黄金;国债ETF;半导体ETF;军工ETF;证券ETF;创新药ETF;酒ETF,纳指;黄金;国债ETF,半导体ETF;军工ETF;证券ETF;创新药ETF;酒ETF
2024-07-29,1837875.613853089,918937.8069265446,918937.8069265444,0.5,False,halve,-0.14769383151422602,8,纳指;黄金;国债ETF;军工ETF;半导体ETF;证券ETF;创新药ETF;有色ETF,纳指;黄金;国债ETF,军工ETF;半导体ETF;证券ETF;创新药ETF;有色ETF
2024-07-30,1836549.6724343193,918274.8362171596,918274.8362171596,0.5,False,halve,-0.14830873060845745,8,纳指;黄金;国债ETF;军工ETF;半导体ETF;证券ETF;创新药ETF;有色ETF,纳指;黄金;国债ETF,军工ETF;半导体ETF;证券ETF;创新药ETF;有色ETF
2024-07-31,1850843.8080221887,870434.2611534745,980409.5468687143,0.5,False,halve,-0.14167989248530957,8,纳指;黄金;国债ETF;半导体ETF;军工ETF;证券ETF;创新药ETF;有色ETF,纳指;黄金;国债ETF,半导体ETF;军工ETF;证券ETF;创新药ETF;有色ETF
2024-08-01,1857544.8382908783,880164.1150897271,977380.7232011512,0.5,False,halve,-0.13857232122740473,8,纳指;黄金;国债ETF;半导体ETF;军工ETF;证券ETF;创新药ETF;有色ETF,纳指;黄金;国债ETF,半导体ETF;军工ETF;证券ETF;创新药ETF;有色ETF
2024-08-02,1845768.3550064766,883030.4758102807,962737.879196196,0.5,False,halve,-0.14403360994069386,8,纳指;黄金;国债ETF;半导体ETF;军工ETF;证券ETF;创新药ETF;酒ETF,纳指;黄金;国债ETF,半导体ETF;军工ETF;证券ETF;创新药ETF;酒ETF
2024-08-05,1819943.6533657906,869857.1222199547,950086.5311458359,0.5,False,halve,-0.1560096938180551,7,黄金;国债ETF;军工ETF;证券ETF;创新药ETF;半导体ETF;酒ETF,黄金;国债ETF,军工ETF;证券ETF;创新药ETF;半导体ETF;酒ETF
2024-08-06,1820113.0255737398,871675.6581115351,948437.3674622047,0.5,False,halve,-0.15593114825353646,7,黄金;国债ETF;军工ETF;创新药ETF;证券ETF;半导体ETF;酒ETF,黄金;国债ETF,军工ETF;创新药ETF;证券ETF;半导体ETF;酒ETF
2024-08-07,1821271.017434508,879207.3080796766,942063.7093548315,0.5,False,halve,-0.1553941349766042,7,黄金;国债ETF;军工ETF;证券ETF;半导体ETF;创新药ETF;酒ETF,黄金;国债ETF,军工ETF;证券ETF;半导体ETF;创新药ETF;酒ETF
2024-08-08,1820658.4785063309,886488.7479428402,934169.7305634907,0.5,False,halve,-0.1556781970224728,7,黄金;国债ETF;证券ETF;军工ETF;半导体ETF;创新药ETF;酒ETF,黄金;国债ETF,证券ETF;军工ETF;半导体ETF;创新药ETF;酒ETF
2024-08-09,1821002.0314384734,910501.0157192366,910501.0157192368,0.5,False,halve,-0.15551887596665195,7,黄金;国债ETF;证券ETF;军工ETF;半导体ETF;创新药ETF;酒ETF,黄金;国债ETF,证券ETF;军工ETF;半导体ETF;创新药ETF;酒ETF
2024-08-12,1821201.2764919135,910600.6382459565,910600.638245957,0.5,False,halve,-0.15542647701059245,7,黄金;国债ETF;证券ETF;创新药ETF;军工ETF;半导体ETF;酒ETF,黄金;国债ETF,证券ETF;创新药ETF;军工ETF;半导体ETF;酒ETF
2024-08-13,1825242.4457585397,912621.2228792699,912621.2228792699,0.5,False,halve,-0.15355240377741008,7,黄金;国债ETF;证券ETF;军工ETF;创新药ETF;半导体ETF;酒ETF,黄金;国债ETF,证券ETF;军工ETF;创新药ETF;半导体ETF;酒ETF
2024-08-14,1820815.1566378705,910407.578318935,910407.5783189355,0.5,False,halve,-0.15560553827616186,7,黄金;国债ETF;证券ETF;军工ETF;创新药ETF;半导体ETF;酒ETF,黄金;国债ETF,证券ETF;军工ETF;创新药ETF;半导体ETF;酒ETF
2024-08-15,1821500.3437171713,910750.1718585859,910750.1718585854,0.5,False,halve,-0.15528778599202844,7,黄金;国债ETF;证券ETF;军工ETF;创新药ETF;半导体ETF;有色ETF,黄金;国债ETF,证券ETF;军工ETF;创新药ETF;半导体ETF;有色ETF
2024-08-16,1821342.328626047,910671.1643130232,910671.1643130237,0.5,False,halve,-0.1553610647470563,8,纳指;黄金;国债ETF;证券ETF;创新药ETF;军工ETF;半导体ETF;有色ETF,纳指;黄金;国债ETF,证券ETF;创新药ETF;军工ETF;半导体ETF;有色ETF
2024-08-19,1819901.1042003375,909950.5521001685,909950.552100169,0.5,False,halve,-0.15602942579333473,8,纳指;黄金;国债ETF;证券ETF;创新药ETF;军工ETF;半导体ETF;有色ETF,纳指;黄金;国债ETF,证券ETF;创新药ETF;军工ETF;半导体ETF;有色ETF
2024-08-20,1819842.1605551308,909921.0802775652,909921.0802775656,0.5,False,halve,-0.156056760631462,8,纳指;黄金;国债ETF;证券ETF;创新药ETF;军工ETF;半导体ETF;有色ETF,纳指;黄金;国债ETF,证券ETF;创新药ETF;军工ETF;半导体ETF;有色ETF
2024-08-21,1819933.648711247,909966.8243556237,909966.8243556232,0.5,False,halve,-0.15601433342952659,8,纳指;黄金;国债ETF;证券ETF;创新药ETF;有色ETF;军工ETF;半导体ETF,纳指;黄金;国债ETF,证券ETF;创新药ETF;有色ETF;军工ETF;半导体ETF
2024-08-22,1817078.0026245844,908539.0013122924,908539.001312292,0.5,False,halve,-0.15733862586603817,7,黄金;国债ETF;证券ETF;创新药ETF;有色ETF;半导体ETF;军工ETF,黄金;国债ETF,证券ETF;创新药ETF;有色ETF;半导体ETF;军工ETF
2024-08-23,1816131.4797452602,930645.6609394582,885485.818805802,0.5,False,halve,-0.15777757139781418,7,黄金;国债ETF;证券ETF;创新药ETF;有色ETF;半导体ETF;军工ETF,黄金;国债ETF,证券ETF;创新药ETF;有色ETF;半导体ETF;军工ETF
2024-08-26,1818677.5688856365,940006.5109424185,878671.057943218,0.5,False,halve,-0.156596834538638,7,黄金;国债ETF;证券ETF;创新药ETF;有色ETF;半导体ETF;军工ETF,黄金;国债ETF,证券ETF;创新药ETF;有色ETF;半导体ETF;军工ETF
2024-08-27,1814911.8667828515,941863.5667006356,873048.3000822159,0.5,False,halve,-0.15834316117069705,7,黄金;国债ETF;证券ETF;创新药ETF;有色ETF;半导体ETF;军工ETF,黄金;国债ETF,证券ETF;创新药ETF;有色ETF;半导体ETF;军工ETF
2024-08-28,1814913.1540713822,950628.5433608866,864284.6107104956,0.5,False,halve,-0.1583425641966978,7,黄金;国债ETF;证券ETF;创新药ETF;有色ETF;军工ETF;半导体ETF,黄金;国债ETF,证券ETF;创新药ETF;有色ETF;军工ETF;半导体ETF
2024-08-29,1818823.3971443104,947499.311164693,871324.0859796174,0.5,False,halve,-0.15652920736981848,7,黄金;国债ETF;证券ETF;创新药ETF;有色ETF;军工ETF;半导体ETF,黄金;国债ETF,证券ETF;创新药ETF;有色ETF;军工ETF;半导体ETF
2024-08-30,1823277.1646295204,935808.5954268344,887468.569202686,0.5,False,halve,-0.15446379365409504,7,黄金;国债ETF;证券ETF;半导体ETF;有色ETF;创新药ETF;军工ETF,黄金;国债ETF,证券ETF;半导体ETF;有色ETF;创新药ETF;军工ETF
2024-09-02,1813524.112818983,906762.0564094916,906762.0564094913,0.5,False,halve,-0.15898672554188215,7,黄金;国债ETF;证券ETF;有色ETF;创新药ETF;半导体ETF;军工ETF,黄金;国债ETF,证券ETF;有色ETF;创新药ETF;半导体ETF;军工ETF
2024-09-03,1816875.1513352804,908437.5756676403,908437.5756676401,0.5,False,halve,-0.15743269719701175,7,黄金;国债ETF;证券ETF;有色ETF;创新药ETF;半导体ETF;军工ETF,黄金;国债ETF,证券ETF;有色ETF;创新药ETF;半导体ETF;军工ETF
2024-09-04,1813085.9063673513,906542.9531836759,906542.9531836754,0.5,False,halve,-0.1591899417220092,7,黄金;国债ETF;证券ETF;创新药ETF;有色ETF;半导体ETF;军工ETF,黄金;国债ETF,证券ETF;创新药ETF;有色ETF;半导体ETF;军工ETF
2024-09-05,1816718.7318212055,908359.3659106025,908359.365910603,0.5,False,halve,-0.1575052360106903,7,黄金;国债ETF;证券ETF;创新药ETF;军工ETF;有色ETF;半导体ETF,黄金;国债ETF,证券ETF;创新药ETF;军工ETF;有色ETF;半导体ETF
2024-09-06,1814986.2190399605,907493.10951998,907493.1095199805,0.5,False,halve,-0.15830868066129958,7,黄金;国债ETF;证券ETF;创新药ETF;军工ETF;有色ETF;半导体ETF,黄金;国债ETF,证券ETF;创新药ETF;军工ETF;有色ETF;半导体ETF
2024-09-09,1811312.8104698523,905656.4052349263,905656.405234926,0.5,False,halve,-0.16001220660183257,6,国债ETF;证券ETF;创新药ETF;军工ETF;有色ETF;半导体ETF,国债ETF,证券ETF;创新药ETF;军工ETF;有色ETF;半导体ETF
2024-09-10,1811773.9841380115,931817.1812643317,879956.8028736798,0.5,False,halve,-0.15979833948310454,6,国债ETF;证券ETF;创新药ETF;军工ETF;半导体ETF;有色ETF,国债ETF,证券ETF;创新药ETF;军工ETF;半导体ETF;有色ETF
2024-09-11,1814004.3972054939,939527.2665102213,874477.1306952726,0.5,False,halve,-0.15876399591743684,6,国债ETF;证券ETF;创新药ETF;军工ETF;有色ETF;半导体ETF,国债ETF,证券ETF;创新药ETF;军工ETF;有色ETF;半导体ETF
2024-09-12,1811220.4121148265,946332.1795385022,864888.2325763243,0.5,False,halve,-0.16005505590422978,7,黄金;国债ETF;证券ETF;创新药ETF;军工ETF;有色ETF;半导体ETF,黄金;国债ETF,证券ETF;创新药ETF;军工ETF;有色ETF;半导体ETF
2024-09-13,1814448.7283585384,956688.0849130885,857760.6434454499,0.5,False,halve,-0.15855793943584706,7,黄金;国债ETF;证券ETF;创新药ETF;军工ETF;有色ETF;半导体ETF,黄金;国债ETF,证券ETF;创新药ETF;军工ETF;有色ETF;半导体ETF
2024-09-18,1814175.8808464564,966460.6530729583,847715.227773498,0.5,False,halve,-0.15868447118579282,7,黄金;国债ETF;证券ETF;创新药ETF;军工ETF;有色ETF;半导体ETF,黄金;国债ETF,证券ETF;创新药ETF;军工ETF;有色ETF;半导体ETF
2024-09-19,1817423.2267097828,959830.6212695043,857592.6054402785,0.5,False,halve,-0.15717852982085062,7,黄金;国债ETF;证券ETF;创新药ETF;军工ETF;有色ETF;半导体ETF,黄金;国债ETF,证券ETF;创新药ETF;军工ETF;有色ETF;半导体ETF
2024-09-20,1819138.7500006529,968441.4859307151,850697.2640699378,0.5,False,halve,-0.156382963966465,8,纳指;黄金;国债ETF;证券ETF;创新药ETF;有色ETF;军工ETF;半导体ETF,纳指;黄金;国债ETF,证券ETF;创新药ETF;有色ETF;军工ETF;半导体ETF
2024-09-23,1821157.2661113855,979918.4512506609,841238.8148607246,0.5,False,halve,-0.15544688661748784,8,纳指;黄金;国债ETF;证券ETF;创新药ETF;有色ETF;军工ETF;半导体ETF,纳指;黄金;国债ETF,证券ETF;创新药ETF;有色ETF;军工ETF;半导体ETF
2024-09-24,1833034.3310177627,880003.6191981222,953030.7118196405,0.5,False,halve,-0.14993895365025695,8,纳指;黄金;国债ETF;证券ETF;创新药ETF;有色ETF;军工ETF;酒ETF,纳指;黄金;国债ETF,证券ETF;创新药ETF;有色ETF;军工ETF;酒ETF
2024-09-25,1836371.5954542933,897500.1271972936,938871.4682569997,0.5,False,halve,-0.14839131297006963,10,沪深300;创业板;纳指;黄金;国债ETF;证券ETF;创新药ETF;军工ETF;有色ETF;半导体ETF,沪深300;创业板;纳指;黄金;国债ETF,证券ETF;创新药ETF;军工ETF;有色ETF;半导体ETF
2024-09-26,1861569.5727531454,841148.6322118489,1020420.9405412965,0.5,False,halve,-0.13670586955741612,10,沪深300;创业板;纳指;黄金;国债ETF;证券ETF;酒ETF;创新药ETF;有色ETF;军工ETF,沪深300;创业板;纳指;黄金;国债ETF,证券ETF;酒ETF;创新药ETF;有色ETF;军工ETF
2024-09-27,1892206.5876619727,815369.9844427408,1076836.603219232,0.5,False,halve,-0.12249809804450053,9,沪深300;创业板;黄金;国债ETF;证券ETF;酒ETF;创新药ETF;军工ETF;有色ETF,沪深300;创业板;黄金;国债ETF,证券ETF;酒ETF;创新药ETF;军工ETF;有色ETF
2024-09-30,1955427.4887025615,1611820.969068547,343606.51963401446,0.33646374716600375,False,warning,-0.09317970264931048,9,沪深300;创业板;纳指;黄金;证券ETF;酒ETF;创新药ETF;军工ETF;有色ETF,沪深300;创业板;纳指;黄金,证券ETF;酒ETF;创新药ETF;军工ETF;有色ETF
2024-10-08,2054071.528433657,1663140.3386318865,390931.1898017705,0.2968136336131876,False,normal,-0.04743399335677234,9,沪深300;创业板;纳指;黄金;证券ETF;创新药ETF;酒ETF;军工ETF;半导体ETF,沪深300;创业板;纳指;黄金,证券ETF;创新药ETF;酒ETF;军工ETF;半导体ETF
2024-10-09,1956544.724297546,1573238.9731664918,383305.75113105425,0.2868655502442881,False,warning,-0.092661589898872,10,沪深300;创业板;纳指;黄金;国债ETF;证券ETF;半导体ETF;创新药ETF;军工ETF;酒ETF,沪深300;创业板;纳指;黄金;国债ETF,证券ETF;半导体ETF;创新药ETF;军工ETF;酒ETF
2024-10-10,1954416.9495557353,1573062.3535981355,381354.5959575998,0.29549993560191734,False,warning,-0.09364833542393584,10,沪深300;创业板;纳指;黄金;国债ETF;证券ETF;半导体ETF;创新药ETF;军工ETF;酒ETF,沪深300;创业板;纳指;黄金;国债ETF,证券ETF;半导体ETF;创新药ETF;军工ETF;酒ETF
2024-10-11,1928274.9243823367,1546243.481375977,382031.44300635974,0.2978868753825464,False,warning,-0.10577157659654499,10,沪深300;创业板;纳指;黄金;国债ETF;证券ETF;半导体ETF;创新药ETF;军工ETF;酒ETF,沪深300;创业板;纳指;黄金;国债ETF,证券ETF;半导体ETF;创新药ETF;军工ETF;酒ETF
2024-10-14,1947260.5786951124,1566942.3961244847,380318.18257062766,0.30635859447640706,False,warning,-0.09696706873891435,10,沪深300;创业板;纳指;黄金;国债ETF;证券ETF;半导体ETF;军工ETF;创新药ETF;酒ETF,沪深300;创业板;纳指;黄金;国债ETF,证券ETF;半导体ETF;军工ETF;创新药ETF;酒ETF
2024-10-15,1931471.2349592478,1555032.7716144442,376438.46334480355,0.3124583787870834,False,warning,-0.1042893026055504,10,沪深300;创业板;纳指;黄金;国债ETF;证券ETF;半导体ETF;军工ETF;创新药ETF;酒ETF,沪深300;创业板;纳指;黄金;国债ETF,证券ETF;半导体ETF;军工ETF;创新药ETF;酒ETF
2024-10-16,1922634.6937076447,1552737.544729601,369897.1489780438,0.3204264309508722,False,warning,-0.10838720703393045,10,沪深300;创业板;纳指;黄金;国债ETF;证券ETF;半导体ETF;军工ETF;创新药ETF;酒ETF,沪深300;创业板;纳指;黄金;国债ETF,证券ETF;半导体ETF;军工ETF;创新药ETF;酒ETF
2024-10-17,1921197.6285440316,1557506.4111514087,363691.21739262296,0.330140058243177,False,warning,-0.10905363924198158,10,沪深300;创业板;纳指;黄金;国债ETF;证券ETF;半导体ETF;军工ETF;创新药ETF;酒ETF,沪深300;创业板;纳指;黄金;国债ETF,证券ETF;半导体ETF;军工ETF;创新药ETF;酒ETF
2024-10-18,1965765.8732281893,1587242.0491357658,378523.82409242354,0.3296198542897658,False,warning,-0.08838532546896513,10,沪深300;创业板;纳指;黄金;国债ETF;证券ETF;半导体ETF;军工ETF;创新药ETF;酒ETF,沪深300;创业板;纳指;黄金;国债ETF,证券ETF;半导体ETF;军工ETF;创新药ETF;酒ETF
2024-10-21,1973978.4135650555,1612071.483774861,361906.9297901944,0.2620123500139549,False,warning,-0.0845767985287906,9,沪深300;创业板;黄金;国债ETF;半导体ETF;证券ETF;军工ETF;创新药ETF;有色ETF,沪深300;创业板;黄金;国债ETF,半导体ETF;证券ETF;军工ETF;创新药ETF;有色ETF
2024-10-22,1975843.3603006063,1608074.964713227,367768.39558737935,0.3504011309943764,False,warning,-0.08371193825499056,10,沪深300;创业板;纳指;黄金;国债ETF;半导体ETF;证券ETF;军工ETF;创新药ETF;酒ETF,沪深300;创业板;纳指;黄金;国债ETF,半导体ETF;证券ETF;军工ETF;创新药ETF;酒ETF
2024-10-23,1978762.1399509679,1617400.7027119193,361361.43723904854,0.2783634893816669,False,warning,-0.08235836792536502,9,沪深300;创业板;黄金;国债ETF;半导体ETF;证券ETF;军工ETF;创新药ETF;酒ETF,沪深300;创业板;黄金;国债ETF,半导体ETF;证券ETF;军工ETF;创新药ETF;酒ETF
2024-10-24,1964188.5198885985,1610056.470211419,354132.0496771794,0.28423584483290804,False,warning,-0.08911681565855223,9,沪深300;创业板;黄金;国债ETF;半导体ETF;证券ETF;军工ETF;创新药ETF;酒ETF,沪深300;创业板;黄金;国债ETF,半导体ETF;证券ETF;军工ETF;创新药ETF;酒ETF
2024-10-25,1979435.9020240046,1629950.247221046,349485.6548029587,0.2926126546488513,False,warning,-0.0820459139341305,9,沪深300;创业板;黄金;国债ETF;半导体ETF;证券ETF;军工ETF;创新药ETF;酒ETF,沪深300;创业板;黄金;国债ETF,半导体ETF;证券ETF;军工ETF;创新药ETF;酒ETF
2024-10-28,1982550.698852081,1640098.130787676,342452.5680644051,0.3888128861770025,False,warning,-0.0806014415606254,10,沪深300;创业板;纳指;黄金;国债ETF;半导体ETF;证券ETF;军工ETF;创新药ETF;酒ETF,沪深300;创业板;纳指;黄金;国债ETF,半导体ETF;证券ETF;军工ETF;创新药ETF;酒ETF
2024-10-29,1971703.7550993066,1634396.9384895812,337306.81660972536,0.3978272262473915,False,warning,-0.08563166068972417,10,沪深300;创业板;纳指;黄金;国债ETF;半导体ETF;证券ETF;军工ETF;创新药ETF;酒ETF,沪深300;创业板;纳指;黄金;国债ETF,半导体ETF;证券ETF;军工ETF;创新药ETF;酒ETF
2024-10-30,1969507.8713649288,1652323.5274261434,317184.3439387854,0.40991816618142674,False,warning,-0.08664999143962952,10,沪深300;创业板;纳指;黄金;国债ETF;半导体ETF;证券ETF;军工ETF;创新药ETF;有色ETF,沪深300;创业板;纳指;黄金;国债ETF,半导体ETF;证券ETF;军工ETF;创新药ETF;有色ETF
2024-10-31,1967357.6929413187,1658865.6863138187,308492.00662750006,0.42071498849398353,False,warning,-0.08764712656671562,10,沪深300;创业板;纳指;黄金;国债ETF;半导体ETF;证券ETF;军工ETF;创新药ETF;有色ETF,沪深300;创业板;纳指;黄金;国债ETF,半导体ETF;证券ETF;军工ETF;创新药ETF;有色ETF
2024-11-01,1955343.6603045946,1654845.388505867,300498.27179872757,0.4290385286919611,False,warning,-0.09321857767444437,10,沪深300;创业板;纳指;黄金;国债ETF;半导体ETF;证券ETF;军工ETF;有色ETF;创新药ETF,沪深300;创业板;纳指;黄金;国债ETF,半导体ETF;证券ETF;军工ETF;有色ETF;创新药ETF
2024-11-04,1970574.9941215466,1674336.2395600984,296238.75456144824,0.44072795023697575,False,warning,-0.08615511828219634,10,沪深300;创业板;纳指;黄金;国债ETF;半导体ETF;证券ETF;军工ETF;有色ETF;创新药ETF,沪深300;创业板;纳指;黄金;国债ETF,半导体ETF;证券ETF;军工ETF;有色ETF;创新药ETF
2024-11-05,2003423.9931444975,1693220.2121862527,310203.7809582448,0.44550136601088924,False,normal,-0.07092154954402265,10,沪深300;创业板;纳指;黄金;国债ETF;证券ETF;军工ETF;半导体ETF;有色ETF;酒ETF,沪深300;创业板;纳指;黄金;国债ETF,证券ETF;军工ETF;半导体ETF;有色ETF;酒ETF
2024-11-06,2008846.199955771,1706672.0369278998,302174.16302787117,0.4594939640618257,False,normal,-0.06840702664746749,10,沪深300;创业板;纳指;黄金;国债ETF;证券ETF;半导体ETF;军工ETF;有色ETF;酒ETF,沪深300;创业板;纳指;黄金;国债ETF,证券ETF;半导体ETF;军工ETF;有色ETF;酒ETF
2024-11-07,2039331.5680233522,1728288.398309756,311043.1697135961,0.46680776038445276,False,normal,-0.054269580643662114,10,沪深300;创业板;纳指;黄金;国债ETF;证券ETF;半导体ETF;军工ETF;酒ETF;有色ETF,沪深300;创业板;纳指;黄金;国债ETF,证券ETF;半导体ETF;军工ETF;酒ETF;有色ETF
2024-11-08,2034137.5500695012,1727877.6773429497,306259.8727265515,0.47954526799465946,False,normal,-0.05667828203124522,10,沪深300;创业板;纳指;黄金;国债ETF;证券ETF;半导体ETF;军工ETF;有色ETF;酒ETF,沪深300;创业板;纳指;黄金;国债ETF,证券ETF;半导体ETF;军工ETF;有色ETF;酒ETF
2024-11-11,2051257.7594430766,1750993.172830485,300264.5866125915,0.4923271570209803,False,normal,-0.048738865487012936,10,沪深300;创业板;纳指;黄金;国债ETF;半导体ETF;证券ETF;军工ETF;有色ETF;酒ETF,沪深300;创业板;纳指;黄金;国债ETF,半导体ETF;证券ETF;军工ETF;有色ETF;酒ETF
2024-11-12,2036583.8608680535,1719392.0541876163,317191.8066804372,0.5008362815508837,False,normal,-0.05554381690862012,10,沪深300;创业板;纳指;黄金;国债ETF;半导体ETF;证券ETF;军工ETF;创新药ETF;酒ETF,沪深300;创业板;纳指;黄金;国债ETF,半导体ETF;证券ETF;军工ETF;创新药ETF;酒ETF
2024-11-13,2038777.5119041156,1729277.3651869488,309500.14671716676,0.5164955624847364,False,normal,-0.054526521562053565,10,沪深300;创业板;纳指;黄金;国债ETF;半导体ETF;证券ETF;军工ETF;酒ETF;创新药ETF,沪深300;创业板;纳指;黄金;国债ETF,半导体ETF;证券ETF;军工ETF;酒ETF;创新药ETF
2024-11-14,2009868.2159589094,1710360.4417828368,299507.77417607256,0.5034957921367313,False,normal,-0.06793307153472739,10,沪深300;创业板;纳指;黄金;国债ETF;证券ETF;半导体ETF;军工ETF;酒ETF;有色ETF,沪深300;创业板;纳指;黄金;国债ETF,证券ETF;半导体ETF;军工ETF;酒ETF;有色ETF
2024-11-15,1983019.1646680487,1669520.7138574414,313498.4508106073,0.4985604843953449,False,warning,-0.08038419274266168,10,沪深300;创业板;纳指;黄金;国债ETF;证券ETF;半导体ETF;酒ETF;军工ETF;创新药ETF,沪深300;创业板;纳指;黄金;国债ETF,证券ETF;半导体ETF;酒ETF;军工ETF;创新药ETF
2024-11-18,1971421.612045107,1663565.7332556052,307855.87878950173,0.5110821248435593,False,warning,-0.08576250320359029,10,沪深300;创业板;纳指;黄金;国债ETF;证券ETF;半导体ETF;酒ETF;军工ETF;创新药ETF,沪深300;创业板;纳指;黄金;国债ETF,证券ETF;半导体ETF;酒ETF;军工ETF;创新药ETF
2024-11-19,1991715.3882535668,1695797.6507420975,295917.7375114693,0.5159045692526616,False,normal,-0.07635135997171606,10,沪深300;创业板;纳指;黄金;国债ETF;证券ETF;半导体ETF;军工ETF;酒ETF;有色ETF,沪深300;创业板;纳指;黄金;国债ETF,证券ETF;半导体ETF;军工ETF;酒ETF;有色ETF
2024-11-20,1998014.5279089732,1700418.7710992047,297595.7568097685,0.5315063957008808,False,normal,-0.07343016359477487,10,沪深300;创业板;纳指;黄金;国债ETF;证券ETF;半导体ETF;军工ETF;酒ETF;创新药ETF,沪深300;创业板;纳指;黄金;国债ETF,证券ETF;半导体ETF;军工ETF;酒ETF;创新药ETF
2024-11-21,2000610.923270281,1712103.9196907682,288507.0035795127,0.5482033329560058,False,normal,-0.07222609746233892,10,沪深300;创业板;纳指;黄金;国债ETF;证券ETF;半导体ETF;军工ETF;酒ETF;创新药ETF,沪深300;创业板;纳指;黄金;国债ETF,证券ETF;半导体ETF;军工ETF;酒ETF;创新药ETF
2024-11-22,1974487.8287225384,1684342.2335023342,290145.5952202042,0.5498950380225683,False,warning,-0.08434055964637102,10,沪深300;创业板;纳指;黄金;国债ETF;证券ETF;半导体ETF;军工ETF;有色ETF;酒ETF,沪深300;创业板;纳指;黄金;国债ETF,证券ETF;半导体ETF;军工ETF;有色ETF;酒ETF
2024-11-25,1968975.1899038376,1688357.0078376133,280618.1820662243,0.5658695581508069,False,warning,-0.0868970199608765,10,沪深300;创业板;纳指;黄金;国债ETF;证券ETF;半导体ETF;酒ETF;有色ETF;军工ETF,沪深300;创业板;纳指;黄金;国债ETF,证券ETF;半导体ETF;酒ETF;有色ETF;军工ETF
2024-11-26,1960142.998628797,1694426.2932250623,265716.7054037347,0.5793742882651306,False,warning,-0.09099290710809291,10,沪深300;创业板;纳指;黄金;国债ETF;证券ETF;半导体ETF;酒ETF;创新药ETF;有色ETF,沪深300;创业板;纳指;黄金;国债ETF,证券ETF;半导体ETF;酒ETF;创新药ETF;有色ETF
2024-11-27,1982138.3394263575,1695331.5982384894,286806.7411878682,0.5810824956636421,False,warning,-0.08079267130410114,10,沪深300;创业板;纳指;黄金;国债ETF;证券ETF;半导体ETF;酒ETF;创新药ETF;军工ETF,沪深300;创业板;纳指;黄金;国债ETF,证券ETF;半导体ETF;酒ETF;创新药ETF;军工ETF
2024-11-28,1970111.1876017766,1693375.5882146093,276735.59938716725,0.5903958418236044,False,warning,-0.08637020637347102,10,沪深300;创业板;纳指;黄金;国债ETF;半导体ETF;证券ETF;军工ETF;酒ETF;创新药ETF,沪深300;创业板;纳指;黄金;国债ETF,半导体ETF;证券ETF;军工ETF;酒ETF;创新药ETF
2024-11-29,1988140.3702237005,1713913.3072045406,274227.06301915995,1.0,False,normal,-0.07800925776215187,8,纳指;黄金;国债ETF;半导体ETF;证券ETF;创新药ETF;酒ETF;军工ETF,纳指;黄金;国债ETF,半导体ETF;证券ETF;创新药ETF;酒ETF;军工ETF
2024-12-02,1990481.167379089,1725063.320366091,265417.84701299784,1.0,False,normal,-0.07692372409508894,8,纳指;黄金;国债ETF;半导体ETF;证券ETF;创新药ETF;酒ETF;军工ETF,纳指;黄金;国债ETF,半导体ETF;证券ETF;创新药ETF;酒ETF;军工ETF
2024-12-03,2001774.6953961272,1744292.0312896264,257482.6641065008,1.0,False,normal,-0.07168640361467364,9,沪深300;纳指;黄金;国债ETF;半导体ETF;证券ETF;创新药ETF;酒ETF;军工ETF,沪深300;纳指;黄金;国债ETF,半导体ETF;证券ETF;创新药ETF;酒ETF;军工ETF
2024-12-04,1998315.0299924454,1762617.150709937,235697.87928250828,1.0,False,normal,-0.07329080716746518,8,纳指;黄金;国债ETF;半导体ETF;创新药ETF;证券ETF;军工ETF;有色ETF,纳指;黄金;国债ETF,半导体ETF;创新药ETF;证券ETF;军工ETF;有色ETF
2024-12-05,2003337.2884978037,1786639.9021131892,216697.3863846145,0.6683013164064354,False,normal,-0.0709617584159705,10,沪深300;创业板;纳指;黄金;国债ETF;半导体ETF;证券ETF;创新药ETF;有色ETF;酒ETF,沪深300;创业板;纳指;黄金;国债ETF,半导体ETF;证券ETF;创新药ETF;有色ETF;酒ETF
2024-12-06,2016108.7812074935,1805146.6362771315,210962.144930362,0.685277717048716,False,normal,-0.06503903876334997,10,沪深300;创业板;纳指;黄金;国债ETF;证券ETF;创新药ETF;半导体ETF;酒ETF;有色ETF,沪深300;创业板;纳指;黄金;国债ETF,证券ETF;创新药ETF;半导体ETF;酒ETF;有色ETF
2024-12-09,2017761.213998677,1817447.823559115,200313.39043956203,0.7063919846430028,False,normal,-0.06427273083134516,10,沪深300;创业板;纳指;黄金;国债ETF;证券ETF;创新药ETF;半导体ETF;有色ETF;酒ETF,沪深300;创业板;纳指;黄金;国债ETF,证券ETF;创新药ETF;半导体ETF;有色ETF;酒ETF
2024-12-10,2024831.659944534,1835023.7203029632,189807.9396415709,0.7281101177671077,False,normal,-0.06099384479130168,10,沪深300;创业板;纳指;黄金;国债ETF;证券ETF;创新药ETF;半导体ETF;酒ETF;有色ETF,沪深300;创业板;纳指;黄金;国债ETF,证券ETF;创新药ETF;半导体ETF;酒ETF;有色ETF
2024-12-11,2027346.5877423044,1850107.1160192902,177239.47172301426,0.7506508505560414,False,normal,-0.059827558858140936,10,沪深300;创业板;纳指;黄金;国债ETF;证券ETF;创新药ETF;半导体ETF;有色ETF;酒ETF,沪深300;创业板;纳指;黄金;国债ETF,证券ETF;创新药ETF;半导体ETF;有色ETF;酒ETF
2024-12-12,2045311.252548632,1849585.768020097,195725.48452853505,0.7543000113188504,False,normal,-0.0514965300802401,10,沪深300;创业板;纳指;黄金;国债ETF;证券ETF;创新药ETF;半导体ETF;酒ETF;军工ETF,沪深300;创业板;纳指;黄金;国债ETF,证券ETF;创新药ETF;半导体ETF;酒ETF;军工ETF
2024-12-13,2021696.1524294454,1814491.2823322879,207204.87009715755,0.6189327195591887,False,normal,-0.06244792164846225,9,沪深300;创业板;纳指;国债ETF;半导体ETF;证券ETF;创新药ETF;军工ETF;酒ETF,沪深300;创业板;纳指;国债ETF,半导体ETF;证券ETF;创新药ETF;军工ETF;酒ETF
2024-12-16,2011854.6097177253,1808060.0828649222,203794.52685280307,1.0,False,normal,-0.06701189077531186,7,纳指;国债ETF;证券ETF;创新药ETF;半导体ETF;酒ETF;军工ETF,纳指;国债ETF,证券ETF;创新药ETF;半导体ETF;酒ETF;军工ETF
2024-12-17,2015162.3238769784,1823097.095668924,192065.22820805432,1.0,False,normal,-0.06547795389717422,7,纳指;国债ETF;证券ETF;酒ETF;半导体ETF;创新药ETF;军工ETF,纳指;国债ETF,证券ETF;酒ETF;半导体ETF;创新药ETF;军工ETF
2024-12-18,2022446.4678390014,1840914.2842633415,181532.18357566,0.6757469917580459,False,normal,-0.06209996640761011,9,沪深300;创业板;纳指;国债ETF;半导体ETF;证券ETF;酒ETF;创新药ETF;军工ETF,沪深300;创业板;纳指;国债ETF,半导体ETF;证券ETF;酒ETF;创新药ETF;军工ETF
2024-12-19,2016088.209010685,1848435.5156672427,167652.6933434424,1.0,False,normal,-0.06504857902282507,7,纳指;国债ETF;半导体ETF;证券ETF;酒ETF;军工ETF;创新药ETF,纳指;国债ETF,半导体ETF;证券ETF;酒ETF;军工ETF;创新药ETF
2024-12-20,2008247.1307910634,1850788.7972518932,157458.3335391702,1.0,False,normal,-0.06868484215390398,7,纳指;国债ETF;半导体ETF;证券ETF;军工ETF;酒ETF;创新药ETF,纳指;国债ETF,半导体ETF;证券ETF;军工ETF;酒ETF;创新药ETF
2024-12-23,2025702.861340177,1870729.179179782,154973.68216039496,0.7146469339383781,False,normal,-0.06058982924318568,9,沪深300;创业板;纳指;国债ETF;半导体ETF;证券ETF;军工ETF;创新药ETF;酒ETF,沪深300;创业板;纳指;国债ETF,半导体ETF;证券ETF;军工ETF;创新药ETF;酒ETF
2024-12-24,2037271.760600872,1890014.1006110448,147257.6599898273,0.7327557643277064,False,normal,-0.05522480664418126,9,沪深300;创业板;纳指;国债ETF;半导体ETF;证券ETF;军工ETF;酒ETF;创新药ETF,沪深300;创业板;纳指;国债ETF,半导体ETF;证券ETF;军工ETF;酒ETF;创新药ETF
2024-12-25,2036128.436512606,1901793.624760259,134334.81175234704,0.7557763743240515,False,normal,-0.05575501781062937,9,沪深300;创业板;纳指;国债ETF;半导体ETF;证券ETF;军工ETF;创新药ETF;酒ETF,沪深300;创业板;纳指;国债ETF,半导体ETF;证券ETF;军工ETF;创新药ETF;酒ETF
2024-12-26,2042463.0153687065,1920314.0028519935,122149.012516713,0.7790441376606886,False,normal,-0.0528173866711122,9,沪深300;创业板;纳指;国债ETF;半导体ETF;证券ETF;军工ETF;酒ETF;创新药ETF,沪深300;创业板;纳指;国债ETF,半导体ETF;证券ETF;军工ETF;酒ETF;创新药ETF
2024-12-27,2040989.9259561142,1933957.251900091,107032.67405602313,0.7999008226267742,False,normal,-0.053500524955128796,9,沪深300;创业板;纳指;国债ETF;半导体ETF;军工ETF;证券ETF;酒ETF;创新药ETF,沪深300;创业板;纳指;国债ETF,半导体ETF;军工ETF;证券ETF;酒ETF;创新药ETF
2024-12-30,2037278.8913577306,1962517.3433379673,74761.54801976332,1.0,False,normal,-0.055221499789239244,7,纳指;国债ETF;半导体ETF;证券ETF;军工ETF;酒ETF;有色ETF,纳指;国债ETF,半导体ETF;证券ETF;军工ETF;酒ETF;有色ETF
2024-12-31,2019348.445699235,1898296.7469157947,121051.69878344028,1.0,False,normal,-0.06353665959833849,7,纳指;国债ETF;半导体ETF;军工ETF;证券ETF;酒ETF;创新药ETF,纳指;国债ETF,半导体ETF;军工ETF;证券ETF;酒ETF;创新药ETF
2025-01-02,2007469.5130988047,1847344.3588439077,160125.15425489703,1.0,False,normal,-0.06904545869989875,8,纳指;黄金;国债ETF;半导体ETF;军工ETF;酒ETF;有色ETF;证券ETF,纳指;黄金;国债ETF,半导体ETF;军工ETF;酒ETF;有色ETF;证券ETF
2025-01-03,2002506.8536628517,1899496.9261341505,103009.92752870126,1.0,False,normal,-0.07134686866337793,8,纳指;黄金;国债ETF;半导体ETF;有色ETF;酒ETF;军工ETF;创新药ETF,纳指;黄金;国债ETF,半导体ETF;有色ETF;酒ETF;军工ETF;创新药ETF
2025-01-06,2006573.0688145147,1863043.2027924883,143529.8660220264,1.0,False,normal,-0.06946118051885387,8,纳指;黄金;国债ETF;半导体ETF;有色ETF;军工ETF;创新药ETF;证券ETF,纳指;黄金;国债ETF,半导体ETF;有色ETF;军工ETF;创新药ETF;证券ETF
2025-01-07,2011251.3718803383,1856148.525039244,155102.84684109432,1.0,False,normal,-0.06729163948408931,8,纳指;黄金;国债ETF;半导体ETF;有色ETF;军工ETF;证券ETF;酒ETF,纳指;黄金;国债ETF,半导体ETF;有色ETF;军工ETF;证券ETF;酒ETF
2025-01-08,2005250.6805941677,1863353.168545761,141897.51204840676,1.0,False,normal,-0.07007443183403497,8,纳指;黄金;国债ETF;半导体ETF;有色ETF;军工ETF;证券ETF;酒ETF,纳指;黄金;国债ETF,半导体ETF;有色ETF;军工ETF;证券ETF;酒ETF
2025-01-09,2007657.2653127597,1876237.683049341,131419.5822634187,1.0,False,normal,-0.06895838949407522,8,纳指;黄金;国债ETF;半导体ETF;有色ETF;军工ETF;证券ETF;酒ETF,纳指;黄金;国债ETF,半导体ETF;有色ETF;军工ETF;证券ETF;酒ETF
2025-01-10,2003258.8808586972,1942086.3662456023,61172.51461309497,1.0,False,normal,-0.07099811958968821,8,纳指;黄金;国债ETF;半导体ETF;有色ETF;军工ETF;酒ETF;创新药ETF,纳指;黄金;国债ETF,半导体ETF;有色ETF;军工ETF;酒ETF;创新药ETF
2025-01-13,1996133.5330044206,1886269.7167893082,109863.81621511234,1.0,False,normal,-0.0743024661314408,8,纳指;黄金;国债ETF;半导体ETF;有色ETF;酒ETF;证券ETF;军工ETF,纳指;黄金;国债ETF,半导体ETF;有色ETF;酒ETF;证券ETF;军工ETF
2025-01-14,2013825.5600738588,1855303.5713142867,158521.98875957215,1.0,False,normal,-0.06609787182122713,8,纳指;黄金;国债ETF;半导体ETF;有色ETF;军工ETF;证券ETF;酒ETF,纳指;黄金;国债ETF,半导体ETF;有色ETF;军工ETF;证券ETF;酒ETF
2025-01-15,2010084.5050361461,1862691.9356767265,147392.56935941963,1.0,False,normal,-0.06783276849282646,8,纳指;黄金;国债ETF;半导体ETF;有色ETF;证券ETF;军工ETF;酒ETF,纳指;黄金;国债ETF,半导体ETF;有色ETF;证券ETF;军工ETF;酒ETF
2025-01-16,2021572.0024501886,1887735.2925633218,133836.70988686685,1.0,False,normal,-0.06250549561720115,8,纳指;黄金;国债ETF;有色ETF;半导体ETF;证券ETF;酒ETF;军工ETF,纳指;黄金;国债ETF,有色ETF;半导体ETF;证券ETF;酒ETF;军工ETF
2025-01-17,2024994.4904932869,1899863.9195892087,125130.5709040782,1.0,False,normal,-0.06091833289045602,8,纳指;黄金;国债ETF;有色ETF;半导体ETF;酒ETF;证券ETF;军工ETF,纳指;黄金;国债ETF,有色ETF;半导体ETF;酒ETF;证券ETF;军工ETF
2025-01-20,2029956.5813656822,1922160.4169126055,107796.16445307666,1.0,False,normal,-0.05861718659565157,8,纳指;黄金;国债ETF;半导体ETF;有色ETF;军工ETF;创新药ETF;证券ETF,纳指;黄金;国债ETF,半导体ETF;有色ETF;军工ETF;创新药ETF;证券ETF
2025-01-21,2030327.2266620724,1938256.930470574,92070.2961914984,1.0,False,normal,-0.05844530158338391,8,纳指;黄金;国债ETF;半导体ETF;有色ETF;军工ETF;创新药ETF;证券ETF,纳指;黄金;国债ETF,半导体ETF;有色ETF;军工ETF;创新药ETF;证券ETF
2025-01-22,2035888.870587291,1959136.5332992428,76752.33728804812,1.0,False,normal,-0.05586611538130606,8,纳指;黄金;国债ETF;半导体ETF;有色ETF;创新药ETF;证券ETF;军工ETF,纳指;黄金;国债ETF,半导体ETF;有色ETF;创新药ETF;证券ETF;军工ETF
2025-01-23,2028593.1613652757,2028593.1613652762,-4.656612873077393e-10,1.0,False,normal,-0.059249466205775494,8,纳指;黄金;国债ETF;有色ETF;半导体ETF;创新药ETF;酒ETF;证券ETF,纳指;黄金;国债ETF,有色ETF;半导体ETF;创新药ETF;酒ETF;证券ETF
2025-01-24,2035132.7511908635,1981696.8570687503,53435.89412211324,1.0,False,normal,-0.05621676219376131,8,纳指;黄金;国债ETF;半导体ETF;有色ETF;创新药ETF;证券ETF;军工ETF,纳指;黄金;国债ETF,半导体ETF;有色ETF;创新药ETF;证券ETF;军工ETF
2025-01-27,2019765.367262695,2019765.3672626945,4.656612873077393e-10,1.0,False,normal,-0.0633433141849529,8,纳指;黄金;国债ETF;有色ETF;半导体ETF;创新药ETF;军工ETF;酒ETF,纳指;黄金;国债ETF,有色ETF;半导体ETF;创新药ETF;军工ETF;酒ETF
2025-02-05,2040727.358361444,1996317.0010236036,44410.35733784037,1.0,False,normal,-0.05362228944174317,8,纳指;黄金;国债ETF;半导体ETF;有色ETF;创新药ETF;军工ETF;证券ETF,纳指;黄金;国债ETF,半导体ETF;有色ETF;创新药ETF;军工ETF;证券ETF
2025-02-06,2056056.9320303774,1983322.8283770734,72734.10365330405,1.0,False,normal,-0.04651327178036977,8,纳指;黄金;国债ETF;半导体ETF;有色ETF;创新药ETF;军工ETF;证券ETF,纳指;黄金;国债ETF,半导体ETF;有色ETF;创新药ETF;军工ETF;证券ETF
2025-02-07,2061936.3345737169,1998159.5019641514,63776.83260956546,1.0,False,normal,-0.04378672651423312,8,纳指;黄金;国债ETF;半导体ETF;有色ETF;军工ETF;创新药ETF;证券ETF,纳指;黄金;国债ETF,半导体ETF;有色ETF;军工ETF;创新药ETF;证券ETF
2025-02-10,2067103.845107394,2018528.682953105,48575.16215428896,1.0,False,normal,-0.04139031781803485,8,纳指;黄金;国债ETF;半导体ETF;有色ETF;军工ETF;创新药ETF;证券ETF,纳指;黄金;国债ETF,半导体ETF;有色ETF;军工ETF;创新药ETF;证券ETF
2025-02-11,2066992.3107178302,2066992.31071783,2.3283064365386963e-10,1.0,False,normal,-0.04144204136641159,7,黄金;国债ETF;半导体ETF;有色ETF;创新药ETF;军工ETF;证券ETF,黄金;国债ETF,半导体ETF;有色ETF;创新药ETF;军工ETF;证券ETF
2025-02-12,2069124.0410312354,2069124.0410312351,2.3283064365386963e-10,1.0,False,normal,-0.04045346146363229,8,纳指;黄金;国债ETF;半导体ETF;有色ETF;军工ETF;创新药ETF;证券ETF,纳指;黄金;国债ETF,半导体ETF;有色ETF;军工ETF;创新药ETF;证券ETF
2025-02-13,2066592.8295130492,2066592.8295130492,0.0,1.0,False,normal,-0.041627298895518874,8,纳指;黄金;国债ETF;半导体ETF;有色ETF;创新药ETF;证券ETF;军工ETF,纳指;黄金;国债ETF,半导体ETF;有色ETF;创新药ETF;证券ETF;军工ETF
2025-02-14,2074259.9741537732,2074259.9741537734,-2.3283064365386963e-10,1.0,False,normal,-0.03807169664327417,8,纳指;黄金;国债ETF;半导体ETF;有色ETF;创新药ETF;证券ETF;军工ETF,纳指;黄金;国债ETF,半导体ETF;有色ETF;创新药ETF;证券ETF;军工ETF
2025-02-17,2066338.7657536978,2066338.7657536976,2.3283064365386963e-10,1.0,False,normal,-0.04174511976851576,8,沪深300;纳指;黄金;半导体ETF;创新药ETF;证券ETF;军工ETF;有色ETF,沪深300;纳指;黄金,半导体ETF;创新药ETF;证券ETF;军工ETF;有色ETF
2025-02-18,2059359.3879628885,2059359.3879628885,0.0,1.0,False,normal,-0.04498177338014312,7,沪深300;黄金;半导体ETF;创新药ETF;有色ETF;军工ETF;证券ETF,沪深300;黄金,半导体ETF;创新药ETF;有色ETF;军工ETF;证券ETF
2025-02-19,2078833.4063479807,2078833.4063479803,4.656612873077393e-10,0.7438027912781433,False,normal,-0.035950788981790764,8,沪深300;创业板;黄金;半导体ETF;创新药ETF;军工ETF;有色ETF;证券ETF,沪深300;创业板;黄金,半导体ETF;创新药ETF;军工ETF;有色ETF;证券ETF
2025-02-20,2083066.4850161895,2083066.48501619,-4.656612873077393e-10,0.7076633739186299,False,normal,-0.03398771866658264,7,创业板;黄金;半导体ETF;创新药ETF;军工ETF;有色ETF;证券ETF,创业板;黄金,半导体ETF;创新药ETF;军工ETF;有色ETF;证券ETF
2025-02-21,2109167.3218161403,2109167.3218161403,0.0,0.7676550841080328,False,normal,-0.021883578408363413,8,沪深300;创业板;黄金;半导体ETF;创新药ETF;军工ETF;证券ETF;有色ETF,沪深300;创业板;黄金,半导体ETF;创新药ETF;军工ETF;证券ETF;有色ETF
2025-02-24,2102738.761465055,2102738.7614650545,4.656612873077393e-10,0.7806967871359194,False,normal,-0.024864793023984904,8,沪深300;创业板;黄金;半导体ETF;创新药ETF;军工ETF;证券ETF;有色ETF,沪深300;创业板;黄金,半导体ETF;创新药ETF;军工ETF;证券ETF;有色ETF
2025-02-25,2085889.1995316828,2085889.199531683,-2.3283064365386963e-10,0.7364661170327365,False,normal,-0.03267869809125358,7,创业板;黄金;半导体ETF;创新药ETF;军工ETF;证券ETF;有色ETF,创业板;黄金,半导体ETF;创新药ETF;军工ETF;证券ETF;有色ETF
2025-02-26,2097692.4729731632,2051599.654178291,46092.818794872146,0.7592014330497034,False,normal,-0.027204985568670282,7,创业板;黄金;半导体ETF;创新药ETF;军工ETF;证券ETF;酒ETF,创业板;黄金,半导体ETF;创新药ETF;军工ETF;证券ETF;酒ETF
2025-02-27,2091672.1859906628,2091672.1859906632,-4.656612873077393e-10,0.7681667004284288,False,normal,-0.029996865330588658,7,创业板;黄金;半导体ETF;创新药ETF;军工ETF;酒ETF;证券ETF,创业板;黄金,半导体ETF;创新药ETF;军工ETF;酒ETF;证券ETF
2025-02-28,2040670.4229096714,2040670.4229096717,-2.3283064365386963e-10,0.7055971795692311,False,normal,-0.05364869298961414,6,黄金;半导体ETF;创新药ETF;酒ETF;军工ETF;有色ETF,黄金,半导体ETF;创新药ETF;酒ETF;军工ETF;有色ETF
2025-03-03,2044806.3461743311,2044806.346174331,2.3283064365386963e-10,0.7277312564785948,False,normal,-0.051730678035673376,6,黄金;半导体ETF;创新药ETF;酒ETF;有色ETF;军工ETF,黄金,半导体ETF;创新药ETF;酒ETF;有色ETF;军工ETF
2025-03-04,2061676.002897014,2061676.0028970144,-4.656612873077393e-10,0.7375693730213324,False,normal,-0.04390745410441045,6,黄金;半导体ETF;创新药ETF;军工ETF;酒ETF;有色ETF,黄金,半导体ETF;创新药ETF;军工ETF;酒ETF;有色ETF
2025-03-05,2073836.9728637896,2073836.9728637896,0.0,0.6871732283674338,False,normal,-0.038267861501229135,7,创业板;黄金;半导体ETF;酒ETF;创新药ETF;军工ETF;有色ETF,创业板;黄金,半导体ETF;酒ETF;创新药ETF;军工ETF;有色ETF
2025-03-06,2097361.5442410503,2097361.54424105,4.656612873077393e-10,0.736107686694478,False,normal,-0.02735845221112589,8,沪深300;创业板;黄金;半导体ETF;创新药ETF;酒ETF;军工ETF;有色ETF,沪深300;创业板;黄金,半导体ETF;创新药ETF;酒ETF;军工ETF;有色ETF
2025-03-07,2090856.3990218546,2090856.399021855,-4.656612873077393e-10,0.7433838887634615,False,normal,-0.03037518269899196,8,沪深300;创业板;黄金;半导体ETF;酒ETF;军工ETF;有色ETF;创新药ETF,沪深300;创业板;黄金,半导体ETF;酒ETF;军工ETF;有色ETF;创新药ETF
2025-03-10,2092542.1462519816,2156954.1105273413,-64411.96427535964,0.7661638966312178,False,normal,-0.029593425352675763,8,沪深300;创业板;黄金;半导体ETF;酒ETF;军工ETF;有色ETF;创新药ETF,沪深300;创业板;黄金,半导体ETF;酒ETF;军工ETF;有色ETF;创新药ETF
2025-03-11,2096945.1185252499,2177435.1665721424,-80490.04804689251,0.7892216239621185,False,normal,-0.02755156767749234,8,沪深300;创业板;黄金;半导体ETF;酒ETF;军工ETF;有色ETF;创新药ETF,沪深300;创业板;黄金,半导体ETF;酒ETF;军工ETF;有色ETF;创新药ETF
2025-03-12,2091715.448259065,2184775.768349728,-93060.32009066315,0.8126365479605098,False,normal,-0.02997680265717164,8,沪深300;创业板;黄金;半导体ETF;军工ETF;有色ETF;酒ETF;创新药ETF,沪深300;创业板;黄金,半导体ETF;军工ETF;有色ETF;酒ETF;创新药ETF
2025-03-13,2082914.2734603086,2184468.7170640803,-101554.44360377174,0.8333793520433616,False,normal,-0.03405830605944771,8,沪深300;创业板;黄金;军工ETF;半导体ETF;有色ETF;酒ETF;创新药ETF,沪深300;创业板;黄金,军工ETF;半导体ETF;有色ETF;酒ETF;创新药ETF
2025-03-14,2131730.467808788,2196318.756799296,-64588.288990507834,0.6957971313626771,False,normal,-0.011420025616745573,8,沪深300;创业板;黄金;有色ETF;半导体ETF;酒ETF;军工ETF;创新药ETF,沪深300;创业板;黄金,有色ETF;半导体ETF;酒ETF;军工ETF;创新药ETF
2025-03-17,2125072.8166272705,2204586.8133947933,-79513.99676752277,0.7126485344901404,False,normal,-0.014507480027078514,8,沪深300;创业板;黄金;酒ETF;半导体ETF;有色ETF;军工ETF;创新药ETF,沪深300;创业板;黄金,酒ETF;半导体ETF;有色ETF;军工ETF;创新药ETF
2025-03-18,2136459.8839634685,2237655.6533253146,-101195.76936184615,0.7312257760228199,False,normal,-0.009226781127517313,8,沪深300;创业板;黄金;有色ETF;酒ETF;军工ETF;半导体ETF;创新药ETF,沪深300;创业板;黄金,有色ETF;酒ETF;军工ETF;半导体ETF;创新药ETF
2025-03-19,2136626.212142458,2247220.381850933,-110594.169708475,0.7535788213741977,False,normal,-0.009149647217106083,8,沪深300;创业板;黄金;有色ETF;酒ETF;半导体ETF;军工ETF;创新药ETF,沪深300;创业板;黄金,有色ETF;酒ETF;半导体ETF;军工ETF;创新药ETF
2025-03-20,2124135.1336404923,2244831.3487462346,-120696.21510574222,0.7610044424699088,False,normal,-0.014942326100279155,8,沪深300;创业板;黄金;有色ETF;酒ETF;军工ETF;半导体ETF;创新药ETF,沪深300;创业板;黄金,有色ETF;酒ETF;军工ETF;半导体ETF;创新药ETF
2025-03-21,2089476.9876972889,2161284.5440407693,-71807.55634348048,0.7135383844128756,False,normal,-0.031014878210453546,8,沪深300;创业板;黄金;有色ETF;军工ETF;酒ETF;创新药ETF;半导体ETF,沪深300;创业板;黄金,有色ETF;军工ETF;酒ETF;创新药ETF;半导体ETF
2025-03-24,2093467.6930057486,2186976.373554798,-93508.68054904928,0.7354124706707522,False,normal,-0.029164207400431574,8,沪深300;创业板;黄金;有色ETF;酒ETF;军工ETF;创新药ETF;半导体ETF,沪深300;创业板;黄金,有色ETF;酒ETF;军工ETF;创新药ETF;半导体ETF
2025-03-25,2088516.3861566698,2199911.268492848,-111394.88233617833,0.7576918273776537,False,normal,-0.031460352655163164,8,沪深300;创业板;黄金;有色ETF;酒ETF;军工ETF;创新药ETF;半导体ETF,沪深300;创业板;黄金,有色ETF;酒ETF;军工ETF;创新药ETF;半导体ETF
2025-03-26,2085050.763754584,2218450.5841932497,-133399.8204386658,0.7805140386446566,False,normal,-0.033067518737936175,8,沪深300;创业板;黄金;有色ETF;酒ETF;军工ETF;创新药ETF;半导体ETF,沪深300;创业板;黄金,有色ETF;酒ETF;军工ETF;创新药ETF;半导体ETF
2025-03-27,2095633.2603794918,2239051.5478156633,-143418.28743617143,0.8025660743365313,False,normal,-0.02815993572012815,8,沪深300;创业板;黄金;有色ETF;创新药ETF;酒ETF;军工ETF;半导体ETF,沪深300;创业板;黄金,有色ETF;创新药ETF;酒ETF;军工ETF;半导体ETF
2025-03-28,2093995.4937944487,2308750.1065138723,-214754.6127194236,0.8262516854238833,False,normal,-0.02891944226804176,8,沪深300;创业板;黄金;有色ETF;创新药ETF;酒ETF;军工ETF;证券ETF,沪深300;创业板;黄金,有色ETF;创新药ETF;酒ETF;军工ETF;证券ETF
2025-03-31,2079309.7730996627,2238760.350781285,-159450.57768162247,0.8484114679460417,False,normal,-0.03572987614206441,8,沪深300;创业板;黄金;有色ETF;创新药ETF;酒ETF;军工ETF;半导体ETF,沪深300;创业板;黄金,有色ETF;创新药ETF;酒ETF;军工ETF;半导体ETF
2025-04-01,2091191.196848317,2241633.665487866,-150442.46863954887,1.0,False,normal,-0.03021992178223638,8,沪深300;创业板;黄金;创新药ETF;有色ETF;酒ETF;军工ETF;半导体ETF,沪深300;创业板;黄金,创新药ETF;有色ETF;酒ETF;军工ETF;半导体ETF
2025-04-02,2084184.917087757,2246848.2588185044,-162663.34173074737,1.0,False,normal,-0.033469051055758405,7,沪深300;黄金;创新药ETF;有色ETF;酒ETF;军工ETF;半导体ETF,沪深300;黄金,创新药ETF;有色ETF;酒ETF;军工ETF;半导体ETF
2025-04-03,2085174.2398027782,2270980.8792143404,-185806.63941156212,1.0,False,normal,-0.033010257301556566,6,黄金;创新药ETF;有色ETF;酒ETF;半导体ETF;军工ETF,黄金,创新药ETF;有色ETF;酒ETF;半导体ETF;军工ETF
2025-04-07,1970442.671252409,1697135.8872300521,273306.78402235685,0.5855574491871708,False,warning,-0.08621648239016298,6,黄金;创新药ETF;酒ETF;有色ETF;半导体ETF;军工ETF,黄金,创新药ETF;酒ETF;有色ETF;半导体ETF;军工ETF
2025-04-08,1985353.3431187705,1711590.188557409,273763.15456136153,0.5994169749368515,False,normal,-0.07930172846874604,6,黄金;酒ETF;创新药ETF;有色ETF;军工ETF;半导体ETF,黄金,酒ETF;创新药ETF;有色ETF;军工ETF;半导体ETF
2025-04-09,2010611.4051062225,1729985.553738841,280625.8513673814,0.6001396627455943,False,normal,-0.06758842106446042,6,黄金;酒ETF;创新药ETF;军工ETF;半导体ETF;有色ETF,黄金,酒ETF;创新药ETF;军工ETF;半导体ETF;有色ETF
2025-04-10,2047062.4410585228,1764005.1373184747,283057.3037400481,1.0,False,normal,-0.050684424648342975,7,黄金;国债ETF;酒ETF;创新药ETF;军工ETF;有色ETF;半导体ETF,黄金;国债ETF,酒ETF;创新药ETF;军工ETF;有色ETF;半导体ETF
2025-04-11,2062562.6751228936,1784055.7605902117,278506.9145326819,1.0,False,normal,-0.043496264031564355,7,黄金;国债ETF;创新药ETF;半导体ETF;酒ETF;军工ETF;有色ETF,黄金;国债ETF,创新药ETF;半导体ETF;酒ETF;军工ETF;有色ETF
2025-04-14,2069303.5942182587,1799809.6704325718,269493.92378568696,1.0,False,normal,-0.04037019451797078,7,黄金;国债ETF;创新药ETF;半导体ETF;酒ETF;有色ETF;军工ETF,黄金;国债ETF,创新药ETF;半导体ETF;酒ETF;有色ETF;军工ETF
2025-04-15,2066090.5984701866,1806450.3030930525,259640.2953771341,1.0,False,normal,-0.04186020617858546,7,黄金;国债ETF;创新药ETF;酒ETF;半导体ETF;军工ETF;有色ETF,黄金;国债ETF,创新药ETF;酒ETF;半导体ETF;军工ETF;有色ETF
2025-04-16,2083955.5989707108,1833484.4430554344,250471.15591527638,1.0,False,normal,-0.033575396253567695,7,黄金;国债ETF;创新药ETF;酒ETF;半导体ETF;有色ETF;军工ETF,黄金;国债ETF,创新药ETF;酒ETF;半导体ETF;有色ETF;军工ETF
2025-04-17,2090086.0507299202,1850566.2404284014,239519.81030151877,1.0,False,normal,-0.030732428094789845,7,黄金;国债ETF;酒ETF;创新药ETF;半导体ETF;有色ETF;军工ETF,黄金;国债ETF,酒ETF;创新药ETF;半导体ETF;有色ETF;军工ETF
2025-04-18,2089272.5599718587,1861213.732584897,228058.82738696178,1.0,False,normal,-0.031109680606263304,7,黄金;国债ETF;酒ETF;创新药ETF;半导体ETF;有色ETF;军工ETF,黄金;国债ETF,酒ETF;创新药ETF;半导体ETF;有色ETF;军工ETF
2025-04-21,2107952.1013977854,1883602.0273814523,224350.0740163331,1.0,False,normal,-0.022447131159608846,7,黄金;国债ETF;创新药ETF;半导体ETF;酒ETF;有色ETF;军工ETF,黄金;国债ETF,创新药ETF;半导体ETF;酒ETF;有色ETF;军工ETF
2025-04-22,2132841.601777946,1918814.4667099598,214027.13506798632,1.0,False,normal,-0.010904742466575277,7,黄金;国债ETF;创新药ETF;半导体ETF;酒ETF;有色ETF;军工ETF,黄金;国债ETF,创新药ETF;半导体ETF;酒ETF;有色ETF;军工ETF
2025-04-23,2084693.4377375813,1887425.549051125,197267.88868645625,0.6126040821867323,False,normal,-0.03323322699705675,7,黄金;国债ETF;创新药ETF;半导体ETF;酒ETF;有色ETF;军工ETF,黄金;国债ETF,创新药ETF;半导体ETF;酒ETF;有色ETF;军工ETF
2025-04-24,2089783.2616704048,1904522.7178341614,185260.54383624345,0.6300436959246671,False,normal,-0.030872845096479036,7,黄金;国债ETF;创新药ETF;半导体ETF;酒ETF;有色ETF;军工ETF,黄金;国债ETF,创新药ETF;半导体ETF;酒ETF;有色ETF;军工ETF
2025-04-25,2085021.144791247,1914025.2315968429,170995.91319440422,0.6449812548529349,False,normal,-0.033081254392822626,7,黄金;国债ETF;半导体ETF;创新药ETF;酒ETF;有色ETF;军工ETF,黄金;国债ETF,半导体ETF;创新药ETF;酒ETF;有色ETF;军工ETF
2025-04-28,2077324.1770337608,1920998.2455829338,156325.93145082705,0.6573625776988797,False,normal,-0.0366506869751443,7,黄金;国债ETF;半导体ETF;创新药ETF;酒ETF;军工ETF;有色ETF,黄金;国债ETF,半导体ETF;创新药ETF;酒ETF;军工ETF;有色ETF
2025-04-29,2083648.08221731,1941462.5593242354,142185.52289307467,0.6763202666211177,False,normal,-0.03371800570105181,7,黄金;国债ETF;半导体ETF;酒ETF;创新药ETF;有色ETF;军工ETF,黄金;国债ETF,半导体ETF;酒ETF;创新药ETF;有色ETF;军工ETF
2025-04-30,2082363.8632974154,1953369.5550066987,128994.30829071673,0.6933351772558716,False,normal,-0.03431355618273955,7,黄金;国债ETF;半导体ETF;创新药ETF;酒ETF;军工ETF;有色ETF,黄金;国债ETF,半导体ETF;创新药ETF;酒ETF;军工ETF;有色ETF
2025-05-06,2102551.644359192,1976490.4215482473,126061.22281094454,0.6997529991375322,False,normal,-0.024951567701419104,7,黄金;国债ETF;半导体ETF;创新药ETF;有色ETF;酒ETF;军工ETF,黄金;国债ETF,半导体ETF;创新药ETF;有色ETF;酒ETF;军工ETF
2025-05-07,2110437.623366894,1998797.343826092,111640.27954080212,0.7206842198958356,False,normal,-0.02129448204113172,7,黄金;国债ETF;军工ETF;半导体ETF;有色ETF;创新药ETF;酒ETF,黄金;国债ETF,军工ETF;半导体ETF;有色ETF;创新药ETF;酒ETF
2025-05-08,2102355.451305955,2007212.90027042,95142.55103553529,0.7237746197302092,False,normal,-0.025042551306744345,7,黄金;国债ETF;军工ETF;半导体ETF;创新药ETF;有色ETF;酒ETF,黄金;国债ETF,军工ETF;半导体ETF;创新药ETF;有色ETF;酒ETF
2025-05-09,2094776.799712083,2009340.6079724168,85436.19173966628,0.6594143740041396,False,normal,-0.028557115324882556,8,纳指;黄金;国债ETF;创新药ETF;有色ETF;军工ETF;半导体ETF;酒ETF,纳指;黄金;国债ETF,创新药ETF;有色ETF;军工ETF;半导体ETF;酒ETF
2025-05-12,2099829.0464227097,2024219.9162053706,75609.13021733915,0.6793696931369886,False,normal,-0.026214159684293022,8,纳指;黄金;国债ETF;军工ETF;有色ETF;创新药ETF;半导体ETF;酒ETF,纳指;黄金;国债ETF,军工ETF;有色ETF;创新药ETF;半导体ETF;酒ETF
2025-05-13,2095910.0817755691,2038140.069543841,57770.01223172806,0.699518760574307,False,normal,-0.028031561100177196,8,纳指;黄金;国债ETF;军工ETF;创新药ETF;有色ETF;酒ETF;证券ETF,纳指;黄金;国债ETF,军工ETF;创新药ETF;有色ETF;酒ETF;证券ETF
2025-05-14,2112501.489486602,2062290.7255328563,50210.76395374583,0.7134651976458981,False,normal,-0.020337373838869844,8,纳指;黄金;国债ETF;军工ETF;创新药ETF;证券ETF;有色ETF;酒ETF,纳指;黄金;国债ETF,军工ETF;创新药ETF;证券ETF;有色ETF;酒ETF
2025-05-15,2088469.1797545473,2040769.0479544254,47700.13180012186,0.6907762574296064,False,normal,-0.03148224440203535,8,纳指;黄金;国债ETF;创新药ETF;军工ETF;有色ETF;证券ETF;酒ETF,纳指;黄金;国债ETF,创新药ETF;军工ETF;有色ETF;证券ETF;酒ETF
2025-05-16,2094920.512483713,2094920.5124837128,2.3283064365386963e-10,0.7064670147242372,False,normal,-0.02849046920322606,8,纳指;黄金;国债ETF;创新药ETF;军工ETF;有色ETF;证券ETF;酒ETF,纳指;黄金;国债ETF,创新药ETF;军工ETF;有色ETF;证券ETF;酒ETF
2025-05-19,2093102.8937562262,2093102.8937562257,4.656612873077393e-10,0.7278054891251186,False,normal,-0.0293333813359707,8,纳指;黄金;国债ETF;创新药ETF;军工ETF;有色ETF;证券ETF;酒ETF,纳指;黄金;国债ETF,创新药ETF;军工ETF;有色ETF;证券ETF;酒ETF
2025-05-20,2101092.678778485,2101092.6787784854,-4.656612873077393e-10,0.7491617089159638,False,normal,-0.025628156124853273,8,纳指;黄金;国债ETF;创新药ETF;军工ETF;有色ETF;证券ETF;酒ETF,纳指;黄金;国债ETF,创新药ETF;军工ETF;有色ETF;证券ETF;酒ETF
2025-05-21,2116374.9748589117,2116374.9748589117,0.0,0.7893473041468391,False,normal,-0.018541063222702776,9,沪深300;纳指;黄金;国债ETF;创新药ETF;有色ETF;军工ETF;证券ETF;酒ETF,沪深300;纳指;黄金;国债ETF,创新药ETF;有色ETF;军工ETF;证券ETF;酒ETF
2025-05-22,2110677.4078758564,2110677.407875856,4.656612873077393e-10,0.7811391227331405,False,normal,-0.021183283103317126,8,纳指;黄金;国债ETF;创新药ETF;军工ETF;有色ETF;证券ETF;酒ETF,纳指;黄金;国债ETF,创新药ETF;军工ETF;有色ETF;证券ETF;酒ETF
2025-05-23,2106122.089589321,2106122.089589321,0.0,0.8043686630288617,False,normal,-0.023295790525345774,8,纳指;黄金;国债ETF;创新药ETF;有色ETF;军工ETF;酒ETF;证券ETF,纳指;黄金;国债ETF,创新药ETF;有色ETF;军工ETF;酒ETF;证券ETF
2025-05-26,2105133.820635929,2173794.658569356,-68660.83793342719,0.8295527925534357,False,normal,-0.023754095602550283,8,纳指;黄金;国债ETF;创新药ETF;有色ETF;军工ETF;证券ETF;酒ETF,纳指;黄金;国债ETF,创新药ETF;有色ETF;军工ETF;证券ETF;酒ETF
2025-05-27,2102512.2189062783,2192858.358660382,-90346.13975410396,0.853150136993479,False,normal,-0.024969851069706027,8,纳指;黄金;国债ETF;创新药ETF;军工ETF;有色ETF;证券ETF;酒ETF,纳指;黄金;国债ETF,创新药ETF;军工ETF;有色ETF;证券ETF;酒ETF
2025-05-28,2106409.2003587955,2217677.2304784646,-111268.03011966916,1.0,False,normal,-0.023162644256894717,8,纳指;黄金;国债ETF;创新药ETF;军工ETF;有色ETF;证券ETF;酒ETF,纳指;黄金;国债ETF,创新药ETF;军工ETF;有色ETF;证券ETF;酒ETF
2025-05-29,2118398.5976074617,2212675.0308188978,-94276.43321143603,1.0,False,normal,-0.0176026176944652,8,纳指;黄金;国债ETF;创新药ETF;军工ETF;有色ETF;证券ETF;酒ETF,纳指;黄金;国债ETF,创新药ETF;军工ETF;有色ETF;证券ETF;酒ETF
2025-05-30,2110657.238684404,2224182.8456666265,-113525.60698222229,1.0,False,normal,-0.021192636470954478,8,纳指;黄金;国债ETF;创新药ETF;军工ETF;有色ETF;证券ETF;酒ETF,纳指;黄金;国债ETF,创新药ETF;军工ETF;有色ETF;证券ETF;酒ETF
2025-06-03,2123190.1066716993,2257503.7645475497,-134313.65787585033,1.0,False,normal,-0.01538057791058479,8,纳指;黄金;国债ETF;创新药ETF;军工ETF;有色ETF;证券ETF;酒ETF,纳指;黄金;国债ETF,创新药ETF;军工ETF;有色ETF;证券ETF;酒ETF
2025-06-04,2133604.9832954104,2280865.3178910976,-147260.33459568722,1.0,False,normal,-0.010550727879658375,9,沪深300;纳指;黄金;国债ETF;创新药ETF;有色ETF;军工ETF;证券ETF;酒ETF,沪深300;纳指;黄金;国债ETF,创新药ETF;有色ETF;军工ETF;证券ETF;酒ETF
2025-06-05,2134002.105365843,2305620.919361206,-171618.81399536273,0.858087030454078,False,normal,-0.010366564388005104,10,沪深300;创业板;纳指;黄金;国债ETF;创新药ETF;有色ETF;证券ETF;军工ETF;酒ETF,沪深300;创业板;纳指;黄金;国债ETF,创新药ETF;有色ETF;证券ETF;军工ETF;酒ETF
2025-06-06,2131524.1578021403,2224188.7872541705,-92664.62945203017,1.0,False,normal,-0.011515700911613679,10,沪深300;创业板;纳指;黄金;国债ETF;创新药ETF;有色ETF;证券ETF;军工ETF;半导体ETF,沪深300;创业板;纳指;黄金;国债ETF,创新药ETF;有色ETF;证券ETF;军工ETF;半导体ETF
2025-06-09,2141014.5167420185,2236984.158119939,-95969.64137792028,1.0,False,normal,-0.007114591606591444,10,沪深300;创业板;纳指;黄金;国债ETF;创新药ETF;有色ETF;证券ETF;军工ETF;半导体ETF,沪深300;创业板;纳指;黄金;国债ETF,创新药ETF;有色ETF;证券ETF;军工ETF;半导体ETF
2025-06-10,2130079.310561616,2229400.978281826,-99321.6677202098,1.0,False,normal,-0.012185742021216759,10,沪深300;创业板;纳指;黄金;国债ETF;创新药ETF;有色ETF;证券ETF;军工ETF;半导体ETF,沪深300;创业板;纳指;黄金;国债ETF,创新药ETF;有色ETF;证券ETF;军工ETF;半导体ETF
2025-06-11,2143167.30508806,2261209.8886152264,-118042.5835271664,1.0,False,normal,-0.006116246140257784,10,沪深300;创业板;纳指;黄金;国债ETF;创新药ETF;有色ETF;证券ETF;军工ETF;半导体ETF,沪深300;创业板;纳指;黄金;国债ETF,创新药ETF;有色ETF;证券ETF;军工ETF;半导体ETF
2025-06-12,2148344.9851216367,2289283.527690479,-140938.54256884241,1.0,False,normal,-0.0037151213863299156,10,沪深300;创业板;纳指;黄金;国债ETF;创新药ETF;有色ETF;军工ETF;证券ETF;半导体ETF,沪深300;创业板;纳指;黄金;国债ETF,创新药ETF;有色ETF;军工ETF;证券ETF;半导体ETF
2025-06-13,2140239.0841584415,2296160.6922824327,-155921.60812399117,1.0,False,normal,-0.0074741948187163135,10,沪深300;创业板;纳指;黄金;国债ETF;创新药ETF;有色ETF;军工ETF;证券ETF;半导体ETF,沪深300;创业板;纳指;黄金;国债ETF,创新药ETF;有色ETF;军工ETF;证券ETF;半导体ETF
2025-06-16,2146991.813062293,2328268.4626903394,-181276.64962804643,1.0,False,normal,-0.004342648562003836,10,沪深300;创业板;纳指;黄金;国债ETF;创新药ETF;有色ETF;证券ETF;军工ETF;半导体ETF,沪深300;创业板;纳指;黄金;国债ETF,创新药ETF;有色ETF;证券ETF;军工ETF;半导体ETF
2025-06-17,2139136.424643544,2329487.5507737547,-190351.1261302107,1.0,False,normal,-0.007985547980596721,9,沪深300;创业板;纳指;国债ETF;创新药ETF;有色ETF;证券ETF;军工ETF;半导体ETF,沪深300;创业板;纳指;国债ETF,创新药ETF;有色ETF;证券ETF;军工ETF;半导体ETF
2025-06-18,2130451.581842258,2345311.749717762,-214860.16787550412,1.0,False,normal,-0.012013102966402709,9,沪深300;创业板;纳指;国债ETF;创新药ETF;有色ETF;军工ETF;证券ETF;半导体ETF,沪深300;创业板;纳指;国债ETF,创新药ETF;有色ETF;军工ETF;证券ETF;半导体ETF
2025-06-19,2108260.917275776,2290311.2470412534,-182050.32976547722,0.8433647650950867,False,normal,-0.02230391924920861,8,创业板;纳指;国债ETF;创新药ETF;有色ETF;军工ETF;证券ETF;半导体ETF,创业板;纳指;国债ETF,创新药ETF;有色ETF;军工ETF;证券ETF;半导体ETF
2025-06-20,2101362.801003069,2303074.1188752023,-201711.3178721331,0.8670933060547938,False,normal,-0.025502888214161773,8,创业板;纳指;国债ETF;创新药ETF;有色ETF;证券ETF;军工ETF;半导体ETF,创业板;纳指;国债ETF,创新药ETF;有色ETF;证券ETF;军工ETF;半导体ETF
2025-06-23,2112445.888095691,2303606.8991274494,-191161.0110317585,1.0,False,normal,-0.020363158722293325,9,沪深300;创业板;纳指;国债ETF;创新药ETF;有色ETF;证券ETF;军工ETF;半导体ETF,沪深300;创业板;纳指;国债ETF,创新药ETF;有色ETF;证券ETF;军工ETF;半导体ETF
2025-06-24,2144324.9401414334,2324179.851658243,-179854.91151680984,0.8594053902235019,False,normal,-0.005579398331076079,9,沪深300;创业板;纳指;国债ETF;创新药ETF;有色ETF;证券ETF;军工ETF;半导体ETF,沪深300;创业板;纳指;国债ETF,创新药ETF;有色ETF;证券ETF;军工ETF;半导体ETF
2025-06-25,2181862.994175899,2283508.192950917,-101645.1987750181,0.8311160917723005,False,normal,0.0,9,沪深300;创业板;纳指;国债ETF;证券ETF;创新药ETF;军工ETF;有色ETF;半导体ETF,沪深300;创业板;纳指;国债ETF,证券ETF;创新药ETF;军工ETF;有色ETF;半导体ETF
2025-06-26,2173112.700739843,2275395.096223022,-102282.39548317902,0.8533544476685716,False,normal,-0.004010468787184795,9,沪深300;创业板;纳指;国债ETF;证券ETF;有色ETF;军工ETF;创新药ETF;半导体ETF,沪深300;创业板;纳指;国债ETF,证券ETF;有色ETF;军工ETF;创新药ETF;半导体ETF
2025-06-27,2181429.492645872,2303270.3406638848,-121840.84801801294,1.0,False,normal,-0.0001986841204897711,9,沪深300;创业板;纳指;国债ETF;有色ETF;证券ETF;军工ETF;创新药ETF;半导体ETF,沪深300;创业板;纳指;国债ETF,有色ETF;证券ETF;军工ETF;创新药ETF;半导体ETF
2025-06-30,2202294.0695222584,2320806.5404953654,-118512.47097310703,1.0,False,normal,0.0,9,沪深300;创业板;纳指;国债ETF;军工ETF;有色ETF;证券ETF;半导体ETF;创新药ETF,沪深300;创业板;纳指;国债ETF,军工ETF;有色ETF;证券ETF;半导体ETF;创新药ETF
2025-07-01,2203514.811527005,2346061.663815039,-142546.85228803428,1.0,False,normal,0.0,9,沪深300;创业板;纳指;国债ETF;军工ETF;有色ETF;证券ETF;创新药ETF;半导体ETF,沪深300;创业板;纳指;国债ETF,军工ETF;有色ETF;证券ETF;创新药ETF;半导体ETF
2025-07-02,2191716.133465871,2318420.048877779,-126703.91541190771,1.0,False,normal,-0.005354480940818999,9,沪深300;创业板;纳指;国债ETF;有色ETF;军工ETF;证券ETF;创新药ETF;半导体ETF,沪深300;创业板;纳指;国债ETF,有色ETF;军工ETF;证券ETF;创新药ETF;半导体ETF
2025-07-03,2206738.022789817,2354314.6005488536,-147576.5777590368,1.0,False,normal,0.0,9,沪深300;创业板;纳指;国债ETF;有色ETF;军工ETF;证券ETF;创新药ETF;半导体ETF,沪深300;创业板;纳指;国债ETF,有色ETF;军工ETF;证券ETF;创新药ETF;半导体ETF
2025-07-04,2206760.6372469417,2372516.7521124547,-165756.11486551305,1.0,False,normal,0.0,9,沪深300;创业板;纳指;国债ETF;有色ETF;军工ETF;证券ETF;创新药ETF;半导体ETF,沪深300;创业板;纳指;国债ETF,有色ETF;军工ETF;证券ETF;创新药ETF;半导体ETF
2025-07-07,2195802.9990123482,2371809.1385340597,-176006.1395217115,1.0,False,normal,-0.00496548563067706,9,沪深300;创业板;纳指;国债ETF;有色ETF;军工ETF;证券ETF;创新药ETF;半导体ETF,沪深300;创业板;纳指;国债ETF,有色ETF;军工ETF;证券ETF;创新药ETF;半导体ETF
2025-07-08,2215168.1548683518,2406030.7866806523,-190862.63181230053,1.0,False,normal,0.0,10,沪深300;创业板;纳指;黄金;国债ETF;军工ETF;证券ETF;有色ETF;创新药ETF;半导体ETF,沪深300;创业板;纳指;黄金;国债ETF,军工ETF;证券ETF;有色ETF;创新药ETF;半导体ETF
2025-07-09,2204540.251339454,2398084.3473126395,-193544.09597318526,1.0,False,normal,-0.0047977863466212465,9,创业板;纳指;黄金;国债ETF;军工ETF;证券ETF;有色ETF;创新药ETF;半导体ETF,创业板;纳指;黄金;国债ETF,军工ETF;证券ETF;有色ETF;创新药ETF;半导体ETF
2025-07-10,2215109.2069147094,2581408.031675806,-366298.8247610964,1.0,False,normal,-2.661105140609484e-05,10,沪深300;创业板;纳指;黄金;国债ETF;证券ETF;军工ETF;有色ETF;创新药ETF;酒ETF,沪深300;创业板;纳指;黄金;国债ETF,证券ETF;军工ETF;有色ETF;创新药ETF;酒ETF
2025-07-11,2234204.3660168196,2414203.1918319203,-179998.8258151007,1.0,False,normal,0.0,10,沪深300;创业板;纳指;黄金;国债ETF;证券ETF;军工ETF;有色ETF;创新药ETF;半导体ETF,沪深300;创业板;纳指;黄金;国债ETF,证券ETF;军工ETF;有色ETF;创新药ETF;半导体ETF
2025-07-14,2232254.8058434804,2572251.6493229787,-339996.8434794983,1.0,False,normal,-0.0008725970654219614,10,沪深300;创业板;纳指;黄金;国债ETF;证券ETF;军工ETF;创新药ETF;有色ETF;酒ETF,沪深300;创业板;纳指;黄金;国债ETF,证券ETF;军工ETF;创新药ETF;有色ETF;酒ETF
2025-07-15,2237172.2641769745,2459556.655306729,-222384.39112975448,1.0,False,normal,0.0,10,沪深300;创业板;纳指;黄金;国债ETF;创新药ETF;证券ETF;军工ETF;有色ETF;半导体ETF,沪深300;创业板;纳指;黄金;国债ETF,创新药ETF;证券ETF;军工ETF;有色ETF;半导体ETF
2025-07-16,2233304.9193052696,2483086.794505506,-249781.87520023622,1.0,False,normal,-0.0017286754952362492,9,沪深300;创业板;纳指;国债ETF;创新药ETF;证券ETF;军工ETF;有色ETF;半导体ETF,沪深300;创业板;纳指;国债ETF,创新药ETF;证券ETF;军工ETF;有色ETF;半导体ETF
2025-07-17,2258194.6993987197,2503902.5979071734,-245707.89850845374,1.0,False,normal,0.0,9,沪深300;创业板;纳指;国债ETF;创新药ETF;军工ETF;证券ETF;有色ETF;半导体ETF,沪深300;创业板;纳指;国债ETF,创新药ETF;军工ETF;证券ETF;有色ETF;半导体ETF
2025-07-18,2274092.710466632,2532765.478422564,-258672.76795593183,1.0,False,normal,0.0,9,沪深300;创业板;纳指;国债ETF;创新药ETF;军工ETF;证券ETF;有色ETF;半导体ETF,沪深300;创业板;纳指;国债ETF,创新药ETF;军工ETF;证券ETF;有色ETF;半导体ETF
2025-07-21,2289074.187227271,2675391.2854550355,-386317.0982277645,1.0,False,normal,0.0,10,沪深300;创业板;纳指;黄金;国债ETF;创新药ETF;有色ETF;军工ETF;证券ETF;酒ETF,沪深300;创业板;纳指;黄金;国债ETF,创新药ETF;有色ETF;军工ETF;证券ETF;酒ETF
2025-07-22,2307582.9739559824,2702919.4962345236,-395336.52227854123,1.0,False,normal,0.0,10,沪深300;创业板;纳指;黄金;国债ETF;有色ETF;创新药ETF;军工ETF;证券ETF;酒ETF,沪深300;创业板;纳指;黄金;国债ETF,有色ETF;创新药ETF;军工ETF;证券ETF;酒ETF
2025-07-23,2305587.7132836804,2705330.4100297377,-399742.69674605737,1.0,False,normal,-0.000864653923529965,10,沪深300;创业板;纳指;黄金;国债ETF;创新药ETF;有色ETF;军工ETF;证券ETF;酒ETF,沪深300;创业板;纳指;黄金;国债ETF,创新药ETF;有色ETF;军工ETF;证券ETF;酒ETF
2025-07-24,2331911.188208805,2622123.617681624,-290212.42947281897,1.0,False,normal,0.0,10,沪深300;创业板;纳指;黄金;国债ETF;创新药ETF;有色ETF;证券ETF;军工ETF;酒ETF,沪深300;创业板;纳指;黄金;国债ETF,创新药ETF;有色ETF;证券ETF;军工ETF;酒ETF
2025-07-25,2323743.69186678,2566002.9392469935,-242259.24738021335,1.0,False,normal,-0.0035024903106616206,10,沪深300;创业板;纳指;黄金;国债ETF;有色ETF;创新药ETF;证券ETF;军工ETF;半导体ETF,沪深300;创业板;纳指;黄金;国债ETF,有色ETF;创新药ETF;证券ETF;军工ETF;半导体ETF
2025-07-28,2339239.6174765937,2606202.754055996,-266963.13657940226,1.0,False,normal,0.0,9,沪深300;创业板;纳指;国债ETF;创新药ETF;有色ETF;证券ETF;军工ETF;半导体ETF,沪深300;创业板;纳指;国债ETF,创新药ETF;有色ETF;证券ETF;军工ETF;半导体ETF
2025-07-29,2358744.506628549,2642879.8227747325,-284135.3161461833,1.0,False,normal,0.0,8,沪深300;创业板;纳指;创新药ETF;有色ETF;证券ETF;军工ETF;半导体ETF,沪深300;创业板;纳指,创新药ETF;有色ETF;证券ETF;军工ETF;半导体ETF
2025-07-30,2338610.2633564174,2574547.947223492,-235937.68386707455,1.0,False,normal,-0.008536000069337937,8,沪深300;创业板;纳指;创新药ETF;有色ETF;证券ETF;军工ETF;半导体ETF,沪深300;创业板;纳指,创新药ETF;有色ETF;证券ETF;军工ETF;半导体ETF
2025-07-31,2311341.924338896,2464342.1384365987,-153000.21409770288,1.0,False,normal,-0.020096531081023196,8,沪深300;创业板;纳指;创新药ETF;有色ETF;证券ETF;军工ETF;半导体ETF,沪深300;创业板;纳指,创新药ETF;有色ETF;证券ETF;军工ETF;半导体ETF
2025-08-01,2291235.1776394877,2438549.827892609,-147314.65025312128,1.0,False,normal,-0.028620873858676368,8,沪深300;创业板;纳指;创新药ETF;有色ETF;证券ETF;军工ETF;半导体ETF,沪深300;创业板;纳指,创新药ETF;有色ETF;证券ETF;军工ETF;半导体ETF
2025-08-04,2298572.1400924013,2451489.1333390465,-152916.9932466452,1.0,False,normal,-0.02551033669269875,9,沪深300;创业板;纳指;黄金;创新药ETF;有色ETF;军工ETF;证券ETF;半导体ETF,沪深300;创业板;纳指;黄金,创新药ETF;有色ETF;军工ETF;证券ETF;半导体ETF
2025-08-05,2316030.040154154,2494017.2381596817,-177987.19800552772,1.0,False,normal,-0.018108983976161452,9,沪深300;创业板;纳指;黄金;创新药ETF;有色ETF;军工ETF;证券ETF;半导体ETF,沪深300;创业板;纳指;黄金,创新药ETF;有色ETF;军工ETF;证券ETF;半导体ETF
2025-08-06,2328425.8335295455,2516733.0537918177,-188307.22026227228,1.0,False,normal,-0.012853733422082014,8,沪深300;创业板;纳指;创新药ETF;军工ETF;有色ETF;半导体ETF;证券ETF,沪深300;创业板;纳指,创新药ETF;军工ETF;有色ETF;半导体ETF;证券ETF
2025-08-07,2327408.8122616196,2535213.2969129835,-207804.48465136392,1.0,False,normal,-0.01328490401519535,9,沪深300;创业板;纳指;国债ETF;创新药ETF;有色ETF;军工ETF;半导体ETF;证券ETF,沪深300;创业板;纳指;国债ETF,创新药ETF;有色ETF;军工ETF;半导体ETF;证券ETF
2025-08-08,2323399.643756741,2544804.028702442,-221404.38494570088,1.0,False,normal,-0.01498460845270939,9,沪深300;创业板;纳指;国债ETF;有色ETF;军工ETF;创新药ETF;证券ETF;半导体ETF,沪深300;创业板;纳指;国债ETF,有色ETF;军工ETF;创新药ETF;证券ETF;半导体ETF
2025-08-11,2344592.6461349474,2586916.364874203,-242323.7187392558,1.0,False,normal,-0.005999742852111441,8,沪深300;创业板;纳指;有色ETF;军工ETF;创新药ETF;证券ETF;半导体ETF,沪深300;创业板;纳指,有色ETF;军工ETF;创新药ETF;证券ETF;半导体ETF
2025-08-12,2356102.213573826,2629453.4561210894,-273351.2425472634,1.0,False,normal,-0.0011202116411072936,8,沪深300;创业板;纳指;有色ETF;军工ETF;创新药ETF;半导体ETF;证券ETF,沪深300;创业板;纳指,有色ETF;军工ETF;创新药ETF;半导体ETF;证券ETF
2025-08-13,2404660.6050755535,2639815.1420676783,-235154.53699212475,0.8516009738864891,False,normal,0.0,8,沪深300;创业板;纳指;有色ETF;军工ETF;创新药ETF;证券ETF;半导体ETF,沪深300;创业板;纳指,有色ETF;军工ETF;创新药ETF;证券ETF;半导体ETF
2025-08-14,2391689.6838035756,2630852.662956951,-239162.9791533756,0.8470765155643961,False,normal,-0.005394075673132427,8,沪深300;创业板;纳指;有色ETF;半导体ETF;创新药ETF;军工ETF;证券ETF,沪深300;创业板;纳指,有色ETF;半导体ETF;创新药ETF;军工ETF;证券ETF
2025-08-15,2433595.495138877,2613721.507284593,-180126.01214571577,0.8323762405426425,False,normal,0.0,8,沪深300;创业板;纳指;有色ETF;证券ETF;半导体ETF;创新药ETF;军工ETF,沪深300;创业板;纳指,有色ETF;证券ETF;半导体ETF;创新药ETF;军工ETF
2025-08-18,2462999.64475674,2651469.3019102956,-188469.65715355566,1.0,False,normal,0.0,9,沪深300;创业板;纳指;黄金;证券ETF;半导体ETF;有色ETF;创新药ETF;军工ETF,沪深300;创业板;纳指;黄金,证券ETF;半导体ETF;有色ETF;创新药ETF;军工ETF
2025-08-19,2443001.647378706,2563847.7141742725,-120846.06679556658,0.84105299909581,False,normal,-0.008119366732596167,8,沪深300;创业板;纳指;有色ETF;半导体ETF;证券ETF;军工ETF;创新药ETF,沪深300;创业板;纳指,有色ETF;半导体ETF;证券ETF;军工ETF;创新药ETF
2025-08-20,2458649.9056757023,2588649.6695341533,-129999.76385845104,0.8671659450193477,False,normal,-0.0017660331743439214,8,沪深300;创业板;纳指;半导体ETF;有色ETF;军工ETF;证券ETF;创新药ETF,沪深300;创业板;纳指,半导体ETF;有色ETF;军工ETF;证券ETF;创新药ETF
2025-08-21,2455465.998366959,2596031.3490507645,-140565.35068380553,1.0,False,normal,-0.003058728167427364,9,沪深300;创业板;纳指;黄金;半导体ETF;有色ETF;证券ETF;军工ETF;创新药ETF,沪深300;创业板;纳指;黄金,半导体ETF;有色ETF;证券ETF;军工ETF;创新药ETF
2025-08-22,2506214.5981111214,2506214.598111122,-4.656612873077393e-10,1.0,False,normal,0.0,9,沪深300;创业板;纳指;黄金;半导体ETF;有色ETF;证券ETF;军工ETF;创新药ETF,沪深300;创业板;纳指;黄金,半导体ETF;有色ETF;证券ETF;军工ETF;创新药ETF
2025-08-25,2555078.931471084,2555078.931471084,0.0,1.0,False,normal,0.0,9,沪深300;创业板;纳指;黄金;半导体ETF;有色ETF;证券ETF;军工ETF;创新药ETF,沪深300;创业板;纳指;黄金,半导体ETF;有色ETF;证券ETF;军工ETF;创新药ETF
2025-08-26,2539568.9234760157,2539568.923476015,4.656612873077393e-10,1.0,False,normal,-0.006070265698656215,9,沪深300;创业板;纳指;黄金;半导体ETF;有色ETF;证券ETF;军工ETF;酒ETF,沪深300;创业板;纳指;黄金,半导体ETF;有色ETF;证券ETF;军工ETF;酒ETF
2025-08-27,2522151.0108490796,2456624.775900266,65526.23494881345,1.0,False,normal,-0.012887242040325535,9,沪深300;创业板;纳指;黄金;半导体ETF;有色ETF;证券ETF;军工ETF;创新药ETF,沪深300;创业板;纳指;黄金,半导体ETF;有色ETF;证券ETF;军工ETF;创新药ETF
2025-08-28,2564688.0359323365,2474675.6064998126,90012.4294325239,1.0,False,normal,0.0,9,沪深300;创业板;纳指;黄金;半导体ETF;有色ETF;证券ETF;军工ETF;创新药ETF,沪深300;创业板;纳指;黄金,半导体ETF;有色ETF;证券ETF;军工ETF;创新药ETF
2025-08-29,2584942.3038526643,2515027.523472756,69914.78037990816,1.0,False,normal,0.0,9,沪深300;创业板;纳指;黄金;半导体ETF;有色ETF;证券ETF;军工ETF;创新药ETF,沪深300;创业板;纳指;黄金,半导体ETF;有色ETF;证券ETF;军工ETF;创新药ETF
2025-09-01,2612563.9348412184,2552422.363963273,60141.570877945516,1.0,False,normal,0.0,9,沪深300;创业板;纳指;黄金;半导体ETF;有色ETF;军工ETF;证券ETF;创新药ETF,沪深300;创业板;纳指;黄金,半导体ETF;有色ETF;军工ETF;证券ETF;创新药ETF
2025-09-02,2587033.963304889,2487521.297845799,99512.66545908991,1.0,False,normal,-0.009771998761776177,9,沪深300;创业板;纳指;黄金;半导体ETF;有色ETF;创新药ETF;证券ETF;军工ETF,沪深300;创业板;纳指;黄金,半导体ETF;有色ETF;创新药ETF;证券ETF;军工ETF
2025-09-03,2577618.816226345,2514276.0230577993,63342.7931685457,1.0,False,normal,-0.013375794616485515,9,沪深300;创业板;纳指;黄金;半导体ETF;有色ETF;创新药ETF;证券ETF;酒ETF,沪深300;创业板;纳指;黄金,半导体ETF;有色ETF;创新药ETF;证券ETF;酒ETF
2025-09-04,2527882.79666913,2371046.676071317,156836.12059781328,0.8069380977707513,False,normal,-0.03241303955963657,9,沪深300;创业板;纳指;黄金;有色ETF;半导体ETF;创新药ETF;证券ETF;酒ETF,沪深300;创业板;纳指;黄金,有色ETF;半导体ETF;创新药ETF;证券ETF;酒ETF
2025-09-05,2591113.5755460523,2409297.8725062255,181815.70303982683,0.6668987824844365,False,normal,-0.008210462913119011,9,沪深300;创业板;纳指;黄金;有色ETF;半导体ETF;创新药ETF;证券ETF;酒ETF,沪深300;创业板;纳指;黄金,有色ETF;半导体ETF;创新药ETF;证券ETF;酒ETF
2025-09-08,2590259.572161379,2427193.953684064,163065.6184773147,0.681945734210499,False,normal,-0.008537346161136215,9,沪深300;创业板;纳指;黄金;有色ETF;半导体ETF;创新药ETF;酒ETF;证券ETF,沪深300;创业板;纳指;黄金,有色ETF;半导体ETF;创新药ETF;酒ETF;证券ETF
2025-09-09,2581200.1405992643,2428826.060808945,152374.07979031932,0.6952202319901346,False,normal,-0.012004986298588049,9,沪深300;创业板;纳指;黄金;有色ETF;半导体ETF;创新药ETF;酒ETF;证券ETF,沪深300;创业板;纳指;黄金,有色ETF;半导体ETF;创新药ETF;酒ETF;证券ETF
2025-09-10,2588299.6573194186,2454372.3573798607,133927.2999395579,0.716770336598899,False,normal,-0.009287534440099538,9,沪深300;创业板;纳指;黄金;有色ETF;半导体ETF;创新药ETF;酒ETF;证券ETF,沪深300;创业板;纳指;黄金,有色ETF;半导体ETF;创新药ETF;酒ETF;证券ETF
2025-09-11,2636027.7705971063,2490792.4376779194,145235.3329191869,0.6813604924348204,False,normal,0.0,9,沪深300;创业板;纳指;黄金;有色ETF;半导体ETF;创新药ETF;酒ETF;证券ETF,沪深300;创业板;纳指;黄金,有色ETF;半导体ETF;创新药ETF;酒ETF;证券ETF
2025-09-12,2634186.950051323,2509206.561241414,124980.38880990911,0.6919789171502925,False,normal,-0.0006983312415431377,9,沪深300;创业板;纳指;黄金;有色ETF;半导体ETF;创新药ETF;酒ETF;证券ETF,沪深300;创业板;纳指;黄金,有色ETF;半导体ETF;创新药ETF;酒ETF;证券ETF
2025-09-15,2641243.3226857367,2532075.6326206843,109167.69006505236,0.7131187214184476,False,normal,0.0,9,沪深300;创业板;纳指;黄金;半导体ETF;有色ETF;创新药ETF;酒ETF;证券ETF,沪深300;创业板;纳指;黄金,半导体ETF;有色ETF;创新药ETF;酒ETF;证券ETF
2025-09-16,2651053.294353518,2560909.051137451,90144.24321606709,1.0,False,normal,0.0,10,沪深300;创业板;纳指;黄金;国债ETF;半导体ETF;有色ETF;创新药ETF;酒ETF;证券ETF,沪深300;创业板;纳指;黄金;国债ETF,半导体ETF;有色ETF;创新药ETF;酒ETF;证券ETF
2025-09-17,2658846.57444733,2590659.793037758,68186.78140957188,1.0,False,normal,0.0,10,沪深300;创业板;纳指;黄金;国债ETF;半导体ETF;有色ETF;创新药ETF;酒ETF;证券ETF,沪深300;创业板;纳指;黄金;国债ETF,半导体ETF;有色ETF;创新药ETF;酒ETF;证券ETF
2025-09-18,2636543.2989277835,2533825.498207442,102717.8007203415,1.0,False,normal,-0.008388327379958944,10,沪深300;创业板;纳指;黄金;国债ETF;半导体ETF;有色ETF;创新药ETF;酒ETF;军工ETF,沪深300;创业板;纳指;黄金;国债ETF,半导体ETF;有色ETF;创新药ETF;酒ETF;军工ETF
2025-09-19,2638547.234515195,2580659.96642351,57887.26809168467,1.0,False,normal,-0.007634641324257208,10,沪深300;创业板;纳指;黄金;国债ETF;半导体ETF;有色ETF;创新药ETF;酒ETF;证券ETF,沪深300;创业板;纳指;黄金;国债ETF,半导体ETF;有色ETF;创新药ETF;酒ETF;证券ETF
2025-09-22,2660041.437824716,2660041.4378247154,4.656612873077393e-10,1.0,False,normal,0.0,10,沪深300;创业板;纳指;黄金;国债ETF;半导体ETF;有色ETF;创新药ETF;酒ETF;证券ETF,沪深300;创业板;纳指;黄金;国债ETF,半导体ETF;有色ETF;创新药ETF;酒ETF;证券ETF
2025-09-23,2660057.901646512,2660057.9016465126,-4.656612873077393e-10,0.7821935660278938,False,normal,0.0,9,沪深300;创业板;纳指;黄金;半导体ETF;有色ETF;创新药ETF;酒ETF;证券ETF,沪深300;创业板;纳指;黄金,半导体ETF;有色ETF;创新药ETF;酒ETF;证券ETF
2025-09-24,2687950.9827711084,2687950.982771108,4.656612873077393e-10,0.802891683600966,False,normal,0.0,9,沪深300;创业板;纳指;黄金;半导体ETF;有色ETF;创新药ETF;酒ETF;证券ETF,沪深300;创业板;纳指;黄金,半导体ETF;有色ETF;创新药ETF;酒ETF;证券ETF
2025-09-25,2698176.548838664,2698176.5488386634,4.656612873077393e-10,0.8280710715373881,False,normal,0.0,9,沪深300;创业板;纳指;黄金;半导体ETF;有色ETF;创新药ETF;酒ETF;证券ETF,沪深300;创业板;纳指;黄金,半导体ETF;有色ETF;创新药ETF;酒ETF;证券ETF
2025-09-26,2674487.943312249,2674487.9433122487,4.656612873077393e-10,0.7958127305241003,False,normal,-0.00877948684885377,9,沪深300;创业板;纳指;黄金;半导体ETF;有色ETF;创新药ETF;酒ETF;证券ETF,沪深300;创业板;纳指;黄金,半导体ETF;有色ETF;创新药ETF;酒ETF;证券ETF
2025-09-29,2725415.2585210106,2661899.392802369,63515.865718641784,0.758113978783603,False,normal,0.0,9,沪深300;创业板;纳指;黄金;半导体ETF;有色ETF;证券ETF;创新药ETF;酒ETF,沪深300;创业板;纳指;黄金,半导体ETF;有色ETF;证券ETF;创新药ETF;酒ETF
2025-09-30,2744713.8261141228,2621714.7828168357,122999.04329728708,0.7813804119069212,False,normal,0.0,9,沪深300;创业板;纳指;黄金;半导体ETF;有色ETF;军工ETF;证券ETF;创新药ETF,沪深300;创业板;纳指;黄金,半导体ETF;有色ETF;军工ETF;证券ETF;创新药ETF
2025-10-09,2805045.183678548,2663978.6934742476,141066.49020430027,0.7077581384857222,False,normal,0.0,9,沪深300;创业板;纳指;黄金;半导体ETF;有色ETF;军工ETF;创新药ETF;证券ETF,沪深300;创业板;纳指;黄金,半导体ETF;有色ETF;军工ETF;创新药ETF;证券ETF
2025-10-10,2750872.997313103,2554986.287374939,195886.70993816433,0.6115955850140228,False,normal,-0.019312411322516754,9,沪深300;创业板;纳指;黄金;半导体ETF;有色ETF;军工ETF;证券ETF;创新药ETF,沪深300;创业板;纳指;黄金,半导体ETF;有色ETF;军工ETF;证券ETF;创新药ETF
2025-10-13,2752666.662814911,2575500.824186998,177165.83862791304,0.6259155650809355,False,normal,-0.01867296868100622,9,沪深300;创业板;纳指;黄金;半导体ETF;有色ETF;军工ETF;证券ETF;创新药ETF,沪深300;创业板;纳指;黄金,半导体ETF;有色ETF;军工ETF;证券ETF;创新药ETF
2025-10-14,2712087.1889714235,2582828.4937027665,129258.69526865706,0.6054186885239087,False,normal,-0.03313957124398931,9,沪深300;创业板;纳指;黄金;半导体ETF;有色ETF;军工ETF;证券ETF;酒ETF,沪深300;创业板;纳指;黄金,半导体ETF;有色ETF;军工ETF;证券ETF;酒ETF
2025-10-15,2750342.3457754552,2637566.5065848436,112775.83919061162,0.5909006728188396,False,normal,-0.019501588859026895,9,沪深300;创业板;纳指;黄金;有色ETF;半导体ETF;军工ETF;证券ETF;酒ETF,沪深300;创业板;纳指;黄金,有色ETF;半导体ETF;军工ETF;证券ETF;酒ETF
2025-10-16,2755627.6534399767,2656859.9928660216,98767.66057395516,0.608987320383502,False,normal,-0.017617374053762926,9,沪深300;创业板;纳指;黄金;有色ETF;半导体ETF;军工ETF;证券ETF;酒ETF,沪深300;创业板;纳指;黄金,有色ETF;半导体ETF;军工ETF;证券ETF;酒ETF
2025-10-17,2719768.2723104074,2569981.3795316163,149786.89277879102,0.6019590322270791,False,normal,-0.030401261221863096,9,沪深300;创业板;纳指;黄金;有色ETF;半导体ETF;证券ETF;军工ETF;酒ETF,沪深300;创业板;纳指;黄金,有色ETF;半导体ETF;证券ETF;军工ETF;酒ETF
2025-10-20,2728094.5283411653,2598380.229304772,129714.29903639341,0.6201254978044938,False,normal,-0.027432946814949042,9,沪深300;创业板;纳指;黄金;有色ETF;半导体ETF;军工ETF;证券ETF;酒ETF,沪深300;创业板;纳指;黄金,有色ETF;半导体ETF;军工ETF;证券ETF;酒ETF
2025-10-21,2774296.690360978,2648220.7205065447,126075.96985443309,0.5952661238842654,False,normal,-0.010961853126817148,9,沪深300;创业板;纳指;黄金;有色ETF;半导体ETF;军工ETF;证券ETF;酒ETF,沪深300;创业板;纳指;黄金,有色ETF;半导体ETF;军工ETF;证券ETF;酒ETF
2025-10-22,2745633.884836019,2633497.345420572,112136.53941544704,0.5776076705408945,False,normal,-0.0211801575205347,9,沪深300;创业板;纳指;黄金;有色ETF;半导体ETF;军工ETF;证券ETF;酒ETF,沪深300;创业板;纳指;黄金,有色ETF;半导体ETF;军工ETF;证券ETF;酒ETF
2025-10-23,2743894.9332571584,2653469.8899182677,90425.04333889065,0.592177627182593,False,normal,-0.021800094621362492,9,沪深300;创业板;纳指;黄金;有色ETF;半导体ETF;证券ETF;军工ETF;酒ETF,沪深300;创业板;纳指;黄金,有色ETF;半导体ETF;证券ETF;军工ETF;酒ETF
2025-10-24,2781748.9340712978,2686308.5042750062,95440.42979629152,0.5934417233416773,False,normal,-0.008305124545872483,9,沪深300;创业板;纳指;黄金;有色ETF;半导体ETF;证券ETF;军工ETF;酒ETF,沪深300;创业板;纳指;黄金,有色ETF;半导体ETF;证券ETF;军工ETF;酒ETF
2025-10-27,2819539.0238341703,2728669.2557089934,90869.7681251769,0.5944782928424549,False,normal,0.0,9,沪深300;创业板;纳指;黄金;有色ETF;半导体ETF;证券ETF;军工ETF;酒ETF,沪深300;创业板;纳指;黄金,有色ETF;半导体ETF;证券ETF;军工ETF;酒ETF
2025-10-28,2794843.7512577735,2717900.213100069,76943.53815770429,0.5842699833001743,False,normal,-0.008758620599907419,9,沪深300;创业板;纳指;黄金;有色ETF;半导体ETF;证券ETF;军工ETF;酒ETF,沪深300;创业板;纳指;黄金,有色ETF;半导体ETF;证券ETF;军工ETF;酒ETF
2025-10-29,2841474.197309598,2769486.0974681075,71988.09984149039,0.5699970901963418,False,normal,0.0,9,沪深300;创业板;纳指;黄金;有色ETF;半导体ETF;证券ETF;军工ETF;酒ETF,沪深300;创业板;纳指;黄金,有色ETF;半导体ETF;证券ETF;军工ETF;酒ETF
2025-10-30,2817473.1119141877,2751011.344752679,66461.76716150856,0.5678619771889646,False,normal,-0.008446701862763778,9,沪深300;创业板;纳指;黄金;有色ETF;半导体ETF;证券ETF;军工ETF;酒ETF,沪深300;创业板;纳指;黄金,有色ETF;半导体ETF;证券ETF;军工ETF;酒ETF
2025-10-31,2793642.446494954,2724326.0802493105,69316.3662456437,0.5715122845207965,False,normal,-0.0168334278241669,9,沪深300;创业板;纳指;黄金;有色ETF;半导体ETF;证券ETF;酒ETF;军工ETF,沪深300;创业板;纳指;黄金,有色ETF;半导体ETF;证券ETF;酒ETF;军工ETF
2025-11-03,2791433.109616201,2791433.109616201,0.0,0.588853168706927,False,normal,-0.017610959740819578,9,沪深300;创业板;纳指;黄金;有色ETF;半导体ETF;军工ETF;酒ETF;证券ETF,沪深300;创业板;纳指;黄金,有色ETF;半导体ETF;军工ETF;酒ETF;证券ETF
2025-11-04,2753810.8020013394,2753810.80200134,-4.656612873077393e-10,0.5719306448813614,False,normal,-0.03085137827092046,9,沪深300;创业板;纳指;黄金;有色ETF;证券ETF;酒ETF;半导体ETF;军工ETF,沪深300;创业板;纳指;黄金,有色ETF;证券ETF;酒ETF;半导体ETF;军工ETF
2025-11-05,2748471.558292056,2748471.5582920555,4.656612873077393e-10,0.5883277460383054,False,normal,-0.03273041828273503,9,沪深300;创业板;纳指;黄金;有色ETF;酒ETF;证券ETF;半导体ETF;军工ETF,沪深300;创业板;纳指;黄金,有色ETF;酒ETF;证券ETF;半导体ETF;军工ETF
2025-11-06,2791962.587249569,2791962.5872495705,-1.3969838619232178e-09,0.5808002445132846,False,normal,-0.01742462067996534,9,沪深300;创业板;纳指;黄金;有色ETF;半导体ETF;酒ETF;证券ETF;军工ETF,沪深300;创业板;纳指;黄金,有色ETF;半导体ETF;酒ETF;证券ETF;军工ETF
2025-11-07,2780148.3374628,2780148.3374628,0.0,0.5936281986671839,False,normal,-0.021582409548136363,9,沪深300;创业板;纳指;黄金;有色ETF;酒ETF;证券ETF;半导体ETF;创新药ETF,沪深300;创业板;纳指;黄金,有色ETF;酒ETF;证券ETF;半导体ETF;创新药ETF
2025-11-10,2802989.2807953837,2802989.2807953837,0.0,0.6092954495964468,False,normal,-0.013543996475721274,9,沪深300;创业板;纳指;黄金;有色ETF;半导体ETF;酒ETF;证券ETF;创新药ETF,沪深300;创业板;纳指;黄金,有色ETF;半导体ETF;酒ETF;证券ETF;创新药ETF
2025-11-11,2792315.651885831,2792315.651885831,0.0,0.62648096372788,False,normal,-0.01730036664429753,9,沪深300;创业板;纳指;黄金;有色ETF;酒ETF;半导体ETF;证券ETF;创新药ETF,沪深300;创业板;纳指;黄金,有色ETF;酒ETF;半导体ETF;证券ETF;创新药ETF
2025-11-12,2793348.973534926,2793348.9735349254,4.656612873077393e-10,0.6459427013751194,False,normal,-0.016936709761516955,9,沪深300;创业板;纳指;黄金;有色ETF;酒ETF;半导体ETF;证券ETF;创新药ETF,沪深300;创业板;纳指;黄金,有色ETF;酒ETF;半导体ETF;证券ETF;创新药ETF
2025-11-13,2833453.1465004925,2833453.1465004915,9.313225746154785e-10,0.6431600861206698,False,normal,-0.002822848370996995,9,沪深300;创业板;纳指;黄金;有色ETF;半导体ETF;酒ETF;创新药ETF;证券ETF,沪深300;创业板;纳指;黄金,有色ETF;半导体ETF;酒ETF;创新药ETF;证券ETF
2025-11-14,2780755.609969637,2780755.6099696374,-4.656612873077393e-10,0.5812152660122928,False,normal,-0.02136869213785272,9,沪深300;创业板;纳指;黄金;有色ETF;半导体ETF;酒ETF;创新药ETF;证券ETF,沪深300;创业板;纳指;黄金,有色ETF;半导体ETF;酒ETF;创新药ETF;证券ETF
2025-11-17,2754945.777680913,2754945.7776809125,4.656612873077393e-10,0.581195513913006,False,normal,-0.030451946285703687,9,沪深300;创业板;纳指;黄金;有色ETF;酒ETF;半导体ETF;军工ETF;创新药ETF,沪深300;创业板;纳指;黄金,有色ETF;酒ETF;半导体ETF;军工ETF;创新药ETF
2025-11-18,2717774.171791686,2717774.1717916857,4.656612873077393e-10,0.6222860255007678,False,normal,-0.04353374935976365,8,沪深300;纳指;黄金;有色ETF;酒ETF;半导体ETF;军工ETF;证券ETF,沪深300;纳指;黄金,有色ETF;酒ETF;半导体ETF;军工ETF;证券ETF
2025-11-19,2732949.9528658716,2732949.9528658716,0.0,0.6333804354057326,False,normal,-0.03819293680248113,8,沪深300;纳指;黄金;有色ETF;半导体ETF;酒ETF;军工ETF;证券ETF,沪深300;纳指;黄金,有色ETF;半导体ETF;酒ETF;军工ETF;证券ETF
2025-11-20,2745247.8625520812,2745247.8625520817,-4.656612873077393e-10,0.6363845135265079,False,normal,-0.03386493350832709,8,沪深300;纳指;黄金;有色ETF;酒ETF;证券ETF;创新药ETF;半导体ETF,沪深300;纳指;黄金,有色ETF;酒ETF;证券ETF;创新药ETF;半导体ETF
2025-11-21,2678071.907066514,2678071.907066514,0.0,0.4924455400327922,False,normal,-0.05750616718525855,7,纳指;黄金;有色ETF;酒ETF;创新药ETF;军工ETF;证券ETF,纳指;黄金,有色ETF;酒ETF;创新药ETF;军工ETF;证券ETF
2025-11-24,2691940.351061747,2691940.351061747,0.0,0.5062864231474546,False,normal,-0.052625445759611165,7,纳指;黄金;有色ETF;酒ETF;军工ETF;创新药ETF;证券ETF,纳指;黄金,有色ETF;酒ETF;军工ETF;创新药ETF;证券ETF
2025-11-25,2733521.5287562767,2733521.5287562767,0.0,0.7310961347248123,False,normal,-0.037991782102239156,8,纳指;黄金;国债ETF;有色ETF;酒ETF;创新药ETF;军工ETF;半导体ETF,纳指;黄金;国债ETF,有色ETF;酒ETF;创新药ETF;军工ETF;半导体ETF
2025-11-26,2744494.513981969,2744494.5139819686,4.656612873077393e-10,0.7487257639030109,False,normal,-0.03413005946682618,8,纳指;黄金;国债ETF;有色ETF;酒ETF;创新药ETF;军工ETF;半导体ETF,纳指;黄金;国债ETF,有色ETF;酒ETF;创新药ETF;军工ETF;半导体ETF
2025-11-27,2743334.3859125734,2743334.385912573,4.656612873077393e-10,0.7716542499734362,False,normal,-0.03453834333246681,8,纳指;黄金;国债ETF;有色ETF;酒ETF;创新药ETF;军工ETF;半导体ETF,纳指;黄金;国债ETF,有色ETF;酒ETF;创新药ETF;军工ETF;半导体ETF
2025-11-28,2760463.1184421624,2760463.1184421624,0.0,0.7888481592208352,False,normal,-0.028510228579284456,8,纳指;黄金;国债ETF;有色ETF;酒ETF;半导体ETF;军工ETF;创新药ETF,纳指;黄金;国债ETF,有色ETF;酒ETF;半导体ETF;军工ETF;创新药ETF
2025-12-01,2775518.0900900485,2775518.0900900476,9.313225746154785e-10,0.8130751288674887,False,normal,-0.023211932482793192,8,纳指;黄金;国债ETF;有色ETF;半导体ETF;酒ETF;军工ETF;创新药ETF,纳指;黄金;国债ETF,有色ETF;半导体ETF;酒ETF;军工ETF;创新药ETF
2025-12-02,2763536.7163838646,2763536.716383865,-4.656612873077393e-10,0.8362352763331181,False,normal,-0.027428537271085206,8,纳指;黄金;国债ETF;有色ETF;半导体ETF;酒ETF;军工ETF;创新药ETF,纳指;黄金;国债ETF,有色ETF;半导体ETF;酒ETF;军工ETF;创新药ETF
2025-12-03,2765552.2822475885,2765552.282247589,-4.656612873077393e-10,0.859338252752133,False,normal,-0.026719199186779435,8,纳指;黄金;国债ETF;有色ETF;军工ETF;酒ETF;半导体ETF;创新药ETF,纳指;黄金;国债ETF,有色ETF;军工ETF;酒ETF;半导体ETF;创新药ETF
2025-12-04,2766167.6553560733,2844212.252879355,-78044.59752328182,1.0,False,normal,-0.026502630931798467,8,纳指;黄金;国债ETF;有色ETF;半导体ETF;军工ETF;创新药ETF;酒ETF,纳指;黄金;国债ETF,有色ETF;半导体ETF;军工ETF;创新药ETF;酒ETF
2025-12-05,2780598.7679324322,2780598.7679324327,-4.656612873077393e-10,0.7805108614497144,False,normal,-0.021423889555219084,10,沪深300;创业板;纳指;黄金;国债ETF;有色ETF;军工ETF;半导体ETF;证券ETF;创新药ETF,沪深300;创业板;纳指;黄金;国债ETF,有色ETF;军工ETF;半导体ETF;证券ETF;创新药ETF
2025-12-08,2801041.9107336104,2801041.91073361,4.656612873077393e-10,0.7989921152930803,False,normal,-0.014229334411788818,10,沪深300;创业板;纳指;黄金;国债ETF;有色ETF;半导体ETF;军工ETF;证券ETF;创新药ETF,沪深300;创业板;纳指;黄金;国债ETF,有色ETF;半导体ETF;军工ETF;证券ETF;创新药ETF
2025-12-09,2784701.3514414225,2784701.3514414215,9.313225746154785e-10,0.7504456766751424,False,normal,-0.01998006736148785,9,沪深300;创业板;纳指;国债ETF;有色ETF;半导体ETF;军工ETF;证券ETF;创新药ETF,沪深300;创业板;纳指;国债ETF,有色ETF;半导体ETF;军工ETF;证券ETF;创新药ETF
2025-12-10,2792834.6851774994,2792834.6851775004,-9.313225746154785e-10,0.7487099480386387,False,normal,-0.017117703260565217,8,创业板;纳指;国债ETF;军工ETF;有色ETF;半导体ETF;证券ETF;创新药ETF,创业板;纳指;国债ETF,军工ETF;有色ETF;半导体ETF;证券ETF;创新药ETF
2025-12-11,2767763.000063115,2767763.0000631153,-4.656612873077393e-10,0.7666960841086442,False,normal,-0.025941181277055154,9,沪深300;创业板;纳指;国债ETF;有色ETF;军工ETF;半导体ETF;证券ETF;创新药ETF,沪深300;创业板;纳指;国债ETF,有色ETF;军工ETF;半导体ETF;证券ETF;创新药ETF
2025-12-12,2782929.6017586347,2782929.601758634,4.656612873077393e-10,0.7863386920070786,False,normal,-0.02060359921846032,9,沪深300;创业板;纳指;国债ETF;有色ETF;半导体ETF;军工ETF;证券ETF;创新药ETF,沪深300;创业板;纳指;国债ETF,有色ETF;半导体ETF;军工ETF;证券ETF;创新药ETF
2025-12-15,2761621.485006694,2761621.4850066938,4.656612873077393e-10,0.7530856650254742,False,normal,-0.028102564640041724,8,创业板;纳指;国债ETF;有色ETF;军工ETF;半导体ETF;证券ETF;创新药ETF,创业板;纳指;国债ETF,有色ETF;军工ETF;半导体ETF;证券ETF;创新药ETF
2025-12-16,2725036.7696610847,2836693.624754655,-111656.85509357043,0.8682079434713132,False,normal,-0.040977823328031605,8,创业板;黄金;国债ETF;军工ETF;有色ETF;半导体ETF;证券ETF;酒ETF,创业板;黄金;国债ETF,军工ETF;有色ETF;半导体ETF;证券ETF;酒ETF
2025-12-17,2765644.8959810836,2765644.895981083,4.656612873077393e-10,0.7769475183664947,False,normal,-0.026686605636015256,9,创业板;纳指;黄金;国债ETF;有色ETF;军工ETF;半导体ETF;证券ETF;创新药ETF,创业板;纳指;黄金;国债ETF,有色ETF;军工ETF;半导体ETF;证券ETF;创新药ETF
2025-12-18,2747751.0080803544,2747751.008080355,-4.656612873077393e-10,1.0,False,normal,-0.03298400151512326,7,黄金;国债ETF;有色ETF;军工ETF;半导体ETF;证券ETF;创新药ETF,黄金;国债ETF,有色ETF;军工ETF;半导体ETF;证券ETF;创新药ETF
2025-12-19,2756001.9998491155,2756001.9998491146,9.313225746154785e-10,1.0,False,normal,-0.03008023002334854,7,黄金;国债ETF;有色ETF;军工ETF;半导体ETF;证券ETF;创新药ETF,黄金;国债ETF,有色ETF;军工ETF;半导体ETF;证券ETF;创新药ETF
2025-12-22,2785094.214440518,2785094.214440518,0.0,1.0,False,normal,-0.01984180708818762,7,黄金;国债ETF;有色ETF;军工ETF;半导体ETF;证券ETF;创新药ETF,黄金;国债ETF,有色ETF;军工ETF;半导体ETF;证券ETF;创新药ETF
2025-12-23,2798915.4301275313,2798915.4301275318,-4.656612873077393e-10,1.0,False,normal,-0.01497770672081507,7,黄金;国债ETF;有色ETF;军工ETF;半导体ETF;证券ETF;创新药ETF,黄金;国债ETF,有色ETF;军工ETF;半导体ETF;证券ETF;创新药ETF
2025-12-24,2808724.801879625,2880839.945112056,-72115.14323243126,1.0,False,normal,-0.011525494569326458,7,黄金;国债ETF;有色ETF;军工ETF;半导体ETF;证券ETF;创新药ETF,黄金;国债ETF,有色ETF;军工ETF;半导体ETF;证券ETF;创新药ETF
2025-12-25,2805047.4195736484,3011144.976016275,-206097.55644262675,0.8586126660480571,False,normal,-0.012819675705814812,9,沪深300;创业板;黄金;国债ETF;有色ETF;军工ETF;证券ETF;半导体ETF;酒ETF,沪深300;创业板;黄金;国债ETF,有色ETF;军工ETF;证券ETF;半导体ETF;酒ETF
2025-12-26,2819535.3881774954,2934047.6117879674,-114512.22361047193,0.6625210596199721,False,normal,-0.0077209249877668445,8,沪深300;创业板;黄金;有色ETF;军工ETF;证券ETF;半导体ETF;创新药ETF,沪深300;创业板;黄金,有色ETF;军工ETF;证券ETF;半导体ETF;创新药ETF
2025-12-29,2801165.761445328,2929818.2119396967,-128652.45049436856,0.666500823442985,False,normal,-0.014185747631435507,8,沪深300;创业板;黄金;军工ETF;有色ETF;半导体ETF;证券ETF;创新药ETF,沪深300;创业板;黄金,军工ETF;有色ETF;半导体ETF;证券ETF;创新药ETF
2025-12-30,2796067.981288169,3066566.7569640786,-270498.7756759096,0.7028859769336174,False,normal,-0.015979809376562678,9,沪深300;创业板;纳指;黄金;军工ETF;有色ETF;半导体ETF;证券ETF;酒ETF,沪深300;创业板;纳指;黄金,军工ETF;有色ETF;半导体ETF;证券ETF;酒ETF
2025-12-31,2783013.296539676,3086673.003543399,-303659.7070037229,0.5494448945197798,False,normal,-0.020574144514588475,6,黄金;军工ETF;有色ETF;证券ETF;半导体ETF;酒ETF,黄金,军工ETF;有色ETF;证券ETF;半导体ETF;酒ETF
2026-01-05,2854693.9765616586,2854693.976561659,-4.656612873077393e-10,0.6374850710907181,False,normal,0.0,9,沪深300;创业板;纳指;黄金;军工ETF;有色ETF;半导体ETF;证券ETF;创新药ETF,沪深300;创业板;纳指;黄金,军工ETF;有色ETF;半导体ETF;证券ETF;创新药ETF
2026-01-06,2892589.9484054386,2892589.9484054395,-9.313225746154785e-10,0.6129874172596106,False,normal,0.0,8,沪深300;创业板;黄金;军工ETF;有色ETF;半导体ETF;证券ETF;创新药ETF,沪深300;创业板;黄金,军工ETF;有色ETF;半导体ETF;证券ETF;创新药ETF
2026-01-07,2891191.8171640057,2891191.8171640066,-9.313225746154785e-10,0.6277933309140958,False,normal,-0.0004833492705053431,8,沪深300;创业板;黄金;有色ETF;军工ETF;半导体ETF;证券ETF;创新药ETF,沪深300;创业板;黄金,有色ETF;军工ETF;半导体ETF;证券ETF;创新药ETF
2026-01-08,2881163.34648282,2881163.34648282,0.0,0.6369439327302324,False,normal,-0.0039503013307910055,8,沪深300;创业板;黄金;军工ETF;有色ETF;半导体ETF;证券ETF;创新药ETF,沪深300;创业板;黄金,军工ETF;有色ETF;半导体ETF;证券ETF;创新药ETF
2026-01-09,2912532.3924060827,2912532.3924060827,0.0,0.651417360487083,False,normal,0.0,8,沪深300;创业板;黄金;军工ETF;有色ETF;半导体ETF;证券ETF;创新药ETF,沪深300;创业板;黄金,军工ETF;有色ETF;半导体ETF;证券ETF;创新药ETF
2026-01-12,2961477.133852841,2961477.133852841,0.0,0.6434783531395419,False,normal,0.0,8,沪深300;创业板;黄金;军工ETF;有色ETF;半导体ETF;证券ETF;创新药ETF,沪深300;创业板;黄金,军工ETF;有色ETF;半导体ETF;证券ETF;创新药ETF
2026-01-13,2930412.96652645,2854088.115407038,76324.85111941211,0.7134812149183498,False,normal,-0.010489416572322708,9,沪深300;创业板;纳指;黄金;军工ETF;有色ETF;半导体ETF;创新药ETF;证券ETF,沪深300;创业板;纳指;黄金,军工ETF;有色ETF;半导体ETF;创新药ETF;证券ETF
2026-01-14,2937252.48635341,2937252.4863534104,-4.656612873077393e-10,0.735468115472873,False,normal,-0.008179920493903998,9,沪深300;创业板;纳指;黄金;军工ETF;有色ETF;半导体ETF;创新药ETF;证券ETF,沪深300;创业板;纳指;黄金,军工ETF;有色ETF;半导体ETF;创新药ETF;证券ETF
2026-01-15,2933879.1179527836,2933879.1179527836,0.0,0.7570401343093324,False,normal,-0.009319003542044114,9,沪深300;创业板;纳指;黄金;有色ETF;军工ETF;半导体ETF;创新药ETF;证券ETF,沪深300;创业板;纳指;黄金,有色ETF;军工ETF;半导体ETF;创新药ETF;证券ETF
2026-01-16,2930784.448341508,2930784.448341507,9.313225746154785e-10,0.7000286987397164,False,normal,-0.010363978556674579,8,沪深300;创业板;黄金;有色ETF;军工ETF;半导体ETF;创新药ETF;证券ETF,沪深300;创业板;黄金,有色ETF;军工ETF;半导体ETF;创新药ETF;证券ETF
2026-01-19,2919227.67420418,2919227.67420418,0.0,0.7783037210540578,False,normal,-0.01426634673815458,9,沪深300;创业板;纳指;黄金;有色ETF;军工ETF;半导体ETF;创新药ETF;证券ETF,沪深300;创业板;纳指;黄金,有色ETF;军工ETF;半导体ETF;创新药ETF;证券ETF
2026-01-20,2902230.855089334,2902230.8550893334,4.656612873077393e-10,0.7921056985648792,False,normal,-0.020005651263100735,9,沪深300;创业板;纳指;黄金;有色ETF;军工ETF;半导体ETF;创新药ETF;证券ETF,沪深300;创业板;纳指;黄金,有色ETF;军工ETF;半导体ETF;创新药ETF;证券ETF
2026-01-21,2931765.271632169,2931765.2716321694,-4.656612873077393e-10,0.7100782557110935,False,normal,-0.010032784613135688,8,沪深300;创业板;黄金;有色ETF;军工ETF;半导体ETF;创新药ETF;证券ETF,沪深300;创业板;黄金,有色ETF;军工ETF;半导体ETF;创新药ETF;证券ETF
2026-01-22,2937458.517589807,2937458.517589807,0.0,0.7323747863394641,False,normal,-0.008110350064322777,8,沪深300;创业板;黄金;有色ETF;军工ETF;半导体ETF;创新药ETF;证券ETF,沪深300;创业板;黄金,有色ETF;军工ETF;半导体ETF;创新药ETF;证券ETF
2026-01-23,2968518.6689386345,2968518.6689386354,-9.313225746154785e-10,0.7386802847965874,False,normal,0.0,8,沪深300;创业板;黄金;有色ETF;军工ETF;半导体ETF;创新药ETF;证券ETF,沪深300;创业板;黄金,有色ETF;军工ETF;半导体ETF;创新药ETF;证券ETF
2026-01-26,2983014.3476085146,3070364.0829063416,-87349.73529782705,0.7554460553833363,False,normal,0.0,8,沪深300;创业板;黄金;有色ETF;军工ETF;半导体ETF;创新药ETF;证券ETF,沪深300;创业板;黄金,有色ETF;军工ETF;半导体ETF;创新药ETF;证券ETF
2026-01-27,2988871.7610152434,3105123.0690248823,-116251.30800963892,0.7791700041147959,False,normal,0.0,8,沪深300;创业板;黄金;有色ETF;半导体ETF;军工ETF;创新药ETF;证券ETF,沪深300;创业板;黄金,有色ETF;半导体ETF;军工ETF;创新药ETF;证券ETF
2026-01-28,3019619.4563175784,3158966.0712635587,-139346.61494598025,0.7867709722041084,False,normal,0.0,8,沪深300;创业板;黄金;有色ETF;半导体ETF;军工ETF;创新药ETF;证券ETF,沪深300;创业板;黄金,有色ETF;半导体ETF;军工ETF;创新药ETF;证券ETF
2026-01-29,3056727.094155246,3284861.938092388,-228134.8439371423,0.7246160161870123,False,normal,0.0,8,沪深300;创业板;黄金;有色ETF;半导体ETF;军工ETF;酒ETF;创新药ETF,沪深300;创业板;黄金,有色ETF;半导体ETF;军工ETF;酒ETF;创新药ETF
2026-01-30,2965810.597031808,2888729.9796180436,77080.61741376435,0.7636630933518043,False,normal,-0.029743086092729364,9,沪深300;创业板;黄金;国债ETF;有色ETF;半导体ETF;军工ETF;酒ETF;证券ETF,沪深300;创业板;黄金;国债ETF,有色ETF;半导体ETF;军工ETF;酒ETF;证券ETF
2026-02-02,2860977.7016509348,2669591.474681307,191386.22696962766,0.299931950087783,False,normal,-0.06403888422967255,7,创业板;黄金;有色ETF;半导体ETF;军工ETF;酒ETF;创新药ETF,创业板;黄金,有色ETF;半导体ETF;军工ETF;酒ETF;创新药ETF
2026-02-03,2950854.499907063,2716433.1330112712,234421.3668957916,0.42882443415331506,False,normal,-0.034635932808860036,8,创业板;黄金;国债ETF;有色ETF;军工ETF;半导体ETF;酒ETF;创新药ETF,创业板;黄金;国债ETF,有色ETF;军工ETF;半导体ETF;酒ETF;创新药ETF
2026-02-04,2978588.634303586,2779951.5424453453,198637.09185824078,0.29016920686488545,False,normal,-0.025562785765555596,7,创业板;黄金;有色ETF;军工ETF;半导体ETF;酒ETF;证券ETF,创业板;黄金,有色ETF;军工ETF;半导体ETF;酒ETF;证券ETF
2026-02-05,2917935.315238307,2728327.6356387315,189607.6795995757,0.2856639433434981,False,normal,-0.04540535502247545,7,创业板;黄金;有色ETF;半导体ETF;酒ETF;军工ETF;证券ETF,创业板;黄金,有色ETF;半导体ETF;酒ETF;军工ETF;证券ETF
2026-02-06,2892447.4020016068,2717736.6676956126,174710.73430599412,0.2927435306178714,False,normal,-0.05374365688967053,7,创业板;黄金;有色ETF;半导体ETF;酒ETF;军工ETF;证券ETF,创业板;黄金,有色ETF;半导体ETF;酒ETF;军工ETF;证券ETF
2026-02-09,2967907.3025466776,2788921.428095887,178985.8744507907,0.47430720468457427,False,normal,-0.02905715455540673,9,沪深300;创业板;黄金;国债ETF;有色ETF;半导体ETF;军工ETF;酒ETF;证券ETF,沪深300;创业板;黄金;国债ETF,有色ETF;半导体ETF;军工ETF;酒ETF;证券ETF
2026-02-10,2962870.0956932944,2805574.400413428,157295.69527986646,0.48860255329856717,False,normal,-0.030705063151177298,9,沪深300;创业板;黄金;国债ETF;有色ETF;半导体ETF;军工ETF;酒ETF;证券ETF,沪深300;创业板;黄金;国债ETF,有色ETF;半导体ETF;军工ETF;酒ETF;证券ETF
2026-02-11,2961411.5973978755,2827124.558262458,134287.03913541744,0.5035326495137666,False,normal,-0.03118220692309194,9,沪深300;创业板;黄金;国债ETF;有色ETF;军工ETF;半导体ETF;酒ETF;证券ETF,沪深300;创业板;黄金;国债ETF,有色ETF;军工ETF;半导体ETF;酒ETF;证券ETF
2026-02-12,2969949.257221586,2858405.6423799745,111543.61484161159,0.5189090359711297,False,normal,-0.028389134607269117,9,沪深300;创业板;黄金;国债ETF;有色ETF;军工ETF;半导体ETF;酒ETF;证券ETF,沪深300;创业板;黄金;国债ETF,有色ETF;军工ETF;半导体ETF;酒ETF;证券ETF
2026-02-13,2942514.300926502,2847810.8702911735,94703.4306353284,0.5217783723786702,False,normal,-0.037364406344004286,9,沪深300;创业板;黄金;国债ETF;有色ETF;军工ETF;半导体ETF;酒ETF;证券ETF,沪深300;创业板;黄金;国债ETF,有色ETF;军工ETF;半导体ETF;酒ETF;证券ETF
2026-02-24,2975788.997863762,2900249.5993883,75539.3984754621,0.519924375580535,False,normal,-0.026478679253455505,9,沪深300;创业板;黄金;国债ETF;有色ETF;军工ETF;半导体ETF;证券ETF;酒ETF,沪深300;创业板;黄金;国债ETF,有色ETF;军工ETF;半导体ETF;证券ETF;酒ETF
2026-02-25,2999581.387454128,2923483.614009353,76097.77344477503,0.534109180508041,False,normal,-0.01869506336054209,9,沪深300;创业板;黄金;国债ETF;有色ETF;军工ETF;半导体ETF;酒ETF;证券ETF,沪深300;创业板;黄金;国债ETF,有色ETF;军工ETF;半导体ETF;酒ETF;证券ETF
2026-02-26,2993880.7910073213,2993880.791007322,-4.656612873077393e-10,0.3325141444115408,False,normal,-0.020559998067244123,7,创业板;黄金;有色ETF;军工ETF;半导体ETF;酒ETF;证券ETF,创业板;黄金,有色ETF;军工ETF;半导体ETF;酒ETF;证券ETF
2026-02-27,2990147.5370768826,2990147.537076883,-4.656612873077393e-10,0.34178215118293587,False,normal,-0.021781321991639308,7,创业板;黄金;有色ETF;军工ETF;半导体ETF;酒ETF;证券ETF,创业板;黄金,有色ETF;军工ETF;半导体ETF;酒ETF;证券ETF
2026-03-02,3032496.5494048945,3032496.549404894,4.656612873077393e-10,0.3437717367275124,False,normal,-0.007926957168234801,7,创业板;黄金;军工ETF;有色ETF;半导体ETF;酒ETF;证券ETF,创业板;黄金,军工ETF;有色ETF;半导体ETF;酒ETF;证券ETF
2026-03-03,2958028.4895695853,2785272.7589348266,172755.73063475871,0.41901670928267387,False,normal,-0.032288981497360945,7,黄金;国债ETF;有色ETF;军工ETF;酒ETF;证券ETF;半导体ETF,黄金;国债ETF,有色ETF;军工ETF;酒ETF;证券ETF;半导体ETF
2026-03-04,2926742.606864088,2771644.5970626757,155098.00980141247,0.420906416913713,False,normal,-0.04252407339199514,7,黄金;国债ETF;军工ETF;有色ETF;酒ETF;证券ETF;半导体ETF,黄金;国债ETF,军工ETF;有色ETF;酒ETF;证券ETF;半导体ETF
2026-03-05,2927763.403363198,2740454.654499368,187308.74886383023,0.4338337243836339,False,normal,-0.04219012257870151,7,黄金;国债ETF;军工ETF;有色ETF;半导体ETF;证券ETF;创新药ETF,黄金;国债ETF,军工ETF;有色ETF;半导体ETF;证券ETF;创新药ETF
2026-03-06,2924103.38326441,2754054.67915288,170048.70411152998,0.5358168241654698,False,normal,-0.04338748825317945,8,创业板;黄金;国债ETF;军工ETF;有色ETF;半导体ETF;证券ETF;创新药ETF,创业板;黄金;国债ETF,军工ETF;有色ETF;半导体ETF;证券ETF;创新药ETF
2026-03-09,2906570.3869619346,2738995.606810942,167574.7801509928,0.459537957979297,False,normal,-0.04912336056444989,7,黄金;国债ETF;有色ETF;军工ETF;半导体ETF;创新药ETF;证券ETF,黄金;国债ETF,有色ETF;军工ETF;半导体ETF;创新药ETF;证券ETF
2026-03-10,2926769.109400437,2752009.5772810946,174759.5321193426,0.47316226284669033,False,normal,-0.042515403158921446,7,黄金;国债ETF;军工ETF;有色ETF;半导体ETF;创新药ETF;证券ETF,黄金;国债ETF,军工ETF;有色ETF;半导体ETF;创新药ETF;证券ETF
2026-03-11,2923589.041989023,2767498.4183246004,156090.62366442243,0.5653783852283296,False,normal,-0.04355575361006082,8,创业板;黄金;国债ETF;有色ETF;军工ETF;半导体ETF;创新药ETF;证券ETF,创业板;黄金;国债ETF,有色ETF;军工ETF;半导体ETF;创新药ETF;证券ETF
2026-03-12,2908150.1947987694,2766259.973071951,141890.22172681848,0.5798140523001498,False,normal,-0.04860653070421946,8,创业板;黄金;国债ETF;有色ETF;军工ETF;半导体ETF;创新药ETF;证券ETF,创业板;黄金;国债ETF,有色ETF;军工ETF;半导体ETF;创新药ETF;证券ETF
2026-03-13,2886662.336801783,2748327.260445467,138335.07635631599,0.5138388654690402,False,normal,-0.05563622532042288,7,黄金;国债ETF;有色ETF;军工ETF;半导体ETF;创新药ETF;证券ETF,黄金;国债ETF,有色ETF;军工ETF;半导体ETF;创新药ETF;证券ETF
2026-03-16,2872711.774606057,2785039.198864702,87672.57574135484,0.5246553042747402,False,normal,-0.06020011400463058,7,黄金;国债ETF;有色ETF;军工ETF;半导体ETF;创新药ETF;酒ETF,黄金;国债ETF,有色ETF;军工ETF;半导体ETF;创新药ETF;酒ETF
2026-03-17,2859808.1743425117,2780347.260815929,79460.91352658253,0.5409730882023475,False,normal,-0.0644214919248964,7,黄金;国债ETF;有色ETF;创新药ETF;军工ETF;酒ETF;半导体ETF,黄金;国债ETF,有色ETF;创新药ETF;军工ETF;酒ETF;半导体ETF
2026-03-18,2862116.0444009113,2799508.9758096486,62607.06859126268,0.6301230225071879,False,normal,-0.0636664784783861,8,创业板;黄金;国债ETF;半导体ETF;军工ETF;创新药ETF;有色ETF;酒ETF,创业板;黄金;国债ETF,半导体ETF;军工ETF;创新药ETF;有色ETF;酒ETF
2026-03-19,2801486.5124038137,2872707.9745058096,-71221.46210199594,0.5161185608066168,False,warning,-0.08350126586029764,7,黄金;国债ETF;半导体ETF;军工ETF;创新药ETF;酒ETF;证券ETF,黄金;国债ETF,半导体ETF;军工ETF;创新药ETF;酒ETF;证券ETF
2026-03-20,2764031.830021025,2647917.6431785603,116114.18684246484,0.5217152711470903,False,warning,-0.09575446388193505,7,黄金;国债ETF;创新药ETF;半导体ETF;军工ETF;酒ETF;有色ETF,黄金;国债ETF,创新药ETF;半导体ETF;军工ETF;酒ETF;有色ETF
2026-03-23,2638100.1518537225,1211047.5814223127,1427052.5704314099,0.5,False,halve,-0.1369526717324481,6,国债ETF;半导体ETF;创新药ETF;酒ETF;军工ETF;有色ETF,国债ETF,半导体ETF;创新药ETF;酒ETF;军工ETF;有色ETF
2026-03-24,2644901.0853937264,1198093.1904607276,1446807.8949329988,0.5,False,halve,-0.1347277647222646,6,国债ETF;半导体ETF;创新药ETF;军工ETF;酒ETF;有色ETF,国债ETF,半导体ETF;创新药ETF;军工ETF;酒ETF;有色ETF
2026-03-25,2646241.9128279826,1195351.9577579843,1450889.9550699983,0.3835497314644028,False,halve,-0.13428911665426405,6,创业板;创新药ETF;半导体ETF;酒ETF;有色ETF;军工ETF,创业板,创新药ETF;半导体ETF;酒ETF;有色ETF;军工ETF
2026-03-26,2629439.7850742447,271866.5553994389,2357573.229674806,0.5,False,halve,-0.13978588729691158,5,创新药ETF;半导体ETF;军工ETF;酒ETF;有色ETF,,创新药ETF;半导体ETF;军工ETF;酒ETF;有色ETF
2026-03-27,2635435.143203646,1187575.0765064978,1447860.0666971481,0.5,False,halve,-0.1378245221031182,6,国债ETF;创新药ETF;半导体ETF;有色ETF;酒ETF;军工ETF,国债ETF,创新药ETF;半导体ETF;有色ETF;酒ETF;军工ETF
2026-03-30,2637972.887126116,1194622.6629503223,1443350.2241757938,0.5,False,halve,-0.13699430604381657,6,国债ETF;创新药ETF;半导体ETF;有色ETF;军工ETF;酒ETF,国债ETF,创新药ETF;半导体ETF;有色ETF;军工ETF;酒ETF
2026-03-31,2635321.9841755526,1200140.5993769856,1435181.384798567,0.5,False,halve,-0.13786154177304874,6,国债ETF;创新药ETF;有色ETF;半导体ETF;酒ETF;军工ETF,国债ETF,创新药ETF;有色ETF;半导体ETF;酒ETF;军工ETF
2026-04-01,2641123.4788325345,1194812.2916049869,1446311.1872275476,0.5,False,halve,-0.13596359848983092,6,国债ETF;创新药ETF;有色ETF;半导体ETF;酒ETF;军工ETF,国债ETF,创新药ETF;有色ETF;半导体ETF;酒ETF;军工ETF
2026-04-02,2637926.85787281,275491.7860816834,2362435.071791127,0.5,False,halve,-0.13700936438952033,5,创新药ETF;有色ETF;酒ETF;半导体ETF;军工ETF,,创新药ETF;有色ETF;酒ETF;半导体ETF;军工ETF
2026-04-03,2635031.569023763,1204181.1052701564,1430850.4637536064,0.5,False,halve,-0.1379565503043452,6,国债ETF;创新药ETF;有色ETF;酒ETF;半导体ETF;军工ETF,国债ETF,创新药ETF;有色ETF;酒ETF;半导体ETF;军工ETF
2026-04-07,2635825.306550486,1212518.3345697422,1423306.9719807438,0.5,False,halve,-0.13769688121964316,6,国债ETF;创新药ETF;有色ETF;酒ETF;半导体ETF;军工ETF,国债ETF,创新药ETF;有色ETF;酒ETF;半导体ETF;军工ETF
2026-04-08,2647489.8023879435,1182880.8050288998,1464608.9973590437,0.2986940617365342,False,halve,-0.13388087296042986,6,创业板;创新药ETF;半导体ETF;有色ETF;酒ETF;军工ETF,创业板,创新药ETF;半导体ETF;有色ETF;酒ETF;军工ETF
2026-04-09,2638344.448551519,1185099.3845691844,1453245.0639823345,0.3063221468466344,False,halve,-0.13687275072861907,6,创业板;创新药ETF;半导体ETF;有色ETF;酒ETF;军工ETF,创业板,创新药ETF;半导体ETF;有色ETF;酒ETF;军工ETF
2026-04-10,2672752.5866114637,1207724.1411135367,1465028.445497927,0.2935026950935051,False,halve,-0.12561622144089282,6,创业板;创新药ETF;半导体ETF;有色ETF;酒ETF;军工ETF,创业板,创新药ETF;半导体ETF;有色ETF;酒ETF;军工ETF
2026-04-13,2681310.294842057,1233894.8018809438,1447415.492961113,0.38348786196126455,False,halve,-0.12281659034299194,7,沪深300;创业板;创新药ETF;有色ETF;半导体ETF;证券ETF;酒ETF,沪深300;创业板,创新药ETF;有色ETF;半导体ETF;证券ETF;酒ETF
2026-04-14,2702300.26894256,2428125.0255842083,274175.24335835176,0.3034308234420357,False,warning,-0.11594977709668089,6,创业板;半导体ETF;创新药ETF;有色ETF;军工ETF;证券ETF,创业板,半导体ETF;创新药ETF;有色ETF;军工ETF;证券ETF
2026-04-15,2680090.253937495,1231432.7498330541,1448657.5041044408,0.344582734513866,False,halve,-0.12321572342454666,7,创业板;纳指;创新药ETF;半导体ETF;有色ETF;军工ETF;酒ETF,创业板;纳指,创新药ETF;半导体ETF;有色ETF;军工ETF;酒ETF
2026-04-16,2708914.0510667525,2503384.0739501673,205529.97711658524,0.38743345732829504,False,warning,-0.11378609616591064,8,沪深300;创业板;纳指;有色ETF;半导体ETF;创新药ETF;军工ETF;酒ETF,沪深300;创业板;纳指,有色ETF;半导体ETF;创新药ETF;军工ETF;酒ETF
2026-04-17,2707667.9397369875,2478220.3617491294,229447.5779878581,0.3992745582685656,False,warning,-0.11419375811654658,8,沪深300;创业板;纳指;有色ETF;半导体ETF;创新药ETF;军工ETF;证券ETF,沪深300;创业板;纳指,有色ETF;半导体ETF;创新药ETF;军工ETF;证券ETF
2026-04-20,2715593.233405219,2501331.0777739096,214262.15563130938,0.4116270223373344,False,warning,-0.11160101973195694,8,沪深300;创业板;纳指;有色ETF;半导体ETF;军工ETF;创新药ETF;证券ETF,沪深300;创业板;纳指,有色ETF;半导体ETF;军工ETF;创新药ETF;证券ETF
2026-04-21,2714837.0949962493,2513996.368321475,200840.7266747742,0.4244265932153195,False,warning,-0.1118483883669965,8,沪深300;创业板;纳指;有色ETF;半导体ETF;创新药ETF;军工ETF;证券ETF,沪深300;创业板;纳指,有色ETF;半导体ETF;创新药ETF;军工ETF;证券ETF
2026-04-22,2739433.4475218384,2552610.423424614,186823.02409722423,0.5818863431133332,False,warning,-0.10380175817465136,9,沪深300;创业板;纳指;国债ETF;半导体ETF;有色ETF;创新药ETF;军工ETF;证券ETF,沪深300;创业板;纳指;国债ETF,半导体ETF;有色ETF;创新药ETF;军工ETF;证券ETF
2026-04-23,2727747.2938814834,2597380.117607271,130367.17627421254,0.5974445753220549,False,warning,-0.10762485172549534,9,沪深300;创业板;纳指;国债ETF;军工ETF;半导体ETF;创新药ETF;有色ETF;酒ETF,沪深300;创业板;纳指;国债ETF,军工ETF;半导体ETF;创新药ETF;有色ETF;酒ETF
2026-04-24,2720796.9990555993,2612263.4123106203,108533.58674497902,0.6084509327833502,False,warning,-0.10989862187631241,9,沪深300;创业板;纳指;国债ETF;半导体ETF;有色ETF;创新药ETF;军工ETF;酒ETF,沪深300;创业板;纳指;国债ETF,半导体ETF;有色ETF;创新药ETF;军工ETF;酒ETF
2026-04-27,2728912.2565602274,2641964.4410368693,86947.81552335806,0.469060775210684,False,warning,-0.10724373733652305,8,沪深300;创业板;纳指;半导体ETF;创新药ETF;有色ETF;军工ETF;酒ETF,沪深300;创业板;纳指,半导体ETF;创新药ETF;有色ETF;军工ETF;酒ETF
2026-04-28,2718824.4909605365,2718824.490960537,-4.656612873077393e-10,0.644346145330099,False,warning,-0.11054392256371576,9,沪深300;创业板;纳指;国债ETF;半导体ETF;创新药ETF;军工ETF;证券ETF;酒ETF,沪深300;创业板;纳指;国债ETF,半导体ETF;创新药ETF;军工ETF;证券ETF;酒ETF
2026-04-29,2739127.3803454195,2674324.7485318407,64802.63181357877,0.48958032005137997,False,warning,-0.1039018872234644,8,沪深300;创业板;纳指;半导体ETF;创新药ETF;军工ETF;酒ETF;有色ETF,沪深300;创业板;纳指,半导体ETF;创新药ETF;军工ETF;酒ETF;有色ETF
2026-04-30,2744751.4744786965,2744751.4744786974,-9.313225746154785e-10,0.6733003515793307,False,warning,-0.10206198004168465,9,沪深300;创业板;纳指;国债ETF;半导体ETF;军工ETF;创新药ETF;证券ETF;酒ETF,沪深300;创业板;纳指;国债ETF,半导体ETF;军工ETF;创新药ETF;证券ETF;酒ETF
2026-05-06,2788657.1785561102,2651240.3890112056,137416.7895449046,0.487944787415988,False,warning,-0.08769834772352134,8,沪深300;创业板;纳指;半导体ETF;军工ETF;创新药ETF;证券ETF;有色ETF,沪深300;创业板;纳指,半导体ETF;军工ETF;创新药ETF;证券ETF;有色ETF
2026-05-07,2820970.06617271,2703045.8786308537,117924.18754185643,0.6618725770790409,False,normal,-0.07712727395040457,9,沪深300;创业板;纳指;国债ETF;半导体ETF;军工ETF;有色ETF;创新药ETF;证券ETF,沪深300;创业板;纳指;国债ETF,半导体ETF;军工ETF;有色ETF;创新药ETF;证券ETF
2026-05-08,2811540.467694051,2706310.568669111,105229.8990249401,0.6748150827149553,False,warning,-0.08021214158438124,9,沪深300;创业板;纳指;国债ETF;半导体ETF;军工ETF;有色ETF;创新药ETF;证券ETF,沪深300;创业板;纳指;国债ETF,半导体ETF;军工ETF;有色ETF;创新药ETF;证券ETF
2026-05-11,2864409.4412076995,2744121.142429265,120288.29877843428,0.6468685308240831,False,normal,-0.0629161999169884,9,沪深300;创业板;纳指;国债ETF;半导体ETF;军工ETF;有色ETF;创新药ETF;证券ETF,沪深300;创业板;纳指;国债ETF,半导体ETF;军工ETF;有色ETF;创新药ETF;证券ETF
2026-05-12,2854387.3175592865,2751700.602870588,102686.7146886983,0.654637392080446,False,normal,-0.06619491055739075,9,沪深300;创业板;纳指;国债ETF;半导体ETF;军工ETF;有色ETF;创新药ETF;证券ETF,沪深300;创业板;纳指;国债ETF,半导体ETF;军工ETF;有色ETF;创新药ETF;证券ETF
2026-05-13,2881499.9939516583,2800770.5216952525,80729.47225640574,0.663726998439839,False,normal,-0.057325071819018004,9,沪深300;创业板;纳指;国债ETF;半导体ETF;军工ETF;有色ETF;创新药ETF;证券ETF,沪深300;创业板;纳指;国债ETF,半导体ETF;军工ETF;有色ETF;创新药ETF;证券ETF
2026-05-14,2841354.017598139,2663766.6613631113,177587.35623502778,0.654571654500527,False,normal,-0.07045871938287218,9,沪深300;创业板;纳指;国债ETF;半导体ETF;军工ETF;有色ETF;证券ETF;创新药ETF,沪深300;创业板;纳指;国债ETF,半导体ETF;军工ETF;有色ETF;证券ETF;创新药ETF
2026-05-15,2821917.777423216,2631480.91844173,190436.85898148594,0.6661364828932108,False,normal,-0.07681723277848641,9,沪深300;创业板;纳指;国债ETF;半导体ETF;军工ETF;有色ETF;创新药ETF;证券ETF,沪深300;创业板;纳指;国债ETF,半导体ETF;军工ETF;有色ETF;创新药ETF;证券ETF
2026-05-18,2801803.233008987,2630292.776823851,171510.456185136,0.659536662709278,False,warning,-0.08339765157108657,9,沪深300;创业板;纳指;国债ETF;半导体ETF;军工ETF;证券ETF;有色ETF;创新药ETF,沪深300;创业板;纳指;国债ETF,半导体ETF;军工ETF;证券ETF;有色ETF;创新药ETF
2026-05-19,2803704.2497767983,2649642.8876683405,154061.36210845783,0.677415398303523,False,warning,-0.08277573907799995,9,沪深300;创业板;纳指;国债ETF;半导体ETF;军工ETF;证券ETF;创新药ETF;有色ETF,沪深300;创业板;纳指;国债ETF,半导体ETF;军工ETF;证券ETF;创新药ETF;有色ETF
2026-05-20,2813034.2165150587,2813034.2165150587,0.0,0.6986998682475819,False,normal,-0.07972346569837763,9,沪深300;创业板;纳指;国债ETF;半导体ETF;军工ETF;创新药ETF;证券ETF;酒ETF,沪深300;创业板;纳指;国债ETF,半导体ETF;军工ETF;创新药ETF;证券ETF;酒ETF
2026-05-21,2796912.176436975,2796912.1764369756,-4.656612873077393e-10,0.7135694826090819,False,warning,-0.08499774749766235,10,沪深300;创业板;纳指;黄金;国债ETF;半导体ETF;创新药ETF;证券ETF;军工ETF;酒ETF,沪深300;创业板;纳指;黄金;国债ETF,半导体ETF;创新药ETF;证券ETF;军工ETF;酒ETF
2026-05-22,2818043.806043999,2694143.313648631,123900.49239536794,0.705373643890329,False,normal,-0.07808459203559008,10,沪深300;创业板;纳指;黄金;国债ETF;半导体ETF;创新药ETF;军工ETF;证券ETF;有色ETF,沪深300;创业板;纳指;黄金;国债ETF,半导体ETF;创新药ETF;军工ETF;证券ETF;有色ETF
2026-05-25,2862799.512703788,2734640.6726283054,128158.84007548261,0.653935583723374,False,normal,-0.06344288367197254,9,沪深300;创业板;纳指;国债ETF;半导体ETF;军工ETF;证券ETF;创新药ETF;有色ETF,沪深300;创业板;纳指;国债ETF,半导体ETF;军工ETF;证券ETF;创新药ETF;有色ETF
2026-05-26,2860377.8341566008,2755225.777522761,105152.05663383985,0.6892722186222304,False,normal,-0.06423512925772265,10,沪深300;创业板;纳指;黄金;国债ETF;半导体ETF;证券ETF;有色ETF;创新药ETF;军工ETF,沪深300;创业板;纳指;黄金;国债ETF,半导体ETF;证券ETF;有色ETF;创新药ETF;军工ETF
2026-05-27,2845044.4767717654,2717835.9291298026,127208.54764196277,0.6887771586446886,False,normal,-0.06925139564740271,9,沪深300;创业板;纳指;国债ETF;半导体ETF;证券ETF;创新药ETF;军工ETF;有色ETF,沪深300;创业板;纳指;国债ETF,半导体ETF;证券ETF;创新药ETF;军工ETF;有色ETF
2026-05-28,2849789.8759443057,2742322.322047898,107467.5538964076,0.7101234708347038,False,normal,-0.06769895114504136,9,沪深300;创业板;纳指;国债ETF;半导体ETF;证券ETF;军工ETF;创新药ETF;有色ETF,沪深300;创业板;纳指;国债ETF,半导体ETF;证券ETF;军工ETF;创新药ETF;有色ETF
