date,nav,exposure,repo_amount,final_multiplier,circuit_breaker_triggered,drawdown_level,drawdown,n_positions,position_names,defense_active,offense_top
2014-01-27,1000000.0,0.0,1000000.0,0.0,True,normal,0.0,0,,创业板;纳指;黄金;国债ETF,
2014-01-28,1000000.0,0.0,1000000.0,0.0,True,normal,0.0,0,,创业板;纳指;黄金;国债ETF,
2014-01-29,1000000.0,0.0,1000000.0,0.0,True,normal,0.0,0,,创业板;纳指;黄金;国债ETF,
2014-01-30,1000000.0,0.0,1000000.0,0.0,True,normal,0.0,0,,创业板;纳指;黄金;国债ETF,
2014-02-07,1000000.0,0.0,1000000.0,0.0,True,normal,0.0,0,,创业板;纳指;黄金;国债ETF,
2014-02-10,1000000.0,0.0,1000000.0,0.0,True,normal,0.0,0,,创业板;纳指;黄金;国债ETF,
2014-02-11,1000000.0,0.0,1000000.0,0.0,True,normal,0.0,0,,创业板;纳指;黄金;国债ETF,
2014-02-12,1000000.0,0.0,1000000.0,0.0,True,normal,0.0,0,,创业板;纳指;黄金;国债ETF,
2014-02-13,1000000.0,0.0,1000000.0,0.0,True,normal,0.0,0,,创业板;纳指;黄金;国债ETF,
2014-02-14,1000000.0,0.0,1000000.0,0.0,True,normal,0.0,0,,创业板;纳指;黄金;国债ETF,
2014-02-17,1000000.0,0.0,1000000.0,0.0,True,normal,0.0,0,,创业板;纳指;黄金;国债ETF,
2014-02-18,1000000.0,0.0,1000000.0,0.0,True,normal,0.0,0,,创业板;纳指;黄金;国债ETF,
2014-02-19,1000000.0,0.0,1000000.0,0.0,True,normal,0.0,0,,创业板;纳指;黄金;国债ETF,
2014-02-20,1000000.0,0.0,1000000.0,0.0,True,normal,0.0,0,,创业板;纳指;黄金;国债ETF,
2014-02-21,1000000.0,0.0,1000000.0,0.0,True,normal,0.0,0,,创业板;纳指;黄金;国债ETF,
2014-02-24,1000000.0,0.0,1000000.0,0.0,True,normal,0.0,0,,创业板;纳指;黄金;国债ETF,
2014-02-25,1000000.0,0.0,1000000.0,0.0,True,normal,0.0,0,,创业板;纳指;黄金;国债ETF,
2014-02-26,1000000.0,0.0,1000000.0,0.0,True,normal,0.0,0,,创业板;纳指;黄金;国债ETF,
2014-02-27,1000000.0,0.0,1000000.0,0.0,True,normal,0.0,0,,创业板;纳指;黄金;国债ETF,
2014-02-28,1000000.0,0.0,1000000.0,0.0,True,normal,0.0,0,,创业板;纳指;黄金;国债ETF,
2014-03-03,1000000.0,0.0,1000000.0,0.0,True,normal,0.0,0,,创业板;纳指;黄金;国债ETF,
2014-03-04,1000000.0,0.0,1000000.0,0.0,True,normal,0.0,0,,创业板;纳指;黄金;国债ETF,
2014-03-05,1000000.0,0.0,1000000.0,0.0,True,normal,0.0,0,,创业板;纳指;黄金;国债ETF,
2014-03-06,1000000.0,0.0,1000000.0,0.0,True,normal,0.0,0,,创业板;纳指;黄金;国债ETF,
2014-03-07,1000000.0,0.0,1000000.0,0.0,True,normal,0.0,0,,创业板;纳指;黄金;国债ETF,
2014-03-10,1000000.0,0.0,1000000.0,0.0,True,normal,0.0,0,,创业板;纳指;黄金;国债ETF,
2014-03-11,1000000.0,0.0,1000000.0,0.0,True,normal,0.0,0,,纳指;黄金;国债ETF,
2014-03-12,1000000.0,0.0,1000000.0,0.0,True,normal,0.0,0,,创业板;纳指;黄金;国债ETF,
2014-03-13,1000000.0,0.0,1000000.0,0.0,True,normal,0.0,0,,创业板;纳指;黄金;国债ETF,
2014-03-14,1000000.0,0.0,1000000.0,0.0,True,normal,0.0,0,,创业板;纳指;黄金;国债ETF,
2014-03-17,1000000.0,0.0,1000000.0,0.0,True,normal,0.0,0,,创业板;纳指;黄金;国债ETF,
2014-03-18,1000000.0,0.0,1000000.0,0.0,True,normal,0.0,0,,创业板;纳指;黄金;国债ETF,
2014-03-19,1000000.0,0.0,1000000.0,0.0,True,normal,0.0,0,,创业板;纳指;黄金;国债ETF,
2014-03-20,1000000.0,0.0,1000000.0,0.0,True,normal,0.0,0,,创业板;纳指;黄金;国债ETF,
2014-03-21,1000000.0,0.0,1000000.0,0.0,True,normal,0.0,0,,创业板;纳指;黄金;国债ETF,
2014-03-24,1000000.0,0.0,1000000.0,0.0,True,normal,0.0,0,,纳指;黄金;国债ETF,
2014-03-25,1000000.0,0.0,1000000.0,0.0,True,normal,0.0,0,,纳指;黄金;国债ETF,
2014-03-26,1000000.0,0.0,1000000.0,0.0,True,normal,0.0,0,,纳指;黄金;国债ETF,
2014-03-27,1000000.0,0.0,1000000.0,0.0,True,normal,0.0,0,,黄金;国债ETF,
2014-03-28,1000000.0,0.0,1000000.0,0.0,True,normal,0.0,0,,纳指;黄金;国债ETF,
2014-03-31,1000000.0,0.0,1000000.0,0.0,True,normal,0.0,0,,纳指;黄金;国债ETF,
2014-04-01,1000000.0,0.0,1000000.0,0.0,True,normal,0.0,0,,纳指;黄金;国债ETF,
2014-04-02,1000000.0,0.0,1000000.0,0.0,True,normal,0.0,0,,纳指;黄金;国债ETF,
2014-04-03,1000000.0,0.0,1000000.0,0.0,True,normal,0.0,0,,纳指;黄金;国债ETF,
2014-04-04,1000000.0,0.0,1000000.0,0.0,True,normal,0.0,0,,纳指;黄金;国债ETF,
2014-04-08,1000000.0,0.0,1000000.0,0.0,True,normal,0.0,0,,黄金;国债ETF,
2014-04-09,1000000.0,0.0,1000000.0,0.0,True,normal,0.0,0,,黄金;国债ETF,
2014-04-10,1000000.0,0.0,1000000.0,0.0,True,normal,0.0,0,,纳指;黄金;国债ETF,
2014-04-11,1000000.0,0.0,1000000.0,0.0,True,normal,0.0,0,,黄金;国债ETF,
2014-04-14,1000000.0,0.0,1000000.0,0.0,True,normal,0.0,0,,黄金;国债ETF,
2014-04-15,1000000.0,0.0,1000000.0,0.0,True,normal,0.0,0,,黄金;国债ETF,
2014-04-16,1000000.0,0.0,1000000.0,0.0,True,normal,0.0,0,,黄金;国债ETF,
2014-04-17,1000000.0,0.0,1000000.0,0.0,True,normal,0.0,0,,黄金;国债ETF,
2014-04-18,1000000.0,0.0,1000000.0,0.0,True,normal,0.0,0,,国债ETF,
2014-04-21,1000000.0,0.0,1000000.0,0.0,True,normal,0.0,0,,国债ETF,
2014-04-22,1000000.0,0.0,1000000.0,0.0,True,normal,0.0,0,,沪深300;国债ETF,
2014-04-23,1000000.0,0.0,1000000.0,0.0,True,normal,0.0,0,,沪深300;国债ETF,
2014-04-24,1000000.0,0.0,1000000.0,0.0,True,normal,0.0,0,,沪深300;国债ETF,
2014-04-25,1000000.0,0.0,1000000.0,0.0,True,normal,0.0,0,,国债ETF,
2014-04-28,1000000.0,1000000.0,0.0,1.0,False,normal,0.0,1,国债ETF,国债ETF,
2014-04-29,1001191.8344063237,0.0,1001191.8344063237,0.0,True,normal,0.0,0,,国债ETF,
2014-04-30,1001191.8344063237,0.0,1001191.8344063237,0.0,True,normal,0.0,0,,国债ETF,
2014-05-05,1001191.8344063237,0.0,1001191.8344063237,0.0,True,normal,0.0,0,,黄金;国债ETF,
2014-05-06,1001191.8344063237,0.0,1001191.8344063237,0.0,True,normal,0.0,0,,国债ETF,
2014-05-07,1001191.8344063237,0.0,1001191.8344063237,0.0,True,normal,0.0,0,,沪深300;黄金;国债ETF,
2014-05-08,1001191.8344063237,0.0,1001191.8344063237,0.0,True,normal,0.0,0,,沪深300;国债ETF,
2014-05-09,1001191.8344063237,0.0,1001191.8344063237,0.0,True,normal,0.0,0,,沪深300;国债ETF,
2014-05-12,1001191.8344063237,0.0,1001191.8344063237,0.0,True,normal,0.0,0,,沪深300;国债ETF,
2014-05-13,1001191.8344063237,0.0,1001191.8344063237,0.0,True,normal,0.0,0,,沪深300;国债ETF,
2014-05-14,1001191.8344063237,0.0,1001191.8344063237,0.0,True,normal,0.0,0,,沪深300;纳指;国债ETF,
2014-05-15,1001191.8344063237,0.0,1001191.8344063237,0.0,True,normal,0.0,0,,沪深300;国债ETF,
2014-05-16,1001191.8344063237,0.0,1001191.8344063237,0.0,True,normal,0.0,0,,沪深300;国债ETF,
2014-05-19,1001191.8344063237,0.0,1001191.8344063237,0.0,True,normal,0.0,0,,沪深300;国债ETF,
2014-05-20,1001191.8344063237,0.0,1001191.8344063237,0.0,True,normal,0.0,0,,国债ETF,
2014-05-21,1001191.8344063237,0.0,1001191.8344063237,0.0,True,normal,0.0,0,,国债ETF,
2014-05-22,1001191.8344063237,0.0,1001191.8344063237,0.0,True,normal,0.0,0,,国债ETF,
2014-05-23,1001191.8344063237,0.0,1001191.8344063237,0.0,True,normal,0.0,0,,纳指;国债ETF,
2014-05-26,1001191.8344063237,0.0,1001191.8344063237,0.0,True,normal,0.0,0,,沪深300;纳指;黄金;国债ETF,
2014-05-27,1001191.8344063237,0.0,1001191.8344063237,0.0,True,normal,0.0,0,,纳指;黄金;国债ETF,
2014-05-28,1001191.8344063237,0.0,1001191.8344063237,0.0,True,normal,0.0,0,,沪深300;创业板;纳指;国债ETF,
2014-05-29,1001191.8344063237,0.0,1001191.8344063237,0.0,True,normal,0.0,0,,沪深300;纳指;国债ETF,
2014-05-30,1001191.8344063237,0.0,1001191.8344063237,0.0,True,normal,0.0,0,,纳指;国债ETF,
2014-06-03,1001191.8344063237,0.0,1001191.8344063237,0.0,True,normal,0.0,0,,纳指;国债ETF,
2014-06-04,1001191.8344063237,0.0,1001191.8344063237,0.0,True,normal,0.0,0,,纳指;国债ETF,
2014-06-05,1001191.8344063237,0.0,1001191.8344063237,0.0,True,normal,0.0,0,,创业板;纳指;国债ETF,
2014-06-06,1001191.8344063237,0.0,1001191.8344063237,0.0,True,normal,0.0,0,,纳指;国债ETF,
2014-06-09,1001191.8344063237,0.0,1001191.8344063237,0.0,True,normal,0.0,0,,纳指;国债ETF,
2014-06-10,1001191.8344063237,0.0,1001191.8344063237,0.0,True,normal,0.0,0,,纳指;国债ETF,
2014-06-11,1001191.8344063237,1001191.8344063237,0.0,1.0,False,normal,0.0,2,纳指;国债ETF,纳指;国债ETF,
2014-06-12,997493.2247572236,997493.2247572235,1.1641532182693481e-10,1.0,False,normal,-0.003694206766371872,3,创业板;纳指;国债ETF,创业板;纳指;国债ETF,
2014-06-13,999472.9416584946,999472.9416584945,1.1641532182693481e-10,1.0,False,normal,-0.0017168465510391795,3,创业板;纳指;国债ETF,创业板;纳指;国债ETF,
2014-06-16,1003477.026015023,1003477.026015023,0.0,1.0,False,normal,0.0,3,创业板;纳指;国债ETF,创业板;纳指;国债ETF,
2014-06-17,1000658.4208931469,1000658.4208931469,0.0,1.0,False,normal,-0.002808838716586538,3,创业板;纳指;国债ETF,创业板;纳指;国债ETF,
2014-06-18,997221.4812019817,997221.4812019817,0.0,1.0,False,normal,-0.006233869486661961,3,创业板;纳指;国债ETF,创业板;纳指;国债ETF,
2014-06-19,989679.7208267329,989679.7208267329,0.0,1.0,False,normal,-0.0137494978266533,2,纳指;国债ETF,纳指;国债ETF,
2014-06-20,988939.5670973324,988939.5670973324,0.0,1.0,False,normal,-0.014487086939519946,4,创业板;纳指;黄金;国债ETF,创业板;纳指;黄金;国债ETF,
2014-06-23,995414.942140974,995414.942140974,0.0,1.0,False,normal,-0.00803414892921357,4,创业板;纳指;黄金;国债ETF,创业板;纳指;黄金;国债ETF,
2014-06-24,997892.9111778149,997892.9111778149,0.0,1.0,False,normal,-0.005564766001054881,4,创业板;纳指;黄金;国债ETF,创业板;纳指;黄金;国债ETF,
2014-06-25,994061.6091916976,994061.6091916976,0.0,1.0,False,normal,-0.009382792609329242,4,沪深300;创业板;纳指;国债ETF,沪深300;创业板;纳指;国债ETF,
2014-06-26,1001770.2960694064,1001770.2960694064,0.0,1.0,False,normal,-0.0017008161635690626,5,沪深300;创业板;纳指;黄金;国债ETF,沪深300;创业板;纳指;黄金;国债ETF,
2014-06-27,1003141.113624964,1003141.113624964,0.0,1.0,False,normal,-0.0003347484609517584,5,沪深300;创业板;纳指;黄金;国债ETF,沪深300;创业板;纳指;黄金;国债ETF,
2014-06-30,1006639.6003872398,1006639.60038724,-1.1641532182693481e-10,1.0,False,normal,0.0,5,沪深300;创业板;纳指;黄金;国债ETF,沪深300;创业板;纳指;黄金;国债ETF,
2014-07-01,1008857.1208411114,1008857.1208411115,-1.1641532182693481e-10,1.0,False,normal,0.0,5,沪深300;创业板;纳指;黄金;国债ETF,沪深300;创业板;纳指;黄金;国债ETF,
2014-07-02,1013313.2295531397,1013313.2295531397,0.0,1.0,False,normal,0.0,5,沪深300;创业板;纳指;黄金;国债ETF,沪深300;创业板;纳指;黄金;国债ETF,
2014-07-03,1013941.3535653772,1013941.3535653772,0.0,1.0,False,normal,0.0,5,沪深300;创业板;纳指;黄金;国债ETF,沪深300;创业板;纳指;黄金;国债ETF,
2014-07-04,1015215.2569098857,1015215.2569098858,-1.1641532182693481e-10,1.0,False,normal,0.0,5,沪深300;创业板;纳指;黄金;国债ETF,沪深300;创业板;纳指;黄金;国债ETF,
2014-07-07,1011525.2990343411,1011525.2990343411,0.0,1.0,False,normal,-0.0036346556559601517,5,沪深300;创业板;纳指;黄金;国债ETF,沪深300;创业板;纳指;黄金;国债ETF,
2014-07-08,1013935.9158034042,1013935.9158034042,0.0,1.0,False,normal,-0.0012601673367041016,5,沪深300;创业板;纳指;黄金;国债ETF,沪深300;创业板;纳指;黄金;国债ETF,
2014-07-09,1003844.486517541,1003844.4865175411,-1.1641532182693481e-10,1.0,False,normal,-0.011200354126823367,5,沪深300;创业板;纳指;黄金;国债ETF,沪深300;创业板;纳指;黄金;国债ETF,
2014-07-10,1001819.1397658949,1001819.1397658949,0.0,1.0,False,normal,-0.013195346556124412,4,沪深300;创业板;纳指;黄金,沪深300;创业板;纳指;黄金,
2014-07-11,1002280.4249091082,1002280.4249091083,-1.1641532182693481e-10,1.0,False,normal,-0.012740974795974346,5,沪深300;创业板;纳指;黄金;国债ETF,沪深300;创业板;纳指;黄金;国债ETF,
2014-07-14,1005095.8163812553,1005095.8163812553,0.0,1.0,False,normal,-0.009967778222159475,5,沪深300;创业板;纳指;黄金;国债ETF,沪深300;创业板;纳指;黄金;国债ETF,
2014-07-15,1000793.780104656,1000793.780104656,0.0,1.0,False,normal,-0.014205338924008878,5,沪深300;创业板;纳指;黄金;国债ETF,沪深300;创业板;纳指;黄金;国债ETF,
2014-07-16,994642.6218697801,994642.6218697801,0.0,1.0,False,normal,-0.020264308381972688,4,沪深300;创业板;纳指;国债ETF,沪深300;创业板;纳指;国债ETF,
2014-07-17,992268.4122271761,992268.4122271761,0.0,1.0,False,normal,-0.022602935216473403,4,沪深300;创业板;纳指;黄金,沪深300;创业板;纳指;黄金,
2014-07-18,992548.7876195769,992548.7876195769,0.0,1.0,False,normal,-0.02232676187245355,4,沪深300;创业板;纳指;黄金,沪深300;创业板;纳指;黄金,
2014-07-21,994550.3958192634,0.0,994550.3958192634,0.0,True,normal,-0.020355152220152807,0,,沪深300;纳指;黄金,
2014-07-22,994550.3958192634,0.0,994550.3958192634,0.0,True,normal,-0.020355152220152807,0,,沪深300;创业板;纳指;黄金,
2014-07-23,994550.3958192634,0.0,994550.3958192634,0.0,True,normal,-0.020355152220152807,0,,沪深300;纳指;黄金,
2014-07-24,994550.3958192634,0.0,994550.3958192634,0.0,True,normal,-0.020355152220152807,0,,沪深300;纳指;黄金,
2014-07-25,994550.3958192634,0.0,994550.3958192634,0.0,True,normal,-0.020355152220152807,0,,沪深300;纳指;黄金,
2014-07-28,994550.3958192634,0.0,994550.3958192634,0.0,True,normal,-0.020355152220152807,0,,沪深300;纳指;黄金,
2014-07-29,994550.3958192634,0.0,994550.3958192634,0.0,True,normal,-0.020355152220152807,0,,沪深300;创业板;纳指;黄金,
2014-07-30,994550.3958192634,994550.3958192633,1.1641532182693481e-10,1.0,False,normal,-0.020355152220152807,3,沪深300;纳指;黄金,沪深300;纳指;黄金,
2014-07-31,999280.297680711,999280.297680711,0.0,1.0,False,normal,-0.015696138450162298,3,沪深300;纳指;黄金,沪深300;纳指;黄金,
2014-08-01,987706.8747480669,987706.8747480669,0.0,1.0,False,normal,-0.027096107918579616,3,沪深300;纳指;黄金,沪深300;纳指;黄金,
2014-08-04,996853.8042806466,996853.8042806466,0.0,1.0,False,normal,-0.018086265453818823,3,沪深300;纳指;黄金,沪深300;纳指;黄金,
2014-08-05,995507.176010024,995507.176010024,0.0,1.0,False,normal,-0.019412711506965663,3,沪深300;纳指;黄金,沪深300;纳指;黄金,
2014-08-06,991125.6483310694,991125.6483310694,0.0,1.0,False,normal,-0.023728572255838916,5,沪深300;创业板;纳指;黄金;国债ETF,沪深300;创业板;纳指;黄金;国债ETF,
2014-08-07,990113.0861111981,990113.0861111981,0.0,1.0,False,normal,-0.02472595898045667,4,沪深300;纳指;黄金;国债ETF,沪深300;纳指;黄金;国债ETF,
2014-08-08,991008.3833234474,991008.3833234474,0.0,1.0,False,normal,-0.023844079786703738,3,沪深300;纳指;黄金,沪深300;纳指;黄金,
2014-08-11,996712.4547803847,996712.4547803847,0.0,1.0,False,normal,-0.01822549651767437,5,沪深300;创业板;纳指;黄金;国债ETF,沪深300;创业板;纳指;黄金;国债ETF,
2014-08-12,996232.0544919212,996232.0544919212,0.0,1.0,False,normal,-0.01869869694014014,4,沪深300;创业板;纳指;黄金,沪深300;创业板;纳指;黄金,
2014-08-13,993438.0313573086,993438.0313573086,0.0,1.0,False,normal,-0.021450845428448963,5,沪深300;创业板;纳指;黄金;国债ETF,沪深300;创业板;纳指;黄金;国债ETF,
2014-08-14,993201.323233895,993201.323233895,0.0,1.0,False,normal,-0.021684005954556603,4,沪深300;创业板;纳指;国债ETF,沪深300;创业板;纳指;国债ETF,
2014-08-15,1000950.8614471464,1000950.8614471464,0.0,1.0,False,normal,-0.014050611794544221,4,沪深300;创业板;纳指;国债ETF,沪深300;创业板;纳指;国债ETF,
2014-08-18,1007858.3646897274,1007858.3646897274,0.0,1.0,False,normal,-0.007246632839769538,3,沪深300;创业板;纳指,沪深300;创业板;纳指,
2014-08-19,1014168.5381844429,1014168.5381844429,0.0,1.0,False,normal,-0.0010310313190414165,3,沪深300;创业板;纳指,沪深300;创业板;纳指,
2014-08-20,1012059.9044621055,1012059.9044621054,1.1641532182693481e-10,1.0,False,normal,-0.0031080624786751793,3,沪深300;创业板;纳指,沪深300;创业板;纳指,
2014-08-21,1015359.2314149787,1015359.2314149787,0.0,1.0,False,normal,0.0,3,沪深300;创业板;纳指,沪深300;创业板;纳指,
2014-08-22,1021421.6442134947,1021421.6442134947,0.0,1.0,False,normal,0.0,4,沪深300;创业板;纳指;国债ETF,沪深300;创业板;纳指;国债ETF,
2014-08-25,1016205.8107463089,1016205.8107463089,0.0,1.0,False,normal,-0.005106445018797396,4,沪深300;创业板;纳指;国债ETF,沪深300;创业板;纳指;国债ETF,
2014-08-26,1011299.3049069522,1011299.3049069521,1.1641532182693481e-10,1.0,False,normal,-0.009910049746730048,3,沪深300;纳指;国债ETF,沪深300;纳指;国债ETF,
2014-08-27,1011390.9958934636,1011390.9958934635,1.1641532182693481e-10,1.0,False,normal,-0.009820281738551588,3,沪深300;纳指;国债ETF,沪深300;纳指;国债ETF,
2014-08-28,1008541.1444364834,1008541.1444364834,0.0,1.0,False,normal,-0.012610365024063553,3,沪深300;纳指;国债ETF,沪深300;纳指;国债ETF,
2014-08-29,1009887.0226165347,1009887.0226165347,0.0,1.0,False,normal,-0.011292713114417876,4,沪深300;创业板;纳指;国债ETF,沪深300;创业板;纳指;国债ETF,
2014-09-01,1017062.7444840918,0.0,1017062.7444840918,0.0,True,normal,-0.004267483222131411,0,,沪深300;创业板;纳指;国债ETF,
2014-09-02,1017062.7444840918,0.0,1017062.7444840918,0.0,True,normal,-0.004267483222131411,0,,沪深300;创业板;纳指;国债ETF,
2014-09-03,1017062.7444840918,0.0,1017062.7444840918,0.0,True,normal,-0.004267483222131411,0,,沪深300;创业板;纳指;国债ETF,
2014-09-04,1017062.7444840918,0.0,1017062.7444840918,0.0,True,normal,-0.004267483222131411,0,,沪深300;创业板;纳指;国债ETF,
2014-09-05,1017062.7444840918,0.0,1017062.7444840918,0.0,True,normal,-0.004267483222131411,0,,沪深300;创业板;纳指;国债ETF,
2014-09-09,1017062.7444840918,0.0,1017062.7444840918,0.0,True,normal,-0.004267483222131411,0,,沪深300;创业板;纳指;国债ETF,
2014-09-10,1017062.7444840918,0.0,1017062.7444840918,0.0,True,normal,-0.004267483222131411,0,,沪深300;创业板;纳指;国债ETF,
2014-09-11,1017062.7444840918,0.0,1017062.7444840918,0.0,True,normal,-0.004267483222131411,0,,沪深300;创业板;纳指;国债ETF,
2014-09-12,1017062.7444840918,0.0,1017062.7444840918,0.0,True,normal,-0.004267483222131411,0,,沪深300;创业板;纳指;国债ETF,
2014-09-15,1017062.7444840918,0.0,1017062.7444840918,0.0,True,normal,-0.004267483222131411,0,,沪深300;创业板;纳指;国债ETF,
2014-09-16,1017062.7444840918,0.0,1017062.7444840918,0.0,True,normal,-0.004267483222131411,0,,沪深300;创业板;纳指;国债ETF,
2014-09-17,1017062.7444840918,0.0,1017062.7444840918,0.0,True,normal,-0.004267483222131411,0,,沪深300;创业板;纳指;国债ETF,
2014-09-18,1017062.7444840918,0.0,1017062.7444840918,0.0,True,normal,-0.004267483222131411,0,,沪深300;创业板;纳指;国债ETF,
2014-09-19,1017062.7444840918,0.0,1017062.7444840918,0.0,True,normal,-0.004267483222131411,0,,沪深300;创业板;纳指;国债ETF,
2014-09-22,1017062.7444840918,0.0,1017062.7444840918,0.0,True,normal,-0.004267483222131411,0,,沪深300;创业板;纳指;国债ETF,
2014-09-23,1017062.7444840918,0.0,1017062.7444840918,0.0,True,normal,-0.004267483222131411,0,,沪深300;创业板;纳指;国债ETF,
2014-09-24,1017062.7444840918,0.0,1017062.7444840918,0.0,True,normal,-0.004267483222131411,0,,沪深300;创业板;纳指;国债ETF,
2014-09-25,1017062.7444840918,0.0,1017062.7444840918,0.0,True,normal,-0.004267483222131411,0,,沪深300;创业板;纳指;国债ETF,
2014-09-26,1017062.7444840918,0.0,1017062.7444840918,0.0,True,normal,-0.004267483222131411,0,,沪深300;创业板;纳指;国债ETF,
2014-09-29,1017062.7444840918,0.0,1017062.7444840918,0.0,True,normal,-0.004267483222131411,0,,沪深300;创业板;纳指;国债ETF,
2014-09-30,1017062.7444840918,0.0,1017062.7444840918,0.0,True,normal,-0.004267483222131411,0,,沪深300;创业板;纳指;国债ETF,
2014-10-08,1017062.7444840918,0.0,1017062.7444840918,0.0,True,normal,-0.004267483222131411,0,,沪深300;创业板;纳指;国债ETF,
2014-10-09,1017062.7444840918,0.0,1017062.7444840918,0.0,True,normal,-0.004267483222131411,0,,沪深300;创业板;纳指;国债ETF,
2014-10-10,1017062.7444840918,0.0,1017062.7444840918,0.0,True,normal,-0.004267483222131411,0,,沪深300;创业板;纳指;国债ETF,
2014-10-13,1017062.7444840918,0.0,1017062.7444840918,0.0,True,normal,-0.004267483222131411,0,,沪深300;创业板;国债ETF,
2014-10-14,1017062.7444840918,1017062.7444840916,1.1641532182693481e-10,1.0,False,normal,-0.004267483222131411,3,沪深300;创业板;国债ETF,沪深300;创业板;国债ETF,
2014-10-15,1022528.2938951232,1022528.2938951231,1.1641532182693481e-10,1.0,False,normal,0.0,3,沪深300;创业板;国债ETF,沪深300;创业板;国债ETF,
2014-10-16,1017772.9864171069,1017772.9864171069,0.0,1.0,False,normal,-0.004650538773750525,3,沪深300;创业板;国债ETF,沪深300;创业板;国债ETF,
2014-10-17,1014417.9091474165,1014417.9091474165,0.0,1.0,False,normal,-0.007931697143373672,3,沪深300;创业板;国债ETF,沪深300;创业板;国债ETF,
2014-10-20,1022247.3045297284,1022247.3045297284,0.0,1.0,False,normal,-0.0002747986212923603,3,沪深300;创业板;国债ETF,沪深300;创业板;国债ETF,
2014-10-21,1014461.4802165383,1014461.4802165383,0.0,1.0,False,normal,-0.007889086029938512,3,沪深300;创业板;国债ETF,沪深300;创业板;国债ETF,
2014-10-22,1008579.1207053494,1008579.1207053494,0.0,1.0,False,normal,-0.013641845681000315,3,沪深300;创业板;国债ETF,沪深300;创业板;国债ETF,
2014-10-23,999434.8813256645,999434.8813256645,0.0,1.0,False,normal,-0.022584619621124454,3,沪深300;创业板;国债ETF,沪深300;创业板;国债ETF,
2014-10-24,999996.2492482867,999996.2492482866,1.1641532182693481e-10,1.0,False,normal,-0.02203561972941112,3,沪深300;创业板;国债ETF,沪深300;创业板;国债ETF,
2014-10-27,999370.2851024005,999370.2851024003,1.1641532182693481e-10,1.0,False,normal,-0.022647792663523052,3,沪深300;创业板;国债ETF,沪深300;创业板;国债ETF,
2014-10-28,1014104.1782619684,1014104.1782619684,0.0,1.0,False,normal,-0.008238515925133688,3,沪深300;创业板;国债ETF,沪深300;创业板;国债ETF,
2014-10-29,1020544.9472532603,1020544.9472532602,1.1641532182693481e-10,1.0,False,normal,-0.001939649644615414,3,沪深300;创业板;国债ETF,沪深300;创业板;国债ETF,
2014-10-30,1020486.412608598,1020486.4126085979,1.1641532182693481e-10,1.0,False,normal,-0.0019968946568187534,3,沪深300;创业板;国债ETF,沪深300;创业板;国债ETF,
2014-10-31,1025328.8525166147,1025328.8525166147,0.0,1.0,False,normal,0.0,4,沪深300;创业板;纳指;国债ETF,沪深300;创业板;纳指;国债ETF,
2014-11-03,1030405.9401442187,1030405.9401442187,0.0,1.0,False,normal,0.0,4,沪深300;创业板;纳指;国债ETF,沪深300;创业板;纳指;国债ETF,
2014-11-04,1028245.5140797873,1028245.5140797873,0.0,1.0,False,normal,-0.002096674699030806,4,沪深300;创业板;纳指;国债ETF,沪深300;创业板;纳指;国债ETF,
2014-11-05,1027842.1726894454,1027842.1726894453,1.1641532182693481e-10,1.0,False,normal,-0.002488114009139419,3,沪深300;创业板;国债ETF,沪深300;创业板;国债ETF,
2014-11-06,1032016.4970006148,1032016.4970006148,0.0,1.0,False,normal,0.0,4,沪深300;创业板;纳指;国债ETF,沪深300;创业板;纳指;国债ETF,
2014-11-07,1031697.07373726,1031697.07373726,0.0,1.0,False,normal,-0.00030951371832055,4,沪深300;创业板;纳指;国债ETF,沪深300;创业板;纳指;国债ETF,
2014-11-10,1039441.5757161463,1039441.5757161463,0.0,1.0,False,normal,0.0,4,沪深300;创业板;纳指;国债ETF,沪深300;创业板;纳指;国债ETF,
2014-11-11,1028586.2999147119,1028586.2999147119,0.0,1.0,False,normal,-0.010443372725355374,3,沪深300;纳指;国债ETF,沪深300;纳指;国债ETF,
2014-11-12,1033245.5184619005,1033245.5184619005,0.0,1.0,False,normal,-0.005960948069617888,3,沪深300;纳指;国债ETF,沪深300;纳指;国债ETF,
2014-11-13,1031064.2495237532,1031064.2495237531,1.1641532182693481e-10,1.0,False,normal,-0.008059448831091194,3,沪深300;纳指;国债ETF,沪深300;纳指;国债ETF,
2014-11-14,1031263.8076701912,1031263.8076701912,0.0,1.0,False,normal,-0.00786746291182441,3,沪深300;纳指;国债ETF,沪深300;纳指;国债ETF,
2014-11-17,1029463.3682741338,1029463.3682741337,1.1641532182693481e-10,1.0,False,normal,-0.009599584695405118,3,沪深300;纳指;国债ETF,沪深300;纳指;国债ETF,
2014-11-18,1027021.0000000094,1027021.0000000094,0.0,1.0,False,normal,-0.01194927738731194,4,沪深300;创业板;纳指;国债ETF,沪深300;创业板;纳指;国债ETF,
2014-11-19,1032920.5267587444,1032920.5267587444,0.0,1.0,False,normal,-0.0062736079735016045,4,沪深300;创业板;纳指;国债ETF,沪深300;创业板;纳指;国债ETF,
2014-11-20,1028590.169621605,1028590.169621605,0.0,1.0,False,normal,-0.010439649854360493,3,沪深300;纳指;国债ETF,沪深300;纳指;国债ETF,
2014-11-21,1036767.762657878,1036767.762657878,0.0,1.0,False,normal,-0.0025723553114816444,4,沪深300;创业板;纳指;国债ETF,沪深300;创业板;纳指;国债ETF,
2014-11-24,1044616.6443426205,1044616.6443426205,0.0,1.0,False,normal,0.0,4,沪深300;创业板;纳指;国债ETF,沪深300;创业板;纳指;国债ETF,
2014-11-25,1054760.5336172087,1054760.5336172087,0.0,1.0,False,normal,0.0,4,沪深300;创业板;纳指;国债ETF,沪深300;创业板;纳指;国债ETF,
2014-11-26,1061217.7197910578,1061217.7197910578,0.0,1.0,False,normal,0.0,4,沪深300;创业板;纳指;国债ETF,沪深300;创业板;纳指;国债ETF,
2014-11-27,1067314.6170598438,1067314.6170598438,0.0,1.0,False,normal,0.0,4,沪深300;创业板;纳指;国债ETF,沪深300;创业板;纳指;国债ETF,
2014-11-28,1074828.314264286,1074828.314264286,0.0,1.0,False,normal,0.0,4,沪深300;创业板;纳指;国债ETF,沪深300;创业板;纳指;国债ETF,
2014-12-01,1071699.9444241128,1071699.9444241128,0.0,1.0,False,normal,-0.0029105763205676573,4,沪深300;创业板;纳指;国债ETF,沪深300;创业板;纳指;国债ETF,
2014-12-02,1080949.775047679,1080949.775047679,0.0,1.0,False,normal,0.0,4,沪深300;创业板;纳指;国债ETF,沪深300;创业板;纳指;国债ETF,
2014-12-03,1091995.9221148458,1091995.9221148458,0.0,1.0,False,normal,0.0,4,沪深300;创业板;纳指;国债ETF,沪深300;创业板;纳指;国债ETF,
2014-12-04,1111313.184683889,1111313.184683889,0.0,1.0,False,normal,0.0,4,沪深300;创业板;纳指;国债ETF,沪深300;创业板;纳指;国债ETF,
2014-12-05,1098512.9718833524,1098512.9718833524,0.0,1.0,False,normal,-0.011518096767813958,4,沪深300;创业板;纳指;国债ETF,沪深300;创业板;纳指;国债ETF,
2014-12-08,1109321.8894904277,1109321.8894904277,0.0,1.0,False,normal,-0.001791839798992087,4,沪深300;创业板;纳指;国债ETF,沪深300;创业板;纳指;国债ETF,
2014-12-09,1080424.0447050738,1080424.0447050738,0.0,0.7044440905019091,False,normal,-0.027795170978378577,3,沪深300;纳指;国债ETF,沪深300;纳指;国债ETF,
2014-12-10,1099642.1983563043,1099642.1983563043,0.0,0.5183011408395098,False,normal,-0.010501977739879322,4,沪深300;创业板;纳指;黄金,沪深300;创业板;纳指;黄金,
2014-12-11,1090093.164090116,1090093.164090116,0.0,0.4280904162664208,False,normal,-0.01909454588159941,3,沪深300;创业板;纳指,沪深300;创业板;纳指,
2014-12-12,1096898.05141288,1096898.05141288,0.0,0.4410765774883542,False,normal,-0.012971260909776142,3,沪深300;创业板;纳指,沪深300;创业板;纳指,
2014-12-15,1105344.8143446338,1105344.8143446338,0.0,0.606284211696088,False,normal,-0.00537055658252878,4,沪深300;创业板;纳指;国债ETF,沪深300;创业板;纳指;国债ETF,
2014-12-16,1109600.0980314289,1109600.0980314289,0.0,0.6251859404354254,False,normal,-0.0015414976408718905,4,沪深300;创业板;纳指;国债ETF,沪深300;创业板;纳指;国债ETF,
2014-12-17,1112492.5207012915,1112492.5207012915,0.0,0.6448042067273938,False,normal,0.0,4,沪深300;创业板;纳指;国债ETF,沪深300;创业板;纳指;国债ETF,
2014-12-18,1114913.0604567858,1114913.0604567858,0.0,0.664931851178534,False,normal,0.0,4,沪深300;创业板;纳指;国债ETF,沪深300;创业板;纳指;国债ETF,
2014-12-19,1121234.7224456049,1121234.7224456049,0.0,0.6842460171627007,False,normal,0.0,4,沪深300;创业板;纳指;国债ETF,沪深300;创业板;纳指;国债ETF,
2014-12-22,1105213.5876210069,1105213.5876210066,2.3283064365386963e-10,0.7352791508421301,False,normal,-0.0142888322167308,3,沪深300;纳指;国债ETF,沪深300;纳指;国债ETF,
2014-12-23,1099210.5844855395,1099210.5844855392,2.3283064365386963e-10,0.7357249757642453,False,normal,-0.019642754116664326,3,沪深300;纳指;国债ETF,沪深300;纳指;国债ETF,
2014-12-24,1088723.4425655862,1088723.442565586,2.3283064365386963e-10,0.7152035763764105,False,normal,-0.028995962423555708,3,沪深300;纳指;国债ETF,沪深300;纳指;国债ETF,
2014-12-25,1101718.883199548,1101718.883199548,0.0,0.763103922392694,False,normal,-0.017405667926060436,5,沪深300;创业板;纳指;黄金;国债ETF,沪深300;创业板;纳指;黄金;国债ETF,
2014-12-26,1111999.6563780787,1111999.6563780787,0.0,0.837385767610382,False,normal,-0.008236514516231586,4,沪深300;纳指;黄金;国债ETF,沪深300;纳指;黄金;国债ETF,
2014-12-29,1114970.046446918,1114970.046446918,0.0,0.6341686517321411,False,normal,-0.005587301100542518,3,沪深300;纳指;黄金,沪深300;纳指;黄金,
2014-12-30,1111395.4343059089,1111395.4343059089,0.0,0.6463689027653255,False,normal,-0.008775404420436454,3,沪深300;纳指;黄金,沪深300;纳指;黄金,
2014-12-31,1122745.6574776405,1122745.6574776405,0.0,0.6555149094289229,False,normal,0.0,3,沪深300;纳指;黄金,沪深300;纳指;黄金,
2015-01-05,1128271.9805458416,1128271.9805458416,0.0,0.6755755344855418,False,normal,0.0,3,沪深300;纳指;黄金,沪深300;纳指;黄金,
2015-01-06,1124042.0860201025,1124042.0860201025,0.0,0.5005816504328654,False,normal,-0.003749002544309192,3,沪深300;创业板;黄金,沪深300;创业板;黄金,
2015-01-07,1118493.8011655326,1118493.8011655323,2.3283064365386963e-10,0.5095851705082957,False,normal,-0.00866650909435731,3,沪深300;创业板;黄金,沪深300;创业板;黄金,
2015-01-08,1113019.9438822798,1113019.9438822798,0.0,0.6879297078929091,False,normal,-0.013518049660493308,4,沪深300;创业板;纳指;黄金,沪深300;创业板;纳指;黄金,
2015-01-09,1117638.65632403,1117638.65632403,0.0,0.7081345010102497,False,normal,-0.009424433474513366,4,沪深300;创业板;纳指;黄金,沪深300;创业板;纳指;黄金,
2015-01-12,1123616.5645955622,1123616.5645955622,0.0,1.0,False,normal,-0.004126146913643311,5,沪深300;创业板;纳指;黄金;国债ETF,沪深300;创业板;纳指;黄金;国债ETF,
2015-01-13,1123545.4104651425,1123545.4104651425,0.0,0.7489028450766348,False,normal,-0.004189211610495299,4,沪深300;创业板;黄金;国债ETF,沪深300;创业板;黄金;国债ETF,
2015-01-14,1119932.633157646,1119932.633157646,0.0,0.7628670807282126,False,normal,-0.007391256303432367,4,沪深300;创业板;黄金;国债ETF,沪深300;创业板;黄金;国债ETF,
2015-01-15,1127890.7028485162,1127890.7028485162,0.0,0.7779640840860941,False,normal,-0.00033793066202086723,4,沪深300;创业板;黄金;国债ETF,沪深300;创业板;黄金;国债ETF,
2015-01-16,1148960.158764595,1148960.158764595,0.0,0.7203382692323846,False,normal,0.0,4,沪深300;创业板;黄金;国债ETF,沪深300;创业板;黄金;国债ETF,
2015-01-19,1124385.9211995336,1124385.9211995336,0.0,0.6008863075726901,False,normal,-0.021388241687583364,4,沪深300;创业板;黄金;国债ETF,沪深300;创业板;黄金;国债ETF,
2015-01-20,1145947.887675956,1145947.887675956,0.0,0.5751777004516798,False,normal,-0.002621736764030137,4,沪深300;创业板;黄金;国债ETF,沪深300;创业板;黄金;国债ETF,
2015-01-21,1166735.212707916,1166735.212707916,0.0,0.5617552843283361,False,normal,0.0,4,沪深300;创业板;黄金;国债ETF,沪深300;创业板;黄金;国债ETF,
2015-01-22,1166479.1759863123,1166479.1759863123,0.0,0.5774095939408342,False,normal,-0.00021944715374576517,4,沪深300;创业板;黄金;国债ETF,沪深300;创业板;黄金;国债ETF,
2015-01-23,1162246.6089620993,1162246.6089620993,0.0,0.5882028871335881,False,normal,-0.003847148604865525,4,沪深300;创业板;黄金;国债ETF,沪深300;创业板;黄金;国债ETF,
2015-01-26,1174108.3089066464,1174108.3089066464,0.0,0.5986697768402907,False,normal,0.0,4,沪深300;创业板;黄金;国债ETF,沪深300;创业板;黄金;国债ETF,
2015-01-27,1169540.82908396,1169540.82908396,0.0,0.6088658790651588,False,normal,-0.003890169065356277,4,沪深300;创业板;黄金;国债ETF,沪深300;创业板;黄金;国债ETF,
2015-01-28,1162215.639904771,1162215.639904771,0.0,0.6135460372360992,False,normal,-0.010129107265197826,4,沪深300;创业板;黄金;国债ETF,沪深300;创业板;黄金;国债ETF,
2015-01-29,1154464.7739603717,1154464.7739603717,0.0,0.6185675011206047,False,normal,-0.01673059869967803,4,沪深300;创业板;黄金;国债ETF,沪深300;创业板;黄金;国债ETF,
2015-01-30,1139987.811255769,1139987.811255769,0.0,0.6026652378039336,False,normal,-0.02906077522153901,4,沪深300;创业板;黄金;国债ETF,沪深300;创业板;黄金;国债ETF,
2015-02-02,1141705.4327281027,1141705.4327281027,0.0,0.6215671905272356,False,normal,-0.027597859526876187,4,沪深300;创业板;黄金;国债ETF,沪深300;创业板;黄金;国债ETF,
2015-02-03,1158657.744481279,1158657.744481279,0.0,0.6087069646778756,False,normal,-0.013159403019432914,4,沪深300;创业板;黄金;国债ETF,沪深300;创业板;黄金;国债ETF,
2015-02-04,1153512.0979197077,1153512.0979197077,0.0,0.7405959231959685,False,normal,-0.017542002582469077,5,沪深300;创业板;纳指;黄金;国债ETF,沪深300;创业板;纳指;黄金;国债ETF,
2015-02-05,1153326.617183975,1153326.617183975,0.0,0.6404559255195243,False,normal,-0.017699978413425792,4,沪深300;创业板;黄金;国债ETF,沪深300;创业板;黄金;国债ETF,
2015-02-06,1140713.393676931,1140713.393676931,0.0,0.7637883603270716,False,normal,-0.02844278928646151,5,沪深300;创业板;纳指;黄金;国债ETF,沪深300;创业板;纳指;黄金;国债ETF,
2015-02-09,1133812.5430282622,1133812.5430282622,0.0,0.7722887545827717,False,normal,-0.034320314039774126,5,沪深300;创业板;纳指;黄金;国债ETF,沪深300;创业板;纳指;黄金;国债ETF,
2015-02-10,1142407.5261653794,1142407.5261653794,0.0,0.7783668381732486,False,normal,-0.026999879398509168,5,沪深300;创业板;纳指;黄金;国债ETF,沪深300;创业板;纳指;黄金;国债ETF,
2015-02-11,1149877.7343409522,1149877.7343409522,0.0,0.7906082312670913,False,normal,-0.020637427043045293,5,沪深300;创业板;纳指;黄金;国债ETF,沪深300;创业板;纳指;黄金;国债ETF,
2015-02-12,1152492.083982127,1152492.083982127,0.0,0.8148664471527314,False,normal,-0.018410758837614304,5,沪深300;创业板;纳指;黄金;国债ETF,沪深300;创业板;纳指;黄金;国债ETF,
2015-02-13,1165753.6568487932,1165753.6568487932,0.0,0.798884896580049,False,normal,-0.0071157422143050125,5,沪深300;创业板;纳指;黄金;国债ETF,沪深300;创业板;纳指;黄金;国债ETF,
2015-02-16,1179039.3758398197,1179039.3758398197,0.0,0.7901909542737485,False,normal,0.0,5,沪深300;创业板;纳指;黄金;国债ETF,沪深300;创业板;纳指;黄金;国债ETF,
2015-02-17,1179720.9626579233,1179720.9626579233,0.0,0.8138873458115499,False,normal,0.0,5,沪深300;创业板;纳指;黄金;国债ETF,沪深300;创业板;纳指;黄金;国债ETF,
2015-02-25,1173955.8209116603,1173955.8209116603,0.0,0.8189566913840249,False,normal,-0.004886868953548216,5,沪深300;创业板;纳指;黄金;国债ETF,沪深300;创业板;纳指;黄金;国债ETF,
2015-02-26,1180777.0218060864,1180777.0218060864,0.0,0.8380342455615771,False,normal,0.0,5,沪深300;创业板;纳指;黄金;国债ETF,沪深300;创业板;纳指;黄金;国债ETF,
2015-02-27,1187654.7561252962,1187654.7561252962,0.0,0.8579467591739404,False,normal,0.0,5,沪深300;创业板;纳指;黄金;国债ETF,沪深300;创业板;纳指;黄金;国债ETF,
2015-03-02,1197728.3431618293,1197728.3431618293,0.0,0.8666870342181757,False,normal,0.0,5,沪深300;创业板;纳指;黄金;国债ETF,沪深300;创业板;纳指;黄金;国债ETF,
2015-03-03,1189090.2372531183,1189090.2372531183,0.0,0.8477167526845081,False,normal,-0.007212074389011808,5,沪深300;创业板;纳指;黄金;国债ETF,沪深300;创业板;纳指;黄金;国债ETF,
2015-03-04,1196696.5814600145,1196696.5814600145,0.0,0.8656750794920784,False,normal,-0.000861432150040909,5,沪深300;创业板;纳指;黄金;国债ETF,沪深300;创业板;纳指;黄金;国债ETF,
2015-03-05,1191239.606821515,1191239.606821515,0.0,1.0,False,normal,-0.005417535935724005,4,创业板;纳指;黄金;国债ETF,创业板;纳指;黄金;国债ETF,
2015-03-06,1182241.878934166,1182241.878934166,0.0,1.0,False,normal,-0.01292986370079657,4,创业板;纳指;黄金;国债ETF,创业板;纳指;黄金;国债ETF,
2015-03-09,1179777.990438264,1179777.990438264,0.0,1.0,False,normal,-0.014986998367408468,3,创业板;纳指;国债ETF,创业板;纳指;国债ETF,
2015-03-10,1188757.4850070681,1188757.4850070681,0.0,1.0,False,normal,-0.007489893852790837,3,创业板;纳指;国债ETF,创业板;纳指;国债ETF,
2015-03-11,1181859.7379036224,1181859.7379036224,0.0,1.0,False,normal,-0.013248918545515938,3,创业板;纳指;国债ETF,创业板;纳指;国债ETF,
2015-03-12,1177298.3958792845,1177298.3958792845,0.0,0.8131182359171031,False,normal,-0.01705724624384583,4,沪深300;创业板;纳指;国债ETF,沪深300;创业板;纳指;国债ETF,
2015-03-13,1188041.408787317,1188041.408787317,0.0,0.818560793753247,False,normal,-0.008087755816932636,4,沪深300;创业板;纳指;国债ETF,沪深300;创业板;纳指;国债ETF,
2015-03-16,1204840.4453442858,1204840.4453442858,0.0,0.7926959015255675,False,normal,0.0,4,沪深300;创业板;纳指;国债ETF,沪深300;创业板;纳指;国债ETF,
2015-03-17,1210644.7065834266,1210644.7065834266,0.0,0.8164932232914646,False,normal,0.0,4,沪深300;创业板;纳指;国债ETF,沪深300;创业板;纳指;国债ETF,
2015-03-18,1225172.313543734,1225172.313543734,0.0,0.8120215972142217,False,normal,0.0,4,沪深300;创业板;纳指;国债ETF,沪深300;创业板;纳指;国债ETF,
2015-03-19,1226186.7485899206,1226186.7485899206,0.0,0.834043565089683,False,normal,0.0,4,沪深300;创业板;纳指;国债ETF,沪深300;创业板;纳指;国债ETF,
2015-03-20,1234902.459133264,1234902.459133264,0.0,0.854705454438117,False,normal,0.0,4,沪深300;创业板;纳指;国债ETF,沪深300;创业板;纳指;国债ETF,
2015-03-23,1254224.1302233865,1254224.1302233865,0.0,0.8218876619350124,False,normal,0.0,4,沪深300;创业板;纳指;国债ETF,沪深300;创业板;纳指;国债ETF,
2015-03-24,1262996.959330406,1262996.959330406,0.0,0.8451638876904071,False,normal,0.0,4,沪深300;创业板;纳指;国债ETF,沪深300;创业板;纳指;国债ETF,
2015-03-25,1263620.6150765973,1263620.6150765973,0.0,0.8638683388521784,False,normal,0.0,4,沪深300;创业板;纳指;国债ETF,沪深300;创业板;纳指;国债ETF,
2015-03-26,1245701.6797429232,1245701.6797429232,0.0,0.753460273739808,False,normal,-0.014180629153939434,4,沪深300;创业板;纳指;国债ETF,沪深300;创业板;纳指;国债ETF,
2015-03-27,1253245.6551175807,1253245.6551175807,0.0,0.7745510800810954,False,normal,-0.008210502294146051,4,沪深300;创业板;纳指;国债ETF,沪深300;创业板;纳指;国债ETF,
2015-03-30,1255313.4910709276,1255313.4910709276,0.0,0.5948497492980106,False,normal,-0.006574064957911574,3,沪深300;创业板;纳指,沪深300;创业板;纳指,
2015-03-31,1262458.3955216547,1262458.3955216547,0.0,0.6133296183117432,False,normal,-0.0009197535566259469,3,沪深300;创业板;纳指,沪深300;创业板;纳指,
2015-04-01,1272082.658333377,1272082.658333377,0.0,0.6310328423185303,False,normal,0.0,3,沪深300;创业板;纳指,沪深300;创业板;纳指,
2015-04-02,1284044.3897464704,1284044.3897464704,0.0,0.8629101912621028,False,normal,0.0,4,沪深300;创业板;纳指;国债ETF,沪深300;创业板;纳指;国债ETF,
2015-04-03,1292745.9857145082,1292745.9857145082,0.0,1.0,False,normal,0.0,4,沪深300;创业板;纳指;国债ETF,沪深300;创业板;纳指;国债ETF,
2015-04-07,1305457.4728744035,1305457.4728744035,0.0,0.6697872705765643,False,normal,0.0,3,沪深300;创业板;纳指,沪深300;创业板;纳指,
2015-04-08,1296535.1887416635,1296535.1887416635,0.0,0.656124884577784,False,normal,-0.006834603438359878,3,沪深300;创业板;纳指,沪深300;创业板;纳指,
2015-04-09,1311407.4274531077,1311407.4274531077,0.0,0.6681901818484419,False,normal,0.0,3,沪深300;创业板;纳指,沪深300;创业板;纳指,
2015-04-10,1317262.1341473875,1317262.1341473875,0.0,0.6889529652925572,False,normal,0.0,3,沪深300;创业板;纳指,沪深300;创业板;纳指,
2015-04-13,1329450.8100615966,1329450.8100615966,0.0,0.7066963058805206,False,normal,0.0,3,沪深300;创业板;纳指,沪深300;创业板;纳指,
2015-04-14,1326114.822871955,1326114.822871955,0.0,0.7118684972279365,False,normal,-0.002509297195799889,3,沪深300;创业板;纳指,沪深300;创业板;纳指,
2015-04-15,1303714.7288326474,1303714.7288326474,0.0,0.6250457927349152,False,normal,-0.01935843058966335,3,沪深300;创业板;纳指,沪深300;创业板;纳指,
2015-04-16,1329066.5972630046,1329066.5972630046,0.0,0.6031690459931819,False,normal,-0.00028900113918027136,3,沪深300;创业板;纳指,沪深300;创业板;纳指,
2015-04-17,1335111.6079630482,1335111.6079630482,0.0,0.6221192623145227,False,normal,0.0,3,沪深300;创业板;纳指,沪深300;创业板;纳指,
2015-04-20,1309210.272023285,1309210.272023285,0.0,0.40187172627589185,False,normal,-0.01940012788839447,2,沪深300;创业板,沪深300;创业板,
2015-04-21,1373327.840717243,1373327.840717243,0.0,0.34538156437352696,False,normal,0.0,2,沪深300;创业板,沪深300;创业板,
2015-04-22,1399751.1917755585,1399751.1917755585,0.0,0.5243853744844642,False,normal,0.0,3,沪深300;创业板;国债ETF,沪深300;创业板;国债ETF,
2015-04-23,1412477.3237988977,1412477.3237988977,0.0,0.5396636474971975,False,normal,0.0,3,沪深300;创业板;国债ETF,沪深300;创业板;国债ETF,
2015-04-24,1418469.679602479,1418469.679602479,0.0,0.5080614615503395,False,normal,0.0,3,沪深300;创业板;纳指,沪深300;创业板;纳指,
2015-04-27,1433997.857907207,1433997.857907207,0.0,0.6926108468381486,False,normal,0.0,4,沪深300;创业板;纳指;国债ETF,沪深300;创业板;纳指;国债ETF,
2015-04-28,1418260.4900592826,1418260.4900592826,0.0,0.5465309439581432,False,normal,-0.010974470959734662,3,沪深300;创业板;国债ETF,沪深300;创业板;国债ETF,
2015-04-29,1446663.115186294,1446663.115186294,0.0,0.5379783843417216,False,normal,0.0,3,沪深300;创业板;国债ETF,沪深300;创业板;国债ETF,
2015-04-30,1450664.8318730753,1450664.8318730753,0.0,0.6696961391565677,False,normal,0.0,4,沪深300;创业板;纳指;国债ETF,沪深300;创业板;纳指;国债ETF,
2015-05-04,1450274.5023345305,1450274.5023345305,0.0,0.5670179917862846,False,normal,-0.00026906941560090453,3,沪深300;创业板;国债ETF,沪深300;创业板;国债ETF,
2015-05-05,1419362.2357353976,1419362.2357353976,0.0,0.6205963035997172,False,normal,-0.021578103673513867,4,沪深300;创业板;纳指;国债ETF,沪深300;创业板;纳指;国债ETF,
2015-05-06,1418681.9813506173,1418681.9813506173,0.0,0.6872625587841233,False,normal,-0.022047029623763845,4,沪深300;创业板;黄金;国债ETF,沪深300;创业板;黄金;国债ETF,
2015-05-07,1402724.554414345,1402724.554414345,0.0,0.6318640494836644,False,normal,-0.03304710806067496,4,沪深300;创业板;纳指;国债ETF,沪深300;创业板;纳指;国债ETF,
2015-05-08,1440195.2566740594,1440195.2566740594,0.0,0.5612992011207174,False,normal,-0.007217087620093303,4,沪深300;创业板;纳指;国债ETF,沪深300;创业板;纳指;国债ETF,
2015-05-11,1473763.374245966,1473763.3742459663,-2.3283064365386963e-10,0.6458204683986182,False,normal,0.0,5,沪深300;创业板;纳指;黄金;国债ETF,沪深300;创业板;纳指;黄金;国债ETF,
2015-05-12,1483819.882285572,1483819.882285572,0.0,0.6639869289302539,False,normal,0.0,5,沪深300;创业板;纳指;黄金;国债ETF,沪深300;创业板;纳指;黄金;国债ETF,
2015-05-13,1472491.8719734226,1472491.8719734226,0.0,0.6566115580369093,False,normal,-0.007634356735199174,5,沪深300;创业板;纳指;黄金;国债ETF,沪深300;创业板;纳指;黄金;国债ETF,
2015-05-14,1475368.6012163232,0.0,1475368.6012163232,0.0,True,normal,-0.005695624630821716,0,,沪深300;创业板;纳指;黄金;国债ETF,
2015-05-15,1475368.6012163232,0.0,1475368.6012163232,0.0,True,normal,-0.005695624630821716,0,,沪深300;创业板;纳指;黄金;国债ETF,
2015-05-18,1475368.6012163232,0.0,1475368.6012163232,0.0,True,normal,-0.005695624630821716,0,,沪深300;创业板;纳指;黄金;国债ETF,
2015-05-19,1475368.6012163232,0.0,1475368.6012163232,0.0,True,normal,-0.005695624630821716,0,,沪深300;创业板;纳指;黄金;国债ETF,
2015-05-20,1475368.6012163232,0.0,1475368.6012163232,0.0,True,normal,-0.005695624630821716,0,,沪深300;创业板;黄金;国债ETF,
2015-05-21,1475368.6012163232,0.0,1475368.6012163232,0.0,True,normal,-0.005695624630821716,0,,沪深300;创业板;黄金;国债ETF,
2015-05-22,1475368.6012163232,0.0,1475368.6012163232,0.0,True,normal,-0.005695624630821716,0,,沪深300;创业板;纳指;黄金;国债ETF,
2015-05-25,1475368.6012163232,0.0,1475368.6012163232,0.0,True,normal,-0.005695624630821716,0,,沪深300;创业板;纳指;黄金;国债ETF,
2015-05-26,1475368.6012163232,0.0,1475368.6012163232,0.0,True,normal,-0.005695624630821716,0,,沪深300;创业板;纳指;黄金;国债ETF,
2015-05-27,1475368.6012163232,0.0,1475368.6012163232,0.0,True,normal,-0.005695624630821716,0,,沪深300;创业板;纳指;黄金;国债ETF,
2015-05-28,1475368.6012163232,0.0,1475368.6012163232,0.0,True,normal,-0.005695624630821716,0,,沪深300;创业板;纳指;黄金;国债ETF,
2015-05-29,1475368.6012163232,0.0,1475368.6012163232,0.0,True,normal,-0.005695624630821716,0,,沪深300;创业板;纳指;国债ETF,
2015-06-01,1475368.6012163232,0.0,1475368.6012163232,0.0,True,normal,-0.005695624630821716,0,,沪深300;创业板;纳指;国债ETF,
2015-06-02,1475368.6012163232,0.0,1475368.6012163232,0.0,True,normal,-0.005695624630821716,0,,沪深300;创业板;纳指;国债ETF,
2015-06-03,1475368.6012163232,1475368.6012163232,0.0,0.526578840681487,False,normal,-0.005695624630821716,4,沪深300;创业板;纳指;国债ETF,沪深300;创业板;纳指;国债ETF,
2015-06-04,1477602.6876942976,1477602.6876942976,0.0,0.5418772902579283,False,normal,-0.004189992778434619,4,沪深300;创业板;纳指;国债ETF,沪深300;创业板;纳指;国债ETF,
2015-06-05,1474444.8819103502,1474444.8819103502,0.0,0.55332063891725,False,normal,-0.006318152551495081,4,沪深300;创业板;纳指;国债ETF,沪深300;创业板;纳指;国债ETF,
2015-06-08,1465395.1665929724,1465395.1665929724,0.0,0.5562122066182578,False,normal,-0.012417083712491707,4,沪深300;创业板;纳指;国债ETF,沪深300;创业板;纳指;国债ETF,
2015-06-09,1458714.1706652702,1458714.1706652702,0.0,0.5650285598342456,False,normal,-0.016919649022110846,4,沪深300;创业板;纳指;国债ETF,沪深300;创业板;纳指;国债ETF,
2015-06-10,1472142.871345465,1472142.8713454653,-2.3283064365386963e-10,0.7137202592545691,False,normal,-0.00786956090797245,5,沪深300;创业板;纳指;黄金;国债ETF,沪深300;创业板;纳指;黄金;国债ETF,
2015-06-11,1474433.4340170308,1474433.4340170308,0.0,0.5956707914137636,False,normal,-0.00632586770173406,4,沪深300;创业板;纳指;国债ETF,沪深300;创业板;纳指;国债ETF,
2015-06-12,1480538.866342653,1480538.866342653,0.0,0.6142856817982062,False,normal,-0.0022111955649664087,4,沪深300;创业板;纳指;国债ETF,沪深300;创业板;纳指;国债ETF,
2015-06-15,1450039.002423388,1450039.002423388,0.0,0.4110188246265726,False,normal,-0.022766159333402546,3,沪深300;创业板;纳指,沪深300;创业板;纳指,
2015-06-16,1420195.9499292038,1420195.9499292038,0.0,0.3968157082853883,False,normal,-0.04287847407622428,3,沪深300;创业板;纳指,沪深300;创业板;纳指,
2015-06-17,1445840.5260915433,0.0,1445840.5260915433,0.0,True,normal,-0.025595664707988613,0,,沪深300;创业板;纳指,
2015-06-18,1445840.5260915433,0.0,1445840.5260915433,0.0,True,normal,-0.025595664707988613,0,,沪深300;创业板;纳指,
2015-06-19,1445840.5260915433,0.0,1445840.5260915433,0.0,True,normal,-0.025595664707988613,0,,创业板,
2015-06-23,1445840.5260915433,0.0,1445840.5260915433,0.0,True,normal,-0.025595664707988613,0,,创业板;纳指,
2015-06-24,1445840.5260915433,0.0,1445840.5260915433,0.0,True,normal,-0.025595664707988613,0,,沪深300;创业板;纳指,
2015-06-25,1445840.5260915433,0.0,1445840.5260915433,0.0,True,normal,-0.025595664707988613,0,,创业板;纳指,
2015-06-26,1445840.5260915433,0.0,1445840.5260915433,0.0,True,normal,-0.025595664707988613,0,,创业板;纳指,
2015-06-29,1445840.5260915433,0.0,1445840.5260915433,0.0,True,normal,-0.025595664707988613,0,,,
2015-06-30,1445840.5260915433,0.0,1445840.5260915433,0.0,True,normal,-0.025595664707988613,0,,创业板,
2015-07-01,1445840.5260915433,0.0,1445840.5260915433,0.0,True,normal,-0.025595664707988613,0,,纳指,
2015-07-02,1445840.5260915433,0.0,1445840.5260915433,0.0,True,normal,-0.025595664707988613,0,,纳指,
2015-07-03,1445840.5260915433,0.0,1445840.5260915433,0.0,True,normal,-0.025595664707988613,0,,,
2015-07-06,1445840.5260915433,0.0,1445840.5260915433,0.0,True,normal,-0.025595664707988613,0,,,
2015-07-07,1445840.5260915433,0.0,1445840.5260915433,0.0,True,normal,-0.025595664707988613,0,,国债ETF,
2015-07-08,1445840.5260915433,0.0,1445840.5260915433,0.0,True,normal,-0.025595664707988613,0,,国债ETF,
2015-07-09,1445840.5260915433,1445840.5260915433,0.0,1.0,False,normal,-0.025595664707988613,1,国债ETF,国债ETF,
2015-07-10,1437634.451375168,0.0,1437634.451375168,1.0,False,normal,-0.031126035890059005,0,,,
2015-07-13,1437634.451375168,0.0,1437634.451375168,1.0,False,normal,-0.031126035890059005,0,,,
2015-07-14,1437634.451375168,0.0,1437634.451375168,1.0,False,normal,-0.031126035890059005,0,,,
2015-07-15,1437634.451375168,1437634.451375168,0.0,1.0,False,normal,-0.031126035890059005,2,纳指;国债ETF,纳指;国债ETF,
2015-07-16,1430123.3511670667,1430123.3511670667,0.0,1.0,False,normal,-0.03618803856152325,1,国债ETF,国债ETF,
2015-07-17,1439467.5306163048,1439467.5306163048,0.0,1.0,False,normal,-0.029890657349158717,2,纳指;国债ETF,纳指;国债ETF,
2015-07-20,1454218.1249201936,1454218.1249201936,0.0,1.0,False,normal,-0.01994969720973266,2,纳指;国债ETF,纳指;国债ETF,
2015-07-21,1462139.9667080527,1462139.9667080527,0.0,1.0,False,normal,-0.014610880900264661,2,纳指;国债ETF,纳指;国债ETF,
2015-07-22,1453214.0901398712,1453214.0901398712,0.0,1.0,False,normal,-0.020626352639619337,2,纳指;国债ETF,纳指;国债ETF,
2015-07-23,1455559.4549110644,1455559.4549110644,0.0,1.0,False,normal,-0.019045726312129717,2,纳指;国债ETF,纳指;国债ETF,
2015-07-24,1447044.5038736407,1447044.5038736407,0.0,1.0,False,normal,-0.02478426044223441,2,纳指;国债ETF,纳指;国债ETF,
2015-07-27,1437759.6711001187,1437759.6711001187,0.0,1.0,False,normal,-0.031041645778802553,2,纳指;国债ETF,纳指;国债ETF,
2015-07-28,1436670.1543693491,1436670.1543693491,0.0,1.0,False,normal,-0.031775910593404795,2,纳指;国债ETF,纳指;国债ETF,
2015-07-29,1452146.1565596848,1452146.1565596848,0.0,1.0,False,normal,-0.02134607178675833,2,纳指;国债ETF,纳指;国债ETF,
2015-07-30,1459279.3275620737,1459279.3275620737,0.0,1.0,False,normal,-0.016538769305138055,2,纳指;国债ETF,纳指;国债ETF,
2015-07-31,1461579.9022564185,1461579.9022564185,0.0,1.0,False,normal,-0.014988328633861209,2,纳指;国债ETF,纳指;国债ETF,
2015-08-03,1463976.5692959947,1463976.5692959947,0.0,1.0,False,normal,-0.013373127848247957,2,纳指;国债ETF,纳指;国债ETF,
2015-08-04,1454407.817420848,1454407.817420848,0.0,1.0,False,normal,-0.019821856558101692,2,纳指;国债ETF,纳指;国债ETF,
2015-08-05,1451696.3700395734,1451696.3700395734,0.0,1.0,False,normal,-0.021649199225257505,2,纳指;国债ETF,纳指;国债ETF,
2015-08-06,1461727.1747623372,1461727.1747623372,0.0,1.0,False,normal,-0.01488907635420318,2,纳指;国债ETF,纳指;国债ETF,
2015-08-07,1451118.8644740935,1451118.8644740935,0.0,1.0,False,normal,-0.02203840115763107,2,纳指;国债ETF,纳指;国债ETF,
2015-08-10,1447552.5705597005,1447552.5705597005,0.0,1.0,False,normal,-0.02444185588752712,2,纳指;国债ETF,纳指;国债ETF,
2015-08-11,1483032.2548857946,1483032.2548857946,0.0,0.7746283063336095,False,normal,-0.0005308106524115914,2,纳指;国债ETF,纳指;国债ETF,
2015-08-12,1465953.4077059592,1465953.4077059592,0.0,0.7402425792571937,False,normal,-0.012040864792896873,2,纳指;国债ETF,纳指;国债ETF,
2015-08-13,1472374.1775753316,1472374.1775753316,0.0,0.7600307853661876,False,normal,-0.00771367525592802,2,纳指;国债ETF,纳指;国债ETF,
2015-08-14,1475849.0738181234,1475849.0738181234,0.0,0.7834810843036588,False,normal,-0.0053718167296496816,2,纳指;国债ETF,纳指;国债ETF,
2015-08-17,1475910.9874481605,1475910.9874481605,0.0,0.8075029240264114,False,normal,-0.005330090890296636,2,纳指;国债ETF,纳指;国债ETF,
2015-08-18,1482773.611802829,1482773.611802829,0.0,0.8282161587602946,False,normal,-0.0007051196005888024,2,纳指;国债ETF,纳指;国债ETF,
2015-08-19,1474275.1828480852,1474275.1828480852,0.0,0.8321984334898018,False,normal,-0.006432518900329548,2,纳指;国债ETF,纳指;国债ETF,
2015-08-20,1464257.3048287327,1464257.3048287327,0.0,0.8320219288010852,False,normal,-0.013183929997424168,2,纳指;国债ETF,纳指;国债ETF,
2015-08-21,1440624.06352231,1440624.06352231,0.0,1.0,False,normal,-0.029111227905051447,3,纳指;黄金;国债ETF,纳指;黄金;国债ETF,
2015-08-24,1403404.6489483605,1403404.6489483605,0.0,1.0,False,normal,-0.054194740411043316,2,黄金;国债ETF,黄金;国债ETF,
2015-08-25,1400334.4328180382,1400334.4328180382,0.0,1.0,False,normal,-0.056263870341822494,2,黄金;国债ETF,黄金;国债ETF,
2015-08-26,1395364.8400564264,1395364.8400564264,0.0,1.0,False,normal,-0.059613059027687106,2,黄金;国债ETF,黄金;国债ETF,
2015-08-27,1389139.7268051533,1389139.7268051533,0.0,0.7270405098739279,False,normal,-0.06380838847810823,3,纳指;黄金;国债ETF,纳指;黄金;国债ETF,
2015-08-28,1402224.3559596408,1402224.3559596408,0.0,0.7243033731042986,False,normal,-0.054990182636080506,3,纳指;黄金;国债ETF,纳指;黄金;国债ETF,
2015-08-31,1400644.3921907526,1400644.3921907526,0.0,0.7463421028849102,False,normal,-0.05605497748601512,3,纳指;黄金;国债ETF,纳指;黄金;国债ETF,
2015-09-01,1391843.338964215,1391843.338964215,0.0,0.7554025105307853,False,normal,-0.06198632625119072,3,纳指;黄金;国债ETF,纳指;黄金;国债ETF,
2015-09-02,1391513.6507207567,1391513.6507207565,2.3283064365386963e-10,0.779129778541109,False,normal,-0.062208515108069,3,纳指;黄金;国债ETF,纳指;黄金;国债ETF,
2015-09-07,1381008.0439841975,1381008.0439841975,0.0,0.7835813295983362,False,normal,-0.06928862426550736,3,纳指;黄金;国债ETF,纳指;黄金;国债ETF,
2015-09-08,1390714.0293209911,1390714.0293209911,0.0,0.5381684050190471,False,normal,-0.06274740895179746,2,纳指;国债ETF,纳指;国债ETF,
2015-09-09,1396132.2379024099,1396132.2379024099,0.0,0.8066227228098106,False,normal,-0.05909588180480109,3,纳指;黄金;国债ETF,纳指;黄金;国债ETF,
2015-09-10,1380595.8186382342,1380595.8186382342,0.0,1.0,False,normal,-0.06956643786733645,1,国债ETF,国债ETF,
2015-09-11,1377591.479189653,1377591.479189653,0.0,0.5646718053381489,False,normal,-0.07159117111457772,2,纳指;国债ETF,纳指;国债ETF,
2015-09-14,1377765.682179681,0.0,1377765.682179681,1.0,False,normal,-0.07147376940557801,0,,,
2015-09-15,1377765.682179681,1377765.682179681,0.0,1.0,False,normal,-0.07147376940557801,2,黄金;国债ETF,黄金;国债ETF,
2015-09-16,1376681.3631220663,1376681.3631220663,0.0,1.0,False,normal,-0.07220453131985062,2,黄金;国债ETF,黄金;国债ETF,
2015-09-17,1384968.0069880502,1384968.0069880502,0.0,1.0,False,normal,-0.06661986166761509,2,黄金;国债ETF,黄金;国债ETF,
2015-09-18,1388784.0983716603,1388784.0983716603,0.0,0.6850310172320381,False,normal,-0.06404805936925788,1,黄金,黄金,
2015-09-21,1406158.877859485,1406158.877859485,0.0,1.0,False,normal,-0.05233856572029701,2,黄金;国债ETF,黄金;国债ETF,
2015-09-22,1401497.8764304542,1401497.8764304542,0.0,1.0,False,normal,-0.05547978352218509,2,黄金;国债ETF,黄金;国债ETF,
2015-09-23,1399498.8515547875,1399498.8515547875,0.0,0.7004036919933994,False,normal,-0.0568269988409255,1,黄金,黄金,
2015-09-24,1410329.023234919,1410329.023234919,0.0,0.7090459220847735,False,normal,-0.04952815360409701,1,黄金,黄金,
2015-09-25,1419354.1663016954,1419354.1663016954,0.0,1.0,False,normal,-0.043445782573406436,2,黄金;国债ETF,黄金;国债ETF,
2015-09-28,1415293.179771219,1415293.179771219,0.0,1.0,False,normal,-0.04618262858750703,2,黄金;国债ETF,黄金;国债ETF,
2015-09-29,1406774.724729175,1406774.724729175,0.0,1.0,False,normal,-0.051923524193328616,2,黄金;国债ETF,黄金;国债ETF,
2015-09-30,1408474.3391214458,1408474.3391214458,0.0,1.0,False,normal,-0.0507780924515374,2,黄金;国债ETF,黄金;国债ETF,
2015-10-08,1417487.4647735076,1417487.4647735076,0.0,1.0,False,normal,-0.04470382039219648,2,黄金;国债ETF,黄金;国债ETF,
2015-10-09,1414002.6591641367,1414002.6591641367,0.0,0.7159844124972077,False,normal,-0.047052357199779266,1,黄金,黄金,
2015-10-12,1429045.2406446063,1429045.2406446063,0.0,0.7129755589541344,False,normal,-0.03691461631892584,1,黄金,黄金,
2015-10-13,1420621.3950155436,1420621.3950155436,0.0,0.7204427718146846,False,normal,-0.04259175121220361,1,黄金,黄金,
2015-10-14,1442282.7123474195,1442282.7123474195,0.0,1.0,False,normal,-0.027993404343774855,2,黄金;国债ETF,黄金;国债ETF,
2015-10-15,1444149.3313173312,0.0,1444149.3313173312,0.0,True,normal,-0.026735422163999437,0,,黄金,
2015-10-16,1444149.3313173312,0.0,1444149.3313173312,0.0,True,normal,-0.026735422163999437,0,,黄金,
2015-10-19,1444149.3313173312,0.0,1444149.3313173312,0.0,True,normal,-0.026735422163999437,0,,黄金,
2015-10-20,1444149.3313173312,0.0,1444149.3313173312,0.0,True,normal,-0.026735422163999437,0,,黄金;国债ETF,
2015-10-21,1444149.3313173312,0.0,1444149.3313173312,0.0,True,normal,-0.026735422163999437,0,,黄金;国债ETF,
2015-10-22,1444149.3313173312,1444149.3313173312,0.0,1.0,False,normal,-0.026735422163999437,2,黄金;国债ETF,黄金;国债ETF,
2015-10-23,1449266.719176972,1449266.719176972,0.0,0.3921646116672544,False,normal,-0.0232866290047122,3,创业板;黄金;国债ETF,创业板;黄金;国债ETF,
2015-10-26,1440834.116287673,1440834.116287673,0.0,0.32638581353283813,False,normal,-0.028969665733071824,4,沪深300;创业板;纳指;国债ETF,沪深300;创业板;纳指;国债ETF,
2015-10-27,1446930.5036317497,1446930.5036317497,0.0,0.4132796970529998,False,normal,-0.024861089337204746,5,沪深300;创业板;纳指;黄金;国债ETF,沪深300;创业板;纳指;黄金;国债ETF,
2015-10-28,1435920.468381951,1435920.468381951,0.0,0.42015921406534495,False,normal,-0.03228115115282045,5,沪深300;创业板;纳指;黄金;国债ETF,沪深300;创业板;纳指;黄金;国债ETF,
2015-10-29,1433247.6142259864,1433247.6142259864,0.0,0.43238588690762086,False,normal,-0.03408248444662132,5,沪深300;创业板;纳指;黄金;国债ETF,沪深300;创业板;纳指;黄金;国债ETF,
2015-10-30,1430798.0805726342,1430798.0805726345,-2.3283064365386963e-10,0.44510014227792655,False,normal,-0.03573331395941844,5,沪深300;创业板;纳指;黄金;国债ETF,沪深300;创业板;纳指;黄金;国债ETF,
2015-11-02,1417021.6779687428,1417021.6779687428,0.0,0.4503039338935279,False,normal,-0.04501773100245687,5,沪深300;创业板;纳指;黄金;国债ETF,沪深300;创业板;纳指;黄金;国债ETF,
2015-11-03,1416576.5422472213,1416576.5422472213,0.0,0.37940574294523083,False,normal,-0.04531772409921724,4,沪深300;创业板;纳指;国债ETF,沪深300;创业板;纳指;国债ETF,
2015-11-04,1466036.7986855907,1466036.7986855907,0.0,0.2635803462657583,False,normal,-0.011984664589201582,3,沪深300;创业板;纳指,沪深300;创业板;纳指,
2015-11-05,1464471.7132252073,1464471.7132252073,0.0,0.27139897547822345,False,normal,-0.01303943240776774,3,沪深300;创业板;纳指,沪深300;创业板;纳指,
2015-11-06,1495569.8054857901,1495569.8054857901,0.0,0.2757051422927223,False,normal,0.0,3,沪深300;创业板;纳指,沪深300;创业板;纳指,
2015-11-09,1510438.2292385555,1510438.2292385555,0.0,0.2840088002526324,False,normal,0.0,3,沪深300;创业板;纳指,沪深300;创业板;纳指,
2015-11-10,1507723.9173853616,1507723.9173853616,0.0,0.29198098588887084,False,normal,-0.0017970359864118732,3,沪深300;创业板;纳指,沪深300;创业板;纳指,
2015-11-11,1519146.35605223,1519146.35605223,0.0,0.3010421018913377,False,normal,0.0,3,沪深300;创业板;纳指,沪深300;创业板;纳指,
2015-11-12,1508205.9339244463,1508205.9339244463,0.0,0.3072683853112531,False,normal,-0.007201690662784053,3,沪深300;创业板;纳指,沪深300;创业板;纳指,
2015-11-13,1485293.4425682887,1485293.4425682887,0.0,0.30843311916664135,False,normal,-0.02228416857208823,3,沪深300;创业板;纳指,沪深300;创业板;纳指,
2015-11-16,1496764.228693321,1496764.228693321,0.0,0.31771815113092894,False,normal,-0.014733358158507456,3,沪深300;创业板;纳指,沪深300;创业板;纳指,
2015-11-17,1487913.2692994822,1487913.2692994822,0.0,0.32534697943531227,False,normal,-0.02055962983969008,3,沪深300;创业板;纳指,沪深300;创业板;纳指,
2015-11-18,1472109.255579363,1472109.255579363,0.0,0.3306936454877782,False,normal,-0.03096284981724949,3,沪深300;创业板;纳指,沪深300;创业板;纳指,
2015-11-19,1511668.9790554408,1511668.9790554405,2.3283064365386963e-10,0.32549767689808384,False,normal,-0.004922091256711199,3,沪深300;创业板;纳指,沪深300;创业板;纳指,
2015-11-20,1513620.0672877694,1513620.0672877694,0.0,0.335585230607209,False,normal,-0.0036377592866178787,3,沪深300;创业板;纳指,沪深300;创业板;纳指,
2015-11-23,1508069.0566479703,1508069.0566479703,0.0,0.34464792729094723,False,normal,-0.0072917921042486575,3,沪深300;创业板;纳指,沪深300;创业板;纳指,
2015-11-24,1516593.87687597,1516593.87687597,0.0,0.3552600905867026,False,normal,-0.0016802062329880664,3,沪深300;创业板;纳指,沪深300;创业板;纳指,
2015-11-25,1533490.2916866685,1533490.2916866685,0.0,0.36430310269612703,False,normal,0.0,3,沪深300;创业板;纳指,沪深300;创业板;纳指,
2015-11-26,1518010.0492012207,1518010.0492012207,0.0,0.4946515827905658,False,normal,-0.010094776973397885,4,沪深300;创业板;纳指;国债ETF,沪深300;创业板;纳指;国债ETF,
2015-11-27,1472788.442963595,1472788.442963595,0.0,0.43119391166009646,False,normal,-0.03958411021716233,4,沪深300;创业板;纳指;国债ETF,沪深300;创业板;纳指;国债ETF,
2015-11-30,1476656.768561734,1476656.768561734,0.0,0.44436629616738355,False,normal,-0.03706154739488053,4,沪深300;创业板;纳指;国债ETF,沪深300;创业板;纳指;国债ETF,
2015-12-01,1476890.2627864857,1476890.2627864857,0.0,0.34277745347096855,False,normal,-0.03690928413894885,3,沪深300;创业板;纳指,沪深300;创业板;纳指,
2015-12-02,1494755.8335250728,1494755.8335250728,0.0,0.46695164253722293,False,normal,-0.025259017531172077,4,沪深300;创业板;纳指;国债ETF,沪深300;创业板;纳指;国债ETF,
2015-12-03,1509164.188033743,1509164.188033743,0.0,0.47589418171418735,False,normal,-0.01586322638284815,4,沪深300;创业板;纳指;国债ETF,沪深300;创业板;纳指;国债ETF,
2015-12-04,1492410.729253864,1492410.729253864,0.0,0.4781620822229095,False,normal,-0.02678827681890419,4,沪深300;创业板;纳指;国债ETF,沪深300;创业板;纳指;国债ETF,
2015-12-07,1507041.3860783763,1507041.3860783763,0.0,0.4862336502398009,False,normal,-0.017247520738589973,4,沪深300;创业板;纳指;国债ETF,沪深300;创业板;纳指;国债ETF,
2015-12-08,1494311.72149295,1494311.72149295,0.0,0.49337300015817676,False,normal,-0.025548626167451217,4,沪深300;创业板;纳指;国债ETF,沪深300;创业板;纳指;国债ETF,
2015-12-09,1492138.9959854407,1492138.9959854407,0.0,0.5084924893381867,False,normal,-0.0269654760290305,4,沪深300;创业板;纳指;国债ETF,沪深300;创业板;纳指;国债ETF,
2015-12-10,1489769.6898952834,1489769.6898952834,0.0,0.5240404382192407,False,normal,-0.028510517496199667,4,沪深300;创业板;纳指;国债ETF,沪深300;创业板;纳指;国债ETF,
2015-12-11,1486301.4928015228,1486301.4928015228,0.0,0.5397187171338043,False,normal,-0.030772153655595217,4,沪深300;创业板;纳指;国债ETF,沪深300;创业板;纳指;国债ETF,
2015-12-14,1498029.170217706,1498029.170217706,0.0,0.5498221445717273,False,normal,-0.023124451234679388,4,沪深300;创业板;纳指;国债ETF,沪深300;创业板;纳指;国债ETF,
2015-12-15,1500816.4810880134,1500816.4810880134,0.0,0.566904507030515,False,normal,-0.021306825857187257,4,沪深300;创业板;纳指;国债ETF,沪深300;创业板;纳指;国债ETF,
2015-12-16,1506628.8533199814,1506628.8533199814,0.0,0.5832892038583485,False,normal,-0.01751653630434306,4,沪深300;创业板;纳指;国债ETF,沪深300;创业板;纳指;国债ETF,
2015-12-17,1531751.6082928886,1531751.6082928886,0.0,0.5671411153675585,False,normal,-0.0011338078911915061,4,沪深300;创业板;纳指;国债ETF,沪深300;创业板;纳指;国债ETF,
2015-12-18,1527101.7620027072,1527101.7620027072,0.0,0.5816009748169757,False,normal,-0.004166005952952352,4,沪深300;创业板;纳指;国债ETF,沪深300;创业板;纳指;国债ETF,
2015-12-21,1535198.8491228132,1535198.8491228132,0.0,0.5977945636362655,False,normal,0.0,4,沪深300;创业板;纳指;国债ETF,沪深300;创业板;纳指;国债ETF,
2015-12-22,1534462.0089203038,1534462.0089203038,0.0,0.6157589661843429,False,normal,-0.00047996401438839254,4,沪深300;创业板;纳指;国债ETF,沪深300;创业板;纳指;国债ETF,
2015-12-23,1527007.3728451962,1527007.3728451962,0.0,0.627504416100524,False,normal,-0.005335775415867144,4,沪深300;创业板;纳指;国债ETF,沪深300;创业板;纳指;国债ETF,
2015-12-24,1528888.1406967908,1528888.1406967908,0.0,0.647221336130946,False,normal,-0.004110678189752597,4,沪深300;创业板;纳指;国债ETF,沪深300;创业板;纳指;国债ETF,
2015-12-25,1528426.0629774109,1528426.0629774109,0.0,0.6670690133593374,False,normal,-0.004411667028849199,4,沪深300;创业板;纳指;国债ETF,沪深300;创业板;纳指;国债ETF,
2015-12-28,1507056.085694668,1507056.0856946679,2.3283064365386963e-10,0.5149057936900248,False,normal,-0.01833167308862001,3,沪深300;创业板;国债ETF,沪深300;创业板;国债ETF,
2015-12-29,1517114.9419233336,1517114.9419233336,0.0,0.6525903068736131,False,normal,-0.01177952107625177,4,沪深300;创业板;纳指;国债ETF,沪深300;创业板;纳指;国债ETF,
2015-12-30,1526577.422884394,1526577.422884394,0.0,0.6663101748108949,False,normal,-0.005615836830092332,4,沪深300;创业板;纳指;国债ETF,沪深300;创业板;纳指;国债ETF,
2015-12-31,1515455.640995652,1515455.640995652,0.0,1.0,False,normal,-0.012860358863897138,2,纳指;国债ETF,纳指;国债ETF,
2016-01-04,1501863.8442916423,1501863.8442916423,0.0,1.0,False,normal,-0.02171380264531722,3,纳指;黄金;国债ETF,纳指;黄金;国债ETF,
2016-01-05,1498564.2223135694,1498564.2223135694,0.0,1.0,False,normal,-0.02386311508126535,3,纳指;黄金;国债ETF,纳指;黄金;国债ETF,
2016-01-06,1505450.3224236956,1505450.3224236956,0.0,1.0,False,normal,-0.01937763744163528,3,纳指;黄金;国债ETF,纳指;黄金;国债ETF,
2016-01-07,1511219.3878941932,1511219.3878941932,0.0,1.0,False,normal,-0.015619775407154252,3,纳指;黄金;国债ETF,纳指;黄金;国债ETF,
2016-01-08,1504444.684185769,1504444.684185769,0.0,1.0,False,normal,-0.020032691500919686,2,黄金;国债ETF,黄金;国债ETF,
2016-01-11,1507682.7080806312,1507682.7080806312,0.0,1.0,False,normal,-0.017923502911628843,3,纳指;黄金;国债ETF,纳指;黄金;国债ETF,
2016-01-12,1499506.2729879285,1499506.2729879285,0.0,1.0,False,normal,-0.02324948077916999,2,黄金;国债ETF,黄金;国债ETF,
2016-01-13,1494582.3398738415,1494582.3398738415,0.0,1.0,False,normal,-0.0264568393027257,2,黄金;国债ETF,黄金;国债ETF,
2016-01-14,1499164.265287671,1499164.265287671,0.0,1.0,False,normal,-0.02347225823920579,2,黄金;国债ETF,黄金;国债ETF,
2016-01-15,1495659.2851920184,1495659.2851920184,0.0,1.0,False,normal,-0.025755337136545584,2,黄金;国债ETF,黄金;国债ETF,
2016-01-18,1497773.591648133,1497773.591648133,0.0,1.0,False,normal,-0.024378117203555982,2,黄金;国债ETF,黄金;国债ETF,
2016-01-19,1495161.5341303602,1495161.5341303602,0.0,1.0,False,normal,-0.026079562927844573,2,黄金;国债ETF,黄金;国债ETF,
2016-01-20,1500732.584519317,1500732.584519317,0.0,1.0,False,normal,-0.02245068423754339,2,黄金;国债ETF,黄金;国债ETF,
2016-01-21,1509233.5868242346,1509233.5868242346,0.0,1.0,False,normal,-0.016913289319761243,2,黄金;国债ETF,黄金;国债ETF,
2016-01-22,1504519.6955164084,1504519.6955164084,0.0,1.0,False,normal,-0.01998383051416065,2,黄金;国债ETF,黄金;国债ETF,
2016-01-25,1504817.7567136302,1504817.7567136302,0.0,1.0,False,normal,-0.019789678989495258,2,黄金;国债ETF,黄金;国债ETF,
2016-01-26,1518102.315875174,1518102.315875174,0.0,1.0,False,normal,-0.011136364033498243,2,黄金;国债ETF,黄金;国债ETF,
2016-01-27,1515453.220304422,1515453.220304422,0.0,1.0,False,normal,-0.012861935657177859,2,黄金;国债ETF,黄金;国债ETF,
2016-01-28,1510482.9834791762,1510482.9834791762,0.0,1.0,False,normal,-0.016099455557668802,2,黄金;国债ETF,黄金;国债ETF,
2016-01-29,1511466.802318369,1511466.802318369,0.0,1.0,False,normal,-0.015458614249225277,2,黄金;国债ETF,黄金;国债ETF,
2016-02-01,1517849.4267802276,1517849.4267802276,0.0,1.0,False,normal,-0.011301091290225237,2,黄金;国债ETF,黄金;国债ETF,
2016-02-02,1519656.5992669074,1519656.5992669074,0.0,1.0,False,normal,-0.01012393271711111,2,黄金;国债ETF,黄金;国债ETF,
2016-02-03,1523674.545386979,1523674.545386979,0.0,1.0,False,normal,-0.007506717284486701,2,黄金;国债ETF,黄金;国债ETF,
2016-02-04,1530411.43200295,1530411.43200295,0.0,1.0,False,normal,-0.0031184345419478787,2,黄金;国债ETF,黄金;国债ETF,
2016-02-05,1540109.43123416,1540109.43123416,0.0,1.0,False,normal,0.0,2,黄金;国债ETF,黄金;国债ETF,
2016-02-15,1571707.0354929375,1571707.0354929375,0.0,1.0,False,normal,0.0,2,黄金;国债ETF,黄金;国债ETF,
2016-02-16,1560879.5581731484,1560879.5581731484,0.0,1.0,False,normal,-0.006888992080125974,2,黄金;国债ETF,黄金;国债ETF,
2016-02-17,1567425.1995374942,1567425.1995374942,0.0,1.0,False,normal,-0.002724321937071692,2,黄金;国债ETF,黄金;国债ETF,
2016-02-18,1568185.9236516482,1568185.9236516482,0.0,1.0,False,normal,-0.0022403105424701453,2,黄金;国债ETF,黄金;国债ETF,
2016-02-19,1580312.420090803,1580312.420090803,0.0,1.0,False,normal,0.0,2,黄金;国债ETF,黄金;国债ETF,
2016-02-22,1574451.1795028986,1574451.1795028986,0.0,1.0,False,normal,-0.003708912562724509,2,黄金;国债ETF,黄金;国债ETF,
2016-02-23,1575510.5681408672,1575510.5681408672,0.0,1.0,False,normal,-0.00303854597919307,2,黄金;国债ETF,黄金;国债ETF,
2016-02-24,1582880.2418230628,1582880.2418230628,0.0,1.0,False,normal,0.0,2,黄金;国债ETF,黄金;国债ETF,
2016-02-25,1593619.683887879,1593619.683887879,0.0,1.0,False,normal,0.0,2,黄金;国债ETF,黄金;国债ETF,
2016-02-26,1593609.7441262323,1593609.7441262323,0.0,1.0,False,normal,-6.237223188852707e-06,2,黄金;国债ETF,黄金;国债ETF,
2016-02-29,1586062.7766514043,1586062.7766514043,0.0,1.0,False,normal,-0.004741976591327195,2,黄金;国债ETF,黄金;国债ETF,
2016-03-01,1599146.0706793014,1599146.0706793014,0.0,1.0,False,normal,0.0,2,黄金;国债ETF,黄金;国债ETF,
2016-03-02,1589996.4493269473,1589996.4493269473,0.0,1.0,False,normal,-0.005721566978848527,2,黄金;国债ETF,黄金;国债ETF,
2016-03-03,1596218.6387180453,1596218.6387180453,0.0,1.0,False,normal,-0.0018306219894049674,2,黄金;国债ETF,黄金;国债ETF,
2016-03-04,1606132.6165883443,1606132.6165883443,0.0,1.0,False,normal,0.0,2,黄金;国债ETF,黄金;国债ETF,
2016-03-07,1605264.970980133,1605264.970980133,0.0,1.0,False,normal,-0.0005402079499851048,2,黄金;国债ETF,黄金;国债ETF,
2016-03-08,1609363.8460781416,1609363.8460781416,0.0,1.0,False,normal,0.0,2,黄金;国债ETF,黄金;国债ETF,
2016-03-09,1601475.5784832104,1601475.5784832104,0.0,1.0,False,normal,-0.004901481796148272,2,黄金;国债ETF,黄金;国债ETF,
2016-03-10,1597618.8305350242,1597618.8305350242,0.0,1.0,False,normal,-0.007297924314466767,2,黄金;国债ETF,黄金;国债ETF,
2016-03-11,1609839.4055604164,1609839.4055604164,0.0,1.0,False,normal,0.0,2,黄金;国债ETF,黄金;国债ETF,
2016-03-14,1599718.6840312937,1599718.6840312937,0.0,1.0,False,normal,-0.0062867895357546265,2,黄金;国债ETF,黄金;国债ETF,
2016-03-15,1583607.6302555562,1583607.6302555562,0.0,1.0,False,normal,-0.016294653500377208,2,黄金;国债ETF,黄金;国债ETF,
2016-03-16,1590780.8956735139,1590780.8956735139,0.0,1.0,False,normal,-0.011838764674957057,3,纳指;黄金;国债ETF,纳指;黄金;国债ETF,
2016-03-17,1601042.931665779,1601042.931665779,0.0,1.0,False,normal,-0.0054641934246696415,3,纳指;黄金;国债ETF,纳指;黄金;国债ETF,
2016-03-18,1600685.851248296,1600685.851248296,0.0,0.6085016523561537,False,normal,-0.005686004629097704,4,创业板;纳指;黄金;国债ETF,创业板;纳指;黄金;国债ETF,
2016-03-21,1600690.4651521563,1600690.465152156,2.3283064365386963e-10,1.0,False,normal,-0.005683138564417965,3,纳指;黄金;国债ETF,纳指;黄金;国债ETF,
2016-03-22,1605952.5590913815,1605952.5590913815,0.0,0.574199947530573,False,normal,-0.0024144311883593254,5,沪深300;创业板;纳指;黄金;国债ETF,沪深300;创业板;纳指;黄金;国债ETF,
2016-03-23,1613609.1016145006,1613609.1016145006,0.0,0.5908709549437889,False,normal,0.0,5,沪深300;创业板;纳指;黄金;国债ETF,沪深300;创业板;纳指;黄金;国债ETF,
2016-03-24,1594611.8696155741,1594611.8696155744,-2.3283064365386963e-10,0.5813052949530947,False,normal,-0.011773131410772762,5,沪深300;创业板;纳指;黄金;国债ETF,沪深300;创业板;纳指;黄金;国债ETF,
2016-03-25,1599481.3954965724,1599481.3954965724,0.0,0.5989330335833313,False,normal,-0.008755346077183594,5,沪深300;创业板;纳指;黄金;国债ETF,沪深300;创业板;纳指;黄金;国债ETF,
2016-03-28,1592888.52590371,1592888.5259037102,-2.3283064365386963e-10,0.613141461067013,False,normal,-0.012841137106910636,5,沪深300;创业板;纳指;黄金;国债ETF,沪深300;创业板;纳指;黄金;国债ETF,
2016-03-29,1584445.2580136105,1584445.2580136107,-2.3283064365386963e-10,0.6257216581308671,False,normal,-0.01807367321596673,5,沪深300;创业板;纳指;黄金;国债ETF,沪深300;创业板;纳指;黄金;国债ETF,
2016-03-30,1614719.3444477005,1614719.3444477008,-2.3283064365386963e-10,0.5892676951100514,False,normal,0.0,5,沪深300;创业板;纳指;黄金;国债ETF,沪深300;创业板;纳指;黄金;国债ETF,
2016-03-31,1609416.560888691,1609416.560888691,0.0,0.6040799526024659,False,normal,-0.003284028012201216,5,沪深300;创业板;纳指;黄金;国债ETF,沪深300;创业板;纳指;黄金;国债ETF,
2016-04-01,1608322.6894995158,1608322.689499516,-2.3283064365386963e-10,0.622407293176389,False,normal,-0.003961465483261828,5,沪深300;创业板;纳指;黄金;国债ETF,沪深300;创业板;纳指;黄金;国债ETF,
2016-04-05,1622229.6203475539,1622229.6203475539,0.0,0.6319519695721765,False,normal,0.0,5,沪深300;创业板;纳指;黄金;国债ETF,沪深300;创业板;纳指;黄金;国债ETF,
2016-04-06,1623923.4389819377,1623923.438981938,-2.3283064365386963e-10,0.6517516431293114,False,normal,0.0,5,沪深300;创业板;纳指;黄金;国债ETF,沪深300;创业板;纳指;黄金;国债ETF,
2016-04-07,1617772.0233486157,1617772.023348616,-2.3283064365386963e-10,0.6660466739453401,False,normal,-0.003787996087536238,5,沪深300;创业板;纳指;黄金;国债ETF,沪深300;创业板;纳指;黄金;国债ETF,
2016-04-08,1610632.6018574738,1610632.601857474,-2.3283064365386963e-10,0.6796894932269336,False,normal,-0.008184398848751205,5,沪深300;创业板;纳指;黄金;国债ETF,沪深300;创业板;纳指;黄金;国债ETF,
2016-04-11,1623265.2267234498,1623265.2267234498,0.0,0.6896854077669357,False,normal,-0.000405322223134228,5,沪深300;创业板;纳指;黄金;国债ETF,沪深300;创业板;纳指;黄金;国债ETF,
2016-04-12,1621008.7614922854,1621008.7614922854,0.0,0.709503820744941,False,normal,-0.0017948367636589776,5,沪深300;创业板;纳指;黄金;国债ETF,沪深300;创业板;纳指;黄金;国债ETF,
2016-04-13,1626124.7659189694,1626124.7659189696,-2.3283064365386963e-10,0.7306992558159439,False,normal,0.0,5,沪深300;创业板;纳指;黄金;国债ETF,沪深300;创业板;纳指;黄金;国债ETF,
2016-04-14,1633058.8223093154,1633058.8223093154,0.0,0.7510001002672995,False,normal,0.0,5,沪深300;创业板;纳指;黄金;国债ETF,沪深300;创业板;纳指;黄金;国债ETF,
2016-04-15,1631758.368793326,1631758.368793326,0.0,0.617218179927248,False,normal,-0.0007963298677450554,4,沪深300;创业板;纳指;国债ETF,沪深300;创业板;纳指;国债ETF,
2016-04-18,1618711.3769229609,1618711.3769229609,0.0,0.7772981770120947,False,normal,-0.008785626819042436,5,沪深300;创业板;纳指;黄金;国债ETF,沪深300;创业板;纳指;黄金;国债ETF,
2016-04-19,1623681.121991972,1623681.121991972,0.0,0.7999278256747617,False,normal,-0.005742414289818672,5,沪深300;创业板;纳指;黄金;国债ETF,沪深300;创业板;纳指;黄金;国债ETF,
2016-04-20,1596635.0248151904,1596635.0248151904,0.0,1.0,False,normal,-0.022304032773674397,4,沪深300;纳指;黄金;国债ETF,沪深300;纳指;黄金;国债ETF,
2016-04-21,1599249.1806083284,1599249.1806083287,-2.3283064365386963e-10,0.7415451546404044,False,normal,-0.020703260188250076,5,沪深300;创业板;纳指;黄金;国债ETF,沪深300;创业板;纳指;黄金;国债ETF,
2016-04-22,1601212.2110264646,1601212.2110264646,0.0,0.6018365765148076,False,normal,-0.01950120280285827,4,沪深300;创业板;纳指;国债ETF,沪深300;创业板;纳指;国债ETF,
2016-04-25,1591484.203518806,1591484.203518806,0.0,0.4628921396405625,False,normal,-0.02545812693490034,3,沪深300;创业板;纳指,沪深300;创业板;纳指,
2016-04-26,1602294.1561981165,1602294.1561981165,0.0,0.47326596218454536,False,normal,-0.0188386760421125,3,沪深300;创业板;纳指,沪深300;创业板;纳指,
2016-04-27,1592556.4943013643,1592556.4943013643,0.0,0.6585044951099474,False,normal,-0.024801512018211708,4,沪深300;创业板;纳指;黄金,沪深300;创业板;纳指;黄金,
2016-04-28,1594721.9326170627,1594721.9326170627,0.0,0.6641112436263832,False,normal,-0.023475510599208164,4,沪深300;创业板;纳指;国债ETF,沪深300;创业板;纳指;国债ETF,
2016-04-29,1587784.283853001,1587784.283853001,0.0,0.7647259720944332,False,normal,-0.027723764654289402,4,沪深300;创业板;黄金;国债ETF,沪深300;创业板;黄金;国债ETF,
2016-05-03,1617384.6544299028,1617384.6544299028,0.0,0.6926523574556266,False,normal,-0.009598042437471874,4,沪深300;创业板;黄金;国债ETF,沪深300;创业板;黄金;国债ETF,
2016-05-04,1610138.478679893,1610138.4786798933,-2.3283064365386963e-10,0.8096339735147827,False,normal,-0.014035222317963177,5,沪深300;创业板;纳指;黄金;国债ETF,沪深300;创业板;纳指;黄金;国债ETF,
2016-05-05,1611177.9835001372,1611177.9835001375,-2.3283064365386963e-10,0.8350539610676654,False,normal,-0.01339868381362799,5,沪深300;创业板;纳指;黄金;国债ETF,沪深300;创业板;纳指;黄金;国债ETF,
2016-05-06,1590169.1241609526,1590169.1241609526,0.0,0.7864713662670407,False,normal,-0.026263412904938905,5,沪深300;创业板;纳指;黄金;国债ETF,沪深300;创业板;纳指;黄金;国债ETF,
2016-05-09,1574715.2470244085,1574715.2470244085,0.0,0.6267518131744723,False,normal,-0.03572656078756734,4,沪深300;创业板;纳指;黄金,沪深300;创业板;纳指;黄金,
2016-05-10,1571406.1518657773,1571406.151865777,2.3283064365386963e-10,0.7123731877861753,False,normal,-0.03775287797432478,3,创业板;黄金;国债ETF,创业板;黄金;国债ETF,
2016-05-11,1568706.2886555393,1568706.2886555395,-2.3283064365386963e-10,0.8238837036931497,False,normal,-0.03940613330925519,5,沪深300;创业板;纳指;黄金;国债ETF,沪深300;创业板;纳指;黄金;国债ETF,
2016-05-12,1566765.3112440219,0.0,1566765.3112440219,0.0,True,normal,-0.04059468658425153,0,,沪深300;创业板;纳指;黄金;国债ETF,
2016-05-13,1566765.3112440219,0.0,1566765.3112440219,0.0,True,normal,-0.04059468658425153,0,,黄金;国债ETF,
2016-05-16,1566765.3112440219,1566765.3112440219,0.0,1.0,False,normal,-0.04059468658425153,2,黄金;国债ETF,黄金;国债ETF,
2016-05-17,1563113.4762519677,1563113.4762519677,0.0,1.0,False,normal,-0.04283087975878157,3,纳指;黄金;国债ETF,纳指;黄金;国债ETF,
2016-05-18,1556207.2156422958,1556207.2156422958,0.0,1.0,False,normal,-0.047059913346136226,2,黄金;国债ETF,黄金;国债ETF,
2016-05-19,1543627.450635715,1543627.450635715,0.0,0.753270478069279,False,normal,-0.05476310494874596,1,黄金,黄金,
2016-05-20,1542458.0359003847,1542458.0359003847,0.0,0.7766207831139433,False,normal,-0.055479193505603076,1,黄金,黄金,
2016-05-23,1540703.9137973893,1540703.9137973893,0.0,0.8004075329840127,False,normal,-0.05655332634088876,1,黄金,黄金,
2016-05-24,1533687.425385409,1533687.425385409,0.0,0.8170533877270747,False,normal,-0.060849857682030634,1,黄金,黄金,
2016-05-25,1509129.7159434771,1509129.7159434771,0.0,1.0,False,normal,-0.07588771737602791,2,纳指;黄金,纳指;黄金,
2016-05-26,1514993.1158648091,1514993.1158648091,0.0,1.0,False,normal,-0.07229727725150101,2,纳指;黄金,纳指;黄金,
2016-05-27,1515206.993988811,1515206.993988811,0.0,1.0,False,normal,-0.07216630944980269,2,纳指;黄金,纳指;黄金,
2016-05-30,1514889.7139387063,1514889.7139387063,0.0,0.81465145618135,False,normal,-0.07236059519491507,1,纳指,纳指,
2016-05-31,1522618.7430914547,1522618.7430914547,0.0,1.0,False,normal,-0.06762774108876674,2,纳指;黄金,纳指;黄金,
2016-06-01,1523988.4254704257,1523988.4254704257,0.0,1.0,False,normal,-0.06678901907810815,2,纳指;黄金,纳指;黄金,
2016-06-02,1521680.1940670102,1521680.1940670102,0.0,1.0,False,normal,-0.06820245953223182,2,纳指;黄金,纳指;黄金,
2016-06-03,1519616.6990343737,1519616.6990343737,0.0,1.0,False,normal,-0.06946603620469881,3,沪深300;纳指;黄金,沪深300;纳指;黄金,
2016-06-06,1522307.7768413885,1522307.7768413885,0.0,1.0,False,normal,-0.0678181605922274,2,纳指;黄金,纳指;黄金,
2016-06-07,1526396.9154342748,1526396.9154342748,0.0,1.0,False,normal,-0.06531418551366665,2,纳指;黄金,纳指;黄金,
2016-06-08,1529578.371074107,1529578.371074107,0.0,1.0,False,normal,-0.06336602810722781,2,纳指;黄金,纳指;黄金,
2016-06-13,1542318.1874388007,1542318.1874388007,0.0,0.6038141118047439,False,normal,-0.05556482940534746,1,黄金,黄金,
2016-06-14,1538354.8147104338,1538354.8147104338,0.0,0.6184344969257839,False,normal,-0.057991792031691955,1,黄金,黄金,
2016-06-15,1545715.364063115,1545715.364063115,0.0,0.6366345548876744,False,normal,-0.053484575725623644,1,黄金,黄金,
2016-06-16,1572326.5809535792,0.0,1572326.5809535792,0.0,True,normal,-0.03718925523445295,0,,黄金,
2016-06-17,1572326.5809535792,0.0,1572326.5809535792,0.0,True,normal,-0.03718925523445295,0,,创业板;纳指;黄金;国债ETF,
2016-06-20,1572326.5809535792,0.0,1572326.5809535792,0.0,True,normal,-0.03718925523445295,0,,创业板;纳指;黄金;国债ETF,
2016-06-21,1572326.5809535792,0.0,1572326.5809535792,0.0,True,normal,-0.03718925523445295,0,,黄金;国债ETF,
2016-06-22,1572326.5809535792,0.0,1572326.5809535792,0.0,True,normal,-0.03718925523445295,0,,创业板;纳指;黄金;国债ETF,
2016-06-23,1572326.5809535792,0.0,1572326.5809535792,0.0,True,normal,-0.03718925523445295,0,,纳指;黄金;国债ETF,
2016-06-24,1572326.5809535792,0.0,1572326.5809535792,0.0,True,normal,-0.03718925523445295,0,,创业板;纳指;黄金;国债ETF,
2016-06-27,1572326.5809535792,0.0,1572326.5809535792,0.0,True,normal,-0.03718925523445295,0,,创业板;纳指;黄金;国债ETF,
2016-06-28,1572326.5809535792,0.0,1572326.5809535792,0.0,True,normal,-0.03718925523445295,0,,创业板;纳指;黄金;国债ETF,
2016-06-29,1572326.5809535792,0.0,1572326.5809535792,0.0,True,normal,-0.03718925523445295,0,,创业板;纳指;黄金;国债ETF,
2016-06-30,1572326.5809535792,0.0,1572326.5809535792,0.0,True,normal,-0.03718925523445295,0,,创业板;纳指;黄金;国债ETF,
2016-07-01,1572326.5809535792,0.0,1572326.5809535792,0.0,True,normal,-0.03718925523445295,0,,纳指;黄金;国债ETF,
2016-07-04,1572326.5809535792,0.0,1572326.5809535792,0.0,True,normal,-0.03718925523445295,0,,沪深300;创业板;纳指;黄金;国债ETF,
2016-07-05,1572326.5809535792,0.0,1572326.5809535792,0.0,True,normal,-0.03718925523445295,0,,沪深300;创业板;纳指;黄金;国债ETF,
2016-07-06,1572326.5809535792,0.0,1572326.5809535792,0.0,True,normal,-0.03718925523445295,0,,沪深300;创业板;纳指;黄金;国债ETF,
2016-07-07,1572326.5809535792,0.0,1572326.5809535792,0.0,True,normal,-0.03718925523445295,0,,沪深300;创业板;纳指;黄金;国债ETF,
2016-07-08,1572326.5809535792,0.0,1572326.5809535792,0.0,True,normal,-0.03718925523445295,0,,沪深300;创业板;纳指;黄金;国债ETF,
2016-07-11,1572326.5809535792,0.0,1572326.5809535792,0.0,True,normal,-0.03718925523445295,0,,沪深300;创业板;纳指;黄金;国债ETF,
2016-07-12,1572326.5809535792,0.0,1572326.5809535792,0.0,True,normal,-0.03718925523445295,0,,沪深300;创业板;纳指;黄金;国债ETF,
2016-07-13,1572326.5809535792,0.0,1572326.5809535792,0.0,True,normal,-0.03718925523445295,0,,沪深300;创业板;纳指;黄金;国债ETF,
2016-07-14,1572326.5809535792,0.0,1572326.5809535792,0.0,True,normal,-0.03718925523445295,0,,沪深300;创业板;纳指;黄金;国债ETF,
2016-07-15,1572326.5809535792,0.0,1572326.5809535792,0.0,True,normal,-0.03718925523445295,0,,沪深300;创业板;纳指;黄金;国债ETF,
2016-07-18,1572326.5809535792,0.0,1572326.5809535792,0.0,True,normal,-0.03718925523445295,0,,沪深300;创业板;纳指;黄金;国债ETF,
2016-07-19,1572326.5809535792,0.0,1572326.5809535792,0.0,True,normal,-0.03718925523445295,0,,沪深300;创业板;纳指;黄金;国债ETF,
2016-07-20,1572326.5809535792,0.0,1572326.5809535792,0.0,True,normal,-0.03718925523445295,0,,沪深300;创业板;纳指;黄金;国债ETF,
2016-07-21,1572326.5809535792,0.0,1572326.5809535792,0.0,True,normal,-0.03718925523445295,0,,沪深300;创业板;纳指;黄金;国债ETF,
2016-07-22,1572326.5809535792,0.0,1572326.5809535792,0.0,True,normal,-0.03718925523445295,0,,沪深300;创业板;纳指;黄金;国债ETF,
2016-07-25,1572326.5809535792,0.0,1572326.5809535792,0.0,True,normal,-0.03718925523445295,0,,沪深300;创业板;纳指;黄金;国债ETF,
2016-07-26,1572326.5809535792,0.0,1572326.5809535792,0.0,True,normal,-0.03718925523445295,0,,沪深300;创业板;纳指;黄金;国债ETF,
2016-07-27,1572326.5809535792,0.0,1572326.5809535792,0.0,True,normal,-0.03718925523445295,0,,沪深300;纳指;黄金;国债ETF,
2016-07-28,1572326.5809535792,0.0,1572326.5809535792,0.0,True,normal,-0.03718925523445295,0,,沪深300;纳指;黄金;国债ETF,
2016-07-29,1572326.5809535792,0.0,1572326.5809535792,0.0,True,normal,-0.03718925523445295,0,,沪深300;纳指;黄金;国债ETF,
2016-08-01,1572326.5809535792,0.0,1572326.5809535792,0.0,True,normal,-0.03718925523445295,0,,沪深300;纳指;黄金;国债ETF,
2016-08-02,1572326.5809535792,1572326.5809535792,0.0,1.0,False,normal,-0.03718925523445295,4,沪深300;纳指;黄金;国债ETF,沪深300;纳指;黄金;国债ETF,
2016-08-03,1569537.1184037896,1569537.1184037896,0.0,1.0,False,normal,-0.038897376529094974,4,沪深300;纳指;黄金;国债ETF,沪深300;纳指;黄金;国债ETF,
2016-08-04,1566850.7542403932,1566850.7542403932,0.0,1.0,False,normal,-0.04054236575220062,4,沪深300;纳指;黄金;国债ETF,沪深300;纳指;黄金;国债ETF,
2016-08-05,1576798.773279998,1576798.773279998,0.0,1.0,False,normal,-0.03445071803951304,5,沪深300;创业板;纳指;黄金;国债ETF,沪深300;创业板;纳指;黄金;国债ETF,
2016-08-08,1579762.589917141,1579762.589917141,0.0,1.0,False,normal,-0.03263583140061544,5,沪深300;创业板;纳指;黄金;国债ETF,沪深300;创业板;纳指;黄金;国债ETF,
2016-08-09,1585904.0779760429,1585904.077976043,-2.3283064365386963e-10,1.0,False,normal,-0.028875104612943972,5,沪深300;创业板;纳指;黄金;国债ETF,沪深300;创业板;纳指;黄金;国债ETF,
2016-08-10,1588094.103081663,1588094.103081663,0.0,1.0,False,normal,-0.02753404752687826,5,沪深300;创业板;纳指;黄金;国债ETF,沪深300;创业板;纳指;黄金;国债ETF,
2016-08-11,1579428.441997168,1579428.441997168,0.0,1.0,False,normal,-0.03284044614896884,4,沪深300;纳指;黄金;国债ETF,沪深300;纳指;黄金;国债ETF,
2016-08-12,1588267.160101259,1588267.1601012591,-2.3283064365386963e-10,1.0,False,normal,-0.0274280764392286,5,沪深300;创业板;纳指;黄金;国债ETF,沪深300;创业板;纳指;黄金;国债ETF,
2016-08-15,1606403.1038063501,1606403.1038063504,-2.3283064365386963e-10,1.0,False,normal,-0.016322570956305987,5,沪深300;创业板;纳指;黄金;国债ETF,沪深300;创业板;纳指;黄金;国债ETF,
2016-08-16,1608197.2126216663,1608197.2126216663,0.0,1.0,False,normal,-0.015223952345141047,5,沪深300;创业板;纳指;黄金;国债ETF,沪深300;创业板;纳指;黄金;国债ETF,
2016-08-17,1604368.8261113241,1604368.8261113244,-2.3283064365386963e-10,1.0,False,normal,-0.01756825645595586,5,沪深300;创业板;纳指;黄金;国债ETF,沪深300;创业板;纳指;黄金;国债ETF,
2016-08-18,1605548.570345934,1605548.570345934,0.0,1.0,False,normal,-0.01684584265279499,5,沪深300;创业板;纳指;黄金;国债ETF,沪深300;创业板;纳指;黄金;国债ETF,
2016-08-19,1605326.615323827,1605326.6153238271,-2.3283064365386963e-10,1.0,False,normal,-0.016981756325392065,5,沪深300;创业板;纳指;黄金;国债ETF,沪深300;创业板;纳指;黄金;国债ETF,
2016-08-22,1594833.4999439104,1594833.4999439104,0.0,1.0,False,normal,-0.02340719259049741,4,沪深300;纳指;黄金;国债ETF,沪深300;纳指;黄金;国债ETF,
2016-08-23,1598377.1078853721,1598377.1078853721,0.0,1.0,False,normal,-0.021237272013815003,4,沪深300;纳指;黄金;国债ETF,沪深300;纳指;黄金;国债ETF,
2016-08-24,1597058.6099731587,1597058.6099731587,0.0,1.0,False,normal,-0.022044651328143035,4,沪深300;纳指;黄金;国债ETF,沪深300;纳指;黄金;国债ETF,
2016-08-25,1588796.4962871717,1588796.4962871715,2.3283064365386963e-10,1.0,False,normal,-0.027103938582905523,3,沪深300;纳指;国债ETF,沪深300;纳指;国债ETF,
2016-08-26,1590013.8339769952,1590013.8339769952,0.0,1.0,False,normal,-0.02635850450962332,3,沪深300;纳指;国债ETF,沪深300;纳指;国债ETF,
2016-08-29,1588493.7618987972,1588493.761898797,2.3283064365386963e-10,1.0,False,normal,-0.027289317323853993,3,沪深300;纳指;国债ETF,沪深300;纳指;国债ETF,
2016-08-30,1593226.2847796672,1593226.284779667,2.3283064365386963e-10,1.0,False,normal,-0.024391367282974485,3,沪深300;纳指;国债ETF,沪深300;纳指;国债ETF,
2016-08-31,1592348.4630060864,1592348.4630060862,2.3283064365386963e-10,1.0,False,normal,-0.02492889952712195,3,沪深300;纳指;国债ETF,沪深300;纳指;国债ETF,
2016-09-01,1586697.2324006753,1586697.2324006753,0.0,1.0,False,normal,-0.028389418234843502,3,沪深300;纳指;国债ETF,沪深300;纳指;国债ETF,
2016-09-02,1588704.3374219649,1588704.3374219646,2.3283064365386963e-10,1.0,False,normal,-0.02716037186255711,3,沪深300;纳指;国债ETF,沪深300;纳指;国债ETF,
2016-09-05,1593034.5448879183,1593034.5448879183,0.0,1.0,False,normal,-0.024508778786546496,3,沪深300;纳指;国债ETF,沪深300;纳指;国债ETF,
2016-09-06,1598750.715388684,1598750.715388684,0.0,1.0,False,normal,-0.02100849427586211,3,沪深300;纳指;国债ETF,沪深300;纳指;国债ETF,
2016-09-07,1602969.36073676,1602969.36073676,0.0,1.0,False,normal,-0.01842521601886068,4,沪深300;纳指;黄金;国债ETF,沪深300;纳指;黄金;国债ETF,
2016-09-08,1601096.8986687956,1601096.8986687956,0.0,1.0,False,normal,-0.019571814073005865,4,沪深300;纳指;黄金;国债ETF,沪深300;纳指;黄金;国债ETF,
2016-09-09,1596864.6006932275,1596864.6006932275,0.0,1.0,False,normal,-0.022163452486607643,4,沪深300;纳指;黄金;国债ETF,沪深300;纳指;黄金;国债ETF,
2016-09-12,1573135.9813468098,1573135.9813468095,2.3283064365386963e-10,1.0,False,normal,-0.036693620672994816,3,沪深300;纳指;国债ETF,沪深300;纳指;国债ETF,
2016-09-13,1580959.546316544,1580959.5463165438,2.3283064365386963e-10,1.0,False,normal,-0.031902877765969,3,沪深300;纳指;国债ETF,沪深300;纳指;国债ETF,
2016-09-14,1574179.2729706732,1574179.272970673,2.3283064365386963e-10,1.0,False,normal,-0.03605476332774128,3,纳指;黄金;国债ETF,纳指;黄金;国债ETF,
2016-09-19,1583720.5003285,1583720.5003284998,2.3283064365386963e-10,1.0,False,normal,-0.03021221361215014,3,沪深300;纳指;国债ETF,沪深300;纳指;国债ETF,
2016-09-20,1579977.6135639763,1579977.6135639763,0.0,1.0,False,normal,-0.03250416214051422,4,沪深300;纳指;黄金;国债ETF,沪深300;纳指;黄金;国债ETF,
2016-09-21,1582440.7606645343,1582440.7606645343,0.0,1.0,False,normal,-0.03099585939788864,4,沪深300;纳指;黄金;国债ETF,沪深300;纳指;黄金;国债ETF,
2016-09-22,1594249.6112559144,1594249.6112559144,0.0,1.0,False,normal,-0.023764735552220174,5,沪深300;创业板;纳指;黄金;国债ETF,沪深300;创业板;纳指;黄金;国债ETF,
2016-09-23,1601113.6988178012,1601113.6988178012,0.0,1.0,False,normal,-0.019561526538487146,4,沪深300;创业板;纳指;国债ETF,沪深300;创业板;纳指;国债ETF,
2016-09-26,1581792.7656270878,1581792.7656270878,0.0,1.0,False,normal,-0.03139265774256196,5,沪深300;创业板;纳指;黄金;国债ETF,沪深300;创业板;纳指;黄金;国债ETF,
2016-09-27,1581404.806615651,1581404.806615651,0.0,1.0,False,normal,-0.031630223595143,4,沪深300;创业板;纳指;国债ETF,沪深300;创业板;纳指;国债ETF,
2016-09-28,1581692.8533730078,1581692.8533730078,0.0,1.0,False,normal,-0.03145383879294118,4,沪深300;创业板;纳指;国债ETF,沪深300;创业板;纳指;国债ETF,
2016-09-29,1585405.9494261895,1585405.9494261895,0.0,1.0,False,normal,-0.029180132541545428,4,沪深300;创业板;纳指;国债ETF,沪深300;创业板;纳指;国债ETF,
2016-09-30,1583685.4780412177,1583685.4780412177,0.0,1.0,False,normal,-0.030233659433209343,4,沪深300;创业板;纳指;国债ETF,沪深300;创业板;纳指;国债ETF,
2016-10-10,1602468.9979583407,1602468.9979583407,0.0,1.0,False,normal,-0.018731612072440573,4,沪深300;创业板;纳指;国债ETF,沪深300;创业板;纳指;国债ETF,
2016-10-11,1608432.8613288016,1608432.8613288016,0.0,1.0,False,normal,-0.015079653374451114,4,沪深300;创业板;纳指;国债ETF,沪深300;创业板;纳指;国债ETF,
2016-10-12,1606409.4848715067,1606409.4848715067,0.0,1.0,False,normal,-0.016318663525006286,4,沪深300;创业板;纳指;国债ETF,沪深300;创业板;纳指;国债ETF,
2016-10-13,1604788.961343306,1604788.961343306,0.0,1.0,False,normal,-0.017310987565060897,4,沪深300;创业板;纳指;国债ETF,沪深300;创业板;纳指;国债ETF,
2016-10-14,1604361.821933529,1604361.821933529,0.0,1.0,False,normal,-0.01757254544891762,4,沪深300;创业板;纳指;国债ETF,沪深300;创业板;纳指;国债ETF,
2016-10-17,1592321.073070363,1592321.073070363,0.0,1.0,False,normal,-0.024945671694388268,3,创业板;纳指;国债ETF,创业板;纳指;国债ETF,
2016-10-18,1599539.7391641568,1599539.7391641566,2.3283064365386963e-10,1.0,False,normal,-0.02052533729174502,3,创业板;纳指;国债ETF,创业板;纳指;国债ETF,
2016-10-19,1598435.0261992577,1598435.0261992577,0.0,1.0,False,normal,-0.0212018058609157,2,纳指;国债ETF,纳指;国债ETF,
2016-10-20,1603078.2847971902,1603078.2847971902,0.0,1.0,False,normal,-0.01835851660856258,2,纳指;国债ETF,纳指;国债ETF,
2016-10-21,1601859.289901148,1601859.289901148,0.0,1.0,False,normal,-0.019104965468450173,2,纳指;国债ETF,纳指;国债ETF,
2016-10-24,1606922.598387414,1606922.5983874137,2.3283064365386963e-10,1.0,False,normal,-0.016004459585198652,3,沪深300;纳指;国债ETF,沪深300;纳指;国债ETF,
2016-10-25,1612089.0856884064,1612089.0856884064,0.0,1.0,False,normal,-0.01284077238029655,4,沪深300;创业板;纳指;国债ETF,沪深300;创业板;纳指;国债ETF,
2016-10-26,1604983.0951231723,1604983.0951231723,0.0,1.0,False,normal,-0.017192110169333127,4,沪深300;创业板;纳指;国债ETF,沪深300;创业板;纳指;国债ETF,
2016-10-27,1600463.8628491333,1600463.8628491333,0.0,1.0,False,normal,-0.01995945217336963,3,沪深300;纳指;国债ETF,沪深300;纳指;国债ETF,
2016-10-28,1600273.2950467272,1600273.295046727,2.3283064365386963e-10,1.0,False,normal,-0.020076145950594794,3,沪深300;纳指;国债ETF,沪深300;纳指;国债ETF,
2016-10-31,1597968.1250749424,1597968.1250749421,2.3283064365386963e-10,1.0,False,normal,-0.021487711743751622,3,沪深300;纳指;国债ETF,沪深300;纳指;国债ETF,
2016-11-01,1602669.0605159092,1602669.060515909,2.3283064365386963e-10,1.0,False,normal,-0.018609104202647105,3,沪深300;纳指;国债ETF,沪深300;纳指;国债ETF,
2016-11-02,1592809.386470469,1592809.3864704687,2.3283064365386963e-10,1.0,False,normal,-0.024646654051278808,3,沪深300;纳指;国债ETF,沪深300;纳指;国债ETF,
2016-11-03,1591944.3295542484,1591944.3295542481,2.3283064365386963e-10,1.0,False,normal,-0.025176369762925557,3,沪深300;纳指;国债ETF,沪深300;纳指;国债ETF,
2016-11-04,1592101.9388397073,1592101.9388397073,0.0,1.0,False,normal,-0.025079858061506224,3,沪深300;纳指;国债ETF,沪深300;纳指;国债ETF,
2016-11-07,1598555.0939191591,1598555.093919159,2.3283064365386963e-10,1.0,False,normal,-0.021128282655100215,3,沪深300;纳指;国债ETF,沪深300;纳指;国债ETF,
2016-11-08,1600099.1200554234,1600099.1200554231,2.3283064365386963e-10,1.0,False,normal,-0.020182801625775876,3,沪深300;纳指;国债ETF,沪深300;纳指;国债ETF,
2016-11-09,1583040.9258947277,1583040.9258947277,0.0,1.0,False,normal,-0.030628349531131537,3,沪深300;黄金;国债ETF,沪深300;黄金;国债ETF,
2016-11-10,1578575.6017970883,1578575.601797088,2.3283064365386963e-10,1.0,False,normal,-0.033362680981192216,3,沪深300;纳指;国债ETF,沪深300;纳指;国债ETF,
2016-11-11,1576239.8421572398,1576239.8421572398,0.0,1.0,False,normal,-0.034792978290719305,2,沪深300;国债ETF,沪深300;国债ETF,
2016-11-14,1575371.1907059066,1575371.1907059064,2.3283064365386963e-10,1.0,False,normal,-0.03532489510808466,3,沪深300;纳指;国债ETF,沪深300;纳指;国债ETF,
2016-11-15,1568623.7447508161,1568623.7447508161,0.0,1.0,False,normal,-0.03945667888887271,4,沪深300;创业板;纳指;国债ETF,沪深300;创业板;纳指;国债ETF,
2016-11-16,1576065.1438201435,1576065.1438201435,0.0,1.0,False,normal,-0.034899954435552355,4,沪深300;创业板;纳指;国债ETF,沪深300;创业板;纳指;国债ETF,
2016-11-17,1574450.2656321302,1574450.26563213,2.3283064365386963e-10,1.0,False,normal,-0.035888821563883795,3,沪深300;创业板;纳指,沪深300;创业板;纳指,
2016-11-18,1577670.4342525771,1577670.4342525771,0.0,0.8246631089767087,False,normal,-0.033916958348391486,2,沪深300;纳指,沪深300;纳指,
2016-11-21,1578158.066407342,1578158.066407342,0.0,0.8501827467061139,False,normal,-0.033618357864377515,2,沪深300;纳指,沪深300;纳指,
2016-11-22,1597767.9620803697,1597767.9620803697,0.0,1.0,False,normal,-0.021610281115925008,3,沪深300;创业板;纳指,沪深300;创业板;纳指,
2016-11-23,1596164.0239648586,1596164.0239648586,0.0,1.0,False,normal,-0.022592449114774527,3,沪深300;创业板;纳指,沪深300;创业板;纳指,
2016-11-24,1593180.8537650062,1593180.8537650062,0.0,1.0,False,normal,-0.024419186865490647,2,沪深300;纳指,沪深300;纳指,
2016-11-25,1609985.898524258,1609985.898524258,0.0,1.0,False,normal,-0.01412865444272844,3,沪深300;创业板;纳指,沪深300;创业板;纳指,
2016-11-28,1615261.8737305603,1615261.87373056,2.3283064365386963e-10,1.0,False,normal,-0.010897922558348754,3,沪深300;创业板;纳指,沪深300;创业板;纳指,
2016-11-29,1614921.38818908,1614921.3881890797,2.3283064365386963e-10,1.0,False,normal,-0.01110641813537817,3,沪深300;创业板;纳指,沪深300;创业板;纳指,
2016-11-30,1612864.6083769219,1612864.6083769219,0.0,1.0,False,normal,-0.012365882757264591,3,沪深300;创业板;纳指,沪深300;创业板;纳指,
2016-12-01,1610567.7731390942,1610567.773139094,2.3283064365386963e-10,1.0,False,normal,-0.013772344794302335,3,沪深300;创业板;纳指,沪深300;创业板;纳指,
2016-12-02,1591968.4425025792,1591968.4425025792,0.0,1.0,False,normal,-0.02516160425172571,2,沪深300;纳指,沪深300;纳指,
2016-12-05,1575101.7545934522,1575101.7545934522,0.0,0.8428229544827536,False,normal,-0.035489883722562975,2,沪深300;纳指,沪深300;纳指,
2016-12-06,1580947.0994823275,1580947.0994823275,0.0,0.8639686326397323,False,normal,-0.03191049955769294,2,沪深300;纳指,沪深300;纳指,
2016-12-07,1583653.6252383771,1583653.6252383771,0.0,1.0,False,normal,-0.03025316442739901,2,沪深300;纳指,沪深300;纳指,
2016-12-08,1600684.6984821125,1600684.6984821125,0.0,0.866956996029432,False,normal,-0.019824223956258085,2,沪深300;纳指,沪深300;纳指,
2016-12-09,1597655.650017715,1597655.650017715,0.0,1.0,False,normal,-0.021679055161979162,2,沪深300;纳指,沪深300;纳指,
2016-12-12,1581022.9499531798,0.0,1581022.9499531798,0.0,True,normal,-0.03186405268767446,0,,沪深300;纳指,
2016-12-13,1581022.9499531798,0.0,1581022.9499531798,0.0,True,normal,-0.03186405268767446,0,,沪深300;纳指,
2016-12-14,1581022.9499531798,0.0,1581022.9499531798,0.0,True,normal,-0.03186405268767446,0,,沪深300;纳指,
2016-12-15,1581022.9499531798,0.0,1581022.9499531798,0.0,True,normal,-0.03186405268767446,0,,沪深300;纳指,
2016-12-16,1581022.9499531798,0.0,1581022.9499531798,0.0,True,normal,-0.03186405268767446,0,,纳指,
2016-12-19,1581022.9499531798,0.0,1581022.9499531798,0.0,True,normal,-0.03186405268767446,0,,纳指,
2016-12-20,1581022.9499531798,0.0,1581022.9499531798,0.0,True,normal,-0.03186405268767446,0,,纳指,
2016-12-21,1581022.9499531798,0.0,1581022.9499531798,0.0,True,normal,-0.03186405268767446,0,,纳指,
2016-12-22,1581022.9499531798,0.0,1581022.9499531798,0.0,True,normal,-0.03186405268767446,0,,纳指,
2016-12-23,1581022.9499531798,0.0,1581022.9499531798,0.0,True,normal,-0.03186405268767446,0,,纳指,
2016-12-26,1581022.9499531798,0.0,1581022.9499531798,0.0,True,normal,-0.03186405268767446,0,,纳指,
2016-12-27,1581022.9499531798,0.0,1581022.9499531798,0.0,True,normal,-0.03186405268767446,0,,纳指,
2016-12-28,1581022.9499531798,0.0,1581022.9499531798,0.0,True,normal,-0.03186405268767446,0,,纳指,
2016-12-29,1581022.9499531798,0.0,1581022.9499531798,0.0,True,normal,-0.03186405268767446,0,,纳指,
2016-12-30,1581022.9499531798,0.0,1581022.9499531798,0.0,True,normal,-0.03186405268767446,0,,纳指,
2017-01-03,1581022.9499531798,0.0,1581022.9499531798,0.0,True,normal,-0.03186405268767446,0,,纳指,
2017-01-04,1581022.9499531798,0.0,1581022.9499531798,0.0,True,normal,-0.03186405268767446,0,,沪深300;纳指,
2017-01-05,1581022.9499531798,0.0,1581022.9499531798,0.0,True,normal,-0.03186405268767446,0,,纳指,
2017-01-06,1581022.9499531798,0.0,1581022.9499531798,0.0,True,normal,-0.03186405268767446,0,,纳指,
2017-01-09,1581022.9499531798,0.0,1581022.9499531798,0.0,True,normal,-0.03186405268767446,0,,纳指,
2017-01-10,1581022.9499531798,0.0,1581022.9499531798,0.0,True,normal,-0.03186405268767446,0,,纳指,
2017-01-11,1581022.9499531798,0.0,1581022.9499531798,0.0,True,normal,-0.03186405268767446,0,,纳指,
2017-01-12,1581022.9499531798,0.0,1581022.9499531798,0.0,True,normal,-0.03186405268767446,0,,纳指,
2017-01-13,1581022.9499531798,0.0,1581022.9499531798,0.0,True,normal,-0.03186405268767446,0,,纳指,
2017-01-16,1581022.9499531798,0.0,1581022.9499531798,0.0,True,normal,-0.03186405268767446,0,,纳指,
2017-01-17,1581022.9499531798,0.0,1581022.9499531798,0.0,True,normal,-0.03186405268767446,0,,纳指,
2017-01-18,1581022.9499531798,0.0,1581022.9499531798,0.0,True,normal,-0.03186405268767446,0,,纳指,
2017-01-19,1581022.9499531798,0.0,1581022.9499531798,0.0,True,normal,-0.03186405268767446,0,,纳指,
2017-01-20,1581022.9499531798,0.0,1581022.9499531798,0.0,True,normal,-0.03186405268767446,0,,纳指;黄金,
2017-01-23,1581022.9499531798,0.0,1581022.9499531798,0.0,True,normal,-0.03186405268767446,0,,纳指;黄金,
2017-01-24,1581022.9499531798,0.0,1581022.9499531798,0.0,True,normal,-0.03186405268767446,0,,纳指;黄金,
2017-01-25,1581022.9499531798,0.0,1581022.9499531798,0.0,True,normal,-0.03186405268767446,0,,纳指,
2017-01-26,1581022.9499531798,0.0,1581022.9499531798,0.0,True,normal,-0.03186405268767446,0,,纳指;黄金,
2017-02-03,1581022.9499531798,0.0,1581022.9499531798,0.0,True,normal,-0.03186405268767446,0,,纳指;黄金,
2017-02-06,1581022.9499531798,0.0,1581022.9499531798,0.0,True,normal,-0.03186405268767446,0,,纳指;黄金,
2017-02-07,1581022.9499531798,0.0,1581022.9499531798,0.0,True,normal,-0.03186405268767446,0,,纳指;黄金,
2017-02-08,1581022.9499531798,0.0,1581022.9499531798,0.0,True,normal,-0.03186405268767446,0,,纳指;黄金,
2017-02-09,1581022.9499531798,0.0,1581022.9499531798,0.0,True,normal,-0.03186405268767446,0,,纳指;黄金,
2017-02-10,1581022.9499531798,0.0,1581022.9499531798,0.0,True,normal,-0.03186405268767446,0,,纳指;黄金,
2017-02-13,1581022.9499531798,0.0,1581022.9499531798,0.0,True,normal,-0.03186405268767446,0,,纳指;黄金,
2017-02-14,1581022.9499531798,0.0,1581022.9499531798,0.0,True,normal,-0.03186405268767446,0,,纳指;黄金,
2017-02-15,1581022.9499531798,0.0,1581022.9499531798,0.0,True,normal,-0.03186405268767446,0,,纳指;黄金;国债ETF,
2017-02-16,1581022.9499531798,0.0,1581022.9499531798,0.0,True,normal,-0.03186405268767446,0,,沪深300;纳指;黄金;国债ETF,
2017-02-17,1581022.9499531798,0.0,1581022.9499531798,0.0,True,normal,-0.03186405268767446,0,,沪深300;纳指;黄金;国债ETF,
2017-02-20,1581022.9499531798,0.0,1581022.9499531798,0.0,True,normal,-0.03186405268767446,0,,沪深300;纳指;黄金;国债ETF,
2017-02-21,1581022.9499531798,0.0,1581022.9499531798,0.0,True,normal,-0.03186405268767446,0,,沪深300;纳指;黄金;国债ETF,
2017-02-22,1581022.9499531798,0.0,1581022.9499531798,0.0,True,normal,-0.03186405268767446,0,,沪深300;纳指;黄金;国债ETF,
2017-02-23,1581022.9499531798,0.0,1581022.9499531798,0.0,True,normal,-0.03186405268767446,0,,沪深300;纳指;黄金;国债ETF,
2017-02-24,1581022.9499531798,0.0,1581022.9499531798,0.0,True,normal,-0.03186405268767446,0,,沪深300;纳指;黄金;国债ETF,
2017-02-27,1581022.9499531798,0.0,1581022.9499531798,0.0,True,normal,-0.03186405268767446,0,,沪深300;纳指;黄金;国债ETF,
2017-02-28,1581022.9499531798,0.0,1581022.9499531798,0.0,True,normal,-0.03186405268767446,0,,沪深300;纳指;黄金;国债ETF,
2017-03-01,1581022.9499531798,0.0,1581022.9499531798,0.0,True,normal,-0.03186405268767446,0,,沪深300;纳指;黄金;国债ETF,
2017-03-02,1581022.9499531798,0.0,1581022.9499531798,0.0,True,normal,-0.03186405268767446,0,,沪深300;纳指;黄金;国债ETF,
2017-03-03,1581022.9499531798,0.0,1581022.9499531798,0.0,True,normal,-0.03186405268767446,0,,沪深300;纳指;黄金;国债ETF,
2017-03-06,1581022.9499531798,0.0,1581022.9499531798,0.0,True,normal,-0.03186405268767446,0,,沪深300;创业板;纳指;黄金;国债ETF,
2017-03-07,1581022.9499531798,0.0,1581022.9499531798,0.0,True,normal,-0.03186405268767446,0,,沪深300;纳指;黄金;国债ETF,
2017-03-08,1581022.9499531798,0.0,1581022.9499531798,0.0,True,normal,-0.03186405268767446,0,,沪深300;纳指;黄金;国债ETF,
2017-03-09,1581022.9499531798,0.0,1581022.9499531798,0.0,True,normal,-0.03186405268767446,0,,沪深300;纳指;黄金;国债ETF,
2017-03-10,1581022.9499531798,0.0,1581022.9499531798,0.0,True,normal,-0.03186405268767446,0,,沪深300;纳指;黄金,
2017-03-13,1581022.9499531798,0.0,1581022.9499531798,0.0,True,normal,-0.03186405268767446,0,,沪深300;创业板;纳指;黄金,
2017-03-14,1581022.9499531798,0.0,1581022.9499531798,0.0,True,normal,-0.03186405268767446,0,,沪深300;创业板;纳指;黄金,
2017-03-15,1581022.9499531798,0.0,1581022.9499531798,0.0,True,normal,-0.03186405268767446,0,,沪深300;创业板;纳指;黄金,
2017-03-16,1581022.9499531798,0.0,1581022.9499531798,0.0,True,normal,-0.03186405268767446,0,,沪深300;创业板;纳指;黄金;国债ETF,
2017-03-17,1581022.9499531798,0.0,1581022.9499531798,0.0,True,normal,-0.03186405268767446,0,,沪深300;创业板;纳指;黄金;国债ETF,
2017-03-20,1581022.9499531798,0.0,1581022.9499531798,0.0,True,normal,-0.03186405268767446,0,,沪深300;创业板;纳指;黄金;国债ETF,
2017-03-21,1581022.9499531798,0.0,1581022.9499531798,0.0,True,normal,-0.03186405268767446,0,,沪深300;创业板;纳指;黄金;国债ETF,
2017-03-22,1581022.9499531798,0.0,1581022.9499531798,0.0,True,normal,-0.03186405268767446,0,,沪深300;创业板;纳指;黄金;国债ETF,
2017-03-23,1581022.9499531798,0.0,1581022.9499531798,0.0,True,normal,-0.03186405268767446,0,,沪深300;创业板;纳指;黄金,
2017-03-24,1581022.9499531798,0.0,1581022.9499531798,0.0,True,normal,-0.03186405268767446,0,,沪深300;创业板;纳指;黄金,
2017-03-27,1581022.9499531798,0.0,1581022.9499531798,0.0,True,normal,-0.03186405268767446,0,,沪深300;创业板;纳指;黄金;国债ETF,
2017-03-28,1581022.9499531798,1581022.9499531798,0.0,1.0,False,normal,-0.03186405268767446,5,沪深300;创业板;纳指;黄金;国债ETF,沪深300;创业板;纳指;黄金;国债ETF,
2017-03-29,1581575.2370832125,1581575.2370832127,-2.3283064365386963e-10,1.0,False,normal,-0.03152586087089001,5,沪深300;创业板;纳指;黄金;国债ETF,沪深300;创业板;纳指;黄金;国债ETF,
2017-03-30,1572295.0145683312,1572295.0145683312,0.0,1.0,False,normal,-0.03720858484145592,4,沪深300;创业板;纳指;黄金,沪深300;创业板;纳指;黄金,
2017-03-31,1577691.8453885776,1577691.8453885778,-2.3283064365386963e-10,1.0,False,normal,-0.03390384728606604,5,沪深300;创业板;纳指;黄金;国债ETF,沪深300;创业板;纳指;黄金;国债ETF,
2017-04-05,1589788.769501959,0.0,1589788.769501959,0.0,True,normal,-0.02649632224892432,0,,沪深300;创业板;纳指;黄金;国债ETF,
2017-04-06,1589788.769501959,0.0,1589788.769501959,0.0,True,normal,-0.02649632224892432,0,,沪深300;创业板;纳指;黄金;国债ETF,
2017-04-07,1589788.769501959,0.0,1589788.769501959,0.0,True,normal,-0.02649632224892432,0,,沪深300;创业板;纳指;黄金;国债ETF,
2017-04-10,1589788.769501959,0.0,1589788.769501959,0.0,True,normal,-0.02649632224892432,0,,沪深300;创业板;纳指;黄金;国债ETF,
2017-04-11,1589788.769501959,0.0,1589788.769501959,0.0,True,normal,-0.02649632224892432,0,,沪深300;创业板;纳指;黄金;国债ETF,
2017-04-12,1589788.769501959,0.0,1589788.769501959,0.0,True,normal,-0.02649632224892432,0,,沪深300;纳指;黄金;国债ETF,
2017-04-13,1589788.769501959,0.0,1589788.769501959,0.0,True,normal,-0.02649632224892432,0,,沪深300;创业板;纳指;黄金;国债ETF,
2017-04-14,1589788.769501959,0.0,1589788.769501959,0.0,True,normal,-0.02649632224892432,0,,沪深300;黄金;国债ETF,
2017-04-17,1589788.769501959,0.0,1589788.769501959,0.0,True,normal,-0.02649632224892432,0,,沪深300;纳指;黄金,
2017-04-18,1589788.769501959,0.0,1589788.769501959,0.0,True,normal,-0.02649632224892432,0,,纳指;黄金,
2017-04-19,1589788.769501959,0.0,1589788.769501959,0.0,True,normal,-0.02649632224892432,0,,纳指;黄金,
2017-04-20,1589788.769501959,0.0,1589788.769501959,0.0,True,normal,-0.02649632224892432,0,,黄金,
2017-04-21,1589788.769501959,0.0,1589788.769501959,0.0,True,normal,-0.02649632224892432,0,,纳指;黄金,
2017-04-24,1589788.769501959,0.0,1589788.769501959,0.0,True,normal,-0.02649632224892432,0,,纳指;黄金,
2017-04-25,1589788.769501959,0.0,1589788.769501959,0.0,True,normal,-0.02649632224892432,0,,纳指;黄金,
2017-04-26,1589788.769501959,0.0,1589788.769501959,0.0,True,normal,-0.02649632224892432,0,,纳指;黄金,
2017-04-27,1589788.769501959,0.0,1589788.769501959,0.0,True,normal,-0.02649632224892432,0,,纳指;黄金,
2017-04-28,1589788.769501959,0.0,1589788.769501959,0.0,True,normal,-0.02649632224892432,0,,纳指;黄金,
2017-05-02,1589788.769501959,0.0,1589788.769501959,0.0,True,normal,-0.02649632224892432,0,,沪深300;纳指;黄金,
2017-05-03,1589788.769501959,0.0,1589788.769501959,0.0,True,normal,-0.02649632224892432,0,,纳指;黄金,
2017-05-04,1589788.769501959,0.0,1589788.769501959,0.0,True,normal,-0.02649632224892432,0,,纳指;黄金,
2017-05-05,1589788.769501959,0.0,1589788.769501959,0.0,True,normal,-0.02649632224892432,0,,纳指;黄金,
2017-05-08,1589788.769501959,0.0,1589788.769501959,0.0,True,normal,-0.02649632224892432,0,,纳指;黄金,
2017-05-09,1589788.769501959,0.0,1589788.769501959,0.0,True,normal,-0.02649632224892432,0,,纳指;黄金,
2017-05-10,1589788.769501959,0.0,1589788.769501959,0.0,True,normal,-0.02649632224892432,0,,纳指;黄金,
2017-05-11,1589788.769501959,0.0,1589788.769501959,0.0,True,normal,-0.02649632224892432,0,,纳指;黄金,
2017-05-12,1589788.769501959,0.0,1589788.769501959,0.0,True,normal,-0.02649632224892432,0,,纳指;黄金,
2017-05-15,1589788.769501959,0.0,1589788.769501959,0.0,True,normal,-0.02649632224892432,0,,纳指,
2017-05-16,1589788.769501959,0.0,1589788.769501959,0.0,True,normal,-0.02649632224892432,0,,纳指;黄金,
2017-05-17,1589788.769501959,0.0,1589788.769501959,0.0,True,normal,-0.02649632224892432,0,,纳指;黄金,
2017-05-18,1589788.769501959,0.0,1589788.769501959,0.0,True,normal,-0.02649632224892432,0,,黄金,
2017-05-19,1589788.769501959,0.0,1589788.769501959,0.0,True,normal,-0.02649632224892432,0,,纳指;黄金,
2017-05-22,1589788.769501959,0.0,1589788.769501959,0.0,True,normal,-0.02649632224892432,0,,纳指;黄金,
2017-05-23,1589788.769501959,0.0,1589788.769501959,0.0,True,normal,-0.02649632224892432,0,,纳指;黄金,
2017-05-24,1589788.769501959,0.0,1589788.769501959,0.0,True,normal,-0.02649632224892432,0,,纳指,
2017-05-25,1589788.769501959,0.0,1589788.769501959,0.0,True,normal,-0.02649632224892432,0,,沪深300;纳指,
2017-05-26,1589788.769501959,0.0,1589788.769501959,0.0,True,normal,-0.02649632224892432,0,,沪深300;纳指;黄金,
2017-05-31,1589788.769501959,0.0,1589788.769501959,0.0,True,normal,-0.02649632224892432,0,,沪深300;纳指,
2017-06-01,1589788.769501959,0.0,1589788.769501959,0.0,True,normal,-0.02649632224892432,0,,沪深300;纳指;黄金,
2017-06-02,1589788.769501959,0.0,1589788.769501959,0.0,True,normal,-0.02649632224892432,0,,纳指,
2017-06-05,1589788.769501959,0.0,1589788.769501959,0.0,True,normal,-0.02649632224892432,0,,纳指;黄金,
2017-06-06,1589788.769501959,0.0,1589788.769501959,0.0,True,normal,-0.02649632224892432,0,,纳指;黄金,
2017-06-07,1589788.769501959,0.0,1589788.769501959,0.0,True,normal,-0.02649632224892432,0,,沪深300;纳指;黄金,
2017-06-08,1589788.769501959,0.0,1589788.769501959,0.0,True,normal,-0.02649632224892432,0,,沪深300;纳指,
2017-06-09,1589788.769501959,0.0,1589788.769501959,0.0,True,normal,-0.02649632224892432,0,,沪深300;纳指,
2017-06-12,1589788.769501959,0.0,1589788.769501959,0.0,True,normal,-0.02649632224892432,0,,沪深300;纳指,
2017-06-13,1589788.769501959,0.0,1589788.769501959,0.0,True,normal,-0.02649632224892432,0,,沪深300;纳指,
2017-06-14,1589788.769501959,0.0,1589788.769501959,0.0,True,normal,-0.02649632224892432,0,,沪深300;纳指,
2017-06-15,1589788.769501959,0.0,1589788.769501959,0.0,True,normal,-0.02649632224892432,0,,沪深300;纳指,
2017-06-16,1589788.769501959,0.0,1589788.769501959,0.0,True,normal,-0.02649632224892432,0,,沪深300;纳指,
2017-06-19,1589788.769501959,0.0,1589788.769501959,0.0,True,normal,-0.02649632224892432,0,,沪深300;纳指,
2017-06-20,1589788.769501959,0.0,1589788.769501959,0.0,True,normal,-0.02649632224892432,0,,沪深300;纳指,
2017-06-21,1589788.769501959,0.0,1589788.769501959,0.0,True,normal,-0.02649632224892432,0,,沪深300;创业板;纳指,
2017-06-22,1589788.769501959,0.0,1589788.769501959,0.0,True,normal,-0.02649632224892432,0,,沪深300;纳指,
2017-06-23,1589788.769501959,0.0,1589788.769501959,0.0,True,normal,-0.02649632224892432,0,,沪深300;纳指,
2017-06-26,1589788.769501959,0.0,1589788.769501959,0.0,True,normal,-0.02649632224892432,0,,沪深300;纳指,
2017-06-27,1589788.769501959,0.0,1589788.769501959,0.0,True,normal,-0.02649632224892432,0,,沪深300;纳指;国债ETF,
2017-06-28,1589788.769501959,0.0,1589788.769501959,0.0,True,normal,-0.02649632224892432,0,,沪深300,
2017-06-29,1589788.769501959,0.0,1589788.769501959,0.0,True,normal,-0.02649632224892432,0,,沪深300;纳指;国债ETF,
2017-06-30,1589788.769501959,0.0,1589788.769501959,0.0,True,normal,-0.02649632224892432,0,,沪深300;国债ETF,
2017-07-03,1589788.769501959,0.0,1589788.769501959,0.0,True,normal,-0.02649632224892432,0,,沪深300;创业板;国债ETF,
2017-07-04,1589788.769501959,0.0,1589788.769501959,0.0,True,normal,-0.02649632224892432,0,,沪深300;创业板;国债ETF,
2017-07-05,1589788.769501959,0.0,1589788.769501959,0.0,True,normal,-0.02649632224892432,0,,沪深300;创业板;国债ETF,
2017-07-06,1589788.769501959,0.0,1589788.769501959,0.0,True,normal,-0.02649632224892432,0,,沪深300;创业板;国债ETF,
2017-07-07,1589788.769501959,0.0,1589788.769501959,0.0,True,normal,-0.02649632224892432,0,,沪深300;创业板;国债ETF,
2017-07-10,1589788.769501959,0.0,1589788.769501959,0.0,True,normal,-0.02649632224892432,0,,沪深300;创业板;国债ETF,
2017-07-11,1589788.769501959,0.0,1589788.769501959,0.0,True,normal,-0.02649632224892432,0,,沪深300;国债ETF,
2017-07-12,1589788.769501959,0.0,1589788.769501959,0.0,True,normal,-0.02649632224892432,0,,沪深300;国债ETF,
2017-07-13,1589788.769501959,0.0,1589788.769501959,0.0,True,normal,-0.02649632224892432,0,,沪深300;国债ETF,
2017-07-14,1589788.769501959,0.0,1589788.769501959,0.0,True,normal,-0.02649632224892432,0,,沪深300;纳指;国债ETF,
2017-07-17,1589788.769501959,0.0,1589788.769501959,0.0,True,normal,-0.02649632224892432,0,,沪深300;纳指;国债ETF,
2017-07-18,1589788.769501959,0.0,1589788.769501959,0.0,True,normal,-0.02649632224892432,0,,沪深300;纳指;国债ETF,
2017-07-19,1589788.769501959,0.0,1589788.769501959,0.0,True,normal,-0.02649632224892432,0,,沪深300;纳指;国债ETF,
2017-07-20,1589788.769501959,0.0,1589788.769501959,0.0,True,normal,-0.02649632224892432,0,,沪深300;纳指;国债ETF,
2017-07-21,1589788.769501959,0.0,1589788.769501959,0.0,True,normal,-0.02649632224892432,0,,沪深300;纳指;国债ETF,
2017-07-24,1589788.769501959,0.0,1589788.769501959,0.0,True,normal,-0.02649632224892432,0,,沪深300;国债ETF,
2017-07-25,1589788.769501959,0.0,1589788.769501959,0.0,True,normal,-0.02649632224892432,0,,沪深300;国债ETF,
2017-07-26,1589788.769501959,0.0,1589788.769501959,0.0,True,normal,-0.02649632224892432,0,,沪深300;纳指;国债ETF,
2017-07-27,1589788.769501959,0.0,1589788.769501959,0.0,True,normal,-0.02649632224892432,0,,沪深300,
2017-07-28,1589788.769501959,0.0,1589788.769501959,0.0,True,normal,-0.02649632224892432,0,,沪深300,
2017-07-31,1589788.769501959,0.0,1589788.769501959,0.0,True,normal,-0.02649632224892432,0,,沪深300,
2017-08-01,1589788.769501959,0.0,1589788.769501959,0.0,True,normal,-0.02649632224892432,0,,沪深300;国债ETF,
2017-08-02,1589788.769501959,0.0,1589788.769501959,0.0,True,normal,-0.02649632224892432,0,,沪深300;国债ETF,
2017-08-03,1589788.769501959,0.0,1589788.769501959,0.0,True,normal,-0.02649632224892432,0,,沪深300;国债ETF,
2017-08-04,1589788.769501959,0.0,1589788.769501959,0.0,True,normal,-0.02649632224892432,0,,沪深300;国债ETF,
2017-08-07,1589788.769501959,0.0,1589788.769501959,0.0,True,normal,-0.02649632224892432,0,,沪深300;纳指,
2017-08-08,1589788.769501959,1589788.769501959,0.0,1.0,False,normal,-0.02649632224892432,2,沪深300;纳指,沪深300;纳指,
2017-08-09,1582698.9344372186,1582698.9344372186,0.0,1.0,False,normal,-0.030837767252549247,2,沪深300;纳指,沪深300;纳指,
2017-08-10,1577591.7616150593,1577591.7616150593,0.0,1.0,False,normal,-0.03396513336599835,2,沪深300;纳指,沪深300;纳指,
2017-08-11,1549172.2619124958,1549172.2619124958,0.0,1.0,False,normal,-0.05136775188428012,2,沪深300;黄金,沪深300;黄金,
2017-08-14,1557961.2243621112,1557961.2243621112,0.0,1.0,False,normal,-0.04598584994079296,2,沪深300;黄金,沪深300;黄金,
2017-08-15,1554395.9370828872,1554395.9370828872,0.0,1.0,False,normal,-0.04816904581256342,3,沪深300;纳指;国债ETF,沪深300;纳指;国债ETF,
2017-08-16,1549357.6620532982,1549357.6620532982,0.0,1.0,False,normal,-0.0512542225133416,3,沪深300;创业板;国债ETF,沪深300;创业板;国债ETF,
2017-08-17,1557110.1881704824,0.0,1557110.1881704824,0.0,True,normal,-0.046506980092385006,0,,沪深300;创业板;国债ETF,
2017-08-18,1557110.1881704824,0.0,1557110.1881704824,0.0,True,normal,-0.046506980092385006,0,,沪深300;国债ETF,
2017-08-21,1557110.1881704824,1557110.1881704824,0.0,1.0,False,normal,-0.046506980092385006,2,沪深300;黄金,沪深300;黄金,
2017-08-22,1557491.741370072,1557491.741370072,0.0,1.0,False,normal,-0.04627333682468573,3,沪深300;纳指;黄金,沪深300;纳指;黄金,
2017-08-23,1561321.6655878625,1561321.6655878625,0.0,1.0,False,normal,-0.043928091102076246,4,沪深300;纳指;黄金;国债ETF,沪深300;纳指;黄金;国债ETF,
2017-08-24,1556173.3492288345,1556173.3492288345,0.0,1.0,False,normal,-0.047080651370387784,4,沪深300;纳指;黄金;国债ETF,沪深300;纳指;黄金;国债ETF,
2017-08-25,1563699.680933906,1563699.680933906,0.0,1.0,False,normal,-0.04247191860323095,4,沪深300;纳指;黄金;国债ETF,沪深300;纳指;黄金;国债ETF,
2017-08-28,1567794.3047014512,1567794.3047014512,0.0,1.0,False,normal,-0.03996458468995832,4,沪深300;纳指;黄金;国债ETF,沪深300;纳指;黄金;国债ETF,
2017-08-29,1569436.1550044413,1569436.1550044413,0.0,1.0,False,normal,-0.0389592012459815,4,沪深300;纳指;黄金;国债ETF,沪深300;纳指;黄金;国债ETF,
2017-08-30,1565986.1709621153,1565986.1709621153,0.0,1.0,False,normal,-0.04107179143268853,4,沪深300;创业板;纳指;黄金,沪深300;创业板;纳指;黄金,
2017-08-31,1570178.7757186242,1570178.7757186242,0.0,1.0,False,normal,-0.03850445907500886,4,沪深300;创业板;纳指;黄金,沪深300;创业板;纳指;黄金,
2017-09-01,1578318.8312905622,1578318.8312905622,0.0,1.0,False,normal,-0.03351991383956716,5,沪深300;创业板;纳指;黄金;国债ETF,沪深300;创业板;纳指;黄金;国债ETF,
2017-09-04,1583538.8306235217,1583538.830623522,-2.3283064365386963e-10,1.0,False,normal,-0.030323458658866497,5,沪深300;创业板;纳指;黄金;国债ETF,沪深300;创业板;纳指;黄金;国债ETF,
2017-09-05,1583863.2971375247,1583863.297137525,-2.3283064365386963e-10,1.0,False,normal,-0.0301247722982955,5,沪深300;创业板;纳指;黄金;国债ETF,沪深300;创业板;纳指;黄金;国债ETF,
2017-09-06,1584278.1625573493,1584278.1625573493,0.0,1.0,False,normal,-0.029870730365355237,4,沪深300;创业板;黄金;国债ETF,沪深300;创业板;黄金;国债ETF,
2017-09-07,1578615.0074768974,1578615.0074768974,0.0,1.0,False,normal,-0.033338550999301275,4,沪深300;创业板;黄金;国债ETF,沪深300;创业板;黄金;国债ETF,
2017-09-08,1577756.2915487667,1577756.2915487667,0.0,1.0,False,normal,-0.03386438382075254,4,沪深300;创业板;黄金;国债ETF,沪深300;创业板;黄金;国债ETF,
2017-09-11,1580114.9827552736,1580114.9827552736,0.0,1.0,False,normal,-0.03242004441651021,4,沪深300;创业板;黄金;国债ETF,沪深300;创业板;黄金;国债ETF,
2017-09-12,1576279.3335657553,1576279.3335657553,0.0,1.0,False,normal,-0.034768795813042444,4,沪深300;创业板;黄金;国债ETF,沪深300;创业板;黄金;国债ETF,
2017-09-13,1577673.0762642513,1577673.0762642513,0.0,1.0,False,normal,-0.03391534051831823,4,沪深300;创业板;黄金;国债ETF,沪深300;创业板;黄金;国债ETF,
2017-09-14,1573697.0371340367,1573697.0371340367,0.0,1.0,False,normal,-0.03635005938814563,4,沪深300;创业板;黄金;国债ETF,沪深300;创业板;黄金;国债ETF,
2017-09-15,1574830.0575129297,1574830.0575129297,0.0,1.0,False,normal,-0.03565625683589537,4,沪深300;创业板;黄金;国债ETF,沪深300;创业板;黄金;国债ETF,
2017-09-18,1578702.7367786944,1578702.7367786944,0.0,1.0,False,normal,-0.033284830153120774,4,沪深300;创业板;黄金;国债ETF,沪深300;创业板;黄金;国债ETF,
2017-09-19,1572418.8015400772,1572418.8015400772,0.0,1.0,False,normal,-0.03713278415990364,4,沪深300;创业板;黄金;国债ETF,沪深300;创业板;黄金;国债ETF,
2017-09-20,1576629.0665492313,1576629.0665492313,0.0,1.0,False,normal,-0.034554637585121756,4,沪深300;创业板;黄金;国债ETF,沪深300;创业板;黄金;国债ETF,
2017-09-21,1567859.2774737936,1567859.2774737936,0.0,1.0,False,normal,-0.03992479875484392,3,沪深300;创业板;国债ETF,沪深300;创业板;国债ETF,
2017-09-22,1564484.097021598,1564484.097021598,0.0,1.0,False,normal,-0.041991583126654144,3,沪深300;创业板;国债ETF,沪深300;创业板;国债ETF,
2017-09-25,1555842.075178007,1555842.075178007,0.0,1.0,False,normal,-0.047283506311252166,3,沪深300;创业板;国债ETF,沪深300;创业板;国债ETF,
2017-09-26,1555023.1949394625,1555023.1949394625,0.0,1.0,False,normal,-0.047784945835265415,4,沪深300;创业板;黄金;国债ETF,沪深300;创业板;黄金;国债ETF,
2017-09-27,1554124.3128330377,1554124.3128330377,0.0,1.0,False,normal,-0.04833537432819237,4,沪深300;创业板;黄金;国债ETF,沪深300;创业板;黄金;国债ETF,
2017-09-28,1553428.3364509956,1553428.3364509956,0.0,1.0,False,normal,-0.0487615539443423,3,沪深300;创业板;国债ETF,沪深300;创业板;国债ETF,
2017-09-29,1560567.0346453148,1560567.0346453148,0.0,1.0,False,normal,-0.04439018771013386,4,沪深300;创业板;黄金;国债ETF,沪深300;创业板;黄金;国债ETF,
2017-10-09,1567129.3317434432,1567129.3317434434,-2.3283064365386963e-10,1.0,False,normal,-0.040371779427174036,5,沪深300;创业板;纳指;黄金;国债ETF,沪深300;创业板;纳指;黄金;国债ETF,
2017-10-10,1572452.9881632326,1572452.9881632326,0.0,1.0,False,normal,-0.037111850055945875,5,沪深300;创业板;纳指;黄金;国债ETF,沪深300;创业板;纳指;黄金;国债ETF,
2017-10-11,1571938.2804943405,1571938.2804943405,0.0,1.0,False,normal,-0.03742703017184902,4,沪深300;创业板;纳指;国债ETF,沪深300;创业板;纳指;国债ETF,
2017-10-12,1573435.148491922,1573435.1484919218,2.3283064365386963e-10,1.0,False,normal,-0.03651042632566001,3,沪深300;创业板;纳指,沪深300;创业板;纳指,
2017-10-13,1582389.4274959555,1582389.4274959553,2.3283064365386963e-10,1.0,False,normal,-0.03102729315145436,3,沪深300;创业板;纳指,沪深300;创业板;纳指,
2017-10-16,1570433.8418123226,1570433.8418123226,0.0,1.0,False,normal,-0.03834826991010316,4,沪深300;创业板;纳指;黄金,沪深300;创业板;纳指;黄金,
2017-10-17,1568051.860859443,1568051.860859443,0.0,1.0,False,normal,-0.039806870739625806,4,沪深300;创业板;纳指;黄金,沪深300;创业板;纳指;黄金,
2017-10-18,1567250.3777593323,1567250.3777593323,0.0,1.0,False,normal,-0.04029765716394902,3,沪深300;创业板;纳指,沪深300;创业板;纳指,
2017-10-19,1565916.9825714738,1565916.9825714738,0.0,1.0,False,normal,-0.04111415879245309,3,沪深300;创业板;纳指,沪深300;创业板;纳指,
2017-10-20,1571242.3234470468,1571242.3234470468,0.0,1.0,False,normal,-0.037853197948408045,3,沪深300;创业板;纳指,沪深300;创业板;纳指,
2017-10-23,1577557.1072865436,1577557.1072865436,0.0,1.0,False,normal,-0.03398635386831115,3,沪深300;创业板;纳指,沪深300;创业板;纳指,
2017-10-24,1580502.4437397372,1580502.4437397372,0.0,1.0,False,normal,-0.03218278352965761,3,沪深300;创业板;纳指,沪深300;创业板;纳指,
2017-10-25,1584944.6922886074,1584944.6922886074,0.0,1.0,False,normal,-0.029462582341442962,3,沪深300;创业板;纳指,沪深300;创业板;纳指,
2017-10-26,1587707.1736655794,1587707.1736655794,0.0,1.0,False,normal,-0.027770982908995323,3,沪深300;创业板;纳指,沪深300;创业板;纳指,
2017-10-27,1586931.0920964614,1586931.0920964614,0.0,1.0,False,normal,-0.0282462147613425,3,沪深300;创业板;纳指,沪深300;创业板;纳指,
2017-10-30,1584435.7111020638,1584435.7111020635,2.3283064365386963e-10,1.0,False,normal,-0.029774255858397998,3,沪深300;创业板;纳指,沪深300;创业板;纳指,
2017-10-31,1587714.9922823824,1587714.9922823822,2.3283064365386963e-10,1.0,False,normal,-0.02776619519608736,3,沪深300;创业板;纳指,沪深300;创业板;纳指,
2017-11-01,1587377.2405891153,1587377.2405891153,0.0,1.0,False,normal,-0.02797301670713956,3,沪深300;创业板;纳指,沪深300;创业板;纳指,
2017-11-02,1579416.8959065774,1579416.8959065774,0.0,1.0,False,normal,-0.032847516372302384,2,沪深300;纳指,沪深300;纳指,
2017-11-03,1578363.4059635082,1578363.4059635082,0.0,1.0,False,normal,-0.03349261863602821,2,沪深300;纳指,沪深300;纳指,
2017-11-06,1587923.9950090996,1587923.9950090996,0.0,1.0,False,normal,-0.027638212833258808,2,沪深300;纳指,沪深300;纳指,
2017-11-07,1597523.9517089196,1597523.9517089196,0.0,1.0,False,normal,-0.021759700333479612,2,沪深300;纳指,沪深300;纳指,
2017-11-08,1597237.3434261617,0.0,1597237.3434261617,0.0,True,normal,-0.02193520428890519,0,,沪深300;纳指,
2017-11-09,1597237.3434261617,0.0,1597237.3434261617,0.0,True,normal,-0.02193520428890519,0,,沪深300;纳指,
2017-11-10,1597237.3434261617,0.0,1597237.3434261617,0.0,True,normal,-0.02193520428890519,0,,沪深300;纳指,
2017-11-13,1597237.3434261617,0.0,1597237.3434261617,0.0,True,normal,-0.02193520428890519,0,,沪深300;创业板;纳指,
2017-11-14,1597237.3434261617,0.0,1597237.3434261617,0.0,True,normal,-0.02193520428890519,0,,沪深300;纳指,
2017-11-15,1597237.3434261617,0.0,1597237.3434261617,0.0,True,normal,-0.02193520428890519,0,,沪深300;纳指,
2017-11-16,1597237.3434261617,0.0,1597237.3434261617,0.0,True,normal,-0.02193520428890519,0,,沪深300;纳指,
2017-11-17,1597237.3434261617,0.0,1597237.3434261617,0.0,True,normal,-0.02193520428890519,0,,沪深300;纳指,
2017-11-20,1597237.3434261617,0.0,1597237.3434261617,0.0,True,normal,-0.02193520428890519,0,,沪深300;纳指,
2017-11-21,1597237.3434261617,0.0,1597237.3434261617,0.0,True,normal,-0.02193520428890519,0,,沪深300;纳指,
2017-11-22,1597237.3434261617,0.0,1597237.3434261617,0.0,True,normal,-0.02193520428890519,0,,沪深300;纳指,
2017-11-23,1597237.3434261617,0.0,1597237.3434261617,0.0,True,normal,-0.02193520428890519,0,,沪深300;纳指,
2017-11-24,1597237.3434261617,0.0,1597237.3434261617,0.0,True,normal,-0.02193520428890519,0,,沪深300;纳指,
2017-11-27,1597237.3434261617,0.0,1597237.3434261617,0.0,True,normal,-0.02193520428890519,0,,沪深300;纳指,
2017-11-28,1597237.3434261617,0.0,1597237.3434261617,0.0,True,normal,-0.02193520428890519,0,,沪深300;纳指,
2017-11-29,1597237.3434261617,0.0,1597237.3434261617,0.0,True,normal,-0.02193520428890519,0,,沪深300;纳指;黄金,
2017-11-30,1597237.3434261617,0.0,1597237.3434261617,0.0,True,normal,-0.02193520428890519,0,,沪深300;纳指,
2017-12-01,1597237.3434261617,0.0,1597237.3434261617,0.0,True,normal,-0.02193520428890519,0,,沪深300;纳指,
2017-12-04,1597237.3434261617,0.0,1597237.3434261617,0.0,True,normal,-0.02193520428890519,0,,沪深300;纳指,
2017-12-05,1597237.3434261617,0.0,1597237.3434261617,0.0,True,normal,-0.02193520428890519,0,,沪深300;纳指,
2017-12-06,1597237.3434261617,0.0,1597237.3434261617,0.0,True,normal,-0.02193520428890519,0,,沪深300;纳指,
2017-12-07,1597237.3434261617,0.0,1597237.3434261617,0.0,True,normal,-0.02193520428890519,0,,沪深300;纳指,
2017-12-08,1597237.3434261617,0.0,1597237.3434261617,0.0,True,normal,-0.02193520428890519,0,,沪深300;纳指,
2017-12-11,1597237.3434261617,0.0,1597237.3434261617,0.0,True,normal,-0.02193520428890519,0,,沪深300;纳指,
2017-12-12,1597237.3434261617,0.0,1597237.3434261617,0.0,True,normal,-0.02193520428890519,0,,沪深300;纳指,
2017-12-13,1597237.3434261617,0.0,1597237.3434261617,0.0,True,normal,-0.02193520428890519,0,,沪深300;纳指,
2017-12-14,1597237.3434261617,0.0,1597237.3434261617,0.0,True,normal,-0.02193520428890519,0,,沪深300;纳指,
2017-12-15,1597237.3434261617,0.0,1597237.3434261617,0.0,True,normal,-0.02193520428890519,0,,沪深300;纳指,
2017-12-18,1597237.3434261617,0.0,1597237.3434261617,0.0,True,normal,-0.02193520428890519,0,,沪深300;纳指,
2017-12-19,1597237.3434261617,0.0,1597237.3434261617,0.0,True,normal,-0.02193520428890519,0,,沪深300;纳指,
2017-12-20,1597237.3434261617,0.0,1597237.3434261617,0.0,True,normal,-0.02193520428890519,0,,沪深300;纳指;国债ETF,
2017-12-21,1597237.3434261617,0.0,1597237.3434261617,0.0,True,normal,-0.02193520428890519,0,,沪深300;纳指;国债ETF,
2017-12-22,1597237.3434261617,0.0,1597237.3434261617,0.0,True,normal,-0.02193520428890519,0,,沪深300;纳指;国债ETF,
2017-12-25,1597237.3434261617,0.0,1597237.3434261617,0.0,True,normal,-0.02193520428890519,0,,沪深300;纳指;国债ETF,
2017-12-26,1597237.3434261617,0.0,1597237.3434261617,0.0,True,normal,-0.02193520428890519,0,,沪深300;纳指;国债ETF,
2017-12-27,1597237.3434261617,0.0,1597237.3434261617,0.0,True,normal,-0.02193520428890519,0,,纳指;国债ETF,
2017-12-28,1597237.3434261617,0.0,1597237.3434261617,0.0,True,normal,-0.02193520428890519,0,,沪深300;纳指;国债ETF,
2017-12-29,1597237.3434261617,0.0,1597237.3434261617,0.0,True,normal,-0.02193520428890519,0,,纳指;黄金;国债ETF,
2018-01-02,1597237.3434261617,0.0,1597237.3434261617,0.0,True,normal,-0.02193520428890519,0,,沪深300;纳指;黄金;国债ETF,
2018-01-03,1597237.3434261617,0.0,1597237.3434261617,0.0,True,normal,-0.02193520428890519,0,,沪深300;纳指;黄金;国债ETF,
2018-01-04,1597237.3434261617,0.0,1597237.3434261617,0.0,True,normal,-0.02193520428890519,0,,沪深300;纳指;国债ETF,
2018-01-05,1597237.3434261617,0.0,1597237.3434261617,0.0,True,normal,-0.02193520428890519,0,,沪深300;纳指;国债ETF,
2018-01-08,1597237.3434261617,0.0,1597237.3434261617,0.0,True,normal,-0.02193520428890519,0,,沪深300;纳指;黄金;国债ETF,
2018-01-09,1597237.3434261617,0.0,1597237.3434261617,0.0,True,normal,-0.02193520428890519,0,,沪深300;纳指;黄金;国债ETF,
2018-01-10,1597237.3434261617,0.0,1597237.3434261617,0.0,True,normal,-0.02193520428890519,0,,沪深300;纳指;黄金;国债ETF,
2018-01-11,1597237.3434261617,0.0,1597237.3434261617,0.0,True,normal,-0.02193520428890519,0,,沪深300;纳指;黄金;国债ETF,
2018-01-12,1597237.3434261617,0.0,1597237.3434261617,0.0,True,normal,-0.02193520428890519,0,,沪深300;纳指;黄金;国债ETF,
2018-01-15,1597237.3434261617,0.0,1597237.3434261617,0.0,True,normal,-0.02193520428890519,0,,沪深300;纳指;黄金;国债ETF,
2018-01-16,1597237.3434261617,0.0,1597237.3434261617,0.0,True,normal,-0.02193520428890519,0,,沪深300;纳指;黄金;国债ETF,
2018-01-17,1597237.3434261617,0.0,1597237.3434261617,0.0,True,normal,-0.02193520428890519,0,,沪深300;纳指;黄金;国债ETF,
2018-01-18,1597237.3434261617,0.0,1597237.3434261617,0.0,True,normal,-0.02193520428890519,0,,沪深300;纳指;黄金;国债ETF,
2018-01-19,1597237.3434261617,0.0,1597237.3434261617,0.0,True,normal,-0.02193520428890519,0,,沪深300;纳指;黄金;国债ETF,
2018-01-22,1597237.3434261617,0.0,1597237.3434261617,0.0,True,normal,-0.02193520428890519,0,,沪深300;创业板;纳指;黄金;国债ETF,
2018-01-23,1597237.3434261617,0.0,1597237.3434261617,0.0,True,normal,-0.02193520428890519,0,,沪深300;纳指;黄金;国债ETF,
2018-01-24,1597237.3434261617,0.0,1597237.3434261617,0.0,True,normal,-0.02193520428890519,0,,沪深300;创业板;纳指;黄金;国债ETF,
2018-01-25,1597237.3434261617,0.0,1597237.3434261617,0.0,True,normal,-0.02193520428890519,0,,沪深300;创业板;纳指;黄金;国债ETF,
2018-01-26,1597237.3434261617,0.0,1597237.3434261617,0.0,True,normal,-0.02193520428890519,0,,沪深300;创业板;纳指;黄金;国债ETF,
2018-01-29,1597237.3434261617,0.0,1597237.3434261617,0.0,True,normal,-0.02193520428890519,0,,沪深300;创业板;纳指;黄金;国债ETF,
2018-01-30,1597237.3434261617,0.0,1597237.3434261617,0.0,True,normal,-0.02193520428890519,0,,沪深300;创业板;纳指;黄金;国债ETF,
2018-01-31,1597237.3434261617,0.0,1597237.3434261617,0.0,True,normal,-0.02193520428890519,0,,沪深300;纳指;黄金;国债ETF,
2018-02-01,1597237.3434261617,0.0,1597237.3434261617,0.0,True,normal,-0.02193520428890519,0,,沪深300;纳指;黄金;国债ETF,
2018-02-02,1597237.3434261617,0.0,1597237.3434261617,0.0,True,normal,-0.02193520428890519,0,,沪深300;纳指;黄金;国债ETF,
2018-02-05,1597237.3434261617,0.0,1597237.3434261617,0.0,True,normal,-0.02193520428890519,0,,沪深300;纳指;黄金;国债ETF,
2018-02-06,1597237.3434261617,0.0,1597237.3434261617,0.0,True,normal,-0.02193520428890519,0,,沪深300;黄金;国债ETF,
2018-02-07,1597237.3434261617,0.0,1597237.3434261617,0.0,True,normal,-0.02193520428890519,0,,黄金;国债ETF,
2018-02-08,1597237.3434261617,0.0,1597237.3434261617,0.0,True,normal,-0.02193520428890519,0,,黄金;国债ETF,
2018-02-09,1597237.3434261617,0.0,1597237.3434261617,0.0,True,normal,-0.02193520428890519,0,,黄金;国债ETF,
2018-02-12,1597237.3434261617,0.0,1597237.3434261617,0.0,True,normal,-0.02193520428890519,0,,黄金;国债ETF,
2018-02-13,1597237.3434261617,0.0,1597237.3434261617,0.0,True,normal,-0.02193520428890519,0,,黄金;国债ETF,
2018-02-14,1597237.3434261617,1597237.3434261617,0.0,1.0,False,normal,-0.02193520428890519,2,黄金;国债ETF,黄金;国债ETF,
2018-02-22,1588540.3237410593,1588540.3237410593,0.0,1.0,False,normal,-0.02726080528152829,2,黄金;国债ETF,黄金;国债ETF,
2018-02-23,1590595.179091336,1590595.179091336,0.0,1.0,False,normal,-0.0260025190996681,2,黄金;国债ETF,黄金;国债ETF,
2018-02-26,1595318.3307114737,1595318.3307114737,0.0,0.8416350502280432,False,normal,-0.023110307529812513,4,沪深300;纳指;黄金;国债ETF,沪深300;纳指;黄金;国债ETF,
2018-02-27,1592722.6477160342,1592722.6477160342,0.0,1.0,False,normal,-0.02469976833794736,3,纳指;黄金;国债ETF,纳指;黄金;国债ETF,
2018-02-28,1581757.1964565231,1581757.1964565231,0.0,0.7454418556504079,False,normal,-0.03141443844640357,4,创业板;纳指;黄金;国债ETF,创业板;纳指;黄金;国债ETF,
2018-03-01,1591192.7947962224,1591192.7947962221,2.3283064365386963e-10,0.5599992378280958,False,normal,-0.025636570429159528,3,创业板;纳指;国债ETF,创业板;纳指;国债ETF,
2018-03-02,1577783.4265498444,1577783.4265498444,0.0,0.5647329018054399,False,normal,-0.033847767762159246,3,创业板;纳指;国债ETF,创业板;纳指;国债ETF,
2018-03-05,1587992.4123961367,1587992.4123961364,2.3283064365386963e-10,0.578034367655767,False,normal,-0.027596317595865998,3,创业板;纳指;国债ETF,创业板;纳指;国债ETF,
2018-03-06,1595952.8589334365,1595952.8589334362,2.3283064365386963e-10,0.5939607777349053,False,normal,-0.022721755560162423,3,创业板;纳指;国债ETF,创业板;纳指;国债ETF,
2018-03-07,1588015.5671556296,1588015.5671556296,0.0,0.7766787313858143,False,normal,-0.027582138829506428,2,纳指;国债ETF,纳指;国债ETF,
2018-03-08,1594509.262001737,1594509.262001737,0.0,0.7967241780140231,False,normal,-0.023605738985608197,2,纳指;国债ETF,纳指;国债ETF,
2018-03-09,1599613.792610527,1599613.792610527,0.0,0.6074479031676522,False,normal,-0.02047999082573992,3,创业板;纳指;国债ETF,创业板;纳指;国债ETF,
2018-03-12,1617477.7699040056,1617477.7699040053,2.3283064365386963e-10,0.6126935842043914,False,normal,-0.009541023380454006,3,创业板;纳指;国债ETF,创业板;纳指;国债ETF,
2018-03-13,1614297.7465508594,1614297.7465508594,0.0,0.6282919391071574,False,normal,-0.011488303729271615,3,创业板;纳指;国债ETF,创业板;纳指;国债ETF,
2018-03-14,1599324.9680482806,1599324.9680482806,0.0,0.6233672172563239,False,normal,-0.020656851915065545,3,创业板;纳指;国债ETF,创业板;纳指;国债ETF,
2018-03-15,1599475.352363828,1599475.3523638279,2.3283064365386963e-10,0.6425307456570052,False,normal,-0.020564764408177783,3,创业板;纳指;国债ETF,创业板;纳指;国债ETF,
2018-03-16,1591919.1627383016,1591919.1627383013,2.3283064365386963e-10,0.6547504463929918,False,normal,-0.025191780607656318,3,创业板;纳指;国债ETF,创业板;纳指;国债ETF,
2018-03-19,1597146.13458385,1597146.13458385,0.0,0.6743290605673646,False,normal,-0.02199105582411369,3,创业板;纳指;国债ETF,创业板;纳指;国债ETF,
2018-03-20,1595267.941022609,1595267.941022609,0.0,0.7472572944667192,False,normal,-0.02314116354563781,2,创业板;国债ETF,创业板;国债ETF,
2018-03-21,1577154.290195989,1577154.290195989,0.0,0.7206080521850873,False,normal,-0.0342330180331604,2,创业板;国债ETF,创业板;国债ETF,
2018-03-22,1573035.1295683077,1573035.1295683077,0.0,0.7398850799304683,False,normal,-0.03675537703910017,2,创业板;国债ETF,创业板;国债ETF,
2018-03-23,1533670.378686857,1533670.378686857,0.0,1.0,False,normal,-0.06086029619062519,1,国债ETF,国债ETF,
2018-03-26,1539843.7299635164,1539843.7299635164,0.0,0.5750118080419357,False,normal,-0.05708005803121239,2,创业板;国债ETF,创业板;国债ETF,
2018-03-27,1568665.9725141232,1568665.9725141232,0.0,0.5491896317046021,False,normal,-0.03943082081032087,2,创业板;国债ETF,创业板;国债ETF,
2018-03-28,1564696.4221224955,1564696.4221224955,0.0,0.5646431885036025,False,normal,-0.04186156631525887,2,创业板;国债ETF,创业板;国债ETF,
2018-03-29,1566805.087835018,1566805.087835018,0.0,0.5823672842274928,False,normal,-0.04057032947570602,2,创业板;国债ETF,创业板;国债ETF,
2018-03-30,1591670.2309192074,1591670.2309192074,0.0,0.5701337521502009,False,normal,-0.025344213462917525,2,创业板;国债ETF,创业板;国债ETF,
2018-04-02,1590201.2106478275,1590201.2106478275,0.0,0.5869120464180216,False,normal,-0.026243764814841652,2,创业板;国债ETF,创业板;国债ETF,
2018-04-03,1580329.583266846,1580329.583266846,0.0,0.5955834944782351,False,normal,-0.03228863426236227,2,创业板;国债ETF,创业板;国债ETF,
2018-04-04,1566194.3009696826,1566194.3009696826,0.0,0.5976407405698878,False,normal,-0.040944343477523605,2,创业板;国债ETF,创业板;国债ETF,
2018-04-09,1569566.308847262,1569566.308847262,0.0,0.6160307307669358,False,normal,-0.03887950182484446,2,创业板;国债ETF,创业板;国债ETF,
2018-04-10,1567405.8348458395,1567405.8348458395,0.0,1.0,False,normal,-0.04020246335685308,3,创业板;黄金;国债ETF,创业板;黄金;国债ETF,
2018-04-11,1569637.0928639267,1569637.0928639267,0.0,0.5964448113673292,False,normal,-0.038836157386972645,3,创业板;纳指;国债ETF,创业板;纳指;国债ETF,
2018-04-12,1566279.5110050375,1566279.5110050375,0.0,0.8516879411576573,False,normal,-0.04089216529864188,4,创业板;纳指;黄金;国债ETF,创业板;纳指;黄金;国债ETF,
2018-04-13,1568117.1441112882,1568117.1441112882,0.0,1.0,False,normal,-0.039766894683066524,4,创业板;纳指;黄金;国债ETF,创业板;纳指;黄金;国债ETF,
2018-04-16,1571718.8561532875,1571718.8561532875,0.0,1.0,False,normal,-0.03756139418743464,4,创业板;纳指;黄金;国债ETF,创业板;纳指;黄金;国债ETF,
2018-04-17,1563422.584274488,1563422.584274488,0.0,1.0,False,normal,-0.042641598136896566,4,创业板;纳指;黄金;国债ETF,创业板;纳指;黄金;国债ETF,
2018-04-18,1579878.0819877912,1579878.0819877912,0.0,1.0,False,normal,-0.03256511008361664,4,创业板;纳指;黄金;国债ETF,创业板;纳指;黄金;国债ETF,
2018-04-19,1579746.252614894,1579746.252614894,0.0,1.0,False,normal,-0.03264583551193334,4,创业板;纳指;黄金;国债ETF,创业板;纳指;黄金;国债ETF,
2018-04-20,1568066.9711102522,1568066.9711102522,0.0,1.0,False,normal,-0.03979761801057355,4,创业板;纳指;黄金;国债ETF,创业板;纳指;黄金;国债ETF,
2018-04-23,1552838.3959974286,1552838.3959974286,0.0,0.6711800003387861,False,normal,-0.049122802691483475,2,创业板;国债ETF,创业板;国债ETF,
2018-04-24,1578281.0521026677,1578281.0521026677,0.0,0.6330332462733059,False,normal,-0.03354304784268959,2,创业板;国债ETF,创业板;国债ETF,
2018-04-25,1583556.2096332237,1583556.2096332237,0.0,0.6509902963486949,False,normal,-0.030312816660265716,2,创业板;国债ETF,创业板;国债ETF,
2018-04-26,1567626.5735773607,1567626.5735773607,0.0,1.0,False,normal,-0.04006729447713751,3,创业板;黄金;国债ETF,创业板;黄金;国债ETF,
2018-04-27,1573998.1428552666,1573998.1428552666,0.0,1.0,False,normal,-0.036165677957962904,3,创业板;黄金;国债ETF,创业板;黄金;国债ETF,
2018-05-02,1570202.5458346333,1570202.5458346333,0.0,0.6748130925526429,False,normal,-0.03848990349643182,2,创业板;国债ETF,创业板;国债ETF,
2018-05-03,1582811.2427346078,1582811.2427346078,0.0,0.6816146962840776,False,normal,-0.030768995512147165,2,创业板;国债ETF,创业板;国债ETF,
2018-05-04,1575497.9807518849,1575497.9807518849,0.0,0.6964226267459847,False,normal,-0.035247255500590935,2,创业板;国债ETF,创业板;国债ETF,
2018-05-07,1592529.944347465,1592529.944347465,0.0,0.6912371837535309,False,normal,-0.02481776982444419,2,创业板;国债ETF,创业板;国债ETF,
2018-05-08,1593641.9801887604,1593641.9801887604,0.0,0.7129474424815354,False,normal,-0.024136817107919893,2,创业板;国债ETF,创业板;国债ETF,
2018-05-09,1590438.9673332428,1590438.9673332428,0.0,1.0,False,normal,-0.02609817502826001,1,国债ETF,国债ETF,
2018-05-10,1590495.765175068,1590495.765175068,0.0,1.0,False,normal,-0.026063394993977487,1,国债ETF,国债ETF,
2018-05-11,1591518.1263279244,1591518.1263279244,0.0,1.0,False,normal,-0.025437354376891416,1,国债ETF,国债ETF,
2018-05-14,1591603.3230906625,1591603.3230906625,0.0,1.0,False,normal,-0.025385184325467564,1,国债ETF,国债ETF,
2018-05-15,1591276.7355001667,1591276.7355001667,0.0,0.7794622460583152,False,normal,-0.025585169522592304,2,创业板;国债ETF,创业板;国债ETF,
2018-05-16,1586441.7626110113,1586441.7626110113,0.0,0.7988000641172118,False,normal,-0.028545854602091296,2,创业板;国债ETF,创业板;国债ETF,
2018-05-17,1578864.3733854191,1578864.3733854191,0.0,1.0,False,normal,-0.033185852330328,1,国债ETF,国债ETF,
2018-05-18,1578906.6477876196,1578906.6477876196,0.0,1.0,False,normal,-0.033159965692551724,2,纳指;国债ETF,纳指;国债ETF,
2018-05-21,1584492.19286404,1584492.19286404,0.0,0.8519304849099,False,normal,-0.029739669374920157,3,创业板;纳指;国债ETF,创业板;纳指;国债ETF,
2018-05-22,1586831.739417581,1586831.7394175807,2.3283064365386963e-10,1.0,False,normal,-0.028307053157071608,3,创业板;纳指;国债ETF,创业板;纳指;国债ETF,
2018-05-23,1575712.1642015022,1575712.1642015022,0.0,1.0,False,normal,-0.03511610073341943,3,创业板;纳指;国债ETF,创业板;纳指;国债ETF,
2018-05-24,1579397.4046642736,1579397.4046642736,0.0,1.0,False,normal,-0.03285945179191953,3,创业板;纳指;国债ETF,创业板;纳指;国债ETF,
2018-05-25,1571533.3515736517,1571533.3515736517,0.0,1.0,False,normal,-0.0376749875112645,2,纳指;国债ETF,纳指;国债ETF,
2018-05-28,1573631.828474571,1573631.828474571,0.0,1.0,False,normal,-0.036389989768224315,3,沪深300;纳指;国债ETF,沪深300;纳指;国债ETF,
2018-05-29,1567614.384756309,1567614.384756309,0.0,1.0,False,normal,-0.04007475827506397,2,纳指;国债ETF,纳指;国债ETF,
2018-05-30,1562005.9665618204,1562005.9665618204,0.0,1.0,False,normal,-0.043509060896544396,2,纳指;国债ETF,纳指;国债ETF,
2018-05-31,1572522.8936769757,1572522.8936769757,0.0,1.0,False,normal,-0.0370690435674176,2,纳指;国债ETF,纳指;国债ETF,
2018-06-01,1569792.1142066903,1569792.1142066903,0.0,1.0,False,normal,-0.03874123040660555,2,纳指;国债ETF,纳指;国债ETF,
2018-06-04,1584796.9369804112,1584796.9369804112,0.0,1.0,False,normal,-0.029553059981426096,2,纳指;国债ETF,纳指;国债ETF,
2018-06-05,1593928.5180435283,1593928.5180435283,0.0,1.0,False,normal,-0.023961356278920067,2,纳指;国债ETF,纳指;国债ETF,
2018-06-06,1595859.6318286387,1595859.6318286387,0.0,1.0,False,normal,-0.022778842973992314,2,纳指;国债ETF,纳指;国债ETF,
2018-06-07,1601918.0340414392,1601918.0340414392,0.0,1.0,False,normal,-0.019068993622556676,2,纳指;国债ETF,纳指;国债ETF,
2018-06-08,1590845.424300877,1590845.424300877,0.0,1.0,False,normal,-0.025849281992637828,2,纳指;国债ETF,纳指;国债ETF,
2018-06-11,1600253.269577964,1600253.269577964,0.0,1.0,False,normal,-0.020088408502616575,2,纳指;国债ETF,纳指;国债ETF,
2018-06-12,1601381.0279097655,1601381.0279097655,0.0,0.7063778879466048,False,normal,-0.019397828153400038,2,沪深300;纳指,沪深300;纳指,
2018-06-13,1597507.8861319132,1597507.886131913,2.3283064365386963e-10,1.0,False,normal,-0.0217695380544404,3,沪深300;纳指;国债ETF,沪深300;纳指;国债ETF,
2018-06-14,1592865.1989497447,1592865.1989497447,0.0,0.7384745225948741,False,normal,-0.024612477401599515,2,沪深300;纳指,沪深300;纳指,
2018-06-15,1603372.9635669566,1603372.9635669566,0.0,0.6494072042615358,False,normal,-0.01817807070805935,1,纳指,纳指,
2018-06-19,1583914.5538149304,1583914.5538149304,0.0,1.0,False,normal,-0.03009338538393243,2,纳指;国债ETF,纳指;国债ETF,
2018-06-20,1588997.7917558942,1588997.7917558942,0.0,1.0,False,normal,-0.026980675742662073,2,纳指;国债ETF,纳指;国债ETF,
2018-06-21,1603744.2899316112,1603744.2899316112,0.0,1.0,False,normal,-0.017950689820376755,2,纳指;国债ETF,纳指;国债ETF,
2018-06-22,1598844.9237501263,1598844.9237501263,0.0,1.0,False,normal,-0.020950805991670984,2,纳指;国债ETF,纳指;国债ETF,
2018-06-25,1594420.8799402183,1594420.8799402183,0.0,1.0,False,normal,-0.023659859547777384,2,纳指;国债ETF,纳指;国债ETF,
2018-06-26,1581813.27543408,1581813.27543408,0.0,1.0,False,normal,-0.03138009860708437,2,纳指;国债ETF,纳指;国债ETF,
2018-06-27,1575556.761765778,1575556.761765778,0.0,1.0,False,normal,-0.03521126107522781,2,纳指;国债ETF,纳指;国债ETF,
2018-06-28,1567850.8661123505,1567850.8661123505,0.0,0.5969117767317058,False,normal,-0.03992994943363651,1,纳指,纳指,
2018-06-29,1602532.0413644183,0.0,1602532.0413644183,0.0,True,normal,-0.018693007580540818,0,,纳指;国债ETF,
2018-07-02,1602532.0413644183,0.0,1602532.0413644183,0.0,True,normal,-0.018693007580540818,0,,纳指;国债ETF,
2018-07-03,1602532.0413644183,0.0,1602532.0413644183,0.0,True,normal,-0.018693007580540818,0,,纳指;国债ETF,
2018-07-04,1602532.0413644183,0.0,1602532.0413644183,0.0,True,normal,-0.018693007580540818,0,,纳指;国债ETF,
2018-07-05,1602532.0413644183,0.0,1602532.0413644183,0.0,True,normal,-0.018693007580540818,0,,纳指;国债ETF,
2018-07-06,1602532.0413644183,0.0,1602532.0413644183,0.0,True,normal,-0.018693007580540818,0,,纳指;国债ETF,
2018-07-09,1602532.0413644183,0.0,1602532.0413644183,0.0,True,normal,-0.018693007580540818,0,,纳指;国债ETF,
2018-07-10,1602532.0413644183,0.0,1602532.0413644183,0.0,True,normal,-0.018693007580540818,0,,纳指;国债ETF,
2018-07-11,1602532.0413644183,0.0,1602532.0413644183,0.0,True,normal,-0.018693007580540818,0,,纳指;黄金;国债ETF,
2018-07-12,1602532.0413644183,0.0,1602532.0413644183,0.0,True,normal,-0.018693007580540818,0,,纳指;黄金;国债ETF,
2018-07-13,1602532.0413644183,0.0,1602532.0413644183,0.0,True,normal,-0.018693007580540818,0,,纳指;黄金;国债ETF,
2018-07-16,1602532.0413644183,0.0,1602532.0413644183,0.0,True,normal,-0.018693007580540818,0,,纳指;黄金;国债ETF,
2018-07-17,1602532.0413644183,0.0,1602532.0413644183,0.0,True,normal,-0.018693007580540818,0,,纳指;黄金;国债ETF,
2018-07-18,1602532.0413644183,0.0,1602532.0413644183,0.0,True,normal,-0.018693007580540818,0,,纳指;国债ETF,
2018-07-19,1602532.0413644183,0.0,1602532.0413644183,0.0,True,normal,-0.018693007580540818,0,,纳指;国债ETF,
2018-07-20,1602532.0413644183,0.0,1602532.0413644183,0.0,True,normal,-0.018693007580540818,0,,纳指;国债ETF,
2018-07-23,1602532.0413644183,0.0,1602532.0413644183,0.0,True,normal,-0.018693007580540818,0,,纳指;黄金;国债ETF,
2018-07-24,1602532.0413644183,0.0,1602532.0413644183,0.0,True,normal,-0.018693007580540818,0,,纳指;国债ETF,
2018-07-25,1602532.0413644183,1602532.0413644183,0.0,1.0,False,normal,-0.018693007580540818,2,纳指;国债ETF,纳指;国债ETF,
2018-07-26,1605655.4289681292,1605655.4289681292,0.0,1.0,False,normal,-0.016780408009085042,2,纳指;国债ETF,纳指;国债ETF,
2018-07-27,1605049.4614361078,1605049.4614361078,0.0,1.0,False,normal,-0.017151470902682812,2,纳指;国债ETF,纳指;国债ETF,
2018-07-30,1601929.5019152602,1601929.50191526,2.3283064365386963e-10,1.0,False,normal,-0.01906197129509096,3,纳指;黄金;国债ETF,纳指;黄金;国债ETF,
2018-07-31,1590326.3665140413,1590326.3665140413,0.0,1.0,False,normal,-0.026167125893754375,3,纳指;黄金;国债ETF,纳指;黄金;国债ETF,
2018-08-01,1598262.8020347496,1598262.8020347494,2.3283064365386963e-10,1.0,False,normal,-0.02130726695157287,3,纳指;黄金;国债ETF,纳指;黄金;国债ETF,
2018-08-02,1598296.7884555825,1598296.7884555825,0.0,1.0,False,normal,-0.021286455441069687,2,纳指;国债ETF,纳指;国债ETF,
2018-08-03,1623039.8554225473,1623039.8554225473,0.0,1.0,False,normal,-0.006135092471807142,2,纳指;国债ETF,纳指;国债ETF,
2018-08-06,1643410.9727385766,1643410.9727385766,0.0,1.0,False,normal,0.0,2,纳指;国债ETF,纳指;国债ETF,
2018-08-07,1639723.587492074,1639723.587492074,0.0,1.0,False,normal,-0.002243738971973669,2,纳指;国债ETF,纳指;国债ETF,
2018-08-08,1625798.0517771896,1625798.0517771896,0.0,1.0,False,normal,-0.010717295462641859,2,纳指;国债ETF,纳指;国债ETF,
2018-08-09,1613679.0251877266,1613679.0251877266,0.0,1.0,False,normal,-0.01809160827331263,2,纳指;国债ETF,纳指;国债ETF,
2018-08-10,1610967.328372097,1610967.328372097,0.0,1.0,False,normal,-0.01974165008306806,2,纳指;国债ETF,纳指;国债ETF,
2018-08-13,1607860.9612140423,1607860.9612140423,0.0,1.0,False,normal,-0.02163184505534477,3,纳指;黄金;国债ETF,纳指;黄金;国债ETF,
2018-08-14,1608232.9414765364,1608232.9414765364,0.0,1.0,False,normal,-0.021405498591395882,2,纳指;国债ETF,纳指;国债ETF,
2018-08-15,1615155.6226950013,1615155.6226950013,0.0,1.0,False,normal,-0.01719311268592215,2,纳指;国债ETF,纳指;国债ETF,
2018-08-16,1600573.9744835882,1600573.9744835882,0.0,1.0,False,normal,-0.02606590741182947,2,纳指;国债ETF,纳指;国债ETF,
2018-08-17,1596244.0925712942,1596244.0925712942,0.0,0.4861282876057488,False,normal,-0.028700599515094894,1,纳指,纳指,
2018-08-20,1588466.291520534,1588466.291520534,0.0,1.0,False,normal,-0.033433317733349927,2,纳指;国债ETF,纳指;国债ETF,
2018-08-21,1583416.0493932297,0.0,1583416.0493932297,0.0,True,normal,-0.036506342199584756,0,,纳指;国债ETF,
2018-08-22,1583416.0493932297,0.0,1583416.0493932297,0.0,True,normal,-0.036506342199584756,0,,纳指;国债ETF,
2018-08-23,1583416.0493932297,0.0,1583416.0493932297,0.0,True,normal,-0.036506342199584756,0,,纳指,
2018-08-24,1583416.0493932297,0.0,1583416.0493932297,0.0,True,normal,-0.036506342199584756,0,,纳指;国债ETF,
2018-08-27,1583416.0493932297,0.0,1583416.0493932297,0.0,True,normal,-0.036506342199584756,0,,沪深300;纳指;国债ETF,
2018-08-28,1583416.0493932297,0.0,1583416.0493932297,0.0,True,normal,-0.036506342199584756,0,,沪深300;纳指;国债ETF,
2018-08-29,1583416.0493932297,0.0,1583416.0493932297,0.0,True,normal,-0.036506342199584756,0,,沪深300;纳指;国债ETF,
2018-08-30,1583416.0493932297,0.0,1583416.0493932297,0.0,True,normal,-0.036506342199584756,0,,沪深300;纳指;国债ETF,
2018-08-31,1583416.0493932297,0.0,1583416.0493932297,0.0,True,normal,-0.036506342199584756,0,,纳指;国债ETF,
2018-09-03,1583416.0493932297,0.0,1583416.0493932297,0.0,True,normal,-0.036506342199584756,0,,纳指;国债ETF,
2018-09-04,1583416.0493932297,0.0,1583416.0493932297,0.0,True,normal,-0.036506342199584756,0,,纳指;国债ETF,
2018-09-05,1583416.0493932297,0.0,1583416.0493932297,0.0,True,normal,-0.036506342199584756,0,,纳指;国债ETF,
2018-09-06,1583416.0493932297,0.0,1583416.0493932297,0.0,True,normal,-0.036506342199584756,0,,纳指;国债ETF,
2018-09-07,1583416.0493932297,0.0,1583416.0493932297,0.0,True,normal,-0.036506342199584756,0,,纳指;国债ETF,
2018-09-10,1583416.0493932297,0.0,1583416.0493932297,0.0,True,normal,-0.036506342199584756,0,,纳指,
2018-09-11,1583416.0493932297,0.0,1583416.0493932297,0.0,True,normal,-0.036506342199584756,0,,纳指;黄金,
2018-09-12,1583416.0493932297,0.0,1583416.0493932297,0.0,True,normal,-0.036506342199584756,0,,纳指,
2018-09-13,1583416.0493932297,0.0,1583416.0493932297,0.0,True,normal,-0.036506342199584756,0,,纳指,
2018-09-14,1583416.0493932297,0.0,1583416.0493932297,0.0,True,normal,-0.036506342199584756,0,,纳指,
2018-09-17,1583416.0493932297,0.0,1583416.0493932297,0.0,True,normal,-0.036506342199584756,0,,纳指,
2018-09-18,1583416.0493932297,0.0,1583416.0493932297,0.0,True,normal,-0.036506342199584756,0,,纳指,
2018-09-19,1583416.0493932297,0.0,1583416.0493932297,0.0,True,normal,-0.036506342199584756,0,,纳指,
2018-09-20,1583416.0493932297,0.0,1583416.0493932297,0.0,True,normal,-0.036506342199584756,0,,纳指,
2018-09-21,1583416.0493932297,0.0,1583416.0493932297,0.0,True,normal,-0.036506342199584756,0,,纳指,
2018-09-25,1583416.0493932297,0.0,1583416.0493932297,0.0,True,normal,-0.036506342199584756,0,,纳指,
2018-09-26,1583416.0493932297,0.0,1583416.0493932297,0.0,True,normal,-0.036506342199584756,0,,纳指,
2018-09-27,1583416.0493932297,1583416.0493932297,0.0,0.7610676862502321,False,normal,-0.036506342199584756,2,沪深300;纳指,沪深300;纳指,
2018-09-28,1601226.754692771,1601226.754692771,0.0,0.752018487006383,False,normal,-0.025668696841855625,2,沪深300;纳指,沪深300;纳指,
2018-10-08,1540728.5608851435,1540728.5608851435,0.0,0.7337984081806862,False,normal,-0.06248127434753789,2,沪深300;国债ETF,沪深300;国债ETF,
2018-10-09,1542308.8256458999,0.0,1542308.8256458999,1.0,False,normal,-0.061519698219003806,0,,,
2018-10-10,1542308.8256458999,0.0,1542308.8256458999,1.0,False,normal,-0.061519698219003806,0,,,
2018-10-11,1542308.8256458999,1542308.8256458999,0.0,1.0,False,normal,-0.061519698219003806,2,黄金;国债ETF,黄金;国债ETF,
2018-10-12,1553888.381601619,1553888.381601619,0.0,1.0,False,normal,-0.05447364817564608,2,黄金;国债ETF,黄金;国债ETF,
2018-10-15,1562263.6196914339,1562263.6196914339,0.0,1.0,False,normal,-0.04937739518187527,2,黄金;国债ETF,黄金;国债ETF,
2018-10-16,1561908.8801188918,1561908.8801188918,0.0,1.0,False,normal,-0.04959325084940247,2,黄金;国债ETF,黄金;国债ETF,
2018-10-17,1560035.0388024559,1560035.0388024559,0.0,1.0,False,normal,-0.05073346552943067,2,黄金;国债ETF,黄金;国债ETF,
2018-10-18,1562465.9446200398,1562465.9446200398,0.0,1.0,False,normal,-0.04925428238053576,2,黄金;国债ETF,黄金;国债ETF,
2018-10-19,1566135.2264437494,1566135.2264437494,0.0,1.0,False,normal,-0.04702155916974015,2,黄金;国债ETF,黄金;国债ETF,
2018-10-22,1563724.478490084,1563724.478490084,0.0,0.8662626045842919,False,normal,-0.04848847644950504,3,沪深300;黄金;国债ETF,沪深300;黄金;国债ETF,
2018-10-23,1548949.6057830993,1548949.6057830993,0.0,1.0,False,normal,-0.057478846449508035,2,黄金;国债ETF,黄金;国债ETF,
2018-10-24,1549374.0735528022,1549374.0735528022,0.0,1.0,False,normal,-0.057220561834920386,2,黄金;国债ETF,黄金;国债ETF,
2018-10-25,1552803.580609599,1552803.580609599,0.0,1.0,False,normal,-0.05513373929710943,2,黄金;国债ETF,黄金;国债ETF,
2018-10-26,1552227.1811276595,1552227.1811276595,0.0,1.0,False,normal,-0.05548447291852299,2,黄金;国债ETF,黄金;国债ETF,
2018-10-29,1551182.639474318,1551182.639474318,0.0,1.0,False,normal,-0.056120066613994664,2,黄金;国债ETF,黄金;国债ETF,
2018-10-30,1549214.095116057,1549214.095116057,0.0,1.0,False,normal,-0.05731790719733978,2,黄金;国债ETF,黄金;国债ETF,
2018-10-31,1542986.0872632219,1542986.0872632219,0.0,1.0,False,normal,-0.06110759094422189,2,黄金;国债ETF,黄金;国债ETF,
2018-11-01,1545259.1122870068,1545259.1122870068,0.0,1.0,False,normal,-0.05972447676189586,2,黄金;国债ETF,黄金;国债ETF,
2018-11-02,1544062.9251609507,1544062.9251609507,0.0,1.0,False,normal,-0.060452345290157375,2,黄金;国债ETF,黄金;国债ETF,
2018-11-05,1545427.5470532437,1545427.5470532437,0.0,1.0,False,normal,-0.05962198580313327,2,黄金;国债ETF,黄金;国债ETF,
2018-11-06,1546763.7000026815,1546763.7000026815,0.0,1.0,False,normal,-0.05880894939799648,2,黄金;国债ETF,黄金;国债ETF,
2018-11-07,1548229.1683071174,1548229.1683071174,0.0,1.0,False,normal,-0.05791722582504631,2,黄金;国债ETF,黄金;国债ETF,
2018-11-08,1546101.7747596793,1546101.7747596793,0.0,1.0,False,normal,-0.05921172463436909,2,黄金;国债ETF,黄金;国债ETF,
2018-11-09,1543961.186800859,1543961.186800859,0.0,1.0,False,normal,-0.060514252117956066,2,黄金;国债ETF,黄金;国债ETF,
2018-11-12,1539835.3983904608,1539835.3983904608,0.0,1.0,False,normal,-0.0630247552597983,2,黄金;国债ETF,黄金;国债ETF,
2018-11-13,1536557.0204734248,1536557.0204734248,0.0,1.0,False,normal,-0.06501961714852772,3,沪深300;黄金;国债ETF,沪深300;黄金;国债ETF,
2018-11-14,1531095.6433829947,1531095.6433829947,0.0,1.0,False,normal,-0.06834281334292168,2,黄金;国债ETF,黄金;国债ETF,
2018-11-15,1537976.353854796,1537976.353854796,0.0,0.6852931733065559,False,normal,-0.06415596623897712,4,沪深300;创业板;黄金;国债ETF,沪深300;创业板;黄金;国债ETF,
2018-11-16,1538955.3323411965,1538955.3323411965,0.0,0.706797285241102,False,normal,-0.06356026710915495,4,沪深300;创业板;黄金;国债ETF,沪深300;创业板;黄金;国债ETF,
2018-11-19,1542084.5537408623,1542084.5537408623,0.0,0.728695400323043,False,normal,-0.06165616554747968,4,沪深300;创业板;黄金;国债ETF,沪深300;创业板;黄金;国债ETF,
2018-11-20,1524405.4513493783,1524405.4513493783,0.0,1.0,False,normal,-0.07241373178304128,2,黄金;国债ETF,黄金;国债ETF,
2018-11-21,1524548.8484144453,1524548.8484144453,0.0,1.0,False,normal,-0.0723264760281232,2,黄金;国债ETF,黄金;国债ETF,
2018-11-22,1525492.4844559482,1525492.4844559482,0.0,1.0,False,normal,-0.07175228244103131,2,黄金;国债ETF,黄金;国债ETF,
2018-11-23,1522565.8590175398,1522565.8590175398,0.0,1.0,False,normal,-0.07353310628056765,2,黄金;国债ETF,黄金;国债ETF,
2018-11-26,1521411.0084672282,1521411.0084672282,0.0,1.0,False,normal,-0.0742358218942934,2,黄金;国债ETF,黄金;国债ETF,
2018-11-27,1520235.1312038482,1520235.1312038482,0.0,1.0,False,normal,-0.07495133206362159,2,黄金;国债ETF,黄金;国债ETF,
2018-11-28,1516910.6391870943,1516910.6391870943,0.0,1.0,False,normal,-0.07697425394494135,2,黄金;国债ETF,黄金;国债ETF,
2018-11-29,1522807.801968764,1522807.801968764,0.0,1.0,False,normal,-0.07338588628798046,2,黄金;国债ETF,黄金;国债ETF,
2018-11-30,1523285.7055929103,1523285.7055929103,0.0,1.0,False,normal,-0.0730950864624506,2,黄金;国债ETF,黄金;国债ETF,
2018-12-03,1520504.4310946348,1520504.4310946348,0.0,1.0,False,normal,-0.0747874656326108,3,创业板;黄金;国债ETF,创业板;黄金;国债ETF,
2018-12-04,1523917.4039705386,1523917.4039705386,0.0,1.0,False,normal,-0.07271070398715551,3,创业板;黄金;国债ETF,创业板;黄金;国债ETF,
2018-12-05,1526024.3540243062,1526024.3540243062,0.0,0.7788601525719892,False,normal,-0.07142864484995959,4,沪深300;创业板;黄金;国债ETF,沪深300;创业板;黄金;国债ETF,
2018-12-06,1510391.5809251512,1510391.5809251512,0.0,0.7611150816122084,False,warning,-0.0809410391070726,4,沪深300;创业板;黄金;国债ETF,沪深300;创业板;黄金;国债ETF,
2018-12-07,1508365.3494120473,1508365.3494120473,0.0,0.784322367270038,False,warning,-0.08217398177735757,4,沪深300;创业板;黄金;国债ETF,沪深300;创业板;黄金;国债ETF,
2018-12-10,1506199.225501473,1506199.225501473,0.0,0.8081483338071043,False,warning,-0.08349204764554673,4,沪深300;创业板;黄金;国债ETF,沪深300;创业板;黄金;国债ETF,
2018-12-11,1511562.1011266878,1511562.1011266878,0.0,0.8281769025312986,False,warning,-0.08022878865909971,4,沪深300;创业板;黄金;国债ETF,沪深300;创业板;黄金;国债ETF,
2018-12-12,1510841.8289931957,1510841.8289931957,0.0,0.8540315123845545,False,warning,-0.08066706742530018,4,沪深300;创业板;黄金;国债ETF,沪深300;创业板;黄金;国债ETF,
2018-12-13,1519348.723325369,1519348.723325369,0.0,0.8665873344636187,False,normal,-0.07549070285594514,4,沪深300;创业板;黄金;国债ETF,沪深300;创业板;黄金;国债ETF,
2018-12-14,1500612.4054606557,1500612.4054606557,0.0,1.0,False,warning,-0.0868915746862525,2,黄金;国债ETF,黄金;国债ETF,
2018-12-17,1501501.9956618524,1501501.9956618524,0.0,1.0,False,warning,-0.08635026748071868,3,创业板;黄金;国债ETF,创业板;黄金;国债ETF,
2018-12-18,1501396.0640061232,1501396.0640061232,0.0,1.0,False,warning,-0.08641472588916697,3,创业板;黄金;国债ETF,创业板;黄金;国债ETF,
2018-12-19,1494310.7136471416,1494310.7136471416,0.0,1.0,False,warning,-0.0907260944248015,2,黄金;国债ETF,黄金;国债ETF,
2018-12-20,1493080.4306767264,1493080.4306767262,2.3283064365386963e-10,1.0,False,warning,-0.09147470995118141,3,创业板;黄金;国债ETF,创业板;黄金;国债ETF,
2018-12-21,1494909.2057511364,1494909.2057511364,0.0,1.0,False,warning,-0.09036191765226999,3,创业板;黄金;国债ETF,创业板;黄金;国债ETF,
2018-12-24,1501968.2444624044,1501968.2444624044,0.0,1.0,False,warning,-0.08606655950487681,3,创业板;黄金;国债ETF,创业板;黄金;国债ETF,
2018-12-25,1502018.0657556115,1502018.0657556115,0.0,1.0,False,warning,-0.08603624372018658,3,创业板;黄金;国债ETF,创业板;黄金;国债ETF,
2018-12-26,1499316.0091501419,1499316.0091501419,0.0,1.0,False,warning,-0.08768041955343354,2,黄金;国债ETF,黄金;国债ETF,
2018-12-27,1496908.8119806943,1496908.8119806943,0.0,1.0,False,warning,-0.08914517621465762,2,黄金;国债ETF,黄金;国债ETF,
2018-12-28,1505212.7126282942,1505212.7126282942,0.0,1.0,False,warning,-0.0840923313783095,2,黄金;国债ETF,黄金;国债ETF,
2019-01-02,1506037.8523542203,1506037.8523542203,0.0,1.0,False,warning,-0.08359024167609029,2,黄金;国债ETF,黄金;国债ETF,
2019-01-03,1514609.378625886,1514609.378625886,0.0,1.0,False,normal,-0.07837454918416166,2,黄金;国债ETF,黄金;国债ETF,
2019-01-04,1511996.259466371,1511996.259466371,0.0,1.0,False,normal,-0.07996460742453018,2,黄金;国债ETF,黄金;国债ETF,
2019-01-07,1509536.596938775,1509536.596938775,0.0,1.0,False,warning,-0.08146128875889984,2,黄金;国债ETF,黄金;国债ETF,
2019-01-08,1505979.3512023385,1505979.3512023385,0.0,1.0,False,warning,-0.08362583907251292,2,黄金;国债ETF,黄金;国债ETF,
2019-01-09,1503063.379663933,0.0,1503063.379663933,0.0,True,warning,-0.08540018011487935,0,,黄金;国债ETF,
2019-01-10,1503063.379663933,0.0,1503063.379663933,0.0,True,warning,-0.08540018011487935,0,,黄金;国债ETF,
2019-01-11,1503063.379663933,0.0,1503063.379663933,0.0,True,warning,-0.08540018011487935,0,,黄金;国债ETF,
2019-01-14,1503063.379663933,0.0,1503063.379663933,0.0,True,warning,-0.08540018011487935,0,,黄金;国债ETF,
2019-01-15,1503063.379663933,0.0,1503063.379663933,0.0,True,warning,-0.08540018011487935,0,,黄金;国债ETF,
2019-01-16,1503063.379663933,0.0,1503063.379663933,0.0,True,warning,-0.08540018011487935,0,,黄金;国债ETF,
2019-01-17,1503063.379663933,0.0,1503063.379663933,0.0,True,warning,-0.08540018011487935,0,,黄金;国债ETF,
2019-01-18,1503063.379663933,0.0,1503063.379663933,0.0,True,warning,-0.08540018011487935,0,,纳指;黄金;国债ETF,
2019-01-21,1503063.379663933,0.0,1503063.379663933,0.0,True,warning,-0.08540018011487935,0,,纳指;黄金;国债ETF,
2019-01-22,1503063.379663933,0.0,1503063.379663933,0.0,True,warning,-0.08540018011487935,0,,黄金;国债ETF,
2019-01-23,1503063.379663933,0.0,1503063.379663933,0.0,True,warning,-0.08540018011487935,0,,黄金;国债ETF,
2019-01-24,1503063.379663933,0.0,1503063.379663933,0.0,True,warning,-0.08540018011487935,0,,黄金;国债ETF,
2019-01-25,1503063.379663933,0.0,1503063.379663933,0.0,True,warning,-0.08540018011487935,0,,黄金;国债ETF,
2019-01-28,1503063.379663933,0.0,1503063.379663933,0.0,True,warning,-0.08540018011487935,0,,黄金;国债ETF,
2019-01-29,1503063.379663933,0.0,1503063.379663933,0.0,True,warning,-0.08540018011487935,0,,黄金;国债ETF,
2019-01-30,1503063.379663933,0.0,1503063.379663933,0.0,True,warning,-0.08540018011487935,0,,黄金;国债ETF,
2019-01-31,1503063.379663933,0.0,1503063.379663933,0.0,True,warning,-0.08540018011487935,0,,黄金;国债ETF,
2019-02-01,1503063.379663933,0.0,1503063.379663933,0.0,True,warning,-0.08540018011487935,0,,沪深300;纳指;黄金;国债ETF,
2019-02-11,1503063.379663933,0.0,1503063.379663933,0.0,True,warning,-0.08540018011487935,0,,沪深300;黄金;国债ETF,
2019-02-12,1503063.379663933,0.0,1503063.379663933,0.0,True,warning,-0.08540018011487935,0,,沪深300;创业板;纳指;黄金;国债ETF,
2019-02-13,1503063.379663933,0.0,1503063.379663933,0.0,True,warning,-0.08540018011487935,0,,沪深300;创业板;纳指;黄金;国债ETF,
2019-02-14,1503063.379663933,0.0,1503063.379663933,0.0,True,warning,-0.08540018011487935,0,,沪深300;创业板;纳指;黄金;国债ETF,
2019-02-15,1503063.379663933,0.0,1503063.379663933,0.0,True,warning,-0.08540018011487935,0,,沪深300;创业板;纳指;黄金;国债ETF,
2019-02-18,1503063.379663933,0.0,1503063.379663933,0.0,True,warning,-0.08540018011487935,0,,沪深300;创业板;纳指;黄金;国债ETF,
2019-02-19,1503063.379663933,0.0,1503063.379663933,0.0,True,warning,-0.08540018011487935,0,,沪深300;创业板;纳指;黄金;国债ETF,
2019-02-20,1503063.379663933,0.0,1503063.379663933,0.0,True,warning,-0.08540018011487935,0,,沪深300;创业板;纳指;黄金;国债ETF,
2019-02-21,1503063.379663933,0.0,1503063.379663933,0.0,True,warning,-0.08540018011487935,0,,沪深300;创业板;纳指;黄金;国债ETF,
2019-02-22,1503063.379663933,0.0,1503063.379663933,0.0,True,warning,-0.08540018011487935,0,,沪深300;创业板;纳指;黄金;国债ETF,
2019-02-25,1503063.379663933,0.0,1503063.379663933,0.0,True,warning,-0.08540018011487935,0,,沪深300;创业板;纳指;黄金;国债ETF,
2019-02-26,1503063.379663933,0.0,1503063.379663933,0.0,True,warning,-0.08540018011487935,0,,沪深300;创业板;纳指;黄金;国债ETF,
2019-02-27,1503063.379663933,1503063.379663933,0.0,0.7295900481235662,False,warning,-0.08540018011487935,5,沪深300;创业板;纳指;黄金;国债ETF,沪深300;创业板;纳指;黄金;国债ETF,
2019-02-28,1501969.411203225,1501969.4112032251,-2.3283064365386963e-10,0.7483905197749642,False,warning,-0.08606584955414637,5,沪深300;创业板;纳指;黄金;国债ETF,沪深300;创业板;纳指;黄金;国债ETF,
2019-03-01,1516625.0831564916,1516625.0831564916,0.0,0.7567128152665696,False,normal,-0.07714801208294796,5,沪深300;创业板;纳指;黄金;国债ETF,沪深300;创业板;纳指;黄金;国债ETF,
2019-03-04,1528159.6901630003,1528159.690163,2.3283064365386963e-10,0.4482681504373959,False,normal,-0.07012931304914062,3,沪深300;创业板;纳指,沪深300;创业板;纳指,
2019-03-05,1548735.0713214332,1548735.0713214332,0.0,0.6158567876717607,False,normal,-0.0576093886359878,4,沪深300;创业板;纳指;国债ETF,沪深300;创业板;纳指;国债ETF,
2019-03-06,1556705.2037833792,1556705.2037833792,0.0,0.47323472271165923,False,normal,-0.05275963857702076,3,沪深300;创业板;纳指,沪深300;创业板;纳指,
2019-03-07,1542412.9089466403,1542412.9089466403,0.0,0.46874451606102174,False,normal,-0.061456364517046703,3,沪深300;创业板;纳指,沪深300;创业板;纳指,
2019-03-08,1506751.034710017,1506751.034710017,0.0,0.42728380291639356,False,warning,-0.08315627697241776,3,沪深300;创业板;纳指,沪深300;创业板;纳指,
2019-03-11,1540227.7778193343,1540227.7778193343,0.0,0.42230285691881103,False,normal,-0.06278599609645909,3,沪深300;创业板;纳指,沪深300;创业板;纳指,
2019-03-12,1565897.9663462644,1565897.9663462644,0.0,0.4279281748615336,False,normal,-0.047165929690212986,3,沪深300;创业板;纳指,沪深300;创业板;纳指,
2019-03-13,1539026.0770185627,1539026.0770185627,0.0,0.4118335232549858,False,normal,-0.06351721964352416,3,沪深300;创业板;纳指,沪深300;创业板;纳指,
2019-03-14,1529514.5379789183,1529514.5379789183,0.0,0.5779660609694406,False,normal,-0.06930490099494803,4,沪深300;创业板;纳指;黄金,沪深300;创业板;纳指;黄金,
2019-03-15,1536408.717513209,1536408.717513209,0.0,0.595639906596194,False,normal,-0.06510985809414384,4,沪深300;创业板;纳指;黄金,沪深300;创业板;纳指;黄金,
2019-03-18,1561135.9952085512,1561135.9952085512,0.0,0.5879591847268228,False,normal,-0.05006354399163014,4,沪深300;创业板;纳指;黄金,沪深300;创业板;纳指;黄金,
2019-03-19,1561351.364124689,1561351.364124689,0.0,0.6045554306561303,False,normal,-0.04993249404751363,4,沪深300;创业板;纳指;黄金,沪深300;创业板;纳指;黄金,
2019-03-20,1555713.3021522562,1555713.3021522562,0.0,0.6152767256560289,False,normal,-0.05336320131791571,4,沪深300;创业板;纳指;黄金,沪深300;创业板;纳指;黄金,
2019-03-21,1562203.6010211036,1562203.6010211036,0.0,0.6343452748348879,False,normal,-0.0494139159738901,4,沪深300;创业板;纳指;黄金,沪深300;创业板;纳指;黄金,
2019-03-22,1568216.9670871068,1568216.9670871068,0.0,0.823216996892349,False,normal,-0.04575483971983385,5,沪深300;创业板;纳指;黄金;国债ETF,沪深300;创业板;纳指;黄金;国债ETF,
2019-03-25,1549083.7874757422,1549083.7874757424,-2.3283064365386963e-10,0.7670140968597445,False,normal,-0.05739719816136301,5,沪深300;创业板;纳指;黄金;国债ETF,沪深300;创业板;纳指;黄金;国债ETF,
2019-03-26,1540687.9490070106,1540687.9490070106,0.0,0.7740684617296438,False,normal,-0.06250598629044603,5,沪深300;创业板;纳指;黄金;国债ETF,沪深300;创业板;纳指;黄金;国债ETF,
2019-03-27,1547452.913680736,1547452.913680736,0.0,0.7946455615553982,False,normal,-0.05838956940754527,5,沪深300;创业板;纳指;黄金;国债ETF,沪深300;创业板;纳指;黄金;国债ETF,
2019-03-28,1540524.1684275172,1540524.1684275172,0.0,0.8066156847669352,False,normal,-0.06260564522068941,5,沪深300;创业板;纳指;黄金;国债ETF,沪深300;创业板;纳指;黄金;国债ETF,
2019-03-29,1563236.5051824967,1563236.5051824967,0.0,0.5691852549823552,False,normal,-0.04878540358196422,4,沪深300;创业板;纳指;国债ETF,沪深300;创业板;纳指;国债ETF,
2019-04-01,1595095.8024991043,1595095.8024991043,0.0,0.5470022282670962,False,normal,-0.02939932314006642,4,沪深300;创业板;纳指;国债ETF,沪深300;创业板;纳指;国债ETF,
2019-04-02,1592884.4164643835,1592884.4164643835,0.0,0.5611590706529314,False,normal,-0.0307449305817861,4,沪深300;创业板;纳指;国债ETF,沪深300;创业板;纳指;国债ETF,
2019-04-03,1604616.923845527,1604616.923845527,0.0,0.4272770654525935,False,normal,-0.02360581104579293,3,沪深300;创业板;纳指,沪深300;创业板;纳指,
2019-04-04,1611802.2498127187,1611802.2498127185,2.3283064365386963e-10,0.44070095695679273,False,normal,-0.019233608300171665,3,沪深300;创业板;纳指,沪深300;创业板;纳指,
2019-04-08,1598826.9489356477,1598826.9489356477,0.0,0.4440767495517046,False,normal,-0.027128955898739156,3,沪深300;创业板;纳指,沪深300;创业板;纳指,
2019-04-09,1603240.7230349025,1603240.7230349025,0.0,0.4579485816947889,False,normal,-0.024443216194872115,3,沪深300;创业板;纳指,沪深300;创业板;纳指,
2019-04-10,1599257.4509834186,1599257.4509834186,0.0,0.46941427366266564,False,normal,-0.026866999483142452,3,沪深300;创业板;纳指,沪深300;创业板;纳指,
2019-04-11,1581620.9711573233,1581620.971157323,2.3283064365386963e-10,0.4679132917281424,False,normal,-0.03759863029165889,3,沪深300;创业板;纳指,沪深300;创业板;纳指,
2019-04-12,1580410.7234659137,1580410.7234659134,2.3283064365386963e-10,0.48174756148965703,False,normal,-0.03833505454066637,3,沪深300;创业板;纳指,沪深300;创业板;纳指,
2019-04-15,1569608.4510526618,1569608.4510526618,0.0,0.48962476143971617,False,normal,-0.044908134915839386,3,沪深300;创业板;纳指,沪深300;创业板;纳指,
2019-04-16,1599241.3805731595,1599241.3805731593,2.3283064365386963e-10,0.480808506136904,False,normal,-0.02687677817546327,3,沪深300;创业板;纳指,沪深300;创业板;纳指,
2019-04-17,1602586.2883319312,1602586.2883319312,0.0,0.49587211866993536,False,normal,-0.024841433508634297,3,沪深300;创业板;纳指,沪深300;创业板;纳指,
2019-04-18,1595642.919207843,1595642.919207843,0.0,0.5067330345448522,False,normal,-0.029066407808591533,3,沪深300;创业板;纳指,沪深300;创业板;纳指,
2019-04-19,1609922.5898066042,1609922.5898066042,0.0,0.5183269032009273,False,normal,-0.020377363597717385,3,沪深300;创业板;纳指,沪深300;创业板;纳指,
2019-04-22,1590257.4491177397,1590257.4491177397,0.0,0.5115473334834132,False,normal,-0.03234341531276378,3,沪深300;创业板;纳指,沪深300;创业板;纳指,
2019-04-23,1588721.3603750537,1588721.3603750537,0.0,0.5268029490112349,False,normal,-0.03327811075302012,3,沪深300;创业板;纳指,沪深300;创业板;纳指,
2019-04-24,1609596.0081837345,1609596.0081837345,0.0,0.5291902369815403,False,normal,-0.020576085419761383,3,沪深300;创业板;纳指,沪深300;创业板;纳指,
2019-04-25,1586580.3101756016,1586580.3101756014,2.3283064365386963e-10,0.5156920410788529,False,normal,-0.03458091950565017,3,沪深300;创业板;纳指,沪深300;创业板;纳指,
2019-04-26,1579789.5994057267,1579789.5994057264,2.3283064365386963e-10,0.5285247230659361,False,normal,-0.03871300264402605,3,沪深300;创业板;纳指,沪深300;创业板;纳指,
2019-04-29,1575394.0320489595,1575394.0320489595,0.0,0.6676362482263124,False,normal,-0.041387663717660214,2,沪深300;纳指,沪深300;纳指,
2019-04-30,1573839.1563379439,1573839.1563379439,0.0,1.0,False,normal,-0.04233379085007471,3,沪深300;纳指;黄金,沪深300;纳指;黄金,
2019-05-06,1531882.305281684,1531882.305281684,0.0,1.0,False,normal,-0.06786413703386769,2,纳指;黄金,纳指;黄金,
2019-05-07,1538663.0845702938,1538663.0845702938,0.0,1.0,False,normal,-0.06373809710770711,2,纳指;黄金,纳指;黄金,
2019-05-08,1528566.342677801,1528566.342677801,0.0,1.0,False,normal,-0.06988186884830082,2,纳指;黄金,纳指;黄金,
2019-05-09,1524023.7966276188,1524023.7966276188,0.0,0.5576871843654316,False,normal,-0.07264596506375469,1,纳指,纳指,
2019-05-10,1525725.9825508813,1525725.9825508813,0.0,0.5751630482008779,False,normal,-0.07161020106345355,1,纳指,纳指,
2019-05-13,1520052.0294733397,1520052.0294733397,0.0,1.0,False,normal,-0.07506274773112402,3,纳指;黄金;国债ETF,纳指;黄金;国债ETF,
2019-05-14,1514960.9023742573,1514960.9023742573,0.0,1.0,False,normal,-0.07816065031516148,3,纳指;黄金;国债ETF,纳指;黄金;国债ETF,
2019-05-15,1519008.7902941469,1519008.7902941466,2.3283064365386963e-10,1.0,False,normal,-0.07569754888342153,3,纳指;黄金;国债ETF,纳指;黄金;国债ETF,
2019-05-16,1525480.882696645,1525480.882696645,0.0,1.0,False,normal,-0.07175934200160111,3,纳指;黄金;国债ETF,纳指;黄金;国债ETF,
2019-05-17,1531362.9967607674,1531362.9967607674,0.0,1.0,False,normal,-0.06818013134663002,3,纳指;黄金;国债ETF,纳指;黄金;国债ETF,
2019-05-20,1525484.5103043132,1525484.5103043132,0.0,1.0,False,normal,-0.07175713463671904,3,纳指;黄金;国债ETF,纳指;黄金;国债ETF,
2019-05-21,1520004.3306417817,1520004.3306417817,0.0,1.0,False,normal,-0.07509177201801832,2,纳指;国债ETF,纳指;国债ETF,
2019-05-22,1518120.3000848508,1518120.3000848508,0.0,1.0,False,normal,-0.07623818675430999,2,纳指;黄金,纳指;黄金,
2019-05-23,1512871.8717934,1512871.8717934,0.0,0.5925704369006751,False,normal,-0.07943180562293951,1,纳指,纳指,
2019-05-24,1508858.9490565476,1508858.9490565476,0.0,1.0,False,warning,-0.08187363107221547,2,纳指;黄金,纳指;黄金,
2019-05-27,1505374.3382766475,1505374.3382766475,0.0,1.0,False,warning,-0.08399398370323957,2,纳指;黄金,纳指;黄金,
2019-05-28,1506045.9201632002,1506045.9201632002,0.0,1.0,False,warning,-0.08358533249079597,2,纳指;黄金,纳指;黄金,
2019-05-29,1500431.5024974833,1500431.5024974833,0.0,1.0,False,warning,-0.08700165242467173,2,纳指;黄金,纳指;黄金,
2019-05-30,1496182.8680071733,1496182.8680071733,0.0,1.0,False,warning,-0.08958690624175564,2,黄金;国债ETF,黄金;国债ETF,
2019-05-31,1505199.4935730908,1505199.4935730908,0.0,1.0,False,warning,-0.08410037504810529,2,黄金;国债ETF,黄金;国债ETF,
2019-06-03,1514870.923788955,1514870.923788955,0.0,1.0,False,normal,-0.07821540143146467,2,黄金;国债ETF,黄金;国债ETF,
2019-06-04,1522701.1881866925,1522701.1881866925,0.0,1.0,False,normal,-0.07345075976384259,2,黄金;国债ETF,黄金;国债ETF,
2019-06-05,1527972.6927540493,1527972.6927540493,0.0,1.0,False,normal,-0.07024309920005047,2,黄金;国债ETF,黄金;国债ETF,
2019-06-06,1527297.1434521086,1527297.1434521086,0.0,1.0,False,normal,-0.07065416454715288,2,黄金;国债ETF,黄金;国债ETF,
2019-06-10,1524559.0559462742,1524559.0559462742,0.0,1.0,False,normal,-0.07232026484175641,3,纳指;黄金;国债ETF,纳指;黄金;国债ETF,
2019-06-11,1525712.0453572879,1525712.0453572879,0.0,1.0,False,normal,-0.07161868171365285,3,纳指;黄金;国债ETF,纳指;黄金;国债ETF,
2019-06-12,1528079.8718139739,1528079.8718139739,0.0,1.0,False,normal,-0.0701778817579727,3,纳指;黄金;国债ETF,纳指;黄金;国债ETF,
2019-06-13,1527603.4000719362,1527603.4000719362,0.0,1.0,False,normal,-0.07046781029681146,3,纳指;黄金;国债ETF,纳指;黄金;国债ETF,
2019-06-14,1538245.5197332746,1538245.5197332746,0.0,1.0,False,normal,-0.0639921813531855,3,纳指;黄金;国债ETF,纳指;黄金;国债ETF,
2019-06-17,1532843.9820460572,1532843.9820460572,0.0,1.0,False,normal,-0.06727896583790648,3,纳指;黄金;国债ETF,纳指;黄金;国债ETF,
2019-06-18,1539219.6956705851,1539219.6956705851,0.0,1.0,False,normal,-0.06339940452896412,3,纳指;黄金;国债ETF,纳指;黄金;国债ETF,
2019-06-19,1542883.4140120028,1542883.4140120028,0.0,1.0,False,normal,-0.06117006664441026,3,纳指;黄金;国债ETF,纳指;黄金;国债ETF,
2019-06-20,1559281.3062018333,1559281.3062018333,0.0,1.0,False,normal,-0.0511921046727282,3,纳指;黄金;国债ETF,纳指;黄金;国债ETF,
2019-06-21,1562340.947394829,1562340.947394829,0.0,1.0,False,normal,-0.04933034200730244,3,纳指;黄金;国债ETF,纳指;黄金;国债ETF,
2019-06-24,1567563.2307217466,1567563.2307217466,0.0,1.0,False,normal,-0.046152632101778834,3,纳指;黄金;国债ETF,纳指;黄金;国债ETF,
2019-06-25,1574299.4245318307,1574299.4245318307,0.0,1.0,False,normal,-0.04205372201670197,2,黄金;国债ETF,黄金;国债ETF,
2019-06-26,1559785.083315548,1559785.083315548,0.0,1.0,False,normal,-0.05088556107403528,2,黄金;国债ETF,黄金;国债ETF,
2019-06-27,1557591.2757026204,1557591.2757026204,0.0,1.0,False,normal,-0.052220472212709174,2,黄金;国债ETF,黄金;国债ETF,
2019-06-28,1559958.6636216966,1559958.6636216966,0.0,1.0,False,normal,-0.05077993910300793,2,黄金;国债ETF,黄金;国债ETF,
2019-07-01,1541282.6240760584,1541282.6240760586,-2.3283064365386963e-10,1.0,False,normal,-0.06214413214750035,5,沪深300;创业板;纳指;黄金;国债ETF,沪深300;创业板;纳指;黄金;国债ETF,
2019-07-02,1544023.2509613975,1544023.2509613978,-2.3283064365386963e-10,1.0,False,normal,-0.06047648666453745,5,沪深300;创业板;纳指;黄金;国债ETF,沪深300;创业板;纳指;黄金;国债ETF,
2019-07-03,1548088.4833562828,1548088.4833562828,0.0,1.0,False,normal,-0.05800283128416051,5,沪深300;创业板;纳指;黄金;国债ETF,沪深300;创业板;纳指;黄金;国债ETF,
2019-07-04,1541580.530503652,1541580.530503652,0.0,1.0,False,normal,-0.06196285890998677,5,沪深300;创业板;纳指;黄金;国债ETF,沪深300;创业板;纳指;黄金;国债ETF,
2019-07-05,1548361.3344200174,1548361.3344200174,0.0,1.0,False,normal,-0.05783680399807033,5,沪深300;创业板;纳指;黄金;国债ETF,沪深300;创业板;纳指;黄金;国债ETF,
2019-07-08,1527931.7331361831,1527931.7331361831,0.0,1.0,False,normal,-0.07026802273929028,5,沪深300;创业板;纳指;黄金;国债ETF,沪深300;创业板;纳指;黄金;国债ETF,
2019-07-09,1524854.028497859,1524854.028497859,0.0,1.0,False,normal,-0.07214077683998582,5,沪深300;创业板;纳指;黄金;国债ETF,沪深300;创业板;纳指;黄金;国债ETF,
2019-07-10,1526735.6640115334,1526735.6640115334,0.0,1.0,False,normal,-0.07099581946481454,4,沪深300;纳指;黄金;国债ETF,沪深300;纳指;黄金;国债ETF,
2019-07-11,1538208.6212978237,1538208.6212978237,0.0,1.0,False,normal,-0.06401463370141912,4,沪深300;纳指;黄金;国债ETF,沪深300;纳指;黄金;国债ETF,
2019-07-12,1538063.0340968126,1538063.0340968128,-2.3283064365386963e-10,1.0,False,normal,-0.06410322213330023,5,沪深300;创业板;纳指;黄金;国债ETF,沪深300;创业板;纳指;黄金;国债ETF,
2019-07-15,1548022.386754308,1548022.386754308,0.0,1.0,False,normal,-0.05804305043997202,5,沪深300;创业板;纳指;黄金;国债ETF,沪深300;创业板;纳指;黄金;国债ETF,
2019-07-16,1547433.668943162,1547433.668943162,0.0,1.0,False,normal,-0.05840127964794961,5,沪深300;创业板;纳指;黄金;国债ETF,沪深300;创业板;纳指;黄金;国债ETF,
2019-07-17,1544256.8857544381,1544256.8857544381,0.0,1.0,False,normal,-0.06033432210745697,5,沪深300;创业板;纳指;黄金;国债ETF,沪深300;创业板;纳指;黄金;国债ETF,
2019-07-18,1537516.8450380836,1537516.8450380836,0.0,1.0,False,normal,-0.06443557299853683,5,沪深300;创业板;纳指;黄金;国债ETF,沪深300;创业板;纳指;黄金;国债ETF,
2019-07-19,1551914.8057869882,1551914.8057869882,0.0,1.0,False,normal,-0.05567455035250211,5,沪深300;创业板;纳指;黄金;国债ETF,沪深300;创业板;纳指;黄金;国债ETF,
2019-07-22,1538556.475387788,1538556.4753877881,-2.3283064365386963e-10,1.0,False,normal,-0.06380296778477715,5,沪深300;创业板;纳指;黄金;国债ETF,沪深300;创业板;纳指;黄金;国债ETF,
2019-07-23,1544753.4443405296,1544753.4443405296,0.0,1.0,False,normal,-0.06003217091440267,5,沪深300;创业板;纳指;黄金;国债ETF,沪深300;创业板;纳指;黄金;国债ETF,
2019-07-24,1553352.6958281763,1553352.6958281766,-2.3283064365386963e-10,1.0,False,normal,-0.05479960789134037,5,沪深300;创业板;纳指;黄金;国债ETF,沪深300;创业板;纳指;黄金;国债ETF,
2019-07-25,1560648.6713254403,1560648.6713254403,0.0,1.0,False,normal,-0.050360075955450986,5,沪深300;创业板;纳指;黄金;国债ETF,沪深300;创业板;纳指;黄金;国债ETF,
2019-07-26,1558071.7069570064,1558071.7069570066,-2.3283064365386963e-10,1.0,False,normal,-0.05192813434813633,5,沪深300;创业板;纳指;黄金;国债ETF,沪深300;创业板;纳指;黄金;国债ETF,
2019-07-29,1559984.811466025,1559984.8114660252,-2.3283064365386963e-10,1.0,False,normal,-0.050764028387573955,5,沪深300;创业板;纳指;黄金;国债ETF,沪深300;创业板;纳指;黄金;国债ETF,
2019-07-30,1564842.3315666278,1564842.3315666278,0.0,1.0,False,normal,-0.04780827344788999,5,沪深300;创业板;纳指;黄金;国债ETF,沪深300;创业板;纳指;黄金;国债ETF,
2019-07-31,1561108.9472923633,1561108.9472923635,-2.3283064365386963e-10,1.0,False,normal,-0.05008000239225943,5,沪深300;创业板;纳指;黄金;国债ETF,沪深300;创业板;纳指;黄金;国债ETF,
2019-08-01,1549608.369023736,1549608.369023736,0.0,1.0,False,normal,-0.057077995261603995,5,沪深300;创业板;纳指;黄金;国债ETF,沪深300;创业板;纳指;黄金;国债ETF,
2019-08-02,1550010.2842678733,1550010.2842678733,0.0,1.0,False,normal,-0.05683343364506117,5,沪深300;创业板;纳指;黄金;国债ETF,沪深300;创业板;纳指;黄金;国债ETF,
2019-08-05,1546797.4009212488,1546797.4009212488,0.0,1.0,False,normal,-0.058788442708479126,5,沪深300;创业板;纳指;黄金;国债ETF,沪深300;创业板;纳指;黄金;国债ETF,
2019-08-06,1534037.9554619924,1534037.9554619924,0.0,1.0,False,normal,-0.06655244433127108,4,创业板;纳指;黄金;国债ETF,创业板;纳指;黄金;国债ETF,
2019-08-07,1542410.440221255,1542410.440221255,0.0,1.0,False,normal,-0.06145786671304413,4,创业板;纳指;黄金;国债ETF,创业板;纳指;黄金;国债ETF,
2019-08-08,1554889.9575729445,1554889.9575729445,0.0,1.0,False,normal,-0.05386419869043523,5,沪深300;创业板;纳指;黄金;国债ETF,沪深300;创业板;纳指;黄金;国债ETF,
2019-08-09,1555202.1129123042,1555202.1129123042,0.0,1.0,False,normal,-0.0536742551251689,5,沪深300;创业板;纳指;黄金;国债ETF,沪深300;创业板;纳指;黄金;国债ETF,
2019-08-12,1566638.5657300907,1566638.5657300907,0.0,1.0,False,normal,-0.046715281984854036,5,沪深300;创业板;纳指;黄金;国债ETF,沪深300;创业板;纳指;黄金;国债ETF,
2019-08-13,1562928.4283945742,1562928.4283945742,0.0,1.0,False,normal,-0.04897286538733914,4,创业板;纳指;黄金;国债ETF,创业板;纳指;黄金;国债ETF,
2019-08-14,1561682.8097663745,1561682.8097663745,0.0,1.0,False,normal,-0.04973081251612335,4,创业板;纳指;黄金;国债ETF,创业板;纳指;黄金;国债ETF,
2019-08-15,1562980.5039433774,1562980.5039433774,0.0,1.0,False,normal,-0.04894117790948543,4,创业板;纳指;黄金;国债ETF,创业板;纳指;黄金;国债ETF,
2019-08-16,1566598.7804777706,1566598.7804777706,0.0,1.0,False,normal,-0.04673949093379017,4,创业板;纳指;黄金;国债ETF,创业板;纳指;黄金;国债ETF,
2019-08-19,1585031.5411458458,1585031.5411458458,0.0,1.0,False,normal,-0.035523330780399646,5,沪深300;创业板;纳指;黄金;国债ETF,沪深300;创业板;纳指;黄金;国债ETF,
2019-08-20,1581041.2813832886,1581041.2813832888,-2.3283064365386963e-10,1.0,False,normal,-0.03795136602462579,5,沪深300;创业板;纳指;黄金;国债ETF,沪深300;创业板;纳指;黄金;国债ETF,
2019-08-21,1578976.7538291481,1578976.7538291481,0.0,1.0,False,normal,-0.03920761147289616,4,创业板;纳指;黄金;国债ETF,创业板;纳指;黄金;国债ETF,
2019-08-22,1583978.267588643,1583978.267588643,0.0,1.0,False,normal,-0.03616423775660641,4,创业板;纳指;黄金;国债ETF,创业板;纳指;黄金;国债ETF,
2019-08-23,1584874.152331628,1584874.152331628,0.0,1.0,False,normal,-0.03561910038205662,4,创业板;纳指;黄金;国债ETF,创业板;纳指;黄金;国债ETF,
2019-08-26,1587263.8458166,1587263.8458166,0.0,1.0,False,normal,-0.03416499454692896,4,创业板;纳指;黄金;国债ETF,创业板;纳指;黄金;国债ETF,
2019-08-27,1598605.7756836412,1598605.7756836412,0.0,1.0,False,normal,-0.02726353772621592,4,创业板;纳指;黄金;国债ETF,创业板;纳指;黄金;国债ETF,
2019-08-28,1597963.1179445786,1597963.1179445786,0.0,1.0,False,normal,-0.027654588869066476,4,创业板;纳指;黄金;国债ETF,创业板;纳指;黄金;国债ETF,
2019-08-29,1600070.665009928,1600070.665009928,0.0,1.0,False,normal,-0.026372166455981765,3,创业板;黄金;国债ETF,创业板;黄金;国债ETF,
2019-08-30,1588105.6674435528,1588105.6674435528,0.0,1.0,False,normal,-0.03365275406605275,5,沪深300;创业板;纳指;黄金;国债ETF,沪深300;创业板;纳指;黄金;国债ETF,
2019-09-02,1598589.964427332,1598589.9644273322,-2.3283064365386963e-10,1.0,False,normal,-0.027273158725814654,5,沪深300;创业板;纳指;黄金;国债ETF,沪深300;创业板;纳指;黄金;国债ETF,
2019-09-03,1599939.1460135358,1599939.1460135358,0.0,1.0,False,normal,-0.02645219451869634,5,沪深300;创业板;纳指;黄金;国债ETF,沪深300;创业板;纳指;黄金;国债ETF,
2019-09-04,1609590.330840988,1609590.3308409883,-2.3283064365386963e-10,1.0,False,normal,-0.02057954002901043,5,沪深300;创业板;纳指;黄金;国债ETF,沪深300;创业板;纳指;黄金;国债ETF,
2019-09-05,1620422.750412282,1620422.750412282,0.0,1.0,False,normal,-0.013988115393915737,5,沪深300;创业板;纳指;黄金;国债ETF,沪深300;创业板;纳指;黄金;国债ETF,
2019-09-06,1617548.3089130118,1617548.3089130118,0.0,1.0,False,normal,-0.015737185801106886,5,沪深300;创业板;纳指;黄金;国债ETF,沪深300;创业板;纳指;黄金;国债ETF,
2019-09-09,1628503.6228192335,1628503.6228192337,-2.3283064365386963e-10,1.0,False,normal,-0.009070981128050739,5,沪深300;创业板;纳指;黄金;国债ETF,沪深300;创业板;纳指;黄金;国债ETF,
2019-09-10,1617681.7250841549,1617681.725084155,-2.3283064365386963e-10,1.0,False,normal,-0.015656003325538563,5,沪深300;创业板;纳指;黄金;国债ETF,沪深300;创业板;纳指;黄金;国债ETF,
2019-09-11,1612023.9928643724,1612023.9928643727,-2.3283064365386963e-10,1.0,False,normal,-0.019098679755010367,5,沪深300;创业板;纳指;黄金;国债ETF,沪深300;创业板;纳指;黄金;国债ETF,
2019-09-12,1619713.2619398583,1619713.2619398586,-2.3283064365386963e-10,1.0,False,normal,-0.014419832404567953,5,沪深300;创业板;纳指;黄金;国债ETF,沪深300;创业板;纳指;黄金;国债ETF,
2019-09-16,1616050.8967487107,1616050.8967487107,0.0,1.0,False,normal,-0.016648346910008247,5,沪深300;创业板;纳指;黄金;国债ETF,沪深300;创业板;纳指;黄金;国债ETF,
2019-09-17,1603154.9115437623,1603154.9115437623,0.0,1.0,False,normal,-0.024495431673875013,5,沪深300;创业板;纳指;黄金;国债ETF,沪深300;创业板;纳指;黄金;国债ETF,
2019-09-18,1607224.6928423068,1607224.692842307,-2.3283064365386963e-10,1.0,False,normal,-0.022019008328737787,5,沪深300;创业板;纳指;黄金;国债ETF,沪深300;创业板;纳指;黄金;国债ETF,
2019-09-19,1613010.3752397564,1613010.3752397564,0.0,1.0,False,normal,-0.01849847542891884,5,沪深300;创业板;纳指;黄金;国债ETF,沪深300;创业板;纳指;黄金;国债ETF,
2019-09-20,1614805.3059171084,1614805.3059171084,0.0,1.0,False,normal,-0.01740627712482638,5,沪深300;创业板;纳指;黄金;国债ETF,沪深300;创业板;纳指;黄金;国债ETF,
2019-09-23,1609887.219658371,1609887.219658371,0.0,1.0,False,normal,-0.02039888599766473,5,沪深300;创业板;纳指;黄金;国债ETF,沪深300;创业板;纳指;黄金;国债ETF,
2019-09-24,1613229.5008501832,1613229.5008501832,0.0,1.0,False,normal,-0.018365139571934985,5,沪深300;创业板;纳指;黄金;国债ETF,沪深300;创业板;纳指;黄金;国债ETF,
2019-09-25,1604630.25787281,1604630.25787281,0.0,1.0,False,normal,-0.023597697416576573,4,沪深300;创业板;黄金;国债ETF,沪深300;创业板;黄金;国债ETF,
2019-09-26,1584028.8191938787,1584028.8191938787,0.0,1.0,False,normal,-0.03613347758396892,5,沪深300;创业板;纳指;黄金;国债ETF,沪深300;创业板;纳指;黄金;国债ETF,
2019-09-27,1586575.2552621379,1586575.255262138,-2.3283064365386963e-10,1.0,False,normal,-0.03458399537258037,5,沪深300;创业板;纳指;黄金;国债ETF,沪深300;创业板;纳指;黄金;国债ETF,
2019-09-30,1576927.110225573,1576927.1102255732,-2.3283064365386963e-10,1.0,False,normal,-0.04045480017832367,5,沪深300;创业板;纳指;黄金;国债ETF,沪深300;创业板;纳指;黄金;国债ETF,
2019-10-08,1576914.300284783,1576914.300284783,0.0,1.0,False,normal,-0.040462594905876635,4,沪深300;创业板;纳指;黄金,沪深300;创业板;纳指;黄金,
2019-10-09,1579431.9878243294,1579431.9878243294,0.0,1.0,False,normal,-0.0389306059017196,5,沪深300;创业板;纳指;黄金;国债ETF,沪深300;创业板;纳指;黄金;国债ETF,
2019-10-10,1589955.7996997058,1589955.799699706,-2.3283064365386963e-10,1.0,False,normal,-0.03252696612448267,5,沪深300;创业板;纳指;黄金;国债ETF,沪深300;创业板;纳指;黄金;国债ETF,
2019-10-11,1595750.1257085518,1595750.1257085518,0.0,1.0,False,normal,-0.029001173669056624,4,沪深300;创业板;纳指;黄金,沪深300;创业板;纳指;黄金,
2019-10-14,1598449.2519853795,1598449.2519853795,0.0,0.7693706832327138,False,normal,-0.027358780913013483,3,沪深300;创业板;纳指,沪深300;创业板;纳指,
2019-10-15,1592175.3100721715,1592175.3100721715,0.0,0.7849292379229169,False,normal,-0.031176415100250966,3,沪深300;创业板;纳指,沪深300;创业板;纳指,
2019-10-16,1593263.3354532253,1593263.3354532253,0.0,0.8095918922661506,False,normal,-0.030514361968622717,3,沪深300;创业板;纳指,沪深300;创业板;纳指,
2019-10-17,1594881.2793421142,1594881.279342114,2.3283064365386963e-10,0.8349920738285106,False,normal,-0.029529858447757948,3,沪深300;创业板;纳指,沪深300;创业板;纳指,
2019-10-18,1584419.0573018508,1584419.0573018505,2.3283064365386963e-10,0.8378467086838112,False,normal,-0.035896021394101946,3,沪深300;创业板;纳指,沪深300;创业板;纳指,
2019-10-21,1581201.6811535142,1581201.681153514,2.3283064365386963e-10,0.8616990397483858,False,normal,-0.037853764284777144,3,沪深300;创业板;纳指,沪深300;创业板;纳指,
2019-10-22,1594763.5686653557,1594763.5686653554,2.3283064365386963e-10,0.8556569911740783,False,normal,-0.029601484278856297,3,沪深300;创业板;纳指,沪深300;创业板;纳指,
2019-10-23,1579913.692042886,1579913.6920428858,2.3283064365386963e-10,0.8373075051705337,False,normal,-0.03863749345051458,3,沪深300;创业板;纳指,沪深300;创业板;纳指,
2019-10-24,1584842.658404783,1584842.6584047829,2.3283064365386963e-10,0.8593583880322923,False,normal,-0.03563826413802955,3,沪深300;创业板;纳指,沪深300;创业板;纳指,
2019-10-25,1597152.2195909366,1597152.2195909366,0.0,1.0,False,normal,-0.02814801283123633,4,沪深300;创业板;纳指;国债ETF,沪深300;创业板;纳指;国债ETF,
2019-10-28,1611210.615769131,1611210.615769131,0.0,0.8278381240933761,False,normal,-0.019593612007948853,3,沪深300;创业板;纳指,沪深300;创业板;纳指,
2019-10-29,1606127.3517856374,1606127.3517856374,0.0,0.8447589460493503,False,normal,-0.022686729960680378,3,沪深300;创业板;纳指,沪深300;创业板;纳指,
2019-10-30,1597530.7555364943,1597530.7555364943,0.0,0.8522766578287139,False,normal,-0.02791767729628066,3,沪深300;创业板;纳指,沪深300;创业板;纳指,
2019-10-31,1596546.8228327273,1596546.8228327273,0.0,1.0,False,normal,-0.028516391020412216,3,沪深300;创业板;纳指,沪深300;创业板;纳指,
2019-11-01,1614182.4690269171,1614182.4690269171,0.0,0.8542350592715898,False,normal,-0.017785267469008766,3,沪深300;创业板;纳指,沪深300;创业板;纳指,
2019-11-04,1622722.3916778066,1622722.3916778064,2.3283064365386963e-10,1.0,False,normal,-0.01258880548077062,3,沪深300;创业板;纳指,沪深300;创业板;纳指,
2019-11-05,1633493.5008757268,1633493.5008757268,0.0,1.0,False,normal,-0.006034687626749458,4,沪深300;创业板;纳指;国债ETF,沪深300;创业板;纳指;国债ETF,
2019-11-06,1627125.7870641449,1627125.7870641449,0.0,1.0,False,normal,-0.009909381125339655,4,沪深300;创业板;纳指;国债ETF,沪深300;创业板;纳指;国债ETF,
2019-11-07,1630034.6226121453,1630034.6226121453,0.0,1.0,False,normal,-0.008139382265496866,3,沪深300;创业板;纳指,沪深300;创业板;纳指,
2019-11-08,1624266.9725285864,1624266.9725285862,2.3283064365386963e-10,1.0,False,normal,-0.011648942673230828,3,沪深300;创业板;纳指,沪深300;创业板;纳指,
2019-11-11,1606863.4299296194,1606863.4299296194,0.0,1.0,False,normal,-0.0222388333869126,1,纳指,纳指,
2019-11-12,1614957.1006646578,1614957.1006646578,0.0,1.0,False,normal,-0.01731391145971439,1,纳指,纳指,
2019-11-13,1615496.6787136605,1615496.6787136605,0.0,1.0,False,normal,-0.016985583331234434,1,纳指,纳指,
2019-11-14,1619273.7250566783,1619273.7250566783,0.0,1.0,False,normal,-0.014687286431875309,2,纳指;国债ETF,纳指;国债ETF,
2019-11-15,1623452.124306357,1623452.124306357,0.0,1.0,False,normal,-0.012144770092997617,2,纳指;国债ETF,纳指;国债ETF,
2019-11-18,1629397.3216739802,1629397.3216739802,0.0,1.0,False,normal,-0.0085271738457752,4,沪深300;创业板;纳指;国债ETF,沪深300;创业板;纳指;国债ETF,
2019-11-19,1647156.9948259946,1647156.9948259946,0.0,1.0,False,normal,0.0,4,沪深300;创业板;纳指;国债ETF,沪深300;创业板;纳指;国债ETF,
2019-11-20,1638112.8924596037,1638112.8924596035,2.3283064365386963e-10,1.0,False,normal,-0.005490734881252949,3,创业板;纳指;国债ETF,创业板;纳指;国债ETF,
2019-11-21,1634451.8995719857,1634451.8995719855,2.3283064365386963e-10,1.0,False,normal,-0.007713348086380227,3,创业板;纳指;国债ETF,创业板;纳指;国债ETF,
2019-11-22,1623510.7789099158,1623510.7789099158,0.0,1.0,False,normal,-0.014355775430244737,2,纳指;国债ETF,纳指;国债ETF,
2019-11-25,1627908.2331928196,1627908.2331928196,0.0,1.0,False,normal,-0.011686051598990657,2,纳指;国债ETF,纳指;国债ETF,
2019-11-26,1640683.0430941032,1640683.0430941032,0.0,1.0,False,normal,-0.003930379285172679,3,沪深300;纳指;国债ETF,沪深300;纳指;国债ETF,
2019-11-27,1638437.6349041143,1638437.6349041143,0.0,1.0,False,normal,-0.005293581576783099,4,沪深300;创业板;纳指;国债ETF,沪深300;创业板;纳指;国债ETF,
2019-11-28,1640195.9133727932,1640195.9133727932,0.0,1.0,False,normal,-0.004226118988698299,4,沪深300;创业板;纳指;国债ETF,沪深300;创业板;纳指;国债ETF,
2019-11-29,1632999.1658538368,1632999.1658538368,0.0,1.0,False,normal,-0.008595312418081568,4,沪深300;创业板;纳指;国债ETF,沪深300;创业板;纳指;国债ETF,
2019-12-02,1639214.504585887,1639214.504585887,0.0,1.0,False,normal,-0.004821938810360069,4,沪深300;创业板;纳指;国债ETF,沪深300;创业板;纳指;国债ETF,
2019-12-03,1638251.9226571205,1638251.9226571205,0.0,1.0,False,normal,-0.005406328720848385,4,沪深300;创业板;纳指;国债ETF,沪深300;创业板;纳指;国债ETF,
2019-12-04,1633228.375641103,1633228.375641103,0.0,1.0,False,normal,-0.008456157627138092,3,创业板;纳指;国债ETF,创业板;纳指;国债ETF,
2019-12-05,1647796.2956770724,1647796.2956770724,0.0,1.0,False,normal,0.0,3,创业板;纳指;国债ETF,创业板;纳指;国债ETF,
2019-12-06,1651827.1212386596,1651827.1212386596,0.0,1.0,False,normal,0.0,3,创业板;纳指;国债ETF,创业板;纳指;国债ETF,
2019-12-09,1654089.4334036855,1654089.4334036855,0.0,1.0,False,normal,0.0,3,创业板;纳指;国债ETF,创业板;纳指;国债ETF,
2019-12-10,1655388.4873928851,1655388.4873928851,0.0,1.0,False,normal,0.0,3,创业板;纳指;国债ETF,创业板;纳指;国债ETF,
2019-12-11,1649044.3900236783,1649044.3900236783,0.0,1.0,False,normal,-0.003832391863011155,3,创业板;纳指;国债ETF,创业板;纳指;国债ETF,
2019-12-12,1654330.5890497868,1654330.5890497868,0.0,1.0,False,normal,-0.0006390634894196115,3,创业板;纳指;国债ETF,创业板;纳指;国债ETF,
2019-12-13,1670435.1035643131,1670435.1035643131,0.0,1.0,False,normal,0.0,4,沪深300;创业板;纳指;国债ETF,沪深300;创业板;纳指;国债ETF,
2019-12-16,1679758.4325029505,1679758.4325029505,0.0,1.0,False,normal,0.0,4,沪深300;创业板;纳指;国债ETF,沪深300;创业板;纳指;国债ETF,
2019-12-17,1696028.691475856,1696028.691475856,0.0,1.0,False,normal,0.0,4,沪深300;创业板;纳指;国债ETF,沪深300;创业板;纳指;国债ETF,
2019-12-18,1687508.0137510006,1687508.0137510006,0.0,1.0,False,normal,-0.005023899517549259,4,沪深300;创业板;纳指;国债ETF,沪深300;创业板;纳指;国债ETF,
2019-12-19,1685155.0291446366,1685155.0291446366,0.0,1.0,False,normal,-0.006411249046593202,4,沪深300;创业板;纳指;国债ETF,沪深300;创业板;纳指;国债ETF,
2019-12-20,1685876.6526846709,1685876.6526846709,0.0,1.0,False,normal,-0.005985770666621729,4,沪深300;创业板;纳指;国债ETF,沪深300;创业板;纳指;国债ETF,
2019-12-23,1673803.5305436777,1673803.5305436775,2.3283064365386963e-10,1.0,False,normal,-0.013104236410551627,3,创业板;纳指;国债ETF,创业板;纳指;国债ETF,
2019-12-24,1689008.9298963936,1689008.9298963936,0.0,1.0,False,normal,-0.0041389403462000676,4,沪深300;创业板;纳指;国债ETF,沪深300;创业板;纳指;国债ETF,
2019-12-25,1690838.7225060384,1690838.7225060384,0.0,1.0,False,normal,-0.0030600714456671613,4,沪深300;创业板;纳指;国债ETF,沪深300;创业板;纳指;国债ETF,
2019-12-26,1699207.7981258659,1699207.7981258659,0.0,1.0,False,normal,0.0,3,创业板;纳指;国债ETF,创业板;纳指;国债ETF,
2019-12-27,1696073.4094144746,1696073.4094144744,2.3283064365386963e-10,1.0,False,normal,-0.0018446176593871042,3,创业板;纳指;国债ETF,创业板;纳指;国债ETF,
2019-12-30,1704215.5287446154,1704215.5287446154,0.0,1.0,False,normal,0.0,4,沪深300;创业板;纳指;国债ETF,沪深300;创业板;纳指;国债ETF,
2019-12-31,1705656.9903464504,1705656.9903464504,0.0,1.0,False,normal,0.0,5,沪深300;创业板;纳指;黄金;国债ETF,沪深300;创业板;纳指;黄金;国债ETF,
2020-01-02,1719233.453650131,1719233.4536501311,-2.3283064365386963e-10,1.0,False,normal,0.0,5,沪深300;创业板;纳指;黄金;国债ETF,沪深300;创业板;纳指;黄金;国债ETF,
2020-01-03,1724681.5792340774,1724681.5792340774,0.0,1.0,False,normal,0.0,5,沪深300;创业板;纳指;黄金;国债ETF,沪深300;创业板;纳指;黄金;国债ETF,
2020-01-06,1731510.5138951347,1731510.513895135,-2.3283064365386963e-10,1.0,False,normal,0.0,5,沪深300;创业板;纳指;黄金;国债ETF,沪深300;创业板;纳指;黄金;国债ETF,
2020-01-07,1742405.7144634833,1742405.7144634833,0.0,1.0,False,normal,0.0,5,沪深300;创业板;纳指;黄金;国债ETF,沪深300;创业板;纳指;黄金;国债ETF,
2020-01-08,1736087.0112865618,1736087.0112865618,0.0,1.0,False,normal,-0.0036264247324665736,5,沪深300;创业板;纳指;黄金;国债ETF,沪深300;创业板;纳指;黄金;国债ETF,
2020-01-09,1744775.7689932154,1744775.7689932154,0.0,1.0,False,normal,0.0,5,沪深300;创业板;纳指;黄金;国债ETF,沪深300;创业板;纳指;黄金;国债ETF,
2020-01-10,1752614.758419657,1752614.7584196571,-2.3283064365386963e-10,1.0,False,normal,0.0,5,沪深300;创业板;纳指;黄金;国债ETF,沪深300;创业板;纳指;黄金;国债ETF,
2020-01-13,1761623.6178636116,1761623.6178636118,-2.3283064365386963e-10,1.0,False,normal,0.0,5,沪深300;创业板;纳指;黄金;国债ETF,沪深300;创业板;纳指;黄金;国债ETF,
2020-01-14,1757978.5454015173,1757978.5454015175,-2.3283064365386963e-10,1.0,False,normal,-0.0020691550823522496,5,沪深300;创业板;纳指;黄金;国债ETF,沪深300;创业板;纳指;黄金;国债ETF,
2020-01-15,1758821.448028475,1758821.4480284753,-2.3283064365386963e-10,1.0,False,normal,-0.0015906745383754582,5,沪深300;创业板;纳指;黄金;国债ETF,沪深300;创业板;纳指;黄金;国债ETF,
2020-01-16,1762971.5729432723,1762971.5729432725,-2.3283064365386963e-10,1.0,False,normal,0.0,5,沪深300;创业板;纳指;黄金;国债ETF,沪深300;创业板;纳指;黄金;国债ETF,
2020-01-17,1768203.438650307,1768203.438650307,0.0,1.0,False,normal,0.0,5,沪深300;创业板;纳指;黄金;国债ETF,沪深300;创业板;纳指;黄金;国债ETF,
2020-01-20,1773977.8412382873,1773977.8412382875,-2.3283064365386963e-10,1.0,False,normal,0.0,5,沪深300;创业板;纳指;黄金;国债ETF,沪深300;创业板;纳指;黄金;国债ETF,
2020-01-21,1767320.0323435592,1767320.0323435594,-2.3283064365386963e-10,1.0,False,normal,-0.0037530394912265288,5,沪深300;创业板;纳指;黄金;国债ETF,沪深300;创业板;纳指;黄金;国债ETF,
2020-01-22,1773536.42578197,1773536.42578197,0.0,1.0,False,normal,-0.00024882805526434565,5,沪深300;创业板;纳指;黄金;国债ETF,沪深300;创业板;纳指;黄金;国债ETF,
2020-01-23,1759715.2609822222,1759715.2609822224,-2.3283064365386963e-10,1.0,False,normal,-0.00803988636414389,5,沪深300;创业板;纳指;黄金;国债ETF,沪深300;创业板;纳指;黄金;国债ETF,
2020-02-03,1699258.9072486956,1699258.9072486956,0.0,1.0,False,normal,-0.042119429145425914,4,创业板;纳指;黄金;国债ETF,创业板;纳指;黄金;国债ETF,
2020-02-04,1733677.1522311957,1733677.1522311957,0.0,0.7974050855222833,False,normal,-0.02271769583038339,4,创业板;纳指;黄金;国债ETF,创业板;纳指;黄金;国债ETF,
2020-02-05,1763369.442052221,1763369.442052221,0.0,0.744297542744761,False,normal,-0.005980006592788885,4,创业板;纳指;黄金;国债ETF,创业板;纳指;黄金;国债ETF,
2020-02-06,1787671.2627147515,1787671.2627147515,0.0,0.7314629326771863,False,normal,0.0,4,创业板;纳指;黄金;国债ETF,创业板;纳指;黄金;国债ETF,
2020-02-07,1796040.042512742,1796040.042512742,0.0,0.7537786075057906,False,normal,0.0,4,创业板;纳指;黄金;国债ETF,创业板;纳指;黄金;国债ETF,
2020-02-10,1806118.9969356556,1806118.9969356556,0.0,0.7756820886508367,False,normal,0.0,4,创业板;纳指;黄金;国债ETF,创业板;纳指;黄金;国债ETF,
2020-02-11,1818816.577083081,1818816.577083081,0.0,0.7957875939204676,False,normal,0.0,4,创业板;纳指;黄金;国债ETF,创业板;纳指;黄金;国债ETF,
2020-02-12,1842976.6078970141,1842976.6078970141,0.0,0.6100159986644037,False,normal,0.0,5,沪深300;创业板;纳指;黄金;国债ETF,沪深300;创业板;纳指;黄金;国债ETF,
2020-02-13,1860826.2543291284,1860826.2543291284,0.0,0.6227447728845117,False,normal,0.0,5,沪深300;创业板;纳指;黄金;国债ETF,沪深300;创业板;纳指;黄金;国债ETF,
2020-02-14,1847015.1864012117,1847015.186401212,-2.3283064365386963e-10,0.6196329741028536,False,normal,-0.007422008312590141,5,沪深300;创业板;纳指;黄金;国债ETF,沪深300;创业板;纳指;黄金;国债ETF,
2020-02-17,1868204.6425895507,1868204.642589551,-2.3283064365386963e-10,0.6267640254201189,False,normal,0.0,5,沪深300;创业板;纳指;黄金;国债ETF,沪深300;创业板;纳指;黄金;国债ETF,
2020-02-18,1858012.977350877,1858012.977350877,0.0,0.6312573661157043,False,normal,-0.005455325935036194,5,沪深300;创业板;纳指;黄金;国债ETF,沪深300;创业板;纳指;黄金;国债ETF,
2020-02-19,1852324.091278342,1852324.091278342,0.0,0.7454625477166347,False,normal,-0.008500434561171161,4,创业板;纳指;黄金;国债ETF,创业板;纳指;黄金;国债ETF,
2020-02-20,1867387.9268129927,1867387.9268129927,0.0,0.6502760829021546,False,normal,-0.00043716612085171265,5,沪深300;创业板;纳指;黄金;国债ETF,沪深300;创业板;纳指;黄金;国债ETF,
2020-02-21,1873767.0606390578,1873767.0606390578,0.0,0.6706991390828706,False,normal,0.0,5,沪深300;创业板;纳指;黄金;国债ETF,沪深300;创业板;纳指;黄金;国债ETF,
2020-02-24,1869147.6283209126,1869147.6283209128,-2.3283064365386963e-10,0.6839778783604623,False,normal,-0.0024653183499605846,5,沪深300;创业板;纳指;黄金;国债ETF,沪深300;创业板;纳指;黄金;国债ETF,
2020-02-25,1876846.8033798304,1876846.8033798307,-2.3283064365386963e-10,0.7050980011175896,False,normal,0.0,5,沪深300;创业板;纳指;黄金;国债ETF,沪深300;创业板;纳指;黄金;国债ETF,
2020-02-26,1853111.2096466674,1853111.2096466674,0.0,0.66819251448232,False,normal,-0.012646526978344726,5,沪深300;创业板;纳指;黄金;国债ETF,沪深300;创业板;纳指;黄金;国债ETF,
2020-02-27,1850247.857271851,1850247.857271851,0.0,0.6864813324555179,False,normal,-0.014172145568876452,5,沪深300;创业板;纳指;黄金;国债ETF,沪深300;创业板;纳指;黄金;国债ETF,
2020-02-28,1795882.1882764162,1795882.1882764162,0.0,0.579770770827185,False,normal,-0.04313863814436692,4,创业板;纳指;黄金;国债ETF,创业板;纳指;黄金;国债ETF,
2020-03-02,1818052.7327320948,1818052.7327320948,0.0,0.524928023923152,False,normal,-0.031325982782323576,5,沪深300;创业板;纳指;黄金;国债ETF,沪深300;创业板;纳指;黄金;国债ETF,
2020-03-03,1826426.3050906663,1826426.3050906663,0.0,0.5918481011194333,False,normal,-0.026864471942178125,4,创业板;纳指;黄金;国债ETF,创业板;纳指;黄金;国债ETF,
2020-03-04,1836294.5544164546,1836294.5544164546,0.0,0.5540636960325699,False,normal,-0.021606584453429667,5,沪深300;创业板;纳指;黄金;国债ETF,沪深300;创业板;纳指;黄金;国债ETF,
2020-03-05,1851261.5010341855,1851261.5010341858,-2.3283064365386963e-10,0.5654438136314652,False,normal,-0.013632067518548044,5,沪深300;创业板;纳指;黄金;国债ETF,沪深300;创业板;纳指;黄金;国债ETF,
2020-03-06,1842652.2073947333,1842652.2073947333,0.0,0.6434159854210811,False,normal,-0.0182191726695644,4,创业板;纳指;黄金;国债ETF,创业板;纳指;黄金;国债ETF,
2020-03-09,1790041.778667314,1790041.778667314,0.0,0.5258434184626546,False,normal,-0.04625045824528552,4,创业板;纳指;黄金;国债ETF,创业板;纳指;黄金;国债ETF,
2020-03-10,1815356.5721578428,1815356.5721578428,0.0,0.5206313923384758,False,normal,-0.0327625201541521,4,创业板;纳指;黄金;国债ETF,创业板;纳指;黄金;国债ETF,
2020-03-11,1795472.7115141759,1795472.7115141759,0.0,0.5229695579170928,False,normal,-0.0433568108591047,4,创业板;纳指;黄金;国债ETF,创业板;纳指;黄金;国债ETF,
2020-03-12,1763076.071332281,1763076.0713322808,2.3283064365386963e-10,0.7155581509786711,False,normal,-0.060618017327077965,3,创业板;黄金;国债ETF,创业板;黄金;国债ETF,
2020-03-13,1737802.8273239492,1737802.8273239492,0.0,0.6831821352190875,False,normal,-0.07408381749937741,3,创业板;黄金;国债ETF,创业板;黄金;国债ETF,
2020-03-16,1686948.7091829537,1686948.7091829537,0.0,1.0,False,warning,-0.10117932580054365,1,国债ETF,国债ETF,
2020-03-17,1683134.4281427506,1683134.4281427506,0.0,1.0,False,warning,-0.10321160730233393,1,国债ETF,国债ETF,
2020-03-18,1683134.4281427506,1683134.4281427506,0.0,1.0,False,warning,-0.10321160730233393,1,国债ETF,国债ETF,
2020-03-19,1678822.6321842598,1678822.6321842598,0.0,1.0,False,warning,-0.10550896900001011,1,国债ETF,国债ETF,
2020-03-20,1681890.640847032,1681890.640847032,0.0,1.0,False,warning,-0.10387430779204831,1,国债ETF,国债ETF,
2020-03-23,1690127.2767164565,1690127.2767164565,0.0,1.0,False,warning,-0.09948575788238492,1,国债ETF,国债ETF,
2020-03-24,1690334.5745990763,1690334.5745990763,0.0,0.56182180402718,False,warning,-0.09937530780076587,2,黄金;国债ETF,黄金;国债ETF,
2020-03-25,1704380.0564636814,1704380.0564636814,0.0,0.5713655599336337,False,warning,-0.09189175515314862,2,黄金;国债ETF,黄金;国债ETF,
2020-03-26,1704091.3037554005,1704091.3037554005,0.0,0.5891298767186754,False,warning,-0.09204560506128227,2,黄金;国债ETF,黄金;国债ETF,
2020-03-27,1715043.53264258,1715043.53264258,0.0,0.4699486292723514,False,warning,-0.08621016400799181,4,沪深300;创业板;黄金;国债ETF,沪深300;创业板;黄金;国债ETF,
2020-03-30,1699075.2714377972,1699075.2714377972,0.0,0.6182146941674124,False,warning,-0.09471818990335375,2,黄金;国债ETF,黄金;国债ETF,
2020-03-31,1701410.2331968194,1701410.2331968194,0.0,0.6376070278842579,False,warning,-0.09347410234393366,2,黄金;国债ETF,黄金;国债ETF,
2020-04-01,1689252.9882949158,1689252.9882949158,0.0,0.6444913868668825,False,warning,-0.09995158621742342,2,黄金;国债ETF,黄金;国债ETF,
2020-04-02,1691790.228877306,1691790.228877306,0.0,0.6645286114737402,False,warning,-0.09859972277400271,2,黄金;国债ETF,黄金;国债ETF,
2020-04-03,1699032.2633048268,1699032.2633048268,0.0,0.6822739812775283,False,warning,-0.0947411050037727,2,黄金;国债ETF,黄金;国债ETF,
2020-04-07,1727507.236650637,1727507.236650637,0.0,0.6490771129218545,False,normal,-0.07956939610641768,2,黄金;国债ETF,黄金;国债ETF,
2020-04-08,1722930.3983154094,1722930.3983154094,0.0,0.6653945448183031,False,warning,-0.08200797464515908,2,黄金;国债ETF,黄金;国债ETF,
2020-04-09,1726029.421195524,1726029.421195524,0.0,0.6862748721787757,False,warning,-0.08035678879742027,2,黄金;国债ETF,黄金;国债ETF,
2020-04-10,1729324.4720400288,1729324.4720400288,0.0,0.7077926583096844,False,normal,-0.07860115757670955,2,黄金;国债ETF,黄金;国债ETF,
2020-04-13,1730299.4772579644,1730299.4772579644,0.0,0.7297904402926476,False,normal,-0.07808166647270476,2,黄金;国债ETF,黄金;国债ETF,
2020-04-14,1740478.4270059415,1740478.4270059415,0.0,0.7469022145944185,False,normal,-0.07265823514647887,2,黄金;国债ETF,黄金;国债ETF,
2020-04-15,1742251.1340264762,1742251.1340264762,0.0,0.7702134007296744,False,normal,-0.07171372171184885,2,黄金;国债ETF,黄金;国债ETF,
2020-04-16,1747976.3186057159,1747976.3186057159,0.0,0.7934970213421081,False,normal,-0.06866329449054887,2,黄金;国债ETF,黄金;国债ETF,
2020-04-17,1733130.6905962098,1733130.6905962098,0.0,0.779830743217099,False,normal,-0.07657317183523783,2,黄金;国债ETF,黄金;国债ETF,
2020-04-20,1728816.8972782744,1728816.8972782744,0.0,1.0,False,normal,-0.07887159774307813,1,国债ETF,国债ETF,
2020-04-21,1729702.9375699726,1729702.9375699726,0.0,0.8188195328700109,False,normal,-0.07839950791129079,2,黄金;国债ETF,黄金;国债ETF,
2020-04-22,1730498.023594994,1730498.023594994,0.0,0.8443384243443041,False,normal,-0.07797587928929046,2,黄金;国债ETF,黄金;国债ETF,
2020-04-23,1748531.5305610185,1748531.5305610185,0.0,0.8334485682692786,False,normal,-0.06836747282076591,2,黄金;国债ETF,黄金;国债ETF,
2020-04-24,1756074.4568074902,1756074.4568074902,0.0,0.6587768530093927,False,normal,-0.06434853732060235,3,纳指;黄金;国债ETF,纳指;黄金;国债ETF,
2020-04-27,1772428.4218009259,1772428.4218009259,0.0,0.6692832945569521,False,normal,-0.0556350051537865,3,纳指;黄金;国债ETF,纳指;黄金;国债ETF,
2020-04-28,1783529.7584736245,1783529.7584736245,0.0,0.6875018956069151,False,normal,-0.0497201181993972,3,纳指;黄金;国债ETF,纳指;黄金;国债ETF,
2020-04-29,1799044.2035353761,1799044.2035353761,0.0,0.700853638323523,False,normal,-0.041453889419395984,3,纳指;黄金;国债ETF,纳指;黄金;国债ETF,
2020-04-30,1803724.879559132,1803724.8795591318,2.3283064365386963e-10,0.7227684486620857,False,normal,-0.0389599852737156,3,纳指;黄金;国债ETF,纳指;黄金;国债ETF,
2020-05-06,1803460.5118797715,1803460.5118797712,2.3283064365386963e-10,0.7422173945245113,False,normal,-0.03910084263025876,3,纳指;黄金;国债ETF,纳指;黄金;国债ETF,
2020-05-07,1799661.0725260645,1799661.0725260645,0.0,0.6637575463083554,False,normal,-0.04112521635477638,4,创业板;纳指;黄金;国债ETF,创业板;纳指;黄金;国债ETF,
2020-05-08,1811404.3906841497,1811404.3906841497,0.0,0.7777312145718654,False,normal,-0.03486827618419995,3,纳指;黄金;国债ETF,纳指;黄金;国债ETF,
2020-05-11,1797651.0227498654,1797651.0227498654,0.0,0.764434671806749,False,normal,-0.042196188035885,3,纳指;黄金;国债ETF,纳指;黄金;国债ETF,
2020-05-12,1785955.4401016026,1785955.4401016026,0.0,0.6906456319557576,False,normal,-0.048427694319296846,4,创业板;纳指;黄金;国债ETF,创业板;纳指;黄金;国债ETF,
2020-05-13,1788836.7000036463,1788836.7000036465,-2.3283064365386963e-10,0.7066849181588194,False,normal,-0.046892534445376846,5,沪深300;创业板;纳指;黄金;国债ETF,沪深300;创业板;纳指;黄金;国债ETF,
2020-05-14,1779200.5823559328,1779200.5823559328,0.0,0.7143699993460585,False,normal,-0.05202674019427482,5,沪深300;创业板;纳指;黄金;国债ETF,沪深300;创业板;纳指;黄金;国债ETF,
2020-05-15,1786496.3783233098,1786496.37832331,-2.3283064365386963e-10,0.734936664022232,False,normal,-0.04813947781663231,5,沪深300;创业板;纳指;黄金;国债ETF,沪深300;创业板;纳指;黄金;国债ETF,
2020-05-18,1798559.878837203,1798559.8788372031,-2.3283064365386963e-10,0.7503224215489493,False,normal,-0.041711941753396306,5,沪深300;创业板;纳指;黄金;国债ETF,沪深300;创业板;纳指;黄金;国债ETF,
2020-05-19,1808431.844932685,1808431.844932685,0.0,0.7700654963727867,False,normal,-0.03645207393802398,5,沪深300;创业板;纳指;黄金;国债ETF,沪深300;创业板;纳指;黄金;国债ETF,
2020-05-20,1803521.5945119509,1803521.5945119509,0.0,0.7858407949818711,False,normal,-0.0390682972823543,5,沪深300;创业板;纳指;黄金;国债ETF,沪深300;创业板;纳指;黄金;国债ETF,
2020-05-21,1794076.040791469,1794076.040791469,0.0,0.7919787434969456,False,normal,-0.044100968943926434,5,沪深300;创业板;纳指;黄金;国债ETF,沪深300;创业板;纳指;黄金;国债ETF,
2020-05-22,1766788.5088665667,1766788.5088665667,0.0,0.724885782510598,False,normal,-0.058639998914706566,5,沪深300;创业板;纳指;黄金;国债ETF,沪深300;创业板;纳指;黄金;国债ETF,
2020-05-25,1777458.5750435786,1777458.5750435786,0.0,0.7388062063273202,False,normal,-0.05295489656229439,5,沪深300;创业板;纳指;黄金;国债ETF,沪深300;创业板;纳指;黄金;国债ETF,
2020-05-26,1800848.6473629877,1800848.647362988,-2.3283064365386963e-10,0.7189088099955114,False,normal,-0.040492466343009466,5,沪深300;创业板;纳指;黄金;国债ETF,沪深300;创业板;纳指;黄金;国债ETF,
2020-05-27,1784895.7382585653,1784895.7382585655,-2.3283064365386963e-10,0.7119792183678949,False,normal,-0.04899231250823425,5,沪深300;创业板;纳指;黄金;国债ETF,沪深300;创业板;纳指;黄金;国债ETF,
2020-05-28,1784560.3631549068,1784560.363154907,-2.3283064365386963e-10,0.7340309906767107,False,normal,-0.04917100322665335,5,沪深300;创业板;纳指;黄金;国债ETF,沪深300;创业板;纳指;黄金;国债ETF,
2020-05-29,1787501.5254701625,1787501.5254701627,-2.3283064365386963e-10,0.7568850342374998,False,normal,-0.047603926835570555,5,沪深300;创业板;纳指;黄金;国债ETF,沪深300;创业板;纳指;黄金;国债ETF,
2020-06-01,1814194.6759254865,1814194.6759254867,-2.3283064365386963e-10,0.7227946388543999,False,normal,-0.0333815883861804,5,沪深300;创业板;纳指;黄金;国债ETF,沪深300;创业板;纳指;黄金;国债ETF,
2020-06-02,1809643.0832186127,1809643.0832186127,0.0,0.5828076852087999,False,normal,-0.03580671583860606,4,沪深300;创业板;纳指;黄金,沪深300;创业板;纳指;黄金,
2020-06-03,1807918.6394006566,1807918.6394006566,0.0,0.5997993605664249,False,normal,-0.036725514226865964,4,沪深300;创业板;纳指;黄金,沪深300;创业板;纳指;黄金,
2020-06-04,1809763.93059798,1809763.93059798,0.0,0.6185440327869847,False,normal,-0.03574232732317171,4,沪深300;创业板;纳指;黄金,沪深300;创业板;纳指;黄金,
2020-06-05,1814959.4949755638,1814959.4949755638,0.0,0.6377449773577157,False,normal,-0.032974086266827844,4,沪深300;创业板;纳指;黄金,沪深300;创业板;纳指;黄金,
2020-06-08,1810506.3012463576,1810506.3012463576,0.0,0.6541213046504698,False,normal,-0.035346785903893,4,沪深300;创业板;纳指;黄金,沪深300;创业板;纳指;黄金,
2020-06-09,1820472.5663740444,1820472.5663740444,0.0,0.6713291749869313,False,normal,-0.030036674759105098,4,沪深300;创业板;纳指;黄金,沪深300;创业板;纳指;黄金,
2020-06-10,1826808.5884957626,1826808.5884957626,0.0,0.6917636095558518,False,normal,-0.026660788080283878,4,沪深300;创业板;纳指;黄金,沪深300;创业板;纳指;黄金,
2020-06-11,1825802.9461882655,1825802.9461882655,0.0,0.7119528187346591,False,normal,-0.027196602887164297,4,沪深300;创业板;纳指;黄金,沪深300;创业板;纳指;黄金,
2020-06-12,1824088.9080610208,1824088.9080610208,0.0,0.7322493928317682,False,normal,-0.028109857034576885,4,沪深300;创业板;纳指;黄金,沪深300;创业板;纳指;黄金,
2020-06-15,1809203.55652428,1809203.55652428,0.0,0.7275269944314923,False,normal,-0.03604089941370724,4,沪深300;创业板;纳指;黄金,沪深300;创业板;纳指;黄金,
2020-06-16,1842095.2606321834,1842095.2606321834,0.0,0.6767056532414718,False,normal,-0.018515918659459243,4,沪深300;创业板;纳指;黄金,沪深300;创业板;纳指;黄金,
2020-06-17,1845542.3652197209,1845542.3652197209,0.0,0.6979644665168031,False,normal,-0.01667927190633591,4,沪深300;创业板;纳指;黄金,沪深300;创业板;纳指;黄金,
2020-06-18,1846502.909652403,1846502.909652403,0.0,0.7193109588665684,False,normal,-0.016167485632169864,4,沪深300;创业板;纳指;黄金,沪深300;创业板;纳指;黄金,
2020-06-19,1863619.4355222047,1863619.4355222047,0.0,0.7269303365735358,False,normal,-0.007047654520233527,4,沪深300;创业板;纳指;黄金,沪深300;创业板;纳指;黄金,
2020-06-22,1872407.760094767,1872407.760094767,0.0,0.7481326987327455,False,normal,-0.002365160159619649,4,沪深300;创业板;纳指;黄金,沪深300;创业板;纳指;黄金,
2020-06-23,1887271.9628557554,1887271.9628557554,0.0,0.7622955845235924,False,normal,0.0,4,沪深300;创业板;纳指;黄金,沪深300;创业板;纳指;黄金,
2020-06-24,1896025.2215948035,1896025.2215948035,0.0,0.7851105856999432,False,normal,0.0,4,沪深300;创业板;纳指;黄金,沪深300;创业板;纳指;黄金,
2020-06-29,1880919.8425021018,1880919.8425021018,0.0,0.76811360565212,False,normal,-0.007966866115840023,4,沪深300;创业板;纳指;黄金,沪深300;创业板;纳指;黄金,
2020-06-30,1901460.289258794,1901460.289258794,0.0,0.7676250593234597,False,normal,0.0,4,沪深300;创业板;纳指;黄金,沪深300;创业板;纳指;黄金,
2020-07-01,1913783.5199201505,1913783.5199201505,0.0,0.78712729161138,False,normal,0.0,4,沪深300;创业板;纳指;黄金,沪深300;创业板;纳指;黄金,
2020-07-02,1924169.0539440992,1924169.0539440992,0.0,0.8097522104013638,False,normal,0.0,4,沪深300;创业板;纳指;黄金,沪深300;创业板;纳指;黄金,
2020-07-03,1941239.3350975544,1941239.3350975544,0.0,0.8221906387455954,False,normal,0.0,4,沪深300;创业板;纳指;黄金,沪深300;创业板;纳指;黄金,
2020-07-06,1992826.5304414758,1992826.5304414758,0.0,0.6899934808373674,False,normal,0.0,4,沪深300;创业板;纳指;黄金,沪深300;创业板;纳指;黄金,
2020-07-07,2001186.0794991453,2001186.0794991453,0.0,0.7115525274470013,False,normal,0.0,4,沪深300;创业板;纳指;黄金,沪深300;创业板;纳指;黄金,
2020-07-08,2021755.856183033,2021755.856183033,0.0,0.7259012777965662,False,normal,0.0,4,沪深300;创业板;纳指;黄金,沪深300;创业板;纳指;黄金,
2020-07-09,2054914.2115527238,2054914.2115527238,0.0,0.7145430778518712,False,normal,0.0,4,沪深300;创业板;纳指;黄金,沪深300;创业板;纳指;黄金,
2020-07-10,2045286.4165192877,2045286.4165192877,0.0,0.7075396805460449,False,normal,-0.004685254001996088,4,沪深300;创业板;纳指;黄金,沪深300;创业板;纳指;黄金,
2020-07-13,2090313.835816734,2090313.835816734,0.0,0.6641636752725091,False,normal,0.0,4,沪深300;创业板;纳指;黄金,沪深300;创业板;纳指;黄金,
2020-07-14,2071599.1488228363,2071599.1488228363,0.0,0.6380686881600544,False,normal,-0.008953051294608782,4,沪深300;创业板;纳指;黄金,沪深300;创业板;纳指;黄金,
2020-07-15,2058968.4381930553,2058968.4381930553,0.0,0.6334230368821769,False,normal,-0.01499554616468933,4,沪深300;创业板;纳指;黄金,沪深300;创业板;纳指;黄金,
2020-07-16,1993503.886485523,1993503.886485523,0.0,0.48213560345537465,False,normal,-0.04631359543835437,4,沪深300;创业板;纳指;黄金,沪深300;创业板;纳指;黄金,
2020-07-17,2007078.0857750534,2007078.0857750534,0.0,0.4955598470583734,False,normal,-0.03981973836438704,4,沪深300;创业板;纳指;黄金,沪深300;创业板;纳指;黄金,
2020-07-20,2026044.998743738,2026044.998743738,0.0,0.5068354611632593,False,normal,-0.030746022904204064,4,沪深300;创业板;纳指;黄金,沪深300;创业板;纳指;黄金,
2020-07-21,2054527.5901091166,2054527.5901091166,0.0,0.5110863125601247,False,normal,-0.01712003484569333,4,沪深300;创业板;纳指;黄金,沪深300;创业板;纳指;黄金,
2020-07-22,2074004.486680941,2074004.486680941,0.0,0.5237587081688491,False,normal,-0.007802344727542124,4,沪深300;创业板;纳指;黄金,沪深300;创业板;纳指;黄金,
2020-07-23,2081139.7338871402,2081139.7338871402,0.0,0.5401809110744096,False,normal,-0.004388863419644973,4,沪深300;创业板;纳指;黄金,沪深300;创业板;纳指;黄金,
2020-07-24,2015354.4190477668,2015354.4190477668,0.0,0.44240160246888555,False,normal,-0.03586036483353171,4,沪深300;创业板;纳指;黄金,沪深300;创业板;纳指;黄金,
2020-07-27,2032149.8767080987,2032149.8767080987,0.0,0.4534702283697555,False,normal,-0.027825467215505138,4,沪深300;创业板;纳指;黄金,沪深300;创业板;纳指;黄金,
2020-07-28,2045722.4543805895,2045722.4543805895,0.0,0.46625499920326074,False,normal,-0.021332385918366933,4,沪深300;创业板;纳指;黄金,沪深300;创业板;纳指;黄金,
2020-07-29,2080872.1866894315,2080872.1866894315,0.0,0.4651993700398803,False,normal,-0.0045168572132678764,4,沪深300;创业板;纳指;黄金,沪深300;创业板;纳指;黄金,
2020-07-30,2066972.0080972482,2066972.0080972482,0.0,0.4721664868186582,False,normal,-0.011166661828253967,4,沪深300;创业板;纳指;黄金,沪深300;创业板;纳指;黄金,
2020-07-31,2095197.7818206504,2095197.7818206504,0.0,0.47759155016978555,False,normal,0.0,4,沪深300;创业板;纳指;黄金,沪深300;创业板;纳指;黄金,
2020-08-03,2113979.36186538,2113979.36186538,0.0,0.49002790967247584,False,normal,0.0,4,沪深300;创业板;纳指;黄金,沪深300;创业板;纳指;黄金,
2020-08-04,2115732.75540415,2115732.75540415,0.0,0.5046638002664547,False,normal,0.0,4,沪深300;创业板;纳指;黄金,沪深300;创业板;纳指;黄金,
2020-08-05,2134318.864642839,2134318.864642839,0.0,0.5178427069177094,False,normal,0.0,4,沪深300;创业板;纳指;黄金,沪深300;创业板;纳指;黄金,
2020-08-06,2126699.0879407595,2126699.0879407595,0.0,0.5282542556996325,False,normal,-0.0035701210481286563,4,沪深300;创业板;纳指;黄金,沪深300;创业板;纳指;黄金,
2020-08-07,2118505.823510731,2118505.823510731,0.0,0.5388081835527743,False,normal,-0.007408940338797046,4,沪深300;创业板;纳指;黄金,沪深300;创业板;纳指;黄金,
2020-08-10,2112263.88790456,2112263.88790456,0.0,0.5515677322013922,False,normal,-0.010333496603362252,4,沪深300;创业板;纳指;黄金,沪深300;创业板;纳指;黄金,
2020-08-11,2086953.795135262,2086953.795135262,0.0,0.5427184595099859,False,normal,-0.022192124284814,4,沪深300;创业板;纳指;黄金,沪深300;创业板;纳指;黄金,
2020-08-12,2039168.3170894613,2039168.3170894613,0.0,0.494459133231027,False,normal,-0.04458122407557896,4,沪深300;创业板;纳指;黄金,沪深300;创业板;纳指;黄金,
2020-08-13,2054004.7267061817,2054004.7267061817,0.0,0.505435224610246,False,normal,-0.037629868370252735,4,沪深300;创业板;纳指;黄金,沪深300;创业板;纳指;黄金,
2020-08-14,2076309.7635730144,2076309.7635730144,0.0,0.5112140608390093,False,normal,-0.02717921020649925,4,沪深300;创业板;纳指;黄金,沪深300;创业板;纳指;黄金,
2020-08-17,2098546.1981924046,2098546.1981924046,0.0,0.5182721223393053,False,normal,-0.016760694497455344,4,沪深300;创业板;纳指;黄金,沪深300;创业板;纳指;黄金,
2020-08-18,2109072.093301386,2109072.093301386,0.0,0.5334675337327378,False,normal,-0.011828959467908599,4,沪深300;创业板;纳指;黄金,沪深300;创业板;纳指;黄金,
2020-08-19,2085213.3687151999,2085213.3687151999,0.0,0.5299326775234341,False,normal,-0.02300757245841824,4,沪深300;创业板;纳指;黄金,沪深300;创业板;纳指;黄金,
2020-08-20,2063588.751058809,2063588.751058809,0.0,0.5315844524158615,False,normal,-0.03313943139225641,4,沪深300;创业板;纳指;黄金,沪深300;创业板;纳指;黄金,
2020-08-21,2090248.0003041925,2090248.0003041925,0.0,0.5312954827787868,False,normal,-0.02064867863407154,4,沪深300;创业板;纳指;黄金,沪深300;创业板;纳指;黄金,
2020-08-24,2121989.014314683,2121989.014314683,0.0,0.5272904018603809,False,normal,-0.005776948577090469,4,沪深300;创业板;纳指;黄金,沪深300;创业板;纳指;黄金,
2020-08-25,2151050.114860358,2151050.114860358,0.0,0.529546821469355,False,normal,0.0,4,沪深300;创业板;纳指;黄金,沪深300;创业板;纳指;黄金,
2020-08-26,2121143.2367513217,2121143.2367513217,0.0,0.516356127270488,False,normal,-0.01390338509662197,4,沪深300;创业板;纳指;黄金,沪深300;创业板;纳指;黄金,
2020-08-27,2165000.392005638,2165000.392005638,0.0,0.49868556739840864,False,normal,0.0,4,沪深300;创业板;纳指;黄金,沪深300;创业板;纳指;黄金,
2020-08-28,2203276.804851939,2203276.804851939,0.0,0.4947751511255244,False,normal,0.0,4,沪深300;创业板;纳指;黄金,沪深300;创业板;纳指;黄金,
2020-08-31,2224314.392099072,2224314.392099072,0.0,0.5075269631972331,False,normal,0.0,4,沪深300;创业板;纳指;黄金,沪深300;创业板;纳指;黄金,
2020-09-01,2231350.0433453815,2231350.0433453815,0.0,0.5233878486016927,False,normal,0.0,4,沪深300;创业板;纳指;黄金,沪深300;创业板;纳指;黄金,
2020-09-02,2251479.211694876,2251479.211694876,0.0,0.5372501561785801,False,normal,0.0,4,沪深300;创业板;纳指;黄金,沪深300;创业板;纳指;黄金,
2020-09-03,2246660.893101721,2246660.893101721,0.0,0.6049778566377396,False,normal,-0.0021400679909133946,3,沪深300;纳指;黄金,沪深300;纳指;黄金,
2020-09-04,2175649.453796331,2175649.453796331,0.0,0.3701921435697216,False,normal,-0.03367997248416164,2,纳指;黄金,纳指;黄金,
2020-09-07,2093852.8785594504,2093852.8785594504,0.0,0.32636124739893485,False,normal,-0.07001012148665024,2,纳指;黄金,纳指;黄金,
2020-09-08,2150661.2117591267,2150661.2117591267,0.0,0.31984663052754914,False,normal,-0.04477856131740845,2,纳指;黄金,纳指;黄金,
2020-09-09,2096103.3573307255,2096103.3573307253,2.3283064365386963e-10,0.38201655317047695,False,normal,-0.0690105658347102,3,沪深300;纳指;黄金,沪深300;纳指;黄金,
2020-09-10,2121312.2803779035,2121312.2803779035,0.0,0.3878402195158487,False,normal,-0.05781396099099898,3,沪深300;纳指;黄金,沪深300;纳指;黄金,
2020-09-11,2112960.667440991,2112960.667440991,0.0,0.32136445171482164,False,normal,-0.06152335030871141,2,纳指;黄金,纳指;黄金,
2020-09-14,2141860.9335864214,2141860.9335864214,0.0,0.32736332808605906,False,normal,-0.048687226397234176,2,纳指;黄金,纳指;黄金,
2020-09-15,2181657.519168893,2181657.519168893,0.0,0.3302270849865183,False,normal,-0.03101147555052161,2,纳指;黄金,纳指;黄金,
2020-09-16,2176424.222142414,2176424.222142414,0.0,0.3399154971886744,False,normal,-0.03333585722781862,2,纳指;黄金,纳指;黄金,
2020-09-17,2124100.660806369,2124100.660806369,0.0,0.2902241814942767,False,normal,-0.05657549500206964,2,沪深300;纳指,沪深300;纳指,
2020-09-18,2187717.8531452874,2187717.8531452874,0.0,0.2845731741804905,False,normal,-0.028319763388617004,2,沪深300;纳指,沪深300;纳指,
2020-09-21,2153615.8319459115,2153615.8319459115,0.0,0.2878364028963014,False,normal,-0.04346625953312478,2,沪深300;纳指,沪深300;纳指,
2020-09-22,2123636.5611132323,2123636.5611132323,0.0,0.18366851361557798,False,normal,-0.05678162601617187,1,纳指,纳指,
2020-09-23,2152303.111687807,2152303.111687807,0.0,0.18872074712434256,False,normal,-0.04404930744726316,1,纳指,纳指,
2020-09-24,2071851.8245914204,2071851.8245914204,0.0,0.18676869609556385,False,normal,-0.07978194343097457,1,纳指,纳指,
2020-09-25,2055206.7307094096,2055206.7307094096,0.0,0.19234631601294536,False,warning,-0.08717490260001821,1,纳指,纳指,
2020-09-28,2089884.0096302654,2089884.0096302654,0.0,0.1966784932866916,False,normal,-0.07177290433117728,1,纳指,纳指,
2020-09-29,2101905.4663228295,2101905.4663228295,0.0,0.20267124067000059,False,normal,-0.06643354493131211,1,纳指,纳指,
2020-09-30,2106066.739793332,2106066.739793332,0.0,0.20902432442947158,False,normal,-0.06458530513905135,1,纳指,纳指,
2020-10-09,2147217.1107794144,2147217.1107794144,0.0,0.21311680853347786,False,normal,-0.04630826719335996,1,纳指,纳指,
2020-10-12,2160625.658628812,2160625.658628812,0.0,0.35102812225840135,False,normal,-0.04035282786274144,3,沪深300;创业板;纳指,沪深300;创业板;纳指,
2020-10-13,2171877.726817444,2171877.726817444,0.0,0.36183971082925687,False,normal,-0.03535519424916633,3,沪深300;创业板;纳指,沪深300;创业板;纳指,
2020-10-14,2160647.628674566,2160647.628674566,0.0,0.37087810910575164,False,normal,-0.040343069813171345,3,沪深300;创业板;纳指,沪深300;创业板;纳指,
2020-10-15,2135503.0617826087,2135503.0617826087,0.0,0.37488678340164544,False,normal,-0.05151109071309725,3,沪深300;创业板;纳指,沪深300;创业板;纳指,
2020-10-16,2128536.7155526862,2128536.7155526862,0.0,0.38574572255908984,False,normal,-0.05460521043391774,3,沪深300;创业板;纳指,沪深300;创业板;纳指,
2020-10-19,2123207.7966923025,2123207.7966923025,0.0,0.24610970415782532,False,normal,-0.0569720627826775,1,纳指,纳指,
2020-10-20,2109010.3329956974,0.0,2109010.3329956974,0.0,True,normal,-0.06327790101687442,0,,创业板;纳指,
2020-10-21,2109010.3329956974,0.0,2109010.3329956974,0.0,True,normal,-0.06327790101687442,0,,沪深300;创业板;纳指,
2020-10-22,2109010.3329956974,0.0,2109010.3329956974,0.0,True,normal,-0.06327790101687442,0,,沪深300;创业板;纳指,
2020-10-23,2109010.3329956974,0.0,2109010.3329956974,0.0,True,normal,-0.06327790101687442,0,,沪深300;纳指,
2020-10-26,2109010.3329956974,0.0,2109010.3329956974,0.0,True,normal,-0.06327790101687442,0,,纳指,
2020-10-27,2109010.3329956974,0.0,2109010.3329956974,0.0,True,normal,-0.06327790101687442,0,,国债ETF,
2020-10-28,2109010.3329956974,0.0,2109010.3329956974,0.0,True,normal,-0.06327790101687442,0,,沪深300;创业板;国债ETF,
2020-10-29,2109010.3329956974,0.0,2109010.3329956974,0.0,True,normal,-0.06327790101687442,0,,沪深300;创业板;国债ETF,
2020-10-30,2109010.3329956974,0.0,2109010.3329956974,0.0,True,normal,-0.06327790101687442,0,,国债ETF,
2020-11-02,2109010.3329956974,0.0,2109010.3329956974,0.0,True,normal,-0.06327790101687442,0,,国债ETF,
2020-11-03,2109010.3329956974,0.0,2109010.3329956974,0.0,True,normal,-0.06327790101687442,0,,国债ETF,
2020-11-04,2109010.3329956974,0.0,2109010.3329956974,0.0,True,normal,-0.06327790101687442,0,,国债ETF,
2020-11-05,2109010.3329956974,0.0,2109010.3329956974,0.0,True,normal,-0.06327790101687442,0,,沪深300;创业板;国债ETF,
2020-11-06,2109010.3329956974,0.0,2109010.3329956974,0.0,True,normal,-0.06327790101687442,0,,沪深300;国债ETF,
2020-11-09,2109010.3329956974,0.0,2109010.3329956974,0.0,True,normal,-0.06327790101687442,0,,沪深300;创业板;纳指;国债ETF,
2020-11-10,2109010.3329956974,0.0,2109010.3329956974,0.0,True,normal,-0.06327790101687442,0,,沪深300;创业板;国债ETF,
2020-11-11,2109010.3329956974,0.0,2109010.3329956974,0.0,True,normal,-0.06327790101687442,0,,沪深300;创业板;国债ETF,
2020-11-12,2109010.3329956974,0.0,2109010.3329956974,0.0,True,normal,-0.06327790101687442,0,,沪深300;创业板,
2020-11-13,2109010.3329956974,0.0,2109010.3329956974,0.0,True,normal,-0.06327790101687442,0,,沪深300;创业板,
2020-11-16,2109010.3329956974,0.0,2109010.3329956974,0.0,True,normal,-0.06327790101687442,0,,沪深300;创业板;国债ETF,
2020-11-17,2109010.3329956974,0.0,2109010.3329956974,0.0,True,normal,-0.06327790101687442,0,,沪深300;创业板,
2020-11-18,2109010.3329956974,0.0,2109010.3329956974,0.0,True,normal,-0.06327790101687442,0,,沪深300;创业板,
2020-11-19,2109010.3329956974,0.0,2109010.3329956974,0.0,True,normal,-0.06327790101687442,0,,沪深300;创业板,
2020-11-20,2109010.3329956974,0.0,2109010.3329956974,0.0,True,normal,-0.06327790101687442,0,,沪深300;创业板,
2020-11-23,2109010.3329956974,0.0,2109010.3329956974,0.0,True,normal,-0.06327790101687442,0,,沪深300;创业板,
2020-11-24,2109010.3329956974,0.0,2109010.3329956974,0.0,True,normal,-0.06327790101687442,0,,沪深300;创业板,
2020-11-25,2109010.3329956974,0.0,2109010.3329956974,0.0,True,normal,-0.06327790101687442,0,,沪深300;创业板,
2020-11-26,2109010.3329956974,0.0,2109010.3329956974,0.0,True,normal,-0.06327790101687442,0,,沪深300;创业板,
2020-11-27,2109010.3329956974,0.0,2109010.3329956974,0.0,True,normal,-0.06327790101687442,0,,沪深300;创业板,
2020-11-30,2109010.3329956974,0.0,2109010.3329956974,0.0,True,normal,-0.06327790101687442,0,,沪深300;创业板,
2020-12-01,2109010.3329956974,0.0,2109010.3329956974,0.0,True,normal,-0.06327790101687442,0,,沪深300;创业板,
2020-12-02,2109010.3329956974,0.0,2109010.3329956974,0.0,True,normal,-0.06327790101687442,0,,沪深300;创业板,
2020-12-03,2109010.3329956974,0.0,2109010.3329956974,0.0,True,normal,-0.06327790101687442,0,,沪深300;创业板;国债ETF,
2020-12-04,2109010.3329956974,0.0,2109010.3329956974,0.0,True,normal,-0.06327790101687442,0,,沪深300;国债ETF,
2020-12-07,2109010.3329956974,0.0,2109010.3329956974,0.0,True,normal,-0.06327790101687442,0,,沪深300;国债ETF,
2020-12-08,2109010.3329956974,0.0,2109010.3329956974,0.0,True,normal,-0.06327790101687442,0,,沪深300;国债ETF,
2020-12-09,2109010.3329956974,2109010.3329956974,0.0,1.0,False,normal,-0.06327790101687442,2,沪深300;国债ETF,沪深300;国债ETF,
2020-12-10,2106900.993144666,2106900.993144666,0.0,1.0,False,normal,-0.06421476947209931,2,沪深300;国债ETF,沪深300;国债ETF,
2020-12-11,2093904.6373751643,2093904.6373751643,0.0,0.5889929292242057,False,normal,-0.06998713268202568,2,沪深300;创业板,沪深300;创业板,
2020-12-14,2119304.1322304094,2119304.1322304094,0.0,0.6629496669093253,False,normal,-0.058705884903537515,1,沪深300,沪深300,
2020-12-15,2125664.5888097323,2125664.5888097323,0.0,0.5982681288130466,False,normal,-0.05588087255330805,2,沪深300;创业板,沪深300;创业板,
2020-12-16,2127784.74100284,2127784.74100284,0.0,0.617065793976562,False,normal,-0.05493920176989823,2,沪深300;创业板,沪深300;创业板,
2020-12-17,2153593.401351275,2153593.401351275,0.0,0.6149517391018339,False,normal,-0.0434762221366079,2,沪深300;创业板,沪深300;创业板,
2020-12-18,2145065.0168363955,2145065.0168363955,0.0,0.6287151229809098,False,normal,-0.047264124983136695,2,沪深300;创业板,沪深300;创业板,
2020-12-21,2190504.620161378,2190504.620161378,0.0,0.5846904281618196,False,normal,-0.02708201400074119,2,沪深300;创业板,沪深300;创业板,
2020-12-22,2150345.2607755084,2150345.2607755084,0.0,0.8190153729403282,False,normal,-0.044918891719740055,3,沪深300;创业板;国债ETF,沪深300;创业板;国债ETF,
2020-12-23,2163719.2530184155,2163719.2530184155,0.0,0.8468629566058054,False,normal,-0.03897880034628275,4,沪深300;创业板;纳指;国债ETF,沪深300;创业板;纳指;国债ETF,
2020-12-24,2157946.7248266838,2157946.7248266838,0.0,0.8677133907834532,False,normal,-0.04154268286482767,4,沪深300;创业板;纳指;国债ETF,沪深300;创业板;纳指;国债ETF,
2020-12-25,2170430.121257345,2170430.121257345,0.0,1.0,False,normal,-0.035998151800175224,4,沪深300;创业板;纳指;国债ETF,沪深300;创业板;纳指;国债ETF,
2020-12-28,2173727.7933045826,2173727.7933045826,0.0,0.59698439239981,False,normal,-0.03453348269281315,2,沪深300;创业板,沪深300;创业板,
2020-12-29,2159251.5566981635,2159251.5566981635,0.0,0.6043889060881158,False,normal,-0.04096313859690725,2,沪深300;创业板,沪深300;创业板,
2020-12-30,2205346.191821524,2205346.191821524,0.0,0.8464065758824189,False,normal,-0.020490093638761198,3,沪深300;创业板;国债ETF,沪深300;创业板;国债ETF,
2020-12-31,2238696.2091539293,2238696.2091539293,0.0,0.7998337266474435,False,normal,-0.005677601851506373,3,沪深300;创业板;国债ETF,沪深300;创业板;国债ETF,
2021-01-04,2272814.704521993,2272814.704521993,0.0,0.7687041177863031,False,normal,0.0,3,沪深300;创业板;国债ETF,沪深300;创业板;国债ETF,
2021-01-05,2290668.9112644596,0.0,2290668.9112644596,0.0,True,normal,0.0,0,,沪深300;创业板;黄金;国债ETF,
2021-01-06,2290668.9112644596,0.0,2290668.9112644596,0.0,True,normal,0.0,0,,沪深300;创业板;黄金;国债ETF,
2021-01-07,2290668.9112644596,0.0,2290668.9112644596,0.0,True,normal,0.0,0,,沪深300;创业板;黄金;国债ETF,
2021-01-08,2290668.9112644596,0.0,2290668.9112644596,0.0,True,normal,0.0,0,,沪深300;创业板;国债ETF,
2021-01-11,2290668.9112644596,0.0,2290668.9112644596,0.0,True,normal,0.0,0,,沪深300;创业板;国债ETF,
2021-01-12,2290668.9112644596,0.0,2290668.9112644596,0.0,True,normal,0.0,0,,沪深300;创业板;国债ETF,
2021-01-13,2290668.9112644596,0.0,2290668.9112644596,0.0,True,normal,0.0,0,,沪深300;创业板;国债ETF,
2021-01-14,2290668.9112644596,0.0,2290668.9112644596,0.0,True,normal,0.0,0,,沪深300;创业板;纳指;国债ETF,
2021-01-15,2290668.9112644596,0.0,2290668.9112644596,0.0,True,normal,0.0,0,,沪深300;创业板;国债ETF,
2021-01-18,2290668.9112644596,0.0,2290668.9112644596,0.0,True,normal,0.0,0,,沪深300;创业板;国债ETF,
2021-01-19,2290668.9112644596,0.0,2290668.9112644596,0.0,True,normal,0.0,0,,沪深300;创业板;纳指;黄金;国债ETF,
2021-01-20,2290668.9112644596,0.0,2290668.9112644596,0.0,True,normal,0.0,0,,沪深300;创业板;纳指;黄金;国债ETF,
2021-01-21,2290668.9112644596,0.0,2290668.9112644596,0.0,True,normal,0.0,0,,沪深300;创业板;纳指;黄金;国债ETF,
2021-01-22,2290668.9112644596,0.0,2290668.9112644596,0.0,True,normal,0.0,0,,沪深300;创业板;纳指;黄金;国债ETF,
2021-01-25,2290668.9112644596,0.0,2290668.9112644596,0.0,True,normal,0.0,0,,沪深300;创业板;纳指;黄金;国债ETF,
2021-01-26,2290668.9112644596,0.0,2290668.9112644596,0.0,True,normal,0.0,0,,沪深300;创业板;纳指;黄金;国债ETF,
2021-01-27,2290668.9112644596,0.0,2290668.9112644596,0.0,True,normal,0.0,0,,沪深300;创业板;纳指;黄金;国债ETF,
2021-01-28,2290668.9112644596,0.0,2290668.9112644596,0.0,True,normal,0.0,0,,沪深300;创业板;黄金;国债ETF,
2021-01-29,2290668.9112644596,0.0,2290668.9112644596,0.0,True,normal,0.0,0,,沪深300;创业板;黄金;国债ETF,
2021-02-01,2290668.9112644596,0.0,2290668.9112644596,0.0,True,normal,0.0,0,,沪深300;创业板;纳指;黄金;国债ETF,
2021-02-02,2290668.9112644596,0.0,2290668.9112644596,0.0,True,normal,0.0,0,,沪深300;创业板;纳指;国债ETF,
2021-02-03,2290668.9112644596,0.0,2290668.9112644596,0.0,True,normal,0.0,0,,沪深300;创业板;纳指;国债ETF,
2021-02-04,2290668.9112644596,0.0,2290668.9112644596,0.0,True,normal,0.0,0,,沪深300;创业板;纳指;国债ETF,
2021-02-05,2290668.9112644596,0.0,2290668.9112644596,0.0,True,normal,0.0,0,,沪深300;创业板;纳指;国债ETF,
2021-02-08,2290668.9112644596,0.0,2290668.9112644596,0.0,True,normal,0.0,0,,沪深300;纳指;国债ETF,
2021-02-09,2290668.9112644596,0.0,2290668.9112644596,0.0,True,normal,0.0,0,,沪深300;创业板;纳指;国债ETF,
2021-02-10,2290668.9112644596,0.0,2290668.9112644596,0.0,True,normal,0.0,0,,沪深300;创业板;纳指;国债ETF,
2021-02-18,2290668.9112644596,0.0,2290668.9112644596,0.0,True,normal,0.0,0,,沪深300;创业板;纳指;国债ETF,
2021-02-19,2290668.9112644596,0.0,2290668.9112644596,0.0,True,normal,0.0,0,,沪深300;创业板;纳指;国债ETF,
2021-02-22,2290668.9112644596,0.0,2290668.9112644596,0.0,True,normal,0.0,0,,沪深300;创业板;纳指;国债ETF,
2021-02-23,2290668.9112644596,0.0,2290668.9112644596,0.0,True,normal,0.0,0,,沪深300;创业板;纳指;国债ETF,
2021-02-24,2290668.9112644596,0.0,2290668.9112644596,0.0,True,normal,0.0,0,,沪深300;创业板;纳指;国债ETF,
2021-02-25,2290668.9112644596,0.0,2290668.9112644596,0.0,True,normal,0.0,0,,沪深300;创业板;纳指;国债ETF,
2021-02-26,2290668.9112644596,0.0,2290668.9112644596,0.0,True,normal,0.0,0,,沪深300;创业板;国债ETF,
2021-03-01,2290668.9112644596,0.0,2290668.9112644596,0.0,True,normal,0.0,0,,沪深300;创业板;国债ETF,
2021-03-02,2290668.9112644596,0.0,2290668.9112644596,0.0,True,normal,0.0,0,,沪深300;创业板;纳指;国债ETF,
2021-03-03,2290668.9112644596,0.0,2290668.9112644596,0.0,True,normal,0.0,0,,沪深300;创业板;国债ETF,
2021-03-04,2290668.9112644596,0.0,2290668.9112644596,0.0,True,normal,0.0,0,,国债ETF,
2021-03-05,2290668.9112644596,0.0,2290668.9112644596,0.0,True,normal,0.0,0,,国债ETF,
2021-03-08,2290668.9112644596,0.0,2290668.9112644596,0.0,True,normal,0.0,0,,国债ETF,
2021-03-09,2290668.9112644596,0.0,2290668.9112644596,0.0,True,normal,0.0,0,,国债ETF,
2021-03-10,2290668.9112644596,0.0,2290668.9112644596,0.0,True,normal,0.0,0,,纳指;国债ETF,
2021-03-11,2290668.9112644596,0.0,2290668.9112644596,0.0,True,normal,0.0,0,,国债ETF,
2021-03-12,2290668.9112644596,0.0,2290668.9112644596,0.0,True,normal,0.0,0,,国债ETF,
2021-03-15,2290668.9112644596,0.0,2290668.9112644596,0.0,True,normal,0.0,0,,纳指;国债ETF,
2021-03-16,2290668.9112644596,0.0,2290668.9112644596,0.0,True,normal,0.0,0,,纳指,
2021-03-17,2290668.9112644596,0.0,2290668.9112644596,0.0,True,normal,0.0,0,,纳指,
2021-03-18,2290668.9112644596,0.0,2290668.9112644596,0.0,True,normal,0.0,0,,纳指,
2021-03-19,2290668.9112644596,0.0,2290668.9112644596,0.0,True,normal,0.0,0,,纳指,
2021-03-22,2290668.9112644596,0.0,2290668.9112644596,0.0,True,normal,0.0,0,,纳指;国债ETF,
2021-03-23,2290668.9112644596,0.0,2290668.9112644596,0.0,True,normal,0.0,0,,纳指,
2021-03-24,2290668.9112644596,0.0,2290668.9112644596,0.0,True,normal,0.0,0,,,
2021-03-25,2290668.9112644596,0.0,2290668.9112644596,0.0,True,normal,0.0,0,,国债ETF,
2021-03-26,2290668.9112644596,0.0,2290668.9112644596,0.0,True,normal,0.0,0,,,
2021-03-29,2290668.9112644596,0.0,2290668.9112644596,0.0,True,normal,0.0,0,,国债ETF,
2021-03-30,2290668.9112644596,0.0,2290668.9112644596,0.0,True,normal,0.0,0,,国债ETF,
2021-03-31,2290668.9112644596,0.0,2290668.9112644596,0.0,True,normal,0.0,0,,国债ETF,
2021-04-01,2290668.9112644596,0.0,2290668.9112644596,0.0,True,normal,0.0,0,,纳指;国债ETF,
2021-04-02,2290668.9112644596,0.0,2290668.9112644596,0.0,True,normal,0.0,0,,纳指;国债ETF,
2021-04-06,2290668.9112644596,0.0,2290668.9112644596,0.0,True,normal,0.0,0,,纳指;国债ETF,
2021-04-07,2290668.9112644596,0.0,2290668.9112644596,0.0,True,normal,0.0,0,,纳指;国债ETF,
2021-04-08,2290668.9112644596,0.0,2290668.9112644596,0.0,True,normal,0.0,0,,纳指;国债ETF,
2021-04-09,2290668.9112644596,0.0,2290668.9112644596,0.0,True,normal,0.0,0,,纳指;国债ETF,
2021-04-12,2290668.9112644596,0.0,2290668.9112644596,0.0,True,normal,0.0,0,,纳指;国债ETF,
2021-04-13,2290668.9112644596,0.0,2290668.9112644596,0.0,True,normal,0.0,0,,纳指;国债ETF,
2021-04-14,2290668.9112644596,0.0,2290668.9112644596,0.0,True,normal,0.0,0,,纳指;国债ETF,
2021-04-15,2290668.9112644596,0.0,2290668.9112644596,0.0,True,normal,0.0,0,,纳指;国债ETF,
2021-04-16,2290668.9112644596,0.0,2290668.9112644596,0.0,True,normal,0.0,0,,纳指;黄金;国债ETF,
2021-04-19,2290668.9112644596,0.0,2290668.9112644596,0.0,True,normal,0.0,0,,纳指;国债ETF,
2021-04-20,2290668.9112644596,0.0,2290668.9112644596,0.0,True,normal,0.0,0,,纳指;国债ETF,
2021-04-21,2290668.9112644596,0.0,2290668.9112644596,0.0,True,normal,0.0,0,,纳指;国债ETF,
2021-04-22,2290668.9112644596,0.0,2290668.9112644596,0.0,True,normal,0.0,0,,纳指;黄金;国债ETF,
2021-04-23,2290668.9112644596,0.0,2290668.9112644596,0.0,True,normal,0.0,0,,创业板;纳指;黄金;国债ETF,
2021-04-26,2290668.9112644596,0.0,2290668.9112644596,0.0,True,normal,0.0,0,,纳指;黄金;国债ETF,
2021-04-27,2290668.9112644596,0.0,2290668.9112644596,0.0,True,normal,0.0,0,,创业板;纳指;黄金;国债ETF,
2021-04-28,2290668.9112644596,0.0,2290668.9112644596,0.0,True,normal,0.0,0,,创业板;纳指;黄金;国债ETF,
2021-04-29,2290668.9112644596,0.0,2290668.9112644596,0.0,True,normal,0.0,0,,创业板;纳指;黄金;国债ETF,
2021-04-30,2290668.9112644596,0.0,2290668.9112644596,0.0,True,normal,0.0,0,,创业板;纳指;黄金;国债ETF,
2021-05-06,2290668.9112644596,0.0,2290668.9112644596,0.0,True,normal,0.0,0,,创业板;纳指;黄金;国债ETF,
2021-05-07,2290668.9112644596,2290668.9112644596,0.0,1.0,False,normal,0.0,5,沪深300;创业板;纳指;黄金;国债ETF,沪深300;创业板;纳指;黄金;国债ETF,
2021-05-10,2297276.837407957,2297276.837407957,0.0,1.0,False,normal,0.0,4,创业板;纳指;黄金;国债ETF,创业板;纳指;黄金;国债ETF,
2021-05-11,2280118.2292109216,2280118.2292109216,0.0,1.0,False,normal,-0.007469107735572487,4,创业板;纳指;黄金;国债ETF,创业板;纳指;黄金;国债ETF,
2021-05-12,2289836.718301884,2289836.718301884,0.0,1.0,False,normal,-0.003238668925277505,4,创业板;纳指;黄金;国债ETF,创业板;纳指;黄金;国债ETF,
2021-05-13,2274933.502353176,2274933.502353176,0.0,1.0,False,normal,-0.009726008938474763,4,创业板;纳指;黄金;国债ETF,创业板;纳指;黄金;国债ETF,
2021-05-14,2303032.7709385306,2303032.7709385306,0.0,0.8389306990765828,False,normal,0.0,5,沪深300;创业板;纳指;黄金;国债ETF,沪深300;创业板;纳指;黄金;国债ETF,
2021-05-17,2329444.7955184462,2329444.7955184467,-4.656612873077393e-10,0.8165226982928772,False,normal,0.0,5,沪深300;创业板;纳指;黄金;国债ETF,沪深300;创业板;纳指;黄金;国债ETF,
2021-05-18,2331116.1833677683,2331116.1833677683,0.0,0.8420445205940951,False,normal,0.0,5,沪深300;创业板;纳指;黄金;国债ETF,沪深300;创业板;纳指;黄金;国债ETF,
2021-05-19,2327014.6389586157,2327014.6389586157,0.0,0.8642349665914125,False,normal,-0.0017594766140000267,5,沪深300;创业板;纳指;黄金;国债ETF,沪深300;创业板;纳指;黄金;国债ETF,
2021-05-20,2334755.529621163,2334755.5296211634,-4.656612873077393e-10,1.0,False,normal,0.0,5,沪深300;创业板;纳指;黄金;国债ETF,沪深300;创业板;纳指;黄金;国债ETF,
2021-05-21,2335502.443557536,2335502.443557536,0.0,1.0,False,normal,0.0,5,沪深300;创业板;纳指;黄金;国债ETF,沪深300;创业板;纳指;黄金;国债ETF,
2021-05-24,2341039.750314901,2341039.750314901,0.0,1.0,False,normal,0.0,5,沪深300;创业板;纳指;黄金;国债ETF,沪深300;创业板;纳指;黄金;国债ETF,
2021-05-25,2373116.2194603174,2373116.2194603174,0.0,1.0,False,normal,0.0,5,沪深300;创业板;纳指;黄金;国债ETF,沪深300;创业板;纳指;黄金;国债ETF,
2021-05-26,2374126.419132363,2374126.419132363,0.0,1.0,False,normal,0.0,5,沪深300;创业板;纳指;黄金;国债ETF,沪深300;创业板;纳指;黄金;国债ETF,
2021-05-27,2373530.398960786,2373530.398960786,0.0,1.0,False,normal,-0.0002510482031512583,5,沪深300;创业板;纳指;黄金;国债ETF,沪深300;创业板;纳指;黄金;国债ETF,
2021-05-28,2368840.726062193,2368840.7260621935,-4.656612873077393e-10,1.0,False,normal,-0.0022263738896017545,5,沪深300;创业板;纳指;黄金;国债ETF,沪深300;创业板;纳指;黄金;国债ETF,
2021-05-31,2382367.5732674124,2382367.5732674124,0.0,1.0,False,normal,0.0,5,沪深300;创业板;纳指;黄金;国债ETF,沪深300;创业板;纳指;黄金;国债ETF,
2021-06-01,2386656.492268265,2386656.492268265,0.0,1.0,False,normal,0.0,5,沪深300;创业板;纳指;黄金;国债ETF,沪深300;创业板;纳指;黄金;国债ETF,
2021-06-02,2364579.4324625633,2364579.4324625633,0.0,1.0,False,normal,-0.009250204156828633,4,沪深300;创业板;黄金;国债ETF,沪深300;创业板;黄金;国债ETF,
2021-06-03,2350541.273749424,2350541.273749424,0.0,1.0,False,normal,-0.015132139306950442,4,沪深300;创业板;黄金;国债ETF,沪深300;创业板;黄金;国债ETF,
2021-06-04,2355885.139401941,2355885.139401941,0.0,1.0,False,normal,-0.012893079907397652,4,沪深300;创业板;黄金;国债ETF,沪深300;创业板;黄金;国债ETF,
2021-06-07,2354934.954417602,2354934.954417602,0.0,1.0,False,normal,-0.013291203804748245,4,沪深300;创业板;黄金;国债ETF,沪深300;创业板;黄金;国债ETF,
2021-06-08,2350440.6168674375,2350440.6168674375,0.0,1.0,False,normal,-0.015174314157965968,4,沪深300;创业板;黄金;国债ETF,沪深300;创业板;黄金;国债ETF,
2021-06-09,2349751.569491923,2349751.569491923,0.0,1.0,False,normal,-0.01546302238964776,4,沪深300;创业板;黄金;国债ETF,沪深300;创业板;黄金;国债ETF,
2021-06-10,2366944.639401039,2366944.639401039,0.0,1.0,False,normal,-0.008259191438350678,4,沪深300;创业板;黄金;国债ETF,沪深300;创业板;黄金;国债ETF,
2021-06-11,2368466.726119641,2368466.726119641,0.0,1.0,False,normal,-0.007621442887801821,4,沪深300;创业板;黄金;国债ETF,沪深300;创业板;黄金;国债ETF,
2021-06-15,2344138.9105377044,2344138.9105377044,0.0,1.0,False,normal,-0.017814705161090186,4,沪深300;创业板;黄金;国债ETF,沪深300;创业板;黄金;国债ETF,
2021-06-16,2312797.6530032614,2312797.6530032614,0.0,1.0,False,normal,-0.030946572958561274,4,沪深300;创业板;黄金;国债ETF,沪深300;创业板;黄金;国债ETF,
2021-06-17,2316364.9293276006,2316364.9293276006,0.0,0.7278032196908942,False,normal,-0.029451897735756634,3,沪深300;创业板;国债ETF,沪深300;创业板;国债ETF,
2021-06-18,2329967.7078444418,2329967.7078444418,0.0,0.8684447068546642,False,normal,-0.02375238523326277,4,沪深300;创业板;纳指;国债ETF,沪深300;创业板;纳指;国债ETF,
2021-06-21,2330436.593494042,2330436.593494042,0.0,1.0,False,normal,-0.02355592392803554,4,沪深300;创业板;纳指;国债ETF,沪深300;创业板;纳指;国债ETF,
2021-06-22,2338321.912338503,2338321.912338503,0.0,1.0,False,normal,-0.020252005299608546,4,沪深300;创业板;纳指;国债ETF,沪深300;创业板;纳指;国债ETF,
2021-06-23,2358627.54698551,2358627.54698551,0.0,1.0,False,normal,-0.011744021552140863,4,沪深300;创业板;纳指;国债ETF,沪深300;创业板;纳指;国债ETF,
2021-06-24,2351705.0813439065,2351705.0813439065,0.0,1.0,False,normal,-0.01464450834780213,4,沪深300;创业板;纳指;国债ETF,沪深300;创业板;纳指;国债ETF,
2021-06-25,2375609.576904167,2375609.576904167,0.0,1.0,False,normal,-0.004628615554808787,4,沪深300;创业板;纳指;国债ETF,沪深300;创业板;纳指;国债ETF,
2021-06-28,2390027.2216731356,2390027.2216731356,0.0,1.0,False,normal,0.0,4,沪深300;创业板;纳指;国债ETF,沪深300;创业板;纳指;国债ETF,
2021-06-29,2387693.9672436854,2387693.9672436854,0.0,1.0,False,normal,-0.0009762459641848208,4,沪深300;创业板;纳指;国债ETF,沪深300;创业板;纳指;国债ETF,
2021-06-30,2409922.4621826126,2409922.4621826126,0.0,1.0,False,normal,0.0,4,沪深300;创业板;纳指;国债ETF,沪深300;创业板;纳指;国债ETF,
2021-07-01,2402367.8823629604,2402367.8823629604,0.0,1.0,False,normal,-0.0031347812795645877,4,沪深300;创业板;纳指;国债ETF,沪深300;创业板;纳指;国债ETF,
2021-07-02,2365967.4265130055,2365967.4265130055,0.0,0.8331783094498877,False,normal,-0.018239190828487496,4,沪深300;创业板;纳指;国债ETF,沪深300;创业板;纳指;国债ETF,
2021-07-05,2377803.0559982494,2377803.0559982494,0.0,0.8518266626164318,False,normal,-0.013327983239457985,4,沪深300;创业板;纳指;国债ETF,沪深300;创业板;纳指;国债ETF,
2021-07-06,2369399.0153937796,2369399.0153937796,0.0,0.8682108794892665,False,normal,-0.016815249214338555,4,沪深300;创业板;纳指;国债ETF,沪深300;创业板;纳指;国债ETF,
2021-07-07,2400260.2570460034,2400260.2570460034,0.0,0.8296585546762223,False,normal,-0.004009342743690775,4,沪深300;创业板;纳指;国债ETF,沪深300;创业板;纳指;国债ETF,
2021-07-08,2398035.0417296477,2398035.0417296477,0.0,0.8529706841576786,False,normal,-0.004932698308558354,4,沪深300;创业板;纳指;国债ETF,沪深300;创业板;纳指;国债ETF,
2021-07-09,2391192.0996542904,2391192.09965429,4.656612873077393e-10,1.0,False,normal,-0.007772184716415563,3,创业板;纳指;国债ETF,创业板;纳指;国债ETF,
2021-07-12,2426315.5912655997,2426315.5912655992,4.656612873077393e-10,0.8395261722849794,False,normal,0.0,3,创业板;纳指;国债ETF,创业板;纳指;国债ETF,
2021-07-13,2425481.1961893775,2425481.1961893775,0.0,0.8473019309888762,False,normal,-0.0003438938772952533,4,沪深300;创业板;纳指;国债ETF,沪深300;创业板;纳指;国债ETF,
2021-07-14,2413755.607293428,2413755.607293428,0.0,1.0,False,normal,-0.005176566485162108,3,创业板;纳指;国债ETF,创业板;纳指;国债ETF,
2021-07-15,2424902.560702613,2424902.560702613,0.0,0.866959086950892,False,normal,-0.0005823770691963297,4,沪深300;创业板;纳指;国债ETF,沪深300;创业板;纳指;国债ETF,
2021-07-16,2395976.6122561204,2395976.6122561204,0.0,0.8105520697814428,False,normal,-0.01250413553731238,4,沪深300;创业板;纳指;国债ETF,沪深300;创业板;纳指;国债ETF,
2021-07-19,2399016.8170489464,2399016.8170489464,0.0,0.835975964733057,False,normal,-0.011251122613614288,4,沪深300;创业板;纳指;国债ETF,沪深300;创业板;纳指;国债ETF,
2021-07-20,2397666.584111756,2397666.5841117557,4.656612873077393e-10,1.0,False,normal,-0.011807617795877828,3,创业板;纳指;国债ETF,创业板;纳指;国债ETF,
2021-07-21,2426926.455651686,2426926.455651686,0.0,0.8446607239844611,False,normal,0.0,3,创业板;纳指;国债ETF,创业板;纳指;国债ETF,
2021-07-22,2430516.106739719,2430516.106739719,0.0,1.0,False,normal,0.0,3,创业板;纳指;国债ETF,创业板;纳指;国债ETF,
2021-07-23,2420148.5608293293,2420148.5608293293,0.0,1.0,False,normal,-0.004265573834973098,3,创业板;纳指;国债ETF,创业板;纳指;国债ETF,
2021-07-26,2409652.975258757,2409652.9752587564,4.656612873077393e-10,1.0,False,normal,-0.008583827699437767,3,创业板;纳指;国债ETF,创业板;纳指;国债ETF,
2021-07-27,2376966.4461338236,2376966.4461338236,0.0,1.0,False,normal,-0.022032217954616462,2,纳指;国债ETF,纳指;国债ETF,
2021-07-28,2363867.4553448074,2363867.4553448074,0.0,0.8399297769442509,False,normal,-0.027421604493834732,3,创业板;纳指;国债ETF,创业板;纳指;国债ETF,
2021-07-29,2409246.6884011636,2409246.6884011636,0.0,0.7418722515358925,False,normal,-0.008750988433928159,3,创业板;纳指;国债ETF,创业板;纳指;国债ETF,
2021-07-30,2389729.179952119,2389729.179952119,0.0,0.7378864418860339,False,normal,-0.0167811793859335,3,创业板;纳指;国债ETF,创业板;纳指;国债ETF,
2021-08-02,2418510.0699944934,2418510.0699944934,0.0,0.7247866784121348,False,normal,-0.0049397067198745604,3,创业板;纳指;国债ETF,创业板;纳指;国债ETF,
2021-08-03,2409059.5560853225,2409059.5560853225,0.0,0.7391309612141096,False,normal,-0.008827981264924886,3,创业板;纳指;国债ETF,创业板;纳指;国债ETF,
2021-08-04,2433718.2107242444,2433718.2107242444,0.0,0.7380710120323859,False,normal,0.0,3,创业板;纳指;国债ETF,创业板;纳指;国债ETF,
2021-08-05,2426226.5263917823,2426226.5263917823,0.0,0.7542606857781204,False,normal,-0.003078287494192927,3,创业板;纳指;国债ETF,创业板;纳指;国债ETF,
2021-08-06,2424636.5518679214,2424636.551867921,4.656612873077393e-10,0.7765384606721061,False,normal,-0.00373159834869313,3,创业板;纳指;国债ETF,创业板;纳指;国债ETF,
2021-08-09,2409689.841173071,2409689.8411730705,4.656612873077393e-10,0.7814050432157323,False,normal,-0.00987311080029387,3,创业板;纳指;国债ETF,创业板;纳指;国债ETF,
2021-08-10,2416950.232230919,2416950.232230919,0.0,0.8041774599665286,False,normal,-0.006889860304877067,3,创业板;纳指;国债ETF,创业板;纳指;国债ETF,
2021-08-11,2402584.0833335035,2402584.0833335035,0.0,0.8107000000082688,False,normal,-0.0127928234474918,3,创业板;纳指;国债ETF,创业板;纳指;国债ETF,
2021-08-12,2389956.433836332,2389956.433836332,0.0,0.8224490165493118,False,normal,-0.017981447767894763,3,创业板;纳指;国债ETF,创业板;纳指;国债ETF,
2021-08-13,2386782.9763795584,2386782.9763795584,0.0,0.8472827023572193,False,normal,-0.019285402121685474,3,创业板;纳指;国债ETF,创业板;纳指;国债ETF,
2021-08-16,2378127.1601410722,2378127.1601410722,0.0,0.867324692253498,False,normal,-0.022842024330593687,3,创业板;纳指;国债ETF,创业板;纳指;国债ETF,
2021-08-17,2362287.3176770993,2362287.3176770993,0.0,1.0,False,normal,-0.029350519190094796,3,纳指;黄金;国债ETF,纳指;黄金;国债ETF,
2021-08-18,2358514.7932309774,2358514.793230977,4.656612873077393e-10,1.0,False,normal,-0.030900626523597152,3,纳指;黄金;国债ETF,纳指;黄金;国债ETF,
2021-08-19,2342194.3948594886,2342194.3948594886,0.0,1.0,False,normal,-0.03760657888060073,3,纳指;黄金;国债ETF,纳指;黄金;国债ETF,
2021-08-20,2352331.963617617,2352331.963617617,0.0,1.0,False,normal,-0.033441113580034404,3,纳指;黄金;国债ETF,纳指;黄金;国债ETF,
2021-08-23,2363310.5558018056,2363310.555801805,4.656612873077393e-10,1.0,False,normal,-0.028930076872575292,3,纳指;黄金;国债ETF,纳指;黄金;国债ETF,
2021-08-24,2380194.8032199726,2380194.8032199726,0.0,1.0,False,normal,-0.021992442374149723,3,纳指;黄金;国债ETF,纳指;黄金;国债ETF,
2021-08-25,2375177.210842499,2375177.210842499,0.0,1.0,False,normal,-0.02405414054255864,3,纳指;黄金;国债ETF,纳指;黄金;国债ETF,
2021-08-26,2369331.1856294046,2369331.185629404,4.656612873077393e-10,1.0,False,normal,-0.026456236720881078,3,纳指;黄金;国债ETF,纳指;黄金;国债ETF,
2021-08-27,2378206.7481482904,2378206.7481482904,0.0,1.0,False,normal,-0.02280932210283885,3,纳指;黄金;国债ETF,纳指;黄金;国债ETF,
2021-08-30,2386474.576581684,2386474.576581684,0.0,1.0,False,normal,-0.019412121721561718,3,纳指;黄金;国债ETF,纳指;黄金;国债ETF,
2021-08-31,2398165.3639857955,2398165.3639857955,0.0,1.0,False,normal,-0.014608448333001027,3,纳指;黄金;国债ETF,纳指;黄金;国债ETF,
2021-09-01,2394921.1880969247,2394921.1880969247,0.0,1.0,False,normal,-0.015941460460113892,3,纳指;黄金;国债ETF,纳指;黄金;国债ETF,
2021-09-02,2393152.844381842,2393152.844381842,0.0,1.0,False,normal,-0.016668062129645972,3,纳指;黄金;国债ETF,纳指;黄金;国债ETF,
2021-09-03,2391686.285018073,2391686.285018073,0.0,1.0,False,normal,-0.017270662446028727,3,纳指;黄金;国债ETF,纳指;黄金;国债ETF,
2021-09-06,2397564.430103665,2397564.430103665,0.0,1.0,False,normal,-0.014855368407594003,3,纳指;黄金;国债ETF,纳指;黄金;国债ETF,
2021-09-07,2395133.591779387,2395133.591779387,0.0,1.0,False,normal,-0.015854185079781674,3,纳指;黄金;国债ETF,纳指;黄金;国债ETF,
2021-09-08,2384546.69065543,2384546.69065543,0.0,1.0,False,normal,-0.020204278314612963,2,纳指;国债ETF,纳指;国债ETF,
2021-09-09,2378251.752408275,2378251.752408275,0.0,1.0,False,normal,-0.022790830126328928,2,纳指;国债ETF,纳指;国债ETF,
2021-09-10,2374318.841967864,2374318.841967864,0.0,1.0,False,normal,-0.0244068390886979,2,纳指;国债ETF,纳指;国债ETF,
2021-09-13,2367885.88037223,2367885.88037223,0.0,1.0,False,normal,-0.027050103854227032,2,纳指;国债ETF,纳指;国债ETF,
2021-09-14,2360316.1134336293,2360316.1134336293,0.0,1.0,False,normal,-0.030160475016033812,2,纳指;国债ETF,纳指;国债ETF,
2021-09-15,2357984.1863900116,2357984.1863900116,0.0,1.0,False,normal,-0.03111864964502003,2,纳指;国债ETF,纳指;国债ETF,
2021-09-16,2362226.594650938,2362226.594650938,0.0,1.0,False,normal,-0.029375469911954666,2,纳指;国债ETF,纳指;国债ETF,
2021-09-17,2369958.184298065,2369958.184298065,0.0,1.0,False,normal,-0.026198606784145786,2,纳指;国债ETF,纳指;国债ETF,
2021-09-22,2341480.1621887786,2341480.1621887786,0.0,0.5998815250867103,False,normal,-0.037900052737829835,1,沪深300,沪深300,
2021-09-23,2355352.0569188045,2355352.0569188045,0.0,1.0,False,normal,-0.03220017562432548,3,沪深300;纳指;国债ETF,沪深300;纳指;国债ETF,
2021-09-24,2357952.2383678732,2357952.2383678732,0.0,1.0,False,normal,-0.03113177689286555,3,沪深300;纳指;国债ETF,沪深300;纳指;国债ETF,
2021-09-27,2367838.33340452,2367838.33340452,0.0,1.0,False,normal,-0.02706964061386518,3,沪深300;纳指;国债ETF,沪深300;纳指;国债ETF,
2021-09-28,2352426.445644881,2352426.445644881,0.0,0.6790407744460416,False,normal,-0.03340229149009483,1,纳指,纳指,
2021-09-29,2319055.3612011676,2319055.3612011676,0.0,1.0,False,normal,-0.047114266975450105,1,国债ETF,国债ETF,
2021-09-30,2320128.90368187,2320128.90368187,0.0,1.0,False,normal,-0.046673154904228416,1,国债ETF,国债ETF,
2021-10-08,2316408.5237056427,2316408.5237056427,0.0,1.0,False,normal,-0.04820183639242761,1,国债ETF,国债ETF,
2021-10-11,2313484.0459133848,2313484.0459133848,0.0,0.6816072654093441,False,normal,-0.04940348651747952,1,沪深300,沪深300,
2021-10-12,2289447.8480337653,2289447.8480337653,0.0,1.0,False,normal,-0.05927981393028487,2,黄金;国债ETF,黄金;国债ETF,
2021-10-13,2288707.1590131195,2288707.1590131195,0.0,1.0,False,normal,-0.05958415854067647,2,黄金;国债ETF,黄金;国债ETF,
2021-10-14,2303636.186131945,2303636.186131945,0.0,1.0,False,normal,-0.053449912162833624,2,黄金;国债ETF,黄金;国债ETF,
2021-10-15,2301243.342176914,2301243.342176914,0.0,1.0,False,normal,-0.054433117179949635,2,黄金;国债ETF,黄金;国债ETF,
2021-10-18,2282221.360603325,0.0,2282221.360603325,1.0,False,normal,-0.06224913363155372,0,,,
2021-10-19,2282221.360603325,2282221.360603325,0.0,0.6655174617039374,False,normal,-0.06224913363155372,1,纳指,纳指,
2021-10-20,2286297.564660763,2286297.564660763,0.0,0.7214466716729557,False,normal,-0.060574246194102684,3,沪深300;创业板;纳指,沪深300;创业板;纳指,
2021-10-21,2286880.567760869,2286880.567760869,0.0,0.7441007773462351,False,normal,-0.06033469376870807,3,沪深300;创业板;纳指,沪深300;创业板;纳指,
2021-10-22,2297269.2380377115,2297269.238037711,4.656612873077393e-10,0.762211670890394,False,normal,-0.056066052382427366,3,沪深300;创业板;纳指,沪深300;创业板;纳指,
2021-10-25,2308336.271109191,2308336.271109191,0.0,0.7805179315671976,False,normal,-0.05151867585267461,3,沪深300;创业板;纳指,沪深300;创业板;纳指,
2021-10-26,2311799.0138101834,2311799.013810183,4.656612873077393e-10,0.8049424031438868,False,normal,-0.05009585595276428,3,沪深300;创业板;纳指,沪深300;创业板;纳指,
2021-10-27,2296663.8613251974,2296663.8613251974,0.0,0.7322371004505364,False,normal,-0.05631479798898382,1,沪深300,沪深300,
2021-10-28,2286959.6478266404,0.0,2286959.6478266404,1.0,False,normal,-0.06030220025100212,0,,,
2021-10-29,2286959.6478266404,2286959.64782664,4.656612873077393e-10,0.8166406401469046,False,normal,-0.06030220025100212,3,沪深300;创业板;纳指,沪深300;创业板;纳指,
2021-11-01,2291444.707010723,2291444.707010723,0.0,0.8418716616893188,False,normal,-0.05845931673050281,3,沪深300;创业板;纳指,沪深300;创业板;纳指,
2021-11-02,2285859.313962789,0.0,2285859.313962789,0.0,True,normal,-0.060754320738494454,0,,沪深300;创业板;纳指;国债ETF,
2021-11-03,2285859.313962789,0.0,2285859.313962789,0.0,True,normal,-0.060754320738494454,0,,沪深300;创业板;纳指,
2021-11-04,2285859.313962789,0.0,2285859.313962789,0.0,True,normal,-0.060754320738494454,0,,创业板;纳指,
2021-11-05,2285859.313962789,0.0,2285859.313962789,0.0,True,normal,-0.060754320738494454,0,,创业板;纳指,
2021-11-08,2285859.313962789,0.0,2285859.313962789,0.0,True,normal,-0.060754320738494454,0,,沪深300;创业板;纳指;国债ETF,
2021-11-09,2285859.313962789,2285859.313962789,0.0,1.0,False,normal,-0.060754320738494454,3,创业板;纳指;国债ETF,创业板;纳指;国债ETF,
2021-11-10,2278547.7390514263,2278547.7390514263,0.0,1.0,False,normal,-0.06375860236779067,3,创业板;纳指;国债ETF,创业板;纳指;国债ETF,
2021-11-11,2278501.2228763993,2278501.2228763993,0.0,1.0,False,normal,-0.06377771558098931,4,创业板;纳指;黄金;国债ETF,创业板;纳指;黄金;国债ETF,
2021-11-12,2277810.31536495,2277810.31536495,0.0,1.0,False,normal,-0.06406160527224647,4,创业板;纳指;黄金;国债ETF,创业板;纳指;黄金;国债ETF,
2021-11-15,2279483.892926256,2279483.892926256,0.0,1.0,False,normal,-0.06337394243850851,4,创业板;纳指;黄金;国债ETF,创业板;纳指;黄金;国债ETF,
2021-11-16,2276490.2892429046,2276490.2892429046,0.0,1.0,False,normal,-0.06460399597147717,4,创业板;纳指;黄金;国债ETF,创业板;纳指;黄金;国债ETF,
2021-11-17,2285352.5856118854,2285352.5856118854,0.0,1.0,False,normal,-0.060962532333686724,4,创业板;纳指;黄金;国债ETF,创业板;纳指;黄金;国债ETF,
2021-11-18,2281906.241477909,2281906.241477909,0.0,1.0,False,normal,-0.062378614162219695,4,创业板;纳指;黄金;国债ETF,创业板;纳指;黄金;国债ETF,
2021-11-19,2295483.1285918774,2295483.1285918774,0.0,1.0,False,normal,-0.05679995388259428,5,沪深300;创业板;纳指;黄金;国债ETF,沪深300;创业板;纳指;黄金;国债ETF,
2021-11-22,2305028.6559226103,0.0,2305028.6559226103,0.0,True,normal,-0.0528777548010941,0,,沪深300;创业板;纳指;黄金;国债ETF,
2021-11-23,2305028.6559226103,0.0,2305028.6559226103,0.0,True,normal,-0.0528777548010941,0,,沪深300;创业板;纳指;国债ETF,
2021-11-24,2305028.6559226103,0.0,2305028.6559226103,0.0,True,normal,-0.0528777548010941,0,,沪深300;创业板;纳指;黄金;国债ETF,
2021-11-25,2305028.6559226103,0.0,2305028.6559226103,0.0,True,normal,-0.0528777548010941,0,,沪深300;创业板;纳指;黄金;国债ETF,
2021-11-26,2305028.6559226103,0.0,2305028.6559226103,0.0,True,normal,-0.0528777548010941,0,,创业板;纳指;黄金;国债ETF,
2021-11-29,2305028.6559226103,0.0,2305028.6559226103,0.0,True,normal,-0.0528777548010941,0,,创业板;纳指;黄金;国债ETF,
2021-11-30,2305028.6559226103,0.0,2305028.6559226103,0.0,True,normal,-0.0528777548010941,0,,创业板;纳指;黄金;国债ETF,
2021-12-01,2305028.6559226103,2305028.6559226103,0.0,1.0,False,normal,-0.0528777548010941,4,创业板;纳指;黄金;国债ETF,创业板;纳指;黄金;国债ETF,
2021-12-02,2287520.072982325,2287520.072982325,0.0,1.0,False,normal,-0.06007192496554989,3,创业板;纳指;国债ETF,创业板;纳指;国债ETF,
2021-12-03,2289288.024802333,2289288.0248023327,4.656612873077393e-10,1.0,False,normal,-0.05934548432331881,3,创业板;纳指;国债ETF,创业板;纳指;国债ETF,
2021-12-06,2262948.823528406,2262948.823528406,0.0,1.0,False,normal,-0.07016810181365217,5,沪深300;创业板;纳指;黄金;国债ETF,沪深300;创业板;纳指;黄金;国债ETF,
2021-12-07,2266320.4723479454,2266320.472347945,4.656612873077393e-10,1.0,False,normal,-0.0687827118351896,3,创业板;纳指;国债ETF,创业板;纳指;国债ETF,
2021-12-08,2296423.442944495,2296423.442944495,0.0,1.0,False,normal,-0.056413584438311834,4,沪深300;创业板;纳指;国债ETF,沪深300;创业板;纳指;国债ETF,
2021-12-09,2310224.5540521517,2310224.5540521517,0.0,1.0,False,normal,-0.05074279188441559,4,沪深300;创业板;纳指;国债ETF,沪深300;创业板;纳指;国债ETF,
2021-12-10,2306526.430606973,2306526.430606973,0.0,1.0,False,normal,-0.052262328299470945,4,沪深300;创业板;纳指;国债ETF,沪深300;创业板;纳指;国债ETF,
2021-12-13,2318424.5402085586,2318424.5402085586,0.0,1.0,False,normal,-0.04737346748183137,4,沪深300;创业板;纳指;国债ETF,沪深300;创业板;纳指;国债ETF,
2021-12-14,2305778.9233362204,2305778.9233362204,0.0,1.0,False,normal,-0.05256947448733219,5,沪深300;创业板;纳指;黄金;国债ETF,沪深300;创业板;纳指;黄金;国债ETF,
2021-12-15,2289244.320537931,2289244.320537931,0.0,1.0,False,normal,-0.05936344213955645,4,沪深300;创业板;纳指;国债ETF,沪深300;创业板;纳指;国债ETF,
2021-12-16,2310293.7517903848,2310293.7517903848,0.0,1.0,False,normal,-0.05071435895494656,4,沪深300;创业板;纳指;国债ETF,沪深300;创业板;纳指;国债ETF,
2021-12-17,2277445.3424812756,2277445.3424812756,0.0,1.0,False,normal,-0.06421157040874668,4,创业板;纳指;黄金;国债ETF,创业板;纳指;黄金;国债ETF,
2021-12-20,2250375.5990512543,2250375.5990512543,0.0,1.0,False,normal,-0.07533436322458612,4,创业板;纳指;黄金;国债ETF,创业板;纳指;黄金;国债ETF,
2021-12-21,2257476.500340143,2257476.500340143,0.0,1.0,False,normal,-0.0724166461045027,5,沪深300;创业板;纳指;黄金;国债ETF,沪深300;创业板;纳指;黄金;国债ETF,
2021-12-22,2261084.4613531283,2261084.4613531283,0.0,1.0,False,normal,-0.07093415688406357,4,沪深300;创业板;纳指;国债ETF,沪深300;创业板;纳指;国债ETF,
2021-12-23,2274692.0280998666,2274692.0280998666,0.0,1.0,False,normal,-0.0653428905300641,5,沪深300;创业板;纳指;黄金;国债ETF,沪深300;创业板;纳指;黄金;国债ETF,
2021-12-24,2265841.5440465906,2265841.5440465906,0.0,1.0,False,normal,-0.06897950055922694,4,沪深300;纳指;黄金;国债ETF,沪深300;纳指;黄金;国债ETF,
2021-12-27,2268888.5615623295,2268888.5615623295,0.0,1.0,False,normal,-0.0677274996076327,4,沪深300;纳指;黄金;国债ETF,沪深300;纳指;黄金;国债ETF,
2021-12-28,2281856.4827448097,2281856.4827448097,0.0,1.0,False,normal,-0.062399059722794484,5,沪深300;创业板;纳指;黄金;国债ETF,沪深300;创业板;纳指;黄金;国债ETF,
2021-12-29,2267278.146118637,2267278.146118637,0.0,1.0,False,normal,-0.0683892095116783,4,沪深300;纳指;黄金;国债ETF,沪深300;纳指;黄金;国债ETF,
2021-12-30,2266712.358959273,2266712.358959273,0.0,1.0,False,normal,-0.06862168801180664,2,沪深300;国债ETF,沪深300;国债ETF,
2021-12-31,2270394.2116755405,2270394.2116755405,0.0,1.0,False,normal,-0.0671088371402294,3,沪深300;纳指;国债ETF,沪深300;纳指;国债ETF,
2022-01-04,2273234.803984057,2273234.803984057,0.0,1.0,False,normal,-0.06594165504987914,3,沪深300;纳指;国债ETF,沪深300;纳指;国债ETF,
2022-01-05,2250010.296311494,2250010.296311494,0.0,1.0,False,normal,-0.07548446389694442,2,沪深300;国债ETF,沪深300;国债ETF,
2022-01-06,2236650.247982135,2236650.247982135,0.0,1.0,False,warning,-0.08097402643975957,1,国债ETF,国债ETF,
2022-01-07,2236827.458929255,2236827.458929255,0.0,1.0,False,warning,-0.08090121154017949,1,国债ETF,国债ETF,
2022-01-10,2239379.296567785,2239379.296567785,0.0,1.0,False,normal,-0.07985267698622611,1,国债ETF,国债ETF,
2022-01-11,2242427.324858252,2242427.324858252,0.0,1.0,False,normal,-0.07860026071344825,1,国债ETF,国债ETF,
2022-01-12,2243277.937404428,2243277.937404428,0.0,1.0,False,normal,-0.07825074919546399,1,国债ETF,国债ETF,
2022-01-13,2243012.120983748,2243012.120983748,0.0,1.0,False,normal,-0.07835997154483401,1,国债ETF,国债ETF,
2022-01-14,2248257.5650185044,2248257.5650185044,0.0,1.0,False,normal,-0.07620465051726312,1,国债ETF,国债ETF,
2022-01-17,2247601.8845141595,2247601.8845141595,0.0,1.0,False,normal,-0.07647406564570963,1,国债ETF,国债ETF,
2022-01-18,2254087.805178757,2254087.805178757,0.0,1.0,False,normal,-0.07380904032107799,1,国债ETF,国债ETF,
2022-01-19,2253024.5394960362,2253024.5394960362,0.0,1.0,False,normal,-0.07424592971855846,2,黄金;国债ETF,黄金;国债ETF,
2022-01-20,2268056.945721143,2268056.945721143,0.0,1.0,False,normal,-0.06806920549515989,2,黄金;国债ETF,黄金;国债ETF,
2022-01-21,2270205.1943483865,2270205.1943483865,0.0,1.0,False,normal,-0.06718650320950609,2,黄金;国债ETF,黄金;国债ETF,
2022-01-24,2271113.6194068743,2271113.6194068743,0.0,1.0,False,normal,-0.0668132368820879,2,黄金;国债ETF,黄金;国债ETF,
2022-01-25,2273611.4002564913,2273611.4002564913,0.0,1.0,False,normal,-0.0657869139336831,2,黄金;国债ETF,黄金;国债ETF,
2022-01-26,2269356.222131634,2269356.222131634,0.0,1.0,False,normal,-0.06753534072611395,2,黄金;国债ETF,黄金;国债ETF,
2022-01-27,2247882.539683174,2247882.539683174,0.0,1.0,False,normal,-0.07635874614496478,2,黄金;国债ETF,黄金;国债ETF,
2022-01-28,2246421.887183005,2246421.887183005,0.0,1.0,False,normal,-0.07695891936704632,2,黄金;国债ETF,黄金;国债ETF,
2022-02-07,2253569.378511712,2253569.378511712,0.0,1.0,False,normal,-0.07402205868317119,2,黄金;国债ETF,黄金;国债ETF,
2022-02-08,2261441.981685888,2261441.981685888,0.0,1.0,False,normal,-0.07078725395537434,2,黄金;国债ETF,黄金;国债ETF,
2022-02-09,2267315.535251324,2267315.535251324,0.0,1.0,False,normal,-0.06837384654462561,2,黄金;国债ETF,黄金;国债ETF,
2022-02-10,2270515.7508735685,2270515.7508735685,0.0,1.0,False,normal,-0.0670588974235061,2,黄金;国债ETF,黄金;国债ETF,
2022-02-11,2259510.618902381,2259510.618902381,0.0,1.0,False,normal,-0.07158083916790897,2,黄金;国债ETF,黄金;国债ETF,
2022-02-14,2277121.1240330986,2277121.1240330986,0.0,1.0,False,normal,-0.06434478979575226,2,黄金;国债ETF,黄金;国债ETF,
2022-02-15,2288509.2896110825,2288509.2896110825,0.0,1.0,False,normal,-0.05966546187364455,2,黄金;国债ETF,黄金;国债ETF,
2022-02-16,2274093.6474709,2274093.6474709,0.0,1.0,False,normal,-0.0655887614884725,2,黄金;国债ETF,黄金;国债ETF,
2022-02-17,2284663.2068051356,2284663.2068051356,0.0,1.0,False,normal,-0.06124579388948725,2,黄金;国债ETF,黄金;国债ETF,
2022-02-18,2294386.2699573077,2294386.2699573077,0.0,1.0,False,normal,-0.057250646419526596,2,黄金;国债ETF,黄金;国债ETF,
2022-02-21,2290009.6750218524,2290009.6750218524,0.0,1.0,False,normal,-0.059048962640430795,2,黄金;国债ETF,黄金;国债ETF,
2022-02-22,2303721.9670152105,2303721.9670152105,0.0,1.0,False,normal,-0.053414665320003725,2,黄金;国债ETF,黄金;国债ETF,
2022-02-23,2296142.7448343514,2296142.7448343514,0.0,1.0,False,normal,-0.056528921583305344,2,黄金;国债ETF,黄金;国债ETF,
2022-02-24,2321194.681897614,2321194.681897614,0.0,1.0,False,normal,-0.04623523312222108,2,黄金;国债ETF,黄金;国债ETF,
2022-02-25,2308042.8641320057,2308042.8641320057,0.0,1.0,False,normal,-0.05163923499378312,2,黄金;国债ETF,黄金;国债ETF,
2022-02-28,2302371.0591085423,2302371.0591085423,0.0,1.0,False,normal,-0.05396974515657456,2,黄金;国债ETF,黄金;国债ETF,
2022-03-01,2300082.163580031,2300082.163580031,0.0,1.0,False,normal,-0.05491023839791411,2,黄金;国债ETF,黄金;国债ETF,
2022-03-02,2315057.0018894495,2315057.0018894495,0.0,1.0,False,normal,-0.048757168480685655,2,黄金;国债ETF,黄金;国债ETF,
2022-03-03,2312095.047781593,2312095.047781593,0.0,1.0,False,normal,-0.04997421739571799,2,黄金;国债ETF,黄金;国债ETF,
2022-03-04,2315776.8499004487,2315776.8499004487,0.0,1.0,False,normal,-0.0484613873143094,2,黄金;国债ETF,黄金;国债ETF,
2022-03-07,2343822.631952528,2343822.631952528,0.0,1.0,False,normal,-0.03693754616930965,2,黄金;国债ETF,黄金;国债ETF,
2022-03-08,2371561.5304657444,2371561.5304657444,0.0,1.0,False,normal,-0.025539801602586877,2,黄金;国债ETF,黄金;国债ETF,
2022-03-09,2382580.943426962,2382580.943426962,0.0,1.0,False,normal,-0.021011991886301633,2,黄金;国债ETF,黄金;国债ETF,
2022-03-10,2344934.1094117966,2344934.1094117966,0.0,1.0,False,normal,-0.036480846846285775,2,黄金;国债ETF,黄金;国债ETF,
2022-03-11,2348821.7945948327,2348821.7945948327,0.0,1.0,False,normal,-0.03488342066690932,2,黄金;国债ETF,黄金;国债ETF,
2022-03-14,2346191.986117674,2346191.986117674,0.0,1.0,False,normal,-0.03596399296388698,2,黄金;国债ETF,黄金;国债ETF,
2022-03-15,2316445.9041649327,2316445.9041649327,0.0,1.0,False,normal,-0.04818647698922091,2,黄金;国债ETF,黄金;国债ETF,
2022-03-16,2304981.104295349,2304981.104295349,0.0,1.0,False,normal,-0.052897293475313474,2,黄金;国债ETF,黄金;国债ETF,
2022-03-17,2320075.774327236,2320075.774327236,0.0,1.0,False,normal,-0.04669498543267651,2,黄金;国债ETF,黄金;国债ETF,
2022-03-18,2323448.7294083764,2323448.7294083764,0.0,1.0,False,normal,-0.045309058719272655,2,黄金;国债ETF,黄金;国债ETF,
2022-03-21,2319975.05311241,2319975.05311241,0.0,0.5025699107826981,False,normal,-0.04673637116681056,1,黄金,黄金,
2022-03-22,2335075.1250540423,2335075.1250540423,0.0,0.514902673881643,False,normal,-0.04053184351233789,1,黄金,黄金,
2022-03-23,2316351.0358464182,2316351.0358464182,0.0,0.5227475396494716,False,normal,-0.048225457803884,1,黄金,黄金,
2022-03-24,2343531.1653413563,2343531.1653413563,0.0,0.5254893910233962,False,normal,-0.03705730802583324,1,黄金,黄金,
2022-03-25,2359839.2430383195,2359839.2430383195,0.0,0.6289615815808092,False,normal,-0.03035641815900263,2,纳指;黄金,纳指;黄金,
2022-03-28,2343142.922577831,2343142.922577831,0.0,0.6327539551442883,False,normal,-0.03721683461433249,2,纳指;黄金,纳指;黄金,
2022-03-29,2360642.3856638526,2360642.3856638526,0.0,0.6461691062351826,False,normal,-0.030026411742485725,2,纳指;黄金,纳指;黄金,
2022-03-30,2372058.2884449176,2372058.2884449176,0.0,0.6647542665139811,False,normal,-0.025335686772454024,2,纳指;黄金,纳指;黄金,
2022-03-31,2361818.5705287484,2361818.5705287484,0.0,0.676348380350025,False,normal,-0.029543124540330194,2,纳指;黄金,纳指;黄金,
2022-04-01,2355967.0528933387,2355967.0528933387,0.0,0.6933240092463611,False,normal,-0.03194747752155245,2,纳指;黄金,纳指;黄金,
2022-04-06,2343505.5871742703,2343505.5871742703,0.0,0.7034907156080277,False,normal,-0.03706781793900778,2,纳指;黄金,纳指;黄金,
2022-04-07,2321409.0177815435,2321409.0177815435,0.0,0.6357455940968664,False,normal,-0.04614716381206639,1,黄金,黄金,
2022-04-08,2326845.5728583154,2326845.5728583154,0.0,0.6548128637353383,False,normal,-0.04391331642052551,1,黄金,黄金,
2022-04-11,2347383.669815009,2347383.669815009,0.0,1.0,False,normal,-0.035474337385815624,2,黄金;国债ETF,黄金;国债ETF,
2022-04-12,2354461.648974565,2354461.648974565,0.0,1.0,False,normal,-0.03256603882915998,2,黄金;国债ETF,黄金;国债ETF,
2022-04-13,2360225.9108034754,2360225.9108034754,0.0,1.0,False,normal,-0.03019753872774718,2,黄金;国债ETF,黄金;国债ETF,
2022-04-14,2363590.8178415224,2363590.8178415224,0.0,1.0,False,normal,-0.02881491890626603,2,黄金;国债ETF,黄金;国债ETF,
2022-04-15,2366461.7170417216,2366461.7170417216,0.0,1.0,False,normal,-0.027635283898585817,2,黄金;国债ETF,黄金;国债ETF,
2022-04-18,2371988.2380229817,2371988.2380229817,0.0,1.0,False,normal,-0.02536447006446675,2,黄金;国债ETF,黄金;国债ETF,
2022-04-19,2363176.707737649,2363176.707737649,0.0,1.0,False,normal,-0.028985074227473206,2,黄金;国债ETF,黄金;国债ETF,
2022-04-20,2348500.6218364295,2348500.6218364295,0.0,1.0,False,normal,-0.0350153885985244,3,纳指;黄金;国债ETF,纳指;黄金;国债ETF,
2022-04-21,2361487.6365694935,2361487.6365694935,0.0,1.0,False,normal,-0.02967910328996387,3,纳指;黄金;国债ETF,纳指;黄金;国债ETF,
2022-04-22,2349668.931441377,0.0,2349668.931441377,0.0,True,normal,-0.03453533729274903,0,,纳指;黄金;国债ETF,
2022-04-25,2349668.931441377,0.0,2349668.931441377,0.0,True,normal,-0.03453533729274903,0,,黄金;国债ETF,
2022-04-26,2349668.931441377,0.0,2349668.931441377,0.0,True,normal,-0.03453533729274903,0,,纳指;黄金;国债ETF,
2022-04-27,2349668.931441377,0.0,2349668.931441377,0.0,True,normal,-0.03453533729274903,0,,黄金;国债ETF,
2022-04-28,2349668.931441377,0.0,2349668.931441377,0.0,True,normal,-0.03453533729274903,0,,黄金;国债ETF,
2022-04-29,2349668.931441377,0.0,2349668.931441377,0.0,True,normal,-0.03453533729274903,0,,黄金;国债ETF,
2022-05-05,2349668.931441377,0.0,2349668.931441377,0.0,True,normal,-0.03453533729274903,0,,纳指;黄金;国债ETF,
2022-05-06,2349668.931441377,0.0,2349668.931441377,0.0,True,normal,-0.03453533729274903,0,,国债ETF,
2022-05-09,2349668.931441377,0.0,2349668.931441377,0.0,True,normal,-0.03453533729274903,0,,纳指;国债ETF,
2022-05-10,2349668.931441377,0.0,2349668.931441377,0.0,True,normal,-0.03453533729274903,0,,国债ETF,
2022-05-11,2349668.931441377,0.0,2349668.931441377,0.0,True,normal,-0.03453533729274903,0,,国债ETF,
2022-05-12,2349668.931441377,0.0,2349668.931441377,0.0,True,normal,-0.03453533729274903,0,,国债ETF,
2022-05-13,2349668.931441377,0.0,2349668.931441377,0.0,True,normal,-0.03453533729274903,0,,国债ETF,
2022-05-16,2349668.931441377,0.0,2349668.931441377,0.0,True,normal,-0.03453533729274903,0,,纳指;黄金;国债ETF,
2022-05-17,2349668.931441377,0.0,2349668.931441377,0.0,True,normal,-0.03453533729274903,0,,黄金;国债ETF,
2022-05-18,2349668.931441377,0.0,2349668.931441377,0.0,True,normal,-0.03453533729274903,0,,国债ETF,
2022-05-19,2349668.931441377,0.0,2349668.931441377,0.0,True,normal,-0.03453533729274903,0,,国债ETF,
2022-05-20,2349668.931441377,0.0,2349668.931441377,0.0,True,normal,-0.03453533729274903,0,,黄金;国债ETF,
2022-05-23,2349668.931441377,0.0,2349668.931441377,0.0,True,normal,-0.03453533729274903,0,,黄金;国债ETF,
2022-05-24,2349668.931441377,0.0,2349668.931441377,0.0,True,normal,-0.03453533729274903,0,,黄金;国债ETF,
2022-05-25,2349668.931441377,0.0,2349668.931441377,0.0,True,normal,-0.03453533729274903,0,,黄金;国债ETF,
2022-05-26,2349668.931441377,0.0,2349668.931441377,0.0,True,normal,-0.03453533729274903,0,,国债ETF,
2022-05-27,2349668.931441377,0.0,2349668.931441377,0.0,True,normal,-0.03453533729274903,0,,黄金;国债ETF,
2022-05-30,2349668.931441377,0.0,2349668.931441377,0.0,True,normal,-0.03453533729274903,0,,黄金;国债ETF,
2022-05-31,2349668.931441377,0.0,2349668.931441377,0.0,True,normal,-0.03453533729274903,0,,黄金;国债ETF,
2022-06-01,2349668.931441377,0.0,2349668.931441377,0.0,True,normal,-0.03453533729274903,0,,黄金;国债ETF,
2022-06-02,2349668.931441377,0.0,2349668.931441377,0.0,True,normal,-0.03453533729274903,0,,黄金;国债ETF,
2022-06-06,2349668.931441377,0.0,2349668.931441377,0.0,True,normal,-0.03453533729274903,0,,黄金;国债ETF,
2022-06-07,2349668.931441377,0.0,2349668.931441377,0.0,True,normal,-0.03453533729274903,0,,黄金;国债ETF,
2022-06-08,2349668.931441377,0.0,2349668.931441377,0.0,True,normal,-0.03453533729274903,0,,创业板;黄金;国债ETF,
2022-06-09,2349668.931441377,0.0,2349668.931441377,0.0,True,normal,-0.03453533729274903,0,,沪深300;创业板;国债ETF,
2022-06-10,2349668.931441377,0.0,2349668.931441377,0.0,True,normal,-0.03453533729274903,0,,沪深300;创业板;国债ETF,
2022-06-13,2349668.931441377,0.0,2349668.931441377,0.0,True,normal,-0.03453533729274903,0,,沪深300;创业板;国债ETF,
2022-06-14,2349668.931441377,0.0,2349668.931441377,0.0,True,normal,-0.03453533729274903,0,,沪深300;创业板;国债ETF,
2022-06-15,2349668.931441377,0.0,2349668.931441377,0.0,True,normal,-0.03453533729274903,0,,沪深300;创业板;国债ETF,
2022-06-16,2349668.931441377,0.0,2349668.931441377,0.0,True,normal,-0.03453533729274903,0,,沪深300;创业板;国债ETF,
2022-06-17,2349668.931441377,0.0,2349668.931441377,0.0,True,normal,-0.03453533729274903,0,,沪深300;创业板;国债ETF,
2022-06-20,2349668.931441377,0.0,2349668.931441377,0.0,True,normal,-0.03453533729274903,0,,沪深300;创业板;国债ETF,
2022-06-21,2349668.931441377,0.0,2349668.931441377,0.0,True,normal,-0.03453533729274903,0,,沪深300;创业板;国债ETF,
2022-06-22,2349668.931441377,0.0,2349668.931441377,0.0,True,normal,-0.03453533729274903,0,,沪深300;创业板;国债ETF,
2022-06-23,2349668.931441377,0.0,2349668.931441377,0.0,True,normal,-0.03453533729274903,0,,沪深300;创业板;国债ETF,
2022-06-24,2349668.931441377,0.0,2349668.931441377,0.0,True,normal,-0.03453533729274903,0,,沪深300;创业板;国债ETF,
2022-06-27,2349668.931441377,0.0,2349668.931441377,0.0,True,normal,-0.03453533729274903,0,,沪深300;创业板;国债ETF,
2022-06-28,2349668.931441377,0.0,2349668.931441377,0.0,True,normal,-0.03453533729274903,0,,沪深300;创业板;国债ETF,
2022-06-29,2349668.931441377,0.0,2349668.931441377,0.0,True,normal,-0.03453533729274903,0,,沪深300;创业板;国债ETF,
2022-06-30,2349668.931441377,0.0,2349668.931441377,0.0,True,normal,-0.03453533729274903,0,,沪深300;创业板;国债ETF,
2022-07-01,2349668.931441377,0.0,2349668.931441377,0.0,True,normal,-0.03453533729274903,0,,沪深300;创业板;国债ETF,
2022-07-04,2349668.931441377,0.0,2349668.931441377,0.0,True,normal,-0.03453533729274903,0,,沪深300;创业板;国债ETF,
2022-07-05,2349668.931441377,0.0,2349668.931441377,0.0,True,normal,-0.03453533729274903,0,,沪深300;创业板,
2022-07-06,2349668.931441377,0.0,2349668.931441377,0.0,True,normal,-0.03453533729274903,0,,沪深300;创业板;国债ETF,
2022-07-07,2349668.931441377,0.0,2349668.931441377,0.0,True,normal,-0.03453533729274903,0,,沪深300;创业板;国债ETF,
2022-07-08,2349668.931441377,0.0,2349668.931441377,0.0,True,normal,-0.03453533729274903,0,,沪深300;创业板,
2022-07-11,2349668.931441377,2349668.931441377,0.0,0.4720500632565909,False,normal,-0.03453533729274903,2,沪深300;创业板,沪深300;创业板,
2022-07-12,2310331.9447219362,2310331.9447219362,0.0,0.46081614155669004,False,normal,-0.050698665711832715,2,沪深300;创业板,沪深300;创业板,
2022-07-13,2331134.347718608,2331134.347718608,0.0,0.47001241100026503,False,normal,-0.04215108493399019,2,沪深300;创业板,沪深300;创业板,
2022-07-14,2362017.0138272885,2362017.0138272885,0.0,0.47347373963997486,False,normal,-0.02946158539678201,2,沪深300;创业板,沪深300;创业板,
2022-07-15,2320660.5215948895,2320660.5215948895,0.0,0.6951630772821081,False,normal,-0.0464547163394526,3,沪深300;创业板;国债ETF,沪深300;创业板;国债ETF,
2022-07-18,2339087.291552768,2339087.291552768,0.0,0.7395281664672237,False,normal,-0.03888326871799808,4,沪深300;创业板;纳指;国债ETF,沪深300;创业板;纳指;国债ETF,
2022-07-19,2317444.679275551,2317444.679275551,0.0,0.5448226422201259,False,normal,-0.04777608637529647,3,沪深300;创业板;纳指,沪深300;创业板;纳指,
2022-07-20,2347643.378107168,2347643.378107168,0.0,0.5434168745683519,False,normal,-0.035367624829277904,3,沪深300;创业板;纳指,沪深300;创业板;纳指,
2022-07-21,2341163.54440011,2341163.54440011,0.0,0.5585430505160282,False,normal,-0.038030149060104754,3,沪深300;创业板;纳指,沪深300;创业板;纳指,
2022-07-22,2341594.700556523,2341594.700556523,0.0,0.7728279772135334,False,normal,-0.037852989619659536,4,沪深300;创业板;纳指;国债ETF,沪深300;创业板;纳指;国债ETF,
2022-07-25,2325598.186246558,2325598.186246558,0.0,0.7824649572094666,False,normal,-0.04442585998709813,3,沪深300;创业板;国债ETF,沪深300;创业板;国债ETF,
2022-07-26,2333110.5164210033,2333110.5164210033,0.0,0.8027693018961961,False,normal,-0.041339089242094916,3,沪深300;创业板;国债ETF,沪深300;创业板;国债ETF,
2022-07-27,2329710.185489262,2329710.1854892615,4.656612873077393e-10,0.827099720971861,False,normal,-0.04273626452588809,3,沪深300;创业板;国债ETF,沪深300;创业板;国债ETF,
2022-07-28,2327741.686027893,2327741.686027893,0.0,0.8463918290198927,False,normal,-0.04354510897332448,4,沪深300;创业板;纳指;国债ETF,沪深300;创业板;纳指;国债ETF,
2022-07-29,2329310.6498924554,2329310.6498924554,0.0,1.0,False,normal,-0.04290043127084895,4,沪深300;创业板;纳指;国债ETF,沪深300;创业板;纳指;国债ETF,
2022-08-01,2345509.542572147,2345509.542572147,0.0,1.0,False,normal,-0.036244404863062324,4,沪深300;创业板;纳指;国债ETF,沪深300;创业板;纳指;国债ETF,
2022-08-02,2325043.709680032,2325043.709680032,0.0,0.8442445427254599,False,normal,-0.04465369103347104,3,创业板;纳指;国债ETF,创业板;纳指;国债ETF,
2022-08-03,2309308.5709750224,2309308.5709750224,0.0,0.8435341164144361,False,normal,-0.05111916375569183,3,创业板;纳指;国债ETF,创业板;纳指;国债ETF,
2022-08-04,2335555.30909281,2335555.30909281,0.0,0.8206828974433471,False,normal,-0.040334538813440686,3,创业板;纳指;国债ETF,创业板;纳指;国债ETF,
2022-08-05,2350270.9777118186,2350270.9777118186,0.0,0.8320862445338816,False,normal,-0.03428796014456943,4,沪深300;创业板;纳指;国债ETF,沪深300;创业板;纳指;国债ETF,
2022-08-08,2344253.7030603206,2344253.7030603206,0.0,0.8553167014705094,False,normal,-0.03676042167482498,3,创业板;纳指;国债ETF,创业板;纳指;国债ETF,
2022-08-09,2343152.456615497,2343152.4566154964,4.656612873077393e-10,1.0,False,normal,-0.03721291713628433,3,创业板;纳指;国债ETF,创业板;纳指;国债ETF,
2022-08-10,2321796.66777624,2321796.66777624,0.0,0.8566878616757203,False,normal,-0.04598788078867103,3,创业板;纳指;国债ETF,创业板;纳指;国债ETF,
2022-08-11,2368889.20949304,2368889.20949304,0.0,0.7413562429786001,False,normal,-0.026637842025232637,3,创业板;纳指;国债ETF,创业板;纳指;国债ETF,
2022-08-12,2351065.496115434,2351065.496115434,0.0,0.8022613858659844,False,normal,-0.03396149736834732,2,纳指;国债ETF,纳指;国债ETF,
2022-08-15,2377038.389368171,2377038.389368171,0.0,0.7359458478701811,False,normal,-0.02328939361439313,3,创业板;纳指;国债ETF,创业板;纳指;国债ETF,
2022-08-16,2391702.8926577233,2391702.8926577233,0.0,0.7529578363775732,False,normal,-0.017263838467978528,3,创业板;纳指;国债ETF,创业板;纳指;国债ETF,
2022-08-17,2402275.2817827784,2402275.2817827784,0.0,0.7746615639974468,False,normal,-0.012919708125169054,3,创业板;纳指;国债ETF,创业板;纳指;国债ETF,
2022-08-18,2391127.0456904224,2391127.0456904224,0.0,0.8242893017863252,False,normal,-0.017500450481959185,2,纳指;国债ETF,纳指;国债ETF,
2022-08-19,2394530.9177401625,2394530.9177401625,0.0,0.8501433873487301,False,normal,-0.016101820174333266,2,纳指;国债ETF,纳指;国债ETF,
2022-08-22,2373943.8434900558,2373943.8434900558,0.0,0.8292153451764759,False,normal,-0.024560923680807107,2,纳指;国债ETF,纳指;国债ETF,
2022-08-23,2350993.9525281982,2350993.9525281982,0.0,0.8192150705569148,False,normal,-0.0339908941928936,3,创业板;纳指;国债ETF,创业板;纳指;国债ETF,
2022-08-24,2325254.0294079287,2325254.0294079287,0.0,0.8320823576447254,False,normal,-0.04456727193738591,2,纳指;国债ETF,纳指;国债ETF,
2022-08-25,2340035.9658109574,2340035.9658109574,0.0,1.0,False,normal,-0.03849346423939866,3,纳指;黄金;国债ETF,纳指;黄金;国债ETF,
2022-08-26,2344171.5028355485,2344171.5028355485,0.0,0.868771818020584,False,normal,-0.036794197246873495,2,纳指;国债ETF,纳指;国债ETF,
2022-08-29,2298129.1544964435,2298129.1544964435,0.0,0.7308005968455595,False,normal,-0.05571271794340203,2,纳指;国债ETF,纳指;国债ETF,
2022-08-30,2304388.6684956662,2304388.6684956662,0.0,1.0,False,normal,-0.053140721739552275,3,纳指;黄金;国债ETF,纳指;黄金;国债ETF,
2022-08-31,2292661.7470671567,2292661.7470671562,4.656612873077393e-10,1.0,False,normal,-0.05795924237880892,3,纳指;黄金;国债ETF,纳指;黄金;国债ETF,
2022-09-01,2268703.1323980377,2268703.1323980372,4.656612873077393e-10,1.0,False,normal,-0.0678036913226286,3,纳指;黄金;国债ETF,纳指;黄金;国债ETF,
2022-09-02,2276761.000265665,2276761.000265665,0.0,1.0,False,normal,-0.06449276245990326,3,纳指;黄金;国债ETF,纳指;黄金;国债ETF,
2022-09-05,2278864.859896792,2278864.859896792,0.0,1.0,False,normal,-0.06362829934258075,3,纳指;黄金;国债ETF,纳指;黄金;国债ETF,
2022-09-06,2287765.08659968,2287765.08659968,0.0,1.0,False,normal,-0.05997125036145018,3,纳指;黄金;国债ETF,纳指;黄金;国债ETF,
2022-09-07,2274800.0666595185,2274800.0666595185,0.0,1.0,False,normal,-0.06529849814347807,3,纳指;黄金;国债ETF,纳指;黄金;国债ETF,
2022-09-08,2295884.751487311,2295884.751487311,0.0,1.0,False,normal,-0.056634929479331894,3,纳指;黄金;国债ETF,纳指;黄金;国债ETF,
2022-09-09,2296858.8320551636,2296858.8320551636,0.0,1.0,False,normal,-0.05623468570272691,3,纳指;黄金;国债ETF,纳指;黄金;国债ETF,
2022-09-13,2318561.8169258176,2318561.816925817,4.656612873077393e-10,1.0,False,normal,-0.04731706131424213,3,纳指;黄金;国债ETF,纳指;黄金;国债ETF,
2022-09-14,2276230.0244325832,2276230.0244325832,0.0,1.0,False,normal,-0.06471093719794067,2,黄金;国债ETF,黄金;国债ETF,
2022-09-15,2271342.9756171964,2271342.9756171964,0.0,1.0,False,normal,-0.06671899581123941,2,黄金;国债ETF,黄金;国债ETF,
2022-09-16,2265479.6698360983,2265479.6698360983,0.0,1.0,False,normal,-0.06912819246977665,2,黄金;国债ETF,黄金;国债ETF,
2022-09-19,2269561.1917935405,2269561.1917935405,0.0,1.0,False,normal,-0.06745111993958117,2,黄金;国债ETF,黄金;国债ETF,
2022-09-20,2274769.2545813397,2274769.2545813397,0.0,0.8640247023161027,False,normal,-0.06531115863886455,3,纳指;黄金;国债ETF,纳指;黄金;国债ETF,
2022-09-21,2271497.3488130914,2271497.3488130914,0.0,1.0,False,normal,-0.06665556480463612,3,纳指;黄金;国债ETF,纳指;黄金;国债ETF,
2022-09-22,2256018.694670645,2256018.694670645,0.0,1.0,False,normal,-0.07301564958118884,2,黄金;国债ETF,黄金;国债ETF,
2022-09-23,2260020.9474720825,0.0,2260020.9474720825,0.0,True,normal,-0.07137114826472525,0,,黄金;国债ETF,
2022-09-26,2260020.9474720825,0.0,2260020.9474720825,0.0,True,normal,-0.07137114826472525,0,,国债ETF,
2022-09-27,2260020.9474720825,0.0,2260020.9474720825,0.0,True,normal,-0.07137114826472525,0,,国债ETF,
2022-09-28,2260020.9474720825,0.0,2260020.9474720825,0.0,True,normal,-0.07137114826472525,0,,国债ETF,
2022-09-29,2260020.9474720825,0.0,2260020.9474720825,0.0,True,normal,-0.07137114826472525,0,,黄金,
2022-09-30,2260020.9474720825,0.0,2260020.9474720825,0.0,True,normal,-0.07137114826472525,0,,,
2022-10-10,2260020.9474720825,0.0,2260020.9474720825,0.0,True,normal,-0.07137114826472525,0,,黄金;国债ETF,
2022-10-11,2260020.9474720825,0.0,2260020.9474720825,0.0,True,normal,-0.07137114826472525,0,,黄金;国债ETF,
2022-10-12,2260020.9474720825,0.0,2260020.9474720825,0.0,True,normal,-0.07137114826472525,0,,黄金;国债ETF,
2022-10-13,2260020.9474720825,0.0,2260020.9474720825,0.0,True,normal,-0.07137114826472525,0,,黄金;国债ETF,
2022-10-14,2260020.9474720825,0.0,2260020.9474720825,0.0,True,normal,-0.07137114826472525,0,,黄金;国债ETF,
2022-10-17,2260020.9474720825,0.0,2260020.9474720825,0.0,True,normal,-0.07137114826472525,0,,国债ETF,
2022-10-18,2260020.9474720825,0.0,2260020.9474720825,0.0,True,normal,-0.07137114826472525,0,,黄金,
2022-10-19,2260020.9474720825,0.0,2260020.9474720825,0.0,True,normal,-0.07137114826472525,0,,黄金,
2022-10-20,2260020.9474720825,0.0,2260020.9474720825,0.0,True,normal,-0.07137114826472525,0,,黄金,
2022-10-21,2260020.9474720825,0.0,2260020.9474720825,0.0,True,normal,-0.07137114826472525,0,,黄金,
2022-10-24,2260020.9474720825,0.0,2260020.9474720825,0.0,True,normal,-0.07137114826472525,0,,黄金,
2022-10-25,2260020.9474720825,0.0,2260020.9474720825,0.0,True,normal,-0.07137114826472525,0,,黄金,
2022-10-26,2260020.9474720825,0.0,2260020.9474720825,0.0,True,normal,-0.07137114826472525,0,,黄金,
2022-10-27,2260020.9474720825,0.0,2260020.9474720825,0.0,True,normal,-0.07137114826472525,0,,黄金;国债ETF,
2022-10-28,2260020.9474720825,0.0,2260020.9474720825,0.0,True,normal,-0.07137114826472525,0,,黄金;国债ETF,
2022-10-31,2260020.9474720825,0.0,2260020.9474720825,0.0,True,normal,-0.07137114826472525,0,,黄金;国债ETF,
2022-11-01,2260020.9474720825,0.0,2260020.9474720825,0.0,True,normal,-0.07137114826472525,0,,黄金;国债ETF,
2022-11-02,2260020.9474720825,0.0,2260020.9474720825,0.0,True,normal,-0.07137114826472525,0,,黄金,
2022-11-03,2260020.9474720825,0.0,2260020.9474720825,0.0,True,normal,-0.07137114826472525,0,,黄金;国债ETF,
2022-11-04,2260020.9474720825,2260020.9474720825,0.0,1.0,False,normal,-0.07137114826472525,1,黄金,黄金,
2022-11-07,2276656.222584916,2276656.222584916,0.0,1.0,False,normal,-0.06453581497119538,1,黄金,黄金,
2022-11-08,2280815.0413631243,2280815.0413631243,0.0,1.0,False,normal,-0.06282698164781288,1,黄金,黄金,
2022-11-09,2343791.440004565,2343791.440004565,0.0,0.8305461338306865,False,normal,-0.036950362750878395,1,黄金,黄金,
2022-11-10,2331909.1006382555,2331909.1006382555,0.0,0.8334929817619317,False,normal,-0.04183274367482822,1,黄金,黄金,
2022-11-11,2347950.2587827733,2347950.2587827733,0.0,0.8484793842163404,False,normal,-0.03524152942749588,1,黄金,黄金,
2022-11-14,2324779.6970184697,2324779.6970184697,0.0,0.8132823788932018,False,normal,-0.04476217222919819,1,黄金,黄金,
2022-11-15,2336662.036384779,2336662.036384779,0.0,0.8331708027417103,False,normal,-0.039879791305248366,1,黄金,黄金,
2022-11-16,2349138.4927194044,2349138.4927194044,0.0,0.5266501875034046,False,normal,-0.03475329133510082,2,纳指;黄金,纳指;黄金,
2022-11-17,2343505.767037222,2343505.767037222,0.0,0.5694075150947103,False,normal,-0.037067744034415595,3,创业板;纳指;黄金,创业板;纳指;黄金,
2022-11-18,2339246.547672895,2339246.547672895,0.0,0.5861201043180624,False,normal,-0.03881783134754783,3,创业板;纳指;黄金,创业板;纳指;黄金,
2022-11-21,2334694.592179817,2334694.592179817,0.0,0.70952324598664,False,normal,-0.04068820215424982,2,创业板;黄金,创业板;黄金,
2022-11-22,2310352.603592324,2310352.603592324,0.0,0.6997990098276866,False,normal,-0.05069017710773024,2,创业板;黄金,创业板;黄金,
2022-11-23,2308319.7372451248,2308319.7372451248,0.0,0.6214131094961054,False,normal,-0.051525469516786236,3,创业板;纳指;黄金,创业板;纳指;黄金,
2022-11-24,2318579.886072279,2318579.886072279,0.0,0.6377449822793643,False,normal,-0.04730963681193875,3,创业板;纳指;黄金,创业板;纳指;黄金,
2022-11-25,2315210.577080661,2315210.577080661,0.0,1.0,False,normal,-0.0486940653693498,3,纳指;黄金;国债ETF,纳指;黄金;国债ETF,
2022-11-28,2304563.537016828,2304563.537016828,0.0,0.6365620782090546,False,normal,-0.05306886932854131,2,纳指;黄金,纳指;黄金,
2022-11-29,2298665.817916337,2298665.817916337,0.0,0.6720495426818377,False,normal,-0.05549220621056104,4,沪深300;创业板;纳指;黄金,沪深300;创业板;纳指;黄金,
2022-11-30,2290583.773377663,2290583.773377663,0.0,0.7348909189399067,False,normal,-0.05881306912026858,3,沪深300;纳指;黄金,沪深300;纳指;黄金,
2022-12-01,2325268.9113660473,2325268.9113660473,0.0,0.6534095871155282,False,normal,-0.044561157031373755,4,沪深300;创业板;纳指;黄金,沪深300;创业板;纳指;黄金,
2022-12-02,2323178.02775447,2323178.02775447,0.0,0.6729729775587934,False,normal,-0.04542028838124164,4,沪深300;创业板;纳指;黄金,沪深300;创业板;纳指;黄金,
2022-12-05,2321160.83894061,2321160.83894061,0.0,0.6931635573967757,False,normal,-0.0462491389872694,4,沪深300;创业板;纳指;黄金,沪深300;创业板;纳指;黄金,
2022-12-06,2313018.6646338957,2313018.6646338957,0.0,0.7097509166501292,False,normal,-0.04959470885268592,4,沪深300;创业板;纳指;黄金,沪深300;创业板;纳指;黄金,
2022-12-07,2311113.833397464,2311113.833397464,0.0,0.7313967713567617,False,normal,-0.0503773924140112,4,沪深300;创业板;纳指;黄金,沪深300;创业板;纳指;黄金,
2022-12-08,2310878.830808188,2310878.830808188,0.0,0.7893137129724251,False,normal,-0.05047395354760527,3,沪深300;纳指;黄金,沪深300;纳指;黄金,
2022-12-09,2321071.1852084193,2321071.1852084193,0.0,0.8082279430086967,False,normal,-0.04628597716015063,3,沪深300;纳指;黄金,沪深300;纳指;黄金,
2022-12-12,2305041.6404459705,2305041.6404459705,0.0,0.8106272274980687,False,normal,-0.0528724195394755,3,沪深300;纳指;黄金,沪深300;纳指;黄金,
2022-12-13,2315632.2640398093,2315632.2640398093,0.0,0.8284628831387923,False,normal,-0.0485207967644266,3,沪深300;纳指;黄金,沪深300;纳指;黄金,
2022-12-14,2334442.060821631,2334442.060821631,0.0,0.8300561775722801,False,normal,-0.04079196575230048,3,沪深300;纳指;黄金,沪深300;纳指;黄金,
2022-12-15,2316234.701830568,2316234.701830568,0.0,0.8370842786946218,False,normal,-0.04827325874293184,4,沪深300;创业板;纳指;黄金,沪深300;创业板;纳指;黄金,
2022-12-16,2294014.933368765,2294014.933368765,0.0,1.0,False,normal,-0.05740322636362473,3,沪深300;创业板;黄金,沪深300;创业板;黄金,
2022-12-19,2280261.588702433,2280261.588702433,0.0,1.0,False,normal,-0.06305439197751031,3,沪深300;创业板;黄金,沪深300;创业板;黄金,
2022-12-20,2257997.268916228,2257997.268916228,0.0,1.0,False,normal,-0.07220266546623906,2,沪深300;黄金,沪深300;黄金,
2022-12-21,2268008.45143103,2268008.45143103,0.0,1.0,False,normal,-0.0680891315038076,2,沪深300;黄金,沪深300;黄金,
2022-12-22,2270338.796616163,2270338.796616163,0.0,1.0,False,normal,-0.06713160685084472,3,沪深300;创业板;黄金,沪深300;创业板;黄金,
2022-12-23,2257723.7539858893,2257723.7539858893,0.0,1.0,False,normal,-0.07231505108637099,3,沪深300;创业板;黄金,沪深300;创业板;黄金,
2022-12-26,2273965.2875665054,2273965.2875665054,0.0,1.0,False,normal,-0.06564150379192771,2,沪深300;黄金,沪深300;黄金,
2022-12-27,2290543.6386713907,2290543.6386713907,0.0,1.0,False,normal,-0.05882956022679662,2,沪深300;黄金,沪深300;黄金,
2022-12-28,2287638.4981172364,2287638.4981172364,0.0,1.0,False,normal,-0.06002326479840755,2,沪深300;黄金,沪深300;黄金,
2022-12-29,2282419.033836587,2282419.033836587,0.0,1.0,False,normal,-0.06216791090314139,2,沪深300;黄金,沪深300;黄金,
2022-12-30,2294567.44630466,2294567.44630466,0.0,1.0,False,normal,-0.05717620216112653,2,沪深300;黄金,沪深300;黄金,
2023-01-03,2298059.9777718997,2298059.9777718997,0.0,1.0,False,normal,-0.05574114223847406,2,沪深300;黄金,沪深300;黄金,
2023-01-04,2303837.7263474073,2303837.7263474073,0.0,1.0,False,normal,-0.05336710051497137,2,沪深300;黄金,沪深300;黄金,
2023-01-05,2325399.6413684376,2325399.6413684376,0.0,1.0,False,normal,-0.044507440869077666,3,沪深300;创业板;黄金,沪深300;创业板;黄金,
2023-01-06,2329513.04991797,2329513.04991797,0.0,1.0,False,normal,-0.04281726633226956,3,沪深300;创业板;黄金,沪深300;创业板;黄金,
2023-01-09,2347674.887903147,2347674.887903147,0.0,1.0,False,normal,-0.035354677645893944,4,沪深300;创业板;黄金;国债ETF,沪深300;创业板;黄金;国债ETF,
2023-01-10,2356840.493033203,2356840.493033203,0.0,1.0,False,normal,-0.031588586284261595,4,沪深300;创业板;黄金;国债ETF,沪深300;创业板;黄金;国债ETF,
2023-01-11,2351359.3786683567,2351359.3786683567,0.0,1.0,False,normal,-0.033840742816062794,4,沪深300;创业板;黄金;国债ETF,沪深300;创业板;黄金;国债ETF,
2023-01-12,2353489.141686934,2353489.141686934,0.0,1.0,False,normal,-0.03296563615449758,4,沪深300;创业板;黄金;国债ETF,沪深300;创业板;黄金;国债ETF,
2023-01-13,2372370.0844638282,2372370.0844638282,0.0,1.0,False,normal,-0.025207571686025096,4,沪深300;创业板;黄金;国债ETF,沪深300;创业板;黄金;国债ETF,
2023-01-16,2386182.4073541574,2386182.4073541574,0.0,1.0,False,normal,-0.019532172278869078,3,沪深300;创业板;黄金,沪深300;创业板;黄金,
2023-01-17,2391141.3112423103,2391141.3112423103,0.0,1.0,False,normal,-0.01749458885351549,3,沪深300;创业板;黄金,沪深300;创业板;黄金,
2023-01-18,2386802.5259958664,2386802.5259958664,0.0,1.0,False,normal,-0.01927736930333296,3,沪深300;创业板;黄金,沪深300;创业板;黄金,
2023-01-19,2403576.544284837,2403576.544284837,0.0,1.0,False,normal,-0.012385027283186462,3,沪深300;创业板;黄金,沪深300;创业板;黄金,
2023-01-20,2418038.584903046,2418038.584903046,0.0,1.0,False,normal,-0.006442662816141017,3,沪深300;创业板;黄金,沪深300;创业板;黄金,
2023-01-30,2430041.728447007,2430041.728447007,0.0,1.0,False,normal,-0.0015106441908668091,4,沪深300;创业板;黄金;国债ETF,沪深300;创业板;黄金;国债ETF,
2023-01-31,2413080.137535152,2413080.137535152,0.0,1.0,False,normal,-0.00848005866009882,4,沪深300;创业板;黄金;国债ETF,沪深300;创业板;黄金;国债ETF,
2023-02-01,2428286.9252003413,2428286.9252003413,0.0,1.0,False,normal,-0.0022316821643401383,5,沪深300;创业板;纳指;黄金;国债ETF,沪深300;创业板;纳指;黄金;国债ETF,
2023-02-02,2437596.581349168,2437596.581349168,0.0,1.0,False,normal,0.0,4,沪深300;创业板;黄金;国债ETF,沪深300;创业板;黄金;国债ETF,
2023-02-03,2417772.8026592084,2417772.8026592084,0.0,1.0,False,normal,-0.008132510047658267,5,沪深300;创业板;纳指;黄金;国债ETF,沪深300;创业板;纳指;黄金;国债ETF,
2023-02-06,2395614.0629475466,2395614.0629475466,0.0,1.0,False,normal,-0.01722291486739154,5,沪深300;创业板;纳指;黄金;国债ETF,沪深300;创业板;纳指;黄金;国债ETF,
2023-02-07,2395099.9842035845,2395099.9842035845,0.0,1.0,False,normal,-0.0174338106111317,5,沪深300;创业板;纳指;黄金;国债ETF,沪深300;创业板;纳指;黄金;国债ETF,
2023-02-08,2399393.8834771565,2399393.8834771565,0.0,1.0,False,normal,-0.015672280706460016,5,沪深300;创业板;纳指;黄金;国债ETF,沪深300;创业板;纳指;黄金;国债ETF,
2023-02-09,2410994.658030959,2410994.658030959,0.0,1.0,False,normal,-0.010913177152342992,5,沪深300;创业板;纳指;黄金;国债ETF,沪深300;创业板;纳指;黄金;国债ETF,
2023-02-10,2392665.3131772275,2392665.3131772275,0.0,1.0,False,normal,-0.018432610430997476,5,沪深300;创业板;纳指;黄金;国债ETF,沪深300;创业板;纳指;黄金;国债ETF,
2023-02-13,2404698.1201816844,2404698.1201816844,0.0,1.0,False,normal,-0.0134962698172455,5,沪深300;创业板;纳指;黄金;国债ETF,沪深300;创业板;纳指;黄金;国债ETF,
2023-02-14,2411155.5100062424,2411155.5100062424,0.0,1.0,False,normal,-0.010847189213028376,5,沪深300;创业板;纳指;黄金;国债ETF,沪深300;创业板;纳指;黄金;国债ETF,
2023-02-15,2403204.8371766144,2403204.8371766144,0.0,1.0,False,normal,-0.014108874469096231,5,沪深300;创业板;纳指;黄金;国债ETF,沪深300;创业板;纳指;黄金;国债ETF,
2023-02-16,2402781.207240009,2402781.207240009,0.0,1.0,False,normal,-0.014282664480062999,5,沪深300;创业板;纳指;黄金;国债ETF,沪深300;创业板;纳指;黄金;国债ETF,
2023-02-17,2369995.744577026,2369995.744577026,0.0,1.0,False,normal,-0.02773257777327784,5,沪深300;创业板;纳指;黄金;国债ETF,沪深300;创业板;纳指;黄金;国债ETF,
2023-02-20,2390767.910321998,2390767.910321998,0.0,1.0,False,normal,-0.019211001272922346,5,沪深300;创业板;纳指;黄金;国债ETF,沪深300;创业板;纳指;黄金;国债ETF,
2023-02-21,2387904.473474195,2387904.473474195,0.0,1.0,False,normal,-0.02038569804994927,5,沪深300;创业板;纳指;黄金;国债ETF,沪深300;创业板;纳指;黄金;国债ETF,
2023-02-22,2372399.582606449,2372399.582606449,0.0,1.0,False,normal,-0.02674642688686155,5,沪深300;创业板;纳指;黄金;国债ETF,沪深300;创业板;纳指;黄金;国债ETF,
2023-02-23,2376833.5491175074,2376833.5491175074,0.0,1.0,False,normal,-0.024927435776936173,5,沪深300;创业板;纳指;黄金;国债ETF,沪深300;创业板;纳指;黄金;国债ETF,
2023-02-24,2369946.8147872994,2369946.8147872994,0.0,1.0,False,normal,-0.02775265073781225,5,沪深300;创业板;纳指;黄金;国债ETF,沪深300;创业板;纳指;黄金;国债ETF,
2023-02-27,2358993.914739555,2358993.914739555,0.0,1.0,False,normal,-0.03224597015397336,5,沪深300;创业板;纳指;黄金;国债ETF,沪深300;创业板;纳指;黄金;国债ETF,
2023-02-28,2368041.029595715,2368041.029595715,0.0,1.0,False,normal,-0.02853448035070478,5,沪深300;创业板;纳指;黄金;国债ETF,沪深300;创业板;纳指;黄金;国债ETF,
2023-03-01,2376374.217508955,2376374.217508955,0.0,1.0,False,normal,-0.025115872047345715,5,沪深300;创业板;纳指;黄金;国债ETF,沪深300;创业板;纳指;黄金;国债ETF,
2023-03-02,2363843.4948453405,2363843.4948453405,0.0,1.0,False,normal,-0.030256477658418116,5,沪深300;创业板;纳指;黄金;国债ETF,沪深300;创业板;纳指;黄金;国债ETF,
2023-03-03,2373001.465150631,2373001.465150631,0.0,1.0,False,normal,-0.026499510498486444,4,沪深300;创业板;纳指;黄金,沪深300;创业板;纳指;黄金,
2023-03-06,2391008.89864439,2391008.89864439,0.0,1.0,False,normal,-0.019112138186127763,4,沪深300;创业板;纳指;黄金,沪深300;创业板;纳指;黄金,
2023-03-07,2371711.3985104836,2371711.3985104836,0.0,1.0,False,normal,-0.027028747637239503,4,沪深300;创业板;纳指;黄金,沪深300;创业板;纳指;黄金,
2023-03-08,2356643.672574538,2356643.672574538,0.0,1.0,False,normal,-0.03321013386465455,3,纳指;黄金;国债ETF,纳指;黄金;国债ETF,
2023-03-09,2360395.96150909,2360395.96150909,0.0,1.0,False,normal,-0.031670794269554166,3,纳指;黄金;国债ETF,纳指;黄金;国债ETF,
2023-03-10,2348027.7661440196,2348027.7661440196,0.0,1.0,False,normal,-0.03674472465643745,3,纳指;黄金;国债ETF,纳指;黄金;国债ETF,
2023-03-13,2358931.7373972675,2358931.7373972675,0.0,1.0,False,normal,-0.03227147779652728,3,纳指;黄金;国债ETF,纳指;黄金;国债ETF,
2023-03-14,2357415.4905143464,2357415.4905143464,0.0,1.0,False,normal,-0.0328935031531931,3,纳指;黄金;国债ETF,纳指;黄金;国债ETF,
2023-03-15,2373476.6578842294,2373476.6578842294,0.0,1.0,False,normal,-0.026304567357675425,3,纳指;黄金;国债ETF,纳指;黄金;国债ETF,
2023-03-16,2384211.8965364834,2384211.8965364834,0.0,1.0,False,normal,-0.021900541386194853,3,纳指;黄金;国债ETF,纳指;黄金;国债ETF,
2023-03-17,2408550.488081093,2408550.488081093,0.0,1.0,False,normal,-0.011915873812063894,3,纳指;黄金;国债ETF,纳指;黄金;国债ETF,
2023-03-20,2423758.2162165595,2423758.2162165595,0.0,1.0,False,normal,-0.005677053060580333,3,纳指;黄金;国债ETF,纳指;黄金;国债ETF,
2023-03-21,2424045.1927380785,2424045.1927380785,0.0,1.0,False,normal,-0.005559323767835684,3,纳指;黄金;国债ETF,纳指;黄金;国债ETF,
2023-03-22,2424040.2333353786,2424040.2333353786,0.0,1.0,False,normal,-0.0055613583139693225,3,纳指;黄金;国债ETF,纳指;黄金;国债ETF,
2023-03-23,2419687.1472552493,2419687.1472552493,0.0,1.0,False,normal,-0.0073471690233525375,3,纳指;黄金;国债ETF,纳指;黄金;国债ETF,
2023-03-24,2429909.6379499044,2429909.6379499044,0.0,1.0,False,normal,-0.0031534928536078575,3,纳指;黄金;国债ETF,纳指;黄金;国债ETF,
2023-03-27,2431750.1695994493,2431750.1695994493,0.0,1.0,False,normal,-0.0023984328639330556,3,纳指;黄金;国债ETF,纳指;黄金;国债ETF,
2023-03-28,2422481.6203702074,2422481.6203702074,0.0,1.0,False,normal,-0.006200763938795297,3,纳指;黄金;国债ETF,纳指;黄金;国债ETF,
2023-03-29,2425523.18126812,2425523.18126812,0.0,1.0,False,normal,-0.0049529935237952166,3,纳指;黄金;国债ETF,纳指;黄金;国债ETF,
2023-03-30,2436321.1308116205,2436321.1308116205,0.0,1.0,False,normal,-0.0005232410265531013,3,纳指;黄金;国债ETF,纳指;黄金;国债ETF,
2023-03-31,2447189.3142111744,2447189.3142111744,0.0,1.0,False,normal,0.0,3,纳指;黄金;国债ETF,纳指;黄金;国债ETF,
2023-04-03,2446474.0905597545,2446474.0905597545,0.0,1.0,False,normal,-0.0002922633109201869,3,纳指;黄金;国债ETF,纳指;黄金;国债ETF,
2023-04-04,2457797.573850518,2457797.573850518,0.0,1.0,False,normal,0.0,4,沪深300;纳指;黄金;国债ETF,沪深300;纳指;黄金;国债ETF,
2023-04-06,2454305.96464741,2454305.96464741,0.0,1.0,False,normal,-0.001420625213506895,3,纳指;黄金;国债ETF,纳指;黄金;国债ETF,
2023-04-07,2461360.3340267437,2461360.3340267437,0.0,1.0,False,normal,0.0,4,沪深300;纳指;黄金;国债ETF,沪深300;纳指;黄金;国债ETF,
2023-04-10,2451118.5247605704,2451118.5247605704,0.0,1.0,False,normal,-0.0041610361248561505,3,纳指;黄金;国债ETF,纳指;黄金;国债ETF,
2023-04-11,2460465.283959004,2460465.283959004,0.0,1.0,False,normal,-0.00036364040460312225,3,纳指;黄金;国债ETF,纳指;黄金;国债ETF,
2023-04-12,2460106.892552424,2460106.892552424,0.0,1.0,False,normal,-0.0005092474502783697,3,纳指;黄金;国债ETF,纳指;黄金;国债ETF,
2023-04-13,2455449.430595932,2455449.430595932,0.0,1.0,False,normal,-0.0024014783000672873,3,纳指;黄金;国债ETF,纳指;黄金;国债ETF,
2023-04-14,2466254.5167899197,2466254.5167899197,0.0,1.0,False,normal,0.0,4,沪深300;纳指;黄金;国债ETF,沪深300;纳指;黄金;国债ETF,
2023-04-17,2472109.582299862,2472109.582299862,0.0,1.0,False,normal,0.0,4,沪深300;纳指;黄金;国债ETF,沪深300;纳指;黄金;国债ETF,
2023-04-18,2470690.2150138286,2470690.2150138286,0.0,1.0,False,normal,-0.0005741522528758582,4,沪深300;纳指;黄金;国债ETF,沪深300;纳指;黄金;国债ETF,
2023-04-19,2463643.398878986,2463643.398878986,0.0,1.0,False,normal,-0.0034246796669101334,4,沪深300;纳指;黄金;国债ETF,沪深300;纳指;黄金;国债ETF,
2023-04-20,2462732.724551172,2462732.724551172,0.0,1.0,False,normal,-0.003793059100546242,4,沪深300;纳指;黄金;国债ETF,沪深300;纳指;黄金;国债ETF,
2023-04-21,2446499.7593472656,2446499.7593472656,0.0,1.0,False,normal,-0.010359501510758696,3,纳指;黄金;国债ETF,纳指;黄金;国债ETF,
2023-04-24,2442818.7523476975,2442818.7523476975,0.0,1.0,False,normal,-0.01184851600506908,3,纳指;黄金;国债ETF,纳指;黄金;国债ETF,
2023-04-25,2450306.4256769763,2450306.4256769763,0.0,1.0,False,normal,-0.008819656207392609,3,纳指;黄金;国债ETF,纳指;黄金;国债ETF,
2023-04-26,2449834.3865344822,2449834.3865344822,0.0,1.0,False,normal,-0.009010602088543613,3,纳指;黄金;国债ETF,纳指;黄金;国债ETF,
2023-04-27,2453777.177205141,2453777.177205141,0.0,1.0,False,normal,-0.0074156927451678005,3,纳指;黄金;国债ETF,纳指;黄金;国债ETF,
2023-04-28,2463796.895723113,2463796.895723113,0.0,1.0,False,normal,-0.0033625882267790527,3,纳指;黄金;国债ETF,纳指;黄金;国债ETF,
2023-05-04,2478589.6663131877,2478589.6663131877,0.0,1.0,False,normal,0.0,3,纳指;黄金;国债ETF,纳指;黄金;国债ETF,
2023-05-05,2482021.0320595615,2482021.0320595615,0.0,1.0,False,normal,0.0,3,纳指;黄金;国债ETF,纳指;黄金;国债ETF,
2023-05-08,2485452.687405424,2485452.687405424,0.0,1.0,False,normal,0.0,4,沪深300;纳指;黄金;国债ETF,沪深300;纳指;黄金;国债ETF,
2023-05-09,2481597.15808855,2481597.15808855,0.0,1.0,False,normal,-0.001551238265934978,4,沪深300;纳指;黄金;国债ETF,沪深300;纳指;黄金;国债ETF,
2023-05-10,2480596.762139778,2480596.762139778,0.0,1.0,False,normal,-0.0019537387656794213,4,沪深300;纳指;黄金;国债ETF,沪深300;纳指;黄金;国债ETF,
2023-05-11,2488102.15255662,2488102.15255662,0.0,1.0,False,normal,0.0,3,纳指;黄金;国债ETF,纳指;黄金;国债ETF,
2023-05-12,2485699.9792712997,2485699.979271299,4.656612873077393e-10,1.0,False,normal,-0.0009654640919192471,3,纳指;黄金;国债ETF,纳指;黄金;国债ETF,
2023-05-15,2487618.827930761,2487618.827930761,0.0,1.0,False,normal,-0.00019425433371471606,4,沪深300;纳指;黄金;国债ETF,沪深300;纳指;黄金;国债ETF,
2023-05-16,2484771.025397387,2484771.025397387,0.0,1.0,False,normal,-0.001338822506065655,4,沪深300;纳指;黄金;国债ETF,沪深300;纳指;黄金;国债ETF,
2023-05-17,2482158.6094853673,2482158.6094853673,0.0,1.0,False,normal,-0.0023887857920727017,4,创业板;纳指;黄金;国债ETF,创业板;纳指;黄金;国债ETF,
2023-05-18,2486697.9401288223,2486697.9401288223,0.0,1.0,False,normal,-0.0005643708906223345,4,沪深300;纳指;黄金;国债ETF,沪深300;纳指;黄金;国债ETF,
2023-05-19,2498145.5145568764,2498145.5145568764,0.0,1.0,False,normal,0.0,3,纳指;黄金;国债ETF,纳指;黄金;国债ETF,
2023-05-22,2497393.2584133297,2497393.2584133297,0.0,1.0,False,normal,-0.00030112583080657703,3,纳指;黄金;国债ETF,纳指;黄金;国债ETF,
2023-05-23,2502972.0069744578,2502972.0069744578,0.0,1.0,False,normal,0.0,3,纳指;黄金;国债ETF,纳指;黄金;国债ETF,
2023-05-24,2494105.847453843,2494105.847453843,0.0,1.0,False,normal,-0.003542252768272917,3,纳指;黄金;国债ETF,纳指;黄金;国债ETF,
2023-05-25,2503440.34969136,2503440.3496913593,4.656612873077393e-10,1.0,False,normal,0.0,3,纳指;黄金;国债ETF,纳指;黄金;国债ETF,
2023-05-26,2501110.7656081202,2501110.7656081202,0.0,1.0,False,normal,-0.000930553062119796,3,纳指;黄金;国债ETF,纳指;黄金;国债ETF,
2023-05-29,2532209.27316723,2532209.27316723,0.0,1.0,False,normal,0.0,3,纳指;黄金;国债ETF,纳指;黄金;国债ETF,
2023-05-30,2532606.5070246975,2532606.507024697,4.656612873077393e-10,1.0,False,normal,0.0,3,纳指;黄金;国债ETF,纳指;黄金;国债ETF,
2023-05-31,2542542.7961419933,2542542.7961419933,0.0,1.0,False,normal,0.0,3,纳指;黄金;国债ETF,纳指;黄金;国债ETF,
2023-06-01,2541835.8340526395,2541835.834052639,4.656612873077393e-10,1.0,False,normal,-0.0002780531719766675,3,纳指;黄金;国债ETF,纳指;黄金;国债ETF,
2023-06-02,2553906.3666876876,2553906.3666876876,0.0,1.0,False,normal,0.0,3,纳指;黄金;国债ETF,纳指;黄金;国债ETF,
2023-06-05,2548913.9841382345,2548913.9841382345,0.0,1.0,False,normal,-0.0019548024996421374,2,纳指;国债ETF,纳指;国债ETF,
2023-06-06,2550605.7612260524,2550605.7612260524,0.0,1.0,False,normal,-0.0012923752823075937,3,纳指;黄金;国债ETF,纳指;黄金;国债ETF,
2023-06-07,2555017.268692625,2555017.2686926248,4.656612873077393e-10,1.0,False,normal,0.0,3,纳指;黄金;国债ETF,纳指;黄金;国债ETF,
2023-06-08,2531937.8090130994,2531937.8090130994,0.0,1.0,False,normal,-0.009032995573973291,3,纳指;黄金;国债ETF,纳指;黄金;国债ETF,
2023-06-09,2553560.6918484005,2553560.6918484005,0.0,1.0,False,normal,-0.0005700849313515681,3,纳指;黄金;国债ETF,纳指;黄金;国债ETF,
2023-06-12,2564379.1908240896,2564379.1908240896,0.0,1.0,False,normal,0.0,3,纳指;黄金;国债ETF,纳指;黄金;国债ETF,
2023-06-13,2588266.815892969,2588266.815892969,0.0,1.0,False,normal,0.0,3,纳指;黄金;国债ETF,纳指;黄金;国债ETF,
2023-06-14,2584768.9404117353,2584768.9404117353,0.0,1.0,False,normal,-0.0013514354315231896,3,纳指;黄金;国债ETF,纳指;黄金;国债ETF,
2023-06-15,2579746.375705909,2579746.375705909,0.0,1.0,False,normal,-0.003291948161890026,3,纳指;黄金;国债ETF,纳指;黄金;国债ETF,
2023-06-16,2590973.9732750156,2590973.9732750156,0.0,1.0,False,normal,0.0,3,纳指;黄金;国债ETF,纳指;黄金;国债ETF,
2023-06-19,2589470.548677923,2589470.548677923,0.0,1.0,False,normal,-0.0005802546118176924,3,纳指;黄金;国债ETF,纳指;黄金;国债ETF,
2023-06-20,2590435.6519730473,2590435.6519730473,0.0,1.0,False,normal,-0.00020776793110270395,3,纳指;黄金;国债ETF,纳指;黄金;国债ETF,
2023-06-21,2591733.1464744415,2591733.1464744415,0.0,1.0,False,normal,0.0,3,纳指;黄金;国债ETF,纳指;黄金;国债ETF,
2023-06-26,2584787.6867097,2584787.6867097,0.0,1.0,False,normal,-0.0026798514245918157,3,纳指;黄金;国债ETF,纳指;黄金;国债ETF,
2023-06-27,2571651.9984158534,2571651.9984158534,0.0,1.0,False,normal,-0.0077481541978597305,3,纳指;黄金;国债ETF,纳指;黄金;国债ETF,
2023-06-28,2579993.024302244,2579993.024302244,0.0,1.0,False,normal,-0.004529834480902296,3,纳指;黄金;国债ETF,纳指;黄金;国债ETF,
2023-06-29,2588458.4486947795,2588458.4486947795,0.0,1.0,False,normal,-0.001263516571571644,3,纳指;黄金;国债ETF,纳指;黄金;国债ETF,
2023-06-30,2591604.80558898,2591604.80558898,0.0,1.0,False,normal,-4.951932865306421e-05,2,纳指;国债ETF,纳指;国债ETF,
2023-07-03,2613399.9551885724,2613399.9551885724,0.0,1.0,False,normal,0.0,2,纳指;国债ETF,纳指;国债ETF,
2023-07-04,2606168.7905109427,2606168.7905109427,0.0,1.0,False,normal,-0.0027669567619273724,2,纳指;国债ETF,纳指;国债ETF,
2023-07-05,2605697.0339367753,2605697.0339367753,0.0,1.0,False,normal,-0.0029474712573190143,2,纳指;国债ETF,纳指;国债ETF,
2023-07-06,2607295.9700873597,2607295.9700873597,0.0,1.0,False,normal,-0.0023356490418139264,2,纳指;国债ETF,纳指;国债ETF,
2023-07-07,2601557.5528291417,2601557.5528291417,0.0,1.0,False,normal,-0.004531415995442679,2,纳指;国债ETF,纳指;国债ETF,
2023-07-10,2588541.384207798,2588541.384207798,0.0,1.0,False,normal,-0.009511965794374763,3,纳指;黄金;国债ETF,纳指;黄金;国债ETF,
2023-07-11,2594163.848156491,2594163.848156491,0.0,1.0,False,normal,-0.007360567598499701,2,纳指;国债ETF,纳指;国债ETF,
2023-07-12,2595312.4231587667,2595312.4231587667,0.0,1.0,False,normal,-0.0069210730618921214,3,纳指;黄金;国债ETF,纳指;黄金;国债ETF,
2023-07-13,2615077.7909592018,2615077.7909592018,0.0,1.0,False,normal,0.0,4,沪深300;纳指;黄金;国债ETF,沪深300;纳指;黄金;国债ETF,
2023-07-14,2616255.5784136457,2616255.5784136457,0.0,1.0,False,normal,0.0,4,沪深300;纳指;黄金;国债ETF,沪深300;纳指;黄金;国债ETF,
2023-07-17,2618246.4985516113,2618246.498551611,4.656612873077393e-10,1.0,False,normal,0.0,3,纳指;黄金;国债ETF,纳指;黄金;国债ETF,
2023-07-18,2629668.383175453,2629668.383175453,0.0,1.0,False,normal,0.0,3,纳指;黄金;国债ETF,纳指;黄金;国债ETF,
2023-07-19,2656122.621823642,2656122.621823642,0.0,1.0,False,normal,0.0,4,沪深300;纳指;黄金;国债ETF,沪深300;纳指;黄金;国债ETF,
2023-07-20,2641778.8286988046,2641778.8286988046,0.0,1.0,False,normal,-0.005400275200769597,4,沪深300;纳指;黄金;国债ETF,沪深300;纳指;黄金;国债ETF,
2023-07-21,2629332.2049866337,2629332.2049866337,0.0,1.0,False,normal,-0.010086287664917528,4,沪深300;纳指;黄金;国债ETF,沪深300;纳指;黄金;国债ETF,
2023-07-24,2627345.878360573,2627345.878360573,0.0,1.0,False,normal,-0.010834117079772162,4,沪深300;纳指;黄金;国债ETF,沪深300;纳指;黄金;国债ETF,
2023-07-25,2639120.8463138714,2639120.8463138714,0.0,1.0,False,normal,-0.006400975380457927,4,沪深300;纳指;黄金;国债ETF,沪深300;纳指;黄金;国债ETF,
2023-07-26,2642341.78803402,2642341.78803402,0.0,1.0,False,normal,-0.005188327404914873,4,沪深300;纳指;黄金;国债ETF,沪深300;纳指;黄金;国债ETF,
2023-07-27,2649418.502299375,2649418.502299375,0.0,1.0,False,normal,-0.0025240248583343334,4,沪深300;纳指;黄金;国债ETF,沪深300;纳指;黄金;国债ETF,
2023-07-28,2654354.637559596,2654354.637559596,0.0,1.0,False,normal,-0.0006656259953962857,5,沪深300;创业板;纳指;黄金;国债ETF,沪深300;创业板;纳指;黄金;国债ETF,
2023-07-31,2668251.516273766,2668251.5162737663,-4.656612873077393e-10,1.0,False,normal,0.0,5,沪深300;创业板;纳指;黄金;国债ETF,沪深300;创业板;纳指;黄金;国债ETF,
2023-08-01,2666771.735504814,2666771.735504814,0.0,1.0,False,normal,-0.0005545881862810266,5,沪深300;创业板;纳指;黄金;国债ETF,沪深300;创业板;纳指;黄金;国债ETF,
2023-08-02,2654482.085616724,2654482.085616724,0.0,1.0,False,normal,-0.005160469533348506,5,沪深300;创业板;纳指;黄金;国债ETF,沪深300;创业板;纳指;黄金;国债ETF,
2023-08-03,2653937.353829582,2653937.3538295827,-4.656612873077393e-10,1.0,False,normal,-0.005364622621548602,5,沪深300;创业板;纳指;黄金;国债ETF,沪深300;创业板;纳指;黄金;国债ETF,
2023-08-04,2665122.355164487,2665122.355164487,0.0,1.0,False,normal,-0.001172738435711191,5,沪深300;创业板;纳指;黄金;国债ETF,沪深300;创业板;纳指;黄金;国债ETF,
2023-08-07,2653082.1171878134,2653082.1171878134,0.0,1.0,False,normal,-0.0056851458692832,5,沪深300;创业板;纳指;黄金;国债ETF,沪深300;创业板;纳指;黄金;国债ETF,
2023-08-08,2650719.4570942367,2650719.4570942367,0.0,1.0,False,normal,-0.006570617152318811,5,沪深300;创业板;纳指;黄金;国债ETF,沪深300;创业板;纳指;黄金;国债ETF,
2023-08-09,2648207.9211079963,2648207.9211079963,0.0,1.0,False,normal,-0.007511883734918891,5,沪深300;创业板;纳指;黄金;国债ETF,沪深300;创业板;纳指;黄金;国债ETF,
2023-08-10,2644560.82961598,2644560.82961598,0.0,1.0,False,normal,-0.00887873070184558,5,沪深300;创业板;纳指;黄金;国债ETF,沪深300;创业板;纳指;黄金;国债ETF,
2023-08-11,2621734.462995616,2621734.462995616,0.0,1.0,False,normal,-0.017433533905795908,4,沪深300;纳指;黄金;国债ETF,沪深300;纳指;黄金;国债ETF,
2023-08-14,2614339.31741378,2614339.31741378,0.0,1.0,False,normal,-0.020205066325709328,3,纳指;黄金;国债ETF,纳指;黄金;国债ETF,
2023-08-15,2634703.0339955282,2634703.033995528,4.656612873077393e-10,1.0,False,normal,-0.012573208362713986,3,纳指;黄金;国债ETF,纳指;黄金;国债ETF,
2023-08-16,2626194.366444362,2626194.3664443614,4.656612873077393e-10,1.0,False,normal,-0.015762063498473002,3,纳指;黄金;国债ETF,纳指;黄金;国债ETF,
2023-08-17,2618829.0187767753,2618829.0187767753,0.0,1.0,False,normal,-0.018522428337643893,4,沪深300;纳指;黄金;国债ETF,沪深300;纳指;黄金;国债ETF,
2023-08-18,2597134.7197200437,2597134.7197200432,4.656612873077393e-10,1.0,False,normal,-0.026652958358677252,3,沪深300;黄金;国债ETF,沪深300;黄金;国债ETF,
2023-08-21,2589567.8007082483,2589567.8007082483,0.0,1.0,False,normal,-0.029488867554509992,3,纳指;黄金;国债ETF,纳指;黄金;国债ETF,
2023-08-22,2602031.508428701,2602031.508428701,0.0,1.0,False,normal,-0.024817753289443037,3,纳指;黄金;国债ETF,纳指;黄金;国债ETF,
2023-08-23,2606057.0474063223,2606057.0474063223,0.0,1.0,False,normal,-0.023309072809709695,3,纳指;黄金;国债ETF,纳指;黄金;国债ETF,
2023-08-24,2631800.853971075,2631800.8539710743,4.656612873077393e-10,1.0,False,normal,-0.013660879448724031,3,纳指;黄金;国债ETF,纳指;黄金;国债ETF,
2023-08-25,2594974.3138328474,2594974.3138328474,0.0,1.0,False,normal,-0.027462629363835464,2,黄金;国债ETF,黄金;国债ETF,
2023-08-28,2593940.72062241,2593940.72062241,0.0,1.0,False,normal,-0.027849996598196022,2,黄金;国债ETF,黄金;国债ETF,
2023-08-29,2595849.2251226176,2595849.2251226176,0.0,1.0,False,normal,-0.027134732505374393,3,纳指;黄金;国债ETF,纳指;黄金;国债ETF,
2023-08-30,2619107.6294076694,2619107.6294076694,0.0,1.0,False,normal,-0.018418011407982344,3,纳指;黄金;国债ETF,纳指;黄金;国债ETF,
2023-08-31,2626440.2235579034,2626440.2235579034,0.0,1.0,False,normal,-0.0156699218423952,3,纳指;黄金;国债ETF,纳指;黄金;国债ETF,
2023-09-01,2623765.498322767,2623765.498322767,0.0,1.0,False,normal,-0.01667234804503126,3,纳指;黄金;国债ETF,纳指;黄金;国债ETF,
2023-09-04,2627264.286059752,2627264.286059752,0.0,1.0,False,normal,-0.015361081953493165,4,沪深300;纳指;黄金;国债ETF,沪深300;纳指;黄金;国债ETF,
2023-09-05,2622929.7919013263,2622929.7919013263,0.0,1.0,False,normal,-0.01698555181024752,4,沪深300;纳指;黄金;国债ETF,沪深300;纳指;黄金;国债ETF,
2023-09-06,2621461.592774954,2621461.592774954,0.0,1.0,False,normal,-0.01753579946022261,3,纳指;黄金;国债ETF,纳指;黄金;国债ETF,
2023-09-07,2613320.4075572356,2613320.4075572356,0.0,1.0,False,normal,-0.020586930572887664,2,纳指;黄金,纳指;黄金,
2023-09-08,2630669.765129938,2630669.765129938,0.0,1.0,False,normal,-0.014084785828703003,2,纳指;黄金,纳指;黄金,
2023-09-11,2625210.017406758,2625210.017406758,0.0,1.0,False,normal,-0.016130975136525245,1,黄金,黄金,
2023-09-12,2625787.621370984,2625787.621370984,0.0,1.0,False,normal,-0.015914502303772025,1,黄金,黄金,
2023-09-13,2632141.264977469,2632141.264977469,0.0,1.0,False,normal,-0.013533301143486266,2,黄金;国债ETF,黄金;国债ETF,
2023-09-14,2642917.420879916,2642917.420879916,0.0,1.0,False,normal,-0.00949464292977495,2,纳指;黄金,纳指;黄金,
2023-09-15,2637234.89550806,2637234.89550806,0.0,1.0,False,normal,-0.011624324235003357,2,纳指;黄金,纳指;黄金,
2023-09-18,2609492.6794282114,2609492.6794282114,0.0,1.0,False,normal,-0.02202147604421175,2,黄金;国债ETF,黄金;国债ETF,
2023-09-19,2619438.4276404744,2619438.4276404744,0.0,1.0,False,normal,-0.01829403575171927,2,黄金;国债ETF,黄金;国债ETF,
2023-09-20,2628976.6788921496,2628976.6788921496,0.0,1.0,False,normal,-0.014719316054756282,1,黄金,黄金,
2023-09-21,2620964.995499792,2620964.995499792,0.0,1.0,False,normal,-0.017721912827771864,2,黄金;国债ETF,黄金;国债ETF,
2023-09-22,2614584.43747372,2614584.43747372,0.0,1.0,False,normal,-0.02011320090056292,2,黄金;国债ETF,黄金;国债ETF,
2023-09-25,2620049.0669941893,2620049.0669941893,0.0,1.0,False,normal,-0.01806518200611449,1,黄金,黄金,
2023-09-26,2618333.25228103,2618333.25228103,0.0,1.0,False,normal,-0.01870823034795719,1,黄金,黄金,
2023-09-27,2580013.390353807,2580013.390353807,0.0,1.0,False,normal,-0.03306964331577867,1,黄金,黄金,
2023-09-28,2537118.022524825,2537118.022524825,0.0,1.0,False,normal,-0.049145851861847695,1,黄金,黄金,
2023-10-09,2519387.937155513,2519387.937155513,0.0,1.0,False,normal,-0.055790684727555925,1,国债ETF,国债ETF,
2023-10-10,2517593.7324166815,0.0,2517593.7324166815,1.0,False,normal,-0.05646311186865889,0,,,
2023-10-11,2517593.7324166815,0.0,2517593.7324166815,1.0,False,normal,-0.05646311186865889,0,,,
2023-10-12,2517593.7324166815,2517593.7324166815,0.0,0.5968463725116494,False,normal,-0.05646311186865889,1,纳指,纳指,
2023-10-13,2504202.276393189,2504202.276393189,0.0,0.6093855195841693,False,normal,-0.06148192510339984,1,纳指,纳指,
2023-10-16,2479651.2736834516,2479651.2736834516,0.0,1.0,False,normal,-0.07068308270042546,2,纳指;黄金,纳指;黄金,
2023-10-17,2494138.6672514686,2494138.6672514686,0.0,0.8558796449125351,False,normal,-0.06525353699243734,1,黄金,黄金,
2023-10-18,2518077.944638034,2518077.944638034,0.0,1.0,False,normal,-0.05628164013767733,2,纳指;黄金,纳指;黄金,
2023-10-19,2508935.9213147396,2508935.9213147396,0.0,0.8586877052507182,False,normal,-0.05970786261615685,1,黄金,黄金,
2023-10-20,2536524.836218135,2536524.836218135,0.0,1.0,False,normal,-0.04936816460225916,2,纳指;黄金,纳指;黄金,
2023-10-23,2521452.8036923194,2521452.8036923194,0.0,0.8447441177001451,False,normal,-0.055016819698636185,1,黄金,黄金,
2023-10-24,2523107.300282669,2523107.300282669,0.0,1.0,False,normal,-0.054396751995026346,1,黄金,黄金,
2023-10-25,2513180.320740573,2513180.320740573,0.0,1.0,False,normal,-0.058117158216685234,1,黄金,黄金,
2023-10-26,2531379.783234415,2531379.783234415,0.0,1.0,False,normal,-0.0512964134769773,1,黄金,黄金,
2023-10-27,2536343.273005463,2536343.273005463,0.0,1.0,False,normal,-0.049436210366147766,1,黄金,黄金,
2023-10-30,2541858.2616399606,2541858.2616399606,0.0,1.0,False,normal,-0.047369318020781793,1,黄金,黄金,
2023-10-31,2547924.749137908,2547924.749137908,0.0,1.0,False,normal,-0.04509573644087904,1,黄金,黄金,
2023-11-01,2538549.268459262,2538549.268459262,0.0,1.0,False,normal,-0.048609453428001485,1,黄金,黄金,
2023-11-02,2544064.2570937597,2544064.2570937597,0.0,1.0,False,normal,-0.04654256108263534,1,黄金,黄金,
2023-11-03,2542409.7605034104,2542409.7605034104,0.0,1.0,False,normal,-0.047162628786245185,1,黄金,黄金,
2023-11-06,2529725.2866440658,2529725.2866440658,0.0,1.0,False,normal,-0.05191648118058714,2,黄金;国债ETF,黄金;国债ETF,
2023-11-07,2525096.809113483,2525096.809113483,0.0,1.0,False,normal,-0.053651129320896836,2,黄金;国债ETF,黄金;国债ETF,
2023-11-08,2520247.0549340663,2520247.0549340663,0.0,1.0,False,normal,-0.055468706918000356,2,黄金;国债ETF,黄金;国债ETF,
2023-11-09,2512007.10097307,2512007.10097307,0.0,1.0,False,normal,-0.058556854309931114,2,黄金;国债ETF,黄金;国债ETF,
2023-11-10,2521222.5140171424,2521222.5140171424,0.0,1.0,False,normal,-0.05510312703277337,2,黄金;国债ETF,黄金;国债ETF,
2023-11-13,2518300.062679238,2518300.062679238,0.0,1.0,False,normal,-0.056198395346153895,2,纳指;国债ETF,纳指;国债ETF,
2023-11-14,2522613.491559227,2522613.491559227,0.0,1.0,False,normal,-0.054581820276794396,3,纳指;黄金;国债ETF,纳指;黄金;国债ETF,
2023-11-15,2540800.1437033396,2540800.1437033396,0.0,1.0,False,normal,-0.047765876564894845,3,纳指;黄金;国债ETF,纳指;黄金;国债ETF,
2023-11-16,2534317.7153174616,2534317.7153174616,0.0,1.0,False,normal,-0.050195343332304666,2,纳指;国债ETF,纳指;国债ETF,
2023-11-17,2536619.1835576165,2536619.1835576165,0.0,1.0,False,normal,-0.04933280536460628,3,纳指;黄金;国债ETF,纳指;黄金;国债ETF,
2023-11-20,2515272.764307617,2515272.764307617,0.0,1.0,False,normal,-0.05733295794385405,2,纳指;国债ETF,纳指;国债ETF,
2023-11-21,2528972.036256022,2528972.036256022,0.0,1.0,False,normal,-0.05219878229929722,2,纳指;国债ETF,纳指;国债ETF,
2023-11-22,2518793.231668532,2518793.231668532,0.0,1.0,False,normal,-0.05601356682219883,2,纳指;国债ETF,纳指;国债ETF,
2023-11-23,2523791.597228992,2523791.597228992,0.0,1.0,False,normal,-0.054140293058472025,2,纳指;国债ETF,纳指;国债ETF,
2023-11-24,2525801.0145213143,2525801.0145213143,0.0,1.0,False,normal,-0.05338720914562986,2,纳指;国债ETF,纳指;国债ETF,
2023-11-27,2519070.170202203,2519070.170202203,0.0,1.0,False,normal,-0.05590977655655777,2,纳指;国债ETF,纳指;国债ETF,
2023-11-28,2522238.6141163716,2522238.6141163716,0.0,1.0,False,normal,-0.05472231581875099,2,纳指;国债ETF,纳指;国债ETF,
2023-11-29,2521780.2162765414,2521780.2162765414,0.0,1.0,False,normal,-0.05489411290648222,3,纳指;黄金;国债ETF,纳指;黄金;国债ETF,
2023-11-30,2521284.179910421,2521284.1799104204,4.656612873077393e-10,1.0,False,normal,-0.055080016058076095,3,纳指;黄金;国债ETF,纳指;黄金;国债ETF,
2023-12-01,2518269.491452944,2518269.491452944,0.0,1.0,False,normal,-0.05620985274666794,3,纳指;黄金;国债ETF,纳指;黄金;国债ETF,
2023-12-04,2529006.403444437,2529006.403444437,0.0,1.0,False,normal,-0.05218590225848944,3,纳指;黄金;国债ETF,纳指;黄金;国债ETF,
2023-12-05,2507948.9372986495,2507948.9372986495,0.0,1.0,False,normal,-0.06007776178423396,3,纳指;黄金;国债ETF,纳指;黄金;国债ETF,
2023-12-06,2519234.0125617078,2519234.0125617078,0.0,1.0,False,normal,-0.05584837216551541,3,纳指;黄金;国债ETF,纳指;黄金;国债ETF,
2023-12-07,2511317.96000458,2511317.96000458,0.0,1.0,False,normal,-0.058815128675854575,3,纳指;黄金;国债ETF,纳指;黄金;国债ETF,
2023-12-08,2525497.5195507966,2525497.5195507966,0.0,1.0,False,normal,-0.05350095215998464,3,纳指;黄金;国债ETF,纳指;黄金;国债ETF,
2023-12-11,2525534.2442504936,2525534.2442504936,0.0,1.0,False,normal,-0.05348718857755135,3,纳指;黄金;国债ETF,纳指;黄金;国债ETF,
2023-12-12,2532257.962671528,2532257.962671528,0.0,1.0,False,normal,-0.050967291791200325,3,纳指;黄金;国债ETF,纳指;黄金;国债ETF,
2023-12-13,2540873.821903716,2540873.821903716,0.0,1.0,False,normal,-0.047738263650622385,2,纳指;国债ETF,纳指;国债ETF,
2023-12-14,2553552.537242336,2553552.537242336,0.0,1.0,False,normal,-0.04298656941891582,3,纳指;黄金;国债ETF,纳指;黄金;国债ETF,
2023-12-15,2545046.919909868,2545046.919909868,0.0,1.0,False,normal,-0.04617428140205991,3,纳指;黄金;国债ETF,纳指;黄金;国债ETF,
2023-12-18,2549544.095530743,2549544.095530743,0.0,1.0,False,normal,-0.044488842232084214,3,纳指;黄金;国债ETF,纳指;黄金;国债ETF,
2023-12-19,2556824.357106936,2556824.357106936,0.0,1.0,False,normal,-0.04176036572535657,3,纳指;黄金;国债ETF,纳指;黄金;国债ETF,
2023-12-20,2563960.104042377,2563960.104042377,0.0,1.0,False,normal,-0.03908605002013931,3,纳指;黄金;国债ETF,纳指;黄金;国债ETF,
2023-12-21,2553216.2128308555,2553216.2128308555,0.0,1.0,False,normal,-0.043112616161297274,3,纳指;黄金;国债ETF,纳指;黄金;国债ETF,
2023-12-22,2562673.459150086,2562673.459150086,0.0,1.0,False,normal,-0.03956825527119732,3,纳指;黄金;国债ETF,纳指;黄金;国债ETF,
2023-12-25,2565368.86143836,2565368.86143836,0.0,1.0,False,normal,-0.03855807977918146,3,纳指;黄金;国债ETF,纳指;黄金;国债ETF,
2023-12-26,2574091.8666171045,2574091.866617104,4.656612873077393e-10,1.0,False,normal,-0.03528889577402209,3,纳指;黄金;国债ETF,纳指;黄金;国债ETF,
2023-12-27,2580149.246648207,2580149.246648207,0.0,1.0,False,normal,-0.03301872746561557,3,纳指;黄金;国债ETF,纳指;黄金;国债ETF,
2023-12-28,2579170.545222207,2579170.545222207,0.0,1.0,False,normal,-0.03338552250724892,3,纳指;黄金;国债ETF,纳指;黄金;国债ETF,
2023-12-29,2575229.1242274367,2575229.1242274367,0.0,1.0,False,normal,-0.03486267747960867,3,纳指;黄金;国债ETF,纳指;黄金;国债ETF,
2024-01-02,2575715.938378314,0.0,2575715.938378314,0.0,True,normal,-0.0346802306046015,0,,纳指;黄金;国债ETF,
2024-01-03,2575715.938378314,0.0,2575715.938378314,0.0,True,normal,-0.0346802306046015,0,,纳指;黄金;国债ETF,
2024-01-04,2575715.938378314,0.0,2575715.938378314,0.0,True,normal,-0.0346802306046015,0,,纳指;黄金;国债ETF,
2024-01-05,2575715.938378314,0.0,2575715.938378314,0.0,True,normal,-0.0346802306046015,0,,纳指;黄金;国债ETF,
2024-01-08,2575715.938378314,0.0,2575715.938378314,0.0,True,normal,-0.0346802306046015,0,,纳指;黄金;国债ETF,
2024-01-09,2575715.938378314,0.0,2575715.938378314,0.0,True,normal,-0.0346802306046015,0,,纳指;黄金;国债ETF,
2024-01-10,2575715.938378314,0.0,2575715.938378314,0.0,True,normal,-0.0346802306046015,0,,纳指;黄金;国债ETF,
2024-01-11,2575715.938378314,0.0,2575715.938378314,0.0,True,normal,-0.0346802306046015,0,,纳指;黄金;国债ETF,
2024-01-12,2575715.938378314,0.0,2575715.938378314,0.0,True,normal,-0.0346802306046015,0,,纳指;黄金;国债ETF,
2024-01-15,2575715.938378314,0.0,2575715.938378314,0.0,True,normal,-0.0346802306046015,0,,纳指;黄金;国债ETF,
2024-01-16,2575715.938378314,0.0,2575715.938378314,0.0,True,normal,-0.0346802306046015,0,,纳指;黄金;国债ETF,
2024-01-17,2575715.938378314,0.0,2575715.938378314,0.0,True,normal,-0.0346802306046015,0,,纳指;黄金;国债ETF,
2024-01-18,2575715.938378314,0.0,2575715.938378314,0.0,True,normal,-0.0346802306046015,0,,纳指;黄金;国债ETF,
2024-01-19,2575715.938378314,0.0,2575715.938378314,0.0,True,normal,-0.0346802306046015,0,,纳指;黄金;国债ETF,
2024-01-22,2575715.938378314,0.0,2575715.938378314,0.0,True,normal,-0.0346802306046015,0,,纳指;黄金;国债ETF,
2024-01-23,2575715.938378314,0.0,2575715.938378314,0.0,True,normal,-0.0346802306046015,0,,纳指;黄金;国债ETF,
2024-01-24,2575715.938378314,0.0,2575715.938378314,0.0,True,normal,-0.0346802306046015,0,,纳指;黄金;国债ETF,
2024-01-25,2575715.938378314,0.0,2575715.938378314,0.0,True,normal,-0.0346802306046015,0,,纳指;黄金;国债ETF,
2024-01-26,2575715.938378314,0.0,2575715.938378314,0.0,True,normal,-0.0346802306046015,0,,纳指;黄金;国债ETF,
2024-01-29,2575715.938378314,0.0,2575715.938378314,0.0,True,normal,-0.0346802306046015,0,,纳指;国债ETF,
2024-01-30,2575715.938378314,0.0,2575715.938378314,0.0,True,normal,-0.0346802306046015,0,,纳指;黄金;国债ETF,
2024-01-31,2575715.938378314,0.0,2575715.938378314,0.0,True,normal,-0.0346802306046015,0,,纳指;黄金;国债ETF,
2024-02-01,2575715.938378314,0.0,2575715.938378314,0.0,True,normal,-0.0346802306046015,0,,纳指;黄金;国债ETF,
2024-02-02,2575715.938378314,0.0,2575715.938378314,0.0,True,normal,-0.0346802306046015,0,,纳指;黄金;国债ETF,
2024-02-05,2575715.938378314,0.0,2575715.938378314,0.0,True,normal,-0.0346802306046015,0,,纳指;黄金;国债ETF,
2024-02-06,2575715.938378314,0.0,2575715.938378314,0.0,True,normal,-0.0346802306046015,0,,纳指;黄金;国债ETF,
2024-02-07,2575715.938378314,2575715.938378314,0.0,1.0,False,normal,-0.0346802306046015,3,纳指;黄金;国债ETF,纳指;黄金;国债ETF,
2024-02-08,2600414.094814009,2600414.094814009,0.0,1.0,False,normal,-0.025423923136935863,3,纳指;黄金;国债ETF,纳指;黄金;国债ETF,
2024-02-19,2592170.133406987,2592170.133406987,0.0,1.0,False,normal,-0.028513572428519453,3,纳指;黄金;国债ETF,纳指;黄金;国债ETF,
2024-02-20,2590740.2204688457,2590740.2204688457,0.0,1.0,False,normal,-0.029049471285662484,4,沪深300;纳指;黄金;国债ETF,沪深300;纳指;黄金;国债ETF,
2024-02-21,2591805.6472946852,2591805.6472946852,0.0,1.0,False,normal,-0.02865017353605324,4,沪深300;纳指;黄金;国债ETF,沪深300;纳指;黄金;国债ETF,
2024-02-22,2607670.5739360144,2607670.5739360144,0.0,1.0,False,normal,-0.022704359753293855,4,沪深300;纳指;黄金;国债ETF,沪深300;纳指;黄金;国债ETF,
2024-02-23,2616273.0763931535,2616273.0763931535,0.0,1.0,False,normal,-0.019480337428309832,4,沪深300;纳指;黄金;国债ETF,沪深300;纳指;黄金;国债ETF,
2024-02-26,2606279.2836029246,2606279.2836029246,0.0,1.0,False,normal,-0.023225783736229626,4,沪深300;纳指;黄金;国债ETF,沪深300;纳指;黄金;国债ETF,
2024-02-27,2612525.6317989994,2612525.6317989994,0.0,1.0,False,normal,-0.020884794456179332,4,沪深300;纳指;黄金;国债ETF,沪深300;纳指;黄金;国债ETF,
2024-02-28,2607189.972295327,2607189.972295327,0.0,1.0,False,normal,-0.022884478320736285,3,沪深300;纳指;国债ETF,沪深300;纳指;国债ETF,
2024-02-29,2615406.77791878,2615406.77791878,0.0,1.0,False,normal,-0.0198050063993906,3,沪深300;纳指;国债ETF,沪深300;纳指;国债ETF,
2024-03-01,2635684.755581277,2635684.755581277,0.0,1.0,False,normal,-0.012205281433876445,4,沪深300;纳指;黄金;国债ETF,沪深300;纳指;黄金;国债ETF,
2024-03-04,2652316.605029623,2652316.605029623,0.0,1.0,False,normal,-0.005972042420647072,4,沪深300;纳指;黄金;国债ETF,沪深300;纳指;黄金;国债ETF,
2024-03-05,2661822.6146075185,2661822.6146075185,0.0,1.0,False,normal,-0.002409406169934571,4,沪深300;纳指;黄金;国债ETF,沪深300;纳指;黄金;国债ETF,
2024-03-06,2662452.7829097025,2662452.7829097025,0.0,1.0,False,normal,-0.0021732334184752164,4,沪深300;纳指;黄金;国债ETF,沪深300;纳指;黄金;国债ETF,
2024-03-07,2663347.5700022834,2663347.5700022834,0.0,1.0,False,normal,-0.0018378875610387693,4,沪深300;纳指;黄金;国债ETF,沪深300;纳指;黄金;国债ETF,
2024-03-08,2675570.107347166,2675570.107347166,0.0,1.0,False,normal,0.0,5,沪深300;创业板;纳指;黄金;国债ETF,沪深300;创业板;纳指;黄金;国债ETF,
2024-03-11,2702069.21455501,2702069.2145550107,-4.656612873077393e-10,1.0,False,normal,0.0,5,沪深300;创业板;纳指;黄金;国债ETF,沪深300;创业板;纳指;黄金;国债ETF,
2024-03-12,2705390.4793387917,2705390.479338792,-4.656612873077393e-10,1.0,False,normal,0.0,5,沪深300;创业板;纳指;黄金;国债ETF,沪深300;创业板;纳指;黄金;国债ETF,
2024-03-13,2701426.1501863487,2701426.1501863487,0.0,1.0,False,normal,-0.0014653445344466054,5,沪深300;创业板;纳指;黄金;国债ETF,沪深300;创业板;纳指;黄金;国债ETF,
2024-03-14,2694860.7708815495,2694860.7708815495,0.0,1.0,False,normal,-0.0038921215024811263,5,沪深300;创业板;纳指;黄金;国债ETF,沪深300;创业板;纳指;黄金;国债ETF,
2024-03-15,2696027.938016689,2696027.9380166894,-4.656612873077393e-10,1.0,False,normal,-0.003460698702684506,5,沪深300;创业板;纳指;黄金;国债ETF,沪深300;创业板;纳指;黄金;国债ETF,
2024-03-18,2709277.297490419,2709277.297490419,0.0,1.0,False,normal,0.0,5,沪深300;创业板;纳指;黄金;国债ETF,沪深300;创业板;纳指;黄金;国债ETF,
2024-03-19,2698109.158601526,2698109.158601526,0.0,1.0,False,normal,-0.0041221837643705475,5,沪深300;创业板;纳指;黄金;国债ETF,沪深300;创业板;纳指;黄金;国债ETF,
2024-03-20,2702509.5596561693,2702509.5596561693,0.0,1.0,False,normal,-0.0024979863967850477,5,沪深300;创业板;纳指;黄金;国债ETF,沪深300;创业板;纳指;黄金;国债ETF,
2024-03-21,2719706.182891058,2719706.182891058,0.0,1.0,False,normal,0.0,5,沪深300;创业板;纳指;黄金;国债ETF,沪深300;创业板;纳指;黄金;国债ETF,
2024-03-22,2703481.1669019386,2703481.1669019386,0.0,1.0,False,normal,-0.005965723831194123,5,沪深300;创业板;纳指;黄金;国债ETF,沪深300;创业板;纳指;黄金;国债ETF,
2024-03-25,2689085.6441600295,2689085.6441600295,0.0,1.0,False,normal,-0.0112587671872991,5,沪深300;创业板;纳指;黄金;国债ETF,沪深300;创业板;纳指;黄金;国债ETF,
2024-03-26,2697935.490849839,2697935.4908498395,-4.656612873077393e-10,1.0,False,normal,-0.008004795583498075,5,沪深300;创业板;纳指;黄金;国债ETF,沪深300;创业板;纳指;黄金;国债ETF,
2024-03-27,2680299.4895350668,2680299.489535067,-4.656612873077393e-10,1.0,False,normal,-0.014489320061074236,5,沪深300;创业板;纳指;黄金;国债ETF,沪深300;创业板;纳指;黄金;国债ETF,
2024-03-28,2690759.7234263173,2690759.7234263173,0.0,1.0,False,normal,-0.010643230377911735,5,沪深300;创业板;纳指;黄金;国债ETF,沪深300;创业板;纳指;黄金;国债ETF,
2024-03-29,2706441.08904849,2706441.08904849,0.0,1.0,False,normal,-0.0048773995978003155,5,沪深300;创业板;纳指;黄金;国债ETF,沪深300;创业板;纳指;黄金;国债ETF,
2024-04-01,2737593.1634459863,2737593.163445987,-4.656612873077393e-10,1.0,False,normal,0.0,5,沪深300;创业板;纳指;黄金;国债ETF,沪深300;创业板;纳指;黄金;国债ETF,
2024-04-02,2730543.0694471938,2730543.069447194,-4.656612873077393e-10,1.0,False,normal,-0.0025752891601753453,5,沪深300;创业板;纳指;黄金;国债ETF,沪深300;创业板;纳指;黄金;国债ETF,
2024-04-03,2725843.7757713655,2725843.7757713655,0.0,1.0,False,normal,-0.004291867700250655,5,沪深300;创业板;纳指;黄金;国债ETF,沪深300;创业板;纳指;黄金;国债ETF,
2024-04-08,2724736.4331564615,2724736.4331564615,0.0,1.0,False,normal,-0.0046963626521266165,5,沪深300;创业板;纳指;黄金;国债ETF,沪深300;创业板;纳指;黄金;国债ETF,
2024-04-09,2732551.9734483394,2732551.9734483394,0.0,1.0,False,normal,-0.0018414679233422998,5,沪深300;创业板;纳指;黄金;国债ETF,沪深300;创业板;纳指;黄金;国债ETF,
2024-04-10,2720880.0944116497,2720880.0944116497,0.0,1.0,False,normal,-0.00610502292944755,5,沪深300;创业板;纳指;黄金;国债ETF,沪深300;创业板;纳指;黄金;国债ETF,
2024-04-11,2709071.6389516634,2709071.638951664,-4.656612873077393e-10,1.0,False,normal,-0.010418467168591645,5,沪深300;创业板;纳指;黄金;国债ETF,沪深300;创业板;纳指;黄金;国债ETF,
2024-04-12,2723803.571176128,2723803.571176128,0.0,1.0,False,normal,-0.005037122554945487,5,沪深300;创业板;纳指;黄金;国债ETF,沪深300;创业板;纳指;黄金;国债ETF,
2024-04-15,2732209.6697283294,2732209.66972833,-4.656612873077393e-10,1.0,False,normal,-0.00196650612280182,5,沪深300;创业板;纳指;黄金;国债ETF,沪深300;创业板;纳指;黄金;国债ETF,
2024-04-16,2705375.060515406,2705375.060515406,0.0,1.0,False,normal,-0.01176876950190263,4,沪深300;创业板;黄金;国债ETF,沪深300;创业板;黄金;国债ETF,
2024-04-17,2728961.846053717,2728961.846053717,0.0,1.0,False,normal,-0.0031528853547414435,4,沪深300;创业板;黄金;国债ETF,沪深300;创业板;黄金;国债ETF,
2024-04-18,2725134.05228673,2725134.05228673,0.0,1.0,False,normal,-0.004551118597758734,5,沪深300;创业板;纳指;黄金;国债ETF,沪深300;创业板;纳指;黄金;国债ETF,
2024-04-19,2702882.9536143155,2702882.953614315,4.656612873077393e-10,1.0,False,normal,-0.012679097206678754,3,沪深300;黄金;国债ETF,沪深300;黄金;国债ETF,
2024-04-22,2684013.9201418865,2684013.9201418865,0.0,1.0,False,normal,-0.019571660252342322,3,沪深300;黄金;国债ETF,沪深300;黄金;国债ETF,
2024-04-23,2656902.2822448174,2656902.2822448174,0.0,1.0,False,normal,-0.029475117880407815,4,沪深300;创业板;黄金;国债ETF,沪深300;创业板;黄金;国债ETF,
2024-04-24,2670242.8323189397,2670242.8323189393,4.656612873077393e-10,1.0,False,normal,-0.024602023422015114,3,沪深300;黄金;国债ETF,沪深300;黄金;国债ETF,
2024-04-25,2673568.3616866046,2673568.3616866046,0.0,1.0,False,normal,-0.023387259514773773,4,沪深300;创业板;黄金;国债ETF,沪深300;创业板;黄金;国债ETF,
2024-04-26,2709724.9284827216,2709724.9284827216,0.0,1.0,False,normal,-0.010179830712385774,4,沪深300;创业板;黄金;国债ETF,沪深300;创业板;黄金;国债ETF,
2024-04-29,2734686.0044292794,2734686.0044292794,0.0,1.0,False,normal,-0.001061939756252003,4,沪深300;创业板;黄金;国债ETF,沪深300;创业板;黄金;国债ETF,
2024-04-30,2724374.752577715,2724374.752577715,0.0,1.0,False,normal,-0.0048284789152645245,4,沪深300;创业板;黄金;国债ETF,沪深300;创业板;黄金;国债ETF,
2024-05-06,2744665.5357815675,2744665.5357815675,0.0,1.0,False,normal,0.0,4,沪深300;创业板;黄金;国债ETF,沪深300;创业板;黄金;国债ETF,
2024-05-07,2746599.668730975,2746599.668730975,0.0,1.0,False,normal,0.0,4,沪深300;创业板;黄金;国债ETF,沪深300;创业板;黄金;国债ETF,
2024-05-08,2729589.4371198523,2729589.4371198528,-4.656612873077393e-10,1.0,False,normal,-0.006193196556738159,5,沪深300;创业板;纳指;黄金;国债ETF,沪深300;创业板;纳指;黄金;国债ETF,
2024-05-09,2742495.180425836,2742495.180425836,0.0,1.0,False,normal,-0.0014943889900910722,4,沪深300;创业板;黄金;国债ETF,沪深300;创业板;黄金;国债ETF,
2024-05-10,2752379.1512880474,2752379.1512880474,0.0,1.0,False,normal,0.0,4,沪深300;纳指;黄金;国债ETF,沪深300;纳指;黄金;国债ETF,
2024-05-13,2751049.0060887095,2751049.0060887095,0.0,1.0,False,normal,-0.0004832710634054535,4,沪深300;纳指;黄金;国债ETF,沪深300;纳指;黄金;国债ETF,
2024-05-14,2749269.124337103,2749269.124337103,0.0,1.0,False,normal,-0.0011299413271201378,3,沪深300;黄金;国债ETF,沪深300;黄金;国债ETF,
2024-05-15,2749783.3724900736,2749783.3724900736,0.0,1.0,False,normal,-0.0009431036406300042,4,沪深300;纳指;黄金;国债ETF,沪深300;纳指;黄金;国债ETF,
2024-05-16,2769596.6948722014,2769596.6948722014,0.0,1.0,False,normal,0.0,4,沪深300;纳指;黄金;国债ETF,沪深300;纳指;黄金;国债ETF,
2024-05-17,2775243.9606164154,2775243.9606164154,0.0,1.0,False,normal,0.0,4,沪深300;纳指;黄金;国债ETF,沪深300;纳指;黄金;国债ETF,
2024-05-20,2795772.615312941,2795772.615312941,0.0,1.0,False,normal,0.0,4,沪深300;纳指;黄金;国债ETF,沪深300;纳指;黄金;国债ETF,
2024-05-21,2788051.509555635,2788051.509555635,0.0,1.0,False,normal,-0.002761707341654326,4,沪深300;纳指;黄金;国债ETF,沪深300;纳指;黄金;国债ETF,
2024-05-22,2793821.8177909064,2793821.8177909064,0.0,1.0,False,normal,-0.00069776687537092,4,沪深300;纳指;黄金;国债ETF,沪深300;纳指;黄金;国债ETF,
2024-05-23,2777380.891854984,2777380.891854984,0.0,1.0,False,normal,-0.006578404608880552,4,沪深300;纳指;黄金;国债ETF,沪深300;纳指;黄金;国债ETF,
2024-05-24,2751936.0341647323,2751936.0341647323,0.0,1.0,False,normal,-0.015679594580799552,4,沪深300;纳指;黄金;国债ETF,沪深300;纳指;黄金;国债ETF,
2024-05-27,2768057.292963704,2768057.292963704,0.0,1.0,False,normal,-0.009913296309376197,4,沪深300;纳指;黄金;国债ETF,沪深300;纳指;黄金;国债ETF,
2024-05-28,2766565.5526529453,2766565.5526529457,-4.656612873077393e-10,1.0,False,normal,-0.010446866279476158,5,沪深300;创业板;纳指;黄金;国债ETF,沪深300;创业板;纳指;黄金;国债ETF,
2024-05-29,2769279.0154542928,2769279.015454293,-4.656612873077393e-10,1.0,False,normal,-0.009476307090761964,5,沪深300;创业板;纳指;黄金;国债ETF,沪深300;创业板;纳指;黄金;国债ETF,
2024-05-30,2757396.935119683,2757396.935119683,0.0,1.0,False,normal,-0.013726323801537935,5,沪深300;创业板;纳指;黄金;国债ETF,沪深300;创业板;纳指;黄金;国债ETF,
2024-05-31,2753866.889171674,2753866.889171674,0.0,1.0,False,normal,-0.014988960801655299,3,纳指;黄金;国债ETF,纳指;黄金;国债ETF,
2024-06-03,2750821.1243549897,2750821.1243549897,0.0,1.0,False,normal,-0.016078378732141487,4,沪深300;纳指;黄金;国债ETF,沪深300;纳指;黄金;国债ETF,
2024-06-04,2760244.321407131,2760244.321407131,0.0,1.0,False,normal,-0.012707862474657359,5,沪深300;创业板;纳指;黄金;国债ETF,沪深300;创业板;纳指;黄金;国债ETF,
2024-06-05,2757568.5420255004,2757568.5420255004,0.0,1.0,False,normal,-0.013664942949290654,4,沪深300;创业板;纳指;国债ETF,沪深300;创业板;纳指;国债ETF,
2024-06-06,2766840.980328094,2766840.980328094,0.0,1.0,False,normal,-0.010348350515482916,5,沪深300;创业板;纳指;黄金;国债ETF,沪深300;创业板;纳指;黄金;国债ETF,
2024-06-07,2752533.0509373713,2752533.0509373713,0.0,1.0,False,normal,-0.015466051902339567,5,沪深300;创业板;纳指;黄金;国债ETF,沪深300;创业板;纳指;黄金;国债ETF,
2024-06-11,2733820.8256693715,2733820.8256693715,0.0,1.0,False,normal,-0.02215909452158179,4,沪深300;创业板;纳指;国债ETF,沪深300;创业板;纳指;国债ETF,
2024-06-12,2735818.8800683524,2735818.8800683524,0.0,1.0,False,normal,-0.02144442467037958,4,沪深300;创业板;纳指;国债ETF,沪深300;创业板;纳指;国债ETF,
2024-06-13,2746586.3749491894,2746586.3749491894,0.0,1.0,False,normal,-0.017593076094368262,2,纳指;国债ETF,纳指;国债ETF,
2024-06-14,2745841.707736592,2745841.707736592,0.0,1.0,False,normal,-0.017859430807379933,4,沪深300;创业板;纳指;国债ETF,沪深300;创业板;纳指;国债ETF,
2024-06-17,2751758.6217198716,2751758.6217198716,0.0,1.0,False,normal,-0.015743051974969936,3,创业板;纳指;国债ETF,创业板;纳指;国债ETF,
2024-06-18,2768252.2786827153,2768252.2786827153,0.0,1.0,False,normal,-0.009843553255902106,3,创业板;纳指;国债ETF,创业板;纳指;国债ETF,
2024-06-19,2757748.986992473,2757748.986992473,0.0,1.0,False,normal,-0.013600400873878652,4,沪深300;创业板;纳指;国债ETF,沪深300;创业板;纳指;国债ETF,
2024-06-20,2748740.683918221,2748740.683918221,0.0,1.0,False,normal,-0.016822516658585817,3,创业板;纳指;国债ETF,创业板;纳指;国债ETF,
2024-06-21,2731932.46175511,2731932.46175511,0.0,1.0,False,normal,-0.022834529964335135,5,沪深300;创业板;纳指;黄金;国债ETF,沪深300;创业板;纳指;黄金;国债ETF,
2024-06-24,2710059.5189456847,2710059.5189456847,0.0,1.0,False,normal,-0.03065810713567708,3,纳指;黄金;国债ETF,纳指;黄金;国债ETF,
2024-06-25,2703002.764791146,2703002.764791146,0.0,1.0,False,normal,-0.03318218728292784,3,纳指;黄金;国债ETF,纳指;黄金;国债ETF,
2024-06-26,2715418.3318644417,2715418.3318644417,0.0,1.0,False,normal,-0.028741351499182926,2,纳指;国债ETF,纳指;国债ETF,
2024-06-27,2715886.6456187824,2715886.6456187824,0.0,1.0,False,normal,-0.02857384368693253,2,纳指;国债ETF,纳指;国债ETF,
2024-06-28,2735505.4550028024,2735505.4550028024,0.0,1.0,False,normal,-0.021556531450392134,3,纳指;黄金;国债ETF,纳指;黄金;国债ETF,
2024-07-01,2733101.38636496,2733101.38636496,0.0,1.0,False,normal,-0.022416425643744915,3,纳指;黄金;国债ETF,纳指;黄金;国债ETF,
2024-07-02,2735743.252698575,2735743.252698575,0.0,1.0,False,normal,-0.021471475285784806,3,纳指;黄金;国债ETF,纳指;黄金;国债ETF,
2024-07-03,2759703.902341669,2759703.902341669,0.0,1.0,False,normal,-0.01290116112223048,3,纳指;黄金;国债ETF,纳指;黄金;国债ETF,
2024-07-04,2769036.1456796275,2769036.1456796275,0.0,1.0,False,normal,-0.00956317745115357,3,纳指;黄金;国债ETF,纳指;黄金;国债ETF,
2024-07-05,2782688.397086411,2782688.397086411,0.0,1.0,False,normal,-0.004680000853740947,3,纳指;黄金;国债ETF,纳指;黄金;国债ETF,
2024-07-08,2795348.39901994,2795348.39901994,0.0,1.0,False,normal,-0.00015173490529150124,3,纳指;黄金;国债ETF,纳指;黄金;国债ETF,
2024-07-09,2802293.2711677924,2802293.2711677924,0.0,1.0,False,normal,0.0,3,纳指;黄金;国债ETF,纳指;黄金;国债ETF,
2024-07-10,2797063.532935181,2797063.532935181,0.0,1.0,False,normal,-0.0018662351604733496,3,纳指;黄金;国债ETF,纳指;黄金;国债ETF,
2024-07-11,2804686.9876839453,2804686.9876839453,0.0,1.0,False,normal,0.0,2,纳指;国债ETF,纳指;国债ETF,
2024-07-12,2748978.8335844753,2748978.8335844753,0.0,1.0,False,normal,-0.0198625209672587,3,纳指;黄金;国债ETF,纳指;黄金;国债ETF,
2024-07-15,2777519.3287006845,2777519.3287006845,0.0,0.814370383692063,False,normal,-0.009686520849763477,2,纳指;国债ETF,纳指;国债ETF,
2024-07-16,2774802.0555518884,2774802.0555518884,0.0,1.0,False,normal,-0.010655353792879147,3,纳指;黄金;国债ETF,纳指;黄金;国债ETF,
2024-07-17,2778516.9749880247,2778516.9749880247,0.0,1.0,False,normal,-0.009330814030527995,3,纳指;黄金;国债ETF,纳指;黄金;国债ETF,
2024-07-18,2761311.371332572,2761311.371332572,0.0,1.0,False,normal,-0.015465403641064494,3,纳指;黄金;国债ETF,纳指;黄金;国债ETF,
2024-07-19,2722709.7247181614,2722709.7247181614,0.0,1.0,False,normal,-0.029228667343545216,3,纳指;黄金;国债ETF,纳指;黄金;国债ETF,
2024-07-22,2719031.8051472967,2719031.8051472967,0.0,1.0,False,normal,-0.030540014950966393,3,纳指;黄金;国债ETF,纳指;黄金;国债ETF,
2024-07-23,2724147.675647129,2724147.6756471284,4.656612873077393e-10,1.0,False,normal,-0.028715971654050515,3,纳指;黄金;国债ETF,纳指;黄金;国债ETF,
2024-07-24,2718284.3349181763,2718284.3349181763,0.0,1.0,False,normal,-0.030806522490810513,3,纳指;黄金;国债ETF,纳指;黄金;国债ETF,
2024-07-25,2669879.79956978,2669879.79956978,0.0,1.0,False,normal,-0.04806496721599811,3,纳指;黄金;国债ETF,纳指;黄金;国债ETF,
2024-07-26,2675369.2123710476,2675369.2123710476,0.0,1.0,False,normal,-0.04610773889591358,3,纳指;黄金;国债ETF,纳指;黄金;国债ETF,
2024-07-29,2699109.499184004,2699109.499184004,0.0,1.0,False,normal,-0.037643233973544084,3,纳指;黄金;国债ETF,纳指;黄金;国债ETF,
2024-07-30,2689765.7495821146,2689765.7495821146,0.0,1.0,False,normal,-0.040974710763260744,3,纳指;黄金;国债ETF,纳指;黄金;国债ETF,
2024-07-31,2703061.785179007,2703061.785179007,0.0,1.0,False,normal,-0.036234062107892664,3,纳指;黄金;国债ETF,纳指;黄金;国债ETF,
2024-08-01,2733271.891267276,2733271.8912672754,4.656612873077393e-10,1.0,False,normal,-0.025462768833124795,3,纳指;黄金;国债ETF,纳指;黄金;国债ETF,
2024-08-02,2697031.849449499,2697031.849449499,0.0,0.8159108997018695,False,normal,-0.038384011730073934,3,纳指;黄金;国债ETF,纳指;黄金;国债ETF,
2024-08-05,2604469.111830177,2604469.111830177,0.0,1.0,False,normal,-0.07138688799604853,2,黄金;国债ETF,黄金;国债ETF,
2024-08-06,2593128.522022691,2593128.522022691,0.0,1.0,False,normal,-0.07543033022588913,2,黄金;国债ETF,黄金;国债ETF,
2024-08-07,2601008.693446099,2601008.693446099,0.0,1.0,False,normal,-0.07262068641964214,2,黄金;国债ETF,黄金;国债ETF,
2024-08-08,2599149.910336104,2599149.910336104,0.0,1.0,False,normal,-0.07328342815095011,2,黄金;国债ETF,黄金;国债ETF,
2024-08-09,2608826.8264722535,2608826.8264722535,0.0,1.0,False,normal,-0.06983316215740325,2,黄金;国债ETF,黄金;国债ETF,
2024-08-12,2612851.312700932,2612851.312700932,0.0,1.0,False,normal,-0.06839824758534908,2,黄金;国债ETF,黄金;国债ETF,
2024-08-13,2625598.1502286624,2625598.1502286624,0.0,1.0,False,normal,-0.06385341331909944,2,黄金;国债ETF,黄金;国债ETF,
2024-08-14,2622492.898515568,2622492.898515568,0.0,1.0,False,normal,-0.06496057847753965,2,黄金;国债ETF,黄金;国债ETF,
2024-08-15,2618073.8745599594,2618073.8745599594,0.0,1.0,False,normal,-0.06653616390828958,2,黄金;国债ETF,黄金;国债ETF,
2024-08-16,2620260.059131027,2620260.059131027,0.0,0.6350090179509137,False,normal,-0.06575668848708648,3,纳指;黄金;国债ETF,纳指;黄金;国债ETF,
2024-08-19,2614191.639953877,2614191.639953877,0.0,0.6526908809800958,False,normal,-0.06792035922959651,3,纳指;黄金;国债ETF,纳指;黄金;国债ETF,
2024-08-20,2629764.0931024374,2629764.0931024374,0.0,0.6675910880743074,False,normal,-0.06236806294236625,3,纳指;黄金;国债ETF,纳指;黄金;国债ETF,
2024-08-21,2633240.939514945,2633240.939514945,0.0,0.6885557589187079,False,normal,-0.06112840717051897,3,纳指;黄金;国债ETF,纳指;黄金;国债ETF,
2024-08-22,2633978.931594384,2633978.931594384,0.0,1.0,False,normal,-0.06086527902727881,2,黄金;国债ETF,黄金;国债ETF,
2024-08-23,2631370.0807879386,2631370.0807879386,0.0,1.0,False,normal,-0.06179545441508553,2,黄金;国债ETF,黄金;国债ETF,
2024-08-26,2639516.571284999,2639516.571284999,0.0,1.0,False,normal,-0.05889085560144472,2,黄金;国债ETF,黄金;国债ETF,
2024-08-27,2637702.2842290485,2637702.2842290485,0.0,1.0,False,normal,-0.0595377324415048,2,黄金;国债ETF,黄金;国债ETF,
2024-08-28,2636702.8863375615,2636702.8863375615,0.0,1.0,False,normal,-0.059894063788238174,2,黄金;国债ETF,黄金;国债ETF,
2024-08-29,2637664.83979871,2637664.83979871,0.0,1.0,False,normal,-0.059551083104342796,2,黄金;国债ETF,黄金;国债ETF,
2024-08-30,2634165.4234843077,2634165.4234843077,0.0,1.0,False,normal,-0.060798786085020824,2,黄金;国债ETF,黄金;国债ETF,
2024-09-02,2629839.871747044,2629839.871747044,0.0,1.0,False,normal,-0.06234104436776622,2,黄金;国债ETF,黄金;国债ETF,
2024-09-03,2633976.9136789693,2633976.9136789693,0.0,1.0,False,normal,-0.060865998507000973,2,黄金;国债ETF,黄金;国债ETF,
2024-09-04,2625336.5004301146,2625336.5004301146,0.0,1.0,False,normal,-0.06394670351500965,2,黄金;国债ETF,黄金;国债ETF,
2024-09-05,2635523.6001114175,2635523.6001114175,0.0,1.0,False,normal,-0.06031453360584085,2,黄金;国债ETF,黄金;国债ETF,
2024-09-06,2639544.5813543396,2639544.5813543396,0.0,1.0,False,normal,-0.058880868722529726,2,黄金;国债ETF,黄金;国债ETF,
2024-09-09,2630671.5944234887,2630671.5944234887,0.0,1.0,False,normal,-0.06204449695263679,1,国债ETF,国债ETF,
2024-09-10,2632912.2253424367,2632912.2253424367,0.0,1.0,False,normal,-0.06124560890245967,1,国债ETF,国债ETF,
2024-09-11,2636842.823649405,2636842.823649405,0.0,1.0,False,normal,-0.059844169695792926,1,国债ETF,国债ETF,
2024-09-12,2632760.3181614913,2632760.3181614913,0.0,1.0,False,normal,-0.06129977080416651,2,黄金;国债ETF,黄金;国债ETF,
2024-09-13,2653642.223959251,2653642.223959251,0.0,1.0,False,normal,-0.05385441027393372,2,黄金;国债ETF,黄金;国债ETF,
2024-09-18,2653494.196736536,2653494.196736536,0.0,1.0,False,normal,-0.05390718879195191,2,黄金;国债ETF,黄金;国债ETF,
2024-09-19,2649607.546270185,2649607.546270185,0.0,1.0,False,normal,-0.05529295857068945,2,黄金;国债ETF,黄金;国债ETF,
2024-09-20,2665457.2289612256,2665457.2289612256,0.0,1.0,False,normal,-0.04964181719176189,3,纳指;黄金;国债ETF,纳指;黄金;国债ETF,
2024-09-23,2676874.470297449,2676874.4702974483,4.656612873077393e-10,1.0,False,normal,-0.04557104516395306,3,纳指;黄金;国债ETF,纳指;黄金;国债ETF,
2024-09-24,2668783.7331174267,2668783.7331174267,0.0,1.0,False,normal,-0.04845576535396016,3,纳指;黄金;国债ETF,纳指;黄金;国债ETF,
2024-09-25,2670792.3525088686,2670792.352508869,-4.656612873077393e-10,1.0,False,normal,-0.047739600091931934,5,沪深300;创业板;纳指;黄金;国债ETF,沪深300;创业板;纳指;黄金;国债ETF,
2024-09-26,2727746.7803054107,2727746.780305411,-4.656612873077393e-10,0.7939297832527973,False,normal,-0.027432725190510578,5,沪深300;创业板;纳指;黄金;国债ETF,沪深300;创业板;纳指;黄金;国债ETF,
2024-09-27,2800309.602162378,2800309.602162378,0.0,0.5428182706837312,False,normal,-0.001560739412558185,4,沪深300;创业板;黄金;国债ETF,沪深300;创业板;黄金;国债ETF,
2024-09-30,3003707.7954053204,3003707.7954053204,0.0,0.33646374716600375,False,normal,0.0,4,沪深300;创业板;纳指;黄金,沪深300;创业板;纳指;黄金,
2024-10-08,3183236.261990963,3183236.261990963,0.0,0.2968136336131876,False,normal,0.0,4,沪深300;创业板;纳指;黄金,沪深300;创业板;纳指;黄金,
2024-10-09,2986633.3848586613,2986633.3848586613,0.0,0.2868655502442881,False,normal,-0.06176194945999262,5,沪深300;创业板;纳指;黄金;国债ETF,沪深300;创业板;纳指;黄金;国债ETF,
2024-10-10,2989950.541657914,2989950.5416579144,-4.656612873077393e-10,0.29549993560191734,False,normal,-0.06071987889838816,5,沪深300;创业板;纳指;黄金;国债ETF,沪深300;创业板;纳指;黄金;国债ETF,
2024-10-11,2950418.161404908,2950418.161404908,0.0,0.2978868753825464,False,normal,-0.07313880636696385,5,沪深300;创业板;纳指;黄金;国债ETF,沪深300;创业板;纳指;黄金;国债ETF,
2024-10-14,2982290.6423030887,2982290.6423030887,0.0,0.30635859447640706,False,normal,-0.06312620338214933,5,沪深300;创业板;纳指;黄金;国债ETF,沪深300;创业板;纳指;黄金;国债ETF,
2024-10-15,2958714.3465068955,2958714.3465068955,0.0,0.3124583787870834,False,normal,-0.07053259544851997,5,沪深300;创业板;纳指;黄金;国债ETF,沪深300;创业板;纳指;黄金;国债ETF,
2024-10-16,2943869.109412905,2943869.109412905,0.0,0.3204264309508722,False,normal,-0.0751961629226809,5,沪深300;创业板;纳指;黄金;国债ETF,沪深300;创业板;纳指;黄金;国债ETF,
2024-10-17,2942447.971955114,2942447.971955114,0.0,0.330140058243177,False,normal,-0.07564260715139232,5,沪深300;创业板;纳指;黄金;国债ETF,沪深300;创业板;纳指;黄金;国债ETF,
2024-10-18,3012973.168711762,3012973.168711762,0.0,0.3296198542897658,False,normal,-0.053487419489469376,5,沪深300;创业板;纳指;黄金;国债ETF,沪深300;创业板;纳指;黄金;国债ETF,
2024-10-21,3024397.4933901187,3024397.4933901187,0.0,0.2620123500139549,False,normal,-0.049898516958178346,4,沪深300;创业板;黄金;国债ETF,沪深300;创业板;黄金;国债ETF,
2024-10-22,3030397.2020615945,3030397.2020615945,0.0,0.3504011309943764,False,normal,-0.04801373424722643,5,沪深300;创业板;纳指;黄金;国债ETF,沪深300;创业板;纳指;黄金;国债ETF,
2024-10-23,3034735.3828743007,3034735.3828743007,0.0,0.2783634893816669,False,normal,-0.04665091337699894,4,沪深300;创业板;黄金;国债ETF,沪深300;创业板;黄金;国债ETF,
2024-10-24,3008630.0430457247,3008630.0430457247,0.0,0.28423584483290804,False,normal,-0.0548517937641331,4,沪深300;创业板;黄金;国债ETF,沪深300;创业板;黄金;国债ETF,
2024-10-25,3036958.1680458314,3036958.1680458314,0.0,0.2926126546488513,False,normal,-0.0459526349620187,4,沪深300;创业板;黄金;国债ETF,沪深300;创业板;黄金;国债ETF,
2024-10-28,3037873.21363609,3037873.21363609,0.0,0.3888128861770025,False,normal,-0.045665177319874864,5,沪深300;创业板;纳指;黄金;国债ETF,沪深300;创业板;纳指;黄金;国债ETF,
2024-10-29,3022714.839348905,3022714.839348905,0.0,0.3978272262473915,False,normal,-0.05042711549838268,5,沪深300;创业板;纳指;黄金;国债ETF,沪深300;创业板;纳指;黄金;国债ETF,
2024-10-30,3022710.5119340466,3022710.5119340466,0.0,0.40991816618142674,False,normal,-0.05042847493717452,5,沪深300;创业板;纳指;黄金;国债ETF,沪深300;创业板;纳指;黄金;国债ETF,
2024-10-31,3011985.2827829206,3011985.282782921,-4.656612873077393e-10,0.42071498849398353,False,normal,-0.05379775961113645,5,沪深300;创业板;纳指;黄金;国债ETF,沪深300;创业板;纳指;黄金;国债ETF,
2024-11-01,2991160.5134577663,2991160.5134577667,-4.656612873077393e-10,0.4290385286919611,False,normal,-0.06033977145418119,5,沪深300;创业板;纳指;黄金;国债ETF,沪深300;创业板;纳指;黄金;国债ETF,
2024-11-04,3012860.0951279425,3012860.0951279425,0.0,0.44072795023697575,False,normal,-0.053522941070185695,5,沪深300;创业板;纳指;黄金;国债ETF,沪深300;创业板;纳指;黄金;国债ETF,
2024-11-05,3055627.636817435,3055627.636817435,0.0,0.44550136601088924,False,normal,-0.040087701531056036,5,沪深300;创业板;纳指;黄金;国债ETF,沪深300;创业板;纳指;黄金;国债ETF,
2024-11-06,3065399.680828342,3065399.680828342,0.0,0.4594939640618257,False,normal,-0.03701785587505202,5,沪深300;创业板;纳指;黄金;国债ETF,沪深300;创业板;纳指;黄金;国债ETF,
2024-11-07,3105015.72447083,3105015.72447083,0.0,0.46680776038445276,False,normal,-0.024572645911997034,5,沪深300;创业板;纳指;黄金;国债ETF,沪深300;创业板;纳指;黄金;国债ETF,
2024-11-08,3100261.7828134927,3100261.782813493,-4.656612873077393e-10,0.47954526799465946,False,normal,-0.026066076265911134,5,沪深300;创业板;纳指;黄金;国债ETF,沪深300;创业板;纳指;黄金;国债ETF,
2024-11-11,3126136.207981635,3126136.2079816354,-4.656612873077393e-10,0.4923271570209803,False,normal,-0.01793773672759519,5,沪深300;创业板;纳指;黄金;国债ETF,沪深300;创业板;纳指;黄金;国债ETF,
2024-11-12,3109546.4991890653,3109546.499189066,-4.656612873077393e-10,0.5008362815508837,False,normal,-0.02314932249352056,5,沪深300;创业板;纳指;黄金;国债ETF,沪深300;创业板;纳指;黄金;国债ETF,
2024-11-13,3115759.0862813396,3115759.08628134,-4.656612873077393e-10,0.5164955624847364,False,normal,-0.021197664940967847,5,沪深300;创业板;纳指;黄金;国债ETF,沪深300;创业板;纳指;黄金;国债ETF,
2024-11-14,3071520.4193847044,3071520.4193847044,0.0,0.5034957921367313,False,normal,-0.03509505214557515,5,沪深300;创业板;纳指;黄金;国债ETF,沪深300;创业板;纳指;黄金;国债ETF,
2024-11-15,3031812.708124966,3031812.708124966,0.0,0.4985604843953449,False,normal,-0.04756905909688553,5,沪深300;创业板;纳指;黄金;国债ETF,沪深300;创业板;纳指;黄金;国债ETF,
2024-11-18,3017397.558059834,3017397.558059834,0.0,0.5110821248435593,False,normal,-0.052097516578114386,5,沪深300;创业板;纳指;黄金;国债ETF,沪深300;创业板;纳指;黄金;国债ETF,
2024-11-19,3051279.8182591293,3051279.8182591293,0.0,0.5159045692526616,False,normal,-0.04145355005767031,5,沪深300;创业板;纳指;黄金;国债ETF,沪深300;创业板;纳指;黄金;国债ETF,
2024-11-20,3062198.097229851,3062198.097229851,0.0,0.5315063957008808,False,normal,-0.03802361961201348,5,沪深300;创业板;纳指;黄金;国债ETF,沪深300;创业板;纳指;黄金;国债ETF,
2024-11-21,3066851.3151975498,3066851.3151975498,0.0,0.5482033329560058,False,normal,-0.03656183117260043,5,沪深300;创业板;纳指;黄金;国债ETF,沪深300;创业板;纳指;黄金;国债ETF,
2024-11-22,3037318.1768493108,3037318.176849311,-4.656612873077393e-10,0.5498950380225683,False,normal,-0.04583953974261007,5,沪深300;创业板;纳指;黄金;国债ETF,沪深300;创业板;纳指;黄金;国债ETF,
2024-11-25,3029782.143864757,3029782.143864757,0.0,0.5658695581508069,False,normal,-0.04820695213814505,5,沪深300;创业板;纳指;黄金;国债ETF,沪深300;创业板;纳指;黄金;国债ETF,
2024-11-26,3014519.8579425267,3014519.8579425267,0.0,0.5793742882651306,False,normal,-0.053001533710511396,5,沪深300;创业板;纳指;黄金;国债ETF,沪深300;创业板;纳指;黄金;国债ETF,
2024-11-27,3047353.5681947614,3047353.568194762,-4.656612873077393e-10,0.5810824956636421,False,normal,-0.04268696465251167,5,沪深300;创业板;纳指;黄金;国债ETF,沪深300;创业板;纳指;黄金;国债ETF,
2024-11-28,3026271.8069758513,3026271.8069758518,-4.656612873077393e-10,0.5903958418236044,False,normal,-0.04930970939522344,5,沪深300;创业板;纳指;黄金;国债ETF,沪深300;创业板;纳指;黄金;国债ETF,
2024-11-29,3053651.3437087755,3053651.3437087755,0.0,1.0,False,normal,-0.04070854552314579,3,纳指;黄金;国债ETF,纳指;黄金;国债ETF,
2024-12-02,3052427.032621303,3052427.0326213026,4.656612873077393e-10,1.0,False,normal,-0.041093157592972676,3,纳指;黄金;国债ETF,纳指;黄金;国债ETF,
2024-12-03,3080953.418053292,3080953.418053292,0.0,1.0,False,normal,-0.03213171612769256,4,沪深300;纳指;黄金;国债ETF,沪深300;纳指;黄金;国债ETF,
2024-12-04,3080790.1509548975,3080790.1509548975,0.0,1.0,False,normal,-0.03218300578543621,3,纳指;黄金;国债ETF,纳指;黄金;国债ETF,
2024-12-05,3089792.162812721,3089792.162812721,0.0,0.6683013164064354,False,normal,-0.02935506242310685,5,沪深300;创业板;纳指;黄金;国债ETF,沪深300;创业板;纳指;黄金;国债ETF,
2024-12-06,3106207.8541507204,3106207.8541507204,0.0,0.685277717048716,False,normal,-0.024198143493145873,5,沪深300;创业板;纳指;黄金;国债ETF,沪深300;创业板;纳指;黄金;国债ETF,
2024-12-09,3114443.834796744,3114443.834796744,0.0,0.7063919846430028,False,normal,-0.021610845545970467,5,沪深300;创业板;纳指;黄金;国债ETF,沪深300;创业板;纳指;黄金;国债ETF,
2024-12-10,3122976.881377031,3122976.881377031,0.0,0.7281101177671077,False,normal,-0.018930225611416773,5,沪深300;创业板;纳指;黄金;国债ETF,沪深300;创业板;纳指;黄金;国债ETF,
2024-12-11,3124318.855554375,3124318.855554375,0.0,0.7506508505560414,False,normal,-0.018508650187258835,5,沪深300;创业板;纳指;黄金;国债ETF,沪深300;创业板;纳指;黄金;国债ETF,
2024-12-12,3153692.7817817964,3153692.7817817964,0.0,0.7543000113188504,False,normal,-0.009280957421202725,5,沪深300;创业板;纳指;黄金;国债ETF,沪深300;创业板;纳指;黄金;国债ETF,
2024-12-13,3124973.5878967266,3124973.5878967266,0.0,0.6189327195591887,False,normal,-0.018302968833923725,4,沪深300;创业板;纳指;国债ETF,沪深300;创业板;纳指;国债ETF,
2024-12-16,3118030.7622425994,3118030.7622425994,0.0,1.0,False,normal,-0.020484027694375625,2,纳指;国债ETF,纳指;国债ETF,
2024-12-17,3129057.977492907,3129057.977492907,0.0,1.0,False,normal,-0.017019875384358053,2,纳指;国债ETF,纳指;国债ETF,
2024-12-18,3139317.844965118,3139317.844965118,0.0,0.6757469917580459,False,normal,-0.013796782083142063,4,沪深300;创业板;纳指;国债ETF,沪深300;创业板;纳指;国债ETF,
2024-12-19,3124837.7822345654,3124837.7822345654,0.0,1.0,False,normal,-0.018345631599418946,2,纳指;国债ETF,纳指;国债ETF,
2024-12-20,3098048.3791973777,3098048.3791973777,0.0,1.0,False,normal,-0.026761407505550446,2,纳指;国债ETF,纳指;国债ETF,
2024-12-23,3150563.7574021444,3150563.7574021444,0.0,0.7146469339383781,False,normal,-0.010263926991200944,4,沪深300;创业板;纳指;国债ETF,沪深300;创业板;纳指;国债ETF,
2024-12-24,3165696.7357439515,3165696.7357439515,0.0,0.7327557643277064,False,normal,-0.005509966839860437,4,沪深300;创业板;纳指;国债ETF,沪深300;创业板;纳指;国债ETF,
2024-12-25,3168853.161197348,3168853.161197348,0.0,0.7557763743240515,False,normal,-0.004518389340230447,4,沪深300;创业板;纳指;国债ETF,沪深300;创业板;纳指;国债ETF,
2024-12-26,3176060.0392292244,3176060.0392292244,0.0,0.7790441376606886,False,normal,-0.0022543795593890957,4,沪深300;创业板;纳指;国债ETF,沪深300;创业板;纳指;国债ETF,
2024-12-27,3169737.502345437,3169737.502345437,0.0,0.7999008226267742,False,normal,-0.004240577366721438,4,沪深300;创业板;纳指;国债ETF,沪深300;创业板;纳指;国债ETF,
2024-12-30,3161607.5099639744,3161607.5099639744,0.0,1.0,False,normal,-0.0067945795557948635,2,纳指;国债ETF,纳指;国债ETF,
2024-12-31,3154350.5535094165,3154350.5535094165,0.0,1.0,False,normal,-0.009074321258039406,2,纳指;国债ETF,纳指;国债ETF,
2025-01-02,3170083.023488699,3170083.0234886985,4.656612873077393e-10,1.0,False,normal,-0.004132033383547,3,纳指;黄金;国债ETF,纳指;黄金;国债ETF,
2025-01-03,3175654.450396462,3175654.4503964614,4.656612873077393e-10,1.0,False,normal,-0.00238179354923504,3,纳指;黄金;国债ETF,纳指;黄金;国债ETF,
2025-01-06,3192157.9948101765,3192157.9948101765,0.0,1.0,False,normal,0.0,3,纳指;黄金;国债ETF,纳指;黄金;国债ETF,
2025-01-07,3185825.451312751,3185825.4513127506,4.656612873077393e-10,1.0,False,normal,-0.0019837813503344693,3,纳指;黄金;国债ETF,纳指;黄金;国债ETF,
2025-01-08,3180590.8789333473,3180590.878933347,4.656612873077393e-10,1.0,False,normal,-0.0036236038114764732,3,纳指;黄金;国债ETF,纳指;黄金;国债ETF,
2025-01-09,3180586.9797580396,3180586.979758039,4.656612873077393e-10,1.0,False,normal,-0.0036248252971654814,3,纳指;黄金;国债ETF,纳指;黄金;国债ETF,
2025-01-10,3183023.163453135,3183023.163453135,0.0,1.0,False,normal,-0.0028616476289371703,3,纳指;黄金;国债ETF,纳指;黄金;国债ETF,
2025-01-13,3159617.5768920276,3159617.5768920276,0.0,1.0,False,normal,-0.010193861948892649,3,纳指;黄金;国债ETF,纳指;黄金;国债ETF,
2025-01-14,3163776.0953878853,3163776.0953878853,0.0,1.0,False,normal,-0.008891132415260964,3,纳指;黄金;国债ETF,纳指;黄金;国债ETF,
2025-01-15,3164304.8174001146,3164304.817400114,4.656612873077393e-10,1.0,False,normal,-0.008725500885402837,3,纳指;黄金;国债ETF,纳指;黄金;国债ETF,
2025-01-16,3191300.207567378,3191300.207567378,0.0,1.0,False,normal,-0.0002687170385028543,3,纳指;黄金;国债ETF,纳指;黄金;国债ETF,
2025-01-17,3189215.815859941,3189215.8158599404,4.656612873077393e-10,1.0,False,normal,-0.0009216896391153319,3,纳指;黄金;国债ETF,纳指;黄金;国债ETF,
2025-01-20,3197655.704495017,3197655.7044950165,4.656612873077393e-10,1.0,False,normal,0.0,3,纳指;黄金;国债ETF,纳指;黄金;国债ETF,
2025-01-21,3198529.745903283,3198529.7459032824,4.656612873077393e-10,1.0,False,normal,0.0,3,纳指;黄金;国债ETF,纳指;黄金;国债ETF,
2025-01-22,3215086.9173244047,3215086.9173244047,0.0,1.0,False,normal,0.0,3,纳指;黄金;国债ETF,纳指;黄金;国债ETF,
2025-01-23,3205828.6925144955,3205828.692514495,4.656612873077393e-10,1.0,False,normal,-0.0028796188246176355,3,纳指;黄金;国债ETF,纳指;黄金;国债ETF,
2025-01-24,3210758.293321922,3210758.2933219215,4.656612873077393e-10,1.0,False,normal,-0.001346347428170005,3,纳指;黄金;国债ETF,纳指;黄金;国债ETF,
2025-01-27,3192859.5844985717,3192859.584498571,4.656612873077393e-10,1.0,False,normal,-0.0069134469447969344,3,纳指;黄金;国债ETF,纳指;黄金;国债ETF,
2025-02-05,3231274.371239252,3231274.3712392515,4.656612873077393e-10,1.0,False,normal,0.0,3,纳指;黄金;国债ETF,纳指;黄金;国债ETF,
2025-02-06,3236135.626592886,3236135.6265928857,4.656612873077393e-10,1.0,False,normal,0.0,3,纳指;黄金;国债ETF,纳指;黄金;国债ETF,
2025-02-07,3235884.206618684,3235884.206618684,0.0,1.0,False,normal,-7.769142063646872e-05,3,纳指;黄金;国债ETF,纳指;黄金;国债ETF,
2025-02-10,3239298.1206461806,3239298.1206461806,0.0,1.0,False,normal,0.0,3,纳指;黄金;国债ETF,纳指;黄金;国债ETF,
2025-02-11,3250651.745469342,3250651.745469342,0.0,1.0,False,normal,0.0,2,黄金;国债ETF,黄金;国债ETF,
2025-02-12,3239319.2018248346,3239319.2018248346,0.0,1.0,False,normal,-0.0034862373861802836,3,纳指;黄金;国债ETF,纳指;黄金;国债ETF,
2025-02-13,3250468.0397556117,3250468.0397556117,0.0,1.0,False,normal,-5.6513501941987106e-05,3,纳指;黄金;国债ETF,纳指;黄金;国债ETF,
2025-02-14,3261296.910366754,3261296.9103667536,4.656612873077393e-10,1.0,False,normal,0.0,3,纳指;黄金;国债ETF,纳指;黄金;国债ETF,
2025-02-17,3242969.9506194326,3242969.9506194326,0.0,1.0,False,normal,-0.0056195312021622874,3,沪深300;纳指;黄金,沪深300;纳指;黄金,
2025-02-18,3253987.729972094,3253987.729972094,0.0,1.0,False,normal,-0.002241188274341526,2,沪深300;黄金,沪深300;黄金,
2025-02-19,3273176.780444498,3273176.780444498,0.0,0.7438027912781433,False,normal,0.0,3,沪深300;创业板;黄金,沪深300;创业板;黄金,
2025-02-20,3272903.649379706,3272903.649379706,0.0,0.7076633739186299,False,normal,-8.344525307156567e-05,2,创业板;黄金,创业板;黄金,
2025-02-21,3301505.650561643,3301505.650561643,0.0,0.7676550841080328,False,normal,0.0,3,沪深300;创业板;黄金,沪深300;创业板;黄金,
2025-02-24,3291325.794900324,3291325.794900324,0.0,0.7806967871359194,False,normal,-0.003083397921668518,3,沪深300;创业板;黄金,沪深300;创业板;黄金,
2025-02-25,3268563.4896559105,3268563.4896559105,0.0,0.7364661170327365,False,normal,-0.009977920498221252,2,创业板;黄金,创业板;黄金,
2025-02-26,3272261.4782097144,3272261.4782097144,0.0,0.7592014330497034,False,normal,-0.00885782895660151,2,创业板;黄金,创业板;黄金,
2025-02-27,3257389.0372965047,3257389.0372965047,0.0,0.7681667004284288,False,normal,-0.013362573908553853,2,创业板;黄金,创业板;黄金,
2025-02-28,3183497.7747106003,3183497.7747106003,0.0,0.7055971795692311,False,normal,-0.03574365406007026,1,黄金,黄金,
2025-03-03,3186955.9504435263,3186955.9504435263,0.0,0.7277312564785948,False,normal,-0.03469619992885055,1,黄金,黄金,
2025-03-04,3210669.155469304,3210669.155469304,0.0,0.7375693730213324,False,normal,-0.027513657314772743,1,黄金,黄金,
2025-03-05,3234382.3604950816,3234382.3604950816,0.0,0.6871732283674338,False,normal,-0.02033111470069493,2,创业板;黄金,创业板;黄金,
2025-03-06,3263024.552151828,3263024.5521518276,4.656612873077393e-10,0.736107686694478,False,normal,-0.011655620944725163,3,沪深300;创业板;黄金,沪深300;创业板;黄金,
2025-03-07,3243451.042883769,3243451.0428837687,4.656612873077393e-10,0.7433838887634615,False,normal,-0.01758428239188311,3,沪深300;创业板;黄金,沪深300;创业板;黄金,
2025-03-10,3241649.6933526504,3241649.6933526504,0.0,0.7661638966312178,False,normal,-0.018129896945295224,3,沪深300;创业板;黄金,沪深300;创业板;黄金,
2025-03-11,3238433.1026041512,3238433.102604151,4.656612873077393e-10,0.7892216239621185,False,normal,-0.019104176891765086,3,沪深300;创业板;黄金,沪深300;创业板;黄金,
2025-03-12,3234242.7830623477,3234242.783062347,4.656612873077393e-10,0.8126365479605098,False,normal,-0.02037339160326822,3,沪深300;创业板;黄金,沪深300;创业板;黄金,
2025-03-13,3224940.560288343,3224940.5602883426,4.656612873077393e-10,0.8333793520433616,False,normal,-0.0231909614512623,3,沪深300;创业板;黄金,沪深300;创业板;黄金,
2025-03-14,3298930.6964463354,3298930.696446335,4.656612873077393e-10,0.6957971313626771,False,normal,-0.0007799332752525747,3,沪深300;创业板;黄金,沪深300;创业板;黄金,
2025-03-17,3289836.581631227,3289836.5816312265,4.656612873077393e-10,0.7126485344901404,False,normal,-0.003534468865267819,3,沪深300;创业板;黄金,沪深300;创业板;黄金,
2025-03-18,3306515.0128512834,3306515.012851283,4.656612873077393e-10,0.7312257760228199,False,normal,0.0,3,沪深300;创业板;黄金,沪深300;创业板;黄金,
2025-03-19,3316556.319850527,3316556.319850527,0.0,0.7535788213741977,False,normal,0.0,3,沪深300;创业板;黄金,沪深300;创业板;黄金,
2025-03-20,3298664.077993089,3298664.077993089,0.0,0.7610044424699088,False,normal,-0.0053948252741399935,3,沪深300;创业板;黄金,沪深300;创业板;黄金,
2025-03-21,3252090.977193325,3252090.977193325,0.0,0.7135383844128756,False,normal,-0.019437433421938016,3,沪深300;创业板;黄金,沪深300;创业板;黄金,
2025-03-24,3257646.785557255,3257646.785557255,0.0,0.7354124706707522,False,normal,-0.017762259588562344,3,沪深300;创业板;黄金,沪深300;创业板;黄金,
2025-03-25,3253626.0870660115,3253626.0870660115,0.0,0.7576918273776537,False,normal,-0.018974570824520746,3,沪深300;创业板;黄金,沪深300;创业板;黄金,
2025-03-26,3249074.767571603,3249074.767571603,0.0,0.7805140386446566,False,normal,-0.0203468736155717,3,沪深300;创业板;黄金,沪深300;创业板;黄金,
2025-03-27,3258143.71887407,3258143.71887407,0.0,0.8025660743365313,False,normal,-0.017612425462773366,3,沪深300;创业板;黄金,沪深300;创业板;黄金,
2025-03-28,3265877.9672162877,3265877.9672162877,0.0,0.8262516854238833,False,normal,-0.015280413702283663,3,沪深300;创业板;黄金,沪深300;创业板;黄金,
2025-03-31,3257942.346924108,3257942.346924108,0.0,0.8484114679460417,False,normal,-0.017673142643650594,3,沪深300;创业板;黄金,沪深300;创业板;黄金,
2025-04-01,3263159.3518356504,3263159.3518356504,0.0,1.0,False,normal,-0.01610012400370857,3,沪深300;创业板;黄金,沪深300;创业板;黄金,
2025-04-02,3259232.6956376135,3259232.6956376135,0.0,1.0,False,normal,-0.017284079836008086,2,沪深300;黄金,沪深300;黄金,
2025-04-03,3266111.3308062134,3266111.3308062134,0.0,1.0,False,normal,-0.0152100504798867,1,黄金,黄金,
2025-04-07,3166203.4990068125,3166203.4990068125,0.0,0.5855574491871708,False,normal,-0.045334017077837824,1,黄金,黄金,
2025-04-08,3188302.927238938,3188302.927238938,0.0,0.5994169749368515,False,normal,-0.03867065119442009,1,黄金,黄金,
2025-04-09,3228358.1409096653,3228358.1409096653,0.0,0.6001396627455943,False,normal,-0.026593300530725474,1,黄金,黄金,
2025-04-10,3298339.663644729,3298339.663644729,0.0,1.0,False,normal,-0.005492641899902678,2,黄金;国债ETF,黄金;国债ETF,
2025-04-11,3323980.2090489846,3323980.2090489846,0.0,1.0,False,normal,0.0,2,黄金;国债ETF,黄金;国债ETF,
2025-04-14,3334885.7017996144,3334885.7017996144,0.0,1.0,False,normal,0.0,2,黄金;国债ETF,黄金;国债ETF,
2025-04-15,3334465.9680447443,3334465.9680447443,0.0,1.0,False,normal,-0.0001258615114285668,2,黄金;国债ETF,黄金;国债ETF,
2025-04-16,3376373.1415053215,3376373.1415053215,0.0,1.0,False,normal,0.0,2,黄金;国债ETF,黄金;国债ETF,
2025-04-17,3389272.3301110044,3389272.3301110044,0.0,1.0,False,normal,0.0,2,黄金;国债ETF,黄金;国债ETF,
2025-04-18,3392596.793580222,3392596.793580222,0.0,1.0,False,normal,0.0,2,黄金;国债ETF,黄金;国债ETF,
2025-04-21,3422720.729981692,3422720.729981692,0.0,1.0,False,normal,0.0,2,黄金;国债ETF,黄金;国债ETF,
2025-04-22,3480502.8113213023,3480502.8113213023,0.0,1.0,False,normal,0.0,2,黄金;国债ETF,黄金;国债ETF,
2025-04-23,3373825.7663663486,3373825.7663663486,0.0,0.6126040821867323,False,normal,-0.030649894781856514,2,黄金;国债ETF,黄金;国债ETF,
2025-04-24,3390857.81475416,3390857.81475416,0.0,0.6300436959246671,False,normal,-0.025756335054678576,2,黄金;国债ETF,黄金;国债ETF,
2025-04-25,3380746.0792019693,3380746.0792019693,0.0,0.6449812548529349,False,normal,-0.028661586422182025,2,黄金;国债ETF,黄金;国债ETF,
2025-04-28,3365699.077808979,3365699.077808979,0.0,0.6573625776988797,False,normal,-0.03298481275144853,2,黄金;国债ETF,黄金;国债ETF,
2025-04-29,3379629.674453618,3379629.674453618,0.0,0.6763202666211177,False,normal,-0.02898234603907413,2,黄金;国债ETF,黄金;国债ETF,
2025-04-30,3370569.6589360135,3370569.6589360135,0.0,0.6933351772558716,False,normal,-0.031585422665857565,2,黄金;国债ETF,黄金;国债ETF,
2025-05-06,3401481.3657511077,3401481.3657511077,0.0,0.6997529991375322,False,normal,-0.02270403153048905,2,黄金;国债ETF,黄金;国债ETF,
2025-05-07,3414205.989560432,3414205.989560432,0.0,0.7206842198958356,False,normal,-0.019048058672793394,2,黄金;国债ETF,黄金;国债ETF,
2025-05-08,3392222.359012463,3392222.359012463,0.0,0.7237746197302092,False,normal,-0.02536428128191205,2,黄金;国债ETF,黄金;国债ETF,
2025-05-09,3385907.221200439,3385907.2212004387,4.656612873077393e-10,0.6594143740041396,False,normal,-0.027178713895350044,3,纳指;黄金;国债ETF,纳指;黄金;国债ETF,
2025-05-12,3384944.6900716345,3384944.690071634,4.656612873077393e-10,0.6793696931369886,False,normal,-0.027455263342652244,3,纳指;黄金;国债ETF,纳指;黄金;国债ETF,
2025-05-13,3381929.213625623,3381929.213625623,0.0,0.699518760574307,False,normal,-0.028321654381384606,3,纳指;黄金;国债ETF,纳指;黄金;国债ETF,
2025-05-14,3405136.838005564,3405136.8380055637,4.656612873077393e-10,0.7134651976458981,False,normal,-0.02165376021837689,3,纳指;黄金;国债ETF,纳指;黄金;国债ETF,
2025-05-15,3365739.9722041474,3365739.972204147,4.656612873077393e-10,0.6907762574296064,False,normal,-0.03297306318611694,3,纳指;黄金;国债ETF,纳指;黄金;国债ETF,
2025-05-16,3384701.115808672,3384701.1158086713,4.656612873077393e-10,0.7064670147242372,False,normal,-0.02752524583546058,3,纳指;黄金;国债ETF,纳指;黄金;国债ETF,
2025-05-19,3382208.823865189,3382208.8238651888,4.656612873077393e-10,0.7278054891251186,False,normal,-0.028241318218846023,3,纳指;黄金;国债ETF,纳指;黄金;国债ETF,
2025-05-20,3392944.2484391215,3392944.2484391215,0.0,0.7491617089159638,False,normal,-0.025156871759267726,3,纳指;黄金;国债ETF,纳指;黄金;国债ETF,
2025-05-21,3418060.441804677,3418060.441804677,0.0,0.7893473041468391,False,normal,-0.017940617462946555,4,沪深300;纳指;黄金;国债ETF,沪深300;纳指;黄金;国债ETF,
2025-05-22,3413376.1516754907,3413376.15167549,4.656612873077393e-10,0.7811391227331405,False,normal,-0.019286483386096842,3,纳指;黄金;国债ETF,纳指;黄金;国债ETF,
2025-05-23,3411145.6169818533,3411145.616981853,4.656612873077393e-10,0.8043686630288617,False,normal,-0.019927349035273153,3,纳指;黄金;国债ETF,纳指;黄金;国债ETF,
2025-05-26,3413368.8102508537,3413368.810250853,4.656612873077393e-10,0.8295527925534357,False,normal,-0.019288592686113246,3,纳指;黄金;国债ETF,纳指;黄金;国债ETF,
2025-05-27,3409070.3278112756,3409070.3278112756,0.0,0.853150136993479,False,normal,-0.02052361034666391,3,纳指;黄金;国债ETF,纳指;黄金;国债ETF,
2025-05-28,3423711.5412042458,3423711.5412042453,4.656612873077393e-10,1.0,False,normal,-0.016316972919064216,3,纳指;黄金;国债ETF,纳指;黄金;国债ETF,
2025-05-29,3426112.2481282842,3426112.2481282842,0.0,1.0,False,normal,-0.015627214268035546,3,纳指;黄金;国债ETF,纳指;黄金;国债ETF,
2025-05-30,3414266.94491667,3414266.94491667,0.0,1.0,False,normal,-0.01903054529626626,3,纳指;黄金;国债ETF,纳指;黄金;国债ETF,
2025-06-03,3435433.257436254,3435433.2574362536,4.656612873077393e-10,1.0,False,normal,-0.012949150260257515,3,纳指;黄金;国债ETF,纳指;黄金;国债ETF,
2025-06-04,3445081.954061968,3445081.954061968,0.0,1.0,False,normal,-0.010176936833413365,4,沪深300;纳指;黄金;国债ETF,沪深300;纳指;黄金;国债ETF,
2025-06-05,3446507.779017024,3446507.7790170247,-4.656612873077393e-10,0.858087030454078,False,normal,-0.009767276208971824,5,沪深300;创业板;纳指;黄金;国债ETF,沪深300;创业板;纳指;黄金;国债ETF,
2025-06-06,3443431.42066557,3443431.42066557,0.0,1.0,False,normal,-0.01065115952072995,5,沪深300;创业板;纳指;黄金;国债ETF,沪深300;创业板;纳指;黄金;国债ETF,
2025-06-09,3445330.9274895405,3445330.9274895405,0.0,1.0,False,normal,-0.01010540308065704,5,沪深300;创业板;纳指;黄金;国债ETF,沪深300;创业板;纳指;黄金;国债ETF,
2025-06-10,3434454.3729617847,3434454.3729617847,0.0,1.0,False,normal,-0.013230398265943721,5,沪深300;创业板;纳指;黄金;国债ETF,沪深300;创业板;纳指;黄金;国债ETF,
2025-06-11,3453587.436648148,3453587.4366481486,-4.656612873077393e-10,1.0,False,normal,-0.007733185729833193,5,沪深300;创业板;纳指;黄金;国债ETF,沪深300;创业板;纳指;黄金;国债ETF,
2025-06-12,3458251.9712173543,3458251.9712173543,0.0,1.0,False,normal,-0.006392995871622624,5,沪深300;创业板;纳指;黄金;国债ETF,沪深300;创业板;纳指;黄金;国债ETF,
2025-06-13,3448034.9159592697,3448034.9159592697,0.0,1.0,False,normal,-0.009328507150294988,5,沪深300;创业板;纳指;黄金;国债ETF,沪深300;创业板;纳指;黄金;国债ETF,
2025-06-16,3459219.290451898,3459219.2904518982,-4.656612873077393e-10,1.0,False,normal,-0.006115070730635234,5,沪深300;创业板;纳指;黄金;国债ETF,沪深300;创业板;纳指;黄金;国债ETF,
2025-06-17,3453536.9824385955,3453536.9824385955,0.0,1.0,False,normal,-0.007747681971407397,4,沪深300;创业板;纳指;国债ETF,沪深300;创业板;纳指;国债ETF,
2025-06-18,3435047.0472830078,3435047.0472830078,0.0,1.0,False,normal,-0.013060114156620433,4,沪深300;创业板;纳指;国债ETF,沪深300;创业板;纳指;国债ETF,
2025-06-19,3411091.358114873,3411091.358114873,0.0,0.8433647650950867,False,normal,-0.019942938411268978,3,创业板;纳指;国债ETF,创业板;纳指;国债ETF,
2025-06-20,3403839.4403118547,3403839.4403118547,0.0,0.8670933060547938,False,normal,-0.022026521788771066,3,创业板;纳指;国债ETF,创业板;纳指;国债ETF,
2025-06-23,3407135.2732162247,3407135.2732162247,0.0,1.0,False,normal,-0.021079580187790475,4,沪深300;创业板;纳指;国债ETF,沪深300;创业板;纳指;国债ETF,
2025-06-24,3455947.2625472094,3455947.2625472094,0.0,0.8594053902235019,False,normal,-0.007055172802682181,4,沪深300;创业板;纳指;国债ETF,沪深300;创业板;纳指;国债ETF,
2025-06-25,3497470.7180332504,3497470.7180332504,0.0,0.8311160917723005,False,normal,0.0,4,沪深300;创业板;纳指;国债ETF,沪深300;创业板;纳指;国债ETF,
2025-06-26,3492179.5745362984,3492179.5745362984,0.0,0.8533544476685716,False,normal,-0.0015128485478578685,4,沪深300;创业板;纳指;国债ETF,沪深300;创业板;纳指;国债ETF,
2025-06-27,3499778.989480002,3499778.989480002,0.0,1.0,False,normal,0.0,4,沪深300;创业板;纳指;国债ETF,沪深300;创业板;纳指;国债ETF,
2025-06-30,3522308.824264135,3522308.824264135,0.0,1.0,False,normal,0.0,4,沪深300;创业板;纳指;国债ETF,沪深300;创业板;纳指;国债ETF,
2025-07-01,3517272.8540088185,3517272.8540088185,0.0,1.0,False,normal,-0.001429735581566671,4,沪深300;创业板;纳指;国债ETF,沪深300;创业板;纳指;国债ETF,
2025-07-02,3510094.371325267,3510094.371325267,0.0,1.0,False,normal,-0.003467740493033,4,沪深300;创业板;纳指;国债ETF,沪深300;创业板;纳指;国债ETF,
2025-07-03,3532315.48206159,3532315.48206159,0.0,1.0,False,normal,0.0,4,沪深300;创业板;纳指;国债ETF,沪深300;创业板;纳指;国债ETF,
2025-07-04,3538391.462583925,3538391.462583925,0.0,1.0,False,normal,0.0,4,沪深300;创业板;纳指;国债ETF,沪深300;创业板;纳指;国债ETF,
2025-07-07,3524232.0556461425,3524232.0556461425,0.0,1.0,False,normal,-0.004001650774796604,4,沪深300;创业板;纳指;国债ETF,沪深300;创业板;纳指;国债ETF,
2025-07-08,3552010.6341972486,3552010.6341972486,0.0,1.0,False,normal,0.0,5,沪深300;创业板;纳指;黄金;国债ETF,沪深300;创业板;纳指;黄金;国债ETF,
2025-07-09,3542118.696536091,3542118.696536091,0.0,1.0,False,normal,-0.0027848840220020977,4,创业板;纳指;黄金;国债ETF,创业板;纳指;黄金;国债ETF,
2025-07-10,3555790.465502071,3555790.465502071,0.0,1.0,False,normal,0.0,5,沪深300;创业板;纳指;黄金;国债ETF,沪深300;创业板;纳指;黄金;国债ETF,
2025-07-11,3561173.782877011,3561173.7828770117,-4.656612873077393e-10,1.0,False,normal,0.0,5,沪深300;创业板;纳指;黄金;国债ETF,沪深300;创业板;纳指;黄金;国债ETF,
2025-07-14,3559847.436519974,3559847.436519974,0.0,1.0,False,normal,-0.0003724464005139847,5,沪深300;创业板;纳指;黄金;国债ETF,沪深300;创业板;纳指;黄金;国债ETF,
2025-07-15,3582582.7721321518,3582582.7721321518,0.0,1.0,False,normal,0.0,5,沪深300;创业板;纳指;黄金;国债ETF,沪深300;创业板;纳指;黄金;国债ETF,
2025-07-16,3571479.503099405,3571479.503099405,0.0,1.0,False,normal,-0.0030992358694726017,4,沪深300;创业板;纳指;国债ETF,沪深300;创业板;纳指;国债ETF,
2025-07-17,3601806.07554608,3601806.07554608,0.0,1.0,False,normal,0.0,4,沪深300;创业板;纳指;国债ETF,沪深300;创业板;纳指;国债ETF,
2025-07-18,3616867.619339649,3616867.619339649,0.0,1.0,False,normal,0.0,4,沪深300;创业板;纳指;国债ETF,沪深300;创业板;纳指;国债ETF,
2025-07-21,3631017.605639442,3631017.6056394423,-4.656612873077393e-10,1.0,False,normal,0.0,5,沪深300;创业板;纳指;黄金;国债ETF,沪深300;创业板;纳指;黄金;国债ETF,
2025-07-22,3645960.9950662544,3645960.9950662544,0.0,1.0,False,normal,0.0,5,沪深300;创业板;纳指;黄金;国债ETF,沪深300;创业板;纳指;黄金;国债ETF,
2025-07-23,3650602.5159093156,3650602.5159093156,0.0,1.0,False,normal,0.0,5,沪深300;创业板;纳指;黄金;国债ETF,沪深300;创业板;纳指;黄金;国债ETF,
2025-07-24,3655200.5167335467,3655200.5167335467,0.0,1.0,False,normal,0.0,5,沪深300;创业板;纳指;黄金;国债ETF,沪深300;创业板;纳指;黄金;国债ETF,
2025-07-25,3649195.3031087797,3649195.30310878,-4.656612873077393e-10,1.0,False,normal,-0.001642923171321271,5,沪深300;创业板;纳指;黄金;国债ETF,沪深300;创业板;纳指;黄金;国债ETF,
2025-07-28,3665166.680044539,3665166.680044539,0.0,1.0,False,normal,0.0,4,沪深300;创业板;纳指;国债ETF,沪深300;创业板;纳指;国债ETF,
2025-07-29,3684100.9367846684,3684100.936784668,4.656612873077393e-10,1.0,False,normal,0.0,3,沪深300;创业板;纳指,沪深300;创业板;纳指,
2025-07-30,3661459.434958816,3661459.434958816,0.0,1.0,False,normal,-0.006145733304911263,3,沪深300;创业板;纳指,沪深300;创业板;纳指,
2025-07-31,3633788.176266954,3633788.1762669533,4.656612873077393e-10,1.0,False,normal,-0.013656726941261672,3,沪深300;创业板;纳指,沪深300;创业板;纳指,
2025-08-01,3604970.0128961257,3604970.012896125,4.656612873077393e-10,1.0,False,normal,-0.02147903253638998,3,沪深300;创业板;纳指,沪深300;创业板;纳指,
2025-08-04,3599172.132753115,3599172.132753115,0.0,1.0,False,normal,-0.023052789673476095,4,沪深300;创业板;纳指;黄金,沪深300;创业板;纳指;黄金,
2025-08-05,3626626.6504057194,3626626.6504057194,0.0,1.0,False,normal,-0.015600627497766155,4,沪深300;创业板;纳指;黄金,沪深300;创业板;纳指;黄金,
2025-08-06,3631984.7246440877,3631984.7246440873,4.656612873077393e-10,1.0,False,normal,-0.014146249800111482,3,沪深300;创业板;纳指,沪深300;创业板;纳指,
2025-08-07,3633553.1156532993,3633553.1156532993,0.0,1.0,False,normal,-0.013720531005723518,4,沪深300;创业板;纳指;国债ETF,沪深300;创业板;纳指;国债ETF,
2025-08-08,3632396.313041251,3632396.313041251,0.0,1.0,False,normal,-0.014034529626254724,4,沪深300;创业板;纳指;国债ETF,沪深300;创业板;纳指;国债ETF,
2025-08-11,3662253.648213096,3662253.648213096,0.0,1.0,False,normal,-0.005930154723350172,3,沪深300;创业板;纳指,沪深300;创业板;纳指,
2025-08-12,3680735.3786483617,3680735.378648361,4.656612873077393e-10,1.0,False,normal,-0.0009135358107869931,3,沪深300;创业板;纳指,沪深300;创业板;纳指,
2025-08-13,3749129.5807351605,3749129.58073516,4.656612873077393e-10,0.8516009738864891,False,normal,0.0,3,沪深300;创业板;纳指,沪深300;创业板;纳指,
2025-08-14,3730528.674616157,3730528.674616157,0.0,0.8470765155643961,False,normal,-0.004961393229666926,3,沪深300;创业板;纳指,沪深300;创业板;纳指,
2025-08-15,3777573.036976676,3777573.0369766755,4.656612873077393e-10,0.8323762405426425,False,normal,0.0,3,沪深300;创业板;纳指,沪深300;创业板;纳指,
2025-08-18,3814816.305613993,3814816.305613993,0.0,1.0,False,normal,0.0,4,沪深300;创业板;纳指;黄金,沪深300;创业板;纳指;黄金,
2025-08-19,3800647.3555825846,3800647.355582584,4.656612873077393e-10,0.84105299909581,False,normal,-0.0037141893334568014,3,沪深300;创业板;纳指,沪深300;创业板;纳指,
2025-08-20,3810271.5521117584,3810271.552111758,4.656612873077393e-10,0.8671659450193477,False,normal,-0.0011913426855040508,3,沪深300;创业板;纳指,沪深300;创业板;纳指,
2025-08-21,3811019.166948888,3811019.166948888,0.0,1.0,False,normal,-0.0009953660572115197,4,沪深300;创业板;纳指;黄金,沪深300;创业板;纳指;黄金,
2025-08-22,3856383.803689953,3856383.803689953,0.0,1.0,False,normal,0.0,4,沪深300;创业板;纳指;黄金,沪深300;创业板;纳指;黄金,
2025-08-25,3921115.979876069,3921115.979876069,0.0,1.0,False,normal,0.0,4,沪深300;创业板;纳指;黄金,沪深300;创业板;纳指;黄金,
2025-08-26,3906726.182567893,3906726.182567893,0.0,1.0,False,normal,-0.0036698219032609766,4,沪深300;创业板;纳指;黄金,沪深300;创业板;纳指;黄金,
2025-08-27,3893560.7654286777,3893560.7654286777,0.0,1.0,False,normal,-0.007027390821595166,4,沪深300;创业板;纳指;黄金,沪深300;创业板;纳指;黄金,
2025-08-28,3947615.8920360217,3947615.8920360217,0.0,1.0,False,normal,0.0,4,沪深300;创业板;纳指;黄金,沪深300;创业板;纳指;黄金,
2025-08-29,3979254.587689757,3979254.587689757,0.0,1.0,False,normal,0.0,4,沪深300;创业板;纳指;黄金,沪深300;创业板;纳指;黄金,
2025-09-01,4014250.2891817833,4014250.2891817833,0.0,1.0,False,normal,0.0,4,沪深300;创业板;纳指;黄金,沪深300;创业板;纳指;黄金,
2025-09-02,3986329.398873859,3986329.398873859,0.0,1.0,False,normal,-0.006955443307351746,4,沪深300;创业板;纳指;黄金,沪深300;创业板;纳指;黄金,
2025-09-03,3997859.1696984526,3997859.1696984526,0.0,1.0,False,normal,-0.00408323305786489,4,沪深300;创业板;纳指;黄金,沪深300;创业板;纳指;黄金,
2025-09-04,3937246.9124400383,3937246.9124400383,0.0,0.8069380977707513,False,normal,-0.01918250512412381,4,沪深300;创业板;纳指;黄金,沪深300;创业板;纳指;黄金,
2025-09-05,4042244.43668391,4042244.43668391,0.0,0.6668987824844365,False,normal,0.0,4,沪深300;创业板;纳指;黄金,沪深300;创业板;纳指;黄金,
2025-09-08,4036496.6976538547,4036496.6976538547,0.0,0.681945734210499,False,normal,-0.001421917729144169,4,沪深300;创业板;纳指;黄金,沪深300;创业板;纳指;黄金,
2025-09-09,4026931.4297438804,4026931.4297438804,0.0,0.6952202319901346,False,normal,-0.003788243679937307,4,沪深300;创业板;纳指;黄金,沪深300;创业板;纳指;黄金,
2025-09-10,4043287.872809347,4043287.872809347,0.0,0.716770336598899,False,normal,0.0,4,沪深300;创业板;纳指;黄金,沪深300;创业板;纳指;黄金,
2025-09-11,4118376.413558076,4118376.413558076,0.0,0.6813604924348204,False,normal,0.0,4,沪深300;创业板;纳指;黄金,沪深300;创业板;纳指;黄金,
2025-09-12,4107194.080364966,4107194.080364966,0.0,0.6919789171502925,False,normal,-0.0027152285440196836,4,沪深300;创业板;纳指;黄金,沪深300;创业板;纳指;黄金,
2025-09-15,4128189.6148497975,4128189.6148497975,0.0,0.7131187214184476,False,normal,0.0,4,沪深300;创业板;纳指;黄金,沪深300;创业板;纳指;黄金,
2025-09-16,4152180.4995227084,4152180.499522709,-4.656612873077393e-10,1.0,False,normal,0.0,5,沪深300;创业板;纳指;黄金;国债ETF,沪深300;创业板;纳指;黄金;国债ETF,
2025-09-17,4164943.0179814533,4164943.0179814533,0.0,1.0,False,normal,0.0,5,沪深300;创业板;纳指;黄金;国债ETF,沪深300;创业板;纳指;黄金;国债ETF,
2025-09-18,4136510.058419099,4136510.058419099,0.0,1.0,False,normal,-0.006826734348969398,5,沪深300;创业板;纳指;黄金;国债ETF,沪深300;创业板;纳指;黄金;国债ETF,
2025-09-19,4143164.997344435,4143164.9973444357,-4.656612873077393e-10,1.0,False,normal,-0.005228888016713586,5,沪深300;创业板;纳指;黄金;国债ETF,沪深300;创业板;纳指;黄金;国债ETF,
2025-09-22,4177135.6961408104,4177135.696140811,-4.656612873077393e-10,1.0,False,normal,0.0,5,沪深300;创业板;纳指;黄金;国债ETF,沪深300;创业板;纳指;黄金;国债ETF,
2025-09-23,4194902.498313645,4194902.498313645,0.0,0.7821935660278938,False,normal,0.0,4,沪深300;创业板;纳指;黄金,沪深300;创业板;纳指;黄金,
2025-09-24,4224236.330414455,4224236.330414455,0.0,0.802891683600966,False,normal,0.0,4,沪深300;创业板;纳指;黄金,沪深300;创业板;纳指;黄金,
2025-09-25,4239304.208276382,4239304.208276382,0.0,0.8280710715373881,False,normal,0.0,4,沪深300;创业板;纳指;黄金,沪深300;创业板;纳指;黄金,
2025-09-26,4204724.056160253,4204724.056160253,0.0,0.7958127305241003,False,normal,-0.0081570348380799,4,沪深300;创业板;纳指;黄金,沪深300;创业板;纳指;黄金,
2025-09-29,4274910.913184613,4274910.913184613,0.0,0.758113978783603,False,normal,0.0,4,沪深300;创业板;纳指;黄金,沪深300;创业板;纳指;黄金,
2025-09-30,4297250.683153605,4297250.683153605,0.0,0.7813804119069212,False,normal,0.0,4,沪深300;创业板;纳指;黄金,沪深300;创业板;纳指;黄金,
2025-10-09,4393017.767299602,4393017.767299602,0.0,0.7077581384857222,False,normal,0.0,4,沪深300;创业板;纳指;黄金,沪深300;创业板;纳指;黄金,
2025-10-10,4312730.06885121,4312730.06885121,0.0,0.6115955850140228,False,normal,-0.018276206175634174,4,沪深300;创业板;纳指;黄金,沪深300;创业板;纳指;黄金,
2025-10-13,4306521.227752661,4306521.227752661,0.0,0.6259155650809355,False,normal,-0.019689549218488617,4,沪深300;创业板;纳指;黄金,沪深300;创业板;纳指;黄金,
2025-10-14,4256467.5401289705,4256467.5401289705,0.0,0.6054186885239087,False,normal,-0.031083467994842424,4,沪深300;创业板;纳指;黄金,沪深300;创业板;纳指;黄金,
2025-10-15,4329300.175188597,4329300.175188597,0.0,0.5909006728188396,False,normal,-0.014504287368309887,4,沪深300;创业板;纳指;黄金,沪深300;创业板;纳指;黄金,
2025-10-16,4351139.4716385715,4351139.4716385715,0.0,0.608987320383502,False,normal,-0.009532921986512479,4,沪深300;创业板;纳指;黄金,沪深300;创业板;纳指;黄金,
2025-10-17,4312838.994400369,4312838.994400369,0.0,0.6019590322270791,False,normal,-0.018251411022295702,4,沪深300;创业板;纳指;黄金,沪深300;创业板;纳指;黄金,
2025-10-20,4334504.162293276,4334504.162293276,0.0,0.6201254978044938,False,normal,-0.013319683212274927,4,沪深300;创业板;纳指;黄金,沪深300;创业板;纳指;黄金,
2025-10-21,4418160.031087073,4418160.031087073,0.0,0.5952661238842654,False,normal,0.0,4,沪深300;创业板;纳指;黄金,沪深300;创业板;纳指;黄金,
2025-10-22,4366967.217443767,4366967.217443767,0.0,0.5776076705408945,False,normal,-0.011586907962387627,4,沪深300;创业板;纳指;黄金,沪深300;创业板;纳指;黄金,
2025-10-23,4357958.011687288,4357958.011687288,0.0,0.592177627182593,False,normal,-0.013626038662291735,4,沪深300;创业板;纳指;黄金,沪深300;创业板;纳指;黄金,
2025-10-24,4415887.482842114,4415887.482842114,0.0,0.5934417233416773,False,normal,-0.0005143653079491534,4,沪深300;创业板;纳指;黄金,沪深300;创业板;纳指;黄金,
2025-10-27,4477500.335742711,4477500.335742711,0.0,0.5944782928424549,False,normal,0.0,4,沪深300;创业板;纳指;黄金,沪深300;创业板;纳指;黄金,
2025-10-28,4433592.448639054,4433592.448639054,0.0,0.5842699833001743,False,normal,-0.009806339209659481,4,沪深300;创业板;纳指;黄金,沪深300;创业板;纳指;黄金,
2025-10-29,4514587.707669798,4514587.707669798,0.0,0.5699970901963418,False,normal,0.0,4,沪深300;创业板;纳指;黄金,沪深300;创业板;纳指;黄金,
2025-10-30,4477764.857883134,4477764.857883134,0.0,0.5678619771889646,False,normal,-0.00815641475391126,4,沪深300;创业板;纳指;黄金,沪深300;创业板;纳指;黄金,
2025-10-31,4446867.328383269,4446867.328383269,0.0,0.5715122845207965,False,normal,-0.015000346359752822,4,沪深300;创业板;纳指;黄金,沪深300;创业板;纳指;黄金,
2025-11-03,4449028.818564671,4449028.818564671,0.0,0.588853168706927,False,normal,-0.014521567272632605,4,沪深300;创业板;纳指;黄金,沪深300;创业板;纳指;黄金,
2025-11-04,4390825.93156752,4390825.93156752,0.0,0.5719306448813614,False,normal,-0.02741374940883759,4,沪深300;创业板;纳指;黄金,沪深300;创业板;纳指;黄金,
2025-11-05,4383062.678727042,4383062.678727042,0.0,0.5883277460383054,False,normal,-0.029133342280472145,4,沪深300;创业板;纳指;黄金,沪深300;创业板;纳指;黄金,
2025-11-06,4447210.052599145,4447210.052599145,0.0,0.5808002445132846,False,normal,-0.014924431517010027,4,沪深300;创业板;纳指;黄金,沪深300;创业板;纳指;黄金,
2025-11-07,4429903.381872147,4429903.381872147,0.0,0.5936281986671839,False,normal,-0.018757931240051314,4,沪深300;创业板;纳指;黄金,沪深300;创业板;纳指;黄金,
2025-11-10,4456838.933496019,4456838.933496019,0.0,0.6092954495964468,False,normal,-0.012791594252487434,4,沪深300;创业板;纳指;黄金,沪深300;创业板;纳指;黄金,
2025-11-11,4451042.6883175345,4451042.6883175345,0.0,0.62648096372788,False,normal,-0.014075486725910236,4,沪深300;创业板;纳指;黄金,沪深300;创业板;纳指;黄金,
2025-11-12,4454190.825522244,4454190.825522244,0.0,0.6459427013751194,False,normal,-0.013378161209482433,4,沪深300;创业板;纳指;黄金,沪深300;创业板;纳指;黄金,
2025-11-13,4510257.748310395,4510257.748310395,0.0,0.6431600861206698,False,normal,-0.0009591040510847901,4,沪深300;创业板;纳指;黄金,沪深300;创业板;纳指;黄金,
2025-11-14,4422686.49573846,4422686.49573846,0.0,0.5812152660122928,False,normal,-0.02035650160815533,4,沪深300;创业板;纳指;黄金,沪深300;创业板;纳指;黄金,
2025-11-17,4378177.001854863,4378177.001854863,0.0,0.581195513913006,False,normal,-0.030215540077599592,4,沪深300;创业板;纳指;黄金,沪深300;创业板;纳指;黄金,
2025-11-18,4309982.7626983235,4309982.762698323,9.313225746154785e-10,0.6222860255007678,False,normal,-0.04532084837423206,3,沪深300;纳指;黄金,沪深300;纳指;黄金,
2025-11-19,4337017.109006017,4337017.109006017,0.0,0.6333804354057326,False,normal,-0.03933262795229507,3,沪深300;纳指;黄金,沪深300;纳指;黄金,
2025-11-20,4378224.997539144,4378224.997539144,0.0,0.6363845135265079,False,normal,-0.03020490883342209,3,沪深300;纳指;黄金,沪深300;纳指;黄金,
2025-11-21,4285822.749277423,4285822.749277423,0.0,0.4924455400327922,False,normal,-0.05067239207773683,2,纳指;黄金,纳指;黄金,
2025-11-24,4302138.890615401,4302138.890615401,0.0,0.5062864231474546,False,normal,-0.04705829874419535,2,纳指;黄金,纳指;黄金,
2025-11-25,4386815.716550726,4386815.716550726,0.0,0.7310961347248123,False,normal,-0.028302028754918416,3,纳指;黄金;国债ETF,纳指;黄金;国债ETF,
2025-11-26,4408522.564291457,4408522.564291457,0.0,0.7487257639030109,False,normal,-0.02349387147759879,3,纳指;黄金;国债ETF,纳指;黄金;国债ETF,
2025-11-27,4406750.624191922,4406750.624191921,9.313225746154785e-10,0.7716542499734362,False,normal,-0.023886363597427192,3,纳指;黄金;国债ETF,纳指;黄金;国债ETF,
2025-11-28,4430353.897033674,4430353.897033674,0.0,0.7888481592208352,False,normal,-0.018658140253432313,3,纳指;黄金;国债ETF,纳指;黄金;国债ETF,
2025-12-01,4440837.653984664,4440837.653984664,0.0,0.8130751288674887,False,normal,-0.016335944378672914,3,纳指;黄金;国债ETF,纳指;黄金;国债ETF,
2025-12-02,4435609.866201318,4435609.866201318,0.0,0.8362352763331181,False,normal,-0.017493921168993034,3,纳指;黄金;国债ETF,纳指;黄金;国债ETF,
2025-12-03,4452193.216685186,4452193.216685186,0.0,0.859338252752133,False,normal,-0.013820639895556935,3,纳指;黄金;国债ETF,纳指;黄金;国债ETF,
2025-12-04,4445483.4389675185,4445483.4389675185,0.0,1.0,False,normal,-0.01530688363521636,3,纳指;黄金;国债ETF,纳指;黄金;国债ETF,
2025-12-05,4456505.987638037,4456505.987638038,-9.313225746154785e-10,0.7805108614497144,False,normal,-0.012865343148187592,5,沪深300;创业板;纳指;黄金;国债ETF,沪深300;创业板;纳指;黄金;国债ETF,
2025-12-08,4478990.4892179,4478990.4892179,0.0,0.7989921152930803,False,normal,-0.007884932303214024,5,沪深300;创业板;纳指;黄金;国债ETF,沪深300;创业板;纳指;黄金;国债ETF,
2025-12-09,4462433.517662122,4462433.517662122,0.0,0.7504456766751424,False,normal,-0.011552370534095953,4,沪深300;创业板;纳指;国债ETF,沪深300;创业板;纳指;国债ETF,
2025-12-10,4471836.369515877,4471836.369515877,0.0,0.7487099480386387,False,normal,-0.009469599645011028,3,创业板;纳指;国债ETF,创业板;纳指;国债ETF,
2025-12-11,4431415.7563522,4431415.7563522,0.0,0.7666960841086442,False,normal,-0.018422933987149684,4,沪深300;创业板;纳指;国债ETF,沪深300;创业板;纳指;国债ETF,
2025-12-12,4448872.092201283,4448872.092201283,0.0,0.7863386920070786,False,normal,-0.014556282815565046,4,沪深300;创业板;纳指;国债ETF,沪深300;创业板;纳指;国债ETF,
2025-12-15,4412084.918528087,4412084.918528087,0.0,0.7530856650254742,False,normal,-0.022704795161597957,3,创业板;纳指;国债ETF,创业板;纳指;国债ETF,
2025-12-16,4361106.4403269235,4361106.4403269235,0.0,0.8682079434713132,False,normal,-0.033996740628635176,3,创业板;黄金;国债ETF,创业板;黄金;国债ETF,
2025-12-17,4422488.196245696,4422488.196245696,0.0,0.7769475183664947,False,normal,-0.02040042577257603,4,创业板;纳指;黄金;国债ETF,创业板;纳指;黄金;国债ETF,
2025-12-18,4386712.644438233,4386712.644438233,0.0,1.0,False,normal,-0.02832485965757606,2,黄金;国债ETF,黄金;国债ETF,
2025-12-19,4386689.169590302,4386689.169590302,0.0,1.0,False,normal,-0.02833005943426697,2,黄金;国债ETF,黄金;国债ETF,
2025-12-22,4432199.2988246055,4432199.2988246055,0.0,1.0,False,normal,-0.018249376062674277,2,黄金;国债ETF,黄金;国债ETF,
2025-12-23,4465756.269879439,4465756.269879439,0.0,1.0,False,normal,-0.010816367064350088,2,黄金;国债ETF,黄金;国债ETF,
2025-12-24,4465532.4193957,4465532.4193957,0.0,1.0,False,normal,-0.010865950879802055,2,黄金;国债ETF,黄金;国债ETF,
2025-12-25,4447188.534164391,4447188.534164391,0.0,0.8586126660480571,False,normal,-0.014929197940025151,4,沪深300;创业板;黄金;国债ETF,沪深300;创业板;黄金;国债ETF,
2025-12-26,4458094.342714929,4458094.342714929,0.0,0.6625210596199721,False,normal,-0.012513515876298764,3,沪深300;创业板;黄金,沪深300;创业板;黄金,
2025-12-29,4428500.345083427,4428500.345083427,0.0,0.666500823442985,False,normal,-0.019068709738459273,3,沪深300;创业板;黄金,沪深300;创业板;黄金,
2025-12-30,4411781.099287375,4411781.099287375,0.0,0.7028859769336174,False,normal,-0.022772092390134776,4,沪深300;创业板;纳指;黄金,沪深300;创业板;纳指;黄金,
2025-12-31,4379405.77007482,4379405.77007482,0.0,0.5494448945197798,False,normal,-0.02994336279375381,1,黄金,黄金,
2026-01-05,4470751.29414691,4470751.29414691,0.0,0.6374850710907181,False,normal,-0.009709948363261308,4,沪深300;创业板;纳指;黄金,沪深300;创业板;纳指;黄金,
2026-01-06,4502307.863393832,4502307.863393832,0.0,0.6129874172596106,False,normal,-0.002720036705700535,3,沪深300;创业板;黄金,沪深300;创业板;黄金,
2026-01-07,4491205.423041344,4491205.423041344,0.0,0.6277933309140958,False,normal,-0.005179273533379496,3,沪深300;创业板;黄金,沪深300;创业板;黄金,
2026-01-08,4467645.257472673,4467645.257472673,0.0,0.6369439327302324,False,normal,-0.010397948436658942,3,沪深300;创业板;黄金,沪深300;创业板;黄金,
2026-01-09,4499297.910711404,4499297.910711404,0.0,0.651417360487083,False,normal,-0.0033867537743078133,3,沪深300;创业板;黄金,沪深300;创业板;黄金,
2026-01-12,4562615.775067495,4562615.775067495,0.0,0.6434783531395419,False,normal,0.0,3,沪深300;创业板;黄金,沪深300;创业板;黄金,
2026-01-13,4530516.516951054,4530516.516951054,0.0,0.7134812149183498,False,normal,-0.007035275311116023,4,沪深300;创业板;纳指;黄金,沪深300;创业板;纳指;黄金,
2026-01-14,4543854.9838281525,4543854.9838281525,0.0,0.735468115472873,False,normal,-0.004111849904579161,4,沪深300;创业板;纳指;黄金,沪深300;创业板;纳指;黄金,
2026-01-15,4541717.16412366,4541717.16412366,0.0,0.7570401343093324,False,normal,-0.004580401237824168,4,沪深300;创业板;纳指;黄金,沪深300;创业板;纳指;黄金,
2026-01-16,4536599.3415944185,4536599.3415944185,0.0,0.7000286987397164,False,normal,-0.005702087301596596,3,沪深300;创业板;黄金,沪深300;创业板;黄金,
2026-01-19,4509146.43883675,4509146.43883675,0.0,0.7783037210540578,False,normal,-0.01171900919707721,4,沪深300;创业板;纳指;黄金,沪深300;创业板;纳指;黄金,
2026-01-20,4489120.192155946,4489120.192155946,0.0,0.7921056985648792,False,normal,-0.01610821216048198,4,沪深300;创业板;纳指;黄金,沪深300;创业板;纳指;黄金,
2026-01-21,4528976.312067443,4528976.312067443,0.0,0.7100782557110935,False,normal,-0.007372845897714229,3,沪深300;创业板;黄金,沪深300;创业板;黄金,
2026-01-22,4538425.619685817,4538425.619685817,0.0,0.7323747863394641,False,normal,-0.0053018173289686565,3,沪深300;创业板;黄金,沪深300;创业板;黄金,
2026-01-23,4581481.225855743,4581481.225855743,0.0,0.7386802847965874,False,normal,0.0,3,沪深300;创业板;黄金,沪深300;创业板;黄金,
2026-01-26,4613593.008400105,4613593.008400105,0.0,0.7554460553833363,False,normal,0.0,3,沪深300;创业板;黄金,沪深300;创业板;黄金,
2026-01-27,4624584.9680512035,4624584.968051203,9.313225746154785e-10,0.7791700041147959,False,normal,0.0,3,沪深300;创业板;黄金,沪深300;创业板;黄金,
2026-01-28,4669008.274346336,4669008.274346336,0.0,0.7867709722041084,False,normal,0.0,3,沪深300;创业板;黄金,沪深300;创业板;黄金,
2026-01-29,4762207.6635450795,4762207.6635450795,0.0,0.7246160161870123,False,normal,0.0,3,沪深300;创业板;黄金,沪深300;创业板;黄金,
2026-01-30,4644616.785084572,4644616.785084572,0.0,0.7636630933518043,False,normal,-0.02469251380209046,4,沪深300;创业板;黄金;国债ETF,沪深300;创业板;黄金;国债ETF,
2026-02-02,4472258.361938446,4472258.361938446,0.0,0.299931950087783,False,normal,-0.06088548045189399,2,创业板;黄金,创业板;黄金,
2026-02-03,4630207.253767714,4630207.253767714,0.0,0.42882443415331506,False,normal,-0.02771832290889683,3,创业板;黄金;国债ETF,创业板;黄金;国债ETF,
2026-02-04,4688489.065921836,4688489.065921836,0.0,0.29016920686488545,False,normal,-0.015479920833264625,2,创业板;黄金,创业板;黄金,
2026-02-05,4572330.514359273,4572330.514359273,0.0,0.2856639433434981,False,normal,-0.03987166511853838,2,创业板;黄金,创业板;黄金,
2026-02-06,4529911.946529416,4529911.946529416,0.0,0.2927435306178714,False,normal,-0.04877899777321717,2,创业板;黄金,创业板;黄金,
2026-02-09,4673609.811852484,4673609.811852484,0.0,0.47430720468457427,False,normal,-0.01860436544395495,4,沪深300;创业板;黄金;国债ETF,沪深300;创业板;黄金;国债ETF,
2026-02-10,4666099.580660124,4666099.580660124,0.0,0.48860255329856717,False,normal,-0.02018141367934604,4,沪深300;创业板;黄金;国债ETF,沪深300;创业板;黄金;国债ETF,
2026-02-11,4660508.629714543,4660508.629714543,0.0,0.5035326495137666,False,normal,-0.02135543869895623,4,沪深300;创业板;黄金;国债ETF,沪深300;创业板;黄金;国债ETF,
2026-02-12,4674235.198461728,4674235.198461728,0.0,0.5189090359711297,False,normal,-0.0184730426093731,4,沪深300;创业板;黄金;国债ETF,沪深300;创业板;黄金;国债ETF,
2026-02-13,4626021.1982213585,4626021.1982213585,0.0,0.5217783723786702,False,normal,-0.028597338660015768,4,沪深300;创业板;黄金;国债ETF,沪深300;创业板;黄金;国债ETF,
2026-02-24,4688931.461730602,4688931.461730602,0.0,0.519924375580535,False,normal,-0.015387023622554315,4,沪深300;创业板;黄金;国债ETF,沪深300;创业板;黄金;国债ETF,
2026-02-25,4714813.105845185,4714813.105845185,0.0,0.534109180508041,False,normal,-0.009952224062529248,4,沪深300;创业板;黄金;国债ETF,沪深300;创业板;黄金;国债ETF,
2026-02-26,4702192.866587682,4702192.866587682,0.0,0.3325141444115408,False,normal,-0.012602305736646868,2,创业板;黄金,创业板;黄金,
2026-02-27,4681834.886935958,4681834.886935958,0.0,0.34178215118293587,False,normal,-0.016877209539680336,2,创业板;黄金,创业板;黄金,
2026-03-02,4771992.538454335,4771992.538454335,0.0,0.3437717367275124,False,normal,0.0,2,创业板;黄金,创业板;黄金,
2026-03-03,4682994.123440434,4682994.123440434,0.0,0.41901670928267387,False,normal,-0.01865015804126296,2,黄金;国债ETF,黄金;国债ETF,
2026-03-04,4626983.524189944,4626983.524189944,0.0,0.420906416913713,False,normal,-0.030387519070044423,2,黄金;国债ETF,黄金;国债ETF,
2026-03-05,4622643.771250001,4622643.771250001,0.0,0.4338337243836339,False,normal,-0.03129694063870196,2,黄金;国债ETF,黄金;国债ETF,
2026-03-06,4604050.721896923,4604050.721896923,0.0,0.5358168241654698,False,normal,-0.035193226980989575,3,创业板;黄金;国债ETF,创业板;黄金;国债ETF,
2026-03-09,4590083.41890215,4590083.41890215,0.0,0.459537957979297,False,normal,-0.03812016009796734,2,黄金;国债ETF,黄金;国债ETF,
2026-03-10,4608797.2110517975,4608797.2110517975,0.0,0.47316226284669033,False,normal,-0.034198571369811324,2,黄金;国债ETF,黄金;国债ETF,
2026-03-11,4612419.460415358,4612419.460415358,0.0,0.5653783852283296,False,normal,-0.033439507030466505,3,创业板;黄金;国债ETF,创业板;黄金;国债ETF,
2026-03-12,4594972.198235562,4594972.198235562,0.0,0.5798140523001498,False,normal,-0.03709568671624759,3,创业板;黄金;国债ETF,创业板;黄金;国债ETF,
2026-03-13,4572583.011761955,4572583.011761955,0.0,0.5138388654690402,False,normal,-0.041787476632763054,2,黄金;国债ETF,黄金;国债ETF,
2026-03-16,4541848.032928186,4541848.032928186,0.0,0.5246553042747402,False,normal,-0.04822817799306414,2,黄金;国债ETF,黄金;国债ETF,
2026-03-17,4536130.604501046,4536130.604501046,0.0,0.5409730882023475,False,normal,-0.04942629982185291,2,黄金;国债ETF,黄金;国债ETF,
2026-03-18,4531745.51371317,4531745.51371317,0.0,0.6301230225071879,False,normal,-0.05034522221172252,3,创业板;黄金;国债ETF,创业板;黄金;国债ETF,
2026-03-19,4448356.836885226,4448356.836885226,0.0,0.5161185608066168,False,normal,-0.06781982556786141,2,黄金;国债ETF,黄金;国债ETF,
2026-03-20,4397190.0461931145,4397190.0461931145,0.0,0.5217152711470903,False,normal,-0.0785421371137811,2,黄金;国债ETF,黄金;国债ETF,
2026-03-23,4184190.343610678,2092095.171805339,2092095.171805339,0.5,False,halve,-0.12317751758975895,1,国债ETF,国债ETF,
2026-03-24,4183821.472212691,2091910.7361063454,2091910.7361063454,0.5,False,halve,-0.12325481683006884,1,国债ETF,国债ETF,
2026-03-25,4176155.686482936,2088077.843241468,2088077.843241468,0.3835497314644028,False,halve,-0.12486122875715826,1,创业板,创业板,
2026-03-26,4148539.3007771587,0.0,4148539.3007771587,0.5,False,halve,-0.13064840999921495,0,,,
2026-03-27,4148539.3007771587,2074269.6503885793,2074269.6503885793,0.5,False,halve,-0.13064840999921495,1,国债ETF,国债ETF,
2026-03-30,4150004.259663538,2075002.129831769,2075002.129831769,0.5,False,halve,-0.130341418973019,1,国债ETF,国债ETF,
2026-03-31,4150759.8417143873,2075379.9208571936,2075379.9208571936,0.5,False,halve,-0.13018308216826494,1,国债ETF,国债ETF,
2026-04-01,4149166.8093559723,2074583.4046779862,2074583.4046779862,0.5,False,halve,-0.13051691176786673,1,国债ETF,国债ETF,
2026-04-02,4149700.9041800927,0.0,4149700.9041800927,0.5,False,halve,-0.13040498895578845,0,,,
2026-04-03,4149700.9041800927,2074850.4520900464,2074850.4520900464,0.5,False,halve,-0.13040498895578845,1,国债ETF,国债ETF,
2026-04-07,4149614.4824387697,2074807.2412193848,2074807.2412193848,0.5,False,halve,-0.1304230991562187,1,国债ETF,国债ETF,
2026-04-08,4148715.5929029435,2074357.7964514717,2074357.7964514717,0.2986940617365342,False,halve,-0.13061146691425324,1,创业板,创业板,
2026-04-09,4133376.802975948,2066688.401487974,2066688.401487974,0.3063221468466344,False,halve,-0.13382580344210618,1,创业板,创业板,
2026-04-10,4206372.917122212,4206372.917122212,0.0,0.2935026950935051,False,warning,-0.11852902467348138,1,创业板,创业板,
2026-04-13,4244312.271335418,4244312.271335418,0.0,0.38348786196126455,False,warning,-0.11057860272552612,2,沪深300;创业板,沪深300;创业板,
2026-04-14,4321861.014298106,4321861.014298106,0.0,0.3034308234420357,False,warning,-0.09432779295627916,1,创业板,创业板,
2026-04-15,4274381.414422718,4274381.414422718,0.0,0.344582734513866,False,warning,-0.10427743128718203,2,创业板;纳指,创业板;纳指,
2026-04-16,4392468.10910289,4392468.10910289,0.0,0.38743345732829504,False,normal,-0.07953164769079345,3,沪深300;创业板;纳指,沪深300;创业板;纳指,
2026-04-17,4397376.652308569,4397376.652308569,0.0,0.3992745582685656,False,normal,-0.07850303266968336,3,沪深300;创业板;纳指,沪深300;创业板;纳指,
2026-04-20,4404667.893005604,4404667.893005604,0.0,0.4116270223373344,False,normal,-0.07697510892749823,3,沪深300;创业板;纳指,沪深300;创业板;纳指,
2026-04-21,4413209.543800663,4413209.543800663,0.0,0.4244265932153195,False,normal,-0.07518515415991892,3,沪深300;创业板;纳指,沪深300;创业板;纳指,
2026-04-22,4457872.256861297,4457872.256861297,0.0,0.5818863431133332,False,normal,-0.06582581155811748,4,沪深300;创业板;纳指;国债ETF,沪深300;创业板;纳指;国债ETF,
2026-04-23,4451949.188798033,4451949.188798033,0.0,0.5974445753220549,False,normal,-0.06706702642078431,4,沪深300;创业板;纳指;国债ETF,沪深300;创业板;纳指;国债ETF,
2026-04-24,4433081.390284716,4433081.390284716,0.0,0.6084509327833502,False,normal,-0.07102088811718753,4,沪深300;创业板;纳指;国债ETF,沪深300;创业板;纳指;国债ETF,
2026-04-27,4446971.675457327,4446971.675457327,0.0,0.469060775210684,False,normal,-0.06811009455230285,3,沪深300;创业板;纳指,沪深300;创业板;纳指,
2026-04-28,4436675.394822563,4436675.394822563,0.0,0.644346145330099,False,normal,-0.07026774265250266,4,沪深300;创业板;纳指;国债ETF,沪深300;创业板;纳指;国债ETF,
2026-04-29,4476921.326192213,4476921.326192213,0.0,0.48958032005137997,False,normal,-0.061833963461664705,3,沪深300;创业板;纳指,沪深300;创业板;纳指,
2026-04-30,4473548.23347902,4473548.23347902,0.0,0.6733003515793307,False,normal,-0.06254081551267097,4,沪深300;创业板;纳指;国债ETF,沪深300;创业板;纳指;国债ETF,
2026-05-06,4546416.703120992,4546416.703120992,0.0,0.487944787415988,False,normal,-0.04727078542465793,3,沪深300;创业板;纳指,沪深300;创业板;纳指,
2026-05-07,4610648.872972446,4610648.872972446,0.0,0.6618725770790409,False,normal,-0.03381054437569372,4,沪深300;创业板;纳指;国债ETF,沪深300;创业板;纳指;国债ETF,
2026-05-08,4599683.946189149,4599683.946189149,0.0,0.6748150827149553,False,normal,-0.03610831133466048,4,沪深300;创业板;纳指;国债ETF,沪深300;创业板;纳指;国债ETF,
2026-05-11,4685147.676747208,4685147.676747208,0.0,0.6468685308240831,False,normal,-0.018198867874855494,4,沪深300;创业板;纳指;国债ETF,沪深300;创业板;纳指;国债ETF,
2026-05-12,4667792.80199991,4667792.80199991,0.0,0.654637392080446,False,normal,-0.02183568721341212,4,沪深300;创业板;纳指;国债ETF,沪深300;创业板;纳指;国债ETF,
2026-05-13,4719504.393673699,4719504.393673699,0.0,0.663726998439839,False,normal,-0.010999209315117019,4,沪深300;创业板;纳指;国债ETF,沪深300;创业板;纳指;国债ETF,
2026-05-14,4683138.151153242,4683138.151153242,0.0,0.654571654500527,False,normal,-0.018619976159869104,4,沪深300;创业板;纳指;国债ETF,沪深300;创业板;纳指;国债ETF,
2026-05-15,4668612.432124515,4668612.432124515,0.0,0.6661364828932108,False,normal,-0.02166392874606323,4,沪深300;创业板;纳指;国债ETF,沪深300;创业板;纳指;国债ETF,
2026-05-18,4630107.21126921,4630107.21126921,0.0,0.659536662709278,False,normal,-0.029732931483392937,4,沪深300;创业板;纳指;国债ETF,沪深300;创业板;纳指;国债ETF,
2026-05-19,4624215.026768267,4624215.026768267,0.0,0.677415398303523,False,normal,-0.030967674508127725,4,沪深300;创业板;纳指;国债ETF,沪深300;创业板;纳指;国债ETF,
2026-05-20,4634103.532362793,4634103.532362793,0.0,0.6986998682475819,False,normal,-0.02889547814259686,4,沪深300;创业板;纳指;国债ETF,沪深300;创业板;纳指;国债ETF,
2026-05-21,4618399.218103158,4618399.218103158,0.0,0.7135694826090819,False,normal,-0.03218641251290102,5,沪深300;创业板;纳指;黄金;国债ETF,沪深300;创业板;纳指;黄金;国债ETF,
2026-05-22,4672836.656170836,4672836.656170836,0.0,0.705373643890329,False,normal,-0.020778716958265907,5,沪深300;创业板;纳指;黄金;国债ETF,沪深300;创业板;纳指;黄金;国债ETF,
2026-05-25,4749964.297294753,4749964.297294753,0.0,0.653935583723374,False,normal,-0.004616151635207195,4,沪深300;创业板;纳指;国债ETF,沪深300;创业板;纳指;国债ETF,
2026-05-26,4740534.4558374435,4740534.4558374435,0.0,0.6892722186222304,False,normal,-0.006592232146926427,5,沪深300;创业板;纳指;黄金;国债ETF,沪深300;创业板;纳指;黄金;国债ETF,
2026-05-27,4739181.655739226,4739181.655739226,0.0,0.6887771586446886,False,normal,-0.00687571961831616,4,沪深300;创业板;纳指;国债ETF,沪深300;创业板;纳指;国债ETF,
2026-05-28,4759302.134867821,4759302.134867821,0.0,0.7101234708347038,False,normal,-0.0026593510958474297,4,沪深300;创业板;纳指;国债ETF,沪深300;创业板;纳指;国债ETF,
