date,nav,exposure,repo_amount,final_multiplier,circuit_breaker_triggered,drawdown_level,drawdown,n_positions,position_names,defense_active,offense_top
2014-01-27,1000000.0,0.0,1000000.0,0.0,True,normal,0.0,0,,创业板;纳指;黄金;国债ETF,
2014-01-28,1000000.0,0.0,1000000.0,0.0,True,normal,0.0,0,,创业板;纳指;黄金;国债ETF,
2014-01-29,1000000.0,0.0,1000000.0,0.0,True,normal,0.0,0,,创业板;纳指;黄金;国债ETF,
2014-01-30,1000000.0,0.0,1000000.0,0.0,True,normal,0.0,0,,创业板;纳指;黄金;国债ETF,
2014-02-07,1000000.0,0.0,1000000.0,0.0,True,normal,0.0,0,,创业板;纳指;黄金;国债ETF,
2014-02-10,1000000.0,0.0,1000000.0,0.0,True,normal,0.0,0,,创业板;纳指;黄金;国债ETF,
2014-02-11,1000000.0,0.0,1000000.0,0.0,True,normal,0.0,0,,创业板;纳指;黄金;国债ETF,
2014-02-12,1000000.0,0.0,1000000.0,0.0,True,normal,0.0,0,,创业板;纳指;黄金;国债ETF,
2014-02-13,1000000.0,0.0,1000000.0,0.0,True,normal,0.0,0,,创业板;纳指;黄金;国债ETF,
2014-02-14,1000000.0,0.0,1000000.0,0.0,True,normal,0.0,0,,创业板;纳指;黄金;国债ETF,
2014-02-17,1000000.0,0.0,1000000.0,0.0,True,normal,0.0,0,,创业板;纳指;黄金;国债ETF,
2014-02-18,1000000.0,0.0,1000000.0,0.0,True,normal,0.0,0,,创业板;纳指;黄金;国债ETF,
2014-02-19,1000000.0,0.0,1000000.0,0.0,True,normal,0.0,0,,创业板;纳指;黄金;国债ETF,
2014-02-20,1000000.0,0.0,1000000.0,0.0,True,normal,0.0,0,,创业板;纳指;黄金;国债ETF,
2014-02-21,1000000.0,0.0,1000000.0,0.0,True,normal,0.0,0,,创业板;纳指;黄金;国债ETF,
2014-02-24,1000000.0,0.0,1000000.0,0.0,True,normal,0.0,0,,创业板;纳指;黄金;国债ETF,
2014-02-25,1000000.0,0.0,1000000.0,0.0,True,normal,0.0,0,,创业板;纳指;黄金;国债ETF,
2014-02-26,1000000.0,0.0,1000000.0,0.0,True,normal,0.0,0,,创业板;纳指;黄金;国债ETF,
2014-02-27,1000000.0,0.0,1000000.0,0.0,True,normal,0.0,0,,创业板;纳指;黄金;国债ETF,
2014-02-28,1000000.0,0.0,1000000.0,0.0,True,normal,0.0,0,,创业板;纳指;黄金;国债ETF,
2014-03-03,1000000.0,0.0,1000000.0,0.0,True,normal,0.0,0,,创业板;纳指;黄金;国债ETF,
2014-03-04,1000000.0,0.0,1000000.0,0.0,True,normal,0.0,0,,创业板;纳指;黄金;国债ETF,
2014-03-05,1000000.0,0.0,1000000.0,0.0,True,normal,0.0,0,,创业板;纳指;黄金;国债ETF,
2014-03-06,1000000.0,0.0,1000000.0,0.0,True,normal,0.0,0,,创业板;纳指;黄金;国债ETF,
2014-03-07,1000000.0,0.0,1000000.0,0.0,True,normal,0.0,0,,创业板;纳指;黄金;国债ETF,
2014-03-10,1000000.0,0.0,1000000.0,0.0,True,normal,0.0,0,,创业板;纳指;黄金;国债ETF,
2014-03-11,1000000.0,0.0,1000000.0,0.0,True,normal,0.0,0,,纳指;黄金;国债ETF,
2014-03-12,1000000.0,0.0,1000000.0,0.0,True,normal,0.0,0,,创业板;纳指;黄金;国债ETF,
2014-03-13,1000000.0,0.0,1000000.0,0.0,True,normal,0.0,0,,创业板;纳指;黄金;国债ETF,
2014-03-14,1000000.0,0.0,1000000.0,0.0,True,normal,0.0,0,,创业板;纳指;黄金;国债ETF,
2014-03-17,1000000.0,0.0,1000000.0,0.0,True,normal,0.0,0,,创业板;纳指;黄金;国债ETF,
2014-03-18,1000000.0,0.0,1000000.0,0.0,True,normal,0.0,0,,创业板;纳指;黄金;国债ETF,
2014-03-19,1000000.0,0.0,1000000.0,0.0,True,normal,0.0,0,,创业板;纳指;黄金;国债ETF,
2014-03-20,1000000.0,0.0,1000000.0,0.0,True,normal,0.0,0,,创业板;纳指;黄金;国债ETF,
2014-03-21,1000000.0,0.0,1000000.0,0.0,True,normal,0.0,0,,创业板;纳指;黄金;国债ETF,
2014-03-24,1000000.0,0.0,1000000.0,0.0,True,normal,0.0,0,,纳指;黄金;国债ETF,
2014-03-25,1000000.0,0.0,1000000.0,0.0,True,normal,0.0,0,,纳指;黄金;国债ETF,
2014-03-26,1000000.0,0.0,1000000.0,0.0,True,normal,0.0,0,,纳指;黄金;国债ETF,
2014-03-27,1000000.0,0.0,1000000.0,0.0,True,normal,0.0,0,,黄金;国债ETF,
2014-03-28,1000000.0,0.0,1000000.0,0.0,True,normal,0.0,0,,纳指;黄金;国债ETF,
2014-03-31,1000000.0,0.0,1000000.0,0.0,True,normal,0.0,0,,纳指;黄金;国债ETF,
2014-04-01,1000000.0,0.0,1000000.0,0.0,True,normal,0.0,0,,纳指;黄金;国债ETF,
2014-04-02,1000000.0,0.0,1000000.0,0.0,True,normal,0.0,0,,纳指;黄金;国债ETF,
2014-04-03,1000000.0,0.0,1000000.0,0.0,True,normal,0.0,0,,纳指;黄金;国债ETF,
2014-04-04,1000000.0,0.0,1000000.0,0.0,True,normal,0.0,0,,纳指;黄金;国债ETF,
2014-04-08,1000000.0,0.0,1000000.0,0.0,True,normal,0.0,0,,黄金;国债ETF,
2014-04-09,1000000.0,0.0,1000000.0,0.0,True,normal,0.0,0,,黄金;国债ETF,
2014-04-10,1000000.0,0.0,1000000.0,0.0,True,normal,0.0,0,,纳指;黄金;国债ETF,
2014-04-11,1000000.0,0.0,1000000.0,0.0,True,normal,0.0,0,,黄金;国债ETF,
2014-04-14,1000000.0,0.0,1000000.0,0.0,True,normal,0.0,0,,黄金;国债ETF,
2014-04-15,1000000.0,0.0,1000000.0,0.0,True,normal,0.0,0,,黄金;国债ETF,
2014-04-16,1000000.0,0.0,1000000.0,0.0,True,normal,0.0,0,,黄金;国债ETF,
2014-04-17,1000000.0,0.0,1000000.0,0.0,True,normal,0.0,0,,黄金;国债ETF,
2014-04-18,1000000.0,0.0,1000000.0,0.0,True,normal,0.0,0,,国债ETF,
2014-04-21,1000000.0,0.0,1000000.0,0.0,True,normal,0.0,0,,国债ETF,
2014-04-22,1000000.0,0.0,1000000.0,0.0,True,normal,0.0,0,,沪深300;国债ETF,
2014-04-23,1000000.0,0.0,1000000.0,0.0,True,normal,0.0,0,,沪深300;国债ETF,
2014-04-24,1000000.0,0.0,1000000.0,0.0,True,normal,0.0,0,,沪深300;国债ETF,
2014-04-25,1000000.0,0.0,1000000.0,0.0,True,normal,0.0,0,,国债ETF,
2014-04-28,1000000.0,0.0,1000000.0,1.0,False,normal,0.0,1,国债ETF,国债ETF,
2014-04-29,1000079.3650793651,0.0,1000079.3650793651,0.0,True,normal,0.0,0,,国债ETF,
2014-04-30,1000079.3650793651,0.0,1000079.3650793651,0.0,True,normal,0.0,0,,国债ETF,
2014-05-05,1000079.3650793651,0.0,1000079.3650793651,0.0,True,normal,0.0,0,,黄金;国债ETF,
2014-05-06,1000079.3650793651,0.0,1000079.3650793651,0.0,True,normal,0.0,0,,国债ETF,
2014-05-07,1000079.3650793651,0.0,1000079.3650793651,0.0,True,normal,0.0,0,,沪深300;黄金;国债ETF,
2014-05-08,1000079.3650793651,0.0,1000079.3650793651,0.0,True,normal,0.0,0,,沪深300;国债ETF,
2014-05-09,1000079.3650793651,0.0,1000079.3650793651,0.0,True,normal,0.0,0,,沪深300;国债ETF,
2014-05-12,1000079.3650793651,0.0,1000079.3650793651,0.0,True,normal,0.0,0,,沪深300;国债ETF,
2014-05-13,1000079.3650793651,0.0,1000079.3650793651,0.0,True,normal,0.0,0,,沪深300;国债ETF,
2014-05-14,1000079.3650793651,0.0,1000079.3650793651,0.0,True,normal,0.0,0,,沪深300;纳指;国债ETF,
2014-05-15,1000079.3650793651,0.0,1000079.3650793651,0.0,True,normal,0.0,0,,沪深300;国债ETF,
2014-05-16,1000079.3650793651,0.0,1000079.3650793651,0.0,True,normal,0.0,0,,沪深300;国债ETF,
2014-05-19,1000079.3650793651,0.0,1000079.3650793651,0.0,True,normal,0.0,0,,沪深300;国债ETF,
2014-05-20,1000079.3650793651,0.0,1000079.3650793651,0.0,True,normal,0.0,0,,国债ETF,
2014-05-21,1000079.3650793651,0.0,1000079.3650793651,0.0,True,normal,0.0,0,,国债ETF,
2014-05-22,1000079.3650793651,0.0,1000079.3650793651,0.0,True,normal,0.0,0,,国债ETF,
2014-05-23,1000079.3650793651,0.0,1000079.3650793651,0.0,True,normal,0.0,0,,纳指;国债ETF,
2014-05-26,1000079.3650793651,0.0,1000079.3650793651,0.0,True,normal,0.0,0,,沪深300;纳指;黄金;国债ETF,
2014-05-27,1000079.3650793651,0.0,1000079.3650793651,0.0,True,normal,0.0,0,,纳指;黄金;国债ETF,
2014-05-28,1000079.3650793651,0.0,1000079.3650793651,0.0,True,normal,0.0,0,,沪深300;创业板;纳指;国债ETF,
2014-05-29,1000079.3650793651,0.0,1000079.3650793651,0.0,True,normal,0.0,0,,沪深300;纳指;国债ETF,
2014-05-30,1000079.3650793651,0.0,1000079.3650793651,0.0,True,normal,0.0,0,,纳指;国债ETF,
2014-06-03,1000079.3650793651,0.0,1000079.3650793651,0.0,True,normal,0.0,0,,纳指;国债ETF,
2014-06-04,1000079.3650793651,0.0,1000079.3650793651,0.0,True,normal,0.0,0,,纳指;国债ETF,
2014-06-05,1000079.3650793651,0.0,1000079.3650793651,0.0,True,normal,0.0,0,,创业板;纳指;国债ETF,
2014-06-06,1000079.3650793651,0.0,1000079.3650793651,0.0,True,normal,0.0,0,,纳指;国债ETF,
2014-06-09,1000079.3650793651,0.0,1000079.3650793651,0.0,True,normal,0.0,0,,纳指;国债ETF,
2014-06-10,1000079.3650793651,0.0,1000079.3650793651,0.0,True,normal,0.0,0,,纳指;国债ETF,
2014-06-11,1000079.3650793651,0.0,1000079.3650793651,1.0,False,normal,0.0,2,纳指;国债ETF,纳指;国债ETF,
2014-06-12,1000158.736457546,0.0,1000158.736457546,1.0,False,normal,0.0,3,创业板;纳指;国债ETF,创业板;纳指;国债ETF,
2014-06-13,1000238.1141350426,0.0,1000238.1141350426,1.0,False,normal,0.0,3,创业板;纳指;国债ETF,创业板;纳指;国债ETF,
2014-06-16,1000317.498112355,0.0,1000317.498112355,1.0,False,normal,0.0,3,创业板;纳指;国债ETF,创业板;纳指;国债ETF,
2014-06-17,1000396.888389983,0.0,1000396.888389983,1.0,False,normal,0.0,3,创业板;纳指;国债ETF,创业板;纳指;国债ETF,
2014-06-18,1000476.2849684267,0.0,1000476.2849684267,1.0,False,normal,0.0,3,创业板;纳指;国债ETF,创业板;纳指;国债ETF,
2014-06-19,1000555.6878481861,0.0,1000555.6878481861,1.0,False,normal,0.0,2,纳指;国债ETF,纳指;国债ETF,
2014-06-20,1000635.0970297614,0.0,1000635.0970297614,1.0,False,normal,0.0,4,创业板;纳指;黄金;国债ETF,创业板;纳指;黄金;国债ETF,
2014-06-23,1000714.5125136527,0.0,1000714.5125136527,1.0,False,normal,0.0,4,创业板;纳指;黄金;国债ETF,创业板;纳指;黄金;国债ETF,
2014-06-24,1000793.9343003602,0.0,1000793.9343003602,1.0,False,normal,0.0,4,创业板;纳指;黄金;国债ETF,创业板;纳指;黄金;国债ETF,
2014-06-25,1000873.3623903841,0.0,1000873.3623903841,1.0,False,normal,0.0,4,沪深300;创业板;纳指;国债ETF,沪深300;创业板;纳指;国债ETF,
2014-06-26,1000952.7967842246,0.0,1000952.7967842246,1.0,False,normal,0.0,5,沪深300;创业板;纳指;黄金;国债ETF,沪深300;创业板;纳指;黄金;国债ETF,
2014-06-27,1001032.2374823821,0.0,1001032.2374823821,1.0,False,normal,0.0,5,沪深300;创业板;纳指;黄金;国债ETF,沪深300;创业板;纳指;黄金;国债ETF,
2014-06-30,1001111.6844853569,0.0,1001111.6844853569,1.0,False,normal,0.0,5,沪深300;创业板;纳指;黄金;国债ETF,沪深300;创业板;纳指;黄金;国债ETF,
2014-07-01,1001191.1377936495,0.0,1001191.1377936495,1.0,False,normal,0.0,5,沪深300;创业板;纳指;黄金;国债ETF,沪深300;创业板;纳指;黄金;国债ETF,
2014-07-02,1001270.5974077601,0.0,1001270.5974077601,1.0,False,normal,0.0,5,沪深300;创业板;纳指;黄金;国债ETF,沪深300;创业板;纳指;黄金;国债ETF,
2014-07-03,1001350.0633281893,0.0,1001350.0633281893,1.0,False,normal,0.0,5,沪深300;创业板;纳指;黄金;国债ETF,沪深300;创业板;纳指;黄金;国债ETF,
2014-07-04,1001429.5355554377,0.0,1001429.5355554377,1.0,False,normal,0.0,5,沪深300;创业板;纳指;黄金;国债ETF,沪深300;创业板;纳指;黄金;国债ETF,
2014-07-07,1001509.0140900057,0.0,1001509.0140900057,1.0,False,normal,0.0,5,沪深300;创业板;纳指;黄金;国债ETF,沪深300;创业板;纳指;黄金;国债ETF,
2014-07-08,1001588.4989323938,0.0,1001588.4989323938,1.0,False,normal,0.0,5,沪深300;创业板;纳指;黄金;国债ETF,沪深300;创业板;纳指;黄金;国债ETF,
2014-07-09,1001667.9900831028,0.0,1001667.9900831028,1.0,False,normal,0.0,5,沪深300;创业板;纳指;黄金;国债ETF,沪深300;创业板;纳指;黄金;国债ETF,
2014-07-10,1001747.4875426333,0.0,1001747.4875426333,1.0,False,normal,0.0,4,沪深300;创业板;纳指;黄金,沪深300;创业板;纳指;黄金,
2014-07-11,1001826.991311486,0.0,1001826.991311486,1.0,False,normal,0.0,5,沪深300;创业板;纳指;黄金;国债ETF,沪深300;创业板;纳指;黄金;国债ETF,
2014-07-14,1001906.5013901616,0.0,1001906.5013901616,1.0,False,normal,0.0,5,沪深300;创业板;纳指;黄金;国债ETF,沪深300;创业板;纳指;黄金;国债ETF,
2014-07-15,1001986.0177791609,0.0,1001986.0177791609,1.0,False,normal,0.0,5,沪深300;创业板;纳指;黄金;国债ETF,沪深300;创业板;纳指;黄金;国债ETF,
2014-07-16,1002065.5404789847,0.0,1002065.5404789847,1.0,False,normal,0.0,4,沪深300;创业板;纳指;国债ETF,沪深300;创业板;纳指;国债ETF,
2014-07-17,1002145.0694901339,0.0,1002145.0694901339,1.0,False,normal,0.0,4,沪深300;创业板;纳指;黄金,沪深300;创业板;纳指;黄金,
2014-07-18,1002224.6048131094,0.0,1002224.6048131094,1.0,False,normal,0.0,4,沪深300;创业板;纳指;黄金,沪深300;创业板;纳指;黄金,
2014-07-21,1002304.1464484121,0.0,1002304.1464484121,0.0,True,normal,0.0,0,,沪深300;纳指;黄金,
2014-07-22,1002304.1464484121,0.0,1002304.1464484121,0.0,True,normal,0.0,0,,沪深300;创业板;纳指;黄金,
2014-07-23,1002304.1464484121,0.0,1002304.1464484121,0.0,True,normal,0.0,0,,沪深300;纳指;黄金,
2014-07-24,1002304.1464484121,0.0,1002304.1464484121,0.0,True,normal,0.0,0,,沪深300;纳指;黄金,
2014-07-25,1002304.1464484121,0.0,1002304.1464484121,0.0,True,normal,0.0,0,,沪深300;纳指;黄金,
2014-07-28,1002304.1464484121,0.0,1002304.1464484121,0.0,True,normal,0.0,0,,沪深300;纳指;黄金,
2014-07-29,1002304.1464484121,0.0,1002304.1464484121,0.0,True,normal,0.0,0,,沪深300;创业板;纳指;黄金,
2014-07-30,1002304.1464484121,0.0,1002304.1464484121,1.0,False,normal,0.0,3,沪深300;纳指;黄金,沪深300;纳指;黄金,
2014-07-31,1002383.694396543,0.0,1002383.694396543,1.0,False,normal,0.0,3,沪深300;纳指;黄金,沪深300;纳指;黄金,
2014-08-01,1002463.248658003,0.0,1002463.248658003,1.0,False,normal,0.0,3,沪深300;纳指;黄金,沪深300;纳指;黄金,
2014-08-04,1002542.8092332934,0.0,1002542.8092332934,1.0,False,normal,0.0,3,沪深300;纳指;黄金,沪深300;纳指;黄金,
2014-08-05,1002622.3761229152,0.0,1002622.3761229152,1.0,False,normal,0.0,3,沪深300;纳指;黄金,沪深300;纳指;黄金,
2014-08-06,1002701.9493273695,0.0,1002701.9493273695,1.0,False,normal,0.0,5,沪深300;创业板;纳指;黄金;国债ETF,沪深300;创业板;纳指;黄金;国债ETF,
2014-08-07,1002781.5288471574,0.0,1002781.5288471574,1.0,False,normal,0.0,4,沪深300;纳指;黄金;国债ETF,沪深300;纳指;黄金;国债ETF,
2014-08-08,1002861.1146827802,0.0,1002861.1146827802,1.0,False,normal,0.0,3,沪深300;纳指;黄金,沪深300;纳指;黄金,
2014-08-11,1002940.7068347392,0.0,1002940.7068347392,1.0,False,normal,0.0,5,沪深300;创业板;纳指;黄金;国债ETF,沪深300;创业板;纳指;黄金;国债ETF,
2014-08-12,1003020.3053035357,0.0,1003020.3053035357,1.0,False,normal,0.0,4,沪深300;创业板;纳指;黄金,沪深300;创业板;纳指;黄金,
2014-08-13,1003099.9100896709,0.0,1003099.9100896709,1.0,False,normal,0.0,5,沪深300;创业板;纳指;黄金;国债ETF,沪深300;创业板;纳指;黄金;国债ETF,
2014-08-14,1003179.5211936464,0.0,1003179.5211936464,1.0,False,normal,0.0,4,沪深300;创业板;纳指;国债ETF,沪深300;创业板;纳指;国债ETF,
2014-08-15,1003259.1386159634,0.0,1003259.1386159634,1.0,False,normal,0.0,4,沪深300;创业板;纳指;国债ETF,沪深300;创业板;纳指;国债ETF,
2014-08-18,1003338.7623571234,0.0,1003338.7623571234,1.0,False,normal,0.0,3,沪深300;创业板;纳指,沪深300;创业板;纳指,
2014-08-19,1003418.392417628,0.0,1003418.392417628,1.0,False,normal,0.0,3,沪深300;创业板;纳指,沪深300;创业板;纳指,
2014-08-20,1003498.0287979787,0.0,1003498.0287979787,1.0,False,normal,0.0,3,沪深300;创业板;纳指,沪深300;创业板;纳指,
2014-08-21,1003577.671498677,0.0,1003577.671498677,1.0,False,normal,0.0,3,沪深300;创业板;纳指,沪深300;创业板;纳指,
2014-08-22,1003657.3205202245,0.0,1003657.3205202245,1.0,False,normal,0.0,4,沪深300;创业板;纳指;国债ETF,沪深300;创业板;纳指;国债ETF,
2014-08-25,1003736.975863123,0.0,1003736.975863123,1.0,False,normal,0.0,4,沪深300;创业板;纳指;国债ETF,沪深300;创业板;纳指;国债ETF,
2014-08-26,1003816.6375278741,0.0,1003816.6375278741,1.0,False,normal,0.0,3,沪深300;纳指;国债ETF,沪深300;纳指;国债ETF,
2014-08-27,1003896.3055149795,0.0,1003896.3055149795,1.0,False,normal,0.0,3,沪深300;纳指;国债ETF,沪深300;纳指;国债ETF,
2014-08-28,1003975.979824941,0.0,1003975.979824941,1.0,False,normal,0.0,3,沪深300;纳指;国债ETF,沪深300;纳指;国债ETF,
2014-08-29,1004055.6604582606,0.0,1004055.6604582606,1.0,False,normal,0.0,4,沪深300;创业板;纳指;国债ETF,沪深300;创业板;纳指;国债ETF,
2014-09-01,1004135.3474154398,0.0,1004135.3474154398,0.0,True,normal,0.0,0,,沪深300;创业板;纳指;国债ETF,
2014-09-02,1004135.3474154398,0.0,1004135.3474154398,0.0,True,normal,0.0,0,,沪深300;创业板;纳指;国债ETF,
2014-09-03,1004135.3474154398,0.0,1004135.3474154398,0.0,True,normal,0.0,0,,沪深300;创业板;纳指;国债ETF,
2014-09-04,1004135.3474154398,0.0,1004135.3474154398,0.0,True,normal,0.0,0,,沪深300;创业板;纳指;国债ETF,
2014-09-05,1004135.3474154398,0.0,1004135.3474154398,0.0,True,normal,0.0,0,,沪深300;创业板;纳指;国债ETF,
2014-09-09,1004135.3474154398,0.0,1004135.3474154398,0.0,True,normal,0.0,0,,沪深300;创业板;纳指;国债ETF,
2014-09-10,1004135.3474154398,0.0,1004135.3474154398,0.0,True,normal,0.0,0,,沪深300;创业板;纳指;国债ETF,
2014-09-11,1004135.3474154398,0.0,1004135.3474154398,0.0,True,normal,0.0,0,,沪深300;创业板;纳指;国债ETF,
2014-09-12,1004135.3474154398,0.0,1004135.3474154398,0.0,True,normal,0.0,0,,沪深300;创业板;纳指;国债ETF,
2014-09-15,1004135.3474154398,0.0,1004135.3474154398,0.0,True,normal,0.0,0,,沪深300;创业板;纳指;国债ETF,
2014-09-16,1004135.3474154398,0.0,1004135.3474154398,0.0,True,normal,0.0,0,,沪深300;创业板;纳指;国债ETF,
2014-09-17,1004135.3474154398,0.0,1004135.3474154398,0.0,True,normal,0.0,0,,沪深300;创业板;纳指;国债ETF,
2014-09-18,1004135.3474154398,0.0,1004135.3474154398,0.0,True,normal,0.0,0,,沪深300;创业板;纳指;国债ETF,
2014-09-19,1004135.3474154398,0.0,1004135.3474154398,0.0,True,normal,0.0,0,,沪深300;创业板;纳指;国债ETF,
2014-09-22,1004135.3474154398,0.0,1004135.3474154398,0.0,True,normal,0.0,0,,沪深300;创业板;纳指;国债ETF,
2014-09-23,1004135.3474154398,0.0,1004135.3474154398,0.0,True,normal,0.0,0,,沪深300;创业板;纳指;国债ETF,
2014-09-24,1004135.3474154398,0.0,1004135.3474154398,0.0,True,normal,0.0,0,,沪深300;创业板;纳指;国债ETF,
2014-09-25,1004135.3474154398,0.0,1004135.3474154398,0.0,True,normal,0.0,0,,沪深300;创业板;纳指;国债ETF,
2014-09-26,1004135.3474154398,0.0,1004135.3474154398,0.0,True,normal,0.0,0,,沪深300;创业板;纳指;国债ETF,
2014-09-29,1004135.3474154398,0.0,1004135.3474154398,0.0,True,normal,0.0,0,,沪深300;创业板;纳指;国债ETF,
2014-09-30,1004135.3474154398,0.0,1004135.3474154398,0.0,True,normal,0.0,0,,沪深300;创业板;纳指;国债ETF,
2014-10-08,1004135.3474154398,0.0,1004135.3474154398,0.0,True,normal,0.0,0,,沪深300;创业板;纳指;国债ETF,
2014-10-09,1004135.3474154398,0.0,1004135.3474154398,0.0,True,normal,0.0,0,,沪深300;创业板;纳指;国债ETF,
2014-10-10,1004135.3474154398,0.0,1004135.3474154398,0.0,True,normal,0.0,0,,沪深300;创业板;纳指;国债ETF,
2014-10-13,1004135.3474154398,0.0,1004135.3474154398,0.0,True,normal,0.0,0,,沪深300;创业板;国债ETF,
2014-10-14,1004135.3474154398,0.0,1004135.3474154398,1.0,False,normal,0.0,3,沪深300;创业板;国债ETF,沪深300;创业板;国债ETF,
2014-10-15,1004215.0406969808,0.0,1004215.0406969808,1.0,False,normal,0.0,3,沪深300;创业板;国债ETF,沪深300;创业板;国债ETF,
2014-10-16,1004294.7403033853,0.0,1004294.7403033853,1.0,False,normal,0.0,3,沪深300;创业板;国债ETF,沪深300;创业板;国债ETF,
2014-10-17,1004374.4462351555,0.0,1004374.4462351555,1.0,False,normal,0.0,3,沪深300;创业板;国债ETF,沪深300;创业板;国债ETF,
2014-10-20,1004454.1584927932,0.0,1004454.1584927932,1.0,False,normal,0.0,3,沪深300;创业板;国债ETF,沪深300;创业板;国债ETF,
2014-10-21,1004533.8770768006,0.0,1004533.8770768006,1.0,False,normal,0.0,3,沪深300;创业板;国债ETF,沪深300;创业板;国债ETF,
2014-10-22,1004613.6019876797,0.0,1004613.6019876797,1.0,False,normal,0.0,3,沪深300;创业板;国债ETF,沪深300;创业板;国债ETF,
2014-10-23,1004693.3332259328,0.0,1004693.3332259328,1.0,False,normal,0.0,3,沪深300;创业板;国债ETF,沪深300;创业板;国债ETF,
2014-10-24,1004773.0707920619,0.0,1004773.0707920619,1.0,False,normal,0.0,3,沪深300;创业板;国债ETF,沪深300;创业板;国债ETF,
2014-10-27,1004852.8146865692,0.0,1004852.8146865692,1.0,False,normal,0.0,3,沪深300;创业板;国债ETF,沪深300;创业板;国债ETF,
2014-10-28,1004932.564909957,0.0,1004932.564909957,1.0,False,normal,0.0,3,沪深300;创业板;国债ETF,沪深300;创业板;国债ETF,
2014-10-29,1005012.3214627277,0.0,1005012.3214627277,1.0,False,normal,0.0,3,沪深300;创业板;国债ETF,沪深300;创业板;国债ETF,
2014-10-30,1005092.0843453836,0.0,1005092.0843453836,1.0,False,normal,0.0,3,沪深300;创业板;国债ETF,沪深300;创业板;国债ETF,
2014-10-31,1005171.853558427,0.0,1005171.853558427,1.0,False,normal,0.0,4,沪深300;创业板;纳指;国债ETF,沪深300;创业板;纳指;国债ETF,
2014-11-03,1005251.6291023602,0.0,1005251.6291023602,1.0,False,normal,0.0,4,沪深300;创业板;纳指;国债ETF,沪深300;创业板;纳指;国债ETF,
2014-11-04,1005331.4109776858,0.0,1005331.4109776858,1.0,False,normal,0.0,4,沪深300;创业板;纳指;国债ETF,沪深300;创业板;纳指;国债ETF,
2014-11-05,1005411.1991849063,0.0,1005411.1991849063,1.0,False,normal,0.0,3,沪深300;创业板;国债ETF,沪深300;创业板;国债ETF,
2014-11-06,1005490.9937245242,0.0,1005490.9937245242,1.0,False,normal,0.0,4,沪深300;创业板;纳指;国债ETF,沪深300;创业板;纳指;国债ETF,
2014-11-07,1005570.794597042,0.0,1005570.794597042,1.0,False,normal,0.0,4,沪深300;创业板;纳指;国债ETF,沪深300;创业板;纳指;国债ETF,
2014-11-10,1005650.6018029625,0.0,1005650.6018029625,1.0,False,normal,0.0,4,沪深300;创业板;纳指;国债ETF,沪深300;创业板;纳指;国债ETF,
2014-11-11,1005730.4153427882,0.0,1005730.4153427882,1.0,False,normal,0.0,3,沪深300;纳指;国债ETF,沪深300;纳指;国债ETF,
2014-11-12,1005810.2352170218,0.0,1005810.2352170218,1.0,False,normal,0.0,3,沪深300;纳指;国债ETF,沪深300;纳指;国债ETF,
2014-11-13,1005890.061426166,0.0,1005890.061426166,1.0,False,normal,0.0,3,沪深300;纳指;国债ETF,沪深300;纳指;国债ETF,
2014-11-14,1005969.8939707236,0.0,1005969.8939707236,1.0,False,normal,0.0,3,沪深300;纳指;国债ETF,沪深300;纳指;国债ETF,
2014-11-17,1006049.7328511975,0.0,1006049.7328511975,1.0,False,normal,0.0,3,沪深300;纳指;国债ETF,沪深300;纳指;国债ETF,
2014-11-18,1006129.5780680905,0.0,1006129.5780680905,1.0,False,normal,0.0,4,沪深300;创业板;纳指;国债ETF,沪深300;创业板;纳指;国债ETF,
2014-11-19,1006209.4296219054,0.0,1006209.4296219054,1.0,False,normal,0.0,4,沪深300;创业板;纳指;国债ETF,沪深300;创业板;纳指;国债ETF,
2014-11-20,1006289.2875131454,0.0,1006289.2875131454,1.0,False,normal,0.0,3,沪深300;纳指;国债ETF,沪深300;纳指;国债ETF,
2014-11-21,1006369.1517423132,0.0,1006369.1517423132,1.0,False,normal,0.0,4,沪深300;创业板;纳指;国债ETF,沪深300;创业板;纳指;国债ETF,
2014-11-24,1006449.0223099118,0.0,1006449.0223099118,1.0,False,normal,0.0,4,沪深300;创业板;纳指;国债ETF,沪深300;创业板;纳指;国债ETF,
2014-11-25,1006528.8992164443,0.0,1006528.8992164443,1.0,False,normal,0.0,4,沪深300;创业板;纳指;国债ETF,沪深300;创业板;纳指;国债ETF,
2014-11-26,1006608.782462414,0.0,1006608.782462414,1.0,False,normal,0.0,4,沪深300;创业板;纳指;国债ETF,沪深300;创业板;纳指;国债ETF,
2014-11-27,1006688.6720483238,0.0,1006688.6720483238,1.0,False,normal,0.0,4,沪深300;创业板;纳指;国债ETF,沪深300;创业板;纳指;国债ETF,
2014-11-28,1006768.5679746768,0.0,1006768.5679746768,1.0,False,normal,0.0,4,沪深300;创业板;纳指;国债ETF,沪深300;创业板;纳指;国债ETF,
2014-12-01,1006848.4702419764,0.0,1006848.4702419764,1.0,False,normal,0.0,4,沪深300;创业板;纳指;国债ETF,沪深300;创业板;纳指;国债ETF,
2014-12-02,1006928.3788507258,0.0,1006928.3788507258,1.0,False,normal,0.0,4,沪深300;创业板;纳指;国债ETF,沪深300;创业板;纳指;国债ETF,
2014-12-03,1007008.2938014283,0.0,1007008.2938014283,1.0,False,normal,0.0,4,沪深300;创业板;纳指;国债ETF,沪深300;创业板;纳指;国债ETF,
2014-12-04,1007088.2150945872,0.0,1007088.2150945872,1.0,False,normal,0.0,4,沪深300;创业板;纳指;国债ETF,沪深300;创业板;纳指;国债ETF,
2014-12-05,1007168.1427307058,0.0,1007168.1427307058,1.0,False,normal,0.0,4,沪深300;创业板;纳指;国债ETF,沪深300;创业板;纳指;国债ETF,
2014-12-08,1007248.0767102876,0.0,1007248.0767102876,1.0,False,normal,0.0,4,沪深300;创业板;纳指;国债ETF,沪深300;创业板;纳指;国债ETF,
2014-12-09,1007328.0170338361,0.0,1007328.0170338361,0.7044440905019091,False,normal,0.0,3,沪深300;纳指;国债ETF,沪深300;纳指;国债ETF,
2014-12-10,1007407.9637018547,0.0,1007407.9637018547,0.5183011408395098,False,normal,0.0,4,沪深300;创业板;纳指;黄金,沪深300;创业板;纳指;黄金,
2014-12-11,1007487.916714847,0.0,1007487.916714847,0.4280904162664208,False,normal,0.0,3,沪深300;创业板;纳指,沪深300;创业板;纳指,
2014-12-12,1007567.8760733164,0.0,1007567.8760733164,0.4410765774883542,False,normal,0.0,3,沪深300;创业板;纳指,沪深300;创业板;纳指,
2014-12-15,1007647.8417777667,0.0,1007647.8417777667,0.606284211696088,False,normal,0.0,4,沪深300;创业板;纳指;国债ETF,沪深300;创业板;纳指;国债ETF,
2014-12-16,1007727.8138287015,0.0,1007727.8138287015,0.6251859404354254,False,normal,0.0,4,沪深300;创业板;纳指;国债ETF,沪深300;创业板;纳指;国债ETF,
2014-12-17,1007807.7922266244,0.0,1007807.7922266244,0.6448042067273938,False,normal,0.0,4,沪深300;创业板;纳指;国债ETF,沪深300;创业板;纳指;国债ETF,
2014-12-18,1007887.7769720393,0.0,1007887.7769720393,0.664931851178534,False,normal,0.0,4,沪深300;创业板;纳指;国债ETF,沪深300;创业板;纳指;国债ETF,
2014-12-19,1007967.7680654498,0.0,1007967.7680654498,0.6842460171627007,False,normal,0.0,4,沪深300;创业板;纳指;国债ETF,沪深300;创业板;纳指;国债ETF,
2014-12-22,1008047.7655073598,0.0,1008047.7655073598,0.7352791508421301,False,normal,0.0,3,沪深300;纳指;国债ETF,沪深300;纳指;国债ETF,
2014-12-23,1008127.7692982731,0.0,1008127.7692982731,0.7357249757642453,False,normal,0.0,3,沪深300;纳指;国债ETF,沪深300;纳指;国债ETF,
2014-12-24,1008207.7794386937,0.0,1008207.7794386937,0.7152035763764105,False,normal,0.0,3,沪深300;纳指;国债ETF,沪深300;纳指;国债ETF,
2014-12-25,1008287.7959291254,0.0,1008287.7959291254,0.763103922392694,False,normal,0.0,5,沪深300;创业板;纳指;黄金;国债ETF,沪深300;创业板;纳指;黄金;国债ETF,
2014-12-26,1008367.8187700722,0.0,1008367.8187700722,0.837385767610382,False,normal,0.0,4,沪深300;纳指;黄金;国债ETF,沪深300;纳指;黄金;国债ETF,
2014-12-29,1008447.8479620381,0.0,1008447.8479620381,0.6341686517321411,False,normal,0.0,3,沪深300;纳指;黄金,沪深300;纳指;黄金,
2014-12-30,1008527.8835055272,0.0,1008527.8835055272,0.6463689027653255,False,normal,0.0,3,沪深300;纳指;黄金,沪深300;纳指;黄金,
2014-12-31,1008607.9254010435,0.0,1008607.9254010435,0.6555149094289229,False,normal,0.0,3,沪深300;纳指;黄金,沪深300;纳指;黄金,
2015-01-05,1008687.9736490912,0.0,1008687.9736490912,0.6755755344855418,False,normal,0.0,3,沪深300;纳指;黄金,沪深300;纳指;黄金,
2015-01-06,1008768.0282501745,0.0,1008768.0282501745,0.5005816504328654,False,normal,0.0,3,沪深300;创业板;黄金,沪深300;创业板;黄金,
2015-01-07,1008848.0892047975,0.0,1008848.0892047975,0.5095851705082957,False,normal,0.0,3,沪深300;创业板;黄金,沪深300;创业板;黄金,
2015-01-08,1008928.1565134646,0.0,1008928.1565134646,0.6879297078929091,False,normal,0.0,4,沪深300;创业板;纳指;黄金,沪深300;创业板;纳指;黄金,
2015-01-09,1009008.23017668,0.0,1009008.23017668,0.7081345010102497,False,normal,0.0,4,沪深300;创业板;纳指;黄金,沪深300;创业板;纳指;黄金,
2015-01-12,1009088.3101949481,0.0,1009088.3101949481,1.0,False,normal,0.0,5,沪深300;创业板;纳指;黄金;国债ETF,沪深300;创业板;纳指;黄金;国债ETF,
2015-01-13,1009168.3965687732,0.0,1009168.3965687732,0.7489028450766348,False,normal,0.0,4,沪深300;创业板;黄金;国债ETF,沪深300;创业板;黄金;国债ETF,
2015-01-14,1009248.4892986596,0.0,1009248.4892986596,0.7628670807282126,False,normal,0.0,4,沪深300;创业板;黄金;国债ETF,沪深300;创业板;黄金;国债ETF,
2015-01-15,1009328.5883851119,0.0,1009328.5883851119,0.7779640840860941,False,normal,0.0,4,沪深300;创业板;黄金;国债ETF,沪深300;创业板;黄金;国债ETF,
2015-01-16,1009408.6938286346,0.0,1009408.6938286346,0.7203382692323846,False,normal,0.0,4,沪深300;创业板;黄金;国债ETF,沪深300;创业板;黄金;国债ETF,
2015-01-19,1009488.8056297321,0.0,1009488.8056297321,0.6008863075726901,False,normal,0.0,4,沪深300;创业板;黄金;国债ETF,沪深300;创业板;黄金;国债ETF,
2015-01-20,1009568.9237889091,0.0,1009568.9237889091,0.5751777004516798,False,normal,0.0,4,沪深300;创业板;黄金;国债ETF,沪深300;创业板;黄金;国债ETF,
2015-01-21,1009649.0483066702,0.0,1009649.0483066702,0.5617552843283361,False,normal,0.0,4,沪深300;创业板;黄金;国债ETF,沪深300;创业板;黄金;国债ETF,
2015-01-22,1009729.1791835199,0.0,1009729.1791835199,0.5774095939408342,False,normal,0.0,4,沪深300;创业板;黄金;国债ETF,沪深300;创业板;黄金;国债ETF,
2015-01-23,1009809.3164199631,0.0,1009809.3164199631,0.5882028871335881,False,normal,0.0,4,沪深300;创业板;黄金;国债ETF,沪深300;创业板;黄金;国债ETF,
2015-01-26,1009889.4600165045,0.0,1009889.4600165045,0.5986697768402907,False,normal,0.0,4,沪深300;创业板;黄金;国债ETF,沪深300;创业板;黄金;国债ETF,
2015-01-27,1009969.6099736487,0.0,1009969.6099736487,0.6088658790651588,False,normal,0.0,4,沪深300;创业板;黄金;国债ETF,沪深300;创业板;黄金;国债ETF,
2015-01-28,1010049.7662919007,0.0,1010049.7662919007,0.6135460372360992,False,normal,0.0,4,沪深300;创业板;黄金;国债ETF,沪深300;创业板;黄金;国债ETF,
2015-01-29,1010129.9289717651,0.0,1010129.9289717651,0.6185675011206047,False,normal,0.0,4,沪深300;创业板;黄金;国债ETF,沪深300;创业板;黄金;国债ETF,
2015-01-30,1010210.098013747,0.0,1010210.098013747,0.6026652378039336,False,normal,0.0,4,沪深300;创业板;黄金;国债ETF,沪深300;创业板;黄金;国债ETF,
2015-02-02,1010290.2734183513,0.0,1010290.2734183513,0.6215671905272356,False,normal,0.0,4,沪深300;创业板;黄金;国债ETF,沪深300;创业板;黄金;国债ETF,
2015-02-03,1010370.455186083,0.0,1010370.455186083,0.6087069646778756,False,normal,0.0,4,沪深300;创业板;黄金;国债ETF,沪深300;创业板;黄金;国债ETF,
2015-02-04,1010450.643317447,0.0,1010450.643317447,0.7405959231959685,False,normal,0.0,5,沪深300;创业板;纳指;黄金;国债ETF,沪深300;创业板;纳指;黄金;国债ETF,
2015-02-05,1010530.8378129485,0.0,1010530.8378129485,0.6404559255195243,False,normal,0.0,4,沪深300;创业板;黄金;国债ETF,沪深300;创业板;黄金;国债ETF,
2015-02-06,1010611.0386730924,0.0,1010611.0386730924,0.7637883603270716,False,normal,0.0,5,沪深300;创业板;纳指;黄金;国债ETF,沪深300;创业板;纳指;黄金;国债ETF,
2015-02-09,1010691.2458983839,0.0,1010691.2458983839,0.7722887545827717,False,normal,0.0,5,沪深300;创业板;纳指;黄金;国债ETF,沪深300;创业板;纳指;黄金;国债ETF,
2015-02-10,1010771.4594893283,0.0,1010771.4594893283,0.7783668381732486,False,normal,0.0,5,沪深300;创业板;纳指;黄金;国债ETF,沪深300;创业板;纳指;黄金;国债ETF,
2015-02-11,1010851.6794464306,0.0,1010851.6794464306,0.7906082312670913,False,normal,0.0,5,沪深300;创业板;纳指;黄金;国债ETF,沪深300;创业板;纳指;黄金;国债ETF,
2015-02-12,1010931.9057701962,0.0,1010931.9057701962,0.8148664471527314,False,normal,0.0,5,沪深300;创业板;纳指;黄金;国债ETF,沪深300;创业板;纳指;黄金;国债ETF,
2015-02-13,1011012.1384611304,0.0,1011012.1384611304,0.798884896580049,False,normal,0.0,5,沪深300;创业板;纳指;黄金;国债ETF,沪深300;创业板;纳指;黄金;国债ETF,
2015-02-16,1011092.3775197385,0.0,1011092.3775197385,0.7901909542737485,False,normal,0.0,5,沪深300;创业板;纳指;黄金;国债ETF,沪深300;创业板;纳指;黄金;国债ETF,
2015-02-17,1011172.6229465258,0.0,1011172.6229465258,0.8138873458115499,False,normal,0.0,5,沪深300;创业板;纳指;黄金;国债ETF,沪深300;创业板;纳指;黄金;国债ETF,
2015-02-25,1011252.8747419978,0.0,1011252.8747419978,0.8189566913840249,False,normal,0.0,5,沪深300;创业板;纳指;黄金;国债ETF,沪深300;创业板;纳指;黄金;国债ETF,
2015-02-26,1011333.1329066599,0.0,1011333.1329066599,0.8380342455615771,False,normal,0.0,5,沪深300;创业板;纳指;黄金;国债ETF,沪深300;创业板;纳指;黄金;国债ETF,
2015-02-27,1011413.3974410176,0.0,1011413.3974410176,0.8579467591739404,False,normal,0.0,5,沪深300;创业板;纳指;黄金;国债ETF,沪深300;创业板;纳指;黄金;国债ETF,
2015-03-02,1011493.6683455764,0.0,1011493.6683455764,0.8666870342181757,False,normal,0.0,5,沪深300;创业板;纳指;黄金;国债ETF,沪深300;创业板;纳指;黄金;国债ETF,
2015-03-03,1011573.9456208419,0.0,1011573.9456208419,0.8477167526845081,False,normal,0.0,5,沪深300;创业板;纳指;黄金;国债ETF,沪深300;创业板;纳指;黄金;国债ETF,
2015-03-04,1011654.2292673198,0.0,1011654.2292673198,0.8656750794920784,False,normal,0.0,5,沪深300;创业板;纳指;黄金;国债ETF,沪深300;创业板;纳指;黄金;国债ETF,
2015-03-05,1011734.5192855156,0.0,1011734.5192855156,1.0,False,normal,0.0,4,创业板;纳指;黄金;国债ETF,创业板;纳指;黄金;国债ETF,
2015-03-06,1011814.8156759351,0.0,1011814.8156759351,1.0,False,normal,0.0,4,创业板;纳指;黄金;国债ETF,创业板;纳指;黄金;国债ETF,
2015-03-09,1011895.118439084,0.0,1011895.118439084,1.0,False,normal,0.0,3,创业板;纳指;国债ETF,创业板;纳指;国债ETF,
2015-03-10,1011975.4275754681,0.0,1011975.4275754681,1.0,False,normal,0.0,3,创业板;纳指;国债ETF,创业板;纳指;国债ETF,
2015-03-11,1012055.7430855932,0.0,1012055.7430855932,1.0,False,normal,0.0,3,创业板;纳指;国债ETF,创业板;纳指;国债ETF,
2015-03-12,1012136.0649699651,0.0,1012136.0649699651,0.8131182359171031,False,normal,0.0,4,沪深300;创业板;纳指;国债ETF,沪深300;创业板;纳指;国债ETF,
2015-03-13,1012216.3932290898,0.0,1012216.3932290898,0.818560793753247,False,normal,0.0,4,沪深300;创业板;纳指;国债ETF,沪深300;创业板;纳指;国债ETF,
2015-03-16,1012296.7278634731,0.0,1012296.7278634731,0.7926959015255675,False,normal,0.0,4,沪深300;创业板;纳指;国债ETF,沪深300;创业板;纳指;国债ETF,
2015-03-17,1012377.068873621,0.0,1012377.068873621,0.8164932232914646,False,normal,0.0,4,沪深300;创业板;纳指;国债ETF,沪深300;创业板;纳指;国债ETF,
2015-03-18,1012457.4162600397,0.0,1012457.4162600397,0.8120215972142217,False,normal,0.0,4,沪深300;创业板;纳指;国债ETF,沪深300;创业板;纳指;国债ETF,
2015-03-19,1012537.770023235,0.0,1012537.770023235,0.834043565089683,False,normal,0.0,4,沪深300;创业板;纳指;国债ETF,沪深300;创业板;纳指;国债ETF,
2015-03-20,1012618.1301637131,0.0,1012618.1301637131,0.854705454438117,False,normal,0.0,4,沪深300;创业板;纳指;国债ETF,沪深300;创业板;纳指;国债ETF,
2015-03-23,1012698.4966819801,0.0,1012698.4966819801,0.8218876619350124,False,normal,0.0,4,沪深300;创业板;纳指;国债ETF,沪深300;创业板;纳指;国债ETF,
2015-03-24,1012778.8695785422,0.0,1012778.8695785422,0.8451638876904071,False,normal,0.0,4,沪深300;创业板;纳指;国债ETF,沪深300;创业板;纳指;国债ETF,
2015-03-25,1012859.2488539056,0.0,1012859.2488539056,0.8638683388521784,False,normal,0.0,4,沪深300;创业板;纳指;国债ETF,沪深300;创业板;纳指;国债ETF,
2015-03-26,1012939.6345085766,0.0,1012939.6345085766,0.753460273739808,False,normal,0.0,4,沪深300;创业板;纳指;国债ETF,沪深300;创业板;纳指;国债ETF,
2015-03-27,1013020.0265430615,0.0,1013020.0265430615,0.7745510800810954,False,normal,0.0,4,沪深300;创业板;纳指;国债ETF,沪深300;创业板;纳指;国债ETF,
2015-03-30,1013100.4249578665,0.0,1013100.4249578665,0.5948497492980106,False,normal,0.0,3,沪深300;创业板;纳指,沪深300;创业板;纳指,
2015-03-31,1013180.8297534982,0.0,1013180.8297534982,0.6133296183117432,False,normal,0.0,3,沪深300;创业板;纳指,沪深300;创业板;纳指,
2015-04-01,1013261.2409304628,0.0,1013261.2409304628,0.6310328423185303,False,normal,0.0,3,沪深300;创业板;纳指,沪深300;创业板;纳指,
2015-04-02,1013341.6584892669,0.0,1013341.6584892669,0.8629101912621028,False,normal,0.0,4,沪深300;创业板;纳指;国债ETF,沪深300;创业板;纳指;国债ETF,
2015-04-03,1013422.0824304168,0.0,1013422.0824304168,1.0,False,normal,0.0,4,沪深300;创业板;纳指;国债ETF,沪深300;创业板;纳指;国债ETF,
2015-04-07,1013502.5127544192,0.0,1013502.5127544192,0.6697872705765643,False,normal,0.0,3,沪深300;创业板;纳指,沪深300;创业板;纳指,
2015-04-08,1013582.9494617807,0.0,1013582.9494617807,0.656124884577784,False,normal,0.0,3,沪深300;创业板;纳指,沪深300;创业板;纳指,
2015-04-09,1013663.3925530079,0.0,1013663.3925530079,0.6681901818484419,False,normal,0.0,3,沪深300;创业板;纳指,沪深300;创业板;纳指,
2015-04-10,1013743.8420286074,0.0,1013743.8420286074,0.6889529652925572,False,normal,0.0,3,沪深300;创业板;纳指,沪深300;创业板;纳指,
2015-04-13,1013824.2978890858,0.0,1013824.2978890858,0.7066963058805206,False,normal,0.0,3,沪深300;创业板;纳指,沪深300;创业板;纳指,
2015-04-14,1013904.76013495,0.0,1013904.76013495,0.7118684972279365,False,normal,0.0,3,沪深300;创业板;纳指,沪深300;创业板;纳指,
2015-04-15,1013985.2287667069,0.0,1013985.2287667069,0.6250457927349152,False,normal,0.0,3,沪深300;创业板;纳指,沪深300;创业板;纳指,
2015-04-16,1014065.703784863,0.0,1014065.703784863,0.6031690459931819,False,normal,0.0,3,沪深300;创业板;纳指,沪深300;创业板;纳指,
2015-04-17,1014146.1851899254,0.0,1014146.1851899254,0.6221192623145227,False,normal,0.0,3,沪深300;创业板;纳指,沪深300;创业板;纳指,
2015-04-20,1014226.6729824007,0.0,1014226.6729824007,0.40187172627589185,False,normal,0.0,2,沪深300;创业板,沪深300;创业板,
2015-04-21,1014307.1671627962,0.0,1014307.1671627962,0.34538156437352696,False,normal,0.0,2,沪深300;创业板,沪深300;创业板,
2015-04-22,1014387.6677316187,0.0,1014387.6677316187,0.5243853744844642,False,normal,0.0,3,沪深300;创业板;国债ETF,沪深300;创业板;国债ETF,
2015-04-23,1014468.1746893752,0.0,1014468.1746893752,0.5396636474971975,False,normal,0.0,3,沪深300;创业板;国债ETF,沪深300;创业板;国债ETF,
2015-04-24,1014548.6880365728,0.0,1014548.6880365728,0.5080614615503395,False,normal,0.0,3,沪深300;创业板;纳指,沪深300;创业板;纳指,
2015-04-27,1014629.2077737185,0.0,1014629.2077737185,0.6926108468381486,False,normal,0.0,4,沪深300;创业板;纳指;国债ETF,沪深300;创业板;纳指;国债ETF,
2015-04-28,1014709.7339013197,0.0,1014709.7339013197,0.5465309439581432,False,normal,0.0,3,沪深300;创业板;国债ETF,沪深300;创业板;国债ETF,
2015-04-29,1014790.2664198834,0.0,1014790.2664198834,0.5379783843417216,False,normal,0.0,3,沪深300;创业板;国债ETF,沪深300;创业板;国债ETF,
2015-04-30,1014870.8053299168,0.0,1014870.8053299168,0.6696961391565677,False,normal,0.0,4,沪深300;创业板;纳指;国债ETF,沪深300;创业板;纳指;国债ETF,
2015-05-04,1014951.3506319271,0.0,1014951.3506319271,0.5670179917862846,False,normal,0.0,3,沪深300;创业板;国债ETF,沪深300;创业板;国债ETF,
2015-05-05,1015031.9023264218,0.0,1015031.9023264218,0.6205963035997172,False,normal,0.0,4,沪深300;创业板;纳指;国债ETF,沪深300;创业板;纳指;国债ETF,
2015-05-06,1015112.4604139081,0.0,1015112.4604139081,0.6872625587841233,False,normal,0.0,4,沪深300;创业板;黄金;国债ETF,沪深300;创业板;黄金;国债ETF,
2015-05-07,1015193.0248948934,0.0,1015193.0248948934,0.6318640494836644,False,normal,0.0,4,沪深300;创业板;纳指;国债ETF,沪深300;创业板;纳指;国债ETF,
2015-05-08,1015273.5957698851,0.0,1015273.5957698851,0.5612992011207174,False,normal,0.0,4,沪深300;创业板;纳指;国债ETF,沪深300;创业板;纳指;国债ETF,
2015-05-11,1015354.1730393907,0.0,1015354.1730393907,0.6458204683986182,False,normal,0.0,5,沪深300;创业板;纳指;黄金;国债ETF,沪深300;创业板;纳指;黄金;国债ETF,
2015-05-12,1015434.7567039176,0.0,1015434.7567039176,0.6639869289302539,False,normal,0.0,5,沪深300;创业板;纳指;黄金;国债ETF,沪深300;创业板;纳指;黄金;国债ETF,
2015-05-13,1015515.3467639736,0.0,1015515.3467639736,0.6566115580369093,False,normal,0.0,5,沪深300;创业板;纳指;黄金;国债ETF,沪深300;创业板;纳指;黄金;国债ETF,
2015-05-14,1015595.943220066,0.0,1015595.943220066,0.0,True,normal,0.0,0,,沪深300;创业板;纳指;黄金;国债ETF,
2015-05-15,1015595.943220066,0.0,1015595.943220066,0.0,True,normal,0.0,0,,沪深300;创业板;纳指;黄金;国债ETF,
2015-05-18,1015595.943220066,0.0,1015595.943220066,0.0,True,normal,0.0,0,,沪深300;创业板;纳指;黄金;国债ETF,
2015-05-19,1015595.943220066,0.0,1015595.943220066,0.0,True,normal,0.0,0,,沪深300;创业板;纳指;黄金;国债ETF,
2015-05-20,1015595.943220066,0.0,1015595.943220066,0.0,True,normal,0.0,0,,沪深300;创业板;黄金;国债ETF,
2015-05-21,1015595.943220066,0.0,1015595.943220066,0.0,True,normal,0.0,0,,沪深300;创业板;黄金;国债ETF,
2015-05-22,1015595.943220066,0.0,1015595.943220066,0.0,True,normal,0.0,0,,沪深300;创业板;纳指;黄金;国债ETF,
2015-05-25,1015595.943220066,0.0,1015595.943220066,0.0,True,normal,0.0,0,,沪深300;创业板;纳指;黄金;国债ETF,
2015-05-26,1015595.943220066,0.0,1015595.943220066,0.0,True,normal,0.0,0,,沪深300;创业板;纳指;黄金;国债ETF,
2015-05-27,1015595.943220066,0.0,1015595.943220066,0.0,True,normal,0.0,0,,沪深300;创业板;纳指;黄金;国债ETF,
2015-05-28,1015595.943220066,0.0,1015595.943220066,0.0,True,normal,0.0,0,,沪深300;创业板;纳指;黄金;国债ETF,
2015-05-29,1015595.943220066,0.0,1015595.943220066,0.0,True,normal,0.0,0,,沪深300;创业板;纳指;国债ETF,
2015-06-01,1015595.943220066,0.0,1015595.943220066,0.0,True,normal,0.0,0,,沪深300;创业板;纳指;国债ETF,
2015-06-02,1015595.943220066,0.0,1015595.943220066,0.0,True,normal,0.0,0,,沪深300;创业板;纳指;国债ETF,
2015-06-03,1015595.943220066,0.0,1015595.943220066,0.526578840681487,False,normal,0.0,4,沪深300;创业板;纳指;国债ETF,沪深300;创业板;纳指;国债ETF,
2015-06-04,1015676.5460727026,0.0,1015676.5460727026,0.5418772902579283,False,normal,0.0,4,沪深300;创业板;纳指;国债ETF,沪深300;创业板;纳指;国债ETF,
2015-06-05,1015757.155322391,0.0,1015757.155322391,0.55332063891725,False,normal,0.0,4,沪深300;创业板;纳指;国债ETF,沪深300;创业板;纳指;国债ETF,
2015-06-08,1015837.7709696388,0.0,1015837.7709696388,0.5562122066182578,False,normal,0.0,4,沪深300;创业板;纳指;国债ETF,沪深300;创业板;纳指;国债ETF,
2015-06-09,1015918.3930149539,0.0,1015918.3930149539,0.5650285598342456,False,normal,0.0,4,沪深300;创业板;纳指;国债ETF,沪深300;创业板;纳指;国债ETF,
2015-06-10,1015999.0214588441,0.0,1015999.0214588441,0.7137202592545691,False,normal,0.0,5,沪深300;创业板;纳指;黄金;国债ETF,沪深300;创业板;纳指;黄金;国债ETF,
2015-06-11,1016079.656301817,0.0,1016079.656301817,0.5956707914137636,False,normal,0.0,4,沪深300;创业板;纳指;国债ETF,沪深300;创业板;纳指;国债ETF,
2015-06-12,1016160.2975443808,0.0,1016160.2975443808,0.6142856817982062,False,normal,0.0,4,沪深300;创业板;纳指;国债ETF,沪深300;创业板;纳指;国债ETF,
2015-06-15,1016240.945187043,0.0,1016240.945187043,0.4110188246265726,False,normal,0.0,3,沪深300;创业板;纳指,沪深300;创业板;纳指,
2015-06-16,1016321.5992303119,0.0,1016321.5992303119,0.3968157082853883,False,normal,0.0,3,沪深300;创业板;纳指,沪深300;创业板;纳指,
2015-06-17,1016402.2596746953,0.0,1016402.2596746953,0.0,True,normal,0.0,0,,沪深300;创业板;纳指,
2015-06-18,1016402.2596746953,0.0,1016402.2596746953,0.0,True,normal,0.0,0,,沪深300;创业板;纳指,
2015-06-19,1016402.2596746953,0.0,1016402.2596746953,0.0,True,normal,0.0,0,,创业板,
2015-06-23,1016402.2596746953,0.0,1016402.2596746953,0.0,True,normal,0.0,0,,创业板;纳指,
2015-06-24,1016402.2596746953,0.0,1016402.2596746953,0.0,True,normal,0.0,0,,沪深300;创业板;纳指,
2015-06-25,1016402.2596746953,0.0,1016402.2596746953,0.0,True,normal,0.0,0,,创业板;纳指,
2015-06-26,1016402.2596746953,0.0,1016402.2596746953,0.0,True,normal,0.0,0,,创业板;纳指,
2015-06-29,1016402.2596746953,0.0,1016402.2596746953,0.0,True,normal,0.0,0,,,
2015-06-30,1016402.2596746953,0.0,1016402.2596746953,0.0,True,normal,0.0,0,,创业板,
2015-07-01,1016402.2596746953,0.0,1016402.2596746953,0.0,True,normal,0.0,0,,纳指,
2015-07-02,1016402.2596746953,0.0,1016402.2596746953,0.0,True,normal,0.0,0,,纳指,
2015-07-03,1016402.2596746953,0.0,1016402.2596746953,0.0,True,normal,0.0,0,,,
2015-07-06,1016402.2596746953,0.0,1016402.2596746953,0.0,True,normal,0.0,0,,,
2015-07-07,1016402.2596746953,0.0,1016402.2596746953,0.0,True,normal,0.0,0,,国债ETF,
2015-07-08,1016402.2596746953,0.0,1016402.2596746953,0.0,True,normal,0.0,0,,国债ETF,
2015-07-09,1016402.2596746953,0.0,1016402.2596746953,1.0,False,normal,0.0,1,国债ETF,国债ETF,
2015-07-10,1016482.9265207013,0.0,1016482.9265207013,1.0,False,normal,0.0,0,,,
2015-07-13,1016482.9265207013,0.0,1016482.9265207013,1.0,False,normal,0.0,0,,,
2015-07-14,1016482.9265207013,0.0,1016482.9265207013,1.0,False,normal,0.0,0,,,
2015-07-15,1016482.9265207013,0.0,1016482.9265207013,1.0,False,normal,0.0,2,纳指;国债ETF,纳指;国债ETF,
2015-07-16,1016563.5997688379,0.0,1016563.5997688379,1.0,False,normal,0.0,1,国债ETF,国债ETF,
2015-07-17,1016644.2794196133,0.0,1016644.2794196133,1.0,False,normal,0.0,2,纳指;国债ETF,纳指;国债ETF,
2015-07-20,1016724.9654735356,0.0,1016724.9654735356,1.0,False,normal,0.0,2,纳指;国债ETF,纳指;国债ETF,
2015-07-21,1016805.6579311129,0.0,1016805.6579311129,1.0,False,normal,0.0,2,纳指;国债ETF,纳指;国债ETF,
2015-07-22,1016886.3567928536,0.0,1016886.3567928536,1.0,False,normal,0.0,2,纳指;国债ETF,纳指;国债ETF,
2015-07-23,1016967.0620592658,0.0,1016967.0620592658,1.0,False,normal,0.0,2,纳指;国债ETF,纳指;国债ETF,
2015-07-24,1017047.7737308579,0.0,1017047.7737308579,1.0,False,normal,0.0,2,纳指;国债ETF,纳指;国债ETF,
2015-07-27,1017128.4918081382,0.0,1017128.4918081382,1.0,False,normal,0.0,2,纳指;国债ETF,纳指;国债ETF,
2015-07-28,1017209.216291615,0.0,1017209.216291615,1.0,False,normal,0.0,2,纳指;国债ETF,纳指;国债ETF,
2015-07-29,1017289.947181797,0.0,1017289.947181797,1.0,False,normal,0.0,2,纳指;国债ETF,纳指;国债ETF,
2015-07-30,1017370.6844791925,0.0,1017370.6844791925,1.0,False,normal,0.0,2,纳指;国债ETF,纳指;国债ETF,
2015-07-31,1017451.42818431,0.0,1017451.42818431,1.0,False,normal,0.0,2,纳指;国债ETF,纳指;国债ETF,
2015-08-03,1017532.178297658,0.0,1017532.178297658,1.0,False,normal,0.0,2,纳指;国债ETF,纳指;国债ETF,
2015-08-04,1017612.9348197451,0.0,1017612.9348197451,1.0,False,normal,0.0,2,纳指;国债ETF,纳指;国债ETF,
2015-08-05,1017693.69775108,0.0,1017693.69775108,1.0,False,normal,0.0,2,纳指;国债ETF,纳指;国债ETF,
2015-08-06,1017774.4670921714,0.0,1017774.4670921714,1.0,False,normal,0.0,2,纳指;国债ETF,纳指;国债ETF,
2015-08-07,1017855.242843528,0.0,1017855.242843528,1.0,False,normal,0.0,2,纳指;国债ETF,纳指;国债ETF,
2015-08-10,1017936.0250056585,0.0,1017936.0250056585,1.0,False,normal,0.0,2,纳指;国债ETF,纳指;国债ETF,
2015-08-11,1018016.8135790717,0.0,1018016.8135790717,0.7746283063336095,False,normal,0.0,2,纳指;国债ETF,纳指;国债ETF,
2015-08-12,1018097.6085642764,0.0,1018097.6085642764,0.7402425792571937,False,normal,0.0,2,纳指;国债ETF,纳指;国债ETF,
2015-08-13,1018178.4099617815,0.0,1018178.4099617815,0.7600307853661876,False,normal,0.0,2,纳指;国债ETF,纳指;国债ETF,
2015-08-14,1018259.2177720959,0.0,1018259.2177720959,0.7834810843036588,False,normal,0.0,2,纳指;国债ETF,纳指;国债ETF,
2015-08-17,1018340.0319957287,0.0,1018340.0319957287,0.8075029240264114,False,normal,0.0,2,纳指;国债ETF,纳指;国债ETF,
2015-08-18,1018420.8526331887,0.0,1018420.8526331887,0.8282161587602946,False,normal,0.0,2,纳指;国债ETF,纳指;国债ETF,
2015-08-19,1018501.6796849851,0.0,1018501.6796849851,0.8321984334898018,False,normal,0.0,2,纳指;国债ETF,纳指;国债ETF,
2015-08-20,1018582.5131516268,0.0,1018582.5131516268,0.8320219288010852,False,normal,0.0,2,纳指;国债ETF,纳指;国债ETF,
2015-08-21,1018663.353033623,0.0,1018663.353033623,1.0,False,normal,0.0,3,纳指;黄金;国债ETF,纳指;黄金;国债ETF,
2015-08-24,1018744.1993314829,0.0,1018744.1993314829,1.0,False,normal,0.0,2,黄金;国债ETF,黄金;国债ETF,
2015-08-25,1018825.0520457156,0.0,1018825.0520457156,1.0,False,normal,0.0,2,黄金;国债ETF,黄金;国债ETF,
2015-08-26,1018905.9111768304,0.0,1018905.9111768304,1.0,False,normal,0.0,2,黄金;国债ETF,黄金;国债ETF,
2015-08-27,1018986.7767253366,0.0,1018986.7767253366,0.7270405098739279,False,normal,0.0,3,纳指;黄金;国债ETF,纳指;黄金;国债ETF,
2015-08-28,1019067.6486917434,0.0,1019067.6486917434,0.7243033731042986,False,normal,0.0,3,纳指;黄金;国债ETF,纳指;黄金;国债ETF,
2015-08-31,1019148.5270765602,0.0,1019148.5270765602,0.7463421028849102,False,normal,0.0,3,纳指;黄金;国债ETF,纳指;黄金;国债ETF,
2015-09-01,1019229.4118802964,0.0,1019229.4118802964,0.7554025105307853,False,normal,0.0,3,纳指;黄金;国债ETF,纳指;黄金;国债ETF,
2015-09-02,1019310.3031034615,0.0,1019310.3031034615,0.779129778541109,False,normal,0.0,3,纳指;黄金;国债ETF,纳指;黄金;国债ETF,
2015-09-07,1019391.200746565,0.0,1019391.200746565,0.7835813295983362,False,normal,0.0,3,纳指;黄金;国债ETF,纳指;黄金;国债ETF,
2015-09-08,1019472.1048101163,0.0,1019472.1048101163,0.5381684050190471,False,normal,0.0,2,纳指;国债ETF,纳指;国债ETF,
2015-09-09,1019553.0152946251,0.0,1019553.0152946251,0.8066227228098106,False,normal,0.0,3,纳指;黄金;国债ETF,纳指;黄金;国债ETF,
2015-09-10,1019633.9322006009,0.0,1019633.9322006009,1.0,False,normal,0.0,1,国债ETF,国债ETF,
2015-09-11,1019714.8555285534,0.0,1019714.8555285534,0.5646718053381489,False,normal,0.0,2,纳指;国债ETF,纳指;国债ETF,
2015-09-14,1019795.7852789921,0.0,1019795.7852789921,1.0,False,normal,0.0,0,,,
2015-09-15,1019795.7852789921,0.0,1019795.7852789921,1.0,False,normal,0.0,2,黄金;国债ETF,黄金;国债ETF,
2015-09-16,1019876.721452427,0.0,1019876.721452427,1.0,False,normal,0.0,2,黄金;国债ETF,黄金;国债ETF,
2015-09-17,1019957.6640493677,0.0,1019957.6640493677,1.0,False,normal,0.0,2,黄金;国债ETF,黄金;国债ETF,
2015-09-18,1020038.613070324,0.0,1020038.613070324,0.6850310172320381,False,normal,0.0,1,黄金,黄金,
2015-09-21,1020119.5685158058,0.0,1020119.5685158058,1.0,False,normal,0.0,2,黄金;国债ETF,黄金;国债ETF,
2015-09-22,1020200.5303863229,0.0,1020200.5303863229,1.0,False,normal,0.0,2,黄金;国债ETF,黄金;国债ETF,
2015-09-23,1020281.4986823853,0.0,1020281.4986823853,0.7004036919933994,False,normal,0.0,1,黄金,黄金,
2015-09-24,1020362.473404503,0.0,1020362.473404503,0.7090459220847735,False,normal,0.0,1,黄金,黄金,
2015-09-25,1020443.4545531858,0.0,1020443.4545531858,1.0,False,normal,0.0,2,黄金;国债ETF,黄金;国债ETF,
2015-09-28,1020524.4421289441,0.0,1020524.4421289441,1.0,False,normal,0.0,2,黄金;国债ETF,黄金;国债ETF,
2015-09-29,1020605.4361322877,0.0,1020605.4361322877,1.0,False,normal,0.0,2,黄金;国债ETF,黄金;国债ETF,
2015-09-30,1020686.4365637269,0.0,1020686.4365637269,1.0,False,normal,0.0,2,黄金;国债ETF,黄金;国债ETF,
2015-10-08,1020767.4434237716,0.0,1020767.4434237716,1.0,False,normal,0.0,2,黄金;国债ETF,黄金;国债ETF,
2015-10-09,1020848.4567129323,0.0,1020848.4567129323,0.7159844124972077,False,normal,0.0,1,黄金,黄金,
2015-10-12,1020929.4764317191,0.0,1020929.4764317191,0.7129755589541344,False,normal,0.0,1,黄金,黄金,
2015-10-13,1021010.5025806424,0.0,1021010.5025806424,0.7204427718146846,False,normal,0.0,1,黄金,黄金,
2015-10-14,1021091.5351602123,0.0,1021091.5351602123,1.0,False,normal,0.0,2,黄金;国债ETF,黄金;国债ETF,
2015-10-15,1021172.5741709394,0.0,1021172.5741709394,0.0,True,normal,0.0,0,,黄金,
2015-10-16,1021172.5741709394,0.0,1021172.5741709394,0.0,True,normal,0.0,0,,黄金,
2015-10-19,1021172.5741709394,0.0,1021172.5741709394,0.0,True,normal,0.0,0,,黄金,
2015-10-20,1021172.5741709394,0.0,1021172.5741709394,0.0,True,normal,0.0,0,,黄金;国债ETF,
2015-10-21,1021172.5741709394,0.0,1021172.5741709394,0.0,True,normal,0.0,0,,黄金;国债ETF,
2015-10-22,1021172.5741709394,0.0,1021172.5741709394,1.0,False,normal,0.0,2,黄金;国债ETF,黄金;国债ETF,
2015-10-23,1021253.619613334,0.0,1021253.619613334,0.3921646116672544,False,normal,0.0,3,创业板;黄金;国债ETF,创业板;黄金;国债ETF,
2015-10-26,1021334.6714879065,0.0,1021334.6714879065,0.32638581353283813,False,normal,0.0,4,沪深300;创业板;纳指;国债ETF,沪深300;创业板;纳指;国债ETF,
2015-10-27,1021415.7297951675,0.0,1021415.7297951675,0.4132796970529998,False,normal,0.0,5,沪深300;创业板;纳指;黄金;国债ETF,沪深300;创业板;纳指;黄金;国债ETF,
2015-10-28,1021496.7945356275,0.0,1021496.7945356275,0.42015921406534495,False,normal,0.0,5,沪深300;创业板;纳指;黄金;国债ETF,沪深300;创业板;纳指;黄金;国债ETF,
2015-10-29,1021577.865709797,0.0,1021577.865709797,0.43238588690762086,False,normal,0.0,5,沪深300;创业板;纳指;黄金;国债ETF,沪深300;创业板;纳指;黄金;国债ETF,
2015-10-30,1021658.9433181867,0.0,1021658.9433181867,0.44510014227792655,False,normal,0.0,5,沪深300;创业板;纳指;黄金;国债ETF,沪深300;创业板;纳指;黄金;国债ETF,
2015-11-02,1021740.0273613072,0.0,1021740.0273613072,0.4503039338935279,False,normal,0.0,5,沪深300;创业板;纳指;黄金;国债ETF,沪深300;创业板;纳指;黄金;国债ETF,
2015-11-03,1021821.1178396692,0.0,1021821.1178396692,0.37940574294523083,False,normal,0.0,4,沪深300;创业板;纳指;国债ETF,沪深300;创业板;纳指;国债ETF,
2015-11-04,1021902.2147537835,0.0,1021902.2147537835,0.2635803462657583,False,normal,0.0,3,沪深300;创业板;纳指,沪深300;创业板;纳指,
2015-11-05,1021983.3181041608,0.0,1021983.3181041608,0.27139897547822345,False,normal,0.0,3,沪深300;创业板;纳指,沪深300;创业板;纳指,
2015-11-06,1022064.427891312,0.0,1022064.427891312,0.2757051422927223,False,normal,0.0,3,沪深300;创业板;纳指,沪深300;创业板;纳指,
2015-11-09,1022145.5441157479,0.0,1022145.5441157479,0.2840088002526324,False,normal,0.0,3,沪深300;创业板;纳指,沪深300;创业板;纳指,
2015-11-10,1022226.6667779793,0.0,1022226.6667779793,0.29198098588887084,False,normal,0.0,3,沪深300;创业板;纳指,沪深300;创业板;纳指,
2015-11-11,1022307.7958785173,0.0,1022307.7958785173,0.3010421018913377,False,normal,0.0,3,沪深300;创业板;纳指,沪深300;创业板;纳指,
2015-11-12,1022388.9314178728,0.0,1022388.9314178728,0.3072683853112531,False,normal,0.0,3,沪深300;创业板;纳指,沪深300;创业板;纳指,
2015-11-13,1022470.0733965568,0.0,1022470.0733965568,0.30843311916664135,False,normal,0.0,3,沪深300;创业板;纳指,沪深300;创业板;纳指,
2015-11-16,1022551.2218150804,0.0,1022551.2218150804,0.31771815113092894,False,normal,0.0,3,沪深300;创业板;纳指,沪深300;创业板;纳指,
2015-11-17,1022632.3766739547,0.0,1022632.3766739547,0.32534697943531227,False,normal,0.0,3,沪深300;创业板;纳指,沪深300;创业板;纳指,
2015-11-18,1022713.5379736908,0.0,1022713.5379736908,0.3306936454877782,False,normal,0.0,3,沪深300;创业板;纳指,沪深300;创业板;纳指,
2015-11-19,1022794.7057147998,0.0,1022794.7057147998,0.32549767689808384,False,normal,0.0,3,沪深300;创业板;纳指,沪深300;创业板;纳指,
2015-11-20,1022875.879897793,0.0,1022875.879897793,0.335585230607209,False,normal,0.0,3,沪深300;创业板;纳指,沪深300;创业板;纳指,
2015-11-23,1022957.0605231818,0.0,1022957.0605231818,0.34464792729094723,False,normal,0.0,3,沪深300;创业板;纳指,沪深300;创业板;纳指,
2015-11-24,1023038.2475914774,0.0,1023038.2475914774,0.3552600905867026,False,normal,0.0,3,沪深300;创业板;纳指,沪深300;创业板;纳指,
2015-11-25,1023119.441103191,0.0,1023119.441103191,0.36430310269612703,False,normal,0.0,3,沪深300;创业板;纳指,沪深300;创业板;纳指,
2015-11-26,1023200.6410588342,0.0,1023200.6410588342,0.4946515827905658,False,normal,0.0,4,沪深300;创业板;纳指;国债ETF,沪深300;创业板;纳指;国债ETF,
2015-11-27,1023281.8474589182,0.0,1023281.8474589182,0.43119391166009646,False,normal,0.0,4,沪深300;创业板;纳指;国债ETF,沪深300;创业板;纳指;国债ETF,
2015-11-30,1023363.0603039546,0.0,1023363.0603039546,0.44436629616738355,False,normal,0.0,4,沪深300;创业板;纳指;国债ETF,沪深300;创业板;纳指;国债ETF,
2015-12-01,1023444.279594455,0.0,1023444.279594455,0.34277745347096855,False,normal,0.0,3,沪深300;创业板;纳指,沪深300;创业板;纳指,
2015-12-02,1023525.5053309308,0.0,1023525.5053309308,0.46695164253722293,False,normal,0.0,4,沪深300;创业板;纳指;国债ETF,沪深300;创业板;纳指;国债ETF,
2015-12-03,1023606.7375138936,0.0,1023606.7375138936,0.47589418171418735,False,normal,0.0,4,沪深300;创业板;纳指;国债ETF,沪深300;创业板;纳指;国债ETF,
2015-12-04,1023687.9761438551,0.0,1023687.9761438551,0.4781620822229095,False,normal,0.0,4,沪深300;创业板;纳指;国债ETF,沪深300;创业板;纳指;国债ETF,
2015-12-07,1023769.221221327,0.0,1023769.221221327,0.4862336502398009,False,normal,0.0,4,沪深300;创业板;纳指;国债ETF,沪深300;创业板;纳指;国债ETF,
2015-12-08,1023850.4727468208,0.0,1023850.4727468208,0.49337300015817676,False,normal,0.0,4,沪深300;创业板;纳指;国债ETF,沪深300;创业板;纳指;国债ETF,
2015-12-09,1023931.7307208483,0.0,1023931.7307208483,0.5084924893381867,False,normal,0.0,4,沪深300;创业板;纳指;国债ETF,沪深300;创业板;纳指;国债ETF,
2015-12-10,1024012.9951439215,0.0,1024012.9951439215,0.5240404382192407,False,normal,0.0,4,沪深300;创业板;纳指;国债ETF,沪深300;创业板;纳指;国债ETF,
2015-12-11,1024094.266016552,0.0,1024094.266016552,0.5397187171338043,False,normal,0.0,4,沪深300;创业板;纳指;国债ETF,沪深300;创业板;纳指;国债ETF,
2015-12-14,1024175.5433392518,0.0,1024175.5433392518,0.5498221445717273,False,normal,0.0,4,沪深300;创业板;纳指;国债ETF,沪深300;创业板;纳指;国债ETF,
2015-12-15,1024256.8271125327,0.0,1024256.8271125327,0.566904507030515,False,normal,0.0,4,沪深300;创业板;纳指;国债ETF,沪深300;创业板;纳指;国债ETF,
2015-12-16,1024338.1173369067,0.0,1024338.1173369067,0.5832892038583485,False,normal,0.0,4,沪深300;创业板;纳指;国债ETF,沪深300;创业板;纳指;国债ETF,
2015-12-17,1024419.4140128859,0.0,1024419.4140128859,0.5671411153675585,False,normal,0.0,4,沪深300;创业板;纳指;国债ETF,沪深300;创业板;纳指;国债ETF,
2015-12-18,1024500.7171409822,0.0,1024500.7171409822,0.5816009748169757,False,normal,0.0,4,沪深300;创业板;纳指;国债ETF,沪深300;创业板;纳指;国债ETF,
2015-12-21,1024582.0267217077,0.0,1024582.0267217077,0.5977945636362655,False,normal,0.0,4,沪深300;创业板;纳指;国债ETF,沪深300;创业板;纳指;国债ETF,
2015-12-22,1024663.3427555745,0.0,1024663.3427555745,0.6157589661843429,False,normal,0.0,4,沪深300;创业板;纳指;国债ETF,沪深300;创业板;纳指;国债ETF,
2015-12-23,1024744.6652430948,0.0,1024744.6652430948,0.627504416100524,False,normal,0.0,4,沪深300;创业板;纳指;国债ETF,沪深300;创业板;纳指;国债ETF,
2015-12-24,1024825.9941847807,0.0,1024825.9941847807,0.647221336130946,False,normal,0.0,4,沪深300;创业板;纳指;国债ETF,沪深300;创业板;纳指;国债ETF,
2015-12-25,1024907.3295811446,0.0,1024907.3295811446,0.6670690133593374,False,normal,0.0,4,沪深300;创业板;纳指;国债ETF,沪深300;创业板;纳指;国债ETF,
2015-12-28,1024988.6714326987,0.0,1024988.6714326987,0.5149057936900248,False,normal,0.0,3,沪深300;创业板;国债ETF,沪深300;创业板;国债ETF,
2015-12-29,1025070.0197399553,0.0,1025070.0197399553,0.6525903068736131,False,normal,0.0,4,沪深300;创业板;纳指;国债ETF,沪深300;创业板;纳指;国债ETF,
2015-12-30,1025151.3745034268,0.0,1025151.3745034268,0.6663101748108949,False,normal,0.0,4,沪深300;创业板;纳指;国债ETF,沪深300;创业板;纳指;国债ETF,
2015-12-31,1025232.7357236255,0.0,1025232.7357236255,1.0,False,normal,0.0,2,纳指;国债ETF,纳指;国债ETF,
2016-01-04,1025314.1034010639,0.0,1025314.1034010639,1.0,False,normal,0.0,3,纳指;黄金;国债ETF,纳指;黄金;国债ETF,
2016-01-05,1025395.4775362546,0.0,1025395.4775362546,1.0,False,normal,0.0,3,纳指;黄金;国债ETF,纳指;黄金;国债ETF,
2016-01-06,1025476.8581297098,0.0,1025476.8581297098,1.0,False,normal,0.0,3,纳指;黄金;国债ETF,纳指;黄金;国债ETF,
2016-01-07,1025558.2451819424,0.0,1025558.2451819424,1.0,False,normal,0.0,3,纳指;黄金;国债ETF,纳指;黄金;国债ETF,
2016-01-08,1025639.6386934648,0.0,1025639.6386934648,1.0,False,normal,0.0,2,黄金;国债ETF,黄金;国债ETF,
2016-01-11,1025721.0386647898,0.0,1025721.0386647898,1.0,False,normal,0.0,3,纳指;黄金;国债ETF,纳指;黄金;国债ETF,
2016-01-12,1025802.4450964299,0.0,1025802.4450964299,1.0,False,normal,0.0,2,黄金;国债ETF,黄金;国债ETF,
2016-01-13,1025883.857988898,0.0,1025883.857988898,1.0,False,normal,0.0,2,黄金;国债ETF,黄金;国债ETF,
2016-01-14,1025965.2773427067,0.0,1025965.2773427067,1.0,False,normal,0.0,2,黄金;国债ETF,黄金;国债ETF,
2016-01-15,1026046.7031583688,0.0,1026046.7031583688,1.0,False,normal,0.0,2,黄金;国债ETF,黄金;国债ETF,
2016-01-18,1026128.1354363973,0.0,1026128.1354363973,1.0,False,normal,0.0,2,黄金;国债ETF,黄金;国债ETF,
2016-01-19,1026209.574177305,0.0,1026209.574177305,1.0,False,normal,0.0,2,黄金;国债ETF,黄金;国债ETF,
2016-01-20,1026291.0193816049,0.0,1026291.0193816049,1.0,False,normal,0.0,2,黄金;国债ETF,黄金;国债ETF,
2016-01-21,1026372.4710498098,0.0,1026372.4710498098,1.0,False,normal,0.0,2,黄金;国债ETF,黄金;国债ETF,
2016-01-22,1026453.9291824328,0.0,1026453.9291824328,1.0,False,normal,0.0,2,黄金;国债ETF,黄金;国债ETF,
2016-01-25,1026535.393779987,0.0,1026535.393779987,1.0,False,normal,0.0,2,黄金;国债ETF,黄金;国债ETF,
2016-01-26,1026616.8648429854,0.0,1026616.8648429854,1.0,False,normal,0.0,2,黄金;国债ETF,黄金;国债ETF,
2016-01-27,1026698.3423719412,0.0,1026698.3423719412,1.0,False,normal,0.0,2,黄金;国债ETF,黄金;国债ETF,
2016-01-28,1026779.8263673676,0.0,1026779.8263673676,1.0,False,normal,0.0,2,黄金;国债ETF,黄金;国债ETF,
2016-01-29,1026861.3168297778,0.0,1026861.3168297778,1.0,False,normal,0.0,2,黄金;国债ETF,黄金;国债ETF,
2016-02-01,1026942.8137596849,0.0,1026942.8137596849,1.0,False,normal,0.0,2,黄金;国债ETF,黄金;国债ETF,
2016-02-02,1027024.3171576024,0.0,1027024.3171576024,1.0,False,normal,0.0,2,黄金;国债ETF,黄金;国债ETF,
2016-02-03,1027105.8270240435,0.0,1027105.8270240435,1.0,False,normal,0.0,2,黄金;国债ETF,黄金;国债ETF,
2016-02-04,1027187.3433595217,0.0,1027187.3433595217,1.0,False,normal,0.0,2,黄金;国债ETF,黄金;国债ETF,
2016-02-05,1027268.8661645503,0.0,1027268.8661645503,1.0,False,normal,0.0,2,黄金;国债ETF,黄金;国债ETF,
2016-02-15,1027350.3954396427,0.0,1027350.3954396427,1.0,False,normal,0.0,2,黄金;国债ETF,黄金;国债ETF,
2016-02-16,1027431.9311853126,0.0,1027431.9311853126,1.0,False,normal,0.0,2,黄金;国债ETF,黄金;国债ETF,
2016-02-17,1027513.4734020734,0.0,1027513.4734020734,1.0,False,normal,0.0,2,黄金;国债ETF,黄金;国债ETF,
2016-02-18,1027595.0220904386,0.0,1027595.0220904386,1.0,False,normal,0.0,2,黄金;国债ETF,黄金;国债ETF,
2016-02-19,1027676.5772509221,0.0,1027676.5772509221,1.0,False,normal,0.0,2,黄金;国债ETF,黄金;国债ETF,
2016-02-22,1027758.1388840373,0.0,1027758.1388840373,1.0,False,normal,0.0,2,黄金;国债ETF,黄金;国债ETF,
2016-02-23,1027839.706990298,0.0,1027839.706990298,1.0,False,normal,0.0,2,黄金;国债ETF,黄金;国债ETF,
2016-02-24,1027921.2815702179,0.0,1027921.2815702179,1.0,False,normal,0.0,2,黄金;国债ETF,黄金;国债ETF,
2016-02-25,1028002.8626243109,0.0,1028002.8626243109,1.0,False,normal,0.0,2,黄金;国债ETF,黄金;国债ETF,
2016-02-26,1028084.4501530906,0.0,1028084.4501530906,1.0,False,normal,0.0,2,黄金;国债ETF,黄金;国债ETF,
2016-02-29,1028166.044157071,0.0,1028166.044157071,1.0,False,normal,0.0,2,黄金;国债ETF,黄金;国债ETF,
2016-03-01,1028247.644636766,0.0,1028247.644636766,1.0,False,normal,0.0,2,黄金;国债ETF,黄金;国债ETF,
2016-03-02,1028329.2515926897,0.0,1028329.2515926897,1.0,False,normal,0.0,2,黄金;国债ETF,黄金;国债ETF,
2016-03-03,1028410.8650253558,0.0,1028410.8650253558,1.0,False,normal,0.0,2,黄金;国债ETF,黄金;国债ETF,
2016-03-04,1028492.4849352785,0.0,1028492.4849352785,1.0,False,normal,0.0,2,黄金;国债ETF,黄金;国债ETF,
2016-03-07,1028574.1113229719,0.0,1028574.1113229719,1.0,False,normal,0.0,2,黄金;国债ETF,黄金;国债ETF,
2016-03-08,1028655.7441889499,0.0,1028655.7441889499,1.0,False,normal,0.0,2,黄金;国债ETF,黄金;国债ETF,
2016-03-09,1028737.3835337269,0.0,1028737.3835337269,1.0,False,normal,0.0,2,黄金;国债ETF,黄金;国债ETF,
2016-03-10,1028819.0293578169,0.0,1028819.0293578169,1.0,False,normal,0.0,2,黄金;国债ETF,黄金;国债ETF,
2016-03-11,1028900.6816617342,0.0,1028900.6816617342,1.0,False,normal,0.0,2,黄金;国债ETF,黄金;国债ETF,
2016-03-14,1028982.3404459931,0.0,1028982.3404459931,1.0,False,normal,0.0,2,黄金;国债ETF,黄金;国债ETF,
2016-03-15,1029064.005711108,0.0,1029064.005711108,1.0,False,normal,0.0,2,黄金;国债ETF,黄金;国债ETF,
2016-03-16,1029145.677457593,0.0,1029145.677457593,1.0,False,normal,0.0,3,纳指;黄金;国债ETF,纳指;黄金;国债ETF,
2016-03-17,1029227.3556859627,0.0,1029227.3556859627,1.0,False,normal,0.0,3,纳指;黄金;国债ETF,纳指;黄金;国债ETF,
2016-03-18,1029309.0403967315,0.0,1029309.0403967315,0.6085016523561537,False,normal,0.0,4,创业板;纳指;黄金;国债ETF,创业板;纳指;黄金;国债ETF,
2016-03-21,1029390.7315904138,0.0,1029390.7315904138,1.0,False,normal,0.0,3,纳指;黄金;国债ETF,纳指;黄金;国债ETF,
2016-03-22,1029472.4292675243,0.0,1029472.4292675243,0.574199947530573,False,normal,0.0,5,沪深300;创业板;纳指;黄金;国债ETF,沪深300;创业板;纳指;黄金;国债ETF,
2016-03-23,1029554.1334285773,0.0,1029554.1334285773,0.5908709549437889,False,normal,0.0,5,沪深300;创业板;纳指;黄金;国债ETF,沪深300;创业板;纳指;黄金;国债ETF,
2016-03-24,1029635.8440740876,0.0,1029635.8440740876,0.5813052949530947,False,normal,0.0,5,沪深300;创业板;纳指;黄金;国债ETF,沪深300;创业板;纳指;黄金;国债ETF,
2016-03-25,1029717.5612045696,0.0,1029717.5612045696,0.5989330335833313,False,normal,0.0,5,沪深300;创业板;纳指;黄金;国债ETF,沪深300;创业板;纳指;黄金;国债ETF,
2016-03-28,1029799.2848205384,0.0,1029799.2848205384,0.613141461067013,False,normal,0.0,5,沪深300;创业板;纳指;黄金;国债ETF,沪深300;创业板;纳指;黄金;国债ETF,
2016-03-29,1029881.0149225083,0.0,1029881.0149225083,0.6257216581308671,False,normal,0.0,5,沪深300;创业板;纳指;黄金;国债ETF,沪深300;创业板;纳指;黄金;国债ETF,
2016-03-30,1029962.7515109943,0.0,1029962.7515109943,0.5892676951100514,False,normal,0.0,5,沪深300;创业板;纳指;黄金;国债ETF,沪深300;创业板;纳指;黄金;国债ETF,
2016-03-31,1030044.494586511,0.0,1030044.494586511,0.6040799526024659,False,normal,0.0,5,沪深300;创业板;纳指;黄金;国债ETF,沪深300;创业板;纳指;黄金;国债ETF,
2016-04-01,1030126.2441495735,0.0,1030126.2441495735,0.622407293176389,False,normal,0.0,5,沪深300;创业板;纳指;黄金;国债ETF,沪深300;创业板;纳指;黄金;国债ETF,
2016-04-05,1030208.0002006965,0.0,1030208.0002006965,0.6319519695721765,False,normal,0.0,5,沪深300;创业板;纳指;黄金;国债ETF,沪深300;创业板;纳指;黄金;国债ETF,
2016-04-06,1030289.762740395,0.0,1030289.762740395,0.6517516431293114,False,normal,0.0,5,沪深300;创业板;纳指;黄金;国债ETF,沪深300;创业板;纳指;黄金;国债ETF,
2016-04-07,1030371.531769184,0.0,1030371.531769184,0.6660466739453401,False,normal,0.0,5,沪深300;创业板;纳指;黄金;国债ETF,沪深300;创业板;纳指;黄金;国债ETF,
2016-04-08,1030453.3072875785,0.0,1030453.3072875785,0.6796894932269336,False,normal,0.0,5,沪深300;创业板;纳指;黄金;国债ETF,沪深300;创业板;纳指;黄金;国债ETF,
2016-04-11,1030535.0892960934,0.0,1030535.0892960934,0.6896854077669357,False,normal,0.0,5,沪深300;创业板;纳指;黄金;国债ETF,沪深300;创业板;纳指;黄金;国债ETF,
2016-04-12,1030616.877795244,0.0,1030616.877795244,0.709503820744941,False,normal,0.0,5,沪深300;创业板;纳指;黄金;国债ETF,沪深300;创业板;纳指;黄金;国债ETF,
2016-04-13,1030698.6727855452,0.0,1030698.6727855452,0.7306992558159439,False,normal,0.0,5,沪深300;创业板;纳指;黄金;国债ETF,沪深300;创业板;纳指;黄金;国债ETF,
2016-04-14,1030780.4742675124,0.0,1030780.4742675124,0.7510001002672995,False,normal,0.0,5,沪深300;创业板;纳指;黄金;国债ETF,沪深300;创业板;纳指;黄金;国债ETF,
2016-04-15,1030862.2822416608,0.0,1030862.2822416608,0.617218179927248,False,normal,0.0,4,沪深300;创业板;纳指;国债ETF,沪深300;创业板;纳指;国债ETF,
2016-04-18,1030944.0967085054,0.0,1030944.0967085054,0.7772981770120947,False,normal,0.0,5,沪深300;创业板;纳指;黄金;国债ETF,沪深300;创业板;纳指;黄金;国债ETF,
2016-04-19,1031025.9176685617,0.0,1031025.9176685617,0.7999278256747617,False,normal,0.0,5,沪深300;创业板;纳指;黄金;国债ETF,沪深300;创业板;纳指;黄金;国债ETF,
2016-04-20,1031107.7451223449,0.0,1031107.7451223449,1.0,False,normal,0.0,4,沪深300;纳指;黄金;国债ETF,沪深300;纳指;黄金;国债ETF,
2016-04-21,1031189.5790703705,0.0,1031189.5790703705,0.7415451546404044,False,normal,0.0,5,沪深300;创业板;纳指;黄金;国债ETF,沪深300;创业板;纳指;黄金;国债ETF,
2016-04-22,1031271.419513154,0.0,1031271.419513154,0.6018365765148076,False,normal,0.0,4,沪深300;创业板;纳指;国债ETF,沪深300;创业板;纳指;国债ETF,
2016-04-25,1031353.2664512106,0.0,1031353.2664512106,0.4628921396405625,False,normal,0.0,3,沪深300;创业板;纳指,沪深300;创业板;纳指,
2016-04-26,1031435.1198850559,0.0,1031435.1198850559,0.47326596218454536,False,normal,0.0,3,沪深300;创业板;纳指,沪深300;创业板;纳指,
2016-04-27,1031516.9798152056,0.0,1031516.9798152056,0.6585044951099474,False,normal,0.0,4,沪深300;创业板;纳指;黄金,沪深300;创业板;纳指;黄金,
2016-04-28,1031598.8462421751,0.0,1031598.8462421751,0.6641112436263832,False,normal,0.0,4,沪深300;创业板;纳指;国债ETF,沪深300;创业板;纳指;国债ETF,
2016-04-29,1031680.7191664801,0.0,1031680.7191664801,0.7647259720944332,False,normal,0.0,4,沪深300;创业板;黄金;国债ETF,沪深300;创业板;黄金;国债ETF,
2016-05-03,1031762.5985886363,0.0,1031762.5985886363,0.6926523574556266,False,normal,0.0,4,沪深300;创业板;黄金;国债ETF,沪深300;创业板;黄金;国债ETF,
2016-05-04,1031844.4845091592,0.0,1031844.4845091592,0.8096339735147827,False,normal,0.0,5,沪深300;创业板;纳指;黄金;国债ETF,沪深300;创业板;纳指;黄金;国债ETF,
2016-05-05,1031926.3769285647,0.0,1031926.3769285647,0.8350539610676654,False,normal,0.0,5,沪深300;创业板;纳指;黄金;国债ETF,沪深300;创业板;纳指;黄金;国债ETF,
2016-05-06,1032008.2758473686,0.0,1032008.2758473686,0.7864713662670407,False,normal,0.0,5,沪深300;创业板;纳指;黄金;国债ETF,沪深300;创业板;纳指;黄金;国债ETF,
2016-05-09,1032090.1812660868,0.0,1032090.1812660868,0.6267518131744723,False,normal,0.0,4,沪深300;创业板;纳指;黄金,沪深300;创业板;纳指;黄金,
2016-05-10,1032172.0931852349,0.0,1032172.0931852349,0.7123731877861753,False,normal,0.0,3,创业板;黄金;国债ETF,创业板;黄金;国债ETF,
2016-05-11,1032254.011605329,0.0,1032254.011605329,0.8238837036931497,False,normal,0.0,5,沪深300;创业板;纳指;黄金;国债ETF,沪深300;创业板;纳指;黄金;国债ETF,
2016-05-12,1032335.936526885,0.0,1032335.936526885,0.0,True,normal,0.0,0,,沪深300;创业板;纳指;黄金;国债ETF,
2016-05-13,1032335.936526885,0.0,1032335.936526885,0.0,True,normal,0.0,0,,黄金;国债ETF,
2016-05-16,1032335.936526885,0.0,1032335.936526885,1.0,False,normal,0.0,2,黄金;国债ETF,黄金;国债ETF,
2016-05-17,1032417.867950419,0.0,1032417.867950419,1.0,False,normal,0.0,3,纳指;黄金;国债ETF,纳指;黄金;国债ETF,
2016-05-18,1032499.8058764468,0.0,1032499.8058764468,1.0,False,normal,0.0,2,黄金;国债ETF,黄金;国债ETF,
2016-05-19,1032581.7503054846,0.0,1032581.7503054846,0.753270478069279,False,normal,0.0,1,黄金,黄金,
2016-05-20,1032663.7012380486,0.0,1032663.7012380486,0.7766207831139433,False,normal,0.0,1,黄金,黄金,
2016-05-23,1032745.6586746549,0.0,1032745.6586746549,0.8004075329840127,False,normal,0.0,1,黄金,黄金,
2016-05-24,1032827.6226158196,0.0,1032827.6226158196,0.8170533877270747,False,normal,0.0,1,黄金,黄金,
2016-05-25,1032909.5930620589,0.0,1032909.5930620589,1.0,False,normal,0.0,2,纳指;黄金,纳指;黄金,
2016-05-26,1032991.5700138892,0.0,1032991.5700138892,1.0,False,normal,0.0,2,纳指;黄金,纳指;黄金,
2016-05-27,1033073.5534718268,0.0,1033073.5534718268,1.0,False,normal,0.0,2,纳指;黄金,纳指;黄金,
2016-05-30,1033155.5434363881,0.0,1033155.5434363881,0.81465145618135,False,normal,0.0,1,纳指,纳指,
2016-05-31,1033237.5399080894,0.0,1033237.5399080894,1.0,False,normal,0.0,2,纳指;黄金,纳指;黄金,
2016-06-01,1033319.5428874473,0.0,1033319.5428874473,1.0,False,normal,0.0,2,纳指;黄金,纳指;黄金,
2016-06-02,1033401.5523749781,0.0,1033401.5523749781,1.0,False,normal,0.0,2,纳指;黄金,纳指;黄金,
2016-06-03,1033483.5683711984,0.0,1033483.5683711984,1.0,False,normal,0.0,3,沪深300;纳指;黄金,沪深300;纳指;黄金,
2016-06-06,1033565.5908766247,0.0,1033565.5908766247,1.0,False,normal,0.0,2,纳指;黄金,纳指;黄金,
2016-06-07,1033647.6198917737,0.0,1033647.6198917737,1.0,False,normal,0.0,2,纳指;黄金,纳指;黄金,
2016-06-08,1033729.655417162,0.0,1033729.655417162,1.0,False,normal,0.0,2,纳指;黄金,纳指;黄金,
2016-06-13,1033811.6974533063,0.0,1033811.6974533063,0.6038141118047439,False,normal,0.0,1,黄金,黄金,
2016-06-14,1033893.7460007232,0.0,1033893.7460007232,0.6184344969257839,False,normal,0.0,1,黄金,黄金,
2016-06-15,1033975.8010599297,0.0,1033975.8010599297,0.6366345548876744,False,normal,0.0,1,黄金,黄金,
2016-06-16,1034057.8626314424,0.0,1034057.8626314424,0.0,True,normal,0.0,0,,黄金,
2016-06-17,1034057.8626314424,0.0,1034057.8626314424,0.0,True,normal,0.0,0,,创业板;纳指;黄金;国债ETF,
2016-06-20,1034057.8626314424,0.0,1034057.8626314424,0.0,True,normal,0.0,0,,创业板;纳指;黄金;国债ETF,
2016-06-21,1034057.8626314424,0.0,1034057.8626314424,0.0,True,normal,0.0,0,,黄金;国债ETF,
2016-06-22,1034057.8626314424,0.0,1034057.8626314424,0.0,True,normal,0.0,0,,创业板;纳指;黄金;国债ETF,
2016-06-23,1034057.8626314424,0.0,1034057.8626314424,0.0,True,normal,0.0,0,,纳指;黄金;国债ETF,
2016-06-24,1034057.8626314424,0.0,1034057.8626314424,0.0,True,normal,0.0,0,,创业板;纳指;黄金;国债ETF,
2016-06-27,1034057.8626314424,0.0,1034057.8626314424,0.0,True,normal,0.0,0,,创业板;纳指;黄金;国债ETF,
2016-06-28,1034057.8626314424,0.0,1034057.8626314424,0.0,True,normal,0.0,0,,创业板;纳指;黄金;国债ETF,
2016-06-29,1034057.8626314424,0.0,1034057.8626314424,0.0,True,normal,0.0,0,,创业板;纳指;黄金;国债ETF,
2016-06-30,1034057.8626314424,0.0,1034057.8626314424,0.0,True,normal,0.0,0,,创业板;纳指;黄金;国债ETF,
2016-07-01,1034057.8626314424,0.0,1034057.8626314424,0.0,True,normal,0.0,0,,纳指;黄金;国债ETF,
2016-07-04,1034057.8626314424,0.0,1034057.8626314424,0.0,True,normal,0.0,0,,沪深300;创业板;纳指;黄金;国债ETF,
2016-07-05,1034057.8626314424,0.0,1034057.8626314424,0.0,True,normal,0.0,0,,沪深300;创业板;纳指;黄金;国债ETF,
2016-07-06,1034057.8626314424,0.0,1034057.8626314424,0.0,True,normal,0.0,0,,沪深300;创业板;纳指;黄金;国债ETF,
2016-07-07,1034057.8626314424,0.0,1034057.8626314424,0.0,True,normal,0.0,0,,沪深300;创业板;纳指;黄金;国债ETF,
2016-07-08,1034057.8626314424,0.0,1034057.8626314424,0.0,True,normal,0.0,0,,沪深300;创业板;纳指;黄金;国债ETF,
2016-07-11,1034057.8626314424,0.0,1034057.8626314424,0.0,True,normal,0.0,0,,沪深300;创业板;纳指;黄金;国债ETF,
2016-07-12,1034057.8626314424,0.0,1034057.8626314424,0.0,True,normal,0.0,0,,沪深300;创业板;纳指;黄金;国债ETF,
2016-07-13,1034057.8626314424,0.0,1034057.8626314424,0.0,True,normal,0.0,0,,沪深300;创业板;纳指;黄金;国债ETF,
2016-07-14,1034057.8626314424,0.0,1034057.8626314424,0.0,True,normal,0.0,0,,沪深300;创业板;纳指;黄金;国债ETF,
2016-07-15,1034057.8626314424,0.0,1034057.8626314424,0.0,True,normal,0.0,0,,沪深300;创业板;纳指;黄金;国债ETF,
2016-07-18,1034057.8626314424,0.0,1034057.8626314424,0.0,True,normal,0.0,0,,沪深300;创业板;纳指;黄金;国债ETF,
2016-07-19,1034057.8626314424,0.0,1034057.8626314424,0.0,True,normal,0.0,0,,沪深300;创业板;纳指;黄金;国债ETF,
2016-07-20,1034057.8626314424,0.0,1034057.8626314424,0.0,True,normal,0.0,0,,沪深300;创业板;纳指;黄金;国债ETF,
2016-07-21,1034057.8626314424,0.0,1034057.8626314424,0.0,True,normal,0.0,0,,沪深300;创业板;纳指;黄金;国债ETF,
2016-07-22,1034057.8626314424,0.0,1034057.8626314424,0.0,True,normal,0.0,0,,沪深300;创业板;纳指;黄金;国债ETF,
2016-07-25,1034057.8626314424,0.0,1034057.8626314424,0.0,True,normal,0.0,0,,沪深300;创业板;纳指;黄金;国债ETF,
2016-07-26,1034057.8626314424,0.0,1034057.8626314424,0.0,True,normal,0.0,0,,沪深300;创业板;纳指;黄金;国债ETF,
2016-07-27,1034057.8626314424,0.0,1034057.8626314424,0.0,True,normal,0.0,0,,沪深300;纳指;黄金;国债ETF,
2016-07-28,1034057.8626314424,0.0,1034057.8626314424,0.0,True,normal,0.0,0,,沪深300;纳指;黄金;国债ETF,
2016-07-29,1034057.8626314424,0.0,1034057.8626314424,0.0,True,normal,0.0,0,,沪深300;纳指;黄金;国债ETF,
2016-08-01,1034057.8626314424,0.0,1034057.8626314424,0.0,True,normal,0.0,0,,沪深300;纳指;黄金;国债ETF,
2016-08-02,1034057.8626314424,0.0,1034057.8626314424,1.0,False,normal,0.0,4,沪深300;纳指;黄金;国债ETF,沪深300;纳指;黄金;国债ETF,
2016-08-03,1034139.9307157783,0.0,1034139.9307157783,1.0,False,normal,0.0,4,沪深300;纳指;黄金;国债ETF,沪深300;纳指;黄金;国债ETF,
2016-08-04,1034222.0053134542,0.0,1034222.0053134542,1.0,False,normal,0.0,4,沪深300;纳指;黄金;国债ETF,沪深300;纳指;黄金;国债ETF,
2016-08-05,1034304.0864249871,0.0,1034304.0864249871,1.0,False,normal,0.0,5,沪深300;创业板;纳指;黄金;国债ETF,沪深300;创业板;纳指;黄金;国债ETF,
2016-08-08,1034386.1740508939,0.0,1034386.1740508939,1.0,False,normal,0.0,5,沪深300;创业板;纳指;黄金;国债ETF,沪深300;创业板;纳指;黄金;国债ETF,
2016-08-09,1034468.2681916916,0.0,1034468.2681916916,1.0,False,normal,0.0,5,沪深300;创业板;纳指;黄金;国债ETF,沪深300;创业板;纳指;黄金;国债ETF,
2016-08-10,1034550.3688478974,0.0,1034550.3688478974,1.0,False,normal,0.0,5,沪深300;创业板;纳指;黄金;国债ETF,沪深300;创业板;纳指;黄金;国债ETF,
2016-08-11,1034632.4760200282,0.0,1034632.4760200282,1.0,False,normal,0.0,4,沪深300;纳指;黄金;国债ETF,沪深300;纳指;黄金;国债ETF,
2016-08-12,1034714.5897086012,0.0,1034714.5897086012,1.0,False,normal,0.0,5,沪深300;创业板;纳指;黄金;国债ETF,沪深300;创业板;纳指;黄金;国债ETF,
2016-08-15,1034796.7099141338,0.0,1034796.7099141338,1.0,False,normal,0.0,5,沪深300;创业板;纳指;黄金;国债ETF,沪深300;创业板;纳指;黄金;国债ETF,
2016-08-16,1034878.8366371429,0.0,1034878.8366371429,1.0,False,normal,0.0,5,沪深300;创业板;纳指;黄金;国债ETF,沪深300;创业板;纳指;黄金;国债ETF,
2016-08-17,1034960.969878146,0.0,1034960.969878146,1.0,False,normal,0.0,5,沪深300;创业板;纳指;黄金;国债ETF,沪深300;创业板;纳指;黄金;国债ETF,
2016-08-18,1035043.1096376601,0.0,1035043.1096376601,1.0,False,normal,0.0,5,沪深300;创业板;纳指;黄金;国债ETF,沪深300;创业板;纳指;黄金;国债ETF,
2016-08-19,1035125.2559162028,0.0,1035125.2559162028,1.0,False,normal,0.0,5,沪深300;创业板;纳指;黄金;国债ETF,沪深300;创业板;纳指;黄金;国债ETF,
2016-08-22,1035207.4087142914,0.0,1035207.4087142914,1.0,False,normal,0.0,4,沪深300;纳指;黄金;国债ETF,沪深300;纳指;黄金;国债ETF,
2016-08-23,1035289.5680324434,0.0,1035289.5680324434,1.0,False,normal,0.0,4,沪深300;纳指;黄金;国债ETF,沪深300;纳指;黄金;国债ETF,
2016-08-24,1035371.7338711761,0.0,1035371.7338711761,1.0,False,normal,0.0,4,沪深300;纳指;黄金;国债ETF,沪深300;纳指;黄金;国债ETF,
2016-08-25,1035453.9062310072,0.0,1035453.9062310072,1.0,False,normal,0.0,3,沪深300;纳指;国债ETF,沪深300;纳指;国债ETF,
2016-08-26,1035536.0851124541,0.0,1035536.0851124541,1.0,False,normal,0.0,3,沪深300;纳指;国债ETF,沪深300;纳指;国债ETF,
2016-08-29,1035618.2705160346,0.0,1035618.2705160346,1.0,False,normal,0.0,3,沪深300;纳指;国债ETF,沪深300;纳指;国债ETF,
2016-08-30,1035700.462442266,0.0,1035700.462442266,1.0,False,normal,0.0,3,沪深300;纳指;国债ETF,沪深300;纳指;国债ETF,
2016-08-31,1035782.6608916663,0.0,1035782.6608916663,1.0,False,normal,0.0,3,沪深300;纳指;国债ETF,沪深300;纳指;国债ETF,
2016-09-01,1035864.865864753,0.0,1035864.865864753,1.0,False,normal,0.0,3,沪深300;纳指;国债ETF,沪深300;纳指;国债ETF,
2016-09-02,1035947.0773620439,0.0,1035947.0773620439,1.0,False,normal,0.0,3,沪深300;纳指;国债ETF,沪深300;纳指;国债ETF,
2016-09-05,1036029.2953840567,0.0,1036029.2953840567,1.0,False,normal,0.0,3,沪深300;纳指;国债ETF,沪深300;纳指;国债ETF,
2016-09-06,1036111.5199313095,0.0,1036111.5199313095,1.0,False,normal,0.0,3,沪深300;纳指;国债ETF,沪深300;纳指;国债ETF,
2016-09-07,1036193.75100432,0.0,1036193.75100432,1.0,False,normal,0.0,4,沪深300;纳指;黄金;国债ETF,沪深300;纳指;黄金;国债ETF,
2016-09-08,1036275.9886036061,0.0,1036275.9886036061,1.0,False,normal,0.0,4,沪深300;纳指;黄金;国债ETF,沪深300;纳指;黄金;国债ETF,
2016-09-09,1036358.2327296858,0.0,1036358.2327296858,1.0,False,normal,0.0,4,沪深300;纳指;黄金;国债ETF,沪深300;纳指;黄金;国债ETF,
2016-09-12,1036440.4833830771,0.0,1036440.4833830771,1.0,False,normal,0.0,3,沪深300;纳指;国债ETF,沪深300;纳指;国债ETF,
2016-09-13,1036522.740564298,0.0,1036522.740564298,1.0,False,normal,0.0,3,沪深300;纳指;国债ETF,沪深300;纳指;国债ETF,
2016-09-14,1036605.0042738667,0.0,1036605.0042738667,1.0,False,normal,0.0,3,纳指;黄金;国债ETF,纳指;黄金;国债ETF,
2016-09-19,1036687.2745123011,0.0,1036687.2745123011,1.0,False,normal,0.0,3,沪深300;纳指;国债ETF,沪深300;纳指;国债ETF,
2016-09-20,1036769.5512801196,0.0,1036769.5512801196,1.0,False,normal,0.0,4,沪深300;纳指;黄金;国债ETF,沪深300;纳指;黄金;国债ETF,
2016-09-21,1036851.8345778403,0.0,1036851.8345778403,1.0,False,normal,0.0,4,沪深300;纳指;黄金;国债ETF,沪深300;纳指;黄金;国债ETF,
2016-09-22,1036934.1244059814,0.0,1036934.1244059814,1.0,False,normal,0.0,5,沪深300;创业板;纳指;黄金;国债ETF,沪深300;创业板;纳指;黄金;国债ETF,
2016-09-23,1037016.4207650613,0.0,1037016.4207650613,1.0,False,normal,0.0,4,沪深300;创业板;纳指;国债ETF,沪深300;创业板;纳指;国债ETF,
2016-09-26,1037098.7236555982,0.0,1037098.7236555982,1.0,False,normal,0.0,5,沪深300;创业板;纳指;黄金;国债ETF,沪深300;创业板;纳指;黄金;国债ETF,
2016-09-27,1037181.0330781107,0.0,1037181.0330781107,1.0,False,normal,0.0,4,沪深300;创业板;纳指;国债ETF,沪深300;创业板;纳指;国债ETF,
2016-09-28,1037263.349033117,0.0,1037263.349033117,1.0,False,normal,0.0,4,沪深300;创业板;纳指;国债ETF,沪深300;创业板;纳指;国债ETF,
2016-09-29,1037345.6715211355,0.0,1037345.6715211355,1.0,False,normal,0.0,4,沪深300;创业板;纳指;国债ETF,沪深300;创业板;纳指;国债ETF,
2016-09-30,1037428.0005426848,0.0,1037428.0005426848,1.0,False,normal,0.0,4,沪深300;创业板;纳指;国债ETF,沪深300;创业板;纳指;国债ETF,
2016-10-10,1037510.3360982835,0.0,1037510.3360982835,1.0,False,normal,0.0,4,沪深300;创业板;纳指;国债ETF,沪深300;创业板;纳指;国债ETF,
2016-10-11,1037592.67818845,0.0,1037592.67818845,1.0,False,normal,0.0,4,沪深300;创业板;纳指;国债ETF,沪深300;创业板;纳指;国债ETF,
2016-10-12,1037675.0268137031,0.0,1037675.0268137031,1.0,False,normal,0.0,4,沪深300;创业板;纳指;国债ETF,沪深300;创业板;纳指;国债ETF,
2016-10-13,1037757.3819745614,0.0,1037757.3819745614,1.0,False,normal,0.0,4,沪深300;创业板;纳指;国债ETF,沪深300;创业板;纳指;国债ETF,
2016-10-14,1037839.7436715435,0.0,1037839.7436715435,1.0,False,normal,0.0,4,沪深300;创业板;纳指;国债ETF,沪深300;创业板;纳指;国债ETF,
2016-10-17,1037922.1119051683,0.0,1037922.1119051683,1.0,False,normal,0.0,3,创业板;纳指;国债ETF,创业板;纳指;国债ETF,
2016-10-18,1038004.4866759544,0.0,1038004.4866759544,1.0,False,normal,0.0,3,创业板;纳指;国债ETF,创业板;纳指;国债ETF,
2016-10-19,1038086.8679844209,0.0,1038086.8679844209,1.0,False,normal,0.0,2,纳指;国债ETF,纳指;国债ETF,
2016-10-20,1038169.2558310863,0.0,1038169.2558310863,1.0,False,normal,0.0,2,纳指;国债ETF,纳指;国债ETF,
2016-10-21,1038251.6502164698,0.0,1038251.6502164698,1.0,False,normal,0.0,2,纳指;国债ETF,纳指;国债ETF,
2016-10-24,1038334.0511410902,0.0,1038334.0511410902,1.0,False,normal,0.0,3,沪深300;纳指;国债ETF,沪深300;纳指;国债ETF,
2016-10-25,1038416.4586054665,0.0,1038416.4586054665,1.0,False,normal,0.0,4,沪深300;创业板;纳指;国债ETF,沪深300;创业板;纳指;国债ETF,
2016-10-26,1038498.8726101178,0.0,1038498.8726101178,1.0,False,normal,0.0,4,沪深300;创业板;纳指;国债ETF,沪深300;创业板;纳指;国债ETF,
2016-10-27,1038581.2931555631,0.0,1038581.2931555631,1.0,False,normal,0.0,3,沪深300;纳指;国债ETF,沪深300;纳指;国债ETF,
2016-10-28,1038663.7202423215,0.0,1038663.7202423215,1.0,False,normal,0.0,3,沪深300;纳指;国债ETF,沪深300;纳指;国债ETF,
2016-10-31,1038746.1538709122,0.0,1038746.1538709122,1.0,False,normal,0.0,3,沪深300;纳指;国债ETF,沪深300;纳指;国债ETF,
2016-11-01,1038828.5940418544,0.0,1038828.5940418544,1.0,False,normal,0.0,3,沪深300;纳指;国债ETF,沪深300;纳指;国债ETF,
2016-11-02,1038911.0407556673,0.0,1038911.0407556673,1.0,False,normal,0.0,3,沪深300;纳指;国债ETF,沪深300;纳指;国债ETF,
2016-11-03,1038993.4940128701,0.0,1038993.4940128701,1.0,False,normal,0.0,3,沪深300;纳指;国债ETF,沪深300;纳指;国债ETF,
2016-11-04,1039075.9538139823,0.0,1039075.9538139823,1.0,False,normal,0.0,3,沪深300;纳指;国债ETF,沪深300;纳指;国债ETF,
2016-11-07,1039158.4201595231,0.0,1039158.4201595231,1.0,False,normal,0.0,3,沪深300;纳指;国债ETF,沪深300;纳指;国债ETF,
2016-11-08,1039240.8930500121,0.0,1039240.8930500121,1.0,False,normal,0.0,3,沪深300;纳指;国债ETF,沪深300;纳指;国债ETF,
2016-11-09,1039323.3724859684,0.0,1039323.3724859684,1.0,False,normal,0.0,3,沪深300;黄金;国债ETF,沪深300;黄金;国债ETF,
2016-11-10,1039405.8584679117,0.0,1039405.8584679117,1.0,False,normal,0.0,3,沪深300;纳指;国债ETF,沪深300;纳指;国债ETF,
2016-11-11,1039488.3509963616,0.0,1039488.3509963616,1.0,False,normal,0.0,2,沪深300;国债ETF,沪深300;国债ETF,
2016-11-14,1039570.8500718375,0.0,1039570.8500718375,1.0,False,normal,0.0,3,沪深300;纳指;国债ETF,沪深300;纳指;国债ETF,
2016-11-15,1039653.3556948592,0.0,1039653.3556948592,1.0,False,normal,0.0,4,沪深300;创业板;纳指;国债ETF,沪深300;创业板;纳指;国债ETF,
2016-11-16,1039735.8678659461,0.0,1039735.8678659461,1.0,False,normal,0.0,4,沪深300;创业板;纳指;国债ETF,沪深300;创业板;纳指;国债ETF,
2016-11-17,1039818.3865856181,0.0,1039818.3865856181,1.0,False,normal,0.0,3,沪深300;创业板;纳指,沪深300;创业板;纳指,
2016-11-18,1039900.9118543948,0.0,1039900.9118543948,0.8246631089767087,False,normal,0.0,2,沪深300;纳指,沪深300;纳指,
2016-11-21,1039983.443672796,0.0,1039983.443672796,0.8501827467061139,False,normal,0.0,2,沪深300;纳指,沪深300;纳指,
2016-11-22,1040065.9820413415,0.0,1040065.9820413415,1.0,False,normal,0.0,3,沪深300;创业板;纳指,沪深300;创业板;纳指,
2016-11-23,1040148.5269605512,0.0,1040148.5269605512,1.0,False,normal,0.0,3,沪深300;创业板;纳指,沪深300;创业板;纳指,
2016-11-24,1040231.0784309449,0.0,1040231.0784309449,1.0,False,normal,0.0,2,沪深300;纳指,沪深300;纳指,
2016-11-25,1040313.6364530426,0.0,1040313.6364530426,1.0,False,normal,0.0,3,沪深300;创业板;纳指,沪深300;创业板;纳指,
2016-11-28,1040396.2010273644,0.0,1040396.2010273644,1.0,False,normal,0.0,3,沪深300;创业板;纳指,沪深300;创业板;纳指,
2016-11-29,1040478.77215443,0.0,1040478.77215443,1.0,False,normal,0.0,3,沪深300;创业板;纳指,沪深300;创业板;纳指,
2016-11-30,1040561.3498347598,0.0,1040561.3498347598,1.0,False,normal,0.0,3,沪深300;创业板;纳指,沪深300;创业板;纳指,
2016-12-01,1040643.9340688738,0.0,1040643.9340688738,1.0,False,normal,0.0,3,沪深300;创业板;纳指,沪深300;创业板;纳指,
2016-12-02,1040726.524857292,0.0,1040726.524857292,1.0,False,normal,0.0,2,沪深300;纳指,沪深300;纳指,
2016-12-05,1040809.1222005347,0.0,1040809.1222005347,0.8428229544827536,False,normal,0.0,2,沪深300;纳指,沪深300;纳指,
2016-12-06,1040891.7260991221,0.0,1040891.7260991221,0.8639686326397323,False,normal,0.0,2,沪深300;纳指,沪深300;纳指,
2016-12-07,1040974.3365535744,0.0,1040974.3365535744,1.0,False,normal,0.0,2,沪深300;纳指,沪深300;纳指,
2016-12-08,1041056.9535644121,0.0,1041056.9535644121,0.866956996029432,False,normal,0.0,2,沪深300;纳指,沪深300;纳指,
2016-12-09,1041139.5771321553,0.0,1041139.5771321553,1.0,False,normal,0.0,2,沪深300;纳指,沪深300;纳指,
2016-12-12,1041222.2072573246,0.0,1041222.2072573246,0.0,True,normal,0.0,0,,沪深300;纳指,
2016-12-13,1041222.2072573246,0.0,1041222.2072573246,0.0,True,normal,0.0,0,,沪深300;纳指,
2016-12-14,1041222.2072573246,0.0,1041222.2072573246,0.0,True,normal,0.0,0,,沪深300;纳指,
2016-12-15,1041222.2072573246,0.0,1041222.2072573246,0.0,True,normal,0.0,0,,沪深300;纳指,
2016-12-16,1041222.2072573246,0.0,1041222.2072573246,0.0,True,normal,0.0,0,,纳指,
2016-12-19,1041222.2072573246,0.0,1041222.2072573246,0.0,True,normal,0.0,0,,纳指,
2016-12-20,1041222.2072573246,0.0,1041222.2072573246,0.0,True,normal,0.0,0,,纳指,
2016-12-21,1041222.2072573246,0.0,1041222.2072573246,0.0,True,normal,0.0,0,,纳指,
2016-12-22,1041222.2072573246,0.0,1041222.2072573246,0.0,True,normal,0.0,0,,纳指,
2016-12-23,1041222.2072573246,0.0,1041222.2072573246,0.0,True,normal,0.0,0,,纳指,
2016-12-26,1041222.2072573246,0.0,1041222.2072573246,0.0,True,normal,0.0,0,,纳指,
2016-12-27,1041222.2072573246,0.0,1041222.2072573246,0.0,True,normal,0.0,0,,纳指,
2016-12-28,1041222.2072573246,0.0,1041222.2072573246,0.0,True,normal,0.0,0,,纳指,
2016-12-29,1041222.2072573246,0.0,1041222.2072573246,0.0,True,normal,0.0,0,,纳指,
2016-12-30,1041222.2072573246,0.0,1041222.2072573246,0.0,True,normal,0.0,0,,纳指,
2017-01-03,1041222.2072573246,0.0,1041222.2072573246,0.0,True,normal,0.0,0,,纳指,
2017-01-04,1041222.2072573246,0.0,1041222.2072573246,0.0,True,normal,0.0,0,,沪深300;纳指,
2017-01-05,1041222.2072573246,0.0,1041222.2072573246,0.0,True,normal,0.0,0,,纳指,
2017-01-06,1041222.2072573246,0.0,1041222.2072573246,0.0,True,normal,0.0,0,,纳指,
2017-01-09,1041222.2072573246,0.0,1041222.2072573246,0.0,True,normal,0.0,0,,纳指,
2017-01-10,1041222.2072573246,0.0,1041222.2072573246,0.0,True,normal,0.0,0,,纳指,
2017-01-11,1041222.2072573246,0.0,1041222.2072573246,0.0,True,normal,0.0,0,,纳指,
2017-01-12,1041222.2072573246,0.0,1041222.2072573246,0.0,True,normal,0.0,0,,纳指,
2017-01-13,1041222.2072573246,0.0,1041222.2072573246,0.0,True,normal,0.0,0,,纳指,
2017-01-16,1041222.2072573246,0.0,1041222.2072573246,0.0,True,normal,0.0,0,,纳指,
2017-01-17,1041222.2072573246,0.0,1041222.2072573246,0.0,True,normal,0.0,0,,纳指,
2017-01-18,1041222.2072573246,0.0,1041222.2072573246,0.0,True,normal,0.0,0,,纳指,
2017-01-19,1041222.2072573246,0.0,1041222.2072573246,0.0,True,normal,0.0,0,,纳指,
2017-01-20,1041222.2072573246,0.0,1041222.2072573246,0.0,True,normal,0.0,0,,纳指;黄金,
2017-01-23,1041222.2072573246,0.0,1041222.2072573246,0.0,True,normal,0.0,0,,纳指;黄金,
2017-01-24,1041222.2072573246,0.0,1041222.2072573246,0.0,True,normal,0.0,0,,纳指;黄金,
2017-01-25,1041222.2072573246,0.0,1041222.2072573246,0.0,True,normal,0.0,0,,纳指,
2017-01-26,1041222.2072573246,0.0,1041222.2072573246,0.0,True,normal,0.0,0,,纳指;黄金,
2017-02-03,1041222.2072573246,0.0,1041222.2072573246,0.0,True,normal,0.0,0,,纳指;黄金,
2017-02-06,1041222.2072573246,0.0,1041222.2072573246,0.0,True,normal,0.0,0,,纳指;黄金,
2017-02-07,1041222.2072573246,0.0,1041222.2072573246,0.0,True,normal,0.0,0,,纳指;黄金,
2017-02-08,1041222.2072573246,0.0,1041222.2072573246,0.0,True,normal,0.0,0,,纳指;黄金,军工ETF;证券ETF
2017-02-09,1041222.2072573246,0.0,1041222.2072573246,0.0,True,normal,0.0,0,,纳指;黄金,军工ETF;证券ETF
2017-02-10,1041222.2072573246,0.0,1041222.2072573246,0.0,True,normal,0.0,0,,纳指;黄金,证券ETF;军工ETF
2017-02-13,1041222.2072573246,0.0,1041222.2072573246,0.0,True,normal,0.0,0,,纳指;黄金,证券ETF;军工ETF
2017-02-14,1041222.2072573246,0.0,1041222.2072573246,0.0,True,normal,0.0,0,,纳指;黄金,军工ETF;证券ETF
2017-02-15,1041222.2072573246,0.0,1041222.2072573246,0.0,True,normal,0.0,0,,纳指;黄金;国债ETF,证券ETF;军工ETF
2017-02-16,1041222.2072573246,0.0,1041222.2072573246,0.0,True,normal,0.0,0,,沪深300;纳指;黄金;国债ETF,证券ETF;军工ETF
2017-02-17,1041222.2072573246,0.0,1041222.2072573246,0.0,True,normal,0.0,0,,沪深300;纳指;黄金;国债ETF,军工ETF;证券ETF
2017-02-20,1041222.2072573246,0.0,1041222.2072573246,0.0,True,normal,0.0,0,,沪深300;纳指;黄金;国债ETF,军工ETF;证券ETF
2017-02-21,1041222.2072573246,0.0,1041222.2072573246,0.0,True,normal,0.0,0,,沪深300;纳指;黄金;国债ETF,军工ETF;证券ETF
2017-02-22,1041222.2072573246,0.0,1041222.2072573246,0.0,True,normal,0.0,0,,沪深300;纳指;黄金;国债ETF,军工ETF;证券ETF
2017-02-23,1041222.2072573246,0.0,1041222.2072573246,0.0,True,normal,0.0,0,,沪深300;纳指;黄金;国债ETF,军工ETF;证券ETF
2017-02-24,1041222.2072573246,0.0,1041222.2072573246,0.0,True,normal,0.0,0,,沪深300;纳指;黄金;国债ETF,军工ETF;证券ETF
2017-02-27,1041222.2072573246,0.0,1041222.2072573246,0.0,True,normal,0.0,0,,沪深300;纳指;黄金;国债ETF,军工ETF;证券ETF
2017-02-28,1041222.2072573246,0.0,1041222.2072573246,0.0,True,normal,0.0,0,,沪深300;纳指;黄金;国债ETF,军工ETF;证券ETF
2017-03-01,1041222.2072573246,0.0,1041222.2072573246,0.0,True,normal,0.0,0,,沪深300;纳指;黄金;国债ETF,军工ETF;证券ETF
2017-03-02,1041222.2072573246,0.0,1041222.2072573246,0.0,True,normal,0.0,0,,沪深300;纳指;黄金;国债ETF,军工ETF;证券ETF
2017-03-03,1041222.2072573246,0.0,1041222.2072573246,0.0,True,normal,0.0,0,,沪深300;纳指;黄金;国债ETF,证券ETF;军工ETF
2017-03-06,1041222.2072573246,0.0,1041222.2072573246,0.0,True,normal,0.0,0,,沪深300;创业板;纳指;黄金;国债ETF,军工ETF;证券ETF
2017-03-07,1041222.2072573246,0.0,1041222.2072573246,0.0,True,normal,0.0,0,,沪深300;纳指;黄金;国债ETF,军工ETF;证券ETF
2017-03-08,1041222.2072573246,0.0,1041222.2072573246,0.0,True,normal,0.0,0,,沪深300;纳指;黄金;国债ETF,军工ETF;证券ETF
2017-03-09,1041222.2072573246,0.0,1041222.2072573246,0.0,True,normal,0.0,0,,沪深300;纳指;黄金;国债ETF,军工ETF;证券ETF
2017-03-10,1041222.2072573246,0.0,1041222.2072573246,0.0,True,normal,0.0,0,,沪深300;纳指;黄金,军工ETF;证券ETF
2017-03-13,1041222.2072573246,0.0,1041222.2072573246,0.0,True,normal,0.0,0,,沪深300;创业板;纳指;黄金,军工ETF;证券ETF
2017-03-14,1041222.2072573246,0.0,1041222.2072573246,0.0,True,normal,0.0,0,,沪深300;创业板;纳指;黄金,军工ETF;证券ETF
2017-03-15,1041222.2072573246,0.0,1041222.2072573246,0.0,True,normal,0.0,0,,沪深300;创业板;纳指;黄金,军工ETF;证券ETF
2017-03-16,1041222.2072573246,0.0,1041222.2072573246,0.0,True,normal,0.0,0,,沪深300;创业板;纳指;黄金;国债ETF,军工ETF;证券ETF
2017-03-17,1041222.2072573246,0.0,1041222.2072573246,0.0,True,normal,0.0,0,,沪深300;创业板;纳指;黄金;国债ETF,军工ETF;证券ETF
2017-03-20,1041222.2072573246,0.0,1041222.2072573246,0.0,True,normal,0.0,0,,沪深300;创业板;纳指;黄金;国债ETF,军工ETF;证券ETF
2017-03-21,1041222.2072573246,0.0,1041222.2072573246,0.0,True,normal,0.0,0,,沪深300;创业板;纳指;黄金;国债ETF,军工ETF;证券ETF
2017-03-22,1041222.2072573246,0.0,1041222.2072573246,0.0,True,normal,0.0,0,,沪深300;创业板;纳指;黄金;国债ETF,军工ETF;证券ETF
2017-03-23,1041222.2072573246,0.0,1041222.2072573246,0.0,True,normal,0.0,0,,沪深300;创业板;纳指;黄金,军工ETF;证券ETF
2017-03-24,1041222.2072573246,0.0,1041222.2072573246,0.0,True,normal,0.0,0,,沪深300;创业板;纳指;黄金,军工ETF;证券ETF
2017-03-27,1041222.2072573246,0.0,1041222.2072573246,0.0,True,normal,0.0,0,,沪深300;创业板;纳指;黄金;国债ETF,军工ETF;证券ETF
2017-03-28,1041222.2072573246,1809298.5225341357,-768076.3152768111,1.0,False,normal,0.0,7,沪深300;创业板;纳指;黄金;国债ETF;军工ETF;证券ETF,沪深300;创业板;纳指;黄金;国债ETF,军工ETF;证券ETF
2017-03-29,1033241.1677384722,1833919.7783160591,-800678.6105775869,1.0,False,normal,-0.007665068477433999,7,沪深300;创业板;纳指;黄金;国债ETF;军工ETF;证券ETF,沪深300;创业板;纳指;黄金;国债ETF,军工ETF;证券ETF
2017-03-30,1013774.0670120184,1751193.5183283526,-737419.4513163342,1.0,False,normal,-0.02636146257157454,6,沪深300;创业板;纳指;黄金;军工ETF;证券ETF,沪深300;创业板;纳指;黄金,军工ETF;证券ETF
2017-03-31,1030817.0408611647,1726918.2232069112,-696101.1823457466,1.0,False,normal,-0.009993223659307153,7,沪深300;创业板;纳指;黄金;国债ETF;军工ETF;证券ETF,沪深300;创业板;纳指;黄金;国债ETF,军工ETF;证券ETF
2017-04-05,1055088.6682942347,0.0,1055088.6682942347,0.0,True,normal,0.0,0,,沪深300;创业板;纳指;黄金;国债ETF,军工ETF;证券ETF
2017-04-06,1055088.6682942347,0.0,1055088.6682942347,0.0,True,normal,0.0,0,,沪深300;创业板;纳指;黄金;国债ETF,军工ETF;证券ETF
2017-04-07,1055088.6682942347,0.0,1055088.6682942347,0.0,True,normal,0.0,0,,沪深300;创业板;纳指;黄金;国债ETF,军工ETF;证券ETF
2017-04-10,1055088.6682942347,0.0,1055088.6682942347,0.0,True,normal,0.0,0,,沪深300;创业板;纳指;黄金;国债ETF,军工ETF;证券ETF
2017-04-11,1055088.6682942347,0.0,1055088.6682942347,0.0,True,normal,0.0,0,,沪深300;创业板;纳指;黄金;国债ETF,军工ETF;证券ETF
2017-04-12,1055088.6682942347,0.0,1055088.6682942347,0.0,True,normal,0.0,0,,沪深300;纳指;黄金;国债ETF,军工ETF;证券ETF
2017-04-13,1055088.6682942347,0.0,1055088.6682942347,0.0,True,normal,0.0,0,,沪深300;创业板;纳指;黄金;国债ETF,军工ETF;证券ETF
2017-04-14,1055088.6682942347,0.0,1055088.6682942347,0.0,True,normal,0.0,0,,沪深300;黄金;国债ETF,军工ETF;证券ETF
2017-04-17,1055088.6682942347,0.0,1055088.6682942347,0.0,True,normal,0.0,0,,沪深300;纳指;黄金,军工ETF;证券ETF
2017-04-18,1055088.6682942347,0.0,1055088.6682942347,0.0,True,normal,0.0,0,,纳指;黄金,军工ETF;证券ETF
2017-04-19,1055088.6682942347,0.0,1055088.6682942347,0.0,True,normal,0.0,0,,纳指;黄金,军工ETF;证券ETF
2017-04-20,1055088.6682942347,0.0,1055088.6682942347,0.0,True,normal,0.0,0,,黄金,军工ETF;证券ETF
2017-04-21,1055088.6682942347,0.0,1055088.6682942347,0.0,True,normal,0.0,0,,纳指;黄金,证券ETF;军工ETF
2017-04-24,1055088.6682942347,0.0,1055088.6682942347,0.0,True,normal,0.0,0,,纳指;黄金,军工ETF;证券ETF
2017-04-25,1055088.6682942347,0.0,1055088.6682942347,0.0,True,normal,0.0,0,,纳指;黄金,证券ETF;军工ETF
2017-04-26,1055088.6682942347,0.0,1055088.6682942347,0.0,True,normal,0.0,0,,纳指;黄金,证券ETF;军工ETF
2017-04-27,1055088.6682942347,0.0,1055088.6682942347,0.0,True,normal,0.0,0,,纳指;黄金,证券ETF;军工ETF
2017-04-28,1055088.6682942347,0.0,1055088.6682942347,0.0,True,normal,0.0,0,,纳指;黄金,证券ETF;军工ETF
2017-05-02,1055088.6682942347,0.0,1055088.6682942347,0.0,True,normal,0.0,0,,沪深300;纳指;黄金,证券ETF;军工ETF
2017-05-03,1055088.6682942347,0.0,1055088.6682942347,0.0,True,normal,0.0,0,,纳指;黄金,证券ETF;军工ETF
2017-05-04,1055088.6682942347,0.0,1055088.6682942347,0.0,True,normal,0.0,0,,纳指;黄金,证券ETF;军工ETF
2017-05-05,1055088.6682942347,0.0,1055088.6682942347,0.0,True,normal,0.0,0,,纳指;黄金,证券ETF;军工ETF
2017-05-08,1055088.6682942347,0.0,1055088.6682942347,0.0,True,normal,0.0,0,,纳指;黄金,证券ETF;军工ETF
2017-05-09,1055088.6682942347,0.0,1055088.6682942347,0.0,True,normal,0.0,0,,纳指;黄金,证券ETF;军工ETF
2017-05-10,1055088.6682942347,0.0,1055088.6682942347,0.0,True,normal,0.0,0,,纳指;黄金,证券ETF;军工ETF
2017-05-11,1055088.6682942347,0.0,1055088.6682942347,0.0,True,normal,0.0,0,,纳指;黄金,证券ETF;军工ETF
2017-05-12,1055088.6682942347,0.0,1055088.6682942347,0.0,True,normal,0.0,0,,纳指;黄金,证券ETF;军工ETF
2017-05-15,1055088.6682942347,0.0,1055088.6682942347,0.0,True,normal,0.0,0,,纳指,证券ETF;军工ETF
2017-05-16,1055088.6682942347,0.0,1055088.6682942347,0.0,True,normal,0.0,0,,纳指;黄金,证券ETF;军工ETF
2017-05-17,1055088.6682942347,0.0,1055088.6682942347,0.0,True,normal,0.0,0,,纳指;黄金,证券ETF;军工ETF
2017-05-18,1055088.6682942347,0.0,1055088.6682942347,0.0,True,normal,0.0,0,,黄金,证券ETF;军工ETF
2017-05-19,1055088.6682942347,0.0,1055088.6682942347,0.0,True,normal,0.0,0,,纳指;黄金,证券ETF;军工ETF
2017-05-22,1055088.6682942347,0.0,1055088.6682942347,0.0,True,normal,0.0,0,,纳指;黄金,证券ETF;军工ETF
2017-05-23,1055088.6682942347,0.0,1055088.6682942347,0.0,True,normal,0.0,0,,纳指;黄金,证券ETF;军工ETF
2017-05-24,1055088.6682942347,0.0,1055088.6682942347,0.0,True,normal,0.0,0,,纳指,证券ETF;军工ETF
2017-05-25,1055088.6682942347,0.0,1055088.6682942347,0.0,True,normal,0.0,0,,沪深300;纳指,证券ETF;军工ETF
2017-05-26,1055088.6682942347,0.0,1055088.6682942347,0.0,True,normal,0.0,0,,沪深300;纳指;黄金,证券ETF;军工ETF
2017-05-31,1055088.6682942347,0.0,1055088.6682942347,0.0,True,normal,0.0,0,,沪深300;纳指,证券ETF;军工ETF
2017-06-01,1055088.6682942347,0.0,1055088.6682942347,0.0,True,normal,0.0,0,,沪深300;纳指;黄金,证券ETF;军工ETF
2017-06-02,1055088.6682942347,0.0,1055088.6682942347,0.0,True,normal,0.0,0,,纳指,证券ETF;军工ETF
2017-06-05,1055088.6682942347,0.0,1055088.6682942347,0.0,True,normal,0.0,0,,纳指;黄金,证券ETF;军工ETF
2017-06-06,1055088.6682942347,0.0,1055088.6682942347,0.0,True,normal,0.0,0,,纳指;黄金,证券ETF;军工ETF
2017-06-07,1055088.6682942347,0.0,1055088.6682942347,0.0,True,normal,0.0,0,,沪深300;纳指;黄金,证券ETF;军工ETF
2017-06-08,1055088.6682942347,0.0,1055088.6682942347,0.0,True,normal,0.0,0,,沪深300;纳指,证券ETF;军工ETF
2017-06-09,1055088.6682942347,0.0,1055088.6682942347,0.0,True,normal,0.0,0,,沪深300;纳指,证券ETF;军工ETF
2017-06-12,1055088.6682942347,0.0,1055088.6682942347,0.0,True,normal,0.0,0,,沪深300;纳指,证券ETF;军工ETF
2017-06-13,1055088.6682942347,0.0,1055088.6682942347,0.0,True,normal,0.0,0,,沪深300;纳指,证券ETF;军工ETF
2017-06-14,1055088.6682942347,0.0,1055088.6682942347,0.0,True,normal,0.0,0,,沪深300;纳指,证券ETF;军工ETF
2017-06-15,1055088.6682942347,0.0,1055088.6682942347,0.0,True,normal,0.0,0,,沪深300;纳指,证券ETF;军工ETF
2017-06-16,1055088.6682942347,0.0,1055088.6682942347,0.0,True,normal,0.0,0,,沪深300;纳指,证券ETF;军工ETF
2017-06-19,1055088.6682942347,0.0,1055088.6682942347,0.0,True,normal,0.0,0,,沪深300;纳指,证券ETF;军工ETF
2017-06-20,1055088.6682942347,0.0,1055088.6682942347,0.0,True,normal,0.0,0,,沪深300;纳指,证券ETF;军工ETF
2017-06-21,1055088.6682942347,0.0,1055088.6682942347,0.0,True,normal,0.0,0,,沪深300;创业板;纳指,证券ETF;军工ETF
2017-06-22,1055088.6682942347,0.0,1055088.6682942347,0.0,True,normal,0.0,0,,沪深300;纳指,证券ETF;军工ETF
2017-06-23,1055088.6682942347,0.0,1055088.6682942347,0.0,True,normal,0.0,0,,沪深300;纳指,军工ETF;证券ETF
2017-06-26,1055088.6682942347,0.0,1055088.6682942347,0.0,True,normal,0.0,0,,沪深300;纳指,军工ETF;证券ETF
2017-06-27,1055088.6682942347,0.0,1055088.6682942347,0.0,True,normal,0.0,0,,沪深300;纳指;国债ETF,证券ETF;军工ETF
2017-06-28,1055088.6682942347,0.0,1055088.6682942347,0.0,True,normal,0.0,0,,沪深300,军工ETF;证券ETF
2017-06-29,1055088.6682942347,0.0,1055088.6682942347,0.0,True,normal,0.0,0,,沪深300;纳指;国债ETF,证券ETF;军工ETF
2017-06-30,1055088.6682942347,0.0,1055088.6682942347,0.0,True,normal,0.0,0,,沪深300;国债ETF,证券ETF;军工ETF
2017-07-03,1055088.6682942347,0.0,1055088.6682942347,0.0,True,normal,0.0,0,,沪深300;创业板;国债ETF,军工ETF;证券ETF
2017-07-04,1055088.6682942347,0.0,1055088.6682942347,0.0,True,normal,0.0,0,,沪深300;创业板;国债ETF,证券ETF;军工ETF
2017-07-05,1055088.6682942347,0.0,1055088.6682942347,0.0,True,normal,0.0,0,,沪深300;创业板;国债ETF,证券ETF;军工ETF
2017-07-06,1055088.6682942347,0.0,1055088.6682942347,0.0,True,normal,0.0,0,,沪深300;创业板;国债ETF,军工ETF;证券ETF
2017-07-07,1055088.6682942347,0.0,1055088.6682942347,0.0,True,normal,0.0,0,,沪深300;创业板;国债ETF,证券ETF;军工ETF
2017-07-10,1055088.6682942347,0.0,1055088.6682942347,0.0,True,normal,0.0,0,,沪深300;创业板;国债ETF,军工ETF;证券ETF
2017-07-11,1055088.6682942347,0.0,1055088.6682942347,0.0,True,normal,0.0,0,,沪深300;国债ETF,证券ETF;军工ETF
2017-07-12,1055088.6682942347,0.0,1055088.6682942347,0.0,True,normal,0.0,0,,沪深300;国债ETF,证券ETF;军工ETF
2017-07-13,1055088.6682942347,0.0,1055088.6682942347,0.0,True,normal,0.0,0,,沪深300;国债ETF,证券ETF;军工ETF
2017-07-14,1055088.6682942347,0.0,1055088.6682942347,0.0,True,normal,0.0,0,,沪深300;纳指;国债ETF,证券ETF;军工ETF
2017-07-17,1055088.6682942347,0.0,1055088.6682942347,0.0,True,normal,0.0,0,,沪深300;纳指;国债ETF,证券ETF;军工ETF
2017-07-18,1055088.6682942347,0.0,1055088.6682942347,0.0,True,normal,0.0,0,,沪深300;纳指;国债ETF,证券ETF;军工ETF
2017-07-19,1055088.6682942347,0.0,1055088.6682942347,0.0,True,normal,0.0,0,,沪深300;纳指;国债ETF,证券ETF;军工ETF
2017-07-20,1055088.6682942347,0.0,1055088.6682942347,0.0,True,normal,0.0,0,,沪深300;纳指;国债ETF,证券ETF;军工ETF
2017-07-21,1055088.6682942347,0.0,1055088.6682942347,0.0,True,normal,0.0,0,,沪深300;纳指;国债ETF,证券ETF;军工ETF
2017-07-24,1055088.6682942347,0.0,1055088.6682942347,0.0,True,normal,0.0,0,,沪深300;国债ETF,证券ETF;军工ETF
2017-07-25,1055088.6682942347,0.0,1055088.6682942347,0.0,True,normal,0.0,0,,沪深300;国债ETF,证券ETF;军工ETF
2017-07-26,1055088.6682942347,0.0,1055088.6682942347,0.0,True,normal,0.0,0,,沪深300;纳指;国债ETF,证券ETF;军工ETF
2017-07-27,1055088.6682942347,0.0,1055088.6682942347,0.0,True,normal,0.0,0,,沪深300,证券ETF;军工ETF
2017-07-28,1055088.6682942347,0.0,1055088.6682942347,0.0,True,normal,0.0,0,,沪深300,证券ETF;军工ETF
2017-07-31,1055088.6682942347,0.0,1055088.6682942347,0.0,True,normal,0.0,0,,沪深300,证券ETF;军工ETF
2017-08-01,1055088.6682942347,0.0,1055088.6682942347,0.0,True,normal,0.0,0,,沪深300;国债ETF,证券ETF;军工ETF
2017-08-02,1055088.6682942347,0.0,1055088.6682942347,0.0,True,normal,0.0,0,,沪深300;国债ETF,证券ETF;军工ETF
2017-08-03,1055088.6682942347,0.0,1055088.6682942347,0.0,True,normal,0.0,0,,沪深300;国债ETF,证券ETF;军工ETF
2017-08-04,1055088.6682942347,0.0,1055088.6682942347,0.0,True,normal,0.0,0,,沪深300;国债ETF,证券ETF;军工ETF
2017-08-07,1055088.6682942347,0.0,1055088.6682942347,0.0,True,normal,0.0,0,,沪深300;纳指,证券ETF;军工ETF
2017-08-08,1055088.6682942347,1055088.6682942347,0.0,1.0,False,normal,0.0,4,沪深300;纳指;证券ETF;军工ETF,沪深300;纳指,证券ETF;军工ETF
2017-08-09,1044980.3499631457,1044980.3499631457,0.0,1.0,False,normal,-0.009580539185802402,4,沪深300;纳指;证券ETF;军工ETF,沪深300;纳指,证券ETF;军工ETF
2017-08-10,1047752.8719854753,1047752.8719854753,0.0,1.0,False,normal,-0.006952777078555088,4,沪深300;纳指;证券ETF;军工ETF,沪深300;纳指,证券ETF;军工ETF
2017-08-11,1032746.1940459665,1032746.1940459665,0.0,1.0,False,normal,-0.02117592096253799,4,沪深300;黄金;证券ETF;军工ETF,沪深300;黄金,证券ETF;军工ETF
2017-08-14,1045988.7827319875,1045988.7827319875,0.0,1.0,False,normal,-0.0086247590706845,4,沪深300;黄金;证券ETF;军工ETF,沪深300;黄金,证券ETF;军工ETF
2017-08-15,1045155.0759701685,1045155.0759701685,0.0,1.0,False,normal,-0.009414936035779704,5,沪深300;纳指;国债ETF;证券ETF;军工ETF,沪深300;纳指;国债ETF,证券ETF;军工ETF
2017-08-16,1052095.6478664787,1157496.4698744128,-105400.8220079341,1.0,False,normal,-0.002836747770777254,5,沪深300;创业板;国债ETF;证券ETF;军工ETF,沪深300;创业板;国债ETF,证券ETF;军工ETF
2017-08-17,1064142.79178069,0.0,1064142.79178069,0.0,True,normal,0.0,0,,沪深300;创业板;国债ETF,证券ETF;军工ETF
2017-08-18,1064142.79178069,0.0,1064142.79178069,0.0,True,normal,0.0,0,,沪深300;国债ETF,军工ETF;证券ETF
2017-08-21,1064142.79178069,1226459.1236641712,-162316.33188348124,1.0,False,normal,0.0,4,沪深300;黄金;军工ETF;证券ETF,沪深300;黄金,军工ETF;证券ETF
2017-08-22,1055330.8098590402,1234552.9028824025,-179222.09302336234,1.0,False,normal,-0.008280826586161605,5,沪深300;纳指;黄金;军工ETF;证券ETF,沪深300;纳指;黄金,军工ETF;证券ETF
2017-08-23,1062129.4695792648,1272838.6314124367,-210709.16183317197,1.0,False,normal,-0.0018919662069563092,6,沪深300;纳指;黄金;国债ETF;军工ETF;证券ETF,沪深300;纳指;黄金;国债ETF,军工ETF;证券ETF
2017-08-24,1049365.4192647259,1258334.9558673815,-208969.53660265566,1.0,False,normal,-0.013886644377148184,6,沪深300;纳指;黄金;国债ETF;军工ETF;证券ETF,沪深300;纳指;黄金;国债ETF,军工ETF;证券ETF
2017-08-25,1072616.1033307873,1220587.2646056532,-147971.16127486597,1.0,False,normal,0.0,6,沪深300;纳指;黄金;国债ETF;证券ETF;军工ETF,沪深300;纳指;黄金;国债ETF,证券ETF;军工ETF
2017-08-28,1113570.1050830998,1113570.1050830998,0.0,1.0,False,normal,0.0,6,沪深300;纳指;黄金;国债ETF;证券ETF;军工ETF,沪深300;纳指;黄金;国债ETF,证券ETF;军工ETF
2017-08-29,1098423.3085081154,1098423.3085081154,0.0,1.0,False,normal,-0.013602014373270303,6,沪深300;纳指;黄金;国债ETF;证券ETF;军工ETF,沪深300;纳指;黄金;国债ETF,证券ETF;军工ETF
2017-08-30,1101381.4716662674,1101381.4716662674,0.0,1.0,False,normal,-0.01094554654547129,6,沪深300;创业板;纳指;黄金;证券ETF;军工ETF,沪深300;创业板;纳指;黄金,证券ETF;军工ETF
2017-08-31,1107796.3279080512,1107796.3279080512,0.0,1.0,False,normal,-0.005184924728755836,6,沪深300;创业板;纳指;黄金;证券ETF;军工ETF,沪深300;创业板;纳指;黄金,证券ETF;军工ETF
2017-09-01,1113706.1171669378,1113706.1171669378,0.0,1.0,False,normal,0.0,7,沪深300;创业板;纳指;黄金;国债ETF;证券ETF;军工ETF,沪深300;创业板;纳指;黄金;国债ETF,证券ETF;军工ETF
2017-09-04,1120287.9346697198,1120287.9346697198,0.0,1.0,False,normal,0.0,7,沪深300;创业板;纳指;黄金;国债ETF;证券ETF;军工ETF,沪深300;创业板;纳指;黄金;国债ETF,证券ETF;军工ETF
2017-09-05,1117456.5756579847,1219813.5822020676,-102357.00654408289,1.0,False,normal,-0.002527349375203083,7,沪深300;创业板;纳指;黄金;国债ETF;证券ETF;军工ETF,沪深300;创业板;纳指;黄金;国债ETF,证券ETF;军工ETF
2017-09-06,1120251.5533924075,1261286.698314812,-141035.14492240455,1.0,False,normal,-3.247493451138311e-05,6,沪深300;创业板;黄金;国债ETF;证券ETF;军工ETF,沪深300;创业板;黄金;国债ETF,证券ETF;军工ETF
2017-09-07,1107891.2916689273,1243133.8046967743,-135242.51302784705,1.0,False,normal,-0.011065586459651753,6,沪深300;创业板;黄金;国债ETF;证券ETF;军工ETF,沪深300;创业板;黄金;国债ETF,证券ETF;军工ETF
2017-09-08,1103291.049542788,1268379.8581414227,-165088.8085986348,1.0,False,normal,-0.015171889833788848,6,沪深300;创业板;黄金;国债ETF;证券ETF;军工ETF,沪深300;创业板;黄金;国债ETF,证券ETF;军工ETF
2017-09-11,1107790.4073846836,1311897.7501284203,-204107.3427437367,1.0,False,normal,-0.01115563856243855,6,沪深300;创业板;黄金;国债ETF;证券ETF;军工ETF,沪深300;创业板;黄金;国债ETF,证券ETF;军工ETF
2017-09-12,1111525.9311514192,1356967.6920634492,-245441.76091203,1.0,False,normal,-0.00782120671582863,6,沪深300;创业板;黄金;国债ETF;证券ETF;军工ETF,沪深300;创业板;黄金;国债ETF,证券ETF;军工ETF
2017-09-13,1111181.8979445011,1397960.878718821,-286778.98077431996,1.0,False,normal,-0.008128300273003706,6,沪深300;创业板;黄金;国债ETF;证券ETF;军工ETF,沪深300;创业板;黄金;国债ETF,证券ETF;军工ETF
2017-09-14,1106071.2699243072,1424409.5320529644,-318338.2621286572,1.0,False,normal,-0.012690188214518129,6,沪深300;创业板;黄金;国债ETF;证券ETF;军工ETF,沪深300;创业板;黄金;国债ETF,证券ETF;军工ETF
2017-09-15,1115823.2307475812,1467105.6137006287,-351282.3829530475,1.0,False,normal,-0.003985318223975001,6,沪深300;创业板;黄金;国债ETF;证券ETF;军工ETF,沪深300;创业板;黄金;国债ETF,证券ETF;军工ETF
2017-09-18,1126727.5005185828,1510513.9113084446,-383786.4107898618,1.0,False,normal,0.0,6,沪深300;创业板;黄金;国债ETF;证券ETF;军工ETF,沪深300;创业板;黄金;国债ETF,证券ETF;军工ETF
2017-09-19,1110413.8661457254,1458166.6061176176,-347752.7399718922,1.0,False,normal,-0.014478775360811692,6,沪深300;创业板;黄金;国债ETF;证券ETF;军工ETF,沪深300;创业板;黄金;国债ETF,证券ETF;军工ETF
2017-09-20,1121277.907422152,1498945.5025555957,-377667.5951334436,1.0,False,normal,-0.004836655796474693,6,沪深300;创业板;黄金;国债ETF;证券ETF;军工ETF,沪深300;创业板;黄金;国债ETF,证券ETF;军工ETF
2017-09-21,1113422.8661746308,1512659.1953115438,-399236.32913691294,1.0,False,normal,-0.011808209471969405,5,沪深300;创业板;国债ETF;证券ETF;军工ETF,沪深300;创业板;国债ETF,证券ETF;军工ETF
2017-09-22,1108201.094352972,1542180.0783488275,-433978.98399585555,1.0,False,normal,-0.01644266795394972,5,沪深300;创业板;国债ETF;证券ETF;军工ETF,沪深300;创业板;国债ETF,证券ETF;军工ETF
2017-09-25,1100921.9591509213,1563146.2965187829,-462224.33736786153,1.0,False,normal,-0.02290309001580621,5,沪深300;创业板;国债ETF;军工ETF;证券ETF,沪深300;创业板;国债ETF,军工ETF;证券ETF
2017-09-26,1103308.4824140205,1614990.6044274082,-511682.12201338774,1.0,False,normal,-0.020784988467738266,6,沪深300;创业板;黄金;国债ETF;证券ETF;军工ETF,沪深300;创业板;黄金;国债ETF,证券ETF;军工ETF
2017-09-27,1107988.0111704934,1668886.9122359343,-560898.9010654408,1.0,False,normal,-0.016631784827710664,6,沪深300;创业板;黄金;国债ETF;证券ETF;军工ETF,沪深300;创业板;黄金;国债ETF,证券ETF;军工ETF
2017-09-28,1110809.6752346768,1724864.6824705757,-614055.0072358989,1.0,False,normal,-0.014127484486337369,5,沪深300;创业板;国债ETF;证券ETF;军工ETF,沪深300;创业板;国债ETF,证券ETF;军工ETF
2017-09-29,1127628.1678263443,1742508.9577293287,-614880.7899029844,1.0,False,normal,0.0,6,沪深300;创业板;黄金;国债ETF;证券ETF;军工ETF,沪深300;创业板;黄金;国债ETF,证券ETF;军工ETF
2017-10-09,1127579.3677636534,1795918.2252833745,-668338.8575197211,1.0,False,normal,-4.327673259965671e-05,7,沪深300;创业板;纳指;黄金;国债ETF;证券ETF;军工ETF,沪深300;创业板;纳指;黄金;国债ETF,证券ETF;军工ETF
2017-10-10,1130568.5789248473,1857022.8692173883,-726454.290292541,1.0,False,normal,0.0,7,沪深300;创业板;纳指;黄金;国债ETF;证券ETF;军工ETF,沪深300;创业板;纳指;黄金;国债ETF,证券ETF;军工ETF
2017-10-11,1118715.0725719715,1842121.8302728261,-723406.7577008547,1.0,False,normal,-0.010484553147716473,6,沪深300;创业板;纳指;国债ETF;证券ETF;军工ETF,沪深300;创业板;纳指;国债ETF,证券ETF;军工ETF
2017-10-12,1129171.0221857175,1894617.28182247,-765446.2596367525,1.0,False,normal,-0.0012361538832601192,5,沪深300;创业板;纳指;军工ETF;证券ETF,沪深300;创业板;纳指,军工ETF;证券ETF
2017-10-13,1128545.2591517733,1951172.964837687,-822627.7056859138,1.0,False,normal,-0.0017896479796016898,5,沪深300;创业板;纳指;军工ETF;证券ETF,沪深300;创业板;纳指,军工ETF;证券ETF
2017-10-16,1119336.993916443,1960842.06136356,-841505.0674471168,1.0,False,normal,-0.009934457066801976,6,沪深300;创业板;纳指;黄金;军工ETF;证券ETF,沪深300;创业板;纳指;黄金,军工ETF;证券ETF
2017-10-17,1101971.865609654,1894673.5081385293,-792701.6425288753,1.0,False,normal,-0.025294098782037908,6,沪深300;创业板;纳指;黄金;军工ETF;证券ETF,沪深300;创业板;纳指;黄金,军工ETF;证券ETF
2017-10-18,1097983.9927260522,1942222.4803959273,-844238.4876698751,1.0,False,normal,-0.028821414999683208,5,沪深300;创业板;纳指;军工ETF;证券ETF,沪深300;创业板;纳指,军工ETF;证券ETF
2017-10-19,1061180.1122490014,1620176.6503613228,-558996.5381123214,1.0,False,normal,-0.061374840915739255,5,沪深300;创业板;纳指;军工ETF;证券ETF,沪深300;创业板;纳指,军工ETF;证券ETF
2017-10-20,1068888.4887290727,1657280.712783056,-588392.2240539833,1.0,False,normal,-0.05455669947455231,5,沪深300;创业板;纳指;军工ETF;证券ETF,沪深300;创业板;纳指,军工ETF;证券ETF
2017-10-23,1064958.7527123718,1701347.9296420473,-636389.1769296755,1.0,False,normal,-0.0580325930116238,5,沪深300;创业板;纳指;军工ETF;证券ETF,沪深300;创业板;纳指,军工ETF;证券ETF
2017-10-24,1063768.31138998,1752798.9353923292,-689030.6240023493,1.0,False,normal,-0.05908555109358637,5,沪深300;创业板;纳指;军工ETF;证券ETF,沪深300;创业板;纳指,军工ETF;证券ETF
2017-10-25,1066462.3218796956,1806677.517529494,-740215.1956497983,1.0,False,normal,-0.0567026700017753,5,沪深300;创业板;纳指;军工ETF;证券ETF,沪深300;创业板;纳指,军工ETF;证券ETF
2017-10-26,1076723.0013350677,1839997.4710524476,-763274.4697173799,1.0,False,normal,-0.04762698928090316,5,沪深300;创业板;纳指;军工ETF;证券ETF,沪深300;创业板;纳指,军工ETF;证券ETF
2017-10-27,1060086.0886046248,1795687.3090404654,-735601.2204358405,1.0,False,normal,-0.06234251653026673,5,沪深300;创业板;纳指;军工ETF;证券ETF,沪深300;创业板;纳指,军工ETF;证券ETF
2017-10-30,1016253.6204397781,1398143.242316969,-381889.6218771909,1.0,False,warning,-0.10111280343009438,5,沪深300;创业板;纳指;军工ETF;证券ETF,沪深300;创业板;纳指,军工ETF;证券ETF
2017-10-31,1013772.1202706404,1438382.9911401481,-424610.8708695078,1.0,False,warning,-0.10330771687046045,5,沪深300;创业板;纳指;军工ETF;证券ETF,沪深300;创业板;纳指,军工ETF;证券ETF
2017-11-01,1011188.995599597,1479645.4605089673,-468456.4649093703,1.0,False,warning,-0.10559251826968195,5,沪深300;创业板;纳指;军工ETF;证券ETF,沪深300;创业板;纳指,军工ETF;证券ETF
2017-11-02,1007377.6146656258,1520329.165349563,-512951.55068393704,1.0,False,warning,-0.1089637254702179,4,沪深300;纳指;军工ETF;证券ETF,沪深300;纳指,军工ETF;证券ETF
2017-11-03,1002417.6847495893,1559771.7430101088,-557354.0582605195,1.0,False,warning,-0.1133508365296402,4,沪深300;纳指;军工ETF;证券ETF,沪深300;纳指,军工ETF;证券ETF
2017-11-06,1010499.5409660134,1581295.4447188696,-570795.9037528562,1.0,False,warning,-0.10620234826711494,4,沪深300;纳指;军工ETF;证券ETF,沪深300;纳指,军工ETF;证券ETF
2017-11-07,1035446.8126820929,1473781.7455148096,-438334.93283271673,1.0,False,warning,-0.08413621961191747,4,沪深300;纳指;军工ETF;证券ETF,沪深300;纳指,军工ETF;证券ETF
2017-11-08,1047301.8944721521,0.0,1047301.8944721521,0.0,True,normal,-0.0736502729731623,0,,沪深300;纳指,证券ETF;军工ETF
2017-11-09,1047301.8944721521,0.0,1047301.8944721521,0.0,True,normal,-0.0736502729731623,0,,沪深300;纳指,军工ETF;证券ETF
2017-11-10,1047301.8944721521,0.0,1047301.8944721521,0.0,True,normal,-0.0736502729731623,0,,沪深300;纳指,证券ETF;军工ETF
2017-11-13,1047301.8944721521,0.0,1047301.8944721521,0.0,True,normal,-0.0736502729731623,0,,沪深300;创业板;纳指,证券ETF;军工ETF
2017-11-14,1047301.8944721521,0.0,1047301.8944721521,0.0,True,normal,-0.0736502729731623,0,,沪深300;纳指,证券ETF;军工ETF
2017-11-15,1047301.8944721521,0.0,1047301.8944721521,0.0,True,normal,-0.0736502729731623,0,,沪深300;纳指,证券ETF;军工ETF
2017-11-16,1047301.8944721521,0.0,1047301.8944721521,0.0,True,normal,-0.0736502729731623,0,,沪深300;纳指,军工ETF;证券ETF
2017-11-17,1047301.8944721521,0.0,1047301.8944721521,0.0,True,normal,-0.0736502729731623,0,,沪深300;纳指,证券ETF;军工ETF
2017-11-20,1047301.8944721521,0.0,1047301.8944721521,0.0,True,normal,-0.0736502729731623,0,,沪深300;纳指,证券ETF;军工ETF
2017-11-21,1047301.8944721521,0.0,1047301.8944721521,0.0,True,normal,-0.0736502729731623,0,,沪深300;纳指,证券ETF;军工ETF
2017-11-22,1047301.8944721521,0.0,1047301.8944721521,0.0,True,normal,-0.0736502729731623,0,,沪深300;纳指,证券ETF;军工ETF
2017-11-23,1047301.8944721521,0.0,1047301.8944721521,0.0,True,normal,-0.0736502729731623,0,,沪深300;纳指,证券ETF;军工ETF
2017-11-24,1047301.8944721521,0.0,1047301.8944721521,0.0,True,normal,-0.0736502729731623,0,,沪深300;纳指,证券ETF;军工ETF
2017-11-27,1047301.8944721521,0.0,1047301.8944721521,0.0,True,normal,-0.0736502729731623,0,,沪深300;纳指,军工ETF;证券ETF
2017-11-28,1047301.8944721521,0.0,1047301.8944721521,0.0,True,normal,-0.0736502729731623,0,,沪深300;纳指,证券ETF;军工ETF
2017-11-29,1047301.8944721521,0.0,1047301.8944721521,0.0,True,normal,-0.0736502729731623,0,,沪深300;纳指;黄金,证券ETF;军工ETF
2017-11-30,1047301.8944721521,0.0,1047301.8944721521,0.0,True,normal,-0.0736502729731623,0,,沪深300;纳指,证券ETF;军工ETF
2017-12-01,1047301.8944721521,0.0,1047301.8944721521,0.0,True,normal,-0.0736502729731623,0,,沪深300;纳指,证券ETF;军工ETF
2017-12-04,1047301.8944721521,0.0,1047301.8944721521,0.0,True,normal,-0.0736502729731623,0,,沪深300;纳指,证券ETF;军工ETF
2017-12-05,1047301.8944721521,0.0,1047301.8944721521,0.0,True,normal,-0.0736502729731623,0,,沪深300;纳指,证券ETF;军工ETF
2017-12-06,1047301.8944721521,0.0,1047301.8944721521,0.0,True,normal,-0.0736502729731623,0,,沪深300;纳指,证券ETF;军工ETF
2017-12-07,1047301.8944721521,0.0,1047301.8944721521,0.0,True,normal,-0.0736502729731623,0,,沪深300;纳指,军工ETF;证券ETF
2017-12-08,1047301.8944721521,0.0,1047301.8944721521,0.0,True,normal,-0.0736502729731623,0,,沪深300;纳指,证券ETF;军工ETF
2017-12-11,1047301.8944721521,0.0,1047301.8944721521,0.0,True,normal,-0.0736502729731623,0,,沪深300;纳指,证券ETF;军工ETF
2017-12-12,1047301.8944721521,0.0,1047301.8944721521,0.0,True,normal,-0.0736502729731623,0,,沪深300;纳指,军工ETF;证券ETF
2017-12-13,1047301.8944721521,0.0,1047301.8944721521,0.0,True,normal,-0.0736502729731623,0,,沪深300;纳指,证券ETF;军工ETF
2017-12-14,1047301.8944721521,0.0,1047301.8944721521,0.0,True,normal,-0.0736502729731623,0,,沪深300;纳指,军工ETF;证券ETF
2017-12-15,1047301.8944721521,0.0,1047301.8944721521,0.0,True,normal,-0.0736502729731623,0,,沪深300;纳指,军工ETF;证券ETF
2017-12-18,1047301.8944721521,0.0,1047301.8944721521,0.0,True,normal,-0.0736502729731623,0,,沪深300;纳指,军工ETF;证券ETF
2017-12-19,1047301.8944721521,0.0,1047301.8944721521,0.0,True,normal,-0.0736502729731623,0,,沪深300;纳指,军工ETF;证券ETF
2017-12-20,1047301.8944721521,0.0,1047301.8944721521,0.0,True,normal,-0.0736502729731623,0,,沪深300;纳指;国债ETF,军工ETF;证券ETF
2017-12-21,1047301.8944721521,0.0,1047301.8944721521,0.0,True,normal,-0.0736502729731623,0,,沪深300;纳指;国债ETF,军工ETF;证券ETF
2017-12-22,1047301.8944721521,0.0,1047301.8944721521,0.0,True,normal,-0.0736502729731623,0,,沪深300;纳指;国债ETF,军工ETF;证券ETF
2017-12-25,1047301.8944721521,0.0,1047301.8944721521,0.0,True,normal,-0.0736502729731623,0,,沪深300;纳指;国债ETF,军工ETF;证券ETF
2017-12-26,1047301.8944721521,0.0,1047301.8944721521,0.0,True,normal,-0.0736502729731623,0,,沪深300;纳指;国债ETF,军工ETF;证券ETF
2017-12-27,1047301.8944721521,0.0,1047301.8944721521,0.0,True,normal,-0.0736502729731623,0,,纳指;国债ETF,军工ETF;证券ETF
2017-12-28,1047301.8944721521,0.0,1047301.8944721521,0.0,True,normal,-0.0736502729731623,0,,沪深300;纳指;国债ETF,军工ETF;证券ETF
2017-12-29,1047301.8944721521,0.0,1047301.8944721521,0.0,True,normal,-0.0736502729731623,0,,纳指;黄金;国债ETF,军工ETF;证券ETF
2018-01-02,1047301.8944721521,0.0,1047301.8944721521,0.0,True,normal,-0.0736502729731623,0,,沪深300;纳指;黄金;国债ETF,军工ETF;证券ETF
2018-01-03,1047301.8944721521,0.0,1047301.8944721521,0.0,True,normal,-0.0736502729731623,0,,沪深300;纳指;黄金;国债ETF,军工ETF;证券ETF
2018-01-04,1047301.8944721521,0.0,1047301.8944721521,0.0,True,normal,-0.0736502729731623,0,,沪深300;纳指;国债ETF,军工ETF;证券ETF
2018-01-05,1047301.8944721521,0.0,1047301.8944721521,0.0,True,normal,-0.0736502729731623,0,,沪深300;纳指;国债ETF,军工ETF;证券ETF
2018-01-08,1047301.8944721521,0.0,1047301.8944721521,0.0,True,normal,-0.0736502729731623,0,,沪深300;纳指;黄金;国债ETF,证券ETF;军工ETF
2018-01-09,1047301.8944721521,0.0,1047301.8944721521,0.0,True,normal,-0.0736502729731623,0,,沪深300;纳指;黄金;国债ETF,证券ETF;军工ETF
2018-01-10,1047301.8944721521,0.0,1047301.8944721521,0.0,True,normal,-0.0736502729731623,0,,沪深300;纳指;黄金;国债ETF,证券ETF;军工ETF
2018-01-11,1047301.8944721521,0.0,1047301.8944721521,0.0,True,normal,-0.0736502729731623,0,,沪深300;纳指;黄金;国债ETF,证券ETF;军工ETF
2018-01-12,1047301.8944721521,0.0,1047301.8944721521,0.0,True,normal,-0.0736502729731623,0,,沪深300;纳指;黄金;国债ETF,证券ETF;军工ETF
2018-01-15,1047301.8944721521,0.0,1047301.8944721521,0.0,True,normal,-0.0736502729731623,0,,沪深300;纳指;黄金;国债ETF,证券ETF;军工ETF
2018-01-16,1047301.8944721521,0.0,1047301.8944721521,0.0,True,normal,-0.0736502729731623,0,,沪深300;纳指;黄金;国债ETF,证券ETF;军工ETF
2018-01-17,1047301.8944721521,0.0,1047301.8944721521,0.0,True,normal,-0.0736502729731623,0,,沪深300;纳指;黄金;国债ETF,证券ETF;军工ETF
2018-01-18,1047301.8944721521,0.0,1047301.8944721521,0.0,True,normal,-0.0736502729731623,0,,沪深300;纳指;黄金;国债ETF,证券ETF;军工ETF
2018-01-19,1047301.8944721521,0.0,1047301.8944721521,0.0,True,normal,-0.0736502729731623,0,,沪深300;纳指;黄金;国债ETF,证券ETF;军工ETF
2018-01-22,1047301.8944721521,0.0,1047301.8944721521,0.0,True,normal,-0.0736502729731623,0,,沪深300;创业板;纳指;黄金;国债ETF,证券ETF;军工ETF
2018-01-23,1047301.8944721521,0.0,1047301.8944721521,0.0,True,normal,-0.0736502729731623,0,,沪深300;纳指;黄金;国债ETF,证券ETF;军工ETF
2018-01-24,1047301.8944721521,0.0,1047301.8944721521,0.0,True,normal,-0.0736502729731623,0,,沪深300;创业板;纳指;黄金;国债ETF,证券ETF;军工ETF
2018-01-25,1047301.8944721521,0.0,1047301.8944721521,0.0,True,normal,-0.0736502729731623,0,,沪深300;创业板;纳指;黄金;国债ETF,证券ETF;军工ETF
2018-01-26,1047301.8944721521,0.0,1047301.8944721521,0.0,True,normal,-0.0736502729731623,0,,沪深300;创业板;纳指;黄金;国债ETF,证券ETF;军工ETF
2018-01-29,1047301.8944721521,0.0,1047301.8944721521,0.0,True,normal,-0.0736502729731623,0,,沪深300;创业板;纳指;黄金;国债ETF,证券ETF;军工ETF
2018-01-30,1047301.8944721521,0.0,1047301.8944721521,0.0,True,normal,-0.0736502729731623,0,,沪深300;创业板;纳指;黄金;国债ETF,证券ETF;军工ETF
2018-01-31,1047301.8944721521,0.0,1047301.8944721521,0.0,True,normal,-0.0736502729731623,0,,沪深300;纳指;黄金;国债ETF,证券ETF;军工ETF
2018-02-01,1047301.8944721521,0.0,1047301.8944721521,0.0,True,normal,-0.0736502729731623,0,,沪深300;纳指;黄金;国债ETF,证券ETF;军工ETF
2018-02-02,1047301.8944721521,0.0,1047301.8944721521,0.0,True,normal,-0.0736502729731623,0,,沪深300;纳指;黄金;国债ETF,证券ETF;军工ETF
2018-02-05,1047301.8944721521,0.0,1047301.8944721521,0.0,True,normal,-0.0736502729731623,0,,沪深300;纳指;黄金;国债ETF,证券ETF;军工ETF
2018-02-06,1047301.8944721521,0.0,1047301.8944721521,0.0,True,normal,-0.0736502729731623,0,,沪深300;黄金;国债ETF,证券ETF;军工ETF
2018-02-07,1047301.8944721521,0.0,1047301.8944721521,0.0,True,normal,-0.0736502729731623,0,,黄金;国债ETF,证券ETF;军工ETF
2018-02-08,1047301.8944721521,0.0,1047301.8944721521,0.0,True,normal,-0.0736502729731623,0,,黄金;国债ETF,证券ETF;军工ETF
2018-02-09,1047301.8944721521,0.0,1047301.8944721521,0.0,True,normal,-0.0736502729731623,0,,黄金;国债ETF,证券ETF;军工ETF
2018-02-12,1047301.8944721521,0.0,1047301.8944721521,0.0,True,normal,-0.0736502729731623,0,,黄金;国债ETF,证券ETF;军工ETF
2018-02-13,1047301.8944721521,0.0,1047301.8944721521,0.0,True,normal,-0.0736502729731623,0,,黄金;国债ETF,军工ETF;证券ETF
2018-02-14,1047301.8944721521,688456.8881702607,358845.0063018914,1.0,False,normal,-0.0736502729731623,4,黄金;国债ETF;证券ETF;军工ETF,黄金;国债ETF,证券ETF;军工ETF
2018-02-22,1055672.0339581731,697796.7419277406,357875.2920304325,1.0,False,normal,-0.06624679507535898,4,黄金;国债ETF;证券ETF;军工ETF,黄金;国债ETF,证券ETF;军工ETF
2018-02-23,1060808.820705259,714702.053096543,346106.76760871604,1.0,False,normal,-0.06170325225730997,4,黄金;国债ETF;军工ETF;证券ETF,黄金;国债ETF,军工ETF;证券ETF
2018-02-26,1078832.6159684546,701120.5232172356,377712.09275121905,0.8416350502280432,False,normal,-0.04576101257439221,6,沪深300;纳指;黄金;国债ETF;军工ETF;证券ETF,沪深300;纳指;黄金;国债ETF,军工ETF;证券ETF
2018-02-27,1085042.822886446,720478.8552147051,364563.9676717409,1.0,False,normal,-0.04026801813446429,5,纳指;黄金;国债ETF;军工ETF;证券ETF,纳指;黄金;国债ETF,军工ETF;证券ETF
2018-02-28,1083233.480240792,741825.4614319399,341408.0188088522,0.7454418556504079,False,normal,-0.04186840105628107,6,创业板;纳指;黄金;国债ETF;军工ETF;证券ETF,创业板;纳指;黄金;国债ETF,军工ETF;证券ETF
2018-03-01,1089231.8935141512,763024.7395238869,326207.1539902643,0.5599992378280958,False,normal,-0.036562740360258916,5,创业板;纳指;国债ETF;军工ETF;证券ETF,创业板;纳指;国债ETF,军工ETF;证券ETF
2018-03-02,1083553.6026248415,822290.6818363838,261262.92078845773,0.5647329018054399,False,normal,-0.041585249383736006,6,创业板;纳指;国债ETF;有色ETF;军工ETF;证券ETF,创业板;纳指;国债ETF,有色ETF;军工ETF;证券ETF
2018-03-05,1088145.4990533958,847836.2195663773,240309.27948701847,0.578034367655767,False,normal,-0.03752366788027592,6,创业板;纳指;国债ETF;有色ETF;军工ETF;证券ETF,创业板;纳指;国债ETF,有色ETF;军工ETF;证券ETF
2018-03-06,1099981.805720563,863567.8641561399,236413.94156442315,0.5939607777349053,False,normal,-0.027054328038527118,6,创业板;纳指;国债ETF;有色ETF;军工ETF;证券ETF,创业板;纳指;国债ETF,有色ETF;军工ETF;证券ETF
2018-03-07,1087327.5318526994,858122.951026519,229204.5808261804,0.7766787313858143,False,normal,-0.038247168617820154,5,纳指;国债ETF;有色ETF;军工ETF;证券ETF,纳指;国债ETF,有色ETF;军工ETF;证券ETF
2018-03-08,1089231.716310178,885808.5872347086,203423.12907546933,0.7967241780140231,False,normal,-0.03656289709906857,5,纳指;国债ETF;有色ETF;军工ETF;证券ETF,纳指;国债ETF,有色ETF;军工ETF;证券ETF
2018-03-09,1101053.0918120763,902677.8279578206,198375.26385425567,0.6074479031676522,False,normal,-0.026106764032695635,6,创业板;纳指;国债ETF;有色ETF;军工ETF;证券ETF,创业板;纳指;国债ETF,有色ETF;军工ETF;证券ETF
2018-03-12,1119894.3572621553,901111.5623200155,218782.79494213976,0.6126935842043914,False,normal,-0.009441463226267125,6,创业板;纳指;国债ETF;有色ETF;军工ETF;证券ETF,创业板;纳指;国债ETF,有色ETF;军工ETF;证券ETF
2018-03-13,1110625.241299175,906081.3119255158,204543.9293736592,0.6282919391071574,False,normal,-0.017640095432899912,6,创业板;纳指;国债ETF;有色ETF;军工ETF;证券ETF,创业板;纳指;国债ETF,有色ETF;军工ETF;证券ETF
2018-03-14,1103312.9074983248,919028.0413228957,184284.86617542908,0.6233672172563239,False,normal,-0.02410793288846065,6,创业板;纳指;国债ETF;有色ETF;军工ETF;证券ETF,创业板;纳指;国债ETF,有色ETF;军工ETF;证券ETF
2018-03-15,1102504.735905451,947041.5099577848,155463.22594766621,0.6425307456570052,False,normal,-0.02482276930611725,6,创业板;纳指;国债ETF;有色ETF;军工ETF;证券ETF,创业板;纳指;国债ETF,有色ETF;军工ETF;证券ETF
2018-03-16,1091288.4208809508,947519.0096008672,143769.4112800836,0.6547504463929918,False,normal,-0.034743719908836804,6,创业板;纳指;国债ETF;有色ETF;军工ETF;证券ETF,创业板;纳指;国债ETF,有色ETF;军工ETF;证券ETF
2018-03-19,1093011.0747018852,978110.8783336054,114900.19636827987,0.6743290605673646,False,normal,-0.03322001417966052,6,创业板;纳指;国债ETF;有色ETF;军工ETF;证券ETF,创业板;纳指;国债ETF,有色ETF;军工ETF;证券ETF
2018-03-20,1092988.8395969982,1008818.6016022791,84170.23799471906,0.7472572944667192,False,normal,-0.033239681367747596,5,创业板;国债ETF;有色ETF;军工ETF;证券ETF,创业板;国债ETF,有色ETF;军工ETF;证券ETF
2018-03-21,1092913.1780742444,1092913.1780742444,0.0,0.7206080521850873,False,normal,-0.03330660479385742,5,创业板;国债ETF;军工ETF;有色ETF;证券ETF,创业板;国债ETF,军工ETF;有色ETF;证券ETF
2018-03-22,1086685.3550515836,1086685.3550515836,0.0,0.7398850799304683,False,normal,-0.03881518086677761,5,创业板;国债ETF;军工ETF;有色ETF;证券ETF,创业板;国债ETF,军工ETF;有色ETF;证券ETF
2018-03-23,1036143.712196718,778765.7894559058,257377.92274081218,1.0,False,warning,-0.0835198045375769,4,国债ETF;军工ETF;有色ETF;证券ETF,国债ETF,军工ETF;有色ETF;证券ETF
2018-03-26,1057425.9220774737,749724.4417301092,307701.48034736456,0.5750118080419357,False,normal,-0.06469546227521296,5,创业板;国债ETF;军工ETF;有色ETF;证券ETF,创业板;国债ETF,军工ETF;有色ETF;证券ETF
2018-03-27,1074722.1006744127,744874.6157265089,329847.4849479038,0.5491896317046021,False,normal,-0.049396807315787716,5,创业板;国债ETF;军工ETF;有色ETF;证券ETF,创业板;国债ETF,军工ETF;有色ETF;证券ETF
2018-03-28,1064691.5644534994,748962.0216826668,315729.54277083254,0.5646431885036025,False,normal,-0.058268923884295366,5,创业板;国债ETF;军工ETF;有色ETF;证券ETF,创业板;国债ETF,军工ETF;有色ETF;证券ETF
2018-03-29,1070095.039383248,771731.586089148,298363.4532941,0.5823672842274928,False,normal,-0.053489492516330776,5,创业板;国债ETF;军工ETF;有色ETF;证券ETF,创业板;国债ETF,军工ETF;有色ETF;证券ETF
2018-03-30,1079495.6089514168,790999.1528169715,288496.45613444527,0.5701337521502009,False,normal,-0.04517458818995313,5,创业板;国债ETF;军工ETF;有色ETF;证券ETF,创业板;国债ETF,军工ETF;有色ETF;证券ETF
2018-04-02,1088048.1002536318,813339.400329905,274708.69992372685,0.5869120464180216,False,normal,-0.03760981816039127,5,创业板;国债ETF;军工ETF;证券ETF;有色ETF,创业板;国债ETF,军工ETF;证券ETF;有色ETF
2018-04-03,1081303.301729991,826293.3291511703,255009.97257882077,0.5955834944782351,False,normal,-0.04357566459321441,5,创业板;国债ETF;军工ETF;证券ETF;有色ETF,创业板;国债ETF,军工ETF;证券ETF;有色ETF
2018-04-04,1076364.0258068528,844638.5089313022,231725.51687555062,0.5976407405698878,False,normal,-0.04794450697501439,5,创业板;国债ETF;军工ETF;证券ETF;有色ETF,创业板;国债ETF,军工ETF;证券ETF;有色ETF
2018-04-09,1086820.3786077413,864562.0167300766,222258.3618776647,0.6160307307669358,False,normal,-0.038695751087218275,5,创业板;国债ETF;军工ETF;证券ETF;有色ETF,创业板;国债ETF,军工ETF;证券ETF;有色ETF
2018-04-10,1090681.7295134552,893577.7907528415,197103.93876061367,1.0,False,normal,-0.0352803449122245,6,创业板;黄金;国债ETF;军工ETF;证券ETF;有色ETF,创业板;黄金;国债ETF,军工ETF;证券ETF;有色ETF
2018-04-11,1091774.33160032,922571.0233706437,169203.30822967633,0.5964448113673292,False,normal,-0.0343139266805203,6,创业板;纳指;国债ETF;军工ETF;证券ETF;有色ETF,创业板;纳指;国债ETF,军工ETF;证券ETF;有色ETF
2018-04-12,1082793.180752819,929497.6454567071,153295.53529611183,0.8516879411576573,False,normal,-0.04225785066259492,7,创业板;纳指;黄金;国债ETF;军工ETF;证券ETF;有色ETF,创业板;纳指;黄金;国债ETF,军工ETF;证券ETF;有色ETF
2018-04-13,1079449.0298594066,953735.0028441586,125714.02701524808,1.0,False,normal,-0.045215787895020516,7,创业板;纳指;黄金;国债ETF;军工ETF;证券ETF;有色ETF,创业板;纳指;黄金;国债ETF,军工ETF;证券ETF;有色ETF
2018-04-16,1071699.2569997073,966938.0535922681,104761.20340743917,1.0,False,normal,-0.05207054487674138,7,创业板;纳指;黄金;国债ETF;军工ETF;有色ETF;证券ETF,创业板;纳指;黄金;国债ETF,军工ETF;有色ETF;证券ETF
2018-04-17,1056557.2725020326,949242.9611776387,107314.31132439384,1.0,False,normal,-0.06546379211528973,7,创业板;纳指;黄金;国债ETF;军工ETF;证券ETF;有色ETF,创业板;纳指;黄金;国债ETF,军工ETF;证券ETF;有色ETF
2018-04-18,1071787.7693566035,950940.7734067556,120846.99594984786,1.0,False,normal,-0.051992254750387115,7,创业板;纳指;黄金;国债ETF;军工ETF;证券ETF;有色ETF,创业板;纳指;黄金;国债ETF,军工ETF;证券ETF;有色ETF
2018-04-19,1089350.1089485332,949149.8222390702,140200.286709463,1.0,False,normal,-0.03645817754418066,7,创业板;纳指;黄金;国债ETF;军工ETF;有色ETF;证券ETF,创业板;纳指;黄金;国债ETF,军工ETF;有色ETF;证券ETF
2018-04-20,1069711.173469098,902167.3675111616,167543.80595793645,1.0,False,normal,-0.053829026023015494,7,创业板;纳指;黄金;国债ETF;军工ETF;有色ETF;证券ETF,创业板;纳指;黄金;国债ETF,军工ETF;有色ETF;证券ETF
2018-04-23,1057515.3970374234,898742.681069541,158772.71596788242,0.6711800003387861,False,normal,-0.06461632071616236,5,创业板;国债ETF;军工ETF;有色ETF;证券ETF,创业板;国债ETF,军工ETF;有色ETF;证券ETF
2018-04-24,1076051.3995605174,887751.7266392491,188299.67292126827,0.6330332462733059,False,normal,-0.04822102823357684,5,创业板;国债ETF;军工ETF;证券ETF;有色ETF,创业板;国债ETF,军工ETF;证券ETF;有色ETF
2018-04-25,1072697.4540702596,911137.798580206,161559.65549005358,0.6509902963486949,False,normal,-0.05118762889166992,5,创业板;国债ETF;军工ETF;证券ETF;有色ETF,创业板;国债ETF,军工ETF;证券ETF;有色ETF
2018-04-26,1055984.8805481892,885750.281973273,170234.59857491613,1.0,False,normal,-0.06597007892045438,6,创业板;黄金;国债ETF;军工ETF;证券ETF;有色ETF,创业板;黄金;国债ETF,军工ETF;证券ETF;有色ETF
2018-04-27,1055936.8070061272,913355.2826086564,142581.52439747076,1.0,False,normal,-0.06601260048257641,6,创业板;黄金;国债ETF;军工ETF;证券ETF;有色ETF,创业板;黄金;国债ETF,军工ETF;证券ETF;有色ETF
2018-05-02,1051556.7031077216,936475.9142059647,115080.78890175698,0.6748130925526429,False,normal,-0.06988684922790327,5,创业板;国债ETF;军工ETF;证券ETF;有色ETF,创业板;国债ETF,军工ETF;证券ETF;有色ETF
2018-05-03,1062718.5586272355,951238.8265795005,111479.73204773501,0.6816146962840776,False,normal,-0.06001406863981318,5,创业板;国债ETF;军工ETF;证券ETF;有色ETF,创业板;国债ETF,军工ETF;证券ETF;有色ETF
2018-05-04,1059172.2766315448,976486.6754137932,82685.60121775162,0.6964226267459847,False,normal,-0.06315079299408731,5,创业板;国债ETF;军工ETF;证券ETF;有色ETF,创业板;国债ETF,军工ETF;证券ETF;有色ETF
2018-05-07,1073263.6294266332,984642.152659931,88621.47676670225,0.6912371837535309,False,normal,-0.05068684073345657,5,创业板;国债ETF;军工ETF;证券ETF;有色ETF,创业板;国债ETF,军工ETF;证券ETF;有色ETF
2018-05-08,1080080.8576261967,1080080.8576261965,2.3283064365386963e-10,0.7129474424815354,False,normal,-0.04465692947761172,5,创业板;国债ETF;证券ETF;军工ETF;有色ETF,创业板;国债ETF,证券ETF;军工ETF;有色ETF
2018-05-09,1072367.6146233894,1072367.6146233892,2.3283064365386963e-10,1.0,False,normal,-0.05147937541020824,4,国债ETF;军工ETF;证券ETF;有色ETF,国债ETF,军工ETF;证券ETF;有色ETF
2018-05-10,1070121.0295071488,1070121.0295071485,2.3283064365386963e-10,1.0,False,normal,-0.0534665039737644,4,国债ETF;军工ETF;证券ETF;有色ETF,国债ETF,军工ETF;证券ETF;有色ETF
2018-05-11,1068566.8463796307,1068566.8463796307,0.0,1.0,False,normal,-0.054841195572743785,4,国债ETF;军工ETF;证券ETF;有色ETF,国债ETF,军工ETF;证券ETF;有色ETF
2018-05-14,1063698.8579270227,1063698.8579270227,0.0,1.0,False,normal,-0.0591469834244081,4,国债ETF;证券ETF;军工ETF;有色ETF,国债ETF,证券ETF;军工ETF;有色ETF
2018-05-15,1068880.7216843797,1068880.7216843797,0.0,0.7794622460583152,False,normal,-0.05456356950865531,5,创业板;国债ETF;证券ETF;军工ETF;有色ETF,创业板;国债ETF,证券ETF;军工ETF;有色ETF
2018-05-16,1058885.4908845625,1152008.0993174328,-93122.60843287036,0.7988000641172118,False,normal,-0.06340445805459612,5,创业板;国债ETF;有色ETF;军工ETF;证券ETF,创业板;国债ETF,有色ETF;军工ETF;证券ETF
2018-05-17,1051678.0956602274,1172071.9753211155,-120393.87966088811,1.0,False,normal,-0.06977947621686385,4,国债ETF;有色ETF;军工ETF;证券ETF,国债ETF,有色ETF;军工ETF;证券ETF
2018-05-18,1059324.5427395203,1201655.0202922958,-142330.47755277553,1.0,False,normal,-0.06301611199302826,5,纳指;国债ETF;证券ETF;军工ETF;有色ETF,纳指;国债ETF,证券ETF;军工ETF;有色ETF
2018-05-21,1070159.559589845,1224992.6103708718,-154833.05078102695,0.8519304849099,False,normal,-0.05343242370352307,6,创业板;纳指;国债ETF;证券ETF;军工ETF;有色ETF,创业板;纳指;国债ETF,证券ETF;军工ETF;有色ETF
2018-05-22,1065970.8798800663,1254979.2415909679,-189008.3617109016,1.0,False,normal,-0.057137355706641364,6,创业板;纳指;国债ETF;证券ETF;军工ETF;有色ETF,创业板;纳指;国债ETF,证券ETF;军工ETF;有色ETF
2018-05-23,1051106.2948249925,1233025.4987892436,-181919.2039642511,1.0,False,normal,-0.07028524017129693,6,创业板;纳指;国债ETF;证券ETF;军工ETF;有色ETF,创业板;纳指;国债ETF,证券ETF;军工ETF;有色ETF
2018-05-24,1044340.2162978665,1256812.0735708764,-212471.85727300984,1.0,False,normal,-0.07626990899480203,6,创业板;纳指;国债ETF;有色ETF;军工ETF;证券ETF,创业板;纳指;国债ETF,有色ETF;军工ETF;证券ETF
2018-05-25,1032997.1826657086,1261164.2677488015,-228167.0850830929,1.0,False,warning,-0.0863029435613075,5,纳指;国债ETF;证券ETF;军工ETF;有色ETF,纳指;国债ETF,证券ETF;军工ETF;有色ETF
2018-05-28,1019138.6795271653,1252514.9408367132,-233376.26130954793,1.0,False,warning,-0.09856093781029197,6,沪深300;纳指;国债ETF;证券ETF;军工ETF;有色ETF,沪深300;纳指;国债ETF,证券ETF;军工ETF;有色ETF
2018-05-29,1006136.348896293,1251592.4492352607,-245456.10033896775,1.0,False,warning,-0.1100616383190902,5,纳指;国债ETF;有色ETF;军工ETF;证券ETF,纳指;国债ETF,有色ETF;军工ETF;证券ETF
2018-05-30,969260.072583983,484630.0362919915,484630.0362919915,0.5,False,halve,-0.14267909912573917,5,纳指;国债ETF;军工ETF;有色ETF;证券ETF,纳指;国债ETF,军工ETF;有色ETF;证券ETF
2018-05-31,972259.6188703673,486129.8094351836,486129.8094351837,0.5,False,halve,-0.14002596835393152,5,纳指;国债ETF;军工ETF;有色ETF;证券ETF,纳指;国债ETF,军工ETF;有色ETF;证券ETF
2018-06-01,971343.3288138642,541020.8715724085,430322.4572414557,0.5,False,halve,-0.14083643670904405,5,纳指;国债ETF;军工ETF;有色ETF;证券ETF,纳指;国债ETF,军工ETF;有色ETF;证券ETF
2018-06-04,967817.1196319917,554845.2362740636,412971.88335792813,0.5,False,halve,-0.14395540644480817,5,纳指;国债ETF;证券ETF;军工ETF;有色ETF,纳指;国债ETF,证券ETF;军工ETF;有色ETF
2018-06-05,974496.3981695974,543865.7279676307,430630.67020196666,0.5,False,halve,-0.13804751314039887,5,纳指;国债ETF;有色ETF;军工ETF;证券ETF,纳指;国债ETF,有色ETF;军工ETF;证券ETF
2018-06-06,976250.6462210548,557274.9819816351,418975.66423941974,0.5,False,halve,-0.13649586197641045,5,纳指;国债ETF;有色ETF;军工ETF;证券ETF,纳指;国债ETF,有色ETF;军工ETF;证券ETF
2018-06-07,974754.194429196,573894.6871850309,400859.50724416506,0.5,False,halve,-0.13781948959153661,5,纳指;国债ETF;证券ETF;军工ETF;有色ETF,纳指;国债ETF,证券ETF;军工ETF;有色ETF
2018-06-08,964201.9805737936,549424.3164023906,414777.66417140304,0.5,False,halve,-0.14715303560732745,5,纳指;国债ETF;军工ETF;有色ETF;证券ETF,纳指;国债ETF,军工ETF;有色ETF;证券ETF
2018-06-11,964021.6870568228,565275.4340885348,398746.252968288,0.5,False,halve,-0.14731250715140864,5,纳指;国债ETF;证券ETF;军工ETF;有色ETF,纳指;国债ETF,证券ETF;军工ETF;有色ETF
2018-06-12,966257.949188124,576669.2294167175,389588.7197714065,0.5,False,halve,-0.14533450937844042,5,沪深300;纳指;证券ETF;有色ETF;军工ETF,沪深300;纳指,证券ETF;有色ETF;军工ETF
2018-06-13,955994.679133221,555169.7822379752,400824.8968952459,0.5,False,halve,-0.1544124815123053,6,沪深300;纳指;国债ETF;证券ETF;有色ETF;军工ETF,沪深300;纳指;国债ETF,证券ETF;有色ETF;军工ETF
2018-06-14,954682.6073505165,571564.4288640459,383118.1784864706,0.5,False,halve,-0.1555730230373071,5,沪深300;纳指;证券ETF;有色ETF;军工ETF,沪深300;纳指,证券ETF;有色ETF;军工ETF
2018-06-15,945442.6235556995,559965.3708114829,385477.2527442166,0.5,False,halve,-0.16374588752961775,4,纳指;证券ETF;有色ETF;军工ETF,纳指,证券ETF;有色ETF;军工ETF
2018-06-19,908217.3602323753,0.0,908217.3602323753,0.0,False,liquidate,-0.19667203108008224,5,纳指;国债ETF;有色ETF;证券ETF;军工ETF,纳指;国债ETF,有色ETF;证券ETF;军工ETF
2018-06-20,908289.4409752509,0.0,908289.4409752509,0.0,False,liquidate,-0.19660827489207272,5,纳指;国债ETF;有色ETF;军工ETF;证券ETF,纳指;国债ETF,有色ETF;军工ETF;证券ETF
2018-06-21,908361.5274388205,0.0,908361.5274388205,0.0,False,liquidate,-0.1965445136440482,5,纳指;国债ETF;证券ETF;有色ETF;军工ETF,纳指;国债ETF,证券ETF;有色ETF;军工ETF
2018-06-22,908433.6196235379,0.0,908433.6196235379,0.0,False,liquidate,-0.19648074733560722,5,纳指;国债ETF;有色ETF;证券ETF;军工ETF,纳指;国债ETF,有色ETF;证券ETF;军工ETF
2018-06-25,908505.7175298573,0.0,908505.7175298573,0.0,False,liquidate,-0.19641697596634805,5,纳指;国债ETF;有色ETF;证券ETF;军工ETF,纳指;国债ETF,有色ETF;证券ETF;军工ETF
2018-06-26,908577.8211582327,0.0,908577.8211582327,0.0,False,liquidate,-0.19635319953586913,5,纳指;国债ETF;有色ETF;证券ETF;军工ETF,纳指;国债ETF,有色ETF;证券ETF;军工ETF
2018-06-27,908649.9305091184,0.0,908649.9305091184,0.0,False,liquidate,-0.19628941804376876,5,纳指;国债ETF;军工ETF;有色ETF;证券ETF,纳指;国债ETF,军工ETF;有色ETF;证券ETF
2018-06-28,908722.0455829683,0.0,908722.0455829683,0.0,False,liquidate,-0.19622563148964528,4,纳指;有色ETF;证券ETF;军工ETF,纳指,有色ETF;证券ETF;军工ETF
2018-06-29,908794.1663802369,0.0,908794.1663802369,0.0,True,liquidate,-0.19616183987309677,0,,纳指;国债ETF,有色ETF;军工ETF;证券ETF
2018-07-02,908794.1663802369,0.0,908794.1663802369,0.0,True,liquidate,-0.19616183987309677,0,,纳指;国债ETF,有色ETF;军工ETF;证券ETF
2018-07-03,908794.1663802369,0.0,908794.1663802369,0.0,True,liquidate,-0.19616183987309677,0,,纳指;国债ETF,军工ETF;有色ETF;证券ETF
2018-07-04,908794.1663802369,0.0,908794.1663802369,0.0,True,liquidate,-0.19616183987309677,0,,纳指;国债ETF,有色ETF;军工ETF;证券ETF
2018-07-05,908794.1663802369,0.0,908794.1663802369,0.0,True,liquidate,-0.19616183987309677,0,,纳指;国债ETF,军工ETF;证券ETF;有色ETF
2018-07-06,908794.1663802369,0.0,908794.1663802369,0.0,True,liquidate,-0.19616183987309677,0,,纳指;国债ETF,军工ETF;证券ETF;有色ETF
2018-07-09,908794.1663802369,0.0,908794.1663802369,0.0,True,liquidate,-0.19616183987309677,0,,纳指;国债ETF,军工ETF;证券ETF;有色ETF
2018-07-10,908794.1663802369,0.0,908794.1663802369,0.0,True,liquidate,-0.19616183987309677,0,,纳指;国债ETF,军工ETF;证券ETF;有色ETF
2018-07-11,908794.1663802369,0.0,908794.1663802369,0.0,True,liquidate,-0.19616183987309677,0,,纳指;黄金;国债ETF,证券ETF;军工ETF;有色ETF
2018-07-12,908794.1663802369,0.0,908794.1663802369,0.0,True,liquidate,-0.19616183987309677,0,,纳指;黄金;国债ETF,有色ETF;军工ETF;证券ETF
2018-07-13,908794.1663802369,0.0,908794.1663802369,0.0,True,liquidate,-0.19616183987309677,0,,纳指;黄金;国债ETF,有色ETF;军工ETF;证券ETF
2018-07-16,908794.1663802369,0.0,908794.1663802369,0.0,True,liquidate,-0.19616183987309677,0,,纳指;黄金;国债ETF,有色ETF;军工ETF;证券ETF
2018-07-17,908794.1663802369,0.0,908794.1663802369,0.0,True,liquidate,-0.19616183987309677,0,,纳指;黄金;国债ETF,有色ETF;军工ETF;证券ETF
2018-07-18,908794.1663802369,0.0,908794.1663802369,0.0,True,liquidate,-0.19616183987309677,0,,纳指;国债ETF,军工ETF;有色ETF;证券ETF
2018-07-19,908794.1663802369,0.0,908794.1663802369,0.0,True,liquidate,-0.19616183987309677,0,,纳指;国债ETF,有色ETF;军工ETF;证券ETF
2018-07-20,908794.1663802369,0.0,908794.1663802369,0.0,True,liquidate,-0.19616183987309677,0,,纳指;国债ETF,证券ETF;军工ETF;有色ETF
2018-07-23,908794.1663802369,0.0,908794.1663802369,0.0,True,liquidate,-0.19616183987309677,0,,纳指;黄金;国债ETF,有色ETF;军工ETF;证券ETF
2018-07-24,908794.1663802369,0.0,908794.1663802369,0.0,True,liquidate,-0.19616183987309677,0,,纳指;国债ETF,军工ETF;有色ETF;证券ETF
2018-07-25,908794.1663802369,0.0,908794.1663802369,0.0,False,liquidate,-0.19616183987309677,5,纳指;国债ETF;军工ETF;有色ETF;证券ETF,纳指;国债ETF,军工ETF;有色ETF;证券ETF
2018-07-26,908866.2929013782,0.0,908866.2929013782,0.0,False,liquidate,-0.1960980431937215,5,纳指;国债ETF;军工ETF;有色ETF;证券ETF,纳指;国债ETF,军工ETF;有色ETF;证券ETF
2018-07-27,908938.4251468467,0.0,908938.4251468467,0.0,False,liquidate,-0.19603424145111778,5,纳指;国债ETF;军工ETF;有色ETF;证券ETF,纳指;国债ETF,军工ETF;有色ETF;证券ETF
2018-07-30,909010.5631170964,0.0,909010.5631170964,0.0,False,liquidate,-0.19597043464488373,6,纳指;黄金;国债ETF;军工ETF;有色ETF;证券ETF,纳指;黄金;国债ETF,军工ETF;有色ETF;证券ETF
2018-07-31,909082.706812582,0.0,909082.706812582,0.0,False,liquidate,-0.1959066227746174,6,纳指;黄金;国债ETF;军工ETF;证券ETF;有色ETF,纳指;黄金;国债ETF,军工ETF;证券ETF;有色ETF
2018-08-01,909154.8562337576,0.0,909154.8562337576,0.0,False,liquidate,-0.19584280583991698,6,纳指;黄金;国债ETF;有色ETF;军工ETF;证券ETF,纳指;黄金;国债ETF,有色ETF;军工ETF;证券ETF
2018-08-02,909227.0113810777,0.0,909227.0113810777,0.0,False,liquidate,-0.19577898384038048,5,纳指;国债ETF;有色ETF;军工ETF;证券ETF,纳指;国债ETF,有色ETF;军工ETF;证券ETF
2018-08-03,909299.1722549968,0.0,909299.1722549968,0.0,False,liquidate,-0.1957151567756059,5,纳指;国债ETF;有色ETF;军工ETF;证券ETF,纳指;国债ETF,有色ETF;军工ETF;证券ETF
2018-08-06,909371.3388559695,0.0,909371.3388559695,0.0,False,liquidate,-0.19565132464519125,5,纳指;国债ETF;证券ETF;军工ETF;有色ETF,纳指;国债ETF,证券ETF;军工ETF;有色ETF
2018-08-07,909443.5111844501,0.0,909443.5111844501,0.0,False,liquidate,-0.1955874874487345,5,纳指;国债ETF;证券ETF;军工ETF;有色ETF,纳指;国债ETF,证券ETF;军工ETF;有色ETF
2018-08-08,909515.6892408933,0.0,909515.6892408933,0.0,False,liquidate,-0.1955236451858336,5,纳指;国债ETF;证券ETF;军工ETF;有色ETF,纳指;国债ETF,证券ETF;军工ETF;有色ETF
2018-08-09,909587.8730257538,0.0,909587.8730257538,0.0,False,liquidate,-0.19545979785608641,5,纳指;国债ETF;证券ETF;军工ETF;有色ETF,纳指;国债ETF,证券ETF;军工ETF;有色ETF
2018-08-10,909660.062539486,0.0,909660.062539486,0.0,False,liquidate,-0.19539594545909086,5,纳指;国债ETF;证券ETF;军工ETF;有色ETF,纳指;国债ETF,证券ETF;军工ETF;有色ETF
2018-08-13,909732.2577825447,0.0,909732.2577825447,0.0,False,liquidate,-0.1953320879944447,6,纳指;黄金;国债ETF;军工ETF;证券ETF;有色ETF,纳指;黄金;国债ETF,军工ETF;证券ETF;有色ETF
2018-08-14,909804.4587553847,0.0,909804.4587553847,0.0,False,liquidate,-0.1952682254617458,5,纳指;国债ETF;军工ETF;证券ETF;有色ETF,纳指;国债ETF,军工ETF;证券ETF;有色ETF
2018-08-15,909876.6654584606,0.0,909876.6654584606,0.0,False,liquidate,-0.1952043578605919,5,纳指;国债ETF;军工ETF;证券ETF;有色ETF,纳指;国债ETF,军工ETF;证券ETF;有色ETF
2018-08-16,909948.8778922271,0.0,909948.8778922271,0.0,False,liquidate,-0.1951404851905808,5,纳指;国债ETF;证券ETF;军工ETF;有色ETF,纳指;国债ETF,证券ETF;军工ETF;有色ETF
2018-08-17,910021.0960571392,0.0,910021.0960571392,0.0,False,liquidate,-0.19507660745131022,4,纳指;证券ETF;军工ETF;有色ETF,纳指,证券ETF;军工ETF;有色ETF
2018-08-20,910093.3199536517,0.0,910093.3199536517,0.0,False,liquidate,-0.19501272464237773,5,纳指;国债ETF;证券ETF;军工ETF;有色ETF,纳指;国债ETF,证券ETF;军工ETF;有色ETF
2018-08-21,910165.5495822196,0.0,910165.5495822196,0.0,True,liquidate,-0.19494883676338104,0,,纳指;国债ETF,证券ETF;军工ETF;有色ETF
2018-08-22,910165.5495822196,0.0,910165.5495822196,0.0,True,liquidate,-0.19494883676338104,0,,纳指;国债ETF,证券ETF;军工ETF;有色ETF
2018-08-23,910165.5495822196,0.0,910165.5495822196,0.0,True,liquidate,-0.19494883676338104,0,,纳指,证券ETF;军工ETF;有色ETF
2018-08-24,910165.5495822196,0.0,910165.5495822196,0.0,True,liquidate,-0.19494883676338104,0,,纳指;国债ETF,证券ETF;军工ETF;有色ETF
2018-08-27,910165.5495822196,0.0,910165.5495822196,0.0,True,liquidate,-0.19494883676338104,0,,沪深300;纳指;国债ETF,军工ETF;证券ETF;有色ETF
2018-08-28,910165.5495822196,0.0,910165.5495822196,0.0,True,liquidate,-0.19494883676338104,0,,沪深300;纳指;国债ETF,军工ETF;证券ETF;有色ETF
2018-08-29,910165.5495822196,0.0,910165.5495822196,0.0,True,liquidate,-0.19494883676338104,0,,沪深300;纳指;国债ETF,军工ETF;证券ETF;有色ETF
2018-08-30,910165.5495822196,0.0,910165.5495822196,0.0,True,liquidate,-0.19494883676338104,0,,沪深300;纳指;国债ETF,军工ETF;证券ETF;有色ETF
2018-08-31,910165.5495822196,0.0,910165.5495822196,0.0,True,liquidate,-0.19494883676338104,0,,纳指;国债ETF,军工ETF;证券ETF;有色ETF
2018-09-03,910165.5495822196,0.0,910165.5495822196,0.0,True,liquidate,-0.19494883676338104,0,,纳指;国债ETF,军工ETF;证券ETF;有色ETF
2018-09-04,910165.5495822196,0.0,910165.5495822196,0.0,True,liquidate,-0.19494883676338104,0,,纳指;国债ETF,军工ETF;证券ETF;有色ETF
2018-09-05,910165.5495822196,0.0,910165.5495822196,0.0,True,liquidate,-0.19494883676338104,0,,纳指;国债ETF,军工ETF;证券ETF;有色ETF
2018-09-06,910165.5495822196,0.0,910165.5495822196,0.0,True,liquidate,-0.19494883676338104,0,,纳指;国债ETF,军工ETF;证券ETF;有色ETF
2018-09-07,910165.5495822196,0.0,910165.5495822196,0.0,True,liquidate,-0.19494883676338104,0,,纳指;国债ETF,军工ETF;证券ETF;有色ETF
2018-09-10,910165.5495822196,0.0,910165.5495822196,0.0,True,liquidate,-0.19494883676338104,0,,纳指,军工ETF;证券ETF;有色ETF
2018-09-11,910165.5495822196,0.0,910165.5495822196,0.0,True,liquidate,-0.19494883676338104,0,,纳指;黄金,军工ETF;证券ETF;有色ETF
2018-09-12,910165.5495822196,0.0,910165.5495822196,0.0,True,liquidate,-0.19494883676338104,0,,纳指,军工ETF;证券ETF;有色ETF
2018-09-13,910165.5495822196,0.0,910165.5495822196,0.0,True,liquidate,-0.19494883676338104,0,,纳指,军工ETF;证券ETF;有色ETF
2018-09-14,910165.5495822196,0.0,910165.5495822196,0.0,True,liquidate,-0.19494883676338104,0,,纳指,军工ETF;证券ETF;有色ETF
2018-09-17,910165.5495822196,0.0,910165.5495822196,0.0,True,liquidate,-0.19494883676338104,0,,纳指,军工ETF;证券ETF;有色ETF
2018-09-18,910165.5495822196,0.0,910165.5495822196,0.0,True,liquidate,-0.19494883676338104,0,,纳指,军工ETF;证券ETF;有色ETF
2018-09-19,910165.5495822196,0.0,910165.5495822196,0.0,True,liquidate,-0.19494883676338104,0,,纳指,军工ETF;证券ETF;有色ETF
2018-09-20,910165.5495822196,0.0,910165.5495822196,0.0,True,liquidate,-0.19494883676338104,0,,纳指,军工ETF;证券ETF;有色ETF
2018-09-21,910165.5495822196,0.0,910165.5495822196,0.0,True,liquidate,-0.19494883676338104,0,,纳指,军工ETF;证券ETF;有色ETF
2018-09-25,910165.5495822196,0.0,910165.5495822196,0.0,True,liquidate,-0.19494883676338104,0,,纳指,军工ETF;证券ETF;有色ETF
2018-09-26,910165.5495822196,0.0,910165.5495822196,0.0,True,liquidate,-0.19494883676338104,0,,纳指,军工ETF;证券ETF;有色ETF
2018-09-27,910165.5495822196,0.0,910165.5495822196,0.0,False,liquidate,-0.19494883676338104,5,沪深300;纳指;军工ETF;证券ETF;有色ETF,沪深300;纳指,军工ETF;证券ETF;有色ETF
2018-09-28,910237.7849432975,0.0,910237.7849432975,0.0,False,liquidate,-0.19488494381391783,5,沪深300;纳指;军工ETF;证券ETF;有色ETF,沪深300;纳指,军工ETF;证券ETF;有色ETF
2018-10-08,910310.0260373406,0.0,910310.0260373406,0.0,False,liquidate,-0.19482104579358558,5,沪深300;国债ETF;军工ETF;有色ETF;证券ETF,沪深300;国债ETF,军工ETF;有色ETF;证券ETF
2018-10-09,910382.2728648039,0.0,910382.2728648039,0.0,False,liquidate,-0.1947571427019819,3,证券ETF;有色ETF;军工ETF,,证券ETF;有色ETF;军工ETF
2018-10-10,910454.5254261424,0.0,910454.5254261424,0.0,False,liquidate,-0.1946932345387043,3,证券ETF;有色ETF;军工ETF,,证券ETF;有色ETF;军工ETF
2018-10-11,910526.7837218111,0.0,910526.7837218111,0.0,False,liquidate,-0.19462932130335023,5,黄金;国债ETF;证券ETF;有色ETF;军工ETF,黄金;国债ETF,证券ETF;有色ETF;军工ETF
2018-10-12,910599.0477522652,0.0,910599.0477522652,0.0,False,liquidate,-0.19456540299551717,5,黄金;国债ETF;军工ETF;有色ETF;证券ETF,黄金;国债ETF,军工ETF;有色ETF;证券ETF
2018-10-15,910671.3175179599,0.0,910671.3175179599,0.0,False,liquidate,-0.19450147961480252,5,黄金;国债ETF;证券ETF;有色ETF;军工ETF,黄金;国债ETF,证券ETF;有色ETF;军工ETF
2018-10-16,910743.5930193502,0.0,910743.5930193502,0.0,False,liquidate,-0.19443755116080366,5,黄金;国债ETF;证券ETF;有色ETF;军工ETF,黄金;国债ETF,证券ETF;有色ETF;军工ETF
2018-10-17,910815.8742568914,0.0,910815.8742568914,0.0,False,liquidate,-0.194373617633118,5,黄金;国债ETF;证券ETF;军工ETF;有色ETF,黄金;国债ETF,证券ETF;军工ETF;有色ETF
2018-10-18,910888.1612310389,0.0,910888.1612310389,0.0,False,liquidate,-0.1943096790313428,5,黄金;国债ETF;证券ETF;军工ETF;有色ETF,黄金;国债ETF,证券ETF;军工ETF;有色ETF
2018-10-19,910960.4539422477,0.0,910960.4539422477,0.0,False,liquidate,-0.19424573535507547,5,黄金;国债ETF;证券ETF;军工ETF;有色ETF,黄金;国债ETF,证券ETF;军工ETF;有色ETF
2018-10-22,911032.7523909733,0.0,911032.7523909733,0.0,False,liquidate,-0.19418178660391314,6,沪深300;黄金;国债ETF;证券ETF;军工ETF;有色ETF,沪深300;黄金;国债ETF,证券ETF;军工ETF;有色ETF
2018-10-23,911105.056577671,0.0,911105.056577671,0.0,False,liquidate,-0.19411783277745312,5,黄金;国债ETF;证券ETF;军工ETF;有色ETF,黄金;国债ETF,证券ETF;军工ETF;有色ETF
2018-10-24,911177.3665027962,0.0,911177.3665027962,0.0,False,liquidate,-0.1940538738752926,5,黄金;国债ETF;证券ETF;军工ETF;有色ETF,黄金;国债ETF,证券ETF;军工ETF;有色ETF
2018-10-25,911249.6821668043,0.0,911249.6821668043,0.0,False,liquidate,-0.19398990989702874,5,黄金;国债ETF;证券ETF;军工ETF;有色ETF,黄金;国债ETF,证券ETF;军工ETF;有色ETF
2018-10-26,911322.0035701509,0.0,911322.0035701509,0.0,False,liquidate,-0.19392594084225864,5,黄金;国债ETF;证券ETF;军工ETF;有色ETF,黄金;国债ETF,证券ETF;军工ETF;有色ETF
2018-10-29,911394.3307132914,0.0,911394.3307132914,0.0,False,liquidate,-0.19386196671057945,5,黄金;国债ETF;证券ETF;军工ETF;有色ETF,黄金;国债ETF,证券ETF;军工ETF;有色ETF
2018-10-30,911466.6635966814,0.0,911466.6635966814,0.0,False,liquidate,-0.19379798750158816,5,黄金;国债ETF;证券ETF;军工ETF;有色ETF,黄金;国债ETF,证券ETF;军工ETF;有色ETF
2018-10-31,911539.0022207764,0.0,911539.0022207764,0.0,False,liquidate,-0.19373400321488196,5,黄金;国债ETF;证券ETF;军工ETF;有色ETF,黄金;国债ETF,证券ETF;军工ETF;有色ETF
2018-11-01,911611.3465860321,0.0,911611.3465860321,0.0,False,liquidate,-0.1936700138500577,5,黄金;国债ETF;证券ETF;军工ETF;有色ETF,黄金;国债ETF,证券ETF;军工ETF;有色ETF
2018-11-02,911683.696692904,0.0,911683.696692904,0.0,False,liquidate,-0.19360601940671246,5,黄金;国债ETF;证券ETF;军工ETF;有色ETF,黄金;国债ETF,证券ETF;军工ETF;有色ETF
2018-11-05,911756.0525418479,0.0,911756.0525418479,0.0,False,liquidate,-0.1935420198844431,5,黄金;国债ETF;证券ETF;军工ETF;有色ETF,黄金;国债ETF,证券ETF;军工ETF;有色ETF
2018-11-06,911828.4141333195,0.0,911828.4141333195,0.0,False,liquidate,-0.1934780152828466,5,黄金;国债ETF;证券ETF;军工ETF;有色ETF,黄金;国债ETF,证券ETF;军工ETF;有色ETF
2018-11-07,911900.7814677745,0.0,911900.7814677745,0.0,False,liquidate,-0.19341400560151986,5,黄金;国债ETF;证券ETF;军工ETF;有色ETF,黄金;国债ETF,证券ETF;军工ETF;有色ETF
2018-11-08,911973.1545456689,0.0,911973.1545456689,0.0,False,liquidate,-0.1933499908400596,5,黄金;国债ETF;证券ETF;军工ETF;有色ETF,黄金;国债ETF,证券ETF;军工ETF;有色ETF
2018-11-09,912045.5333674583,0.0,912045.5333674583,0.0,False,liquidate,-0.19328597099806274,5,黄金;国债ETF;证券ETF;军工ETF;有色ETF,黄金;国债ETF,证券ETF;军工ETF;有色ETF
2018-11-12,912117.9179335986,0.0,912117.9179335986,0.0,False,liquidate,-0.193221946075126,5,黄金;国债ETF;证券ETF;军工ETF;有色ETF,黄金;国债ETF,证券ETF;军工ETF;有色ETF
2018-11-13,912190.3082445458,0.0,912190.3082445458,0.0,False,liquidate,-0.19315791607084618,6,沪深300;黄金;国债ETF;证券ETF;军工ETF;有色ETF,沪深300;黄金;国债ETF,证券ETF;军工ETF;有色ETF
2018-11-14,912262.7043007558,0.0,912262.7043007558,0.0,False,liquidate,-0.19309388098482,5,黄金;国债ETF;证券ETF;军工ETF;有色ETF,黄金;国债ETF,证券ETF;军工ETF;有色ETF
2018-11-15,912335.1061026844,0.0,912335.1061026844,0.0,False,liquidate,-0.19302984081664418,7,沪深300;创业板;黄金;国债ETF;证券ETF;军工ETF;有色ETF,沪深300;创业板;黄金;国债ETF,证券ETF;军工ETF;有色ETF
2018-11-16,912407.5136507879,0.0,912407.5136507879,0.0,False,liquidate,-0.19296579556591525,7,沪深300;创业板;黄金;国债ETF;证券ETF;军工ETF;有色ETF,沪深300;创业板;黄金;国债ETF,证券ETF;军工ETF;有色ETF
2018-11-19,912479.9269455221,0.0,912479.9269455221,0.0,False,liquidate,-0.19290174523223,7,沪深300;创业板;黄金;国债ETF;证券ETF;军工ETF;有色ETF,沪深300;创业板;黄金;国债ETF,证券ETF;军工ETF;有色ETF
2018-11-20,912552.3459873432,0.0,912552.3459873432,0.0,False,liquidate,-0.19283768981518487,5,黄金;国债ETF;证券ETF;军工ETF;有色ETF,黄金;国债ETF,证券ETF;军工ETF;有色ETF
2018-11-21,912624.7707767073,0.0,912624.7707767073,0.0,False,liquidate,-0.19277362931437655,5,黄金;国债ETF;证券ETF;军工ETF;有色ETF,黄金;国债ETF,证券ETF;军工ETF;有色ETF
2018-11-22,912697.2013140706,0.0,912697.2013140706,0.0,False,liquidate,-0.19270956372940146,5,黄金;国债ETF;证券ETF;军工ETF;有色ETF,黄金;国债ETF,证券ETF;军工ETF;有色ETF
2018-11-23,912769.6375998892,0.0,912769.6375998892,0.0,False,liquidate,-0.19264549305985615,5,黄金;国债ETF;证券ETF;军工ETF;有色ETF,黄金;国债ETF,证券ETF;军工ETF;有色ETF
2018-11-26,912842.0796346194,0.0,912842.0796346194,0.0,False,liquidate,-0.19258141730533704,5,黄金;国债ETF;军工ETF;证券ETF;有色ETF,黄金;国债ETF,军工ETF;证券ETF;有色ETF
2018-11-27,912914.5274187174,0.0,912914.5274187174,0.0,False,liquidate,-0.19251733646544064,5,黄金;国债ETF;证券ETF;军工ETF;有色ETF,黄金;国债ETF,证券ETF;军工ETF;有色ETF
2018-11-28,912986.9809526396,0.0,912986.9809526396,0.0,False,liquidate,-0.19245325053976323,5,黄金;国债ETF;证券ETF;军工ETF;有色ETF,黄金;国债ETF,证券ETF;军工ETF;有色ETF
2018-11-29,913059.4402368423,0.0,913059.4402368423,0.0,False,liquidate,-0.19238915952790123,5,黄金;国债ETF;证券ETF;军工ETF;有色ETF,黄金;国债ETF,证券ETF;军工ETF;有色ETF
2018-11-30,913131.9052717817,0.0,913131.9052717817,0.0,False,liquidate,-0.19232506342945105,5,黄金;国债ETF;证券ETF;军工ETF;有色ETF,黄金;国债ETF,证券ETF;军工ETF;有色ETF
2018-12-03,913204.3760579145,0.0,913204.3760579145,0.0,False,liquidate,-0.19226096224400888,6,创业板;黄金;国债ETF;证券ETF;军工ETF;有色ETF,创业板;黄金;国债ETF,证券ETF;军工ETF;有色ETF
2018-12-04,913276.8525956969,0.0,913276.8525956969,0.0,False,liquidate,-0.19219685597117103,6,创业板;黄金;国债ETF;证券ETF;军工ETF;有色ETF,创业板;黄金;国债ETF,证券ETF;军工ETF;有色ETF
2018-12-05,913349.3348855855,0.0,913349.3348855855,0.0,False,liquidate,-0.1921327446105338,7,沪深300;创业板;黄金;国债ETF;证券ETF;军工ETF;有色ETF,沪深300;创业板;黄金;国债ETF,证券ETF;军工ETF;有色ETF
2018-12-06,913421.8229280368,0.0,913421.8229280368,0.0,False,liquidate,-0.19206862816169332,7,沪深300;创业板;黄金;国债ETF;证券ETF;军工ETF;有色ETF,沪深300;创业板;黄金;国债ETF,证券ETF;军工ETF;有色ETF
2018-12-07,913494.3167235074,0.0,913494.3167235074,0.0,False,liquidate,-0.19200450662424573,7,沪深300;创业板;黄金;国债ETF;证券ETF;军工ETF;有色ETF,沪深300;创业板;黄金;国债ETF,证券ETF;军工ETF;有色ETF
2018-12-10,913566.8162724538,0.0,913566.8162724538,0.0,False,liquidate,-0.19194037999778726,7,沪深300;创业板;黄金;国债ETF;证券ETF;军工ETF;有色ETF,沪深300;创业板;黄金;国债ETF,证券ETF;军工ETF;有色ETF
2018-12-11,913639.3215753325,0.0,913639.3215753325,0.0,False,liquidate,-0.19187624828191405,7,沪深300;创业板;黄金;国债ETF;证券ETF;有色ETF;军工ETF,沪深300;创业板;黄金;国债ETF,证券ETF;有色ETF;军工ETF
2018-12-12,913711.8326326004,0.0,913711.8326326004,0.0,False,liquidate,-0.19181211147622212,7,沪深300;创业板;黄金;国债ETF;证券ETF;有色ETF;军工ETF,沪深300;创业板;黄金;国债ETF,证券ETF;有色ETF;军工ETF
2018-12-13,913784.3494447141,0.0,913784.3494447141,0.0,False,liquidate,-0.19174796958030754,7,沪深300;创业板;黄金;国债ETF;有色ETF;证券ETF;军工ETF,沪深300;创业板;黄金;国债ETF,有色ETF;证券ETF;军工ETF
2018-12-14,913856.8720121305,0.0,913856.8720121305,0.0,False,liquidate,-0.19168382259376626,5,黄金;国债ETF;军工ETF;证券ETF;有色ETF,黄金;国债ETF,军工ETF;证券ETF;有色ETF
2018-12-17,913929.4003353061,0.0,913929.4003353061,0.0,False,liquidate,-0.19161967051619427,6,创业板;黄金;国债ETF;有色ETF;证券ETF;军工ETF,创业板;黄金;国债ETF,有色ETF;证券ETF;军工ETF
2018-12-18,914001.9344146978,0.0,914001.9344146978,0.0,False,liquidate,-0.1915555133471876,6,创业板;黄金;国债ETF;有色ETF;证券ETF;军工ETF,创业板;黄金;国债ETF,有色ETF;证券ETF;军工ETF
2018-12-19,914074.4742507625,0.0,914074.4742507625,0.0,False,liquidate,-0.1914913510863421,5,黄金;国债ETF;有色ETF;证券ETF;军工ETF,黄金;国债ETF,有色ETF;证券ETF;军工ETF
2018-12-20,914147.019843957,0.0,914147.019843957,0.0,False,liquidate,-0.19142718373325368,6,创业板;黄金;国债ETF;有色ETF;证券ETF;军工ETF,创业板;黄金;国债ETF,有色ETF;证券ETF;军工ETF
2018-12-21,914219.5711947384,0.0,914219.5711947384,0.0,False,liquidate,-0.19136301128751815,6,创业板;黄金;国债ETF;有色ETF;证券ETF;军工ETF,创业板;黄金;国债ETF,有色ETF;证券ETF;军工ETF
2018-12-24,914292.1283035635,0.0,914292.1283035635,0.0,False,liquidate,-0.19129883374873138,6,创业板;黄金;国债ETF;有色ETF;证券ETF;军工ETF,创业板;黄金;国债ETF,有色ETF;证券ETF;军工ETF
2018-12-25,914364.6911708892,0.0,914364.6911708892,0.0,False,liquidate,-0.19123465111648916,6,创业板;黄金;国债ETF;有色ETF;证券ETF;军工ETF,创业板;黄金;国债ETF,有色ETF;证券ETF;军工ETF
2018-12-26,914437.2597971726,0.0,914437.2597971726,0.0,False,liquidate,-0.19117046339038726,5,黄金;国债ETF;有色ETF;证券ETF;军工ETF,黄金;国债ETF,有色ETF;证券ETF;军工ETF
2018-12-27,914509.8341828708,0.0,914509.8341828708,0.0,False,liquidate,-0.19110627057002144,5,黄金;国债ETF;有色ETF;证券ETF;军工ETF,黄金;国债ETF,有色ETF;证券ETF;军工ETF
2018-12-28,914582.4143284409,0.0,914582.4143284409,0.0,False,liquidate,-0.19104207265498727,5,黄金;国债ETF;有色ETF;证券ETF;军工ETF,黄金;国债ETF,有色ETF;证券ETF;军工ETF
2019-01-02,914655.0002343401,0.0,914655.0002343401,0.0,False,liquidate,-0.19097786964488045,5,黄金;国债ETF;军工ETF;证券ETF;有色ETF,黄金;国债ETF,军工ETF;证券ETF;有色ETF
2019-01-03,914727.5919010254,0.0,914727.5919010254,0.0,False,liquidate,-0.19091366153929668,5,黄金;国债ETF;军工ETF;证券ETF;有色ETF,黄金;国债ETF,军工ETF;证券ETF;有色ETF
2019-01-04,914800.1893289541,0.0,914800.1893289541,0.0,False,liquidate,-0.1908494483378315,5,黄金;国债ETF;证券ETF;军工ETF;有色ETF,黄金;国债ETF,证券ETF;军工ETF;有色ETF
2019-01-07,914872.7925185834,0.0,914872.7925185834,0.0,False,liquidate,-0.19078523004008055,5,黄金;国债ETF;证券ETF;军工ETF;有色ETF,黄金;国债ETF,证券ETF;军工ETF;有色ETF
2019-01-08,914945.4014703706,0.0,914945.4014703706,0.0,False,liquidate,-0.19072100664563923,5,黄金;国债ETF;证券ETF;军工ETF;有色ETF,黄金;国债ETF,证券ETF;军工ETF;有色ETF
2019-01-09,915018.0161847731,0.0,915018.0161847731,0.0,True,liquidate,-0.19065677815410312,0,,黄金;国债ETF,证券ETF;军工ETF;有色ETF
2019-01-10,915018.0161847731,0.0,915018.0161847731,0.0,True,liquidate,-0.19065677815410312,0,,黄金;国债ETF,证券ETF;军工ETF;有色ETF
2019-01-11,915018.0161847731,0.0,915018.0161847731,0.0,True,liquidate,-0.19065677815410312,0,,黄金;国债ETF,证券ETF;军工ETF;有色ETF
2019-01-14,915018.0161847731,0.0,915018.0161847731,0.0,True,liquidate,-0.19065677815410312,0,,黄金;国债ETF,证券ETF;军工ETF;有色ETF
2019-01-15,915018.0161847731,0.0,915018.0161847731,0.0,True,liquidate,-0.19065677815410312,0,,黄金;国债ETF,证券ETF;军工ETF;有色ETF
2019-01-16,915018.0161847731,0.0,915018.0161847731,0.0,True,liquidate,-0.19065677815410312,0,,黄金;国债ETF,证券ETF;军工ETF;有色ETF
2019-01-17,915018.0161847731,0.0,915018.0161847731,0.0,True,liquidate,-0.19065677815410312,0,,黄金;国债ETF,证券ETF;军工ETF;有色ETF
2019-01-18,915018.0161847731,0.0,915018.0161847731,0.0,True,liquidate,-0.19065677815410312,0,,纳指;黄金;国债ETF,证券ETF;军工ETF;有色ETF
2019-01-21,915018.0161847731,0.0,915018.0161847731,0.0,True,liquidate,-0.19065677815410312,0,,纳指;黄金;国债ETF,证券ETF;军工ETF;有色ETF
2019-01-22,915018.0161847731,0.0,915018.0161847731,0.0,True,liquidate,-0.19065677815410312,0,,黄金;国债ETF,证券ETF;军工ETF;有色ETF
2019-01-23,915018.0161847731,0.0,915018.0161847731,0.0,True,liquidate,-0.19065677815410312,0,,黄金;国债ETF,证券ETF;军工ETF;有色ETF
2019-01-24,915018.0161847731,0.0,915018.0161847731,0.0,True,liquidate,-0.19065677815410312,0,,黄金;国债ETF,证券ETF;军工ETF;有色ETF
2019-01-25,915018.0161847731,0.0,915018.0161847731,0.0,True,liquidate,-0.19065677815410312,0,,黄金;国债ETF,证券ETF;军工ETF;有色ETF
2019-01-28,915018.0161847731,0.0,915018.0161847731,0.0,True,liquidate,-0.19065677815410312,0,,黄金;国债ETF,证券ETF;军工ETF;有色ETF
2019-01-29,915018.0161847731,0.0,915018.0161847731,0.0,True,liquidate,-0.19065677815410312,0,,黄金;国债ETF,证券ETF;军工ETF;有色ETF
2019-01-30,915018.0161847731,0.0,915018.0161847731,0.0,True,liquidate,-0.19065677815410312,0,,黄金;国债ETF,证券ETF;军工ETF;有色ETF
2019-01-31,915018.0161847731,0.0,915018.0161847731,0.0,True,liquidate,-0.19065677815410312,0,,黄金;国债ETF,证券ETF;军工ETF;有色ETF
2019-02-01,915018.0161847731,0.0,915018.0161847731,0.0,True,liquidate,-0.19065677815410312,0,,沪深300;纳指;黄金;国债ETF,证券ETF;军工ETF;有色ETF
2019-02-11,915018.0161847731,0.0,915018.0161847731,0.0,True,liquidate,-0.19065677815410312,0,,沪深300;黄金;国债ETF,证券ETF;军工ETF;有色ETF
2019-02-12,915018.0161847731,0.0,915018.0161847731,0.0,True,liquidate,-0.19065677815410312,0,,沪深300;创业板;纳指;黄金;国债ETF,证券ETF;军工ETF;有色ETF
2019-02-13,915018.0161847731,0.0,915018.0161847731,0.0,True,liquidate,-0.19065677815410312,0,,沪深300;创业板;纳指;黄金;国债ETF,证券ETF;军工ETF;有色ETF
2019-02-14,915018.0161847731,0.0,915018.0161847731,0.0,True,liquidate,-0.19065677815410312,0,,沪深300;创业板;纳指;黄金;国债ETF,证券ETF;军工ETF;有色ETF
2019-02-15,915018.0161847731,0.0,915018.0161847731,0.0,True,liquidate,-0.19065677815410312,0,,沪深300;创业板;纳指;黄金;国债ETF,证券ETF;军工ETF;有色ETF
2019-02-18,915018.0161847731,0.0,915018.0161847731,0.0,True,liquidate,-0.19065677815410312,0,,沪深300;创业板;纳指;黄金;国债ETF,证券ETF;军工ETF;有色ETF
2019-02-19,915018.0161847731,0.0,915018.0161847731,0.0,True,liquidate,-0.19065677815410312,0,,沪深300;创业板;纳指;黄金;国债ETF,证券ETF;军工ETF;有色ETF
2019-02-20,915018.0161847731,0.0,915018.0161847731,0.0,True,liquidate,-0.19065677815410312,0,,沪深300;创业板;纳指;黄金;国债ETF,证券ETF;军工ETF;有色ETF
2019-02-21,915018.0161847731,0.0,915018.0161847731,0.0,True,liquidate,-0.19065677815410312,0,,沪深300;创业板;纳指;黄金;国债ETF,证券ETF;军工ETF;有色ETF
2019-02-22,915018.0161847731,0.0,915018.0161847731,0.0,True,liquidate,-0.19065677815410312,0,,沪深300;创业板;纳指;黄金;国债ETF,证券ETF;军工ETF;有色ETF
2019-02-25,915018.0161847731,0.0,915018.0161847731,0.0,True,liquidate,-0.19065677815410312,0,,沪深300;创业板;纳指;黄金;国债ETF,证券ETF;有色ETF;军工ETF
2019-02-26,915018.0161847731,0.0,915018.0161847731,0.0,True,liquidate,-0.19065677815410312,0,,沪深300;创业板;纳指;黄金;国债ETF,证券ETF;有色ETF;军工ETF
2019-02-27,915018.0161847731,0.0,915018.0161847731,0.0,False,liquidate,-0.19065677815410312,8,沪深300;创业板;纳指;黄金;国债ETF;证券ETF;有色ETF;军工ETF,沪深300;创业板;纳指;黄金;国债ETF,证券ETF;有色ETF;军工ETF
2019-02-28,915090.636662248,0.0,915090.636662248,0.0,False,liquidate,-0.19059254456506772,8,沪深300;创业板;纳指;黄金;国债ETF;证券ETF;有色ETF;军工ETF,沪深300;创业板;纳指;黄金;国债ETF,证券ETF;有色ETF;军工ETF
2019-03-01,915163.2629032531,0.0,915163.2629032531,0.0,False,liquidate,-0.19052830587812836,8,沪深300;创业板;纳指;黄金;国债ETF;证券ETF;军工ETF;有色ETF,沪深300;创业板;纳指;黄金;国债ETF,证券ETF;军工ETF;有色ETF
2019-03-04,915235.8949082454,0.0,915235.8949082454,0.0,False,liquidate,-0.19046406209288058,6,沪深300;创业板;纳指;证券ETF;军工ETF;有色ETF,沪深300;创业板;纳指,证券ETF;军工ETF;有色ETF
2019-03-05,915308.5326776826,0.0,915308.5326776826,0.0,False,liquidate,-0.19039981320891972,7,沪深300;创业板;纳指;国债ETF;证券ETF;军工ETF;有色ETF,沪深300;创业板;纳指;国债ETF,证券ETF;军工ETF;有色ETF
2019-03-06,915381.1762120221,0.0,915381.1762120221,0.0,False,liquidate,-0.19033555922584106,6,沪深300;创业板;纳指;证券ETF;有色ETF;军工ETF,沪深300;创业板;纳指,证券ETF;有色ETF;军工ETF
2019-03-07,915453.8255117215,0.0,915453.8255117215,0.0,False,liquidate,-0.19027130014323984,6,沪深300;创业板;纳指;证券ETF;有色ETF;军工ETF,沪深300;创业板;纳指,证券ETF;有色ETF;军工ETF
2019-03-08,915526.4805772384,0.0,915526.4805772384,0.0,False,liquidate,-0.1902070359607115,6,沪深300;创业板;纳指;证券ETF;有色ETF;军工ETF,沪深300;创业板;纳指,证券ETF;有色ETF;军工ETF
2019-03-11,915599.1414090303,0.0,915599.1414090303,0.0,False,liquidate,-0.19014276667785115,6,沪深300;创业板;纳指;证券ETF;军工ETF;有色ETF,沪深300;创业板;纳指,证券ETF;军工ETF;有色ETF
2019-03-12,915671.8080075548,0.0,915671.8080075548,0.0,False,liquidate,-0.19007849229425414,6,沪深300;创业板;纳指;证券ETF;军工ETF;有色ETF,沪深300;创业板;纳指,证券ETF;军工ETF;有色ETF
2019-03-13,915744.4803732698,0.0,915744.4803732698,0.0,False,liquidate,-0.19001421280951558,6,沪深300;创业板;纳指;证券ETF;军工ETF;有色ETF,沪深300;创业板;纳指,证券ETF;军工ETF;有色ETF
2019-03-14,915817.1585066328,0.0,915817.1585066328,0.0,False,liquidate,-0.18994992822323056,7,沪深300;创业板;纳指;黄金;证券ETF;军工ETF;有色ETF,沪深300;创业板;纳指;黄金,证券ETF;军工ETF;有色ETF
2019-03-15,915889.8424081017,0.0,915889.8424081017,0.0,False,liquidate,-0.18988563853499424,7,沪深300;创业板;纳指;黄金;证券ETF;有色ETF;军工ETF,沪深300;创业板;纳指;黄金,证券ETF;有色ETF;军工ETF
2019-03-18,915962.5320781341,0.0,915962.5320781341,0.0,False,liquidate,-0.18982134374440168,7,沪深300;创业板;纳指;黄金;证券ETF;有色ETF;军工ETF,沪深300;创业板;纳指;黄金,证券ETF;有色ETF;军工ETF
2019-03-19,916035.227517188,0.0,916035.227517188,0.0,False,liquidate,-0.18975704385104808,7,沪深300;创业板;纳指;黄金;证券ETF;军工ETF;有色ETF,沪深300;创业板;纳指;黄金,证券ETF;军工ETF;有色ETF
2019-03-20,916107.9287257211,0.0,916107.9287257211,0.0,False,liquidate,-0.18969273885452828,7,沪深300;创业板;纳指;黄金;证券ETF;军工ETF;有色ETF,沪深300;创业板;纳指;黄金,证券ETF;军工ETF;有色ETF
2019-03-21,916180.6357041914,0.0,916180.6357041914,0.0,False,liquidate,-0.18962842875443736,7,沪深300;创业板;纳指;黄金;有色ETF;证券ETF;军工ETF,沪深300;创业板;纳指;黄金,有色ETF;证券ETF;军工ETF
2019-03-22,916253.3484530569,0.0,916253.3484530569,0.0,False,liquidate,-0.1895641135503702,8,沪深300;创业板;纳指;黄金;国债ETF;军工ETF;证券ETF;有色ETF,沪深300;创业板;纳指;黄金;国债ETF,军工ETF;证券ETF;有色ETF
2019-03-25,916326.0669727754,0.0,916326.0669727754,0.0,False,liquidate,-0.18949979324192182,8,沪深300;创业板;纳指;黄金;国债ETF;军工ETF;证券ETF;有色ETF,沪深300;创业板;纳指;黄金;国债ETF,军工ETF;证券ETF;有色ETF
2019-03-26,916398.791263805,0.0,916398.791263805,0.0,False,liquidate,-0.189435467828687,8,沪深300;创业板;纳指;黄金;国债ETF;军工ETF;证券ETF;有色ETF,沪深300;创业板;纳指;黄金;国债ETF,军工ETF;证券ETF;有色ETF
2019-03-27,916471.5213266037,0.0,916471.5213266037,0.0,False,liquidate,-0.1893711373102607,8,沪深300;创业板;纳指;黄金;国债ETF;军工ETF;证券ETF;有色ETF,沪深300;创业板;纳指;黄金;国债ETF,军工ETF;证券ETF;有色ETF
2019-03-28,916544.2571616297,0.0,916544.2571616297,0.0,False,liquidate,-0.18930680168623762,8,沪深300;创业板;纳指;黄金;国债ETF;军工ETF;证券ETF;有色ETF,沪深300;创业板;纳指;黄金;国债ETF,军工ETF;证券ETF;有色ETF
2019-03-29,916616.998769341,0.0,916616.998769341,0.0,False,liquidate,-0.18924246095621267,7,沪深300;创业板;纳指;国债ETF;证券ETF;军工ETF;有色ETF,沪深300;创业板;纳指;国债ETF,证券ETF;军工ETF;有色ETF
2019-04-01,916689.7461501958,0.0,916689.7461501958,0.0,False,liquidate,-0.18917811511978055,7,沪深300;创业板;纳指;国债ETF;军工ETF;证券ETF;有色ETF,沪深300;创业板;纳指;国债ETF,军工ETF;证券ETF;有色ETF
2019-04-02,916762.4993046522,0.0,916762.4993046522,0.0,False,liquidate,-0.18911376417653608,7,沪深300;创业板;纳指;国债ETF;军工ETF;证券ETF;有色ETF,沪深300;创业板;纳指;国债ETF,军工ETF;证券ETF;有色ETF
2019-04-03,916835.2582331685,0.0,916835.2582331685,0.0,False,liquidate,-0.18904940812607385,6,沪深300;创业板;纳指;军工ETF;证券ETF;有色ETF,沪深300;创业板;纳指,军工ETF;证券ETF;有色ETF
2019-04-04,916908.0229362029,0.0,916908.0229362029,0.0,False,liquidate,-0.18898504696798857,6,沪深300;创业板;纳指;军工ETF;证券ETF;有色ETF,沪深300;创业板;纳指,军工ETF;证券ETF;有色ETF
2019-04-08,916980.7934142138,0.0,916980.7934142138,0.0,False,liquidate,-0.18892068070187487,6,沪深300;创业板;纳指;有色ETF;证券ETF;军工ETF,沪深300;创业板;纳指,有色ETF;证券ETF;军工ETF
2019-04-09,917053.5696676595,0.0,917053.5696676595,0.0,False,liquidate,-0.18885630932732733,6,沪深300;创业板;纳指;证券ETF;有色ETF;军工ETF,沪深300;创业板;纳指,证券ETF;有色ETF;军工ETF
2019-04-10,917126.3516969982,0.0,917126.3516969982,0.0,False,liquidate,-0.18879193284394055,6,沪深300;创业板;纳指;军工ETF;证券ETF;有色ETF,沪深300;创业板;纳指,军工ETF;证券ETF;有色ETF
2019-04-11,917199.1395026885,0.0,917199.1395026885,0.0,False,liquidate,-0.18872755125130905,6,沪深300;创业板;纳指;证券ETF;军工ETF;有色ETF,沪深300;创业板;纳指,证券ETF;军工ETF;有色ETF
2019-04-12,917271.9330851889,0.0,917271.9330851889,0.0,False,liquidate,-0.18866316454902732,6,沪深300;创业板;纳指;证券ETF;军工ETF;有色ETF,沪深300;创业板;纳指,证券ETF;军工ETF;有色ETF
2019-04-15,917344.7324449576,0.0,917344.7324449576,0.0,False,liquidate,-0.18859877273668987,6,沪深300;创业板;纳指;证券ETF;军工ETF;有色ETF,沪深300;创业板;纳指,证券ETF;军工ETF;有色ETF
2019-04-16,917417.5375824532,0.0,917417.5375824532,0.0,False,liquidate,-0.1885343758138912,6,沪深300;创业板;纳指;证券ETF;军工ETF;有色ETF,沪深300;创业板;纳指,证券ETF;军工ETF;有色ETF
2019-04-17,917490.3484981344,0.0,917490.3484981344,0.0,False,liquidate,-0.1884699737802256,6,沪深300;创业板;纳指;军工ETF;证券ETF;有色ETF,沪深300;创业板;纳指,军工ETF;证券ETF;有色ETF
2019-04-18,917563.1651924597,0.0,917563.1651924597,0.0,False,liquidate,-0.18840556663528749,6,沪深300;创业板;纳指;军工ETF;证券ETF;有色ETF,沪深300;创业板;纳指,军工ETF;证券ETF;有色ETF
2019-04-19,917635.9876658877,0.0,917635.9876658877,0.0,False,liquidate,-0.18834115437867122,6,沪深300;创业板;纳指;军工ETF;证券ETF;有色ETF,沪深300;创业板;纳指,军工ETF;证券ETF;有色ETF
2019-04-22,917708.8159188771,0.0,917708.8159188771,0.0,False,liquidate,-0.18827673700997105,6,沪深300;创业板;纳指;证券ETF;有色ETF;军工ETF,沪深300;创业板;纳指,证券ETF;有色ETF;军工ETF
2019-04-23,917781.6499518866,0.0,917781.6499518866,0.0,False,liquidate,-0.18821231452878132,6,沪深300;创业板;纳指;证券ETF;有色ETF;军工ETF,沪深300;创业板;纳指,证券ETF;有色ETF;军工ETF
2019-04-24,917854.4897653749,0.0,917854.4897653749,0.0,False,liquidate,-0.18814788693469625,6,沪深300;创业板;纳指;证券ETF;有色ETF;军工ETF,沪深300;创业板;纳指,证券ETF;有色ETF;军工ETF
2019-04-25,917927.3353598008,0.0,917927.3353598008,0.0,False,liquidate,-0.18808345422731002,6,沪深300;创业板;纳指;证券ETF;有色ETF;军工ETF,沪深300;创业板;纳指,证券ETF;有色ETF;军工ETF
2019-04-26,918000.186735623,0.0,918000.186735623,0.0,False,liquidate,-0.18801901640621696,6,沪深300;创业板;纳指;证券ETF;有色ETF;军工ETF,沪深300;创业板;纳指,证券ETF;有色ETF;军工ETF
2019-04-29,918073.0438933006,0.0,918073.0438933006,0.0,False,liquidate,-0.18795457347101102,5,沪深300;纳指;证券ETF;军工ETF;有色ETF,沪深300;纳指,证券ETF;军工ETF;有色ETF
2019-04-30,918145.9068332921,0.0,918145.9068332921,0.0,False,liquidate,-0.1878901254212865,6,沪深300;纳指;黄金;证券ETF;军工ETF;有色ETF,沪深300;纳指;黄金,证券ETF;军工ETF;有色ETF
2019-05-06,918218.7755560566,0.0,918218.7755560566,0.0,False,liquidate,-0.1878256722566374,5,纳指;黄金;军工ETF;证券ETF;有色ETF,纳指;黄金,军工ETF;证券ETF;有色ETF
2019-05-07,918291.6500620532,0.0,918291.6500620532,0.0,False,liquidate,-0.1877612139766577,5,纳指;黄金;证券ETF;军工ETF;有色ETF,纳指;黄金,证券ETF;军工ETF;有色ETF
2019-05-08,918364.5303517408,0.0,918364.5303517408,0.0,False,liquidate,-0.18769675058094148,5,纳指;黄金;证券ETF;军工ETF;有色ETF,纳指;黄金,证券ETF;军工ETF;有色ETF
2019-05-09,918437.4164255783,0.0,918437.4164255783,0.0,False,liquidate,-0.18763228206908275,4,纳指;军工ETF;证券ETF;有色ETF,纳指,军工ETF;证券ETF;有色ETF
2019-05-10,918510.3082840248,0.0,918510.3082840248,0.0,False,liquidate,-0.1875678084406755,4,纳指;军工ETF;证券ETF;有色ETF,纳指,军工ETF;证券ETF;有色ETF
2019-05-13,918583.2059275395,0.0,918583.2059275395,0.0,False,liquidate,-0.18750332969531358,6,纳指;黄金;国债ETF;军工ETF;证券ETF;有色ETF,纳指;黄金;国债ETF,军工ETF;证券ETF;有色ETF
2019-05-14,918656.1093565815,0.0,918656.1093565815,0.0,False,liquidate,-0.1874388458325909,6,纳指;黄金;国债ETF;军工ETF;证券ETF;有色ETF,纳指;黄金;国债ETF,军工ETF;证券ETF;有色ETF
2019-05-15,918729.0185716099,0.0,918729.0185716099,0.0,False,liquidate,-0.18737435685210135,6,纳指;黄金;国债ETF;军工ETF;证券ETF;有色ETF,纳指;黄金;国债ETF,军工ETF;证券ETF;有色ETF
2019-05-16,918801.9335730838,0.0,918801.9335730838,0.0,False,liquidate,-0.18730986275343878,6,纳指;黄金;国债ETF;军工ETF;证券ETF;有色ETF,纳指;黄金;国债ETF,军工ETF;证券ETF;有色ETF
2019-05-17,918874.8543614626,0.0,918874.8543614626,0.0,False,liquidate,-0.187245363536197,6,纳指;黄金;国债ETF;军工ETF;证券ETF;有色ETF,纳指;黄金;国债ETF,军工ETF;证券ETF;有色ETF
2019-05-20,918947.7809372057,0.0,918947.7809372057,0.0,False,liquidate,-0.18718085919996968,6,纳指;黄金;国债ETF;军工ETF;证券ETF;有色ETF,纳指;黄金;国债ETF,军工ETF;证券ETF;有色ETF
2019-05-21,919020.7133007721,0.0,919020.7133007721,0.0,False,liquidate,-0.1871163497443506,5,纳指;国债ETF;军工ETF;有色ETF;证券ETF,纳指;国债ETF,军工ETF;有色ETF;证券ETF
2019-05-22,919093.6514526214,0.0,919093.6514526214,0.0,False,liquidate,-0.18705183516893345,5,纳指;黄金;军工ETF;有色ETF;证券ETF,纳指;黄金,军工ETF;有色ETF;证券ETF
2019-05-23,919166.595393213,0.0,919166.595393213,0.0,False,liquidate,-0.18698731547331188,4,纳指;军工ETF;有色ETF;证券ETF,纳指,军工ETF;有色ETF;证券ETF
2019-05-24,919239.5451230061,0.0,919239.5451230061,0.0,False,liquidate,-0.1869227906570796,5,纳指;黄金;军工ETF;有色ETF;证券ETF,纳指;黄金,军工ETF;有色ETF;证券ETF
2019-05-27,919312.5006424603,0.0,919312.5006424603,0.0,False,liquidate,-0.18685826071983017,5,纳指;黄金;军工ETF;有色ETF;证券ETF,纳指;黄金,军工ETF;有色ETF;证券ETF
2019-05-28,919385.4619520352,0.0,919385.4619520352,0.0,False,liquidate,-0.18679372566115704,5,纳指;黄金;军工ETF;有色ETF;证券ETF,纳指;黄金,军工ETF;有色ETF;证券ETF
2019-05-29,919458.4290521902,0.0,919458.4290521902,0.0,False,liquidate,-0.18672918548065393,5,纳指;黄金;军工ETF;有色ETF;证券ETF,纳指;黄金,军工ETF;有色ETF;证券ETF
2019-05-30,919531.4019433848,0.0,919531.4019433848,0.0,False,liquidate,-0.1866646401779143,5,黄金;国债ETF;军工ETF;有色ETF;证券ETF,黄金;国债ETF,军工ETF;有色ETF;证券ETF
2019-05-31,919604.3806260787,0.0,919604.3806260787,0.0,False,liquidate,-0.1866000897525316,5,黄金;国债ETF;有色ETF;军工ETF;证券ETF,黄金;国债ETF,有色ETF;军工ETF;证券ETF
2019-06-03,919677.3651007316,0.0,919677.3651007316,0.0,False,liquidate,-0.1865355342040992,5,黄金;国债ETF;军工ETF;有色ETF;证券ETF,黄金;国债ETF,军工ETF;有色ETF;证券ETF
2019-06-04,919750.3553678031,0.0,919750.3553678031,0.0,False,liquidate,-0.18647097353221062,5,黄金;国债ETF;有色ETF;军工ETF;证券ETF,黄金;国债ETF,有色ETF;军工ETF;证券ETF
2019-06-05,919823.351427753,0.0,919823.351427753,0.0,False,liquidate,-0.18640640773645917,5,黄金;国债ETF;有色ETF;军工ETF;证券ETF,黄金;国债ETF,有色ETF;军工ETF;证券ETF
2019-06-06,919896.3532810409,0.0,919896.3532810409,0.0,False,liquidate,-0.18634183681643826,5,黄金;国债ETF;有色ETF;军工ETF;证券ETF,黄金;国债ETF,有色ETF;军工ETF;证券ETF
2019-06-10,919969.3609281267,0.0,919969.3609281267,0.0,False,liquidate,-0.18627726077174114,6,纳指;黄金;国债ETF;有色ETF;军工ETF;证券ETF,纳指;黄金;国债ETF,有色ETF;军工ETF;证券ETF
2019-06-11,920042.3743694703,0.0,920042.3743694703,0.0,False,liquidate,-0.18621267960196106,6,纳指;黄金;国债ETF;有色ETF;证券ETF;军工ETF,纳指;黄金;国债ETF,有色ETF;证券ETF;军工ETF
2019-06-12,920115.3936055314,0.0,920115.3936055314,0.0,False,liquidate,-0.1861480933066913,6,纳指;黄金;国债ETF;有色ETF;证券ETF;军工ETF,纳指;黄金;国债ETF,有色ETF;证券ETF;军工ETF
2019-06-13,920188.41863677,0.0,920188.41863677,0.0,False,liquidate,-0.18608350188552514,6,纳指;黄金;国债ETF;有色ETF;证券ETF;军工ETF,纳指;黄金;国债ETF,有色ETF;证券ETF;军工ETF
2019-06-14,920261.4494636459,0.0,920261.4494636459,0.0,False,liquidate,-0.18601890533805573,6,纳指;黄金;国债ETF;有色ETF;军工ETF;证券ETF,纳指;黄金;国债ETF,有色ETF;军工ETF;证券ETF
2019-06-17,920334.4860866193,0.0,920334.4860866193,0.0,False,liquidate,-0.18595430366387614,6,纳指;黄金;国债ETF;有色ETF;证券ETF;军工ETF,纳指;黄金;国债ETF,有色ETF;证券ETF;军工ETF
2019-06-18,920407.52850615,0.0,920407.52850615,0.0,False,liquidate,-0.18588969686257964,6,纳指;黄金;国债ETF;有色ETF;证券ETF;军工ETF,纳指;黄金;国债ETF,有色ETF;证券ETF;军工ETF
2019-06-19,920480.5767226982,0.0,920480.5767226982,0.0,False,liquidate,-0.18582508493375915,6,纳指;黄金;国债ETF;有色ETF;证券ETF;军工ETF,纳指;黄金;国债ETF,有色ETF;证券ETF;军工ETF
2019-06-20,920553.6307367238,0.0,920553.6307367238,0.0,False,liquidate,-0.18576046787700787,6,纳指;黄金;国债ETF;证券ETF;有色ETF;军工ETF,纳指;黄金;国债ETF,证券ETF;有色ETF;军工ETF
2019-06-21,920626.690548687,0.0,920626.690548687,0.0,False,liquidate,-0.18569584569191874,6,纳指;黄金;国债ETF;证券ETF;有色ETF;军工ETF,纳指;黄金;国债ETF,证券ETF;有色ETF;军工ETF
2019-06-24,920699.7561590481,0.0,920699.7561590481,0.0,False,liquidate,-0.18563121837808472,6,纳指;黄金;国债ETF;证券ETF;有色ETF;军工ETF,纳指;黄金;国债ETF,证券ETF;有色ETF;军工ETF
2019-06-25,920772.8275682671,0.0,920772.8275682671,0.0,False,liquidate,-0.18556658593509878,5,黄金;国债ETF;有色ETF;证券ETF;军工ETF,黄金;国债ETF,有色ETF;证券ETF;军工ETF
2019-06-26,920845.9047768044,0.0,920845.9047768044,0.0,False,liquidate,-0.18550194836255385,5,黄金;国债ETF;证券ETF;有色ETF;军工ETF,黄金;国债ETF,证券ETF;有色ETF;军工ETF
2019-06-27,920918.98778512,0.0,920918.98778512,0.0,False,liquidate,-0.18543730566004293,5,黄金;国债ETF;有色ETF;证券ETF;军工ETF,黄金;国债ETF,有色ETF;证券ETF;军工ETF
2019-06-28,920992.0765936745,0.0,920992.0765936745,0.0,False,liquidate,-0.18537265782715873,5,黄金;国债ETF;证券ETF;有色ETF;军工ETF,黄金;国债ETF,证券ETF;有色ETF;军工ETF
2019-07-01,921065.171202928,0.0,921065.171202928,0.0,False,liquidate,-0.18530800486349422,8,沪深300;创业板;纳指;黄金;国债ETF;证券ETF;有色ETF;军工ETF,沪深300;创业板;纳指;黄金;国债ETF,证券ETF;有色ETF;军工ETF
2019-07-02,921138.2716133409,0.0,921138.2716133409,0.0,False,liquidate,-0.18524334676864207,8,沪深300;创业板;纳指;黄金;国债ETF;有色ETF;证券ETF;军工ETF,沪深300;创业板;纳指;黄金;国债ETF,有色ETF;证券ETF;军工ETF
2019-07-03,921211.3778253738,0.0,921211.3778253738,0.0,False,liquidate,-0.1851786835421951,8,沪深300;创业板;纳指;黄金;国债ETF;军工ETF;有色ETF;证券ETF,沪深300;创业板;纳指;黄金;国债ETF,军工ETF;有色ETF;证券ETF
2019-07-04,921284.4898394869,0.0,921284.4898394869,0.0,False,liquidate,-0.18511401518374607,8,沪深300;创业板;纳指;黄金;国债ETF;军工ETF;证券ETF;有色ETF,沪深300;创业板;纳指;黄金;国债ETF,军工ETF;证券ETF;有色ETF
2019-07-05,921357.6076561408,0.0,921357.6076561408,0.0,False,liquidate,-0.18504934169288764,8,沪深300;创业板;纳指;黄金;国债ETF;军工ETF;证券ETF;有色ETF,沪深300;创业板;纳指;黄金;国债ETF,军工ETF;证券ETF;有色ETF
2019-07-08,921430.7312757961,0.0,921430.7312757961,0.0,False,liquidate,-0.18498466306921246,8,沪深300;创业板;纳指;黄金;国债ETF;军工ETF;证券ETF;有色ETF,沪深300;创业板;纳指;黄金;国债ETF,军工ETF;证券ETF;有色ETF
2019-07-09,921503.8606989132,0.0,921503.8606989132,0.0,False,liquidate,-0.1849199793123132,8,沪深300;创业板;纳指;黄金;国债ETF;军工ETF;证券ETF;有色ETF,沪深300;创业板;纳指;黄金;国债ETF,军工ETF;证券ETF;有色ETF
2019-07-10,921576.9959259529,0.0,921576.9959259529,0.0,False,liquidate,-0.18485529042178234,7,沪深300;纳指;黄金;国债ETF;军工ETF;证券ETF;有色ETF,沪深300;纳指;黄金;国债ETF,军工ETF;证券ETF;有色ETF
2019-07-11,921650.1369573757,0.0,921650.1369573757,0.0,False,liquidate,-0.18479059639721257,7,沪深300;纳指;黄金;国债ETF;证券ETF;军工ETF;有色ETF,沪深300;纳指;黄金;国债ETF,证券ETF;军工ETF;有色ETF
2019-07-12,921723.2837936422,0.0,921723.2837936422,0.0,False,liquidate,-0.18472589723819643,8,沪深300;创业板;纳指;黄金;国债ETF;证券ETF;军工ETF;有色ETF,沪深300;创业板;纳指;黄金;国债ETF,证券ETF;军工ETF;有色ETF
2019-07-15,921796.4364352132,0.0,921796.4364352132,0.0,False,liquidate,-0.18466119294432637,8,沪深300;创业板;纳指;黄金;国债ETF;证券ETF;军工ETF;有色ETF,沪深300;创业板;纳指;黄金;国债ETF,证券ETF;军工ETF;有色ETF
2019-07-16,921869.5948825494,0.0,921869.5948825494,0.0,False,liquidate,-0.18459648351519492,8,沪深300;创业板;纳指;黄金;国债ETF;证券ETF;军工ETF;有色ETF,沪深300;创业板;纳指;黄金;国债ETF,证券ETF;军工ETF;有色ETF
2019-07-17,921942.7591361115,0.0,921942.7591361115,0.0,False,liquidate,-0.18453176895039455,8,沪深300;创业板;纳指;黄金;国债ETF;军工ETF;证券ETF;有色ETF,沪深300;创业板;纳指;黄金;国债ETF,军工ETF;证券ETF;有色ETF
2019-07-18,922015.9291963604,0.0,922015.9291963604,0.0,False,liquidate,-0.18446704924951757,8,沪深300;创业板;纳指;黄金;国债ETF;证券ETF;军工ETF;有色ETF,沪深300;创业板;纳指;黄金;国债ETF,证券ETF;军工ETF;有色ETF
2019-07-19,922089.1050637569,0.0,922089.1050637569,0.0,False,liquidate,-0.18440232441215643,8,沪深300;创业板;纳指;黄金;国债ETF;军工ETF;证券ETF;有色ETF,沪深300;创业板;纳指;黄金;国债ETF,军工ETF;证券ETF;有色ETF
2019-07-22,922162.286738762,0.0,922162.286738762,0.0,False,liquidate,-0.18433759443790337,8,沪深300;创业板;纳指;黄金;国债ETF;军工ETF;证券ETF;有色ETF,沪深300;创业板;纳指;黄金;国债ETF,军工ETF;证券ETF;有色ETF
2019-07-23,922235.4742218365,0.0,922235.4742218365,0.0,False,liquidate,-0.18427285932635085,8,沪深300;创业板;纳指;黄金;国债ETF;军工ETF;证券ETF;有色ETF,沪深300;创业板;纳指;黄金;国债ETF,军工ETF;证券ETF;有色ETF
2019-07-24,922308.6675134415,0.0,922308.6675134415,0.0,False,liquidate,-0.18420811907709095,8,沪深300;创业板;纳指;黄金;国债ETF;军工ETF;有色ETF;证券ETF,沪深300;创业板;纳指;黄金;国债ETF,军工ETF;有色ETF;证券ETF
2019-07-25,922381.8666140379,0.0,922381.8666140379,0.0,False,liquidate,-0.18414337368971606,8,沪深300;创业板;纳指;黄金;国债ETF;军工ETF;有色ETF;证券ETF,沪深300;创业板;纳指;黄金;国债ETF,军工ETF;有色ETF;证券ETF
2019-07-26,922455.0715240866,0.0,922455.0715240866,0.0,False,liquidate,-0.1840786231638184,8,沪深300;创业板;纳指;黄金;国债ETF;军工ETF;有色ETF;证券ETF,沪深300;创业板;纳指;黄金;国债ETF,军工ETF;有色ETF;证券ETF
2019-07-29,922528.2822440489,0.0,922528.2822440489,0.0,False,liquidate,-0.18401386749899012,8,沪深300;创业板;纳指;黄金;国债ETF;军工ETF;证券ETF;有色ETF,沪深300;创业板;纳指;黄金;国债ETF,军工ETF;证券ETF;有色ETF
2019-07-30,922601.4987743858,0.0,922601.4987743858,0.0,False,liquidate,-0.18394910669482334,8,沪深300;创业板;纳指;黄金;国债ETF;军工ETF;证券ETF;有色ETF,沪深300;创业板;纳指;黄金;国债ETF,军工ETF;证券ETF;有色ETF
2019-07-31,922674.7211155584,0.0,922674.7211155584,0.0,False,liquidate,-0.18388434075091017,8,沪深300;创业板;纳指;黄金;国债ETF;军工ETF;有色ETF;证券ETF,沪深300;创业板;纳指;黄金;国债ETF,军工ETF;有色ETF;证券ETF
2019-08-01,922747.9492680279,0.0,922747.9492680279,0.0,False,liquidate,-0.18381956966684276,8,沪深300;创业板;纳指;黄金;国债ETF;军工ETF;有色ETF;证券ETF,沪深300;创业板;纳指;黄金;国债ETF,军工ETF;有色ETF;证券ETF
2019-08-02,922821.1832322555,0.0,922821.1832322555,0.0,False,liquidate,-0.18375479344221315,8,沪深300;创业板;纳指;黄金;国债ETF;有色ETF;军工ETF;证券ETF,沪深300;创业板;纳指;黄金;国债ETF,有色ETF;军工ETF;证券ETF
2019-08-05,922894.4230087026,0.0,922894.4230087026,0.0,False,liquidate,-0.18369001207661328,8,沪深300;创业板;纳指;黄金;国债ETF;有色ETF;军工ETF;证券ETF,沪深300;创业板;纳指;黄金;国债ETF,有色ETF;军工ETF;证券ETF
2019-08-06,922967.6685978303,0.0,922967.6685978303,0.0,False,liquidate,-0.18362522556963515,7,创业板;纳指;黄金;国债ETF;有色ETF;军工ETF;证券ETF,创业板;纳指;黄金;国债ETF,有色ETF;军工ETF;证券ETF
2019-08-07,923040.9200001,0.0,923040.9200001,0.0,False,liquidate,-0.18356043392087082,7,创业板;纳指;黄金;国债ETF;有色ETF;军工ETF;证券ETF,创业板;纳指;黄金;国债ETF,有色ETF;军工ETF;证券ETF
2019-08-08,923114.1772159731,0.0,923114.1772159731,0.0,False,liquidate,-0.1834956371299121,8,沪深300;创业板;纳指;黄金;国债ETF;有色ETF;军工ETF;证券ETF,沪深300;创业板;纳指;黄金;国债ETF,有色ETF;军工ETF;证券ETF
2019-08-09,923187.440245911,0.0,923187.440245911,0.0,False,liquidate,-0.1834308351963509,8,沪深300;创业板;纳指;黄金;国债ETF;有色ETF;军工ETF;证券ETF,沪深300;创业板;纳指;黄金;国债ETF,有色ETF;军工ETF;证券ETF
2019-08-12,923260.709090375,0.0,923260.709090375,0.0,False,liquidate,-0.18336602811977915,8,沪深300;创业板;纳指;黄金;国债ETF;有色ETF;军工ETF;证券ETF,沪深300;创业板;纳指;黄金;国债ETF,有色ETF;军工ETF;证券ETF
2019-08-13,923333.9837498267,0.0,923333.9837498267,0.0,False,liquidate,-0.1833012158997886,7,创业板;纳指;黄金;国债ETF;有色ETF;军工ETF;证券ETF,创业板;纳指;黄金;国债ETF,有色ETF;军工ETF;证券ETF
2019-08-14,923407.2642247275,0.0,923407.2642247275,0.0,False,liquidate,-0.18323639853597107,7,创业板;纳指;黄金;国债ETF;有色ETF;军工ETF;证券ETF,创业板;纳指;黄金;国债ETF,有色ETF;军工ETF;证券ETF
2019-08-15,923480.550515539,0.0,923480.550515539,0.0,False,liquidate,-0.18317157602791836,7,创业板;纳指;黄金;国债ETF;有色ETF;军工ETF;证券ETF,创业板;纳指;黄金;国债ETF,有色ETF;军工ETF;证券ETF
2019-08-16,923553.8426227228,0.0,923553.8426227228,0.0,False,liquidate,-0.18310674837522212,7,创业板;纳指;黄金;国债ETF;有色ETF;军工ETF;证券ETF,创业板;纳指;黄金;国债ETF,有色ETF;军工ETF;证券ETF
2019-08-19,923627.1405467406,0.0,923627.1405467406,0.0,False,liquidate,-0.18304191557747404,8,沪深300;创业板;纳指;黄金;国债ETF;有色ETF;证券ETF;军工ETF,沪深300;创业板;纳指;黄金;国债ETF,有色ETF;证券ETF;军工ETF
2019-08-20,923700.4442880539,0.0,923700.4442880539,0.0,False,liquidate,-0.18297707763426585,8,沪深300;创业板;纳指;黄金;国债ETF;有色ETF;军工ETF;证券ETF,沪深300;创业板;纳指;黄金;国债ETF,有色ETF;军工ETF;证券ETF
2019-08-21,923773.7538471244,0.0,923773.7538471244,0.0,False,liquidate,-0.18291223454518918,7,创业板;纳指;黄金;国债ETF;有色ETF;军工ETF;证券ETF,创业板;纳指;黄金;国债ETF,有色ETF;军工ETF;证券ETF
2019-08-22,923847.069224414,0.0,923847.069224414,0.0,False,liquidate,-0.18284738630983555,7,创业板;纳指;黄金;国债ETF;军工ETF;有色ETF;证券ETF,创业板;纳指;黄金;国债ETF,军工ETF;有色ETF;证券ETF
2019-08-23,923920.3904203842,0.0,923920.3904203842,0.0,False,liquidate,-0.18278253292779656,7,创业板;纳指;黄金;国债ETF;军工ETF;有色ETF;证券ETF,创业板;纳指;黄金;国债ETF,军工ETF;有色ETF;证券ETF
2019-08-26,923993.717435497,0.0,923993.717435497,0.0,False,liquidate,-0.18271767439866385,7,创业板;纳指;黄金;国债ETF;军工ETF;有色ETF;证券ETF,创业板;纳指;黄金;国债ETF,军工ETF;有色ETF;证券ETF
2019-08-27,924067.0502702141,0.0,924067.0502702141,0.0,False,liquidate,-0.1826528107220288,7,创业板;纳指;黄金;国债ETF;军工ETF;有色ETF;证券ETF,创业板;纳指;黄金;国债ETF,军工ETF;有色ETF;证券ETF
2019-08-28,924140.3889249975,0.0,924140.3889249975,0.0,False,liquidate,-0.18258794189748284,7,创业板;纳指;黄金;国债ETF;军工ETF;有色ETF;证券ETF,创业板;纳指;黄金;国债ETF,军工ETF;有色ETF;证券ETF
2019-08-29,924213.7334003091,0.0,924213.7334003091,0.0,False,liquidate,-0.1825230679246175,6,创业板;黄金;国债ETF;军工ETF;有色ETF;证券ETF,创业板;黄金;国债ETF,军工ETF;有色ETF;证券ETF
2019-08-30,924287.0836966108,0.0,924287.0836966108,0.0,False,liquidate,-0.1824581888030242,8,沪深300;创业板;纳指;黄金;国债ETF;军工ETF;证券ETF;有色ETF,沪深300;创业板;纳指;黄金;国债ETF,军工ETF;证券ETF;有色ETF
2019-09-02,924360.4398143645,0.0,924360.4398143645,0.0,False,liquidate,-0.1823933045322942,8,沪深300;创业板;纳指;黄金;国债ETF;军工ETF;有色ETF;证券ETF,沪深300;创业板;纳指;黄金;国债ETF,军工ETF;有色ETF;证券ETF
2019-09-03,924433.8017540324,0.0,924433.8017540324,0.0,False,liquidate,-0.18232841511201894,8,沪深300;创业板;纳指;黄金;国债ETF;军工ETF;证券ETF;有色ETF,沪深300;创业板;纳指;黄金;国债ETF,军工ETF;证券ETF;有色ETF
2019-09-04,924507.1695160763,0.0,924507.1695160763,0.0,False,liquidate,-0.18226352054178976,8,沪深300;创业板;纳指;黄金;国债ETF;军工ETF;证券ETF;有色ETF,沪深300;创业板;纳指;黄金;国债ETF,军工ETF;证券ETF;有色ETF
2019-09-05,924580.5431009586,0.0,924580.5431009586,0.0,False,liquidate,-0.18219862082119784,8,沪深300;创业板;纳指;黄金;国债ETF;军工ETF;证券ETF;有色ETF,沪深300;创业板;纳指;黄金;国债ETF,军工ETF;证券ETF;有色ETF
2019-09-06,924653.9225091413,0.0,924653.9225091413,0.0,False,liquidate,-0.18213371594983438,8,沪深300;创业板;纳指;黄金;国债ETF;军工ETF;证券ETF;有色ETF,沪深300;创业板;纳指;黄金;国债ETF,军工ETF;证券ETF;有色ETF
2019-09-09,924727.3077410865,0.0,924727.3077410865,0.0,False,liquidate,-0.1820688059272907,8,沪深300;创业板;纳指;黄金;国债ETF;军工ETF;证券ETF;有色ETF,沪深300;创业板;纳指;黄金;国债ETF,军工ETF;证券ETF;有色ETF
2019-09-10,924800.6987972565,0.0,924800.6987972565,0.0,False,liquidate,-0.18200389075315787,8,沪深300;创业板;纳指;黄金;国债ETF;军工ETF;证券ETF;有色ETF,沪深300;创业板;纳指;黄金;国债ETF,军工ETF;证券ETF;有色ETF
2019-09-11,924874.0956781134,0.0,924874.0956781134,0.0,False,liquidate,-0.18193897042702714,8,沪深300;创业板;纳指;黄金;国债ETF;军工ETF;证券ETF;有色ETF,沪深300;创业板;纳指;黄金;国债ETF,军工ETF;证券ETF;有色ETF
2019-09-12,924947.4983841196,0.0,924947.4983841196,0.0,False,liquidate,-0.1818740449484896,8,沪深300;创业板;纳指;黄金;国债ETF;军工ETF;证券ETF;有色ETF,沪深300;创业板;纳指;黄金;国债ETF,军工ETF;证券ETF;有色ETF
2019-09-16,925020.9069157374,0.0,925020.9069157374,0.0,False,liquidate,-0.18180911431713628,8,沪深300;创业板;纳指;黄金;国债ETF;军工ETF;证券ETF;有色ETF,沪深300;创业板;纳指;黄金;国债ETF,军工ETF;证券ETF;有色ETF
2019-09-17,925094.3212734292,0.0,925094.3212734292,0.0,False,liquidate,-0.18174417853255823,8,沪深300;创业板;纳指;黄金;国债ETF;军工ETF;证券ETF;有色ETF,沪深300;创业板;纳指;黄金;国债ETF,军工ETF;证券ETF;有色ETF
2019-09-18,925167.7414576573,0.0,925167.7414576573,0.0,False,liquidate,-0.18167923759434648,8,沪深300;创业板;纳指;黄金;国债ETF;军工ETF;证券ETF;有色ETF,沪深300;创业板;纳指;黄金;国债ETF,军工ETF;证券ETF;有色ETF
2019-09-19,925241.1674688841,0.0,925241.1674688841,0.0,False,liquidate,-0.18161429150209202,8,沪深300;创业板;纳指;黄金;国债ETF;军工ETF;证券ETF;有色ETF,沪深300;创业板;纳指;黄金;国债ETF,军工ETF;证券ETF;有色ETF
2019-09-20,925314.5993075722,0.0,925314.5993075722,0.0,False,liquidate,-0.18154934025538577,8,沪深300;创业板;纳指;黄金;国债ETF;军工ETF;证券ETF;有色ETF,沪深300;创业板;纳指;黄金;国债ETF,军工ETF;证券ETF;有色ETF
2019-09-23,925388.036974184,0.0,925388.036974184,0.0,False,liquidate,-0.1814843838538187,8,沪深300;创业板;纳指;黄金;国债ETF;军工ETF;证券ETF;有色ETF,沪深300;创业板;纳指;黄金;国债ETF,军工ETF;证券ETF;有色ETF
2019-09-24,925461.480469182,0.0,925461.480469182,0.0,False,liquidate,-0.18141942229698163,8,沪深300;创业板;纳指;黄金;国债ETF;军工ETF;证券ETF;有色ETF,沪深300;创业板;纳指;黄金;国债ETF,军工ETF;证券ETF;有色ETF
2019-09-25,925534.9297930289,0.0,925534.9297930289,0.0,False,liquidate,-0.18135445558446545,7,沪深300;创业板;黄金;国债ETF;军工ETF;证券ETF;有色ETF,沪深300;创业板;黄金;国债ETF,军工ETF;证券ETF;有色ETF
2019-09-26,925608.384946187,0.0,925608.384946187,0.0,False,liquidate,-0.18128948371586104,8,沪深300;创业板;纳指;黄金;国债ETF;有色ETF;证券ETF;军工ETF,沪深300;创业板;纳指;黄金;国债ETF,有色ETF;证券ETF;军工ETF
2019-09-27,925681.8459291193,0.0,925681.8459291193,0.0,False,liquidate,-0.18122450669075912,8,沪深300;创业板;纳指;黄金;国债ETF;证券ETF;军工ETF;有色ETF,沪深300;创业板;纳指;黄金;国债ETF,证券ETF;军工ETF;有色ETF
2019-09-30,925755.3127422883,0.0,925755.3127422883,0.0,False,liquidate,-0.1811595245087504,8,沪深300;创业板;纳指;黄金;国债ETF;有色ETF;军工ETF;证券ETF,沪深300;创业板;纳指;黄金;国债ETF,有色ETF;军工ETF;证券ETF
2019-10-08,925828.7853861569,0.0,925828.7853861569,0.0,False,liquidate,-0.18109453716942558,7,沪深300;创业板;纳指;黄金;有色ETF;证券ETF;军工ETF,沪深300;创业板;纳指;黄金,有色ETF;证券ETF;军工ETF
2019-10-09,925902.2638611876,0.0,925902.2638611876,0.0,False,liquidate,-0.18102954467237545,8,沪深300;创业板;纳指;黄金;国债ETF;有色ETF;证券ETF;军工ETF,沪深300;创业板;纳指;黄金;国债ETF,有色ETF;证券ETF;军工ETF
2019-10-10,925975.7481678433,0.0,925975.7481678433,0.0,False,liquidate,-0.18096454701719067,8,沪深300;创业板;纳指;黄金;国债ETF;有色ETF;军工ETF;证券ETF,沪深300;创业板;纳指;黄金;国债ETF,有色ETF;军工ETF;证券ETF
2019-10-11,926049.2383065869,0.0,926049.2383065869,0.0,False,liquidate,-0.18089954420346183,7,沪深300;创业板;纳指;黄金;有色ETF;军工ETF;证券ETF,沪深300;创业板;纳指;黄金,有色ETF;军工ETF;证券ETF
2019-10-14,926122.7342778811,0.0,926122.7342778811,0.0,False,liquidate,-0.1808345362307795,6,沪深300;创业板;纳指;有色ETF;证券ETF;军工ETF,沪深300;创业板;纳指,有色ETF;证券ETF;军工ETF
2019-10-15,926196.2360821889,0.0,926196.2360821889,0.0,False,liquidate,-0.1807695230987343,6,沪深300;创业板;纳指;有色ETF;证券ETF;军工ETF,沪深300;创业板;纳指,有色ETF;证券ETF;军工ETF
2019-10-16,926269.7437199733,0.0,926269.7437199733,0.0,False,liquidate,-0.1807045048069167,6,沪深300;创业板;纳指;有色ETF;证券ETF;军工ETF,沪深300;创业板;纳指,有色ETF;证券ETF;军工ETF
2019-10-17,926343.2571916971,0.0,926343.2571916971,0.0,False,liquidate,-0.18063948135491717,6,沪深300;创业板;纳指;有色ETF;军工ETF;证券ETF,沪深300;创业板;纳指,有色ETF;军工ETF;证券ETF
2019-10-18,926416.7764978235,0.0,926416.7764978235,0.0,False,liquidate,-0.18057445274232622,6,沪深300;创业板;纳指;证券ETF;军工ETF;有色ETF,沪深300;创业板;纳指,证券ETF;军工ETF;有色ETF
2019-10-21,926490.3016388154,0.0,926490.3016388154,0.0,False,liquidate,-0.18050941896873435,6,沪深300;创业板;纳指;证券ETF;军工ETF;有色ETF,沪深300;创业板;纳指,证券ETF;军工ETF;有色ETF
2019-10-22,926563.832615136,0.0,926563.832615136,0.0,False,liquidate,-0.1804443800337318,6,沪深300;创业板;纳指;军工ETF;证券ETF;有色ETF,沪深300;创业板;纳指,军工ETF;证券ETF;有色ETF
2019-10-23,926637.3694272484,0.0,926637.3694272484,0.0,False,liquidate,-0.18037933593690908,6,沪深300;创业板;纳指;有色ETF;证券ETF;军工ETF,沪深300;创业板;纳指,有色ETF;证券ETF;军工ETF
2019-10-24,926710.9120756156,0.0,926710.9120756156,0.0,False,liquidate,-0.18031428667785646,6,沪深300;创业板;纳指;军工ETF;证券ETF;有色ETF,沪深300;创业板;纳指,军工ETF;证券ETF;有色ETF
2019-10-25,926784.460560701,0.0,926784.460560701,0.0,False,liquidate,-0.1802492322561642,7,沪深300;创业板;纳指;国债ETF;证券ETF;有色ETF;军工ETF,沪深300;创业板;纳指;国债ETF,证券ETF;有色ETF;军工ETF
2019-10-28,926858.0148829677,0.0,926858.0148829677,0.0,False,liquidate,-0.18018417267142264,6,沪深300;创业板;纳指;证券ETF;有色ETF;军工ETF,沪深300;创业板;纳指,证券ETF;有色ETF;军工ETF
2019-10-29,926931.5750428791,0.0,926931.5750428791,0.0,False,liquidate,-0.18011910792322192,7,沪深300;创业板;纳指;酒ETF;证券ETF;军工ETF;有色ETF,沪深300;创业板;纳指,酒ETF;证券ETF;军工ETF;有色ETF
2019-10-30,927005.1410408984,0.0,927005.1410408984,0.0,False,liquidate,-0.1800540380111523,7,沪深300;创业板;纳指;酒ETF;军工ETF;证券ETF;有色ETF,沪深300;创业板;纳指,酒ETF;军工ETF;证券ETF;有色ETF
2019-10-31,927078.7128774889,594235.3309022874,332843.38197520154,0.5,False,halve,-0.17998896293480401,7,沪深300;创业板;纳指;酒ETF;证券ETF;军工ETF;有色ETF,沪深300;创业板;纳指,酒ETF;证券ETF;军工ETF;有色ETF
2019-11-01,934303.3666680679,584449.5886328914,349853.77803517645,0.5,False,halve,-0.17359867938610546,7,沪深300;创业板;纳指;酒ETF;证券ETF;军工ETF;有色ETF,沪深300;创业板;纳指,酒ETF;证券ETF;军工ETF;有色ETF
2019-11-04,935961.0515425571,601540.0291023932,334421.0224401639,0.5,False,halve,-0.1721324393849322,7,沪深300;创业板;纳指;酒ETF;证券ETF;军工ETF;有色ETF,沪深300;创业板;纳指,酒ETF;证券ETF;军工ETF;有色ETF
2019-11-05,939956.7266988738,613224.0060305772,326732.72066829656,0.5,False,halve,-0.16859822197362176,8,沪深300;创业板;纳指;国债ETF;酒ETF;证券ETF;军工ETF;有色ETF,沪深300;创业板;纳指;国债ETF,酒ETF;证券ETF;军工ETF;有色ETF
2019-11-06,939222.1107953463,631772.2973236179,307449.81347172847,0.5,False,halve,-0.1692479975973403,8,沪深300;创业板;纳指;国债ETF;酒ETF;证券ETF;军工ETF;有色ETF,沪深300;创业板;纳指;国债ETF,酒ETF;证券ETF;军工ETF;有色ETF
2019-11-07,939785.9104558635,651751.1367927911,288034.7736630724,0.5,False,halve,-0.16874931076752117,7,沪深300;创业板;纳指;酒ETF;证券ETF;军工ETF;有色ETF,沪深300;创业板;纳指,酒ETF;证券ETF;军工ETF;有色ETF
2019-11-08,936036.4086848991,662005.0909554043,274031.31772949477,0.5,False,halve,-0.17206578518655205,7,沪深300;创业板;纳指;酒ETF;证券ETF;军工ETF;有色ETF,沪深300;创业板;纳指,酒ETF;证券ETF;军工ETF;有色ETF
2019-11-11,923562.4087971696,0.0,923562.4087971696,0.0,False,liquidate,-0.1830991715023049,5,纳指;酒ETF;证券ETF;军工ETF;有色ETF,纳指,酒ETF;证券ETF;军工ETF;有色ETF
2019-11-12,923635.7074010425,0.0,923635.7074010425,0.0,False,liquidate,-0.18303433810321768,5,纳指;酒ETF;证券ETF;军工ETF;有色ETF,纳指,酒ETF;证券ETF;军工ETF;有色ETF
2019-11-13,923709.0118222648,0.0,923709.0118222648,0.0,False,liquidate,-0.1829694995586227,5,纳指;酒ETF;证券ETF;军工ETF;有色ETF,纳指,酒ETF;证券ETF;军工ETF;有色ETF
2019-11-14,923782.3220612983,0.0,923782.3220612983,0.0,False,liquidate,-0.18290465586811144,6,纳指;国债ETF;酒ETF;证券ETF;军工ETF;有色ETF,纳指;国债ETF,酒ETF;证券ETF;军工ETF;有色ETF
2019-11-15,923855.6381186048,0.0,923855.6381186048,0.0,False,liquidate,-0.18283980703127556,6,纳指;国债ETF;酒ETF;证券ETF;军工ETF;有色ETF,纳指;国债ETF,酒ETF;证券ETF;军工ETF;有色ETF
2019-11-18,923928.959994646,0.0,923928.959994646,0.0,False,liquidate,-0.18277495304770655,8,沪深300;创业板;纳指;国债ETF;酒ETF;证券ETF;军工ETF;有色ETF,沪深300;创业板;纳指;国债ETF,酒ETF;证券ETF;军工ETF;有色ETF
2019-11-19,924002.2876898837,0.0,924002.2876898837,0.0,False,liquidate,-0.18271009391699602,8,沪深300;创业板;纳指;国债ETF;酒ETF;证券ETF;军工ETF;有色ETF,沪深300;创业板;纳指;国债ETF,酒ETF;证券ETF;军工ETF;有色ETF
2019-11-20,924075.6212047798,0.0,924075.6212047798,0.0,False,liquidate,-0.1826452296387354,7,创业板;纳指;国债ETF;酒ETF;有色ETF;证券ETF;军工ETF,创业板;纳指;国债ETF,酒ETF;有色ETF;证券ETF;军工ETF
2019-11-21,924148.9605397962,0.0,924148.9605397962,0.0,False,liquidate,-0.18258036021251617,7,创业板;纳指;国债ETF;酒ETF;有色ETF;军工ETF;证券ETF,创业板;纳指;国债ETF,酒ETF;有色ETF;军工ETF;证券ETF
2019-11-22,924222.3056953946,0.0,924222.3056953946,0.0,False,liquidate,-0.1825154856379298,6,纳指;国债ETF;酒ETF;有色ETF;证券ETF;军工ETF,纳指;国债ETF,酒ETF;有色ETF;证券ETF;军工ETF
2019-11-25,924295.6566720372,0.0,924295.6566720372,0.0,False,liquidate,-0.18245060591456766,6,纳指;国债ETF;酒ETF;有色ETF;证券ETF;军工ETF,纳指;国债ETF,酒ETF;有色ETF;证券ETF;军工ETF
2019-11-26,924369.0134701858,0.0,924369.0134701858,0.0,False,liquidate,-0.18238572104202116,7,沪深300;纳指;国债ETF;酒ETF;有色ETF;证券ETF;军工ETF,沪深300;纳指;国债ETF,酒ETF;有色ETF;证券ETF;军工ETF
2019-11-27,924442.3760903025,0.0,924442.3760903025,0.0,False,liquidate,-0.18232083101988164,8,沪深300;创业板;纳指;国债ETF;酒ETF;有色ETF;证券ETF;军工ETF,沪深300;创业板;纳指;国债ETF,酒ETF;有色ETF;证券ETF;军工ETF
2019-11-28,924515.7445328494,0.0,924515.7445328494,0.0,False,liquidate,-0.1822559358477403,8,沪深300;创业板;纳指;国债ETF;酒ETF;有色ETF;证券ETF;军工ETF,沪深300;创业板;纳指;国债ETF,酒ETF;有色ETF;证券ETF;军工ETF
2019-11-29,924589.1187982885,0.0,924589.1187982885,0.0,False,liquidate,-0.18219103552518853,8,沪深300;创业板;纳指;国债ETF;酒ETF;有色ETF;证券ETF;军工ETF,沪深300;创业板;纳指;国债ETF,酒ETF;有色ETF;证券ETF;军工ETF
2019-12-02,924662.4988870821,0.0,924662.4988870821,0.0,False,liquidate,-0.18212613005181746,8,沪深300;创业板;纳指;国债ETF;酒ETF;有色ETF;证券ETF;军工ETF,沪深300;创业板;纳指;国债ETF,酒ETF;有色ETF;证券ETF;军工ETF
2019-12-03,924735.8847996922,0.0,924735.8847996922,0.0,False,liquidate,-0.1820612194272184,8,沪深300;创业板;纳指;国债ETF;酒ETF;有色ETF;证券ETF;军工ETF,沪深300;创业板;纳指;国债ETF,酒ETF;有色ETF;证券ETF;军工ETF
2019-12-04,924809.2765365811,0.0,924809.2765365811,0.0,False,liquidate,-0.18199630365098243,7,创业板;纳指;国债ETF;半导体ETF;有色ETF;酒ETF;证券ETF,创业板;纳指;国债ETF,半导体ETF;有色ETF;酒ETF;证券ETF
2019-12-05,924882.674098211,0.0,924882.674098211,0.0,False,liquidate,-0.18193138272270076,7,创业板;纳指;国债ETF;半导体ETF;有色ETF;酒ETF;证券ETF,创业板;纳指;国债ETF,半导体ETF;有色ETF;酒ETF;证券ETF
2019-12-06,924956.0774850443,0.0,924956.0774850443,0.0,False,liquidate,-0.1818664566419644,7,创业板;纳指;国债ETF;半导体ETF;酒ETF;有色ETF;证券ETF,创业板;纳指;国债ETF,半导体ETF;酒ETF;有色ETF;证券ETF
2019-12-09,925029.4866975431,0.0,925029.4866975431,0.0,False,liquidate,-0.18180152540836456,7,创业板;纳指;国债ETF;半导体ETF;酒ETF;有色ETF;证券ETF,创业板;纳指;国债ETF,半导体ETF;酒ETF;有色ETF;证券ETF
2019-12-10,925102.9017361699,0.0,925102.9017361699,0.0,False,liquidate,-0.18173658902149212,7,创业板;纳指;国债ETF;半导体ETF;有色ETF;酒ETF;证券ETF,创业板;纳指;国债ETF,半导体ETF;有色ETF;酒ETF;证券ETF
2019-12-11,925176.3226013872,0.0,925176.3226013872,0.0,False,liquidate,-0.18167164748093823,7,创业板;纳指;国债ETF;半导体ETF;有色ETF;酒ETF;证券ETF,创业板;纳指;国债ETF,半导体ETF;有色ETF;酒ETF;证券ETF
2019-12-12,925249.7492936571,0.0,925249.7492936571,0.0,False,liquidate,-0.18160670078629382,7,创业板;纳指;国债ETF;半导体ETF;有色ETF;酒ETF;军工ETF,创业板;纳指;国债ETF,半导体ETF;有色ETF;酒ETF;军工ETF
2019-12-13,925323.1818134424,0.0,925323.1818134424,0.0,False,liquidate,-0.18154174893714986,8,沪深300;创业板;纳指;国债ETF;半导体ETF;有色ETF;酒ETF;证券ETF,沪深300;创业板;纳指;国债ETF,半导体ETF;有色ETF;酒ETF;证券ETF
2019-12-16,925396.6201612054,0.0,925396.6201612054,0.0,False,liquidate,-0.18147679193309718,8,沪深300;创业板;纳指;国债ETF;半导体ETF;有色ETF;证券ETF;酒ETF,沪深300;创业板;纳指;国债ETF,半导体ETF;有色ETF;证券ETF;酒ETF
2019-12-17,925470.0643374088,0.0,925470.0643374088,0.0,False,liquidate,-0.18141182977372675,8,沪深300;创业板;纳指;国债ETF;半导体ETF;证券ETF;有色ETF;军工ETF,沪深300;创业板;纳指;国债ETF,半导体ETF;证券ETF;有色ETF;军工ETF
2019-12-18,925543.5143425149,0.0,925543.5143425149,0.0,False,liquidate,-0.1813468624586294,8,沪深300;创业板;纳指;国债ETF;半导体ETF;证券ETF;有色ETF;酒ETF,沪深300;创业板;纳指;国债ETF,半导体ETF;证券ETF;有色ETF;酒ETF
2019-12-19,925616.9701769865,0.0,925616.9701769865,0.0,False,liquidate,-0.18128188998739597,8,沪深300;创业板;纳指;国债ETF;半导体ETF;证券ETF;有色ETF;酒ETF,沪深300;创业板;纳指;国债ETF,半导体ETF;证券ETF;有色ETF;酒ETF
2019-12-20,925690.4318412864,0.0,925690.4318412864,0.0,False,liquidate,-0.18121691235961712,8,沪深300;创业板;纳指;国债ETF;半导体ETF;证券ETF;有色ETF;酒ETF,沪深300;创业板;纳指;国债ETF,半导体ETF;证券ETF;有色ETF;酒ETF
2019-12-23,925763.899335877,0.0,925763.899335877,0.0,False,liquidate,-0.18115192957488369,7,创业板;纳指;国债ETF;半导体ETF;证券ETF;有色ETF;酒ETF,创业板;纳指;国债ETF,半导体ETF;证券ETF;有色ETF;酒ETF
2019-12-24,925837.3726612212,0.0,925837.3726612212,0.0,False,liquidate,-0.1810869416327864,8,沪深300;创业板;纳指;国债ETF;半导体ETF;有色ETF;证券ETF;酒ETF,沪深300;创业板;纳指;国债ETF,半导体ETF;有色ETF;证券ETF;酒ETF
2019-12-25,925910.8518177817,0.0,925910.8518177817,0.0,False,liquidate,-0.18102194853291592,8,沪深300;创业板;纳指;国债ETF;半导体ETF;有色ETF;证券ETF;军工ETF,沪深300;创业板;纳指;国债ETF,半导体ETF;有色ETF;证券ETF;军工ETF
2019-12-26,925984.3368060213,0.0,925984.3368060213,0.0,False,liquidate,-0.18095695027486292,7,创业板;纳指;国债ETF;半导体ETF;有色ETF;证券ETF;军工ETF,创业板;纳指;国债ETF,半导体ETF;有色ETF;证券ETF;军工ETF
2019-12-27,926057.8276264027,0.0,926057.8276264027,0.0,False,liquidate,-0.18089194685821805,7,创业板;纳指;国债ETF;半导体ETF;有色ETF;证券ETF;酒ETF,创业板;纳指;国债ETF,半导体ETF;有色ETF;证券ETF;酒ETF
2019-12-30,926131.324279389,0.0,926131.324279389,0.0,False,liquidate,-0.18082693828257185,8,沪深300;创业板;纳指;国债ETF;半导体ETF;有色ETF;证券ETF;酒ETF,沪深300;创业板;纳指;国债ETF,半导体ETF;有色ETF;证券ETF;酒ETF
2019-12-31,926204.826765443,0.0,926204.826765443,0.0,False,liquidate,-0.18076192454751486,9,沪深300;创业板;纳指;黄金;国债ETF;证券ETF;半导体ETF;有色ETF;酒ETF,沪深300;创业板;纳指;黄金;国债ETF,证券ETF;半导体ETF;有色ETF;酒ETF
2020-01-02,926278.3350850276,0.0,926278.3350850276,0.0,False,liquidate,-0.18069690565263757,9,沪深300;创业板;纳指;黄金;国债ETF;半导体ETF;有色ETF;证券ETF;酒ETF,沪深300;创业板;纳指;黄金;国债ETF,半导体ETF;有色ETF;证券ETF;酒ETF
2020-01-03,926351.8492386058,0.0,926351.8492386058,0.0,False,liquidate,-0.18063188159753063,9,沪深300;创业板;纳指;黄金;国债ETF;有色ETF;半导体ETF;证券ETF;军工ETF,沪深300;创业板;纳指;黄金;国债ETF,有色ETF;半导体ETF;证券ETF;军工ETF
2020-01-06,926425.3692266407,0.0,926425.3692266407,0.0,False,liquidate,-0.18056685238178435,9,沪深300;创业板;纳指;黄金;国债ETF;有色ETF;半导体ETF;证券ETF;军工ETF,沪深300;创业板;纳指;黄金;国债ETF,有色ETF;半导体ETF;证券ETF;军工ETF
2020-01-07,926498.8950495952,0.0,926498.8950495952,0.0,False,liquidate,-0.18050181800498927,9,沪深300;创业板;纳指;黄金;国债ETF;有色ETF;半导体ETF;证券ETF;军工ETF,沪深300;创业板;纳指;黄金;国债ETF,有色ETF;半导体ETF;证券ETF;军工ETF
2020-01-08,926572.4267079325,0.0,926572.4267079325,0.0,False,liquidate,-0.18043677846673564,9,沪深300;创业板;纳指;黄金;国债ETF;有色ETF;半导体ETF;证券ETF;军工ETF,沪深300;创业板;纳指;黄金;国债ETF,有色ETF;半导体ETF;证券ETF;军工ETF
2020-01-09,926645.9642021157,0.0,926645.9642021157,0.0,False,liquidate,-0.18037173376661397,9,沪深300;创业板;纳指;黄金;国债ETF;有色ETF;半导体ETF;证券ETF;军工ETF,沪深300;创业板;纳指;黄金;国债ETF,有色ETF;半导体ETF;证券ETF;军工ETF
2020-01-10,926719.5075326079,0.0,926719.5075326079,0.0,False,liquidate,-0.1803066839042145,9,沪深300;创业板;纳指;黄金;国债ETF;有色ETF;半导体ETF;证券ETF;酒ETF,沪深300;创业板;纳指;黄金;国债ETF,有色ETF;半导体ETF;证券ETF;酒ETF
2020-01-13,926793.0566998724,0.0,926793.0566998724,0.0,False,liquidate,-0.18024162887912754,9,沪深300;创业板;纳指;黄金;国债ETF;半导体ETF;有色ETF;证券ETF;酒ETF,沪深300;创业板;纳指;黄金;国债ETF,半导体ETF;有色ETF;证券ETF;酒ETF
2020-01-14,926866.6117043725,0.0,926866.6117043725,0.0,False,liquidate,-0.18017656869094326,9,沪深300;创业板;纳指;黄金;国债ETF;有色ETF;半导体ETF;酒ETF;证券ETF,沪深300;创业板;纳指;黄金;国债ETF,有色ETF;半导体ETF;酒ETF;证券ETF
2020-01-15,926940.1725465712,0.0,926940.1725465712,0.0,False,liquidate,-0.18011150333925205,9,沪深300;创业板;纳指;黄金;国债ETF;半导体ETF;有色ETF;酒ETF;证券ETF,沪深300;创业板;纳指;黄金;国债ETF,半导体ETF;有色ETF;酒ETF;证券ETF
2020-01-16,927013.7392269322,0.0,927013.7392269322,0.0,False,liquidate,-0.18004643282364396,9,沪深300;创业板;纳指;黄金;国债ETF;半导体ETF;有色ETF;酒ETF;证券ETF,沪深300;创业板;纳指;黄金;国债ETF,半导体ETF;有色ETF;酒ETF;证券ETF
2020-01-17,927087.3117459185,641675.9189421132,285411.3928038053,0.5,False,halve,-0.1799813571437093,9,沪深300;创业板;纳指;黄金;国债ETF;半导体ETF;有色ETF;酒ETF;军工ETF,沪深300;创业板;纳指;黄金;国债ETF,半导体ETF;有色ETF;酒ETF;军工ETF
2020-01-20,940244.6020212352,543887.9614264753,396356.64059475984,0.5,False,halve,-0.16834359317203668,9,沪深300;创业板;纳指;黄金;国债ETF;半导体ETF;有色ETF;酒ETF;证券ETF,沪深300;创业板;纳指;黄金;国债ETF,半导体ETF;有色ETF;酒ETF;证券ETF
2020-01-21,930576.4759189512,510299.6774345778,420276.79848437343,0.5,False,halve,-0.17689515411447698,9,沪深300;创业板;纳指;黄金;国债ETF;半导体ETF;有色ETF;军工ETF;证券ETF,沪深300;创业板;纳指;黄金;国债ETF,半导体ETF;有色ETF;军工ETF;证券ETF
2020-01-22,940461.4927365514,470230.7463682757,470230.7463682757,0.5,False,halve,-0.1681517510145954,9,沪深300;创业板;纳指;黄金;国债ETF;半导体ETF;有色ETF;军工ETF;证券ETF,沪深300;创业板;纳指;黄金;国债ETF,半导体ETF;有色ETF;军工ETF;证券ETF
2020-01-23,928817.5460856125,464408.77304280625,464408.77304280625,0.5,False,halve,-0.17845094636461312,9,沪深300;创业板;纳指;黄金;国债ETF;半导体ETF;有色ETF;军工ETF;酒ETF,沪深300;创业板;纳指;黄金;国债ETF,半导体ETF;有色ETF;军工ETF;酒ETF
2020-02-03,882468.362993673,0.0,882468.362993673,0.0,False,liquidate,-0.2194472945348558,8,创业板;纳指;黄金;国债ETF;半导体ETF;有色ETF;军工ETF;证券ETF,创业板;纳指;黄金;国债ETF,半导体ETF;有色ETF;军工ETF;证券ETF
2020-02-04,882538.4001653391,0.0,882538.4001653391,0.0,False,liquidate,-0.21938534590743794,8,创业板;纳指;黄金;国债ETF;半导体ETF;有色ETF;军工ETF;酒ETF,创业板;纳指;黄金;国债ETF,半导体ETF;有色ETF;军工ETF;酒ETF
2020-02-05,882608.442895511,0.0,882608.442895511,0.0,False,liquidate,-0.21932339236346227,8,创业板;纳指;黄金;国债ETF;半导体ETF;有色ETF;军工ETF;证券ETF,创业板;纳指;黄金;国债ETF,半导体ETF;有色ETF;军工ETF;证券ETF
2020-02-06,882678.4911846297,0.0,882678.4911846297,0.0,False,liquidate,-0.21926143390253874,8,创业板;纳指;黄金;国债ETF;半导体ETF;军工ETF;有色ETF;证券ETF,创业板;纳指;黄金;国债ETF,半导体ETF;军工ETF;有色ETF;证券ETF
2020-02-07,882748.5450331365,0.0,882748.5450331365,0.0,False,liquidate,-0.219199470524277,8,创业板;纳指;黄金;国债ETF;半导体ETF;军工ETF;有色ETF;酒ETF,创业板;纳指;黄金;国债ETF,半导体ETF;军工ETF;有色ETF;酒ETF
2020-02-10,882818.6044414724,0.0,882818.6044414724,0.0,False,liquidate,-0.21913750222828687,8,创业板;纳指;黄金;国债ETF;半导体ETF;军工ETF;有色ETF;证券ETF,创业板;纳指;黄金;国债ETF,半导体ETF;军工ETF;有色ETF;证券ETF
2020-02-11,882888.6694100789,0.0,882888.6694100789,0.0,False,liquidate,-0.219075529014178,8,创业板;纳指;黄金;国债ETF;半导体ETF;军工ETF;有色ETF;酒ETF,创业板;纳指;黄金;国债ETF,半导体ETF;军工ETF;有色ETF;酒ETF
2020-02-12,882958.7399393972,0.0,882958.7399393972,0.0,False,liquidate,-0.21901355088156008,9,沪深300;创业板;纳指;黄金;国债ETF;半导体ETF;有色ETF;军工ETF;证券ETF,沪深300;创业板;纳指;黄金;国债ETF,半导体ETF;有色ETF;军工ETF;证券ETF
2020-02-13,883028.8160298687,0.0,883028.8160298687,0.0,False,liquidate,-0.21895156783004266,9,沪深300;创业板;纳指;黄金;国债ETF;半导体ETF;有色ETF;军工ETF;证券ETF,沪深300;创业板;纳指;黄金;国债ETF,半导体ETF;有色ETF;军工ETF;证券ETF
2020-02-14,883098.8976819345,0.0,883098.8976819345,0.0,False,liquidate,-0.21888957985923552,9,沪深300;创业板;纳指;黄金;国债ETF;半导体ETF;有色ETF;军工ETF;证券ETF,沪深300;创业板;纳指;黄金;国债ETF,半导体ETF;有色ETF;军工ETF;证券ETF
2020-02-17,883168.9848960363,0.0,883168.9848960363,0.0,False,liquidate,-0.2188275869687481,9,沪深300;创业板;纳指;黄金;国债ETF;半导体ETF;有色ETF;军工ETF;证券ETF,沪深300;创业板;纳指;黄金;国债ETF,半导体ETF;有色ETF;军工ETF;证券ETF
2020-02-18,883239.0776726154,0.0,883239.0776726154,0.0,False,liquidate,-0.21876558915819003,9,沪深300;创业板;纳指;黄金;国债ETF;半导体ETF;军工ETF;有色ETF;证券ETF,沪深300;创业板;纳指;黄金;国债ETF,半导体ETF;军工ETF;有色ETF;证券ETF
2020-02-19,883309.1760121132,0.0,883309.1760121132,0.0,False,liquidate,-0.21870358642717086,8,创业板;纳指;黄金;国债ETF;半导体ETF;军工ETF;有色ETF;证券ETF,创业板;纳指;黄金;国债ETF,半导体ETF;军工ETF;有色ETF;证券ETF
2020-02-20,883379.2799149713,0.0,883379.2799149713,0.0,False,liquidate,-0.2186415787753,9,沪深300;创业板;纳指;黄金;国债ETF;半导体ETF;军工ETF;有色ETF;证券ETF,沪深300;创业板;纳指;黄金;国债ETF,半导体ETF;军工ETF;有色ETF;证券ETF
2020-02-21,883449.3893816313,0.0,883449.3893816313,0.0,False,liquidate,-0.2185795662021869,9,沪深300;创业板;纳指;黄金;国债ETF;半导体ETF;军工ETF;有色ETF;证券ETF,沪深300;创业板;纳指;黄金;国债ETF,半导体ETF;军工ETF;有色ETF;证券ETF
2020-02-24,883519.5044125346,0.0,883519.5044125346,0.0,False,liquidate,-0.21851754870744097,9,沪深300;创业板;纳指;黄金;国债ETF;半导体ETF;军工ETF;有色ETF;证券ETF,沪深300;创业板;纳指;黄金;国债ETF,半导体ETF;军工ETF;有色ETF;证券ETF
2020-02-25,883589.625008123,0.0,883589.625008123,0.0,False,liquidate,-0.2184555262906717,9,沪深300;创业板;纳指;黄金;国债ETF;半导体ETF;军工ETF;有色ETF;证券ETF,沪深300;创业板;纳指;黄金;国债ETF,半导体ETF;军工ETF;有色ETF;证券ETF
2020-02-26,883659.751168838,0.0,883659.751168838,0.0,False,liquidate,-0.21839349895148832,9,沪深300;创业板;纳指;黄金;国债ETF;半导体ETF;军工ETF;有色ETF;证券ETF,沪深300;创业板;纳指;黄金;国债ETF,半导体ETF;军工ETF;有色ETF;证券ETF
2020-02-27,883729.8828951212,0.0,883729.8828951212,0.0,False,liquidate,-0.21833146668950038,9,沪深300;创业板;纳指;黄金;国债ETF;半导体ETF;军工ETF;证券ETF;有色ETF,沪深300;创业板;纳指;黄金;国债ETF,半导体ETF;军工ETF;证券ETF;有色ETF
2020-02-28,883800.0201874145,0.0,883800.0201874145,0.0,False,liquidate,-0.21826942950431702,8,创业板;纳指;黄金;国债ETF;半导体ETF;军工ETF;证券ETF;有色ETF,创业板;纳指;黄金;国债ETF,半导体ETF;军工ETF;证券ETF;有色ETF
2020-03-02,883870.1630461595,0.0,883870.1630461595,0.0,False,liquidate,-0.2182073873955475,9,沪深300;创业板;纳指;黄金;国债ETF;半导体ETF;军工ETF;证券ETF;有色ETF,沪深300;创业板;纳指;黄金;国债ETF,半导体ETF;军工ETF;证券ETF;有色ETF
2020-03-03,883940.3114717982,0.0,883940.3114717982,0.0,False,liquidate,-0.218145340362801,8,创业板;纳指;黄金;国债ETF;半导体ETF;军工ETF;证券ETF;有色ETF,创业板;纳指;黄金;国债ETF,半导体ETF;军工ETF;证券ETF;有色ETF
2020-03-04,884010.4654647722,0.0,884010.4654647722,0.0,False,liquidate,-0.21808328840568694,9,沪深300;创业板;纳指;黄金;国债ETF;半导体ETF;证券ETF;军工ETF;有色ETF,沪深300;创业板;纳指;黄金;国债ETF,半导体ETF;证券ETF;军工ETF;有色ETF
2020-03-05,884080.6250255234,0.0,884080.6250255234,0.0,False,liquidate,-0.21802123152381436,9,沪深300;创业板;纳指;黄金;国债ETF;证券ETF;半导体ETF;军工ETF;有色ETF,沪深300;创业板;纳指;黄金;国债ETF,证券ETF;半导体ETF;军工ETF;有色ETF
2020-03-06,884150.7901544936,0.0,884150.7901544936,0.0,False,liquidate,-0.21795916971679244,8,创业板;纳指;黄金;国债ETF;半导体ETF;证券ETF;军工ETF;有色ETF,创业板;纳指;黄金;国债ETF,半导体ETF;证券ETF;军工ETF;有色ETF
2020-03-09,884220.960852125,0.0,884220.960852125,0.0,False,liquidate,-0.2178971029842303,8,创业板;纳指;黄金;国债ETF;证券ETF;半导体ETF;军工ETF;有色ETF,创业板;纳指;黄金;国债ETF,证券ETF;半导体ETF;军工ETF;有色ETF
2020-03-10,884291.1371188593,0.0,884291.1371188593,0.0,False,liquidate,-0.2178350313257369,8,创业板;纳指;黄金;国债ETF;半导体ETF;证券ETF;军工ETF;酒ETF,创业板;纳指;黄金;国债ETF,半导体ETF;证券ETF;军工ETF;酒ETF
2020-03-11,884361.3189551387,0.0,884361.3189551387,0.0,False,liquidate,-0.21777295474092143,8,创业板;纳指;黄金;国债ETF;军工ETF;证券ETF;半导体ETF;酒ETF,创业板;纳指;黄金;国债ETF,军工ETF;证券ETF;半导体ETF;酒ETF
2020-03-12,884431.506361405,0.0,884431.506361405,0.0,False,liquidate,-0.21771087322939287,7,创业板;黄金;国债ETF;军工ETF;证券ETF;半导体ETF;酒ETF,创业板;黄金;国债ETF,军工ETF;证券ETF;半导体ETF;酒ETF
2020-03-13,884501.6993381004,0.0,884501.6993381004,0.0,False,liquidate,-0.21764878679076027,7,创业板;黄金;国债ETF;半导体ETF;证券ETF;军工ETF;酒ETF,创业板;黄金;国债ETF,半导体ETF;证券ETF;军工ETF;酒ETF
2020-03-16,884571.8978856669,0.0,884571.8978856669,0.0,False,liquidate,-0.21758669542463252,5,国债ETF;证券ETF;军工ETF;半导体ETF;酒ETF,国债ETF,证券ETF;军工ETF;半导体ETF;酒ETF
2020-03-17,884642.1020045468,0.0,884642.1020045468,0.0,False,liquidate,-0.21752459913061858,5,国债ETF;证券ETF;军工ETF;半导体ETF;酒ETF,国债ETF,证券ETF;军工ETF;半导体ETF;酒ETF
2020-03-18,884712.3116951821,0.0,884712.3116951821,0.0,False,liquidate,-0.2174624979083273,5,国债ETF;军工ETF;半导体ETF;证券ETF;酒ETF,国债ETF,军工ETF;半导体ETF;证券ETF;酒ETF
2020-03-19,884782.526958015,0.0,884782.526958015,0.0,False,liquidate,-0.21740039175736767,5,国债ETF;军工ETF;证券ETF;半导体ETF;酒ETF,国债ETF,军工ETF;证券ETF;半导体ETF;酒ETF
2020-03-20,884852.747793488,0.0,884852.747793488,0.0,False,liquidate,-0.21733828067734837,5,国债ETF;军工ETF;证券ETF;半导体ETF;酒ETF,国债ETF,军工ETF;证券ETF;半导体ETF;酒ETF
2020-03-23,884922.974202043,0.0,884922.974202043,0.0,False,liquidate,-0.2172761646678783,5,国债ETF;军工ETF;证券ETF;半导体ETF;酒ETF,国债ETF,军工ETF;证券ETF;半导体ETF;酒ETF
2020-03-24,884993.2061841226,0.0,884993.2061841226,0.0,False,liquidate,-0.21721404372856618,6,黄金;国债ETF;军工ETF;证券ETF;半导体ETF;酒ETF,黄金;国债ETF,军工ETF;证券ETF;半导体ETF;酒ETF
2020-03-25,885063.4437401689,0.0,885063.4437401689,0.0,False,liquidate,-0.21715191785902085,6,黄金;国债ETF;军工ETF;证券ETF;酒ETF;半导体ETF,黄金;国债ETF,军工ETF;证券ETF;酒ETF;半导体ETF
2020-03-26,885133.6868706245,0.0,885133.6868706245,0.0,False,liquidate,-0.2170897870588509,6,黄金;国债ETF;军工ETF;酒ETF;证券ETF;半导体ETF,黄金;国债ETF,军工ETF;酒ETF;证券ETF;半导体ETF
2020-03-27,885203.9355759318,0.0,885203.9355759318,0.0,False,liquidate,-0.21702765132766502,8,沪深300;创业板;黄金;国债ETF;酒ETF;军工ETF;半导体ETF;证券ETF,沪深300;创业板;黄金;国债ETF,酒ETF;军工ETF;半导体ETF;证券ETF
2020-03-30,885274.1898565331,0.0,885274.1898565331,0.0,False,liquidate,-0.21696551066507197,6,黄金;国债ETF;酒ETF;军工ETF;证券ETF;半导体ETF,黄金;国债ETF,酒ETF;军工ETF;证券ETF;半导体ETF
2020-03-31,885344.449712871,0.0,885344.449712871,0.0,False,liquidate,-0.21690336507068023,6,黄金;国债ETF;酒ETF;半导体ETF;军工ETF;证券ETF,黄金;国债ETF,酒ETF;半导体ETF;军工ETF;证券ETF
2020-04-01,885414.7151453879,0.0,885414.7151453879,0.0,False,liquidate,-0.21684121454409852,6,黄金;国债ETF;酒ETF;半导体ETF;军工ETF;有色ETF,黄金;国债ETF,酒ETF;半导体ETF;军工ETF;有色ETF
2020-04-02,885484.9861545265,0.0,885484.9861545265,0.0,False,liquidate,-0.2167790590849353,6,黄金;国债ETF;半导体ETF;酒ETF;军工ETF;证券ETF,黄金;国债ETF,半导体ETF;酒ETF;军工ETF;证券ETF
2020-04-03,885555.2627407293,0.0,885555.2627407293,0.0,False,liquidate,-0.21671689869279917,6,黄金;国债ETF;半导体ETF;酒ETF;军工ETF;证券ETF,黄金;国债ETF,半导体ETF;酒ETF;军工ETF;证券ETF
2020-04-07,885625.5449044389,0.0,885625.5449044389,0.0,False,liquidate,-0.21665473336729854,6,黄金;国债ETF;酒ETF;半导体ETF;军工ETF;有色ETF,黄金;国债ETF,酒ETF;半导体ETF;军工ETF;有色ETF
2020-04-08,885695.832646098,0.0,885695.832646098,0.0,False,liquidate,-0.21659256310804195,6,黄金;国债ETF;半导体ETF;酒ETF;军工ETF;有色ETF,黄金;国债ETF,半导体ETF;酒ETF;军工ETF;有色ETF
2020-04-09,885766.1259661493,0.0,885766.1259661493,0.0,False,liquidate,-0.21653038791463783,6,黄金;国债ETF;酒ETF;半导体ETF;军工ETF;有色ETF,黄金;国债ETF,酒ETF;半导体ETF;军工ETF;有色ETF
2020-04-10,885836.4248650355,0.0,885836.4248650355,0.0,False,liquidate,-0.21646820778669457,6,黄金;国债ETF;酒ETF;军工ETF;半导体ETF;有色ETF,黄金;国债ETF,酒ETF;军工ETF;半导体ETF;有色ETF
2020-04-13,885906.7293431994,0.0,885906.7293431994,0.0,False,liquidate,-0.21640602272382045,6,黄金;国债ETF;酒ETF;军工ETF;半导体ETF;有色ETF,黄金;国债ETF,酒ETF;军工ETF;半导体ETF;有色ETF
2020-04-14,885977.0394010838,0.0,885977.0394010838,0.0,False,liquidate,-0.21634383272562388,6,黄金;国债ETF;军工ETF;酒ETF;半导体ETF;有色ETF,黄金;国债ETF,军工ETF;酒ETF;半导体ETF;有色ETF
2020-04-15,886047.3550391316,0.0,886047.3550391316,0.0,False,liquidate,-0.21628163779171317,6,黄金;国债ETF;酒ETF;军工ETF;半导体ETF;有色ETF,黄金;国债ETF,酒ETF;军工ETF;半导体ETF;有色ETF
2020-04-16,886117.6762577855,0.0,886117.6762577855,0.0,False,liquidate,-0.21621943792169662,6,黄金;国债ETF;酒ETF;军工ETF;半导体ETF;有色ETF,黄金;国债ETF,酒ETF;军工ETF;半导体ETF;有色ETF
2020-04-17,886188.0030574886,0.0,886188.0030574886,0.0,False,liquidate,-0.2161572331151824,6,黄金;国债ETF;酒ETF;半导体ETF;军工ETF;有色ETF,黄金;国债ETF,酒ETF;半导体ETF;军工ETF;有色ETF
2020-04-20,886258.3354386836,0.0,886258.3354386836,0.0,False,liquidate,-0.21609502337177885,5,国债ETF;酒ETF;半导体ETF;军工ETF;有色ETF,国债ETF,酒ETF;半导体ETF;军工ETF;有色ETF
2020-04-21,886328.6734018137,0.0,886328.6734018137,0.0,False,liquidate,-0.21603280869109404,6,黄金;国债ETF;军工ETF;酒ETF;半导体ETF;有色ETF,黄金;国债ETF,军工ETF;酒ETF;半导体ETF;有色ETF
2020-04-22,886399.0169473218,0.0,886399.0169473218,0.0,False,liquidate,-0.21597058907273617,6,黄金;国债ETF;酒ETF;军工ETF;半导体ETF;证券ETF,黄金;国债ETF,酒ETF;军工ETF;半导体ETF;证券ETF
2020-04-23,886469.366075651,0.0,886469.366075651,0.0,False,liquidate,-0.21590836451631332,6,黄金;国债ETF;军工ETF;酒ETF;半导体ETF;有色ETF,黄金;国债ETF,军工ETF;酒ETF;半导体ETF;有色ETF
2020-04-24,886539.7207872444,0.0,886539.7207872444,0.0,False,liquidate,-0.21584613502143363,7,纳指;黄金;国债ETF;酒ETF;军工ETF;半导体ETF;有色ETF,纳指;黄金;国债ETF,酒ETF;军工ETF;半导体ETF;有色ETF
2020-04-27,886610.081082545,0.0,886610.081082545,0.0,False,liquidate,-0.21578390058770514,7,纳指;黄金;国债ETF;酒ETF;军工ETF;半导体ETF;有色ETF,纳指;黄金;国债ETF,酒ETF;军工ETF;半导体ETF;有色ETF
2020-04-28,886680.446961996,0.0,886680.446961996,0.0,False,liquidate,-0.21572166121473585,7,纳指;黄金;国债ETF;酒ETF;军工ETF;半导体ETF;证券ETF,纳指;黄金;国债ETF,酒ETF;军工ETF;半导体ETF;证券ETF
2020-04-29,886750.8184260407,0.0,886750.8184260407,0.0,False,liquidate,-0.2156594169021338,7,纳指;黄金;国债ETF;酒ETF;军工ETF;半导体ETF;证券ETF,纳指;黄金;国债ETF,酒ETF;军工ETF;半导体ETF;证券ETF
2020-04-30,886821.1954751222,0.0,886821.1954751222,0.0,False,liquidate,-0.21559716764950693,7,纳指;黄金;国债ETF;酒ETF;军工ETF;半导体ETF;证券ETF,纳指;黄金;国债ETF,酒ETF;军工ETF;半导体ETF;证券ETF
2020-05-06,886891.5781096837,0.0,886891.5781096837,0.0,False,liquidate,-0.21553491345646325,7,纳指;黄金;国债ETF;酒ETF;半导体ETF;军工ETF;证券ETF,纳指;黄金;国债ETF,酒ETF;半导体ETF;军工ETF;证券ETF
2020-05-07,886961.9663301687,0.0,886961.9663301687,0.0,False,liquidate,-0.21547265432261054,8,创业板;纳指;黄金;国债ETF;酒ETF;半导体ETF;军工ETF;证券ETF,创业板;纳指;黄金;国债ETF,酒ETF;半导体ETF;军工ETF;证券ETF
2020-05-08,887032.3601370202,0.0,887032.3601370202,0.0,False,liquidate,-0.2154103902475568,7,纳指;黄金;国债ETF;酒ETF;半导体ETF;军工ETF;证券ETF,纳指;黄金;国债ETF,酒ETF;半导体ETF;军工ETF;证券ETF
2020-05-11,887102.759530682,0.0,887102.759530682,0.0,False,liquidate,-0.21534812123090968,7,纳指;黄金;国债ETF;酒ETF;半导体ETF;军工ETF;证券ETF,纳指;黄金;国债ETF,酒ETF;半导体ETF;军工ETF;证券ETF
2020-05-12,887173.1645115971,0.0,887173.1645115971,0.0,False,liquidate,-0.21528584727227723,8,创业板;纳指;黄金;国债ETF;酒ETF;半导体ETF;军工ETF;证券ETF,创业板;纳指;黄金;国债ETF,酒ETF;半导体ETF;军工ETF;证券ETF
2020-05-13,887243.5750802092,0.0,887243.5750802092,0.0,False,liquidate,-0.21522356837126708,9,沪深300;创业板;纳指;黄金;国债ETF;酒ETF;半导体ETF;军工ETF;证券ETF,沪深300;创业板;纳指;黄金;国债ETF,酒ETF;半导体ETF;军工ETF;证券ETF
2020-05-14,887313.9912369616,0.0,887313.9912369616,0.0,False,liquidate,-0.21516128452748703,9,沪深300;创业板;纳指;黄金;国债ETF;酒ETF;半导体ETF;军工ETF;证券ETF,沪深300;创业板;纳指;黄金;国债ETF,酒ETF;半导体ETF;军工ETF;证券ETF
2020-05-15,887384.4129822978,0.0,887384.4129822978,0.0,False,liquidate,-0.21509899574054475,9,沪深300;创业板;纳指;黄金;国债ETF;酒ETF;半导体ETF;军工ETF;证券ETF,沪深300;创业板;纳指;黄金;国债ETF,酒ETF;半导体ETF;军工ETF;证券ETF
2020-05-18,887454.8403166615,0.0,887454.8403166615,0.0,False,liquidate,-0.21503670201004796,9,沪深300;创业板;纳指;黄金;国债ETF;酒ETF;半导体ETF;军工ETF;有色ETF,沪深300;创业板;纳指;黄金;国债ETF,酒ETF;半导体ETF;军工ETF;有色ETF
2020-05-19,887525.2732404962,0.0,887525.2732404962,0.0,False,liquidate,-0.21497440333560433,9,沪深300;创业板;纳指;黄金;国债ETF;酒ETF;半导体ETF;军工ETF;有色ETF,沪深300;创业板;纳指;黄金;国债ETF,酒ETF;半导体ETF;军工ETF;有色ETF
2020-05-20,887595.7117542455,0.0,887595.7117542455,0.0,False,liquidate,-0.2149120997168214,9,沪深300;创业板;纳指;黄金;国债ETF;酒ETF;半导体ETF;军工ETF;有色ETF,沪深300;创业板;纳指;黄金;国债ETF,酒ETF;半导体ETF;军工ETF;有色ETF
2020-05-21,887666.155858353,0.0,887666.155858353,0.0,False,liquidate,-0.2148497911533068,9,沪深300;创业板;纳指;黄金;国债ETF;酒ETF;半导体ETF;军工ETF;有色ETF,沪深300;创业板;纳指;黄金;国债ETF,酒ETF;半导体ETF;军工ETF;有色ETF
2020-05-22,887736.6055532624,0.0,887736.6055532624,0.0,False,liquidate,-0.21478747764466816,9,沪深300;创业板;纳指;黄金;国债ETF;酒ETF;半导体ETF;军工ETF;有色ETF,沪深300;创业板;纳指;黄金;国债ETF,酒ETF;半导体ETF;军工ETF;有色ETF
2020-05-25,887807.0608394175,0.0,887807.0608394175,0.0,False,liquidate,-0.2147251591905129,9,沪深300;创业板;纳指;黄金;国债ETF;酒ETF;半导体ETF;军工ETF;有色ETF,沪深300;创业板;纳指;黄金;国债ETF,酒ETF;半导体ETF;军工ETF;有色ETF
2020-05-26,887877.521717262,0.0,887877.521717262,0.0,False,liquidate,-0.2146628357904486,9,沪深300;创业板;纳指;黄金;国债ETF;酒ETF;半导体ETF;军工ETF;有色ETF,沪深300;创业板;纳指;黄金;国债ETF,酒ETF;半导体ETF;军工ETF;有色ETF
2020-05-27,887947.9881872396,0.0,887947.9881872396,0.0,False,liquidate,-0.21460050744408268,9,沪深300;创业板;纳指;黄金;国债ETF;酒ETF;半导体ETF;军工ETF;有色ETF,沪深300;创业板;纳指;黄金;国债ETF,酒ETF;半导体ETF;军工ETF;有色ETF
2020-05-28,888018.4602497942,0.0,888018.4602497942,0.0,False,liquidate,-0.2145381741510227,9,沪深300;创业板;纳指;黄金;国债ETF;酒ETF;有色ETF;半导体ETF;军工ETF,沪深300;创业板;纳指;黄金;国债ETF,酒ETF;有色ETF;半导体ETF;军工ETF
2020-05-29,888088.9379053696,0.0,888088.9379053696,0.0,False,liquidate,-0.21447583591087593,9,沪深300;创业板;纳指;黄金;国债ETF;酒ETF;有色ETF;半导体ETF;军工ETF,沪深300;创业板;纳指;黄金;国债ETF,酒ETF;有色ETF;半导体ETF;军工ETF
2020-06-01,888159.4211544098,0.0,888159.4211544098,0.0,False,liquidate,-0.21441349272324972,9,沪深300;创业板;纳指;黄金;国债ETF;酒ETF;半导体ETF;有色ETF;军工ETF,沪深300;创业板;纳指;黄金;国债ETF,酒ETF;半导体ETF;有色ETF;军工ETF
2020-06-02,888229.9099973586,0.0,888229.9099973586,0.0,False,liquidate,-0.21435114458775154,8,沪深300;创业板;纳指;黄金;酒ETF;有色ETF;半导体ETF;军工ETF,沪深300;创业板;纳指;黄金,酒ETF;有色ETF;半导体ETF;军工ETF
2020-06-03,888300.40443466,0.0,888300.40443466,0.0,False,liquidate,-0.21428879150398863,8,沪深300;创业板;纳指;黄金;酒ETF;半导体ETF;有色ETF;军工ETF,沪深300;创业板;纳指;黄金,酒ETF;半导体ETF;有色ETF;军工ETF
2020-06-04,888370.904466758,0.0,888370.904466758,0.0,False,liquidate,-0.21422643347156828,8,沪深300;创业板;纳指;黄金;酒ETF;半导体ETF;有色ETF;军工ETF,沪深300;创业板;纳指;黄金,酒ETF;半导体ETF;有色ETF;军工ETF
2020-06-05,888441.4100940967,0.0,888441.4100940967,0.0,False,liquidate,-0.21416407049009775,8,沪深300;创业板;纳指;黄金;酒ETF;半导体ETF;有色ETF;军工ETF,沪深300;创业板;纳指;黄金,酒ETF;半导体ETF;有色ETF;军工ETF
2020-06-08,888511.9213171201,0.0,888511.9213171201,0.0,False,liquidate,-0.2141017025591842,8,沪深300;创业板;纳指;黄金;酒ETF;有色ETF;半导体ETF;军工ETF,沪深300;创业板;纳指;黄金,酒ETF;有色ETF;半导体ETF;军工ETF
2020-06-09,888582.4381362722,0.0,888582.4381362722,0.0,False,liquidate,-0.21403932967843492,8,沪深300;创业板;纳指;黄金;酒ETF;有色ETF;半导体ETF;证券ETF,沪深300;创业板;纳指;黄金,酒ETF;有色ETF;半导体ETF;证券ETF
2020-06-10,888652.9605519974,0.0,888652.9605519974,0.0,False,liquidate,-0.21397695184745696,8,沪深300;创业板;纳指;黄金;酒ETF;有色ETF;半导体ETF;证券ETF,沪深300;创业板;纳指;黄金,酒ETF;有色ETF;半导体ETF;证券ETF
2020-06-11,888723.4885647397,0.0,888723.4885647397,0.0,False,liquidate,-0.21391456906585748,8,沪深300;创业板;纳指;黄金;酒ETF;有色ETF;半导体ETF;军工ETF,沪深300;创业板;纳指;黄金,酒ETF;有色ETF;半导体ETF;军工ETF
2020-06-12,888794.0221749432,0.0,888794.0221749432,0.0,False,liquidate,-0.21385218133324368,8,沪深300;创业板;纳指;黄金;酒ETF;有色ETF;半导体ETF;证券ETF,沪深300;创业板;纳指;黄金,酒ETF;有色ETF;半导体ETF;证券ETF
2020-06-15,888864.5613830524,0.0,888864.5613830524,0.0,False,liquidate,-0.2137897886492225,8,沪深300;创业板;纳指;黄金;酒ETF;有色ETF;证券ETF;军工ETF,沪深300;创业板;纳指;黄金,酒ETF;有色ETF;证券ETF;军工ETF
2020-06-16,888935.1061895114,0.0,888935.1061895114,0.0,False,liquidate,-0.213727391013401,8,沪深300;创业板;纳指;黄金;酒ETF;有色ETF;证券ETF;军工ETF,沪深300;创业板;纳指;黄金,酒ETF;有色ETF;证券ETF;军工ETF
2020-06-17,889005.6565947646,0.0,889005.6565947646,0.0,False,liquidate,-0.21366498842538614,8,沪深300;创业板;纳指;黄金;酒ETF;有色ETF;军工ETF;证券ETF,沪深300;创业板;纳指;黄金,酒ETF;有色ETF;军工ETF;证券ETF
2020-06-18,889076.2125992562,0.0,889076.2125992562,0.0,False,liquidate,-0.21360258088478498,8,沪深300;创业板;纳指;黄金;酒ETF;有色ETF;证券ETF;半导体ETF,沪深300;创业板;纳指;黄金,酒ETF;有色ETF;证券ETF;半导体ETF
2020-06-19,889146.7742034307,0.0,889146.7742034307,0.0,False,liquidate,-0.2135401683912044,8,沪深300;创业板;纳指;黄金;酒ETF;有色ETF;证券ETF;半导体ETF,沪深300;创业板;纳指;黄金,酒ETF;有色ETF;证券ETF;半导体ETF
2020-06-22,889217.3414077327,0.0,889217.3414077327,0.0,False,liquidate,-0.21347775094425125,8,沪深300;创业板;纳指;黄金;酒ETF;证券ETF;半导体ETF;有色ETF,沪深300;创业板;纳指;黄金,酒ETF;证券ETF;半导体ETF;有色ETF
2020-06-23,889287.9142126064,0.0,889287.9142126064,0.0,False,liquidate,-0.21341532854353248,8,沪深300;创业板;纳指;黄金;酒ETF;半导体ETF;证券ETF;有色ETF,沪深300;创业板;纳指;黄金,酒ETF;半导体ETF;证券ETF;有色ETF
2020-06-24,889358.4926184963,0.0,889358.4926184963,0.0,False,liquidate,-0.21335290118865496,8,沪深300;创业板;纳指;黄金;酒ETF;半导体ETF;证券ETF;有色ETF,沪深300;创业板;纳指;黄金,酒ETF;半导体ETF;证券ETF;有色ETF
2020-06-29,889429.076625847,0.0,889429.076625847,0.0,False,liquidate,-0.21329046887922545,8,沪深300;创业板;纳指;黄金;酒ETF;半导体ETF;证券ETF;有色ETF,沪深300;创业板;纳指;黄金,酒ETF;半导体ETF;证券ETF;有色ETF
2020-06-30,889499.666235103,0.0,889499.666235103,0.0,False,liquidate,-0.2132280316148508,8,沪深300;创业板;纳指;黄金;酒ETF;半导体ETF;证券ETF;有色ETF,沪深300;创业板;纳指;黄金,酒ETF;半导体ETF;证券ETF;有色ETF
2020-07-01,889570.261446709,0.0,889570.261446709,0.0,False,liquidate,-0.21316558939513763,8,沪深300;创业板;纳指;黄金;酒ETF;半导体ETF;证券ETF;有色ETF,沪深300;创业板;纳指;黄金,酒ETF;半导体ETF;证券ETF;有色ETF
2020-07-02,889640.8622611096,0.0,889640.8622611096,0.0,False,liquidate,-0.21310314221969276,8,沪深300;创业板;纳指;黄金;酒ETF;证券ETF;半导体ETF;有色ETF,沪深300;创业板;纳指;黄金,酒ETF;证券ETF;半导体ETF;有色ETF
2020-07-03,889711.4686787494,0.0,889711.4686787494,0.0,False,liquidate,-0.2130406900881229,8,沪深300;创业板;纳指;黄金;证券ETF;酒ETF;半导体ETF;有色ETF,沪深300;创业板;纳指;黄金,证券ETF;酒ETF;半导体ETF;有色ETF
2020-07-06,889782.0807000732,0.0,889782.0807000732,0.0,False,liquidate,-0.2129782330000346,8,沪深300;创业板;纳指;黄金;证券ETF;酒ETF;半导体ETF;有色ETF,沪深300;创业板;纳指;黄金,证券ETF;酒ETF;半导体ETF;有色ETF
2020-07-07,889852.6983255256,0.0,889852.6983255256,0.0,False,liquidate,-0.21291577095503456,8,沪深300;创业板;纳指;黄金;证券ETF;酒ETF;半导体ETF;有色ETF,沪深300;创业板;纳指;黄金,证券ETF;酒ETF;半导体ETF;有色ETF
2020-07-08,889923.3215555515,0.0,889923.3215555515,0.0,False,liquidate,-0.21285330395272936,8,沪深300;创业板;纳指;黄金;证券ETF;酒ETF;半导体ETF;军工ETF,沪深300;创业板;纳指;黄金,证券ETF;酒ETF;半导体ETF;军工ETF
2020-07-09,889993.9503905956,0.0,889993.9503905956,0.0,False,liquidate,-0.21279083199272558,8,沪深300;创业板;纳指;黄金;证券ETF;半导体ETF;酒ETF;有色ETF,沪深300;创业板;纳指;黄金,证券ETF;半导体ETF;酒ETF;有色ETF
2020-07-10,890064.5848311029,0.0,890064.5848311029,0.0,False,liquidate,-0.2127283550746297,8,沪深300;创业板;纳指;黄金;证券ETF;半导体ETF;酒ETF;军工ETF,沪深300;创业板;纳指;黄金,证券ETF;半导体ETF;酒ETF;军工ETF
2020-07-13,890135.224877518,0.0,890135.224877518,0.0,False,liquidate,-0.21266587319804833,8,沪深300;创业板;纳指;黄金;半导体ETF;证券ETF;酒ETF;有色ETF,沪深300;创业板;纳指;黄金,半导体ETF;证券ETF;酒ETF;有色ETF
2020-07-14,890205.8705302861,0.0,890205.8705302861,0.0,False,liquidate,-0.21260338636258785,8,沪深300;创业板;纳指;黄金;半导体ETF;证券ETF;酒ETF;军工ETF,沪深300;创业板;纳指;黄金,半导体ETF;证券ETF;酒ETF;军工ETF
2020-07-15,890276.5217898521,0.0,890276.5217898521,0.0,False,liquidate,-0.21254089456785466,8,沪深300;创业板;纳指;黄金;酒ETF;证券ETF;半导体ETF;军工ETF,沪深300;创业板;纳指;黄金,酒ETF;证券ETF;半导体ETF;军工ETF
2020-07-16,890347.1786566608,0.0,890347.1786566608,0.0,False,liquidate,-0.21247839781345523,8,沪深300;创业板;纳指;黄金;酒ETF;证券ETF;半导体ETF;军工ETF,沪深300;创业板;纳指;黄金,酒ETF;证券ETF;半导体ETF;军工ETF
2020-07-17,890417.8411311575,0.0,890417.8411311575,0.0,False,liquidate,-0.21241589609899592,8,沪深300;创业板;纳指;黄金;酒ETF;证券ETF;军工ETF;半导体ETF,沪深300;创业板;纳指;黄金,酒ETF;证券ETF;军工ETF;半导体ETF
2020-07-20,890488.5092137869,0.0,890488.5092137869,0.0,False,liquidate,-0.21235338942408313,8,沪深300;创业板;纳指;黄金;军工ETF;酒ETF;证券ETF;半导体ETF,沪深300;创业板;纳指;黄金,军工ETF;酒ETF;证券ETF;半导体ETF
2020-07-21,890559.1829049943,0.0,890559.1829049943,0.0,False,liquidate,-0.21229087778832317,8,沪深300;创业板;纳指;黄金;酒ETF;证券ETF;军工ETF;有色ETF,沪深300;创业板;纳指;黄金,酒ETF;证券ETF;军工ETF;有色ETF
2020-07-22,890629.8622052249,0.0,890629.8622052249,0.0,False,liquidate,-0.2122283611913222,8,沪深300;创业板;纳指;黄金;酒ETF;证券ETF;军工ETF;有色ETF,沪深300;创业板;纳指;黄金,酒ETF;证券ETF;军工ETF;有色ETF
2020-07-23,890700.5471149238,0.0,890700.5471149238,0.0,False,liquidate,-0.21216583963268654,8,沪深300;创业板;纳指;黄金;军工ETF;酒ETF;证券ETF;有色ETF,沪深300;创业板;纳指;黄金,军工ETF;酒ETF;证券ETF;有色ETF
2020-07-24,890771.2376345361,0.0,890771.2376345361,0.0,False,liquidate,-0.2121033131120225,8,沪深300;创业板;纳指;黄金;军工ETF;酒ETF;证券ETF;有色ETF,沪深300;创业板;纳指;黄金,军工ETF;酒ETF;证券ETF;有色ETF
2020-07-27,890841.9337645072,0.0,890841.9337645072,0.0,False,liquidate,-0.21204078162893608,8,沪深300;创业板;纳指;黄金;军工ETF;有色ETF;酒ETF;证券ETF,沪深300;创业板;纳指;黄金,军工ETF;有色ETF;酒ETF;证券ETF
2020-07-28,890912.6355052822,0.0,890912.6355052822,0.0,False,liquidate,-0.21197824518303354,8,沪深300;创业板;纳指;黄金;军工ETF;酒ETF;有色ETF;证券ETF,沪深300;创业板;纳指;黄金,军工ETF;酒ETF;有色ETF;证券ETF
2020-07-29,890983.3428573065,0.0,890983.3428573065,0.0,False,liquidate,-0.21191570377392105,8,沪深300;创业板;纳指;黄金;军工ETF;酒ETF;有色ETF;证券ETF,沪深300;创业板;纳指;黄金,军工ETF;酒ETF;有色ETF;证券ETF
2020-07-30,891054.0558210254,0.0,891054.0558210254,0.0,False,liquidate,-0.2118531574012046,8,沪深300;创业板;纳指;黄金;军工ETF;酒ETF;有色ETF;证券ETF,沪深300;创业板;纳指;黄金,军工ETF;酒ETF;有色ETF;证券ETF
2020-07-31,891124.7743968843,0.0,891124.7743968843,0.0,False,liquidate,-0.21179060606449038,8,沪深300;创业板;纳指;黄金;酒ETF;军工ETF;有色ETF;证券ETF,沪深300;创业板;纳指;黄金,酒ETF;军工ETF;有色ETF;证券ETF
2020-08-03,891195.4985853285,0.0,891195.4985853285,0.0,False,liquidate,-0.21172804976338438,8,沪深300;创业板;纳指;黄金;军工ETF;酒ETF;有色ETF;证券ETF,沪深300;创业板;纳指;黄金,军工ETF;酒ETF;有色ETF;证券ETF
2020-08-04,891266.2283868035,0.0,891266.2283868035,0.0,False,liquidate,-0.21166548849749256,8,沪深300;创业板;纳指;黄金;酒ETF;军工ETF;有色ETF;证券ETF,沪深300;创业板;纳指;黄金,酒ETF;军工ETF;有色ETF;证券ETF
2020-08-05,891336.9638017549,0.0,891336.9638017549,0.0,False,liquidate,-0.2116029222664209,8,沪深300;创业板;纳指;黄金;军工ETF;酒ETF;有色ETF;证券ETF,沪深300;创业板;纳指;黄金,军工ETF;酒ETF;有色ETF;证券ETF
2020-08-06,891407.7048306281,0.0,891407.7048306281,0.0,False,liquidate,-0.2115403510697753,8,沪深300;创业板;纳指;黄金;军工ETF;有色ETF;证券ETF;酒ETF,沪深300;创业板;纳指;黄金,军工ETF;有色ETF;证券ETF;酒ETF
2020-08-07,891478.4514738687,0.0,891478.4514738687,0.0,False,liquidate,-0.21147777490716177,8,沪深300;创业板;纳指;黄金;军工ETF;有色ETF;证券ETF;酒ETF,沪深300;创业板;纳指;黄金,军工ETF;有色ETF;证券ETF;酒ETF
2020-08-10,891549.2037319222,0.0,891549.2037319222,0.0,False,liquidate,-0.21141519377818613,8,沪深300;创业板;纳指;黄金;军工ETF;有色ETF;证券ETF;酒ETF,沪深300;创业板;纳指;黄金,军工ETF;有色ETF;证券ETF;酒ETF
2020-08-11,891619.9616052343,0.0,891619.9616052343,0.0,False,liquidate,-0.2113526076824542,8,沪深300;创业板;纳指;黄金;军工ETF;有色ETF;证券ETF;酒ETF,沪深300;创业板;纳指;黄金,军工ETF;有色ETF;证券ETF;酒ETF
2020-08-12,891690.7250942506,0.0,891690.7250942506,0.0,False,liquidate,-0.2112900166195718,8,沪深300;创业板;纳指;黄金;军工ETF;证券ETF;有色ETF;酒ETF,沪深300;创业板;纳指;黄金,军工ETF;证券ETF;有色ETF;酒ETF
2020-08-13,891761.4941994168,0.0,891761.4941994168,0.0,False,liquidate,-0.2112274205891448,8,沪深300;创业板;纳指;黄金;军工ETF;证券ETF;有色ETF;酒ETF,沪深300;创业板;纳指;黄金,军工ETF;证券ETF;有色ETF;酒ETF
2020-08-14,891832.2689211788,0.0,891832.2689211788,0.0,False,liquidate,-0.2111648195907788,8,沪深300;创业板;纳指;黄金;军工ETF;酒ETF;证券ETF;有色ETF,沪深300;创业板;纳指;黄金,军工ETF;酒ETF;证券ETF;有色ETF
2020-08-17,891903.0492599821,0.0,891903.0492599821,0.0,False,liquidate,-0.2111022136240796,8,沪深300;创业板;纳指;黄金;军工ETF;证券ETF;酒ETF;有色ETF,沪深300;创业板;纳指;黄金,军工ETF;证券ETF;酒ETF;有色ETF
2020-08-18,891973.8352162726,0.0,891973.8352162726,0.0,False,liquidate,-0.21103960268865288,8,沪深300;创业板;纳指;黄金;军工ETF;证券ETF;酒ETF;有色ETF,沪深300;创业板;纳指;黄金,军工ETF;证券ETF;酒ETF;有色ETF
2020-08-19,892044.6267904962,0.0,892044.6267904962,0.0,False,liquidate,-0.21097698678410434,8,沪深300;创业板;纳指;黄金;军工ETF;酒ETF;证券ETF;有色ETF,沪深300;创业板;纳指;黄金,军工ETF;酒ETF;证券ETF;有色ETF
2020-08-20,892115.4239830986,0.0,892115.4239830986,0.0,False,liquidate,-0.2109143659100396,8,沪深300;创业板;纳指;黄金;军工ETF;证券ETF;酒ETF;有色ETF,沪深300;创业板;纳指;黄金,军工ETF;证券ETF;酒ETF;有色ETF
2020-08-21,892186.2267945259,0.0,892186.2267945259,0.0,False,liquidate,-0.21085174006606416,8,沪深300;创业板;纳指;黄金;军工ETF;证券ETF;酒ETF;有色ETF,沪深300;创业板;纳指;黄金,军工ETF;证券ETF;酒ETF;有色ETF
2020-08-24,892257.0352252239,0.0,892257.0352252239,0.0,False,liquidate,-0.21078910925178365,8,沪深300;创业板;纳指;黄金;军工ETF;证券ETF;酒ETF;有色ETF,沪深300;创业板;纳指;黄金,军工ETF;证券ETF;酒ETF;有色ETF
2020-08-25,892327.8492756386,0.0,892327.8492756386,0.0,False,liquidate,-0.21072647346680362,8,沪深300;创业板;纳指;黄金;酒ETF;军工ETF;证券ETF;有色ETF,沪深300;创业板;纳指;黄金,酒ETF;军工ETF;证券ETF;有色ETF
2020-08-26,892398.668946216,0.0,892398.668946216,0.0,False,liquidate,-0.21066383271072958,8,沪深300;创业板;纳指;黄金;酒ETF;军工ETF;证券ETF;有色ETF,沪深300;创业板;纳指;黄金,酒ETF;军工ETF;证券ETF;有色ETF
2020-08-27,892469.4942374022,0.0,892469.4942374022,0.0,False,liquidate,-0.21060118698316693,8,沪深300;创业板;纳指;黄金;酒ETF;军工ETF;证券ETF;有色ETF,沪深300;创业板;纳指;黄金,酒ETF;军工ETF;证券ETF;有色ETF
2020-08-28,892540.3251496434,0.0,892540.3251496434,0.0,False,liquidate,-0.21053853628372107,8,沪深300;创业板;纳指;黄金;酒ETF;证券ETF;军工ETF;有色ETF,沪深300;创业板;纳指;黄金,酒ETF;证券ETF;军工ETF;有色ETF
2020-08-31,892611.1616833854,0.0,892611.1616833854,0.0,False,liquidate,-0.21047588061199757,8,沪深300;创业板;纳指;黄金;酒ETF;军工ETF;证券ETF;有色ETF,沪深300;创业板;纳指;黄金,酒ETF;军工ETF;证券ETF;有色ETF
2020-09-01,892682.0038390745,0.0,892682.0038390745,0.0,False,liquidate,-0.21041321996760173,8,沪深300;创业板;纳指;黄金;酒ETF;军工ETF;证券ETF;有色ETF,沪深300;创业板;纳指;黄金,酒ETF;军工ETF;证券ETF;有色ETF
2020-09-02,892752.851617157,0.0,892752.851617157,0.0,False,liquidate,-0.21035055435013883,8,沪深300;创业板;纳指;黄金;酒ETF;军工ETF;证券ETF;有色ETF,沪深300;创业板;纳指;黄金,酒ETF;军工ETF;证券ETF;有色ETF
2020-09-03,892823.705018079,0.0,892823.705018079,0.0,False,liquidate,-0.2102878837592142,7,沪深300;纳指;黄金;酒ETF;证券ETF;军工ETF;有色ETF,沪深300;纳指;黄金,酒ETF;证券ETF;军工ETF;有色ETF
2020-09-04,892894.5640422868,0.0,892894.5640422868,0.0,False,liquidate,-0.21022520819443316,6,纳指;黄金;酒ETF;证券ETF;军工ETF;有色ETF,纳指;黄金,酒ETF;证券ETF;军工ETF;有色ETF
2020-09-07,892965.4286902267,0.0,892965.4286902267,0.0,False,liquidate,-0.21016252765540094,6,纳指;黄金;酒ETF;证券ETF;军工ETF;有色ETF,纳指;黄金,酒ETF;证券ETF;军工ETF;有色ETF
2020-09-08,893036.2989623451,0.0,893036.2989623451,0.0,False,liquidate,-0.2100998421417227,6,纳指;黄金;酒ETF;证券ETF;军工ETF;有色ETF,纳指;黄金,酒ETF;证券ETF;军工ETF;有色ETF
2020-09-09,893107.1748590881,0.0,893107.1748590881,0.0,False,liquidate,-0.2100371516530038,7,沪深300;纳指;黄金;酒ETF;证券ETF;军工ETF;有色ETF,沪深300;纳指;黄金,酒ETF;证券ETF;军工ETF;有色ETF
2020-09-10,893178.0563809024,0.0,893178.0563809024,0.0,False,liquidate,-0.20997445618884922,7,沪深300;纳指;黄金;酒ETF;证券ETF;有色ETF;军工ETF,沪深300;纳指;黄金,酒ETF;证券ETF;有色ETF;军工ETF
2020-09-11,893248.9435282343,0.0,893248.9435282343,0.0,False,liquidate,-0.2099117557488642,6,纳指;黄金;酒ETF;证券ETF;军工ETF;有色ETF,纳指;黄金,酒ETF;证券ETF;军工ETF;有色ETF
2020-09-14,893319.8363015302,0.0,893319.8363015302,0.0,False,liquidate,-0.20984905033265372,6,纳指;黄金;酒ETF;有色ETF;证券ETF;军工ETF,纳指;黄金,酒ETF;有色ETF;证券ETF;军工ETF
2020-09-15,893390.7347012367,0.0,893390.7347012367,0.0,False,liquidate,-0.20978633993982296,6,纳指;黄金;酒ETF;有色ETF;军工ETF;证券ETF,纳指;黄金,酒ETF;有色ETF;军工ETF;证券ETF
2020-09-16,893461.6387278003,0.0,893461.6387278003,0.0,False,liquidate,-0.2097236245699769,6,纳指;黄金;酒ETF;有色ETF;军工ETF;证券ETF,纳指;黄金,酒ETF;有色ETF;军工ETF;证券ETF
2020-09-17,893532.5483816677,0.0,893532.5483816677,0.0,False,liquidate,-0.20966090422272046,6,沪深300;纳指;酒ETF;有色ETF;军工ETF;证券ETF,沪深300;纳指,酒ETF;有色ETF;军工ETF;证券ETF
2020-09-18,893603.4636632854,0.0,893603.4636632854,0.0,False,liquidate,-0.20959817889765872,6,沪深300;纳指;酒ETF;证券ETF;有色ETF;军工ETF,沪深300;纳指,酒ETF;证券ETF;有色ETF;军工ETF
2020-09-21,893674.3845730999,0.0,893674.3845730999,0.0,False,liquidate,-0.20953544859439663,6,沪深300;纳指;军工ETF;有色ETF;酒ETF;证券ETF,沪深300;纳指,军工ETF;有色ETF;酒ETF;证券ETF
2020-09-22,893745.3111115581,0.0,893745.3111115581,0.0,False,liquidate,-0.20947271331253903,5,纳指;军工ETF;证券ETF;有色ETF;酒ETF,纳指,军工ETF;证券ETF;有色ETF;酒ETF
2020-09-23,893816.2432791067,0.0,893816.2432791067,0.0,False,liquidate,-0.2094099730516908,5,纳指;军工ETF;证券ETF;有色ETF;酒ETF,纳指,军工ETF;证券ETF;有色ETF;酒ETF
2020-09-24,893887.1810761924,0.0,893887.1810761924,0.0,False,liquidate,-0.2093472278114567,5,纳指;军工ETF;证券ETF;有色ETF;酒ETF,纳指,军工ETF;证券ETF;有色ETF;酒ETF
2020-09-25,893958.124503262,0.0,893958.124503262,0.0,False,liquidate,-0.20928447759144173,5,纳指;军工ETF;证券ETF;酒ETF;有色ETF,纳指,军工ETF;证券ETF;酒ETF;有色ETF
2020-09-28,894029.0735607623,0.0,894029.0735607623,0.0,False,liquidate,-0.20922172239125048,5,纳指;证券ETF;酒ETF;军工ETF;有色ETF,纳指,证券ETF;酒ETF;军工ETF;有色ETF
2020-09-29,894100.0282491402,0.0,894100.0282491402,0.0,False,liquidate,-0.20915896221048783,5,纳指;军工ETF;证券ETF;酒ETF;有色ETF,纳指,军工ETF;证券ETF;酒ETF;有色ETF
2020-09-30,894170.9885688426,0.0,894170.9885688426,0.0,False,liquidate,-0.20909619704875843,5,纳指;军工ETF;证券ETF;酒ETF;有色ETF,纳指,军工ETF;证券ETF;酒ETF;有色ETF
2020-10-09,894241.9545203164,0.0,894241.9545203164,0.0,False,liquidate,-0.20903342690566698,5,纳指;军工ETF;证券ETF;酒ETF;创新药ETF,纳指,军工ETF;证券ETF;酒ETF;创新药ETF
2020-10-12,894312.9261040086,0.0,894312.9261040086,0.0,False,liquidate,-0.2089706517808182,7,沪深300;创业板;纳指;军工ETF;证券ETF;酒ETF;创新药ETF,沪深300;创业板;纳指,军工ETF;证券ETF;酒ETF;创新药ETF
2020-10-13,894383.903320366,0.0,894383.903320366,0.0,False,liquidate,-0.20890787167381664,7,沪深300;创业板;纳指;军工ETF;酒ETF;创新药ETF;证券ETF,沪深300;创业板;纳指,军工ETF;酒ETF;创新药ETF;证券ETF
2020-10-14,894454.8861698359,0.0,894454.8861698359,0.0,False,liquidate,-0.20884508658426695,7,沪深300;创业板;纳指;酒ETF;军工ETF;创新药ETF;半导体ETF,沪深300;创业板;纳指,酒ETF;军工ETF;创新药ETF;半导体ETF
2020-10-15,894525.8746528653,0.0,894525.8746528653,0.0,False,liquidate,-0.20878229651177357,7,沪深300;创业板;纳指;军工ETF;酒ETF;创新药ETF;半导体ETF,沪深300;创业板;纳指,军工ETF;酒ETF;创新药ETF;半导体ETF
2020-10-16,894596.8687699013,0.0,894596.8687699013,0.0,False,liquidate,-0.20871950145594112,7,沪深300;创业板;纳指;军工ETF;证券ETF;酒ETF;创新药ETF,沪深300;创业板;纳指,军工ETF;证券ETF;酒ETF;创新药ETF
2020-10-19,894667.8685213911,0.0,894667.8685213911,0.0,False,liquidate,-0.2086567014163741,5,纳指;军工ETF;酒ETF;创新药ETF;证券ETF,纳指,军工ETF;酒ETF;创新药ETF;证券ETF
2020-10-20,894738.8739077817,0.0,894738.8739077817,0.0,True,liquidate,-0.20859389639267698,0,,创业板;纳指,酒ETF;军工ETF;证券ETF;创新药ETF
2020-10-21,894738.8739077817,0.0,894738.8739077817,0.0,True,liquidate,-0.20859389639267698,0,,沪深300;创业板;纳指,酒ETF;军工ETF;创新药ETF;证券ETF
2020-10-22,894738.8739077817,0.0,894738.8739077817,0.0,True,liquidate,-0.20859389639267698,0,,沪深300;创业板;纳指,酒ETF;证券ETF;创新药ETF;军工ETF
2020-10-23,894738.8739077817,0.0,894738.8739077817,0.0,True,liquidate,-0.20859389639267698,0,,沪深300;纳指,酒ETF;证券ETF;军工ETF;创新药ETF
2020-10-26,894738.8739077817,0.0,894738.8739077817,0.0,True,liquidate,-0.20859389639267698,0,,纳指,酒ETF;创新药ETF;军工ETF;证券ETF
2020-10-27,894738.8739077817,0.0,894738.8739077817,0.0,True,liquidate,-0.20859389639267698,0,,国债ETF,酒ETF;创新药ETF;军工ETF;有色ETF
2020-10-28,894738.8739077817,0.0,894738.8739077817,0.0,True,liquidate,-0.20859389639267698,0,,沪深300;创业板;国债ETF,酒ETF;有色ETF;军工ETF;创新药ETF
2020-10-29,894738.8739077817,0.0,894738.8739077817,0.0,True,liquidate,-0.20859389639267698,0,,沪深300;创业板;国债ETF,酒ETF;有色ETF;创新药ETF;军工ETF
2020-10-30,894738.8739077817,0.0,894738.8739077817,0.0,True,liquidate,-0.20859389639267698,0,,国债ETF,酒ETF;有色ETF;军工ETF;创新药ETF
2020-11-02,894738.8739077817,0.0,894738.8739077817,0.0,True,liquidate,-0.20859389639267698,0,,国债ETF,酒ETF;有色ETF;半导体ETF;创新药ETF
2020-11-03,894738.8739077817,0.0,894738.8739077817,0.0,True,liquidate,-0.20859389639267698,0,,国债ETF,酒ETF;有色ETF;半导体ETF;创新药ETF
2020-11-04,894738.8739077817,0.0,894738.8739077817,0.0,True,liquidate,-0.20859389639267698,0,,国债ETF,酒ETF;有色ETF;半导体ETF;创新药ETF
2020-11-05,894738.8739077817,0.0,894738.8739077817,0.0,True,liquidate,-0.20859389639267698,0,,沪深300;创业板;国债ETF,酒ETF;有色ETF;创新药ETF;半导体ETF
2020-11-06,894738.8739077817,0.0,894738.8739077817,0.0,True,liquidate,-0.20859389639267698,0,,沪深300;国债ETF,酒ETF;有色ETF;半导体ETF;证券ETF
2020-11-09,894738.8739077817,0.0,894738.8739077817,0.0,True,liquidate,-0.20859389639267698,0,,沪深300;创业板;纳指;国债ETF,酒ETF;有色ETF;半导体ETF;证券ETF
2020-11-10,894738.8739077817,0.0,894738.8739077817,0.0,True,liquidate,-0.20859389639267698,0,,沪深300;创业板;国债ETF,酒ETF;有色ETF;半导体ETF;证券ETF
2020-11-11,894738.8739077817,0.0,894738.8739077817,0.0,True,liquidate,-0.20859389639267698,0,,沪深300;创业板;国债ETF,酒ETF;有色ETF;半导体ETF;证券ETF
2020-11-12,894738.8739077817,0.0,894738.8739077817,0.0,True,liquidate,-0.20859389639267698,0,,沪深300;创业板,酒ETF;有色ETF;半导体ETF;证券ETF
2020-11-13,894738.8739077817,0.0,894738.8739077817,0.0,True,liquidate,-0.20859389639267698,0,,沪深300;创业板,酒ETF;有色ETF;半导体ETF;创新药ETF
2020-11-16,894738.8739077817,0.0,894738.8739077817,0.0,True,liquidate,-0.20859389639267698,0,,沪深300;创业板;国债ETF,酒ETF;有色ETF;半导体ETF;创新药ETF
2020-11-17,894738.8739077817,0.0,894738.8739077817,0.0,True,liquidate,-0.20859389639267698,0,,沪深300;创业板,酒ETF;有色ETF;半导体ETF;证券ETF
2020-11-18,894738.8739077817,0.0,894738.8739077817,0.0,True,liquidate,-0.20859389639267698,0,,沪深300;创业板,酒ETF;有色ETF;半导体ETF;证券ETF
2020-11-19,894738.8739077817,0.0,894738.8739077817,0.0,True,liquidate,-0.20859389639267698,0,,沪深300;创业板,酒ETF;有色ETF;半导体ETF;军工ETF
2020-11-20,894738.8739077817,0.0,894738.8739077817,0.0,True,liquidate,-0.20859389639267698,0,,沪深300;创业板,酒ETF;有色ETF;半导体ETF;军工ETF
2020-11-23,894738.8739077817,0.0,894738.8739077817,0.0,True,liquidate,-0.20859389639267698,0,,沪深300;创业板,酒ETF;有色ETF;半导体ETF;证券ETF
2020-11-24,894738.8739077817,0.0,894738.8739077817,0.0,True,liquidate,-0.20859389639267698,0,,沪深300;创业板,有色ETF;酒ETF;半导体ETF;军工ETF
2020-11-25,894738.8739077817,0.0,894738.8739077817,0.0,True,liquidate,-0.20859389639267698,0,,沪深300;创业板,有色ETF;酒ETF;半导体ETF;军工ETF
2020-11-26,894738.8739077817,0.0,894738.8739077817,0.0,True,liquidate,-0.20859389639267698,0,,沪深300;创业板,有色ETF;酒ETF;半导体ETF;军工ETF
2020-11-27,894738.8739077817,0.0,894738.8739077817,0.0,True,liquidate,-0.20859389639267698,0,,沪深300;创业板,有色ETF;酒ETF;军工ETF;半导体ETF
2020-11-30,894738.8739077817,0.0,894738.8739077817,0.0,True,liquidate,-0.20859389639267698,0,,沪深300;创业板,有色ETF;酒ETF;军工ETF;半导体ETF
2020-12-01,894738.8739077817,0.0,894738.8739077817,0.0,True,liquidate,-0.20859389639267698,0,,沪深300;创业板,有色ETF;酒ETF;证券ETF;半导体ETF
2020-12-02,894738.8739077817,0.0,894738.8739077817,0.0,True,liquidate,-0.20859389639267698,0,,沪深300;创业板,有色ETF;酒ETF;半导体ETF;证券ETF
2020-12-03,894738.8739077817,0.0,894738.8739077817,0.0,True,liquidate,-0.20859389639267698,0,,沪深300;创业板;国债ETF,有色ETF;酒ETF;证券ETF;军工ETF
2020-12-04,894738.8739077817,0.0,894738.8739077817,0.0,True,liquidate,-0.20859389639267698,0,,沪深300;国债ETF,酒ETF;有色ETF;军工ETF;证券ETF
2020-12-07,894738.8739077817,0.0,894738.8739077817,0.0,True,liquidate,-0.20859389639267698,0,,沪深300;国债ETF,有色ETF;酒ETF;军工ETF;半导体ETF
2020-12-08,894738.8739077817,0.0,894738.8739077817,0.0,True,liquidate,-0.20859389639267698,0,,沪深300;国债ETF,酒ETF;有色ETF;军工ETF;半导体ETF
2020-12-09,894738.8739077817,0.0,894738.8739077817,0.0,False,liquidate,-0.20859389639267698,6,沪深300;国债ETF;有色ETF;酒ETF;军工ETF;半导体ETF,沪深300;国债ETF,有色ETF;酒ETF;军工ETF;半导体ETF
2020-12-10,894809.8849295204,0.0,894809.8849295204,0.0,False,liquidate,-0.2085310863844541,6,沪深300;国债ETF;酒ETF;有色ETF;军工ETF;半导体ETF,沪深300;国债ETF,酒ETF;有色ETF;军工ETF;半导体ETF
2020-12-11,894880.9015870546,0.0,894880.9015870546,0.0,False,liquidate,-0.20846827139130997,6,沪深300;创业板;酒ETF;军工ETF;有色ETF;半导体ETF,沪深300;创业板,酒ETF;军工ETF;有色ETF;半导体ETF
2020-12-14,894951.9238808313,0.0,894951.9238808313,0.0,False,liquidate,-0.20840545141284897,5,沪深300;酒ETF;军工ETF;有色ETF;半导体ETF,沪深300,酒ETF;军工ETF;有色ETF;半导体ETF
2020-12-15,895022.9518112981,0.0,895022.9518112981,0.0,False,liquidate,-0.20834262644867532,6,沪深300;创业板;酒ETF;军工ETF;有色ETF;创新药ETF,沪深300;创业板,酒ETF;军工ETF;有色ETF;创新药ETF
2020-12-16,895093.9853789023,0.0,895093.9853789023,0.0,False,liquidate,-0.2082797964983934,6,沪深300;创业板;酒ETF;有色ETF;创新药ETF;军工ETF,沪深300;创业板,酒ETF;有色ETF;创新药ETF;军工ETF
2020-12-17,895165.0245840912,0.0,895165.0245840912,0.0,False,liquidate,-0.20821696156160752,6,沪深300;创业板;酒ETF;创新药ETF;有色ETF;军工ETF,沪深300;创业板,酒ETF;创新药ETF;有色ETF;军工ETF
2020-12-18,895236.0694273121,0.0,895236.0694273121,0.0,False,liquidate,-0.2081541216379219,6,沪深300;创业板;酒ETF;创新药ETF;有色ETF;军工ETF,沪深300;创业板,酒ETF;创新药ETF;有色ETF;军工ETF
2020-12-21,895307.1199090127,0.0,895307.1199090127,0.0,False,liquidate,-0.2080912767269408,6,沪深300;创业板;酒ETF;创新药ETF;有色ETF;军工ETF,沪深300;创业板,酒ETF;创新药ETF;有色ETF;军工ETF
2020-12-22,895378.1760296405,0.0,895378.1760296405,0.0,False,liquidate,-0.20802842682826825,7,沪深300;创业板;国债ETF;酒ETF;创新药ETF;有色ETF;军工ETF,沪深300;创业板;国债ETF,酒ETF;创新药ETF;有色ETF;军工ETF
2020-12-23,895449.2377896429,0.0,895449.2377896429,0.0,False,liquidate,-0.20796557194150855,8,沪深300;创业板;纳指;国债ETF;酒ETF;创新药ETF;有色ETF;军工ETF,沪深300;创业板;纳指;国债ETF,酒ETF;创新药ETF;有色ETF;军工ETF
2020-12-24,895520.3051894675,0.0,895520.3051894675,0.0,False,liquidate,-0.2079027120662658,8,沪深300;创业板;纳指;国债ETF;酒ETF;有色ETF;创新药ETF;军工ETF,沪深300;创业板;纳指;国债ETF,酒ETF;有色ETF;创新药ETF;军工ETF
2020-12-25,895591.378229562,0.0,895591.378229562,0.0,False,liquidate,-0.207839847202144,8,沪深300;创业板;纳指;国债ETF;酒ETF;有色ETF;创新药ETF;军工ETF,沪深300;创业板;纳指;国债ETF,酒ETF;有色ETF;创新药ETF;军工ETF
2020-12-28,895662.4569103739,0.0,895662.4569103739,0.0,False,liquidate,-0.2077769773487473,6,沪深300;创业板;酒ETF;有色ETF;军工ETF;创新药ETF,沪深300;创业板,酒ETF;有色ETF;军工ETF;创新药ETF
2020-12-29,895733.541232351,0.0,895733.541232351,0.0,False,liquidate,-0.20771410250567968,6,沪深300;创业板;酒ETF;有色ETF;军工ETF;创新药ETF,沪深300;创业板,酒ETF;有色ETF;军工ETF;创新药ETF
2020-12-30,895804.6311959409,0.0,895804.6311959409,0.0,False,liquidate,-0.20765122267254515,7,沪深300;创业板;国债ETF;酒ETF;有色ETF;军工ETF;创新药ETF,沪深300;创业板;国债ETF,酒ETF;有色ETF;军工ETF;创新药ETF
2020-12-31,895875.7268015915,0.0,895875.7268015915,0.0,False,liquidate,-0.20758833784894765,7,沪深300;创业板;国债ETF;酒ETF;有色ETF;军工ETF;创新药ETF,沪深300;创业板;国债ETF,酒ETF;有色ETF;军工ETF;创新药ETF
2021-01-04,895946.8280497503,0.0,895946.8280497503,0.0,False,liquidate,-0.20752544803449124,7,沪深300;创业板;国债ETF;酒ETF;有色ETF;军工ETF;创新药ETF,沪深300;创业板;国债ETF,酒ETF;有色ETF;军工ETF;创新药ETF
2021-01-05,896017.9349408654,0.0,896017.9349408654,0.0,True,liquidate,-0.20746255322877966,0,,沪深300;创业板;黄金;国债ETF,酒ETF;有色ETF;军工ETF;创新药ETF
2021-01-06,896017.9349408654,0.0,896017.9349408654,0.0,True,liquidate,-0.20746255322877966,0,,沪深300;创业板;黄金;国债ETF,酒ETF;军工ETF;有色ETF;创新药ETF
2021-01-07,896017.9349408654,0.0,896017.9349408654,0.0,True,liquidate,-0.20746255322877966,0,,沪深300;创业板;黄金;国债ETF,酒ETF;有色ETF;军工ETF;创新药ETF
2021-01-08,896017.9349408654,0.0,896017.9349408654,0.0,True,liquidate,-0.20746255322877966,0,,沪深300;创业板;国债ETF,酒ETF;有色ETF;军工ETF;创新药ETF
2021-01-11,896017.9349408654,0.0,896017.9349408654,0.0,True,liquidate,-0.20746255322877966,0,,沪深300;创业板;国债ETF,有色ETF;酒ETF;军工ETF;创新药ETF
2021-01-12,896017.9349408654,0.0,896017.9349408654,0.0,True,liquidate,-0.20746255322877966,0,,沪深300;创业板;国债ETF,酒ETF;有色ETF;军工ETF;证券ETF
2021-01-13,896017.9349408654,0.0,896017.9349408654,0.0,True,liquidate,-0.20746255322877966,0,,沪深300;创业板;国债ETF,军工ETF;有色ETF;酒ETF;半导体ETF
2021-01-14,896017.9349408654,0.0,896017.9349408654,0.0,True,liquidate,-0.20746255322877966,0,,沪深300;创业板;纳指;国债ETF,军工ETF;酒ETF;有色ETF;半导体ETF
2021-01-15,896017.9349408654,0.0,896017.9349408654,0.0,True,liquidate,-0.20746255322877966,0,,沪深300;创业板;国债ETF,军工ETF;有色ETF;酒ETF;半导体ETF
2021-01-18,896017.9349408654,0.0,896017.9349408654,0.0,True,liquidate,-0.20746255322877966,0,,沪深300;创业板;国债ETF,军工ETF;有色ETF;酒ETF;半导体ETF
2021-01-19,896017.9349408654,0.0,896017.9349408654,0.0,True,liquidate,-0.20746255322877966,0,,沪深300;创业板;纳指;黄金;国债ETF,军工ETF;有色ETF;半导体ETF;酒ETF
2021-01-20,896017.9349408654,0.0,896017.9349408654,0.0,True,liquidate,-0.20746255322877966,0,,沪深300;创业板;纳指;黄金;国债ETF,有色ETF;军工ETF;半导体ETF;酒ETF
2021-01-21,896017.9349408654,0.0,896017.9349408654,0.0,True,liquidate,-0.20746255322877966,0,,沪深300;创业板;纳指;黄金;国债ETF,有色ETF;军工ETF;酒ETF;半导体ETF
2021-01-22,896017.9349408654,0.0,896017.9349408654,0.0,True,liquidate,-0.20746255322877966,0,,沪深300;创业板;纳指;黄金;国债ETF,有色ETF;军工ETF;酒ETF;半导体ETF
2021-01-25,896017.9349408654,0.0,896017.9349408654,0.0,True,liquidate,-0.20746255322877966,0,,沪深300;创业板;纳指;黄金;国债ETF,有色ETF;军工ETF;酒ETF;创新药ETF
2021-01-26,896017.9349408654,0.0,896017.9349408654,0.0,True,liquidate,-0.20746255322877966,0,,沪深300;创业板;纳指;黄金;国债ETF,有色ETF;酒ETF;创新药ETF;军工ETF
2021-01-27,896017.9349408654,0.0,896017.9349408654,0.0,True,liquidate,-0.20746255322877966,0,,沪深300;创业板;纳指;黄金;国债ETF,有色ETF;酒ETF;创新药ETF;半导体ETF
2021-01-28,896017.9349408654,0.0,896017.9349408654,0.0,True,liquidate,-0.20746255322877966,0,,沪深300;创业板;黄金;国债ETF,有色ETF;酒ETF;创新药ETF;军工ETF
2021-01-29,896017.9349408654,0.0,896017.9349408654,0.0,True,liquidate,-0.20746255322877966,0,,沪深300;创业板;黄金;国债ETF,有色ETF;酒ETF;创新药ETF;半导体ETF
2021-02-01,896017.9349408654,0.0,896017.9349408654,0.0,True,liquidate,-0.20746255322877966,0,,沪深300;创业板;纳指;黄金;国债ETF,有色ETF;创新药ETF;酒ETF;证券ETF
2021-02-02,896017.9349408654,0.0,896017.9349408654,0.0,True,liquidate,-0.20746255322877966,0,,沪深300;创业板;纳指;国债ETF,有色ETF;创新药ETF;酒ETF;半导体ETF
2021-02-03,896017.9349408654,0.0,896017.9349408654,0.0,True,liquidate,-0.20746255322877966,0,,沪深300;创业板;纳指;国债ETF,有色ETF;创新药ETF;酒ETF;半导体ETF
2021-02-04,896017.9349408654,0.0,896017.9349408654,0.0,True,liquidate,-0.20746255322877966,0,,沪深300;创业板;纳指;国债ETF,酒ETF;创新药ETF;有色ETF;半导体ETF
2021-02-05,896017.9349408654,0.0,896017.9349408654,0.0,True,liquidate,-0.20746255322877966,0,,沪深300;创业板;纳指;国债ETF,酒ETF;创新药ETF;有色ETF;证券ETF
2021-02-08,896017.9349408654,0.0,896017.9349408654,0.0,True,liquidate,-0.20746255322877966,0,,沪深300;纳指;国债ETF,酒ETF;创新药ETF;有色ETF;半导体ETF
2021-02-09,896017.9349408654,0.0,896017.9349408654,0.0,True,liquidate,-0.20746255322877966,0,,沪深300;创业板;纳指;国债ETF,创新药ETF;酒ETF;有色ETF;军工ETF
2021-02-10,896017.9349408654,0.0,896017.9349408654,0.0,True,liquidate,-0.20746255322877966,0,,沪深300;创业板;纳指;国债ETF,酒ETF;创新药ETF;有色ETF;军工ETF
2021-02-18,896017.9349408654,0.0,896017.9349408654,0.0,True,liquidate,-0.20746255322877966,0,,沪深300;创业板;纳指;国债ETF,有色ETF;酒ETF;创新药ETF;军工ETF
2021-02-19,896017.9349408654,0.0,896017.9349408654,0.0,True,liquidate,-0.20746255322877966,0,,沪深300;创业板;纳指;国债ETF,有色ETF;酒ETF;创新药ETF;军工ETF
2021-02-22,896017.9349408654,0.0,896017.9349408654,0.0,True,liquidate,-0.20746255322877966,0,,沪深300;创业板;纳指;国债ETF,有色ETF;酒ETF;创新药ETF;军工ETF
2021-02-23,896017.9349408654,0.0,896017.9349408654,0.0,True,liquidate,-0.20746255322877966,0,,沪深300;创业板;纳指;国债ETF,有色ETF;酒ETF;创新药ETF;军工ETF
2021-02-24,896017.9349408654,0.0,896017.9349408654,0.0,True,liquidate,-0.20746255322877966,0,,沪深300;创业板;纳指;国债ETF,有色ETF;创新药ETF;酒ETF;军工ETF
2021-02-25,896017.9349408654,0.0,896017.9349408654,0.0,True,liquidate,-0.20746255322877966,0,,沪深300;创业板;纳指;国债ETF,有色ETF;酒ETF;创新药ETF;军工ETF
2021-02-26,896017.9349408654,0.0,896017.9349408654,0.0,True,liquidate,-0.20746255322877966,0,,沪深300;创业板;国债ETF,有色ETF;创新药ETF;酒ETF;军工ETF
2021-03-01,896017.9349408654,0.0,896017.9349408654,0.0,True,liquidate,-0.20746255322877966,0,,沪深300;创业板;国债ETF,有色ETF;创新药ETF;军工ETF;酒ETF
2021-03-02,896017.9349408654,0.0,896017.9349408654,0.0,True,liquidate,-0.20746255322877966,0,,沪深300;创业板;纳指;国债ETF,有色ETF;创新药ETF;军工ETF;半导体ETF
2021-03-03,896017.9349408654,0.0,896017.9349408654,0.0,True,liquidate,-0.20746255322877966,0,,沪深300;创业板;国债ETF,有色ETF;创新药ETF;酒ETF;军工ETF
2021-03-04,896017.9349408654,0.0,896017.9349408654,0.0,True,liquidate,-0.20746255322877966,0,,国债ETF,有色ETF;军工ETF;创新药ETF;半导体ETF
2021-03-05,896017.9349408654,0.0,896017.9349408654,0.0,True,liquidate,-0.20746255322877966,0,,国债ETF,有色ETF;军工ETF;创新药ETF;半导体ETF
2021-03-08,896017.9349408654,0.0,896017.9349408654,0.0,True,liquidate,-0.20746255322877966,0,,国债ETF,有色ETF;创新药ETF;证券ETF;军工ETF
2021-03-09,896017.9349408654,0.0,896017.9349408654,0.0,True,liquidate,-0.20746255322877966,0,,国债ETF,有色ETF;证券ETF;创新药ETF;军工ETF
2021-03-10,896017.9349408654,0.0,896017.9349408654,0.0,True,liquidate,-0.20746255322877966,0,,纳指;国债ETF,有色ETF;创新药ETF;证券ETF;军工ETF
2021-03-11,896017.9349408654,0.0,896017.9349408654,0.0,True,liquidate,-0.20746255322877966,0,,国债ETF,有色ETF;创新药ETF;证券ETF;军工ETF
2021-03-12,896017.9349408654,0.0,896017.9349408654,0.0,True,liquidate,-0.20746255322877966,0,,国债ETF,有色ETF;证券ETF;创新药ETF;军工ETF
2021-03-15,896017.9349408654,0.0,896017.9349408654,0.0,True,liquidate,-0.20746255322877966,0,,纳指;国债ETF,有色ETF;证券ETF;创新药ETF;军工ETF
2021-03-16,896017.9349408654,0.0,896017.9349408654,0.0,True,liquidate,-0.20746255322877966,0,,纳指,有色ETF;证券ETF;军工ETF;创新药ETF
2021-03-17,896017.9349408654,0.0,896017.9349408654,0.0,True,liquidate,-0.20746255322877966,0,,纳指,有色ETF;证券ETF;军工ETF;创新药ETF
2021-03-18,896017.9349408654,0.0,896017.9349408654,0.0,True,liquidate,-0.20746255322877966,0,,纳指,有色ETF;创新药ETF;军工ETF;证券ETF
2021-03-19,896017.9349408654,0.0,896017.9349408654,0.0,True,liquidate,-0.20746255322877966,0,,纳指,军工ETF;创新药ETF;有色ETF;证券ETF
2021-03-22,896017.9349408654,0.0,896017.9349408654,0.0,True,liquidate,-0.20746255322877966,0,,纳指;国债ETF,证券ETF;创新药ETF;有色ETF;军工ETF
2021-03-23,896017.9349408654,0.0,896017.9349408654,0.0,True,liquidate,-0.20746255322877966,0,,纳指,证券ETF;创新药ETF;有色ETF;军工ETF
2021-03-24,896017.9349408654,0.0,896017.9349408654,0.0,True,liquidate,-0.20746255322877966,0,,,证券ETF;创新药ETF;酒ETF;有色ETF
2021-03-25,896017.9349408654,0.0,896017.9349408654,0.0,True,liquidate,-0.20746255322877966,0,,国债ETF,创新药ETF;证券ETF;酒ETF;有色ETF
2021-03-26,896017.9349408654,0.0,896017.9349408654,0.0,True,liquidate,-0.20746255322877966,0,,,创新药ETF;酒ETF;证券ETF;有色ETF
2021-03-29,896017.9349408654,0.0,896017.9349408654,0.0,True,liquidate,-0.20746255322877966,0,,国债ETF,创新药ETF;酒ETF;证券ETF;有色ETF
2021-03-30,896017.9349408654,0.0,896017.9349408654,0.0,True,liquidate,-0.20746255322877966,0,,国债ETF,创新药ETF;有色ETF;酒ETF;证券ETF
2021-03-31,896017.9349408654,0.0,896017.9349408654,0.0,True,liquidate,-0.20746255322877966,0,,国债ETF,创新药ETF;酒ETF;有色ETF;证券ETF
2021-04-01,896017.9349408654,0.0,896017.9349408654,0.0,True,liquidate,-0.20746255322877966,0,,纳指;国债ETF,创新药ETF;酒ETF;有色ETF;证券ETF
2021-04-02,896017.9349408654,0.0,896017.9349408654,0.0,True,liquidate,-0.20746255322877966,0,,纳指;国债ETF,创新药ETF;酒ETF;有色ETF;证券ETF
2021-04-06,896017.9349408654,0.0,896017.9349408654,0.0,True,liquidate,-0.20746255322877966,0,,纳指;国债ETF,创新药ETF;酒ETF;有色ETF;证券ETF
2021-04-07,896017.9349408654,0.0,896017.9349408654,0.0,True,liquidate,-0.20746255322877966,0,,纳指;国债ETF,创新药ETF;有色ETF;酒ETF;证券ETF
2021-04-08,896017.9349408654,0.0,896017.9349408654,0.0,True,liquidate,-0.20746255322877966,0,,纳指;国债ETF,创新药ETF;酒ETF;有色ETF;证券ETF
2021-04-09,896017.9349408654,0.0,896017.9349408654,0.0,True,liquidate,-0.20746255322877966,0,,纳指;国债ETF,创新药ETF;有色ETF;酒ETF;证券ETF
2021-04-12,896017.9349408654,0.0,896017.9349408654,0.0,True,liquidate,-0.20746255322877966,0,,纳指;国债ETF,创新药ETF;酒ETF;有色ETF;证券ETF
2021-04-13,896017.9349408654,0.0,896017.9349408654,0.0,True,liquidate,-0.20746255322877966,0,,纳指;国债ETF,创新药ETF;酒ETF;有色ETF;证券ETF
2021-04-14,896017.9349408654,0.0,896017.9349408654,0.0,True,liquidate,-0.20746255322877966,0,,纳指;国债ETF,创新药ETF;酒ETF;有色ETF;证券ETF
2021-04-15,896017.9349408654,0.0,896017.9349408654,0.0,True,liquidate,-0.20746255322877966,0,,纳指;国债ETF,创新药ETF;酒ETF;有色ETF;证券ETF
2021-04-16,896017.9349408654,0.0,896017.9349408654,0.0,True,liquidate,-0.20746255322877966,0,,纳指;黄金;国债ETF,酒ETF;创新药ETF;有色ETF;证券ETF
2021-04-19,896017.9349408654,0.0,896017.9349408654,0.0,True,liquidate,-0.20746255322877966,0,,纳指;国债ETF,酒ETF;创新药ETF;有色ETF;证券ETF
2021-04-20,896017.9349408654,0.0,896017.9349408654,0.0,True,liquidate,-0.20746255322877966,0,,纳指;国债ETF,酒ETF;创新药ETF;有色ETF;证券ETF
2021-04-21,896017.9349408654,0.0,896017.9349408654,0.0,True,liquidate,-0.20746255322877966,0,,纳指;国债ETF,酒ETF;创新药ETF;有色ETF;证券ETF
2021-04-22,896017.9349408654,0.0,896017.9349408654,0.0,True,liquidate,-0.20746255322877966,0,,纳指;黄金;国债ETF,酒ETF;创新药ETF;有色ETF;证券ETF
2021-04-23,896017.9349408654,0.0,896017.9349408654,0.0,True,liquidate,-0.20746255322877966,0,,创业板;纳指;黄金;国债ETF,酒ETF;创新药ETF;有色ETF;证券ETF
2021-04-26,896017.9349408654,0.0,896017.9349408654,0.0,True,liquidate,-0.20746255322877966,0,,纳指;黄金;国债ETF,创新药ETF;有色ETF;酒ETF;半导体ETF
2021-04-27,896017.9349408654,0.0,896017.9349408654,0.0,True,liquidate,-0.20746255322877966,0,,创业板;纳指;黄金;国债ETF,创新药ETF;酒ETF;有色ETF;证券ETF
2021-04-28,896017.9349408654,0.0,896017.9349408654,0.0,True,liquidate,-0.20746255322877966,0,,创业板;纳指;黄金;国债ETF,酒ETF;创新药ETF;有色ETF;证券ETF
2021-04-29,896017.9349408654,0.0,896017.9349408654,0.0,True,liquidate,-0.20746255322877966,0,,创业板;纳指;黄金;国债ETF,酒ETF;创新药ETF;有色ETF;证券ETF
2021-04-30,896017.9349408654,0.0,896017.9349408654,0.0,True,liquidate,-0.20746255322877966,0,,创业板;纳指;黄金;国债ETF,创新药ETF;有色ETF;酒ETF;证券ETF
2021-05-06,896017.9349408654,0.0,896017.9349408654,0.0,True,liquidate,-0.20746255322877966,0,,创业板;纳指;黄金;国债ETF,有色ETF;创新药ETF;酒ETF;证券ETF
2021-05-07,896017.9349408654,0.0,896017.9349408654,0.0,False,liquidate,-0.20746255322877966,9,沪深300;创业板;纳指;黄金;国债ETF;有色ETF;酒ETF;创新药ETF;证券ETF,沪深300;创业板;纳指;黄金;国债ETF,有色ETF;酒ETF;创新药ETF;证券ETF
2021-05-10,896089.0474753845,0.0,896089.0474753845,0.0,False,liquidate,-0.20739965343141684,8,创业板;纳指;黄金;国债ETF;有色ETF;创新药ETF;酒ETF;证券ETF,创业板;纳指;黄金;国债ETF,有色ETF;创新药ETF;酒ETF;证券ETF
2021-05-11,896160.1656537557,0.0,896160.1656537557,0.0,False,liquidate,-0.20733674864200657,8,创业板;纳指;黄金;国债ETF;有色ETF;创新药ETF;酒ETF;证券ETF,创业板;纳指;黄金;国债ETF,有色ETF;创新药ETF;酒ETF;证券ETF
2021-05-12,896231.2894764267,0.0,896231.2894764267,0.0,False,liquidate,-0.20727383886015271,8,创业板;纳指;黄金;国债ETF;有色ETF;创新药ETF;酒ETF;证券ETF,创业板;纳指;黄金;国债ETF,有色ETF;创新药ETF;酒ETF;证券ETF
2021-05-13,896302.4189438454,0.0,896302.4189438454,0.0,False,liquidate,-0.20721092408545908,8,创业板;纳指;黄金;国债ETF;创新药ETF;有色ETF;酒ETF;证券ETF,创业板;纳指;黄金;国债ETF,创新药ETF;有色ETF;酒ETF;证券ETF
2021-05-14,896373.55405646,0.0,896373.55405646,0.0,False,liquidate,-0.20714800431752933,9,沪深300;创业板;纳指;黄金;国债ETF;创新药ETF;有色ETF;证券ETF;军工ETF,沪深300;创业板;纳指;黄金;国债ETF,创新药ETF;有色ETF;证券ETF;军工ETF
2021-05-17,896444.6948147186,0.0,896444.6948147186,0.0,False,liquidate,-0.20708507955596717,9,沪深300;创业板;纳指;黄金;国债ETF;创新药ETF;有色ETF;证券ETF;军工ETF,沪深300;创业板;纳指;黄金;国债ETF,创新药ETF;有色ETF;证券ETF;军工ETF
2021-05-18,896515.841219069,0.0,896515.841219069,0.0,False,liquidate,-0.20702214980037634,9,沪深300;创业板;纳指;黄金;国债ETF;创新药ETF;有色ETF;证券ETF;军工ETF,沪深300;创业板;纳指;黄金;国债ETF,创新药ETF;有色ETF;证券ETF;军工ETF
2021-05-19,896586.9932699595,0.0,896586.9932699595,0.0,False,liquidate,-0.2069592150503604,9,沪深300;创业板;纳指;黄金;国债ETF;创新药ETF;有色ETF;证券ETF;军工ETF,沪深300;创业板;纳指;黄金;国债ETF,创新药ETF;有色ETF;证券ETF;军工ETF
2021-05-20,896658.1509678381,0.0,896658.1509678381,0.0,False,liquidate,-0.20689627530552304,9,沪深300;创业板;纳指;黄金;国债ETF;创新药ETF;证券ETF;军工ETF;有色ETF,沪深300;创业板;纳指;黄金;国债ETF,创新药ETF;证券ETF;军工ETF;有色ETF
2021-05-21,896729.314313153,0.0,896729.314313153,0.0,False,liquidate,-0.20683333056546793,9,沪深300;创业板;纳指;黄金;国债ETF;创新药ETF;有色ETF;证券ETF;军工ETF,沪深300;创业板;纳指;黄金;国债ETF,创新药ETF;有色ETF;证券ETF;军工ETF
2021-05-24,896800.4833063525,0.0,896800.4833063525,0.0,False,liquidate,-0.2067703808297985,9,沪深300;创业板;纳指;黄金;国债ETF;创新药ETF;证券ETF;有色ETF;军工ETF,沪深300;创业板;纳指;黄金;国债ETF,创新药ETF;证券ETF;有色ETF;军工ETF
2021-05-25,896871.6579478848,0.0,896871.6579478848,0.0,False,liquidate,-0.20670742609811835,9,沪深300;创业板;纳指;黄金;国债ETF;创新药ETF;证券ETF;有色ETF;军工ETF,沪深300;创业板;纳指;黄金;国债ETF,创新药ETF;证券ETF;有色ETF;军工ETF
2021-05-26,896942.8382381981,0.0,896942.8382381981,0.0,False,liquidate,-0.2066444663700309,9,沪深300;创业板;纳指;黄金;国债ETF;创新药ETF;证券ETF;有色ETF;军工ETF,沪深300;创业板;纳指;黄金;国债ETF,创新药ETF;证券ETF;有色ETF;军工ETF
2021-05-27,897014.0241777408,0.0,897014.0241777408,0.0,False,liquidate,-0.2065815016451396,9,沪深300;创业板;纳指;黄金;国债ETF;证券ETF;创新药ETF;有色ETF;军工ETF,沪深300;创业板;纳指;黄金;国债ETF,证券ETF;创新药ETF;有色ETF;军工ETF
2021-05-28,897085.2157669613,0.0,897085.2157669613,0.0,False,liquidate,-0.2065185319230479,9,沪深300;创业板;纳指;黄金;国债ETF;证券ETF;有色ETF;创新药ETF;军工ETF,沪深300;创业板;纳指;黄金;国债ETF,证券ETF;有色ETF;创新药ETF;军工ETF
2021-05-31,897156.4130063079,0.0,897156.4130063079,0.0,False,liquidate,-0.20645555720335926,9,沪深300;创业板;纳指;黄金;国债ETF;证券ETF;创新药ETF;有色ETF;军工ETF,沪深300;创业板;纳指;黄金;国债ETF,证券ETF;创新药ETF;有色ETF;军工ETF
2021-06-01,897227.615896229,0.0,897227.615896229,0.0,False,liquidate,-0.20639257748567696,9,沪深300;创业板;纳指;黄金;国债ETF;创新药ETF;证券ETF;有色ETF;军工ETF,沪深300;创业板;纳指;黄金;国债ETF,创新药ETF;证券ETF;有色ETF;军工ETF
2021-06-02,897298.8244371732,0.0,897298.8244371732,0.0,False,liquidate,-0.20632959276960441,8,沪深300;创业板;黄金;国债ETF;创新药ETF;有色ETF;证券ETF;军工ETF,沪深300;创业板;黄金;国债ETF,创新药ETF;有色ETF;证券ETF;军工ETF
2021-06-03,897370.0386295889,0.0,897370.0386295889,0.0,False,liquidate,-0.2062666030547448,8,沪深300;创业板;黄金;国债ETF;创新药ETF;证券ETF;军工ETF;有色ETF,沪深300;创业板;黄金;国债ETF,创新药ETF;证券ETF;军工ETF;有色ETF
2021-06-04,897441.2584739246,0.0,897441.2584739246,0.0,False,liquidate,-0.20620360834070153,8,沪深300;创业板;黄金;国债ETF;创新药ETF;军工ETF;证券ETF;有色ETF,沪深300;创业板;黄金;国债ETF,创新药ETF;军工ETF;证券ETF;有色ETF
2021-06-07,897512.4839706289,0.0,897512.4839706289,0.0,False,liquidate,-0.2061406086270777,8,沪深300;创业板;黄金;国债ETF;创新药ETF;军工ETF;证券ETF;有色ETF,沪深300;创业板;黄金;国债ETF,创新药ETF;军工ETF;证券ETF;有色ETF
2021-06-08,897583.7151201505,0.0,897583.7151201505,0.0,False,liquidate,-0.20607760391347663,8,沪深300;创业板;黄金;国债ETF;军工ETF;证券ETF;创新药ETF;有色ETF,沪深300;创业板;黄金;国债ETF,军工ETF;证券ETF;创新药ETF;有色ETF
2021-06-09,897654.9519229379,0.0,897654.9519229379,0.0,False,liquidate,-0.20601459419950144,8,沪深300;创业板;黄金;国债ETF;军工ETF;创新药ETF;证券ETF;有色ETF,沪深300;创业板;黄金;国债ETF,军工ETF;创新药ETF;证券ETF;有色ETF
2021-06-10,897726.1943794397,0.0,897726.1943794397,0.0,False,liquidate,-0.20595157948475537,8,沪深300;创业板;黄金;国债ETF;军工ETF;创新药ETF;证券ETF;有色ETF,沪深300;创业板;黄金;国债ETF,军工ETF;创新药ETF;证券ETF;有色ETF
2021-06-11,897797.4424901048,0.0,897797.4424901048,0.0,False,liquidate,-0.20588855976884138,8,沪深300;创业板;黄金;国债ETF;军工ETF;半导体ETF;证券ETF;有色ETF,沪深300;创业板;黄金;国债ETF,军工ETF;半导体ETF;证券ETF;有色ETF
2021-06-15,897868.6962553818,0.0,897868.6962553818,0.0,False,liquidate,-0.20582553505136272,8,沪深300;创业板;黄金;国债ETF;军工ETF;半导体ETF;证券ETF;创新药ETF,沪深300;创业板;黄金;国债ETF,军工ETF;半导体ETF;证券ETF;创新药ETF
2021-06-16,897939.9556757195,0.0,897939.9556757195,0.0,False,liquidate,-0.20576250533192234,8,沪深300;创业板;黄金;国债ETF;军工ETF;证券ETF;半导体ETF;创新药ETF,沪深300;创业板;黄金;国债ETF,军工ETF;证券ETF;半导体ETF;创新药ETF
2021-06-17,898011.2207515668,0.0,898011.2207515668,0.0,False,liquidate,-0.2056994706101233,7,沪深300;创业板;国债ETF;军工ETF;半导体ETF;证券ETF;创新药ETF,沪深300;创业板;国债ETF,军工ETF;半导体ETF;证券ETF;创新药ETF
2021-06-18,898082.4914833725,0.0,898082.4914833725,0.0,False,liquidate,-0.20563643088556852,8,沪深300;创业板;纳指;国债ETF;军工ETF;半导体ETF;证券ETF;创新药ETF,沪深300;创业板;纳指;国债ETF,军工ETF;半导体ETF;证券ETF;创新药ETF
2021-06-21,898153.7678715856,0.0,898153.7678715856,0.0,False,liquidate,-0.20557338615786097,8,沪深300;创业板;纳指;国债ETF;军工ETF;半导体ETF;创新药ETF;证券ETF,沪深300;创业板;纳指;国债ETF,军工ETF;半导体ETF;创新药ETF;证券ETF
2021-06-22,898225.0499166548,0.0,898225.0499166548,0.0,False,liquidate,-0.20551033642660357,8,沪深300;创业板;纳指;国债ETF;军工ETF;半导体ETF;创新药ETF;有色ETF,沪深300;创业板;纳指;国债ETF,军工ETF;半导体ETF;创新药ETF;有色ETF
2021-06-23,898296.3376190292,0.0,898296.3376190292,0.0,False,liquidate,-0.20544728169139928,8,沪深300;创业板;纳指;国债ETF;军工ETF;半导体ETF;创新药ETF;有色ETF,沪深300;创业板;纳指;国债ETF,军工ETF;半导体ETF;创新药ETF;有色ETF
2021-06-24,898367.6309791578,0.0,898367.6309791578,0.0,False,liquidate,-0.20538422195185094,8,沪深300;创业板;纳指;国债ETF;军工ETF;半导体ETF;创新药ETF;有色ETF,沪深300;创业板;纳指;国债ETF,军工ETF;半导体ETF;创新药ETF;有色ETF
2021-06-25,898438.9299974894,0.0,898438.9299974894,0.0,False,liquidate,-0.2053211572075614,8,沪深300;创业板;纳指;国债ETF;半导体ETF;军工ETF;创新药ETF;有色ETF,沪深300;创业板;纳指;国债ETF,半导体ETF;军工ETF;创新药ETF;有色ETF
2021-06-28,898510.2346744734,0.0,898510.2346744734,0.0,False,liquidate,-0.2052580874581334,8,沪深300;创业板;纳指;国债ETF;半导体ETF;军工ETF;创新药ETF;证券ETF,沪深300;创业板;纳指;国债ETF,半导体ETF;军工ETF;创新药ETF;证券ETF
2021-06-29,898581.5450105587,0.0,898581.5450105587,0.0,False,liquidate,-0.20519501270316975,8,沪深300;创业板;纳指;国债ETF;半导体ETF;军工ETF;创新药ETF;证券ETF,沪深300;创业板;纳指;国债ETF,半导体ETF;军工ETF;创新药ETF;证券ETF
2021-06-30,898652.8610061945,0.0,898652.8610061945,0.0,False,liquidate,-0.20513193294227314,8,沪深300;创业板;纳指;国债ETF;半导体ETF;军工ETF;创新药ETF;证券ETF,沪深300;创业板;纳指;国债ETF,半导体ETF;军工ETF;创新药ETF;证券ETF
2021-07-01,898724.18266183,0.0,898724.18266183,0.0,False,liquidate,-0.20506884817504625,8,沪深300;创业板;纳指;国债ETF;半导体ETF;创新药ETF;军工ETF;证券ETF,沪深300;创业板;纳指;国债ETF,半导体ETF;创新药ETF;军工ETF;证券ETF
2021-07-02,898795.5099779143,0.0,898795.5099779143,0.0,False,liquidate,-0.2050057584010919,8,沪深300;创业板;纳指;国债ETF;半导体ETF;创新药ETF;有色ETF;军工ETF,沪深300;创业板;纳指;国债ETF,半导体ETF;创新药ETF;有色ETF;军工ETF
2021-07-05,898866.8429548967,0.0,898866.8429548967,0.0,False,liquidate,-0.2049426636200125,8,沪深300;创业板;纳指;国债ETF;半导体ETF;有色ETF;创新药ETF;军工ETF,沪深300;创业板;纳指;国债ETF,半导体ETF;有色ETF;创新药ETF;军工ETF
2021-07-06,898938.1815932265,0.0,898938.1815932265,0.0,False,liquidate,-0.20487956383141093,8,沪深300;创业板;纳指;国债ETF;半导体ETF;有色ETF;军工ETF;创新药ETF,沪深300;创业板;纳指;国债ETF,半导体ETF;有色ETF;军工ETF;创新药ETF
2021-07-07,899009.525893353,0.0,899009.525893353,0.0,False,liquidate,-0.20481645903488954,8,沪深300;创业板;纳指;国债ETF;半导体ETF;有色ETF;军工ETF;创新药ETF,沪深300;创业板;纳指;国债ETF,半导体ETF;有色ETF;军工ETF;创新药ETF
2021-07-08,899080.8758557256,0.0,899080.8758557256,0.0,False,liquidate,-0.20475334923005095,8,沪深300;创业板;纳指;国债ETF;半导体ETF;有色ETF;军工ETF;证券ETF,沪深300;创业板;纳指;国债ETF,半导体ETF;有色ETF;军工ETF;证券ETF
2021-07-09,899152.2314807936,0.0,899152.2314807936,0.0,False,liquidate,-0.20469023441649775,7,创业板;纳指;国债ETF;半导体ETF;有色ETF;军工ETF;证券ETF,创业板;纳指;国债ETF,半导体ETF;有色ETF;军工ETF;证券ETF
2021-07-12,899223.5927690064,0.0,899223.5927690064,0.0,False,liquidate,-0.20462711459383234,7,创业板;纳指;国债ETF;半导体ETF;有色ETF;军工ETF;证券ETF,创业板;纳指;国债ETF,半导体ETF;有色ETF;军工ETF;证券ETF
2021-07-13,899294.9597208134,0.0,899294.9597208134,0.0,False,liquidate,-0.20456398976165727,8,沪深300;创业板;纳指;国债ETF;有色ETF;半导体ETF;军工ETF;创新药ETF,沪深300;创业板;纳指;国债ETF,有色ETF;半导体ETF;军工ETF;创新药ETF
2021-07-14,899366.3323366643,0.0,899366.3323366643,0.0,False,liquidate,-0.20450085991957484,7,创业板;纳指;国债ETF;有色ETF;半导体ETF;创新药ETF;军工ETF,创业板;纳指;国债ETF,有色ETF;半导体ETF;创新药ETF;军工ETF
2021-07-15,899437.7106170085,0.0,899437.7106170085,0.0,False,liquidate,-0.2044377250671875,8,沪深300;创业板;纳指;国债ETF;有色ETF;半导体ETF;创新药ETF;军工ETF,沪深300;创业板;纳指;国债ETF,有色ETF;半导体ETF;创新药ETF;军工ETF
2021-07-16,899509.0945622956,0.0,899509.0945622956,0.0,False,liquidate,-0.20437458520409757,8,沪深300;创业板;纳指;国债ETF;有色ETF;半导体ETF;军工ETF;创新药ETF,沪深300;创业板;纳指;国债ETF,有色ETF;半导体ETF;军工ETF;创新药ETF
2021-07-19,899580.4841729752,0.0,899580.4841729752,0.0,False,liquidate,-0.2043114403299074,8,沪深300;创业板;纳指;国债ETF;有色ETF;半导体ETF;军工ETF;创新药ETF,沪深300;创业板;纳指;国债ETF,有色ETF;半导体ETF;军工ETF;创新药ETF
2021-07-20,899651.8794494969,0.0,899651.8794494969,0.0,False,liquidate,-0.20424829044421927,7,创业板;纳指;国债ETF;有色ETF;半导体ETF;军工ETF;创新药ETF,创业板;纳指;国债ETF,有色ETF;半导体ETF;军工ETF;创新药ETF
2021-07-21,899723.2803923103,0.0,899723.2803923103,0.0,False,liquidate,-0.20418513554663545,7,创业板;纳指;国债ETF;有色ETF;半导体ETF;军工ETF;创新药ETF,创业板;纳指;国债ETF,有色ETF;半导体ETF;军工ETF;创新药ETF
2021-07-22,899794.6870018654,0.0,899794.6870018654,0.0,False,liquidate,-0.20412197563675813,7,创业板;纳指;国债ETF;有色ETF;半导体ETF;军工ETF;证券ETF,创业板;纳指;国债ETF,有色ETF;半导体ETF;军工ETF;证券ETF
2021-07-23,899866.0992786116,0.0,899866.0992786116,0.0,False,liquidate,-0.20405881071418958,7,创业板;纳指;国债ETF;有色ETF;半导体ETF;军工ETF;证券ETF,创业板;纳指;国债ETF,有色ETF;半导体ETF;军工ETF;证券ETF
2021-07-26,899937.5172229988,0.0,899937.5172229988,0.0,False,liquidate,-0.20399564077853197,7,创业板;纳指;国债ETF;有色ETF;半导体ETF;军工ETF;证券ETF,创业板;纳指;国债ETF,有色ETF;半导体ETF;军工ETF;证券ETF
2021-07-27,900008.9408354769,0.0,900008.9408354769,0.0,False,liquidate,-0.20393246582938737,6,纳指;国债ETF;有色ETF;半导体ETF;军工ETF;证券ETF,纳指;国债ETF,有色ETF;半导体ETF;军工ETF;证券ETF
2021-07-28,900080.3701164955,0.0,900080.3701164955,0.0,False,liquidate,-0.20386928586635797,7,创业板;纳指;国债ETF;有色ETF;半导体ETF;军工ETF;证券ETF,创业板;纳指;国债ETF,有色ETF;半导体ETF;军工ETF;证券ETF
2021-07-29,900151.8050665049,0.0,900151.8050665049,0.0,False,liquidate,-0.2038061008890457,7,创业板;纳指;国债ETF;有色ETF;半导体ETF;军工ETF;证券ETF,创业板;纳指;国债ETF,有色ETF;半导体ETF;军工ETF;证券ETF
2021-07-30,900223.2456859546,0.0,900223.2456859546,0.0,False,liquidate,-0.20374291089705276,7,创业板;纳指;国债ETF;半导体ETF;有色ETF;军工ETF;证券ETF,创业板;纳指;国债ETF,半导体ETF;有色ETF;军工ETF;证券ETF
2021-08-02,900294.6919752947,0.0,900294.6919752947,0.0,False,liquidate,-0.2036797158899811,7,创业板;纳指;国债ETF;半导体ETF;有色ETF;军工ETF;证券ETF,创业板;纳指;国债ETF,半导体ETF;有色ETF;军工ETF;证券ETF
2021-08-03,900366.1439349754,0.0,900366.1439349754,0.0,False,liquidate,-0.20361651586743262,7,创业板;纳指;国债ETF;军工ETF;半导体ETF;有色ETF;创新药ETF,创业板;纳指;国债ETF,军工ETF;半导体ETF;有色ETF;创新药ETF
2021-08-04,900437.6015654465,0.0,900437.6015654465,0.0,False,liquidate,-0.20355331082900935,7,创业板;纳指;国债ETF;有色ETF;军工ETF;半导体ETF;创新药ETF,创业板;纳指;国债ETF,有色ETF;军工ETF;半导体ETF;创新药ETF
2021-08-05,900509.0648671581,0.0,900509.0648671581,0.0,False,liquidate,-0.20349010077431318,7,创业板;纳指;国债ETF;军工ETF;半导体ETF;有色ETF;创新药ETF,创业板;纳指;国债ETF,军工ETF;半导体ETF;有色ETF;创新药ETF
2021-08-06,900580.5338405602,0.0,900580.5338405602,0.0,False,liquidate,-0.20342688570294606,7,创业板;纳指;国债ETF;军工ETF;有色ETF;半导体ETF;创新药ETF,创业板;纳指;国债ETF,军工ETF;有色ETF;半导体ETF;创新药ETF
2021-08-09,900652.0084861032,0.0,900652.0084861032,0.0,False,liquidate,-0.20336366561450978,7,创业板;纳指;国债ETF;军工ETF;半导体ETF;有色ETF;证券ETF,创业板;纳指;国债ETF,军工ETF;半导体ETF;有色ETF;证券ETF
2021-08-10,900723.488804237,0.0,900723.488804237,0.0,False,liquidate,-0.20330044050860616,7,创业板;纳指;国债ETF;军工ETF;半导体ETF;有色ETF;证券ETF,创业板;纳指;国债ETF,军工ETF;半导体ETF;有色ETF;证券ETF
2021-08-11,900794.9747954119,0.0,900794.9747954119,0.0,False,liquidate,-0.203237210384837,7,创业板;纳指;国债ETF;军工ETF;半导体ETF;有色ETF;证券ETF,创业板;纳指;国债ETF,军工ETF;半导体ETF;有色ETF;证券ETF
2021-08-12,900866.4664600783,0.0,900866.4664600783,0.0,False,liquidate,-0.203173975242804,7,创业板;纳指;国债ETF;半导体ETF;军工ETF;有色ETF;证券ETF,创业板;纳指;国债ETF,半导体ETF;军工ETF;有色ETF;证券ETF
2021-08-13,900937.9637986863,0.0,900937.9637986863,0.0,False,liquidate,-0.20311073508210892,7,创业板;纳指;国债ETF;军工ETF;有色ETF;半导体ETF;证券ETF,创业板;纳指;国债ETF,军工ETF;有色ETF;半导体ETF;证券ETF
2021-08-16,901009.4668116862,0.0,901009.4668116862,0.0,False,liquidate,-0.20304748990235355,7,创业板;纳指;国债ETF;军工ETF;半导体ETF;有色ETF;证券ETF,创业板;纳指;国债ETF,军工ETF;半导体ETF;有色ETF;证券ETF
2021-08-17,901080.9754995285,0.0,901080.9754995285,0.0,False,liquidate,-0.20298423970313936,7,纳指;黄金;国债ETF;军工ETF;有色ETF;半导体ETF;证券ETF,纳指;黄金;国债ETF,军工ETF;有色ETF;半导体ETF;证券ETF
2021-08-18,901152.4898626634,0.0,901152.4898626634,0.0,False,liquidate,-0.2029209844840681,7,纳指;黄金;国债ETF;军工ETF;有色ETF;证券ETF;半导体ETF,纳指;黄金;国债ETF,军工ETF;有色ETF;证券ETF;半导体ETF
2021-08-19,901224.0099015415,0.0,901224.0099015415,0.0,False,liquidate,-0.20285772424474136,7,纳指;黄金;国债ETF;军工ETF;有色ETF;半导体ETF;证券ETF,纳指;黄金;国债ETF,军工ETF;有色ETF;半导体ETF;证券ETF
2021-08-20,901295.5356166131,0.0,901295.5356166131,0.0,False,liquidate,-0.20279445898476076,7,纳指;黄金;国债ETF;军工ETF;有色ETF;证券ETF;半导体ETF,纳指;黄金;国债ETF,军工ETF;有色ETF;证券ETF;半导体ETF
2021-08-23,901367.0670083287,0.0,901367.0670083287,0.0,False,liquidate,-0.20273118870372778,7,纳指;黄金;国债ETF;军工ETF;有色ETF;证券ETF;半导体ETF,纳指;黄金;国债ETF,军工ETF;有色ETF;证券ETF;半导体ETF
2021-08-24,901438.6040771389,0.0,901438.6040771389,0.0,False,liquidate,-0.20266791340124393,7,纳指;黄金;国债ETF;军工ETF;有色ETF;证券ETF;半导体ETF,纳指;黄金;国债ETF,军工ETF;有色ETF;证券ETF;半导体ETF
2021-08-25,901510.1468234943,0.0,901510.1468234943,0.0,False,liquidate,-0.20260463307691062,7,纳指;黄金;国债ETF;军工ETF;有色ETF;证券ETF;半导体ETF,纳指;黄金;国债ETF,军工ETF;有色ETF;证券ETF;半导体ETF
2021-08-26,901581.6952478455,0.0,901581.6952478455,0.0,False,liquidate,-0.20254134773032936,7,纳指;黄金;国债ETF;军工ETF;有色ETF;证券ETF;半导体ETF,纳指;黄金;国债ETF,军工ETF;有色ETF;证券ETF;半导体ETF
2021-08-27,901653.249350643,0.0,901653.249350643,0.0,False,liquidate,-0.20247805736110153,7,纳指;黄金;国债ETF;有色ETF;军工ETF;证券ETF;半导体ETF,纳指;黄金;国债ETF,有色ETF;军工ETF;证券ETF;半导体ETF
2021-08-30,901724.8091323376,0.0,901724.8091323376,0.0,False,liquidate,-0.20241476196882857,7,纳指;黄金;国债ETF;有色ETF;军工ETF;半导体ETF;证券ETF,纳指;黄金;国债ETF,有色ETF;军工ETF;半导体ETF;证券ETF
2021-08-31,901796.3745933799,0.0,901796.3745933799,0.0,False,liquidate,-0.20235146155311173,7,纳指;黄金;国债ETF;有色ETF;军工ETF;证券ETF;半导体ETF,纳指;黄金;国债ETF,有色ETF;军工ETF;证券ETF;半导体ETF
2021-09-01,901867.9457342207,0.0,901867.9457342207,0.0,False,liquidate,-0.20228815611355241,7,纳指;黄金;国债ETF;有色ETF;证券ETF;军工ETF;半导体ETF,纳指;黄金;国债ETF,有色ETF;证券ETF;军工ETF;半导体ETF
2021-09-02,901939.5225553107,0.0,901939.5225553107,0.0,False,liquidate,-0.20222484564975188,7,纳指;黄金;国债ETF;有色ETF;证券ETF;军工ETF;半导体ETF,纳指;黄金;国债ETF,有色ETF;证券ETF;军工ETF;半导体ETF
2021-09-03,902011.1050571009,0.0,902011.1050571009,0.0,False,liquidate,-0.20216153016131133,7,纳指;黄金;国债ETF;有色ETF;证券ETF;军工ETF;半导体ETF,纳指;黄金;国债ETF,有色ETF;证券ETF;军工ETF;半导体ETF
2021-09-06,902082.693240042,0.0,902082.693240042,0.0,False,liquidate,-0.20209820964783204,7,纳指;黄金;国债ETF;有色ETF;证券ETF;军工ETF;半导体ETF,纳指;黄金;国债ETF,有色ETF;证券ETF;军工ETF;半导体ETF
2021-09-07,902154.2871045849,0.0,902154.2871045849,0.0,False,liquidate,-0.20203488410891518,7,纳指;黄金;国债ETF;有色ETF;证券ETF;军工ETF;半导体ETF,纳指;黄金;国债ETF,有色ETF;证券ETF;军工ETF;半导体ETF
2021-09-08,902225.8866511805,0.0,902225.8866511805,0.0,False,liquidate,-0.2019715535441619,6,纳指;国债ETF;有色ETF;证券ETF;军工ETF;半导体ETF,纳指;国债ETF,有色ETF;证券ETF;军工ETF;半导体ETF
2021-09-09,902297.4918802798,0.0,902297.4918802798,0.0,False,liquidate,-0.20190821795317326,6,纳指;国债ETF;有色ETF;证券ETF;军工ETF;半导体ETF,纳指;国债ETF,有色ETF;证券ETF;军工ETF;半导体ETF
2021-09-10,902369.1027923339,0.0,902369.1027923339,0.0,False,liquidate,-0.20184487733555043,6,纳指;国债ETF;有色ETF;证券ETF;军工ETF;半导体ETF,纳指;国债ETF,有色ETF;证券ETF;军工ETF;半导体ETF
2021-09-13,902440.7193877937,0.0,902440.7193877937,0.0,False,liquidate,-0.2017815316908945,6,纳指;国债ETF;有色ETF;证券ETF;军工ETF;半导体ETF,纳指;国债ETF,有色ETF;证券ETF;军工ETF;半导体ETF
2021-09-14,902512.3416671102,0.0,902512.3416671102,0.0,False,liquidate,-0.20171818101880643,6,纳指;国债ETF;有色ETF;证券ETF;军工ETF;半导体ETF,纳指;国债ETF,有色ETF;证券ETF;军工ETF;半导体ETF
2021-09-15,902583.9696307346,0.0,902583.9696307346,0.0,False,liquidate,-0.20165482531888723,6,纳指;国债ETF;有色ETF;证券ETF;军工ETF;半导体ETF,纳指;国债ETF,有色ETF;证券ETF;军工ETF;半导体ETF
2021-09-16,902655.6032791181,0.0,902655.6032791181,0.0,False,liquidate,-0.2015914645907379,6,纳指;国债ETF;有色ETF;证券ETF;军工ETF;酒ETF,纳指;国债ETF,有色ETF;证券ETF;军工ETF;酒ETF
2021-09-17,902727.2426127117,0.0,902727.2426127117,0.0,False,liquidate,-0.2015280988339593,6,纳指;国债ETF;有色ETF;证券ETF;创新药ETF;酒ETF,纳指;国债ETF,有色ETF;证券ETF;创新药ETF;酒ETF
2021-09-22,902798.8876319667,0.0,902798.8876319667,0.0,False,liquidate,-0.20146472804815246,5,沪深300;有色ETF;证券ETF;创新药ETF;军工ETF,沪深300,有色ETF;证券ETF;创新药ETF;军工ETF
2021-09-23,902870.5383373344,0.0,902870.5383373344,0.0,False,liquidate,-0.20140135223291813,7,沪深300;纳指;国债ETF;有色ETF;证券ETF;军工ETF;创新药ETF,沪深300;纳指;国债ETF,有色ETF;证券ETF;军工ETF;创新药ETF
2021-09-24,902942.194729266,0.0,902942.194729266,0.0,False,liquidate,-0.20133797138785722,7,沪深300;纳指;国债ETF;证券ETF;有色ETF;创新药ETF;军工ETF,沪深300;纳指;国债ETF,证券ETF;有色ETF;创新药ETF;军工ETF
2021-09-27,903013.8568082128,0.0,903013.8568082128,0.0,False,liquidate,-0.2012745855125705,7,沪深300;纳指;国债ETF;证券ETF;酒ETF;军工ETF;有色ETF,沪深300;纳指;国债ETF,证券ETF;酒ETF;军工ETF;有色ETF
2021-09-28,903085.5245746262,0.0,903085.5245746262,0.0,False,liquidate,-0.20121119460665873,5,纳指;证券ETF;军工ETF;酒ETF;创新药ETF,纳指,证券ETF;军工ETF;酒ETF;创新药ETF
2021-09-29,903157.1980289576,0.0,903157.1980289576,0.0,False,liquidate,-0.20114779866972274,5,国债ETF;证券ETF;军工ETF;创新药ETF;酒ETF,国债ETF,证券ETF;军工ETF;创新药ETF;酒ETF
2021-09-30,903228.8771716583,0.0,903228.8771716583,0.0,False,liquidate,-0.20108439770136316,5,国债ETF;证券ETF;军工ETF;酒ETF;创新药ETF,国债ETF,证券ETF;军工ETF;酒ETF;创新药ETF
2021-10-08,903300.5620031799,0.0,903300.5620031799,0.0,False,liquidate,-0.2010209917011807,5,国债ETF;证券ETF;酒ETF;创新药ETF;军工ETF,国债ETF,证券ETF;酒ETF;创新药ETF;军工ETF
2021-10-11,903372.2525239738,0.0,903372.2525239738,0.0,False,liquidate,-0.20095758066877603,5,沪深300;酒ETF;证券ETF;军工ETF;创新药ETF,沪深300,酒ETF;证券ETF;军工ETF;创新药ETF
2021-10-12,903443.9487344916,0.0,903443.9487344916,0.0,False,liquidate,-0.20089416460374973,6,黄金;国债ETF;酒ETF;证券ETF;军工ETF;创新药ETF,黄金;国债ETF,酒ETF;证券ETF;军工ETF;创新药ETF
2021-10-13,903515.6506351848,0.0,903515.6506351848,0.0,False,liquidate,-0.2008307435057024,6,黄金;国债ETF;酒ETF;证券ETF;军工ETF;有色ETF,黄金;国债ETF,酒ETF;证券ETF;军工ETF;有色ETF
2021-10-14,903587.3582265051,0.0,903587.3582265051,0.0,False,liquidate,-0.2007673173742346,6,黄金;国债ETF;酒ETF;军工ETF;证券ETF;有色ETF,黄金;国债ETF,酒ETF;军工ETF;证券ETF;有色ETF
2021-10-15,903659.0715089041,0.0,903659.0715089041,0.0,False,liquidate,-0.20070388620894675,6,黄金;国债ETF;酒ETF;军工ETF;证券ETF;半导体ETF,黄金;国债ETF,酒ETF;军工ETF;证券ETF;半导体ETF
2021-10-18,903730.7904828334,0.0,903730.7904828334,0.0,False,liquidate,-0.20064045000943953,4,军工ETF;酒ETF;证券ETF;有色ETF,,军工ETF;酒ETF;证券ETF;有色ETF
2021-10-19,903802.5151487448,0.0,903802.5151487448,0.0,False,liquidate,-0.20057700877531323,5,纳指;军工ETF;酒ETF;半导体ETF;证券ETF,纳指,军工ETF;酒ETF;半导体ETF;证券ETF
2021-10-20,903874.24550709,0.0,903874.24550709,0.0,False,liquidate,-0.20051356250616836,7,沪深300;创业板;纳指;军工ETF;酒ETF;证券ETF;有色ETF,沪深300;创业板;纳指,军工ETF;酒ETF;证券ETF;有色ETF
2021-10-21,903945.9815583208,0.0,903945.9815583208,0.0,False,liquidate,-0.20045011120160527,7,沪深300;创业板;纳指;酒ETF;军工ETF;证券ETF;有色ETF,沪深300;创业板;纳指,酒ETF;军工ETF;证券ETF;有色ETF
2021-10-22,904017.7233028889,0.0,904017.7233028889,0.0,False,liquidate,-0.20038665486122445,7,沪深300;创业板;纳指;军工ETF;酒ETF;证券ETF;半导体ETF,沪深300;创业板;纳指,军工ETF;酒ETF;证券ETF;半导体ETF
2021-10-25,904089.4707412464,0.0,904089.4707412464,0.0,False,liquidate,-0.20032319348462607,7,沪深300;创业板;纳指;军工ETF;酒ETF;证券ETF;半导体ETF,沪深300;创业板;纳指,军工ETF;酒ETF;证券ETF;半导体ETF
2021-10-26,904161.223873845,0.0,904161.223873845,0.0,False,liquidate,-0.20025972707141051,7,沪深300;创业板;纳指;酒ETF;军工ETF;证券ETF;有色ETF,沪深300;创业板;纳指,酒ETF;军工ETF;证券ETF;有色ETF
2021-10-27,904232.9827011366,0.0,904232.9827011366,0.0,False,liquidate,-0.20019625562117802,5,沪深300;酒ETF;军工ETF;证券ETF;有色ETF,沪深300,酒ETF;军工ETF;证券ETF;有色ETF
2021-10-28,904304.7472235733,0.0,904304.7472235733,0.0,False,liquidate,-0.20013277913352884,4,酒ETF;军工ETF;证券ETF;有色ETF,,酒ETF;军工ETF;证券ETF;有色ETF
2021-10-29,904376.517441607,0.0,904376.517441607,0.0,False,liquidate,-0.2000692976080632,7,沪深300;创业板;纳指;军工ETF;酒ETF;证券ETF;有色ETF,沪深300;创业板;纳指,军工ETF;酒ETF;证券ETF;有色ETF
2021-11-01,904448.2933556896,0.0,904448.2933556896,0.0,False,liquidate,-0.20000581104438128,7,沪深300;创业板;纳指;军工ETF;酒ETF;证券ETF;有色ETF,沪深300;创业板;纳指,军工ETF;酒ETF;证券ETF;有色ETF
2021-11-02,904520.0749662734,0.0,904520.0749662734,0.0,True,liquidate,-0.19994231944208324,0,,沪深300;创业板;纳指;国债ETF,军工ETF;酒ETF;证券ETF;半导体ETF
2021-11-03,904520.0749662734,0.0,904520.0749662734,0.0,True,liquidate,-0.19994231944208324,0,,沪深300;创业板;纳指,军工ETF;酒ETF;半导体ETF;有色ETF
2021-11-04,904520.0749662734,0.0,904520.0749662734,0.0,True,liquidate,-0.19994231944208324,0,,创业板;纳指,军工ETF;酒ETF;半导体ETF;证券ETF
2021-11-05,904520.0749662734,0.0,904520.0749662734,0.0,True,liquidate,-0.19994231944208324,0,,创业板;纳指,军工ETF;酒ETF;半导体ETF;证券ETF
2021-11-08,904520.0749662734,0.0,904520.0749662734,0.0,True,liquidate,-0.19994231944208324,0,,沪深300;创业板;纳指;国债ETF,军工ETF;酒ETF;证券ETF;半导体ETF
2021-11-09,904520.0749662734,0.0,904520.0749662734,0.0,False,liquidate,-0.19994231944208324,7,创业板;纳指;国债ETF;军工ETF;半导体ETF;证券ETF;有色ETF,创业板;纳指;国债ETF,军工ETF;半导体ETF;证券ETF;有色ETF
2021-11-10,904591.8622738104,0.0,904591.8622738104,0.0,False,liquidate,-0.19987882280076907,7,创业板;纳指;国债ETF;军工ETF;半导体ETF;证券ETF;有色ETF,创业板;纳指;国债ETF,军工ETF;半导体ETF;证券ETF;有色ETF
2021-11-11,904663.6552787528,0.0,904663.6552787528,0.0,False,liquidate,-0.199815321120039,8,创业板;纳指;黄金;国债ETF;军工ETF;证券ETF;半导体ETF;有色ETF,创业板;纳指;黄金;国债ETF,军工ETF;证券ETF;半导体ETF;有色ETF
2021-11-12,904735.4539815527,0.0,904735.4539815527,0.0,False,liquidate,-0.1997518143994929,8,创业板;纳指;黄金;国债ETF;军工ETF;证券ETF;半导体ETF;酒ETF,创业板;纳指;黄金;国债ETF,军工ETF;证券ETF;半导体ETF;酒ETF
2021-11-15,904807.2583826624,0.0,904807.2583826624,0.0,False,liquidate,-0.19968830263873094,8,创业板;纳指;黄金;国债ETF;军工ETF;半导体ETF;证券ETF;酒ETF,创业板;纳指;黄金;国债ETF,军工ETF;半导体ETF;证券ETF;酒ETF
2021-11-16,904879.0684825341,0.0,904879.0684825341,0.0,False,liquidate,-0.199624785837353,8,创业板;纳指;黄金;国债ETF;军工ETF;酒ETF;半导体ETF;证券ETF,创业板;纳指;黄金;国债ETF,军工ETF;酒ETF;半导体ETF;证券ETF
2021-11-17,904950.8842816202,0.0,904950.8842816202,0.0,False,liquidate,-0.19956126399495905,8,创业板;纳指;黄金;国债ETF;军工ETF;半导体ETF;酒ETF;证券ETF,创业板;纳指;黄金;国债ETF,军工ETF;半导体ETF;酒ETF;证券ETF
2021-11-18,905022.7057803727,0.0,905022.7057803727,0.0,False,liquidate,-0.19949773711114907,8,创业板;纳指;黄金;国债ETF;军工ETF;酒ETF;半导体ETF;有色ETF,创业板;纳指;黄金;国债ETF,军工ETF;酒ETF;半导体ETF;有色ETF
2021-11-19,905094.5329792442,0.0,905094.5329792442,0.0,False,liquidate,-0.1994342051855229,9,沪深300;创业板;纳指;黄金;国债ETF;军工ETF;酒ETF;半导体ETF;证券ETF,沪深300;创业板;纳指;黄金;国债ETF,军工ETF;酒ETF;半导体ETF;证券ETF
2021-11-22,905166.3658786871,0.0,905166.3658786871,0.0,True,liquidate,-0.19937066821768043,0,,沪深300;创业板;纳指;黄金;国债ETF,军工ETF;酒ETF;半导体ETF;有色ETF
2021-11-23,905166.3658786871,0.0,905166.3658786871,0.0,True,liquidate,-0.19937066821768043,0,,沪深300;创业板;纳指;国债ETF,酒ETF;军工ETF;半导体ETF;证券ETF
2021-11-24,905166.3658786871,0.0,905166.3658786871,0.0,True,liquidate,-0.19937066821768043,0,,沪深300;创业板;纳指;黄金;国债ETF,酒ETF;军工ETF;半导体ETF;有色ETF
2021-11-25,905166.3658786871,0.0,905166.3658786871,0.0,True,liquidate,-0.19937066821768043,0,,沪深300;创业板;纳指;黄金;国债ETF,酒ETF;军工ETF;半导体ETF;有色ETF
2021-11-26,905166.3658786871,0.0,905166.3658786871,0.0,True,liquidate,-0.19937066821768043,0,,创业板;纳指;黄金;国债ETF,酒ETF;军工ETF;半导体ETF;有色ETF
2021-11-29,905166.3658786871,0.0,905166.3658786871,0.0,True,liquidate,-0.19937066821768043,0,,创业板;纳指;黄金;国债ETF,酒ETF;军工ETF;创新药ETF;有色ETF
2021-11-30,905166.3658786871,0.0,905166.3658786871,0.0,True,liquidate,-0.19937066821768043,0,,创业板;纳指;黄金;国债ETF,军工ETF;酒ETF;创新药ETF;半导体ETF
2021-12-01,905166.3658786871,0.0,905166.3658786871,0.0,False,liquidate,-0.19937066821768043,8,创业板;纳指;黄金;国债ETF;军工ETF;半导体ETF;酒ETF;创新药ETF,创业板;纳指;黄金;国债ETF,军工ETF;半导体ETF;酒ETF;创新药ETF
2021-12-02,905238.2044791537,0.0,905238.2044791537,0.0,False,liquidate,-0.19930712620722146,7,创业板;纳指;国债ETF;军工ETF;半导体ETF;有色ETF;酒ETF,创业板;纳指;国债ETF,军工ETF;半导体ETF;有色ETF;酒ETF
2021-12-03,905310.0487810966,0.0,905310.0487810966,0.0,False,liquidate,-0.1992435791537458,7,创业板;纳指;国债ETF;半导体ETF;军工ETF;酒ETF;创新药ETF,创业板;纳指;国债ETF,半导体ETF;军工ETF;酒ETF;创新药ETF
2021-12-06,905381.8987849682,0.0,905381.8987849682,0.0,False,liquidate,-0.19918002705685317,9,沪深300;创业板;纳指;黄金;国债ETF;酒ETF;军工ETF;半导体ETF;证券ETF,沪深300;创业板;纳指;黄金;国债ETF,酒ETF;军工ETF;半导体ETF;证券ETF
2021-12-07,905453.754491221,0.0,905453.754491221,0.0,False,liquidate,-0.19911646991614332,7,创业板;纳指;国债ETF;酒ETF;军工ETF;证券ETF;半导体ETF,创业板;纳指;国债ETF,酒ETF;军工ETF;证券ETF;半导体ETF
2021-12-08,905525.6159003077,0.0,905525.6159003077,0.0,False,liquidate,-0.199052907731216,8,沪深300;创业板;纳指;国债ETF;酒ETF;军工ETF;半导体ETF;有色ETF,沪深300;创业板;纳指;国债ETF,酒ETF;军工ETF;半导体ETF;有色ETF
2021-12-09,905597.4830126808,0.0,905597.4830126808,0.0,False,liquidate,-0.1989893405016708,8,沪深300;创业板;纳指;国债ETF;酒ETF;半导体ETF;军工ETF;创新药ETF,沪深300;创业板;纳指;国债ETF,酒ETF;半导体ETF;军工ETF;创新药ETF
2021-12-10,905669.3558287929,0.0,905669.3558287929,0.0,False,liquidate,-0.19892576822710745,8,沪深300;创业板;纳指;国债ETF;酒ETF;半导体ETF;军工ETF;有色ETF,沪深300;创业板;纳指;国债ETF,酒ETF;半导体ETF;军工ETF;有色ETF
2021-12-13,905741.2343490968,0.0,905741.2343490968,0.0,False,liquidate,-0.19886219090712545,8,沪深300;创业板;纳指;国债ETF;酒ETF;军工ETF;半导体ETF;有色ETF,沪深300;创业板;纳指;国债ETF,酒ETF;军工ETF;半导体ETF;有色ETF
2021-12-14,905813.1185740451,0.0,905813.1185740451,0.0,False,liquidate,-0.19879860854132442,9,沪深300;创业板;纳指;黄金;国债ETF;酒ETF;军工ETF;半导体ETF;证券ETF,沪深300;创业板;纳指;黄金;国债ETF,酒ETF;军工ETF;半导体ETF;证券ETF
2021-12-15,905885.0085040907,0.0,905885.0085040907,0.0,False,liquidate,-0.19873502112930388,8,沪深300;创业板;纳指;国债ETF;酒ETF;证券ETF;半导体ETF;军工ETF,沪深300;创业板;纳指;国债ETF,酒ETF;证券ETF;半导体ETF;军工ETF
2021-12-16,905956.9041396863,0.0,905956.9041396863,0.0,False,liquidate,-0.19867142867066337,8,沪深300;创业板;纳指;国债ETF;酒ETF;证券ETF;半导体ETF;军工ETF,沪深300;创业板;纳指;国债ETF,酒ETF;证券ETF;半导体ETF;军工ETF
2021-12-17,906028.8054812847,0.0,906028.8054812847,0.0,False,liquidate,-0.19860783116500222,8,创业板;纳指;黄金;国债ETF;酒ETF;证券ETF;军工ETF;半导体ETF,创业板;纳指;黄金;国债ETF,酒ETF;证券ETF;军工ETF;半导体ETF
2021-12-20,906100.7125293389,0.0,906100.7125293389,0.0,False,liquidate,-0.19854422861192,8,创业板;纳指;黄金;国债ETF;酒ETF;证券ETF;军工ETF;半导体ETF,创业板;纳指;黄金;国债ETF,酒ETF;证券ETF;军工ETF;半导体ETF
2021-12-21,906172.6252843016,0.0,906172.6252843016,0.0,False,liquidate,-0.19848062101101616,9,沪深300;创业板;纳指;黄金;国债ETF;酒ETF;证券ETF;军工ETF;半导体ETF,沪深300;创业板;纳指;黄金;国债ETF,酒ETF;证券ETF;军工ETF;半导体ETF
2021-12-22,906244.5437466258,0.0,906244.5437466258,0.0,False,liquidate,-0.19841700836189,8,沪深300;创业板;纳指;国债ETF;酒ETF;证券ETF;军工ETF;半导体ETF,沪深300;创业板;纳指;国债ETF,酒ETF;证券ETF;军工ETF;半导体ETF
2021-12-23,906316.4679167644,0.0,906316.4679167644,0.0,False,liquidate,-0.1983533906641409,9,沪深300;创业板;纳指;黄金;国债ETF;酒ETF;证券ETF;军工ETF;半导体ETF,沪深300;创业板;纳指;黄金;国债ETF,酒ETF;证券ETF;军工ETF;半导体ETF
2021-12-24,906388.3977951705,0.0,906388.3977951705,0.0,False,liquidate,-0.19828976791736821,8,沪深300;纳指;黄金;国债ETF;酒ETF;证券ETF;军工ETF;半导体ETF,沪深300;纳指;黄金;国债ETF,酒ETF;证券ETF;军工ETF;半导体ETF
2021-12-27,906460.3333822972,0.0,906460.3333822972,0.0,False,liquidate,-0.19822614012117112,8,沪深300;纳指;黄金;国债ETF;酒ETF;证券ETF;军工ETF;半导体ETF,沪深300;纳指;黄金;国债ETF,酒ETF;证券ETF;军工ETF;半导体ETF
2021-12-28,906532.2746785975,0.0,906532.2746785975,0.0,False,liquidate,-0.19816250727514892,9,沪深300;创业板;纳指;黄金;国债ETF;酒ETF;军工ETF;证券ETF;半导体ETF,沪深300;创业板;纳指;黄金;国债ETF,酒ETF;军工ETF;证券ETF;半导体ETF
2021-12-29,906604.2216845243,0.0,906604.2216845243,0.0,False,liquidate,-0.19809886937890092,8,沪深300;纳指;黄金;国债ETF;酒ETF;军工ETF;证券ETF;半导体ETF,沪深300;纳指;黄金;国债ETF,酒ETF;军工ETF;证券ETF;半导体ETF
2021-12-30,906676.1744005311,0.0,906676.1744005311,0.0,False,liquidate,-0.19803522643202617,6,沪深300;国债ETF;军工ETF;证券ETF;酒ETF;半导体ETF,沪深300;国债ETF,军工ETF;证券ETF;酒ETF;半导体ETF
2021-12-31,906748.1328270709,0.0,906748.1328270709,0.0,False,liquidate,-0.1979715784341239,7,沪深300;纳指;国债ETF;军工ETF;证券ETF;半导体ETF;创新药ETF,沪深300;纳指;国债ETF,军工ETF;证券ETF;半导体ETF;创新药ETF
2022-01-04,906820.0969645969,0.0,906820.0969645969,0.0,False,liquidate,-0.19790792538479324,7,沪深300;纳指;国债ETF;军工ETF;证券ETF;半导体ETF;有色ETF,沪深300;纳指;国债ETF,军工ETF;证券ETF;半导体ETF;有色ETF
2022-01-05,906892.0668135624,0.0,906892.0668135624,0.0,False,liquidate,-0.19784426728363325,6,沪深300;国债ETF;军工ETF;证券ETF;半导体ETF;有色ETF,沪深300;国债ETF,军工ETF;证券ETF;半导体ETF;有色ETF
2022-01-06,906964.0423744207,0.0,906964.0423744207,0.0,False,liquidate,-0.197780604130243,5,国债ETF;军工ETF;证券ETF;半导体ETF;有色ETF,国债ETF,军工ETF;证券ETF;半导体ETF;有色ETF
2022-01-07,907036.023647625,0.0,907036.023647625,0.0,False,liquidate,-0.1977169359242216,5,国债ETF;军工ETF;证券ETF;半导体ETF;创新药ETF,国债ETF,军工ETF;证券ETF;半导体ETF;创新药ETF
2022-01-10,907108.0106336288,0.0,907108.0106336288,0.0,False,liquidate,-0.19765326266516794,5,国债ETF;军工ETF;证券ETF;创新药ETF;半导体ETF,国债ETF,军工ETF;证券ETF;创新药ETF;半导体ETF
2022-01-11,907180.0033328854,0.0,907180.0033328854,0.0,False,liquidate,-0.19758958435268104,5,国债ETF;证券ETF;军工ETF;创新药ETF;半导体ETF,国债ETF,证券ETF;军工ETF;创新药ETF;半导体ETF
2022-01-12,907252.0017458485,0.0,907252.0017458485,0.0,False,liquidate,-0.19752590098635978,5,国债ETF;证券ETF;军工ETF;创新药ETF;有色ETF,国债ETF,证券ETF;军工ETF;创新药ETF;有色ETF
2022-01-13,907324.0058729711,0.0,907324.0058729711,0.0,False,liquidate,-0.19746221256580312,5,国债ETF;证券ETF;军工ETF;创新药ETF;半导体ETF,国债ETF,证券ETF;军工ETF;创新药ETF;半导体ETF
2022-01-14,907396.0157147071,0.0,907396.0157147071,0.0,False,liquidate,-0.19739851909060993,5,国债ETF;军工ETF;证券ETF;创新药ETF;半导体ETF,国债ETF,军工ETF;证券ETF;创新药ETF;半导体ETF
2022-01-17,907468.0312715098,0.0,907468.0312715098,0.0,False,liquidate,-0.19733482056037904,5,国债ETF;军工ETF;证券ETF;半导体ETF;创新药ETF,国债ETF,军工ETF;证券ETF;半导体ETF;创新药ETF
2022-01-18,907540.052543833,0.0,907540.052543833,0.0,False,liquidate,-0.19727111697470917,5,国债ETF;军工ETF;证券ETF;半导体ETF;创新药ETF,国债ETF,军工ETF;证券ETF;半导体ETF;创新药ETF
2022-01-19,907612.0795321302,0.0,907612.0795321302,0.0,False,liquidate,-0.19720740833319922,6,黄金;国债ETF;证券ETF;军工ETF;半导体ETF;创新药ETF,黄金;国债ETF,证券ETF;军工ETF;半导体ETF;创新药ETF
2022-01-20,907684.112236855,0.0,907684.112236855,0.0,False,liquidate,-0.19714369463544787,6,黄金;国债ETF;证券ETF;军工ETF;半导体ETF;有色ETF,黄金;国债ETF,证券ETF;军工ETF;半导体ETF;有色ETF
2022-01-21,907756.1506584611,0.0,907756.1506584611,0.0,False,liquidate,-0.19707997588105378,6,黄金;国债ETF;证券ETF;有色ETF;半导体ETF;军工ETF,黄金;国债ETF,证券ETF;有色ETF;半导体ETF;军工ETF
2022-01-24,907828.1947974024,0.0,907828.1947974024,0.0,False,liquidate,-0.1970162520696157,6,黄金;国债ETF;证券ETF;有色ETF;半导体ETF;军工ETF,黄金;国债ETF,证券ETF;有色ETF;半导体ETF;军工ETF
2022-01-25,907900.2446541324,0.0,907900.2446541324,0.0,False,liquidate,-0.19695252320073225,6,黄金;国债ETF;证券ETF;有色ETF;军工ETF;半导体ETF,黄金;国债ETF,证券ETF;有色ETF;军工ETF;半导体ETF
2022-01-26,907972.300229105,0.0,907972.300229105,0.0,False,liquidate,-0.19688878927400208,6,黄金;国债ETF;证券ETF;有色ETF;半导体ETF;军工ETF,黄金;国债ETF,证券ETF;有色ETF;半导体ETF;军工ETF
2022-01-27,908044.3615227741,0.0,908044.3615227741,0.0,False,liquidate,-0.19682505028902378,6,黄金;国债ETF;证券ETF;有色ETF;半导体ETF;军工ETF,黄金;国债ETF,证券ETF;有色ETF;半导体ETF;军工ETF
2022-01-28,908116.4285355934,0.0,908116.4285355934,0.0,False,liquidate,-0.19676130624539584,6,黄金;国债ETF;证券ETF;有色ETF;半导体ETF;军工ETF,黄金;国债ETF,证券ETF;有色ETF;半导体ETF;军工ETF
2022-02-07,908188.501268017,0.0,908188.501268017,0.0,False,liquidate,-0.19669755714271683,6,黄金;国债ETF;证券ETF;有色ETF;半导体ETF;创新药ETF,黄金;国债ETF,证券ETF;有色ETF;半导体ETF;创新药ETF
2022-02-08,908260.5797204986,0.0,908260.5797204986,0.0,False,liquidate,-0.19663380298058525,6,黄金;国债ETF;证券ETF;有色ETF;半导体ETF;创新药ETF,黄金;国债ETF,证券ETF;有色ETF;半导体ETF;创新药ETF
2022-02-09,908332.6638934924,0.0,908332.6638934924,0.0,False,liquidate,-0.1965700437585995,6,黄金;国债ETF;证券ETF;有色ETF;军工ETF;半导体ETF,黄金;国债ETF,证券ETF;有色ETF;军工ETF;半导体ETF
2022-02-10,908404.7537874522,0.0,908404.7537874522,0.0,False,liquidate,-0.1965062794763581,6,黄金;国债ETF;有色ETF;证券ETF;军工ETF;半导体ETF,黄金;国债ETF,有色ETF;证券ETF;军工ETF;半导体ETF
2022-02-11,908476.8494028322,0.0,908476.8494028322,0.0,False,liquidate,-0.19644251013345937,6,黄金;国债ETF;有色ETF;证券ETF;半导体ETF;军工ETF,黄金;国债ETF,有色ETF;证券ETF;半导体ETF;军工ETF
2022-02-14,908548.9507400865,0.0,908548.9507400865,0.0,False,liquidate,-0.19637873572950165,6,黄金;国债ETF;有色ETF;证券ETF;军工ETF;半导体ETF,黄金;国债ETF,有色ETF;证券ETF;军工ETF;半导体ETF
2022-02-15,908621.0577996691,0.0,908621.0577996691,0.0,False,liquidate,-0.1963149562640833,6,黄金;国债ETF;有色ETF;证券ETF;半导体ETF;军工ETF,黄金;国债ETF,有色ETF;证券ETF;半导体ETF;军工ETF
2022-02-16,908693.1705820342,0.0,908693.1705820342,0.0,False,liquidate,-0.19625117173680265,6,黄金;国债ETF;有色ETF;证券ETF;半导体ETF;酒ETF,黄金;国债ETF,有色ETF;证券ETF;半导体ETF;酒ETF
2022-02-17,908765.2890876359,0.0,908765.2890876359,0.0,False,liquidate,-0.19618738214725795,6,黄金;国债ETF;有色ETF;证券ETF;半导体ETF;酒ETF,黄金;国债ETF,有色ETF;证券ETF;半导体ETF;酒ETF
2022-02-18,908837.4133169287,0.0,908837.4133169287,0.0,False,liquidate,-0.19612358749504735,6,黄金;国债ETF;有色ETF;证券ETF;半导体ETF;酒ETF,黄金;国债ETF,有色ETF;证券ETF;半导体ETF;酒ETF
2022-02-21,908909.5432703665,0.0,908909.5432703665,0.0,False,liquidate,-0.1960597877797692,6,黄金;国债ETF;有色ETF;证券ETF;酒ETF;军工ETF,黄金;国债ETF,有色ETF;证券ETF;酒ETF;军工ETF
2022-02-22,908981.6789484039,0.0,908981.6789484039,0.0,False,liquidate,-0.19599598300102147,6,黄金;国债ETF;有色ETF;证券ETF;军工ETF;半导体ETF,黄金;国债ETF,有色ETF;证券ETF;军工ETF;半导体ETF
2022-02-23,909053.8203514951,0.0,909053.8203514951,0.0,False,liquidate,-0.19593217315840253,6,黄金;国债ETF;有色ETF;军工ETF;半导体ETF;证券ETF,黄金;国债ETF,有色ETF;军工ETF;半导体ETF;证券ETF
2022-02-24,909125.9674800944,0.0,909125.9674800944,0.0,False,liquidate,-0.1958683582515103,6,黄金;国债ETF;有色ETF;军工ETF;半导体ETF;证券ETF,黄金;国债ETF,有色ETF;军工ETF;半导体ETF;证券ETF
2022-02-25,909198.1203346563,0.0,909198.1203346563,0.0,False,liquidate,-0.19580453827994296,6,黄金;国债ETF;有色ETF;军工ETF;半导体ETF;创新药ETF,黄金;国债ETF,有色ETF;军工ETF;半导体ETF;创新药ETF
2022-02-28,909270.2789156353,0.0,909270.2789156353,0.0,False,liquidate,-0.19574071324329848,6,黄金;国债ETF;有色ETF;军工ETF;半导体ETF;证券ETF,黄金;国债ETF,有色ETF;军工ETF;半导体ETF;证券ETF
2022-03-01,909342.4432234858,0.0,909342.4432234858,0.0,False,liquidate,-0.19567688314117485,6,黄金;国债ETF;有色ETF;军工ETF;半导体ETF;创新药ETF,黄金;国债ETF,有色ETF;军工ETF;半导体ETF;创新药ETF
2022-03-02,909414.6132586624,0.0,909414.6132586624,0.0,False,liquidate,-0.1956130479731701,6,黄金;国债ETF;有色ETF;军工ETF;半导体ETF;创新药ETF,黄金;国债ETF,有色ETF;军工ETF;半导体ETF;创新药ETF
2022-03-03,909486.7890216195,0.0,909486.7890216195,0.0,False,liquidate,-0.1955492077388822,6,黄金;国债ETF;有色ETF;军工ETF;创新药ETF;半导体ETF,黄金;国债ETF,有色ETF;军工ETF;创新药ETF;半导体ETF
2022-03-04,909558.9705128117,0.0,909558.9705128117,0.0,False,liquidate,-0.19548536243790912,6,黄金;国债ETF;有色ETF;军工ETF;半导体ETF;创新药ETF,黄金;国债ETF,有色ETF;军工ETF;半导体ETF;创新药ETF
2022-03-07,909631.1577326937,0.0,909631.1577326937,0.0,False,liquidate,-0.19542151206984856,6,黄金;国债ETF;有色ETF;军工ETF;半导体ETF;创新药ETF,黄金;国债ETF,有色ETF;军工ETF;半导体ETF;创新药ETF
2022-03-08,909703.3506817202,0.0,909703.3506817202,0.0,False,liquidate,-0.1953576566342985,6,黄金;国债ETF;有色ETF;半导体ETF;军工ETF;创新药ETF,黄金;国债ETF,有色ETF;半导体ETF;军工ETF;创新药ETF
2022-03-09,909775.5493603458,0.0,909775.5493603458,0.0,False,liquidate,-0.19529379613085668,6,黄金;国债ETF;半导体ETF;有色ETF;军工ETF;创新药ETF,黄金;国债ETF,半导体ETF;有色ETF;军工ETF;创新药ETF
2022-03-10,909847.7537690252,0.0,909847.7537690252,0.0,False,liquidate,-0.19522993055912105,6,黄金;国债ETF;有色ETF;半导体ETF;创新药ETF;军工ETF,黄金;国债ETF,有色ETF;半导体ETF;创新药ETF;军工ETF
2022-03-11,909919.9639082133,0.0,909919.9639082133,0.0,False,liquidate,-0.19516605991868916,6,黄金;国债ETF;半导体ETF;创新药ETF;有色ETF;军工ETF,黄金;国债ETF,半导体ETF;创新药ETF;有色ETF;军工ETF
2022-03-14,909992.1797783648,0.0,909992.1797783648,0.0,False,liquidate,-0.1951021842091588,6,黄金;国债ETF;创新药ETF;半导体ETF;军工ETF;有色ETF,黄金;国债ETF,创新药ETF;半导体ETF;军工ETF;有色ETF
2022-03-15,910064.4013799346,0.0,910064.4013799346,0.0,False,liquidate,-0.19503830343012774,6,黄金;国债ETF;创新药ETF;半导体ETF;军工ETF;有色ETF,黄金;国债ETF,创新药ETF;半导体ETF;军工ETF;有色ETF
2022-03-16,910136.6287133775,0.0,910136.6287133775,0.0,False,liquidate,-0.19497441758119358,6,黄金;国债ETF;半导体ETF;创新药ETF;军工ETF;证券ETF,黄金;国债ETF,半导体ETF;创新药ETF;军工ETF;证券ETF
2022-03-17,910208.8617791485,0.0,910208.8617791485,0.0,False,liquidate,-0.19491052666195396,6,黄金;国债ETF;创新药ETF;半导体ETF;军工ETF;有色ETF,黄金;国债ETF,创新药ETF;半导体ETF;军工ETF;有色ETF
2022-03-18,910281.1005777024,0.0,910281.1005777024,0.0,False,liquidate,-0.19484663067200644,6,黄金;国债ETF;创新药ETF;半导体ETF;有色ETF;军工ETF,黄金;国债ETF,创新药ETF;半导体ETF;有色ETF;军工ETF
2022-03-21,910353.3451094943,0.0,910353.3451094943,0.0,False,liquidate,-0.19478272961094867,5,黄金;创新药ETF;半导体ETF;军工ETF;有色ETF,黄金,创新药ETF;半导体ETF;军工ETF;有色ETF
2022-03-22,910425.5953749792,0.0,910425.5953749792,0.0,False,liquidate,-0.1947188234783781,5,黄金;创新药ETF;有色ETF;半导体ETF;军工ETF,黄金,创新药ETF;有色ETF;半导体ETF;军工ETF
2022-03-23,910497.8513746122,0.0,910497.8513746122,0.0,False,liquidate,-0.1946549122738922,5,黄金;创新药ETF;有色ETF;半导体ETF;军工ETF,黄金,创新药ETF;有色ETF;半导体ETF;军工ETF
2022-03-24,910570.1131088483,0.0,910570.1131088483,0.0,False,liquidate,-0.19459099599708848,5,黄金;创新药ETF;有色ETF;军工ETF;半导体ETF,黄金,创新药ETF;有色ETF;军工ETF;半导体ETF
2022-03-25,910642.3805781427,0.0,910642.3805781427,0.0,False,liquidate,-0.1945270746475644,6,纳指;黄金;创新药ETF;有色ETF;证券ETF;军工ETF,纳指;黄金,创新药ETF;有色ETF;证券ETF;军工ETF
2022-03-28,910714.6537829505,0.0,910714.6537829505,0.0,False,liquidate,-0.19446314822491742,6,纳指;黄金;创新药ETF;有色ETF;证券ETF;半导体ETF,纳指;黄金,创新药ETF;有色ETF;证券ETF;半导体ETF
2022-03-29,910786.932723727,0.0,910786.932723727,0.0,False,liquidate,-0.19439921672874474,6,纳指;黄金;创新药ETF;有色ETF;证券ETF;军工ETF,纳指;黄金,创新药ETF;有色ETF;证券ETF;军工ETF
2022-03-30,910859.2174009273,0.0,910859.2174009273,0.0,False,liquidate,-0.1943352801586438,6,纳指;黄金;创新药ETF;有色ETF;证券ETF;半导体ETF,纳指;黄金,创新药ETF;有色ETF;证券ETF;半导体ETF
2022-03-31,910931.5078150068,0.0,910931.5078150068,0.0,False,liquidate,-0.1942713385142119,6,纳指;黄金;创新药ETF;证券ETF;有色ETF;军工ETF,纳指;黄金,创新药ETF;证券ETF;有色ETF;军工ETF
2022-04-01,911003.8039664207,0.0,911003.8039664207,0.0,False,liquidate,-0.19420739179504634,6,纳指;黄金;创新药ETF;有色ETF;证券ETF;酒ETF,纳指;黄金,创新药ETF;有色ETF;证券ETF;酒ETF
2022-04-06,911076.1058556244,0.0,911076.1058556244,0.0,False,liquidate,-0.19414344000074432,6,纳指;黄金;创新药ETF;有色ETF;证券ETF;酒ETF,纳指;黄金,创新药ETF;有色ETF;证券ETF;酒ETF
2022-04-07,911148.4134830734,0.0,911148.4134830734,0.0,False,liquidate,-0.19407948313090306,5,黄金;创新药ETF;有色ETF;证券ETF;军工ETF,黄金,创新药ETF;有色ETF;证券ETF;军工ETF
2022-04-08,911220.7268492228,0.0,911220.7268492228,0.0,False,liquidate,-0.1940155211851198,5,黄金;有色ETF;创新药ETF;证券ETF;军工ETF,黄金,有色ETF;创新药ETF;证券ETF;军工ETF
2022-04-11,911293.0459545283,0.0,911293.0459545283,0.0,False,liquidate,-0.19395155416299167,6,黄金;国债ETF;创新药ETF;有色ETF;证券ETF;军工ETF,黄金;国债ETF,创新药ETF;有色ETF;证券ETF;军工ETF
2022-04-12,911365.3707994453,0.0,911365.3707994453,0.0,False,liquidate,-0.1938875820641157,6,黄金;国债ETF;有色ETF;创新药ETF;证券ETF;酒ETF,黄金;国债ETF,有色ETF;创新药ETF;证券ETF;酒ETF
2022-04-13,911437.7013844295,0.0,911437.7013844295,0.0,False,liquidate,-0.19382360488808897,6,黄金;国债ETF;有色ETF;证券ETF;酒ETF;创新药ETF,黄金;国债ETF,有色ETF;证券ETF;酒ETF;创新药ETF
2022-04-14,911510.0377099363,0.0,911510.0377099363,0.0,False,liquidate,-0.19375962263450858,6,黄金;国债ETF;有色ETF;酒ETF;证券ETF;创新药ETF,黄金;国债ETF,有色ETF;酒ETF;证券ETF;创新药ETF
2022-04-15,911582.3797764212,0.0,911582.3797764212,0.0,False,liquidate,-0.19369563530297157,6,黄金;国债ETF;有色ETF;酒ETF;证券ETF;创新药ETF,黄金;国债ETF,有色ETF;酒ETF;证券ETF;创新药ETF
2022-04-18,911654.72758434,0.0,911654.72758434,0.0,False,liquidate,-0.19363164289307497,6,黄金;国债ETF;酒ETF;有色ETF;证券ETF;创新药ETF,黄金;国债ETF,酒ETF;有色ETF;证券ETF;创新药ETF
2022-04-19,911727.0811341483,0.0,911727.0811341483,0.0,False,liquidate,-0.1935676454044157,6,黄金;国债ETF;酒ETF;有色ETF;证券ETF;创新药ETF,黄金;国债ETF,酒ETF;有色ETF;证券ETF;创新药ETF
2022-04-20,911799.4404263018,0.0,911799.4404263018,0.0,False,liquidate,-0.19350364283659066,7,纳指;黄金;国债ETF;酒ETF;有色ETF;证券ETF;创新药ETF,纳指;黄金;国债ETF,酒ETF;有色ETF;证券ETF;创新药ETF
2022-04-21,911871.8054612563,0.0,911871.8054612563,0.0,False,liquidate,-0.1934396351891967,7,纳指;黄金;国债ETF;酒ETF;证券ETF;有色ETF;创新药ETF,纳指;黄金;国债ETF,酒ETF;证券ETF;有色ETF;创新药ETF
2022-04-22,911944.1762394676,0.0,911944.1762394676,0.0,True,liquidate,-0.1933756224618307,0,,纳指;黄金;国债ETF,酒ETF;证券ETF;有色ETF;创新药ETF
2022-04-25,911944.1762394676,0.0,911944.1762394676,0.0,True,liquidate,-0.1933756224618307,0,,黄金;国债ETF,酒ETF;证券ETF;创新药ETF;有色ETF
2022-04-26,911944.1762394676,0.0,911944.1762394676,0.0,True,liquidate,-0.1933756224618307,0,,纳指;黄金;国债ETF,酒ETF;创新药ETF;证券ETF;有色ETF
2022-04-27,911944.1762394676,0.0,911944.1762394676,0.0,True,liquidate,-0.1933756224618307,0,,黄金;国债ETF,酒ETF;创新药ETF;有色ETF;证券ETF
2022-04-28,911944.1762394676,0.0,911944.1762394676,0.0,True,liquidate,-0.1933756224618307,0,,黄金;国债ETF,酒ETF;创新药ETF;有色ETF;证券ETF
2022-04-29,911944.1762394676,0.0,911944.1762394676,0.0,True,liquidate,-0.1933756224618307,0,,黄金;国债ETF,酒ETF;有色ETF;创新药ETF;证券ETF
2022-05-05,911944.1762394676,0.0,911944.1762394676,0.0,True,liquidate,-0.1933756224618307,0,,纳指;黄金;国债ETF,酒ETF;有色ETF;创新药ETF;军工ETF
2022-05-06,911944.1762394676,0.0,911944.1762394676,0.0,True,liquidate,-0.1933756224618307,0,,国债ETF,酒ETF;军工ETF;创新药ETF;有色ETF
2022-05-09,911944.1762394676,0.0,911944.1762394676,0.0,True,liquidate,-0.1933756224618307,0,,纳指;国债ETF,酒ETF;军工ETF;创新药ETF;有色ETF
2022-05-10,911944.1762394676,0.0,911944.1762394676,0.0,True,liquidate,-0.1933756224618307,0,,国债ETF,酒ETF;军工ETF;创新药ETF;有色ETF
2022-05-11,911944.1762394676,0.0,911944.1762394676,0.0,True,liquidate,-0.1933756224618307,0,,国债ETF,酒ETF;创新药ETF;军工ETF;半导体ETF
2022-05-12,911944.1762394676,0.0,911944.1762394676,0.0,True,liquidate,-0.1933756224618307,0,,国债ETF,酒ETF;创新药ETF;军工ETF;半导体ETF
2022-05-13,911944.1762394676,0.0,911944.1762394676,0.0,True,liquidate,-0.1933756224618307,0,,国债ETF,创新药ETF;军工ETF;酒ETF;半导体ETF
2022-05-16,911944.1762394676,0.0,911944.1762394676,0.0,True,liquidate,-0.1933756224618307,0,,纳指;黄金;国债ETF,创新药ETF;军工ETF;酒ETF;半导体ETF
2022-05-17,911944.1762394676,0.0,911944.1762394676,0.0,True,liquidate,-0.1933756224618307,0,,黄金;国债ETF,军工ETF;创新药ETF;酒ETF;半导体ETF
2022-05-18,911944.1762394676,0.0,911944.1762394676,0.0,True,liquidate,-0.1933756224618307,0,,国债ETF,军工ETF;酒ETF;创新药ETF;半导体ETF
2022-05-19,911944.1762394676,0.0,911944.1762394676,0.0,True,liquidate,-0.1933756224618307,0,,国债ETF,军工ETF;半导体ETF;创新药ETF;酒ETF
2022-05-20,911944.1762394676,0.0,911944.1762394676,0.0,True,liquidate,-0.1933756224618307,0,,黄金;国债ETF,军工ETF;半导体ETF;酒ETF;创新药ETF
2022-05-23,911944.1762394676,0.0,911944.1762394676,0.0,True,liquidate,-0.1933756224618307,0,,黄金;国债ETF,军工ETF;创新药ETF;有色ETF;半导体ETF
2022-05-24,911944.1762394676,0.0,911944.1762394676,0.0,True,liquidate,-0.1933756224618307,0,,黄金;国债ETF,有色ETF;酒ETF;军工ETF;创新药ETF
2022-05-25,911944.1762394676,0.0,911944.1762394676,0.0,True,liquidate,-0.1933756224618307,0,,黄金;国债ETF,有色ETF;酒ETF;创新药ETF;军工ETF
2022-05-26,911944.1762394676,0.0,911944.1762394676,0.0,True,liquidate,-0.1933756224618307,0,,国债ETF,军工ETF;有色ETF;酒ETF;证券ETF
2022-05-27,911944.1762394676,0.0,911944.1762394676,0.0,True,liquidate,-0.1933756224618307,0,,黄金;国债ETF,军工ETF;酒ETF;有色ETF;证券ETF
2022-05-30,911944.1762394676,0.0,911944.1762394676,0.0,True,liquidate,-0.1933756224618307,0,,黄金;国债ETF,军工ETF;有色ETF;酒ETF;证券ETF
2022-05-31,911944.1762394676,0.0,911944.1762394676,0.0,True,liquidate,-0.1933756224618307,0,,黄金;国债ETF,酒ETF;军工ETF;半导体ETF;有色ETF
2022-06-01,911944.1762394676,0.0,911944.1762394676,0.0,True,liquidate,-0.1933756224618307,0,,黄金;国债ETF,酒ETF;军工ETF;半导体ETF;有色ETF
2022-06-02,911944.1762394676,0.0,911944.1762394676,0.0,True,liquidate,-0.1933756224618307,0,,黄金;国债ETF,酒ETF;军工ETF;半导体ETF;有色ETF
2022-06-06,911944.1762394676,0.0,911944.1762394676,0.0,True,liquidate,-0.1933756224618307,0,,黄金;国债ETF,酒ETF;半导体ETF;有色ETF;军工ETF
2022-06-07,911944.1762394676,0.0,911944.1762394676,0.0,True,liquidate,-0.1933756224618307,0,,黄金;国债ETF,酒ETF;有色ETF;军工ETF;半导体ETF
2022-06-08,911944.1762394676,0.0,911944.1762394676,0.0,True,liquidate,-0.1933756224618307,0,,创业板;黄金;国债ETF,有色ETF;酒ETF;军工ETF;证券ETF
2022-06-09,911944.1762394676,0.0,911944.1762394676,0.0,True,liquidate,-0.1933756224618307,0,,沪深300;创业板;国债ETF,有色ETF;酒ETF;证券ETF;军工ETF
2022-06-10,911944.1762394676,0.0,911944.1762394676,0.0,True,liquidate,-0.1933756224618307,0,,沪深300;创业板;国债ETF,有色ETF;酒ETF;证券ETF;军工ETF
2022-06-13,911944.1762394676,0.0,911944.1762394676,0.0,True,liquidate,-0.1933756224618307,0,,沪深300;创业板;国债ETF,有色ETF;酒ETF;证券ETF;军工ETF
2022-06-14,911944.1762394676,0.0,911944.1762394676,0.0,True,liquidate,-0.1933756224618307,0,,沪深300;创业板;国债ETF,有色ETF;证券ETF;酒ETF;军工ETF
2022-06-15,911944.1762394676,0.0,911944.1762394676,0.0,True,liquidate,-0.1933756224618307,0,,沪深300;创业板;国债ETF,证券ETF;有色ETF;酒ETF;军工ETF
2022-06-16,911944.1762394676,0.0,911944.1762394676,0.0,True,liquidate,-0.1933756224618307,0,,沪深300;创业板;国债ETF,有色ETF;酒ETF;证券ETF;军工ETF
2022-06-17,911944.1762394676,0.0,911944.1762394676,0.0,True,liquidate,-0.1933756224618307,0,,沪深300;创业板;国债ETF,有色ETF;酒ETF;证券ETF;军工ETF
2022-06-20,911944.1762394676,0.0,911944.1762394676,0.0,True,liquidate,-0.1933756224618307,0,,沪深300;创业板;国债ETF,酒ETF;有色ETF;证券ETF;军工ETF
2022-06-21,911944.1762394676,0.0,911944.1762394676,0.0,True,liquidate,-0.1933756224618307,0,,沪深300;创业板;国债ETF,酒ETF;证券ETF;有色ETF;创新药ETF
2022-06-22,911944.1762394676,0.0,911944.1762394676,0.0,True,liquidate,-0.1933756224618307,0,,沪深300;创业板;国债ETF,酒ETF;证券ETF;有色ETF;创新药ETF
2022-06-23,911944.1762394676,0.0,911944.1762394676,0.0,True,liquidate,-0.1933756224618307,0,,沪深300;创业板;国债ETF,酒ETF;证券ETF;有色ETF;军工ETF
2022-06-24,911944.1762394676,0.0,911944.1762394676,0.0,True,liquidate,-0.1933756224618307,0,,沪深300;创业板;国债ETF,酒ETF;证券ETF;军工ETF;有色ETF
2022-06-27,911944.1762394676,0.0,911944.1762394676,0.0,True,liquidate,-0.1933756224618307,0,,沪深300;创业板;国债ETF,酒ETF;有色ETF;证券ETF;创新药ETF
2022-06-28,911944.1762394676,0.0,911944.1762394676,0.0,True,liquidate,-0.1933756224618307,0,,沪深300;创业板;国债ETF,酒ETF;有色ETF;证券ETF;军工ETF
2022-06-29,911944.1762394676,0.0,911944.1762394676,0.0,True,liquidate,-0.1933756224618307,0,,沪深300;创业板;国债ETF,酒ETF;有色ETF;证券ETF;创新药ETF
2022-06-30,911944.1762394676,0.0,911944.1762394676,0.0,True,liquidate,-0.1933756224618307,0,,沪深300;创业板;国债ETF,酒ETF;有色ETF;创新药ETF;证券ETF
2022-07-01,911944.1762394676,0.0,911944.1762394676,0.0,True,liquidate,-0.1933756224618307,0,,沪深300;创业板;国债ETF,酒ETF;有色ETF;创新药ETF;证券ETF
2022-07-04,911944.1762394676,0.0,911944.1762394676,0.0,True,liquidate,-0.1933756224618307,0,,沪深300;创业板;国债ETF,酒ETF;创新药ETF;有色ETF;军工ETF
2022-07-05,911944.1762394676,0.0,911944.1762394676,0.0,True,liquidate,-0.1933756224618307,0,,沪深300;创业板,酒ETF;创新药ETF;有色ETF;军工ETF
2022-07-06,911944.1762394676,0.0,911944.1762394676,0.0,True,liquidate,-0.1933756224618307,0,,沪深300;创业板;国债ETF,酒ETF;创新药ETF;军工ETF;有色ETF
2022-07-07,911944.1762394676,0.0,911944.1762394676,0.0,True,liquidate,-0.1933756224618307,0,,沪深300;创业板;国债ETF,酒ETF;军工ETF;创新药ETF;有色ETF
2022-07-08,911944.1762394676,0.0,911944.1762394676,0.0,True,liquidate,-0.1933756224618307,0,,沪深300;创业板,酒ETF;创新药ETF;军工ETF;有色ETF
2022-07-11,911944.1762394676,0.0,911944.1762394676,0.0,False,liquidate,-0.1933756224618307,6,沪深300;创业板;军工ETF;创新药ETF;酒ETF;半导体ETF,沪深300;创业板,军工ETF;创新药ETF;酒ETF;半导体ETF
2022-07-12,912016.5527613914,0.0,912016.5527613914,0.0,False,liquidate,-0.19331160465408953,6,沪深300;创业板;军工ETF;创新药ETF;酒ETF;半导体ETF,沪深300;创业板,军工ETF;创新药ETF;酒ETF;半导体ETF
2022-07-13,912088.9350274836,0.0,912088.9350274836,0.0,False,liquidate,-0.19324758176556997,6,沪深300;创业板;军工ETF;酒ETF;创新药ETF;有色ETF,沪深300;创业板,军工ETF;酒ETF;创新药ETF;有色ETF
2022-07-14,912161.3230382001,0.0,912161.3230382001,0.0,False,liquidate,-0.19318355379586877,6,沪深300;创业板;军工ETF;创新药ETF;酒ETF;有色ETF,沪深300;创业板,军工ETF;创新药ETF;酒ETF;有色ETF
2022-07-15,912233.7167939969,0.0,912233.7167939969,0.0,False,liquidate,-0.19311952074458272,7,沪深300;创业板;国债ETF;军工ETF;酒ETF;创新药ETF;有色ETF,沪深300;创业板;国债ETF,军工ETF;酒ETF;创新药ETF;有色ETF
2022-07-18,912306.1162953298,0.0,912306.1162953298,0.0,False,liquidate,-0.19305548261130842,8,沪深300;创业板;纳指;国债ETF;军工ETF;创新药ETF;有色ETF;酒ETF,沪深300;创业板;纳指;国债ETF,军工ETF;创新药ETF;有色ETF;酒ETF
2022-07-19,912378.5215426548,0.0,912378.5215426548,0.0,False,liquidate,-0.19299143939564262,7,沪深300;创业板;纳指;军工ETF;创新药ETF;有色ETF;酒ETF,沪深300;创业板;纳指,军工ETF;创新药ETF;有色ETF;酒ETF
2022-07-20,912450.9325364281,0.0,912450.9325364281,0.0,False,liquidate,-0.19292739109718193,7,沪深300;创业板;纳指;军工ETF;创新药ETF;有色ETF;酒ETF,沪深300;创业板;纳指,军工ETF;创新药ETF;有色ETF;酒ETF
2022-07-21,912523.3492771056,0.0,912523.3492771056,0.0,False,liquidate,-0.19286333771552291,7,沪深300;创业板;纳指;军工ETF;创新药ETF;有色ETF;半导体ETF,沪深300;创业板;纳指,军工ETF;创新药ETF;有色ETF;半导体ETF
2022-07-22,912595.7717651436,0.0,912595.7717651436,0.0,False,liquidate,-0.19279927925026216,8,沪深300;创业板;纳指;国债ETF;军工ETF;有色ETF;创新药ETF;半导体ETF,沪深300;创业板;纳指;国债ETF,军工ETF;有色ETF;创新药ETF;半导体ETF
2022-07-25,912668.200000998,0.0,912668.200000998,0.0,False,liquidate,-0.1927352157009963,7,沪深300;创业板;国债ETF;军工ETF;创新药ETF;酒ETF;有色ETF,沪深300;创业板;国债ETF,军工ETF;创新药ETF;酒ETF;有色ETF
2022-07-26,912740.6339851251,0.0,912740.6339851251,0.0,False,liquidate,-0.19267114706732172,7,沪深300;创业板;国债ETF;军工ETF;有色ETF;创新药ETF;酒ETF,沪深300;创业板;国债ETF,军工ETF;有色ETF;创新药ETF;酒ETF
2022-07-27,912813.0737179811,0.0,912813.0737179811,0.0,False,liquidate,-0.19260707334883498,7,沪深300;创业板;国债ETF;军工ETF;有色ETF;创新药ETF;酒ETF,沪深300;创业板;国债ETF,军工ETF;有色ETF;创新药ETF;酒ETF
2022-07-28,912885.5192000222,0.0,912885.5192000222,0.0,False,liquidate,-0.19254299454513252,8,沪深300;创业板;纳指;国债ETF;军工ETF;有色ETF;半导体ETF;证券ETF,沪深300;创业板;纳指;国债ETF,军工ETF;有色ETF;半导体ETF;证券ETF
2022-07-29,912957.9704317048,0.0,912957.9704317048,0.0,False,liquidate,-0.1924789106558107,8,沪深300;创业板;纳指;国债ETF;军工ETF;有色ETF;半导体ETF;证券ETF,沪深300;创业板;纳指;国债ETF,军工ETF;有色ETF;半导体ETF;证券ETF
2022-08-01,913030.4274134851,0.0,913030.4274134851,0.0,False,liquidate,-0.19241482168046584,8,沪深300;创业板;纳指;国债ETF;军工ETF;有色ETF;半导体ETF;酒ETF,沪深300;创业板;纳指;国债ETF,军工ETF;有色ETF;半导体ETF;酒ETF
2022-08-02,913102.8901458195,0.0,913102.8901458195,0.0,False,liquidate,-0.19235072761869446,7,创业板;纳指;国债ETF;军工ETF;有色ETF;酒ETF;半导体ETF,创业板;纳指;国债ETF,军工ETF;有色ETF;酒ETF;半导体ETF
2022-08-03,913175.3586291645,0.0,913175.3586291645,0.0,False,liquidate,-0.1922866284700927,7,创业板;纳指;国债ETF;军工ETF;半导体ETF;酒ETF;有色ETF,创业板;纳指;国债ETF,军工ETF;半导体ETF;酒ETF;有色ETF
2022-08-04,913247.8328639764,0.0,913247.8328639764,0.0,False,liquidate,-0.19222252423425698,7,创业板;纳指;国债ETF;军工ETF;半导体ETF;有色ETF;酒ETF,创业板;纳指;国债ETF,军工ETF;半导体ETF;有色ETF;酒ETF
2022-08-05,913320.3128507116,0.0,913320.3128507116,0.0,False,liquidate,-0.19215841491078348,8,沪深300;创业板;纳指;国债ETF;半导体ETF;军工ETF;有色ETF;酒ETF,沪深300;创业板;纳指;国债ETF,半导体ETF;军工ETF;有色ETF;酒ETF
2022-08-08,913392.7985898268,0.0,913392.7985898268,0.0,False,liquidate,-0.19209430049926843,7,创业板;纳指;国债ETF;半导体ETF;军工ETF;有色ETF;酒ETF,创业板;纳指;国债ETF,半导体ETF;军工ETF;有色ETF;酒ETF
2022-08-09,913465.2900817784,0.0,913465.2900817784,0.0,False,liquidate,-0.19203018099930802,7,创业板;纳指;国债ETF;军工ETF;半导体ETF;有色ETF;酒ETF,创业板;纳指;国债ETF,军工ETF;半导体ETF;有色ETF;酒ETF
2022-08-10,913537.7873270231,0.0,913537.7873270231,0.0,False,liquidate,-0.19196605641049835,7,创业板;纳指;国债ETF;军工ETF;半导体ETF;有色ETF;酒ETF,创业板;纳指;国债ETF,军工ETF;半导体ETF;有色ETF;酒ETF
2022-08-11,913610.2903260173,0.0,913610.2903260173,0.0,False,liquidate,-0.1919019267324357,7,创业板;纳指;国债ETF;军工ETF;半导体ETF;有色ETF;证券ETF,创业板;纳指;国债ETF,军工ETF;半导体ETF;有色ETF;证券ETF
2022-08-12,913682.7990792178,0.0,913682.7990792178,0.0,False,liquidate,-0.191837791964716,6,纳指;国债ETF;军工ETF;半导体ETF;有色ETF;证券ETF,纳指;国债ETF,军工ETF;半导体ETF;有色ETF;证券ETF
2022-08-15,913755.3135870813,0.0,913755.3135870813,0.0,False,liquidate,-0.19177365210693542,7,创业板;纳指;国债ETF;军工ETF;半导体ETF;有色ETF;酒ETF,创业板;纳指;国债ETF,军工ETF;半导体ETF;有色ETF;酒ETF
2022-08-16,913827.8338500644,0.0,913827.8338500644,0.0,False,liquidate,-0.1917095071586899,7,创业板;纳指;国债ETF;军工ETF;半导体ETF;有色ETF;证券ETF,创业板;纳指;国债ETF,军工ETF;半导体ETF;有色ETF;证券ETF
2022-08-17,913900.359868624,0.0,913900.359868624,0.0,False,liquidate,-0.19164535711957545,7,创业板;纳指;国债ETF;军工ETF;半导体ETF;证券ETF;有色ETF,创业板;纳指;国债ETF,军工ETF;半导体ETF;证券ETF;有色ETF
2022-08-18,913972.8916432168,0.0,913972.8916432168,0.0,False,liquidate,-0.19158120198918804,6,纳指;国债ETF;半导体ETF;军工ETF;有色ETF;证券ETF,纳指;国债ETF,半导体ETF;军工ETF;有色ETF;证券ETF
2022-08-19,914045.4291742997,0.0,914045.4291742997,0.0,False,liquidate,-0.19151704176712364,6,纳指;国债ETF;军工ETF;半导体ETF;证券ETF;有色ETF,纳指;国债ETF,军工ETF;半导体ETF;证券ETF;有色ETF
2022-08-22,914117.9724623294,0.0,914117.9724623294,0.0,False,liquidate,-0.19145287645297815,6,纳指;国债ETF;军工ETF;半导体ETF;有色ETF;证券ETF,纳指;国债ETF,军工ETF;半导体ETF;有色ETF;证券ETF
2022-08-23,914190.521507763,0.0,914190.521507763,0.0,False,liquidate,-0.19138870604634745,7,创业板;纳指;国债ETF;军工ETF;半导体ETF;有色ETF;证券ETF,创业板;纳指;国债ETF,军工ETF;半导体ETF;有色ETF;证券ETF
2022-08-24,914263.0763110573,0.0,914263.0763110573,0.0,False,liquidate,-0.19132453054682722,6,纳指;国债ETF;有色ETF;证券ETF;军工ETF;半导体ETF,纳指;国债ETF,有色ETF;证券ETF;军工ETF;半导体ETF
2022-08-25,914335.6368726693,0.0,914335.6368726693,0.0,False,liquidate,-0.19126034995401345,7,纳指;黄金;国债ETF;证券ETF;有色ETF;军工ETF;酒ETF,纳指;黄金;国债ETF,证券ETF;有色ETF;军工ETF;酒ETF
2022-08-26,914408.203193056,0.0,914408.203193056,0.0,False,liquidate,-0.19119616426750186,6,纳指;国债ETF;证券ETF;酒ETF;有色ETF;军工ETF,纳指;国债ETF,证券ETF;酒ETF;有色ETF;军工ETF
2022-08-29,914480.7752726746,0.0,914480.7752726746,0.0,False,liquidate,-0.1911319734868881,6,纳指;国债ETF;证券ETF;军工ETF;有色ETF;酒ETF,纳指;国债ETF,证券ETF;军工ETF;有色ETF;酒ETF
2022-08-30,914553.353111982,0.0,914553.353111982,0.0,False,liquidate,-0.191067777611768,7,纳指;黄金;国债ETF;证券ETF;军工ETF;有色ETF;酒ETF,纳指;黄金;国债ETF,证券ETF;军工ETF;有色ETF;酒ETF
2022-08-31,914625.9367114353,0.0,914625.9367114353,0.0,False,liquidate,-0.1910035766417372,7,纳指;黄金;国债ETF;证券ETF;酒ETF;军工ETF;创新药ETF,纳指;黄金;国债ETF,证券ETF;酒ETF;军工ETF;创新药ETF
2022-09-01,914698.5260714919,0.0,914698.5260714919,0.0,False,liquidate,-0.1909393705763912,7,纳指;黄金;国债ETF;证券ETF;酒ETF;军工ETF;创新药ETF,纳指;黄金;国债ETF,证券ETF;酒ETF;军工ETF;创新药ETF
2022-09-02,914771.1211926087,0.0,914771.1211926087,0.0,False,liquidate,-0.1908751594153258,7,纳指;黄金;国债ETF;证券ETF;酒ETF;军工ETF;创新药ETF,纳指;黄金;国债ETF,证券ETF;酒ETF;军工ETF;创新药ETF
2022-09-05,914843.7220752431,0.0,914843.7220752431,0.0,False,liquidate,-0.1908109431581365,7,纳指;黄金;国债ETF;军工ETF;证券ETF;酒ETF;创新药ETF,纳指;黄金;国债ETF,军工ETF;证券ETF;酒ETF;创新药ETF
2022-09-06,914916.3287198524,0.0,914916.3287198524,0.0,False,liquidate,-0.1907467218044188,7,纳指;黄金;国债ETF;军工ETF;证券ETF;酒ETF;有色ETF,纳指;黄金;国债ETF,军工ETF;证券ETF;酒ETF;有色ETF
2022-09-07,914988.9411268936,0.0,914988.9411268936,0.0,False,liquidate,-0.19068249535376836,7,纳指;黄金;国债ETF;军工ETF;证券ETF;有色ETF;酒ETF,纳指;黄金;国债ETF,军工ETF;证券ETF;有色ETF;酒ETF
2022-09-08,915061.5592968244,0.0,915061.5592968244,0.0,False,liquidate,-0.1906182638057805,7,纳指;黄金;国债ETF;军工ETF;证券ETF;有色ETF;半导体ETF,纳指;黄金;国债ETF,军工ETF;证券ETF;有色ETF;半导体ETF
2022-09-09,915134.183230102,0.0,915134.183230102,0.0,False,liquidate,-0.19055402716005077,7,纳指;黄金;国债ETF;军工ETF;证券ETF;有色ETF;酒ETF,纳指;黄金;国债ETF,军工ETF;证券ETF;有色ETF;酒ETF
2022-09-13,915206.8129271837,0.0,915206.8129271837,0.0,False,liquidate,-0.1904897854161746,7,纳指;黄金;国债ETF;军工ETF;证券ETF;有色ETF;酒ETF,纳指;黄金;国债ETF,军工ETF;证券ETF;有色ETF;酒ETF
2022-09-14,915279.4483885271,0.0,915279.4483885271,0.0,False,liquidate,-0.19042553857374728,6,黄金;国债ETF;军工ETF;证券ETF;有色ETF;半导体ETF,黄金;国债ETF,军工ETF;证券ETF;有色ETF;半导体ETF
2022-09-15,915352.0896145898,0.0,915352.0896145898,0.0,False,liquidate,-0.19036128663236418,6,黄金;国债ETF;军工ETF;证券ETF;酒ETF;有色ETF,黄金;国债ETF,军工ETF;证券ETF;酒ETF;有色ETF
2022-09-16,915424.7366058291,0.0,915424.7366058291,0.0,False,liquidate,-0.19029702959162068,6,黄金;国债ETF;军工ETF;酒ETF;有色ETF;证券ETF,黄金;国债ETF,军工ETF;酒ETF;有色ETF;证券ETF
2022-09-19,915497.3893627026,0.0,915497.3893627026,0.0,False,liquidate,-0.19023276745111203,6,黄金;国债ETF;军工ETF;酒ETF;证券ETF;半导体ETF,黄金;国债ETF,军工ETF;酒ETF;证券ETF;半导体ETF
2022-09-20,915570.047885668,0.0,915570.047885668,0.0,False,liquidate,-0.19016850021043347,7,纳指;黄金;国债ETF;军工ETF;酒ETF;有色ETF;证券ETF,纳指;黄金;国债ETF,军工ETF;酒ETF;有色ETF;证券ETF
2022-09-21,915642.7121751828,0.0,915642.7121751828,0.0,False,liquidate,-0.1901042278691803,7,纳指;黄金;国债ETF;军工ETF;酒ETF;有色ETF;证券ETF,纳指;黄金;国债ETF,军工ETF;酒ETF;有色ETF;证券ETF
2022-09-22,915715.3822317047,0.0,915715.3822317047,0.0,False,liquidate,-0.19003995042694766,6,黄金;国债ETF;军工ETF;有色ETF;酒ETF;证券ETF,黄金;国债ETF,军工ETF;有色ETF;酒ETF;证券ETF
2022-09-23,915788.0580556913,0.0,915788.0580556913,0.0,True,liquidate,-0.18997566788333076,0,,黄金;国债ETF,军工ETF;酒ETF;有色ETF;证券ETF
2022-09-26,915788.0580556913,0.0,915788.0580556913,0.0,True,liquidate,-0.18997566788333076,0,,国债ETF,军工ETF;酒ETF;证券ETF;半导体ETF
2022-09-27,915788.0580556913,0.0,915788.0580556913,0.0,True,liquidate,-0.18997566788333076,0,,国债ETF,酒ETF;军工ETF;半导体ETF;证券ETF
2022-09-28,915788.0580556913,0.0,915788.0580556913,0.0,True,liquidate,-0.18997566788333076,0,,国债ETF,酒ETF;军工ETF;证券ETF;半导体ETF
2022-09-29,915788.0580556913,0.0,915788.0580556913,0.0,True,liquidate,-0.18997566788333076,0,,黄金,酒ETF;军工ETF;半导体ETF;证券ETF
2022-09-30,915788.0580556913,0.0,915788.0580556913,0.0,True,liquidate,-0.18997566788333076,0,,,酒ETF;军工ETF;证券ETF;有色ETF
2022-10-10,915788.0580556913,0.0,915788.0580556913,0.0,True,liquidate,-0.18997566788333076,0,,黄金;国债ETF,酒ETF;军工ETF;证券ETF;有色ETF
2022-10-11,915788.0580556913,0.0,915788.0580556913,0.0,True,liquidate,-0.18997566788333076,0,,黄金;国债ETF,酒ETF;军工ETF;证券ETF;有色ETF
2022-10-12,915788.0580556913,0.0,915788.0580556913,0.0,True,liquidate,-0.18997566788333076,0,,黄金;国债ETF,酒ETF;军工ETF;证券ETF;有色ETF
2022-10-13,915788.0580556913,0.0,915788.0580556913,0.0,True,liquidate,-0.18997566788333076,0,,黄金;国债ETF,酒ETF;军工ETF;证券ETF;有色ETF
2022-10-14,915788.0580556913,0.0,915788.0580556913,0.0,True,liquidate,-0.18997566788333076,0,,黄金;国债ETF,军工ETF;酒ETF;创新药ETF;证券ETF
2022-10-17,915788.0580556913,0.0,915788.0580556913,0.0,True,liquidate,-0.18997566788333076,0,,国债ETF,军工ETF;创新药ETF;酒ETF;证券ETF
2022-10-18,915788.0580556913,0.0,915788.0580556913,0.0,True,liquidate,-0.18997566788333076,0,,黄金,军工ETF;创新药ETF;证券ETF;酒ETF
2022-10-19,915788.0580556913,0.0,915788.0580556913,0.0,True,liquidate,-0.18997566788333076,0,,黄金,军工ETF;创新药ETF;证券ETF;有色ETF
2022-10-20,915788.0580556913,0.0,915788.0580556913,0.0,True,liquidate,-0.18997566788333076,0,,黄金,军工ETF;创新药ETF;证券ETF;酒ETF
2022-10-21,915788.0580556913,0.0,915788.0580556913,0.0,True,liquidate,-0.18997566788333076,0,,黄金,军工ETF;创新药ETF;证券ETF;半导体ETF
2022-10-24,915788.0580556913,0.0,915788.0580556913,0.0,True,liquidate,-0.18997566788333076,0,,黄金,军工ETF;创新药ETF;证券ETF;半导体ETF
2022-10-25,915788.0580556913,0.0,915788.0580556913,0.0,True,liquidate,-0.18997566788333076,0,,黄金,军工ETF;创新药ETF;证券ETF;半导体ETF
2022-10-26,915788.0580556913,0.0,915788.0580556913,0.0,True,liquidate,-0.18997566788333076,0,,黄金,军工ETF;创新药ETF;半导体ETF;证券ETF
2022-10-27,915788.0580556913,0.0,915788.0580556913,0.0,True,liquidate,-0.18997566788333076,0,,黄金;国债ETF,创新药ETF;军工ETF;半导体ETF;证券ETF
2022-10-28,915788.0580556913,0.0,915788.0580556913,0.0,True,liquidate,-0.18997566788333076,0,,黄金;国债ETF,创新药ETF;军工ETF;半导体ETF;证券ETF
2022-10-31,915788.0580556913,0.0,915788.0580556913,0.0,True,liquidate,-0.18997566788333076,0,,黄金;国债ETF,军工ETF;创新药ETF;半导体ETF;证券ETF
2022-11-01,915788.0580556913,0.0,915788.0580556913,0.0,True,liquidate,-0.18997566788333076,0,,黄金;国债ETF,创新药ETF;军工ETF;证券ETF;半导体ETF
2022-11-02,915788.0580556913,0.0,915788.0580556913,0.0,True,liquidate,-0.18997566788333076,0,,黄金,创新药ETF;军工ETF;证券ETF;半导体ETF
2022-11-03,915788.0580556913,0.0,915788.0580556913,0.0,True,liquidate,-0.18997566788333076,0,,黄金;国债ETF,军工ETF;创新药ETF;半导体ETF;证券ETF
2022-11-04,915788.0580556913,0.0,915788.0580556913,0.0,False,liquidate,-0.18997566788333076,5,黄金;军工ETF;创新药ETF;证券ETF;半导体ETF,黄金,军工ETF;创新药ETF;证券ETF;半导体ETF
2022-11-07,915860.7396476006,0.0,915860.7396476006,0.0,False,liquidate,-0.1899113802379246,5,黄金;创新药ETF;军工ETF;有色ETF;证券ETF,黄金,创新药ETF;军工ETF;有色ETF;证券ETF
2022-11-08,915933.4270078901,0.0,915933.4270078901,0.0,False,liquidate,-0.18984708749032442,5,黄金;创新药ETF;军工ETF;有色ETF;证券ETF,黄金,创新药ETF;军工ETF;有色ETF;证券ETF
2022-11-09,916006.1201370177,0.0,916006.1201370177,0.0,False,liquidate,-0.18978278964012524,5,黄金;创新药ETF;军工ETF;有色ETF;证券ETF,黄金,创新药ETF;军工ETF;有色ETF;证券ETF
2022-11-10,916078.8190354413,0.0,916078.8190354413,0.0,False,liquidate,-0.18971848668692207,5,黄金;创新药ETF;军工ETF;有色ETF;证券ETF,黄金,创新药ETF;军工ETF;有色ETF;证券ETF
2022-11-11,916151.5237036187,0.0,916151.5237036187,0.0,False,liquidate,-0.18965417863030992,5,黄金;有色ETF;创新药ETF;证券ETF;军工ETF,黄金,有色ETF;创新药ETF;证券ETF;军工ETF
2022-11-14,916224.2341420079,0.0,916224.2341420079,0.0,False,liquidate,-0.1895898654698837,5,黄金;创新药ETF;证券ETF;有色ETF;半导体ETF,黄金,创新药ETF;证券ETF;有色ETF;半导体ETF
2022-11-15,916296.9503510668,0.0,916296.9503510668,0.0,False,liquidate,-0.18952554720523848,5,黄金;创新药ETF;证券ETF;半导体ETF;有色ETF,黄金,创新药ETF;证券ETF;半导体ETF;有色ETF
2022-11-16,916369.6723312534,0.0,916369.6723312534,0.0,False,liquidate,-0.189461223835969,6,纳指;黄金;创新药ETF;证券ETF;有色ETF;半导体ETF,纳指;黄金,创新药ETF;证券ETF;有色ETF;半导体ETF
2022-11-17,916442.4000830258,0.0,916442.4000830258,0.0,False,liquidate,-0.1893968953616702,7,创业板;纳指;黄金;创新药ETF;半导体ETF;证券ETF;军工ETF,创业板;纳指;黄金,创新药ETF;半导体ETF;证券ETF;军工ETF
2022-11-18,916515.1336068419,0.0,916515.1336068419,0.0,False,liquidate,-0.18933256178193703,7,创业板;纳指;黄金;创新药ETF;证券ETF;酒ETF;半导体ETF,创业板;纳指;黄金,创新药ETF;证券ETF;酒ETF;半导体ETF
2022-11-21,916587.8729031599,0.0,916587.8729031599,0.0,False,liquidate,-0.18926822309636412,6,创业板;黄金;创新药ETF;证券ETF;半导体ETF;酒ETF,创业板;黄金,创新药ETF;证券ETF;半导体ETF;酒ETF
2022-11-22,916660.617972438,0.0,916660.617972438,0.0,False,liquidate,-0.18920387930454635,6,创业板;黄金;创新药ETF;证券ETF;酒ETF;半导体ETF,创业板;黄金,创新药ETF;证券ETF;酒ETF;半导体ETF
2022-11-23,916733.3688151343,0.0,916733.3688151343,0.0,False,liquidate,-0.18913953040607842,7,创业板;纳指;黄金;创新药ETF;酒ETF;证券ETF;半导体ETF,创业板;纳指;黄金,创新药ETF;酒ETF;证券ETF;半导体ETF
2022-11-24,916806.1254317069,0.0,916806.1254317069,0.0,False,liquidate,-0.1890751764005551,7,创业板;纳指;黄金;创新药ETF;证券ETF;酒ETF;有色ETF,创业板;纳指;黄金,创新药ETF;证券ETF;酒ETF;有色ETF
2022-11-25,916878.8878226142,0.0,916878.8878226142,0.0,False,liquidate,-0.18901081728757102,7,纳指;黄金;国债ETF;创新药ETF;证券ETF;有色ETF;酒ETF,纳指;黄金;国债ETF,创新药ETF;证券ETF;有色ETF;酒ETF
2022-11-28,916951.6559883144,0.0,916951.6559883144,0.0,False,liquidate,-0.18894645306672078,6,纳指;黄金;证券ETF;创新药ETF;酒ETF;半导体ETF,纳指;黄金,证券ETF;创新药ETF;酒ETF;半导体ETF
2022-11-29,917024.4299292659,0.0,917024.4299292659,0.0,False,liquidate,-0.1888820837375991,8,沪深300;创业板;纳指;黄金;证券ETF;创新药ETF;酒ETF;半导体ETF,沪深300;创业板;纳指;黄金,证券ETF;创新药ETF;酒ETF;半导体ETF
2022-11-30,917097.209645927,0.0,917097.209645927,0.0,False,liquidate,-0.18881770929980046,7,沪深300;纳指;黄金;证券ETF;创新药ETF;有色ETF;军工ETF,沪深300;纳指;黄金,证券ETF;创新药ETF;有色ETF;军工ETF
2022-12-01,917169.995138756,0.0,917169.995138756,0.0,False,liquidate,-0.1887533297529195,8,沪深300;创业板;纳指;黄金;证券ETF;创新药ETF;军工ETF;酒ETF,沪深300;创业板;纳指;黄金,证券ETF;创新药ETF;军工ETF;酒ETF
2022-12-02,917242.7864082115,0.0,917242.7864082115,0.0,False,liquidate,-0.18868894509655068,8,沪深300;创业板;纳指;黄金;证券ETF;创新药ETF;酒ETF;军工ETF,沪深300;创业板;纳指;黄金,证券ETF;创新药ETF;酒ETF;军工ETF
2022-12-05,917315.5834547519,0.0,917315.5834547519,0.0,False,liquidate,-0.18862455533028843,8,沪深300;创业板;纳指;黄金;证券ETF;酒ETF;创新药ETF;有色ETF,沪深300;创业板;纳指;黄金,证券ETF;酒ETF;创新药ETF;有色ETF
2022-12-06,917388.3862788356,0.0,917388.3862788356,0.0,False,liquidate,-0.18856016045372734,8,沪深300;创业板;纳指;黄金;酒ETF;证券ETF;创新药ETF;半导体ETF,沪深300;创业板;纳指;黄金,酒ETF;证券ETF;创新药ETF;半导体ETF
2022-12-07,917461.1948809213,0.0,917461.1948809213,0.0,False,liquidate,-0.18849576046646171,8,沪深300;创业板;纳指;黄金;酒ETF;证券ETF;创新药ETF;半导体ETF,沪深300;创业板;纳指;黄金,酒ETF;证券ETF;创新药ETF;半导体ETF
2022-12-08,917534.0092614674,0.0,917534.0092614674,0.0,False,liquidate,-0.18843135536808603,7,沪深300;纳指;黄金;酒ETF;证券ETF;创新药ETF;半导体ETF,沪深300;纳指;黄金,酒ETF;证券ETF;创新药ETF;半导体ETF
2022-12-09,917606.8294209326,0.0,917606.8294209326,0.0,False,liquidate,-0.1883669451581946,7,沪深300;纳指;黄金;酒ETF;证券ETF;创新药ETF;有色ETF,沪深300;纳指;黄金,酒ETF;证券ETF;创新药ETF;有色ETF
2022-12-12,917679.6553597755,0.0,917679.6553597755,0.0,False,liquidate,-0.18830252983638174,7,沪深300;纳指;黄金;酒ETF;创新药ETF;证券ETF;半导体ETF,沪深300;纳指;黄金,酒ETF;创新药ETF;证券ETF;半导体ETF
2022-12-13,917752.4870784549,0.0,917752.4870784549,0.0,False,liquidate,-0.18823810940224173,7,沪深300;纳指;黄金;酒ETF;创新药ETF;证券ETF;半导体ETF,沪深300;纳指;黄金,酒ETF;创新药ETF;证券ETF;半导体ETF
2022-12-14,917825.3245774294,0.0,917825.3245774294,0.0,False,liquidate,-0.18817368385536887,7,沪深300;纳指;黄金;酒ETF;创新药ETF;证券ETF;有色ETF,沪深300;纳指;黄金,酒ETF;创新药ETF;证券ETF;有色ETF
2022-12-15,917898.1678571579,0.0,917898.1678571579,0.0,False,liquidate,-0.18810925319535732,8,沪深300;创业板;纳指;黄金;酒ETF;证券ETF;创新药ETF;有色ETF,沪深300;创业板;纳指;黄金,酒ETF;证券ETF;创新药ETF;有色ETF
2022-12-16,917971.016918099,0.0,917971.016918099,0.0,False,liquidate,-0.18804481742180132,7,沪深300;创业板;黄金;酒ETF;证券ETF;创新药ETF;半导体ETF,沪深300;创业板;黄金,酒ETF;证券ETF;创新药ETF;半导体ETF
2022-12-19,918043.8717607117,0.0,918043.8717607117,0.0,False,liquidate,-0.18798037653429503,7,沪深300;创业板;黄金;酒ETF;证券ETF;创新药ETF;半导体ETF,沪深300;创业板;黄金,酒ETF;证券ETF;创新药ETF;半导体ETF
2022-12-20,918116.7323854546,0.0,918116.7323854546,0.0,False,liquidate,-0.18791593053243266,6,沪深300;黄金;酒ETF;创新药ETF;证券ETF;半导体ETF,沪深300;黄金,酒ETF;创新药ETF;证券ETF;半导体ETF
2022-12-21,918189.5987927868,0.0,918189.5987927868,0.0,False,liquidate,-0.18785147941580818,6,沪深300;黄金;酒ETF;创新药ETF;证券ETF;半导体ETF,沪深300;黄金,酒ETF;创新药ETF;证券ETF;半导体ETF
2022-12-22,918262.4709831673,0.0,918262.4709831673,0.0,False,liquidate,-0.18778702318401572,7,沪深300;创业板;黄金;酒ETF;创新药ETF;证券ETF;半导体ETF,沪深300;创业板;黄金,酒ETF;创新药ETF;证券ETF;半导体ETF
2022-12-23,918335.3489570549,0.0,918335.3489570549,0.0,False,liquidate,-0.18772256183664932,7,沪深300;创业板;黄金;酒ETF;创新药ETF;证券ETF;半导体ETF,沪深300;创业板;黄金,酒ETF;创新药ETF;证券ETF;半导体ETF
2022-12-26,918408.2327149087,0.0,918408.2327149087,0.0,False,liquidate,-0.187658095373303,6,沪深300;黄金;酒ETF;创新药ETF;证券ETF;半导体ETF,沪深300;黄金,酒ETF;创新药ETF;证券ETF;半导体ETF
2022-12-27,918481.1222571876,0.0,918481.1222571876,0.0,False,liquidate,-0.18759362379357072,6,沪深300;黄金;酒ETF;创新药ETF;证券ETF;半导体ETF,沪深300;黄金,酒ETF;创新药ETF;证券ETF;半导体ETF
2022-12-28,918554.0175843509,0.0,918554.0175843509,0.0,False,liquidate,-0.1875291470970464,6,沪深300;黄金;酒ETF;创新药ETF;证券ETF;半导体ETF,沪深300;黄金,酒ETF;创新药ETF;证券ETF;半导体ETF
2022-12-29,918626.9186968576,0.0,918626.9186968576,0.0,False,liquidate,-0.1874646652833239,6,沪深300;黄金;酒ETF;创新药ETF;证券ETF;半导体ETF,沪深300;黄金,酒ETF;创新药ETF;证券ETF;半导体ETF
2022-12-30,918699.825595167,0.0,918699.825595167,0.0,False,liquidate,-0.1874001783519971,6,沪深300;黄金;酒ETF;创新药ETF;半导体ETF;证券ETF,沪深300;黄金,酒ETF;创新药ETF;半导体ETF;证券ETF
2023-01-03,918772.7382797381,0.0,918772.7382797381,0.0,False,liquidate,-0.1873356863026599,6,沪深300;黄金;创新药ETF;酒ETF;半导体ETF;军工ETF,沪深300;黄金,创新药ETF;酒ETF;半导体ETF;军工ETF
2023-01-04,918845.6567510302,0.0,918845.6567510302,0.0,False,liquidate,-0.18727118913490606,6,沪深300;黄金;创新药ETF;酒ETF;半导体ETF;证券ETF,沪深300;黄金,创新药ETF;酒ETF;半导体ETF;证券ETF
2023-01-05,918918.5810095026,0.0,918918.5810095026,0.0,False,liquidate,-0.1872066868483294,7,沪深300;创业板;黄金;酒ETF;创新药ETF;半导体ETF;证券ETF,沪深300;创业板;黄金,酒ETF;创新药ETF;半导体ETF;证券ETF
2023-01-06,918991.5110556146,0.0,918991.5110556146,0.0,False,liquidate,-0.18714217944252365,7,沪深300;创业板;黄金;酒ETF;创新药ETF;证券ETF;半导体ETF,沪深300;创业板;黄金,酒ETF;创新药ETF;证券ETF;半导体ETF
2023-01-09,919064.4468898254,0.0,919064.4468898254,0.0,False,liquidate,-0.18707766691708252,8,沪深300;创业板;黄金;国债ETF;酒ETF;创新药ETF;证券ETF;有色ETF,沪深300;创业板;黄金;国债ETF,酒ETF;创新药ETF;证券ETF;有色ETF
2023-01-10,919137.3885125945,0.0,919137.3885125945,0.0,False,liquidate,-0.18701314927159968,8,沪深300;创业板;黄金;国债ETF;酒ETF;创新药ETF;证券ETF;有色ETF,沪深300;创业板;黄金;国债ETF,酒ETF;创新药ETF;证券ETF;有色ETF
2023-01-11,919210.3359243813,0.0,919210.3359243813,0.0,False,liquidate,-0.18694862650566882,8,沪深300;创业板;黄金;国债ETF;酒ETF;创新药ETF;证券ETF;有色ETF,沪深300;创业板;黄金;国债ETF,酒ETF;创新药ETF;证券ETF;有色ETF
2023-01-12,919283.2891256452,0.0,919283.2891256452,0.0,False,liquidate,-0.18688409861888347,8,沪深300;创业板;黄金;国债ETF;酒ETF;创新药ETF;证券ETF;有色ETF,沪深300;创业板;黄金;国债ETF,酒ETF;创新药ETF;证券ETF;有色ETF
2023-01-13,919356.2481168457,0.0,919356.2481168457,0.0,False,liquidate,-0.18681956561083726,8,沪深300;创业板;黄金;国债ETF;酒ETF;创新药ETF;证券ETF;有色ETF,沪深300;创业板;黄金;国债ETF,酒ETF;创新药ETF;证券ETF;有色ETF
2023-01-16,919429.2128984423,0.0,919429.2128984423,0.0,False,liquidate,-0.18675502748112385,7,沪深300;创业板;黄金;酒ETF;创新药ETF;证券ETF;有色ETF,沪深300;创业板;黄金,酒ETF;创新药ETF;证券ETF;有色ETF
2023-01-17,919502.1834708946,0.0,919502.1834708946,0.0,False,liquidate,-0.18669048422933662,7,沪深300;创业板;黄金;酒ETF;创新药ETF;证券ETF;有色ETF,沪深300;创业板;黄金,酒ETF;创新药ETF;证券ETF;有色ETF
2023-01-18,919575.1598346621,0.0,919575.1598346621,0.0,False,liquidate,-0.18662593585506912,7,沪深300;创业板;黄金;酒ETF;创新药ETF;证券ETF;有色ETF,沪深300;创业板;黄金,酒ETF;创新药ETF;证券ETF;有色ETF
2023-01-19,919648.1419902046,0.0,919648.1419902046,0.0,False,liquidate,-0.18656138235791472,7,沪深300;创业板;黄金;创新药ETF;证券ETF;酒ETF;有色ETF,沪深300;创业板;黄金,创新药ETF;证券ETF;酒ETF;有色ETF
2023-01-20,919721.1299379816,0.0,919721.1299379816,0.0,False,liquidate,-0.1864968237374669,7,沪深300;创业板;黄金;创新药ETF;有色ETF;证券ETF;酒ETF,沪深300;创业板;黄金,创新药ETF;有色ETF;证券ETF;酒ETF
2023-01-30,919794.1236784529,0.0,919794.1236784529,0.0,False,liquidate,-0.18643225999331905,8,沪深300;创业板;黄金;国债ETF;酒ETF;创新药ETF;有色ETF;证券ETF,沪深300;创业板;黄金;国债ETF,酒ETF;创新药ETF;有色ETF;证券ETF
2023-01-31,919867.1232120782,0.0,919867.1232120782,0.0,False,liquidate,-0.18636769112506452,8,沪深300;创业板;黄金;国债ETF;有色ETF;证券ETF;创新药ETF;酒ETF,沪深300;创业板;黄金;国债ETF,有色ETF;证券ETF;创新药ETF;酒ETF
2023-02-01,919940.1285393173,0.0,919940.1285393173,0.0,False,liquidate,-0.18630311713229666,9,沪深300;创业板;纳指;黄金;国债ETF;有色ETF;证券ETF;酒ETF;创新药ETF,沪深300;创业板;纳指;黄金;国债ETF,有色ETF;证券ETF;酒ETF;创新药ETF
2023-02-02,920013.13966063,0.0,920013.13966063,0.0,False,liquidate,-0.18623853801460866,8,沪深300;创业板;黄金;国债ETF;有色ETF;酒ETF;证券ETF;创新药ETF,沪深300;创业板;黄金;国债ETF,有色ETF;酒ETF;证券ETF;创新药ETF
2023-02-03,920086.1565764762,0.0,920086.1565764762,0.0,False,liquidate,-0.1861739537715939,9,沪深300;创业板;纳指;黄金;国债ETF;有色ETF;酒ETF;证券ETF;创新药ETF,沪深300;创业板;纳指;黄金;国债ETF,有色ETF;酒ETF;证券ETF;创新药ETF
2023-02-06,920159.1792873156,0.0,920159.1792873156,0.0,False,liquidate,-0.18610936440284562,9,沪深300;创业板;纳指;黄金;国债ETF;酒ETF;有色ETF;证券ETF;半导体ETF,沪深300;创业板;纳指;黄金;国债ETF,酒ETF;有色ETF;证券ETF;半导体ETF
2023-02-07,920232.2077936083,0.0,920232.2077936083,0.0,False,liquidate,-0.18604476990795688,9,沪深300;创业板;纳指;黄金;国债ETF;有色ETF;酒ETF;证券ETF;半导体ETF,沪深300;创业板;纳指;黄金;国债ETF,有色ETF;酒ETF;证券ETF;半导体ETF
2023-02-08,920305.2420958142,0.0,920305.2420958142,0.0,False,liquidate,-0.18598017028652095,9,沪深300;创业板;纳指;黄金;国债ETF;有色ETF;证券ETF;酒ETF;半导体ETF,沪深300;创业板;纳指;黄金;国债ETF,有色ETF;证券ETF;酒ETF;半导体ETF
2023-02-09,920378.2821943932,0.0,920378.2821943932,0.0,False,liquidate,-0.185915565538131,9,沪深300;创业板;纳指;黄金;国债ETF;半导体ETF;酒ETF;有色ETF;证券ETF,沪深300;创业板;纳指;黄金;国债ETF,半导体ETF;酒ETF;有色ETF;证券ETF
2023-02-10,920451.3280898056,0.0,920451.3280898056,0.0,False,liquidate,-0.18585095566238,9,沪深300;创业板;纳指;黄金;国债ETF;半导体ETF;酒ETF;证券ETF;有色ETF,沪深300;创业板;纳指;黄金;国债ETF,半导体ETF;酒ETF;证券ETF;有色ETF
2023-02-13,920524.3797825112,0.0,920524.3797825112,0.0,False,liquidate,-0.18578634065886107,9,沪深300;创业板;纳指;黄金;国债ETF;酒ETF;半导体ETF;证券ETF;军工ETF,沪深300;创业板;纳指;黄金;国债ETF,酒ETF;半导体ETF;证券ETF;军工ETF
2023-02-14,920597.4372729701,0.0,920597.4372729701,0.0,False,liquidate,-0.18572172052716732,9,沪深300;创业板;纳指;黄金;国债ETF;酒ETF;半导体ETF;有色ETF;军工ETF,沪深300;创业板;纳指;黄金;国债ETF,酒ETF;半导体ETF;有色ETF;军工ETF
2023-02-15,920670.5005616426,0.0,920670.5005616426,0.0,False,liquidate,-0.18565709526689167,9,沪深300;创业板;纳指;黄金;国债ETF;酒ETF;半导体ETF;军工ETF;有色ETF,沪深300;创业板;纳指;黄金;国债ETF,酒ETF;半导体ETF;军工ETF;有色ETF
2023-02-16,920743.5696489888,0.0,920743.5696489888,0.0,False,liquidate,-0.18559246487762712,9,沪深300;创业板;纳指;黄金;国债ETF;酒ETF;半导体ETF;军工ETF;证券ETF,沪深300;创业板;纳指;黄金;国债ETF,酒ETF;半导体ETF;军工ETF;证券ETF
2023-02-17,920816.6445354689,0.0,920816.6445354689,0.0,False,liquidate,-0.18552782935896658,9,沪深300;创业板;纳指;黄金;国债ETF;酒ETF;军工ETF;有色ETF;半导体ETF,沪深300;创业板;纳指;黄金;国债ETF,酒ETF;军工ETF;有色ETF;半导体ETF
2023-02-20,920889.7252215432,0.0,920889.7252215432,0.0,False,liquidate,-0.18546318871050294,9,沪深300;创业板;纳指;黄金;国债ETF;酒ETF;有色ETF;军工ETF;证券ETF,沪深300;创业板;纳指;黄金;国债ETF,酒ETF;有色ETF;军工ETF;证券ETF
2023-02-21,920962.811707672,0.0,920962.811707672,0.0,False,liquidate,-0.1853985429318291,9,沪深300;创业板;纳指;黄金;国债ETF;酒ETF;有色ETF;军工ETF;证券ETF,沪深300;创业板;纳指;黄金;国债ETF,酒ETF;有色ETF;军工ETF;证券ETF
2023-02-22,921035.9039943154,0.0,921035.9039943154,0.0,False,liquidate,-0.185333892022538,9,沪深300;创业板;纳指;黄金;国债ETF;酒ETF;有色ETF;军工ETF;证券ETF,沪深300;创业板;纳指;黄金;国债ETF,酒ETF;有色ETF;军工ETF;证券ETF
2023-02-23,921109.002081934,0.0,921109.002081934,0.0,False,liquidate,-0.18526923598222234,9,沪深300;创业板;纳指;黄金;国债ETF;酒ETF;有色ETF;证券ETF;军工ETF,沪深300;创业板;纳指;黄金;国债ETF,酒ETF;有色ETF;证券ETF;军工ETF
2023-02-24,921182.1059709882,0.0,921182.1059709882,0.0,False,liquidate,-0.18520457481047486,9,沪深300;创业板;纳指;黄金;国债ETF;酒ETF;军工ETF;证券ETF;有色ETF,沪深300;创业板;纳指;黄金;国债ETF,酒ETF;军工ETF;证券ETF;有色ETF
2023-02-27,921255.2156619383,0.0,921255.2156619383,0.0,False,liquidate,-0.18513990850688833,9,沪深300;创业板;纳指;黄金;国债ETF;酒ETF;军工ETF;证券ETF;半导体ETF,沪深300;创业板;纳指;黄金;国债ETF,酒ETF;军工ETF;证券ETF;半导体ETF
2023-02-28,921328.3311552448,0.0,921328.3311552448,0.0,False,liquidate,-0.18507523707105553,9,沪深300;创业板;纳指;黄金;国债ETF;酒ETF;军工ETF;创新药ETF;证券ETF,沪深300;创业板;纳指;黄金;国债ETF,酒ETF;军工ETF;创新药ETF;证券ETF
2023-03-01,921401.4524513683,0.0,921401.4524513683,0.0,False,liquidate,-0.18501056050256906,9,沪深300;创业板;纳指;黄金;国债ETF;酒ETF;军工ETF;证券ETF;有色ETF,沪深300;创业板;纳指;黄金;国债ETF,酒ETF;军工ETF;证券ETF;有色ETF
2023-03-02,921474.5795507693,0.0,921474.5795507693,0.0,False,liquidate,-0.18494587880102156,9,沪深300;创业板;纳指;黄金;国债ETF;酒ETF;证券ETF;军工ETF;有色ETF,沪深300;创业板;纳指;黄金;国债ETF,酒ETF;证券ETF;军工ETF;有色ETF
2023-03-03,921547.7124539083,0.0,921547.7124539083,0.0,False,liquidate,-0.18488119196600575,8,沪深300;创业板;纳指;黄金;酒ETF;证券ETF;军工ETF;半导体ETF,沪深300;创业板;纳指;黄金,酒ETF;证券ETF;军工ETF;半导体ETF
2023-03-06,921620.851161246,0.0,921620.851161246,0.0,False,liquidate,-0.1848164999971141,8,沪深300;创业板;纳指;黄金;酒ETF;军工ETF;半导体ETF;证券ETF,沪深300;创业板;纳指;黄金,酒ETF;军工ETF;半导体ETF;证券ETF
2023-03-07,921693.995673243,0.0,921693.995673243,0.0,False,liquidate,-0.18475180289393922,8,沪深300;创业板;纳指;黄金;酒ETF;军工ETF;证券ETF;创新药ETF,沪深300;创业板;纳指;黄金,酒ETF;军工ETF;证券ETF;创新药ETF
2023-03-08,921767.14599036,0.0,921767.14599036,0.0,False,liquidate,-0.1846871006560736,7,纳指;黄金;国债ETF;酒ETF;军工ETF;证券ETF;有色ETF,纳指;黄金;国债ETF,酒ETF;军工ETF;证券ETF;有色ETF
2023-03-09,921840.3021130576,0.0,921840.3021130576,0.0,False,liquidate,-0.1846223932831098,7,纳指;黄金;国债ETF;酒ETF;军工ETF;半导体ETF;证券ETF,纳指;黄金;国债ETF,酒ETF;军工ETF;半导体ETF;证券ETF
2023-03-10,921913.4640417967,0.0,921913.4640417967,0.0,False,liquidate,-0.1845576807746402,7,纳指;黄金;国债ETF;军工ETF;酒ETF;半导体ETF;创新药ETF,纳指;黄金;国债ETF,军工ETF;酒ETF;半导体ETF;创新药ETF
2023-03-13,921986.6317770382,0.0,921986.6317770382,0.0,False,liquidate,-0.18449296313025715,7,纳指;黄金;国债ETF;军工ETF;酒ETF;证券ETF;半导体ETF,纳指;黄金;国债ETF,军工ETF;酒ETF;证券ETF;半导体ETF
2023-03-14,922059.8053192428,0.0,922059.8053192428,0.0,False,liquidate,-0.18442824034955319,7,纳指;黄金;国债ETF;军工ETF;半导体ETF;酒ETF;创新药ETF,纳指;黄金;国债ETF,军工ETF;半导体ETF;酒ETF;创新药ETF
2023-03-15,922132.9846688713,0.0,922132.9846688713,0.0,False,liquidate,-0.18436351243212062,7,纳指;黄金;国债ETF;军工ETF;半导体ETF;创新药ETF;有色ETF,纳指;黄金;国债ETF,军工ETF;半导体ETF;创新药ETF;有色ETF
2023-03-16,922206.1698263848,0.0,922206.1698263848,0.0,False,liquidate,-0.18429877937755168,7,纳指;黄金;国债ETF;半导体ETF;军工ETF;酒ETF;证券ETF,纳指;黄金;国债ETF,半导体ETF;军工ETF;酒ETF;证券ETF
2023-03-17,922279.360792244,0.0,922279.360792244,0.0,False,liquidate,-0.1842340411854388,7,纳指;黄金;国债ETF;半导体ETF;军工ETF;证券ETF;酒ETF,纳指;黄金;国债ETF,半导体ETF;军工ETF;证券ETF;酒ETF
2023-03-20,922352.55756691,0.0,922352.55756691,0.0,False,liquidate,-0.18416929785537411,7,纳指;黄金;国债ETF;半导体ETF;军工ETF;证券ETF;有色ETF,纳指;黄金;国债ETF,半导体ETF;军工ETF;证券ETF;有色ETF
2023-03-21,922425.760150844,0.0,922425.760150844,0.0,False,liquidate,-0.1841045493869499,7,纳指;黄金;国债ETF;半导体ETF;军工ETF;酒ETF;证券ETF,纳指;黄金;国债ETF,半导体ETF;军工ETF;酒ETF;证券ETF
2023-03-22,922498.9685445068,0.0,922498.9685445068,0.0,False,liquidate,-0.18403979577975832,7,纳指;黄金;国债ETF;半导体ETF;军工ETF;创新药ETF;酒ETF,纳指;黄金;国债ETF,半导体ETF;军工ETF;创新药ETF;酒ETF
2023-03-23,922572.1827483596,0.0,922572.1827483596,0.0,False,liquidate,-0.18397503703339158,7,纳指;黄金;国债ETF;半导体ETF;军工ETF;有色ETF;证券ETF,纳指;黄金;国债ETF,半导体ETF;军工ETF;有色ETF;证券ETF
2023-03-24,922645.4027628636,0.0,922645.4027628636,0.0,False,liquidate,-0.18391027314744177,7,纳指;黄金;国债ETF;半导体ETF;军工ETF;证券ETF;有色ETF,纳指;黄金;国债ETF,半导体ETF;军工ETF;证券ETF;有色ETF
2023-03-27,922718.6285884797,0.0,922718.6285884797,0.0,False,liquidate,-0.18384550412150105,7,纳指;黄金;国债ETF;半导体ETF;证券ETF;军工ETF;有色ETF,纳指;黄金;国债ETF,半导体ETF;证券ETF;军工ETF;有色ETF
2023-03-28,922791.8602256693,0.0,922791.8602256693,0.0,False,liquidate,-0.18378072995516143,7,纳指;黄金;国债ETF;半导体ETF;酒ETF;证券ETF;军工ETF,纳指;黄金;国债ETF,半导体ETF;酒ETF;证券ETF;军工ETF
2023-03-29,922865.0976748937,0.0,922865.0976748937,0.0,False,liquidate,-0.18371595064801494,7,纳指;黄金;国债ETF;半导体ETF;酒ETF;证券ETF;有色ETF,纳指;黄金;国债ETF,半导体ETF;酒ETF;证券ETF;有色ETF
2023-03-30,922938.340936614,0.0,922938.340936614,0.0,False,liquidate,-0.1836511661996536,7,纳指;黄金;国债ETF;半导体ETF;酒ETF;证券ETF;有色ETF,纳指;黄金;国债ETF,半导体ETF;酒ETF;证券ETF;有色ETF
2023-03-31,923011.5900112916,0.0,923011.5900112916,0.0,False,liquidate,-0.1835863766096694,7,纳指;黄金;国债ETF;半导体ETF;酒ETF;有色ETF;证券ETF,纳指;黄金;国债ETF,半导体ETF;酒ETF;有色ETF;证券ETF
2023-04-03,923084.8448993877,0.0,923084.8448993877,0.0,False,liquidate,-0.1835215818776543,7,纳指;黄金;国债ETF;半导体ETF;证券ETF;酒ETF;有色ETF,纳指;黄金;国债ETF,半导体ETF;证券ETF;酒ETF;有色ETF
2023-04-04,923158.1056013638,0.0,923158.1056013638,0.0,False,liquidate,-0.18345678200320015,8,沪深300;纳指;黄金;国债ETF;半导体ETF;证券ETF;酒ETF;有色ETF,沪深300;纳指;黄金;国债ETF,半导体ETF;证券ETF;酒ETF;有色ETF
2023-04-06,923231.3721176814,0.0,923231.3721176814,0.0,False,liquidate,-0.18339197698589876,7,纳指;黄金;国债ETF;半导体ETF;证券ETF;有色ETF;酒ETF,纳指;黄金;国债ETF,半导体ETF;证券ETF;有色ETF;酒ETF
2023-04-07,923304.6444488019,0.0,923304.6444488019,0.0,False,liquidate,-0.18332716682534209,8,沪深300;纳指;黄金;国债ETF;半导体ETF;证券ETF;酒ETF;有色ETF,沪深300;纳指;黄金;国债ETF,半导体ETF;证券ETF;酒ETF;有色ETF
2023-04-10,923377.9225951867,0.0,923377.9225951867,0.0,False,liquidate,-0.18326235152112186,7,纳指;黄金;国债ETF;半导体ETF;证券ETF;创新药ETF;有色ETF,纳指;黄金;国债ETF,半导体ETF;证券ETF;创新药ETF;有色ETF
2023-04-11,923451.2065572975,0.0,923451.2065572975,0.0,False,liquidate,-0.18319753107282985,7,纳指;黄金;国债ETF;半导体ETF;证券ETF;有色ETF;创新药ETF,纳指;黄金;国债ETF,半导体ETF;证券ETF;有色ETF;创新药ETF
2023-04-12,923524.4963355957,0.0,923524.4963355957,0.0,False,liquidate,-0.18313270548005783,7,纳指;黄金;国债ETF;半导体ETF;证券ETF;有色ETF;军工ETF,纳指;黄金;国债ETF,半导体ETF;证券ETF;有色ETF;军工ETF
2023-04-13,923597.791930543,0.0,923597.791930543,0.0,False,liquidate,-0.1830678747423975,7,纳指;黄金;国债ETF;半导体ETF;证券ETF;有色ETF;创新药ETF,纳指;黄金;国债ETF,半导体ETF;证券ETF;有色ETF;创新药ETF
2023-04-14,923671.0933426011,0.0,923671.0933426011,0.0,False,liquidate,-0.18300303885944047,8,沪深300;纳指;黄金;国债ETF;半导体ETF;有色ETF;证券ETF;创新药ETF,沪深300;纳指;黄金;国债ETF,半导体ETF;有色ETF;证券ETF;创新药ETF
2023-04-17,923744.4005722315,0.0,923744.4005722315,0.0,False,liquidate,-0.18293819783077847,8,沪深300;纳指;黄金;国债ETF;半导体ETF;有色ETF;证券ETF;创新药ETF,沪深300;纳指;黄金;国债ETF,半导体ETF;有色ETF;证券ETF;创新药ETF
2023-04-18,923817.713619896,0.0,923817.713619896,0.0,False,liquidate,-0.18287335165600313,8,沪深300;纳指;黄金;国债ETF;半导体ETF;有色ETF;证券ETF;创新药ETF,沪深300;纳指;黄金;国债ETF,半导体ETF;有色ETF;证券ETF;创新药ETF
2023-04-19,923891.0324860563,0.0,923891.0324860563,0.0,False,liquidate,-0.18280850033470594,8,沪深300;纳指;黄金;国债ETF;半导体ETF;有色ETF;证券ETF;军工ETF,沪深300;纳指;黄金;国债ETF,半导体ETF;有色ETF;证券ETF;军工ETF
2023-04-20,923964.3571711743,0.0,923964.3571711743,0.0,False,liquidate,-0.18274364386647857,8,沪深300;纳指;黄金;国债ETF;半导体ETF;有色ETF;证券ETF;军工ETF,沪深300;纳指;黄金;国债ETF,半导体ETF;有色ETF;证券ETF;军工ETF
2023-04-21,924037.6876757117,0.0,924037.6876757117,0.0,False,liquidate,-0.18267878225091236,7,纳指;黄金;国债ETF;半导体ETF;有色ETF;证券ETF;军工ETF,纳指;黄金;国债ETF,半导体ETF;有色ETF;证券ETF;军工ETF
2023-04-24,924111.0240001305,0.0,924111.0240001305,0.0,False,liquidate,-0.18261391548759887,7,纳指;黄金;国债ETF;半导体ETF;有色ETF;证券ETF;创新药ETF,纳指;黄金;国债ETF,半导体ETF;有色ETF;证券ETF;创新药ETF
2023-04-25,924184.3661448924,0.0,924184.3661448924,0.0,False,liquidate,-0.1825490435761296,7,纳指;黄金;国债ETF;半导体ETF;证券ETF;有色ETF;军工ETF,纳指;黄金;国债ETF,半导体ETF;证券ETF;有色ETF;军工ETF
2023-04-26,924257.7141104596,0.0,924257.7141104596,0.0,False,liquidate,-0.18248416651609592,7,纳指;黄金;国债ETF;半导体ETF;证券ETF;军工ETF;有色ETF,纳指;黄金;国债ETF,半导体ETF;证券ETF;军工ETF;有色ETF
2023-04-27,924331.0678972937,0.0,924331.0678972937,0.0,False,liquidate,-0.18241928430708923,7,纳指;黄金;国债ETF;半导体ETF;军工ETF;证券ETF;创新药ETF,纳指;黄金;国债ETF,半导体ETF;军工ETF;证券ETF;创新药ETF
2023-04-28,924404.4275058571,0.0,924404.4275058571,0.0,False,liquidate,-0.18235439694870084,7,纳指;黄金;国债ETF;半导体ETF;证券ETF;军工ETF;创新药ETF,纳指;黄金;国债ETF,半导体ETF;证券ETF;军工ETF;创新药ETF
2023-05-04,924477.7929366116,0.0,924477.7929366116,0.0,False,liquidate,-0.1822895044405221,7,纳指;黄金;国债ETF;证券ETF;半导体ETF;军工ETF;创新药ETF,纳指;黄金;国债ETF,证券ETF;半导体ETF;军工ETF;创新药ETF
2023-05-05,924551.1641900192,0.0,924551.1641900192,0.0,False,liquidate,-0.18222460678214436,7,纳指;黄金;国债ETF;证券ETF;军工ETF;半导体ETF;创新药ETF,纳指;黄金;国债ETF,证券ETF;军工ETF;半导体ETF;创新药ETF
2023-05-08,924624.5412665423,0.0,924624.5412665423,0.0,False,liquidate,-0.1821597039731588,8,沪深300;纳指;黄金;国债ETF;证券ETF;军工ETF;有色ETF;半导体ETF,沪深300;纳指;黄金;国债ETF,证券ETF;军工ETF;有色ETF;半导体ETF
2023-05-09,924697.9241666428,0.0,924697.9241666428,0.0,False,liquidate,-0.18209479601315665,8,沪深300;纳指;黄金;国债ETF;证券ETF;军工ETF;有色ETF;酒ETF,沪深300;纳指;黄金;国债ETF,证券ETF;军工ETF;有色ETF;酒ETF
2023-05-10,924771.3128907831,0.0,924771.3128907831,0.0,False,liquidate,-0.1820298829017291,8,沪深300;纳指;黄金;国债ETF;证券ETF;军工ETF;有色ETF;半导体ETF,沪深300;纳指;黄金;国债ETF,证券ETF;军工ETF;有色ETF;半导体ETF
2023-05-11,924844.7074394253,0.0,924844.7074394253,0.0,False,liquidate,-0.18196496463846726,7,纳指;黄金;国债ETF;证券ETF;军工ETF;有色ETF;半导体ETF,纳指;黄金;国债ETF,证券ETF;军工ETF;有色ETF;半导体ETF
2023-05-12,924918.1078130316,0.0,924918.1078130316,0.0,False,liquidate,-0.18190004122296233,7,纳指;黄金;国债ETF;证券ETF;军工ETF;酒ETF;半导体ETF,纳指;黄金;国债ETF,证券ETF;军工ETF;酒ETF;半导体ETF
2023-05-15,924991.5140120644,0.0,924991.5140120644,0.0,False,liquidate,-0.1818351126548054,8,沪深300;纳指;黄金;国债ETF;证券ETF;军工ETF;有色ETF;半导体ETF,沪深300;纳指;黄金;国债ETF,证券ETF;军工ETF;有色ETF;半导体ETF
2023-05-16,925064.926036986,0.0,925064.926036986,0.0,False,liquidate,-0.18177017893358752,8,沪深300;纳指;黄金;国债ETF;证券ETF;军工ETF;创新药ETF;有色ETF,沪深300;纳指;黄金;国债ETF,证券ETF;军工ETF;创新药ETF;有色ETF
2023-05-17,925138.3438882589,0.0,925138.3438882589,0.0,False,liquidate,-0.18170524005889963,8,创业板;纳指;黄金;国债ETF;证券ETF;军工ETF;半导体ETF;创新药ETF,创业板;纳指;黄金;国债ETF,证券ETF;军工ETF;半导体ETF;创新药ETF
2023-05-18,925211.7675663453,0.0,925211.7675663453,0.0,False,liquidate,-0.18164029603033288,8,沪深300;纳指;黄金;国债ETF;军工ETF;证券ETF;半导体ETF;创新药ETF,沪深300;纳指;黄金;国债ETF,军工ETF;证券ETF;半导体ETF;创新药ETF
2023-05-19,925285.1970717077,0.0,925285.1970717077,0.0,False,liquidate,-0.18157534684747814,7,纳指;黄金;国债ETF;军工ETF;证券ETF;半导体ETF;创新药ETF,纳指;黄金;国债ETF,军工ETF;证券ETF;半导体ETF;创新药ETF
2023-05-22,925358.6324048087,0.0,925358.6324048087,0.0,False,liquidate,-0.18151039250992632,7,纳指;黄金;国债ETF;军工ETF;证券ETF;半导体ETF;创新药ETF,纳指;黄金;国债ETF,军工ETF;证券ETF;半导体ETF;创新药ETF
2023-05-23,925432.0735661107,0.0,925432.0735661107,0.0,False,liquidate,-0.18144543301726831,7,纳指;黄金;国债ETF;证券ETF;军工ETF;创新药ETF;半导体ETF,纳指;黄金;国债ETF,证券ETF;军工ETF;创新药ETF;半导体ETF
2023-05-24,925505.5205560763,0.0,925505.5205560763,0.0,False,liquidate,-0.18138046836909502,7,纳指;黄金;国债ETF;证券ETF;军工ETF;半导体ETF;创新药ETF,纳指;黄金;国债ETF,证券ETF;军工ETF;半导体ETF;创新药ETF
2023-05-25,925578.9733751682,0.0,925578.9733751682,0.0,False,liquidate,-0.18131549856499726,7,纳指;黄金;国债ETF;军工ETF;证券ETF;半导体ETF;创新药ETF,纳指;黄金;国债ETF,军工ETF;证券ETF;半导体ETF;创新药ETF
2023-05-26,925652.4320238488,0.0,925652.4320238488,0.0,False,liquidate,-0.1812505236045659,7,纳指;黄金;国债ETF;半导体ETF;军工ETF;证券ETF;创新药ETF,纳指;黄金;国债ETF,半导体ETF;军工ETF;证券ETF;创新药ETF
2023-05-29,925725.8965025808,0.0,925725.8965025808,0.0,False,liquidate,-0.1811855434873916,7,纳指;黄金;国债ETF;半导体ETF;军工ETF;证券ETF;创新药ETF,纳指;黄金;国债ETF,半导体ETF;军工ETF;证券ETF;创新药ETF
2023-05-30,925799.3668118272,0.0,925799.3668118272,0.0,False,liquidate,-0.18112055821306514,7,纳指;黄金;国债ETF;半导体ETF;军工ETF;证券ETF;创新药ETF,纳指;黄金;国债ETF,半导体ETF;军工ETF;证券ETF;创新药ETF
2023-05-31,925872.8429520504,0.0,925872.8429520504,0.0,False,liquidate,-0.18105556778117723,7,纳指;黄金;国债ETF;半导体ETF;军工ETF;证券ETF;创新药ETF,纳指;黄金;国债ETF,半导体ETF;军工ETF;证券ETF;创新药ETF
2023-06-01,925946.3249237133,0.0,925946.3249237133,0.0,False,liquidate,-0.1809905721913185,7,纳指;黄金;国债ETF;半导体ETF;军工ETF;创新药ETF;证券ETF,纳指;黄金;国债ETF,半导体ETF;军工ETF;创新药ETF;证券ETF
2023-06-02,926019.8127272788,0.0,926019.8127272788,0.0,False,liquidate,-0.18092557144307966,7,纳指;黄金;国债ETF;半导体ETF;军工ETF;创新药ETF;有色ETF,纳指;黄金;国债ETF,半导体ETF;军工ETF;创新药ETF;有色ETF
2023-06-05,926093.3063632096,0.0,926093.3063632096,0.0,False,liquidate,-0.18086056553605126,6,纳指;国债ETF;半导体ETF;创新药ETF;军工ETF;有色ETF,纳指;国债ETF,半导体ETF;创新药ETF;军工ETF;有色ETF
2023-06-06,926166.8058319687,0.0,926166.8058319687,0.0,False,liquidate,-0.1807955544698239,7,纳指;黄金;国债ETF;半导体ETF;军工ETF;创新药ETF;证券ETF,纳指;黄金;国债ETF,半导体ETF;军工ETF;创新药ETF;证券ETF
2023-06-07,926240.3111340188,0.0,926240.3111340188,0.0,False,liquidate,-0.1807305382439882,7,纳指;黄金;国债ETF;半导体ETF;军工ETF;证券ETF;有色ETF,纳指;黄金;国债ETF,半导体ETF;军工ETF;证券ETF;有色ETF
2023-06-08,926313.8222698232,0.0,926313.8222698232,0.0,False,liquidate,-0.18066551685813448,7,纳指;黄金;国债ETF;半导体ETF;有色ETF;证券ETF;军工ETF,纳指;黄金;国债ETF,半导体ETF;有色ETF;证券ETF;军工ETF
2023-06-09,926387.3392398446,0.0,926387.3392398446,0.0,False,liquidate,-0.18060049031185338,7,纳指;黄金;国债ETF;半导体ETF;证券ETF;有色ETF;军工ETF,纳指;黄金;国债ETF,半导体ETF;证券ETF;有色ETF;军工ETF
2023-06-12,926460.8620445462,0.0,926460.8620445462,0.0,False,liquidate,-0.18053545860473524,7,纳指;黄金;国债ETF;半导体ETF;有色ETF;证券ETF;军工ETF,纳指;黄金;国债ETF,半导体ETF;有色ETF;证券ETF;军工ETF
2023-06-13,926534.390684391,0.0,926534.390684391,0.0,False,liquidate,-0.1804704217363705,7,纳指;黄金;国债ETF;半导体ETF;有色ETF;证券ETF;酒ETF,纳指;黄金;国债ETF,半导体ETF;有色ETF;证券ETF;酒ETF
2023-06-14,926607.9251598422,0.0,926607.9251598422,0.0,False,liquidate,-0.1804053797063495,7,纳指;黄金;国债ETF;半导体ETF;酒ETF;有色ETF;证券ETF,纳指;黄金;国债ETF,半导体ETF;酒ETF;有色ETF;证券ETF
2023-06-15,926681.4654713629,0.0,926681.4654713629,0.0,False,liquidate,-0.18034033251426265,7,纳指;黄金;国债ETF;半导体ETF;证券ETF;酒ETF;有色ETF,纳指;黄金;国债ETF,半导体ETF;证券ETF;酒ETF;有色ETF
2023-06-16,926755.0116194163,0.0,926755.0116194163,0.0,False,liquidate,-0.18027528015970024,7,纳指;黄金;国债ETF;半导体ETF;证券ETF;有色ETF;酒ETF,纳指;黄金;国债ETF,半导体ETF;证券ETF;有色ETF;酒ETF
2023-06-19,926828.5636044655,0.0,926828.5636044655,0.0,False,liquidate,-0.1802102226422526,7,纳指;黄金;国债ETF;半导体ETF;证券ETF;军工ETF;有色ETF,纳指;黄金;国债ETF,半导体ETF;证券ETF;军工ETF;有色ETF
2023-06-20,926902.1214269738,0.0,926902.1214269738,0.0,False,liquidate,-0.18014515996150982,7,纳指;黄金;国债ETF;半导体ETF;军工ETF;证券ETF;有色ETF,纳指;黄金;国债ETF,半导体ETF;军工ETF;证券ETF;有色ETF
2023-06-21,926975.6850874046,0.0,926975.6850874046,0.0,False,liquidate,-0.1800800921170623,7,纳指;黄金;国债ETF;军工ETF;证券ETF;半导体ETF;有色ETF,纳指;黄金;国债ETF,军工ETF;证券ETF;半导体ETF;有色ETF
2023-06-26,927049.2545862211,0.0,927049.2545862211,0.0,False,liquidate,-0.18001501910850012,7,纳指;黄金;国债ETF;军工ETF;半导体ETF;有色ETF;证券ETF,纳指;黄金;国债ETF,军工ETF;半导体ETF;有色ETF;证券ETF
2023-06-27,927122.8299238867,561648.8619884045,365473.96793548216,0.5,False,halve,-0.17994994093541347,7,纳指;黄金;国债ETF;军工ETF;有色ETF;证券ETF;半导体ETF,纳指;黄金;国债ETF,军工ETF;有色ETF;证券ETF;半导体ETF
2023-06-28,926878.4464860144,0.0,926878.4464860144,0.0,False,liquidate,-0.1801661007000026,7,纳指;黄金;国债ETF;军工ETF;有色ETF;证券ETF;酒ETF,纳指;黄金;国债ETF,军工ETF;有色ETF;证券ETF;酒ETF
2023-06-29,926952.0082674816,0.0,926952.0082674816,0.0,False,liquidate,-0.18010103451751847,7,纳指;黄金;国债ETF;军工ETF;有色ETF;证券ETF;酒ETF,纳指;黄金;国债ETF,军工ETF;有色ETF;证券ETF;酒ETF
2023-06-30,927025.5758871854,0.0,927025.5758871854,0.0,False,liquidate,-0.18003596317105156,6,纳指;国债ETF;军工ETF;证券ETF;有色ETF;酒ETF,纳指;国债ETF,军工ETF;证券ETF;有色ETF;酒ETF
2023-07-03,927099.1493455892,552606.1918952019,374492.9574503873,0.5,False,halve,-0.17997088666019204,6,纳指;国债ETF;军工ETF;证券ETF;有色ETF;酒ETF,纳指;国债ETF,军工ETF;证券ETF;有色ETF;酒ETF
2023-07-04,927860.0552689501,570335.9288839308,357524.1263850193,0.5,False,halve,-0.17929785723274727,6,纳指;国债ETF;军工ETF;证券ETF;有色ETF;酒ETF,纳指;国债ETF,军工ETF;证券ETF;有色ETF;酒ETF
2023-07-05,925366.6280220447,0.0,925366.6280220447,0.0,False,liquidate,-0.18150332030096433,6,纳指;国债ETF;军工ETF;有色ETF;证券ETF;酒ETF,纳指;国债ETF,军工ETF;有色ETF;证券ETF;酒ETF
2023-07-06,925440.0698179195,0.0,925440.0698179195,0.0,False,liquidate,-0.1814383602470199,6,纳指;国债ETF;军工ETF;有色ETF;证券ETF;酒ETF,纳指;国债ETF,军工ETF;有色ETF;证券ETF;酒ETF
2023-07-07,925513.5174425083,0.0,925513.5174425083,0.0,False,liquidate,-0.18137339503751568,6,纳指;国债ETF;军工ETF;证券ETF;有色ETF;酒ETF,纳指;国债ETF,军工ETF;证券ETF;有色ETF;酒ETF
2023-07-10,925586.9708962736,0.0,925586.9708962736,0.0,False,liquidate,-0.1813084246720424,7,纳指;黄金;国债ETF;军工ETF;证券ETF;酒ETF;有色ETF,纳指;黄金;国债ETF,军工ETF;证券ETF;酒ETF;有色ETF
2023-07-11,925660.4301796781,0.0,925660.4301796781,0.0,False,liquidate,-0.18124344915019092,6,纳指;国债ETF;军工ETF;证券ETF;有色ETF;酒ETF,纳指;国债ETF,军工ETF;证券ETF;有色ETF;酒ETF
2023-07-12,925733.8952931846,0.0,925733.8952931846,0.0,False,liquidate,-0.18117846847155195,7,纳指;黄金;国债ETF;军工ETF;证券ETF;有色ETF;酒ETF,纳指;黄金;国债ETF,军工ETF;证券ETF;有色ETF;酒ETF
2023-07-13,925807.3662372555,0.0,925807.3662372555,0.0,False,liquidate,-0.1811134826357163,8,沪深300;纳指;黄金;国债ETF;军工ETF;证券ETF;有色ETF;酒ETF,沪深300;纳指;黄金;国债ETF,军工ETF;证券ETF;有色ETF;酒ETF
2023-07-14,925880.8430123538,0.0,925880.8430123538,0.0,False,liquidate,-0.18104849164227466,8,沪深300;纳指;黄金;国债ETF;军工ETF;证券ETF;有色ETF;酒ETF,沪深300;纳指;黄金;国债ETF,军工ETF;证券ETF;有色ETF;酒ETF
2023-07-17,925954.325618942,0.0,925954.325618942,0.0,False,liquidate,-0.1809834954908177,7,纳指;黄金;国债ETF;军工ETF;证券ETF;有色ETF;酒ETF,纳指;黄金;国债ETF,军工ETF;证券ETF;有色ETF;酒ETF
2023-07-18,926027.8140574832,0.0,926027.8140574832,0.0,False,liquidate,-0.180918494180936,7,纳指;黄金;国债ETF;军工ETF;证券ETF;有色ETF;酒ETF,纳指;黄金;国债ETF,军工ETF;证券ETF;有色ETF;酒ETF
2023-07-19,926101.3083284402,0.0,926101.3083284402,0.0,False,liquidate,-0.1808534877122202,8,沪深300;纳指;黄金;国债ETF;证券ETF;军工ETF;有色ETF;酒ETF,沪深300;纳指;黄金;国债ETF,证券ETF;军工ETF;有色ETF;酒ETF
2023-07-20,926174.8084322758,0.0,926174.8084322758,0.0,False,liquidate,-0.18078847608426085,8,沪深300;纳指;黄金;国债ETF;证券ETF;有色ETF;军工ETF;酒ETF,沪深300;纳指;黄金;国债ETF,证券ETF;有色ETF;军工ETF;酒ETF
2023-07-21,926248.314369453,0.0,926248.314369453,0.0,False,liquidate,-0.18072345929664843,8,沪深300;纳指;黄金;国债ETF;证券ETF;酒ETF;有色ETF;军工ETF,沪深300;纳指;黄金;国债ETF,证券ETF;酒ETF;有色ETF;军工ETF
2023-07-24,926321.8261404347,0.0,926321.8261404347,0.0,False,liquidate,-0.18065843734897355,8,沪深300;纳指;黄金;国债ETF;证券ETF;军工ETF;有色ETF;酒ETF,沪深300;纳指;黄金;国债ETF,证券ETF;军工ETF;有色ETF;酒ETF
2023-07-25,926395.343745684,0.0,926395.343745684,0.0,False,liquidate,-0.1805934102408266,8,沪深300;纳指;黄金;国债ETF;证券ETF;酒ETF;有色ETF;军工ETF,沪深300;纳指;黄金;国债ETF,证券ETF;酒ETF;有色ETF;军工ETF
2023-07-26,926468.8671856639,0.0,926468.8671856639,0.0,False,liquidate,-0.18052837797179802,8,沪深300;纳指;黄金;国债ETF;证券ETF;酒ETF;有色ETF;军工ETF,沪深300;纳指;黄金;国债ETF,证券ETF;酒ETF;有色ETF;军工ETF
2023-07-27,926542.3964608375,0.0,926542.3964608375,0.0,False,liquidate,-0.18046334054147825,8,沪深300;纳指;黄金;国债ETF;酒ETF;证券ETF;有色ETF;军工ETF,沪深300;纳指;黄金;国债ETF,酒ETF;证券ETF;有色ETF;军工ETF
2023-07-28,926615.9315716677,0.0,926615.9315716677,0.0,False,liquidate,-0.18039829794945775,9,沪深300;创业板;纳指;黄金;国债ETF;证券ETF;酒ETF;有色ETF;创新药ETF,沪深300;创业板;纳指;黄金;国债ETF,证券ETF;酒ETF;有色ETF;创新药ETF
2023-07-31,926689.4725186179,0.0,926689.4725186179,0.0,False,liquidate,-0.18033325019532667,9,沪深300;创业板;纳指;黄金;国债ETF;证券ETF;酒ETF;有色ETF;军工ETF,沪深300;创业板;纳指;黄金;国债ETF,证券ETF;酒ETF;有色ETF;军工ETF
2023-08-01,926763.0193021512,0.0,926763.0193021512,0.0,False,liquidate,-0.18026819727867546,9,沪深300;创业板;纳指;黄金;国债ETF;证券ETF;酒ETF;有色ETF;军工ETF,沪深300;创业板;纳指;黄金;国债ETF,证券ETF;酒ETF;有色ETF;军工ETF
2023-08-02,926836.5719227308,0.0,926836.5719227308,0.0,False,liquidate,-0.18020313919909434,9,沪深300;创业板;纳指;黄金;国债ETF;证券ETF;酒ETF;有色ETF;半导体ETF,沪深300;创业板;纳指;黄金;国债ETF,证券ETF;酒ETF;有色ETF;半导体ETF
2023-08-03,926910.1303808199,0.0,926910.1303808199,0.0,False,liquidate,-0.18013807595617362,9,沪深300;创业板;纳指;黄金;国债ETF;证券ETF;酒ETF;有色ETF;半导体ETF,沪深300;创业板;纳指;黄金;国债ETF,证券ETF;酒ETF;有色ETF;半导体ETF
2023-08-04,926983.6946768819,0.0,926983.6946768819,0.0,False,liquidate,-0.18007300754950345,9,沪深300;创业板;纳指;黄金;国债ETF;证券ETF;酒ETF;有色ETF;半导体ETF,沪深300;创业板;纳指;黄金;国债ETF,证券ETF;酒ETF;有色ETF;半导体ETF
2023-08-07,927057.2648113801,0.0,927057.2648113801,0.0,False,liquidate,-0.18000793397867404,9,沪深300;创业板;纳指;黄金;国债ETF;证券ETF;酒ETF;有色ETF;军工ETF,沪深300;创业板;纳指;黄金;国债ETF,证券ETF;酒ETF;有色ETF;军工ETF
2023-08-08,927130.8407847779,509121.7729204713,418009.06786430656,0.5,False,halve,-0.17994285524327544,9,沪深300;创业板;纳指;黄金;国债ETF;证券ETF;酒ETF;有色ETF;半导体ETF,沪深300;创业板;纳指;黄金;国债ETF,证券ETF;酒ETF;有色ETF;半导体ETF
2023-08-09,923853.0492730113,0.0,923853.0492730113,0.0,False,liquidate,-0.18284209689289188,9,沪深300;创业板;纳指;黄金;国债ETF;证券ETF;酒ETF;有色ETF;军工ETF,沪深300;创业板;纳指;黄金;国债ETF,证券ETF;酒ETF;有色ETF;军工ETF
2023-08-10,923926.3709435886,0.0,923926.3709435886,0.0,False,liquidate,-0.18277724309105794,9,沪深300;创业板;纳指;黄金;国债ETF;证券ETF;酒ETF;有色ETF;军工ETF,沪深300;创业板;纳指;黄金;国债ETF,证券ETF;酒ETF;有色ETF;军工ETF
2023-08-11,923999.698433346,0.0,923999.698433346,0.0,False,liquidate,-0.1827123841420969,8,沪深300;纳指;黄金;国债ETF;证券ETF;酒ETF;有色ETF;创新药ETF,沪深300;纳指;黄金;国债ETF,证券ETF;酒ETF;有色ETF;创新药ETF
2023-08-14,924073.0317427455,0.0,924073.0317427455,0.0,False,liquidate,-0.18264752004560017,7,纳指;黄金;国债ETF;证券ETF;酒ETF;有色ETF;创新药ETF,纳指;黄金;国债ETF,证券ETF;酒ETF;有色ETF;创新药ETF
2023-08-15,924146.370872249,0.0,924146.370872249,0.0,False,liquidate,-0.1825826508011593,7,纳指;黄金;国债ETF;证券ETF;酒ETF;有色ETF;创新药ETF,纳指;黄金;国债ETF,证券ETF;酒ETF;有色ETF;创新药ETF
2023-08-16,924219.7158223183,0.0,924219.7158223183,0.0,False,liquidate,-0.18251777640836564,7,纳指;黄金;国债ETF;证券ETF;酒ETF;有色ETF;创新药ETF,纳指;黄金;国债ETF,证券ETF;酒ETF;有色ETF;创新药ETF
2023-08-17,924293.0665934153,0.0,924293.0665934153,0.0,False,liquidate,-0.18245289686681077,8,沪深300;纳指;黄金;国债ETF;证券ETF;酒ETF;有色ETF;军工ETF,沪深300;纳指;黄金;国债ETF,证券ETF;酒ETF;有色ETF;军工ETF
2023-08-18,924366.4231860022,0.0,924366.4231860022,0.0,False,liquidate,-0.18238801217608586,7,沪深300;黄金;国债ETF;证券ETF;酒ETF;有色ETF;军工ETF,沪深300;黄金;国债ETF,证券ETF;酒ETF;有色ETF;军工ETF
2023-08-21,924439.7856005408,0.0,924439.7856005408,0.0,False,liquidate,-0.1823231223357823,7,纳指;黄金;国债ETF;证券ETF;酒ETF;有色ETF;军工ETF,纳指;黄金;国债ETF,证券ETF;酒ETF;有色ETF;军工ETF
2023-08-22,924513.1538374933,0.0,924513.1538374933,0.0,False,liquidate,-0.18225822734549146,7,纳指;黄金;国债ETF;证券ETF;酒ETF;军工ETF;有色ETF,纳指;黄金;国债ETF,证券ETF;酒ETF;军工ETF;有色ETF
2023-08-23,924586.5278973217,0.0,924586.5278973217,0.0,False,liquidate,-0.18219332720480452,7,纳指;黄金;国债ETF;证券ETF;酒ETF;军工ETF;有色ETF,纳指;黄金;国债ETF,证券ETF;酒ETF;军工ETF;有色ETF
2023-08-24,924659.9077804883,0.0,924659.9077804883,0.0,False,liquidate,-0.18212842191331277,7,纳指;黄金;国债ETF;证券ETF;酒ETF;军工ETF;有色ETF,纳指;黄金;国债ETF,证券ETF;酒ETF;军工ETF;有色ETF
2023-08-25,924733.293487455,0.0,924733.293487455,0.0,False,liquidate,-0.18206351147060745,6,黄金;国债ETF;证券ETF;酒ETF;军工ETF;有色ETF,黄金;国债ETF,证券ETF;酒ETF;军工ETF;有色ETF
2023-08-28,924806.6850186842,0.0,924806.6850186842,0.0,False,liquidate,-0.18199859587627965,6,黄金;国债ETF;证券ETF;酒ETF;军工ETF;创新药ETF,黄金;国债ETF,证券ETF;酒ETF;军工ETF;创新药ETF
2023-08-29,924880.0823746382,0.0,924880.0823746382,0.0,False,liquidate,-0.18193367512992056,7,纳指;黄金;国债ETF;证券ETF;酒ETF;创新药ETF;军工ETF,纳指;黄金;国债ETF,证券ETF;酒ETF;创新药ETF;军工ETF
2023-08-30,924953.4855557791,0.0,924953.4855557791,0.0,False,liquidate,-0.1818687492311213,7,纳指;黄金;国债ETF;酒ETF;军工ETF;证券ETF;创新药ETF,纳指;黄金;国债ETF,酒ETF;军工ETF;证券ETF;创新药ETF
2023-08-31,925026.8945625692,0.0,925026.8945625692,0.0,False,liquidate,-0.18180381817947297,7,纳指;黄金;国债ETF;酒ETF;军工ETF;创新药ETF;证券ETF,纳指;黄金;国债ETF,酒ETF;军工ETF;创新药ETF;证券ETF
2023-09-01,925100.309395471,0.0,925100.309395471,0.0,False,liquidate,-0.18173888197456659,7,纳指;黄金;国债ETF;酒ETF;创新药ETF;军工ETF;证券ETF,纳指;黄金;国债ETF,酒ETF;创新药ETF;军工ETF;证券ETF
2023-09-04,925173.7300549468,0.0,925173.7300549468,0.0,False,liquidate,-0.18167394061599312,8,沪深300;纳指;黄金;国债ETF;酒ETF;军工ETF;创新药ETF;有色ETF,沪深300;纳指;黄金;国债ETF,酒ETF;军工ETF;创新药ETF;有色ETF
2023-09-05,925247.1565414591,0.0,925247.1565414591,0.0,False,liquidate,-0.1816089941033436,8,沪深300;纳指;黄金;国债ETF;酒ETF;军工ETF;有色ETF;证券ETF,沪深300;纳指;黄金;国债ETF,酒ETF;军工ETF;有色ETF;证券ETF
2023-09-06,925320.5888554704,0.0,925320.5888554704,0.0,False,liquidate,-0.18154404243620892,7,纳指;黄金;国债ETF;酒ETF;军工ETF;有色ETF;半导体ETF,纳指;黄金;国债ETF,酒ETF;军工ETF;有色ETF;半导体ETF
2023-09-07,925394.026997443,0.0,925394.026997443,0.0,False,liquidate,-0.18147908561418005,6,纳指;黄金;酒ETF;军工ETF;证券ETF;有色ETF,纳指;黄金,酒ETF;军工ETF;证券ETF;有色ETF
2023-09-08,925467.4709678397,0.0,925467.4709678397,0.0,False,liquidate,-0.18141412363684783,6,纳指;黄金;军工ETF;酒ETF;证券ETF;半导体ETF,纳指;黄金,军工ETF;酒ETF;证券ETF;半导体ETF
2023-09-11,925540.9207671229,0.0,925540.9207671229,0.0,False,liquidate,-0.18134915650380312,5,黄金;酒ETF;军工ETF;证券ETF;有色ETF,黄金,酒ETF;军工ETF;证券ETF;有色ETF
2023-09-12,925614.3763957552,0.0,925614.3763957552,0.0,False,liquidate,-0.18128418421463674,5,黄金;酒ETF;军工ETF;有色ETF;证券ETF,黄金,酒ETF;军工ETF;有色ETF;证券ETF
2023-09-13,925687.8378541993,0.0,925687.8378541993,0.0,False,liquidate,-0.18121920676893946,6,黄金;国债ETF;酒ETF;有色ETF;半导体ETF;证券ETF,黄金;国债ETF,酒ETF;有色ETF;半导体ETF;证券ETF
2023-09-14,925761.305142918,0.0,925761.305142918,0.0,False,liquidate,-0.181154224166302,6,纳指;黄金;酒ETF;有色ETF;创新药ETF;证券ETF,纳指;黄金,酒ETF;有色ETF;创新药ETF;证券ETF
2023-09-15,925834.7782623739,0.0,925834.7782623739,0.0,False,liquidate,-0.18108923640631513,6,纳指;黄金;有色ETF;创新药ETF;酒ETF;半导体ETF,纳指;黄金,有色ETF;创新药ETF;酒ETF;半导体ETF
2023-09-18,925908.2572130297,0.0,925908.2572130297,0.0,False,liquidate,-0.18102424348856958,6,黄金;国债ETF;创新药ETF;酒ETF;有色ETF;证券ETF,黄金;国债ETF,创新药ETF;酒ETF;有色ETF;证券ETF
2023-09-19,925981.7419953482,0.0,925981.7419953482,0.0,False,liquidate,-0.18095924541265587,6,黄金;国债ETF;创新药ETF;酒ETF;有色ETF;证券ETF,黄金;国债ETF,创新药ETF;酒ETF;有色ETF;证券ETF
2023-09-20,926055.2326097924,0.0,926055.2326097924,0.0,False,liquidate,-0.18089424217816477,5,黄金;创新药ETF;有色ETF;酒ETF;证券ETF,黄金,创新药ETF;有色ETF;酒ETF;证券ETF
2023-09-21,926128.7290568249,0.0,926128.7290568249,0.0,False,liquidate,-0.18082923378468682,6,黄金;国债ETF;创新药ETF;有色ETF;酒ETF;证券ETF,黄金;国债ETF,创新药ETF;有色ETF;酒ETF;证券ETF
2023-09-22,926202.2313369089,0.0,926202.2313369089,0.0,False,liquidate,-0.18076422023181252,6,黄金;国债ETF;创新药ETF;酒ETF;有色ETF;半导体ETF,黄金;国债ETF,创新药ETF;酒ETF;有色ETF;半导体ETF
2023-09-25,926275.7394505071,0.0,926275.7394505071,0.0,False,liquidate,-0.18069920151913246,5,黄金;创新药ETF;酒ETF;有色ETF;证券ETF,黄金,创新药ETF;酒ETF;有色ETF;证券ETF
2023-09-26,926349.2533980826,0.0,926349.2533980826,0.0,False,liquidate,-0.18063417764623713,5,黄金;创新药ETF;证券ETF;酒ETF;有色ETF,黄金,创新药ETF;证券ETF;酒ETF;有色ETF
2023-09-27,926422.7731800983,0.0,926422.7731800983,0.0,False,liquidate,-0.180569148612717,5,黄金;创新药ETF;证券ETF;酒ETF;有色ETF,黄金,创新药ETF;证券ETF;酒ETF;有色ETF
2023-09-28,926496.2987970173,0.0,926496.2987970173,0.0,False,liquidate,-0.18050411441816247,5,黄金;创新药ETF;证券ETF;酒ETF;有色ETF,黄金,创新药ETF;证券ETF;酒ETF;有色ETF
2023-10-09,926569.8302493028,0.0,926569.8302493028,0.0,False,liquidate,-0.18043907506216392,5,国债ETF;创新药ETF;证券ETF;酒ETF;军工ETF,国债ETF,创新药ETF;证券ETF;酒ETF;军工ETF
2023-10-10,926643.3675374178,0.0,926643.3675374178,0.0,False,liquidate,-0.18037403054431173,4,创新药ETF;证券ETF;酒ETF;军工ETF,,创新药ETF;证券ETF;酒ETF;军工ETF
2023-10-11,926716.9106618256,0.0,926716.9106618256,0.0,False,liquidate,-0.18030898086419617,4,创新药ETF;证券ETF;酒ETF;半导体ETF,,创新药ETF;证券ETF;酒ETF;半导体ETF
2023-10-12,926790.4596229893,0.0,926790.4596229893,0.0,False,liquidate,-0.1802439260214075,5,纳指;创新药ETF;证券ETF;有色ETF;半导体ETF,纳指,创新药ETF;证券ETF;有色ETF;半导体ETF
2023-10-13,926864.0144213721,0.0,926864.0144213721,0.0,False,liquidate,-0.18017886601553618,5,纳指;创新药ETF;证券ETF;有色ETF;半导体ETF,纳指,创新药ETF;证券ETF;有色ETF;半导体ETF
2023-10-16,926937.5750574373,0.0,926937.5750574373,0.0,False,liquidate,-0.18011380084617232,6,纳指;黄金;创新药ETF;证券ETF;有色ETF;半导体ETF,纳指;黄金,创新药ETF;证券ETF;有色ETF;半导体ETF
2023-10-17,927011.1415316482,0.0,927011.1415316482,0.0,False,liquidate,-0.18004873051290612,5,黄金;创新药ETF;证券ETF;半导体ETF;有色ETF,黄金,创新药ETF;证券ETF;半导体ETF;有色ETF
2023-10-18,927084.7138444682,598832.1393521758,328252.5744922925,0.5,False,halve,-0.17998365501532776,6,纳指;黄金;创新药ETF;证券ETF;半导体ETF;有色ETF,纳指;黄金,创新药ETF;证券ETF;半导体ETF;有色ETF
2023-10-19,923225.7745013088,0.0,923225.7745013088,0.0,False,liquidate,-0.1833969281374494,5,黄金;创新药ETF;证券ETF;半导体ETF;军工ETF,黄金,创新药ETF;证券ETF;半导体ETF;军工ETF
2023-10-20,923299.046388174,0.0,923299.046388174,0.0,False,liquidate,-0.18333211836984117,6,纳指;黄金;证券ETF;创新药ETF;半导体ETF;有色ETF,纳指;黄金,证券ETF;创新药ETF;半导体ETF;有色ETF
2023-10-23,923372.3240902683,0.0,923372.3240902683,0.0,False,liquidate,-0.1832673034586007,5,黄金;创新药ETF;证券ETF;半导体ETF;有色ETF,黄金,创新药ETF;证券ETF;半导体ETF;有色ETF
2023-10-24,923445.6076080534,0.0,923445.6076080534,0.0,False,liquidate,-0.18320248340331957,5,黄金;创新药ETF;证券ETF;半导体ETF;有色ETF,黄金,创新药ETF;证券ETF;半导体ETF;有色ETF
2023-10-25,923518.8969419906,0.0,923518.8969419906,0.0,False,liquidate,-0.1831376582035896,5,黄金;证券ETF;创新药ETF;半导体ETF;军工ETF,黄金,证券ETF;创新药ETF;半导体ETF;军工ETF
2023-10-26,923592.1920925416,0.0,923592.1920925416,0.0,False,liquidate,-0.18307282785900253,5,黄金;证券ETF;创新药ETF;半导体ETF;军工ETF,黄金,证券ETF;创新药ETF;半导体ETF;军工ETF
2023-10-27,923665.493060168,0.0,923665.493060168,0.0,False,liquidate,-0.18300799236915008,5,黄金;创新药ETF;半导体ETF;证券ETF;有色ETF,黄金,创新药ETF;半导体ETF;证券ETF;有色ETF
2023-10-30,923738.7998453316,0.0,923738.7998453316,0.0,False,liquidate,-0.18294315173362374,5,黄金;创新药ETF;半导体ETF;证券ETF;军工ETF,黄金,创新药ETF;半导体ETF;证券ETF;军工ETF
2023-10-31,923812.112448494,0.0,923812.112448494,0.0,False,liquidate,-0.18287830595201526,5,黄金;创新药ETF;半导体ETF;证券ETF;军工ETF,黄金,创新药ETF;半导体ETF;证券ETF;军工ETF
2023-11-01,923885.4308701169,0.0,923885.4308701169,0.0,False,liquidate,-0.18281345502391616,5,黄金;创新药ETF;半导体ETF;证券ETF;酒ETF,黄金,创新药ETF;半导体ETF;证券ETF;酒ETF
2023-11-02,923958.7551106622,0.0,923958.7551106622,0.0,False,liquidate,-0.18274859894891804,5,黄金;创新药ETF;半导体ETF;证券ETF;酒ETF,黄金,创新药ETF;半导体ETF;证券ETF;酒ETF
2023-11-03,924032.0851705916,0.0,924032.0851705916,0.0,False,liquidate,-0.1826837377266124,5,黄金;创新药ETF;半导体ETF;证券ETF;酒ETF,黄金,创新药ETF;半导体ETF;证券ETF;酒ETF
2023-11-06,924105.4210503671,0.0,924105.4210503671,0.0,False,liquidate,-0.1826188713565907,6,黄金;国债ETF;创新药ETF;半导体ETF;证券ETF;酒ETF,黄金;国债ETF,创新药ETF;半导体ETF;证券ETF;酒ETF
2023-11-07,924178.7627504505,0.0,924178.7627504505,0.0,False,liquidate,-0.1825539998384443,6,黄金;国债ETF;创新药ETF;半导体ETF;证券ETF;酒ETF,黄金;国债ETF,创新药ETF;半导体ETF;证券ETF;酒ETF
2023-11-08,924252.1102713038,0.0,924252.1102713038,0.0,False,liquidate,-0.18248912317176474,6,黄金;国债ETF;创新药ETF;半导体ETF;证券ETF;酒ETF,黄金;国债ETF,创新药ETF;半导体ETF;证券ETF;酒ETF
2023-11-09,924325.4636133888,0.0,924325.4636133888,0.0,False,liquidate,-0.18242424135614346,6,黄金;国债ETF;创新药ETF;半导体ETF;证券ETF;酒ETF,黄金;国债ETF,创新药ETF;半导体ETF;证券ETF;酒ETF
2023-11-10,924398.8227771677,0.0,924398.8227771677,0.0,False,liquidate,-0.18235935439117174,6,黄金;国债ETF;半导体ETF;创新药ETF;证券ETF;酒ETF,黄金;国债ETF,半导体ETF;创新药ETF;证券ETF;酒ETF
2023-11-13,924472.1877631024,0.0,924472.1877631024,0.0,False,liquidate,-0.1822944622764409,6,纳指;国债ETF;半导体ETF;创新药ETF;军工ETF;证券ETF,纳指;国债ETF,半导体ETF;创新药ETF;军工ETF;证券ETF
2023-11-14,924545.5585716551,0.0,924545.5585716551,0.0,False,liquidate,-0.1822295650115421,7,纳指;黄金;国债ETF;半导体ETF;创新药ETF;军工ETF;证券ETF,纳指;黄金;国债ETF,半导体ETF;创新药ETF;军工ETF;证券ETF
2023-11-15,924618.9352032878,0.0,924618.9352032878,0.0,False,liquidate,-0.1821646625960668,7,纳指;黄金;国债ETF;半导体ETF;创新药ETF;军工ETF;酒ETF,纳指;黄金;国债ETF,半导体ETF;创新药ETF;军工ETF;酒ETF
2023-11-16,924692.3176584627,0.0,924692.3176584627,0.0,False,liquidate,-0.18209975502960613,6,纳指;国债ETF;半导体ETF;创新药ETF;军工ETF;证券ETF,纳指;国债ETF,半导体ETF;创新药ETF;军工ETF;证券ETF
2023-11-17,924765.7059376419,0.0,924765.7059376419,0.0,False,liquidate,-0.18203484231175135,7,纳指;黄金;国债ETF;半导体ETF;创新药ETF;军工ETF;证券ETF,纳指;黄金;国债ETF,半导体ETF;创新药ETF;军工ETF;证券ETF
2023-11-20,924839.1000412878,0.0,924839.1000412878,0.0,False,liquidate,-0.18196992444209348,6,纳指;国债ETF;创新药ETF;半导体ETF;军工ETF;证券ETF,纳指;国债ETF,创新药ETF;半导体ETF;军工ETF;证券ETF
2023-11-21,924912.4999698626,0.0,924912.4999698626,0.0,False,liquidate,-0.18190500142022373,6,纳指;国债ETF;创新药ETF;半导体ETF;军工ETF;证券ETF,纳指;国债ETF,创新药ETF;半导体ETF;军工ETF;证券ETF
2023-11-22,924985.9057238286,0.0,924985.9057238286,0.0,False,liquidate,-0.18184007324573317,6,纳指;国债ETF;创新药ETF;半导体ETF;军工ETF;证券ETF,纳指;国债ETF,创新药ETF;半导体ETF;军工ETF;证券ETF
2023-11-23,925059.317303648,0.0,925059.317303648,0.0,False,liquidate,-0.18177513991821295,6,纳指;国债ETF;创新药ETF;半导体ETF;军工ETF;证券ETF,纳指;国债ETF,创新药ETF;半导体ETF;军工ETF;证券ETF
2023-11-24,925132.7347097832,0.0,925132.7347097832,0.0,False,liquidate,-0.18171020143725405,6,纳指;国债ETF;创新药ETF;军工ETF;证券ETF;半导体ETF,纳指;国债ETF,创新药ETF;军工ETF;证券ETF;半导体ETF
2023-11-27,925206.1579426967,0.0,925206.1579426967,0.0,False,liquidate,-0.1816452578024475,6,纳指;国债ETF;创新药ETF;半导体ETF;军工ETF;证券ETF,纳指;国债ETF,创新药ETF;半导体ETF;军工ETF;证券ETF
2023-11-28,925279.587002851,0.0,925279.587002851,0.0,False,liquidate,-0.18158030901338415,6,纳指;国债ETF;创新药ETF;半导体ETF;军工ETF;证券ETF,纳指;国债ETF,创新药ETF;半导体ETF;军工ETF;证券ETF
2023-11-29,925353.0218907084,0.0,925353.0218907084,0.0,False,liquidate,-0.18151535506965502,7,纳指;黄金;国债ETF;创新药ETF;半导体ETF;军工ETF;证券ETF,纳指;黄金;国债ETF,创新药ETF;半导体ETF;军工ETF;证券ETF
2023-11-30,925426.4626067315,0.0,925426.4626067315,0.0,False,liquidate,-0.181450395970851,7,纳指;黄金;国债ETF;创新药ETF;军工ETF;半导体ETF;证券ETF,纳指;黄金;国债ETF,创新药ETF;军工ETF;半导体ETF;证券ETF
2023-12-01,925499.9091513829,0.0,925499.9091513829,0.0,False,liquidate,-0.1813854317165629,7,纳指;黄金;国债ETF;创新药ETF;军工ETF;半导体ETF;证券ETF,纳指;黄金;国债ETF,创新药ETF;军工ETF;半导体ETF;证券ETF
2023-12-04,925573.3615251251,0.0,925573.3615251251,0.0,False,liquidate,-0.1813204623063816,7,纳指;黄金;国债ETF;军工ETF;创新药ETF;半导体ETF;证券ETF,纳指;黄金;国债ETF,军工ETF;创新药ETF;半导体ETF;证券ETF
2023-12-05,925646.8197284208,0.0,925646.8197284208,0.0,False,liquidate,-0.18125548773989794,7,纳指;黄金;国债ETF;军工ETF;创新药ETF;证券ETF;有色ETF,纳指;黄金;国债ETF,军工ETF;创新药ETF;证券ETF;有色ETF
2023-12-06,925720.2837617326,0.0,925720.2837617326,0.0,False,liquidate,-0.18119050801670267,7,纳指;黄金;国债ETF;创新药ETF;军工ETF;有色ETF;证券ETF,纳指;黄金;国债ETF,创新药ETF;军工ETF;有色ETF;证券ETF
2023-12-07,925793.7536255233,0.0,925793.7536255233,0.0,False,liquidate,-0.18112552313638647,7,纳指;黄金;国债ETF;创新药ETF;军工ETF;有色ETF;证券ETF,纳指;黄金;国债ETF,创新药ETF;军工ETF;有色ETF;证券ETF
2023-12-08,925867.2293202556,0.0,925867.2293202556,0.0,False,liquidate,-0.18106053309854006,7,纳指;黄金;国债ETF;创新药ETF;有色ETF;证券ETF;半导体ETF,纳指;黄金;国债ETF,创新药ETF;有色ETF;证券ETF;半导体ETF
2023-12-11,925940.7108463921,0.0,925940.7108463921,0.0,False,liquidate,-0.18099553790275424,7,纳指;黄金;国债ETF;创新药ETF;证券ETF;有色ETF;半导体ETF,纳指;黄金;国债ETF,创新药ETF;证券ETF;有色ETF;半导体ETF
2023-12-12,926014.1982043958,0.0,926014.1982043958,0.0,False,liquidate,-0.1809305375486195,7,纳指;黄金;国债ETF;创新药ETF;军工ETF;半导体ETF;证券ETF,纳指;黄金;国债ETF,创新药ETF;军工ETF;半导体ETF;证券ETF
2023-12-13,926087.6913947295,0.0,926087.6913947295,0.0,False,liquidate,-0.1808655320357265,6,纳指;国债ETF;创新药ETF;半导体ETF;军工ETF;证券ETF,纳指;国债ETF,创新药ETF;半导体ETF;军工ETF;证券ETF
2023-12-14,926161.1904178561,0.0,926161.1904178561,0.0,False,liquidate,-0.18080052136366587,7,纳指;黄金;国债ETF;创新药ETF;半导体ETF;军工ETF;证券ETF,纳指;黄金;国债ETF,创新药ETF;半导体ETF;军工ETF;证券ETF
2023-12-15,926234.6952742385,0.0,926234.6952742385,0.0,False,liquidate,-0.18073550553202805,7,纳指;黄金;国债ETF;半导体ETF;创新药ETF;证券ETF;军工ETF,纳指;黄金;国债ETF,半导体ETF;创新药ETF;证券ETF;军工ETF
2023-12-18,926308.2059643397,0.0,926308.2059643397,0.0,False,liquidate,-0.18067048454040355,7,纳指;黄金;国债ETF;创新药ETF;证券ETF;半导体ETF;军工ETF,纳指;黄金;国债ETF,创新药ETF;证券ETF;半导体ETF;军工ETF
2023-12-19,926381.7224886226,0.0,926381.7224886226,0.0,False,liquidate,-0.18060545838838285,7,纳指;黄金;国债ETF;半导体ETF;证券ETF;创新药ETF;军工ETF,纳指;黄金;国债ETF,半导体ETF;证券ETF;创新药ETF;军工ETF
2023-12-20,926455.2448475504,0.0,926455.2448475504,0.0,False,liquidate,-0.18054042707555645,7,纳指;黄金;国债ETF;半导体ETF;创新药ETF;证券ETF;有色ETF,纳指;黄金;国债ETF,半导体ETF;创新药ETF;证券ETF;有色ETF
2023-12-21,926528.7730415859,0.0,926528.7730415859,0.0,False,liquidate,-0.18047539060151485,7,纳指;黄金;国债ETF;半导体ETF;创新药ETF;有色ETF;证券ETF,纳指;黄金;国债ETF,半导体ETF;创新药ETF;有色ETF;证券ETF
2023-12-22,926602.3070711924,0.0,926602.3070711924,0.0,False,liquidate,-0.18041034896584826,7,纳指;黄金;国债ETF;有色ETF;半导体ETF;创新药ETF;军工ETF,纳指;黄金;国债ETF,有色ETF;半导体ETF;创新药ETF;军工ETF
2023-12-25,926675.846936833,0.0,926675.846936833,0.0,False,liquidate,-0.18034530216814715,7,纳指;黄金;国债ETF;有色ETF;军工ETF;半导体ETF;证券ETF,纳指;黄金;国债ETF,有色ETF;军工ETF;半导体ETF;证券ETF
2023-12-26,926749.3926389709,0.0,926749.3926389709,0.0,False,liquidate,-0.18028025020800173,7,纳指;黄金;国债ETF;有色ETF;军工ETF;创新药ETF;半导体ETF,纳指;黄金;国债ETF,有色ETF;军工ETF;创新药ETF;半导体ETF
2023-12-27,926822.9441780692,0.0,926822.9441780692,0.0,False,liquidate,-0.18021519308500233,7,纳指;黄金;国债ETF;有色ETF;军工ETF;半导体ETF;证券ETF,纳指;黄金;国债ETF,有色ETF;军工ETF;半导体ETF;证券ETF
2023-12-28,926896.5015545913,0.0,926896.5015545913,0.0,False,liquidate,-0.1801501307987392,7,纳指;黄金;国债ETF;有色ETF;半导体ETF;军工ETF;证券ETF,纳指;黄金;国债ETF,有色ETF;半导体ETF;军工ETF;证券ETF
2023-12-29,926970.0647690005,0.0,926970.0647690005,0.0,False,liquidate,-0.18008506334880253,7,纳指;黄金;国债ETF;有色ETF;半导体ETF;创新药ETF;军工ETF,纳指;黄金;国债ETF,有色ETF;半导体ETF;创新药ETF;军工ETF
2024-01-02,927043.63382176,0.0,927043.63382176,0.0,True,liquidate,-0.18001999073478261,0,,纳指;黄金;国债ETF,有色ETF;军工ETF;创新药ETF;半导体ETF
2024-01-03,927043.63382176,0.0,927043.63382176,0.0,True,liquidate,-0.18001999073478261,0,,纳指;黄金;国债ETF,有色ETF;军工ETF;证券ETF;创新药ETF
2024-01-04,927043.63382176,0.0,927043.63382176,0.0,True,liquidate,-0.18001999073478261,0,,纳指;黄金;国债ETF,有色ETF;军工ETF;证券ETF;创新药ETF
2024-01-05,927043.63382176,0.0,927043.63382176,0.0,True,liquidate,-0.18001999073478261,0,,纳指;黄金;国债ETF,有色ETF;军工ETF;证券ETF;创新药ETF
2024-01-08,927043.63382176,0.0,927043.63382176,0.0,True,liquidate,-0.18001999073478261,0,,纳指;黄金;国债ETF,有色ETF;证券ETF;军工ETF;创新药ETF
2024-01-09,927043.63382176,0.0,927043.63382176,0.0,True,liquidate,-0.18001999073478261,0,,纳指;黄金;国债ETF,有色ETF;证券ETF;军工ETF;创新药ETF
2024-01-10,927043.63382176,0.0,927043.63382176,0.0,True,liquidate,-0.18001999073478261,0,,纳指;黄金;国债ETF,有色ETF;证券ETF;创新药ETF;军工ETF
2024-01-11,927043.63382176,0.0,927043.63382176,0.0,True,liquidate,-0.18001999073478261,0,,纳指;黄金;国债ETF,有色ETF;酒ETF;军工ETF;创新药ETF
2024-01-12,927043.63382176,0.0,927043.63382176,0.0,True,liquidate,-0.18001999073478261,0,,纳指;黄金;国债ETF,有色ETF;军工ETF;创新药ETF;酒ETF
2024-01-15,927043.63382176,0.0,927043.63382176,0.0,True,liquidate,-0.18001999073478261,0,,纳指;黄金;国债ETF,有色ETF;创新药ETF;军工ETF;证券ETF
2024-01-16,927043.63382176,0.0,927043.63382176,0.0,True,liquidate,-0.18001999073478261,0,,纳指;黄金;国债ETF,有色ETF;创新药ETF;证券ETF;军工ETF
2024-01-17,927043.63382176,0.0,927043.63382176,0.0,True,liquidate,-0.18001999073478261,0,,纳指;黄金;国债ETF,有色ETF;证券ETF;创新药ETF;军工ETF
2024-01-18,927043.63382176,0.0,927043.63382176,0.0,True,liquidate,-0.18001999073478261,0,,纳指;黄金;国债ETF,有色ETF;证券ETF;创新药ETF;军工ETF
2024-01-19,927043.63382176,0.0,927043.63382176,0.0,True,liquidate,-0.18001999073478261,0,,纳指;黄金;国债ETF,有色ETF;证券ETF;创新药ETF;酒ETF
2024-01-22,927043.63382176,0.0,927043.63382176,0.0,True,liquidate,-0.18001999073478261,0,,纳指;黄金;国债ETF,证券ETF;有色ETF;酒ETF;创新药ETF
2024-01-23,927043.63382176,0.0,927043.63382176,0.0,True,liquidate,-0.18001999073478261,0,,纳指;黄金;国债ETF,证券ETF;有色ETF;酒ETF;创新药ETF
2024-01-24,927043.63382176,0.0,927043.63382176,0.0,True,liquidate,-0.18001999073478261,0,,纳指;黄金;国债ETF,证券ETF;有色ETF;酒ETF;创新药ETF
2024-01-25,927043.63382176,0.0,927043.63382176,0.0,True,liquidate,-0.18001999073478261,0,,纳指;黄金;国债ETF,证券ETF;有色ETF;军工ETF;酒ETF
2024-01-26,927043.63382176,0.0,927043.63382176,0.0,True,liquidate,-0.18001999073478261,0,,纳指;黄金;国债ETF,证券ETF;有色ETF;军工ETF;酒ETF
2024-01-29,927043.63382176,0.0,927043.63382176,0.0,True,liquidate,-0.18001999073478261,0,,纳指;国债ETF,证券ETF;有色ETF;酒ETF;军工ETF
2024-01-30,927043.63382176,0.0,927043.63382176,0.0,True,liquidate,-0.18001999073478261,0,,纳指;黄金;国债ETF,证券ETF;有色ETF;酒ETF;军工ETF
2024-01-31,927043.63382176,0.0,927043.63382176,0.0,True,liquidate,-0.18001999073478261,0,,纳指;黄金;国债ETF,证券ETF;有色ETF;酒ETF;军工ETF
2024-02-01,927043.63382176,0.0,927043.63382176,0.0,True,liquidate,-0.18001999073478261,0,,纳指;黄金;国债ETF,证券ETF;有色ETF;酒ETF;军工ETF
2024-02-02,927043.63382176,0.0,927043.63382176,0.0,True,liquidate,-0.18001999073478261,0,,纳指;黄金;国债ETF,证券ETF;有色ETF;酒ETF;军工ETF
2024-02-05,927043.63382176,0.0,927043.63382176,0.0,True,liquidate,-0.18001999073478261,0,,纳指;黄金;国债ETF,证券ETF;酒ETF;有色ETF;军工ETF
2024-02-06,927043.63382176,0.0,927043.63382176,0.0,True,liquidate,-0.18001999073478261,0,,纳指;黄金;国债ETF,证券ETF;酒ETF;有色ETF;军工ETF
2024-02-07,927043.63382176,0.0,927043.63382176,0.0,False,liquidate,-0.18001999073478261,7,纳指;黄金;国债ETF;证券ETF;酒ETF;有色ETF;军工ETF,纳指;黄金;国债ETF,证券ETF;酒ETF;有色ETF;军工ETF
2024-02-08,927117.2087133331,279001.9826461385,648115.2260671946,0.5,False,halve,-0.17995491295626947,7,纳指;黄金;国债ETF;证券ETF;酒ETF;有色ETF;军工ETF,纳指;黄金;国债ETF,证券ETF;酒ETF;有色ETF;军工ETF
2024-02-19,926874.7919539801,0.0,926874.7919539801,0.0,False,liquidate,-0.18016933317267383,7,纳指;黄金;国债ETF;证券ETF;有色ETF;酒ETF;军工ETF,纳指;黄金;国债ETF,证券ETF;有色ETF;酒ETF;军工ETF
2024-02-20,926948.353445405,0.0,926948.353445405,0.0,False,liquidate,-0.18010426724673514,8,沪深300;纳指;黄金;国债ETF;证券ETF;有色ETF;酒ETF;军工ETF,沪深300;纳指;黄金;国债ETF,证券ETF;有色ETF;酒ETF;军工ETF
2024-02-21,927021.9207750435,0.0,927021.9207750435,0.0,False,liquidate,-0.18003919615683409,8,沪深300;纳指;黄金;国债ETF;证券ETF;酒ETF;有色ETF;军工ETF,沪深300;纳指;黄金;国债ETF,证券ETF;酒ETF;有色ETF;军工ETF
2024-02-22,927095.4939433591,306552.5535523555,620542.9403910036,0.5,False,halve,-0.17997411990256074,8,沪深300;纳指;黄金;国债ETF;证券ETF;有色ETF;酒ETF;军工ETF,沪深300;纳指;黄金;国债ETF,证券ETF;有色ETF;酒ETF;军工ETF
2024-02-23,929256.1010195435,316202.6582171002,613053.4428024433,0.5,False,halve,-0.17806303983500832,8,沪深300;纳指;黄金;国债ETF;有色ETF;证券ETF;酒ETF;军工ETF,沪深300;纳指;黄金;国债ETF,有色ETF;证券ETF;酒ETF;军工ETF
2024-02-26,927113.936304963,323152.1885722183,603961.7477327447,0.5,False,halve,-0.17995780743647277,8,沪深300;纳指;黄金;国债ETF;有色ETF;证券ETF;军工ETF;酒ETF,沪深300;纳指;黄金;国债ETF,有色ETF;证券ETF;军工ETF;酒ETF
2024-02-27,932172.7950896837,329290.29235266394,602882.5027370198,0.5,False,halve,-0.1754831927346104,8,沪深300;纳指;黄金;国债ETF;有色ETF;证券ETF;军工ETF;酒ETF,沪深300;纳指;黄金;国债ETF,有色ETF;证券ETF;军工ETF;酒ETF
2024-02-28,925741.8492341877,0.0,925741.8492341877,0.0,False,liquidate,-0.18117143312566364,7,沪深300;纳指;国债ETF;有色ETF;酒ETF;军工ETF;证券ETF,沪深300;纳指;国债ETF,有色ETF;酒ETF;军工ETF;证券ETF
2024-02-29,925815.3208095238,0.0,925815.3208095238,0.0,False,liquidate,-0.18110644673146725,7,沪深300;纳指;国债ETF;有色ETF;酒ETF;证券ETF;半导体ETF,沪深300;纳指;国债ETF,有色ETF;酒ETF;证券ETF;半导体ETF
2024-03-01,925888.7982159373,0.0,925888.7982159373,0.0,False,liquidate,-0.18104145517962048,8,沪深300;纳指;黄金;国债ETF;半导体ETF;有色ETF;军工ETF;酒ETF,沪深300;纳指;黄金;国债ETF,半导体ETF;有色ETF;军工ETF;酒ETF
2024-03-04,925962.2814538911,0.0,925962.2814538911,0.0,False,liquidate,-0.18097645846971402,8,沪深300;纳指;黄金;国债ETF;有色ETF;半导体ETF;军工ETF;证券ETF,沪深300;纳指;黄金;国债ETF,有色ETF;半导体ETF;军工ETF;证券ETF
2024-03-05,926035.7705238478,0.0,926035.7705238478,0.0,False,liquidate,-0.18091145660133856,8,沪深300;纳指;黄金;国债ETF;有色ETF;半导体ETF;酒ETF;军工ETF,沪深300;纳指;黄金;国债ETF,有色ETF;半导体ETF;酒ETF;军工ETF
2024-03-06,926109.2654262703,0.0,926109.2654262703,0.0,False,liquidate,-0.1808464495740847,8,沪深300;纳指;黄金;国债ETF;有色ETF;半导体ETF;军工ETF;酒ETF,沪深300;纳指;黄金;国债ETF,有色ETF;半导体ETF;军工ETF;酒ETF
2024-03-07,926182.7661616217,0.0,926182.7661616217,0.0,False,liquidate,-0.1807814373875429,8,沪深300;纳指;黄金;国债ETF;有色ETF;半导体ETF;军工ETF;酒ETF,沪深300;纳指;黄金;国债ETF,有色ETF;半导体ETF;军工ETF;酒ETF
2024-03-08,926256.2727303647,0.0,926256.2727303647,0.0,False,liquidate,-0.18071642004130378,9,沪深300;创业板;纳指;黄金;国债ETF;有色ETF;半导体ETF;军工ETF;证券ETF,沪深300;创业板;纳指;黄金;国债ETF,有色ETF;半导体ETF;军工ETF;证券ETF
2024-03-11,926329.7851329624,0.0,926329.7851329624,0.0,False,liquidate,-0.1806513975349578,9,沪深300;创业板;纳指;黄金;国债ETF;有色ETF;军工ETF;半导体ETF;证券ETF,沪深300;创业板;纳指;黄金;国债ETF,有色ETF;军工ETF;半导体ETF;证券ETF
2024-03-12,926403.3033698777,0.0,926403.3033698777,0.0,False,liquidate,-0.18058636986809548,9,沪深300;创业板;纳指;黄金;国债ETF;有色ETF;军工ETF;酒ETF;半导体ETF,沪深300;创业板;纳指;黄金;国债ETF,有色ETF;军工ETF;酒ETF;半导体ETF
2024-03-13,926476.8274415738,0.0,926476.8274415738,0.0,False,liquidate,-0.18052133704030715,9,沪深300;创业板;纳指;黄金;国债ETF;有色ETF;半导体ETF;酒ETF;军工ETF,沪深300;创业板;纳指;黄金;国债ETF,有色ETF;半导体ETF;酒ETF;军工ETF
2024-03-14,926550.3573485137,0.0,926550.3573485137,0.0,False,liquidate,-0.18045629905118335,9,沪深300;创业板;纳指;黄金;国债ETF;有色ETF;酒ETF;半导体ETF;军工ETF,沪深300;创业板;纳指;黄金;国债ETF,有色ETF;酒ETF;半导体ETF;军工ETF
2024-03-15,926623.8930911605,0.0,926623.8930911605,0.0,False,liquidate,-0.18039125590031432,9,沪深300;创业板;纳指;黄金;国债ETF;有色ETF;酒ETF;军工ETF;半导体ETF,沪深300;创业板;纳指;黄金;国债ETF,有色ETF;酒ETF;军工ETF;半导体ETF
2024-03-18,926697.4346699773,0.0,926697.4346699773,0.0,False,liquidate,-0.18032620758729048,9,沪深300;创业板;纳指;黄金;国债ETF;有色ETF;酒ETF;半导体ETF;军工ETF,沪深300;创业板;纳指;黄金;国债ETF,有色ETF;酒ETF;半导体ETF;军工ETF
2024-03-19,926770.9820854273,0.0,926770.9820854273,0.0,False,liquidate,-0.18026115411170218,9,沪深300;创业板;纳指;黄金;国债ETF;有色ETF;酒ETF;军工ETF;半导体ETF,沪深300;创业板;纳指;黄金;国债ETF,有色ETF;酒ETF;军工ETF;半导体ETF
2024-03-20,926844.5353379737,0.0,926844.5353379737,0.0,False,liquidate,-0.1801960954731396,9,沪深300;创业板;纳指;黄金;国债ETF;有色ETF;酒ETF;军工ETF;半导体ETF,沪深300;创业板;纳指;黄金;国债ETF,有色ETF;酒ETF;军工ETF;半导体ETF
2024-03-21,926918.09442808,0.0,926918.09442808,0.0,False,liquidate,-0.18013103167119296,9,沪深300;创业板;纳指;黄金;国债ETF;有色ETF;酒ETF;军工ETF;半导体ETF,沪深300;创业板;纳指;黄金;国债ETF,有色ETF;酒ETF;军工ETF;半导体ETF
2024-03-22,926991.6593562092,0.0,926991.6593562092,0.0,False,liquidate,-0.18006596270545258,9,沪深300;创业板;纳指;黄金;国债ETF;有色ETF;酒ETF;军工ETF;半导体ETF,沪深300;创业板;纳指;黄金;国债ETF,有色ETF;酒ETF;军工ETF;半导体ETF
2024-03-25,927065.2301228248,0.0,927065.2301228248,0.0,False,liquidate,-0.18000088857550858,9,沪深300;创业板;纳指;黄金;国债ETF;有色ETF;酒ETF;军工ETF;半导体ETF,沪深300;创业板;纳指;黄金;国债ETF,有色ETF;酒ETF;军工ETF;半导体ETF
2024-03-26,927138.8067283902,388473.7830269155,538665.0237014747,0.5,False,halve,-0.17993580928095101,9,沪深300;创业板;纳指;黄金;国债ETF;有色ETF;酒ETF;军工ETF;半导体ETF,沪深300;创业板;纳指;黄金;国债ETF,有色ETF;酒ETF;军工ETF;半导体ETF
2024-03-27,917543.1144051824,0.0,917543.1144051824,0.0,False,liquidate,-0.18842330177108646,9,沪深300;创业板;纳指;黄金;国债ETF;有色ETF;酒ETF;证券ETF;军工ETF,沪深300;创业板;纳指;黄金;国债ETF,有色ETF;酒ETF;证券ETF;军工ETF
2024-03-28,917615.9352872781,0.0,917615.9352872781,0.0,False,liquidate,-0.1883588909220206,9,沪深300;创业板;纳指;黄金;国债ETF;有色ETF;酒ETF;军工ETF;证券ETF,沪深300;创业板;纳指;黄金;国债ETF,有色ETF;酒ETF;军工ETF;证券ETF
2024-03-29,917688.7619488089,0.0,917688.7619488089,0.0,False,liquidate,-0.18829447496098264,9,沪深300;创业板;纳指;黄金;国债ETF;有色ETF;酒ETF;军工ETF;证券ETF,沪深300;创业板;纳指;黄金;国债ETF,有色ETF;酒ETF;军工ETF;证券ETF
2024-04-01,917761.5943902335,0.0,917761.5943902335,0.0,False,liquidate,-0.18823005388756678,9,沪深300;创业板;纳指;黄金;国债ETF;有色ETF;酒ETF;军工ETF;证券ETF,沪深300;创业板;纳指;黄金;国债ETF,有色ETF;酒ETF;军工ETF;证券ETF
2024-04-02,917834.4326120105,0.0,917834.4326120105,0.0,False,liquidate,-0.18816562770136738,9,沪深300;创业板;纳指;黄金;国债ETF;有色ETF;酒ETF;军工ETF;证券ETF,沪深300;创业板;纳指;黄金;国债ETF,有色ETF;酒ETF;军工ETF;证券ETF
2024-04-03,917907.2766145988,0.0,917907.2766145988,0.0,False,liquidate,-0.18810119640197856,9,沪深300;创业板;纳指;黄金;国债ETF;有色ETF;酒ETF;军工ETF;证券ETF,沪深300;创业板;纳指;黄金;国债ETF,有色ETF;酒ETF;军工ETF;证券ETF
2024-04-08,917980.1263984571,0.0,917980.1263984571,0.0,False,liquidate,-0.1880367599889946,9,沪深300;创业板;纳指;黄金;国债ETF;有色ETF;酒ETF;军工ETF;证券ETF,沪深300;创业板;纳指;黄金;国债ETF,有色ETF;酒ETF;军工ETF;证券ETF
2024-04-09,918052.9819640443,0.0,918052.9819640443,0.0,False,liquidate,-0.1879723184620096,9,沪深300;创业板;纳指;黄金;国债ETF;有色ETF;酒ETF;军工ETF;证券ETF,沪深300;创业板;纳指;黄金;国债ETF,有色ETF;酒ETF;军工ETF;证券ETF
2024-04-10,918125.8433118192,0.0,918125.8433118192,0.0,False,liquidate,-0.18790787182061766,9,沪深300;创业板;纳指;黄金;国债ETF;有色ETF;酒ETF;军工ETF;证券ETF,沪深300;创业板;纳指;黄金;国债ETF,有色ETF;酒ETF;军工ETF;证券ETF
2024-04-11,918198.7104422408,0.0,918198.7104422408,0.0,False,liquidate,-0.18784342006441293,9,沪深300;创业板;纳指;黄金;国债ETF;有色ETF;酒ETF;军工ETF;证券ETF,沪深300;创业板;纳指;黄金;国债ETF,有色ETF;酒ETF;军工ETF;证券ETF
2024-04-12,918271.583355768,0.0,918271.583355768,0.0,False,liquidate,-0.18777896319298945,9,沪深300;创业板;纳指;黄金;国债ETF;有色ETF;酒ETF;军工ETF;证券ETF,沪深300;创业板;纳指;黄金;国债ETF,有色ETF;酒ETF;军工ETF;证券ETF
2024-04-15,918344.4620528597,0.0,918344.4620528597,0.0,False,liquidate,-0.1877145012059413,9,沪深300;创业板;纳指;黄金;国债ETF;有色ETF;酒ETF;军工ETF;证券ETF,沪深300;创业板;纳指;黄金;国债ETF,有色ETF;酒ETF;军工ETF;证券ETF
2024-04-16,918417.3465339751,0.0,918417.3465339751,0.0,False,liquidate,-0.18765003410286232,8,沪深300;创业板;黄金;国债ETF;有色ETF;酒ETF;军工ETF;证券ETF,沪深300;创业板;黄金;国债ETF,有色ETF;酒ETF;军工ETF;证券ETF
2024-04-17,918490.2367995731,0.0,918490.2367995731,0.0,False,liquidate,-0.18758556188334666,8,沪深300;创业板;黄金;国债ETF;有色ETF;酒ETF;军工ETF;证券ETF,沪深300;创业板;黄金;国债ETF,有色ETF;酒ETF;军工ETF;证券ETF
2024-04-18,918563.1328501127,0.0,918563.1328501127,0.0,False,liquidate,-0.18752108454698818,9,沪深300;创业板;纳指;黄金;国债ETF;有色ETF;酒ETF;军工ETF;证券ETF,沪深300;创业板;纳指;黄金;国债ETF,有色ETF;酒ETF;军工ETF;证券ETF
2024-04-19,918636.0346860533,0.0,918636.0346860533,0.0,False,liquidate,-0.18745660209338075,7,沪深300;黄金;国债ETF;有色ETF;军工ETF;酒ETF;证券ETF,沪深300;黄金;国债ETF,有色ETF;军工ETF;酒ETF;证券ETF
2024-04-22,918708.9423078538,0.0,918708.9423078538,0.0,False,liquidate,-0.18739211452211824,7,沪深300;黄金;国债ETF;有色ETF;军工ETF;酒ETF;证券ETF,沪深300;黄金;国债ETF,有色ETF;军工ETF;酒ETF;证券ETF
2024-04-23,918781.8557159735,0.0,918781.8557159735,0.0,False,liquidate,-0.18732762183279458,8,沪深300;创业板;黄金;国债ETF;有色ETF;酒ETF;军工ETF;证券ETF,沪深300;创业板;黄金;国债ETF,有色ETF;酒ETF;军工ETF;证券ETF
2024-04-24,918854.7749108716,0.0,918854.7749108716,0.0,False,liquidate,-0.18726312402500353,7,沪深300;黄金;国债ETF;有色ETF;军工ETF;酒ETF;证券ETF,沪深300;黄金;国债ETF,有色ETF;军工ETF;酒ETF;证券ETF
2024-04-25,918927.6998930074,0.0,918927.6998930074,0.0,False,liquidate,-0.18719862109833885,8,沪深300;创业板;黄金;国债ETF;有色ETF;军工ETF;酒ETF;半导体ETF,沪深300;创业板;黄金;国债ETF,有色ETF;军工ETF;酒ETF;半导体ETF
2024-04-26,919000.6306628402,0.0,919000.6306628402,0.0,False,liquidate,-0.18713411305239425,8,沪深300;创业板;黄金;国债ETF;有色ETF;酒ETF;军工ETF;证券ETF,沪深300;创业板;黄金;国债ETF,有色ETF;酒ETF;军工ETF;证券ETF
2024-04-29,919073.5672208293,0.0,919073.5672208293,0.0,False,liquidate,-0.1870695998867635,8,沪深300;创业板;黄金;国债ETF;有色ETF;证券ETF;酒ETF;半导体ETF,沪深300;创业板;黄金;国债ETF,有色ETF;证券ETF;酒ETF;半导体ETF
2024-04-30,919146.5095674342,0.0,919146.5095674342,0.0,False,liquidate,-0.18700508160104018,8,沪深300;创业板;黄金;国债ETF;有色ETF;证券ETF;酒ETF;半导体ETF,沪深300;创业板;黄金;国债ETF,有色ETF;证券ETF;酒ETF;半导体ETF
2024-05-06,919219.4577031143,0.0,919219.4577031143,0.0,False,liquidate,-0.18694055819481795,8,沪深300;创业板;黄金;国债ETF;酒ETF;创新药ETF;有色ETF;半导体ETF,沪深300;创业板;黄金;国债ETF,酒ETF;创新药ETF;有色ETF;半导体ETF
2024-05-07,919292.4116283288,0.0,919292.4116283288,0.0,False,liquidate,-0.1868760296676905,8,沪深300;创业板;黄金;国债ETF;酒ETF;军工ETF;创新药ETF;半导体ETF,沪深300;创业板;黄金;国债ETF,酒ETF;军工ETF;创新药ETF;半导体ETF
2024-05-08,919365.3713435375,0.0,919365.3713435375,0.0,False,liquidate,-0.1868114960192514,9,沪深300;创业板;纳指;黄金;国债ETF;酒ETF;军工ETF;创新药ETF;半导体ETF,沪深300;创业板;纳指;黄金;国债ETF,酒ETF;军工ETF;创新药ETF;半导体ETF
2024-05-09,919438.3368491997,0.0,919438.3368491997,0.0,False,liquidate,-0.18674695724909415,8,沪深300;创业板;黄金;国债ETF;军工ETF;酒ETF;半导体ETF;有色ETF,沪深300;创业板;黄金;国债ETF,军工ETF;酒ETF;半导体ETF;有色ETF
2024-05-10,919511.3081457751,0.0,919511.3081457751,0.0,False,liquidate,-0.18668241335681227,8,沪深300;纳指;黄金;国债ETF;军工ETF;酒ETF;半导体ETF;有色ETF,沪深300;纳指;黄金;国债ETF,军工ETF;酒ETF;半导体ETF;有色ETF
2024-05-13,919584.2852337232,0.0,919584.2852337232,0.0,False,liquidate,-0.18661786434199928,8,沪深300;纳指;黄金;国债ETF;军工ETF;酒ETF;有色ETF;半导体ETF,沪深300;纳指;黄金;国债ETF,军工ETF;酒ETF;有色ETF;半导体ETF
2024-05-14,919657.2681135037,0.0,919657.2681135037,0.0,False,liquidate,-0.18655331020424865,7,沪深300;黄金;国债ETF;军工ETF;酒ETF;有色ETF;证券ETF,沪深300;黄金;国债ETF,军工ETF;酒ETF;有色ETF;证券ETF
2024-05-15,919730.2567855762,0.0,919730.2567855762,0.0,False,liquidate,-0.1864887509431537,8,沪深300;纳指;黄金;国债ETF;军工ETF;酒ETF;有色ETF;创新药ETF,沪深300;纳指;黄金;国债ETF,军工ETF;酒ETF;有色ETF;创新药ETF
2024-05-16,919803.2512504006,0.0,919803.2512504006,0.0,False,liquidate,-0.18642418655830786,8,沪深300;纳指;黄金;国债ETF;军工ETF;酒ETF;有色ETF;创新药ETF,沪深300;纳指;黄金;国债ETF,军工ETF;酒ETF;有色ETF;创新药ETF
2024-05-17,919876.2515084364,0.0,919876.2515084364,0.0,False,liquidate,-0.18635961704930448,8,沪深300;纳指;黄金;国债ETF;酒ETF;军工ETF;有色ETF;证券ETF,沪深300;纳指;黄金;国债ETF,酒ETF;军工ETF;有色ETF;证券ETF
2024-05-20,919949.2575601435,0.0,919949.2575601435,0.0,False,liquidate,-0.1862950424157369,8,沪深300;纳指;黄金;国债ETF;酒ETF;军工ETF;有色ETF;创新药ETF,沪深300;纳指;黄金;国债ETF,酒ETF;军工ETF;有色ETF;创新药ETF
2024-05-21,920022.2694059816,0.0,920022.2694059816,0.0,False,liquidate,-0.18623046265719842,8,沪深300;纳指;黄金;国债ETF;酒ETF;军工ETF;有色ETF;半导体ETF,沪深300;纳指;黄金;国债ETF,酒ETF;军工ETF;有色ETF;半导体ETF
2024-05-22,920095.2870464107,0.0,920095.2870464107,0.0,False,liquidate,-0.18616587777328228,8,沪深300;纳指;黄金;国债ETF;酒ETF;有色ETF;半导体ETF;证券ETF,沪深300;纳指;黄金;国债ETF,酒ETF;有色ETF;半导体ETF;证券ETF
2024-05-23,920168.3104818907,0.0,920168.3104818907,0.0,False,liquidate,-0.18610128776358167,8,沪深300;纳指;黄金;国债ETF;军工ETF;有色ETF;酒ETF;半导体ETF,沪深300;纳指;黄金;国债ETF,军工ETF;有色ETF;酒ETF;半导体ETF
2024-05-24,920241.3397128814,0.0,920241.3397128814,0.0,False,liquidate,-0.18603669262768985,8,沪深300;纳指;黄金;国债ETF;有色ETF;酒ETF;证券ETF;创新药ETF,沪深300;纳指;黄金;国债ETF,有色ETF;酒ETF;证券ETF;创新药ETF
2024-05-27,920314.3747398427,0.0,920314.3747398427,0.0,False,liquidate,-0.1859720923652,8,沪深300;纳指;黄金;国债ETF;有色ETF;酒ETF;证券ETF;军工ETF,沪深300;纳指;黄金;国债ETF,有色ETF;酒ETF;证券ETF;军工ETF
2024-05-28,920387.4155632348,0.0,920387.4155632348,0.0,False,liquidate,-0.1859074869757051,9,沪深300;创业板;纳指;黄金;国债ETF;有色ETF;军工ETF;酒ETF;半导体ETF,沪深300;创业板;纳指;黄金;国债ETF,有色ETF;军工ETF;酒ETF;半导体ETF
2024-05-29,920460.4621835176,0.0,920460.4621835176,0.0,False,liquidate,-0.1858428764587984,9,沪深300;创业板;纳指;黄金;国债ETF;有色ETF;酒ETF;军工ETF;半导体ETF,沪深300;创业板;纳指;黄金;国债ETF,有色ETF;酒ETF;军工ETF;半导体ETF
2024-05-30,920533.5146011513,0.0,920533.5146011513,0.0,False,liquidate,-0.18577826081407284,9,沪深300;创业板;纳指;黄金;国债ETF;有色ETF;军工ETF;半导体ETF;酒ETF,沪深300;创业板;纳指;黄金;国债ETF,有色ETF;军工ETF;半导体ETF;酒ETF
2024-05-31,920606.5728165959,0.0,920606.5728165959,0.0,False,liquidate,-0.18571364004112154,7,纳指;黄金;国债ETF;有色ETF;军工ETF;半导体ETF;酒ETF,纳指;黄金;国债ETF,有色ETF;军工ETF;半导体ETF;酒ETF
2024-06-03,920679.6368303115,0.0,920679.6368303115,0.0,False,liquidate,-0.1856490141395375,8,沪深300;纳指;黄金;国债ETF;有色ETF;军工ETF;半导体ETF;酒ETF,沪深300;纳指;黄金;国债ETF,有色ETF;军工ETF;半导体ETF;酒ETF
2024-06-04,920752.7066427583,0.0,920752.7066427583,0.0,False,liquidate,-0.18558438310891368,9,沪深300;创业板;纳指;黄金;国债ETF;有色ETF;军工ETF;半导体ETF;酒ETF,沪深300;创业板;纳指;黄金;国债ETF,有色ETF;军工ETF;半导体ETF;酒ETF
2024-06-05,920825.7822543967,0.0,920825.7822543967,0.0,False,liquidate,-0.1855197469488429,8,沪深300;创业板;纳指;国债ETF;军工ETF;半导体ETF;有色ETF;酒ETF,沪深300;创业板;纳指;国债ETF,军工ETF;半导体ETF;有色ETF;酒ETF
2024-06-06,920898.8636656868,0.0,920898.8636656868,0.0,False,liquidate,-0.18545510565891815,9,沪深300;创业板;纳指;黄金;国债ETF;半导体ETF;有色ETF;军工ETF;酒ETF,沪深300;创业板;纳指;黄金;国债ETF,半导体ETF;有色ETF;军工ETF;酒ETF
2024-06-07,920971.9508770889,0.0,920971.9508770889,0.0,False,liquidate,-0.18539045923873226,9,沪深300;创业板;纳指;黄金;国债ETF;半导体ETF;有色ETF;军工ETF;酒ETF,沪深300;创业板;纳指;黄金;国债ETF,半导体ETF;有色ETF;军工ETF;酒ETF
2024-06-11,921045.0438890633,0.0,921045.0438890633,0.0,False,liquidate,-0.1853258076878782,8,沪深300;创业板;纳指;国债ETF;半导体ETF;军工ETF;有色ETF;创新药ETF,沪深300;创业板;纳指;国债ETF,半导体ETF;军工ETF;有色ETF;创新药ETF
2024-06-12,921118.1427020704,0.0,921118.1427020704,0.0,False,liquidate,-0.18526115100594864,8,沪深300;创业板;纳指;国债ETF;半导体ETF;军工ETF;有色ETF;创新药ETF,沪深300;创业板;纳指;国债ETF,半导体ETF;军工ETF;有色ETF;创新药ETF
2024-06-13,921191.2473165706,0.0,921191.2473165706,0.0,False,liquidate,-0.18519648919253637,6,纳指;国债ETF;半导体ETF;军工ETF;有色ETF;证券ETF,纳指;国债ETF,半导体ETF;军工ETF;有色ETF;证券ETF
2024-06-14,921264.3577330243,0.0,921264.3577330243,0.0,False,liquidate,-0.1851318222472342,8,沪深300;创业板;纳指;国债ETF;半导体ETF;军工ETF;有色ETF;证券ETF,沪深300;创业板;纳指;国债ETF,半导体ETF;军工ETF;有色ETF;证券ETF
2024-06-17,921337.473951892,0.0,921337.473951892,0.0,False,liquidate,-0.1850671501696348,7,创业板;纳指;国债ETF;半导体ETF;军工ETF;有色ETF;证券ETF,创业板;纳指;国债ETF,半导体ETF;军工ETF;有色ETF;证券ETF
2024-06-18,921410.5959736343,0.0,921410.5959736343,0.0,False,liquidate,-0.18500247295933073,7,创业板;纳指;国债ETF;半导体ETF;军工ETF;有色ETF;证券ETF,创业板;纳指;国债ETF,半导体ETF;军工ETF;有色ETF;证券ETF
2024-06-19,921483.7237987116,0.0,921483.7237987116,0.0,False,liquidate,-0.18493779061591478,8,沪深300;创业板;纳指;国债ETF;半导体ETF;军工ETF;有色ETF;证券ETF,沪深300;创业板;纳指;国债ETF,半导体ETF;军工ETF;有色ETF;证券ETF
2024-06-20,921556.8574275845,0.0,921556.8574275845,0.0,False,liquidate,-0.18487310313897953,7,创业板;纳指;国债ETF;半导体ETF;军工ETF;有色ETF;证券ETF,创业板;纳指;国债ETF,半导体ETF;军工ETF;有色ETF;证券ETF
2024-06-21,921629.9968607137,0.0,921629.9968607137,0.0,False,liquidate,-0.1848084105281175,9,沪深300;创业板;纳指;黄金;国债ETF;半导体ETF;军工ETF;有色ETF;证券ETF,沪深300;创业板;纳指;黄金;国债ETF,半导体ETF;军工ETF;有色ETF;证券ETF
2024-06-24,921703.1420985599,0.0,921703.1420985599,0.0,False,liquidate,-0.18474371278292123,7,纳指;黄金;国债ETF;半导体ETF;军工ETF;证券ETF;有色ETF,纳指;黄金;国债ETF,半导体ETF;军工ETF;证券ETF;有色ETF
2024-06-25,921776.2931415836,0.0,921776.2931415836,0.0,False,liquidate,-0.1846790099029834,7,纳指;黄金;国债ETF;半导体ETF;军工ETF;有色ETF;证券ETF,纳指;黄金;国债ETF,半导体ETF;军工ETF;有色ETF;证券ETF
2024-06-26,921849.4499902456,0.0,921849.4499902456,0.0,False,liquidate,-0.1846143018878963,6,纳指;国债ETF;半导体ETF;军工ETF;证券ETF;有色ETF,纳指;国债ETF,半导体ETF;军工ETF;证券ETF;有色ETF
2024-06-27,921922.6126450069,0.0,921922.6126450069,0.0,False,liquidate,-0.18454958873725238,6,纳指;国债ETF;半导体ETF;军工ETF;证券ETF;有色ETF,纳指;国债ETF,半导体ETF;军工ETF;证券ETF;有色ETF
2024-06-28,921995.7811063279,0.0,921995.7811063279,0.0,False,liquidate,-0.18448487045064424,7,纳指;黄金;国债ETF;半导体ETF;军工ETF;有色ETF;证券ETF,纳指;黄金;国债ETF,半导体ETF;军工ETF;有色ETF;证券ETF
2024-07-01,922068.9553746697,0.0,922068.9553746697,0.0,False,liquidate,-0.18442014702766404,7,纳指;黄金;国债ETF;半导体ETF;军工ETF;有色ETF;证券ETF,纳指;黄金;国债ETF,半导体ETF;军工ETF;有色ETF;证券ETF
2024-07-02,922142.1354504932,0.0,922142.1354504932,0.0,False,liquidate,-0.1843554184679043,7,纳指;黄金;国债ETF;半导体ETF;军工ETF;有色ETF;证券ETF,纳指;黄金;国债ETF,半导体ETF;军工ETF;有色ETF;证券ETF
2024-07-03,922215.3213342591,0.0,922215.3213342591,0.0,False,liquidate,-0.18429068477095728,7,纳指;黄金;国债ETF;半导体ETF;军工ETF;有色ETF;证券ETF,纳指;黄金;国债ETF,半导体ETF;军工ETF;有色ETF;证券ETF
2024-07-04,922288.5130264285,0.0,922288.5130264285,0.0,False,liquidate,-0.18422594593641528,7,纳指;黄金;国债ETF;半导体ETF;军工ETF;有色ETF;证券ETF,纳指;黄金;国债ETF,半导体ETF;军工ETF;有色ETF;证券ETF
2024-07-05,922361.7105274624,0.0,922361.7105274624,0.0,False,liquidate,-0.1841612019638705,7,纳指;黄金;国债ETF;半导体ETF;军工ETF;有色ETF;证券ETF,纳指;黄金;国债ETF,半导体ETF;军工ETF;有色ETF;证券ETF
2024-07-08,922434.9138378218,0.0,922434.9138378218,0.0,False,liquidate,-0.1840964528529152,7,纳指;黄金;国债ETF;半导体ETF;有色ETF;军工ETF;证券ETF,纳指;黄金;国债ETF,半导体ETF;有色ETF;军工ETF;证券ETF
2024-07-09,922508.1229579677,0.0,922508.1229579677,0.0,False,liquidate,-0.1840316986031416,7,纳指;黄金;国债ETF;半导体ETF;有色ETF;军工ETF;证券ETF,纳指;黄金;国债ETF,半导体ETF;有色ETF;军工ETF;证券ETF
2024-07-10,922581.3378883612,0.0,922581.3378883612,0.0,False,liquidate,-0.18396693921414184,7,纳指;黄金;国债ETF;半导体ETF;有色ETF;军工ETF;证券ETF,纳指;黄金;国债ETF,半导体ETF;有色ETF;军工ETF;证券ETF
2024-07-11,922654.5586294634,0.0,922654.5586294634,0.0,False,liquidate,-0.18390217468550807,6,纳指;国债ETF;半导体ETF;有色ETF;军工ETF;证券ETF,纳指;国债ETF,半导体ETF;有色ETF;军工ETF;证券ETF
2024-07-12,922727.7851817356,0.0,922727.7851817356,0.0,False,liquidate,-0.18383740501683227,7,纳指;黄金;国债ETF;半导体ETF;有色ETF;军工ETF;创新药ETF,纳指;黄金;国债ETF,半导体ETF;有色ETF;军工ETF;创新药ETF
2024-07-15,922801.017545639,0.0,922801.017545639,0.0,False,liquidate,-0.18377263020770662,6,纳指;国债ETF;半导体ETF;有色ETF;军工ETF;创新药ETF,纳指;国债ETF,半导体ETF;有色ETF;军工ETF;创新药ETF
2024-07-16,922874.2557216347,0.0,922874.2557216347,0.0,False,liquidate,-0.18370785025772304,7,纳指;黄金;国债ETF;半导体ETF;有色ETF;军工ETF;创新药ETF,纳指;黄金;国债ETF,半导体ETF;有色ETF;军工ETF;创新药ETF
2024-07-17,922947.499710184,0.0,922947.499710184,0.0,False,liquidate,-0.18364306516647366,7,纳指;黄金;国债ETF;半导体ETF;有色ETF;创新药ETF;军工ETF,纳指;黄金;国债ETF,半导体ETF;有色ETF;创新药ETF;军工ETF
2024-07-18,923020.7495117484,0.0,923020.7495117484,0.0,False,liquidate,-0.18357827493355028,7,纳指;黄金;国债ETF;半导体ETF;有色ETF;军工ETF;创新药ETF,纳指;黄金;国债ETF,半导体ETF;有色ETF;军工ETF;创新药ETF
2024-07-19,923094.0051267891,0.0,923094.0051267891,0.0,False,liquidate,-0.18351347955854497,7,纳指;黄金;国债ETF;半导体ETF;军工ETF;有色ETF;创新药ETF,纳指;黄金;国债ETF,半导体ETF;军工ETF;有色ETF;创新药ETF
2024-07-22,923167.2665557675,0.0,923167.2665557675,0.0,False,liquidate,-0.18344867904104953,7,纳指;黄金;国债ETF;半导体ETF;军工ETF;创新药ETF;证券ETF,纳指;黄金;国债ETF,半导体ETF;军工ETF;创新药ETF;证券ETF
2024-07-23,923240.533799145,0.0,923240.533799145,0.0,False,liquidate,-0.1833838733806559,7,纳指;黄金;国债ETF;半导体ETF;军工ETF;证券ETF;创新药ETF,纳指;黄金;国债ETF,半导体ETF;军工ETF;证券ETF;创新药ETF
2024-07-24,923313.8068573831,0.0,923313.8068573831,0.0,False,liquidate,-0.1833190625769559,7,纳指;黄金;国债ETF;半导体ETF;军工ETF;创新药ETF;证券ETF,纳指;黄金;国债ETF,半导体ETF;军工ETF;创新药ETF;证券ETF
2024-07-25,923387.0857309432,0.0,923387.0857309432,0.0,False,liquidate,-0.18325424662954135,7,纳指;黄金;国债ETF;半导体ETF;军工ETF;证券ETF;创新药ETF,纳指;黄金;国债ETF,半导体ETF;军工ETF;证券ETF;创新药ETF
2024-07-26,923460.370420287,0.0,923460.370420287,0.0,False,liquidate,-0.18318942553800396,7,纳指;黄金;国债ETF;半导体ETF;军工ETF;证券ETF;创新药ETF,纳指;黄金;国债ETF,半导体ETF;军工ETF;证券ETF;创新药ETF
2024-07-29,923533.660925876,0.0,923533.660925876,0.0,False,liquidate,-0.1831245993019355,7,纳指;黄金;国债ETF;军工ETF;半导体ETF;证券ETF;创新药ETF,纳指;黄金;国债ETF,军工ETF;半导体ETF;证券ETF;创新药ETF
2024-07-30,923606.9572481718,0.0,923606.9572481718,0.0,False,liquidate,-0.18305976792092765,7,纳指;黄金;国债ETF;军工ETF;半导体ETF;证券ETF;创新药ETF,纳指;黄金;国债ETF,军工ETF;半导体ETF;证券ETF;创新药ETF
2024-07-31,923680.259387636,0.0,923680.259387636,0.0,False,liquidate,-0.18299493139457212,7,纳指;黄金;国债ETF;半导体ETF;军工ETF;证券ETF;创新药ETF,纳指;黄金;国债ETF,半导体ETF;军工ETF;证券ETF;创新药ETF
2024-08-01,923753.5673447303,0.0,923753.5673447303,0.0,False,liquidate,-0.18293008972246055,7,纳指;黄金;国债ETF;半导体ETF;军工ETF;证券ETF;创新药ETF,纳指;黄金;国债ETF,半导体ETF;军工ETF;证券ETF;创新药ETF
2024-08-02,923826.8811199163,0.0,923826.8811199163,0.0,False,liquidate,-0.18286524290418457,7,纳指;黄金;国债ETF;半导体ETF;军工ETF;证券ETF;创新药ETF,纳指;黄金;国债ETF,半导体ETF;军工ETF;证券ETF;创新药ETF
2024-08-05,923900.200713656,0.0,923900.200713656,0.0,False,liquidate,-0.18280039093933567,6,黄金;国债ETF;军工ETF;证券ETF;创新药ETF;半导体ETF,黄金;国债ETF,军工ETF;证券ETF;创新药ETF;半导体ETF
2024-08-06,923973.5261264112,0.0,923973.5261264112,0.0,False,liquidate,-0.1827355338275054,6,黄金;国债ETF;军工ETF;创新药ETF;证券ETF;半导体ETF,黄金;国债ETF,军工ETF;创新药ETF;证券ETF;半导体ETF
2024-08-07,924046.8573586434,0.0,924046.8573586434,0.0,False,liquidate,-0.18267067156828534,6,黄金;国债ETF;军工ETF;证券ETF;半导体ETF;创新药ETF,黄金;国债ETF,军工ETF;证券ETF;半导体ETF;创新药ETF
2024-08-08,924120.1944108148,0.0,924120.1944108148,0.0,False,liquidate,-0.18260580416126693,6,黄金;国债ETF;证券ETF;军工ETF;半导体ETF;创新药ETF,黄金;国债ETF,证券ETF;军工ETF;半导体ETF;创新药ETF
2024-08-09,924193.5372833872,0.0,924193.5372833872,0.0,False,liquidate,-0.18254093160604157,6,黄金;国债ETF;证券ETF;军工ETF;半导体ETF;创新药ETF,黄金;国债ETF,证券ETF;军工ETF;半导体ETF;创新药ETF
2024-08-12,924266.8859768223,0.0,924266.8859768223,0.0,False,liquidate,-0.18247605390220076,6,黄金;国债ETF;证券ETF;创新药ETF;军工ETF;半导体ETF,黄金;国债ETF,证券ETF;创新药ETF;军工ETF;半导体ETF
2024-08-13,924340.2404915824,0.0,924340.2404915824,0.0,False,liquidate,-0.18241117104933585,6,黄金;国债ETF;证券ETF;军工ETF;创新药ETF;半导体ETF,黄金;国债ETF,证券ETF;军工ETF;创新药ETF;半导体ETF
2024-08-14,924413.6008281294,0.0,924413.6008281294,0.0,False,liquidate,-0.18234628304703812,6,黄金;国债ETF;证券ETF;军工ETF;创新药ETF;半导体ETF,黄金;国债ETF,证券ETF;军工ETF;创新药ETF;半导体ETF
2024-08-15,924486.9669869253,0.0,924486.9669869253,0.0,False,liquidate,-0.18228138989489898,6,黄金;国债ETF;证券ETF;军工ETF;创新药ETF;半导体ETF,黄金;国债ETF,证券ETF;军工ETF;创新药ETF;半导体ETF
2024-08-16,924560.3389684323,0.0,924560.3389684323,0.0,False,liquidate,-0.18221649159250966,7,纳指;黄金;国债ETF;证券ETF;创新药ETF;军工ETF;半导体ETF,纳指;黄金;国债ETF,证券ETF;创新药ETF;军工ETF;半导体ETF
2024-08-19,924633.7167731123,0.0,924633.7167731123,0.0,False,liquidate,-0.18215158813946145,7,纳指;黄金;国债ETF;证券ETF;创新药ETF;军工ETF;半导体ETF,纳指;黄金;国债ETF,证券ETF;创新药ETF;军工ETF;半导体ETF
2024-08-20,924707.1004014277,0.0,924707.1004014277,0.0,False,liquidate,-0.18208667953534546,7,纳指;黄金;国债ETF;证券ETF;创新药ETF;军工ETF;半导体ETF,纳指;黄金;国债ETF,证券ETF;创新药ETF;军工ETF;半导体ETF
2024-08-21,924780.4898538406,0.0,924780.4898538406,0.0,False,liquidate,-0.182021765779753,7,纳指;黄金;国债ETF;证券ETF;创新药ETF;有色ETF;军工ETF,纳指;黄金;国债ETF,证券ETF;创新药ETF;有色ETF;军工ETF
2024-08-22,924853.8851308131,0.0,924853.8851308131,0.0,False,liquidate,-0.18195684687227517,6,黄金;国债ETF;证券ETF;创新药ETF;有色ETF;半导体ETF,黄金;国债ETF,证券ETF;创新药ETF;有色ETF;半导体ETF
2024-08-23,924927.2862328077,0.0,924927.2862328077,0.0,False,liquidate,-0.18189192281250308,6,黄金;国债ETF;证券ETF;创新药ETF;有色ETF;半导体ETF,黄金;国债ETF,证券ETF;创新药ETF;有色ETF;半导体ETF
2024-08-26,925000.6931602865,0.0,925000.6931602865,0.0,False,liquidate,-0.18182699360002783,6,黄金;国债ETF;证券ETF;创新药ETF;有色ETF;半导体ETF,黄金;国债ETF,证券ETF;创新药ETF;有色ETF;半导体ETF
2024-08-27,925074.105913712,0.0,925074.105913712,0.0,False,liquidate,-0.18176205923444053,6,黄金;国债ETF;证券ETF;创新药ETF;有色ETF;半导体ETF,黄金;国债ETF,证券ETF;创新药ETF;有色ETF;半导体ETF
2024-08-28,925147.5244935465,0.0,925147.5244935465,0.0,False,liquidate,-0.1816971197153321,6,黄金;国债ETF;证券ETF;创新药ETF;有色ETF;军工ETF,黄金;国债ETF,证券ETF;创新药ETF;有色ETF;军工ETF
2024-08-29,925220.9489002523,0.0,925220.9489002523,0.0,False,liquidate,-0.18163217504229356,6,黄金;国债ETF;证券ETF;创新药ETF;有色ETF;军工ETF,黄金;国债ETF,证券ETF;创新药ETF;有色ETF;军工ETF
2024-08-30,925294.3791342921,0.0,925294.3791342921,0.0,False,liquidate,-0.1815672252149159,6,黄金;国债ETF;证券ETF;半导体ETF;有色ETF;创新药ETF,黄金;国债ETF,证券ETF;半导体ETF;有色ETF;创新药ETF
2024-09-02,925367.8151961282,0.0,925367.8151961282,0.0,False,liquidate,-0.18150227023279009,6,黄金;国债ETF;证券ETF;有色ETF;创新药ETF;半导体ETF,黄金;国债ETF,证券ETF;有色ETF;创新药ETF;半导体ETF
2024-09-03,925441.2570862232,0.0,925441.2570862232,0.0,False,liquidate,-0.1814373100955069,6,黄金;国债ETF;证券ETF;有色ETF;创新药ETF;半导体ETF,黄金;国债ETF,证券ETF;有色ETF;创新药ETF;半导体ETF
2024-09-04,925514.7048050397,0.0,925514.7048050397,0.0,False,liquidate,-0.18137234480265724,6,黄金;国债ETF;证券ETF;创新药ETF;有色ETF;半导体ETF,黄金;国债ETF,证券ETF;创新药ETF;有色ETF;半导体ETF
2024-09-05,925588.1583530401,0.0,925588.1583530401,0.0,False,liquidate,-0.18130737435383204,6,黄金;国债ETF;证券ETF;创新药ETF;军工ETF;有色ETF,黄金;国债ETF,证券ETF;创新药ETF;军工ETF;有色ETF
2024-09-06,925661.6177306873,0.0,925661.6177306873,0.0,False,liquidate,-0.18124239874862194,6,黄金;国债ETF;证券ETF;创新药ETF;军工ETF;有色ETF,黄金;国债ETF,证券ETF;创新药ETF;军工ETF;有色ETF
2024-09-09,925735.0829384438,0.0,925735.0829384438,0.0,False,liquidate,-0.1811774179866178,5,国债ETF;证券ETF;创新药ETF;军工ETF;有色ETF,国债ETF,证券ETF;创新药ETF;军工ETF;有色ETF
2024-09-10,925808.5539767722,0.0,925808.5539767722,0.0,False,liquidate,-0.18111243206741034,5,国债ETF;证券ETF;创新药ETF;军工ETF;半导体ETF,国债ETF,证券ETF;创新药ETF;军工ETF;半导体ETF
2024-09-11,925882.0308461355,0.0,925882.0308461355,0.0,False,liquidate,-0.1810474409905903,5,国债ETF;证券ETF;创新药ETF;军工ETF;有色ETF,国债ETF,证券ETF;创新药ETF;军工ETF;有色ETF
2024-09-12,925955.5135469963,0.0,925955.5135469963,0.0,False,liquidate,-0.1809824447557483,6,黄金;国债ETF;证券ETF;创新药ETF;军工ETF;有色ETF,黄金;国债ETF,证券ETF;创新药ETF;军工ETF;有色ETF
2024-09-13,926029.0020798175,0.0,926029.0020798175,0.0,False,liquidate,-0.18091744336247492,6,黄金;国债ETF;证券ETF;创新药ETF;军工ETF;有色ETF,黄金;国债ETF,证券ETF;创新药ETF;军工ETF;有色ETF
2024-09-18,926102.496445062,0.0,926102.496445062,0.0,False,liquidate,-0.18085243681036076,6,黄金;国债ETF;证券ETF;创新药ETF;军工ETF;有色ETF,黄金;国债ETF,证券ETF;创新药ETF;军工ETF;有色ETF
2024-09-19,926175.9966431926,0.0,926175.9966431926,0.0,False,liquidate,-0.18078742509899645,6,黄金;国债ETF;证券ETF;创新药ETF;军工ETF;有色ETF,黄金;国债ETF,证券ETF;创新药ETF;军工ETF;有色ETF
2024-09-20,926249.5026746723,0.0,926249.5026746723,0.0,False,liquidate,-0.1807224082279725,7,纳指;黄金;国债ETF;证券ETF;创新药ETF;有色ETF;军工ETF,纳指;黄金;国债ETF,证券ETF;创新药ETF;有色ETF;军工ETF
2024-09-23,926323.0145399639,0.0,926323.0145399639,0.0,False,liquidate,-0.18065738619687952,7,纳指;黄金;国债ETF;证券ETF;创新药ETF;有色ETF;军工ETF,纳指;黄金;国债ETF,证券ETF;创新药ETF;有色ETF;军工ETF
2024-09-24,926396.5322395306,0.0,926396.5322395306,0.0,False,liquidate,-0.18059235900530782,7,纳指;黄金;国债ETF;证券ETF;创新药ETF;有色ETF;军工ETF,纳指;黄金;国债ETF,证券ETF;创新药ETF;有色ETF;军工ETF
2024-09-25,926470.0557738354,0.0,926470.0557738354,0.0,False,liquidate,-0.18052732665284785,9,沪深300;创业板;纳指;黄金;国债ETF;证券ETF;创新药ETF;军工ETF;有色ETF,沪深300;创业板;纳指;黄金;国债ETF,证券ETF;创新药ETF;军工ETF;有色ETF
2024-09-26,926543.5851433413,0.0,926543.5851433413,0.0,False,liquidate,-0.18046228913909007,9,沪深300;创业板;纳指;黄金;国债ETF;证券ETF;酒ETF;创新药ETF;有色ETF,沪深300;创业板;纳指;黄金;国债ETF,证券ETF;酒ETF;创新药ETF;有色ETF
2024-09-27,926617.1203485115,0.0,926617.1203485115,0.0,False,liquidate,-0.18039724646362487,8,沪深300;创业板;黄金;国债ETF;证券ETF;酒ETF;创新药ETF;军工ETF,沪深300;创业板;黄金;国债ETF,证券ETF;酒ETF;创新药ETF;军工ETF
2024-09-30,926690.661389809,0.0,926690.661389809,0.0,False,liquidate,-0.18033219862604263,8,沪深300;创业板;纳指;黄金;证券ETF;酒ETF;创新药ETF;军工ETF,沪深300;创业板;纳指;黄金,证券ETF;酒ETF;创新药ETF;军工ETF
2024-10-08,926764.2082676971,0.0,926764.2082676971,0.0,False,liquidate,-0.18026714562593352,8,沪深300;创业板;纳指;黄金;证券ETF;创新药ETF;酒ETF;军工ETF,沪深300;创业板;纳指;黄金,证券ETF;创新药ETF;酒ETF;军工ETF
2024-10-09,926837.760982639,0.0,926837.760982639,0.0,False,liquidate,-0.18020208746288793,9,沪深300;创业板;纳指;黄金;国债ETF;证券ETF;半导体ETF;创新药ETF;军工ETF,沪深300;创业板;纳指;黄金;国债ETF,证券ETF;半导体ETF;创新药ETF;军工ETF
2024-10-10,926911.319535098,0.0,926911.319535098,0.0,False,liquidate,-0.18013702413649604,9,沪深300;创业板;纳指;黄金;国债ETF;证券ETF;半导体ETF;创新药ETF;军工ETF,沪深300;创业板;纳指;黄金;国债ETF,证券ETF;半导体ETF;创新药ETF;军工ETF
2024-10-11,926984.8839255373,0.0,926984.8839255373,0.0,False,liquidate,-0.18007195564634815,9,沪深300;创业板;纳指;黄金;国债ETF;证券ETF;半导体ETF;创新药ETF;军工ETF,沪深300;创业板;纳指;黄金;国债ETF,证券ETF;半导体ETF;创新药ETF;军工ETF
2024-10-14,927058.4541544204,0.0,927058.4541544204,0.0,False,liquidate,-0.1800068819920343,9,沪深300;创业板;纳指;黄金;国债ETF;证券ETF;半导体ETF;军工ETF;创新药ETF,沪深300;创业板;纳指;黄金;国债ETF,证券ETF;半导体ETF;军工ETF;创新药ETF
2024-10-15,927132.0302222105,163885.72017725438,763246.310044956,0.3124583787870834,False,halve,-0.17994180317314476,9,沪深300;创业板;纳指;黄金;国债ETF;证券ETF;半导体ETF;军工ETF;创新药ETF,沪深300;创业板;纳指;黄金;国债ETF,证券ETF;半导体ETF;军工ETF;创新药ETF
2024-10-16,925520.7936807715,0.0,925520.7936807715,0.0,False,liquidate,-0.1813669591269492,9,沪深300;创业板;纳指;黄金;国债ETF;证券ETF;半导体ETF;军工ETF;创新药ETF,沪深300;创业板;纳指;黄金;国债ETF,证券ETF;半导体ETF;军工ETF;创新药ETF
2024-10-17,925594.247712016,0.0,925594.247712016,0.0,False,liquidate,-0.18130198825068944,9,沪深300;创业板;纳指;黄金;国债ETF;证券ETF;半导体ETF;军工ETF;创新药ETF,沪深300;创业板;纳指;黄金;国债ETF,证券ETF;半导体ETF;军工ETF;创新药ETF
2024-10-18,925667.7075729455,0.0,925667.7075729455,0.0,False,liquidate,-0.18123701221801092,9,沪深300;创业板;纳指;黄金;国债ETF;证券ETF;半导体ETF;军工ETF;创新药ETF,沪深300;创业板;纳指;黄金;国债ETF,证券ETF;半导体ETF;军工ETF;创新药ETF
2024-10-21,925741.1732640228,0.0,925741.1732640228,0.0,False,liquidate,-0.18117203102850435,8,沪深300;创业板;黄金;国债ETF;半导体ETF;证券ETF;军工ETF;创新药ETF,沪深300;创业板;黄金;国债ETF,半导体ETF;证券ETF;军工ETF;创新药ETF
2024-10-22,925814.6447857105,0.0,925814.6447857105,0.0,False,liquidate,-0.1811070446817605,9,沪深300;创业板;纳指;黄金;国债ETF;半导体ETF;证券ETF;军工ETF;创新药ETF,沪深300;创业板;纳指;黄金;国债ETF,半导体ETF;证券ETF;军工ETF;创新药ETF
2024-10-23,925888.1221384713,0.0,925888.1221384713,0.0,False,liquidate,-0.1810420531773701,8,沪深300;创业板;黄金;国债ETF;半导体ETF;证券ETF;军工ETF;创新药ETF,沪深300;创业板;黄金;国债ETF,半导体ETF;证券ETF;军工ETF;创新药ETF
2024-10-24,925961.6053227681,0.0,925961.6053227681,0.0,False,liquidate,-0.18097705651492382,8,沪深300;创业板;黄金;国债ETF;半导体ETF;证券ETF;军工ETF;创新药ETF,沪深300;创业板;黄金;国债ETF,半导体ETF;证券ETF;军工ETF;创新药ETF
2024-10-25,926035.0943390636,0.0,926035.0943390636,0.0,False,liquidate,-0.18091205469401225,8,沪深300;创业板;黄金;国债ETF;半导体ETF;证券ETF;军工ETF;创新药ETF,沪深300;创业板;黄金;国债ETF,半导体ETF;证券ETF;军工ETF;创新药ETF
2024-10-28,926108.5891878208,0.0,926108.5891878208,0.0,False,liquidate,-0.18084704771422597,9,沪深300;创业板;纳指;黄金;国债ETF;半导体ETF;证券ETF;军工ETF;创新药ETF,沪深300;创业板;纳指;黄金;国债ETF,半导体ETF;证券ETF;军工ETF;创新药ETF
2024-10-29,926182.0898695023,0.0,926182.0898695023,0.0,False,liquidate,-0.18078203557515568,9,沪深300;创业板;纳指;黄金;国债ETF;半导体ETF;证券ETF;军工ETF;创新药ETF,沪深300;创业板;纳指;黄金;国债ETF,半导体ETF;证券ETF;军工ETF;创新药ETF
2024-10-30,926255.5963845714,0.0,926255.5963845714,0.0,False,liquidate,-0.18071701827639178,9,沪深300;创业板;纳指;黄金;国债ETF;半导体ETF;证券ETF;军工ETF;创新药ETF,沪深300;创业板;纳指;黄金;国债ETF,半导体ETF;证券ETF;军工ETF;创新药ETF
2024-10-31,926329.1087334908,0.0,926329.1087334908,0.0,False,liquidate,-0.1806519958175248,9,沪深300;创业板;纳指;黄金;国债ETF;半导体ETF;证券ETF;军工ETF;创新药ETF,沪深300;创业板;纳指;黄金;国债ETF,半导体ETF;证券ETF;军工ETF;创新药ETF
2024-11-01,926402.6269167237,0.0,926402.6269167237,0.0,False,liquidate,-0.1805869681981452,9,沪深300;创业板;纳指;黄金;国债ETF;半导体ETF;证券ETF;军工ETF;有色ETF,沪深300;创业板;纳指;黄金;国债ETF,半导体ETF;证券ETF;军工ETF;有色ETF
2024-11-04,926476.150934733,0.0,926476.150934733,0.0,False,liquidate,-0.18052193541784345,9,沪深300;创业板;纳指;黄金;国债ETF;半导体ETF;证券ETF;军工ETF;有色ETF,沪深300;创业板;纳指;黄金;国债ETF,半导体ETF;证券ETF;军工ETF;有色ETF
2024-11-05,926549.6807879818,0.0,926549.6807879818,0.0,False,liquidate,-0.18045689747620988,9,沪深300;创业板;纳指;黄金;国债ETF;证券ETF;军工ETF;半导体ETF;有色ETF,沪深300;创业板;纳指;黄金;国债ETF,证券ETF;军工ETF;半导体ETF;有色ETF
2024-11-06,926623.2164769333,0.0,926623.2164769333,0.0,False,liquidate,-0.18039185437283492,9,沪深300;创业板;纳指;黄金;国债ETF;证券ETF;半导体ETF;军工ETF;有色ETF,沪深300;创业板;纳指;黄金;国债ETF,证券ETF;半导体ETF;军工ETF;有色ETF
2024-11-07,926696.7580020506,0.0,926696.7580020506,0.0,False,liquidate,-0.18032680610730892,9,沪深300;创业板;纳指;黄金;国债ETF;证券ETF;半导体ETF;军工ETF;酒ETF,沪深300;创业板;纳指;黄金;国债ETF,证券ETF;半导体ETF;军工ETF;酒ETF
2024-11-08,926770.3053637968,0.0,926770.3053637968,0.0,False,liquidate,-0.1802617526792222,9,沪深300;创业板;纳指;黄金;国债ETF;证券ETF;半导体ETF;军工ETF;有色ETF,沪深300;创业板;纳指;黄金;国债ETF,证券ETF;半导体ETF;军工ETF;有色ETF
2024-11-11,926843.8585626353,0.0,926843.8585626353,0.0,False,liquidate,-0.1801966940881649,9,沪深300;创业板;纳指;黄金;国债ETF;半导体ETF;证券ETF;军工ETF;有色ETF,沪深300;创业板;纳指;黄金;国债ETF,半导体ETF;证券ETF;军工ETF;有色ETF
2024-11-12,926917.4175990291,0.0,926917.4175990291,0.0,False,liquidate,-0.18013163033372745,9,沪深300;创业板;纳指;黄金;国债ETF;半导体ETF;证券ETF;军工ETF;创新药ETF,沪深300;创业板;纳指;黄金;国债ETF,半导体ETF;证券ETF;军工ETF;创新药ETF
2024-11-13,926990.9824734417,0.0,926990.9824734417,0.0,False,liquidate,-0.18006656141549998,9,沪深300;创业板;纳指;黄金;国债ETF;半导体ETF;证券ETF;军工ETF;酒ETF,沪深300;创业板;纳指;黄金;国债ETF,半导体ETF;证券ETF;军工ETF;酒ETF
2024-11-14,927064.5531863365,0.0,927064.5531863365,0.0,False,liquidate,-0.18000148733307259,9,沪深300;创业板;纳指;黄金;国债ETF;证券ETF;半导体ETF;军工ETF;酒ETF,沪深300;创业板;纳指;黄金;国债ETF,证券ETF;半导体ETF;军工ETF;酒ETF
2024-11-15,927138.1297381767,210569.63562531656,716568.4941128602,0.4985604843953449,False,halve,-0.17993640808603553,9,沪深300;创业板;纳指;黄金;国债ETF;证券ETF;半导体ETF;酒ETF;军工ETF,沪深300;创业板;纳指;黄金;国债ETF,证券ETF;半导体ETF;酒ETF;军工ETF
2024-11-18,923320.3643027686,0.0,923320.3643027686,0.0,False,liquidate,-0.1833132624463776,9,沪深300;创业板;纳指;黄金;国债ETF;证券ETF;半导体ETF;酒ETF;军工ETF,沪深300;创业板;纳指;黄金;国债ETF,证券ETF;半导体ETF;酒ETF;军工ETF
2024-11-19,923393.6436967609,0.0,923393.6436967609,0.0,False,liquidate,-0.18324844603863524,9,沪深300;创业板;纳指;黄金;国债ETF;证券ETF;半导体ETF;军工ETF;酒ETF,沪深300;创业板;纳指;黄金;国债ETF,证券ETF;半导体ETF;军工ETF;酒ETF
2024-11-20,923466.9289065781,0.0,923466.9289065781,0.0,False,liquidate,-0.18318362448673353,9,沪深300;创业板;纳指;黄金;国债ETF;证券ETF;半导体ETF;军工ETF;酒ETF,沪深300;创业板;纳指;黄金;国债ETF,证券ETF;半导体ETF;军工ETF;酒ETF
2024-11-21,923540.2199326819,0.0,923540.2199326819,0.0,False,liquidate,-0.18311879779026416,9,沪深300;创业板;纳指;黄金;国债ETF;证券ETF;半导体ETF;军工ETF;酒ETF,沪深300;创业板;纳指;黄金;国债ETF,证券ETF;半导体ETF;军工ETF;酒ETF
2024-11-22,923613.5167755337,0.0,923613.5167755337,0.0,False,liquidate,-0.18305396594881895,9,沪深300;创业板;纳指;黄金;国债ETF;证券ETF;半导体ETF;军工ETF;有色ETF,沪深300;创业板;纳指;黄金;国债ETF,证券ETF;半导体ETF;军工ETF;有色ETF
2024-11-25,923686.8194355953,0.0,923686.8194355953,0.0,False,liquidate,-0.18298912896198943,9,沪深300;创业板;纳指;黄金;国债ETF;证券ETF;半导体ETF;酒ETF;有色ETF,沪深300;创业板;纳指;黄金;国债ETF,证券ETF;半导体ETF;酒ETF;有色ETF
2024-11-26,923760.1279133284,0.0,923760.1279133284,0.0,False,liquidate,-0.1829242868293673,9,沪深300;创业板;纳指;黄金;国债ETF;证券ETF;半导体ETF;酒ETF;创新药ETF,沪深300;创业板;纳指;黄金;国债ETF,证券ETF;半导体ETF;酒ETF;创新药ETF
2024-11-27,923833.4422091945,0.0,923833.4422091945,0.0,False,liquidate,-0.1828594395505442,9,沪深300;创业板;纳指;黄金;国债ETF;证券ETF;半导体ETF;酒ETF;创新药ETF,沪深300;创业板;纳指;黄金;国债ETF,证券ETF;半导体ETF;酒ETF;创新药ETF
2024-11-28,923906.7623236557,0.0,923906.7623236557,0.0,False,liquidate,-0.18279458712511162,9,沪深300;创业板;纳指;黄金;国债ETF;半导体ETF;证券ETF;军工ETF;酒ETF,沪深300;创业板;纳指;黄金;国债ETF,半导体ETF;证券ETF;军工ETF;酒ETF
2024-11-29,923980.0882571734,0.0,923980.0882571734,0.0,False,liquidate,-0.18272972955266123,7,纳指;黄金;国债ETF;半导体ETF;证券ETF;创新药ETF;酒ETF,纳指;黄金;国债ETF,半导体ETF;证券ETF;创新药ETF;酒ETF
2024-12-02,924053.4200102098,0.0,924053.4200102098,0.0,False,liquidate,-0.18266486683278438,7,纳指;黄金;国债ETF;半导体ETF;证券ETF;创新药ETF;酒ETF,纳指;黄金;国债ETF,半导体ETF;证券ETF;创新药ETF;酒ETF
2024-12-03,924126.7575832265,0.0,924126.7575832265,0.0,False,liquidate,-0.18259999896507265,8,沪深300;纳指;黄金;国债ETF;半导体ETF;证券ETF;创新药ETF;酒ETF,沪深300;纳指;黄金;国债ETF,半导体ETF;证券ETF;创新药ETF;酒ETF
2024-12-04,924200.1009766855,0.0,924200.1009766855,0.0,False,liquidate,-0.18253512594911747,7,纳指;黄金;国债ETF;半导体ETF;创新药ETF;证券ETF;军工ETF,纳指;黄金;国债ETF,半导体ETF;创新药ETF;证券ETF;军工ETF
2024-12-05,924273.4501910488,0.0,924273.4501910488,0.0,False,liquidate,-0.18247024778451024,9,沪深300;创业板;纳指;黄金;国债ETF;半导体ETF;证券ETF;创新药ETF;有色ETF,沪深300;创业板;纳指;黄金;国债ETF,半导体ETF;证券ETF;创新药ETF;有色ETF
2024-12-06,924346.8052267783,0.0,924346.8052267783,0.0,False,liquidate,-0.18240536447084232,9,沪深300;创业板;纳指;黄金;国债ETF;证券ETF;创新药ETF;半导体ETF;酒ETF,沪深300;创业板;纳指;黄金;国债ETF,证券ETF;创新药ETF;半导体ETF;酒ETF
2024-12-09,924420.166084336,0.0,924420.166084336,0.0,False,liquidate,-0.18234047600770503,9,沪深300;创业板;纳指;黄金;国债ETF;证券ETF;创新药ETF;半导体ETF;有色ETF,沪深300;创业板;纳指;黄金;国债ETF,证券ETF;创新药ETF;半导体ETF;有色ETF
2024-12-10,924493.532764184,0.0,924493.532764184,0.0,False,liquidate,-0.1822755823946897,9,沪深300;创业板;纳指;黄金;国债ETF;证券ETF;创新药ETF;半导体ETF;酒ETF,沪深300;创业板;纳指;黄金;国债ETF,证券ETF;创新药ETF;半导体ETF;酒ETF
2024-12-11,924566.9052667845,0.0,924566.9052667845,0.0,False,liquidate,-0.1822106836313876,9,沪深300;创业板;纳指;黄金;国债ETF;证券ETF;创新药ETF;半导体ETF;有色ETF,沪深300;创业板;纳指;黄金;国债ETF,证券ETF;创新药ETF;半导体ETF;有色ETF
2024-12-12,924640.2835925993,0.0,924640.2835925993,0.0,False,liquidate,-0.18214577971739007,9,沪深300;创业板;纳指;黄金;国债ETF;证券ETF;创新药ETF;半导体ETF;酒ETF,沪深300;创业板;纳指;黄金;国债ETF,证券ETF;创新药ETF;半导体ETF;酒ETF
2024-12-13,924713.6677420909,0.0,924713.6677420909,0.0,False,liquidate,-0.1820808706522882,8,沪深300;创业板;纳指;国债ETF;半导体ETF;证券ETF;创新药ETF;军工ETF,沪深300;创业板;纳指;国债ETF,半导体ETF;证券ETF;创新药ETF;军工ETF
2024-12-16,924787.0577157212,0.0,924787.0577157212,0.0,False,liquidate,-0.18201595643567334,6,纳指;国债ETF;证券ETF;创新药ETF;半导体ETF;酒ETF,纳指;国债ETF,证券ETF;创新药ETF;半导体ETF;酒ETF
2024-12-17,924860.4535139527,0.0,924860.4535139527,0.0,False,liquidate,-0.18195103706713642,6,纳指;国债ETF;证券ETF;酒ETF;半导体ETF;创新药ETF,纳指;国债ETF,证券ETF;酒ETF;半导体ETF;创新药ETF
2024-12-18,924933.8551372475,0.0,924933.8551372475,0.0,False,liquidate,-0.18188611254626869,8,沪深300;创业板;纳指;国债ETF;半导体ETF;证券ETF;酒ETF;创新药ETF,沪深300;创业板;纳指;国债ETF,半导体ETF;证券ETF;酒ETF;创新药ETF
2024-12-19,925007.2625860679,0.0,925007.2625860679,0.0,False,liquidate,-0.18182118287266125,6,纳指;国债ETF;半导体ETF;证券ETF;酒ETF;军工ETF,纳指;国债ETF,半导体ETF;证券ETF;酒ETF;军工ETF
2024-12-20,925080.6758608763,0.0,925080.6758608763,0.0,False,liquidate,-0.1817562480459051,6,纳指;国债ETF;半导体ETF;证券ETF;军工ETF;酒ETF,纳指;国债ETF,半导体ETF;证券ETF;军工ETF;酒ETF
2024-12-23,925154.0949621352,0.0,925154.0949621352,0.0,False,liquidate,-0.18169130806559122,8,沪深300;创业板;纳指;国债ETF;半导体ETF;证券ETF;军工ETF;创新药ETF,沪深300;创业板;纳指;国债ETF,半导体ETF;证券ETF;军工ETF;创新药ETF
2024-12-24,925227.5198903069,0.0,925227.5198903069,0.0,False,liquidate,-0.18162636293131065,8,沪深300;创业板;纳指;国债ETF;半导体ETF;证券ETF;军工ETF;酒ETF,沪深300;创业板;纳指;国债ETF,半导体ETF;证券ETF;军工ETF;酒ETF
2024-12-25,925300.9506458538,0.0,925300.9506458538,0.0,False,liquidate,-0.18156141264265435,8,沪深300;创业板;纳指;国债ETF;半导体ETF;证券ETF;军工ETF;创新药ETF,沪深300;创业板;纳指;国债ETF,半导体ETF;证券ETF;军工ETF;创新药ETF
2024-12-26,925374.3872292384,0.0,925374.3872292384,0.0,False,liquidate,-0.18149645719921326,8,沪深300;创业板;纳指;国债ETF;半导体ETF;证券ETF;军工ETF;酒ETF,沪深300;创业板;纳指;国债ETF,半导体ETF;证券ETF;军工ETF;酒ETF
2024-12-27,925447.8296409233,0.0,925447.8296409233,0.0,False,liquidate,-0.18143149660057822,8,沪深300;创业板;纳指;国债ETF;半导体ETF;军工ETF;证券ETF;酒ETF,沪深300;创业板;纳指;国债ETF,半导体ETF;军工ETF;证券ETF;酒ETF
2024-12-30,925521.2778813711,0.0,925521.2778813711,0.0,False,liquidate,-0.1813665308463401,6,纳指;国债ETF;半导体ETF;证券ETF;军工ETF;酒ETF,纳指;国债ETF,半导体ETF;证券ETF;军工ETF;酒ETF
2024-12-31,925594.7319510443,0.0,925594.7319510443,0.0,False,liquidate,-0.18130155993608973,6,纳指;国债ETF;半导体ETF;军工ETF;证券ETF;酒ETF,纳指;国债ETF,半导体ETF;军工ETF;证券ETF;酒ETF
2025-01-02,925668.1918504055,0.0,925668.1918504055,0.0,False,liquidate,-0.18123658386941796,7,纳指;黄金;国债ETF;半导体ETF;军工ETF;酒ETF;有色ETF,纳指;黄金;国债ETF,半导体ETF;军工ETF;酒ETF;有色ETF
2025-01-03,925741.6575799175,0.0,925741.6575799175,0.0,False,liquidate,-0.18117160264591553,7,纳指;黄金;国债ETF;半导体ETF;有色ETF;酒ETF;军工ETF,纳指;黄金;国债ETF,半导体ETF;有色ETF;酒ETF;军工ETF
2025-01-06,925815.1291400429,0.0,925815.1291400429,0.0,False,liquidate,-0.18110661626517308,7,纳指;黄金;国债ETF;半导体ETF;有色ETF;军工ETF;创新药ETF,纳指;黄金;国债ETF,半导体ETF;有色ETF;军工ETF;创新药ETF
2025-01-07,925888.6065312446,0.0,925888.6065312446,0.0,False,liquidate,-0.18104162472678137,7,纳指;黄金;国债ETF;半导体ETF;有色ETF;军工ETF;证券ETF,纳指;黄金;国债ETF,半导体ETF;有色ETF;军工ETF;证券ETF
2025-01-08,925962.0897539852,0.0,925962.0897539852,0.0,False,liquidate,-0.1809766280303311,7,纳指;黄金;国债ETF;半导体ETF;有色ETF;军工ETF;证券ETF,纳指;黄金;国债ETF,半导体ETF;有色ETF;军工ETF;证券ETF
2025-01-09,926035.5788087276,0.0,926035.5788087276,0.0,False,liquidate,-0.18091162617541287,7,纳指;黄金;国债ETF;半导体ETF;有色ETF;军工ETF;证券ETF,纳指;黄金;国债ETF,半导体ETF;有色ETF;军工ETF;证券ETF
2025-01-10,926109.0736959346,0.0,926109.0736959346,0.0,False,liquidate,-0.18084661916161726,7,纳指;黄金;国债ETF;半导体ETF;有色ETF;军工ETF;酒ETF,纳指;黄金;国债ETF,半导体ETF;有色ETF;军工ETF;酒ETF
2025-01-13,926182.5744160692,0.0,926182.5744160692,0.0,False,liquidate,-0.18078160698853488,7,纳指;黄金;国债ETF;半导体ETF;有色ETF;酒ETF;证券ETF,纳指;黄金;国债ETF,半导体ETF;有色ETF;酒ETF;证券ETF
2025-01-14,926256.0809695943,0.0,926256.0809695943,0.0,False,liquidate,-0.18071658965575615,7,纳指;黄金;国债ETF;半导体ETF;有色ETF;军工ETF;证券ETF,纳指;黄金;国债ETF,半导体ETF;有色ETF;军工ETF;证券ETF
2025-01-15,926329.5933569729,0.0,926329.5933569729,0.0,False,liquidate,-0.18065156716287165,7,纳指;黄金;国债ETF;半导体ETF;有色ETF;证券ETF;军工ETF,纳指;黄金;国债ETF,半导体ETF;有色ETF;证券ETF;军工ETF
2025-01-16,926403.111578668,0.0,926403.111578668,0.0,False,liquidate,-0.1805865395094718,7,纳指;黄金;国债ETF;有色ETF;半导体ETF;证券ETF;酒ETF,纳指;黄金;国债ETF,有色ETF;半导体ETF;证券ETF;酒ETF
2025-01-17,926476.6356351426,0.0,926476.6356351426,0.0,False,liquidate,-0.18052150669514708,7,纳指;黄金;国债ETF;有色ETF;半导体ETF;酒ETF;证券ETF,纳指;黄金;国债ETF,有色ETF;半导体ETF;酒ETF;证券ETF
2025-01-20,926550.1655268597,0.0,926550.1655268597,0.0,False,liquidate,-0.18045646871948792,7,纳指;黄金;国债ETF;半导体ETF;有色ETF;军工ETF;创新药ETF,纳指;黄金;国债ETF,半导体ETF;有色ETF;军工ETF;创新药ETF
2025-01-21,926623.7012542825,0.0,926623.7012542825,0.0,False,liquidate,-0.18039142558208465,7,纳指;黄金;国债ETF;半导体ETF;有色ETF;军工ETF;创新药ETF,纳指;黄金;国债ETF,半导体ETF;有色ETF;军工ETF;创新药ETF
2025-01-22,926697.2428178742,0.0,926697.2428178742,0.0,False,liquidate,-0.18032637728252762,7,纳指;黄金;国债ETF;半导体ETF;有色ETF;创新药ETF;证券ETF,纳指;黄金;国债ETF,半导体ETF;有色ETF;创新药ETF;证券ETF
2025-01-23,926770.7902180979,0.0,926770.7902180979,0.0,False,liquidate,-0.18026132382040716,7,纳指;黄金;国债ETF;有色ETF;半导体ETF;创新药ETF;酒ETF,纳指;黄金;国债ETF,有色ETF;半导体ETF;创新药ETF;酒ETF
2025-01-24,926844.3434554168,0.0,926844.3434554168,0.0,False,liquidate,-0.18019626519531345,7,纳指;黄金;国债ETF;半导体ETF;有色ETF;创新药ETF;证券ETF,纳指;黄金;国债ETF,半导体ETF;有色ETF;创新药ETF;证券ETF
2025-01-27,926917.9025302943,0.0,926917.9025302943,0.0,False,liquidate,-0.1801312014068369,7,纳指;黄金;国债ETF;有色ETF;半导体ETF;创新药ETF;军工ETF,纳指;黄金;国债ETF,有色ETF;半导体ETF;创新药ETF;军工ETF
2025-02-05,926991.4674431935,0.0,926991.4674431935,0.0,False,liquidate,-0.18006613245456754,7,纳指;黄金;国债ETF;半导体ETF;有色ETF;创新药ETF;军工ETF,纳指;黄金;国债ETF,半导体ETF;有色ETF;创新药ETF;军工ETF
2025-02-06,927065.0381945779,0.0,927065.0381945779,0.0,False,liquidate,-0.1800010583380957,7,纳指;黄金;国债ETF;半导体ETF;有色ETF;创新药ETF;军工ETF,纳指;黄金;国债ETF,半导体ETF;有色ETF;创新药ETF;军工ETF
2025-02-07,927138.6147849108,463569.3073924554,463569.3073924554,0.5,False,halve,-0.17993597905701142,7,纳指;黄金;国债ETF;半导体ETF;有色ETF;军工ETF;创新药ETF,纳指;黄金;国债ETF,半导体ETF;有色ETF;军工ETF;创新药ETF
2025-02-10,930776.6547507389,465388.32737536944,465388.32737536944,0.5,False,halve,-0.17671809379675787,7,纳指;黄金;国债ETF;半导体ETF;有色ETF;军工ETF;创新药ETF,纳指;黄金;国债ETF,半导体ETF;有色ETF;军工ETF;创新药ETF
2025-02-11,926567.7768032309,0.0,926567.7768032309,0.0,False,liquidate,-0.18044089135717706,6,黄金;国债ETF;半导体ETF;有色ETF;创新药ETF;军工ETF,黄金;国债ETF,半导体ETF;有色ETF;创新药ETF;军工ETF
2025-02-12,926641.313928374,0.0,926641.313928374,0.0,False,liquidate,-0.18037584698347525,7,纳指;黄金;国债ETF;半导体ETF;有色ETF;军工ETF;创新药ETF,纳指;黄金;国债ETF,半导体ETF;有色ETF;军工ETF;创新药ETF
2025-02-13,926714.8568897969,0.0,926714.8568897969,0.0,False,liquidate,-0.18031079744752151,7,纳指;黄金;国债ETF;半导体ETF;有色ETF;创新药ETF;证券ETF,纳指;黄金;国债ETF,半导体ETF;有色ETF;创新药ETF;证券ETF
2025-02-14,926788.4056879628,0.0,926788.4056879628,0.0,False,liquidate,-0.18024574274890623,7,纳指;黄金;国债ETF;半导体ETF;有色ETF;创新药ETF;证券ETF,纳指;黄金;国债ETF,半导体ETF;有色ETF;创新药ETF;证券ETF
2025-02-17,926861.9603233349,0.0,926861.9603233349,0.0,False,liquidate,-0.18018068288721958,7,沪深300;纳指;黄金;半导体ETF;创新药ETF;证券ETF;军工ETF,沪深300;纳指;黄金,半导体ETF;创新药ETF;证券ETF;军工ETF
2025-02-18,926935.5207963765,0.0,926935.5207963765,0.0,False,liquidate,-0.18011561786205182,6,沪深300;黄金;半导体ETF;创新药ETF;有色ETF;军工ETF,沪深300;黄金,半导体ETF;创新药ETF;有色ETF;军工ETF
2025-02-19,927009.0871075508,0.0,927009.0871075508,0.0,False,liquidate,-0.18005054767299328,7,沪深300;创业板;黄金;半导体ETF;创新药ETF;军工ETF;有色ETF,沪深300;创业板;黄金,半导体ETF;创新药ETF;军工ETF;有色ETF
2025-02-20,927082.6592573213,463541.32962866063,463541.32962866063,0.5,False,halve,-0.179985472319634,6,创业板;黄金;半导体ETF;创新药ETF;军工ETF;有色ETF,创业板;黄金,半导体ETF;创新药ETF;军工ETF;有色ETF
2025-02-21,937226.6991711336,380380.6730971554,556846.0260739782,0.5,False,halve,-0.17101296052078396,7,沪深300;创业板;黄金;半导体ETF;创新药ETF;军工ETF;证券ETF,沪深300;创业板;黄金,半导体ETF;创新药ETF;军工ETF;证券ETF
2025-02-24,935953.2872876199,389682.0210081206,546271.2662794993,0.5,False,halve,-0.17213930695146634,7,沪深300;创业板;黄金;半导体ETF;创新药ETF;军工ETF;证券ETF,沪深300;创业板;黄金,半导体ETF;创新药ETF;军工ETF;证券ETF
2025-02-25,932075.830483164,391880.9565166798,540194.8739664843,0.5,False,halve,-0.17556895896615726,6,创业板;黄金;半导体ETF;创新药ETF;军工ETF;证券ETF,创业板;黄金,半导体ETF;创新药ETF;军工ETF;证券ETF
2025-02-26,939487.1763838711,393093.9463919003,546393.2299919708,0.5,False,halve,-0.16901354424929405,6,创业板;黄金;半导体ETF;创新药ETF;军工ETF;证券ETF,创业板;黄金,半导体ETF;创新药ETF;军工ETF;证券ETF
2025-02-27,937753.1800096324,468876.5900048162,468876.5900048162,0.5,False,halve,-0.1705472825881817,6,创业板;黄金;半导体ETF;创新药ETF;军工ETF;酒ETF,创业板;黄金,半导体ETF;创新药ETF;军工ETF;酒ETF
2025-02-28,924762.1782465781,0.0,924762.1782465781,0.0,False,liquidate,-0.18203796259222754,5,黄金;半导体ETF;创新药ETF;酒ETF;军工ETF,黄金,半导体ETF;创新药ETF;酒ETF;军工ETF
2025-03-03,924835.5720702485,0.0,924835.5720702485,0.0,False,liquidate,-0.18197304497021097,5,黄金;半导体ETF;创新药ETF;酒ETF;有色ETF,黄金,半导体ETF;创新药ETF;酒ETF;有色ETF
2025-03-04,924908.9717188256,0.0,924908.9717188256,0.0,False,liquidate,-0.1819081221960022,5,黄金;半导体ETF;创新药ETF;军工ETF;酒ETF,黄金,半导体ETF;创新药ETF;军工ETF;酒ETF
2025-03-05,924982.3771927716,0.0,924982.3771927716,0.0,False,liquidate,-0.1818431942691923,6,创业板;黄金;半导体ETF;酒ETF;创新药ETF;军工ETF,创业板;黄金,半导体ETF;酒ETF;创新药ETF;军工ETF
2025-03-06,925055.7884925489,0.0,925055.7884925489,0.0,False,liquidate,-0.18177826118937238,7,沪深300;创业板;黄金;半导体ETF;创新药ETF;酒ETF;军工ETF,沪深300;创业板;黄金,半导体ETF;创新药ETF;酒ETF;军工ETF
2025-03-07,925129.2056186197,0.0,925129.2056186197,0.0,False,liquidate,-0.18171332295613343,7,沪深300;创业板;黄金;半导体ETF;酒ETF;军工ETF;有色ETF,沪深300;创业板;黄金,半导体ETF;酒ETF;军工ETF;有色ETF
2025-03-10,925202.6285714466,0.0,925202.6285714466,0.0,False,liquidate,-0.1816483795690664,7,沪深300;创业板;黄金;半导体ETF;酒ETF;军工ETF;有色ETF,沪深300;创业板;黄金,半导体ETF;酒ETF;军工ETF;有色ETF
2025-03-11,925276.057351492,0.0,925276.057351492,0.0,False,liquidate,-0.18158343102776234,7,沪深300;创业板;黄金;半导体ETF;酒ETF;军工ETF;有色ETF,沪深300;创业板;黄金,半导体ETF;酒ETF;军工ETF;有色ETF
2025-03-12,925349.4919592184,0.0,925349.4919592184,0.0,False,liquidate,-0.1815184773318121,7,沪深300;创业板;黄金;半导体ETF;军工ETF;有色ETF;酒ETF,沪深300;创业板;黄金,半导体ETF;军工ETF;有色ETF;酒ETF
2025-03-13,925422.9323950883,0.0,925422.9323950883,0.0,False,liquidate,-0.18145351848080662,7,沪深300;创业板;黄金;军工ETF;半导体ETF;有色ETF;酒ETF,沪深300;创业板;黄金,军工ETF;半导体ETF;有色ETF;酒ETF
2025-03-14,925496.3786595641,0.0,925496.3786595641,0.0,False,liquidate,-0.18138855447433683,7,沪深300;创业板;黄金;有色ETF;半导体ETF;酒ETF;军工ETF,沪深300;创业板;黄金,有色ETF;半导体ETF;酒ETF;军工ETF
2025-03-17,925569.8307531085,0.0,925569.8307531085,0.0,False,liquidate,-0.1813235853119935,7,沪深300;创业板;黄金;酒ETF;半导体ETF;有色ETF;军工ETF,沪深300;创业板;黄金,酒ETF;半导体ETF;有色ETF;军工ETF
2025-03-18,925643.2886761841,0.0,925643.2886761841,0.0,False,liquidate,-0.18125861099336746,7,沪深300;创业板;黄金;有色ETF;酒ETF;军工ETF;半导体ETF,沪深300;创业板;黄金,有色ETF;酒ETF;军工ETF;半导体ETF
2025-03-19,925716.7524292538,0.0,925716.7524292538,0.0,False,liquidate,-0.1811936315180494,7,沪深300;创业板;黄金;有色ETF;酒ETF;半导体ETF;军工ETF,沪深300;创业板;黄金,有色ETF;酒ETF;半导体ETF;军工ETF
2025-03-20,925790.2220127799,0.0,925790.2220127799,0.0,False,liquidate,-0.18112864688563018,7,沪深300;创业板;黄金;有色ETF;酒ETF;军工ETF;半导体ETF,沪深300;创业板;黄金,有色ETF;酒ETF;军工ETF;半导体ETF
2025-03-21,925863.6974272254,0.0,925863.6974272254,0.0,False,liquidate,-0.18106365709570044,7,沪深300;创业板;黄金;有色ETF;军工ETF;酒ETF;创新药ETF,沪深300;创业板;黄金,有色ETF;军工ETF;酒ETF;创新药ETF
2025-03-24,925937.178673053,0.0,925937.178673053,0.0,False,liquidate,-0.18099866214785082,7,沪深300;创业板;黄金;有色ETF;酒ETF;军工ETF;创新药ETF,沪深300;创业板;黄金,有色ETF;酒ETF;军工ETF;创新药ETF
2025-03-25,926010.6657507255,0.0,926010.6657507255,0.0,False,liquidate,-0.18093366204167205,7,沪深300;创业板;黄金;有色ETF;酒ETF;军工ETF;创新药ETF,沪深300;创业板;黄金,有色ETF;酒ETF;军工ETF;创新药ETF
2025-03-26,926084.1586607058,0.0,926084.1586607058,0.0,False,liquidate,-0.1808686567767547,7,沪深300;创业板;黄金;有色ETF;酒ETF;军工ETF;创新药ETF,沪深300;创业板;黄金,有色ETF;酒ETF;军工ETF;创新药ETF
2025-03-27,926157.6574034566,0.0,926157.6574034566,0.0,False,liquidate,-0.18080364635268936,7,沪深300;创业板;黄金;有色ETF;创新药ETF;酒ETF;军工ETF,沪深300;创业板;黄金,有色ETF;创新药ETF;酒ETF;军工ETF
2025-03-28,926231.1619794411,0.0,926231.1619794411,0.0,False,liquidate,-0.18073863076906654,7,沪深300;创业板;黄金;有色ETF;创新药ETF;酒ETF;军工ETF,沪深300;创业板;黄金,有色ETF;创新药ETF;酒ETF;军工ETF
2025-03-31,926304.672389122,0.0,926304.672389122,0.0,False,liquidate,-0.1806736100254768,7,沪深300;创业板;黄金;有色ETF;创新药ETF;酒ETF;军工ETF,沪深300;创业板;黄金,有色ETF;创新药ETF;酒ETF;军工ETF
2025-04-01,926378.1886329624,0.0,926378.1886329624,0.0,False,liquidate,-0.1806085841215105,7,沪深300;创业板;黄金;创新药ETF;有色ETF;酒ETF;军工ETF,沪深300;创业板;黄金,创新药ETF;有色ETF;酒ETF;军工ETF
2025-04-02,926451.7107114254,0.0,926451.7107114254,0.0,False,liquidate,-0.1805435530567582,6,沪深300;黄金;创新药ETF;有色ETF;酒ETF;军工ETF,沪深300;黄金,创新药ETF;有色ETF;酒ETF;军工ETF
2025-04-03,926525.2386249739,0.0,926525.2386249739,0.0,False,liquidate,-0.18047851683081034,5,黄金;创新药ETF;有色ETF;酒ETF;半导体ETF,黄金,创新药ETF;有色ETF;酒ETF;半导体ETF
2025-04-07,926598.7723740712,0.0,926598.7723740712,0.0,False,liquidate,-0.1804134754432572,5,黄金;创新药ETF;酒ETF;有色ETF;半导体ETF,黄金,创新药ETF;酒ETF;有色ETF;半导体ETF
2025-04-08,926672.3119591803,0.0,926672.3119591803,0.0,False,liquidate,-0.18034842889368916,5,黄金;酒ETF;创新药ETF;有色ETF;军工ETF,黄金,酒ETF;创新药ETF;有色ETF;军工ETF
2025-04-09,926745.8573807644,0.0,926745.8573807644,0.0,False,liquidate,-0.1802833771816965,5,黄金;酒ETF;创新药ETF;军工ETF;半导体ETF,黄金,酒ETF;创新药ETF;军工ETF;半导体ETF
2025-04-10,926819.4086392868,0.0,926819.4086392868,0.0,False,liquidate,-0.18021832030686963,6,黄金;国债ETF;酒ETF;创新药ETF;军工ETF;有色ETF,黄金;国债ETF,酒ETF;创新药ETF;军工ETF;有色ETF
2025-04-11,926892.9657352106,0.0,926892.9657352106,0.0,False,liquidate,-0.1801532582687987,6,黄金;国债ETF;创新药ETF;半导体ETF;酒ETF;军工ETF,黄金;国债ETF,创新药ETF;半导体ETF;酒ETF;军工ETF
2025-04-14,926966.5286689991,0.0,926966.5286689991,0.0,False,liquidate,-0.180088191067074,6,黄金;国债ETF;创新药ETF;半导体ETF;酒ETF;有色ETF,黄金;国债ETF,创新药ETF;半导体ETF;酒ETF;有色ETF
2025-04-15,927040.0974411158,0.0,927040.0974411158,0.0,False,liquidate,-0.18002311870128557,6,黄金;国债ETF;创新药ETF;酒ETF;半导体ETF;军工ETF,黄金;国债ETF,创新药ETF;酒ETF;半导体ETF;军工ETF
2025-04-16,927113.6720520238,282653.095920622,644460.5761314018,0.5,False,halve,-0.17995804117102376,6,黄金;国债ETF;创新药ETF;酒ETF;半导体ETF;有色ETF,黄金;国债ETF,创新药ETF;酒ETF;半导体ETF;有色ETF
2025-04-17,927619.6594839965,291610.3520957773,636009.3073882192,0.5,False,halve,-0.1795104898756801,6,黄金;国债ETF;酒ETF;创新药ETF;半导体ETF;有色ETF,黄金;国债ETF,酒ETF;创新药ETF;半导体ETF;有色ETF
2025-04-18,925991.9617375198,0.0,925991.9617375198,0.0,False,liquidate,-0.18095020594140038,6,黄金;国债ETF;酒ETF;创新药ETF;半导体ETF;有色ETF,黄金;国债ETF,酒ETF;创新药ETF;半导体ETF;有色ETF
2025-04-21,926065.4531630545,0.0,926065.4531630545,0.0,False,liquidate,-0.18088520198949096,6,黄金;国债ETF;创新药ETF;半导体ETF;酒ETF;有色ETF,黄金;国债ETF,创新药ETF;半导体ETF;酒ETF;有色ETF
2025-04-22,926138.9504212422,0.0,926138.9504212422,0.0,False,liquidate,-0.18082019287853768,6,黄金;国债ETF;创新药ETF;半导体ETF;酒ETF;有色ETF,黄金;国债ETF,创新药ETF;半导体ETF;酒ETF;有色ETF
2025-04-23,926212.4535125454,0.0,926212.4535125454,0.0,False,liquidate,-0.1807551786081312,6,黄金;国债ETF;创新药ETF;半导体ETF;酒ETF;有色ETF,黄金;国债ETF,创新药ETF;半导体ETF;酒ETF;有色ETF
2025-04-24,926285.9624374275,0.0,926285.9624374275,0.0,False,liquidate,-0.18069015917786194,6,黄金;国债ETF;创新药ETF;半导体ETF;酒ETF;有色ETF,黄金;国债ETF,创新药ETF;半导体ETF;酒ETF;有色ETF
2025-04-25,926359.4771963512,0.0,926359.4771963512,0.0,False,liquidate,-0.18062513458732044,6,黄金;国债ETF;半导体ETF;创新药ETF;酒ETF;有色ETF,黄金;国债ETF,半导体ETF;创新药ETF;酒ETF;有色ETF
2025-04-28,926432.9977897794,0.0,926432.9977897794,0.0,False,liquidate,-0.1805601048360972,6,黄金;国债ETF;半导体ETF;创新药ETF;酒ETF;军工ETF,黄金;国债ETF,半导体ETF;创新药ETF;酒ETF;军工ETF
2025-04-29,926506.5242181754,0.0,926506.5242181754,0.0,False,liquidate,-0.18049506992378261,6,黄金;国债ETF;半导体ETF;酒ETF;创新药ETF;有色ETF,黄金;国债ETF,半导体ETF;酒ETF;创新药ETF;有色ETF
2025-04-30,926580.0564820024,0.0,926580.0564820024,0.0,False,liquidate,-0.18043002984996695,6,黄金;国债ETF;半导体ETF;创新药ETF;酒ETF;军工ETF,黄金;国债ETF,半导体ETF;创新药ETF;酒ETF;军工ETF
2025-05-06,926653.5945817232,0.0,926653.5945817232,0.0,False,liquidate,-0.18036498461424072,6,黄金;国债ETF;半导体ETF;创新药ETF;有色ETF;酒ETF,黄金;国债ETF,半导体ETF;创新药ETF;有色ETF;酒ETF
2025-05-07,926727.1385178012,0.0,926727.1385178012,0.0,False,liquidate,-0.1802999342161942,6,黄金;国债ETF;军工ETF;半导体ETF;有色ETF;创新药ETF,黄金;国债ETF,军工ETF;半导体ETF;有色ETF;创新药ETF
2025-05-08,926800.6882906995,0.0,926800.6882906995,0.0,False,liquidate,-0.18023487865541762,6,黄金;国债ETF;军工ETF;半导体ETF;创新药ETF;有色ETF,黄金;国债ETF,军工ETF;半导体ETF;创新药ETF;有色ETF
2025-05-09,926874.2439008814,0.0,926874.2439008814,0.0,False,liquidate,-0.18016981793150133,7,纳指;黄金;国债ETF;创新药ETF;有色ETF;军工ETF;半导体ETF,纳指;黄金;国债ETF,创新药ETF;有色ETF;军工ETF;半导体ETF
2025-05-12,926947.80534881,0.0,926947.80534881,0.0,False,liquidate,-0.18010475204403556,7,纳指;黄金;国债ETF;军工ETF;有色ETF;创新药ETF;半导体ETF,纳指;黄金;国债ETF,军工ETF;有色ETF;创新药ETF;半导体ETF
2025-05-13,927021.3726349489,0.0,927021.3726349489,0.0,False,liquidate,-0.1800396809926104,7,纳指;黄金;国债ETF;军工ETF;创新药ETF;有色ETF;酒ETF,纳指;黄金;国债ETF,军工ETF;创新药ETF;有色ETF;酒ETF
2025-05-14,927094.9457597613,382299.60729196004,544795.3384678012,0.5,False,halve,-0.17997460477681612,7,纳指;黄金;国债ETF;军工ETF;创新药ETF;证券ETF;有色ETF,纳指;黄金;国债ETF,军工ETF;创新药ETF;证券ETF;有色ETF
2025-05-15,922559.8350201373,0.0,922559.8350201373,0.0,False,liquidate,-0.1839859587310688,7,纳指;黄金;国债ETF;创新药ETF;军工ETF;有色ETF;证券ETF,纳指;黄金;国债ETF,创新药ETF;军工ETF;有色ETF;证券ETF
2025-05-16,922633.0540546627,0.0,922633.0540546627,0.0,False,liquidate,-0.18392119571192042,7,纳指;黄金;国债ETF;创新药ETF;军工ETF;有色ETF;证券ETF,纳指;黄金;国债ETF,创新药ETF;军工ETF;有色ETF;证券ETF
2025-05-19,922706.2789002226,0.0,922706.2789002226,0.0,False,liquidate,-0.18385642755284992,7,纳指;黄金;国债ETF;创新药ETF;军工ETF;有色ETF;证券ETF,纳指;黄金;国债ETF,创新药ETF;军工ETF;有色ETF;证券ETF
2025-05-20,922779.5095572782,0.0,922779.5095572782,0.0,False,liquidate,-0.18379165425344932,7,纳指;黄金;国债ETF;创新药ETF;军工ETF;有色ETF;证券ETF,纳指;黄金;国债ETF,创新药ETF;军工ETF;有色ETF;证券ETF
2025-05-21,922852.7460262908,0.0,922852.7460262908,0.0,False,liquidate,-0.18372687581331063,8,沪深300;纳指;黄金;国债ETF;创新药ETF;有色ETF;军工ETF;证券ETF,沪深300;纳指;黄金;国债ETF,创新药ETF;有色ETF;军工ETF;证券ETF
2025-05-22,922925.9883077216,0.0,922925.9883077216,0.0,False,liquidate,-0.18366209223202587,7,纳指;黄金;国债ETF;创新药ETF;军工ETF;有色ETF;证券ETF,纳指;黄金;国债ETF,创新药ETF;军工ETF;有色ETF;证券ETF
2025-05-23,922999.2364020317,0.0,922999.2364020317,0.0,False,liquidate,-0.18359730350918713,7,纳指;黄金;国债ETF;创新药ETF;有色ETF;军工ETF;酒ETF,纳指;黄金;国债ETF,创新药ETF;有色ETF;军工ETF;酒ETF
2025-05-26,923072.4903096827,0.0,923072.4903096827,0.0,False,liquidate,-0.18353250964438628,7,纳指;黄金;国债ETF;创新药ETF;有色ETF;军工ETF;证券ETF,纳指;黄金;国债ETF,创新药ETF;有色ETF;军工ETF;证券ETF
2025-05-27,923145.7500311359,0.0,923145.7500311359,0.0,False,liquidate,-0.18346771063721518,7,纳指;黄金;国债ETF;创新药ETF;军工ETF;有色ETF;证券ETF,纳指;黄金;国债ETF,创新药ETF;军工ETF;有色ETF;证券ETF
2025-05-28,923219.0155668526,0.0,923219.0155668526,0.0,False,liquidate,-0.1834029064872657,7,纳指;黄金;国债ETF;创新药ETF;军工ETF;有色ETF;证券ETF,纳指;黄金;国债ETF,创新药ETF;军工ETF;有色ETF;证券ETF
2025-05-29,923292.2869172945,0.0,923292.2869172945,0.0,False,liquidate,-0.18333809719412975,7,纳指;黄金;国债ETF;创新药ETF;军工ETF;有色ETF;证券ETF,纳指;黄金;国债ETF,创新药ETF;军工ETF;有色ETF;证券ETF
2025-05-30,923365.5640829229,0.0,923365.5640829229,0.0,False,liquidate,-0.1832732827573991,7,纳指;黄金;国债ETF;创新药ETF;军工ETF;有色ETF;证券ETF,纳指;黄金;国债ETF,创新药ETF;军工ETF;有色ETF;证券ETF
2025-06-03,923438.8470641994,0.0,923438.8470641994,0.0,False,liquidate,-0.18320846317666548,7,纳指;黄金;国债ETF;创新药ETF;军工ETF;有色ETF;证券ETF,纳指;黄金;国债ETF,创新药ETF;军工ETF;有色ETF;证券ETF
2025-06-04,923512.1358615855,0.0,923512.1358615855,0.0,False,liquidate,-0.1831436384515207,8,沪深300;纳指;黄金;国债ETF;创新药ETF;有色ETF;军工ETF;证券ETF,沪深300;纳指;黄金;国债ETF,创新药ETF;有色ETF;军工ETF;证券ETF
2025-06-05,923585.4304755428,0.0,923585.4304755428,0.0,False,liquidate,-0.18307880858155653,9,沪深300;创业板;纳指;黄金;国债ETF;创新药ETF;有色ETF;证券ETF;军工ETF,沪深300;创业板;纳指;黄金;国债ETF,创新药ETF;有色ETF;证券ETF;军工ETF
2025-06-06,923658.730906533,0.0,923658.730906533,0.0,False,liquidate,-0.18301397356636456,9,沪深300;创业板;纳指;黄金;国债ETF;创新药ETF;有色ETF;证券ETF;军工ETF,沪深300;创业板;纳指;黄金;国债ETF,创新药ETF;有色ETF;证券ETF;军工ETF
2025-06-09,923732.0371550176,0.0,923732.0371550176,0.0,False,liquidate,-0.18294913340553648,9,沪深300;创业板;纳指;黄金;国债ETF;创新药ETF;有色ETF;证券ETF;军工ETF,沪深300;创业板;纳指;黄金;国债ETF,创新药ETF;有色ETF;证券ETF;军工ETF
2025-06-10,923805.3492214585,0.0,923805.3492214585,0.0,False,liquidate,-0.18288428809866386,9,沪深300;创业板;纳指;黄金;国债ETF;创新药ETF;有色ETF;证券ETF;军工ETF,沪深300;创业板;纳指;黄金;国债ETF,创新药ETF;有色ETF;证券ETF;军工ETF
2025-06-11,923878.6671063175,0.0,923878.6671063175,0.0,False,liquidate,-0.18281943764533828,9,沪深300;创业板;纳指;黄金;国债ETF;创新药ETF;有色ETF;证券ETF;军工ETF,沪深300;创业板;纳指;黄金;国债ETF,创新药ETF;有色ETF;证券ETF;军工ETF
2025-06-12,923951.9908100561,0.0,923951.9908100561,0.0,False,liquidate,-0.18275458204515138,9,沪深300;创业板;纳指;黄金;国债ETF;创新药ETF;有色ETF;军工ETF;证券ETF,沪深300;创业板;纳指;黄金;国债ETF,创新药ETF;有色ETF;军工ETF;证券ETF
2025-06-13,924025.3203331364,0.0,924025.3203331364,0.0,False,liquidate,-0.18268972129769456,9,沪深300;创业板;纳指;黄金;国债ETF;创新药ETF;有色ETF;军工ETF;证券ETF,沪深300;创业板;纳指;黄金;国债ETF,创新药ETF;有色ETF;军工ETF;证券ETF
2025-06-16,924098.65567602,0.0,924098.65567602,0.0,False,liquidate,-0.18262485540255943,9,沪深300;创业板;纳指;黄金;国债ETF;创新药ETF;有色ETF;证券ETF;军工ETF,沪深300;创业板;纳指;黄金;国债ETF,创新药ETF;有色ETF;证券ETF;军工ETF
2025-06-17,924171.996839169,0.0,924171.996839169,0.0,False,liquidate,-0.18255998435933732,8,沪深300;创业板;纳指;国债ETF;创新药ETF;有色ETF;证券ETF;军工ETF,沪深300;创业板;纳指;国债ETF,创新药ETF;有色ETF;证券ETF;军工ETF
2025-06-18,924245.3438230451,0.0,924245.3438230451,0.0,False,liquidate,-0.18249510816761974,8,沪深300;创业板;纳指;国债ETF;创新药ETF;有色ETF;军工ETF;证券ETF,沪深300;创业板;纳指;国债ETF,创新药ETF;有色ETF;军工ETF;证券ETF
2025-06-19,924318.6966281105,0.0,924318.6966281105,0.0,False,liquidate,-0.1824302268269981,7,创业板;纳指;国债ETF;创新药ETF;有色ETF;军工ETF;证券ETF,创业板;纳指;国债ETF,创新药ETF;有色ETF;军工ETF;证券ETF
2025-06-20,924392.055254827,0.0,924392.055254827,0.0,False,liquidate,-0.18236534033706372,7,创业板;纳指;国债ETF;创新药ETF;有色ETF;证券ETF;军工ETF,创业板;纳指;国债ETF,创新药ETF;有色ETF;证券ETF;军工ETF
2025-06-23,924465.4197036568,0.0,924465.4197036568,0.0,False,liquidate,-0.1823004486974079,8,沪深300;创业板;纳指;国债ETF;创新药ETF;有色ETF;证券ETF;军工ETF,沪深300;创业板;纳指;国债ETF,创新药ETF;有色ETF;证券ETF;军工ETF
2025-06-24,924538.7899750619,0.0,924538.7899750619,0.0,False,liquidate,-0.18223555190762197,8,沪深300;创业板;纳指;国债ETF;创新药ETF;有色ETF;证券ETF;军工ETF,沪深300;创业板;纳指;国债ETF,创新药ETF;有色ETF;证券ETF;军工ETF
2025-06-25,924612.1660695045,0.0,924612.1660695045,0.0,False,liquidate,-0.1821706499672971,8,沪深300;创业板;纳指;国债ETF;证券ETF;创新药ETF;军工ETF;有色ETF,沪深300;创业板;纳指;国债ETF,证券ETF;创新药ETF;军工ETF;有色ETF
2025-06-26,924685.5479874465,0.0,924685.5479874465,0.0,False,liquidate,-0.1821057428760246,8,沪深300;创业板;纳指;国债ETF;证券ETF;有色ETF;军工ETF;创新药ETF,沪深300;创业板;纳指;国债ETF,证券ETF;有色ETF;军工ETF;创新药ETF
2025-06-27,924758.9357293503,0.0,924758.9357293503,0.0,False,liquidate,-0.1820408306333957,8,沪深300;创业板;纳指;国债ETF;有色ETF;证券ETF;军工ETF;创新药ETF,沪深300;创业板;纳指;国债ETF,有色ETF;证券ETF;军工ETF;创新药ETF
2025-06-30,924832.3292956781,0.0,924832.3292956781,0.0,False,liquidate,-0.1819759132390015,8,沪深300;创业板;纳指;国债ETF;军工ETF;有色ETF;证券ETF;半导体ETF,沪深300;创业板;纳指;国债ETF,军工ETF;有色ETF;证券ETF;半导体ETF
2025-07-01,924905.7286868921,0.0,924905.7286868921,0.0,False,liquidate,-0.1819109906924331,8,沪深300;创业板;纳指;国债ETF;军工ETF;有色ETF;证券ETF;创新药ETF,沪深300;创业板;纳指;国债ETF,军工ETF;有色ETF;证券ETF;创新药ETF
2025-07-02,924979.1339034545,0.0,924979.1339034545,0.0,False,liquidate,-0.1818460629932817,8,沪深300;创业板;纳指;国债ETF;有色ETF;军工ETF;证券ETF;创新药ETF,沪深300;创业板;纳指;国债ETF,有色ETF;军工ETF;证券ETF;创新药ETF
2025-07-03,925052.5449458278,0.0,925052.5449458278,0.0,False,liquidate,-0.18178113014113834,8,沪深300;创业板;纳指;国债ETF;有色ETF;军工ETF;证券ETF;创新药ETF,沪深300;创业板;纳指;国债ETF,有色ETF;军工ETF;证券ETF;创新药ETF
2025-07-04,925125.9618144743,0.0,925125.9618144743,0.0,False,liquidate,-0.18171619213559398,8,沪深300;创业板;纳指;国债ETF;有色ETF;军工ETF;证券ETF;创新药ETF,沪深300;创业板;纳指;国债ETF,有色ETF;军工ETF;证券ETF;创新药ETF
2025-07-07,925199.3845098565,0.0,925199.3845098565,0.0,False,liquidate,-0.1816512489762396,8,沪深300;创业板;纳指;国债ETF;有色ETF;军工ETF;证券ETF;创新药ETF,沪深300;创业板;纳指;国债ETF,有色ETF;军工ETF;证券ETF;创新药ETF
2025-07-08,925272.8130324367,0.0,925272.8130324367,0.0,False,liquidate,-0.18158630066266626,9,沪深300;创业板;纳指;黄金;国债ETF;军工ETF;证券ETF;有色ETF;创新药ETF,沪深300;创业板;纳指;黄金;国债ETF,军工ETF;证券ETF;有色ETF;创新药ETF
2025-07-09,925346.2473826774,0.0,925346.2473826774,0.0,False,liquidate,-0.18152134719446483,8,创业板;纳指;黄金;国债ETF;军工ETF;证券ETF;有色ETF;创新药ETF,创业板;纳指;黄金;国债ETF,军工ETF;证券ETF;有色ETF;创新药ETF
2025-07-10,925419.6875610411,0.0,925419.6875610411,0.0,False,liquidate,-0.18145638857122628,9,沪深300;创业板;纳指;黄金;国债ETF;证券ETF;军工ETF;有色ETF;创新药ETF,沪深300;创业板;纳指;黄金;国债ETF,证券ETF;军工ETF;有色ETF;创新药ETF
2025-07-11,925493.1335679904,0.0,925493.1335679904,0.0,False,liquidate,-0.18139142479254147,9,沪深300;创业板;纳指;黄金;国债ETF;证券ETF;军工ETF;有色ETF;创新药ETF,沪深300;创业板;纳指;黄金;国债ETF,证券ETF;军工ETF;有色ETF;创新药ETF
2025-07-14,925566.5854039879,0.0,925566.5854039879,0.0,False,liquidate,-0.18132645585800114,9,沪深300;创业板;纳指;黄金;国债ETF;证券ETF;军工ETF;创新药ETF;有色ETF,沪深300;创业板;纳指;黄金;国债ETF,证券ETF;军工ETF;创新药ETF;有色ETF
2025-07-15,925640.0430694962,0.0,925640.0430694962,0.0,False,liquidate,-0.1812614817671962,9,沪深300;创业板;纳指;黄金;国债ETF;创新药ETF;证券ETF;军工ETF;有色ETF,沪深300;创业板;纳指;黄金;国债ETF,创新药ETF;证券ETF;军工ETF;有色ETF
2025-07-16,925713.5065649779,0.0,925713.5065649779,0.0,False,liquidate,-0.18119650251971736,8,沪深300;创业板;纳指;国债ETF;创新药ETF;证券ETF;军工ETF;有色ETF,沪深300;创业板;纳指;国债ETF,创新药ETF;证券ETF;军工ETF;有色ETF
2025-07-17,925786.9758908958,0.0,925786.9758908958,0.0,False,liquidate,-0.1811315181151554,8,沪深300;创业板;纳指;国债ETF;创新药ETF;军工ETF;证券ETF;有色ETF,沪深300;创业板;纳指;国债ETF,创新药ETF;军工ETF;证券ETF;有色ETF
2025-07-18,925860.4510477126,0.0,925860.4510477126,0.0,False,liquidate,-0.181066528553101,8,沪深300;创业板;纳指;国债ETF;创新药ETF;军工ETF;证券ETF;有色ETF,沪深300;创业板;纳指;国债ETF,创新药ETF;军工ETF;证券ETF;有色ETF
2025-07-21,925933.932035891,0.0,925933.932035891,0.0,False,liquidate,-0.1810015338331449,9,沪深300;创业板;纳指;黄金;国债ETF;创新药ETF;有色ETF;军工ETF;证券ETF,沪深300;创业板;纳指;黄金;国债ETF,创新药ETF;有色ETF;军工ETF;证券ETF
2025-07-22,926007.4188558939,0.0,926007.4188558939,0.0,False,liquidate,-0.18093653395487766,9,沪深300;创业板;纳指;黄金;国债ETF;有色ETF;创新药ETF;军工ETF;证券ETF,沪深300;创业板;纳指;黄金;国债ETF,有色ETF;创新药ETF;军工ETF;证券ETF
2025-07-23,926080.911508184,0.0,926080.911508184,0.0,False,liquidate,-0.18087152891788993,9,沪深300;创业板;纳指;黄金;国债ETF;创新药ETF;有色ETF;军工ETF;证券ETF,沪深300;创业板;纳指;黄金;国债ETF,创新药ETF;有色ETF;军工ETF;证券ETF
2025-07-24,926154.4099932244,0.0,926154.4099932244,0.0,False,liquidate,-0.18080651872177228,9,沪深300;创业板;纳指;黄金;国债ETF;创新药ETF;有色ETF;证券ETF;军工ETF,沪深300;创业板;纳指;黄金;国债ETF,创新药ETF;有色ETF;证券ETF;军工ETF
2025-07-25,926227.9143114779,0.0,926227.9143114779,0.0,False,liquidate,-0.18074150336611522,9,沪深300;创业板;纳指;黄金;国债ETF;有色ETF;创新药ETF;证券ETF;军工ETF,沪深300;创业板;纳指;黄金;国债ETF,有色ETF;创新药ETF;证券ETF;军工ETF
2025-07-28,926301.4244634075,0.0,926301.4244634075,0.0,False,liquidate,-0.18067648285050927,8,沪深300;创业板;纳指;国债ETF;创新药ETF;有色ETF;证券ETF;军工ETF,沪深300;创业板;纳指;国债ETF,创新药ETF;有色ETF;证券ETF;军工ETF
2025-07-29,926374.940449476,0.0,926374.940449476,0.0,False,liquidate,-0.18061145717454502,7,沪深300;创业板;纳指;创新药ETF;有色ETF;证券ETF;军工ETF,沪深300;创业板;纳指,创新药ETF;有色ETF;证券ETF;军工ETF
2025-07-30,926448.4622701467,0.0,926448.4622701467,0.0,False,liquidate,-0.18054642633781276,7,沪深300;创业板;纳指;创新药ETF;有色ETF;证券ETF;军工ETF,沪深300;创业板;纳指,创新药ETF;有色ETF;证券ETF;军工ETF
2025-07-31,926521.9899258824,0.0,926521.9899258824,0.0,False,liquidate,-0.18048139033990307,7,沪深300;创业板;纳指;创新药ETF;有色ETF;证券ETF;军工ETF,沪深300;创业板;纳指,创新药ETF;有色ETF;证券ETF;军工ETF
2025-08-01,926595.5234171464,0.0,926595.5234171464,0.0,False,liquidate,-0.18041634918040622,7,沪深300;创业板;纳指;创新药ETF;有色ETF;证券ETF;军工ETF,沪深300;创业板;纳指,创新药ETF;有色ETF;证券ETF;军工ETF
2025-08-04,926669.0627444017,0.0,926669.0627444017,0.0,False,liquidate,-0.1803513028589126,8,沪深300;创业板;纳指;黄金;创新药ETF;有色ETF;军工ETF;证券ETF,沪深300;创业板;纳指;黄金,创新药ETF;有色ETF;军工ETF;证券ETF
2025-08-05,926742.6079081116,0.0,926742.6079081116,0.0,False,liquidate,-0.18028625137501247,8,沪深300;创业板;纳指;黄金;创新药ETF;有色ETF;军工ETF;证券ETF,沪深300;创业板;纳指;黄金,创新药ETF;有色ETF;军工ETF;证券ETF
2025-08-06,926816.1589087393,0.0,926816.1589087393,0.0,False,liquidate,-0.18022119472829615,7,沪深300;创业板;纳指;创新药ETF;军工ETF;有色ETF;半导体ETF,沪深300;创业板;纳指,创新药ETF;军工ETF;有色ETF;半导体ETF
2025-08-07,926889.715746748,0.0,926889.715746748,0.0,False,liquidate,-0.1801561329183539,8,沪深300;创业板;纳指;国债ETF;创新药ETF;有色ETF;军工ETF;半导体ETF,沪深300;创业板;纳指;国债ETF,创新药ETF;有色ETF;军工ETF;半导体ETF
2025-08-08,926963.2784226009,0.0,926963.2784226009,0.0,False,liquidate,-0.180091065944776,8,沪深300;创业板;纳指;国债ETF;有色ETF;军工ETF;创新药ETF;证券ETF,沪深300;创业板;纳指;国债ETF,有色ETF;军工ETF;创新药ETF;证券ETF
2025-08-11,927036.8469367615,0.0,927036.8469367615,0.0,False,liquidate,-0.1800259938071525,7,沪深300;创业板;纳指;有色ETF;军工ETF;创新药ETF;证券ETF,沪深300;创业板;纳指,有色ETF;军工ETF;创新药ETF;证券ETF
2025-08-12,927110.4212896931,642549.1664613467,284561.2548283464,0.5,False,halve,-0.17996091650507365,7,沪深300;创业板;纳指;有色ETF;军工ETF;创新药ETF;半导体ETF,沪深300;创业板;纳指,有色ETF;军工ETF;创新药ETF;半导体ETF
2025-08-13,939047.9027741188,580950.6058492712,358097.29692484764,0.5,False,halve,-0.16940208645534938,7,沪深300;创业板;纳指;有色ETF;军工ETF;创新药ETF;证券ETF,沪深300;创业板;纳指,有色ETF;军工ETF;创新药ETF;证券ETF
2025-08-14,934664.750419643,618120.2823873028,316544.46803234017,0.5,False,halve,-0.173279031592675,7,沪深300;创业板;纳指;有色ETF;半导体ETF;创新药ETF;军工ETF,沪深300;创业板;纳指,有色ETF;半导体ETF;创新药ETF;军工ETF
2025-08-15,944136.7703900464,578224.256526798,365912.5138632484,0.5,False,halve,-0.1649009286213266,7,沪深300;创业板;纳指;有色ETF;证券ETF;半导体ETF;创新药ETF,沪深300;创业板;纳指,有色ETF;证券ETF;半导体ETF;创新药ETF
2025-08-18,951038.517670779,592641.8757622243,358396.6419085547,0.5,False,halve,-0.15879625933421793,8,沪深300;创业板;纳指;黄金;证券ETF;半导体ETF;有色ETF;创新药ETF,沪深300;创业板;纳指;黄金,证券ETF;半导体ETF;有色ETF;创新药ETF
2025-08-19,942774.0562622298,527413.0150427265,415361.04121950327,0.5,False,halve,-0.16610626384222274,7,沪深300;创业板;纳指;有色ETF;半导体ETF;证券ETF;军工ETF,沪深300;创业板;纳指,有色ETF;半导体ETF;证券ETF;军工ETF
2025-08-20,951262.541849635,532062.3540143153,419200.18783531967,0.5,False,halve,-0.1585981075519802,7,沪深300;创业板;纳指;半导体ETF;有色ETF;军工ETF;证券ETF,沪深300;创业板;纳指,半导体ETF;有色ETF;军工ETF;证券ETF
2025-08-21,948167.1554683251,532579.9228902321,415587.23257809307,0.5,False,halve,-0.16133600991280247,8,沪深300;创业板;纳指;黄金;半导体ETF;有色ETF;证券ETF;军工ETF,沪深300;创业板;纳指;黄金,半导体ETF;有色ETF;证券ETF;军工ETF
2025-08-22,969902.1862832179,445016.71750965563,524885.4687735622,0.5,False,halve,-0.1421111426910702,8,沪深300;创业板;纳指;黄金;半导体ETF;有色ETF;证券ETF;军工ETF,沪深300;创业板;纳指;黄金,半导体ETF;有色ETF;证券ETF;军工ETF
2025-08-25,981238.3899984322,440827.34750106774,540411.0424973646,0.5,False,halve,-0.13208414925915038,8,沪深300;创业板;纳指;黄金;半导体ETF;有色ETF;证券ETF;军工ETF,沪深300;创业板;纳指;黄金,半导体ETF;有色ETF;证券ETF;军工ETF
2025-08-26,976443.8943479705,430546.5394906617,545897.3548573088,0.5,False,halve,-0.13632493194127765,8,沪深300;创业板;纳指;黄金;半导体ETF;有色ETF;证券ETF;军工ETF,沪深300;创业板;纳指;黄金,半导体ETF;有色ETF;证券ETF;军工ETF
2025-08-27,971490.4237250248,421993.39940346935,549497.0243215554,0.5,False,halve,-0.14070632968687605,8,沪深300;创业板;纳指;黄金;半导体ETF;有色ETF;证券ETF;军工ETF,沪深300;创业板;纳指;黄金,半导体ETF;有色ETF;证券ETF;军工ETF
2025-08-28,985406.0394915736,402078.01817290555,583328.021318668,0.5,False,halve,-0.1283978187075754,8,沪深300;创业板;纳指;黄金;半导体ETF;有色ETF;证券ETF;军工ETF,沪深300;创业板;纳指;黄金,半导体ETF;有色ETF;证券ETF;军工ETF
2025-08-29,986972.3382296435,414804.9466034649,572167.3916261786,0.5,False,halve,-0.12701241072148095,8,沪深300;创业板;纳指;黄金;半导体ETF;有色ETF;证券ETF;军工ETF,沪深300;创业板;纳指;黄金,半导体ETF;有色ETF;证券ETF;军工ETF
2025-09-01,990616.3808705815,429226.6006433974,561389.7802271841,0.5,False,halve,-0.1237892160308914,8,沪深300;创业板;纳指;黄金;半导体ETF;有色ETF;军工ETF;证券ETF,沪深300;创业板;纳指;黄金,半导体ETF;有色ETF;军工ETF;证券ETF
2025-09-02,981270.4620855441,414861.46497918206,566408.9971063621,0.5,False,halve,-0.13205578115507446,8,沪深300;创业板;纳指;黄金;半导体ETF;有色ETF;创新药ETF;证券ETF,沪深300;创业板;纳指;黄金,半导体ETF;有色ETF;创新药ETF;证券ETF
2025-09-03,975946.1694368259,406262.3105899595,569683.8588468664,0.5,False,halve,-0.1367651749485775,8,沪深300;创业板;纳指;黄金;半导体ETF;有色ETF;创新药ETF;证券ETF,沪深300;创业板;纳指;黄金,半导体ETF;有色ETF;创新药ETF;证券ETF
2025-09-04,959816.4137824058,331367.311292925,628449.1024894807,0.5,False,halve,-0.15103211633992528,8,沪深300;创业板;纳指;黄金;有色ETF;半导体ETF;创新药ETF;证券ETF,沪深300;创业板;纳指;黄金,有色ETF;半导体ETF;创新药ETF;证券ETF
2025-09-05,970506.4324382624,321238.663106973,649267.7693312895,0.5,False,halve,-0.1415766805042481,8,沪深300;创业板;纳指;黄金;有色ETF;半导体ETF;创新药ETF;证券ETF,沪深300;创业板;纳指;黄金,有色ETF;半导体ETF;创新药ETF;证券ETF
2025-09-08,970545.8658217705,352873.9519107033,617671.9139110672,0.5,False,halve,-0.14154180125477733,8,沪深300;创业板;纳指;黄金;有色ETF;半导体ETF;创新药ETF;酒ETF,沪深300;创业板;纳指;黄金,有色ETF;半导体ETF;创新药ETF;酒ETF
2025-09-09,967244.1289466713,355952.7070483205,611291.4218983508,0.5,False,halve,-0.144462222834368,8,沪深300;创业板;纳指;黄金;有色ETF;半导体ETF;创新药ETF;酒ETF,沪深300;创业板;纳指;黄金,有色ETF;半导体ETF;创新药ETF;酒ETF
2025-09-10,967264.0828070616,366681.22148357885,600582.8613234828,0.5,False,halve,-0.14444457343143718,8,沪深300;创业板;纳指;黄金;有色ETF;半导体ETF;创新药ETF;酒ETF,沪深300;创业板;纳指;黄金,有色ETF;半导体ETF;创新药ETF;酒ETF
2025-09-11,974484.1710390016,370987.2114644219,603496.9595745797,0.5,False,halve,-0.13805832816818556,8,沪深300;创业板;纳指;黄金;有色ETF;半导体ETF;创新药ETF;酒ETF,沪深300;创业板;纳指;黄金,有色ETF;半导体ETF;创新药ETF;酒ETF
2025-09-12,978108.9092504593,382863.1580842254,595245.7511662339,0.5,False,halve,-0.13485220845194082,8,沪深300;创业板;纳指;黄金;有色ETF;半导体ETF;创新药ETF;酒ETF,沪深300;创业板;纳指;黄金,有色ETF;半导体ETF;创新药ETF;酒ETF
2025-09-15,976753.9502748647,391334.15472465684,585419.7955502078,0.5,False,halve,-0.13605068415775173,8,沪深300;创业板;纳指;黄金;半导体ETF;有色ETF;创新药ETF;酒ETF,沪深300;创业板;纳指;黄金,半导体ETF;有色ETF;创新药ETF;酒ETF
2025-09-16,976053.6555993209,401639.7670523376,574413.8885469832,0.5,False,halve,-0.1366701022882377,9,沪深300;创业板;纳指;黄金;国债ETF;半导体ETF;有色ETF;创新药ETF;酒ETF,沪深300;创业板;纳指;黄金;国债ETF,半导体ETF;有色ETF;创新药ETF;酒ETF
2025-09-17,977109.7348108726,414639.3067617353,562470.4280491374,0.5,False,halve,-0.13573598893037664,9,沪深300;创业板;纳指;黄金;国债ETF;半导体ETF;有色ETF;创新药ETF;酒ETF,沪深300;创业板;纳指;黄金;国债ETF,半导体ETF;有色ETF;创新药ETF;酒ETF
2025-09-18,973357.6404179755,416648.22967857216,556709.4107394033,0.5,False,halve,-0.13905475655123628,9,沪深300;创业板;纳指;黄金;国债ETF;半导体ETF;有色ETF;创新药ETF;酒ETF,沪深300;创业板;纳指;黄金;国债ETF,半导体ETF;有色ETF;创新药ETF;酒ETF
2025-09-19,971703.6470218049,426164.84586484235,545538.8011569625,0.5,False,halve,-0.14051773140035467,9,沪深300;创业板;纳指;黄金;国债ETF;半导体ETF;有色ETF;创新药ETF;酒ETF,沪深300;创业板;纳指;黄金;国债ETF,半导体ETF;有色ETF;创新药ETF;酒ETF
2025-09-22,975223.4736930765,439161.02485125297,536062.4488418235,0.5,False,halve,-0.13740440706348084,9,沪深300;创业板;纳指;黄金;国债ETF;半导体ETF;有色ETF;创新药ETF;酒ETF,沪深300;创业板;纳指;黄金;国债ETF,半导体ETF;有色ETF;创新药ETF;酒ETF
2025-09-23,971786.6541786636,443667.7244140893,528118.9297645744,0.5,False,halve,-0.14044431068231417,8,沪深300;创业板;纳指;黄金;半导体ETF;有色ETF;创新药ETF;酒ETF,沪深300;创业板;纳指;黄金,半导体ETF;有色ETF;创新药ETF;酒ETF
2025-09-24,981065.9524899303,439179.3831947676,541886.5692951628,0.5,False,halve,-0.13223667207971726,8,沪深300;创业板;纳指;黄金;半导体ETF;有色ETF;创新药ETF;酒ETF,沪深300;创业板;纳指;黄金,半导体ETF;有色ETF;创新药ETF;酒ETF
2025-09-25,983501.2407584963,453762.36228644184,529738.8784720545,0.5,False,halve,-0.13008263355966398,8,沪深300;创业板;纳指;黄金;半导体ETF;有色ETF;创新药ETF;酒ETF,沪深300;创业板;纳指;黄金,半导体ETF;有色ETF;创新药ETF;酒ETF
2025-09-26,978203.1349901021,449169.4830499828,529033.6519401193,0.5,False,halve,-0.1347688647774399,8,沪深300;创业板;纳指;黄金;半导体ETF;有色ETF;创新药ETF;酒ETF,沪深300;创业板;纳指;黄金,半导体ETF;有色ETF;创新药ETF;酒ETF
2025-09-29,986395.2380894915,393768.7434102775,592626.494679214,0.5,False,halve,-0.12752286196779178,8,沪深300;创业板;纳指;黄金;半导体ETF;有色ETF;证券ETF;创新药ETF,沪深300;创业板;纳指;黄金,半导体ETF;有色ETF;证券ETF;创新药ETF
2025-09-30,993194.1818689823,398706.54065046436,594487.6412185179,0.5,False,halve,-0.12150912347706133,8,沪深300;创业板;纳指;黄金;半导体ETF;有色ETF;军工ETF;证券ETF,沪深300;创业板;纳指;黄金,半导体ETF;有色ETF;军工ETF;证券ETF
2025-10-09,1006217.2596607194,768632.7171271712,237584.5425335482,0.7077581384857222,False,warning,-0.10999007188257788,8,沪深300;创业板;纳指;黄金;半导体ETF;有色ETF;军工ETF;创新药ETF,沪深300;创业板;纳指;黄金,半导体ETF;有色ETF;军工ETF;创新药ETF
2025-10-10,980698.1592230559,346075.9993728122,634622.1598502437,0.5,False,halve,-0.13256198915798256,8,沪深300;创业板;纳指;黄金;半导体ETF;有色ETF;军工ETF;证券ETF,沪深300;创业板;纳指;黄金,半导体ETF;有色ETF;军工ETF;证券ETF
2025-10-13,986001.5445279216,355218.33631479484,630783.2082131268,0.5,False,halve,-0.1278710881337306,8,沪深300;创业板;纳指;黄金;半导体ETF;有色ETF;军工ETF;证券ETF,沪深300;创业板;纳指;黄金,半导体ETF;有色ETF;军工ETF;证券ETF
2025-10-14,976022.1951626008,327608.32476530765,648413.8703972932,0.5,False,halve,-0.13669792938100014,8,沪深300;创业板;纳指;黄金;半导体ETF;有色ETF;军工ETF;证券ETF,沪深300;创业板;纳指;黄金,半导体ETF;有色ETF;军工ETF;证券ETF
2025-10-15,978974.132830148,337960.6644379212,641013.4683922268,0.5,False,halve,-0.13408690894174966,8,沪深300;创业板;纳指;黄金;有色ETF;半导体ETF;军工ETF;证券ETF,沪深300;创业板;纳指;黄金,有色ETF;半导体ETF;军工ETF;证券ETF
2025-10-16,975409.0905127272,341223.4886099818,634185.6019027454,0.5,False,halve,-0.13724022700124422,8,沪深300;创业板;纳指;黄金;有色ETF;半导体ETF;军工ETF;证券ETF,沪深300;创业板;纳指;黄金,有色ETF;半导体ETF;军工ETF;证券ETF
2025-10-17,965667.6419452261,320013.57233399514,645654.069611231,0.5,False,halve,-0.14585664244838586,8,沪深300;创业板;纳指;黄金;有色ETF;半导体ETF;证券ETF;军工ETF,沪深300;创业板;纳指;黄金,有色ETF;半导体ETF;证券ETF;军工ETF
2025-10-20,965513.604175265,329971.70319918345,635541.9009760815,0.5,False,halve,-0.14599289050342,8,沪深300;创业板;纳指;黄金;有色ETF;半导体ETF;军工ETF;证券ETF,沪深300;创业板;纳指;黄金,有色ETF;半导体ETF;军工ETF;证券ETF
2025-10-21,971021.4766872162,334927.7437070331,636093.7329801831,0.5,False,halve,-0.14112111835741786,8,沪深300;创业板;纳指;黄金;有色ETF;半导体ETF;军工ETF;证券ETF,沪深300;创业板;纳指;黄金,有色ETF;半导体ETF;军工ETF;证券ETF
2025-10-22,967843.9268547292,340522.90192068584,627321.0249340434,0.5,False,halve,-0.14393169516958154,8,沪深300;创业板;纳指;黄金;有色ETF;半导体ETF;军工ETF;证券ETF,沪深300;创业板;纳指;黄金,有色ETF;半导体ETF;军工ETF;证券ETF
2025-10-23,968647.2281917544,351452.3159836773,617194.9122080771,0.5,False,halve,-0.14322116654531253,8,沪深300;创业板;纳指;黄金;有色ETF;半导体ETF;证券ETF;军工ETF,沪深300;创业板;纳指;黄金,有色ETF;半导体ETF;证券ETF;军工ETF
2025-10-24,977713.7882559849,346058.4441739926,631655.3440819923,0.5,False,halve,-0.1352016971975507,8,沪深300;创业板;纳指;黄金;有色ETF;半导体ETF;证券ETF;军工ETF,沪深300;创业板;纳指;黄金,有色ETF;半导体ETF;证券ETF;军工ETF
2025-10-27,983980.4170548785,351376.92566654424,632603.4913883343,0.5,False,halve,-0.12965879700050725,8,沪深300;创业板;纳指;黄金;有色ETF;半导体ETF;证券ETF;军工ETF,沪深300;创业板;纳指;黄金,有色ETF;半导体ETF;证券ETF;军工ETF
2025-10-28,980923.625375106,356154.49577609927,624769.1295990067,0.5,False,halve,-0.13236256193503207,8,沪深300;创业板;纳指;黄金;有色ETF;半导体ETF;证券ETF;军工ETF,沪深300;创业板;纳指;黄金,有色ETF;半导体ETF;证券ETF;军工ETF
2025-10-29,987798.7024007799,360496.1302933292,627302.5721074508,0.5,False,halve,-0.1262814827737732,8,沪深300;创业板;纳指;黄金;有色ETF;半导体ETF;证券ETF;军工ETF,沪深300;创业板;纳指;黄金,有色ETF;半导体ETF;证券ETF;军工ETF
2025-10-30,983357.775333904,360799.4806400285,622558.2946938755,0.5,False,halve,-0.13020953026214338,8,沪深300;创业板;纳指;黄金;有色ETF;半导体ETF;证券ETF;军工ETF,沪深300;创业板;纳指;黄金,有色ETF;半导体ETF;证券ETF;军工ETF
2025-10-31,976085.5384872933,431622.9012484143,544462.637238879,0.5,False,halve,-0.13664190153282424,8,沪深300;创业板;纳指;黄金;有色ETF;半导体ETF;证券ETF;酒ETF,沪深300;创业板;纳指;黄金,有色ETF;半导体ETF;证券ETF;酒ETF
2025-11-03,973194.1647635396,429860.4806791156,543333.684084424,0.5,False,halve,-0.13919935251603074,8,沪深300;创业板;纳指;黄金;有色ETF;半导体ETF;军工ETF;酒ETF,沪深300;创业板;纳指;黄金,有色ETF;半导体ETF;军工ETF;酒ETF
2025-11-04,966015.566604364,434731.6596402881,531283.9069640759,0.5,False,halve,-0.14554889936616727,8,沪深300;创业板;纳指;黄金;有色ETF;证券ETF;酒ETF;半导体ETF,沪深300;创业板;纳指;黄金,有色ETF;证券ETF;酒ETF;半导体ETF
2025-11-05,964969.4636359158,447552.61857497715,517416.8450609386,0.5,False,halve,-0.14647418863030287,8,沪深300;创业板;纳指;黄金;有色ETF;酒ETF;证券ETF;半导体ETF,沪深300;创业板;纳指;黄金,有色ETF;酒ETF;证券ETF;半导体ETF
2025-11-06,974476.4168943982,435423.07096754224,539053.3459268559,0.5,False,halve,-0.13806518679202132,8,沪深300;创业板;纳指;黄金;有色ETF;半导体ETF;酒ETF;证券ETF,沪深300;创业板;纳指;黄金,有色ETF;半导体ETF;酒ETF;证券ETF
2025-11-07,972508.2455319616,446133.24078404054,526375.004747921,0.5,False,halve,-0.1398060554125771,8,沪深300;创业板;纳指;黄金;有色ETF;酒ETF;证券ETF;半导体ETF,沪深300;创业板;纳指;黄金,有色ETF;酒ETF;证券ETF;半导体ETF
2025-11-10,978904.2664771911,450463.94141225156,528440.3250649396,0.5,False,halve,-0.13414870647819216,8,沪深300;创业板;纳指;黄金;有色ETF;半导体ETF;酒ETF;证券ETF,沪深300;创业板;纳指;黄金,有色ETF;半导体ETF;酒ETF;证券ETF
2025-11-11,974010.9631761496,451328.35339494597,522682.6097812037,0.5,False,halve,-0.13847688558404964,8,沪深300;创业板;纳指;黄金;有色ETF;酒ETF;半导体ETF;证券ETF,沪深300;创业板;纳指;黄金,有色ETF;酒ETF;半导体ETF;证券ETF
2025-11-12,972930.8610804159,486465.43054020795,486465.43054020795,0.5,False,halve,-0.1394322474399053,8,沪深300;创业板;纳指;黄金;有色ETF;酒ETF;半导体ETF;证券ETF,沪深300;创业板;纳指;黄金,有色ETF;酒ETF;半导体ETF;证券ETF
2025-11-13,981908.1637823588,449039.5275589908,532868.6362233679,0.5,False,halve,-0.1314917271837346,8,沪深300;创业板;纳指;黄金;有色ETF;半导体ETF;酒ETF;创新药ETF,沪深300;创业板;纳指;黄金,有色ETF;半导体ETF;酒ETF;创新药ETF
2025-11-14,974021.3530882009,434304.88647182926,539716.4666163716,0.5,False,halve,-0.13846769559571548,8,沪深300;创业板;纳指;黄金;有色ETF;半导体ETF;酒ETF;创新药ETF,沪深300;创业板;纳指;黄金,有色ETF;半导体ETF;酒ETF;创新药ETF
2025-11-17,971250.1845900541,485625.09229502705,485625.09229502705,0.5,False,halve,-0.14091882377122356,8,沪深300;创业板;纳指;黄金;有色ETF;酒ETF;半导体ETF;军工ETF,沪深300;创业板;纳指;黄金,有色ETF;酒ETF;半导体ETF;军工ETF
2025-11-18,966863.7989980022,483431.8994990011,483431.8994990011,0.5,False,halve,-0.14479862874176616,7,沪深300;纳指;黄金;有色ETF;酒ETF;半导体ETF;军工ETF,沪深300;纳指;黄金,有色ETF;酒ETF;半导体ETF;军工ETF
2025-11-19,969206.4723611581,484603.23618057906,484603.23618057906,0.5,False,halve,-0.1427265090961063,7,沪深300;纳指;黄金;有色ETF;半导体ETF;酒ETF;军工ETF,沪深300;纳指;黄金,有色ETF;半导体ETF;酒ETF;军工ETF
2025-11-20,965298.2872698335,552790.1554956918,412508.1317741417,0.5,False,halve,-0.14618334060918553,7,沪深300;纳指;黄金;有色ETF;酒ETF;证券ETF;创新药ETF,沪深300;纳指;黄金,有色ETF;酒ETF;证券ETF;创新药ETF
2025-11-21,948709.5984606203,474354.79923031013,474354.79923031013,0.4924455400327922,False,halve,-0.1608562132844449,6,纳指;黄金;有色ETF;酒ETF;创新药ETF;军工ETF,纳指;黄金,有色ETF;酒ETF;创新药ETF;军工ETF
2025-11-24,953513.1556499987,476756.57782499935,476756.57782499935,0.5,False,halve,-0.15660741557422858,6,纳指;黄金;有色ETF;酒ETF;军工ETF;创新药ETF,纳指;黄金,有色ETF;酒ETF;军工ETF;创新药ETF
2025-11-25,956460.2879737086,478230.1439868543,478230.1439868543,0.5,False,halve,-0.15400064551299747,7,纳指;黄金;国债ETF;有色ETF;酒ETF;创新药ETF;军工ETF,纳指;黄金;国债ETF,有色ETF;酒ETF;创新药ETF;军工ETF
2025-11-26,955642.4777101359,523292.2304729726,432350.24723716325,0.5,False,halve,-0.15472400743797723,7,纳指;黄金;国债ETF;有色ETF;酒ETF;创新药ETF;军工ETF,纳指;黄金;国债ETF,有色ETF;酒ETF;创新药ETF;军工ETF
2025-11-27,954795.21367921,539195.7897916557,415599.4238875543,0.5,False,halve,-0.15547342153520216,7,纳指;黄金;国债ETF;有色ETF;酒ETF;创新药ETF;军工ETF,纳指;黄金;国债ETF,有色ETF;酒ETF;创新药ETF;军工ETF
2025-11-28,958863.7825578554,479431.8912789277,479431.8912789277,0.5,False,halve,-0.15187472884686082,7,纳指;黄金;国债ETF;有色ETF;酒ETF;半导体ETF;军工ETF,纳指;黄金;国债ETF,有色ETF;酒ETF;半导体ETF;军工ETF
2025-12-01,965940.8542885445,482970.42714427225,482970.42714427225,0.5,False,halve,-0.1456149832085915,7,纳指;黄金;国债ETF;有色ETF;半导体ETF;酒ETF;军工ETF,纳指;黄金;国债ETF,有色ETF;半导体ETF;酒ETF;军工ETF
2025-12-02,961006.2108668967,480503.10543344833,480503.10543344833,0.5,False,halve,-0.14997972809327653,7,纳指;黄金;国债ETF;有色ETF;半导体ETF;酒ETF;军工ETF,纳指;黄金;国债ETF,有色ETF;半导体ETF;酒ETF;军工ETF
2025-12-03,958097.1950533186,479048.5975266593,479048.5975266593,0.5,False,halve,-0.15255278369362274,7,纳指;黄金;国债ETF;有色ETF;军工ETF;酒ETF;半导体ETF,纳指;黄金;国债ETF,有色ETF;军工ETF;酒ETF;半导体ETF
2025-12-04,959710.2712017477,435950.65326259035,523759.61793915735,0.5,False,halve,-0.15112600058776013,7,纳指;黄金;国债ETF;有色ETF;半导体ETF;军工ETF;创新药ETF,纳指;黄金;国债ETF,有色ETF;半导体ETF;军工ETF;创新药ETF
2025-12-05,965143.4430437654,430455.9809981657,534687.4620455997,0.5,False,halve,-0.14632030198327162,9,沪深300;创业板;纳指;黄金;国债ETF;有色ETF;军工ETF;半导体ETF;证券ETF,沪深300;创业板;纳指;黄金;国债ETF,有色ETF;军工ETF;半导体ETF;证券ETF
2025-12-08,971790.5251948017,433814.6529174237,537975.8722773781,0.5,False,halve,-0.14044088672713773,9,沪深300;创业板;纳指;黄金;国债ETF;有色ETF;半导体ETF;军工ETF;证券ETF,沪深300;创业板;纳指;黄金;国债ETF,有色ETF;半导体ETF;军工ETF;证券ETF
2025-12-09,966338.7578880138,431394.0082941052,534944.7495939087,0.5,False,halve,-0.14526303321910236,8,沪深300;创业板;纳指;国债ETF;有色ETF;半导体ETF;军工ETF;证券ETF,沪深300;创业板;纳指;国债ETF,有色ETF;半导体ETF;军工ETF;证券ETF
2025-12-10,968979.8974643346,444389.1559553917,524590.7415089429,0.5,False,halve,-0.14292691701566743,7,创业板;纳指;国债ETF;军工ETF;有色ETF;半导体ETF;证券ETF,创业板;纳指;国债ETF,军工ETF;有色ETF;半导体ETF;证券ETF
2025-12-11,964498.4630275266,447094.19264565385,517404.2703818728,0.5,False,halve,-0.14689079370598704,8,沪深300;创业板;纳指;国债ETF;有色ETF;军工ETF;半导体ETF;证券ETF,沪深300;创业板;纳指;国债ETF,有色ETF;军工ETF;半导体ETF;证券ETF
2025-12-12,969481.7665729919,484740.8832864959,484740.8832864959,0.5,False,halve,-0.14248300842134357,8,沪深300;创业板;纳指;国债ETF;有色ETF;半导体ETF;军工ETF;证券ETF,沪深300;创业板;纳指;国债ETF,有色ETF;半导体ETF;军工ETF;证券ETF
2025-12-15,967982.717769874,483991.358884937,483991.358884937,0.5,False,halve,-0.14380893312070447,7,创业板;纳指;国债ETF;有色ETF;军工ETF;半导体ETF;证券ETF,创业板;纳指;国债ETF,有色ETF;军工ETF;半导体ETF;证券ETF
2025-12-16,959891.1518157241,479945.57590786205,479945.57590786205,0.5,False,halve,-0.15096600975009825,7,创业板;黄金;国债ETF;军工ETF;有色ETF;半导体ETF;证券ETF,创业板;黄金;国债ETF,军工ETF;有色ETF;半导体ETF;证券ETF
2025-12-17,969246.0262808963,444953.991196602,524292.0350842943,0.5,False,halve,-0.1426915232310509,8,创业板;纳指;黄金;国债ETF;有色ETF;军工ETF;半导体ETF;证券ETF,创业板;纳指;黄金;国债ETF,有色ETF;军工ETF;半导体ETF;证券ETF
2025-12-18,968316.6206774937,484158.3103387469,484158.3103387469,0.5,False,halve,-0.14351359242767261,6,黄金;国债ETF;有色ETF;军工ETF;半导体ETF;证券ETF,黄金;国债ETF,有色ETF;军工ETF;半导体ETF;证券ETF
2025-12-19,972551.4811223742,486275.7405611871,486275.7405611871,0.5,False,halve,-0.13976781307043298,6,黄金;国债ETF;有色ETF;军工ETF;半导体ETF;证券ETF,黄金;国债ETF,有色ETF;军工ETF;半导体ETF;证券ETF
2025-12-22,979263.6636905948,489631.8318452974,489631.8318452974,0.5,False,halve,-0.13383081579902126,6,黄金;国债ETF;有色ETF;军工ETF;半导体ETF;证券ETF,黄金;国债ETF,有色ETF;军工ETF;半导体ETF;证券ETF
2025-12-23,979043.9736359138,489521.9868179569,489521.9868179569,0.5,False,halve,-0.13402513400207086,6,黄金;国债ETF;有色ETF;军工ETF;半导体ETF;证券ETF,黄金;国债ETF,有色ETF;军工ETF;半导体ETF;证券ETF
2025-12-24,986159.2121642083,493079.60608210415,493079.60608210415,0.5,False,halve,-0.1277316294231085,6,黄金;国债ETF;有色ETF;军工ETF;半导体ETF;证券ETF,黄金;国债ETF,有色ETF;军工ETF;半导体ETF;证券ETF
2025-12-25,988728.9702551384,494364.4851275692,494364.4851275692,0.5,False,halve,-0.12545865090695882,8,沪深300;创业板;黄金;国债ETF;有色ETF;军工ETF;证券ETF;半导体ETF,沪深300;创业板;黄金;国债ETF,有色ETF;军工ETF;证券ETF;半导体ETF
2025-12-26,995366.268566974,995366.268566974,0.0,0.6625210596199721,False,warning,-0.11958788956124057,7,沪深300;创业板;黄金;有色ETF;军工ETF;证券ETF;半导体ETF,沪深300;创业板;黄金,有色ETF;军工ETF;证券ETF;半导体ETF
2025-12-29,992038.1170749492,496019.0585374746,496019.0585374746,0.5,False,halve,-0.12253167515201807,7,沪深300;创业板;黄金;军工ETF;有色ETF;半导体ETF;证券ETF,沪深300;创业板;黄金,军工ETF;有色ETF;半导体ETF;证券ETF
2025-12-30,994288.7485366836,545518.7144968451,448770.0340398385,0.5,False,halve,-0.1205409675525952,8,沪深300;创业板;纳指;黄金;军工ETF;有色ETF;半导体ETF;证券ETF,沪深300;创业板;纳指;黄金,军工ETF;有色ETF;半导体ETF;证券ETF
2025-12-31,996389.0442694577,1127585.0237654224,-131195.9794959647,0.5494448945197798,False,warning,-0.11868323351334618,5,黄金;军工ETF;有色ETF;证券ETF;半导体ETF,黄金,军工ETF;有色ETF;证券ETF;半导体ETF
2026-01-05,1029553.9943744242,1029553.9943744242,0.0,0.6374850710907181,False,warning,-0.08934848043140058,8,沪深300;创业板;纳指;黄金;军工ETF;有色ETF;半导体ETF;证券ETF,沪深300;创业板;纳指;黄金,军工ETF;有色ETF;半导体ETF;证券ETF
2026-01-06,1064413.842614006,969238.0121718819,95175.83044212416,0.6129874172596106,False,normal,-0.058514571821687615,7,沪深300;创业板;黄金;军工ETF;有色ETF;半导体ETF;证券ETF,沪深300;创业板;黄金,军工ETF;有色ETF;半导体ETF;证券ETF
2026-01-07,1065815.597885227,1065815.597885227,0.0,0.6277933309140958,False,normal,-0.05727470429188762,7,沪深300;创业板;黄金;有色ETF;军工ETF;半导体ETF;证券ETF,沪深300;创业板;黄金,有色ETF;军工ETF;半导体ETF;证券ETF
2026-01-08,1066719.1545053993,1066719.1545053993,0.0,0.6369439327302324,False,normal,-0.056475498797399624,7,沪深300;创业板;黄金;军工ETF;有色ETF;半导体ETF;证券ETF,沪深300;创业板;黄金,军工ETF;有色ETF;半导体ETF;证券ETF
2026-01-09,1088532.7604392832,1088532.7604392832,0.0,0.651417360487083,False,normal,-0.0371811310425233,7,沪深300;创业板;黄金;军工ETF;有色ETF;半导体ETF;证券ETF,沪深300;创业板;黄金,军工ETF;有色ETF;半导体ETF;证券ETF
2026-01-12,1120072.5074435365,1024383.4282199988,95689.0792235377,0.6434783531395419,False,normal,-0.00928388748543884,7,沪深300;创业板;黄金;军工ETF;有色ETF;半导体ETF;证券ETF,沪深300;创业板;黄金,军工ETF;有色ETF;半导体ETF;证券ETF
2026-01-13,1093187.860830051,931689.8192542422,161498.04157580866,0.7134812149183498,False,normal,-0.033063644958490596,8,沪深300;创业板;纳指;黄金;军工ETF;有色ETF;半导体ETF;创新药ETF,沪深300;创业板;纳指;黄金,军工ETF;有色ETF;半导体ETF;创新药ETF
2026-01-14,1096044.0052680667,962171.3231172662,133872.68215080048,0.735468115472873,False,normal,-0.030537354655312432,8,沪深300;创业板;纳指;黄金;军工ETF;有色ETF;半导体ETF;创新药ETF,沪深300;创业板;纳指;黄金,军工ETF;有色ETF;半导体ETF;创新药ETF
2026-01-15,1096465.3453664081,987866.4303184199,108598.91504798818,0.7570401343093324,False,normal,-0.030164674831906983,8,沪深300;创业板;纳指;黄金;有色ETF;军工ETF;半导体ETF;创新药ETF,沪深300;创业板;纳指;黄金,有色ETF;军工ETF;半导体ETF;创新药ETF
2026-01-16,1097406.6721157427,1016168.3486243202,81238.32349142246,0.7000286987397164,False,normal,-0.029332061254206315,7,沪深300;创业板;黄金;有色ETF;军工ETF;半导体ETF;创新药ETF,沪深300;创业板;黄金,有色ETF;军工ETF;半导体ETF;创新药ETF
2026-01-19,1099704.1894562175,1099704.1894562175,0.0,0.7783037210540578,False,normal,-0.027299882593571977,8,沪深300;创业板;纳指;黄金;有色ETF;军工ETF;半导体ETF;创新药ETF,沪深300;创业板;纳指;黄金,有色ETF;军工ETF;半导体ETF;创新药ETF
2026-01-20,1086356.5541885854,1086356.5541885854,0.0,0.7921056985648792,False,normal,-0.03910600874677311,8,沪深300;创业板;纳指;黄金;有色ETF;军工ETF;半导体ETF;创新药ETF,沪深300;创业板;纳指;黄金,有色ETF;军工ETF;半导体ETF;创新药ETF
2026-01-21,1105638.6886483766,1105638.6886483766,0.0,0.7100782557110935,False,normal,-0.022050754585961178,7,沪深300;创业板;黄金;有色ETF;军工ETF;半导体ETF;创新药ETF,沪深300;创业板;黄金,有色ETF;军工ETF;半导体ETF;创新药ETF
2026-01-22,1107396.2519915353,1107396.2519915353,0.0,0.7323747863394641,False,normal,-0.02049617101100449,7,沪深300;创业板;黄金;有色ETF;军工ETF;半导体ETF;创新药ETF,沪深300;创业板;黄金,有色ETF;军工ETF;半导体ETF;创新药ETF
2026-01-23,1126234.0372410621,1126234.0372410621,0.0,0.7386802847965874,False,normal,-0.003833948479186669,7,沪深300;创业板;黄金;有色ETF;军工ETF;半导体ETF;创新药ETF,沪深300;创业板;黄金,有色ETF;军工ETF;半导体ETF;创新药ETF
2026-01-26,1123544.251671646,1123544.251671646,0.0,0.7554460553833363,False,normal,-0.0062130925838053104,7,沪深300;创业板;黄金;有色ETF;军工ETF;半导体ETF;创新药ETF,沪深300;创业板;黄金,有色ETF;军工ETF;半导体ETF;创新药ETF
2026-01-27,1128053.2303990172,1128053.2303990172,0.0,0.7791700041147959,False,normal,-0.00222485267388391,7,沪深300;创业板;黄金;有色ETF;半导体ETF;军工ETF;创新药ETF,沪深300;创业板;黄金,有色ETF;半导体ETF;军工ETF;创新药ETF
2026-01-28,1142879.178031132,1142879.178031132,0.0,0.7867709722041084,False,normal,0.0,7,沪深300;创业板;黄金;有色ETF;半导体ETF;军工ETF;创新药ETF,沪深300;创业板;黄金,有色ETF;半导体ETF;军工ETF;创新药ETF
2026-01-29,1132348.4063175323,1256298.3079319878,-123949.9016144555,0.7246160161870123,False,normal,-0.009214247591544569,7,沪深300;创业板;黄金;有色ETF;半导体ETF;军工ETF;酒ETF,沪深300;创业板;黄金,有色ETF;半导体ETF;军工ETF;酒ETF
2026-01-30,1083820.0194947901,883053.7062935551,200766.31320123503,0.7636630933518043,False,normal,-0.051675767370339826,8,沪深300;创业板;黄金;国债ETF;有色ETF;半导体ETF;军工ETF;酒ETF,沪深300;创业板;黄金;国债ETF,有色ETF;半导体ETF;军工ETF;酒ETF
2026-02-02,1049045.8145341077,723790.0260058782,325255.78852822946,0.299931950087783,False,warning,-0.08210261005776096,6,创业板;黄金;有色ETF;半导体ETF;军工ETF;酒ETF,创业板;黄金,有色ETF;半导体ETF;军工ETF;酒ETF
2026-02-03,1072821.1448388794,701848.9098790594,370972.23495981994,0.42882443415331506,False,normal,-0.06129959713934377,7,创业板;黄金;国债ETF;有色ETF;军工ETF;半导体ETF;酒ETF,创业板;黄金;国债ETF,有色ETF;军工ETF;半导体ETF;酒ETF
2026-02-04,1073268.964958995,724073.0045950726,349195.9603639225,0.29016920686488545,False,normal,-0.06090776208912679,6,创业板;黄金;有色ETF;军工ETF;半导体ETF;酒ETF,创业板;黄金,有色ETF;军工ETF;半导体ETF;酒ETF
2026-02-05,1061275.5081789414,716911.5668241878,344363.9413547537,0.2856639433434981,False,normal,-0.07140183443780246,6,创业板;黄金;有色ETF;半导体ETF;酒ETF;军工ETF,创业板;黄金,有色ETF;半导体ETF;酒ETF;军工ETF
2026-02-06,1053810.020066098,726255.3420259965,327554.67804010154,0.2927435306178714,False,normal,-0.07793401059110709,6,创业板;黄金;有色ETF;半导体ETF;酒ETF;军工ETF,创业板;黄金,有色ETF;半导体ETF;酒ETF;军工ETF
2026-02-09,1066865.214851896,738048.6579003087,328816.5569515873,0.47430720468457427,False,normal,-0.06651093539930204,8,沪深300;创业板;黄金;国债ETF;有色ETF;半导体ETF;军工ETF;酒ETF,沪深300;创业板;黄金;国债ETF,有色ETF;半导体ETF;军工ETF;酒ETF
2026-02-10,1064842.468703038,758720.6514931114,306121.81720992667,0.48860255329856717,False,normal,-0.06828080415510755,8,沪深300;创业板;黄金;国债ETF;有色ETF;半导体ETF;军工ETF;酒ETF,沪深300;创业板;黄金;国债ETF,有色ETF;半导体ETF;军工ETF;酒ETF
2026-02-11,1066514.8293411839,783691.0980438623,282823.7312973216,0.5035326495137666,False,normal,-0.0668175168100473,8,沪深300;创业板;黄金;国债ETF;有色ETF;军工ETF;半导体ETF;酒ETF,沪深300;创业板;黄金;国债ETF,有色ETF;军工ETF;半导体ETF;酒ETF
2026-02-12,1071173.348298254,809936.8673902148,261236.48090803914,0.5189090359711297,False,normal,-0.06274139131347868,8,沪深300;创业板;黄金;国债ETF;有色ETF;军工ETF;半导体ETF;酒ETF,沪深300;创业板;黄金;国债ETF,有色ETF;军工ETF;半导体ETF;酒ETF
2026-02-13,1065292.2389600843,824078.7418228106,241213.49713727366,0.5217783723786702,False,normal,-0.06788726276797594,8,沪深300;创业板;黄金;国债ETF;有色ETF;军工ETF;半导体ETF;酒ETF,沪深300;创业板;黄金;国债ETF,有色ETF;军工ETF;半导体ETF;酒ETF
2026-02-24,1072542.6200686386,824675.6618869663,247866.95818167226,0.519924375580535,False,normal,-0.061543301614492736,8,沪深300;创业板;黄金;国债ETF;有色ETF;军工ETF;半导体ETF;证券ETF,沪深300;创业板;黄金;国债ETF,有色ETF;军工ETF;半导体ETF;证券ETF
2026-02-25,1086901.853864638,862838.864910972,224062.98895366595,0.534109180508041,False,normal,-0.0489792142883623,8,沪深300;创业板;黄金;国债ETF;有色ETF;军工ETF;半导体ETF;酒ETF,沪深300;创业板;黄金;国债ETF,有色ETF;军工ETF;半导体ETF;酒ETF
2026-02-26,1089193.0242468219,891811.339975542,197381.68427127984,0.3325141444115408,False,normal,-0.0469744788568086,6,创业板;黄金;有色ETF;军工ETF;半导体ETF;酒ETF,创业板;黄金,有色ETF;军工ETF;半导体ETF;酒ETF
2026-02-27,1095262.9371086848,922656.7613426734,172606.17576601135,0.34178215118293587,False,normal,-0.04166340750426221,6,创业板;黄金;有色ETF;军工ETF;半导体ETF;酒ETF,创业板;黄金,有色ETF;军工ETF;半导体ETF;酒ETF
2026-03-02,1100862.1903033718,955140.8130638351,145721.3772395366,0.3437717367275124,False,normal,-0.0367641554202992,6,创业板;黄金;军工ETF;有色ETF;半导体ETF;酒ETF,创业板;黄金,军工ETF;有色ETF;半导体ETF;酒ETF
2026-03-03,1057169.5253257202,821863.7454951949,235305.77983052528,0.41901670928267387,False,normal,-0.07499450016498346,6,黄金;国债ETF;有色ETF;军工ETF;酒ETF;证券ETF,黄金;国债ETF,有色ETF;军工ETF;酒ETF;证券ETF
2026-03-04,1047814.9935729135,828172.0102864811,219642.98328643234,0.420906416913713,False,warning,-0.08317955763441959,6,黄金;国债ETF;军工ETF;有色ETF;酒ETF;证券ETF,黄金;国债ETF,军工ETF;有色ETF;酒ETF;证券ETF
2026-03-05,1048460.0635444783,736043.8650258252,312416.19851865305,0.4338337243836339,False,warning,-0.08261513229185967,6,黄金;国债ETF;军工ETF;有色ETF;半导体ETF;证券ETF,黄金;国债ETF,军工ETF;有色ETF;半导体ETF;证券ETF
2026-03-06,1048903.3286419248,759455.9389722002,289447.3896697246,0.5358168241654698,False,warning,-0.08222728280963346,7,创业板;黄金;国债ETF;军工ETF;有色ETF;半导体ETF;证券ETF,创业板;黄金;国债ETF,军工ETF;有色ETF;半导体ETF;证券ETF
2026-03-09,1036333.1620081549,714527.6096858461,321805.55232230877,0.459537957979297,False,warning,-0.09322596655101092,6,黄金;国债ETF;有色ETF;军工ETF;半导体ETF;创新药ETF,黄金;国债ETF,有色ETF;军工ETF;半导体ETF;创新药ETF
2026-03-10,1050167.156359574,720961.497902822,329205.6584567521,0.47316226284669033,False,warning,-0.08112145487791235,6,黄金;国债ETF;军工ETF;有色ETF;半导体ETF;创新药ETF,黄金;国债ETF,军工ETF;有色ETF;半导体ETF;创新药ETF
2026-03-11,1043572.0552416805,733204.6405927525,310367.414648928,0.5653783852283296,False,warning,-0.08689205709437335,7,创业板;黄金;国债ETF;有色ETF;军工ETF;半导体ETF;创新药ETF,创业板;黄金;国债ETF,有色ETF;军工ETF;半导体ETF;创新药ETF
2026-03-12,1034138.1161582265,738555.9537037901,295582.1624544364,0.5798140523001498,False,warning,-0.09514659463849597,7,创业板;黄金;国债ETF;有色ETF;军工ETF;半导体ETF;创新药ETF,创业板;黄金;国债ETF,有色ETF;军工ETF;半导体ETF;创新药ETF
2026-03-13,1021024.5753949834,732339.3569865876,288685.21840839577,0.5138388654690402,False,warning,-0.10662072157624816,6,黄金;国债ETF;有色ETF;军工ETF;半导体ETF;创新药ETF,黄金;国债ETF,有色ETF;军工ETF;半导体ETF;创新药ETF
2026-03-16,1021571.7554072503,755221.600521942,266350.15488530823,0.5246553042747402,False,warning,-0.10614194829663562,6,黄金;国债ETF;有色ETF;军工ETF;半导体ETF;创新药ETF,黄金;国债ETF,有色ETF;军工ETF;半导体ETF;创新药ETF
2026-03-17,1009308.2726488044,916604.0740628269,92704.19858597743,0.5409730882023475,False,warning,-0.11687228882097042,6,黄金;国债ETF;有色ETF;创新药ETF;军工ETF;酒ETF,黄金;国债ETF,有色ETF;创新药ETF;军工ETF;酒ETF
2026-03-18,1010481.551569851,766486.5659858012,243994.98558404983,0.6301230225071879,False,warning,-0.1158456895586863,7,创业板;黄金;国债ETF;半导体ETF;军工ETF;创新药ETF;有色ETF,创业板;黄金;国债ETF,半导体ETF;军工ETF;创新药ETF;有色ETF
2026-03-19,985260.72193574,492630.36096787,492630.36096787,0.5,False,halve,-0.13791349000418887,6,黄金;国债ETF;半导体ETF;军工ETF;创新药ETF;酒ETF,黄金;国债ETF,半导体ETF;军工ETF;创新药ETF;酒ETF
2026-03-20,977250.4020892472,488625.2010446236,488625.2010446236,0.5,False,halve,-0.14492238473293204,6,黄金;国债ETF;创新药ETF;半导体ETF;军工ETF;酒ETF,黄金;国债ETF,创新药ETF;半导体ETF;军工ETF;酒ETF
2026-03-23,955691.4371904694,369918.66414896346,585772.7730415058,0.5,False,halve,-0.16378611531197546,5,国债ETF;半导体ETF;创新药ETF;酒ETF;军工ETF,国债ETF,半导体ETF;创新药ETF;酒ETF;军工ETF
2026-03-24,963547.1638135036,356583.7093821214,606963.4544313822,0.5,False,halve,-0.15691248704571595,5,国债ETF;半导体ETF;创新药ETF;军工ETF;酒ETF,国债ETF,半导体ETF;创新药ETF;军工ETF;酒ETF
2026-03-25,968633.9581759239,338208.4765617107,630425.4816142132,0.3835497314644028,False,halve,-0.1524616277946239,5,创业板;创新药ETF;半导体ETF;酒ETF;有色ETF,创业板,创新药ETF;半导体ETF;酒ETF;有色ETF
2026-03-26,963258.8528942174,359979.4330967108,603279.4197975065,0.5,False,halve,-0.1571647542361839,4,创新药ETF;半导体ETF;军工ETF;酒ETF,,创新药ETF;半导体ETF;军工ETF;酒ETF
2026-03-27,970556.7102909388,328615.2523377333,641941.4579532056,0.5,False,halve,-0.15077925213149623,5,国债ETF;创新药ETF;半导体ETF;有色ETF;酒ETF,国债ETF,创新药ETF;半导体ETF;有色ETF;酒ETF
2026-03-30,972755.5827775788,291557.31810934196,681198.264668237,0.5,False,halve,-0.14885527580144528,5,国债ETF;创新药ETF;半导体ETF;有色ETF;军工ETF,国债ETF,创新药ETF;半导体ETF;有色ETF;军工ETF
2026-03-31,968895.8631966307,343141.37919254263,625754.4840040881,0.5,False,halve,-0.15223246531993606,5,国债ETF;创新药ETF;有色ETF;半导体ETF;酒ETF,国债ETF,创新药ETF;有色ETF;半导体ETF;酒ETF
2026-04-01,978781.1610170361,329372.6121234909,649408.5488935452,0.5,False,halve,-0.14358299649556305,5,国债ETF;创新药ETF;有色ETF;半导体ETF;酒ETF,国债ETF,创新药ETF;有色ETF;半导体ETF;酒ETF
2026-04-02,975224.9112377202,335373.86431480217,639851.046922918,0.5,False,halve,-0.1466946550572689,4,创新药ETF;有色ETF;酒ETF;半导体ETF,,创新药ETF;有色ETF;酒ETF;半导体ETF
2026-04-03,971848.6339791256,342246.4239981201,629602.2099810055,0.5,False,halve,-0.1496488406995438,5,国债ETF;创新药ETF;有色ETF;酒ETF;半导体ETF,国债ETF,创新药ETF;有色ETF;酒ETF;半导体ETF
2026-04-07,973339.8195065786,352356.1811207198,620983.6383858589,0.5,False,halve,-0.1483440785198514,5,国债ETF;创新药ETF;有色ETF;酒ETF;半导体ETF,国债ETF,创新药ETF;有色ETF;酒ETF;半导体ETF
2026-04-08,987381.7678802537,320978.2031755007,666403.564704753,0.2986940617365342,False,halve,-0.13605761058553698,5,创业板;创新药ETF;半导体ETF;有色ETF;酒ETF,创业板,创新药ETF;半导体ETF;有色ETF;酒ETF
2026-04-09,984560.9160941474,327542.67967976735,657018.23641438,0.3063221468466344,False,halve,-0.13852580830960953,5,创业板;创新药ETF;半导体ETF;有色ETF;酒ETF,创业板,创新药ETF;半导体ETF;有色ETF;酒ETF
2026-04-10,986542.1968538434,337657.80699068133,648884.3898631621,0.2935026950935051,False,halve,-0.13679222106978492,5,创业板;创新药ETF;半导体ETF;有色ETF;酒ETF,创业板,创新药ETF;半导体ETF;有色ETF;酒ETF
2026-04-13,986023.6787784419,320369.6005676903,665654.0782107515,0.38348786196126455,False,halve,-0.13724591563817737,6,沪深300;创业板;创新药ETF;有色ETF;半导体ETF;证券ETF,沪深300;创业板,创新药ETF;有色ETF;半导体ETF;证券ETF
2026-04-14,990958.360013962,305735.5692500878,685222.7907638743,0.3034308234420357,False,halve,-0.13292815280692052,5,创业板;半导体ETF;创新药ETF;有色ETF;军工ETF,创业板,半导体ETF;创新药ETF;有色ETF;军工ETF
2026-04-15,990560.5317609443,314940.7906832862,675619.741077658,0.344582734513866,False,halve,-0.13327624581680728,6,创业板;纳指;创新药ETF;半导体ETF;有色ETF;军工ETF,创业板;纳指,创新药ETF;半导体ETF;有色ETF;军工ETF
2026-04-16,994357.5342506611,323601.4470742971,670756.087176364,0.38743345732829504,False,halve,-0.12995393269508423,7,沪深300;创业板;纳指;有色ETF;半导体ETF;创新药ETF;军工ETF,沪深300;创业板;纳指,有色ETF;半导体ETF;创新药ETF;军工ETF
2026-04-17,993481.5722609203,332740.6391779856,660740.9330829347,0.3992745582685656,False,halve,-0.13072038465831792,7,沪深300;创业板;纳指;有色ETF;半导体ETF;创新药ETF;军工ETF,沪深300;创业板;纳指,有色ETF;半导体ETF;创新药ETF;军工ETF
2026-04-20,997024.2060601109,342394.47916239855,654629.7268977123,0.4116270223373344,False,halve,-0.12762063984951527,7,沪深300;创业板;纳指;有色ETF;半导体ETF;军工ETF;创新药ETF,沪深300;创业板;纳指,有色ETF;半导体ETF;军工ETF;创新药ETF
2026-04-21,994626.1023115313,349394.05201855925,645232.050292972,0.4244265932153195,False,halve,-0.12971894017266133,7,沪深300;创业板;纳指;有色ETF;半导体ETF;创新药ETF;军工ETF,沪深300;创业板;纳指,有色ETF;半导体ETF;创新药ETF;军工ETF
2026-04-22,997757.7224651121,359949.52589557436,637808.1965695377,0.5,False,halve,-0.12697882536982125,8,沪深300;创业板;纳指;国债ETF;半导体ETF;有色ETF;创新药ETF;军工ETF,沪深300;创业板;纳指;国债ETF,半导体ETF;有色ETF;创新药ETF;军工ETF
2026-04-23,992086.7579327377,357376.1207867723,634710.6371459654,0.5,False,halve,-0.13194082366446508,8,沪深300;创业板;纳指;国债ETF;军工ETF;半导体ETF;创新药ETF;有色ETF,沪深300;创业板;纳指;国债ETF,军工ETF;半导体ETF;创新药ETF;有色ETF
2026-04-24,992696.3651170457,368829.4868175255,623866.8782995201,0.5,False,halve,-0.13140742766248506,8,沪深300;创业板;纳指;国债ETF;半导体ETF;有色ETF;创新药ETF;军工ETF,沪深300;创业板;纳指;国债ETF,半导体ETF;有色ETF;创新药ETF;军工ETF
2026-04-27,995835.1323220207,379755.0476892826,616080.084632738,0.469060775210684,False,halve,-0.12866105931024835,7,沪深300;创业板;纳指;半导体ETF;创新药ETF;有色ETF;军工ETF,沪深300;创业板;纳指,半导体ETF;创新药ETF;有色ETF;军工ETF
2026-04-28,992209.0261812859,441450.61930089013,550758.4068803957,0.5,False,halve,-0.13183384100969417,8,沪深300;创业板;纳指;国债ETF;半导体ETF;创新药ETF;军工ETF;证券ETF,沪深300;创业板;纳指;国债ETF,半导体ETF;创新药ETF;军工ETF;证券ETF
2026-04-29,993163.7519248253,496581.8759624126,496581.8759624126,0.48958032005137997,False,halve,-0.13099847209065926,7,沪深300;创业板;纳指;半导体ETF;创新药ETF;军工ETF;酒ETF,沪深300;创业板;纳指,半导体ETF;创新药ETF;军工ETF;酒ETF
2026-04-30,1000218.1487103014,458418.31745256926,541799.8312577321,0.5,False,halve,-0.12482599391354439,8,沪深300;创业板;纳指;国债ETF;半导体ETF;军工ETF;创新药ETF;证券ETF,沪深300;创业板;纳指;国债ETF,半导体ETF;军工ETF;创新药ETF;证券ETF
2026-05-06,1010693.7754520585,899596.4786818918,111097.29677016672,0.487944787415988,False,warning,-0.1156599972420469,7,沪深300;创业板;纳指;半导体ETF;军工ETF;创新药ETF;证券ETF,沪深300;创业板;纳指,半导体ETF;军工ETF;创新药ETF;证券ETF
2026-05-07,1017498.1465919053,802856.929918711,214641.2166731943,0.6618725770790409,False,warning,-0.1097062872868364,8,沪深300;创业板;纳指;国债ETF;半导体ETF;军工ETF;有色ETF;创新药ETF,沪深300;创业板;纳指;国债ETF,半导体ETF;军工ETF;有色ETF;创新药ETF
2026-05-08,1012652.0277639112,813833.7347451393,198818.29301877192,0.6748150827149553,False,warning,-0.11394655950558714,8,沪深300;创业板;纳指;国债ETF;半导体ETF;军工ETF;有色ETF;创新药ETF,沪深300;创业板;纳指;国债ETF,半导体ETF;军工ETF;有色ETF;创新药ETF
2026-05-11,1031928.718981193,817999.843234519,213928.87574667402,0.6468685308240831,False,warning,-0.09707977989508595,8,沪深300;创业板;纳指;国债ETF;半导体ETF;军工ETF;有色ETF;创新药ETF,沪深300;创业板;纳指;国债ETF,半导体ETF;军工ETF;有色ETF;创新药ETF
2026-05-12,1027423.5205092268,829649.5918915835,197773.9286176433,0.654637392080446,False,warning,-0.10102175255375966,8,沪深300;创业板;纳指;国债ETF;半导体ETF;军工ETF;有色ETF;创新药ETF,沪深300;创业板;纳指;国债ETF,半导体ETF;军工ETF;有色ETF;创新药ETF
2026-05-13,1035605.9054455741,859275.6699951071,176330.23545046698,0.663726998439839,False,warning,-0.0938623037741929,8,沪深300;创业板;纳指;国债ETF;半导体ETF;军工ETF;有色ETF;创新药ETF,沪深300;创业板;纳指;国债ETF,半导体ETF;军工ETF;有色ETF;创新药ETF
2026-05-14,1006608.9126073546,736346.6544852753,270262.2581220793,0.654571654500527,False,warning,-0.11923418331807731,8,沪深300;创业板;纳指;国债ETF;半导体ETF;军工ETF;有色ETF;证券ETF,沪深300;创业板;纳指;国债ETF,半导体ETF;军工ETF;有色ETF;证券ETF
2026-05-15,989680.6547610351,354035.36246118677,635645.2922998483,0.5,False,halve,-0.13404612334789062,8,沪深300;创业板;纳指;国债ETF;半导体ETF;军工ETF;有色ETF;创新药ETF,沪深300;创业板;纳指;国债ETF,半导体ETF;军工ETF;有色ETF;创新药ETF
2026-05-18,987237.3697908503,359873.7484061405,627363.6213847098,0.5,False,halve,-0.13618395647771797,8,沪深300;创业板;纳指;国债ETF;半导体ETF;军工ETF;证券ETF;有色ETF,沪深300;创业板;纳指;国债ETF,半导体ETF;军工ETF;证券ETF;有色ETF
2026-05-19,990128.7761372278,418387.9609759044,571740.8151613234,0.5,False,halve,-0.13365402470368865,8,沪深300;创业板;纳指;国债ETF;半导体ETF;军工ETF;证券ETF;创新药ETF,沪深300;创业板;纳指;国债ETF,半导体ETF;军工ETF;证券ETF;创新药ETF
2026-05-20,993870.3037298262,430193.99719970796,563676.3065301182,0.5,False,halve,-0.13038025118106303,8,沪深300;创业板;纳指;国债ETF;半导体ETF;军工ETF;创新药ETF;证券ETF,沪深300;创业板;纳指;国债ETF,半导体ETF;军工ETF;创新药ETF;证券ETF
2026-05-21,988130.5004040138,426657.4820585514,561473.0183454624,0.5,False,halve,-0.13540248225863027,9,沪深300;创业板;纳指;黄金;国债ETF;半导体ETF;创新药ETF;证券ETF;军工ETF,沪深300;创业板;纳指;黄金;国债ETF,半导体ETF;创新药ETF;证券ETF;军工ETF
2026-05-22,989287.8785411232,440435.0414526793,548852.8370884439,0.5,False,halve,-0.13438979591403932,9,沪深300;创业板;纳指;黄金;国债ETF;半导体ETF;创新药ETF;军工ETF;证券ETF,沪深300;创业板;纳指;黄金;国债ETF,半导体ETF;创新药ETF;军工ETF;证券ETF
2026-05-25,998310.570365913,436119.80688518943,562190.7634807236,0.5,False,halve,-0.12649509278336074,8,沪深300;创业板;纳指;国债ETF;半导体ETF;军工ETF;证券ETF;创新药ETF,沪深300;创业板;纳指;国债ETF,半导体ETF;军工ETF;证券ETF;创新药ETF
2026-05-26,995747.6606984609,433877.2039727698,561870.4567256911,0.5,False,halve,-0.12873759550518588,9,沪深300;创业板;纳指;黄金;国债ETF;半导体ETF;证券ETF;有色ETF;创新药ETF,沪深300;创业板;纳指;黄金;国债ETF,半导体ETF;证券ETF;有色ETF;创新药ETF
2026-05-27,987171.100629775,436873.2424097175,550297.8582200574,0.5,False,halve,-0.13624194087567462,8,沪深300;创业板;纳指;国债ETF;半导体ETF;证券ETF;创新药ETF;军工ETF,沪深300;创业板;纳指;国债ETF,半导体ETF;证券ETF;创新药ETF;军工ETF
2026-05-28,985619.1321806902,448570.43336268066,537048.6988180096,0.5,False,halve,-0.13759988708636542,8,沪深300;创业板;纳指;国债ETF;半导体ETF;证券ETF;军工ETF;创新药ETF,沪深300;创业板;纳指;国债ETF,半导体ETF;证券ETF;军工ETF;创新药ETF
