date,nav,exposure,repo_amount,final_multiplier,circuit_breaker_triggered,drawdown_level,drawdown,n_positions,position_names,defense_active,offense_top
2014-01-27,1000000.0,0.0,1000000.0,0.0,True,normal,0.0,0,,创业板;纳指;黄金;国债ETF,
2014-01-28,1000000.0,0.0,1000000.0,0.0,True,normal,0.0,0,,创业板;纳指;黄金;国债ETF,
2014-01-29,1000000.0,0.0,1000000.0,0.0,True,normal,0.0,0,,创业板;纳指;黄金;国债ETF,
2014-01-30,1000000.0,0.0,1000000.0,0.0,True,normal,0.0,0,,创业板;纳指;黄金;国债ETF,
2014-02-07,1000000.0,0.0,1000000.0,0.0,True,normal,0.0,0,,创业板;纳指;黄金;国债ETF,
2014-02-10,1000000.0,0.0,1000000.0,0.0,True,normal,0.0,0,,创业板;纳指;黄金;国债ETF,
2014-02-11,1000000.0,0.0,1000000.0,0.0,True,normal,0.0,0,,创业板;纳指;黄金;国债ETF,
2014-02-12,1000000.0,0.0,1000000.0,0.0,True,normal,0.0,0,,创业板;纳指;黄金;国债ETF,
2014-02-13,1000000.0,0.0,1000000.0,0.0,True,normal,0.0,0,,创业板;纳指;黄金;国债ETF,
2014-02-14,1000000.0,0.0,1000000.0,0.0,True,normal,0.0,0,,创业板;纳指;黄金;国债ETF,
2014-02-17,1000000.0,0.0,1000000.0,0.0,True,normal,0.0,0,,创业板;纳指;黄金;国债ETF,
2014-02-18,1000000.0,0.0,1000000.0,0.0,True,normal,0.0,0,,创业板;纳指;黄金;国债ETF,
2014-02-19,1000000.0,0.0,1000000.0,0.0,True,normal,0.0,0,,创业板;纳指;黄金;国债ETF,
2014-02-20,1000000.0,0.0,1000000.0,0.0,True,normal,0.0,0,,创业板;纳指;黄金;国债ETF,
2014-02-21,1000000.0,0.0,1000000.0,0.0,True,normal,0.0,0,,创业板;纳指;黄金;国债ETF,
2014-02-24,1000000.0,0.0,1000000.0,0.0,True,normal,0.0,0,,创业板;纳指;黄金;国债ETF,
2014-02-25,1000000.0,0.0,1000000.0,0.0,True,normal,0.0,0,,创业板;纳指;黄金;国债ETF,
2014-02-26,1000000.0,0.0,1000000.0,0.0,True,normal,0.0,0,,创业板;纳指;黄金;国债ETF,
2014-02-27,1000000.0,0.0,1000000.0,0.0,True,normal,0.0,0,,创业板;纳指;黄金;国债ETF,
2014-02-28,1000000.0,0.0,1000000.0,0.0,True,normal,0.0,0,,创业板;纳指;黄金;国债ETF,
2014-03-03,1000000.0,0.0,1000000.0,0.0,True,normal,0.0,0,,创业板;纳指;黄金;国债ETF,
2014-03-04,1000000.0,0.0,1000000.0,0.0,True,normal,0.0,0,,创业板;纳指;黄金;国债ETF,
2014-03-05,1000000.0,0.0,1000000.0,0.0,True,normal,0.0,0,,创业板;纳指;黄金;国债ETF,
2014-03-06,1000000.0,0.0,1000000.0,0.0,True,normal,0.0,0,,创业板;纳指;黄金;国债ETF,
2014-03-07,1000000.0,0.0,1000000.0,0.0,True,normal,0.0,0,,创业板;纳指;黄金;国债ETF,
2014-03-10,1000000.0,0.0,1000000.0,0.0,True,normal,0.0,0,,创业板;纳指;黄金;国债ETF,
2014-03-11,1000000.0,0.0,1000000.0,0.0,True,normal,0.0,0,,纳指;黄金;国债ETF,
2014-03-12,1000000.0,0.0,1000000.0,0.0,True,normal,0.0,0,,创业板;纳指;黄金;国债ETF,
2014-03-13,1000000.0,0.0,1000000.0,0.0,True,normal,0.0,0,,创业板;纳指;黄金;国债ETF,
2014-03-14,1000000.0,0.0,1000000.0,0.0,True,normal,0.0,0,,创业板;纳指;黄金;国债ETF,
2014-03-17,1000000.0,0.0,1000000.0,0.0,True,normal,0.0,0,,创业板;纳指;黄金;国债ETF,
2014-03-18,1000000.0,0.0,1000000.0,0.0,True,normal,0.0,0,,创业板;纳指;黄金;国债ETF,
2014-03-19,1000000.0,0.0,1000000.0,0.0,True,normal,0.0,0,,创业板;纳指;黄金;国债ETF,消费ETF
2014-03-20,1000000.0,0.0,1000000.0,0.0,True,normal,0.0,0,,创业板;纳指;黄金;国债ETF,
2014-03-21,1000000.0,0.0,1000000.0,0.0,True,normal,0.0,0,,创业板;纳指;黄金;国债ETF,消费ETF
2014-03-24,1000000.0,0.0,1000000.0,0.0,True,normal,0.0,0,,纳指;黄金;国债ETF,消费ETF
2014-03-25,1000000.0,0.0,1000000.0,0.0,True,normal,0.0,0,,纳指;黄金;国债ETF,
2014-03-26,1000000.0,0.0,1000000.0,0.0,True,normal,0.0,0,,纳指;黄金;国债ETF,
2014-03-27,1000000.0,0.0,1000000.0,0.0,True,normal,0.0,0,,黄金;国债ETF,
2014-03-28,1000000.0,0.0,1000000.0,0.0,True,normal,0.0,0,,纳指;黄金;国债ETF,
2014-03-31,1000000.0,0.0,1000000.0,0.0,True,normal,0.0,0,,纳指;黄金;国债ETF,
2014-04-01,1000000.0,0.0,1000000.0,0.0,True,normal,0.0,0,,纳指;黄金;国债ETF,
2014-04-02,1000000.0,0.0,1000000.0,0.0,True,normal,0.0,0,,纳指;黄金;国债ETF,
2014-04-03,1000000.0,0.0,1000000.0,0.0,True,normal,0.0,0,,纳指;黄金;国债ETF,
2014-04-04,1000000.0,0.0,1000000.0,0.0,True,normal,0.0,0,,纳指;黄金;国债ETF,
2014-04-08,1000000.0,0.0,1000000.0,0.0,True,normal,0.0,0,,黄金;国债ETF,消费ETF
2014-04-09,1000000.0,0.0,1000000.0,0.0,True,normal,0.0,0,,黄金;国债ETF,消费ETF
2014-04-10,1000000.0,0.0,1000000.0,0.0,True,normal,0.0,0,,纳指;黄金;国债ETF,消费ETF
2014-04-11,1000000.0,0.0,1000000.0,0.0,True,normal,0.0,0,,黄金;国债ETF,消费ETF
2014-04-14,1000000.0,0.0,1000000.0,0.0,True,normal,0.0,0,,黄金;国债ETF,消费ETF
2014-04-15,1000000.0,0.0,1000000.0,0.0,True,normal,0.0,0,,黄金;国债ETF,消费ETF
2014-04-16,1000000.0,0.0,1000000.0,0.0,True,normal,0.0,0,,黄金;国债ETF,消费ETF
2014-04-17,1000000.0,0.0,1000000.0,0.0,True,normal,0.0,0,,黄金;国债ETF,消费ETF
2014-04-18,1000000.0,0.0,1000000.0,0.0,True,normal,0.0,0,,国债ETF,消费ETF
2014-04-21,1000000.0,0.0,1000000.0,0.0,True,normal,0.0,0,,国债ETF,消费ETF
2014-04-22,1000000.0,0.0,1000000.0,0.0,True,normal,0.0,0,,沪深300;国债ETF,消费ETF
2014-04-23,1000000.0,0.0,1000000.0,0.0,True,normal,0.0,0,,沪深300;国债ETF,消费ETF
2014-04-24,1000000.0,0.0,1000000.0,0.0,True,normal,0.0,0,,沪深300;国债ETF,消费ETF
2014-04-25,1000000.0,0.0,1000000.0,0.0,True,normal,0.0,0,,国债ETF,
2014-04-28,1000000.0,700000.0,300000.0,1.0,False,normal,0.0,1,国债ETF,国债ETF,
2014-04-29,1000858.0936082362,0.0,1000858.0936082362,0.0,True,normal,0.0,0,,国债ETF,
2014-04-30,1000858.0936082362,0.0,1000858.0936082362,0.0,True,normal,0.0,0,,国债ETF,
2014-05-05,1000858.0936082362,0.0,1000858.0936082362,0.0,True,normal,0.0,0,,黄金;国债ETF,
2014-05-06,1000858.0936082362,0.0,1000858.0936082362,0.0,True,normal,0.0,0,,国债ETF,
2014-05-07,1000858.0936082362,0.0,1000858.0936082362,0.0,True,normal,0.0,0,,沪深300;黄金;国债ETF,
2014-05-08,1000858.0936082362,0.0,1000858.0936082362,0.0,True,normal,0.0,0,,沪深300;国债ETF,
2014-05-09,1000858.0936082362,0.0,1000858.0936082362,0.0,True,normal,0.0,0,,沪深300;国债ETF,
2014-05-12,1000858.0936082362,0.0,1000858.0936082362,0.0,True,normal,0.0,0,,沪深300;国债ETF,
2014-05-13,1000858.0936082362,0.0,1000858.0936082362,0.0,True,normal,0.0,0,,沪深300;国债ETF,
2014-05-14,1000858.0936082362,0.0,1000858.0936082362,0.0,True,normal,0.0,0,,沪深300;纳指;国债ETF,
2014-05-15,1000858.0936082362,0.0,1000858.0936082362,0.0,True,normal,0.0,0,,沪深300;国债ETF,
2014-05-16,1000858.0936082362,0.0,1000858.0936082362,0.0,True,normal,0.0,0,,沪深300;国债ETF,
2014-05-19,1000858.0936082362,0.0,1000858.0936082362,0.0,True,normal,0.0,0,,沪深300;国债ETF,
2014-05-20,1000858.0936082362,0.0,1000858.0936082362,0.0,True,normal,0.0,0,,国债ETF,
2014-05-21,1000858.0936082362,0.0,1000858.0936082362,0.0,True,normal,0.0,0,,国债ETF,
2014-05-22,1000858.0936082362,0.0,1000858.0936082362,0.0,True,normal,0.0,0,,国债ETF,
2014-05-23,1000858.0936082362,0.0,1000858.0936082362,0.0,True,normal,0.0,0,,纳指;国债ETF,
2014-05-26,1000858.0936082362,0.0,1000858.0936082362,0.0,True,normal,0.0,0,,沪深300;纳指;黄金;国债ETF,
2014-05-27,1000858.0936082362,0.0,1000858.0936082362,0.0,True,normal,0.0,0,,纳指;黄金;国债ETF,
2014-05-28,1000858.0936082362,0.0,1000858.0936082362,0.0,True,normal,0.0,0,,沪深300;创业板;纳指;国债ETF,
2014-05-29,1000858.0936082362,0.0,1000858.0936082362,0.0,True,normal,0.0,0,,沪深300;纳指;国债ETF,
2014-05-30,1000858.0936082362,0.0,1000858.0936082362,0.0,True,normal,0.0,0,,纳指;国债ETF,
2014-06-03,1000858.0936082362,0.0,1000858.0936082362,0.0,True,normal,0.0,0,,纳指;国债ETF,
2014-06-04,1000858.0936082362,0.0,1000858.0936082362,0.0,True,normal,0.0,0,,纳指;国债ETF,
2014-06-05,1000858.0936082362,0.0,1000858.0936082362,0.0,True,normal,0.0,0,,创业板;纳指;国债ETF,
2014-06-06,1000858.0936082362,0.0,1000858.0936082362,0.0,True,normal,0.0,0,,纳指;国债ETF,
2014-06-09,1000858.0936082362,0.0,1000858.0936082362,0.0,True,normal,0.0,0,,纳指;国债ETF,
2014-06-10,1000858.0936082362,0.0,1000858.0936082362,0.0,True,normal,0.0,0,,纳指;国债ETF,
2014-06-11,1000858.0936082362,700600.6655257653,300257.4280824709,1.0,False,normal,0.0,2,纳指;国债ETF,纳指;国债ETF,
2014-06-12,998293.7598437361,698805.6318906152,299488.12795312086,0.8040104928628757,False,normal,-0.002562135212650689,3,创业板;纳指;国债ETF,创业板;纳指;国债ETF,
2014-06-13,999704.4427446208,699793.1099212345,299911.3328233863,0.8058755041213586,False,normal,-0.0011526617719163908,3,创业板;纳指;国债ETF,创业板;纳指;国债ETF,
2014-06-16,1002531.753488007,701772.2274416047,300759.5260464023,0.8074372223809458,False,normal,0.0,3,创业板;纳指;国债ETF,创业板;纳指;国债ETF,
2014-06-17,1000584.4582889983,700409.1208022988,300175.3374866996,0.8089722649515239,False,normal,-0.0019423775778010341,3,创业板;纳指;国债ETF,创业板;纳指;国债ETF,
2014-06-18,998202.601771088,698741.8212397615,299460.7805313264,0.8103581010087697,False,normal,-0.004318219050775255,3,创业板;纳指;国债ETF,创业板;纳指;国债ETF,
2014-06-19,992941.9422420526,695059.3595694368,297882.5826726159,1.0,False,normal,-0.009565593521192227,2,纳指;国债ETF,纳指;国债ETF,
2014-06-20,992445.7682995022,694712.0378096515,297733.73048985074,1.0,False,normal,-0.01006051444596508,4,创业板;纳指;黄金;国债ETF,创业板;纳指;黄金;国债ETF,
2014-06-23,997018.2310155919,697912.7617109143,299105.46930467756,1.0,False,normal,-0.005499598843859539,4,创业板;纳指;黄金;国债ETF,创业板;纳指;黄金;国债ETF,
2014-06-24,998779.3417107407,699145.5391975185,299633.8025132222,1.0,False,normal,-0.003742935587038431,4,创业板;纳指;黄金;国债ETF,创业板;纳指;黄金;国债ETF,
2014-06-25,996118.8284330138,697283.1799031096,298835.6485299042,0.8548970755611367,False,normal,-0.006396730111222321,4,沪深300;创业板;纳指;国债ETF,沪深300;创业板;纳指;国债ETF,
2014-06-26,1001549.7935990675,701084.8555193474,300464.93807972013,1.0,False,normal,-0.0009794800868132899,5,沪深300;创业板;纳指;黄金;国债ETF,沪深300;创业板;纳指;黄金;国债ETF,
2014-06-27,1002533.0010974663,701773.1007682264,300759.9003292399,1.0,False,normal,0.0,5,沪深300;创业板;纳指;黄金;国债ETF,沪深300;创业板;纳指;黄金;国债ETF,
2014-06-30,1005004.3270960776,1005004.3270960776,0.0,1.0,False,normal,0.0,6,沪深300;创业板;纳指;黄金;国债ETF;消费ETF,沪深300;创业板;纳指;黄金;国债ETF,消费ETF
2014-07-01,1005894.329521561,1005894.329521561,0.0,1.0,False,normal,0.0,6,沪深300;创业板;纳指;黄金;国债ETF;消费ETF,沪深300;创业板;纳指;黄金;国债ETF,消费ETF
2014-07-02,1009997.1038704342,1009997.1038704342,0.0,1.0,False,normal,0.0,6,沪深300;创业板;纳指;黄金;国债ETF;消费ETF,沪深300;创业板;纳指;黄金;国债ETF,消费ETF
2014-07-03,1012422.2313272902,1012422.2313272902,0.0,1.0,False,normal,0.0,6,沪深300;创业板;纳指;黄金;国债ETF;消费ETF,沪深300;创业板;纳指;黄金;国债ETF,消费ETF
2014-07-04,1013642.4068724507,1013642.4068724508,-1.1641532182693481e-10,1.0,False,normal,0.0,6,沪深300;创业板;纳指;黄金;国债ETF;消费ETF,沪深300;创业板;纳指;黄金;国债ETF,消费ETF
2014-07-07,1010073.9823856711,1010073.9823856711,0.0,1.0,False,normal,-0.00352039778780549,6,沪深300;创业板;纳指;黄金;国债ETF;消费ETF,沪深300;创业板;纳指;黄金;国债ETF,消费ETF
2014-07-08,1012748.1840900793,1012748.1840900793,0.0,1.0,False,normal,-0.0008821876199226259,6,沪深300;创业板;纳指;黄金;国债ETF;消费ETF,沪深300;创业板;纳指;黄金;国债ETF,消费ETF
2014-07-09,1001079.0718883086,1001079.0718883087,-1.1641532182693481e-10,1.0,False,normal,-0.012394247615296327,6,沪深300;创业板;纳指;黄金;国债ETF;消费ETF,沪深300;创业板;纳指;黄金;国债ETF,消费ETF
2014-07-10,998011.4698068849,698608.0288648193,299403.44094206556,0.815648245736417,False,normal,-0.015420563464579599,4,沪深300;创业板;纳指;黄金,沪深300;创业板;纳指;黄金,
2014-07-11,998356.9043224412,998356.9043224412,0.0,1.0,False,normal,-0.01507977808187038,6,沪深300;创业板;纳指;黄金;国债ETF;消费ETF,沪深300;创业板;纳指;黄金;国债ETF,消费ETF
2014-07-14,1006594.0918585965,1006594.0918585965,0.0,1.0,False,normal,-0.006953453176452483,6,沪深300;创业板;纳指;黄金;国债ETF;消费ETF,沪深300;创业板;纳指;黄金;国债ETF,消费ETF
2014-07-15,1008795.9437465179,1008795.9437465179,0.0,1.0,False,normal,-0.0047812355650020556,6,沪深300;创业板;纳指;黄金;国债ETF;消费ETF,沪深300;创业板;纳指;黄金;国债ETF,消费ETF
2014-07-16,1004134.4319148448,1004134.4319148448,0.0,0.8690152870862335,False,normal,-0.009380009057575226,5,沪深300;创业板;纳指;国债ETF;消费ETF,沪深300;创业板;纳指;国债ETF,消费ETF
2014-07-17,998615.0908251626,998615.0908251626,0.0,0.8216093091602455,False,normal,-0.014825066458746783,5,沪深300;创业板;纳指;黄金;消费ETF,沪深300;创业板;纳指;黄金,消费ETF
2014-07-18,1003972.2993807455,1003972.2993807455,0.0,0.8233627260060925,False,normal,-0.009539959482892898,5,沪深300;创业板;纳指;黄金;消费ETF,沪深300;创业板;纳指;黄金,消费ETF
2014-07-21,1006983.1578790672,0.0,1006983.1578790672,0.0,True,normal,-0.006569623516374289,0,,沪深300;纳指;黄金,消费ETF
2014-07-22,1006983.1578790672,0.0,1006983.1578790672,0.0,True,normal,-0.006569623516374289,0,,沪深300;创业板;纳指;黄金,消费ETF
2014-07-23,1006983.1578790672,0.0,1006983.1578790672,0.0,True,normal,-0.006569623516374289,0,,沪深300;纳指;黄金,消费ETF
2014-07-24,1006983.1578790672,0.0,1006983.1578790672,0.0,True,normal,-0.006569623516374289,0,,沪深300;纳指;黄金,消费ETF
2014-07-25,1006983.1578790672,0.0,1006983.1578790672,0.0,True,normal,-0.006569623516374289,0,,沪深300;纳指;黄金,消费ETF
2014-07-28,1006983.1578790672,0.0,1006983.1578790672,0.0,True,normal,-0.006569623516374289,0,,沪深300;纳指;黄金,消费ETF
2014-07-29,1006983.1578790672,0.0,1006983.1578790672,0.0,True,normal,-0.006569623516374289,0,,沪深300;创业板;纳指;黄金,消费ETF
2014-07-30,1006983.1578790672,1006983.1578790674,-1.1641532182693481e-10,1.0,False,normal,-0.006569623516374289,4,沪深300;纳指;黄金;消费ETF,沪深300;纳指;黄金,消费ETF
2014-07-31,1015257.5960286394,1015257.5960286392,1.1641532182693481e-10,1.0,False,normal,0.0,4,沪深300;纳指;黄金;消费ETF,沪深300;纳指;黄金,消费ETF
2014-08-01,1009468.169562726,1009468.169562726,0.0,1.0,False,normal,-0.0057024212264549165,4,沪深300;纳指;黄金;消费ETF,沪深300;纳指;黄金,消费ETF
2014-08-04,1020226.5681648906,1020226.5681648906,0.0,1.0,False,normal,0.0,4,沪深300;纳指;黄金;消费ETF,沪深300;纳指;黄金,消费ETF
2014-08-05,1019261.8267421643,1019261.8267421643,0.0,1.0,False,normal,-0.0009456148789200949,4,沪深300;纳指;黄金;消费ETF,沪深300;纳指;黄金,消费ETF
2014-08-06,1015222.222722763,1015222.2227227632,-2.3283064365386963e-10,1.0,False,normal,-0.004905131466169443,6,沪深300;创业板;纳指;黄金;国债ETF;消费ETF,沪深300;创业板;纳指;黄金;国债ETF,消费ETF
2014-08-07,1008806.1606891112,1008806.1606891113,-1.1641532182693481e-10,1.0,False,normal,-0.011193991444784283,5,沪深300;纳指;黄金;国债ETF;消费ETF,沪深300;纳指;黄金;国债ETF,消费ETF
2014-08-08,1010354.4458554523,1010354.4458554522,1.1641532182693481e-10,1.0,False,normal,-0.009676401906681923,4,沪深300;纳指;黄金;消费ETF,沪深300;纳指;黄金,消费ETF
2014-08-11,1019572.9026830139,1019572.9026830138,1.1641532182693481e-10,1.0,False,normal,-0.0006407061943627525,6,沪深300;创业板;纳指;黄金;国债ETF;消费ETF,沪深300;创业板;纳指;黄金;国债ETF,消费ETF
2014-08-12,1019529.373135949,1019529.373135949,0.0,0.8409311199134368,False,normal,-0.0006833727435619291,5,沪深300;创业板;纳指;黄金;消费ETF,沪深300;创业板;纳指;黄金,消费ETF
2014-08-13,1017827.9751825882,1017827.9751825882,0.0,1.0,False,normal,-0.0023510395211691405,6,沪深300;创业板;纳指;黄金;国债ETF;消费ETF,沪深300;创业板;纳指;黄金;国债ETF,消费ETF
2014-08-14,1015263.3221402394,1015263.3221402394,0.0,1.0,False,normal,-0.004864846867866562,5,沪深300;创业板;纳指;国债ETF;消费ETF,沪深300;创业板;纳指;国债ETF,消费ETF
2014-08-15,1022614.3016599037,1022614.3016599037,0.0,1.0,False,normal,0.0,5,沪深300;创业板;纳指;国债ETF;消费ETF,沪深300;创业板;纳指;国债ETF,消费ETF
2014-08-18,1028759.6418771591,1028759.641877159,1.1641532182693481e-10,0.6810696970253691,False,normal,0.0,4,沪深300;创业板;纳指;消费ETF,沪深300;创业板;纳指,消费ETF
2014-08-19,1033872.3354270844,1033872.3354270844,0.0,0.6806652595391123,False,normal,0.0,4,沪深300;创业板;纳指;消费ETF,沪深300;创业板;纳指,消费ETF
2014-08-20,1033579.1836166976,1033579.1836166976,0.0,0.6805517725134477,False,normal,-0.00028354739781841784,4,沪深300;创业板;纳指;消费ETF,沪深300;创业板;纳指,消费ETF
2014-08-21,1034128.0506538007,1034128.0506538006,1.1641532182693481e-10,0.6807436976692256,False,normal,0.0,4,沪深300;创业板;纳指;消费ETF,沪深300;创业板;纳指,消费ETF
2014-08-22,1039360.8640807344,1039360.8640807343,1.1641532182693481e-10,1.0,False,normal,0.0,5,沪深300;创业板;纳指;国债ETF;消费ETF,沪深300;创业板;纳指;国债ETF,消费ETF
2014-08-25,1033820.4376273662,1033820.437627366,1.1641532182693481e-10,1.0,False,normal,-0.005330609074133764,5,沪深300;创业板;纳指;国债ETF;消费ETF,沪深300;创业板;纳指;国债ETF,消费ETF
2014-08-26,1026065.264722416,1026065.264722416,0.0,1.0,False,normal,-0.012792091580317314,4,沪深300;纳指;国债ETF;消费ETF,沪深300;纳指;国债ETF,消费ETF
2014-08-27,1026436.6736964087,1026436.6736964087,0.0,1.0,False,normal,-0.012434747959994167,4,沪深300;纳指;国债ETF;消费ETF,沪深300;纳指;国债ETF,消费ETF
2014-08-28,1024106.006723352,1024106.006723352,0.0,1.0,False,normal,-0.014677151973462678,4,沪深300;纳指;国债ETF;消费ETF,沪深300;纳指;国债ETF,消费ETF
2014-08-29,1027813.9907199785,1027813.9907199785,0.0,1.0,False,normal,-0.011109590287458662,5,沪深300;创业板;纳指;国债ETF;消费ETF,沪深300;创业板;纳指;国债ETF,消费ETF
2014-09-01,1034750.6835771888,0.0,1034750.6835771888,0.0,True,normal,-0.004435591778436996,0,,沪深300;创业板;纳指;国债ETF,消费ETF
2014-09-02,1034750.6835771888,0.0,1034750.6835771888,0.0,True,normal,-0.004435591778436996,0,,沪深300;创业板;纳指;国债ETF,消费ETF
2014-09-03,1034750.6835771888,0.0,1034750.6835771888,0.0,True,normal,-0.004435591778436996,0,,沪深300;创业板;纳指;国债ETF,消费ETF
2014-09-04,1034750.6835771888,0.0,1034750.6835771888,0.0,True,normal,-0.004435591778436996,0,,沪深300;创业板;纳指;国债ETF,消费ETF
2014-09-05,1034750.6835771888,0.0,1034750.6835771888,0.0,True,normal,-0.004435591778436996,0,,沪深300;创业板;纳指;国债ETF,消费ETF
2014-09-09,1034750.6835771888,0.0,1034750.6835771888,0.0,True,normal,-0.004435591778436996,0,,沪深300;创业板;纳指;国债ETF,消费ETF
2014-09-10,1034750.6835771888,0.0,1034750.6835771888,0.0,True,normal,-0.004435591778436996,0,,沪深300;创业板;纳指;国债ETF,消费ETF
2014-09-11,1034750.6835771888,0.0,1034750.6835771888,0.0,True,normal,-0.004435591778436996,0,,沪深300;创业板;纳指;国债ETF,消费ETF
2014-09-12,1034750.6835771888,0.0,1034750.6835771888,0.0,True,normal,-0.004435591778436996,0,,沪深300;创业板;纳指;国债ETF,消费ETF
2014-09-15,1034750.6835771888,0.0,1034750.6835771888,0.0,True,normal,-0.004435591778436996,0,,沪深300;创业板;纳指;国债ETF,消费ETF
2014-09-16,1034750.6835771888,0.0,1034750.6835771888,0.0,True,normal,-0.004435591778436996,0,,沪深300;创业板;纳指;国债ETF,消费ETF
2014-09-17,1034750.6835771888,0.0,1034750.6835771888,0.0,True,normal,-0.004435591778436996,0,,沪深300;创业板;纳指;国债ETF,消费ETF
2014-09-18,1034750.6835771888,0.0,1034750.6835771888,0.0,True,normal,-0.004435591778436996,0,,沪深300;创业板;纳指;国债ETF,消费ETF
2014-09-19,1034750.6835771888,0.0,1034750.6835771888,0.0,True,normal,-0.004435591778436996,0,,沪深300;创业板;纳指;国债ETF,消费ETF
2014-09-22,1034750.6835771888,0.0,1034750.6835771888,0.0,True,normal,-0.004435591778436996,0,,沪深300;创业板;纳指;国债ETF,消费ETF
2014-09-23,1034750.6835771888,0.0,1034750.6835771888,0.0,True,normal,-0.004435591778436996,0,,沪深300;创业板;纳指;国债ETF,消费ETF
2014-09-24,1034750.6835771888,0.0,1034750.6835771888,0.0,True,normal,-0.004435591778436996,0,,沪深300;创业板;纳指;国债ETF,消费ETF
2014-09-25,1034750.6835771888,0.0,1034750.6835771888,0.0,True,normal,-0.004435591778436996,0,,沪深300;创业板;纳指;国债ETF,消费ETF
2014-09-26,1034750.6835771888,0.0,1034750.6835771888,0.0,True,normal,-0.004435591778436996,0,,沪深300;创业板;纳指;国债ETF,消费ETF
2014-09-29,1034750.6835771888,0.0,1034750.6835771888,0.0,True,normal,-0.004435591778436996,0,,沪深300;创业板;纳指;国债ETF,消费ETF
2014-09-30,1034750.6835771888,0.0,1034750.6835771888,0.0,True,normal,-0.004435591778436996,0,,沪深300;创业板;纳指;国债ETF,消费ETF
2014-10-08,1034750.6835771888,0.0,1034750.6835771888,0.0,True,normal,-0.004435591778436996,0,,沪深300;创业板;纳指;国债ETF,消费ETF
2014-10-09,1034750.6835771888,0.0,1034750.6835771888,0.0,True,normal,-0.004435591778436996,0,,沪深300;创业板;纳指;国债ETF,消费ETF
2014-10-10,1034750.6835771888,0.0,1034750.6835771888,0.0,True,normal,-0.004435591778436996,0,,沪深300;创业板;纳指;国债ETF,消费ETF
2014-10-13,1034750.6835771888,0.0,1034750.6835771888,0.0,True,normal,-0.004435591778436996,0,,沪深300;创业板;国债ETF,消费ETF
2014-10-14,1034750.6835771888,1062325.8923858232,-27575.20880863443,0.7695153528656947,False,normal,-0.004435591778436996,4,沪深300;创业板;国债ETF;消费ETF,沪深300;创业板;国债ETF,消费ETF
2014-10-15,1038963.1283955527,1067601.6553228023,-28638.526927249506,0.7720274512046205,False,normal,-0.0003826733321669428,4,沪深300;创业板;国债ETF;消费ETF,沪深300;创业板;国债ETF,消费ETF
2014-10-16,1033309.7889077803,1062247.3946115598,-28937.605703779496,0.7730018633533233,False,normal,-0.005821919394960106,4,沪深300;创业板;国债ETF;消费ETF,沪深300;创业板;国债ETF,消费ETF
2014-10-17,1031248.0437318825,1060354.4509535504,-29106.407221667934,0.7741298155685138,False,normal,-0.007805585749110701,4,沪深300;创业板;国债ETF;消费ETF,沪深300;创业板;国债ETF,消费ETF
2014-10-20,1038762.5303931547,1067919.8643874289,-29157.333994274144,0.7769404702326138,False,normal,-0.0005756746364593233,4,沪深300;创业板;国债ETF;消费ETF,沪深300;创业板;国债ETF,消费ETF
2014-10-21,1030950.18164282,1060448.883164017,-29498.701521196985,0.7769345316699852,False,normal,-0.008092167724011116,4,沪深300;创业板;国债ETF;消费ETF,沪深300;创业板;国债ETF,消费ETF
2014-10-22,1022215.8289843714,715551.0802890599,306664.7486953115,0.776259014879476,False,normal,-0.016495748193796983,3,沪深300;创业板;国债ETF,沪深300;创业板;国债ETF,
2014-10-23,1015752.654248821,711026.8579741747,304725.7962746463,0.7744091652014186,False,normal,-0.022714160834595033,3,沪深300;创业板;国债ETF,沪深300;创业板;国债ETF,
2014-10-24,1016176.2121993622,711323.3485395533,304852.8636598089,0.7828907905828777,False,normal,-0.0223066431329199,3,沪深300;创业板;国债ETF,沪深300;创业板;国债ETF,
2014-10-27,1015755.1422886869,711028.5996020808,304726.5426866062,0.7837167201882008,False,normal,-0.022711767017440702,3,沪深300;创业板;国债ETF,沪深300;创业板;国债ETF,
2014-10-28,1026262.147543172,718383.5032802203,307878.6442629517,0.7810428661863307,False,normal,-0.012602664762779603,3,沪深300;创业板;国债ETF,沪深300;创业板;国债ETF,
2014-10-29,1030849.1729568241,721594.4210697766,309254.75188704743,0.7876449516446807,False,normal,-0.00818935118500787,3,沪深300;创业板;国债ETF,沪深300;创业板;国债ETF,
2014-10-30,1030832.3290251706,721582.6303176194,309249.69870755123,0.7960876754645724,False,normal,-0.008205557232623792,3,沪深300;创业板;国债ETF,沪深300;创业板;国债ETF,
2014-10-31,1034280.9461946383,723996.6623362467,310284.2838583916,1.0,False,normal,-0.004887540085116748,4,沪深300;创业板;纳指;国债ETF,沪深300;创业板;纳指;国债ETF,
2014-11-03,1037890.5627251398,726523.3939075978,311367.168817542,1.0,False,normal,-0.0014146206639164395,4,沪深300;创业板;纳指;国债ETF,沪深300;创业板;纳指;国债ETF,
2014-11-04,1036391.9911869447,725474.3938308612,310917.59735608345,1.0,False,normal,-0.0028564409113244907,4,沪深300;创业板;纳指;国债ETF,沪深300;创业板;纳指;国债ETF,
2014-11-05,1036132.0913275081,725292.4639292556,310839.6273982525,0.802865892758981,False,normal,-0.0031064982960292958,3,沪深300;创业板;国债ETF,沪深300;创业板;国债ETF,
2014-11-06,1039102.3553610953,727371.6487527667,311730.7066083286,1.0,False,normal,-0.0002487189277304499,4,沪深300;创业板;纳指;国债ETF,沪深300;创业板;纳指;国债ETF,
2014-11-07,1038901.9643897595,727231.3750728316,311670.5893169278,1.0,False,normal,-0.00044152104128034926,4,沪深300;创业板;纳指;国债ETF,沪深300;创业板;纳指;国债ETF,
2014-11-10,1044385.7103261171,731069.9972282819,313315.7130978352,1.0,False,normal,0.0,4,沪深300;创业板;纳指;国债ETF,沪深300;创业板;纳指;国债ETF,
2014-11-11,1036775.7401831741,725743.0181282219,311032.7220549523,1.0,False,normal,-0.0072865513839390815,3,沪深300;纳指;国债ETF,沪深300;纳指;国债ETF,
2014-11-12,1040087.8454719862,728061.4918303902,312026.35364159604,1.0,False,normal,-0.004115208405895226,3,沪深300;纳指;国债ETF,沪深300;纳指;国债ETF,
2014-11-13,1038575.609898684,727002.9269290788,311572.6829696052,1.0,False,normal,-0.005563174955370563,3,沪深300;纳指;国债ETF,沪深300;纳指;国债ETF,
2014-11-14,1038741.0462464357,1086165.3347162236,-47424.28846978792,1.0,False,normal,-0.0054047695443083,4,沪深300;纳指;国债ETF;消费ETF,沪深300;纳指;国债ETF,消费ETF
2014-11-17,1039195.683882466,1087806.1847821136,-48610.500899647595,1.0,False,normal,-0.004969453710765957,4,沪深300;纳指;国债ETF;消费ETF,沪深300;纳指;国债ETF,消费ETF
2014-11-18,1034014.1930746812,723809.9351522768,310204.25792240445,1.0,False,normal,-0.009930734544613138,4,沪深300;创业板;纳指;国债ETF,沪深300;创业板;纳指;国债ETF,
2014-11-19,1038196.6009384303,726737.6206569012,311458.98028152913,1.0,False,normal,-0.005926076282443802,4,沪深300;创业板;纳指;国债ETF,沪深300;创业板;纳指;国债ETF,
2014-11-20,1035174.5865302735,724622.2105711913,310552.3759590823,1.0,False,normal,-0.008819657052725593,3,沪深300;纳指;国债ETF,沪深300;纳指;国债ETF,
2014-11-21,1040960.1922993427,728672.1346095399,312288.05768980284,1.0,False,normal,-0.003279935748742442,4,沪深300;创业板;纳指;国债ETF,沪深300;创业板;纳指;国债ETF,
2014-11-24,1046501.4114858712,1101073.873530959,-54572.46204508783,1.0,False,normal,0.0,5,沪深300;创业板;纳指;国债ETF;消费ETF,沪深300;创业板;纳指;国债ETF,消费ETF
2014-11-25,1057143.9115086887,1114055.8629973833,-56911.95148869464,1.0,False,normal,0.0,5,沪深300;创业板;纳指;国债ETF;消费ETF,沪深300;创业板;纳指;国债ETF,消费ETF
2014-11-26,1064156.2349171715,1124288.488346781,-60132.253429609584,1.0,False,normal,0.0,5,沪深300;创业板;纳指;国债ETF;消费ETF,沪深300;创业板;纳指;国债ETF,消费ETF
2014-11-27,1068073.20339947,1129570.3347211147,-61497.13132164464,1.0,False,normal,0.0,5,沪深300;创业板;纳指;国债ETF;消费ETF,沪深300;创业板;纳指;国债ETF,消费ETF
2014-11-28,1073331.6489329939,1135228.6502400958,-61897.00130710192,1.0,False,normal,0.0,5,沪深300;创业板;纳指;国债ETF;消费ETF,沪深300;创业板;纳指;国债ETF,消费ETF
2014-12-01,1078390.0967914052,1138961.6954387287,-60571.59864732344,1.0,False,normal,0.0,5,沪深300;创业板;纳指;国债ETF;消费ETF,沪深300;创业板;纳指;国债ETF,消费ETF
2014-12-02,1089528.1646285767,1149835.7116267972,-60307.546998220496,1.0,False,normal,0.0,5,沪深300;创业板;纳指;国债ETF;消费ETF,沪深300;创业板;纳指;国债ETF,消费ETF
2014-12-03,1103698.9017027232,1163085.1635110166,-59386.261808293406,1.0,False,normal,0.0,5,沪深300;创业板;纳指;国债ETF;消费ETF,沪深300;创业板;纳指;国债ETF,消费ETF
2014-12-04,1127211.5370542118,1183788.7166140801,-56577.179559868295,1.0,False,normal,0.0,5,沪深300;创业板;纳指;国债ETF;消费ETF,沪深300;创业板;纳指;国债ETF,消费ETF
2014-12-05,1110487.524818707,1163669.6371927122,-53182.11237400514,1.0,False,normal,-0.01483662266198087,5,沪深300;创业板;纳指;国债ETF;消费ETF,沪深300;创业板;纳指;国债ETF,消费ETF
2014-12-08,1119862.8854996657,1174590.0958737235,-54727.21037405776,1.0,False,normal,-0.006519318968071086,5,沪深300;创业板;纳指;国债ETF;消费ETF,沪深300;创业板;纳指;国债ETF,消费ETF
2014-12-09,1092119.0063382084,1143109.9286714387,-50990.922333230264,1.0,False,normal,-0.031132160701364125,4,沪深300;纳指;国债ETF;消费ETF,沪深300;纳指;国债ETF,消费ETF
2014-12-10,1117072.0834542713,1173020.028638739,-55947.94518446759,1.0,False,normal,-0.008995164852941773,5,沪深300;创业板;纳指;黄金;消费ETF,沪深300;创业板;纳指;黄金,消费ETF
2014-12-11,1113383.8353742915,1172271.9859764196,-58888.150602128124,0.707129964341362,False,normal,-0.012267175437235864,4,沪深300;创业板;纳指;消费ETF,沪深300;创业板;纳指,消费ETF
2014-12-12,1121340.792784291,1181029.8838031716,-59689.091018880485,0.7066845384059475,False,normal,-0.0052082010136828465,4,沪深300;创业板;纳指;消费ETF,沪深300;创业板;纳指,消费ETF
2014-12-15,1130821.826097287,1190599.7614614593,-59777.93536417233,1.0,False,normal,0.0,5,沪深300;创业板;纳指;国债ETF;消费ETF,沪深300;创业板;纳指;国债ETF,消费ETF
2014-12-16,1130083.8424777626,1189168.4575334056,-59084.61505564302,1.0,False,normal,-0.0006526082204049257,5,沪深300;创业板;纳指;国债ETF;消费ETF,沪深300;创业板;纳指;国债ETF,消费ETF
2014-12-17,1124525.2129890036,1180942.8374304518,-56417.62444144813,1.0,False,normal,-0.005568174369267669,5,沪深300;创业板;纳指;国债ETF;消费ETF,沪深300;创业板;纳指;国债ETF,消费ETF
2014-12-18,1128327.9884525018,1184789.0233324221,-56461.034879920306,1.0,False,normal,-0.00220533207551534,5,沪深300;创业板;纳指;国债ETF;消费ETF,沪深300;创业板;纳指;国债ETF,消费ETF
2014-12-19,1131757.049322532,1188691.8093355095,-56934.760012977524,1.0,False,normal,0.0,5,沪深300;创业板;纳指;国债ETF;消费ETF,沪深300;创业板;纳指;国债ETF,消费ETF
2014-12-22,1121133.5720860115,1177721.2832629038,-56587.71117689228,1.0,False,normal,-0.009386711788435243,4,沪深300;纳指;国债ETF;消费ETF,沪深300;纳指;国债ETF,消费ETF
2014-12-23,1117213.252853468,1173616.7618428676,-56403.50898939953,1.0,False,normal,-0.012850634752193377,4,沪深300;纳指;国债ETF;消费ETF,沪深300;纳指;国债ETF,消费ETF
2014-12-24,1107675.761872123,1165695.918012739,-58020.15614061593,1.0,False,normal,-0.02127778878410702,4,沪深300;纳指;国债ETF;消费ETF,沪深300;纳指;国债ETF,消费ETF
2014-12-25,1119694.56870176,1178273.740268881,-58579.171567121055,1.0,False,normal,-0.010658189076880674,6,沪深300;创业板;纳指;黄金;国债ETF;消费ETF,沪深300;创业板;纳指;黄金;国债ETF,消费ETF
2014-12-26,1130476.4814190501,1189210.5015075977,-58734.02008854761,1.0,False,normal,-0.0011314865714761267,5,沪深300;纳指;黄金;国债ETF;消费ETF,沪深300;纳指;黄金;国债ETF,消费ETF
2014-12-29,1131544.0792021975,1190800.6537245114,-59256.574522313895,1.0,False,normal,-0.00018817653529263695,4,沪深300;纳指;黄金;消费ETF,沪深300;纳指;黄金,消费ETF
2014-12-30,1124465.0813207391,1182358.0410383684,-57892.959717629245,1.0,False,normal,-0.006443050658405765,4,沪深300;纳指;黄金;消费ETF,沪深300;纳指;黄金,消费ETF
2014-12-31,1139494.340507203,1196301.5592528568,-56807.21874565375,1.0,False,normal,0.0,4,沪深300;纳指;黄金;消费ETF,沪深300;纳指;黄金,消费ETF
2015-01-05,1160402.157582172,1207107.0354090265,-46704.87782685459,1.0,False,normal,0.0,4,沪深300;纳指;黄金;消费ETF,沪深300;纳指;黄金,消费ETF
2015-01-06,1159658.2751849135,1206522.967964466,-46864.692779552424,0.6934892996719306,False,normal,-0.0006410556826336689,4,沪深300;创业板;黄金;消费ETF,沪深300;创业板;黄金,消费ETF
2015-01-07,1152047.044995107,1199077.363985145,-47030.31899003801,0.6947122528161241,False,normal,-0.0072001870493534625,4,沪深300;创业板;黄金;消费ETF,沪深300;创业板;黄金,消费ETF
2015-01-08,1147768.0939611893,1194955.876592646,-47187.78263145662,0.8609594388943189,False,normal,-0.010887659539781604,5,沪深300;创业板;纳指;黄金;消费ETF,沪深300;创业板;纳指;黄金,消费ETF
2015-01-09,1146179.8134962707,1192232.7161051151,-46052.90260884445,0.8615056500678868,False,normal,-0.012256392314484424,5,沪深300;创业板;纳指;黄金;消费ETF,沪深300;创业板;纳指;黄金,消费ETF
2015-01-12,1147821.8765061314,1194740.623991109,-46918.74748497759,1.0,False,normal,-0.010841311345243455,6,沪深300;创业板;纳指;黄金;国债ETF;消费ETF,沪深300;创业板;纳指;黄金;国债ETF,消费ETF
2015-01-13,1147099.0134975559,1194442.8898195233,-47343.87632196746,1.0,False,normal,-0.011464253145077472,5,沪深300;创业板;黄金;国债ETF;消费ETF,沪深300;创业板;黄金;国债ETF,消费ETF
2015-01-14,1140494.7477528634,1187189.580683829,-46694.83293096558,1.0,False,normal,-0.017155612560035078,5,沪深300;创业板;黄金;国债ETF;消费ETF,沪深300;创业板;黄金;国债ETF,消费ETF
2015-01-15,1149524.7572026823,1201574.3066451494,-52049.54944246705,1.0,False,normal,-0.009373819505949494,5,沪深300;创业板;黄金;国债ETF;消费ETF,沪深300;创业板;黄金;国债ETF,消费ETF
2015-01-16,1166252.6824959323,1218991.2068796582,-52738.52438372583,1.0,False,normal,0.0,5,沪深300;创业板;黄金;国债ETF;消费ETF,沪深300;创业板;黄金;国债ETF,消费ETF
2015-01-19,1131954.7792847299,792368.3454993109,339586.433785419,1.0,False,normal,-0.0294086382187782,4,沪深300;创业板;黄金;国债ETF,沪深300;创业板;黄金;国债ETF,
2015-01-20,1147176.7089149521,1184657.430874618,-37480.72195966588,1.0,False,normal,-0.01635663854607832,5,沪深300;创业板;黄金;国债ETF;消费ETF,沪深300;创业板;黄金;国债ETF,消费ETF
2015-01-21,1170368.7061785464,1205950.6739513625,-35581.967772816075,1.0,False,normal,0.0,5,沪深300;创业板;黄金;国债ETF;消费ETF,沪深300;创业板;黄金;国债ETF,消费ETF
2015-01-22,1172487.839901263,1208039.7312360127,-35551.89133474976,1.0,False,normal,0.0,5,沪深300;创业板;黄金;国债ETF;消费ETF,沪深300;创业板;黄金;国债ETF,消费ETF
2015-01-23,1166233.0945926425,1201760.8880303402,-35527.79343769769,1.0,False,normal,-0.005334592902172113,5,沪深300;创业板;黄金;国债ETF;消费ETF,沪深300;创业板;黄金;国债ETF,消费ETF
2015-01-26,1181790.205451876,1215995.3957372776,-34205.19028540165,1.0,False,normal,0.0,5,沪深300;创业板;黄金;国债ETF;消费ETF,沪深300;创业板;黄金;国债ETF,消费ETF
2015-01-27,1178244.0288411577,1212499.503807033,-34255.47496587527,1.0,False,normal,-0.0030006820113746943,5,沪深300;创业板;黄金;国债ETF;消费ETF,沪深300;创业板;黄金;国债ETF,消费ETF
2015-01-28,1168529.2877088927,1204708.2094668206,-36178.92175792786,1.0,False,normal,-0.011221042179743474,5,沪深300;创业板;黄金;国债ETF;消费ETF,沪深300;创业板;黄金;国债ETF,消费ETF
2015-01-29,1158810.6663480548,1194078.7531152982,-35268.086767243454,1.0,False,normal,-0.01944468569616768,5,沪深300;创业板;黄金;国债ETF;消费ETF,沪深300;创业板;黄金;国债ETF,消费ETF
2015-01-30,1146995.2655898924,1181747.9690599414,-34752.70347004896,1.0,False,normal,-0.029442569164532157,5,沪深300;创业板;黄金;国债ETF;消费ETF,沪深300;创业板;黄金;国债ETF,消费ETF
2015-02-02,1143637.7598784456,800546.431914912,343091.3279635337,1.0,False,normal,-0.032283602789584885,4,沪深300;创业板;黄金;国债ETF,沪深300;创业板;黄金;国债ETF,
2015-02-03,1155551.6917308867,1193156.1935954336,-37604.50186454691,0.8684192107343383,False,normal,-0.022202344883165217,5,沪深300;创业板;黄金;国债ETF;消费ETF,沪深300;创业板;黄金;国债ETF,消费ETF
2015-02-04,1149633.5348244733,804743.4743771313,344890.060447342,1.0,False,normal,-0.027210134657620556,5,沪深300;创业板;纳指;黄金;国债ETF,沪深300;创业板;纳指;黄金;国债ETF,
2015-02-05,1149531.5070981046,804672.0549686732,344859.4521294314,1.0,False,normal,-0.027296467854407997,4,沪深300;创业板;黄金;国债ETF,沪深300;创业板;黄金;国债ETF,
2015-02-06,1140758.6737895308,798531.0716526716,342227.6021368592,1.0,False,normal,-0.034719810227785836,5,沪深300;创业板;纳指;黄金;国债ETF,沪深300;创业板;纳指;黄金;国债ETF,
2015-02-09,1135955.0475079212,795168.533255545,340786.5142523763,1.0,False,normal,-0.03878451330236647,5,沪深300;创业板;纳指;黄金;国债ETF,沪深300;创业板;纳指;黄金;国债ETF,
2015-02-10,1142009.9512862659,799406.9659003861,342602.98538587976,1.0,False,normal,-0.033661011897115414,5,沪深300;创业板;纳指;黄金;国债ETF,沪深300;创业板;纳指;黄金;国债ETF,
2015-02-11,1147264.4679014923,1187411.5032710158,-40147.03536952357,1.0,False,normal,-0.02921477720081646,6,沪深300;创业板;纳指;黄金;国债ETF;消费ETF,沪深300;创业板;纳指;黄金;国债ETF,消费ETF
2015-02-12,1152731.6415842571,1195755.682589822,-43024.04100556485,1.0,False,normal,-0.024588597649197644,6,沪深300;创业板;纳指;黄金;国债ETF;消费ETF,沪深300;创业板;纳指;黄金;国债ETF,消费ETF
2015-02-13,1165001.8073623239,1208381.7737448032,-43379.966382479295,1.0,False,normal,-0.01420590390079664,6,沪深300;创业板;纳指;黄金;国债ETF;消费ETF,沪深300;创业板;纳指;黄金;国债ETF,消费ETF
2015-02-16,1177954.8152101152,1221381.8493834524,-43427.03417333728,1.0,False,normal,-0.0032454070308479493,6,沪深300;创业板;纳指;黄金;国债ETF;消费ETF,沪深300;创业板;纳指;黄金;国债ETF,消费ETF
2015-02-17,1179094.393962586,1222723.00211425,-43628.608151664026,1.0,False,normal,-0.0022811252596725267,6,沪深300;创业板;纳指;黄金;国债ETF;消费ETF,沪深300;创业板;纳指;黄金;国债ETF,消费ETF
2015-02-25,1172725.9596104806,1217410.5333936575,-44684.57378317695,1.0,False,normal,-0.007669928046094685,6,沪深300;创业板;纳指;黄金;国债ETF;消费ETF,沪深300;创业板;纳指;黄金;国债ETF,消费ETF
2015-02-26,1181504.0798962957,1226825.0821493876,-45321.002253091894,1.0,False,normal,-0.0002421119706867468,6,沪深300;创业板;纳指;黄金;国债ETF;消费ETF,沪深300;创业板;纳指;黄金;国债ETF,消费ETF
2015-02-27,1188653.7592843666,1234402.3448776305,-45748.58559326385,1.0,False,normal,0.0,6,沪深300;创业板;纳指;黄金;国债ETF;消费ETF,沪深300;创业板;纳指;黄金;国债ETF,消费ETF
2015-03-02,1197043.154902733,1243107.5868132252,-46064.43191049225,1.0,False,normal,0.0,6,沪深300;创业板;纳指;黄金;国债ETF;消费ETF,沪深300;创业板;纳指;黄金;国债ETF,消费ETF
2015-03-03,1186304.4036873193,1231056.956853406,-44752.553166086785,1.0,False,normal,-0.00897106438596716,6,沪深300;创业板;纳指;黄金;国债ETF;消费ETF,沪深300;创业板;纳指;黄金;国债ETF,消费ETF
2015-03-04,1198988.6890830847,1243250.7336799204,-44262.04459683574,1.0,False,normal,0.0,6,沪深300;创业板;纳指;黄金;国债ETF;消费ETF,沪深300;创业板;纳指;黄金;国债ETF,消费ETF
2015-03-05,1196817.626864743,1241773.0852921284,-44955.45842738543,1.0,False,normal,-0.0018107445367162246,5,创业板;纳指;黄金;国债ETF;消费ETF,创业板;纳指;黄金;国债ETF,消费ETF
2015-03-06,1189163.7322308251,1242420.7994623657,-53257.06723154057,1.0,False,normal,-0.008194369923350256,5,创业板;纳指;黄金;国债ETF;消费ETF,创业板;纳指;黄金;国债ETF,消费ETF
2015-03-09,1196850.115121495,1247343.9942735485,-50493.8791520535,1.0,False,normal,-0.0017836481536995753,4,创业板;纳指;国债ETF;消费ETF,创业板;纳指;国债ETF,消费ETF
2015-03-10,1204866.1658067093,1256181.9333786964,-51315.76757198712,1.0,False,normal,0.0,4,创业板;纳指;国债ETF;消费ETF,创业板;纳指;国债ETF,消费ETF
2015-03-11,1199308.327835506,1252108.9417111506,-52800.613875644514,1.0,False,normal,-0.004612825995891462,4,创业板;纳指;国债ETF;消费ETF,创业板;纳指;国债ETF,消费ETF
2015-03-12,1196064.0583821782,1250697.814173394,-54633.755791215925,1.0,False,normal,-0.0073054648510589935,5,沪深300;创业板;纳指;国债ETF;消费ETF,沪深300;创业板;纳指;国债ETF,消费ETF
2015-03-13,1208003.0525214716,1262988.3259062858,-54985.27338481415,1.0,False,normal,0.0,5,沪深300;创业板;纳指;国债ETF;消费ETF,沪深300;创业板;纳指;国债ETF,消费ETF
2015-03-16,1230208.3471719646,1282524.2362802173,-52315.88910825271,1.0,False,normal,0.0,5,沪深300;创业板;纳指;国债ETF;消费ETF,沪深300;创业板;纳指;国债ETF,消费ETF
2015-03-17,1238589.3204171956,1290774.2672055434,-52184.94678834779,1.0,False,normal,0.0,5,沪深300;创业板;纳指;国债ETF;消费ETF,沪深300;创业板;纳指;国债ETF,消费ETF
2015-03-18,1256776.5883807412,1307919.099210182,-51142.510829440784,1.0,False,normal,0.0,5,沪深300;创业板;纳指;国债ETF;消费ETF,沪深300;创业板;纳指;国债ETF,消费ETF
2015-03-19,1254281.5871170775,1308749.6345912344,-54468.04747415683,1.0,False,normal,-0.0019852384956329057,5,沪深300;创业板;纳指;国债ETF;消费ETF,沪深300;创业板;纳指;国债ETF,消费ETF
2015-03-20,1262476.0159326775,1318561.497855655,-56085.48192297737,1.0,False,normal,0.0,5,沪深300;创业板;纳指;国债ETF;消费ETF,沪深300;创业板;纳指;国债ETF,消费ETF
2015-03-23,1285808.550869584,1340414.7948810076,-54606.24401142355,1.0,False,normal,0.0,5,沪深300;创业板;纳指;国债ETF;消费ETF,沪深300;创业板;纳指;国债ETF,消费ETF
2015-03-24,1291774.8615984302,1353374.393990972,-61599.53239254188,1.0,False,normal,0.0,5,沪深300;创业板;纳指;国债ETF;消费ETF,沪深300;创业板;纳指;国债ETF,消费ETF
2015-03-25,1297192.091842259,1359234.3189302057,-62042.22708794661,1.0,False,normal,0.0,5,沪深300;创业板;纳指;国债ETF;消费ETF,沪深300;创业板;纳指;国债ETF,消费ETF
2015-03-26,1289254.4208315832,1350265.8964880742,-61011.475656491006,1.0,False,normal,-0.006119117639240955,5,沪深300;创业板;纳指;国债ETF;消费ETF,沪深300;创业板;纳指;国债ETF,消费ETF
2015-03-27,1296009.1747387254,1357799.2831628749,-61790.108424149454,1.0,False,normal,-0.0009119058857764591,5,沪深300;创业板;纳指;国债ETF;消费ETF,沪深300;创业板;纳指;国债ETF,消费ETF
2015-03-30,1300422.8589652532,1365414.012961574,-64991.153996320674,0.6569094999451938,False,normal,0.0,4,沪深300;创业板;纳指;消费ETF,沪深300;创业板;纳指,消费ETF
2015-03-31,1301363.688077502,1368178.0387932672,-66814.35071576526,0.6635602671290507,False,normal,0.0,4,沪深300;创业板;纳指;消费ETF,沪深300;创业板;纳指,消费ETF
2015-04-01,1314249.5314060156,1383471.0375371606,-69221.50613114494,0.6653009177503696,False,normal,0.0,4,沪深300;创业板;纳指;消费ETF,沪深300;创业板;纳指,消费ETF
2015-04-02,1327853.752323245,1397307.827359137,-69454.07503589196,1.0,False,normal,0.0,5,沪深300;创业板;纳指;国债ETF;消费ETF,沪深300;创业板;纳指;国债ETF,消费ETF
2015-04-03,1339759.577446512,1409643.970632618,-69884.39318610611,1.0,False,normal,0.0,5,沪深300;创业板;纳指;国债ETF;消费ETF,沪深300;创业板;纳指;国债ETF,消费ETF
2015-04-07,1361149.3469148146,1427666.4556896237,-66517.10877480917,0.6637711422328847,False,normal,0.0,4,沪深300;创业板;纳指;消费ETF,沪深300;创业板;纳指,消费ETF
2015-04-08,1354954.8422869542,1423456.1505483543,-68501.30826140009,0.6701753461493847,False,normal,-0.0045509367814052645,4,沪深300;创业板;纳指;消费ETF,沪深300;创业板;纳指,消费ETF
2015-04-09,1360988.8265422804,1430163.235435513,-69174.4088932327,0.671840088452194,False,normal,-0.00011793002207877242,4,沪深300;创业板;纳指;消费ETF,沪深300;创业板;纳指,消费ETF
2015-04-10,1379328.0373874889,1443449.300905058,-64121.26351756905,0.6717846460384077,False,normal,0.0,4,沪深300;创业板;纳指;消费ETF,沪深300;创业板;纳指,消费ETF
2015-04-13,1397178.197490729,1462413.5488314477,-65235.3513407188,0.6727601498679504,False,normal,0.0,4,沪深300;创业板;纳指;消费ETF,沪深300;创业板;纳指,消费ETF
2015-04-14,1394084.8485810095,1459101.623729454,-65016.77514844434,0.6724622799788423,False,normal,-0.0022139974094033967,4,沪深300;创业板;纳指;消费ETF,沪深300;创业板;纳指,消费ETF
2015-04-15,1363979.0234429764,1420685.8049342888,-56706.78149131243,0.6672438073503402,False,normal,-0.02376158897081044,4,沪深300;创业板;纳指;消费ETF,沪深300;创业板;纳指,消费ETF
2015-04-16,1398877.5173707693,1449236.3664500564,-50358.849079287145,0.6631031890961537,False,normal,0.0,4,沪深300;创业板;纳指;消费ETF,沪深300;创业板;纳指,消费ETF
2015-04-17,1404858.3100872296,1457605.5743188995,-52747.26423166995,0.6632321282002083,False,normal,0.0,4,沪深300;创业板;纳指;消费ETF,沪深300;创业板;纳指,消费ETF
2015-04-20,1382388.8453423253,1433725.5411600731,-51336.69581774785,0.4738318816412636,False,normal,-0.015994114554875753,3,沪深300;创业板;消费ETF,沪深300;创业板,消费ETF
2015-04-21,1452331.6590276498,1491447.3378565263,-39115.678828876466,0.4638762692749865,False,normal,0.0,3,沪深300;创业板;消费ETF,沪深300;创业板,消费ETF
2015-04-22,1476628.2104937758,1516225.3156608588,-39597.10516708298,0.6941367550195752,False,normal,0.0,4,沪深300;创业板;国债ETF;消费ETF,沪深300;创业板;国债ETF,消费ETF
2015-04-23,1486618.7734267598,1526479.3879410138,-39860.61451425403,0.693325371003301,False,normal,0.0,4,沪深300;创业板;国债ETF;消费ETF,沪深300;创业板;国债ETF,消费ETF
2015-04-24,1489831.5572945746,1530554.8126023451,-40723.25530777057,0.6447446063424602,False,normal,0.0,4,沪深300;创业板;纳指;消费ETF,沪深300;创业板;纳指,消费ETF
2015-04-27,1503657.6241261093,1544767.6353689302,-41110.01124282088,0.8595774152017757,False,normal,0.0,5,沪深300;创业板;纳指;国债ETF;消费ETF,沪深300;创业板;纳指;国债ETF,消费ETF
2015-04-28,1475140.8478286145,1475140.8478286145,0.0,0.6905713380288978,False,normal,-0.018964939784126757,4,沪深300;创业板;国债ETF;消费ETF,沪深300;创业板;国债ETF,消费ETF
2015-04-29,1502589.349609741,1502589.349609741,0.0,0.6855602741696137,False,normal,-0.0007104506366528358,4,沪深300;创业板;国债ETF;消费ETF,沪深300;创业板;国债ETF,消费ETF
2015-04-30,1509177.497994605,1509177.497994605,0.0,0.8515443873031094,False,normal,0.0,5,沪深300;创业板;纳指;国债ETF;消费ETF,沪深300;创业板;纳指;国债ETF,消费ETF
2015-05-04,1507201.764910274,1507201.7649102742,-2.3283064365386963e-10,0.68858819676412,False,normal,-0.0013091456021285686,4,沪深300;创业板;国债ETF;消费ETF,沪深300;创业板;国债ETF,消费ETF
2015-05-05,1470301.1873814468,1470301.1873814468,0.0,0.8419594030331442,False,normal,-0.02575993258898771,5,沪深300;创业板;纳指;国债ETF;消费ETF,沪深300;创业板;纳指;国债ETF,消费ETF
2015-05-06,1459841.3850981868,1459841.3850981868,0.0,0.8529191922788983,False,normal,-0.03269072919651666,5,沪深300;创业板;黄金;国债ETF;消费ETF,沪深300;创业板;黄金;国债ETF,消费ETF
2015-05-07,1445454.4273102202,1445454.4273102202,0.0,0.8410200521300868,False,normal,-0.04222370845646718,5,沪深300;创业板;纳指;国债ETF;消费ETF,沪深300;创业板;纳指;国债ETF,消费ETF
2015-05-08,1485169.0922899763,1485169.0922899763,0.0,0.8322519473700982,False,normal,-0.015908271715242936,5,沪深300;创业板;纳指;国债ETF;消费ETF,沪深300;创业板;纳指;国债ETF,消费ETF
2015-05-11,1520913.489419708,1520913.489419708,0.0,1.0,False,normal,0.0,6,沪深300;创业板;纳指;黄金;国债ETF;消费ETF,沪深300;创业板;纳指;黄金;国债ETF,消费ETF
2015-05-12,1532775.4811829205,1532775.4811829207,-2.3283064365386963e-10,1.0,False,normal,0.0,6,沪深300;创业板;纳指;黄金;国债ETF;消费ETF,沪深300;创业板;纳指;黄金;国债ETF,消费ETF
2015-05-13,1532324.577870935,1532324.5778709347,2.3283064365386963e-10,1.0,False,normal,-0.0002941744029187888,6,沪深300;创业板;纳指;黄金;国债ETF;消费ETF,沪深300;创业板;纳指;黄金;国债ETF,消费ETF
2015-05-14,1530474.2125284781,0.0,1530474.2125284781,0.0,True,normal,-0.0015013736080031674,0,,沪深300;创业板;纳指;黄金;国债ETF,消费ETF
2015-05-15,1530474.2125284781,0.0,1530474.2125284781,0.0,True,normal,-0.0015013736080031674,0,,沪深300;创业板;纳指;黄金;国债ETF,消费ETF
2015-05-18,1530474.2125284781,0.0,1530474.2125284781,0.0,True,normal,-0.0015013736080031674,0,,沪深300;创业板;纳指;黄金;国债ETF,消费ETF
2015-05-19,1530474.2125284781,0.0,1530474.2125284781,0.0,True,normal,-0.0015013736080031674,0,,沪深300;创业板;纳指;黄金;国债ETF,消费ETF
2015-05-20,1530474.2125284781,0.0,1530474.2125284781,0.0,True,normal,-0.0015013736080031674,0,,沪深300;创业板;黄金;国债ETF,消费ETF
2015-05-21,1530474.2125284781,0.0,1530474.2125284781,0.0,True,normal,-0.0015013736080031674,0,,沪深300;创业板;黄金;国债ETF,消费ETF
2015-05-22,1530474.2125284781,0.0,1530474.2125284781,0.0,True,normal,-0.0015013736080031674,0,,沪深300;创业板;纳指;黄金;国债ETF,消费ETF
2015-05-25,1530474.2125284781,0.0,1530474.2125284781,0.0,True,normal,-0.0015013736080031674,0,,沪深300;创业板;纳指;黄金;国债ETF,消费ETF
2015-05-26,1530474.2125284781,0.0,1530474.2125284781,0.0,True,normal,-0.0015013736080031674,0,,沪深300;创业板;纳指;黄金;国债ETF,消费ETF
2015-05-27,1530474.2125284781,0.0,1530474.2125284781,0.0,True,normal,-0.0015013736080031674,0,,沪深300;创业板;纳指;黄金;国债ETF,消费ETF
2015-05-28,1530474.2125284781,0.0,1530474.2125284781,0.0,True,normal,-0.0015013736080031674,0,,沪深300;创业板;纳指;黄金;国债ETF,消费ETF
2015-05-29,1530474.2125284781,0.0,1530474.2125284781,0.0,True,normal,-0.0015013736080031674,0,,沪深300;创业板;纳指;国债ETF,消费ETF
2015-06-01,1530474.2125284781,0.0,1530474.2125284781,0.0,True,normal,-0.0015013736080031674,0,,沪深300;创业板;纳指;国债ETF,消费ETF
2015-06-02,1530474.2125284781,0.0,1530474.2125284781,0.0,True,normal,-0.0015013736080031674,0,,沪深300;创业板;纳指;国债ETF,消费ETF
2015-06-03,1530474.2125284781,1494836.0330467091,35638.17948176898,0.7790576490175589,False,normal,-0.0015013736080031674,5,沪深300;创业板;纳指;国债ETF;消费ETF,沪深300;创业板;纳指;国债ETF,消费ETF
2015-06-04,1529555.0496525231,1493754.7825200038,35800.26713251928,0.7793563633096795,False,normal,-0.0021010458282592144,5,沪深300;创业板;纳指;国债ETF;消费ETF,沪深300;创业板;纳指;国债ETF,消费ETF
2015-06-05,1534243.326669687,1497513.8891198465,36729.437549840426,0.7813809837952093,False,normal,0.0,5,沪深300;创业板;纳指;国债ETF;消费ETF,沪深300;创业板;纳指;国债ETF,消费ETF
2015-06-08,1532004.4299543644,1495394.4861876888,36609.94376667566,0.7817286068386481,False,normal,-0.0014592839847525241,5,沪深300;创业板;纳指;国债ETF;消费ETF,沪深300;创业板;纳指;国债ETF,消费ETF
2015-06-09,1526212.7814483426,1489643.0520169698,36569.729431372834,0.7807240016340599,False,normal,-0.0052342057363064295,5,沪深300;创业板;纳指;国债ETF;消费ETF,沪深300;创业板;纳指;国债ETF,消费ETF
2015-06-10,1543957.0653279892,1507034.718168676,36922.34715931327,1.0,False,normal,0.0,6,沪深300;创业板;纳指;黄金;国债ETF;消费ETF,沪深300;创业板;纳指;黄金;国债ETF,消费ETF
2015-06-11,1548782.5047572742,1512193.16990667,36589.33485060418,0.7800964531172062,False,normal,0.0,5,沪深300;创业板;纳指;国债ETF;消费ETF,沪深300;创业板;纳指;国债ETF,消费ETF
2015-06-12,1563562.1229213583,1524965.0084596495,38597.114461708814,0.7811028956126238,False,normal,0.0,5,沪深300;创业板;纳指;国债ETF;消费ETF,沪深300;创业板;纳指;国债ETF,消费ETF
2015-06-15,1535746.9762536641,1497203.1483740087,38543.82787965541,0.576144927774688,False,normal,-0.017789601231657112,4,沪深300;创业板;纳指;消费ETF,沪深300;创业板;纳指,消费ETF
2015-06-16,1497488.0821754846,1452582.236676224,44905.845499260584,0.5717684146372425,False,normal,-0.04225866038659277,4,沪深300;创业板;纳指;消费ETF,沪深300;创业板;纳指,消费ETF
2015-06-17,1522065.819639244,0.0,1522065.819639244,0.0,True,normal,-0.026539593581726566,0,,沪深300;创业板;纳指,消费ETF
2015-06-18,1522065.819639244,0.0,1522065.819639244,0.0,True,normal,-0.026539593581726566,0,,沪深300;创业板;纳指,消费ETF
2015-06-19,1522065.819639244,0.0,1522065.819639244,0.0,True,normal,-0.026539593581726566,0,,创业板,
2015-06-23,1522065.819639244,0.0,1522065.819639244,0.0,True,normal,-0.026539593581726566,0,,创业板;纳指,消费ETF
2015-06-24,1522065.819639244,0.0,1522065.819639244,0.0,True,normal,-0.026539593581726566,0,,沪深300;创业板;纳指,消费ETF
2015-06-25,1522065.819639244,0.0,1522065.819639244,0.0,True,normal,-0.026539593581726566,0,,创业板;纳指,消费ETF
2015-06-26,1522065.819639244,0.0,1522065.819639244,0.0,True,normal,-0.026539593581726566,0,,创业板;纳指,
2015-06-29,1522065.819639244,0.0,1522065.819639244,0.0,True,normal,-0.026539593581726566,0,,,
2015-06-30,1522065.819639244,0.0,1522065.819639244,0.0,True,normal,-0.026539593581726566,0,,创业板,
2015-07-01,1522065.819639244,0.0,1522065.819639244,0.0,True,normal,-0.026539593581726566,0,,纳指,
2015-07-02,1522065.819639244,0.0,1522065.819639244,0.0,True,normal,-0.026539593581726566,0,,纳指,
2015-07-03,1522065.819639244,0.0,1522065.819639244,0.0,True,normal,-0.026539593581726566,0,,,
2015-07-06,1522065.819639244,0.0,1522065.819639244,0.0,True,normal,-0.026539593581726566,0,,,
2015-07-07,1522065.819639244,0.0,1522065.819639244,0.0,True,normal,-0.026539593581726566,0,,国债ETF,
2015-07-08,1522065.819639244,0.0,1522065.819639244,0.0,True,normal,-0.026539593581726566,0,,国债ETF,
2015-07-09,1522065.819639244,1065446.0737474707,456619.74589177314,1.0,False,normal,-0.026539593581726566,1,国债ETF,国债ETF,
2015-07-10,1516054.9677104885,0.0,1516054.9677104885,1.0,False,normal,-0.0303839255981128,0,,,
2015-07-13,1516054.9677104885,0.0,1516054.9677104885,1.0,False,normal,-0.0303839255981128,0,,,
2015-07-14,1516054.9677104885,0.0,1516054.9677104885,1.0,False,normal,-0.0303839255981128,0,,,
2015-07-15,1516054.9677104885,1061238.477397342,454816.4903131465,1.0,False,normal,-0.0303839255981128,2,纳指;国债ETF,纳指;国债ETF,
2015-07-16,1510546.4916848051,1057382.5441793636,453163.9475054415,1.0,False,normal,-0.033906955444468576,1,国债ETF,国债ETF,
2015-07-17,1517491.212347589,1062243.8486433122,455247.36370427674,1.0,False,normal,-0.029465353437758204,2,纳指;国债ETF,纳指;国债ETF,
2015-07-20,1528412.429228411,1069888.7004598877,458523.7287685233,1.0,False,normal,-0.022480522633327553,2,纳指;国债ETF,纳指;国债ETF,
2015-07-21,1534277.0302740987,1073993.921191869,460283.10908222967,1.0,False,normal,-0.018729727599529813,2,纳指;国债ETF,纳指;国债ETF,
2015-07-22,1527757.1861916322,1069430.0303341425,458327.1558574897,1.0,False,normal,-0.022899593309940403,2,纳指;国债ETF,纳指;国债ETF,
2015-07-23,1529519.5310842067,1070663.6717589446,458855.859325262,1.0,False,normal,-0.021772458758176183,2,纳指;国债ETF,纳指;国债ETF,
2015-07-24,1523292.6185306595,1066304.8329714616,456987.7855591979,1.0,False,normal,-0.02575497564206745,2,纳指;国债ETF,纳指;国债ETF,
2015-07-27,1516487.0369734406,1061540.9258814084,454946.11109203217,1.0,False,normal,-0.03010758911194569,2,纳指;国债ETF,纳指;国债ETF,
2015-07-28,1515718.7210502268,1061003.1047351586,454715.6163150682,1.0,False,normal,-0.03059897727743681,2,纳指;国债ETF,纳指;国债ETF,
2015-07-29,1527184.0763041624,1069028.8534129136,458155.22289124876,1.0,False,normal,-0.023266134478384028,2,纳指;国债ETF,纳指;国债ETF,
2015-07-30,1532471.676200965,1072730.1733406754,459741.50286028953,1.0,False,normal,-0.01988436932860973,2,纳指;国债ETF,纳指;国债ETF,
2015-07-31,1534199.3380556968,1073939.5366389877,460259.8014167091,1.0,False,normal,-0.018779416842613274,2,纳指;国债ETF,纳指;国债ETF,
2015-08-03,1535996.8893826734,1075197.8225678713,460799.0668148021,1.0,False,normal,-0.017629765478829863,2,纳指;国债ETF,纳指;国债ETF,
2015-08-04,1529005.8201337557,1070304.074093629,458701.7460401268,1.0,False,normal,-0.02210101043061703,2,纳指;国债ETF,纳指;国债ETF,
2015-08-05,1527046.8609113886,1068932.802637972,458114.0582734167,1.0,False,normal,-0.023353892675363988,2,纳指;国债ETF,纳指;国债ETF,
2015-08-06,1534469.2376420991,1074128.4663494693,460340.7712926299,1.0,False,normal,-0.018606798446167302,2,纳指;国债ETF,纳指;国债ETF,
2015-08-07,1526710.4136423217,1068697.2895496252,458013.12409269647,1.0,False,normal,-0.023569072657108697,2,纳指;国债ETF,纳指;国债ETF,
2015-08-10,1524120.3156141415,1294238.3193852343,229881.99622890726,1.0,False,normal,-0.025225609349965424,3,纳指;国债ETF;消费ETF,纳指;国债ETF,消费ETF
2015-08-11,1550288.0183720652,1316484.4105086448,233803.6078634204,1.0,False,normal,-0.008489655994283007,3,纳指;国债ETF;消费ETF,纳指;国债ETF,消费ETF
2015-08-12,1536778.0139761923,1305088.4255124147,231689.58846377768,1.0,False,normal,-0.017130185332913144,3,纳指;国债ETF;消费ETF,纳指;国债ETF,消费ETF
2015-08-13,1541948.284865859,1309481.2529052978,232467.03196056117,1.0,False,normal,-0.01382345973891724,3,纳指;国债ETF;消费ETF,纳指;国债ETF,消费ETF
2015-08-14,1545836.615608316,1312787.508655115,233049.10695320088,1.0,False,normal,-0.011336618515626415,3,纳指;国债ETF;消费ETF,纳指;国债ETF,消费ETF
2015-08-17,1549708.9183026631,1316230.8494338254,233478.06886883778,1.0,False,normal,-0.008860028274931523,3,纳指;国债ETF;消费ETF,纳指;国债ETF,消费ETF
2015-08-18,1540315.8568138448,1078221.0997696912,462094.7570441535,1.0,False,normal,-0.01486750399407237,2,纳指;国债ETF,纳指;国债ETF,
2015-08-19,1534172.7707590514,1299920.7091934562,234252.0615655952,1.0,False,normal,-0.018796408362333473,3,纳指;国债ETF;消费ETF,纳指;国债ETF,消费ETF
2015-08-20,1518917.4771767696,1063242.2340237387,455675.243153031,1.0,False,normal,-0.028553164015750566,2,纳指;国债ETF,纳指;国债ETF,
2015-08-21,1501792.8189815672,1051254.9732870967,450537.84569447045,1.0,False,normal,-0.03950550031512751,3,纳指;黄金;国债ETF,纳指;黄金;国债ETF,
2015-08-24,1474668.7528848026,1032268.1270193618,442400.6258654408,1.0,False,normal,-0.05685311042868407,2,黄金;国债ETF,黄金;国债ETF,
2015-08-25,1472445.5800526068,1030711.9060368247,441733.6740157821,1.0,False,normal,-0.05827497451684842,2,黄金;国债ETF,黄金;国债ETF,
2015-08-26,1468822.784622674,1028175.9492358718,440646.8353868023,1.0,False,normal,-0.06059198858160705,2,黄金;国债ETF,黄金;国债ETF,
2015-08-27,1464270.7757966788,1024989.5430576751,439281.2327390037,1.0,False,normal,-0.06350329524429998,3,纳指;黄金;国债ETF,纳指;黄金;国债ETF,
2015-08-28,1473960.2535332653,1031772.1774732856,442188.07605997974,1.0,False,normal,-0.057306241993558237,3,纳指;黄金;国债ETF,纳指;黄金;国债ETF,
2015-08-31,1472832.793023264,1030982.9551162848,441849.83790697926,1.0,False,normal,-0.05802732655647585,3,纳指;黄金;国债ETF,纳指;黄金;国债ETF,
2015-09-01,1466389.6023816392,1026472.7216671474,439916.8807144918,1.0,False,normal,-0.062148167389832955,3,纳指;黄金;国债ETF,纳指;黄金;国债ETF,
2015-09-02,1466181.3741213079,1026326.9618849155,439854.4122363924,1.0,False,normal,-0.06228134294920393,3,纳指;黄金;国债ETF,纳指;黄金;国债ETF,
2015-09-07,1458467.7516373969,1020927.4261461776,437540.3254912193,1.0,False,normal,-0.06721470784135089,3,纳指;黄金;国债ETF,纳指;黄金;国债ETF,
2015-09-08,1465677.7478133792,1025974.4234693653,439703.3243440138,1.0,False,normal,-0.0626034448347291,2,纳指;国债ETF,纳指;国债ETF,
2015-09-09,1469709.831461716,1028796.8820232011,440912.9494385149,1.0,False,normal,-0.06002466424825436,3,纳指;黄金;国债ETF,纳指;黄金;国债ETF,
2015-09-10,1458296.1814639429,1020807.32702476,437488.8544391829,1.0,False,normal,-0.06732443816222451,1,国债ETF,国债ETF,
2015-09-11,1456109.5055754296,1019276.6539028006,436832.851672629,1.0,False,normal,-0.06872296007347907,2,纳指;国债ETF,纳指;国债ETF,
2015-09-14,1456273.0672267263,0.0,1456273.0672267263,1.0,False,normal,-0.06861835172508093,0,,,
2015-09-15,1456273.0672267263,1019391.1470587084,436881.92016801797,1.0,False,normal,-0.06861835172508093,2,黄金;国债ETF,黄金;国债ETF,
2015-09-16,1455505.466639582,1018853.8266477074,436651.6399918747,1.0,False,normal,-0.06910928238647997,2,黄金;国债ETF,黄金;国债ETF,
2015-09-17,1461672.8978145877,1023171.0284702113,438501.8693443764,1.0,False,normal,-0.06516480772532458,2,黄金;国债ETF,黄金;国债ETF,
2015-09-18,1464526.908460495,1025168.8359223465,439358.0725381486,0.6899395748957283,False,normal,-0.06333948169313922,1,黄金,黄金,
2015-09-21,1477387.4452073544,1034171.211645148,443216.2335622064,1.0,False,normal,-0.055114329293802056,2,黄金;国债ETF,黄金;国债ETF,
2015-09-22,1473994.6489321496,1031796.2542525047,442198.39467964496,1.0,False,normal,-0.05728424389167275,2,黄金;国债ETF,黄金;国债ETF,
2015-09-23,1472558.0426485247,1030790.6298539672,441767.4127945575,0.6876147459903117,False,normal,-0.058203047348577126,1,黄金,黄金,
2015-09-24,1480569.9871903174,1036398.9910332221,444170.9961570953,0.6866744717265247,False,normal,-0.053078886034907596,1,黄金,黄金,
2015-09-25,1487237.4849597074,1041066.239471795,446171.2454879123,1.0,False,normal,-0.04881458615730987,2,黄金;国债ETF,黄金;国债ETF,
2015-09-28,1484294.2477092082,1039005.9733964456,445288.27431276254,1.0,False,normal,-0.05069697842516556,2,黄金;国债ETF,黄金;国债ETF,
2015-09-29,1478075.9539609612,1034653.1677726727,443422.7861882885,1.0,False,normal,-0.05467398302069049,2,黄金;国债ETF,黄金;国债ETF,
2015-09-30,1479361.1768183801,1035552.823772866,443808.3530455141,1.0,False,normal,-0.05385199914260983,2,黄金;国债ETF,黄金;国债ETF,
2015-10-08,1486023.1215832143,1040216.1851082499,445806.9364749644,1.0,False,normal,-0.04959125077375899,2,黄金;国债ETF,黄金;国债ETF,
2015-10-09,1483501.1956764082,1038450.8369734857,445050.3587029226,0.6831839732470031,False,normal,-0.05120418694676762,1,黄金,黄金,
2015-10-12,1494583.8664629534,1046208.7065240673,448375.15993888606,0.6815108522567891,False,normal,-0.044116095834763516,1,黄金,黄金,
2015-10-13,1488452.3267862287,1041916.62875036,446535.6980358687,0.6816542385956064,False,normal,-0.04803761554084884,1,黄金,黄金,
2015-10-14,1504374.6778744892,1053062.2745121424,451312.4033623468,1.0,False,normal,-0.03785423308687175,2,黄金;国债ETF,黄金;国债ETF,
2015-10-15,1505773.3816961623,0.0,1505773.3816961623,0.0,True,normal,-0.036959670727520315,0,,黄金,消费ETF
2015-10-16,1505773.3816961623,0.0,1505773.3816961623,0.0,True,normal,-0.036959670727520315,0,,黄金,消费ETF
2015-10-19,1505773.3816961623,0.0,1505773.3816961623,0.0,True,normal,-0.036959670727520315,0,,黄金,消费ETF
2015-10-20,1505773.3816961623,0.0,1505773.3816961623,0.0,True,normal,-0.036959670727520315,0,,黄金;国债ETF,消费ETF
2015-10-21,1505773.3816961623,0.0,1505773.3816961623,0.0,True,normal,-0.036959670727520315,0,,黄金;国债ETF,
2015-10-22,1505773.3816961623,1256454.9431039663,249318.43859219598,1.0,False,normal,-0.036959670727520315,3,黄金;国债ETF;消费ETF,黄金;国债ETF,消费ETF
2015-10-23,1515595.9368720108,1264239.012527049,251356.92434496176,0.465700267589725,False,normal,-0.03067750577107069,4,创业板;黄金;国债ETF;消费ETF,创业板;黄金;国债ETF,消费ETF
2015-10-26,1509746.3722571903,1259359.445727809,250386.9265293812,0.37967467505277264,False,normal,-0.03441868402620212,5,沪深300;创业板;纳指;国债ETF;消费ETF,沪深300;创业板;纳指;国债ETF,消费ETF
2015-10-27,1511068.4634124897,1260349.7127712518,250718.75064123794,0.4629573728636246,False,normal,-0.0335731204659713,6,沪深300;创业板;纳指;黄金;国债ETF;消费ETF,沪深300;创业板;纳指;黄金;国债ETF,消费ETF
2015-10-28,1502579.598411934,1253264.1344449176,249315.46396701643,0.46266669026326157,False,normal,-0.03900230353206858,6,沪深300;创业板;纳指;黄金;国债ETF;消费ETF,沪深300;创业板;纳指;黄金;国债ETF,消费ETF
2015-10-29,1501100.0857132357,1252040.855792596,249059.22992063966,0.4627584983968061,False,normal,-0.03994854844105499,6,沪深300;创业板;纳指;黄金;国债ETF;消费ETF,沪深300;创业板;纳指;黄金;国债ETF,消费ETF
2015-10-30,1503437.789225715,1253832.9605824375,249604.82864327752,0.46276035718972836,False,normal,-0.038453434509725194,6,沪深300;创业板;纳指;黄金;国债ETF;消费ETF,沪深300;创业板;纳指;黄金;国债ETF,消费ETF
2015-11-02,1492129.1210667011,1244483.3352431245,247645.78582357662,0.4622139519409543,False,normal,-0.045686065687746275,6,沪深300;创业板;纳指;黄金;国债ETF;消费ETF,沪深300;创业板;纳指;黄金;国债ETF,消费ETF
2015-11-03,1490029.6831434204,1242805.8267101806,247223.85643323977,0.3794223494707514,False,normal,-0.0470287932279595,5,沪深300;创业板;纳指;国债ETF;消费ETF,沪深300;创业板;纳指;国债ETF,消费ETF
2015-11-04,1533086.1168758653,1278215.502577085,254870.61429878022,0.2816731386669534,False,normal,-0.01949139442477138,4,沪深300;创业板;纳指;消费ETF,沪深300;创业板;纳指,消费ETF
2015-11-05,1531811.2222001029,1277150.939692679,254660.28250742378,0.2816679342903759,False,normal,-0.020306772756769075,4,沪深300;创业板;纳指;消费ETF,沪深300;创业板;纳指,消费ETF
2015-11-06,1555946.0327290944,1297297.1076703293,258648.9250587651,0.28137609323741575,False,normal,-0.004870986627658931,4,沪深300;创业板;纳指;消费ETF,沪深300;创业板;纳指,消费ETF
2015-11-09,1573129.1643226203,1311202.4333326535,261926.73098996677,0.28136541040889934,False,normal,0.0,4,沪深300;创业板;纳指;消费ETF,沪深300;创业板;纳指,消费ETF
2015-11-10,1567921.942269804,1306717.2922551918,261204.65001461213,0.2813545619735321,False,normal,-0.0033101045806740855,4,沪深300;创业板;纳指;消费ETF,沪深300;创业板;纳指,消费ETF
2015-11-11,1576257.6198574866,1313665.0185729852,262592.6012845014,0.2813623814907316,False,normal,0.0,4,沪深300;创业板;纳指;消费ETF,沪深300;创业板;纳指,消费ETF
2015-11-12,1568332.2566919795,1307072.7246297873,261259.53206219221,0.28129766897048925,False,normal,-0.005027961841810887,4,沪深300;创业板;纳指;消费ETF,沪深300;创业板;纳指,消费ETF
2015-11-13,1548835.157411071,1290809.661763112,258025.49564795895,0.2810222576773136,False,normal,-0.01739719580159422,4,沪深300;创业板;纳指;消费ETF,沪深300;创业板;纳指,消费ETF
2015-11-16,1557079.0748523886,1297704.6913991328,259374.38345325575,0.2809912546225786,False,normal,-0.012167138647572068,4,沪深300;创业板;纳指;消费ETF,沪深300;创业板;纳指,消费ETF
2015-11-17,1550804.8656513912,1292482.5355766562,258322.330074735,0.280937822666894,False,normal,-0.016147585195113348,4,沪深300;创业板;纳指;消费ETF,沪深300;创业板;纳指,消费ETF
2015-11-18,1539145.1186033185,1282815.675465219,256329.4431380995,0.28078586315789655,False,normal,-0.0235446926864173,4,沪深300;创业板;纳指;消费ETF,沪深300;创业板;纳指,消费ETF
2015-11-19,1571095.294238308,1309638.545795977,261456.74844233086,0.28015559949493124,False,normal,-0.003275051967485702,4,沪深300;创业板;纳指;消费ETF,沪深300;创业板;纳指,消费ETF
2015-11-20,1572535.496987345,1310926.1776335067,261609.31935383822,0.28041778043036264,False,normal,-0.0023613670907920285,4,沪深300;创业板;纳指;消费ETF,沪深300;创业板;纳指,消费ETF
2015-11-23,1567018.2258231547,1306337.1540188866,260681.07180426805,0.28043580728054446,False,normal,-0.005861601503418746,4,沪深300;创业板;纳指;消费ETF,沪深300;创业板;纳指,消费ETF
2015-11-24,1574444.868929834,1312520.0965236074,261924.77240622672,0.2805431714186637,False,normal,-0.0011500346801282145,4,沪深300;创业板;纳指;消费ETF,沪深300;创业板;纳指,消费ETF
2015-11-25,1586744.3106423158,1322819.7118591075,263924.5987832083,0.28044667713339055,False,normal,0.0,4,沪深300;创业板;纳指;消费ETF,沪深300;创业板;纳指,消费ETF
2015-11-26,1575401.0602839268,1313368.2374548132,262032.82282911357,0.3748434931831839,False,normal,-0.007148757542289364,5,沪深300;创业板;纳指;国债ETF;消费ETF,沪深300;创业板;纳指;国债ETF,消费ETF
2015-11-27,1533223.9102341244,1073256.7371638871,459967.1730702373,0.3721898247842887,False,normal,-0.03372969422308895,4,沪深300;创业板;纳指;国债ETF,沪深300;创业板;纳指;国债ETF,
2015-11-30,1536079.3584553069,1279511.4547425068,256567.9037128,0.37223904082075837,False,normal,-0.031930130045022626,5,沪深300;创业板;纳指;国债ETF;消费ETF,沪深300;创业板;纳指;国债ETF,消费ETF
2015-12-01,1538692.349457065,1281642.944964968,257049.4044920972,0.27846499131340974,False,normal,-0.03028336756146879,4,沪深300;创业板;纳指;消费ETF,沪深300;创业板;纳指,消费ETF
2015-12-02,1552041.6918708638,1292791.5501164945,259250.14175436925,0.3722574214010979,False,normal,-0.02187032815476385,5,沪深300;创业板;纳指;国债ETF;消费ETF,沪深300;创业板;纳指;国债ETF,消费ETF
2015-12-03,1562685.611152679,1301673.7653126407,261011.84584003827,0.3721836721854549,False,normal,-0.015162303925260539,5,沪深300;创业板;纳指;国债ETF;消费ETF,沪深300;创业板;纳指;国债ETF,消费ETF
2015-12-04,1553449.026192442,1293934.1527117707,259514.87348067132,0.37198792908236,False,normal,-0.02098339614426962,5,沪深300;创业板;纳指;国债ETF;消费ETF,沪深300;创业板;纳指;国债ETF,消费ETF
2015-12-07,1565321.1234019757,1303827.4979737555,261493.62542822026,0.37185883005625414,False,normal,-0.013501348072688485,5,沪深300;创业板;纳指;国债ETF;消费ETF,沪深300;创业板;纳指;国债ETF,消费ETF
2015-12-08,1551163.6580516696,1291720.473857978,259443.1841936917,0.3716838601954513,False,normal,-0.022423683735310253,5,沪深300;创业板;纳指;国债ETF;消费ETF,沪深300;创业板;纳指;国债ETF,消费ETF
2015-12-09,1547942.5071931998,1083559.7550352397,464382.7521579601,0.3717624150569281,False,normal,-0.024453721490521014,4,沪深300;创业板;纳指;国债ETF,沪深300;创业板;纳指;国债ETF,
2015-12-10,1546258.8230352027,1287702.4748559457,258556.348179257,0.3717842436735755,False,normal,-0.025514815043341493,5,沪深300;创业板;纳指;国债ETF;消费ETF,沪深300;创业板;纳指;国债ETF,消费ETF
2015-12-11,1540452.7651795927,1078316.9356257147,462135.82955387793,0.371902241377257,False,normal,-0.02917391614530778,4,沪深300;创业板;纳指;国债ETF,沪深300;创业板;纳指;国债ETF,
2015-12-14,1548997.9136429788,1289707.0637762388,259290.84986673994,0.37200111496557453,False,normal,-0.023788581907098334,5,沪深300;创业板;纳指;国债ETF;消费ETF,沪深300;创业板;纳指;国债ETF,消费ETF
2015-12-15,1551035.9944547336,1291697.1353361264,259338.85911860713,0.37269328105635813,False,normal,-0.022504140048327917,5,沪深300;创业板;纳指;国债ETF;消费ETF,沪深300;创业板;纳指;国债ETF,消费ETF
2015-12-16,1554066.4746949398,1294408.4039671693,259658.07072777045,0.3730768708787804,False,normal,-0.02059426697055429,5,沪深300;创业板;纳指;国债ETF;消费ETF,沪深300;创业板;纳指;国债ETF,消费ETF
2015-12-17,1575240.0226837802,1311955.0650882837,263284.95759549644,0.37264001987912615,False,normal,-0.007250246861687911,5,沪深300;创业板;纳指;国债ETF;消费ETF,沪深300;创业板;纳指;国债ETF,消费ETF
2015-12-18,1575524.6067995029,1312260.1747475315,263264.4320519713,0.37458983576287574,False,normal,-0.0070708959014771375,5,沪深300;创业板;纳指;国债ETF;消费ETF,沪深300;创业板;纳指;国债ETF,消费ETF
2015-12-21,1590863.9636048242,1324490.222365339,266373.7412394851,0.3760952682421728,False,normal,0.0,5,沪深300;创业板;纳指;国债ETF;消费ETF,沪深300;创业板;纳指;国债ETF,消费ETF
2015-12-22,1591063.5467084015,1324677.9199269754,266385.62678142614,0.37623143090972616,False,normal,0.0,5,沪深300;创业板;纳指;国债ETF;消费ETF,沪深300;创业板;纳指;国债ETF,消费ETF
2015-12-23,1583115.4664854049,1317994.9731156346,265120.49336977024,0.37618417674928095,False,normal,-0.004995451149289209,5,沪深300;创业板;纳指;国债ETF;消费ETF,沪深300;创业板;纳指;国债ETF,消费ETF
2015-12-24,1585360.1408428934,1319889.180538629,265470.96030426444,0.37625295394931113,False,normal,-0.0035846499514789088,5,沪深300;创业板;纳指;国债ETF;消费ETF,沪深300;创业板;纳指;国债ETF,消费ETF
2015-12-25,1583903.7588839182,1318712.0111369637,265191.74774695444,0.3762715715474372,False,normal,-0.004500001171729157,5,沪深300;创业板;纳指;国债ETF;消费ETF,沪深300;创业板;纳指;国债ETF,消费ETF
2015-12-28,1563546.2811430097,1301668.0270180088,261878.2541250009,0.30187956470060456,False,normal,-0.01729488782664884,4,沪深300;创业板;国债ETF;消费ETF,沪深300;创业板;国债ETF,消费ETF
2015-12-29,1570727.3103745459,1307654.6886118166,263072.62176272925,0.3756069810839704,False,normal,-0.012781536209491661,5,沪深300;创业板;纳指;国债ETF;消费ETF,沪深300;创业板;纳指;国债ETF,消费ETF
2015-12-30,1580810.4783357133,1315950.617214924,264859.8611207893,0.3755875730780452,False,normal,-0.0064441601932869646,5,沪深300;创业板;纳指;国债ETF;消费ETF,沪深300;创业板;纳指;国债ETF,消费ETF
2015-12-31,1572336.76539115,1308892.2060050643,263444.5593860857,1.0,False,normal,-0.011769976979230993,3,纳指;国债ETF;消费ETF,纳指;国债ETF,消费ETF
2016-01-04,1556733.3666042178,1295482.215389513,261251.15121470485,1.0,False,normal,-0.02157687552782297,4,纳指;黄金;国债ETF;消费ETF,纳指;黄金;国债ETF,消费ETF
2016-01-05,1551729.4131094543,1086210.589176618,465518.8239328363,1.0,False,normal,-0.02472191238390309,3,纳指;黄金;国债ETF,纳指;黄金;国债ETF,
2016-01-06,1556757.6398661118,1295426.513344789,261331.12652132288,1.0,False,normal,-0.02156161953006963,4,纳指;黄金;国债ETF;消费ETF,纳指;黄金;国债ETF,消费ETF
2016-01-07,1558897.3956452538,1091228.1769516775,467669.2186935763,1.0,False,normal,-0.02021676075081549,3,纳指;黄金;国债ETF,纳指;黄金;国债ETF,
2016-01-08,1554042.603347504,1087829.8223432528,466212.7810042512,1.0,False,normal,-0.02326804824199923,2,黄金;国债ETF,黄金;国债ETF,
2016-01-11,1556420.9459846742,1089494.6621892718,466926.2837954024,1.0,False,normal,-0.021773235139096816,3,纳指;黄金;国债ETF,纳指;黄金;国债ETF,
2016-01-12,1550549.477686741,1085384.6343807187,465164.84330602223,1.0,False,normal,-0.025463514078665348,2,黄金;国债ETF,黄金;国债ETF,
2016-01-13,1547022.3148476777,1082915.6203933742,464106.6944543035,1.0,False,normal,-0.02768037263617565,2,黄金;国债ETF,黄金;国债ETF,
2016-01-14,1550379.0317791356,1085265.3222453948,465113.70953374077,1.0,False,normal,-0.025570641105714623,2,黄金;国债ETF,黄金;国债ETF,
2016-01-15,1547878.6429890655,1083515.0500923458,464363.5928967197,1.0,False,normal,-0.027142161486055742,2,黄金;国债ETF,黄金;国债ETF,
2016-01-18,1549447.184899137,1084613.0294293957,464834.1554697412,1.0,False,normal,-0.02615631656910293,2,黄金;国债ETF,黄金;国债ETF,
2016-01-19,1547592.5545536762,1083314.7881875732,464277.76636610297,1.0,False,normal,-0.02732197104550495,2,黄金;国债ETF,黄金;国债ETF,
2016-01-20,1551665.8897824413,1086166.1228477089,465499.76693473244,1.0,False,normal,-0.024761837456125646,2,黄金;国债ETF,黄金;国债ETF,
2016-01-21,1557855.496454214,1090498.8475179498,467356.6489362642,1.0,False,normal,-0.02087160523719401,2,黄金;国债ETF,黄金;国债ETF,
2016-01-22,1554486.5594677443,1088140.5916274209,466345.96784032346,1.0,False,normal,-0.022989017199424765,2,黄金;国债ETF,黄金;国债ETF,
2016-01-25,1554739.143163947,1088317.400214763,466421.74294918403,1.0,False,normal,-0.022830265717294993,2,黄金;国债ETF,黄金;国债ETF,
2016-01-26,1564383.8470257232,1095068.692918006,469315.1541077171,1.0,False,normal,-0.016768468951396314,2,黄金;国债ETF,黄金;国债ETF,
2016-01-27,1562510.1943203353,1093757.1360242346,468753.0582961007,1.0,False,normal,-0.017946079179010498,2,黄金;国债ETF,黄金;国债ETF,
2016-01-28,1558960.1981294854,1091272.1386906398,467688.0594388456,1.0,False,normal,-0.020177288735784123,2,黄金;国债ETF,黄金;国债ETF,
2016-01-29,1559708.0915910122,1091795.6641137085,467912.42747730366,1.0,False,normal,-0.019707229910620235,2,黄金;国债ETF,黄金;国债ETF,
2016-02-01,1564355.66399741,1095048.964798187,469306.6991992232,1.0,False,normal,-0.016786182278039616,2,黄金;国债ETF,黄金;国债ETF,
2016-02-02,1565696.6909792616,1095987.6836854832,469709.0072937785,1.0,False,normal,-0.015943332861606267,2,黄金;国债ETF,黄金;国债ETF,
2016-02-03,1568631.7422078198,1098042.2195454738,470589.522662346,1.0,False,normal,-0.014098622614407011,2,黄金;国债ETF,黄金;国债ETF,
2016-02-04,1573524.055151691,1101466.8386061836,472057.2165455073,1.0,False,normal,-0.011023753006595074,2,黄金;国债ETF,黄金;国债ETF,
2016-02-05,1580541.3584579201,1106378.950920544,474162.40753737604,1.0,False,normal,-0.006613304837666432,2,黄金;国债ETF,黄金;国债ETF,
2016-02-15,1603277.9775854459,1122294.584309812,480983.3932756339,1.0,False,normal,0.0,2,黄金;国债ETF,黄金;国债ETF,
2016-02-16,1595584.6723677479,1116909.2706574234,478675.40171032446,1.0,False,normal,-0.004798484932278671,2,黄金;国债ETF,黄金;国债ETF,
2016-02-17,1600306.4880079762,1120214.5416055832,480091.94640239305,1.0,False,normal,-0.0018533838916347772,2,黄金;国债ETF,黄金;国债ETF,
2016-02-18,1600888.2682991768,1120621.7878094236,480266.4804897532,1.0,False,normal,-0.0014905146329446636,2,黄金;国债ETF,黄金;国债ETF,
2016-02-19,1609591.9490909388,1126714.364363657,482877.5847272817,1.0,False,normal,0.0,2,黄金;国债ETF,黄金;国债ETF,
2016-02-22,1605451.3876481839,1123815.9713537286,481635.4162944553,1.0,False,normal,-0.002572429270097571,2,黄金;国债ETF,黄金;国债ETF,
2016-02-23,1606245.785934938,1124372.0501544564,481873.7357804815,1.0,False,normal,-0.0020788890985014774,2,黄金;国债ETF,黄金;国债ETF,
2016-02-24,1611543.4392918316,1128080.407504282,483463.0317875496,1.0,False,normal,0.0,2,黄金;国债ETF,黄金;国债ETF,
2016-02-25,1619235.5496003926,1133464.8847202747,485770.66488011787,1.0,False,normal,0.0,2,黄金;国债ETF,黄金;国债ETF,
2016-02-26,1619267.0331543013,1133486.9232080108,485780.1099462905,1.0,False,normal,0.0,2,黄金;国债ETF,黄金;国债ETF,
2016-02-29,1613937.6550047842,1129756.358503349,484181.29650143534,1.0,False,normal,-0.0032912287105207015,2,黄金;国债ETF,黄金;国债ETF,
2016-03-01,1623295.3441259325,1136306.7408881527,486988.6032377798,1.0,False,normal,0.0,2,黄金;国债ETF,黄金;国债ETF,
2016-03-02,1616832.53888857,1131782.777221999,485049.761666571,1.0,False,normal,-0.003981287361384345,2,黄金;国债ETF,黄金;国债ETF,
2016-03-03,1621300.0805086654,1134910.0563560657,486390.02415259974,1.0,False,normal,-0.001229143929037441,2,黄金;国债ETF,黄金;国债ETF,
2016-03-04,1628387.5124882932,1139871.258741805,488516.25374648813,1.0,False,normal,0.0,2,黄金;国债ETF,黄金;国债ETF,
2016-03-07,1627810.5161036109,1139467.3612725276,488343.15483108326,1.0,False,normal,-0.0003543360411801947,2,黄金;国债ETF,黄金;国债ETF,
2016-03-08,1630758.7834385415,1141531.148406979,489227.63503156253,1.0,False,normal,0.0,2,黄金;国债ETF,黄金;国债ETF,
2016-03-09,1625202.4168849704,1137641.6918194792,487560.72506549116,1.0,False,normal,-0.003407227733494209,2,黄金;国债ETF,黄金;国债ETF,
2016-03-10,1622501.3905640924,1135750.9733948647,486750.41716922773,1.0,False,normal,-0.0050635280694535795,2,黄金;国债ETF,黄金;国债ETF,
2016-03-11,1631227.6569950692,1141859.3598965483,489368.2970985209,1.0,False,normal,0.0,2,黄金;国债ETF,黄金;国债ETF,
2016-03-14,1624087.866273706,1349193.6336054965,274894.2326682096,1.0,False,normal,-0.004376943151218737,3,黄金;国债ETF;消费ETF,黄金;国债ETF,消费ETF
2016-03-15,1612660.1471498068,1339705.6875373712,272954.45961243566,1.0,False,normal,-0.011382537419372922,3,黄金;国债ETF;消费ETF,黄金;国债ETF,消费ETF
2016-03-16,1616938.1276562524,1343512.3667394058,273425.7609168466,1.0,False,normal,-0.008759984713071888,4,纳指;黄金;国债ETF;消费ETF,纳指;黄金;国债ETF,消费ETF
2016-03-17,1625643.6116249864,1427506.2460859353,198137.36553905113,1.0,False,normal,-0.003423216462850664,5,纳指;黄金;国债ETF;消费ETF;医药ETF,纳指;黄金;国债ETF,消费ETF;医药ETF
2016-03-18,1628485.4377331217,1430670.9468987426,197814.4908343791,0.5206111891037802,False,normal,-0.0016810769791624754,6,创业板;纳指;黄金;国债ETF;消费ETF;医药ETF,创业板;纳指;黄金;国债ETF,消费ETF;医药ETF
2016-03-21,1632679.3742555962,1434810.5839298915,197868.79032570473,1.0,False,normal,0.0,5,纳指;黄金;国债ETF;消费ETF;医药ETF,纳指;黄金;国债ETF,消费ETF;医药ETF
2016-03-22,1635219.6433902215,1437988.3522314099,197231.29115881165,0.43360257294608306,False,normal,0.0,7,沪深300;创业板;纳指;黄金;国债ETF;消费ETF;医药ETF,沪深300;创业板;纳指;黄金;国债ETF,消费ETF;医药ETF
2016-03-23,1640700.9903160173,1443772.4014384726,196928.58887754474,0.43413697402588536,False,normal,0.0,7,沪深300;创业板;纳指;黄金;国债ETF;消费ETF;医药ETF,沪深300;创业板;纳指;黄金;国债ETF,消费ETF;医药ETF
2016-03-24,1624322.1275214485,1430151.0918290382,194171.0356924103,0.43357827348246925,False,normal,-0.009982844461752906,7,沪深300;创业板;纳指;黄金;国债ETF;消费ETF;医药ETF,沪深300;创业板;纳指;黄金;国债ETF,消费ETF;医药ETF
2016-03-25,1632313.9825150827,1437558.799495799,194755.1830192837,0.4338042526376904,False,normal,-0.005111844175408935,7,沪深300;创业板;纳指;黄金;国债ETF;消费ETF;医药ETF,沪深300;创业板;纳指;黄金;国债ETF,消费ETF;医药ETF
2016-03-28,1629916.0845774894,1436228.8261466597,193687.25843082974,0.43376054713114554,False,normal,-0.00657335236717971,7,沪深300;创业板;纳指;黄金;国债ETF;消费ETF;医药ETF,沪深300;创业板;纳指;黄金;国债ETF,消费ETF;医药ETF
2016-03-29,1621607.0844782973,1429748.6443255208,191858.44015277643,0.43374553802043075,False,normal,-0.011637651193251445,7,沪深300;创业板;纳指;黄金;国债ETF;消费ETF;医药ETF,沪深300;创业板;纳指;黄金;国债ETF,消费ETF;医药ETF
2016-03-30,1647531.5844843066,1453047.4240624807,194484.16042182595,0.43310302050923893,False,normal,0.0,7,沪深300;创业板;纳指;黄金;国债ETF;消费ETF;医药ETF,沪深300;创业板;纳指;黄金;国债ETF,消费ETF;医药ETF
2016-03-31,1642707.798612773,1449723.0160081063,192984.78260466666,0.4332240281954927,False,normal,-0.0029278867348959316,7,沪深300;创业板;纳指;黄金;国债ETF;消费ETF;医药ETF,沪深300;创业板;纳指;黄金;国债ETF,消费ETF;医药ETF
2016-04-01,1640869.4725940896,1449025.9871985572,191843.48539553233,0.43322290307986266,False,normal,-0.0040436929725401055,7,沪深300;创业板;纳指;黄金;国债ETF;消费ETF;医药ETF,沪深300;创业板;纳指;黄金;国债ETF,消费ETF;医药ETF
2016-04-05,1652178.2131470249,1459889.3607651326,192288.85238189227,0.43329707702084924,False,normal,0.0,7,沪深300;创业板;纳指;黄金;国债ETF;消费ETF;医药ETF,沪深300;创业板;纳指;黄金;国债ETF,消费ETF;医药ETF
2016-04-06,1654886.6199894038,1463149.2215061607,191737.39848324307,0.4333946599096899,False,normal,0.0,7,沪深300;创业板;纳指;黄金;国债ETF;消费ETF;医药ETF,沪深300;创业板;纳指;黄金;国债ETF,消费ETF;医药ETF
2016-04-07,1648630.1187786479,1458490.832533593,190139.2862450548,0.4333392109045886,False,normal,-0.0037806222705432,7,沪深300;创业板;纳指;黄金;国债ETF;消费ETF;医药ETF,沪深300;创业板;纳指;黄金;国债ETF,消费ETF;医药ETF
2016-04-08,1640384.1821398411,1451923.6272113072,188460.55492853397,0.43326391102832984,False,normal,-0.008763402685348604,7,沪深300;创业板;纳指;黄金;国债ETF;消费ETF;医药ETF,沪深300;创业板;纳指;黄金;国债ETF,消费ETF;医药ETF
2016-04-11,1652599.4947957392,1463373.997838983,189225.4969567561,0.43314420850225205,False,normal,-0.0013820434379239925,7,沪深300;创业板;纳指;黄金;国债ETF;消费ETF;医药ETF,沪深300;创业板;纳指;黄金;国债ETF,消费ETF;医药ETF
2016-04-12,1650040.7791234409,1462023.361379846,188017.41774359485,0.43341044258903266,False,normal,-0.0029282011271527073,7,沪深300;创业板;纳指;黄金;国债ETF;消费ETF;医药ETF,沪深300;创业板;纳指;黄金;国债ETF,消费ETF;医药ETF
2016-04-13,1656453.758681434,1468414.1472152285,188039.61146620545,0.4334730089391165,False,normal,0.0,7,沪深300;创业板;纳指;黄金;国债ETF;消费ETF;医药ETF,沪深300;创业板;纳指;黄金;国债ETF,消费ETF;医药ETF
2016-04-14,1661817.3661222302,1474084.4762018071,187732.88992042304,0.43373965821590416,False,normal,0.0,7,沪深300;创业板;纳指;黄金;国债ETF;消费ETF;医药ETF,沪深300;创业板;纳指;黄金;国债ETF,消费ETF;医药ETF
2016-04-15,1659110.0062561485,1472550.1928364204,186559.81341972807,0.3502303315364596,False,normal,-0.0016291560801288466,6,沪深300;创业板;纳指;国债ETF;消费ETF;医药ETF,沪深300;创业板;纳指;国债ETF,消费ETF;医药ETF
2016-04-18,1647850.103444496,1463401.186153358,184448.91729113786,0.43376420420199674,False,normal,-0.008404812082525156,7,沪深300;创业板;纳指;黄金;国债ETF;消费ETF;医药ETF,沪深300;创业板;纳指;黄金;国债ETF,消费ETF;医药ETF
2016-04-19,1652102.823869525,1468067.6091467296,184035.2147227954,0.43375334626883555,False,normal,-0.005845733984218501,7,沪深300;创业板;纳指;黄金;国债ETF;消费ETF;医药ETF,沪深300;创业板;纳指;黄金;国债ETF,消费ETF;医药ETF
2016-04-20,1624837.6022919517,1137386.3216043662,487451.2806875855,0.6961880557494764,False,normal,-0.022252604037090437,4,沪深300;纳指;黄金;国债ETF,沪深300;纳指;黄金;国债ETF,
2016-04-21,1626738.5210306307,1417769.2261358039,208969.29489482683,0.43279600865987766,False,normal,-0.021108724584732366,6,沪深300;创业板;纳指;黄金;国债ETF;医药ETF,沪深300;创业板;纳指;黄金;国债ETF,医药ETF
2016-04-22,1631397.6405641756,1450701.3069711966,180696.333592979,0.3496522277261824,False,normal,-0.01830509548052057,6,沪深300;创业板;纳指;国债ETF;消费ETF;医药ETF,沪深300;创业板;纳指;国债ETF,消费ETF;医药ETF
2016-04-25,1625225.6348776224,1446070.3241376786,179155.31073994376,0.26194638375561863,False,normal,-0.022019105101779537,5,沪深300;创业板;纳指;消费ETF;医药ETF,沪深300;创业板;纳指,消费ETF;医药ETF
2016-04-26,1631753.9828358274,1452742.687305503,179011.29553032434,0.2619211196050367,False,normal,-0.018090666218366844,5,沪深300;创业板;纳指;消费ETF;医药ETF,沪深300;创业板;纳指,消费ETF;医药ETF
2016-04-27,1625798.433938976,1352675.900266438,273122.5336725379,0.3467329281161123,False,normal,-0.021674422784076868,5,沪深300;创业板;纳指;黄金;消费ETF,沪深300;创业板;纳指;黄金,消费ETF
2016-04-28,1626025.1520886794,1354064.7484523554,271960.403636324,0.352007590014642,False,normal,-0.021537994946502576,5,沪深300;创业板;纳指;国债ETF;消费ETF,沪深300;创业板;纳指;国债ETF,消费ETF
2016-04-29,1622623.477384282,1351260.713169458,271362.76421482395,0.3764338099173043,False,normal,-0.023584955565487425,5,沪深300;创业板;黄金;国债ETF;消费ETF,沪深300;创业板;黄金;国债ETF,消费ETF
2016-05-03,1651730.0280934265,1472184.8456723907,179545.18242103583,0.37555320954639465,False,normal,-0.006070064156533646,6,沪深300;创业板;黄金;国债ETF;消费ETF;医药ETF,沪深300;创业板;黄金;国债ETF,消费ETF;医药ETF
2016-05-04,1646029.4325128538,1467975.4976138943,178053.93489895947,0.4355190885130456,False,normal,-0.009500402349397035,7,沪深300;创业板;纳指;黄金;国债ETF;消费ETF;医药ETF,沪深300;创业板;纳指;黄金;国债ETF,消费ETF;医药ETF
2016-05-05,1648711.9212029637,1471134.7588110515,177577.1623919122,0.4356400895512276,False,normal,-0.00788621252036102,7,沪深300;创业板;纳指;黄金;国债ETF;消费ETF;医药ETF,沪深300;创业板;纳指;黄金;国债ETF,消费ETF;医药ETF
2016-05-06,1627499.7594450382,1355059.0369410492,272440.722503989,0.43512988787985507,False,normal,-0.020650648727585808,6,沪深300;创业板;纳指;黄金;国债ETF;消费ETF,沪深300;创业板;纳指;黄金;国债ETF,消费ETF
2016-05-09,1616943.931820461,1346398.840415655,270545.0914048061,0.34767507945881604,False,normal,-0.02700262689303765,5,沪深300;创业板;纳指;黄金;消费ETF,沪深300;创业板;纳指;黄金,消费ETF
2016-05-10,1614260.129016222,1344205.621302517,270054.50771370507,0.4417614081990696,False,normal,-0.02861760749135792,4,创业板;黄金;国债ETF;消费ETF,创业板;黄金;国债ETF,消费ETF
2016-05-11,1616752.044162912,1444146.2112818155,172605.83288109652,0.4354633071680102,False,normal,-0.02711809545261635,7,沪深300;创业板;纳指;黄金;国债ETF;消费ETF;医药ETF,沪深300;创业板;纳指;黄金;国债ETF,消费ETF;医药ETF
2016-05-12,1615111.6705578114,0.0,1615111.6705578114,0.0,True,normal,-0.02810519165135713,0,,沪深300;创业板;纳指;黄金;国债ETF,消费ETF;医药ETF
2016-05-13,1615111.6705578114,0.0,1615111.6705578114,0.0,True,normal,-0.02810519165135713,0,,黄金;国债ETF,消费ETF
2016-05-16,1615111.6705578114,1345489.5842625406,269622.0862952708,1.0,False,normal,-0.02810519165135713,3,黄金;国债ETF;消费ETF,黄金;国债ETF,消费ETF
2016-05-17,1612821.3224896663,1344038.2495770212,268783.07291264506,1.0,False,normal,-0.0294834105307816,4,纳指;黄金;国债ETF;消费ETF,纳指;黄金;国债ETF,消费ETF
2016-05-18,1603330.2888676522,1336268.914960953,267061.37390669924,1.0,False,normal,-0.03519464800819524,3,黄金;国债ETF;消费ETF,黄金;国债ETF,消费ETF
2016-05-19,1595264.1331285385,1329592.8718083908,265671.26132014766,0.6937247385151359,False,normal,-0.04004846401923842,2,黄金;消费ETF,黄金,消费ETF
2016-05-20,1595903.0887541818,1330256.7499925515,265646.33876163024,0.6938476798911716,False,normal,-0.039663971933243294,2,黄金;消费ETF,黄金,消费ETF
2016-05-23,1594653.7409833,1329247.1329643645,265406.6080189354,0.6974193284878131,False,normal,-0.04041576800683779,2,黄金;消费ETF,黄金,消费ETF
2016-05-24,1588460.0750490194,1324161.375236492,264298.6998125275,0.6970637895061448,False,normal,-0.04414281170041352,2,黄金;消费ETF,黄金,消费ETF
2016-05-25,1570029.1684246268,1308794.4501158409,261234.71830878593,0.8286419830230345,False,normal,-0.05523362528807041,3,纳指;黄金;消费ETF,纳指;黄金,消费ETF
2016-05-26,1572393.904632357,1100675.7332426498,471718.17138970713,0.828595919299375,False,normal,-0.05381064328298514,2,纳指;黄金,纳指;黄金,
2016-05-27,1572586.729731422,1311190.0507393011,261396.67899212078,0.8308778190891911,False,normal,-0.053694610617184495,3,纳指;黄金;消费ETF,纳指;黄金,消费ETF
2016-05-30,1571892.9673077837,1311350.701539279,260542.2657685047,0.4766153591896181,False,normal,-0.054112082740043047,2,纳指;消费ETF,纳指,消费ETF
2016-05-31,1580447.196098709,1421789.2043198792,158657.99177882983,0.8301005685067125,False,normal,-0.04896456835891329,4,纳指;黄金;消费ETF;医药ETF,纳指;黄金,消费ETF;医药ETF
2016-06-01,1581654.15379683,1423659.2143406721,157994.93945615785,0.830229770867412,False,normal,-0.04823828054731258,4,纳指;黄金;消费ETF;医药ETF,纳指;黄金,消费ETF;医药ETF
2016-06-02,1580686.8046874264,1319661.9691878583,261024.83549956814,0.8305190531711526,False,normal,-0.04882038368880329,3,纳指;黄金;消费ETF,纳指;黄金,消费ETF
2016-06-03,1583374.5148675614,1426522.8194877952,156851.69537976617,0.5296201035037612,False,normal,-0.047203051823746046,5,沪深300;纳指;黄金;消费ETF;医药ETF,沪深300;纳指;黄金,消费ETF;医药ETF
2016-06-06,1585984.0088722932,1429642.1780733073,156341.8307989859,0.8333540772750552,False,normal,-0.04563278660812798,4,纳指;黄金;消费ETF;医药ETF,纳指;黄金,消费ETF;医药ETF
2016-06-07,1587685.686810226,1431933.11352669,155752.5732835359,0.8337585164693113,False,normal,-0.04460880047546194,4,纳指;黄金;消费ETF;医药ETF,纳指;黄金,消费ETF;医药ETF
2016-06-08,1591932.7825221983,1436448.5730438044,155484.2094783939,0.8338111072439074,False,normal,-0.04205310705297549,4,纳指;黄金;消费ETF;医药ETF,纳指;黄金,消费ETF;医药ETF
2016-06-13,1593871.295251722,1334329.3291599352,259541.96609178674,0.6770312189584093,False,normal,-0.04088660538495698,2,黄金;消费ETF,黄金,消费ETF
2016-06-14,1593855.3616117984,1438318.2026754345,155537.15893636388,0.6771724800136945,False,normal,-0.0408961934662037,3,黄金;消费ETF;医药ETF,黄金,消费ETF;医药ETF
2016-06-15,1602302.5144449766,1446487.1266349817,155815.38780999486,0.677088644605589,False,normal,-0.03581311213285044,3,黄金;消费ETF;医药ETF,黄金,消费ETF;医药ETF
2016-06-16,1621070.3958408278,0.0,1621070.3958408278,0.0,True,normal,-0.024519523692596506,0,,黄金,消费ETF;医药ETF
2016-06-17,1621070.3958408278,0.0,1621070.3958408278,0.0,True,normal,-0.024519523692596506,0,,创业板;纳指;黄金;国债ETF,消费ETF;医药ETF
2016-06-20,1621070.3958408278,0.0,1621070.3958408278,0.0,True,normal,-0.024519523692596506,0,,创业板;纳指;黄金;国债ETF,消费ETF;医药ETF
2016-06-21,1621070.3958408278,0.0,1621070.3958408278,0.0,True,normal,-0.024519523692596506,0,,黄金;国债ETF,消费ETF;医药ETF
2016-06-22,1621070.3958408278,0.0,1621070.3958408278,0.0,True,normal,-0.024519523692596506,0,,创业板;纳指;黄金;国债ETF,消费ETF;医药ETF
2016-06-23,1621070.3958408278,0.0,1621070.3958408278,0.0,True,normal,-0.024519523692596506,0,,纳指;黄金;国债ETF,消费ETF;医药ETF
2016-06-24,1621070.3958408278,0.0,1621070.3958408278,0.0,True,normal,-0.024519523692596506,0,,创业板;纳指;黄金;国债ETF,消费ETF;医药ETF
2016-06-27,1621070.3958408278,0.0,1621070.3958408278,0.0,True,normal,-0.024519523692596506,0,,创业板;纳指;黄金;国债ETF,消费ETF;医药ETF
2016-06-28,1621070.3958408278,0.0,1621070.3958408278,0.0,True,normal,-0.024519523692596506,0,,创业板;纳指;黄金;国债ETF,消费ETF;医药ETF
2016-06-29,1621070.3958408278,0.0,1621070.3958408278,0.0,True,normal,-0.024519523692596506,0,,创业板;纳指;黄金;国债ETF,消费ETF;医药ETF
2016-06-30,1621070.3958408278,0.0,1621070.3958408278,0.0,True,normal,-0.024519523692596506,0,,创业板;纳指;黄金;国债ETF,消费ETF;医药ETF
2016-07-01,1621070.3958408278,0.0,1621070.3958408278,0.0,True,normal,-0.024519523692596506,0,,纳指;黄金;国债ETF,消费ETF;医药ETF
2016-07-04,1621070.3958408278,0.0,1621070.3958408278,0.0,True,normal,-0.024519523692596506,0,,沪深300;创业板;纳指;黄金;国债ETF,消费ETF;医药ETF
2016-07-05,1621070.3958408278,0.0,1621070.3958408278,0.0,True,normal,-0.024519523692596506,0,,沪深300;创业板;纳指;黄金;国债ETF,消费ETF;医药ETF
2016-07-06,1621070.3958408278,0.0,1621070.3958408278,0.0,True,normal,-0.024519523692596506,0,,沪深300;创业板;纳指;黄金;国债ETF,消费ETF;医药ETF
2016-07-07,1621070.3958408278,0.0,1621070.3958408278,0.0,True,normal,-0.024519523692596506,0,,沪深300;创业板;纳指;黄金;国债ETF,消费ETF;医药ETF
2016-07-08,1621070.3958408278,0.0,1621070.3958408278,0.0,True,normal,-0.024519523692596506,0,,沪深300;创业板;纳指;黄金;国债ETF,消费ETF;医药ETF
2016-07-11,1621070.3958408278,0.0,1621070.3958408278,0.0,True,normal,-0.024519523692596506,0,,沪深300;创业板;纳指;黄金;国债ETF,消费ETF;医药ETF
2016-07-12,1621070.3958408278,0.0,1621070.3958408278,0.0,True,normal,-0.024519523692596506,0,,沪深300;创业板;纳指;黄金;国债ETF,消费ETF;医药ETF
2016-07-13,1621070.3958408278,0.0,1621070.3958408278,0.0,True,normal,-0.024519523692596506,0,,沪深300;创业板;纳指;黄金;国债ETF,消费ETF;医药ETF
2016-07-14,1621070.3958408278,0.0,1621070.3958408278,0.0,True,normal,-0.024519523692596506,0,,沪深300;创业板;纳指;黄金;国债ETF,消费ETF;医药ETF
2016-07-15,1621070.3958408278,0.0,1621070.3958408278,0.0,True,normal,-0.024519523692596506,0,,沪深300;创业板;纳指;黄金;国债ETF,消费ETF;医药ETF
2016-07-18,1621070.3958408278,0.0,1621070.3958408278,0.0,True,normal,-0.024519523692596506,0,,沪深300;创业板;纳指;黄金;国债ETF,消费ETF;医药ETF
2016-07-19,1621070.3958408278,0.0,1621070.3958408278,0.0,True,normal,-0.024519523692596506,0,,沪深300;创业板;纳指;黄金;国债ETF,消费ETF;医药ETF
2016-07-20,1621070.3958408278,0.0,1621070.3958408278,0.0,True,normal,-0.024519523692596506,0,,沪深300;创业板;纳指;黄金;国债ETF,消费ETF;医药ETF
2016-07-21,1621070.3958408278,0.0,1621070.3958408278,0.0,True,normal,-0.024519523692596506,0,,沪深300;创业板;纳指;黄金;国债ETF,消费ETF;医药ETF
2016-07-22,1621070.3958408278,0.0,1621070.3958408278,0.0,True,normal,-0.024519523692596506,0,,沪深300;创业板;纳指;黄金;国债ETF,消费ETF;医药ETF
2016-07-25,1621070.3958408278,0.0,1621070.3958408278,0.0,True,normal,-0.024519523692596506,0,,沪深300;创业板;纳指;黄金;国债ETF,消费ETF;医药ETF
2016-07-26,1621070.3958408278,0.0,1621070.3958408278,0.0,True,normal,-0.024519523692596506,0,,沪深300;创业板;纳指;黄金;国债ETF,消费ETF;医药ETF
2016-07-27,1621070.3958408278,0.0,1621070.3958408278,0.0,True,normal,-0.024519523692596506,0,,沪深300;纳指;黄金;国债ETF,消费ETF;医药ETF
2016-07-28,1621070.3958408278,0.0,1621070.3958408278,0.0,True,normal,-0.024519523692596506,0,,沪深300;纳指;黄金;国债ETF,消费ETF;医药ETF
2016-07-29,1621070.3958408278,0.0,1621070.3958408278,0.0,True,normal,-0.024519523692596506,0,,沪深300;纳指;黄金;国债ETF,消费ETF;医药ETF
2016-08-01,1621070.3958408278,0.0,1621070.3958408278,0.0,True,normal,-0.024519523692596506,0,,沪深300;纳指;黄金;国债ETF,消费ETF;医药ETF
2016-08-02,1621070.3958408278,1482192.8663657445,138877.52947508334,0.8381193946789821,False,normal,-0.024519523692596506,6,沪深300;纳指;黄金;国债ETF;消费ETF;医药ETF,沪深300;纳指;黄金;国债ETF,消费ETF;医药ETF
2016-08-03,1620048.1919123041,1481950.895971598,138097.29594070604,0.8415877603956117,False,normal,-0.025134635767703147,6,沪深300;纳指;黄金;国债ETF;消费ETF;医药ETF,沪深300;纳指;黄金;国债ETF,消费ETF;医药ETF
2016-08-04,1619374.7026795784,1482013.5408969906,137361.16178258788,0.862901380658764,False,normal,-0.025539908480851675,6,沪深300;纳指;黄金;国债ETF;消费ETF;医药ETF,沪深300;纳指;黄金;国债ETF,消费ETF;医药ETF
2016-08-05,1628847.6794745708,1491294.8714625114,137552.80801205942,0.541459304080404,False,normal,-0.019839536714309682,7,沪深300;创业板;纳指;黄金;国债ETF;消费ETF;医药ETF,沪深300;创业板;纳指;黄金;国债ETF,消费ETF;医药ETF
2016-08-08,1630327.2037288945,1493355.796770567,136971.4069583274,0.5469983933999688,False,normal,-0.018949231747900478,7,沪深300;创业板;纳指;黄金;国债ETF;消费ETF;医药ETF,沪深300;创业板;纳指;黄金;国债ETF,消费ETF;医药ETF
2016-08-09,1636298.3766022192,1499493.0980015541,136805.27860066504,0.5503839496647355,False,normal,-0.015356073441185851,7,沪深300;创业板;纳指;黄金;国债ETF;消费ETF;医药ETF,沪深300;创业板;纳指;黄金;国债ETF,消费ETF;医药ETF
2016-08-10,1638272.2296708967,1502012.4277770587,136259.80189383798,0.550465012958943,False,normal,-0.014168305694310414,7,沪深300;创业板;纳指;黄金;国债ETF;消费ETF;医药ETF,沪深300;创业板;纳指;黄金;国债ETF,消费ETF;医药ETF
2016-08-11,1631707.108220538,1496701.7481883094,135005.36003222852,1.0,False,normal,-0.01811887305760507,6,沪深300;纳指;黄金;国债ETF;消费ETF;医药ETF,沪深300;纳指;黄金;国债ETF,消费ETF;医药ETF
2016-08-12,1640653.5466192826,1505496.0358516711,135157.51076761144,0.5544115624331698,False,normal,-0.012735346214567705,7,沪深300;创业板;纳指;黄金;国债ETF;消费ETF;医药ETF,沪深300;创业板;纳指;黄金;国债ETF,消费ETF;医药ETF
2016-08-15,1655879.312500739,1519803.73040768,136075.58209305909,0.5547193921370214,False,normal,-0.0035732287690237244,7,沪深300;创业板;纳指;黄金;国债ETF;消费ETF;医药ETF,沪深300;创业板;纳指;黄金;国债ETF,消费ETF;医药ETF
2016-08-16,1655948.9840793114,1519940.842573395,136008.14150591637,0.5547123192384752,False,normal,-0.0035313038379255856,7,沪深300;创业板;纳指;黄金;国债ETF;消费ETF;医药ETF,沪深300;创业板;纳指;黄金;国债ETF,消费ETF;医药ETF
2016-08-17,1655187.3027807942,1520233.486155997,134953.81662479718,0.5556997326858532,False,normal,-0.003989646200958236,7,沪深300;创业板;纳指;黄金;国债ETF;消费ETF;医药ETF,沪深300;创业板;纳指;黄金;国债ETF,消费ETF;医药ETF
2016-08-18,1652511.6847793204,1520865.263885989,131646.4208933313,0.5599702408287507,False,normal,-0.005599701587319529,7,沪深300;创业板;纳指;黄金;国债ETF;消费ETF;医药ETF,沪深300;创业板;纳指;黄金;国债ETF,消费ETF;医药ETF
2016-08-19,1649764.4862441295,1484181.8641856082,165582.62205852126,0.5605107184540962,False,normal,-0.00725283062014541,6,沪深300;创业板;纳指;黄金;国债ETF;医药ETF,沪深300;创业板;纳指;黄金;国债ETF,医药ETF
2016-08-22,1641972.820280712,1511222.9598838445,130749.86039686762,1.0,False,normal,-0.011941472177429684,6,沪深300;纳指;黄金;国债ETF;消费ETF;医药ETF,沪深300;纳指;黄金;国债ETF,消费ETF;医药ETF
2016-08-23,1645083.5025615662,1514087.70491571,130995.79764585616,1.0,False,normal,-0.010069616494447675,6,沪深300;纳指;黄金;国债ETF;消费ETF;医药ETF,沪深300;纳指;黄金;国债ETF,消费ETF;医药ETF
2016-08-24,1642487.754820867,1511653.8289094206,130833.92591144633,1.0,False,normal,-0.011631609884104123,6,沪深300;纳指;黄金;国债ETF;消费ETF;医药ETF,沪深300;纳指;黄金;国债ETF,消费ETF;医药ETF
2016-08-25,1636320.2757099797,1472377.091130983,163943.18457899662,0.670104666861199,False,normal,-0.015342895634642875,4,沪深300;纳指;国债ETF;医药ETF,沪深300;纳指;国债ETF,医药ETF
2016-08-26,1639769.2292853645,1478869.3459301176,160899.88335524686,0.676582162485405,False,normal,-0.013267484915212997,4,沪深300;纳指;国债ETF;医药ETF,沪深300;纳指;国债ETF,医药ETF
2016-08-29,1639455.686610164,1482740.3883415177,156715.29826864623,0.6767875465752031,False,normal,-0.01345615948414728,4,沪深300;纳指;国债ETF;医药ETF,沪深300;纳指;国债ETF,医药ETF
2016-08-30,1643406.335852597,1488200.61316985,155205.72268274683,0.679371749438641,False,normal,-0.011078852974436367,4,沪深300;纳指;国债ETF;医药ETF,沪深300;纳指;国债ETF,医药ETF
2016-08-31,1642523.5596797825,1490383.7254818995,152139.83419788303,0.6921068303527743,False,normal,-0.01161006428008925,4,沪深300;纳指;国债ETF;医药ETF,沪深300;纳指;国债ETF,医药ETF
2016-09-01,1638455.1231641236,1511984.6213829434,126470.50178118027,0.7632256984422233,False,normal,-0.0140582493806893,4,沪深300;纳指;国债ETF;医药ETF,沪深300;纳指;国债ETF,医药ETF
2016-09-02,1637655.4932973508,1532330.5176648074,105324.97563254344,0.7830506804205561,False,normal,-0.014539427326638134,4,沪深300;纳指;国债ETF;医药ETF,沪深300;纳指;国债ETF,医药ETF
2016-09-05,1642591.9992367302,1540706.6191446849,101885.38009204529,0.7856187926189772,False,normal,-0.011568880719041639,4,沪深300;纳指;国债ETF;医药ETF,沪深300;纳指;国债ETF,医药ETF
2016-09-06,1647331.9155750377,1547419.6156226671,99912.29995237058,0.8180678826113518,False,normal,-0.008716632069499653,4,沪深300;纳指;国债ETF;医药ETF,沪深300;纳指;国债ETF,医药ETF
2016-09-07,1649467.103452138,1555371.042681995,94096.06077014282,1.0,False,normal,-0.007431780965745364,5,沪深300;纳指;黄金;国债ETF;医药ETF,沪深300;纳指;黄金;国债ETF,医药ETF
2016-09-08,1648125.827455216,1556364.731736049,91761.09571916703,1.0,False,normal,-0.008238894926800916,5,沪深300;纳指;黄金;国债ETF;医药ETF,沪深300;纳指;黄金;国债ETF,医药ETF
2016-09-09,1645395.8755745406,1554733.972263226,90661.90331131453,1.0,False,normal,-0.009881645770743363,5,沪深300;纳指;黄金;国债ETF;医药ETF,沪深300;纳指;黄金;国债ETF,医药ETF
2016-09-12,1620478.9904165943,1134335.2932916158,486143.6971249785,0.8253305503478215,False,normal,-0.024875402404836433,3,沪深300;纳指;国债ETF,沪深300;纳指;国债ETF,
2016-09-13,1626158.8820556505,1535734.3981002674,90424.48395538307,0.8279711664204596,False,normal,-0.021457522826221907,4,沪深300;纳指;国债ETF;医药ETF,沪深300;纳指;国债ETF,医药ETF
2016-09-14,1617858.112640857,1132500.6788485995,485357.43379225745,1.0,False,normal,-0.02645251781424692,3,纳指;黄金;国债ETF,纳指;黄金;国债ETF,
2016-09-19,1624760.8108981827,1137332.5676287278,487428.2432694549,0.835046970124272,False,normal,-0.022298813322980955,3,沪深300;纳指;国债ETF,沪深300;纳指;国债ETF,
2016-09-20,1622111.5800949486,1535635.0221834932,86476.5579114554,1.0,False,normal,-0.023892990190572543,5,沪深300;纳指;黄金;国债ETF;医药ETF,沪深300;纳指;黄金;国债ETF,医药ETF
2016-09-21,1624201.4933906356,1537753.629350361,86447.86404027464,1.0,False,normal,-0.022635383104323555,5,沪深300;纳指;黄金;国债ETF;医药ETF,沪深300;纳指;黄金;国债ETF,医药ETF
2016-09-22,1635197.7739253624,1555375.3951042353,79822.37882112712,0.6740929231479943,False,normal,-0.01601836202914603,6,沪深300;创业板;纳指;黄金;国债ETF;医药ETF,沪深300;创业板;纳指;黄金;国债ETF,医药ETF
2016-09-23,1639494.5924724797,1566695.5373494264,72799.05512305326,0.5442326926714757,False,normal,-0.013432747848723963,5,沪深300;创业板;纳指;国债ETF;医药ETF,沪深300;创业板;纳指;国债ETF,医药ETF
2016-09-26,1623696.383402273,1571651.772273058,52044.61112921499,0.6983112270659714,False,normal,-0.022939333465331745,6,沪深300;创业板;纳指;黄金;国债ETF;医药ETF,沪深300;创业板;纳指;黄金;国债ETF,医药ETF
2016-09-27,1622062.1724144407,1135443.5206901084,486618.65172433225,0.5591388261543693,False,normal,-0.023922721303939874,4,沪深300;创业板;纳指;国债ETF,沪深300;创业板;纳指;国债ETF,
2016-09-28,1622307.6095796444,1135615.326705751,486692.2828738934,0.5597542210190216,False,normal,-0.023775029283019156,4,沪深300;创业板;纳指;国债ETF,沪深300;创业板;纳指;国债ETF,
2016-09-29,1625012.1446822733,1137508.501277591,487503.64340468217,0.5631692381316212,False,normal,-0.02214757300667769,4,沪深300;创业板;纳指;国债ETF,沪深300;创业板;纳指;国债ETF,
2016-09-30,1623816.419222984,1578770.8856130377,45045.53360994626,0.5631563601370425,False,normal,-0.022867101809099243,5,沪深300;创业板;纳指;国债ETF;医药ETF,沪深300;创业板;纳指;国债ETF,医药ETF
2016-10-10,1642462.3364928265,1597107.4854007515,45354.851092075,0.5634975854861141,False,normal,-0.011646905384415223,5,沪深300;创业板;纳指;国债ETF;医药ETF,沪深300;创业板;纳指;国债ETF,医药ETF
2016-10-11,1649153.8198550064,1603508.6876076444,45645.13224736205,0.5635475731913406,False,normal,-0.0076202996342333,5,沪深300;创业板;纳指;国债ETF;医药ETF,沪深300;创业板;纳指;国债ETF,医药ETF
2016-10-12,1647705.2206569277,1604812.150718648,42893.06993827969,0.5661072395340129,False,normal,-0.00849199542199545,5,沪深300;创业板;纳指;国债ETF;医药ETF,沪深300;创业板;纳指;国债ETF,医药ETF
2016-10-13,1647235.8678656642,1604935.0291334656,42300.83873219858,0.5684077247743539,False,normal,-0.008774428859526976,5,沪深300;创业板;纳指;国债ETF;医药ETF,沪深300;创业板;纳指;国债ETF,医药ETF
2016-10-14,1646241.914188152,1604793.0937533781,41448.82043477381,0.5706682711151377,False,normal,-0.009372541322289103,5,沪深300;创业板;纳指;国债ETF;医药ETF,沪深300;创业板;纳指;国债ETF,医药ETF
2016-10-17,1639327.4340838175,1598389.5582757702,40937.87580804736,0.6187287782372796,False,normal,-0.013533335549917752,4,创业板;纳指;国债ETF;医药ETF,创业板;纳指;国债ETF,医药ETF
2016-10-18,1647282.0677155924,1647282.0677155922,2.3283064365386963e-10,0.6335146150708518,False,normal,-0.008746628060913305,4,创业板;纳指;国债ETF;医药ETF,创业板;纳指;国债ETF,医药ETF
2016-10-19,1645362.5406996596,1645362.5406996598,-2.3283064365386963e-10,1.0,False,normal,-0.009901705059784703,3,纳指;国债ETF;医药ETF,纳指;国债ETF,医药ETF
2016-10-20,1644585.468510497,1644585.468510497,0.0,1.0,False,normal,-0.0103693089042288,3,纳指;国债ETF;医药ETF,纳指;国债ETF,医药ETF
2016-10-21,1646732.2875132216,1646732.2875132216,0.0,1.0,False,normal,-0.009077458760831745,3,纳指;国债ETF;医药ETF,纳指;国债ETF,医药ETF
2016-10-24,1648872.025524038,1700794.7634333875,-51922.73790934961,1.0,False,normal,-0.007789869610280714,5,沪深300;纳指;国债ETF;消费ETF;医药ETF,沪深300;纳指;国债ETF,消费ETF;医药ETF
2016-10-25,1653266.8963437632,1707403.3303226046,-54136.43397884141,0.5934458219247052,False,normal,-0.005145252392216284,6,沪深300;创业板;纳指;国债ETF;消费ETF;医药ETF,沪深300;创业板;纳指;国债ETF,消费ETF;医药ETF
2016-10-26,1650046.0577790097,1704072.523828156,-54026.46604914637,0.5942353771751278,False,normal,-0.007083394711831828,6,沪深300;创业板;纳指;国债ETF;消费ETF;医药ETF,沪深300;创业板;纳指;国债ETF,消费ETF;医药ETF
2016-10-27,1647813.0958211103,1702097.7862717803,-54284.690450669965,1.0,False,normal,-0.008427081451073154,5,沪深300;纳指;国债ETF;消费ETF;医药ETF,沪深300;纳指;国债ETF,消费ETF;医药ETF
2016-10-28,1648001.9218857165,1702297.149842714,-54295.22795699746,1.0,False,normal,-0.008313455207626911,5,沪深300;纳指;国债ETF;消费ETF;医药ETF,沪深300;纳指;国债ETF,消费ETF;医药ETF
2016-10-31,1646202.1486858814,1709726.012073361,-63523.86338747968,1.0,False,normal,-0.009396470246779365,5,沪深300;纳指;国债ETF;消费ETF;医药ETF,沪深300;纳指;国债ETF,消费ETF;医药ETF
2016-11-01,1652013.2065679636,1721435.9046945681,-69422.69812660455,1.0,False,normal,-0.005899661270927823,5,沪深300;纳指;国债ETF;消费ETF;医药ETF,沪深300;纳指;国债ETF,消费ETF;医药ETF
2016-11-02,1643958.980623925,1724558.6421689328,-80599.66154500772,1.0,False,normal,-0.010746298517734686,5,沪深300;纳指;国债ETF;消费ETF;医药ETF,沪深300;纳指;国债ETF,消费ETF;医药ETF
2016-11-03,1644620.69073333,1725529.2459284356,-80908.5551951055,1.0,False,normal,-0.01034811390196728,5,沪深300;纳指;国债ETF;消费ETF;医药ETF,沪深300;纳指;国债ETF,消费ETF;医药ETF
2016-11-04,1643657.192732447,1725484.073972667,-81826.88124022004,1.0,False,normal,-0.010927899635661533,5,沪深300;纳指;国债ETF;消费ETF;医药ETF,沪深300;纳指;国债ETF,消费ETF;医药ETF
2016-11-07,1646799.5973824179,1730206.6941419542,-83407.0967595363,1.0,False,normal,-0.009036954990340209,5,沪深300;纳指;国债ETF;消费ETF;医药ETF,沪深300;纳指;国债ETF,消费ETF;医药ETF
2016-11-08,1651527.386047615,1734886.3582578974,-83358.97221028246,1.0,False,normal,-0.006192004178308947,5,沪深300;纳指;国债ETF;消费ETF;医药ETF,沪深300;纳指;国债ETF,消费ETF;医药ETF
2016-11-09,1635490.6262182386,1718386.1413014974,-82895.51508325874,1.0,False,normal,-0.015842137915205293,5,沪深300;黄金;国债ETF;消费ETF;医药ETF,沪深300;黄金;国债ETF,消费ETF;医药ETF
2016-11-10,1634034.6928130265,1717203.2277644845,-83168.53495145799,1.0,False,normal,-0.016718247068288387,5,沪深300;纳指;国债ETF;消费ETF;医药ETF,沪深300;纳指;国债ETF,消费ETF;医药ETF
2016-11-11,1631834.631778117,1715743.2811968448,-83908.64941872773,0.8518037613652569,False,normal,-0.018042135649404364,4,沪深300;国债ETF;消费ETF;医药ETF,沪深300;国债ETF,消费ETF;医药ETF
2016-11-14,1629205.6823074932,1723420.6364667546,-94214.95415926143,1.0,False,normal,-0.019624108208012525,5,沪深300;纳指;国债ETF;消费ETF;医药ETF,沪深300;纳指;国债ETF,消费ETF;医药ETF
2016-11-15,1624189.8376102252,1718164.3841458817,-93974.54653565655,0.6249905318510176,False,normal,-0.022642396980004486,6,沪深300;创业板;纳指;国债ETF;消费ETF;医药ETF,沪深300;创业板;纳指;国债ETF,消费ETF;医药ETF
2016-11-16,1631288.2138120872,1726522.6005614332,-95234.38674934604,0.6276170858803254,False,normal,-0.01837094312077222,6,沪深300;创业板;纳指;国债ETF;消费ETF;医药ETF,沪深300;创业板;纳指;国债ETF,消费ETF;医药ETF
2016-11-17,1629311.4244074079,1727673.648930021,-98362.22452261322,0.47080479809399395,False,normal,-0.019560477810310374,5,沪深300;创业板;纳指;消费ETF;医药ETF,沪深300;创业板;纳指,消费ETF;医药ETF
2016-11-18,1634886.8512655022,1733481.4646864075,-98594.61342090531,0.6262944471517968,False,normal,-0.0162054600016421,4,沪深300;纳指;消费ETF;医药ETF,沪深300;纳指,消费ETF;医药ETF
2016-11-21,1633243.8251156635,1732356.7036286104,-99112.87851294689,0.6263568382942584,False,normal,-0.017194152371413526,4,沪深300;纳指;消费ETF;医药ETF,沪深300;纳指,消费ETF;医药ETF
2016-11-22,1648341.39366683,1748990.9254320874,-100649.53176525747,0.4705294508004689,False,normal,-0.008109177777366595,5,沪深300;创业板;纳指;消费ETF;医药ETF,沪深300;创业板;纳指,消费ETF;医药ETF
2016-11-23,1645589.850674586,1749064.69658834,-103474.84591375408,0.4717249669578466,False,normal,-0.009764921090884011,5,沪深300;创业板;纳指;消费ETF;医药ETF,沪深300;创业板;纳指,消费ETF;医药ETF
2016-11-24,1647010.7787601484,1750220.9415826653,-103210.16282251687,0.6264467959731521,False,normal,-0.00890987641838898,4,沪深300;纳指;消费ETF;医药ETF,沪深300;纳指,消费ETF;医药ETF
2016-11-25,1664255.709726513,1767830.607988191,-103574.89826167817,0.4716057040649208,False,normal,0.0,5,沪深300;创业板;纳指;消费ETF;医药ETF,沪深300;创业板;纳指,消费ETF;医药ETF
2016-11-28,1667495.1603751674,1771933.9301208537,-104438.76974568632,0.47213367443848653,False,normal,0.0,5,沪深300;创业板;纳指;消费ETF;医药ETF,沪深300;创业板;纳指,消费ETF;医药ETF
2016-11-29,1677384.037624917,1781104.2953955135,-103720.25777059654,0.4759218188888794,False,normal,0.0,5,沪深300;创业板;纳指;消费ETF;医药ETF,沪深300;创业板;纳指,消费ETF;医药ETF
2016-11-30,1670084.3102155211,1772314.8314518598,-102230.52123633865,0.4759276973000299,False,normal,-0.004351852197026904,5,沪深300;创业板;纳指;消费ETF;医药ETF,沪深300;创业板;纳指,消费ETF;医药ETF
2016-12-01,1673197.2330815117,1774990.8205459581,-101793.58746444643,0.4759843971993024,False,normal,-0.002496032184337219,5,沪深300;创业板;纳指;消费ETF;医药ETF,沪深300;创业板;纳指,消费ETF;医药ETF
2016-12-02,1651089.6635270517,1749259.0721743985,-98169.40864734678,0.6289222345061879,False,normal,-0.015675822297138757,4,沪深300;纳指;消费ETF;医药ETF,沪深300;纳指,消费ETF;医药ETF
2016-12-05,1633604.399706325,1730165.0149774984,-96560.61527117342,0.6274957519584365,False,normal,-0.0260999490495817,4,沪深300;纳指;消费ETF;医药ETF,沪深300;纳指,消费ETF;医药ETF
2016-12-06,1638908.7947444518,1735931.7558424766,-97022.96109802485,0.6273853487248128,False,normal,-0.022937646965416485,4,沪深300;纳指;消费ETF;医药ETF,沪深300;纳指,消费ETF;医药ETF
2016-12-07,1642832.9547448994,1754746.3740875337,-111913.41934263427,0.6365418912664015,False,normal,-0.020598194632244146,4,沪深300;纳指;消费ETF;医药ETF,沪深300;纳指,消费ETF;医药ETF
2016-12-08,1657186.5730592161,1770030.1751712244,-112843.60211200826,0.6351301000707498,False,normal,-0.012041049701593289,4,沪深300;纳指;消费ETF;医药ETF,沪深300;纳指,消费ETF;医药ETF
2016-12-09,1654207.6538043548,1696207.0883570544,-41999.43455269956,0.6352155109236797,False,normal,-0.01381698126409897,3,沪深300;纳指;消费ETF,沪深300;纳指,消费ETF
2016-12-12,1638546.4858166245,0.0,1638546.4858166245,0.0,True,normal,-0.023153643373931432,0,,沪深300;纳指,消费ETF
2016-12-13,1638546.4858166245,0.0,1638546.4858166245,0.0,True,normal,-0.023153643373931432,0,,沪深300;纳指,消费ETF
2016-12-14,1638546.4858166245,0.0,1638546.4858166245,0.0,True,normal,-0.023153643373931432,0,,沪深300;纳指,
2016-12-15,1638546.4858166245,0.0,1638546.4858166245,0.0,True,normal,-0.023153643373931432,0,,沪深300;纳指,消费ETF
2016-12-16,1638546.4858166245,0.0,1638546.4858166245,0.0,True,normal,-0.023153643373931432,0,,纳指,消费ETF
2016-12-19,1638546.4858166245,0.0,1638546.4858166245,0.0,True,normal,-0.023153643373931432,0,,纳指,消费ETF;医药ETF
2016-12-20,1638546.4858166245,0.0,1638546.4858166245,0.0,True,normal,-0.023153643373931432,0,,纳指,
2016-12-21,1638546.4858166245,0.0,1638546.4858166245,0.0,True,normal,-0.023153643373931432,0,,纳指,
2016-12-22,1638546.4858166245,0.0,1638546.4858166245,0.0,True,normal,-0.023153643373931432,0,,纳指,
2016-12-23,1638546.4858166245,0.0,1638546.4858166245,0.0,True,normal,-0.023153643373931432,0,,纳指,
2016-12-26,1638546.4858166245,0.0,1638546.4858166245,0.0,True,normal,-0.023153643373931432,0,,纳指,医药ETF
2016-12-27,1638546.4858166245,0.0,1638546.4858166245,0.0,True,normal,-0.023153643373931432,0,,纳指,
2016-12-28,1638546.4858166245,0.0,1638546.4858166245,0.0,True,normal,-0.023153643373931432,0,,纳指,
2016-12-29,1638546.4858166245,0.0,1638546.4858166245,0.0,True,normal,-0.023153643373931432,0,,纳指,
2016-12-30,1638546.4858166245,0.0,1638546.4858166245,0.0,True,normal,-0.023153643373931432,0,,纳指,医药ETF
2017-01-03,1638546.4858166245,0.0,1638546.4858166245,0.0,True,normal,-0.023153643373931432,0,,纳指,医药ETF
2017-01-04,1638546.4858166245,0.0,1638546.4858166245,0.0,True,normal,-0.023153643373931432,0,,沪深300;纳指,消费ETF;医药ETF
2017-01-05,1638546.4858166245,0.0,1638546.4858166245,0.0,True,normal,-0.023153643373931432,0,,纳指,消费ETF;医药ETF
2017-01-06,1638546.4858166245,0.0,1638546.4858166245,0.0,True,normal,-0.023153643373931432,0,,纳指,消费ETF;医药ETF
2017-01-09,1638546.4858166245,0.0,1638546.4858166245,0.0,True,normal,-0.023153643373931432,0,,纳指,消费ETF;医药ETF
2017-01-10,1638546.4858166245,0.0,1638546.4858166245,0.0,True,normal,-0.023153643373931432,0,,纳指,消费ETF;医药ETF
2017-01-11,1638546.4858166245,0.0,1638546.4858166245,0.0,True,normal,-0.023153643373931432,0,,纳指,消费ETF;医药ETF
2017-01-12,1638546.4858166245,0.0,1638546.4858166245,0.0,True,normal,-0.023153643373931432,0,,纳指,消费ETF
2017-01-13,1638546.4858166245,0.0,1638546.4858166245,0.0,True,normal,-0.023153643373931432,0,,纳指,消费ETF
2017-01-16,1638546.4858166245,0.0,1638546.4858166245,0.0,True,normal,-0.023153643373931432,0,,纳指,
2017-01-17,1638546.4858166245,0.0,1638546.4858166245,0.0,True,normal,-0.023153643373931432,0,,纳指,
2017-01-18,1638546.4858166245,0.0,1638546.4858166245,0.0,True,normal,-0.023153643373931432,0,,纳指,
2017-01-19,1638546.4858166245,0.0,1638546.4858166245,0.0,True,normal,-0.023153643373931432,0,,纳指,
2017-01-20,1638546.4858166245,0.0,1638546.4858166245,0.0,True,normal,-0.023153643373931432,0,,纳指;黄金,
2017-01-23,1638546.4858166245,0.0,1638546.4858166245,0.0,True,normal,-0.023153643373931432,0,,纳指;黄金,消费ETF
2017-01-24,1638546.4858166245,0.0,1638546.4858166245,0.0,True,normal,-0.023153643373931432,0,,纳指;黄金,消费ETF
2017-01-25,1638546.4858166245,0.0,1638546.4858166245,0.0,True,normal,-0.023153643373931432,0,,纳指,消费ETF
2017-01-26,1638546.4858166245,0.0,1638546.4858166245,0.0,True,normal,-0.023153643373931432,0,,纳指;黄金,消费ETF;医药ETF
2017-02-03,1638546.4858166245,0.0,1638546.4858166245,0.0,True,normal,-0.023153643373931432,0,,纳指;黄金,消费ETF;医药ETF
2017-02-06,1638546.4858166245,0.0,1638546.4858166245,0.0,True,normal,-0.023153643373931432,0,,纳指;黄金,消费ETF;医药ETF
2017-02-07,1638546.4858166245,0.0,1638546.4858166245,0.0,True,normal,-0.023153643373931432,0,,纳指;黄金,消费ETF;医药ETF
2017-02-08,1638546.4858166245,0.0,1638546.4858166245,0.0,True,normal,-0.023153643373931432,0,,纳指;黄金,消费ETF;医药ETF;证券ETF;军工ETF
2017-02-09,1638546.4858166245,0.0,1638546.4858166245,0.0,True,normal,-0.023153643373931432,0,,纳指;黄金,消费ETF;医药ETF;证券ETF;军工ETF
2017-02-10,1638546.4858166245,0.0,1638546.4858166245,0.0,True,normal,-0.023153643373931432,0,,纳指;黄金,消费ETF;医药ETF;证券ETF;军工ETF
2017-02-13,1638546.4858166245,0.0,1638546.4858166245,0.0,True,normal,-0.023153643373931432,0,,纳指;黄金,消费ETF;医药ETF;证券ETF;军工ETF
2017-02-14,1638546.4858166245,0.0,1638546.4858166245,0.0,True,normal,-0.023153643373931432,0,,纳指;黄金,消费ETF;医药ETF;证券ETF;军工ETF
2017-02-15,1638546.4858166245,0.0,1638546.4858166245,0.0,True,normal,-0.023153643373931432,0,,纳指;黄金;国债ETF,消费ETF;医药ETF;证券ETF;军工ETF
2017-02-16,1638546.4858166245,0.0,1638546.4858166245,0.0,True,normal,-0.023153643373931432,0,,沪深300;纳指;黄金;国债ETF,消费ETF;医药ETF;证券ETF;军工ETF
2017-02-17,1638546.4858166245,0.0,1638546.4858166245,0.0,True,normal,-0.023153643373931432,0,,沪深300;纳指;黄金;国债ETF,消费ETF;证券ETF;军工ETF
2017-02-20,1638546.4858166245,0.0,1638546.4858166245,0.0,True,normal,-0.023153643373931432,0,,沪深300;纳指;黄金;国债ETF,消费ETF;医药ETF;证券ETF;军工ETF
2017-02-21,1638546.4858166245,0.0,1638546.4858166245,0.0,True,normal,-0.023153643373931432,0,,沪深300;纳指;黄金;国债ETF,消费ETF;医药ETF;证券ETF;军工ETF
2017-02-22,1638546.4858166245,0.0,1638546.4858166245,0.0,True,normal,-0.023153643373931432,0,,沪深300;纳指;黄金;国债ETF,消费ETF;医药ETF;证券ETF;军工ETF
2017-02-23,1638546.4858166245,0.0,1638546.4858166245,0.0,True,normal,-0.023153643373931432,0,,沪深300;纳指;黄金;国债ETF,消费ETF;医药ETF;证券ETF;军工ETF
2017-02-24,1638546.4858166245,0.0,1638546.4858166245,0.0,True,normal,-0.023153643373931432,0,,沪深300;纳指;黄金;国债ETF,消费ETF;医药ETF;证券ETF;军工ETF
2017-02-27,1638546.4858166245,0.0,1638546.4858166245,0.0,True,normal,-0.023153643373931432,0,,沪深300;纳指;黄金;国债ETF,消费ETF;医药ETF;证券ETF;军工ETF
2017-02-28,1638546.4858166245,0.0,1638546.4858166245,0.0,True,normal,-0.023153643373931432,0,,沪深300;纳指;黄金;国债ETF,消费ETF;医药ETF;证券ETF;军工ETF
2017-03-01,1638546.4858166245,0.0,1638546.4858166245,0.0,True,normal,-0.023153643373931432,0,,沪深300;纳指;黄金;国债ETF,消费ETF;医药ETF;证券ETF;军工ETF
2017-03-02,1638546.4858166245,0.0,1638546.4858166245,0.0,True,normal,-0.023153643373931432,0,,沪深300;纳指;黄金;国债ETF,消费ETF;医药ETF;证券ETF;军工ETF
2017-03-03,1638546.4858166245,0.0,1638546.4858166245,0.0,True,normal,-0.023153643373931432,0,,沪深300;纳指;黄金;国债ETF,消费ETF;军工ETF
2017-03-06,1638546.4858166245,0.0,1638546.4858166245,0.0,True,normal,-0.023153643373931432,0,,沪深300;创业板;纳指;黄金;国债ETF,消费ETF;医药ETF;证券ETF;军工ETF
2017-03-07,1638546.4858166245,0.0,1638546.4858166245,0.0,True,normal,-0.023153643373931432,0,,沪深300;纳指;黄金;国债ETF,消费ETF;医药ETF;证券ETF;军工ETF
2017-03-08,1638546.4858166245,0.0,1638546.4858166245,0.0,True,normal,-0.023153643373931432,0,,沪深300;纳指;黄金;国债ETF,消费ETF;医药ETF;证券ETF;军工ETF
2017-03-09,1638546.4858166245,0.0,1638546.4858166245,0.0,True,normal,-0.023153643373931432,0,,沪深300;纳指;黄金;国债ETF,消费ETF;医药ETF;军工ETF
2017-03-10,1638546.4858166245,0.0,1638546.4858166245,0.0,True,normal,-0.023153643373931432,0,,沪深300;纳指;黄金,消费ETF;医药ETF;军工ETF
2017-03-13,1638546.4858166245,0.0,1638546.4858166245,0.0,True,normal,-0.023153643373931432,0,,沪深300;创业板;纳指;黄金,消费ETF;医药ETF;军工ETF
2017-03-14,1638546.4858166245,0.0,1638546.4858166245,0.0,True,normal,-0.023153643373931432,0,,沪深300;创业板;纳指;黄金,消费ETF;医药ETF;军工ETF
2017-03-15,1638546.4858166245,0.0,1638546.4858166245,0.0,True,normal,-0.023153643373931432,0,,沪深300;创业板;纳指;黄金,消费ETF;医药ETF;军工ETF
2017-03-16,1638546.4858166245,0.0,1638546.4858166245,0.0,True,normal,-0.023153643373931432,0,,沪深300;创业板;纳指;黄金;国债ETF,消费ETF;医药ETF;证券ETF;军工ETF
2017-03-17,1638546.4858166245,0.0,1638546.4858166245,0.0,True,normal,-0.023153643373931432,0,,沪深300;创业板;纳指;黄金;国债ETF,消费ETF;医药ETF;军工ETF
2017-03-20,1638546.4858166245,0.0,1638546.4858166245,0.0,True,normal,-0.023153643373931432,0,,沪深300;创业板;纳指;黄金;国债ETF,消费ETF;医药ETF;军工ETF
2017-03-21,1638546.4858166245,0.0,1638546.4858166245,0.0,True,normal,-0.023153643373931432,0,,沪深300;创业板;纳指;黄金;国债ETF,消费ETF;医药ETF;军工ETF
2017-03-22,1638546.4858166245,0.0,1638546.4858166245,0.0,True,normal,-0.023153643373931432,0,,沪深300;创业板;纳指;黄金;国债ETF,消费ETF;医药ETF
2017-03-23,1638546.4858166245,0.0,1638546.4858166245,0.0,True,normal,-0.023153643373931432,0,,沪深300;创业板;纳指;黄金,消费ETF;医药ETF;军工ETF
2017-03-24,1638546.4858166245,0.0,1638546.4858166245,0.0,True,normal,-0.023153643373931432,0,,沪深300;创业板;纳指;黄金,消费ETF;医药ETF;军工ETF
2017-03-27,1638546.4858166245,0.0,1638546.4858166245,0.0,True,normal,-0.023153643373931432,0,,沪深300;创业板;纳指;黄金;国债ETF,消费ETF;医药ETF;军工ETF
2017-03-28,1638546.4858166245,2181654.228306397,-543107.7424897724,1.0,False,normal,-0.023153643373931432,8,沪深300;创业板;纳指;黄金;国债ETF;消费ETF;医药ETF;军工ETF,沪深300;创业板;纳指;黄金;国债ETF,消费ETF;医药ETF;军工ETF
2017-03-29,1635943.1137861526,2180382.6170639037,-544439.5032777512,1.0,False,normal,-0.024705686300343293,8,沪深300;创业板;纳指;黄金;国债ETF;消费ETF;医药ETF;军工ETF,沪深300;创业板;纳指;黄金;国债ETF,消费ETF;医药ETF;军工ETF
2017-03-30,1622980.1167248231,1975146.0542201153,-352165.93749529216,1.0,False,normal,-0.032433789567430725,6,沪深300;创业板;纳指;黄金;消费ETF;医药ETF,沪深300;创业板;纳指;黄金,消费ETF;医药ETF
2017-03-31,1634714.5461189845,2167864.403763185,-533149.8576442003,1.0,False,normal,-0.025438117061344023,8,沪深300;创业板;纳指;黄金;国债ETF;消费ETF;医药ETF;军工ETF,沪深300;创业板;纳指;黄金;国债ETF,消费ETF;医药ETF;军工ETF
2017-04-05,1650601.780777622,0.0,1650601.780777622,0.0,True,normal,-0.015966681598578447,0,,沪深300;创业板;纳指;黄金;国债ETF,消费ETF;医药ETF;军工ETF
2017-04-06,1650601.780777622,0.0,1650601.780777622,0.0,True,normal,-0.015966681598578447,0,,沪深300;创业板;纳指;黄金;国债ETF,消费ETF;医药ETF;军工ETF
2017-04-07,1650601.780777622,0.0,1650601.780777622,0.0,True,normal,-0.015966681598578447,0,,沪深300;创业板;纳指;黄金;国债ETF,消费ETF;医药ETF;军工ETF
2017-04-10,1650601.780777622,0.0,1650601.780777622,0.0,True,normal,-0.015966681598578447,0,,沪深300;创业板;纳指;黄金;国债ETF,消费ETF;医药ETF;军工ETF
2017-04-11,1650601.780777622,0.0,1650601.780777622,0.0,True,normal,-0.015966681598578447,0,,沪深300;创业板;纳指;黄金;国债ETF,消费ETF;医药ETF;军工ETF
2017-04-12,1650601.780777622,0.0,1650601.780777622,0.0,True,normal,-0.015966681598578447,0,,沪深300;纳指;黄金;国债ETF,消费ETF;医药ETF;军工ETF
2017-04-13,1650601.780777622,0.0,1650601.780777622,0.0,True,normal,-0.015966681598578447,0,,沪深300;创业板;纳指;黄金;国债ETF,消费ETF;医药ETF;军工ETF
2017-04-14,1650601.780777622,0.0,1650601.780777622,0.0,True,normal,-0.015966681598578447,0,,沪深300;黄金;国债ETF,消费ETF;医药ETF;军工ETF
2017-04-17,1650601.780777622,0.0,1650601.780777622,0.0,True,normal,-0.015966681598578447,0,,沪深300;纳指;黄金,消费ETF;医药ETF;军工ETF
2017-04-18,1650601.780777622,0.0,1650601.780777622,0.0,True,normal,-0.015966681598578447,0,,纳指;黄金,消费ETF;医药ETF
2017-04-19,1650601.780777622,0.0,1650601.780777622,0.0,True,normal,-0.015966681598578447,0,,纳指;黄金,消费ETF;医药ETF
2017-04-20,1650601.780777622,0.0,1650601.780777622,0.0,True,normal,-0.015966681598578447,0,,黄金,消费ETF;医药ETF
2017-04-21,1650601.780777622,0.0,1650601.780777622,0.0,True,normal,-0.015966681598578447,0,,纳指;黄金,消费ETF;医药ETF
2017-04-24,1650601.780777622,0.0,1650601.780777622,0.0,True,normal,-0.015966681598578447,0,,纳指;黄金,消费ETF;医药ETF
2017-04-25,1650601.780777622,0.0,1650601.780777622,0.0,True,normal,-0.015966681598578447,0,,纳指;黄金,消费ETF;医药ETF
2017-04-26,1650601.780777622,0.0,1650601.780777622,0.0,True,normal,-0.015966681598578447,0,,纳指;黄金,消费ETF;医药ETF
2017-04-27,1650601.780777622,0.0,1650601.780777622,0.0,True,normal,-0.015966681598578447,0,,纳指;黄金,消费ETF;医药ETF
2017-04-28,1650601.780777622,0.0,1650601.780777622,0.0,True,normal,-0.015966681598578447,0,,纳指;黄金,消费ETF;医药ETF
2017-05-02,1650601.780777622,0.0,1650601.780777622,0.0,True,normal,-0.015966681598578447,0,,沪深300;纳指;黄金,消费ETF;医药ETF
2017-05-03,1650601.780777622,0.0,1650601.780777622,0.0,True,normal,-0.015966681598578447,0,,纳指;黄金,消费ETF;医药ETF
2017-05-04,1650601.780777622,0.0,1650601.780777622,0.0,True,normal,-0.015966681598578447,0,,纳指;黄金,医药ETF
2017-05-05,1650601.780777622,0.0,1650601.780777622,0.0,True,normal,-0.015966681598578447,0,,纳指;黄金,医药ETF
2017-05-08,1650601.780777622,0.0,1650601.780777622,0.0,True,normal,-0.015966681598578447,0,,纳指;黄金,医药ETF
2017-05-09,1650601.780777622,0.0,1650601.780777622,0.0,True,normal,-0.015966681598578447,0,,纳指;黄金,
2017-05-10,1650601.780777622,0.0,1650601.780777622,0.0,True,normal,-0.015966681598578447,0,,纳指;黄金,
2017-05-11,1650601.780777622,0.0,1650601.780777622,0.0,True,normal,-0.015966681598578447,0,,纳指;黄金,
2017-05-12,1650601.780777622,0.0,1650601.780777622,0.0,True,normal,-0.015966681598578447,0,,纳指;黄金,
2017-05-15,1650601.780777622,0.0,1650601.780777622,0.0,True,normal,-0.015966681598578447,0,,纳指,医药ETF
2017-05-16,1650601.780777622,0.0,1650601.780777622,0.0,True,normal,-0.015966681598578447,0,,纳指;黄金,消费ETF;医药ETF
2017-05-17,1650601.780777622,0.0,1650601.780777622,0.0,True,normal,-0.015966681598578447,0,,纳指;黄金,消费ETF;医药ETF
2017-05-18,1650601.780777622,0.0,1650601.780777622,0.0,True,normal,-0.015966681598578447,0,,黄金,医药ETF
2017-05-19,1650601.780777622,0.0,1650601.780777622,0.0,True,normal,-0.015966681598578447,0,,纳指;黄金,消费ETF;医药ETF
2017-05-22,1650601.780777622,0.0,1650601.780777622,0.0,True,normal,-0.015966681598578447,0,,纳指;黄金,消费ETF;医药ETF
2017-05-23,1650601.780777622,0.0,1650601.780777622,0.0,True,normal,-0.015966681598578447,0,,纳指;黄金,消费ETF;医药ETF
2017-05-24,1650601.780777622,0.0,1650601.780777622,0.0,True,normal,-0.015966681598578447,0,,纳指,消费ETF;医药ETF
2017-05-25,1650601.780777622,0.0,1650601.780777622,0.0,True,normal,-0.015966681598578447,0,,沪深300;纳指,消费ETF;医药ETF
2017-05-26,1650601.780777622,0.0,1650601.780777622,0.0,True,normal,-0.015966681598578447,0,,沪深300;纳指;黄金,消费ETF;医药ETF
2017-05-31,1650601.780777622,0.0,1650601.780777622,0.0,True,normal,-0.015966681598578447,0,,沪深300;纳指,消费ETF;医药ETF;证券ETF
2017-06-01,1650601.780777622,0.0,1650601.780777622,0.0,True,normal,-0.015966681598578447,0,,沪深300;纳指;黄金,消费ETF;医药ETF
2017-06-02,1650601.780777622,0.0,1650601.780777622,0.0,True,normal,-0.015966681598578447,0,,纳指,消费ETF;医药ETF
2017-06-05,1650601.780777622,0.0,1650601.780777622,0.0,True,normal,-0.015966681598578447,0,,纳指;黄金,消费ETF;医药ETF
2017-06-06,1650601.780777622,0.0,1650601.780777622,0.0,True,normal,-0.015966681598578447,0,,纳指;黄金,消费ETF;医药ETF;证券ETF
2017-06-07,1650601.780777622,0.0,1650601.780777622,0.0,True,normal,-0.015966681598578447,0,,沪深300;纳指;黄金,消费ETF;医药ETF;证券ETF
2017-06-08,1650601.780777622,0.0,1650601.780777622,0.0,True,normal,-0.015966681598578447,0,,沪深300;纳指,消费ETF;医药ETF;证券ETF
2017-06-09,1650601.780777622,0.0,1650601.780777622,0.0,True,normal,-0.015966681598578447,0,,沪深300;纳指,消费ETF;医药ETF;证券ETF
2017-06-12,1650601.780777622,0.0,1650601.780777622,0.0,True,normal,-0.015966681598578447,0,,沪深300;纳指,消费ETF;医药ETF
2017-06-13,1650601.780777622,0.0,1650601.780777622,0.0,True,normal,-0.015966681598578447,0,,沪深300;纳指,消费ETF;医药ETF;证券ETF
2017-06-14,1650601.780777622,0.0,1650601.780777622,0.0,True,normal,-0.015966681598578447,0,,沪深300;纳指,消费ETF;医药ETF;证券ETF
2017-06-15,1650601.780777622,0.0,1650601.780777622,0.0,True,normal,-0.015966681598578447,0,,沪深300;纳指,消费ETF;医药ETF;证券ETF
2017-06-16,1650601.780777622,0.0,1650601.780777622,0.0,True,normal,-0.015966681598578447,0,,沪深300;纳指,消费ETF;医药ETF;证券ETF
2017-06-19,1650601.780777622,0.0,1650601.780777622,0.0,True,normal,-0.015966681598578447,0,,沪深300;纳指,消费ETF;医药ETF;证券ETF
2017-06-20,1650601.780777622,0.0,1650601.780777622,0.0,True,normal,-0.015966681598578447,0,,沪深300;纳指,消费ETF;医药ETF;证券ETF
2017-06-21,1650601.780777622,0.0,1650601.780777622,0.0,True,normal,-0.015966681598578447,0,,沪深300;创业板;纳指,消费ETF;医药ETF;证券ETF;军工ETF
2017-06-22,1650601.780777622,0.0,1650601.780777622,0.0,True,normal,-0.015966681598578447,0,,沪深300;纳指,消费ETF;医药ETF;证券ETF
2017-06-23,1650601.780777622,0.0,1650601.780777622,0.0,True,normal,-0.015966681598578447,0,,沪深300;纳指,消费ETF;医药ETF;证券ETF
2017-06-26,1650601.780777622,0.0,1650601.780777622,0.0,True,normal,-0.015966681598578447,0,,沪深300;纳指,消费ETF;医药ETF;证券ETF;军工ETF
2017-06-27,1650601.780777622,0.0,1650601.780777622,0.0,True,normal,-0.015966681598578447,0,,沪深300;纳指;国债ETF,消费ETF;医药ETF;证券ETF;军工ETF
2017-06-28,1650601.780777622,0.0,1650601.780777622,0.0,True,normal,-0.015966681598578447,0,,沪深300,消费ETF;医药ETF;证券ETF;军工ETF
2017-06-29,1650601.780777622,0.0,1650601.780777622,0.0,True,normal,-0.015966681598578447,0,,沪深300;纳指;国债ETF,消费ETF;医药ETF;证券ETF;军工ETF
2017-06-30,1650601.780777622,0.0,1650601.780777622,0.0,True,normal,-0.015966681598578447,0,,沪深300;国债ETF,消费ETF;医药ETF;证券ETF;军工ETF
2017-07-03,1650601.780777622,0.0,1650601.780777622,0.0,True,normal,-0.015966681598578447,0,,沪深300;创业板;国债ETF,消费ETF;医药ETF;证券ETF;军工ETF
2017-07-04,1650601.780777622,0.0,1650601.780777622,0.0,True,normal,-0.015966681598578447,0,,沪深300;创业板;国债ETF,消费ETF;医药ETF;证券ETF;军工ETF
2017-07-05,1650601.780777622,0.0,1650601.780777622,0.0,True,normal,-0.015966681598578447,0,,沪深300;创业板;国债ETF,消费ETF;医药ETF;证券ETF;军工ETF
2017-07-06,1650601.780777622,0.0,1650601.780777622,0.0,True,normal,-0.015966681598578447,0,,沪深300;创业板;国债ETF,消费ETF;医药ETF;证券ETF;军工ETF
2017-07-07,1650601.780777622,0.0,1650601.780777622,0.0,True,normal,-0.015966681598578447,0,,沪深300;创业板;国债ETF,消费ETF;医药ETF;证券ETF;军工ETF
2017-07-10,1650601.780777622,0.0,1650601.780777622,0.0,True,normal,-0.015966681598578447,0,,沪深300;创业板;国债ETF,消费ETF;医药ETF;证券ETF;军工ETF
2017-07-11,1650601.780777622,0.0,1650601.780777622,0.0,True,normal,-0.015966681598578447,0,,沪深300;国债ETF,消费ETF;医药ETF;证券ETF;军工ETF
2017-07-12,1650601.780777622,0.0,1650601.780777622,0.0,True,normal,-0.015966681598578447,0,,沪深300;国债ETF,消费ETF;医药ETF;证券ETF;军工ETF
2017-07-13,1650601.780777622,0.0,1650601.780777622,0.0,True,normal,-0.015966681598578447,0,,沪深300;国债ETF,消费ETF;证券ETF;军工ETF
2017-07-14,1650601.780777622,0.0,1650601.780777622,0.0,True,normal,-0.015966681598578447,0,,沪深300;纳指;国债ETF,消费ETF;证券ETF;军工ETF
2017-07-17,1650601.780777622,0.0,1650601.780777622,0.0,True,normal,-0.015966681598578447,0,,沪深300;纳指;国债ETF,证券ETF
2017-07-18,1650601.780777622,0.0,1650601.780777622,0.0,True,normal,-0.015966681598578447,0,,沪深300;纳指;国债ETF,证券ETF
2017-07-19,1650601.780777622,0.0,1650601.780777622,0.0,True,normal,-0.015966681598578447,0,,沪深300;纳指;国债ETF,消费ETF;证券ETF
2017-07-20,1650601.780777622,0.0,1650601.780777622,0.0,True,normal,-0.015966681598578447,0,,沪深300;纳指;国债ETF,消费ETF;证券ETF
2017-07-21,1650601.780777622,0.0,1650601.780777622,0.0,True,normal,-0.015966681598578447,0,,沪深300;纳指;国债ETF,消费ETF;证券ETF
2017-07-24,1650601.780777622,0.0,1650601.780777622,0.0,True,normal,-0.015966681598578447,0,,沪深300;国债ETF,消费ETF;证券ETF;军工ETF
2017-07-25,1650601.780777622,0.0,1650601.780777622,0.0,True,normal,-0.015966681598578447,0,,沪深300;国债ETF,消费ETF;证券ETF
2017-07-26,1650601.780777622,0.0,1650601.780777622,0.0,True,normal,-0.015966681598578447,0,,沪深300;纳指;国债ETF,消费ETF;证券ETF
2017-07-27,1650601.780777622,0.0,1650601.780777622,0.0,True,normal,-0.015966681598578447,0,,沪深300,消费ETF;证券ETF;军工ETF
2017-07-28,1650601.780777622,0.0,1650601.780777622,0.0,True,normal,-0.015966681598578447,0,,沪深300,消费ETF;证券ETF
2017-07-31,1650601.780777622,0.0,1650601.780777622,0.0,True,normal,-0.015966681598578447,0,,沪深300,消费ETF;证券ETF
2017-08-01,1650601.780777622,0.0,1650601.780777622,0.0,True,normal,-0.015966681598578447,0,,沪深300;国债ETF,消费ETF;证券ETF
2017-08-02,1650601.780777622,0.0,1650601.780777622,0.0,True,normal,-0.015966681598578447,0,,沪深300;国债ETF,消费ETF;证券ETF
2017-08-03,1650601.780777622,0.0,1650601.780777622,0.0,True,normal,-0.015966681598578447,0,,沪深300;国债ETF,消费ETF;证券ETF
2017-08-04,1650601.780777622,0.0,1650601.780777622,0.0,True,normal,-0.015966681598578447,0,,沪深300;国债ETF,消费ETF;证券ETF;军工ETF
2017-08-07,1650601.780777622,0.0,1650601.780777622,0.0,True,normal,-0.015966681598578447,0,,沪深300;纳指,消费ETF;证券ETF;军工ETF
2017-08-08,1650601.780777622,1969912.3358333537,-319310.5550557317,1.0,False,normal,-0.015966681598578447,5,沪深300;纳指;消费ETF;证券ETF;军工ETF,沪深300;纳指,消费ETF;证券ETF;军工ETF
2017-08-09,1646952.868032768,1967159.6186302595,-320206.7505974916,1.0,False,normal,-0.01814204076678704,5,沪深300;纳指;消费ETF;证券ETF;军工ETF,沪深300;纳指,消费ETF;证券ETF;军工ETF
2017-08-10,1646106.9124175836,1967495.211529836,-321388.2991122524,1.0,False,normal,-0.018646371078873528,5,沪深300;纳指;消费ETF;证券ETF;军工ETF,沪深300;纳指,消费ETF;证券ETF;军工ETF
2017-08-11,1609256.6633494697,1879095.450960531,-269838.78761106124,1.0,False,normal,-0.040615251336188894,4,沪深300;黄金;消费ETF;军工ETF,沪深300;黄金,消费ETF;军工ETF
2017-08-14,1629828.660560732,1931577.6029450851,-301748.94238435314,1.0,False,normal,-0.028350917856307233,5,沪深300;黄金;消费ETF;证券ETF;军工ETF,沪深300;黄金,消费ETF;证券ETF;军工ETF
2017-08-15,1629458.8567562993,1932554.6185147618,-303095.7617584625,1.0,False,normal,-0.028571382458412523,6,沪深300;纳指;国债ETF;消费ETF;证券ETF;军工ETF,沪深300;纳指;国债ETF,消费ETF;证券ETF;军工ETF
2017-08-16,1632886.703620403,1936201.9711887373,-303315.26756833424,1.0,False,normal,-0.026527815340081383,6,沪深300;创业板;国债ETF;消费ETF;证券ETF;军工ETF,沪深300;创业板;国债ETF,消费ETF;证券ETF;军工ETF
2017-08-17,1641044.0000579865,0.0,1641044.0000579865,0.0,True,normal,-0.02166470930436777,0,,沪深300;创业板;国债ETF,消费ETF;证券ETF;军工ETF
2017-08-18,1641044.0000579865,0.0,1641044.0000579865,0.0,True,normal,-0.02166470930436777,0,,沪深300;国债ETF,消费ETF;证券ETF;军工ETF
2017-08-21,1641044.0000579865,1946571.2195780475,-305527.21952006104,1.0,False,normal,-0.02166470930436777,5,沪深300;黄金;消费ETF;证券ETF;军工ETF,沪深300;黄金,消费ETF;证券ETF;军工ETF
2017-08-22,1635238.5755550708,1938122.6637497428,-302884.088194672,1.0,False,normal,-0.025125708319915733,6,沪深300;纳指;黄金;消费ETF;证券ETF;军工ETF,沪深300;纳指;黄金,消费ETF;证券ETF;军工ETF
2017-08-23,1640103.4357041474,1944175.7161928935,-304072.280488746,1.0,False,normal,-0.022225442167410167,7,沪深300;纳指;黄金;国债ETF;消费ETF;证券ETF;军工ETF,沪深300;纳指;黄金;国债ETF,消费ETF;证券ETF;军工ETF
2017-08-24,1629135.5535237587,1892321.750216153,-263186.1966923943,1.0,False,normal,-0.028764124982061663,6,沪深300;纳指;黄金;国债ETF;消费ETF;军工ETF,沪深300;纳指;黄金;国债ETF,消费ETF;军工ETF
2017-08-25,1639627.475248349,1961060.7958053667,-321433.3205570178,1.0,False,normal,-0.02250919379799828,7,沪深300;纳指;黄金;国债ETF;消费ETF;证券ETF;军工ETF,沪深300;纳指;黄金;国债ETF,消费ETF;证券ETF;军工ETF
2017-08-28,1660514.9302740623,1973485.245601536,-312970.3153274737,1.0,False,normal,-0.01005679496911178,7,沪深300;纳指;黄金;国债ETF;消费ETF;证券ETF;军工ETF,沪深300;纳指;黄金;国债ETF,消费ETF;证券ETF;军工ETF
2017-08-29,1654642.01572152,1964407.0989315067,-309765.0832099868,1.0,False,normal,-0.01355802928445563,7,沪深300;纳指;黄金;国债ETF;消费ETF;证券ETF;军工ETF,沪深300;纳指;黄金;国债ETF,消费ETF;证券ETF;军工ETF
2017-08-30,1654526.2232037415,1968011.9250633293,-313485.7018595878,1.0,False,normal,-0.013627060892710601,7,沪深300;创业板;纳指;黄金;消费ETF;证券ETF;军工ETF,沪深300;创业板;纳指;黄金,消费ETF;证券ETF;军工ETF
2017-08-31,1660026.4089170182,1975298.964276882,-315272.5553598637,1.0,False,normal,-0.010348034986952793,7,沪深300;创业板;纳指;黄金;消费ETF;证券ETF;军工ETF,沪深300;创业板;纳指;黄金,消费ETF;证券ETF;军工ETF
2017-09-01,1669353.0359927549,1989312.1715251505,-319959.1355323957,1.0,False,normal,-0.0047878133164624545,8,沪深300;创业板;纳指;黄金;国债ETF;消费ETF;证券ETF;军工ETF,沪深300;创业板;纳指;黄金;国债ETF,消费ETF;证券ETF;军工ETF
2017-09-04,1676572.2678622343,2131932.8067575493,-455360.538895315,1.0,False,normal,-0.00048394985553347074,9,沪深300;创业板;纳指;黄金;国债ETF;消费ETF;医药ETF;证券ETF;军工ETF,沪深300;创业板;纳指;黄金;国债ETF,消费ETF;医药ETF;证券ETF;军工ETF
2017-09-05,1679187.4527015162,2135321.7033368,-456134.25063528377,1.0,False,normal,0.0,9,沪深300;创业板;纳指;黄金;国债ETF;消费ETF;医药ETF;证券ETF;军工ETF,沪深300;创业板;纳指;黄金;国债ETF,消费ETF;医药ETF;证券ETF;军工ETF
2017-09-06,1677590.9747076565,2133141.3348268284,-455550.3601191719,1.0,False,normal,-0.0009507443563202103,8,沪深300;创业板;黄金;国债ETF;消费ETF;医药ETF;证券ETF;军工ETF,沪深300;创业板;黄金;国债ETF,消费ETF;医药ETF;证券ETF;军工ETF
2017-09-07,1667552.3219636162,2118554.6593502965,-451002.3373866803,1.0,False,normal,-0.006929024343995165,8,沪深300;创业板;黄金;国债ETF;消费ETF;医药ETF;证券ETF;军工ETF,沪深300;创业板;黄金;国债ETF,消费ETF;医药ETF;证券ETF;军工ETF
2017-09-08,1664879.5254157071,2114888.8857812304,-450009.36036552326,1.0,False,normal,-0.00852074452008925,8,沪深300;创业板;黄金;国债ETF;消费ETF;医药ETF;证券ETF;军工ETF,沪深300;创业板;黄金;国债ETF,消费ETF;医药ETF;证券ETF;军工ETF
2017-09-11,1668492.914223235,2119974.075793286,-451481.16157005075,1.0,False,normal,-0.006368877078658188,8,沪深300;创业板;黄金;国债ETF;消费ETF;医药ETF;证券ETF;军工ETF,沪深300;创业板;黄金;国债ETF,消费ETF;医药ETF;证券ETF;军工ETF
2017-09-12,1665509.6793544628,1982922.1677810918,-317412.488426629,1.0,False,normal,-0.008145471385608748,7,沪深300;创业板;黄金;国债ETF;消费ETF;证券ETF;军工ETF,沪深300;创业板;黄金;国债ETF,消费ETF;证券ETF;军工ETF
2017-09-13,1668424.0767774035,2121680.9219803433,-453256.8452029398,1.0,False,normal,-0.0064098715761580815,8,沪深300;创业板;黄金;国债ETF;消费ETF;医药ETF;证券ETF;军工ETF,沪深300;创业板;黄金;国债ETF,消费ETF;医药ETF;证券ETF;军工ETF
2017-09-14,1662615.898048693,2114214.862169392,-451598.96412069886,1.0,False,normal,-0.009868793758649417,8,沪深300;创业板;黄金;国债ETF;消费ETF;医药ETF;证券ETF;军工ETF,沪深300;创业板;黄金;国债ETF,消费ETF;医药ETF;证券ETF;军工ETF
2017-09-15,1668733.611084037,2120946.5522954604,-452212.9412114234,1.0,False,normal,-0.006225535809394499,8,沪深300;创业板;黄金;国债ETF;消费ETF;医药ETF;证券ETF;军工ETF,沪深300;创业板;黄金;国债ETF,消费ETF;医药ETF;证券ETF;军工ETF
2017-09-18,1681755.4278133637,2133295.3942304254,-451539.96641706163,1.0,False,normal,0.0,8,沪深300;创业板;黄金;国债ETF;消费ETF;医药ETF;证券ETF;军工ETF,沪深300;创业板;黄金;国债ETF,消费ETF;医药ETF;证券ETF;军工ETF
2017-09-19,1670164.3751945968,2116076.695156301,-445912.3199617041,1.0,False,normal,-0.0068922344040463195,8,沪深300;创业板;黄金;国债ETF;消费ETF;医药ETF;证券ETF;军工ETF,沪深300;创业板;黄金;国债ETF,消费ETF;医药ETF;证券ETF;军工ETF
2017-09-20,1677901.1126327713,2125089.5288192844,-447188.41618651315,1.0,False,normal,-0.002291840488128463,8,沪深300;创业板;黄金;国债ETF;消费ETF;医药ETF;证券ETF;军工ETF,沪深300;创业板;黄金;国债ETF,消费ETF;医药ETF;证券ETF;军工ETF
2017-09-21,1666927.1028193296,1978678.5159777286,-311751.41315839905,1.0,False,normal,-0.00881717088513523,6,沪深300;创业板;国债ETF;消费ETF;证券ETF;军工ETF,沪深300;创业板;国债ETF,消费ETF;证券ETF;军工ETF
2017-09-22,1669099.6340437222,2132699.610565924,-463599.9765222019,1.0,False,normal,-0.0075253473604641455,7,沪深300;创业板;国债ETF;消费ETF;医药ETF;证券ETF;军工ETF,沪深300;创业板;国债ETF,消费ETF;医药ETF;证券ETF;军工ETF
2017-09-25,1663423.497684875,2125449.647793124,-462026.1501082489,1.0,False,normal,-0.010900473294338677,7,沪深300;创业板;国债ETF;消费ETF;医药ETF;证券ETF;军工ETF,沪深300;创业板;国债ETF,消费ETF;医药ETF;证券ETF;军工ETF
2017-09-26,1662681.3234510238,2125882.2365899794,-463200.9131389556,1.0,False,normal,-0.011341782548690981,8,沪深300;创业板;黄金;国债ETF;消费ETF;医药ETF;证券ETF;军工ETF,沪深300;创业板;黄金;国债ETF,消费ETF;医药ETF;证券ETF;军工ETF
2017-09-27,1663540.4407372968,2127197.0571627123,-463656.6164254155,1.0,False,normal,-0.010830936992871918,8,沪深300;创业板;黄金;国债ETF;消费ETF;医药ETF;证券ETF;军工ETF,沪深300;创业板;黄金;国债ETF,消费ETF;医药ETF;证券ETF;军工ETF
2017-09-28,1667073.0907507548,2131153.6134265605,-464080.5226758057,1.0,False,normal,-0.00873036401119219,7,沪深300;创业板;国债ETF;消费ETF;医药ETF;证券ETF;军工ETF,沪深300;创业板;国债ETF,消费ETF;医药ETF;证券ETF;军工ETF
2017-09-29,1682940.846729685,2146800.5361414044,-463859.68941171933,1.0,False,normal,0.0,8,沪深300;创业板;黄金;国债ETF;消费ETF;医药ETF;证券ETF;军工ETF,沪深300;创业板;黄金;国债ETF,消费ETF;医药ETF;证券ETF;军工ETF
2017-10-09,1691486.2190880808,2157569.100007271,-466082.8809191901,1.0,False,normal,0.0,9,沪深300;创业板;纳指;黄金;国债ETF;消费ETF;医药ETF;证券ETF;军工ETF,沪深300;创业板;纳指;黄金;国债ETF,消费ETF;医药ETF;证券ETF;军工ETF
2017-10-10,1700168.579147738,2168341.19428685,-468172.6151391119,1.0,False,normal,0.0,9,沪深300;创业板;纳指;黄金;国债ETF;消费ETF;医药ETF;证券ETF;军工ETF,沪深300;创业板;纳指;黄金;国债ETF,消费ETF;医药ETF;证券ETF;军工ETF
2017-10-11,1709604.6048345948,2185971.4674880523,-476366.86265345756,1.0,False,normal,0.0,8,沪深300;创业板;纳指;国债ETF;消费ETF;医药ETF;证券ETF;军工ETF,沪深300;创业板;纳指;国债ETF,消费ETF;医药ETF;证券ETF;军工ETF
2017-10-12,1717306.8916162937,2194209.097321523,-476902.2057052292,1.0,False,normal,0.0,7,沪深300;创业板;纳指;消费ETF;医药ETF;证券ETF;军工ETF,沪深300;创业板;纳指,消费ETF;医药ETF;证券ETF;军工ETF
2017-10-13,1725227.564206064,2204376.057541455,-479148.49333539116,1.0,False,normal,0.0,7,沪深300;创业板;纳指;消费ETF;医药ETF;证券ETF;军工ETF,沪深300;创业板;纳指,消费ETF;医药ETF;证券ETF;军工ETF
2017-10-16,1708035.147463355,2155133.4614280374,-447098.3139646824,1.0,False,normal,-0.009965303765953226,7,沪深300;创业板;纳指;黄金;消费ETF;医药ETF;军工ETF,沪深300;创业板;纳指;黄金,消费ETF;医药ETF;军工ETF
2017-10-17,1701121.260791935,2145695.9184364886,-444574.6576445536,1.0,False,normal,-0.013972825332884409,7,沪深300;创业板;纳指;黄金;消费ETF;医药ETF;军工ETF,沪深300;创业板;纳指;黄金,消费ETF;医药ETF;军工ETF
2017-10-18,1707676.7225265522,2161193.863657568,-453517.14113101596,1.0,False,normal,-0.01017305893068581,6,沪深300;创业板;纳指;消费ETF;医药ETF;军工ETF,沪深300;创业板;纳指,消费ETF;医药ETF;军工ETF
2017-10-19,1711936.7669913117,2096388.7221515384,-384451.9551602267,1.0,False,normal,-0.00770379368525138,5,沪深300;创业板;纳指;消费ETF;医药ETF,沪深300;创业板;纳指,消费ETF;医药ETF
2017-10-20,1711955.4753401773,2166631.056837335,-454675.5814971579,1.0,False,normal,-0.007692949696172044,6,沪深300;创业板;纳指;消费ETF;医药ETF;军工ETF,沪深300;创业板;纳指,消费ETF;医药ETF;军工ETF
2017-10-23,1719633.6816195499,2176160.43886063,-456526.7572410803,1.0,False,normal,-0.0032424027430192214,6,沪深300;创业板;纳指;消费ETF;医药ETF;军工ETF,沪深300;创业板;纳指,消费ETF;医药ETF;军工ETF
2017-10-24,1719569.406519584,2104400.9436161174,-384831.53709653346,1.0,False,normal,-0.003279658755674894,5,沪深300;创业板;纳指;消费ETF;医药ETF,沪深300;创业板;纳指,消费ETF;医药ETF
2017-10-25,1728211.393282841,2114461.7935576625,-386250.40027482156,1.0,False,normal,0.0,5,沪深300;创业板;纳指;消费ETF;医药ETF,沪深300;创业板;纳指,消费ETF;医药ETF
2017-10-26,1747998.7659065085,2203271.655936546,-455272.8900300376,1.0,False,normal,0.0,6,沪深300;创业板;纳指;消费ETF;医药ETF;军工ETF,沪深300;创业板;纳指,消费ETF;医药ETF;军工ETF
2017-10-27,1755106.5292983893,2129296.4937582025,-374189.9644598132,1.0,False,normal,0.0,5,沪深300;创业板;纳指;消费ETF;医药ETF,沪深300;创业板;纳指,消费ETF;医药ETF
2017-10-30,1740170.2660821741,2104429.8731360277,-364259.6070538536,1.0,False,normal,-0.00851017471981374,5,沪深300;创业板;纳指;消费ETF;医药ETF,沪深300;创业板;纳指,消费ETF;医药ETF
2017-10-31,1736221.201014289,2097270.9667722303,-361049.7657579414,1.0,False,normal,-0.010760217667043766,5,沪深300;创业板;纳指;消费ETF;医药ETF,沪深300;创业板;纳指,消费ETF;医药ETF
2017-11-01,1736261.834423277,2097293.6030146237,-361031.7685913467,1.0,False,normal,-0.010737066132758055,5,沪深300;创业板;纳指;消费ETF;医药ETF,沪深300;创业板;纳指,消费ETF;医药ETF
2017-11-02,1722828.7043571984,2078097.7647364405,-355269.06037924206,1.0,False,normal,-0.018390806713079733,4,沪深300;纳指;消费ETF;医药ETF,沪深300;纳指,消费ETF;医药ETF
2017-11-03,1728048.2126514716,2083562.1860996285,-355513.97344815684,1.0,False,normal,-0.015416908429902764,4,沪深300;纳指;消费ETF;医药ETF,沪深300;纳指,消费ETF;医药ETF
2017-11-06,1771578.788076669,2090687.7424714232,-319108.95439475426,1.0,False,normal,0.0,4,沪深300;纳指;消费ETF;医药ETF,沪深300;纳指,消费ETF;医药ETF
2017-11-07,1782445.3882706014,2103398.037445085,-320952.6491744837,1.0,False,normal,0.0,4,沪深300;纳指;消费ETF;医药ETF,沪深300;纳指,消费ETF;医药ETF
2017-11-08,1790191.5144693668,0.0,1790191.5144693668,0.0,True,normal,0.0,0,,沪深300;纳指,消费ETF;医药ETF
2017-11-09,1790191.5144693668,0.0,1790191.5144693668,0.0,True,normal,0.0,0,,沪深300;纳指,消费ETF;医药ETF
2017-11-10,1790191.5144693668,0.0,1790191.5144693668,0.0,True,normal,0.0,0,,沪深300;纳指,消费ETF;医药ETF
2017-11-13,1790191.5144693668,0.0,1790191.5144693668,0.0,True,normal,0.0,0,,沪深300;创业板;纳指,消费ETF;医药ETF
2017-11-14,1790191.5144693668,0.0,1790191.5144693668,0.0,True,normal,0.0,0,,沪深300;纳指,消费ETF;医药ETF
2017-11-15,1790191.5144693668,0.0,1790191.5144693668,0.0,True,normal,0.0,0,,沪深300;纳指,消费ETF;医药ETF
2017-11-16,1790191.5144693668,0.0,1790191.5144693668,0.0,True,normal,0.0,0,,沪深300;纳指,消费ETF;医药ETF
2017-11-17,1790191.5144693668,0.0,1790191.5144693668,0.0,True,normal,0.0,0,,沪深300;纳指,消费ETF;医药ETF
2017-11-20,1790191.5144693668,0.0,1790191.5144693668,0.0,True,normal,0.0,0,,沪深300;纳指,消费ETF;医药ETF
2017-11-21,1790191.5144693668,0.0,1790191.5144693668,0.0,True,normal,0.0,0,,沪深300;纳指,消费ETF;医药ETF
2017-11-22,1790191.5144693668,0.0,1790191.5144693668,0.0,True,normal,0.0,0,,沪深300;纳指,消费ETF;医药ETF
2017-11-23,1790191.5144693668,0.0,1790191.5144693668,0.0,True,normal,0.0,0,,沪深300;纳指,消费ETF
2017-11-24,1790191.5144693668,0.0,1790191.5144693668,0.0,True,normal,0.0,0,,沪深300;纳指,消费ETF
2017-11-27,1790191.5144693668,0.0,1790191.5144693668,0.0,True,normal,0.0,0,,沪深300;纳指,
2017-11-28,1790191.5144693668,0.0,1790191.5144693668,0.0,True,normal,0.0,0,,沪深300;纳指,
2017-11-29,1790191.5144693668,0.0,1790191.5144693668,0.0,True,normal,0.0,0,,沪深300;纳指;黄金,
2017-11-30,1790191.5144693668,0.0,1790191.5144693668,0.0,True,normal,0.0,0,,沪深300;纳指,
2017-12-01,1790191.5144693668,0.0,1790191.5144693668,0.0,True,normal,0.0,0,,沪深300;纳指,
2017-12-04,1790191.5144693668,0.0,1790191.5144693668,0.0,True,normal,0.0,0,,沪深300;纳指,
2017-12-05,1790191.5144693668,0.0,1790191.5144693668,0.0,True,normal,0.0,0,,沪深300;纳指,
2017-12-06,1790191.5144693668,0.0,1790191.5144693668,0.0,True,normal,0.0,0,,沪深300;纳指,
2017-12-07,1790191.5144693668,0.0,1790191.5144693668,0.0,True,normal,0.0,0,,沪深300;纳指,
2017-12-08,1790191.5144693668,0.0,1790191.5144693668,0.0,True,normal,0.0,0,,沪深300;纳指,
2017-12-11,1790191.5144693668,0.0,1790191.5144693668,0.0,True,normal,0.0,0,,沪深300;纳指,消费ETF
2017-12-12,1790191.5144693668,0.0,1790191.5144693668,0.0,True,normal,0.0,0,,沪深300;纳指,消费ETF
2017-12-13,1790191.5144693668,0.0,1790191.5144693668,0.0,True,normal,0.0,0,,沪深300;纳指,消费ETF
2017-12-14,1790191.5144693668,0.0,1790191.5144693668,0.0,True,normal,0.0,0,,沪深300;纳指,消费ETF
2017-12-15,1790191.5144693668,0.0,1790191.5144693668,0.0,True,normal,0.0,0,,沪深300;纳指,消费ETF
2017-12-18,1790191.5144693668,0.0,1790191.5144693668,0.0,True,normal,0.0,0,,沪深300;纳指,消费ETF
2017-12-19,1790191.5144693668,0.0,1790191.5144693668,0.0,True,normal,0.0,0,,沪深300;纳指,消费ETF
2017-12-20,1790191.5144693668,0.0,1790191.5144693668,0.0,True,normal,0.0,0,,沪深300;纳指;国债ETF,消费ETF
2017-12-21,1790191.5144693668,0.0,1790191.5144693668,0.0,True,normal,0.0,0,,沪深300;纳指;国债ETF,消费ETF;医药ETF
2017-12-22,1790191.5144693668,0.0,1790191.5144693668,0.0,True,normal,0.0,0,,沪深300;纳指;国债ETF,消费ETF;医药ETF
2017-12-25,1790191.5144693668,0.0,1790191.5144693668,0.0,True,normal,0.0,0,,沪深300;纳指;国债ETF,消费ETF;医药ETF
2017-12-26,1790191.5144693668,0.0,1790191.5144693668,0.0,True,normal,0.0,0,,沪深300;纳指;国债ETF,消费ETF;医药ETF
2017-12-27,1790191.5144693668,0.0,1790191.5144693668,0.0,True,normal,0.0,0,,纳指;国债ETF,消费ETF
2017-12-28,1790191.5144693668,0.0,1790191.5144693668,0.0,True,normal,0.0,0,,沪深300;纳指;国债ETF,消费ETF
2017-12-29,1790191.5144693668,0.0,1790191.5144693668,0.0,True,normal,0.0,0,,纳指;黄金;国债ETF,消费ETF;医药ETF
2018-01-02,1790191.5144693668,0.0,1790191.5144693668,0.0,True,normal,0.0,0,,沪深300;纳指;黄金;国债ETF,消费ETF;医药ETF
2018-01-03,1790191.5144693668,0.0,1790191.5144693668,0.0,True,normal,0.0,0,,沪深300;纳指;黄金;国债ETF,消费ETF;医药ETF
2018-01-04,1790191.5144693668,0.0,1790191.5144693668,0.0,True,normal,0.0,0,,沪深300;纳指;国债ETF,消费ETF;医药ETF
2018-01-05,1790191.5144693668,0.0,1790191.5144693668,0.0,True,normal,0.0,0,,沪深300;纳指;国债ETF,消费ETF;医药ETF
2018-01-08,1790191.5144693668,0.0,1790191.5144693668,0.0,True,normal,0.0,0,,沪深300;纳指;黄金;国债ETF,消费ETF;医药ETF
2018-01-09,1790191.5144693668,0.0,1790191.5144693668,0.0,True,normal,0.0,0,,沪深300;纳指;黄金;国债ETF,消费ETF;医药ETF
2018-01-10,1790191.5144693668,0.0,1790191.5144693668,0.0,True,normal,0.0,0,,沪深300;纳指;黄金;国债ETF,消费ETF;医药ETF
2018-01-11,1790191.5144693668,0.0,1790191.5144693668,0.0,True,normal,0.0,0,,沪深300;纳指;黄金;国债ETF,消费ETF;医药ETF
2018-01-12,1790191.5144693668,0.0,1790191.5144693668,0.0,True,normal,0.0,0,,沪深300;纳指;黄金;国债ETF,消费ETF;医药ETF
2018-01-15,1790191.5144693668,0.0,1790191.5144693668,0.0,True,normal,0.0,0,,沪深300;纳指;黄金;国债ETF,消费ETF;医药ETF
2018-01-16,1790191.5144693668,0.0,1790191.5144693668,0.0,True,normal,0.0,0,,沪深300;纳指;黄金;国债ETF,消费ETF;医药ETF
2018-01-17,1790191.5144693668,0.0,1790191.5144693668,0.0,True,normal,0.0,0,,沪深300;纳指;黄金;国债ETF,消费ETF;医药ETF;证券ETF
2018-01-18,1790191.5144693668,0.0,1790191.5144693668,0.0,True,normal,0.0,0,,沪深300;纳指;黄金;国债ETF,消费ETF;医药ETF;证券ETF
2018-01-19,1790191.5144693668,0.0,1790191.5144693668,0.0,True,normal,0.0,0,,沪深300;纳指;黄金;国债ETF,消费ETF;医药ETF;证券ETF
2018-01-22,1790191.5144693668,0.0,1790191.5144693668,0.0,True,normal,0.0,0,,沪深300;创业板;纳指;黄金;国债ETF,消费ETF;医药ETF;证券ETF
2018-01-23,1790191.5144693668,0.0,1790191.5144693668,0.0,True,normal,0.0,0,,沪深300;纳指;黄金;国债ETF,消费ETF;医药ETF;证券ETF
2018-01-24,1790191.5144693668,0.0,1790191.5144693668,0.0,True,normal,0.0,0,,沪深300;创业板;纳指;黄金;国债ETF,消费ETF;医药ETF;证券ETF
2018-01-25,1790191.5144693668,0.0,1790191.5144693668,0.0,True,normal,0.0,0,,沪深300;创业板;纳指;黄金;国债ETF,消费ETF;医药ETF;证券ETF
2018-01-26,1790191.5144693668,0.0,1790191.5144693668,0.0,True,normal,0.0,0,,沪深300;创业板;纳指;黄金;国债ETF,消费ETF;医药ETF;证券ETF
2018-01-29,1790191.5144693668,0.0,1790191.5144693668,0.0,True,normal,0.0,0,,沪深300;创业板;纳指;黄金;国债ETF,消费ETF;医药ETF;证券ETF
2018-01-30,1790191.5144693668,0.0,1790191.5144693668,0.0,True,normal,0.0,0,,沪深300;创业板;纳指;黄金;国债ETF,消费ETF;证券ETF
2018-01-31,1790191.5144693668,0.0,1790191.5144693668,0.0,True,normal,0.0,0,,沪深300;纳指;黄金;国债ETF,消费ETF;医药ETF;证券ETF
2018-02-01,1790191.5144693668,0.0,1790191.5144693668,0.0,True,normal,0.0,0,,沪深300;纳指;黄金;国债ETF,消费ETF;证券ETF
2018-02-02,1790191.5144693668,0.0,1790191.5144693668,0.0,True,normal,0.0,0,,沪深300;纳指;黄金;国债ETF,消费ETF;证券ETF
2018-02-05,1790191.5144693668,0.0,1790191.5144693668,0.0,True,normal,0.0,0,,沪深300;纳指;黄金;国债ETF,证券ETF
2018-02-06,1790191.5144693668,0.0,1790191.5144693668,0.0,True,normal,0.0,0,,沪深300;黄金;国债ETF,
2018-02-07,1790191.5144693668,0.0,1790191.5144693668,0.0,True,normal,0.0,0,,黄金;国债ETF,
2018-02-08,1790191.5144693668,0.0,1790191.5144693668,0.0,True,normal,0.0,0,,黄金;国债ETF,
2018-02-09,1790191.5144693668,0.0,1790191.5144693668,0.0,True,normal,0.0,0,,黄金;国债ETF,
2018-02-12,1790191.5144693668,0.0,1790191.5144693668,0.0,True,normal,0.0,0,,黄金;国债ETF,
2018-02-13,1790191.5144693668,0.0,1790191.5144693668,0.0,True,normal,0.0,0,,黄金;国债ETF,
2018-02-14,1790191.5144693668,1253134.0601285566,537057.4543408102,1.0,False,normal,0.0,2,黄金;国债ETF,黄金;国债ETF,
2018-02-22,1783410.7742018069,1248387.5419412646,535023.2322605422,1.0,False,normal,-0.0037877178015614573,2,黄金;国债ETF,黄金;国债ETF,
2018-02-23,1785068.087293501,1249547.6611054507,535520.4261880503,1.0,False,normal,-0.002861943615783691,2,黄金;国债ETF,黄金;国债ETF,
2018-02-26,1788821.0258237603,1252174.7180766321,536646.3077471282,1.0,False,normal,-0.0007655542072059647,4,沪深300;纳指;黄金;国债ETF,沪深300;纳指;黄金;国债ETF,
2018-02-27,1786826.2499876479,1250778.3749913534,536047.8749962945,1.0,False,normal,-0.001879834897282701,3,纳指;黄金;国债ETF,纳指;黄金;国债ETF,
2018-02-28,1778257.5331683904,1244780.2732178732,533477.2599505172,1.0,False,normal,-0.006666315421852353,4,创业板;纳指;黄金;国债ETF,创业板;纳指;黄金;国债ETF,
2018-03-01,1785725.3148603616,1250007.720402253,535717.5944581085,1.0,False,normal,-0.0024948166567133785,3,创业板;纳指;国债ETF,创业板;纳指;国债ETF,
2018-03-02,1775233.7133928593,1242663.5993750014,532570.1140178579,1.0,False,normal,-0.008355419493171428,3,创业板;纳指;国债ETF,创业板;纳指;国债ETF,
2018-03-05,1783316.5869962776,1741551.8357770198,41764.75121925771,1.0,False,normal,-0.003840330723010381,4,创业板;纳指;国债ETF;军工ETF,创业板;纳指;国债ETF,军工ETF
2018-03-06,1793882.6145324016,1971429.9185055036,-177547.303973102,1.0,False,normal,0.0,5,创业板;纳指;国债ETF;医药ETF;军工ETF,创业板;纳指;国债ETF,医药ETF;军工ETF
2018-03-07,1779979.0758089942,1954878.7472833418,-174899.6714743476,1.0,False,normal,-0.007750528719534666,4,纳指;国债ETF;医药ETF;军工ETF,纳指;国债ETF,医药ETF;军工ETF
2018-03-08,1796282.291787418,1968956.0835402838,-172673.79175286577,1.0,False,normal,0.0,4,纳指;国债ETF;医药ETF;军工ETF,纳指;国债ETF,医药ETF;军工ETF
2018-03-09,1814268.9928071403,1983096.2038689912,-168827.2110618509,1.0,False,normal,0.0,5,创业板;纳指;国债ETF;医药ETF;军工ETF,创业板;纳指;国债ETF,医药ETF;军工ETF
2018-03-12,1833086.2883627743,1922290.8606510952,-89204.57228832087,1.0,False,normal,0.0,6,创业板;纳指;国债ETF;医药ETF;有色ETF;军工ETF,创业板;纳指;国债ETF,医药ETF;有色ETF;军工ETF
2018-03-13,1825892.7805624367,1916131.4091255602,-90238.62856312352,1.0,False,normal,-0.003924260328608167,6,创业板;纳指;国债ETF;医药ETF;有色ETF;军工ETF,创业板;纳指;国债ETF,医药ETF;有色ETF;军工ETF
2018-03-14,1810479.9391347743,1901793.084050765,-91313.14491599076,1.0,False,normal,-0.012332397755367508,6,创业板;纳指;国债ETF;医药ETF;有色ETF;军工ETF,创业板;纳指;国债ETF,医药ETF;有色ETF;军工ETF
2018-03-15,1812658.5447880921,1906339.4208509082,-93680.87606281601,1.0,False,normal,-0.011143907247774597,6,创业板;纳指;国债ETF;医药ETF;有色ETF;军工ETF,创业板;纳指;国债ETF,医药ETF;有色ETF;军工ETF
2018-03-16,1801532.1149577585,1895740.0610932182,-94207.9461354597,1.0,False,normal,-0.01721368688715605,6,创业板;纳指;国债ETF;医药ETF;有色ETF;军工ETF,创业板;纳指;国债ETF,医药ETF;有色ETF;军工ETF
2018-03-19,1812360.3466062553,1907234.9940178157,-94874.6474115604,1.0,False,normal,-0.011306582722317153,6,创业板;纳指;国债ETF;医药ETF;有色ETF;军工ETF,创业板;纳指;国债ETF,医药ETF;有色ETF;军工ETF
2018-03-20,1815205.4418868953,1975431.8684278354,-160226.42654094007,1.0,False,normal,-0.009754503423758238,4,创业板;国债ETF;医药ETF;军工ETF,创业板;国债ETF,医药ETF;军工ETF
2018-03-21,1802945.712334158,1962435.8612507973,-159490.1489166394,1.0,False,normal,-0.01644252985795695,4,创业板;国债ETF;医药ETF;军工ETF,创业板;国债ETF,医药ETF;军工ETF
2018-03-22,1793275.6067000967,1950669.2568317081,-157393.6501316114,1.0,False,normal,-0.02171784378914021,4,创业板;国债ETF;医药ETF;军工ETF,创业板;国债ETF,医药ETF;军工ETF
2018-03-23,1738880.5627034027,1795011.251167104,-56130.6884637014,1.0,False,normal,-0.05139186641536208,2,国债ETF;医药ETF,国债ETF,医药ETF
2018-03-26,1760349.082486239,1879778.1620795033,-119429.07959326426,1.0,False,normal,-0.039680186545664846,4,创业板;国债ETF;医药ETF;军工ETF,创业板;国债ETF,医药ETF;军工ETF
2018-03-27,1798504.2981510942,1914139.7931087147,-115635.49495762051,1.0,False,normal,-0.018865445904659,4,创业板;国债ETF;医药ETF;军工ETF,创业板;国债ETF,医药ETF;军工ETF
2018-03-28,1786675.285398481,1899710.413496293,-113035.12809781195,1.0,False,normal,-0.0253185042400516,4,创业板;国债ETF;医药ETF;军工ETF,创业板;国债ETF,医药ETF;军工ETF
2018-03-29,1779435.3019663962,1890241.7973728918,-110806.49540649564,1.0,False,normal,-0.02926811832971412,4,创业板;国债ETF;医药ETF;军工ETF,创业板;国债ETF,医药ETF;军工ETF
2018-03-30,1819019.2145122609,1922818.5216418426,-103799.30712958169,1.0,False,normal,-0.007673983456107502,4,创业板;国债ETF;医药ETF;军工ETF,创业板;国债ETF,医药ETF;军工ETF
2018-04-02,1822380.6886061768,1925975.5645960574,-103594.87598988065,1.0,False,normal,-0.005840205027205388,4,创业板;国债ETF;医药ETF;军工ETF,创业板;国债ETF,医药ETF;军工ETF
2018-04-03,1807505.6427907222,1909339.7072844068,-101834.06449368456,1.0,False,normal,-0.013954959858927057,4,创业板;国债ETF;医药ETF;军工ETF,创业板;国债ETF,医药ETF;军工ETF
2018-04-04,1797742.8097295782,1899138.3636694462,-101395.553939868,1.0,False,normal,-0.019280859203176525,4,创业板;国债ETF;医药ETF;军工ETF,创业板;国债ETF,医药ETF;军工ETF
2018-04-09,1808020.31250389,1908525.3777622767,-100505.06525838678,1.0,False,normal,-0.013674193090643943,4,创业板;国债ETF;医药ETF;军工ETF,创业板;国债ETF,医药ETF;军工ETF
2018-04-10,1802108.1483384734,1937352.7443006015,-135244.59596212814,1.0,False,normal,-0.016899444516585798,6,创业板;黄金;国债ETF;医药ETF;证券ETF;军工ETF,创业板;黄金;国债ETF,医药ETF;证券ETF;军工ETF
2018-04-11,1801852.1537687383,1874606.224763607,-72754.07099486864,1.0,False,normal,-0.017039096736647833,7,创业板;纳指;国债ETF;医药ETF;证券ETF;有色ETF;军工ETF,创业板;纳指;国债ETF,医药ETF;证券ETF;有色ETF;军工ETF
2018-04-12,1795417.0254636647,1898654.0165094587,-103236.99104579398,1.0,False,normal,-0.02054963977323404,6,创业板;纳指;黄金;国债ETF;医药ETF;军工ETF,创业板;纳指;黄金;国债ETF,医药ETF;军工ETF
2018-04-13,1791798.2171134553,1894743.822268845,-102945.60515538976,1.0,False,normal,-0.022523801258802472,6,创业板;纳指;黄金;国债ETF;医药ETF;军工ETF,创业板;纳指;黄金;国债ETF,医药ETF;军工ETF
2018-04-16,1797648.3729651447,1903377.9769926982,-105729.60402755346,1.0,False,normal,-0.019332377107725285,6,创业板;纳指;黄金;国债ETF;医药ETF;军工ETF,创业板;纳指;黄金;国债ETF,医药ETF;军工ETF
2018-04-17,1779433.5757614877,1880460.6718801132,-101027.09611862549,1.0,False,normal,-0.02926906002292268,6,创业板;纳指;黄金;国债ETF;医药ETF;军工ETF,创业板;纳指;黄金;国债ETF,医药ETF;军工ETF
2018-04-18,1799454.8017629338,1901708.9894513232,-102254.18768838933,1.0,False,normal,-0.0183469195167449,6,创业板;纳指;黄金;国债ETF;医药ETF;军工ETF,创业板;纳指;黄金;国债ETF,医药ETF;军工ETF
2018-04-19,1811655.4461203145,1913713.5067805694,-102058.06066025491,1.0,False,normal,-0.011691125714327818,6,创业板;纳指;黄金;国债ETF;医药ETF;军工ETF,创业板;纳指;黄金;国债ETF,医药ETF;军工ETF
2018-04-20,1799919.6979998625,1901904.0691498322,-101984.37114996975,1.0,False,normal,-0.01809330557621193,6,创业板;纳指;黄金;国债ETF;医药ETF;军工ETF,创业板;纳指;黄金;国债ETF,医药ETF;军工ETF
2018-04-23,1772636.621576856,1866790.5264157052,-94153.90483884932,1.0,False,normal,-0.03297698922831897,4,创业板;国债ETF;医药ETF;军工ETF,创业板;国债ETF,医药ETF;军工ETF
2018-04-24,1803884.2264849807,1897202.4076353721,-93318.18115039147,1.0,False,normal,-0.015930544057407972,4,创业板;国债ETF;医药ETF;军工ETF,创业板;国债ETF,医药ETF;军工ETF
2018-04-25,1815008.8648060262,1911563.4867064448,-96554.62190041854,1.0,False,normal,-0.009861741736606396,4,创业板;国债ETF;医药ETF;军工ETF,创业板;国债ETF,医药ETF;军工ETF
2018-04-26,1792822.8381654406,1885769.9653423196,-92947.12717687897,1.0,False,normal,-0.021964841727824556,5,创业板;黄金;国债ETF;医药ETF;军工ETF,创业板;黄金;国债ETF,医药ETF;军工ETF
2018-04-27,1798732.8510889725,1892329.8008183045,-93596.949729332,1.0,False,normal,-0.018740763864686715,5,创业板;黄金;国债ETF;医药ETF;军工ETF,创业板;黄金;国债ETF,医药ETF;军工ETF
2018-05-02,1795488.6956877,1844610.210384122,-49121.51469642203,1.0,False,normal,-0.020510541655218328,3,创业板;国债ETF;医药ETF,创业板;国债ETF,医药ETF
2018-05-03,1802737.7559326447,1927543.876833448,-124806.12090080325,1.0,False,normal,-0.016555975909478576,5,创业板;国债ETF;医药ETF;证券ETF;军工ETF,创业板;国债ETF,医药ETF;证券ETF;军工ETF
2018-05-04,1797113.944190076,1922870.9270441956,-125756.9828541195,1.0,False,normal,-0.019623922998642362,5,创业板;国债ETF;医药ETF;证券ETF;军工ETF,创业板;国债ETF,医药ETF;证券ETF;军工ETF
2018-05-07,1821405.56199018,1983617.065780438,-162211.50379025796,1.0,False,normal,-0.0063721639547186385,6,创业板;国债ETF;消费ETF;医药ETF;证券ETF;军工ETF,创业板;国债ETF,消费ETF;医药ETF;证券ETF;军工ETF
2018-05-08,1826061.7928815864,1988341.919874805,-162280.12699321867,1.0,False,normal,-0.0038320593666443764,6,创业板;国债ETF;消费ETF;医药ETF;证券ETF;军工ETF,创业板;国债ETF,消费ETF;医药ETF;证券ETF;军工ETF
2018-05-09,1819946.4157313413,1981396.531256979,-161450.11552563775,1.0,False,normal,-0.0071681691772234385,5,国债ETF;消费ETF;医药ETF;证券ETF;军工ETF,国债ETF,消费ETF;医药ETF;证券ETF;军工ETF
2018-05-10,1827601.5687967576,1963461.0926051806,-135859.52380842296,1.0,False,normal,-0.0029920684044368595,4,国债ETF;消费ETF;医药ETF;证券ETF,国债ETF,消费ETF;医药ETF;证券ETF
2018-05-11,1817902.5044847669,1950160.027533292,-132257.5230485252,1.0,False,normal,-0.008283180106905319,4,国债ETF;消费ETF;医药ETF;证券ETF,国债ETF,消费ETF;医药ETF;证券ETF
2018-05-14,1825430.0761122808,1956922.488936424,-131492.4128241432,1.0,False,normal,-0.004176678587963054,4,国债ETF;消费ETF;医药ETF;证券ETF,国债ETF,消费ETF;医药ETF;证券ETF
2018-05-15,1830717.5318443931,1922033.7155545584,-91316.18371016532,1.0,False,normal,-0.0012922231394228818,6,创业板;国债ETF;消费ETF;医药ETF;证券ETF;有色ETF,创业板;国债ETF,消费ETF;医药ETF;证券ETF;有色ETF
2018-05-16,1824903.9827020154,1885754.8579881922,-60850.8752861768,1.0,False,normal,-0.004463677303520127,4,创业板;国债ETF;消费ETF;医药ETF,创业板;国债ETF,消费ETF;医药ETF
2018-05-17,1814585.7719010455,1875226.5731465719,-60640.80124552641,1.0,False,normal,-0.010092550786713167,3,国债ETF;消费ETF;医药ETF,国债ETF,消费ETF;医药ETF
2018-05-18,1817234.6375093947,1948042.2671371032,-130807.62962770858,1.0,False,normal,-0.008647520279875953,5,纳指;国债ETF;消费ETF;医药ETF;证券ETF,纳指;国债ETF,消费ETF;医药ETF;证券ETF
2018-05-21,1824871.46043064,1921731.8115827614,-96860.35115212132,1.0,False,normal,-0.004481419115011419,7,创业板;纳指;国债ETF;消费ETF;医药ETF;证券ETF;有色ETF,创业板;纳指;国债ETF,消费ETF;医药ETF;证券ETF;有色ETF
2018-05-22,1828907.2777447368,1927710.6824827108,-98803.40473797405,1.0,False,normal,-0.0022797675398958106,7,创业板;纳指;国债ETF;消费ETF;医药ETF;证券ETF;有色ETF,创业板;纳指;国债ETF,消费ETF;医药ETF;证券ETF;有色ETF
2018-05-23,1810884.0447372557,1869828.5324920777,-58944.48775482201,1.0,False,normal,-0.012111946811488413,5,创业板;纳指;国债ETF;消费ETF;医药ETF,创业板;纳指;国债ETF,消费ETF;医药ETF
2018-05-24,1810040.3534387716,1868749.873827241,-58709.52038846933,1.0,False,normal,-0.012572204085704156,5,创业板;纳指;国债ETF;消费ETF;医药ETF,创业板;纳指;国债ETF,消费ETF;医药ETF
2018-05-25,1812917.77241018,1871527.1328021968,-58609.360392016824,1.0,False,normal,-0.011002491306946553,4,纳指;国债ETF;消费ETF;医药ETF,纳指;国债ETF,消费ETF;医药ETF
2018-05-28,1829281.2058553963,1883803.4195722237,-54522.21371682733,1.0,False,normal,-0.002075779264475583,5,沪深300;纳指;国债ETF;消费ETF;医药ETF,沪深300;纳指;国债ETF,消费ETF;医药ETF
2018-05-29,1804673.3214029635,1804673.3214029635,0.0,1.0,False,normal,-0.015500070640530474,4,纳指;国债ETF;消费ETF;医药ETF,纳指;国债ETF,消费ETF;医药ETF
2018-05-30,1801904.0129234148,1801904.0129234146,2.3283064365386963e-10,1.0,False,normal,-0.017010806112793528,4,纳指;国债ETF;消费ETF;医药ETF,纳指;国债ETF,消费ETF;医药ETF
2018-05-31,1833450.8744807437,1833450.874480744,-2.3283064365386963e-10,1.0,False,normal,0.0,4,纳指;国债ETF;消费ETF;医药ETF,纳指;国债ETF,消费ETF;医药ETF
2018-06-01,1818998.4611856046,1818998.4611856048,-2.3283064365386963e-10,1.0,False,normal,-0.007882629142835473,4,纳指;国债ETF;消费ETF;医药ETF,纳指;国债ETF,消费ETF;医药ETF
2018-06-04,1831113.6315549288,1831113.6315549288,0.0,1.0,False,normal,-0.0012747780474220533,4,纳指;国债ETF;消费ETF;医药ETF,纳指;国债ETF,消费ETF;医药ETF
2018-06-05,1848422.2195351748,1848422.2195351748,0.0,1.0,False,normal,0.0,4,纳指;国债ETF;消费ETF;医药ETF,纳指;国债ETF,消费ETF;医药ETF
2018-06-06,1852318.9433604605,1852318.9433604602,2.3283064365386963e-10,1.0,False,normal,0.0,4,纳指;国债ETF;消费ETF;医药ETF,纳指;国债ETF,消费ETF;医药ETF
2018-06-07,1849923.9822816446,1849923.9822816446,0.0,1.0,False,normal,-0.0012929528618170604,4,纳指;国债ETF;消费ETF;医药ETF,纳指;国债ETF,消费ETF;医药ETF
2018-06-08,1835441.3703218815,1835441.3703218815,0.0,1.0,False,normal,-0.009111591229510304,4,纳指;国债ETF;消费ETF;医药ETF,纳指;国债ETF,消费ETF;医药ETF
2018-06-11,1833116.1654853309,1833116.1654853309,0.0,1.0,False,normal,-0.01036688521917942,4,纳指;国债ETF;消费ETF;医药ETF,纳指;国债ETF,消费ETF;医药ETF
2018-06-12,1848568.2087515919,1848568.2087515919,0.0,0.7421892064473249,False,normal,-0.0020248859529903925,4,沪深300;纳指;消费ETF;医药ETF,沪深300;纳指,消费ETF;医药ETF
2018-06-13,1837542.9353081766,1837542.9353081766,0.0,1.0,False,normal,-0.007977032306044117,5,沪深300;纳指;国债ETF;消费ETF;医药ETF,沪深300;纳指;国债ETF,消费ETF;医药ETF
2018-06-14,1828564.9536413867,1828564.9536413867,0.0,0.7418407896592375,False,normal,-0.012823919878495373,4,沪深300;纳指;消费ETF;医药ETF,沪深300;纳指,消费ETF;医药ETF
2018-06-15,1831575.4265522838,1756644.8999751355,74930.52657714835,0.5870579958312078,False,normal,-0.011198674441316215,2,纳指;消费ETF,纳指,消费ETF
2018-06-19,1792442.1416906111,1254709.4991834278,537732.6425071834,1.0,False,normal,-0.03232531950530148,2,纳指;国债ETF,纳指;国债ETF,
2018-06-20,1796511.5430002129,1710071.3555018804,86440.18749833247,1.0,False,normal,-0.030128396926612594,3,纳指;国债ETF;消费ETF,纳指;国债ETF,消费ETF
2018-06-21,1806076.2631277952,1719083.9361358187,86992.32699197647,1.0,False,normal,-0.02496475048123851,3,纳指;国债ETF;消费ETF,纳指;国债ETF,消费ETF
2018-06-22,1803578.6335828572,1716694.8964646463,86883.73711821088,1.0,False,normal,-0.026313130334443924,3,纳指;国债ETF;消费ETF,纳指;国债ETF,消费ETF
2018-06-25,1800285.2540817247,1714204.44695945,86080.80712227477,1.0,False,normal,-0.028091106807090534,3,纳指;国债ETF;消费ETF,纳指;国债ETF,消费ETF
2018-06-26,1784924.755451551,1249447.3288160856,535477.4266354654,1.0,False,normal,-0.03638368443538324,2,纳指;国债ETF,纳指;国债ETF,
2018-06-27,1780025.3402167754,1246017.7381517426,534007.6020650328,1.0,False,normal,-0.03902870151105329,2,纳指;国债ETF,纳指;国债ETF,
2018-06-28,1773973.569593708,1241781.4987155956,532192.0708781125,0.5837515484453549,False,normal,-0.04229583358070017,1,纳指,纳指,
2018-06-29,1801484.2625821575,0.0,1801484.2625821575,0.0,True,normal,-0.027443805485290306,0,,纳指;国债ETF,
2018-07-02,1801484.2625821575,0.0,1801484.2625821575,0.0,True,normal,-0.027443805485290306,0,,纳指;国债ETF,
2018-07-03,1801484.2625821575,0.0,1801484.2625821575,0.0,True,normal,-0.027443805485290306,0,,纳指;国债ETF,
2018-07-04,1801484.2625821575,0.0,1801484.2625821575,0.0,True,normal,-0.027443805485290306,0,,纳指;国债ETF,
2018-07-05,1801484.2625821575,0.0,1801484.2625821575,0.0,True,normal,-0.027443805485290306,0,,纳指;国债ETF,
2018-07-06,1801484.2625821575,0.0,1801484.2625821575,0.0,True,normal,-0.027443805485290306,0,,纳指;国债ETF,
2018-07-09,1801484.2625821575,0.0,1801484.2625821575,0.0,True,normal,-0.027443805485290306,0,,纳指;国债ETF,
2018-07-10,1801484.2625821575,0.0,1801484.2625821575,0.0,True,normal,-0.027443805485290306,0,,纳指;国债ETF,
2018-07-11,1801484.2625821575,0.0,1801484.2625821575,0.0,True,normal,-0.027443805485290306,0,,纳指;黄金;国债ETF,
2018-07-12,1801484.2625821575,0.0,1801484.2625821575,0.0,True,normal,-0.027443805485290306,0,,纳指;黄金;国债ETF,
2018-07-13,1801484.2625821575,0.0,1801484.2625821575,0.0,True,normal,-0.027443805485290306,0,,纳指;黄金;国债ETF,医药ETF
2018-07-16,1801484.2625821575,0.0,1801484.2625821575,0.0,True,normal,-0.027443805485290306,0,,纳指;黄金;国债ETF,医药ETF
2018-07-17,1801484.2625821575,0.0,1801484.2625821575,0.0,True,normal,-0.027443805485290306,0,,纳指;黄金;国债ETF,
2018-07-18,1801484.2625821575,0.0,1801484.2625821575,0.0,True,normal,-0.027443805485290306,0,,纳指;国债ETF,医药ETF
2018-07-19,1801484.2625821575,0.0,1801484.2625821575,0.0,True,normal,-0.027443805485290306,0,,纳指;国债ETF,
2018-07-20,1801484.2625821575,0.0,1801484.2625821575,0.0,True,normal,-0.027443805485290306,0,,纳指;国债ETF,
2018-07-23,1801484.2625821575,0.0,1801484.2625821575,0.0,True,normal,-0.027443805485290306,0,,纳指;黄金;国债ETF,军工ETF
2018-07-24,1801484.2625821575,0.0,1801484.2625821575,0.0,True,normal,-0.027443805485290306,0,,纳指;国债ETF,证券ETF;军工ETF
2018-07-25,1801484.2625821575,1688318.0007459533,113166.26183620421,1.0,False,normal,-0.027443805485290306,3,纳指;国债ETF;军工ETF,纳指;国债ETF,军工ETF
2018-07-26,1798782.3526599107,1685423.3223146738,113359.03034523688,1.0,False,normal,-0.028902468925477903,3,纳指;国债ETF;军工ETF,纳指;国债ETF,军工ETF
2018-07-27,1796576.2517238925,1683576.253232245,112999.99849164742,1.0,False,normal,-0.030093463027182587,3,纳指;国债ETF;军工ETF,纳指;国债ETF,军工ETF
2018-07-30,1790067.1289741497,1677264.232676505,112802.89629764459,1.0,False,normal,-0.03360750296780644,4,纳指;黄金;国债ETF;军工ETF,纳指;黄金;国债ETF,军工ETF
2018-07-31,1779244.5989309603,1667415.9598579952,111828.63907296513,1.0,False,normal,-0.03945019549221331,4,纳指;黄金;国债ETF;军工ETF,纳指;黄金;国债ETF,军工ETF
2018-08-01,1772611.8872987803,1240828.3211091459,531783.5661896344,1.0,False,normal,-0.04303095660031224,3,纳指;黄金;国债ETF,纳指;黄金;国债ETF,
2018-08-02,1772680.478062916,1240876.3346440413,531804.1434188748,1.0,False,normal,-0.042993926927651555,2,纳指;国债ETF,纳指;国债ETF,
2018-08-03,1791932.5626982923,1254352.7938888045,537579.7688094878,1.0,False,normal,-0.03260042277201771,2,纳指;国债ETF,纳指;国债ETF,
2018-08-06,1807718.8756029694,1265403.2129220786,542315.6626808909,1.0,False,normal,-0.02407796341842619,2,纳指;国债ETF,纳指;国债ETF,
2018-08-07,1804922.6820244852,1263445.8774171395,541476.8046073457,1.0,False,normal,-0.025587527194420083,2,纳指;国债ETF,纳指;国债ETF,
2018-08-08,1794235.7011401353,1255964.9907980945,538270.7103420408,1.0,False,normal,-0.03135704163071996,2,纳指;国债ETF,纳指;国债ETF,
2018-08-09,1784916.2046774665,1249441.3432742264,535474.8614032401,1.0,False,normal,-0.03638830068903386,2,纳指;国债ETF,纳指;国债ETF,
2018-08-10,1782859.0867990146,1248001.3607593102,534857.7260397044,1.0,False,normal,-0.0374988642266069,2,纳指;国债ETF,纳指;国债ETF,
2018-08-13,1780495.062166491,1246346.5435165437,534148.5186499474,1.0,False,normal,-0.0387751156200277,3,纳指;黄金;国债ETF,纳指;黄金;国债ETF,
2018-08-14,1780825.7984417328,1246578.058909213,534247.7395325198,1.0,False,normal,-0.03859656306760296,2,纳指;国债ETF,纳指;国债ETF,
2018-08-15,1786234.127270235,1250363.8890891643,535870.2381810707,1.0,False,normal,-0.03567680194984941,2,纳指;国债ETF,纳指;国债ETF,
2018-08-16,1774988.3534648754,1242491.8474254126,532496.5060394628,1.0,False,normal,-0.04174798847292066,2,纳指;国债ETF,纳指;国债ETF,
2018-08-17,1771669.419007618,1240168.5933053326,531500.8257022854,0.5422140334634225,False,normal,-0.04353976114206813,1,纳指,纳指,
2018-08-20,1765668.8011207148,1235968.1607845002,529700.6403362146,1.0,False,normal,-0.04677927769963082,2,纳指;国债ETF,纳指;国债ETF,
2018-08-21,1761781.3029677996,0.0,1761781.3029677996,0.0,True,normal,-0.04887799734337775,0,,纳指;国债ETF,
2018-08-22,1761781.3029677996,0.0,1761781.3029677996,0.0,True,normal,-0.04887799734337775,0,,纳指;国债ETF,
2018-08-23,1761781.3029677996,0.0,1761781.3029677996,0.0,True,normal,-0.04887799734337775,0,,纳指,
2018-08-24,1761781.3029677996,0.0,1761781.3029677996,0.0,True,normal,-0.04887799734337775,0,,纳指;国债ETF,
2018-08-27,1761781.3029677996,0.0,1761781.3029677996,0.0,True,normal,-0.04887799734337775,0,,沪深300;纳指;国债ETF,证券ETF
2018-08-28,1761781.3029677996,0.0,1761781.3029677996,0.0,True,normal,-0.04887799734337775,0,,沪深300;纳指;国债ETF,证券ETF;军工ETF
2018-08-29,1761781.3029677996,0.0,1761781.3029677996,0.0,True,normal,-0.04887799734337775,0,,沪深300;纳指;国债ETF,军工ETF
2018-08-30,1761781.3029677996,0.0,1761781.3029677996,0.0,True,normal,-0.04887799734337775,0,,沪深300;纳指;国债ETF,
2018-08-31,1761781.3029677996,0.0,1761781.3029677996,0.0,True,normal,-0.04887799734337775,0,,纳指;国债ETF,
2018-09-03,1761781.3029677996,0.0,1761781.3029677996,0.0,True,normal,-0.04887799734337775,0,,纳指;国债ETF,军工ETF
2018-09-04,1761781.3029677996,0.0,1761781.3029677996,0.0,True,normal,-0.04887799734337775,0,,纳指;国债ETF,军工ETF
2018-09-05,1761781.3029677996,0.0,1761781.3029677996,0.0,True,normal,-0.04887799734337775,0,,纳指;国债ETF,军工ETF
2018-09-06,1761781.3029677996,0.0,1761781.3029677996,0.0,True,normal,-0.04887799734337775,0,,纳指;国债ETF,军工ETF
2018-09-07,1761781.3029677996,0.0,1761781.3029677996,0.0,True,normal,-0.04887799734337775,0,,纳指;国债ETF,军工ETF
2018-09-10,1761781.3029677996,0.0,1761781.3029677996,0.0,True,normal,-0.04887799734337775,0,,纳指,军工ETF
2018-09-11,1761781.3029677996,0.0,1761781.3029677996,0.0,True,normal,-0.04887799734337775,0,,纳指;黄金,军工ETF
2018-09-12,1761781.3029677996,0.0,1761781.3029677996,0.0,True,normal,-0.04887799734337775,0,,纳指,军工ETF
2018-09-13,1761781.3029677996,0.0,1761781.3029677996,0.0,True,normal,-0.04887799734337775,0,,纳指,军工ETF
2018-09-14,1761781.3029677996,0.0,1761781.3029677996,0.0,True,normal,-0.04887799734337775,0,,纳指,军工ETF
2018-09-17,1761781.3029677996,0.0,1761781.3029677996,0.0,True,normal,-0.04887799734337775,0,,纳指,军工ETF
2018-09-18,1761781.3029677996,0.0,1761781.3029677996,0.0,True,normal,-0.04887799734337775,0,,纳指,军工ETF
2018-09-19,1761781.3029677996,0.0,1761781.3029677996,0.0,True,normal,-0.04887799734337775,0,,纳指,军工ETF
2018-09-20,1761781.3029677996,0.0,1761781.3029677996,0.0,True,normal,-0.04887799734337775,0,,纳指,军工ETF
2018-09-21,1761781.3029677996,0.0,1761781.3029677996,0.0,True,normal,-0.04887799734337775,0,,纳指,消费ETF;证券ETF;军工ETF
2018-09-25,1761781.3029677996,0.0,1761781.3029677996,0.0,True,normal,-0.04887799734337775,0,,纳指,消费ETF;证券ETF;军工ETF
2018-09-26,1761781.3029677996,0.0,1761781.3029677996,0.0,True,normal,-0.04887799734337775,0,,纳指,消费ETF;证券ETF;军工ETF
2018-09-27,1761781.3029677996,1761781.3029677998,-2.3283064365386963e-10,0.6613204287077441,False,normal,-0.04887799734337775,5,沪深300;纳指;消费ETF;证券ETF;军工ETF,沪深300;纳指,消费ETF;证券ETF;军工ETF
2018-09-28,1779086.129483964,1779086.1294839643,-2.3283064365386963e-10,0.6598038635590873,False,normal,-0.039535747414879904,7,沪深300;纳指;消费ETF;医药ETF;证券ETF;有色ETF;军工ETF,沪深300;纳指,消费ETF;医药ETF;证券ETF;有色ETF;军工ETF
2018-10-08,1712339.5079362018,1584639.3009336824,127700.2070025194,1.0,False,normal,-0.07556983419405583,3,沪深300;国债ETF;消费ETF,沪深300;国债ETF,消费ETF
2018-10-09,1706348.460059076,383654.64300850517,1322693.8170505709,1.0,False,normal,-0.07880418424948245,1,消费ETF,,消费ETF
2018-10-10,1701007.5304004247,0.0,1701007.5304004247,1.0,False,warning,-0.08168755899323035,0,,,
2018-10-11,1701007.5304004247,1190705.2712802973,510302.2591201274,1.0,False,warning,-0.08168755899323035,2,黄金;国债ETF,黄金;国债ETF,
2018-10-12,1709987.769551768,1196991.4386862374,512996.33086553053,1.0,False,normal,-0.0768394526865209,2,黄金;国债ETF,黄金;国债ETF,
2018-10-15,1716480.0977092842,1201536.068396499,514944.02931278525,1.0,False,normal,-0.07333447953878756,2,黄金;国债ETF,黄金;国债ETF,
2018-10-16,1716248.1362779592,1201373.6953945714,514874.4408833878,1.0,False,normal,-0.07345970712562211,2,黄金;国债ETF,黄金;国债ETF,
2018-10-17,1714847.6965130414,1200393.387559129,514454.30895391246,1.0,False,normal,-0.07421575390144203,2,黄金;国债ETF,黄金;国债ETF,
2018-10-18,1716759.024764446,1201731.3173351123,515027.7074293338,1.0,False,normal,-0.07318389691036836,2,黄金;国债ETF,黄金;国债ETF,
2018-10-19,1719622.035652015,1203735.4249564104,515886.61069560447,1.0,False,normal,-0.07163826088595089,2,黄金;国债ETF,黄金;国债ETF,
2018-10-22,1717810.0721688978,1634600.3578747588,83209.71429413906,1.0,False,normal,-0.07261647443260383,5,沪深300;黄金;国债ETF;消费ETF;证券ETF,沪深300;黄金;国债ETF,消费ETF;证券ETF
2018-10-23,1699433.7848779152,1559801.0706202006,139632.71425771457,1.0,False,warning,-0.08253716727918486,3,黄金;国债ETF;证券ETF,黄金;国债ETF,证券ETF
2018-10-24,1708160.6041801486,1566454.3367149353,141706.2674652133,1.0,False,normal,-0.07782587318293097,3,黄金;国债ETF;证券ETF,黄金;国债ETF,证券ETF
2018-10-25,1725196.3378614732,1578345.7251888907,146850.6126725825,1.0,False,normal,-0.06862889674299964,3,黄金;国债ETF;证券ETF,黄金;国债ETF,证券ETF
2018-10-26,1714874.1642294598,1567507.3544127773,147366.80981668248,1.0,False,normal,-0.07420146493867279,3,黄金;国债ETF;证券ETF,黄金;国债ETF,证券ETF
2018-10-29,1710557.9724677335,1563412.1675200427,147145.8049476908,1.0,False,normal,-0.0765316207561671,3,黄金;国债ETF;证券ETF,黄金;国债ETF,证券ETF
2018-10-30,1728287.7389145028,1573887.2720766729,154400.4668378299,1.0,False,normal,-0.06695996112901667,3,黄金;国债ETF;证券ETF,黄金;国债ETF,证券ETF
2018-10-31,1719130.5832716362,1565323.4407948214,153807.1424768148,1.0,False,normal,-0.07190357825051184,3,黄金;国债ETF;证券ETF,黄金;国债ETF,证券ETF
2018-11-01,1724284.5949720442,1569787.8428033474,154496.75216869684,1.0,False,normal,-0.06912111375168331,3,黄金;国债ETF;证券ETF,黄金;国债ETF,证券ETF
2018-11-02,1732444.1821440426,1575912.419419946,156531.76272409665,1.0,False,normal,-0.06471604776601926,3,黄金;国债ETF;证券ETF,黄金;国债ETF,证券ETF
2018-11-05,1733528.3827861613,1576905.9011814273,156622.48160473397,1.0,False,normal,-0.06413072705437564,3,黄金;国债ETF;证券ETF,黄金;国债ETF,证券ETF
2018-11-06,1731319.9705581325,1574820.1354547676,156499.8351033649,1.0,False,normal,-0.06532296893903848,3,黄金;国债ETF;证券ETF,黄金;国债ETF,证券ETF
2018-11-07,1726832.429197895,1617252.1518920208,109580.27730587428,1.0,False,normal,-0.06774563020713315,4,黄金;国债ETF;证券ETF;有色ETF,黄金;国债ETF,证券ETF;有色ETF
2018-11-08,1716218.6255790347,1561111.937870834,155106.68770820065,1.0,False,normal,-0.07347563888458312,3,黄金;国债ETF;证券ETF,黄金;国债ETF,证券ETF
2018-11-09,1715051.2014508385,1560078.1002394008,154973.10121143772,1.0,False,normal,-0.07410588894620496,3,黄金;国债ETF;证券ETF,黄金;国债ETF,证券ETF
2018-11-12,1718611.915942188,1623966.8221169268,94645.09382526111,1.0,False,normal,-0.07218358798172332,4,黄金;国债ETF;医药ETF;证券ETF,黄金;国债ETF,医药ETF;证券ETF
2018-11-13,1724178.5427653259,1645332.9887729886,78845.55399233731,1.0,False,normal,-0.06917836750223125,6,沪深300;黄金;国债ETF;医药ETF;证券ETF;有色ETF,沪深300;黄金;国债ETF,医药ETF;证券ETF;有色ETF
2018-11-14,1714846.3063901374,1618436.6382110629,96409.66817907454,1.0,False,normal,-0.07421650437851778,4,黄金;国债ETF;医药ETF;证券ETF,黄金;国债ETF,医药ETF;证券ETF
2018-11-15,1727319.3353191249,1648928.3572893862,78390.97802973865,0.8681829306000823,False,normal,-0.06748276720345063,8,沪深300;创业板;黄金;国债ETF;医药ETF;证券ETF;有色ETF;军工ETF,沪深300;创业板;黄金;国债ETF,医药ETF;证券ETF;有色ETF;军工ETF
2018-11-16,1728752.9593815708,1623315.3708141218,105437.58856744901,0.8689923938895816,False,normal,-0.06670880542565599,7,沪深300;创业板;黄金;国债ETF;证券ETF;有色ETF;军工ETF,沪深300;创业板;黄金;国债ETF,证券ETF;有色ETF;军工ETF
2018-11-19,1735950.1156780168,1656806.5604836496,79143.55519436719,0.8688314418184321,False,normal,-0.06282332105902258,8,沪深300;创业板;黄金;国债ETF;医药ETF;证券ETF;有色ETF;军工ETF,沪深300;创业板;黄金;国债ETF,医药ETF;证券ETF;有色ETF;军工ETF
2018-11-20,1713158.9413904292,1606972.8930855196,106186.04830490961,1.0,False,normal,-0.07512745171064789,5,黄金;国债ETF;证券ETF;有色ETF;军工ETF,黄金;国债ETF,证券ETF;有色ETF;军工ETF
2018-11-21,1713149.1032110914,1633516.0938464003,79633.0093646911,1.0,False,normal,-0.07513276298782995,6,黄金;国债ETF;医药ETF;证券ETF;有色ETF;军工ETF,黄金;国债ETF,医药ETF;证券ETF;有色ETF;军工ETF
2018-11-22,1712341.06285253,1624074.6119898902,88266.45086263982,1.0,False,normal,-0.0755689947509708,5,黄金;国债ETF;医药ETF;证券ETF;军工ETF,黄金;国债ETF,医药ETF;证券ETF;军工ETF
2018-11-23,1697131.5975645008,1530040.5843412613,167091.01322323945,1.0,False,warning,-0.08378003494064591,3,黄金;国债ETF;证券ETF,黄金;国债ETF,证券ETF
2018-11-26,1694900.6566993722,1528028.1032259718,166872.55347340042,1.0,False,warning,-0.08498443922162853,3,黄金;国债ETF;证券ETF,黄金;国债ETF,证券ETF
2018-11-27,1695792.4448730345,1529256.0113032237,166536.43356981082,1.0,False,warning,-0.08450299504223446,3,黄金;国债ETF;证券ETF,黄金;国债ETF,证券ETF
2018-11-28,1702156.2173564383,1571837.2483271013,130318.96902933693,1.0,False,warning,-0.08106742445315508,4,黄金;国债ETF;证券ETF;军工ETF,黄金;国债ETF,证券ETF;军工ETF
2018-11-29,1697623.3516292037,1527978.184806094,169645.1668231096,1.0,False,warning,-0.08351455470763013,3,黄金;国债ETF;证券ETF,黄金;国债ETF,证券ETF
2018-11-30,1702484.6113258996,1610602.245175756,91882.36615014356,1.0,False,warning,-0.08089013642690106,5,黄金;国债ETF;医药ETF;证券ETF;军工ETF,黄金;国债ETF,医药ETF;证券ETF;军工ETF
2018-12-03,1713511.9495190245,1633503.4618460755,80008.48767294898,1.0,False,normal,-0.07493687539016018,8,创业板;黄金;国债ETF;消费ETF;医药ETF;证券ETF;有色ETF;军工ETF,创业板;黄金;国债ETF,消费ETF;医药ETF;证券ETF;有色ETF;军工ETF
2018-12-04,1717594.2904111356,1639452.7925104268,78141.49790070881,1.0,False,normal,-0.07273296719889316,8,创业板;黄金;国债ETF;消费ETF;医药ETF;证券ETF;有色ETF;军工ETF,创业板;黄金;国债ETF,消费ETF;医药ETF;证券ETF;有色ETF;军工ETF
2018-12-05,1718708.5529068776,1640515.8070922517,78192.74581462587,0.8604552458526746,False,normal,-0.0721314171798017,9,沪深300;创业板;黄金;国债ETF;消费ETF;医药ETF;证券ETF;有色ETF;军工ETF,沪深300;创业板;黄金;国债ETF,消费ETF;医药ETF;证券ETF;有色ETF;军工ETF
2018-12-06,1696726.4447314977,1618059.5600807325,78666.88465076522,0.8584874780789321,False,warning,-0.08399876230099351,9,沪深300;创业板;黄金;国债ETF;消费ETF;医药ETF;证券ETF;有色ETF;军工ETF,沪深300;创业板;黄金;国债ETF,消费ETF;医药ETF;证券ETF;有色ETF;军工ETF
2018-12-07,1690720.1772546165,1602548.5629408215,88171.614313795,0.859426091490213,False,warning,-0.08724132886784222,8,沪深300;创业板;黄金;国债ETF;消费ETF;证券ETF;有色ETF;军工ETF,沪深300;创业板;黄金;国债ETF,消费ETF;证券ETF;有色ETF;军工ETF
2018-12-10,1683947.138305588,1571381.7066229274,112565.43168266048,0.8594017431360347,False,warning,-0.09089784761873347,6,沪深300;创业板;黄金;国债ETF;消费ETF;证券ETF,沪深300;创业板;黄金;国债ETF,消费ETF;证券ETF
2018-12-11,1690578.5714791787,1594728.1001620265,95850.47131715226,0.8599865565686838,False,warning,-0.08731777670418561,7,沪深300;创业板;黄金;国债ETF;消费ETF;证券ETF;有色ETF,沪深300;创业板;黄金;国债ETF,消费ETF;证券ETF;有色ETF
2018-12-12,1691643.8354669833,1595645.4701534566,95998.36531352671,0.8602418612329912,False,warning,-0.08674267920727617,7,沪深300;创业板;黄金;国债ETF;消费ETF;证券ETF;有色ETF,沪深300;创业板;黄金;国债ETF,消费ETF;证券ETF;有色ETF
2018-12-13,1703044.8271290767,1613002.448122065,90042.37900701165,0.8590924003220323,False,warning,-0.08058769617751249,8,沪深300;创业板;黄金;国债ETF;消费ETF;证券ETF;有色ETF;军工ETF,沪深300;创业板;黄金;国债ETF,消费ETF;证券ETF;有色ETF;军工ETF
2018-12-14,1678990.3329017307,1516178.3776142818,162811.95528744883,1.0,False,warning,-0.09357384757091486,3,黄金;国债ETF;消费ETF,黄金;国债ETF,消费ETF
2018-12-17,1675687.4303723767,1512956.3400784365,162731.09029394016,1.0,False,warning,-0.09535696518205469,4,创业板;黄金;国债ETF;消费ETF,创业板;黄金;国债ETF,消费ETF
2018-12-18,1673408.7651518218,1511689.069536638,161719.6956151838,1.0,False,warning,-0.09658713411636413,4,创业板;黄金;国债ETF;消费ETF,创业板;黄金;国债ETF,消费ETF
2018-12-19,1663257.3444489336,1503496.06146362,159761.28298531356,1.0,False,warning,-0.10206751898165711,3,黄金;国债ETF;消费ETF,黄金;国债ETF,消费ETF
2018-12-20,1664185.579968415,1507771.316124517,156414.26384389796,1.0,False,warning,-0.10156639819853898,4,创业板;黄金;国债ETF;消费ETF,创业板;黄金;国债ETF,消费ETF
2018-12-21,1661103.8534574804,1162772.6974202362,498331.15603724425,1.0,False,warning,-0.10323011087716855,3,创业板;黄金;国债ETF,创业板;黄金;国债ETF,
2018-12-24,1666634.076462285,1166643.8535235994,499990.22293868545,1.0,False,warning,-0.10024454350248545,3,创业板;黄金;国债ETF,创业板;黄金;国债ETF,
2018-12-25,1666712.4565844538,1166698.7196091176,500013.7369753362,1.0,False,warning,-0.10020222890949926,3,创业板;黄金;国债ETF,创业板;黄金;国债ETF,
2018-12-26,1664653.306615905,1165257.3146311333,499395.99198477156,1.0,False,warning,-0.10131388949901589,2,黄金;国债ETF,黄金;国债ETF,
2018-12-27,1662822.0853799547,1163975.4597659681,498846.6256139865,1.0,False,warning,-0.10230249960987943,2,黄金;国债ETF,黄金;国债ETF,
2018-12-28,1669318.6739604517,1168523.0717723162,500795.6021881355,1.0,False,warning,-0.09879522641387625,2,黄金;国债ETF,黄金;国债ETF,
2019-01-02,1669998.9901081175,1168999.2930756821,500999.69703243533,1.0,False,warning,-0.09842794833247225,2,黄金;国债ETF,黄金;国债ETF,
2019-01-03,1676692.0430309512,1173684.4301216658,503007.61290928535,1.0,False,warning,-0.094814611144066,2,黄金;国债ETF,黄金;国债ETF,
2019-01-04,1674707.034730576,1493281.3665802674,181425.66815030854,1.0,False,warning,-0.09588624532860553,3,黄金;国债ETF;证券ETF,黄金;国债ETF,证券ETF
2019-01-07,1671586.1208454065,1532357.972968891,139228.14787651552,1.0,False,warning,-0.09757111385319531,4,黄金;国债ETF;证券ETF;军工ETF,黄金;国债ETF,证券ETF;军工ETF
2019-01-08,1666372.3887801878,1527628.8690406168,138743.51973957103,1.0,False,warning,-0.10038581921692712,4,黄金;国债ETF;证券ETF;军工ETF,黄金;国债ETF,证券ETF;军工ETF
2019-01-09,1663955.7364568354,0.0,1663955.7364568354,0.0,True,warning,-0.10169048239710717,0,,黄金;国债ETF,消费ETF;证券ETF;军工ETF
2019-01-10,1663955.7364568354,0.0,1663955.7364568354,0.0,True,warning,-0.10169048239710717,0,,黄金;国债ETF,消费ETF;证券ETF;军工ETF
2019-01-11,1663955.7364568354,0.0,1663955.7364568354,0.0,True,warning,-0.10169048239710717,0,,黄金;国债ETF,消费ETF;证券ETF;军工ETF
2019-01-14,1663955.7364568354,0.0,1663955.7364568354,0.0,True,warning,-0.10169048239710717,0,,黄金;国债ETF,消费ETF;证券ETF;军工ETF
2019-01-15,1663955.7364568354,0.0,1663955.7364568354,0.0,True,warning,-0.10169048239710717,0,,黄金;国债ETF,消费ETF;证券ETF;军工ETF
2019-01-16,1663955.7364568354,0.0,1663955.7364568354,0.0,True,warning,-0.10169048239710717,0,,黄金;国债ETF,消费ETF;证券ETF;军工ETF
2019-01-17,1663955.7364568354,0.0,1663955.7364568354,0.0,True,warning,-0.10169048239710717,0,,黄金;国债ETF,消费ETF;证券ETF;军工ETF
2019-01-18,1663955.7364568354,0.0,1663955.7364568354,0.0,True,warning,-0.10169048239710717,0,,纳指;黄金;国债ETF,消费ETF;证券ETF;有色ETF;军工ETF
2019-01-21,1663955.7364568354,0.0,1663955.7364568354,0.0,True,warning,-0.10169048239710717,0,,纳指;黄金;国债ETF,消费ETF;证券ETF;有色ETF;军工ETF
2019-01-22,1663955.7364568354,0.0,1663955.7364568354,0.0,True,warning,-0.10169048239710717,0,,黄金;国债ETF,消费ETF;证券ETF;军工ETF
2019-01-23,1663955.7364568354,0.0,1663955.7364568354,0.0,True,warning,-0.10169048239710717,0,,黄金;国债ETF,消费ETF;证券ETF;军工ETF
2019-01-24,1663955.7364568354,0.0,1663955.7364568354,0.0,True,warning,-0.10169048239710717,0,,黄金;国债ETF,消费ETF;证券ETF;军工ETF
2019-01-25,1663955.7364568354,0.0,1663955.7364568354,0.0,True,warning,-0.10169048239710717,0,,黄金;国债ETF,消费ETF;证券ETF;军工ETF
2019-01-28,1663955.7364568354,0.0,1663955.7364568354,0.0,True,warning,-0.10169048239710717,0,,黄金;国债ETF,消费ETF;证券ETF;军工ETF
2019-01-29,1663955.7364568354,0.0,1663955.7364568354,0.0,True,warning,-0.10169048239710717,0,,黄金;国债ETF,消费ETF;证券ETF
2019-01-30,1663955.7364568354,0.0,1663955.7364568354,0.0,True,warning,-0.10169048239710717,0,,黄金;国债ETF,消费ETF;证券ETF
2019-01-31,1663955.7364568354,0.0,1663955.7364568354,0.0,True,warning,-0.10169048239710717,0,,黄金;国债ETF,消费ETF;证券ETF
2019-02-01,1663955.7364568354,0.0,1663955.7364568354,0.0,True,warning,-0.10169048239710717,0,,沪深300;纳指;黄金;国债ETF,消费ETF;医药ETF;证券ETF;军工ETF
2019-02-11,1663955.7364568354,0.0,1663955.7364568354,0.0,True,warning,-0.10169048239710717,0,,沪深300;黄金;国债ETF,消费ETF;医药ETF;证券ETF;有色ETF;军工ETF
2019-02-12,1663955.7364568354,0.0,1663955.7364568354,0.0,True,warning,-0.10169048239710717,0,,沪深300;创业板;纳指;黄金;国债ETF,消费ETF;医药ETF;证券ETF;有色ETF;军工ETF
2019-02-13,1663955.7364568354,0.0,1663955.7364568354,0.0,True,warning,-0.10169048239710717,0,,沪深300;创业板;纳指;黄金;国债ETF,消费ETF;医药ETF;证券ETF;有色ETF;军工ETF
2019-02-14,1663955.7364568354,0.0,1663955.7364568354,0.0,True,warning,-0.10169048239710717,0,,沪深300;创业板;纳指;黄金;国债ETF,消费ETF;医药ETF;证券ETF;有色ETF;军工ETF
2019-02-15,1663955.7364568354,0.0,1663955.7364568354,0.0,True,warning,-0.10169048239710717,0,,沪深300;创业板;纳指;黄金;国债ETF,消费ETF;医药ETF;证券ETF;有色ETF;军工ETF
2019-02-18,1663955.7364568354,0.0,1663955.7364568354,0.0,True,warning,-0.10169048239710717,0,,沪深300;创业板;纳指;黄金;国债ETF,消费ETF;医药ETF;证券ETF;有色ETF;军工ETF
2019-02-19,1663955.7364568354,0.0,1663955.7364568354,0.0,True,warning,-0.10169048239710717,0,,沪深300;创业板;纳指;黄金;国债ETF,消费ETF;医药ETF;证券ETF;有色ETF;军工ETF
2019-02-20,1663955.7364568354,0.0,1663955.7364568354,0.0,True,warning,-0.10169048239710717,0,,沪深300;创业板;纳指;黄金;国债ETF,消费ETF;医药ETF;证券ETF;有色ETF;军工ETF
2019-02-21,1663955.7364568354,0.0,1663955.7364568354,0.0,True,warning,-0.10169048239710717,0,,沪深300;创业板;纳指;黄金;国债ETF,消费ETF;医药ETF;证券ETF;有色ETF;军工ETF
2019-02-22,1663955.7364568354,0.0,1663955.7364568354,0.0,True,warning,-0.10169048239710717,0,,沪深300;创业板;纳指;黄金;国债ETF,消费ETF;医药ETF;证券ETF;有色ETF;军工ETF
2019-02-25,1663955.7364568354,0.0,1663955.7364568354,0.0,True,warning,-0.10169048239710717,0,,沪深300;创业板;纳指;黄金;国债ETF,消费ETF;医药ETF;证券ETF;有色ETF;军工ETF
2019-02-26,1663955.7364568354,0.0,1663955.7364568354,0.0,True,warning,-0.10169048239710717,0,,沪深300;创业板;纳指;黄金;国债ETF,消费ETF;医药ETF;证券ETF;有色ETF;军工ETF
2019-02-27,1663955.7364568354,1555979.9931862548,107975.74327058066,0.8173997740772547,False,warning,-0.10169048239710717,10,沪深300;创业板;纳指;黄金;国债ETF;消费ETF;医药ETF;证券ETF;有色ETF;军工ETF,沪深300;创业板;纳指;黄金;国债ETF,消费ETF;医药ETF;证券ETF;有色ETF;军工ETF
2019-02-28,1661453.9290967525,1560573.289515513,100880.63958123955,0.8301024186129059,False,warning,-0.10304111770159965,10,沪深300;创业板;纳指;黄金;国债ETF;消费ETF;医药ETF;证券ETF;有色ETF;军工ETF,沪深300;创业板;纳指;黄金;国债ETF,消费ETF;医药ETF;证券ETF;有色ETF;军工ETF
2019-03-01,1679492.6109033409,1578843.4290038913,100649.18189944956,0.8327104980662151,False,warning,-0.09330268584500875,10,沪深300;创业板;纳指;黄金;国债ETF;消费ETF;医药ETF;证券ETF;有色ETF;军工ETF,沪深300;创业板;纳指;黄金;国债ETF,消费ETF;医药ETF;证券ETF;有色ETF;军工ETF
2019-03-04,1693440.7393977356,1591745.682873611,101695.05652412446,0.48916996840232313,False,warning,-0.08577259576824792,8,沪深300;创业板;纳指;消费ETF;医药ETF;证券ETF;有色ETF;军工ETF,沪深300;创业板;纳指,消费ETF;医药ETF;证券ETF;有色ETF;军工ETF
2019-03-05,1712138.9522902118,1609321.3568490136,102817.59544119821,0.6524859746598755,False,normal,-0.07567810693332076,9,沪深300;创业板;纳指;国债ETF;消费ETF;医药ETF;证券ETF;有色ETF;军工ETF,沪深300;创业板;纳指;国债ETF,消费ETF;医药ETF;证券ETF;有色ETF;军工ETF
2019-03-06,1726038.6023190778,1622454.3739894852,103584.22832959262,0.4902286369164925,False,normal,-0.06817418862665517,8,沪深300;创业板;纳指;消费ETF;医药ETF;证券ETF;有色ETF;军工ETF,沪深300;创业板;纳指,消费ETF;医药ETF;证券ETF;有色ETF;军工ETF
2019-03-07,1716558.2249964287,1613563.7039516189,102994.52104480984,0.4897539240408159,False,normal,-0.0732923014422861,8,沪深300;创业板;纳指;消费ETF;医药ETF;证券ETF;有色ETF;军工ETF,沪深300;创业板;纳指,消费ETF;医药ETF;证券ETF;有色ETF;军工ETF
2019-03-08,1670120.133427362,1563644.834184752,106475.29924260988,0.4895430293535174,False,warning,-0.09836254743611003,8,沪深300;创业板;纳指;消费ETF;医药ETF;证券ETF;有色ETF;军工ETF,沪深300;创业板;纳指,消费ETF;医药ETF;证券ETF;有色ETF;军工ETF
2019-03-11,1707084.120700702,1595945.599913374,111138.52078732802,0.48675081055105746,False,normal,-0.07840702767757407,8,沪深300;创业板;纳指;消费ETF;医药ETF;证券ETF;有色ETF;军工ETF,沪深300;创业板;纳指,消费ETF;医药ETF;证券ETF;有色ETF;军工ETF
2019-03-12,1731945.9233023536,1618741.0448485701,113204.87845378346,0.4853835034088475,False,normal,-0.06498503969285506,8,沪深300;创业板;纳指;消费ETF;医药ETF;证券ETF;有色ETF;军工ETF,沪深300;创业板;纳指,消费ETF;医药ETF;证券ETF;有色ETF;军工ETF
2019-03-13,1705486.5879818997,1593522.0632517512,111964.52473014849,0.484181903813445,False,normal,-0.07926947781043515,8,沪深300;创业板;纳指;消费ETF;医药ETF;证券ETF;有色ETF;军工ETF,沪深300;创业板;纳指,消费ETF;医药ETF;证券ETF;有色ETF;军工ETF
2019-03-14,1692481.6663781863,1580870.1401316363,111611.52624655003,0.6597463788609654,False,warning,-0.08629036460227459,9,沪深300;创业板;纳指;黄金;消费ETF;医药ETF;证券ETF;有色ETF;军工ETF,沪深300;创业板;纳指;黄金,消费ETF;医药ETF;证券ETF;有色ETF;军工ETF
2019-03-15,1701877.740677005,1589337.405725617,112540.33495138795,0.6598385613959089,False,warning,-0.08121776394000833,9,沪深300;创业板;纳指;黄金;消费ETF;医药ETF;证券ETF;有色ETF;军工ETF,沪深300;创业板;纳指;黄金,消费ETF;医药ETF;证券ETF;有色ETF;军工ETF
2019-03-18,1736503.4732515852,1617797.1535499168,118706.31970166834,0.6570095888555532,False,normal,-0.06252458331974077,9,沪深300;创业板;纳指;黄金;消费ETF;医药ETF;证券ETF;有色ETF;军工ETF,沪深300;创业板;纳指;黄金,消费ETF;医药ETF;证券ETF;有色ETF;军工ETF
2019-03-19,1734639.7972430058,1616410.7796288622,118229.01761414367,0.6573346035380043,False,normal,-0.06353071458847263,9,沪深300;创业板;纳指;黄金;消费ETF;医药ETF;证券ETF;有色ETF;军工ETF,沪深300;创业板;纳指;黄金,消费ETF;医药ETF;证券ETF;有色ETF;军工ETF
2019-03-20,1729443.797313151,1611949.7265502764,117494.07076287456,0.6574997307589668,False,normal,-0.06633584701368465,9,沪深300;创业板;纳指;黄金;消费ETF;医药ETF;证券ETF;有色ETF;军工ETF,沪深300;创业板;纳指;黄金,消费ETF;医药ETF;证券ETF;有色ETF;军工ETF
2019-03-21,1736132.1955164508,1618725.0970375824,117407.09847886837,0.6594531985322749,False,normal,-0.06272502273999568,9,沪深300;创业板;纳指;黄金;消费ETF;医药ETF;证券ETF;有色ETF;军工ETF,沪深300;创业板;纳指;黄金,消费ETF;医药ETF;证券ETF;有色ETF;军工ETF
2019-03-22,1740703.5615359808,1623363.4612854715,117340.10025050933,0.8268390500641157,False,normal,-0.06025710757024816,10,沪深300;创业板;纳指;黄金;国债ETF;消费ETF;医药ETF;证券ETF;有色ETF;军工ETF,沪深300;创业板;纳指;黄金;国债ETF,消费ETF;医药ETF;证券ETF;有色ETF;军工ETF
2019-03-25,1720262.8520600786,1604002.155319782,116260.69674029667,0.8228471274307892,False,normal,-0.07129230728527067,10,沪深300;创业板;纳指;黄金;国债ETF;消费ETF;医药ETF;证券ETF;有色ETF;军工ETF,沪深300;创业板;纳指;黄金;国债ETF,消费ETF;医药ETF;证券ETF;有色ETF;军工ETF
2019-03-26,1704757.25413585,1588055.1805778896,116702.07355796034,0.8230035361796371,False,normal,-0.07966321877424926,10,沪深300;创业板;纳指;黄金;国债ETF;消费ETF;医药ETF;证券ETF;有色ETF;军工ETF,沪深300;创业板;纳指;黄金;国债ETF,消费ETF;医药ETF;证券ETF;有色ETF;军工ETF
2019-03-27,1713315.1419824795,1595868.3634389825,117446.77854349697,0.8225161565814715,False,normal,-0.07504312466070315,10,沪深300;创业板;纳指;黄金;国债ETF;消费ETF;医药ETF;证券ETF;有色ETF;军工ETF,沪深300;创业板;纳指;黄金;国债ETF,消费ETF;医药ETF;证券ETF;有色ETF;军工ETF
2019-03-28,1707404.8936096919,1590660.5579018604,116744.33570783143,0.8229191788726145,False,normal,-0.07823385398621838,10,沪深300;创业板;纳指;黄金;国债ETF;消费ETF;医药ETF;证券ETF;有色ETF;军工ETF,沪深300;创业板;纳指;黄金;国债ETF,消费ETF;医药ETF;证券ETF;有色ETF;军工ETF
2019-03-29,1743240.5800311302,1618270.1641330803,124970.41589804995,0.6384111422552711,False,normal,-0.0588874630475037,9,沪深300;创业板;纳指;国债ETF;消费ETF;医药ETF;证券ETF;有色ETF;军工ETF,沪深300;创业板;纳指;国债ETF,消费ETF;医药ETF;证券ETF;有色ETF;军工ETF
2019-04-01,1781642.2196201324,1650696.4853019586,130945.73431817372,0.6332784818191862,False,normal,-0.038155806802961816,9,沪深300;创业板;纳指;国债ETF;消费ETF;医药ETF;证券ETF;有色ETF;军工ETF,沪深300;创业板;纳指;国债ETF,消费ETF;医药ETF;证券ETF;有色ETF;军工ETF
2019-04-02,1779234.7572568688,1648465.5873383232,130769.16991854552,0.6338841490911203,False,normal,-0.039455508656086526,9,沪深300;创业板;纳指;国债ETF;消费ETF;医药ETF;证券ETF;有色ETF;军工ETF,沪深300;创业板;纳指;国债ETF,消费ETF;医药ETF;证券ETF;有色ETF;军工ETF
2019-04-03,1794149.5546213395,1661877.6527920454,132271.90182929416,0.47361898042012807,False,normal,-0.031403549020338005,8,沪深300;创业板;纳指;消费ETF;医药ETF;证券ETF;有色ETF;军工ETF,沪深300;创业板;纳指,消费ETF;医药ETF;证券ETF;有色ETF;军工ETF
2019-04-04,1803885.3543899397,1675223.563557312,128661.7908326278,0.4825525601293842,False,normal,-0.026147542864649962,8,沪深300;创业板;纳指;消费ETF;医药ETF;证券ETF;有色ETF;军工ETF,沪深300;创业板;纳指,消费ETF;医药ETF;证券ETF;有色ETF;军工ETF
2019-04-08,1792649.7065174507,1666076.8857987502,126572.82071870053,0.4823427591531691,False,normal,-0.03221326276281466,8,沪深300;创业板;纳指;消费ETF;医药ETF;证券ETF;有色ETF;军工ETF,沪深300;创业板;纳指,消费ETF;医药ETF;证券ETF;有色ETF;军工ETF
2019-04-09,1793492.4896870023,1667652.1757564796,125840.31393052265,0.48674217636515665,False,normal,-0.03175827461265163,8,沪深300;创业板;纳指;消费ETF;医药ETF;证券ETF;有色ETF;军工ETF,沪深300;创业板;纳指,消费ETF;医药ETF;证券ETF;有色ETF;军工ETF
2019-04-10,1789333.6505447438,1664692.7312658648,124640.91927887895,0.48934536666724066,False,normal,-0.03400348144226682,8,沪深300;创业板;纳指;消费ETF;医药ETF;证券ETF;有色ETF;军工ETF,沪深300;创业板;纳指,消费ETF;医药ETF;证券ETF;有色ETF;军工ETF
2019-04-11,1765446.3823777996,1640671.6090025688,124774.77337523084,0.4889294579278435,False,normal,-0.04689935353414754,8,沪深300;创业板;纳指;消费ETF;医药ETF;证券ETF;有色ETF;军工ETF,沪深300;创业板;纳指,消费ETF;医药ETF;证券ETF;有色ETF;军工ETF
2019-04-12,1763378.4198606957,1639131.1201947147,124247.29966598097,0.4895541519960921,False,normal,-0.04801577169988319,8,沪深300;创业板;纳指;消费ETF;医药ETF;证券ETF;有色ETF;军工ETF,沪深300;创业板;纳指,消费ETF;医药ETF;证券ETF;有色ETF;军工ETF
2019-04-15,1751145.6176362545,1627520.6324753242,123624.98516093032,0.489377017359663,False,normal,-0.05461981916605473,8,沪深300;创业板;纳指;消费ETF;医药ETF;证券ETF;有色ETF;军工ETF,沪深300;创业板;纳指,消费ETF;医药ETF;证券ETF;有色ETF;军工ETF
2019-04-16,1783024.5355983973,1655874.0025212585,127150.53307713871,0.48865971163149624,False,normal,-0.03740954440402683,8,沪深300;创业板;纳指;消费ETF;医药ETF;证券ETF;有色ETF;军工ETF,沪深300;创业板;纳指,消费ETF;医药ETF;证券ETF;有色ETF;军工ETF
2019-04-17,1785574.508884359,1658255.9611410399,127318.54774331907,0.48889871463477264,False,normal,-0.03603290605829166,8,沪深300;创业板;纳指;消费ETF;医药ETF;证券ETF;有色ETF;军工ETF,沪深300;创业板;纳指,消费ETF;医药ETF;证券ETF;有色ETF;军工ETF
2019-04-18,1778415.438195887,1651626.1136631726,126789.32453271444,0.4888300655799247,False,normal,-0.0398978293827187,8,沪深300;创业板;纳指;消费ETF;医药ETF;证券ETF;有色ETF;军工ETF,沪深300;创业板;纳指,消费ETF;医药ETF;证券ETF;有色ETF;军工ETF
2019-04-19,1791636.7868267244,1663965.9994911465,127670.78733557789,0.48921305903459145,False,normal,-0.03276010146700061,8,沪深300;创业板;纳指;消费ETF;医药ETF;证券ETF;有色ETF;军工ETF,沪深300;创业板;纳指,消费ETF;医药ETF;证券ETF;有色ETF;军工ETF
2019-04-22,1770421.3660634207,1654748.8016585477,115672.56440487294,0.488286114059172,False,normal,-0.04421353978514194,7,沪深300;创业板;纳指;消费ETF;医药ETF;有色ETF;军工ETF,沪深300;创业板;纳指,消费ETF;医药ETF;有色ETF;军工ETF
2019-04-23,1765232.1419680566,1603085.6538509089,162146.4881171477,0.488492879094076,False,normal,-0.04701501418239118,5,沪深300;创业板;纳指;消费ETF;医药ETF,沪深300;创业板;纳指,消费ETF;医药ETF
2019-04-24,1782421.464871659,1630213.1762129436,152208.28865871532,0.48754851614218564,False,normal,-0.03773512047660331,6,沪深300;创业板;纳指;消费ETF;医药ETF;证券ETF,沪深300;创业板;纳指,消费ETF;医药ETF;证券ETF
2019-04-25,1757508.6216209587,1596212.6213270258,161296.00029393286,0.48641451425370547,False,normal,-0.05118466346162705,5,沪深300;创业板;纳指;消费ETF;医药ETF,沪深300;创业板;纳指,消费ETF;医药ETF
2019-04-26,1748271.0553561877,1564731.6203515462,183539.43500464153,0.48722059722046357,False,normal,-0.056171691369473316,4,沪深300;创业板;纳指;消费ETF,沪深300;创业板;纳指,消费ETF
2019-04-29,1748395.4445531964,1587644.755171331,160750.68938186532,0.535633418449047,False,normal,-0.05610453814110811,4,沪深300;纳指;消费ETF;医药ETF,沪深300;纳指,消费ETF;医药ETF
2019-04-30,1749546.2406282392,1589143.020812608,160403.21981563116,0.8288575494876488,False,normal,-0.05548326496395481,5,沪深300;纳指;黄金;消费ETF;医药ETF,沪深300;纳指;黄金,消费ETF;医药ETF
2019-05-06,1697450.0751087773,1515119.6344290383,182330.440679739,1.0,False,warning,-0.08360810043367665,3,纳指;黄金;消费ETF,纳指;黄金,消费ETF
2019-05-07,1709806.4152509482,1525454.9633624502,184351.45188849792,1.0,False,normal,-0.07693735931403224,3,纳指;黄金;消费ETF,纳指;黄金,消费ETF
2019-05-08,1696588.481419891,1514155.2098162894,182433.27160360152,1.0,False,warning,-0.08407324370286079,3,纳指;黄金;消费ETF,纳指;黄金,消费ETF
2019-05-09,1683563.8818810782,1178494.7173167546,505069.1645643236,0.46856547790051956,False,warning,-0.09110475390011846,1,纳指,纳指,
2019-05-10,1684920.2303809598,1499789.469512721,185130.76086823875,0.46856884631082707,False,warning,-0.09037251040353093,2,纳指;消费ETF,纳指,消费ETF
2019-05-13,1682217.828049308,1497490.665372511,184727.16267679702,1.0,False,warning,-0.09183143967774611,4,纳指;黄金;国债ETF;消费ETF,纳指;黄金;国债ETF,消费ETF
2019-05-14,1675919.4643055506,1491772.6867114953,184146.77759405528,1.0,False,warning,-0.09523169845409427,4,纳指;黄金;国债ETF;消费ETF,纳指;黄金;国债ETF,消费ETF
2019-05-15,1697846.4920616394,1506568.1515158655,191278.34054577397,1.0,False,warning,-0.08339408925904439,4,纳指;黄金;国债ETF;消费ETF,纳指;黄金;国债ETF,消费ETF
2019-05-16,1711440.4041180275,1517658.186156712,193782.21796131553,1.0,False,normal,-0.07605522782531843,4,纳指;黄金;国债ETF;消费ETF,纳指;黄金;国债ETF,消费ETF
2019-05-17,1709605.4355740547,1517741.152163165,191864.2834108898,1.0,False,normal,-0.07704586097224497,4,纳指;黄金;国债ETF;消费ETF,纳指;黄金;国债ETF,消费ETF
2019-05-20,1696484.2869455682,1505033.1290882137,191451.1578573545,1.0,False,warning,-0.08412949453088163,4,纳指;黄金;国债ETF;消费ETF,纳指;黄金;国债ETF,消费ETF
2019-05-21,1692119.1371948766,1501192.8334879978,190926.3037068788,1.0,False,warning,-0.08648608099583047,3,纳指;国债ETF;消费ETF,纳指;国债ETF,消费ETF
2019-05-22,1683144.4277654153,1492559.250628838,190585.1771365772,1.0,False,warning,-0.09133120200570334,3,纳指;黄金;消费ETF,纳指;黄金,消费ETF
2019-05-23,1669932.4773558408,1168952.7341490886,500979.74320675223,0.4700170574467746,False,warning,-0.09846385616169087,1,纳指,纳指,
2019-05-24,1666871.5672705625,1166810.0970893938,500061.47018116876,1.0,False,warning,-0.10011633080502916,2,纳指;黄金,纳指;黄金,
2019-05-27,1664216.5832982706,1164951.6083087893,499264.97498948127,1.0,False,warning,-0.10154966062212605,2,纳指;黄金,纳指;黄金,
2019-05-28,1664775.9190314934,1475010.39843354,189765.52059795335,1.0,False,warning,-0.1012476954906741,3,纳指;黄金;消费ETF,纳指;黄金,消费ETF
2019-05-29,1661700.8497681145,1472282.7558046507,189418.0939634638,1.0,False,warning,-0.10290781416213793,3,纳指;黄金;消费ETF,纳指;黄金,消费ETF
2019-05-30,1658648.8729104905,1469580.4686050178,189068.40430547274,1.0,False,warning,-0.10455546607897637,3,黄金;国债ETF;消费ETF,黄金;国债ETF,消费ETF
2019-05-31,1663738.948258811,1164617.2637811676,499121.68447764334,1.0,False,warning,-0.10180751850409164,2,黄金;国债ETF,黄金;国债ETF,
2019-06-03,1671261.6320346268,1169883.1424242386,501378.4896103882,1.0,False,warning,-0.09774629362552494,2,黄金;国债ETF,黄金;国债ETF,
2019-06-04,1677348.4700834856,1174143.9290584398,503204.5410250458,1.0,False,warning,-0.09446022992106586,2,黄金;国债ETF,黄金;国债ETF,
2019-06-05,1681453.2261906741,1177017.2583334718,504435.9678572023,1.0,False,warning,-0.09224422056592656,2,黄金;国债ETF,黄金;国债ETF,
2019-06-06,1680972.876368847,1176681.0134581928,504291.86291065416,1.0,False,warning,-0.09250354406069992,2,黄金;国债ETF,黄金;国债ETF,
2019-06-10,1678903.3849596428,1175232.3694717498,503671.015487893,1.0,False,warning,-0.09362078761998122,3,纳指;黄金;国债ETF,纳指;黄金;国债ETF,
2019-06-11,1679832.1604164802,1522922.5200019586,156909.64041452156,1.0,False,warning,-0.09311937534421384,5,纳指;黄金;国债ETF;消费ETF;有色ETF,纳指;黄金;国债ETF,消费ETF;有色ETF
2019-06-12,1681768.3826204222,1524871.8383362005,156896.54428422172,1.0,False,warning,-0.09207407900856802,5,纳指;黄金;国债ETF;消费ETF;有色ETF,纳指;黄金;国债ETF,消费ETF;有色ETF
2019-06-13,1680777.2664494198,1525601.0332265764,155176.23322284338,1.0,False,warning,-0.09260914678107826,5,纳指;黄金;国债ETF;消费ETF;有色ETF,纳指;黄金;国债ETF,消费ETF;有色ETF
2019-06-14,1685596.5662366159,1529841.9448438035,155754.62139281235,1.0,False,warning,-0.09000738113781762,5,纳指;黄金;国债ETF;消费ETF;有色ETF,纳指;黄金;国债ETF,消费ETF;有色ETF
2019-06-17,1681111.1158957887,1493397.2538075526,187713.86208823603,1.0,False,warning,-0.09242891354016393,4,纳指;黄金;国债ETF;有色ETF,纳指;黄金;国债ETF,有色ETF
2019-06-18,1680759.6565005612,1525513.5301029114,155246.12639764976,1.0,False,warning,-0.09261865375552332,5,纳指;黄金;国债ETF;消费ETF;有色ETF,纳指;黄金;国债ETF,消费ETF;有色ETF
2019-06-19,1685179.2501041766,1529558.7488014721,155620.50130270445,1.0,False,warning,-0.0902326750235899,5,纳指;黄金;国债ETF;消费ETF;有色ETF,纳指;黄金;国债ETF,消费ETF;有色ETF
2019-06-20,1705960.7373426107,1548459.1401807505,157501.5971618602,1.0,False,normal,-0.0790135017203506,7,纳指;黄金;国债ETF;消费ETF;医药ETF;证券ETF;有色ETF,纳指;黄金;国债ETF,消费ETF;医药ETF;证券ETF;有色ETF
2019-06-21,1711558.1058404979,1561041.5055699134,150516.60027058446,1.0,False,normal,-0.0759916849225736,8,纳指;黄金;国债ETF;消费ETF;医药ETF;证券ETF;有色ETF;军工ETF,纳指;黄金;国债ETF,消费ETF;医药ETF;证券ETF;有色ETF;军工ETF
2019-06-24,1715787.9316480218,1565027.0971953464,150760.83445267542,1.0,False,normal,-0.0737081549599365,8,纳指;黄金;国债ETF;消费ETF;医药ETF;证券ETF;有色ETF;军工ETF,纳指;黄金;国债ETF,消费ETF;医药ETF;证券ETF;有色ETF;军工ETF
2019-06-25,1720409.7552984408,1569615.1062696755,150794.64902876527,1.0,False,normal,-0.07121299954030118,7,黄金;国债ETF;消费ETF;医药ETF;证券ETF;有色ETF;军工ETF,黄金;国债ETF,消费ETF;医药ETF;证券ETF;有色ETF;军工ETF
2019-06-26,1707467.2002301158,1558367.8286128284,149099.3716172874,1.0,False,normal,-0.07820021689545319,7,黄金;国债ETF;消费ETF;医药ETF;证券ETF;有色ETF;军工ETF,黄金;国债ETF,消费ETF;医药ETF;证券ETF;有色ETF;军工ETF
2019-06-27,1709240.7170945562,1559846.3422423403,149394.37485221587,1.0,False,normal,-0.07724275928762733,7,黄金;国债ETF;消费ETF;医药ETF;证券ETF;有色ETF;军工ETF,黄金;国债ETF,消费ETF;医药ETF;证券ETF;有色ETF;军工ETF
2019-06-28,1709325.9784725008,1560309.8043337704,149016.1741387304,1.0,False,normal,-0.07719672975353968,7,黄金;国债ETF;消费ETF;医药ETF;证券ETF;有色ETF;军工ETF,黄金;国债ETF,消费ETF;医药ETF;证券ETF;有色ETF;军工ETF
2019-07-01,1704769.5807642578,1562032.8401869494,142736.74057730846,0.8008091750860172,False,normal,-0.07965656407342027,10,沪深300;创业板;纳指;黄金;国债ETF;消费ETF;医药ETF;证券ETF;有色ETF;军工ETF,沪深300;创业板;纳指;黄金;国债ETF,消费ETF;医药ETF;证券ETF;有色ETF;军工ETF
2019-07-02,1708648.9339869693,1566319.5956019016,142329.33838506765,0.8008435420474573,False,normal,-0.07756224158289193,10,沪深300;创业板;纳指;黄金;国债ETF;消费ETF;医药ETF;证券ETF;有色ETF;军工ETF,沪深300;创业板;纳指;黄金;国债ETF,消费ETF;医药ETF;证券ETF;有色ETF;军工ETF
2019-07-03,1708528.3713306612,1567088.8877441403,141439.4835865209,0.8011625458524229,False,normal,-0.07762732900033709,10,沪深300;创业板;纳指;黄金;国债ETF;消费ETF;医药ETF;证券ETF;有色ETF;军工ETF,沪深300;创业板;纳指;黄金;国债ETF,消费ETF;医药ETF;证券ETF;有色ETF;军工ETF
2019-07-04,1700607.8096051286,1560069.0293500165,140538.7802551121,0.8009723851042163,False,warning,-0.08190335379289426,10,沪深300;创业板;纳指;黄金;国债ETF;消费ETF;医药ETF;证券ETF;有色ETF;军工ETF,沪深300;创业板;纳指;黄金;国债ETF,消费ETF;医药ETF;证券ETF;有色ETF;军工ETF
2019-07-05,1708624.2897530776,1567373.1244585437,141251.16529453383,0.8013035400426896,False,normal,-0.07757554611339953,10,沪深300;创业板;纳指;黄金;国债ETF;消费ETF;医药ETF;证券ETF;有色ETF;军工ETF,沪深300;创业板;纳指;黄金;国债ETF,消费ETF;医药ETF;证券ETF;有色ETF;军工ETF
2019-07-08,1683269.6606990313,1538483.3784084714,144786.28229055996,0.7965743585935201,False,warning,-0.09126359327446139,9,沪深300;创业板;纳指;黄金;国债ETF;消费ETF;医药ETF;证券ETF;军工ETF,沪深300;创业板;纳指;黄金;国债ETF,消费ETF;医药ETF;证券ETF;军工ETF
2019-07-09,1681624.4897563197,1537855.4863756932,143769.00338062644,0.7984142496350121,False,warning,-0.09215176156135856,9,沪深300;创业板;纳指;黄金;国债ETF;消费ETF;医药ETF;证券ETF;军工ETF,沪深300;创业板;纳指;黄金;国债ETF,消费ETF;医药ETF;证券ETF;军工ETF
2019-07-10,1682916.7693329393,1539277.1285473353,143639.64078560402,1.0,False,warning,-0.09145410655909682,8,沪深300;纳指;黄金;国债ETF;消费ETF;医药ETF;证券ETF;军工ETF,沪深300;纳指;黄金;国债ETF,消费ETF;医药ETF;证券ETF;军工ETF
2019-07-11,1691518.298601962,1549264.2076812098,142254.09092075215,1.0,False,warning,-0.0868104520200908,8,沪深300;纳指;黄金;国债ETF;消费ETF;医药ETF;证券ETF;军工ETF,沪深300;纳指;黄金;国债ETF,消费ETF;医药ETF;证券ETF;军工ETF
2019-07-12,1693024.525393786,1551157.3826323333,141867.1427614526,0.8096948576495014,False,warning,-0.08599729465471213,9,沪深300;创业板;纳指;黄金;国债ETF;消费ETF;医药ETF;证券ETF;军工ETF,沪深300;创业板;纳指;黄金;国债ETF,消费ETF;医药ETF;证券ETF;军工ETF
2019-07-15,1705289.5152394644,1562146.2512305982,143143.26400886616,0.8097361335659221,False,normal,-0.07937587025604599,9,沪深300;创业板;纳指;黄金;国债ETF;消费ETF;医药ETF;证券ETF;军工ETF,沪深300;创业板;纳指;黄金;国债ETF,消费ETF;医药ETF;证券ETF;军工ETF
2019-07-16,1702973.0616577729,1560590.262433338,142382.7992244349,0.8121565717742492,False,warning,-0.0806264397597455,9,沪深300;创业板;纳指;黄金;国债ETF;消费ETF;医药ETF;证券ETF;军工ETF,沪深300;创业板;纳指;黄金;国债ETF,消费ETF;医药ETF;证券ETF;军工ETF
2019-07-17,1700050.3399407773,1558638.3516030572,141411.98833772005,0.8131148722435669,False,warning,-0.08220431150125736,9,沪深300;创业板;纳指;黄金;国债ETF;消费ETF;医药ETF;证券ETF;军工ETF,沪深300;创业板;纳指;黄金;国债ETF,消费ETF;医药ETF;证券ETF;军工ETF
2019-07-18,1689631.5830883805,1548905.6824374697,140725.9006509108,0.8135840090168316,False,warning,-0.08782902148424503,9,沪深300;创业板;纳指;黄金;国债ETF;消费ETF;医药ETF;证券ETF;军工ETF,沪深300;创业板;纳指;黄金;国债ETF,消费ETF;医药ETF;证券ETF;军工ETF
2019-07-19,1703670.428683397,1567174.8906995258,136495.53798387107,0.8188688013853208,False,warning,-0.08024995652605418,10,沪深300;创业板;纳指;黄金;国债ETF;消费ETF;医药ETF;证券ETF;有色ETF;军工ETF,沪深300;创业板;纳指;黄金;国债ETF,消费ETF;医药ETF;证券ETF;有色ETF;军工ETF
2019-07-22,1687740.4377479332,1548090.9186042128,139649.5191437204,0.8169649161373828,False,warning,-0.08884998245169938,9,沪深300;创业板;纳指;黄金;国债ETF;消费ETF;医药ETF;证券ETF;军工ETF,沪深300;创业板;纳指;黄金;国债ETF,消费ETF;医药ETF;证券ETF;军工ETF
2019-07-23,1694059.3516496336,1554877.397215554,139181.95443407958,0.8197417225261361,False,warning,-0.08543862938836749,9,沪深300;创业板;纳指;黄金;国债ETF;消费ETF;医药ETF;证券ETF;军工ETF,沪深300;创业板;纳指;黄金;国债ETF,消费ETF;医药ETF;证券ETF;军工ETF
2019-07-24,1703661.9626404813,1565166.850053084,138495.11258739722,0.8233525744457917,False,warning,-0.08025452703641145,9,沪深300;创业板;纳指;黄金;国债ETF;消费ETF;医药ETF;证券ETF;军工ETF,沪深300;创业板;纳指;黄金;国债ETF,消费ETF;医药ETF;证券ETF;军工ETF
2019-07-25,1711533.5833695915,1572429.7794537207,139103.80391587084,0.8229543449765545,False,normal,-0.07600492371764951,9,沪深300;创业板;纳指;黄金;国债ETF;消费ETF;医药ETF;证券ETF;军工ETF,沪深300;创业板;纳指;黄金;国债ETF,消费ETF;医药ETF;证券ETF;军工ETF
2019-07-26,1710745.2944853578,1571748.2504410031,138997.0440443547,0.8229551712110693,False,normal,-0.07643049237420257,9,沪深300;创业板;纳指;黄金;国债ETF;消费ETF;医药ETF;证券ETF;军工ETF,沪深300;创业板;纳指;黄金;国债ETF,消费ETF;医药ETF;证券ETF;军工ETF
2019-07-29,1711057.6471137723,1572292.114015149,138765.5330986234,0.8232746251614007,False,normal,-0.07626186448777182,9,沪深300;创业板;纳指;黄金;国债ETF;消费ETF;医药ETF;证券ETF;军工ETF,沪深300;创业板;纳指;黄金;国债ETF,消费ETF;医药ETF;证券ETF;军工ETF
2019-07-30,1716005.4552333415,1576932.0961545964,139073.35907874512,0.8231407615339852,False,normal,-0.07359072184394994,9,沪深300;创业板;纳指;黄金;国债ETF;消费ETF;医药ETF;证券ETF;军工ETF,沪深300;创业板;纳指;黄金;国债ETF,消费ETF;医药ETF;证券ETF;军工ETF
2019-07-31,1711382.7200556714,1573037.0700181653,138345.65003750613,0.8229426280349829,False,normal,-0.07608636936417862,9,沪深300;创业板;纳指;黄金;国债ETF;消费ETF;医药ETF;证券ETF;军工ETF,沪深300;创业板;纳指;黄金;国债ETF,消费ETF;医药ETF;证券ETF;军工ETF
2019-08-01,1698694.491931499,1575863.833935517,122830.6579959821,0.82256086485426,False,warning,-0.0829362848010707,8,沪深300;创业板;纳指;黄金;国债ETF;消费ETF;医药ETF;军工ETF,沪深300;创业板;纳指;黄金;国债ETF,消费ETF;医药ETF;军工ETF
2019-08-02,1694780.092476184,1523936.278286125,170843.81419005897,0.8226993755013825,False,warning,-0.0850495274849756,6,沪深300;创业板;纳指;黄金;国债ETF;军工ETF,沪深300;创业板;纳指;黄金;国债ETF,军工ETF
2019-08-05,1691888.618515254,1541550.0697236548,150338.54879159923,0.8238851007624904,False,warning,-0.08661052969320455,7,沪深300;创业板;纳指;黄金;国债ETF;有色ETF;军工ETF,沪深300;创业板;纳指;黄金;国债ETF,有色ETF;军工ETF
2019-08-06,1673198.7088218797,1171239.0961753158,501959.6126465639,1.0,False,warning,-0.09670053593125946,4,创业板;纳指;黄金;国债ETF,创业板;纳指;黄金;国债ETF,
2019-08-07,1679630.945097427,1498152.2869771933,181478.65812023357,1.0,False,warning,-0.09322800421710559,5,创业板;纳指;黄金;国债ETF;有色ETF,创业板;纳指;黄金;国债ETF,有色ETF
2019-08-08,1688671.1531544435,1506279.1779518067,182391.9752026368,0.8200584551350696,False,warning,-0.0883475228672707,6,沪深300;创业板;纳指;黄金;国债ETF;有色ETF,沪深300;创业板;纳指;黄金;国债ETF,有色ETF
2019-08-09,1686470.5219064509,1504240.0355627302,182230.4863437207,0.8212512714382568,False,warning,-0.08953556408224649,6,沪深300;创业板;纳指;黄金;国债ETF;有色ETF,沪深300;创业板;纳指;黄金;国债ETF,有色ETF
2019-08-12,1692698.9084439036,1184889.2359107323,507809.67253317125,0.8202141336873902,False,warning,-0.086173083468539,5,沪深300;创业板;纳指;黄金;国债ETF,沪深300;创业板;纳指;黄金;国债ETF,
2019-08-13,1689933.1380461797,1507410.5315719782,182522.60647420143,1.0,False,warning,-0.08766622286963276,5,创业板;纳指;黄金;国债ETF;有色ETF,创业板;纳指;黄金;国债ETF,有色ETF
2019-08-14,1687044.369729087,1555896.1890244721,131148.18070461485,1.0,False,warning,-0.08922576439861583,6,创业板;纳指;黄金;国债ETF;医药ETF;有色ETF,创业板;纳指;黄金;国债ETF,医药ETF;有色ETF
2019-08-15,1687576.4778468772,1557834.6842466579,129741.7936002193,1.0,False,warning,-0.08893849847192567,6,创业板;纳指;黄金;国债ETF;医药ETF;有色ETF,创业板;纳指;黄金;国债ETF,医药ETF;有色ETF
2019-08-16,1692092.3823922195,1569625.0502448373,122467.3321473822,1.0,False,warning,-0.08650052494607617,7,创业板;纳指;黄金;国债ETF;消费ETF;医药ETF;有色ETF,创业板;纳指;黄金;国债ETF,消费ETF;医药ETF;有色ETF
2019-08-19,1711614.0724087202,1581384.7735189996,130229.29888972058,0.8203949826661594,False,normal,-0.07596147059667531,10,沪深300;创业板;纳指;黄金;国债ETF;消费ETF;医药ETF;证券ETF;有色ETF;军工ETF,沪深300;创业板;纳指;黄金;国债ETF,消费ETF;医药ETF;证券ETF;有色ETF;军工ETF
2019-08-20,1708333.505267022,1597750.456073654,110583.04919336806,0.8238626710476304,False,normal,-0.07773253013988046,9,沪深300;创业板;纳指;黄金;国债ETF;消费ETF;医药ETF;有色ETF;军工ETF,沪深300;创业板;纳指;黄金;国债ETF,消费ETF;医药ETF;有色ETF;军工ETF
2019-08-21,1704181.7596723514,1596105.9504162949,108075.80925605656,1.0,False,normal,-0.07997390741972324,8,创业板;纳指;黄金;国债ETF;消费ETF;医药ETF;有色ETF;军工ETF,创业板;纳指;黄金;国债ETF,消费ETF;医药ETF;有色ETF;军工ETF
2019-08-22,1712012.1570486717,1603432.1384120765,108580.01863659522,1.0,False,normal,-0.07574655909810295,8,创业板;纳指;黄金;国债ETF;消费ETF;医药ETF;有色ETF;军工ETF,创业板;纳指;黄金;国债ETF,消费ETF;医药ETF;有色ETF;军工ETF
2019-08-23,1715543.2308271492,1606644.7622313083,108898.46859584097,1.0,False,normal,-0.07384026008240997,8,创业板;纳指;黄金;国债ETF;消费ETF;医药ETF;有色ETF;军工ETF,创业板;纳指;黄金;国债ETF,消费ETF;医药ETF;有色ETF;军工ETF
2019-08-26,1716503.311118795,1607563.7638414772,108939.54727731785,1.0,False,normal,-0.07332194745861093,8,创业板;纳指;黄金;国债ETF;消费ETF;医药ETF;有色ETF;军工ETF,创业板;纳指;黄金;国债ETF,消费ETF;医药ETF;有色ETF;军工ETF
2019-08-27,1731514.055994958,1623389.4326875042,108124.6233074537,1.0,False,normal,-0.06521818923167702,8,创业板;纳指;黄金;国债ETF;消费ETF;医药ETF;有色ETF;军工ETF,创业板;纳指;黄金;国债ETF,消费ETF;医药ETF;有色ETF;军工ETF
2019-08-28,1731052.9998552324,1623265.009831005,107787.99002422742,1.0,False,normal,-0.06546709676532728,8,创业板;纳指;黄金;国债ETF;消费ETF;医药ETF;有色ETF;军工ETF,创业板;纳指;黄金;国债ETF,消费ETF;医药ETF;有色ETF;军工ETF
2019-08-29,1733317.3462644576,1626771.0238988807,106546.32236557687,1.0,False,normal,-0.06424465803934999,7,创业板;黄金;国债ETF;消费ETF;医药ETF;有色ETF;军工ETF,创业板;黄金;国债ETF,消费ETF;医药ETF;有色ETF;军工ETF
2019-08-30,1728202.8713518132,1621739.22287404,106463.64847777318,0.8310956955690203,False,normal,-0.06700577805649226,9,沪深300;创业板;纳指;黄金;国债ETF;消费ETF;医药ETF;有色ETF;军工ETF,沪深300;创业板;纳指;黄金;国债ETF,消费ETF;医药ETF;有色ETF;军工ETF
2019-09-02,1744370.8355887395,1616814.9529149488,127555.88267379068,0.8309107483865037,False,normal,-0.05827727895277175,10,沪深300;创业板;纳指;黄金;国债ETF;消费ETF;医药ETF;证券ETF;有色ETF;军工ETF,沪深300;创业板;纳指;黄金;国债ETF,消费ETF;医药ETF;证券ETF;有色ETF;军工ETF
2019-09-03,1744913.2828445097,1617489.8805369118,127423.40230759792,0.8311311777256116,False,normal,-0.05798443129944802,10,沪深300;创业板;纳指;黄金;国债ETF;消费ETF;医药ETF;证券ETF;有色ETF;军工ETF,沪深300;创业板;纳指;黄金;国债ETF,消费ETF;医药ETF;证券ETF;有色ETF;军工ETF
2019-09-04,1753301.7814710273,1625372.3426216084,127929.43884941889,0.8308298811999693,False,normal,-0.05345578429911056,10,沪深300;创业板;纳指;黄金;国债ETF;消费ETF;医药ETF;证券ETF;有色ETF;军工ETF,沪深300;创业板;纳指;黄金;国债ETF,消费ETF;医药ETF;证券ETF;有色ETF;军工ETF
2019-09-05,1765651.2253130958,1636647.8272044174,129003.3981086784,0.8297674986630302,False,normal,-0.046788766242455426,10,沪深300;创业板;纳指;黄金;国债ETF;消费ETF;医药ETF;证券ETF;有色ETF;军工ETF,沪深300;创业板;纳指;黄金;国债ETF,消费ETF;医药ETF;证券ETF;有色ETF;军工ETF
2019-09-06,1764306.9477759954,1637300.1563764669,127006.7913995285,0.8340985692850786,False,normal,-0.047514493062838586,10,沪深300;创业板;纳指;黄金;国债ETF;消费ETF;医药ETF;证券ETF;有色ETF;军工ETF,沪深300;创业板;纳指;黄金;国债ETF,消费ETF;医药ETF;证券ETF;有色ETF;军工ETF
2019-09-09,1776007.4520524058,1647996.8422660462,128010.6097863596,0.8330505141631206,False,normal,-0.04119781400583802,10,沪深300;创业板;纳指;黄金;国债ETF;消费ETF;医药ETF;证券ETF;有色ETF;军工ETF,沪深300;创业板;纳指;黄金;国债ETF,消费ETF;医药ETF;证券ETF;有色ETF;军工ETF
2019-09-10,1767824.6458575942,1640482.2287061738,127342.41715142038,0.8318742599597079,False,normal,-0.045615415102097615,10,沪深300;创业板;纳指;黄金;国债ETF;消费ETF;医药ETF;证券ETF;有色ETF;军工ETF,沪深300;创业板;纳指;黄金;国债ETF,消费ETF;医药ETF;证券ETF;有色ETF;军工ETF
2019-09-11,1758651.2884164643,1631966.4954388652,126684.7929775992,0.8315812674527419,False,normal,-0.050567778988463555,10,沪深300;创业板;纳指;黄金;国债ETF;消费ETF;医药ETF;证券ETF;有色ETF;军工ETF,沪深300;创业板;纳指;黄金;国债ETF,消费ETF;医药ETF;证券ETF;有色ETF;军工ETF
2019-09-12,1766768.4122735206,1639901.6344292953,126866.77784422529,0.8317559108726519,False,normal,-0.04618563741065825,10,沪深300;创业板;纳指;黄金;国债ETF;消费ETF;医药ETF;证券ETF;有色ETF;军工ETF,沪深300;创业板;纳指;黄金;国债ETF,消费ETF;医药ETF;证券ETF;有色ETF;军工ETF
2019-09-16,1762901.3564318677,1636311.1829977443,126590.1734341234,0.8315553507161576,False,normal,-0.04827332098994365,10,沪深300;创业板;纳指;黄金;国债ETF;消费ETF;医药ETF;证券ETF;有色ETF;军工ETF,沪深300;创业板;纳指;黄金;国债ETF,消费ETF;医药ETF;证券ETF;有色ETF;军工ETF
2019-09-17,1744761.6946434986,1618354.3849920866,126407.30965141207,0.8297307362597754,False,normal,-0.058066268286298704,10,沪深300;创业板;纳指;黄金;国债ETF;消费ETF;医药ETF;证券ETF;有色ETF;军工ETF,沪深300;创业板;纳指;黄金;国债ETF,消费ETF;医药ETF;证券ETF;有色ETF;军工ETF
2019-09-18,1748609.145343402,1622478.274709254,126130.8706341479,0.8323465009121611,False,normal,-0.055989168813935,10,沪深300;创业板;纳指;黄金;国债ETF;消费ETF;医药ETF;证券ETF;有色ETF;军工ETF,沪深300;创业板;纳指;黄金;国债ETF,消费ETF;医药ETF;证券ETF;有色ETF;军工ETF
2019-09-19,1756565.084149283,1629750.3159705433,126814.76817873958,0.8331782491670923,False,normal,-0.051694045215270414,10,沪深300;创业板;纳指;黄金;国债ETF;消费ETF;医药ETF;证券ETF;有色ETF;军工ETF,沪深300;创业板;纳指;黄金;国债ETF,消费ETF;医药ETF;证券ETF;有色ETF;军工ETF
2019-09-20,1757363.8613091554,1630477.6560131055,126886.20529604983,0.8331738329716873,False,normal,-0.05126281431805607,10,沪深300;创业板;纳指;黄金;国债ETF;消费ETF;医药ETF;证券ETF;有色ETF;军工ETF,沪深300;创业板;纳指;黄金;国债ETF,消费ETF;医药ETF;证券ETF;有色ETF;军工ETF
2019-09-23,1749390.9990261083,1624104.9263971862,125286.07262892206,0.834509623763299,False,normal,-0.05556707428992828,10,沪深300;创业板;纳指;黄金;国债ETF;消费ETF;医药ETF;证券ETF;有色ETF;军工ETF,沪深300;创业板;纳指;黄金;国债ETF,消费ETF;医药ETF;证券ETF;有色ETF;军工ETF
2019-09-24,1753574.6960818185,1628007.8696946218,125566.82638719678,0.8344562061618676,False,normal,-0.053308447571939734,10,沪深300;创业板;纳指;黄金;国债ETF;消费ETF;医药ETF;证券ETF;有色ETF;军工ETF,沪深300;创业板;纳指;黄金;国债ETF,消费ETF;医药ETF;证券ETF;有色ETF;军工ETF
2019-09-25,1743339.8961372583,1618324.8640216577,125015.03211560054,0.8110195315087194,False,normal,-0.05883384587402285,9,沪深300;创业板;黄金;国债ETF;消费ETF;医药ETF;证券ETF;有色ETF;军工ETF,沪深300;创业板;黄金;国债ETF,消费ETF;医药ETF;证券ETF;有色ETF;军工ETF
2019-09-26,1718658.0246467947,1549265.0636294677,169392.96101732692,0.8309137821967615,False,normal,-0.07215869555983666,7,沪深300;创业板;纳指;黄金;国债ETF;医药ETF;证券ETF,沪深300;创业板;纳指;黄金;国债ETF,医药ETF;证券ETF
2019-09-27,1722296.253632477,1552604.7169884844,169691.53664399264,0.8309251845317983,False,normal,-0.07019454732352812,7,沪深300;创业板;纳指;黄金;国债ETF;医药ETF;证券ETF,沪深300;创业板;纳指;黄金;国债ETF,医药ETF;证券ETF
2019-09-30,1710504.3514770982,1570108.4357570317,140395.91572006652,0.8310248366803965,False,normal,-0.07656056878956467,6,沪深300;创业板;纳指;黄金;国债ETF;医药ETF,沪深300;创业板;纳指;黄金;国债ETF,医药ETF
2019-10-08,1711140.4247883991,1577793.029941243,133347.39484715625,0.661674922682233,False,normal,-0.07621717581527106,6,沪深300;创业板;纳指;黄金;消费ETF;医药ETF,沪深300;创业板;纳指;黄金,消费ETF;医药ETF
2019-10-09,1709783.1739428132,1570481.1439494654,139302.02999334782,0.832588628458568,False,normal,-0.07694990645566695,6,沪深300;创业板;纳指;黄金;国债ETF;医药ETF,沪深300;创业板;纳指;黄金;国债ETF,医药ETF
2019-10-10,1730365.6392967962,1595024.621251515,135341.01804528106,0.8315856906849377,False,normal,-0.0658381778693132,7,沪深300;创业板;纳指;黄金;国债ETF;消费ETF;医药ETF,沪深300;创业板;纳指;黄金;国债ETF,消费ETF;医药ETF
2019-10-11,1736185.634118162,1590323.3889738293,145862.24514433276,0.6645122869391605,False,normal,-0.06269617317178129,7,沪深300;创业板;纳指;黄金;消费ETF;医药ETF;证券ETF,沪深300;创业板;纳指;黄金,消费ETF;医药ETF;证券ETF
2019-10-14,1741980.221049901,1595504.3201003165,146475.90094958455,0.47909899186971966,False,normal,-0.05956788527486732,6,沪深300;创业板;纳指;消费ETF;医药ETF;证券ETF,沪深300;创业板;纳指,消费ETF;医药ETF;证券ETF
2019-10-15,1737390.1868687144,1591977.2772429178,145412.9096257966,0.47940811027921576,False,normal,-0.06204587870987452,6,沪深300;创业板;纳指;消费ETF;医药ETF;证券ETF,沪深300;创业板;纳指,消费ETF;医药ETF;证券ETF
2019-10-16,1735928.9715065288,1593742.1353018058,142186.836204723,0.47969944217136384,False,normal,-0.06283473603243404,4,沪深300;创业板;纳指;医药ETF,沪深300;创业板;纳指,医药ETF
2019-10-17,1736355.2101260377,1594561.1386684391,141794.0714575986,0.48027617044198356,False,normal,-0.0626046252186151,4,沪深300;创业板;纳指;医药ETF,沪深300;创业板;纳指,医药ETF
2019-10-18,1727776.8291957455,1593254.9959439978,134521.83325174777,0.4894469223276618,False,normal,-0.06723578280680526,4,沪深300;创业板;纳指;医药ETF,沪深300;创业板;纳指,医药ETF
2019-10-21,1720747.502689118,1586372.0434954087,134375.4591937093,0.4894231223132705,False,normal,-0.07103066194024162,4,沪深300;创业板;纳指;医药ETF,沪深300;创业板;纳指,医药ETF
2019-10-22,1735914.864577178,1600415.5968044116,135499.2677727663,0.48905440922100346,False,normal,-0.06284235185334947,4,沪深300;创业板;纳指;医药ETF,沪深300;创业板;纳指,医药ETF
2019-10-23,1719593.5105943102,1588886.8836198435,130706.62697446672,0.5142863324747889,False,normal,-0.07165366053286748,4,沪深300;创业板;纳指;医药ETF,沪深300;创业板;纳指,医药ETF
2019-10-24,1720606.4617985329,1590362.840706656,130243.62109187688,0.5158336864995648,False,normal,-0.07110680481568471,4,沪深300;创业板;纳指;医药ETF,沪深300;创业板;纳指,医药ETF
2019-10-25,1739374.3363476936,1617379.1545235773,121995.18182411627,0.6919524859956371,False,normal,-0.06097470817194353,6,沪深300;创业板;纳指;国债ETF;消费ETF;医药ETF,沪深300;创业板;纳指;国债ETF,消费ETF;医药ETF
2019-10-28,1755076.078512965,1632614.5638993864,122461.51461357856,0.5163650845592407,False,normal,-0.052497905501672576,5,沪深300;创业板;纳指;消费ETF;医药ETF,沪深300;创业板;纳指,消费ETF;医药ETF
2019-10-29,1754206.6813080064,1631779.3510228524,122427.33028515405,0.5179186757102217,False,normal,-0.05296726160693453,5,沪深300;创业板;纳指;消费ETF;医药ETF,沪深300;创业板;纳指,消费ETF;医药ETF
2019-10-30,1745649.788283234,1626388.060778287,119261.72750494699,0.5198874046711409,False,normal,-0.05758681865214218,5,沪深300;创业板;纳指;消费ETF;医药ETF,沪深300;创业板;纳指,消费ETF;医药ETF
2019-10-31,1747940.0561945837,1629221.2377673993,118718.81842718436,0.5215038907321254,False,normal,-0.05635038584473663,5,沪深300;创业板;纳指;消费ETF;医药ETF,沪深300;创业板;纳指,消费ETF;医药ETF
2019-11-01,1765078.1947832373,1653685.816441745,111392.37834149227,0.5292266604135414,False,normal,-0.04709812469927656,5,沪深300;创业板;纳指;消费ETF;医药ETF,沪深300;创业板;纳指,消费ETF;医药ETF
2019-11-04,1773719.9407583554,1665138.9798328488,108580.96092550666,0.5340171373722494,False,normal,-0.04243275861526926,5,沪深300;创业板;纳指;消费ETF;医药ETF,沪深300;创业板;纳指,消费ETF;医药ETF
2019-11-05,1783741.1800850003,1675792.0265852404,107949.15349975997,0.7149595457611287,False,normal,-0.037022653966409774,6,沪深300;创业板;纳指;国债ETF;消费ETF;医药ETF,沪深300;创业板;纳指;国债ETF,消费ETF;医药ETF
2019-11-06,1775853.3475506846,1669885.0145684858,105968.3329821988,0.7163845261293192,False,normal,-0.04128100945242868,6,沪深300;创业板;纳指;国债ETF;消费ETF;医药ETF,沪深300;创业板;纳指;国债ETF,消费ETF;医药ETF
2019-11-07,1780109.2192531473,1675621.7222252795,104487.4970278677,0.5350015785977819,False,normal,-0.03898341825318213,5,沪深300;创业板;纳指;消费ETF;医药ETF,沪深300;创业板;纳指,消费ETF;医药ETF
2019-11-08,1776246.0127963054,1687309.8098256364,88936.2029706689,0.5366154414362216,False,normal,-0.04106902368883853,5,沪深300;创业板;纳指;消费ETF;医药ETF,沪深300;创业板;纳指,消费ETF;医药ETF
2019-11-11,1755436.541417459,1666242.2423626508,89194.29905480822,0.5357695898633911,False,normal,-0.05230330461731296,3,纳指;消费ETF;医药ETF,纳指,消费ETF;医药ETF
2019-11-12,1764174.4957013538,1677205.3176168513,86969.17808450246,0.5371994539590508,False,normal,-0.04758599914720724,3,纳指;消费ETF;医药ETF,纳指,消费ETF;医药ETF
2019-11-13,1768415.3620614617,1681660.4372384995,86754.92482296214,0.5380554516692566,False,normal,-0.04529650878956173,3,纳指;消费ETF;医药ETF,纳指,消费ETF;医药ETF
2019-11-14,1774915.5588040687,1698100.6919326065,76814.8668714622,1.0,False,normal,-0.04178728767734093,4,纳指;国债ETF;消费ETF;医药ETF,纳指;国债ETF,消费ETF;医药ETF
2019-11-15,1772927.7022371462,1696516.2308805757,76411.47135657049,1.0,False,normal,-0.04286045953796886,4,纳指;国债ETF;消费ETF;医药ETF,纳指;国债ETF,消费ETF;医药ETF
2019-11-18,1780169.6824833083,1703457.2675763809,76712.41490692738,0.7327432356096016,False,normal,-0.038950776342145305,6,沪深300;创业板;纳指;国债ETF;消费ETF;医药ETF,沪深300;创业板;纳指;国债ETF,消费ETF;医药ETF
2019-11-19,1800471.280570949,1722238.5022988473,78232.77827210166,0.7307276571858922,False,normal,-0.027990677834050504,6,沪深300;创业板;纳指;国债ETF;消费ETF;医药ETF,沪深300;创业板;纳指;国债ETF,消费ETF;医药ETF
2019-11-20,1792147.326267217,1714185.728320493,77961.59794672416,0.8144139072299962,False,normal,-0.0324844796890543,5,创业板;纳指;国债ETF;消费ETF;医药ETF,创业板;纳指;国债ETF,消费ETF;医药ETF
2019-11-21,1784050.7437306913,1706007.122750414,78043.62098027719,0.8145849535690767,False,normal,-0.036855531750875276,5,创业板;纳指;国债ETF;消费ETF;医药ETF,创业板;纳指;国债ETF,消费ETF;医药ETF
2019-11-22,1763947.2413329044,1654185.231430301,109762.00990260346,1.0,False,normal,-0.04770868556104753,3,纳指;国债ETF;医药ETF,纳指;国债ETF,医药ETF
2019-11-25,1764652.8531181947,1700924.4407017557,63728.41241643904,1.0,False,normal,-0.04732775127982154,4,纳指;国债ETF;医药ETF;有色ETF,纳指;国债ETF,医药ETF;有色ETF
2019-11-26,1774972.7815213336,1711219.0081698294,63753.773351504235,1.0,False,normal,-0.041756395202008856,5,沪深300;纳指;国债ETF;医药ETF;有色ETF,沪深300;纳指;国债ETF,医药ETF;有色ETF
2019-11-27,1774761.5341152102,1711270.8435190625,63490.69059614767,0.7319121100770841,False,normal,-0.04187044003585383,6,沪深300;创业板;纳指;国债ETF;医药ETF;有色ETF,沪深300;创业板;纳指;国债ETF,医药ETF;有色ETF
2019-11-28,1774017.5927316102,1710851.1224212341,63166.470310376026,0.7319167133664333,False,normal,-0.04227206708084336,6,沪深300;创业板;纳指;国债ETF;医药ETF;有色ETF,沪深300;创业板;纳指;国债ETF,医药ETF;有色ETF
2019-11-29,1759929.601145535,1615055.8067744565,144873.7943710785,0.7314861652047815,False,normal,-0.04987766418201907,5,沪深300;创业板;纳指;国债ETF;有色ETF,沪深300;创业板;纳指;国债ETF,有色ETF
2019-12-02,1765242.001029044,1620352.7784737092,144889.22255533468,0.7411447661231706,False,normal,-0.04700969163196179,5,沪深300;创业板;纳指;国债ETF;有色ETF,沪深300;创业板;纳指;国债ETF,有色ETF
2019-12-03,1767595.5391288456,1622385.0162792348,145210.52284961077,0.7411576103208027,False,normal,-0.04573910153826449,5,沪深300;创业板;纳指;国债ETF;有色ETF,沪深300;创业板;纳指;国债ETF,有色ETF
2019-12-04,1771124.3671094337,1624769.3849024633,146354.98220697045,0.8286956369073578,False,normal,-0.043834014947622485,4,创业板;纳指;国债ETF;有色ETF,创业板;纳指;国债ETF,有色ETF
2019-12-05,1783390.1182757043,1683185.197801627,100204.92047407734,0.8327322805565084,False,normal,-0.03721217953950526,5,创业板;纳指;国债ETF;有色ETF;军工ETF,创业板;纳指;国债ETF,有色ETF;军工ETF
2019-12-06,1785778.7471058401,1654181.0657081048,131597.68139773537,0.8326865208570768,False,normal,-0.035922645229716055,6,创业板;纳指;国债ETF;证券ETF;有色ETF;军工ETF,创业板;纳指;国债ETF,证券ETF;有色ETF;军工ETF
2019-12-09,1786848.6327626375,1655350.2147534355,131498.418009202,0.8335993156586842,False,normal,-0.03534505266088104,6,创业板;纳指;国债ETF;证券ETF;有色ETF;军工ETF,创业板;纳指;国债ETF,证券ETF;有色ETF;军工ETF
2019-12-10,1788588.839895125,1657565.2185674568,131023.6213276682,0.8359905049257287,False,normal,-0.03440557777253892,6,创业板;纳指;国债ETF;证券ETF;有色ETF;军工ETF,创业板;纳指;国债ETF,证券ETF;有色ETF;军工ETF
2019-12-11,1782568.2904972984,1652888.06292509,129680.22757220827,0.8355134643791821,False,normal,-0.03765585463193563,6,创业板;纳指;国债ETF;证券ETF;有色ETF;军工ETF,创业板;纳指;国债ETF,证券ETF;有色ETF;军工ETF
2019-12-12,1786004.768119196,1656262.2397606554,129742.5283585405,0.836136791329547,False,normal,-0.03580062465968087,6,创业板;纳指;国债ETF;证券ETF;有色ETF;军工ETF,创业板;纳指;国债ETF,证券ETF;有色ETF;军工ETF
2019-12-13,1806585.4396589403,1676435.6068219603,130149.83283698,0.7555730275292986,False,normal,-0.02468986448875313,7,沪深300;创业板;纳指;国债ETF;证券ETF;有色ETF;军工ETF,沪深300;创业板;纳指;国债ETF,证券ETF;有色ETF;军工ETF
2019-12-16,1818190.563090022,1686880.0986723825,131310.46441763942,0.7552604994397397,False,normal,-0.01842467810026447,7,沪深300;创业板;纳指;国债ETF;证券ETF;有色ETF;军工ETF,沪深300;创业板;纳指;国债ETF,证券ETF;有色ETF;军工ETF
2019-12-17,1839472.9521651336,1705455.6926226772,134017.25954245636,0.755018703465155,False,normal,-0.006935086012790984,7,沪深300;创业板;纳指;国债ETF;证券ETF;有色ETF;军工ETF,沪深300;创业板;纳指;国债ETF,证券ETF;有色ETF;军工ETF
2019-12-18,1832510.6511574872,1699737.6844074202,132772.96675006696,0.7600129698618653,False,normal,-0.01069378050360876,7,沪深300;创业板;纳指;国债ETF;证券ETF;有色ETF;军工ETF,沪深300;创业板;纳指;国债ETF,证券ETF;有色ETF;军工ETF
2019-12-19,1831178.8905258134,1698509.3833966823,132669.50712913112,0.7599444997751709,False,normal,-0.011412749899482707,7,沪深300;创业板;纳指;国债ETF;证券ETF;有色ETF;军工ETF,沪深300;创业板;纳指;国债ETF,证券ETF;有色ETF;军工ETF
2019-12-20,1828689.6188187227,1696540.2017081499,132149.4171105728,0.7633538125206937,False,normal,-0.012756617658333549,7,沪深300;创业板;纳指;国债ETF;证券ETF;有色ETF;军工ETF,沪深300;创业板;纳指;国债ETF,证券ETF;有色ETF;军工ETF
2019-12-23,1811658.1228230025,1679679.1309318116,131978.99189119088,0.8577954650513435,False,normal,-0.02195130632508214,6,创业板;纳指;国债ETF;证券ETF;有色ETF;军工ETF,创业板;纳指;国债ETF,证券ETF;有色ETF;军工ETF
2019-12-24,1832475.6820863446,1697602.848293069,134872.83379327552,0.7618261210012461,False,normal,-0.01071265904030351,7,沪深300;创业板;纳指;国债ETF;证券ETF;有色ETF;军工ETF,沪深300;创业板;纳指;国债ETF,证券ETF;有色ETF;军工ETF
2019-12-25,1834143.184896375,1699414.1119289864,134729.07296738867,0.7627412370790494,False,normal,-0.009812434585974219,7,沪深300;创业板;纳指;国债ETF;证券ETF;有色ETF;军工ETF,沪深300;创业板;纳指;国债ETF,证券ETF;有色ETF;军工ETF
2019-12-26,1846631.2548735263,1712440.1585221968,134191.09635132947,0.8637420192013555,False,normal,-0.0030705772930311992,6,创业板;纳指;国债ETF;证券ETF;有色ETF;军工ETF,创业板;纳指;国债ETF,证券ETF;有色ETF;军工ETF
2019-12-27,1845458.6904307231,1711384.1145491716,134074.5758815515,0.8646847172611006,False,normal,-0.003703602424586511,6,创业板;纳指;国债ETF;证券ETF;有色ETF;军工ETF,创业板;纳指;国债ETF,证券ETF;有色ETF;军工ETF
2019-12-30,1862208.6157597653,1768394.5731740983,93814.04258566699,0.7705379912035328,False,normal,0.0,8,沪深300;创业板;纳指;国债ETF;消费ETF;证券ETF;有色ETF;军工ETF,沪深300;创业板;纳指;国债ETF,消费ETF;证券ETF;有色ETF;军工ETF
2019-12-31,1863349.2921754594,1799174.7262525647,64174.56592289475,1.0,False,normal,0.0,10,沪深300;创业板;纳指;黄金;国债ETF;消费ETF;医药ETF;证券ETF;有色ETF;军工ETF,沪深300;创业板;纳指;黄金;国债ETF,消费ETF;医药ETF;证券ETF;有色ETF;军工ETF
2020-01-02,1877778.6509468998,1812892.0731626193,64886.577784280526,1.0,False,normal,0.0,10,沪深300;创业板;纳指;黄金;国债ETF;消费ETF;医药ETF;证券ETF;有色ETF;军工ETF,沪深300;创业板;纳指;黄金;国债ETF,消费ETF;医药ETF;证券ETF;有色ETF;军工ETF
2020-01-03,1883894.215385329,1820273.6128420623,63620.60254326672,1.0,False,normal,0.0,10,沪深300;创业板;纳指;黄金;国债ETF;消费ETF;医药ETF;证券ETF;有色ETF;军工ETF,沪深300;创业板;纳指;黄金;国债ETF,消费ETF;医药ETF;证券ETF;有色ETF;军工ETF
2020-01-06,1892996.6892932446,1798511.85490615,94484.83438709471,1.0,False,normal,0.0,9,沪深300;创业板;纳指;黄金;国债ETF;消费ETF;证券ETF;有色ETF;军工ETF,沪深300;创业板;纳指;黄金;国债ETF,消费ETF;证券ETF;有色ETF;军工ETF
2020-01-07,1903502.0989622578,1839635.6156101725,63866.48335208534,1.0,False,normal,0.0,10,沪深300;创业板;纳指;黄金;国债ETF;消费ETF;医药ETF;证券ETF;有色ETF;军工ETF,沪深300;创业板;纳指;黄金;国债ETF,消费ETF;医药ETF;证券ETF;有色ETF;军工ETF
2020-01-08,1895339.6369899013,1801422.3317576097,93917.30523229158,1.0,False,normal,-0.00428812869542225,9,沪深300;创业板;纳指;黄金;国债ETF;消费ETF;证券ETF;有色ETF;军工ETF,沪深300;创业板;纳指;黄金;国债ETF,消费ETF;证券ETF;有色ETF;军工ETF
2020-01-09,1903164.6569556217,1839435.5416642532,63729.11529136845,1.0,False,normal,-0.00017727430236097095,10,沪深300;创业板;纳指;黄金;国债ETF;消费ETF;医药ETF;证券ETF;有色ETF;军工ETF,沪深300;创业板;纳指;黄金;国债ETF,消费ETF;医药ETF;证券ETF;有色ETF;军工ETF
2020-01-10,1908179.3659058397,1844730.9544007943,63448.41150504537,1.0,False,normal,0.0,10,沪深300;创业板;纳指;黄金;国债ETF;消费ETF;医药ETF;证券ETF;有色ETF;军工ETF,沪深300;创业板;纳指;黄金;国债ETF,消费ETF;医药ETF;证券ETF;有色ETF;军工ETF
2020-01-13,1920342.7973558314,1857119.401126171,63223.39622966037,1.0,False,normal,0.0,10,沪深300;创业板;纳指;黄金;国债ETF;消费ETF;医药ETF;证券ETF;有色ETF;军工ETF,沪深300;创业板;纳指;黄金;国债ETF,消费ETF;医药ETF;证券ETF;有色ETF;军工ETF
2020-01-14,1915970.333276921,1852783.328658676,63187.004618244944,1.0,False,normal,-0.0022769185194075623,10,沪深300;创业板;纳指;黄金;国债ETF;消费ETF;医药ETF;证券ETF;有色ETF;军工ETF,沪深300;创业板;纳指;黄金;国债ETF,消费ETF;医药ETF;证券ETF;有色ETF;军工ETF
2020-01-15,1913569.3371798776,1855032.5531167325,58536.78406314505,1.0,False,normal,-0.0035272140918175413,10,沪深300;创业板;纳指;黄金;国债ETF;消费ETF;医药ETF;证券ETF;有色ETF;军工ETF,沪深300;创业板;纳指;黄金;国债ETF,消费ETF;医药ETF;证券ETF;有色ETF;军工ETF
2020-01-16,1917201.1390613464,1859344.8323737972,57856.30668754922,1.0,False,normal,-0.001635988271891237,10,沪深300;创业板;纳指;黄金;国债ETF;消费ETF;医药ETF;证券ETF;有色ETF;军工ETF,沪深300;创业板;纳指;黄金;国债ETF,消费ETF;医药ETF;证券ETF;有色ETF;军工ETF
2020-01-17,1921625.003159582,1863931.7051859351,57693.29797364678,1.0,False,normal,0.0,10,沪深300;创业板;纳指;黄金;国债ETF;消费ETF;医药ETF;证券ETF;有色ETF;军工ETF,沪深300;创业板;纳指;黄金;国债ETF,消费ETF;医药ETF;证券ETF;有色ETF;军工ETF
2020-01-20,1930886.4488591813,1872629.1215476247,58257.32731155655,1.0,False,normal,0.0,10,沪深300;创业板;纳指;黄金;国债ETF;消费ETF;医药ETF;证券ETF;有色ETF;军工ETF,沪深300;创业板;纳指;黄金;国债ETF,消费ETF;医药ETF;证券ETF;有色ETF;军工ETF
2020-01-21,1919582.261514159,1861154.0424878912,58428.21902626776,1.0,False,normal,-0.005854402961759428,10,沪深300;创业板;纳指;黄金;国债ETF;消费ETF;医药ETF;证券ETF;有色ETF;军工ETF,沪深300;创业板;纳指;黄金;国债ETF,消费ETF;医药ETF;证券ETF;有色ETF;军工ETF
2020-01-22,1924490.2861174475,1866439.4088323365,58050.877285111,1.0,False,normal,-0.0033125525043239787,10,沪深300;创业板;纳指;黄金;国债ETF;消费ETF;医药ETF;证券ETF;有色ETF;军工ETF,沪深300;创业板;纳指;黄金;国债ETF,消费ETF;医药ETF;证券ETF;有色ETF;军工ETF
2020-01-23,1898709.7391046544,1815335.7511218602,83373.98798279418,1.0,False,normal,-0.016664216465726245,9,沪深300;创业板;纳指;黄金;国债ETF;医药ETF;证券ETF;有色ETF;军工ETF,沪深300;创业板;纳指;黄金;国债ETF,医药ETF;证券ETF;有色ETF;军工ETF
2020-02-03,1808736.9820767199,1266115.887453704,542621.094623016,1.0,False,normal,-0.0632608234702929,4,创业板;纳指;黄金;国债ETF,创业板;纳指;黄金;国债ETF,
2020-02-04,1834425.0426022452,1737470.6120194166,96954.43058282859,1.0,False,normal,-0.04995705796885569,5,创业板;纳指;黄金;国债ETF;医药ETF,创业板;纳指;黄金;国债ETF,医药ETF
2020-02-05,1872274.0275878096,1769289.765046611,102984.26254119864,1.0,False,normal,-0.030355188056760886,5,创业板;纳指;黄金;国债ETF;医药ETF,创业板;纳指;黄金;国债ETF,医药ETF
2020-02-06,1904194.2236776482,1816768.6216622514,87425.60201539681,1.0,False,normal,-0.013823819208687024,6,创业板;纳指;黄金;国债ETF;医药ETF;军工ETF,创业板;纳指;黄金;国债ETF,医药ETF;军工ETF
2020-02-07,1912558.2714105253,1824717.0190741192,87841.25233640615,1.0,False,normal,-0.009492105276042885,6,创业板;纳指;黄金;国债ETF;医药ETF;军工ETF,创业板;纳指;黄金;国债ETF,医药ETF;军工ETF
2020-02-10,1919058.635349137,1830716.9883663645,88341.64698277251,1.0,False,normal,-0.006125587300606118,7,创业板;纳指;黄金;国债ETF;医药ETF;有色ETF;军工ETF,创业板;纳指;黄金;国债ETF,医药ETF;有色ETF;军工ETF
2020-02-11,1927069.000002981,1838287.9195029363,88781.08050004463,1.0,False,normal,-0.0019770447187382636,7,创业板;纳指;黄金;国债ETF;医药ETF;有色ETF;军工ETF,创业板;纳指;黄金;国债ETF,医药ETF;有色ETF;军工ETF
2020-02-12,1958801.435295858,1865502.5661514346,93298.8691444234,1.0,False,normal,0.0,8,沪深300;创业板;纳指;黄金;国债ETF;医药ETF;有色ETF;军工ETF,沪深300;创业板;纳指;黄金;国债ETF,医药ETF;有色ETF;军工ETF
2020-02-13,1968940.0826161553,1874991.051703285,93949.03091287031,1.0,False,normal,0.0,8,沪深300;创业板;纳指;黄金;国债ETF;医药ETF;有色ETF;军工ETF,沪深300;创业板;纳指;黄金;国债ETF,医药ETF;有色ETF;军工ETF
2020-02-14,1963251.4091743196,1869790.1438842064,93461.26529011317,1.0,False,normal,-0.0028892059702888815,8,沪深300;创业板;纳指;黄金;国债ETF;医药ETF;有色ETF;军工ETF,沪深300;创业板;纳指;黄金;国债ETF,医药ETF;有色ETF;军工ETF
2020-02-17,1997194.498396311,1878476.7909118547,118717.70748445624,1.0,False,normal,0.0,10,沪深300;创业板;纳指;黄金;国债ETF;消费ETF;医药ETF;证券ETF;有色ETF;军工ETF,沪深300;创业板;纳指;黄金;国债ETF,消费ETF;医药ETF;证券ETF;有色ETF;军工ETF
2020-02-18,1990835.2795145416,1922772.3636369766,68062.91587756504,1.0,False,normal,-0.003184075905914825,11,沪深300;创业板;纳指;黄金;国债ETF;消费ETF;医药ETF;证券ETF;有色ETF;科技ETF;军工ETF,沪深300;创业板;纳指;黄金;国债ETF,消费ETF;医药ETF;证券ETF;有色ETF;科技ETF;军工ETF
2020-02-19,1981805.1857622203,1915039.4078386235,66765.77792359679,1.0,False,normal,-0.007705465164483394,10,创业板;纳指;黄金;国债ETF;消费ETF;医药ETF;证券ETF;有色ETF;科技ETF;军工ETF,创业板;纳指;黄金;国债ETF,消费ETF;医药ETF;证券ETF;有色ETF;科技ETF;军工ETF
2020-02-20,2006096.1262426472,1935127.5338043165,70968.59243833064,1.0,False,normal,0.0,11,沪深300;创业板;纳指;黄金;国债ETF;消费ETF;医药ETF;证券ETF;有色ETF;科技ETF;军工ETF,沪深300;创业板;纳指;黄金;国债ETF,消费ETF;医药ETF;证券ETF;有色ETF;科技ETF;军工ETF
2020-02-21,2016293.4889726648,1946395.6261806241,69897.86279204069,1.0,False,normal,0.0,11,沪深300;创业板;纳指;黄金;国债ETF;消费ETF;医药ETF;证券ETF;有色ETF;科技ETF;军工ETF,沪深300;创业板;纳指;黄金;国债ETF,消费ETF;医药ETF;证券ETF;有色ETF;科技ETF;军工ETF
2020-02-24,2015415.92333215,1947634.1341828143,67781.78914933582,1.0,False,normal,-0.00043523705517784064,11,沪深300;创业板;纳指;黄金;国债ETF;消费ETF;医药ETF;证券ETF;有色ETF;科技ETF;军工ETF,沪深300;创业板;纳指;黄金;国债ETF,消费ETF;医药ETF;证券ETF;有色ETF;科技ETF;军工ETF
2020-02-25,2024161.77965537,1958119.407068069,66042.37258730084,1.0,False,normal,0.0,11,沪深300;创业板;纳指;黄金;国债ETF;消费ETF;医药ETF;证券ETF;有色ETF;科技ETF;军工ETF,沪深300;创业板;纳指;黄金;国债ETF,消费ETF;医药ETF;证券ETF;有色ETF;科技ETF;军工ETF
2020-02-26,1990220.1719384831,1916849.7705519702,73370.40138651291,1.0,False,normal,-0.016768228734496522,11,沪深300;创业板;纳指;黄金;国债ETF;消费ETF;医药ETF;证券ETF;有色ETF;科技ETF;军工ETF,沪深300;创业板;纳指;黄金;国债ETF,消费ETF;医药ETF;证券ETF;有色ETF;科技ETF;军工ETF
2020-02-27,1989530.4576425734,1918257.8497940302,71272.60784854321,1.0,False,normal,-0.01710896943162952,11,沪深300;创业板;纳指;黄金;国债ETF;消费ETF;医药ETF;证券ETF;有色ETF;科技ETF;军工ETF,沪深300;创业板;纳指;黄金;国债ETF,消费ETF;医药ETF;证券ETF;有色ETF;科技ETF;军工ETF
2020-02-28,1921508.7593599563,1745557.7932168227,175950.96614313358,1.0,False,normal,-0.050713841812036975,6,创业板;纳指;黄金;国债ETF;科技ETF;军工ETF,创业板;纳指;黄金;国债ETF,科技ETF;军工ETF
2020-03-02,1952518.303509016,1843894.4426569724,108623.86085204361,1.0,False,normal,-0.03539414530322362,10,沪深300;创业板;纳指;黄金;国债ETF;消费ETF;医药ETF;证券ETF;科技ETF;军工ETF,沪深300;创业板;纳指;黄金;国债ETF,消费ETF;医药ETF;证券ETF;科技ETF;军工ETF
2020-03-03,1966984.5487452662,1857545.3591039288,109439.18964133738,1.0,False,normal,-0.028247362184577293,9,创业板;纳指;黄金;国债ETF;消费ETF;医药ETF;证券ETF;科技ETF;军工ETF,创业板;纳指;黄金;国债ETF,消费ETF;医药ETF;证券ETF;科技ETF;军工ETF
2020-03-04,1976818.4805841062,1875311.3120922945,101507.16849181172,1.0,False,normal,-0.023389088533884054,11,沪深300;创业板;纳指;黄金;国债ETF;消费ETF;医药ETF;证券ETF;有色ETF;科技ETF;军工ETF,沪深300;创业板;纳指;黄金;国债ETF,消费ETF;医药ETF;证券ETF;有色ETF;科技ETF;军工ETF
2020-03-05,1998615.0050060765,1894759.934047692,103855.07095838455,1.0,False,normal,-0.012620915435742957,11,沪深300;创业板;纳指;黄金;国债ETF;消费ETF;医药ETF;证券ETF;有色ETF;科技ETF;军工ETF,沪深300;创业板;纳指;黄金;国债ETF,消费ETF;医药ETF;证券ETF;有色ETF;科技ETF;军工ETF
2020-03-06,1985790.401324872,1882791.551532621,102998.8497922509,1.0,False,normal,-0.018956675655159856,10,创业板;纳指;黄金;国债ETF;消费ETF;医药ETF;证券ETF;有色ETF;科技ETF;军工ETF,创业板;纳指;黄金;国债ETF,消费ETF;医药ETF;证券ETF;有色ETF;科技ETF;军工ETF
2020-03-09,1926239.4084753327,1810249.342116738,115990.06635859469,1.0,False,normal,-0.048376751386299446,8,创业板;纳指;黄金;国债ETF;消费ETF;医药ETF;证券ETF;军工ETF,创业板;纳指;黄金;国债ETF,消费ETF;医药ETF;证券ETF;军工ETF
2020-03-10,1958278.8051418131,1833727.8860756534,124550.91906615975,1.0,False,normal,-0.03254827513084153,9,创业板;纳指;黄金;国债ETF;消费ETF;医药ETF;证券ETF;科技ETF;军工ETF,创业板;纳指;黄金;国债ETF,消费ETF;医药ETF;证券ETF;科技ETF;军工ETF
2020-03-11,1935740.5414886177,1812193.189947427,123547.35154119064,1.0,False,normal,-0.043682890891165185,9,创业板;纳指;黄金;国债ETF;消费ETF;医药ETF;证券ETF;科技ETF;军工ETF,创业板;纳指;黄金;国债ETF,消费ETF;医药ETF;证券ETF;科技ETF;军工ETF
2020-03-12,1900317.1683420313,1748378.171460596,151938.9968814354,1.0,False,normal,-0.06118315865761687,6,创业板;黄金;国债ETF;消费ETF;证券ETF;军工ETF,创业板;黄金;国债ETF,消费ETF;证券ETF;军工ETF
2020-03-13,1878026.8168471293,1683202.9669317103,194823.849915419,1.0,False,normal,-0.07219529796334824,5,创业板;黄金;国债ETF;证券ETF;军工ETF,创业板;黄金;国债ETF,证券ETF;军工ETF
2020-03-16,1818739.2670601718,1273117.4869421201,545621.7801180517,1.0,False,warning,-0.10148522448150017,1,国债ETF,国债ETF,
2020-03-17,1815903.9838096928,1271132.7886667848,544771.195142908,1.0,False,warning,-0.10288594416654519,1,国债ETF,国债ETF,
2020-03-18,1815947.2196188313,1271163.053733182,544784.1658856494,1.0,False,warning,-0.10286458430807288,1,国债ETF,国债ETF,
2020-03-19,1812734.0346137045,1268913.8242295932,543820.2103841114,1.0,False,warning,-0.10445199942351578,1,国债ETF,国债ETF,
2020-03-20,1815096.1049568262,1270567.2734697782,544528.831487048,1.0,False,warning,-0.10328506189566472,1,国债ETF,国债ETF,
2020-03-23,1821361.6047904475,1274953.1233533132,546408.4814371343,1.0,False,warning,-0.10018970662485822,1,国债ETF,国债ETF,
2020-03-24,1821561.3463890408,1275092.9424723284,546468.4039167124,1.0,False,warning,-0.10009102795173985,2,黄金;国债ETF,黄金;国债ETF,
2020-03-25,1832199.8352059987,1282539.884644199,549659.9505617998,1.0,False,warning,-0.09483527768321674,2,黄金;国债ETF,黄金;国债ETF,
2020-03-26,1832026.1736333966,1720748.2215685884,111277.95206480823,1.0,False,warning,-0.09492107199785482,3,黄金;国债ETF;医药ETF,黄金;国债ETF,医药ETF
2020-03-27,1840723.4978752085,1735791.8566175841,104931.64125762437,0.8065382414845954,False,warning,-0.0906243184827812,5,沪深300;创业板;黄金;国债ETF;医药ETF,沪深300;创业板;黄金;国债ETF,医药ETF
2020-03-30,1821682.1029508782,1275177.4720656148,546504.6308852634,1.0,False,warning,-0.10003137038728473,2,黄金;国债ETF,黄金;国债ETF,
2020-03-31,1823477.8946545841,1722121.9811173365,101355.91353724757,1.0,False,warning,-0.09914419243453647,4,黄金;国债ETF;消费ETF;医药ETF,黄金;国债ETF,消费ETF;医药ETF
2020-04-01,1808217.4335314392,1658791.600108873,149425.83342256607,1.0,False,warning,-0.10668334334457054,3,黄金;国债ETF;消费ETF,黄金;国债ETF,消费ETF
2020-04-02,1812836.6123867745,1710995.0021803412,101841.61020643334,1.0,False,warning,-0.10440132275621529,4,黄金;国债ETF;消费ETF;医药ETF,黄金;国债ETF,消费ETF;医药ETF
2020-04-03,1821901.622281304,1722503.6457573487,99397.97652395535,1.0,False,warning,-0.09992292088851824,4,黄金;国债ETF;消费ETF;医药ETF,黄金;国债ETF,消费ETF;医药ETF
2020-04-07,1856388.1564370543,1752608.0191897573,103780.13724729698,1.0,False,warning,-0.08288548124195907,4,黄金;国债ETF;消费ETF;医药ETF,黄金;国债ETF,消费ETF;医药ETF
2020-04-08,1849941.6608094224,1749394.1015748659,100547.55923455651,1.0,False,warning,-0.08607025416496598,4,黄金;国债ETF;消费ETF;医药ETF,黄金;国债ETF,消费ETF;医药ETF
2020-04-09,1858697.4859398357,1757166.4037505148,101531.08218932082,1.0,False,warning,-0.08174459935890396,4,黄金;国债ETF;消费ETF;医药ETF,黄金;国债ETF,消费ETF;医药ETF
2020-04-10,1859202.3298455188,1762447.7140460059,96754.61579951295,1.0,False,warning,-0.08149519048716393,4,黄金;国债ETF;消费ETF;医药ETF,黄金;国债ETF,消费ETF;医药ETF
2020-04-13,1858565.0095250108,1764976.251388651,93588.75813635974,1.0,False,warning,-0.08181004690176163,4,黄金;国债ETF;消费ETF;医药ETF,黄金;国债ETF,消费ETF;医药ETF
2020-04-14,1873774.9297417523,1778985.066985948,94789.86275580432,1.0,False,normal,-0.0742958647995133,4,黄金;国债ETF;消费ETF;医药ETF,黄金;国债ETF,消费ETF;医药ETF
2020-04-15,1871623.1858191865,1776782.1929651648,94840.99285402172,1.0,False,normal,-0.07535889441710256,4,黄金;国债ETF;消费ETF;医药ETF,黄金;国债ETF,消费ETF;医药ETF
2020-04-16,1875794.6558340695,1781804.1605991237,93990.49523494579,1.0,False,normal,-0.07329805616948323,4,黄金;国债ETF;消费ETF;医药ETF,黄金;国债ETF,消费ETF;医药ETF
2020-04-17,1865081.0109086747,1771703.2230567941,93377.78785188054,1.0,False,normal,-0.07859093593486388,4,黄金;国债ETF;消费ETF;医药ETF,黄金;国债ETF,消费ETF;医药ETF
2020-04-20,1864433.7885316107,1778326.986412225,86106.80211938568,1.0,False,normal,-0.07891068427887922,4,国债ETF;消费ETF;医药ETF;军工ETF,国债ETF,消费ETF;医药ETF;军工ETF
2020-04-21,1861953.159999537,1775796.9499315855,86156.21006795159,1.0,False,warning,-0.08013619330538403,5,黄金;国债ETF;消费ETF;医药ETF;军工ETF,黄金;国债ETF,消费ETF;医药ETF;军工ETF
2020-04-22,1870948.3483841978,1786694.8091569003,84253.53922729753,1.0,False,normal,-0.07569228547396936,5,黄金;国债ETF;消费ETF;医药ETF;军工ETF,黄金;国债ETF,消费ETF;医药ETF;军工ETF
2020-04-23,1887148.1198321967,1802123.216266673,85024.90356552368,1.0,False,normal,-0.06768908552680057,5,黄金;国债ETF;消费ETF;医药ETF;军工ETF,黄金;国债ETF,消费ETF;医药ETF;军工ETF
2020-04-24,1887515.879335628,1802084.7358159623,85431.14351966558,1.0,False,normal,-0.06750740068958674,6,纳指;黄金;国债ETF;消费ETF;医药ETF;军工ETF,纳指;黄金;国债ETF,消费ETF;医药ETF;军工ETF
2020-04-27,1901712.8209091083,1808225.8253756284,93486.99553347984,1.0,False,normal,-0.06049366210595558,5,纳指;黄金;国债ETF;消费ETF;医药ETF,纳指;黄金;国债ETF,消费ETF;医药ETF
2020-04-28,1914464.217541196,1820144.3953615888,94319.82217960712,1.0,False,normal,-0.05419406848638893,5,纳指;黄金;国债ETF;消费ETF;医药ETF,纳指;黄金;国债ETF,消费ETF;医药ETF
2020-04-29,1917144.2430319206,1821181.142724262,95963.10030765855,1.0,False,normal,-0.05287005104980784,5,纳指;黄金;国债ETF;消费ETF;医药ETF,纳指;黄金;国债ETF,消费ETF;医药ETF
2020-04-30,1920113.2077006858,1798600.1606919146,121513.04700877122,1.0,False,normal,-0.0514032885120473,7,纳指;黄金;国债ETF;消费ETF;医药ETF;科技ETF;军工ETF,纳指;黄金;国债ETF,消费ETF;医药ETF;科技ETF;军工ETF
2020-05-06,1927194.5811561686,1808585.008372926,118609.57278324268,1.0,False,normal,-0.04790486584313967,8,纳指;黄金;国债ETF;消费ETF;医药ETF;有色ETF;科技ETF;军工ETF,纳指;黄金;国债ETF,消费ETF;医药ETF;有色ETF;科技ETF;军工ETF
2020-05-07,1924197.26841883,1807101.6836528503,117095.58476597955,0.8125270476521624,False,normal,-0.04938563322421779,9,创业板;纳指;黄金;国债ETF;消费ETF;医药ETF;有色ETF;科技ETF;军工ETF,创业板;纳指;黄金;国债ETF,消费ETF;医药ETF;有色ETF;科技ETF;军工ETF
2020-05-08,1937859.1372111235,1814095.581511152,123763.5556999715,1.0,False,normal,-0.04263623753381025,9,纳指;黄金;国债ETF;消费ETF;医药ETF;证券ETF;有色ETF;科技ETF;军工ETF,纳指;黄金;国债ETF,消费ETF;医药ETF;证券ETF;有色ETF;科技ETF;军工ETF
2020-05-11,1923696.6798179212,1801692.2589593502,122004.42085857107,1.0,False,normal,-0.04963293984068491,9,纳指;黄金;国债ETF;消费ETF;医药ETF;证券ETF;有色ETF;科技ETF;军工ETF,纳指;黄金;国债ETF,消费ETF;医药ETF;证券ETF;有色ETF;科技ETF;军工ETF
2020-05-12,1915462.1322492543,1795279.9937134862,120182.13853576803,0.8116321079885475,False,normal,-0.05370106702865552,10,创业板;纳指;黄金;国债ETF;消费ETF;医药ETF;证券ETF;有色ETF;科技ETF;军工ETF,创业板;纳指;黄金;国债ETF,消费ETF;医药ETF;证券ETF;有色ETF;科技ETF;军工ETF
2020-05-13,1920539.2585637432,1801185.4368001462,119353.82176359696,0.7489068346450877,False,normal,-0.05119280589779208,11,沪深300;创业板;纳指;黄金;国债ETF;消费ETF;医药ETF;证券ETF;有色ETF;科技ETF;军工ETF,沪深300;创业板;纳指;黄金;国债ETF,消费ETF;医药ETF;证券ETF;有色ETF;科技ETF;军工ETF
2020-05-14,1910289.2248538125,1799186.6811897187,111102.54366409383,0.7481081933950278,False,normal,-0.05625664704574413,10,沪深300;创业板;纳指;黄金;国债ETF;消费ETF;医药ETF;有色ETF;科技ETF;军工ETF,沪深300;创业板;纳指;黄金;国债ETF,消费ETF;医药ETF;有色ETF;科技ETF;军工ETF
2020-05-15,1915773.032598016,1799003.3363488405,116769.69624917558,0.774262843079623,False,normal,-0.053547472413893675,11,沪深300;创业板;纳指;黄金;国债ETF;消费ETF;医药ETF;证券ETF;有色ETF;科技ETF;军工ETF,沪深300;创业板;纳指;黄金;国债ETF,消费ETF;医药ETF;证券ETF;有色ETF;科技ETF;军工ETF
2020-05-18,1929825.8860347844,1819347.1257129125,110478.76032187184,0.774084083353219,False,normal,-0.04660491793133601,10,沪深300;创业板;纳指;黄金;国债ETF;消费ETF;医药ETF;有色ETF;科技ETF;军工ETF,沪深300;创业板;纳指;黄金;国债ETF,消费ETF;医药ETF;有色ETF;科技ETF;军工ETF
2020-05-19,1940537.8552747811,1824186.5341517855,116351.32112299558,0.775443596454578,False,normal,-0.04131286600759079,11,沪深300;创业板;纳指;黄金;国债ETF;消费ETF;医药ETF;证券ETF;有色ETF;科技ETF;军工ETF,沪深300;创业板;纳指;黄金;国债ETF,消费ETF;医药ETF;证券ETF;有色ETF;科技ETF;军工ETF
2020-05-20,1931557.3586349352,1822445.0783109674,109112.2803239678,0.77606586211406,False,normal,-0.04574951565195612,10,沪深300;创业板;纳指;黄金;国债ETF;消费ETF;医药ETF;有色ETF;科技ETF;军工ETF,沪深300;创业板;纳指;黄金;国债ETF,消费ETF;医药ETF;有色ETF;科技ETF;军工ETF
2020-05-21,1920425.9404194439,1812728.4849478325,107697.45547161135,0.7794336757662294,False,normal,-0.0512487886484982,10,沪深300;创业板;纳指;黄金;国债ETF;消费ETF;医药ETF;有色ETF;科技ETF;军工ETF,沪深300;创业板;纳指;黄金;国债ETF,消费ETF;医药ETF;有色ETF;科技ETF;军工ETF
2020-05-22,1890217.8540192149,1782942.637419262,107275.2165999529,0.7743952866091794,False,normal,-0.06617253965686483,10,沪深300;创业板;纳指;黄金;国债ETF;消费ETF;医药ETF;有色ETF;科技ETF;军工ETF,沪深300;创业板;纳指;黄金;国债ETF,消费ETF;医药ETF;有色ETF;科技ETF;军工ETF
2020-05-25,1897953.7759410173,1822238.1321716271,75715.64376939018,0.7744446893069074,False,normal,-0.06235074932392042,7,沪深300;创业板;纳指;黄金;国债ETF;消费ETF;医药ETF,沪深300;创业板;纳指;黄金;国债ETF,消费ETF;医药ETF
2020-05-26,1921118.1832072507,1813384.1546063554,107734.02860089531,0.7730181921985914,False,normal,-0.05090679879632115,10,沪深300;创业板;纳指;黄金;国债ETF;消费ETF;医药ETF;有色ETF;科技ETF;军工ETF,沪深300;创业板;纳指;黄金;国债ETF,消费ETF;医药ETF;有色ETF;科技ETF;军工ETF
2020-05-27,1903640.8827947201,1798590.4687917186,105050.41400300153,0.771093401692895,False,normal,-0.05954113849594052,9,沪深300;创业板;纳指;黄金;国债ETF;消费ETF;医药ETF;有色ETF;科技ETF,沪深300;创业板;纳指;黄金;国债ETF,消费ETF;医药ETF;有色ETF;科技ETF
2020-05-28,1902463.3256343727,1855170.5392243373,47292.78641003533,0.773527438214829,False,normal,-0.06012288901221988,8,沪深300;创业板;纳指;黄金;国债ETF;消费ETF;医药ETF;有色ETF,沪深300;创业板;纳指;黄金;国债ETF,消费ETF;医药ETF;有色ETF
2020-05-29,1909177.2227284913,1859103.8697246043,50073.353003886994,0.7745496948711035,False,normal,-0.056806011299381266,9,沪深300;创业板;纳指;黄金;国债ETF;消费ETF;医药ETF;有色ETF;军工ETF,沪深300;创业板;纳指;黄金;国债ETF,消费ETF;医药ETF;有色ETF;军工ETF
2020-06-01,1940599.032419742,1825885.8046192087,114713.22780053341,0.7703040553388419,False,normal,-0.041282642561235934,11,沪深300;创业板;纳指;黄金;国债ETF;消费ETF;医药ETF;证券ETF;有色ETF;科技ETF;军工ETF,沪深300;创业板;纳指;黄金;国债ETF,消费ETF;医药ETF;证券ETF;有色ETF;科技ETF;军工ETF
2020-06-02,1936624.678472792,1823356.398835722,113268.27963707014,0.6047061126210089,False,normal,-0.04324609923100208,10,沪深300;创业板;纳指;黄金;消费ETF;医药ETF;证券ETF;有色ETF;科技ETF;军工ETF,沪深300;创业板;纳指;黄金,消费ETF;医药ETF;证券ETF;有色ETF;科技ETF;军工ETF
2020-06-03,1933532.665999885,1828126.4728959121,105406.19310397282,0.6065684475099813,False,normal,-0.044773651279452244,9,沪深300;创业板;纳指;黄金;消费ETF;医药ETF;有色ETF;科技ETF;军工ETF,沪深300;创业板;纳指;黄金,消费ETF;医药ETF;有色ETF;科技ETF;军工ETF
2020-06-04,1936343.7126335006,1832006.1394943926,104337.57313910802,0.6065942825621204,False,normal,-0.043384905250419804,9,沪深300;创业板;纳指;黄金;消费ETF;医药ETF;有色ETF;科技ETF;军工ETF,沪深300;创业板;纳指;黄金,消费ETF;医药ETF;有色ETF;科技ETF;军工ETF
2020-06-05,1941489.2447157283,1831458.0321524718,110031.2125632565,0.6073718062261318,False,normal,-0.04084284950470573,10,沪深300;创业板;纳指;黄金;消费ETF;医药ETF;证券ETF;有色ETF;科技ETF;军工ETF,沪深300;创业板;纳指;黄金,消费ETF;医药ETF;证券ETF;有色ETF;科技ETF;军工ETF
2020-06-08,1937791.1532336976,1836799.3493627037,100991.8038709939,0.607236994209997,False,normal,-0.042669823770893255,8,沪深300;创业板;纳指;黄金;消费ETF;医药ETF;有色ETF;科技ETF,沪深300;创业板;纳指;黄金,消费ETF;医药ETF;有色ETF;科技ETF
2020-06-09,1948958.8449048174,1841065.4599894034,107893.38491541403,0.6071171309334191,False,normal,-0.037152630538926805,9,沪深300;创业板;纳指;黄金;消费ETF;医药ETF;证券ETF;有色ETF;科技ETF,沪深300;创业板;纳指;黄金,消费ETF;医药ETF;证券ETF;有色ETF;科技ETF
2020-06-10,1956095.7817879391,1848952.86815173,107142.91363620921,0.6072816890699451,False,normal,-0.03362675777774027,9,沪深300;创业板;纳指;黄金;消费ETF;医药ETF;证券ETF;有色ETF;科技ETF,沪深300;创业板;纳指;黄金,消费ETF;医药ETF;证券ETF;有色ETF;科技ETF
2020-06-11,1953017.7259325248,1854304.7339517202,98712.9919808046,0.6072695399316653,False,normal,-0.03514741481531087,8,沪深300;创业板;纳指;黄金;消费ETF;医药ETF;有色ETF;科技ETF,沪深300;创业板;纳指;黄金,消费ETF;医药ETF;有色ETF;科技ETF
2020-06-12,1952300.3349635424,1854858.0995798125,97442.23538372992,0.6073475684453281,False,normal,-0.035501828665128986,8,沪深300;创业板;纳指;黄金;消费ETF;医药ETF;有色ETF;科技ETF,沪深300;创业板;纳指;黄金,消费ETF;医药ETF;有色ETF;科技ETF
2020-06-15,1936491.1220390594,1840440.0200816768,96051.10195738263,0.6068056487559282,False,normal,-0.043312080337391395,8,沪深300;创业板;纳指;黄金;消费ETF;医药ETF;有色ETF;科技ETF,沪深300;创业板;纳指;黄金,消费ETF;医药ETF;有色ETF;科技ETF
2020-06-16,1971921.2862618484,1866423.7289129174,105497.55734893098,0.6040231101707476,False,normal,-0.025808457564303923,9,沪深300;创业板;纳指;黄金;消费ETF;医药ETF;证券ETF;有色ETF;科技ETF,沪深300;创业板;纳指;黄金,消费ETF;医药ETF;证券ETF;有色ETF;科技ETF
2020-06-17,1977669.8963220292,1872807.8444190742,104862.05190295493,0.6046838042273037,False,normal,-0.022968462205257317,10,沪深300;创业板;纳指;黄金;消费ETF;医药ETF;证券ETF;有色ETF;科技ETF;军工ETF,沪深300;创业板;纳指;黄金,消费ETF;医药ETF;证券ETF;有色ETF;科技ETF;军工ETF
2020-06-18,1980008.90431863,1876172.1238364852,103836.7804821448,0.606200413120785,False,normal,-0.021812918206694586,9,沪深300;创业板;纳指;黄金;消费ETF;医药ETF;证券ETF;有色ETF;科技ETF,沪深300;创业板;纳指;黄金,消费ETF;医药ETF;证券ETF;有色ETF;科技ETF
2020-06-19,2002392.9826568123,1896888.4885510493,105504.49410576303,0.608774069525839,False,normal,-0.010754474873181308,9,沪深300;创业板;纳指;黄金;消费ETF;医药ETF;证券ETF;有色ETF;科技ETF,沪深300;创业板;纳指;黄金,消费ETF;医药ETF;证券ETF;有色ETF;科技ETF
2020-06-22,2014845.505746354,1909705.6192373016,105139.88650905248,0.6089426207068097,False,normal,-0.004602534245361547,10,沪深300;创业板;纳指;黄金;消费ETF;医药ETF;证券ETF;有色ETF;科技ETF;军工ETF,沪深300;创业板;纳指;黄金,消费ETF;医药ETF;证券ETF;有色ETF;科技ETF;军工ETF
2020-06-23,2031218.6917511392,1926010.4391569064,105208.25259423279,0.6084379718793261,False,normal,0.0,10,沪深300;创业板;纳指;黄金;消费ETF;医药ETF;证券ETF;有色ETF;科技ETF;军工ETF,沪深300;创业板;纳指;黄金,消费ETF;医药ETF;证券ETF;有色ETF;科技ETF;军工ETF
2020-06-24,2038048.2069180193,1933715.9312345374,104332.27568348194,0.6083665466654391,False,normal,0.0,10,沪深300;创业板;纳指;黄金;消费ETF;医药ETF;证券ETF;有色ETF;科技ETF;军工ETF,沪深300;创业板;纳指;黄金,消费ETF;医药ETF;证券ETF;有色ETF;科技ETF;军工ETF
2020-06-29,2022468.1905421028,1919671.797986359,102796.39255574369,0.607690178021818,False,normal,-0.00764457696487807,10,沪深300;创业板;纳指;黄金;消费ETF;医药ETF;证券ETF;有色ETF;科技ETF;军工ETF,沪深300;创业板;纳指;黄金,消费ETF;医药ETF;证券ETF;有色ETF;科技ETF;军工ETF
2020-06-30,2046824.26875684,1942597.2996420513,104226.96911478858,0.6068541487036516,False,normal,0.0,10,沪深300;创业板;纳指;黄金;消费ETF;医药ETF;证券ETF;有色ETF;科技ETF;军工ETF,沪深300;创业板;纳指;黄金,消费ETF;医药ETF;证券ETF;有色ETF;科技ETF;军工ETF
2020-07-01,2061029.6791767937,1956941.8215326704,104087.85764412326,0.6071229834930314,False,normal,0.0,10,沪深300;创业板;纳指;黄金;消费ETF;医药ETF;证券ETF;有色ETF;科技ETF;军工ETF,沪深300;创业板;纳指;黄金,消费ETF;医药ETF;证券ETF;有色ETF;科技ETF;军工ETF
2020-07-02,2079478.4183341593,1973794.902016725,105683.51631743438,0.610653626010476,False,normal,0.0,10,沪深300;创业板;纳指;黄金;消费ETF;医药ETF;证券ETF;有色ETF;科技ETF;军工ETF,沪深300;创业板;纳指;黄金,消费ETF;医药ETF;证券ETF;有色ETF;科技ETF;军工ETF
2020-07-03,2106914.1504627396,1997505.9024029,109408.24805983971,0.6103762739973708,False,normal,0.0,10,沪深300;创业板;纳指;黄金;消费ETF;医药ETF;证券ETF;有色ETF;科技ETF;军工ETF,沪深300;创业板;纳指;黄金,消费ETF;医药ETF;证券ETF;有色ETF;科技ETF;军工ETF
2020-07-06,2176761.0922645754,2049037.8657992173,127723.22646535817,0.6035947587525519,False,normal,0.0,10,沪深300;创业板;纳指;黄金;消费ETF;医药ETF;证券ETF;有色ETF;科技ETF;军工ETF,沪深300;创业板;纳指;黄金,消费ETF;医药ETF;证券ETF;有色ETF;科技ETF;军工ETF
2020-07-07,2183448.418043878,2056562.1345141092,126886.2835297687,0.6036704386849869,False,normal,0.0,10,沪深300;创业板;纳指;黄金;消费ETF;医药ETF;证券ETF;有色ETF;科技ETF;军工ETF,沪深300;创业板;纳指;黄金,消费ETF;医药ETF;证券ETF;有色ETF;科技ETF;军工ETF
2020-07-08,2219518.7433469873,2085378.2572859714,134140.48606101586,0.6034870449956464,False,normal,0.0,10,沪深300;创业板;纳指;黄金;消费ETF;医药ETF;证券ETF;有色ETF;科技ETF;军工ETF,沪深300;创业板;纳指;黄金,消费ETF;医药ETF;证券ETF;有色ETF;科技ETF;军工ETF
2020-07-09,2258593.2806691234,2120618.7943642973,137974.4863048261,0.6015650522746918,False,normal,0.0,10,沪深300;创业板;纳指;黄金;消费ETF;医药ETF;证券ETF;有色ETF;科技ETF;军工ETF,沪深300;创业板;纳指;黄金,消费ETF;医药ETF;证券ETF;有色ETF;科技ETF;军工ETF
2020-07-10,2244281.5666763913,2107317.9914164543,136963.57525993697,0.6012965946460979,False,normal,-0.006336560953768609,10,沪深300;创业板;纳指;黄金;消费ETF;医药ETF;证券ETF;有色ETF;科技ETF;军工ETF,沪深300;创业板;纳指;黄金,消费ETF;医药ETF;证券ETF;有色ETF;科技ETF;军工ETF
2020-07-13,2298145.686114911,2153637.008811627,144508.67730328394,0.5986096881127001,False,normal,0.0,10,沪深300;创业板;纳指;黄金;消费ETF;医药ETF;证券ETF;有色ETF;科技ETF;军工ETF,沪深300;创业板;纳指;黄金,消费ETF;医药ETF;证券ETF;有色ETF;科技ETF;军工ETF
2020-07-14,2279436.95326097,2136847.633284465,142589.3199765049,0.597447803808359,False,normal,-0.008140794975260627,10,沪深300;创业板;纳指;黄金;消费ETF;医药ETF;证券ETF;有色ETF;科技ETF;军工ETF,沪深300;创业板;纳指;黄金,消费ETF;医药ETF;证券ETF;有色ETF;科技ETF;军工ETF
2020-07-15,2260830.3725836333,2118934.5824788427,141895.7901047906,0.5968533306332701,False,normal,-0.016237140124201802,10,沪深300;创业板;纳指;黄金;消费ETF;医药ETF;证券ETF;有色ETF;科技ETF;军工ETF,沪深300;创业板;纳指;黄金,消费ETF;医药ETF;证券ETF;有色ETF;科技ETF;军工ETF
2020-07-16,2181664.1650489457,2031306.066596771,150358.0984521748,0.5853526537274386,False,normal,-0.05068500303080482,10,沪深300;创业板;纳指;黄金;消费ETF;医药ETF;证券ETF;有色ETF;科技ETF;军工ETF,沪深300;创业板;纳指;黄金,消费ETF;医药ETF;证券ETF;有色ETF;科技ETF;军工ETF
2020-07-17,2196124.9132093745,2045760.2304287043,150364.68278067023,0.585231165804337,False,normal,-0.044392648178021236,10,沪深300;创业板;纳指;黄金;消费ETF;医药ETF;证券ETF;有色ETF;科技ETF;军工ETF,沪深300;创业板;纳指;黄金,消费ETF;医药ETF;证券ETF;有色ETF;科技ETF;军工ETF
2020-07-20,2230068.676922692,2073221.6069930117,156847.06992968032,0.5878384920000703,False,normal,-0.029622582068461193,10,沪深300;创业板;纳指;黄金;消费ETF;医药ETF;证券ETF;有色ETF;科技ETF;军工ETF,沪深300;创业板;纳指;黄金,消费ETF;医药ETF;证券ETF;有色ETF;科技ETF;军工ETF
2020-07-21,2250745.2663563536,2093514.2728729274,157230.99348342628,0.5864195329128189,False,normal,-0.02062550692279621,10,沪深300;创业板;纳指;黄金;消费ETF;医药ETF;证券ETF;有色ETF;科技ETF;军工ETF,沪深300;创业板;纳指;黄金,消费ETF;医药ETF;证券ETF;有色ETF;科技ETF;军工ETF
2020-07-22,2272469.728718423,2114350.042118582,158119.68659984088,0.5857845095851739,False,normal,-0.011172467242446322,10,沪深300;创业板;纳指;黄金;消费ETF;医药ETF;证券ETF;有色ETF;科技ETF;军工ETF,沪深300;创业板;纳指;黄金,消费ETF;医药ETF;证券ETF;有色ETF;科技ETF;军工ETF
2020-07-23,2284190.6877704323,2126007.872496884,158182.81527354848,0.5861529018563003,False,normal,-0.006072286203956911,10,沪深300;创业板;纳指;黄金;消费ETF;医药ETF;证券ETF;有色ETF;科技ETF;军工ETF,沪深300;创业板;纳指;黄金,消费ETF;医药ETF;证券ETF;有色ETF;科技ETF;军工ETF
2020-07-24,2208455.2312934273,2046057.3575181793,162397.87377524795,0.5748907059927535,False,normal,-0.03902731465780496,10,沪深300;创业板;纳指;黄金;消费ETF;医药ETF;证券ETF;有色ETF;科技ETF;军工ETF,沪深300;创业板;纳指;黄金,消费ETF;医药ETF;证券ETF;有色ETF;科技ETF;军工ETF
2020-07-27,2227365.7410930214,2064281.0160571246,163084.72503589676,0.5748518110390385,False,normal,-0.03079871978940787,10,沪深300;创业板;纳指;黄金;消费ETF;医药ETF;证券ETF;有色ETF;科技ETF;军工ETF,沪深300;创业板;纳指;黄金,消费ETF;医药ETF;证券ETF;有色ETF;科技ETF;军工ETF
2020-07-28,2242345.6639714986,2079076.2584808469,163269.40549065173,0.5746118213834016,False,normal,-0.024280454664188027,10,沪深300;创业板;纳指;黄金;消费ETF;医药ETF;证券ETF;有色ETF;科技ETF;军工ETF,沪深300;创业板;纳指;黄金,消费ETF;医药ETF;证券ETF;有色ETF;科技ETF;军工ETF
2020-07-29,2282995.797876971,2115426.9390247446,167568.8588522263,0.5724822722462036,False,normal,-0.006592222733951876,10,沪深300;创业板;纳指;黄金;消费ETF;医药ETF;证券ETF;有色ETF;科技ETF;军工ETF,沪深300;创业板;纳指;黄金,消费ETF;医药ETF;证券ETF;有色ETF;科技ETF;军工ETF
2020-07-30,2269342.6595723275,2103659.6226468896,165683.03692543786,0.5723269498631943,False,normal,-0.012533159545370652,10,沪深300;创业板;纳指;黄金;消费ETF;医药ETF;证券ETF;有色ETF;科技ETF;军工ETF,沪深300;创业板;纳指;黄金,消费ETF;医药ETF;证券ETF;有色ETF;科技ETF;军工ETF
2020-07-31,2295333.9037257354,2128716.1283519245,166617.7753738109,0.5719104267341305,False,normal,-0.0012235004970154964,10,沪深300;创业板;纳指;黄金;消费ETF;医药ETF;证券ETF;有色ETF;科技ETF;军工ETF,沪深300;创业板;纳指;黄金,消费ETF;医药ETF;证券ETF;有色ETF;科技ETF;军工ETF
2020-08-03,2325638.1064159363,2154781.7390631703,170856.36735276598,0.5728137035846916,False,normal,0.0,10,沪深300;创业板;纳指;黄金;消费ETF;医药ETF;证券ETF;有色ETF;科技ETF;军工ETF,沪深300;创业板;纳指;黄金,消费ETF;医药ETF;证券ETF;有色ETF;科技ETF;军工ETF
2020-08-04,2320542.089251738,2150355.6859043045,170186.40334743354,0.5729198670592275,False,normal,-0.0021912339457026433,10,沪深300;创业板;纳指;黄金;消费ETF;医药ETF;证券ETF;有色ETF;科技ETF;军工ETF,沪深300;创业板;纳指;黄金,消费ETF;医药ETF;证券ETF;有色ETF;科技ETF;军工ETF
2020-08-05,2343277.2676653476,2171766.5439825715,171510.7236827761,0.5727128657516868,False,normal,0.0,10,沪深300;创业板;纳指;黄金;消费ETF;医药ETF;证券ETF;有色ETF;科技ETF;军工ETF,沪深300;创业板;纳指;黄金,消费ETF;医药ETF;证券ETF;有色ETF;科技ETF;军工ETF
2020-08-06,2341667.8093468207,2171278.740434316,170389.0689125047,0.5726573899481127,False,normal,-0.0006868407510863582,10,沪深300;创业板;纳指;黄金;消费ETF;医药ETF;证券ETF;有色ETF;科技ETF;军工ETF,沪深300;创业板;纳指;黄金,消费ETF;医药ETF;证券ETF;有色ETF;科技ETF;军工ETF
2020-08-07,2328826.421030506,2159633.2448520698,169193.17617843626,0.5725025126867477,False,normal,-0.006166938430311826,10,沪深300;创业板;纳指;黄金;消费ETF;医药ETF;证券ETF;有色ETF;科技ETF;军工ETF,沪深300;创业板;纳指;黄金,消费ETF;医药ETF;证券ETF;有色ETF;科技ETF;军工ETF
2020-08-10,2319938.364151858,2152121.668164119,167816.69598773867,0.572321926046918,False,normal,-0.009959941077200291,10,沪深300;创业板;纳指;黄金;消费ETF;医药ETF;证券ETF;有色ETF;科技ETF;军工ETF,沪深300;创业板;纳指;黄金,消费ETF;医药ETF;证券ETF;有色ETF;科技ETF;军工ETF
2020-08-11,2292302.384368926,2126352.721823394,165949.662545532,0.5706809586587318,False,normal,-0.021753671236357356,10,沪深300;创业板;纳指;黄金;消费ETF;医药ETF;证券ETF;有色ETF;科技ETF;军工ETF,沪深300;创业板;纳指;黄金,消费ETF;医药ETF;证券ETF;有色ETF;科技ETF;军工ETF
2020-08-12,2244559.143856868,2081049.3471708682,163509.79668599996,0.5652188639517538,False,normal,-0.042128230052278094,10,沪深300;创业板;纳指;黄金;消费ETF;医药ETF;证券ETF;有色ETF;科技ETF;军工ETF,沪深300;创业板;纳指;黄金,消费ETF;医药ETF;证券ETF;有色ETF;科技ETF;军工ETF
2020-08-13,2254669.3344852044,2110025.6582987313,144643.6761864731,0.5659490485775097,False,normal,-0.037813678476224424,9,沪深300;创业板;纳指;黄金;消费ETF;医药ETF;证券ETF;有色ETF;军工ETF,沪深300;创业板;纳指;黄金,消费ETF;医药ETF;证券ETF;有色ETF;军工ETF
2020-08-14,2280915.7060202044,2115895.64719889,165020.05882131448,0.565166411926846,False,normal,-0.026612967447627412,10,沪深300;创业板;纳指;黄金;消费ETF;医药ETF;证券ETF;有色ETF;科技ETF;军工ETF,沪深300;创业板;纳指;黄金,消费ETF;医药ETF;证券ETF;有色ETF;科技ETF;军工ETF
2020-08-17,2311335.3861080385,2143043.389145651,168291.99696238758,0.5646202557992367,False,normal,-0.013631285549547187,10,沪深300;创业板;纳指;黄金;消费ETF;医药ETF;证券ETF;有色ETF;科技ETF;军工ETF,沪深300;创业板;纳指;黄金,消费ETF;医药ETF;证券ETF;有色ETF;科技ETF;军工ETF
2020-08-18,2322208.8861802877,2154170.8903602688,168037.99582001893,0.5658822085712143,False,normal,-0.008990989575062405,10,沪深300;创业板;纳指;黄金;消费ETF;医药ETF;证券ETF;有色ETF;科技ETF;军工ETF,沪深300;创业板;纳指;黄金,消费ETF;医药ETF;证券ETF;有色ETF;科技ETF;军工ETF
2020-08-19,2293816.091836094,2105391.5815442447,188424.51029184926,0.564443155517551,False,normal,-0.021107692423668136,8,沪深300;创业板;纳指;黄金;消费ETF;证券ETF;有色ETF;军工ETF,沪深300;创业板;纳指;黄金,消费ETF;证券ETF;有色ETF;军工ETF
2020-08-20,2265117.4045966044,2077104.6862318234,188012.718364781,0.5641303926378817,False,normal,-0.03335493590419854,8,沪深300;创业板;纳指;黄金;消费ETF;证券ETF;有色ETF;军工ETF,沪深300;创业板;纳指;黄金,消费ETF;证券ETF;有色ETF;军工ETF
2020-08-21,2288894.9310148,2099519.6472807485,189375.2837340515,0.5629863604556224,False,normal,-0.023207811299569232,8,沪深300;创业板;纳指;黄金;消费ETF;证券ETF;有色ETF;军工ETF,沪深300;创业板;纳指;黄金,消费ETF;证券ETF;有色ETF;军工ETF
2020-08-24,2317313.7171575534,2125799.1406059703,191514.57655158313,0.5618277209688851,False,normal,-0.01108001637965025,8,沪深300;创业板;纳指;黄金;消费ETF;证券ETF;有色ETF;军工ETF,沪深300;创业板;纳指;黄金,消费ETF;证券ETF;有色ETF;军工ETF
2020-08-25,2333974.4969280227,2183717.6086201584,150256.8883078643,0.5607353563004532,False,normal,-0.0039699829233581785,8,沪深300;创业板;纳指;黄金;消费ETF;医药ETF;证券ETF;军工ETF,沪深300;创业板;纳指;黄金,消费ETF;医药ETF;证券ETF;军工ETF
2020-08-26,2303389.841451239,2130038.8210167172,173351.0204345216,0.5586343461157027,False,normal,-0.017022068521088552,6,沪深300;创业板;纳指;黄金;消费ETF;军工ETF,沪深300;创业板;纳指;黄金,消费ETF;军工ETF
2020-08-27,2345260.7155197538,2216725.824538699,128534.89098105486,0.555532691575813,False,normal,0.0,7,沪深300;创业板;纳指;黄金;消费ETF;医药ETF;军工ETF,沪深300;创业板;纳指;黄金,消费ETF;医药ETF;军工ETF
2020-08-28,2391048.237691869,2219120.961088079,171927.27660379,0.5533941136540307,False,normal,0.0,9,沪深300;创业板;纳指;黄金;消费ETF;医药ETF;证券ETF;科技ETF;军工ETF,沪深300;创业板;纳指;黄金,消费ETF;医药ETF;证券ETF;科技ETF;军工ETF
2020-08-31,2405869.6605200125,2245576.8562142253,160292.8043057872,0.5551772380753445,False,normal,0.0,9,沪深300;创业板;纳指;黄金;消费ETF;医药ETF;证券ETF;有色ETF;军工ETF,沪深300;创业板;纳指;黄金,消费ETF;医药ETF;证券ETF;有色ETF;军工ETF
2020-09-01,2415490.5216517565,2254428.9452792243,161061.57637253217,0.5553443652565616,False,normal,0.0,9,沪深300;创业板;纳指;黄金;消费ETF;医药ETF;证券ETF;有色ETF;军工ETF,沪深300;创业板;纳指;黄金,消费ETF;医药ETF;证券ETF;有色ETF;军工ETF
2020-09-02,2427372.5409038905,2257369.7324353075,170002.80846858304,0.554989703556795,False,normal,0.0,9,沪深300;创业板;纳指;黄金;消费ETF;医药ETF;证券ETF;科技ETF;军工ETF,沪深300;创业板;纳指;黄金,消费ETF;医药ETF;证券ETF;科技ETF;军工ETF
2020-09-03,2418865.0764873824,2284900.2730315756,133964.8034558068,0.6277825738447637,False,normal,-0.003504803763389421,6,沪深300;纳指;黄金;消费ETF;医药ETF;军工ETF,沪深300;纳指;黄金,消费ETF;医药ETF;军工ETF
2020-09-04,2356381.673439213,2176352.6971895415,180028.97624967154,0.5812817467471485,False,normal,-0.029245971217192017,4,纳指;黄金;消费ETF;军工ETF,纳指;黄金,消费ETF;军工ETF
2020-09-07,2278362.6565073268,2103604.3833311857,174758.27317614108,0.5660669218295467,False,normal,-0.061387315661516194,3,纳指;黄金;消费ETF,纳指;黄金,消费ETF
2020-09-08,2313783.805019851,2137371.6889509005,176412.1160689504,0.5605597552751859,False,normal,-0.04679493319214288,3,纳指;黄金;消费ETF,纳指;黄金,消费ETF
2020-09-09,2258517.04792726,1580961.9335490817,677555.1143781783,0.590356656410186,False,normal,-0.06956307288281063,3,沪深300;纳指;黄金,沪深300;纳指;黄金,
2020-09-10,2277584.3634282215,1594309.0543997549,683275.3090284667,0.5891662723494673,False,normal,-0.06170794756535053,3,沪深300;纳指;黄金,沪深300;纳指;黄金,
2020-09-11,2271361.7920032097,2094860.7852874384,176501.00671577128,0.5509660113259791,False,normal,-0.0642714483548481,3,纳指;黄金;消费ETF,纳指;黄金,消费ETF
2020-09-14,2293010.6183404974,1605107.432838348,687903.1855021494,0.5498514052310696,False,normal,-0.05535282298009363,2,纳指;黄金,纳指;黄金,
2020-09-15,2322888.716524021,2142525.491796121,180363.22472789977,0.5474652190354156,False,normal,-0.043044000300408225,3,纳指;黄金;消费ETF,纳指;黄金,消费ETF
2020-09-16,2311467.380877835,1618027.1666144845,693440.2142633507,0.547459937729506,False,normal,-0.04774922599350787,2,纳指;黄金,纳指;黄金,
2020-09-17,2272623.3157069487,1590836.320994864,681786.9947120848,0.41111781826257193,False,normal,-0.0637517408594056,2,沪深300;纳指,沪深300;纳指,
2020-09-18,2320323.2563625146,1624226.27945376,696096.9769087546,0.40853645338499656,False,normal,-0.044100887992048206,2,沪深300;纳指,沪深300;纳指,
2020-09-21,2295060.1554877902,1606542.108841453,688518.0466463373,0.40756418833507124,False,normal,-0.05450847910095851,2,沪深300;纳指,沪深300;纳指,
2020-09-22,2272751.033561046,1590925.723492732,681825.3100683137,0.2986090488310248,False,normal,-0.06369912518054098,1,纳指,纳指,
2020-09-23,2294280.7388551906,1605996.5171986334,688284.2216565572,0.2984386425876627,False,normal,-0.054829573872966365,1,纳指,纳指,
2020-09-24,2234304.5602922104,1564013.192204547,670291.3680876633,0.29641556061469465,False,normal,-0.07953784487476594,1,纳指,纳指,
2020-09-25,2221792.5995910564,1555254.8197137394,666537.7798773169,0.29650485571446944,False,warning,-0.08469237327546003,1,纳指,纳指,
2020-09-28,2248087.1442919155,1573661.0010043408,674426.1432875746,0.29621314905819895,False,normal,-0.07385986023604511,1,纳指,纳指,
2020-09-29,2257192.702482966,1580034.891738076,677157.8107448898,0.2962113055249223,False,normal,-0.07010866092995935,1,纳指,纳指,
2020-09-30,2260374.5388807533,1582262.1772165273,678112.361664226,0.2962194386678066,False,normal,-0.06879784590500124,1,纳指,纳指,
2020-10-09,2291344.1276343996,1603940.8893440797,687403.2382903199,0.2958216549754595,False,normal,-0.05603936395310688,1,纳指,纳指,
2020-10-12,2301414.679525984,2125885.278170841,175529.40135514317,0.40052566351589114,False,normal,-0.05189061804703578,8,沪深300;创业板;纳指;消费ETF;医药ETF;证券ETF;科技ETF;军工ETF,沪深300;创业板;纳指,消费ETF;医药ETF;证券ETF;科技ETF;军工ETF
2020-10-13,2310320.755637427,2134155.5900370497,176165.16560037713,0.4004842002065518,False,normal,-0.04822159898985946,8,沪深300;创业板;纳指;消费ETF;医药ETF;证券ETF;科技ETF;军工ETF,沪深300;创业板;纳指,消费ETF;医药ETF;证券ETF;科技ETF;军工ETF
2020-10-14,2297069.162407211,2122182.1065672166,174887.05583999446,0.4008390583247405,False,normal,-0.053680832381896304,8,沪深300;创业板;纳指;消费ETF;医药ETF;证券ETF;科技ETF;军工ETF,沪深300;创业板;纳指,消费ETF;医药ETF;证券ETF;科技ETF;军工ETF
2020-10-15,2275036.0115845455,2103786.849298092,171249.16228645341,0.40072347956000365,False,normal,-0.0627577871761781,8,沪深300;创业板;纳指;消费ETF;医药ETF;证券ETF;科技ETF;军工ETF,沪深300;创业板;纳指,消费ETF;医药ETF;证券ETF;科技ETF;军工ETF
2020-10-16,2268261.1316592516,2097572.7052348736,170688.42642437806,0.400703797957276,False,normal,-0.06554882143693935,8,沪深300;创业板;纳指;消费ETF;医药ETF;证券ETF;科技ETF;军工ETF,沪深300;创业板;纳指,消费ETF;医药ETF;证券ETF;科技ETF;军工ETF
2020-10-19,2257277.6273900503,2074934.8866790738,182342.74071097653,0.2951102023174104,False,normal,-0.0700736745792227,2,纳指;医药ETF,纳指,医药ETF
2020-10-20,2250469.716153891,0.0,2250469.716153891,0.0,True,normal,-0.07287831668563148,0,,创业板;纳指,消费ETF;医药ETF;证券ETF;科技ETF;军工ETF
2020-10-21,2250469.716153891,0.0,2250469.716153891,0.0,True,normal,-0.07287831668563148,0,,沪深300;创业板;纳指,消费ETF;医药ETF
2020-10-22,2250469.716153891,0.0,2250469.716153891,0.0,True,normal,-0.07287831668563148,0,,沪深300;创业板;纳指,消费ETF;证券ETF
2020-10-23,2250469.716153891,0.0,2250469.716153891,0.0,True,normal,-0.07287831668563148,0,,沪深300;纳指,
2020-10-26,2250469.716153891,0.0,2250469.716153891,0.0,True,normal,-0.07287831668563148,0,,纳指,
2020-10-27,2250469.716153891,0.0,2250469.716153891,0.0,True,normal,-0.07287831668563148,0,,国债ETF,
2020-10-28,2250469.716153891,0.0,2250469.716153891,0.0,True,normal,-0.07287831668563148,0,,沪深300;创业板;国债ETF,消费ETF;医药ETF;科技ETF
2020-10-29,2250469.716153891,0.0,2250469.716153891,0.0,True,normal,-0.07287831668563148,0,,沪深300;创业板;国债ETF,消费ETF;医药ETF;科技ETF
2020-10-30,2250469.716153891,0.0,2250469.716153891,0.0,True,normal,-0.07287831668563148,0,,国债ETF,医药ETF
2020-11-02,2250469.716153891,0.0,2250469.716153891,0.0,True,normal,-0.07287831668563148,0,,国债ETF,医药ETF
2020-11-03,2250469.716153891,0.0,2250469.716153891,0.0,True,normal,-0.07287831668563148,0,,国债ETF,消费ETF;医药ETF;有色ETF;科技ETF
2020-11-04,2250469.716153891,0.0,2250469.716153891,0.0,True,normal,-0.07287831668563148,0,,国债ETF,消费ETF;医药ETF;有色ETF;科技ETF
2020-11-05,2250469.716153891,0.0,2250469.716153891,0.0,True,normal,-0.07287831668563148,0,,沪深300;创业板;国债ETF,消费ETF;医药ETF;有色ETF;科技ETF
2020-11-06,2250469.716153891,0.0,2250469.716153891,0.0,True,normal,-0.07287831668563148,0,,沪深300;国债ETF,消费ETF;有色ETF;科技ETF
2020-11-09,2250469.716153891,0.0,2250469.716153891,0.0,True,normal,-0.07287831668563148,0,,沪深300;创业板;纳指;国债ETF,消费ETF;医药ETF;证券ETF;有色ETF;科技ETF
2020-11-10,2250469.716153891,0.0,2250469.716153891,0.0,True,normal,-0.07287831668563148,0,,沪深300;创业板;国债ETF,消费ETF;医药ETF;证券ETF;有色ETF;科技ETF
2020-11-11,2250469.716153891,0.0,2250469.716153891,0.0,True,normal,-0.07287831668563148,0,,沪深300;创业板;国债ETF,消费ETF;有色ETF;科技ETF
2020-11-12,2250469.716153891,0.0,2250469.716153891,0.0,True,normal,-0.07287831668563148,0,,沪深300;创业板,消费ETF;有色ETF;科技ETF
2020-11-13,2250469.716153891,0.0,2250469.716153891,0.0,True,normal,-0.07287831668563148,0,,沪深300;创业板,消费ETF;有色ETF;科技ETF
2020-11-16,2250469.716153891,0.0,2250469.716153891,0.0,True,normal,-0.07287831668563148,0,,沪深300;创业板;国债ETF,消费ETF;有色ETF;科技ETF
2020-11-17,2250469.716153891,0.0,2250469.716153891,0.0,True,normal,-0.07287831668563148,0,,沪深300;创业板,消费ETF;有色ETF;科技ETF
2020-11-18,2250469.716153891,0.0,2250469.716153891,0.0,True,normal,-0.07287831668563148,0,,沪深300;创业板,消费ETF;有色ETF
2020-11-19,2250469.716153891,0.0,2250469.716153891,0.0,True,normal,-0.07287831668563148,0,,沪深300;创业板,消费ETF;有色ETF;科技ETF;军工ETF
2020-11-20,2250469.716153891,0.0,2250469.716153891,0.0,True,normal,-0.07287831668563148,0,,沪深300;创业板,消费ETF;有色ETF;科技ETF;军工ETF
2020-11-23,2250469.716153891,0.0,2250469.716153891,0.0,True,normal,-0.07287831668563148,0,,沪深300;创业板,消费ETF;证券ETF;有色ETF;军工ETF
2020-11-24,2250469.716153891,0.0,2250469.716153891,0.0,True,normal,-0.07287831668563148,0,,沪深300;创业板,消费ETF;有色ETF;军工ETF
2020-11-25,2250469.716153891,0.0,2250469.716153891,0.0,True,normal,-0.07287831668563148,0,,沪深300;创业板,消费ETF;有色ETF
2020-11-26,2250469.716153891,0.0,2250469.716153891,0.0,True,normal,-0.07287831668563148,0,,沪深300;创业板,消费ETF;有色ETF;军工ETF
2020-11-27,2250469.716153891,0.0,2250469.716153891,0.0,True,normal,-0.07287831668563148,0,,沪深300;创业板,消费ETF;证券ETF;有色ETF;军工ETF
2020-11-30,2250469.716153891,0.0,2250469.716153891,0.0,True,normal,-0.07287831668563148,0,,沪深300;创业板,消费ETF;证券ETF;有色ETF;军工ETF
2020-12-01,2250469.716153891,0.0,2250469.716153891,0.0,True,normal,-0.07287831668563148,0,,沪深300;创业板,消费ETF;证券ETF;有色ETF;军工ETF
2020-12-02,2250469.716153891,0.0,2250469.716153891,0.0,True,normal,-0.07287831668563148,0,,沪深300;创业板,消费ETF;证券ETF;有色ETF;军工ETF
2020-12-03,2250469.716153891,0.0,2250469.716153891,0.0,True,normal,-0.07287831668563148,0,,沪深300;创业板;国债ETF,消费ETF;证券ETF;有色ETF;科技ETF;军工ETF
2020-12-04,2250469.716153891,0.0,2250469.716153891,0.0,True,normal,-0.07287831668563148,0,,沪深300;国债ETF,消费ETF;医药ETF;证券ETF;有色ETF;科技ETF;军工ETF
2020-12-07,2250469.716153891,0.0,2250469.716153891,0.0,True,normal,-0.07287831668563148,0,,沪深300;国债ETF,消费ETF;证券ETF;有色ETF;科技ETF;军工ETF
2020-12-08,2250469.716153891,0.0,2250469.716153891,0.0,True,normal,-0.07287831668563148,0,,沪深300;国债ETF,消费ETF;证券ETF;有色ETF;科技ETF;军工ETF
2020-12-09,2250469.716153891,2049680.8943589358,200788.82179495506,1.0,False,normal,-0.07287831668563148,5,沪深300;国债ETF;消费ETF;有色ETF;军工ETF,沪深300;国债ETF,消费ETF;有色ETF;军工ETF
2020-12-10,2247104.6521302327,2046645.7038686993,200458.9482615334,1.0,False,normal,-0.07426461564343591,5,沪深300;国债ETF;消费ETF;有色ETF;军工ETF,沪深300;国债ETF,消费ETF;有色ETF;军工ETF
2020-12-11,2231331.614586631,2031886.167585507,199445.4470011238,0.38566320798574766,False,warning,-0.08076260360276594,5,沪深300;创业板;消费ETF;有色ETF;军工ETF,沪深300;创业板,消费ETF;有色ETF;军工ETF
2020-12-14,2258044.5710803876,2094292.4126561396,163752.158424248,0.4305012654893268,False,normal,-0.06975771826126434,5,沪深300;消费ETF;医药ETF;有色ETF;军工ETF,沪深300,消费ETF;医药ETF;有色ETF;军工ETF
2020-12-15,2265453.3443322163,2093740.6340842955,171712.71024792083,0.38529934852054426,False,normal,-0.06670554018518299,7,沪深300;创业板;消费ETF;医药ETF;有色ETF;科技ETF;军工ETF,沪深300;创业板,消费ETF;医药ETF;有色ETF;科技ETF;军工ETF
2020-12-16,2267817.0664930693,2096032.5972404198,171784.46925264946,0.38530554848585236,False,normal,-0.06573176210990955,7,沪深300;创业板;消费ETF;医药ETF;有色ETF;科技ETF;军工ETF,沪深300;创业板,消费ETF;医药ETF;有色ETF;科技ETF;军工ETF
2020-12-17,2297340.32664704,2122352.224874304,174988.10177273583,0.3854888955424269,False,normal,-0.05356912137122138,7,沪深300;创业板;消费ETF;医药ETF;有色ETF;科技ETF;军工ETF,沪深300;创业板,消费ETF;医药ETF;有色ETF;科技ETF;军工ETF
2020-12-18,2291399.9987570997,2116880.4918500814,174519.50690701837,0.385500539076189,False,normal,-0.056016346834078516,7,沪深300;创业板;消费ETF;医药ETF;有色ETF;科技ETF;军工ETF,沪深300;创业板,消费ETF;医药ETF;有色ETF;科技ETF;军工ETF
2020-12-21,2336894.414129342,2157643.7670787484,179250.6470505935,0.3844928493102039,False,normal,-0.03727409997843052,7,沪深300;创业板;消费ETF;医药ETF;有色ETF;科技ETF;军工ETF,沪深300;创业板,消费ETF;医药ETF;有色ETF;科技ETF;军工ETF
2020-12-22,2296439.948520352,2118571.869322079,177868.07919827336,0.5910537006442383,False,normal,-0.053940048417447484,8,沪深300;创业板;国债ETF;消费ETF;医药ETF;有色ETF;科技ETF;军工ETF,沪深300;创业板;国债ETF,消费ETF;医药ETF;有色ETF;科技ETF;军工ETF
2020-12-23,2315455.3962447145,2135461.615233486,179993.78101122845,0.5304033172634366,False,normal,-0.04610629096821742,9,沪深300;创业板;纳指;国债ETF;消费ETF;医药ETF;有色ETF;科技ETF;军工ETF,沪深300;创业板;纳指;国债ETF,消费ETF;医药ETF;有色ETF;科技ETF;军工ETF
2020-12-24,2311530.1592522496,2131876.0375610804,179654.12169116922,0.5302979261099883,False,normal,-0.04772336330726728,9,沪深300;创业板;纳指;国债ETF;消费ETF;医药ETF;有色ETF;科技ETF;军工ETF,沪深300;创业板;纳指;国债ETF,消费ETF;医药ETF;有色ETF;科技ETF;军工ETF
2020-12-25,2331966.480934286,2149827.2701937463,182139.2107405397,0.5310699875514172,False,normal,-0.039304251144769785,9,沪深300;创业板;纳指;国债ETF;消费ETF;医药ETF;有色ETF;科技ETF;军工ETF,沪深300;创业板;纳指;国债ETF,消费ETF;医药ETF;有色ETF;科技ETF;军工ETF
2020-12-28,2334570.877013232,2152382.710095666,182188.1669175662,0.3847426914179039,False,normal,-0.0382313230980612,7,沪深300;创业板;消费ETF;医药ETF;有色ETF;科技ETF;军工ETF,沪深300;创业板,消费ETF;医药ETF;有色ETF;科技ETF;军工ETF
2020-12-29,2314963.9914010935,2133562.6800000845,181401.3114010091,0.38503833502304885,False,normal,-0.04630873407710995,7,沪深300;创业板;消费ETF;医药ETF;有色ETF;科技ETF;军工ETF,沪深300;创业板,消费ETF;医药ETF;有色ETF;科技ETF;军工ETF
2020-12-30,2361211.3990709675,2174875.400494301,186335.99857666623,0.5920379294376135,False,normal,-0.027256278431940388,8,沪深300;创业板;国债ETF;消费ETF;医药ETF;有色ETF;科技ETF;军工ETF,沪深300;创业板;国债ETF,消费ETF;医药ETF;有色ETF;科技ETF;军工ETF
2020-12-31,2396435.495965608,2196701.238407776,199734.2575578317,0.5900605446459073,False,normal,-0.012745074938831771,9,沪深300;创业板;国债ETF;消费ETF;医药ETF;证券ETF;有色ETF;科技ETF;军工ETF,沪深300;创业板;国债ETF,消费ETF;医药ETF;证券ETF;有色ETF;科技ETF;军工ETF
2021-01-04,2440411.920171742,2233605.4142081854,206806.50596355647,0.5882607758519293,False,normal,0.0,9,沪深300;创业板;国债ETF;消费ETF;医药ETF;证券ETF;有色ETF;科技ETF;军工ETF,沪深300;创业板;国债ETF,消费ETF;医药ETF;证券ETF;有色ETF;科技ETF;军工ETF
2021-01-05,2463614.6564294607,0.0,2463614.6564294607,0.0,True,normal,0.0,0,,沪深300;创业板;黄金;国债ETF,消费ETF;医药ETF;证券ETF;有色ETF;科技ETF;军工ETF
2021-01-06,2463614.6564294607,0.0,2463614.6564294607,0.0,True,normal,0.0,0,,沪深300;创业板;黄金;国债ETF,消费ETF;医药ETF;证券ETF;有色ETF;科技ETF;军工ETF
2021-01-07,2463614.6564294607,0.0,2463614.6564294607,0.0,True,normal,0.0,0,,沪深300;创业板;黄金;国债ETF,消费ETF;医药ETF;证券ETF;有色ETF;科技ETF;军工ETF
2021-01-08,2463614.6564294607,0.0,2463614.6564294607,0.0,True,normal,0.0,0,,沪深300;创业板;国债ETF,消费ETF;医药ETF;证券ETF;有色ETF;科技ETF;军工ETF
2021-01-11,2463614.6564294607,0.0,2463614.6564294607,0.0,True,normal,0.0,0,,沪深300;创业板;国债ETF,消费ETF;医药ETF;证券ETF;有色ETF;科技ETF;军工ETF
2021-01-12,2463614.6564294607,0.0,2463614.6564294607,0.0,True,normal,0.0,0,,沪深300;创业板;国债ETF,消费ETF;医药ETF;证券ETF;有色ETF;科技ETF;军工ETF
2021-01-13,2463614.6564294607,0.0,2463614.6564294607,0.0,True,normal,0.0,0,,沪深300;创业板;国债ETF,消费ETF;医药ETF;证券ETF;有色ETF;科技ETF;军工ETF
2021-01-14,2463614.6564294607,0.0,2463614.6564294607,0.0,True,normal,0.0,0,,沪深300;创业板;纳指;国债ETF,消费ETF;医药ETF;证券ETF;有色ETF;科技ETF;军工ETF
2021-01-15,2463614.6564294607,0.0,2463614.6564294607,0.0,True,normal,0.0,0,,沪深300;创业板;国债ETF,消费ETF;医药ETF;证券ETF;有色ETF;科技ETF;军工ETF
2021-01-18,2463614.6564294607,0.0,2463614.6564294607,0.0,True,normal,0.0,0,,沪深300;创业板;国债ETF,消费ETF;医药ETF;证券ETF;有色ETF;科技ETF;军工ETF
2021-01-19,2463614.6564294607,0.0,2463614.6564294607,0.0,True,normal,0.0,0,,沪深300;创业板;纳指;黄金;国债ETF,消费ETF;医药ETF;证券ETF;有色ETF;科技ETF;军工ETF
2021-01-20,2463614.6564294607,0.0,2463614.6564294607,0.0,True,normal,0.0,0,,沪深300;创业板;纳指;黄金;国债ETF,消费ETF;医药ETF;证券ETF;有色ETF;科技ETF;军工ETF
2021-01-21,2463614.6564294607,0.0,2463614.6564294607,0.0,True,normal,0.0,0,,沪深300;创业板;纳指;黄金;国债ETF,消费ETF;医药ETF;证券ETF;有色ETF;科技ETF;军工ETF
2021-01-22,2463614.6564294607,0.0,2463614.6564294607,0.0,True,normal,0.0,0,,沪深300;创业板;纳指;黄金;国债ETF,消费ETF;医药ETF;证券ETF;有色ETF;科技ETF;军工ETF
2021-01-25,2463614.6564294607,0.0,2463614.6564294607,0.0,True,normal,0.0,0,,沪深300;创业板;纳指;黄金;国债ETF,消费ETF;医药ETF;证券ETF;有色ETF;科技ETF;军工ETF
2021-01-26,2463614.6564294607,0.0,2463614.6564294607,0.0,True,normal,0.0,0,,沪深300;创业板;纳指;黄金;国债ETF,消费ETF;医药ETF;有色ETF;科技ETF;军工ETF
2021-01-27,2463614.6564294607,0.0,2463614.6564294607,0.0,True,normal,0.0,0,,沪深300;创业板;纳指;黄金;国债ETF,消费ETF;医药ETF;有色ETF;科技ETF;军工ETF
2021-01-28,2463614.6564294607,0.0,2463614.6564294607,0.0,True,normal,0.0,0,,沪深300;创业板;黄金;国债ETF,消费ETF;医药ETF;有色ETF;科技ETF
2021-01-29,2463614.6564294607,0.0,2463614.6564294607,0.0,True,normal,0.0,0,,沪深300;创业板;黄金;国债ETF,消费ETF;医药ETF;有色ETF;科技ETF
2021-02-01,2463614.6564294607,0.0,2463614.6564294607,0.0,True,normal,0.0,0,,沪深300;创业板;纳指;黄金;国债ETF,消费ETF;医药ETF;有色ETF;科技ETF
2021-02-02,2463614.6564294607,0.0,2463614.6564294607,0.0,True,normal,0.0,0,,沪深300;创业板;纳指;国债ETF,消费ETF;医药ETF;有色ETF;科技ETF
2021-02-03,2463614.6564294607,0.0,2463614.6564294607,0.0,True,normal,0.0,0,,沪深300;创业板;纳指;国债ETF,消费ETF;医药ETF;有色ETF;科技ETF
2021-02-04,2463614.6564294607,0.0,2463614.6564294607,0.0,True,normal,0.0,0,,沪深300;创业板;纳指;国债ETF,消费ETF;医药ETF;有色ETF
2021-02-05,2463614.6564294607,0.0,2463614.6564294607,0.0,True,normal,0.0,0,,沪深300;创业板;纳指;国债ETF,消费ETF;医药ETF
2021-02-08,2463614.6564294607,0.0,2463614.6564294607,0.0,True,normal,0.0,0,,沪深300;纳指;国债ETF,消费ETF;医药ETF;有色ETF
2021-02-09,2463614.6564294607,0.0,2463614.6564294607,0.0,True,normal,0.0,0,,沪深300;创业板;纳指;国债ETF,消费ETF;医药ETF;有色ETF;科技ETF
2021-02-10,2463614.6564294607,0.0,2463614.6564294607,0.0,True,normal,0.0,0,,沪深300;创业板;纳指;国债ETF,消费ETF;医药ETF;有色ETF;科技ETF
2021-02-18,2463614.6564294607,0.0,2463614.6564294607,0.0,True,normal,0.0,0,,沪深300;创业板;纳指;国债ETF,消费ETF;医药ETF;有色ETF;科技ETF
2021-02-19,2463614.6564294607,0.0,2463614.6564294607,0.0,True,normal,0.0,0,,沪深300;创业板;纳指;国债ETF,消费ETF;医药ETF;有色ETF;科技ETF
2021-02-22,2463614.6564294607,0.0,2463614.6564294607,0.0,True,normal,0.0,0,,沪深300;创业板;纳指;国债ETF,消费ETF;医药ETF;有色ETF
2021-02-23,2463614.6564294607,0.0,2463614.6564294607,0.0,True,normal,0.0,0,,沪深300;创业板;纳指;国债ETF,消费ETF;医药ETF;有色ETF
2021-02-24,2463614.6564294607,0.0,2463614.6564294607,0.0,True,normal,0.0,0,,沪深300;创业板;纳指;国债ETF,有色ETF
2021-02-25,2463614.6564294607,0.0,2463614.6564294607,0.0,True,normal,0.0,0,,沪深300;创业板;纳指;国债ETF,有色ETF
2021-02-26,2463614.6564294607,0.0,2463614.6564294607,0.0,True,normal,0.0,0,,沪深300;创业板;国债ETF,有色ETF
2021-03-01,2463614.6564294607,0.0,2463614.6564294607,0.0,True,normal,0.0,0,,沪深300;创业板;国债ETF,有色ETF
2021-03-02,2463614.6564294607,0.0,2463614.6564294607,0.0,True,normal,0.0,0,,沪深300;创业板;纳指;国债ETF,有色ETF
2021-03-03,2463614.6564294607,0.0,2463614.6564294607,0.0,True,normal,0.0,0,,沪深300;创业板;国债ETF,有色ETF
2021-03-04,2463614.6564294607,0.0,2463614.6564294607,0.0,True,normal,0.0,0,,国债ETF,有色ETF
2021-03-05,2463614.6564294607,0.0,2463614.6564294607,0.0,True,normal,0.0,0,,国债ETF,
2021-03-08,2463614.6564294607,0.0,2463614.6564294607,0.0,True,normal,0.0,0,,国债ETF,
2021-03-09,2463614.6564294607,0.0,2463614.6564294607,0.0,True,normal,0.0,0,,国债ETF,
2021-03-10,2463614.6564294607,0.0,2463614.6564294607,0.0,True,normal,0.0,0,,纳指;国债ETF,
2021-03-11,2463614.6564294607,0.0,2463614.6564294607,0.0,True,normal,0.0,0,,国债ETF,有色ETF
2021-03-12,2463614.6564294607,0.0,2463614.6564294607,0.0,True,normal,0.0,0,,国债ETF,
2021-03-15,2463614.6564294607,0.0,2463614.6564294607,0.0,True,normal,0.0,0,,纳指;国债ETF,
2021-03-16,2463614.6564294607,0.0,2463614.6564294607,0.0,True,normal,0.0,0,,纳指,
2021-03-17,2463614.6564294607,0.0,2463614.6564294607,0.0,True,normal,0.0,0,,纳指,
2021-03-18,2463614.6564294607,0.0,2463614.6564294607,0.0,True,normal,0.0,0,,纳指,
2021-03-19,2463614.6564294607,0.0,2463614.6564294607,0.0,True,normal,0.0,0,,纳指,
2021-03-22,2463614.6564294607,0.0,2463614.6564294607,0.0,True,normal,0.0,0,,纳指;国债ETF,
2021-03-23,2463614.6564294607,0.0,2463614.6564294607,0.0,True,normal,0.0,0,,纳指,
2021-03-24,2463614.6564294607,0.0,2463614.6564294607,0.0,True,normal,0.0,0,,,
2021-03-25,2463614.6564294607,0.0,2463614.6564294607,0.0,True,normal,0.0,0,,国债ETF,
2021-03-26,2463614.6564294607,0.0,2463614.6564294607,0.0,True,normal,0.0,0,,,
2021-03-29,2463614.6564294607,0.0,2463614.6564294607,0.0,True,normal,0.0,0,,国债ETF,
2021-03-30,2463614.6564294607,0.0,2463614.6564294607,0.0,True,normal,0.0,0,,国债ETF,
2021-03-31,2463614.6564294607,0.0,2463614.6564294607,0.0,True,normal,0.0,0,,国债ETF,
2021-04-01,2463614.6564294607,0.0,2463614.6564294607,0.0,True,normal,0.0,0,,纳指;国债ETF,
2021-04-02,2463614.6564294607,0.0,2463614.6564294607,0.0,True,normal,0.0,0,,纳指;国债ETF,
2021-04-06,2463614.6564294607,0.0,2463614.6564294607,0.0,True,normal,0.0,0,,纳指;国债ETF,
2021-04-07,2463614.6564294607,0.0,2463614.6564294607,0.0,True,normal,0.0,0,,纳指;国债ETF,
2021-04-08,2463614.6564294607,0.0,2463614.6564294607,0.0,True,normal,0.0,0,,纳指;国债ETF,
2021-04-09,2463614.6564294607,0.0,2463614.6564294607,0.0,True,normal,0.0,0,,纳指;国债ETF,
2021-04-12,2463614.6564294607,0.0,2463614.6564294607,0.0,True,normal,0.0,0,,纳指;国债ETF,
2021-04-13,2463614.6564294607,0.0,2463614.6564294607,0.0,True,normal,0.0,0,,纳指;国债ETF,
2021-04-14,2463614.6564294607,0.0,2463614.6564294607,0.0,True,normal,0.0,0,,纳指;国债ETF,
2021-04-15,2463614.6564294607,0.0,2463614.6564294607,0.0,True,normal,0.0,0,,纳指;国债ETF,
2021-04-16,2463614.6564294607,0.0,2463614.6564294607,0.0,True,normal,0.0,0,,纳指;黄金;国债ETF,
2021-04-19,2463614.6564294607,0.0,2463614.6564294607,0.0,True,normal,0.0,0,,纳指;国债ETF,消费ETF;医药ETF;科技ETF
2021-04-20,2463614.6564294607,0.0,2463614.6564294607,0.0,True,normal,0.0,0,,纳指;国债ETF,消费ETF;医药ETF;科技ETF
2021-04-21,2463614.6564294607,0.0,2463614.6564294607,0.0,True,normal,0.0,0,,纳指;国债ETF,消费ETF;医药ETF;科技ETF
2021-04-22,2463614.6564294607,0.0,2463614.6564294607,0.0,True,normal,0.0,0,,纳指;黄金;国债ETF,消费ETF;医药ETF;科技ETF
2021-04-23,2463614.6564294607,0.0,2463614.6564294607,0.0,True,normal,0.0,0,,创业板;纳指;黄金;国债ETF,消费ETF;医药ETF;有色ETF;科技ETF
2021-04-26,2463614.6564294607,0.0,2463614.6564294607,0.0,True,normal,0.0,0,,纳指;黄金;国债ETF,消费ETF;医药ETF;有色ETF;科技ETF
2021-04-27,2463614.6564294607,0.0,2463614.6564294607,0.0,True,normal,0.0,0,,创业板;纳指;黄金;国债ETF,消费ETF;医药ETF;有色ETF;科技ETF
2021-04-28,2463614.6564294607,0.0,2463614.6564294607,0.0,True,normal,0.0,0,,创业板;纳指;黄金;国债ETF,消费ETF;医药ETF;有色ETF;科技ETF
2021-04-29,2463614.6564294607,0.0,2463614.6564294607,0.0,True,normal,0.0,0,,创业板;纳指;黄金;国债ETF,消费ETF;医药ETF;有色ETF;科技ETF
2021-04-30,2463614.6564294607,0.0,2463614.6564294607,0.0,True,normal,0.0,0,,创业板;纳指;黄金;国债ETF,消费ETF;医药ETF;有色ETF;科技ETF
2021-05-06,2463614.6564294607,0.0,2463614.6564294607,0.0,True,normal,0.0,0,,创业板;纳指;黄金;国债ETF,消费ETF;医药ETF;有色ETF;科技ETF
2021-05-07,2463614.6564294607,2282851.2949552853,180763.36147417547,0.7124924898915814,False,normal,0.0,8,沪深300;创业板;纳指;黄金;国债ETF;消费ETF;医药ETF;有色ETF,沪深300;创业板;纳指;黄金;国债ETF,消费ETF;医药ETF;有色ETF
2021-05-10,2478409.3063838175,2251358.9428426777,227050.36354113976,0.7513534676171022,False,normal,0.0,6,创业板;纳指;黄金;国债ETF;医药ETF;有色ETF,创业板;纳指;黄金;国债ETF,医药ETF;有色ETF
2021-05-11,2458379.631298619,2299192.5286858724,159187.1026127464,0.750074353171432,False,normal,-0.008081665539911718,8,创业板;纳指;黄金;国债ETF;消费ETF;医药ETF;有色ETF;科技ETF,创业板;纳指;黄金;国债ETF,消费ETF;医药ETF;有色ETF;科技ETF
2021-05-12,2471129.1051213644,2310924.325435218,160204.77968614642,0.7509734715049555,False,normal,-0.00293744913065851,8,创业板;纳指;黄金;国债ETF;消费ETF;医药ETF;有色ETF;科技ETF,创业板;纳指;黄金;国债ETF,消费ETF;医药ETF;有色ETF;科技ETF
2021-05-13,2451707.3801434324,2291635.2844104143,160072.09573301813,0.750606052425238,False,normal,-0.010773816161683613,8,创业板;纳指;黄金;国债ETF;消费ETF;医药ETF;有色ETF;科技ETF,创业板;纳指;黄金;国债ETF,消费ETF;医药ETF;有色ETF;科技ETF
2021-05-14,2482907.0776897003,2319615.83577577,163291.2419139305,0.7092524003687474,False,normal,0.0,11,沪深300;创业板;纳指;黄金;国债ETF;消费ETF;医药ETF;证券ETF;有色ETF;科技ETF;军工ETF,沪深300;创业板;纳指;黄金;国债ETF,消费ETF;医药ETF;证券ETF;有色ETF;科技ETF;军工ETF
2021-05-17,2510300.337072505,2346117.2746541086,164183.06241839658,0.7083272647883735,False,normal,0.0,11,沪深300;创业板;纳指;黄金;国债ETF;消费ETF;医药ETF;证券ETF;有色ETF;科技ETF;军工ETF,沪深300;创业板;纳指;黄金;国债ETF,消费ETF;医药ETF;证券ETF;有色ETF;科技ETF;军工ETF
2021-05-18,2513310.5577256186,2349815.6260493556,163494.931676263,0.7085366357444629,False,normal,0.0,11,沪深300;创业板;纳指;黄金;国债ETF;消费ETF;医药ETF;证券ETF;有色ETF;科技ETF;军工ETF,沪深300;创业板;纳指;黄金;国债ETF,消费ETF;医药ETF;证券ETF;有色ETF;科技ETF;军工ETF
2021-05-19,2510762.272229501,2347469.7181437523,163292.55408574874,0.7085565737480609,False,normal,-0.0010139158840854028,11,沪深300;创业板;纳指;黄金;国债ETF;消费ETF;医药ETF;证券ETF;有色ETF;科技ETF;军工ETF,沪深300;创业板;纳指;黄金;国债ETF,消费ETF;医药ETF;证券ETF;有色ETF;科技ETF;军工ETF
2021-05-20,2516437.2538290643,2353275.6269114786,163161.62691758573,0.7092438470965214,False,normal,0.0,11,沪深300;创业板;纳指;黄金;国债ETF;消费ETF;医药ETF;证券ETF;有色ETF;科技ETF;军工ETF,沪深300;创业板;纳指;黄金;国债ETF,消费ETF;医药ETF;证券ETF;有色ETF;科技ETF;军工ETF
2021-05-21,2510146.0854980396,2347063.4369801315,163082.64851790806,0.7102037905433228,False,normal,-0.0025000298821088933,11,沪深300;创业板;纳指;黄金;国债ETF;消费ETF;医药ETF;证券ETF;有色ETF;科技ETF;军工ETF,沪深300;创业板;纳指;黄金;国债ETF,消费ETF;医药ETF;证券ETF;有色ETF;科技ETF;军工ETF
2021-05-24,2517536.3326689657,2353896.199902601,163640.1327663646,0.7102826931442874,False,normal,0.0,11,沪深300;创业板;纳指;黄金;国债ETF;消费ETF;医药ETF;证券ETF;有色ETF;科技ETF;军工ETF,沪深300;创业板;纳指;黄金;国债ETF,消费ETF;医药ETF;证券ETF;有色ETF;科技ETF;军工ETF
2021-05-25,2559267.068186226,2389455.245017541,169811.82316868473,0.7073208541361985,False,normal,0.0,11,沪深300;创业板;纳指;黄金;国债ETF;消费ETF;医药ETF;证券ETF;有色ETF;科技ETF;军工ETF,沪深300;创业板;纳指;黄金;国债ETF,消费ETF;医药ETF;证券ETF;有色ETF;科技ETF;军工ETF
2021-05-26,2559782.4707761635,2390214.4444838963,169568.02629226726,0.7079884158811259,False,normal,0.0,11,沪深300;创业板;纳指;黄金;国债ETF;消费ETF;医药ETF;证券ETF;有色ETF;科技ETF;军工ETF,沪深300;创业板;纳指;黄金;国债ETF,消费ETF;医药ETF;证券ETF;有色ETF;科技ETF;军工ETF
2021-05-27,2562161.7501691715,2392392.1609574156,169769.5892117559,0.7081800363704619,False,normal,0.0,11,沪深300;创业板;纳指;黄金;国债ETF;消费ETF;医药ETF;证券ETF;有色ETF;科技ETF;军工ETF,沪深300;创业板;纳指;黄金;国债ETF,消费ETF;医药ETF;证券ETF;有色ETF;科技ETF;军工ETF
2021-05-28,2558560.5565582393,2389410.7280530217,169149.82850521756,0.7087098681004856,False,normal,-0.0014055293779537677,11,沪深300;创业板;纳指;黄金;国债ETF;消费ETF;医药ETF;证券ETF;有色ETF;科技ETF;军工ETF,沪深300;创业板;纳指;黄金;国债ETF,消费ETF;医药ETF;证券ETF;有色ETF;科技ETF;军工ETF
2021-05-31,2577232.9740444627,2406252.096539717,170980.8775047455,0.7086620842996599,False,normal,0.0,11,沪深300;创业板;纳指;黄金;国债ETF;消费ETF;医药ETF;证券ETF;有色ETF;科技ETF;军工ETF,沪深300;创业板;纳指;黄金;国债ETF,消费ETF;医药ETF;证券ETF;有色ETF;科技ETF;军工ETF
2021-06-01,2581742.0049985135,2411225.1475800667,170516.8574184468,0.7088445873623455,False,normal,0.0,11,沪深300;创业板;纳指;黄金;国债ETF;消费ETF;医药ETF;证券ETF;有色ETF;科技ETF;军工ETF,沪深300;创业板;纳指;黄金;国债ETF,消费ETF;医药ETF;证券ETF;有色ETF;科技ETF;军工ETF
2021-06-02,2553526.1351446672,2383394.1455012155,170131.98964345176,0.7304482001380243,False,normal,-0.010929004447081656,10,沪深300;创业板;黄金;国债ETF;消费ETF;医药ETF;证券ETF;有色ETF;科技ETF;军工ETF,沪深300;创业板;黄金;国债ETF,消费ETF;医药ETF;证券ETF;有色ETF;科技ETF;军工ETF
2021-06-03,2540299.841875172,2373253.5352084823,167046.30666668992,0.732179789100535,False,normal,-0.01605201567124254,10,沪深300;创业板;黄金;国债ETF;消费ETF;医药ETF;证券ETF;有色ETF;科技ETF;军工ETF,沪深300;创业板;黄金;国债ETF,消费ETF;医药ETF;证券ETF;有色ETF;科技ETF;军工ETF
2021-06-04,2547743.894854848,2380168.776140909,167575.11871393863,0.7321596376115135,False,normal,-0.013168670640924581,10,沪深300;创业板;黄金;国债ETF;消费ETF;医药ETF;证券ETF;有色ETF;科技ETF;军工ETF,沪深300;创业板;黄金;国债ETF,消费ETF;医药ETF;证券ETF;有色ETF;科技ETF;军工ETF
2021-06-07,2549365.567597817,2382511.5586066092,166854.00899120793,0.7341398534893022,False,normal,-0.012540539425710345,10,沪深300;创业板;黄金;国债ETF;消费ETF;医药ETF;证券ETF;有色ETF;科技ETF;军工ETF,沪深300;创业板;黄金;国债ETF,消费ETF;医药ETF;证券ETF;有色ETF;科技ETF;军工ETF
2021-06-08,2540149.0257039405,2374115.822865119,166033.20283882134,0.7360661654283289,False,normal,-0.016110432109035195,10,沪深300;创业板;黄金;国债ETF;消费ETF;医药ETF;证券ETF;有色ETF;科技ETF;军工ETF,沪深300;创业板;黄金;国债ETF,消费ETF;医药ETF;证券ETF;有色ETF;科技ETF;军工ETF
2021-06-09,2540436.3015700546,2374386.0815542648,166050.22001578985,0.7360491543178095,False,normal,-0.015999160004557724,10,沪深300;创业板;黄金;国债ETF;消费ETF;医药ETF;证券ETF;有色ETF;科技ETF;军工ETF,沪深300;创业板;黄金;国债ETF,消费ETF;医药ETF;证券ETF;有色ETF;科技ETF;军工ETF
2021-06-10,2558507.367624746,2391130.455874667,167376.91175007913,0.7353791259074475,False,normal,-0.00899959691122611,10,沪深300;创业板;黄金;国债ETF;消费ETF;医药ETF;证券ETF;有色ETF;科技ETF;军工ETF,沪深300;创业板;黄金;国债ETF,消费ETF;医药ETF;证券ETF;有色ETF;科技ETF;军工ETF
2021-06-11,2551891.4023497705,2387397.9372602515,164493.46508951904,0.7411603925804732,False,normal,-0.011562194282367943,10,沪深300;创业板;黄金;国债ETF;消费ETF;医药ETF;证券ETF;有色ETF;科技ETF;军工ETF,沪深300;创业板;黄金;国债ETF,消费ETF;医药ETF;证券ETF;有色ETF;科技ETF;军工ETF
2021-06-15,2526247.4606339163,2345071.0082981773,181176.45233573904,0.738945883208847,False,normal,-0.021494999987277635,8,沪深300;创业板;黄金;国债ETF;医药ETF;证券ETF;科技ETF;军工ETF,沪深300;创业板;黄金;国债ETF,医药ETF;证券ETF;科技ETF;军工ETF
2021-06-16,2490619.860208402,2209903.2690898287,280716.5911185732,0.7352735475071015,False,normal,-0.03529482985274667,6,沪深300;创业板;黄金;国债ETF;证券ETF;军工ETF,沪深300;创业板;黄金;国债ETF,证券ETF;军工ETF
2021-06-17,2496964.5607750714,2281756.982803169,215207.5779719022,0.6137916346795497,False,normal,-0.0328373028983161,6,沪深300;创业板;国债ETF;证券ETF;科技ETF;军工ETF,沪深300;创业板;国债ETF,证券ETF;科技ETF;军工ETF
2021-06-18,2515443.1557845287,2298039.5493345256,217403.6064500031,0.614924409660511,False,normal,-0.025679889425675968,7,沪深300;创业板;纳指;国债ETF;证券ETF;科技ETF;军工ETF,沪深300;创业板;纳指;国债ETF,证券ETF;科技ETF;军工ETF
2021-06-21,2523012.60779009,2304472.7334509897,218539.87433910044,0.6149216680635788,False,normal,-0.0227479729170139,7,沪深300;创业板;纳指;国债ETF;证券ETF;科技ETF;军工ETF,沪深300;创业板;纳指;国债ETF,证券ETF;科技ETF;军工ETF
2021-06-22,2528070.463693921,2343579.2894731998,184491.17422072124,0.6151253886727664,False,normal,-0.02078888641881295,8,沪深300;创业板;纳指;国债ETF;医药ETF;证券ETF;科技ETF;军工ETF,沪深300;创业板;纳指;国债ETF,医药ETF;证券ETF;科技ETF;军工ETF
2021-06-23,2546418.005217774,2360669.4026172534,185748.60260052048,0.6144070694056335,False,normal,-0.013682234596775674,8,沪深300;创业板;纳指;国债ETF;医药ETF;证券ETF;科技ETF;军工ETF,沪深300;创业板;纳指;国债ETF,医药ETF;证券ETF;科技ETF;军工ETF
2021-06-24,2535568.7211375725,2315636.5550886462,219932.1660489263,0.6143635913518649,False,normal,-0.017884546082274994,7,沪深300;创业板;纳指;国债ETF;证券ETF;科技ETF;军工ETF,沪深300;创业板;纳指;国债ETF,证券ETF;科技ETF;军工ETF
2021-06-25,2561451.719664887,2337719.6171522606,223732.10251262644,0.6133848643070957,False,normal,-0.007859145218361244,8,沪深300;创业板;纳指;国债ETF;证券ETF;有色ETF;科技ETF;军工ETF,沪深300;创业板;纳指;国债ETF,证券ETF;有色ETF;科技ETF;军工ETF
2021-06-28,2571175.447874343,2348118.6410452635,223056.80682907952,0.613854788703879,False,normal,-0.00409280133480129,7,沪深300;创业板;纳指;国债ETF;证券ETF;科技ETF;军工ETF,沪深300;创业板;纳指;国债ETF,证券ETF;科技ETF;军工ETF
2021-06-29,2561364.964602126,2338926.910685775,222438.05391635094,0.6168078314278024,False,normal,-0.007892748522871642,7,沪深300;创业板;纳指;国债ETF;证券ETF;科技ETF;军工ETF,沪深300;创业板;纳指;国债ETF,证券ETF;科技ETF;军工ETF
2021-06-30,2587323.4784474014,2361868.7608526805,225454.7175947209,0.6159747904971039,False,normal,0.0,7,沪深300;创业板;纳指;国债ETF;证券ETF;科技ETF;军工ETF,沪深300;创业板;纳指;国债ETF,证券ETF;科技ETF;军工ETF
2021-07-01,2567034.2585187955,2324341.3151236945,242692.943395101,0.6157851641169628,False,normal,-0.007841779390020873,6,沪深300;创业板;纳指;国债ETF;科技ETF;军工ETF,沪深300;创业板;纳指;国债ETF,科技ETF;军工ETF
2021-07-02,2523666.8542568125,2337126.830635157,186540.02362165553,0.6133704571269523,False,normal,-0.024603272347216498,5,沪深300;创业板;纳指;国债ETF;科技ETF,沪深300;创业板;纳指;国债ETF,科技ETF
2021-07-05,2537203.218837695,2299711.97605139,237491.24278630503,0.6131888127828449,False,normal,-0.019371470180366605,6,沪深300;创业板;纳指;国债ETF;有色ETF;科技ETF,沪深300;创业板;纳指;国债ETF,有色ETF;科技ETF
2021-07-06,2530646.2803820046,2293934.8325153384,236711.44786666613,0.6134321109889362,False,normal,-0.021905725564477025,6,沪深300;创业板;纳指;国债ETF;有色ETF;科技ETF,沪深300;创业板;纳指;国债ETF,有色ETF;科技ETF
2021-07-07,2565508.2435986255,2319434.2147573805,246074.028841245,0.6118343538793138,False,normal,-0.008431583847361354,7,沪深300;创业板;纳指;国债ETF;有色ETF;科技ETF;军工ETF,沪深300;创业板;纳指;国债ETF,有色ETF;科技ETF;军工ETF
2021-07-08,2572183.5454093055,2325029.4220421347,247154.1233671708,0.6125977492747446,False,normal,-0.005851581050538412,7,沪深300;创业板;纳指;国债ETF;有色ETF;科技ETF;军工ETF,沪深300;创业板;纳指;国债ETF,有色ETF;科技ETF;军工ETF
2021-07-09,2575099.897446941,2327857.1183021986,247242.77914474253,0.6263758406504478,False,normal,-0.004724411579102365,6,创业板;纳指;国债ETF;有色ETF;科技ETF;军工ETF,创业板;纳指;国债ETF,有色ETF;科技ETF;军工ETF
2021-07-12,2613329.120866628,2361161.82826392,252167.2926027081,0.6240887431060517,False,normal,0.0,6,创业板;纳指;国债ETF;有色ETF;科技ETF;军工ETF,创业板;纳指;国债ETF,有色ETF;科技ETF;军工ETF
2021-07-13,2609112.3608275424,2357394.321283886,251718.03954365617,0.6122272969723511,False,normal,-0.0016135587383219329,7,沪深300;创业板;纳指;国债ETF;有色ETF;科技ETF;军工ETF,沪深300;创业板;纳指;国债ETF,有色ETF;科技ETF;军工ETF
2021-07-14,2589321.2775590923,2338730.0266437335,250591.25091535877,0.6240789224537897,False,normal,-0.009186689543173265,6,创业板;纳指;国债ETF;有色ETF;科技ETF;军工ETF,创业板;纳指;国债ETF,有色ETF;科技ETF;军工ETF
2021-07-15,2603999.791213996,2365605.3247835496,238394.46643044613,0.619095190812175,False,normal,-0.0035699023051250214,7,沪深300;创业板;纳指;国债ETF;有色ETF;科技ETF;军工ETF,沪深300;创业板;纳指;国债ETF,有色ETF;科技ETF;军工ETF
2021-07-16,2589453.0774665396,2351939.8691489357,237513.20831760392,0.6172469165675862,False,normal,-0.009136255823824666,7,沪深300;创业板;纳指;国债ETF;有色ETF;科技ETF;军工ETF,沪深300;创业板;纳指;国债ETF,有色ETF;科技ETF;军工ETF
2021-07-19,2589518.217918657,2360659.6719045755,228858.5460140817,0.6180169390880956,False,normal,-0.00911132959023337,7,沪深300;创业板;纳指;国债ETF;有色ETF;科技ETF;军工ETF,沪深300;创业板;纳指;国债ETF,有色ETF;科技ETF;军工ETF
2021-07-20,2593490.819748767,2367413.038427128,226077.7813216392,0.6260294467408837,False,normal,-0.00759119888859692,6,创业板;纳指;国债ETF;有色ETF;科技ETF;军工ETF,创业板;纳指;国债ETF,有色ETF;科技ETF;军工ETF
2021-07-21,2631095.848239565,2401335.990512107,229759.85772745777,0.6244840734676611,False,normal,0.0,6,创业板;纳指;国债ETF;有色ETF;科技ETF;军工ETF,创业板;纳指;国债ETF,有色ETF;科技ETF;军工ETF
2021-07-22,2637039.8815369075,2445593.152031653,191446.72950525442,0.6291925825749748,False,normal,0.0,7,创业板;纳指;国债ETF;证券ETF;有色ETF;科技ETF;军工ETF,创业板;纳指;国债ETF,证券ETF;有色ETF;科技ETF;军工ETF
2021-07-23,2631442.8444409207,2441179.5369997355,190263.30744118523,0.6296996019976018,False,normal,-0.0021224696430168256,7,创业板;纳指;国债ETF;证券ETF;有色ETF;科技ETF;军工ETF,创业板;纳指;国债ETF,证券ETF;有色ETF;科技ETF;军工ETF
2021-07-26,2619628.804040999,2401250.0482455017,218378.75579549745,0.629638978397337,False,normal,-0.006602508220604127,6,创业板;纳指;国债ETF;有色ETF;科技ETF;军工ETF,创业板;纳指;国债ETF,有色ETF;科技ETF;军工ETF
2021-07-27,2578065.28635511,2279643.1392188375,298422.1471362724,0.7268857141421198,False,normal,-0.0223639375326498,4,纳指;国债ETF;有色ETF;军工ETF,纳指;国债ETF,有色ETF;军工ETF
2021-07-28,2550403.4532380155,2252229.484568768,298173.96866924735,0.6358518597365969,False,normal,-0.0328536663042043,5,创业板;纳指;国债ETF;有色ETF;军工ETF,创业板;纳指;国债ETF,有色ETF;军工ETF
2021-07-29,2609404.872502467,2398695.7817010353,210709.0908014318,0.6316421462366791,False,normal,-0.01047955672871139,6,创业板;纳指;国债ETF;有色ETF;科技ETF;军工ETF,创业板;纳指;国债ETF,有色ETF;科技ETF;军工ETF
2021-07-30,2595903.8568724324,2387247.901613564,208655.95525886817,0.6337282701782785,False,normal,-0.015599318369239227,6,创业板;纳指;国债ETF;有色ETF;科技ETF;军工ETF,创业板;纳指;国债ETF,有色ETF;科技ETF;军工ETF
2021-08-02,2631089.7110700584,2418459.260185995,212630.45088406326,0.6321069091613629,False,normal,-0.002256382434148574,6,创业板;纳指;国债ETF;有色ETF;科技ETF;军工ETF,创业板;纳指;国债ETF,有色ETF;科技ETF;军工ETF
2021-08-03,2606886.5200726795,2393225.299772655,213661.22030002438,0.6321296049632629,False,normal,-0.011434548895276536,6,创业板;纳指;国债ETF;有色ETF;科技ETF;军工ETF,创业板;纳指;国债ETF,有色ETF;科技ETF;军工ETF
2021-08-04,2644478.247922751,2432552.054055348,211926.19386740308,0.645011788604781,False,normal,0.0,6,创业板;纳指;国债ETF;有色ETF;科技ETF;军工ETF,创业板;纳指;国债ETF,有色ETF;科技ETF;军工ETF
2021-08-05,2641287.8264275747,2430379.6001514243,210908.22627615044,0.6448304966656442,False,normal,-0.0012064464881427841,6,创业板;纳指;国债ETF;有色ETF;科技ETF;军工ETF,创业板;纳指;国债ETF,有色ETF;科技ETF;军工ETF
2021-08-06,2645687.2289682818,2434275.050493625,211412.17847465677,0.645195588080788,False,normal,0.0,6,创业板;纳指;国债ETF;有色ETF;科技ETF;军工ETF,创业板;纳指;国债ETF,有色ETF;科技ETF;军工ETF
2021-08-09,2629103.780569029,2465873.6906278483,163230.08994118078,0.6463440783920377,False,normal,-0.006268106153167486,7,创业板;纳指;国债ETF;证券ETF;有色ETF;科技ETF;军工ETF,创业板;纳指;国债ETF,证券ETF;有色ETF;科技ETF;军工ETF
2021-08-10,2641783.6188009335,2477999.8432823056,163783.77551862784,0.6465950912246511,False,normal,-0.0014754616965326445,7,创业板;纳指;国债ETF;证券ETF;有色ETF;科技ETF;军工ETF,创业板;纳指;国债ETF,证券ETF;有色ETF;科技ETF;军工ETF
2021-08-11,2630287.174876042,2410173.5206499724,220113.6542260698,0.647651014186716,False,normal,-0.005820814313808752,6,创业板;纳指;国债ETF;证券ETF;有色ETF;军工ETF,创业板;纳指;国债ETF,证券ETF;有色ETF;军工ETF
2021-08-12,2618270.599845839,2404935.668120292,213334.93172554718,0.6478653459134642,False,normal,-0.01036276277189954,6,创业板;纳指;国债ETF;证券ETF;有色ETF;军工ETF,创业板;纳指;国债ETF,证券ETF;有色ETF;军工ETF
2021-08-13,2616832.3204915742,2404555.45573467,212276.86475690408,0.6478183073754219,False,normal,-0.010906394437244138,6,创业板;纳指;国债ETF;证券ETF;有色ETF;军工ETF,创业板;纳指;国债ETF,证券ETF;有色ETF;军工ETF
2021-08-16,2600129.9930261374,2389164.738144439,210965.25488169817,0.6476465293543472,False,normal,-0.01721943374232865,6,创业板;纳指;国债ETF;证券ETF;有色ETF;军工ETF,创业板;纳指;国债ETF,证券ETF;有色ETF;军工ETF
2021-08-17,2581608.339732612,2375494.678023248,206113.66170936404,1.0,False,normal,-0.02422013023083537,6,纳指;黄金;国债ETF;证券ETF;有色ETF;军工ETF,纳指;黄金;国债ETF,证券ETF;有色ETF;军工ETF
2021-08-18,2598927.3255819683,2387076.050898431,211851.27468353743,1.0,False,normal,-0.017674010319257603,6,纳指;黄金;国债ETF;证券ETF;有色ETF;军工ETF,纳指;黄金;国债ETF,证券ETF;有色ETF;军工ETF
2021-08-19,2587495.779201481,2377193.1180839427,210302.66111753834,1.0,False,normal,-0.021994833376238962,6,纳指;黄金;国债ETF;证券ETF;有色ETF;军工ETF,纳指;黄金;国债ETF,证券ETF;有色ETF;军工ETF
2021-08-20,2594463.6317665232,2386382.264317304,208081.36744921934,1.0,False,normal,-0.019361168864141888,6,纳指;黄金;国债ETF;证券ETF;有色ETF;军工ETF,纳指;黄金;国债ETF,证券ETF;有色ETF;军工ETF
2021-08-23,2617450.5152946603,2408090.6348995953,209359.88039506506,1.0,False,normal,-0.01067273310482459,6,纳指;黄金;国债ETF;证券ETF;有色ETF;军工ETF,纳指;黄金;国债ETF,证券ETF;有色ETF;军工ETF
2021-08-24,2638430.9108545817,2426783.985275719,211646.9255788629,1.0,False,normal,-0.0027426968820232433,6,纳指;黄金;国债ETF;证券ETF;有色ETF;军工ETF,纳指;黄金;国债ETF,证券ETF;有色ETF;军工ETF
2021-08-25,2632584.2726425435,2422549.072612613,210035.20002993057,1.0,False,normal,-0.004952571937555855,6,纳指;黄金;国债ETF;证券ETF;有色ETF;军工ETF,纳指;黄金;国债ETF,证券ETF;有色ETF;军工ETF
2021-08-26,2627410.434097349,2422918.327767817,204492.10632953234,1.0,False,normal,-0.006908146462218003,6,纳指;黄金;国债ETF;证券ETF;有色ETF;军工ETF,纳指;黄金;国债ETF,证券ETF;有色ETF;军工ETF
2021-08-27,2636562.3180026887,2431333.783205406,205228.5347972829,1.0,False,normal,-0.0034489757011645843,6,纳指;黄金;国债ETF;证券ETF;有色ETF;军工ETF,纳指;黄金;国债ETF,证券ETF;有色ETF;军工ETF
2021-08-30,2650601.6563275955,2444850.7644559885,205750.89187160693,1.0,False,normal,0.0,6,纳指;黄金;国债ETF;证券ETF;有色ETF;军工ETF,纳指;黄金;国债ETF,证券ETF;有色ETF;军工ETF
2021-08-31,2668412.2084379196,2463678.2099789283,204733.9984589913,1.0,False,normal,0.0,6,纳指;黄金;国债ETF;证券ETF;有色ETF;军工ETF,纳指;黄金;国债ETF,证券ETF;有色ETF;军工ETF
2021-09-01,2652853.0299674124,2447003.116070807,205849.91389660537,1.0,False,normal,-0.005830875162880311,6,纳指;黄金;国债ETF;证券ETF;有色ETF;军工ETF,纳指;黄金;国债ETF,证券ETF;有色ETF;军工ETF
2021-09-02,2658198.0311221695,2451531.388495523,206666.64262664644,1.0,False,normal,-0.003827810891979657,6,纳指;黄金;国债ETF;证券ETF;有色ETF;军工ETF,纳指;黄金;国债ETF,证券ETF;有色ETF;军工ETF
2021-09-03,2640253.524722253,2432938.393964017,207315.13075823616,1.0,False,normal,-0.01055259889256415,6,纳指;黄金;国债ETF;证券ETF;有色ETF;军工ETF,纳指;黄金;国债ETF,证券ETF;有色ETF;军工ETF
2021-09-06,2656245.1266571167,2449578.6076822774,206666.51897483924,1.0,False,normal,-0.004559671006724069,6,纳指;黄金;国债ETF;证券ETF;有色ETF;军工ETF,纳指;黄金;国债ETF,证券ETF;有色ETF;军工ETF
2021-09-07,2665665.2940540076,2457348.850209063,208316.4438449447,1.0,False,normal,-0.0010294190587293215,6,纳指;黄金;国债ETF;证券ETF;有色ETF;军工ETF,纳指;黄金;国债ETF,证券ETF;有色ETF;军工ETF
2021-09-08,2654603.5641733296,2448704.552168551,205899.01200477872,0.7689145918379314,False,normal,-0.00517485425262446,5,纳指;国债ETF;证券ETF;有色ETF;军工ETF,纳指;国债ETF,证券ETF;有色ETF;军工ETF
2021-09-09,2659464.1882796036,2452369.532204952,207094.65607465152,0.7854872431919026,False,normal,-0.0033533125541927245,5,纳指;国债ETF;证券ETF;有色ETF;军工ETF,纳指;国债ETF,证券ETF;有色ETF;军工ETF
2021-09-10,2661321.667283249,2454608.0324982204,206713.63478502864,0.7861142554967503,False,normal,-0.002657213579014957,5,纳指;国债ETF;证券ETF;有色ETF;军工ETF,纳指;国债ETF,证券ETF;有色ETF;军工ETF
2021-09-13,2660157.621299849,2454220.4465759564,205937.17472389247,0.7951439398271559,False,normal,-0.003093445275047267,5,纳指;国债ETF;证券ETF;有色ETF;军工ETF,纳指;国债ETF,证券ETF;有色ETF;军工ETF
2021-09-14,2638962.160337269,2413770.849990831,225191.31034643762,0.7977100115462511,False,normal,-0.011036543757192126,4,纳指;国债ETF;证券ETF;有色ETF,纳指;国债ETF,证券ETF;有色ETF
2021-09-15,2638619.981509237,2413678.157219977,224941.82428925997,0.8581551688496747,False,normal,-0.011164776879102502,4,纳指;国债ETF;证券ETF;有色ETF,纳指;国债ETF,证券ETF;有色ETF
2021-09-16,2623202.8693425264,2396743.617315126,226459.2520274003,1.0,False,normal,-0.016942412027809828,4,纳指;国债ETF;证券ETF;有色ETF,纳指;国债ETF,证券ETF;有色ETF
2021-09-17,2623737.2208725032,2397178.0256488076,226559.1952236956,1.0,False,normal,-0.016742161283832897,4,纳指;国债ETF;证券ETF;有色ETF,纳指;国债ETF,证券ETF;有色ETF
2021-09-22,2599947.376508177,2377911.808273443,222035.56823473377,0.5201151193333717,False,normal,-0.025657517123196617,3,沪深300;证券ETF;有色ETF,沪深300,证券ETF;有色ETF
2021-09-23,2614622.107407304,2391849.436083636,222772.6713236682,1.0,False,normal,-0.020158092839076082,5,沪深300;纳指;国债ETF;证券ETF;有色ETF,沪深300;纳指;国债ETF,证券ETF;有色ETF
2021-09-24,2603075.3315420155,2042297.3742157912,560777.9573262243,1.0,False,normal,-0.024485301292393683,5,沪深300;纳指;国债ETF;消费ETF;证券ETF,沪深300;纳指;国债ETF,消费ETF;证券ETF
2021-09-27,2613352.14125449,2468868.645994826,144483.49525966356,1.0,False,normal,-0.020634018615760207,6,沪深300;纳指;国债ETF;消费ETF;医药ETF;证券ETF,沪深300;纳指;国债ETF,消费ETF;医药ETF;证券ETF
2021-09-28,2601345.140363175,2040900.5306720077,560444.6096911673,0.4999412774115478,False,normal,-0.02513369855776725,3,纳指;消费ETF;证券ETF,纳指,消费ETF;证券ETF
2021-09-29,2574455.3875467614,2019812.5318473107,554642.8556994507,1.0,False,normal,-0.03521075963977853,3,国债ETF;消费ETF;证券ETF,国债ETF,消费ETF;证券ETF
2021-09-30,2575437.8945687506,2435275.1435517054,140162.75101704523,1.0,False,normal,-0.034842560521635396,4,国债ETF;消费ETF;医药ETF;证券ETF,国债ETF,消费ETF;医药ETF;证券ETF
2021-10-08,2582549.257406887,2445248.6415933324,137300.61581355473,1.0,False,normal,-0.03217754391900957,4,国债ETF;消费ETF;医药ETF;证券ETF,国债ETF,消费ETF;医药ETF;证券ETF
2021-10-11,2576372.7199405315,2021574.960961792,554797.7589787396,0.5248594407922957,False,normal,-0.03449223032571408,3,沪深300;消费ETF;证券ETF,沪深300,消费ETF;证券ETF
2021-10-12,2553736.865979974,1897353.5969919951,656383.268987979,1.0,False,normal,-0.042975122844710736,3,黄金;国债ETF;消费ETF,黄金;国债ETF,消费ETF
2021-10-13,2555585.901931117,2330466.324877601,225119.5770535157,1.0,False,normal,-0.042282187943088065,4,黄金;国债ETF;消费ETF;医药ETF,黄金;国债ETF,消费ETF;医药ETF
2021-10-14,2560026.3602648736,1902012.8591843606,658013.501080513,1.0,False,normal,-0.040618105340064665,3,黄金;国债ETF;消费ETF,黄金;国债ETF,消费ETF
2021-10-15,2557373.9416214824,1900044.6343262577,657329.3072952246,1.0,False,normal,-0.04161211167649346,3,黄金;国债ETF;消费ETF,黄金;国债ETF,消费ETF
2021-10-18,2538384.305204801,109035.09544843697,2429349.2097563636,1.0,False,normal,-0.048728567056450685,1,消费ETF,,消费ETF
2021-10-19,2542179.1629579887,1888689.670842999,653489.4921149898,0.5321654333768507,False,normal,-0.04730642630129,2,纳指;消费ETF,纳指,消费ETF
2021-10-20,2544843.2750063073,1890670.3773506281,654172.8976556791,0.5436924414443294,False,normal,-0.04630803780647864,4,沪深300;创业板;纳指;消费ETF,沪深300;创业板;纳指,消费ETF
2021-10-21,2545349.4458496445,1891063.6583552582,654285.7874943863,0.5487483808678864,False,normal,-0.04611834790709329,4,沪深300;创业板;纳指;消费ETF,沪深300;创业板;纳指,消费ETF
2021-10-22,2555014.9888883643,1898294.4349456746,656720.5539426897,0.5538720769241887,False,normal,-0.04249614028558868,4,沪深300;创业板;纳指;消费ETF,沪深300;创业板;纳指,消费ETF
2021-10-25,2563871.358285182,1904878.5965132525,658992.7617719297,0.5539059975216966,False,normal,-0.03917717428445411,4,沪深300;创业板;纳指;消费ETF,沪深300;创业板;纳指,消费ETF
2021-10-26,2565485.008085608,1906077.1851527626,659407.8229328454,0.554150002776557,False,normal,-0.03857245144765878,4,沪深300;创业板;纳指;消费ETF,沪深300;创业板;纳指,消费ETF
2021-10-27,2552541.507174323,1896459.8603959922,656081.6467783307,0.5325425596117559,False,normal,-0.04342308916785654,2,沪深300;消费ETF,沪深300,消费ETF
2021-10-28,2546002.55478999,109394.22678100168,2436608.3280089884,1.0,False,normal,-0.045873592266161785,1,消费ETF,,消费ETF
2021-10-29,2548281.441593257,1993573.9113566107,554707.5302366461,0.5543011800608586,False,normal,-0.04501956874008871,5,沪深300;创业板;纳指;消费ETF;军工ETF,沪深300;创业板;纳指,消费ETF;军工ETF
2021-11-01,2552507.022161629,2088379.9445368177,464127.0776248113,0.5545135835747331,False,normal,-0.04343601258822793,6,沪深300;创业板;纳指;消费ETF;科技ETF;军工ETF,沪深300;创业板;纳指,消费ETF;科技ETF;军工ETF
2021-11-02,2550954.66006472,0.0,2550954.66006472,0.0,True,normal,-0.0440177675704605,0,,沪深300;创业板;纳指;国债ETF,消费ETF;科技ETF;军工ETF
2021-11-03,2550954.66006472,0.0,2550954.66006472,0.0,True,normal,-0.0440177675704605,0,,沪深300;创业板;纳指,消费ETF;科技ETF;军工ETF
2021-11-04,2550954.66006472,0.0,2550954.66006472,0.0,True,normal,-0.0440177675704605,0,,创业板;纳指,消费ETF;科技ETF;军工ETF
2021-11-05,2550954.66006472,0.0,2550954.66006472,0.0,True,normal,-0.0440177675704605,0,,创业板;纳指,消费ETF;科技ETF;军工ETF
2021-11-08,2550954.66006472,0.0,2550954.66006472,0.0,True,normal,-0.0440177675704605,0,,沪深300;创业板;纳指;国债ETF,消费ETF;科技ETF;军工ETF
2021-11-09,2550954.66006472,2087155.4124966965,463799.2475680236,0.7787353225712221,False,normal,-0.0440177675704605,6,创业板;纳指;国债ETF;消费ETF;科技ETF;军工ETF,创业板;纳指;国债ETF,消费ETF;科技ETF;军工ETF
2021-11-10,2543867.5913640624,2081357.291842701,462510.2995213615,0.7784090578640279,False,normal,-0.04667367983103528,6,创业板;纳指;国债ETF;消费ETF;科技ETF;军工ETF,创业板;纳指;国债ETF,消费ETF;科技ETF;军工ETF
2021-11-11,2545164.9804431126,2082686.6091766842,462478.3712664284,1.0,False,normal,-0.04618747718402758,7,创业板;纳指;黄金;国债ETF;消费ETF;科技ETF;军工ETF,创业板;纳指;黄金;国债ETF,消费ETF;科技ETF;军工ETF
2021-11-12,2547578.8500012704,2084597.8057586898,462981.04424258065,1.0,False,normal,-0.04528286823698228,7,创业板;纳指;黄金;国债ETF;消费ETF;科技ETF;军工ETF,创业板;纳指;黄金;国债ETF,消费ETF;科技ETF;军工ETF
2021-11-15,2548252.995264618,2085444.7743703492,462808.22089426895,1.0,False,normal,-0.045030229135266275,7,创业板;纳指;黄金;国债ETF;消费ETF;科技ETF;军工ETF,创业板;纳指;黄金;国债ETF,消费ETF;科技ETF;军工ETF
2021-11-16,2542795.5250831028,2432852.592734139,109942.9323489638,1.0,False,normal,-0.04707544170184729,8,创业板;纳指;黄金;国债ETF;消费ETF;医药ETF;科技ETF;军工ETF,创业板;纳指;黄金;国债ETF,消费ETF;医药ETF;科技ETF;军工ETF
2021-11-17,2552219.9633023962,2442204.115291099,110015.84801129717,1.0,False,normal,-0.04354358924311097,8,创业板;纳指;黄金;国债ETF;消费ETF;医药ETF;科技ETF;军工ETF,创业板;纳指;黄金;国债ETF,消费ETF;医药ETF;科技ETF;军工ETF
2021-11-18,2547754.075009425,2085099.222382103,462654.8526273221,1.0,False,normal,-0.04521720184271206,7,创业板;纳指;黄金;国债ETF;消费ETF;科技ETF;军工ETF,创业板;纳指;黄金;国债ETF,消费ETF;科技ETF;军工ETF
2021-11-19,2560161.9986547595,2095536.2316250938,464625.76702966564,1.0,False,normal,-0.040567274216800814,8,沪深300;创业板;纳指;黄金;国债ETF;消费ETF;科技ETF;军工ETF,沪深300;创业板;纳指;黄金;国债ETF,消费ETF;科技ETF;军工ETF
2021-11-22,2570724.8132490166,0.0,2570724.8132490166,0.0,True,normal,-0.03660880986828076,0,,沪深300;创业板;纳指;黄金;国债ETF,消费ETF;有色ETF;科技ETF;军工ETF
2021-11-23,2570724.8132490166,0.0,2570724.8132490166,0.0,True,normal,-0.03660880986828076,0,,沪深300;创业板;纳指;国债ETF,消费ETF;证券ETF;有色ETF;科技ETF;军工ETF
2021-11-24,2570724.8132490166,0.0,2570724.8132490166,0.0,True,normal,-0.03660880986828076,0,,沪深300;创业板;纳指;黄金;国债ETF,消费ETF;有色ETF;科技ETF;军工ETF
2021-11-25,2570724.8132490166,0.0,2570724.8132490166,0.0,True,normal,-0.03660880986828076,0,,沪深300;创业板;纳指;黄金;国债ETF,消费ETF;医药ETF;有色ETF;科技ETF;军工ETF
2021-11-26,2570724.8132490166,0.0,2570724.8132490166,0.0,True,normal,-0.03660880986828076,0,,创业板;纳指;黄金;国债ETF,消费ETF;医药ETF;有色ETF;科技ETF;军工ETF
2021-11-29,2570724.8132490166,0.0,2570724.8132490166,0.0,True,normal,-0.03660880986828076,0,,创业板;纳指;黄金;国债ETF,消费ETF;医药ETF;有色ETF;科技ETF;军工ETF
2021-11-30,2570724.8132490166,0.0,2570724.8132490166,0.0,True,normal,-0.03660880986828076,0,,创业板;纳指;黄金;国债ETF,医药ETF;有色ETF;科技ETF;军工ETF
2021-12-01,2570724.8132490166,2391167.566597036,179557.24665198056,1.0,False,normal,-0.03660880986828076,7,创业板;纳指;黄金;国债ETF;有色ETF;科技ETF;军工ETF,创业板;纳指;黄金;国债ETF,有色ETF;科技ETF;军工ETF
2021-12-02,2554988.1540217195,2435035.035981951,119953.11803976865,0.8261027790754725,False,normal,-0.04250619677782026,7,创业板;纳指;国债ETF;证券ETF;有色ETF;科技ETF;军工ETF,创业板;纳指;国债ETF,证券ETF;有色ETF;科技ETF;军工ETF
2021-12-03,2564498.116756118,2248632.4939857237,315865.6227703942,0.8261031260785163,False,normal,-0.03894229360561677,8,创业板;纳指;国债ETF;消费ETF;证券ETF;有色ETF;科技ETF;军工ETF,创业板;纳指;国债ETF,消费ETF;证券ETF;有色ETF;科技ETF;军工ETF
2021-12-06,2541960.0744351936,2228844.179295578,313115.8951396155,1.0,False,normal,-0.047388530753556535,10,沪深300;创业板;纳指;黄金;国债ETF;消费ETF;证券ETF;有色ETF;科技ETF;军工ETF,沪深300;创业板;纳指;黄金;国债ETF,消费ETF;证券ETF;有色ETF;科技ETF;军工ETF
2021-12-07,2540832.686948947,2228682.5310353213,312150.15591362584,0.8226553518970839,False,normal,-0.047811024505714256,8,创业板;纳指;国债ETF;消费ETF;证券ETF;有色ETF;科技ETF;军工ETF,创业板;纳指;国债ETF,消费ETF;证券ETF;有色ETF;科技ETF;军工ETF
2021-12-08,2573159.3695475017,2256333.8453292237,316825.524218278,0.7705277863647771,False,normal,-0.03569644846819925,9,沪深300;创业板;纳指;国债ETF;消费ETF;证券ETF;有色ETF;科技ETF;军工ETF,沪深300;创业板;纳指;国债ETF,消费ETF;证券ETF;有色ETF;科技ETF;军工ETF
2021-12-09,2587954.23336588,2531103.4099504994,56850.82341538044,0.770068359125844,False,normal,-0.030152003808714252,10,沪深300;创业板;纳指;国债ETF;消费ETF;医药ETF;证券ETF;有色ETF;科技ETF;军工ETF,沪深300;创业板;纳指;国债ETF,消费ETF;医药ETF;证券ETF;有色ETF;科技ETF;军工ETF
2021-12-10,2582061.3182516694,2525248.239656621,56813.07859504828,0.7699685332498315,False,normal,-0.03236040140769696,10,沪深300;创业板;纳指;国债ETF;消费ETF;医药ETF;证券ETF;有色ETF;科技ETF;军工ETF,沪深300;创业板;纳指;国债ETF,消费ETF;医药ETF;证券ETF;有色ETF;科技ETF;军工ETF
2021-12-13,2591223.6350538437,2591223.6350538433,4.656612873077393e-10,0.7735486690316962,False,normal,-0.028926780180361208,10,沪深300;创业板;纳指;国债ETF;消费ETF;医药ETF;证券ETF;有色ETF;科技ETF;军工ETF,沪深300;创业板;纳指;国债ETF,消费ETF;医药ETF;证券ETF;有色ETF;科技ETF;军工ETF
2021-12-14,2578624.5115122297,2524544.9507450075,54079.560767222196,1.0,False,normal,-0.033648360864849805,11,沪深300;创业板;纳指;黄金;国债ETF;消费ETF;医药ETF;证券ETF;有色ETF;科技ETF;军工ETF,沪深300;创业板;纳指;黄金;国债ETF,消费ETF;医药ETF;证券ETF;有色ETF;科技ETF;军工ETF
2021-12-15,2556063.3492621994,2177720.3105407637,378343.0387214357,0.7716397097879607,False,normal,-0.042103262314741444,8,沪深300;创业板;纳指;国债ETF;消费ETF;证券ETF;科技ETF;军工ETF,沪深300;创业板;纳指;国债ETF,消费ETF;证券ETF;科技ETF;军工ETF
2021-12-16,2572917.096225884,2192120.539448227,380796.556777657,0.7699002020503323,False,normal,-0.03578724153264849,8,沪深300;创业板;纳指;国债ETF;消费ETF;证券ETF;科技ETF;军工ETF,沪深300;创业板;纳指;国债ETF,消费ETF;证券ETF;科技ETF;军工ETF
2021-12-17,2541284.3374536023,2164919.176604476,376365.1608491265,1.0,False,normal,-0.04764176635915541,8,创业板;纳指;黄金;国债ETF;消费ETF;证券ETF;科技ETF;军工ETF,创业板;纳指;黄金;国债ETF,消费ETF;证券ETF;科技ETF;军工ETF
2021-12-20,2514855.7650039042,1974320.7431630704,540535.0218408338,1.0,False,normal,-0.057545997934069885,6,创业板;纳指;黄金;国债ETF;消费ETF;证券ETF,创业板;纳指;黄金;国债ETF,消费ETF;证券ETF
2021-12-21,2522017.0378304054,2074503.9366490194,447513.10118138604,1.0,False,normal,-0.05486227732903887,8,沪深300;创业板;纳指;黄金;国债ETF;消费ETF;证券ETF;科技ETF,沪深300;创业板;纳指;黄金;国债ETF,消费ETF;证券ETF;科技ETF
2021-12-22,2525460.319141728,2077327.8165015355,448132.5026401924,0.7609713612419897,False,normal,-0.05357189149568287,7,沪深300;创业板;纳指;国债ETF;消费ETF;证券ETF;科技ETF,沪深300;创业板;纳指;国债ETF,消费ETF;证券ETF;科技ETF
2021-12-23,2537789.9836950283,2087467.5377833003,450322.4459117281,1.0,False,normal,-0.04895129183184075,8,沪深300;创业板;纳指;黄金;国债ETF;消费ETF;证券ETF;科技ETF,沪深300;创业板;纳指;黄金;国债ETF,消费ETF;证券ETF;科技ETF
2021-12-24,2531900.1736655044,2082690.0812380966,449210.09242740786,1.0,False,normal,-0.05115852578576265,7,沪深300;纳指;黄金;国债ETF;消费ETF;证券ETF;科技ETF,沪深300;纳指;黄金;国债ETF,消费ETF;证券ETF;科技ETF
2021-12-27,2534011.577101198,2084443.3590093204,449568.21809187764,1.0,False,normal,-0.05036726743781438,7,沪深300;纳指;黄金;国债ETF;消费ETF;证券ETF;科技ETF,沪深300;纳指;黄金;国债ETF,消费ETF;证券ETF;科技ETF
2021-12-28,2545285.5844377126,2093701.4150604627,451584.1693772499,1.0,False,normal,-0.04614228027096496,8,沪深300;创业板;纳指;黄金;国债ETF;消费ETF;证券ETF;科技ETF,沪深300;创业板;纳指;黄金;国债ETF,消费ETF;证券ETF;科技ETF
2021-12-29,2528457.231816369,1985075.3983276987,543381.8334886704,1.0,False,normal,-0.052448784404070664,6,沪深300;纳指;黄金;国债ETF;消费ETF;证券ETF,沪深300;纳指;黄金;国债ETF,消费ETF;证券ETF
2021-12-30,2530816.1340938206,2156147.715174954,374668.41891886666,1.0,False,normal,-0.05156477470347333,6,沪深300;国债ETF;消费ETF;证券ETF;科技ETF;军工ETF,沪深300;国债ETF,消费ETF;证券ETF;科技ETF;军工ETF
2021-12-31,2533691.9259332265,2159218.012045435,374473.91388779134,1.0,False,normal,-0.050487058213377754,7,沪深300;纳指;国债ETF;消费ETF;证券ETF;科技ETF;军工ETF,沪深300;纳指;国债ETF,消费ETF;证券ETF;科技ETF;军工ETF
2022-01-04,2535288.2166765584,2161103.5666158223,374184.6500607361,1.0,False,normal,-0.04988884076470765,7,沪深300;纳指;国债ETF;消费ETF;证券ETF;科技ETF;军工ETF,沪深300;纳指;国债ETF,消费ETF;证券ETF;科技ETF;军工ETF
2022-01-05,2509374.040392157,1970198.1587203392,539175.881671818,1.0,False,normal,-0.0596002999622247,4,沪深300;国债ETF;消费ETF;证券ETF,沪深300;国债ETF,消费ETF;证券ETF
2022-01-06,2494765.7571803313,1746336.030026232,748429.7271540994,1.0,False,normal,-0.06507482266363954,1,国债ETF,国债ETF,
2022-01-07,2494963.5194650013,1746474.463625501,748489.0558395004,1.0,False,normal,-0.06500071031921063,1,国债ETF,国债ETF,
2022-01-10,2497015.3520783912,1747910.7464548738,749104.6056235174,1.0,False,normal,-0.06423177641653183,1,国债ETF,国债ETF,
2022-01-11,2499453.8932680693,1749617.7252876484,749836.1679804209,1.0,False,normal,-0.06331792165977161,1,国债ETF,国债ETF,
2022-01-12,2500177.0807845015,1750123.9565491509,750053.1242353506,1.0,False,normal,-0.06304690374351961,1,国债ETF,国债ETF,
2022-01-13,2500029.228494974,1750020.4599464815,750008.7685484923,1.0,False,normal,-0.06310231208300333,1,国债ETF,国债ETF,
2022-01-14,2504181.300827709,1752926.9105793962,751254.3902483128,1.0,False,normal,-0.06154630348747762,1,国债ETF,国债ETF,
2022-01-17,2503729.701626286,1752610.7911384,751118.9104878858,1.0,False,normal,-0.06171554240790944,1,国债ETF,国债ETF,
2022-01-18,2508846.8356015813,1756192.7849211069,752654.0506804744,1.0,False,normal,-0.05979787243206605,1,国债ETF,国债ETF,
2022-01-19,2508078.164201723,1755654.714941206,752423.449260517,1.0,False,normal,-0.060085935647122425,2,黄金;国债ETF,黄金;国债ETF,
2022-01-20,2519851.78510335,1763896.2495723448,755955.5355310051,1.0,False,normal,-0.05567371595168068,2,黄金;国债ETF,黄金;国债ETF,
2022-01-21,2521582.5013964693,1765107.7509775285,756474.7504189408,1.0,False,normal,-0.05502512189726638,2,黄金;国债ETF,黄金;国债ETF,
2022-01-24,2522348.848846504,1765644.1941925527,756704.6546539513,1.0,False,normal,-0.05473792959331447,2,黄金;国债ETF,黄金;国债ETF,
2022-01-25,2524350.768101345,1767045.5376709413,757305.2304304035,1.0,False,normal,-0.0539877009560333,2,黄金;国债ETF,黄金;国债ETF,
2022-01-26,2521103.757064228,1764772.6299449594,756331.1271192685,1.0,False,normal,-0.05520453358288508,2,黄金;国债ETF,黄金;国债ETF,
2022-01-27,2504464.7007234595,1753125.2905064216,751339.4102170379,1.0,False,normal,-0.061440098046333894,2,黄金;国债ETF,黄金;国债ETF,
2022-01-28,2503385.1668472807,1752369.6167930963,751015.5500541844,1.0,False,normal,-0.06184465843350539,2,黄金;国债ETF,黄金;国债ETF,
2022-02-07,2509020.3253013976,1756314.2277109781,752706.0975904195,1.0,False,normal,-0.059732856352740775,2,黄金;国债ETF,黄金;国债ETF,
2022-02-08,2515215.559461835,1760650.8916232842,754564.6678385506,1.0,False,normal,-0.05741116327217137,2,黄金;国债ETF,黄金;国债ETF,
2022-02-09,2519848.31427624,1763893.819993368,755954.494282872,1.0,False,normal,-0.055675016660431426,2,黄金;国债ETF,黄金;国债ETF,
2022-02-10,2522397.9687960465,1765678.5781572324,756719.3906388141,1.0,False,normal,-0.05471952166166615,2,黄金;国债ETF,黄金;国债ETF,
2022-02-11,2513899.8268276886,1759729.878779382,754169.9480483066,1.0,False,normal,-0.057904240252551566,2,黄金;国债ETF,黄金;国债ETF,
2022-02-14,2527674.9223104618,1769372.445617323,758302.4766931387,1.0,False,normal,-0.05274195856338292,2,黄金;国债ETF,黄金;国债ETF,
2022-02-15,2536583.956417479,2165393.4815426497,371190.4748748294,1.0,False,normal,-0.049403256214905565,3,黄金;国债ETF;有色ETF,黄金;国债ETF,有色ETF
2022-02-16,2527498.783180767,2159329.3477338073,368169.4354469599,1.0,False,normal,-0.05280796752899085,3,黄金;国债ETF;有色ETF,黄金;国债ETF,有色ETF
2022-02-17,2549587.9471575376,2176898.6645946107,372689.2825629269,1.0,False,normal,-0.04452994964745024,3,黄金;国债ETF;有色ETF,黄金;国债ETF,有色ETF
2022-02-18,2555783.64276038,2182297.360439284,373486.2823210964,1.0,False,normal,-0.04220808363917353,3,黄金;国债ETF;有色ETF,黄金;国债ETF,有色ETF
2022-02-21,2550674.5957874004,2178890.8394254344,371783.756361966,1.0,False,normal,-0.0441227229729407,3,黄金;国债ETF;有色ETF,黄金;国债ETF,有色ETF
2022-02-22,2570356.3284904654,2195127.853279291,375228.4752111742,1.0,False,normal,-0.03674690126112705,3,黄金;国债ETF;有色ETF,黄金;国债ETF,有色ETF
2022-02-23,2565888.5730331847,2193784.259161203,372104.3138719816,1.0,False,normal,-0.03842121358931718,3,黄金;国债ETF;有色ETF,黄金;国债ETF,有色ETF
2022-02-24,2580960.1227103565,2209886.6314481865,371073.49126217,1.0,False,normal,-0.03277307960555214,3,黄金;国债ETF;有色ETF,黄金;国债ETF,有色ETF
2022-02-25,2576008.5362632256,2207606.4171817605,368402.11908146506,1.0,False,normal,-0.03462870986817544,3,黄金;国债ETF;有色ETF,黄金;国债ETF,有色ETF
2022-02-28,2580856.6060004304,2214725.7050102726,366130.90099015785,1.0,False,normal,-0.03281187297847958,3,黄金;国债ETF;有色ETF,黄金;国债ETF,有色ETF
2022-03-01,2569392.7222517314,2334328.688723265,235064.03352846624,1.0,False,normal,-0.037108017222029534,4,黄金;国债ETF;有色ETF;军工ETF,黄金;国债ETF,有色ETF;军工ETF
2022-03-02,2581834.4956150874,2223600.19980837,358234.2958067176,1.0,False,normal,-0.032445404255407186,3,黄金;国债ETF;有色ETF,黄金;国债ETF,有色ETF
2022-03-03,2578374.598736352,2220610.2613035943,357764.3374327575,1.0,False,normal,-0.03374201685064075,3,黄金;国债ETF;有色ETF,黄金;国债ETF,有色ETF
2022-03-04,2573327.2161443983,2219936.484384645,353390.73175975354,1.0,False,normal,-0.0356335471681805,3,黄金;国债ETF;有色ETF,黄金;国债ETF,有色ETF
2022-03-07,2593961.724629029,2238440.8329039486,355520.89172508055,1.0,False,normal,-0.0279006682601237,3,黄金;国债ETF;有色ETF,黄金;国债ETF,有色ETF
2022-03-08,2591606.8184577436,1814124.7729204204,777482.0455373232,1.0,False,normal,-0.028783180401178585,2,黄金;国债ETF,黄金;国债ETF,
2022-03-09,2600097.8176588565,1820068.4723611996,780029.345297657,1.0,False,normal,-0.025601138595844657,2,黄金;国债ETF,黄金;国债ETF,
2022-03-10,2571401.072975823,1799980.7510830762,771420.321892747,1.0,False,normal,-0.0363553783614588,2,黄金;国债ETF,黄金;国债ETF,
2022-03-11,2574446.499423518,1802112.5495964624,772333.9498270554,1.0,False,normal,-0.035214090505682784,2,黄金;国债ETF,黄金;国债ETF,
2022-03-14,2572490.0986958398,1800743.0690870876,771747.0296087521,1.0,False,normal,-0.03594726086125665,2,黄金;国债ETF,黄金;国债ETF,
2022-03-15,2549720.714298083,1784804.500008658,764916.2142894249,1.0,False,normal,-0.04448019453835368,2,黄金;国债ETF,黄金;国债ETF,
2022-03-16,2540947.8781150742,1778663.5146805518,762284.3634345224,1.0,False,normal,-0.04776785607552838,2,黄金;国债ETF,黄金;国债ETF,
2022-03-17,2552656.341710677,1786859.4391974737,765796.9025132032,1.0,False,normal,-0.04338005438635204,2,黄金;国债ETF,黄金;国债ETF,
2022-03-18,2555314.8777690534,1788720.4144383373,766594.4633307161,1.0,False,normal,-0.042383755519943826,2,黄金;国债ETF,黄金;国债ETF,
2022-03-21,2552701.488854227,1786891.0421979588,765810.4466562683,0.7937160395686087,False,normal,-0.043363135282396714,1,黄金,黄金,
2022-03-22,2564392.6439398727,1795074.8507579109,769317.7931819619,0.7952167287480467,False,normal,-0.03898182003856879,1,黄金,黄金,
2022-03-23,2550059.6708058016,1896390.1605692813,653669.5102365203,0.7952304603905799,False,normal,-0.04435316899610544,2,黄金;医药ETF,黄金,医药ETF
2022-03-24,2573568.8985053245,1913880.4268379086,659688.4716674159,0.7970428023324416,False,normal,-0.035542975569024284,2,黄金;医药ETF,黄金,医药ETF
2022-03-25,2582645.510065269,1807851.8570456884,774793.6530195808,0.8650599870997591,False,normal,-0.03214147278349397,2,纳指;黄金,纳指;黄金,
2022-03-28,2569916.0990076745,1798941.2693053721,770974.8297023023,0.866314925238851,False,normal,-0.03691187932613472,2,纳指;黄金,纳指;黄金,
2022-03-29,2583412.450161445,1808388.7151130114,775023.7350484335,0.8647557575489934,False,normal,-0.03185405838261895,2,纳指;黄金,纳指;黄金,
2022-03-30,2592219.2023307523,1927740.6115030262,664478.5908277261,0.8657793808830337,False,normal,-0.028553686670385343,3,纳指;黄金;医药ETF,纳指;黄金,医药ETF
2022-03-31,2583807.706435277,1921508.4845883704,662299.2218469067,1.0,False,normal,-0.03170593423876205,3,纳指;黄金;医药ETF,纳指;黄金,医药ETF
2022-04-01,2578746.450493499,1917753.1037243488,660993.3467691503,1.0,False,normal,-0.03360266365926669,3,纳指;黄金;医药ETF,纳指;黄金,医药ETF
2022-04-06,2568827.6148118665,1910381.0382314967,658446.5765803698,1.0,False,normal,-0.037319793887597895,3,纳指;黄金;医药ETF,纳指;黄金,医药ETF
2022-04-07,2550019.7921078154,1785013.8544754707,765005.9376323447,0.7966729046459207,False,normal,-0.044368113725356845,1,黄金,黄金,
2022-04-08,2554260.867179701,1787982.6070257907,766278.2601539104,0.796762700979408,False,normal,-0.04277875093557691,1,黄金,黄金,
2022-04-11,2570103.4608582677,1799072.4226007874,771031.0382574804,1.0,False,normal,-0.03684166459319324,2,黄金;国债ETF,黄金;国债ETF,
2022-04-12,2575589.330333414,1802912.5312333896,772676.7991000244,1.0,False,normal,-0.034785809258024575,2,黄金;国债ETF,黄金;国债ETF,
2022-04-13,2580064.5970462137,1806045.2179323495,774019.3791138642,1.0,False,normal,-0.03310868205157266,2,黄金;国债ETF,黄金;国债ETF,
2022-04-14,2582700.8545215707,1807890.5981650995,774810.2563564712,1.0,False,normal,-0.03212073218872134,2,黄金;国债ETF,黄金;国债ETF,
2022-04-15,2584958.273882248,1809470.7917175735,775487.4821646744,1.0,False,normal,-0.03127475368752166,2,黄金;国债ETF,黄金;国债ETF,
2022-04-18,2589245.571646485,1812471.9001525394,776773.6714939456,1.0,False,normal,-0.029668068726824825,2,黄金;国债ETF,黄金;国债ETF,
2022-04-19,2582574.1974866726,1919280.0760581163,663294.1214285563,1.0,False,normal,-0.032168197507047226,3,黄金;国债ETF;消费ETF,黄金;国债ETF,消费ETF
2022-04-20,2572043.571666851,1911458.9860055305,660584.5856613207,1.0,False,normal,-0.03611459896126107,4,纳指;黄金;国债ETF;消费ETF,纳指;黄金;国债ETF,消费ETF
2022-04-21,2579714.7893731603,1805800.352561212,773914.4368119484,1.0,False,normal,-0.03323977411896285,3,纳指;黄金;国债ETF,纳指;黄金;国债ETF,
2022-04-22,2570738.593697529,0.0,2570738.593697529,0.0,True,normal,-0.0366036455805187,0,,纳指;黄金;国债ETF,
2022-04-25,2570738.593697529,0.0,2570738.593697529,0.0,True,normal,-0.0366036455805187,0,,黄金;国债ETF,
2022-04-26,2570738.593697529,0.0,2570738.593697529,0.0,True,normal,-0.0366036455805187,0,,纳指;黄金;国债ETF,
2022-04-27,2570738.593697529,0.0,2570738.593697529,0.0,True,normal,-0.0366036455805187,0,,黄金;国债ETF,
2022-04-28,2570738.593697529,0.0,2570738.593697529,0.0,True,normal,-0.0366036455805187,0,,黄金;国债ETF,
2022-04-29,2570738.593697529,0.0,2570738.593697529,0.0,True,normal,-0.0366036455805187,0,,黄金;国债ETF,
2022-05-05,2570738.593697529,0.0,2570738.593697529,0.0,True,normal,-0.0366036455805187,0,,纳指;黄金;国债ETF,消费ETF
2022-05-06,2570738.593697529,0.0,2570738.593697529,0.0,True,normal,-0.0366036455805187,0,,国债ETF,
2022-05-09,2570738.593697529,0.0,2570738.593697529,0.0,True,normal,-0.0366036455805187,0,,纳指;国债ETF,
2022-05-10,2570738.593697529,0.0,2570738.593697529,0.0,True,normal,-0.0366036455805187,0,,国债ETF,
2022-05-11,2570738.593697529,0.0,2570738.593697529,0.0,True,normal,-0.0366036455805187,0,,国债ETF,
2022-05-12,2570738.593697529,0.0,2570738.593697529,0.0,True,normal,-0.0366036455805187,0,,国债ETF,
2022-05-13,2570738.593697529,0.0,2570738.593697529,0.0,True,normal,-0.0366036455805187,0,,国债ETF,
2022-05-16,2570738.593697529,0.0,2570738.593697529,0.0,True,normal,-0.0366036455805187,0,,纳指;黄金;国债ETF,
2022-05-17,2570738.593697529,0.0,2570738.593697529,0.0,True,normal,-0.0366036455805187,0,,黄金;国债ETF,
2022-05-18,2570738.593697529,0.0,2570738.593697529,0.0,True,normal,-0.0366036455805187,0,,国债ETF,军工ETF
2022-05-19,2570738.593697529,0.0,2570738.593697529,0.0,True,normal,-0.0366036455805187,0,,国债ETF,军工ETF
2022-05-20,2570738.593697529,0.0,2570738.593697529,0.0,True,normal,-0.0366036455805187,0,,黄金;国债ETF,有色ETF;军工ETF
2022-05-23,2570738.593697529,0.0,2570738.593697529,0.0,True,normal,-0.0366036455805187,0,,黄金;国债ETF,有色ETF;军工ETF
2022-05-24,2570738.593697529,0.0,2570738.593697529,0.0,True,normal,-0.0366036455805187,0,,黄金;国债ETF,
2022-05-25,2570738.593697529,0.0,2570738.593697529,0.0,True,normal,-0.0366036455805187,0,,黄金;国债ETF,有色ETF
2022-05-26,2570738.593697529,0.0,2570738.593697529,0.0,True,normal,-0.0366036455805187,0,,国债ETF,有色ETF;军工ETF
2022-05-27,2570738.593697529,0.0,2570738.593697529,0.0,True,normal,-0.0366036455805187,0,,黄金;国债ETF,有色ETF;军工ETF
2022-05-30,2570738.593697529,0.0,2570738.593697529,0.0,True,normal,-0.0366036455805187,0,,黄金;国债ETF,有色ETF;军工ETF
2022-05-31,2570738.593697529,0.0,2570738.593697529,0.0,True,normal,-0.0366036455805187,0,,黄金;国债ETF,消费ETF;有色ETF;军工ETF
2022-06-01,2570738.593697529,0.0,2570738.593697529,0.0,True,normal,-0.0366036455805187,0,,黄金;国债ETF,消费ETF;有色ETF;军工ETF
2022-06-02,2570738.593697529,0.0,2570738.593697529,0.0,True,normal,-0.0366036455805187,0,,黄金;国债ETF,消费ETF;有色ETF;科技ETF;军工ETF
2022-06-06,2570738.593697529,0.0,2570738.593697529,0.0,True,normal,-0.0366036455805187,0,,黄金;国债ETF,消费ETF;医药ETF;证券ETF;有色ETF;科技ETF;军工ETF
2022-06-07,2570738.593697529,0.0,2570738.593697529,0.0,True,normal,-0.0366036455805187,0,,黄金;国债ETF,消费ETF;医药ETF;证券ETF;有色ETF;科技ETF;军工ETF
2022-06-08,2570738.593697529,0.0,2570738.593697529,0.0,True,normal,-0.0366036455805187,0,,创业板;黄金;国债ETF,消费ETF;医药ETF;证券ETF;有色ETF;科技ETF;军工ETF
2022-06-09,2570738.593697529,0.0,2570738.593697529,0.0,True,normal,-0.0366036455805187,0,,沪深300;创业板;国债ETF,消费ETF;医药ETF;证券ETF;有色ETF;科技ETF;军工ETF
2022-06-10,2570738.593697529,0.0,2570738.593697529,0.0,True,normal,-0.0366036455805187,0,,沪深300;创业板;国债ETF,消费ETF;医药ETF;证券ETF;有色ETF;科技ETF;军工ETF
2022-06-13,2570738.593697529,0.0,2570738.593697529,0.0,True,normal,-0.0366036455805187,0,,沪深300;创业板;国债ETF,消费ETF;医药ETF;证券ETF;有色ETF;科技ETF;军工ETF
2022-06-14,2570738.593697529,0.0,2570738.593697529,0.0,True,normal,-0.0366036455805187,0,,沪深300;创业板;国债ETF,消费ETF;医药ETF;证券ETF;有色ETF;科技ETF;军工ETF
2022-06-15,2570738.593697529,0.0,2570738.593697529,0.0,True,normal,-0.0366036455805187,0,,沪深300;创业板;国债ETF,消费ETF;医药ETF;证券ETF;有色ETF;科技ETF;军工ETF
2022-06-16,2570738.593697529,0.0,2570738.593697529,0.0,True,normal,-0.0366036455805187,0,,沪深300;创业板;国债ETF,消费ETF;医药ETF;证券ETF;有色ETF;科技ETF;军工ETF
2022-06-17,2570738.593697529,0.0,2570738.593697529,0.0,True,normal,-0.0366036455805187,0,,沪深300;创业板;国债ETF,消费ETF;医药ETF;证券ETF;有色ETF;科技ETF;军工ETF
2022-06-20,2570738.593697529,0.0,2570738.593697529,0.0,True,normal,-0.0366036455805187,0,,沪深300;创业板;国债ETF,消费ETF;医药ETF;证券ETF;有色ETF;科技ETF;军工ETF
2022-06-21,2570738.593697529,0.0,2570738.593697529,0.0,True,normal,-0.0366036455805187,0,,沪深300;创业板;国债ETF,消费ETF;医药ETF;证券ETF;有色ETF;科技ETF;军工ETF
2022-06-22,2570738.593697529,0.0,2570738.593697529,0.0,True,normal,-0.0366036455805187,0,,沪深300;创业板;国债ETF,消费ETF;医药ETF;证券ETF;有色ETF;科技ETF;军工ETF
2022-06-23,2570738.593697529,0.0,2570738.593697529,0.0,True,normal,-0.0366036455805187,0,,沪深300;创业板;国债ETF,消费ETF;医药ETF;证券ETF;有色ETF;科技ETF;军工ETF
2022-06-24,2570738.593697529,0.0,2570738.593697529,0.0,True,normal,-0.0366036455805187,0,,沪深300;创业板;国债ETF,消费ETF;医药ETF;证券ETF;有色ETF;科技ETF;军工ETF
2022-06-27,2570738.593697529,0.0,2570738.593697529,0.0,True,normal,-0.0366036455805187,0,,沪深300;创业板;国债ETF,消费ETF;医药ETF;证券ETF;有色ETF;科技ETF;军工ETF
2022-06-28,2570738.593697529,0.0,2570738.593697529,0.0,True,normal,-0.0366036455805187,0,,沪深300;创业板;国债ETF,消费ETF;医药ETF;证券ETF;有色ETF;科技ETF;军工ETF
2022-06-29,2570738.593697529,0.0,2570738.593697529,0.0,True,normal,-0.0366036455805187,0,,沪深300;创业板;国债ETF,消费ETF;医药ETF;证券ETF;有色ETF;科技ETF;军工ETF
2022-06-30,2570738.593697529,0.0,2570738.593697529,0.0,True,normal,-0.0366036455805187,0,,沪深300;创业板;国债ETF,消费ETF;医药ETF;证券ETF;有色ETF;科技ETF;军工ETF
2022-07-01,2570738.593697529,0.0,2570738.593697529,0.0,True,normal,-0.0366036455805187,0,,沪深300;创业板;国债ETF,消费ETF;医药ETF;证券ETF;有色ETF;科技ETF;军工ETF
2022-07-04,2570738.593697529,0.0,2570738.593697529,0.0,True,normal,-0.0366036455805187,0,,沪深300;创业板;国债ETF,消费ETF;医药ETF;证券ETF;有色ETF;科技ETF;军工ETF
2022-07-05,2570738.593697529,0.0,2570738.593697529,0.0,True,normal,-0.0366036455805187,0,,沪深300;创业板,消费ETF;医药ETF;证券ETF;有色ETF;科技ETF;军工ETF
2022-07-06,2570738.593697529,0.0,2570738.593697529,0.0,True,normal,-0.0366036455805187,0,,沪深300;创业板;国债ETF,消费ETF;医药ETF;证券ETF;有色ETF;科技ETF;军工ETF
2022-07-07,2570738.593697529,0.0,2570738.593697529,0.0,True,normal,-0.0366036455805187,0,,沪深300;创业板;国债ETF,消费ETF;医药ETF;证券ETF;有色ETF;科技ETF;军工ETF
2022-07-08,2570738.593697529,0.0,2570738.593697529,0.0,True,normal,-0.0366036455805187,0,,沪深300;创业板,消费ETF;医药ETF;证券ETF;有色ETF;科技ETF;军工ETF
2022-07-11,2570738.593697529,2487744.2231948096,82994.37050271919,0.44058478160788156,False,normal,-0.0366036455805187,7,沪深300;创业板;消费ETF;医药ETF;有色ETF;科技ETF;军工ETF,沪深300;创业板,消费ETF;医药ETF;有色ETF;科技ETF;军工ETF
2022-07-12,2527230.456653701,2467498.8277367163,59731.62891698489,0.4396046387531428,False,normal,-0.05290852415446931,7,沪深300;创业板;消费ETF;医药ETF;证券ETF;有色ETF;军工ETF,沪深300;创业板,消费ETF;医药ETF;证券ETF;有色ETF;军工ETF
2022-07-13,2543695.2364800824,2444440.0707232156,99255.1657568668,0.4401820602908465,False,normal,-0.04673827063279933,6,沪深300;创业板;消费ETF;医药ETF;有色ETF;军工ETF,沪深300;创业板,消费ETF;医药ETF;有色ETF;军工ETF
2022-07-14,2574332.6922693015,2473489.24612586,100843.44614344137,0.43943777829103886,False,normal,-0.03525674027090888,6,沪深300;创业板;消费ETF;医药ETF;有色ETF;军工ETF,沪深300;创业板,消费ETF;医药ETF;有色ETF;军工ETF
2022-07-15,2532407.7960817185,2440377.747430795,92030.04865092365,0.6635024934469129,False,normal,-0.05096829190262837,6,沪深300;创业板;国债ETF;消费ETF;医药ETF;军工ETF,沪深300;创业板;国债ETF,消费ETF;医药ETF;军工ETF
2022-07-18,2547503.768523613,2451014.877541904,96488.89098170912,0.6781529874162465,False,normal,-0.045311005373148874,8,沪深300;创业板;纳指;国债ETF;消费ETF;医药ETF;有色ETF;军工ETF,沪深300;创业板;纳指;国债ETF,消费ETF;医药ETF;有色ETF;军工ETF
2022-07-19,2528850.991859398,2437651.8461840837,91199.14567531412,0.5076497514305872,False,normal,-0.05230122097973029,6,沪深300;创业板;纳指;消费ETF;医药ETF;军工ETF,沪深300;创业板;纳指,消费ETF;医药ETF;军工ETF
2022-07-20,2563572.3765867567,2467953.594020651,95618.78256610548,0.5084548489397754,False,normal,-0.039289219079287556,7,沪深300;创业板;纳指;消费ETF;医药ETF;有色ETF;军工ETF,沪深300;创业板;纳指,消费ETF;医药ETF;有色ETF;军工ETF
2022-07-21,2550880.209924939,2478822.924461112,72057.2854638272,0.5084322418103542,False,normal,-0.04404566810979455,7,沪深300;创业板;纳指;消费ETF;医药ETF;科技ETF;军工ETF,沪深300;创业板;纳指,消费ETF;医药ETF;科技ETF;军工ETF
2022-07-22,2548324.4831176586,2456358.2372079403,91966.24590971833,0.678268583310026,False,normal,-0.0450034387267925,7,沪深300;创业板;纳指;国债ETF;消费ETF;医药ETF;军工ETF,沪深300;创业板;纳指;国债ETF,消费ETF;医药ETF;军工ETF
2022-07-25,2532631.68811038,2442577.9278152585,90053.76029512146,0.6696947846244782,False,normal,-0.050884387313991926,6,沪深300;创业板;国债ETF;消费ETF;医药ETF;军工ETF,沪深300;创业板;国债ETF,消费ETF;医药ETF;军工ETF
2022-07-26,2540285.322597949,2429777.9401898505,110507.38240809832,0.6694899054625573,False,normal,-0.048016151865448053,5,沪深300;创业板;国债ETF;消费ETF;军工ETF,沪深300;创业板;国债ETF,消费ETF;军工ETF
2022-07-27,2536894.807531063,2235904.5581357903,300990.2493952727,0.6699845731408474,False,normal,-0.04928676330102931,4,沪深300;创业板;国债ETF;军工ETF,沪深300;创业板;国债ETF,军工ETF
2022-07-28,2541183.59378386,2239372.917153576,301810.6766302842,0.6818422080120109,False,normal,-0.047679520522257976,5,沪深300;创业板;纳指;国债ETF;军工ETF,沪深300;创业板;纳指;国债ETF,军工ETF
2022-07-29,2534426.798114652,2236558.223102086,297868.5750125656,0.6839842415601898,False,normal,-0.05021166141407457,5,沪深300;创业板;纳指;国债ETF;军工ETF,沪深300;创业板;纳指;国债ETF,军工ETF
2022-08-01,2546399.8860466927,2247281.0475372854,299118.83850940736,0.6831629519935419,False,normal,-0.045724690512734735,5,沪深300;创业板;纳指;国债ETF;军工ETF,沪深300;创业板;纳指;国债ETF,军工ETF
2022-08-02,2524621.1022478226,2228346.072840451,296275.02940737177,0.70170122935851,False,normal,-0.053886391965757015,4,创业板;纳指;国债ETF;军工ETF,创业板;纳指;国债ETF,军工ETF
2022-08-03,2533108.556620337,2232374.31074483,300734.2458755071,0.7037084911594931,False,normal,-0.05070567860157891,4,创业板;纳指;国债ETF;军工ETF,创业板;纳指;国债ETF,军工ETF
2022-08-04,2543547.3795467867,2240617.609689585,302929.7698572017,0.7013835810877163,False,normal,-0.04679368071255694,4,创业板;纳指;国债ETF;军工ETF,创业板;纳指;国债ETF,军工ETF
2022-08-05,2556706.965621646,2387824.7244024184,168882.24121922767,0.6805857783513769,False,normal,-0.041862064063057744,6,沪深300;创业板;纳指;国债ETF;科技ETF;军工ETF,沪深300;创业板;纳指;国债ETF,科技ETF;军工ETF
2022-08-08,2557207.5720441793,2388009.243628133,169198.32841604622,0.7011181876658634,False,normal,-0.041674459456486734,5,创业板;纳指;国债ETF;科技ETF;军工ETF,创业板;纳指;国债ETF,科技ETF;军工ETF
2022-08-09,2560998.5219996357,2392860.0320449853,168138.4899546504,0.7043179687286012,False,normal,-0.04025378316686818,5,创业板;纳指;国债ETF;科技ETF;军工ETF,创业板;纳指;国债ETF,科技ETF;军工ETF
2022-08-10,2539892.9355913503,2357070.951108252,182821.98448309815,0.7029617549626591,False,normal,-0.048163200737941496,6,创业板;纳指;国债ETF;有色ETF;科技ETF;军工ETF,创业板;纳指;国债ETF,有色ETF;科技ETF;军工ETF
2022-08-11,2583322.102095213,2467407.7422439097,115914.35985130304,0.7020892174692878,False,normal,-0.03188791674451164,7,创业板;纳指;国债ETF;证券ETF;有色ETF;科技ETF;军工ETF,创业板;纳指;国债ETF,证券ETF;有色ETF;科技ETF;军工ETF
2022-08-12,2563169.241965187,2447688.7083052187,115480.53365996806,0.8034422570856113,False,normal,-0.03944029567093824,6,纳指;国债ETF;证券ETF;有色ETF;科技ETF;军工ETF,纳指;国债ETF,证券ETF;有色ETF;科技ETF;军工ETF
2022-08-15,2582660.2212115433,2406328.751117076,176331.4700944675,0.7028414367723281,False,normal,-0.03213595971237714,6,创业板;纳指;国债ETF;有色ETF;科技ETF;军工ETF,创业板;纳指;国债ETF,有色ETF;科技ETF;军工ETF
2022-08-16,2589417.4581995443,2416382.9972263454,173034.460973199,0.7023335535859935,False,normal,-0.029603653434271522,6,创业板;纳指;国债ETF;有色ETF;科技ETF;军工ETF,创业板;纳指;国债ETF,有色ETF;科技ETF;军工ETF
2022-08-17,2596819.8136040103,2517188.626684234,79631.18691977626,0.7038658375868129,False,normal,-0.026829586001564324,6,创业板;纳指;国债ETF;证券ETF;科技ETF;军工ETF,创业板;纳指;国债ETF,证券ETF;科技ETF;军工ETF
2022-08-18,2587043.96877871,2507843.4188112193,79200.5499674906,0.8000566001261765,False,normal,-0.030493129735320187,5,纳指;国债ETF;证券ETF;科技ETF;军工ETF,纳指;国债ETF,证券ETF;科技ETF;军工ETF
2022-08-19,2578462.281165306,2450793.5072047696,127668.77396053635,0.8003899979647229,False,normal,-0.03370915744882986,4,纳指;国债ETF;证券ETF;军工ETF,纳指;国债ETF,证券ETF;军工ETF
2022-08-22,2566527.4618886397,2413976.1911338596,152551.27075478015,0.7988031301776128,False,normal,-0.03818178699194414,5,纳指;国债ETF;证券ETF;有色ETF;军工ETF,纳指;国债ETF,证券ETF;有色ETF;军工ETF
2022-08-23,2547326.19592224,2397081.941300158,150244.25462208223,0.7035058331282749,False,normal,-0.04537755153899661,6,创业板;纳指;国债ETF;证券ETF;有色ETF;军工ETF,创业板;纳指;国债ETF,证券ETF;有色ETF;军工ETF
2022-08-24,2511396.8541646386,1757977.7979152468,753419.0562493918,0.7966404483375243,False,normal,-0.058842241006383855,2,纳指;国债ETF,纳指;国债ETF,
2022-08-25,2522632.3383829063,2342240.070103193,180392.2682797131,1.0,False,normal,-0.054631690558915716,4,纳指;黄金;国债ETF;证券ETF,纳指;黄金;国债ETF,证券ETF
2022-08-26,2519615.9023803696,2339009.790279141,180606.11210122844,0.7956457155993362,False,normal,-0.055762114109294575,3,纳指;国债ETF;证券ETF,纳指;国债ETF,证券ETF
2022-08-29,2481885.5296292654,2304290.6899649026,177594.83966436284,0.7857556838184465,False,normal,-0.0699017483951051,3,纳指;国债ETF;证券ETF,纳指;国债ETF,证券ETF
2022-08-30,2487246.5737130702,2309394.86691278,177851.70680029038,1.0,False,normal,-0.06789267196124214,4,纳指;黄金;国债ETF;证券ETF,纳指;黄金;国债ETF,证券ETF
2022-08-31,2482094.85805288,2324344.679208262,157750.17884461815,1.0,False,normal,-0.06982330158581802,4,纳指;黄金;国债ETF;证券ETF,纳指;黄金;国债ETF,证券ETF
2022-09-01,2456369.852796124,2301420.3090710808,154949.54372504307,1.0,False,normal,-0.0794638680528016,4,纳指;黄金;国债ETF;证券ETF,纳指;黄金;国债ETF,证券ETF
2022-09-02,2459950.694793162,1721965.486355213,737985.208437949,1.0,False,normal,-0.07812193070679677,3,纳指;黄金;国债ETF,纳指;黄金;国债ETF,
2022-09-05,2461600.4613448703,2306053.903129579,155546.55821529124,1.0,False,normal,-0.07750367294793495,4,纳指;黄金;国债ETF;证券ETF,纳指;黄金;国债ETF,证券ETF
2022-09-06,2475312.401485138,2319990.0166353555,155322.38484978257,1.0,False,normal,-0.07236505901980622,4,纳指;黄金;国债ETF;证券ETF,纳指;黄金;国债ETF,证券ETF
2022-09-07,2461720.4409396946,2308108.0720930835,153612.36884661112,1.0,False,normal,-0.07745871003161903,4,纳指;黄金;国债ETF;证券ETF,纳指;黄金;国债ETF,证券ETF
2022-09-08,2475807.6969274883,2368082.9453008957,107724.7516265926,1.0,False,normal,-0.07217944472798728,5,纳指;黄金;国债ETF;证券ETF;军工ETF,纳指;黄金;国债ETF,证券ETF;军工ETF
2022-09-09,2480826.1760216984,2373107.0024328893,107719.17358880909,1.0,False,normal,-0.07029874613189299,5,纳指;黄金;国债ETF;证券ETF;军工ETF,纳指;黄金;国债ETF,证券ETF;军工ETF
2022-09-13,2499483.1716512525,2355378.31091697,144104.86073428253,1.0,False,normal,-0.06330694944824795,6,纳指;黄金;国债ETF;证券ETF;有色ETF;军工ETF,纳指;黄金;国债ETF,证券ETF;有色ETF;军工ETF
2022-09-14,2463306.914269753,2357304.293964288,106002.6203054646,1.0,False,normal,-0.07686417170465384,4,黄金;国债ETF;证券ETF;军工ETF,黄金;国债ETF,证券ETF;军工ETF
2022-09-15,2450198.007844528,2305101.751749073,145096.25609545503,1.0,False,warning,-0.08177679591757428,3,黄金;国债ETF;证券ETF,黄金;国债ETF,证券ETF
2022-09-16,2411868.7357328953,1688308.1150130266,723560.6207198687,1.0,False,warning,-0.0961408705498331,2,黄金;国债ETF,黄金;国债ETF,
2022-09-19,2414967.84225611,1690477.489579277,724490.352676833,1.0,False,warning,-0.09497946583379448,2,黄金;国债ETF,黄金;国债ETF,
2022-09-20,2418904.555207588,1693233.1886453112,725671.3665622766,1.0,False,warning,-0.09350416417724039,3,纳指;黄金;国债ETF,纳指;黄金;国债ETF,
2022-09-21,2416526.6926096133,1691568.6848267291,724958.0077828842,1.0,False,warning,-0.09439527934694893,3,纳指;黄金;国债ETF,纳指;黄金;国债ETF,
2022-09-22,2405057.380097251,1683540.1660680755,721517.2140291755,1.0,False,warning,-0.09869345804516305,2,黄金;国债ETF,黄金;国债ETF,
2022-09-23,2408101.300066528,0.0,2408101.300066528,0.0,True,warning,-0.0975527347492451,0,,黄金;国债ETF,
2022-09-26,2408101.300066528,0.0,2408101.300066528,0.0,True,warning,-0.0975527347492451,0,,国债ETF,
2022-09-27,2408101.300066528,0.0,2408101.300066528,0.0,True,warning,-0.0975527347492451,0,,国债ETF,
2022-09-28,2408101.300066528,0.0,2408101.300066528,0.0,True,warning,-0.0975527347492451,0,,国债ETF,
2022-09-29,2408101.300066528,0.0,2408101.300066528,0.0,True,warning,-0.0975527347492451,0,,黄金,
2022-09-30,2408101.300066528,0.0,2408101.300066528,0.0,True,warning,-0.0975527347492451,0,,,
2022-10-10,2408101.300066528,0.0,2408101.300066528,0.0,True,warning,-0.0975527347492451,0,,黄金;国债ETF,
2022-10-11,2408101.300066528,0.0,2408101.300066528,0.0,True,warning,-0.0975527347492451,0,,黄金;国债ETF,
2022-10-12,2408101.300066528,0.0,2408101.300066528,0.0,True,warning,-0.0975527347492451,0,,黄金;国债ETF,
2022-10-13,2408101.300066528,0.0,2408101.300066528,0.0,True,warning,-0.0975527347492451,0,,黄金;国债ETF,
2022-10-14,2408101.300066528,0.0,2408101.300066528,0.0,True,warning,-0.0975527347492451,0,,黄金;国债ETF,医药ETF
2022-10-17,2408101.300066528,0.0,2408101.300066528,0.0,True,warning,-0.0975527347492451,0,,国债ETF,医药ETF
2022-10-18,2408101.300066528,0.0,2408101.300066528,0.0,True,warning,-0.0975527347492451,0,,黄金,医药ETF
2022-10-19,2408101.300066528,0.0,2408101.300066528,0.0,True,warning,-0.0975527347492451,0,,黄金,医药ETF
2022-10-20,2408101.300066528,0.0,2408101.300066528,0.0,True,warning,-0.0975527347492451,0,,黄金,医药ETF
2022-10-21,2408101.300066528,0.0,2408101.300066528,0.0,True,warning,-0.0975527347492451,0,,黄金,医药ETF
2022-10-24,2408101.300066528,0.0,2408101.300066528,0.0,True,warning,-0.0975527347492451,0,,黄金,军工ETF
2022-10-25,2408101.300066528,0.0,2408101.300066528,0.0,True,warning,-0.0975527347492451,0,,黄金,军工ETF
2022-10-26,2408101.300066528,0.0,2408101.300066528,0.0,True,warning,-0.0975527347492451,0,,黄金,医药ETF;军工ETF
2022-10-27,2408101.300066528,0.0,2408101.300066528,0.0,True,warning,-0.0975527347492451,0,,黄金;国债ETF,医药ETF;科技ETF;军工ETF
2022-10-28,2408101.300066528,0.0,2408101.300066528,0.0,True,warning,-0.0975527347492451,0,,黄金;国债ETF,军工ETF
2022-10-31,2408101.300066528,0.0,2408101.300066528,0.0,True,warning,-0.0975527347492451,0,,黄金;国债ETF,科技ETF;军工ETF
2022-11-01,2408101.300066528,0.0,2408101.300066528,0.0,True,warning,-0.0975527347492451,0,,黄金;国债ETF,医药ETF;科技ETF;军工ETF
2022-11-02,2408101.300066528,0.0,2408101.300066528,0.0,True,warning,-0.0975527347492451,0,,黄金,医药ETF;科技ETF;军工ETF
2022-11-03,2408101.300066528,0.0,2408101.300066528,0.0,True,warning,-0.0975527347492451,0,,黄金;国债ETF,医药ETF;科技ETF;军工ETF
2022-11-04,2408101.300066528,2277931.139882726,130170.16018380178,0.857340029430761,False,warning,-0.0975527347492451,5,黄金;医药ETF;有色ETF;科技ETF;军工ETF,黄金,医药ETF;有色ETF;科技ETF;军工ETF
2022-11-07,2420881.884450197,2290024.997364527,130856.88708567014,0.8562300655081706,False,warning,-0.09276315076246255,5,黄金;医药ETF;有色ETF;科技ETF;军工ETF,黄金,医药ETF;有色ETF;科技ETF;军工ETF
2022-11-08,2420457.5439354028,2289945.1088481075,130512.43508729525,0.8580392651934026,False,warning,-0.09292217436213454,5,黄金;医药ETF;有色ETF;科技ETF;军工ETF,黄金,医药ETF;有色ETF;科技ETF;军工ETF
2022-11-09,2462789.023849095,2330908.9826097577,131880.04123933753,0.838510987437387,False,normal,-0.07705825357064888,5,黄金;医药ETF;有色ETF;科技ETF;军工ETF,黄金,医药ETF;有色ETF;科技ETF;军工ETF
2022-11-10,2444307.2155056503,2345578.004019918,98729.21148573235,0.8386591306918726,False,warning,-0.08398439799653733,5,黄金;医药ETF;证券ETF;有色ETF;科技ETF,黄金,医药ETF;证券ETF;有色ETF;科技ETF
2022-11-11,2467379.366487476,2376611.315147254,90768.0513402219,0.8380144786580627,False,normal,-0.0753380011209466,6,黄金;医药ETF;证券ETF;有色ETF;科技ETF;军工ETF,黄金,医药ETF;证券ETF;有色ETF;科技ETF;军工ETF
2022-11-14,2452181.417965466,2351647.251789598,100534.16617586836,0.8359853676830026,False,warning,-0.08103350366510065,5,黄金;医药ETF;证券ETF;有色ETF;科技ETF,黄金,医药ETF;证券ETF;有色ETF;科技ETF
2022-11-15,2476244.046294075,2381813.9588709907,94430.0874230843,0.8372531529548848,False,normal,-0.0720159207547395,6,黄金;医药ETF;证券ETF;有色ETF;科技ETF;军工ETF,黄金,医药ETF;证券ETF;有色ETF;科技ETF;军工ETF
2022-11-16,2480308.5452856882,2385785.177552187,94523.36773350136,0.6734803723681605,False,normal,-0.0704927306798475,7,纳指;黄金;医药ETF;证券ETF;有色ETF;科技ETF;军工ETF,纳指;黄金,医药ETF;证券ETF;有色ETF;科技ETF;军工ETF
2022-11-17,2476880.6199245127,2382525.146445548,94355.47347896453,0.6424153365606137,False,normal,-0.0717773617988088,8,创业板;纳指;黄金;医药ETF;证券ETF;有色ETF;科技ETF;军工ETF,创业板;纳指;黄金,医药ETF;证券ETF;有色ETF;科技ETF;军工ETF
2022-11-18,2468817.853328864,2374697.706789001,94120.1465398632,0.6428570353168005,False,normal,-0.07479892142522368,8,创业板;纳指;黄金;医药ETF;证券ETF;有色ETF;科技ETF;军工ETF,创业板;纳指;黄金,医药ETF;证券ETF;有色ETF;科技ETF;军工ETF
2022-11-21,2462115.851844441,2369274.7480370877,92841.10380735341,0.6788138869533219,False,normal,-0.07731052793910118,7,创业板;黄金;医药ETF;证券ETF;有色ETF;科技ETF;军工ETF,创业板;黄金,医药ETF;证券ETF;有色ETF;科技ETF;军工ETF
2022-11-22,2439591.305724662,2363623.57145996,75967.7342647016,0.6772682227934235,False,warning,-0.08575170732231392,6,创业板;黄金;医药ETF;证券ETF;科技ETF;军工ETF,创业板;黄金,医药ETF;证券ETF;科技ETF;军工ETF
2022-11-23,2432749.1947006886,2341225.1517809983,91524.04291969026,0.6422738230169416,False,warning,-0.08831582054377851,8,创业板;纳指;黄金;医药ETF;证券ETF;有色ETF;科技ETF;军工ETF,创业板;纳指;黄金,医药ETF;证券ETF;有色ETF;科技ETF;军工ETF
2022-11-24,2438701.6256240974,2335316.8764627506,103384.74916134682,0.6419317649493631,False,warning,-0.08608511911594575,7,创业板;纳指;黄金;医药ETF;证券ETF;有色ETF;科技ETF,创业板;纳指;黄金,医药ETF;证券ETF;有色ETF;科技ETF
2022-11-25,2436087.5855229474,2332810.291955336,103277.29356761137,1.0,False,warning,-0.08706474291352997,7,纳指;黄金;国债ETF;医药ETF;证券ETF;有色ETF;科技ETF,纳指;黄金;国债ETF,医药ETF;证券ETF;有色ETF;科技ETF
2022-11-28,2419067.181100909,2328570.409170927,90496.77192998212,0.6745696929031358,False,warning,-0.09344321936039121,4,纳指;黄金;证券ETF;科技ETF,纳指;黄金,证券ETF;科技ETF
2022-11-29,2431988.772561882,2324592.711547542,107396.06101434026,0.6349404620352962,False,warning,-0.08860079230953564,8,沪深300;创业板;纳指;黄金;医药ETF;证券ETF;有色ETF;科技ETF,沪深300;创业板;纳指;黄金,医药ETF;证券ETF;有色ETF;科技ETF
2022-11-30,2424447.543012903,2352720.822326136,71726.72068676725,0.7204576770210269,False,warning,-0.09142690347974113,7,沪深300;纳指;黄金;消费ETF;证券ETF;有色ETF;科技ETF,沪深300;纳指;黄金,消费ETF;证券ETF;有色ETF;科技ETF
2022-12-01,2461447.9860919807,2382966.8941140696,78481.09197791107,0.6324390977378623,False,normal,-0.07756081376463764,9,沪深300;创业板;纳指;黄金;消费ETF;医药ETF;证券ETF;有色ETF;科技ETF,沪深300;创业板;纳指;黄金,消费ETF;医药ETF;证券ETF;有色ETF;科技ETF
2022-12-02,2456076.4949822007,2378269.828497791,77806.66648440948,0.6328597340856448,False,normal,-0.07957380527052063,9,沪深300;创业板;纳指;黄金;消费ETF;医药ETF;证券ETF;有色ETF;科技ETF,沪深300;创业板;纳指;黄金,消费ETF;医药ETF;证券ETF;有色ETF;科技ETF
2022-12-05,2465674.548807526,2385500.5556566813,80173.9931508447,0.6338062957640926,False,normal,-0.0759768895485138,9,沪深300;创业板;纳指;黄金;消费ETF;医药ETF;证券ETF;有色ETF;科技ETF,沪深300;创业板;纳指;黄金,消费ETF;医药ETF;证券ETF;有色ETF;科技ETF
2022-12-06,2462169.0940155676,2382243.6492206547,79925.44479491282,0.6337142011655985,False,normal,-0.07729057518556555,9,沪深300;创业板;纳指;黄金;消费ETF;医药ETF;证券ETF;有色ETF;科技ETF,沪深300;创业板;纳指;黄金,消费ETF;医药ETF;证券ETF;有色ETF;科技ETF
2022-12-07,2458328.903379126,2378483.4840341546,79845.41934497142,0.6337361143136558,False,normal,-0.07872970465150726,9,沪深300;创业板;纳指;黄金;消费ETF;医药ETF;证券ETF;有色ETF;科技ETF,沪深300;创业板;纳指;黄金,消费ETF;医药ETF;证券ETF;有色ETF;科技ETF
2022-12-08,2455021.4261544407,2375237.206851984,79784.21930245683,0.7188826167975624,False,normal,-0.07996919726596409,8,沪深300;纳指;黄金;消费ETF;医药ETF;证券ETF;有色ETF;科技ETF,沪深300;纳指;黄金,消费ETF;医药ETF;证券ETF;有色ETF;科技ETF
2022-12-09,2469695.0986597086,2388555.149045408,81139.94961430086,0.7185586005835312,False,normal,-0.07447016961991018,8,沪深300;纳指;黄金;消费ETF;医药ETF;证券ETF;有色ETF;科技ETF,沪深300;纳指;黄金,消费ETF;医药ETF;证券ETF;有色ETF;科技ETF
2022-12-12,2451601.5771433013,2370624.3066340312,80977.27050927002,0.7177640638899377,False,warning,-0.08125080173484091,8,沪深300;纳指;黄金;消费ETF;医药ETF;证券ETF;有色ETF;科技ETF,沪深300;纳指;黄金,消费ETF;医药ETF;证券ETF;有色ETF;科技ETF
2022-12-13,2458817.623490859,2377601.9889825685,81215.63450829033,0.717301160838907,False,normal,-0.07854655449570021,8,沪深300;纳指;黄金;消费ETF;医药ETF;证券ETF;有色ETF;科技ETF,沪深300;纳指;黄金,消费ETF;医药ETF;证券ETF;有色ETF;科技ETF
2022-12-14,2474921.402124578,2385798.686244825,89122.71587975323,0.7171521776665113,False,normal,-0.07251158786543344,7,沪深300;纳指;黄金;消费ETF;医药ETF;证券ETF;有色ETF,沪深300;纳指;黄金,消费ETF;医药ETF;证券ETF;有色ETF
2022-12-15,2458159.240643728,2381681.62784577,76477.61279795785,0.6331545058057766,False,normal,-0.07879328655795388,8,沪深300;创业板;纳指;黄金;消费ETF;证券ETF;有色ETF;科技ETF,沪深300;创业板;纳指;黄金,消费ETF;证券ETF;有色ETF;科技ETF
2022-12-16,2436440.970231727,2360778.1407283256,75662.82950340165,0.6432721085662115,False,warning,-0.08693231033521154,6,沪深300;创业板;黄金;消费ETF;医药ETF;证券ETF,沪深300;创业板;黄金,消费ETF;医药ETF;证券ETF
2022-12-19,2411823.415636453,2287581.802232583,124241.6134038698,0.6428977929079391,False,warning,-0.0961578544686966,4,沪深300;创业板;黄金;消费ETF,沪深300;创业板;黄金,消费ETF
2022-12-20,2375680.735382639,2250975.6836543023,124705.0517283366,1.0,False,warning,-0.10970249353889924,3,沪深300;黄金;消费ETF,沪深300;黄金,消费ETF
2022-12-21,2388931.953130091,2264026.2034467463,124905.74968334474,1.0,False,warning,-0.10473653748999875,3,沪深300;黄金;消费ETF,沪深300;黄金,消费ETF
2022-12-22,2402939.9727518423,2275006.4783440325,127933.4944078098,0.6442396237411449,False,warning,-0.09948696638645793,4,沪深300;创业板;黄金;消费ETF,沪深300;创业板;黄金,消费ETF
2022-12-23,2395325.8602071307,2267759.2730905265,127566.5871166042,0.6443184033885313,False,warning,-0.10234039080140953,4,沪深300;创业板;黄金;消费ETF,沪深300;创业板;黄金,消费ETF
2022-12-26,2401693.037991291,2273498.682597123,128194.35539416783,1.0,False,warning,-0.09995426104078774,3,沪深300;黄金;消费ETF,沪深300;黄金,消费ETF
2022-12-27,2425505.9708336145,2295795.0089841057,129710.9618495088,1.0,False,warning,-0.09103025268592281,3,沪深300;黄金;消费ETF,沪深300;黄金,消费ETF
2022-12-28,2420504.618479275,2291105.9551402945,129398.66333898064,1.0,False,warning,-0.09290453295586172,3,沪深300;黄金;消费ETF,沪深300;黄金,消费ETF
2022-12-29,2409196.8171473085,2277533.4129886054,131663.40415870305,1.0,False,warning,-0.09714218458112775,4,沪深300;黄金;消费ETF;医药ETF,沪深300;黄金,消费ETF;医药ETF
2022-12-30,2424025.270541668,2291230.5983377495,132794.67220391845,1.0,False,warning,-0.09158515207038236,4,沪深300;黄金;消费ETF;医药ETF,沪深300;黄金,消费ETF;医药ETF
2023-01-03,2420587.8135333434,2287774.025201968,132813.78833137546,1.0,False,warning,-0.092873355218852,4,沪深300;黄金;消费ETF;医药ETF,沪深300;黄金,消费ETF;医药ETF
2023-01-04,2426434.8935274812,2293362.9742065347,133071.91932094656,1.0,False,warning,-0.09068213454625557,4,沪深300;黄金;消费ETF;医药ETF,沪深300;黄金,消费ETF;医药ETF
2023-01-05,2460892.5790957566,2389726.24883698,71166.33025877643,0.644133797773809,False,normal,-0.07776895514342004,7,沪深300;创业板;黄金;消费ETF;医药ETF;证券ETF;科技ETF,沪深300;创业板;黄金,消费ETF;医药ETF;证券ETF;科技ETF
2023-01-06,2462141.244896977,2391064.1763713914,71077.06852558581,0.6449028124725059,False,normal,-0.07730101177347438,7,沪深300;创业板;黄金;消费ETF;医药ETF;证券ETF;科技ETF,沪深300;创业板;黄金,消费ETF;医药ETF;证券ETF;科技ETF
2023-01-09,2482863.1574448384,2399935.6220529615,82927.53539187694,0.8590319585410241,False,normal,-0.06953537778246827,9,沪深300;创业板;黄金;国债ETF;消费ETF;医药ETF;证券ETF;有色ETF;科技ETF,沪深300;创业板;黄金;国债ETF,消费ETF;医药ETF;证券ETF;有色ETF;科技ETF
2023-01-10,2492781.5671846396,2410003.329639935,82778.2375447047,0.8593930423890821,False,normal,-0.06581840717783766,9,沪深300;创业板;黄金;国债ETF;消费ETF;医药ETF;证券ETF;有色ETF;科技ETF,沪深300;创业板;黄金;国债ETF,消费ETF;医药ETF;证券ETF;有色ETF;科技ETF
2023-01-11,2484507.852491834,2403090.446321709,81417.40617012512,0.8610775333296324,False,normal,-0.06891902059380191,9,沪深300;创业板;黄金;国债ETF;消费ETF;医药ETF;证券ETF;有色ETF;科技ETF,沪深300;创业板;黄金;国债ETF,消费ETF;医药ETF;证券ETF;有色ETF;科技ETF
2023-01-12,2486562.18487576,2405752.0949196615,80810.0899560987,0.8616428821968906,False,normal,-0.06814914989038139,9,沪深300;创业板;黄金;国债ETF;消费ETF;医药ETF;证券ETF;有色ETF;科技ETF,沪深300;创业板;黄金;国债ETF,消费ETF;医药ETF;证券ETF;有色ETF;科技ETF
2023-01-13,2512209.658274219,2428429.47970749,83780.17856672872,0.8598472960659957,False,normal,-0.05853763885121078,9,沪深300;创业板;黄金;国债ETF;消费ETF;医药ETF;证券ETF;有色ETF;科技ETF,沪深300;创业板;黄金;国债ETF,消费ETF;医药ETF;证券ETF;有色ETF;科技ETF
2023-01-16,2541318.509847953,2451616.3652893105,89702.14455864253,0.6446976256018856,False,normal,-0.04762896009397547,8,沪深300;创业板;黄金;消费ETF;医药ETF;证券ETF;有色ETF;科技ETF,沪深300;创业板;黄金,消费ETF;医药ETF;证券ETF;有色ETF;科技ETF
2023-01-17,2544501.5808173777,2455844.15353119,88657.42728618765,0.6462563165152487,False,normal,-0.04643608930761071,8,沪深300;创业板;黄金;消费ETF;医药ETF;证券ETF;有色ETF;科技ETF,沪深300;创业板;黄金,消费ETF;医药ETF;证券ETF;有色ETF;科技ETF
2023-01-18,2539162.356979084,2451251.7691985657,87910.58778051846,0.6472436197609142,False,normal,-0.04843698850204927,8,沪深300;创业板;黄金;消费ETF;医药ETF;证券ETF;有色ETF;科技ETF,沪深300;创业板;黄金,消费ETF;医药ETF;证券ETF;有色ETF;科技ETF
2023-01-19,2561122.1771835713,2490274.030228455,70848.14695511619,0.6467690766124476,False,normal,-0.04020744280628052,9,沪深300;创业板;黄金;消费ETF;医药ETF;证券ETF;有色ETF;科技ETF;军工ETF,沪深300;创业板;黄金,消费ETF;医药ETF;证券ETF;有色ETF;科技ETF;军工ETF
2023-01-20,2575620.8533681817,2504236.375334131,71384.47803405067,0.6462548085139141,False,normal,-0.034773995852783804,9,沪深300;创业板;黄金;消费ETF;医药ETF;证券ETF;有色ETF;科技ETF;军工ETF,沪深300;创业板;黄金,消费ETF;医药ETF;证券ETF;有色ETF;科技ETF;军工ETF
2023-01-30,2587549.7209331887,2516517.121335321,71032.59959786758,0.8623780809392043,False,normal,-0.030303596741549758,10,沪深300;创业板;黄金;国债ETF;消费ETF;医药ETF;证券ETF;有色ETF;科技ETF;军工ETF,沪深300;创业板;黄金;国债ETF,消费ETF;医药ETF;证券ETF;有色ETF;科技ETF;军工ETF
2023-01-31,2567846.4203350935,2498462.2560239537,69384.16431113984,0.8643520507358953,False,normal,-0.03768750112326049,10,沪深300;创业板;黄金;国债ETF;消费ETF;医药ETF;证券ETF;有色ETF;科技ETF;军工ETF,沪深300;创业板;黄金;国债ETF,消费ETF;医药ETF;证券ETF;有色ETF;科技ETF;军工ETF
2023-02-01,2590781.038111833,2521363.188885102,69417.84922673088,0.8019813441456078,False,normal,-0.02909264546182381,11,沪深300;创业板;纳指;黄金;国债ETF;消费ETF;医药ETF;证券ETF;有色ETF;科技ETF;军工ETF,沪深300;创业板;纳指;黄金;国债ETF,消费ETF;医药ETF;证券ETF;有色ETF;科技ETF;军工ETF
2023-02-02,2594503.0540967425,2525032.9815012836,69470.07259545894,0.8646494227653342,False,normal,-0.02769780250122723,10,沪深300;创业板;黄金;国债ETF;消费ETF;医药ETF;证券ETF;有色ETF;科技ETF;军工ETF,沪深300;创业板;黄金;国债ETF,消费ETF;医药ETF;证券ETF;有色ETF;科技ETF;军工ETF
2023-02-03,2576638.229256574,2508188.4338961504,68449.79536042362,0.8031499523439718,False,normal,-0.034392729463289994,11,沪深300;创业板;纳指;黄金;国债ETF;消费ETF;医药ETF;证券ETF;有色ETF;科技ETF;军工ETF,沪深300;创业板;纳指;黄金;国债ETF,消费ETF;医药ETF;证券ETF;有色ETF;科技ETF;军工ETF
2023-02-06,2548250.763813713,2478721.561023757,69529.20278995624,0.8010990128630249,False,normal,-0.04503106538196685,11,沪深300;创业板;纳指;黄金;国债ETF;消费ETF;医药ETF;证券ETF;有色ETF;科技ETF;军工ETF,沪深300;创业板;纳指;黄金;国债ETF,消费ETF;医药ETF;证券ETF;有色ETF;科技ETF;军工ETF
2023-02-07,2548479.0655602496,2480328.0971217593,68150.9684384903,0.8052985515181987,False,normal,-0.04494550823085857,11,沪深300;创业板;纳指;黄金;国债ETF;消费ETF;医药ETF;证券ETF;有色ETF;科技ETF;军工ETF,沪深300;创业板;纳指;黄金;国债ETF,消费ETF;医药ETF;证券ETF;有色ETF;科技ETF;军工ETF
2023-02-08,2546675.1061290097,2478256.5642607687,68418.54186824104,0.8057115677171592,False,normal,-0.045621550495069274,11,沪深300;创业板;纳指;黄金;国债ETF;消费ETF;医药ETF;证券ETF;有色ETF;科技ETF;军工ETF,沪深300;创业板;纳指;黄金;国债ETF,消费ETF;医药ETF;证券ETF;有色ETF;科技ETF;军工ETF
2023-02-09,2567133.815667235,2496692.155636814,70441.66003042087,0.8071832008418333,False,normal,-0.037954553067336194,11,沪深300;创业板;纳指;黄金;国债ETF;消费ETF;医药ETF;证券ETF;有色ETF;科技ETF;军工ETF,沪深300;创业板;纳指;黄金;国债ETF,消费ETF;医药ETF;证券ETF;有色ETF;科技ETF;军工ETF
2023-02-10,2548498.521173441,2478267.9078802783,70230.61329316255,0.8057464103003803,False,normal,-0.04493821714849516,11,沪深300;创业板;纳指;黄金;国债ETF;消费ETF;医药ETF;证券ETF;有色ETF;科技ETF;军工ETF,沪深300;创业板;纳指;黄金;国债ETF,消费ETF;医药ETF;证券ETF;有色ETF;科技ETF;军工ETF
2023-02-13,2562942.9031193038,2495344.1117646866,67598.7913546171,0.8100732006764768,False,normal,-0.03952511721581325,11,沪深300;创业板;纳指;黄金;国债ETF;消费ETF;医药ETF;证券ETF;有色ETF;科技ETF;军工ETF,沪深300;创业板;纳指;黄金;国债ETF,消费ETF;医药ETF;证券ETF;有色ETF;科技ETF;军工ETF
2023-02-14,2568141.864089496,2500463.0198626127,67678.84422688326,0.8098936686590433,False,normal,-0.037576782189555936,11,沪深300;创业板;纳指;黄金;国债ETF;消费ETF;医药ETF;证券ETF;有色ETF;科技ETF;军工ETF,沪深300;创业板;纳指;黄金;国债ETF,消费ETF;医药ETF;证券ETF;有色ETF;科技ETF;军工ETF
2023-02-15,2559058.828975362,2495347.107427143,63711.721548218746,0.8182691585543768,False,normal,-0.0409806922321694,11,沪深300;创业板;纳指;黄金;国债ETF;消费ETF;医药ETF;证券ETF;有色ETF;科技ETF;军工ETF,沪深300;创业板;纳指;黄金;国债ETF,消费ETF;医药ETF;证券ETF;有色ETF;科技ETF;军工ETF
2023-02-16,2550354.0366751747,2486379.5801030407,63974.45657213405,0.81826933397785,False,normal,-0.04424285400487498,11,沪深300;创业板;纳指;黄金;国债ETF;消费ETF;医药ETF;证券ETF;有色ETF;科技ETF;军工ETF,沪深300;创业板;纳指;黄金;国债ETF,消费ETF;医药ETF;证券ETF;有色ETF;科技ETF;军工ETF
2023-02-17,2517156.2609058144,2431628.6135635814,85527.64734223299,0.8180081249294289,False,normal,-0.05668387629685221,10,沪深300;创业板;纳指;黄金;国债ETF;消费ETF;医药ETF;有色ETF;科技ETF;军工ETF,沪深300;创业板;纳指;黄金;国债ETF,消费ETF;医药ETF;有色ETF;科技ETF;军工ETF
2023-02-20,2542648.579641934,2475995.790889024,66652.78875291022,0.816749876320634,False,normal,-0.04713051019565198,11,沪深300;创业板;纳指;黄金;国债ETF;消费ETF;医药ETF;证券ETF;有色ETF;科技ETF;军工ETF,沪深300;创业板;纳指;黄金;国债ETF,消费ETF;医药ETF;证券ETF;有色ETF;科技ETF;军工ETF
2023-02-21,2542867.67342505,2478463.216947869,64404.456477181055,0.8187733790031391,False,normal,-0.047048403772055526,11,沪深300;创业板;纳指;黄金;国债ETF;消费ETF;医药ETF;证券ETF;有色ETF;科技ETF;军工ETF,沪深300;创业板;纳指;黄金;国债ETF,消费ETF;医药ETF;证券ETF;有色ETF;科技ETF;军工ETF
2023-02-22,2528057.6086563757,2463895.7425223454,64161.86613403028,0.8176842402068242,False,normal,-0.05259854505901362,11,沪深300;创业板;纳指;黄金;国债ETF;消费ETF;医药ETF;证券ETF;有色ETF;科技ETF;军工ETF,沪深300;创业板;纳指;黄金;国债ETF,消费ETF;医药ETF;证券ETF;有色ETF;科技ETF;军工ETF
2023-02-23,2529287.5922368225,2468900.5169722885,60387.07526453398,0.8238259346085004,False,normal,-0.0521376029389928,10,沪深300;创业板;纳指;黄金;国债ETF;消费ETF;证券ETF;有色ETF;科技ETF;军工ETF,沪深300;创业板;纳指;黄金;国债ETF,消费ETF;证券ETF;有色ETF;科技ETF;军工ETF
2023-02-24,2520073.2343824166,2460204.0038577756,59869.230524640996,0.8240556504795602,False,normal,-0.05559072679492057,10,沪深300;创业板;纳指;黄金;国债ETF;消费ETF;证券ETF;有色ETF;科技ETF;军工ETF,沪深300;创业板;纳指;黄金;国债ETF,消费ETF;证券ETF;有色ETF;科技ETF;军工ETF
2023-02-27,2507466.326293454,2417202.716355289,90263.60993816517,0.8263122478229211,False,normal,-0.06031522477506682,8,沪深300;创业板;纳指;黄金;国债ETF;消费ETF;有色ETF;军工ETF,沪深300;创业板;纳指;黄金;国债ETF,消费ETF;有色ETF;军工ETF
2023-02-28,2515960.4185957396,2457186.8278320134,58773.59076372627,0.82595383188668,False,normal,-0.057132023815550145,10,沪深300;创业板;纳指;黄金;国债ETF;消费ETF;证券ETF;有色ETF;科技ETF;军工ETF,沪深300;创业板;纳指;黄金;国债ETF,消费ETF;证券ETF;有色ETF;科技ETF;军工ETF
2023-03-01,2530483.744080516,2470617.6342596924,59866.10982082365,0.8257276375902918,False,normal,-0.05168933942111833,10,沪深300;创业板;纳指;黄金;国债ETF;消费ETF;证券ETF;有色ETF;科技ETF;军工ETF,沪深300;创业板;纳指;黄金;国债ETF,消费ETF;证券ETF;有色ETF;科技ETF;军工ETF
2023-03-02,2517733.69851588,2517733.69851588,0.0,0.8250121489203479,False,normal,-0.05646747884212628,9,沪深300;创业板;纳指;黄金;国债ETF;消费ETF;证券ETF;科技ETF;军工ETF,沪深300;创业板;纳指;黄金;国债ETF,消费ETF;证券ETF;科技ETF;军工ETF
2023-03-03,2529223.6132502737,2529223.6132502737,0.0,0.6594070611559545,False,normal,-0.052161579364503975,8,沪深300;创业板;纳指;黄金;消费ETF;证券ETF;科技ETF;军工ETF,沪深300;创业板;纳指;黄金,消费ETF;证券ETF;科技ETF;军工ETF
2023-03-06,2540884.8690965446,2540884.8690965446,0.0,0.6612114742325466,False,normal,-0.047791469000971615,7,沪深300;创业板;纳指;黄金;消费ETF;科技ETF;军工ETF,沪深300;创业板;纳指;黄金,消费ETF;科技ETF;军工ETF
2023-03-07,2508535.02546394,2283336.070655912,225198.95480802795,0.6624252262086092,False,normal,-0.059914724744709186,5,沪深300;创业板;纳指;黄金;军工ETF,沪深300;创业板;纳指;黄金,军工ETF
2023-03-08,2504734.2162735276,2279664.7959436034,225069.4203299242,1.0,False,normal,-0.06133909582890442,4,纳指;黄金;国债ETF;军工ETF,纳指;黄金;国债ETF,军工ETF
2023-03-09,2503029.5776263196,2277980.8244601046,225048.75316621503,1.0,False,normal,-0.061977917163111206,4,纳指;黄金;国债ETF;军工ETF,纳指;黄金;国债ETF,军工ETF
2023-03-10,2485678.4002422863,2262057.003650024,223621.3965922622,1.0,False,normal,-0.06848035233004918,4,纳指;黄金;国债ETF;军工ETF,纳指;黄金;国债ETF,军工ETF
2023-03-13,2499281.651113517,2274981.855621945,224299.795491572,1.0,False,normal,-0.06338247021565345,4,纳指;黄金;国债ETF;军工ETF,纳指;黄金;国债ETF,军工ETF
2023-03-14,2495433.271816035,2271766.283885507,223666.9879305279,1.0,False,normal,-0.0648246684207558,4,纳指;黄金;国债ETF;军工ETF,纳指;黄金;国债ETF,军工ETF
2023-03-15,2506434.29737192,2283242.60167973,223191.69569218997,1.0,False,normal,-0.06070198245750824,4,纳指;黄金;国债ETF;军工ETF,纳指;黄金;国债ETF,军工ETF
2023-03-16,2500497.8299497734,1750348.480964841,750149.3489849323,1.0,False,normal,-0.06292670148831421,3,纳指;黄金;国债ETF,纳指;黄金;国债ETF,
2023-03-17,2518425.331459226,1762897.732021458,755527.5994377681,1.0,False,normal,-0.0562082861502479,3,纳指;黄金;国债ETF,纳指;黄金;国债ETF,
2023-03-20,2529616.3329766314,1770731.4330836416,758884.8998929898,1.0,False,normal,-0.05201440580371911,3,纳指;黄金;国债ETF,纳指;黄金;国债ETF,
2023-03-21,2529886.2191312145,2368001.0824138275,161885.136717387,1.0,False,normal,-0.05191326470050808,4,纳指;黄金;国债ETF;科技ETF,纳指;黄金;国债ETF,科技ETF
2023-03-22,2539784.0049660597,2376202.427920458,163581.5770456018,1.0,False,normal,-0.04820402300106342,4,纳指;黄金;国债ETF;科技ETF,纳指;黄金;国债ETF,科技ETF
2023-03-23,2555172.325240951,2386655.2561462075,168517.06909474358,1.0,False,normal,-0.04243717774895764,4,纳指;黄金;国债ETF;科技ETF,纳指;黄金;国债ETF,科技ETF
2023-03-24,2569941.928505295,2402473.021759894,167468.90674540075,1.0,False,normal,-0.036902199600663974,4,纳指;黄金;国债ETF;科技ETF,纳指;黄金;国债ETF,科技ETF
2023-03-27,2570869.1298769317,2409688.157729185,161180.97214774648,1.0,False,normal,-0.036554726534581916,4,纳指;黄金;国债ETF;科技ETF,纳指;黄金;国债ETF,科技ETF
2023-03-28,2549950.9835441583,2393815.8916586144,156135.0918855439,1.0,False,normal,-0.044393900057558264,4,纳指;黄金;国债ETF;科技ETF,纳指;黄金;国债ETF,科技ETF
2023-03-29,2559160.1375466,2404641.261279257,154518.87626734283,1.0,False,normal,-0.04094272636957976,4,纳指;黄金;国债ETF;科技ETF,纳指;黄金;国债ETF,科技ETF
2023-03-30,2567609.1822908507,2412574.909147585,155034.27314326586,1.0,False,normal,-0.037776407193879064,4,纳指;黄金;国债ETF;科技ETF,纳指;黄金;国债ETF,科技ETF
2023-03-31,2584435.056392058,2427350.0261691725,157085.0302228853,1.0,False,normal,-0.03147083189782803,4,纳指;黄金;国债ETF;科技ETF,纳指;黄金;国债ETF,科技ETF
2023-04-03,2599971.1565534207,2516942.1862619203,83028.97029150045,1.0,False,normal,-0.025648605439623624,5,纳指;黄金;国债ETF;证券ETF;科技ETF,纳指;黄金;国债ETF,证券ETF;科技ETF
2023-04-04,2611897.055208833,2611897.0552088325,4.656612873077393e-10,1.0,False,normal,-0.021179318941195544,7,沪深300;纳指;黄金;国债ETF;消费ETF;证券ETF;科技ETF,沪深300;纳指;黄金;国债ETF,消费ETF;证券ETF;科技ETF
2023-04-06,2606104.695210995,2523508.3285337426,82596.36667725258,1.0,False,normal,-0.023350033038335966,5,纳指;黄金;国债ETF;证券ETF;科技ETF,纳指;黄金;国债ETF,证券ETF;科技ETF
2023-04-07,2623040.8430431895,2539571.460785593,83469.38225759659,1.0,False,normal,-0.01700313214399899,6,沪深300;纳指;黄金;国债ETF;证券ETF;科技ETF,沪深300;纳指;黄金;国债ETF,证券ETF;科技ETF
2023-04-10,2601176.318649546,2528792.1574285123,72384.16122103343,1.0,False,normal,-0.02519696528735848,6,纳指;黄金;国债ETF;医药ETF;证券ETF;科技ETF,纳指;黄金;国债ETF,医药ETF;证券ETF;科技ETF
2023-04-11,2609669.3863968016,2534588.1189873437,75081.26740945783,1.0,False,normal,-0.02201414828464824,7,纳指;黄金;国债ETF;医药ETF;证券ETF;有色ETF;科技ETF,纳指;黄金;国债ETF,医药ETF;证券ETF;有色ETF;科技ETF
2023-04-12,2612212.492437897,2514993.0510869143,97219.44135098252,1.0,False,normal,-0.021061107359017058,6,纳指;黄金;国债ETF;证券ETF;有色ETF;科技ETF,纳指;黄金;国债ETF,证券ETF;有色ETF;科技ETF
2023-04-13,2598037.2359733335,2528594.6569247646,69442.57904856885,1.0,False,normal,-0.026373351254371392,7,纳指;黄金;国债ETF;医药ETF;证券ETF;有色ETF;科技ETF,纳指;黄金;国债ETF,医药ETF;证券ETF;有色ETF;科技ETF
2023-04-14,2614205.241998131,2543440.7526392154,70764.48935891548,1.0,False,normal,-0.020314315107830095,8,沪深300;纳指;黄金;国债ETF;医药ETF;证券ETF;有色ETF;科技ETF,沪深300;纳指;黄金;国债ETF,医药ETF;证券ETF;有色ETF;科技ETF
2023-04-17,2625496.351062292,2553985.9718187307,71510.37924356107,1.0,False,normal,-0.0160829189882738,8,沪深300;纳指;黄金;国债ETF;医药ETF;证券ETF;有色ETF;科技ETF,沪深300;纳指;黄金;国债ETF,医药ETF;证券ETF;有色ETF;科技ETF
2023-04-18,2620522.9537460036,2551043.2023227,69479.7514233035,1.0,False,normal,-0.017946722976488808,8,沪深300;纳指;黄金;国债ETF;医药ETF;证券ETF;有色ETF;科技ETF,沪深300;纳指;黄金;国债ETF,医药ETF;证券ETF;有色ETF;科技ETF
2023-04-19,2609639.391712018,2539989.348875058,69650.04283695994,1.0,False,normal,-0.022025388933558817,8,沪深300;纳指;黄金;国债ETF;医药ETF;证券ETF;有色ETF;科技ETF,沪深300;纳指;黄金;国债ETF,医药ETF;证券ETF;有色ETF;科技ETF
2023-04-20,2605244.1880674865,2519480.1214617565,85764.06660572998,1.0,False,normal,-0.023672512129380294,7,沪深300;纳指;黄金;国债ETF;证券ETF;有色ETF;科技ETF,沪深300;纳指;黄金;国债ETF,证券ETF;有色ETF;科技ETF
2023-04-21,2569966.765039344,2418089.1793438727,151877.58569547115,1.0,False,normal,-0.036892891992952405,5,纳指;黄金;国债ETF;有色ETF;科技ETF,纳指;黄金;国债ETF,有色ETF;科技ETF
2023-04-24,2557459.9566194913,2395942.7672179216,161517.18940156978,1.0,False,normal,-0.04157987715225579,4,纳指;黄金;国债ETF;科技ETF,纳指;黄金;国债ETF,科技ETF
2023-04-25,2553460.395015875,1787422.276511112,766038.1185047629,1.0,False,normal,-0.04307873163619544,3,纳指;黄金;国债ETF,纳指;黄金;国债ETF,
2023-04-26,2553176.853828797,1787223.797680158,765953.0561486392,1.0,False,normal,-0.04318499002692726,3,纳指;黄金;国债ETF,纳指;黄金;国债ETF,
2023-04-27,2556114.0215835916,1789279.815108514,766834.2064750777,1.0,False,normal,-0.042084272624455965,3,纳指;黄金;国债ETF,纳指;黄金;国债ETF,
2023-04-28,2563481.2009652145,2421120.753604565,142360.4473606497,1.0,False,normal,-0.039323387571417005,4,纳指;黄金;国债ETF;证券ETF,纳指;黄金;国债ETF,证券ETF
2023-05-04,2581694.7611676697,2438985.3305994924,142709.43056817725,1.0,False,normal,-0.03249777039545703,4,纳指;黄金;国债ETF;证券ETF,纳指;黄金;国债ETF,证券ETF
2023-05-05,2593627.753965796,2449148.193515695,144479.5604501008,1.0,False,normal,-0.028025825333748654,4,纳指;黄金;国债ETF;证券ETF,纳指;黄金;国债ETF,证券ETF
2023-05-08,2608781.6788605507,2608781.6788605507,0.0,1.0,False,normal,-0.022346820850544825,6,沪深300;纳指;黄金;国债ETF;证券ETF;军工ETF,沪深300;纳指;黄金;国债ETF,证券ETF;军工ETF
2023-05-09,2603339.2968320986,2460877.1118481425,142462.18498395616,1.0,False,normal,-0.02438637906094519,5,沪深300;纳指;黄金;国债ETF;证券ETF,沪深300;纳指;黄金;国债ETF,证券ETF
2023-05-10,2584427.661821857,2450024.9185279775,134402.74329387955,1.0,False,normal,-0.03147360304771909,5,沪深300;纳指;黄金;国债ETF;证券ETF,沪深300;纳指;黄金;国债ETF,证券ETF
2023-05-11,2589240.8841390307,2455428.396967322,133812.4871717086,1.0,False,normal,-0.02966982539224536,4,纳指;黄金;国债ETF;证券ETF,纳指;黄金;国债ETF,证券ETF
2023-05-12,2578740.1243986604,2446401.290319563,132338.8340790975,1.0,False,normal,-0.0336050343930007,4,纳指;黄金;国债ETF;证券ETF,纳指;黄金;国债ETF,证券ETF
2023-05-15,2589684.9740720303,2464778.7690459867,124906.20502604358,1.0,False,normal,-0.029503400605401974,5,沪深300;纳指;黄金;国债ETF;证券ETF,沪深300;纳指;黄金;国债ETF,证券ETF
2023-05-16,2581475.1385373618,2457552.7636381895,123922.37489917222,1.0,False,normal,-0.03258007500702096,5,沪深300;纳指;黄金;国债ETF;证券ETF,沪深300;纳指;黄金;国债ETF,证券ETF
2023-05-17,2578209.805279494,2578209.805279494,0.0,1.0,False,normal,-0.03380377397209932,6,创业板;纳指;黄金;国债ETF;证券ETF;军工ETF,创业板;纳指;黄金;国债ETF,证券ETF;军工ETF
2023-05-18,2579583.20576599,2579583.2057659905,-4.656612873077393e-10,1.0,False,normal,-0.033289085693371856,6,沪深300;纳指;黄金;国债ETF;证券ETF;军工ETF,沪深300;纳指;黄金;国债ETF,证券ETF;军工ETF
2023-05-19,2582900.1043775915,2473732.1538855135,109167.95049207797,1.0,False,normal,-0.03204606236994644,4,纳指;黄金;国债ETF;军工ETF,纳指;黄金;国债ETF,军工ETF
2023-05-22,2578154.8256900627,2469078.792156536,109076.03353352658,1.0,False,normal,-0.03382437783129965,4,纳指;黄金;国债ETF;军工ETF,纳指;黄金;国债ETF,军工ETF
2023-05-23,2571323.3758934503,1799926.3631254148,771397.0127680355,1.0,False,normal,-0.03638449570776952,3,纳指;黄金;国债ETF,纳指;黄金;国债ETF,
2023-05-24,2565008.8037361223,1795506.1626152855,769502.6411208368,1.0,False,normal,-0.038750911262817725,3,纳指;黄金;国债ETF,纳指;黄金;国债ETF,
2023-05-25,2571789.781151168,1800252.8468058174,771536.9343453506,1.0,False,normal,-0.03620970814824522,3,纳指;黄金;国债ETF,纳指;黄金;国债ETF,
2023-05-26,2570175.78344201,1799123.0484094068,771052.7350326034,1.0,False,normal,-0.03681456136547087,3,纳指;黄金;国债ETF,纳指;黄金;国债ETF,
2023-05-29,2592607.0556267067,1814824.9389386945,777782.1166880121,1.0,False,normal,-0.02840833682723594,3,纳指;黄金;国债ETF,纳指;黄金;国债ETF,
2023-05-30,2592953.480389777,1815067.4362728437,777886.0441169334,1.0,False,normal,-0.02827851252124042,3,纳指;黄金;国债ETF,纳指;黄金;国债ETF,
2023-05-31,2600136.353157548,1820095.447210283,780040.9059472647,1.0,False,normal,-0.025586697236833707,3,纳指;黄金;国债ETF,纳指;黄金;国债ETF,
2023-06-01,2599692.177853559,1819784.5244974913,779907.6533560678,1.0,False,normal,-0.02575315401685595,3,纳指;黄金;国债ETF,纳指;黄金;国债ETF,
2023-06-02,2608395.769685913,1825877.0387801388,782518.730905774,1.0,False,normal,-0.022491442125105617,3,纳指;黄金;国债ETF,纳指;黄金;国债ETF,
2023-06-05,2604888.645347649,1823422.0517433544,781466.5936042948,0.854085028732017,False,normal,-0.023805753432471696,2,纳指;国债ETF,纳指;国债ETF,
2023-06-06,2606160.9167017424,1824312.6416912195,781848.2750105229,1.0,False,normal,-0.023328963770788205,3,纳指;黄金;国债ETF,纳指;黄金;国债ETF,
2023-06-07,2609378.284807708,1826564.7993653957,782813.4854423124,1.0,False,normal,-0.02212323997152216,3,纳指;黄金;国债ETF,纳指;黄金;国债ETF,
2023-06-08,2592941.061113865,1815058.7427797054,777882.3183341597,1.0,False,normal,-0.028283166703181546,3,纳指;黄金;国债ETF,纳指;黄金;国债ETF,
2023-06-09,2608503.495490631,1825952.4468434416,782551.0486471895,1.0,False,normal,-0.02245107137414834,3,纳指;黄金;国债ETF,纳指;黄金;国债ETF,
2023-06-12,2616301.492738398,1831411.0449168782,784890.4478215196,1.0,False,normal,-0.019528735303616106,3,纳指;黄金;国债ETF,纳指;黄金;国债ETF,
2023-06-13,2633423.6886846237,2522617.3192201643,110806.36946445936,1.0,False,normal,-0.01311211200528051,4,纳指;黄金;国债ETF;科技ETF,纳指;黄金;国债ETF,科技ETF
2023-06-14,2634570.675171809,2528910.2748982105,105660.40027359826,1.0,False,normal,-0.012682273435527991,4,纳指;黄金;国债ETF;科技ETF,纳指;黄金;国债ETF,科技ETF
2023-06-15,2633595.0349470177,2698647.73440962,-65052.69946260238,1.0,False,normal,-0.013047899189190044,5,纳指;黄金;国债ETF;消费ETF;科技ETF,纳指;黄金;国债ETF,消费ETF;科技ETF
2023-06-16,2654049.3688912434,2654049.3688912434,0.0,1.0,False,normal,-0.005382541535846226,5,纳指;黄金;国债ETF;消费ETF;科技ETF,纳指;黄金;国债ETF,消费ETF;科技ETF
2023-06-19,2652767.4370432603,2721793.022625595,-69025.58558233455,1.0,False,normal,-0.005862951512958975,5,纳指;黄金;国债ETF;消费ETF;科技ETF,纳指;黄金;国债ETF,消费ETF;科技ETF
2023-06-20,2655267.1638282295,2655267.1638282295,0.0,1.0,False,normal,-0.004926167167172854,5,纳指;黄金;国债ETF;科技ETF;军工ETF,纳指;黄金;国债ETF,科技ETF;军工ETF
2023-06-21,2636900.8639529785,2636900.863952978,4.656612873077393e-10,1.0,False,normal,-0.011809024252436526,5,纳指;黄金;国债ETF;科技ETF;军工ETF,纳指;黄金;国债ETF,科技ETF;军工ETF
2023-06-26,2615386.5734202233,2500206.131763522,115180.44165670127,1.0,False,normal,-0.019871605612514172,4,纳指;黄金;国债ETF;科技ETF,纳指;黄金;国债ETF,科技ETF
2023-06-27,2611217.7284472752,2611217.728447275,4.656612873077393e-10,1.0,False,normal,-0.021433899833686435,5,纳指;黄金;国债ETF;科技ETF;军工ETF,纳指;黄金;国债ETF,科技ETF;军工ETF
2023-06-28,2613709.0464313845,2613709.0464313845,0.0,1.0,False,normal,-0.020500266725491472,5,纳指;黄金;国债ETF;科技ETF;军工ETF,纳指;黄金;国债ETF,科技ETF;军工ETF
2023-06-29,2626999.3353404594,2626999.3353404594,0.0,1.0,False,normal,-0.01551966857538222,5,纳指;黄金;国债ETF;科技ETF;军工ETF,纳指;黄金;国债ETF,科技ETF;军工ETF
2023-06-30,2640338.2585461703,2640338.2585461703,0.0,1.0,False,normal,-0.010520844494330847,4,纳指;国债ETF;科技ETF;军工ETF,纳指;国债ETF,科技ETF;军工ETF
2023-07-03,2657803.9016689537,2657803.9016689537,0.0,1.0,False,normal,-0.003975512754521528,4,纳指;国债ETF;科技ETF;军工ETF,纳指;国债ETF,科技ETF;军工ETF
2023-07-04,2660296.4705240927,2820464.998216355,-160168.52769226255,1.0,False,normal,-0.003041410876536903,5,纳指;国债ETF;消费ETF;科技ETF;军工ETF,纳指;国债ETF,消费ETF;科技ETF;军工ETF
2023-07-05,2644669.4151790333,2644669.4151790333,0.0,1.0,False,normal,-0.00889772321675341,5,纳指;国债ETF;有色ETF;科技ETF;军工ETF,纳指;国债ETF,有色ETF;科技ETF;军工ETF
2023-07-06,2638608.462566716,2638608.4625667166,-4.656612873077393e-10,1.0,False,normal,-0.011169093656879387,4,纳指;国债ETF;科技ETF;军工ETF,纳指;国债ETF,科技ETF;军工ETF
2023-07-07,2627032.749273243,2627032.749273243,0.0,1.0,False,normal,-0.015507146547234594,4,纳指;国债ETF;科技ETF;军工ETF,纳指;国债ETF,科技ETF;军工ETF
2023-07-10,2618417.602151271,2618417.602151271,0.0,1.0,False,normal,-0.01873571336863106,6,纳指;黄金;国债ETF;有色ETF;科技ETF;军工ETF,纳指;黄金;国债ETF,有色ETF;科技ETF;军工ETF
2023-07-11,2629673.8483397686,2629673.848339768,4.656612873077393e-10,1.0,False,normal,-0.014517382275367547,5,纳指;国债ETF;有色ETF;科技ETF;军工ETF,纳指;国债ETF,有色ETF;科技ETF;军工ETF
2023-07-12,2618679.1177931884,2618679.1177931884,0.0,1.0,False,normal,-0.01863770915433069,5,纳指;黄金;国债ETF;有色ETF;军工ETF,纳指;黄金;国债ETF,有色ETF;军工ETF
2023-07-13,2643325.3078460265,2808772.028155448,-165446.72030942142,1.0,False,normal,-0.009401433748715651,9,沪深300;纳指;黄金;国债ETF;消费ETF;证券ETF;有色ETF;科技ETF;军工ETF,沪深300;纳指;黄金;国债ETF,消费ETF;证券ETF;有色ETF;科技ETF;军工ETF
2023-07-14,2641232.759606449,2809646.070056814,-168413.31045036484,1.0,False,normal,-0.010185626023417667,9,沪深300;纳指;黄金;国债ETF;消费ETF;证券ETF;有色ETF;科技ETF;军工ETF,沪深300;纳指;黄金;国债ETF,消费ETF;证券ETF;有色ETF;科技ETF;军工ETF
2023-07-17,2638489.5117768655,2806850.2375890473,-168360.72581218183,1.0,False,normal,-0.011213671023702448,8,纳指;黄金;国债ETF;消费ETF;证券ETF;有色ETF;科技ETF;军工ETF,纳指;黄金;国债ETF,消费ETF;证券ETF;有色ETF;科技ETF;军工ETF
2023-07-18,2644708.6033113957,2742527.333484552,-97818.73017315613,1.0,False,normal,-0.008883037280210877,7,纳指;黄金;国债ETF;证券ETF;有色ETF;科技ETF;军工ETF,纳指;黄金;国债ETF,证券ETF;有色ETF;科技ETF;军工ETF
2023-07-19,2661345.0666063437,2759975.0313513707,-98629.96474502701,1.0,False,normal,-0.0026484445728544226,8,沪深300;纳指;黄金;国债ETF;证券ETF;有色ETF;科技ETF;军工ETF,沪深300;纳指;黄金;国债ETF,证券ETF;有色ETF;科技ETF;军工ETF
2023-07-20,2639775.332600984,2639775.332600984,0.0,1.0,False,normal,-0.010731803634529077,6,沪深300;纳指;黄金;国债ETF;证券ETF;有色ETF,沪深300;纳指;黄金;国债ETF,证券ETF;有色ETF
2023-07-21,2628677.0901662856,2715538.887403576,-86861.79723729054,1.0,False,normal,-0.014890922079424452,7,沪深300;纳指;黄金;国债ETF;消费ETF;证券ETF;有色ETF,沪深300;纳指;黄金;国债ETF,消费ETF;证券ETF;有色ETF
2023-07-24,2617961.6732534296,2617961.6732534296,0.0,1.0,False,normal,-0.018906574863118177,6,沪深300;纳指;黄金;国债ETF;消费ETF;证券ETF,沪深300;纳指;黄金;国债ETF,消费ETF;证券ETF
2023-07-25,2661455.113760428,2837128.5209419457,-175673.4071815177,1.0,False,normal,-0.0026072038853263385,9,沪深300;纳指;黄金;国债ETF;消费ETF;医药ETF;证券ETF;有色ETF;军工ETF,沪深300;纳指;黄金;国债ETF,消费ETF;医药ETF;证券ETF;有色ETF;军工ETF
2023-07-26,2663792.7488106056,2745621.531781837,-81828.78297123127,1.0,False,normal,-0.001731164177973171,8,沪深300;纳指;黄金;国债ETF;消费ETF;医药ETF;证券ETF;有色ETF,沪深300;纳指;黄金;国债ETF,消费ETF;医药ETF;证券ETF;有色ETF
2023-07-27,2666473.8333537215,2752466.2427414116,-85992.40938769002,1.0,False,normal,-0.0007264151610716842,8,沪深300;纳指;黄金;国债ETF;消费ETF;医药ETF;证券ETF;有色ETF,沪深300;纳指;黄金;国债ETF,消费ETF;医药ETF;证券ETF;有色ETF
2023-07-28,2698401.931220578,2773356.5089440066,-74954.5777234286,1.0,False,normal,0.0,9,沪深300;创业板;纳指;黄金;国债ETF;消费ETF;医药ETF;证券ETF;有色ETF,沪深300;创业板;纳指;黄金;国债ETF,消费ETF;医药ETF;证券ETF;有色ETF
2023-07-31,2706636.150037642,2781839.3167703515,-75203.16673270939,1.0,False,normal,0.0,9,沪深300;创业板;纳指;黄金;国债ETF;消费ETF;医药ETF;证券ETF;有色ETF,沪深300;创业板;纳指;黄金;国债ETF,消费ETF;医药ETF;证券ETF;有色ETF
2023-08-01,2701650.770553206,2776925.087447814,-75274.31689460808,1.0,False,normal,-0.0018419097389084512,9,沪深300;创业板;纳指;黄金;国债ETF;消费ETF;医药ETF;证券ETF;有色ETF,沪深300;创业板;纳指;黄金;国债ETF,消费ETF;医药ETF;证券ETF;有色ETF
2023-08-02,2687542.7804878224,2687542.780487822,4.656612873077393e-10,1.0,False,normal,-0.007054280106897337,8,沪深300;创业板;纳指;黄金;国债ETF;消费ETF;证券ETF;有色ETF,沪深300;创业板;纳指;黄金;国债ETF,消费ETF;证券ETF;有色ETF
2023-08-03,2697555.651301722,2770996.7805631775,-73441.1292614555,1.0,False,normal,-0.0033549018902277556,9,沪深300;创业板;纳指;黄金;国债ETF;消费ETF;医药ETF;证券ETF;有色ETF,沪深300;创业板;纳指;黄金;国债ETF,消费ETF;医药ETF;证券ETF;有色ETF
2023-08-04,2707899.5594245614,2781973.3126655812,-74073.75324101979,1.0,False,normal,0.0,9,沪深300;创业板;纳指;黄金;国债ETF;消费ETF;医药ETF;证券ETF;有色ETF,沪深300;创业板;纳指;黄金;国债ETF,消费ETF;医药ETF;证券ETF;有色ETF
2023-08-07,2690047.9910577866,2690047.9910577866,0.0,1.0,False,normal,-0.006592404177121085,8,沪深300;创业板;纳指;黄金;国债ETF;消费ETF;证券ETF;有色ETF,沪深300;创业板;纳指;黄金;国债ETF,消费ETF;证券ETF;有色ETF
2023-08-08,2687850.0299967546,2687850.0299967546,0.0,1.0,False,normal,-0.007404089032042032,8,沪深300;创业板;纳指;黄金;国债ETF;消费ETF;证券ETF;有色ETF,沪深300;创业板;纳指;黄金;国债ETF,消费ETF;证券ETF;有色ETF
2023-08-09,2681270.3565733526,2681270.3565733526,0.0,1.0,False,normal,-0.009833896075845465,8,沪深300;创业板;纳指;黄金;国债ETF;消费ETF;证券ETF;有色ETF,沪深300;创业板;纳指;黄金;国债ETF,消费ETF;证券ETF;有色ETF
2023-08-10,2684257.648347806,2684257.6483478067,-4.656612873077393e-10,1.0,False,normal,-0.008730719348312628,8,沪深300;创业板;纳指;黄金;国债ETF;消费ETF;证券ETF;有色ETF,沪深300;创业板;纳指;黄金;国债ETF,消费ETF;证券ETF;有色ETF
2023-08-11,2645079.898535282,2645079.898535282,0.0,1.0,False,normal,-0.023198667273548718,6,沪深300;纳指;黄金;国债ETF;消费ETF;证券ETF,沪深300;纳指;黄金;国债ETF,消费ETF;证券ETF
2023-08-14,2631433.4081304893,2496641.4355745176,134791.9725559717,1.0,False,normal,-0.02823817856461467,4,纳指;黄金;国债ETF;证券ETF,纳指;黄金;国债ETF,证券ETF
2023-08-15,2658022.1218850175,2520292.1472050697,137729.97467994783,1.0,False,normal,-0.018419234703868814,4,纳指;黄金;国债ETF;证券ETF,纳指;黄金;国债ETF,证券ETF
2023-08-16,2653297.7769789,2516212.659633698,137085.11734520225,1.0,False,normal,-0.02016388763594479,4,纳指;黄金;国债ETF;证券ETF,纳指;黄金;国债ETF,证券ETF
2023-08-17,2648099.7039818275,2648099.703981827,4.656612873077393e-10,1.0,False,normal,-0.022083483574790216,6,沪深300;纳指;黄金;国债ETF;消费ETF;证券ETF,沪深300;纳指;黄金;国债ETF,消费ETF;证券ETF
2023-08-18,2617911.155613488,2484013.4671036825,133897.6885098056,1.0,False,normal,-0.033231810056572504,4,沪深300;黄金;国债ETF;证券ETF,沪深300;黄金;国债ETF,证券ETF
2023-08-21,2589611.8274762835,2450008.0300185736,139603.7974577099,1.0,False,normal,-0.04368246655847696,4,纳指;黄金;国债ETF;证券ETF,纳指;黄金;国债ETF,证券ETF
2023-08-22,2610640.3567317617,2468099.0092772143,142541.34745454742,1.0,False,normal,-0.03591684276261253,4,纳指;黄金;国债ETF;证券ETF,纳指;黄金;国债ETF,证券ETF
2023-08-23,2596250.2139130314,2465940.7641838016,130309.44972922979,1.0,False,normal,-0.04123097739092507,4,纳指;黄金;国债ETF;证券ETF,纳指;黄金;国债ETF,证券ETF
2023-08-24,2624170.9139768193,2491239.64107783,132931.27289898926,1.0,False,normal,-0.03092014441833095,4,纳指;黄金;国债ETF;证券ETF,纳指;黄金;国债ETF,证券ETF
2023-08-25,2602435.2021535616,2470859.541235218,131575.6609183438,1.0,False,normal,-0.0389469236050289,3,黄金;国债ETF;证券ETF,黄金;国债ETF,证券ETF
2023-08-28,2617981.444502444,2482309.2183805583,135672.2261218857,1.0,False,normal,-0.03320585307869594,3,黄金;国债ETF;证券ETF,黄金;国债ETF,证券ETF
2023-08-29,2614894.744940742,2481327.3687973395,133567.37614340242,1.0,False,normal,-0.03434574009960081,4,纳指;黄金;国债ETF;证券ETF,纳指;黄金;国债ETF,证券ETF
2023-08-30,2612726.8114699502,2474950.447609079,137776.36386087118,1.0,False,normal,-0.03514633606825349,4,纳指;黄金;国债ETF;证券ETF,纳指;黄金;国债ETF,证券ETF
2023-08-31,2605421.5911815227,1823795.1138270656,781626.4773544571,1.0,False,normal,-0.037844080252672184,3,纳指;黄金;国债ETF,纳指;黄金;国债ETF,
2023-09-01,2603626.3008945705,1822538.410626199,781087.8902683714,1.0,False,normal,-0.03850706285138189,3,纳指;黄金;国债ETF,纳指;黄金;国债ETF,
2023-09-04,2606118.644498124,2606118.644498124,0.0,1.0,False,normal,-0.03758666549215233,6,沪深300;纳指;黄金;国债ETF;消费ETF;有色ETF,沪深300;纳指;黄金;国债ETF,消费ETF;有色ETF
2023-09-05,2597590.170610275,2597590.170610275,0.0,1.0,False,normal,-0.04073614489517014,5,沪深300;纳指;黄金;国债ETF;消费ETF,沪深300;纳指;黄金;国债ETF,消费ETF
2023-09-06,2594119.2318368778,1815883.4622858143,778235.7695510634,1.0,False,normal,-0.0420179275821672,3,纳指;黄金;国债ETF,纳指;黄金;国债ETF,
2023-09-07,2588541.6068442464,1811979.1247909723,776562.482053274,0.7899159445138807,False,normal,-0.04407768824545289,2,纳指;黄金,纳指;黄金,
2023-09-08,2600632.637730987,2600632.637730987,0.0,0.8049650999893981,False,normal,-0.039612592468669425,3,纳指;黄金;军工ETF,纳指;黄金,军工ETF
2023-09-11,2590977.3162033577,2590977.3162033577,0.0,1.0,False,normal,-0.04317820534157855,2,黄金;军工ETF,黄金,军工ETF
2023-09-12,2586951.5476690163,1810866.0833683114,776085.4643007049,1.0,False,normal,-0.04466488106421756,1,黄金,黄金,
2023-09-13,2591394.9118628227,1813976.4383039759,777418.4735588469,1.0,False,normal,-0.043023991475701705,2,黄金;国债ETF,黄金;国债ETF,
2023-09-14,2598883.1481372057,1819218.203696044,779664.9444411618,0.8129639237606241,False,normal,-0.04025866133325938,2,纳指;黄金,纳指;黄金,
2023-09-15,2595033.533077315,1816523.4731541204,778510.0599231946,0.8126994130523075,False,normal,-0.04168028535416983,2,纳指;黄金,纳指;黄金,
2023-09-18,2575986.522420595,2450463.8120365683,125522.71038402664,1.0,False,normal,-0.04871415431375842,3,黄金;国债ETF;医药ETF,黄金;国债ETF,医药ETF
2023-09-19,2579808.7215813654,2454009.1716621392,125799.5499192262,1.0,False,normal,-0.047302654707922685,3,黄金;国债ETF;医药ETF,黄金;国债ETF,医药ETF
2023-09-20,2583315.403591291,1808320.7825139037,774994.6210773874,1.0,False,normal,-0.04600767240412159,1,黄金,黄金,
2023-09-21,2577866.1381459166,1804506.2967021416,773359.841443775,1.0,False,normal,-0.048020031181022604,2,黄金;国债ETF,黄金;国债ETF,
2023-09-22,2573534.5701242383,2454287.6768033346,119246.89332090365,1.0,False,normal,-0.04961963557055869,3,黄金;国债ETF;医药ETF,黄金;国债ETF,医药ETF
2023-09-25,2586657.3816034305,2465639.9688546257,121017.41274880478,1.0,False,normal,-0.04477351362577693,2,黄金;医药ETF,黄金,医药ETF
2023-09-26,2582398.965226191,2461561.4216888184,120837.54353737272,1.0,False,normal,-0.046346103850705485,2,黄金;医药ETF,黄金,医药ETF
2023-09-27,2569865.1723775594,2452412.406011384,117452.76636617538,1.0,False,normal,-0.050974707155067044,2,黄金;医药ETF,黄金,医药ETF
2023-09-28,2533914.8549621566,2419035.5171860494,114879.33777610725,1.0,False,normal,-0.06425079684247122,2,黄金;医药ETF,黄金,医药ETF
2023-10-09,2529067.0762260566,2413642.1124367886,115424.96378926793,1.0,False,normal,-0.06604103264321497,2,国债ETF;医药ETF,国债ETF,医药ETF
2023-10-10,2517415.7776668156,643967.5014849944,1873448.2761818212,1.0,False,normal,-0.0703437397058495,1,医药ETF,,医药ETF
2023-10-11,2531169.411252413,759350.823375724,1771818.587876689,1.0,False,normal,-0.06526466151857727,2,医药ETF;科技ETF,,医药ETF;科技ETF
2023-10-12,2534306.6556763286,2534306.655676328,4.656612873077393e-10,0.4861418915471962,False,normal,-0.06410610878976693,3,纳指;医药ETF;科技ETF,纳指,医药ETF;科技ETF
2023-10-13,2519697.4348299024,2519697.4348299024,0.0,0.48757575027966743,False,normal,-0.06950114672445706,3,纳指;医药ETF;科技ETF,纳指,医药ETF;科技ETF
2023-10-16,2489747.5186586063,2395286.418118729,94461.10053987755,0.8497561239037346,False,warning,-0.080561348742312,3,纳指;黄金;医药ETF,纳指;黄金,医药ETF
2023-10-17,2498413.0356512386,2404403.4696164923,94009.56603474636,1.0,False,normal,-0.07736126070268258,2,黄金;医药ETF,黄金,医药ETF
2023-10-18,2504460.5725134746,2411850.2755896267,92610.29692384787,0.8540314256877092,False,normal,-0.07512796632468834,3,纳指;黄金;医药ETF,纳指;黄金,医药ETF
2023-10-19,2490261.1147445603,1743182.7803211922,747078.3344233681,1.0,False,warning,-0.08037168288703074,1,黄金,黄金,
2023-10-20,2509488.8999716765,1756642.2299801735,752846.669991503,0.8619705483904132,False,normal,-0.07327105570158146,2,纳指;黄金,纳指;黄金,
2023-10-23,2499110.6802270846,1749377.476158959,749733.2040681255,1.0,False,normal,-0.07710362759608606,1,黄金,黄金,
2023-10-24,2500318.068345372,1750222.6478417604,750095.4205036117,1.0,False,normal,-0.07665775133967716,1,黄金,黄金,
2023-10-25,2493491.477834804,1745444.0344843627,748047.4433504413,1.0,False,normal,-0.07917874237378286,1,黄金,黄金,
2023-10-26,2506190.6652307506,1754333.4656615253,751857.1995692253,1.0,False,normal,-0.07448906053098762,1,黄金,黄金,
2023-10-27,2509690.2059775786,2509690.2059775786,0.0,1.0,False,normal,-0.07319671542363373,2,黄金;医药ETF,黄金,医药ETF
2023-10-30,2534718.7798155695,2534718.7798155695,0.0,1.0,False,normal,-0.06395391550113236,3,黄金;医药ETF;科技ETF,黄金,医药ETF;科技ETF
2023-10-31,2537058.6701884717,2537058.6701884717,0.0,1.0,False,normal,-0.06308981758259678,3,黄金;医药ETF;科技ETF,黄金,医药ETF;科技ETF
2023-11-01,2524740.6372711165,2646977.1607630523,-122236.5234919358,1.0,False,normal,-0.0676387429201277,4,黄金;消费ETF;医药ETF;科技ETF,黄金,消费ETF;医药ETF;科技ETF
2023-11-02,2521866.831958514,2521866.831958514,0.0,1.0,False,normal,-0.06870001024173139,2,黄金;医药ETF,黄金,医药ETF
2023-11-03,2524213.2930878936,2660432.6586215836,-136219.36553368997,1.0,False,normal,-0.06783348580909028,4,黄金;消费ETF;医药ETF;科技ETF,黄金,消费ETF;医药ETF;科技ETF
2023-11-06,2529134.927551296,2662046.32438061,-132911.39682931406,1.0,False,normal,-0.06601597583303773,6,黄金;国债ETF;消费ETF;医药ETF;证券ETF;科技ETF,黄金;国债ETF,消费ETF;医药ETF;证券ETF;科技ETF
2023-11-07,2524812.8148012366,2664702.852954605,-139890.0381533685,1.0,False,normal,-0.06761208848611484,6,黄金;国债ETF;消费ETF;医药ETF;证券ETF;科技ETF,黄金;国债ETF,消费ETF;医药ETF;证券ETF;科技ETF
2023-11-08,2521530.869239522,2614720.401546933,-93189.53230741108,1.0,False,normal,-0.06882407788590332,5,黄金;国债ETF;医药ETF;证券ETF;科技ETF,黄金;国债ETF,医药ETF;证券ETF;科技ETF
2023-11-09,2509293.274890538,2658181.3100648033,-148888.0351742655,1.0,False,normal,-0.07334329807130223,6,黄金;国债ETF;消费ETF;医药ETF;证券ETF;科技ETF,黄金;国债ETF,消费ETF;医药ETF;证券ETF;科技ETF
2023-11-10,2512549.3845658987,2611985.670262356,-99436.28569645714,1.0,False,normal,-0.0721408496038071,5,黄金;国债ETF;医药ETF;证券ETF;科技ETF,黄金;国债ETF,医药ETF;证券ETF;科技ETF
2023-11-13,2506748.0559740467,2704847.80662188,-198099.7506478331,1.0,False,normal,-0.07428322175038878,6,纳指;国债ETF;医药ETF;证券ETF;科技ETF;军工ETF,纳指;国债ETF,医药ETF;证券ETF;科技ETF;军工ETF
2023-11-14,2515547.5774044124,2714193.7648506,-198646.18744618772,1.0,False,normal,-0.07103364722324654,7,纳指;黄金;国债ETF;医药ETF;证券ETF;科技ETF;军工ETF,纳指;黄金;国债ETF,医药ETF;证券ETF;科技ETF;军工ETF
2023-11-15,2531281.061792679,2780333.9415691067,-249052.87977642752,1.0,False,normal,-0.0652234300999755,8,纳指;黄金;国债ETF;消费ETF;医药ETF;证券ETF;科技ETF;军工ETF,纳指;黄金;国债ETF,消费ETF;医药ETF;证券ETF;科技ETF;军工ETF
2023-11-16,2514039.5349553507,2715034.0605433946,-200994.52558804397,1.0,False,normal,-0.07159055209211923,6,纳指;国债ETF;医药ETF;证券ETF;科技ETF;军工ETF,纳指;国债ETF,医药ETF;证券ETF;科技ETF;军工ETF
2023-11-17,2519048.5384048717,2720821.8450536695,-201773.30664879782,1.0,False,normal,-0.06974077763054892,7,纳指;黄金;国债ETF;医药ETF;证券ETF;科技ETF;军工ETF,纳指;黄金;国债ETF,医药ETF;证券ETF;科技ETF;军工ETF
2023-11-20,2508782.613487386,2710345.885041184,-201563.27155379765,1.0,False,normal,-0.07353188017781885,6,纳指;国债ETF;医药ETF;证券ETF;科技ETF;军工ETF,纳指;国债ETF,医药ETF;证券ETF;科技ETF;军工ETF
2023-11-21,2512825.5958482116,2770543.0609923475,-257717.465144136,1.0,False,normal,-0.07203884756264882,7,纳指;国债ETF;消费ETF;医药ETF;证券ETF;科技ETF;军工ETF,纳指;国债ETF,消费ETF;医药ETF;证券ETF;科技ETF;军工ETF
2023-11-22,2493925.898290525,2774667.246714041,-280741.3484235159,1.0,False,normal,-0.07901831528031507,6,纳指;国债ETF;消费ETF;医药ETF;证券ETF;军工ETF,纳指;国债ETF,消费ETF;医药ETF;证券ETF;军工ETF
2023-11-23,2501169.86740001,2760395.5858574407,-259225.7184574306,1.0,False,normal,-0.07634319053860408,7,纳指;国债ETF;消费ETF;医药ETF;证券ETF;科技ETF;军工ETF,纳指;国债ETF,消费ETF;医药ETF;证券ETF;科技ETF;军工ETF
2023-11-24,2494242.4541297355,2780736.1596188257,-286493.7054890902,1.0,False,normal,-0.07890141440114155,6,纳指;国债ETF;消费ETF;医药ETF;证券ETF;军工ETF,纳指;国债ETF,消费ETF;医药ETF;证券ETF;军工ETF
2023-11-27,2483247.650849754,2554185.3712405455,-70937.72039079154,1.0,False,warning,-0.0829616843774467,3,纳指;国债ETF;军工ETF,纳指;国债ETF,军工ETF
2023-11-28,2487081.708894289,2744163.7660761126,-257082.05718182353,1.0,False,warning,-0.08154580540542536,4,纳指;国债ETF;医药ETF;军工ETF,纳指;国债ETF,医药ETF;军工ETF
2023-11-29,2481908.0557699036,2738118.301335334,-256210.24556543026,1.0,False,warning,-0.08345638333154494,5,纳指;黄金;国债ETF;医药ETF;军工ETF,纳指;黄金;国债ETF,医药ETF;军工ETF
2023-11-30,2480800.77037069,2646203.24850291,-165402.47813221999,1.0,False,warning,-0.08386529266326652,5,纳指;黄金;国债ETF;消费ETF;医药ETF,纳指;黄金;国债ETF,消费ETF;医药ETF
2023-12-01,2469996.3465223247,2724979.579077336,-254983.2325550113,1.0,False,warning,-0.08785525743532084,5,纳指;黄金;国债ETF;医药ETF;军工ETF,纳指;黄金;国债ETF,医药ETF;军工ETF
2023-12-04,2466624.354379762,2540519.5115556186,-73895.15717585664,1.0,False,warning,-0.08910050012935906,4,纳指;黄金;国债ETF;军工ETF,纳指;黄金;国债ETF,军工ETF
2023-12-05,2433276.002250874,1703293.2015756117,729982.8006752622,1.0,False,warning,-0.10141571027547491,3,纳指;黄金;国债ETF,纳指;黄金;国债ETF,
2023-12-06,2440998.284816879,1708698.7993718148,732299.485445064,1.0,False,warning,-0.09856394919773173,3,纳指;黄金;国债ETF,纳指;黄金;国债ETF,
2023-12-07,2435687.252155859,1704981.0765091013,730706.1756467577,1.0,False,warning,-0.10052526000135269,3,纳指;黄金;国债ETF,纳指;黄金;国债ETF,
2023-12-08,2445372.014829618,1711760.4103807323,733611.6044488857,1.0,False,warning,-0.09694877481007146,3,纳指;黄金;国债ETF,纳指;黄金;国债ETF,
2023-12-11,2445455.129657155,1711818.5907600084,733636.5388971465,1.0,False,warning,-0.09691808134241764,3,纳指;黄金;国债ETF,纳指;黄金;国债ETF,
2023-12-12,2450070.7216882375,1715049.505181766,735021.2165064714,1.0,False,warning,-0.0952135897503944,3,纳指;黄金;国债ETF,纳指;黄金;国债ETF,
2023-12-13,2455964.4120802297,1719175.0884561606,736789.3236240691,1.0,False,warning,-0.09303710932242586,2,纳指;国债ETF,纳指;国债ETF,
2023-12-14,2464601.4053237448,1725220.9837266211,739380.4215971236,1.0,False,warning,-0.08984755481570315,3,纳指;黄金;国债ETF,纳指;黄金;国债ETF,
2023-12-15,2458913.555040889,1721239.4885286218,737674.0665122671,1.0,False,warning,-0.09194802056712285,3,纳指;黄金;国债ETF,纳指;黄金;国债ETF,
2023-12-18,2462013.5833362625,1723409.5083353834,738604.0750008791,1.0,False,warning,-0.09080321137928418,3,纳指;黄金;国债ETF,纳指;黄金;国债ETF,
2023-12-19,2466993.4245232157,1726895.3971662507,740098.027356965,1.0,False,warning,-0.08896420624719889,3,纳指;黄金;国债ETF,纳指;黄金;国债ETF,
2023-12-20,2471871.6912276875,1730310.1838593811,741561.5073683064,1.0,False,warning,-0.08716271154718556,3,纳指;黄金;国债ETF,纳指;黄金;国债ETF,
2023-12-21,2464679.9393688347,1725275.957558184,739403.9818106508,1.0,False,warning,-0.08981855298481299,3,纳指;黄金;国债ETF,纳指;黄金;国债ETF,
2023-12-22,2471129.1345584597,1729790.3941909214,741338.7403675383,1.0,False,warning,-0.08743693023696059,3,纳指;黄金;国债ETF,纳指;黄金;国债ETF,
2023-12-25,2473007.3525852924,1731105.1468097046,741902.2057755878,1.0,False,warning,-0.08674332326018196,3,纳指;黄金;国债ETF,纳指;黄金;国债ETF,
2023-12-26,2478952.4980186434,1735266.74861305,743685.7494055934,1.0,False,warning,-0.08454784100432816,3,纳指;黄金;国债ETF,纳指;黄金;国债ETF,
2023-12-27,2483094.9686455494,1738166.4780518843,744928.490593665,1.0,False,warning,-0.08301806837576496,3,纳指;黄金;国债ETF,纳指;黄金;国债ETF,
2023-12-28,2482494.7691755365,2482494.769175536,4.656612873077393e-10,1.0,False,warning,-0.08323971598744391,4,纳指;黄金;国债ETF;有色ETF,纳指;黄金;国债ETF,有色ETF
2023-12-29,2481418.720730381,2481418.720730381,0.0,1.0,False,warning,-0.08363708982703494,4,纳指;黄金;国债ETF;有色ETF,纳指;黄金;国债ETF,有色ETF
2024-01-02,2481747.077075569,0.0,2481747.077075569,0.0,True,warning,-0.08351583114000385,0,,纳指;黄金;国债ETF,有色ETF
2024-01-03,2481747.077075569,0.0,2481747.077075569,0.0,True,warning,-0.08351583114000385,0,,纳指;黄金;国债ETF,有色ETF
2024-01-04,2481747.077075569,0.0,2481747.077075569,0.0,True,warning,-0.08351583114000385,0,,纳指;黄金;国债ETF,有色ETF
2024-01-05,2481747.077075569,0.0,2481747.077075569,0.0,True,warning,-0.08351583114000385,0,,纳指;黄金;国债ETF,有色ETF
2024-01-08,2481747.077075569,0.0,2481747.077075569,0.0,True,warning,-0.08351583114000385,0,,纳指;黄金;国债ETF,
2024-01-09,2481747.077075569,0.0,2481747.077075569,0.0,True,warning,-0.08351583114000385,0,,纳指;黄金;国债ETF,有色ETF
2024-01-10,2481747.077075569,0.0,2481747.077075569,0.0,True,warning,-0.08351583114000385,0,,纳指;黄金;国债ETF,有色ETF
2024-01-11,2481747.077075569,0.0,2481747.077075569,0.0,True,warning,-0.08351583114000385,0,,纳指;黄金;国债ETF,有色ETF
2024-01-12,2481747.077075569,0.0,2481747.077075569,0.0,True,warning,-0.08351583114000385,0,,纳指;黄金;国债ETF,有色ETF
2024-01-15,2481747.077075569,0.0,2481747.077075569,0.0,True,warning,-0.08351583114000385,0,,纳指;黄金;国债ETF,有色ETF
2024-01-16,2481747.077075569,0.0,2481747.077075569,0.0,True,warning,-0.08351583114000385,0,,纳指;黄金;国债ETF,有色ETF
2024-01-17,2481747.077075569,0.0,2481747.077075569,0.0,True,warning,-0.08351583114000385,0,,纳指;黄金;国债ETF,
2024-01-18,2481747.077075569,0.0,2481747.077075569,0.0,True,warning,-0.08351583114000385,0,,纳指;黄金;国债ETF,
2024-01-19,2481747.077075569,0.0,2481747.077075569,0.0,True,warning,-0.08351583114000385,0,,纳指;黄金;国债ETF,
2024-01-22,2481747.077075569,0.0,2481747.077075569,0.0,True,warning,-0.08351583114000385,0,,纳指;黄金;国债ETF,
2024-01-23,2481747.077075569,0.0,2481747.077075569,0.0,True,warning,-0.08351583114000385,0,,纳指;黄金;国债ETF,
2024-01-24,2481747.077075569,0.0,2481747.077075569,0.0,True,warning,-0.08351583114000385,0,,纳指;黄金;国债ETF,
2024-01-25,2481747.077075569,0.0,2481747.077075569,0.0,True,warning,-0.08351583114000385,0,,纳指;黄金;国债ETF,
2024-01-26,2481747.077075569,0.0,2481747.077075569,0.0,True,warning,-0.08351583114000385,0,,纳指;黄金;国债ETF,
2024-01-29,2481747.077075569,0.0,2481747.077075569,0.0,True,warning,-0.08351583114000385,0,,纳指;国债ETF,
2024-01-30,2481747.077075569,0.0,2481747.077075569,0.0,True,warning,-0.08351583114000385,0,,纳指;黄金;国债ETF,
2024-01-31,2481747.077075569,0.0,2481747.077075569,0.0,True,warning,-0.08351583114000385,0,,纳指;黄金;国债ETF,
2024-02-01,2481747.077075569,0.0,2481747.077075569,0.0,True,warning,-0.08351583114000385,0,,纳指;黄金;国债ETF,
2024-02-02,2481747.077075569,0.0,2481747.077075569,0.0,True,warning,-0.08351583114000385,0,,纳指;黄金;国债ETF,
2024-02-05,2481747.077075569,0.0,2481747.077075569,0.0,True,warning,-0.08351583114000385,0,,纳指;黄金;国债ETF,
2024-02-06,2481747.077075569,0.0,2481747.077075569,0.0,True,warning,-0.08351583114000385,0,,纳指;黄金;国债ETF,消费ETF
2024-02-07,2481747.077075569,2580234.5075098174,-98487.43043424841,1.0,False,warning,-0.08351583114000385,4,纳指;黄金;国债ETF;消费ETF,纳指;黄金;国债ETF,消费ETF
2024-02-08,2495342.8430421,2576226.5731751407,-80883.73013304081,1.0,False,normal,-0.07849505187246704,5,纳指;黄金;国债ETF;消费ETF;证券ETF,纳指;黄金;国债ETF,消费ETF;证券ETF
2024-02-19,2486096.6180966673,2589378.952453716,-103282.33435704885,1.0,False,warning,-0.08190958950302722,4,纳指;黄金;国债ETF;消费ETF,纳指;黄金;国债ETF,消费ETF
2024-02-20,2478968.0204945863,2563088.4981025807,-84120.47760799434,1.0,False,warning,-0.08454210871049586,6,沪深300;纳指;黄金;国债ETF;消费ETF;证券ETF,沪深300;纳指;黄金;国债ETF,消费ETF;证券ETF
2024-02-21,2496502.1899816096,2602928.163523873,-106425.97354226327,1.0,False,normal,-0.0780669167389187,7,沪深300;纳指;黄金;国债ETF;消费ETF;证券ETF;有色ETF,沪深300;纳指;黄金;国债ETF,消费ETF;证券ETF;有色ETF
2024-02-22,2513585.397604706,2633347.7436779942,-119762.346073288,1.0,False,normal,-0.07175826043605092,8,沪深300;纳指;黄金;国债ETF;消费ETF;证券ETF;有色ETF;科技ETF,沪深300;纳指;黄金;国债ETF,消费ETF;证券ETF;有色ETF;科技ETF
2024-02-23,2521658.9994281554,2642287.744236143,-120628.74480798747,1.0,False,normal,-0.06877676069934546,8,沪深300;纳指;黄金;国债ETF;消费ETF;证券ETF;有色ETF;科技ETF,沪深300;纳指;黄金;国债ETF,消费ETF;证券ETF;有色ETF;科技ETF
2024-02-26,2509772.7621993455,2630634.7113958364,-120861.94919649092,1.0,False,normal,-0.07316622824345767,8,沪深300;纳指;黄金;国债ETF;消费ETF;证券ETF;有色ETF;科技ETF,沪深300;纳指;黄金;国债ETF,消费ETF;证券ETF;有色ETF;科技ETF
2024-02-27,2527588.155590508,2650335.7082101363,-122747.55261962814,1.0,False,normal,-0.06658718312003055,9,沪深300;纳指;黄金;国债ETF;消费ETF;证券ETF;有色ETF;科技ETF;军工ETF,沪深300;纳指;黄金;国债ETF,消费ETF;证券ETF;有色ETF;科技ETF;军工ETF
2024-02-28,2505820.3724348946,2619316.2811770607,-113495.90874216612,1.0,False,normal,-0.07462580592635033,7,沪深300;纳指;国债ETF;消费ETF;证券ETF;有色ETF;科技ETF,沪深300;纳指;国债ETF,消费ETF;证券ETF;有色ETF;科技ETF
2024-02-29,2533839.4745802954,2668817.1573880925,-134977.6828077971,1.0,False,normal,-0.06427863405733353,9,沪深300;纳指;国债ETF;消费ETF;医药ETF;证券ETF;有色ETF;科技ETF;军工ETF,沪深300;纳指;国债ETF,消费ETF;医药ETF;证券ETF;有色ETF;科技ETF;军工ETF
2024-03-01,2555673.0134547637,2692617.922144163,-136944.90868939925,1.0,False,normal,-0.05621572832714167,10,沪深300;纳指;黄金;国债ETF;消费ETF;医药ETF;证券ETF;有色ETF;科技ETF;军工ETF,沪深300;纳指;黄金;国债ETF,消费ETF;医药ETF;证券ETF;有色ETF;科技ETF;军工ETF
2024-03-04,2569267.0482997335,2713014.396960531,-143747.34866079735,1.0,False,normal,-0.05119558834534019,10,沪深300;纳指;黄金;国债ETF;消费ETF;医药ETF;证券ETF;有色ETF;科技ETF;军工ETF,沪深300;纳指;黄金;国债ETF,消费ETF;医药ETF;证券ETF;有色ETF;科技ETF;军工ETF
2024-03-05,2577083.3837249763,2721454.8921503895,-144371.50842541317,1.0,False,normal,-0.048309094495138524,10,沪深300;纳指;黄金;国债ETF;消费ETF;医药ETF;证券ETF;有色ETF;科技ETF;军工ETF,沪深300;纳指;黄金;国债ETF,消费ETF;医药ETF;证券ETF;有色ETF;科技ETF;军工ETF
2024-03-06,2574105.077715502,2718418.7572601917,-144313.6795446896,1.0,False,normal,-0.0494089528702797,10,沪深300;纳指;黄金;国债ETF;消费ETF;医药ETF;证券ETF;有色ETF;科技ETF;军工ETF,沪深300;纳指;黄金;国债ETF,消费ETF;医药ETF;证券ETF;有色ETF;科技ETF;军工ETF
2024-03-07,2563893.26060383,2679208.821564889,-115315.56096105883,1.0,False,normal,-0.05318007395050247,9,沪深300;纳指;黄金;国债ETF;消费ETF;证券ETF;有色ETF;科技ETF;军工ETF,沪深300;纳指;黄金;国债ETF,消费ETF;证券ETF;有色ETF;科技ETF;军工ETF
2024-03-08,2577302.3521637856,2693011.841010249,-115709.48884646362,1.0,False,normal,-0.048228231658831625,10,沪深300;创业板;纳指;黄金;国债ETF;消费ETF;证券ETF;有色ETF;科技ETF;军工ETF,沪深300;创业板;纳指;黄金;国债ETF,消费ETF;证券ETF;有色ETF;科技ETF;军工ETF
2024-03-11,2608534.7779311077,2748325.3767636716,-139790.59883256396,1.0,False,normal,-0.03669441178038714,11,沪深300;创业板;纳指;黄金;国债ETF;消费ETF;医药ETF;证券ETF;有色ETF;科技ETF;军工ETF,沪深300;创业板;纳指;黄金;国债ETF,消费ETF;医药ETF;证券ETF;有色ETF;科技ETF;军工ETF
2024-03-12,2617674.7111085197,2757626.314796139,-139951.60368761932,1.0,False,normal,-0.03331912662787791,11,沪深300;创业板;纳指;黄金;国债ETF;消费ETF;医药ETF;证券ETF;有色ETF;科技ETF;军工ETF,沪深300;创业板;纳指;黄金;国债ETF,消费ETF;医药ETF;证券ETF;有色ETF;科技ETF;军工ETF
2024-03-13,2610124.883376326,2751362.991592405,-141238.10821607895,1.0,False,normal,-0.03610720187458245,11,沪深300;创业板;纳指;黄金;国债ETF;消费ETF;医药ETF;证券ETF;有色ETF;科技ETF;军工ETF,沪深300;创业板;纳指;黄金;国债ETF,消费ETF;医药ETF;证券ETF;有色ETF;科技ETF;军工ETF
2024-03-14,2602987.7609912683,2744174.3429356157,-141186.58194434736,1.0,False,normal,-0.0387428691984378,11,沪深300;创业板;纳指;黄金;国债ETF;消费ETF;医药ETF;证券ETF;有色ETF;科技ETF;军工ETF,沪深300;创业板;纳指;黄金;国债ETF,消费ETF;医药ETF;证券ETF;有色ETF;科技ETF;军工ETF
2024-03-15,2611815.2273150343,2752482.3474215884,-140667.12010655412,1.0,False,normal,-0.03548297490396781,11,沪深300;创业板;纳指;黄金;国债ETF;消费ETF;医药ETF;证券ETF;有色ETF;科技ETF;军工ETF,沪深300;创业板;纳指;黄金;国债ETF,消费ETF;医药ETF;证券ETF;有色ETF;科技ETF;军工ETF
2024-03-18,2632172.1403931254,2771307.936911399,-139135.79651827365,1.0,False,normal,-0.027965372189627462,11,沪深300;创业板;纳指;黄金;国债ETF;消费ETF;医药ETF;证券ETF;有色ETF;科技ETF;军工ETF,沪深300;创业板;纳指;黄金;国债ETF,消费ETF;医药ETF;证券ETF;有色ETF;科技ETF;军工ETF
2024-03-19,2618955.874928356,2762483.6725370125,-143527.79760865634,1.0,False,normal,-0.03284600574886395,11,沪深300;创业板;纳指;黄金;国债ETF;消费ETF;医药ETF;证券ETF;有色ETF;科技ETF;军工ETF,沪深300;创业板;纳指;黄金;国债ETF,消费ETF;医药ETF;证券ETF;有色ETF;科技ETF;军工ETF
2024-03-20,2621833.9428352346,2765516.2657211656,-143682.322885931,1.0,False,normal,-0.03178316429417941,11,沪深300;创业板;纳指;黄金;国债ETF;消费ETF;医药ETF;证券ETF;有色ETF;科技ETF;军工ETF,沪深300;创业板;纳指;黄金;国债ETF,消费ETF;医药ETF;证券ETF;有色ETF;科技ETF;军工ETF
2024-03-21,2634268.7416600916,2778645.551578201,-144376.80991810933,1.0,False,normal,-0.027191118484511556,11,沪深300;创业板;纳指;黄金;国债ETF;消费ETF;医药ETF;证券ETF;有色ETF;科技ETF;军工ETF,沪深300;创业板;纳指;黄金;国债ETF,消费ETF;医药ETF;证券ETF;有色ETF;科技ETF;军工ETF
2024-03-22,2608020.895808023,2723136.2716932804,-115115.3758852575,1.0,False,normal,-0.03688418326629629,10,沪深300;创业板;纳指;黄金;国债ETF;消费ETF;证券ETF;有色ETF;科技ETF;军工ETF,沪深300;创业板;纳指;黄金;国债ETF,消费ETF;证券ETF;有色ETF;科技ETF;军工ETF
2024-03-25,2586488.857254909,2693762.4769886476,-107273.61973373871,1.0,False,normal,-0.044835747968234384,9,沪深300;创业板;纳指;黄金;国债ETF;消费ETF;有色ETF;科技ETF;军工ETF,沪深300;创业板;纳指;黄金;国债ETF,消费ETF;有色ETF;科技ETF;军工ETF
2024-03-26,2591478.6384391813,2699012.5959737543,-107533.95753457304,1.0,False,normal,-0.04299307209537715,9,沪深300;创业板;纳指;黄金;国债ETF;消费ETF;有色ETF;科技ETF;军工ETF,沪深300;创业板;纳指;黄金;国债ETF,消费ETF;有色ETF;科技ETF;军工ETF
2024-03-27,2559839.4064680794,2678860.114663109,-119020.70819502976,1.0,False,normal,-0.0546771214025181,8,沪深300;创业板;纳指;黄金;国债ETF;消费ETF;有色ETF;科技ETF,沪深300;创业板;纳指;黄金;国债ETF,消费ETF;有色ETF;科技ETF
2024-03-28,2576761.740450489,2677769.6364024878,-101007.89595199889,1.0,False,normal,-0.04842787411285662,9,沪深300;创业板;纳指;黄金;国债ETF;消费ETF;有色ETF;科技ETF;军工ETF,沪深300;创业板;纳指;黄金;国债ETF,消费ETF;有色ETF;科技ETF;军工ETF
2024-03-29,2599715.7365728635,2699132.0063247224,-99416.2697518589,1.0,False,normal,-0.03995119482004989,9,沪深300;创业板;纳指;黄金;国债ETF;消费ETF;有色ETF;科技ETF;军工ETF,沪深300;创业板;纳指;黄金;国债ETF,消费ETF;有色ETF;科技ETF;军工ETF
2024-04-01,2635713.815448605,2732318.5654652184,-96604.7500166134,1.0,False,normal,-0.02665746730698394,9,沪深300;创业板;纳指;黄金;国债ETF;消费ETF;有色ETF;科技ETF;军工ETF,沪深300;创业板;纳指;黄金;国债ETF,消费ETF;有色ETF;科技ETF;军工ETF
2024-04-02,2625582.048145925,2725556.034673559,-99973.98652763385,1.0,False,normal,-0.03039902679999293,9,沪深300;创业板;纳指;黄金;国债ETF;消费ETF;有色ETF;科技ETF;军工ETF,沪深300;创业板;纳指;黄金;国债ETF,消费ETF;有色ETF;科技ETF;军工ETF
2024-04-03,2624399.3218238573,2724369.0640894063,-99969.74226554902,1.0,False,normal,-0.030835795703755088,9,沪深300;创业板;纳指;黄金;国债ETF;消费ETF;有色ETF;科技ETF;军工ETF,沪深300;创业板;纳指;黄金;国债ETF,消费ETF;有色ETF;科技ETF;军工ETF
2024-04-08,2610020.116003319,2708990.9052591864,-98970.78925586725,1.0,False,normal,-0.03614589140892731,7,沪深300;创业板;纳指;黄金;国债ETF;消费ETF;有色ETF,沪深300;创业板;纳指;黄金;国债ETF,消费ETF;有色ETF
2024-04-09,2616840.5226004627,2716027.8161267075,-99187.29352624482,1.0,False,normal,-0.033627184031688816,7,沪深300;创业板;纳指;黄金;国债ETF;消费ETF;有色ETF,沪深300;创业板;纳指;黄金;国债ETF,消费ETF;有色ETF
2024-04-10,2605578.762272189,2516459.350699112,89119.41157307709,1.0,False,normal,-0.03778603855385097,6,沪深300;创业板;纳指;黄金;国债ETF;有色ETF,沪深300;创业板;纳指;黄金;国债ETF,有色ETF
2024-04-11,2595818.4477535426,2508375.543468292,87442.9042852507,1.0,False,normal,-0.041390424279560994,6,沪深300;创业板;纳指;黄金;国债ETF;有色ETF,沪深300;创业板;纳指;黄金;国债ETF,有色ETF
2024-04-12,2612502.2775511174,2523989.7447016407,88512.53284947667,1.0,False,normal,-0.03522925418020909,6,沪深300;创业板;纳指;黄金;国债ETF;有色ETF,沪深300;创业板;纳指;黄金;国债ETF,有色ETF
2024-04-15,2617537.8706804356,2529397.819390406,88140.05129002966,1.0,False,normal,-0.03336966041802824,6,沪深300;创业板;纳指;黄金;国债ETF;有色ETF,沪深300;创业板;纳指;黄金;国债ETF,有色ETF
2024-04-16,2569293.090746891,2470283.3026313256,99009.78811556567,1.0,False,normal,-0.051185971132224936,5,沪深300;创业板;黄金;国债ETF;有色ETF,沪深300;创业板;黄金;国债ETF,有色ETF
2024-04-17,2599287.584329935,2496416.724489716,102870.85984021891,1.0,False,normal,-0.04010930712574402,5,沪深300;创业板;黄金;国债ETF;有色ETF,沪深300;创业板;黄金;国债ETF,有色ETF
2024-04-18,2605949.1735697133,2501876.331903948,104072.84166576527,1.0,False,normal,-0.03764924939701716,6,沪深300;创业板;纳指;黄金;国债ETF;有色ETF,沪深300;创业板;纳指;黄金;国债ETF,有色ETF
2024-04-19,2586819.600309934,2484391.0221003667,102428.57820956735,1.0,False,normal,-0.044713607893328726,4,沪深300;黄金;国债ETF;有色ETF,沪深300;黄金;国债ETF,有色ETF
2024-04-22,2559028.6740765,2635836.3845804534,-76807.71050395351,1.0,False,normal,-0.0549765166990526,6,沪深300;黄金;国债ETF;消费ETF;有色ETF;军工ETF,沪深300;黄金;国债ETF,消费ETF;有色ETF;军工ETF
2024-04-23,2525448.540081949,2602078.6823788774,-76630.14229692845,1.0,False,normal,-0.06737732155079784,6,沪深300;创业板;黄金;国债ETF;消费ETF;有色ETF,沪深300;创业板;黄金;国债ETF,消费ETF;有色ETF
2024-04-24,2537376.8379439334,2608385.3806900033,-71008.54274606984,1.0,False,normal,-0.06297232143900666,6,沪深300;黄金;国债ETF;消费ETF;有色ETF;军工ETF,沪深300;黄金;国债ETF,消费ETF;有色ETF;军工ETF
2024-04-25,2538483.4321516026,2616023.0359120537,-77539.60376045108,1.0,False,normal,-0.0625636673573522,6,沪深300;创业板;黄金;国债ETF;消费ETF;有色ETF,沪深300;创业板;黄金;国债ETF,消费ETF;有色ETF
2024-04-26,2579469.0636848295,2657210.0535600376,-77740.98987520812,1.0,False,normal,-0.04742808694389827,8,沪深300;创业板;黄金;国债ETF;消费ETF;证券ETF;有色ETF;军工ETF,沪深300;创业板;黄金;国债ETF,消费ETF;证券ETF;有色ETF;军工ETF
2024-04-29,2601674.2793667936,2701840.1327100666,-100165.85334327305,1.0,False,normal,-0.039227924716801955,10,沪深300;创业板;黄金;国债ETF;消费ETF;医药ETF;证券ETF;有色ETF;科技ETF;军工ETF,沪深300;创业板;黄金;国债ETF,消费ETF;医药ETF;证券ETF;有色ETF;科技ETF;军工ETF
2024-04-30,2586671.2659688327,2686369.3856681264,-99698.11969929375,1.0,False,normal,-0.044768386269648144,10,沪深300;创业板;黄金;国债ETF;消费ETF;医药ETF;证券ETF;有色ETF;科技ETF;军工ETF,沪深300;创业板;黄金;国债ETF,消费ETF;医药ETF;证券ETF;有色ETF;科技ETF;军工ETF
2024-05-06,2612424.918125867,2710214.047390943,-97789.12926507602,1.0,False,normal,-0.035257822235837746,10,沪深300;创业板;黄金;国债ETF;消费ETF;医药ETF;证券ETF;有色ETF;科技ETF;军工ETF,沪深300;创业板;黄金;国债ETF,消费ETF;医药ETF;证券ETF;有色ETF;科技ETF;军工ETF
2024-05-07,2617087.651315818,2715535.506776488,-98447.85546066985,1.0,False,normal,-0.03353592188923035,10,沪深300;创业板;黄金;国债ETF;消费ETF;医药ETF;证券ETF;有色ETF;科技ETF;军工ETF,沪深300;创业板;黄金;国债ETF,消费ETF;医药ETF;证券ETF;有色ETF;科技ETF;军工ETF
2024-05-08,2595981.3729330194,2705908.957344932,-109927.5844119126,1.0,False,normal,-0.04133025765376802,9,沪深300;创业板;纳指;黄金;国债ETF;消费ETF;医药ETF;有色ETF;军工ETF,沪深300;创业板;纳指;黄金;国债ETF,消费ETF;医药ETF;有色ETF;军工ETF
2024-05-09,2618590.653046529,2718817.8387337774,-100227.1856872486,1.0,False,normal,-0.03298087850681253,10,沪深300;创业板;黄金;国债ETF;消费ETF;医药ETF;证券ETF;有色ETF;科技ETF;军工ETF,沪深300;创业板;黄金;国债ETF,消费ETF;医药ETF;证券ETF;有色ETF;科技ETF;军工ETF
2024-05-10,2623021.084804449,2738040.9229290616,-115019.83812461235,1.0,False,normal,-0.0313447647364547,9,沪深300;纳指;黄金;国债ETF;消费ETF;医药ETF;证券ETF;有色ETF;军工ETF,沪深300;纳指;黄金;国债ETF,消费ETF;医药ETF;证券ETF;有色ETF;军工ETF
2024-05-13,2616924.9121793695,2732669.766215071,-115744.8540357016,1.0,False,normal,-0.033596019811209105,9,沪深300;纳指;黄金;国债ETF;消费ETF;医药ETF;证券ETF;有色ETF;军工ETF,沪深300;纳指;黄金;国债ETF,消费ETF;医药ETF;证券ETF;有色ETF;军工ETF
2024-05-14,2619558.9958339203,2735296.72799835,-115737.7321644295,1.0,False,normal,-0.03262327928049659,8,沪深300;黄金;国债ETF;消费ETF;医药ETF;证券ETF;有色ETF;军工ETF,沪深300;黄金;国债ETF,消费ETF;医药ETF;证券ETF;有色ETF;军工ETF
2024-05-15,2605979.163356661,2718022.2130820346,-112043.04972537374,1.0,False,normal,-0.03763817447112368,8,沪深300;纳指;黄金;国债ETF;消费ETF;医药ETF;有色ETF;军工ETF,沪深300;纳指;黄金;国债ETF,消费ETF;医药ETF;有色ETF;军工ETF
2024-05-16,2617557.3535065223,2730868.5992555767,-113311.24574905448,1.0,False,normal,-0.03336246560682526,8,沪深300;纳指;黄金;国债ETF;消费ETF;医药ETF;有色ETF;军工ETF,沪深300;纳指;黄金;国债ETF,消费ETF;医药ETF;有色ETF;军工ETF
2024-05-17,2631907.168143249,2745061.961703037,-113154.7935597878,1.0,False,normal,-0.028063223769444756,9,沪深300;纳指;黄金;国债ETF;消费ETF;医药ETF;证券ETF;有色ETF;军工ETF,沪深300;纳指;黄金;国债ETF,消费ETF;医药ETF;证券ETF;有色ETF;军工ETF
2024-05-20,2656222.8291696426,2768560.7435353533,-112337.91436571069,1.0,False,normal,-0.019083695359033294,9,沪深300;纳指;黄金;国债ETF;消费ETF;医药ETF;证券ETF;有色ETF;军工ETF,沪深300;纳指;黄金;国债ETF,消费ETF;医药ETF;证券ETF;有色ETF;军工ETF
2024-05-21,2639141.418326022,2750877.4923137934,-111736.07398777129,1.0,False,normal,-0.025391688129359827,9,沪深300;纳指;黄金;国债ETF;消费ETF;医药ETF;证券ETF;有色ETF;军工ETF,沪深300;纳指;黄金;国债ETF,消费ETF;医药ETF;证券ETF;有色ETF;军工ETF
2024-05-22,2639273.8826297424,2751341.5963474126,-112067.71371767018,1.0,False,normal,-0.02534277039780688,9,沪深300;纳指;黄金;国债ETF;消费ETF;医药ETF;证券ETF;有色ETF;军工ETF,沪深300;纳指;黄金;国债ETF,消费ETF;医药ETF;证券ETF;有色ETF;军工ETF
2024-05-23,2613005.5742024807,2613005.5742024807,0.0,1.0,False,normal,-0.035043391802259474,6,沪深300;纳指;黄金;国债ETF;消费ETF;军工ETF,沪深300;纳指;黄金;国债ETF,消费ETF;军工ETF
2024-05-24,2583178.087345529,2651315.698761593,-68137.6114160642,1.0,False,normal,-0.046058381908942125,5,沪深300;纳指;黄金;国债ETF;消费ETF,沪深300;纳指;黄金;国债ETF,消费ETF
2024-05-27,2598539.5489344886,2667207.4079039874,-68667.85896949889,1.0,False,normal,-0.04038554905386236,5,沪深300;纳指;黄金;国债ETF;消费ETF,沪深300;纳指;黄金;国债ETF,消费ETF
2024-05-28,2586091.2656999817,2652785.1738060173,-66693.90810603555,1.0,False,normal,-0.04498257452003295,6,沪深300;创业板;纳指;黄金;国债ETF;消费ETF,沪深300;创业板;纳指;黄金;国债ETF,消费ETF
2024-05-29,2587861.4893681747,2660304.69031206,-72443.20094388537,1.0,False,normal,-0.04432884877085149,7,沪深300;创业板;纳指;黄金;国债ETF;消费ETF;有色ETF,沪深300;创业板;纳指;黄金;国债ETF,消费ETF;有色ETF
2024-05-30,2562914.6092700553,2413132.144532399,149782.46473765653,1.0,False,normal,-0.053541480019043235,6,沪深300;创业板;纳指;黄金;国债ETF;军工ETF,沪深300;创业板;纳指;黄金;国债ETF,军工ETF
2024-05-31,2566848.30651063,2416251.349914199,150596.95659643086,1.0,False,normal,-0.052088805296716875,4,纳指;黄金;国债ETF;军工ETF,纳指;黄金;国债ETF,军工ETF
2024-06-03,2562135.078638446,2411763.5936793694,150371.48495907662,1.0,False,normal,-0.05382935282026889,5,沪深300;纳指;黄金;国债ETF;军工ETF,沪深300;纳指;黄金;国债ETF,军工ETF
2024-06-04,2574466.6258900817,2422947.055076572,151519.57081350964,1.0,False,normal,-0.049275436775370905,6,沪深300;创业板;纳指;黄金;国债ETF;军工ETF,沪深300;创业板;纳指;黄金;国债ETF,军工ETF
2024-06-05,2576824.9920758377,2499354.4299082924,77470.56216754531,1.0,False,normal,-0.048404515925464235,6,沪深300;创业板;纳指;国债ETF;科技ETF;军工ETF,沪深300;创业板;纳指;国债ETF,科技ETF;军工ETF
2024-06-06,2574787.027658437,2422469.604857482,152317.4228009549,1.0,False,normal,-0.04915711563334773,6,沪深300;创业板;纳指;黄金;国债ETF;军工ETF,沪深300;创业板;纳指;黄金;国债ETF,军工ETF
2024-06-07,2568240.99367292,2416275.418502872,151965.57517004805,1.0,False,normal,-0.0515744999719707,6,沪深300;创业板;纳指;黄金;国债ETF;军工ETF,沪深300;创业板;纳指;黄金;国债ETF,军工ETF
2024-06-11,2562202.8457358964,2483867.941787499,78334.90394839738,1.0,False,normal,-0.05380432711456482,6,沪深300;创业板;纳指;国债ETF;科技ETF;军工ETF,沪深300;创业板;纳指;国债ETF,科技ETF;军工ETF
2024-06-12,2563774.9246589635,2485411.703308135,78363.22135082865,1.0,False,normal,-0.05322377422160555,6,沪深300;创业板;纳指;国债ETF;科技ETF;军工ETF,沪深300;创业板;纳指;国债ETF,科技ETF;军工ETF
2024-06-13,2572679.1555522787,2494058.2924781065,78620.86307417229,1.0,False,normal,-0.04993553154571861,4,纳指;国债ETF;科技ETF;军工ETF,纳指;国债ETF,科技ETF;军工ETF
2024-06-14,2571834.5989943156,2493241.646394527,78592.95259978855,1.0,False,normal,-0.05024741776580522,6,沪深300;创业板;纳指;国债ETF;科技ETF;军工ETF,沪深300;创业板;纳指;国债ETF,科技ETF;军工ETF
2024-06-17,2578684.473840866,2501212.1219282122,77472.35191265354,1.0,False,normal,-0.04771782806122778,5,创业板;纳指;国债ETF;科技ETF;军工ETF,创业板;纳指;国债ETF,科技ETF;军工ETF
2024-06-18,2591746.3252052222,2513819.0094670258,77927.31573819648,1.0,False,normal,-0.042894218072114236,5,创业板;纳指;国债ETF;科技ETF;军工ETF,创业板;纳指;国债ETF,科技ETF;军工ETF
2024-06-19,2576796.0348486304,2475901.294033227,100894.7408154034,1.0,False,normal,-0.04841520953745825,5,沪深300;创业板;纳指;国债ETF;科技ETF,沪深300;创业板;纳指;国债ETF,科技ETF
2024-06-20,2562975.6875175303,1794082.981262271,768892.7062552592,1.0,False,normal,-0.05351892443818264,3,创业板;纳指;国债ETF,创业板;纳指;国债ETF,
2024-06-21,2552066.1068259827,1786446.2747781877,765619.832047795,1.0,False,normal,-0.057547722571990055,5,沪深300;创业板;纳指;黄金;国债ETF,沪深300;创业板;纳指;黄金;国债ETF,
2024-06-24,2537823.8676692746,1776476.7073684921,761347.1603007824,1.0,False,normal,-0.062807237869424,3,纳指;黄金;国债ETF,纳指;黄金;国债ETF,
2024-06-25,2533258.5045698923,1773280.9531989244,759977.5513709679,1.0,False,normal,-0.06449318042349436,3,纳指;黄金;国债ETF,纳指;黄金;国债ETF,
2024-06-26,2541463.9427401293,1779024.7599180904,762439.1828220389,1.0,False,normal,-0.061462994853398595,2,纳指;国债ETF,纳指;国债ETF,
2024-06-27,2541831.272722755,1779281.8909059286,762549.3818168265,1.0,False,normal,-0.061327343595083884,2,纳指;国债ETF,纳指;国债ETF,
2024-06-28,2554744.829777926,1788321.380844548,766423.4489333781,1.0,False,normal,-0.05655849719890688,3,纳指;黄金;国债ETF,纳指;黄金;国债ETF,
2024-07-01,2553234.0106191323,1787263.8074333926,765970.2031857397,1.0,False,normal,-0.05711642747868245,3,纳指;黄金;国债ETF,纳指;黄金;国债ETF,
2024-07-02,2555022.404146898,1788515.6829028283,766506.7212440697,1.0,False,normal,-0.05645599178359124,3,纳指;黄金;国债ETF,纳指;黄金;国债ETF,
2024-07-03,2570747.718814975,1799523.4031704823,771224.3156444929,1.0,False,normal,-0.05064879165560025,3,纳指;黄金;国债ETF,纳指;黄金;国债ETF,
2024-07-04,2576894.214097607,1803825.9498683244,773068.2642292825,1.0,False,normal,-0.04837895293088109,3,纳指;黄金;国债ETF,纳指;黄金;国债ETF,
2024-07-05,2585849.0190294003,1810094.31332058,775754.7057088204,1.0,False,normal,-0.04507203377258842,3,纳指;黄金;国债ETF,纳指;黄金;国债ETF,
2024-07-08,2594145.715715739,1815902.0010010172,778243.7147147218,1.0,False,normal,-0.04200814735277538,3,纳指;黄金;国债ETF,纳指;黄金;国债ETF,
2024-07-09,2598718.978559935,1819103.2849919542,779615.6935679808,1.0,False,normal,-0.04031928750260875,3,纳指;黄金;国债ETF,纳指;黄金;国债ETF,
2024-07-10,2595385.9783103447,1816770.1848172413,778615.7934931035,1.0,False,normal,-0.04155013088377851,3,纳指;黄金;国债ETF,纳指;黄金;国债ETF,
2024-07-11,2600399.41808421,2600399.41808421,0.0,1.0,False,normal,-0.03969871813236523,4,纳指;国债ETF;有色ETF;科技ETF,纳指;国债ETF,有色ETF;科技ETF
2024-07-12,2557185.8495168053,2471868.752804515,85317.09671229031,1.0,False,normal,-0.055657053225335804,4,纳指;黄金;国债ETF;科技ETF,纳指;黄金;国债ETF,科技ETF
2024-07-15,2569452.0678795176,2435620.82431822,133831.24356129766,1.0,False,normal,-0.05112726248032053,3,纳指;国债ETF;有色ETF,纳指;国债ETF,有色ETF
2024-07-16,2573226.2454427825,2573226.245442783,-4.656612873077393e-10,1.0,False,normal,-0.04973349676617898,5,纳指;黄金;国债ETF;有色ETF;科技ETF,纳指;黄金;国债ETF,有色ETF;科技ETF
2024-07-17,2562485.277129081,2477772.4356913287,84712.84143775236,1.0,False,normal,-0.05370002804918711,4,纳指;黄金;国债ETF;科技ETF,纳指;黄金;国债ETF,科技ETF
2024-07-18,2550114.245685404,2465817.258879779,84296.98680562526,1.0,False,normal,-0.05826852520803513,4,纳指;黄金;国债ETF;科技ETF,纳指;黄金;国债ETF,科技ETF
2024-07-19,2531498.9186639553,2531498.9186639553,0.0,1.0,False,normal,-0.06514297775434919,6,纳指;黄金;国债ETF;医药ETF;科技ETF;军工ETF,纳指;黄金;国债ETF,医药ETF;科技ETF;军工ETF
2024-07-22,2531736.381546463,2531736.381546463,0.0,1.0,False,normal,-0.06505528510648817,6,纳指;黄金;国债ETF;医药ETF;科技ETF;军工ETF,纳指;黄金;国债ETF,医药ETF;科技ETF;军工ETF
2024-07-23,2512910.1413681596,1759037.0989577116,753873.042410448,1.0,False,normal,-0.07200762575471516,3,纳指;黄金;国债ETF,纳指;黄金;国债ETF,
2024-07-24,2509183.89519246,1756428.726634722,752755.1685577382,1.0,False,normal,-0.07338369089078367,3,纳指;黄金;国债ETF,纳指;黄金;国债ETF,
2024-07-25,2477966.8814809388,1734576.8170366571,743390.0644442816,1.0,False,warning,-0.0849118192524409,3,纳指;黄金;国债ETF,纳指;黄金;国债ETF,
2024-07-26,2481592.261540618,2422512.7515464257,59079.50999419205,1.0,False,warning,-0.08357300295585364,5,纳指;黄金;国债ETF;证券ETF;军工ETF,纳指;黄金;国债ETF,证券ETF;军工ETF
2024-07-29,2496269.110715373,2330457.7639237978,165811.3467915752,1.0,False,normal,-0.07815299056149658,4,纳指;黄金;国债ETF;军工ETF,纳指;黄金;国债ETF,军工ETF
2024-07-30,2493465.2711117906,2327676.668995018,165788.60211677244,1.0,False,normal,-0.07918842025231503,4,纳指;黄金;国债ETF;军工ETF,纳指;黄金;国债ETF,军工ETF
2024-07-31,2510451.7912106696,2510451.7912106696,0.0,1.0,False,normal,-0.07291546967711397,6,纳指;黄金;国债ETF;医药ETF;证券ETF;军工ETF,纳指;黄金;国债ETF,医药ETF;证券ETF;军工ETF
2024-08-01,2527343.4428642164,2459605.876748954,67737.56611526245,1.0,False,normal,-0.06667755306209137,5,纳指;黄金;国债ETF;证券ETF;军工ETF,纳指;黄金;国债ETF,证券ETF;军工ETF
2024-08-02,2493906.8629,2493906.8629,0.0,1.0,False,normal,-0.07902534485807723,6,纳指;黄金;国债ETF;医药ETF;证券ETF;军工ETF,纳指;黄金;国债ETF,医药ETF;证券ETF;军工ETF
2024-08-05,2423939.8083469886,2423939.808346988,4.656612873077393e-10,1.0,False,warning,-0.10486347253511696,5,黄金;国债ETF;医药ETF;证券ETF;军工ETF,黄金;国债ETF,医药ETF;证券ETF;军工ETF
2024-08-06,2426382.5437534074,2426382.5437534074,0.0,1.0,False,warning,-0.10396139498282478,5,黄金;国债ETF;医药ETF;证券ETF;军工ETF,黄金;国债ETF,医药ETF;证券ETF;军工ETF
2024-08-07,2430226.528904646,2430226.528904646,0.0,1.0,False,warning,-0.10254185003040578,5,黄金;国债ETF;医药ETF;证券ETF;军工ETF,黄金;国债ETF,医药ETF;证券ETF;军工ETF
2024-08-08,2423629.7673870716,2423629.7673870716,0.0,1.0,False,warning,-0.10497796753506551,5,黄金;国债ETF;医药ETF;证券ETF;军工ETF,黄金;国债ETF,医药ETF;证券ETF;军工ETF
2024-08-09,2420095.287093647,2420095.287093647,0.0,1.0,False,warning,-0.1062832154646364,4,黄金;国债ETF;医药ETF;证券ETF,黄金;国债ETF,医药ETF;证券ETF
2024-08-12,2427291.4455037164,2427291.4455037164,0.0,1.0,False,warning,-0.10362574673208165,4,黄金;国债ETF;医药ETF;证券ETF,黄金;国债ETF,医药ETF;证券ETF
2024-08-13,2436227.484684922,2436227.484684922,0.0,1.0,False,warning,-0.10032575757624147,4,黄金;国债ETF;医药ETF;证券ETF,黄金;国债ETF,医药ETF;证券ETF
2024-08-14,2426669.0656421725,2336315.0974580217,90353.96818415076,1.0,False,warning,-0.10385558533867906,3,黄金;国债ETF;证券ETF,黄金;国债ETF,证券ETF
2024-08-15,2430916.401430196,2347474.700575104,83441.70085509215,1.0,False,warning,-0.1022870870636078,3,黄金;国债ETF;证券ETF,黄金;国债ETF,证券ETF
2024-08-16,2428391.4871119885,2345450.73872644,82940.74838554859,1.0,False,warning,-0.10321951245930608,4,纳指;黄金;国债ETF;证券ETF,纳指;黄金;国债ETF,证券ETF
2024-08-19,2423666.183136084,2340983.2519505806,82682.93118550349,1.0,False,warning,-0.10496451956618286,4,纳指;黄金;国债ETF;证券ETF,纳指;黄金;国债ETF,证券ETF
2024-08-20,2429011.4321867614,2346083.0672454606,82928.36494130082,1.0,False,warning,-0.10299057299491005,4,纳指;黄金;国债ETF;证券ETF,纳指;黄金;国债ETF,证券ETF
2024-08-21,2427254.988593413,2344352.653325967,82902.335267446,1.0,False,warning,-0.10363920990141393,4,纳指;黄金;国债ETF;证券ETF,纳指;黄金;国债ETF,证券ETF
2024-08-22,2418058.6394453947,1692641.0476117763,725417.5918336185,1.0,False,warning,-0.10703532890295199,2,黄金;国债ETF,黄金;国债ETF,
2024-08-23,2416439.718996368,2347265.4095164686,69174.30947989924,1.0,False,warning,-0.10763317989908379,3,黄金;国债ETF;证券ETF,黄金;国债ETF,证券ETF
2024-08-26,2421681.9685120694,1695177.3779584486,726504.5905536208,1.0,False,warning,-0.1056972700173984,2,黄金;国债ETF,黄金;国债ETF,
2024-08-27,2420574.437583571,1694402.1063084996,726172.3312750713,1.0,False,warning,-0.10610627002060898,2,黄金;国债ETF,黄金;国债ETF,
2024-08-28,2419990.0790181663,1693993.0553127164,725997.0237054499,1.0,False,warning,-0.10632206774596063,2,黄金;国债ETF,黄金;国债ETF,
2024-08-29,2420665.7206227966,1694466.0044359574,726199.7161868392,1.0,False,warning,-0.10607256011474928,2,黄金;国债ETF,黄金;国债ETF,
2024-08-30,2418475.2905315068,2348700.825389362,69774.46514214482,1.0,False,warning,-0.10688146385848905,3,黄金;国债ETF;证券ETF,黄金;国债ETF,证券ETF
2024-09-02,2398783.0198468454,1679148.1138927918,719634.9059540536,1.0,False,warning,-0.11415362083939495,2,黄金;国债ETF,黄金;国债ETF,
2024-09-03,2401481.6276959134,1681037.1393871394,720444.4883087741,1.0,False,warning,-0.11315705217432916,2,黄金;国债ETF,黄金;国债ETF,
2024-09-04,2396024.385602627,1677217.0699218388,718807.3156807881,1.0,False,warning,-0.1151723566468651,2,黄金;国债ETF,黄金;国债ETF,
2024-09-05,2402589.543324883,2345321.233420654,57268.309904228896,1.0,False,warning,-0.11274791010511404,3,黄金;国债ETF;证券ETF,黄金;国债ETF,证券ETF
2024-09-06,2407629.641164728,2350428.0342222145,57201.60694251349,1.0,False,warning,-0.11088665279876257,3,黄金;国债ETF;证券ETF,黄金;国债ETF,证券ETF
2024-09-09,2401146.6969145443,2348783.6762016523,52363.02071289206,1.0,False,warning,-0.11328073873434331,2,国债ETF;证券ETF,国债ETF,证券ETF
2024-09-10,2400102.321102615,2347959.819726644,52142.501375970896,1.0,False,warning,-0.11366641618988058,2,国债ETF;证券ETF,国债ETF,证券ETF
2024-09-11,2401784.9148267116,2401784.9148267116,0.0,1.0,False,warning,-0.11304505129536647,2,国债ETF;证券ETF,国债ETF,证券ETF
2024-09-12,2398285.7233170383,1678800.0063219266,719485.7169951117,1.0,False,warning,-0.11433726743296094,2,黄金;国债ETF,黄金;国债ETF,
2024-09-13,2411658.3343101996,2411658.3343101996,0.0,1.0,False,warning,-0.10939889704672584,3,黄金;国债ETF;证券ETF,黄金;国债ETF,证券ETF
2024-09-18,2412462.918866627,2412462.918866627,0.0,1.0,False,warning,-0.1091017720837164,3,黄金;国债ETF;证券ETF,黄金;国债ETF,证券ETF
2024-09-19,2418968.785944806,2418968.785944806,0.0,1.0,False,warning,-0.10669922097891782,3,黄金;国债ETF;证券ETF,黄金;国债ETF,证券ETF
2024-09-20,2429097.803514034,2429097.803514034,0.0,1.0,False,warning,-0.1029586769347434,4,纳指;黄金;国债ETF;证券ETF,纳指;黄金;国债ETF,证券ETF
2024-09-23,2436381.1757195494,2436381.175719549,4.656612873077393e-10,1.0,False,warning,-0.10026900102702135,4,纳指;黄金;国债ETF;证券ETF,纳指;黄金;国债ETF,证券ETF
2024-09-24,2476012.8947636397,2476012.894763639,4.656612873077393e-10,1.0,False,warning,-0.0856334068425339,5,纳指;黄金;国债ETF;证券ETF;有色ETF,纳指;黄金;国债ETF,证券ETF;有色ETF
2024-09-25,2487761.9529292127,2487761.9529292127,0.0,1.0,False,warning,-0.08129459814311901,9,沪深300;创业板;纳指;黄金;国债ETF;医药ETF;证券ETF;有色ETF;科技ETF,沪深300;创业板;纳指;黄金;国债ETF,医药ETF;证券ETF;有色ETF;科技ETF
2024-09-26,2559144.45237105,2559144.45237105,0.0,1.0,False,normal,-0.054933760942419266,11,沪深300;创业板;纳指;黄金;国债ETF;消费ETF;医药ETF;证券ETF;有色ETF;科技ETF;军工ETF,沪深300;创业板;纳指;黄金;国债ETF,消费ETF;医药ETF;证券ETF;有色ETF;科技ETF;军工ETF
2024-09-27,2658593.8462752732,2658593.8462752737,-4.656612873077393e-10,1.0,False,normal,-0.018208102651992693,10,沪深300;创业板;黄金;国债ETF;消费ETF;医药ETF;证券ETF;有色ETF;科技ETF;军工ETF,沪深300;创业板;黄金;国债ETF,消费ETF;医药ETF;证券ETF;有色ETF;科技ETF;军工ETF
2024-09-30,2872537.6447148034,2780119.7976112543,92417.84710354917,0.7300073394301227,False,normal,0.0,10,沪深300;创业板;纳指;黄金;消费ETF;医药ETF;证券ETF;有色ETF;科技ETF;军工ETF,沪深300;创业板;纳指;黄金,消费ETF;医药ETF;证券ETF;有色ETF;科技ETF;军工ETF
2024-10-08,3045841.8178692083,2914854.6819756706,130987.13589353766,0.6785809590287393,False,normal,0.0,10,沪深300;创业板;纳指;黄金;消费ETF;医药ETF;证券ETF;有色ETF;科技ETF;军工ETF,沪深300;创业板;纳指;黄金,消费ETF;医药ETF;证券ETF;有色ETF;科技ETF;军工ETF
2024-10-09,2862446.450875788,2708743.3899528626,153703.06092292536,0.777725134731103,False,normal,-0.06021171746920164,11,沪深300;创业板;纳指;黄金;国债ETF;消费ETF;医药ETF;证券ETF;有色ETF;科技ETF;军工ETF,沪深300;创业板;纳指;黄金;国债ETF,消费ETF;医药ETF;证券ETF;有色ETF;科技ETF;军工ETF
2024-10-10,2860033.207023761,2706306.3788825064,153726.82814125437,0.7777500802718875,False,normal,-0.06100402514515162,11,沪深300;创业板;纳指;黄金;国债ETF;消费ETF;医药ETF;证券ETF;有色ETF;科技ETF;军工ETF,沪深300;创业板;纳指;黄金;国债ETF,消费ETF;医药ETF;证券ETF;有色ETF;科技ETF;军工ETF
2024-10-11,2809700.3552493425,2651923.202953737,157777.15229560528,0.7731332926910214,False,normal,-0.077529128805863,11,沪深300;创业板;纳指;黄金;国债ETF;消费ETF;医药ETF;证券ETF;有色ETF;科技ETF;军工ETF,沪深300;创业板;纳指;黄金;国债ETF,消费ETF;医药ETF;证券ETF;有色ETF;科技ETF;军工ETF
2024-10-14,2844213.6588832773,2682788.116959081,161425.5419241963,0.7724660668413577,False,normal,-0.06619784317196904,11,沪深300;创业板;纳指;黄金;国债ETF;消费ETF;医药ETF;证券ETF;有色ETF;科技ETF;军工ETF,沪深300;创业板;纳指;黄金;国债ETF,消费ETF;医药ETF;证券ETF;有色ETF;科技ETF;军工ETF
2024-10-15,2810064.1290057357,2648263.5809366805,161800.5480690552,0.7713651572831285,False,normal,-0.0774096958943247,11,沪深300;创业板;纳指;黄金;国债ETF;消费ETF;医药ETF;证券ETF;有色ETF;科技ETF;军工ETF,沪深300;创业板;纳指;黄金;国债ETF,消费ETF;医药ETF;证券ETF;有色ETF;科技ETF;军工ETF
2024-10-16,2794036.2364225406,2633014.738558107,161021.49786443356,0.7707215774743539,False,warning,-0.08267191683080387,11,沪深300;创业板;纳指;黄金;国债ETF;消费ETF;医药ETF;证券ETF;有色ETF;科技ETF;军工ETF,沪深300;创业板;纳指;黄金;国债ETF,消费ETF;医药ETF;证券ETF;有色ETF;科技ETF;军工ETF
2024-10-17,2788945.163221293,2628133.706484806,160811.45673648734,0.7713157385554882,False,warning,-0.08434339995621748,11,沪深300;创业板;纳指;黄金;国债ETF;消费ETF;医药ETF;证券ETF;有色ETF;科技ETF;军工ETF,沪深300;创业板;纳指;黄金;国债ETF,消费ETF;医药ETF;证券ETF;有色ETF;科技ETF;军工ETF
2024-10-18,2868146.1610770957,2690843.9218496825,177302.2392274132,0.7599228958493761,False,normal,-0.05834040879917523,11,沪深300;创业板;纳指;黄金;国债ETF;消费ETF;医药ETF;证券ETF;有色ETF;科技ETF;军工ETF,沪深300;创业板;纳指;黄金;国债ETF,消费ETF;医药ETF;证券ETF;有色ETF;科技ETF;军工ETF
2024-10-21,2883610.356766955,2704729.2760762083,178881.08069074666,0.6367680352215382,False,normal,-0.05326325883060671,10,沪深300;创业板;黄金;国债ETF;消费ETF;医药ETF;证券ETF;有色ETF;科技ETF;军工ETF,沪深300;创业板;黄金;国债ETF,消费ETF;医药ETF;证券ETF;有色ETF;科技ETF;军工ETF
2024-10-22,2888753.6933290744,2709543.1134017506,179210.57992732385,0.7601152886006474,False,normal,-0.05157461678362162,11,沪深300;创业板;纳指;黄金;国债ETF;消费ETF;医药ETF;证券ETF;有色ETF;科技ETF;军工ETF,沪深300;创业板;纳指;黄金;国债ETF,消费ETF;医药ETF;证券ETF;有色ETF;科技ETF;军工ETF
2024-10-23,2894516.420019169,2714959.949513067,179556.47050610185,0.6375277437241326,False,normal,-0.04968261876314468,10,沪深300;创业板;黄金;国债ETF;消费ETF;医药ETF;证券ETF;有色ETF;科技ETF;军工ETF,沪深300;创业板;黄金;国债ETF,消费ETF;医药ETF;证券ETF;有色ETF;科技ETF;军工ETF
2024-10-24,2867864.1469218372,2688974.141065377,178890.00585646043,0.6364806836915919,False,normal,-0.0584329986879882,10,沪深300;创业板;黄金;国债ETF;消费ETF;医药ETF;证券ETF;有色ETF;科技ETF;军工ETF,沪深300;创业板;黄金;国债ETF,消费ETF;医药ETF;证券ETF;有色ETF;科技ETF;军工ETF
2024-10-25,2893050.746433863,2712531.6745423777,180519.07189148525,0.6358948799141643,False,normal,-0.050163823524569634,10,沪深300;创业板;黄金;国债ETF;消费ETF;医药ETF;证券ETF;有色ETF;科技ETF;军工ETF,沪深300;创业板;黄金;国债ETF,消费ETF;医药ETF;证券ETF;有色ETF;科技ETF;军工ETF
2024-10-28,2899988.1970579177,2719456.71891326,180531.4781446578,0.7583681865236289,False,normal,-0.04788614430191453,11,沪深300;创业板;纳指;黄金;国债ETF;消费ETF;医药ETF;证券ETF;有色ETF;科技ETF;军工ETF,沪深300;创业板;纳指;黄金;国债ETF,消费ETF;医药ETF;证券ETF;有色ETF;科技ETF;军工ETF
2024-10-29,2879905.134038123,2700273.4190008966,179631.7150372262,0.7585743427644159,False,normal,-0.05447974443635764,11,沪深300;创业板;纳指;黄金;国债ETF;消费ETF;医药ETF;证券ETF;有色ETF;科技ETF;军工ETF,沪深300;创业板;纳指;黄金;国债ETF,消费ETF;医药ETF;证券ETF;有色ETF;科技ETF;军工ETF
2024-10-30,2875247.290079395,2695746.624863149,179500.6652162457,0.758741670252696,False,normal,-0.05600899127097709,11,沪深300;创业板;纳指;黄金;国债ETF;消费ETF;医药ETF;证券ETF;有色ETF;科技ETF;军工ETF,沪深300;创业板;纳指;黄金;国债ETF,消费ETF;医药ETF;证券ETF;有色ETF;科技ETF;军工ETF
2024-10-31,2871908.3762400183,2693201.937791406,178706.4384486121,0.7586691640647836,False,normal,-0.05710521163927985,11,沪深300;创业板;纳指;黄金;国债ETF;消费ETF;医药ETF;证券ETF;有色ETF;科技ETF;军工ETF,沪深300;创业板;纳指;黄金;国债ETF,消费ETF;医药ETF;证券ETF;有色ETF;科技ETF;军工ETF
2024-11-01,2857002.476569151,2680427.6185466424,176574.85802250868,0.7591112061642658,False,normal,-0.06199906383587718,11,沪深300;创业板;纳指;黄金;国债ETF;消费ETF;医药ETF;证券ETF;有色ETF;科技ETF;军工ETF,沪深300;创业板;纳指;黄金;国债ETF,消费ETF;医药ETF;证券ETF;有色ETF;科技ETF;军工ETF
2024-11-04,2883806.353309337,2704241.7870967826,179564.56621255446,0.7584963379985622,False,normal,-0.05319890993985598,11,沪深300;创业板;纳指;黄金;国债ETF;消费ETF;医药ETF;证券ETF;有色ETF;科技ETF;军工ETF,沪深300;创业板;纳指;黄金;国债ETF,消费ETF;医药ETF;证券ETF;有色ETF;科技ETF;军工ETF
2024-11-05,2939653.061932779,2749469.0949091753,190183.96702360362,0.7564410766566572,False,normal,-0.03486351632361403,11,沪深300;创业板;纳指;黄金;国债ETF;消费ETF;医药ETF;证券ETF;有色ETF;科技ETF;军工ETF,沪深300;创业板;纳指;黄金;国债ETF,消费ETF;医药ETF;证券ETF;有色ETF;科技ETF;军工ETF
2024-11-06,2946681.7763370248,2756806.9172192565,189874.85911776824,0.7564864046051866,False,normal,-0.03255587369982113,11,沪深300;创业板;纳指;黄金;国债ETF;消费ETF;医药ETF;证券ETF;有色ETF;科技ETF;军工ETF,沪深300;创业板;纳指;黄金;国债ETF,消费ETF;医药ETF;证券ETF;有色ETF;科技ETF;军工ETF
2024-11-07,2997500.3504590564,2798499.1514592026,199001.1989998538,0.7536544066466212,False,normal,-0.015871299397934684,11,沪深300;创业板;纳指;黄金;国债ETF;消费ETF;医药ETF;证券ETF;有色ETF;科技ETF;军工ETF,沪深300;创业板;纳指;黄金;国债ETF,消费ETF;医药ETF;证券ETF;有色ETF;科技ETF;军工ETF
2024-11-08,2989159.544451115,2790523.7915882305,198635.75286288466,0.7537349391502888,False,normal,-0.018609723290799962,11,沪深300;创业板;纳指;黄金;国债ETF;消费ETF;医药ETF;证券ETF;有色ETF;科技ETF;军工ETF,沪深300;创业板;纳指;黄金;国债ETF,消费ETF;医药ETF;证券ETF;有色ETF;科技ETF;军工ETF
2024-11-11,3015413.04365869,2815749.9423639937,199663.10129469633,0.7542262967400726,False,normal,-0.009990267397341535,11,沪深300;创业板;纳指;黄金;国债ETF;消费ETF;医药ETF;证券ETF;有色ETF;科技ETF;军工ETF,沪深300;创业板;纳指;黄金;国债ETF,消费ETF;医药ETF;证券ETF;有色ETF;科技ETF;军工ETF
2024-11-12,2993908.3568135877,2795413.4870435623,198494.86977002537,0.7541529362037434,False,normal,-0.017050610031991705,11,沪深300;创业板;纳指;黄金;国债ETF;消费ETF;医药ETF;证券ETF;有色ETF;科技ETF;军工ETF,沪深300;创业板;纳指;黄金;国债ETF,消费ETF;医药ETF;证券ETF;有色ETF;科技ETF;军工ETF
2024-11-13,2998740.910845472,2799932.3441333184,198808.5667121536,0.754202641835532,False,normal,-0.01546400300482014,11,沪深300;创业板;纳指;黄金;国债ETF;消费ETF;医药ETF;证券ETF;有色ETF;科技ETF;军工ETF,沪深300;创业板;纳指;黄金;国债ETF,消费ETF;医药ETF;证券ETF;有色ETF;科技ETF;军工ETF
2024-11-14,2949032.645236486,2749113.9199755904,199918.72526089568,0.7493015032090339,False,normal,-0.03178404474742138,11,沪深300;创业板;纳指;黄金;国债ETF;消费ETF;医药ETF;证券ETF;有色ETF;科技ETF;军工ETF,沪深300;创业板;纳指;黄金;国债ETF,消费ETF;医药ETF;证券ETF;有色ETF;科技ETF;军工ETF
2024-11-15,2904981.759199474,2705208.1806176724,199773.57858180162,0.7453273899976248,False,normal,-0.04624667566232192,11,沪深300;创业板;纳指;黄金;国债ETF;消费ETF;医药ETF;证券ETF;有色ETF;科技ETF;军工ETF,沪深300;创业板;纳指;黄金;国债ETF,消费ETF;医药ETF;证券ETF;有色ETF;科技ETF;军工ETF
2024-11-18,2884021.6206660303,2666631.9782994785,217389.6423665518,0.7452479976746341,False,normal,-0.05312823412359056,10,沪深300;创业板;纳指;黄金;国债ETF;消费ETF;医药ETF;证券ETF;科技ETF;军工ETF,沪深300;创业板;纳指;黄金;国债ETF,消费ETF;医药ETF;证券ETF;科技ETF;军工ETF
2024-11-19,2916053.591226207,2714601.54121003,201452.0500161769,0.7448685922782666,False,normal,-0.04261161097781423,11,沪深300;创业板;纳指;黄金;国债ETF;消费ETF;医药ETF;证券ETF;有色ETF;科技ETF;军工ETF,沪深300;创业板;纳指;黄金;国债ETF,消费ETF;医药ETF;证券ETF;有色ETF;科技ETF;军工ETF
2024-11-20,2929287.1258626645,2726607.778792035,202679.3470706297,0.7449586549396698,False,normal,-0.03826682374729571,11,沪深300;创业板;纳指;黄金;国债ETF;消费ETF;医药ETF;证券ETF;有色ETF;科技ETF;军工ETF,沪深300;创业板;纳指;黄金;国债ETF,消费ETF;医药ETF;证券ETF;有色ETF;科技ETF;军工ETF
2024-11-21,2932999.1186668803,2730075.6049503842,202923.51371649606,0.7449449100024385,False,normal,-0.037048115414368366,11,沪深300;创业板;纳指;黄金;国债ETF;消费ETF;医药ETF;证券ETF;有色ETF;科技ETF;军工ETF,沪深300;创业板;纳指;黄金;国债ETF,消费ETF;医药ETF;证券ETF;有色ETF;科技ETF;军工ETF
2024-11-22,2889142.981944814,2616394.8719886066,272748.1099562072,0.7426661556459583,False,normal,-0.05144680692381355,8,沪深300;创业板;纳指;黄金;国债ETF;证券ETF;科技ETF;军工ETF,沪深300;创业板;纳指;黄金;国债ETF,证券ETF;科技ETF;军工ETF
2024-11-25,2877367.3964919895,2602213.348684871,275154.0478071184,0.7427632097495716,False,normal,-0.055312925441111424,7,沪深300;创业板;纳指;黄金;国债ETF;证券ETF;科技ETF,沪深300;创业板;纳指;黄金;国债ETF,证券ETF;科技ETF
2024-11-26,2864477.923553806,2005134.546487664,859343.3770661417,0.7423118629261166,False,normal,-0.05954475155321098,5,沪深300;创业板;纳指;黄金;国债ETF,沪深300;创业板;纳指;黄金;国债ETF,
2024-11-27,2886385.758192658,2608233.9929007553,278151.7652919027,0.740201000284824,False,normal,-0.052352048862505156,7,沪深300;创业板;纳指;黄金;国债ETF;证券ETF;科技ETF,沪深300;创业板;纳指;黄金;国债ETF,证券ETF;科技ETF
2024-11-28,2866316.5783377555,2547415.864633666,318900.71370408963,0.739785885031764,False,normal,-0.05894109092541252,6,沪深300;创业板;纳指;黄金;国债ETF;证券ETF,沪深300;创业板;纳指;黄金;国债ETF,证券ETF
2024-11-29,2899116.017985057,2617668.955218374,281447.0627666833,1.0,False,normal,-0.04817249504663928,5,纳指;黄金;国债ETF;证券ETF;科技ETF,纳指;黄金;国债ETF,证券ETF;科技ETF
2024-12-02,2903718.279883025,2621611.93785825,282106.3420247752,1.0,False,normal,-0.04666149671738666,5,纳指;黄金;国债ETF;证券ETF;科技ETF,纳指;黄金;国债ETF,证券ETF;科技ETF
2024-12-03,2917839.8012540247,2634176.42879703,283663.37245699484,1.0,False,normal,-0.04202516882663672,6,沪深300;纳指;黄金;国债ETF;证券ETF;科技ETF,沪深300;纳指;黄金;国债ETF,证券ETF;科技ETF
2024-12-04,2911879.7481875317,2585704.0388554162,326175.7093321155,1.0,False,normal,-0.043981952344259605,4,纳指;黄金;国债ETF;证券ETF,纳指;黄金;国债ETF,证券ETF
2024-12-05,2924174.1057304954,2640076.771038667,284097.3346918286,0.7407480617999351,False,normal,-0.03994551241135314,7,沪深300;创业板;纳指;黄金;国债ETF;证券ETF;科技ETF,沪深300;创业板;纳指;黄金;国债ETF,证券ETF;科技ETF
2024-12-06,2943723.0863176133,2682986.8465745426,260736.23974307068,0.7404287032989106,False,normal,-0.03352726032996508,8,沪深300;创业板;纳指;黄金;国债ETF;医药ETF;证券ETF;科技ETF,沪深300;创业板;纳指;黄金;国债ETF,医药ETF;证券ETF;科技ETF
2024-12-09,2946179.965856497,2685419.275268052,260760.6905884454,0.7406900613112076,False,normal,-0.03272062633982482,8,沪深300;创业板;纳指;黄金;国债ETF;医药ETF;证券ETF;科技ETF,沪深300;创业板;纳指;黄金;国债ETF,医药ETF;证券ETF;科技ETF
2024-12-10,2953739.367582984,2726043.8107776917,227695.55680529214,0.7407051342184641,False,normal,-0.030238750333612847,9,沪深300;创业板;纳指;黄金;国债ETF;消费ETF;医药ETF;证券ETF;科技ETF,沪深300;创业板;纳指;黄金;国债ETF,消费ETF;医药ETF;证券ETF;科技ETF
2024-12-11,2956796.4358175355,2753274.6117621367,203521.8240553988,0.7407729955078844,False,normal,-0.02923506451624156,10,沪深300;创业板;纳指;黄金;国债ETF;消费ETF;医药ETF;证券ETF;有色ETF;科技ETF,沪深300;创业板;纳指;黄金;国债ETF,消费ETF;医药ETF;证券ETF;有色ETF;科技ETF
2024-12-12,2983602.2489136234,2766121.039355788,217481.20955783548,0.7395226732688371,False,normal,-0.020434274882707493,11,沪深300;创业板;纳指;黄金;国债ETF;消费ETF;医药ETF;证券ETF;有色ETF;科技ETF;军工ETF,沪深300;创业板;纳指;黄金;国债ETF,消费ETF;医药ETF;证券ETF;有色ETF;科技ETF;军工ETF
2024-12-13,2946054.9167056708,2695668.630256386,250386.28644928476,0.6113270636785503,False,normal,-0.032761682034212085,6,沪深300;创业板;纳指;国债ETF;消费ETF;证券ETF,沪深300;创业板;纳指;国债ETF,消费ETF;证券ETF
2024-12-16,2932323.974400886,2052626.78208062,879697.1923202658,1.0,False,normal,-0.03726977638902356,2,纳指;国债ETF,纳指;国债ETF,
2024-12-17,2939653.1033900846,2057757.172373059,881895.9310170256,1.0,False,normal,-0.03486350271249824,2,纳指;国债ETF,纳指;国债ETF,
2024-12-18,2946470.2746429415,2062529.192250059,883941.0823928826,0.6134660837187779,False,normal,-0.03262531318707302,4,沪深300;创业板;纳指;国债ETF,沪深300;创业板;纳指;国债ETF,
2024-12-19,2937027.0396226947,2632302.92142883,304724.1181938648,1.0,False,normal,-0.035725682669442614,3,纳指;国债ETF;科技ETF,纳指;国债ETF,科技ETF
2024-12-20,2924645.801549067,2621005.269670317,303640.53187874984,1.0,False,normal,-0.039790646910523766,3,纳指;国债ETF;科技ETF,纳指;国债ETF,科技ETF
2024-12-23,2953365.2206709273,2647859.9712753864,305505.2493955409,0.6132295664833817,False,normal,-0.030361588922886085,5,沪深300;创业板;纳指;国债ETF;科技ETF,沪深300;创业板;纳指;国债ETF,科技ETF
2024-12-24,2969901.196400178,2662792.3923703087,307108.8040298694,0.6134896211408379,False,normal,-0.0249325559270692,5,沪深300;创业板;纳指;国债ETF;科技ETF,沪深300;创业板;纳指;国债ETF,科技ETF
2024-12-25,2975052.994574775,2667370.497908721,307682.4966660538,0.6135059581619243,False,normal,-0.023241135793438977,5,沪深300;创业板;纳指;国债ETF;科技ETF,沪深300;创业板;纳指;国债ETF,科技ETF
2024-12-26,2992423.4893712215,2681796.7295646216,310626.75980659993,0.613960740402312,False,normal,-0.017538116452599253,5,沪深300;创业板;纳指;国债ETF;科技ETF,沪深300;创业板;纳指;国债ETF,科技ETF
2024-12-27,2981014.2829605993,2671087.6646599313,309926.61830066796,0.6138812068835081,False,normal,-0.021283946700147632,5,沪深300;创业板;纳指;国债ETF;科技ETF,沪深300;创业板;纳指;国债ETF,科技ETF
2024-12-30,2973964.164565211,2665048.053243949,308916.1113212621,1.0,False,normal,-0.02359861660651861,3,纳指;国债ETF;科技ETF,纳指;国债ETF,科技ETF
2024-12-31,2950673.169624334,2065471.218737034,885201.9508873003,1.0,False,normal,-0.031245433589670652,2,纳指;国债ETF,纳指;国债ETF,
2025-01-02,2961045.0574405114,2072731.5402083576,888313.5172321538,1.0,False,normal,-0.027840172109797376,3,纳指;黄金;国债ETF,纳指;黄金;国债ETF,
2025-01-03,2964758.388114337,2075330.8716800355,889427.5164343014,1.0,False,normal,-0.026621024532257315,3,纳指;黄金;国债ETF,纳指;黄金;国债ETF,
2025-01-06,2975614.2553272136,2082929.9787290494,892684.2765981641,1.0,False,normal,-0.023056864650681075,3,纳指;黄金;国债ETF,纳指;黄金;国债ETF,
2025-01-07,2971553.0256398185,2080087.1179478725,891465.907691946,1.0,False,normal,-0.02439023320040969,3,纳指;黄金;国债ETF,纳指;黄金;国债ETF,
2025-01-08,2968206.023249234,2077744.2162744636,890461.8069747705,1.0,False,normal,-0.025489109173202632,3,纳指;黄金;国债ETF,纳指;黄金;国债ETF,
2025-01-09,2968274.147656475,2077791.9033595326,890482.2442969426,1.0,False,normal,-0.025466742809052843,3,纳指;黄金;国债ETF,纳指;黄金;国债ETF,
2025-01-10,2969936.314115383,2078955.4198807678,890980.8942346154,1.0,False,normal,-0.024921026203168557,3,纳指;黄金;国债ETF,纳指;黄金;国债ETF,
2025-01-13,2954719.933911207,2068303.9537378447,886415.9801733624,1.0,False,normal,-0.029916814269017968,3,纳指;黄金;国债ETF,纳指;黄金;国债ETF,
2025-01-14,2957512.4746627677,2648226.270606463,309286.2040563049,1.0,False,normal,-0.02899997717814298,4,纳指;黄金;国债ETF;有色ETF,纳指;黄金;国债ETF,有色ETF
2025-01-15,2951680.4189682417,2066176.293277769,885504.1256904728,1.0,False,normal,-0.030914737051853696,3,纳指;黄金;国债ETF,纳指;黄金;国债ETF,
2025-01-16,2969377.7078736387,2657561.932281101,311815.7755925376,1.0,False,normal,-0.025104425826375273,4,纳指;黄金;国债ETF;有色ETF,纳指;黄金;国债ETF,有色ETF
2025-01-17,2970850.065369372,2659265.6390145463,311584.4263548255,1.0,False,normal,-0.024621026627147293,4,纳指;黄金;国债ETF;有色ETF,纳指;黄金;国债ETF,有色ETF
2025-01-20,2970788.3202890195,2658999.1652371367,311789.15505188284,1.0,False,normal,-0.024641298553282804,4,纳指;黄金;国债ETF;有色ETF,纳指;黄金;国债ETF,有色ETF
2025-01-21,2967996.2049352946,2730092.376620243,237903.82831505174,1.0,False,normal,-0.025557995979046764,5,纳指;黄金;国债ETF;有色ETF;科技ETF,纳指;黄金;国债ETF,有色ETF;科技ETF
2025-01-22,2981004.329303793,2742127.5473881327,238876.78191566048,1.0,False,normal,-0.02128721464950329,5,纳指;黄金;国债ETF;有色ETF;科技ETF,纳指;黄金;国债ETF,有色ETF;科技ETF
2025-01-23,2969052.017017635,2649477.0341507844,319574.9828668507,1.0,False,normal,-0.025211355494913188,4,纳指;黄金;国债ETF;科技ETF,纳指;黄金;国债ETF,科技ETF
2025-01-24,2981006.2737702667,2742307.9008548935,238698.37291537318,1.0,False,normal,-0.021286576249156256,5,纳指;黄金;国债ETF;有色ETF;科技ETF,纳指;黄金;国债ETF,有色ETF;科技ETF
2025-01-27,2959719.6752127977,2650503.612765138,309216.0624476597,1.0,False,normal,-0.028275316909483955,4,纳指;黄金;国债ETF;有色ETF,纳指;黄金;国债ETF,有色ETF
2025-02-05,2991479.289611324,2750758.4976067645,240720.79200455965,1.0,False,normal,-0.017848112774259135,5,纳指;黄金;国债ETF;有色ETF;科技ETF,纳指;黄金;国债ETF,有色ETF;科技ETF
2025-02-06,3007249.2883416694,2763896.7700551916,243352.51828647777,1.0,False,normal,-0.012670562634318696,5,纳指;黄金;国债ETF;有色ETF;科技ETF,纳指;黄金;国债ETF,有色ETF;科技ETF
2025-02-07,3016315.8047526386,2746119.4092558725,270196.3954967661,1.0,False,normal,-0.009693876071747336,6,纳指;黄金;国债ETF;有色ETF;科技ETF;军工ETF,纳指;黄金;国债ETF,有色ETF;科技ETF;军工ETF
2025-02-10,3022306.4582466492,2751674.185264902,270632.27298174705,1.0,False,normal,-0.007727045930121142,6,纳指;黄金;国债ETF;有色ETF;科技ETF;军工ETF,纳指;黄金;国债ETF,有色ETF;科技ETF;军工ETF
2025-02-11,3026066.1420539133,2755195.9928812184,270870.1491726949,1.0,False,normal,-0.006492679855951781,5,黄金;国债ETF;有色ETF;科技ETF;军工ETF,黄金;国债ETF,有色ETF;科技ETF;军工ETF
2025-02-12,3023898.320891961,2759896.771669293,264001.54922266817,1.0,False,normal,-0.00720441122336366,6,纳指;黄金;国债ETF;有色ETF;科技ETF;军工ETF,纳指;黄金;国债ETF,有色ETF;科技ETF;军工ETF
2025-02-13,3023176.16575475,2759116.553636071,264059.6121186791,1.0,False,normal,-0.007441506640786317,6,纳指;黄金;国债ETF;有色ETF;科技ETF;军工ETF,纳指;黄金;国债ETF,有色ETF;科技ETF;军工ETF
2025-02-14,3033762.0673483117,2787776.3617567373,245985.7055915743,1.0,False,normal,-0.003965980915367204,7,纳指;黄金;国债ETF;医药ETF;有色ETF;科技ETF;军工ETF,纳指;黄金;国债ETF,医药ETF;有色ETF;科技ETF;军工ETF
2025-02-17,3021585.8767876453,2777642.046520003,243943.83026764216,0.8604845610604176,False,normal,-0.007963624683087396,8,沪深300;纳指;黄金;医药ETF;证券ETF;有色ETF;科技ETF;军工ETF,沪深300;纳指;黄金,医药ETF;证券ETF;有色ETF;科技ETF;军工ETF
2025-02-18,3015390.375986618,2794600.50332661,220789.8726600078,0.7631310376762802,False,normal,-0.009997709567167652,5,沪深300;黄金;医药ETF;有色ETF;科技ETF,沪深300;黄金,医药ETF;有色ETF;科技ETF
2025-02-19,3035623.540058845,2793621.771182758,242001.7688760874,0.45983234542860585,False,normal,-0.003354828786713402,7,沪深300;创业板;黄金;医药ETF;有色ETF;科技ETF;军工ETF,沪深300;创业板;黄金,医药ETF;有色ETF;科技ETF;军工ETF
2025-02-20,3042671.8903658856,2801731.4725732,240940.4177926858,0.44214026923046873,False,normal,-0.0010407393728477717,6,创业板;黄金;医药ETF;有色ETF;科技ETF;军工ETF,创业板;黄金,医药ETF;有色ETF;科技ETF;军工ETF
2025-02-21,3072062.7382920915,2828926.8966138056,243135.84167828597,0.4604872973637901,False,normal,0.0,8,沪深300;创业板;黄金;医药ETF;证券ETF;有色ETF;科技ETF;军工ETF,沪深300;创业板;黄金,医药ETF;证券ETF;有色ETF;科技ETF;军工ETF
2025-02-24,3062343.863741102,2842126.970668046,220216.89307305636,0.46042863746527973,False,normal,-0.003163631533252005,9,沪深300;创业板;黄金;消费ETF;医药ETF;证券ETF;有色ETF;科技ETF;军工ETF,沪深300;创业板;黄金,消费ETF;医药ETF;证券ETF;有色ETF;科技ETF;军工ETF
2025-02-25,3037775.375961585,2761774.5635307804,276000.8124308046,0.44259728388447644,False,normal,-0.011161022821288006,5,创业板;黄金;医药ETF;科技ETF;军工ETF,创业板;黄金,医药ETF;科技ETF;军工ETF
2025-02-26,3046790.689423478,2808573.6365136113,238217.0529098669,0.44260085101817387,False,normal,-0.008226410402888866,7,创业板;黄金;医药ETF;证券ETF;有色ETF;科技ETF;军工ETF,创业板;黄金,医药ETF;证券ETF;有色ETF;科技ETF;军工ETF
2025-02-27,3032767.332440139,2805183.4377252306,227583.8947149082,0.44591026742890105,False,normal,-0.012791212029022217,7,创业板;黄金;消费ETF;医药ETF;证券ETF;科技ETF;军工ETF,创业板;黄金,消费ETF;医药ETF;证券ETF;科技ETF;军工ETF
2025-02-28,2966470.1170592047,2762586.875563633,203883.24149557156,0.6947599061152151,False,normal,-0.034371896093369124,4,黄金;消费ETF;医药ETF;科技ETF,黄金,消费ETF;医药ETF;科技ETF
2025-03-03,2966967.162879553,2781141.975514521,185825.18736503227,0.6949105732667511,False,normal,-0.03421010062801194,6,黄金;消费ETF;医药ETF;有色ETF;科技ETF;军工ETF,黄金,消费ETF;医药ETF;有色ETF;科技ETF;军工ETF
2025-03-04,2988027.144831041,2790175.5615073475,197851.58332369337,0.6947373619919411,False,normal,-0.02735477775684038,7,黄金;消费ETF;医药ETF;证券ETF;有色ETF;科技ETF;军工ETF,黄金,消费ETF;医药ETF;证券ETF;有色ETF;科技ETF;军工ETF
2025-03-05,3004227.095081313,2805308.990901624,198918.1041796892,0.44392972936437397,False,normal,-0.022081464146299173,8,创业板;黄金;消费ETF;医药ETF;证券ETF;有色ETF;科技ETF;军工ETF,创业板;黄金,消费ETF;医药ETF;证券ETF;有色ETF;科技ETF;军工ETF
2025-03-06,3036334.263820956,2834116.184082807,202218.07973814895,0.4628479381453486,False,normal,-0.011630125265930838,9,沪深300;创业板;黄金;消费ETF;医药ETF;证券ETF;有色ETF;科技ETF;军工ETF,沪深300;创业板;黄金,消费ETF;医药ETF;证券ETF;有色ETF;科技ETF;军工ETF
2025-03-07,3022661.8168749753,2821657.792633674,201004.02424130123,0.4626386126819645,False,normal,-0.016080700697076438,9,沪深300;创业板;黄金;消费ETF;医药ETF;证券ETF;有色ETF;科技ETF;军工ETF,沪深300;创业板;黄金,消费ETF;医药ETF;证券ETF;有色ETF;科技ETF;军工ETF
2025-03-10,3021990.0576553945,2821059.9744191337,200930.0832362608,0.46263854252926806,False,normal,-0.016299367852277265,9,沪深300;创业板;黄金;消费ETF;医药ETF;证券ETF;有色ETF;科技ETF;军工ETF,沪深300;创业板;黄金,消费ETF;医药ETF;证券ETF;有色ETF;科技ETF;军工ETF
2025-03-11,3024880.557205561,2823626.5913723945,201253.9658331666,0.4626913505996186,False,normal,-0.015358469245573188,9,沪深300;创业板;黄金;消费ETF;医药ETF;证券ETF;有色ETF;科技ETF;军工ETF,沪深300;创业板;黄金,消费ETF;医药ETF;证券ETF;有色ETF;科技ETF;军工ETF
2025-03-12,3020738.0041224477,2821223.619633172,199514.38448927552,0.4632428810481391,False,normal,-0.016706929038232385,9,沪深300;创业板;黄金;消费ETF;医药ETF;证券ETF;有色ETF;科技ETF;军工ETF,沪深300;创业板;黄金,消费ETF;医药ETF;证券ETF;有色ETF;科技ETF;军工ETF
2025-03-13,3011708.0837635957,2817004.3676931243,194703.71607047133,0.4640372467322479,False,normal,-0.01964629620879746,8,沪深300;创业板;黄金;消费ETF;医药ETF;证券ETF;有色ETF;军工ETF,沪深300;创业板;黄金,消费ETF;医药ETF;证券ETF;有色ETF;军工ETF
2025-03-14,3076616.580159507,2876631.515495383,199985.06466412405,0.4629641094373444,False,normal,0.0,9,沪深300;创业板;黄金;消费ETF;医药ETF;证券ETF;有色ETF;科技ETF;军工ETF,沪深300;创业板;黄金,消费ETF;医药ETF;证券ETF;有色ETF;科技ETF;军工ETF
2025-03-17,3067098.913948458,2867961.7340149316,199137.17993352655,0.4630552319361397,False,normal,-0.0030935496715536874,9,沪深300;创业板;黄金;消费ETF;医药ETF;证券ETF;有色ETF;科技ETF;军工ETF,沪深300;创业板;黄金,消费ETF;医药ETF;证券ETF;有色ETF;科技ETF;军工ETF
2025-03-18,3081200.2093986645,2881084.486270757,200115.7231279076,0.4630670216784806,False,normal,0.0,9,沪深300;创业板;黄金;消费ETF;医药ETF;证券ETF;有色ETF;科技ETF;军工ETF,沪深300;创业板;黄金,消费ETF;医药ETF;证券ETF;有色ETF;科技ETF;军工ETF
2025-03-19,3084203.822765871,2883735.5193744246,200468.30339144636,0.4632085643488559,False,normal,0.0,9,沪深300;创业板;黄金;消费ETF;医药ETF;证券ETF;有色ETF;科技ETF;军工ETF,沪深300;创业板;黄金,消费ETF;医药ETF;证券ETF;有色ETF;科技ETF;军工ETF
2025-03-20,3067636.362710051,2869297.8878071047,198338.47490294604,0.46301032087390886,False,normal,-0.005371713741332021,8,沪深300;创业板;黄金;消费ETF;医药ETF;证券ETF;有色ETF;军工ETF,沪深300;创业板;黄金,消费ETF;医药ETF;证券ETF;有色ETF;军工ETF
2025-03-21,3026903.7470109873,2838864.945015483,188038.80199550418,0.4620560832746629,False,normal,-0.018578563236296683,7,沪深300;创业板;黄金;消费ETF;医药ETF;有色ETF;军工ETF,沪深300;创业板;黄金,消费ETF;医药ETF;有色ETF;军工ETF
2025-03-24,3031189.4543928695,2842946.852469704,188242.60192316538,0.46208302584064376,False,normal,-0.017188996389174732,7,沪深300;创业板;黄金;消费ETF;医药ETF;有色ETF;军工ETF,沪深300;创业板;黄金,消费ETF;医药ETF;有色ETF;军工ETF
2025-03-25,3028343.346292241,2842161.3991141226,186181.9471781184,0.46415564358040157,False,normal,-0.018111797949700692,7,沪深300;创业板;黄金;消费ETF;医药ETF;有色ETF;军工ETF,沪深300;创业板;黄金,消费ETF;医药ETF;有色ETF;军工ETF
2025-03-26,3024287.6554288617,2838718.439902555,185569.21552630654,0.4641326434380231,False,normal,-0.01942678590005677,7,沪深300;创业板;黄金;消费ETF;医药ETF;有色ETF;军工ETF,沪深300;创业板;黄金,消费ETF;医药ETF;有色ETF;军工ETF
2025-03-27,3032724.4110194785,2846616.724630857,186107.68638862157,0.4642453186770954,False,normal,-0.016691313124768282,7,沪深300;创业板;黄金;消费ETF;医药ETF;有色ETF;军工ETF,沪深300;创业板;黄金,消费ETF;医药ETF;有色ETF;军工ETF
2025-03-28,3034913.6435845555,2851058.115102127,183855.5284824283,0.4642841749221308,False,normal,-0.015981492149605314,6,沪深300;创业板;黄金;消费ETF;医药ETF;有色ETF,沪深300;创业板;黄金,消费ETF;医药ETF;有色ETF
2025-03-31,3022456.730056655,2839365.11560078,183091.614455875,0.4642454909192691,False,normal,-0.02002043193560466,6,沪深300;创业板;黄金;消费ETF;医药ETF;有色ETF,沪深300;创业板;黄金,消费ETF;医药ETF;有色ETF
2025-04-01,3036309.5713797337,2851262.3910795413,185047.18030019244,0.4644888076321623,False,normal,-0.015528886590635997,6,沪深300;创业板;黄金;消费ETF;医药ETF;有色ETF,沪深300;创业板;黄金,消费ETF;医药ETF;有色ETF
2025-04-02,3027180.441548303,2842260.9844592614,184919.45708904136,0.7593247122111034,False,normal,-0.018488849795416703,5,沪深300;黄金;消费ETF;医药ETF;有色ETF,沪深300;黄金,消费ETF;医药ETF;有色ETF
2025-04-03,3029352.8893933743,2802881.4511808236,226471.4382125507,0.6886934501571285,False,normal,-0.017784470976793965,3,黄金;消费ETF;医药ETF,黄金,消费ETF;医药ETF
2025-04-07,2931394.4218176845,2051976.095272379,879418.3265453056,0.6773173693914099,False,normal,-0.04954581789317318,1,黄金,黄金,
2025-04-08,2945786.574429593,2679617.6538569815,266168.9205726115,0.6777614528706528,False,normal,-0.04487941014616448,2,黄金;消费ETF,黄金,消费ETF
2025-04-09,2980642.2856947193,2710599.1228782213,270043.16281649796,0.6758427110571935,False,normal,-0.03357804575259203,2,黄金;消费ETF,黄金,消费ETF
2025-04-10,3026633.2165453057,2752844.3242976563,273788.8922476494,1.0,False,normal,-0.018666278083053784,3,黄金;国债ETF;消费ETF,黄金;国债ETF,消费ETF
2025-04-11,3036353.968586719,2761864.320399123,274489.64818759635,1.0,False,normal,-0.015514491560496394,3,黄金;国债ETF;消费ETF,黄金;国债ETF,消费ETF
2025-04-14,3040296.6791577837,2765365.3428718178,274931.336285966,1.0,False,normal,-0.014236135525152127,3,黄金;国债ETF;消费ETF,黄金;国债ETF,消费ETF
2025-04-15,3040818.2995107616,2765970.7351768115,274847.56433395017,1.0,False,normal,-0.014067009104541537,3,黄金;国债ETF;消费ETF,黄金;国债ETF,消费ETF
2025-04-16,3069892.839385681,2793888.5069953664,276004.33239031443,1.0,False,normal,-0.004640090020819767,3,黄金;国债ETF;消费ETF,黄金;国债ETF,消费ETF
2025-04-17,3081217.906698729,2804271.329681317,276946.57701741206,1.0,False,normal,-0.0009681318871021668,3,黄金;国债ETF;消费ETF,黄金;国债ETF,消费ETF
2025-04-18,3078720.039532291,2801893.7406353625,276826.2988969283,1.0,False,normal,-0.0017780223191158615,3,黄金;国债ETF;消费ETF,黄金;国债ETF,消费ETF
2025-04-21,3093990.900493589,2866524.368222581,227466.532271008,1.0,False,normal,0.0,4,黄金;国债ETF;消费ETF;有色ETF,黄金;国债ETF,消费ETF;有色ETF
2025-04-22,3129774.106597526,2899691.224253205,230082.88234432088,1.0,False,normal,0.0,4,黄金;国债ETF;消费ETF;有色ETF,黄金;国债ETF,消费ETF;有色ETF
2025-04-23,3055062.6540100113,2784049.6802082406,271012.9738017707,1.0,False,normal,-0.02387119646431473,3,黄金;国债ETF;消费ETF,黄金;国债ETF,消费ETF
2025-04-24,3065095.8182571027,2793275.537486137,271820.28077096585,1.0,False,normal,-0.020665481321505665,3,黄金;国债ETF;消费ETF,黄金;国债ETF,消费ETF
2025-04-25,3057143.252281101,2140000.2765967706,917142.9756843303,1.0,False,normal,-0.02320642060502708,2,黄金;国债ETF,黄金;国债ETF,
2025-04-28,3047691.3428962473,2133383.940027373,914307.4028688744,1.0,False,normal,-0.02622641791567297,2,黄金;国债ETF,黄金;国债ETF,
2025-04-29,3056593.9629224995,2139615.7740457496,916978.18887675,1.0,False,normal,-0.02338192507911789,2,黄金;国债ETF,黄金;国债ETF,
2025-04-30,3050930.917597712,2135651.642318398,915279.2752793138,1.0,False,normal,-0.025191335321489653,2,黄金;国债ETF,黄金;国债ETF,
2025-05-06,3070589.754648326,2785832.418540401,284757.33610792505,1.0,False,normal,-0.018910103391947725,3,黄金;国债ETF;医药ETF,黄金;国债ETF,医药ETF
2025-05-07,3078653.106894307,2832845.9285626523,245807.17833165452,1.0,False,normal,-0.016333766579337695,5,黄金;国债ETF;医药ETF;有色ETF;军工ETF,黄金;国债ETF,医药ETF;有色ETF;军工ETF
2025-05-08,3067605.6445544893,2789846.4423636547,277759.20219083456,1.0,False,normal,-0.019863562009790527,5,黄金;国债ETF;医药ETF;科技ETF;军工ETF,黄金;国债ETF,医药ETF;科技ETF;军工ETF
2025-05-09,3056246.8364649834,2777672.4182450133,278574.4182199701,1.0,False,normal,-0.023492836105183434,5,纳指;黄金;国债ETF;医药ETF;军工ETF,纳指;黄金;国债ETF,医药ETF;军工ETF
2025-05-12,3069705.627261063,2814009.7961144666,255695.83114659647,1.0,False,normal,-0.019192592593132933,8,纳指;黄金;国债ETF;医药ETF;证券ETF;有色ETF;科技ETF;军工ETF,纳指;黄金;国债ETF,医药ETF;证券ETF;有色ETF;科技ETF;军工ETF
2025-05-13,3064018.6012705285,2818202.7165803965,245815.884690132,1.0,False,normal,-0.021009664943033964,7,纳指;黄金;国债ETF;医药ETF;有色ETF;科技ETF;军工ETF,纳指;黄金;国债ETF,医药ETF;有色ETF;科技ETF;军工ETF
2025-05-14,3081920.522563308,2855426.020232995,226494.50233031297,1.0,False,normal,-0.015289788465353844,9,纳指;黄金;国债ETF;消费ETF;医药ETF;证券ETF;有色ETF;科技ETF;军工ETF,纳指;黄金;国债ETF,消费ETF;医药ETF;证券ETF;有色ETF;科技ETF;军工ETF
2025-05-15,3048808.7953503774,2828968.3306432446,219840.4647071329,1.0,False,normal,-0.025869378584375994,8,纳指;黄金;国债ETF;消费ETF;医药ETF;证券ETF;有色ETF;军工ETF,纳指;黄金;国债ETF,消费ETF;医药ETF;证券ETF;有色ETF;军工ETF
2025-05-16,3057837.0919561936,2811012.1376258777,246824.9543303158,1.0,False,normal,-0.022984730587964824,7,纳指;黄金;国债ETF;医药ETF;证券ETF;有色ETF;军工ETF,纳指;黄金;国债ETF,医药ETF;证券ETF;有色ETF;军工ETF
2025-05-19,3057255.5434241653,2779025.4367817724,278230.10664239293,1.0,False,normal,-0.023170542251114035,6,纳指;黄金;国债ETF;医药ETF;证券ETF;军工ETF,纳指;黄金;国债ETF,医药ETF;证券ETF;军工ETF
2025-05-20,3066597.2175819594,2842616.634394897,223980.5831870623,1.0,False,normal,-0.020185766404799133,9,纳指;黄金;国债ETF;消费ETF;医药ETF;证券ETF;有色ETF;科技ETF;军工ETF,纳指;黄金;国债ETF,消费ETF;医药ETF;证券ETF;有色ETF;科技ETF;军工ETF
2025-05-21,3085772.9716435764,2860942.9298405577,224830.04180301866,1.0,False,normal,-0.01405888522791333,10,沪深300;纳指;黄金;国债ETF;消费ETF;医药ETF;证券ETF;有色ETF;科技ETF;军工ETF,沪深300;纳指;黄金;国债ETF,消费ETF;医药ETF;证券ETF;有色ETF;科技ETF;军工ETF
2025-05-22,3078359.53790844,2832209.1837592097,246150.3541492303,1.0,False,normal,-0.016427565357098686,7,纳指;黄金;国债ETF;医药ETF;证券ETF;有色ETF;军工ETF,纳指;黄金;国债ETF,医药ETF;证券ETF;有色ETF;军工ETF
2025-05-23,3073554.4219437432,2833049.831479469,240504.5904642744,1.0,False,normal,-0.017962856979125853,6,纳指;黄金;国债ETF;医药ETF;有色ETF;军工ETF,纳指;黄金;国债ETF,医药ETF;有色ETF;军工ETF
2025-05-26,3074113.4758417057,2833848.7930360725,240264.68280563317,1.0,False,normal,-0.01778423261873385,6,纳指;黄金;国债ETF;医药ETF;有色ETF;军工ETF,纳指;黄金;国债ETF,医药ETF;有色ETF;军工ETF
2025-05-27,3067327.455254495,2827518.7143709254,239808.7408835697,1.0,False,normal,-0.01995244679524764,6,纳指;黄金;国债ETF;医药ETF;有色ETF;军工ETF,纳指;黄金;国债ETF,医药ETF;有色ETF;军工ETF
2025-05-28,3074379.386968714,2834819.135543157,239560.2514255573,1.0,False,normal,-0.017699270855375926,6,纳指;黄金;国债ETF;医药ETF;有色ETF;军工ETF,纳指;黄金;国债ETF,医药ETF;有色ETF;军工ETF
2025-05-29,3084753.038671102,2834056.753231912,250696.28543919,1.0,False,normal,-0.01438476592656327,8,纳指;黄金;国债ETF;医药ETF;证券ETF;有色ETF;科技ETF;军工ETF,纳指;黄金;国债ETF,医药ETF;证券ETF;有色ETF;科技ETF;军工ETF
2025-05-30,3074825.649716643,2835083.2308320464,239742.4188845968,1.0,False,normal,-0.017556684607062268,6,纳指;黄金;国债ETF;医药ETF;有色ETF;军工ETF,纳指;黄金;国债ETF,医药ETF;有色ETF;军工ETF
2025-06-03,3092241.982020748,2841619.1350561315,250622.84696461633,1.0,False,normal,-0.01199195957869959,8,纳指;黄金;国债ETF;医药ETF;证券ETF;有色ETF;科技ETF;军工ETF,纳指;黄金;国债ETF,医药ETF;证券ETF;有色ETF;科技ETF;军工ETF
2025-06-04,3104718.722106678,2853665.7594729927,251052.9626336852,1.0,False,normal,-0.00800549293255114,9,沪深300;纳指;黄金;国债ETF;医药ETF;证券ETF;有色ETF;科技ETF;军工ETF,沪深300;纳指;黄金;国债ETF,医药ETF;证券ETF;有色ETF;科技ETF;军工ETF
2025-06-05,3108438.339485783,2857036.4956469457,251401.84383883746,0.6440541411064226,False,normal,-0.006817031001300487,10,沪深300;创业板;纳指;黄金;国债ETF;医药ETF;证券ETF;有色ETF;科技ETF;军工ETF,沪深300;创业板;纳指;黄金;国债ETF,医药ETF;证券ETF;有色ETF;科技ETF;军工ETF
2025-06-06,3105871.2804871816,2856178.754436919,249692.52605026262,0.6449721324465354,False,normal,-0.0076372368408178445,10,沪深300;创业板;纳指;黄金;国债ETF;医药ETF;证券ETF;有色ETF;科技ETF;军工ETF,沪深300;创业板;纳指;黄金;国债ETF,医药ETF;证券ETF;有色ETF;科技ETF;军工ETF
2025-06-09,3114136.4066663985,2864263.9252573987,249872.48140899977,0.646697390998889,False,normal,-0.004996430860030251,10,沪深300;创业板;纳指;黄金;国债ETF;医药ETF;证券ETF;有色ETF;科技ETF;军工ETF,沪深300;创业板;纳指;黄金;国债ETF,医药ETF;证券ETF;有色ETF;科技ETF;军工ETF
2025-06-10,3102338.2516342713,2853528.38683364,248809.86480063153,0.6468897333933069,False,normal,-0.00876608152180063,10,沪深300;创业板;纳指;黄金;国债ETF;医药ETF;证券ETF;有色ETF;科技ETF;军工ETF,沪深300;创业板;纳指;黄金;国债ETF,医药ETF;证券ETF;有色ETF;科技ETF;军工ETF
2025-06-11,3119915.7207882837,2869665.456602616,250250.26418566797,0.6467309707599621,False,normal,-0.003149871356038412,10,沪深300;创业板;纳指;黄金;国债ETF;医药ETF;证券ETF;有色ETF;科技ETF;军工ETF,沪深300;创业板;纳指;黄金;国债ETF,医药ETF;证券ETF;有色ETF;科技ETF;军工ETF
2025-06-12,3124996.9328596108,2874362.6360973986,250634.29676221218,0.6467254051939465,False,normal,-0.001526363748695156,10,沪深300;创业板;纳指;黄金;国债ETF;医药ETF;证券ETF;有色ETF;科技ETF;军工ETF,沪深300;创业板;纳指;黄金;国债ETF,医药ETF;证券ETF;有色ETF;科技ETF;军工ETF
2025-06-13,3116019.6856419924,2866076.4052403322,249943.28040166013,0.646878040785324,False,normal,-0.0043947008592535395,10,沪深300;创业板;纳指;黄金;国债ETF;医药ETF;证券ETF;有色ETF;科技ETF;军工ETF,沪深300;创业板;纳指;黄金;国债ETF,医药ETF;证券ETF;有色ETF;科技ETF;军工ETF
2025-06-16,3125060.5619928334,2874369.4908151333,250691.07117770007,0.6468341711481593,False,normal,-0.0015060334848948085,10,沪深300;创业板;纳指;黄金;国债ETF;医药ETF;证券ETF;有色ETF;科技ETF;军工ETF,沪深300;创业板;纳指;黄金;国债ETF,医药ETF;证券ETF;有色ETF;科技ETF;军工ETF
2025-06-17,3118107.5192618626,2868095.482709932,250012.03655193048,0.5407274955006879,False,normal,-0.003727613220094817,9,沪深300;创业板;纳指;国债ETF;医药ETF;证券ETF;有色ETF;科技ETF;军工ETF,沪深300;创业板;纳指;国债ETF,医药ETF;证券ETF;有色ETF;科技ETF;军工ETF
2025-06-18,3105791.8273011306,2857329.5707904417,248462.25651068892,0.5405865086727053,False,normal,-0.007662623077442239,9,沪深300;创业板;纳指;国债ETF;医药ETF;证券ETF;有色ETF;科技ETF;军工ETF,沪深300;创业板;纳指;国债ETF,医药ETF;证券ETF;有色ETF;科技ETF;军工ETF
2025-06-19,3081448.1970411805,2816470.0784648564,264978.1185763241,0.5473842105412218,False,normal,-0.015440702079576643,7,创业板;纳指;国债ETF;证券ETF;有色ETF;科技ETF;军工ETF,创业板;纳指;国债ETF,证券ETF;有色ETF;科技ETF;军工ETF
2025-06-20,3072960.7220673608,2829210.2975455816,243750.42452177918,0.5474680597801651,False,normal,-0.018152551141120153,5,创业板;纳指;国债ETF;有色ETF;科技ETF,创业板;纳指;国债ETF,有色ETF;科技ETF
2025-06-23,3079764.1636383887,2814592.60045966,265171.5631787288,0.5405744010197283,False,normal,-0.015978770753364246,8,沪深300;创业板;纳指;国债ETF;证券ETF;有色ETF;科技ETF;军工ETF,沪深300;创业板;纳指;国债ETF,证券ETF;有色ETF;科技ETF;军工ETF
2025-06-24,3118571.5060817096,2849527.8396721254,269043.6664095842,0.5390899466976561,False,normal,-0.003579363920291057,8,沪深300;创业板;纳指;国债ETF;证券ETF;有色ETF;科技ETF;军工ETF,沪深300;创业板;纳指;国债ETF,证券ETF;有色ETF;科技ETF;军工ETF
2025-06-25,3163523.264585912,2906522.106203044,257001.1583828684,0.538069902231803,False,normal,0.0,9,沪深300;创业板;纳指;国债ETF;医药ETF;证券ETF;有色ETF;科技ETF;军工ETF,沪深300;创业板;纳指;国债ETF,医药ETF;证券ETF;有色ETF;科技ETF;军工ETF
2025-06-26,3157196.694655607,2881761.1002485263,275435.5944070807,0.538130755816807,False,normal,-0.0019998493455471245,8,沪深300;创业板;纳指;国债ETF;证券ETF;有色ETF;科技ETF;军工ETF,沪深300;创业板;纳指;国债ETF,证券ETF;有色ETF;科技ETF;军工ETF
2025-06-27,3167957.583598362,2891424.5004279297,276533.08317043213,0.5381704718921551,False,normal,0.0,8,沪深300;创业板;纳指;国债ETF;证券ETF;有色ETF;科技ETF;军工ETF,沪深300;创业板;纳指;国债ETF,证券ETF;有色ETF;科技ETF;军工ETF
2025-06-30,3191598.9741092063,2931618.1399028385,259980.83420636784,0.5379163283567507,False,normal,0.0,9,沪深300;创业板;纳指;国债ETF;医药ETF;证券ETF;有色ETF;科技ETF;军工ETF,沪深300;创业板;纳指;国债ETF,医药ETF;证券ETF;有色ETF;科技ETF;军工ETF
2025-07-01,3189611.942324476,2929794.0395938843,259817.9027305916,0.538068445930753,False,normal,-0.0006225819098356772,9,沪深300;创业板;纳指;国债ETF;医药ETF;证券ETF;有色ETF;科技ETF;军工ETF,沪深300;创业板;纳指;国债ETF,医药ETF;证券ETF;有色ETF;科技ETF;军工ETF
2025-07-02,3180115.0977423307,2901961.2537492495,278153.84399308125,0.5381456049861945,False,normal,-0.003598157682100652,8,沪深300;创业板;纳指;国债ETF;证券ETF;有色ETF;科技ETF;军工ETF,沪深300;创业板;纳指;国债ETF,证券ETF;有色ETF;科技ETF;军工ETF
2025-07-03,3198068.6338666175,2938308.057593802,259760.57627281547,0.5379909631801018,False,normal,0.0,9,沪深300;创业板;纳指;国债ETF;医药ETF;证券ETF;有色ETF;科技ETF;军工ETF,沪深300;创业板;纳指;国债ETF,医药ETF;证券ETF;有色ETF;科技ETF;军工ETF
2025-07-04,3199695.427366343,2939743.6209361115,259951.8064302313,0.5382190461583178,False,normal,0.0,9,沪深300;创业板;纳指;国债ETF;医药ETF;证券ETF;有色ETF;科技ETF;军工ETF,沪深300;创业板;纳指;国债ETF,医药ETF;证券ETF;有色ETF;科技ETF;军工ETF
2025-07-07,3186975.695765637,2910277.652532427,276698.04323320976,0.5383949320612916,False,normal,-0.0039752944895682036,8,沪深300;创业板;纳指;国债ETF;证券ETF;有色ETF;科技ETF;军工ETF,沪深300;创业板;纳指;国债ETF,证券ETF;有色ETF;科技ETF;军工ETF
2025-07-08,3213580.80653602,2934953.187205907,278627.6193301128,0.6460010115789202,False,normal,0.0,9,沪深300;创业板;纳指;黄金;国债ETF;证券ETF;有色ETF;科技ETF;军工ETF,沪深300;创业板;纳指;黄金;国债ETF,证券ETF;有色ETF;科技ETF;军工ETF
2025-07-09,3201573.3489076667,2944299.740826685,257273.60808098176,0.6833834542830498,False,normal,-0.003736472910197675,9,创业板;纳指;黄金;国债ETF;医药ETF;证券ETF;有色ETF;科技ETF;军工ETF,创业板;纳指;黄金;国债ETF,医药ETF;证券ETF;有色ETF;科技ETF;军工ETF
2025-07-10,3214266.4046157594,2957222.8392979763,257043.56531778304,0.6469053921727109,False,normal,0.0,10,沪深300;创业板;纳指;黄金;国债ETF;医药ETF;证券ETF;有色ETF;科技ETF;军工ETF,沪深300;创业板;纳指;黄金;国债ETF,医药ETF;证券ETF;有色ETF;科技ETF;军工ETF
2025-07-11,3228893.708928242,2999144.015750553,229749.69317768887,0.6469799961767211,False,normal,0.0,11,沪深300;创业板;纳指;黄金;国债ETF;消费ETF;医药ETF;证券ETF;有色ETF;科技ETF;军工ETF,沪深300;创业板;纳指;黄金;国债ETF,消费ETF;医药ETF;证券ETF;有色ETF;科技ETF;军工ETF
2025-07-14,3226555.8409374845,2997006.217959881,229549.6229776037,0.646969863204521,False,normal,-0.0007240461289552146,11,沪深300;创业板;纳指;黄金;国债ETF;消费ETF;医药ETF;证券ETF;有色ETF;科技ETF;军工ETF,沪深300;创业板;纳指;黄金;国债ETF,消费ETF;医药ETF;证券ETF;有色ETF;科技ETF;军工ETF
2025-07-15,3241035.2898414964,2981389.9936015895,259645.29623990692,0.6466289368065451,False,normal,0.0,10,沪深300;创业板;纳指;黄金;国债ETF;医药ETF;证券ETF;有色ETF;科技ETF;军工ETF,沪深300;创业板;纳指;黄金;国债ETF,医药ETF;证券ETF;有色ETF;科技ETF;军工ETF
2025-07-16,3232036.8281009183,2973167.732357949,258869.0957429693,0.5393105422701545,False,normal,-0.002776415847362813,9,沪深300;创业板;纳指;国债ETF;医药ETF;证券ETF;有色ETF;科技ETF;军工ETF,沪深300;创业板;纳指;国债ETF,医药ETF;证券ETF;有色ETF;科技ETF;军工ETF
2025-07-17,3261486.7588465,3030080.082453005,231406.67639349494,0.5388693460044798,False,normal,0.0,10,沪深300;创业板;纳指;国债ETF;消费ETF;医药ETF;证券ETF;有色ETF;科技ETF;军工ETF,沪深300;创业板;纳指;国债ETF,消费ETF;医药ETF;证券ETF;有色ETF;科技ETF;军工ETF
2025-07-18,3278822.248855578,3046060.767666177,232761.4811894009,0.5388073245083438,False,normal,0.0,10,沪深300;创业板;纳指;国债ETF;消费ETF;医药ETF;证券ETF;有色ETF;科技ETF;军工ETF,沪深300;创业板;纳指;国债ETF,消费ETF;医药ETF;证券ETF;有色ETF;科技ETF;军工ETF
2025-07-21,3294982.92974002,3062698.348698844,232284.58104117587,0.6460554360975226,False,normal,0.0,11,沪深300;创业板;纳指;黄金;国债ETF;消费ETF;医药ETF;证券ETF;有色ETF;科技ETF;军工ETF,沪深300;创业板;纳指;黄金;国债ETF,消费ETF;医药ETF;证券ETF;有色ETF;科技ETF;军工ETF
2025-07-22,3310366.7474530837,3077865.6739127077,232501.07354037603,0.6463667498100932,False,normal,0.0,11,沪深300;创业板;纳指;黄金;国债ETF;消费ETF;医药ETF;证券ETF;有色ETF;科技ETF;军工ETF,沪深300;创业板;纳指;黄金;国债ETF,消费ETF;医药ETF;证券ETF;有色ETF;科技ETF;军工ETF
2025-07-23,3312549.674032495,3079895.093209134,232654.58082336094,0.6464566241765028,False,normal,0.0,11,沪深300;创业板;纳指;黄金;国债ETF;消费ETF;医药ETF;证券ETF;有色ETF;科技ETF;军工ETF,沪深300;创业板;纳指;黄金;国债ETF,消费ETF;医药ETF;证券ETF;有色ETF;科技ETF;军工ETF
2025-07-24,3329658.0399286393,3097078.464125444,232579.57580319513,0.6473040003785251,False,normal,0.0,11,沪深300;创业板;纳指;黄金;国债ETF;消费ETF;医药ETF;证券ETF;有色ETF;科技ETF;军工ETF,沪深300;创业板;纳指;黄金;国债ETF,消费ETF;医药ETF;证券ETF;有色ETF;科技ETF;军工ETF
2025-07-25,3324977.3156398213,3092842.762555706,232134.5530841155,0.6479629437836089,False,normal,-0.0014057672687968514,11,沪深300;创业板;纳指;黄金;国债ETF;消费ETF;医药ETF;证券ETF;有色ETF;科技ETF;军工ETF,沪深300;创业板;纳指;黄金;国债ETF,消费ETF;医药ETF;证券ETF;有色ETF;科技ETF;军工ETF
2025-07-28,3342457.455849388,3108764.4786448106,233692.97720457753,0.540736547565032,False,normal,0.0,10,沪深300;创业板;纳指;国债ETF;消费ETF;医药ETF;证券ETF;有色ETF;科技ETF;军工ETF,沪深300;创业板;纳指;国债ETF,消费ETF;医药ETF;证券ETF;有色ETF;科技ETF;军工ETF
2025-07-29,3361898.572415882,3126663.9116041367,235234.6608117451,0.40230386212088143,False,normal,0.0,9,沪深300;创业板;纳指;消费ETF;医药ETF;证券ETF;有色ETF;科技ETF;军工ETF,沪深300;创业板;纳指,消费ETF;医药ETF;证券ETF;有色ETF;科技ETF;军工ETF
2025-07-30,3343992.3861805405,3109833.4223995553,234158.9637809852,0.40218565430312436,False,normal,-0.00532621251047254,9,沪深300;创业板;纳指;消费ETF;医药ETF;证券ETF;有色ETF;科技ETF;军工ETF,沪深300;创业板;纳指,消费ETF;医药ETF;证券ETF;有色ETF;科技ETF;军工ETF
2025-07-31,3312417.142792954,3048259.4079078995,264157.73488505464,0.4019496065892768,False,normal,-0.014718299364805051,8,沪深300;创业板;纳指;医药ETF;证券ETF;有色ETF;科技ETF;军工ETF,沪深300;创业板;纳指,医药ETF;证券ETF;有色ETF;科技ETF;军工ETF
2025-08-01,3285889.230245372,3023188.1764014624,262701.0538439094,0.40172535030677664,False,normal,-0.022609052751966036,8,沪深300;创业板;纳指;医药ETF;证券ETF;有色ETF;科技ETF;军工ETF,沪深300;创业板;纳指,医药ETF;证券ETF;有色ETF;科技ETF;军工ETF
2025-08-04,3289382.5036120657,3056439.6374641163,232942.86614794936,0.5145968856111253,False,normal,-0.021569975191638693,10,沪深300;创业板;纳指;黄金;消费ETF;医药ETF;证券ETF;有色ETF;科技ETF;军工ETF,沪深300;创业板;纳指;黄金,消费ETF;医药ETF;证券ETF;有色ETF;科技ETF;军工ETF
2025-08-05,3311638.2938327026,3083376.823775993,228261.47005670937,0.5154007123436457,False,normal,-0.014949968745506165,10,沪深300;创业板;纳指;黄金;消费ETF;医药ETF;证券ETF;有色ETF;科技ETF;军工ETF,沪深300;创业板;纳指;黄金,消费ETF;医药ETF;证券ETF;有色ETF;科技ETF;军工ETF
2025-08-06,3321921.868837058,3093219.792009821,228702.07682723692,0.4028846016538084,False,normal,-0.011891109359107225,9,沪深300;创业板;纳指;消费ETF;医药ETF;证券ETF;有色ETF;科技ETF;军工ETF,沪深300;创业板;纳指,消费ETF;医药ETF;证券ETF;有色ETF;科技ETF;军工ETF
2025-08-07,3321698.704922328,3093062.256640539,228636.44828178873,0.542282584248659,False,normal,-0.011957489682583177,10,沪深300;创业板;纳指;国债ETF;消费ETF;医药ETF;证券ETF;有色ETF;科技ETF;军工ETF,沪深300;创业板;纳指;国债ETF,消费ETF;医药ETF;证券ETF;有色ETF;科技ETF;军工ETF
2025-08-08,3319455.151370982,3091724.2270154953,227730.92435548687,0.5423359716752553,False,normal,-0.012624836868412571,10,沪深300;创业板;纳指;国债ETF;消费ETF;医药ETF;证券ETF;有色ETF;科技ETF;军工ETF,沪深300;创业板;纳指;国债ETF,消费ETF;医药ETF;证券ETF;有色ETF;科技ETF;军工ETF
2025-08-11,3344741.373849951,3115565.7546635848,229175.61918636644,0.40317183784547694,False,normal,-0.005103425399773831,9,沪深300;创业板;纳指;消费ETF;医药ETF;证券ETF;有色ETF;科技ETF;军工ETF,沪深300;创业板;纳指,消费ETF;医药ETF;证券ETF;有色ETF;科技ETF;军工ETF
2025-08-12,3357931.351645779,3127893.4001069865,230037.95153879235,0.4033218599090852,False,normal,-0.0011800536764117948,9,沪深300;创业板;纳指;消费ETF;医药ETF;证券ETF;有色ETF;科技ETF;军工ETF,沪深300;创业板;纳指,消费ETF;医药ETF;证券ETF;有色ETF;科技ETF;军工ETF
2025-08-13,3416311.88321319,3187567.310577933,228744.57263525669,0.40367161414883973,False,normal,0.0,9,沪深300;创业板;纳指;消费ETF;医药ETF;证券ETF;有色ETF;科技ETF;军工ETF,沪深300;创业板;纳指,消费ETF;医药ETF;证券ETF;有色ETF;科技ETF;军工ETF
2025-08-14,3399228.5551951276,3171616.5268100738,227612.02838505385,0.4035524944364261,False,normal,-0.005000517693365475,9,沪深300;创业板;纳指;消费ETF;医药ETF;证券ETF;有色ETF;科技ETF;军工ETF,沪深300;创业板;纳指,消费ETF;医药ETF;证券ETF;有色ETF;科技ETF;军工ETF
2025-08-15,3442528.5006375285,3211353.602722411,231174.89791511744,0.4053182588719478,False,normal,0.0,9,沪深300;创业板;纳指;消费ETF;医药ETF;证券ETF;有色ETF;科技ETF;军工ETF,沪深300;创业板;纳指,消费ETF;医药ETF;证券ETF;有色ETF;科技ETF;军工ETF
2025-08-18,3476019.865051827,3243336.3764862833,232683.48856554367,0.529621325825878,False,normal,0.0,10,沪深300;创业板;纳指;黄金;消费ETF;医药ETF;证券ETF;有色ETF;科技ETF;军工ETF,沪深300;创业板;纳指;黄金,消费ETF;医药ETF;证券ETF;有色ETF;科技ETF;军工ETF
2025-08-19,3458349.556721729,3226345.4631087384,232004.0936129908,0.4109067805746094,False,normal,-0.005083488879841094,9,沪深300;创业板;纳指;消费ETF;医药ETF;证券ETF;有色ETF;科技ETF;军工ETF,沪深300;创业板;纳指,消费ETF;医药ETF;证券ETF;有色ETF;科技ETF;军工ETF
2025-08-20,3472902.8192877583,3239539.613620052,233363.2056677062,0.41093611311556655,False,normal,-0.0008967284092382862,9,沪深300;创业板;纳指;消费ETF;医药ETF;证券ETF;有色ETF;科技ETF;军工ETF,沪深300;创业板;纳指,消费ETF;医药ETF;证券ETF;有色ETF;科技ETF;军工ETF
2025-08-21,3473842.0202774354,3240513.40360198,233328.6166754556,0.5302934295207381,False,normal,-0.0006265340415018114,10,沪深300;创业板;纳指;黄金;消费ETF;医药ETF;证券ETF;有色ETF;科技ETF;军工ETF,沪深300;创业板;纳指;黄金,消费ETF;医药ETF;证券ETF;有色ETF;科技ETF;军工ETF
2025-08-22,3522194.835183582,3283088.6815419337,239106.15364164812,0.5296234111942789,False,normal,0.0,10,沪深300;创业板;纳指;黄金;消费ETF;医药ETF;证券ETF;有色ETF;科技ETF;军工ETF,沪深300;创业板;纳指;黄金,消费ETF;医药ETF;证券ETF;有色ETF;科技ETF;军工ETF
2025-08-25,3586486.002436242,3338821.172075415,247664.83036082704,0.5279426222028708,False,normal,0.0,10,沪深300;创业板;纳指;黄金;消费ETF;医药ETF;证券ETF;有色ETF;科技ETF;军工ETF,沪深300;创业板;纳指;黄金,消费ETF;医药ETF;证券ETF;有色ETF;科技ETF;军工ETF
2025-08-26,3570922.694267041,3323804.077422326,247118.61684471508,0.5279896305307547,False,normal,-0.004339430896601607,10,沪深300;创业板;纳指;黄金;消费ETF;医药ETF;证券ETF;有色ETF;科技ETF;军工ETF,沪深300;创业板;纳指;黄金,消费ETF;医药ETF;证券ETF;有色ETF;科技ETF;军工ETF
2025-08-27,3548669.0334299984,3302171.8882272956,246497.14520270284,0.5278401953600226,False,normal,-0.010544295720255194,10,沪深300;创业板;纳指;黄金;消费ETF;医药ETF;证券ETF;有色ETF;科技ETF;军工ETF,沪深300;创业板;纳指;黄金,消费ETF;医药ETF;证券ETF;有色ETF;科技ETF;军工ETF
2025-08-28,3599420.217397627,3347627.980478921,251792.23691870598,0.5268496448379199,False,normal,0.0,10,沪深300;创业板;纳指;黄金;消费ETF;医药ETF;证券ETF;有色ETF;科技ETF;军工ETF,沪深300;创业板;纳指;黄金,消费ETF;医药ETF;证券ETF;有色ETF;科技ETF;军工ETF
2025-08-29,3631818.237849181,3376924.8111356064,254893.42671357468,0.5268639585587735,False,normal,0.0,10,沪深300;创业板;纳指;黄金;消费ETF;医药ETF;证券ETF;有色ETF;科技ETF;军工ETF,沪深300;创业板;纳指;黄金,消费ETF;医药ETF;证券ETF;有色ETF;科技ETF;军工ETF
2025-09-01,3666329.7303397497,3408094.708449801,258235.02188994875,0.5265384858245953,False,normal,0.0,10,沪深300;创业板;纳指;黄金;消费ETF;医药ETF;证券ETF;有色ETF;科技ETF;军工ETF,沪深300;创业板;纳指;黄金,消费ETF;医药ETF;证券ETF;有色ETF;科技ETF;军工ETF
2025-09-02,3635762.090478069,3379180.130421911,256581.96005615825,0.5260299996740213,False,normal,-0.008337395190816058,10,沪深300;创业板;纳指;黄金;消费ETF;医药ETF;证券ETF;有色ETF;科技ETF;军工ETF,沪深300;创业板;纳指;黄金,消费ETF;医药ETF;证券ETF;有色ETF;科技ETF;军工ETF
2025-09-03,3627421.1186207966,3379543.5173345567,247877.60128623992,0.5260738318624267,False,normal,-0.010612414752818088,9,沪深300;创业板;纳指;黄金;消费ETF;医药ETF;证券ETF;有色ETF;科技ETF,沪深300;创业板;纳指;黄金,消费ETF;医药ETF;证券ETF;有色ETF;科技ETF
2025-09-04,3563770.9750754475,3314981.883226089,248789.0918493583,0.5241661491183077,False,normal,-0.027973140117650678,9,沪深300;创业板;纳指;黄金;消费ETF;医药ETF;证券ETF;有色ETF;科技ETF,沪深300;创业板;纳指;黄金,消费ETF;医药ETF;证券ETF;有色ETF;科技ETF
2025-09-05,3654366.9934364464,3394732.012215645,259634.98122080136,0.5199266416764591,False,normal,-0.00326286444023537,9,沪深300;创业板;纳指;黄金;消费ETF;医药ETF;证券ETF;有色ETF;科技ETF,沪深300;创业板;纳指;黄金,消费ETF;医药ETF;证券ETF;有色ETF;科技ETF
2025-09-08,3571532.331502654,3329861.248674637,241671.08282801695,0.5198682803017867,False,normal,-0.02585621201841847,8,沪深300;创业板;纳指;黄金;消费ETF;医药ETF;证券ETF;有色ETF,沪深300;创业板;纳指;黄金,消费ETF;医药ETF;证券ETF;有色ETF
2025-09-09,3561738.4349772334,3337882.40786714,223856.02711009327,0.5202671832715086,False,normal,-0.02852752017828579,7,沪深300;创业板;纳指;黄金;消费ETF;医药ETF;有色ETF,沪深300;创业板;纳指;黄金,消费ETF;医药ETF;有色ETF
2025-09-10,3567190.069206707,3343173.6224218025,224016.4467849047,0.5202864435866321,False,normal,-0.02704057420494351,7,沪深300;创业板;纳指;黄金;消费ETF;医药ETF;有色ETF,沪深300;创业板;纳指;黄金,消费ETF;医药ETF;有色ETF
2025-09-11,3620038.2257172777,3374999.9358503777,245038.28986690007,0.5186036293234428,False,normal,-0.012626116041718448,8,沪深300;创业板;纳指;黄金;消费ETF;医药ETF;证券ETF;有色ETF,沪深300;创业板;纳指;黄金,消费ETF;医药ETF;证券ETF;有色ETF
2025-09-12,3613587.703843871,3370806.9716515625,242780.73219230864,0.5190868222358191,False,normal,-0.014385510953754592,8,沪深300;创业板;纳指;黄金;消费ETF;医药ETF;证券ETF;有色ETF,沪深300;创业板;纳指;黄金,消费ETF;医药ETF;证券ETF;有色ETF
2025-09-15,3624147.3392050765,3385106.2442288212,239041.0949762552,0.52012861235547,False,normal,-0.011505345737347067,8,沪深300;创业板;纳指;黄金;消费ETF;医药ETF;证券ETF;有色ETF,沪深300;创业板;纳指;黄金,消费ETF;医药ETF;证券ETF;有色ETF
2025-09-16,3633918.020914711,3394205.661979964,239712.35893474706,0.6549028719724836,False,normal,-0.008840369472724742,9,沪深300;创业板;纳指;黄金;国债ETF;消费ETF;医药ETF;证券ETF;有色ETF,沪深300;创业板;纳指;黄金;国债ETF,消费ETF;医药ETF;证券ETF;有色ETF
2025-09-17,3643662.3286239877,3404040.8039619154,239621.5246620723,0.6579139133932219,False,normal,-0.006182586778320522,9,沪深300;创业板;纳指;黄金;国债ETF;消费ETF;医药ETF;证券ETF;有色ETF,沪深300;创业板;纳指;黄金;国债ETF,消费ETF;医药ETF;证券ETF;有色ETF
2025-09-18,3608073.3276171586,3385945.793590362,222127.53402679646,0.6570501463057661,False,normal,-0.015889569953434764,8,沪深300;创业板;纳指;黄金;国债ETF;消费ETF;医药ETF;有色ETF,沪深300;创业板;纳指;黄金;国债ETF,消费ETF;医药ETF;有色ETF
2025-09-19,3613955.1243053717,3392768.150933761,221186.9733716105,0.6573147087838277,False,normal,-0.014285296164435442,8,沪深300;创业板;纳指;黄金;国债ETF;消费ETF;医药ETF;有色ETF,沪深300;创业板;纳指;黄金;国债ETF,消费ETF;医药ETF;有色ETF
2025-09-22,3634406.2806532905,3412783.0517777083,221623.2288755821,0.6571210674730317,False,normal,-0.008707195488252224,8,沪深300;创业板;纳指;黄金;国债ETF;消费ETF;医药ETF;有色ETF,沪深300;创业板;纳指;黄金;国债ETF,消费ETF;医药ETF;有色ETF
2025-09-23,3635225.46142668,3361662.1703707823,273563.2910558977,0.5216023398605781,False,normal,-0.008483762018367995,6,沪深300;创业板;纳指;黄金;医药ETF;有色ETF,沪深300;创业板;纳指;黄金,医药ETF;有色ETF
2025-09-24,3661387.2380407713,3385593.094241783,275794.1437989883,0.5214892512139229,False,normal,-0.0013480763222353087,6,沪深300;创业板;纳指;黄金;医药ETF;有色ETF,沪深300;创业板;纳指;黄金,医药ETF;有色ETF
2025-09-25,3686325.4017217765,3407377.5818892214,278947.819832555,0.5215981330074327,False,normal,0.0,6,沪深300;创业板;纳指;黄金;医药ETF;有色ETF,沪深300;创业板;纳指;黄金,医药ETF;有色ETF
2025-09-26,3655695.665756464,3378161.632572802,277534.0331836622,0.5208964067974885,False,normal,-0.008309015788732646,6,沪深300;创业板;纳指;黄金;医药ETF;有色ETF,沪深300;创业板;纳指;黄金,医药ETF;有色ETF
2025-09-29,3717168.480026545,3419470.1105110077,297698.3695155373,0.5194455356644321,False,normal,0.0,7,沪深300;创业板;纳指;黄金;医药ETF;证券ETF;有色ETF,沪深300;创业板;纳指;黄金,医药ETF;证券ETF;有色ETF
2025-09-30,3743969.6797861196,3446762.6855116035,297206.9942745161,0.5195517116632812,False,normal,0.0,7,沪深300;创业板;纳指;黄金;医药ETF;有色ETF;军工ETF,沪深300;创业板;纳指;黄金,医药ETF;有色ETF;军工ETF
2025-10-09,3830742.386775748,3516284.1504323217,314458.23634342616,0.5167185241293626,False,normal,0.0,8,沪深300;创业板;纳指;黄金;医药ETF;证券ETF;有色ETF;军工ETF,沪深300;创业板;纳指;黄金,医药ETF;证券ETF;有色ETF;军工ETF
2025-10-10,3767072.4074666686,3455739.2996208444,311333.1078458242,0.513871310110539,False,normal,-0.016620793799362966,8,沪深300;创业板;纳指;黄金;医药ETF;证券ETF;有色ETF;军工ETF,沪深300;创业板;纳指;黄金,医药ETF;证券ETF;有色ETF;军工ETF
2025-10-13,3766144.068832882,3411575.1601323597,354568.9087005225,0.5168182872595954,False,normal,-0.016863132891908363,6,沪深300;创业板;纳指;黄金;有色ETF;军工ETF,沪深300;创业板;纳指;黄金,有色ETF;军工ETF
2025-10-14,3715266.7422152585,3362250.780678226,353015.9615370324,0.5157628141960557,False,normal,-0.030144455800297933,6,沪深300;创业板;纳指;黄金;有色ETF;军工ETF,沪深300;创业板;纳指;黄金,有色ETF;军工ETF
2025-10-15,3762394.5261918465,3410496.248090517,351898.2781013297,0.5183649482062169,False,normal,-0.017841936022596473,6,沪深300;创业板;纳指;黄金;有色ETF;军工ETF,沪深300;创业板;纳指;黄金,有色ETF;军工ETF
2025-10-16,3763010.266873216,3362849.999140458,400160.2677327576,0.5251414444697492,False,normal,-0.017681199377006587,5,沪深300;创业板;纳指;黄金;有色ETF,沪深300;创业板;纳指;黄金,有色ETF
2025-10-17,3725742.579193765,3357967.3665636415,367775.21263012337,0.5588752014022469,False,normal,-0.027409780397777958,5,沪深300;创业板;纳指;黄金;有色ETF,沪深300;创业板;纳指;黄金,有色ETF
2025-10-20,3728550.488128893,3361292.006258715,367258.48187017813,0.5863162936262138,False,normal,-0.026676786985111646,5,沪深300;创业板;纳指;黄金;有色ETF,沪深300;创业板;纳指;黄金,有色ETF
2025-10-21,3790805.4547926793,3471030.5912299133,319774.863562766,0.6347778761769962,False,normal,-0.010425376585211366,5,沪深300;创业板;纳指;黄金;有色ETF,沪深300;创业板;纳指;黄金,有色ETF
2025-10-22,3749340.9430926107,3432970.237424523,316370.7056680876,0.6326081558133999,False,normal,-0.02124952175435921,5,沪深300;创业板;纳指;黄金;有色ETF,沪深300;创业板;纳指;黄金,有色ETF
2025-10-23,3753249.478907843,3439135.750058638,314113.7288492052,0.6367917559324195,False,normal,-0.020229214090569228,5,沪深300;创业板;纳指;黄金;有色ETF,沪深300;创业板;纳指;黄金,有色ETF
2025-10-24,3802287.999045944,3487017.703496197,315270.29554974707,0.6368868284457968,False,normal,-0.007427904269426341,5,沪深300;创业板;纳指;黄金;有色ETF,沪深300;创业板;纳指;黄金,有色ETF
2025-10-27,3859356.2212668993,3670126.8984905174,189229.32277638186,0.6365996672350549,False,normal,0.0,7,沪深300;创业板;纳指;黄金;证券ETF;有色ETF;军工ETF,沪深300;创业板;纳指;黄金,证券ETF;有色ETF;军工ETF
2025-10-28,3824347.789714097,3635965.286542869,188382.50317122787,0.6357218733722036,False,normal,-0.009071054742210373,7,沪深300;创业板;纳指;黄金;证券ETF;有色ETF;军工ETF,沪深300;创业板;纳指;黄金,证券ETF;有色ETF;军工ETF
2025-10-29,3896946.9676714535,3700797.76255305,196149.2051184033,0.6322286513987495,False,normal,0.0,7,沪深300;创业板;纳指;黄金;证券ETF;有色ETF;军工ETF,沪深300;创业板;纳指;黄金,证券ETF;有色ETF;军工ETF
2025-10-30,3865852.7272091093,3687041.9383372664,178810.7888718429,0.641138449112551,False,normal,-0.007979128461407806,7,沪深300;创业板;纳指;黄金;证券ETF;有色ETF;军工ETF,沪深300;创业板;纳指;黄金,证券ETF;有色ETF;军工ETF
2025-10-31,3832484.300624491,3506552.036970367,325932.263654124,0.6404004521413741,False,normal,-0.01654183841395223,5,沪深300;创业板;纳指;黄金;有色ETF,沪深300;创业板;纳指;黄金,有色ETF
2025-11-03,3822004.921680669,3614780.6980554545,207224.2236252143,0.6404008490477945,False,normal,-0.01923096378074779,6,沪深300;创业板;纳指;黄金;有色ETF;军工ETF,沪深300;创业板;纳指;黄金,有色ETF;军工ETF
2025-11-04,3766225.133002941,3439199.9923563604,327025.1406465806,0.6377013898403886,False,normal,-0.03354467888656509,5,沪深300;创业板;纳指;黄金;有色ETF,沪深300;创业板;纳指;黄金,有色ETF
2025-11-05,3764961.107307002,3439308.7144954195,325652.3928115824,0.6396865684138083,False,normal,-0.033869041960126335,5,沪深300;创业板;纳指;黄金;有色ETF,沪深300;创业板;纳指;黄金,有色ETF
2025-11-06,3829488.0409421925,3614813.776974769,214674.2639674237,0.6384624274430006,False,normal,-0.017310712023769145,6,沪深300;创业板;纳指;黄金;证券ETF;有色ETF,沪深300;创业板;纳指;黄金,证券ETF;有色ETF
2025-11-07,3818051.4241020866,3483454.6733060386,334596.75079604797,0.6381789651430249,False,normal,-0.020245475297424806,5,沪深300;创业板;纳指;黄金;有色ETF,沪深300;创业板;纳指;黄金,有色ETF
2025-11-10,3838060.8473027535,3838060.8473027535,0.0,0.638670407978315,False,normal,-0.01511083441915205,7,沪深300;创业板;纳指;黄金;消费ETF;证券ETF;有色ETF,沪深300;创业板;纳指;黄金,消费ETF;证券ETF;有色ETF
2025-11-11,3824721.9874984324,3824721.9874984324,0.0,0.638606778460769,False,normal,-0.018533734426511263,6,沪深300;创业板;纳指;黄金;消费ETF;有色ETF,沪深300;创业板;纳指;黄金,消费ETF;有色ETF
2025-11-12,3827625.3010410117,3827625.301041012,-4.656612873077393e-10,0.6390283512236076,False,normal,-0.017788711831473455,6,沪深300;创业板;纳指;黄金;消费ETF;有色ETF,沪深300;创业板;纳指;黄金,消费ETF;有色ETF
2025-11-13,3887715.2335032397,3887715.233503239,4.656612873077393e-10,0.6388031195801976,False,normal,-0.002368965819858216,6,沪深300;创业板;纳指;黄金;消费ETF;有色ETF,沪深300;创业板;纳指;黄金,消费ETF;有色ETF
2025-11-14,3816304.2323176037,3479747.334104693,336556.89821291063,0.6338773536828578,False,normal,-0.020693824171293857,5,沪深300;创业板;纳指;黄金;有色ETF,沪深300;创业板;纳指;黄金,有色ETF
2025-11-17,3785312.5705990195,3455555.630850453,329756.9397485666,0.6356126819839618,False,normal,-0.028646629784428133,5,沪深300;创业板;纳指;黄金;有色ETF,沪深300;创业板;纳指;黄金,有色ETF
2025-11-18,3721516.3252862315,3393069.3475954984,328446.97769073304,0.7601543286416778,False,normal,-0.045017456958119,4,沪深300;纳指;黄金;有色ETF,沪深300;纳指;黄金,有色ETF
2025-11-19,3760106.1179809067,3424948.4010879444,335157.71689296234,0.7608033003835971,False,normal,-0.03511488630093249,4,沪深300;纳指;黄金;有色ETF,沪深300;纳指;黄金,有色ETF
2025-11-20,3781516.6345551987,3445275.874242528,336240.76031267084,0.7592939552384308,False,normal,-0.029620709256207294,4,沪深300;纳指;黄金;有色ETF,沪深300;纳指;黄金,有色ETF
2025-11-21,3683521.223980467,2578464.8567863265,1105056.3671941403,0.6470228718957306,False,normal,-0.05476742318064316,2,纳指;黄金,纳指;黄金,
2025-11-24,3693425.1510784104,2585397.605754887,1108027.5453235232,0.6480126452626853,False,normal,-0.05222596516745868,2,纳指;黄金,纳指;黄金,
2025-11-25,3744400.1644584425,2621080.115120909,1123320.0493375333,1.0,False,normal,-0.039145208923426135,3,纳指;黄金;国债ETF,纳指;黄金;国债ETF,
2025-11-26,3757458.949180618,2630221.2644264325,1127237.6847541854,1.0,False,normal,-0.03579417930190207,3,纳指;黄金;国债ETF,纳指;黄金;国债ETF,
2025-11-27,3756491.2341573895,2629543.8639101726,1126947.370247217,1.0,False,normal,-0.036042505756240927,3,纳指;黄金;国债ETF,纳指;黄金;国债ETF,
2025-11-28,3770664.93890049,2639465.4572303426,1131199.4816701473,1.0,False,normal,-0.032405375238252494,3,纳指;黄金;国债ETF,纳指;黄金;国债ETF,
2025-12-01,3777000.6091724117,3434671.171999693,342329.4371727188,1.0,False,normal,-0.03077957167344092,4,纳指;黄金;国债ETF;有色ETF,纳指;黄金;国债ETF,有色ETF
2025-12-02,3762657.23288256,3420415.6995807644,342241.53330179583,1.0,False,normal,-0.034460241800297206,4,纳指;黄金;国债ETF;有色ETF,纳指;黄金;国债ETF,有色ETF
2025-12-03,3777529.901052011,3433842.392639705,343687.5084123062,1.0,False,normal,-0.030643749481353014,4,纳指;黄金;国债ETF;有色ETF,纳指;黄金;国债ETF,有色ETF
2025-12-04,3776291.6042929324,3436646.66253999,339644.9417529423,1.0,False,normal,-0.03096151022312125,4,纳指;黄金;国债ETF;有色ETF,纳指;黄金;国债ETF,有色ETF
2025-12-05,3803293.8679938354,3623443.219496197,179850.6484976383,0.7976907901429628,False,normal,-0.024032428579231796,7,沪深300;创业板;纳指;黄金;国债ETF;有色ETF;军工ETF,沪深300;创业板;纳指;黄金;国债ETF,有色ETF;军工ETF
2025-12-08,3825014.374073863,3359723.8939762567,465290.4800976063,0.7982300669546184,False,normal,-0.018458704774361456,8,沪深300;创业板;纳指;黄金;国债ETF;有色ETF;科技ETF;军工ETF,沪深300;创业板;纳指;黄金;国债ETF,有色ETF;科技ETF;军工ETF
2025-12-09,3810406.8735450753,3348336.669423882,462070.2041211934,0.6884923685620176,False,normal,-0.022207152123008892,7,沪深300;创业板;纳指;国债ETF;有色ETF;科技ETF;军工ETF,沪深300;创业板;纳指;国债ETF,有色ETF;科技ETF;军工ETF
2025-12-10,3819591.6039525624,3356728.071291789,462863.5326607735,0.6648565736584674,False,normal,-0.019850247991728066,6,创业板;纳指;国债ETF;有色ETF;科技ETF;军工ETF,创业板;纳指;国债ETF,有色ETF;科技ETF;军工ETF
2025-12-11,3788286.577782547,3329547.581331294,458738.9964512531,0.6892030421451879,False,normal,-0.027883466413666475,7,沪深300;创业板;纳指;国债ETF;有色ETF;科技ETF;军工ETF,沪深300;创业板;纳指;国债ETF,有色ETF;科技ETF;军工ETF
2025-12-12,3805708.822324691,3344789.5740356366,460919.24828905426,0.6897567337955027,False,normal,-0.023412724397755977,7,沪深300;创业板;纳指;国债ETF;有色ETF;科技ETF;军工ETF,沪深300;创业板;纳指;国债ETF,有色ETF;科技ETF;军工ETF
2025-12-15,3780527.1337472666,3604923.036788673,175604.09695859347,0.6634564676308636,False,normal,-0.029874626185572996,5,创业板;纳指;国债ETF;有色ETF;军工ETF,创业板;纳指;国债ETF,有色ETF;军工ETF
2025-12-16,3729865.5589062236,3485512.611192885,244352.94771333877,0.8447613916782533,False,normal,-0.04287495060910879,4,创业板;黄金;国债ETF;军工ETF,创业板;黄金;国债ETF,军工ETF
2025-12-17,3766632.963158126,3307653.006669304,458979.9564888221,0.7952537938461856,False,normal,-0.03344002512592419,7,创业板;纳指;黄金;国债ETF;有色ETF;科技ETF;军工ETF,创业板;纳指;黄金;国债ETF,有色ETF;科技ETF;军工ETF
2025-12-18,3743242.5119783417,3563704.108383657,179538.4035946848,1.0,False,normal,-0.039442275444911926,4,黄金;国债ETF;有色ETF;军工ETF,黄金;国债ETF,有色ETF;军工ETF
2025-12-19,3758651.537688992,3300721.338374223,457930.1993147689,1.0,False,normal,-0.035488147806408896,5,黄金;国债ETF;有色ETF;科技ETF;军工ETF,黄金;国债ETF,有色ETF;科技ETF;军工ETF
2025-12-22,3798837.1220650617,3335155.11840263,463682.0036624316,1.0,False,normal,-0.025176079228251713,5,黄金;国债ETF;有色ETF;科技ETF;军工ETF,黄金;国债ETF,有色ETF;科技ETF;军工ETF
2025-12-23,3817529.3245300455,3351610.1484991526,465919.1760308929,1.0,False,normal,-0.020379451863278112,5,黄金;国债ETF;有色ETF;科技ETF;军工ETF,黄金;国债ETF,有色ETF;科技ETF;军工ETF
2025-12-24,3827286.616856312,3463407.6082047014,363879.00865161046,1.0,False,normal,-0.017875621965870832,6,黄金;国债ETF;证券ETF;有色ETF;科技ETF;军工ETF,黄金;国债ETF,证券ETF;有色ETF;科技ETF;军工ETF
2025-12-25,3819887.2995192497,3460222.7132290355,359664.5862902142,0.8193313209624431,False,normal,-0.019774369215562953,8,沪深300;创业板;黄金;国债ETF;证券ETF;有色ETF;科技ETF;军工ETF,沪深300;创业板;黄金;国债ETF,证券ETF;有色ETF;科技ETF;军工ETF
2025-12-26,3837184.836999143,3476231.515024455,360953.3219746882,0.6120303590336579,False,normal,-0.015335628420937995,7,沪深300;创业板;黄金;证券ETF;有色ETF;科技ETF;军工ETF,沪深300;创业板;黄金,证券ETF;有色ETF;科技ETF;军工ETF
2025-12-29,3815820.4262607694,3456810.8474953854,359009.5787653839,0.6112894624638294,False,normal,-0.020817974194593605,7,沪深300;创业板;黄金;证券ETF;有色ETF;科技ETF;军工ETF,沪深300;创业板;黄金,证券ETF;有色ETF;科技ETF;军工ETF
2025-12-30,3807175.7072931547,3448999.349808979,358176.3574841758,0.6295926973124396,False,normal,-0.023036305375215286,8,沪深300;创业板;纳指;黄金;证券ETF;有色ETF;科技ETF;军工ETF,沪深300;创业板;纳指;黄金,证券ETF;有色ETF;科技ETF;军工ETF
2025-12-31,3791760.865382432,3434992.6546990494,356768.2106833826,0.5342373879830516,False,normal,-0.026991925515443552,5,黄金;证券ETF;有色ETF;科技ETF;军工ETF,黄金,证券ETF;有色ETF;科技ETF;军工ETF
2026-01-05,3867985.8681881377,3616815.3431813912,251170.5250067464,0.6253969095241616,False,normal,-0.007431740725130008,9,沪深300;创业板;纳指;黄金;医药ETF;证券ETF;有色ETF;科技ETF;军工ETF,沪深300;创业板;纳指;黄金,医药ETF;证券ETF;有色ETF;科技ETF;军工ETF
2026-01-06,3911621.1293477714,3653699.7618506206,257921.3674971508,0.6039575253877715,False,normal,0.0,8,沪深300;创业板;黄金;医药ETF;证券ETF;有色ETF;科技ETF;军工ETF,沪深300;创业板;黄金,医药ETF;证券ETF;有色ETF;科技ETF;军工ETF
2026-01-07,3903126.529808676,3646324.7818336245,256801.7479750514,0.6039897375408055,False,normal,-0.0021716314689485114,8,沪深300;创业板;黄金;医药ETF;证券ETF;有色ETF;科技ETF;军工ETF,沪深300;创业板;黄金,医药ETF;证券ETF;有色ETF;科技ETF;军工ETF
2026-01-08,3888504.783329434,3632806.666017063,255698.11731237127,0.6035634651155068,False,normal,-0.005909658746063586,8,沪深300;创业板;黄金;医药ETF;证券ETF;有色ETF;科技ETF;军工ETF,沪深300;创业板;黄金,医药ETF;证券ETF;有色ETF;科技ETF;军工ETF
2026-01-09,3923465.0561630977,3663924.0195974694,259541.03656562837,0.6032163241032694,False,normal,0.0,8,沪深300;创业板;黄金;医药ETF;证券ETF;有色ETF;科技ETF;军工ETF,沪深300;创业板;黄金,医药ETF;证券ETF;有色ETF;科技ETF;军工ETF
2026-01-12,3983676.4960640324,3716709.1346286526,266967.36143537983,0.6015562140255327,False,normal,0.0,8,沪深300;创业板;黄金;医药ETF;证券ETF;有色ETF;科技ETF;军工ETF,沪深300;创业板;黄金,医药ETF;证券ETF;有色ETF;科技ETF;军工ETF
2026-01-13,3950516.2084105257,3683961.2176490407,266554.99076148495,0.6240183715947791,False,normal,-0.008324041293581417,9,沪深300;创业板;纳指;黄金;医药ETF;证券ETF;有色ETF;科技ETF;军工ETF,沪深300;创业板;纳指;黄金,医药ETF;证券ETF;有色ETF;科技ETF;军工ETF
2026-01-14,3960376.4982345514,3698762.070317343,261614.42791720852,0.6263689671272669,False,normal,-0.005848867962170619,9,沪深300;创业板;纳指;黄金;医药ETF;证券ETF;有色ETF;科技ETF;军工ETF,沪深300;创业板;纳指;黄金,医药ETF;证券ETF;有色ETF;科技ETF;军工ETF
2026-01-15,3955225.4547517276,3703671.9764959877,251553.4782557399,0.6288808393258954,False,normal,-0.0071419055589516615,9,沪深300;创业板;纳指;黄金;医药ETF;证券ETF;有色ETF;科技ETF;军工ETF,沪深300;创业板;纳指;黄金,医药ETF;证券ETF;有色ETF;科技ETF;军工ETF
2026-01-16,3946224.0674024606,3617743.519667297,328480.5477351635,0.6096219526559635,False,normal,-0.009401473412455983,7,沪深300;创业板;黄金;医药ETF;有色ETF;科技ETF;军工ETF,沪深300;创业板;黄金,医药ETF;有色ETF;科技ETF;军工ETF
2026-01-19,3930378.9163935916,3603236.7617513007,327142.1546422909,0.6288548984903721,False,normal,-0.013378992928542303,8,沪深300;创业板;纳指;黄金;医药ETF;有色ETF;科技ETF;军工ETF,沪深300;创业板;纳指;黄金,医药ETF;有色ETF;科技ETF;军工ETF
2026-01-20,3906432.9849549267,3580680.8978662537,325752.0870886729,0.6284456138353637,False,normal,-0.019390005987038408,8,沪深300;创业板;纳指;黄金;医药ETF;有色ETF;科技ETF;军工ETF,沪深300;创业板;纳指;黄金,医药ETF;有色ETF;科技ETF;军工ETF
2026-01-21,3941335.0542712137,3457061.0609277464,484273.99334346736,0.6080668128327238,False,normal,-0.010628734997596586,6,沪深300;创业板;黄金;有色ETF;科技ETF;军工ETF,沪深300;创业板;黄金,有色ETF;科技ETF;军工ETF
2026-01-22,3955150.1391749894,3469082.7883433187,486067.3508316707,0.60806507372577,False,normal,-0.007160811606371081,6,沪深300;创业板;黄金;有色ETF;科技ETF;军工ETF,沪深300;创业板;黄金,有色ETF;科技ETF;军工ETF
2026-01-23,3991955.8136497107,3501360.0634228745,490595.7502268362,0.6082898011573482,False,normal,0.0,6,沪深300;创业板;黄金;有色ETF;科技ETF;军工ETF,沪深300;创业板;黄金,有色ETF;科技ETF;军工ETF
2026-01-26,4011189.774846548,3518246.9096009345,492942.86524561374,0.6080219635409224,False,normal,0.0,6,沪深300;创业板;黄金;有色ETF;科技ETF;军工ETF,沪深300;创业板;黄金,有色ETF;科技ETF;军工ETF
2026-01-27,4022470.142823456,3531020.747948815,491449.39487464074,0.6124264199952815,False,normal,0.0,6,沪深300;创业板;黄金;有色ETF;科技ETF;军工ETF,沪深300;创业板;黄金,有色ETF;科技ETF;军工ETF
2026-01-28,4062757.5848648385,3566206.9531096877,496550.63175515085,0.6124647945764271,False,normal,0.0,6,沪深300;创业板;黄金;有色ETF;科技ETF;军工ETF,沪深300;创业板;黄金,有色ETF;科技ETF;军工ETF
2026-01-29,4114654.4697049377,3828163.7948295735,286490.6748753642,0.6089131078920536,False,normal,0.0,7,沪深300;创业板;黄金;消费ETF;有色ETF;科技ETF;军工ETF,沪深300;创业板;黄金,消费ETF;有色ETF;科技ETF;军工ETF
2026-01-30,4011549.1748432927,3516444.8348607,495104.3399825925,0.8050656440639685,False,normal,-0.02505806881738934,7,沪深300;创业板;黄金;国债ETF;有色ETF;科技ETF;军工ETF,沪深300;创业板;黄金;国债ETF,有色ETF;科技ETF;军工ETF
2026-02-02,3871585.3479726883,3385319.5018264735,486265.84614621475,0.5034359557635029,False,normal,-0.059074005732899344,5,创业板;黄金;有色ETF;科技ETF;军工ETF,创业板;黄金,有色ETF;科技ETF;军工ETF
2026-02-03,3995761.8739910545,3489264.9546000254,506496.91939102905,0.7487487903283573,False,normal,-0.028894916107599426,6,创业板;黄金;国债ETF;有色ETF;科技ETF;军工ETF,创业板;黄金;国债ETF,有色ETF;科技ETF;军工ETF
2026-02-04,4026896.1175356572,4026896.1175356572,0.0,0.49508617851783726,False,normal,-0.021328243432205757,5,创业板;黄金;消费ETF;有色ETF;军工ETF,创业板;黄金,消费ETF;有色ETF;军工ETF
2026-02-05,3936451.469199361,3936451.4691993603,4.656612873077393e-10,0.490725547514185,False,normal,-0.04330934755703941,5,创业板;黄金;消费ETF;有色ETF;军工ETF,创业板;黄金,消费ETF;有色ETF;军工ETF
2026-02-06,3900687.0638021724,3900687.0638021724,0.0,0.4903819898528905,False,normal,-0.05200130593665836,5,创业板;黄金;消费ETF;有色ETF;军工ETF,创业板;黄金,消费ETF;有色ETF;军工ETF
2026-02-09,4003169.121727513,3696271.8000092977,306897.3217182155,0.7451790333136324,False,normal,-0.027094704743316912,8,沪深300;创业板;黄金;国债ETF;消费ETF;有色ETF;科技ETF;军工ETF,沪深300;创业板;黄金;国债ETF,消费ETF;有色ETF;科技ETF;军工ETF
2026-02-10,3996373.2978397445,3487628.879746363,508744.41809338145,0.7458482520827525,False,normal,-0.02874631946280416,7,沪深300;创业板;黄金;国债ETF;有色ETF;科技ETF;军工ETF,沪深300;创业板;黄金;国债ETF,有色ETF;科技ETF;军工ETF
2026-02-11,3994423.842158753,3684826.0741859386,309597.7679728144,0.7468517750935265,False,normal,-0.029220103032079496,6,沪深300;创业板;黄金;国债ETF;有色ETF;军工ETF,沪深300;创业板;黄金;国债ETF,有色ETF;军工ETF
2026-02-12,4011733.8306925157,3502514.3333235346,509219.49736898113,0.74849017498379,False,normal,-0.025013191209662472,7,沪深300;创业板;黄金;国债ETF;有色ETF;科技ETF;军工ETF,沪深300;创业板;黄金;国债ETF,有色ETF;科技ETF;军工ETF
2026-02-13,3974528.318232175,3664649.0136924037,309879.3045397713,0.7460398057962006,False,normal,-0.0340553872760089,6,沪深300;创业板;黄金;国债ETF;有色ETF;军工ETF,沪深300;创业板;黄金;国债ETF,有色ETF;军工ETF
2026-02-24,4031224.4573069643,3518212.146316037,513012.3109909273,0.7430769376562775,False,normal,-0.020276310687141638,7,沪深300;创业板;黄金;国债ETF;有色ETF;科技ETF;军工ETF,沪深300;创业板;黄金;国债ETF,有色ETF;科技ETF;军工ETF
2026-02-25,4060966.5266894638,3543276.3349185856,517690.19177087815,0.7429893954627496,False,normal,-0.013047983350913998,7,沪深300;创业板;黄金;国债ETF;有色ETF;科技ETF;军工ETF,沪深300;创业板;黄金;国债ETF,有色ETF;科技ETF;军工ETF
2026-02-26,4059118.1446174765,3542084.4910740876,517033.65354338894,0.4856033671854554,False,normal,-0.013497202619651236,5,创业板;黄金;有色ETF;科技ETF;军工ETF,创业板;黄金,有色ETF;科技ETF;军工ETF
2026-02-27,4050982.668909896,3534979.9829242765,516002.68598561967,0.48593745081225986,False,normal,-0.015474397975295213,5,创业板;黄金;有色ETF;科技ETF;军工ETF,创业板;黄金,有色ETF;科技ETF;军工ETF
2026-03-02,4118092.060542783,3592813.443060887,525278.6174818957,0.4847181193907597,False,normal,0.0,5,创业板;黄金;有色ETF;科技ETF;军工ETF,创业板;黄金,有色ETF;科技ETF;军工ETF
2026-03-03,4026660.718226699,3479977.6305672247,546683.0876594745,0.7689008146274267,False,normal,-0.022202355112972524,3,黄金;国债ETF;有色ETF,黄金;国债ETF,有色ETF
2026-03-04,3988232.0277113887,3646024.3041920485,342207.72351934016,0.7651601443057466,False,normal,-0.03153402860408079,4,黄金;国债ETF;有色ETF;军工ETF,黄金;国债ETF,有色ETF;军工ETF
2026-03-05,3985318.537958063,3643790.6797553888,341527.8582026744,0.765076003709061,False,normal,-0.03224151394207041,4,黄金;国债ETF;有色ETF;军工ETF,黄金;国债ETF,有色ETF;军工ETF
2026-03-06,3969743.7924032547,3629236.6373281237,340507.155075131,0.7237025153086695,False,normal,-0.03602354341733078,5,创业板;黄金;国债ETF;有色ETF;军工ETF,创业板;黄金;国债ETF,有色ETF;军工ETF
2026-03-09,3948860.295625152,3410643.59272466,538216.7029004921,0.7651142220589523,False,normal,-0.041094701728286574,3,黄金;国债ETF;有色ETF,黄金;国债ETF,有色ETF
2026-03-10,3966473.8335316353,3625123.7783423513,341350.05518928403,0.7649073755058591,False,normal,-0.036817590472021516,4,黄金;国债ETF;有色ETF;军工ETF,黄金;国债ETF,有色ETF;军工ETF
2026-03-11,3961016.0020811814,3421558.304746899,539457.6973342826,0.7214438407691282,False,normal,-0.03814292059340171,4,创业板;黄金;国债ETF;有色ETF,创业板;黄金;国债ETF,有色ETF
2026-03-12,3945713.496122321,2761999.4472856247,1183714.0488366964,0.7213334629167932,False,normal,-0.04185884188265121,3,创业板;黄金;国债ETF,创业板;黄金;国债ETF,
2026-03-13,3932349.488510888,4281587.778398103,-349238.289887215,0.76506361416266,False,normal,-0.04510403587417932,3,黄金;国债ETF;消费ETF,黄金;国债ETF,消费ETF
2026-03-16,3931438.7152649593,4276537.826320585,-345099.1110556256,0.7637185612928752,False,normal,-0.04532519976088679,3,黄金;国债ETF;消费ETF,黄金;国债ETF,消费ETF
2026-03-17,3924087.4374879235,4269145.199354557,-345057.7618666338,0.7637671992949343,False,normal,-0.047110317157234356,3,黄金;国债ETF;消费ETF,黄金;国债ETF,消费ETF
2026-03-18,3909813.6582782553,4251971.728936808,-342158.0706585529,0.7238892073143145,False,normal,-0.050576431804459344,4,创业板;黄金;国债ETF;消费ETF,创业板;黄金;国债ETF,消费ETF
2026-03-19,3836175.6997619015,2685322.9898333307,1150852.7099285708,0.7515651174549035,False,normal,-0.06845800352110716,2,黄金;国债ETF,黄金;国债ETF,
2026-03-20,3805379.371473019,2663765.560031113,1141613.8114419058,0.7483975333167925,False,normal,-0.0759363036261377,2,黄金;国债ETF,黄金;国债ETF,
2026-03-23,3676437.2830296624,2573506.0981207634,1102931.184908899,1.0,False,warning,-0.10724742696862107,1,国债ETF,国债ETF,
2026-03-24,3675866.8185324175,2573106.7729726923,1102760.0455597253,1.0,False,warning,-0.10738595337571885,1,国债ETF,国债ETF,
2026-03-25,3666321.0006088456,2566424.7004261916,1099896.300182654,0.3463906699612654,False,warning,-0.10970397293021947,1,创业板,创业板,
2026-03-26,3632261.7300655637,0.0,3632261.7300655637,1.0,False,warning,-0.11797461623846857,0,,,
2026-03-27,3632261.7300655637,2542583.2110458943,1089678.5190196694,1.0,False,warning,-0.11797461623846857,1,国债ETF,国债ETF,
2026-03-30,3633942.126850363,2543759.488795254,1090182.638055109,1.0,False,warning,-0.1175665639754073,1,国债ETF,国债ETF,
2026-03-31,3634753.036879857,2544327.1258158996,1090425.9110639575,1.0,False,warning,-0.11736964996339093,1,国债ETF,国债ETF,
2026-04-01,3632684.6582751246,3632684.6582751246,0.0,1.0,False,warning,-0.11787191620084359,2,国债ETF;医药ETF,国债ETF,医药ETF
2026-04-02,3624465.307054759,1087339.5921164278,2537125.7149383314,1.0,False,warning,-0.11986782865241764,1,医药ETF,,医药ETF
2026-04-03,3607222.71556282,1262527.9504469868,2344694.765115833,0.5,False,halve,-0.12405486265710824,1,国债ETF,国债ETF,
2026-04-07,3607256.014960988,1262539.6052363457,2344716.4097246425,0.5,False,halve,-0.12404677653429252,1,国债ETF,国债ETF,
2026-04-08,3606794.919322009,1524505.1717985363,2082289.7475234729,0.33903921840348833,False,halve,-0.12415874480314128,3,创业板;医药ETF;科技ETF,创业板,医药ETF;科技ETF
2026-04-09,3596447.5642310344,1520122.3860045562,2076325.1782264782,0.3389209079285231,False,halve,-0.1266714023491241,3,创业板;医药ETF;科技ETF,创业板,医药ETF;科技ETF
2026-04-10,3644760.0587142035,3081015.9070929,563744.1516213035,0.336845585066126,False,warning,-0.11493963584830398,3,创业板;医药ETF;科技ETF,创业板,医药ETF;科技ETF
2026-04-13,3667888.5269427495,2852582.8081706553,815305.7187720942,0.45199652856017963,False,warning,-0.10932332910029564,3,沪深300;创业板;科技ETF,沪深300;创业板,科技ETF
2026-04-14,3721519.0614326485,3145549.5686390623,575969.4927935861,0.3364110691706203,False,warning,-0.09630017816014153,3,创业板;医药ETF;科技ETF,创业板,医药ETF;科技ETF
2026-04-15,3691674.7701433115,3120816.3169313697,570858.4532119418,0.4191958690708263,False,warning,-0.10354729426404995,4,创业板;纳指;医药ETF;科技ETF,创业板;纳指,医药ETF;科技ETF
2026-04-16,3768799.9452492245,3300429.855870841,468370.0893783835,0.48314763597614047,False,warning,-0.08481891860560299,6,沪深300;创业板;纳指;医药ETF;有色ETF;科技ETF,沪深300;创业板;纳指,医药ETF;有色ETF;科技ETF
2026-04-17,3769222.8844235986,3119730.5259961234,649492.3584274752,0.48457848391462577,False,warning,-0.08471621590538256,5,沪深300;创业板;纳指;有色ETF;科技ETF,沪深300;创业板;纳指,有色ETF;科技ETF
2026-04-20,3777113.2002357226,3290506.8389561023,486606.3612796203,0.561264420247417,False,warning,-0.08280020341801626,6,沪深300;创业板;纳指;有色ETF;科技ETF;军工ETF,沪深300;创业板;纳指,有色ETF;科技ETF;军工ETF
2026-04-21,3779692.4238044173,3292918.113075998,486774.3107284191,0.56444384838346,False,warning,-0.08217388823837099,6,沪深300;创业板;纳指;有色ETF;科技ETF;军工ETF,沪深300;创业板;纳指,有色ETF;科技ETF;军工ETF
2026-04-22,3813686.934246719,3324724.024074211,488962.9101725081,0.7540398950292315,False,normal,-0.07391897068370587,7,沪深300;创业板;纳指;国债ETF;有色ETF;科技ETF;军工ETF,沪深300;创业板;纳指;国债ETF,有色ETF;科技ETF;军工ETF
2026-04-23,3800430.4447188084,3184254.1041103248,616176.3406084836,0.7772286852597529,False,normal,-0.07713805596228103,6,沪深300;创业板;纳指;国债ETF;科技ETF;军工ETF,沪深300;创业板;纳指;国债ETF,科技ETF;军工ETF
2026-04-24,3780878.036254702,3167758.328470367,613119.7077843351,0.7765388482213413,False,warning,-0.08188598490040418,6,沪深300;创业板;纳指;国债ETF;科技ETF;军工ETF,沪深300;创业板;纳指;国债ETF,科技ETF;军工ETF
2026-04-27,3794140.347781597,3178767.3524661763,615372.9953154209,0.5803296349806052,False,normal,-0.07866548586057771,5,沪深300;创业板;纳指;科技ETF;军工ETF,沪深300;创业板;纳指,科技ETF;军工ETF
2026-04-28,3781218.0720993252,3209613.180143265,571604.8919560602,0.7768559936534686,False,warning,-0.0818034136903331,6,沪深300;创业板;纳指;国债ETF;医药ETF;科技ETF,沪深300;创业板;纳指;国债ETF,医药ETF;科技ETF
2026-04-29,3808006.550802047,3580647.2915838747,227359.25921817217,0.5807103245377181,False,normal,-0.07529834330606616,8,沪深300;创业板;纳指;医药ETF;证券ETF;有色ETF;科技ETF;军工ETF,沪深300;创业板;纳指,医药ETF;证券ETF;有色ETF;科技ETF;军工ETF
2026-04-30,3807581.5809421283,3580263.55479664,227318.0261454885,0.7769796468375715,False,normal,-0.07540153911948433,9,沪深300;创业板;纳指;国债ETF;医药ETF;证券ETF;有色ETF;科技ETF;军工ETF,沪深300;创业板;纳指;国债ETF,医药ETF;证券ETF;有色ETF;科技ETF;军工ETF
2026-05-06,3869798.9269155827,3503467.5032542404,366331.42366134236,0.576840275197662,False,normal,-0.06029324502145149,7,沪深300;创业板;纳指;证券ETF;有色ETF;科技ETF;军工ETF,沪深300;创业板;纳指,证券ETF;有色ETF;科技ETF;军工ETF
2026-05-07,3913584.143778219,3678523.585841732,235060.5579364868,0.7699733322582497,False,normal,-0.0496608414182972,9,沪深300;创业板;纳指;国债ETF;医药ETF;证券ETF;有色ETF;科技ETF;军工ETF,沪深300;创业板;纳指;国债ETF,医药ETF;证券ETF;有色ETF;科技ETF;军工ETF
2026-05-08,3906235.75292011,3537819.542317901,368416.210602209,0.7697342651318652,False,normal,-0.051445257781524534,8,沪深300;创业板;纳指;国债ETF;证券ETF;有色ETF;科技ETF;军工ETF,沪深300;创业板;纳指;国债ETF,证券ETF;有色ETF;科技ETF;军工ETF
2026-05-11,3970044.3828462837,3730202.4870076925,239841.89583859127,0.7651122027095091,False,normal,-0.03595055076961677,9,沪深300;创业板;纳指;国债ETF;医药ETF;证券ETF;有色ETF;科技ETF;军工ETF,沪深300;创业板;纳指;国债ETF,医药ETF;证券ETF;有色ETF;科技ETF;军工ETF
2026-05-12,3960092.8713041227,3721235.6455262355,238857.22577788727,0.7653839345951745,False,normal,-0.03836708527051118,9,沪深300;创业板;纳指;国债ETF;医药ETF;证券ETF;有色ETF;科技ETF;军工ETF,沪深300;创业板;纳指;国债ETF,医药ETF;证券ETF;有色ETF;科技ETF;军工ETF
2026-05-13,3998939.0728521454,3757365.372269423,241573.7005827222,0.7649932538267213,False,normal,-0.028934027199705795,9,沪深300;创业板;纳指;国债ETF;医药ETF;证券ETF;有色ETF;科技ETF;军工ETF,沪深300;创业板;纳指;国债ETF,医药ETF;证券ETF;有色ETF;科技ETF;军工ETF
2026-05-14,3947494.9505205858,3568938.0759638757,378556.87455671,0.7633114365774195,False,normal,-0.04142624970839325,8,沪深300;创业板;纳指;国债ETF;证券ETF;有色ETF;科技ETF;军工ETF,沪深300;创业板;纳指;国债ETF,证券ETF;有色ETF;科技ETF;军工ETF
2026-05-15,3918856.7024175427,3278596.2985624513,640260.4038550914,0.7629753838354031,False,normal,-0.048380501260328786,6,沪深300;创业板;纳指;国债ETF;科技ETF;军工ETF,沪深300;创业板;纳指;国债ETF,科技ETF;军工ETF
2026-05-18,3896867.182980679,3260317.074177013,636550.1088036662,0.7609462207801895,False,normal,-0.053720236048570846,6,沪深300;创业板;纳指;国债ETF;科技ETF;军工ETF,沪深300;创业板;纳指;国债ETF,科技ETF;军工ETF
2026-05-19,3894453.787840792,3258741.5802932107,635712.2075475813,0.7620957310261154,False,normal,-0.054306282961657314,6,沪深300;创业板;纳指;国债ETF;科技ETF;军工ETF,沪深300;创业板;纳指;国债ETF,科技ETF;军工ETF
2026-05-20,3903917.9399801875,3266973.4254557285,636944.5145244589,0.7621878093318966,False,normal,-0.0520080943830008,6,沪深300;创业板;纳指;国债ETF;科技ETF;军工ETF,沪深300;创业板;纳指;国债ETF,科技ETF;军工ETF
2026-05-21,3883001.2055526096,3021062.6569559416,861938.548596668,0.7452812785815625,False,normal,-0.057087323822281696,6,沪深300;创业板;纳指;黄金;国债ETF;科技ETF,沪深300;创业板;纳指;黄金;国债ETF,科技ETF
2026-05-22,3928505.1537994836,3056034.2032445986,872470.950554885,0.7432843272172109,False,normal,-0.04603755913079583,6,沪深300;创业板;纳指;黄金;国债ETF;科技ETF,沪深300;创业板;纳指;黄金;国债ETF,科技ETF
2026-05-25,3987835.245517233,3336050.6315270877,651784.6139901453,0.7567917230141447,False,normal,-0.03163037958126206,6,沪深300;创业板;纳指;国债ETF;科技ETF;军工ETF,沪深300;创业板;纳指;国债ETF,科技ETF;军工ETF
2026-05-26,3981061.997580673,3301484.9977295985,679576.9998510745,0.739159530624502,False,normal,-0.03327513347140873,7,沪深300;创业板;纳指;黄金;国债ETF;有色ETF;科技ETF,沪深300;创业板;纳指;黄金;国债ETF,有色ETF;科技ETF
2026-05-27,3966824.9759753486,3085283.3291610386,881541.64681431,0.7595796882533732,False,normal,-0.03673232223650107,5,沪深300;创业板;纳指;国债ETF;科技ETF,沪深300;创业板;纳指;国债ETF,科技ETF
2026-05-28,3982184.6900150273,3097294.286787387,884890.4032276403,0.7615179250352634,False,normal,-0.03300250905751784,5,沪深300;创业板;纳指;国债ETF;科技ETF,沪深300;创业板;纳指;国债ETF,科技ETF
