date,nav,exposure,repo_amount,final_multiplier,circuit_breaker_triggered,drawdown_level,drawdown,n_positions,position_names,defense_active,offense_top
2012-06-12,1000000.0,700000.0,300000.0,0.43587299225712584,False,normal,0.0,1,创业板,创业板,
2012-06-13,1010391.363022942,707273.9541160594,303117.4089068826,0.4388351995639071,False,normal,0.0,1,创业板,创业板,
2012-06-14,1003807.6958968616,702665.387127803,301142.30876905855,0.4438009274901637,False,normal,-0.006515957446808541,1,创业板,创业板,
2012-06-15,1005694.0459294195,703985.8321505936,301708.2137788258,0.45768577074209915,False,normal,-0.004649007568185105,1,创业板,创业板,
2012-06-18,1017003.0552812362,711902.1386968653,305100.9165843709,0.4577005882278565,False,normal,0.0,1,创业板,创业板,
2012-06-19,1010437.4229085378,707306.1960359764,303131.2268725614,0.46189807059950455,False,normal,-0.006455862977602142,1,创业板,创业板,
2012-06-20,1012318.5564086335,708622.9894860433,303695.56692259014,0.4763723340371563,False,normal,-0.004606179743783841,1,创业板,创业板,
2012-06-21,1002920.3735242032,702044.2614669421,300876.11205726105,0.4727561420270043,False,normal,-0.013847236430512633,1,创业板,创业板,
2012-06-25,989709.8632277822,692796.9042594475,296912.9589683347,0.4576204133782422,False,normal,-0.0268368830474226,1,创业板,创业板,
2012-06-26,981168.5315314328,686817.972072003,294350.5594594298,0.46122227486979556,False,normal,-0.03523541405673944,1,创业板,创业板,
2012-06-27,984978.8947606811,689485.2263324767,295493.6684282044,0.47256608463925326,False,normal,-0.03148875547055198,1,创业板,创业板,
2012-06-28,976419.7678131055,683493.8374691738,292925.93034393166,0.476054775923601,False,normal,-0.03990478421611824,1,创业板,创业板,
2012-06-29,993602.5737830009,695521.8016481006,298080.7721349003,0.442179046536791,False,normal,-0.023009253882491257,1,创业板,创业板,
2012-07-02,1008763.8119660658,706134.668376246,302629.1435898198,0.4283764016053155,False,normal,-0.008101493178790864,1,创业板,创业板,
2012-07-03,1007822.2990748974,705475.6093524281,302346.6897224693,0.4413162770067418,False,normal,-0.009027265118490687,1,创业板,创业板,
2012-07-04,1002170.9590800849,701519.6713560594,300651.28772402555,0.4493049847106235,False,normal,-0.014584121575770171,1,创业板,创业板,
2012-07-05,988008.3815964498,0.0,988008.3815964498,1.0,False,normal,-0.02850991797342084,0,,,
2012-07-06,988008.3815964498,691605.8671175148,296402.5144789349,0.41646497609786,False,normal,-0.02850991797342084,1,创业板,创业板,
2012-07-09,969441.7811369192,678609.2467958434,290832.5343410758,0.39073921427762626,False,normal,-0.046766107434323,1,创业板,创业板,
2012-07-10,964761.7173659133,0.0,964761.7173659133,1.0,False,normal,-0.05136792622601939,0,,,
2012-07-11,964761.7173659133,675333.2021561393,289428.515209774,0.4094828187938299,False,normal,-0.05136792622601939,1,创业板,创业板,
2012-07-12,975924.2496329569,683146.9747430698,292777.2748898871,0.40782204343550443,False,normal,-0.04039201793441964,1,创业板,创业板,
2012-07-13,968518.8623728694,677963.2036610085,290555.6587118609,0.4139322791532132,False,normal,-0.047673596118115155,1,创业板,创业板,
2012-07-16,937871.2107005224,0.0,937871.2107005224,1.0,False,normal,-0.07780885629574742,0,,,
2012-07-17,937871.2107005224,0.0,937871.2107005224,1.0,False,normal,-0.07780885629574742,0,,,
2012-07-18,937871.2107005224,0.0,937871.2107005224,1.0,False,normal,-0.07780885629574742,0,,,
2012-07-19,937871.2107005224,0.0,937871.2107005224,1.0,False,normal,-0.07780885629574742,0,,,
2012-07-20,937871.2107005224,656509.8474903656,281361.3632101568,0.3757899236596729,False,normal,-0.07780885629574742,1,创业板,创业板,
2012-07-23,938795.8724575511,0.0,938795.8724575511,1.0,False,normal,-0.076899653759701,0,,,
2012-07-24,938795.8724575511,0.0,938795.8724575511,1.0,False,normal,-0.076899653759701,0,,,
2012-07-25,938795.8724575511,0.0,938795.8724575511,1.0,False,normal,-0.076899653759701,0,,,
2012-07-26,938795.8724575511,0.0,938795.8724575511,1.0,False,normal,-0.076899653759701,0,,,
2012-07-27,938795.8724575511,0.0,938795.8724575511,1.0,False,normal,-0.076899653759701,0,,,
2012-07-30,938795.8724575511,0.0,938795.8724575511,1.0,False,normal,-0.076899653759701,0,,,
2012-07-31,938795.8724575511,0.0,938795.8724575511,1.0,False,normal,-0.076899653759701,0,,,
2012-08-01,938795.8724575511,0.0,938795.8724575511,1.0,False,normal,-0.076899653759701,0,,,
2012-08-02,938795.8724575511,0.0,938795.8724575511,1.0,False,normal,-0.076899653759701,0,,,
2012-08-03,938795.8724575511,0.0,938795.8724575511,1.0,False,normal,-0.076899653759701,0,,,
2012-08-06,938795.8724575511,0.0,938795.8724575511,1.0,False,normal,-0.076899653759701,0,,,
2012-08-07,938795.8724575511,0.0,938795.8724575511,1.0,False,normal,-0.076899653759701,0,,,
2012-08-08,938795.8724575511,0.0,938795.8724575511,1.0,False,normal,-0.076899653759701,0,,,
2012-08-09,938795.8724575511,657157.1107202857,281638.7617372654,0.39125701322854717,False,normal,-0.076899653759701,1,创业板,创业板,
2012-08-10,938795.8724575511,657157.1107202857,281638.7617372654,0.403285258048505,False,normal,-0.076899653759701,1,创业板,创业板,
2012-08-13,924739.0358646038,0.0,924739.0358646038,1.0,False,warning,-0.09072147712586587,0,,,
2012-08-14,924739.0358646038,0.0,924739.0358646038,1.0,False,warning,-0.09072147712586587,0,,,
2012-08-15,924739.0358646038,0.0,924739.0358646038,1.0,False,warning,-0.09072147712586587,0,,,
2012-08-16,924739.0358646038,0.0,924739.0358646038,1.0,False,warning,-0.09072147712586587,0,,,
2012-08-17,924739.0358646038,0.0,924739.0358646038,1.0,False,warning,-0.09072147712586587,0,,,
2012-08-20,924739.0358646038,647317.3251052226,277421.7107593812,0.42663175769734135,False,warning,-0.09072147712586587,1,创业板,创业板,
2012-08-21,939690.6588629582,657783.4612040707,281907.1976588875,0.4135382486331863,False,normal,-0.0760198270956998,1,创业板,创业板,
2012-08-22,938817.1084496726,657171.9759147707,281645.13253490184,0.4258364580854849,False,normal,-0.07687877280756301,1,创业板,创业板,
2012-08-23,941438.8051620985,659007.1636134689,282431.6415486296,0.4389844115209057,False,normal,-0.07430090767843524,1,创业板,创业板,
2012-08-24,927473.090436515,0.0,927473.090436515,1.0,False,warning,-0.0880331326241326,0,,,
2012-08-27,927473.090436515,0.0,927473.090436515,1.0,False,warning,-0.0880331326241326,0,,,
2012-08-28,927473.090436515,0.0,927473.090436515,1.0,False,warning,-0.0880331326241326,0,,,
2012-08-29,927473.090436515,649231.1633055605,278241.9271309546,0.4430033819983069,False,warning,-0.0880331326241326,1,创业板,创业板,
2012-08-30,906157.7034059631,0.0,906157.7034059631,1.0,False,warning,-0.10899215228475445,0,,,
2012-08-31,906157.7034059631,0.0,906157.7034059631,1.0,False,warning,-0.10899215228475445,0,,,
2012-09-03,906157.7034059631,634310.3923841742,271847.311021789,0.3902203913914027,False,warning,-0.10899215228475445,1,创业板,创业板,
2012-09-04,905287.5931283443,633701.315189841,271586.2779385033,0.4023868874793954,False,warning,-0.10984771537583903,1,创业板,创业板,
2012-09-05,912251.3438447162,0.0,912251.3438447162,1.0,False,warning,-0.10300039010949927,0,,,
2012-09-06,912251.3438447162,638575.9406913012,273675.40315341495,0.41649138242812633,False,warning,-0.10300039010949927,1,创业板,创业板,
2012-09-07,931133.9657468783,651793.7760228148,279340.1897240635,0.39147102374676895,False,warning,-0.08443346270047551,1,创业板,创业板,
2012-09-10,931984.8714597018,652389.4100217912,279595.46143791056,0.40365040059413065,False,warning,-0.0835967830971992,1,创业板,创业板,
2012-09-11,931134.2985652796,651794.0089956956,279340.28956958395,0.41546462791346256,False,warning,-0.08443313544639348,1,创业板,创业板,
2012-09-12,931134.2985652796,651794.0089956956,279340.28956958395,0.4281499936461581,False,warning,-0.08443313544639348,1,创业板,创业板,
2012-09-13,918370.7083107947,642859.4958175563,275511.2124932384,0.4142320085020121,False,warning,-0.09698333398139723,1,创业板,创业板,
2012-09-14,915802.694346144,641061.8860423007,274740.80830384325,0.4258202600763333,False,warning,-0.09950841387306043,1,创业板,创业板,
2012-09-17,897804.967598967,628463.4773192769,269341.49027969013,0.3952642622774362,False,warning,-0.1172052404988172,1,创业板,创业板,
2012-09-18,899533.8905076858,629673.72335538,269860.16715230583,0.40701837942333513,False,warning,-0.11550522308024543,1,创业板,创业板,
2012-09-19,903852.6403249381,632696.8482274567,271155.79209748143,0.41681305090138965,False,warning,-0.11125867751204357,1,创业板,创业板,
2012-09-20,884888.9745742514,309711.14110098797,575177.8334732635,0.3862981180555165,False,halve,-0.12990529381492436,1,创业板,创业板,
2012-09-21,877059.1985351816,0.0,877059.1985351816,0.5,False,halve,-0.13760416551291021,0,,,
2012-09-24,877059.1985351816,306970.71948731353,570088.479047868,0.38583970420155767,False,halve,-0.13760416551291021,1,创业板,创业板,
2012-09-25,871766.5999233314,0.0,871766.5999233314,0.5,False,halve,-0.1428082783072288,0,,,
2012-09-26,871766.5999233314,0.0,871766.5999233314,0.5,False,halve,-0.1428082783072288,0,,,
2012-09-27,871766.5999233314,0.0,871766.5999233314,0.5,False,halve,-0.1428082783072288,0,,,
2012-09-28,871766.5999233314,0.0,871766.5999233314,0.5,False,halve,-0.1428082783072288,0,,,
2012-10-08,871766.5999233314,0.0,871766.5999233314,0.5,False,halve,-0.1428082783072288,0,,,
2012-10-09,871766.5999233314,0.0,871766.5999233314,0.5,False,halve,-0.1428082783072288,0,,,
2012-10-10,871766.5999233314,0.0,871766.5999233314,0.5,False,halve,-0.1428082783072288,0,,,
2012-10-11,871766.5999233314,0.0,871766.5999233314,0.5,False,halve,-0.1428082783072288,0,,,
2012-10-12,871766.5999233314,0.0,871766.5999233314,0.5,False,halve,-0.1428082783072288,0,,,
2012-10-15,871766.5999233314,0.0,871766.5999233314,0.5,False,halve,-0.1428082783072288,0,,,
2012-10-16,871766.5999233314,0.0,871766.5999233314,0.5,False,halve,-0.1428082783072288,0,,,
2012-10-17,871766.5999233314,0.0,871766.5999233314,0.5,False,halve,-0.1428082783072288,0,,,
2012-10-18,871766.5999233314,0.0,871766.5999233314,0.5,False,halve,-0.1428082783072288,0,,,
2012-10-19,871766.5999233314,0.0,871766.5999233314,0.5,False,halve,-0.1428082783072288,0,,,
2012-10-22,871766.5999233314,0.0,871766.5999233314,0.5,False,halve,-0.1428082783072288,0,,,
2012-10-23,871766.5999233314,0.0,871766.5999233314,0.5,False,halve,-0.1428082783072288,0,,,
2012-10-24,871766.5999233314,0.0,871766.5999233314,0.5,False,halve,-0.1428082783072288,0,,,
2012-10-25,871766.5999233314,0.0,871766.5999233314,0.5,False,halve,-0.1428082783072288,0,,,
2012-10-26,871766.5999233314,0.0,871766.5999233314,0.5,False,halve,-0.1428082783072288,0,,,
2012-10-29,871766.5999233314,0.0,871766.5999233314,0.5,False,halve,-0.1428082783072288,0,,,
2012-10-30,871766.5999233314,0.0,871766.5999233314,0.5,False,halve,-0.1428082783072288,0,,,
2012-10-31,871766.5999233314,0.0,871766.5999233314,0.5,False,halve,-0.1428082783072288,0,,,
2012-11-01,871766.5999233314,0.0,871766.5999233314,0.5,False,halve,-0.1428082783072288,0,,,
2012-11-02,871766.5999233314,0.0,871766.5999233314,0.5,False,halve,-0.1428082783072288,0,,,
2012-11-05,871766.5999233314,0.0,871766.5999233314,0.5,False,halve,-0.1428082783072288,0,,,
2012-11-06,871766.5999233314,0.0,871766.5999233314,0.5,False,halve,-0.1428082783072288,0,,,
2012-11-07,871766.5999233314,0.0,871766.5999233314,0.5,False,halve,-0.1428082783072288,0,,,
2012-11-08,871766.5999233314,0.0,871766.5999233314,0.5,False,halve,-0.1428082783072288,0,,,
2012-11-09,871766.5999233314,0.0,871766.5999233314,0.5,False,halve,-0.1428082783072288,0,,,
2012-11-12,871766.5999233314,0.0,871766.5999233314,0.5,False,halve,-0.1428082783072288,0,,,
2012-11-13,871766.5999233314,0.0,871766.5999233314,0.5,False,halve,-0.1428082783072288,0,,,
2012-11-14,871766.5999233314,0.0,871766.5999233314,0.5,False,halve,-0.1428082783072288,0,,,
2012-11-15,871766.5999233314,0.0,871766.5999233314,0.5,False,halve,-0.1428082783072288,0,,,
2012-11-16,871766.5999233314,0.0,871766.5999233314,0.5,False,halve,-0.1428082783072288,0,,,
2012-11-19,871766.5999233314,0.0,871766.5999233314,0.5,False,halve,-0.1428082783072288,0,,,
2012-11-20,871766.5999233314,0.0,871766.5999233314,0.5,False,halve,-0.1428082783072288,0,,,
2012-11-21,871766.5999233314,0.0,871766.5999233314,0.5,False,halve,-0.1428082783072288,0,,,
2012-11-22,871766.5999233314,0.0,871766.5999233314,0.5,False,halve,-0.1428082783072288,0,,,
2012-11-23,871766.5999233314,0.0,871766.5999233314,0.5,False,halve,-0.1428082783072288,0,,,
2012-11-26,871766.5999233314,0.0,871766.5999233314,0.5,False,halve,-0.1428082783072288,0,,,
2012-11-27,871766.5999233314,0.0,871766.5999233314,0.5,False,halve,-0.1428082783072288,0,,,
2012-11-28,871766.5999233314,0.0,871766.5999233314,0.5,False,halve,-0.1428082783072288,0,,,
2012-11-29,871766.5999233314,0.0,871766.5999233314,0.5,False,halve,-0.1428082783072288,0,,,
2012-11-30,871766.5999233314,0.0,871766.5999233314,0.5,False,halve,-0.1428082783072288,0,,,
2012-12-03,871766.5999233314,0.0,871766.5999233314,0.5,False,halve,-0.1428082783072288,0,,,
2012-12-04,871766.5999233314,0.0,871766.5999233314,0.5,False,halve,-0.1428082783072288,0,,,
2012-12-05,871766.5999233314,0.0,871766.5999233314,0.5,False,halve,-0.1428082783072288,0,,,
2012-12-06,871766.5999233314,0.0,871766.5999233314,0.5,False,halve,-0.1428082783072288,0,,,
2012-12-07,871766.5999233314,0.0,871766.5999233314,0.5,False,halve,-0.1428082783072288,0,,,
2012-12-10,871766.5999233314,0.0,871766.5999233314,0.5,False,halve,-0.1428082783072288,0,,,
2012-12-11,871766.5999233314,0.0,871766.5999233314,0.5,False,halve,-0.1428082783072288,0,,,
2012-12-12,871766.5999233314,0.0,871766.5999233314,0.5,False,halve,-0.1428082783072288,0,,,
2012-12-13,871766.5999233314,0.0,871766.5999233314,0.5,False,halve,-0.1428082783072288,0,,,
2012-12-14,871766.5999233314,305118.309973166,566648.2899501654,0.39371678665914467,False,halve,-0.1428082783072288,1,沪深300,沪深300,
2012-12-17,872658.0140175768,305430.30490615184,567227.709111425,0.4060559153944,False,halve,-0.14193176757344453,1,沪深300,沪深300,
2012-12-18,867955.1753652557,303784.3113778395,564170.8639874163,0.40074378193110555,False,halve,-0.14655598047811533,1,沪深300,沪深300,
2012-12-19,868725.5497812603,304053.9424234411,564671.6073578192,0.4133377544446862,False,halve,-0.14579848578623203,1,沪深300,沪深300,
2012-12-20,870776.5038616883,304771.7763515909,566004.7275100974,0.42537616067119416,False,halve,-0.14378182116582847,1,沪深300,沪深300,
2012-12-21,869500.2401416231,304325.08404956805,565175.156092055,0.4358270978712741,False,halve,-0.1450367473073358,1,沪深300,沪深300,
2012-12-24,869756.1905907816,304414.66670677357,565341.523884008,0.449368556348964,False,halve,-0.14478507603867105,1,沪深300,沪深300,
2012-12-25,878197.9418523981,307369.2796483393,570828.6622040588,0.4194850446183665,False,halve,-0.1364844606002228,2,沪深300;创业板,沪深300;创业板,
2012-12-26,881724.6813561474,308603.63847465155,573121.0428814958,0.429374200453621,False,halve,-0.1330166838954871,2,沪深300;创业板,沪深300;创业板,
2012-12-27,879673.9980640666,307885.8993224233,571788.0987416434,0.44944776966052324,False,halve,-0.13503308225479554,1,沪深300,沪深300,
2012-12-28,884201.7318776317,309470.6061571711,574731.1257204607,0.44534924007926174,False,halve,-0.130581046648754,2,沪深300;创业板,沪深300;创业板,
2012-12-31,887566.4214149001,310648.24749521504,576918.1739196851,0.45623407113583636,False,halve,-0.1272726106319734,2,沪深300;创业板,沪深300;创业板,
2013-01-04,886846.4251933242,310396.24881766347,576450.1763756608,0.46719988728829903,False,halve,-0.12798056939162214,2,沪深300;创业板,沪深300;创业板,
2013-01-07,889941.4807973374,311479.51827906806,578461.9625182693,0.4791892849667304,False,halve,-0.12493725935637622,2,沪深300;创业板,沪深300;创业板,
2013-01-08,892721.5037007292,312452.52629525523,580268.977405474,0.49259161295742726,False,halve,-0.12220371505780664,2,沪深300;创业板,沪深300;创业板,
2013-01-09,892173.7101661201,312260.79855814204,579912.911607978,0.5,False,halve,-0.122742350150164,2,沪深300;创业板,沪深300;创业板,
2013-01-10,894244.6802505974,312985.6380877091,581259.0421628883,0.5,False,halve,-0.12070600416897653,2,沪深300;创业板,沪深300;创业板,
2013-01-11,889363.9299060972,311277.375467134,578086.5544389633,0.49641774348272505,False,halve,-0.1255051542985211,2,沪深300;创业板,沪深300;创业板,
2013-01-14,901466.8962336481,631026.8273635536,270440.0688700945,0.42451751757251416,False,warning,-0.11360453486114495,2,沪深300;创业板,沪深300;创业板,
2013-01-15,910756.4847933712,637529.5393553597,273226.94543801143,0.4328155525487919,False,warning,-0.10447025693397174,2,沪深300;创业板,沪深300;创业板,
2013-01-16,905967.8236344549,634177.4765441184,271790.3470903365,0.4354810282977385,False,warning,-0.10917885749721398,2,沪深300;创业板,沪深300;创业板,
2013-01-17,901537.9797898566,631076.5858528996,270461.393936957,0.44007450304407425,False,warning,-0.11353463973561963,2,沪深300;创业板,沪深300;创业板,
2013-01-18,915266.1039094354,640686.2727366048,274579.83117283066,0.4355007062603331,False,warning,-0.10003603316970074,2,沪深300;创业板,沪深300;创业板,
2013-01-21,917999.1111312504,642599.3777918753,275399.7333393751,0.449106780867882,False,warning,-0.09734871850764285,2,沪深300;创业板,沪深300;创业板,
2013-01-22,909412.3720659711,636588.6604461798,272823.71161979134,0.44006222704906217,False,warning,-0.10579189772985739,2,沪深300;创业板,沪深300;创业板,
2013-01-23,912903.1074406599,639032.1752084619,273870.93223219796,0.4537784365259266,False,warning,-0.10235952320889448,2,沪深300;创业板,沪深300;创业板,
2013-01-24,901817.5204916379,631272.2643441465,270545.2561474914,0.43682351565241145,False,warning,-0.11325977261469049,2,沪深300;创业板,沪深300;创业板,
2013-01-25,902017.4150838992,631412.1905587293,270605.2245251698,0.4501004293408688,False,warning,-0.11306322001711151,2,沪深300;创业板,沪深300;创业板,
2013-01-28,920113.0825629083,644079.1577940357,276033.92476887256,0.423999102472247,False,warning,-0.09527009010954691,2,沪深300;创业板,沪深300;创业板,
2013-01-29,925005.5615531505,647503.8930872054,277501.6684659452,0.4366912619270446,False,warning,-0.09045940742296511,2,沪深300;创业板,沪深300;创业板,
2013-01-30,923556.8999602221,646489.8299721554,277067.0699880667,0.44746383327762645,False,warning,-0.09188384915438927,2,沪深300;创业板,沪深300;创业板,
2013-01-31,922751.6727115622,645926.1708980935,276825.50181346876,0.4595380942861885,False,warning,-0.0926756139819169,2,沪深300;创业板,沪深300;创业板,
2013-02-01,930241.6362088125,651169.1453461687,279072.4908626438,0.46952516711360376,False,warning,-0.08531087357297192,2,沪深300;创业板,沪深300;创业板,
2013-02-04,925845.9667606504,648092.1767324553,277753.79002819513,0.47471692232578894,False,warning,-0.08963305276932303,2,沪深300;创业板,沪深300;创业板,
2013-02-05,933670.770422517,653569.5392957618,280101.2311267551,0.4838308663986129,False,warning,-0.08193907031643576,2,沪深300;创业板,沪深300;创业板,
2013-02-06,937533.9809678571,656273.7866774999,281260.1942903572,0.49874496584831846,False,normal,-0.0781404479570646,2,沪深300;创业板,沪深300;创业板,
2013-02-07,942218.2250554503,659552.7575388151,282665.4675166352,0.5136298198362642,False,normal,-0.07353451873859443,2,沪深300;创业板,沪深300;创业板,
2013-02-08,949840.0121675312,664888.0085172718,284952.00365025934,0.5245268860473221,False,normal,-0.0660401586454744,2,沪深300;创业板,沪深300;创业板,
2013-02-18,948961.9147430555,664273.3403201388,284688.57442291663,0.5367364411926147,False,normal,-0.06690357534802588,2,沪深300;创业板,沪深300;创业板,
2013-02-19,938016.0334761487,656611.2234333041,281404.8100428446,0.5069267864215448,False,normal,-0.07766645478094934,2,沪深300;创业板,沪深300;创业板,
2013-02-20,952728.4707233958,666909.9295063771,285818.54121701873,0.4901046325788116,False,normal,-0.06319999160677668,2,沪深300;创业板,沪深300;创业板,
2013-02-21,935760.796802879,655032.5577620153,280728.2390408637,0.4384514642170357,False,normal,-0.0798839866374747,2,沪深300;创业板,沪深300;创业板,
2013-02-22,933580.5617611633,653506.3932328143,280074.168528349,0.4500255504000484,False,warning,-0.08202777079858793,2,沪深300;创业板,沪深300;创业板,
2013-02-25,941519.9131988728,659063.9392392109,282455.9739596619,0.457363274921982,False,normal,-0.074221155669478,2,沪深300;创业板,沪深300;创业板,
2013-02-26,935152.7804407539,654606.9463085277,280545.8341322262,0.46059345481056146,False,warning,-0.08048183770485122,2,沪深300;创业板,沪深300;创业板,
2013-02-27,935143.1463413739,654600.2024389617,280542.9439024122,0.474751210383805,False,warning,-0.08049131073379638,2,沪深300;创业板,沪深300;创业板,
2013-02-28,953168.3754163183,667217.8627914228,285950.51262489555,0.44368573233817776,False,normal,-0.06276744158577321,2,沪深300;创业板,沪深300;创业板,
2013-03-01,962491.3275298954,673743.9292709267,288747.3982589686,0.45044088100517093,False,normal,-0.05360035790282505,2,沪深300;创业板,沪深300;创业板,
2013-03-04,938195.9285757925,656737.1500030546,281458.7785727378,0.3780328454698265,False,normal,-0.07748956730877357,2,沪深300;创业板,沪深300;创业板,
2013-03-05,956765.2117888172,669735.648252172,287029.56353664515,0.3636151504510989,False,normal,-0.05923073994675578,2,沪深300;创业板,沪深300;创业板,
2013-03-06,966016.467282495,676211.5270977465,289804.9401847485,0.3709079891806276,False,normal,-0.05013415420334372,2,沪深300;创业板,沪深300;创业板,
2013-03-07,953673.2853456021,667571.2997419214,286101.9856036807,0.36433657086499655,False,normal,-0.06227097313696983,2,沪深300;创业板,沪深300;创业板,
2013-03-08,946713.4085135381,662699.3859594766,284014.0225540615,0.3696148855269043,False,normal,-0.06911448928563997,2,沪深300;创业板,沪深300;创业板,
2013-03-11,945959.6560009228,662171.759200646,283787.8968002768,0.38091872000309085,False,normal,-0.06985563997216063,2,沪深300;创业板,沪深300;创业板,
2013-03-12,929386.238733588,650570.3671135115,278815.8716200765,0.36499725312930736,False,warning,-0.08615196984183997,2,沪深300;创业板,沪深300;创业板,
2013-03-13,924258.0914172472,646980.663992073,277277.42742517416,0.3132887584748549,False,warning,-0.09119438076647846,1,创业板,创业板,
2013-03-14,930479.0593402479,651335.3415381735,279143.7178020744,0.3842958238667526,False,warning,-0.0850774198677913,2,沪深300;创业板,沪深300;创业板,
2013-03-15,935776.9046769578,655043.8332738704,280733.07140308735,0.3263581072794236,False,normal,-0.07986814806747716,1,创业板,创业板,
2013-03-18,933473.1162832631,653431.1813982842,280041.9348849789,0.3357544644689153,False,warning,-0.08213341991865916,1,创业板,创业板,
2013-03-19,926554.4331861048,648588.1032302732,277966.3299558315,0.34183873882544646,False,warning,-0.088936431041615,1,创业板,创业板,
2013-03-20,944292.276675161,661004.5936726127,283287.6830025483,0.38894754038594176,False,normal,-0.07149514274169824,2,沪深300;创业板,沪深300;创业板,
2013-03-21,951302.1613511073,665911.5129457751,285390.64840533223,0.3975005355488235,False,normal,-0.06460245481952888,2,沪深300;创业板,沪深300;创业板,
2013-03-22,951439.11331452,666007.379320164,285431.733994356,0.4098225710746528,False,normal,-0.06446779252652837,2,沪深300;创业板,沪深300;创业板,
2013-03-25,951688.2891917467,666181.8024342227,285506.4867575241,0.42256723236685156,False,normal,-0.06422278256718479,2,沪深300;创业板,沪深300;创业板,
2013-03-26,943174.587350464,660222.2111453247,282952.3762051392,0.36325814428973513,False,normal,-0.0725941456590375,1,创业板,创业板,
2013-03-27,950745.9429828644,665522.1600880051,285223.7828948593,0.37167573138831134,False,normal,-0.06514937389253897,1,创业板,创业板,
2013-03-28,937163.8580831091,656014.7006581763,281149.1574249328,0.3629028330780707,False,normal,-0.07850438283693137,1,创业板,创业板,
2013-03-29,934126.7529874694,653888.7270912286,280238.02589624084,0.3728984374290458,False,warning,-0.08149071122588576,1,创业板,创业板,
2013-04-01,945531.7889251072,661872.252247575,283659.53667753225,0.37449749052315556,False,normal,-0.07027635363038778,1,创业板,创业板,
2013-04-02,924351.8768531848,647046.3137972293,277305.56305595546,0.34486434274214406,False,warning,-0.09110216330906713,1,创业板,创业板,
2013-04-03,910601.1877760299,637420.831443221,273180.35633280897,0.3417514462102872,False,warning,-0.10462295757389097,1,创业板,创业板,
2013-04-08,929823.7701476591,650876.6391033613,278947.1310442978,0.32597825793943935,False,warning,-0.08572175342134937,1,创业板,创业板,
2013-04-09,934396.6739352706,654077.6717546894,280319.0021805812,0.33512242657071034,False,warning,-0.08122530302833954,1,创业板,创业板,
2013-04-10,926030.5641802688,648221.3949261882,277809.1692540806,0.34014514646674676,False,warning,-0.08945154159424859,1,创业板,创业板,
2013-04-11,926030.5641802688,648221.3949261882,277809.1692540806,0.35083214590013356,False,warning,-0.08945154159424859,1,创业板,创业板,
2013-04-12,922213.005906263,645549.1041343841,276663.90177187894,0.3606267234710335,False,warning,-0.09320527493278816,1,创业板,创业板,
2013-04-15,914564.3198383201,640195.023886824,274369.2959514961,0.3670458238169683,False,warning,-0.10072608426391426,1,创业板,创业板,
2013-04-16,920705.2793000643,644493.6955100449,276211.5837900194,0.37442776201620714,False,warning,-0.09468779418223305,1,创业板,创业板,
2013-04-17,939075.6459179278,657352.9521425494,281722.6937753784,0.3569006973608778,False,normal,-0.07662455777161725,1,创业板,创业板,
2013-04-18,942870.9862882659,660009.6904017861,282861.2958864798,0.3674487011887513,False,normal,-0.07289267088039399,1,创业板,创业板,
2013-04-19,958026.203059834,670618.3421418837,287407.8609179503,0.3629685906724694,False,normal,-0.05799083091750703,1,创业板,创业板,
2013-04-22,976089.9967875615,683262.997751293,292826.99903626845,0.3551254060540934,False,normal,-0.04022904187083378,1,创业板,创业板,
2013-04-23,958915.0799041956,671240.5559329368,287674.5239712588,0.3387022052212425,False,normal,-0.057116815013871565,1,创业板,创业板,
2013-04-24,984500.4822603838,689150.3375822686,295350.14467811515,0.3175136907589904,False,normal,-0.031959169495183404,1,创业板,创业板,
2013-04-25,963662.2431110279,674563.5701777195,289098.6729333084,0.3001325705839484,False,normal,-0.05244901860738044,1,创业板,创业板,
2013-04-26,957652.7680983087,670356.9376688161,287295.83042949263,0.30681936672154303,False,normal,-0.05835802250025207,1,创业板,创业板,
2013-05-02,975729.809114097,683010.8663798679,292718.94273422915,0.30349339014742766,False,normal,-0.040583207644077024,1,创业板,创业板,
2013-05-03,993664.4489315115,695565.114252058,298099.3346794535,0.3024690551707456,False,normal,-0.022948413211276705,1,创业板,创业板,
2013-05-06,1004787.5584344761,703351.2909041332,301436.2675303429,0.3093119238964935,False,normal,-0.012011268583044755,1,创业板,创业板,
2013-05-07,1002573.4410444316,701801.4087311021,300772.0323133295,0.3173721746216239,False,normal,-0.014188368620794613,1,创业板,创业板,
2013-05-08,1026213.067443795,718349.1472106564,307863.9202331386,0.3090615083854062,False,normal,0.0,1,创业板,创业板,
2013-05-09,1032065.1989892994,722445.6392925095,309619.55969678983,0.3187159696950214,False,normal,0.0,1,创业板,创业板,
2013-05-10,1029875.969779322,720913.1788455254,308962.79093379667,0.32639309158517477,False,normal,-0.0021212121212121375,1,创业板,创业板,
2013-05-13,1032797.6037361429,722958.3226153,309839.2811208429,0.3365388412402111,False,normal,0.0,1,创业板,创业板,
2013-05-14,1018207.122956823,712744.986069776,305462.136887047,0.3281844214180631,False,normal,-0.0141271442986882,1,创业板,创业板,
2013-05-15,1046834.3675054546,732784.0572538181,314050.31025163643,0.30903821251095065,False,normal,0.0,1,创业板,创业板,
2013-05-16,1044657.7811967798,731260.4468377458,313397.33435903396,0.43643147756476364,False,normal,-0.002079207920792139,2,沪深300;创业板,沪深300;创业板,
2013-05-17,1054585.234677054,738209.6642739377,316375.5704031163,0.4437944233490235,False,normal,0.0,2,沪深300;创业板,沪深300;创业板,
2013-05-20,1067966.4880502382,747576.5416351667,320389.9464150715,0.4452580708570281,False,normal,0.0,2,沪深300;创业板,沪深300;创业板,
2013-05-21,1076883.1929838639,753818.2350887046,323064.95789515926,0.4560208166328751,False,normal,0.0,2,沪深300;创业板,沪深300;创业板,
2013-05-22,1065372.6927519431,745760.8849263601,319611.80782558303,0.4411826575887681,False,normal,-0.010688717501502706,2,沪深300;创业板,沪深300;创业板,
2013-05-23,1062818.6786079404,743973.0750255582,318845.6035823822,0.30783358450285647,False,normal,-0.013060389898883099,1,创业板,创业板,
2013-05-24,1082077.8090256683,757454.4663179677,324623.34270770056,0.3091057513249699,False,normal,0.0,1,创业板,创业板,
2013-05-27,1092696.3295815275,764887.4307070692,327808.8988744583,0.4698733345772581,False,normal,0.0,2,沪深300;创业板,沪深300;创业板,
2013-05-28,1089721.6037247153,762805.1226073006,326916.48111741466,0.4787382424766254,False,normal,-0.0027223719676549504,2,沪深300;创业板,沪深300;创业板,
2013-05-29,1092045.3830166347,764431.7681116443,327613.6149049904,0.4937150704240873,False,normal,-0.000595725040224183,2,沪深300;创业板,沪深300;创业板,
2013-05-30,1092469.6008135355,764728.7205694749,327740.88024406065,0.508212173715125,False,normal,-0.00020749476488021897,2,沪深300;创业板,沪深300;创业板,
2013-05-31,1087758.2873251042,761430.8011275729,326327.48619753134,0.514541158609156,False,normal,-0.004519135026576328,2,沪深300;创业板,沪深300;创业板,
2013-06-03,1080996.0341691505,756697.2239184054,324298.81025074515,0.5159569336170834,False,normal,-0.010707728300741962,2,沪深300;创业板,沪深300;创业板,
2013-06-04,1066083.0515110015,746258.1360577011,319824.91545330046,0.4859377969718438,False,normal,-0.024355603061939554,2,沪深300;创业板,沪深300;创业板,
2013-06-05,1070554.729117056,749388.310381939,321166.41873511684,0.49903964624416974,False,normal,-0.0202632697347407,2,沪深300;创业板,沪深300;创业板,
2013-06-06,1060748.342548451,742523.8397839156,318224.50276453537,0.4955460973800007,False,normal,-0.029237754505235487,2,沪深300;创业板,沪深300;创业板,
2013-06-07,1059130.464621474,741391.3252350318,317739.13938644226,0.5104079237576652,False,normal,-0.03071838355392689,2,沪深300;创业板,沪深300;创业板,
2013-06-13,1044811.9606791509,731368.3724754056,313443.5882037453,0.3325734755687628,False,normal,-0.043822210806468996,1,创业板,创业板,
2013-06-14,1076952.172360199,753866.5206521393,323085.6517080597,0.3024178762045912,False,normal,-0.014408538580300754,1,创业板,创业板,
2013-06-17,1075541.757915574,752879.2305409017,322662.52737467224,0.31115483420561546,False,normal,-0.01569930382444255,1,创业板,创业板,
2013-06-18,1076247.3616930256,753373.1531851179,322874.2085079077,0.3207475992465958,False,normal,-0.015053558288057432,1,创业板,创业板,
2013-06-19,1073425.739396452,751398.0175775164,322027.7218189356,0.32945505655762014,False,normal,-0.017635814876815443,1,创业板,创业板,
2013-06-20,1044471.4924785213,731130.0447349648,313341.44774355646,0.2985591064551105,False,normal,-0.04413379618605928,1,创业板,创业板,
2013-06-21,1047330.2609818839,733131.1826873187,314199.0782945652,0.30771202910638473,False,normal,-0.04151754460181778,1,创业板,创业板,
2013-06-24,1001643.4102594025,701150.3871815817,300493.0230778208,0.2503447276877777,False,warning,-0.08332865852765863,1,创业板,创业板,
2013-06-25,1018389.4735046532,712872.6314532572,305516.84205139603,0.24989173480823834,False,normal,-0.06800320827043665,1,创业板,创业板,
2013-06-26,1061046.1522630122,742732.3065841085,318313.84567890374,0.22300673490107278,False,normal,-0.028965208779127498,1,创业板,创业板,
2013-06-27,1043277.436794493,730294.2057561451,312983.23103834793,0.22426762850487647,False,normal,-0.045226556957467384,1,创业板,创业板,
2013-06-28,1031105.8666985572,721774.10668899,309331.76000956714,0.2287294553918223,False,normal,-0.05636558045963034,1,创业板,创业板,
2013-07-01,1072123.9365702146,750486.7555991502,321637.1809710644,0.21130118191721764,False,normal,-0.018827182314405312,1,创业板,创业板,
2013-07-02,1088408.0831539696,761885.6582077787,326522.4249461909,0.21542014778022966,False,normal,-0.003924463102388361,1,创业板,创业板,
2013-07-03,1100367.507151691,770257.2550061836,330110.2521455074,0.22113649449533146,False,normal,0.0,1,创业板,创业板,
2013-07-04,1091264.466865254,763885.1268056778,327379.3400595763,0.22582263477530184,False,normal,-0.008272727272727449,1,创业板,创业板,
2013-07-05,1066668.349626801,746667.8447387606,320000.50488804036,0.22188787933725085,False,normal,-0.03062536589445515,1,创业板,创业板,
2013-07-08,1048924.341909625,734247.0393367375,314677.3025728876,0.2235165875277144,False,normal,-0.04675089450362534,1,创业板,创业板,
2013-07-09,1063938.1567354007,744756.7097147804,319181.4470206202,0.22702351458989878,False,normal,-0.03310653048142795,1,创业板,创业板,
2013-07-10,1078861.7167583113,755203.2017308178,323658.5150274935,0.23102777531132765,False,normal,-0.019544188876539657,1,创业板,创业板,
2013-07-11,1088045.6658906788,761631.9661234751,326413.69976720365,0.23736282044120297,False,normal,-0.011197932673336946,1,创业板,创业板,
2013-07-12,1095084.7783317459,766559.3448322221,328525.4334995238,0.24440105341538812,False,normal,-0.004800876784902082,1,创业板,创业板,
2013-07-15,1127375.739744092,789163.0178208645,338212.72192322765,0.23706861635754747,False,normal,0.0,1,创业板,创业板,
2013-07-16,1126682.2748778174,788677.5924144721,338004.68246334523,0.24409481386999113,False,normal,-0.0006151142355007103,1,创业板,创业板,
2013-07-17,1119052.1486539305,783336.5040577513,335715.64459617925,0.2493013980852051,False,normal,-0.007383156117986887,1,创业板,创业板,
2013-07-18,1117660.7871902403,782362.5510331682,335298.2361570721,0.25669915301771523,False,normal,-0.008617315604163171,1,创业板,创业板,
2013-07-19,1105131.849540243,773592.29467817,331539.5548620729,0.25963303027936707,False,normal,-0.01973068021571798,1,创业板,创业板,
2013-07-22,1138705.4753490603,797093.8327443422,341611.6426047181,0.24847238264658836,False,normal,0.0,1,创业板,创业板,
2013-07-23,1151829.203964435,806280.4427751044,345548.7611893306,0.2547740315207518,False,normal,0.0,1,创业板,创业板,
2013-07-24,1170388.0888364962,819271.6621855473,351116.42665094894,0.25912191965219594,False,normal,0.0,1,创业板,创业板,
2013-07-25,1134203.5904233013,793942.5132963109,340261.0771269904,0.23680609833290653,False,normal,-0.030916666666666575,1,创业板,创业板,
2013-07-26,1137664.5429660054,796365.1800762038,341299.3628898016,0.2442416669721422,False,normal,-0.027959568439407053,1,创业板,创业板,
2013-07-29,1118308.4448391534,782815.9113874073,335492.5334517461,0.24328735330179901,False,normal,-0.0444977563374864,1,创业板,创业板,
2013-07-30,1108558.0687186697,775990.6481030687,332567.420615601,0.24859696644144977,False,normal,-0.05282864778578946,1,创业板,创业板,
2013-07-31,1116947.1568062706,781863.0097643894,335084.1470418812,0.2553029708500081,False,normal,-0.04566086457984396,1,创业板,创业板,
2013-08-01,1155273.7749319759,808691.6424523831,346582.1324795928,0.23938621105421434,False,normal,-0.012913933462485736,1,创业板,创业板,
2013-08-02,1149777.145246658,804844.0016726606,344933.1435739974,0.2455570609644393,False,normal,-0.017610349751874123,1,创业板,创业板,
2013-08-05,1166300.8886514003,816410.6220559801,349890.2665954202,0.25017388602996865,False,normal,-0.0034921751375298514,1,创业板,创业板,
2013-08-06,1168353.891053888,817847.7237377216,350506.16731616645,0.25797188990933706,False,normal,-0.0017380540711333173,1,创业板,创业板,
2013-08-07,1145104.0393757254,801572.8275630077,343531.2118127177,0.2522305297410608,False,normal,-0.021603132928246154,1,创业板,创业板,
2013-08-08,1151312.4347699312,805918.7043389519,345393.7304309794,0.25983347900564707,False,normal,-0.01629857160074863,1,创业板,创业板,
2013-08-09,1144430.1230334756,801101.0861234328,343329.03691004275,0.26620207950155816,False,normal,-0.022178938807234372,1,创业板,创业板,
2013-08-12,1138220.0370945341,796754.0259661739,341466.0111283603,0.2730984542802431,False,normal,-0.027484944565644823,1,创业板,创业板,
2013-08-13,1145827.9314396973,802079.5520077881,343748.3794319092,0.28070420748585906,False,normal,-0.020984626920814483,1,创业板,创业板,
2013-08-14,1152034.9099161117,806424.4369412782,345610.47297483357,0.39595030633018524,False,normal,-0.015681276232595395,2,沪深300;创业板,沪深300;创业板,
2013-08-15,1140109.8919115518,798076.9243380863,342032.96757346555,0.3948549720287169,False,normal,-0.0258702196423107,2,沪深300;创业板,沪深300;创业板,
2013-08-16,1125465.0044938864,787825.5031457205,337639.5013481659,0.3896442543238641,False,normal,-0.038383066925491954,2,沪深300;创业板,沪深300;创业板,
2013-08-19,1145382.1607565996,801767.5125296197,343614.6482269799,0.3762048627100903,False,normal,-0.02136550116872383,2,沪深300;创业板,沪深300;创业板,
2013-08-20,1141137.483991895,798796.2387943265,342341.24519756855,0.3861033775268535,False,normal,-0.024992227042979973,2,沪深300;创业板,沪深300;创业板,
2013-08-21,1142514.718886368,799760.3032204575,342754.41566591046,0.39821847426841805,False,normal,-0.023815493523894,2,沪深300;创业板,沪深300;创业板,
2013-08-22,1146999.366984251,802899.5568889757,344099.8100952753,0.40977886069688807,False,normal,-0.019983731956377326,2,沪深300;创业板,沪深300;创业板,
2013-08-23,1150217.801838613,805152.4612870291,345065.340551584,0.422310010385415,False,normal,-0.017233845072650012,2,沪深300;创业板,沪深300;创业板,
2013-08-26,1166568.3101335226,816597.8170934658,349970.4930400568,0.41669785664306397,False,normal,-0.003263685558156125,2,沪深300;创业板,沪深300;创业板,
2013-08-27,1169580.3512621461,818706.2458835023,350874.10537864384,0.42973468442033846,False,normal,-0.0006901450741463673,2,沪深300;创业板,沪深300;创业板,
2013-08-28,1161033.9463492006,812723.7624444404,348310.18390476017,0.43276223611910736,False,normal,-0.007992342519988213,2,沪深300;创业板,沪深300;创业板,
2013-08-29,1159165.5310549238,811415.8717384466,347749.65931647713,0.4452269629222342,False,normal,-0.009588749141089602,2,沪深300;创业板,沪深300;创业板,
2013-08-30,1146380.4297747037,802466.3008422925,343914.1289324112,0.43912813695003433,False,normal,-0.02051256270529802,2,沪深300;创业板,沪深300;创业板,
2013-09-02,1155628.1302699149,808939.6911889403,346688.43908097455,0.4454474143320876,False,normal,-0.01261116608017987,2,沪深300;创业板,沪深300;创业板,
2013-09-03,1167518.9198151804,817263.2438706262,350255.67594455415,0.447684158947675,False,normal,-0.002451468063185917,2,沪深300;创业板,沪深300;创业板,
2013-09-04,1167685.6099759606,817379.9269831723,350305.68299278826,0.4615070145634719,False,normal,-0.0023090450819798084,2,沪深300;创业板,沪深300;创业板,
2013-09-05,1177085.7897611237,823960.0528327866,353125.73692833714,0.46943856124204325,False,normal,0.0,2,沪深300;创业板,沪深300;创业板,
2013-09-06,1184116.6004908457,828881.620343592,355234.9801472537,0.4813371199476743,False,normal,0.0,2,沪深300;创业板,沪深300;创业板,
2013-09-09,1197135.5878535656,837994.9114974958,359140.67635606974,0.4834351618643437,False,normal,0.0,2,沪深300;创业板,沪深300;创业板,
2013-09-10,1199000.5115030713,839300.3580521499,359700.1534509214,0.49843616591890505,False,normal,0.0,2,沪深300;创业板,沪深300;创业板,
2013-09-11,1186656.8238661238,830659.7767062866,355997.0471598372,0.48379928030815506,False,normal,-0.010294981126799855,2,沪深300;创业板,沪深300;创业板,
2013-09-12,1192470.7694600602,834729.538622042,357741.2308380181,0.49718846581039805,False,normal,-0.005445987704229931,2,沪深300;创业板,沪深300;创业板,
2013-09-13,1199062.4161646396,839343.6913152477,359718.72484939196,0.5103840813248786,False,normal,0.0,2,沪深300;创业板,沪深300;创业板,
2013-09-16,1204396.3283221659,843077.4298255161,361318.8984966498,0.5253183646277051,False,normal,0.0,2,沪深300;创业板,沪深300;创业板,
2013-09-17,1192389.7911743154,834672.8538220207,357716.9373522947,0.5100122812595397,False,normal,-0.009968925398981164,2,沪深300;创业板,沪深300;创业板,
2013-09-18,1199257.6987743797,839480.3891420658,359777.3096323139,0.5223229443216758,False,normal,-0.004266560289954371,2,沪深300;创业板,沪深300;创业板,
2013-09-23,1216778.1433791523,851744.7003654066,365033.4430137457,0.5055631622373903,False,normal,0.0,2,沪深300;创业板,沪深300;创业板,
2013-09-24,1214363.4032492503,850054.3822744752,364309.0209747751,0.5172983612306428,False,normal,-0.0019845360824743102,2,沪深300;创业板,沪深300;创业板,
2013-09-25,1209857.0503332694,846899.9352332886,362957.11509998085,0.5258799683786133,False,normal,-0.005688048461046562,2,沪深300;创业板,沪深300;创业板,
2013-09-26,1196997.2574203056,837898.0801942139,359099.17722609174,0.5090244660956095,False,normal,-0.016256772910066043,2,沪深300;创业板,沪深300;创业板,
2013-09-27,1207371.603288329,845160.1223018302,362211.48098649876,0.5137244153188577,False,normal,-0.007730694491848875,2,沪深300;创业板,沪深300;创业板,
2013-09-30,1222406.974626259,855684.8822383812,366722.09238787775,0.5066798920759571,False,normal,0.0,2,沪深300;创业板,沪深300;创业板,
2013-10-08,1232926.961674463,863048.873172124,369878.088502339,0.5144983063331503,False,normal,0.0,2,沪深300;创业板,沪深300;创业板,
2013-10-09,1242963.2984613338,870074.3089229336,372888.9895384002,0.5243325112185376,False,normal,0.0,2,沪深300;创业板,沪深300;创业板,
2013-10-10,1226310.5816984866,858417.4071889406,367893.174509546,0.4874636305024097,False,normal,-0.013397593302603296,2,沪深300;创业板,沪深300;创业板,
2013-10-11,1236724.7871666062,865707.3510166242,371017.4361499819,0.4951772818737699,False,normal,-0.0050190631553243305,2,沪深300;创业板,沪深300;创业板,
2013-10-14,1241033.9221546247,868723.7455082373,372310.17664638744,0.5104858154879077,False,normal,-0.0015522391603175355,2,沪深300;创业板,沪深300;创业板,
2013-10-15,1237986.7665487975,866590.7365841581,371396.02996463934,0.5215976118815846,False,normal,-0.0040037641647961905,2,沪深300;创业板,沪深300;创业板,
2013-10-16,1213600.370121067,849520.2590847468,364080.1110363201,0.45288803855212506,False,normal,-0.023623326912882575,2,沪深300;创业板,沪深300;创业板,
2013-10-17,1207162.356954548,845013.6498681835,362148.7070863645,0.4617040153159491,False,normal,-0.028802895106479688,2,沪深300;创业板,沪深300;创业板,
2013-10-18,1219953.44979573,0.0,1219953.44979573,0.0,True,normal,-0.018512090175219036,0,,沪深300;创业板,
2013-10-21,1219953.44979573,853967.4148570109,365986.034938719,0.43284230591892703,False,normal,-0.018512090175219036,2,沪深300;创业板,沪深300;创业板,
2013-10-22,1197228.2101187636,838059.7470831345,359168.46303562913,0.3983222072912886,False,normal,-0.03679520416989445,2,沪深300;创业板,沪深300;创业板,
2013-10-23,1183484.5680375244,828439.197626267,355045.3704112574,0.396184165801124,False,normal,-0.04785236257372869,2,沪深300;创业板,沪深300;创业板,
2013-10-24,1173387.6449735346,821371.3514814742,352016.2934920604,0.40139957138566396,False,normal,-0.05597562983068529,2,沪深300;创业板,沪深300;创业板,
2013-10-25,1161678.7018686652,813175.0913080656,348503.6105605996,0.4048289369968629,False,normal,-0.06539581393375894,2,沪深300;创业板,沪深300;创业板,
2013-10-28,1163158.0308726076,0.0,1163158.0308726076,0.0,True,normal,-0.06420565087281122,0,,沪深300;创业板,
2013-10-29,1163158.0308726076,0.0,1163158.0308726076,0.0,True,normal,-0.06420565087281122,0,,沪深300;创业板,
2013-10-30,1163158.0308726076,0.0,1163158.0308726076,0.0,True,normal,-0.06420565087281122,0,,沪深300;创业板,
2013-10-31,1163158.0308726076,0.0,1163158.0308726076,0.0,True,normal,-0.06420565087281122,0,,沪深300;创业板,
2013-11-01,1163158.0308726076,0.0,1163158.0308726076,0.0,True,normal,-0.06420565087281122,0,,沪深300,
2013-11-04,1163158.0308726076,814210.6216108253,348947.4092617823,0.4420328763926343,False,normal,-0.06420565087281122,2,沪深300;创业板,沪深300;创业板,
2013-11-05,1174673.4889153563,822271.4422407494,352402.046674607,0.4398891403847457,False,normal,-0.05494113111023758,2,沪深300;创业板,沪深300;创业板,
2013-11-06,1164621.7626427813,815235.2338499469,349386.5287928344,0.4453989636858301,False,normal,-0.06302803623850495,2,沪深300;创业板,沪深300;创业板,
2013-11-07,1156245.3353187027,0.0,1156245.3353187027,1.0,False,normal,-0.06976711480538436,0,,,
2013-11-08,1156245.3353187027,0.0,1156245.3353187027,1.0,False,normal,-0.06976711480538436,0,,,
2013-11-11,1156245.3353187027,0.0,1156245.3353187027,1.0,False,normal,-0.06976711480538436,0,,,
2013-11-12,1156245.3353187027,0.0,1156245.3353187027,1.0,False,normal,-0.06976711480538436,0,,,
2013-11-13,1156245.3353187027,0.0,1156245.3353187027,1.0,False,normal,-0.06976711480538436,0,,,
2013-11-14,1156245.3353187027,0.0,1156245.3353187027,0.0,True,normal,-0.06976711480538436,0,,创业板,
2013-11-15,1156245.3353187027,0.0,1156245.3353187027,0.0,True,normal,-0.06976711480538436,0,,创业板,
2013-11-18,1156245.3353187027,0.0,1156245.3353187027,0.0,True,normal,-0.06976711480538436,0,,创业板,
2013-11-19,1156245.3353187027,0.0,1156245.3353187027,0.0,True,normal,-0.06976711480538436,0,,创业板,
2013-11-20,1156245.3353187027,0.0,1156245.3353187027,0.0,True,normal,-0.06976711480538436,0,,创业板,
2013-11-21,1156245.3353187027,0.0,1156245.3353187027,0.0,True,normal,-0.06976711480538436,0,,创业板,
2013-11-22,1156245.3353187027,0.0,1156245.3353187027,0.0,True,normal,-0.06976711480538436,0,,,
2013-11-25,1156245.3353187027,0.0,1156245.3353187027,0.0,True,normal,-0.06976711480538436,0,,,
2013-11-26,1156245.3353187027,0.0,1156245.3353187027,0.0,True,normal,-0.06976711480538436,0,,,
2013-11-27,1156245.3353187027,0.0,1156245.3353187027,0.0,True,normal,-0.06976711480538436,0,,沪深300;创业板,
2013-11-28,1156245.3353187027,0.0,1156245.3353187027,0.0,True,normal,-0.06976711480538436,0,,沪深300;创业板,
2013-11-29,1156245.3353187027,0.0,1156245.3353187027,0.0,True,normal,-0.06976711480538436,0,,沪深300,
2013-12-02,1156245.3353187027,0.0,1156245.3353187027,0.0,True,normal,-0.06976711480538436,0,,,
2013-12-03,1156245.3353187027,0.0,1156245.3353187027,0.0,True,normal,-0.06976711480538436,0,,,
2013-12-04,1156245.3353187027,0.0,1156245.3353187027,0.0,True,normal,-0.06976711480538436,0,,沪深300,
2013-12-05,1156245.3353187027,0.0,1156245.3353187027,0.0,True,normal,-0.06976711480538436,0,,沪深300,
2013-12-06,1156245.3353187027,0.0,1156245.3353187027,0.0,True,normal,-0.06976711480538436,0,,,
2013-12-09,1156245.3353187027,0.0,1156245.3353187027,0.0,True,normal,-0.06976711480538436,0,,,
2013-12-10,1156245.3353187027,0.0,1156245.3353187027,0.0,True,normal,-0.06976711480538436,0,,沪深300,
2013-12-11,1156245.3353187027,0.0,1156245.3353187027,0.0,True,normal,-0.06976711480538436,0,,沪深300,
2013-12-12,1156245.3353187027,0.0,1156245.3353187027,0.0,True,normal,-0.06976711480538436,0,,,
2013-12-13,1156245.3353187027,0.0,1156245.3353187027,0.0,True,normal,-0.06976711480538436,0,,,
2013-12-16,1156245.3353187027,0.0,1156245.3353187027,0.0,True,normal,-0.06976711480538436,0,,,
2013-12-17,1156245.3353187027,0.0,1156245.3353187027,0.0,True,normal,-0.06976711480538436,0,,,
2013-12-18,1156245.3353187027,0.0,1156245.3353187027,0.0,True,normal,-0.06976711480538436,0,,,
2013-12-19,1156245.3353187027,0.0,1156245.3353187027,0.0,True,normal,-0.06976711480538436,0,,,
2013-12-20,1156245.3353187027,0.0,1156245.3353187027,0.0,True,normal,-0.06976711480538436,0,,,
2013-12-23,1156245.3353187027,0.0,1156245.3353187027,0.0,True,normal,-0.06976711480538436,0,,,
2013-12-24,1156245.3353187027,0.0,1156245.3353187027,0.0,True,normal,-0.06976711480538436,0,,,
2013-12-25,1156245.3353187027,0.0,1156245.3353187027,0.0,True,normal,-0.06976711480538436,0,,创业板,
2013-12-26,1156245.3353187027,0.0,1156245.3353187027,0.0,True,normal,-0.06976711480538436,0,,创业板,
2013-12-27,1156245.3353187027,0.0,1156245.3353187027,0.0,True,normal,-0.06976711480538436,0,,创业板,
2013-12-30,1156245.3353187027,0.0,1156245.3353187027,0.0,True,normal,-0.06976711480538436,0,,创业板,
2013-12-31,1156245.3353187027,0.0,1156245.3353187027,0.0,True,normal,-0.06976711480538436,0,,创业板,
2014-01-02,1156245.3353187027,0.0,1156245.3353187027,0.0,True,normal,-0.06976711480538436,0,,创业板,
2014-01-03,1156245.3353187027,0.0,1156245.3353187027,0.0,True,normal,-0.06976711480538436,0,,创业板,
2014-01-06,1156245.3353187027,0.0,1156245.3353187027,0.0,True,normal,-0.06976711480538436,0,,创业板,
2014-01-07,1156245.3353187027,0.0,1156245.3353187027,0.0,True,normal,-0.06976711480538436,0,,创业板,
2014-01-08,1156245.3353187027,0.0,1156245.3353187027,0.0,True,normal,-0.06976711480538436,0,,创业板;国债ETF,
2014-01-09,1156245.3353187027,0.0,1156245.3353187027,0.0,True,normal,-0.06976711480538436,0,,创业板,
2014-01-10,1156245.3353187027,0.0,1156245.3353187027,0.0,True,normal,-0.06976711480538436,0,,创业板;国债ETF,
2014-01-13,1156245.3353187027,0.0,1156245.3353187027,0.0,True,normal,-0.06976711480538436,0,,创业板;国债ETF,
2014-01-14,1156245.3353187027,0.0,1156245.3353187027,0.0,True,normal,-0.06976711480538436,0,,创业板;国债ETF,
2014-01-15,1156245.3353187027,0.0,1156245.3353187027,0.0,True,normal,-0.06976711480538436,0,,创业板;国债ETF,
2014-01-16,1156245.3353187027,0.0,1156245.3353187027,0.0,True,normal,-0.06976711480538436,0,,创业板;国债ETF,
2014-01-17,1156245.3353187027,0.0,1156245.3353187027,0.0,True,normal,-0.06976711480538436,0,,创业板,
2014-01-20,1156245.3353187027,0.0,1156245.3353187027,0.0,True,normal,-0.06976711480538436,0,,创业板,
2014-01-21,1156245.3353187027,0.0,1156245.3353187027,0.0,True,normal,-0.06976711480538436,0,,创业板,
2014-01-22,1156245.3353187027,0.0,1156245.3353187027,0.0,True,normal,-0.06976711480538436,0,,创业板;国债ETF,
2014-01-23,1156245.3353187027,0.0,1156245.3353187027,0.0,True,normal,-0.06976711480538436,0,,创业板;国债ETF,
2014-01-24,1156245.3353187027,0.0,1156245.3353187027,0.0,True,normal,-0.06976711480538436,0,,创业板;纳指;黄金;国债ETF,
2014-01-27,1156245.3353187027,0.0,1156245.3353187027,0.0,True,normal,-0.06976711480538436,0,,创业板;纳指;黄金;国债ETF,
2014-01-28,1156245.3353187027,0.0,1156245.3353187027,0.0,True,normal,-0.06976711480538436,0,,创业板;纳指;黄金;国债ETF,
2014-01-29,1156245.3353187027,0.0,1156245.3353187027,0.0,True,normal,-0.06976711480538436,0,,创业板;纳指;黄金;国债ETF,
2014-01-30,1156245.3353187027,0.0,1156245.3353187027,0.0,True,normal,-0.06976711480538436,0,,创业板;纳指;黄金;国债ETF,
2014-02-07,1156245.3353187027,0.0,1156245.3353187027,0.0,True,normal,-0.06976711480538436,0,,创业板;纳指;黄金;国债ETF,
2014-02-10,1156245.3353187027,0.0,1156245.3353187027,0.0,True,normal,-0.06976711480538436,0,,创业板;纳指;黄金;国债ETF,
2014-02-11,1156245.3353187027,0.0,1156245.3353187027,0.0,True,normal,-0.06976711480538436,0,,创业板;纳指;黄金;国债ETF,
2014-02-12,1156245.3353187027,0.0,1156245.3353187027,0.0,True,normal,-0.06976711480538436,0,,创业板;纳指;黄金;国债ETF,
2014-02-13,1156245.3353187027,0.0,1156245.3353187027,0.0,True,normal,-0.06976711480538436,0,,创业板;纳指;黄金;国债ETF,
2014-02-14,1156245.3353187027,0.0,1156245.3353187027,0.0,True,normal,-0.06976711480538436,0,,创业板;纳指;黄金;国债ETF,
2014-02-17,1156245.3353187027,0.0,1156245.3353187027,0.0,True,normal,-0.06976711480538436,0,,创业板;纳指;黄金;国债ETF,
2014-02-18,1156245.3353187027,0.0,1156245.3353187027,0.0,True,normal,-0.06976711480538436,0,,创业板;纳指;黄金;国债ETF,
2014-02-19,1156245.3353187027,0.0,1156245.3353187027,0.0,True,normal,-0.06976711480538436,0,,创业板;纳指;黄金;国债ETF,
2014-02-20,1156245.3353187027,0.0,1156245.3353187027,0.0,True,normal,-0.06976711480538436,0,,创业板;纳指;黄金;国债ETF,
2014-02-21,1156245.3353187027,0.0,1156245.3353187027,0.0,True,normal,-0.06976711480538436,0,,创业板;纳指;黄金;国债ETF,
2014-02-24,1156245.3353187027,0.0,1156245.3353187027,0.0,True,normal,-0.06976711480538436,0,,创业板;纳指;黄金;国债ETF,
2014-02-25,1156245.3353187027,0.0,1156245.3353187027,0.0,True,normal,-0.06976711480538436,0,,创业板;纳指;黄金;国债ETF,
2014-02-26,1156245.3353187027,0.0,1156245.3353187027,0.0,True,normal,-0.06976711480538436,0,,创业板;纳指;黄金;国债ETF,
2014-02-27,1156245.3353187027,0.0,1156245.3353187027,0.0,True,normal,-0.06976711480538436,0,,创业板;纳指;黄金;国债ETF,
2014-02-28,1156245.3353187027,0.0,1156245.3353187027,0.0,True,normal,-0.06976711480538436,0,,创业板;纳指;黄金;国债ETF,
2014-03-03,1156245.3353187027,0.0,1156245.3353187027,0.0,True,normal,-0.06976711480538436,0,,创业板;纳指;黄金;国债ETF,
2014-03-04,1156245.3353187027,0.0,1156245.3353187027,0.0,True,normal,-0.06976711480538436,0,,创业板;纳指;黄金;国债ETF,
2014-03-05,1156245.3353187027,0.0,1156245.3353187027,0.0,True,normal,-0.06976711480538436,0,,创业板;纳指;黄金;国债ETF,
2014-03-06,1156245.3353187027,0.0,1156245.3353187027,0.0,True,normal,-0.06976711480538436,0,,创业板;纳指;黄金;国债ETF,
2014-03-07,1156245.3353187027,0.0,1156245.3353187027,0.0,True,normal,-0.06976711480538436,0,,创业板;纳指;黄金;国债ETF,
2014-03-10,1156245.3353187027,0.0,1156245.3353187027,0.0,True,normal,-0.06976711480538436,0,,创业板;纳指;黄金;国债ETF,
2014-03-11,1156245.3353187027,0.0,1156245.3353187027,0.0,True,normal,-0.06976711480538436,0,,纳指;黄金;国债ETF,
2014-03-12,1156245.3353187027,0.0,1156245.3353187027,0.0,True,normal,-0.06976711480538436,0,,创业板;纳指;黄金;国债ETF,
2014-03-13,1156245.3353187027,0.0,1156245.3353187027,0.0,True,normal,-0.06976711480538436,0,,创业板;纳指;黄金;国债ETF,
2014-03-14,1156245.3353187027,0.0,1156245.3353187027,0.0,True,normal,-0.06976711480538436,0,,创业板;纳指;黄金;国债ETF,
2014-03-17,1156245.3353187027,0.0,1156245.3353187027,0.0,True,normal,-0.06976711480538436,0,,创业板;纳指;黄金;国债ETF,
2014-03-18,1156245.3353187027,0.0,1156245.3353187027,0.0,True,normal,-0.06976711480538436,0,,创业板;纳指;黄金;国债ETF,
2014-03-19,1156245.3353187027,0.0,1156245.3353187027,0.0,True,normal,-0.06976711480538436,0,,创业板;纳指;黄金;国债ETF,
2014-03-20,1156245.3353187027,0.0,1156245.3353187027,0.0,True,normal,-0.06976711480538436,0,,创业板;纳指;黄金;国债ETF,
2014-03-21,1156245.3353187027,0.0,1156245.3353187027,0.0,True,normal,-0.06976711480538436,0,,创业板;纳指;黄金;国债ETF,
2014-03-24,1156245.3353187027,0.0,1156245.3353187027,0.0,True,normal,-0.06976711480538436,0,,纳指;黄金;国债ETF,
2014-03-25,1156245.3353187027,0.0,1156245.3353187027,0.0,True,normal,-0.06976711480538436,0,,纳指;黄金;国债ETF,
2014-03-26,1156245.3353187027,0.0,1156245.3353187027,0.0,True,normal,-0.06976711480538436,0,,纳指;黄金;国债ETF,
2014-03-27,1156245.3353187027,0.0,1156245.3353187027,0.0,True,normal,-0.06976711480538436,0,,黄金;国债ETF,
2014-03-28,1156245.3353187027,0.0,1156245.3353187027,0.0,True,normal,-0.06976711480538436,0,,纳指;黄金;国债ETF,
2014-03-31,1156245.3353187027,0.0,1156245.3353187027,0.0,True,normal,-0.06976711480538436,0,,纳指;黄金;国债ETF,
2014-04-01,1156245.3353187027,0.0,1156245.3353187027,0.0,True,normal,-0.06976711480538436,0,,纳指;黄金;国债ETF,
2014-04-02,1156245.3353187027,0.0,1156245.3353187027,0.0,True,normal,-0.06976711480538436,0,,纳指;黄金;国债ETF,
2014-04-03,1156245.3353187027,0.0,1156245.3353187027,0.0,True,normal,-0.06976711480538436,0,,纳指;黄金;国债ETF,
2014-04-04,1156245.3353187027,0.0,1156245.3353187027,0.0,True,normal,-0.06976711480538436,0,,纳指;黄金;国债ETF,
2014-04-08,1156245.3353187027,0.0,1156245.3353187027,0.0,True,normal,-0.06976711480538436,0,,黄金;国债ETF,
2014-04-09,1156245.3353187027,0.0,1156245.3353187027,0.0,True,normal,-0.06976711480538436,0,,黄金;国债ETF,
2014-04-10,1156245.3353187027,0.0,1156245.3353187027,0.0,True,normal,-0.06976711480538436,0,,纳指;黄金;国债ETF,
2014-04-11,1156245.3353187027,0.0,1156245.3353187027,0.0,True,normal,-0.06976711480538436,0,,黄金;国债ETF,
2014-04-14,1156245.3353187027,0.0,1156245.3353187027,0.0,True,normal,-0.06976711480538436,0,,黄金;国债ETF,
2014-04-15,1156245.3353187027,0.0,1156245.3353187027,0.0,True,normal,-0.06976711480538436,0,,黄金;国债ETF,
2014-04-16,1156245.3353187027,0.0,1156245.3353187027,0.0,True,normal,-0.06976711480538436,0,,黄金;国债ETF,
2014-04-17,1156245.3353187027,0.0,1156245.3353187027,0.0,True,normal,-0.06976711480538436,0,,黄金;国债ETF,
2014-04-18,1156245.3353187027,0.0,1156245.3353187027,0.0,True,normal,-0.06976711480538436,0,,国债ETF,
2014-04-21,1156245.3353187027,0.0,1156245.3353187027,0.0,True,normal,-0.06976711480538436,0,,国债ETF,
2014-04-22,1156245.3353187027,0.0,1156245.3353187027,0.0,True,normal,-0.06976711480538436,0,,沪深300;国债ETF,
2014-04-23,1156245.3353187027,0.0,1156245.3353187027,0.0,True,normal,-0.06976711480538436,0,,沪深300;国债ETF,
2014-04-24,1156245.3353187027,0.0,1156245.3353187027,0.0,True,normal,-0.06976711480538436,0,,沪深300;国债ETF,
2014-04-25,1156245.3353187027,0.0,1156245.3353187027,0.0,True,normal,-0.06976711480538436,0,,国债ETF,
2014-04-28,1156245.3353187027,809371.7347230918,346873.6005956109,1.0,False,normal,-0.06976711480538436,1,国债ETF,国债ETF,
2014-04-29,1157209.9723996515,0.0,1157209.9723996515,0.0,True,normal,-0.06899103631445633,0,,国债ETF,
2014-04-30,1157209.9723996515,0.0,1157209.9723996515,0.0,True,normal,-0.06899103631445633,0,,国债ETF,
2014-05-05,1157209.9723996515,0.0,1157209.9723996515,0.0,True,normal,-0.06899103631445633,0,,黄金;国债ETF,
2014-05-06,1157209.9723996515,0.0,1157209.9723996515,0.0,True,normal,-0.06899103631445633,0,,国债ETF,
2014-05-07,1157209.9723996515,0.0,1157209.9723996515,0.0,True,normal,-0.06899103631445633,0,,沪深300;黄金;国债ETF,
2014-05-08,1157209.9723996515,0.0,1157209.9723996515,0.0,True,normal,-0.06899103631445633,0,,沪深300;国债ETF,
2014-05-09,1157209.9723996515,0.0,1157209.9723996515,0.0,True,normal,-0.06899103631445633,0,,沪深300;国债ETF,
2014-05-12,1157209.9723996515,0.0,1157209.9723996515,0.0,True,normal,-0.06899103631445633,0,,沪深300;国债ETF,
2014-05-13,1157209.9723996515,0.0,1157209.9723996515,0.0,True,normal,-0.06899103631445633,0,,沪深300;国债ETF,
2014-05-14,1157209.9723996515,0.0,1157209.9723996515,0.0,True,normal,-0.06899103631445633,0,,沪深300;纳指;国债ETF,
2014-05-15,1157209.9723996515,0.0,1157209.9723996515,0.0,True,normal,-0.06899103631445633,0,,沪深300;国债ETF,
2014-05-16,1157209.9723996515,0.0,1157209.9723996515,0.0,True,normal,-0.06899103631445633,0,,沪深300;国债ETF,
2014-05-19,1157209.9723996515,0.0,1157209.9723996515,0.0,True,normal,-0.06899103631445633,0,,沪深300;国债ETF,
2014-05-20,1157209.9723996515,0.0,1157209.9723996515,0.0,True,normal,-0.06899103631445633,0,,国债ETF,
2014-05-21,1157209.9723996515,0.0,1157209.9723996515,0.0,True,normal,-0.06899103631445633,0,,国债ETF,
2014-05-22,1157209.9723996515,0.0,1157209.9723996515,0.0,True,normal,-0.06899103631445633,0,,国债ETF,
2014-05-23,1157209.9723996515,0.0,1157209.9723996515,0.0,True,normal,-0.06899103631445633,0,,纳指;国债ETF,
2014-05-26,1157209.9723996515,0.0,1157209.9723996515,0.0,True,normal,-0.06899103631445633,0,,沪深300;纳指;黄金;国债ETF,
2014-05-27,1157209.9723996515,0.0,1157209.9723996515,0.0,True,normal,-0.06899103631445633,0,,纳指;黄金;国债ETF,
2014-05-28,1157209.9723996515,0.0,1157209.9723996515,0.0,True,normal,-0.06899103631445633,0,,沪深300;创业板;纳指;国债ETF,
2014-05-29,1157209.9723996515,0.0,1157209.9723996515,0.0,True,normal,-0.06899103631445633,0,,沪深300;纳指;国债ETF,
2014-05-30,1157209.9723996515,0.0,1157209.9723996515,0.0,True,normal,-0.06899103631445633,0,,纳指;国债ETF,
2014-06-03,1157209.9723996515,0.0,1157209.9723996515,0.0,True,normal,-0.06899103631445633,0,,纳指;国债ETF,
2014-06-04,1157209.9723996515,0.0,1157209.9723996515,0.0,True,normal,-0.06899103631445633,0,,纳指;国债ETF,
2014-06-05,1157209.9723996515,0.0,1157209.9723996515,0.0,True,normal,-0.06899103631445633,0,,创业板;纳指;国债ETF,
2014-06-06,1157209.9723996515,0.0,1157209.9723996515,0.0,True,normal,-0.06899103631445633,0,,纳指;国债ETF,
2014-06-09,1157209.9723996515,0.0,1157209.9723996515,0.0,True,normal,-0.06899103631445633,0,,纳指;国债ETF,
2014-06-10,1157209.9723996515,0.0,1157209.9723996515,0.0,True,normal,-0.06899103631445633,0,,纳指;国债ETF,
2014-06-11,1157209.9723996515,810046.980679756,347162.9917198955,1.0,False,normal,-0.06899103631445633,2,纳指;国债ETF,纳指;国债ETF,
2014-06-12,1154217.4913625452,807952.2439537814,346265.24740876374,1.0,False,normal,-0.07139857404369641,3,创业板;纳指;国债ETF,创业板;纳指;国债ETF,
2014-06-13,1155821.0277807142,809074.7194464998,346746.3083342144,1.0,False,normal,-0.07010848251794174,3,创业板;纳指;国债ETF,创业板;纳指;国债ETF,
2014-06-16,1159062.3395685276,811343.6376979693,347718.7018705583,1.0,False,normal,-0.06750075323757936,3,创业板;纳指;国债ETF,创业板;纳指;国债ETF,
2014-06-17,1156783.4061465054,809748.3843025536,347035.0218439518,1.0,False,normal,-0.06933422122882525,3,创业板;纳指;国债ETF,创业板;纳指;国债ETF,
2014-06-18,1154002.181001383,807801.526700968,346200.6543004151,1.0,False,normal,-0.07157179746986564,3,创业板;纳指;国债ETF,创业板;纳指;国债ETF,
2014-06-19,1147892.960873277,803525.0726112938,344367.8882619832,1.0,False,normal,-0.07648684213423247,2,纳指;国债ETF,纳指;国债ETF,
2014-06-20,1147292.026988663,803104.418892064,344187.608096599,1.0,False,normal,-0.07697031086203628,4,创业板;纳指;黄金;国债ETF,创业板;纳指;黄金;国债ETF,
2014-06-23,1152550.5912979017,806785.4139085312,345765.1773893705,1.0,False,normal,-0.07273964345958901,4,创业板;纳指;黄金;国债ETF,创业板;纳指;黄金;国债ETF,
2014-06-24,1154558.9891934972,808191.292435448,346367.6967580492,1.0,False,normal,-0.07112382914062905,4,创业板;纳指;黄金;国债ETF,创业板;纳指;黄金;国债ETF,
2014-06-25,1151456.026070715,806019.2182495004,345436.80782121455,1.0,False,normal,-0.07362025291003839,4,沪深300;创业板;纳指;国债ETF,沪深300;创业板;纳指;国债ETF,
2014-06-26,1157706.493560304,810394.5454922128,347311.9480680912,1.0,False,normal,-0.06859157064940649,5,沪深300;创业板;纳指;黄金;国债ETF,沪深300;创业板;纳指;黄金;国债ETF,
2014-06-27,1158815.4334782148,811170.8034347504,347644.63004346436,1.0,False,normal,-0.06769939634362965,5,沪深300;创业板;纳指;黄金;国债ETF,沪深300;创业板;纳指;黄金;国债ETF,
2014-06-30,1161644.4176352955,813151.092344707,348493.32529058855,1.0,False,normal,-0.06542339659320841,5,沪深300;创业板;纳指;黄金;国债ETF,沪深300;创业板;纳指;黄金;国债ETF,
2014-07-01,1163435.7033930472,814404.992375133,349030.71101791423,1.0,False,normal,-0.06398225528198136,5,沪深300;创业板;纳指;黄金;国债ETF,沪深300;创业板;纳指;黄金;国债ETF,
2014-07-02,1167032.9195960872,816923.043717261,350109.87587882613,1.0,False,normal,-0.06108819058393839,5,沪深300;创业板;纳指;黄金;国债ETF,沪深300;创业板;纳指;黄金;国债ETF,
2014-07-03,1167539.3069252404,817277.5148476684,350261.7920775721,1.0,False,normal,-0.06068078730036589,5,沪深300;创业板;纳指;黄金;国债ETF,沪深300;创业板;纳指;黄金;国债ETF,
2014-07-04,1168566.124261268,817996.2869828875,350569.8372783804,1.0,False,normal,-0.05985468299197754,5,沪深300;创业板;纳指;黄金;国债ETF,沪深300;创业板;纳指;黄金;国债ETF,
2014-07-07,1165592.9894302313,815915.0926011619,349677.89682906936,1.0,False,normal,-0.062246656137698836,5,沪深300;创业板;纳指;黄金;国债ETF,沪深300;创业板;纳指;黄金;国债ETF,
2014-07-08,1167537.4376869714,817276.20638088,350261.2313060914,1.0,False,normal,-0.060682291156731856,5,沪深300;创业板;纳指;黄金;国债ETF,沪深300;创业板;纳指;黄金;国债ETF,
2014-07-09,1159403.30917336,811582.316421352,347820.992752008,1.0,False,normal,-0.06722643330773555,5,沪深300;创业板;纳指;黄金;国债ETF,沪深300;创业板;纳指;黄金;国债ETF,
2014-07-10,1157765.8686829908,810436.1080780935,347329.7606048973,1.0,False,normal,-0.06854380164226015,4,沪深300;创业板;纳指;黄金,沪深300;创业板;纳指;黄金,
2014-07-11,1158139.0319829728,810697.3223880809,347441.7095948919,1.0,False,normal,-0.06824358095155761,5,沪深300;创业板;纳指;黄金;国债ETF,沪深300;创业板;纳指;黄金;国债ETF,
2014-07-14,1160416.2692423465,812291.3884696425,348124.880772704,1.0,False,normal,-0.06641147757232448,5,沪深300;创业板;纳指;黄金;国债ETF,沪深300;创业板;纳指;黄金;国债ETF,
2014-07-15,1156939.4793050974,809857.6355135681,347081.8437915293,1.0,False,normal,-0.06920865584907092,5,沪深300;创业板;纳指;黄金;国债ETF,沪深300;创业板;纳指;黄金;国债ETF,
2014-07-16,1151961.8679701774,806373.3075791241,345588.5603910533,1.0,False,normal,-0.07321328844046097,4,沪深300;创业板;纳指;国债ETF,沪深300;创业板;纳指;国债ETF,
2014-07-17,1150037.0567462286,805025.93972236,345011.1170238686,1.0,False,normal,-0.07476185485938223,4,沪深300;创业板;纳指;黄金,沪深300;创业板;纳指;黄金,
2014-07-18,1150264.5248999672,805185.167429977,345079.35746999027,1.0,False,normal,-0.07457885013670038,4,沪深300;创业板;纳指;黄金,沪深300;创业板;纳指;黄金,
2014-07-21,1151888.2891456112,0.0,1151888.2891456112,0.0,True,normal,-0.07327248473745324,0,,沪深300;纳指;黄金,
2014-07-22,1151888.2891456112,0.0,1151888.2891456112,0.0,True,normal,-0.07327248473745324,0,,沪深300;创业板;纳指;黄金,
2014-07-23,1151888.2891456112,0.0,1151888.2891456112,0.0,True,normal,-0.07327248473745324,0,,沪深300;纳指;黄金,
2014-07-24,1151888.2891456112,0.0,1151888.2891456112,0.0,True,normal,-0.07327248473745324,0,,沪深300;纳指;黄金,
2014-07-25,1151888.2891456112,0.0,1151888.2891456112,0.0,True,normal,-0.07327248473745324,0,,沪深300;纳指;黄金,
2014-07-28,1151888.2891456112,0.0,1151888.2891456112,0.0,True,normal,-0.07327248473745324,0,,沪深300;纳指;黄金,
2014-07-29,1151888.2891456112,0.0,1151888.2891456112,0.0,True,normal,-0.07327248473745324,0,,沪深300;创业板;纳指;黄金,
2014-07-30,1151888.2891456112,806321.8024019276,345566.4867436836,1.0,False,normal,-0.07327248473745324,3,沪深300;纳指;黄金,沪深300;纳指;黄金,
2014-07-31,1155723.0098496987,809006.1068947889,346716.90295490983,1.0,False,normal,-0.07018734078442218,3,沪深300;纳指;黄金,沪深300;纳指;黄金,
2014-08-01,1146353.2966151675,802447.3076306172,343905.98898455035,1.0,False,normal,-0.07772554665593102,3,沪深300;纳指;黄金,沪深300;纳指;黄金,
2014-08-04,1153784.5792802577,807649.2054961802,346135.37378407747,1.0,False,normal,-0.07174686436153878,3,沪深300;纳指;黄金,沪深300;纳指;黄金,
2014-08-05,1152693.5434150216,806885.480390515,345808.0630245067,1.0,False,normal,-0.07262463433800281,3,沪深300;纳指;黄金,沪深300;纳指;黄金,
2014-08-06,1149142.1967735565,804399.5377414895,344742.65903206705,1.0,False,normal,-0.07548179564426287,5,沪深300;创业板;纳指;黄金;国债ETF,沪深300;创业板;纳指;黄金;国债ETF,
2014-08-07,1148320.3992719275,803824.2794903492,344496.1197815783,1.0,False,normal,-0.07614295555352672,4,沪深300;纳指;黄金;国债ETF,沪深300;纳指;黄金;国债ETF,
2014-08-08,1149047.2471912825,804333.0730338976,344714.1741573849,1.0,False,normal,-0.075558185335247,3,沪深300;纳指;黄金,沪深300;纳指;黄金,
2014-08-11,1153676.848111889,807573.7936783223,346103.05443356675,1.0,False,normal,-0.07183353720900093,5,沪深300;创业板;纳指;黄金;国债ETF,沪深300;创业板;纳指;黄金;国债ETF,
2014-08-12,1153287.6097898656,807301.3268529058,345986.28293695976,1.0,False,normal,-0.07214669072085875,4,沪深300;创业板;纳指;黄金,沪深300;创业板;纳指;黄金,
2014-08-13,1151023.4600130538,805716.4220091377,345307.03800391615,1.0,False,normal,-0.07396826484103954,5,沪深300;创业板;纳指;黄金;国债ETF,沪深300;创业板;纳指;黄金;国债ETF,
2014-08-14,1150831.4806280923,805582.0364396645,345249.44418842776,1.0,False,normal,-0.07412271782062403,4,沪深300;创业板;纳指;国债ETF,沪深300;创业板;纳指;国债ETF,
2014-08-15,1157117.1033203485,809981.972324244,347135.13099610456,1.0,False,normal,-0.06906575218049836,4,沪深300;创业板;纳指;国债ETF,沪深300;创业板;纳指;国债ETF,
2014-08-18,1162706.74144921,813894.7190144471,348812.022434763,1.0,False,normal,-0.06456872629423047,3,沪深300;创业板;纳指,沪深300;创业板;纳指,
2014-08-19,1167802.513894374,817461.7597260617,350340.7541683123,1.0,False,normal,-0.06046902966483522,3,沪深300;创业板;纳指,沪深300;创业板;纳指,
2014-08-20,1166102.8679594237,816272.0075715965,349830.86038782715,1.0,False,normal,-0.06183644408250493,3,沪深300;创业板;纳指,沪深300;创业板;纳指,
2014-08-21,1168763.924111913,818134.746878339,350629.177233574,1.0,False,normal,-0.05969554727904871,3,沪深300;创业板;纳指,沪深300;创业板;纳指,
2014-08-22,1173648.767236325,821554.1370654274,352094.6301708976,1.0,False,normal,-0.055765549401831455,4,沪深300;创业板;纳指;国债ETF,沪深300;创业板;纳指;国债ETF,
2014-08-25,1169453.5462054347,818617.4823438042,350836.0638616305,1.0,False,normal,-0.05914072631661527,4,沪深300;创业板;纳指;国债ETF,沪深300;创业板;纳指;国债ETF,
2014-08-26,1165501.0481830416,815850.733728129,349650.3144549127,1.0,False,normal,-0.06232062553591314,3,沪深300;纳指;国债ETF,沪深300;纳指;国债ETF,
2014-08-27,1165575.0185281793,815902.5129697253,349672.50555845397,1.0,False,normal,-0.06226111424927321,3,沪深300;纳指;国债ETF,沪深300;纳指;国债ETF,
2014-08-28,1163276.0056095538,814293.2039266876,348982.8016828662,1.0,False,normal,-0.06411073677752602,3,沪深300;纳指;国债ETF,沪深300;纳指;国债ETF,
2014-08-29,1164362.6637606611,815053.8646324627,349308.7991281984,1.0,False,normal,-0.06323648879896338,4,沪深300;创业板;纳指;国债ETF,沪深300;创业板;纳指;国债ETF,
2014-09-01,1170154.0044836332,0.0,1170154.0044836332,0.0,True,normal,-0.05857718732953047,0,,沪深300;创业板;纳指;国债ETF,
2014-09-02,1170154.0044836332,0.0,1170154.0044836332,0.0,True,normal,-0.05857718732953047,0,,沪深300;创业板;纳指;国债ETF,
2014-09-03,1170154.0044836332,0.0,1170154.0044836332,0.0,True,normal,-0.05857718732953047,0,,沪深300;创业板;纳指;国债ETF,
2014-09-04,1170154.0044836332,0.0,1170154.0044836332,0.0,True,normal,-0.05857718732953047,0,,沪深300;创业板;纳指;国债ETF,
2014-09-05,1170154.0044836332,0.0,1170154.0044836332,0.0,True,normal,-0.05857718732953047,0,,沪深300;创业板;纳指;国债ETF,
2014-09-09,1170154.0044836332,0.0,1170154.0044836332,0.0,True,normal,-0.05857718732953047,0,,沪深300;创业板;纳指;国债ETF,
2014-09-10,1170154.0044836332,0.0,1170154.0044836332,0.0,True,normal,-0.05857718732953047,0,,沪深300;创业板;纳指;国债ETF,
2014-09-11,1170154.0044836332,0.0,1170154.0044836332,0.0,True,normal,-0.05857718732953047,0,,沪深300;创业板;纳指;国债ETF,
2014-09-12,1170154.0044836332,0.0,1170154.0044836332,0.0,True,normal,-0.05857718732953047,0,,沪深300;创业板;纳指;国债ETF,
2014-09-15,1170154.0044836332,0.0,1170154.0044836332,0.0,True,normal,-0.05857718732953047,0,,沪深300;创业板;纳指;国债ETF,
2014-09-16,1170154.0044836332,0.0,1170154.0044836332,0.0,True,normal,-0.05857718732953047,0,,沪深300;创业板;纳指;国债ETF,
2014-09-17,1170154.0044836332,0.0,1170154.0044836332,0.0,True,normal,-0.05857718732953047,0,,沪深300;创业板;纳指;国债ETF,
2014-09-18,1170154.0044836332,0.0,1170154.0044836332,0.0,True,normal,-0.05857718732953047,0,,沪深300;创业板;纳指;国债ETF,
2014-09-19,1170154.0044836332,0.0,1170154.0044836332,0.0,True,normal,-0.05857718732953047,0,,沪深300;创业板;纳指;国债ETF,
2014-09-22,1170154.0044836332,0.0,1170154.0044836332,0.0,True,normal,-0.05857718732953047,0,,沪深300;创业板;纳指;国债ETF,
2014-09-23,1170154.0044836332,0.0,1170154.0044836332,0.0,True,normal,-0.05857718732953047,0,,沪深300;创业板;纳指;国债ETF,
2014-09-24,1170154.0044836332,0.0,1170154.0044836332,0.0,True,normal,-0.05857718732953047,0,,沪深300;创业板;纳指;国债ETF,
2014-09-25,1170154.0044836332,0.0,1170154.0044836332,0.0,True,normal,-0.05857718732953047,0,,沪深300;创业板;纳指;国债ETF,
2014-09-26,1170154.0044836332,0.0,1170154.0044836332,0.0,True,normal,-0.05857718732953047,0,,沪深300;创业板;纳指;国债ETF,
2014-09-29,1170154.0044836332,0.0,1170154.0044836332,0.0,True,normal,-0.05857718732953047,0,,沪深300;创业板;纳指;国债ETF,
2014-09-30,1170154.0044836332,0.0,1170154.0044836332,0.0,True,normal,-0.05857718732953047,0,,沪深300;创业板;纳指;国债ETF,
2014-10-08,1170154.0044836332,0.0,1170154.0044836332,0.0,True,normal,-0.05857718732953047,0,,沪深300;创业板;纳指;国债ETF,
2014-10-09,1170154.0044836332,0.0,1170154.0044836332,0.0,True,normal,-0.05857718732953047,0,,沪深300;创业板;纳指;国债ETF,
2014-10-10,1170154.0044836332,0.0,1170154.0044836332,0.0,True,normal,-0.05857718732953047,0,,沪深300;创业板;纳指;国债ETF,
2014-10-13,1170154.0044836332,0.0,1170154.0044836332,0.0,True,normal,-0.05857718732953047,0,,沪深300;创业板;国债ETF,
2014-10-14,1170154.0044836332,819107.8031385432,351046.20134509006,1.0,False,normal,-0.05857718732953047,3,沪深300;创业板;国债ETF,沪深300;创业板;国债ETF,
2014-10-15,1174555.7724131881,822189.0406892316,352366.73172395653,1.0,False,normal,-0.055035837448159174,3,沪深300;创业板;国债ETF,沪深300;创业板;国债ETF,
2014-10-16,1170732.15040011,819512.505280077,351219.64512003306,1.0,False,normal,-0.05811205218258563,3,沪深300;创业板;国债ETF,沪深300;创业板;国债ETF,
2014-10-17,1168030.6365896764,817621.4456127734,350409.19097690296,1.0,False,normal,-0.06028549834449395,3,沪深300;创业板;国债ETF,沪深300;创业板;国债ETF,
2014-10-20,1174341.1339823538,822038.7937876475,352302.34019470634,1.0,False,normal,-0.055208520286904275,3,沪深300;创业板;国债ETF,沪深300;创业板;国债ETF,
2014-10-21,1168080.1738421835,817656.1216895285,350424.0521526551,1.0,False,normal,-0.060245644189050665,3,沪深300;创业板;国债ETF,沪深300;创业板;国债ETF,
2014-10-22,1163338.9910983345,814337.293768834,349001.6973295006,1.0,False,normal,-0.06406006312621326,3,沪深300;创业板;国债ETF,沪深300;创业板;国债ETF,
2014-10-23,1155955.8369191964,809169.0858434374,346786.75107575906,1.0,False,normal,-0.07000002465868792,3,沪深300;创业板;国债ETF,沪深300;创业板;国债ETF,
2014-10-24,1156410.335333508,809487.2347334556,346923.1006000524,1.0,False,normal,-0.06963436751106804,3,沪深300;创业板;国债ETF,沪深300;创业板;国债ETF,
2014-10-27,1155903.6234474618,809132.536413223,346771.08703423874,1.0,False,normal,-0.07004203191006798,3,沪深300;创业板;国债ETF,沪深300;创业板;国债ETF,
2014-10-28,1167832.8077759922,817482.9654431945,350349.8423327977,1.0,False,normal,-0.06044465735902725,3,沪深300;创业板;国债ETF,沪深300;创业板;国债ETF,
2014-10-29,1173024.7979556988,821117.358568989,351907.4393867098,1.0,False,normal,-0.056267550773391316,3,沪深300;创业板;国债ETF,沪深300;创业板;国债ETF,
2014-10-30,1172977.7017323142,821084.3912126198,351893.31051969435,1.0,False,normal,-0.05630544105015404,3,沪深300;创业板;国债ETF,沪深300;创业板;国债ETF,
2014-10-31,1176873.9337396505,823811.7536177554,353062.18012189516,1.0,False,normal,-0.05317080947079889,4,沪深300;创业板;纳指;国债ETF,沪深300;创业板;纳指;国债ETF,
2014-11-03,1180953.1756838344,826667.222978684,354285.95270515035,1.0,False,normal,-0.04988894109283992,4,沪深300;创业板;纳指;国债ETF,沪深300;创业板;纳指;国债ETF,
2014-11-04,1179219.9234328968,825453.9464030277,353765.9770298691,1.0,False,normal,-0.05128339276577597,4,沪深300;创业板;纳指;国债ETF,沪深300;创业板;纳指;国债ETF,
2014-11-05,1178896.1294188735,825227.2905932113,353668.83882566215,1.0,False,normal,-0.05154389443499195,3,沪深300;创业板;国债ETF,沪深300;创业板;国债ETF,
2014-11-06,1182247.5839834884,827573.3087884418,354674.27519504656,1.0,False,normal,-0.04884755209828443,4,沪深300;创业板;纳指;国债ETF,沪深300;创业板;纳指;国债ETF,
2014-11-07,1181991.4386915024,827394.0070840516,354597.4316074508,1.0,False,normal,-0.049053628409872256,4,沪深300;创业板;纳指;国债ETF,沪深300;创业板;纳指;国债ETF,
2014-11-10,1188202.326255591,831741.6283789136,356460.69787667727,1.0,False,normal,-0.04405678934650094,4,沪深300;创业板;纳指;国债ETF,沪深300;创业板;纳指;国债ETF,
2014-11-11,1179516.1384192358,825661.2968934649,353854.84152577096,1.0,False,normal,-0.051045079223690164,3,沪深300;纳指;国债ETF,沪深300;纳指;国债ETF,
2014-11-12,1183256.1614280012,828279.3129996008,354976.84842840047,1.0,False,normal,-0.04803612231128961,3,沪深300;纳指;国债ETF,沪深300;纳指;国债ETF,
2014-11-13,1181507.593536562,827055.3154755933,354452.27806096873,1.0,False,normal,-0.049442895860921966,3,沪深300;纳指;国债ETF,沪深300;纳指;国债ETF,
2014-11-14,1181667.6666123518,827167.3666286462,354500.2999837056,1.0,False,normal,-0.049314112431847364,3,沪深300;纳指;国债ETF,沪深300;纳指;国债ETF,
2014-11-17,1180223.5504677389,826156.485327417,354067.06514032185,1.0,False,normal,-0.05047594572684535,3,沪深300;纳指;国债ETF,沪深300;纳指;国债ETF,
2014-11-18,1178263.5211442977,824784.4648010083,353479.0563432893,1.0,False,normal,-0.05205284612757925,4,沪深300;创业板;纳指;国债ETF,沪深300;创业板;纳指;国债ETF,
2014-11-19,1183001.3385991328,828100.937019393,354900.4015797399,1.0,False,normal,-0.04824113466296874,4,沪深300;创业板;纳指;国债ETF,沪深300;创业板;纳指;国债ETF,
2014-11-20,1179529.65543475,825670.758804325,353858.896630425,1.0,False,normal,-0.05103420439292812,3,沪深300;纳指;国债ETF,沪深300;纳指;国债ETF,
2014-11-21,1186093.9797369512,830265.7858158657,355828.19392108545,1.0,False,normal,-0.04575301522963814,4,沪深300;创业板;纳指;国债ETF,沪深300;创业板;纳指;国债ETF,
2014-11-24,1192379.531964243,834665.67237497,357713.8595892729,1.0,False,normal,-0.04069610628061878,4,沪深300;创业板;纳指;国债ETF,沪深300;创业板;纳指;国债ETF,
2014-11-25,1200484.664318514,840339.2650229598,360145.39929555426,1.0,False,normal,-0.034175292380236935,4,沪深300;创业板;纳指;国债ETF,沪深300;创业板;纳指;国债ETF,
2014-11-26,1205629.17523877,843940.422667139,361688.752571631,1.0,False,normal,-0.030036384234980913,4,沪深300;创业板;纳指;国债ETF,沪深300;创业板;纳指;国债ETF,
2014-11-27,1210477.7731862208,847334.4412303545,363143.3319558663,1.0,False,normal,-0.02613554665316904,4,沪深300;创业板;纳指;国债ETF,沪深300;创业板;纳指;国债ETF,
2014-11-28,1216442.8506999519,851509.9954899662,364932.85520998563,1.0,False,normal,-0.021336468899935887,4,沪深300;创业板;纳指;国债ETF,沪深300;创业板;纳指;国债ETF,
2014-12-01,1213964.4658703522,849775.1261092465,364189.3397611057,1.0,False,normal,-0.023330401329531868,4,沪深300;创业板;纳指;国债ETF,沪深300;创业板;纳指;国债ETF,
2014-12-02,1221298.865788469,854909.2060519283,366389.65973654075,1.0,False,normal,-0.01742966401315565,4,沪深300;创业板;纳指;国债ETF,沪深300;创业板;纳指;国债ETF,
2014-12-03,1230035.1207349193,861024.5845144435,369010.5362204758,1.0,False,normal,-0.010401093694736064,4,沪深300;创业板;纳指;国债ETF,沪深300;创业板;纳指;国债ETF,
2014-12-04,1245266.5310732059,871686.571751244,373579.95932196185,1.0,False,normal,0.0,4,沪深300;创业板;纳指;国债ETF,沪深300;创业板;纳指;国债ETF,
2014-12-05,1235226.3607885712,864658.4525519998,370567.90823657135,1.0,False,normal,-0.008062667737469654,4,沪深300;创业板;纳指;国债ETF,沪深300;创业板;纳指;国债ETF,
2014-12-08,1243734.2457304052,870613.9720112836,373120.2737191216,1.0,False,normal,-0.0012304878550619175,4,沪深300;创业板;纳指;国债ETF,沪深300;创业板;纳指;国债ETF,
2014-12-09,1221054.7442534268,854738.3209773987,366316.42327602813,0.7044440905019091,False,normal,-0.019443055936717964,3,沪深300;纳指;国债ETF,沪深300;纳指;国债ETF,
2014-12-10,1236258.4899166608,865380.9429416625,370877.5469749983,0.5183011408395098,False,normal,-0.00723382579694137,4,沪深300;创业板;纳指;黄金,沪深300;创业板;纳指;黄金,
2014-12-11,1228743.725305219,860120.6077136532,368623.1175915657,0.4280904162664208,False,normal,-0.01326848940021467,3,沪深300;创业板;纳指,沪深300;创业板;纳指,
2014-12-12,1234113.013006756,863879.1091047293,370233.9039020268,0.4410765774883542,False,normal,-0.008956731581661777,3,沪深300;创业板;纳指,沪深300;创业板;纳指,
2014-12-15,1240765.3924388315,868535.774707182,372229.61773164955,0.606284211696088,False,normal,-0.0036145985795467874,4,沪深300;创业板;纳指;国债ETF,沪深300;创业板;纳指;国债ETF,
2014-12-16,1244109.0242771015,870876.316993971,373232.7072831305,0.6251859404354254,False,normal,-0.0009295253403356113,4,沪深300;创业板;纳指;国债ETF,沪深300;创业板;纳指;国债ETF,
2014-12-17,1246379.1596226091,872465.4117358264,373913.74788678274,0.6448042067273938,False,normal,0.0,4,沪深300;创业板;纳指;国债ETF,沪深300;创业板;纳指;国债ETF,
2014-12-18,1248277.453026927,873794.2171188489,374483.23590807815,0.664931851178534,False,normal,0.0,4,沪深300;创业板;纳指;国债ETF,沪深300;创业板;纳指;国债ETF,
2014-12-19,1253231.9484798252,877262.3639358776,375969.5845439476,0.6842460171627007,False,normal,0.0,4,沪深300;创业板;纳指;国债ETF,沪深300;创业板;纳指;国债ETF,
2014-12-22,1240696.8937514927,868487.8256260448,372209.06812544796,0.7352791508421301,False,normal,-0.010002182551711602,3,沪深300;纳指;国债ETF,沪深300;纳指;国债ETF,
2014-12-23,1235979.6742033954,865185.7719423766,370793.90226101875,0.7357249757642453,False,normal,-0.013766226034499725,3,沪深300;纳指;国债ETF,沪深300;纳指;国债ETF,
2014-12-24,1227725.272266636,859407.6905866449,368317.581679991,0.7152035763764105,False,normal,-0.020352717822210764,3,沪深300;纳指;国债ETF,沪深300;纳指;国债ETF,
2014-12-25,1237983.5079091704,866588.4555364192,371395.0523727512,0.763103922392694,False,normal,-0.01216729320470263,5,沪深300;创业板;纳指;黄金;国债ETF,沪深300;创业板;纳指;黄金;国债ETF,
2014-12-26,1246070.143698356,872249.1005888493,373821.04310950683,0.837385767610382,False,normal,-0.005714668214576197,4,沪深300;纳指;黄金;国债ETF,沪深300;纳指;黄金;国债ETF,
2014-12-29,1248400.108506423,873880.075954496,374520.0325519269,0.6341686517321411,False,normal,-0.003855503348173695,3,沪深300;纳指;黄金,沪深300;纳指;黄金,
2014-12-30,1245598.4347401657,871918.9043181158,373679.5304220499,0.6463689027653255,False,normal,-0.006091062192373032,3,沪深300;纳指;黄金,沪深300;纳指;黄金,
2014-12-31,1254502.982884043,878152.0880188298,376350.8948652131,0.6555149094289229,False,normal,0.0,3,沪深300;纳指;黄金,沪深300;纳指;黄金,
2015-01-05,1258825.379598816,881177.765719171,377647.6138796449,0.6755755344855418,False,normal,0.0,3,沪深300;纳指;黄金,沪深300;纳指;黄金,
2015-01-06,1255521.841913146,878865.289339202,376656.552573944,0.5005816504328654,False,normal,-0.0026243017810165113,3,沪深300;创业板;黄金,沪深300;创业板;黄金,
2015-01-07,1251183.7525882942,875828.6268118059,375355.12577648833,0.5095851705082957,False,normal,-0.006070442441315472,3,沪深300;创业板;黄金,沪深300;创业板;黄金,
2015-01-08,1246897.4875211483,872828.2412648038,374069.2462563445,0.6879297078929091,False,normal,-0.009475414359272788,4,沪深300;创业板;纳指;黄金,沪深300;创业板;纳指;黄金,
2015-01-09,1250519.473523824,875363.6314666767,375155.8420571473,0.7081345010102497,False,normal,-0.006598139987961622,4,沪深300;创业板;纳指;黄金,沪深300;创业板;纳指;黄金,
2015-01-12,1255201.526585906,878641.0686101343,376560.45797577174,1.0,False,normal,-0.0028787575081023484,5,沪深300;创业板;纳指;黄金;国债ETF,沪深300;创业板;纳指;黄金;国债ETF,
2015-01-13,1255145.8857710962,878602.1200397674,376543.76573132887,0.7489028450766348,False,normal,-0.0029229580904162828,4,沪深300;创业板;黄金;国债ETF,沪深300;创业板;黄金;国债ETF,
2015-01-14,1252320.7273288718,876624.5091302103,375696.2181986616,0.7628670807282126,False,normal,-0.005167239535651162,4,沪深300;创业板;黄金;国债ETF,沪深300;创业板;黄金;国债ETF,
2015-01-15,1258549.8867710014,880984.9207397009,377564.9660313005,0.7779640840860941,False,normal,-0.00021884912099749435,4,沪深300;创业板;黄金;国债ETF,沪深300;创业板;黄金;国债ETF,
2015-01-16,1275007.0425072592,892504.9297550814,382502.11275217775,0.7203382692323846,False,normal,0.0,4,沪深300;创业板;黄金;国债ETF,沪深300;创业板;黄金;国债ETF,
2015-01-19,1255917.931362298,879142.5519536086,376775.37940868945,0.6008863075726901,False,normal,-0.014971769181308195,4,沪深300;创业板;黄金;国债ETF,沪深300;创业板;黄金;国债ETF,
2015-01-20,1272776.9491388611,890943.8643972027,381833.0847416584,0.5751777004516798,False,normal,-0.0017490831768369065,4,沪深300;创业板;黄金;国债ETF,沪深300;创业板;黄金;国债ETF,
2015-01-21,1288938.5389403095,902256.9772582166,386681.56168209296,0.5617552843283361,False,normal,0.0,4,沪深300;创业板;黄金;国债ETF,沪深300;创业板;黄金;国债ETF,
2015-01-22,1288740.5412147031,902118.3788502922,386622.16236441093,0.5774095939408342,False,normal,-0.00015361300762192475,4,沪深300;创业板;黄金;国债ETF,沪深300;创业板;黄金;国债ETF,
2015-01-23,1285467.206738732,899827.0447171124,385640.1620216196,0.5882028871335881,False,normal,-0.0026931712387399153,4,沪深300;创业板;黄金;国债ETF,沪深300;创业板;黄金;国债ETF,
2015-01-26,1294650.6952721635,906255.4866905144,388395.2085816491,0.5986697768402907,False,normal,0.0,4,沪深300;创业板;黄金;国债ETF,沪深300;创业板;黄金;国债ETF,
2015-01-27,1291125.2082125307,903787.6457487715,387337.5624637592,0.6088658790651588,False,normal,-0.0027231183457493515,4,沪深300;创业板;黄金;国债ETF,沪深300;创业板;黄金;国债ETF,
2015-01-28,1285464.5118791594,899825.1583154115,385639.35356374783,0.6135460372360992,False,normal,-0.007095491800645875,4,沪深300;创业板;黄金;国债ETF,沪深300;创业板;黄金;国债ETF,
2015-01-29,1279463.5393091533,895624.4775164073,383839.06179274607,0.6185675011206047,False,normal,-0.011730697722923237,4,沪深300;创业板;黄金;国债ETF,沪深300;创业板;黄金;国债ETF,
2015-01-30,1268232.4281910076,887762.6997337053,380469.7284573023,0.6026652378039336,False,normal,-0.020405710341508152,4,沪深300;创业板;黄金;国债ETF,沪深300;创业板;黄金;国债ETF,
2015-02-02,1269570.0216813448,888699.0151769413,380871.00650440354,0.6215671905272356,False,normal,-0.01937254093510231,4,沪深300;创业板;黄金;国债ETF,沪深300;创业板;黄金;国债ETF,
2015-02-03,1282765.6344271135,897935.9440989794,384829.6903281341,0.6087069646778756,False,normal,-0.0091801293495243,4,沪深300;创业板;黄金;国债ETF,沪深300;创业板;黄金;国债ETF,
2015-02-04,1278777.8640736407,895144.5048515486,383633.3592220921,0.7405959231959685,False,normal,-0.012260319525944417,5,沪深300;创业板;纳指;黄金;国债ETF,沪深300;创业板;纳指;黄金;国债ETF,
2015-02-05,1278633.9279487864,895043.7495641505,383590.17838463595,0.6404559255195243,False,normal,-0.012371497101007625,4,沪深300;创业板;黄金;国债ETF,沪深300;创业板;黄金;国债ETF,
2015-02-06,1268845.385229292,888191.7696605045,380653.61556878756,0.7637883603270716,False,normal,-0.019932256736977662,5,沪深300;创业板;纳指;黄金;国债ETF,沪深300;创业板;纳指;黄金;国债ETF,
2015-02-09,1263472.1873832957,884430.5311683071,379041.6562149887,0.7722887545827717,False,normal,-0.02408256373918168,5,沪深300;创业板;纳指;黄金;国债ETF,沪深300;创业板;纳指;黄金;国债ETF,
2015-02-10,1270176.7044113402,889123.6930879381,381053.01132340205,0.7783668381732486,False,normal,-0.018903933663495503,5,沪深300;创业板;纳指;黄金;国债ETF,沪深300;创业板;纳指;黄金;国债ETF,
2015-02-11,1275990.6884136125,893193.4818895288,382797.20652408374,0.7906082312670913,False,normal,-0.014413159415658605,5,沪深300;创业板;纳指;黄金;国债ETF,沪深300;创业板;纳指;黄金;国债ETF,
2015-02-12,1278021.4435009921,894615.0104506945,383406.43305029767,0.8148664471527314,False,normal,-0.012844585672334975,5,沪深300;创业板;纳指;黄金;国债ETF,沪深300;创业板;纳指;黄金;国债ETF,
2015-02-13,1288315.659238867,901820.961467207,386494.69777166005,0.798884896580049,False,normal,-0.004893239586886972,5,沪深300;创业板;纳指;黄金;国债ETF,沪深300;创业板;纳指;黄金;国债ETF,
2015-02-16,1298593.4223013117,909015.3956109182,389578.02669039357,0.7901909542737485,False,normal,0.0,5,沪深300;创业板;纳指;黄金;国债ETF,沪深300;创业板;纳指;黄金;国债ETF,
2015-02-17,1299118.9118852876,909383.2383197013,389735.67356558633,0.8138873458115499,False,normal,0.0,5,沪深300;创业板;纳指;黄金;国债ETF,沪深300;创业板;纳指;黄金;国债ETF,
2015-02-25,1294674.875171066,906272.4126197462,388402.46255131986,0.8189566913840249,False,normal,-0.003420808267483672,5,沪深300;创业板;纳指;黄金;国债ETF,沪深300;创业板;纳指;黄金;国债ETF,
2015-02-26,1299940.7174467617,909958.5022127331,389982.2152340285,0.8380342455615771,False,normal,0.0,5,沪深300;创业板;纳指;黄金;国债ETF,沪深300;创业板;纳指;黄金;国债ETF,
2015-02-27,1305241.0008230018,913668.7005761012,391572.30024690065,0.8579467591739404,False,normal,0.0,5,沪深300;创业板;纳指;黄金;国债ETF,沪深300;创业板;纳指;黄金;国债ETF,
2015-03-02,1312990.6613454225,919093.4629417957,393897.1984036268,0.8666870342181757,False,normal,0.0,5,沪深300;创业板;纳指;黄金;国债ETF,沪深300;创业板;纳指;黄金;国债ETF,
2015-03-03,1306362.0909202315,914453.463644162,391908.6272760695,0.8477167526845081,False,normal,-0.005048452072308467,5,沪深300;创业板;纳指;黄金;国债ETF,沪深300;创业板;纳指;黄金;国债ETF,
2015-03-04,1312211.6451321424,918548.1515924996,393663.4935396428,0.8656750794920784,False,normal,-0.0005933143595110496,5,沪深300;创业板;纳指;黄金;国债ETF,沪深300;创业板;纳指;黄金;国债ETF,
2015-03-05,1308023.0362189577,915616.1253532703,392406.9108656874,1.0,False,normal,-0.003783442847471915,4,创业板;纳指;黄金;国债ETF,创业板;纳指;黄金;国债ETF,
2015-03-06,1301107.1607745714,910775.0125421999,390332.14823237143,1.0,False,normal,-0.009050712179989241,4,创业板;纳指;黄金;国债ETF,创业板;纳指;黄金;国债ETF,
2015-03-09,1299209.031368277,909446.3219577939,389762.70941048313,1.0,False,normal,-0.010496365574316742,3,创业板;纳指;国债ETF,创业板;纳指;国债ETF,
2015-03-10,1306130.9847991976,914291.6893594381,391839.2954397595,1.0,False,normal,-0.005224467125452167,3,创业板;纳指;国债ETF,创业板;纳指;国债ETF,
2015-03-11,1300825.8212721338,910578.0748904936,390247.7463816402,1.0,False,normal,-0.009264985983086376,3,创业板;纳指;国债ETF,创业板;纳指;国债ETF,
2015-03-12,1297311.480351437,908118.0362460059,389193.4441054312,0.8131182359171031,False,normal,-0.011941578455644853,4,沪深300;创业板;纳指;国债ETF,沪深300;创业板;纳指;国债ETF,
2015-03-13,1305598.184741382,913918.7293189673,391679.4554224147,0.818560793753247,False,normal,-0.005630258326792213,4,沪深300;创业板;纳指;国债ETF,沪深300;创业板;纳指;国债ETF,
2015-03-16,1318521.0963759176,922964.7674631422,395556.3289127754,0.7926959015255675,False,normal,0.0,4,沪深300;创业板;纳指;国债ETF,沪深300;创业板;纳指;国债ETF,
2015-03-17,1322967.4350140165,926077.2045098115,396890.230504205,0.8164932232914646,False,normal,0.0,4,沪深300;创业板;纳指;国债ETF,沪深300;创业板;纳指;国债ETF,
2015-03-18,1334080.2623933938,933856.1836753755,400224.07871801825,0.8120215972142217,False,normal,0.0,4,沪深300;创业板;纳指;国债ETF,沪深300;创业板;纳指;国债ETF,
2015-03-19,1334853.4894981415,934397.4426486989,400456.04684944253,0.834043565089683,False,normal,0.0,4,沪深300;创业板;纳指;国债ETF,沪深300;创业板;纳指;国债ETF,
2015-03-20,1341495.1675720005,939046.6173004003,402448.55027160025,0.854705454438117,False,normal,0.0,4,沪深300;创业板;纳指;国债ETF,沪深300;创业板;纳指;国债ETF,
2015-03-23,1356187.7853926057,949331.449774824,406856.33561778173,0.8218876619350124,False,normal,0.0,4,沪深300;创业板;纳指;国债ETF,沪深300;创业板;纳指;国债ETF,
2015-03-24,1362828.0041335018,953979.6028934512,408848.40124005056,0.8451638876904071,False,normal,0.0,4,沪深300;创业板;纳指;国债ETF,沪深300;创业板;纳指;国债ETF,
2015-03-25,1363299.0700823932,954309.3490576752,408989.721024718,0.8638683388521784,False,normal,0.0,4,沪深300;创业板;纳指;国债ETF,沪深300;创业板;纳指;国债ETF,
2015-03-26,1349766.363105269,944836.4541736882,404929.9089315807,0.753460273739808,False,normal,-0.009926440407757671,4,沪深300;创业板;纳指;国债ETF,沪深300;创业板;纳指;国债ETF,
2015-03-27,1355488.2972242273,948841.8080569591,406646.4891672683,0.7745510800810954,False,normal,-0.005729317234621048,4,沪深300;创业板;纳指;国债ETF,沪深300;创业板;纳指;国债ETF,
2015-03-30,1357053.8715365953,949937.7100756166,407116.1614609787,0.5948497492980106,False,normal,-0.004580945357367934,3,沪深300;创业板;纳指,沪深300;创业板;纳指,
2015-03-31,1362460.659738037,953722.4618166259,408738.19792141113,0.6133296183117432,False,normal,-0.0006149863685490041,3,沪深300;创业板;纳指,沪深300;创业板;纳指,
2015-04-01,1369731.2958671376,958811.9071069962,410919.38876014145,0.6310328423185303,False,normal,0.0,3,沪深300;创业板;纳指,沪深300;创业板;纳指,
2015-04-02,1378747.2591249938,965123.0813874956,413624.1777374982,0.8629101912621028,False,normal,0.0,4,沪深300;创业板;纳指;国债ETF,沪深300;创业板;纳指;国债ETF,
2015-04-03,1385287.6179947676,969701.3325963373,415586.2853984303,1.0,False,normal,0.0,4,沪深300;创业板;纳指;国债ETF,沪深300;创业板;纳指;国债ETF,
2015-04-07,1394822.6281007312,976375.8396705118,418446.7884302194,0.6697872705765643,False,normal,0.0,3,沪深300;创业板;纳指,沪深300;创业板;纳指,
2015-04-08,1388149.4864297877,971704.6405008512,416444.8459289365,0.656124884577784,False,normal,-0.004784222406851827,3,沪深300;创业板;纳指,沪深300;创业板;纳指,
2015-04-09,1399295.673202067,979506.9712414467,419788.70196062024,0.6681901818484419,False,normal,0.0,3,沪深300;创业板;纳指,沪深300;创业板;纳指,
2015-04-10,1403668.628472542,982568.0399307793,421100.58854176267,0.6889529652925572,False,normal,0.0,3,沪深300;创业板;纳指,沪深300;创业板;纳指,
2015-04-13,1412760.3673845753,988932.2571692026,423828.11021537276,0.7066963058805206,False,normal,0.0,3,沪深300;创业板;纳指,沪深300;创业板;纳指,
2015-04-14,1410278.8424448245,987195.189711377,423083.6527334475,0.7118684972279365,False,normal,-0.001756508037059959,3,沪深300;创业板;纳指,沪深300;创业板;纳指,
2015-04-15,1393603.6159084102,975522.5311358869,418081.08477252326,0.6250457927349152,False,normal,-0.013559802439552989,3,沪深300;创业板;纳指,沪深300;创业板;纳指,
2015-04-16,1412573.501200993,988801.450840695,423772.05036029813,0.6031690459931819,False,normal,-0.00013227026174875687,3,沪深300;创业板;纳指,沪深300;创业板;纳指,
2015-04-17,1417070.8795587518,991949.6156911261,425121.26386762573,0.6221192623145227,False,normal,0.0,3,沪深300;创业板;纳指,沪深300;创业板;纳指,
2015-04-20,1397826.9301555,978478.85110885,419348.0790466501,0.40187172627589185,False,normal,-0.01358008952187624,2,沪深300;创业板,沪深300;创业板,
2015-04-21,1445747.1812352599,1012023.0268646819,433724.154370578,0.34538156437352696,False,normal,0.0,2,沪深300;创业板,沪深300;创业板,
2015-04-22,1465218.8899745063,1025653.2229821542,439565.6669923521,0.5243853744844642,False,normal,0.0,3,沪深300;创业板;国债ETF,沪深300;创业板;国债ETF,
2015-04-23,1474543.831723102,1032180.6822061711,442363.1495169308,0.5396636474971975,False,normal,0.0,3,沪深300;创业板;国债ETF,沪深300;创业板;国债ETF,
2015-04-24,1478922.800360083,1035245.960252058,443676.8401080251,0.5080614615503395,False,normal,0.0,3,沪深300;创业板;纳指,沪深300;创业板;纳指,
2015-04-27,1490255.7770822563,1043179.0439575793,447076.733124677,0.6926108468381486,False,normal,0.0,4,沪深300;创业板;纳指;国债ETF,沪深300;创业板;纳指;国债ETF,
2015-04-28,1478807.43895854,1035165.2072709779,443642.2316875622,0.5465309439581432,False,normal,-0.007682129671814235,3,沪深300;创业板;国债ETF,沪深300;创业板;国债ETF,
2015-04-29,1499538.0519402316,1049676.636358162,449861.41558206966,0.5379783843417216,False,normal,0.0,3,沪深300;创业板;国债ETF,沪深300;创业板;国债ETF,
2015-04-30,1502441.6363804126,1051709.1454662888,450732.49091412383,0.6696961391565677,False,normal,0.0,4,沪深300;创业板;纳指;国债ETF,沪深300;创业板;纳指;国债ETF,
2015-05-04,1502158.6536152598,1051511.0575306818,450647.59608457796,0.5670179917862846,False,normal,-0.00018834859092068412,3,沪深300;创业板;国债ETF,沪深300;创业板;国债ETF,
2015-05-05,1479745.9378914423,1035822.1565240095,443923.7813674328,0.6205963035997172,False,normal,-0.015105876953495065,4,沪深300;创业板;纳指;国债ETF,沪深300;创业板;纳指;国债ETF,
2015-05-06,1479249.501854124,1035474.6512978867,443774.8505562373,0.6872625587841233,False,normal,-0.015436296468834309,4,沪深300;创业板;黄金;国债ETF,沪深300;创业板;黄金;国债ETF,
2015-05-07,1467602.4158195802,1027321.691073706,440280.7247458742,0.6318640494836644,False,normal,-0.02318840194336258,4,沪深300;创业板;纳指;国债ETF,沪深300;创业板;纳指;国债ETF,
2015-05-08,1495045.0559943942,1046531.5391960759,448513.51679831836,0.5612992011207174,False,normal,-0.004923040074846271,4,沪深300;创业板;纳指;国债ETF,沪深300;创业板;纳指;国债ETF,
2015-05-11,1519437.646920968,1063606.3528446779,455831.2940762902,0.6458204683986182,False,normal,0.0,5,沪深300;创业板;纳指;黄金;国债ETF,沪深300;创业板;纳指;黄金;国债ETF,
2015-05-12,1526695.3695820638,1068686.7587074446,458008.6108746191,0.6639869289302539,False,normal,0.0,5,沪深300;创业板;纳指;黄金;国债ETF,沪深300;创业板;纳指;黄金;国债ETF,
2015-05-13,1518536.6336279074,1062975.6435395353,455560.990088372,0.6566115580369093,False,normal,-0.005344049714639437,5,沪深300;创业板;纳指;黄金;国债ETF,沪深300;创业板;纳指;黄金;国债ETF,
2015-05-14,1520613.312743401,0.0,1520613.312743401,0.0,True,normal,-0.003983805125660272,0,,沪深300;创业板;纳指;黄金;国债ETF,
2015-05-15,1520613.312743401,0.0,1520613.312743401,0.0,True,normal,-0.003983805125660272,0,,沪深300;创业板;纳指;黄金;国债ETF,
2015-05-18,1520613.312743401,0.0,1520613.312743401,0.0,True,normal,-0.003983805125660272,0,,沪深300;创业板;纳指;黄金;国债ETF,
2015-05-19,1520613.312743401,0.0,1520613.312743401,0.0,True,normal,-0.003983805125660272,0,,沪深300;创业板;纳指;黄金;国债ETF,
2015-05-20,1520613.312743401,0.0,1520613.312743401,0.0,True,normal,-0.003983805125660272,0,,沪深300;创业板;黄金;国债ETF,
2015-05-21,1520613.312743401,0.0,1520613.312743401,0.0,True,normal,-0.003983805125660272,0,,沪深300;创业板;黄金;国债ETF,
2015-05-22,1520613.312743401,0.0,1520613.312743401,0.0,True,normal,-0.003983805125660272,0,,沪深300;创业板;纳指;黄金;国债ETF,
2015-05-25,1520613.312743401,0.0,1520613.312743401,0.0,True,normal,-0.003983805125660272,0,,沪深300;创业板;纳指;黄金;国债ETF,
2015-05-26,1520613.312743401,0.0,1520613.312743401,0.0,True,normal,-0.003983805125660272,0,,沪深300;创业板;纳指;黄金;国债ETF,
2015-05-27,1520613.312743401,0.0,1520613.312743401,0.0,True,normal,-0.003983805125660272,0,,沪深300;创业板;纳指;黄金;国债ETF,
2015-05-28,1520613.312743401,0.0,1520613.312743401,0.0,True,normal,-0.003983805125660272,0,,沪深300;创业板;纳指;黄金;国债ETF,
2015-05-29,1520613.312743401,0.0,1520613.312743401,0.0,True,normal,-0.003983805125660272,0,,沪深300;创业板;纳指;国债ETF,
2015-06-01,1520613.312743401,0.0,1520613.312743401,0.0,True,normal,-0.003983805125660272,0,,沪深300;创业板;纳指;国债ETF,
2015-06-02,1520613.312743401,0.0,1520613.312743401,0.0,True,normal,-0.003983805125660272,0,,沪深300;创业板;纳指;国债ETF,
2015-06-03,1520613.312743401,1064429.3189203807,456183.99382302025,0.526578840681487,False,normal,-0.003983805125660272,4,沪深300;创业板;纳指;国债ETF,沪深300;创业板;纳指;国债ETF,
2015-06-04,1522225.1317465971,1065557.592222618,456667.5395239792,0.5418772902579283,False,normal,-0.0029280483353338305,4,沪深300;创业板;纳指;国债ETF,沪深300;创业板;纳指;国债ETF,
2015-06-05,1519947.9134145835,1063963.5393902084,455984.3740243751,0.55332063891725,False,normal,-0.0044196480201072075,4,沪深300;创业板;纳指;国债ETF,沪深300;创业板;纳指;国债ETF,
2015-06-08,1513417.613599594,1059392.3295197156,454025.28407987836,0.5562122066182578,False,normal,-0.00869705656217755,4,沪深300;创业板;纳指;国债ETF,沪深300;创业板;纳指;国债ETF,
2015-06-09,1508587.6564653583,1056011.3595257509,452576.2969396075,0.5650285598342456,False,normal,-0.01186072446244626,4,沪深300;创业板;纳指;国债ETF,沪深300;创业板;纳指;国债ETF,
2015-06-10,1518309.136346156,1062816.395442309,455492.7409038469,0.7137202592545691,False,normal,-0.005493062599779477,5,沪深300;创业板;纳指;黄金;国债ETF,沪深300;创业板;纳指;黄金;国债ETF,
2015-06-11,1519962.8125004978,1063973.9687503483,455988.8437501495,0.5956707914137636,False,normal,-0.004409888977005945,4,沪深300;创业板;纳指;国债ETF,沪深300;创业板;纳指;国债ETF,
2015-06-12,1524368.5868898719,1067058.0108229103,457310.5760669615,0.6142856817982062,False,normal,-0.0015240648125033952,4,沪深300;创业板;纳指;国债ETF,沪深300;创业板;纳指;国债ETF,
2015-06-15,1502386.641759005,1051670.6492313035,450715.9925277014,0.4110188246265726,False,normal,-0.01592244812382801,3,沪深300;创业板;纳指,沪深300;创业板;纳指,
2015-06-16,1480742.3533370038,1036519.6473359027,444222.7060011012,0.3968157082853883,False,normal,-0.030099663076622575,3,沪深300;创业板;纳指,沪深300;创业板;纳指,
2015-06-17,1499458.8600565111,0.0,1499458.8600565111,0.0,True,normal,-0.017840173009110966,0,,沪深300;创业板;纳指,
2015-06-18,1499458.8600565111,0.0,1499458.8600565111,0.0,True,normal,-0.017840173009110966,0,,沪深300;创业板;纳指,
2015-06-19,1499458.8600565111,0.0,1499458.8600565111,0.0,True,normal,-0.017840173009110966,0,,创业板,
2015-06-23,1499458.8600565111,0.0,1499458.8600565111,0.0,True,normal,-0.017840173009110966,0,,创业板;纳指,
2015-06-24,1499458.8600565111,0.0,1499458.8600565111,0.0,True,normal,-0.017840173009110966,0,,沪深300;创业板;纳指,
2015-06-25,1499458.8600565111,0.0,1499458.8600565111,0.0,True,normal,-0.017840173009110966,0,,创业板;纳指,
2015-06-26,1499458.8600565111,0.0,1499458.8600565111,0.0,True,normal,-0.017840173009110966,0,,创业板;纳指,
2015-06-29,1499458.8600565111,0.0,1499458.8600565111,0.0,True,normal,-0.017840173009110966,0,,,
2015-06-30,1499458.8600565111,0.0,1499458.8600565111,0.0,True,normal,-0.017840173009110966,0,,创业板,
2015-07-01,1499458.8600565111,0.0,1499458.8600565111,0.0,True,normal,-0.017840173009110966,0,,纳指,
2015-07-02,1499458.8600565111,0.0,1499458.8600565111,0.0,True,normal,-0.017840173009110966,0,,纳指,
2015-07-03,1499458.8600565111,0.0,1499458.8600565111,0.0,True,normal,-0.017840173009110966,0,,,
2015-07-06,1499458.8600565111,0.0,1499458.8600565111,0.0,True,normal,-0.017840173009110966,0,,,
2015-07-07,1499458.8600565111,0.0,1499458.8600565111,0.0,True,normal,-0.017840173009110966,0,,国债ETF,
2015-07-08,1499458.8600565111,0.0,1499458.8600565111,0.0,True,normal,-0.017840173009110966,0,,国债ETF,
2015-07-09,1499458.8600565111,1049621.2020395577,449837.6580169534,1.0,False,normal,-0.017840173009110966,1,国债ETF,国债ETF,
2015-07-10,1493501.5847883238,0.0,1493501.5847883238,1.0,False,normal,-0.021742245018288604,0,,,
2015-07-13,1493501.5847883238,0.0,1493501.5847883238,1.0,False,normal,-0.021742245018288604,0,,,
2015-07-14,1493501.5847883238,0.0,1493501.5847883238,1.0,False,normal,-0.021742245018288604,0,,,
2015-07-15,1493501.5847883238,1045451.1093518266,448050.47543649725,1.0,False,normal,-0.021742245018288604,2,纳指;国债ETF,纳指;国债ETF,
2015-07-16,1488039.495286016,1041627.6467002111,446411.8485858049,1.0,False,normal,-0.02531996563704117,1,国债ETF,国债ETF,
2015-07-17,1494845.31077187,1046391.717540309,448453.593231561,1.0,False,normal,-0.020862091707864953,2,纳指;国债ETF,纳指;国债ETF,
2015-07-20,1505567.956041804,1053897.5692292629,451670.38681254117,1.0,False,normal,-0.013838656985016845,2,纳指;国债ETF,纳指;国债ETF,
2015-07-21,1511309.0547538707,1057916.3383277094,453392.71642616135,1.0,False,normal,-0.010078182677926826,2,纳指;国债ETF,纳指;国债ETF,
2015-07-22,1504850.8285440805,1053395.5799808563,451455.2485632242,1.0,False,normal,-0.014308382322508289,2,纳指;国债ETF,纳指;国债ETF,
2015-07-23,1506550.9200173058,1054585.644012114,451965.2760051917,1.0,False,normal,-0.01319480622402921,2,纳指;国债ETF,纳指;国债ETF,
2015-07-24,1500381.6460015757,1050267.152201103,450114.4938004727,1.0,False,normal,-0.017235739430906536,2,纳指;国债ETF,纳指;国债ETF,
2015-07-27,1493642.6999293533,1045549.8899505473,448092.80997880606,1.0,False,normal,-0.021649813257610572,2,纳指;国债ETF,纳指;国债ETF,
2015-07-28,1492850.394983782,1044995.2764886473,447855.11849513464,1.0,False,normal,-0.022168780539071734,2,纳指;国债ETF,纳指;国债ETF,
2015-07-29,1504107.223239484,1052875.0562676387,451232.1669718453,1.0,False,normal,-0.014795450875549126,2,纳指;国债ETF,纳指;国债ETF,
2015-07-30,1509279.1116107618,1056495.3781275332,452783.7334832286,1.0,False,normal,-0.011407814760104792,2,纳指;国债ETF,纳指;国债ETF,
2015-07-31,1510944.6916581905,1057661.2841607332,453283.4074974572,1.0,False,normal,-0.010316843974043808,2,纳指;国债ETF,纳指;国债ETF,
2015-08-03,1512679.0217039653,1058875.3151927756,453803.7065111897,1.0,False,normal,-0.009180841284620843,2,纳指;国债ETF,纳指;国债ETF,
2015-08-04,1505758.067249981,1054030.6470749867,451727.4201749943,1.0,False,normal,-0.013714132333953693,2,纳指;国债ETF,纳指;国债ETF,
2015-08-05,1503793.041619919,1052655.1291339432,451137.9124859758,1.0,False,normal,-0.015001242827122943,2,纳指;国债ETF,纳指;国债ETF,
2015-08-06,1511066.5860460654,1057746.6102322456,453319.9758138198,1.0,False,normal,-0.010237001989648222,2,纳指;国债ETF,纳指;国债ETF,
2015-08-07,1503390.1164275089,1052373.0814992562,451017.0349282527,1.0,False,normal,-0.015265162663678436,2,纳指;国债ETF,纳指;国债ETF,
2015-08-10,1500803.7867972467,1050562.6507580725,450241.13603917416,1.0,False,normal,-0.016959233191297992,2,纳指;国债ETF,纳指;国债ETF,
2015-08-11,1526553.2013413203,1068587.2409389243,457965.96040239604,0.7746283063336095,False,normal,-9.312155101536417e-05,2,纳指;国债ETF,纳指;国债ETF,
2015-08-12,1514247.17217291,1059973.020521037,454274.151651873,0.7402425792571937,False,normal,-0.008153687799918726,2,纳指;国债ETF,纳指;国债ETF,
2015-08-13,1518889.7773176122,1063222.8441223286,455666.93319528364,0.7600307853661876,False,normal,-0.005112737236236166,2,纳指;国债ETF,纳指;国债ETF,
2015-08-14,1521399.0505190582,1064979.3353633408,456419.71515571745,0.7834810843036588,False,normal,-0.0034691394030070205,2,纳指;国债ETF,纳指;国债ETF,
2015-08-17,1521443.7276732042,1065010.6093712428,456433.11830196134,0.8075029240264114,False,normal,-0.0034398754417505374,2,纳指;国债ETF,纳指;国债ETF,
2015-08-18,1526395.7659790427,1068477.0361853298,457918.72979371296,0.8282161587602946,False,normal,-0.00019624321196639645,2,纳指;国债ETF,纳指;国债ETF,
2015-08-19,1520271.8532593148,1064190.2972815202,456081.5559777946,0.8321984334898018,False,normal,-0.004207464338158974,2,纳指;国债ETF,纳指;国债ETF,
2015-08-20,1513040.5515921798,1059128.3861145258,453912.16547765397,0.8320219288010852,False,normal,-0.008944035766363777,2,纳指;国债ETF,纳指;国债ETF,
2015-08-21,1495946.126561154,1047162.2885928077,448783.8379683462,1.0,False,normal,-0.020141046886994564,3,纳指;黄金;国债ETF,纳指;黄金;国债ETF,
2015-08-24,1468892.0405353738,1028224.4283747616,440667.61216061225,1.0,False,normal,-0.037861730767228104,2,黄金;国债ETF,黄金;国债ETF,
2015-08-25,1466642.602906709,1026649.8220346962,439992.78087201284,1.0,False,normal,-0.03933513382685785,2,黄金;国债ETF,黄金;国债ETF,
2015-08-26,1462999.1650216416,1024099.4155151491,438899.7495064925,1.0,False,normal,-0.041721620324203304,2,黄金;国债ETF,黄金;国债ETF,
2015-08-27,1458430.3707829346,1020901.2595480542,437529.1112348804,0.7270405098739279,False,normal,-0.04471422404183806,3,纳指;黄金;国债ETF,纳指;黄金;国债ETF,
2015-08-28,1468046.4764393885,1027632.5335075718,440413.9429318167,0.7243033731042986,False,normal,-0.038415583299195144,3,纳指;黄金;国债ETF,纳指;黄金;国债ETF,
2015-08-31,1466888.5860035447,1026822.0102024812,440066.57580106356,0.7463421028849102,False,normal,-0.03917401255686735,3,纳指;黄金;国债ETF,纳指;黄金;国债ETF,
2015-09-01,1460436.4735213486,1022305.5314649439,438130.94205640466,0.7554025105307853,False,normal,-0.04340020765167692,3,纳指;黄金;国债ETF,纳指;黄金;国债ETF,
2015-09-02,1460194.31831213,1022136.0228184909,438058.2954936391,0.779129778541109,False,normal,-0.043558821618839796,3,纳指;黄金;国债ETF,纳指;黄金;国债ETF,
2015-09-07,1452477.4273700684,1016734.1991590478,435743.2282110206,0.7835813295983362,False,normal,-0.04861345864454458,3,纳指;黄金;国债ETF,纳指;黄金;国债ETF,
2015-09-08,1459623.2273322353,1021736.2591325646,437886.96819967066,0.5381684050190471,False,normal,-0.043932891647001975,2,纳指;国债ETF,纳指;国债ETF,
2015-09-09,1463603.9020435428,1024522.7314304798,439081.17061306303,0.8066227228098106,False,normal,-0.041325511818243316,3,纳指;黄金;国债ETF,纳指;黄金;国债ETF,
2015-09-10,1452202.8224974554,1016541.9757482187,435660.8467492367,1.0,False,normal,-0.048793327450125726,1,国债ETF,国债ETF,
2015-09-11,1449990.7071790914,1014993.4950253639,434997.21215372754,0.5646718053381489,False,normal,-0.050242284041229796,2,纳指;国债ETF,纳指;国债ETF,
2015-09-14,1450119.0579306483,0.0,1450119.0579306483,1.0,False,normal,-0.0501582130771631,0,,,
2015-09-15,1450119.0579306483,1015083.3405514538,435035.71737919457,1.0,False,normal,-0.0501582130771631,2,黄金;国债ETF,黄金;国债ETF,
2015-09-16,1449320.1744735674,1014524.1221314971,434796.05234207027,1.0,False,normal,-0.050681489346285226,2,黄金;国债ETF,黄金;国债ETF,
2015-09-17,1455426.8890109737,1018798.8223076815,436628.0667032922,1.0,False,normal,-0.04668153319322631,2,黄金;国债ETF,黄金;国债ETF,
2015-09-18,1458234.0509005077,1020763.8356303553,437470.21527015243,0.6850310172320381,False,normal,-0.04484281543363656,1,黄金,黄金,
2015-09-21,1471004.6079467891,1029703.2255627523,441301.3823840368,1.0,False,normal,-0.03647797900279222,2,黄金;国债ETF,黄金;国债ETF,
2015-09-22,1467591.4458344595,1027314.0120841216,440277.4337503379,1.0,False,normal,-0.03871363267695249,2,黄金;国债ETF,黄金;国债ETF,
2015-09-23,1466126.1376810805,1026288.2963767563,439837.8413043242,0.7004036919933994,False,normal,-0.0396734234659821,1,黄金,黄金,
2015-09-24,1474068.1795275041,1031847.7256692528,442220.45385825133,0.7090459220847735,False,normal,-0.03447131045466289,1,黄金,黄金,
2015-09-25,1480671.300638869,1036469.9104472082,444201.3901916607,1.0,False,normal,-0.030146203270266028,2,黄金;国债ETF,黄金;国债ETF,
2015-09-28,1477705.803763246,1034394.062634272,443311.7411289739,1.0,False,normal,-0.03208863195296703,2,黄金;国债ETF,黄金;国债ETF,
2015-09-29,1471479.928132494,1030035.9496927457,441443.9784397483,1.0,False,normal,-0.03616663975648601,2,黄金;国债ETF,黄金;国债ETF,
2015-09-30,1472724.3803492417,1030907.0662444691,441817.3141047725,1.0,False,normal,-0.03535151170832251,2,黄金;国债ETF,黄金;国债ETF,
2015-10-08,1479321.3730423818,1035524.9611296672,443796.4119127146,1.0,False,normal,-0.031030418696200445,2,黄金;国债ETF,黄金;国债ETF,
2015-10-09,1476775.5987178346,1033742.9191024841,443032.67961535044,0.7159844124972077,False,normal,-0.0326979251125225,1,黄金,黄金,
2015-10-12,1487772.8638146694,1041441.0046702685,446331.8591444009,0.7129755589541344,False,normal,-0.0254946117888924,1,黄金,黄金,
2015-10-13,1481633.8431555605,1037143.6902088923,444490.1529466682,0.7204427718146846,False,normal,-0.029515728759195028,1,黄金,黄金,
2015-10-14,1497447.9782032182,1048213.5847422527,449234.3934609655,1.0,False,normal,-0.019157319765011203,2,黄金;国债ETF,黄金;国债ETF,
2015-10-15,1498804.5883497924,0.0,1498804.5883497924,0.0,True,normal,-0.01826872720515718,0,,黄金,
2015-10-16,1498804.5883497924,0.0,1498804.5883497924,0.0,True,normal,-0.01826872720515718,0,,黄金,
2015-10-19,1498804.5883497924,0.0,1498804.5883497924,0.0,True,normal,-0.01826872720515718,0,,黄金,
2015-10-20,1498804.5883497924,0.0,1498804.5883497924,0.0,True,normal,-0.01826872720515718,0,,黄金;国债ETF,
2015-10-21,1498804.5883497924,0.0,1498804.5883497924,0.0,True,normal,-0.01826872720515718,0,,黄金;国债ETF,
2015-10-22,1498804.5883497924,1049163.2118448545,449641.3765049379,1.0,False,normal,-0.01826872720515718,2,黄金;国债ETF,黄金;国债ETF,
2015-10-23,1502522.3306681572,1051765.63146771,450756.6992004472,0.3921646116672544,False,normal,-0.015833570596682934,3,创业板;黄金;国债ETF,创业板;黄金;国债ETF,
2015-10-26,1496402.6000585859,1047481.82004101,448920.78001757583,0.32638581353283813,False,normal,-0.019842052400912562,4,沪深300;创业板;纳指;国债ETF,沪深300;创业板;纳指;国债ETF,
2015-10-27,1500834.6542684776,1050584.2579879342,450250.3962805434,0.4132796970529998,False,normal,-0.016939014703808004,5,沪深300;创业板;纳指;黄金;国债ETF,沪深300;创业板;纳指;黄金;国债ETF,
2015-10-28,1492840.5110222762,1044988.3577155933,447852.15330668294,0.42015921406534495,False,normal,-0.022175254627945423,5,沪深300;创业板;纳指;黄金;国债ETF,沪深300;创业板;纳指;黄金;国债ETF,
2015-10-29,1490895.3465536602,1043626.7425875622,447268.60396609805,0.43238588690762086,False,normal,-0.02344935587130513,5,沪深300;创业板;纳指;黄金;国债ETF,沪深300;创业板;纳指;黄金;国债ETF,
2015-10-30,1489111.705819057,1042378.1940733399,446733.51174571714,0.44510014227792655,False,normal,-0.02461765753130914,5,沪深300;创业板;纳指;黄金;国债ETF,沪深300;创业板;纳指;黄金;国债ETF,
2015-11-02,1479075.1941253007,1035352.6358877105,443722.55823759024,0.4503039338935279,False,normal,-0.031191668230315744,5,沪深300;创业板;纳指;黄金;国债ETF,沪深300;创业板;纳指;黄金;国债ETF,
2015-11-03,1478749.9539050767,1035124.9677335536,443624.9861715231,0.37940574294523083,False,normal,-0.031404703670590284,4,沪深300;创业板;纳指;国债ETF,沪深300;创业板;纳指;国债ETF,
2015-11-04,1514891.6976252163,1060424.1883376513,454467.509287565,0.2635803462657583,False,normal,-0.007731517493289249,3,沪深300;创业板;纳指,沪深300;创业板;纳指,
2015-11-05,1513759.6288527993,1059631.740196959,454127.8886558402,0.27139897547822345,False,normal,-0.008473033315615306,3,沪深300;创业板;纳指,沪深300;创业板;纳指,
2015-11-06,1536260.9344917561,1075382.654144229,460878.28034752724,0.2757051422927223,False,normal,0.0,3,沪深300;创业板;纳指,沪深300;创业板;纳指,
2015-11-09,1546952.0068439401,1082866.4047907577,464085.60205318243,0.2840088002526324,False,normal,0.0,3,沪深300;创业板;纳指,沪深300;创业板;纳指,
2015-11-10,1545006.0569460546,1081504.239862238,463501.8170838165,0.29198098588887084,False,normal,-0.0012579251904883866,3,沪深300;创业板;纳指,沪深300;创业板;纳指,
2015-11-11,1553199.477309915,1087239.6341169402,465959.8431929748,0.3010421018913377,False,normal,0.0,3,沪深300;创业板;纳指,沪深300;创业板;纳指,
2015-11-12,1545369.5137886864,1081758.6596520804,463610.854136606,0.3072683853112531,False,normal,-0.005041183463948783,3,沪深300;创业板;纳指,沪深300;创业板;纳指,
2015-11-13,1528935.5604529951,1070254.8923170965,458680.66813589865,0.30843311916664135,False,normal,-0.015621893524548503,3,沪深300;创业板;纳指,沪深300;创业板;纳指,
2015-11-16,1537201.041614624,1076040.7291302367,461160.3124843873,0.31771815113092894,False,normal,-0.010300309734200876,3,沪深300;创业板;纳指,沪深300;创业板;纳指,
2015-11-17,1530837.986821443,1071586.5907750102,459251.3960464329,0.32534697943531227,False,normal,-0.014397049970169457,3,沪深300;创业板;纳指,沪深300;创业板;纳指,
2015-11-18,1519456.0269099777,1063619.2188369844,455836.8080729933,0.3306936454877782,False,normal,-0.021725123458307988,3,沪深300;创业板;纳指,沪深300;创业板;纳指,
2015-11-19,1548038.4721473549,1083626.9305031481,464411.54164420674,0.32549767689808384,False,normal,-0.0033228218512530157,3,沪深300;创业板;纳指,沪深300;创业板;纳指,
2015-11-20,1549437.0929973111,1084605.9650981177,464831.12789919344,0.335585230607209,False,normal,-0.0024223445652455204,3,沪深300;创业板;纳指,沪深300;创业板;纳指,
2015-11-23,1545459.4374532502,1081821.6062172751,463637.831235975,0.34464792729094723,False,normal,-0.004983287703695538,3,沪深300;创业板;纳指,沪深300;创业板;纳指,
2015-11-24,1551574.7639836327,1086102.3347885427,465472.42919508996,0.3552600905867026,False,normal,-0.0010460429262416943,3,沪深300;创业板;纳指,沪深300;创业板;纳指,
2015-11-25,1563675.0604804489,1094572.5423363142,469102.51814413466,0.36430310269612703,False,normal,0.0,3,沪深300;创业板;纳指,沪深300;创业板;纳指,
2015-11-26,1552625.5947843585,1086837.9163490508,465787.6784353077,0.4946515827905658,False,normal,-0.007066343881378622,4,沪深300;创业板;纳指;国债ETF,沪深300;创业板;纳指;国债ETF,
2015-11-27,1520248.6310593025,1064174.0417415118,456074.5893177907,0.43119391166009646,False,normal,-0.027772029188598404,4,沪深300;创业板;纳指;国债ETF,沪深300;创业板;纳指;国债ETF,
2015-11-30,1523043.7179614378,1066130.6025730064,456913.11538843135,0.44436629616738355,False,normal,-0.02598451784894931,4,沪深300;创业板;纳指;国债ETF,沪深300;创业板;纳指;国债ETF,
2015-12-01,1523212.298327459,1066248.6088292212,456963.6894982378,0.34277745347096855,False,normal,-0.025876707492257008,3,沪深300;创业板;纳指,沪深300;创业板;纳指,
2015-12-02,1536110.4400688894,1075277.3080482224,460833.13202066696,0.46695164253722293,False,normal,-0.017628100049821138,4,沪深300;创业板;纳指;国债ETF,沪深300;创业板;纳指;国债ETF,
2015-12-03,1546475.3279669688,1082532.729576878,463942.59839009074,0.47589418171418735,False,normal,-0.010999556716211485,4,沪深300;创业板;纳指;国债ETF,沪深300;创业板;纳指;国债ETF,
2015-12-04,1534457.9692152578,1074120.5784506805,460337.3907645773,0.4781620822229095,False,normal,-0.018684886651715197,4,沪深300;创业板;纳指;国债ETF,沪深300;创业板;纳指;国债ETF,
2015-12-07,1544987.9722924372,1081491.580604706,463496.39168773126,0.4862336502398009,False,normal,-0.011950749014485108,4,沪深300;创业板;纳指;国债ETF,沪深300;创业板;纳指;国债ETF,
2015-12-08,1535852.8382475222,1075096.9867732655,460755.8514742567,0.49337300015817676,False,normal,-0.01779284132368146,4,沪深300;创业板;纳指;国债ETF,沪深300;创业板;纳指;国债ETF,
2015-12-09,1534289.6499163252,1074002.7549414276,460286.8949748976,0.5084924893381867,False,normal,-0.018792530051029144,4,沪深300;创业板;纳指;国债ETF,沪深300;创业板;纳指;国债ETF,
2015-12-10,1532584.285151397,1072808.999605978,459775.2855454192,0.5240404382192407,False,normal,-0.019883143317192088,4,沪深300;创业板;纳指;国债ETF,沪深300;创业板;纳指;国债ETF,
2015-12-11,1530086.7762546663,1071060.7433782662,459026.03287640004,0.5397187171338043,False,normal,-0.021480347851466276,4,沪深300;创业板;纳指;国债ETF,沪深300;创业板;纳指;国债ETF,
2015-12-14,1538537.9922107246,1076976.5945475071,461561.3976632175,0.5498221445717273,False,normal,-0.016075634193462637,4,沪深300;创业板;纳指;国债ETF,沪深300;创业板;纳指;国债ETF,
2015-12-15,1540541.8707924834,1078379.3095547385,462162.561237745,0.566904507030515,False,normal,-0.014794115652684018,4,沪深300;创业板;纳指;国债ETF,沪深300;创业板;纳指;国债ETF,
2015-12-16,1544718.2254856573,1081302.75783996,463415.4676456973,0.5832892038583485,False,normal,-0.012123257237962813,4,沪深300;创业板;纳指;国债ETF,沪深300;创业板;纳指;国债ETF,
2015-12-17,1562748.7471877218,1093924.1230314053,468824.6241563165,0.5671411153675585,False,normal,-0.0005923950033726903,4,沪深300;创业板;纳指;国债ETF,沪深300;创业板;纳指;国债ETF,
2015-12-18,1559427.9874785894,1091599.5912350125,467828.3962435769,0.5816009748169757,False,normal,-0.002716084120798433,4,沪深300;创业板;纳指;国债ETF,沪深300;创业板;纳指;国债ETF,
2015-12-21,1565215.9298478721,1095651.1508935103,469564.7789543618,0.5977945636362655,False,normal,0.0,4,沪深300;创业板;纳指;国债ETF,沪深300;创业板;纳指;国债ETF,
2015-12-22,1564690.05672312,1095283.0397061838,469407.0170169361,0.6157589661843429,False,normal,-0.00033597481007192713,4,沪深300;创业板;纳指;国债ETF,沪深300;创业板;纳指;国债ETF,
2015-12-23,1559369.0149424945,1091558.310459746,467810.7044827484,0.627504416100524,False,normal,-0.0037355324552222915,4,沪深300;创业板;纳指;国债ETF,沪深300;创业板;纳指;国债ETF,
2015-12-24,1560713.453623644,1092499.417536551,468214.0360870932,0.647221336130946,False,normal,-0.0028765847180367314,4,沪深300;创业板;纳指;国债ETF,沪深300;创业板;纳指;国债ETF,
2015-12-25,1560383.266197997,1092268.2863385978,468114.97985939914,0.6670690133593374,False,normal,-0.003087537992502354,4,沪深300;创业板;纳指;国债ETF,沪深300;创业板;纳指;国债ETF,
2015-12-28,1545111.511134984,1081578.0577944887,463533.45334049524,0.5149057936900248,False,normal,-0.012844501726252015,3,沪深300;创业板;国债ETF,沪深300;创业板;国债ETF,
2015-12-29,1552330.511334581,1086631.3579342067,465699.15340037434,0.6525903068736131,False,normal,-0.00823235840344624,4,沪深300;创业板;纳指;国债ETF,沪深300;创业板;纳指;国债ETF,
2015-12-30,1559107.9994813316,1091375.5996369321,467732.3998443994,0.6663101748108949,False,normal,-0.0039022924888927036,4,沪深300;创业板;纳指;国债ETF,沪深300;创业板;纳指;国债ETF,
2015-12-31,1551156.8525588762,1085809.7967912133,465347.0557676628,1.0,False,normal,-0.008982196654721247,2,纳指;国债ETF,纳指;国债ETF,
2016-01-04,1541418.457307985,1078992.9201155894,462425.53719239566,1.0,False,normal,-0.015203954985431313,3,纳指;黄金;国债ETF,纳指;黄金;国债ETF,
2016-01-05,1539047.8903841386,1077333.5232688969,461714.3671152417,1.0,False,normal,-0.01671848526757385,3,纳指;黄金;国债ETF,纳指;黄金;国债ETF,
2016-01-06,1543998.379914558,1080798.8659401906,463199.5139743674,1.0,False,normal,-0.01355566955888079,3,纳指;黄金;国债ETF,纳指;黄金;国债ETF,
2016-01-07,1548140.1302766758,1083698.091193673,464442.03908300283,1.0,False,normal,-0.010909548801267287,3,纳指;黄金;国债ETF,纳指;黄金;国债ETF,
2016-01-08,1543281.9782862805,1080297.3848003964,462984.59348588414,1.0,False,normal,-0.014013371026528852,2,黄金;国债ETF,黄金;国债ETF,
2016-01-11,1545607.1078057047,1081924.9754639931,463682.13234171155,1.0,False,normal,-0.012527870224316754,3,纳指;黄金;国债ETF,纳指;黄金;国债ETF,
2016-01-12,1539739.6336417827,1077817.7435492477,461921.89009253494,1.0,False,normal,-0.01627653777365117,2,黄金;国债ETF,黄金;国债ETF,
2016-01-13,1536200.4003794652,1075340.2802656256,460860.1201138396,1.0,False,normal,-0.01853771669141332,2,黄金;国债ETF,黄金;国债ETF,
2016-01-14,1539497.0598054554,1077647.9418638188,461849.1179416366,1.0,False,normal,-0.016431515647119962,2,黄金;国债ETF,黄金;国债ETF,
2016-01-15,1536977.5663291155,1075884.2964303808,461093.26989873475,1.0,False,normal,-0.018041193537751146,2,黄金;国债ETF,黄金;国债ETF,
2016-01-18,1538498.4669356218,1076948.9268549352,461549.54008068657,1.0,False,normal,-0.017069506131877316,2,黄金;国债ETF,黄金;国债ETF,
2016-01-19,1536620.310880304,1075634.2176162128,460986.0932640913,1.0,False,normal,-0.018269440287607682,2,黄金;国债ETF,黄金;国债ETF,
2016-01-20,1540628.1804580293,1078439.7263206204,462188.4541374089,1.0,False,normal,-0.0157088545554431,2,黄金;国债ETF,黄金;国债ETF,
2016-01-21,1546737.076002603,1082715.953201822,464021.1228007809,1.0,False,normal,-0.011805945424453481,2,黄金;国债ETF,黄金;国债ETF,
2016-01-22,1543355.356058653,1080348.749241057,463006.6068175959,1.0,False,normal,-0.013966490739296164,2,黄金;国债ETF,黄金;国债ETF,
2016-01-25,1543569.3845240665,1080498.5691668466,463070.8153572199,1.0,False,normal,-0.013829750203161772,2,黄金;国债ETF,黄金;国债ETF,
2016-01-26,1553108.046001193,1087175.632200835,465932.4138003581,1.0,False,normal,-0.007735599680394132,2,黄金;国债ETF,黄金;国债ETF,
2016-01-27,1551210.9194888524,1085847.6436421967,465363.2758466557,1.0,False,normal,-0.008947653861650211,2,黄金;国债ETF,黄金;国债ETF,
2016-01-28,1547649.6614620604,1083354.7630234421,464294.8984386183,1.0,False,normal,-0.011222904169854076,2,黄金;国债ETF,黄金;国债ETF,
2016-01-29,1548355.2800205273,1083848.6960143691,464506.58400615817,1.0,False,normal,-0.010772091892128612,2,黄金;国债ETF,黄金;国债ETF,
2016-02-01,1552932.1580502158,1087052.510635151,465879.64741506474,1.0,False,normal,-0.007847972642886537,2,黄金;国债ETF,黄金;国债ETF,
2016-02-02,1554226.4177798936,1087958.4924459255,466267.92533396813,1.0,False,normal,-0.007021083710185984,2,黄金;国债ETF,黄金;国债ETF,
2016-02-03,1557102.9614711662,1089972.0730298164,467130.88844134985,1.0,False,normal,-0.005183290191465411,2,黄金;国债ETF,黄金;国债ETF,
2016-02-04,1561922.2441013108,1093345.5708709175,468576.6732303933,1.0,False,normal,-0.002104301191773197,2,黄金;国债ETF,黄金;国债ETF,
2016-02-05,1568850.6192323538,1098195.4334626475,470655.18576970627,1.0,False,normal,0.0,2,黄金;国债ETF,黄金;国债ETF,
2016-02-15,1591381.709557242,1113967.1966900693,477414.5128671727,1.0,False,normal,0.0,2,黄金;国债ETF,黄金;国债ETF,
2016-02-16,1583707.5983617238,1108595.3188532067,475112.2795085171,1.0,False,normal,-0.004822294456088275,2,黄金;国债ETF,黄金;国债ETF,
2016-02-17,1588356.558838789,1111849.591187152,476506.9676516368,1.0,False,normal,-0.0019009585822717368,2,黄金;国债ETF,黄金;国债ETF,
2016-02-18,1588896.176803064,1112227.3237621447,476668.8530409194,1.0,False,normal,-0.001561870881920251,2,黄金;国债ETF,黄金;国债ETF,
2016-02-19,1597496.8283442573,1118247.77984098,479249.04850327736,1.0,False,normal,0.0,2,黄金;国债ETF,黄金;国债ETF,
2016-02-22,1593349.3451053663,1115344.5415737564,478004.80353160994,1.0,False,normal,-0.002596238793907155,2,黄金;国债ETF,黄金;国债ETF,
2016-02-23,1594099.8182544522,1115869.8727781165,478229.9454763357,1.0,False,normal,-0.002126458112174147,2,黄金;国债ETF,黄金;国债ETF,
2016-02-24,1599319.4575259753,1119523.6202681826,479795.8372577927,1.0,False,normal,0.0,2,黄金;国债ETF,黄金;国债ETF,
2016-02-25,1606915.1421156167,1124840.5994809316,482074.54263468506,1.0,False,normal,0.0,2,黄金;国债ETF,黄金;国债ETF,
2016-02-26,1606908.1262337458,1124835.688363622,482072.4378701239,1.0,False,normal,-4.3660562322142105e-06,2,黄金;国债ETF,黄金;国债ETF,
2016-02-29,1601581.1643562252,1121106.8150493575,480474.3493068677,1.0,False,normal,-0.003319389816919006,2,黄金;国债ETF,黄金;国债ETF,
2016-03-01,1610829.0770579767,1127580.3539405835,483248.7231173932,1.0,False,normal,0.0,2,黄金;国债ETF,黄金;国债ETF,
2016-03-02,1604377.5505388721,1123064.2853772105,481313.26516166166,1.0,False,normal,-0.0040050968851938614,2,黄金;国债ETF,黄金;国债ETF,
2016-03-03,1608772.4777633657,1126140.734434356,482631.74332900974,1.0,False,normal,-0.0012767334063569298,2,黄金;国债ETF,黄金;国债ETF,
2016-03-04,1615766.8418493476,1131036.7892945432,484730.05255480437,1.0,False,normal,0.0,2,黄金;国债ETF,黄金;国债ETF,
2016-03-07,1615155.846784045,1130609.0927488315,484546.7540352135,1.0,False,normal,-0.000378145564989603,2,黄金;国债ETF,黄金;国债ETF,
2016-03-08,1618042.7380696754,1132629.9166487728,485412.8214209026,1.0,False,normal,0.0,2,黄金;国债ETF,黄金;国债ETF,
2016-03-09,1612491.1731514486,1128743.821206014,483747.3519454347,1.0,False,normal,-0.003431037257303729,2,黄金;国债ETF,黄金;国债ETF,
2016-03-10,1609772.8798006456,1126841.0158604519,482931.8639401938,1.0,False,normal,-0.0051110258551610955,2,黄金;国债ETF,黄金;国债ETF,
2016-03-11,1618392.3608137732,1132874.6525696411,485517.7082441321,1.0,False,normal,0.0,2,黄金;国债ETF,黄金;国债ETF,
2016-03-14,1611270.2163026768,1127889.1514118738,483381.06489080307,1.0,False,normal,-0.004400752675028197,2,黄金;国债ETF,黄金;国债ETF,
2016-03-15,1599911.0423723736,1119937.7296606614,479973.3127117122,1.0,False,normal,-0.011419553681102819,2,黄金;国债ETF,黄金;国债ETF,
2016-03-16,1604984.0228461698,1123488.8159923186,481495.2068538512,1.0,False,normal,-0.008284973590002227,3,纳指;黄金;国债ETF,纳指;黄金;国债ETF,
2016-03-17,1612231.5845298544,1128562.1091708979,483669.4753589565,1.0,False,normal,-0.0038067260035885664,3,纳指;黄金;国债ETF,纳指;黄金;国债ETF,
2016-03-18,1611979.8814548599,1128385.917018402,483593.96443645796,0.6085016523561537,False,normal,-0.003962252612023577,4,创业板;纳指;黄金;国债ETF,创业板;纳指;黄金;国债ETF,
2016-03-21,1611983.1339757305,1128388.1937830113,483594.9401927192,1.0,False,normal,-0.00396024288870221,3,纳指;黄金;国债ETF,纳指;黄金;国债ETF,
2016-03-22,1615692.5861183307,1130984.8102828313,484707.7758354994,0.574199947530573,False,normal,-0.0016681830443669428,5,沪深300;创业板;纳指;黄金;国债ETF,沪深300;创业板;纳指;黄金;国债ETF,
2016-03-23,1621084.6714846827,1134759.2700392778,486325.40144540486,0.5908709549437889,False,normal,0.0,5,沪深300;创业板;纳指;黄金;国债ETF,沪深300;创业板;纳指;黄金;国债ETF,
2016-03-24,1607725.001478918,1125407.5010352423,482317.50044367556,0.5813052949530947,False,normal,-0.008241191987540822,5,沪深300;创业板;纳指;黄金;国债ETF,沪深300;创业板;纳指;黄金;国债ETF,
2016-03-25,1611161.7004383218,1127813.190306825,483348.5101314967,0.5989330335833313,False,normal,-0.006121192323207202,5,沪深300;创业板;纳指;黄金;国债ETF,沪深300;创业板;纳指;黄金;国债ETF,
2016-03-28,1606512.9903565801,1124559.093249606,481953.89710697415,0.613141461067013,False,normal,-0.008988846409087937,5,沪深300;创业板;纳指;黄金;国债ETF,沪深300;创业板;纳指;黄金;国债ETF,
2016-03-29,1600552.1503303351,1120386.5052312345,480165.64509910066,0.6257216581308671,False,normal,-0.012665915306905412,5,沪深300;创业板;纳指;黄金;国债ETF,沪深300;创业板;纳指;黄金;国债ETF,
2016-03-30,1621959.4395550077,1135371.6076885054,486587.8318665023,0.5892676951100514,False,normal,0.0,5,沪深300;创业板;纳指;黄金;国债ETF,沪深300;创业板;纳指;黄金;国债ETF,
2016-03-31,1618230.8473911006,1132761.5931737702,485469.25421733037,0.6040799526024659,False,normal,-0.0022988196085409435,5,沪深300;创业板;纳指;黄金;国债ETF,沪深300;创业板;纳指;黄金;国债ETF,
2016-04-01,1617460.9438573348,1132222.6607001342,485238.28315720055,0.622407293176389,False,normal,-0.0027734945695726695,5,沪深300;创业板;纳指;黄金;国债ETF,沪深300;创业板;纳指;黄金;国债ETF,
2016-04-05,1627251.1074543172,1139075.7752180218,488175.33223629533,0.6319519695721765,False,normal,0.0,5,沪深300;创业板;纳指;黄金;国债ETF,沪深300;创业板;纳指;黄金;国债ETF,
2016-04-06,1628440.4506581642,1139908.315460715,488532.13519744924,0.6517516431293114,False,normal,0.0,5,沪深300;创业板;纳指;黄金;国债ETF,沪深300;创业板;纳指;黄金;国债ETF,
2016-04-07,1624122.4824190491,1136885.7376933342,487236.7447257149,0.6660466739453401,False,normal,-0.002651597261275289,5,沪深300;创业板;纳指;黄金;国债ETF,沪深300;创业板;纳指;黄金;国债ETF,
2016-04-08,1619105.269640292,1133373.6887482044,485731.58089208766,0.6796894932269336,False,normal,-0.005732589738911971,5,沪深300;创业板;纳指;黄金;国债ETF,沪深300;创业板;纳指;黄金;国债ETF,
2016-04-11,1627994.6244356763,1139596.2371049733,488398.387330703,0.6896854077669357,False,normal,-0.00027377496199370953,5,沪深300;创业板;纳指;黄金;国债ETF,沪深300;创业板;纳指;黄金;国债ETF,
2016-04-12,1626410.4968117613,1138487.347768233,487923.14904352836,0.709503820744941,False,normal,-0.0012465631430258863,5,沪深300;创业板;纳指;黄金;国债ETF,沪深300;创业板;纳指;黄金;国债ETF,
2016-04-13,1630003.6336591798,1141002.5435614258,489001.09009775403,0.7306992558159439,False,normal,0.0,5,沪深300;创业板;纳指;黄金;国债ETF,沪深300;创业板;纳指;黄金;国债ETF,
2016-04-14,1634869.0512116344,1144408.335848144,490460.7153634904,0.7510001002672995,False,normal,0.0,5,沪深300;创业板;纳指;黄金;国债ETF,沪深300;创业板;纳指;黄金;国债ETF,
2016-04-15,1633957.7246729024,1143770.4072710315,490187.31740187085,0.617218179927248,False,normal,-0.0005574309074213864,4,沪深300;创业板;纳指;国债ETF,沪深300;创业板;纳指;国债ETF,
2016-04-18,1624812.5206459945,1137368.764452196,487443.7561937985,0.7772981770120947,False,normal,-0.006151275882424259,5,沪深300;创业板;纳指;黄金;国债ETF,沪深300;创业板;纳指;黄金;国债ETF,
2016-04-19,1628304.4543466945,1139813.118042686,488491.3363040085,0.7999278256747617,False,normal,-0.0040153655487421116,5,沪深300;创业板;纳指;黄金;国债ETF,沪深300;创业板;纳指;黄金;国债ETF,
2016-04-20,1609318.2778515627,1126522.7944960939,482795.48335546884,1.0,False,normal,-0.015628636031207215,4,沪深300;纳指;黄金;国债ETF,沪深300;纳指;黄金;国债ETF,
2016-04-21,1611162.7232279724,1127813.9062595805,483348.8169683919,0.7415451546404044,False,normal,-0.014500444525567832,5,沪深300;创业板;纳指;黄金;国债ETF,沪深300;创业板;纳指;黄金;国债ETF,
2016-04-22,1612547.0809821172,1128782.956687482,483764.12429463514,0.6018365765148076,False,normal,-0.01365367471662268,4,沪深300;创业板;纳指;国债ETF,沪深300;创业板;纳指;国债ETF,
2016-04-25,1605689.2710044293,1123982.4897031002,481706.78130132915,0.4628921396405625,False,normal,-0.01784838986680883,3,沪深300;创业板;纳指,沪深300;创业板;纳指,
2016-04-26,1613323.7781514057,1129326.644705984,483997.1334454217,0.47326596218454536,False,normal,-0.013178592526576388,3,沪深300;创业板;纳指,沪深300;创业板;纳指,
2016-04-27,1606460.4934077142,1124522.3453853999,481938.1480223143,0.6585044951099474,False,normal,-0.01737665642570338,4,沪深300;创业板;纳指;黄金,沪深300;创业板;纳指;黄金,
2016-04-28,1607989.5341558887,1125592.6739091221,482396.8602467666,0.6641112436263832,False,normal,-0.016441388401000526,4,沪深300;创业板;纳指;国债ETF,沪深300;创业板;纳指;国债ETF,
2016-04-29,1603092.776631417,1122164.9436419918,480927.83298942517,0.7647259720944332,False,normal,-0.019436587020023037,4,沪深300;创业板;黄金;国债ETF,沪深300;创业板;黄金;国债ETF,
2016-05-03,1624012.8087277205,1136808.9661094043,487203.8426183162,0.6926523574556266,False,normal,-0.006640435499019397,4,沪深300;创业板;黄金;国债ETF,沪深300;创业板;黄金;国债ETF,
2016-05-04,1618919.6989717612,1133243.7892802327,485675.9096915284,0.8096339735147827,False,normal,-0.009755736845133176,5,沪深300;创业板;纳指;黄金;国债ETF,沪深300;创业板;纳指;黄金;国债ETF,
2016-05-05,1619651.3207527862,1133755.9245269503,485895.3962258359,0.8350539610676654,False,normal,-0.009308225908105613,5,沪深300;创业板;纳指;黄金;国债ETF,沪深300;创业板;纳指;黄金;国债ETF,
2016-05-06,1604867.777911908,1123407.4445383355,481460.33337357244,0.7864713662670407,False,normal,-0.01835087236955882,5,沪深300;创业板;纳指;黄金;国债ETF,沪深300;创业板;纳指;黄金;国债ETF,
2016-05-09,1593950.0708841512,1115765.0496189056,478185.0212652455,0.6267518131744723,False,normal,-0.025028903872855984,4,沪深300;创业板;纳指;黄金,沪深300;创业板;纳指;黄金,
2016-05-10,1591605.4103299077,1114123.7872309352,477481.6230989725,0.7123731877861753,False,normal,-0.026463061888451062,3,创业板;黄金;国债ETF,创业板;黄金;国债ETF,
2016-05-11,1589691.2127679186,1112783.8489375429,476907.3638303757,0.8238837036931497,False,normal,-0.02763391869840194,5,沪深300;创业板;纳指;黄金;国债ETF,沪深300;创业板;纳指;黄金;国债ETF,
2016-05-12,1588314.353166916,0.0,1588314.353166916,0.0,True,normal,-0.02847610211363158,0,,沪深300;创业板;纳指;黄金;国债ETF,
2016-05-13,1588314.353166916,0.0,1588314.353166916,0.0,True,normal,-0.02847610211363158,0,,黄金;国债ETF,
2016-05-16,1588314.353166916,1111820.047216841,476494.3059500749,1.0,False,normal,-0.02847610211363158,2,黄金;国债ETF,黄金;国债ETF,
2016-05-17,1585722.9099404446,1110006.0369583112,475716.8729821334,1.0,False,normal,-0.030061209633130304,3,纳指;黄金;国债ETF,纳指;黄金;国债ETF,
2016-05-18,1580818.6012731525,1106573.0208912066,474245.58038194594,1.0,False,normal,-0.03306102705805338,2,黄金;国债ETF,黄金;国债ETF,
2016-05-19,1571873.5016581963,1100311.4511607373,471562.050497459,0.753270478069279,False,normal,-0.03853247421054966,1,黄金,黄金,
2016-05-20,1571039.9323770138,1099727.9526639096,471311.9797131042,0.7766207831139433,False,normal,-0.03904234335301383,1,黄金,黄金,
2016-05-23,1569789.2940684499,1098852.5058479148,470936.78822053503,0.8004075329840127,False,normal,-0.03980732101751674,1,黄金,黄金,
2016-05-24,1564785.0321822355,1095349.5225275648,469435.5096546707,0.8170533877270747,False,normal,-0.042868276806303375,1,黄金,黄金,
2016-05-25,1547246.076808176,1083072.2537657232,464173.8230424528,1.0,False,normal,-0.05359632585773109,2,纳指;黄金,纳指;黄金,
2016-05-26,1551454.1218161273,1086017.8852712892,465436.2365448382,1.0,False,normal,-0.05102239187516982,2,纳指;黄金,纳指;黄金,
2016-05-27,1551607.439653352,1086125.2077573463,465482.23189600557,1.0,False,normal,-0.0509286119867372,2,纳指;黄金,纳指;黄金,
2016-05-30,1551380.00811317,1085966.005679219,465414.002433951,0.81465145618135,False,normal,-0.051067724987875304,1,纳指,纳指,
2016-05-31,1556920.6509992885,1089844.455699502,467076.1952997865,1.0,False,normal,-0.047678681148546266,2,纳指;黄金,纳指;黄金,
2016-06-01,1557901.0282300063,1090530.7197610044,467370.3084690019,1.0,False,normal,-0.04707901401924853,2,纳指;黄金,纳指;黄金,
2016-06-02,1556249.31145075,1089374.518015525,466874.79343522503,1.0,False,normal,-0.04808931926542841,2,纳指;黄金,纳指;黄金,
2016-06-03,1554772.0503840882,1088340.4352688617,466431.6151152265,1.0,False,normal,-0.04899291522350657,3,沪深300;纳指;黄金,沪深300;纳指;黄金,
2016-06-06,1556699.384292494,1089689.5690047457,467009.81528774835,1.0,False,normal,-0.047814023307375754,2,纳指;黄金,纳指;黄金,
2016-06-07,1559626.447885461,1091738.5135198226,467887.9343656383,1.0,False,normal,-0.046023626950678215,2,纳指;黄金,纳指;黄金,
2016-06-08,1561901.948848506,1093331.364193954,468570.58465455193,1.0,False,normal,-0.044631771767317426,2,纳指;黄金,纳指;黄金,
2016-06-13,1571008.2758396557,1099705.7930877588,471302.48275189684,0.6038141118047439,False,normal,-0.039061706700393065,1,黄金,黄金,
2016-06-14,1568182.3064741583,1097727.6145319107,470454.69194224756,0.6184344969257839,False,normal,-0.040790266772774995,1,黄金,黄金,
2016-06-15,1573434.591711153,1101404.214197807,472030.37751334603,0.6366345548876744,False,normal,-0.037577602594502026,1,黄金,黄金,
2016-06-16,1592396.4957651081,0.0,1592396.4957651081,0.0,True,normal,-0.02597917883089719,0,,黄金,
2016-06-17,1592396.4957651081,0.0,1592396.4957651081,0.0,True,normal,-0.02597917883089719,0,,创业板;纳指;黄金;国债ETF,
2016-06-20,1592396.4957651081,0.0,1592396.4957651081,0.0,True,normal,-0.02597917883089719,0,,创业板;纳指;黄金;国债ETF,
2016-06-21,1592396.4957651081,0.0,1592396.4957651081,0.0,True,normal,-0.02597917883089719,0,,黄金;国债ETF,
2016-06-22,1592396.4957651081,0.0,1592396.4957651081,0.0,True,normal,-0.02597917883089719,0,,创业板;纳指;黄金;国债ETF,
2016-06-23,1592396.4957651081,0.0,1592396.4957651081,0.0,True,normal,-0.02597917883089719,0,,纳指;黄金;国债ETF,
2016-06-24,1592396.4957651081,0.0,1592396.4957651081,0.0,True,normal,-0.02597917883089719,0,,创业板;纳指;黄金;国债ETF,
2016-06-27,1592396.4957651081,0.0,1592396.4957651081,0.0,True,normal,-0.02597917883089719,0,,创业板;纳指;黄金;国债ETF,
2016-06-28,1592396.4957651081,0.0,1592396.4957651081,0.0,True,normal,-0.02597917883089719,0,,创业板;纳指;黄金;国债ETF,
2016-06-29,1592396.4957651081,0.0,1592396.4957651081,0.0,True,normal,-0.02597917883089719,0,,创业板;纳指;黄金;国债ETF,
2016-06-30,1592396.4957651081,0.0,1592396.4957651081,0.0,True,normal,-0.02597917883089719,0,,创业板;纳指;黄金;国债ETF,
2016-07-01,1592396.4957651081,0.0,1592396.4957651081,0.0,True,normal,-0.02597917883089719,0,,纳指;黄金;国债ETF,
2016-07-04,1592396.4957651081,0.0,1592396.4957651081,0.0,True,normal,-0.02597917883089719,0,,沪深300;创业板;纳指;黄金;国债ETF,
2016-07-05,1592396.4957651081,0.0,1592396.4957651081,0.0,True,normal,-0.02597917883089719,0,,沪深300;创业板;纳指;黄金;国债ETF,
2016-07-06,1592396.4957651081,0.0,1592396.4957651081,0.0,True,normal,-0.02597917883089719,0,,沪深300;创业板;纳指;黄金;国债ETF,
2016-07-07,1592396.4957651081,0.0,1592396.4957651081,0.0,True,normal,-0.02597917883089719,0,,沪深300;创业板;纳指;黄金;国债ETF,
2016-07-08,1592396.4957651081,0.0,1592396.4957651081,0.0,True,normal,-0.02597917883089719,0,,沪深300;创业板;纳指;黄金;国债ETF,
2016-07-11,1592396.4957651081,0.0,1592396.4957651081,0.0,True,normal,-0.02597917883089719,0,,沪深300;创业板;纳指;黄金;国债ETF,
2016-07-12,1592396.4957651081,0.0,1592396.4957651081,0.0,True,normal,-0.02597917883089719,0,,沪深300;创业板;纳指;黄金;国债ETF,
2016-07-13,1592396.4957651081,0.0,1592396.4957651081,0.0,True,normal,-0.02597917883089719,0,,沪深300;创业板;纳指;黄金;国债ETF,
2016-07-14,1592396.4957651081,0.0,1592396.4957651081,0.0,True,normal,-0.02597917883089719,0,,沪深300;创业板;纳指;黄金;国债ETF,
2016-07-15,1592396.4957651081,0.0,1592396.4957651081,0.0,True,normal,-0.02597917883089719,0,,沪深300;创业板;纳指;黄金;国债ETF,
2016-07-18,1592396.4957651081,0.0,1592396.4957651081,0.0,True,normal,-0.02597917883089719,0,,沪深300;创业板;纳指;黄金;国债ETF,
2016-07-19,1592396.4957651081,0.0,1592396.4957651081,0.0,True,normal,-0.02597917883089719,0,,沪深300;创业板;纳指;黄金;国债ETF,
2016-07-20,1592396.4957651081,0.0,1592396.4957651081,0.0,True,normal,-0.02597917883089719,0,,沪深300;创业板;纳指;黄金;国债ETF,
2016-07-21,1592396.4957651081,0.0,1592396.4957651081,0.0,True,normal,-0.02597917883089719,0,,沪深300;创业板;纳指;黄金;国债ETF,
2016-07-22,1592396.4957651081,0.0,1592396.4957651081,0.0,True,normal,-0.02597917883089719,0,,沪深300;创业板;纳指;黄金;国债ETF,
2016-07-25,1592396.4957651081,0.0,1592396.4957651081,0.0,True,normal,-0.02597917883089719,0,,沪深300;创业板;纳指;黄金;国债ETF,
2016-07-26,1592396.4957651081,0.0,1592396.4957651081,0.0,True,normal,-0.02597917883089719,0,,沪深300;创业板;纳指;黄金;国债ETF,
2016-07-27,1592396.4957651081,0.0,1592396.4957651081,0.0,True,normal,-0.02597917883089719,0,,沪深300;纳指;黄金;国债ETF,
2016-07-28,1592396.4957651081,0.0,1592396.4957651081,0.0,True,normal,-0.02597917883089719,0,,沪深300;纳指;黄金;国债ETF,
2016-07-29,1592396.4957651081,0.0,1592396.4957651081,0.0,True,normal,-0.02597917883089719,0,,沪深300;纳指;黄金;国债ETF,
2016-08-01,1592396.4957651081,0.0,1592396.4957651081,0.0,True,normal,-0.02597917883089719,0,,沪深300;纳指;黄金;国债ETF,
2016-08-02,1592396.4957651081,1114677.5470355756,477718.94872953254,1.0,False,normal,-0.02597917883089719,4,沪深300;纳指;黄金;国债ETF,沪深300;纳指;黄金;国债ETF,
2016-08-03,1590418.9477733534,1113293.2634413473,477125.68433200615,1.0,False,normal,-0.02718878518456149,4,沪深300;纳指;黄金;国债ETF,沪深300;纳指;黄金;国债ETF,
2016-08-04,1588513.4744390873,1111959.432107361,476554.0423317263,1.0,False,normal,-0.028354305648022417,4,沪深300;纳指;黄金;国债ETF,沪深300;纳指;黄金;国债ETF,
2016-08-05,1595573.3642032754,1116901.3549422927,478672.00926098274,1.0,False,normal,-0.024035984398405597,5,沪深300;创业板;纳指;黄金;国债ETF,沪深300;创业板;纳指;黄金;国债ETF,
2016-08-08,1597672.7385013283,1118370.9169509297,479301.8215503986,1.0,False,normal,-0.022751860574239387,5,沪深300;创业板;纳指;黄金;国债ETF,沪深300;创业板;纳指;黄金;国债ETF,
2016-08-09,1602020.5194120267,1121414.3635884186,480606.15582360816,1.0,False,normal,-0.020092454362178408,5,沪深300;创业板;纳指;黄金;国债ETF,沪深300;创业板;纳指;黄金;国债ETF,
2016-08-10,1603569.1159785956,1122498.3811850168,481070.73479357874,1.0,False,normal,-0.01914522463425547,5,沪深300;创业板;纳指;黄金;国债ETF,沪深300;创业板;纳指;黄金;国债ETF,
2016-08-11,1597444.044095029,1118210.83086652,479233.21322850883,1.0,False,normal,-0.02289174603242327,4,沪深300;纳指;黄金;国债ETF,沪深300;纳指;黄金;国债ETF,
2016-08-12,1603701.7193731016,1122591.203561171,481110.51581193064,1.0,False,normal,-0.01906411514453349,5,沪深300;创业板;纳指;黄金;国债ETF,沪深300;创业板;纳指;黄金;国债ETF,
2016-08-15,1616520.249770921,1131564.1748396447,484956.07493127626,1.0,False,normal,-0.01122340742037706,5,沪深300;创业板;纳指;黄金;国债ETF,沪深300;创业板;纳指;黄金;国债ETF,
2016-08-16,1617784.0354647893,1132448.8248253523,485335.21063943696,1.0,False,normal,-0.010450387897540244,5,沪深300;创业板;纳指;黄金;国债ETF,沪深300;创业板;纳指;黄金;国债ETF,
2016-08-17,1615088.189600496,1130561.7327203471,484526.45688014897,1.0,False,normal,-0.012099355356001347,5,沪深300;创业板;纳指;黄金;国债ETF,沪深300;创业板;纳指;黄金;国债ETF,
2016-08-18,1615919.5281707428,1131143.6697195198,484775.858451223,1.0,False,normal,-0.011590850672014222,5,沪深300;创业板;纳指;黄金;国债ETF,沪深300;创业板;纳指;黄金;国债ETF,
2016-08-19,1615763.15606039,1131034.209242273,484728.94681811705,1.0,False,normal,-0.011686498767032571,5,沪深300;创业板;纳指;黄金;国债ETF,沪深300;创业板;纳指;黄金;国债ETF,
2016-08-22,1608370.2228448538,1125859.1559913976,482511.0668534562,1.0,False,normal,-0.016208532632715652,4,沪深300;纳指;黄金;国债ETF,沪深300;纳指;黄金;国债ETF,
2016-08-23,1610871.802756662,1127610.2619296634,483261.54082699865,1.0,False,normal,-0.014678391787518124,4,沪深300;纳指;黄金;国债ETF,沪深300;纳指;黄金;国债ETF,
2016-08-24,1609941.6394248614,1126959.1475974028,482982.4918274586,1.0,False,normal,-0.015247344592093662,4,沪深300;纳指;黄金;国债ETF,沪深300;纳指;黄金;国债ETF,
2016-08-25,1604111.5061168114,1122878.054281768,481233.4518350435,1.0,False,normal,-0.01881346097537779,3,沪深300;纳指;国债ETF,沪深300;纳指;国债ETF,
2016-08-26,1604971.8565643022,1123480.2995950114,481491.55696929083,1.0,False,normal,-0.018287210602693088,3,沪深300;纳指;国债ETF,沪深300;纳指;国债ETF,
2016-08-29,1603897.7960766973,1122728.457253688,481169.3388230093,1.0,False,normal,-0.018944180949528464,3,沪深300;纳指;国债ETF,沪深300;纳指;国债ETF,
2016-08-30,1607242.686840766,1125069.8807885363,482172.80605222983,1.0,False,normal,-0.01689821233718618,3,沪深300;纳指;国债ETF,沪深300;纳指;国债ETF,
2016-08-31,1606622.8057557056,1124635.9640289939,481986.8417267117,1.0,False,normal,-0.01727737486680966,3,沪深300;纳指;国债ETF,沪深300;纳指;国债ETF,
2016-09-01,1602631.4826706387,1121842.037869447,480789.4448011918,1.0,False,normal,-0.019718746597535624,3,沪深300;纳指;国债ETF,沪深300;纳指;国债ETF,
2016-09-02,1604050.5654933238,1122835.3958453266,481215.16964799725,1.0,False,normal,-0.018850736513404773,3,沪深300;纳指;国债ETF,沪深300;纳指;国债ETF,
2016-09-05,1607110.9903310982,1124977.6932317684,482133.29709932976,1.0,False,normal,-0.01697876711285479,3,沪深300;纳指;国债ETF,沪深300;纳指;国债ETF,
2016-09-06,1611147.6663245389,1127803.366427177,483344.2998973618,1.0,False,normal,-0.014509654378444037,3,沪深300;纳指;国债ETF,沪深300;纳指;国债ETF,
2016-09-07,1614123.6164708165,1129886.5315295714,484237.08494124515,1.0,False,normal,-0.012689355594225123,4,沪深300;纳指;黄金;国债ETF,沪深300;纳指;黄金;国债ETF,
2016-09-08,1612803.7723594976,1128962.6406516482,483841.13170784945,1.0,False,normal,-0.01349666435717514,4,沪深300;纳指;黄金;国债ETF,沪深300;纳指;黄金;国债ETF,
2016-09-09,1609819.5018244074,1126873.651277085,482945.8505473223,1.0,False,normal,-0.015322052471824773,4,沪深300;纳指;黄金;国债ETF,沪深300;纳指;黄金;国债ETF,
2016-09-12,1593074.7158788403,1115152.301115188,477922.41476365225,1.0,False,normal,-0.025564332080186783,3,沪深300;纳指;国债ETF,沪深300;纳指;国债ETF,
2016-09-13,1598620.6232780558,1119034.436294639,479586.1869834168,1.0,False,normal,-0.02217206809726698,3,沪深300;纳指;国债ETF,沪深300;纳指;国债ETF,
2016-09-14,1593821.4116984818,1115674.988188937,478146.4235095447,1.0,False,normal,-0.02510760080920941,3,纳指;黄金;国债ETF,纳指;黄金;国债ETF,
2016-09-19,1600583.607658325,1120408.5253608273,480175.08229749766,1.0,False,normal,-0.02097136986469943,3,沪深300;纳指;国债ETF,沪深300;纳指;国债ETF,
2016-09-20,1597935.6895190051,1118554.9826633036,479380.7068557015,1.0,False,normal,-0.02259102138196159,4,沪深300;纳指;黄金;国债ETF,沪深300;纳指;黄金;国债ETF,
2016-09-21,1599679.489835357,1119775.64288475,479903.84695060714,1.0,False,normal,-0.021524391418503926,4,沪深300;纳指;黄金;国债ETF,沪深300;纳指;黄金;国债ETF,
2016-09-22,1608035.7351946712,1125625.0146362698,482410.72055840143,1.0,False,normal,-0.01641312862157156,5,沪深300;创业板;纳指;黄金;国债ETF,沪深300;创业板;纳指;黄金;国债ETF,
2016-09-23,1612882.1460752273,1129017.502252659,483864.64382256824,1.0,False,normal,-0.013448725523375822,4,沪深300;创业板;纳指;国债ETF,沪深300;创业板;纳指;国债ETF,
2016-09-26,1599258.084430963,1119480.659101674,479777.42532928893,1.0,False,normal,-0.021782152371334806,5,沪深300;创业板;纳指;黄金;国债ETF,沪深300;创业板;纳指;黄金;国债ETF,
2016-09-27,1598983.5145762605,1119288.4602033822,479695.0543728783,1.0,False,normal,-0.021950098455150557,4,沪深300;创业板;纳指;国债ETF,沪深300;创业板;纳指;国债ETF,
2016-09-28,1599187.388631885,1119431.1720423193,479756.2165895656,1.0,False,normal,-0.021825394855511566,4,沪深300;创业板;纳指;国债ETF,沪深300;创业板;纳指;国债ETF,
2016-09-29,1601815.304322251,1121270.7130255755,480544.5912966754,1.0,False,normal,-0.020217978231887583,4,沪深300;创业板;纳指;国债ETF,沪深300;创业板;纳指;国债ETF,
2016-09-30,1600598.509231211,1120418.9564618475,480179.5527693634,1.0,False,normal,-0.02096225502282578,4,沪深300;创业板;纳指;国债ETF,沪深300;创业板;纳指;国债ETF,
2016-10-10,1613887.3927096738,1129721.1748967716,484166.2178129023,1.0,False,normal,-0.012833846531262329,4,沪深300;创业板;纳指;国债ETF,沪深300;创业板;纳指;国债ETF,
2016-10-11,1618091.8439298754,1132664.2907509126,485427.5531789628,1.0,False,normal,-0.01026211076007897,4,沪深300;创业板;纳指;国债ETF,沪深300;创业板;纳指;国债ETF,
2016-10-12,1616666.974844553,1131666.8823911871,485000.0924533659,1.0,False,normal,-0.011133660126229345,4,沪深300;创业板;纳指;国债ETF,沪深300;创业板;纳指;国债ETF,
2016-10-13,1615525.3650456376,1130867.7555319462,484657.6095136914,1.0,False,normal,-0.011831948345747221,4,沪深300;创业板;纳指;国债ETF,沪深300;创业板;纳指;国债ETF,
2016-10-14,1615224.3670968302,1130657.056967781,484567.31012904923,1.0,False,normal,-0.012016059696184956,4,沪深300;创业板;纳指;国债ETF,沪深300;创业板;纳指;国债ETF,
2016-10-17,1606738.7764481395,1124717.1435136974,482021.632934442,1.0,False,normal,-0.01720643909837736,3,创业板;纳指;国债ETF,创业板;纳指;国债ETF,
2016-10-18,1611837.5958045495,1128286.3170631845,483551.27874136507,1.0,False,normal,-0.014087645362187156,3,创业板;纳指;国债ETF,创业板;纳指;国债ETF,
2016-10-19,1611058.3513181142,1127740.8459226799,483317.50539543433,1.0,False,normal,-0.014564285669163303,2,纳指;国债ETF,纳指;国债ETF,
2016-10-20,1614334.3007894675,1130034.0105526273,484300.29023684026,1.0,False,normal,-0.012560486362469321,2,纳指;国债ETF,纳指;国债ETF,
2016-10-21,1613475.012940408,1129432.5090582855,484042.50388212246,1.0,False,normal,-0.01308608677580073,2,纳指;国债ETF,纳指;国债ETF,
2016-10-24,1617045.0301346972,1131931.521094288,485113.50904040923,1.0,False,normal,-0.010902415128433353,3,沪深300;纳指;国债ETF,沪深300;纳指;国债ETF,
2016-10-25,1620684.3527972794,1134479.0469580954,486205.305839184,1.0,False,normal,-0.008676351420220772,4,沪深300;创业板;纳指;国债ETF,沪深300;创业板;纳指;国债ETF,
2016-10-26,1615683.6382116473,1130978.546748153,484705.09146349435,1.0,False,normal,-0.011735137432425208,4,沪深300;创业板;纳指;国债ETF,沪深300;创业板;纳指;国债ETF,
2016-10-27,1612499.0845766338,1128749.3592036436,483749.7253729901,1.0,False,normal,-0.013683032667614465,3,沪深300;纳指;国债ETF,沪深300;纳指;国债ETF,
2016-10-28,1612364.6839882522,1128655.2787917764,483709.4051964758,1.0,False,normal,-0.013765241446526735,3,沪深300;纳指;国债ETF,沪深300;纳指;国债ETF,
2016-10-31,1610738.8727813663,1127517.2109469564,483221.6618344099,1.0,False,normal,-0.014759701036841277,3,沪深300;纳指;国债ETF,沪深300;纳指;国债ETF,
2016-11-01,1614055.826063518,1129839.0782444621,484216.7478190558,1.0,False,normal,-0.01273082093803866,3,沪深300;纳指;国债ETF,沪深300;纳指;国债ETF,
2016-11-02,1607105.017996065,1124973.5125972452,482131.5053988199,1.0,False,normal,-0.016982420209736584,3,沪深300;纳指;国债ETF,沪深300;纳指;国债ETF,
2016-11-03,1606494.0433710387,1124545.8303597271,481948.2130113116,1.0,False,normal,-0.017356134926871596,3,沪深300;纳指;国债ETF,沪深300;纳指;国债ETF,
2016-11-04,1606605.3782095115,1124623.764746658,481981.6134628535,1.0,False,normal,-0.01728803477023198,3,沪深300;纳指;国债ETF,沪深300;纳指;国债ETF,
2016-11-07,1611163.7368063459,1127814.615764442,483349.12104190397,1.0,False,normal,-0.014499824550302706,3,沪深300;纳指;国债ETF,沪深300;纳指;国债ETF,
2016-11-08,1612253.0800827993,1128577.1560579594,483675.9240248399,1.0,False,normal,-0.01383350618330805,3,沪深300;纳指;国债ETF,沪深300;纳指;国债ETF,
2016-11-09,1600221.6452722508,1120155.1516905755,480066.4935816752,1.0,False,normal,-0.021192771319333358,3,沪深300;黄金;国债ETF,沪深300;黄金;国债ETF,
2016-11-10,1597061.994937177,1117943.396456024,479118.59848115314,1.0,False,normal,-0.023125433958418748,3,沪深300;纳指;国债ETF,沪深300;纳指;国债ETF,
2016-11-11,1595407.81564915,1116785.470954405,478622.344694745,1.0,False,normal,-0.024137245446807475,2,沪深300;国债ETF,沪深300;国债ETF,
2016-11-14,1594792.3653260286,1116354.65572822,478437.70959780854,1.0,False,normal,-0.024513697813231112,3,沪深300;纳指;国债ETF,沪深300;纳指;国债ETF,
2016-11-15,1590010.9254021053,1113007.6477814736,477003.27762063174,1.0,False,normal,-0.027438360140394018,4,沪深300;创业板;纳指;国债ETF,沪深300;创业板;纳指;国债ETF,
2016-11-16,1595290.9258496766,1116703.6480947735,478587.2777549031,1.0,False,normal,-0.0242087434052444,4,沪深300;创业板;纳指;国债ETF,沪深300;创业板;纳指;国债ETF,
2016-11-17,1594146.7216453934,1115902.7051517754,478244.016493618,1.0,False,normal,-0.024908618544134082,3,沪深300;创业板;纳指,沪深300;创业板;纳指,
2016-11-18,1596429.0388154176,1117500.3271707923,478928.7116446253,0.8246631089767087,False,normal,-0.02351259409292028,2,沪深300;纳指,沪深300;纳指,
2016-11-21,1596774.4399084835,1117742.1079359383,479032.33197254525,0.8501827467061139,False,normal,-0.02330132268080933,2,沪深300;纳指,沪深300;纳指,
2016-11-22,1610663.2933716045,1127464.305360123,483198.9880114815,1.0,False,normal,-0.014805930678111815,3,沪深300;创业板;纳指,沪深300;创业板;纳指,
2016-11-23,1609531.4751000137,1126672.0325700096,482859.4425300041,1.0,False,normal,-0.015498229716222575,3,沪深300;创业板;纳指,沪深300;创业板;纳指,
2016-11-24,1607425.7676776515,1125198.037374356,482227.7303032954,1.0,False,normal,-0.01678622732116934,2,沪深300;纳指,沪深300;纳指,
2016-11-25,1619294.4788389816,1133506.1351872871,485788.3436516945,1.0,False,normal,-0.00952649532457061,3,沪深300;创业板;纳指,沪深300;创业板;纳指,
2016-11-28,1623009.0146438738,1136106.3102507116,486902.70439316216,1.0,False,normal,-0.0072544260098207376,3,沪深300;创业板;纳指,沪深300;创业板;纳指,
2016-11-29,1622769.531635876,1135938.672145113,486830.85949076293,1.0,False,normal,-0.007400910529678921,3,沪深300;创业板;纳指,沪深300;创业板;纳指,
2016-11-30,1621322.7889363212,1134925.9522554248,486396.83668089635,1.0,False,normal,-0.008285839324729923,3,沪深300;创业板;纳指,沪深300;创业板;纳指,
2016-12-01,1619706.5727295012,1133794.6009106508,485911.9718188504,1.0,False,normal,-0.009274429943423312,3,沪深300;创业板;纳指,沪深300;创业板;纳指,
2016-12-02,1606613.164921439,1124629.2154450072,481983.9494764318,1.0,False,normal,-0.017283271873826465,2,沪深300;纳指,沪深300;纳指,
2016-12-05,1594697.8722033382,1116288.5105423366,478409.3616610016,0.8428229544827536,False,normal,-0.024571496401209966,2,沪深300;纳指,沪深300;纳指,
2016-12-06,1598840.5196993365,1119188.3637895354,479652.15590980113,0.8639686326397323,False,normal,-0.022037564100682226,2,沪深300;纳指,沪深300;纳指,
2016-12-07,1600756.530762236,1120529.5715335652,480226.9592286709,1.0,False,normal,-0.02086559802702048,2,沪深300;纳指,沪深300;纳指,
2016-12-08,1612807.0327788542,1128964.922945198,483842.10983365634,0.866956996029432,False,normal,-0.013494670057170366,2,沪深300;纳指,沪深300;纳指,
2016-12-09,1610670.6411025617,1127469.4487717932,483201.19233076856,1.0,False,normal,-0.014801436293101738,2,沪深300;纳指,沪深300;纳指,
2016-12-12,1598932.9045176224,0.0,1598932.9045176224,0.0,True,normal,-0.021981055098803774,0,,沪深300;纳指,
2016-12-13,1598932.9045176224,0.0,1598932.9045176224,0.0,True,normal,-0.021981055098803774,0,,沪深300;纳指,
2016-12-14,1598932.9045176224,0.0,1598932.9045176224,0.0,True,normal,-0.021981055098803774,0,,沪深300;纳指,
2016-12-15,1598932.9045176224,0.0,1598932.9045176224,0.0,True,normal,-0.021981055098803774,0,,沪深300;纳指,
2016-12-16,1598932.9045176224,0.0,1598932.9045176224,0.0,True,normal,-0.021981055098803774,0,,纳指,
2016-12-19,1598932.9045176224,0.0,1598932.9045176224,0.0,True,normal,-0.021981055098803774,0,,纳指,
2016-12-20,1598932.9045176224,0.0,1598932.9045176224,0.0,True,normal,-0.021981055098803774,0,,纳指,
2016-12-21,1598932.9045176224,0.0,1598932.9045176224,0.0,True,normal,-0.021981055098803774,0,,纳指,
2016-12-22,1598932.9045176224,0.0,1598932.9045176224,0.0,True,normal,-0.021981055098803774,0,,纳指,
2016-12-23,1598932.9045176224,0.0,1598932.9045176224,0.0,True,normal,-0.021981055098803774,0,,纳指,
2016-12-26,1598932.9045176224,0.0,1598932.9045176224,0.0,True,normal,-0.021981055098803774,0,,纳指,
2016-12-27,1598932.9045176224,0.0,1598932.9045176224,0.0,True,normal,-0.021981055098803774,0,,纳指,
2016-12-28,1598932.9045176224,0.0,1598932.9045176224,0.0,True,normal,-0.021981055098803774,0,,纳指,
2016-12-29,1598932.9045176224,0.0,1598932.9045176224,0.0,True,normal,-0.021981055098803774,0,,纳指,
2016-12-30,1598932.9045176224,0.0,1598932.9045176224,0.0,True,normal,-0.021981055098803774,0,,纳指,
2017-01-03,1598932.9045176224,0.0,1598932.9045176224,0.0,True,normal,-0.021981055098803774,0,,纳指,
2017-01-04,1598932.9045176224,0.0,1598932.9045176224,0.0,True,normal,-0.021981055098803774,0,,沪深300;纳指,
2017-01-05,1598932.9045176224,0.0,1598932.9045176224,0.0,True,normal,-0.021981055098803774,0,,纳指,
2017-01-06,1598932.9045176224,0.0,1598932.9045176224,0.0,True,normal,-0.021981055098803774,0,,纳指,
2017-01-09,1598932.9045176224,0.0,1598932.9045176224,0.0,True,normal,-0.021981055098803774,0,,纳指,
2017-01-10,1598932.9045176224,0.0,1598932.9045176224,0.0,True,normal,-0.021981055098803774,0,,纳指,
2017-01-11,1598932.9045176224,0.0,1598932.9045176224,0.0,True,normal,-0.021981055098803774,0,,纳指,
2017-01-12,1598932.9045176224,0.0,1598932.9045176224,0.0,True,normal,-0.021981055098803774,0,,纳指,
2017-01-13,1598932.9045176224,0.0,1598932.9045176224,0.0,True,normal,-0.021981055098803774,0,,纳指,
2017-01-16,1598932.9045176224,0.0,1598932.9045176224,0.0,True,normal,-0.021981055098803774,0,,纳指,
2017-01-17,1598932.9045176224,0.0,1598932.9045176224,0.0,True,normal,-0.021981055098803774,0,,纳指,
2017-01-18,1598932.9045176224,0.0,1598932.9045176224,0.0,True,normal,-0.021981055098803774,0,,纳指,
2017-01-19,1598932.9045176224,0.0,1598932.9045176224,0.0,True,normal,-0.021981055098803774,0,,纳指,
2017-01-20,1598932.9045176224,0.0,1598932.9045176224,0.0,True,normal,-0.021981055098803774,0,,纳指;黄金,
2017-01-23,1598932.9045176224,0.0,1598932.9045176224,0.0,True,normal,-0.021981055098803774,0,,纳指;黄金,
2017-01-24,1598932.9045176224,0.0,1598932.9045176224,0.0,True,normal,-0.021981055098803774,0,,纳指;黄金,
2017-01-25,1598932.9045176224,0.0,1598932.9045176224,0.0,True,normal,-0.021981055098803774,0,,纳指,
2017-01-26,1598932.9045176224,0.0,1598932.9045176224,0.0,True,normal,-0.021981055098803774,0,,纳指;黄金,
2017-02-03,1598932.9045176224,0.0,1598932.9045176224,0.0,True,normal,-0.021981055098803774,0,,纳指;黄金,
2017-02-06,1598932.9045176224,0.0,1598932.9045176224,0.0,True,normal,-0.021981055098803774,0,,纳指;黄金,
2017-02-07,1598932.9045176224,0.0,1598932.9045176224,0.0,True,normal,-0.021981055098803774,0,,纳指;黄金,
2017-02-08,1598932.9045176224,0.0,1598932.9045176224,0.0,True,normal,-0.021981055098803774,0,,纳指;黄金,军工ETF;证券ETF
2017-02-09,1598932.9045176224,0.0,1598932.9045176224,0.0,True,normal,-0.021981055098803774,0,,纳指;黄金,军工ETF;证券ETF
2017-02-10,1598932.9045176224,0.0,1598932.9045176224,0.0,True,normal,-0.021981055098803774,0,,纳指;黄金,证券ETF;军工ETF
2017-02-13,1598932.9045176224,0.0,1598932.9045176224,0.0,True,normal,-0.021981055098803774,0,,纳指;黄金,证券ETF;军工ETF
2017-02-14,1598932.9045176224,0.0,1598932.9045176224,0.0,True,normal,-0.021981055098803774,0,,纳指;黄金,军工ETF;证券ETF
2017-02-15,1598932.9045176224,0.0,1598932.9045176224,0.0,True,normal,-0.021981055098803774,0,,纳指;黄金;国债ETF,证券ETF;军工ETF
2017-02-16,1598932.9045176224,0.0,1598932.9045176224,0.0,True,normal,-0.021981055098803774,0,,沪深300;纳指;黄金;国债ETF,证券ETF;军工ETF
2017-02-17,1598932.9045176224,0.0,1598932.9045176224,0.0,True,normal,-0.021981055098803774,0,,沪深300;纳指;黄金;国债ETF,军工ETF;证券ETF
2017-02-20,1598932.9045176224,0.0,1598932.9045176224,0.0,True,normal,-0.021981055098803774,0,,沪深300;纳指;黄金;国债ETF,军工ETF;证券ETF
2017-02-21,1598932.9045176224,0.0,1598932.9045176224,0.0,True,normal,-0.021981055098803774,0,,沪深300;纳指;黄金;国债ETF,军工ETF;证券ETF
2017-02-22,1598932.9045176224,0.0,1598932.9045176224,0.0,True,normal,-0.021981055098803774,0,,沪深300;纳指;黄金;国债ETF,军工ETF;证券ETF
2017-02-23,1598932.9045176224,0.0,1598932.9045176224,0.0,True,normal,-0.021981055098803774,0,,沪深300;纳指;黄金;国债ETF,军工ETF;证券ETF
2017-02-24,1598932.9045176224,0.0,1598932.9045176224,0.0,True,normal,-0.021981055098803774,0,,沪深300;纳指;黄金;国债ETF,军工ETF;证券ETF
2017-02-27,1598932.9045176224,0.0,1598932.9045176224,0.0,True,normal,-0.021981055098803774,0,,沪深300;纳指;黄金;国债ETF,军工ETF;证券ETF
2017-02-28,1598932.9045176224,0.0,1598932.9045176224,0.0,True,normal,-0.021981055098803774,0,,沪深300;纳指;黄金;国债ETF,军工ETF;证券ETF
2017-03-01,1598932.9045176224,0.0,1598932.9045176224,0.0,True,normal,-0.021981055098803774,0,,沪深300;纳指;黄金;国债ETF,军工ETF;证券ETF
2017-03-02,1598932.9045176224,0.0,1598932.9045176224,0.0,True,normal,-0.021981055098803774,0,,沪深300;纳指;黄金;国债ETF,军工ETF;证券ETF
2017-03-03,1598932.9045176224,0.0,1598932.9045176224,0.0,True,normal,-0.021981055098803774,0,,沪深300;纳指;黄金;国债ETF,证券ETF;军工ETF
2017-03-06,1598932.9045176224,0.0,1598932.9045176224,0.0,True,normal,-0.021981055098803774,0,,沪深300;创业板;纳指;黄金;国债ETF,军工ETF;证券ETF
2017-03-07,1598932.9045176224,0.0,1598932.9045176224,0.0,True,normal,-0.021981055098803774,0,,沪深300;纳指;黄金;国债ETF,军工ETF;证券ETF
2017-03-08,1598932.9045176224,0.0,1598932.9045176224,0.0,True,normal,-0.021981055098803774,0,,沪深300;纳指;黄金;国债ETF,军工ETF;证券ETF
2017-03-09,1598932.9045176224,0.0,1598932.9045176224,0.0,True,normal,-0.021981055098803774,0,,沪深300;纳指;黄金;国债ETF,军工ETF;证券ETF
2017-03-10,1598932.9045176224,0.0,1598932.9045176224,0.0,True,normal,-0.021981055098803774,0,,沪深300;纳指;黄金,军工ETF;证券ETF
2017-03-13,1598932.9045176224,0.0,1598932.9045176224,0.0,True,normal,-0.021981055098803774,0,,沪深300;创业板;纳指;黄金,军工ETF;证券ETF
2017-03-14,1598932.9045176224,0.0,1598932.9045176224,0.0,True,normal,-0.021981055098803774,0,,沪深300;创业板;纳指;黄金,军工ETF;证券ETF
2017-03-15,1598932.9045176224,0.0,1598932.9045176224,0.0,True,normal,-0.021981055098803774,0,,沪深300;创业板;纳指;黄金,军工ETF;证券ETF
2017-03-16,1598932.9045176224,0.0,1598932.9045176224,0.0,True,normal,-0.021981055098803774,0,,沪深300;创业板;纳指;黄金;国债ETF,军工ETF;证券ETF
2017-03-17,1598932.9045176224,0.0,1598932.9045176224,0.0,True,normal,-0.021981055098803774,0,,沪深300;创业板;纳指;黄金;国债ETF,军工ETF;证券ETF
2017-03-20,1598932.9045176224,0.0,1598932.9045176224,0.0,True,normal,-0.021981055098803774,0,,沪深300;创业板;纳指;黄金;国债ETF,军工ETF;证券ETF
2017-03-21,1598932.9045176224,0.0,1598932.9045176224,0.0,True,normal,-0.021981055098803774,0,,沪深300;创业板;纳指;黄金;国债ETF,军工ETF;证券ETF
2017-03-22,1598932.9045176224,0.0,1598932.9045176224,0.0,True,normal,-0.021981055098803774,0,,沪深300;创业板;纳指;黄金;国债ETF,军工ETF;证券ETF
2017-03-23,1598932.9045176224,0.0,1598932.9045176224,0.0,True,normal,-0.021981055098803774,0,,沪深300;创业板;纳指;黄金,军工ETF;证券ETF
2017-03-24,1598932.9045176224,0.0,1598932.9045176224,0.0,True,normal,-0.021981055098803774,0,,沪深300;创业板;纳指;黄金,军工ETF;证券ETF
2017-03-27,1598932.9045176224,0.0,1598932.9045176224,0.0,True,normal,-0.021981055098803774,0,,沪深300;创业板;纳指;黄金;国债ETF,军工ETF;证券ETF
2017-03-28,1598932.9045176224,1952777.4014319784,-353844.496914356,1.0,False,normal,-0.021981055098803774,7,沪深300;创业板;纳指;黄金;国债ETF;军工ETF;证券ETF,沪深300;创业板;纳指;黄金;国债ETF,军工ETF;证券ETF
2017-03-29,1595675.188791021,1966631.0797252003,-370955.8909341793,1.0,False,normal,-0.023973701374777417,7,沪深300;创业板;纳指;黄金;国债ETF;军工ETF;证券ETF,沪深300;创业板;纳指;黄金;国债ETF,军工ETF;证券ETF
2017-03-30,1580131.4158802575,1924947.7846222017,-344816.3687419442,1.0,False,normal,-0.033481357599136,6,沪深300;创业板;纳指;黄金;军工ETF;证券ETF,沪深300;创业板;纳指;黄金,军工ETF;证券ETF
2017-03-31,1591924.6647255805,1914428.2509279596,-322503.5862023791,1.0,False,normal,-0.026267783621096125,7,沪深300;创业板;纳指;黄金;国债ETF;军工ETF;证券ETF,沪深300;创业板;纳指;黄金;国债ETF,军工ETF;证券ETF
2017-04-05,1611739.5398463185,0.0,1611739.5398463185,0.0,True,normal,-0.014147623229012826,0,,沪深300;创业板;纳指;黄金;国债ETF,军工ETF;证券ETF
2017-04-06,1611739.5398463185,0.0,1611739.5398463185,0.0,True,normal,-0.014147623229012826,0,,沪深300;创业板;纳指;黄金;国债ETF,军工ETF;证券ETF
2017-04-07,1611739.5398463185,0.0,1611739.5398463185,0.0,True,normal,-0.014147623229012826,0,,沪深300;创业板;纳指;黄金;国债ETF,军工ETF;证券ETF
2017-04-10,1611739.5398463185,0.0,1611739.5398463185,0.0,True,normal,-0.014147623229012826,0,,沪深300;创业板;纳指;黄金;国债ETF,军工ETF;证券ETF
2017-04-11,1611739.5398463185,0.0,1611739.5398463185,0.0,True,normal,-0.014147623229012826,0,,沪深300;创业板;纳指;黄金;国债ETF,军工ETF;证券ETF
2017-04-12,1611739.5398463185,0.0,1611739.5398463185,0.0,True,normal,-0.014147623229012826,0,,沪深300;纳指;黄金;国债ETF,军工ETF;证券ETF
2017-04-13,1611739.5398463185,0.0,1611739.5398463185,0.0,True,normal,-0.014147623229012826,0,,沪深300;创业板;纳指;黄金;国债ETF,军工ETF;证券ETF
2017-04-14,1611739.5398463185,0.0,1611739.5398463185,0.0,True,normal,-0.014147623229012826,0,,沪深300;黄金;国债ETF,军工ETF;证券ETF
2017-04-17,1611739.5398463185,0.0,1611739.5398463185,0.0,True,normal,-0.014147623229012826,0,,沪深300;纳指;黄金,军工ETF;证券ETF
2017-04-18,1611739.5398463185,0.0,1611739.5398463185,0.0,True,normal,-0.014147623229012826,0,,纳指;黄金,军工ETF;证券ETF
2017-04-19,1611739.5398463185,0.0,1611739.5398463185,0.0,True,normal,-0.014147623229012826,0,,纳指;黄金,军工ETF;证券ETF
2017-04-20,1611739.5398463185,0.0,1611739.5398463185,0.0,True,normal,-0.014147623229012826,0,,黄金,军工ETF;证券ETF
2017-04-21,1611739.5398463185,0.0,1611739.5398463185,0.0,True,normal,-0.014147623229012826,0,,纳指;黄金,证券ETF;军工ETF
2017-04-24,1611739.5398463185,0.0,1611739.5398463185,0.0,True,normal,-0.014147623229012826,0,,纳指;黄金,军工ETF;证券ETF
2017-04-25,1611739.5398463185,0.0,1611739.5398463185,0.0,True,normal,-0.014147623229012826,0,,纳指;黄金,证券ETF;军工ETF
2017-04-26,1611739.5398463185,0.0,1611739.5398463185,0.0,True,normal,-0.014147623229012826,0,,纳指;黄金,证券ETF;军工ETF
2017-04-27,1611739.5398463185,0.0,1611739.5398463185,0.0,True,normal,-0.014147623229012826,0,,纳指;黄金,证券ETF;军工ETF
2017-04-28,1611739.5398463185,0.0,1611739.5398463185,0.0,True,normal,-0.014147623229012826,0,,纳指;黄金,证券ETF;军工ETF
2017-05-02,1611739.5398463185,0.0,1611739.5398463185,0.0,True,normal,-0.014147623229012826,0,,沪深300;纳指;黄金,证券ETF;军工ETF
2017-05-03,1611739.5398463185,0.0,1611739.5398463185,0.0,True,normal,-0.014147623229012826,0,,纳指;黄金,证券ETF;军工ETF
2017-05-04,1611739.5398463185,0.0,1611739.5398463185,0.0,True,normal,-0.014147623229012826,0,,纳指;黄金,证券ETF;军工ETF
2017-05-05,1611739.5398463185,0.0,1611739.5398463185,0.0,True,normal,-0.014147623229012826,0,,纳指;黄金,证券ETF;军工ETF
2017-05-08,1611739.5398463185,0.0,1611739.5398463185,0.0,True,normal,-0.014147623229012826,0,,纳指;黄金,证券ETF;军工ETF
2017-05-09,1611739.5398463185,0.0,1611739.5398463185,0.0,True,normal,-0.014147623229012826,0,,纳指;黄金,证券ETF;军工ETF
2017-05-10,1611739.5398463185,0.0,1611739.5398463185,0.0,True,normal,-0.014147623229012826,0,,纳指;黄金,证券ETF;军工ETF
2017-05-11,1611739.5398463185,0.0,1611739.5398463185,0.0,True,normal,-0.014147623229012826,0,,纳指;黄金,证券ETF;军工ETF
2017-05-12,1611739.5398463185,0.0,1611739.5398463185,0.0,True,normal,-0.014147623229012826,0,,纳指;黄金,证券ETF;军工ETF
2017-05-15,1611739.5398463185,0.0,1611739.5398463185,0.0,True,normal,-0.014147623229012826,0,,纳指,证券ETF;军工ETF
2017-05-16,1611739.5398463185,0.0,1611739.5398463185,0.0,True,normal,-0.014147623229012826,0,,纳指;黄金,证券ETF;军工ETF
2017-05-17,1611739.5398463185,0.0,1611739.5398463185,0.0,True,normal,-0.014147623229012826,0,,纳指;黄金,证券ETF;军工ETF
2017-05-18,1611739.5398463185,0.0,1611739.5398463185,0.0,True,normal,-0.014147623229012826,0,,黄金,证券ETF;军工ETF
2017-05-19,1611739.5398463185,0.0,1611739.5398463185,0.0,True,normal,-0.014147623229012826,0,,纳指;黄金,证券ETF;军工ETF
2017-05-22,1611739.5398463185,0.0,1611739.5398463185,0.0,True,normal,-0.014147623229012826,0,,纳指;黄金,证券ETF;军工ETF
2017-05-23,1611739.5398463185,0.0,1611739.5398463185,0.0,True,normal,-0.014147623229012826,0,,纳指;黄金,证券ETF;军工ETF
2017-05-24,1611739.5398463185,0.0,1611739.5398463185,0.0,True,normal,-0.014147623229012826,0,,纳指,证券ETF;军工ETF
2017-05-25,1611739.5398463185,0.0,1611739.5398463185,0.0,True,normal,-0.014147623229012826,0,,沪深300;纳指,证券ETF;军工ETF
2017-05-26,1611739.5398463185,0.0,1611739.5398463185,0.0,True,normal,-0.014147623229012826,0,,沪深300;纳指;黄金,证券ETF;军工ETF
2017-05-31,1611739.5398463185,0.0,1611739.5398463185,0.0,True,normal,-0.014147623229012826,0,,沪深300;纳指,证券ETF;军工ETF
2017-06-01,1611739.5398463185,0.0,1611739.5398463185,0.0,True,normal,-0.014147623229012826,0,,沪深300;纳指;黄金,证券ETF;军工ETF
2017-06-02,1611739.5398463185,0.0,1611739.5398463185,0.0,True,normal,-0.014147623229012826,0,,纳指,证券ETF;军工ETF
2017-06-05,1611739.5398463185,0.0,1611739.5398463185,0.0,True,normal,-0.014147623229012826,0,,纳指;黄金,证券ETF;军工ETF
2017-06-06,1611739.5398463185,0.0,1611739.5398463185,0.0,True,normal,-0.014147623229012826,0,,纳指;黄金,证券ETF;军工ETF
2017-06-07,1611739.5398463185,0.0,1611739.5398463185,0.0,True,normal,-0.014147623229012826,0,,沪深300;纳指;黄金,证券ETF;军工ETF
2017-06-08,1611739.5398463185,0.0,1611739.5398463185,0.0,True,normal,-0.014147623229012826,0,,沪深300;纳指,证券ETF;军工ETF
2017-06-09,1611739.5398463185,0.0,1611739.5398463185,0.0,True,normal,-0.014147623229012826,0,,沪深300;纳指,证券ETF;军工ETF
2017-06-12,1611739.5398463185,0.0,1611739.5398463185,0.0,True,normal,-0.014147623229012826,0,,沪深300;纳指,证券ETF;军工ETF
2017-06-13,1611739.5398463185,0.0,1611739.5398463185,0.0,True,normal,-0.014147623229012826,0,,沪深300;纳指,证券ETF;军工ETF
2017-06-14,1611739.5398463185,0.0,1611739.5398463185,0.0,True,normal,-0.014147623229012826,0,,沪深300;纳指,证券ETF;军工ETF
2017-06-15,1611739.5398463185,0.0,1611739.5398463185,0.0,True,normal,-0.014147623229012826,0,,沪深300;纳指,证券ETF;军工ETF
2017-06-16,1611739.5398463185,0.0,1611739.5398463185,0.0,True,normal,-0.014147623229012826,0,,沪深300;纳指,证券ETF;军工ETF
2017-06-19,1611739.5398463185,0.0,1611739.5398463185,0.0,True,normal,-0.014147623229012826,0,,沪深300;纳指,证券ETF;军工ETF
2017-06-20,1611739.5398463185,0.0,1611739.5398463185,0.0,True,normal,-0.014147623229012826,0,,沪深300;纳指,证券ETF;军工ETF
2017-06-21,1611739.5398463185,0.0,1611739.5398463185,0.0,True,normal,-0.014147623229012826,0,,沪深300;创业板;纳指,证券ETF;军工ETF
2017-06-22,1611739.5398463185,0.0,1611739.5398463185,0.0,True,normal,-0.014147623229012826,0,,沪深300;纳指,证券ETF;军工ETF
2017-06-23,1611739.5398463185,0.0,1611739.5398463185,0.0,True,normal,-0.014147623229012826,0,,沪深300;纳指,军工ETF;证券ETF
2017-06-26,1611739.5398463185,0.0,1611739.5398463185,0.0,True,normal,-0.014147623229012826,0,,沪深300;纳指,军工ETF;证券ETF
2017-06-27,1611739.5398463185,0.0,1611739.5398463185,0.0,True,normal,-0.014147623229012826,0,,沪深300;纳指;国债ETF,证券ETF;军工ETF
2017-06-28,1611739.5398463185,0.0,1611739.5398463185,0.0,True,normal,-0.014147623229012826,0,,沪深300,军工ETF;证券ETF
2017-06-29,1611739.5398463185,0.0,1611739.5398463185,0.0,True,normal,-0.014147623229012826,0,,沪深300;纳指;国债ETF,证券ETF;军工ETF
2017-06-30,1611739.5398463185,0.0,1611739.5398463185,0.0,True,normal,-0.014147623229012826,0,,沪深300;国债ETF,证券ETF;军工ETF
2017-07-03,1611739.5398463185,0.0,1611739.5398463185,0.0,True,normal,-0.014147623229012826,0,,沪深300;创业板;国债ETF,军工ETF;证券ETF
2017-07-04,1611739.5398463185,0.0,1611739.5398463185,0.0,True,normal,-0.014147623229012826,0,,沪深300;创业板;国债ETF,证券ETF;军工ETF
2017-07-05,1611739.5398463185,0.0,1611739.5398463185,0.0,True,normal,-0.014147623229012826,0,,沪深300;创业板;国债ETF,证券ETF;军工ETF
2017-07-06,1611739.5398463185,0.0,1611739.5398463185,0.0,True,normal,-0.014147623229012826,0,,沪深300;创业板;国债ETF,军工ETF;证券ETF
2017-07-07,1611739.5398463185,0.0,1611739.5398463185,0.0,True,normal,-0.014147623229012826,0,,沪深300;创业板;国债ETF,证券ETF;军工ETF
2017-07-10,1611739.5398463185,0.0,1611739.5398463185,0.0,True,normal,-0.014147623229012826,0,,沪深300;创业板;国债ETF,军工ETF;证券ETF
2017-07-11,1611739.5398463185,0.0,1611739.5398463185,0.0,True,normal,-0.014147623229012826,0,,沪深300;国债ETF,证券ETF;军工ETF
2017-07-12,1611739.5398463185,0.0,1611739.5398463185,0.0,True,normal,-0.014147623229012826,0,,沪深300;国债ETF,证券ETF;军工ETF
2017-07-13,1611739.5398463185,0.0,1611739.5398463185,0.0,True,normal,-0.014147623229012826,0,,沪深300;国债ETF,证券ETF;军工ETF
2017-07-14,1611739.5398463185,0.0,1611739.5398463185,0.0,True,normal,-0.014147623229012826,0,,沪深300;纳指;国债ETF,证券ETF;军工ETF
2017-07-17,1611739.5398463185,0.0,1611739.5398463185,0.0,True,normal,-0.014147623229012826,0,,沪深300;纳指;国债ETF,证券ETF;军工ETF
2017-07-18,1611739.5398463185,0.0,1611739.5398463185,0.0,True,normal,-0.014147623229012826,0,,沪深300;纳指;国债ETF,证券ETF;军工ETF
2017-07-19,1611739.5398463185,0.0,1611739.5398463185,0.0,True,normal,-0.014147623229012826,0,,沪深300;纳指;国债ETF,证券ETF;军工ETF
2017-07-20,1611739.5398463185,0.0,1611739.5398463185,0.0,True,normal,-0.014147623229012826,0,,沪深300;纳指;国债ETF,证券ETF;军工ETF
2017-07-21,1611739.5398463185,0.0,1611739.5398463185,0.0,True,normal,-0.014147623229012826,0,,沪深300;纳指;国债ETF,证券ETF;军工ETF
2017-07-24,1611739.5398463185,0.0,1611739.5398463185,0.0,True,normal,-0.014147623229012826,0,,沪深300;国债ETF,证券ETF;军工ETF
2017-07-25,1611739.5398463185,0.0,1611739.5398463185,0.0,True,normal,-0.014147623229012826,0,,沪深300;国债ETF,证券ETF;军工ETF
2017-07-26,1611739.5398463185,0.0,1611739.5398463185,0.0,True,normal,-0.014147623229012826,0,,沪深300;纳指;国债ETF,证券ETF;军工ETF
2017-07-27,1611739.5398463185,0.0,1611739.5398463185,0.0,True,normal,-0.014147623229012826,0,,沪深300,证券ETF;军工ETF
2017-07-28,1611739.5398463185,0.0,1611739.5398463185,0.0,True,normal,-0.014147623229012826,0,,沪深300,证券ETF;军工ETF
2017-07-31,1611739.5398463185,0.0,1611739.5398463185,0.0,True,normal,-0.014147623229012826,0,,沪深300,证券ETF;军工ETF
2017-08-01,1611739.5398463185,0.0,1611739.5398463185,0.0,True,normal,-0.014147623229012826,0,,沪深300;国债ETF,证券ETF;军工ETF
2017-08-02,1611739.5398463185,0.0,1611739.5398463185,0.0,True,normal,-0.014147623229012826,0,,沪深300;国债ETF,证券ETF;军工ETF
2017-08-03,1611739.5398463185,0.0,1611739.5398463185,0.0,True,normal,-0.014147623229012826,0,,沪深300;国债ETF,证券ETF;军工ETF
2017-08-04,1611739.5398463185,0.0,1611739.5398463185,0.0,True,normal,-0.014147623229012826,0,,沪深300;国债ETF,证券ETF;军工ETF
2017-08-07,1611739.5398463185,0.0,1611739.5398463185,0.0,True,normal,-0.014147623229012826,0,,沪深300;纳指,证券ETF;军工ETF
2017-08-08,1611739.5398463185,1611739.5398463185,0.0,1.0,False,normal,-0.014147623229012826,4,沪深300;纳指;证券ETF;军工ETF,沪深300;纳指,证券ETF;军工ETF
2017-08-09,1602075.7308702527,1602075.7308702527,0.0,1.0,False,normal,-0.020058683181431516,4,沪深300;纳指;证券ETF;军工ETF,沪深300;纳指,证券ETF;军工ETF
2017-08-10,1599732.1204071112,1599732.1204071115,-2.3283064365386963e-10,1.0,False,normal,-0.02149219888802867,4,沪深300;纳指;证券ETF;军工ETF,沪深300;纳指,证券ETF;军工ETF
2017-08-11,1572685.519893408,1572685.519893408,0.0,1.0,False,normal,-0.038035787191727004,4,沪深300;黄金;证券ETF;军工ETF,沪深300;黄金,证券ETF;军工ETF
2017-08-14,1584980.992179168,1584980.992179168,0.0,1.0,False,normal,-0.030515018310178083,4,沪深300;黄金;证券ETF;军工ETF,沪深300;黄金,证券ETF;军工ETF
2017-08-15,1582063.0146979152,1582063.0146979152,0.0,1.0,False,normal,-0.03229985696688284,5,沪深300;纳指;国债ETF;证券ETF;军工ETF,沪深300;纳指;国债ETF,证券ETF;军工ETF
2017-08-16,1581625.254489649,1629160.2677566768,-47535.01326702768,1.0,False,normal,-0.032567621659071275,5,沪深300;创业板;国债ETF;证券ETF;军工ETF,沪深300;创业板;国债ETF,证券ETF;军工ETF
2017-08-17,1592601.9909429578,0.0,1592601.9909429578,0.0,True,normal,-0.02585348363977631,0,,沪深300;创业板;国债ETF,证券ETF;军工ETF
2017-08-18,1592601.9909429578,0.0,1592601.9909429578,0.0,True,normal,-0.02585348363977631,0,,沪深300;国债ETF,军工ETF;证券ETF
2017-08-21,1592601.9909429578,1665479.0471003233,-72877.05615736544,1.0,False,normal,-0.02585348363977631,4,沪深300;黄金;军工ETF;证券ETF,沪深300;黄金,军工ETF;证券ETF
2017-08-22,1588924.5316243835,1669876.5073139563,-80951.97568957275,1.0,False,normal,-0.02810287438813554,5,沪深300;纳指;黄金;军工ETF;证券ETF,沪深300;纳指;黄金,军工ETF;证券ETF
2017-08-23,1594736.8636413403,1689647.7979972346,-94910.93435589434,1.0,False,normal,-0.024547646516735612,6,沪深300;纳指;黄金;国债ETF;军工ETF;证券ETF,沪深300;纳指;黄金;国债ETF,军工ETF;证券ETF
2017-08-24,1585314.0620233847,1680023.3993511267,-94709.33732774202,1.0,False,normal,-0.030311289550391505,6,沪深300;纳指;黄金;国债ETF;军工ETF;证券ETF,沪深300;纳指;黄金;国债ETF,军工ETF;证券ETF
2017-08-25,1601226.3601251692,1667494.801341713,-66268.44121654378,1.0,False,normal,-0.02057821760191251,6,沪深300;纳指;黄金;国债ETF;证券ETF;军工ETF,沪深300;纳指;黄金;国债ETF,证券ETF;军工ETF
2017-08-28,1622507.768944313,1622507.7689443128,2.3283064365386963e-10,1.0,False,normal,-0.007561022858778917,6,沪深300;纳指;黄金;国债ETF;证券ETF;军工ETF,沪深300;纳指;黄金;国债ETF,证券ETF;军工ETF
2017-08-29,1617076.3604866904,1617076.3604866904,0.0,1.0,False,normal,-0.010883251298785965,6,沪深300;纳指;黄金;国债ETF;证券ETF;军工ETF,沪深300;纳指;黄金;国债ETF,证券ETF;军工ETF
2017-08-30,1615894.5489308578,1615894.5489308578,0.0,1.0,False,normal,-0.01160612971828798,6,沪深300;创业板;纳指;黄金;证券ETF;军工ETF,沪深300;创业板;纳指;黄金,证券ETF;军工ETF
2017-08-31,1621746.377485211,1621746.377485211,0.0,1.0,False,normal,-0.008026743008376074,6,沪深300;创业板;纳指;黄金;证券ETF;军工ETF,沪深300;创业板;纳指;黄金,证券ETF;军工ETF
2017-09-01,1630227.022118385,1630227.022118385,0.0,1.0,False,normal,-0.002839388934428214,7,沪深300;创业板;纳指;黄金;国债ETF;证券ETF;军工ETF,沪深300;创业板;纳指;黄金;国债ETF,证券ETF;军工ETF
2017-09-04,1636891.5063941278,1636891.5063941278,0.0,1.0,False,normal,0.0,7,沪深300;创业板;纳指;黄金;国债ETF;证券ETF;军工ETF,沪深300;创业板;纳指;黄金;国债ETF,证券ETF;军工ETF
2017-09-05,1635885.1862964563,1680838.4259211423,-44953.23962468607,1.0,False,normal,-0.0006147750744265203,7,沪深300;创业板;纳指;黄金;国债ETF;证券ETF;军工ETF,沪深300;创业板;纳指;黄金;国债ETF,证券ETF;军工ETF
2017-09-06,1637416.1989326265,1699259.4242909215,-61843.22535829502,1.0,False,normal,0.0,6,沪深300;创业板;黄金;国债ETF;证券ETF;军工ETF,沪深300;创业板;黄金;国债ETF,证券ETF;军工ETF
2017-09-07,1627904.020971683,1687520.4740713448,-59616.45309966174,1.0,False,normal,-0.005809260936311783,6,沪深300;创业板;黄金;国债ETF;证券ETF;军工ETF,沪深300;创业板;黄金;国债ETF,证券ETF;军工ETF
2017-09-08,1625261.0435706137,1698218.875356534,-72957.83178592031,1.0,False,normal,-0.00742337554125598,6,沪深300;创业板;黄金;国债ETF;证券ETF;军工ETF,沪深300;创业板;黄金;国债ETF,证券ETF;军工ETF
2017-09-11,1628956.0351742085,1718995.2390442032,-90039.20386999473,1.0,False,normal,-0.005166776635001496,6,沪深300;创业板;黄金;国债ETF;证券ETF;军工ETF,沪深300;创业板;黄金;国债ETF,证券ETF;军工ETF
2017-09-12,1627843.1112541158,1735678.835599525,-107835.72434540908,1.0,False,normal,-0.005846459614086542,6,沪深300;创业板;黄金;国债ETF;证券ETF;军工ETF,沪深300;创业板;黄金;国债ETF,证券ETF;军工ETF
2017-09-13,1628708.052106249,1754811.4117882173,-126103.35968196834,1.0,False,normal,-0.005318224427029692,6,沪深300;创业板;黄金;国债ETF;证券ETF;军工ETF,沪深300;创业板;黄金;国债ETF,证券ETF;军工ETF
2017-09-14,1623597.538857059,1763783.7726839692,-140186.23382691015,1.0,False,normal,-0.0084393082739595,6,沪深300;创业板;黄金;国债ETF;证券ETF;军工ETF,沪深300;创业板;黄金;国债ETF,证券ETF;军工ETF
2017-09-15,1628721.3870884613,1782547.1314152852,-153825.74432682386,1.0,False,normal,-0.005310080509667025,6,沪深300;创业板;黄金;国债ETF;证券ETF;军工ETF,沪深300;创业板;黄金;国债ETF,证券ETF;军工ETF
2017-09-18,1636312.1927893208,1803520.6038150382,-167208.4110257174,1.0,False,normal,-0.0006742367298096512,6,沪深300;创业板;黄金;国债ETF;证券ETF;军工ETF,沪深300;创业板;黄金;国债ETF,证券ETF;军工ETF
2017-09-19,1624658.6518501278,1777298.9011098873,-152640.24925975944,1.0,False,normal,-0.0077912671749643505,6,沪深300;创业板;黄金;国债ETF;证券ETF;军工ETF,沪深300;创业板;黄金;国债ETF,证券ETF;军工ETF
2017-09-20,1632484.4540687925,1797439.9411375588,-164955.48706876626,1.0,False,normal,-0.0030119067266152788,6,沪深300;创业板;黄金;国债ETF;证券ETF;军工ETF,沪深300;创业板;黄金;国债ETF,证券ETF;军工ETF
2017-09-21,1622710.3318327349,1797265.2837242563,-174554.95189152146,1.0,False,normal,-0.008981141819335781,5,沪深300;创业板;国债ETF;证券ETF;军工ETF,沪深300;创业板;国债ETF,证券ETF;军工ETF
2017-09-22,1617995.829243546,1808081.2360337137,-190085.4067901678,1.0,False,normal,-0.011860374718254333,5,沪深300;创业板;国债ETF;证券ETF;军工ETF,沪深300;创业板;国债ETF,证券ETF;军工ETF
2017-09-25,1608566.2804126581,1811174.2337455521,-202607.95333289402,1.0,False,normal,-0.017619172534615597,5,沪深300;创业板;国债ETF;军工ETF;证券ETF,沪深300;创业板;国债ETF,军工ETF;证券ETF
2017-09-26,1609035.8098842497,1832902.8980251034,-223867.08814085368,1.0,False,normal,-0.017332422304651065,6,沪深300;创业板;黄金;国债ETF;证券ETF;军工ETF,沪深300;创业板;黄金;国债ETF,证券ETF;军工ETF
2017-09-27,1610449.854385776,1855028.1921761977,-244578.33779042168,1.0,False,normal,-0.016468839482856552,6,沪深300;创业板;黄金;国债ETF;证券ETF;军工ETF,沪深300;创业板;黄金;国债ETF,证券ETF;军工ETF
2017-09-28,1611194.8035160545,1878395.096812692,-267200.2932966375,1.0,False,normal,-0.01601388543344373,5,沪深300;创业板;国债ETF;证券ETF;军工ETF,沪深300;创业板;国债ETF,证券ETF;军工ETF
2017-09-29,1623717.3323089073,1889334.835761434,-265617.50345252664,1.0,False,normal,-0.008366148223432153,6,沪深300;创业板;黄金;国债ETF;证券ETF;军工ETF,沪深300;创业板;黄金;国债ETF,证券ETF;军工ETF
2017-10-09,1628496.8263716465,1918069.6244010222,-289572.7980293757,1.0,False,normal,-0.005447223843757167,7,沪深300;创业板;纳指;黄金;国债ETF;证券ETF;军工ETF,沪深300;创业板;纳指;黄金;国债ETF,证券ETF;军工ETF
2017-10-10,1633687.4396067392,1948608.4284674008,-314920.98886066163,1.0,False,normal,-0.0022772214714364956,7,沪深300;创业板;纳指;黄金;国债ETF;证券ETF;军工ETF,沪深300;创业板;纳指;黄金;国债ETF,证券ETF;军工ETF
2017-10-11,1628199.5625123037,1944057.6201942433,-315858.05768193956,1.0,False,normal,-0.005628768315795833,6,沪深300;创业板;纳指;国债ETF;证券ETF;军工ETF,沪深300;创业板;纳指;国债ETF,证券ETF;军工ETF
2017-10-12,1633875.2777318363,1966148.342346604,-332273.0646147677,1.0,False,normal,-0.00216250529529292,5,沪深300;创业板;纳指;军工ETF;证券ETF,沪深300;创业板;纳指,军工ETF;证券ETF
2017-10-13,1640138.7775974036,1998801.4688842935,-358662.69128688984,1.0,False,normal,0.0,5,沪深300;创业板;纳指;军工ETF;证券ETF,沪深300;创业板;纳指,军工ETF;证券ETF
2017-10-16,1627478.1390972075,1994534.1129423648,-367055.9738451573,1.0,False,normal,-0.007719248317963921,6,沪深300;创业板;纳指;黄金;军工ETF;证券ETF,沪深300;创业板;纳指;黄金,军工ETF;证券ETF
2017-10-17,1618204.82504534,1967420.7159751663,-349215.8909298263,1.0,False,normal,-0.013373229663037476,6,沪深300;创业板;纳指;黄金;军工ETF;证券ETF,沪深300;创业板;纳指;黄金,军工ETF;证券ETF
2017-10-18,1615896.7449971328,1988635.0271391268,-372738.282141994,1.0,False,normal,-0.014780476464182096,5,沪深300;创业板;纳指;军工ETF;证券ETF,沪深300;创业板;纳指,军工ETF;证券ETF
2017-10-19,1598714.7614574602,1851360.6620265304,-252645.90056907013,1.0,False,normal,-0.025256409217166577,5,沪深300;创业板;纳指;军工ETF;证券ETF,沪深300;创业板;纳指,军工ETF;证券ETF
2017-10-20,1606024.5309817456,1871245.558890801,-265221.02790905535,1.0,False,normal,-0.020799609814500648,5,沪深300;创业板;纳指;军工ETF;证券ETF,沪深300;创业板;纳指,军工ETF;证券ETF
2017-10-23,1608792.4310351075,1897203.0633989058,-288410.63236379833,1.0,False,normal,-0.019112008685151994,5,沪深300;创业板;纳指;军工ETF;证券ETF,沪深300;创业板;纳指,军工ETF;证券ETF
2017-10-24,1610378.372003096,1923303.6592090987,-312925.28720600274,1.0,False,normal,-0.018145053333781264,5,沪深300;创业板;纳指;军工ETF;证券ETF,沪深300;创业板;纳指,军工ETF;证券ETF
2017-10-25,1614795.0537940257,1951036.4227075656,-336241.3689135399,1.0,False,normal,-0.015452182552810135,5,沪深300;创业板;纳指;军工ETF;证券ETF,沪深300;创业板;纳指,军工ETF;证券ETF
2017-10-26,1621452.7904508025,1966280.62006024,-344827.8296094374,1.0,False,normal,-0.011392930526265402,5,沪深300;创业板;纳指;军工ETF;证券ETF,沪深300;创业板;纳指,军工ETF;证券ETF
2017-10-27,1613409.2236046146,1949276.0385841972,-335866.81497958256,1.0,False,normal,-0.016297129461169395,5,沪深300;创业板;纳指;军工ETF;证券ETF,沪深300;创业板;纳指,军工ETF;证券ETF
2017-10-30,1591646.581578168,1771080.130145889,-179433.54856772092,1.0,False,normal,-0.02956591032514363,5,沪深300;创业板;纳指;军工ETF;证券ETF,沪深300;创业板;纳指,军工ETF;证券ETF
2017-10-31,1592800.8156561435,1792940.6285196687,-200139.81286352524,1.0,False,normal,-0.02886216860905166,5,沪深300;创业板;纳指;军工ETF;证券ETF,沪深300;创业板;纳指,军工ETF;证券ETF
2017-11-01,1591361.9636110323,1812532.4282151535,-221170.46460412117,1.0,False,normal,-0.029739443181645366,5,沪深300;创业板;纳指;军工ETF;证券ETF,沪深300;创业板;纳指,军工ETF;证券ETF
2017-11-02,1583993.8358590344,1825962.3139795403,-241968.4781205058,1.0,False,normal,-0.03423182385859715,4,沪深300;纳指;军工ETF;证券ETF,沪深300;纳指,军工ETF;证券ETF
2017-11-03,1580933.7715288398,1844638.1734387549,-263704.40190991503,1.0,False,normal,-0.03609755886345889,4,沪深300;纳指;军工ETF;证券ETF,沪深300;纳指,军工ETF;证券ETF
2017-11-06,1591481.830418018,1861173.5837159806,-269691.7532979627,1.0,False,normal,-0.029666359849537843,4,沪深300;纳指;军工ETF;证券ETF,沪深300;纳指,军工ETF;证券ETF
2017-11-07,1610025.4396238064,1814496.7029352738,-204471.26331146737,1.0,False,normal,-0.018360237795066018,4,沪深300;纳指;军工ETF;证券ETF,沪深300;纳指,军工ETF;证券ETF
2017-11-08,1615369.5432688466,0.0,1615369.5432688466,0.0,True,normal,-0.015101913732471372,0,,沪深300;纳指,证券ETF;军工ETF
2017-11-09,1615369.5432688466,0.0,1615369.5432688466,0.0,True,normal,-0.015101913732471372,0,,沪深300;纳指,军工ETF;证券ETF
2017-11-10,1615369.5432688466,0.0,1615369.5432688466,0.0,True,normal,-0.015101913732471372,0,,沪深300;纳指,证券ETF;军工ETF
2017-11-13,1615369.5432688466,0.0,1615369.5432688466,0.0,True,normal,-0.015101913732471372,0,,沪深300;创业板;纳指,证券ETF;军工ETF
2017-11-14,1615369.5432688466,0.0,1615369.5432688466,0.0,True,normal,-0.015101913732471372,0,,沪深300;纳指,证券ETF;军工ETF
2017-11-15,1615369.5432688466,0.0,1615369.5432688466,0.0,True,normal,-0.015101913732471372,0,,沪深300;纳指,证券ETF;军工ETF
2017-11-16,1615369.5432688466,0.0,1615369.5432688466,0.0,True,normal,-0.015101913732471372,0,,沪深300;纳指,军工ETF;证券ETF
2017-11-17,1615369.5432688466,0.0,1615369.5432688466,0.0,True,normal,-0.015101913732471372,0,,沪深300;纳指,证券ETF;军工ETF
2017-11-20,1615369.5432688466,0.0,1615369.5432688466,0.0,True,normal,-0.015101913732471372,0,,沪深300;纳指,证券ETF;军工ETF
2017-11-21,1615369.5432688466,0.0,1615369.5432688466,0.0,True,normal,-0.015101913732471372,0,,沪深300;纳指,证券ETF;军工ETF
2017-11-22,1615369.5432688466,0.0,1615369.5432688466,0.0,True,normal,-0.015101913732471372,0,,沪深300;纳指,证券ETF;军工ETF
2017-11-23,1615369.5432688466,0.0,1615369.5432688466,0.0,True,normal,-0.015101913732471372,0,,沪深300;纳指,证券ETF;军工ETF
2017-11-24,1615369.5432688466,0.0,1615369.5432688466,0.0,True,normal,-0.015101913732471372,0,,沪深300;纳指,证券ETF;军工ETF
2017-11-27,1615369.5432688466,0.0,1615369.5432688466,0.0,True,normal,-0.015101913732471372,0,,沪深300;纳指,军工ETF;证券ETF
2017-11-28,1615369.5432688466,0.0,1615369.5432688466,0.0,True,normal,-0.015101913732471372,0,,沪深300;纳指,证券ETF;军工ETF
2017-11-29,1615369.5432688466,0.0,1615369.5432688466,0.0,True,normal,-0.015101913732471372,0,,沪深300;纳指;黄金,证券ETF;军工ETF
2017-11-30,1615369.5432688466,0.0,1615369.5432688466,0.0,True,normal,-0.015101913732471372,0,,沪深300;纳指,证券ETF;军工ETF
2017-12-01,1615369.5432688466,0.0,1615369.5432688466,0.0,True,normal,-0.015101913732471372,0,,沪深300;纳指,证券ETF;军工ETF
2017-12-04,1615369.5432688466,0.0,1615369.5432688466,0.0,True,normal,-0.015101913732471372,0,,沪深300;纳指,证券ETF;军工ETF
2017-12-05,1615369.5432688466,0.0,1615369.5432688466,0.0,True,normal,-0.015101913732471372,0,,沪深300;纳指,证券ETF;军工ETF
2017-12-06,1615369.5432688466,0.0,1615369.5432688466,0.0,True,normal,-0.015101913732471372,0,,沪深300;纳指,证券ETF;军工ETF
2017-12-07,1615369.5432688466,0.0,1615369.5432688466,0.0,True,normal,-0.015101913732471372,0,,沪深300;纳指,军工ETF;证券ETF
2017-12-08,1615369.5432688466,0.0,1615369.5432688466,0.0,True,normal,-0.015101913732471372,0,,沪深300;纳指,证券ETF;军工ETF
2017-12-11,1615369.5432688466,0.0,1615369.5432688466,0.0,True,normal,-0.015101913732471372,0,,沪深300;纳指,证券ETF;军工ETF
2017-12-12,1615369.5432688466,0.0,1615369.5432688466,0.0,True,normal,-0.015101913732471372,0,,沪深300;纳指,军工ETF;证券ETF
2017-12-13,1615369.5432688466,0.0,1615369.5432688466,0.0,True,normal,-0.015101913732471372,0,,沪深300;纳指,证券ETF;军工ETF
2017-12-14,1615369.5432688466,0.0,1615369.5432688466,0.0,True,normal,-0.015101913732471372,0,,沪深300;纳指,军工ETF;证券ETF
2017-12-15,1615369.5432688466,0.0,1615369.5432688466,0.0,True,normal,-0.015101913732471372,0,,沪深300;纳指,军工ETF;证券ETF
2017-12-18,1615369.5432688466,0.0,1615369.5432688466,0.0,True,normal,-0.015101913732471372,0,,沪深300;纳指,军工ETF;证券ETF
2017-12-19,1615369.5432688466,0.0,1615369.5432688466,0.0,True,normal,-0.015101913732471372,0,,沪深300;纳指,军工ETF;证券ETF
2017-12-20,1615369.5432688466,0.0,1615369.5432688466,0.0,True,normal,-0.015101913732471372,0,,沪深300;纳指;国债ETF,军工ETF;证券ETF
2017-12-21,1615369.5432688466,0.0,1615369.5432688466,0.0,True,normal,-0.015101913732471372,0,,沪深300;纳指;国债ETF,军工ETF;证券ETF
2017-12-22,1615369.5432688466,0.0,1615369.5432688466,0.0,True,normal,-0.015101913732471372,0,,沪深300;纳指;国债ETF,军工ETF;证券ETF
2017-12-25,1615369.5432688466,0.0,1615369.5432688466,0.0,True,normal,-0.015101913732471372,0,,沪深300;纳指;国债ETF,军工ETF;证券ETF
2017-12-26,1615369.5432688466,0.0,1615369.5432688466,0.0,True,normal,-0.015101913732471372,0,,沪深300;纳指;国债ETF,军工ETF;证券ETF
2017-12-27,1615369.5432688466,0.0,1615369.5432688466,0.0,True,normal,-0.015101913732471372,0,,纳指;国债ETF,军工ETF;证券ETF
2017-12-28,1615369.5432688466,0.0,1615369.5432688466,0.0,True,normal,-0.015101913732471372,0,,沪深300;纳指;国债ETF,军工ETF;证券ETF
2017-12-29,1615369.5432688466,0.0,1615369.5432688466,0.0,True,normal,-0.015101913732471372,0,,纳指;黄金;国债ETF,军工ETF;证券ETF
2018-01-02,1615369.5432688466,0.0,1615369.5432688466,0.0,True,normal,-0.015101913732471372,0,,沪深300;纳指;黄金;国债ETF,军工ETF;证券ETF
2018-01-03,1615369.5432688466,0.0,1615369.5432688466,0.0,True,normal,-0.015101913732471372,0,,沪深300;纳指;黄金;国债ETF,军工ETF;证券ETF
2018-01-04,1615369.5432688466,0.0,1615369.5432688466,0.0,True,normal,-0.015101913732471372,0,,沪深300;纳指;国债ETF,军工ETF;证券ETF
2018-01-05,1615369.5432688466,0.0,1615369.5432688466,0.0,True,normal,-0.015101913732471372,0,,沪深300;纳指;国债ETF,军工ETF;证券ETF
2018-01-08,1615369.5432688466,0.0,1615369.5432688466,0.0,True,normal,-0.015101913732471372,0,,沪深300;纳指;黄金;国债ETF,证券ETF;军工ETF
2018-01-09,1615369.5432688466,0.0,1615369.5432688466,0.0,True,normal,-0.015101913732471372,0,,沪深300;纳指;黄金;国债ETF,证券ETF;军工ETF
2018-01-10,1615369.5432688466,0.0,1615369.5432688466,0.0,True,normal,-0.015101913732471372,0,,沪深300;纳指;黄金;国债ETF,证券ETF;军工ETF
2018-01-11,1615369.5432688466,0.0,1615369.5432688466,0.0,True,normal,-0.015101913732471372,0,,沪深300;纳指;黄金;国债ETF,证券ETF;军工ETF
2018-01-12,1615369.5432688466,0.0,1615369.5432688466,0.0,True,normal,-0.015101913732471372,0,,沪深300;纳指;黄金;国债ETF,证券ETF;军工ETF
2018-01-15,1615369.5432688466,0.0,1615369.5432688466,0.0,True,normal,-0.015101913732471372,0,,沪深300;纳指;黄金;国债ETF,证券ETF;军工ETF
2018-01-16,1615369.5432688466,0.0,1615369.5432688466,0.0,True,normal,-0.015101913732471372,0,,沪深300;纳指;黄金;国债ETF,证券ETF;军工ETF
2018-01-17,1615369.5432688466,0.0,1615369.5432688466,0.0,True,normal,-0.015101913732471372,0,,沪深300;纳指;黄金;国债ETF,证券ETF;军工ETF
2018-01-18,1615369.5432688466,0.0,1615369.5432688466,0.0,True,normal,-0.015101913732471372,0,,沪深300;纳指;黄金;国债ETF,证券ETF;军工ETF
2018-01-19,1615369.5432688466,0.0,1615369.5432688466,0.0,True,normal,-0.015101913732471372,0,,沪深300;纳指;黄金;国债ETF,证券ETF;军工ETF
2018-01-22,1615369.5432688466,0.0,1615369.5432688466,0.0,True,normal,-0.015101913732471372,0,,沪深300;创业板;纳指;黄金;国债ETF,证券ETF;军工ETF
2018-01-23,1615369.5432688466,0.0,1615369.5432688466,0.0,True,normal,-0.015101913732471372,0,,沪深300;纳指;黄金;国债ETF,证券ETF;军工ETF
2018-01-24,1615369.5432688466,0.0,1615369.5432688466,0.0,True,normal,-0.015101913732471372,0,,沪深300;创业板;纳指;黄金;国债ETF,证券ETF;军工ETF
2018-01-25,1615369.5432688466,0.0,1615369.5432688466,0.0,True,normal,-0.015101913732471372,0,,沪深300;创业板;纳指;黄金;国债ETF,证券ETF;军工ETF
2018-01-26,1615369.5432688466,0.0,1615369.5432688466,0.0,True,normal,-0.015101913732471372,0,,沪深300;创业板;纳指;黄金;国债ETF,证券ETF;军工ETF
2018-01-29,1615369.5432688466,0.0,1615369.5432688466,0.0,True,normal,-0.015101913732471372,0,,沪深300;创业板;纳指;黄金;国债ETF,证券ETF;军工ETF
2018-01-30,1615369.5432688466,0.0,1615369.5432688466,0.0,True,normal,-0.015101913732471372,0,,沪深300;创业板;纳指;黄金;国债ETF,证券ETF;军工ETF
2018-01-31,1615369.5432688466,0.0,1615369.5432688466,0.0,True,normal,-0.015101913732471372,0,,沪深300;纳指;黄金;国债ETF,证券ETF;军工ETF
2018-02-01,1615369.5432688466,0.0,1615369.5432688466,0.0,True,normal,-0.015101913732471372,0,,沪深300;纳指;黄金;国债ETF,证券ETF;军工ETF
2018-02-02,1615369.5432688466,0.0,1615369.5432688466,0.0,True,normal,-0.015101913732471372,0,,沪深300;纳指;黄金;国债ETF,证券ETF;军工ETF
2018-02-05,1615369.5432688466,0.0,1615369.5432688466,0.0,True,normal,-0.015101913732471372,0,,沪深300;纳指;黄金;国债ETF,证券ETF;军工ETF
2018-02-06,1615369.5432688466,0.0,1615369.5432688466,0.0,True,normal,-0.015101913732471372,0,,沪深300;黄金;国债ETF,证券ETF;军工ETF
2018-02-07,1615369.5432688466,0.0,1615369.5432688466,0.0,True,normal,-0.015101913732471372,0,,黄金;国债ETF,证券ETF;军工ETF
2018-02-08,1615369.5432688466,0.0,1615369.5432688466,0.0,True,normal,-0.015101913732471372,0,,黄金;国债ETF,证券ETF;军工ETF
2018-02-09,1615369.5432688466,0.0,1615369.5432688466,0.0,True,normal,-0.015101913732471372,0,,黄金;国债ETF,证券ETF;军工ETF
2018-02-12,1615369.5432688466,0.0,1615369.5432688466,0.0,True,normal,-0.015101913732471372,0,,黄金;国债ETF,证券ETF;军工ETF
2018-02-13,1615369.5432688466,0.0,1615369.5432688466,0.0,True,normal,-0.015101913732471372,0,,黄金;国债ETF,军工ETF;证券ETF
2018-02-14,1615369.5432688466,1449323.6408426843,166045.90242616227,1.0,False,normal,-0.015101913732471372,4,黄金;国债ETF;证券ETF;军工ETF,黄金;国债ETF,证券ETF;军工ETF
2018-02-22,1613072.3974275005,1449021.8012027065,164050.59622479393,1.0,False,normal,-0.01650249389844437,4,黄金;国债ETF;证券ETF;军工ETF,黄金;国债ETF,证券ETF;军工ETF
2018-02-23,1616874.7008149014,1458614.909209292,158259.79160560947,1.0,False,normal,-0.014184212397307728,4,黄金;国债ETF;军工ETF;证券ETF,黄金;国债ETF,军工ETF;证券ETF
2018-02-26,1628464.480300839,1457421.0623355885,171043.41796525056,0.8416350502280432,False,normal,-0.007117871643560512,6,沪深300;纳指;黄金;国债ETF;军工ETF;证券ETF,沪深300;纳指;黄金;国债ETF,军工ETF;证券ETF
2018-02-27,1629408.410328227,1465168.737248763,164239.67307946412,1.0,False,normal,-0.006542353254335684,5,纳指;黄金;国债ETF;军工ETF;证券ETF,纳指;黄金;国债ETF,军工ETF;证券ETF
2018-02-28,1620727.6329236918,1467483.8253018376,153243.80762185412,0.7454418556504079,False,normal,-0.011835062336704661,6,创业板;纳指;黄金;国债ETF;军工ETF;证券ETF,创业板;纳指;黄金;国债ETF,军工ETF;证券ETF
2018-03-01,1630175.5551134853,1483712.2726376783,146463.282475807,0.5599992378280958,False,normal,-0.006074621623490402,5,创业板;纳指;国债ETF;军工ETF;证券ETF,创业板;纳指;国债ETF,军工ETF;证券ETF
2018-03-02,1617997.9235498398,1500960.0043424454,117037.91920739436,0.5647329018054399,False,normal,-0.013499378436742662,6,创业板;纳指;国债ETF;有色ETF;军工ETF;证券ETF,创业板;纳指;国债ETF,有色ETF;军工ETF;证券ETF
2018-03-05,1627374.1006385041,1519555.863669143,107818.23696936108,0.578034367655767,False,normal,-0.0077826810348317725,6,创业板;纳指;国债ETF;有色ETF;军工ETF;证券ETF,创业板;纳指;国债ETF,有色ETF;军工ETF;证券ETF
2018-03-06,1638386.5780554034,1532747.3501945587,105639.2278608447,0.5939607777349053,False,normal,-0.0010683239527858384,6,创业板;纳指;国债ETF;有色ETF;军工ETF;证券ETF,创业板;纳指;国债ETF,有色ETF;军工ETF;证券ETF
2018-03-07,1627019.9252955301,1524129.0090677987,102890.91622773139,0.7766787313858143,False,normal,-0.007998623336673354,5,纳指;国债ETF;有色ETF;军工ETF;证券ETF,纳指;国债ETF,有色ETF;军工ETF;证券ETF
2018-03-08,1632523.7896041686,1541057.5498871314,91466.23971703718,0.7967241780140231,False,normal,-0.004642892477909703,5,纳指;国债ETF;有色ETF;军工ETF;证券ETF,纳指;国债ETF,有色ETF;军工ETF;证券ETF
2018-03-09,1641490.1982943434,1552766.6698044767,88723.52848986676,0.6074479031676522,False,normal,0.0,6,创业板;纳指;国债ETF;有色ETF;军工ETF;证券ETF,创业板;纳指;国债ETF,有色ETF;军工ETF;证券ETF
2018-03-12,1662742.0786841887,1565291.9870170318,97450.0916671569,0.6126935842043914,False,normal,0.0,6,创业板;纳指;国债ETF;有色ETF;军工ETF;证券ETF,创业板;纳指;国债ETF,有色ETF;军工ETF;证券ETF
2018-03-13,1656317.3905807082,1564804.1632305898,91513.22735011834,0.6282919391071574,False,normal,-0.0038639114182788203,6,创业板;纳指;国债ETF;有色ETF;军工ETF;证券ETF,创业板;纳指;国债ETF,有色ETF;军工ETF;证券ETF
2018-03-14,1642284.8191798262,1559992.2339845556,82292.5851952706,0.6233672172563239,False,normal,-0.012303326996181712,6,创业板;纳指;国债ETF;有色ETF;军工ETF;证券ETF,创业板;纳指;国债ETF,有色ETF;军工ETF;证券ETF
2018-03-15,1642025.4948932396,1572563.3223843565,69462.17250888306,0.6425307456570052,False,normal,-0.012459288819672594,6,创业板;纳指;国债ETF;有色ETF;军工ETF;证券ETF,创业板;纳指;国债ETF,有色ETF;军工ETF;证券ETF
2018-03-16,1631578.403123592,1567093.7823800626,64484.620743529405,0.6547504463929918,False,normal,-0.018742338911190613,6,创业板;纳指;国债ETF;有色ETF;军工ETF;证券ETF,创业板;纳指;国债ETF,有色ETF;军工ETF;证券ETF
2018-03-19,1636095.9773612136,1584498.764827728,51597.21253348561,0.6743290605673646,False,normal,-0.01602539664122857,6,创业板;纳指;国债ETF;有色ETF;军工ETF;证券ETF,创业板;纳指;国债ETF,有色ETF;军工ETF;证券ETF
2018-03-20,1634735.0992780293,1596968.1878385807,37766.911439448595,0.7472572944667192,False,normal,-0.016843850748230717,5,创业板;国债ETF;有色ETF;军工ETF;证券ETF,创业板;国债ETF,有色ETF;军工ETF;证券ETF
2018-03-21,1621704.903218531,1621704.9032185313,-2.3283064365386963e-10,0.7206080521850873,False,normal,-0.024680421570934433,5,创业板;国债ETF;军工ETF;有色ETF;证券ETF,创业板;国债ETF,军工ETF;有色ETF;证券ETF
2018-03-22,1615967.7195986037,1615967.7195986034,2.3283064365386963e-10,0.7398850799304683,False,normal,-0.028130856664552503,5,创业板;国债ETF;军工ETF;有色ETF;证券ETF,创业板;国债ETF,军工ETF;有色ETF;证券ETF
2018-03-23,1565112.7748960794,1448480.6503801174,116632.12451596209,1.0,False,normal,-0.058715843569297405,4,国债ETF;军工ETF;有色ETF;证券ETF,国债ETF,军工ETF;有色ETF;证券ETF
2018-03-26,1579157.6003896843,1441301.3814726025,137856.21891708183,0.5750118080419357,False,normal,-0.050269058181680794,5,创业板;国债ETF;军工ETF;有色ETF;证券ETF,创业板;国债ETF,军工ETF;有色ETF;证券ETF
2018-03-27,1607586.3560397977,1459569.026896698,148017.32914309972,0.5491896317046021,False,normal,-0.03317154437327917,5,创业板;国债ETF;军工ETF;有色ETF;证券ETF,创业板;国债ETF,军工ETF;有色ETF;证券ETF
2018-03-28,1600225.8304937843,1457863.877043571,142361.9534502132,0.5646431885036025,False,normal,-0.03759828357737637,5,创业板;国债ETF;军工ETF;有色ETF;证券ETF,创业板;国债ETF,军工ETF;有色ETF;证券ETF
2018-03-29,1604160.5331442957,1469979.1215802648,134181.41156403092,0.5823672842274928,False,normal,-0.035231889714519946,5,创业板;国债ETF;军工ETF;有色ETF;证券ETF,创业板;国债ETF,军工ETF;有色ETF;证券ETF
2018-03-30,1626198.1329668744,1495817.130642341,130381.00232453342,0.5701337521502009,False,normal,-0.021978120470875023,5,创业板;国债ETF;军工ETF;有色ETF;证券ETF,创业板;国债ETF,军工ETF;有色ETF;证券ETF
2018-04-02,1629002.3150657238,1505615.9202803834,123386.39478534041,0.5869120464180216,False,normal,-0.020291639966894193,5,创业板;国债ETF;军工ETF;证券ETF;有色ETF,创业板;国债ETF,军工ETF;证券ETF;有色ETF
2018-04-03,1618884.3247127577,1504347.0861989786,114537.23851377913,0.5955834944782351,False,normal,-0.026376763139438788,5,创业板;国债ETF;军工ETF;证券ETF;有色ETF,创业板;国债ETF,军工ETF;证券ETF;有色ETF
2018-04-04,1606520.673135537,1502762.5138804847,103758.15925505222,0.5976407405698878,False,normal,-0.033812463321516786,5,创业板;国债ETF;军工ETF;证券ETF;有色ETF,创业板;国债ETF,军工ETF;证券ETF;有色ETF
2018-04-09,1613615.5896023125,1514618.6721619065,98996.91744040605,0.6160307307669358,False,normal,-0.02954546571693932,5,创业板;国债ETF;军工ETF;证券ETF;有色ETF,创业板;国债ETF,军工ETF;证券ETF;有色ETF
2018-04-10,1613772.8564482795,1526282.3509239554,87490.50552432402,1.0,False,normal,-0.02945088289018403,6,创业板;黄金;国债ETF;军工ETF;证券ETF;有色ETF,创业板;黄金;国债ETF,军工ETF;证券ETF;有色ETF
2018-04-11,1615858.981209672,1540731.1794268948,75127.8017827773,0.5964448113673292,False,normal,-0.028196253691743674,6,创业板;纳指;国债ETF;军工ETF;证券ETF;有色ETF,创业板;纳指;国债ETF,军工ETF;证券ETF;有色ETF
2018-04-12,1609445.7883674705,1541089.0075777178,68356.78078975272,0.8516879411576573,False,normal,-0.032053251673821954,7,创业板;纳指;黄金;国债ETF;军工ETF;证券ETF;有色ETF,创业板;纳指;黄金;国债ETF,军工ETF;证券ETF;有色ETF
2018-04-13,1609270.9506084851,1553045.6191208095,56225.33148767566,1.0,False,normal,-0.032158401932077106,7,创业板;纳指;黄金;国债ETF;军工ETF;证券ETF;有色ETF,创业板;纳指;黄金;国债ETF,军工ETF;证券ETF;有色ETF
2018-04-16,1608387.783820773,1561220.640983349,47167.142837424064,1.0,False,normal,-0.03268955273353576,7,创业板;纳指;黄金;国债ETF;军工ETF;有色ETF;证券ETF,创业板;纳指;黄金;国债ETF,军工ETF;有色ETF;证券ETF
2018-04-17,1595623.7121307075,1547003.557523845,48620.15460686246,1.0,False,normal,-0.040366072052855806,7,创业板;纳指;黄金;国债ETF;军工ETF;证券ETF;有色ETF,创业板;纳指;黄金;国债ETF,军工ETF;证券ETF;有色ETF
2018-04-18,1614276.3265713246,1559672.1081962055,54604.21837511915,1.0,False,normal,-0.029148087808794396,7,创业板;纳指;黄金;国债ETF;军工ETF;证券ETF;有色ETF,创业板;纳指;黄金;国债ETF,军工ETF;证券ETF;有色ETF
2018-04-19,1622113.174097414,1559482.9700292747,62630.204068139195,1.0,False,normal,-0.024434880855921114,7,创业板;纳指;黄金;国债ETF;军工ETF;有色ETF;证券ETF,创业板;纳指;黄金;国债ETF,军工ETF;有色ETF;证券ETF
2018-04-20,1604940.3535246998,1529528.086596713,75412.26692798687,1.0,False,normal,-0.034762893115227025,7,创业板;纳指;黄金;国债ETF;军工ETF;有色ETF;证券ETF,创业板;纳指;黄金;国债ETF,军工ETF;有色ETF;证券ETF
2018-04-23,1588534.3167340278,1516984.7463213562,71549.57041267166,0.6711800003387861,False,normal,-0.04462974919651109,5,创业板;国债ETF;军工ETF;有色ETF;证券ETF,创业板;国债ETF,军工ETF;有色ETF;证券ETF
2018-04-24,1615100.9936213216,1530312.3890180688,84788.60460325284,0.6330332462733059,False,normal,-0.02865211969650026,5,创业板;国债ETF;军工ETF;证券ETF;有色ETF,创业板;国债ETF,军工ETF;证券ETF;有色ETF
2018-04-25,1617362.7871811045,1544285.171388899,73077.61579220556,0.6509902963486949,False,normal,-0.02729184043925504,5,创业板;国债ETF;军工ETF;证券ETF;有色ETF,创业板;国债ETF,军工ETF;证券ETF;有色ETF
2018-04-26,1598408.6604717907,1521105.1512019907,77303.50926980004,1.0,False,normal,-0.038691159042121684,6,创业板;黄金;国债ETF;军工ETF;证券ETF;有色ETF,创业板;黄金;国债ETF,军工ETF;证券ETF;有色ETF
2018-04-27,1602928.3725598885,1537996.0860793528,64932.28648053575,1.0,False,normal,-0.035972931034279065,6,创业板;黄金;国债ETF;军工ETF;证券ETF;有色ETF,创业板;黄金;国债ETF,军工ETF;证券ETF;有色ETF
2018-05-02,1598222.7472964833,1545750.6169616997,52472.13033478358,0.6748130925526429,False,normal,-0.03880297023502454,5,创业板;国债ETF;军工ETF;证券ETF;有色ETF,创业板;国债ETF,军工ETF;证券ETF;有色ETF
2018-05-03,1612291.5211998723,1561552.4543113522,50739.06688852003,0.6816146962840776,False,normal,-0.030341781886124197,5,创业板;国债ETF;军工ETF;证券ETF;有色ETF,创业板;国债ETF,军工ETF;证券ETF;有色ETF
2018-05-04,1605458.802327594,1567859.1608255627,37599.64150203136,0.6964226267459847,False,normal,-0.03445108961332462,5,创业板;国债ETF;军工ETF;证券ETF;有色ETF,创业板;国债ETF,军工ETF;证券ETF;有色ETF
2018-05-07,1624012.6812715516,1583783.3103632063,40229.37090834533,0.6912371837535309,False,normal,-0.0232924864951307,5,创业板;国债ETF;军工ETF;证券ETF;有色ETF,创业板;国债ETF,军工ETF;证券ETF;有色ETF
2018-05-08,1627897.956179976,1627897.956179976,0.0,0.7129474424815354,False,normal,-0.020955819276424738,5,创业板;国债ETF;证券ETF;军工ETF;有色ETF,创业板;国债ETF,证券ETF;军工ETF;有色ETF
2018-05-09,1622120.0320017212,1622120.0320017214,-2.3283064365386963e-10,1.0,False,normal,-0.024430756401265623,4,国债ETF;军工ETF;证券ETF;有色ETF,国债ETF,军工ETF;证券ETF;有色ETF
2018-05-10,1621141.0913894172,1621141.0913894172,0.0,1.0,False,normal,-0.025019507131071362,4,国债ETF;军工ETF;证券ETF;有色ETF,国债ETF,军工ETF;证券ETF;有色ETF
2018-05-11,1621164.197209056,1621164.197209056,0.0,1.0,False,normal,-0.02500561091713955,4,国债ETF;军工ETF;证券ETF;有色ETF,国债ETF,军工ETF;证券ETF;有色ETF
2018-05-14,1619009.321634848,1619009.3216348481,-2.3283064365386963e-10,1.0,False,normal,-0.02630158796723824,4,国债ETF;证券ETF;军工ETF;有色ETF,国债ETF,证券ETF;军工ETF;有色ETF
2018-05-15,1621142.9000197568,1621142.9000197565,2.3283064365386963e-10,0.7794622460583152,False,normal,-0.025018419391509852,5,创业板;国债ETF;证券ETF;军工ETF;有色ETF,创业板;国债ETF,证券ETF;军工ETF;有色ETF
2018-05-16,1613147.0467139846,1655707.0200261972,-42559.97331221262,0.7988000641172118,False,normal,-0.029827254994022362,5,创业板;国债ETF;有色ETF;军工ETF;证券ETF,创业板;国债ETF,有色ETF;军工ETF;证券ETF
2018-05-17,1604462.957261581,1659565.6130059615,-55102.65574438055,1.0,False,normal,-0.03505000695521393,4,国债ETF;有色ETF;军工ETF;证券ETF,国债ETF,有色ETF;军工ETF;证券ETF
2018-05-18,1607997.0781045642,1672812.0567431832,-64814.97863861895,1.0,False,normal,-0.0329245294753994,5,纳指;国债ETF;证券ETF;军工ETF;有色ETF,纳指;国债ETF,证券ETF;军工ETF;有色ETF
2018-05-21,1616918.230979822,1687100.022187299,-70181.79120747698,0.8519304849099,False,normal,-0.027559203734489755,6,创业板;纳指;国债ETF;证券ETF;军工ETF;有色ETF,创业板;纳指;国债ETF,证券ETF;军工ETF;有色ETF
2018-05-22,1616696.3786402184,1702693.79367611,-85997.41503589158,1.0,False,normal,-0.027692629322527598,6,创业板;纳指;国债ETF;证券ETF;军工ETF;有色ETF,创业板;纳指;国债ETF,证券ETF;军工ETF;有色ETF
2018-05-23,1602009.7326921572,1685189.617566559,-83179.88487440185,1.0,False,normal,-0.03652541592024427,6,创业板;纳指;国债ETF;证券ETF;军工ETF;有色ETF,创业板;纳指;国债ETF,证券ETF;军工ETF;有色ETF
2018-05-24,1601545.3654513818,1699296.0734086188,-97750.70795723703,1.0,False,normal,-0.0368046938953003,6,创业板;纳指;国债ETF;有色ETF;军工ETF;证券ETF,创业板;纳指;国债ETF,有色ETF;军工ETF;证券ETF
2018-05-25,1590752.567318485,1696161.579791357,-105409.01247287216,1.0,False,normal,-0.043295657389432696,5,纳指;国债ETF;证券ETF;军工ETF;有色ETF,纳指;国债ETF,证券ETF;军工ETF;有色ETF
2018-05-28,1585845.4568962129,1694790.007185545,-108944.55028933217,1.0,False,normal,-0.046246873026048595,6,沪深300;纳指;国债ETF;证券ETF;军工ETF;有色ETF,沪深300;纳指;国债ETF,证券ETF;军工ETF;有色ETF
2018-05-29,1575539.4606287123,1690849.6089084102,-115310.14827969787,1.0,False,normal,-0.05244506599874116,5,纳指;国债ETF;有色ETF;军工ETF;证券ETF,纳指;国债ETF,有色ETF;军工ETF;证券ETF
2018-05-30,1554279.1678836811,1554279.1678836811,0.0,1.0,False,normal,-0.06523135018411254,5,纳指;国债ETF;军工ETF;有色ETF;证券ETF,纳指;国债ETF,军工ETF;有色ETF;证券ETF
2018-05-31,1564453.5878967566,1564453.5878967564,2.3283064365386963e-10,1.0,False,normal,-0.05911228930058274,5,纳指;国债ETF;军工ETF;有色ETF;证券ETF,纳指;国债ETF,军工ETF;有色ETF;证券ETF
2018-06-01,1561629.9662504618,1615020.9627933803,-53390.996542918496,1.0,False,normal,-0.06081046106305434,5,纳指;国债ETF;军工ETF;有色ETF;证券ETF,纳指;国债ETF,军工ETF;有色ETF;证券ETF
2018-06-04,1568644.3307859297,1637629.1088686252,-68984.77808269556,1.0,False,normal,-0.05659190869381452,5,纳指;国债ETF;证券ETF;军工ETF;有色ETF,纳指;国债ETF,证券ETF;军工ETF;有色ETF
2018-06-05,1581434.905109615,1636563.0327771204,-55128.127667505294,1.0,False,normal,-0.048899450261652155,5,纳指;国债ETF;有色ETF;军工ETF;证券ETF,纳指;国债ETF,有色ETF;军工ETF;证券ETF
2018-06-06,1584450.9113732653,1651788.6839690143,-67337.772595749,1.0,False,normal,-0.04708557527628041,5,纳指;国债ETF;有色ETF;军工ETF;证券ETF,纳指;国债ETF,有色ETF;军工ETF;证券ETF
2018-06-07,1587171.8531391553,1671696.7216981985,-84524.86855904316,1.0,False,normal,-0.045449156855906274,5,纳指;国债ETF;证券ETF;军工ETF;有色ETF,纳指;国债ETF,证券ETF;军工ETF;有色ETF
2018-06-08,1569152.1243631649,1634889.724360909,-65737.5999977442,1.0,False,normal,-0.056286513417093655,5,纳指;国债ETF;军工ETF;有色ETF;证券ETF,纳指;国债ETF,军工ETF;有色ETF;证券ETF
2018-06-11,1575439.6236926229,1657084.0536760092,-81644.4299833863,1.0,False,normal,-0.05250510954811019,5,纳指;国债ETF;证券ETF;军工ETF;有色ETF,纳指;国债ETF,证券ETF;军工ETF;有色ETF
2018-06-12,1578378.531793085,1670057.1131871652,-91678.5813940803,0.7063778879466048,False,normal,-0.05073760264602484,5,沪深300;纳指;证券ETF;有色ETF;军工ETF,沪深300;纳指,证券ETF;有色ETF;军工ETF
2018-06-13,1565616.9657060872,1641447.399599809,-75830.43389372178,1.0,False,normal,-0.05841261505510311,6,沪深300;纳指;国债ETF;证券ETF;有色ETF;军工ETF,沪深300;纳指;国债ETF,证券ETF;有色ETF;军工ETF
2018-06-14,1561111.4482895997,1653556.4964930401,-92445.04820344038,0.7384745225948741,False,normal,-0.06112230615767801,5,沪深300;纳指;证券ETF;有色ETF;军工ETF,沪深300;纳指,证券ETF;有色ETF;军工ETF
2018-06-15,1559224.8037806544,1645554.5909756552,-86329.7871950008,0.6494072042615358,False,normal,-0.06225696470342089,4,纳指;证券ETF;有色ETF;军工ETF,纳指,证券ETF;有色ETF;军工ETF
2018-06-19,1509113.5270229785,1365590.0917756085,143523.43524737004,1.0,False,warning,-0.09239469766879546,5,纳指;国债ETF;有色ETF;证券ETF;军工ETF,纳指;国债ETF,有色ETF;证券ETF;军工ETF
2018-06-20,1515920.1638983414,1371540.8504248478,144379.31347349356,1.0,False,warning,-0.08830107607671471,5,纳指;国债ETF;有色ETF;军工ETF;证券ETF,纳指;国债ETF,有色ETF;军工ETF;证券ETF
2018-06-21,1516056.8500531442,1365598.8684227518,150457.98163039237,1.0,False,warning,-0.0882188708107537,5,纳指;国债ETF;证券ETF;有色ETF;军工ETF,纳指;国债ETF,证券ETF;有色ETF;军工ETF
2018-06-22,1518196.9626752026,1360313.418047461,157883.54462774168,1.0,False,warning,-0.08693177243903746,5,纳指;国债ETF;有色ETF;证券ETF;军工ETF,纳指;国债ETF,有色ETF;证券ETF;军工ETF
2018-06-25,1512623.8543526088,1364555.3329165517,148068.52143605705,1.0,False,warning,-0.09028352999304376,5,纳指;国债ETF;有色ETF;证券ETF;军工ETF,纳指;国债ETF,有色ETF;证券ETF;军工ETF
2018-06-26,1508743.34181074,1358636.5923534587,150106.74945728132,1.0,False,warning,-0.09261733304741739,5,纳指;国债ETF;有色ETF;证券ETF;军工ETF,纳指;国债ETF,有色ETF;证券ETF;军工ETF
2018-06-27,1502898.0151189365,1362838.1424472933,140059.87267164327,1.0,False,warning,-0.0961328071349134,5,纳指;国债ETF;军工ETF;有色ETF;证券ETF,纳指;国债ETF,军工ETF;有色ETF;证券ETF
2018-06-28,1497267.4081342635,1366939.5995584645,130327.80857579899,0.5969117767317058,False,warning,-0.09951914531499294,4,纳指;有色ETF;证券ETF;军工ETF,纳指,有色ETF;证券ETF;军工ETF
2018-06-29,1529479.953514577,0.0,1529479.953514577,0.0,True,warning,-0.08014599911675345,0,,纳指;国债ETF,有色ETF;军工ETF;证券ETF
2018-07-02,1529479.953514577,0.0,1529479.953514577,0.0,True,warning,-0.08014599911675345,0,,纳指;国债ETF,有色ETF;军工ETF;证券ETF
2018-07-03,1529479.953514577,0.0,1529479.953514577,0.0,True,warning,-0.08014599911675345,0,,纳指;国债ETF,军工ETF;有色ETF;证券ETF
2018-07-04,1529479.953514577,0.0,1529479.953514577,0.0,True,warning,-0.08014599911675345,0,,纳指;国债ETF,有色ETF;军工ETF;证券ETF
2018-07-05,1529479.953514577,0.0,1529479.953514577,0.0,True,warning,-0.08014599911675345,0,,纳指;国债ETF,军工ETF;证券ETF;有色ETF
2018-07-06,1529479.953514577,0.0,1529479.953514577,0.0,True,warning,-0.08014599911675345,0,,纳指;国债ETF,军工ETF;证券ETF;有色ETF
2018-07-09,1529479.953514577,0.0,1529479.953514577,0.0,True,warning,-0.08014599911675345,0,,纳指;国债ETF,军工ETF;证券ETF;有色ETF
2018-07-10,1529479.953514577,0.0,1529479.953514577,0.0,True,warning,-0.08014599911675345,0,,纳指;国债ETF,军工ETF;证券ETF;有色ETF
2018-07-11,1529479.953514577,0.0,1529479.953514577,0.0,True,warning,-0.08014599911675345,0,,纳指;黄金;国债ETF,证券ETF;军工ETF;有色ETF
2018-07-12,1529479.953514577,0.0,1529479.953514577,0.0,True,warning,-0.08014599911675345,0,,纳指;黄金;国债ETF,有色ETF;军工ETF;证券ETF
2018-07-13,1529479.953514577,0.0,1529479.953514577,0.0,True,warning,-0.08014599911675345,0,,纳指;黄金;国债ETF,有色ETF;军工ETF;证券ETF
2018-07-16,1529479.953514577,0.0,1529479.953514577,0.0,True,warning,-0.08014599911675345,0,,纳指;黄金;国债ETF,有色ETF;军工ETF;证券ETF
2018-07-17,1529479.953514577,0.0,1529479.953514577,0.0,True,warning,-0.08014599911675345,0,,纳指;黄金;国债ETF,有色ETF;军工ETF;证券ETF
2018-07-18,1529479.953514577,0.0,1529479.953514577,0.0,True,warning,-0.08014599911675345,0,,纳指;国债ETF,军工ETF;有色ETF;证券ETF
2018-07-19,1529479.953514577,0.0,1529479.953514577,0.0,True,warning,-0.08014599911675345,0,,纳指;国债ETF,有色ETF;军工ETF;证券ETF
2018-07-20,1529479.953514577,0.0,1529479.953514577,0.0,True,warning,-0.08014599911675345,0,,纳指;国债ETF,证券ETF;军工ETF;有色ETF
2018-07-23,1529479.953514577,0.0,1529479.953514577,0.0,True,warning,-0.08014599911675345,0,,纳指;黄金;国债ETF,有色ETF;军工ETF;证券ETF
2018-07-24,1529479.953514577,0.0,1529479.953514577,0.0,True,warning,-0.08014599911675345,0,,纳指;国债ETF,军工ETF;有色ETF;证券ETF
2018-07-25,1529479.953514577,1411646.9102447778,117833.04326979909,1.0,False,warning,-0.08014599911675345,5,纳指;国债ETF;军工ETF;有色ETF;证券ETF,纳指;国债ETF,军工ETF;有色ETF;证券ETF
2018-07-26,1528539.7853854622,1418103.6722122044,110436.11317325779,1.0,False,warning,-0.08071143144758053,5,纳指;国债ETF;军工ETF;有色ETF;证券ETF,纳指;国债ETF,军工ETF;有色ETF;证券ETF
2018-07-27,1525968.458136715,1425039.8070044424,100928.65113227256,1.0,False,warning,-0.0822578692756182,5,纳指;国债ETF;军工ETF;有色ETF;证券ETF,纳指;国债ETF,军工ETF;有色ETF;证券ETF
2018-07-30,1521802.4343340516,1430986.5154247102,90815.91890934133,1.0,False,warning,-0.08476338342364542,6,纳指;黄金;国债ETF;军工ETF;有色ETF;证券ETF,纳指;黄金;国债ETF,军工ETF;有色ETF;证券ETF
2018-07-31,1513082.3259589057,1433991.4880358344,79090.83792307135,1.0,False,warning,-0.0900077977479924,6,纳指;黄金;国债ETF;军工ETF;证券ETF;有色ETF,纳指;黄金;国债ETF,军工ETF;证券ETF;有色ETF
2018-08-01,1509685.4302693503,1419082.2510056808,90603.17926366953,1.0,False,warning,-0.09205074579934837,6,纳指;黄金;国债ETF;有色ETF;军工ETF;证券ETF,纳指;黄金;国债ETF,有色ETF;军工ETF;证券ETF
2018-08-02,1499100.3407975475,1390151.1079633117,108949.23283423577,1.0,False,warning,-0.09841678994263446,5,纳指;国债ETF;有色ETF;军工ETF;证券ETF,纳指;国债ETF,有色ETF;军工ETF;证券ETF
2018-08-03,1511273.2998351115,1409606.075071617,101667.22476349445,1.0,False,warning,-0.0910957753405399,5,纳指;国债ETF;有色ETF;军工ETF;证券ETF,纳指;国债ETF,有色ETF;军工ETF;证券ETF
2018-08-06,1515846.8787210335,1408091.6890350217,107755.18968601176,1.0,False,warning,-0.08834515096857401,5,纳指;国债ETF;证券ETF;军工ETF;有色ETF,纳指;国债ETF,证券ETF;军工ETF;有色ETF
2018-08-07,1522226.67878682,1393203.2694162098,129023.40937061026,1.0,False,warning,-0.08450823594274195,5,纳指;国债ETF;证券ETF;军工ETF;有色ETF,纳指;国债ETF,证券ETF;军工ETF;有色ETF
2018-08-08,1507466.227829492,1383734.055304878,123732.17252461403,1.0,False,warning,-0.09338541006767224,5,纳指;国债ETF;证券ETF;军工ETF;有色ETF,纳指;国债ETF,证券ETF;军工ETF;有色ETF
2018-08-09,1508058.663501231,1367935.915815403,140122.747685828,1.0,False,warning,-0.09302910966526234,5,纳指;国债ETF;证券ETF;军工ETF;有色ETF,纳指;国债ETF,证券ETF;军工ETF;有色ETF
2018-08-10,1507360.6356450843,1376030.8317705332,131329.8038745511,1.0,False,warning,-0.09344891491653684,5,纳指;国债ETF;证券ETF;军工ETF;有色ETF,纳指;国债ETF,证券ETF;军工ETF;有色ETF
2018-08-13,1507233.4749365987,1383898.7400304803,123334.73490611836,1.0,False,warning,-0.09352539142489961,6,纳指;黄金;国债ETF;军工ETF;证券ETF;有色ETF,纳指;黄金;国债ETF,军工ETF;证券ETF;有色ETF
2018-08-14,1505455.7096285443,1391947.4427758649,113508.26685267943,1.0,False,warning,-0.09459456825685976,5,纳指;国债ETF;军工ETF;证券ETF;有色ETF,纳指;国债ETF,军工ETF;证券ETF;有色ETF
2018-08-15,1503192.2798304944,1388801.024400739,114391.25542975543,1.0,False,warning,-0.09595583157428361,5,纳指;国债ETF;军工ETF;证券ETF;有色ETF,纳指;国债ETF,军工ETF;证券ETF;有色ETF
2018-08-16,1492635.5006597359,1389548.668749324,103086.83191041183,1.0,False,warning,-0.10230484944427862,5,纳指;国债ETF;证券ETF;军工ETF;有色ETF,纳指;国债ETF,证券ETF;军工ETF;有色ETF
2018-08-17,1485398.62550195,1389923.145008079,95475.48049387103,0.4861282876057488,False,warning,-0.10665722330343586,4,纳指;证券ETF;军工ETF;有色ETF,纳指,证券ETF;军工ETF;有色ETF
2018-08-20,1485545.9472140812,1387385.5618874598,98160.38532662136,1.0,False,warning,-0.10656862164114574,5,纳指;国债ETF;证券ETF;军工ETF;有色ETF,纳指;国债ETF,证券ETF;军工ETF;有色ETF
2018-08-21,1485994.0774110085,0.0,1485994.0774110085,0.0,True,warning,-0.10629910888707989,0,,纳指;国债ETF,证券ETF;军工ETF;有色ETF
2018-08-22,1485994.0774110085,0.0,1485994.0774110085,0.0,True,warning,-0.10629910888707989,0,,纳指;国债ETF,证券ETF;军工ETF;有色ETF
2018-08-23,1485994.0774110085,0.0,1485994.0774110085,0.0,True,warning,-0.10629910888707989,0,,纳指,证券ETF;军工ETF;有色ETF
2018-08-24,1485994.0774110085,0.0,1485994.0774110085,0.0,True,warning,-0.10629910888707989,0,,纳指;国债ETF,证券ETF;军工ETF;有色ETF
2018-08-27,1485994.0774110085,0.0,1485994.0774110085,0.0,True,warning,-0.10629910888707989,0,,沪深300;纳指;国债ETF,军工ETF;证券ETF;有色ETF
2018-08-28,1485994.0774110085,0.0,1485994.0774110085,0.0,True,warning,-0.10629910888707989,0,,沪深300;纳指;国债ETF,军工ETF;证券ETF;有色ETF
2018-08-29,1485994.0774110085,0.0,1485994.0774110085,0.0,True,warning,-0.10629910888707989,0,,沪深300;纳指;国债ETF,军工ETF;证券ETF;有色ETF
2018-08-30,1485994.0774110085,0.0,1485994.0774110085,0.0,True,warning,-0.10629910888707989,0,,沪深300;纳指;国债ETF,军工ETF;证券ETF;有色ETF
2018-08-31,1485994.0774110085,0.0,1485994.0774110085,0.0,True,warning,-0.10629910888707989,0,,纳指;国债ETF,军工ETF;证券ETF;有色ETF
2018-09-03,1485994.0774110085,0.0,1485994.0774110085,0.0,True,warning,-0.10629910888707989,0,,纳指;国债ETF,军工ETF;证券ETF;有色ETF
2018-09-04,1485994.0774110085,0.0,1485994.0774110085,0.0,True,warning,-0.10629910888707989,0,,纳指;国债ETF,军工ETF;证券ETF;有色ETF
2018-09-05,1485994.0774110085,0.0,1485994.0774110085,0.0,True,warning,-0.10629910888707989,0,,纳指;国债ETF,军工ETF;证券ETF;有色ETF
2018-09-06,1485994.0774110085,0.0,1485994.0774110085,0.0,True,warning,-0.10629910888707989,0,,纳指;国债ETF,军工ETF;证券ETF;有色ETF
2018-09-07,1485994.0774110085,0.0,1485994.0774110085,0.0,True,warning,-0.10629910888707989,0,,纳指;国债ETF,军工ETF;证券ETF;有色ETF
2018-09-10,1485994.0774110085,0.0,1485994.0774110085,0.0,True,warning,-0.10629910888707989,0,,纳指,军工ETF;证券ETF;有色ETF
2018-09-11,1485994.0774110085,0.0,1485994.0774110085,0.0,True,warning,-0.10629910888707989,0,,纳指;黄金,军工ETF;证券ETF;有色ETF
2018-09-12,1485994.0774110085,0.0,1485994.0774110085,0.0,True,warning,-0.10629910888707989,0,,纳指,军工ETF;证券ETF;有色ETF
2018-09-13,1485994.0774110085,0.0,1485994.0774110085,0.0,True,warning,-0.10629910888707989,0,,纳指,军工ETF;证券ETF;有色ETF
2018-09-14,1485994.0774110085,0.0,1485994.0774110085,0.0,True,warning,-0.10629910888707989,0,,纳指,军工ETF;证券ETF;有色ETF
2018-09-17,1485994.0774110085,0.0,1485994.0774110085,0.0,True,warning,-0.10629910888707989,0,,纳指,军工ETF;证券ETF;有色ETF
2018-09-18,1485994.0774110085,0.0,1485994.0774110085,0.0,True,warning,-0.10629910888707989,0,,纳指,军工ETF;证券ETF;有色ETF
2018-09-19,1485994.0774110085,0.0,1485994.0774110085,0.0,True,warning,-0.10629910888707989,0,,纳指,军工ETF;证券ETF;有色ETF
2018-09-20,1485994.0774110085,0.0,1485994.0774110085,0.0,True,warning,-0.10629910888707989,0,,纳指,军工ETF;证券ETF;有色ETF
2018-09-21,1485994.0774110085,0.0,1485994.0774110085,0.0,True,warning,-0.10629910888707989,0,,纳指,军工ETF;证券ETF;有色ETF
2018-09-25,1485994.0774110085,0.0,1485994.0774110085,0.0,True,warning,-0.10629910888707989,0,,纳指,军工ETF;证券ETF;有色ETF
2018-09-26,1485994.0774110085,0.0,1485994.0774110085,0.0,True,warning,-0.10629910888707989,0,,纳指,军工ETF;证券ETF;有色ETF
2018-09-27,1485994.0774110085,1485994.0774110085,0.0,0.7610676862502321,False,warning,-0.10629910888707989,5,沪深300;纳指;军工ETF;证券ETF;有色ETF,沪深300;纳指,军工ETF;证券ETF;有色ETF
2018-09-28,1501158.5738585228,1501158.573858523,-2.3283064365386963e-10,0.752018487006383,False,warning,-0.09717893526429246,5,沪深300;纳指;军工ETF;证券ETF;有色ETF,沪深300;纳指,军工ETF;证券ETF;有色ETF
2018-10-08,1446791.2810064713,697485.8331020109,749305.4479044604,0.5,False,halve,-0.12987630519858506,5,沪深300;国债ETF;军工ETF;有色ETF;证券ETF,沪深300;国债ETF,军工ETF;有色ETF;证券ETF
2018-10-09,1446247.670615272,196531.2587765425,1249716.4118387294,0.5,False,halve,-0.13020324128697078,3,证券ETF;有色ETF;军工ETF,,证券ETF;有色ETF;军工ETF
2018-10-10,1446718.7909976924,217007.81864965387,1229710.9723480386,0.5,False,halve,-0.12991990186322003,3,证券ETF;有色ETF;军工ETF,,证券ETF;有色ETF;军工ETF
2018-10-11,1429486.81379697,616127.3469357692,813359.4668612009,0.5,False,halve,-0.14028349187614547,5,黄金;国债ETF;证券ETF;有色ETF;军工ETF,黄金;国债ETF,证券ETF;有色ETF;军工ETF
2018-10-12,1433774.0672832257,620855.9823491608,812918.0849340649,0.5,False,halve,-0.13770506823412856,5,黄金;国债ETF;军工ETF;有色ETF;证券ETF,黄金;国债ETF,军工ETF;有色ETF;证券ETF
2018-10-15,1435073.4665005822,624891.650257942,810181.8162426401,0.5,False,halve,-0.13692358851215944,5,黄金;国债ETF;证券ETF;有色ETF;军工ETF,黄金;国债ETF,证券ETF;有色ETF;军工ETF
2018-10-16,1432481.7577929767,626039.7610692693,806441.9967237074,0.5,False,halve,-0.13848228407945778,5,黄金;国债ETF;证券ETF;有色ETF;军工ETF,黄金;国债ETF,证券ETF;有色ETF;军工ETF
2018-10-17,1432406.9880175227,628921.6328276326,803485.3551898901,0.5,False,halve,-0.13852725183267248,5,黄金;国债ETF;证券ETF;军工ETF;有色ETF,黄金;国债ETF,证券ETF;军工ETF;有色ETF
2018-10-18,1429932.908270337,628597.5511378235,801335.3571325134,0.5,False,halve,-0.14001520343918,5,黄金;国债ETF;证券ETF;军工ETF;有色ETF,黄金;国债ETF,证券ETF;军工ETF;有色ETF
2018-10-19,1434033.372403347,627051.2572706088,806982.1151327381,0.5,False,halve,-0.1375491179376602,5,黄金;国债ETF;证券ETF;军工ETF;有色ETF,黄金;国债ETF,证券ETF;军工ETF;有色ETF
2018-10-22,1442028.7599594588,604694.4661313954,837334.2938280634,0.5,False,halve,-0.1327405624445322,6,沪深300;黄金;国债ETF;证券ETF;军工ETF;有色ETF,沪深300;黄金;国债ETF,证券ETF;军工ETF;有色ETF
2018-10-23,1435896.8646945725,604605.9238357978,831290.9408587747,0.5,False,halve,-0.13642838351040598,5,黄金;国债ETF;证券ETF;军工ETF;有色ETF,黄金;国债ETF,证券ETF;军工ETF;有色ETF
2018-10-24,1437335.9886910203,607476.0097292438,829859.9789617765,0.5,False,halve,-0.13556287104464423,5,黄金;国债ETF;证券ETF;军工ETF;有色ETF,黄金;国债ETF,证券ETF;军工ETF;有色ETF
2018-10-25,1439311.321745157,611201.3654456588,828109.9562994982,0.5,False,halve,-0.13437487377227117,5,黄金;国债ETF;证券ETF;军工ETF;有色ETF,黄金;国债ETF,证券ETF;军工ETF;有色ETF
2018-10-26,1438300.5914871483,613877.388802196,824423.2026849523,0.5,False,halve,-0.134982743309565,5,黄金;国债ETF;证券ETF;军工ETF;有色ETF,黄金;国债ETF,证券ETF;军工ETF;有色ETF
2018-10-29,1436272.125206103,615325.4296362839,820946.6955698192,0.5,False,halve,-0.13620269576463875,5,黄金;国债ETF;证券ETF;军工ETF;有色ETF,黄金;国债ETF,证券ETF;军工ETF;有色ETF
2018-10-30,1438364.6713541057,616003.5248969966,822361.1464571091,0.5,False,halve,-0.13494420464035173,5,黄金;国债ETF;证券ETF;军工ETF;有色ETF,黄金;国债ETF,证券ETF;军工ETF;有色ETF
2018-10-31,1437472.5876737256,618540.2550336281,818932.3326400975,0.5,False,halve,-0.13548071820539367,5,黄金;国债ETF;证券ETF;军工ETF;有色ETF,黄金;国债ETF,证券ETF;军工ETF;有色ETF
2018-11-01,1439121.2886859742,622513.8107311169,816607.4779548573,0.5,False,halve,-0.13448916273002295,5,黄金;国债ETF;证券ETF;军工ETF;有色ETF,黄金;国债ETF,证券ETF;军工ETF;有色ETF
2018-11-02,1441884.2774571674,623127.9984692669,818756.2789879005,0.5,False,halve,-0.132827456560068,5,黄金;国债ETF;证券ETF;军工ETF;有色ETF,黄金;国债ETF,证券ETF;军工ETF;有色ETF
2018-11-05,1442067.180002673,626790.7598183784,815276.4201842947,0.5,False,halve,-0.13271745600865933,5,黄金;国债ETF;证券ETF;军工ETF;有色ETF,黄金;国债ETF,证券ETF;军工ETF;有色ETF
2018-11-06,1441616.2695102957,629781.9875129568,811834.2819973389,0.5,False,halve,-0.1329886408774119,5,黄金;国债ETF;证券ETF;军工ETF;有色ETF,黄金;国债ETF,证券ETF;军工ETF;有色ETF
2018-11-07,1442159.91840736,633946.4285509358,808213.4898564243,0.5,False,halve,-0.1326616816309757,5,黄金;国债ETF;证券ETF;军工ETF;有色ETF,黄金;国债ETF,证券ETF;军工ETF;有色ETF
2018-11-08,1438985.0648607514,632898.8128166795,806086.2520440719,0.5,False,halve,-0.13457108994349107,5,黄金;国债ETF;证券ETF;军工ETF;有色ETF,黄金;国债ETF,证券ETF;军工ETF;有色ETF
2018-11-09,1437706.8575830762,636200.0433616072,801506.814221469,0.5,False,halve,-0.13533982448991375,5,黄金;国债ETF;证券ETF;军工ETF;有色ETF,黄金;国债ETF,证券ETF;军工ETF;有色ETF
2018-11-12,1438897.5129026826,637463.2247783742,801434.2881243085,0.5,False,halve,-0.13462374510822836,5,黄金;国债ETF;证券ETF;军工ETF;有色ETF,黄金;国债ETF,证券ETF;军工ETF;有色ETF
2018-11-13,1440116.966419472,639723.0735632497,800393.8928562222,0.5,False,halve,-0.13389034602461689,6,沪深300;黄金;国债ETF;证券ETF;军工ETF;有色ETF,沪深300;黄金;国债ETF,证券ETF;军工ETF;有色ETF
2018-11-14,1436881.458360306,640903.2457508743,795978.2126094317,0.5,False,halve,-0.13583623294276495,5,黄金;国债ETF;证券ETF;军工ETF;有色ETF,黄金;国债ETF,证券ETF;军工ETF;有色ETF
2018-11-15,1442305.9725339683,642829.9719088571,799476.0006251112,0.5,False,halve,-0.13257384231513678,7,沪深300;创业板;黄金;国债ETF;证券ETF;军工ETF;有色ETF,沪深300;创业板;黄金;国债ETF,证券ETF;军工ETF;有色ETF
2018-11-16,1443724.0927687667,647487.2722007429,796236.8205680238,0.5,False,halve,-0.13172096185160714,7,沪深300;创业板;黄金;国债ETF;证券ETF;军工ETF;有色ETF,沪深300;创业板;黄金;国债ETF,证券ETF;军工ETF;有色ETF
2018-11-19,1446378.5819627307,652294.128703466,794084.4532592647,0.5,False,halve,-0.13012450908362,7,沪深300;创业板;黄金;国债ETF;证券ETF;军工ETF;有色ETF,沪深300;创业板;黄金;国债ETF,证券ETF;军工ETF;有色ETF
2018-11-20,1437385.3194728587,645072.8131029278,792312.5063699309,0.5,False,halve,-0.13553320271395675,5,黄金;国债ETF;证券ETF;军工ETF;有色ETF,黄金;国债ETF,证券ETF;军工ETF;有色ETF
2018-11-21,1437387.0022647805,649482.5728341211,787904.4294306594,0.5,False,halve,-0.13553219065565658,5,黄金;国债ETF;证券ETF;军工ETF;有色ETF,黄金;国债ETF,证券ETF;军工ETF;有色ETF
2018-11-22,1437061.4311236432,653460.9209529364,783600.5101707068,0.5,False,halve,-0.13572799440977515,5,黄金;国债ETF;证券ETF;军工ETF;有色ETF,黄金;国债ETF,证券ETF;军工ETF;有色ETF
2018-11-23,1430031.5472140866,634349.8923585453,795681.6548555413,0.5,False,halve,-0.13995588038179532,5,黄金;国债ETF;证券ETF;军工ETF;有色ETF,黄金;国债ETF,证券ETF;军工ETF;有色ETF
2018-11-26,1429169.5870358357,638114.5376498667,791055.0493859691,0.5,False,halve,-0.14047427718506444,5,黄金;国债ETF;军工ETF;证券ETF;有色ETF,黄金;国债ETF,军工ETF;证券ETF;有色ETF
2018-11-27,1429992.210897948,641687.7035322541,788304.5073656938,0.5,False,halve,-0.1399795378790362,5,黄金;国债ETF;证券ETF;军工ETF;有色ETF,黄金;国债ETF,证券ETF;军工ETF;有色ETF
2018-11-28,1431036.1902926585,643703.6730833538,787332.5172093047,0.5,False,halve,-0.1393516717727446,5,黄金;国债ETF;证券ETF;军工ETF;有色ETF,黄金;国债ETF,证券ETF;军工ETF;有色ETF
2018-11-29,1430523.7827179702,644286.5685626708,786237.2141552994,0.5,False,halve,-0.13965984198221798,5,黄金;国债ETF;证券ETF;军工ETF;有色ETF,黄金;国债ETF,证券ETF;军工ETF;有色ETF
2018-11-30,1431949.591462722,648279.6601613411,783669.931301381,0.5,False,halve,-0.13880233752435273,5,黄金;国债ETF;证券ETF;军工ETF;有色ETF,黄金;国债ETF,证券ETF;军工ETF;有色ETF
2018-12-03,1435224.6066938885,644559.6331175854,790664.9735763031,0.5,False,halve,-0.13683269035348292,6,创业板;黄金;国债ETF;证券ETF;军工ETF;有色ETF,创业板;黄金;国债ETF,证券ETF;军工ETF;有色ETF
2018-12-04,1436535.4936224008,649621.3939655714,786914.0996568294,0.5,False,halve,-0.13604430173607954,6,创业板;黄金;国债ETF;证券ETF;军工ETF;有色ETF,创业板;黄金;国债ETF,证券ETF;军工ETF;有色ETF
2018-12-05,1436361.67975989,653449.4882034056,782912.1915564844,0.5,False,halve,-0.1361488362064216,7,沪深300;创业板;黄金;国债ETF;证券ETF;军工ETF;有色ETF,沪深300;创业板;黄金;国债ETF,证券ETF;军工ETF;有色ETF
2018-12-06,1428958.197583429,651235.0334086294,777723.1641747997,0.5,False,halve,-0.14060141022338507,7,沪深300;创业板;黄金;国债ETF;证券ETF;军工ETF;有色ETF,沪深300;创业板;黄金;国债ETF,证券ETF;军工ETF;有色ETF
2018-12-07,1428156.7553981093,655604.5150756738,772552.2403224355,0.5,False,halve,-0.14108341052613432,7,沪深300;创业板;黄金;国债ETF;证券ETF;军工ETF;有色ETF,沪深300;创业板;黄金;国债ETF,证券ETF;军工ETF;有色ETF
2018-12-10,1425481.5616442082,656786.0628728919,768695.4987713163,0.5,False,halve,-0.14269231535160082,7,沪深300;创业板;黄金;国债ETF;证券ETF;军工ETF;有色ETF,沪深300;创业板;黄金;国债ETF,证券ETF;军工ETF;有色ETF
2018-12-11,1428302.7444244889,662136.027395461,766166.7170290279,0.5,False,halve,-0.14099561036262667,7,沪深300;创业板;黄金;国债ETF;证券ETF;有色ETF;军工ETF,沪深300;创业板;黄金;国债ETF,证券ETF;有色ETF;军工ETF
2018-12-12,1428039.4508256477,667109.5277533885,760929.9230722592,0.5,False,halve,-0.1411539593947565,7,沪深300;创业板;黄金;国债ETF;证券ETF;有色ETF;军工ETF,沪深300;创业板;黄金;国债ETF,证券ETF;有色ETF;军工ETF
2018-12-13,1432562.9671028168,672323.5144216637,760239.4526811531,0.5,False,halve,-0.13843344348603012,7,沪深300;创业板;黄金;国债ETF;有色ETF;证券ETF;军工ETF,沪深300;创业板;黄金;国债ETF,有色ETF;证券ETF;军工ETF
2018-12-14,1422122.4751869142,660548.8038118808,761573.6713750334,0.5,False,halve,-0.14471252431867776,5,黄金;国债ETF;军工ETF;证券ETF;有色ETF,黄金;国债ETF,军工ETF;证券ETF;有色ETF
2018-12-17,1423157.4107929198,665530.3274284799,757627.0833644399,0.5,False,halve,-0.14409009729330013,6,创业板;黄金;国债ETF;有色ETF;证券ETF;军工ETF,创业板;黄金;国债ETF,有色ETF;证券ETF;军工ETF
2018-12-18,1421591.7047283824,668688.7066156977,752902.9981126847,0.5,False,halve,-0.14503173826372437,6,创业板;黄金;国债ETF;有色ETF;证券ETF;军工ETF,创业板;黄金;国债ETF,有色ETF;证券ETF;军工ETF
2018-12-19,1417215.1641271766,669673.1650207832,747541.9991063934,0.5,False,halve,-0.14766386062191306,5,黄金;国债ETF;有色ETF;证券ETF;军工ETF,黄金;国债ETF,有色ETF;证券ETF;军工ETF
2018-12-20,1417166.3270129338,674726.1354724157,742440.1915405181,0.5,False,halve,-0.14769323205291784,6,创业板;黄金;国债ETF;有色ETF;证券ETF;军工ETF,创业板;黄金;国债ETF,有色ETF;证券ETF;军工ETF
2018-12-21,1415178.4125001552,675470.2375518074,739708.1749483477,0.5,False,halve,-0.1488887960181672,6,创业板;黄金;国债ETF;有色ETF;证券ETF;军工ETF,创业板;黄金;国债ETF,有色ETF;证券ETF;军工ETF
2018-12-24,1417969.8873049624,681828.4126981181,736141.4746068442,0.5,False,halve,-0.14720995788650926,6,创业板;黄金;国债ETF;有色ETF;证券ETF;军工ETF,创业板;黄金;国债ETF,有色ETF;证券ETF;军工ETF
2018-12-25,1415277.2397118902,682221.5191215443,733055.7205903459,0.5,False,halve,-0.14882935973336875,6,创业板;黄金;国债ETF;有色ETF;证券ETF;军工ETF,创业板;黄金;国债ETF,有色ETF;证券ETF;军工ETF
2018-12-26,1413337.6171228532,686958.6616933639,726378.9554294893,0.5,False,halve,-0.14999588015400547,5,黄金;国债ETF;有色ETF;证券ETF;军工ETF,黄金;国债ETF,有色ETF;证券ETF;军工ETF
2018-12-27,1411065.7622365784,705532.8811182893,705532.8811182891,0.5,False,halve,-0.15136221045585999,5,黄金;国债ETF;有色ETF;证券ETF;军工ETF,黄金;国债ETF,有色ETF;证券ETF;军工ETF
2018-12-28,1416388.1948980642,692432.6031814564,723955.5917166078,0.5,False,halve,-0.14816121330199125,5,黄金;国债ETF;有色ETF;证券ETF;军工ETF,黄金;国债ETF,有色ETF;证券ETF;军工ETF
2019-01-02,1415548.5719229886,707774.2859614943,707774.2859614943,0.5,False,halve,-0.1486661761497109,5,黄金;国债ETF;军工ETF;证券ETF;有色ETF,黄金;国债ETF,军工ETF;证券ETF;有色ETF
2019-01-03,1422459.8782484052,692404.6618959025,730055.2163525027,0.5,False,halve,-0.14450960465614177,5,黄金;国债ETF;军工ETF;证券ETF;有色ETF,黄金;国债ETF,军工ETF;证券ETF;有色ETF
2019-01-04,1429445.516868095,663902.9869252237,765542.5299428712,0.5,False,halve,-0.14030832851762134,5,黄金;国债ETF;证券ETF;军工ETF;有色ETF,黄金;国债ETF,证券ETF;军工ETF;有色ETF
2019-01-07,1431569.3726424566,665127.0204450507,766442.3521974059,0.5,False,halve,-0.13903100727725054,5,黄金;国债ETF;证券ETF;军工ETF;有色ETF,黄金;国债ETF,证券ETF;军工ETF;有色ETF
2019-01-08,1428809.287170516,666480.2758434153,762329.0113271008,0.5,False,halve,-0.14069096735604078,5,黄金;国债ETF;证券ETF;军工ETF;有色ETF,黄金;国债ETF,证券ETF;军工ETF;有色ETF
2019-01-09,1427502.6618695469,0.0,1427502.6618695469,0.0,True,halve,-0.1414767929616592,0,,黄金;国债ETF,证券ETF;军工ETF;有色ETF
2019-01-10,1427502.6618695469,0.0,1427502.6618695469,0.0,True,halve,-0.1414767929616592,0,,黄金;国债ETF,证券ETF;军工ETF;有色ETF
2019-01-11,1427502.6618695469,0.0,1427502.6618695469,0.0,True,halve,-0.1414767929616592,0,,黄金;国债ETF,证券ETF;军工ETF;有色ETF
2019-01-14,1427502.6618695469,0.0,1427502.6618695469,0.0,True,halve,-0.1414767929616592,0,,黄金;国债ETF,证券ETF;军工ETF;有色ETF
2019-01-15,1427502.6618695469,0.0,1427502.6618695469,0.0,True,halve,-0.1414767929616592,0,,黄金;国债ETF,证券ETF;军工ETF;有色ETF
2019-01-16,1427502.6618695469,0.0,1427502.6618695469,0.0,True,halve,-0.1414767929616592,0,,黄金;国债ETF,证券ETF;军工ETF;有色ETF
2019-01-17,1427502.6618695469,0.0,1427502.6618695469,0.0,True,halve,-0.1414767929616592,0,,黄金;国债ETF,证券ETF;军工ETF;有色ETF
2019-01-18,1427502.6618695469,0.0,1427502.6618695469,0.0,True,halve,-0.1414767929616592,0,,纳指;黄金;国债ETF,证券ETF;军工ETF;有色ETF
2019-01-21,1427502.6618695469,0.0,1427502.6618695469,0.0,True,halve,-0.1414767929616592,0,,纳指;黄金;国债ETF,证券ETF;军工ETF;有色ETF
2019-01-22,1427502.6618695469,0.0,1427502.6618695469,0.0,True,halve,-0.1414767929616592,0,,黄金;国债ETF,证券ETF;军工ETF;有色ETF
2019-01-23,1427502.6618695469,0.0,1427502.6618695469,0.0,True,halve,-0.1414767929616592,0,,黄金;国债ETF,证券ETF;军工ETF;有色ETF
2019-01-24,1427502.6618695469,0.0,1427502.6618695469,0.0,True,halve,-0.1414767929616592,0,,黄金;国债ETF,证券ETF;军工ETF;有色ETF
2019-01-25,1427502.6618695469,0.0,1427502.6618695469,0.0,True,halve,-0.1414767929616592,0,,黄金;国债ETF,证券ETF;军工ETF;有色ETF
2019-01-28,1427502.6618695469,0.0,1427502.6618695469,0.0,True,halve,-0.1414767929616592,0,,黄金;国债ETF,证券ETF;军工ETF;有色ETF
2019-01-29,1427502.6618695469,0.0,1427502.6618695469,0.0,True,halve,-0.1414767929616592,0,,黄金;国债ETF,证券ETF;军工ETF;有色ETF
2019-01-30,1427502.6618695469,0.0,1427502.6618695469,0.0,True,halve,-0.1414767929616592,0,,黄金;国债ETF,证券ETF;军工ETF;有色ETF
2019-01-31,1427502.6618695469,0.0,1427502.6618695469,0.0,True,halve,-0.1414767929616592,0,,黄金;国债ETF,证券ETF;军工ETF;有色ETF
2019-02-01,1427502.6618695469,0.0,1427502.6618695469,0.0,True,halve,-0.1414767929616592,0,,沪深300;纳指;黄金;国债ETF,证券ETF;军工ETF;有色ETF
2019-02-11,1427502.6618695469,0.0,1427502.6618695469,0.0,True,halve,-0.1414767929616592,0,,沪深300;黄金;国债ETF,证券ETF;军工ETF;有色ETF
2019-02-12,1427502.6618695469,0.0,1427502.6618695469,0.0,True,halve,-0.1414767929616592,0,,沪深300;创业板;纳指;黄金;国债ETF,证券ETF;军工ETF;有色ETF
2019-02-13,1427502.6618695469,0.0,1427502.6618695469,0.0,True,halve,-0.1414767929616592,0,,沪深300;创业板;纳指;黄金;国债ETF,证券ETF;军工ETF;有色ETF
2019-02-14,1427502.6618695469,0.0,1427502.6618695469,0.0,True,halve,-0.1414767929616592,0,,沪深300;创业板;纳指;黄金;国债ETF,证券ETF;军工ETF;有色ETF
2019-02-15,1427502.6618695469,0.0,1427502.6618695469,0.0,True,halve,-0.1414767929616592,0,,沪深300;创业板;纳指;黄金;国债ETF,证券ETF;军工ETF;有色ETF
2019-02-18,1427502.6618695469,0.0,1427502.6618695469,0.0,True,halve,-0.1414767929616592,0,,沪深300;创业板;纳指;黄金;国债ETF,证券ETF;军工ETF;有色ETF
2019-02-19,1427502.6618695469,0.0,1427502.6618695469,0.0,True,halve,-0.1414767929616592,0,,沪深300;创业板;纳指;黄金;国债ETF,证券ETF;军工ETF;有色ETF
2019-02-20,1427502.6618695469,0.0,1427502.6618695469,0.0,True,halve,-0.1414767929616592,0,,沪深300;创业板;纳指;黄金;国债ETF,证券ETF;军工ETF;有色ETF
2019-02-21,1427502.6618695469,0.0,1427502.6618695469,0.0,True,halve,-0.1414767929616592,0,,沪深300;创业板;纳指;黄金;国债ETF,证券ETF;军工ETF;有色ETF
2019-02-22,1427502.6618695469,0.0,1427502.6618695469,0.0,True,halve,-0.1414767929616592,0,,沪深300;创业板;纳指;黄金;国债ETF,证券ETF;军工ETF;有色ETF
2019-02-25,1427502.6618695469,0.0,1427502.6618695469,0.0,True,halve,-0.1414767929616592,0,,沪深300;创业板;纳指;黄金;国债ETF,证券ETF;有色ETF;军工ETF
2019-02-26,1427502.6618695469,0.0,1427502.6618695469,0.0,True,halve,-0.1414767929616592,0,,沪深300;创业板;纳指;黄金;国债ETF,证券ETF;有色ETF;军工ETF
2019-02-27,1427502.6618695469,609764.3995646015,817738.2623049454,0.5,False,halve,-0.1414767929616592,8,沪深300;创业板;纳指;黄金;国债ETF;证券ETF;有色ETF;军工ETF,沪深300;创业板;纳指;黄金;国债ETF,证券ETF;有色ETF;军工ETF
2019-02-28,1425697.568975898,609793.3124029115,815904.2565729865,0.5,False,halve,-0.14256240504593226,8,沪深300;创业板;纳指;黄金;国债ETF;证券ETF;有色ETF;军工ETF,沪深300;创业板;纳指;黄金;国债ETF,证券ETF;有色ETF;军工ETF
2019-03-01,1432231.4471561764,615769.5323065766,816461.9148495998,0.5,False,halve,-0.13863282494806822,8,沪深300;创业板;纳指;黄金;国债ETF;证券ETF;军工ETF;有色ETF,沪深300;创业板;纳指;黄金;国债ETF,证券ETF;军工ETF;有色ETF
2019-03-04,1437491.1375750895,621503.7402776568,815987.3972974326,0.4482681504373959,False,halve,-0.1354695619944565,6,沪深300;创业板;纳指;证券ETF;军工ETF;有色ETF,沪深300;创业板;纳指,证券ETF;军工ETF;有色ETF
2019-03-05,1445437.7917927606,628660.9397576324,816776.8520351282,0.5,False,halve,-0.1306903155198862,7,沪深300;创业板;纳指;国债ETF;证券ETF;军工ETF;有色ETF,沪深300;创业板;纳指;国债ETF,证券ETF;军工ETF;有色ETF
2019-03-06,1452020.5321839221,631364.0605216587,820656.4716622634,0.47323472271165923,False,halve,-0.1267313488974917,6,沪深300;创业板;纳指;证券ETF;有色ETF;军工ETF,沪深300;创业板;纳指,证券ETF;有色ETF;军工ETF
2019-03-07,1449814.4230222171,633532.8772924512,816281.5457297659,0.46874451606102174,False,halve,-0.12805813865640056,6,沪深300;创业板;纳指;证券ETF;有色ETF;军工ETF,沪深300;创业板;纳指,证券ETF;有色ETF;军工ETF
2019-03-08,1429988.5006465972,597331.085293054,832657.4153535432,0.42728380291639356,False,halve,-0.13998176928425424,6,沪深300;创业板;纳指;证券ETF;有色ETF;军工ETF,沪深300;创业板;纳指,证券ETF;有色ETF;军工ETF
2019-03-11,1443489.1721779606,604723.5511789125,838765.6209990481,0.42230285691881103,False,halve,-0.13186224689744658,6,沪深300;创业板;纳指;证券ETF;军工ETF;有色ETF,沪深300;创业板;纳指,证券ETF;军工ETF;有色ETF
2019-03-12,1453726.7948930208,611643.9071464645,842082.8877465563,0.4279281748615336,False,halve,-0.1257051748859163,6,沪深300;创业板;纳指;证券ETF;军工ETF;有色ETF,沪深300;创业板;纳指,证券ETF;军工ETF;有色ETF
2019-03-13,1443345.8938170746,608094.2285753402,835251.6652417344,0.4118335232549858,False,halve,-0.1319484168228504,6,沪深300;创业板;纳指;证券ETF;军工ETF;有色ETF,沪深300;创业板;纳指,证券ETF;军工ETF;有色ETF
2019-03-14,1437815.8858996145,605201.381907936,832614.5039916786,0.5,False,halve,-0.135274253095567,7,沪深300;创业板;纳指;黄金;证券ETF;军工ETF;有色ETF,沪深300;创业板;纳指;黄金,证券ETF;军工ETF;有色ETF
2019-03-15,1440837.4163972335,609640.8397221449,831196.5766750886,0.5,False,halve,-0.1334570557464688,7,沪深300;创业板;纳指;黄金;证券ETF;有色ETF;军工ETF,沪深300;创业板;纳指;黄金,证券ETF;有色ETF;军工ETF
2019-03-18,1451483.6602392485,615692.2723409832,835791.3878982654,0.5,False,halve,-0.12705423237506536,7,沪深300;创业板;纳指;黄金;证券ETF;有色ETF;军工ETF,沪深300;创业板;纳指;黄金,证券ETF;有色ETF;军工ETF
2019-03-19,1451441.08304456,618828.9771565906,832612.1058879694,0.5,False,halve,-0.12707983898912442,7,沪深300;创业板;纳指;黄金;证券ETF;军工ETF;有色ETF,沪深300;创业板;纳指;黄金,证券ETF;军工ETF;有色ETF
2019-03-20,1449215.690196558,620924.0472017727,828291.6429947852,0.5,False,halve,-0.12841822626910657,7,沪深300;创业板;纳指;黄金;证券ETF;军工ETF;有色ETF,沪深300;创业板;纳指;黄金,证券ETF;军工ETF;有色ETF
2019-03-21,1452410.1965529178,625733.8928425983,826676.3037103196,0.5,False,halve,-0.12649699843869774,7,沪深300;创业板;纳指;黄金;有色ETF;证券ETF;军工ETF,沪深300;创业板;纳指;黄金,有色ETF;证券ETF;军工ETF
2019-03-22,1453923.3642370794,629573.534818485,824349.8294185944,0.5,False,halve,-0.125586954900641,8,沪深300;创业板;纳指;黄金;国债ETF;军工ETF;证券ETF;有色ETF,沪深300;创业板;纳指;黄金;国债ETF,军工ETF;证券ETF;有色ETF
2019-03-25,1447185.1740955007,629798.2480382667,817386.926057234,0.5,False,halve,-0.12963941151911482,8,沪深300;创业板;纳指;黄金;国债ETF;军工ETF;证券ETF;有色ETF,沪深300;创业板;纳指;黄金;国债ETF,军工ETF;证券ETF;有色ETF
2019-03-26,1440636.555440834,622161.29560917,818475.259831664,0.5,False,halve,-0.13357785677687178,8,沪深300;创业板;纳指;黄金;国债ETF;军工ETF;证券ETF;有色ETF,沪深300;创业板;纳指;黄金;国债ETF,军工ETF;证券ETF;有色ETF
2019-03-27,1442139.8322680069,626104.6180459755,816035.2142220314,0.5,False,halve,-0.13267376176030587,8,沪深300;创业板;纳指;黄金;国债ETF;军工ETF;证券ETF;有色ETF,沪深300;创业板;纳指;黄金;国债ETF,军工ETF;证券ETF;有色ETF
2019-03-28,1439024.5800092253,628044.4791706059,810980.1008386194,0.5,False,halve,-0.1345473248935892,8,沪深300;创业板;纳指;黄金;国债ETF;军工ETF;证券ETF;有色ETF,沪深300;创业板;纳指;黄金;国债ETF,军工ETF;证券ETF;有色ETF
2019-03-29,1452919.8421166935,621743.3101810346,831176.5319356589,0.5,False,halve,-0.12619048934729435,7,沪深300;创业板;纳指;国债ETF;证券ETF;军工ETF;有色ETF,沪深300;创业板;纳指;国债ETF,证券ETF;军工ETF;有色ETF
2019-04-01,1467475.6346116562,1251394.3317647893,216081.3028468669,0.5470022282670962,False,warning,-0.11743640013432306,7,沪深300;创业板;纳指;国债ETF;军工ETF;证券ETF;有色ETF,沪深300;创业板;纳指;国债ETF,军工ETF;证券ETF;有色ETF
2019-04-02,1467015.6466917943,1258019.5813357485,208996.06535604573,0.5611590706529314,False,warning,-0.11771304431489611,7,沪深300;创业板;纳指;国债ETF;军工ETF;证券ETF;有色ETF,沪深300;创业板;纳指;国债ETF,军工ETF;证券ETF;有色ETF
2019-04-03,1479125.984917727,1273425.4361025863,205700.54881514073,0.4272770654525935,False,warning,-0.11042969088252474,6,沪深300;创业板;纳指;军工ETF;证券ETF;有色ETF,沪深300;创业板;纳指,军工ETF;证券ETF;有色ETF
2019-04-04,1485052.7168136423,1286023.475918773,199029.2408948692,0.44070095695679273,False,warning,-0.10686525838761528,6,沪深300;创业板;纳指;军工ETF;证券ETF;有色ETF,沪深300;创业板;纳指,军工ETF;证券ETF;有色ETF
2019-04-08,1474774.0341516023,1281882.6499790256,192891.3841725767,0.4440767495517046,False,warning,-0.11304702451587376,6,沪深300;创业板;纳指;有色ETF;证券ETF;军工ETF,沪深300;创业板;纳指,有色ETF;证券ETF;军工ETF
2019-04-09,1474957.9920905337,1285864.0464555984,189093.94563493528,0.4579485816947889,False,warning,-0.11293638923377576,6,沪深300;创业板;纳指;证券ETF;有色ETF;军工ETF,沪深300;创业板;纳指,证券ETF;有色ETF;军工ETF
2019-04-10,1470080.974936916,1286570.5632952752,183510.41164164082,0.46941427366266564,False,warning,-0.11586950629152,6,沪深300;创业板;纳指;军工ETF;证券ETF;有色ETF,沪深300;创业板;纳指,军工ETF;证券ETF;有色ETF
2019-04-11,1453621.3342593866,635558.5975786991,818062.7366806875,0.4679132917281424,False,halve,-0.12576860061801634,6,沪深300;创业板;纳指;证券ETF;军工ETF;有色ETF,沪深300;创业板;纳指,证券ETF;军工ETF;有色ETF
2019-04-12,1452935.2977826134,639062.4593254956,813872.8384571178,0.48174756148965703,False,halve,-0.12618119405963785,6,沪深300;创业板;纳指;证券ETF;军工ETF;有色ETF,沪深300;创业板;纳指,证券ETF;军工ETF;有色ETF
2019-04-15,1448140.7218482336,639711.0142120005,808429.7076362331,0.48962476143971617,False,halve,-0.12906472963370236,6,沪深300;创业板;纳指;证券ETF;军工ETF;有色ETF,沪深300;创业板;纳指,证券ETF;军工ETF;有色ETF
2019-04-16,1461008.9275222318,644611.151041671,816397.7764805608,0.480808506136904,False,halve,-0.12132558245088644,6,沪深300;创业板;纳指;证券ETF;军工ETF;有色ETF,沪深300;创业板;纳指,证券ETF;军工ETF;有色ETF
2019-04-17,1461560.7644816758,648632.4628271434,812928.3016545324,0.49587211866993536,False,halve,-0.12099369877119952,6,沪深300;创业板;纳指;军工ETF;证券ETF;有色ETF,沪深300;创业板;纳指,军工ETF;证券ETF;有色ETF
2019-04-18,1458771.4466690656,651255.2359091392,807516.2107599265,0.5,False,halve,-0.12267123965283613,6,沪深300;创业板;纳指;军工ETF;证券ETF;有色ETF,沪深300;创业板;纳指,军工ETF;证券ETF;有色ETF
2019-04-19,1464225.95999258,1315820.119889511,148405.8401030691,0.5183269032009273,False,warning,-0.11939080705090734,6,沪深300;创业板;纳指;军工ETF;证券ETF;有色ETF,沪深300;创业板;纳指,军工ETF;证券ETF;有色ETF
2019-04-22,1446150.2450351547,648961.0103287984,797189.2347063563,0.5,False,halve,-0.1302618346078268,6,沪深300;创业板;纳指;证券ETF;有色ETF;军工ETF,沪深300;创业板;纳指,证券ETF;有色ETF;军工ETF
2019-04-23,1443841.6181117976,650159.7151499126,793681.902961885,0.5,False,halve,-0.1316502802079911,6,沪深300;创业板;纳指;证券ETF;有色ETF;军工ETF,沪深300;创业板;纳指,证券ETF;有色ETF;军工ETF
2019-04-24,1451572.1449187875,657509.82658635,794062.3183324375,0.5,False,halve,-0.12700101625653842,6,沪深300;创业板;纳指;证券ETF;有色ETF;军工ETF,沪深300;创业板;纳指,证券ETF;有色ETF;军工ETF
2019-04-25,1439057.9180677596,641253.6504470789,797804.2676206807,0.5,False,halve,-0.13452727484556207,6,沪深300;创业板;纳指;证券ETF;有色ETF;军工ETF,沪深300;创业板;纳指,证券ETF;有色ETF;军工ETF
2019-04-26,1436242.4710673392,644204.2844048912,792038.186662448,0.5,False,halve,-0.13622053024368638,6,沪深300;创业板;纳指;证券ETF;有色ETF;军工ETF,沪深300;创业板;纳指,证券ETF;有色ETF;军工ETF
2019-04-29,1429226.5565478294,630489.4817899098,798737.0747579196,0.5,False,halve,-0.1404400147984177,5,沪深300;纳指;证券ETF;军工ETF;有色ETF,沪深300;纳指,证券ETF;军工ETF;有色ETF
2019-04-30,1429787.0943926396,633440.9940748861,796346.1003177535,0.5,False,halve,-0.14010289826543518,6,沪深300;纳指;黄金;证券ETF;军工ETF;有色ETF,沪深300;纳指;黄金,证券ETF;军工ETF;有色ETF
2019-05-06,1405317.730562518,586622.362149744,818695.3684127739,0.5,False,halve,-0.15481916974482512,5,纳指;黄金;军工ETF;证券ETF;有色ETF,纳指;黄金,军工ETF;证券ETF;有色ETF
2019-05-07,1408907.6407568995,589134.0380328706,819773.6027240289,0.5,False,halve,-0.15266013964604846,5,纳指;黄金;证券ETF;军工ETF;有色ETF,纳指;黄金,证券ETF;军工ETF;有色ETF
2019-05-08,1405401.5771364712,590607.4089039373,814794.1682325338,0.5,False,halve,-0.15476874305807187,5,纳指;黄金;证券ETF;军工ETF;有色ETF,纳指;黄金,证券ETF;军工ETF;有色ETF
2019-05-09,1403362.4151293999,592843.8310845932,810518.5840448067,0.5,False,halve,-0.15599512809590346,4,纳指;军工ETF;证券ETF;有色ETF,纳指,军工ETF;证券ETF;有色ETF
2019-05-10,1407862.083874885,589691.2044049578,818170.8794699272,0.5,False,halve,-0.15328895447873853,4,纳指;军工ETF;证券ETF;有色ETF,纳指,军工ETF;证券ETF;有色ETF
2019-05-13,1404401.1117490162,590630.9886027743,813770.1231462419,0.5,False,halve,-0.1553704391360629,6,纳指;黄金;国债ETF;军工ETF;证券ETF;有色ETF,纳指;黄金;国债ETF,军工ETF;证券ETF;有色ETF
2019-05-14,1402216.5879989357,592819.5534740029,809397.0345249329,0.5,False,halve,-0.15668424707902975,6,纳指;黄金;国债ETF;军工ETF;证券ETF;有色ETF,纳指;黄金;国债ETF,军工ETF;证券ETF;有色ETF
2019-05-15,1404816.4420577541,595729.0980692126,809087.3439885415,0.5,False,halve,-0.15512065276566767,6,纳指;黄金;国债ETF;军工ETF;证券ETF;有色ETF,纳指;黄金;国债ETF,军工ETF;证券ETF;有色ETF
2019-05-16,1409055.1045315126,598030.0946123438,811025.0099191688,0.5,False,halve,-0.15257145254508223,6,纳指;黄金;国债ETF;军工ETF;证券ETF;有色ETF,纳指;黄金;国债ETF,军工ETF;证券ETF;有色ETF
2019-05-17,1406738.8356144777,593530.6979935938,813208.137620884,0.5,False,halve,-0.153964494163941,6,纳指;黄金;国债ETF;军工ETF;证券ETF;有色ETF,纳指;黄金;国债ETF,军工ETF;证券ETF;有色ETF
2019-05-20,1406243.7524927694,594994.184561572,811249.5679311974,0.5,False,halve,-0.15426224516697098,6,纳指;黄金;国债ETF;军工ETF;证券ETF;有色ETF,纳指;黄金;国债ETF,军工ETF;证券ETF;有色ETF
2019-05-21,1406663.5180494399,595626.6144188227,811036.9036306172,0.5,False,halve,-0.15400979136667822,5,纳指;国债ETF;军工ETF;有色ETF;证券ETF,纳指;国债ETF,军工ETF;有色ETF;证券ETF
2019-05-22,1404846.270194902,597656.0320229672,807190.2381719348,0.5,False,halve,-0.15510271364117548,5,纳指;黄金;军工ETF;有色ETF;证券ETF,纳指;黄金,军工ETF;有色ETF;证券ETF
2019-05-23,1401969.2421317163,599383.332907809,802585.9092239074,0.5,False,halve,-0.15683300488722518,4,纳指;军工ETF;有色ETF;证券ETF,纳指,军工ETF;有色ETF;证券ETF
2019-05-24,1399383.1324924394,601261.0006103694,798122.13188207,0.5,False,halve,-0.15838833308420178,5,纳指;黄金;军工ETF;有色ETF;证券ETF,纳指;黄金,军工ETF;有色ETF;证券ETF
2019-05-27,1401708.605576057,599163.6601967014,802544.9453793556,0.5,False,halve,-0.15698975593057737,5,纳指;黄金;军工ETF;有色ETF;证券ETF,纳指;黄金,军工ETF;有色ETF;证券ETF
2019-05-28,1401336.7380122123,602335.7500327249,799000.9879794874,0.5,False,halve,-0.15721340310268656,5,纳指;黄金;军工ETF;有色ETF;证券ETF,纳指;黄金,军工ETF;有色ETF;证券ETF
2019-05-29,1400416.8894754662,604842.0707381552,795574.818737311,0.5,False,halve,-0.15776661490176128,5,纳指;黄金;军工ETF;有色ETF;证券ETF,纳指;黄金,军工ETF;有色ETF;证券ETF
2019-05-30,1398539.7558407318,607570.8063080582,790968.9495326736,0.5,False,halve,-0.15889555345380652,5,黄金;国债ETF;军工ETF;有色ETF;证券ETF,黄金;国债ETF,军工ETF;有色ETF;证券ETF
2019-05-31,1401823.7033036628,612581.3214801752,789242.3818234876,0.5,False,halve,-0.15692053429417246,5,黄金;国债ETF;有色ETF;军工ETF;证券ETF,黄金;国债ETF,有色ETF;军工ETF;证券ETF
2019-06-03,1403717.0560978164,616578.2308293435,787138.8252684729,0.5,False,halve,-0.15578184127712202,5,黄金;国债ETF;军工ETF;有色ETF;证券ETF,黄金;国债ETF,军工ETF;有色ETF;证券ETF
2019-06-04,1404625.0330861036,619819.9575888568,784805.0754972468,0.5,False,halve,-0.15523576921944865,5,黄金;国债ETF;有色ETF;军工ETF;证券ETF,黄金;国债ETF,有色ETF;军工ETF;证券ETF
2019-06-05,1406926.5949424354,624402.7022055059,782523.8927369295,0.5,False,halve,-0.1538515726649517,5,黄金;国债ETF;有色ETF;军工ETF;证券ETF,黄金;国债ETF,有色ETF;军工ETF;证券ETF
2019-06-06,1405067.8304925738,626629.4592924754,778438.3712000984,0.5,False,halve,-0.15496946369188266,5,黄金;国债ETF;有色ETF;军工ETF;证券ETF,黄金;国债ETF,有色ETF;军工ETF;证券ETF
2019-06-10,1404398.0072321997,630376.9213946495,774021.0858375501,0.5,False,halve,-0.15537230624272746,6,纳指;黄金;国债ETF;有色ETF;军工ETF;证券ETF,纳指;黄金;国债ETF,有色ETF;军工ETF;证券ETF
2019-06-11,1409968.7391994474,622009.2716134118,787959.4675860356,0.5,False,halve,-0.15202197786729102,6,纳指;黄金;国债ETF;有色ETF;证券ETF;军工ETF,纳指;黄金;国债ETF,有色ETF;证券ETF;军工ETF
2019-06-12,1410038.1468892547,625806.5153260939,784231.6315631608,0.5,False,halve,-0.15198023495917737,6,纳指;黄金;国债ETF;有色ETF;证券ETF;军工ETF,纳指;黄金;国债ETF,有色ETF;证券ETF;军工ETF
2019-06-13,1410250.8250237573,629957.3936214324,780293.4314023249,0.5,False,halve,-0.15185232688658507,6,纳指;黄金;国债ETF;有色ETF;证券ETF;军工ETF,纳指;黄金;国债ETF,有色ETF;证券ETF;军工ETF
2019-06-14,1412157.7647270495,633756.9742990457,778400.7904280038,0.5,False,halve,-0.15070546248245495,6,纳指;黄金;国债ETF;有色ETF;军工ETF;证券ETF,纳指;黄金;国债ETF,有色ETF;军工ETF;证券ETF
2019-06-17,1410770.5674434504,637382.0695780633,773388.4978653871,0.5,False,halve,-0.15153974538260073,6,纳指;黄金;国债ETF;有色ETF;证券ETF;军工ETF,纳指;黄金;国债ETF,有色ETF;证券ETF;军工ETF
2019-06-18,1411622.0838847472,641514.2012568701,770107.8826278772,0.5,False,halve,-0.1510276296117828,6,纳指;黄金;国债ETF;有色ETF;证券ETF;军工ETF,纳指;黄金;国债ETF,有色ETF;证券ETF;军工ETF
2019-06-19,1414810.2807315197,644686.810633448,770123.4700980717,0.5,False,halve,-0.14911019642256834,6,纳指;黄金;国债ETF;有色ETF;证券ETF;军工ETF,纳指;黄金;国债ETF,有色ETF;证券ETF;军工ETF
2019-06-20,1425019.9320971833,640547.4914910463,784472.440606137,0.5,False,halve,-0.14296994683332176,6,纳指;黄金;国债ETF;证券ETF;有色ETF;军工ETF,纳指;黄金;国债ETF,证券ETF;有色ETF;军工ETF
2019-06-21,1428248.619308942,644114.1549950131,784134.4643139289,0.5,False,halve,-0.14102816208320962,6,纳指;黄金;国债ETF;证券ETF;有色ETF;军工ETF,纳指;黄金;国债ETF,证券ETF;有色ETF;军工ETF
2019-06-24,1429865.4509626562,649271.8622800272,780593.5886826289,0.5,False,halve,-0.14005577335591304,6,纳指;黄金;国债ETF;证券ETF;有色ETF;军工ETF,纳指;黄金;国债ETF,证券ETF;有色ETF;军工ETF
2019-06-25,1432015.662402189,654853.0274376818,777162.6349645073,0.5,False,halve,-0.13876260139190377,5,黄金;国债ETF;有色ETF;证券ETF;军工ETF,黄金;国债ETF,有色ETF;证券ETF;军工ETF
2019-06-26,1425810.1068219598,654400.5199756022,771409.5868463577,0.5,False,halve,-0.14249472296372326,5,黄金;国债ETF;证券ETF;有色ETF;军工ETF,黄金;国债ETF,证券ETF;有色ETF;军工ETF
2019-06-27,1426239.0886970237,658946.6835638186,767292.4051332051,0.5,False,halve,-0.14223672632036935,5,黄金;国债ETF;有色ETF;证券ETF;军工ETF,黄金;国债ETF,有色ETF;证券ETF;军工ETF
2019-06-28,1425903.8328110576,662518.0995493049,763385.7332617526,0.5,False,halve,-0.14243835463678955,5,黄金;国债ETF;证券ETF;有色ETF;军工ETF,黄金;国债ETF,证券ETF;有色ETF;军工ETF
2019-07-01,1423290.3503891998,660055.2443931019,763235.1059960979,0.5,False,halve,-0.14401014526827818,8,沪深300;创业板;纳指;黄金;国债ETF;证券ETF;有色ETF;军工ETF,沪深300;创业板;纳指;黄金;国债ETF,证券ETF;有色ETF;军工ETF
2019-07-02,1424383.130308715,665628.0194693762,758755.1108393387,0.5,False,halve,-0.14335292973646227,8,沪深300;创业板;纳指;黄金;国债ETF;有色ETF;证券ETF;军工ETF,沪深300;创业板;纳指;黄金;国债ETF,有色ETF;证券ETF;军工ETF
2019-07-03,1425022.563870161,670353.157360878,754669.4065092831,0.5,False,halve,-0.1429683640424539,8,沪深300;创业板;纳指;黄金;国债ETF;军工ETF;有色ETF;证券ETF,沪深300;创业板;纳指;黄金;国债ETF,军工ETF;有色ETF;证券ETF
2019-07-04,1422958.8440752004,674694.3688865945,748264.4751886058,0.5,False,halve,-0.14420951853142538,8,沪深300;创业板;纳指;黄金;国债ETF;军工ETF;证券ETF;有色ETF,沪深300;创业板;纳指;黄金;国债ETF,军工ETF;证券ETF;有色ETF
2019-07-05,1425025.9332538224,681078.9658137975,743946.9674400248,0.5,False,halve,-0.14296633764058164,8,沪深300;创业板;纳指;黄金;国债ETF;军工ETF;证券ETF;有色ETF,沪深300;创业板;纳指;黄金;国债ETF,军工ETF;证券ETF;有色ETF
2019-07-08,1412398.735167432,655032.7368369281,757365.998330504,0.5,False,halve,-0.15056053895915464,8,沪深300;创业板;纳指;黄金;国债ETF;军工ETF;证券ETF;有色ETF,沪深300;创业板;纳指;黄金;国债ETF,军工ETF;证券ETF;有色ETF
2019-07-09,1412020.7809387683,659579.1582502034,752441.6226885649,0.5,False,halve,-0.1507878467500075,8,沪深300;创业板;纳指;黄金;国债ETF;军工ETF;证券ETF;有色ETF,沪深300;创业板;纳指;黄金;国债ETF,军工ETF;证券ETF;有色ETF
2019-07-10,1411364.5337782153,663363.0305796455,748001.5031985698,0.5,False,halve,-0.15118252441467112,7,沪深300;纳指;黄金;国债ETF;军工ETF;证券ETF;有色ETF,沪深300;纳指;黄金;国债ETF,军工ETF;证券ETF;有色ETF
2019-07-11,1416117.9787361296,669987.261667805,746130.7170683246,0.5,False,halve,-0.14832372567561716,7,沪深300;纳指;黄金;国债ETF;证券ETF;军工ETF;有色ETF,沪深300;纳指;黄金;国债ETF,证券ETF;军工ETF;有色ETF
2019-07-12,1415782.608148573,675257.4829611515,740525.1251874215,0.5,False,halve,-0.1485254229754305,8,沪深300;创业板;纳指;黄金;国债ETF;证券ETF;军工ETF;有色ETF,沪深300;创业板;纳指;黄金;国债ETF,证券ETF;军工ETF;有色ETF
2019-07-15,1421924.5655198183,677377.9297426203,744546.635777198,0.5,False,halve,-0.1448315503959227,8,沪深300;创业板;纳指;黄金;国债ETF;证券ETF;军工ETF;有色ETF,沪深300;创业板;纳指;黄金;国债ETF,证券ETF;军工ETF;有色ETF
2019-07-16,1421802.952273421,682963.6870306641,738839.2652427569,0.5,False,halve,-0.1449046905707919,8,沪深300;创业板;纳指;黄金;国债ETF;证券ETF;军工ETF;有色ETF,沪深300;创业板;纳指;黄金;国债ETF,证券ETF;军工ETF;有色ETF
2019-07-17,1420433.8865293856,687948.0921340152,732485.7943953704,0.5,False,halve,-0.14572806886955897,8,沪深300;创业板;纳指;黄金;国债ETF;军工ETF;证券ETF;有色ETF,沪深300;创业板;纳指;黄金;国债ETF,军工ETF;证券ETF;有色ETF
2019-07-18,1416208.3975524164,688150.5091067365,728057.8884456799,0.5,False,halve,-0.1482693463359433,8,沪深300;创业板;纳指;黄金;国债ETF;证券ETF;军工ETF;有色ETF,沪深300;创业板;纳指;黄金;国债ETF,证券ETF;军工ETF;有色ETF
2019-07-19,1423754.315321106,691170.2380385649,732584.0772825411,0.5,False,halve,-0.14373110924828802,8,沪深300;创业板;纳指;黄金;国债ETF;军工ETF;证券ETF;有色ETF,沪深300;创业板;纳指;黄金;国债ETF,军工ETF;证券ETF;有色ETF
2019-07-22,1415177.3926530308,678400.1100122854,736777.2826407454,0.5,False,halve,-0.1488894093707355,8,沪深300;创业板;纳指;黄金;国债ETF;军工ETF;证券ETF;有色ETF,沪深300;创业板;纳指;黄金;国债ETF,军工ETF;证券ETF;有色ETF
2019-07-23,1418254.8020544397,684518.444171436,733736.3578830037,0.5,False,halve,-0.14703860554441736,8,沪深300;创业板;纳指;黄金;国债ETF;军工ETF;证券ETF;有色ETF,沪深300;创业板;纳指;黄金;国债ETF,军工ETF;证券ETF;有色ETF
2019-07-24,1423206.3171701673,688934.9047236576,734271.4124465097,0.5,False,halve,-0.1440606842064032,8,沪深300;创业板;纳指;黄金;国债ETF;军工ETF;有色ETF;证券ETF,沪深300;创业板;纳指;黄金;国债ETF,军工ETF;有色ETF;证券ETF
2019-07-25,1425876.7405156612,696185.5255030876,729691.2150125736,0.5,False,halve,-0.1424546483817688,8,沪深300;创业板;纳指;黄金;国债ETF;军工ETF;有色ETF;证券ETF,沪深300;创业板;纳指;黄金;国债ETF,军工ETF;有色ETF;证券ETF
2019-07-26,1425230.6765970637,712615.3382985318,712615.3382985318,0.5,False,halve,-0.14284320167988995,8,沪深300;创业板;纳指;黄金;国债ETF;军工ETF;有色ETF;证券ETF,沪深300;创业板;纳指;黄金;国债ETF,军工ETF;有色ETF;证券ETF
2019-07-29,1424654.8530354616,712327.4265177308,712327.4265177308,0.5,False,halve,-0.14318951129037247,8,沪深300;创业板;纳指;黄金;国债ETF;军工ETF;证券ETF;有色ETF,沪深300;创业板;纳指;黄金;国债ETF,军工ETF;证券ETF;有色ETF
2019-07-30,1427732.2823536783,713866.1411768392,713866.141176839,0.5,False,halve,-0.14133869548576378,8,沪深300;创业板;纳指;黄金;国债ETF;军工ETF;证券ETF;有色ETF,沪深300;创业板;纳指;黄金;国债ETF,军工ETF;证券ETF;有色ETF
2019-07-31,1426577.0912474268,713288.5456237135,713288.5456237133,0.5,False,halve,-0.142033446115498,8,沪深300;创业板;纳指;黄金;国债ETF;军工ETF;有色ETF;证券ETF,沪深300;创业板;纳指;黄金;国债ETF,军工ETF;有色ETF;证券ETF
2019-08-01,1420489.8940456337,710244.9470228167,710244.947022817,0.5,False,halve,-0.1456943850427249,8,沪深300;创业板;纳指;黄金;国债ETF;军工ETF;有色ETF;证券ETF,沪深300;创业板;纳指;黄金;国债ETF,军工ETF;有色ETF;证券ETF
2019-08-02,1417480.089269579,708740.0446347893,708740.0446347896,0.5,False,halve,-0.1475045303530767,8,沪深300;创业板;纳指;黄金;国债ETF;有色ETF;军工ETF;证券ETF,沪深300;创业板;纳指;黄金;国债ETF,有色ETF;军工ETF;证券ETF
2019-08-05,1415999.6871049511,707999.8435524757,707999.8435524754,0.5,False,halve,-0.1483948681773286,8,沪深300;创业板;纳指;黄金;国债ETF;有色ETF;军工ETF;证券ETF,沪深300;创业板;纳指;黄金;国债ETF,有色ETF;军工ETF;证券ETF
2019-08-06,1407822.5947292456,703911.2973646227,703911.2973646229,0.5,False,halve,-0.1533127038901148,7,创业板;纳指;黄金;国债ETF;有色ETF;军工ETF;证券ETF,创业板;纳指;黄金;国债ETF,有色ETF;军工ETF;证券ETF
2019-08-07,1411052.5789516154,705526.2894758078,705526.2894758076,0.5,False,halve,-0.15137013909682723,7,创业板;纳指;黄金;国债ETF;有色ETF;军工ETF;证券ETF,创业板;纳指;黄金;国债ETF,有色ETF;军工ETF;证券ETF
2019-08-08,1417278.4635560922,708639.2317780461,708639.2317780461,0.5,False,halve,-0.14762579132077064,8,沪深300;创业板;纳指;黄金;国债ETF;有色ETF;军工ETF;证券ETF,沪深300;创业板;纳指;黄金;国债ETF,有色ETF;军工ETF;证券ETF
2019-08-09,1414710.4920431268,707355.2460215635,707355.2460215633,0.5,False,halve,-0.1491702109549917,8,沪深300;创业板;纳指;黄金;国债ETF;有色ETF;军工ETF;证券ETF,沪深300;创业板;纳指;黄金;国债ETF,有色ETF;军工ETF;证券ETF
2019-08-12,1420483.1397471162,710241.569873558,710241.5698735582,0.5,False,halve,-0.14569844718718136,8,沪深300;创业板;纳指;黄金;国债ETF;有色ETF;军工ETF;证券ETF,沪深300;创业板;纳指;黄金;国债ETF,有色ETF;军工ETF;证券ETF
2019-08-13,1419352.889186359,727576.9312258062,691775.9579605528,0.5,False,halve,-0.14637819816915668,7,创业板;纳指;黄金;国债ETF;有色ETF;军工ETF;证券ETF,创业板;纳指;黄金;国债ETF,有色ETF;军工ETF;证券ETF
2019-08-14,1419692.6243137673,734052.3165423796,685640.3077713877,0.5,False,halve,-0.14617387596443016,7,创业板;纳指;黄金;国债ETF;有色ETF;军工ETF;证券ETF,创业板;纳指;黄金;国债ETF,有色ETF;军工ETF;证券ETF
2019-08-15,1419360.2669190243,741026.9480440246,678333.3188749996,0.5,False,halve,-0.14637376108131253,7,创业板;纳指;黄金;国债ETF;有色ETF;军工ETF;证券ETF,创业板;纳指;黄金;国债ETF,有色ETF;军工ETF;证券ETF
2019-08-16,1421449.0617913657,748358.2023006682,673090.8594906975,0.5,False,halve,-0.14511752603492792,7,创业板;纳指;黄金;国债ETF;有色ETF;军工ETF;证券ETF,创业板;纳指;黄金;国债ETF,有色ETF;军工ETF;证券ETF
2019-08-19,1436436.0176192708,718218.0088096355,718218.0088096353,0.5,False,halve,-0.13610412821452453,8,沪深300;创业板;纳指;黄金;国债ETF;有色ETF;证券ETF;军工ETF,沪深300;创业板;纳指;黄金;国债ETF,有色ETF;证券ETF;军工ETF
2019-08-20,1435535.1039047642,717767.5519523821,717767.5519523821,0.5,False,halve,-0.13664595230501703,8,沪深300;创业板;纳指;黄金;国债ETF;有色ETF;军工ETF;证券ETF,沪深300;创业板;纳指;黄金;国债ETF,有色ETF;军工ETF;证券ETF
2019-08-21,1433610.4032162158,716805.2016081079,716805.2016081079,0.5,False,halve,-0.13780349845316736,7,创业板;纳指;黄金;国债ETF;有色ETF;军工ETF;证券ETF,创业板;纳指;黄金;国债ETF,有色ETF;军工ETF;证券ETF
2019-08-22,1436060.4408681514,718030.2204340756,718030.2204340758,0.5,False,halve,-0.1363300061518993,7,创业板;纳指;黄金;国债ETF;军工ETF;有色ETF;证券ETF,创业板;纳指;黄金;国债ETF,军工ETF;有色ETF;证券ETF
2019-08-23,1435255.4451726205,717627.7225863104,717627.7225863101,0.5,False,halve,-0.13681414359320826,7,创业板;纳指;黄金;国债ETF;军工ETF;有色ETF;证券ETF,创业板;纳指;黄金;国债ETF,军工ETF;有色ETF;证券ETF
2019-08-26,1435272.9138337309,717636.4569168654,717636.4569168654,0.5,False,halve,-0.13680363765766101,7,创业板;纳指;黄金;国债ETF;军工ETF;有色ETF;证券ETF,创业板;纳指;黄金;国债ETF,军工ETF;有色ETF;证券ETF
2019-08-27,1442047.80021061,721023.9001053049,721023.9001053051,0.5,False,halve,-0.13272911132929593,7,创业板;纳指;黄金;国债ETF;军工ETF;有色ETF;证券ETF,创业板;纳指;黄金;国债ETF,军工ETF;有色ETF;证券ETF
2019-08-28,1440832.1200402393,720416.0600201197,720416.0600201197,0.5,False,halve,-0.13346024106129428,7,创业板;纳指;黄金;国债ETF;军工ETF;有色ETF;证券ETF,创业板;纳指;黄金;国债ETF,军工ETF;有色ETF;证券ETF
2019-08-29,1441433.5796961728,745448.3816358703,695985.1980603025,0.5,False,halve,-0.13309851348872362,6,创业板;黄金;国债ETF;军工ETF;有色ETF;证券ETF,创业板;黄金;国债ETF,军工ETF;有色ETF;证券ETF
2019-08-30,1438935.322372248,750672.8133768325,688262.5089954154,0.5,False,halve,-0.134601005881231,8,沪深300;创业板;纳指;黄金;国债ETF;军工ETF;证券ETF;有色ETF,沪深300;创业板;纳指;黄金;国债ETF,军工ETF;证券ETF;有色ETF
2019-09-02,1449103.3749314654,724551.6874657327,724551.6874657327,0.5,False,halve,-0.12848577448751783,8,沪深300;创业板;纳指;黄金;国债ETF;军工ETF;有色ETF;证券ETF,沪深300;创业板;纳指;黄金;国债ETF,军工ETF;有色ETF;证券ETF
2019-09-03,1449886.368237026,724943.184118513,724943.184118513,0.5,False,halve,-0.1280148696396774,8,沪深300;创业板;纳指;黄金;国债ETF;军工ETF;证券ETF;有色ETF,沪深300;创业板;纳指;黄金;国债ETF,军工ETF;证券ETF;有色ETF
2019-09-04,1454753.106318566,727376.5531592829,727376.5531592831,0.5,False,halve,-0.1250879345822623,8,沪深300;创业板;纳指;黄金;国债ETF;军工ETF;证券ETF;有色ETF,沪深300;创业板;纳指;黄金;国债ETF,军工ETF;证券ETF;有色ETF
2019-09-05,1461231.3435767987,749598.330688095,711633.0128887037,0.5,False,halve,-0.12119181783554521,8,沪深300;创业板;纳指;黄金;国债ETF;军工ETF;证券ETF;有色ETF,沪深300;创业板;纳指;黄金;国债ETF,军工ETF;证券ETF;有色ETF
2019-09-06,1460686.4440762708,756529.9042440414,704156.5398322294,0.5,False,halve,-0.1215195292151472,8,沪深300;创业板;纳指;黄金;国债ETF;军工ETF;证券ETF;有色ETF,沪深300;创业板;纳指;黄金;国债ETF,军工ETF;证券ETF;有色ETF
2019-09-09,1467378.5949697935,1524918.4370876441,-57539.84211785067,1.0,False,warning,-0.11749476134566592,8,沪深300;创业板;纳指;黄金;国债ETF;军工ETF;证券ETF;有色ETF,沪深300;创业板;纳指;黄金;国债ETF,军工ETF;证券ETF;有色ETF
2019-09-10,1458409.477974305,761257.1550304691,697152.3229438359,0.5,False,halve,-0.12288893348485075,8,沪深300;创业板;纳指;黄金;国债ETF;军工ETF;证券ETF;有色ETF,沪深300;创业板;纳指;黄金;国债ETF,军工ETF;证券ETF;有色ETF
2019-09-11,1455932.8806071368,765234.7856480988,690698.094959038,0.5,False,halve,-0.12437839922876698,8,沪深300;创业板;纳指;黄金;国债ETF;军工ETF;证券ETF;有色ETF,沪深300;创业板;纳指;黄金;国债ETF,军工ETF;证券ETF;有色ETF
2019-09-12,1460125.9572380953,774607.0508214488,685518.9064166466,0.5,False,halve,-0.12185661507191399,8,沪深300;创业板;纳指;黄金;国债ETF;军工ETF;证券ETF;有色ETF,沪深300;创业板;纳指;黄金;国债ETF,军工ETF;证券ETF;有色ETF
2019-09-16,1457774.416637736,776952.1950357759,680822.22160196,0.5,False,halve,-0.12327086965204727,8,沪深300;创业板;纳指;黄金;国债ETF;军工ETF;证券ETF;有色ETF,沪深300;创业板;纳指;黄金;国债ETF,军工ETF;证券ETF;有色ETF
2019-09-17,1446146.5130325085,723073.2565162542,723073.2565162544,0.5,False,halve,-0.13026407909462606,8,沪深300;创业板;纳指;黄金;国债ETF;军工ETF;证券ETF;有色ETF,沪深300;创业板;纳指;黄金;国债ETF,军工ETF;证券ETF;有色ETF
2019-09-18,1446230.580173566,723115.2900867829,723115.2900867831,0.5,False,halve,-0.13021351975524614,8,沪深300;创业板;纳指;黄金;国债ETF;军工ETF;证券ETF;有色ETF,沪深300;创业板;纳指;黄金;国债ETF,军工ETF;证券ETF;有色ETF
2019-09-19,1450673.4358114814,725336.7179057407,725336.7179057407,0.5,False,halve,-0.12754151446057574,8,沪深300;创业板;纳指;黄金;国债ETF;军工ETF;证券ETF;有色ETF,沪深300;创业板;纳指;黄金;国债ETF,军工ETF;证券ETF;有色ETF
2019-09-20,1449794.0584189296,724897.0292094649,724897.0292094647,0.5,False,halve,-0.1280703862584482,8,沪深300;创业板;纳指;黄金;国债ETF;军工ETF;证券ETF;有色ETF,沪深300;创业板;纳指;黄金;国债ETF,军工ETF;证券ETF;有色ETF
2019-09-23,1446459.7953891791,723229.8976945897,723229.8976945895,0.5,False,halve,-0.13007566601439746,8,沪深300;创业板;纳指;黄金;国债ETF;军工ETF;证券ETF;有色ETF,沪深300;创业板;纳指;黄金;国债ETF,军工ETF;证券ETF;有色ETF
2019-09-24,1447984.4959582386,745865.6049953346,702118.890962904,0.5,False,halve,-0.12915868641268677,8,沪深300;创业板;纳指;黄金;国债ETF;军工ETF;证券ETF;有色ETF,沪深300;创业板;纳指;黄金;国债ETF,军工ETF;证券ETF;有色ETF
2019-09-25,1442634.1413235283,743361.4938511137,699272.6474724145,0.5,False,halve,-0.13237647629321012,7,沪深300;创业板;黄金;国债ETF;军工ETF;证券ETF;有色ETF,沪深300;创业板;黄金;国债ETF,军工ETF;证券ETF;有色ETF
2019-09-26,1429710.7433448285,714855.3716724144,714855.3716724141,0.5,False,halve,-0.1401488170214406,8,沪深300;创业板;纳指;黄金;国债ETF;有色ETF;证券ETF;军工ETF,沪深300;创业板;纳指;黄金;国债ETF,有色ETF;证券ETF;军工ETF
2019-09-27,1431322.9737797235,715661.4868898619,715661.4868898616,0.5,False,halve,-0.13917919554161925,8,沪深300;创业板;纳指;黄金;国债ETF;证券ETF;军工ETF;有色ETF,沪深300;创业板;纳指;黄金;国债ETF,证券ETF;军工ETF;有色ETF
2019-09-30,1425186.7681016691,712593.3840508345,712593.3840508347,0.5,False,halve,-0.14286960895974254,8,沪深300;创业板;纳指;黄金;国债ETF;有色ETF;军工ETF;证券ETF,沪深300;创业板;纳指;黄金;国债ETF,有色ETF;军工ETF;证券ETF
2019-10-08,1423611.5235236844,711805.7617618422,711805.7617618422,0.5,False,halve,-0.14381698654654865,7,沪深300;创业板;纳指;黄金;有色ETF;证券ETF;军工ETF,沪深300;创业板;纳指;黄金,有色ETF;证券ETF;军工ETF
2019-10-09,1425806.3516502504,712903.1758251252,712903.1758251252,0.5,False,halve,-0.1424969813847722,8,沪深300;创业板;纳指;黄金;国债ETF;有色ETF;证券ETF;军工ETF,沪深300;创业板;纳指;黄金;国债ETF,有色ETF;证券ETF;军工ETF
2019-10-10,1430709.8712755288,715354.9356377645,715354.9356377643,0.5,False,halve,-0.1395479253115905,8,沪深300;创业板;纳指;黄金;国债ETF;有色ETF;军工ETF;证券ETF,沪深300;创业板;纳指;黄金;国债ETF,有色ETF;军工ETF;证券ETF
2019-10-11,1433231.5258873934,735990.3698477974,697241.156039596,0.5,False,halve,-0.1380313614113973,7,沪深300;创业板;纳指;黄金;有色ETF;军工ETF;证券ETF,沪深300;创业板;纳指;黄金,有色ETF;军工ETF;证券ETF
2019-10-14,1436458.3997333588,738343.0818112708,698115.317922088,0.5,False,halve,-0.13609066724882524,6,沪深300;创业板;纳指;有色ETF;证券ETF;军工ETF,沪深300;创业板;纳指,有色ETF;证券ETF;军工ETF
2019-10-15,1430833.8260530327,715416.9130265163,715416.9130265163,0.5,False,halve,-0.13947337690201275,6,沪深300;创业板;纳指;有色ETF;证券ETF;军工ETF,沪深300;创业板;纳指,有色ETF;证券ETF;军工ETF
2019-10-16,1429533.298772925,735880.648407805,693652.65036512,0.5,False,halve,-0.14025553505917973,6,沪深300;创业板;纳指;有色ETF;证券ETF;军工ETF,沪深300;创业板;纳指,有色ETF;证券ETF;军工ETF
2019-10-17,1429462.4282103302,743222.9398085044,686239.4884018258,0.5,False,halve,-0.14029815776266658,6,沪深300;创业板;纳指;有色ETF;军工ETF;证券ETF,沪深300;创业板;纳指,有色ETF;军工ETF;证券ETF
2019-10-18,1421553.3259942927,730255.8535701624,691297.4724241303,0.5,False,halve,-0.14505481985562108,6,沪深300;创业板;纳指;证券ETF;军工ETF;有色ETF,沪深300;创业板;纳指,证券ETF;军工ETF;有色ETF
2019-10-21,1419420.3882323809,736260.627079692,683159.7611526889,0.5,False,halve,-0.1463376031503097,6,沪深300;创业板;纳指;证券ETF;军工ETF;有色ETF,沪深300;创业板;纳指,证券ETF;军工ETF;有色ETF
2019-10-22,1425491.6997692483,740608.6094038454,684883.0903654029,0.5,False,halve,-0.1426862181191015,6,沪深300;创业板;纳指;军工ETF;证券ETF;有色ETF,沪深300;创业板;纳指,军工ETF;证券ETF;有色ETF
2019-10-23,1418815.6531603595,742539.2605585775,676276.392601782,0.5,False,halve,-0.14670130061113293,6,沪深300;创业板;纳指;有色ETF;证券ETF;军工ETF,沪深300;创业板;纳指,有色ETF;证券ETF;军工ETF
2019-10-24,1420614.8784265085,750315.4265879688,670299.4518385397,0.5,False,halve,-0.14561921741301426,6,沪深300;创业板;纳指;军工ETF;证券ETF;有色ETF,沪深300;创业板;纳指,军工ETF;证券ETF;有色ETF
2019-10-25,1426436.2323435647,754343.1004896972,672093.1318538676,0.5,False,halve,-0.14211816094028523,7,沪深300;创业板;纳指;国债ETF;证券ETF;有色ETF;军工ETF,沪深300;创业板;纳指;国债ETF,证券ETF;有色ETF;军工ETF
2019-10-28,1434863.4430452252,747249.7968694958,687613.6461757295,0.5,False,halve,-0.13704990001774373,6,沪深300;创业板;纳指;证券ETF;有色ETF;军工ETF,沪深300;创业板;纳指,证券ETF;有色ETF;军工ETF
2019-10-29,1429381.0386590855,763334.7597039524,666046.2789551332,0.5,False,halve,-0.14034710675619244,7,沪深300;创业板;纳指;酒ETF;证券ETF;军工ETF;有色ETF,沪深300;创业板;纳指,酒ETF;证券ETF;军工ETF;有色ETF
2019-10-30,1424296.1707139672,764049.4973728764,660246.6733410908,0.5,False,halve,-0.14340522864431007,7,沪深300;创业板;纳指;酒ETF;军工ETF;证券ETF;有色ETF,沪深300;创业板;纳指,酒ETF;军工ETF;证券ETF;有色ETF
2019-10-31,1423444.161221834,771923.5777959503,651520.5834258836,0.5,False,halve,-0.14391764094388182,7,沪深300;创业板;纳指;酒ETF;证券ETF;军工ETF;有色ETF,沪深300;创业板;纳指,酒ETF;证券ETF;军工ETF;有色ETF
2019-11-01,1432263.067688677,770075.9368092752,662187.1308794018,0.5,False,halve,-0.13861380784799845,7,沪深300;创业板;纳指;酒ETF;证券ETF;军工ETF;有色ETF,沪深300;创业板;纳指,酒ETF;证券ETF;军工ETF;有色ETF
2019-11-04,1435664.768500893,779292.2088173793,656372.5596835136,0.5,False,halve,-0.13656796991809664,7,沪深300;创业板;纳指;酒ETF;证券ETF;军工ETF;有色ETF,沪深300;创业板;纳指,酒ETF;证券ETF;军工ETF;有色ETF
2019-11-05,1440826.5556181574,786286.1377256492,654540.4178925082,0.5,False,halve,-0.13346358759480254,8,沪深300;创业板;纳指;国债ETF;酒ETF;证券ETF;军工ETF;有色ETF,沪深300;创业板;纳指;国债ETF,酒ETF;证券ETF;军工ETF;有色ETF
2019-11-06,1438510.9812551476,793765.2550048969,644745.7262502507,0.5,False,halve,-0.1348562114976283,8,沪深300;创业板;纳指;国债ETF;酒ETF;证券ETF;军工ETF;有色ETF,沪深300;创业板;纳指;国债ETF,酒ETF;证券ETF;军工ETF;有色ETF
2019-11-07,1439658.900153724,803406.0647322009,636252.8354215231,0.5,False,halve,-0.134165834491301,7,沪深300;创业板;纳指;酒ETF;证券ETF;军工ETF;有色ETF,沪深300;创业板;纳指,酒ETF;证券ETF;军工ETF;有色ETF
2019-11-08,1436142.3236059626,807360.2457011691,628782.0779047934,0.5,False,halve,-0.1362807605479894,7,沪深300;创业板;纳指;酒ETF;证券ETF;军工ETF;有色ETF,沪深300;创业板;纳指,酒ETF;证券ETF;军工ETF;有色ETF
2019-11-11,1425004.9841928978,776611.3192078919,648393.6649850059,0.5,False,halve,-0.14297893674491247,5,纳指;酒ETF;证券ETF;军工ETF;有色ETF,纳指,酒ETF;证券ETF;军工ETF;有色ETF
2019-11-12,1427646.8177955905,786394.5215384411,641252.2962571494,0.5,False,halve,-0.1413900952543649,5,纳指;酒ETF;证券ETF;军工ETF;有色ETF,纳指,酒ETF;证券ETF;军工ETF;有色ETF
2019-11-13,1427957.277648032,795179.6381066863,632777.6395413456,0.5,False,halve,-0.14120337967386604,5,纳指;酒ETF;证券ETF;军工ETF;有色ETF,纳指,酒ETF;证券ETF;军工ETF;有色ETF
2019-11-14,1430261.9966151435,802796.047495896,627465.9491192475,0.5,False,halve,-0.1398172843818437,6,纳指;国债ETF;酒ETF;证券ETF;军工ETF;有色ETF,纳指;国债ETF,酒ETF;证券ETF;军工ETF;有色ETF
2019-11-15,1429185.2649645377,806454.4916491738,622730.7733153639,0.5,False,halve,-0.14046484822497318,6,纳指;国债ETF;酒ETF;证券ETF;军工ETF;有色ETF,纳指;国债ETF,酒ETF;证券ETF;军工ETF;有色ETF
2019-11-18,1433117.749146189,810163.6660526686,622954.0830935205,0.5,False,halve,-0.13809978858519828,8,沪深300;创业板;纳指;国债ETF;酒ETF;证券ETF;军工ETF;有色ETF,沪深300;创业板;纳指;国债ETF,酒ETF;证券ETF;军工ETF;有色ETF
2019-11-19,1442395.1233610574,805246.0646902918,637149.0586707656,0.5,False,halve,-0.13252022556469065,8,沪深300;创业板;纳指;国债ETF;酒ETF;证券ETF;军工ETF;有色ETF,沪深300;创业板;纳指;国债ETF,酒ETF;证券ETF;军工ETF;有色ETF
2019-11-20,1438431.628735236,810830.1756446729,627601.453090563,0.5,False,halve,-0.13490393538753823,7,创业板;纳指;国债ETF;酒ETF;有色ETF;证券ETF;军工ETF,创业板;纳指;国债ETF,酒ETF;有色ETF;证券ETF;军工ETF
2019-11-21,1437430.9338930058,819836.4224383978,617594.5114546081,0.5,False,halve,-0.13550576946334505,7,创业板;纳指;国债ETF;酒ETF;有色ETF;军工ETF;证券ETF,创业板;纳指;国债ETF,酒ETF;有色ETF;军工ETF;证券ETF
2019-11-22,1432041.5236102268,821867.956166759,610173.5674434678,0.5,False,halve,-0.13874704804278892,6,纳指;国债ETF;酒ETF;有色ETF;证券ETF;军工ETF,纳指;国债ETF,酒ETF;有色ETF;证券ETF;军工ETF
2019-11-25,1434799.1748710184,830012.8531924,604786.3216786184,0.5,False,halve,-0.13708855193798483,6,纳指;国债ETF;酒ETF;有色ETF;证券ETF;军工ETF,纳指;国债ETF,酒ETF;有色ETF;证券ETF;军工ETF
2019-11-26,1438843.4177771537,842599.987738446,596243.4300387077,0.5,False,halve,-0.13465627879232914,7,沪深300;纳指;国债ETF;酒ETF;有色ETF;证券ETF;军工ETF,沪深300;纳指;国债ETF,酒ETF;有色ETF;证券ETF;军工ETF
2019-11-27,1438125.625962933,852813.247571391,585312.378391542,0.5,False,halve,-0.13508797040789747,8,沪深300;创业板;纳指;国债ETF;酒ETF;有色ETF;证券ETF;军工ETF,沪深300;创业板;纳指;国债ETF,酒ETF;有色ETF;证券ETF;军工ETF
2019-11-28,1437705.7057657607,862536.2349191395,575169.4708466212,0.5,False,halve,-0.1353405172114911,8,沪深300;创业板;纳指;国债ETF;酒ETF;有色ETF;证券ETF;军工ETF,沪深300;创业板;纳指;国债ETF,酒ETF;有色ETF;证券ETF;军工ETF
2019-11-29,1433531.0923830923,866453.4197295777,567077.6726535145,0.5,False,halve,-0.1378511972719681,8,沪深300;创业板;纳指;国债ETF;酒ETF;有色ETF;证券ETF;军工ETF,沪深300;创业板;纳指;国债ETF,酒ETF;有色ETF;证券ETF;军工ETF
2019-12-02,1436276.2320884196,877624.4704600237,558651.7616283959,0.5,False,halve,-0.13620022581913777,8,沪深300;创业板;纳指;国债ETF;酒ETF;有色ETF;证券ETF;军工ETF,沪深300;创业板;纳指;国债ETF,酒ETF;有色ETF;证券ETF;军工ETF
2019-12-03,1437583.0330551267,885017.1594097189,552565.8736454077,0.5,False,halve,-0.1354142945653012,8,沪深300;创业板;纳指;国债ETF;酒ETF;有色ETF;证券ETF;军工ETF,沪深300;创业板;纳指;国债ETF,酒ETF;有色ETF;证券ETF;军工ETF
2019-12-04,1438954.3229549746,823395.3210233898,615559.0019315848,0.5,False,halve,-0.13458957862322732,8,创业板;纳指;国债ETF;半导体ETF;有色ETF;酒ETF;证券ETF;军工ETF,创业板;纳指;国债ETF,半导体ETF;有色ETF;酒ETF;证券ETF;军工ETF
2019-12-05,1446622.6952669828,827324.1480096418,619298.547257341,0.5,False,halve,-0.12997769539111684,8,创业板;纳指;国债ETF;半导体ETF;有色ETF;酒ETF;证券ETF;军工ETF,创业板;纳指;国债ETF,半导体ETF;有色ETF;酒ETF;证券ETF;军工ETF
2019-12-06,1450777.8962534699,832216.4822517217,618561.4140017482,0.5,False,halve,-0.12747869025992095,8,创业板;纳指;国债ETF;半导体ETF;酒ETF;有色ETF;证券ETF;军工ETF,创业板;纳指;国债ETF,半导体ETF;酒ETF;有色ETF;证券ETF;军工ETF
2019-12-09,1451807.2153708993,842905.4001216937,608901.8152492056,0.5,False,halve,-0.12685964108168402,8,创业板;纳指;国债ETF;半导体ETF;酒ETF;有色ETF;证券ETF;军工ETF,创业板;纳指;国债ETF,半导体ETF;酒ETF;有色ETF;证券ETF;军工ETF
2019-12-10,1454441.9724956898,851527.2365118951,602914.7359837947,0.5,False,halve,-0.1252750554994899,8,创业板;纳指;国债ETF;半导体ETF;有色ETF;酒ETF;证券ETF;军工ETF,创业板;纳指;国债ETF,半导体ETF;有色ETF;酒ETF;证券ETF;军工ETF
2019-12-11,1450622.834034929,850946.4635427528,599676.3704921763,0.5,False,halve,-0.12757194718805712,8,创业板;纳指;国债ETF;半导体ETF;有色ETF;酒ETF;证券ETF;军工ETF,创业板;纳指;国债ETF,半导体ETF;有色ETF;酒ETF;证券ETF;军工ETF
2019-12-12,1454065.244525747,861727.7347292178,592337.5097965291,0.5,False,halve,-0.1255016257984992,8,创业板;纳指;国债ETF;半导体ETF;有色ETF;酒ETF;军工ETF;证券ETF,创业板;纳指;国债ETF,半导体ETF;有色ETF;酒ETF;军工ETF;证券ETF
2019-12-13,1464643.3548693715,1697218.367796353,-232575.01292698155,1.0,False,warning,-0.11913977901586674,9,沪深300;创业板;纳指;国债ETF;半导体ETF;有色ETF;酒ETF;证券ETF;军工ETF,沪深300;创业板;纳指;国债ETF,半导体ETF;有色ETF;酒ETF;证券ETF;军工ETF
2019-12-16,1476800.5657238022,1718755.3190733772,-241954.75334957498,1.0,False,warning,-0.11182823562601563,9,沪深300;创业板;纳指;国债ETF;半导体ETF;有色ETF;证券ETF;酒ETF;军工ETF,沪深300;创业板;纳指;国债ETF,半导体ETF;有色ETF;证券ETF;酒ETF;军工ETF
2019-12-17,1495720.9003349845,1733830.9302960427,-238110.02996105817,1.0,False,warning,-0.10044924013793911,9,沪深300;创业板;纳指;国债ETF;半导体ETF;证券ETF;有色ETF;军工ETF;酒ETF,沪深300;创业板;纳指;国债ETF,半导体ETF;证券ETF;有色ETF;军工ETF;酒ETF
2019-12-18,1489659.8115334979,1741053.9080055694,-251394.09647207148,1.0,False,warning,-0.10409447705061958,9,沪深300;创业板;纳指;国债ETF;半导体ETF;证券ETF;有色ETF;酒ETF;军工ETF,沪深300;创业板;纳指;国债ETF,半导体ETF;证券ETF;有色ETF;酒ETF;军工ETF
2019-12-19,1484504.3196260817,1732734.372072298,-248230.05244621634,1.0,False,warning,-0.10719507333281383,9,沪深300;创业板;纳指;国债ETF;半导体ETF;证券ETF;有色ETF;酒ETF;军工ETF,沪深300;创业板;纳指;国债ETF,半导体ETF;证券ETF;有色ETF;酒ETF;军工ETF
2019-12-20,1479861.015487548,1716891.4385293128,-237030.42304176488,1.0,False,warning,-0.10998763160030428,9,沪深300;创业板;纳指;国债ETF;半导体ETF;证券ETF;有色ETF;酒ETF;军工ETF,沪深300;创业板;纳指;国债ETF,半导体ETF;证券ETF;有色ETF;酒ETF;军工ETF
2019-12-23,1459140.3520142331,800006.6815150437,659133.6704991894,0.5,False,halve,-0.12244937400698719,8,创业板;纳指;国债ETF;半导体ETF;证券ETF;有色ETF;酒ETF;军工ETF,创业板;纳指;国债ETF,半导体ETF;证券ETF;有色ETF;酒ETF;军工ETF
2019-12-24,1469697.8551278953,1567895.9249272905,-98198.06979939528,1.0,False,warning,-0.11609992074601191,9,沪深300;创业板;纳指;国债ETF;半导体ETF;有色ETF;证券ETF;酒ETF;军工ETF,沪深300;创业板;纳指;国债ETF,半导体ETF;有色ETF;证券ETF;酒ETF;军工ETF
2019-12-25,1475636.3362616408,1584473.1206046415,-108836.78434300073,1.0,False,warning,-0.11252842206929295,9,沪深300;创业板;纳指;国债ETF;半导体ETF;有色ETF;证券ETF;军工ETF;酒ETF,沪深300;创业板;纳指;国债ETF,半导体ETF;有色ETF;证券ETF;军工ETF;酒ETF
2019-12-26,1485099.422535825,1607381.769911737,-122282.3473759119,1.0,False,warning,-0.10683716881029508,8,创业板;纳指;国债ETF;半导体ETF;有色ETF;证券ETF;军工ETF;酒ETF,创业板;纳指;国债ETF,半导体ETF;有色ETF;证券ETF;军工ETF;酒ETF
2019-12-27,1481761.312928021,1616132.6342071872,-134371.32127916627,1.0,False,warning,-0.10884476196054825,8,创业板;纳指;国债ETF;半导体ETF;有色ETF;证券ETF;酒ETF;军工ETF,创业板;纳指;国债ETF,半导体ETF;有色ETF;证券ETF;酒ETF;军工ETF
2019-12-30,1499840.425729369,1590604.7789476463,-90764.35321827722,1.0,False,warning,-0.09797169088529466,9,沪深300;创业板;纳指;国债ETF;半导体ETF;有色ETF;证券ETF;酒ETF;军工ETF,沪深300;创业板;纳指;国债ETF,半导体ETF;有色ETF;证券ETF;酒ETF;军工ETF
2019-12-31,1499972.9979703901,1603897.8922017838,-103924.8942313937,1.0,False,warning,-0.09789195979367159,10,沪深300;创业板;纳指;黄金;国债ETF;证券ETF;半导体ETF;有色ETF;酒ETF;军工ETF,沪深300;创业板;纳指;黄金;国债ETF,证券ETF;半导体ETF;有色ETF;酒ETF;军工ETF
2020-01-02,1516175.28125678,1621105.2520834538,-104929.97082667379,1.0,False,warning,-0.0881476443679072,10,沪深300;创业板;纳指;黄金;国债ETF;半导体ETF;有色ETF;证券ETF;酒ETF;军工ETF,沪深300;创业板;纳指;黄金;国债ETF,半导体ETF;有色ETF;证券ETF;酒ETF;军工ETF
2020-01-03,1521649.8758000978,1644601.5120356083,-122951.63623551046,1.0,False,warning,-0.08485513459534516,10,沪深300;创业板;纳指;黄金;国债ETF;有色ETF;半导体ETF;证券ETF;军工ETF;酒ETF,沪深300;创业板;纳指;黄金;国债ETF,有色ETF;半导体ETF;证券ETF;军工ETF;酒ETF
2020-01-06,1531419.5442142498,1668090.5573546002,-136671.01314035035,1.0,False,normal,-0.07897949787489648,10,沪深300;创业板;纳指;黄金;国债ETF;有色ETF;半导体ETF;证券ETF;军工ETF;酒ETF,沪深300;创业板;纳指;黄金;国债ETF,有色ETF;半导体ETF;证券ETF;军工ETF;酒ETF
2020-01-07,1538360.4075414399,1691333.8140378778,-152973.40649643796,1.0,False,normal,-0.07480515032203808,10,沪深300;创业板;纳指;黄金;国债ETF;有色ETF;半导体ETF;证券ETF;军工ETF;酒ETF,沪深300;创业板;纳指;黄金;国债ETF,有色ETF;半导体ETF;证券ETF;军工ETF;酒ETF
2020-01-08,1529105.2077476599,1667789.8568676014,-138684.64911994152,1.0,False,warning,-0.0803713772867782,10,沪深300;创业板;纳指;黄金;国债ETF;有色ETF;半导体ETF;证券ETF;军工ETF;酒ETF,沪深300;创业板;纳指;黄金;国债ETF,有色ETF;半导体ETF;证券ETF;军工ETF;酒ETF
2020-01-09,1539188.7667770076,1693720.7495466848,-154531.98276967718,1.0,False,normal,-0.07430696166957836,10,沪深300;创业板;纳指;黄金;国债ETF;有色ETF;半导体ETF;证券ETF;军工ETF;酒ETF,沪深300;创业板;纳指;黄金;国债ETF,有色ETF;半导体ETF;证券ETF;军工ETF;酒ETF
2020-01-10,1550794.1839044755,1715127.095439502,-164332.9115350265,1.0,False,normal,-0.06732727595870017,10,沪深300;创业板;纳指;黄金;国债ETF;有色ETF;半导体ETF;证券ETF;酒ETF;军工ETF,沪深300;创业板;纳指;黄金;国债ETF,有色ETF;半导体ETF;证券ETF;酒ETF;军工ETF
2020-01-13,1569794.5914663824,1699146.5088489829,-129351.91738260048,1.0,False,normal,-0.055900123301961716,10,沪深300;创业板;纳指;黄金;国债ETF;半导体ETF;有色ETF;证券ETF;酒ETF;军工ETF,沪深300;创业板;纳指;黄金;国债ETF,半导体ETF;有色ETF;证券ETF;酒ETF;军工ETF
2020-01-14,1563128.8449802024,1683240.5044784609,-120111.6594982585,1.0,False,normal,-0.05990901113347371,10,沪深300;创业板;纳指;黄金;国债ETF;有色ETF;半导体ETF;酒ETF;证券ETF;军工ETF,沪深300;创业板;纳指;黄金;国债ETF,有色ETF;半导体ETF;酒ETF;证券ETF;军工ETF
2020-01-15,1563413.4067505365,1697921.5474512742,-134508.1407007377,1.0,False,normal,-0.059737871078751975,10,沪深300;创业板;纳指;黄金;国债ETF;半导体ETF;有色ETF;酒ETF;证券ETF;军工ETF,沪深300;创业板;纳指;黄金;国债ETF,半导体ETF;有色ETF;酒ETF;证券ETF;军工ETF
2020-01-16,1566217.701347802,1717435.192090134,-151217.49074233184,1.0,False,normal,-0.058051322916402755,10,沪深300;创业板;纳指;黄金;国债ETF;半导体ETF;有色ETF;酒ETF;证券ETF;军工ETF,沪深300;创业板;纳指;黄金;国债ETF,半导体ETF;有色ETF;酒ETF;证券ETF;军工ETF
2020-01-17,1568707.6645866272,1734517.9930953681,-165810.328508741,1.0,False,normal,-0.05655381872092613,10,沪深300;创业板;纳指;黄金;国债ETF;半导体ETF;有色ETF;酒ETF;军工ETF;证券ETF,沪深300;创业板;纳指;黄金;国债ETF,半导体ETF;有色ETF;酒ETF;军工ETF;证券ETF
2020-01-20,1584567.2488306775,1723527.4819614105,-138960.23313073302,1.0,False,normal,-0.04701560804630316,10,沪深300;创业板;纳指;黄金;国债ETF;半导体ETF;有色ETF;酒ETF;证券ETF;军工ETF,沪深300;创业板;纳指;黄金;国债ETF,半导体ETF;有色ETF;酒ETF;证券ETF;军工ETF
2020-01-21,1570573.9645861413,1657360.9165468027,-86786.95196066145,1.0,False,normal,-0.05543139569246039,10,沪深300;创业板;纳指;黄金;国债ETF;半导体ETF;有色ETF;军工ETF;证券ETF;酒ETF,沪深300;创业板;纳指;黄金;国债ETF,半导体ETF;有色ETF;军工ETF;证券ETF;酒ETF
2020-01-22,1583433.2040360882,1665549.9693674408,-82116.7653313526,1.0,False,normal,-0.04769764094192021,10,沪深300;创业板;纳指;黄金;国债ETF;半导体ETF;有色ETF;军工ETF;证券ETF;酒ETF,沪深300;创业板;纳指;黄金;国债ETF,半导体ETF;有色ETF;军工ETF;证券ETF;酒ETF
2020-01-23,1560552.729484953,1560552.7294849535,-4.656612873077393e-10,1.0,False,normal,-0.061458328690462465,10,沪深300;创业板;纳指;黄金;国债ETF;半导体ETF;有色ETF;军工ETF;酒ETF;证券ETF,沪深300;创业板;纳指;黄金;国债ETF,半导体ETF;有色ETF;军工ETF;酒ETF;证券ETF
2020-02-03,1476288.2693050744,1230905.6021773196,245382.66712775477,1.0,False,warning,-0.11213633898449515,9,创业板;纳指;黄金;国债ETF;半导体ETF;有色ETF;军工ETF;证券ETF;酒ETF,创业板;纳指;黄金;国债ETF,半导体ETF;有色ETF;军工ETF;证券ETF;酒ETF
2020-02-04,1500398.2097428606,1254216.6907104847,246181.5190323759,0.7974050855222833,False,warning,-0.09763623055104186,9,创业板;纳指;黄金;国债ETF;半导体ETF;有色ETF;军工ETF;酒ETF;证券ETF,创业板;纳指;黄金;国债ETF,半导体ETF;有色ETF;军工ETF;酒ETF;证券ETF
2020-02-05,1521721.3914810212,1275521.5516745565,246199.83980646473,0.744297542744761,False,warning,-0.08481212390725339,9,创业板;纳指;黄金;国债ETF;半导体ETF;有色ETF;军工ETF;证券ETF;酒ETF,创业板;纳指;黄金;国债ETF,半导体ETF;有色ETF;军工ETF;证券ETF;酒ETF
2020-02-06,1541007.8571792725,1293639.7725290398,247368.0846502327,0.7314629326771863,False,normal,-0.07321293125705378,9,创业板;纳指;黄金;国债ETF;半导体ETF;军工ETF;有色ETF;证券ETF;酒ETF,创业板;纳指;黄金;国债ETF,半导体ETF;军工ETF;有色ETF;证券ETF;酒ETF
2020-02-07,1548995.8440564936,1305377.0726463848,243618.77141010878,0.7537786075057906,False,normal,-0.06840882665200135,9,创业板;纳指;黄金;国债ETF;半导体ETF;军工ETF;有色ETF;酒ETF;证券ETF,创业板;纳指;黄金;国债ETF,半导体ETF;军工ETF;有色ETF;酒ETF;证券ETF
2020-02-10,1556603.2420895011,1318378.9894958863,238224.25259361486,0.7756820886508367,False,normal,-0.06383361433823852,9,创业板;纳指;黄金;国债ETF;半导体ETF;军工ETF;有色ETF;证券ETF;酒ETF,创业板;纳指;黄金;国债ETF,半导体ETF;军工ETF;有色ETF;证券ETF;酒ETF
2020-02-11,1565041.2035064688,1332676.7029580148,232364.500548454,0.7957875939204676,False,normal,-0.05875888776149544,9,创业板;纳指;黄金;国债ETF;半导体ETF;军工ETF;有色ETF;酒ETF;证券ETF,创业板;纳指;黄金;国债ETF,半导体ETF;军工ETF;有色ETF;酒ETF;证券ETF
2020-02-12,1585520.9025692195,1351193.6059087212,234327.29666049825,0.6100159986644037,False,normal,-0.04644206525168244,10,沪深300;创业板;纳指;黄金;国债ETF;半导体ETF;有色ETF;军工ETF;证券ETF;酒ETF,沪深300;创业板;纳指;黄金;国债ETF,半导体ETF;有色ETF;军工ETF;证券ETF;酒ETF
2020-02-13,1596552.981153322,1368210.7701529237,228342.21100039827,0.6227447728845117,False,normal,-0.039807194621095714,10,沪深300;创业板;纳指;黄金;国债ETF;半导体ETF;有色ETF;军工ETF;证券ETF;酒ETF,沪深300;创业板;纳指;黄金;国债ETF,半导体ETF;有色ETF;军工ETF;证券ETF;酒ETF
2020-02-14,1591049.2327673072,1370304.5212976618,220744.71146964538,0.6196329741028536,False,normal,-0.043117237986552676,10,沪深300;创业板;纳指;黄金;国债ETF;半导体ETF;有色ETF;军工ETF;证券ETF;酒ETF,沪深300;创业板;纳指;黄金;国债ETF,半导体ETF;有色ETF;军工ETF;证券ETF;酒ETF
2020-02-17,1613513.2466192017,1382219.496787488,231293.74983171374,0.6267640254201189,False,normal,-0.02960701644355099,10,沪深300;创业板;纳指;黄金;国债ETF;半导体ETF;有色ETF;军工ETF;证券ETF;酒ETF,沪深300;创业板;纳指;黄金;国债ETF,半导体ETF;有色ETF;军工ETF;证券ETF;酒ETF
2020-02-18,1610679.524984251,1386843.8928416455,223835.6321426055,0.6312573661157043,False,normal,-0.03131126250268314,10,沪深300;创业板;纳指;黄金;国债ETF;半导体ETF;军工ETF;有色ETF;证券ETF;酒ETF,沪深300;创业板;纳指;黄金;国债ETF,半导体ETF;军工ETF;有色ETF;证券ETF;酒ETF
2020-02-19,1606572.419549683,1390533.4829509563,216038.93659872678,0.7454625477166347,False,normal,-0.03378134219045892,9,创业板;纳指;黄金;国债ETF;半导体ETF;军工ETF;有色ETF;证券ETF;酒ETF,创业板;纳指;黄金;国债ETF,半导体ETF;军工ETF;有色ETF;证券ETF;酒ETF
2020-02-20,1623667.2759397347,1404706.9061590307,218960.3697807039,0.6502760829021546,False,normal,-0.02350021885256904,10,沪深300;创业板;纳指;黄金;国债ETF;半导体ETF;军工ETF;有色ETF;证券ETF;酒ETF,沪深300;创业板;纳指;黄金;国债ETF,半导体ETF;军工ETF;有色ETF;证券ETF;酒ETF
2020-02-21,1631336.447486112,1418872.7444756415,212463.70301047037,0.6706991390828706,False,normal,-0.018887854947972217,10,沪深300;创业板;纳指;黄金;国债ETF;半导体ETF;军工ETF;有色ETF;证券ETF;酒ETF,沪深300;创业板;纳指;黄金;国债ETF,半导体ETF;军工ETF;有色ETF;证券ETF;酒ETF
2020-02-24,1630688.5243945757,1426997.594758761,203690.92963581462,0.6839778783604623,False,normal,-0.019277526382792037,10,沪深300;创业板;纳指;黄金;国债ETF;半导体ETF;军工ETF;有色ETF;证券ETF;酒ETF,沪深300;创业板;纳指;黄金;国债ETF,半导体ETF;军工ETF;有色ETF;证券ETF;酒ETF
2020-02-25,1636501.7504571446,1440930.4599261289,195571.29053101572,0.7050980011175896,False,normal,-0.01578135813331276,10,沪深300;创业板;纳指;黄金;国债ETF;半导体ETF;军工ETF;有色ETF;证券ETF;酒ETF,沪深300;创业板;纳指;黄金;国债ETF,半导体ETF;军工ETF;有色ETF;证券ETF;酒ETF
2020-02-26,1611264.6660315332,1394336.9420700853,216927.72396144783,0.66819251448232,False,normal,-0.03095934920549564,10,沪深300;创业板;纳指;黄金;国债ETF;半导体ETF;军工ETF;有色ETF;证券ETF;酒ETF,沪深300;创业板;纳指;黄金;国债ETF,半导体ETF;军工ETF;有色ETF;证券ETF;酒ETF
2020-02-27,1607833.1290115714,1398049.5236765135,209783.60533505795,0.6864813324555179,False,normal,-0.03302313111367787,10,沪深300;创业板;纳指;黄金;国债ETF;半导体ETF;军工ETF;证券ETF;有色ETF;酒ETF,沪深300;创业板;纳指;黄金;国债ETF,半导体ETF;军工ETF;证券ETF;有色ETF;酒ETF
2020-02-28,1559389.7177276802,1317630.0091590593,241759.70856862096,0.579770770827185,False,normal,-0.062157782786309436,9,创业板;纳指;黄金;国债ETF;半导体ETF;军工ETF;证券ETF;有色ETF;酒ETF,创业板;纳指;黄金;国债ETF,半导体ETF;军工ETF;证券ETF;有色ETF;酒ETF
2020-03-02,1579672.045798279,1333140.1072134627,246531.9385848164,0.524928023923152,False,normal,-0.04995966238591077,10,沪深300;创业板;纳指;黄金;国债ETF;半导体ETF;军工ETF;证券ETF;有色ETF;酒ETF,沪深300;创业板;纳指;黄金;国债ETF,半导体ETF;军工ETF;证券ETF;有色ETF;酒ETF
2020-03-03,1587112.536726359,1345799.9154356977,241312.6212906614,0.5918481011194333,False,normal,-0.04548483070668367,9,创业板;纳指;黄金;国债ETF;半导体ETF;军工ETF;证券ETF;有色ETF;酒ETF,创业板;纳指;黄金;国债ETF,半导体ETF;军工ETF;证券ETF;有色ETF;酒ETF
2020-03-04,1593591.160137232,1358701.745609112,234889.41452811984,0.5540636960325699,False,normal,-0.04158848172151831,10,沪深300;创业板;纳指;黄金;国债ETF;半导体ETF;证券ETF;军工ETF;有色ETF;酒ETF,沪深300;创业板;纳指;黄金;国债ETF,半导体ETF;证券ETF;军工ETF;有色ETF;酒ETF
2020-03-05,1608293.0135211463,1373782.6132668871,234510.40025425912,0.5654438136314652,False,normal,-0.032746549125725305,10,沪深300;创业板;纳指;黄金;国债ETF;证券ETF;半导体ETF;军工ETF;有色ETF;酒ETF,沪深300;创业板;纳指;黄金;国债ETF,证券ETF;半导体ETF;军工ETF;有色ETF;酒ETF
2020-03-06,1599050.7227004985,1368921.9090184346,230128.81368206395,0.6434159854210811,False,normal,-0.038305012425073344,9,创业板;纳指;黄金;国债ETF;半导体ETF;证券ETF;军工ETF;有色ETF;酒ETF,创业板;纳指;黄金;国债ETF,半导体ETF;证券ETF;军工ETF;有色ETF;酒ETF
2020-03-09,1554646.818980765,1308573.9987067103,246072.82027405477,0.5258434184626546,False,normal,-0.06501023886336287,9,创业板;纳指;黄金;国债ETF;证券ETF;半导体ETF;军工ETF;有色ETF;酒ETF,创业板;纳指;黄金;国债ETF,证券ETF;半导体ETF;军工ETF;有色ETF;酒ETF
2020-03-10,1579265.446708146,1320852.2093749365,258413.2373332095,0.5206313923384758,False,normal,-0.050204197660109674,9,创业板;纳指;黄金;国债ETF;半导体ETF;证券ETF;军工ETF;酒ETF;有色ETF,创业板;纳指;黄金;国债ETF,半导体ETF;证券ETF;军工ETF;酒ETF;有色ETF
2020-03-11,1562865.6271817097,1309938.5784568626,252927.04872484715,0.5229695579170928,False,normal,-0.06006731457804699,9,创业板;纳指;黄金;国债ETF;军工ETF;证券ETF;半导体ETF;酒ETF;有色ETF,创业板;纳指;黄金;国债ETF,军工ETF;证券ETF;半导体ETF;酒ETF;有色ETF
2020-03-12,1539623.418647431,1294802.5352488637,244820.88339856733,0.7155581509786711,False,normal,-0.07404555499923811,8,创业板;黄金;国债ETF;军工ETF;证券ETF;半导体ETF;酒ETF;有色ETF,创业板;黄金;国债ETF,军工ETF;证券ETF;半导体ETF;酒ETF;有色ETF
2020-03-13,1522934.039553956,1287294.1828189748,235639.85673498106,0.6831821352190875,False,warning,-0.08408281772773195,8,创业板;黄金;国债ETF;半导体ETF;证券ETF;军工ETF;酒ETF;有色ETF,创业板;黄金;国债ETF,半导体ETF;证券ETF;军工ETF;酒ETF;有色ETF
2020-03-16,1479972.5959678441,1234042.2169258615,245930.37904198258,1.0,False,warning,-0.10992052529336312,6,国债ETF;证券ETF;军工ETF;半导体ETF;酒ETF;有色ETF,国债ETF,证券ETF;军工ETF;半导体ETF;酒ETF;有色ETF
2020-03-17,1476982.7867004715,1237750.5900372688,239232.19666320272,1.0,False,warning,-0.11171864498113729,6,国债ETF;证券ETF;军工ETF;半导体ETF;酒ETF;有色ETF,国债ETF,证券ETF;军工ETF;半导体ETF;酒ETF;有色ETF
2020-03-18,1472084.2145458946,1236773.5806824302,235310.63386346446,1.0,False,warning,-0.11466472556535717,6,国债ETF;军工ETF;半导体ETF;证券ETF;酒ETF;有色ETF,国债ETF,军工ETF;半导体ETF;证券ETF;酒ETF;有色ETF
2020-03-19,1470458.1778859894,1240985.2714448578,229472.9064411316,1.0,False,warning,-0.11564265033237334,6,国债ETF;军工ETF;证券ETF;半导体ETF;酒ETF;有色ETF,国债ETF,军工ETF;证券ETF;半导体ETF;酒ETF;有色ETF
2020-03-20,1474724.5318448276,1248837.0348410066,225887.49700382096,1.0,False,warning,-0.11307679600443432,6,国债ETF;军工ETF;证券ETF;半导体ETF;酒ETF;有色ETF,国债ETF,军工ETF;证券ETF;半导体ETF;酒ETF;有色ETF
2020-03-23,1468799.2457909777,1230328.002436111,238471.24335486675,1.0,False,warning,-0.11664035894652262,6,国债ETF;军工ETF;证券ETF;半导体ETF;酒ETF;有色ETF,国债ETF,军工ETF;证券ETF;半导体ETF;酒ETF;有色ETF
2020-03-24,1474359.0700720104,1232694.099489974,241664.9705820363,0.56182180402718,False,warning,-0.11329659063013262,7,黄金;国债ETF;军工ETF;证券ETF;半导体ETF;酒ETF;有色ETF,黄金;国债ETF,军工ETF;证券ETF;半导体ETF;酒ETF;有色ETF
2020-03-25,1487169.668093453,1244567.402069297,242602.266024156,0.5713655599336337,False,warning,-0.10559208962202665,7,黄金;国债ETF;军工ETF;证券ETF;酒ETF;半导体ETF;有色ETF,黄金;国债ETF,军工ETF;证券ETF;酒ETF;半导体ETF;有色ETF
2020-03-26,1484455.5014271857,1247985.6848276034,236469.81659958232,0.5891298767186754,False,warning,-0.10722443338782288,7,黄金;国债ETF;军工ETF;酒ETF;证券ETF;半导体ETF;有色ETF,黄金;国债ETF,军工ETF;酒ETF;证券ETF;半导体ETF;有色ETF
2020-03-27,1491668.788871163,1260278.6892941808,231390.0995769822,0.4699486292723514,False,warning,-0.10288624556155126,9,沪深300;创业板;黄金;国债ETF;酒ETF;军工ETF;半导体ETF;证券ETF;有色ETF,沪深300;创业板;黄金;国债ETF,酒ETF;军工ETF;半导体ETF;证券ETF;有色ETF
2020-03-30,1478600.8438062067,1254558.6517782283,224042.19202797837,0.6182146941674124,False,warning,-0.11074551924715959,7,黄金;国债ETF;酒ETF;军工ETF;证券ETF;半导体ETF;有色ETF,黄金;国债ETF,酒ETF;军工ETF;证券ETF;半导体ETF;有色ETF
2020-03-31,1479936.1594633162,1262444.5993961436,217491.56006717263,0.6376070278842579,False,warning,-0.10994243879696361,7,黄金;国债ETF;酒ETF;半导体ETF;军工ETF;证券ETF;有色ETF,黄金;国债ETF,酒ETF;半导体ETF;军工ETF;证券ETF;有色ETF
2020-04-01,1473450.0518873741,1263269.4018598476,210180.65002752654,0.6444913868668825,False,warning,-0.11384328888014358,7,黄金;国债ETF;酒ETF;半导体ETF;军工ETF;有色ETF;证券ETF,黄金;国债ETF,酒ETF;半导体ETF;军工ETF;有色ETF;证券ETF
2020-04-02,1481536.1833557414,1266285.7883306972,215250.3950250442,0.6645286114737402,False,warning,-0.10898015852936407,7,黄金;国债ETF;半导体ETF;酒ETF;军工ETF;证券ETF;有色ETF,黄金;国债ETF,半导体ETF;酒ETF;军工ETF;证券ETF;有色ETF
2020-04-03,1483696.0375952178,1274525.314832612,209170.72276260587,0.6822739812775283,False,warning,-0.10768118722938616,7,黄金;国债ETF;半导体ETF;酒ETF;军工ETF;证券ETF;有色ETF,黄金;国债ETF,半导体ETF;酒ETF;军工ETF;证券ETF;有色ETF
2020-04-07,1508195.6368231792,1290823.0173356128,217372.6194875664,0.6490771129218545,False,warning,-0.09294673169233188,7,黄金;国债ETF;酒ETF;半导体ETF;军工ETF;有色ETF;证券ETF,黄金;国债ETF,酒ETF;半导体ETF;军工ETF;有色ETF;证券ETF
2020-04-08,1506397.6624249374,1296413.131559394,209984.5308655433,0.6653945448183031,False,warning,-0.09402806259824403,7,黄金;国债ETF;半导体ETF;酒ETF;军工ETF;有色ETF;证券ETF,黄金;国债ETF,半导体ETF;酒ETF;军工ETF;有色ETF;证券ETF
2020-04-09,1508385.205051855,1305733.8309097043,202651.37414215063,0.6862748721787757,False,warning,-0.09283272229117101,7,黄金;国债ETF;酒ETF;半导体ETF;军工ETF;有色ETF;证券ETF,黄金;国债ETF,酒ETF;半导体ETF;军工ETF;有色ETF;证券ETF
2020-04-10,1506148.038149117,1307275.210720662,198872.827428455,0.7077926583096844,False,warning,-0.09417819067825141,7,黄金;国债ETF;酒ETF;军工ETF;半导体ETF;有色ETF;证券ETF,黄金;国债ETF,酒ETF;军工ETF;半导体ETF;有色ETF;证券ETF
2020-04-13,1504243.5509257396,1312332.9656219769,191910.5853037627,0.7297904402926476,False,warning,-0.09532358012126387,7,黄金;国债ETF;酒ETF;军工ETF;半导体ETF;有色ETF;证券ETF,黄金;国债ETF,酒ETF;军工ETF;半导体ETF;有色ETF;证券ETF
2020-04-14,1516794.933657188,1321000.6882432099,195794.24541397812,0.7469022145944185,False,warning,-0.0877749753843338,7,黄金;国债ETF;军工ETF;酒ETF;半导体ETF;有色ETF;证券ETF,黄金;国债ETF,军工ETF;酒ETF;半导体ETF;有色ETF;证券ETF
2020-04-15,1516182.0195856246,1327908.931165827,188273.0884197976,0.7702134007296744,False,warning,-0.08814359182787052,7,黄金;国债ETF;酒ETF;军工ETF;半导体ETF;有色ETF;证券ETF,黄金;国债ETF,酒ETF;军工ETF;半导体ETF;有色ETF;证券ETF
2020-04-16,1521626.7064487503,1340028.07637882,181598.63006993034,0.7934970213421081,False,warning,-0.08486906901827493,7,黄金;国债ETF;酒ETF;军工ETF;半导体ETF;有色ETF;证券ETF,黄金;国债ETF,酒ETF;军工ETF;半导体ETF;有色ETF;证券ETF
2020-04-17,1514123.2205843374,1341440.126564156,172683.09402018134,0.779830743217099,False,warning,-0.08938178687187665,7,黄金;国债ETF;酒ETF;半导体ETF;军工ETF;有色ETF;证券ETF,黄金;国债ETF,酒ETF;半导体ETF;军工ETF;有色ETF;证券ETF
2020-04-20,1513843.19497153,1348713.552421879,165129.64254965098,1.0,False,warning,-0.08955019880803752,6,国债ETF;酒ETF;半导体ETF;军工ETF;有色ETF;证券ETF,国债ETF,酒ETF;半导体ETF;军工ETF;有色ETF;证券ETF
2020-04-21,1509525.5110126706,1346926.8348342727,162598.67617839784,0.8188195328700109,False,warning,-0.09214692382883943,7,黄金;国债ETF;军工ETF;酒ETF;半导体ETF;有色ETF;证券ETF,黄金;国债ETF,军工ETF;酒ETF;半导体ETF;有色ETF;证券ETF
2020-04-22,1512315.0457665608,1357045.5207272782,155269.52503928263,0.8443384243443041,False,warning,-0.09046925247520547,7,黄金;国债ETF;酒ETF;军工ETF;半导体ETF;证券ETF;有色ETF,黄金;国债ETF,酒ETF;军工ETF;半导体ETF;证券ETF;有色ETF
2020-04-23,1523019.302412127,1376043.992240808,146975.31017131894,0.8334485682692786,False,warning,-0.08403153926472554,7,黄金;国债ETF;军工ETF;酒ETF;半导体ETF;有色ETF;证券ETF,黄金;国债ETF,军工ETF;酒ETF;半导体ETF;有色ETF;证券ETF
2020-04-24,1524324.1388446724,1383671.897807898,140652.24103677436,0.6587768530093927,False,warning,-0.08324678951353259,8,纳指;黄金;国债ETF;酒ETF;军工ETF;半导体ETF;有色ETF;证券ETF,纳指;黄金;国债ETF,酒ETF;军工ETF;半导体ETF;有色ETF;证券ETF
2020-04-27,1530865.0260353144,1396481.9282073632,134383.0978279512,0.6692832945569521,False,normal,-0.07931299408338494,8,纳指;黄金;国债ETF;酒ETF;军工ETF;半导体ETF;有色ETF;证券ETF,纳指;黄金;国债ETF,酒ETF;军工ETF;半导体ETF;有色ETF;证券ETF
2020-04-28,1540768.7367178327,1412244.9270426629,128523.80967516988,0.6875018956069151,False,normal,-0.07335674217307325,8,纳指;黄金;国债ETF;酒ETF;军工ETF;半导体ETF;证券ETF;有色ETF,纳指;黄金;国债ETF,酒ETF;军工ETF;半导体ETF;证券ETF;有色ETF
2020-04-29,1549358.5149929097,1430530.4936576623,118828.02133524744,0.700853638323523,False,normal,-0.06819071048048837,8,纳指;黄金;国债ETF;酒ETF;军工ETF;半导体ETF;证券ETF;有色ETF,纳指;黄金;国债ETF,酒ETF;军工ETF;半导体ETF;证券ETF;有色ETF
2020-04-30,1563396.4726855431,1420636.2605460326,142760.21213951055,0.7227684486620857,False,normal,-0.05974805549954128,8,纳指;黄金;国债ETF;酒ETF;军工ETF;半导体ETF;证券ETF;有色ETF,纳指;黄金;国债ETF,酒ETF;军工ETF;半导体ETF;证券ETF;有色ETF
2020-05-06,1570873.5557178685,1424126.676707094,146746.87901077443,0.7422173945245113,False,normal,-0.05525121673652497,8,纳指;黄金;国债ETF;酒ETF;半导体ETF;军工ETF;证券ETF;有色ETF,纳指;黄金;国债ETF,酒ETF;半导体ETF;军工ETF;证券ETF;有色ETF
2020-05-07,1567666.3503422039,1430517.5338416165,137148.8165005874,0.6637575463083554,False,normal,-0.05718008196269562,9,创业板;纳指;黄金;国债ETF;酒ETF;半导体ETF;军工ETF;证券ETF;有色ETF,创业板;纳指;黄金;国债ETF,酒ETF;半导体ETF;军工ETF;证券ETF;有色ETF
2020-05-08,1578595.859123142,1448457.7894858078,130138.0696373342,0.7777312145718654,False,normal,-0.05060689847197217,8,纳指;黄金;国债ETF;酒ETF;半导体ETF;军工ETF;证券ETF;有色ETF,纳指;黄金;国债ETF,酒ETF;半导体ETF;军工ETF;证券ETF;有色ETF
2020-05-11,1568761.5455977356,1448404.3072307347,120357.23836700083,0.764434671806749,False,normal,-0.056521413808703645,8,纳指;黄金;国债ETF;酒ETF;半导体ETF;军工ETF;证券ETF;有色ETF,纳指;黄金;国债ETF,酒ETF;半导体ETF;军工ETF;证券ETF;有色ETF
2020-05-12,1562759.4547748978,1453805.501836466,108953.95293843187,0.6906456319557576,False,normal,-0.06013116838205728,9,创业板;纳指;黄金;国债ETF;酒ETF;半导体ETF;军工ETF;证券ETF;有色ETF,创业板;纳指;黄金;国债ETF,酒ETF;半导体ETF;军工ETF;证券ETF;有色ETF
2020-05-13,1566612.2748779352,1468295.9180724355,98316.35680549964,0.7066849181588194,False,normal,-0.057814020008638875,10,沪深300;创业板;纳指;黄金;国债ETF;酒ETF;半导体ETF;军工ETF;证券ETF;有色ETF,沪深300;创业板;纳指;黄金;国债ETF,酒ETF;半导体ETF;军工ETF;证券ETF;有色ETF
2020-05-14,1559131.0838911491,1470757.818442268,88373.26544888108,0.7143699993460585,False,normal,-0.062313329361961,10,沪深300;创业板;纳指;黄金;国债ETF;酒ETF;半导体ETF;军工ETF;证券ETF;有色ETF,沪深300;创业板;纳指;黄金;国债ETF,酒ETF;半导体ETF;军工ETF;证券ETF;有色ETF
2020-05-15,1567645.954932206,1487549.1187576647,80096.83617454139,0.734936664022232,False,normal,-0.05719234809239742,10,沪深300;创业板;纳指;黄金;国债ETF;酒ETF;半导体ETF;军工ETF;证券ETF;有色ETF,沪深300;创业板;纳指;黄金;国债ETF,酒ETF;半导体ETF;军工ETF;证券ETF;有色ETF
2020-05-18,1577628.2338098658,1508705.1865822822,68923.0472275836,0.7503224215489493,False,normal,-0.05118884399778813,10,沪深300;创业板;纳指;黄金;国债ETF;酒ETF;半导体ETF;军工ETF;有色ETF;证券ETF,沪深300;创业板;纳指;黄金;国债ETF,酒ETF;半导体ETF;军工ETF;有色ETF;证券ETF
2020-05-19,1588627.4715294614,1527423.3165451128,61204.15498434869,0.7700654963727867,False,normal,-0.044573724394692545,10,沪深300;创业板;纳指;黄金;国债ETF;酒ETF;半导体ETF;军工ETF;有色ETF;证券ETF,沪深300;创业板;纳指;黄金;国债ETF,酒ETF;半导体ETF;军工ETF;有色ETF;证券ETF
2020-05-20,1579604.1727166707,1512990.8415988635,66613.33111780719,0.7858407949818711,False,normal,-0.05000048235581383,10,沪深300;创业板;纳指;黄金;国债ETF;酒ETF;半导体ETF;军工ETF;有色ETF;证券ETF,沪深300;创业板;纳指;黄金;国债ETF,酒ETF;半导体ETF;军工ETF;有色ETF;证券ETF
2020-05-21,1567922.971378884,1498422.4658507493,69500.50552813476,0.7919787434969456,False,normal,-0.05702574591745446,10,沪深300;创业板;纳指;黄金;国债ETF;酒ETF;半导体ETF;军工ETF;有色ETF;证券ETF,沪深300;创业板;纳指;黄金;国债ETF,酒ETF;半导体ETF;军工ETF;有色ETF;证券ETF
2020-05-22,1543477.2085786723,1464939.0415556375,78538.16702303477,0.724885782510598,False,normal,-0.07172782335543988,10,沪深300;创业板;纳指;黄金;国债ETF;酒ETF;半导体ETF;军工ETF;有色ETF;证券ETF,沪深300;创业板;纳指;黄金;国债ETF,酒ETF;半导体ETF;军工ETF;有色ETF;证券ETF
2020-05-25,1548044.5493189432,1479919.0556341838,68125.49368475936,0.7388062063273202,False,normal,-0.0689809507052419,10,沪深300;创业板;纳指;黄金;国债ETF;酒ETF;半导体ETF;军工ETF;有色ETF;证券ETF,沪深300;创业板;纳指;黄金;国债ETF,酒ETF;半导体ETF;军工ETF;有色ETF;证券ETF
2020-05-26,1568318.4038914198,1499274.3227562257,69044.08113519405,0.7189088099955114,False,normal,-0.05678792640376979,10,沪深300;创业板;纳指;黄金;国债ETF;酒ETF;半导体ETF;军工ETF;有色ETF;证券ETF,沪深300;创业板;纳指;黄金;国债ETF,酒ETF;半导体ETF;军工ETF;有色ETF;证券ETF
2020-05-27,1554317.8685478119,1491175.624543659,63142.24400415295,0.7119792183678949,False,normal,-0.06520807497827824,10,沪深300;创业板;纳指;黄金;国债ETF;酒ETF;半导体ETF;军工ETF;有色ETF;证券ETF,沪深300;创业板;纳指;黄金;国债ETF,酒ETF;半导体ETF;军工ETF;有色ETF;证券ETF
2020-05-28,1556683.7167843701,1503842.9134921469,52840.80329222325,0.7340309906767107,False,normal,-0.06378521555414525,10,沪深300;创业板;纳指;黄金;国债ETF;酒ETF;有色ETF;半导体ETF;军工ETF;证券ETF,沪深300;创业板;纳指;黄金;国债ETF,酒ETF;有色ETF;半导体ETF;军工ETF;证券ETF
2020-05-29,1559616.479502282,1519378.387061044,40238.092441238,0.7568850342374998,False,normal,-0.0620214045845974,10,沪深300;创业板;纳指;黄金;国债ETF;酒ETF;有色ETF;半导体ETF;军工ETF;证券ETF,沪深300;创业板;纳指;黄金;国债ETF,酒ETF;有色ETF;半导体ETF;军工ETF;证券ETF
2020-06-01,1589678.2763489666,1506422.6365073847,83255.63984158193,0.7227946388543999,False,normal,-0.043941753367450154,10,沪深300;创业板;纳指;黄金;国债ETF;酒ETF;半导体ETF;有色ETF;军工ETF;证券ETF,沪深300;创业板;纳指;黄金;国债ETF,酒ETF;半导体ETF;有色ETF;军工ETF;证券ETF
2020-06-02,1585795.431523927,1513669.178688276,72126.25283565093,0.5828076852087999,False,normal,-0.046276959094674136,9,沪深300;创业板;纳指;黄金;酒ETF;有色ETF;半导体ETF;军工ETF;证券ETF,沪深300;创业板;纳指;黄金,酒ETF;有色ETF;半导体ETF;军工ETF;证券ETF
2020-06-03,1582694.8682874334,1520480.6112545186,62214.257032914786,0.5997993605664249,False,normal,-0.04814168801219046,9,沪深300;创业板;纳指;黄金;酒ETF;半导体ETF;有色ETF;军工ETF;证券ETF,沪深300;创业板;纳指;黄金,酒ETF;半导体ETF;有色ETF;军工ETF;证券ETF
2020-06-04,1583935.7288420259,1534517.019455615,49418.70938641089,0.6185440327869847,False,normal,-0.047395414389540334,9,沪深300;创业板;纳指;黄金;酒ETF;半导体ETF;有色ETF;军工ETF;证券ETF,沪深300;创业板;纳指;黄金,酒ETF;半导体ETF;有色ETF;军工ETF;证券ETF
2020-06-05,1590967.5818832957,1551174.6420223382,39792.93986095744,0.6377449773577157,False,normal,-0.043166344149834564,9,沪深300;创业板;纳指;黄金;酒ETF;半导体ETF;有色ETF;军工ETF;证券ETF,沪深300;创业板;纳指;黄金,酒ETF;半导体ETF;有色ETF;军工ETF;证券ETF
2020-06-08,1586926.3215216799,1586926.32152168,-2.3283064365386963e-10,0.6541213046504698,False,normal,-0.045596823544939456,9,沪深300;创业板;纳指;黄金;酒ETF;有色ETF;半导体ETF;军工ETF;证券ETF,沪深300;创业板;纳指;黄金,酒ETF;有色ETF;半导体ETF;军工ETF;证券ETF
2020-06-09,1595630.0257776058,1595630.0257776054,4.656612873077393e-10,0.6713291749869313,False,normal,-0.040362274923415646,9,沪深300;创业板;纳指;黄金;酒ETF;有色ETF;半导体ETF;证券ETF;军工ETF,沪深300;创业板;纳指;黄金,酒ETF;有色ETF;半导体ETF;证券ETF;军工ETF
2020-06-10,1598192.626560516,1598192.6265605167,-6.984919309616089e-10,0.6917636095558518,False,normal,-0.03882108533318284,9,沪深300;创业板;纳指;黄金;酒ETF;有色ETF;半导体ETF;证券ETF;军工ETF,沪深300;创业板;纳指;黄金,酒ETF;有色ETF;半导体ETF;证券ETF;军工ETF
2020-06-11,1595790.1022329882,1595790.1022329882,0.0,0.7119528187346591,False,normal,-0.040266002352080305,9,沪深300;创业板;纳指;黄金;酒ETF;有色ETF;半导体ETF;军工ETF;证券ETF,沪深300;创业板;纳指;黄金,酒ETF;有色ETF;半导体ETF;军工ETF;证券ETF
2020-06-12,1593731.7991665574,1593731.799166557,4.656612873077393e-10,0.7322493928317682,False,normal,-0.04150389913283639,9,沪深300;创业板;纳指;黄金;酒ETF;有色ETF;半导体ETF;证券ETF;军工ETF,沪深300;创业板;纳指;黄金,酒ETF;有色ETF;半导体ETF;证券ETF;军工ETF
2020-06-15,1577116.0739441551,1577116.0739441551,0.0,0.7275269944314923,False,normal,-0.051496865231072816,9,沪深300;创业板;纳指;黄金;酒ETF;有色ETF;证券ETF;军工ETF;半导体ETF,沪深300;创业板;纳指;黄金,酒ETF;有色ETF;证券ETF;军工ETF;半导体ETF
2020-06-16,1605434.2710047036,1605434.2710047034,2.3283064365386963e-10,0.6767056532414718,False,normal,-0.03446584314798577,9,沪深300;创业板;纳指;黄金;酒ETF;有色ETF;证券ETF;军工ETF;半导体ETF,沪深300;创业板;纳指;黄金,酒ETF;有色ETF;证券ETF;军工ETF;半导体ETF
2020-06-17,1606947.3905723381,1606947.3905723381,0.0,0.6979644665168031,False,normal,-0.03355582854798723,9,沪深300;创业板;纳指;黄金;酒ETF;有色ETF;军工ETF;证券ETF;半导体ETF,沪深300;创业板;纳指;黄金,酒ETF;有色ETF;军工ETF;证券ETF;半导体ETF
2020-06-18,1609698.3111053708,1609698.3111053705,2.3283064365386963e-10,0.7193109588665684,False,normal,-0.03190138041180392,9,沪深300;创业板;纳指;黄金;酒ETF;有色ETF;证券ETF;半导体ETF;军工ETF,沪深300;创业板;纳指;黄金,酒ETF;有色ETF;证券ETF;半导体ETF;军工ETF
2020-06-19,1628110.0966158297,1628110.0966158293,4.656612873077393e-10,0.7269303365735358,False,normal,-0.020828234584503297,9,沪深300;创业板;纳指;黄金;酒ETF;有色ETF;证券ETF;半导体ETF;军工ETF,沪深300;创业板;纳指;黄金,酒ETF;有色ETF;证券ETF;半导体ETF;军工ETF
2020-06-22,1642382.7681670152,1642382.7681670154,-2.3283064365386963e-10,0.7481326987327455,False,normal,-0.012244418889840594,9,沪深300;创业板;纳指;黄金;酒ETF;证券ETF;半导体ETF;有色ETF;军工ETF,沪深300;创业板;纳指;黄金,酒ETF;证券ETF;半导体ETF;有色ETF;军工ETF
2020-06-23,1656125.911775925,1656125.9117759252,-2.3283064365386963e-10,0.7622955845235924,False,normal,-0.003979069870836131,9,沪深300;创业板;纳指;黄金;酒ETF;半导体ETF;证券ETF;有色ETF;军工ETF,沪深300;创业板;纳指;黄金,酒ETF;半导体ETF;证券ETF;有色ETF;军工ETF
2020-06-24,1663649.866109471,1704293.7538332248,-40643.887723753694,0.7851105856999432,False,normal,0.0,9,沪深300;创业板;纳指;黄金;酒ETF;半导体ETF;证券ETF;有色ETF;军工ETF,沪深300;创业板;纳指;黄金,酒ETF;半导体ETF;证券ETF;有色ETF;军工ETF
2020-06-29,1647738.6874655995,1647738.6874655995,0.0,0.76811360565212,False,normal,-0.009564018828721849,9,沪深300;创业板;纳指;黄金;酒ETF;半导体ETF;证券ETF;有色ETF;军工ETF,沪深300;创业板;纳指;黄金,酒ETF;半导体ETF;证券ETF;有色ETF;军工ETF
2020-06-30,1670681.7279684902,1670681.72796849,2.3283064365386963e-10,0.7676250593234597,False,normal,0.0,9,沪深300;创业板;纳指;黄金;酒ETF;半导体ETF;证券ETF;有色ETF;军工ETF,沪深300;创业板;纳指;黄金,酒ETF;半导体ETF;证券ETF;有色ETF;军工ETF
2020-07-01,1689189.1324018037,1689189.132401804,-2.3283064365386963e-10,0.78712729161138,False,normal,0.0,9,沪深300;创业板;纳指;黄金;酒ETF;半导体ETF;证券ETF;有色ETF;军工ETF,沪深300;创业板;纳指;黄金,酒ETF;半导体ETF;证券ETF;有色ETF;军工ETF
2020-07-02,1710886.1540479471,1672482.092656988,38404.06139095919,0.8097522104013638,False,normal,0.0,9,沪深300;创业板;纳指;黄金;酒ETF;证券ETF;半导体ETF;有色ETF;军工ETF,沪深300;创业板;纳指;黄金,酒ETF;证券ETF;半导体ETF;有色ETF;军工ETF
2020-07-03,1734052.714710096,1683026.513429721,51026.20128037501,0.8221906387455954,False,normal,0.0,9,沪深300;创业板;纳指;黄金;证券ETF;酒ETF;半导体ETF;有色ETF;军工ETF,沪深300;创业板;纳指;黄金,证券ETF;酒ETF;半导体ETF;有色ETF;军工ETF
2020-07-06,1801735.1500688978,1592502.345229822,209232.80483907578,0.6899934808373674,False,normal,0.0,9,沪深300;创业板;纳指;黄金;证券ETF;酒ETF;半导体ETF;有色ETF;军工ETF,沪深300;创业板;纳指;黄金,证券ETF;酒ETF;半导体ETF;有色ETF;军工ETF
2020-07-07,1805547.738157273,1600171.4153890698,205376.32276820322,0.7115525274470013,False,normal,0.0,9,沪深300;创业板;纳指;黄金;证券ETF;酒ETF;半导体ETF;有色ETF;军工ETF,沪深300;创业板;纳指;黄金,证券ETF;酒ETF;半导体ETF;有色ETF;军工ETF
2020-07-08,1833780.7801699953,1610127.186074065,223653.59409593022,0.7259012777965662,False,normal,0.0,9,沪深300;创业板;纳指;黄金;证券ETF;酒ETF;半导体ETF;军工ETF;有色ETF,沪深300;创业板;纳指;黄金,证券ETF;酒ETF;半导体ETF;军工ETF;有色ETF
2020-07-09,1862092.6854424295,1643293.9222352477,218798.76320718182,0.7145430778518712,False,normal,0.0,9,沪深300;创业板;纳指;黄金;证券ETF;半导体ETF;酒ETF;有色ETF;军工ETF,沪深300;创业板;纳指;黄金,证券ETF;半导体ETF;酒ETF;有色ETF;军工ETF
2020-07-10,1852281.862343424,1632017.4349414,220264.42740202392,0.7075396805460449,False,normal,-0.00526870825265847,9,沪深300;创业板;纳指;黄金;证券ETF;半导体ETF;酒ETF;军工ETF;有色ETF,沪深300;创业板;纳指;黄金,证券ETF;半导体ETF;酒ETF;军工ETF;有色ETF
2020-07-13,1894899.1734501263,1660920.4519255229,233978.72152460343,0.6641636752725091,False,normal,0.0,9,沪深300;创业板;纳指;黄金;半导体ETF;证券ETF;酒ETF;有色ETF;军工ETF,沪深300;创业板;纳指;黄金,半导体ETF;证券ETF;酒ETF;有色ETF;军工ETF
2020-07-14,1880090.0747457105,1647913.752689592,232176.3220561184,0.6380686881600544,False,normal,-0.007815243635075455,9,沪深300;创业板;纳指;黄金;半导体ETF;证券ETF;酒ETF;军工ETF;有色ETF,沪深300;创业板;纳指;黄金,半导体ETF;证券ETF;酒ETF;军工ETF;有色ETF
2020-07-15,1862578.307989525,1610505.2226292626,252073.0853602623,0.6334230368821769,False,normal,-0.017056773211713096,9,沪深300;创业板;纳指;黄金;酒ETF;证券ETF;半导体ETF;军工ETF;有色ETF,沪深300;创业板;纳指;黄金,酒ETF;证券ETF;半导体ETF;军工ETF;有色ETF
2020-07-16,1802767.5628530842,1505509.7386769913,297257.82417609286,0.48213560345537465,False,normal,-0.048620851118581714,9,沪深300;创业板;纳指;黄金;酒ETF;证券ETF;半导体ETF;军工ETF;有色ETF,沪深300;创业板;纳指;黄金,酒ETF;证券ETF;半导体ETF;军工ETF;有色ETF
2020-07-17,1810097.2781792504,1518241.6063614471,291855.6718178033,0.4955598470583734,False,normal,-0.04475272165350801,9,沪深300;创业板;纳指;黄金;酒ETF;证券ETF;军工ETF;半导体ETF;有色ETF,沪深300;创业板;纳指;黄金,酒ETF;证券ETF;军工ETF;半导体ETF;有色ETF
2020-07-20,1834969.2840069833,1527863.8427047106,307105.4413022727,0.5068354611632593,False,normal,-0.03162695423737298,9,沪深300;创业板;纳指;黄金;军工ETF;酒ETF;证券ETF;半导体ETF;有色ETF,沪深300;创业板;纳指;黄金,军工ETF;酒ETF;证券ETF;半导体ETF;有色ETF
2020-07-21,1850086.4805272263,1544660.8775817927,305425.6029454337,0.5110863125601247,False,normal,-0.023649117351878687,9,沪深300;创业板;纳指;黄金;酒ETF;证券ETF;军工ETF;有色ETF;半导体ETF,沪深300;创业板;纳指;黄金,酒ETF;证券ETF;军工ETF;有色ETF;半导体ETF
2020-07-22,1865632.527696214,1565062.696364484,300569.8313317299,0.5237587081688491,False,normal,-0.015444962013796927,9,沪深300;创业板;纳指;黄金;酒ETF;证券ETF;军工ETF;有色ETF;半导体ETF,沪深300;创业板;纳指;黄金,酒ETF;证券ETF;军工ETF;有色ETF;半导体ETF
2020-07-23,1873032.0320008094,1579214.3551703638,293817.67683044565,0.5401809110744096,False,normal,-0.011540002632172985,9,沪深300;创业板;纳指;黄金;军工ETF;酒ETF;证券ETF;有色ETF;半导体ETF,沪深300;创业板;纳指;黄金,军工ETF;酒ETF;证券ETF;有色ETF;半导体ETF
2020-07-24,1818188.3868939688,1509112.915530493,309075.4713634758,0.44240160246888555,False,normal,-0.04048278010301034,9,沪深300;创业板;纳指;黄金;军工ETF;酒ETF;证券ETF;有色ETF;半导体ETF,沪深300;创业板;纳指;黄金,军工ETF;酒ETF;证券ETF;有色ETF;半导体ETF
2020-07-27,1831127.2556902173,1526970.6230248904,304156.6326653268,0.4534702283697555,False,normal,-0.03365451769330646,9,沪深300;创业板;纳指;黄金;军工ETF;有色ETF;酒ETF;证券ETF;半导体ETF,沪深300;创业板;纳指;黄金,军工ETF;有色ETF;酒ETF;证券ETF;半导体ETF
2020-07-28,1841512.3015734784,1543244.4726649194,298267.82890855893,0.46625499920326074,False,normal,-0.028173990798383272,9,沪深300;创业板;纳指;黄金;军工ETF;酒ETF;有色ETF;证券ETF;半导体ETF,沪深300;创业板;纳指;黄金,军工ETF;酒ETF;有色ETF;证券ETF;半导体ETF
2020-07-29,1870519.1148757336,1570335.5377471459,300183.57712858776,0.4651993700398803,False,normal,-0.012866150830602162,9,沪深300;创业板;纳指;黄金;军工ETF;酒ETF;有色ETF;证券ETF;半导体ETF,沪深300;创业板;纳指;黄金,军工ETF;酒ETF;有色ETF;证券ETF;半导体ETF
2020-07-30,1859686.617640511,1567498.0202748603,292188.5973656506,0.4721664868186582,False,normal,-0.018582812374920384,9,沪深300;创业板;纳指;黄金;军工ETF;酒ETF;有色ETF;证券ETF;半导体ETF,沪深300;创业板;纳指;黄金,军工ETF;酒ETF;有色ETF;证券ETF;半导体ETF
2020-07-31,1880090.0523318998,1592797.9085889356,287292.14374296414,0.47759155016978555,False,normal,-0.00781525546357326,9,沪深300;创业板;纳指;黄金;酒ETF;军工ETF;有色ETF;证券ETF;半导体ETF,沪深300;创业板;纳指;黄金,酒ETF;军工ETF;有色ETF;证券ETF;半导体ETF
2020-08-03,1901393.199271781,1609378.5725546097,292014.62671717117,0.49002790967247584,False,normal,0.0,9,沪深300;创业板;纳指;黄金;军工ETF;酒ETF;有色ETF;证券ETF;半导体ETF,沪深300;创业板;纳指;黄金,军工ETF;酒ETF;有色ETF;证券ETF;半导体ETF
2020-08-04,1898562.3527193954,1610315.9643134228,288246.3884059726,0.5046638002664547,False,normal,-0.0014888275362874316,9,沪深300;创业板;纳指;黄金;酒ETF;军工ETF;有色ETF;证券ETF;半导体ETF,沪深300;创业板;纳指;黄金,酒ETF;军工ETF;有色ETF;证券ETF;半导体ETF
2020-08-05,1914049.775899987,1631470.9573983182,282578.81850166875,0.5178427069177094,False,normal,0.0,9,沪深300;创业板;纳指;黄金;军工ETF;酒ETF;有色ETF;证券ETF;半导体ETF,沪深300;创业板;纳指;黄金,军工ETF;酒ETF;有色ETF;证券ETF;半导体ETF
2020-08-06,1914470.0322162423,1638973.6470641298,275496.38515211246,0.5282542556996325,False,normal,0.0,9,沪深300;创业板;纳指;黄金;军工ETF;有色ETF;证券ETF;酒ETF;半导体ETF,沪深300;创业板;纳指;黄金,军工ETF;有色ETF;证券ETF;酒ETF;半导体ETF
2020-08-07,1905264.823529297,1634155.493159671,271109.33036962594,0.5388081835527743,False,normal,-0.004808228142536691,9,沪深300;创业板;纳指;黄金;军工ETF;有色ETF;证券ETF;酒ETF;半导体ETF,沪深300;创业板;纳指;黄金,军工ETF;有色ETF;证券ETF;酒ETF;半导体ETF
2020-08-10,1899142.8742498904,1635782.5659684765,263360.308281414,0.5515677322013922,False,normal,-0.008005953453660855,9,沪深300;创业板;纳指;黄金;军工ETF;有色ETF;证券ETF;酒ETF;半导体ETF,沪深300;创业板;纳指;黄金,军工ETF;有色ETF;证券ETF;酒ETF;半导体ETF
2020-08-11,1877616.5053853944,1618129.0747839012,259487.43060149322,0.5427184595099859,False,normal,-0.019249988879786854,9,沪深300;创业板;纳指;黄金;军工ETF;有色ETF;证券ETF;酒ETF;半导体ETF,沪深300;创业板;纳指;黄金,军工ETF;有色ETF;证券ETF;酒ETF;半导体ETF
2020-08-12,1841479.2515336997,1587608.001016449,253871.25051725074,0.494459133231027,False,normal,-0.03812584133168514,9,沪深300;创业板;纳指;黄金;军工ETF;证券ETF;有色ETF;酒ETF;半导体ETF,沪深300;创业板;纳指;黄金,军工ETF;证券ETF;有色ETF;酒ETF;半导体ETF
2020-08-13,1851483.1768966794,1605662.0346681562,245821.14222852327,0.505435224610246,False,normal,-0.032900413304797226,9,沪深300;创业板;纳指;黄金;军工ETF;证券ETF;有色ETF;酒ETF;半导体ETF,沪深300;创业板;纳指;黄金,军工ETF;证券ETF;有色ETF;酒ETF;半导体ETF
2020-08-14,1871749.6383542507,1627047.5417460718,244702.09660817892,0.5112140608390093,False,normal,-0.02231447509916742,9,沪深300;创业板;纳指;黄金;军工ETF;酒ETF;证券ETF;有色ETF;半导体ETF,沪深300;创业板;纳指;黄金,军工ETF;酒ETF;证券ETF;有色ETF;半导体ETF
2020-08-17,1895671.6905305393,1643396.918150276,252274.7723802633,0.5182721223393053,False,normal,-0.009819083803543039,9,沪深300;创业板;纳指;黄金;军工ETF;证券ETF;酒ETF;有色ETF;半导体ETF,沪深300;创业板;纳指;黄金,军工ETF;证券ETF;酒ETF;有色ETF;半导体ETF
2020-08-18,1903093.931338128,1659733.3294001757,243360.60193795222,0.5334675337327378,False,normal,-0.005942167120236959,9,沪深300;创业板;纳指;黄金;军工ETF;证券ETF;酒ETF;有色ETF;半导体ETF,沪深300;创业板;纳指;黄金,军工ETF;证券ETF;酒ETF;有色ETF;半导体ETF
2020-08-19,1882716.9177457618,1643552.353833713,239164.5639120487,0.5299326775234341,False,normal,-0.016585850880999276,9,沪深300;创业板;纳指;黄金;军工ETF;酒ETF;证券ETF;有色ETF;半导体ETF,沪深300;创业板;纳指;黄金,军工ETF;酒ETF;证券ETF;有色ETF;半导体ETF
2020-08-20,1861232.7397885616,1620294.6804543282,240938.0593342334,0.5315844524158615,False,normal,-0.027807848402856303,9,沪深300;创业板;纳指;黄金;军工ETF;证券ETF;酒ETF;有色ETF;半导体ETF,沪深300;创业板;纳指;黄金,军工ETF;证券ETF;酒ETF;有色ETF;半导体ETF
2020-08-21,1880077.4908769957,1646301.449884602,233776.04099239362,0.5312954827787868,False,normal,-0.017964523215562075,9,沪深300;创业板;纳指;黄金;军工ETF;证券ETF;酒ETF;有色ETF;半导体ETF,沪深300;创业板;纳指;黄金,军工ETF;证券ETF;酒ETF;有色ETF;半导体ETF
2020-08-24,1902218.1614752847,1675684.0311474332,226534.1303278515,0.5272904018603809,False,normal,-0.006399614794061028,9,沪深300;创业板;纳指;黄金;军工ETF;证券ETF;酒ETF;有色ETF;半导体ETF,沪深300;创业板;纳指;黄金,军工ETF;证券ETF;酒ETF;有色ETF;半导体ETF
2020-08-25,1918613.595348339,1699609.621318289,219003.97403004998,0.529546821469355,False,normal,0.0,9,沪深300;创业板;纳指;黄金;酒ETF;军工ETF;证券ETF;有色ETF;半导体ETF,沪深300;创业板;纳指;黄金,酒ETF;军工ETF;证券ETF;有色ETF;半导体ETF
2020-08-26,1891319.965517632,1669798.810946798,221521.154570834,0.516356127270488,False,normal,-0.014225704381997632,9,沪深300;创业板;纳指;黄金;酒ETF;军工ETF;证券ETF;有色ETF;半导体ETF,沪深300;创业板;纳指;黄金,酒ETF;军工ETF;证券ETF;有色ETF;半导体ETF
2020-08-27,1923500.2302744638,1704502.8115530284,218997.41872143536,0.49868556739840864,False,normal,0.0,9,沪深300;创业板;纳指;黄金;酒ETF;军工ETF;证券ETF;有色ETF;半导体ETF,沪深300;创业板;纳指;黄金,酒ETF;军工ETF;证券ETF;有色ETF;半导体ETF
2020-08-28,1955476.9270116526,1732018.9281726999,223457.99883895274,0.4947751511255244,False,normal,0.0,9,沪深300;创业板;纳指;黄金;酒ETF;证券ETF;军工ETF;有色ETF;半导体ETF,沪深300;创业板;纳指;黄金,酒ETF;证券ETF;军工ETF;有色ETF;半导体ETF
2020-08-31,1970297.4125600574,1756448.7684469556,213848.64411310176,0.5075269631972331,False,normal,0.0,9,沪深300;创业板;纳指;黄金;酒ETF;军工ETF;证券ETF;有色ETF;半导体ETF,沪深300;创业板;纳指;黄金,酒ETF;军工ETF;证券ETF;有色ETF;半导体ETF
2020-09-01,1976281.845135327,1773562.498586823,202719.34654850396,0.5233878486016927,False,normal,0.0,9,沪深300;创业板;纳指;黄金;酒ETF;军工ETF;证券ETF;有色ETF;半导体ETF,沪深300;创业板;纳指;黄金,酒ETF;军工ETF;证券ETF;有色ETF;半导体ETF
2020-09-02,1983708.8037791129,1784885.120242722,198823.68353639077,0.5372501561785801,False,normal,0.0,9,沪深300;创业板;纳指;黄金;酒ETF;军工ETF;证券ETF;有色ETF;半导体ETF,沪深300;创业板;纳指;黄金,酒ETF;军工ETF;证券ETF;有色ETF;半导体ETF
2020-09-03,1979520.7346966076,1792825.9736773253,186694.76101928228,0.6049778566377396,False,normal,-0.0021112317869067874,8,沪深300;纳指;黄金;酒ETF;证券ETF;军工ETF;有色ETF;半导体ETF,沪深300;纳指;黄金,酒ETF;证券ETF;军工ETF;有色ETF;半导体ETF
2020-09-04,1933509.455678944,1762009.5176729346,171499.93800600944,0.3701921435697216,False,normal,-0.02530580496720858,7,纳指;黄金;酒ETF;证券ETF;军工ETF;有色ETF;半导体ETF,纳指;黄金,酒ETF;证券ETF;军工ETF;有色ETF;半导体ETF
2020-09-07,1871887.4990531069,1692157.8094737702,179729.68957933667,0.32636124739893485,False,normal,-0.05636981824801004,7,纳指;黄金;酒ETF;证券ETF;军工ETF;有色ETF;半导体ETF,纳指;黄金,酒ETF;证券ETF;军工ETF;有色ETF;半导体ETF
2020-09-08,1906198.2542261933,1735177.630368761,171020.62385743228,0.31984663052754914,False,normal,-0.03907355222967011,7,纳指;黄金;酒ETF;证券ETF;军工ETF;有色ETF;半导体ETF,纳指;黄金,酒ETF;证券ETF;军工ETF;有色ETF;半导体ETF
2020-09-09,1862029.050827454,1685470.414285731,176558.63654172304,0.38201655317047695,False,normal,-0.06133952358322442,8,沪深300;纳指;黄金;酒ETF;证券ETF;军工ETF;有色ETF;半导体ETF,沪深300;纳指;黄金,酒ETF;证券ETF;军工ETF;有色ETF;半导体ETF
2020-09-10,1873197.1737415444,1704534.119381249,168663.0543602954,0.3878402195158487,False,normal,-0.055709603056172174,8,沪深300;纳指;黄金;酒ETF;证券ETF;有色ETF;军工ETF;半导体ETF,沪深300;纳指;黄金,酒ETF;证券ETF;有色ETF;军工ETF;半导体ETF
2020-09-11,1872719.7732629727,1708408.8830756505,164310.89018732216,0.32136445171482164,False,normal,-0.055950263619689446,7,纳指;黄金;酒ETF;证券ETF;军工ETF;有色ETF;半导体ETF,纳指;黄金,酒ETF;证券ETF;军工ETF;有色ETF;半导体ETF
2020-09-14,1893863.7131156311,1736279.8171760265,157583.8959396046,0.32736332808605906,False,normal,-0.0452914714560525,7,纳指;黄金;酒ETF;有色ETF;证券ETF;军工ETF;半导体ETF,纳指;黄金,酒ETF;有色ETF;证券ETF;军工ETF;半导体ETF
2020-09-15,1921101.7474725307,1771704.4447843588,149397.30268817185,0.3302270849865183,False,normal,-0.031560608183676495,7,纳指;黄金;酒ETF;有色ETF;军工ETF;证券ETF;半导体ETF,纳指;黄金,酒ETF;有色ETF;军工ETF;证券ETF;半导体ETF
2020-09-16,1913008.4565249225,1772805.3509268935,140203.10559802898,0.3399154971886744,False,normal,-0.035640486708281446,7,纳指;黄金;酒ETF;有色ETF;军工ETF;证券ETF;半导体ETF,纳指;黄金,酒ETF;有色ETF;军工ETF;证券ETF;半导体ETF
2020-09-17,1879576.0481252451,1755140.6521042413,124435.39602100383,0.2902241814942767,False,normal,-0.052493972631208315,7,沪深300;纳指;酒ETF;有色ETF;军工ETF;证券ETF;半导体ETF,沪深300;纳指,酒ETF;有色ETF;军工ETF;证券ETF;半导体ETF
2020-09-18,1931182.969900497,1777936.4329471535,153246.53695334354,0.2845731741804905,False,normal,-0.026478600981429457,7,沪深300;纳指;酒ETF;证券ETF;有色ETF;军工ETF;半导体ETF,沪深300;纳指,酒ETF;证券ETF;有色ETF;军工ETF;半导体ETF
2020-09-21,1909730.8421626014,1771389.809342409,138341.0328201924,0.2878364028963014,False,normal,-0.037292752583230934,7,沪深300;纳指;军工ETF;有色ETF;酒ETF;证券ETF;半导体ETF,沪深300;纳指,军工ETF;有色ETF;酒ETF;证券ETF;半导体ETF
2020-09-22,1884857.7294955265,1752077.7511630568,132779.9783324697,0.18366851361557798,False,normal,-0.04983144405835559,6,纳指;军工ETF;证券ETF;有色ETF;酒ETF;半导体ETF,纳指,军工ETF;证券ETF;有色ETF;酒ETF;半导体ETF
2020-09-23,1902508.6185408735,1782189.5775530157,120319.04098785785,0.18872074712434256,False,normal,-0.040933520627396,6,纳指;军工ETF;证券ETF;有色ETF;酒ETF;半导体ETF,纳指,军工ETF;证券ETF;有色ETF;酒ETF;半导体ETF
2020-09-24,1842003.3227444591,1713182.0401273537,128821.2826171054,0.18676869609556385,False,normal,-0.07143461820842567,6,纳指;军工ETF;证券ETF;有色ETF;酒ETF;半导体ETF,纳指,军工ETF;证券ETF;有色ETF;酒ETF;半导体ETF
2020-09-25,1833276.710493861,1716491.97118268,116784.73931118101,0.19234631601294536,False,normal,-0.07583375795815774,6,纳指;军工ETF;证券ETF;酒ETF;有色ETF;半导体ETF,纳指,军工ETF;证券ETF;酒ETF;有色ETF;半导体ETF
2020-09-28,1852661.3622810892,1747817.847981319,104843.51429977012,0.1966784932866916,False,normal,-0.06606183389838698,6,纳指;证券ETF;酒ETF;军工ETF;有色ETF;半导体ETF,纳指,证券ETF;酒ETF;军工ETF;有色ETF;半导体ETF
2020-09-29,1866335.887219953,1761156.6316524495,105179.2555675034,0.20267124067000059,False,normal,-0.05916842045342333,6,纳指;军工ETF;证券ETF;酒ETF;有色ETF;半导体ETF,纳指,军工ETF;证券ETF;酒ETF;有色ETF;半导体ETF
2020-09-30,1867120.4144433269,1775747.3393140787,91373.0751292482,0.20902432442947158,False,normal,-0.05877293537926355,6,纳指;军工ETF;证券ETF;酒ETF;有色ETF;半导体ETF,纳指,军工ETF;证券ETF;酒ETF;有色ETF;半导体ETF
2020-10-09,1902339.4599966647,1800976.9388532275,101362.52114343713,0.21311680853347786,False,normal,-0.04101879450624686,7,纳指;军工ETF;证券ETF;酒ETF;创新药ETF;有色ETF;半导体ETF,纳指,军工ETF;证券ETF;酒ETF;创新药ETF;有色ETF;半导体ETF
2020-10-12,1929584.7381306791,1765662.5832168735,163922.15491380566,0.35102812225840135,False,normal,-0.027284279600576142,9,沪深300;创业板;纳指;军工ETF;证券ETF;酒ETF;创新药ETF;半导体ETF;有色ETF,沪深300;创业板;纳指,军工ETF;证券ETF;酒ETF;创新药ETF;半导体ETF;有色ETF
2020-10-13,1936159.5728216392,1784271.6895431571,151887.88327848213,0.36183971082925687,False,normal,-0.02396986436057994,9,沪深300;创业板;纳指;军工ETF;酒ETF;创新药ETF;证券ETF;半导体ETF;有色ETF,沪深300;创业板;纳指,军工ETF;酒ETF;创新药ETF;证券ETF;半导体ETF;有色ETF
2020-10-14,1925376.5212360695,1782388.2360027095,142988.28523336002,0.37087810910575164,False,normal,-0.029405668025425928,9,沪深300;创业板;纳指;酒ETF;军工ETF;创新药ETF;半导体ETF;证券ETF;有色ETF,沪深300;创业板;纳指,酒ETF;军工ETF;创新药ETF;半导体ETF;证券ETF;有色ETF
2020-10-15,1907850.2907960494,1778164.5111111572,129685.77968489216,0.37488678340164544,False,normal,-0.03824075027471137,9,沪深300;创业板;纳指;军工ETF;酒ETF;创新药ETF;半导体ETF;证券ETF;有色ETF,沪深300;创业板;纳指,军工ETF;酒ETF;创新药ETF;半导体ETF;证券ETF;有色ETF
2020-10-16,1902080.9543551467,1785697.6872894536,116383.26706569316,0.38574572255908984,False,normal,-0.04114910881499291,9,沪深300;创业板;纳指;军工ETF;证券ETF;酒ETF;创新药ETF;半导体ETF;有色ETF,沪深300;创业板;纳指,军工ETF;证券ETF;酒ETF;创新药ETF;半导体ETF;有色ETF
2020-10-19,1894094.2824662102,1785558.814313018,108535.4681531922,0.24610970415782532,False,normal,-0.04517524000608373,7,纳指;军工ETF;酒ETF;创新药ETF;证券ETF;半导体ETF;有色ETF,纳指,军工ETF;酒ETF;创新药ETF;证券ETF;半导体ETF;有色ETF
2020-10-20,1889871.8149054812,0.0,1889871.8149054812,0.0,True,normal,-0.04730381228074668,0,,创业板;纳指,酒ETF;军工ETF;证券ETF;创新药ETF;半导体ETF;有色ETF
2020-10-21,1889871.8149054812,0.0,1889871.8149054812,0.0,True,normal,-0.04730381228074668,0,,沪深300;创业板;纳指,酒ETF;军工ETF;创新药ETF;证券ETF;有色ETF;半导体ETF
2020-10-22,1889871.8149054812,0.0,1889871.8149054812,0.0,True,normal,-0.04730381228074668,0,,沪深300;创业板;纳指,酒ETF;证券ETF;创新药ETF;军工ETF;有色ETF;半导体ETF
2020-10-23,1889871.8149054812,0.0,1889871.8149054812,0.0,True,normal,-0.04730381228074668,0,,沪深300;纳指,酒ETF;证券ETF;军工ETF;创新药ETF;有色ETF;半导体ETF
2020-10-26,1889871.8149054812,0.0,1889871.8149054812,0.0,True,normal,-0.04730381228074668,0,,纳指,酒ETF;创新药ETF;军工ETF;证券ETF;有色ETF;半导体ETF
2020-10-27,1889871.8149054812,0.0,1889871.8149054812,0.0,True,normal,-0.04730381228074668,0,,国债ETF,酒ETF;创新药ETF;军工ETF;有色ETF;证券ETF;半导体ETF
2020-10-28,1889871.8149054812,0.0,1889871.8149054812,0.0,True,normal,-0.04730381228074668,0,,沪深300;创业板;国债ETF,酒ETF;有色ETF;军工ETF;创新药ETF;证券ETF;半导体ETF
2020-10-29,1889871.8149054812,0.0,1889871.8149054812,0.0,True,normal,-0.04730381228074668,0,,沪深300;创业板;国债ETF,酒ETF;有色ETF;创新药ETF;军工ETF;证券ETF;半导体ETF
2020-10-30,1889871.8149054812,0.0,1889871.8149054812,0.0,True,normal,-0.04730381228074668,0,,国债ETF,酒ETF;有色ETF;军工ETF;创新药ETF;半导体ETF;证券ETF
2020-11-02,1889871.8149054812,0.0,1889871.8149054812,0.0,True,normal,-0.04730381228074668,0,,国债ETF,酒ETF;有色ETF;半导体ETF;创新药ETF;军工ETF;证券ETF
2020-11-03,1889871.8149054812,0.0,1889871.8149054812,0.0,True,normal,-0.04730381228074668,0,,国债ETF,酒ETF;有色ETF;半导体ETF;创新药ETF;军工ETF;证券ETF
2020-11-04,1889871.8149054812,0.0,1889871.8149054812,0.0,True,normal,-0.04730381228074668,0,,国债ETF,酒ETF;有色ETF;半导体ETF;创新药ETF;军工ETF;证券ETF
2020-11-05,1889871.8149054812,0.0,1889871.8149054812,0.0,True,normal,-0.04730381228074668,0,,沪深300;创业板;国债ETF,酒ETF;有色ETF;创新药ETF;半导体ETF;证券ETF;军工ETF
2020-11-06,1889871.8149054812,0.0,1889871.8149054812,0.0,True,normal,-0.04730381228074668,0,,沪深300;国债ETF,酒ETF;有色ETF;半导体ETF;证券ETF;创新药ETF;军工ETF
2020-11-09,1889871.8149054812,0.0,1889871.8149054812,0.0,True,normal,-0.04730381228074668,0,,沪深300;创业板;纳指;国债ETF,酒ETF;有色ETF;半导体ETF;证券ETF;创新药ETF;军工ETF
2020-11-10,1889871.8149054812,0.0,1889871.8149054812,0.0,True,normal,-0.04730381228074668,0,,沪深300;创业板;国债ETF,酒ETF;有色ETF;半导体ETF;证券ETF;创新药ETF;军工ETF
2020-11-11,1889871.8149054812,0.0,1889871.8149054812,0.0,True,normal,-0.04730381228074668,0,,沪深300;创业板;国债ETF,酒ETF;有色ETF;半导体ETF;证券ETF;创新药ETF;军工ETF
2020-11-12,1889871.8149054812,0.0,1889871.8149054812,0.0,True,normal,-0.04730381228074668,0,,沪深300;创业板,酒ETF;有色ETF;半导体ETF;证券ETF;创新药ETF;军工ETF
2020-11-13,1889871.8149054812,0.0,1889871.8149054812,0.0,True,normal,-0.04730381228074668,0,,沪深300;创业板,酒ETF;有色ETF;半导体ETF;创新药ETF;证券ETF;军工ETF
2020-11-16,1889871.8149054812,0.0,1889871.8149054812,0.0,True,normal,-0.04730381228074668,0,,沪深300;创业板;国债ETF,酒ETF;有色ETF;半导体ETF;创新药ETF;证券ETF;军工ETF
2020-11-17,1889871.8149054812,0.0,1889871.8149054812,0.0,True,normal,-0.04730381228074668,0,,沪深300;创业板,酒ETF;有色ETF;半导体ETF;证券ETF;创新药ETF;军工ETF
2020-11-18,1889871.8149054812,0.0,1889871.8149054812,0.0,True,normal,-0.04730381228074668,0,,沪深300;创业板,酒ETF;有色ETF;半导体ETF;证券ETF;军工ETF;创新药ETF
2020-11-19,1889871.8149054812,0.0,1889871.8149054812,0.0,True,normal,-0.04730381228074668,0,,沪深300;创业板,酒ETF;有色ETF;半导体ETF;军工ETF;证券ETF;创新药ETF
2020-11-20,1889871.8149054812,0.0,1889871.8149054812,0.0,True,normal,-0.04730381228074668,0,,沪深300;创业板,酒ETF;有色ETF;半导体ETF;军工ETF;证券ETF;创新药ETF
2020-11-23,1889871.8149054812,0.0,1889871.8149054812,0.0,True,normal,-0.04730381228074668,0,,沪深300;创业板,酒ETF;有色ETF;半导体ETF;证券ETF;军工ETF;创新药ETF
2020-11-24,1889871.8149054812,0.0,1889871.8149054812,0.0,True,normal,-0.04730381228074668,0,,沪深300;创业板,有色ETF;酒ETF;半导体ETF;军工ETF;证券ETF;创新药ETF
2020-11-25,1889871.8149054812,0.0,1889871.8149054812,0.0,True,normal,-0.04730381228074668,0,,沪深300;创业板,有色ETF;酒ETF;半导体ETF;军工ETF;证券ETF;创新药ETF
2020-11-26,1889871.8149054812,0.0,1889871.8149054812,0.0,True,normal,-0.04730381228074668,0,,沪深300;创业板,有色ETF;酒ETF;半导体ETF;军工ETF;证券ETF;创新药ETF
2020-11-27,1889871.8149054812,0.0,1889871.8149054812,0.0,True,normal,-0.04730381228074668,0,,沪深300;创业板,有色ETF;酒ETF;军工ETF;半导体ETF;证券ETF;创新药ETF
2020-11-30,1889871.8149054812,0.0,1889871.8149054812,0.0,True,normal,-0.04730381228074668,0,,沪深300;创业板,有色ETF;酒ETF;军工ETF;半导体ETF;证券ETF;创新药ETF
2020-12-01,1889871.8149054812,0.0,1889871.8149054812,0.0,True,normal,-0.04730381228074668,0,,沪深300;创业板,有色ETF;酒ETF;证券ETF;半导体ETF;军工ETF;创新药ETF
2020-12-02,1889871.8149054812,0.0,1889871.8149054812,0.0,True,normal,-0.04730381228074668,0,,沪深300;创业板,有色ETF;酒ETF;半导体ETF;证券ETF;军工ETF;创新药ETF
2020-12-03,1889871.8149054812,0.0,1889871.8149054812,0.0,True,normal,-0.04730381228074668,0,,沪深300;创业板;国债ETF,有色ETF;酒ETF;证券ETF;军工ETF;半导体ETF;创新药ETF
2020-12-04,1889871.8149054812,0.0,1889871.8149054812,0.0,True,normal,-0.04730381228074668,0,,沪深300;国债ETF,酒ETF;有色ETF;军工ETF;证券ETF;半导体ETF;创新药ETF
2020-12-07,1889871.8149054812,0.0,1889871.8149054812,0.0,True,normal,-0.04730381228074668,0,,沪深300;国债ETF,有色ETF;酒ETF;军工ETF;半导体ETF;证券ETF;创新药ETF
2020-12-08,1889871.8149054812,0.0,1889871.8149054812,0.0,True,normal,-0.04730381228074668,0,,沪深300;国债ETF,酒ETF;有色ETF;军工ETF;半导体ETF;证券ETF;创新药ETF
2020-12-09,1889871.8149054812,1889871.8149054807,4.656612873077393e-10,1.0,False,normal,-0.04730381228074668,8,沪深300;国债ETF;有色ETF;酒ETF;军工ETF;半导体ETF;证券ETF;创新药ETF,沪深300;国债ETF,有色ETF;酒ETF;军工ETF;半导体ETF;证券ETF;创新药ETF
2020-12-10,1888763.5390909729,1888763.5390909724,4.656612873077393e-10,1.0,False,normal,-0.0478625010421198,8,沪深300;国债ETF;酒ETF;有色ETF;军工ETF;半导体ETF;证券ETF;创新药ETF,沪深300;国债ETF,酒ETF;有色ETF;军工ETF;半导体ETF;证券ETF;创新药ETF
2020-12-11,1874000.8340236025,1874000.8340236028,-2.3283064365386963e-10,0.5889929292242057,False,normal,-0.05530447288760754,8,沪深300;创业板;酒ETF;军工ETF;有色ETF;半导体ETF;证券ETF;创新药ETF,沪深300;创业板,酒ETF;军工ETF;有色ETF;半导体ETF;证券ETF;创新药ETF
2020-12-14,1896304.5310684084,1896304.531068409,-6.984919309616089e-10,0.6629496669093253,False,normal,-0.04406103987853098,7,沪深300;酒ETF;军工ETF;有色ETF;半导体ETF;创新药ETF;证券ETF,沪深300,酒ETF;军工ETF;有色ETF;半导体ETF;创新药ETF;证券ETF
2020-12-15,1901625.39300441,1901625.3930044095,4.656612873077393e-10,0.5982681288130466,False,normal,-0.04137876013774194,8,沪深300;创业板;酒ETF;军工ETF;有色ETF;创新药ETF;半导体ETF;证券ETF,沪深300;创业板,酒ETF;军工ETF;有色ETF;创新药ETF;半导体ETF;证券ETF
2020-12-16,1901882.728912769,1950318.1489560117,-48435.42004324286,0.617065793976562,False,normal,-0.04124903549878855,8,沪深300;创业板;酒ETF;有色ETF;创新药ETF;军工ETF;半导体ETF;证券ETF,沪深300;创业板,酒ETF;有色ETF;创新药ETF;军工ETF;半导体ETF;证券ETF
2020-12-17,1930796.8849298626,1930796.8849298628,-2.3283064365386963e-10,0.6149517391018339,False,normal,-0.026673228826957444,8,沪深300;创业板;酒ETF;创新药ETF;有色ETF;军工ETF;证券ETF;半导体ETF,沪深300;创业板,酒ETF;创新药ETF;有色ETF;军工ETF;证券ETF;半导体ETF
2020-12-18,1925544.3066924834,1925544.306692484,-6.984919309616089e-10,0.6287151229809098,False,normal,-0.029321086328710045,8,沪深300;创业板;酒ETF;创新药ETF;有色ETF;军工ETF;半导体ETF;证券ETF,沪深300;创业板,酒ETF;创新药ETF;有色ETF;军工ETF;半导体ETF;证券ETF
2020-12-21,1966255.828319154,1966255.8283191542,-2.3283064365386963e-10,0.5846904281618196,False,normal,-0.008798153956220628,8,沪深300;创业板;酒ETF;创新药ETF;有色ETF;军工ETF;半导体ETF;证券ETF,沪深300;创业板,酒ETF;创新药ETF;有色ETF;军工ETF;半导体ETF;证券ETF
2020-12-22,1928443.8323549933,1928443.832354993,2.3283064365386963e-10,0.8190153729403282,False,normal,-0.027859417329214684,9,沪深300;创业板;国债ETF;酒ETF;创新药ETF;有色ETF;军工ETF;半导体ETF;证券ETF,沪深300;创业板;国债ETF,酒ETF;创新药ETF;有色ETF;军工ETF;半导体ETF;证券ETF
2020-12-23,1946096.7565850168,1946096.7565850168,0.0,0.8468629566058054,False,normal,-0.018960467948946073,10,沪深300;创业板;纳指;国债ETF;酒ETF;创新药ETF;有色ETF;军工ETF;半导体ETF;证券ETF,沪深300;创业板;纳指;国债ETF,酒ETF;创新药ETF;有色ETF;军工ETF;半导体ETF;证券ETF
2020-12-24,1938310.4551774669,1938310.455177467,-2.3283064365386963e-10,0.8677133907834532,False,normal,-0.02288559112867715,10,沪深300;创业板;纳指;国债ETF;酒ETF;有色ETF;创新药ETF;军工ETF;半导体ETF;证券ETF,沪深300;创业板;纳指;国债ETF,酒ETF;有色ETF;创新药ETF;军工ETF;半导体ETF;证券ETF
2020-12-25,1954474.385347547,1954474.3853475472,-2.3283064365386963e-10,1.0,False,normal,-0.014737252955611287,10,沪深300;创业板;纳指;国债ETF;酒ETF;有色ETF;创新药ETF;军工ETF;半导体ETF;证券ETF,沪深300;创业板;纳指;国债ETF,酒ETF;有色ETF;创新药ETF;军工ETF;半导体ETF;证券ETF
2020-12-28,1957681.6261154993,1957681.6261154986,6.984919309616089e-10,0.59698439239981,False,normal,-0.013120462849199372,8,沪深300;创业板;酒ETF;有色ETF;军工ETF;创新药ETF;半导体ETF;证券ETF,沪深300;创业板,酒ETF;有色ETF;军工ETF;创新药ETF;半导体ETF;证券ETF
2020-12-29,1941977.2040652193,1941977.2040652195,-2.3283064365386963e-10,0.6043889060881158,False,normal,-0.02103716010857632,8,沪深300;创业板;酒ETF;有色ETF;军工ETF;创新药ETF;半导体ETF;证券ETF,沪深300;创业板,酒ETF;有色ETF;军工ETF;创新药ETF;半导体ETF;证券ETF
2020-12-30,1982817.6282406007,1982817.6282406002,4.656612873077393e-10,0.8464065758824189,False,normal,-0.0004492471560414633,9,沪深300;创业板;国债ETF;酒ETF;有色ETF;军工ETF;创新药ETF;半导体ETF;证券ETF,沪深300;创业板;国债ETF,酒ETF;有色ETF;军工ETF;创新药ETF;半导体ETF;证券ETF
2020-12-31,2019564.7968068554,1964845.5737446053,54719.223062250065,0.7998337266474435,False,normal,0.0,9,沪深300;创业板;国债ETF;酒ETF;有色ETF;军工ETF;创新药ETF;证券ETF;半导体ETF,沪深300;创业板;国债ETF,酒ETF;有色ETF;军工ETF;创新药ETF;证券ETF;半导体ETF
2021-01-04,2059968.5342177765,1957039.4499744235,102929.08424335299,0.7687041177863031,False,normal,0.0,9,沪深300;创业板;国债ETF;酒ETF;有色ETF;军工ETF;创新药ETF;证券ETF;半导体ETF,沪深300;创业板;国债ETF,酒ETF;有色ETF;军工ETF;创新药ETF;证券ETF;半导体ETF
2021-01-05,2079351.483927306,0.0,2079351.483927306,0.0,True,normal,0.0,0,,沪深300;创业板;黄金;国债ETF,酒ETF;有色ETF;军工ETF;创新药ETF;半导体ETF;证券ETF
2021-01-06,2079351.483927306,0.0,2079351.483927306,0.0,True,normal,0.0,0,,沪深300;创业板;黄金;国债ETF,酒ETF;军工ETF;有色ETF;创新药ETF;半导体ETF;证券ETF
2021-01-07,2079351.483927306,0.0,2079351.483927306,0.0,True,normal,0.0,0,,沪深300;创业板;黄金;国债ETF,酒ETF;有色ETF;军工ETF;创新药ETF;证券ETF;半导体ETF
2021-01-08,2079351.483927306,0.0,2079351.483927306,0.0,True,normal,0.0,0,,沪深300;创业板;国债ETF,酒ETF;有色ETF;军工ETF;创新药ETF;证券ETF;半导体ETF
2021-01-11,2079351.483927306,0.0,2079351.483927306,0.0,True,normal,0.0,0,,沪深300;创业板;国债ETF,有色ETF;酒ETF;军工ETF;创新药ETF;半导体ETF;证券ETF
2021-01-12,2079351.483927306,0.0,2079351.483927306,0.0,True,normal,0.0,0,,沪深300;创业板;国债ETF,酒ETF;有色ETF;军工ETF;证券ETF;创新药ETF;半导体ETF
2021-01-13,2079351.483927306,0.0,2079351.483927306,0.0,True,normal,0.0,0,,沪深300;创业板;国债ETF,军工ETF;有色ETF;酒ETF;半导体ETF;证券ETF;创新药ETF
2021-01-14,2079351.483927306,0.0,2079351.483927306,0.0,True,normal,0.0,0,,沪深300;创业板;纳指;国债ETF,军工ETF;酒ETF;有色ETF;半导体ETF;证券ETF;创新药ETF
2021-01-15,2079351.483927306,0.0,2079351.483927306,0.0,True,normal,0.0,0,,沪深300;创业板;国债ETF,军工ETF;有色ETF;酒ETF;半导体ETF;证券ETF;创新药ETF
2021-01-18,2079351.483927306,0.0,2079351.483927306,0.0,True,normal,0.0,0,,沪深300;创业板;国债ETF,军工ETF;有色ETF;酒ETF;半导体ETF;证券ETF;创新药ETF
2021-01-19,2079351.483927306,0.0,2079351.483927306,0.0,True,normal,0.0,0,,沪深300;创业板;纳指;黄金;国债ETF,军工ETF;有色ETF;半导体ETF;酒ETF;证券ETF;创新药ETF
2021-01-20,2079351.483927306,0.0,2079351.483927306,0.0,True,normal,0.0,0,,沪深300;创业板;纳指;黄金;国债ETF,有色ETF;军工ETF;半导体ETF;酒ETF;证券ETF;创新药ETF
2021-01-21,2079351.483927306,0.0,2079351.483927306,0.0,True,normal,0.0,0,,沪深300;创业板;纳指;黄金;国债ETF,有色ETF;军工ETF;酒ETF;半导体ETF;证券ETF;创新药ETF
2021-01-22,2079351.483927306,0.0,2079351.483927306,0.0,True,normal,0.0,0,,沪深300;创业板;纳指;黄金;国债ETF,有色ETF;军工ETF;酒ETF;半导体ETF;创新药ETF;证券ETF
2021-01-25,2079351.483927306,0.0,2079351.483927306,0.0,True,normal,0.0,0,,沪深300;创业板;纳指;黄金;国债ETF,有色ETF;军工ETF;酒ETF;创新药ETF;半导体ETF;证券ETF
2021-01-26,2079351.483927306,0.0,2079351.483927306,0.0,True,normal,0.0,0,,沪深300;创业板;纳指;黄金;国债ETF,有色ETF;酒ETF;创新药ETF;军工ETF;半导体ETF;证券ETF
2021-01-27,2079351.483927306,0.0,2079351.483927306,0.0,True,normal,0.0,0,,沪深300;创业板;纳指;黄金;国债ETF,有色ETF;酒ETF;创新药ETF;半导体ETF;军工ETF;证券ETF
2021-01-28,2079351.483927306,0.0,2079351.483927306,0.0,True,normal,0.0,0,,沪深300;创业板;黄金;国债ETF,有色ETF;酒ETF;创新药ETF;军工ETF;半导体ETF;证券ETF
2021-01-29,2079351.483927306,0.0,2079351.483927306,0.0,True,normal,0.0,0,,沪深300;创业板;黄金;国债ETF,有色ETF;酒ETF;创新药ETF;半导体ETF;证券ETF;军工ETF
2021-02-01,2079351.483927306,0.0,2079351.483927306,0.0,True,normal,0.0,0,,沪深300;创业板;纳指;黄金;国债ETF,有色ETF;创新药ETF;酒ETF;证券ETF;军工ETF;半导体ETF
2021-02-02,2079351.483927306,0.0,2079351.483927306,0.0,True,normal,0.0,0,,沪深300;创业板;纳指;国债ETF,有色ETF;创新药ETF;酒ETF;半导体ETF;证券ETF;军工ETF
2021-02-03,2079351.483927306,0.0,2079351.483927306,0.0,True,normal,0.0,0,,沪深300;创业板;纳指;国债ETF,有色ETF;创新药ETF;酒ETF;半导体ETF;证券ETF;军工ETF
2021-02-04,2079351.483927306,0.0,2079351.483927306,0.0,True,normal,0.0,0,,沪深300;创业板;纳指;国债ETF,酒ETF;创新药ETF;有色ETF;半导体ETF;军工ETF;证券ETF
2021-02-05,2079351.483927306,0.0,2079351.483927306,0.0,True,normal,0.0,0,,沪深300;创业板;纳指;国债ETF,酒ETF;创新药ETF;有色ETF;证券ETF;军工ETF;半导体ETF
2021-02-08,2079351.483927306,0.0,2079351.483927306,0.0,True,normal,0.0,0,,沪深300;纳指;国债ETF,酒ETF;创新药ETF;有色ETF;半导体ETF;军工ETF;证券ETF
2021-02-09,2079351.483927306,0.0,2079351.483927306,0.0,True,normal,0.0,0,,沪深300;创业板;纳指;国债ETF,创新药ETF;酒ETF;有色ETF;军工ETF;证券ETF;半导体ETF
2021-02-10,2079351.483927306,0.0,2079351.483927306,0.0,True,normal,0.0,0,,沪深300;创业板;纳指;国债ETF,酒ETF;创新药ETF;有色ETF;军工ETF;证券ETF;半导体ETF
2021-02-18,2079351.483927306,0.0,2079351.483927306,0.0,True,normal,0.0,0,,沪深300;创业板;纳指;国债ETF,有色ETF;酒ETF;创新药ETF;军工ETF;半导体ETF;证券ETF
2021-02-19,2079351.483927306,0.0,2079351.483927306,0.0,True,normal,0.0,0,,沪深300;创业板;纳指;国债ETF,有色ETF;酒ETF;创新药ETF;军工ETF;证券ETF;半导体ETF
2021-02-22,2079351.483927306,0.0,2079351.483927306,0.0,True,normal,0.0,0,,沪深300;创业板;纳指;国债ETF,有色ETF;酒ETF;创新药ETF;军工ETF;证券ETF;半导体ETF
2021-02-23,2079351.483927306,0.0,2079351.483927306,0.0,True,normal,0.0,0,,沪深300;创业板;纳指;国债ETF,有色ETF;酒ETF;创新药ETF;军工ETF;证券ETF;半导体ETF
2021-02-24,2079351.483927306,0.0,2079351.483927306,0.0,True,normal,0.0,0,,沪深300;创业板;纳指;国债ETF,有色ETF;创新药ETF;酒ETF;军工ETF;半导体ETF;证券ETF
2021-02-25,2079351.483927306,0.0,2079351.483927306,0.0,True,normal,0.0,0,,沪深300;创业板;纳指;国债ETF,有色ETF;酒ETF;创新药ETF;军工ETF;半导体ETF;证券ETF
2021-02-26,2079351.483927306,0.0,2079351.483927306,0.0,True,normal,0.0,0,,沪深300;创业板;国债ETF,有色ETF;创新药ETF;酒ETF;军工ETF;证券ETF;半导体ETF
2021-03-01,2079351.483927306,0.0,2079351.483927306,0.0,True,normal,0.0,0,,沪深300;创业板;国债ETF,有色ETF;创新药ETF;军工ETF;酒ETF;半导体ETF;证券ETF
2021-03-02,2079351.483927306,0.0,2079351.483927306,0.0,True,normal,0.0,0,,沪深300;创业板;纳指;国债ETF,有色ETF;创新药ETF;军工ETF;半导体ETF;酒ETF;证券ETF
2021-03-03,2079351.483927306,0.0,2079351.483927306,0.0,True,normal,0.0,0,,沪深300;创业板;国债ETF,有色ETF;创新药ETF;酒ETF;军工ETF;半导体ETF;证券ETF
2021-03-04,2079351.483927306,0.0,2079351.483927306,0.0,True,normal,0.0,0,,国债ETF,有色ETF;军工ETF;创新药ETF;半导体ETF;酒ETF;证券ETF
2021-03-05,2079351.483927306,0.0,2079351.483927306,0.0,True,normal,0.0,0,,国债ETF,有色ETF;军工ETF;创新药ETF;半导体ETF;酒ETF;证券ETF
2021-03-08,2079351.483927306,0.0,2079351.483927306,0.0,True,normal,0.0,0,,国债ETF,有色ETF;创新药ETF;证券ETF;军工ETF;半导体ETF;酒ETF
2021-03-09,2079351.483927306,0.0,2079351.483927306,0.0,True,normal,0.0,0,,国债ETF,有色ETF;证券ETF;创新药ETF;军工ETF;半导体ETF;酒ETF
2021-03-10,2079351.483927306,0.0,2079351.483927306,0.0,True,normal,0.0,0,,纳指;国债ETF,有色ETF;创新药ETF;证券ETF;军工ETF;半导体ETF;酒ETF
2021-03-11,2079351.483927306,0.0,2079351.483927306,0.0,True,normal,0.0,0,,国债ETF,有色ETF;创新药ETF;证券ETF;军工ETF;半导体ETF;酒ETF
2021-03-12,2079351.483927306,0.0,2079351.483927306,0.0,True,normal,0.0,0,,国债ETF,有色ETF;证券ETF;创新药ETF;军工ETF;半导体ETF;酒ETF
2021-03-15,2079351.483927306,0.0,2079351.483927306,0.0,True,normal,0.0,0,,纳指;国债ETF,有色ETF;证券ETF;创新药ETF;军工ETF;半导体ETF;酒ETF
2021-03-16,2079351.483927306,0.0,2079351.483927306,0.0,True,normal,0.0,0,,纳指,有色ETF;证券ETF;军工ETF;创新药ETF;半导体ETF;酒ETF
2021-03-17,2079351.483927306,0.0,2079351.483927306,0.0,True,normal,0.0,0,,纳指,有色ETF;证券ETF;军工ETF;创新药ETF;半导体ETF;酒ETF
2021-03-18,2079351.483927306,0.0,2079351.483927306,0.0,True,normal,0.0,0,,纳指,有色ETF;创新药ETF;军工ETF;证券ETF;半导体ETF;酒ETF
2021-03-19,2079351.483927306,0.0,2079351.483927306,0.0,True,normal,0.0,0,,纳指,军工ETF;创新药ETF;有色ETF;证券ETF;酒ETF;半导体ETF
2021-03-22,2079351.483927306,0.0,2079351.483927306,0.0,True,normal,0.0,0,,纳指;国债ETF,证券ETF;创新药ETF;有色ETF;军工ETF;酒ETF;半导体ETF
2021-03-23,2079351.483927306,0.0,2079351.483927306,0.0,True,normal,0.0,0,,纳指,证券ETF;创新药ETF;有色ETF;军工ETF;酒ETF;半导体ETF
2021-03-24,2079351.483927306,0.0,2079351.483927306,0.0,True,normal,0.0,0,,,证券ETF;创新药ETF;酒ETF;有色ETF;军工ETF;半导体ETF
2021-03-25,2079351.483927306,0.0,2079351.483927306,0.0,True,normal,0.0,0,,国债ETF,创新药ETF;证券ETF;酒ETF;有色ETF;军工ETF;半导体ETF
2021-03-26,2079351.483927306,0.0,2079351.483927306,0.0,True,normal,0.0,0,,,创新药ETF;酒ETF;证券ETF;有色ETF;军工ETF
2021-03-29,2079351.483927306,0.0,2079351.483927306,0.0,True,normal,0.0,0,,国债ETF,创新药ETF;酒ETF;证券ETF;有色ETF;军工ETF;半导体ETF
2021-03-30,2079351.483927306,0.0,2079351.483927306,0.0,True,normal,0.0,0,,国债ETF,创新药ETF;有色ETF;酒ETF;证券ETF;军工ETF;半导体ETF
2021-03-31,2079351.483927306,0.0,2079351.483927306,0.0,True,normal,0.0,0,,国债ETF,创新药ETF;酒ETF;有色ETF;证券ETF;军工ETF;半导体ETF
2021-04-01,2079351.483927306,0.0,2079351.483927306,0.0,True,normal,0.0,0,,纳指;国债ETF,创新药ETF;酒ETF;有色ETF;证券ETF;军工ETF;半导体ETF
2021-04-02,2079351.483927306,0.0,2079351.483927306,0.0,True,normal,0.0,0,,纳指;国债ETF,创新药ETF;酒ETF;有色ETF;证券ETF;军工ETF;半导体ETF
2021-04-06,2079351.483927306,0.0,2079351.483927306,0.0,True,normal,0.0,0,,纳指;国债ETF,创新药ETF;酒ETF;有色ETF;证券ETF;军工ETF;半导体ETF
2021-04-07,2079351.483927306,0.0,2079351.483927306,0.0,True,normal,0.0,0,,纳指;国债ETF,创新药ETF;有色ETF;酒ETF;证券ETF;军工ETF;半导体ETF
2021-04-08,2079351.483927306,0.0,2079351.483927306,0.0,True,normal,0.0,0,,纳指;国债ETF,创新药ETF;酒ETF;有色ETF;证券ETF;军工ETF;半导体ETF
2021-04-09,2079351.483927306,0.0,2079351.483927306,0.0,True,normal,0.0,0,,纳指;国债ETF,创新药ETF;有色ETF;酒ETF;证券ETF;军工ETF;半导体ETF
2021-04-12,2079351.483927306,0.0,2079351.483927306,0.0,True,normal,0.0,0,,纳指;国债ETF,创新药ETF;酒ETF;有色ETF;证券ETF;军工ETF;半导体ETF
2021-04-13,2079351.483927306,0.0,2079351.483927306,0.0,True,normal,0.0,0,,纳指;国债ETF,创新药ETF;酒ETF;有色ETF;证券ETF;军工ETF;半导体ETF
2021-04-14,2079351.483927306,0.0,2079351.483927306,0.0,True,normal,0.0,0,,纳指;国债ETF,创新药ETF;酒ETF;有色ETF;证券ETF;军工ETF;半导体ETF
2021-04-15,2079351.483927306,0.0,2079351.483927306,0.0,True,normal,0.0,0,,纳指;国债ETF,创新药ETF;酒ETF;有色ETF;证券ETF;军工ETF;半导体ETF
2021-04-16,2079351.483927306,0.0,2079351.483927306,0.0,True,normal,0.0,0,,纳指;黄金;国债ETF,酒ETF;创新药ETF;有色ETF;证券ETF;军工ETF;半导体ETF
2021-04-19,2079351.483927306,0.0,2079351.483927306,0.0,True,normal,0.0,0,,纳指;国债ETF,酒ETF;创新药ETF;有色ETF;证券ETF;军工ETF;半导体ETF
2021-04-20,2079351.483927306,0.0,2079351.483927306,0.0,True,normal,0.0,0,,纳指;国债ETF,酒ETF;创新药ETF;有色ETF;证券ETF;军工ETF;半导体ETF
2021-04-21,2079351.483927306,0.0,2079351.483927306,0.0,True,normal,0.0,0,,纳指;国债ETF,酒ETF;创新药ETF;有色ETF;证券ETF;军工ETF;半导体ETF
2021-04-22,2079351.483927306,0.0,2079351.483927306,0.0,True,normal,0.0,0,,纳指;黄金;国债ETF,酒ETF;创新药ETF;有色ETF;证券ETF;军工ETF;半导体ETF
2021-04-23,2079351.483927306,0.0,2079351.483927306,0.0,True,normal,0.0,0,,创业板;纳指;黄金;国债ETF,酒ETF;创新药ETF;有色ETF;证券ETF;军工ETF;半导体ETF
2021-04-26,2079351.483927306,0.0,2079351.483927306,0.0,True,normal,0.0,0,,纳指;黄金;国债ETF,创新药ETF;有色ETF;酒ETF;半导体ETF;证券ETF;军工ETF
2021-04-27,2079351.483927306,0.0,2079351.483927306,0.0,True,normal,0.0,0,,创业板;纳指;黄金;国债ETF,创新药ETF;酒ETF;有色ETF;证券ETF;半导体ETF;军工ETF
2021-04-28,2079351.483927306,0.0,2079351.483927306,0.0,True,normal,0.0,0,,创业板;纳指;黄金;国债ETF,酒ETF;创新药ETF;有色ETF;证券ETF;半导体ETF;军工ETF
2021-04-29,2079351.483927306,0.0,2079351.483927306,0.0,True,normal,0.0,0,,创业板;纳指;黄金;国债ETF,酒ETF;创新药ETF;有色ETF;证券ETF;半导体ETF;军工ETF
2021-04-30,2079351.483927306,0.0,2079351.483927306,0.0,True,normal,0.0,0,,创业板;纳指;黄金;国债ETF,创新药ETF;有色ETF;酒ETF;证券ETF;军工ETF;半导体ETF
2021-05-06,2079351.483927306,0.0,2079351.483927306,0.0,True,normal,0.0,0,,创业板;纳指;黄金;国债ETF,有色ETF;创新药ETF;酒ETF;证券ETF;军工ETF;半导体ETF
2021-05-07,2079351.483927306,2079351.4839273053,6.984919309616089e-10,1.0,False,normal,0.0,11,沪深300;创业板;纳指;黄金;国债ETF;有色ETF;酒ETF;创新药ETF;证券ETF;军工ETF;半导体ETF,沪深300;创业板;纳指;黄金;国债ETF,有色ETF;酒ETF;创新药ETF;证券ETF;军工ETF;半导体ETF
2021-05-10,2085537.1116323671,2085537.1116323671,0.0,1.0,False,normal,0.0,10,创业板;纳指;黄金;国债ETF;有色ETF;创新药ETF;酒ETF;证券ETF;军工ETF;半导体ETF,创业板;纳指;黄金;国债ETF,有色ETF;创新药ETF;酒ETF;证券ETF;军工ETF;半导体ETF
2021-05-11,2079431.1859351029,2079431.1859351026,2.3283064365386963e-10,1.0,False,normal,-0.0029277473237985696,10,创业板;纳指;黄金;国债ETF;有色ETF;创新药ETF;酒ETF;证券ETF;军工ETF;半导体ETF,创业板;纳指;黄金;国债ETF,有色ETF;创新药ETF;酒ETF;证券ETF;军工ETF;半导体ETF
2021-05-12,2091919.3046144033,2091919.3046144028,4.656612873077393e-10,1.0,False,normal,0.0,10,创业板;纳指;黄金;国债ETF;有色ETF;创新药ETF;酒ETF;证券ETF;军工ETF;半导体ETF,创业板;纳指;黄金;国债ETF,有色ETF;创新药ETF;酒ETF;证券ETF;军工ETF;半导体ETF
2021-05-13,2077451.0685233294,2130632.977117522,-53181.908594192704,1.0,False,normal,-0.006916249617831563,10,创业板;纳指;黄金;国债ETF;创新药ETF;有色ETF;酒ETF;证券ETF;军工ETF;半导体ETF,创业板;纳指;黄金;国债ETF,创新药ETF;有色ETF;酒ETF;证券ETF;军工ETF;半导体ETF
2021-05-14,2001630.193119546,2001630.193119546,0.0,0.8389306990765828,False,normal,-0.04316089597514377,10,沪深300;创业板;纳指;黄金;国债ETF;创新药ETF;有色ETF;证券ETF;军工ETF;半导体ETF,沪深300;创业板;纳指;黄金;国债ETF,创新药ETF;有色ETF;证券ETF;军工ETF;半导体ETF
2021-05-17,2022365.6059118828,2074137.3623835905,-51771.75647170772,0.8165226982928772,False,normal,-0.03324874843360225,11,沪深300;创业板;纳指;黄金;国债ETF;创新药ETF;有色ETF;证券ETF;军工ETF;半导体ETF;酒ETF,沪深300;创业板;纳指;黄金;国债ETF,创新药ETF;有色ETF;证券ETF;军工ETF;半导体ETF;酒ETF
2021-05-18,2025245.1943975834,2096888.2191904036,-71643.02479282022,0.8420445205940951,False,normal,-0.03187221900469518,11,沪深300;创业板;纳指;黄金;国债ETF;创新药ETF;有色ETF;证券ETF;军工ETF;半导体ETF;酒ETF,沪深300;创业板;纳指;黄金;国债ETF,创新药ETF;有色ETF;证券ETF;军工ETF;半导体ETF;酒ETF
2021-05-19,2022976.625659546,2115854.416358859,-92877.7906993127,0.8642349665914125,False,normal,-0.03295666271771661,11,沪深300;创业板;纳指;黄金;国债ETF;创新药ETF;有色ETF;证券ETF;军工ETF;半导体ETF;酒ETF,沪深300;创业板;纳指;黄金;国债ETF,创新药ETF;有色ETF;证券ETF;军工ETF;半导体ETF;酒ETF
2021-05-20,2028440.19392698,2143570.6459136372,-115130.45198665722,1.0,False,normal,-0.030344913662491473,11,沪深300;创业板;纳指;黄金;国债ETF;创新药ETF;证券ETF;军工ETF;有色ETF;半导体ETF;酒ETF,沪深300;创业板;纳指;黄金;国债ETF,创新药ETF;证券ETF;军工ETF;有色ETF;半导体ETF;酒ETF
2021-05-21,2021516.454372444,2136926.8360524643,-115410.38168002036,1.0,False,normal,-0.033654668268830026,11,沪深300;创业板;纳指;黄金;国债ETF;创新药ETF;有色ETF;证券ETF;军工ETF;半导体ETF;酒ETF,沪深300;创业板;纳指;黄金;国债ETF,创新药ETF;有色ETF;证券ETF;军工ETF;半导体ETF;酒ETF
2021-05-24,2032313.1429929717,2150537.30148232,-118224.15848934813,1.0,False,normal,-0.028493528163323966,11,沪深300;创业板;纳指;黄金;国债ETF;创新药ETF;证券ETF;有色ETF;军工ETF;半导体ETF;酒ETF,沪深300;创业板;纳指;黄金;国债ETF,创新药ETF;证券ETF;有色ETF;军工ETF;半导体ETF;酒ETF
2021-05-25,2072516.52689276,2072516.5268927608,-6.984919309616089e-10,1.0,False,normal,-0.00927510811666785,11,沪深300;创业板;纳指;黄金;国债ETF;创新药ETF;证券ETF;有色ETF;军工ETF;半导体ETF;酒ETF,沪深300;创业板;纳指;黄金;国债ETF,创新药ETF;证券ETF;有色ETF;军工ETF;半导体ETF;酒ETF
2021-05-26,2072035.9824161546,2072035.9824161548,-2.3283064365386963e-10,1.0,False,normal,-0.009504822750279905,11,沪深300;创业板;纳指;黄金;国债ETF;创新药ETF;证券ETF;有色ETF;军工ETF;半导体ETF;酒ETF,沪深300;创业板;纳指;黄金;国债ETF,创新药ETF;证券ETF;有色ETF;军工ETF;半导体ETF;酒ETF
2021-05-27,2077610.5508711326,2131747.3903412246,-54136.839470091974,1.0,False,normal,-0.006840012285229201,11,沪深300;创业板;纳指;黄金;国债ETF;证券ETF;创新药ETF;有色ETF;军工ETF;半导体ETF;酒ETF,沪深300;创业板;纳指;黄金;国债ETF,证券ETF;创新药ETF;有色ETF;军工ETF;半导体ETF;酒ETF
2021-05-28,2075989.2587852117,2151306.064425259,-75316.80564004718,1.0,False,normal,-0.007615038397538907,11,沪深300;创业板;纳指;黄金;国债ETF;证券ETF;有色ETF;创新药ETF;军工ETF;半导体ETF;酒ETF,沪深300;创业板;纳指;黄金;国债ETF,证券ETF;有色ETF;创新药ETF;军工ETF;半导体ETF;酒ETF
2021-05-31,2095572.3537735709,2163369.737247103,-67797.38347353204,1.0,False,normal,0.0,11,沪深300;创业板;纳指;黄金;国债ETF;证券ETF;创新药ETF;有色ETF;军工ETF;半导体ETF;酒ETF,沪深300;创业板;纳指;黄金;国债ETF,证券ETF;创新药ETF;有色ETF;军工ETF;半导体ETF;酒ETF
2021-06-01,2100351.6157617373,2190236.401898482,-89884.78613674454,1.0,False,normal,0.0,11,沪深300;创业板;纳指;黄金;国债ETF;创新药ETF;证券ETF;有色ETF;军工ETF;半导体ETF;酒ETF,沪深300;创业板;纳指;黄金;国债ETF,创新药ETF;证券ETF;有色ETF;军工ETF;半导体ETF;酒ETF
2021-06-02,2073838.159314786,2073838.1593147856,4.656612873077393e-10,1.0,False,normal,-0.01262334184809127,10,沪深300;创业板;黄金;国债ETF;创新药ETF;有色ETF;证券ETF;军工ETF;半导体ETF;酒ETF,沪深300;创业板;黄金;国债ETF,创新药ETF;有色ETF;证券ETF;军工ETF;半导体ETF;酒ETF
2021-06-03,2062391.8527256371,2118080.3908135225,-55688.53808788536,1.0,False,normal,-0.018073051555386015,10,沪深300;创业板;黄金;国债ETF;创新药ETF;证券ETF;军工ETF;有色ETF;半导体ETF;酒ETF,沪深300;创业板;黄金;国债ETF,创新药ETF;证券ETF;军工ETF;有色ETF;半导体ETF;酒ETF
2021-06-04,2073582.0584580163,2135190.5914820395,-61608.53302402329,1.0,False,normal,-0.012745274221151077,10,沪深300;创业板;黄金;国债ETF;创新药ETF;军工ETF;证券ETF;有色ETF;半导体ETF;酒ETF,沪深300;创业板;黄金;国债ETF,创新药ETF;军工ETF;证券ETF;有色ETF;半导体ETF;酒ETF
2021-06-07,2082432.335249009,2145095.8098410945,-62663.47459208546,1.0,False,normal,-0.00853156222903633,10,沪深300;创业板;黄金;国债ETF;创新药ETF;军工ETF;证券ETF;有色ETF;半导体ETF;酒ETF,沪深300;创业板;黄金;国债ETF,创新药ETF;军工ETF;证券ETF;有色ETF;半导体ETF;酒ETF
2021-06-08,2068356.660046746,2068356.6600467456,4.656612873077393e-10,1.0,False,normal,-0.015233142619973971,10,沪深300;创业板;黄金;国债ETF;军工ETF;证券ETF;创新药ETF;有色ETF;半导体ETF;酒ETF,沪深300;创业板;黄金;国债ETF,军工ETF;证券ETF;创新药ETF;有色ETF;半导体ETF;酒ETF
2021-06-09,2068057.6335653055,2068057.6335653055,0.0,1.0,False,normal,-0.015375512344736497,10,沪深300;创业板;黄金;国债ETF;军工ETF;创新药ETF;证券ETF;有色ETF;半导体ETF;酒ETF,沪深300;创业板;黄金;国债ETF,军工ETF;创新药ETF;证券ETF;有色ETF;半导体ETF;酒ETF
2021-06-10,2084962.3049000683,2144085.4992888956,-59123.19438882731,1.0,False,normal,-0.007327016460569033,10,沪深300;创业板;黄金;国债ETF;军工ETF;创新药ETF;证券ETF;有色ETF;半导体ETF;酒ETF,沪深300;创业板;黄金;国债ETF,军工ETF;创新药ETF;证券ETF;有色ETF;半导体ETF;酒ETF
2021-06-11,2075512.2710280572,2075512.2710280574,-2.3283064365386963e-10,1.0,False,normal,-0.011826279251187004,10,沪深300;创业板;黄金;国债ETF;军工ETF;半导体ETF;证券ETF;有色ETF;创新药ETF;酒ETF,沪深300;创业板;黄金;国债ETF,军工ETF;半导体ETF;证券ETF;有色ETF;创新药ETF;酒ETF
2021-06-15,2055077.5167155634,2055077.5167155634,0.0,1.0,False,normal,-0.021555485617942287,10,沪深300;创业板;黄金;国债ETF;军工ETF;半导体ETF;证券ETF;创新药ETF;有色ETF;酒ETF,沪深300;创业板;黄金;国债ETF,军工ETF;半导体ETF;证券ETF;创新药ETF;有色ETF;酒ETF
2021-06-16,2020870.2976976975,2020870.2976976978,-2.3283064365386963e-10,1.0,False,normal,-0.03784191059610474,10,沪深300;创业板;黄金;国债ETF;军工ETF;证券ETF;半导体ETF;创新药ETF;酒ETF;有色ETF,沪深300;创业板;黄金;国债ETF,军工ETF;证券ETF;半导体ETF;创新药ETF;酒ETF;有色ETF
2021-06-17,2036721.2504426963,1990440.60351627,46280.64692642633,0.7278032196908942,False,normal,-0.030295101468505385,9,沪深300;创业板;国债ETF;军工ETF;半导体ETF;证券ETF;创新药ETF;有色ETF;酒ETF,沪深300;创业板;国债ETF,军工ETF;半导体ETF;证券ETF;创新药ETF;有色ETF;酒ETF
2021-06-18,2051119.4212548237,2051119.421254824,-2.3283064365386963e-10,0.8684447068546642,False,normal,-0.023439977448280035,10,沪深300;创业板;纳指;国债ETF;军工ETF;半导体ETF;证券ETF;创新药ETF;有色ETF;酒ETF,沪深300;创业板;纳指;国债ETF,军工ETF;半导体ETF;证券ETF;创新药ETF;有色ETF;酒ETF
2021-06-21,2054619.1522678938,2054619.1522678933,4.656612873077393e-10,1.0,False,normal,-0.02177371786259593,10,沪深300;创业板;纳指;国债ETF;军工ETF;半导体ETF;创新药ETF;证券ETF;有色ETF;酒ETF,沪深300;创业板;纳指;国债ETF,军工ETF;半导体ETF;创新药ETF;证券ETF;有色ETF;酒ETF
2021-06-22,2061270.0726231667,2061270.0726231663,4.656612873077393e-10,1.0,False,normal,-0.018607143130364323,10,沪深300;创业板;纳指;国债ETF;军工ETF;半导体ETF;创新药ETF;有色ETF;证券ETF;酒ETF,沪深300;创业板;纳指;国债ETF,军工ETF;半导体ETF;创新药ETF;有色ETF;证券ETF;酒ETF
2021-06-23,2077909.3210956336,2077909.3210956343,-6.984919309616089e-10,1.0,False,normal,-0.010685017926374489,10,沪深300;创业板;纳指;国债ETF;军工ETF;半导体ETF;创新药ETF;有色ETF;证券ETF;酒ETF,沪深300;创业板;纳指;国债ETF,军工ETF;半导体ETF;创新药ETF;有色ETF;证券ETF;酒ETF
2021-06-24,2067818.2528496436,2067818.2528496436,0.0,1.0,False,normal,-0.01548948407873833,10,沪深300;创业板;纳指;国债ETF;军工ETF;半导体ETF;创新药ETF;有色ETF;证券ETF;酒ETF,沪深300;创业板;纳指;国债ETF,军工ETF;半导体ETF;创新药ETF;有色ETF;证券ETF;酒ETF
2021-06-25,2094656.0045829937,2094656.0045829932,4.656612873077393e-10,1.0,False,normal,-0.0027117417560002296,10,沪深300;创业板;纳指;国债ETF;半导体ETF;军工ETF;创新药ETF;有色ETF;证券ETF;酒ETF,沪深300;创业板;纳指;国债ETF,半导体ETF;军工ETF;创新药ETF;有色ETF;证券ETF;酒ETF
2021-06-28,2107228.553501187,2107228.5535011864,4.656612873077393e-10,1.0,False,normal,0.0,10,沪深300;创业板;纳指;国债ETF;半导体ETF;军工ETF;创新药ETF;证券ETF;有色ETF;酒ETF,沪深300;创业板;纳指;国债ETF,半导体ETF;军工ETF;创新药ETF;证券ETF;有色ETF;酒ETF
2021-06-29,2096757.4219843212,2096757.4219843217,-4.656612873077393e-10,1.0,False,normal,-0.00496914845780149,10,沪深300;创业板;纳指;国债ETF;半导体ETF;军工ETF;创新药ETF;证券ETF;有色ETF;酒ETF,沪深300;创业板;纳指;国债ETF,半导体ETF;军工ETF;创新药ETF;证券ETF;有色ETF;酒ETF
2021-06-30,2121161.3787050205,2121161.3787050205,0.0,1.0,False,normal,0.0,10,沪深300;创业板;纳指;国债ETF;半导体ETF;军工ETF;创新药ETF;证券ETF;有色ETF;酒ETF,沪深300;创业板;纳指;国债ETF,半导体ETF;军工ETF;创新药ETF;证券ETF;有色ETF;酒ETF
2021-07-01,2107255.461883206,2107255.4618832055,4.656612873077393e-10,1.0,False,normal,-0.0065558033261496765,10,沪深300;创业板;纳指;国债ETF;半导体ETF;创新药ETF;军工ETF;证券ETF;有色ETF;酒ETF,沪深300;创业板;纳指;国债ETF,半导体ETF;创新药ETF;军工ETF;证券ETF;有色ETF;酒ETF
2021-07-02,2069383.380049463,2005461.0920160243,63922.288033438614,0.8331783094498877,False,normal,-0.024410211865713093,10,沪深300;创业板;纳指;国债ETF;半导体ETF;创新药ETF;有色ETF;军工ETF;证券ETF;酒ETF,沪深300;创业板;纳指;国债ETF,半导体ETF;创新药ETF;有色ETF;军工ETF;证券ETF;酒ETF
2021-07-05,2085527.6949761612,2017486.1223115723,68041.57266458892,0.8518266626164318,False,normal,-0.016799138475080966,10,沪深300;创业板;纳指;国债ETF;半导体ETF;有色ETF;创新药ETF;军工ETF;证券ETF;酒ETF,沪深300;创业板;纳指;国债ETF,半导体ETF;有色ETF;创新药ETF;军工ETF;证券ETF;酒ETF
2021-07-06,2077117.7534858133,2023228.108847606,53889.644638207275,0.8682108794892665,False,normal,-0.020763920021067,10,沪深300;创业板;纳指;国债ETF;半导体ETF;有色ETF;军工ETF;创新药ETF;证券ETF;酒ETF,沪深300;创业板;纳指;国债ETF,半导体ETF;有色ETF;军工ETF;创新药ETF;证券ETF;酒ETF
2021-07-07,2106728.478139011,2040719.4308639257,66009.04727508547,0.8296585546762223,False,normal,-0.00680424446291809,10,沪深300;创业板;纳指;国债ETF;半导体ETF;有色ETF;军工ETF;创新药ETF;证券ETF;酒ETF,沪深300;创业板;纳指;国债ETF,半导体ETF;有色ETF;军工ETF;创新药ETF;证券ETF;酒ETF
2021-07-08,2109010.395283268,2058587.0685576557,50423.32672561216,0.8529706841576786,False,normal,-0.005728457789086717,10,沪深300;创业板;纳指;国债ETF;半导体ETF;有色ETF;军工ETF;证券ETF;创新药ETF;酒ETF,沪深300;创业板;纳指;国债ETF,半导体ETF;有色ETF;军工ETF;证券ETF;创新药ETF;酒ETF
2021-07-09,2106765.1232990576,2106765.1232990576,0.0,1.0,False,normal,-0.006786968474200637,9,创业板;纳指;国债ETF;半导体ETF;有色ETF;军工ETF;证券ETF;创新药ETF;酒ETF,创业板;纳指;国债ETF,半导体ETF;有色ETF;军工ETF;证券ETF;创新药ETF;酒ETF
2021-07-12,2141098.8155530584,2094718.5113274388,46380.30422561965,0.8395261722849794,False,normal,0.0,9,创业板;纳指;国债ETF;半导体ETF;有色ETF;军工ETF;证券ETF;创新药ETF;酒ETF,创业板;纳指;国债ETF,半导体ETF;有色ETF;军工ETF;证券ETF;创新药ETF;酒ETF
2021-07-13,2137162.757040226,2137162.7570402254,4.656612873077393e-10,0.8473019309888762,False,normal,-0.0018383357574348089,10,沪深300;创业板;纳指;国债ETF;有色ETF;半导体ETF;军工ETF;创新药ETF;证券ETF;酒ETF,沪深300;创业板;纳指;国债ETF,有色ETF;半导体ETF;军工ETF;创新药ETF;证券ETF;酒ETF
2021-07-14,2123216.5012079976,2123216.5012079976,0.0,1.0,False,normal,-0.008351933229406668,9,创业板;纳指;国债ETF;有色ETF;半导体ETF;创新药ETF;军工ETF;证券ETF;酒ETF,创业板;纳指;国债ETF,有色ETF;半导体ETF;创新药ETF;军工ETF;证券ETF;酒ETF
2021-07-15,2139466.4332903638,2139466.4332903638,0.0,0.866959086950892,False,normal,-0.0007624039819353202,10,沪深300;创业板;纳指;国债ETF;有色ETF;半导体ETF;创新药ETF;军工ETF;证券ETF;酒ETF,沪深300;创业板;纳指;国债ETF,有色ETF;半导体ETF;创新药ETF;军工ETF;证券ETF;酒ETF
2021-07-16,2122451.691442275,2122451.691442275,0.0,0.8105520697814428,False,normal,-0.008709137558402127,10,沪深300;创业板;纳指;国债ETF;有色ETF;半导体ETF;军工ETF;创新药ETF;证券ETF;酒ETF,沪深300;创业板;纳指;国债ETF,有色ETF;半导体ETF;军工ETF;创新药ETF;证券ETF;酒ETF
2021-07-19,2124713.3261541,2124713.3261541,0.0,0.835975964733057,False,normal,-0.007652841279409218,10,沪深300;创业板;纳指;国债ETF;有色ETF;半导体ETF;军工ETF;创新药ETF;证券ETF;酒ETF,沪深300;创业板;纳指;国债ETF,有色ETF;半导体ETF;军工ETF;创新药ETF;证券ETF;酒ETF
2021-07-20,2128713.8716530576,2128713.871653057,4.656612873077393e-10,1.0,False,normal,-0.005784386881182626,9,创业板;纳指;国债ETF;有色ETF;半导体ETF;军工ETF;创新药ETF;证券ETF;酒ETF,创业板;纳指;国债ETF,有色ETF;半导体ETF;军工ETF;创新药ETF;证券ETF;酒ETF
2021-07-21,2161200.1147870906,2161200.1147870906,0.0,0.8446607239844611,False,normal,0.0,9,创业板;纳指;国债ETF;有色ETF;半导体ETF;军工ETF;创新药ETF;证券ETF;酒ETF,创业板;纳指;国债ETF,有色ETF;半导体ETF;军工ETF;创新药ETF;证券ETF;酒ETF
2021-07-22,2165281.277421887,2165281.2774218875,-4.656612873077393e-10,1.0,False,normal,0.0,9,创业板;纳指;国债ETF;有色ETF;半导体ETF;军工ETF;证券ETF;创新药ETF;酒ETF,创业板;纳指;国债ETF,有色ETF;半导体ETF;军工ETF;证券ETF;创新药ETF;酒ETF
2021-07-23,2156742.1119880863,2156742.1119880863,0.0,1.0,False,normal,-0.003943674903968144,9,创业板;纳指;国债ETF;有色ETF;半导体ETF;军工ETF;证券ETF;创新药ETF;酒ETF,创业板;纳指;国债ETF,有色ETF;半导体ETF;军工ETF;证券ETF;创新药ETF;酒ETF
2021-07-26,2138047.3100011125,2138047.310001113,-4.656612873077393e-10,1.0,False,normal,-0.012577565651517061,9,创业板;纳指;国债ETF;有色ETF;半导体ETF;军工ETF;证券ETF;创新药ETF;酒ETF,创业板;纳指;国债ETF,有色ETF;半导体ETF;军工ETF;证券ETF;创新药ETF;酒ETF
2021-07-27,2101348.6192362704,2034628.101996997,66720.51723927353,1.0,False,normal,-0.02952626009944474,8,纳指;国债ETF;有色ETF;半导体ETF;军工ETF;证券ETF;创新药ETF;酒ETF,纳指;国债ETF,有色ETF;半导体ETF;军工ETF;证券ETF;创新药ETF;酒ETF
2021-07-28,2085666.3879944598,2020850.2918113694,64816.09618309047,0.8399297769442509,False,normal,-0.03676884396387588,9,创业板;纳指;国债ETF;有色ETF;半导体ETF;军工ETF;证券ETF;创新药ETF;酒ETF,创业板;纳指;国债ETF,有色ETF;半导体ETF;军工ETF;证券ETF;创新药ETF;酒ETF
2021-07-29,2132579.8523360025,2003621.5994000994,128958.25293590315,0.7418722515358925,False,normal,-0.01510262219826737,9,创业板;纳指;国债ETF;有色ETF;半导体ETF;军工ETF;证券ETF;创新药ETF;酒ETF,创业板;纳指;国债ETF,有色ETF;半导体ETF;军工ETF;证券ETF;创新药ETF;酒ETF
2021-07-30,2115156.9736758675,1994221.0384640098,120935.93521185778,0.7378864418860339,False,normal,-0.02314909580971414,9,创业板;纳指;国债ETF;半导体ETF;有色ETF;军工ETF;证券ETF;创新药ETF;酒ETF,创业板;纳指;国债ETF,半导体ETF;有色ETF;军工ETF;证券ETF;创新药ETF;酒ETF
2021-08-02,2145174.5277159587,2008121.4704468301,137053.0572691285,0.7247866784121348,False,normal,-0.009285975875553994,9,创业板;纳指;国债ETF;半导体ETF;有色ETF;军工ETF;证券ETF;创新药ETF;酒ETF,创业板;纳指;国债ETF,半导体ETF;有色ETF;军工ETF;证券ETF;创新药ETF;酒ETF
2021-08-03,2131235.406307252,1990950.993328235,140284.412979017,0.7391309612141096,False,normal,-0.015723532766686067,9,创业板;纳指;国债ETF;军工ETF;半导体ETF;有色ETF;创新药ETF;证券ETF;酒ETF,创业板;纳指;国债ETF,军工ETF;半导体ETF;有色ETF;创新药ETF;证券ETF;酒ETF
2021-08-04,2155469.263134475,2013247.4176717228,142221.84546275204,0.7380710120323859,False,normal,-0.004531519479582318,9,创业板;纳指;国债ETF;有色ETF;军工ETF;半导体ETF;创新药ETF;证券ETF;酒ETF,创业板;纳指;国债ETF,有色ETF;军工ETF;半导体ETF;创新药ETF;证券ETF;酒ETF
2021-08-05,2150297.8634871133,2023710.4550290424,126587.40845807083,0.7542606857781204,False,normal,-0.006919846437971288,9,创业板;纳指;国债ETF;军工ETF;半导体ETF;有色ETF;创新药ETF;证券ETF;酒ETF,创业板;纳指;国债ETF,军工ETF;半导体ETF;有色ETF;创新药ETF;证券ETF;酒ETF
2021-08-06,2148893.7623165753,2038229.1137087648,110664.6486078105,0.7765384606721061,False,normal,-0.007568307764995646,9,创业板;纳指;国债ETF;军工ETF;有色ETF;半导体ETF;创新药ETF;证券ETF;酒ETF,创业板;纳指;国债ETF,军工ETF;有色ETF;半导体ETF;创新药ETF;证券ETF;酒ETF
2021-08-09,2138810.190499468,2044687.8296418767,94122.36085759103,0.7814050432157323,False,normal,-0.012225241680349868,9,创业板;纳指;国债ETF;军工ETF;半导体ETF;有色ETF;证券ETF;创新药ETF;酒ETF,创业板;纳指;国债ETF,军工ETF;半导体ETF;有色ETF;证券ETF;创新药ETF;酒ETF
2021-08-10,2152731.155055393,2057475.235710185,95255.91934520798,0.8041774599665286,False,normal,-0.005796070236859461,9,创业板;纳指;国债ETF;军工ETF;半导体ETF;有色ETF;证券ETF;创新药ETF;酒ETF,创业板;纳指;国债ETF,军工ETF;半导体ETF;有色ETF;证券ETF;创新药ETF;酒ETF
2021-08-11,2141580.519675182,2061041.436366994,80539.08330818824,0.8107000000082688,False,normal,-0.010945810132771475,9,创业板;纳指;国债ETF;军工ETF;半导体ETF;有色ETF;证券ETF;创新药ETF;酒ETF,创业板;纳指;国债ETF,军工ETF;半导体ETF;有色ETF;证券ETF;创新药ETF;酒ETF
2021-08-12,2130646.326572177,2063606.6942045656,67039.6323676114,0.8224490165493118,False,normal,-0.015995589677359826,9,创业板;纳指;国债ETF;半导体ETF;军工ETF;有色ETF;证券ETF;创新药ETF;酒ETF,创业板;纳指;国债ETF,半导体ETF;军工ETF;有色ETF;证券ETF;创新药ETF;酒ETF
2021-08-13,2125387.2766633537,2071839.908799694,53547.36786365975,0.8472827023572193,False,normal,-0.01842439648581525,9,创业板;纳指;国债ETF;军工ETF;有色ETF;半导体ETF;证券ETF;创新药ETF;酒ETF,创业板;纳指;国债ETF,军工ETF;有色ETF;半导体ETF;证券ETF;创新药ETF;酒ETF
2021-08-16,2115585.3079319904,2115585.307931991,-4.656612873077393e-10,0.867324692253498,False,normal,-0.02295127658844751,9,创业板;纳指;国债ETF;军工ETF;半导体ETF;有色ETF;证券ETF;创新药ETF;酒ETF,创业板;纳指;国债ETF,军工ETF;半导体ETF;有色ETF;证券ETF;创新药ETF;酒ETF
2021-08-17,2088989.7580609468,2003387.7465013033,85602.01155964355,1.0,False,normal,-0.03523399946069706,9,纳指;黄金;国债ETF;军工ETF;有色ETF;半导体ETF;证券ETF;创新药ETF;酒ETF,纳指;黄金;国债ETF,军工ETF;有色ETF;半导体ETF;证券ETF;创新药ETF;酒ETF
2021-08-18,2097954.6142651336,1995292.9270450077,102661.68722012592,1.0,False,normal,-0.03109372618642717,9,纳指;黄金;国债ETF;军工ETF;有色ETF;证券ETF;半导体ETF;创新药ETF;酒ETF,纳指;黄金;国债ETF,军工ETF;有色ETF;证券ETF;半导体ETF;创新药ETF;酒ETF
2021-08-19,2089511.4256925755,2003076.004591911,86435.42110066442,1.0,False,normal,-0.03499307573542021,9,纳指;黄金;国债ETF;军工ETF;有色ETF;半导体ETF;证券ETF;创新药ETF;酒ETF,纳指;黄金;国债ETF,军工ETF;有色ETF;半导体ETF;证券ETF;创新药ETF;酒ETF
2021-08-20,2086955.6522854026,1995830.3468005913,91125.30548481131,1.0,False,normal,-0.03617341818506996,9,纳指;黄金;国债ETF;军工ETF;有色ETF;证券ETF;半导体ETF;创新药ETF;酒ETF,纳指;黄金;国债ETF,军工ETF;有色ETF;证券ETF;半导体ETF;创新药ETF;酒ETF
2021-08-23,2104779.9828633405,1998533.8708494252,106246.11201391532,1.0,False,normal,-0.027941540523817282,9,纳指;黄金;国债ETF;军工ETF;有色ETF;证券ETF;半导体ETF;创新药ETF;酒ETF,纳指;黄金;国债ETF,军工ETF;有色ETF;证券ETF;半导体ETF;创新药ETF;酒ETF
2021-08-24,2125345.0745720705,2012005.984366157,113339.09020591341,1.0,False,normal,-0.01844388683643307,9,纳指;黄金;国债ETF;军工ETF;有色ETF;证券ETF;半导体ETF;创新药ETF;酒ETF,纳指;黄金;国债ETF,军工ETF;有色ETF;证券ETF;半导体ETF;创新药ETF;酒ETF
2021-08-25,2122967.19520335,2026205.5281484404,96761.66705490951,1.0,False,normal,-0.0195420718129142,9,纳指;黄金;国债ETF;军工ETF;有色ETF;证券ETF;半导体ETF;创新药ETF;酒ETF,纳指;黄金;国债ETF,军工ETF;有色ETF;证券ETF;半导体ETF;创新药ETF;酒ETF
2021-08-26,2111052.071836477,2010933.315231808,100118.75660466915,1.0,False,normal,-0.025044878072366845,9,纳指;黄金;国债ETF;军工ETF;有色ETF;证券ETF;半导体ETF;酒ETF;创新药ETF,纳指;黄金;国债ETF,军工ETF;有色ETF;证券ETF;半导体ETF;酒ETF;创新药ETF
2021-08-27,2117728.9919326124,2033933.007857995,83795.98407461727,1.0,False,normal,-0.0219612509400595,9,纳指;黄金;国债ETF;有色ETF;军工ETF;证券ETF;半导体ETF;创新药ETF;酒ETF,纳指;黄金;国债ETF,有色ETF;军工ETF;证券ETF;半导体ETF;创新药ETF;酒ETF
2021-08-30,2125536.2119179973,2057527.7161021354,68008.49581586197,1.0,False,normal,-0.01835561315674079,9,纳指;黄金;国债ETF;有色ETF;军工ETF;半导体ETF;证券ETF;创新药ETF;酒ETF,纳指;黄金;国债ETF,有色ETF;军工ETF;半导体ETF;证券ETF;创新药ETF;酒ETF
2021-08-31,2130829.6322966283,2078745.9497425547,52083.68255407363,1.0,False,normal,-0.01591093290488287,9,纳指;黄金;国债ETF;有色ETF;军工ETF;证券ETF;半导体ETF;酒ETF;创新药ETF,纳指;黄金;国债ETF,有色ETF;军工ETF;证券ETF;半导体ETF;酒ETF;创新药ETF
2021-09-01,2127892.0371179003,2127892.0371179003,0.0,1.0,False,normal,-0.01726761354003142,9,纳指;黄金;国债ETF;有色ETF;证券ETF;军工ETF;半导体ETF;酒ETF;创新药ETF,纳指;黄金;国债ETF,有色ETF;证券ETF;军工ETF;半导体ETF;酒ETF;创新药ETF
2021-09-02,2120899.0578839732,2120899.0578839732,0.0,1.0,False,normal,-0.020497207453231164,9,纳指;黄金;国债ETF;有色ETF;证券ETF;军工ETF;半导体ETF;酒ETF;创新药ETF,纳指;黄金;国债ETF,有色ETF;证券ETF;军工ETF;半导体ETF;酒ETF;创新药ETF
2021-09-03,2112274.0849232054,2112274.0849232054,0.0,1.0,False,normal,-0.02448051117026012,9,纳指;黄金;国债ETF;有色ETF;证券ETF;军工ETF;半导体ETF;酒ETF;创新药ETF,纳指;黄金;国债ETF,有色ETF;证券ETF;军工ETF;半导体ETF;酒ETF;创新药ETF
2021-09-06,2133720.1276995926,2055339.8380483754,78380.28965121717,1.0,False,normal,-0.014576004536405082,9,纳指;黄金;国债ETF;有色ETF;证券ETF;军工ETF;半导体ETF;创新药ETF;酒ETF,纳指;黄金;国债ETF,有色ETF;证券ETF;军工ETF;半导体ETF;创新药ETF;酒ETF
2021-09-07,2138427.8523202073,2068999.9055443532,69427.9467758541,1.0,False,normal,-0.012401818360362419,9,纳指;黄金;国债ETF;有色ETF;证券ETF;军工ETF;半导体ETF;创新药ETF;酒ETF,纳指;黄金;国债ETF,有色ETF;证券ETF;军工ETF;半导体ETF;创新药ETF;酒ETF
2021-09-08,2126835.831341224,2066744.4193937026,60091.41194752115,1.0,False,normal,-0.01775540502822741,8,纳指;国债ETF;有色ETF;证券ETF;军工ETF;半导体ETF;创新药ETF;酒ETF,纳指;国债ETF,有色ETF;证券ETF;军工ETF;半导体ETF;创新药ETF;酒ETF
2021-09-09,2126610.83942357,2081942.4588724389,44668.38055113098,1.0,False,normal,-0.0178593138921704,8,纳指;国债ETF;有色ETF;证券ETF;军工ETF;半导体ETF;创新药ETF;酒ETF,纳指;国债ETF,有色ETF;证券ETF;军工ETF;半导体ETF;创新药ETF;酒ETF
2021-09-10,2132888.9680892075,2132888.9680892075,0.0,1.0,False,normal,-0.014959862106805683,8,纳指;国债ETF;有色ETF;证券ETF;军工ETF;半导体ETF;创新药ETF;酒ETF,纳指;国债ETF,有色ETF;证券ETF;军工ETF;半导体ETF;创新药ETF;酒ETF
2021-09-13,2123869.5465366268,2123869.5465366268,0.0,1.0,False,normal,-0.019125335501246076,8,纳指;国债ETF;有色ETF;证券ETF;军工ETF;半导体ETF;创新药ETF;酒ETF,纳指;国债ETF,有色ETF;证券ETF;军工ETF;半导体ETF;创新药ETF;酒ETF
2021-09-14,2112806.3578720777,2112806.3578720773,4.656612873077393e-10,1.0,False,normal,-0.02423468955141434,8,纳指;国债ETF;有色ETF;证券ETF;军工ETF;半导体ETF;创新药ETF;酒ETF,纳指;国债ETF,有色ETF;证券ETF;军工ETF;半导体ETF;创新药ETF;酒ETF
2021-09-15,2107059.0714721167,2107059.071472117,-4.656612873077393e-10,1.0,False,normal,-0.026888980455736962,8,纳指;国债ETF;有色ETF;证券ETF;军工ETF;半导体ETF;创新药ETF;酒ETF,纳指;国债ETF,有色ETF;证券ETF;军工ETF;半导体ETF;创新药ETF;酒ETF
2021-09-16,2096499.2836000076,2096499.2836000074,2.3283064365386963e-10,1.0,False,normal,-0.03176584702370647,8,纳指;国债ETF;有色ETF;证券ETF;军工ETF;酒ETF;创新药ETF;半导体ETF,纳指;国债ETF,有色ETF;证券ETF;军工ETF;酒ETF;创新药ETF;半导体ETF
2021-09-17,2106666.362732797,2106666.362732797,0.0,1.0,False,normal,-0.027070346610524668,8,纳指;国债ETF;有色ETF;证券ETF;创新药ETF;酒ETF;军工ETF;半导体ETF,纳指;国债ETF,有色ETF;证券ETF;创新药ETF;酒ETF;军工ETF;半导体ETF
2021-09-22,2088132.910970773,2088132.9109707738,-6.984919309616089e-10,0.5998815250867103,False,normal,-0.035629720376546825,7,沪深300;有色ETF;证券ETF;创新药ETF;军工ETF;酒ETF;半导体ETF,沪深300,有色ETF;证券ETF;创新药ETF;军工ETF;酒ETF;半导体ETF
2021-09-23,2103681.2927477816,2103681.292747781,4.656612873077393e-10,1.0,False,normal,-0.0284489527141019,9,沪深300;纳指;国债ETF;有色ETF;证券ETF;军工ETF;创新药ETF;酒ETF;半导体ETF,沪深300;纳指;国债ETF,有色ETF;证券ETF;军工ETF;创新药ETF;酒ETF;半导体ETF
2021-09-24,2101941.2678917293,2101941.2678917297,-4.656612873077393e-10,1.0,False,normal,-0.02925255494084084,9,沪深300;纳指;国债ETF;证券ETF;有色ETF;创新药ETF;军工ETF;酒ETF;半导体ETF,沪深300;纳指;国债ETF,证券ETF;有色ETF;创新药ETF;军工ETF;酒ETF;半导体ETF
2021-09-27,2102675.37025734,2102675.3702573394,4.656612873077393e-10,1.0,False,normal,-0.028913521683007138,9,沪深300;纳指;国债ETF;证券ETF;酒ETF;军工ETF;有色ETF;创新药ETF;半导体ETF,沪深300;纳指;国债ETF,证券ETF;酒ETF;军工ETF;有色ETF;创新药ETF;半导体ETF
2021-09-28,2093107.655265687,2093107.6552656866,4.656612873077393e-10,0.6790407744460416,False,normal,-0.033332215499565124,7,纳指;证券ETF;军工ETF;酒ETF;创新药ETF;有色ETF;半导体ETF,纳指,证券ETF;军工ETF;酒ETF;创新药ETF;有色ETF;半导体ETF
2021-09-29,2058665.822249844,2058665.8222498447,-6.984919309616089e-10,1.0,False,normal,-0.04923861684103498,7,国债ETF;证券ETF;军工ETF;创新药ETF;酒ETF;有色ETF;半导体ETF,国债ETF,证券ETF;军工ETF;创新药ETF;酒ETF;有色ETF;半导体ETF
2021-09-30,2065126.7086680862,2065126.708668087,-6.984919309616089e-10,1.0,False,normal,-0.04625476135509324,7,国债ETF;证券ETF;军工ETF;酒ETF;创新药ETF;有色ETF;半导体ETF,国债ETF,证券ETF;军工ETF;酒ETF;创新药ETF;有色ETF;半导体ETF
2021-10-08,2062939.448573643,2062939.4485736436,-4.656612873077393e-10,1.0,False,normal,-0.04726491191486134,7,国债ETF;证券ETF;酒ETF;创新药ETF;军工ETF;有色ETF;半导体ETF,国债ETF,证券ETF;酒ETF;创新药ETF;军工ETF;有色ETF;半导体ETF
2021-10-11,2060816.9389498841,2060816.938949884,2.3283064365386963e-10,0.6816072654093441,False,normal,-0.04824515852110648,7,沪深300;酒ETF;证券ETF;军工ETF;创新药ETF;有色ETF;半导体ETF,沪深300,酒ETF;证券ETF;军工ETF;创新药ETF;有色ETF;半导体ETF
2021-10-12,2032305.4533075693,2032305.4533075688,4.656612873077393e-10,1.0,False,normal,-0.06141272521999854,8,黄金;国债ETF;酒ETF;证券ETF;军工ETF;创新药ETF;有色ETF;半导体ETF,黄金;国债ETF,酒ETF;证券ETF;军工ETF;创新药ETF;有色ETF;半导体ETF
2021-10-13,2041596.4284256995,2041596.428425699,4.656612873077393e-10,1.0,False,normal,-0.05712183922056266,8,黄金;国债ETF;酒ETF;证券ETF;军工ETF;有色ETF;创新药ETF;半导体ETF,黄金;国债ETF,酒ETF;证券ETF;军工ETF;有色ETF;创新药ETF;半导体ETF
2021-10-14,2054064.962052732,2054064.9620527315,4.656612873077393e-10,1.0,False,normal,-0.05136344941825563,8,黄金;国债ETF;酒ETF;军工ETF;证券ETF;有色ETF;创新药ETF;半导体ETF,黄金;国债ETF,酒ETF;军工ETF;证券ETF;有色ETF;创新药ETF;半导体ETF
2021-10-15,2056889.6385586285,2056889.6385586292,-6.984919309616089e-10,1.0,False,normal,-0.050058918438677893,8,黄金;国债ETF;酒ETF;军工ETF;证券ETF;半导体ETF;有色ETF;创新药ETF,黄金;国债ETF,酒ETF;军工ETF;证券ETF;半导体ETF;有色ETF;创新药ETF
2021-10-18,2039171.3611191069,611751.4083357322,1427419.9527833746,1.0,False,normal,-0.058241817179952776,6,军工ETF;酒ETF;证券ETF;有色ETF;半导体ETF;创新药ETF,,军工ETF;酒ETF;证券ETF;有色ETF;半导体ETF;创新药ETF
2021-10-19,2044067.4797838489,2044067.4797838493,-4.656612873077393e-10,0.6655174617039374,False,normal,-0.055980624273610564,7,纳指;军工ETF;酒ETF;半导体ETF;证券ETF;创新药ETF;有色ETF,纳指,军工ETF;酒ETF;半导体ETF;证券ETF;创新药ETF;有色ETF
2021-10-20,2046000.561800568,2099492.5549423653,-53491.99314179737,0.7214466716729557,False,normal,-0.055087861731914045,9,沪深300;创业板;纳指;军工ETF;酒ETF;证券ETF;有色ETF;半导体ETF;创新药ETF,沪深300;创业板;纳指,军工ETF;酒ETF;证券ETF;有色ETF;半导体ETF;创新药ETF
2021-10-21,2044560.2682188028,2118237.6123880013,-73677.34416919854,0.7441007773462351,False,normal,-0.055753037936402385,9,沪深300;创业板;纳指;酒ETF;军工ETF;证券ETF;有色ETF;创新药ETF;半导体ETF,沪深300;创业板;纳指,酒ETF;军工ETF;证券ETF;有色ETF;创新药ETF;半导体ETF
2021-10-22,2053440.727308082,2146466.3523280886,-93025.62502000667,0.762211670890394,False,normal,-0.051651742099284734,9,沪深300;创业板;纳指;军工ETF;酒ETF;证券ETF;半导体ETF;创新药ETF;有色ETF,沪深300;创业板;纳指,军工ETF;酒ETF;证券ETF;半导体ETF;创新药ETF;有色ETF
2021-10-25,2066550.320432657,2167711.231855352,-101160.91142269503,0.7805179315671976,False,normal,-0.045597289377011144,9,沪深300;创业板;纳指;军工ETF;酒ETF;证券ETF;半导体ETF;有色ETF;创新药ETF,沪深300;创业板;纳指,军工ETF;酒ETF;证券ETF;半导体ETF;有色ETF;创新药ETF
2021-10-26,2066354.0531213023,2187978.764418386,-121624.71129708365,0.8049424031438868,False,normal,-0.04568793224794028,9,沪深300;创业板;纳指;酒ETF;军工ETF;证券ETF;有色ETF;创新药ETF;半导体ETF,沪深300;创业板;纳指,酒ETF;军工ETF;证券ETF;有色ETF;创新药ETF;半导体ETF
2021-10-27,2045670.6768870056,2145911.7452015434,-100241.06831453787,0.7322371004505364,False,normal,-0.055240213722854974,7,沪深300;酒ETF;军工ETF;证券ETF;有色ETF;创新药ETF;半导体ETF,沪深300,酒ETF;军工ETF;证券ETF;有色ETF;创新药ETF;半导体ETF
2021-10-28,2031831.3324186252,713162.6423323273,1318668.690086298,1.0,False,normal,-0.06163169025418963,6,酒ETF;军工ETF;证券ETF;有色ETF;创新药ETF;半导体ETF,,酒ETF;军工ETF;证券ETF;有色ETF;创新药ETF;半导体ETF
2021-10-29,2042829.7352286833,2120253.6990575315,-77423.96382884821,0.8166406401469046,False,normal,-0.056552256498980956,9,沪深300;创业板;纳指;军工ETF;酒ETF;证券ETF;有色ETF;半导体ETF;创新药ETF,沪深300;创业板;纳指,军工ETF;酒ETF;证券ETF;有色ETF;半导体ETF;创新药ETF
2021-11-01,2044149.2556289989,2142863.501183194,-98714.24555419525,0.8418716616893188,False,normal,-0.05594285742733396,9,沪深300;创业板;纳指;军工ETF;酒ETF;证券ETF;有色ETF;半导体ETF;创新药ETF,沪深300;创业板;纳指,军工ETF;酒ETF;证券ETF;有色ETF;半导体ETF;创新药ETF
2021-11-02,2039268.3226602478,0.0,2039268.3226602478,0.0,True,normal,-0.05819703706655505,0,,沪深300;创业板;纳指;国债ETF,军工ETF;酒ETF;证券ETF;半导体ETF;有色ETF;创新药ETF
2021-11-03,2039268.3226602478,0.0,2039268.3226602478,0.0,True,normal,-0.05819703706655505,0,,沪深300;创业板;纳指,军工ETF;酒ETF;半导体ETF;有色ETF;证券ETF;创新药ETF
2021-11-04,2039268.3226602478,0.0,2039268.3226602478,0.0,True,normal,-0.05819703706655505,0,,创业板;纳指,军工ETF;酒ETF;半导体ETF;证券ETF;有色ETF;创新药ETF
2021-11-05,2039268.3226602478,0.0,2039268.3226602478,0.0,True,normal,-0.05819703706655505,0,,创业板;纳指,军工ETF;酒ETF;半导体ETF;证券ETF;有色ETF;创新药ETF
2021-11-08,2039268.3226602478,0.0,2039268.3226602478,0.0,True,normal,-0.05819703706655505,0,,沪深300;创业板;纳指;国债ETF,军工ETF;酒ETF;证券ETF;半导体ETF;有色ETF;创新药ETF
2021-11-09,2039268.3226602478,2214099.7730360557,-174831.45037580794,1.0,False,normal,-0.05819703706655505,9,创业板;纳指;国债ETF;军工ETF;半导体ETF;证券ETF;有色ETF;酒ETF;创新药ETF,创业板;纳指;国债ETF,军工ETF;半导体ETF;证券ETF;有色ETF;酒ETF;创新药ETF
2021-11-10,2034164.993639187,2232872.6399126984,-198707.64627351146,1.0,False,normal,-0.06055392671145937,9,创业板;纳指;国债ETF;军工ETF;半导体ETF;证券ETF;有色ETF;酒ETF;创新药ETF,创业板;纳指;国债ETF,军工ETF;半导体ETF;证券ETF;有色ETF;酒ETF;创新药ETF
2021-11-11,2042341.7691942882,2242050.7754348735,-199709.00624058535,1.0,False,normal,-0.05677761568879308,10,创业板;纳指;黄金;国债ETF;军工ETF;证券ETF;半导体ETF;有色ETF;酒ETF;创新药ETF,创业板;纳指;黄金;国债ETF,军工ETF;证券ETF;半导体ETF;有色ETF;酒ETF;创新药ETF
2021-11-12,2043961.9958188394,2268696.1759096733,-224734.18009083392,1.0,False,normal,-0.056029340330092166,10,创业板;纳指;黄金;国债ETF;军工ETF;证券ETF;半导体ETF;酒ETF;有色ETF;创新药ETF,创业板;纳指;黄金;国债ETF,军工ETF;证券ETF;半导体ETF;酒ETF;有色ETF;创新药ETF
2021-11-15,2040107.6160650882,2276572.4339903495,-236464.81792526133,1.0,False,normal,-0.05780942303525483,10,创业板;纳指;黄金;国债ETF;军工ETF;半导体ETF;证券ETF;酒ETF;创新药ETF;有色ETF,创业板;纳指;黄金;国债ETF,军工ETF;半导体ETF;证券ETF;酒ETF;创新药ETF;有色ETF
2021-11-16,2033550.6974381893,2283321.3232834693,-249770.62584528,1.0,False,normal,-0.06083762943747614,10,创业板;纳指;黄金;国债ETF;军工ETF;酒ETF;半导体ETF;证券ETF;创新药ETF;有色ETF,创业板;纳指;黄金;国债ETF,军工ETF;酒ETF;半导体ETF;证券ETF;创新药ETF;有色ETF
2021-11-17,2046756.5739380107,2301069.660533092,-254313.08659508126,1.0,False,normal,-0.054738709801711714,10,创业板;纳指;黄金;国债ETF;军工ETF;半导体ETF;酒ETF;证券ETF;创新药ETF;有色ETF,创业板;纳指;黄金;国债ETF,军工ETF;半导体ETF;酒ETF;证券ETF;创新药ETF;有色ETF
2021-11-18,2044861.7971295314,2326120.9330306943,-281259.13590116287,1.0,False,normal,-0.05561378170494979,10,创业板;纳指;黄金;国债ETF;军工ETF;酒ETF;半导体ETF;有色ETF;创新药ETF;证券ETF,创业板;纳指;黄金;国债ETF,军工ETF;酒ETF;半导体ETF;有色ETF;创新药ETF;证券ETF
2021-11-19,2059928.1274135062,2355538.8553148983,-295610.72790139215,1.0,False,normal,-0.048655641697424465,11,沪深300;创业板;纳指;黄金;国债ETF;军工ETF;酒ETF;半导体ETF;证券ETF;有色ETF;创新药ETF,沪深300;创业板;纳指;黄金;国债ETF,军工ETF;酒ETF;半导体ETF;证券ETF;有色ETF;创新药ETF
2021-11-22,2080141.4207113185,0.0,2080141.4207113185,0.0,True,normal,-0.03932046039392218,0,,沪深300;创业板;纳指;黄金;国债ETF,军工ETF;酒ETF;半导体ETF;有色ETF;证券ETF;创新药ETF
2021-11-23,2080141.4207113185,0.0,2080141.4207113185,0.0,True,normal,-0.03932046039392218,0,,沪深300;创业板;纳指;国债ETF,酒ETF;军工ETF;半导体ETF;证券ETF;创新药ETF;有色ETF
2021-11-24,2080141.4207113185,0.0,2080141.4207113185,0.0,True,normal,-0.03932046039392218,0,,沪深300;创业板;纳指;黄金;国债ETF,酒ETF;军工ETF;半导体ETF;有色ETF;证券ETF;创新药ETF
2021-11-25,2080141.4207113185,0.0,2080141.4207113185,0.0,True,normal,-0.03932046039392218,0,,沪深300;创业板;纳指;黄金;国债ETF,酒ETF;军工ETF;半导体ETF;有色ETF;证券ETF;创新药ETF
2021-11-26,2080141.4207113185,0.0,2080141.4207113185,0.0,True,normal,-0.03932046039392218,0,,创业板;纳指;黄金;国债ETF,酒ETF;军工ETF;半导体ETF;有色ETF;创新药ETF;证券ETF
2021-11-29,2080141.4207113185,0.0,2080141.4207113185,0.0,True,normal,-0.03932046039392218,0,,创业板;纳指;黄金;国债ETF,酒ETF;军工ETF;创新药ETF;有色ETF;半导体ETF;证券ETF
2021-11-30,2080141.4207113185,0.0,2080141.4207113185,0.0,True,normal,-0.03932046039392218,0,,创业板;纳指;黄金;国债ETF,军工ETF;酒ETF;创新药ETF;半导体ETF;有色ETF;证券ETF
2021-12-01,2080141.4207113185,2503799.0350982067,-423657.6143868882,1.0,False,normal,-0.03932046039392218,10,创业板;纳指;黄金;国债ETF;军工ETF;半导体ETF;酒ETF;创新药ETF;有色ETF;证券ETF,创业板;纳指;黄金;国债ETF,军工ETF;半导体ETF;酒ETF;创新药ETF;有色ETF;证券ETF
2021-12-02,2068134.2946915752,2518852.5329823694,-450718.2382907942,1.0,False,normal,-0.04486575658474302,9,创业板;纳指;国债ETF;军工ETF;半导体ETF;有色ETF;酒ETF;创新药ETF;证券ETF,创业板;纳指;国债ETF,军工ETF;半导体ETF;有色ETF;酒ETF;创新药ETF;证券ETF
2021-12-03,2086494.4068953027,2461151.9404688133,-374657.5335735106,1.0,False,normal,-0.0363864368791812,9,创业板;纳指;国债ETF;半导体ETF;军工ETF;酒ETF;创新药ETF;有色ETF;证券ETF,创业板;纳指;国债ETF,半导体ETF;军工ETF;酒ETF;创新药ETF;有色ETF;证券ETF
2021-12-06,2061325.4956283527,2410767.4577802913,-349441.9621519386,1.0,False,normal,-0.048010289876662234,11,沪深300;创业板;纳指;黄金;国债ETF;酒ETF;军工ETF;半导体ETF;证券ETF;创新药ETF;有色ETF,沪深300;创业板;纳指;黄金;国债ETF,酒ETF;军工ETF;半导体ETF;证券ETF;创新药ETF;有色ETF
2021-12-07,2053178.6934121167,2368055.4289473714,-314876.7355352547,1.0,False,normal,-0.051772758199454955,9,创业板;纳指;国债ETF;酒ETF;军工ETF;证券ETF;半导体ETF;有色ETF;创新药ETF,创业板;纳指;国债ETF,酒ETF;军工ETF;证券ETF;半导体ETF;有色ETF;创新药ETF
2021-12-08,2092207.9508433803,2304031.776023279,-211823.82517989865,1.0,False,normal,-0.03374772937837997,10,沪深300;创业板;纳指;国债ETF;酒ETF;军工ETF;半导体ETF;有色ETF;创新药ETF;证券ETF,沪深300;创业板;纳指;国债ETF,酒ETF;军工ETF;半导体ETF;有色ETF;创新药ETF;证券ETF
2021-12-09,2107942.746016473,2336970.428394722,-229027.68237824878,1.0,False,normal,-0.02648086971577414,10,沪深300;创业板;纳指;国债ETF;酒ETF;半导体ETF;军工ETF;创新药ETF;证券ETF;有色ETF,沪深300;创业板;纳指;国债ETF,酒ETF;半导体ETF;军工ETF;创新药ETF;证券ETF;有色ETF
2021-12-10,2101623.4072442846,2342032.5034881793,-240409.09624389466,1.0,False,normal,-0.029399353719714996,10,沪深300;创业板;纳指;国债ETF;酒ETF;半导体ETF;军工ETF;有色ETF;证券ETF;创新药ETF,沪深300;创业板;纳指;国债ETF,酒ETF;半导体ETF;军工ETF;有色ETF;证券ETF;创新药ETF
2021-12-13,2109917.4212661115,2378303.201934405,-268385.7806682936,1.0,False,normal,-0.025568898014808956,10,沪深300;创业板;纳指;国债ETF;酒ETF;军工ETF;半导体ETF;有色ETF;证券ETF;创新药ETF,沪深300;创业板;纳指;国债ETF,酒ETF;军工ETF;半导体ETF;有色ETF;证券ETF;创新药ETF
2021-12-14,2097410.6183862444,2375820.56739277,-278409.9490065258,1.0,False,normal,-0.031344961850154396,11,沪深300;创业板;纳指;黄金;国债ETF;酒ETF;军工ETF;半导体ETF;证券ETF;创新药ETF;有色ETF,沪深300;创业板;纳指;黄金;国债ETF,酒ETF;军工ETF;半导体ETF;证券ETF;创新药ETF;有色ETF
2021-12-15,2075272.3942111125,2311386.9265488284,-236114.53233771585,1.0,False,normal,-0.04156914122397273,10,沪深300;创业板;纳指;国债ETF;酒ETF;证券ETF;半导体ETF;军工ETF;创新药ETF;有色ETF,沪深300;创业板;纳指;国债ETF,酒ETF;证券ETF;半导体ETF;军工ETF;创新药ETF;有色ETF
2021-12-16,2090185.7468433166,2354736.653634371,-264550.9067910542,1.0,False,normal,-0.03468165146099802,10,沪深300;创业板;纳指;国债ETF;酒ETF;证券ETF;半导体ETF;军工ETF;创新药ETF;有色ETF,沪深300;创业板;纳指;国债ETF,酒ETF;证券ETF;半导体ETF;军工ETF;创新药ETF;有色ETF
2021-12-17,2053967.404605145,2245357.959570254,-191390.5549651091,1.0,False,normal,-0.05140850474136961,10,创业板;纳指;黄金;国债ETF;酒ETF;证券ETF;军工ETF;半导体ETF;创新药ETF;有色ETF,创业板;纳指;黄金;国债ETF,酒ETF;证券ETF;军工ETF;半导体ETF;创新药ETF;有色ETF
2021-12-20,2022395.3198091453,2163102.878050199,-140707.55824105348,1.0,False,normal,-0.0659895594640112,10,创业板;纳指;黄金;国债ETF;酒ETF;证券ETF;军工ETF;半导体ETF;创新药ETF;有色ETF,创业板;纳指;黄金;国债ETF,酒ETF;证券ETF;军工ETF;半导体ETF;创新药ETF;有色ETF
2021-12-21,2031068.1548344144,2185094.252930955,-154026.09809654066,1.0,False,normal,-0.06198415142963542,11,沪深300;创业板;纳指;黄金;国债ETF;酒ETF;证券ETF;军工ETF;半导体ETF;创新药ETF;有色ETF,沪深300;创业板;纳指;黄金;国债ETF,酒ETF;证券ETF;军工ETF;半导体ETF;创新药ETF;有色ETF
2021-12-22,2033137.2516395575,2211192.9243655354,-178055.67272597784,1.0,False,normal,-0.06102857266639651,10,沪深300;创业板;纳指;国债ETF;酒ETF;证券ETF;军工ETF;半导体ETF;创新药ETF;有色ETF,沪深300;创业板;纳指;国债ETF,酒ETF;证券ETF;军工ETF;半导体ETF;创新药ETF;有色ETF
2021-12-23,2044701.1205942654,2242899.6632031384,-198198.542608873,1.0,False,normal,-0.05568798755383483,11,沪深300;创业板;纳指;黄金;国债ETF;酒ETF;证券ETF;军工ETF;半导体ETF;有色ETF;创新药ETF,沪深300;创业板;纳指;黄金;国债ETF,酒ETF;证券ETF;军工ETF;半导体ETF;有色ETF;创新药ETF
2021-12-24,2032732.6877369708,2240816.2996854675,-208083.61194849666,1.0,False,normal,-0.06121541393584507,10,沪深300;纳指;黄金;国债ETF;酒ETF;证券ETF;军工ETF;半导体ETF;有色ETF;创新药ETF,沪深300;纳指;黄金;国债ETF,酒ETF;证券ETF;军工ETF;半导体ETF;有色ETF;创新药ETF
2021-12-27,2033357.750140197,2267157.2889856007,-233799.5388454036,1.0,False,normal,-0.060926739014141355,10,沪深300;纳指;黄金;国债ETF;酒ETF;证券ETF;军工ETF;半导体ETF;创新药ETF;有色ETF,沪深300;纳指;黄金;国债ETF,酒ETF;证券ETF;军工ETF;半导体ETF;创新药ETF;有色ETF
2021-12-28,2051805.5456952392,2263228.865755433,-211423.320060194,1.0,False,normal,-0.052406924176501814,11,沪深300;创业板;纳指;黄金;国债ETF;酒ETF;军工ETF;证券ETF;半导体ETF;有色ETF;创新药ETF,沪深300;创业板;纳指;黄金;国债ETF,酒ETF;军工ETF;证券ETF;半导体ETF;有色ETF;创新药ETF
2021-12-29,2034549.4517805204,2244821.791596071,-210272.33981555048,1.0,False,normal,-0.06037637096138556,10,沪深300;纳指;黄金;国债ETF;酒ETF;军工ETF;证券ETF;半导体ETF;创新药ETF;有色ETF,沪深300;纳指;黄金;国债ETF,酒ETF;军工ETF;证券ETF;半导体ETF;创新药ETF;有色ETF
2021-12-30,2044475.0733026932,2234356.311103921,-189881.23780122772,1.0,False,normal,-0.055792383825085716,8,沪深300;国债ETF;军工ETF;证券ETF;酒ETF;半导体ETF;创新药ETF;有色ETF,沪深300;国债ETF,军工ETF;证券ETF;酒ETF;半导体ETF;创新药ETF;有色ETF
2021-12-31,2012004.1914517796,1907877.7893630534,104126.40208872617,1.0,False,normal,-0.07078853337364478,9,沪深300;纳指;国债ETF;军工ETF;证券ETF;半导体ETF;创新药ETF;有色ETF;酒ETF,沪深300;纳指;国债ETF,军工ETF;证券ETF;半导体ETF;创新药ETF;有色ETF;酒ETF
2022-01-04,2005732.3617670243,1906611.0548873649,99121.30687965942,1.0,False,normal,-0.07368507607696641,9,沪深300;纳指;国债ETF;军工ETF;证券ETF;半导体ETF;有色ETF;创新药ETF;酒ETF,沪深300;纳指;国债ETF,军工ETF;证券ETF;半导体ETF;有色ETF;创新药ETF;酒ETF
2022-01-05,1978666.7713698968,1867140.9076588724,111525.8637110244,1.0,False,warning,-0.08618487953407354,8,沪深300;国债ETF;军工ETF;证券ETF;半导体ETF;有色ETF;创新药ETF;酒ETF,沪深300;国债ETF,军工ETF;证券ETF;半导体ETF;有色ETF;创新药ETF;酒ETF
2022-01-06,1967253.552348551,1871308.6264135493,95944.92593500181,1.0,False,warning,-0.09145588942103612,7,国债ETF;军工ETF;证券ETF;半导体ETF;有色ETF;创新药ETF;酒ETF,国债ETF,军工ETF;证券ETF;半导体ETF;有色ETF;创新药ETF;酒ETF
2022-01-07,1961745.1197337676,1879062.4004886753,82682.71924509224,1.0,False,warning,-0.09399986958297711,7,国债ETF;军工ETF;证券ETF;半导体ETF;创新药ETF;有色ETF;酒ETF,国债ETF,军工ETF;证券ETF;半导体ETF;创新药ETF;有色ETF;酒ETF
2022-01-10,1963251.4553371496,1894159.142929484,69092.31240766565,1.0,False,warning,-0.09330419294313864,7,国债ETF;军工ETF;证券ETF;创新药ETF;半导体ETF;有色ETF;酒ETF,国债ETF,军工ETF;证券ETF;创新药ETF;半导体ETF;有色ETF;酒ETF
2022-01-11,1959600.8828389982,1904705.4974822716,54895.38535672659,1.0,False,warning,-0.09499015057654964,7,国债ETF;证券ETF;军工ETF;创新药ETF;半导体ETF;有色ETF;酒ETF,国债ETF,证券ETF;军工ETF;创新药ETF;半导体ETF;有色ETF;酒ETF
2022-01-12,1969095.926956536,1892319.2888011325,76776.63815540355,1.0,False,warning,-0.09060501862323447,7,国债ETF;证券ETF;军工ETF;创新药ETF;有色ETF;半导体ETF;酒ETF,国债ETF,证券ETF;军工ETF;创新药ETF;有色ETF;半导体ETF;酒ETF
2022-01-13,1958681.7868451502,1880475.4721176405,78206.31472750963,1.0,False,warning,-0.09541462013781717,7,国债ETF;证券ETF;军工ETF;创新药ETF;半导体ETF;有色ETF;酒ETF,国债ETF,证券ETF;军工ETF;创新药ETF;半导体ETF;有色ETF;酒ETF
2022-01-14,1961131.140475899,1897800.8024104612,63330.33806543774,1.0,False,warning,-0.09428342593395597,7,国债ETF;军工ETF;证券ETF;创新药ETF;半导体ETF;有色ETF;酒ETF,国债ETF,军工ETF;证券ETF;创新药ETF;半导体ETF;有色ETF;酒ETF
2022-01-17,1965347.198994855,1903475.3553980552,61871.843596799765,1.0,False,warning,-0.09233630776371259,7,国债ETF;军工ETF;证券ETF;半导体ETF;创新药ETF;有色ETF;酒ETF,国债ETF,军工ETF;证券ETF;半导体ETF;创新药ETF;有色ETF;酒ETF
2022-01-18,1971982.0541658823,1919544.081135616,52437.97303026635,1.0,False,warning,-0.0892721076340522,7,国债ETF;军工ETF;证券ETF;半导体ETF;创新药ETF;有色ETF;酒ETF,国债ETF,军工ETF;证券ETF;半导体ETF;创新药ETF;有色ETF;酒ETF
2022-01-19,1962295.8775855976,1912331.1601628424,49964.7174227552,1.0,False,warning,-0.0937455110118423,8,黄金;国债ETF;证券ETF;军工ETF;半导体ETF;创新药ETF;有色ETF;酒ETF,黄金;国债ETF,证券ETF;军工ETF;半导体ETF;创新药ETF;有色ETF;酒ETF
2022-01-20,1969084.0432531044,1969084.043253105,-4.656612873077393e-10,1.0,False,warning,-0.09061050691870699,8,黄金;国债ETF;证券ETF;军工ETF;半导体ETF;有色ETF;创新药ETF;酒ETF,黄金;国债ETF,证券ETF;军工ETF;半导体ETF;有色ETF;创新药ETF;酒ETF
2022-01-21,1965007.112276822,1965007.1122768226,-4.656612873077393e-10,1.0,False,warning,-0.09249337129240008,8,黄金;国债ETF;证券ETF;有色ETF;半导体ETF;军工ETF;创新药ETF;酒ETF,黄金;国债ETF,证券ETF;有色ETF;半导体ETF;军工ETF;创新药ETF;酒ETF
2022-01-24,1967619.0763240082,1967619.076324008,2.3283064365386963e-10,1.0,False,warning,-0.09128707810803557,8,黄金;国债ETF;证券ETF;有色ETF;半导体ETF;军工ETF;创新药ETF;酒ETF,黄金;国债ETF,证券ETF;有色ETF;半导体ETF;军工ETF;创新药ETF;酒ETF
2022-01-25,1955746.4769872345,1955746.4769872352,-6.984919309616089e-10,1.0,False,warning,-0.0967702453346556,8,黄金;国债ETF;证券ETF;有色ETF;军工ETF;半导体ETF;创新药ETF;酒ETF,黄金;国债ETF,证券ETF;有色ETF;军工ETF;半导体ETF;创新药ETF;酒ETF
2022-01-26,1954911.8342562993,1954911.8342562993,0.0,1.0,False,warning,-0.09715571152772638,8,黄金;国债ETF;证券ETF;有色ETF;半导体ETF;军工ETF;创新药ETF;酒ETF,黄金;国债ETF,证券ETF;有色ETF;半导体ETF;军工ETF;创新药ETF;酒ETF
2022-01-27,1928905.5903903581,1928905.5903903581,0.0,1.0,False,warning,-0.10916627299016407,8,黄金;国债ETF;证券ETF;有色ETF;半导体ETF;军工ETF;创新药ETF;酒ETF,黄金;国债ETF,证券ETF;有色ETF;半导体ETF;军工ETF;创新药ETF;酒ETF
2022-01-28,1920852.4636620053,1920852.463662005,2.3283064365386963e-10,1.0,False,warning,-0.11288547880990006,8,黄金;国债ETF;证券ETF;有色ETF;半导体ETF;军工ETF;创新药ETF;酒ETF,黄金;国债ETF,证券ETF;有色ETF;半导体ETF;军工ETF;创新药ETF;酒ETF
2022-02-07,1930510.5466387956,1930510.5466387963,-6.984919309616089e-10,1.0,False,warning,-0.10842505000672403,8,黄金;国债ETF;证券ETF;有色ETF;半导体ETF;创新药ETF;军工ETF;酒ETF,黄金;国债ETF,证券ETF;有色ETF;半导体ETF;创新药ETF;军工ETF;酒ETF
2022-02-08,1929055.7671906294,1929055.7671906292,2.3283064365386963e-10,1.0,False,warning,-0.10909691627340067,8,黄金;国债ETF;证券ETF;有色ETF;半导体ETF;创新药ETF;军工ETF;酒ETF,黄金;国债ETF,证券ETF;有色ETF;半导体ETF;创新药ETF;军工ETF;酒ETF
2022-02-09,1945050.1535297658,1891907.4435459212,53142.70998384454,1.0,False,warning,-0.10171016864577592,8,黄金;国债ETF;证券ETF;有色ETF;军工ETF;半导体ETF;创新药ETF;酒ETF,黄金;国债ETF,证券ETF;有色ETF;军工ETF;半导体ETF;创新药ETF;酒ETF
2022-02-10,1944378.01427087,1944378.0142708695,4.656612873077393e-10,1.0,False,warning,-0.10202058524887704,8,黄金;国债ETF;有色ETF;证券ETF;军工ETF;半导体ETF;酒ETF;创新药ETF,黄金;国债ETF,有色ETF;证券ETF;军工ETF;半导体ETF;酒ETF;创新药ETF
2022-02-11,1931226.970166424,1931226.970166424,0.0,1.0,False,warning,-0.10809418143315865,8,黄金;国债ETF;有色ETF;证券ETF;半导体ETF;军工ETF;酒ETF;创新药ETF,黄金;国债ETF,有色ETF;证券ETF;半导体ETF;军工ETF;酒ETF;创新药ETF
2022-02-14,1940847.8806996723,1940847.880699672,2.3283064365386963e-10,1.0,False,warning,-0.10365092011945835,8,黄金;国债ETF;有色ETF;证券ETF;军工ETF;半导体ETF;酒ETF;创新药ETF,黄金;国债ETF,有色ETF;证券ETF;军工ETF;半导体ETF;酒ETF;创新药ETF
2022-02-15,1959794.0020957093,1911582.0788992194,48211.92319648992,1.0,False,warning,-0.0949009615835422,8,黄金;国债ETF;有色ETF;证券ETF;半导体ETF;军工ETF;酒ETF;创新药ETF,黄金;国债ETF,有色ETF;证券ETF;半导体ETF;军工ETF;酒ETF;创新药ETF
2022-02-16,1950421.0596493937,1950421.0596493941,-4.656612873077393e-10,1.0,False,warning,-0.09922970286258548,8,黄金;国债ETF;有色ETF;证券ETF;半导体ETF;酒ETF;军工ETF;创新药ETF,黄金;国债ETF,有色ETF;证券ETF;半导体ETF;酒ETF;军工ETF;创新药ETF
2022-02-17,1960828.6521333249,1960828.6521333253,-4.656612873077393e-10,1.0,False,warning,-0.09442312526342796,8,黄金;国债ETF;有色ETF;证券ETF;半导体ETF;酒ETF;军工ETF;创新药ETF,黄金;国债ETF,有色ETF;证券ETF;半导体ETF;酒ETF;军工ETF;创新药ETF
2022-02-18,1966399.840679767,1966399.8406797678,-6.984919309616089e-10,1.0,False,warning,-0.09185016229342732,8,黄金;国债ETF;有色ETF;证券ETF;半导体ETF;酒ETF;军工ETF;创新药ETF,黄金;国债ETF,有色ETF;证券ETF;半导体ETF;酒ETF;军工ETF;创新药ETF
2022-02-21,1963401.7101880922,1963401.7101880917,4.656612873077393e-10,1.0,False,warning,-0.09323480017993999,8,黄金;国债ETF;有色ETF;证券ETF;酒ETF;军工ETF;半导体ETF;创新药ETF,黄金;国债ETF,有色ETF;证券ETF;酒ETF;军工ETF;半导体ETF;创新药ETF
2022-02-22,1966838.6311865326,1966838.6311865323,2.3283064365386963e-10,1.0,False,warning,-0.09164751402258099,8,黄金;国债ETF;有色ETF;证券ETF;军工ETF;半导体ETF;酒ETF;创新药ETF,黄金;国债ETF,有色ETF;证券ETF;军工ETF;半导体ETF;酒ETF;创新药ETF
2022-02-23,1977221.3899945768,1977221.389994576,6.984919309616089e-10,1.0,False,warning,-0.08685240545340397,8,黄金;国债ETF;有色ETF;军工ETF;半导体ETF;证券ETF;创新药ETF;酒ETF,黄金;国债ETF,有色ETF;军工ETF;半导体ETF;证券ETF;创新药ETF;酒ETF
2022-02-24,1982599.7912507097,1982599.7912507092,4.656612873077393e-10,1.0,False,warning,-0.0843684781631183,8,黄金;国债ETF;有色ETF;军工ETF;半导体ETF;证券ETF;创新药ETF;酒ETF,黄金;国债ETF,有色ETF;军工ETF;半导体ETF;证券ETF;创新药ETF;酒ETF
2022-02-25,1980579.6082406822,1980579.608240682,2.3283064365386963e-10,1.0,False,warning,-0.08530146688430322,8,黄金;国债ETF;有色ETF;军工ETF;半导体ETF;创新药ETF;证券ETF;酒ETF,黄金;国债ETF,有色ETF;军工ETF;半导体ETF;创新药ETF;证券ETF;酒ETF
2022-02-28,1981411.4844964952,1981411.4844964952,0.0,1.0,False,warning,-0.08491727834284797,8,黄金;国债ETF;有色ETF;军工ETF;半导体ETF;证券ETF;创新药ETF;酒ETF,黄金;国债ETF,有色ETF;军工ETF;半导体ETF;证券ETF;创新药ETF;酒ETF
2022-03-01,1984234.297016442,1984234.2970164414,6.984919309616089e-10,1.0,False,warning,-0.0836136082149153,8,黄金;国债ETF;有色ETF;军工ETF;半导体ETF;创新药ETF;证券ETF;酒ETF,黄金;国债ETF,有色ETF;军工ETF;半导体ETF;创新药ETF;证券ETF;酒ETF
2022-03-02,1989132.5558495426,1989132.5558495426,0.0,1.0,False,warning,-0.0813514269065669,8,黄金;国债ETF;有色ETF;军工ETF;半导体ETF;创新药ETF;证券ETF;酒ETF,黄金;国债ETF,有色ETF;军工ETF;半导体ETF;创新药ETF;证券ETF;酒ETF
2022-03-03,1979596.962365257,1979596.9623652569,2.3283064365386963e-10,1.0,False,warning,-0.0857552859265087,8,黄金;国债ETF;有色ETF;军工ETF;创新药ETF;半导体ETF;证券ETF;酒ETF,黄金;国债ETF,有色ETF;军工ETF;创新药ETF;半导体ETF;证券ETF;酒ETF
2022-03-04,1977028.947768125,1977028.9477681257,-6.984919309616089e-10,1.0,False,warning,-0.08694128177097919,8,黄金;国债ETF;有色ETF;军工ETF;半导体ETF;创新药ETF;证券ETF;酒ETF,黄金;国债ETF,有色ETF;军工ETF;半导体ETF;创新药ETF;证券ETF;酒ETF
2022-03-07,1977877.0025716214,1977877.0025716212,2.3283064365386963e-10,1.0,False,warning,-0.08654962142996973,8,黄金;国债ETF;有色ETF;军工ETF;半导体ETF;创新药ETF;证券ETF;酒ETF,黄金;国债ETF,有色ETF;军工ETF;半导体ETF;创新药ETF;证券ETF;酒ETF
2022-03-08,1979839.5368688693,1923951.8598286454,55887.67704022396,1.0,False,warning,-0.0856432568307318,8,黄金;国债ETF;有色ETF;半导体ETF;军工ETF;创新药ETF;证券ETF;酒ETF,黄金;国债ETF,有色ETF;半导体ETF;军工ETF;创新药ETF;证券ETF;酒ETF
2022-03-09,1977404.133627779,1926159.5401592415,51244.593468537554,1.0,False,warning,-0.08676800827364363,8,黄金;国债ETF;半导体ETF;有色ETF;军工ETF;创新药ETF;证券ETF;酒ETF,黄金;国债ETF,半导体ETF;有色ETF;军工ETF;创新药ETF;证券ETF;酒ETF
2022-03-10,1967281.8673068027,1879955.392929764,87326.47437703866,1.0,False,warning,-0.09144281261732161,8,黄金;国债ETF;有色ETF;半导体ETF;创新药ETF;军工ETF;证券ETF;酒ETF,黄金;国债ETF,有色ETF;半导体ETF;创新药ETF;军工ETF;证券ETF;酒ETF
2022-03-11,1973157.8359515325,1893373.9406828762,79783.89526865631,1.0,False,warning,-0.08872909190768424,8,黄金;国债ETF;半导体ETF;创新药ETF;有色ETF;军工ETF;证券ETF;酒ETF,黄金;国债ETF,半导体ETF;创新药ETF;有色ETF;军工ETF;证券ETF;酒ETF
2022-03-14,1958666.8733084088,1860892.7122292991,97774.16107910965,1.0,False,warning,-0.09542150771260799,8,黄金;国债ETF;创新药ETF;半导体ETF;军工ETF;有色ETF;证券ETF;酒ETF,黄金;国债ETF,创新药ETF;半导体ETF;军工ETF;有色ETF;证券ETF;酒ETF
2022-03-15,1921542.9661716884,1770855.9921459144,150686.97402577405,1.0,False,warning,-0.11256658143758948,8,黄金;国债ETF;创新药ETF;半导体ETF;军工ETF;有色ETF;证券ETF;酒ETF,黄金;国债ETF,创新药ETF;半导体ETF;军工ETF;有色ETF;证券ETF;酒ETF
2022-03-16,1933163.1305751067,1715604.1744283861,217558.95614672056,1.0,False,warning,-0.10719999718611802,8,黄金;国债ETF;半导体ETF;创新药ETF;军工ETF;证券ETF;有色ETF;酒ETF,黄金;国债ETF,半导体ETF;创新药ETF;军工ETF;证券ETF;有色ETF;酒ETF
2022-03-17,1947984.0888869134,1729653.661494774,218330.42739213933,1.0,False,warning,-0.10035517823979924,8,黄金;国债ETF;创新药ETF;半导体ETF;军工ETF;有色ETF;证券ETF;酒ETF,黄金;国债ETF,创新药ETF;半导体ETF;军工ETF;有色ETF;证券ETF;酒ETF
2022-03-18,1951116.0355292934,1743086.7794782147,208029.25605107867,1.0,False,warning,-0.09890873953687512,8,黄金;国债ETF;创新药ETF;半导体ETF;有色ETF;军工ETF;证券ETF;酒ETF,黄金;国债ETF,创新药ETF;半导体ETF;有色ETF;军工ETF;证券ETF;酒ETF
2022-03-21,1951829.2194797602,1752939.3576901609,198889.8617895993,0.5025699107826981,False,warning,-0.09857936710942036,7,黄金;创新药ETF;半导体ETF;军工ETF;有色ETF;证券ETF;酒ETF,黄金,创新药ETF;半导体ETF;军工ETF;有色ETF;证券ETF;酒ETF
2022-03-22,1956945.4684072717,1767486.1741092724,189459.29429799924,0.514902673881643,False,warning,-0.09621651061550414,7,黄金;创新药ETF;有色ETF;半导体ETF;军工ETF;证券ETF;酒ETF,黄金,创新药ETF;有色ETF;半导体ETF;军工ETF;证券ETF;酒ETF
2022-03-23,1949384.3989694682,1769163.753901576,180220.64506789227,0.5227475396494716,False,warning,-0.09970846776520348,7,黄金;创新药ETF;有色ETF;半导体ETF;军工ETF;证券ETF;酒ETF,黄金,创新药ETF;有色ETF;半导体ETF;军工ETF;证券ETF;酒ETF
2022-03-24,1963520.0437593579,1794359.840520546,169160.2032388118,0.5254893910233962,False,warning,-0.09318014974144981,7,黄金;创新药ETF;有色ETF;军工ETF;半导体ETF;证券ETF;酒ETF,黄金,创新药ETF;有色ETF;军工ETF;半导体ETF;证券ETF;酒ETF
2022-03-25,1965852.1771802648,1799737.0464726035,166115.1307076614,0.6289615815808092,False,warning,-0.09210309178818299,8,纳指;黄金;创新药ETF;有色ETF;证券ETF;军工ETF;半导体ETF;酒ETF,纳指;黄金,创新药ETF;有色ETF;证券ETF;军工ETF;半导体ETF;酒ETF
2022-03-28,1949956.0653057762,1792346.44622755,157609.61907822615,0.6327539551442883,False,warning,-0.0994444529500065,8,纳指;黄金;创新药ETF;有色ETF;证券ETF;半导体ETF;军工ETF;酒ETF,纳指;黄金,创新药ETF;有色ETF;证券ETF;半导体ETF;军工ETF;酒ETF
2022-03-29,1958462.1581018958,1813631.5309994235,144830.62710247235,0.6461691062351826,False,warning,-0.09551605210674632,8,纳指;黄金;创新药ETF;有色ETF;证券ETF;军工ETF;半导体ETF;酒ETF,纳指;黄金,创新药ETF;有色ETF;证券ETF;军工ETF;半导体ETF;酒ETF
2022-03-30,1975999.0368903282,1810213.5462678978,165785.49062243034,0.6647542665139811,False,warning,-0.08741692938708157,8,纳指;黄金;创新药ETF;有色ETF;证券ETF;半导体ETF;军工ETF;酒ETF,纳指;黄金,创新药ETF;有色ETF;证券ETF;半导体ETF;军工ETF;酒ETF
2022-03-31,1963830.1189576536,1805386.4407536094,158443.67820404423,0.676348380350025,False,warning,-0.09303694654585161,8,纳指;黄金;创新药ETF;证券ETF;有色ETF;军工ETF;半导体ETF;酒ETF,纳指;黄金,创新药ETF;证券ETF;有色ETF;军工ETF;半导体ETF;酒ETF
2022-04-01,1962491.8813274743,1815364.0078511047,147127.87347636954,0.6933240092463611,False,warning,-0.09365498986619693,8,纳指;黄金;创新药ETF;有色ETF;证券ETF;酒ETF;半导体ETF;军工ETF,纳指;黄金,创新药ETF;有色ETF;证券ETF;酒ETF;半导体ETF;军工ETF
2022-04-06,1950425.4235826514,1814188.3323801826,136237.09120246884,0.7034907156080277,False,warning,-0.09922768745086818,8,纳指;黄金;创新药ETF;有色ETF;证券ETF;酒ETF;军工ETF;半导体ETF,纳指;黄金,创新药ETF;有色ETF;证券ETF;酒ETF;军工ETF;半导体ETF
2022-04-07,1930341.5472288132,1800283.041820604,130058.50540820928,0.6357455940968664,False,warning,-0.1085030996401572,7,黄金;创新药ETF;有色ETF;证券ETF;军工ETF;酒ETF;半导体ETF,黄金,创新药ETF;有色ETF;证券ETF;军工ETF;酒ETF;半导体ETF
2022-04-08,1932959.1120408229,1816611.6831149322,116347.42892589071,0.6548128637353383,False,warning,-0.10729421983349932,7,黄金;有色ETF;创新药ETF;证券ETF;军工ETF;酒ETF;半导体ETF,黄金,有色ETF;创新药ETF;证券ETF;军工ETF;酒ETF;半导体ETF
2022-04-11,1925496.202125798,1753568.4384486966,171927.76367710135,1.0,False,warning,-0.11074084360143337,8,黄金;国债ETF;创新药ETF;有色ETF;证券ETF;军工ETF;酒ETF;半导体ETF,黄金;国债ETF,创新药ETF;有色ETF;证券ETF;军工ETF;酒ETF;半导体ETF
2022-04-12,1940708.6392478559,1743791.6347814202,196917.00446643564,1.0,False,warning,-0.10371522652309668,8,黄金;国债ETF;有色ETF;创新药ETF;证券ETF;酒ETF;军工ETF;半导体ETF,黄金;国债ETF,有色ETF;创新药ETF;证券ETF;酒ETF;军工ETF;半导体ETF
2022-04-13,1939345.8899638283,1752159.7341031055,187186.15586072276,1.0,False,warning,-0.10434459015277263,8,黄金;国债ETF;有色ETF;证券ETF;酒ETF;创新药ETF;军工ETF;半导体ETF,黄金;国债ETF,有色ETF;证券ETF;酒ETF;创新药ETF;军工ETF;半导体ETF
2022-04-14,1946694.1912342967,1760543.3334902555,186150.85774404113,1.0,False,warning,-0.10095089652641027,8,黄金;国债ETF;有色ETF;酒ETF;证券ETF;创新药ETF;军工ETF;半导体ETF,黄金;国债ETF,有色ETF;酒ETF;证券ETF;创新药ETF;军工ETF;半导体ETF
2022-04-15,1947568.2302177344,1773796.9991501786,173771.23106755572,1.0,False,warning,-0.10054723581380375,8,黄金;国债ETF;有色ETF;酒ETF;证券ETF;创新药ETF;军工ETF;半导体ETF,黄金;国债ETF,有色ETF;酒ETF;证券ETF;创新药ETF;军工ETF;半导体ETF
2022-04-18,1952840.1936000916,1789054.5668647296,163785.626735362,1.0,False,warning,-0.09811246512727456,8,黄金;国债ETF;酒ETF;有色ETF;证券ETF;创新药ETF;军工ETF;半导体ETF,黄金;国债ETF,酒ETF;有色ETF;证券ETF;创新药ETF;军工ETF;半导体ETF
2022-04-19,1943267.4570156354,1790700.0361083574,152567.42090727808,1.0,False,warning,-0.10253347808493245,8,黄金;国债ETF;酒ETF;有色ETF;证券ETF;创新药ETF;军工ETF;半导体ETF,黄金;国债ETF,酒ETF;有色ETF;证券ETF;创新药ETF;军工ETF;半导体ETF
2022-04-20,1928301.8178639447,1783671.8716744294,144629.9461895153,1.0,False,warning,-0.10944511552794851,9,纳指;黄金;国债ETF;酒ETF;有色ETF;证券ETF;创新药ETF;军工ETF;半导体ETF,纳指;黄金;国债ETF,酒ETF;有色ETF;证券ETF;创新药ETF;军工ETF;半导体ETF
2022-04-21,1926011.0639223126,1778985.2311580367,147025.83276427584,1.0,False,warning,-0.11050306304059666,9,纳指;黄金;国债ETF;酒ETF;证券ETF;有色ETF;创新药ETF;军工ETF;半导体ETF,纳指;黄金;国债ETF,酒ETF;证券ETF;有色ETF;创新药ETF;军工ETF;半导体ETF
2022-04-22,1915650.132012635,0.0,1915650.132012635,0.0,True,warning,-0.11528809121116945,0,,纳指;黄金;国债ETF,酒ETF;证券ETF;有色ETF;创新药ETF;军工ETF;半导体ETF
2022-04-25,1915650.132012635,0.0,1915650.132012635,0.0,True,warning,-0.11528809121116945,0,,黄金;国债ETF,酒ETF;证券ETF;创新药ETF;有色ETF;军工ETF;半导体ETF
2022-04-26,1915650.132012635,0.0,1915650.132012635,0.0,True,warning,-0.11528809121116945,0,,纳指;黄金;国债ETF,酒ETF;创新药ETF;证券ETF;有色ETF;军工ETF;半导体ETF
2022-04-27,1915650.132012635,0.0,1915650.132012635,0.0,True,warning,-0.11528809121116945,0,,黄金;国债ETF,酒ETF;创新药ETF;有色ETF;证券ETF;军工ETF;半导体ETF
2022-04-28,1915650.132012635,0.0,1915650.132012635,0.0,True,warning,-0.11528809121116945,0,,黄金;国债ETF,酒ETF;创新药ETF;有色ETF;证券ETF;军工ETF;半导体ETF
2022-04-29,1915650.132012635,0.0,1915650.132012635,0.0,True,warning,-0.11528809121116945,0,,黄金;国债ETF,酒ETF;有色ETF;创新药ETF;证券ETF;军工ETF;半导体ETF
2022-05-05,1915650.132012635,0.0,1915650.132012635,0.0,True,warning,-0.11528809121116945,0,,纳指;黄金;国债ETF,酒ETF;有色ETF;创新药ETF;军工ETF;证券ETF;半导体ETF
2022-05-06,1915650.132012635,0.0,1915650.132012635,0.0,True,warning,-0.11528809121116945,0,,国债ETF,酒ETF;军工ETF;创新药ETF;有色ETF;证券ETF;半导体ETF
2022-05-09,1915650.132012635,0.0,1915650.132012635,0.0,True,warning,-0.11528809121116945,0,,纳指;国债ETF,酒ETF;军工ETF;创新药ETF;有色ETF;半导体ETF;证券ETF
2022-05-10,1915650.132012635,0.0,1915650.132012635,0.0,True,warning,-0.11528809121116945,0,,国债ETF,酒ETF;军工ETF;创新药ETF;有色ETF;半导体ETF;证券ETF
2022-05-11,1915650.132012635,0.0,1915650.132012635,0.0,True,warning,-0.11528809121116945,0,,国债ETF,酒ETF;创新药ETF;军工ETF;半导体ETF;有色ETF;证券ETF
2022-05-12,1915650.132012635,0.0,1915650.132012635,0.0,True,warning,-0.11528809121116945,0,,国债ETF,酒ETF;创新药ETF;军工ETF;半导体ETF;有色ETF;证券ETF
2022-05-13,1915650.132012635,0.0,1915650.132012635,0.0,True,warning,-0.11528809121116945,0,,国债ETF,创新药ETF;军工ETF;酒ETF;半导体ETF;证券ETF;有色ETF
2022-05-16,1915650.132012635,0.0,1915650.132012635,0.0,True,warning,-0.11528809121116945,0,,纳指;黄金;国债ETF,创新药ETF;军工ETF;酒ETF;半导体ETF;有色ETF;证券ETF
2022-05-17,1915650.132012635,0.0,1915650.132012635,0.0,True,warning,-0.11528809121116945,0,,黄金;国债ETF,军工ETF;创新药ETF;酒ETF;半导体ETF;有色ETF;证券ETF
2022-05-18,1915650.132012635,0.0,1915650.132012635,0.0,True,warning,-0.11528809121116945,0,,国债ETF,军工ETF;酒ETF;创新药ETF;半导体ETF;有色ETF;证券ETF
2022-05-19,1915650.132012635,0.0,1915650.132012635,0.0,True,warning,-0.11528809121116945,0,,国债ETF,军工ETF;半导体ETF;创新药ETF;酒ETF;有色ETF;证券ETF
2022-05-20,1915650.132012635,0.0,1915650.132012635,0.0,True,warning,-0.11528809121116945,0,,黄金;国债ETF,军工ETF;半导体ETF;酒ETF;创新药ETF;有色ETF;证券ETF
2022-05-23,1915650.132012635,0.0,1915650.132012635,0.0,True,warning,-0.11528809121116945,0,,黄金;国债ETF,军工ETF;创新药ETF;有色ETF;半导体ETF;酒ETF;证券ETF
2022-05-24,1915650.132012635,0.0,1915650.132012635,0.0,True,warning,-0.11528809121116945,0,,黄金;国债ETF,有色ETF;酒ETF;军工ETF;创新药ETF;半导体ETF;证券ETF
2022-05-25,1915650.132012635,0.0,1915650.132012635,0.0,True,warning,-0.11528809121116945,0,,黄金;国债ETF,有色ETF;酒ETF;创新药ETF;军工ETF;半导体ETF;证券ETF
2022-05-26,1915650.132012635,0.0,1915650.132012635,0.0,True,warning,-0.11528809121116945,0,,国债ETF,军工ETF;有色ETF;酒ETF;证券ETF;创新药ETF;半导体ETF
2022-05-27,1915650.132012635,0.0,1915650.132012635,0.0,True,warning,-0.11528809121116945,0,,黄金;国债ETF,军工ETF;酒ETF;有色ETF;证券ETF;创新药ETF;半导体ETF
2022-05-30,1915650.132012635,0.0,1915650.132012635,0.0,True,warning,-0.11528809121116945,0,,黄金;国债ETF,军工ETF;有色ETF;酒ETF;证券ETF;创新药ETF;半导体ETF
2022-05-31,1915650.132012635,0.0,1915650.132012635,0.0,True,warning,-0.11528809121116945,0,,黄金;国债ETF,酒ETF;军工ETF;半导体ETF;有色ETF;创新药ETF;证券ETF
2022-06-01,1915650.132012635,0.0,1915650.132012635,0.0,True,warning,-0.11528809121116945,0,,黄金;国债ETF,酒ETF;军工ETF;半导体ETF;有色ETF;证券ETF;创新药ETF
2022-06-02,1915650.132012635,0.0,1915650.132012635,0.0,True,warning,-0.11528809121116945,0,,黄金;国债ETF,酒ETF;军工ETF;半导体ETF;有色ETF;证券ETF;创新药ETF
2022-06-06,1915650.132012635,0.0,1915650.132012635,0.0,True,warning,-0.11528809121116945,0,,黄金;国债ETF,酒ETF;半导体ETF;有色ETF;军工ETF;证券ETF;创新药ETF
2022-06-07,1915650.132012635,0.0,1915650.132012635,0.0,True,warning,-0.11528809121116945,0,,黄金;国债ETF,酒ETF;有色ETF;军工ETF;半导体ETF;证券ETF;创新药ETF
2022-06-08,1915650.132012635,0.0,1915650.132012635,0.0,True,warning,-0.11528809121116945,0,,创业板;黄金;国债ETF,有色ETF;酒ETF;军工ETF;证券ETF;创新药ETF;半导体ETF
2022-06-09,1915650.132012635,0.0,1915650.132012635,0.0,True,warning,-0.11528809121116945,0,,沪深300;创业板;国债ETF,有色ETF;酒ETF;证券ETF;军工ETF;创新药ETF;半导体ETF
2022-06-10,1915650.132012635,0.0,1915650.132012635,0.0,True,warning,-0.11528809121116945,0,,沪深300;创业板;国债ETF,有色ETF;酒ETF;证券ETF;军工ETF;创新药ETF;半导体ETF
2022-06-13,1915650.132012635,0.0,1915650.132012635,0.0,True,warning,-0.11528809121116945,0,,沪深300;创业板;国债ETF,有色ETF;酒ETF;证券ETF;军工ETF;半导体ETF;创新药ETF
2022-06-14,1915650.132012635,0.0,1915650.132012635,0.0,True,warning,-0.11528809121116945,0,,沪深300;创业板;国债ETF,有色ETF;证券ETF;酒ETF;军工ETF;创新药ETF;半导体ETF
2022-06-15,1915650.132012635,0.0,1915650.132012635,0.0,True,warning,-0.11528809121116945,0,,沪深300;创业板;国债ETF,证券ETF;有色ETF;酒ETF;军工ETF;创新药ETF;半导体ETF
2022-06-16,1915650.132012635,0.0,1915650.132012635,0.0,True,warning,-0.11528809121116945,0,,沪深300;创业板;国债ETF,有色ETF;酒ETF;证券ETF;军工ETF;创新药ETF;半导体ETF
2022-06-17,1915650.132012635,0.0,1915650.132012635,0.0,True,warning,-0.11528809121116945,0,,沪深300;创业板;国债ETF,有色ETF;酒ETF;证券ETF;军工ETF;创新药ETF;半导体ETF
2022-06-20,1915650.132012635,0.0,1915650.132012635,0.0,True,warning,-0.11528809121116945,0,,沪深300;创业板;国债ETF,酒ETF;有色ETF;证券ETF;军工ETF;创新药ETF;半导体ETF
2022-06-21,1915650.132012635,0.0,1915650.132012635,0.0,True,warning,-0.11528809121116945,0,,沪深300;创业板;国债ETF,酒ETF;证券ETF;有色ETF;创新药ETF;军工ETF;半导体ETF
2022-06-22,1915650.132012635,0.0,1915650.132012635,0.0,True,warning,-0.11528809121116945,0,,沪深300;创业板;国债ETF,酒ETF;证券ETF;有色ETF;创新药ETF;军工ETF;半导体ETF
2022-06-23,1915650.132012635,0.0,1915650.132012635,0.0,True,warning,-0.11528809121116945,0,,沪深300;创业板;国债ETF,酒ETF;证券ETF;有色ETF;军工ETF;创新药ETF;半导体ETF
2022-06-24,1915650.132012635,0.0,1915650.132012635,0.0,True,warning,-0.11528809121116945,0,,沪深300;创业板;国债ETF,酒ETF;证券ETF;军工ETF;有色ETF;创新药ETF;半导体ETF
2022-06-27,1915650.132012635,0.0,1915650.132012635,0.0,True,warning,-0.11528809121116945,0,,沪深300;创业板;国债ETF,酒ETF;有色ETF;证券ETF;创新药ETF;军工ETF;半导体ETF
2022-06-28,1915650.132012635,0.0,1915650.132012635,0.0,True,warning,-0.11528809121116945,0,,沪深300;创业板;国债ETF,酒ETF;有色ETF;证券ETF;军工ETF;创新药ETF;半导体ETF
2022-06-29,1915650.132012635,0.0,1915650.132012635,0.0,True,warning,-0.11528809121116945,0,,沪深300;创业板;国债ETF,酒ETF;有色ETF;证券ETF;创新药ETF;军工ETF;半导体ETF
2022-06-30,1915650.132012635,0.0,1915650.132012635,0.0,True,warning,-0.11528809121116945,0,,沪深300;创业板;国债ETF,酒ETF;有色ETF;创新药ETF;证券ETF;军工ETF;半导体ETF
2022-07-01,1915650.132012635,0.0,1915650.132012635,0.0,True,warning,-0.11528809121116945,0,,沪深300;创业板;国债ETF,酒ETF;有色ETF;创新药ETF;证券ETF;军工ETF;半导体ETF
2022-07-04,1915650.132012635,0.0,1915650.132012635,0.0,True,warning,-0.11528809121116945,0,,沪深300;创业板;国债ETF,酒ETF;创新药ETF;有色ETF;军工ETF;证券ETF;半导体ETF
2022-07-05,1915650.132012635,0.0,1915650.132012635,0.0,True,warning,-0.11528809121116945,0,,沪深300;创业板,酒ETF;创新药ETF;有色ETF;军工ETF;证券ETF;半导体ETF
2022-07-06,1915650.132012635,0.0,1915650.132012635,0.0,True,warning,-0.11528809121116945,0,,沪深300;创业板;国债ETF,酒ETF;创新药ETF;军工ETF;有色ETF;半导体ETF;证券ETF
2022-07-07,1915650.132012635,0.0,1915650.132012635,0.0,True,warning,-0.11528809121116945,0,,沪深300;创业板;国债ETF,酒ETF;军工ETF;创新药ETF;有色ETF;半导体ETF;证券ETF
2022-07-08,1915650.132012635,0.0,1915650.132012635,0.0,True,warning,-0.11528809121116945,0,,沪深300;创业板,酒ETF;创新药ETF;军工ETF;有色ETF;半导体ETF;证券ETF
2022-07-11,1915650.132012635,1840096.3575964055,75553.77441622945,0.4720500632565909,False,warning,-0.11528809121116945,8,沪深300;创业板;军工ETF;创新药ETF;酒ETF;半导体ETF;有色ETF;证券ETF,沪深300;创业板,军工ETF;创新药ETF;酒ETF;半导体ETF;有色ETF;证券ETF
2022-07-12,1884288.1327986657,900464.1365464317,983823.996252234,0.46081614155669004,False,halve,-0.12977212131893948,8,沪深300;创业板;军工ETF;创新药ETF;酒ETF;半导体ETF;有色ETF;证券ETF,沪深300;创业板,军工ETF;创新药ETF;酒ETF;半导体ETF;有色ETF;证券ETF
2022-07-13,1889696.1608108717,910496.0663517747,979200.094459097,0.47001241100026503,False,halve,-0.1272745113924152,8,沪深300;创业板;军工ETF;酒ETF;创新药ETF;有色ETF;半导体ETF;证券ETF,沪深300;创业板,军工ETF;酒ETF;创新药ETF;有色ETF;半导体ETF;证券ETF
2022-07-14,1900329.6889895664,921293.473689987,979036.2152995794,0.47347373963997486,False,halve,-0.1223635890611809,8,沪深300;创业板;军工ETF;创新药ETF;酒ETF;有色ETF;半导体ETF;证券ETF,沪深300;创业板,军工ETF;创新药ETF;酒ETF;有色ETF;半导体ETF;证券ETF
2022-07-15,1885008.5151315192,913626.6522957273,971381.8628357919,0.5,False,halve,-0.12943942443546055,9,沪深300;创业板;国债ETF;军工ETF;酒ETF;创新药ETF;有色ETF;半导体ETF;证券ETF,沪深300;创业板;国债ETF,军工ETF;酒ETF;创新药ETF;有色ETF;半导体ETF;证券ETF
2022-07-18,1891772.8048466556,923153.0815098783,968619.7233367773,0.5,False,halve,-0.12631544706325035,10,沪深300;创业板;纳指;国债ETF;军工ETF;创新药ETF;有色ETF;酒ETF;半导体ETF;证券ETF,沪深300;创业板;纳指;国债ETF,军工ETF;创新药ETF;有色ETF;酒ETF;半导体ETF;证券ETF
2022-07-19,1885305.7829203932,942652.8914601963,942652.8914601968,0.5,False,halve,-0.1293021361339481,9,沪深300;创业板;纳指;军工ETF;创新药ETF;有色ETF;酒ETF;半导体ETF;证券ETF,沪深300;创业板;纳指,军工ETF;创新药ETF;有色ETF;酒ETF;半导体ETF;证券ETF
2022-07-20,1898056.1006586063,949028.0503293031,949028.0503293031,0.5,False,halve,-0.12341360891526065,9,沪深300;创业板;纳指;军工ETF;创新药ETF;有色ETF;酒ETF;半导体ETF;证券ETF,沪深300;创业板;纳指,军工ETF;创新药ETF;有色ETF;酒ETF;半导体ETF;证券ETF
2022-07-21,1894267.3470786237,947133.6735393122,947133.6735393115,0.5,False,halve,-0.1251633832376497,9,沪深300;创业板;纳指;军工ETF;创新药ETF;有色ETF;半导体ETF;酒ETF;证券ETF,沪深300;创业板;纳指,军工ETF;创新药ETF;有色ETF;半导体ETF;酒ETF;证券ETF
2022-07-22,1892745.2859593611,946372.6429796803,946372.6429796808,0.5,False,halve,-0.12586632245166018,10,沪深300;创业板;纳指;国债ETF;军工ETF;有色ETF;创新药ETF;半导体ETF;酒ETF;证券ETF,沪深300;创业板;纳指;国债ETF,军工ETF;有色ETF;创新药ETF;半导体ETF;酒ETF;证券ETF
2022-07-25,1886588.7907938384,943294.3953969191,943294.3953969193,0.5,False,halve,-0.12870959977997706,9,沪深300;创业板;国债ETF;军工ETF;创新药ETF;酒ETF;有色ETF;半导体ETF;证券ETF,沪深300;创业板;国债ETF,军工ETF;创新药ETF;酒ETF;有色ETF;半导体ETF;证券ETF
2022-07-26,1890638.3122943828,945319.1561471911,945319.1561471918,0.5,False,halve,-0.12683939402760203,9,沪深300;创业板;国债ETF;军工ETF;有色ETF;创新药ETF;酒ETF;半导体ETF;证券ETF,沪深300;创业板;国债ETF,军工ETF;有色ETF;创新药ETF;酒ETF;半导体ETF;证券ETF
2022-07-27,1887896.735164466,943948.3675822332,943948.3675822329,0.5,False,halve,-0.1281055469096798,9,沪深300;创业板;国债ETF;军工ETF;有色ETF;创新药ETF;酒ETF;半导体ETF;证券ETF,沪深300;创业板;国债ETF,军工ETF;有色ETF;创新药ETF;酒ETF;半导体ETF;证券ETF
2022-07-28,1888852.510340319,968460.1459730614,920392.3643672576,0.5,False,halve,-0.12766413766376836,10,沪深300;创业板;纳指;国债ETF;军工ETF;有色ETF;半导体ETF;证券ETF;酒ETF;创新药ETF,沪深300;创业板;纳指;国债ETF,军工ETF;有色ETF;半导体ETF;证券ETF;酒ETF;创新药ETF
2022-07-29,1882935.0794802783,941467.5397401393,941467.539740139,0.5,False,halve,-0.13039700702431922,10,沪深300;创业板;纳指;国债ETF;军工ETF;有色ETF;半导体ETF;证券ETF;酒ETF;创新药ETF,沪深300;创业板;纳指;国债ETF,军工ETF;有色ETF;半导体ETF;证券ETF;酒ETF;创新药ETF
2022-08-01,1889539.3726687063,944769.6863343535,944769.6863343528,0.5,False,halve,-0.1273469214500831,10,沪深300;创业板;纳指;国债ETF;军工ETF;有色ETF;半导体ETF;酒ETF;证券ETF;创新药ETF,沪深300;创业板;纳指;国债ETF,军工ETF;有色ETF;半导体ETF;酒ETF;证券ETF;创新药ETF
2022-08-02,1877823.8829437606,938911.9414718801,938911.9414718805,0.5,False,halve,-0.13275753015349134,9,创业板;纳指;国债ETF;军工ETF;有色ETF;酒ETF;半导体ETF;证券ETF;创新药ETF,创业板;纳指;国债ETF,军工ETF;有色ETF;酒ETF;半导体ETF;证券ETF;创新药ETF
2022-08-03,1876587.5612534033,938293.7806267014,938293.7806267019,0.5,False,halve,-0.1333285052518533,9,创业板;纳指;国债ETF;军工ETF;半导体ETF;酒ETF;有色ETF;证券ETF;创新药ETF,创业板;纳指;国债ETF,军工ETF;半导体ETF;酒ETF;有色ETF;证券ETF;创新药ETF
2022-08-04,1887134.8939569162,943567.446978458,943567.4469784582,0.5,False,halve,-0.12845739090126365,9,创业板;纳指;国债ETF;军工ETF;半导体ETF;有色ETF;酒ETF;证券ETF;创新药ETF,创业板;纳指;国债ETF,军工ETF;半导体ETF;有色ETF;酒ETF;证券ETF;创新药ETF
2022-08-05,1899402.4265775515,921189.8357595577,978212.5908179939,0.5,False,halve,-0.1227918301500795,10,沪深300;创业板;纳指;国债ETF;半导体ETF;军工ETF;有色ETF;酒ETF;证券ETF;创新药ETF,沪深300;创业板;纳指;国债ETF,半导体ETF;军工ETF;有色ETF;酒ETF;证券ETF;创新药ETF
2022-08-08,1897524.1378002185,928191.6196804582,969332.5181197603,0.5,False,halve,-0.1236592873238511,9,创业板;纳指;国债ETF;半导体ETF;军工ETF;有色ETF;酒ETF;证券ETF;创新药ETF,创业板;纳指;国债ETF,半导体ETF;军工ETF;有色ETF;酒ETF;证券ETF;创新药ETF
2022-08-09,1898260.024741277,949130.0123706385,949130.0123706385,0.5,False,halve,-0.1233194298888232,9,创业板;纳指;国债ETF;军工ETF;半导体ETF;有色ETF;酒ETF;创新药ETF;证券ETF,创业板;纳指;国债ETF,军工ETF;半导体ETF;有色ETF;酒ETF;创新药ETF;证券ETF
2022-08-10,1890013.2832811438,945006.641640572,945006.6416405718,0.5,False,halve,-0.1271280535286823,9,创业板;纳指;国债ETF;军工ETF;半导体ETF;有色ETF;酒ETF;证券ETF;创新药ETF,创业板;纳指;国债ETF,军工ETF;半导体ETF;有色ETF;酒ETF;证券ETF;创新药ETF
2022-08-11,1909599.251827341,1909599.251827341,0.0,0.7413562429786001,False,warning,-0.11808259197575303,9,创业板;纳指;国债ETF;军工ETF;半导体ETF;有色ETF;证券ETF;酒ETF;创新药ETF,创业板;纳指;国债ETF,军工ETF;半导体ETF;有色ETF;证券ETF;酒ETF;创新药ETF
2022-08-12,1896091.5261224,948045.7630612,948045.7630612,0.5,False,halve,-0.12432091576573383,8,纳指;国债ETF;军工ETF;半导体ETF;有色ETF;证券ETF;酒ETF;创新药ETF,纳指;国债ETF,军工ETF;半导体ETF;有色ETF;证券ETF;酒ETF;创新药ETF
2022-08-15,1902083.7155722028,951041.8577861015,951041.8577861013,0.5,False,halve,-0.12155352036436713,9,创业板;纳指;国债ETF;军工ETF;半导体ETF;有色ETF;酒ETF;证券ETF;创新药ETF,创业板;纳指;国债ETF,军工ETF;半导体ETF;有色ETF;酒ETF;证券ETF;创新药ETF
2022-08-16,1904205.8036191894,952102.9018095948,952102.9018095946,0.5,False,halve,-0.1205734684565091,9,创业板;纳指;国债ETF;军工ETF;半导体ETF;有色ETF;证券ETF;酒ETF;创新药ETF,创业板;纳指;国债ETF,军工ETF;半导体ETF;有色ETF;证券ETF;酒ETF;创新药ETF
2022-08-17,1908448.328171839,1908448.3281718385,4.656612873077393e-10,0.7746615639974468,False,warning,-0.11861412737833703,9,创业板;纳指;国债ETF;军工ETF;半导体ETF;证券ETF;有色ETF;酒ETF;创新药ETF,创业板;纳指;国债ETF,军工ETF;半导体ETF;证券ETF;有色ETF;酒ETF;创新药ETF
2022-08-18,1898030.055798639,949015.0278993199,949015.0278993192,0.5,False,halve,-0.12342563731094243,8,纳指;国债ETF;半导体ETF;军工ETF;有色ETF;证券ETF;酒ETF;创新药ETF,纳指;国债ETF,半导体ETF;军工ETF;有色ETF;证券ETF;酒ETF;创新药ETF
2022-08-19,1895033.6244799332,947516.8122399666,947516.8122399666,0.5,False,halve,-0.12480949046200908,8,纳指;国债ETF;军工ETF;半导体ETF;证券ETF;有色ETF;酒ETF;创新药ETF,纳指;国债ETF,军工ETF;半导体ETF;证券ETF;有色ETF;酒ETF;创新药ETF
2022-08-22,1891932.5474923928,945966.2737461965,945966.2737461963,0.5,False,halve,-0.12624167251608046,8,纳指;国债ETF;军工ETF;半导体ETF;有色ETF;证券ETF;酒ETF;创新药ETF,纳指;国债ETF,军工ETF;半导体ETF;有色ETF;证券ETF;酒ETF;创新药ETF
2022-08-23,1883246.15001427,941623.075007135,941623.075007135,0.5,False,halve,-0.13025334414909123,9,创业板;纳指;国债ETF;军工ETF;半导体ETF;有色ETF;证券ETF;酒ETF;创新药ETF,创业板;纳指;国债ETF,军工ETF;半导体ETF;有色ETF;证券ETF;酒ETF;创新药ETF
2022-08-24,1868929.540174989,934464.7700874946,934464.7700874944,0.5,False,halve,-0.1368652379425513,8,纳指;国债ETF;有色ETF;证券ETF;军工ETF;半导体ETF;酒ETF;创新药ETF,纳指;国债ETF,有色ETF;证券ETF;军工ETF;半导体ETF;酒ETF;创新药ETF
2022-08-25,1875518.0241790856,937759.0120895432,937759.0120895425,0.5,False,halve,-0.13382245358340272,9,纳指;黄金;国债ETF;证券ETF;有色ETF;军工ETF;酒ETF;半导体ETF;创新药ETF,纳指;黄金;国债ETF,证券ETF;有色ETF;军工ETF;酒ETF;半导体ETF;创新药ETF
2022-08-26,1875605.9183950834,937802.9591975415,937802.9591975419,0.5,False,halve,-0.1337818610668949,8,纳指;国债ETF;证券ETF;酒ETF;有色ETF;军工ETF;创新药ETF;半导体ETF,纳指;国债ETF,证券ETF;酒ETF;有色ETF;军工ETF;创新药ETF;半导体ETF
2022-08-29,1861791.9913805658,930895.9956902827,930895.9956902831,0.5,False,halve,-0.14016159895986985,8,纳指;国债ETF;证券ETF;军工ETF;有色ETF;酒ETF;半导体ETF;创新药ETF,纳指;国债ETF,证券ETF;军工ETF;有色ETF;酒ETF;半导体ETF;创新药ETF
2022-08-30,1862787.764045545,931393.8820227725,931393.8820227725,0.5,False,halve,-0.13970171752305038,9,纳指;黄金;国债ETF;证券ETF;军工ETF;有色ETF;酒ETF;半导体ETF;创新药ETF,纳指;黄金;国债ETF,证券ETF;军工ETF;有色ETF;酒ETF;半导体ETF;创新药ETF
2022-08-31,1858216.2947353343,960008.6242459961,898207.6704893382,0.5,False,halve,-0.14181297639637958,9,纳指;黄金;国债ETF;证券ETF;酒ETF;军工ETF;创新药ETF;有色ETF;半导体ETF,纳指;黄金;国债ETF,证券ETF;酒ETF;军工ETF;创新药ETF;有色ETF;半导体ETF
2022-09-01,1848488.417355774,960411.550154824,888076.8672009499,0.5,False,halve,-0.14630563861121337,9,纳指;黄金;国债ETF;证券ETF;酒ETF;军工ETF;创新药ETF;有色ETF;半导体ETF,纳指;黄金;国债ETF,证券ETF;酒ETF;军工ETF;创新药ETF;有色ETF;半导体ETF
2022-09-02,1850318.5243969285,971173.9524316639,879144.5719652646,0.5,False,halve,-0.14546043338996215,9,纳指;黄金;国债ETF;证券ETF;酒ETF;军工ETF;创新药ETF;半导体ETF;有色ETF,纳指;黄金;国债ETF,证券ETF;酒ETF;军工ETF;创新药ETF;半导体ETF;有色ETF
2022-09-05,1849120.2504933765,979749.3764575843,869370.8740357922,0.5,False,halve,-0.14601383673577537,9,纳指;黄金;国债ETF;军工ETF;证券ETF;酒ETF;创新药ETF;半导体ETF;有色ETF,纳指;黄金;国债ETF,军工ETF;证券ETF;酒ETF;创新药ETF;半导体ETF;有色ETF
2022-09-06,1856434.7504390972,970600.9987026739,885833.7517364232,0.5,False,halve,-0.14263575370241086,9,纳指;黄金;国债ETF;军工ETF;证券ETF;酒ETF;有色ETF;创新药ETF;半导体ETF,纳指;黄金;国债ETF,军工ETF;证券ETF;酒ETF;有色ETF;创新药ETF;半导体ETF
2022-09-07,1853910.4697540672,977292.8437994026,876617.6259546647,0.5,False,halve,-0.14380155174969067,9,纳指;黄金;国债ETF;军工ETF;证券ETF;有色ETF;酒ETF;半导体ETF;创新药ETF,纳指;黄金;国债ETF,军工ETF;证券ETF;有色ETF;酒ETF;半导体ETF;创新药ETF
2022-09-08,1858709.1767967944,989583.6563394876,869125.5204573068,0.5,False,halve,-0.14158534681928975,9,纳指;黄金;国债ETF;军工ETF;证券ETF;有色ETF;半导体ETF;酒ETF;创新药ETF,纳指;黄金;国债ETF,军工ETF;证券ETF;有色ETF;半导体ETF;酒ETF;创新药ETF
2022-09-09,1862756.391202266,988398.628598321,874357.7626039451,0.5,False,halve,-0.13971620656131342,9,纳指;黄金;国债ETF;军工ETF;证券ETF;有色ETF;酒ETF;半导体ETF;创新药ETF,纳指;黄金;国债ETF,军工ETF;证券ETF;有色ETF;酒ETF;半导体ETF;创新药ETF
2022-09-13,1868902.1711804238,1002243.8383233136,866658.3328571102,0.5,False,halve,-0.13687787786829703,9,纳指;黄金;国债ETF;军工ETF;证券ETF;有色ETF;酒ETF;半导体ETF;创新药ETF,纳指;黄金;国债ETF,军工ETF;证券ETF;有色ETF;酒ETF;半导体ETF;创新药ETF
2022-09-14,1855030.1110006566,1003068.0151620003,851962.0958386563,0.5,False,halve,-0.1432844636197261,8,黄金;国债ETF;军工ETF;证券ETF;有色ETF;半导体ETF;酒ETF;创新药ETF,黄金;国债ETF,军工ETF;证券ETF;有色ETF;半导体ETF;酒ETF;创新药ETF
2022-09-15,1848336.6621271553,989573.0716146372,858763.5905125182,0.5,False,halve,-0.14637572429947984,8,黄金;国债ETF;军工ETF;证券ETF;酒ETF;有色ETF;半导体ETF;创新药ETF,黄金;国债ETF,军工ETF;证券ETF;酒ETF;有色ETF;半导体ETF;创新药ETF
2022-09-16,1837718.5312164621,944731.8103491631,892986.720867299,0.5,False,halve,-0.15127953565249527,8,黄金;国债ETF;军工ETF;酒ETF;有色ETF;证券ETF;半导体ETF;创新药ETF,黄金;国债ETF,军工ETF;酒ETF;有色ETF;证券ETF;半导体ETF;创新药ETF
2022-09-19,1836415.0737243632,951770.7171756229,884644.3565487403,0.5,False,halve,-0.15188151633079813,8,黄金;国债ETF;军工ETF;酒ETF;证券ETF;半导体ETF;有色ETF;创新药ETF,黄金;国债ETF,军工ETF;酒ETF;证券ETF;半导体ETF;有色ETF;创新药ETF
2022-09-20,1840661.158517151,952630.8610161713,888030.2975009796,0.5,False,halve,-0.14992053101352643,9,纳指;黄金;国债ETF;军工ETF;酒ETF;有色ETF;证券ETF;半导体ETF;创新药ETF,纳指;黄金;国债ETF,军工ETF;酒ETF;有色ETF;证券ETF;半导体ETF;创新药ETF
2022-09-21,1837373.5800519695,958779.2066145587,878594.3734374108,0.5,False,halve,-0.15143884574679553,9,纳指;黄金;国债ETF;军工ETF;酒ETF;有色ETF;证券ETF;半导体ETF;创新药ETF,纳指;黄金;国债ETF,军工ETF;酒ETF;有色ETF;证券ETF;半导体ETF;创新药ETF
2022-09-22,1831963.1990425503,965841.503014179,866121.6960283713,0.5,False,halve,-0.15393754236687676,8,黄金;国债ETF;军工ETF;有色ETF;酒ETF;证券ETF;半导体ETF;创新药ETF,黄金;国债ETF,军工ETF;有色ETF;酒ETF;证券ETF;半导体ETF;创新药ETF
2022-09-23,1830077.4368548258,0.0,1830077.4368548258,0.0,True,halve,-0.15480845101389085,0,,黄金;国债ETF,军工ETF;酒ETF;有色ETF;证券ETF;半导体ETF;创新药ETF
2022-09-26,1830077.4368548258,0.0,1830077.4368548258,0.0,True,halve,-0.15480845101389085,0,,国债ETF,军工ETF;酒ETF;证券ETF;半导体ETF;有色ETF;创新药ETF
2022-09-27,1830077.4368548258,0.0,1830077.4368548258,0.0,True,halve,-0.15480845101389085,0,,国债ETF,酒ETF;军工ETF;半导体ETF;证券ETF;有色ETF;创新药ETF
2022-09-28,1830077.4368548258,0.0,1830077.4368548258,0.0,True,halve,-0.15480845101389085,0,,国债ETF,酒ETF;军工ETF;证券ETF;半导体ETF;有色ETF;创新药ETF
2022-09-29,1830077.4368548258,0.0,1830077.4368548258,0.0,True,halve,-0.15480845101389085,0,,黄金,酒ETF;军工ETF;半导体ETF;证券ETF;有色ETF;创新药ETF
2022-09-30,1830077.4368548258,0.0,1830077.4368548258,0.0,True,halve,-0.15480845101389085,0,,,酒ETF;军工ETF;证券ETF;有色ETF;半导体ETF;创新药ETF
2022-10-10,1830077.4368548258,0.0,1830077.4368548258,0.0,True,halve,-0.15480845101389085,0,,黄金;国债ETF,酒ETF;军工ETF;证券ETF;有色ETF;创新药ETF;半导体ETF
2022-10-11,1830077.4368548258,0.0,1830077.4368548258,0.0,True,halve,-0.15480845101389085,0,,黄金;国债ETF,酒ETF;军工ETF;证券ETF;有色ETF;创新药ETF;半导体ETF
2022-10-12,1830077.4368548258,0.0,1830077.4368548258,0.0,True,halve,-0.15480845101389085,0,,黄金;国债ETF,酒ETF;军工ETF;证券ETF;有色ETF;创新药ETF;半导体ETF
2022-10-13,1830077.4368548258,0.0,1830077.4368548258,0.0,True,halve,-0.15480845101389085,0,,黄金;国债ETF,酒ETF;军工ETF;证券ETF;有色ETF;创新药ETF;半导体ETF
2022-10-14,1830077.4368548258,0.0,1830077.4368548258,0.0,True,halve,-0.15480845101389085,0,,黄金;国债ETF,军工ETF;酒ETF;创新药ETF;证券ETF;有色ETF;半导体ETF
2022-10-17,1830077.4368548258,0.0,1830077.4368548258,0.0,True,halve,-0.15480845101389085,0,,国债ETF,军工ETF;创新药ETF;酒ETF;证券ETF;有色ETF;半导体ETF
2022-10-18,1830077.4368548258,0.0,1830077.4368548258,0.0,True,halve,-0.15480845101389085,0,,黄金,军工ETF;创新药ETF;证券ETF;酒ETF;有色ETF;半导体ETF
2022-10-19,1830077.4368548258,0.0,1830077.4368548258,0.0,True,halve,-0.15480845101389085,0,,黄金,军工ETF;创新药ETF;证券ETF;有色ETF;酒ETF;半导体ETF
2022-10-20,1830077.4368548258,0.0,1830077.4368548258,0.0,True,halve,-0.15480845101389085,0,,黄金,军工ETF;创新药ETF;证券ETF;酒ETF;半导体ETF;有色ETF
2022-10-21,1830077.4368548258,0.0,1830077.4368548258,0.0,True,halve,-0.15480845101389085,0,,黄金,军工ETF;创新药ETF;证券ETF;半导体ETF;酒ETF;有色ETF
2022-10-24,1830077.4368548258,0.0,1830077.4368548258,0.0,True,halve,-0.15480845101389085,0,,黄金,军工ETF;创新药ETF;证券ETF;半导体ETF;有色ETF;酒ETF
2022-10-25,1830077.4368548258,0.0,1830077.4368548258,0.0,True,halve,-0.15480845101389085,0,,黄金,军工ETF;创新药ETF;证券ETF;半导体ETF;有色ETF;酒ETF
2022-10-26,1830077.4368548258,0.0,1830077.4368548258,0.0,True,halve,-0.15480845101389085,0,,黄金,军工ETF;创新药ETF;半导体ETF;证券ETF;有色ETF;酒ETF
2022-10-27,1830077.4368548258,0.0,1830077.4368548258,0.0,True,halve,-0.15480845101389085,0,,黄金;国债ETF,创新药ETF;军工ETF;半导体ETF;证券ETF;有色ETF;酒ETF
2022-10-28,1830077.4368548258,0.0,1830077.4368548258,0.0,True,halve,-0.15480845101389085,0,,黄金;国债ETF,创新药ETF;军工ETF;半导体ETF;证券ETF;有色ETF;酒ETF
2022-10-31,1830077.4368548258,0.0,1830077.4368548258,0.0,True,halve,-0.15480845101389085,0,,黄金;国债ETF,军工ETF;创新药ETF;半导体ETF;证券ETF;有色ETF;酒ETF
2022-11-01,1830077.4368548258,0.0,1830077.4368548258,0.0,True,halve,-0.15480845101389085,0,,黄金;国债ETF,创新药ETF;军工ETF;证券ETF;半导体ETF;有色ETF;酒ETF
2022-11-02,1830077.4368548258,0.0,1830077.4368548258,0.0,True,halve,-0.15480845101389085,0,,黄金,创新药ETF;军工ETF;证券ETF;半导体ETF;有色ETF;酒ETF
2022-11-03,1830077.4368548258,0.0,1830077.4368548258,0.0,True,halve,-0.15480845101389085,0,,黄金;国债ETF,军工ETF;创新药ETF;半导体ETF;证券ETF;有色ETF;酒ETF
2022-11-04,1830077.4368548258,863184.0380414807,966893.3988133451,0.5,False,halve,-0.15480845101389085,7,黄金;军工ETF;创新药ETF;证券ETF;半导体ETF;有色ETF;酒ETF,黄金,军工ETF;创新药ETF;证券ETF;半导体ETF;有色ETF;酒ETF
2022-11-07,1834681.069242036,872201.3416040923,962479.7276379437,0.5,False,halve,-0.1526823381456858,7,黄金;创新药ETF;军工ETF;有色ETF;证券ETF;半导体ETF;酒ETF,黄金,创新药ETF;军工ETF;有色ETF;证券ETF;半导体ETF;酒ETF
2022-11-08,1834127.857475609,876530.5061210169,957597.3513545921,0.5,False,halve,-0.15293783001743264,7,黄金;创新药ETF;军工ETF;有色ETF;证券ETF;半导体ETF;酒ETF,黄金,创新药ETF;军工ETF;有色ETF;证券ETF;半导体ETF;酒ETF
2022-11-09,1850371.756792915,889873.9164042714,960497.8403886437,0.5,False,halve,-0.14543584887221767,7,黄金;创新药ETF;军工ETF;有色ETF;证券ETF;半导体ETF;酒ETF,黄金,创新药ETF;军工ETF;有色ETF;证券ETF;半导体ETF;酒ETF
2022-11-10,1844776.6865926282,890985.1790949279,953791.5074977004,0.5,False,halve,-0.14801984119627665,7,黄金;创新药ETF;军工ETF;有色ETF;证券ETF;半导体ETF;酒ETF,黄金,创新药ETF;军工ETF;有色ETF;证券ETF;半导体ETF;酒ETF
2022-11-11,1853411.0123661533,892822.6568488649,960588.3555172884,0.5,False,halve,-0.14403221803453872,7,黄金;有色ETF;创新药ETF;证券ETF;军工ETF;半导体ETF;酒ETF,黄金,有色ETF;创新药ETF;证券ETF;军工ETF;半导体ETF;酒ETF
2022-11-14,1847285.587465534,897517.2575178031,949768.3299477309,0.5,False,halve,-0.14686114606550224,7,黄金;创新药ETF;证券ETF;有色ETF;半导体ETF;军工ETF;酒ETF,黄金,创新药ETF;证券ETF;有色ETF;半导体ETF;军工ETF;酒ETF
2022-11-15,1857429.6375959588,887302.8826738086,970126.7549221502,0.5,False,halve,-0.14217628122313733,7,黄金;创新药ETF;证券ETF;半导体ETF;有色ETF;军工ETF;酒ETF,黄金,创新药ETF;证券ETF;半导体ETF;有色ETF;军工ETF;酒ETF
2022-11-16,1859189.804145799,892391.4009744707,966798.4031713284,0.5,False,halve,-0.141363376882166,8,纳指;黄金;创新药ETF;证券ETF;有色ETF;半导体ETF;军工ETF;酒ETF,纳指;黄金,创新药ETF;证券ETF;有色ETF;半导体ETF;军工ETF;酒ETF
2022-11-17,1858103.2641307563,899458.5850176429,958644.6791131133,0.5,False,halve,-0.14186517774581012,9,创业板;纳指;黄金;创新药ETF;半导体ETF;证券ETF;军工ETF;有色ETF;酒ETF,创业板;纳指;黄金,创新药ETF;半导体ETF;证券ETF;军工ETF;有色ETF;酒ETF
2022-11-18,1854591.9767671712,900621.1031328843,953970.8736342869,0.5,False,halve,-0.14348680880141404,9,创业板;纳指;黄金;创新药ETF;证券ETF;酒ETF;半导体ETF;有色ETF;军工ETF,创业板;纳指;黄金,创新药ETF;证券ETF;酒ETF;半导体ETF;有色ETF;军工ETF
2022-11-21,1851545.3174216845,904191.3149142998,947354.0025073848,0.5,False,halve,-0.14489385895108983,8,创业板;黄金;创新药ETF;证券ETF;半导体ETF;酒ETF;有色ETF;军工ETF,创业板;黄金,创新药ETF;证券ETF;半导体ETF;酒ETF;有色ETF;军工ETF
2022-11-22,1843109.8352859654,921554.9176429824,921554.9176429829,0.5,False,halve,-0.1487896494073593,8,创业板;黄金;创新药ETF;证券ETF;酒ETF;半导体ETF;有色ETF;军工ETF,创业板;黄金,创新药ETF;证券ETF;酒ETF;半导体ETF;有色ETF;军工ETF
2022-11-23,1840615.0417585475,920307.5208792739,920307.5208792737,0.5,False,halve,-0.14994182928968308,9,创业板;纳指;黄金;创新药ETF;酒ETF;证券ETF;半导体ETF;军工ETF;有色ETF,创业板;纳指;黄金,创新药ETF;酒ETF;证券ETF;半导体ETF;军工ETF;有色ETF
2022-11-24,1842551.9181648586,921275.9590824294,921275.9590824292,0.5,False,halve,-0.14904731437076352,9,创业板;纳指;黄金;创新药ETF;证券ETF;酒ETF;有色ETF;半导体ETF;军工ETF,创业板;纳指;黄金,创新药ETF;证券ETF;酒ETF;有色ETF;半导体ETF;军工ETF
2022-11-25,1840228.746955139,920114.3734775694,920114.3734775697,0.5,False,halve,-0.1501202332723141,9,纳指;黄金;国债ETF;创新药ETF;证券ETF;有色ETF;酒ETF;半导体ETF;军工ETF,纳指;黄金;国债ETF,创新药ETF;证券ETF;有色ETF;酒ETF;半导体ETF;军工ETF
2022-11-28,1834622.2420655456,917311.1210327729,917311.1210327727,0.5,False,halve,-0.15270950652196272,8,纳指;黄金;证券ETF;创新药ETF;酒ETF;半导体ETF;有色ETF;军工ETF,纳指;黄金,证券ETF;创新药ETF;酒ETF;半导体ETF;有色ETF;军工ETF
2022-11-29,1839848.0137831382,919924.0068915692,919924.006891569,0.5,False,halve,-0.15029606870578452,10,沪深300;创业板;纳指;黄金;证券ETF;创新药ETF;酒ETF;半导体ETF;军工ETF;有色ETF,沪深300;创业板;纳指;黄金,证券ETF;创新药ETF;酒ETF;半导体ETF;军工ETF;有色ETF
2022-11-30,1836494.0484639872,918247.0242319934,918247.0242319938,0.5,False,halve,-0.1518450431296268,9,沪深300;纳指;黄金;证券ETF;创新药ETF;有色ETF;军工ETF;酒ETF;半导体ETF,沪深300;纳指;黄金,证券ETF;创新药ETF;有色ETF;军工ETF;酒ETF;半导体ETF
2022-12-01,1850145.1209718967,925072.5604859483,925072.5604859483,0.5,False,halve,-0.14554051694623724,10,沪深300;创业板;纳指;黄金;证券ETF;创新药ETF;军工ETF;酒ETF;有色ETF;半导体ETF,沪深300;创业板;纳指;黄金,证券ETF;创新药ETF;军工ETF;酒ETF;有色ETF;半导体ETF
2022-12-02,1847722.5240804236,923861.262040212,923861.2620402116,0.5,False,halve,-0.14665935398451688,10,沪深300;创业板;纳指;黄金;证券ETF;创新药ETF;酒ETF;军工ETF;有色ETF;半导体ETF,沪深300;创业板;纳指;黄金,证券ETF;创新药ETF;酒ETF;军工ETF;有色ETF;半导体ETF
2022-12-05,1850834.0612157062,925417.0306078531,925417.0306078531,0.5,False,halve,-0.14522234108105367,10,沪深300;创业板;纳指;黄金;证券ETF;酒ETF;创新药ETF;有色ETF;军工ETF;半导体ETF,沪深300;创业板;纳指;黄金,证券ETF;酒ETF;创新药ETF;有色ETF;军工ETF;半导体ETF
2022-12-06,1850432.8383045231,925216.4191522615,925216.4191522617,0.5,False,halve,-0.14540763936787057,10,沪深300;创业板;纳指;黄金;酒ETF;证券ETF;创新药ETF;半导体ETF;军工ETF;有色ETF,沪深300;创业板;纳指;黄金,酒ETF;证券ETF;创新药ETF;半导体ETF;军工ETF;有色ETF
2022-12-07,1848775.4850383443,924387.7425191719,924387.7425191724,0.5,False,halve,-0.1461730610631767,10,沪深300;创业板;纳指;黄金;酒ETF;证券ETF;创新药ETF;半导体ETF;军工ETF;有色ETF,沪深300;创业板;纳指;黄金,酒ETF;证券ETF;创新药ETF;半导体ETF;军工ETF;有色ETF
2022-12-08,1847283.3390343597,923641.66951718,923641.6695171797,0.5,False,halve,-0.146862184466932,9,沪深300;纳指;黄金;酒ETF;证券ETF;创新药ETF;半导体ETF;有色ETF;军工ETF,沪深300;纳指;黄金,酒ETF;证券ETF;创新药ETF;半导体ETF;有色ETF;军工ETF
2022-12-09,1853528.3013403718,926764.1506701863,926764.1506701856,0.5,False,halve,-0.14397805002623348,9,沪深300;纳指;黄金;酒ETF;证券ETF;创新药ETF;有色ETF;半导体ETF;军工ETF,沪深300;纳指;黄金,酒ETF;证券ETF;创新药ETF;有色ETF;半导体ETF;军工ETF
2022-12-12,1847016.1753220093,948128.5116465571,898887.6636754521,0.5,False,halve,-0.1469855696895062,9,沪深300;纳指;黄金;酒ETF;创新药ETF;证券ETF;半导体ETF;军工ETF;有色ETF,沪深300;纳指;黄金,酒ETF;创新药ETF;证券ETF;半导体ETF;军工ETF;有色ETF
2022-12-13,1848997.3896606055,957325.6456369746,891671.7440236309,0.5,False,halve,-0.14607057801648202,9,沪深300;纳指;黄金;酒ETF;创新药ETF;证券ETF;半导体ETF;有色ETF;军工ETF,沪深300;纳指;黄金,酒ETF;创新药ETF;证券ETF;半导体ETF;有色ETF;军工ETF
2022-12-14,1855277.0938467304,969893.242379451,885383.8514672794,0.5,False,halve,-0.1431703986025622,9,沪深300;纳指;黄金;酒ETF;创新药ETF;证券ETF;有色ETF;半导体ETF;军工ETF,沪深300;纳指;黄金,酒ETF;创新药ETF;证券ETF;有色ETF;半导体ETF;军工ETF
2022-12-15,1849935.1075887375,976873.1984379794,873061.9091507581,0.5,False,halve,-0.1456375082172324,10,沪深300;创业板;纳指;黄金;酒ETF;证券ETF;创新药ETF;有色ETF;半导体ETF;军工ETF,沪深300;创业板;纳指;黄金,酒ETF;证券ETF;创新药ETF;有色ETF;半导体ETF;军工ETF
2022-12-16,1841573.1906051952,977880.1562552002,863693.0343499951,0.5,False,halve,-0.1494993238024567,9,沪深300;创业板;黄金;酒ETF;证券ETF;创新药ETF;半导体ETF;有色ETF;军工ETF,沪深300;创业板;黄金,酒ETF;证券ETF;创新药ETF;半导体ETF;有色ETF;军工ETF
2022-12-19,1830544.2570747747,943991.7280883031,886552.5289864716,0.5,False,halve,-0.15459285767513317,9,沪深300;创业板;黄金;酒ETF;证券ETF;创新药ETF;半导体ETF;有色ETF;军工ETF,沪深300;创业板;黄金,酒ETF;证券ETF;创新药ETF;半导体ETF;有色ETF;军工ETF
2022-12-20,1820849.048785889,940839.0981788054,880009.9506070836,0.5,False,halve,-0.15907043220089148,8,沪深300;黄金;酒ETF;创新药ETF;证券ETF;半导体ETF;有色ETF;军工ETF,沪深300;黄金,酒ETF;创新药ETF;证券ETF;半导体ETF;有色ETF;军工ETF
2022-12-21,1822397.7590666385,950676.2216810184,871721.5373856202,0.5,False,halve,-0.15835518550435446,8,沪深300;黄金;酒ETF;创新药ETF;证券ETF;半导体ETF;有色ETF;军工ETF,沪深300;黄金,酒ETF;创新药ETF;证券ETF;半导体ETF;有色ETF;军工ETF
2022-12-22,1822561.0527365399,960591.5529606696,861969.4997758702,0.5,False,halve,-0.15827977097433285,9,沪深300;创业板;黄金;酒ETF;创新药ETF;证券ETF;半导体ETF;有色ETF;军工ETF,沪深300;创业板;黄金,酒ETF;创新药ETF;证券ETF;半导体ETF;有色ETF;军工ETF
2022-12-23,1818118.9170194108,968262.3486679337,849856.568351477,0.5,False,halve,-0.16033129922770517,9,沪深300;创业板;黄金;酒ETF;创新药ETF;证券ETF;半导体ETF;有色ETF;军工ETF,沪深300;创业板;黄金,酒ETF;创新药ETF;证券ETF;半导体ETF;有色ETF;军工ETF
2022-12-26,1825516.2923199404,973153.8981667147,852362.3941532257,0.5,False,halve,-0.15691494155738098,8,沪深300;黄金;酒ETF;创新药ETF;证券ETF;半导体ETF;有色ETF;军工ETF,沪深300;黄金,酒ETF;创新药ETF;证券ETF;半导体ETF;有色ETF;军工ETF
2022-12-27,1834124.4417139643,972974.7168190633,861149.724894901,0.5,False,halve,-0.15293940753148605,8,沪深300;黄金;酒ETF;创新药ETF;证券ETF;半导体ETF;有色ETF;军工ETF,沪深300;黄金,酒ETF;创新药ETF;证券ETF;半导体ETF;有色ETF;军工ETF
2022-12-28,1831025.4139216333,977853.0595918808,853172.3543297525,0.5,False,halve,-0.15437064319802307,8,沪深300;黄金;酒ETF;创新药ETF;证券ETF;半导体ETF;有色ETF;军工ETF,沪深300;黄金,酒ETF;创新药ETF;证券ETF;半导体ETF;有色ETF;军工ETF
2022-12-29,1830499.0180602665,986929.6708339748,843569.3472262917,0.5,False,halve,-0.15461375057943152,8,沪深300;黄金;酒ETF;创新药ETF;证券ETF;半导体ETF;军工ETF;有色ETF,沪深300;黄金,酒ETF;创新药ETF;证券ETF;半导体ETF;军工ETF;有色ETF
2022-12-30,1833562.4399915745,999463.2981423733,834099.1418492012,0.5,False,halve,-0.15319895890167062,8,沪深300;黄金;酒ETF;创新药ETF;半导体ETF;证券ETF;军工ETF;有色ETF,沪深300;黄金,酒ETF;创新药ETF;半导体ETF;证券ETF;军工ETF;有色ETF
2023-01-03,1837688.0764410053,1003143.7709695904,834544.3054714149,0.5,False,halve,-0.15129360069604153,8,沪深300;黄金;创新药ETF;酒ETF;半导体ETF;军工ETF;证券ETF;有色ETF,沪深300;黄金,创新药ETF;酒ETF;半导体ETF;军工ETF;证券ETF;有色ETF
2023-01-04,1838251.2736693397,1013778.5595979823,824472.7140713574,0.5,False,halve,-0.15103349720084808,8,沪深300;黄金;创新药ETF;酒ETF;半导体ETF;证券ETF;军工ETF;有色ETF,沪深300;黄金,创新药ETF;酒ETF;半导体ETF;证券ETF;军工ETF;有色ETF
2023-01-05,1852287.217944148,983770.8131662086,868516.4047779394,0.5,False,halve,-0.14455122424113342,9,沪深300;创业板;黄金;酒ETF;创新药ETF;半导体ETF;证券ETF;军工ETF;有色ETF,沪深300;创业板;黄金,酒ETF;创新药ETF;半导体ETF;证券ETF;军工ETF;有色ETF
2023-01-06,1853513.525664552,994906.1096659404,858607.4159986117,0.5,False,halve,-0.14398487393219608,9,沪深300;创业板;黄金;酒ETF;创新药ETF;证券ETF;半导体ETF;军工ETF;有色ETF,沪深300;创业板;黄金,酒ETF;创新药ETF;证券ETF;半导体ETF;军工ETF;有色ETF
2023-01-09,1862824.3786659692,998472.3596428137,864352.0190231556,0.5,False,halve,-0.13968480765512414,10,沪深300;创业板;黄金;国债ETF;酒ETF;创新药ETF;证券ETF;有色ETF;半导体ETF;军工ETF,沪深300;创业板;黄金;国债ETF,酒ETF;创新药ETF;证券ETF;有色ETF;半导体ETF;军工ETF
2023-01-10,1866062.1103367503,1011102.7874627076,854959.3228740427,0.5,False,halve,-0.13818951385447942,10,沪深300;创业板;黄金;国债ETF;酒ETF;创新药ETF;证券ETF;有色ETF;半导体ETF;军工ETF,沪深300;创业板;黄金;国债ETF,酒ETF;创新药ETF;证券ETF;有色ETF;半导体ETF;军工ETF
2023-01-11,1861968.2720198338,1011423.8425022103,850544.4295176235,0.5,False,halve,-0.14008018660891752,10,沪深300;创业板;黄金;国债ETF;酒ETF;创新药ETF;证券ETF;有色ETF;半导体ETF;军工ETF,沪深300;创业板;黄金;国债ETF,酒ETF;创新药ETF;证券ETF;有色ETF;半导体ETF;军工ETF
2023-01-12,1862958.1679645139,1023270.701943763,839687.4660207509,0.5,False,halve,-0.139623019239947,10,沪深300;创业板;黄金;国债ETF;酒ETF;创新药ETF;证券ETF;有色ETF;半导体ETF;军工ETF,沪深300;创业板;黄金;国债ETF,酒ETF;创新药ETF;证券ETF;有色ETF;半导体ETF;军工ETF
2023-01-13,1872953.2654017163,1024426.2838708805,848526.9815308359,0.5,False,halve,-0.13500694578038094,10,沪深300;创业板;黄金;国债ETF;酒ETF;创新药ETF;证券ETF;有色ETF;半导体ETF;军工ETF,沪深300;创业板;黄金;国债ETF,酒ETF;创新药ETF;证券ETF;有色ETF;半导体ETF;军工ETF
2023-01-16,1885432.4721000753,996275.598451422,889156.8736486534,0.5,False,halve,-0.12924362679338194,9,沪深300;创业板;黄金;酒ETF;创新药ETF;证券ETF;有色ETF;半导体ETF;军工ETF,沪深300;创业板;黄金,酒ETF;创新药ETF;证券ETF;有色ETF;半导体ETF;军工ETF
2023-01-17,1887737.393202878,1008058.833899384,879678.559303494,0.5,False,halve,-0.12817913640738132,9,沪深300;创业板;黄金;酒ETF;创新药ETF;证券ETF;有色ETF;半导体ETF;军工ETF,沪深300;创业板;黄金,酒ETF;创新药ETF;证券ETF;有色ETF;半导体ETF;军工ETF
2023-01-18,1885761.1122955831,1015039.8623162427,870721.2499793405,0.5,False,halve,-0.12909184965526385,9,沪深300;创业板;黄金;酒ETF;创新药ETF;证券ETF;有色ETF;半导体ETF;军工ETF,沪深300;创业板;黄金,酒ETF;创新药ETF;证券ETF;有色ETF;半导体ETF;军工ETF
2023-01-19,1895868.5159965712,1015737.0469041946,880131.4690923765,0.5,False,halve,-0.12442390937130106,9,沪深300;创业板;黄金;创新药ETF;证券ETF;酒ETF;有色ETF;半导体ETF;军工ETF,沪深300;创业板;黄金,创新药ETF;证券ETF;酒ETF;有色ETF;半导体ETF;军工ETF
2023-01-20,1901378.6575398042,1029734.6390270982,871644.018512706,0.5,False,halve,-0.12187913996850376,9,沪深300;创业板;黄金;创新药ETF;有色ETF;证券ETF;酒ETF;半导体ETF;军工ETF,沪深300;创业板;黄金,创新药ETF;有色ETF;证券ETF;酒ETF;半导体ETF;军工ETF
2023-01-30,1905974.1902181837,2087390.2434795902,-181416.0532614065,1.0,False,warning,-0.11975676781930605,10,沪深300;创业板;黄金;国债ETF;酒ETF;创新药ETF;有色ETF;证券ETF;半导体ETF;军工ETF,沪深300;创业板;黄金;国债ETF,酒ETF;创新药ETF;有色ETF;证券ETF;半导体ETF;军工ETF
2023-01-31,1887840.4209160372,1018602.9860817335,869237.4348343037,0.5,False,halve,-0.1281315547309343,10,沪深300;创业板;黄金;国债ETF;有色ETF;证券ETF;创新药ETF;酒ETF;军工ETF;半导体ETF,沪深300;创业板;黄金;国债ETF,有色ETF;证券ETF;创新药ETF;酒ETF;军工ETF;半导体ETF
2023-02-01,1897641.1521609542,1017680.8182479611,879960.3339129931,0.5,False,halve,-0.12360524614132401,11,沪深300;创业板;纳指;黄金;国债ETF;有色ETF;证券ETF;酒ETF;创新药ETF;半导体ETF;军工ETF,沪深300;创业板;纳指;黄金;国债ETF,有色ETF;证券ETF;酒ETF;创新药ETF;半导体ETF;军工ETF
2023-02-02,1899861.3245625207,1027934.1127911414,871927.2117713793,0.5,False,halve,-0.12257989556691273,10,沪深300;创业板;黄金;国债ETF;有色ETF;酒ETF;证券ETF;创新药ETF;半导体ETF;军工ETF,沪深300;创业板;黄金;国债ETF,有色ETF;酒ETF;证券ETF;创新药ETF;半导体ETF;军工ETF
2023-02-03,1893242.7082279606,1030961.321639823,862281.3865881376,0.5,False,halve,-0.12563659605362298,11,沪深300;创业板;纳指;黄金;国债ETF;有色ETF;酒ETF;证券ETF;创新药ETF;半导体ETF;军工ETF,沪深300;创业板;纳指;黄金;国债ETF,有色ETF;酒ETF;证券ETF;创新药ETF;半导体ETF;军工ETF
2023-02-06,1881184.0115154819,998386.8486187796,882797.1628967023,0.5,False,halve,-0.13120570933152312,11,沪深300;创业板;纳指;黄金;国债ETF;酒ETF;有色ETF;证券ETF;半导体ETF;创新药ETF;军工ETF,沪深300;创业板;纳指;黄金;国债ETF,酒ETF;有色ETF;证券ETF;半导体ETF;创新药ETF;军工ETF
2023-02-07,1880884.8149574755,1008499.3549415051,872385.4600159704,0.5,False,halve,-0.13134388840374164,11,沪深300;创业板;纳指;黄金;国债ETF;有色ETF;酒ETF;证券ETF;半导体ETF;创新药ETF;军工ETF,沪深300;创业板;纳指;黄金;国债ETF,有色ETF;酒ETF;证券ETF;半导体ETF;创新药ETF;军工ETF
2023-02-08,1879307.0697868979,1009715.9697813181,869591.1000055798,0.5,False,halve,-0.13207254439270225,11,沪深300;创业板;纳指;黄金;国债ETF;有色ETF;证券ETF;酒ETF;半导体ETF;创新药ETF;军工ETF,沪深300;创业板;纳指;黄金;国债ETF,有色ETF;证券ETF;酒ETF;半导体ETF;创新药ETF;军工ETF
2023-02-09,1890214.614584352,987764.1775578862,902450.4370264657,0.5,False,halve,-0.1270350719353404,11,沪深300;创业板;纳指;黄金;国债ETF;半导体ETF;酒ETF;有色ETF;证券ETF;创新药ETF;军工ETF,沪深300;创业板;纳指;黄金;国债ETF,半导体ETF;酒ETF;有色ETF;证券ETF;创新药ETF;军工ETF
2023-02-10,1882949.2709404842,987518.9839202354,895430.2870202488,0.5,False,halve,-0.13039045292885185,11,沪深300;创业板;纳指;黄金;国债ETF;半导体ETF;酒ETF;证券ETF;有色ETF;创新药ETF;军工ETF,沪深300;创业板;纳指;黄金;国债ETF,半导体ETF;酒ETF;证券ETF;有色ETF;创新药ETF;军工ETF
2023-02-13,1889613.7768667005,995305.7699582293,894308.0069084712,0.5,False,halve,-0.12731255907935096,11,沪深300;创业板;纳指;黄金;国债ETF;酒ETF;半导体ETF;证券ETF;军工ETF;有色ETF;创新药ETF,沪深300;创业板;纳指;黄金;国债ETF,酒ETF;半导体ETF;证券ETF;军工ETF;有色ETF;创新药ETF
2023-02-14,1890634.7276375177,1004612.8728550442,886021.8547824735,0.5,False,halve,-0.1268410495431706,11,沪深300;创业板;纳指;黄金;国债ETF;酒ETF;半导体ETF;有色ETF;军工ETF;证券ETF;创新药ETF,沪深300;创业板;纳指;黄金;国债ETF,酒ETF;半导体ETF;有色ETF;军工ETF;证券ETF;创新药ETF
2023-02-15,1887149.7481831936,1010371.7468473257,876778.0013358679,0.5,False,halve,-0.12845053071804757,11,沪深300;创业板;纳指;黄金;国债ETF;酒ETF;半导体ETF;军工ETF;有色ETF;证券ETF;创新药ETF,沪深300;创业板;纳指;黄金;国债ETF,酒ETF;半导体ETF;军工ETF;有色ETF;证券ETF;创新药ETF
2023-02-16,1882513.047513603,998601.5427747371,883911.5047388659,0.5,False,halve,-0.13059191563553568,11,沪深300;创业板;纳指;黄金;国债ETF;酒ETF;半导体ETF;军工ETF;证券ETF;有色ETF;创新药ETF,沪深300;创业板;纳指;黄金;国债ETF,酒ETF;半导体ETF;军工ETF;证券ETF;有色ETF;创新药ETF
2023-02-17,1868959.9913333284,984243.4020389786,884716.5892943498,0.5,False,halve,-0.136851174569512,11,沪深300;创业板;纳指;黄金;国债ETF;酒ETF;军工ETF;有色ETF;半导体ETF;证券ETF;创新药ETF,沪深300;创业板;纳指;黄金;国债ETF,酒ETF;军工ETF;有色ETF;半导体ETF;证券ETF;创新药ETF
2023-02-20,1880931.422072518,972873.1270548915,908058.2950176264,0.5,False,halve,-0.13132236366442562,11,沪深300;创业板;纳指;黄金;国债ETF;酒ETF;有色ETF;军工ETF;证券ETF;半导体ETF;创新药ETF,沪深300;创业板;纳指;黄金;国债ETF,酒ETF;有色ETF;军工ETF;证券ETF;半导体ETF;创新药ETF
2023-02-21,1880719.3345820373,982590.680257054,898128.6543249832,0.5,False,halve,-0.13142031282820962,11,沪深300;创业板;纳指;黄金;国债ETF;酒ETF;有色ETF;军工ETF;证券ETF;半导体ETF;创新药ETF,沪深300;创业板;纳指;黄金;国债ETF,酒ETF;有色ETF;军工ETF;证券ETF;半导体ETF;创新药ETF
2023-02-22,1874798.118489455,986627.0706386749,888171.0478507801,0.5,False,halve,-0.13415493033694847,11,沪深300;创业板;纳指;黄金;国债ETF;酒ETF;有色ETF;军工ETF;证券ETF;半导体ETF;创新药ETF,沪深300;创业板;纳指;黄金;国债ETF,酒ETF;有色ETF;军工ETF;证券ETF;半导体ETF;创新药ETF
2023-02-23,1875359.4011747725,996689.9599277119,878669.4412470607,0.5,False,halve,-0.13389571104236064,11,沪深300;创业板;纳指;黄金;国债ETF;酒ETF;有色ETF;证券ETF;军工ETF;半导体ETF;创新药ETF,沪深300;创业板;纳指;黄金;国债ETF,酒ETF;有色ETF;证券ETF;军工ETF;半导体ETF;创新药ETF
2023-02-24,1871158.875459373,1000089.6211491611,871069.2543102119,0.5,False,halve,-0.1358356556394898,11,沪深300;创业板;纳指;黄金;国债ETF;酒ETF;军工ETF;证券ETF;有色ETF;半导体ETF;创新药ETF,沪深300;创业板;纳指;黄金;国债ETF,酒ETF;军工ETF;证券ETF;有色ETF;半导体ETF;创新药ETF
2023-02-27,1865789.8088082247,1003346.0010941636,862443.8077140611,0.5,False,halve,-0.13831527189403064,11,沪深300;创业板;纳指;黄金;国债ETF;酒ETF;军工ETF;证券ETF;半导体ETF;有色ETF;创新药ETF,沪深300;创业板;纳指;黄金;国债ETF,酒ETF;军工ETF;证券ETF;半导体ETF;有色ETF;创新药ETF
2023-02-28,1870232.0818393854,1013073.8265286902,857158.2553106953,0.5,False,halve,-0.1362636802244024,11,沪深300;创业板;纳指;黄金;国债ETF;酒ETF;军工ETF;创新药ETF;证券ETF;半导体ETF;有色ETF,沪深300;创业板;纳指;黄金;国债ETF,酒ETF;军工ETF;创新药ETF;证券ETF;半导体ETF;有色ETF
2023-03-01,1875960.5612944975,1017454.3659790988,858506.1953153986,0.5,False,halve,-0.13361807500218728,11,沪深300;创业板;纳指;黄金;国债ETF;酒ETF;军工ETF;证券ETF;有色ETF;创新药ETF;半导体ETF,沪深300;创业板;纳指;黄金;国债ETF,酒ETF;军工ETF;证券ETF;有色ETF;创新药ETF;半导体ETF
2023-03-02,1870096.6373981019,1019720.1225428178,850376.514855284,0.5,False,halve,-0.13632623304037875,11,沪深300;创业板;纳指;黄金;国债ETF;酒ETF;证券ETF;军工ETF;有色ETF;创新药ETF;半导体ETF,沪深300;创业板;纳指;黄金;国债ETF,酒ETF;证券ETF;军工ETF;有色ETF;创新药ETF;半导体ETF
2023-03-03,1875415.9359185214,1027604.2185255534,847811.717392968,0.5,False,halve,-0.13386960138892284,10,沪深300;创业板;纳指;黄金;酒ETF;证券ETF;军工ETF;半导体ETF;有色ETF;创新药ETF,沪深300;创业板;纳指;黄金,酒ETF;证券ETF;军工ETF;半导体ETF;有色ETF;创新药ETF
2023-03-06,1880071.9298681293,1041588.9364227492,838482.9934453801,0.5,False,halve,-0.13171930618332642,10,沪深300;创业板;纳指;黄金;酒ETF;军工ETF;半导体ETF;证券ETF;创新药ETF;有色ETF,沪深300;创业板;纳指;黄金,酒ETF;军工ETF;半导体ETF;证券ETF;创新药ETF;有色ETF
2023-03-07,1867541.5743758837,1003041.4081144542,864500.1662614294,0.5,False,halve,-0.1375062474102718,10,沪深300;创业板;纳指;黄金;酒ETF;军工ETF;证券ETF;创新药ETF;有色ETF;半导体ETF,沪深300;创业板;纳指;黄金,酒ETF;军工ETF;证券ETF;创新药ETF;有色ETF;半导体ETF
2023-03-08,1863613.1356693665,1011701.1662824536,851911.9693869129,0.5,False,halve,-0.1393205330402638,9,纳指;黄金;国债ETF;酒ETF;军工ETF;证券ETF;有色ETF;半导体ETF;创新药ETF,纳指;黄金;国债ETF,酒ETF;军工ETF;证券ETF;有色ETF;半导体ETF;创新药ETF
2023-03-09,1864025.2946162722,1023074.5842222832,840950.710393989,0.5,False,halve,-0.13913018412291828,9,纳指;黄金;国债ETF;酒ETF;军工ETF;半导体ETF;证券ETF;有色ETF;创新药ETF,纳指;黄金;国债ETF,酒ETF;军工ETF;半导体ETF;证券ETF;有色ETF;创新药ETF
2023-03-10,1856677.2969669963,1018656.1583996369,838021.1385673594,0.5,False,halve,-0.14252373752676284,9,纳指;黄金;国债ETF;军工ETF;酒ETF;半导体ETF;创新药ETF;证券ETF;有色ETF,纳指;黄金;国债ETF,军工ETF;酒ETF;半导体ETF;创新药ETF;证券ETF;有色ETF
2023-03-13,1862094.0376469642,1025862.2062010299,836231.8314459343,0.5,False,halve,-0.14002210379610155,9,纳指;黄金;国债ETF;军工ETF;酒ETF;证券ETF;半导体ETF;有色ETF;创新药ETF,纳指;黄金;国债ETF,军工ETF;酒ETF;证券ETF;半导体ETF;有色ETF;创新药ETF
2023-03-14,1861881.7174982661,1037279.3142176336,824602.4032806326,0.5,False,halve,-0.14012016040930558,9,纳指;黄金;国债ETF;军工ETF;半导体ETF;酒ETF;创新药ETF;证券ETF;有色ETF,纳指;黄金;国债ETF,军工ETF;半导体ETF;酒ETF;创新药ETF;证券ETF;有色ETF
2023-03-15,1865553.8635535818,1051243.8604075466,814310.0031460351,0.5,False,halve,-0.13842423937881115,9,纳指;黄金;国债ETF;军工ETF;半导体ETF;创新药ETF;有色ETF;酒ETF;证券ETF,纳指;黄金;国债ETF,军工ETF;半导体ETF;创新药ETF;有色ETF;酒ETF;证券ETF
2023-03-16,1863064.2442911353,1038151.8049301447,824912.4393609907,0.5,False,halve,-0.13957402961087315,9,纳指;黄金;国债ETF;半导体ETF;军工ETF;酒ETF;证券ETF;创新药ETF;有色ETF,纳指;黄金;国债ETF,半导体ETF;军工ETF;酒ETF;证券ETF;创新药ETF;有色ETF
2023-03-17,1871035.6775929865,1051331.5779558767,819704.0996371098,0.5,False,halve,-0.13589255257369928,9,纳指;黄金;国债ETF;半导体ETF;军工ETF;证券ETF;酒ETF;有色ETF;创新药ETF,纳指;黄金;国债ETF,半导体ETF;军工ETF;证券ETF;酒ETF;有色ETF;创新药ETF
2023-03-20,1873936.0873322445,1064896.4454178412,809039.6419144033,0.5,False,halve,-0.13455304542998472,9,纳指;黄金;国债ETF;半导体ETF;军工ETF;证券ETF;有色ETF;创新药ETF;酒ETF,纳指;黄金;国债ETF,半导体ETF;军工ETF;证券ETF;有色ETF;创新药ETF;酒ETF
2023-03-21,1881080.1761004776,1033635.2386943768,847444.9374061008,0.5,False,halve,-0.13125366403195257,9,纳指;黄金;国债ETF;半导体ETF;军工ETF;酒ETF;证券ETF;创新药ETF;有色ETF,纳指;黄金;国债ETF,半导体ETF;军工ETF;酒ETF;证券ETF;创新药ETF;有色ETF
2023-03-22,1880461.5737966746,1044855.0305861721,835606.5432105025,0.5,False,halve,-0.13153935546163117,9,纳指;黄金;国债ETF;半导体ETF;军工ETF;创新药ETF;酒ETF;证券ETF;有色ETF,纳指;黄金;国债ETF,半导体ETF;军工ETF;创新药ETF;酒ETF;证券ETF;有色ETF
2023-03-23,1884559.0577613125,1034521.1556245196,850037.9021367929,0.5,False,halve,-0.12964699902398785,9,纳指;黄金;国债ETF;半导体ETF;军工ETF;有色ETF;证券ETF;酒ETF;创新药ETF,纳指;黄金;国债ETF,半导体ETF;军工ETF;有色ETF;证券ETF;酒ETF;创新药ETF
2023-03-24,1885581.1109731246,1043493.9695995285,842087.1413735962,0.5,False,halve,-0.12917498034333447,9,纳指;黄金;国债ETF;半导体ETF;军工ETF;证券ETF;有色ETF;酒ETF;创新药ETF,纳指;黄金;国债ETF,半导体ETF;军工ETF;证券ETF;有色ETF;酒ETF;创新药ETF
2023-03-27,1885098.9739042642,1054260.1276656548,830838.8462386094,0.5,False,halve,-0.12939764752006014,9,纳指;黄金;国债ETF;半导体ETF;证券ETF;军工ETF;有色ETF;酒ETF;创新药ETF,纳指;黄金;国债ETF,半导体ETF;证券ETF;军工ETF;有色ETF;酒ETF;创新药ETF
2023-03-28,1879075.13493435,1051656.2976766266,827418.8372577233,0.5,False,halve,-0.1321796597383926,9,纳指;黄金;国债ETF;半导体ETF;酒ETF;证券ETF;军工ETF;创新药ETF;有色ETF,纳指;黄金;国债ETF,半导体ETF;酒ETF;证券ETF;军工ETF;创新药ETF;有色ETF
2023-03-29,1880513.7838737608,1064232.3747673987,816281.4091063621,0.5,False,halve,-0.13151524308527127,9,纳指;黄金;国债ETF;半导体ETF;酒ETF;证券ETF;有色ETF;军工ETF;创新药ETF,纳指;黄金;国债ETF,半导体ETF;酒ETF;证券ETF;有色ETF;军工ETF;创新药ETF
2023-03-30,1886226.4912905537,1071791.5939959912,814434.8972945625,0.5,False,halve,-0.12887692192286104,9,纳指;黄金;国债ETF;半导体ETF;酒ETF;证券ETF;有色ETF;创新药ETF;军工ETF,纳指;黄金;国债ETF,半导体ETF;酒ETF;证券ETF;有色ETF;创新药ETF;军工ETF
2023-03-31,1889515.6704554954,1086495.242966112,803020.4274893834,0.5,False,halve,-0.12735786793239845,9,纳指;黄金;国债ETF;半导体ETF;酒ETF;有色ETF;证券ETF;军工ETF;创新药ETF,纳指;黄金;国债ETF,半导体ETF;酒ETF;有色ETF;证券ETF;军工ETF;创新药ETF
2023-04-03,1896694.9040739427,1058536.8751879311,838158.0288860116,0.5,False,halve,-0.12404225545594671,9,纳指;黄金;国债ETF;半导体ETF;证券ETF;酒ETF;有色ETF;军工ETF;创新药ETF,纳指;黄金;国债ETF,半导体ETF;证券ETF;酒ETF;有色ETF;军工ETF;创新药ETF
2023-04-04,1901351.6658050194,1072285.5130339689,829066.1527710506,0.5,False,halve,-0.12189160566294552,10,沪深300;纳指;黄金;国债ETF;半导体ETF;证券ETF;酒ETF;有色ETF;军工ETF;创新药ETF,沪深300;纳指;黄金;国债ETF,半导体ETF;证券ETF;酒ETF;有色ETF;军工ETF;创新药ETF
2023-04-06,1903984.8713999067,1078152.5337196838,825832.3376802229,0.5,False,halve,-0.12067550241467724,9,纳指;黄金;国债ETF;半导体ETF;证券ETF;有色ETF;酒ETF;军工ETF;创新药ETF,纳指;黄金;国债ETF,半导体ETF;证券ETF;有色ETF;酒ETF;军工ETF;创新药ETF
2023-04-07,1909705.1768460849,2170837.523387039,-261132.3465409542,1.0,False,warning,-0.11803367222576565,10,沪深300;纳指;黄金;国债ETF;半导体ETF;证券ETF;酒ETF;有色ETF;军工ETF;创新药ETF,沪深300;纳指;黄金;国债ETF,半导体ETF;证券ETF;酒ETF;有色ETF;军工ETF;创新药ETF
2023-04-10,1896070.8624712902,1068217.0921373402,827853.77033395,0.5,False,halve,-0.12433045893748032,9,纳指;黄金;国债ETF;半导体ETF;证券ETF;创新药ETF;有色ETF;军工ETF;酒ETF,纳指;黄金;国债ETF,半导体ETF;证券ETF;创新药ETF;有色ETF;军工ETF;酒ETF
2023-04-11,1898485.1982136143,1081811.8014105072,816673.3968031071,0.5,False,halve,-0.12321543717679767,9,纳指;黄金;国债ETF;半导体ETF;证券ETF;有色ETF;创新药ETF;军工ETF;酒ETF,纳指;黄金;国债ETF,半导体ETF;证券ETF;有色ETF;创新药ETF;军工ETF;酒ETF
2023-04-12,1897878.5926368544,1093415.741753021,804462.8508838334,0.5,False,halve,-0.12349558811288398,9,纳指;黄金;国债ETF;半导体ETF;证券ETF;有色ETF;军工ETF;创新药ETF;酒ETF,纳指;黄金;国债ETF,半导体ETF;证券ETF;有色ETF;军工ETF;创新药ETF;酒ETF
2023-04-13,1894164.4197124029,1095590.8560131795,798573.5636992233,0.5,False,halve,-0.12521091857049263,9,纳指;黄金;国债ETF;半导体ETF;证券ETF;有色ETF;创新药ETF;军工ETF;酒ETF,纳指;黄金;国债ETF,半导体ETF;证券ETF;有色ETF;创新药ETF;军工ETF;酒ETF
2023-04-14,1902227.303851507,1092301.0581847026,809926.2456668043,0.5,False,halve,-0.12148720644903367,10,沪深300;纳指;黄金;国债ETF;半导体ETF;有色ETF;证券ETF;创新药ETF;军工ETF;酒ETF,沪深300;纳指;黄金;国债ETF,半导体ETF;有色ETF;证券ETF;创新药ETF;军工ETF;酒ETF
2023-04-17,1907705.9851464787,2196594.410895636,-288888.4257491571,1.0,False,warning,-0.11895696645107133,10,沪深300;纳指;黄金;国债ETF;半导体ETF;有色ETF;证券ETF;创新药ETF;军工ETF;酒ETF,沪深300;纳指;黄金;国债ETF,半导体ETF;有色ETF;证券ETF;创新药ETF;军工ETF;酒ETF
2023-04-18,1899792.2838800438,1088784.429168473,811007.8547115708,0.5,False,halve,-0.12261178088509142,10,沪深300;纳指;黄金;国债ETF;半导体ETF;有色ETF;证券ETF;创新药ETF;军工ETF;酒ETF,沪深300;纳指;黄金;国债ETF,半导体ETF;有色ETF;证券ETF;创新药ETF;军工ETF;酒ETF
2023-04-19,1894758.1987095433,1086130.3946822511,808627.8040272922,0.5,False,halve,-0.12493669138193658,10,沪深300;纳指;黄金;国债ETF;半导体ETF;有色ETF;证券ETF;军工ETF;创新药ETF;酒ETF,沪深300;纳指;黄金;国债ETF,半导体ETF;有色ETF;证券ETF;军工ETF;创新药ETF;酒ETF
2023-04-20,1892731.7681672946,1093663.3056927794,799068.4624745152,0.5,False,halve,-0.12587256542443584,10,沪深300;纳指;黄金;国债ETF;半导体ETF;有色ETF;证券ETF;军工ETF;创新药ETF;酒ETF,沪深300;纳指;黄金;国债ETF,半导体ETF;有色ETF;证券ETF;军工ETF;创新药ETF;酒ETF
2023-04-21,1879024.02830695,1025450.3837596346,853573.6445473153,0.5,False,halve,-0.1322032625044318,9,纳指;黄金;国债ETF;半导体ETF;有色ETF;证券ETF;军工ETF;创新药ETF;酒ETF,纳指;黄金;国债ETF,半导体ETF;有色ETF;证券ETF;军工ETF;创新药ETF;酒ETF
2023-04-24,1871567.883250883,1002636.4819942818,868931.4012566013,0.5,False,halve,-0.13564676203209802,9,纳指;黄金;国债ETF;半导体ETF;有色ETF;证券ETF;创新药ETF;军工ETF;酒ETF,纳指;黄金;国债ETF,半导体ETF;有色ETF;证券ETF;创新药ETF;军工ETF;酒ETF
2023-04-25,1868507.4647910614,995780.2679423625,872727.1968486989,0.5,False,halve,-0.1370601666053208,9,纳指;黄金;国债ETF;半导体ETF;证券ETF;有色ETF;军工ETF;创新药ETF;酒ETF,纳指;黄金;国债ETF,半导体ETF;证券ETF;有色ETF;军工ETF;创新药ETF;酒ETF
2023-04-26,1868714.2592403227,1005338.755738342,863375.5035019808,0.5,False,halve,-0.13696466194668006,9,纳指;黄金;国债ETF;半导体ETF;证券ETF;军工ETF;有色ETF;创新药ETF;酒ETF,纳指;黄金;国债ETF,半导体ETF;证券ETF;军工ETF;有色ETF;创新药ETF;酒ETF
2023-04-27,1872150.315708478,1009320.0760158631,862830.2396926149,0.5,False,halve,-0.13537777505859575,9,纳指;黄金;国债ETF;半导体ETF;军工ETF;证券ETF;创新药ETF;有色ETF;酒ETF,纳指;黄金;国债ETF,半导体ETF;军工ETF;证券ETF;创新药ETF;有色ETF;酒ETF
2023-04-28,1878304.6914597072,1009537.1358143553,868767.5556453519,0.5,False,halve,-0.13253547654735703,9,纳指;黄金;国债ETF;半导体ETF;证券ETF;军工ETF;创新药ETF;有色ETF;酒ETF,纳指;黄金;国债ETF,半导体ETF;证券ETF;军工ETF;创新药ETF;有色ETF;酒ETF
2023-05-04,1880475.8067470808,1020178.0412001128,860297.765546968,0.5,False,halve,-0.13153278220458853,9,纳指;黄金;国债ETF;证券ETF;半导体ETF;军工ETF;创新药ETF;有色ETF;酒ETF,纳指;黄金;国债ETF,证券ETF;半导体ETF;军工ETF;创新药ETF;有色ETF;酒ETF
2023-05-05,1878931.880243077,1027354.5870903875,851577.2931526895,0.5,False,halve,-0.1322458195915104,9,纳指;黄金;国债ETF;证券ETF;军工ETF;半导体ETF;创新药ETF;有色ETF;酒ETF,纳指;黄金;国债ETF,证券ETF;军工ETF;半导体ETF;创新药ETF;有色ETF;酒ETF
2023-05-08,1883213.1899051317,1027628.8245887605,855584.3653163712,0.5,False,halve,-0.13026856624031885,10,沪深300;纳指;黄金;国债ETF;证券ETF;军工ETF;有色ETF;半导体ETF;创新药ETF;酒ETF,沪深300;纳指;黄金;国债ETF,证券ETF;军工ETF;有色ETF;半导体ETF;创新药ETF;酒ETF
2023-05-09,1878515.5648168938,1027267.4265465391,851248.1382703547,0.5,False,halve,-0.13243808811132085,10,沪深300;纳指;黄金;国债ETF;证券ETF;军工ETF;有色ETF;酒ETF;半导体ETF;创新药ETF,沪深300;纳指;黄金;国债ETF,证券ETF;军工ETF;有色ETF;酒ETF;半导体ETF;创新药ETF
2023-05-10,1875230.7831034474,1031856.4397137695,843374.3433896779,0.5,False,halve,-0.1339551112102124,10,沪深300;纳指;黄金;国债ETF;证券ETF;军工ETF;有色ETF;半导体ETF;酒ETF;创新药ETF,沪深300;纳指;黄金;国债ETF,证券ETF;军工ETF;有色ETF;半导体ETF;酒ETF;创新药ETF
2023-05-11,1876239.6836872953,1044184.2342601118,832055.4494271835,0.5,False,halve,-0.13348916685722323,9,纳指;黄金;国债ETF;证券ETF;军工ETF;有色ETF;半导体ETF;酒ETF;创新药ETF,纳指;黄金;国债ETF,证券ETF;军工ETF;有色ETF;半导体ETF;酒ETF;创新药ETF
2023-05-12,1869305.726700685,1026202.6231306655,843103.1035700195,0.5,False,halve,-0.13669150230385227,9,纳指;黄金;国债ETF;证券ETF;军工ETF;酒ETF;半导体ETF;创新药ETF;有色ETF,纳指;黄金;国债ETF,证券ETF;军工ETF;酒ETF;半导体ETF;创新药ETF;有色ETF
2023-05-15,1877438.5558554279,987548.6303127434,889889.9255426845,0.5,False,halve,-0.13293548721262757,10,沪深300;纳指;黄金;国债ETF;证券ETF;军工ETF;有色ETF;半导体ETF;创新药ETF;酒ETF,沪深300;纳指;黄金;国债ETF,证券ETF;军工ETF;有色ETF;半导体ETF;创新药ETF;酒ETF
2023-05-16,1876025.71170579,997163.8296025842,878861.8821032057,0.5,False,halve,-0.13358798634258828,10,沪深300;纳指;黄金;国债ETF;证券ETF;军工ETF;创新药ETF;有色ETF;半导体ETF;酒ETF,沪深300;纳指;黄金;国债ETF,证券ETF;军工ETF;创新药ETF;有色ETF;半导体ETF;酒ETF
2023-05-17,1875328.881621004,1007264.0045978931,868064.877023111,0.5,False,halve,-0.1339098060027183,10,创业板;纳指;黄金;国债ETF;证券ETF;军工ETF;半导体ETF;创新药ETF;有色ETF;酒ETF,创业板;纳指;黄金;国债ETF,证券ETF;军工ETF;半导体ETF;创新药ETF;有色ETF;酒ETF
2023-05-18,1875624.9457888766,1018332.3958703536,857292.5499185231,0.5,False,halve,-0.133773073574022,10,沪深300;纳指;黄金;国债ETF;军工ETF;证券ETF;半导体ETF;创新药ETF;有色ETF;酒ETF,沪深300;纳指;黄金;国债ETF,军工ETF;证券ETF;半导体ETF;创新药ETF;有色ETF;酒ETF
2023-05-19,1880247.3957423738,1028195.4037415317,852051.9920008421,0.5,False,halve,-0.13163827011837076,9,纳指;黄金;国债ETF;军工ETF;证券ETF;半导体ETF;创新药ETF;酒ETF;有色ETF,纳指;黄金;国债ETF,军工ETF;证券ETF;半导体ETF;创新药ETF;酒ETF;有色ETF
2023-05-22,1881004.5113401222,1038503.5677406108,842500.9435995114,0.5,False,halve,-0.13128860857294333,9,纳指;黄金;国债ETF;军工ETF;证券ETF;半导体ETF;创新药ETF;酒ETF;有色ETF,纳指;黄金;国债ETF,军工ETF;证券ETF;半导体ETF;创新药ETF;酒ETF;有色ETF
2023-05-23,1877722.483341092,1031683.6074429147,846038.8758981773,0.5,False,halve,-0.1328043599135442,9,纳指;黄金;国债ETF;证券ETF;军工ETF;创新药ETF;半导体ETF;酒ETF;有色ETF,纳指;黄金;国债ETF,证券ETF;军工ETF;创新药ETF;半导体ETF;酒ETF;有色ETF
2023-05-24,1872101.7338434337,1033933.1551104842,838168.5787329494,0.5,False,halve,-0.13540021180413586,9,纳指;黄金;国债ETF;证券ETF;军工ETF;半导体ETF;创新药ETF;酒ETF;有色ETF,纳指;黄金;国债ETF,证券ETF;军工ETF;半导体ETF;创新药ETF;酒ETF;有色ETF
2023-05-25,1873710.8787955511,1046729.3910151825,826981.4877803687,0.5,False,halve,-0.1346570543359138,9,纳指;黄金;国债ETF;军工ETF;证券ETF;半导体ETF;创新药ETF;有色ETF;酒ETF,纳指;黄金;国债ETF,军工ETF;证券ETF;半导体ETF;创新药ETF;有色ETF;酒ETF
2023-05-26,1874435.1070664108,1054970.4462503016,819464.6608161093,0.5,False,halve,-0.13432258126841376,9,纳指;黄金;国债ETF;半导体ETF;军工ETF;证券ETF;创新药ETF;有色ETF;酒ETF,纳指;黄金;国债ETF,半导体ETF;军工ETF;证券ETF;创新药ETF;有色ETF;酒ETF
2023-05-29,1881505.412345972,1071396.856399437,810108.555946535,0.5,False,halve,-0.13105727557659186,9,纳指;黄金;国债ETF;半导体ETF;军工ETF;证券ETF;创新药ETF;有色ETF;酒ETF,纳指;黄金;国债ETF,半导体ETF;军工ETF;证券ETF;创新药ETF;有色ETF;酒ETF
2023-05-30,1879928.905725694,1082611.53382581,797317.371899884,0.5,False,halve,-0.13178535956120702,9,纳指;黄金;国债ETF;半导体ETF;军工ETF;证券ETF;创新药ETF;有色ETF;酒ETF,纳指;黄金;国债ETF,半导体ETF;军工ETF;证券ETF;创新药ETF;有色ETF;酒ETF
2023-05-31,1880012.8006767982,1093104.8285241874,786907.9721526108,0.5,False,halve,-0.13174661404025367,9,纳指;黄金;国债ETF;半导体ETF;军工ETF;证券ETF;创新药ETF;有色ETF;酒ETF,纳指;黄金;国债ETF,半导体ETF;军工ETF;证券ETF;创新药ETF;有色ETF;酒ETF
2023-06-01,1881970.0010678647,1097956.5854985246,784013.4155693401,0.5,False,halve,-0.13084271281897825,9,纳指;黄金;国债ETF;半导体ETF;军工ETF;创新药ETF;证券ETF;有色ETF;酒ETF,纳指;黄金;国债ETF,半导体ETF;军工ETF;创新药ETF;证券ETF;有色ETF;酒ETF
2023-06-02,1889622.405337439,1089236.9480984625,800385.4572389764,0.5,False,halve,-0.12730857416024213,9,纳指;黄金;国债ETF;半导体ETF;军工ETF;创新药ETF;有色ETF;证券ETF;酒ETF,纳指;黄金;国债ETF,半导体ETF;军工ETF;创新药ETF;有色ETF;证券ETF;酒ETF
2023-06-05,1884701.9171625727,1089677.29285262,795024.6243099528,0.5,False,halve,-0.12958102172914404,8,纳指;国债ETF;半导体ETF;创新药ETF;军工ETF;有色ETF;证券ETF;酒ETF,纳指;国债ETF,半导体ETF;创新药ETF;军工ETF;有色ETF;证券ETF;酒ETF
2023-06-06,1877701.0098889759,1056897.0935292507,820803.9163597252,0.5,False,halve,-0.13281427707873655,9,纳指;黄金;国债ETF;半导体ETF;军工ETF;创新药ETF;证券ETF;有色ETF;酒ETF,纳指;黄金;国债ETF,半导体ETF;军工ETF;创新药ETF;证券ETF;有色ETF;酒ETF
2023-06-07,1875970.4387177988,1065016.0372596316,810954.4014581672,0.5,False,halve,-0.13361351327461668,9,纳指;黄金;国债ETF;半导体ETF;军工ETF;证券ETF;有色ETF;创新药ETF;酒ETF,纳指;黄金;国债ETF,半导体ETF;军工ETF;证券ETF;有色ETF;创新药ETF;酒ETF
2023-06-08,1870217.6849157538,1072879.9312947213,797337.7536210325,0.5,False,halve,-0.13627032920981683,9,纳指;黄金;国债ETF;半导体ETF;有色ETF;证券ETF;军工ETF;创新药ETF;酒ETF,纳指;黄金;国债ETF,半导体ETF;有色ETF;证券ETF;军工ETF;创新药ETF;酒ETF
2023-06-09,1878337.6102710462,1077859.5363095913,800478.0739614549,0.5,False,halve,-0.13252027352884754,9,纳指;黄金;国债ETF;半导体ETF;证券ETF;有色ETF;军工ETF;创新药ETF;酒ETF,纳指;黄金;国债ETF,半导体ETF;证券ETF;有色ETF;军工ETF;创新药ETF;酒ETF
2023-06-12,1881759.7832292751,1090853.5248521452,790906.2583771299,0.5,False,halve,-0.13093979851439416,9,纳指;黄金;国债ETF;半导体ETF;有色ETF;证券ETF;军工ETF;酒ETF;创新药ETF,纳指;黄金;国债ETF,半导体ETF;有色ETF;证券ETF;军工ETF;酒ETF;创新药ETF
2023-06-13,1890850.8398262085,1095738.7367857762,795112.1030404323,0.5,False,halve,-0.12674124163786782,9,纳指;黄金;国债ETF;半导体ETF;有色ETF;证券ETF;酒ETF;军工ETF;创新药ETF,纳指;黄金;国债ETF,半导体ETF;有色ETF;证券ETF;酒ETF;军工ETF;创新药ETF
2023-06-14,1891805.5164764293,1103938.6944587212,787866.8220177081,0.5,False,halve,-0.1263003397281827,9,纳指;黄金;国债ETF;半导体ETF;酒ETF;有色ETF;证券ETF;军工ETF;创新药ETF,纳指;黄金;国债ETF,半导体ETF;酒ETF;有色ETF;证券ETF;军工ETF;创新药ETF
2023-06-15,1895646.2826028063,1090461.4822502364,805184.8003525699,0.5,False,halve,-0.1245265442557764,9,纳指;黄金;国债ETF;半导体ETF;证券ETF;酒ETF;有色ETF;军工ETF;创新药ETF,纳指;黄金;国债ETF,半导体ETF;证券ETF;酒ETF;有色ETF;军工ETF;创新药ETF
2023-06-16,1901802.4690638885,1096200.3512616213,805602.1178022672,0.5,False,halve,-0.12168340949759288,9,纳指;黄金;国债ETF;半导体ETF;证券ETF;有色ETF;酒ETF;军工ETF;创新药ETF,纳指;黄金;国债ETF,半导体ETF;证券ETF;有色ETF;酒ETF;军工ETF;创新药ETF
2023-06-19,1897907.470792309,1094434.9844128333,803472.4863794756,0.5,False,halve,-0.123482251205686,9,纳指;黄金;国债ETF;半导体ETF;证券ETF;军工ETF;有色ETF;酒ETF;创新药ETF,纳指;黄金;国债ETF,半导体ETF;证券ETF;军工ETF;有色ETF;酒ETF;创新药ETF
2023-06-20,1897711.0933596783,1107706.956785562,790004.1365741163,0.5,False,halve,-0.1235729449343384,9,纳指;黄金;国债ETF;半导体ETF;军工ETF;证券ETF;有色ETF;酒ETF;创新药ETF,纳指;黄金;国债ETF,半导体ETF;军工ETF;证券ETF;有色ETF;酒ETF;创新药ETF
2023-06-21,1888061.0684213168,1037090.2352096818,850970.833211635,0.5,False,halve,-0.12802965226330554,9,纳指;黄金;国债ETF;军工ETF;证券ETF;半导体ETF;有色ETF;酒ETF;创新药ETF,纳指;黄金;国债ETF,军工ETF;证券ETF;半导体ETF;有色ETF;酒ETF;创新药ETF
2023-06-26,1880383.4285376044,1021136.5931363364,859246.835401268,0.5,False,halve,-0.13157544558067716,9,纳指;黄金;国债ETF;军工ETF;半导体ETF;有色ETF;证券ETF;酒ETF;创新药ETF,纳指;黄金;国债ETF,军工ETF;半导体ETF;有色ETF;证券ETF;酒ETF;创新药ETF
2023-06-27,1880675.9992191098,1015633.2360188391,865042.7632002707,0.5,False,halve,-0.1314403265619353,9,纳指;黄金;国债ETF;军工ETF;有色ETF;证券ETF;半导体ETF;酒ETF;创新药ETF,纳指;黄金;国债ETF,军工ETF;有色ETF;证券ETF;半导体ETF;酒ETF;创新药ETF
2023-06-28,1882701.9307107267,1027721.3022347572,854980.6284759694,0.5,False,halve,-0.13050468299786724,9,纳指;黄金;国债ETF;军工ETF;有色ETF;证券ETF;酒ETF;半导体ETF;创新药ETF,纳指;黄金;国债ETF,军工ETF;有色ETF;证券ETF;酒ETF;半导体ETF;创新药ETF
2023-06-29,1883314.0571885437,1038869.2886462659,844444.7685422779,0.5,False,halve,-0.1302219823232713,9,纳指;黄金;国债ETF;军工ETF;有色ETF;证券ETF;酒ETF;半导体ETF;创新药ETF,纳指;黄金;国债ETF,军工ETF;有色ETF;证券ETF;酒ETF;半导体ETF;创新药ETF
2023-06-30,1888475.6286090645,1032054.8628997529,856420.7657093116,0.5,False,halve,-0.12783819437186647,8,纳指;国债ETF;军工ETF;证券ETF;有色ETF;酒ETF;半导体ETF;创新药ETF,纳指;国债ETF,军工ETF;证券ETF;有色ETF;酒ETF;半导体ETF;创新药ETF
2023-07-03,1898812.4557177701,1027548.2177976662,871264.237920104,0.5,False,halve,-0.12306429861222952,8,纳指;国债ETF;军工ETF;证券ETF;有色ETF;酒ETF;创新药ETF;半导体ETF,纳指;国债ETF,军工ETF;证券ETF;有色ETF;酒ETF;创新药ETF;半导体ETF
2023-07-04,1899303.7540764417,1034306.412370034,864997.3417064077,0.5,False,halve,-0.12283740044255774,8,纳指;国债ETF;军工ETF;证券ETF;有色ETF;酒ETF;创新药ETF;半导体ETF,纳指;国债ETF,军工ETF;证券ETF;有色ETF;酒ETF;创新药ETF;半导体ETF
2023-07-05,1897262.9940887084,1041259.3899688749,856003.6041198336,0.5,False,halve,-0.12377989230678481,8,纳指;国债ETF;军工ETF;有色ETF;证券ETF;酒ETF;创新药ETF;半导体ETF,纳指;国债ETF,军工ETF;有色ETF;证券ETF;酒ETF;创新药ETF;半导体ETF
2023-07-06,1894465.5331482445,1042777.7414610706,851687.7916871739,0.5,False,halve,-0.12507185421937048,8,纳指;国债ETF;军工ETF;有色ETF;证券ETF;酒ETF;半导体ETF;创新药ETF,纳指;国债ETF,军工ETF;有色ETF;证券ETF;酒ETF;半导体ETF;创新药ETF
2023-07-07,1891233.3350550681,1050781.3276865804,840452.0073684878,0.5,False,halve,-0.12656459242704796,8,纳指;国债ETF;军工ETF;证券ETF;有色ETF;酒ETF;半导体ETF;创新药ETF,纳指;国债ETF,军工ETF;证券ETF;有色ETF;酒ETF;半导体ETF;创新药ETF
2023-07-10,1889449.5973552908,1058713.6282392093,830735.9691160815,0.5,False,halve,-0.12738838272088968,9,纳指;黄金;国债ETF;军工ETF;证券ETF;酒ETF;有色ETF;半导体ETF;创新药ETF,纳指;黄金;国债ETF,军工ETF;证券ETF;酒ETF;有色ETF;半导体ETF;创新药ETF
2023-07-11,1894197.7476206475,1062326.2518907227,831871.4957299249,0.5,False,halve,-0.12519552661721978,8,纳指;国债ETF;军工ETF;证券ETF;有色ETF;酒ETF;半导体ETF;创新药ETF,纳指;国债ETF,军工ETF;证券ETF;有色ETF;酒ETF;半导体ETF;创新药ETF
2023-07-12,1890651.0024039021,1059396.0828616272,831254.9195422749,0.5,False,halve,-0.12683353330657166,9,纳指;黄金;国债ETF;军工ETF;证券ETF;有色ETF;酒ETF;创新药ETF;半导体ETF,纳指;黄金;国债ETF,军工ETF;证券ETF;有色ETF;酒ETF;创新药ETF;半导体ETF
2023-07-13,1903659.4882143564,1026943.5131169318,876715.9750974246,0.5,False,halve,-0.12082577535563101,10,沪深300;纳指;黄金;国债ETF;军工ETF;证券ETF;有色ETF;酒ETF;创新药ETF;半导体ETF,沪深300;纳指;黄金;国债ETF,军工ETF;证券ETF;有色ETF;酒ETF;创新药ETF;半导体ETF
2023-07-14,1902577.6403590017,1035529.6303328889,867048.0100261128,0.5,False,halve,-0.12132540922151044,10,沪深300;纳指;黄金;国债ETF;军工ETF;证券ETF;有色ETF;酒ETF;半导体ETF;创新药ETF,沪深300;纳指;黄金;国债ETF,军工ETF;证券ETF;有色ETF;酒ETF;半导体ETF;创新药ETF
2023-07-17,1900232.0965810106,1038241.9956023367,861990.1009786739,0.5,False,halve,-0.1224086605304507,9,纳指;黄金;国债ETF;军工ETF;证券ETF;有色ETF;酒ETF;半导体ETF;创新药ETF,纳指;黄金;国债ETF,军工ETF;证券ETF;有色ETF;酒ETF;半导体ETF;创新药ETF
2023-07-18,1903304.5525241452,1051613.2572230068,851691.2953011384,0.5,False,halve,-0.1209896966410142,9,纳指;黄金;国债ETF;军工ETF;证券ETF;有色ETF;酒ETF;半导体ETF;创新药ETF,纳指;黄金;国债ETF,军工ETF;证券ETF;有色ETF;酒ETF;半导体ETF;创新药ETF
2023-07-19,1908749.193041621,2130851.1042089085,-222101.9111672875,1.0,False,warning,-0.1184751778234135,10,沪深300;纳指;黄金;国债ETF;证券ETF;军工ETF;有色ETF;酒ETF;创新药ETF;半导体ETF,沪深300;纳指;黄金;国债ETF,证券ETF;军工ETF;有色ETF;酒ETF;创新药ETF;半导体ETF
2023-07-20,1894220.449431989,1058362.2931348055,835858.1562971836,0.5,False,halve,-0.12518504215426418,10,沪深300;纳指;黄金;国债ETF;证券ETF;有色ETF;军工ETF;酒ETF;创新药ETF;半导体ETF,沪深300;纳指;黄金;国债ETF,证券ETF;有色ETF;军工ETF;酒ETF;创新药ETF;半导体ETF
2023-07-21,1892638.3033394925,1066634.8450105726,826003.45832892,0.5,False,halve,-0.12591573063755462,10,沪深300;纳指;黄金;国债ETF;证券ETF;酒ETF;有色ETF;军工ETF;创新药ETF;半导体ETF,沪深300;纳指;黄金;国债ETF,证券ETF;酒ETF;有色ETF;军工ETF;创新药ETF;半导体ETF
2023-07-24,1890918.505579269,1077380.6040081186,813537.9015711504,0.5,False,halve,-0.1267099913085152,10,沪深300;纳指;黄金;国债ETF;证券ETF;军工ETF;有色ETF;酒ETF;创新药ETF;半导体ETF,沪深300;纳指;黄金;国债ETF,证券ETF;军工ETF;有色ETF;酒ETF;创新药ETF;半导体ETF
2023-07-25,1905719.1411822326,2003490.9569814235,-97771.8157991909,1.0,False,warning,-0.11987455807529289,10,沪深300;纳指;黄金;国债ETF;证券ETF;酒ETF;有色ETF;军工ETF;创新药ETF;半导体ETF,沪深300;纳指;黄金;国债ETF,证券ETF;酒ETF;有色ETF;军工ETF;创新药ETF;半导体ETF
2023-07-26,1907701.0213427667,2026592.259561691,-118891.23821892426,1.0,False,warning,-0.11895925890321775,10,沪深300;纳指;黄金;国债ETF;证券ETF;酒ETF;有色ETF;军工ETF;创新药ETF;半导体ETF,沪深300;纳指;黄金;国债ETF,证券ETF;酒ETF;有色ETF;军工ETF;创新药ETF;半导体ETF
2023-07-27,1908204.645833433,2043108.396509802,-134903.75067636906,1.0,False,warning,-0.11872666810962541,10,沪深300;纳指;黄金;国债ETF;酒ETF;证券ETF;有色ETF;军工ETF;创新药ETF;半导体ETF,沪深300;纳指;黄金;国债ETF,酒ETF;证券ETF;有色ETF;军工ETF;创新药ETF;半导体ETF
2023-07-28,1926213.6259576005,2008023.5460401666,-81809.9200825661,1.0,False,warning,-0.11040951305362724,11,沪深300;创业板;纳指;黄金;国债ETF;证券ETF;酒ETF;有色ETF;创新药ETF;军工ETF;半导体ETF,沪深300;创业板;纳指;黄金;国债ETF,证券ETF;酒ETF;有色ETF;创新药ETF;军工ETF;半导体ETF
2023-07-31,1934172.4192923564,2037080.0432510155,-102907.62395865913,1.0,False,warning,-0.10673387358001943,11,沪深300;创业板;纳指;黄金;国债ETF;证券ETF;酒ETF;有色ETF;军工ETF;半导体ETF;创新药ETF,沪深300;创业板;纳指;黄金;国债ETF,证券ETF;酒ETF;有色ETF;军工ETF;半导体ETF;创新药ETF
2023-08-01,1931844.0460309887,2052909.4162834398,-121065.37025245116,1.0,False,warning,-0.10780919496465727,11,沪深300;创业板;纳指;黄金;国债ETF;证券ETF;酒ETF;有色ETF;军工ETF;半导体ETF;创新药ETF,沪深300;创业板;纳指;黄金;国债ETF,证券ETF;酒ETF;有色ETF;军工ETF;半导体ETF;创新药ETF
2023-08-02,1921590.8035137034,2053353.9665071042,-131763.16299340082,1.0,False,warning,-0.11254448853792152,11,沪深300;创业板;纳指;黄金;国债ETF;证券ETF;酒ETF;有色ETF;半导体ETF;军工ETF;创新药ETF,沪深300;创业板;纳指;黄金;国债ETF,证券ETF;酒ETF;有色ETF;半导体ETF;军工ETF;创新药ETF
2023-08-03,1928891.5192227368,2065640.0836966503,-136748.56447391352,1.0,False,warning,-0.10917277153045443,11,沪深300;创业板;纳指;黄金;国债ETF;证券ETF;酒ETF;有色ETF;半导体ETF;军工ETF;创新药ETF,沪深300;创业板;纳指;黄金;国债ETF,证券ETF;酒ETF;有色ETF;半导体ETF;军工ETF;创新药ETF
2023-08-04,1934757.4588238792,2093998.4481099069,-159240.98928602762,1.0,False,warning,-0.10646368257175493,11,沪深300;创业板;纳指;黄金;国债ETF;证券ETF;酒ETF;有色ETF;半导体ETF;军工ETF;创新药ETF,沪深300;创业板;纳指;黄金;国债ETF,证券ETF;酒ETF;有色ETF;半导体ETF;军工ETF;创新药ETF
2023-08-07,1920087.9799085383,2062904.109829463,-142816.12992092478,1.0,False,warning,-0.11323854321840833,11,沪深300;创业板;纳指;黄金;国债ETF;证券ETF;酒ETF;有色ETF;军工ETF;半导体ETF;创新药ETF,沪深300;创业板;纳指;黄金;国债ETF,证券ETF;酒ETF;有色ETF;军工ETF;半导体ETF;创新药ETF
2023-08-08,1918118.9760084767,2082557.2920746335,-164438.31606615684,1.0,False,warning,-0.11414789569865792,11,沪深300;创业板;纳指;黄金;国债ETF;证券ETF;酒ETF;有色ETF;半导体ETF;军工ETF;创新药ETF,沪深300;创业板;纳指;黄金;国债ETF,证券ETF;酒ETF;有色ETF;半导体ETF;军工ETF;创新药ETF
2023-08-09,1915945.599329553,2102485.3936266503,-186539.79429709725,1.0,False,warning,-0.11515163442839531,11,沪深300;创业板;纳指;黄金;国债ETF;证券ETF;酒ETF;有色ETF;军工ETF;半导体ETF;创新药ETF,沪深300;创业板;纳指;黄金;国债ETF,证券ETF;酒ETF;有色ETF;军工ETF;半导体ETF;创新药ETF
2023-08-10,1917164.8331714328,2124746.60643504,-207581.77326360717,1.0,False,warning,-0.1145885510753949,11,沪深300;创业板;纳指;黄金;国债ETF;证券ETF;酒ETF;有色ETF;军工ETF;半导体ETF;创新药ETF,沪深300;创业板;纳指;黄金;国债ETF,证券ETF;酒ETF;有色ETF;军工ETF;半导体ETF;创新药ETF
2023-08-11,1887851.304298684,997260.182126527,890591.122172157,0.5,False,halve,-0.12812652841737387,10,沪深300;纳指;黄金;国债ETF;证券ETF;酒ETF;有色ETF;创新药ETF;军工ETF;半导体ETF,沪深300;纳指;黄金;国债ETF,证券ETF;酒ETF;有色ETF;创新药ETF;军工ETF;半导体ETF
2023-08-14,1884399.231446988,1004439.0417552313,879960.1896917566,0.5,False,halve,-0.12972081221213624,9,纳指;黄金;国债ETF;证券ETF;酒ETF;有色ETF;创新药ETF;军工ETF;半导体ETF,纳指;黄金;国债ETF,证券ETF;酒ETF;有色ETF;创新药ETF;军工ETF;半导体ETF
2023-08-15,1887904.8344317432,1015619.3347694334,872285.4996623099,0.5,False,halve,-0.12810180639459678,9,纳指;黄金;国债ETF;证券ETF;酒ETF;有色ETF;创新药ETF;军工ETF;半导体ETF,纳指;黄金;国债ETF,证券ETF;酒ETF;有色ETF;创新药ETF;军工ETF;半导体ETF
2023-08-16,1882680.445666423,1017738.2987409192,864942.1469255039,0.5,False,halve,-0.13051460551672314,9,纳指;黄金;国债ETF;证券ETF;酒ETF;有色ETF;创新药ETF;军工ETF;半导体ETF,纳指;黄金;国债ETF,证券ETF;酒ETF;有色ETF;创新药ETF;军工ETF;半导体ETF
2023-08-17,1885077.298796522,1011849.4459821124,873227.8528144095,0.5,False,halve,-0.12940765781662908,10,沪深300;纳指;黄金;国债ETF;证券ETF;酒ETF;有色ETF;军工ETF;创新药ETF;半导体ETF,沪深300;纳指;黄金;国债ETF,证券ETF;酒ETF;有色ETF;军工ETF;创新药ETF;半导体ETF
2023-08-18,1873439.077315079,989686.0159226079,883753.0613924712,0.5,False,halve,-0.13478258143639088,9,沪深300;黄金;国债ETF;证券ETF;酒ETF;有色ETF;军工ETF;创新药ETF;半导体ETF,沪深300;黄金;国债ETF,证券ETF;酒ETF;有色ETF;军工ETF;创新药ETF;半导体ETF
2023-08-21,1867112.8426525297,985150.7944498253,881962.0482027044,0.5,False,halve,-0.1377042501953254,9,纳指;黄金;国债ETF;证券ETF;酒ETF;有色ETF;军工ETF;创新药ETF;半导体ETF,纳指;黄金;国债ETF,证券ETF;酒ETF;有色ETF;军工ETF;创新药ETF;半导体ETF
2023-08-22,1872498.1088499995,991039.7333244043,881458.3755255952,0.5,False,halve,-0.13521715244335028,9,纳指;黄金;国债ETF;证券ETF;酒ETF;军工ETF;有色ETF;创新药ETF;半导体ETF,纳指;黄金;国债ETF,证券ETF;酒ETF;军工ETF;有色ETF;创新药ETF;半导体ETF
2023-08-23,1865896.8131440782,963094.0478811337,902802.7652629445,0.5,False,halve,-0.1382658536789612,9,纳指;黄金;国债ETF;证券ETF;酒ETF;军工ETF;有色ETF;创新药ETF;半导体ETF,纳指;黄金;国债ETF,证券ETF;酒ETF;军工ETF;有色ETF;创新药ETF;半导体ETF
2023-08-24,1877930.065376881,938965.0326884403,938965.0326884408,0.5,False,halve,-0.13270849152085382,9,纳指;黄金;国债ETF;证券ETF;酒ETF;军工ETF;有色ETF;创新药ETF;半导体ETF,纳指;黄金;国债ETF,证券ETF;酒ETF;军工ETF;有色ETF;创新药ETF;半导体ETF
2023-08-25,1865754.2517598462,932877.1258799235,932877.1258799228,0.5,False,halve,-0.13833169333947945,8,黄金;国债ETF;证券ETF;酒ETF;军工ETF;有色ETF;创新药ETF;半导体ETF,黄金;国债ETF,证券ETF;酒ETF;军工ETF;有色ETF;创新药ETF;半导体ETF
2023-08-28,1867921.9963600407,933960.9981800201,933960.9981800206,0.5,False,halve,-0.13733055569385424,8,黄金;国债ETF;证券ETF;酒ETF;军工ETF;创新药ETF;有色ETF;半导体ETF,黄金;国债ETF,证券ETF;酒ETF;军工ETF;创新药ETF;有色ETF;半导体ETF
2023-08-29,1873902.9105874375,936951.4552937188,936951.4552937186,0.5,False,halve,-0.1345683675708784,9,纳指;黄金;国债ETF;证券ETF;酒ETF;创新药ETF;军工ETF;有色ETF;半导体ETF,纳指;黄金;国债ETF,证券ETF;酒ETF;创新药ETF;军工ETF;有色ETF;半导体ETF
2023-08-30,1880108.427737254,940054.2138686266,940054.2138686273,0.5,False,halve,-0.13170245023509225,9,纳指;黄金;国债ETF;酒ETF;军工ETF;证券ETF;创新药ETF;有色ETF;半导体ETF,纳指;黄金;国债ETF,酒ETF;军工ETF;证券ETF;创新药ETF;有色ETF;半导体ETF
2023-08-31,1880338.4316903884,940169.2158451944,940169.215845194,0.5,False,halve,-0.13159622664394374,9,纳指;黄金;国债ETF;酒ETF;军工ETF;创新药ETF;证券ETF;半导体ETF;有色ETF,纳指;黄金;国债ETF,酒ETF;军工ETF;创新药ETF;证券ETF;半导体ETF;有色ETF
2023-09-01,1880553.6132472847,966342.8659875232,914210.7472597614,0.5,False,halve,-0.13149684853582444,9,纳指;黄金;国债ETF;酒ETF;创新药ETF;军工ETF;证券ETF;有色ETF;半导体ETF,纳指;黄金;国债ETF,酒ETF;创新药ETF;军工ETF;证券ETF;有色ETF;半导体ETF
2023-09-04,1886433.5806142348,943216.7903071174,943216.7903071174,0.5,False,halve,-0.12878128108125747,10,沪深300;纳指;黄金;国债ETF;酒ETF;军工ETF;创新药ETF;有色ETF;证券ETF;半导体ETF,沪深300;纳指;黄金;国债ETF,酒ETF;军工ETF;创新药ETF;有色ETF;证券ETF;半导体ETF
2023-09-05,1883635.0050298464,966208.4413148046,917426.5637150418,0.5,False,halve,-0.13007375777404098,10,沪深300;纳指;黄金;国债ETF;酒ETF;军工ETF;有色ETF;证券ETF;创新药ETF;半导体ETF,沪深300;纳指;黄金;国债ETF,酒ETF;军工ETF;有色ETF;证券ETF;创新药ETF;半导体ETF
2023-09-06,1884288.728383819,975492.1102415995,908796.6181422196,0.5,False,halve,-0.12977184625760696,9,纳指;黄金;国债ETF;酒ETF;军工ETF;有色ETF;半导体ETF;证券ETF;创新药ETF,纳指;黄金;国债ETF,酒ETF;军工ETF;有色ETF;半导体ETF;证券ETF;创新药ETF
2023-09-07,1876740.8197252154,938370.409862608,938370.4098626075,0.5,False,halve,-0.1332577253151263,8,纳指;黄金;酒ETF;军工ETF;证券ETF;有色ETF;半导体ETF;创新药ETF,纳指;黄金,酒ETF;军工ETF;证券ETF;有色ETF;半导体ETF;创新药ETF
2023-09-08,1882314.4365691212,970102.8946441946,912211.5419249266,0.5,False,halve,-0.1306836408753707,8,纳指;黄金;军工ETF;酒ETF;证券ETF;半导体ETF;有色ETF;创新药ETF,纳指;黄金,军工ETF;酒ETF;证券ETF;半导体ETF;有色ETF;创新药ETF
2023-09-11,1884289.7929409454,972148.3262499631,912141.4666909822,0.5,False,halve,-0.12977135460918357,7,黄金;酒ETF;军工ETF;证券ETF;有色ETF;半导体ETF;创新药ETF,黄金,酒ETF;军工ETF;证券ETF;有色ETF;半导体ETF;创新药ETF
2023-09-12,1882406.006614976,977719.4161625459,904686.5904524302,0.5,False,halve,-0.13064135073652838,7,黄金;酒ETF;军工ETF;有色ETF;证券ETF;半导体ETF;创新药ETF,黄金,酒ETF;军工ETF;有色ETF;证券ETF;半导体ETF;创新药ETF
2023-09-13,1881448.6955639152,982506.744008558,898941.9515553572,0.5,False,halve,-0.1310834693014664,8,黄金;国债ETF;酒ETF;有色ETF;半导体ETF;证券ETF;军工ETF;创新药ETF,黄金;国债ETF,酒ETF;有色ETF;半导体ETF;证券ETF;军工ETF;创新药ETF
2023-09-14,1883543.8169352198,993678.4897022364,889865.3272329834,0.5,False,halve,-0.13011587151491036,8,纳指;黄金;酒ETF;有色ETF;创新药ETF;证券ETF;半导体ETF;军工ETF,纳指;黄金,酒ETF;有色ETF;创新药ETF;证券ETF;半导体ETF;军工ETF
2023-09-15,1883212.900864358,1002595.5031730667,880617.3976912914,0.5,False,halve,-0.13026869972910698,8,纳指;黄金;有色ETF;创新药ETF;酒ETF;半导体ETF;证券ETF;军工ETF,纳指;黄金,有色ETF;创新药ETF;酒ETF;半导体ETF;证券ETF;军工ETF
2023-09-18,1876080.0603072362,1009548.7701254614,866531.2901817748,0.5,False,halve,-0.1335628863234762,8,黄金;国债ETF;创新药ETF;酒ETF;有色ETF;证券ETF;半导体ETF;军工ETF,黄金;国债ETF,创新药ETF;酒ETF;有色ETF;证券ETF;半导体ETF;军工ETF
2023-09-19,1876715.0947044536,1018546.6763704008,858168.4183340528,0.5,False,halve,-0.13326960599826437,8,黄金;国债ETF;创新药ETF;酒ETF;有色ETF;证券ETF;半导体ETF;军工ETF,黄金;国债ETF,创新药ETF;酒ETF;有色ETF;证券ETF;半导体ETF;军工ETF
2023-09-20,1876151.224069029,1023431.1243661739,852720.0997028552,0.5,False,halve,-0.13353002049558818,7,黄金;创新药ETF;有色ETF;酒ETF;证券ETF;半导体ETF;军工ETF,黄金,创新药ETF;有色ETF;酒ETF;证券ETF;半导体ETF;军工ETF
2023-09-21,1871187.2846677168,1026656.6320414299,844530.652626287,0.5,False,halve,-0.13582253530790053,8,黄金;国债ETF;创新药ETF;有色ETF;酒ETF;证券ETF;半导体ETF;军工ETF,黄金;国债ETF,创新药ETF;有色ETF;酒ETF;证券ETF;半导体ETF;军工ETF
2023-09-22,1876095.4643178864,1001941.1015267258,874154.3627911606,0.5,False,halve,-0.1335557722312745,8,黄金;国债ETF;创新药ETF;酒ETF;有色ETF;半导体ETF;证券ETF;军工ETF,黄金;国债ETF,创新药ETF;酒ETF;有色ETF;半导体ETF;证券ETF;军工ETF
2023-09-25,1874448.1987543495,1005133.4070858749,869314.7916684746,0.5,False,halve,-0.13431653508491087,7,黄金;创新药ETF;酒ETF;有色ETF;证券ETF;半导体ETF;军工ETF,黄金,创新药ETF;酒ETF;有色ETF;证券ETF;半导体ETF;军工ETF
2023-09-26,1871789.4127846377,1011676.8338620854,860112.5789225523,0.5,False,halve,-0.13554445221393974,7,黄金;创新药ETF;证券ETF;酒ETF;有色ETF;半导体ETF;军工ETF,黄金,创新药ETF;证券ETF;酒ETF;有色ETF;半导体ETF;军工ETF
2023-09-27,1864177.9578234786,1013587.7144129492,850590.2434105295,0.5,False,halve,-0.139059679099484,7,黄金;创新药ETF;证券ETF;酒ETF;有色ETF;军工ETF;半导体ETF,黄金,创新药ETF;证券ETF;酒ETF;有色ETF;军工ETF;半导体ETF
2023-09-28,1853334.4919985435,1018873.2761123448,834461.2158861987,0.5,False,halve,-0.1440675577238473,7,黄金;创新药ETF;证券ETF;酒ETF;有色ETF;军工ETF;半导体ETF,黄金,创新药ETF;证券ETF;酒ETF;有色ETF;军工ETF;半导体ETF
2023-10-09,1849005.8603736367,1027842.5350457439,821163.3253278928,0.5,False,halve,-0.14606666595520867,7,国债ETF;创新药ETF;证券ETF;酒ETF;军工ETF;有色ETF;半导体ETF,国债ETF,创新药ETF;证券ETF;酒ETF;军工ETF;有色ETF;半导体ETF
2023-10-10,1847110.1014408153,390994.69216438587,1456115.4092764293,0.5,False,halve,-0.1469421914366273,6,创新药ETF;证券ETF;酒ETF;军工ETF;有色ETF;半导体ETF,,创新药ETF;证券ETF;酒ETF;军工ETF;有色ETF;半导体ETF
2023-10-11,1848270.437500892,401287.11799423984,1446983.3195066522,0.5,False,halve,-0.146406309067821,6,创新药ETF;证券ETF;酒ETF;半导体ETF;有色ETF;军工ETF,,创新药ETF;证券ETF;酒ETF;半导体ETF;有色ETF;军工ETF
2023-10-12,1852178.3673562265,1046280.5967135316,805897.7706426949,0.5,False,halve,-0.14460149511774262,7,纳指;创新药ETF;证券ETF;有色ETF;半导体ETF;酒ETF;军工ETF,纳指,创新药ETF;证券ETF;有色ETF;半导体ETF;酒ETF;军工ETF
2023-10-13,1844729.8014954622,1039526.9690417491,805202.832453713,0.5,False,halve,-0.14804149431712288,7,纳指;创新药ETF;证券ETF;有色ETF;半导体ETF;酒ETF;军工ETF,纳指,创新药ETF;证券ETF;有色ETF;半导体ETF;酒ETF;军工ETF
2023-10-16,1833293.1031884225,1023708.2794642347,809584.8237241878,0.5,False,halve,-0.15332334773094672,8,纳指;黄金;创新药ETF;证券ETF;有色ETF;半导体ETF;酒ETF;军工ETF,纳指;黄金,创新药ETF;证券ETF;有色ETF;半导体ETF;酒ETF;军工ETF
2023-10-17,1838582.4065509518,1034435.5994169671,804146.8071339846,0.5,False,halve,-0.15088056885612683,7,黄金;创新药ETF;证券ETF;半导体ETF;有色ETF;酒ETF;军工ETF,黄金,创新药ETF;证券ETF;半导体ETF;有色ETF;酒ETF;军工ETF
2023-10-18,1840219.6154244333,1031597.9957522133,808621.61967222,0.5,False,halve,-0.15012445052150064,8,纳指;黄金;创新药ETF;证券ETF;半导体ETF;有色ETF;酒ETF;军工ETF,纳指;黄金,创新药ETF;证券ETF;半导体ETF;有色ETF;酒ETF;军工ETF
2023-10-19,1833365.5269918803,1025760.1835294565,807605.3434624238,0.5,False,halve,-0.15328989997327527,7,黄金;创新药ETF;证券ETF;半导体ETF;军工ETF;有色ETF;酒ETF,黄金,创新药ETF;证券ETF;半导体ETF;军工ETF;有色ETF;酒ETF
2023-10-20,1837266.7501159236,1035014.4064248515,802252.3436910721,0.5,False,halve,-0.1514881834181456,8,纳指;黄金;证券ETF;创新药ETF;半导体ETF;有色ETF;军工ETF;酒ETF,纳指;黄金,证券ETF;创新药ETF;半导体ETF;有色ETF;军工ETF;酒ETF
2023-10-23,1827598.7376813157,1020201.2875064824,807397.4501748333,0.5,False,halve,-0.15595319798018864,7,黄金;创新药ETF;证券ETF;半导体ETF;有色ETF;酒ETF;军工ETF,黄金,创新药ETF;证券ETF;半导体ETF;有色ETF;酒ETF;军工ETF
2023-10-24,1833947.817392489,992735.2080977722,841212.6092947167,0.5,False,halve,-0.15302097860648547,7,黄金;创新药ETF;证券ETF;半导体ETF;有色ETF;军工ETF;酒ETF,黄金,创新药ETF;证券ETF;半导体ETF;有色ETF;军工ETF;酒ETF
2023-10-25,1833692.529240855,995429.1943811615,838263.3348596935,0.5,False,halve,-0.1531388792941679,7,黄金;证券ETF;创新药ETF;半导体ETF;军工ETF;有色ETF;酒ETF,黄金,证券ETF;创新药ETF;半导体ETF;军工ETF;有色ETF;酒ETF
2023-10-26,1839491.7042196535,1006833.2159746997,832658.4882449538,0.5,False,halve,-0.15046062449223133,7,黄金;证券ETF;创新药ETF;半导体ETF;军工ETF;酒ETF;有色ETF,黄金,证券ETF;创新药ETF;半导体ETF;军工ETF;酒ETF;有色ETF
2023-10-27,1847517.488209542,981839.1856835169,865678.302526025,0.5,False,halve,-0.14675404647228726,7,黄金;创新药ETF;半导体ETF;证券ETF;有色ETF;军工ETF;酒ETF,黄金,创新药ETF;半导体ETF;证券ETF;有色ETF;军工ETF;酒ETF
2023-10-30,1854514.6380178663,972002.0000331333,882512.637984733,0.5,False,halve,-0.14352252644702032,7,黄金;创新药ETF;半导体ETF;证券ETF;军工ETF;有色ETF;酒ETF,黄金,创新药ETF;半导体ETF;证券ETF;军工ETF;有色ETF;酒ETF
2023-10-31,1855733.2433661288,982548.4970968773,873184.7462692515,0.5,False,halve,-0.1429597333535921,7,黄金;创新药ETF;半导体ETF;证券ETF;军工ETF;酒ETF;有色ETF,黄金,创新药ETF;半导体ETF;证券ETF;军工ETF;酒ETF;有色ETF
2023-11-01,1853082.5695349784,991414.6140401028,861667.9554948756,0.5,False,halve,-0.14418390402314432,7,黄金;创新药ETF;半导体ETF;证券ETF;酒ETF;军工ETF;有色ETF,黄金,创新药ETF;半导体ETF;证券ETF;酒ETF;军工ETF;有色ETF
2023-11-02,1850471.3757503117,986342.109952313,864129.2657979986,0.5,False,halve,-0.14538984147427111,7,黄金;创新药ETF;半导体ETF;证券ETF;酒ETF;有色ETF;军工ETF,黄金,创新药ETF;半导体ETF;证券ETF;酒ETF;有色ETF;军工ETF
2023-11-03,1854233.497817399,984587.8732294458,869645.6245879532,0.5,False,halve,-0.1436523664836931,7,黄金;创新药ETF;半导体ETF;证券ETF;酒ETF;军工ETF;有色ETF,黄金,创新药ETF;半导体ETF;证券ETF;酒ETF;军工ETF;有色ETF
2023-11-06,1857511.1477613137,967823.6684451026,889687.4793162111,0.5,False,halve,-0.1421386370767602,8,黄金;国债ETF;创新药ETF;半导体ETF;证券ETF;酒ETF;军工ETF;有色ETF,黄金;国债ETF,创新药ETF;半导体ETF;证券ETF;酒ETF;军工ETF;有色ETF
2023-11-07,1855187.3548479215,974423.9882299633,880763.3666179582,0.5,False,halve,-0.1432118431020573,8,黄金;国债ETF;创新药ETF;半导体ETF;证券ETF;酒ETF;军工ETF;有色ETF,黄金;国债ETF,创新药ETF;半导体ETF;证券ETF;酒ETF;军工ETF;有色ETF
2023-11-08,1853327.2478080685,982764.8481865862,870562.3996214824,0.5,False,halve,-0.14407090333559322,8,黄金;国债ETF;创新药ETF;半导体ETF;证券ETF;酒ETF;军工ETF;有色ETF,黄金;国债ETF,创新药ETF;半导体ETF;证券ETF;酒ETF;军工ETF;有色ETF
2023-11-09,1849744.2450002723,988519.7712181322,861224.4737821401,0.5,False,halve,-0.14572565500465232,8,黄金;国债ETF;创新药ETF;半导体ETF;证券ETF;酒ETF;军工ETF;有色ETF,黄金;国债ETF,创新药ETF;半导体ETF;证券ETF;酒ETF;军工ETF;有色ETF
2023-11-10,1850928.581134174,998036.7814237492,852891.7997104248,0.5,False,halve,-0.14517868859144253,8,黄金;国债ETF;半导体ETF;创新药ETF;证券ETF;酒ETF;军工ETF;有色ETF,黄金;国债ETF,半导体ETF;创新药ETF;证券ETF;酒ETF;军工ETF;有色ETF
2023-11-13,1850920.1449006354,1008794.7149773327,842125.4299233026,0.5,False,halve,-0.14518258472892204,8,纳指;国债ETF;半导体ETF;创新药ETF;军工ETF;证券ETF;酒ETF;有色ETF,纳指;国债ETF,半导体ETF;创新药ETF;军工ETF;证券ETF;酒ETF;有色ETF
2023-11-14,1853990.3054549221,1019128.2871894389,834862.0182654832,0.5,False,halve,-0.14376468092755434,9,纳指;黄金;国债ETF;半导体ETF;创新药ETF;军工ETF;证券ETF;酒ETF;有色ETF,纳指;黄金;国债ETF,半导体ETF;创新药ETF;军工ETF;证券ETF;酒ETF;有色ETF
2023-11-15,1860204.6666103057,1032900.6184792104,827304.0481310952,0.5,False,halve,-0.14089467913139847,9,纳指;黄金;国债ETF;半导体ETF;创新药ETF;军工ETF;酒ETF;证券ETF;有色ETF,纳指;黄金;国债ETF,半导体ETF;创新药ETF;军工ETF;酒ETF;证券ETF;有色ETF
2023-11-16,1853691.3301798669,1016915.3402985025,836775.9898813644,0.5,False,halve,-0.14390275780383496,8,纳指;国债ETF;半导体ETF;创新药ETF;军工ETF;证券ETF;酒ETF;有色ETF,纳指;国债ETF,半导体ETF;创新药ETF;军工ETF;证券ETF;酒ETF;有色ETF
2023-11-17,1855263.4651351902,1028633.9971025677,826629.4680326225,0.5,False,halve,-0.14317669280169576,9,纳指;黄金;国债ETF;半导体ETF;创新药ETF;军工ETF;证券ETF;酒ETF;有色ETF,纳指;黄金;国债ETF,半导体ETF;创新药ETF;军工ETF;证券ETF;酒ETF;有色ETF
2023-11-20,1851258.689008425,1036725.2088223777,814533.4801860473,0.5,False,halve,-0.1450262336297278,8,纳指;国债ETF;创新药ETF;半导体ETF;军工ETF;证券ETF;酒ETF;有色ETF,纳指;国债ETF,创新药ETF;半导体ETF;军工ETF;证券ETF;酒ETF;有色ETF
2023-11-21,1854181.9554651123,1049866.6375236404,804315.3179414719,0.5,False,halve,-0.14367617048219625,8,纳指;国债ETF;创新药ETF;半导体ETF;军工ETF;证券ETF;酒ETF;有色ETF,纳指;国债ETF,创新药ETF;半导体ETF;军工ETF;证券ETF;酒ETF;有色ETF
2023-11-22,1846145.8693137518,1029029.1759423482,817116.6933714036,0.5,False,halve,-0.14738750638813858,8,纳指;国债ETF;创新药ETF;半导体ETF;军工ETF;证券ETF;酒ETF;有色ETF,纳指;国债ETF,创新药ETF;半导体ETF;军工ETF;证券ETF;酒ETF;有色ETF
2023-11-23,1849478.3269964831,1038363.9604917099,811114.3665047733,0.5,False,halve,-0.14584846491695422,8,纳指;国债ETF;创新药ETF;半导体ETF;军工ETF;证券ETF;酒ETF;有色ETF,纳指;国债ETF,创新药ETF;半导体ETF;军工ETF;证券ETF;酒ETF;有色ETF
2023-11-24,1846027.5764779986,1033869.2277832057,812158.348694793,0.5,False,halve,-0.14744213801359374,8,纳指;国债ETF;创新药ETF;军工ETF;证券ETF;半导体ETF;酒ETF;有色ETF,纳指;国债ETF,创新药ETF;军工ETF;证券ETF;半导体ETF;酒ETF;有色ETF
2023-11-27,1842862.8021695577,1042803.4927567941,800059.3094127636,0.5,False,halve,-0.14890373764106066,8,纳指;国债ETF;创新药ETF;半导体ETF;军工ETF;证券ETF;酒ETF;有色ETF,纳指;国债ETF,创新药ETF;半导体ETF;军工ETF;证券ETF;酒ETF;有色ETF
2023-11-28,1845234.8897209414,1053133.4317325803,792101.4579883611,0.5,False,halve,-0.14780822752137399,8,纳指;国债ETF;创新药ETF;半导体ETF;军工ETF;证券ETF;有色ETF;酒ETF,纳指;国债ETF,创新药ETF;半导体ETF;军工ETF;证券ETF;有色ETF;酒ETF
2023-11-29,1843528.9924137518,1063001.47013694,780527.5222768118,0.5,False,halve,-0.14859606849380452,9,纳指;黄金;国债ETF;创新药ETF;半导体ETF;军工ETF;证券ETF;有色ETF;酒ETF,纳指;黄金;国债ETF,创新药ETF;半导体ETF;军工ETF;证券ETF;有色ETF;酒ETF
2023-11-30,1843205.421646598,1075926.4584330223,767278.9632135758,0.5,False,halve,-0.1487455043987503,9,纳指;黄金;国债ETF;创新药ETF;军工ETF;半导体ETF;证券ETF;有色ETF;酒ETF,纳指;黄金;国债ETF,创新药ETF;军工ETF;半导体ETF;证券ETF;有色ETF;酒ETF
2023-12-01,1842132.6459385853,1088828.7846004395,753303.8613381458,0.5,False,halve,-0.14924094844068564,9,纳指;黄金;国债ETF;创新药ETF;军工ETF;半导体ETF;证券ETF;有色ETF;酒ETF,纳指;黄金;国债ETF,创新药ETF;军工ETF;半导体ETF;证券ETF;有色ETF;酒ETF
2023-12-04,1841567.7863811662,1092254.1208748715,749313.6655062947,0.5,False,halve,-0.14950181965557538,9,纳指;黄金;国债ETF;军工ETF;创新药ETF;半导体ETF;证券ETF;有色ETF;酒ETF,纳指;黄金;国债ETF,军工ETF;创新药ETF;半导体ETF;证券ETF;有色ETF;酒ETF
2023-12-05,1827810.3874988116,1039455.2566466392,788355.1308521724,0.5,False,halve,-0.1558554509485661,9,纳指;黄金;国债ETF;军工ETF;创新药ETF;证券ETF;有色ETF;半导体ETF;酒ETF,纳指;黄金;国债ETF,军工ETF;创新药ETF;证券ETF;有色ETF;半导体ETF;酒ETF
2023-12-06,1832297.7456362569,1048353.623018051,783944.1226182058,0.5,False,halve,-0.15378303745465355,9,纳指;黄金;国债ETF;创新药ETF;军工ETF;有色ETF;证券ETF;半导体ETF;酒ETF,纳指;黄金;国债ETF,创新药ETF;军工ETF;有色ETF;证券ETF;半导体ETF;酒ETF
2023-12-07,1827859.9671967665,1055619.3042325587,772240.6629642078,0.5,False,halve,-0.15583255337009816,9,纳指;黄金;国债ETF;创新药ETF;军工ETF;有色ETF;证券ETF;半导体ETF;酒ETF,纳指;黄金;国债ETF,创新药ETF;军工ETF;有色ETF;证券ETF;半导体ETF;酒ETF
2023-12-08,1830924.247284547,1070380.022431089,760544.2248534579,0.5,False,halve,-0.15441736536670445,9,纳指;黄金;国债ETF;创新药ETF;有色ETF;证券ETF;半导体ETF;军工ETF;酒ETF,纳指;黄金;国债ETF,创新药ETF;有色ETF;证券ETF;半导体ETF;军工ETF;酒ETF
2023-12-11,1834175.5865756667,1068458.725424039,765716.8611516277,0.5,False,halve,-0.15291578710755516,9,纳指;黄金;国债ETF;创新药ETF;证券ETF;有色ETF;半导体ETF;军工ETF;酒ETF,纳指;黄金;国债ETF,创新药ETF;证券ETF;有色ETF;半导体ETF;军工ETF;酒ETF
2023-12-12,1835696.4431027744,1082548.0139409571,753148.4291618173,0.5,False,halve,-0.15221340421487223,9,纳指;黄金;国债ETF;创新药ETF;军工ETF;半导体ETF;证券ETF;有色ETF;酒ETF,纳指;黄金;国债ETF,创新药ETF;军工ETF;半导体ETF;证券ETF;有色ETF;酒ETF
2023-12-13,1831423.6357518714,1058911.4121386183,772512.2236132531,0.5,False,halve,-0.1541867309117116,8,纳指;国债ETF;创新药ETF;半导体ETF;军工ETF;证券ETF;有色ETF;酒ETF,纳指;国债ETF,创新药ETF;半导体ETF;军工ETF;证券ETF;有色ETF;酒ETF
2023-12-14,1832954.5369791558,1072326.18342089,760628.3535582658,0.5,False,halve,-0.15347970903734928,9,纳指;黄金;国债ETF;创新药ETF;半导体ETF;军工ETF;证券ETF;有色ETF;酒ETF,纳指;黄金;国债ETF,创新药ETF;半导体ETF;军工ETF;证券ETF;有色ETF;酒ETF
2023-12-15,1828796.3063647267,1082200.4464795017,746595.8598852251,0.5,False,halve,-0.15540012032884676,9,纳指;黄金;国债ETF;半导体ETF;创新药ETF;证券ETF;军工ETF;有色ETF;酒ETF,纳指;黄金;国债ETF,半导体ETF;创新药ETF;证券ETF;军工ETF;有色ETF;酒ETF
2023-12-18,1825890.084384225,1084534.1507450712,741355.9336391538,0.5,False,halve,-0.15674231176180553,9,纳指;黄金;国债ETF;创新药ETF;证券ETF;半导体ETF;军工ETF;有色ETF;酒ETF,纳指;黄金;国债ETF,创新药ETF;证券ETF;半导体ETF;军工ETF;有色ETF;酒ETF
2023-12-19,1827248.6915107411,1098598.9501968562,728649.741313885,0.5,False,halve,-0.1561148611203195,9,纳指;黄金;国债ETF;半导体ETF;证券ETF;创新药ETF;军工ETF;有色ETF;酒ETF,纳指;黄金;国债ETF,半导体ETF;证券ETF;创新药ETF;军工ETF;有色ETF;酒ETF
2023-12-20,1822562.2653735701,1080321.2734873227,742240.9918862474,0.5,False,halve,-0.1582792109376102,9,纳指;黄金;国债ETF;半导体ETF;创新药ETF;证券ETF;有色ETF;军工ETF;酒ETF,纳指;黄金;国债ETF,半导体ETF;创新药ETF;证券ETF;有色ETF;军工ETF;酒ETF
2023-12-21,1823587.6311355291,1066444.39914266,757143.2319928692,0.5,False,halve,-0.15780566240945781,9,纳指;黄金;国债ETF;半导体ETF;创新药ETF;有色ETF;证券ETF;军工ETF;酒ETF,纳指;黄金;国债ETF,半导体ETF;创新药ETF;有色ETF;证券ETF;军工ETF;酒ETF
2023-12-22,1826500.202932428,1078472.1717265358,748028.0312058923,0.5,False,halve,-0.15646053841689883,9,纳指;黄金;国债ETF;有色ETF;半导体ETF;创新药ETF;军工ETF;证券ETF;酒ETF,纳指;黄金;国债ETF,有色ETF;半导体ETF;创新药ETF;军工ETF;证券ETF;酒ETF
2023-12-25,1828919.3174555427,1084804.857203864,744114.4602516787,0.5,False,halve,-0.15534330965390183,9,纳指;黄金;国债ETF;有色ETF;军工ETF;半导体ETF;证券ETF;创新药ETF;酒ETF,纳指;黄金;国债ETF,有色ETF;军工ETF;半导体ETF;证券ETF;创新药ETF;酒ETF
2023-12-26,1826455.29856334,1082087.9867007444,744367.3118625956,0.5,False,halve,-0.1564812767706436,9,纳指;黄金;国债ETF;有色ETF;军工ETF;创新药ETF;半导体ETF;证券ETF;酒ETF,纳指;黄金;国债ETF,有色ETF;军工ETF;创新药ETF;半导体ETF;证券ETF;酒ETF
2023-12-27,1830098.2461721369,1086190.0315409647,743908.2146311721,0.5,False,halve,-0.15479884056857457,9,纳指;黄金;国债ETF;有色ETF;军工ETF;半导体ETF;证券ETF;创新药ETF;酒ETF,纳指;黄金;国债ETF,有色ETF;军工ETF;半导体ETF;证券ETF;创新药ETF;酒ETF
2023-12-28,1840505.3392738432,1002860.6886994725,837644.6505743708,0.5,False,halve,-0.14999249360098907,9,纳指;黄金;国债ETF;有色ETF;半导体ETF;军工ETF;证券ETF;创新药ETF;酒ETF,纳指;黄金;国债ETF,有色ETF;半导体ETF;军工ETF;证券ETF;创新药ETF;酒ETF
2023-12-29,1841116.0354108661,1011481.0703393159,829634.9650715502,0.5,False,halve,-0.14971045350606427,9,纳指;黄金;国债ETF;有色ETF;半导体ETF;创新药ETF;军工ETF;证券ETF;酒ETF,纳指;黄金;国债ETF,有色ETF;半导体ETF;创新药ETF;军工ETF;证券ETF;酒ETF
2024-01-02,1837387.3201336903,0.0,1837387.3201336903,0.0,True,halve,-0.15143250011315246,0,,纳指;黄金;国债ETF,有色ETF;军工ETF;创新药ETF;半导体ETF;证券ETF;酒ETF
2024-01-03,1837387.3201336903,0.0,1837387.3201336903,0.0,True,halve,-0.15143250011315246,0,,纳指;黄金;国债ETF,有色ETF;军工ETF;证券ETF;创新药ETF;半导体ETF;酒ETF
2024-01-04,1837387.3201336903,0.0,1837387.3201336903,0.0,True,halve,-0.15143250011315246,0,,纳指;黄金;国债ETF,有色ETF;军工ETF;证券ETF;创新药ETF;半导体ETF;酒ETF
2024-01-05,1837387.3201336903,0.0,1837387.3201336903,0.0,True,halve,-0.15143250011315246,0,,纳指;黄金;国债ETF,有色ETF;军工ETF;证券ETF;创新药ETF;半导体ETF;酒ETF
2024-01-08,1837387.3201336903,0.0,1837387.3201336903,0.0,True,halve,-0.15143250011315246,0,,纳指;黄金;国债ETF,有色ETF;证券ETF;军工ETF;创新药ETF;酒ETF;半导体ETF
2024-01-09,1837387.3201336903,0.0,1837387.3201336903,0.0,True,halve,-0.15143250011315246,0,,纳指;黄金;国债ETF,有色ETF;证券ETF;军工ETF;创新药ETF;酒ETF;半导体ETF
2024-01-10,1837387.3201336903,0.0,1837387.3201336903,0.0,True,halve,-0.15143250011315246,0,,纳指;黄金;国债ETF,有色ETF;证券ETF;创新药ETF;军工ETF;酒ETF;半导体ETF
2024-01-11,1837387.3201336903,0.0,1837387.3201336903,0.0,True,halve,-0.15143250011315246,0,,纳指;黄金;国债ETF,有色ETF;酒ETF;军工ETF;创新药ETF;证券ETF;半导体ETF
2024-01-12,1837387.3201336903,0.0,1837387.3201336903,0.0,True,halve,-0.15143250011315246,0,,纳指;黄金;国债ETF,有色ETF;军工ETF;创新药ETF;酒ETF;证券ETF;半导体ETF
2024-01-15,1837387.3201336903,0.0,1837387.3201336903,0.0,True,halve,-0.15143250011315246,0,,纳指;黄金;国债ETF,有色ETF;创新药ETF;军工ETF;证券ETF;酒ETF;半导体ETF
2024-01-16,1837387.3201336903,0.0,1837387.3201336903,0.0,True,halve,-0.15143250011315246,0,,纳指;黄金;国债ETF,有色ETF;创新药ETF;证券ETF;军工ETF;酒ETF;半导体ETF
2024-01-17,1837387.3201336903,0.0,1837387.3201336903,0.0,True,halve,-0.15143250011315246,0,,纳指;黄金;国债ETF,有色ETF;证券ETF;创新药ETF;军工ETF;酒ETF;半导体ETF
2024-01-18,1837387.3201336903,0.0,1837387.3201336903,0.0,True,halve,-0.15143250011315246,0,,纳指;黄金;国债ETF,有色ETF;证券ETF;创新药ETF;军工ETF;酒ETF;半导体ETF
2024-01-19,1837387.3201336903,0.0,1837387.3201336903,0.0,True,halve,-0.15143250011315246,0,,纳指;黄金;国债ETF,有色ETF;证券ETF;创新药ETF;酒ETF;半导体ETF;军工ETF
2024-01-22,1837387.3201336903,0.0,1837387.3201336903,0.0,True,halve,-0.15143250011315246,0,,纳指;黄金;国债ETF,证券ETF;有色ETF;酒ETF;创新药ETF;半导体ETF;军工ETF
2024-01-23,1837387.3201336903,0.0,1837387.3201336903,0.0,True,halve,-0.15143250011315246,0,,纳指;黄金;国债ETF,证券ETF;有色ETF;酒ETF;创新药ETF;半导体ETF;军工ETF
2024-01-24,1837387.3201336903,0.0,1837387.3201336903,0.0,True,halve,-0.15143250011315246,0,,纳指;黄金;国债ETF,证券ETF;有色ETF;酒ETF;创新药ETF;军工ETF;半导体ETF
2024-01-25,1837387.3201336903,0.0,1837387.3201336903,0.0,True,halve,-0.15143250011315246,0,,纳指;黄金;国债ETF,证券ETF;有色ETF;军工ETF;酒ETF;创新药ETF;半导体ETF
2024-01-26,1837387.3201336903,0.0,1837387.3201336903,0.0,True,halve,-0.15143250011315246,0,,纳指;黄金;国债ETF,证券ETF;有色ETF;军工ETF;酒ETF;创新药ETF;半导体ETF
2024-01-29,1837387.3201336903,0.0,1837387.3201336903,0.0,True,halve,-0.15143250011315246,0,,纳指;国债ETF,证券ETF;有色ETF;酒ETF;军工ETF;创新药ETF;半导体ETF
2024-01-30,1837387.3201336903,0.0,1837387.3201336903,0.0,True,halve,-0.15143250011315246,0,,纳指;黄金;国债ETF,证券ETF;有色ETF;酒ETF;军工ETF;创新药ETF;半导体ETF
2024-01-31,1837387.3201336903,0.0,1837387.3201336903,0.0,True,halve,-0.15143250011315246,0,,纳指;黄金;国债ETF,证券ETF;有色ETF;酒ETF;军工ETF;创新药ETF;半导体ETF
2024-02-01,1837387.3201336903,0.0,1837387.3201336903,0.0,True,halve,-0.15143250011315246,0,,纳指;黄金;国债ETF,证券ETF;有色ETF;酒ETF;军工ETF;创新药ETF;半导体ETF
2024-02-02,1837387.3201336903,0.0,1837387.3201336903,0.0,True,halve,-0.15143250011315246,0,,纳指;黄金;国债ETF,证券ETF;有色ETF;酒ETF;军工ETF;半导体ETF;创新药ETF
2024-02-05,1837387.3201336903,0.0,1837387.3201336903,0.0,True,halve,-0.15143250011315246,0,,纳指;黄金;国债ETF,证券ETF;酒ETF;有色ETF;军工ETF;创新药ETF;半导体ETF
2024-02-06,1837387.3201336903,0.0,1837387.3201336903,0.0,True,halve,-0.15143250011315246,0,,纳指;黄金;国债ETF,证券ETF;酒ETF;有色ETF;军工ETF;创新药ETF;半导体ETF
2024-02-07,1837387.3201336903,789613.8697253118,1047773.4504083785,0.5,False,halve,-0.15143250011315246,9,纳指;黄金;国债ETF;证券ETF;酒ETF;有色ETF;军工ETF;创新药ETF;半导体ETF,纳指;黄金;国债ETF,证券ETF;酒ETF;有色ETF;军工ETF;创新药ETF;半导体ETF
2024-02-08,1845901.4768660641,795472.5232760201,1050428.953590044,0.5,False,halve,-0.1475003750718685,9,纳指;黄金;国债ETF;证券ETF;酒ETF;有色ETF;军工ETF;创新药ETF;半导体ETF,纳指;黄金;国债ETF,证券ETF;酒ETF;有色ETF;军工ETF;创新药ETF;半导体ETF
2024-02-19,1844016.3734510997,799324.9538591894,1044691.4195919103,0.5,False,halve,-0.14837097947537997,9,纳指;黄金;国债ETF;证券ETF;有色ETF;酒ETF;军工ETF;半导体ETF;创新药ETF,纳指;黄金;国债ETF,证券ETF;有色ETF;酒ETF;军工ETF;半导体ETF;创新药ETF
2024-02-20,1843771.998971044,804040.3209123183,1039731.6780587258,0.5,False,halve,-0.1484838398610508,10,沪深300;纳指;黄金;国债ETF;证券ETF;有色ETF;酒ETF;军工ETF;半导体ETF;创新药ETF,沪深300;纳指;黄金;国债ETF,证券ETF;有色ETF;酒ETF;军工ETF;半导体ETF;创新药ETF
2024-02-21,1846229.906804331,808122.5738106597,1038107.3329936714,0.5,False,halve,-0.1473486950376431,10,沪深300;纳指;黄金;国债ETF;证券ETF;酒ETF;有色ETF;军工ETF;半导体ETF;创新药ETF,沪深300;纳指;黄金;国债ETF,证券ETF;酒ETF;有色ETF;军工ETF;半导体ETF;创新药ETF
2024-02-22,1851732.8072879724,814738.1468371064,1036994.660450866,0.5,False,halve,-0.14480726980064415,10,沪深300;纳指;黄金;国债ETF;证券ETF;有色ETF;酒ETF;军工ETF;半导体ETF;创新药ETF,沪深300;纳指;黄金;国债ETF,证券ETF;有色ETF;酒ETF;军工ETF;半导体ETF;创新药ETF
2024-02-23,1854798.3779044496,821080.5694617983,1033717.8084426513,0.5,False,halve,-0.14339148578752636,10,沪深300;纳指;黄金;国债ETF;有色ETF;证券ETF;酒ETF;军工ETF;半导体ETF;创新药ETF,沪深300;纳指;黄金;国债ETF,有色ETF;证券ETF;酒ETF;军工ETF;半导体ETF;创新药ETF
2024-02-26,1851975.9447512995,825091.5741436182,1026884.3706076812,0.5,False,halve,-0.14469498071106382,10,沪深300;纳指;黄金;国债ETF;有色ETF;证券ETF;军工ETF;酒ETF;半导体ETF;创新药ETF,沪深300;纳指;黄金;国债ETF,有色ETF;证券ETF;军工ETF;酒ETF;半导体ETF;创新药ETF
2024-02-27,1857382.3907097501,827474.4416240053,1029907.9490857448,0.5,False,halve,-0.14219810143037845,10,沪深300;纳指;黄金;国债ETF;有色ETF;证券ETF;军工ETF;酒ETF;半导体ETF;创新药ETF,沪深300;纳指;黄金;国债ETF,有色ETF;证券ETF;军工ETF;酒ETF;半导体ETF;创新药ETF
2024-02-28,1851530.7688200795,820257.7724994344,1031272.9963206451,0.5,False,halve,-0.1449005779865134,9,沪深300;纳指;国债ETF;有色ETF;酒ETF;军工ETF;证券ETF;半导体ETF;创新药ETF,沪深300;纳指;国债ETF,有色ETF;酒ETF;军工ETF;证券ETF;半导体ETF;创新药ETF
2024-02-29,1859449.999921463,816633.4824902094,1042816.5174312536,0.5,False,halve,-0.14124320968801107,9,沪深300;纳指;国债ETF;有色ETF;酒ETF;证券ETF;半导体ETF;军工ETF;创新药ETF,沪深300;纳指;国债ETF,有色ETF;酒ETF;证券ETF;半导体ETF;军工ETF;创新药ETF
2024-03-01,1865782.866452943,824332.8743211001,1041449.992131843,0.5,False,halve,-0.13831847810809347,10,沪深300;纳指;黄金;国债ETF;半导体ETF;有色ETF;军工ETF;酒ETF;证券ETF;创新药ETF,沪深300;纳指;黄金;国债ETF,半导体ETF;有色ETF;军工ETF;酒ETF;证券ETF;创新药ETF
2024-03-04,1870321.4620932015,831731.1764901052,1038590.2856030962,0.5,False,halve,-0.13622240140545727,10,沪深300;纳指;黄金;国债ETF;有色ETF;半导体ETF;军工ETF;证券ETF;创新药ETF;酒ETF,沪深300;纳指;黄金;国债ETF,有色ETF;半导体ETF;军工ETF;证券ETF;创新药ETF;酒ETF
2024-03-05,1872291.5444312734,837840.1992222957,1034451.3452089777,0.5,False,halve,-0.13531255086612337,10,沪深300;纳指;黄金;国债ETF;有色ETF;半导体ETF;酒ETF;军工ETF;证券ETF;创新药ETF,沪深300;纳指;黄金;国债ETF,有色ETF;半导体ETF;酒ETF;军工ETF;证券ETF;创新药ETF
2024-03-06,1871356.7104710299,842075.817946497,1029280.8925245329,0.5,False,halve,-0.13574428875163105,10,沪深300;纳指;黄金;国债ETF;有色ETF;半导体ETF;军工ETF;酒ETF;证券ETF;创新药ETF,沪深300;纳指;黄金;国债ETF,有色ETF;半导体ETF;军工ETF;酒ETF;证券ETF;创新药ETF
2024-03-07,1869060.975960712,842996.5260236703,1026064.4499370416,0.5,False,halve,-0.13680453645905655,10,沪深300;纳指;黄金;国债ETF;有色ETF;半导体ETF;军工ETF;酒ETF;证券ETF;创新药ETF,沪深300;纳指;黄金;国债ETF,有色ETF;半导体ETF;军工ETF;酒ETF;证券ETF;创新药ETF
2024-03-08,1873598.6782484152,850172.8537194497,1023425.8245289655,0.5,False,halve,-0.13470887233679243,11,沪深300;创业板;纳指;黄金;国债ETF;有色ETF;半导体ETF;军工ETF;证券ETF;酒ETF;创新药ETF,沪深300;创业板;纳指;黄金;国债ETF,有色ETF;半导体ETF;军工ETF;证券ETF;酒ETF;创新药ETF
2024-03-11,1883550.1863500061,856237.7206248478,1027312.4657251583,0.5,False,halve,-0.13011292990411238,11,沪深300;创业板;纳指;黄金;国债ETF;有色ETF;军工ETF;半导体ETF;证券ETF;酒ETF;创新药ETF,沪深300;创业板;纳指;黄金;国债ETF,有色ETF;军工ETF;半导体ETF;证券ETF;酒ETF;创新药ETF
2024-03-12,1886543.6350919844,862494.7783446916,1024048.8567472928,0.5,False,halve,-0.12873045420767887,11,沪深300;创业板;纳指;黄金;国债ETF;有色ETF;军工ETF;酒ETF;半导体ETF;证券ETF;创新药ETF,沪深300;创业板;纳指;黄金;国债ETF,有色ETF;军工ETF;酒ETF;半导体ETF;证券ETF;创新药ETF
2024-03-13,1885139.205726065,867677.5693403558,1017461.6363857092,0.5,False,halve,-0.1293790671064112,11,沪深300;创业板;纳指;黄金;国债ETF;有色ETF;半导体ETF;酒ETF;军工ETF;证券ETF;创新药ETF,沪深300;创业板;纳指;黄金;国债ETF,有色ETF;半导体ETF;酒ETF;军工ETF;证券ETF;创新药ETF
2024-03-14,1882884.0733302732,872422.8289522377,1010461.2443780354,0.5,False,halve,-0.13042056338650507,11,沪深300;创业板;纳指;黄金;国债ETF;有色ETF;酒ETF;半导体ETF;军工ETF;创新药ETF;证券ETF,沪深300;创业板;纳指;黄金;国债ETF,有色ETF;酒ETF;半导体ETF;军工ETF;创新药ETF;证券ETF
2024-03-15,1885238.550376798,878967.9230173451,1006270.6273594529,0.5,False,halve,-0.1293331863925432,11,沪深300;创业板;纳指;黄金;国债ETF;有色ETF;酒ETF;军工ETF;半导体ETF;证券ETF;创新药ETF,沪深300;创业板;纳指;黄金;国债ETF,有色ETF;酒ETF;军工ETF;半导体ETF;证券ETF;创新药ETF
2024-03-18,1891983.401192952,884738.633065549,1007244.768127403,0.5,False,halve,-0.12621818656019593,11,沪深300;创业板;纳指;黄金;国债ETF;有色ETF;酒ETF;半导体ETF;军工ETF;证券ETF;创新药ETF,沪深300;创业板;纳指;黄金;国债ETF,有色ETF;酒ETF;半导体ETF;军工ETF;证券ETF;创新药ETF
2024-03-19,1887254.5436954605,885404.5865339797,1001849.9571614808,0.5,False,halve,-0.1284021326122866,11,沪深300;创业板;纳指;黄金;国债ETF;有色ETF;酒ETF;军工ETF;半导体ETF;证券ETF;创新药ETF,沪深300;创业板;纳指;黄金;国债ETF,有色ETF;酒ETF;军工ETF;半导体ETF;证券ETF;创新药ETF
2024-03-20,1888300.3731765978,892735.176780894,995565.1963957037,0.5,False,halve,-0.12791913324770407,11,沪深300;创业板;纳指;黄金;国债ETF;有色ETF;酒ETF;军工ETF;半导体ETF;证券ETF;创新药ETF,沪深300;创业板;纳指;黄金;国债ETF,有色ETF;酒ETF;军工ETF;半导体ETF;证券ETF;创新药ETF
2024-03-21,1892625.0113283824,901951.9252581717,990673.0860702107,0.5,False,halve,-0.12592186933706156,11,沪深300;创业板;纳指;黄金;国债ETF;有色ETF;酒ETF;军工ETF;半导体ETF;证券ETF;创新药ETF,沪深300;创业板;纳指;黄金;国债ETF,有色ETF;酒ETF;军工ETF;半导体ETF;证券ETF;创新药ETF
2024-03-22,1884037.5145012327,890745.7595751688,993291.7549260638,0.5,False,halve,-0.1298878653102843,11,沪深300;创业板;纳指;黄金;国债ETF;有色ETF;酒ETF;军工ETF;半导体ETF;证券ETF;创新药ETF,沪深300;创业板;纳指;黄金;国债ETF,有色ETF;酒ETF;军工ETF;半导体ETF;证券ETF;创新药ETF
2024-03-25,1877153.3151005697,887474.0917409597,989679.2233596101,0.5,False,halve,-0.13306722102376445,11,沪深300;创业板;纳指;黄金;国债ETF;有色ETF;酒ETF;军工ETF;半导体ETF;证券ETF;创新药ETF,沪深300;创业板;纳指;黄金;国债ETF,有色ETF;酒ETF;军工ETF;半导体ETF;证券ETF;创新药ETF
2024-03-26,1879108.8975033474,895611.0311033776,983497.8663999698,0.5,False,halve,-0.1321640670441087,11,沪深300;创业板;纳指;黄金;国债ETF;有色ETF;酒ETF;军工ETF;半导体ETF;证券ETF;创新药ETF,沪深300;创业板;纳指;黄金;国债ETF,有色ETF;酒ETF;军工ETF;半导体ETF;证券ETF;创新药ETF
2024-03-27,1869567.8411354497,883466.5162978785,986101.3248375712,0.5,False,halve,-0.1365704490081452,11,沪深300;创业板;纳指;黄金;国债ETF;有色ETF;酒ETF;证券ETF;军工ETF;半导体ETF;创新药ETF,沪深300;创业板;纳指;黄金;国债ETF,有色ETF;酒ETF;证券ETF;军工ETF;半导体ETF;创新药ETF
2024-03-28,1875641.7212928198,885894.1632513838,989747.558041436,0.5,False,halve,-0.13376532607991204,11,沪深300;创业板;纳指;黄金;国债ETF;有色ETF;酒ETF;军工ETF;证券ETF;半导体ETF;创新药ETF,沪深300;创业板;纳指;黄金;国债ETF,有色ETF;酒ETF;军工ETF;证券ETF;半导体ETF;创新药ETF
2024-03-29,1881434.0250222664,893626.1497406005,987807.8752816659,0.5,False,halve,-0.1310902446529192,11,沪深300;创业板;纳指;黄金;国债ETF;有色ETF;酒ETF;军工ETF;证券ETF;半导体ETF;创新药ETF,沪深300;创业板;纳指;黄金;国债ETF,有色ETF;酒ETF;军工ETF;证券ETF;半导体ETF;创新药ETF
2024-04-01,1892999.7040295117,898247.5046601887,994752.199369323,0.5,False,halve,-0.12574882359698322,11,沪深300;创业板;纳指;黄金;国债ETF;有色ETF;酒ETF;军工ETF;证券ETF;半导体ETF;创新药ETF,沪深300;创业板;纳指;黄金;国债ETF,有色ETF;酒ETF;军工ETF;证券ETF;半导体ETF;创新药ETF
2024-04-02,1889505.526426286,901511.0035351096,987994.5228911764,0.5,False,halve,-0.12736255278757877,11,沪深300;创业板;纳指;黄金;国债ETF;有色ETF;酒ETF;军工ETF;证券ETF;半导体ETF;创新药ETF,沪深300;创业板;纳指;黄金;国债ETF,有色ETF;酒ETF;军工ETF;证券ETF;半导体ETF;创新药ETF
2024-04-03,1888242.3295632275,908387.5470967301,979854.7824664974,0.5,False,halve,-0.1279459397480768,11,沪深300;创业板;纳指;黄金;国债ETF;有色ETF;酒ETF;军工ETF;证券ETF;创新药ETF;半导体ETF,沪深300;创业板;纳指;黄金;国债ETF,有色ETF;酒ETF;军工ETF;证券ETF;创新药ETF;半导体ETF
2024-04-08,1882759.5679187167,897396.1749772447,985363.392941472,0.5,False,halve,-0.1304780641892205,11,沪深300;创业板;纳指;黄金;国债ETF;有色ETF;酒ETF;军工ETF;证券ETF;创新药ETF;半导体ETF,沪深300;创业板;纳指;黄金;国债ETF,有色ETF;酒ETF;军工ETF;证券ETF;创新药ETF;半导体ETF
2024-04-09,1886460.6195263886,904452.1705712937,982008.4489550949,0.5,False,halve,-0.12876879359871385,11,沪深300;创业板;纳指;黄金;国债ETF;有色ETF;酒ETF;军工ETF;证券ETF;创新药ETF;半导体ETF,沪深300;创业板;纳指;黄金;国债ETF,有色ETF;酒ETF;军工ETF;证券ETF;创新药ETF;半导体ETF
2024-04-10,1879770.9442443172,900466.7685495715,979304.1756947457,0.5,False,halve,-0.13185831150653804,11,沪深300;创业板;纳指;黄金;国债ETF;有色ETF;酒ETF;军工ETF;证券ETF;创新药ETF;半导体ETF,沪深300;创业板;纳指;黄金;国债ETF,有色ETF;酒ETF;军工ETF;证券ETF;创新药ETF;半导体ETF
2024-04-11,1876294.5423203195,906337.337797398,969957.2045229215,0.5,False,halve,-0.13346383128830838,11,沪深300;创业板;纳指;黄金;国债ETF;有色ETF;酒ETF;军工ETF;证券ETF;创新药ETF;半导体ETF,沪深300;创业板;纳指;黄金;国债ETF,有色ETF;酒ETF;军工ETF;证券ETF;创新药ETF;半导体ETF
2024-04-12,1878402.9144389308,914360.3407911783,964042.5736477525,0.5,False,halve,-0.132490113859263,11,沪深300;创业板;纳指;黄金;国债ETF;有色ETF;酒ETF;军工ETF;证券ETF;半导体ETF;创新药ETF,沪深300;创业板;纳指;黄金;国债ETF,有色ETF;酒ETF;军工ETF;证券ETF;半导体ETF;创新药ETF
2024-04-15,1883955.3026021803,916160.1066193862,967795.195982794,0.5,False,halve,-0.12992583354097545,11,沪深300;创业板;纳指;黄金;国债ETF;有色ETF;酒ETF;军工ETF;证券ETF;半导体ETF;创新药ETF,沪深300;创业板;纳指;黄金;国债ETF,有色ETF;酒ETF;军工ETF;证券ETF;半导体ETF;创新药ETF
2024-04-16,1869886.3329620687,887617.9682759731,982268.3646860956,0.5,False,halve,-0.13642335872941788,10,沪深300;创业板;黄金;国债ETF;有色ETF;酒ETF;军工ETF;证券ETF;半导体ETF;创新药ETF,沪深300;创业板;黄金;国债ETF,有色ETF;酒ETF;军工ETF;证券ETF;半导体ETF;创新药ETF
2024-04-17,1881212.4120321954,881325.9771335082,999886.4348986872,0.5,False,halve,-0.13119259301402217,10,沪深300;创业板;黄金;国债ETF;有色ETF;酒ETF;军工ETF;证券ETF;半导体ETF;创新药ETF,沪深300;创业板;黄金;国债ETF,有色ETF;酒ETF;军工ETF;证券ETF;半导体ETF;创新药ETF
2024-04-18,1880733.079857986,887896.8292165918,992836.2506413942,0.5,False,halve,-0.13141396479569672,11,沪深300;创业板;纳指;黄金;国债ETF;有色ETF;酒ETF;军工ETF;证券ETF;半导体ETF;创新药ETF,沪深300;创业板;纳指;黄金;国债ETF,有色ETF;酒ETF;军工ETF;证券ETF;半导体ETF;创新药ETF
2024-04-19,1872923.5910447477,888432.2914253637,984491.299619384,0.5,False,halve,-0.13502065040032019,9,沪深300;黄金;国债ETF;有色ETF;军工ETF;酒ETF;证券ETF;半导体ETF;创新药ETF,沪深300;黄金;国债ETF,有色ETF;军工ETF;酒ETF;证券ETF;半导体ETF;创新药ETF
2024-04-22,1869501.4421977692,892965.6831126594,976535.7590851098,0.5,False,halve,-0.13660111427938404,9,沪深300;黄金;国债ETF;有色ETF;军工ETF;酒ETF;证券ETF;创新药ETF;半导体ETF,沪深300;黄金;国债ETF,有色ETF;军工ETF;酒ETF;证券ETF;创新药ETF;半导体ETF
2024-04-23,1861101.912384341,894862.1203744997,966239.7920098413,0.5,False,halve,-0.14048030073936635,10,沪深300;创业板;黄金;国债ETF;有色ETF;酒ETF;军工ETF;证券ETF;创新药ETF;半导体ETF,沪深300;创业板;黄金;国债ETF,有色ETF;酒ETF;军工ETF;证券ETF;创新药ETF;半导体ETF
2024-04-24,1866391.709097954,901871.4374109714,964520.2716869826,0.5,False,halve,-0.13803729401835904,9,沪深300;黄金;国债ETF;有色ETF;军工ETF;酒ETF;证券ETF;半导体ETF;创新药ETF,沪深300;黄金;国债ETF,有色ETF;军工ETF;酒ETF;证券ETF;半导体ETF;创新药ETF
2024-04-25,1867468.5196125794,910092.2311002456,957376.2885123338,0.5,False,halve,-0.1375399865665034,10,沪深300;创业板;黄金;国债ETF;有色ETF;军工ETF;酒ETF;半导体ETF;证券ETF;创新药ETF,沪深300;创业板;黄金;国债ETF,有色ETF;军工ETF;酒ETF;半导体ETF;证券ETF;创新药ETF
2024-04-26,1883875.7097063577,895481.7525851525,988393.9571212052,0.5,False,halve,-0.12996259222755005,10,沪深300;创业板;黄金;国债ETF;有色ETF;酒ETF;军工ETF;证券ETF;半导体ETF;创新药ETF,沪深300;创业板;黄金;国债ETF,有色ETF;酒ETF;军工ETF;证券ETF;半导体ETF;创新药ETF
2024-04-29,1893161.1717057312,902621.5157182374,990539.6559874938,0.5,False,halve,-0.12567425237249466,10,沪深300;创业板;黄金;国债ETF;有色ETF;证券ETF;酒ETF;半导体ETF;军工ETF;创新药ETF,沪深300;创业板;黄金;国债ETF,有色ETF;证券ETF;酒ETF;半导体ETF;军工ETF;创新药ETF
2024-04-30,1888364.606144647,903537.3403472849,984827.2657973622,0.5,False,halve,-0.12788946829437023,10,沪深300;创业板;黄金;国债ETF;有色ETF;证券ETF;酒ETF;半导体ETF;创新药ETF;军工ETF,沪深300;创业板;黄金;国债ETF,有色ETF;证券ETF;酒ETF;半导体ETF;创新药ETF;军工ETF
2024-05-06,1897182.924385822,908241.6874804657,988941.2369053562,0.5,False,halve,-0.12381687119895989,10,沪深300;创业板;黄金;国债ETF;酒ETF;创新药ETF;有色ETF;半导体ETF;军工ETF;证券ETF,沪深300;创业板;黄金;国债ETF,酒ETF;创新药ETF;有色ETF;半导体ETF;军工ETF;证券ETF
2024-05-07,1898727.8516040877,916482.8017470657,982245.049857022,0.5,False,halve,-0.12310337164840482,10,沪深300;创业板;黄金;国债ETF;酒ETF;军工ETF;创新药ETF;半导体ETF;有色ETF;证券ETF,沪深300;创业板;黄金;国债ETF,酒ETF;军工ETF;创新药ETF;半导体ETF;有色ETF;证券ETF
2024-05-08,1891446.7466718573,912785.4162726454,978661.330399212,0.5,False,halve,-0.1264660317370284,11,沪深300;创业板;纳指;黄金;国债ETF;酒ETF;军工ETF;创新药ETF;半导体ETF;有色ETF;证券ETF,沪深300;创业板;纳指;黄金;国债ETF,酒ETF;军工ETF;创新药ETF;半导体ETF;有色ETF;证券ETF
2024-05-09,1899076.9156739085,914635.471736322,984441.4439375865,0.5,False,halve,-0.12294216207556058,10,沪深300;创业板;黄金;国债ETF;军工ETF;酒ETF;半导体ETF;有色ETF;创新药ETF;证券ETF,沪深300;创业板;黄金;国债ETF,军工ETF;酒ETF;半导体ETF;有色ETF;创新药ETF;证券ETF
2024-05-10,1900080.3527753928,920637.9026179707,979442.4501574221,0.5,False,halve,-0.12247874094318972,10,沪深300;纳指;黄金;国债ETF;军工ETF;酒ETF;半导体ETF;有色ETF;创新药ETF;证券ETF,沪深300;纳指;黄金;国债ETF,军工ETF;酒ETF;半导体ETF;有色ETF;创新药ETF;证券ETF
2024-05-13,1896881.9266295116,920421.280980017,976460.6456494946,0.5,False,halve,-0.12395588212536879,10,沪深300;纳指;黄金;国债ETF;军工ETF;酒ETF;有色ETF;半导体ETF;创新药ETF;证券ETF,沪深300;纳指;黄金;国债ETF,军工ETF;酒ETF;有色ETF;半导体ETF;创新药ETF;证券ETF
2024-05-14,1897284.3512192334,928484.2999593145,968800.0512599188,0.5,False,halve,-0.1237700288628306,9,沪深300;黄金;国债ETF;军工ETF;酒ETF;有色ETF;证券ETF;创新药ETF;半导体ETF,沪深300;黄金;国债ETF,军工ETF;酒ETF;有色ETF;证券ETF;创新药ETF;半导体ETF
2024-05-15,1893459.1874333196,923889.1621702953,969570.0252630244,0.5,False,halve,-0.1255366186476313,10,沪深300;纳指;黄金;国债ETF;军工ETF;酒ETF;有色ETF;创新药ETF;证券ETF;半导体ETF,沪深300;纳指;黄金;国债ETF,军工ETF;酒ETF;有色ETF;创新药ETF;证券ETF;半导体ETF
2024-05-16,1898189.1825899647,949094.5912949826,949094.5912949821,0.5,False,halve,-0.12335214718613283,10,沪深300;纳指;黄金;国债ETF;军工ETF;酒ETF;有色ETF;创新药ETF;证券ETF;半导体ETF,沪深300;纳指;黄金;国债ETF,军工ETF;酒ETF;有色ETF;创新药ETF;证券ETF;半导体ETF
2024-05-17,1903386.0255774907,951693.0127887452,951693.0127887455,0.5,False,halve,-0.12095206963421605,10,沪深300;纳指;黄金;国债ETF;酒ETF;军工ETF;有色ETF;证券ETF;创新药ETF;半导体ETF,沪深300;纳指;黄金;国债ETF,酒ETF;军工ETF;有色ETF;证券ETF;创新药ETF;半导体ETF
2024-05-20,1910994.504993277,1910994.5049932774,-4.656612873077393e-10,1.0,False,warning,-0.11743821695598787,10,沪深300;纳指;黄金;国债ETF;酒ETF;军工ETF;有色ETF;创新药ETF;证券ETF;半导体ETF,沪深300;纳指;黄金;国债ETF,酒ETF;军工ETF;有色ETF;创新药ETF;证券ETF;半导体ETF
2024-05-21,1899549.591547911,949774.7957739556,949774.7957739554,0.5,False,halve,-0.12272386439805731,10,沪深300;纳指;黄金;国债ETF;酒ETF;军工ETF;有色ETF;半导体ETF;创新药ETF;证券ETF,沪深300;纳指;黄金;国债ETF,酒ETF;军工ETF;有色ETF;半导体ETF;创新药ETF;证券ETF
2024-05-22,1900129.3568341387,950064.6784170694,950064.6784170694,0.5,False,halve,-0.12245610921434372,10,沪深300;纳指;黄金;国债ETF;酒ETF;有色ETF;半导体ETF;证券ETF;军工ETF;创新药ETF,沪深300;纳指;黄金;国债ETF,酒ETF;有色ETF;半导体ETF;证券ETF;军工ETF;创新药ETF
2024-05-23,1890887.4707347672,945443.7353673835,945443.7353673837,0.5,False,halve,-0.12672432424753124,10,沪深300;纳指;黄金;国债ETF;军工ETF;有色ETF;酒ETF;半导体ETF;证券ETF;创新药ETF,沪深300;纳指;黄金;国债ETF,军工ETF;有色ETF;酒ETF;半导体ETF;证券ETF;创新药ETF
2024-05-24,1880808.5389149697,940404.2694574848,940404.2694574848,0.5,False,halve,-0.13137911525546814,10,沪深300;纳指;黄金;国债ETF;有色ETF;酒ETF;证券ETF;创新药ETF;军工ETF;半导体ETF,沪深300;纳指;黄金;国债ETF,有色ETF;酒ETF;证券ETF;创新药ETF;军工ETF;半导体ETF
2024-05-27,1888072.5502701353,944036.2751350674,944036.2751350679,0.5,False,halve,-0.12802434955786113,10,沪深300;纳指;黄金;国债ETF;有色ETF;酒ETF;证券ETF;军工ETF;半导体ETF;创新药ETF,沪深300;纳指;黄金;国债ETF,有色ETF;酒ETF;证券ETF;军工ETF;半导体ETF;创新药ETF
2024-05-28,1886230.215031533,943115.1075157665,943115.1075157665,0.5,False,halve,-0.12887520217355264,11,沪深300;创业板;纳指;黄金;国债ETF;有色ETF;军工ETF;酒ETF;半导体ETF;创新药ETF;证券ETF,沪深300;创业板;纳指;黄金;国债ETF,有色ETF;军工ETF;酒ETF;半导体ETF;创新药ETF;证券ETF
2024-05-29,1887211.5628286097,943605.7814143046,943605.7814143051,0.5,False,halve,-0.12842198262775528,11,沪深300;创业板;纳指;黄金;国债ETF;有色ETF;酒ETF;军工ETF;半导体ETF;证券ETF;创新药ETF,沪深300;创业板;纳指;黄金;国债ETF,有色ETF;酒ETF;军工ETF;半导体ETF;证券ETF;创新药ETF
2024-05-30,1884250.5681084543,942125.2840542274,942125.2840542269,0.5,False,halve,-0.1297894699611704,11,沪深300;创业板;纳指;黄金;国债ETF;有色ETF;军工ETF;半导体ETF;酒ETF;证券ETF;创新药ETF,沪深300;创业板;纳指;黄金;国债ETF,有色ETF;军工ETF;半导体ETF;酒ETF;证券ETF;创新药ETF
2024-05-31,1883746.4068696962,941873.2034348482,941873.203434848,0.5,False,halve,-0.13002230864315376,9,纳指;黄金;国债ETF;有色ETF;军工ETF;半导体ETF;酒ETF;证券ETF;创新药ETF,纳指;黄金;国债ETF,有色ETF;军工ETF;半导体ETF;酒ETF;证券ETF;创新药ETF
2024-06-03,1881303.186929314,970210.31573249,911092.8711968239,0.5,False,halve,-0.13115067010171277,10,沪深300;纳指;黄金;国债ETF;有色ETF;军工ETF;半导体ETF;酒ETF;证券ETF;创新药ETF,沪深300;纳指;黄金;国债ETF,有色ETF;军工ETF;半导体ETF;酒ETF;证券ETF;创新药ETF
2024-06-04,1886708.1057747332,973981.0706843226,912727.0350904106,0.5,False,halve,-0.12865449609338497,11,沪深300;创业板;纳指;黄金;国债ETF;有色ETF;军工ETF;半导体ETF;酒ETF;证券ETF;创新药ETF,沪深300;创业板;纳指;黄金;国债ETF,有色ETF;军工ETF;半导体ETF;酒ETF;证券ETF;创新药ETF
2024-06-05,1884488.4366823472,981063.4426007831,903424.9940815641,0.5,False,halve,-0.12967961422262356,10,沪深300;创业板;纳指;国债ETF;军工ETF;半导体ETF;有色ETF;酒ETF;证券ETF;创新药ETF,沪深300;创业板;纳指;国债ETF,军工ETF;半导体ETF;有色ETF;酒ETF;证券ETF;创新药ETF
2024-06-06,1883957.934046676,985929.6511146034,898028.2829320725,0.5,False,halve,-0.12992461825106227,11,沪深300;创业板;纳指;黄金;国债ETF;半导体ETF;有色ETF;军工ETF;酒ETF;创新药ETF;证券ETF,沪深300;创业板;纳指;黄金;国债ETF,半导体ETF;有色ETF;军工ETF;酒ETF;创新药ETF;证券ETF
2024-06-07,1879578.583337835,993601.6297418041,885976.953596031,0.5,False,halve,-0.1319471502678057,11,沪深300;创业板;纳指;黄金;国债ETF;半导体ETF;有色ETF;军工ETF;酒ETF;创新药ETF;证券ETF,沪深300;创业板;纳指;黄金;国债ETF,半导体ETF;有色ETF;军工ETF;酒ETF;创新药ETF;证券ETF
2024-06-11,1876295.3344369498,1000441.6350068016,875853.6994301482,0.5,False,halve,-0.13346346546210436,10,沪深300;创业板;纳指;国债ETF;半导体ETF;军工ETF;有色ETF;创新药ETF;酒ETF;证券ETF,沪深300;创业板;纳指;国债ETF,半导体ETF;军工ETF;有色ETF;创新药ETF;酒ETF;证券ETF
2024-06-12,1877062.8726493707,1011313.5814893921,865749.2911599786,0.5,False,halve,-0.1331089904013239,10,沪深300;创业板;纳指;国债ETF;半导体ETF;军工ETF;有色ETF;创新药ETF;证券ETF;酒ETF,沪深300;创业板;纳指;国债ETF,半导体ETF;军工ETF;有色ETF;创新药ETF;证券ETF;酒ETF
2024-06-13,1878510.5154913666,1022634.759628094,855875.7558632726,0.5,False,halve,-0.13244042006032897,8,纳指;国债ETF;半导体ETF;军工ETF;有色ETF;证券ETF;创新药ETF;酒ETF,纳指;国债ETF,半导体ETF;军工ETF;有色ETF;证券ETF;创新药ETF;酒ETF
2024-06-14,1878526.299246058,1033840.7642965324,844685.5349495257,0.5,False,halve,-0.13243313058950776,10,沪深300;创业板;纳指;国债ETF;半导体ETF;军工ETF;有色ETF;证券ETF;创新药ETF;酒ETF,沪深300;创业板;纳指;国债ETF,半导体ETF;军工ETF;有色ETF;证券ETF;创新药ETF;酒ETF
2024-06-17,1880388.9530199529,1046126.8210264225,834262.1319935303,0.5,False,halve,-0.13157289418820634,9,创业板;纳指;国债ETF;半导体ETF;军工ETF;有色ETF;证券ETF;创新药ETF;酒ETF,创业板;纳指;国债ETF,半导体ETF;军工ETF;有色ETF;证券ETF;创新药ETF;酒ETF
2024-06-18,1884106.8260803407,1060403.5532068233,823703.2728735174,0.5,False,halve,-0.12985585488289514,9,创业板;纳指;国债ETF;半导体ETF;军工ETF;有色ETF;证券ETF;创新药ETF;酒ETF,创业板;纳指;国债ETF,半导体ETF;军工ETF;有色ETF;证券ETF;创新药ETF;酒ETF
2024-06-19,1878856.684349439,1064330.131878723,814526.5524707162,0.5,False,halve,-0.13228054759402072,10,沪深300;创业板;纳指;国债ETF;半导体ETF;军工ETF;有色ETF;证券ETF;创新药ETF;酒ETF,沪深300;创业板;纳指;国债ETF,半导体ETF;军工ETF;有色ETF;证券ETF;创新药ETF;酒ETF
2024-06-20,1872691.465252637,1061492.1638548719,811199.301397765,0.5,False,halve,-0.13512785392834734,9,创业板;纳指;国债ETF;半导体ETF;军工ETF;有色ETF;证券ETF;创新药ETF;酒ETF,创业板;纳指;国债ETF,半导体ETF;军工ETF;有色ETF;证券ETF;创新药ETF;酒ETF
2024-06-21,1867878.507275723,1071475.1017340072,796403.4055417157,0.5,False,halve,-0.137350640421308,11,沪深300;创业板;纳指;黄金;国债ETF;半导体ETF;军工ETF;有色ETF;证券ETF;创新药ETF;酒ETF,沪深300;创业板;纳指;黄金;国债ETF,半导体ETF;军工ETF;有色ETF;证券ETF;创新药ETF;酒ETF
2024-06-24,1855574.7852610876,1040325.1406981413,815249.6445629463,0.5,False,halve,-0.14303291465649878,9,纳指;黄金;国债ETF;半导体ETF;军工ETF;证券ETF;有色ETF;创新药ETF;酒ETF,纳指;黄金;国债ETF,半导体ETF;军工ETF;证券ETF;有色ETF;创新药ETF;酒ETF
2024-06-25,1848823.6648195563,1033322.635197561,815501.0296219953,0.5,False,halve,-0.14615081001352584,9,纳指;黄金;国债ETF;半导体ETF;军工ETF;有色ETF;证券ETF;创新药ETF;酒ETF,纳指;黄金;国债ETF,半导体ETF;军工ETF;有色ETF;证券ETF;创新药ETF;酒ETF
2024-06-26,1858036.9269969156,1005177.2177322537,852859.7092646619,0.5,False,halve,-0.14189581447394903,8,纳指;国债ETF;半导体ETF;军工ETF;证券ETF;有色ETF;创新药ETF;酒ETF,纳指;国债ETF,半导体ETF;军工ETF;证券ETF;有色ETF;创新药ETF;酒ETF
2024-06-27,1851874.4028322906,988112.8173834842,863761.5854488064,0.5,False,halve,-0.1447418761976076,8,纳指;国债ETF;半导体ETF;军工ETF;证券ETF;有色ETF;创新药ETF;酒ETF,纳指;国债ETF,半导体ETF;军工ETF;证券ETF;有色ETF;创新药ETF;酒ETF
2024-06-28,1857029.3476078068,999770.1857267844,857259.1618810224,0.5,False,halve,-0.14236114865460037,9,纳指;黄金;国债ETF;半导体ETF;军工ETF;有色ETF;证券ETF;创新药ETF;酒ETF,纳指;黄金;国债ETF,半导体ETF;军工ETF;有色ETF;证券ETF;创新药ETF;酒ETF
2024-07-01,1857262.4247356085,1008163.9012826204,849098.5234529881,0.5,False,halve,-0.14225350576763132,9,纳指;黄金;国债ETF;半导体ETF;军工ETF;有色ETF;证券ETF;创新药ETF;酒ETF,纳指;黄金;国债ETF,半导体ETF;军工ETF;有色ETF;证券ETF;创新药ETF;酒ETF
2024-07-02,1855789.3585080635,1017258.2889519429,838531.0695561206,0.5,False,halve,-0.14293381748643902,9,纳指;黄金;国债ETF;半导体ETF;军工ETF;有色ETF;证券ETF;创新药ETF;酒ETF,纳指;黄金;国债ETF,半导体ETF;军工ETF;有色ETF;证券ETF;创新药ETF;酒ETF
2024-07-03,1860491.3228400326,1031419.525763815,829071.7970762176,0.5,False,halve,-0.14076229160617668,9,纳指;黄金;国债ETF;半导体ETF;军工ETF;有色ETF;证券ETF;创新药ETF;酒ETF,纳指;黄金;国债ETF,半导体ETF;军工ETF;有色ETF;证券ETF;创新药ETF;酒ETF
2024-07-04,1856688.1020007115,1019254.6449180611,837433.4570826504,0.5,False,halve,-0.14251874739738432,9,纳指;黄金;国债ETF;半导体ETF;军工ETF;有色ETF;证券ETF;创新药ETF;酒ETF,纳指;黄金;国债ETF,半导体ETF;军工ETF;有色ETF;证券ETF;创新药ETF;酒ETF
2024-07-05,1863590.251018575,1013904.8717760979,849685.379242477,0.5,False,halve,-0.13933110194465054,9,纳指;黄金;国债ETF;半导体ETF;军工ETF;有色ETF;证券ETF;创新药ETF;酒ETF,纳指;黄金;国债ETF,半导体ETF;军工ETF;有色ETF;证券ETF;创新药ETF;酒ETF
2024-07-08,1859843.2233026645,996046.0273658934,863797.1959367711,0.5,False,halve,-0.1410616058542266,9,纳指;黄金;国债ETF;半导体ETF;有色ETF;军工ETF;证券ETF;创新药ETF;酒ETF,纳指;黄金;国债ETF,半导体ETF;有色ETF;军工ETF;证券ETF;创新药ETF;酒ETF
2024-07-09,1867852.1914489758,969876.4589115173,897975.7325374585,0.5,False,halve,-0.13736279395859738,9,纳指;黄金;国债ETF;半导体ETF;有色ETF;军工ETF;证券ETF;创新药ETF;酒ETF,纳指;黄金;国债ETF,半导体ETF;有色ETF;军工ETF;证券ETF;创新药ETF;酒ETF
2024-07-10,1865717.5572025394,978665.7397760415,887051.8174264979,0.5,False,halve,-0.1383486401249569,9,纳指;黄金;国债ETF;半导体ETF;有色ETF;军工ETF;证券ETF;创新药ETF;酒ETF,纳指;黄金;国债ETF,半导体ETF;有色ETF;军工ETF;证券ETF;创新药ETF;酒ETF
2024-07-11,1875512.6866958956,937756.3433479476,937756.343347948,0.5,False,halve,-0.13382491861334855,8,纳指;国债ETF;半导体ETF;有色ETF;军工ETF;证券ETF;创新药ETF;酒ETF,纳指;国债ETF,半导体ETF;有色ETF;军工ETF;证券ETF;创新药ETF;酒ETF
2024-07-12,1862455.7456983328,931227.8728491666,931227.8728491662,0.5,False,halve,-0.13985505480568158,9,纳指;黄金;国债ETF;半导体ETF;有色ETF;军工ETF;创新药ETF;证券ETF;酒ETF,纳指;黄金;国债ETF,半导体ETF;有色ETF;军工ETF;创新药ETF;证券ETF;酒ETF
2024-07-15,1868637.7606024928,960313.5322863364,908324.2283161564,0.5,False,halve,-0.13699999160044263,8,纳指;国债ETF;半导体ETF;有色ETF;军工ETF;创新药ETF;证券ETF;酒ETF,纳指;国债ETF,半导体ETF;有色ETF;军工ETF;创新药ETF;证券ETF;酒ETF
2024-07-16,1870913.8782090803,963852.1404721193,907061.737736961,0.5,False,halve,-0.1359488036414826,9,纳指;黄金;国债ETF;半导体ETF;有色ETF;军工ETF;创新药ETF;证券ETF;酒ETF,纳指;黄金;国债ETF,半导体ETF;有色ETF;军工ETF;创新药ETF;证券ETF;酒ETF
2024-07-17,1872036.1079565538,974092.1985589962,897943.9093975576,0.5,False,halve,-0.13543052005441455,9,纳指;黄金;国债ETF;半导体ETF;有色ETF;创新药ETF;军工ETF;酒ETF;证券ETF,纳指;黄金;国债ETF,半导体ETF;有色ETF;创新药ETF;军工ETF;酒ETF;证券ETF
2024-07-18,1869976.9153377302,979819.3494431141,890157.5658946161,0.5,False,halve,-0.13638152473001744,9,纳指;黄金;国债ETF;半导体ETF;有色ETF;军工ETF;创新药ETF;酒ETF;证券ETF,纳指;黄金;国债ETF,半导体ETF;有色ETF;军工ETF;创新药ETF;酒ETF;证券ETF
2024-07-19,1863895.3126472987,980033.4542572324,883861.8583900663,0.5,False,halve,-0.13919021418475314,9,纳指;黄金;国债ETF;半导体ETF;军工ETF;有色ETF;创新药ETF;酒ETF;证券ETF,纳指;黄金;国债ETF,半导体ETF;军工ETF;有色ETF;创新药ETF;酒ETF;证券ETF
2024-07-22,1862477.026286316,989036.5332585033,873440.4930278128,0.5,False,halve,-0.1398452267116574,9,纳指;黄金;国债ETF;半导体ETF;军工ETF;创新药ETF;证券ETF;有色ETF;酒ETF,纳指;黄金;国债ETF,半导体ETF;军工ETF;创新药ETF;证券ETF;有色ETF;酒ETF
2024-07-23,1851310.816901982,905656.7893426234,945654.0275593586,0.5,False,halve,-0.14500215920849643,9,纳指;黄金;国债ETF;半导体ETF;军工ETF;证券ETF;创新药ETF;有色ETF;酒ETF,纳指;黄金;国债ETF,半导体ETF;军工ETF;证券ETF;创新药ETF;有色ETF;酒ETF
2024-07-24,1847476.0036879391,923738.0018439697,923738.0018439695,0.5,False,halve,-0.14677320542499947,9,纳指;黄金;国债ETF;半导体ETF;军工ETF;创新药ETF;证券ETF;有色ETF;酒ETF,纳指;黄金;国债ETF,半导体ETF;军工ETF;创新药ETF;证券ETF;有色ETF;酒ETF
2024-07-25,1834905.9101598174,917452.9550799091,917452.9550799084,0.5,False,halve,-0.15257849901858211,9,纳指;黄金;国债ETF;半导体ETF;军工ETF;证券ETF;创新药ETF;酒ETF;有色ETF,纳指;黄金;国债ETF,半导体ETF;军工ETF;证券ETF;创新药ETF;酒ETF;有色ETF
2024-07-26,1839784.4745564708,919892.2372782351,919892.2372782356,0.5,False,halve,-0.15032541326592552,9,纳指;黄金;国债ETF;半导体ETF;军工ETF;证券ETF;创新药ETF;酒ETF;有色ETF,纳指;黄金;国债ETF,半导体ETF;军工ETF;证券ETF;创新药ETF;酒ETF;有色ETF
2024-07-29,1843545.8924329611,921772.9462164803,921772.9462164808,0.5,False,halve,-0.14858826349434065,9,纳指;黄金;国债ETF;军工ETF;半导体ETF;证券ETF;创新药ETF;有色ETF;酒ETF,纳指;黄金;国债ETF,军工ETF;半导体ETF;证券ETF;创新药ETF;有色ETF;酒ETF
2024-07-30,1841899.165518018,920949.582759009,920949.582759009,0.5,False,halve,-0.14934877758187015,9,纳指;黄金;国债ETF;军工ETF;半导体ETF;证券ETF;创新药ETF;有色ETF;酒ETF,纳指;黄金;国债ETF,军工ETF;半导体ETF;证券ETF;创新药ETF;有色ETF;酒ETF
2024-07-31,1855958.8603890426,879374.1195058393,976584.7408832033,0.5,False,halve,-0.14285553579493473,9,纳指;黄金;国债ETF;半导体ETF;军工ETF;证券ETF;创新药ETF;有色ETF;酒ETF,纳指;黄金;国债ETF,半导体ETF;军工ETF;证券ETF;创新药ETF;有色ETF;酒ETF
2024-08-01,1861884.8827006128,888024.2404546816,973860.6422459312,0.5,False,halve,-0.1401186986119956,9,纳指;黄金;国债ETF;半导体ETF;军工ETF;证券ETF;创新药ETF;有色ETF;酒ETF,纳指;黄金;国债ETF,半导体ETF;军工ETF;证券ETF;创新药ETF;有色ETF;酒ETF
2024-08-02,1850330.3924023265,884539.4737835007,965790.9186188257,0.5,False,halve,-0.14545495234437156,9,纳指;黄金;国债ETF;半导体ETF;军工ETF;证券ETF;创新药ETF;酒ETF;有色ETF,纳指;黄金;国债ETF,半导体ETF;军工ETF;证券ETF;创新药ETF;酒ETF;有色ETF
2024-08-05,1824096.755005931,870269.7348036398,953827.0202022912,0.5,False,halve,-0.15757053181662875,8,黄金;国债ETF;军工ETF;证券ETF;创新药ETF;半导体ETF;酒ETF;有色ETF,黄金;国债ETF,军工ETF;证券ETF;创新药ETF;半导体ETF;酒ETF;有色ETF
2024-08-06,1823758.3413481575,873058.5143157307,950699.8270324268,0.5,False,halve,-0.1577268226696012,8,黄金;国债ETF;军工ETF;创新药ETF;证券ETF;半导体ETF;酒ETF;有色ETF,黄金;国债ETF,军工ETF;创新药ETF;证券ETF;半导体ETF;酒ETF;有色ETF
2024-08-07,1825177.2790889195,881024.8408088674,944152.4382800522,0.5,False,halve,-0.15707150931352235,8,黄金;国债ETF;军工ETF;证券ETF;半导体ETF;创新药ETF;酒ETF;有色ETF,黄金;国债ETF,军工ETF;证券ETF;半导体ETF;创新药ETF;酒ETF;有色ETF
2024-08-08,1824195.629849936,888061.0602726138,936134.5695773223,0.5,False,halve,-0.15752486807536978,8,黄金;国债ETF;证券ETF;军工ETF;半导体ETF;创新药ETF;酒ETF;有色ETF,黄金;国债ETF,证券ETF;军工ETF;半导体ETF;创新药ETF;酒ETF;有色ETF
2024-08-09,1825107.492085733,912553.7460428664,912553.7460428666,0.5,False,halve,-0.15710373930780264,8,黄金;国债ETF;证券ETF;军工ETF;半导体ETF;创新药ETF;酒ETF;有色ETF,黄金;国债ETF,证券ETF;军工ETF;半导体ETF;创新药ETF;酒ETF;有色ETF
2024-08-12,1825438.1407482913,912719.0703741458,912719.0703741455,0.5,False,halve,-0.15695103459178905,8,黄金;国债ETF;证券ETF;创新药ETF;军工ETF;半导体ETF;酒ETF;有色ETF,黄金;国债ETF,证券ETF;创新药ETF;军工ETF;半导体ETF;酒ETF;有色ETF
2024-08-13,1829531.949187397,914765.9745936983,914765.9745936987,0.5,False,halve,-0.1550603756359327,8,黄金;国债ETF;证券ETF;军工ETF;创新药ETF;半导体ETF;酒ETF;有色ETF,黄金;国债ETF,证券ETF;军工ETF;创新药ETF;半导体ETF;酒ETF;有色ETF
2024-08-14,1825062.7518400955,912531.3759200479,912531.3759200476,0.5,False,halve,-0.15712440186379664,8,黄金;国债ETF;证券ETF;军工ETF;创新药ETF;半导体ETF;酒ETF;有色ETF,黄金;国债ETF,证券ETF;军工ETF;创新药ETF;半导体ETF;酒ETF;有色ETF
2024-08-15,1825907.427811639,912953.7139058198,912953.7139058191,0.5,False,halve,-0.15673430198146213,8,黄金;国债ETF;证券ETF;军工ETF;创新药ETF;半导体ETF;有色ETF;酒ETF,黄金;国债ETF,证券ETF;军工ETF;创新药ETF;半导体ETF;有色ETF;酒ETF
2024-08-16,1825621.132548165,912810.5662740829,912810.5662740822,0.5,False,halve,-0.156866522800281,9,纳指;黄金;国债ETF;证券ETF;创新药ETF;军工ETF;半导体ETF;有色ETF;酒ETF,纳指;黄金;国债ETF,证券ETF;创新药ETF;军工ETF;半导体ETF;有色ETF;酒ETF
2024-08-19,1823926.1506319586,911963.0753159795,911963.0753159791,0.5,False,halve,-0.15764932267662066,9,纳指;黄金;国债ETF;证券ETF;创新药ETF;军工ETF;半导体ETF;有色ETF;酒ETF,纳指;黄金;国债ETF,证券ETF;创新药ETF;军工ETF;半导体ETF;有色ETF;酒ETF
2024-08-20,1824019.526785066,912009.7633925331,912009.7633925328,0.5,False,halve,-0.1576061984164698,9,纳指;黄金;国债ETF;证券ETF;创新药ETF;军工ETF;半导体ETF;有色ETF;酒ETF,纳指;黄金;国债ETF,证券ETF;创新药ETF;军工ETF;半导体ETF;有色ETF;酒ETF
2024-08-21,1823822.8187620766,940952.3215921255,882870.4971699511,0.5,False,halve,-0.15769704482291155,9,纳指;黄金;国债ETF;证券ETF;创新药ETF;有色ETF;军工ETF;半导体ETF;酒ETF,纳指;黄金;国债ETF,证券ETF;创新药ETF;有色ETF;军工ETF;半导体ETF;酒ETF
2024-08-22,1820367.5061163579,941670.5942230427,878696.9118933151,0.5,False,halve,-0.15929282486393825,8,黄金;国债ETF;证券ETF;创新药ETF;有色ETF;半导体ETF;军工ETF;酒ETF,黄金;国债ETF,证券ETF;创新药ETF;有色ETF;半导体ETF;军工ETF;酒ETF
2024-08-23,1819441.6542943793,950544.6502073009,868897.0040870784,0.5,False,halve,-0.15972041449473254,8,黄金;国债ETF;证券ETF;创新药ETF;有色ETF;半导体ETF;军工ETF;酒ETF,黄金;国债ETF,证券ETF;创新药ETF;有色ETF;半导体ETF;军工ETF;酒ETF
2024-08-26,1821536.0773925167,960812.795184789,860723.2822077277,0.5,False,halve,-0.15875313919430084,8,黄金;国债ETF;证券ETF;创新药ETF;有色ETF;半导体ETF;军工ETF;酒ETF,黄金;国债ETF,证券ETF;创新药ETF;有色ETF;半导体ETF;军工ETF;酒ETF
2024-08-27,1817941.20004855,964285.5039671302,853655.6960814198,0.5,False,halve,-0.1604133749250817,8,黄金;国债ETF;证券ETF;创新药ETF;有色ETF;半导体ETF;军工ETF;酒ETF,黄金;国债ETF,证券ETF;创新药ETF;有色ETF;半导体ETF;军工ETF;酒ETF
2024-08-28,1816474.4722523838,973719.1570204532,842755.3152319306,0.5,False,halve,-0.1610907593422751,8,黄金;国债ETF;证券ETF;创新药ETF;有色ETF;军工ETF;半导体ETF;酒ETF,黄金;国债ETF,证券ETF;创新药ETF;有色ETF;军工ETF;半导体ETF;酒ETF
2024-08-29,1821298.2975428258,962508.409216371,858789.8883264548,0.5,False,halve,-0.15886295395701563,8,黄金;国债ETF;证券ETF;创新药ETF;有色ETF;军工ETF;半导体ETF;酒ETF,黄金;国债ETF,证券ETF;创新药ETF;有色ETF;军工ETF;半导体ETF;酒ETF
2024-08-30,1826912.110842384,940483.6290380317,886428.4818043523,0.5,False,halve,-0.15627030543689252,8,黄金;国债ETF;证券ETF;半导体ETF;有色ETF;创新药ETF;军工ETF;酒ETF,黄金;国债ETF,证券ETF;半导体ETF;有色ETF;创新药ETF;军工ETF;酒ETF
2024-09-02,1816598.5274996802,908299.26374984,908299.2637498402,0.5,False,halve,-0.1610334664406138,8,黄金;国债ETF;证券ETF;有色ETF;创新药ETF;半导体ETF;军工ETF;酒ETF,黄金;国债ETF,证券ETF;有色ETF;创新药ETF;半导体ETF;军工ETF;酒ETF
2024-09-03,1820166.8756296712,910083.4378148357,910083.4378148355,0.5,False,halve,-0.15938548279654902,8,黄金;国债ETF;证券ETF;有色ETF;创新药ETF;半导体ETF;军工ETF;酒ETF,黄金;国债ETF,证券ETF;有色ETF;创新药ETF;半导体ETF;军工ETF;酒ETF
2024-09-04,1816228.2844586528,908114.1422293264,908114.1422293264,0.5,False,halve,-0.16120445717742385,8,黄金;国债ETF;证券ETF;创新药ETF;有色ETF;半导体ETF;军工ETF;酒ETF,黄金;国债ETF,证券ETF;创新药ETF;有色ETF;半导体ETF;军工ETF;酒ETF
2024-09-05,1819843.9822714054,909921.991135703,909921.9911357024,0.5,False,halve,-0.1595346058511991,8,黄金;国债ETF;证券ETF;创新药ETF;军工ETF;有色ETF;半导体ETF;酒ETF,黄金;国债ETF,证券ETF;创新药ETF;军工ETF;有色ETF;半导体ETF;酒ETF
2024-09-06,1817787.1257867473,908893.5628933737,908893.5628933737,0.5,False,halve,-0.16048453162116977,8,黄金;国债ETF;证券ETF;创新药ETF;军工ETF;有色ETF;半导体ETF;酒ETF,黄金;国债ETF,证券ETF;创新药ETF;军工ETF;有色ETF;半导体ETF;酒ETF
2024-09-09,1813666.9693099663,906833.484654983,906833.4846549833,0.5,False,halve,-0.16238735899040962,7,国债ETF;证券ETF;创新药ETF;军工ETF;有色ETF;半导体ETF;酒ETF,国债ETF,证券ETF;创新药ETF;军工ETF;有色ETF;半导体ETF;酒ETF
2024-09-10,1814407.047223485,907203.5236117427,907203.5236117424,0.5,False,halve,-0.16204556602280037,7,国债ETF;证券ETF;创新药ETF;军工ETF;半导体ETF;有色ETF;酒ETF,国债ETF,证券ETF;创新药ETF;军工ETF;半导体ETF;有色ETF;酒ETF
2024-09-11,1815981.485339168,936527.4211808728,879454.0641582952,0.5,False,halve,-0.16131843734344584,7,国债ETF;证券ETF;创新药ETF;军工ETF;有色ETF;半导体ETF;酒ETF,国债ETF,证券ETF;创新药ETF;军工ETF;有色ETF;半导体ETF;酒ETF
2024-09-12,1812535.1811447097,941517.8775112166,871017.3036334931,0.5,False,halve,-0.16291005697752944,8,黄金;国债ETF;证券ETF;创新药ETF;军工ETF;有色ETF;半导体ETF;酒ETF,黄金;国债ETF,证券ETF;创新药ETF;军工ETF;有色ETF;半导体ETF;酒ETF
2024-09-13,1814868.7935480014,949301.7642927632,865567.0292552382,0.5,False,halve,-0.16183231598026265,8,黄金;国债ETF;证券ETF;创新药ETF;军工ETF;有色ETF;半导体ETF;酒ETF,黄金;国债ETF,证券ETF;创新药ETF;军工ETF;有色ETF;半导体ETF;酒ETF
2024-09-18,1814105.9626363674,958746.7529301996,855359.2097061678,0.5,False,halve,-0.1621846170506078,8,黄金;国债ETF;证券ETF;创新药ETF;军工ETF;有色ETF;半导体ETF;酒ETF,黄金;国债ETF,证券ETF;创新药ETF;军工ETF;有色ETF;半导体ETF;酒ETF
2024-09-19,1818022.935888973,946272.3520608693,871750.5838281037,0.5,False,halve,-0.16037562655433868,8,黄金;国债ETF;证券ETF;创新药ETF;军工ETF;有色ETF;半导体ETF;酒ETF,黄金;国债ETF,证券ETF;创新药ETF;军工ETF;有色ETF;半导体ETF;酒ETF
2024-09-20,1820265.7658794909,956306.5911562212,863959.1747232697,0.5,False,halve,-0.1593398119403647,9,纳指;黄金;国债ETF;证券ETF;创新药ETF;有色ETF;军工ETF;半导体ETF;酒ETF,纳指;黄金;国债ETF,证券ETF;创新药ETF;有色ETF;军工ETF;半导体ETF;酒ETF
2024-09-23,1822533.0160328164,967519.4565202935,855013.5595125229,0.5,False,halve,-0.15829271927071165,9,纳指;黄金;国债ETF;证券ETF;创新药ETF;有色ETF;军工ETF;半导体ETF;酒ETF,纳指;黄金;国债ETF,证券ETF;创新药ETF;有色ETF;军工ETF;半导体ETF;酒ETF
2024-09-24,1834971.7757049117,879086.5169548627,955885.2587500489,0.5,False,halve,-0.15254808008604848,9,纳指;黄金;国债ETF;证券ETF;创新药ETF;有色ETF;军工ETF;酒ETF;半导体ETF,纳指;黄金;国债ETF,证券ETF;创新药ETF;有色ETF;军工ETF;酒ETF;半导体ETF
2024-09-25,1838063.467031693,884538.240780168,953525.2262515251,0.5,False,halve,-0.15112023264700233,11,沪深300;创业板;纳指;黄金;国债ETF;证券ETF;创新药ETF;军工ETF;有色ETF;半导体ETF;酒ETF,沪深300;创业板;纳指;黄金;国债ETF,证券ETF;创新药ETF;军工ETF;有色ETF;半导体ETF;酒ETF
2024-09-26,1864846.9284392102,843098.0985008243,1021748.8299383859,0.5,False,halve,-0.13875072588277856,11,沪深300;创业板;纳指;黄金;国债ETF;证券ETF;酒ETF;创新药ETF;有色ETF;军工ETF;半导体ETF,沪深300;创业板;纳指;黄金;国债ETF,证券ETF;酒ETF;创新药ETF;有色ETF;军工ETF;半导体ETF
2024-09-27,1895403.3432616044,817273.1490055072,1078130.194256097,0.5,False,halve,-0.12463874184587019,10,沪深300;创业板;黄金;国债ETF;证券ETF;酒ETF;创新药ETF;军工ETF;有色ETF;半导体ETF,沪深300;创业板;黄金;国债ETF,证券ETF;酒ETF;创新药ETF;军工ETF;有色ETF;半导体ETF
2024-09-30,1958808.0948485858,1614226.6587483457,344581.4361002401,0.33646374716600375,False,warning,-0.09535628683731129,10,沪深300;创业板;纳指;黄金;证券ETF;酒ETF;创新药ETF;军工ETF;有色ETF;半导体ETF,沪深300;创业板;纳指;黄金,证券ETF;酒ETF;创新药ETF;军工ETF;有色ETF;半导体ETF
2024-10-08,2058821.0574069968,1680157.561366964,378663.49604003294,0.2968136336131876,False,normal,-0.04916692400427906,10,沪深300;创业板;纳指;黄金;证券ETF;创新药ETF;酒ETF;军工ETF;半导体ETF;有色ETF,沪深300;创业板;纳指;黄金,证券ETF;创新药ETF;酒ETF;军工ETF;半导体ETF;有色ETF
2024-10-09,1958128.2829073607,1578452.480853887,379675.80205347366,0.2868655502442881,False,warning,-0.09567024694416378,11,沪深300;创业板;纳指;黄金;国债ETF;证券ETF;半导体ETF;创新药ETF;军工ETF;酒ETF;有色ETF,沪深300;创业板;纳指;黄金;国债ETF,证券ETF;半导体ETF;创新药ETF;军工ETF;酒ETF;有色ETF
2024-10-10,1957120.6731043851,1581013.6406726895,376107.0324316956,0.29549993560191734,False,warning,-0.09613559517096565,11,沪深300;创业板;纳指;黄金;国债ETF;证券ETF;半导体ETF;创新药ETF;军工ETF;酒ETF;有色ETF,沪深300;创业板;纳指;黄金;国债ETF,证券ETF;半导体ETF;创新药ETF;军工ETF;酒ETF;有色ETF
2024-10-11,1931324.1214966488,1555365.7857238757,375958.335772773,0.2978868753825464,False,warning,-0.10804931366875421,11,沪深300;创业板;纳指;黄金;国债ETF;证券ETF;半导体ETF;创新药ETF;军工ETF;酒ETF;有色ETF,沪深300;创业板;纳指;黄金;国债ETF,证券ETF;半导体ETF;创新药ETF;军工ETF;酒ETF;有色ETF
2024-10-14,1950756.8119823206,1576348.4420052862,374408.3699770344,0.30635859447640706,False,warning,-0.09907464109928112,11,沪深300;创业板;纳指;黄金;国债ETF;证券ETF;半导体ETF;军工ETF;创新药ETF;酒ETF;有色ETF,沪深300;创业板;纳指;黄金;国债ETF,证券ETF;半导体ETF;军工ETF;创新药ETF;酒ETF;有色ETF
2024-10-15,1934440.9984655953,1563288.5835997644,371152.4148658309,0.3124583787870834,False,warning,-0.10660983464981692,11,沪深300;创业板;纳指;黄金;国债ETF;证券ETF;半导体ETF;军工ETF;创新药ETF;酒ETF;有色ETF,沪深300;创业板;纳指;黄金;国债ETF,证券ETF;半导体ETF;军工ETF;创新药ETF;酒ETF;有色ETF
2024-10-16,1926192.3272485093,1562137.8973862804,364054.4298622289,0.3204264309508722,False,warning,-0.1104193495165909,11,沪深300;创业板;纳指;黄金;国债ETF;证券ETF;半导体ETF;军工ETF;创新药ETF;酒ETF;有色ETF,沪深300;创业板;纳指;黄金;国债ETF,证券ETF;半导体ETF;军工ETF;创新药ETF;酒ETF;有色ETF
2024-10-17,1924308.2203064137,1566508.2469681608,357799.97333825286,0.330140058243177,False,warning,-0.11128949371528775,11,沪深300;创业板;纳指;黄金;国债ETF;证券ETF;半导体ETF;军工ETF;创新药ETF;酒ETF;有色ETF,沪深300;创业板;纳指;黄金;国债ETF,证券ETF;半导体ETF;军工ETF;创新药ETF;酒ETF;有色ETF
2024-10-18,1968107.2918992473,1597188.254729218,370919.03717002925,0.3296198542897658,False,warning,-0.09106160367183648,11,沪深300;创业板;纳指;黄金;国债ETF;证券ETF;半导体ETF;军工ETF;创新药ETF;酒ETF;有色ETF,沪深300;创业板;纳指;黄金;国债ETF,证券ETF;半导体ETF;军工ETF;创新药ETF;酒ETF;有色ETF
2024-10-21,1976807.9011815262,1610867.2032565572,365940.697924969,0.2620123500139549,False,warning,-0.08704336854783523,10,沪深300;创业板;黄金;国债ETF;半导体ETF;证券ETF;军工ETF;创新药ETF;有色ETF;酒ETF,沪深300;创业板;黄金;国债ETF,半导体ETF;证券ETF;军工ETF;创新药ETF;有色ETF;酒ETF
2024-10-22,1979447.360733105,1619621.776859695,359825.58387341,0.3504011309943764,False,warning,-0.08582437701121531,11,沪深300;创业板;纳指;黄金;国债ETF;半导体ETF;证券ETF;军工ETF;创新药ETF;酒ETF;有色ETF,沪深300;创业板;纳指;黄金;国债ETF,半导体ETF;证券ETF;军工ETF;创新药ETF;酒ETF;有色ETF
2024-10-23,1982317.6993488974,1629201.0763286576,353116.6230202399,0.2783634893816669,False,warning,-0.0844987577276043,10,沪深300;创业板;黄金;国债ETF;半导体ETF;证券ETF;军工ETF;创新药ETF;酒ETF;有色ETF,沪深300;创业板;黄金;国债ETF,半导体ETF;证券ETF;军工ETF;创新药ETF;酒ETF;有色ETF
2024-10-24,1967512.4952063153,1621608.3677203096,345904.12748600566,0.28423584483290804,False,warning,-0.0913363008666694,10,沪深300;创业板;黄金;国债ETF;半导体ETF;证券ETF;军工ETF;创新药ETF;酒ETF;有色ETF,沪深300;创业板;黄金;国债ETF,半导体ETF;证券ETF;军工ETF;创新药ETF;酒ETF;有色ETF
2024-10-25,1982627.85337599,1641764.8222801154,340863.0310958745,0.2926126546488513,False,warning,-0.08435551812620629,10,沪深300;创业板;黄金;国债ETF;半导体ETF;证券ETF;军工ETF;创新药ETF;酒ETF;有色ETF,沪深300;创业板;黄金;国债ETF,半导体ETF;证券ETF;军工ETF;创新药ETF;酒ETF;有色ETF
2024-10-28,1985781.5319320133,1652226.5589266857,333554.9730053276,0.3888128861770025,False,warning,-0.0828990428918301,11,沪深300;创业板;纳指;黄金;国债ETF;半导体ETF;证券ETF;军工ETF;创新药ETF;酒ETF;有色ETF,沪深300;创业板;纳指;黄金;国债ETF,半导体ETF;证券ETF;军工ETF;创新药ETF;酒ETF;有色ETF
2024-10-29,1974754.2889449382,1646308.6127541615,328445.67619077675,0.3978272262473915,False,warning,-0.08799179601451207,11,沪深300;创业板;纳指;黄金;国债ETF;半导体ETF;证券ETF;军工ETF;创新药ETF;酒ETF;有色ETF,沪深300;创业板;纳指;黄金;国债ETF,半导体ETF;证券ETF;军工ETF;创新药ETF;酒ETF;有色ETF
2024-10-30,1972351.8772874915,1650397.4243625873,321954.4529249042,0.40991816618142674,False,warning,-0.08910131083020716,11,沪深300;创业板;纳指;黄金;国债ETF;半导体ETF;证券ETF;军工ETF;创新药ETF;有色ETF;酒ETF,沪深300;创业板;纳指;黄金;国债ETF,半导体ETF;证券ETF;军工ETF;创新药ETF;有色ETF;酒ETF
2024-10-31,1969414.010505262,1656337.6157897268,313076.3947155352,0.42071498849398353,False,warning,-0.09045811690102276,11,沪深300;创业板;纳指;黄金;国债ETF;半导体ETF;证券ETF;军工ETF;创新药ETF;有色ETF;酒ETF,沪深300;创业板;纳指;黄金;国债ETF,半导体ETF;证券ETF;军工ETF;创新药ETF;有色ETF;酒ETF
2024-11-01,1958513.2244002856,1654628.7741659859,303884.45023429976,0.4290385286919611,False,warning,-0.09549246796600568,11,沪深300;创业板;纳指;黄金;国债ETF;半导体ETF;证券ETF;军工ETF;有色ETF;创新药ETF;酒ETF,沪深300;创业板;纳指;黄金;国债ETF,半导体ETF;证券ETF;军工ETF;有色ETF;创新药ETF;酒ETF
2024-11-04,1973446.5333052895,1674014.3566800414,299432.17662524804,0.44072795023697575,False,warning,-0.0885957617224712,11,沪深300;创业板;纳指;黄金;国债ETF;半导体ETF;证券ETF;军工ETF;有色ETF;创新药ETF;酒ETF,沪深300;创业板;纳指;黄金;国债ETF,半导体ETF;证券ETF;军工ETF;有色ETF;创新药ETF;酒ETF
2024-11-05,2005261.8067493567,1693744.8248229653,311516.98192639137,0.44550136601088924,False,normal,-0.07390239427140805,11,沪深300;创业板;纳指;黄金;国债ETF;证券ETF;军工ETF;半导体ETF;有色ETF;酒ETF;创新药ETF,沪深300;创业板;纳指;黄金;国债ETF,证券ETF;军工ETF;半导体ETF;有色ETF;酒ETF;创新药ETF
2024-11-06,2010529.8692271134,1707064.107140889,303465.7620862245,0.4594939640618257,False,normal,-0.07146942515432907,11,沪深300;创业板;纳指;黄金;国债ETF;证券ETF;半导体ETF;军工ETF;有色ETF;酒ETF;创新药ETF,沪深300;创业板;纳指;黄金;国债ETF,证券ETF;半导体ETF;军工ETF;有色ETF;酒ETF;创新药ETF
2024-11-07,2040365.213176971,1729168.2758477677,311196.93732920336,0.46680776038445276,False,normal,-0.05769045599177234,11,沪深300;创业板;纳指;黄金;国债ETF;证券ETF;半导体ETF;军工ETF;酒ETF;有色ETF;创新药ETF,沪深300;创业板;纳指;黄金;国债ETF,证券ETF;半导体ETF;军工ETF;酒ETF;有色ETF;创新药ETF
2024-11-08,2035144.3417470015,1729128.0373604032,306016.3043865983,0.47954526799465946,False,normal,-0.060101630689678484,11,沪深300;创业板;纳指;黄金;国债ETF;证券ETF;半导体ETF;军工ETF;有色ETF;酒ETF;创新药ETF,沪深300;创业板;纳指;黄金;国债ETF,证券ETF;半导体ETF;军工ETF;有色ETF;酒ETF;创新药ETF
2024-11-11,2052077.7543182236,1752068.1734052112,300009.5809130124,0.4923271570209803,False,normal,-0.05228120904386627,11,沪深300;创业板;纳指;黄金;国债ETF;半导体ETF;证券ETF;军工ETF;有色ETF;酒ETF;创新药ETF,沪深300;创业板;纳指;黄金;国债ETF,半导体ETF;证券ETF;军工ETF;有色ETF;酒ETF;创新药ETF
2024-11-12,2039117.219711764,1741050.648673164,298066.57103860006,0.5008362815508837,False,normal,-0.058266821509832416,11,沪深300;创业板;纳指;黄金;国债ETF;半导体ETF;证券ETF;军工ETF;创新药ETF;酒ETF;有色ETF,沪深300;创业板;纳指;黄金;国债ETF,半导体ETF;证券ETF;军工ETF;创新药ETF;酒ETF;有色ETF
2024-11-13,2041817.8471901638,1752420.4299260604,289397.4172641034,0.5164955624847364,False,normal,-0.0570195805594025,11,沪深300;创业板;纳指;黄金;国债ETF;半导体ETF;证券ETF;军工ETF;酒ETF;创新药ETF;有色ETF,沪深300;创业板;纳指;黄金;国债ETF,半导体ETF;证券ETF;军工ETF;酒ETF;创新药ETF;有色ETF
2024-11-14,2012055.58637931,1716597.9701749121,295457.616204398,0.5034957921367313,False,normal,-0.07076479746087148,11,沪深300;创业板;纳指;黄金;国债ETF;证券ETF;半导体ETF;军工ETF;酒ETF;有色ETF;创新药ETF,沪深300;创业板;纳指;黄金;国债ETF,证券ETF;半导体ETF;军工ETF;酒ETF;有色ETF;创新药ETF
2024-11-15,1985475.809151419,1689087.334595508,296388.47455591103,0.4985604843953449,False,warning,-0.08304023599398373,11,沪深300;创业板;纳指;黄金;国债ETF;证券ETF;半导体ETF;酒ETF;军工ETF;创新药ETF;有色ETF,沪深300;创业板;纳指;黄金;国债ETF,证券ETF;半导体ETF;酒ETF;军工ETF;创新药ETF;有色ETF
2024-11-18,1973532.9228616518,1682527.002450511,291005.92041114066,0.5110821248435593,False,warning,-0.08855586410858468,11,沪深300;创业板;纳指;黄金;国债ETF;证券ETF;半导体ETF;酒ETF;军工ETF;创新药ETF;有色ETF,沪深300;创业板;纳指;黄金;国债ETF,证券ETF;半导体ETF;酒ETF;军工ETF;创新药ETF;有色ETF
2024-11-19,1995000.1377402071,1705204.6322094847,289795.50553072244,0.5159045692526616,False,normal,-0.07864157948311767,11,沪深300;创业板;纳指;黄金;国债ETF;证券ETF;半导体ETF;军工ETF;酒ETF;有色ETF;创新药ETF,沪深300;创业板;纳指;黄金;国债ETF,证券ETF;半导体ETF;军工ETF;酒ETF;有色ETF;创新药ETF
2024-11-20,2002901.3356452046,1720848.4457789303,282052.8898662743,0.5315063957008808,False,normal,-0.07499253952355864,11,沪深300;创业板;纳指;黄金;国债ETF;证券ETF;半导体ETF;军工ETF;酒ETF;创新药ETF;有色ETF,沪深300;创业板;纳指;黄金;国债ETF,证券ETF;半导体ETF;军工ETF;酒ETF;创新药ETF;有色ETF
2024-11-21,2005546.041716452,1733138.9214047443,272407.1203117077,0.5482033329560058,False,normal,-0.07377112496701829,11,沪深300;创业板;纳指;黄金;国债ETF;证券ETF;半导体ETF;军工ETF;酒ETF;创新药ETF;有色ETF,沪深300;创业板;纳指;黄金;国债ETF,证券ETF;半导体ETF;军工ETF;酒ETF;创新药ETF;有色ETF
2024-11-22,1979465.8661343802,1692465.2030368284,287000.6630975518,0.5498950380225683,False,warning,-0.0858158305921112,11,沪深300;创业板;纳指;黄金;国债ETF;证券ETF;半导体ETF;军工ETF;有色ETF;酒ETF;创新药ETF,沪深300;创业板;纳指;黄金;国债ETF,证券ETF;半导体ETF;军工ETF;有色ETF;酒ETF;创新药ETF
2024-11-25,1974265.1583035963,1697118.1939836037,277146.9643199926,0.5658695581508069,False,warning,-0.08821769305913267,11,沪深300;创业板;纳指;黄金;国债ETF;证券ETF;半导体ETF;酒ETF;有色ETF;军工ETF;创新药ETF,沪深300;创业板;纳指;黄金;国债ETF,证券ETF;半导体ETF;酒ETF;有色ETF;军工ETF;创新药ETF
2024-11-26,1965777.2656800905,1699337.2382339048,266440.0274461857,0.5793742882651306,False,warning,-0.09213768844818991,11,沪深300;创业板;纳指;黄金;国债ETF;证券ETF;半导体ETF;酒ETF;创新药ETF;有色ETF;军工ETF,沪深300;创业板;纳指;黄金;国债ETF,证券ETF;半导体ETF;酒ETF;创新药ETF;有色ETF;军工ETF
2024-11-27,1988440.181378369,1718579.2056351039,269860.9757432651,0.5810824956636421,False,warning,-0.08167118881389655,11,沪深300;创业板;纳指;黄金;国债ETF;证券ETF;半导体ETF;酒ETF;创新药ETF;军工ETF;有色ETF,沪深300;创业板;纳指;黄金;国债ETF,证券ETF;半导体ETF;酒ETF;创新药ETF;军工ETF;有色ETF
2024-11-28,1975873.5908061867,1716110.2529475875,259763.33785859914,0.5903958418236044,False,warning,-0.08747486462415657,11,沪深300;创业板;纳指;黄金;国债ETF;半导体ETF;证券ETF;军工ETF;酒ETF;创新药ETF;有色ETF,沪深300;创业板;纳指;黄金;国债ETF,半导体ETF;证券ETF;军工ETF;酒ETF;创新药ETF;有色ETF
2024-11-29,1993942.7717481782,1736957.7750492431,256984.99669893505,1.0,False,normal,-0.0791299067979356,9,纳指;黄金;国债ETF;半导体ETF;证券ETF;创新药ETF;酒ETF;军工ETF;有色ETF,纳指;黄金;国债ETF,半导体ETF;证券ETF;创新药ETF;酒ETF;军工ETF;有色ETF
2024-12-02,1996492.6896898455,1748563.0235935817,247929.6660962638,1.0,False,normal,-0.07795226859995355,9,纳指;黄金;国债ETF;半导体ETF;证券ETF;创新药ETF;酒ETF;军工ETF;有色ETF,纳指;黄金;国债ETF,半导体ETF;证券ETF;创新药ETF;酒ETF;军工ETF;有色ETF
2024-12-03,2007973.5861261808,1768820.3372258246,239153.24890035624,1.0,False,normal,-0.07265000299776578,10,沪深300;纳指;黄金;国债ETF;半导体ETF;证券ETF;创新药ETF;酒ETF;军工ETF;有色ETF,沪深300;纳指;黄金;国债ETF,半导体ETF;证券ETF;创新药ETF;酒ETF;军工ETF;有色ETF
2024-12-04,2004970.1060291613,1775328.4212687113,229641.68476044992,1.0,False,normal,-0.0740371115126446,9,纳指;黄金;国债ETF;半导体ETF;创新药ETF;证券ETF;军工ETF;有色ETF;酒ETF,纳指;黄金;国债ETF,半导体ETF;创新药ETF;证券ETF;军工ETF;有色ETF;酒ETF
2024-12-05,2009769.1837434142,1791252.5345196526,218516.64922376163,0.6683013164064354,False,normal,-0.07182073539361813,11,沪深300;创业板;纳指;黄金;国债ETF;半导体ETF;证券ETF;创新药ETF;有色ETF;酒ETF;军工ETF,沪深300;创业板;纳指;黄金;国债ETF,半导体ETF;证券ETF;创新药ETF;有色ETF;酒ETF;军工ETF
2024-12-06,2022278.924855124,1810047.4359887287,212231.48886639532,0.685277717048716,False,normal,-0.06604331458360467,11,沪深300;创业板;纳指;黄金;国债ETF;证券ETF;创新药ETF;半导体ETF;酒ETF;有色ETF;军工ETF,沪深300;创业板;纳指;黄金;国债ETF,证券ETF;创新药ETF;半导体ETF;酒ETF;有色ETF;军工ETF
2024-12-09,2023434.6965014047,1821349.2676600954,202085.4288413094,0.7063919846430028,False,normal,-0.06550954021519702,11,沪深300;创业板;纳指;黄金;国债ETF;证券ETF;创新药ETF;半导体ETF;有色ETF;酒ETF;军工ETF,沪深300;创业板;纳指;黄金;国债ETF,证券ETF;创新药ETF;半导体ETF;有色ETF;酒ETF;军工ETF
2024-12-10,2030933.5943633826,1838709.3830358787,192224.2113275039,0.7281101177671077,False,normal,-0.06204629599830413,11,沪深300;创业板;纳指;黄金;国债ETF;证券ETF;创新药ETF;半导体ETF;酒ETF;有色ETF;军工ETF,沪深300;创业板;纳指;黄金;国债ETF,证券ETF;创新药ETF;半导体ETF;酒ETF;有色ETF;军工ETF
2024-12-11,2033388.1667037194,1853728.3964641893,179659.77023953013,0.7506508505560414,False,normal,-0.060912691618156614,11,沪深300;创业板;纳指;黄金;国债ETF;证券ETF;创新药ETF;半导体ETF;有色ETF;酒ETF;军工ETF,沪深300;创业板;纳指;黄金;国债ETF,证券ETF;创新药ETF;半导体ETF;有色ETF;酒ETF;军工ETF
2024-12-12,2051676.4412524244,1880170.4279430138,171506.01330941054,0.7543000113188504,False,normal,-0.05246654896712881,11,沪深300;创业板;纳指;黄金;国债ETF;证券ETF;创新药ETF;半导体ETF;酒ETF;军工ETF;有色ETF,沪深300;创业板;纳指;黄金;国债ETF,证券ETF;创新药ETF;半导体ETF;酒ETF;军工ETF;有色ETF
2024-12-13,2027151.8829762938,1839413.2018662905,187738.68111000326,0.6189327195591887,False,normal,-0.06379281799825025,10,沪深300;创业板;纳指;国债ETF;半导体ETF;证券ETF;创新药ETF;军工ETF;酒ETF;有色ETF,沪深300;创业板;纳指;国债ETF,半导体ETF;证券ETF;创新药ETF;军工ETF;酒ETF;有色ETF
2024-12-16,2017042.0421567908,1832266.6672851008,184775.37487169006,1.0,False,normal,-0.06846188382582731,8,纳指;国债ETF;证券ETF;创新药ETF;半导体ETF;酒ETF;军工ETF;有色ETF,纳指;国债ETF,证券ETF;创新药ETF;半导体ETF;酒ETF;军工ETF;有色ETF
2024-12-17,2020089.3518837828,1847579.8725101743,172509.47937360848,1.0,False,normal,-0.06705453330801364,8,纳指;国债ETF;证券ETF;酒ETF;半导体ETF;创新药ETF;军工ETF;有色ETF,纳指;国债ETF,证券ETF;酒ETF;半导体ETF;创新药ETF;军工ETF;有色ETF
2024-12-18,2026698.3682291373,1866114.0905522148,160584.2776769225,0.6757469917580459,False,normal,-0.06400226642044161,10,沪深300;创业板;纳指;国债ETF;半导体ETF;证券ETF;酒ETF;创新药ETF;军工ETF;有色ETF,沪深300;创业板;纳指;国债ETF,半导体ETF;证券ETF;酒ETF;创新药ETF;军工ETF;有色ETF
2024-12-19,2020009.6203152628,1873967.399128487,146042.2211867757,1.0,False,normal,-0.06709135603832188,8,纳指;国债ETF;半导体ETF;证券ETF;酒ETF;军工ETF;创新药ETF;有色ETF,纳指;国债ETF,半导体ETF;证券ETF;酒ETF;军工ETF;创新药ETF;有色ETF
2024-12-20,2011162.6521136994,1877320.3396623563,133842.31245134305,1.0,False,normal,-0.07117718465274428,8,纳指;国债ETF;半导体ETF;证券ETF;军工ETF;酒ETF;创新药ETF;有色ETF,纳指;国债ETF,半导体ETF;证券ETF;军工ETF;酒ETF;创新药ETF;有色ETF
2024-12-23,2029187.966941439,1900467.8112856245,128720.15565581457,0.7146469339383781,False,normal,-0.06285248567913022,10,沪深300;创业板;纳指;国债ETF;半导体ETF;证券ETF;军工ETF;创新药ETF;酒ETF;有色ETF,沪深300;创业板;纳指;国债ETF,半导体ETF;证券ETF;军工ETF;创新药ETF;酒ETF;有色ETF
2024-12-24,2040857.293670904,1919913.0451272386,120944.24854366528,0.7327557643277064,False,normal,-0.057463196605629804,10,沪深300;创业板;纳指;国债ETF;半导体ETF;证券ETF;军工ETF;酒ETF;创新药ETF;有色ETF,沪深300;创业板;纳指;国债ETF,半导体ETF;证券ETF;军工ETF;酒ETF;创新药ETF;有色ETF
2024-12-25,2039202.214085729,1931429.55889181,107772.65519391908,0.7557763743240515,False,normal,-0.058227568238282276,10,沪深300;创业板;纳指;国债ETF;半导体ETF;证券ETF;军工ETF;创新药ETF;酒ETF;有色ETF,沪深300;创业板;纳指;国债ETF,半导体ETF;证券ETF;军工ETF;创新药ETF;酒ETF;有色ETF
2024-12-26,2045512.8669482213,1950492.9018094998,95019.96513872151,0.7790441376606886,False,normal,-0.055313095680700246,10,沪深300;创业板;纳指;国债ETF;半导体ETF;证券ETF;军工ETF;酒ETF;创新药ETF;有色ETF,沪深300;创业板;纳指;国债ETF,半导体ETF;证券ETF;军工ETF;酒ETF;创新药ETF;有色ETF
2024-12-27,2043439.0332544723,1964625.78595202,78813.24730245234,0.7999008226267742,False,normal,-0.05627086209902825,10,沪深300;创业板;纳指;国债ETF;半导体ETF;军工ETF;证券ETF;酒ETF;创新药ETF;有色ETF,沪深300;创业板;纳指;国债ETF,半导体ETF;军工ETF;证券ETF;酒ETF;创新药ETF;有色ETF
2024-12-30,2039998.136229304,1978063.011484619,61935.1247446849,1.0,False,normal,-0.057859984519772284,8,纳指;国债ETF;半导体ETF;证券ETF;军工ETF;酒ETF;有色ETF;创新药ETF,纳指;国债ETF,半导体ETF;证券ETF;军工ETF;酒ETF;有色ETF;创新药ETF
2024-12-31,2022516.9371624484,1926765.4885540274,95751.44860842102,1.0,False,normal,-0.06593339246410626,8,纳指;国债ETF;半导体ETF;军工ETF;证券ETF;酒ETF;创新药ETF;有色ETF,纳指;国债ETF,半导体ETF;军工ETF;证券ETF;酒ETF;创新药ETF;有色ETF
2025-01-02,2012074.3822027447,1868375.547491138,143698.8347116066,1.0,False,normal,-0.07075611691500865,9,纳指;黄金;国债ETF;半导体ETF;军工ETF;酒ETF;有色ETF;证券ETF;创新药ETF,纳指;黄金;国债ETF,半导体ETF;军工ETF;酒ETF;有色ETF;证券ETF;创新药ETF
2025-01-03,2007429.2886921207,1870995.1747285645,136434.11396355624,1.0,False,normal,-0.0729013779298523,9,纳指;黄金;国债ETF;半导体ETF;有色ETF;酒ETF;军工ETF;创新药ETF;证券ETF,纳指;黄金;国债ETF,半导体ETF;有色ETF;酒ETF;军工ETF;创新药ETF;证券ETF
2025-01-06,2012294.1382361786,1890139.948584441,122154.18965173746,1.0,False,normal,-0.07065462615917692,9,纳指;黄金;国债ETF;半导体ETF;有色ETF;军工ETF;创新药ETF;证券ETF;酒ETF,纳指;黄金;国债ETF,半导体ETF;有色ETF;军工ETF;创新药ETF;证券ETF;酒ETF
2025-01-07,2016592.0118271795,1889408.2757244888,127183.73610269069,1.0,False,normal,-0.06866972302635244,9,纳指;黄金;国债ETF;半导体ETF;有色ETF;军工ETF;证券ETF;酒ETF;创新药ETF,纳指;黄金;国债ETF,半导体ETF;有色ETF;军工ETF;证券ETF;酒ETF;创新药ETF
2025-01-08,2009926.0983358643,1896092.1624855874,113833.93585027684,1.0,False,normal,-0.07174826693693945,9,纳指;黄金;国债ETF;半导体ETF;有色ETF;军工ETF;证券ETF;酒ETF;创新药ETF,纳指;黄金;国债ETF,半导体ETF;有色ETF;军工ETF;证券ETF;酒ETF;创新药ETF
2025-01-09,2012059.942202752,1909611.7523404623,102448.1898622897,1.0,False,normal,-0.07076278579454097,9,纳指;黄金;国债ETF;半导体ETF;有色ETF;军工ETF;证券ETF;酒ETF;创新药ETF,纳指;黄金;国债ETF,半导体ETF;有色ETF;军工ETF;证券ETF;酒ETF;创新药ETF
2025-01-10,2007396.9806059613,1916165.7142927477,91231.26631321362,1.0,False,normal,-0.07291629889485407,9,纳指;黄金;国债ETF;半导体ETF;有色ETF;军工ETF;酒ETF;创新药ETF;证券ETF,纳指;黄金;国债ETF,半导体ETF;有色ETF;军工ETF;酒ETF;创新药ETF;证券ETF
2025-01-13,1999820.0035421893,1919317.2630727324,80502.74046945688,1.0,False,normal,-0.07641560272331262,9,纳指;黄金;国债ETF;半导体ETF;有色ETF;酒ETF;证券ETF;军工ETF;创新药ETF,纳指;黄金;国债ETF,半导体ETF;有色ETF;酒ETF;证券ETF;军工ETF;创新药ETF
2025-01-14,2018203.8746487307,1880767.1294794239,137436.74516930687,1.0,False,normal,-0.0679253103542628,9,纳指;黄金;国债ETF;半导体ETF;有色ETF;军工ETF;证券ETF;酒ETF;创新药ETF,纳指;黄金;国债ETF,半导体ETF;有色ETF;军工ETF;证券ETF;酒ETF;创新药ETF
2025-01-15,2014150.606857345,1888031.391238936,126119.21561840898,1.0,False,normal,-0.06979724627023388,9,纳指;黄金;国债ETF;半导体ETF;有色ETF;证券ETF;军工ETF;酒ETF;创新药ETF,纳指;黄金;国债ETF,半导体ETF;有色ETF;证券ETF;军工ETF;酒ETF;创新药ETF
2025-01-16,2025727.2136617235,1913979.049983044,111748.16367867962,1.0,False,normal,-0.06445077838862805,9,纳指;黄金;国债ETF;有色ETF;半导体ETF;证券ETF;酒ETF;军工ETF;创新药ETF,纳指;黄金;国债ETF,有色ETF;半导体ETF;证券ETF;酒ETF;军工ETF;创新药ETF
2025-01-17,2028973.41875635,1926550.8562350508,102422.56252129911,1.0,False,normal,-0.06295157127476451,9,纳指;黄金;国债ETF;有色ETF;半导体ETF;酒ETF;证券ETF;军工ETF;创新药ETF,纳指;黄金;国债ETF,有色ETF;半导体ETF;酒ETF;证券ETF;军工ETF;创新药ETF
2025-01-20,2035425.8205106317,1946072.6987037254,89353.1218069063,1.0,False,normal,-0.059971634293106264,9,纳指;黄金;国债ETF;半导体ETF;有色ETF;军工ETF;创新药ETF;证券ETF;酒ETF,纳指;黄金;国债ETF,半导体ETF;有色ETF;军工ETF;创新药ETF;证券ETF;酒ETF
2025-01-21,2034770.8542781165,1961645.8731343579,73124.98114375863,1.0,False,normal,-0.06027411981281436,9,纳指;黄金;国债ETF;半导体ETF;有色ETF;军工ETF;创新药ETF;证券ETF;酒ETF,纳指;黄金;国债ETF,半导体ETF;有色ETF;军工ETF;创新药ETF;证券ETF;酒ETF
2025-01-22,2038902.3947805825,1980126.4320539683,58775.962726614205,1.0,False,normal,-0.058366034916155905,9,纳指;黄金;国债ETF;半导体ETF;有色ETF;创新药ETF;证券ETF;军工ETF;酒ETF,纳指;黄金;国债ETF,半导体ETF;有色ETF;创新药ETF;证券ETF;军工ETF;酒ETF
2025-01-23,2032521.0075299477,2032521.007529948,-2.3283064365386963e-10,1.0,False,normal,-0.06131317500237736,9,纳指;黄金;国债ETF;有色ETF;半导体ETF;创新药ETF;酒ETF;证券ETF;军工ETF,纳指;黄金;国债ETF,有色ETF;半导体ETF;创新药ETF;酒ETF;证券ETF;军工ETF
2025-01-24,2039173.759104649,2039173.7591046495,-4.656612873077393e-10,1.0,False,normal,-0.05824070970926654,9,纳指;黄金;国债ETF;半导体ETF;有色ETF;创新药ETF;证券ETF;军工ETF;酒ETF,纳指;黄金;国债ETF,半导体ETF;有色ETF;创新药ETF;证券ETF;军工ETF;酒ETF
2025-01-27,2023534.627751072,2023534.6277510724,-4.656612873077393e-10,1.0,False,normal,-0.06546338859013602,9,纳指;黄金;国债ETF;有色ETF;半导体ETF;创新药ETF;军工ETF;酒ETF;证券ETF,纳指;黄金;国债ETF,有色ETF;半导体ETF;创新药ETF;军工ETF;酒ETF;证券ETF
2025-02-05,2043875.9301616922,2043875.9301616917,4.656612873077393e-10,1.0,False,normal,-0.056069088356385396,9,纳指;黄金;国债ETF;半导体ETF;有色ETF;创新药ETF;军工ETF;证券ETF;酒ETF,纳指;黄金;国债ETF,半导体ETF;有色ETF;创新药ETF;军工ETF;证券ETF;酒ETF
2025-02-06,2058436.891244071,2058436.8912440713,-2.3283064365386963e-10,1.0,False,normal,-0.04934434490886619,9,纳指;黄金;国债ETF;半导体ETF;有色ETF;创新药ETF;军工ETF;证券ETF;酒ETF,纳指;黄金;国债ETF,半导体ETF;有色ETF;创新药ETF;军工ETF;证券ETF;酒ETF
2025-02-07,2065454.0888096087,2065454.0888096094,-6.984919309616089e-10,1.0,False,normal,-0.04610356615244857,9,纳指;黄金;国债ETF;半导体ETF;有色ETF;军工ETF;创新药ETF;证券ETF;酒ETF,纳指;黄金;国债ETF,半导体ETF;有色ETF;军工ETF;创新药ETF;证券ETF;酒ETF
2025-02-10,2070552.5277235063,2070552.5277235068,-4.656612873077393e-10,1.0,False,normal,-0.04374893492413623,9,纳指;黄金;国债ETF;半导体ETF;有色ETF;军工ETF;创新药ETF;证券ETF;酒ETF,纳指;黄金;国债ETF,半导体ETF;有色ETF;军工ETF;创新药ETF;证券ETF;酒ETF
2025-02-11,2069671.4590865253,2069671.4590865257,-4.656612873077393e-10,1.0,False,normal,-0.04415584216809029,8,黄金;国债ETF;半导体ETF;有色ETF;创新药ETF;军工ETF;证券ETF;酒ETF,黄金;国债ETF,半导体ETF;有色ETF;创新药ETF;军工ETF;证券ETF;酒ETF
2025-02-12,2072073.6649918156,2072073.664991816,-4.656612873077393e-10,1.0,False,normal,-0.043046422375687836,9,纳指;黄金;国债ETF;半导体ETF;有色ETF;军工ETF;创新药ETF;证券ETF;酒ETF,纳指;黄金;国债ETF,半导体ETF;有色ETF;军工ETF;创新药ETF;证券ETF;酒ETF
2025-02-13,2074047.889710742,2074047.8897107425,-4.656612873077393e-10,1.0,False,normal,-0.04213465874501667,9,纳指;黄金;国债ETF;半导体ETF;有色ETF;创新药ETF;证券ETF;军工ETF;酒ETF,纳指;黄金;国债ETF,半导体ETF;有色ETF;创新药ETF;证券ETF;军工ETF;酒ETF
2025-02-14,2080739.943459169,2080739.943459169,0.0,1.0,False,normal,-0.03904404238112564,9,纳指;黄金;国债ETF;半导体ETF;有色ETF;创新药ETF;证券ETF;军工ETF;酒ETF,纳指;黄金;国债ETF,半导体ETF;有色ETF;创新药ETF;证券ETF;军工ETF;酒ETF
2025-02-17,2073284.9579583723,2073284.9579583718,4.656612873077393e-10,1.0,False,normal,-0.04248700638701824,9,沪深300;纳指;黄金;半导体ETF;创新药ETF;证券ETF;军工ETF;有色ETF;酒ETF,沪深300;纳指;黄金,半导体ETF;创新药ETF;证券ETF;军工ETF;有色ETF;酒ETF
2025-02-18,2067043.2071218719,2067043.207121872,-2.3283064365386963e-10,1.0,False,normal,-0.04536965766266785,8,沪深300;黄金;半导体ETF;创新药ETF;有色ETF;军工ETF;证券ETF;酒ETF,沪深300;黄金,半导体ETF;创新药ETF;有色ETF;军工ETF;证券ETF;酒ETF
2025-02-19,2085639.083268617,2085639.0832686175,-4.656612873077393e-10,0.7438027912781433,False,normal,-0.036781454208155685,9,沪深300;创业板;黄金;半导体ETF;创新药ETF;军工ETF;有色ETF;证券ETF;酒ETF,沪深300;创业板;黄金,半导体ETF;创新药ETF;军工ETF;有色ETF;证券ETF;酒ETF
2025-02-20,2088803.7947603883,2088803.7947603879,4.656612873077393e-10,0.7076633739186299,False,normal,-0.03531988359154768,8,创业板;黄金;半导体ETF;创新药ETF;军工ETF;有色ETF;证券ETF;酒ETF,创业板;黄金,半导体ETF;创新药ETF;军工ETF;有色ETF;证券ETF;酒ETF
2025-02-21,2113099.890189533,2113099.890189533,0.0,0.7676550841080328,False,normal,-0.02409912641672318,9,沪深300;创业板;黄金;半导体ETF;创新药ETF;军工ETF;证券ETF;有色ETF;酒ETF,沪深300;创业板;黄金,半导体ETF;创新药ETF;军工ETF;证券ETF;有色ETF;酒ETF
2025-02-24,2108228.28528503,2108228.28528503,0.0,0.7806967871359194,False,normal,-0.026348998040932447,9,沪深300;创业板;黄金;半导体ETF;创新药ETF;军工ETF;证券ETF;有色ETF;酒ETF,沪深300;创业板;黄金,半导体ETF;创新药ETF;军工ETF;证券ETF;有色ETF;酒ETF
2025-02-25,2090326.9277533526,2090326.927753352,4.656612873077393e-10,0.7364661170327365,False,normal,-0.03461644935007224,8,创业板;黄金;半导体ETF;创新药ETF;军工ETF;证券ETF;有色ETF;酒ETF,创业板;黄金,半导体ETF;创新药ETF;军工ETF;证券ETF;有色ETF;酒ETF
2025-02-26,2101712.590993998,2101712.5909939976,4.656612873077393e-10,0.7592014330497034,False,normal,-0.029358165652998945,8,创业板;黄金;半导体ETF;创新药ETF;军工ETF;证券ETF;酒ETF;有色ETF,创业板;黄金,半导体ETF;创新药ETF;军工ETF;证券ETF;酒ETF;有色ETF
2025-02-27,2095101.1454522293,2095101.1454522288,4.656612873077393e-10,0.7681667004284288,False,normal,-0.03241155442549172,8,创业板;黄金;半导体ETF;创新药ETF;军工ETF;酒ETF;证券ETF;有色ETF,创业板;黄金,半导体ETF;创新药ETF;军工ETF;酒ETF;证券ETF;有色ETF
2025-02-28,2045133.0872928323,2045133.0872928328,-4.656612873077393e-10,0.7055971795692311,False,normal,-0.05548849074800587,7,黄金;半导体ETF;创新药ETF;酒ETF;军工ETF;有色ETF;证券ETF,黄金,半导体ETF;创新药ETF;酒ETF;军工ETF;有色ETF;证券ETF
2025-03-03,2048477.588137155,2048477.588137155,0.0,0.7277312564785948,False,normal,-0.05394388733818709,7,黄金;半导体ETF;创新药ETF;酒ETF;有色ETF;军工ETF;证券ETF,黄金,半导体ETF;创新药ETF;酒ETF;有色ETF;军工ETF;证券ETF
2025-03-04,2064987.9617361648,2064987.9617361643,4.656612873077393e-10,0.7375693730213324,False,normal,-0.046318839372747674,7,黄金;半导体ETF;创新药ETF;军工ETF;酒ETF;有色ETF;证券ETF,黄金,半导体ETF;创新药ETF;军工ETF;酒ETF;有色ETF;证券ETF
2025-03-05,2076917.7235621526,2076917.7235621528,-2.3283064365386963e-10,0.6871732283674338,False,normal,-0.04080927257863946,8,创业板;黄金;半导体ETF;酒ETF;创新药ETF;军工ETF;有色ETF;证券ETF,创业板;黄金,半导体ETF;酒ETF;创新药ETF;军工ETF;有色ETF;证券ETF
2025-03-06,2101311.2387252497,2101311.2387252497,0.0,0.736107686694478,False,normal,-0.02954352368150706,9,沪深300;创业板;黄金;半导体ETF;创新药ETF;酒ETF;军工ETF;有色ETF;证券ETF,沪深300;创业板;黄金,半导体ETF;创新药ETF;酒ETF;军工ETF;有色ETF;证券ETF
2025-03-07,2092566.2509008334,2092566.2509008339,-4.656612873077393e-10,0.7433838887634615,False,normal,-0.03358225431461379,9,沪深300;创业板;黄金;半导体ETF;酒ETF;军工ETF;有色ETF;创新药ETF;证券ETF,沪深300;创业板;黄金,半导体ETF;酒ETF;军工ETF;有色ETF;创新药ETF;证券ETF
2025-03-10,2092995.8392738248,2092995.8392738255,-6.984919309616089e-10,0.7661638966312178,False,normal,-0.03338385589983467,9,沪深300;创业板;黄金;半导体ETF;酒ETF;军工ETF;有色ETF;创新药ETF;证券ETF,沪深300;创业板;黄金,半导体ETF;酒ETF;军工ETF;有色ETF;创新药ETF;证券ETF
2025-03-11,2096251.8140359586,2096251.8140359588,-2.3283064365386963e-10,0.7892216239621185,False,normal,-0.03188013682366432,9,沪深300;创业板;黄金;半导体ETF;酒ETF;军工ETF;有色ETF;创新药ETF;证券ETF,沪深300;创业板;黄金,半导体ETF;酒ETF;军工ETF;有色ETF;创新药ETF;证券ETF
2025-03-12,2092552.0650434955,2158843.2099741367,-66291.14493064117,0.8126365479605098,False,normal,-0.033588805822487536,9,沪深300;创业板;黄金;半导体ETF;军工ETF;有色ETF;酒ETF;创新药ETF;证券ETF,沪深300;创业板;黄金,半导体ETF;军工ETF;有色ETF;酒ETF;创新药ETF;证券ETF
2025-03-13,2083932.6184961456,2160585.482420213,-76652.86392406747,0.8333793520433616,False,normal,-0.03756955725521259,9,沪深300;创业板;黄金;军工ETF;半导体ETF;有色ETF;酒ETF;创新药ETF;证券ETF,沪深300;创业板;黄金,军工ETF;半导体ETF;有色ETF;酒ETF;创新药ETF;证券ETF
2025-03-14,2133761.0201489767,2133761.020148977,-4.656612873077393e-10,0.6957971313626771,False,normal,-0.014557119022633505,9,沪深300;创业板;黄金;有色ETF;半导体ETF;酒ETF;军工ETF;创新药ETF;证券ETF,沪深300;创业板;黄金,有色ETF;半导体ETF;酒ETF;军工ETF;创新药ETF;证券ETF
2025-03-17,2126512.1633457686,2126512.163345768,4.656612873077393e-10,0.7126485344901404,False,normal,-0.017904885836485536,9,沪深300;创业板;黄金;酒ETF;半导体ETF;有色ETF;军工ETF;创新药ETF;证券ETF,沪深300;创业板;黄金,酒ETF;半导体ETF;有色ETF;军工ETF;创新药ETF;证券ETF
2025-03-18,2137003.2971296106,2201174.1588071496,-64170.86167753907,0.7312257760228199,False,normal,-0.013059726044436096,9,沪深300;创业板;黄金;有色ETF;酒ETF;军工ETF;半导体ETF;创新药ETF;证券ETF,沪深300;创业板;黄金,有色ETF;酒ETF;军工ETF;半导体ETF;创新药ETF;证券ETF
2025-03-19,2137977.990760632,2215305.987321243,-77327.9965606113,0.7535788213741977,False,normal,-0.012609579617186777,9,沪深300;创业板;黄金;有色ETF;酒ETF;半导体ETF;军工ETF;创新药ETF;证券ETF,沪深300;创业板;黄金,有色ETF;酒ETF;半导体ETF;军工ETF;创新药ETF;证券ETF
2025-03-20,2125433.4818707514,2213363.8176585427,-87930.3357877913,0.7610044424699088,False,normal,-0.018403057361019087,9,沪深300;创业板;黄金;有色ETF;酒ETF;军工ETF;半导体ETF;创新药ETF;证券ETF,沪深300;创业板;黄金,有色ETF;酒ETF;军工ETF;半导体ETF;创新药ETF;证券ETF
2025-03-21,2091493.159284593,2091493.1592845926,4.656612873077393e-10,0.7135383844128756,False,normal,-0.03407784425363456,9,沪深300;创业板;黄金;有色ETF;军工ETF;酒ETF;创新药ETF;半导体ETF;证券ETF,沪深300;创业板;黄金,有色ETF;军工ETF;酒ETF;创新药ETF;半导体ETF;证券ETF
2025-03-24,2095016.7760431797,2165227.5871278266,-70210.81108464696,0.7354124706707522,False,normal,-0.0324505190671433,9,沪深300;创业板;黄金;有色ETF;酒ETF;军工ETF;创新药ETF;半导体ETF;证券ETF,沪深300;创业板;黄金,有色ETF;酒ETF;军工ETF;创新药ETF;半导体ETF;证券ETF
2025-03-25,2090356.0377501582,2179026.3428115943,-88670.30506143603,0.7576918273776537,False,normal,-0.03460300537071066,9,沪深300;创业板;黄金;有色ETF;酒ETF;军工ETF;创新药ETF;半导体ETF;证券ETF,沪深300;创业板;黄金,有色ETF;酒ETF;军工ETF;创新药ETF;半导体ETF;证券ETF
2025-03-26,2087053.178383379,2197437.5028532143,-110384.32446983526,0.7805140386446566,False,normal,-0.03612837734026457,9,沪深300;创业板;黄金;有色ETF;酒ETF;军工ETF;创新药ETF;半导体ETF;证券ETF,沪深300;创业板;黄金,有色ETF;酒ETF;军工ETF;创新药ETF;半导体ETF;证券ETF
2025-03-27,2096505.615561791,2220445.184727041,-123939.56916525005,0.8025660743365313,False,normal,-0.03176292270996978,9,沪深300;创业板;黄金;有色ETF;创新药ETF;酒ETF;军工ETF;半导体ETF;证券ETF,沪深300;创业板;黄金,有色ETF;创新药ETF;酒ETF;军工ETF;半导体ETF;证券ETF
2025-03-28,2095828.8299853678,2236052.237054958,-140223.40706959018,0.8262516854238833,False,normal,-0.032075485139378024,9,沪深300;创业板;黄金;有色ETF;创新药ETF;酒ETF;军工ETF;证券ETF;半导体ETF,沪深300;创业板;黄金,有色ETF;创新药ETF;酒ETF;军工ETF;证券ETF;半导体ETF
2025-03-31,2083929.8681727399,2221926.3101254283,-137996.4419526884,0.8484114679460417,False,normal,-0.03757082744742014,9,沪深300;创业板;黄金;有色ETF;创新药ETF;酒ETF;军工ETF;半导体ETF;证券ETF,沪深300;创业板;黄金,有色ETF;创新药ETF;酒ETF;军工ETF;半导体ETF;证券ETF
2025-04-01,2093786.3074367123,2233809.6857044604,-140023.37826774805,1.0,False,normal,-0.03301879101374806,9,沪深300;创业板;黄金;创新药ETF;有色ETF;酒ETF;军工ETF;半导体ETF;证券ETF,沪深300;创业板;黄金,创新药ETF;有色ETF;酒ETF;军工ETF;半导体ETF;证券ETF
2025-04-02,2088297.2224891575,2246780.484131463,-158483.2616423054,1.0,False,normal,-0.035553835769730285,8,沪深300;黄金;创新药ETF;有色ETF;酒ETF;军工ETF;半导体ETF;证券ETF,沪深300;黄金,创新药ETF;有色ETF;酒ETF;军工ETF;半导体ETF;证券ETF
2025-04-03,2089647.4258209707,2272004.774906132,-182357.34908516123,1.0,False,normal,-0.034930266284374165,7,黄金;创新药ETF;有色ETF;酒ETF;半导体ETF;军工ETF;证券ETF,黄金,创新药ETF;有色ETF;酒ETF;半导体ETF;军工ETF;证券ETF
2025-04-07,1973139.9197436173,1692585.9713002578,280553.94844335946,0.5855574491871708,False,warning,-0.08873736621740187,7,黄金;创新药ETF;酒ETF;有色ETF;半导体ETF;军工ETF;证券ETF,黄金,创新药ETF;酒ETF;有色ETF;半导体ETF;军工ETF;证券ETF
2025-04-08,1987836.1787458262,1707130.9918573669,280705.1868884594,0.5994169749368515,False,warning,-0.08195013762246053,7,黄金;酒ETF;创新药ETF;有色ETF;军工ETF;半导体ETF;证券ETF,黄金,酒ETF;创新药ETF;有色ETF;军工ETF;半导体ETF;证券ETF
2025-04-09,2012803.7521707031,1725860.3888159345,286943.3633547686,0.6001396627455943,False,normal,-0.07041926923819003,7,黄金;酒ETF;创新药ETF;军工ETF;半导体ETF;有色ETF;证券ETF,黄金,酒ETF;创新药ETF;军工ETF;半导体ETF;有色ETF;证券ETF
2025-04-10,2048887.9602713257,1760047.4672714507,288840.492999875,1.0,False,normal,-0.053754363631290526,8,黄金;国债ETF;酒ETF;创新药ETF;军工ETF;有色ETF;半导体ETF;证券ETF,黄金;国债ETF,酒ETF;创新药ETF;军工ETF;有色ETF;半导体ETF;证券ETF
2025-04-11,2063825.3555014927,1780119.9793985842,283705.3761029085,1.0,False,normal,-0.04685577018482964,8,黄金;国债ETF;创新药ETF;半导体ETF;酒ETF;军工ETF;有色ETF;证券ETF,黄金;国债ETF,创新药ETF;半导体ETF;酒ETF;军工ETF;有色ETF;证券ETF
2025-04-14,2070211.5120536215,1795551.7034320661,274659.80862155533,1.0,False,normal,-0.043906427474153055,8,黄金;国债ETF;创新药ETF;半导体ETF;酒ETF;有色ETF;军工ETF;证券ETF,黄金;国债ETF,创新药ETF;半导体ETF;酒ETF;有色ETF;军工ETF;证券ETF
2025-04-15,2067258.7410207244,1802711.121452245,264547.6195684795,1.0,False,normal,-0.04527011683113711,8,黄金;国债ETF;创新药ETF;酒ETF;半导体ETF;军工ETF;有色ETF;证券ETF,黄金;国债ETF,创新药ETF;酒ETF;半导体ETF;军工ETF;有色ETF;证券ETF
2025-04-16,2085073.6738662624,1829516.9034031034,255556.77046315908,1.0,False,normal,-0.03704257936000101,8,黄金;国债ETF;创新药ETF;酒ETF;半导体ETF;有色ETF;军工ETF;证券ETF,黄金;国债ETF,创新药ETF;酒ETF;半导体ETF;有色ETF;军工ETF;证券ETF
2025-04-17,2091108.339558915,1846336.781601688,244771.5579572271,1.0,False,normal,-0.03425556699556685,8,黄金;国债ETF;酒ETF;创新药ETF;半导体ETF;有色ETF;军工ETF;证券ETF,黄金;国债ETF,酒ETF;创新药ETF;半导体ETF;有色ETF;军工ETF;证券ETF
2025-04-18,2091130.0858070066,1858161.5888757582,232968.49693124834,1.0,False,normal,-0.034245523843982655,8,黄金;国债ETF;酒ETF;创新药ETF;半导体ETF;有色ETF;军工ETF;证券ETF,黄金;国债ETF,酒ETF;创新药ETF;半导体ETF;有色ETF;军工ETF;证券ETF
2025-04-21,2109202.9554815553,1881013.32073446,228189.6347470954,1.0,False,normal,-0.025898862436524603,8,黄金;国债ETF;创新药ETF;半导体ETF;酒ETF;有色ETF;军工ETF;证券ETF,黄金;国债ETF,创新药ETF;半导体ETF;酒ETF;有色ETF;军工ETF;证券ETF
2025-04-22,2133980.8213027334,1915971.5958303642,218009.22547236923,1.0,False,normal,-0.014455607428713298,8,黄金;国债ETF;创新药ETF;半导体ETF;酒ETF;有色ETF;军工ETF;证券ETF,黄金;国债ETF,创新药ETF;半导体ETF;酒ETF;有色ETF;军工ETF;证券ETF
2025-04-23,2086291.2478948648,1885490.4686327048,200800.77926215995,0.6126040821867323,False,normal,-0.03648026256481214,8,黄金;国债ETF;创新药ETF;半导体ETF;酒ETF;有色ETF;军工ETF;证券ETF,黄金;国债ETF,创新药ETF;半导体ETF;酒ETF;有色ETF;军工ETF;证券ETF
2025-04-24,2091506.220116839,1902793.8692866992,188712.35083013983,0.6300436959246671,False,normal,-0.03407181232033234,8,黄金;国债ETF;创新药ETF;半导体ETF;酒ETF;有色ETF;军工ETF;证券ETF,黄金;国债ETF,创新药ETF;半导体ETF;酒ETF;有色ETF;军工ETF;证券ETF
2025-04-25,2087447.0597806054,1912766.5156859704,174680.54409463494,0.6449812548529349,False,normal,-0.03594646961246334,8,黄金;国债ETF;半导体ETF;创新药ETF;酒ETF;有色ETF;军工ETF;证券ETF,黄金;国债ETF,半导体ETF;创新药ETF;酒ETF;有色ETF;军工ETF;证券ETF
2025-04-28,2079370.8476206402,1919149.5567154456,160221.2909051946,0.6573625776988797,False,normal,-0.039676337063948075,8,黄金;国债ETF;半导体ETF;创新药ETF;酒ETF;军工ETF;有色ETF;证券ETF,黄金;国债ETF,半导体ETF;创新药ETF;酒ETF;军工ETF;有色ETF;证券ETF
2025-04-29,2085423.62316496,1939301.7278769205,146121.89528803946,0.6763202666211177,False,normal,-0.03688096095857364,8,黄金;国债ETF;半导体ETF;酒ETF;创新药ETF;有色ETF;军工ETF;证券ETF,黄金;国债ETF,半导体ETF;酒ETF;创新药ETF;有色ETF;军工ETF;证券ETF
2025-04-30,2083915.7803393211,1951105.1182695068,132810.66206981428,0.6933351772558716,False,normal,-0.037577333684538444,8,黄金;国债ETF;半导体ETF;创新药ETF;酒ETF;军工ETF;有色ETF;证券ETF,黄金;国债ETF,半导体ETF;创新药ETF;酒ETF;军工ETF;有色ETF;证券ETF
2025-05-06,2104130.10862642,1973865.0555344552,130265.05309196492,0.6997529991375322,False,normal,-0.028241674388039376,8,黄金;国债ETF;半导体ETF;创新药ETF;有色ETF;酒ETF;军工ETF;证券ETF,黄金;国债ETF,半导体ETF;创新药ETF;有色ETF;酒ETF;军工ETF;证券ETF
2025-05-07,2112166.5670795334,1995937.7052784078,116228.86180112557,0.7206842198958356,False,normal,-0.024530166540577682,8,黄金;国债ETF;军工ETF;半导体ETF;有色ETF;创新药ETF;酒ETF;证券ETF,黄金;国债ETF,军工ETF;半导体ETF;有色ETF;创新药ETF;酒ETF;证券ETF
2025-05-08,2104155.931029547,2004231.255293068,99924.675736479,0.7237746197302092,False,normal,-0.028229748730437234,8,黄金;国债ETF;军工ETF;半导体ETF;创新药ETF;有色ETF;酒ETF;证券ETF,黄金;国债ETF,军工ETF;半导体ETF;创新药ETF;有色ETF;酒ETF;证券ETF
2025-05-09,2096326.3035570951,2005578.4383635526,90747.86519354256,0.6594143740041396,False,normal,-0.03184573504782428,9,纳指;黄金;国债ETF;创新药ETF;有色ETF;军工ETF;半导体ETF;酒ETF;证券ETF,纳指;黄金;国债ETF,创新药ETF;有色ETF;军工ETF;半导体ETF;酒ETF;证券ETF
2025-05-12,2102483.9803769784,2017973.318273199,84510.66210377938,0.6793696931369886,False,normal,-0.029001911991627636,9,纳指;黄金;国债ETF;军工ETF;有色ETF;创新药ETF;半导体ETF;酒ETF;证券ETF,纳指;黄金;国债ETF,军工ETF;有色ETF;创新药ETF;半导体ETF;酒ETF;证券ETF
2025-05-13,2098349.409509194,2028167.195305402,70182.21420379216,0.699518760574307,False,normal,-0.030911396413303874,9,纳指;黄金;国债ETF;军工ETF;创新药ETF;有色ETF;酒ETF;证券ETF;半导体ETF,纳指;黄金;国债ETF,军工ETF;创新药ETF;有色ETF;酒ETF;证券ETF;半导体ETF
2025-05-14,2114111.579880665,2053374.4196703506,60737.16021031444,0.7134651976458981,False,normal,-0.023631893959822008,9,纳指;黄金;国债ETF;军工ETF;创新药ETF;证券ETF;有色ETF;酒ETF;半导体ETF,纳指;黄金;国债ETF,军工ETF;创新药ETF;证券ETF;有色ETF;酒ETF;半导体ETF
2025-05-15,2089311.007044719,2028805.9547989962,60505.05224572285,0.6907762574296064,False,normal,-0.03508563583370688,9,纳指;黄金;国债ETF;创新药ETF;军工ETF;有色ETF;证券ETF;酒ETF;半导体ETF,纳指;黄金;国债ETF,创新药ETF;军工ETF;有色ETF;证券ETF;酒ETF;半导体ETF
2025-05-16,2095911.1743261968,2095911.1743261972,-4.656612873077393e-10,0.7064670147242372,False,normal,-0.03203745574260284,9,纳指;黄金;国债ETF;创新药ETF;军工ETF;有色ETF;证券ETF;酒ETF;半导体ETF,纳指;黄金;国债ETF,创新药ETF;军工ETF;有色ETF;证券ETF;酒ETF;半导体ETF
2025-05-19,2094727.9209103978,2094727.9209103982,-4.656612873077393e-10,0.7278054891251186,False,normal,-0.03258392212003712,9,纳指;黄金;国债ETF;创新药ETF;军工ETF;有色ETF;证券ETF;酒ETF;半导体ETF,纳指;黄金;国债ETF,创新药ETF;军工ETF;有色ETF;证券ETF;酒ETF;半导体ETF
2025-05-20,2102574.477892746,2102574.477892746,0.0,0.7491617089159638,False,normal,-0.028960117183391188,9,纳指;黄金;国债ETF;创新药ETF;军工ETF;有色ETF;证券ETF;酒ETF;半导体ETF,纳指;黄金;国债ETF,创新药ETF;军工ETF;有色ETF;证券ETF;酒ETF;半导体ETF
2025-05-21,2116115.84735294,2116115.8473529397,4.656612873077393e-10,0.7893473041468391,False,normal,-0.022706255571325218,10,沪深300;纳指;黄金;国债ETF;创新药ETF;有色ETF;军工ETF;证券ETF;酒ETF;半导体ETF,沪深300;纳指;黄金;国债ETF,创新药ETF;有色ETF;军工ETF;证券ETF;酒ETF;半导体ETF
2025-05-22,2110512.477732768,2110512.4777327674,4.656612873077393e-10,0.7811391227331405,False,normal,-0.02529408084769948,9,纳指;黄金;国债ETF;创新药ETF;军工ETF;有色ETF;证券ETF;酒ETF;半导体ETF,纳指;黄金;国债ETF,创新药ETF;军工ETF;有色ETF;证券ETF;酒ETF;半导体ETF
2025-05-23,2105206.8727131896,2105206.872713189,4.656612873077393e-10,0.8043686630288617,False,normal,-0.027744388378135164,9,纳指;黄金;国债ETF;创新药ETF;有色ETF;军工ETF;酒ETF;证券ETF;半导体ETF,纳指;黄金;国债ETF,创新药ETF;有色ETF;军工ETF;酒ETF;证券ETF;半导体ETF
2025-05-26,2105487.31511067,2164231.62814877,-58744.31303810002,0.8295527925534357,False,normal,-0.027614870610441593,9,纳指;黄金;国债ETF;创新药ETF;有色ETF;军工ETF;证券ETF;酒ETF;半导体ETF,纳指;黄金;国债ETF,创新药ETF;有色ETF;军工ETF;证券ETF;酒ETF;半导体ETF
2025-05-27,2101184.5781397633,2179718.7054433124,-78534.12730354909,0.853150136993479,False,normal,-0.029602019816308143,9,纳指;黄金;国债ETF;创新药ETF;军工ETF;有色ETF;证券ETF;酒ETF;半导体ETF,纳指;黄金;国债ETF,创新药ETF;军工ETF;有色ETF;证券ETF;酒ETF;半导体ETF
2025-05-28,2104686.2283627633,2203559.9583346033,-98873.72997184005,1.0,False,normal,-0.027984839517603832,9,纳指;黄金;国债ETF;创新药ETF;军工ETF;有色ETF;证券ETF;酒ETF;半导体ETF,纳指;黄金;国债ETF,创新药ETF;军工ETF;有色ETF;证券ETF;酒ETF;半导体ETF
2025-05-29,2117272.0570875313,2193207.7154418444,-75935.65835431311,1.0,False,normal,-0.022172278878944705,9,纳指;黄金;国债ETF;创新药ETF;军工ETF;有色ETF;证券ETF;酒ETF;半导体ETF,纳指;黄金;国债ETF,创新药ETF;军工ETF;有色ETF;证券ETF;酒ETF;半导体ETF
2025-05-30,2108266.4905987047,2200463.1694406043,-92196.67884189961,1.0,False,normal,-0.026331353537156876,9,纳指;黄金;国债ETF;创新药ETF;军工ETF;有色ETF;证券ETF;酒ETF;半导体ETF,纳指;黄金;国债ETF,创新药ETF;军工ETF;有色ETF;证券ETF;酒ETF;半导体ETF
2025-06-03,2121113.8425812693,2231873.944660192,-110760.10207892256,1.0,False,normal,-0.020398012628274367,9,纳指;黄金;国债ETF;创新药ETF;军工ETF;有色ETF;证券ETF;酒ETF;半导体ETF,纳指;黄金;国债ETF,创新药ETF;军工ETF;有色ETF;证券ETF;酒ETF;半导体ETF
2025-06-04,2130817.586380821,2255581.8183339173,-124764.23195309611,1.0,False,normal,-0.015916496115507158,10,沪深300;纳指;黄金;国债ETF;创新药ETF;有色ETF;军工ETF;证券ETF;酒ETF;半导体ETF,沪深300;纳指;黄金;国债ETF,创新药ETF;有色ETF;军工ETF;证券ETF;酒ETF;半导体ETF
2025-06-05,2133656.3552545453,2281592.324515539,-147935.96926099388,0.858087030454078,False,normal,-0.014605456804667986,11,沪深300;创业板;纳指;黄金;国债ETF;创新药ETF;有色ETF;证券ETF;军工ETF;酒ETF;半导体ETF,沪深300;创业板;纳指;黄金;国债ETF,创新药ETF;有色ETF;证券ETF;军工ETF;酒ETF;半导体ETF
2025-06-06,2131397.333804167,2303004.024493291,-171606.69068912417,1.0,False,normal,-0.01564874918147558,11,沪深300;创业板;纳指;黄金;国债ETF;创新药ETF;有色ETF;证券ETF;军工ETF;半导体ETF;酒ETF,沪深300;创业板;纳指;黄金;国债ETF,创新药ETF;有色ETF;证券ETF;军工ETF;半导体ETF;酒ETF
2025-06-09,2139518.72708609,2320518.48686852,-180999.75978242978,1.0,False,normal,-0.01189801556242681,11,沪深300;创业板;纳指;黄金;国债ETF;创新药ETF;有色ETF;证券ETF;军工ETF;半导体ETF;酒ETF,沪深300;创业板;纳指;黄金;国债ETF,创新药ETF;有色ETF;证券ETF;军工ETF;半导体ETF;酒ETF
2025-06-10,2127833.8917235583,2309936.902828036,-182103.01110447757,1.0,False,normal,-0.017294467046293317,11,沪深300;创业板;纳指;黄金;国债ETF;创新药ETF;有色ETF;证券ETF;军工ETF;半导体ETF;酒ETF,沪深300;创业板;纳指;黄金;国债ETF,创新药ETF;有色ETF;证券ETF;军工ETF;半导体ETF;酒ETF
2025-06-11,2140799.6430629953,2343258.2317621843,-202458.58869918901,1.0,False,normal,-0.011306445316906376,11,沪深300;创业板;纳指;黄金;国债ETF;创新药ETF;有色ETF;证券ETF;军工ETF;半导体ETF;酒ETF,沪深300;创业板;纳指;黄金;国债ETF,创新药ETF;有色ETF;证券ETF;军工ETF;半导体ETF;酒ETF
2025-06-12,2143268.836308258,2372471.7106812247,-229202.8743729666,1.0,False,normal,-0.01016608850922049,11,沪深300;创业板;纳指;黄金;国债ETF;创新药ETF;有色ETF;军工ETF;证券ETF;半导体ETF;酒ETF,沪深300;创业板;纳指;黄金;国债ETF,创新药ETF;有色ETF;军工ETF;证券ETF;半导体ETF;酒ETF
2025-06-13,2131553.145820255,2360833.459167335,-229280.31334708026,1.0,False,normal,-0.015576789931786983,11,沪深300;创业板;纳指;黄金;国债ETF;创新药ETF;有色ETF;军工ETF;证券ETF;半导体ETF;酒ETF,沪深300;创业板;纳指;黄金;国债ETF,创新药ETF;有色ETF;军工ETF;证券ETF;半导体ETF;酒ETF
2025-06-16,2138376.1788277198,2394558.2252408434,-256182.0464131236,1.0,False,normal,-0.012425682923837998,11,沪深300;创业板;纳指;黄金;国债ETF;创新药ETF;有色ETF;证券ETF;军工ETF;半导体ETF;酒ETF,沪深300;创业板;纳指;黄金;国债ETF,创新药ETF;有色ETF;证券ETF;军工ETF;半导体ETF;酒ETF
2025-06-17,2131309.1708542826,2404162.2780529973,-272853.10719871474,1.0,False,normal,-0.015689465808365406,10,沪深300;创业板;纳指;国债ETF;创新药ETF;有色ETF;证券ETF;军工ETF;半导体ETF;酒ETF,沪深300;创业板;纳指;国债ETF,创新药ETF;有色ETF;证券ETF;军工ETF;半导体ETF;酒ETF
2025-06-18,2123545.228965564,2423955.974293735,-300410.7453281707,1.0,False,normal,-0.01927511630545122,10,沪深300;创业板;纳指;国债ETF;创新药ETF;有色ETF;军工ETF;证券ETF;半导体ETF;酒ETF,沪深300;创业板;纳指;国债ETF,创新药ETF;有色ETF;军工ETF;证券ETF;半导体ETF;酒ETF
2025-06-19,2101256.5776714366,2368455.3480812907,-267198.7704098541,0.8433647650950867,False,normal,-0.029568768001671387,9,创业板;纳指;国债ETF;创新药ETF;有色ETF;军工ETF;证券ETF;半导体ETF;酒ETF,创业板;纳指;国债ETF,创新药ETF;有色ETF;军工ETF;证券ETF;半导体ETF;酒ETF
2025-06-20,2097963.960280748,2392829.478650518,-294865.51836977014,0.8670933060547938,False,normal,-0.031089409880868207,9,创业板;纳指;国债ETF;创新药ETF;有色ETF;证券ETF;军工ETF;半导体ETF;酒ETF,创业板;纳指;国债ETF,创新药ETF;有色ETF;证券ETF;军工ETF;半导体ETF;酒ETF
2025-06-23,2106393.717528238,2406539.5189886508,-300145.8014604128,1.0,False,normal,-0.027196263371271612,10,沪深300;创业板;纳指;国债ETF;创新药ETF;有色ETF;证券ETF;军工ETF;半导体ETF;酒ETF,沪深300;创业板;纳指;国债ETF,创新药ETF;有色ETF;证券ETF;军工ETF;半导体ETF;酒ETF
2025-06-24,2138715.2320853346,2419317.2737688413,-280602.0416835067,0.8594053902235019,False,normal,-0.012269096682064119,10,沪深300;创业板;纳指;国债ETF;创新药ETF;有色ETF;证券ETF;军工ETF;半导体ETF;酒ETF,沪深300;创业板;纳指;国债ETF,创新药ETF;有色ETF;证券ETF;军工ETF;半导体ETF;酒ETF
2025-06-25,2175188.4860880026,2375742.333589245,-200553.84750124253,0.8311160917723005,False,normal,0.0,10,沪深300;创业板;纳指;国债ETF;证券ETF;创新药ETF;军工ETF;有色ETF;半导体ETF;酒ETF,沪深300;创业板;纳指;国债ETF,证券ETF;创新药ETF;军工ETF;有色ETF;半导体ETF;酒ETF
2025-06-26,2166830.8477034424,2371907.1726512844,-205076.32494784193,0.8533544476685716,False,normal,-0.003842259389479866,10,沪深300;创业板;纳指;国债ETF;证券ETF;有色ETF;军工ETF;创新药ETF;半导体ETF;酒ETF,沪深300;创业板;纳指;国债ETF,证券ETF;有色ETF;军工ETF;创新药ETF;半导体ETF;酒ETF
2025-06-27,2173836.5208833427,2403721.555342392,-229885.03445904935,1.0,False,normal,-0.0006215393347779758,10,沪深300;创业板;纳指;国债ETF;有色ETF;证券ETF;军工ETF;创新药ETF;半导体ETF;酒ETF,沪深300;创业板;纳指;国债ETF,有色ETF;证券ETF;军工ETF;创新药ETF;半导体ETF;酒ETF
2025-06-30,2194879.6140380185,2417507.715328107,-222628.1012900886,1.0,False,normal,0.0,10,沪深300;创业板;纳指;国债ETF;军工ETF;有色ETF;证券ETF;半导体ETF;创新药ETF;酒ETF,沪深300;创业板;纳指;国债ETF,军工ETF;有色ETF;证券ETF;半导体ETF;创新药ETF;酒ETF
2025-07-01,2195116.398272501,2445316.8089408814,-250200.41066838056,1.0,False,normal,0.0,10,沪深300;创业板;纳指;国债ETF;军工ETF;有色ETF;证券ETF;创新药ETF;半导体ETF;酒ETF,沪深300;创业板;纳指;国债ETF,军工ETF;有色ETF;证券ETF;创新药ETF;半导体ETF;酒ETF
2025-07-02,2184377.1189063285,2426624.713757829,-242247.59485150035,1.0,False,normal,-0.00489235075398458,10,沪深300;创业板;纳指;国债ETF;有色ETF;军工ETF;证券ETF;创新药ETF;半导体ETF;酒ETF,沪深300;创业板;纳指;国债ETF,有色ETF;军工ETF;证券ETF;创新药ETF;半导体ETF;酒ETF
2025-07-03,2199391.0752544636,2465177.5886970116,-265786.513442548,1.0,False,normal,0.0,10,沪深300;创业板;纳指;国债ETF;有色ETF;军工ETF;证券ETF;创新药ETF;半导体ETF;酒ETF,沪深300;创业板;纳指;国债ETF,有色ETF;军工ETF;证券ETF;创新药ETF;半导体ETF;酒ETF
2025-07-04,2199529.3480844195,2487490.2059188224,-287960.85783440294,1.0,False,normal,0.0,10,沪深300;创业板;纳指;国债ETF;有色ETF;军工ETF;证券ETF;创新药ETF;半导体ETF;酒ETF,沪深300;创业板;纳指;国债ETF,有色ETF;军工ETF;证券ETF;创新药ETF;半导体ETF;酒ETF
2025-07-07,2188526.2106613237,2488626.0782800955,-300099.86761877174,1.0,False,normal,-0.0050024962988915985,10,沪深300;创业板;纳指;国债ETF;有色ETF;军工ETF;证券ETF;创新药ETF;半导体ETF;酒ETF,沪深300;创业板;纳指;国债ETF,有色ETF;军工ETF;证券ETF;创新药ETF;半导体ETF;酒ETF
2025-07-08,2208964.2648231317,2519571.4191026473,-310607.1542795156,1.0,False,normal,0.0,11,沪深300;创业板;纳指;黄金;国债ETF;军工ETF;证券ETF;有色ETF;创新药ETF;半导体ETF;酒ETF,沪深300;创业板;纳指;黄金;国债ETF,军工ETF;证券ETF;有色ETF;创新药ETF;半导体ETF;酒ETF
2025-07-09,2199546.0271210596,2520915.4169679554,-321369.3898468958,1.0,False,normal,-0.0042636442119294475,10,创业板;纳指;黄金;国债ETF;军工ETF;证券ETF;有色ETF;创新药ETF;半导体ETF;酒ETF,创业板;纳指;黄金;国债ETF,军工ETF;证券ETF;有色ETF;创新药ETF;半导体ETF;酒ETF
2025-07-10,2210773.696148515,2557150.180116317,-346376.48396780156,1.0,False,normal,0.0,11,沪深300;创业板;纳指;黄金;国债ETF;证券ETF;军工ETF;有色ETF;创新药ETF;酒ETF;半导体ETF,沪深300;创业板;纳指;黄金;国债ETF,证券ETF;军工ETF;有色ETF;创新药ETF;酒ETF;半导体ETF
2025-07-11,2229269.9214313165,2525260.771256704,-295990.84982538735,1.0,False,normal,0.0,11,沪深300;创业板;纳指;黄金;国债ETF;证券ETF;军工ETF;有色ETF;创新药ETF;半导体ETF;酒ETF,沪深300;创业板;纳指;黄金;国债ETF,证券ETF;军工ETF;有色ETF;创新药ETF;半导体ETF;酒ETF
2025-07-14,2227396.063991289,2548464.360152124,-321068.29616083484,1.0,False,normal,-0.0008405700099449091,11,沪深300;创业板;纳指;黄金;国债ETF;证券ETF;军工ETF;创新药ETF;有色ETF;酒ETF;半导体ETF,沪深300;创业板;纳指;黄金;国债ETF,证券ETF;军工ETF;创新药ETF;有色ETF;酒ETF;半导体ETF
2025-07-15,2232738.080405412,2567177.9876550194,-334439.9072496076,1.0,False,normal,0.0,11,沪深300;创业板;纳指;黄金;国债ETF;创新药ETF;证券ETF;军工ETF;有色ETF;半导体ETF;酒ETF,沪深300;创业板;纳指;黄金;国债ETF,创新药ETF;证券ETF;军工ETF;有色ETF;半导体ETF;酒ETF
2025-07-16,2230306.9518226716,2595632.7148520425,-365325.7630293709,1.0,False,normal,-0.0010888552509028592,10,沪深300;创业板;纳指;国债ETF;创新药ETF;证券ETF;军工ETF;有色ETF;半导体ETF;酒ETF,沪深300;创业板;纳指;国债ETF,创新药ETF;证券ETF;军工ETF;有色ETF;半导体ETF;酒ETF
2025-07-17,2254753.5817271816,2618974.0987054785,-364220.5169782969,1.0,False,normal,0.0,10,沪深300;创业板;纳指;国债ETF;创新药ETF;军工ETF;证券ETF;有色ETF;半导体ETF;酒ETF,沪深300;创业板;纳指;国债ETF,创新药ETF;军工ETF;证券ETF;有色ETF;半导体ETF;酒ETF
2025-07-18,2272215.9811030417,2641326.75619843,-369110.7750953883,1.0,False,normal,0.0,10,沪深300;创业板;纳指;国债ETF;创新药ETF;军工ETF;证券ETF;有色ETF;半导体ETF;酒ETF,沪深300;创业板;纳指;国债ETF,创新药ETF;军工ETF;证券ETF;有色ETF;半导体ETF;酒ETF
2025-07-21,2286585.2196197407,2679342.5724950503,-392757.35287530953,1.0,False,normal,0.0,11,沪深300;创业板;纳指;黄金;国债ETF;创新药ETF;有色ETF;军工ETF;证券ETF;酒ETF;半导体ETF,沪深300;创业板;纳指;黄金;国债ETF,创新药ETF;有色ETF;军工ETF;证券ETF;酒ETF;半导体ETF
2025-07-22,2303501.2128626513,2711915.3611192554,-408414.1482566041,1.0,False,normal,0.0,11,沪深300;创业板;纳指;黄金;国债ETF;有色ETF;创新药ETF;军工ETF;证券ETF;酒ETF;半导体ETF,沪深300;创业板;纳指;黄金;国债ETF,有色ETF;创新药ETF;军工ETF;证券ETF;酒ETF;半导体ETF
2025-07-23,2303377.733566905,2730938.8334000623,-427561.0998331574,1.0,False,normal,-5.360504915600662e-05,11,沪深300;创业板;纳指;黄金;国债ETF;创新药ETF;有色ETF;军工ETF;证券ETF;酒ETF;半导体ETF,沪深300;创业板;纳指;黄金;国债ETF,创新药ETF;有色ETF;军工ETF;证券ETF;酒ETF;半导体ETF
2025-07-24,2329011.6009922675,2648148.078713646,-319136.4777213787,1.0,False,normal,0.0,11,沪深300;创业板;纳指;黄金;国债ETF;创新药ETF;有色ETF;证券ETF;军工ETF;酒ETF;半导体ETF,沪深300;创业板;纳指;黄金;国债ETF,创新药ETF;有色ETF;证券ETF;军工ETF;酒ETF;半导体ETF
2025-07-25,2325152.9805818293,2663909.8531250954,-338756.87254326604,1.0,False,normal,-0.0016567630701342189,11,沪深300;创业板;纳指;黄金;国债ETF;有色ETF;创新药ETF;证券ETF;军工ETF;半导体ETF;酒ETF,沪深300;创业板;纳指;黄金;国债ETF,有色ETF;创新药ETF;证券ETF;军工ETF;半导体ETF;酒ETF
2025-07-28,2339381.748180996,2709015.26512847,-369633.51694747387,1.0,False,normal,0.0,10,沪深300;创业板;纳指;国债ETF;创新药ETF;有色ETF;证券ETF;军工ETF;半导体ETF;酒ETF,沪深300;创业板;纳指;国债ETF,创新药ETF;有色ETF;证券ETF;军工ETF;半导体ETF;酒ETF
2025-07-29,2357713.2074349667,2751437.686878955,-393724.4794439883,1.0,False,normal,0.0,9,沪深300;创业板;纳指;创新药ETF;有色ETF;证券ETF;军工ETF;半导体ETF;酒ETF,沪深300;创业板;纳指,创新药ETF;有色ETF;证券ETF;军工ETF;半导体ETF;酒ETF
2025-07-30,2339602.995752685,2701318.783469478,-361715.78771679336,1.0,False,normal,-0.007681261497442521,9,沪深300;创业板;纳指;创新药ETF;有色ETF;证券ETF;军工ETF;半导体ETF;酒ETF,沪深300;创业板;纳指,创新药ETF;有色ETF;证券ETF;军工ETF;半导体ETF;酒ETF
2025-07-31,2309176.4168953835,2540152.9903295967,-230976.57343421318,1.0,False,normal,-0.020586384462081355,9,沪深300;创业板;纳指;创新药ETF;有色ETF;证券ETF;军工ETF;半导体ETF;酒ETF,沪深300;创业板;纳指,创新药ETF;有色ETF;证券ETF;军工ETF;半导体ETF;酒ETF
2025-08-01,2289469.3242071667,2517958.530373523,-228489.20616635634,1.0,False,normal,-0.028944946744411195,9,沪深300;创业板;纳指;创新药ETF;有色ETF;证券ETF;军工ETF;半导体ETF;酒ETF,沪深300;创业板;纳指,创新药ETF;有色ETF;证券ETF;军工ETF;半导体ETF;酒ETF
2025-08-04,2295953.94696663,2533993.883707587,-238039.9367409572,1.0,False,normal,-0.02619456016685196,10,沪深300;创业板;纳指;黄金;创新药ETF;有色ETF;军工ETF;证券ETF;半导体ETF;酒ETF,沪深300;创业板;纳指;黄金,创新药ETF;有色ETF;军工ETF;证券ETF;半导体ETF;酒ETF
2025-08-05,2314873.3351943865,2576355.2563139386,-261481.9211195521,1.0,False,normal,-0.01817009469408158,10,沪深300;创业板;纳指;黄金;创新药ETF;有色ETF;军工ETF;证券ETF;半导体ETF;酒ETF,沪深300;创业板;纳指;黄金,创新药ETF;有色ETF;军工ETF;证券ETF;半导体ETF;酒ETF
2025-08-06,2326672.6672706427,2601821.264436301,-275148.59716565814,1.0,False,normal,-0.013165528388456546,9,沪深300;创业板;纳指;创新药ETF;军工ETF;有色ETF;半导体ETF;证券ETF;酒ETF,沪深300;创业板;纳指,创新药ETF;军工ETF;有色ETF;半导体ETF;证券ETF;酒ETF
2025-08-07,2326084.4225757616,2624841.4670007084,-298757.0444249469,1.0,False,normal,-0.013415026373633933,10,沪深300;创业板;纳指;国债ETF;创新药ETF;有色ETF;军工ETF;半导体ETF;证券ETF;酒ETF,沪深300;创业板;纳指;国债ETF,创新药ETF;有色ETF;军工ETF;半导体ETF;证券ETF;酒ETF
2025-08-08,2321501.48690104,2632950.3466352494,-311448.85973420925,1.0,False,normal,-0.015358831778069572,10,沪深300;创业板;纳指;国债ETF;有色ETF;军工ETF;创新药ETF;证券ETF;半导体ETF;酒ETF,沪深300;创业板;纳指;国债ETF,有色ETF;军工ETF;创新药ETF;证券ETF;半导体ETF;酒ETF
2025-08-11,2345239.519318724,2666568.79975634,-321329.28043761617,1.0,False,normal,-0.005290587539191494,9,沪深300;创业板;纳指;有色ETF;军工ETF;创新药ETF;证券ETF;半导体ETF;酒ETF,沪深300;创业板;纳指,有色ETF;军工ETF;创新药ETF;证券ETF;半导体ETF;酒ETF
2025-08-12,2355853.748998974,2710852.3531551627,-354998.60415618867,1.0,False,normal,-0.0007886703226367706,9,沪深300;创业板;纳指;有色ETF;军工ETF;创新药ETF;半导体ETF;证券ETF;酒ETF,沪深300;创业板;纳指,有色ETF;军工ETF;创新药ETF;半导体ETF;证券ETF;酒ETF
2025-08-13,2402665.7872090125,2732595.0303155845,-329929.24310657196,0.8516009738864891,False,normal,0.0,9,沪深300;创业板;纳指;有色ETF;军工ETF;创新药ETF;证券ETF;半导体ETF;酒ETF,沪深300;创业板;纳指,有色ETF;军工ETF;创新药ETF;证券ETF;半导体ETF;酒ETF
2025-08-14,2389490.9203168135,2723081.6149735376,-333590.6946567241,0.8470765155643961,False,normal,-0.0054834371731339445,9,沪深300;创业板;纳指;有色ETF;半导体ETF;创新药ETF;军工ETF;证券ETF;酒ETF,沪深300;创业板;纳指,有色ETF;半导体ETF;创新药ETF;军工ETF;证券ETF;酒ETF
2025-08-15,2429912.0039129513,2712554.9352286234,-282642.9313156721,0.8323762405426425,False,normal,0.0,9,沪深300;创业板;纳指;有色ETF;证券ETF;半导体ETF;创新药ETF;军工ETF;酒ETF,沪深300;创业板;纳指,有色ETF;证券ETF;半导体ETF;创新药ETF;军工ETF;酒ETF
2025-08-18,2459520.7111105327,2749892.105967694,-290371.3948571612,1.0,False,normal,0.0,10,沪深300;创业板;纳指;黄金;证券ETF;半导体ETF;有色ETF;创新药ETF;军工ETF;酒ETF,沪深300;创业板;纳指;黄金,证券ETF;半导体ETF;有色ETF;创新药ETF;军工ETF;酒ETF
2025-08-19,2443201.8970468924,2693584.8361946065,-250382.93914771406,0.84105299909581,False,normal,-0.006634956961298356,9,沪深300;创业板;纳指;有色ETF;半导体ETF;证券ETF;军工ETF;创新药ETF;酒ETF,沪深300;创业板;纳指,有色ETF;半导体ETF;证券ETF;军工ETF;创新药ETF;酒ETF
2025-08-20,2462534.541394925,2702955.6038107635,-240421.06241583824,0.8671659450193477,False,normal,0.0,9,沪深300;创业板;纳指;半导体ETF;有色ETF;军工ETF;证券ETF;创新药ETF;酒ETF,沪深300;创业板;纳指,半导体ETF;有色ETF;军工ETF;证券ETF;创新药ETF;酒ETF
2025-08-21,2457952.803952563,2700866.953767216,-242914.14981465274,1.0,False,normal,-0.0018605779392506531,10,沪深300;创业板;纳指;黄金;半导体ETF;有色ETF;证券ETF;军工ETF;创新药ETF;酒ETF,沪深300;创业板;纳指;黄金,半导体ETF;有色ETF;证券ETF;军工ETF;创新药ETF;酒ETF
2025-08-22,2508266.165644776,2613196.185384556,-104930.01973978011,1.0,False,normal,0.0,10,沪深300;创业板;纳指;黄金;半导体ETF;有色ETF;证券ETF;军工ETF;创新药ETF;酒ETF,沪深300;创业板;纳指;黄金,半导体ETF;有色ETF;证券ETF;军工ETF;创新药ETF;酒ETF
2025-08-25,2561586.8540282794,2561586.85402828,-4.656612873077393e-10,1.0,False,normal,0.0,10,沪深300;创业板;纳指;黄金;半导体ETF;有色ETF;证券ETF;军工ETF;创新药ETF;酒ETF,沪深300;创业板;纳指;黄金,半导体ETF;有色ETF;证券ETF;军工ETF;创新药ETF;酒ETF
2025-08-26,2547126.879427392,2547126.8794273925,-4.656612873077393e-10,1.0,False,normal,-0.005644928485695515,10,沪深300;创业板;纳指;黄金;半导体ETF;有色ETF;证券ETF;军工ETF;酒ETF;创新药ETF,沪深300;创业板;纳指;黄金,半导体ETF;有色ETF;证券ETF;军工ETF;酒ETF;创新药ETF
2025-08-27,2528096.4007038167,2528096.400703816,4.656612873077393e-10,1.0,False,normal,-0.013074104152196364,10,沪深300;创业板;纳指;黄金;半导体ETF;有色ETF;证券ETF;军工ETF;创新药ETF;酒ETF,沪深300;创业板;纳指;黄金,半导体ETF;有色ETF;证券ETF;军工ETF;创新药ETF;酒ETF
2025-08-28,2568530.2265910325,2568530.2265910325,0.0,1.0,False,normal,0.0,10,沪深300;创业板;纳指;黄金;半导体ETF;有色ETF;证券ETF;军工ETF;创新药ETF;酒ETF,沪深300;创业板;纳指;黄金,半导体ETF;有色ETF;证券ETF;军工ETF;创新药ETF;酒ETF
2025-08-29,2591858.438454936,2591858.4384549363,-4.656612873077393e-10,1.0,False,normal,0.0,10,沪深300;创业板;纳指;黄金;半导体ETF;有色ETF;证券ETF;军工ETF;创新药ETF;酒ETF,沪深300;创业板;纳指;黄金,半导体ETF;有色ETF;证券ETF;军工ETF;创新药ETF;酒ETF
2025-09-01,2617944.7248394676,2617944.724839468,-4.656612873077393e-10,1.0,False,normal,0.0,10,沪深300;创业板;纳指;黄金;半导体ETF;有色ETF;军工ETF;证券ETF;创新药ETF;酒ETF,沪深300;创业板;纳指;黄金,半导体ETF;有色ETF;军工ETF;证券ETF;创新药ETF;酒ETF
2025-09-02,2593191.6280663805,2593191.6280663814,-9.313225746154785e-10,1.0,False,normal,-0.009455164021694502,10,沪深300;创业板;纳指;黄金;半导体ETF;有色ETF;创新药ETF;证券ETF;军工ETF;酒ETF,沪深300;创业板;纳指;黄金,半导体ETF;有色ETF;创新药ETF;证券ETF;军工ETF;酒ETF
2025-09-03,2582519.671679162,2494224.839806676,88294.83187248604,1.0,False,normal,-0.013531627625360908,10,沪深300;创业板;纳指;黄金;半导体ETF;有色ETF;创新药ETF;证券ETF;酒ETF;军工ETF,沪深300;创业板;纳指;黄金,半导体ETF;有色ETF;创新药ETF;证券ETF;酒ETF;军工ETF
2025-09-04,2533651.9449050254,2367244.7850286053,166407.15987642016,0.8069380977707513,False,normal,-0.032198074747208795,10,沪深300;创业板;纳指;黄金;有色ETF;半导体ETF;创新药ETF;证券ETF;酒ETF;军工ETF,沪深300;创业板;纳指;黄金,有色ETF;半导体ETF;创新药ETF;证券ETF;酒ETF;军工ETF
2025-09-05,2595670.061302737,2408259.3389405697,187410.7223621672,0.6668987824844365,False,normal,-0.008508454485453879,10,沪深300;创业板;纳指;黄金;有色ETF;半导体ETF;创新药ETF;证券ETF;酒ETF;军工ETF,沪深300;创业板;纳指;黄金,有色ETF;半导体ETF;创新药ETF;证券ETF;酒ETF;军工ETF
2025-09-08,2595262.9103220818,2426359.329016813,168903.5813052687,0.681945734210499,False,normal,-0.008663977624193972,10,沪深300;创业板;纳指;黄金;有色ETF;半导体ETF;创新药ETF;酒ETF;证券ETF;军工ETF,沪深300;创业板;纳指;黄金,有色ETF;半导体ETF;创新药ETF;酒ETF;证券ETF;军工ETF
2025-09-09,2584887.6544653224,2424545.253352773,160342.40111254947,0.6952202319901346,False,normal,-0.012627107845515047,10,沪深300;创业板;纳指;黄金;有色ETF;半导体ETF;创新药ETF;酒ETF;证券ETF;军工ETF,沪深300;创业板;纳指;黄金,有色ETF;半导体ETF;创新药ETF;酒ETF;证券ETF;军工ETF
2025-09-10,2592917.5090317484,2451430.7655051155,141486.7435266329,0.716770336598899,False,normal,-0.009559871746052172,10,沪深300;创业板;纳指;黄金;有色ETF;半导体ETF;创新药ETF;酒ETF;证券ETF;军工ETF,沪深300;创业板;纳指;黄金,有色ETF;半导体ETF;创新药ETF;酒ETF;证券ETF;军工ETF
2025-09-11,2640497.072941211,2486341.157714502,154155.9152267091,0.6813604924348204,False,normal,0.0,10,沪深300;创业板;纳指;黄金;有色ETF;半导体ETF;创新药ETF;酒ETF;证券ETF;军工ETF,沪深300;创业板;纳指;黄金,有色ETF;半导体ETF;创新药ETF;酒ETF;证券ETF;军工ETF
2025-09-12,2637823.3513794956,2503812.613216625,134010.73816287052,0.6919789171502925,False,normal,-0.0010125826644970498,10,沪深300;创业板;纳指;黄金;有色ETF;半导体ETF;创新药ETF;酒ETF;证券ETF;军工ETF,沪深300;创业板;纳指;黄金,有色ETF;半导体ETF;创新药ETF;酒ETF;证券ETF;军工ETF
2025-09-15,2644489.565642978,2526323.19631668,118166.36932629813,0.7131187214184476,False,normal,0.0,10,沪深300;创业板;纳指;黄金;半导体ETF;有色ETF;创新药ETF;酒ETF;证券ETF;军工ETF,沪深300;创业板;纳指;黄金,半导体ETF;有色ETF;创新药ETF;酒ETF;证券ETF;军工ETF
2025-09-16,2653910.772995959,2554683.72297528,99227.0500206789,1.0,False,normal,0.0,11,沪深300;创业板;纳指;黄金;国债ETF;半导体ETF;有色ETF;创新药ETF;酒ETF;证券ETF;军工ETF,沪深300;创业板;纳指;黄金;国债ETF,半导体ETF;有色ETF;创新药ETF;酒ETF;证券ETF;军工ETF
2025-09-17,2661831.789195998,2584184.882847421,77646.90634857723,1.0,False,normal,0.0,11,沪深300;创业板;纳指;黄金;国债ETF;半导体ETF;有色ETF;创新药ETF;酒ETF;证券ETF;军工ETF,沪深300;创业板;纳指;黄金;国债ETF,半导体ETF;有色ETF;创新药ETF;酒ETF;证券ETF;军工ETF
2025-09-18,2640601.9170603654,2563825.452939318,76776.46412104741,1.0,False,normal,-0.007975662557567216,11,沪深300;创业板;纳指;黄金;国债ETF;半导体ETF;有色ETF;创新药ETF;酒ETF;军工ETF;证券ETF,沪深300;创业板;纳指;黄金;国债ETF,半导体ETF;有色ETF;创新药ETF;酒ETF;军工ETF;证券ETF
2025-09-19,2641674.972516211,2585390.847636555,56284.12487965636,1.0,False,normal,-0.007572535861056503,11,沪深300;创业板;纳指;黄金;国债ETF;半导体ETF;有色ETF;创新药ETF;酒ETF;证券ETF;军工ETF,沪深300;创业板;纳指;黄金;国债ETF,半导体ETF;有色ETF;创新药ETF;酒ETF;证券ETF;军工ETF
2025-09-22,2662763.1423503696,2662763.14235037,-4.656612873077393e-10,1.0,False,normal,0.0,11,沪深300;创业板;纳指;黄金;国债ETF;半导体ETF;有色ETF;创新药ETF;酒ETF;证券ETF;军工ETF,沪深300;创业板;纳指;黄金;国债ETF,半导体ETF;有色ETF;创新药ETF;酒ETF;证券ETF;军工ETF
2025-09-23,2663100.497569121,2663100.497569122,-9.313225746154785e-10,0.7821935660278938,False,normal,0.0,10,沪深300;创业板;纳指;黄金;半导体ETF;有色ETF;创新药ETF;酒ETF;证券ETF;军工ETF,沪深300;创业板;纳指;黄金,半导体ETF;有色ETF;创新药ETF;酒ETF;证券ETF;军工ETF
2025-09-24,2689772.7058853544,2689772.705885355,-4.656612873077393e-10,0.802891683600966,False,normal,0.0,10,沪深300;创业板;纳指;黄金;半导体ETF;有色ETF;创新药ETF;酒ETF;证券ETF;军工ETF,沪深300;创业板;纳指;黄金,半导体ETF;有色ETF;创新药ETF;酒ETF;证券ETF;军工ETF
2025-09-25,2699083.753920431,2699083.753920431,0.0,0.8280710715373881,False,normal,0.0,10,沪深300;创业板;纳指;黄金;半导体ETF;有色ETF;创新药ETF;酒ETF;证券ETF;军工ETF,沪深300;创业板;纳指;黄金,半导体ETF;有色ETF;创新药ETF;酒ETF;证券ETF;军工ETF
2025-09-26,2676318.170668838,2676318.1706688376,4.656612873077393e-10,0.7958127305241003,False,normal,-0.008434559771820936,10,沪深300;创业板;纳指;黄金;半导体ETF;有色ETF;创新药ETF;酒ETF;证券ETF;军工ETF,沪深300;创业板;纳指;黄金,半导体ETF;有色ETF;创新药ETF;酒ETF;证券ETF;军工ETF
2025-09-29,2724446.168397793,2724446.1683977935,-4.656612873077393e-10,0.758113978783603,False,normal,0.0,10,沪深300;创业板;纳指;黄金;半导体ETF;有色ETF;证券ETF;创新药ETF;酒ETF;军工ETF,沪深300;创业板;纳指;黄金,半导体ETF;有色ETF;证券ETF;创新药ETF;酒ETF;军工ETF
2025-09-30,2746697.796127809,2746697.7961278083,9.313225746154785e-10,0.7813804119069212,False,normal,0.0,10,沪深300;创业板;纳指;黄金;半导体ETF;有色ETF;军工ETF;证券ETF;创新药ETF;酒ETF,沪深300;创业板;纳指;黄金,半导体ETF;有色ETF;军工ETF;证券ETF;创新药ETF;酒ETF
2025-10-09,2805319.891698077,2805319.891698078,-9.313225746154785e-10,0.7077581384857222,False,normal,0.0,10,沪深300;创业板;纳指;黄金;半导体ETF;有色ETF;军工ETF;创新药ETF;证券ETF;酒ETF,沪深300;创业板;纳指;黄金,半导体ETF;有色ETF;军工ETF;创新药ETF;证券ETF;酒ETF
2025-10-10,2750880.9596915855,2653125.557719433,97755.4019721523,0.6115955850140228,False,normal,-0.019405605816147812,10,沪深300;创业板;纳指;黄金;半导体ETF;有色ETF;军工ETF;证券ETF;创新药ETF;酒ETF,沪深300;创业板;纳指;黄金,半导体ETF;有色ETF;军工ETF;证券ETF;创新药ETF;酒ETF
2025-10-13,2751259.035185641,2676073.8218670315,75185.21331860963,0.6259155650809355,False,normal,-0.0192708349134873,10,沪深300;创业板;纳指;黄金;半导体ETF;有色ETF;军工ETF;证券ETF;创新药ETF;酒ETF,沪深300;创业板;纳指;黄金,半导体ETF;有色ETF;军工ETF;证券ETF;创新药ETF;酒ETF
2025-10-14,2714816.1760597634,2612536.9070601594,102279.26899960404,0.6054186885239087,False,normal,-0.03226146005884947,10,沪深300;创业板;纳指;黄金;半导体ETF;有色ETF;军工ETF;证券ETF;酒ETF;创新药ETF,沪深300;创业板;纳指;黄金,半导体ETF;有色ETF;军工ETF;证券ETF;酒ETF;创新药ETF
2025-10-15,2755660.503898842,2663365.82915924,92294.67473960202,0.5909006728188396,False,normal,-0.017701862787981706,10,沪深300;创业板;纳指;黄金;有色ETF;半导体ETF;军工ETF;证券ETF;酒ETF;创新药ETF,沪深300;创业板;纳指;黄金,有色ETF;半导体ETF;军工ETF;证券ETF;酒ETF;创新药ETF
2025-10-16,2761854.70401681,2687330.8575654393,74523.84645137051,0.608987320383502,False,normal,-0.015493843611167388,10,沪深300;创业板;纳指;黄金;有色ETF;半导体ETF;军工ETF;证券ETF;酒ETF;创新药ETF,沪深300;创业板;纳指;黄金,有色ETF;半导体ETF;军工ETF;证券ETF;酒ETF;创新药ETF
2025-10-17,2725670.6442679646,2599207.470862074,126463.17340589082,0.6019590322270791,False,normal,-0.028392215684857263,10,沪深300;创业板;纳指;黄金;有色ETF;半导体ETF;证券ETF;军工ETF;酒ETF;创新药ETF,沪深300;创业板;纳指;黄金,有色ETF;半导体ETF;证券ETF;军工ETF;酒ETF;创新药ETF
2025-10-20,2734953.9542742176,2629844.118029849,105109.83624436846,0.6201254978044938,False,normal,-0.0250830351405188,10,沪深300;创业板;纳指;黄金;有色ETF;半导体ETF;军工ETF;证券ETF;酒ETF;创新药ETF,沪深300;创业板;纳指;黄金,有色ETF;半导体ETF;军工ETF;证券ETF;酒ETF;创新药ETF
2025-10-21,2781705.368167008,2678078.288525826,103627.07964118198,0.5952661238842654,False,normal,-0.008417764976091563,10,沪深300;创业板;纳指;黄金;有色ETF;半导体ETF;军工ETF;证券ETF;酒ETF;创新药ETF,沪深300;创业板;纳指;黄金,有色ETF;半导体ETF;军工ETF;证券ETF;酒ETF;创新药ETF
2025-10-22,2752768.3749566544,2663524.5190957915,89243.85586086288,0.5776076705408945,False,normal,-0.01873280722706198,10,沪深300;创业板;纳指;黄金;有色ETF;半导体ETF;军工ETF;证券ETF;酒ETF;创新药ETF,沪深300;创业板;纳指;黄金,有色ETF;半导体ETF;军工ETF;证券ETF;酒ETF;创新药ETF
2025-10-23,2749634.12110723,2683492.232891666,66141.88821556419,0.592177627182593,False,normal,-0.01985006086316237,10,沪深300;创业板;纳指;黄金;有色ETF;半导体ETF;证券ETF;军工ETF;酒ETF;创新药ETF,沪深300;创业板;纳指;黄金,有色ETF;半导体ETF;证券ETF;军工ETF;酒ETF;创新药ETF
2025-10-24,2786553.243552675,2718409.9760115086,68143.2675411664,0.5934417233416773,False,normal,-0.006689664234349505,10,沪深300;创业板;纳指;黄金;有色ETF;半导体ETF;证券ETF;军工ETF;酒ETF;创新药ETF,沪深300;创业板;纳指;黄金,有色ETF;半导体ETF;证券ETF;军工ETF;酒ETF;创新药ETF
2025-10-27,2824798.391315112,2758734.426647558,66063.96466755401,0.5944782928424549,False,normal,0.0,10,沪深300;创业板;纳指;黄金;有色ETF;半导体ETF;证券ETF;军工ETF;酒ETF;创新药ETF,沪深300;创业板;纳指;黄金,有色ETF;半导体ETF;证券ETF;军工ETF;酒ETF;创新药ETF
2025-10-28,2799102.9653949873,2799102.9653949863,9.313225746154785e-10,0.5842699833001743,False,normal,-0.009096375160480702,10,沪深300;创业板;纳指;黄金;有色ETF;半导体ETF;证券ETF;军工ETF;酒ETF;创新药ETF,沪深300;创业板;纳指;黄金,有色ETF;半导体ETF;证券ETF;军工ETF;酒ETF;创新药ETF
2025-10-29,2846446.4032009463,2846446.4032009454,9.313225746154785e-10,0.5699970901963418,False,normal,0.0,10,沪深300;创业板;纳指;黄金;有色ETF;半导体ETF;证券ETF;军工ETF;酒ETF;创新药ETF,沪深300;创业板;纳指;黄金,有色ETF;半导体ETF;证券ETF;军工ETF;酒ETF;创新药ETF
2025-10-30,2819382.1434128094,2819382.1434128094,0.0,0.5678619771889646,False,normal,-0.009508086910648328,10,沪深300;创业板;纳指;黄金;有色ETF;半导体ETF;证券ETF;军工ETF;酒ETF;创新药ETF,沪深300;创业板;纳指;黄金,有色ETF;半导体ETF;证券ETF;军工ETF;酒ETF;创新药ETF
2025-10-31,2800927.823236325,2800927.8232363244,4.656612873077393e-10,0.5715122845207965,False,normal,-0.015991370824138457,10,沪深300;创业板;纳指;黄金;有色ETF;半导体ETF;证券ETF;酒ETF;军工ETF;创新药ETF,沪深300;创业板;纳指;黄金,有色ETF;半导体ETF;证券ETF;酒ETF;军工ETF;创新药ETF
2025-11-03,2798091.335823871,2798091.335823871,0.0,0.588853168706927,False,normal,-0.016987872078918408,10,沪深300;创业板;纳指;黄金;有色ETF;半导体ETF;军工ETF;酒ETF;证券ETF;创新药ETF,沪深300;创业板;纳指;黄金,有色ETF;半导体ETF;军工ETF;酒ETF;证券ETF;创新药ETF
2025-11-04,2759186.6209335565,2759186.6209335555,9.313225746154785e-10,0.5719306448813614,False,normal,-0.030655691310141165,10,沪深300;创业板;纳指;黄金;有色ETF;证券ETF;酒ETF;半导体ETF;军工ETF;创新药ETF,沪深300;创业板;纳指;黄金,有色ETF;证券ETF;酒ETF;半导体ETF;军工ETF;创新药ETF
2025-11-05,2753388.694660185,2753388.6946601854,-4.656612873077393e-10,0.5883277460383054,False,normal,-0.032692591167750126,10,沪深300;创业板;纳指;黄金;有色ETF;酒ETF;证券ETF;半导体ETF;军工ETF;创新药ETF,沪深300;创业板;纳指;黄金,有色ETF;酒ETF;证券ETF;半导体ETF;军工ETF;创新药ETF
2025-11-06,2795170.7555228695,2795170.7555228686,9.313225746154785e-10,0.5808002445132846,False,normal,-0.01801391644698287,10,沪深300;创业板;纳指;黄金;有色ETF;半导体ETF;酒ETF;证券ETF;军工ETF;创新药ETF,沪深300;创业板;纳指;黄金,有色ETF;半导体ETF;酒ETF;证券ETF;军工ETF;创新药ETF
2025-11-07,2782795.939493206,2782795.939493206,0.0,0.5936281986671839,False,normal,-0.022361377904801878,10,沪深300;创业板;纳指;黄金;有色ETF;酒ETF;证券ETF;半导体ETF;创新药ETF;军工ETF,沪深300;创业板;纳指;黄金,有色ETF;酒ETF;证券ETF;半导体ETF;创新药ETF;军工ETF
2025-11-10,2803589.373005434,2803589.3730054335,4.656612873077393e-10,0.6092954495964468,False,normal,-0.015056327829435976,10,沪深300;创业板;纳指;黄金;有色ETF;半导体ETF;酒ETF;证券ETF;创新药ETF;军工ETF,沪深300;创业板;纳指;黄金,有色ETF;半导体ETF;酒ETF;证券ETF;创新药ETF;军工ETF
2025-11-11,2792857.37432499,2792857.374324991,-9.313225746154785e-10,0.62648096372788,False,normal,-0.018826642516680883,10,沪深300;创业板;纳指;黄金;有色ETF;酒ETF;半导体ETF;证券ETF;创新药ETF;军工ETF,沪深300;创业板;纳指;黄金,有色ETF;酒ETF;半导体ETF;证券ETF;创新药ETF;军工ETF
2025-11-12,2792648.4451420144,2792648.4451420144,0.0,0.6459427013751194,False,normal,-0.01890004252264643,10,沪深300;创业板;纳指;黄金;有色ETF;酒ETF;半导体ETF;证券ETF;创新药ETF;军工ETF,沪深300;创业板;纳指;黄金,有色ETF;酒ETF;半导体ETF;证券ETF;创新药ETF;军工ETF
2025-11-13,2831235.409247905,2831235.4092479046,4.656612873077393e-10,0.6431600861206698,False,normal,-0.005343853984370082,10,沪深300;创业板;纳指;黄金;有色ETF;半导体ETF;酒ETF;创新药ETF;证券ETF;军工ETF,沪深300;创业板;纳指;黄金,有色ETF;半导体ETF;酒ETF;创新药ETF;证券ETF;军工ETF
2025-11-14,2780341.4996570484,2780341.499657049,-4.656612873077393e-10,0.5812152660122928,False,normal,-0.023223660023796767,10,沪深300;创业板;纳指;黄金;有色ETF;半导体ETF;酒ETF;创新药ETF;证券ETF;军工ETF,沪深300;创业板;纳指;黄金,有色ETF;半导体ETF;酒ETF;创新药ETF;证券ETF;军工ETF
2025-11-17,2757229.8330165735,2757229.833016573,4.656612873077393e-10,0.581195513913006,False,normal,-0.03134314072593994,10,沪深300;创业板;纳指;黄金;有色ETF;酒ETF;半导体ETF;军工ETF;创新药ETF;证券ETF,沪深300;创业板;纳指;黄金,有色ETF;酒ETF;半导体ETF;军工ETF;创新药ETF;证券ETF
2025-11-18,2721443.766641283,2721443.7666412825,4.656612873077393e-10,0.6222860255007678,False,normal,-0.04391533120704213,9,沪深300;纳指;黄金;有色ETF;酒ETF;半导体ETF;军工ETF;证券ETF;创新药ETF,沪深300;纳指;黄金,有色ETF;酒ETF;半导体ETF;军工ETF;证券ETF;创新药ETF
2025-11-19,2734719.7447515465,2815111.93164992,-80392.18689837353,0.6333804354057326,False,normal,-0.039251277777005926,9,沪深300;纳指;黄金;有色ETF;半导体ETF;酒ETF;军工ETF;证券ETF;创新药ETF,沪深300;纳指;黄金,有色ETF;半导体ETF;酒ETF;军工ETF;证券ETF;创新药ETF
2025-11-20,2747013.2991004298,2848817.770190802,-101804.47109037219,0.6363845135265079,False,normal,-0.03493236478603634,9,沪深300;纳指;黄金;有色ETF;酒ETF;证券ETF;创新药ETF;半导体ETF;军工ETF,沪深300;纳指;黄金,有色ETF;酒ETF;证券ETF;创新药ETF;半导体ETF;军工ETF
2025-11-21,2678444.8365995483,2678444.836599548,4.656612873077393e-10,0.4924455400327922,False,normal,-0.05902151061494545,8,纳指;黄金;有色ETF;酒ETF;创新药ETF;军工ETF;证券ETF;半导体ETF,纳指;黄金,有色ETF;酒ETF;创新药ETF;军工ETF;证券ETF;半导体ETF
2025-11-24,2692307.445221399,2692307.445221398,9.313225746154785e-10,0.5062864231474546,False,normal,-0.05415136494620511,8,纳指;黄金;有色ETF;酒ETF;军工ETF;创新药ETF;证券ETF;半导体ETF,纳指;黄金,有色ETF;酒ETF;军工ETF;创新药ETF;证券ETF;半导体ETF
2025-11-25,2734559.2882637745,2734559.288263775,-4.656612873077393e-10,0.7310961347248123,False,normal,-0.03930764858644453,9,纳指;黄金;国债ETF;有色ETF;酒ETF;创新药ETF;军工ETF;半导体ETF;证券ETF,纳指;黄金;国债ETF,有色ETF;酒ETF;创新药ETF;军工ETF;半导体ETF;证券ETF
2025-11-26,2744937.640000225,2744937.6400002255,-4.656612873077393e-10,0.7487257639030109,False,normal,-0.035661575460043955,9,纳指;黄金;国债ETF;有色ETF;酒ETF;创新药ETF;军工ETF;半导体ETF;证券ETF,纳指;黄金;国债ETF,有色ETF;酒ETF;创新药ETF;军工ETF;半导体ETF;证券ETF
2025-11-27,2743725.2871796754,2743725.2871796754,0.0,0.7716542499734362,False,normal,-0.036087493481611575,9,纳指;黄金;国债ETF;有色ETF;酒ETF;创新药ETF;军工ETF;半导体ETF;证券ETF,纳指;黄金;国债ETF,有色ETF;酒ETF;创新药ETF;军工ETF;半导体ETF;证券ETF
2025-11-28,2760299.5507248314,2760299.550724831,4.656612873077393e-10,0.7888481592208352,False,normal,-0.030264702113919725,9,纳指;黄金;国债ETF;有色ETF;酒ETF;半导体ETF;军工ETF;创新药ETF;证券ETF,纳指;黄金;国债ETF,有色ETF;酒ETF;半导体ETF;军工ETF;创新药ETF;证券ETF
2025-12-01,2773957.5491807135,2773957.5491807135,0.0,0.8130751288674887,False,normal,-0.025466439114650498,9,纳指;黄金;国债ETF;有色ETF;半导体ETF;酒ETF;军工ETF;创新药ETF;证券ETF,纳指;黄金;国债ETF,有色ETF;半导体ETF;酒ETF;军工ETF;创新药ETF;证券ETF
2025-12-02,2762308.0396010084,2830488.8869867744,-68180.84738576598,0.8362352763331181,False,normal,-0.029559089363256873,9,纳指;黄金;国债ETF;有色ETF;半导体ETF;酒ETF;军工ETF;创新药ETF;证券ETF,纳指;黄金;国债ETF,有色ETF;半导体ETF;酒ETF;军工ETF;创新药ETF;证券ETF
2025-12-03,2763431.3149213335,2852507.5886825137,-89076.27376118023,0.859338252752133,False,normal,-0.02916446562501895,9,纳指;黄金;国债ETF;有色ETF;军工ETF;酒ETF;半导体ETF;创新药ETF;证券ETF,纳指;黄金;国债ETF,有色ETF;军工ETF;酒ETF;半导体ETF;创新药ETF;证券ETF
2025-12-04,2764169.334498696,2876437.741032066,-112268.4065333698,1.0,False,normal,-0.028905188100406983,9,纳指;黄金;国债ETF;有色ETF;半导体ETF;军工ETF;创新药ETF;酒ETF;证券ETF,纳指;黄金;国债ETF,有色ETF;半导体ETF;军工ETF;创新药ETF;酒ETF;证券ETF
2025-12-05,2781333.5113367047,2881281.658401237,-99948.14706453215,0.7805108614497144,False,normal,-0.022875151202924264,11,沪深300;创业板;纳指;黄金;国债ETF;有色ETF;军工ETF;半导体ETF;证券ETF;创新药ETF;酒ETF,沪深300;创业板;纳指;黄金;国债ETF,有色ETF;军工ETF;半导体ETF;证券ETF;创新药ETF;酒ETF
2025-12-08,2799412.182986975,2912275.1772500584,-112862.99426308321,0.7989921152930803,False,normal,-0.01652383834140674,11,沪深300;创业板;纳指;黄金;国债ETF;有色ETF;半导体ETF;军工ETF;证券ETF;创新药ETF;酒ETF,沪深300;创业板;纳指;黄金;国债ETF,有色ETF;半导体ETF;军工ETF;证券ETF;创新药ETF;酒ETF
2025-12-09,2781297.4669005964,2890630.5100121163,-109333.04311151989,0.7504456766751424,False,normal,-0.022887814162630016,10,沪深300;创业板;纳指;国债ETF;有色ETF;半导体ETF;军工ETF;证券ETF;创新药ETF;酒ETF,沪深300;创业板;纳指;国债ETF,有色ETF;半导体ETF;军工ETF;证券ETF;创新药ETF;酒ETF
2025-12-10,2790335.7513317666,2922809.5590935377,-132473.80776177114,0.7487099480386387,False,normal,-0.019712527102593937,9,创业板;纳指;国债ETF;军工ETF;有色ETF;半导体ETF;证券ETF;创新药ETF;酒ETF,创业板;纳指;国债ETF,军工ETF;有色ETF;半导体ETF;证券ETF;创新药ETF;酒ETF
2025-12-11,2764667.083578064,2908890.250160484,-144223.16658242,0.7666960841086442,False,normal,-0.028730321263354182,10,沪深300;创业板;纳指;国债ETF;有色ETF;军工ETF;半导体ETF;证券ETF;创新药ETF;酒ETF,沪深300;创业板;纳指;国债ETF,有色ETF;军工ETF;半导体ETF;证券ETF;创新药ETF;酒ETF
2025-12-12,2779947.991290231,2938319.1430086424,-158371.1517184116,0.7863386920070786,False,normal,-0.023361905509949286,10,沪深300;创业板;纳指;国债ETF;有色ETF;半导体ETF;军工ETF;证券ETF;创新药ETF;酒ETF,沪深300;创业板;纳指;国债ETF,有色ETF;半导体ETF;军工ETF;证券ETF;创新药ETF;酒ETF
2025-12-15,2759606.9400802013,2942457.168199423,-182850.22811922152,0.7530856650254742,False,normal,-0.030508026788451197,9,创业板;纳指;国债ETF;有色ETF;军工ETF;半导体ETF;证券ETF;创新药ETF;酒ETF,创业板;纳指;国债ETF,有色ETF;军工ETF;半导体ETF;证券ETF;创新药ETF;酒ETF
2025-12-16,2723105.4138703793,2882559.1101921974,-159453.69632181805,0.8682079434713132,False,normal,-0.0433315692127085,9,创业板;黄金;国债ETF;军工ETF;有色ETF;半导体ETF;证券ETF;酒ETF;创新药ETF,创业板;黄金;国债ETF,军工ETF;有色ETF;半导体ETF;证券ETF;酒ETF;创新药ETF
2025-12-17,2764127.6317671672,2897477.740050496,-133350.10828332882,0.7769475183664947,False,normal,-0.02891983890552381,10,创业板;纳指;黄金;国债ETF;有色ETF;军工ETF;半导体ETF;证券ETF;创新药ETF;酒ETF,创业板;纳指;黄金;国债ETF,有色ETF;军工ETF;半导体ETF;证券ETF;创新药ETF;酒ETF
2025-12-18,2746026.3376729675,2907039.205919773,-161012.8682468054,1.0,False,normal,-0.035279099376349515,8,黄金;国债ETF;有色ETF;军工ETF;半导体ETF;证券ETF;创新药ETF;酒ETF,黄金;国债ETF,有色ETF;军工ETF;半导体ETF;证券ETF;创新药ETF;酒ETF
2025-12-19,2754835.541504492,2925129.630135695,-170294.08863120293,1.0,False,normal,-0.032184291822053644,8,黄金;国债ETF;有色ETF;军工ETF;半导体ETF;证券ETF;创新药ETF;酒ETF,黄金;国债ETF,有色ETF;军工ETF;半导体ETF;证券ETF;创新药ETF;酒ETF
2025-12-22,2783661.3624379956,2967544.027630978,-183882.66519298218,1.0,False,normal,-0.02205734163564306,8,黄金;国债ETF;有色ETF;军工ETF;半导体ETF;证券ETF;创新药ETF;酒ETF,黄金;国债ETF,有色ETF;军工ETF;半导体ETF;证券ETF;创新药ETF;酒ETF
2025-12-23,2796538.348740382,3011323.266025466,-214784.9172850838,1.0,False,normal,-0.01753346010816873,8,黄金;国债ETF;有色ETF;军工ETF;半导体ETF;证券ETF;创新药ETF;酒ETF,黄金;国债ETF,有色ETF;军工ETF;半导体ETF;证券ETF;创新药ETF;酒ETF
2025-12-24,2806162.822341605,3032165.8061793577,-226002.9838377526,1.0,False,normal,-0.014152235859435347,8,黄金;国债ETF;有色ETF;军工ETF;半导体ETF;证券ETF;创新药ETF;酒ETF,黄金;国债ETF,有色ETF;军工ETF;半导体ETF;证券ETF;创新药ETF;酒ETF
2025-12-25,2804321.9033468757,3056728.763327498,-252406.8599806223,0.8586126660480571,False,normal,-0.01479897875705647,10,沪深300;创业板;黄金;国债ETF;有色ETF;军工ETF;证券ETF;半导体ETF;酒ETF;创新药ETF,沪深300;创业板;黄金;国债ETF,有色ETF;军工ETF;证券ETF;半导体ETF;酒ETF;创新药ETF
2025-12-26,2817125.2390623037,3093477.499498837,-276352.2604365335,0.6625210596199721,False,normal,-0.010300971803182294,9,沪深300;创业板;黄金;有色ETF;军工ETF;证券ETF;半导体ETF;创新药ETF;酒ETF,沪深300;创业板;黄金,有色ETF;军工ETF;证券ETF;半导体ETF;创新药ETF;酒ETF
2025-12-29,2796529.4015530385,3078913.023290182,-282383.6217371435,0.666500823442985,False,normal,-0.01753660339143363,9,沪深300;创业板;黄金;军工ETF;有色ETF;半导体ETF;证券ETF;创新药ETF;酒ETF,沪深300;创业板;黄金,军工ETF;有色ETF;半导体ETF;证券ETF;创新药ETF;酒ETF
2025-12-30,2790673.32486308,3107624.018707813,-316950.6938447333,0.7028859769336174,False,normal,-0.019593932376575657,10,沪深300;创业板;纳指;黄金;军工ETF;有色ETF;半导体ETF;证券ETF;酒ETF;创新药ETF,沪深300;创业板;纳指;黄金,军工ETF;有色ETF;半导体ETF;证券ETF;酒ETF;创新药ETF
2025-12-31,2776093.4428419136,3126434.680193386,-350341.2373514725,0.5494448945197798,False,normal,-0.024716067121417752,7,黄金;军工ETF;有色ETF;证券ETF;半导体ETF;酒ETF;创新药ETF,黄金,军工ETF;有色ETF;证券ETF;半导体ETF;酒ETF;创新药ETF
2026-01-05,2851817.62810244,2986651.270115098,-134833.64201265806,0.6374850710907181,False,normal,0.0,10,沪深300;创业板;纳指;黄金;军工ETF;有色ETF;半导体ETF;证券ETF;创新药ETF;酒ETF,沪深300;创业板;纳指;黄金,军工ETF;有色ETF;半导体ETF;证券ETF;创新药ETF;酒ETF
2026-01-06,2890044.889076181,2890044.889076182,-9.313225746154785e-10,0.6129874172596106,False,normal,0.0,9,沪深300;创业板;黄金;军工ETF;有色ETF;半导体ETF;证券ETF;创新药ETF;酒ETF,沪深300;创业板;黄金,军工ETF;有色ETF;半导体ETF;证券ETF;创新药ETF;酒ETF
2026-01-07,2887261.163645194,2983845.2475599884,-96584.0839147945,0.6277933309140958,False,normal,-0.0009632118315910113,9,沪深300;创业板;黄金;有色ETF;军工ETF;半导体ETF;证券ETF;创新药ETF;酒ETF,沪深300;创业板;黄金,有色ETF;军工ETF;半导体ETF;证券ETF;创新药ETF;酒ETF
2026-01-08,2876909.6592088183,2999600.7374260575,-122691.07821723912,0.6369439327302324,False,normal,-0.004544991642521383,9,沪深300;创业板;黄金;军工ETF;有色ETF;半导体ETF;证券ETF;创新药ETF;酒ETF,沪深300;创业板;黄金,军工ETF;有色ETF;半导体ETF;证券ETF;创新药ETF;酒ETF
2026-01-09,2907711.1920322473,3024127.295239193,-116416.10320694558,0.651417360487083,False,normal,0.0,9,沪深300;创业板;黄金;军工ETF;有色ETF;半导体ETF;证券ETF;创新药ETF;酒ETF,沪深300;创业板;黄金,军工ETF;有色ETF;半导体ETF;证券ETF;创新药ETF;酒ETF
2026-01-12,2957261.2142988727,3047456.7488583415,-90195.53455946874,0.6434783531395419,False,normal,0.0,9,沪深300;创业板;黄金;军工ETF;有色ETF;半导体ETF;证券ETF;创新药ETF;酒ETF,沪深300;创业板;黄金,军工ETF;有色ETF;半导体ETF;证券ETF;创新药ETF;酒ETF
2026-01-13,2926116.9538340447,2926116.9538340443,4.656612873077393e-10,0.7134812149183498,False,normal,-0.010531454006916966,10,沪深300;创业板;纳指;黄金;军工ETF;有色ETF;半导体ETF;创新药ETF;证券ETF;酒ETF,沪深300;创业板;纳指;黄金,军工ETF;有色ETF;半导体ETF;创新药ETF;证券ETF;酒ETF
2026-01-14,2932075.63287338,2932075.6328733806,-4.656612873077393e-10,0.735468115472873,False,normal,-0.008516522417335332,10,沪深300;创业板;纳指;黄金;军工ETF;有色ETF;半导体ETF;创新药ETF;证券ETF;酒ETF,沪深300;创业板;纳指;黄金,军工ETF;有色ETF;半导体ETF;创新药ETF;证券ETF;酒ETF
2026-01-15,2927763.516604997,2927763.5166049963,9.313225746154785e-10,0.7570401343093324,False,normal,-0.009974667625317988,10,沪深300;创业板;纳指;黄金;有色ETF;军工ETF;半导体ETF;创新药ETF;证券ETF;酒ETF,沪深300;创业板;纳指;黄金,有色ETF;军工ETF;半导体ETF;创新药ETF;证券ETF;酒ETF
2026-01-16,2923991.8332476807,3005532.407911172,-81540.57466349145,0.7000286987397164,False,normal,-0.011250065056927949,9,沪深300;创业板;黄金;有色ETF;军工ETF;半导体ETF;创新药ETF;证券ETF;酒ETF,沪深300;创业板;黄金,有色ETF;军工ETF;半导体ETF;创新药ETF;证券ETF;酒ETF
2026-01-19,2911790.362481953,3021083.353997535,-109292.99151558196,0.7783037210540578,False,normal,-0.015376001144931043,10,沪深300;创业板;纳指;黄金;有色ETF;军工ETF;半导体ETF;创新药ETF;证券ETF;酒ETF,沪深300;创业板;纳指;黄金,有色ETF;军工ETF;半导体ETF;创新药ETF;证券ETF;酒ETF
2026-01-20,2896860.7942192988,3017330.6073912964,-120469.81317199767,0.7921056985648792,False,normal,-0.020424445357592167,10,沪深300;创业板;纳指;黄金;有色ETF;军工ETF;半导体ETF;创新药ETF;证券ETF;酒ETF,沪深300;创业板;纳指;黄金,有色ETF;军工ETF;半导体ETF;创新药ETF;证券ETF;酒ETF
2026-01-21,2923004.8783110552,3068006.649158598,-145001.77084754268,0.7100782557110935,False,normal,-0.011583804576404056,9,沪深300;创业板;黄金;有色ETF;军工ETF;半导体ETF;创新药ETF;证券ETF;酒ETF,沪深300;创业板;黄金,有色ETF;军工ETF;半导体ETF;创新药ETF;证券ETF;酒ETF
2026-01-22,2927998.9909232934,3104224.3673166162,-176225.37639332283,0.7323747863394641,False,normal,-0.009895041815748774,9,沪深300;创业板;黄金;有色ETF;军工ETF;半导体ETF;创新药ETF;证券ETF;酒ETF,沪深300;创业板;黄金,有色ETF;军工ETF;半导体ETF;创新药ETF;证券ETF;酒ETF
2026-01-23,2958300.537777428,3153041.9143495816,-194741.37657215353,0.7386802847965874,False,normal,0.0,9,沪深300;创业板;黄金;有色ETF;军工ETF;半导体ETF;创新药ETF;证券ETF;酒ETF,沪深300;创业板;黄金,有色ETF;军工ETF;半导体ETF;创新药ETF;证券ETF;酒ETF
2026-01-26,2971718.423925828,3195173.225221807,-223454.80129597895,0.7554460553833363,False,normal,0.0,9,沪深300;创业板;黄金;有色ETF;军工ETF;半导体ETF;创新药ETF;证券ETF;酒ETF,沪深300;创业板;黄金,有色ETF;军工ETF;半导体ETF;创新药ETF;证券ETF;酒ETF
2026-01-27,2974672.207860736,3225988.7932799486,-251316.58541921247,0.7791700041147959,False,normal,0.0,9,沪深300;创业板;黄金;有色ETF;半导体ETF;军工ETF;创新药ETF;证券ETF;酒ETF,沪深300;创业板;黄金,有色ETF;半导体ETF;军工ETF;创新药ETF;证券ETF;酒ETF
2026-01-28,3004695.5144451037,3282192.5610824306,-277497.04663732694,0.7867709722041084,False,normal,0.0,9,沪深300;创业板;黄金;有色ETF;半导体ETF;军工ETF;创新药ETF;证券ETF;酒ETF,沪深300;创业板;黄金,有色ETF;半导体ETF;军工ETF;创新药ETF;证券ETF;酒ETF
2026-01-29,3061700.947324332,3351616.9514217405,-289916.0040974086,0.7246160161870123,False,normal,0.0,9,沪深300;创业板;黄金;有色ETF;半导体ETF;军工ETF;酒ETF;创新药ETF;证券ETF,沪深300;创业板;黄金,有色ETF;半导体ETF;军工ETF;酒ETF;创新药ETF;证券ETF
2026-01-30,2972300.8295412697,2972300.8295412706,-9.313225746154785e-10,0.7636630933518043,False,normal,-0.029199493785044654,10,沪深300;创业板;黄金;国债ETF;有色ETF;半导体ETF;军工ETF;酒ETF;证券ETF;创新药ETF,沪深300;创业板;黄金;国债ETF,有色ETF;半导体ETF;军工ETF;酒ETF;证券ETF;创新药ETF
2026-02-02,2865245.472590033,2739014.581532061,126230.89105797186,0.299931950087783,False,normal,-0.06416546818721286,8,创业板;黄金;有色ETF;半导体ETF;军工ETF;酒ETF;创新药ETF;证券ETF,创业板;黄金,有色ETF;半导体ETF;军工ETF;酒ETF;创新药ETF;证券ETF
2026-02-03,2953211.070263443,2792926.133204694,160284.93705874914,0.42882443415331506,False,normal,-0.03543451138025083,9,创业板;黄金;国债ETF;有色ETF;军工ETF;半导体ETF;酒ETF;创新药ETF;证券ETF,创业板;黄金;国债ETF,有色ETF;军工ETF;半导体ETF;酒ETF;创新药ETF;证券ETF
2026-02-04,2982594.503247887,2842219.8737706617,140374.62947722524,0.29016920686488545,False,normal,-0.025837416990570978,8,创业板;黄金;有色ETF;军工ETF;半导体ETF;酒ETF;证券ETF;创新药ETF,创业板;黄金,有色ETF;军工ETF;半导体ETF;酒ETF;证券ETF;创新药ETF
2026-02-05,2923031.8760659737,2795718.1405602107,127313.73550576298,0.2856639433434981,False,normal,-0.04529151398001273,8,创业板;黄金;有色ETF;半导体ETF;酒ETF;军工ETF;证券ETF;创新药ETF,创业板;黄金,有色ETF;半导体ETF;酒ETF;军工ETF;证券ETF;创新药ETF
2026-02-06,2897943.7309472626,2787858.7976700286,110084.93327723397,0.2927435306178714,False,normal,-0.05348569935289703,8,创业板;黄金;有色ETF;半导体ETF;酒ETF;军工ETF;证券ETF;创新药ETF,创业板;黄金,有色ETF;半导体ETF;酒ETF;军工ETF;证券ETF;创新药ETF
2026-02-09,2973004.5537344785,2861711.935637331,111292.61809714744,0.47430720468457427,False,normal,-0.028969646322697346,10,沪深300;创业板;黄金;国债ETF;有色ETF;半导体ETF;军工ETF;酒ETF;证券ETF;创新药ETF,沪深300;创业板;黄金;国债ETF,有色ETF;半导体ETF;军工ETF;酒ETF;证券ETF;创新药ETF
2026-02-10,2969974.471595638,2883296.794367834,86677.67722780397,0.48860255329856717,False,normal,-0.029959319119280764,10,沪深300;创业板;黄金;国债ETF;有色ETF;半导体ETF;军工ETF;酒ETF;证券ETF;创新药ETF,沪深300;创业板;黄金;国债ETF,有色ETF;半导体ETF;军工ETF;酒ETF;证券ETF;创新药ETF
2026-02-11,2968107.827527627,2968107.8275276264,4.656612873077393e-10,0.5035326495137666,False,normal,-0.030568994623233026,10,沪深300;创业板;黄金;国债ETF;有色ETF;军工ETF;半导体ETF;酒ETF;证券ETF;创新药ETF,沪深300;创业板;黄金;国债ETF,有色ETF;军工ETF;半导体ETF;酒ETF;证券ETF;创新药ETF
2026-02-12,2976093.979510641,2976093.9795106426,-1.3969838619232178e-09,0.5189090359711297,False,normal,-0.027960590954679593,10,沪深300;创业板;黄金;国债ETF;有色ETF;军工ETF;半导体ETF;酒ETF;证券ETF;创新药ETF,沪深300;创业板;黄金;国债ETF,有色ETF;军工ETF;半导体ETF;酒ETF;证券ETF;创新药ETF
2026-02-13,2946945.1768911635,2946945.1768911635,0.0,0.5217783723786702,False,normal,-0.03748105135266566,10,沪深300;创业板;黄金;国债ETF;有色ETF;军工ETF;半导体ETF;酒ETF;证券ETF;创新药ETF,沪深300;创业板;黄金;国债ETF,有色ETF;军工ETF;半导体ETF;酒ETF;证券ETF;创新药ETF
2026-02-24,2979210.911152111,2979210.911152111,0.0,0.519924375580535,False,normal,-0.02694255173559987,10,沪深300;创业板;黄金;国债ETF;有色ETF;军工ETF;半导体ETF;证券ETF;酒ETF;创新药ETF,沪深300;创业板;黄金;国债ETF,有色ETF;军工ETF;半导体ETF;证券ETF;酒ETF;创新药ETF
2026-02-25,3003006.7909779903,3003006.790977989,1.3969838619232178e-09,0.534109180508041,False,normal,-0.01917044066555074,10,沪深300;创业板;黄金;国债ETF;有色ETF;军工ETF;半导体ETF;酒ETF;证券ETF;创新药ETF,沪深300;创业板;黄金;国债ETF,有色ETF;军工ETF;半导体ETF;酒ETF;证券ETF;创新药ETF
2026-02-26,2994966.4187827455,2994966.4187827446,9.313225746154785e-10,0.3325141444115408,False,normal,-0.021796553513793275,8,创业板;黄金;有色ETF;军工ETF;半导体ETF;酒ETF;证券ETF;创新药ETF,创业板;黄金,有色ETF;军工ETF;半导体ETF;酒ETF;证券ETF;创新药ETF
2026-02-27,2990523.8729125108,2990523.87291251,9.313225746154785e-10,0.34178215118293587,False,normal,-0.023247559326139883,8,创业板;黄金;有色ETF;军工ETF;半导体ETF;酒ETF;证券ETF;创新药ETF,创业板;黄金,有色ETF;军工ETF;半导体ETF;酒ETF;证券ETF;创新药ETF
2026-03-02,3028899.678728457,3109178.6324500768,-80278.95372161968,0.3437717367275124,False,normal,-0.010713413609039876,8,创业板;黄金;军工ETF;有色ETF;半导体ETF;酒ETF;证券ETF;创新药ETF,创业板;黄金,军工ETF;有色ETF;半导体ETF;酒ETF;证券ETF;创新药ETF
2026-03-03,2952828.9007685864,2834980.072936471,117848.82783211535,0.41901670928267387,False,normal,-0.03555933398749816,8,黄金;国债ETF;有色ETF;军工ETF;酒ETF;证券ETF;半导体ETF;创新药ETF,黄金;国债ETF,有色ETF;军工ETF;酒ETF;证券ETF;半导体ETF;创新药ETF
2026-03-04,2921116.0025035404,2821728.7896013777,99387.21290216269,0.420906416913713,False,normal,-0.04591726861620853,8,黄金;国债ETF;军工ETF;有色ETF;酒ETF;证券ETF;半导体ETF;创新药ETF,黄金;国债ETF,军工ETF;有色ETF;酒ETF;证券ETF;半导体ETF;创新药ETF
2026-03-05,2922841.0471602175,2842750.072363591,80090.97479662672,0.4338337243836339,False,normal,-0.04535384172169595,8,黄金;国债ETF;军工ETF;有色ETF;半导体ETF;证券ETF;创新药ETF;酒ETF,黄金;国债ETF,军工ETF;有色ETF;半导体ETF;证券ETF;创新药ETF;酒ETF
2026-03-06,2920863.48374666,2855182.0415396276,65681.44220703235,0.5358168241654698,False,normal,-0.04599974523989744,9,创业板;黄金;国债ETF;军工ETF;有色ETF;半导体ETF;证券ETF;创新药ETF;酒ETF,创业板;黄金;国债ETF,军工ETF;有色ETF;半导体ETF;证券ETF;创新药ETF;酒ETF
2026-03-09,2902520.4904190768,2836939.7559392564,65580.73447982036,0.459537957979297,False,normal,-0.051990857253503275,8,黄金;国债ETF;有色ETF;军工ETF;半导体ETF;创新药ETF;证券ETF;酒ETF,黄金;国债ETF,有色ETF;军工ETF;半导体ETF;创新药ETF;证券ETF;酒ETF
2026-03-10,2922940.1445506895,2846936.8533063405,76003.29124434898,0.47316226284669033,False,normal,-0.045321474945130606,8,黄金;国债ETF;军工ETF;有色ETF;半导体ETF;创新药ETF;证券ETF;酒ETF,黄金;国债ETF,军工ETF;有色ETF;半导体ETF;创新药ETF;证券ETF;酒ETF
2026-03-11,2919476.7996013938,2919476.799601393,9.313225746154785e-10,0.5653783852283296,False,normal,-0.04645265823470773,9,创业板;黄金;国债ETF;有色ETF;军工ETF;半导体ETF;创新药ETF;证券ETF;酒ETF,创业板;黄金;国债ETF,有色ETF;军工ETF;半导体ETF;创新药ETF;证券ETF;酒ETF
2026-03-12,2903954.001077233,2903954.001077234,-9.313225746154785e-10,0.5798140523001498,False,normal,-0.051522649978260115,9,创业板;黄金;国债ETF;有色ETF;军工ETF;半导体ETF;创新药ETF;证券ETF;酒ETF,创业板;黄金;国债ETF,有色ETF;军工ETF;半导体ETF;创新药ETF;证券ETF;酒ETF
2026-03-13,2884274.4780818583,2884274.4780818573,9.313225746154785e-10,0.5138388654690402,False,normal,-0.0579502937403241,8,黄金;国债ETF;有色ETF;军工ETF;半导体ETF;创新药ETF;证券ETF;酒ETF,黄金;国债ETF,有色ETF;军工ETF;半导体ETF;创新药ETF;证券ETF;酒ETF
2026-03-16,2872310.162935885,2872310.1629358865,-1.3969838619232178e-09,0.5246553042747402,False,normal,-0.0618580284772614,8,黄金;国债ETF;有色ETF;军工ETF;半导体ETF;创新药ETF;酒ETF;证券ETF,黄金;国债ETF,有色ETF;军工ETF;半导体ETF;创新药ETF;酒ETF;证券ETF
2026-03-17,2861716.2893734714,2861716.2893734705,9.313225746154785e-10,0.5409730882023475,False,normal,-0.06531815529718216,8,黄金;国债ETF;有色ETF;创新药ETF;军工ETF;酒ETF;半导体ETF;证券ETF,黄金;国债ETF,有色ETF;创新药ETF;军工ETF;酒ETF;半导体ETF;证券ETF
2026-03-18,2863167.2685830086,2863167.2685830086,0.0,0.6301230225071879,False,normal,-0.06484424251650867,9,创业板;黄金;国债ETF;半导体ETF;军工ETF;创新药ETF;有色ETF;酒ETF;证券ETF,创业板;黄金;国债ETF,半导体ETF;军工ETF;创新药ETF;有色ETF;酒ETF;证券ETF
2026-03-19,2803248.834212698,2803248.834212699,-9.313225746154785e-10,0.5161185608066168,False,warning,-0.08441455176655942,8,黄金;国债ETF;半导体ETF;军工ETF;创新药ETF;酒ETF;证券ETF;有色ETF,黄金;国债ETF,半导体ETF;军工ETF;创新药ETF;酒ETF;证券ETF;有色ETF
2026-03-20,2767278.950007019,2767278.9500070186,4.656612873077393e-10,0.5217152711470903,False,warning,-0.09616288539695973,8,黄金;国债ETF;创新药ETF;半导体ETF;军工ETF;酒ETF;有色ETF;证券ETF,黄金;国债ETF,创新药ETF;半导体ETF;军工ETF;酒ETF;有色ETF;证券ETF
2026-03-23,2636193.4280610112,1232231.646488748,1403961.7815722632,0.5,False,halve,-0.13897749211436808,7,国债ETF;半导体ETF;创新药ETF;酒ETF;军工ETF;有色ETF;证券ETF,国债ETF,半导体ETF;创新药ETF;酒ETF;军工ETF;有色ETF;证券ETF
2026-03-24,2642814.886509314,1218358.6567787272,1424456.229730587,0.5,False,halve,-0.13681481895907852,7,国债ETF;半导体ETF;创新药ETF;军工ETF;酒ETF;有色ETF;证券ETF,国债ETF,半导体ETF;创新药ETF;军工ETF;酒ETF;有色ETF;证券ETF
2026-03-25,2644226.5132685206,1214690.1521632029,1429536.3611053177,0.3835497314644028,False,halve,-0.13635375931168217,7,创业板;创新药ETF;半导体ETF;酒ETF;有色ETF;军工ETF;证券ETF,创业板,创新药ETF;半导体ETF;酒ETF;有色ETF;军工ETF;证券ETF
2026-03-26,2626809.951754878,290646.8107014041,2336163.1410534736,0.5,False,halve,-0.14204228402826607,6,创新药ETF;半导体ETF;军工ETF;酒ETF;有色ETF;证券ETF,,创新药ETF;半导体ETF;军工ETF;酒ETF;有色ETF;证券ETF
2026-03-27,2632432.029224747,1205835.379380844,1426596.6498439028,0.5,False,halve,-0.1402060245219997,7,国债ETF;创新药ETF;半导体ETF;有色ETF;酒ETF;军工ETF;证券ETF,国债ETF,创新药ETF;半导体ETF;有色ETF;酒ETF;军工ETF;证券ETF
2026-03-30,2634579.262602687,1213611.342191717,1420967.92041097,0.5,False,halve,-0.13950470410734048,7,国债ETF;创新药ETF;半导体ETF;有色ETF;军工ETF;酒ETF;证券ETF,国债ETF,创新药ETF;半导体ETF;有色ETF;军工ETF;酒ETF;证券ETF
2026-03-31,2631858.287440002,1219708.177710297,1412150.109729705,0.5,False,halve,-0.14039341767195654,7,国债ETF;创新药ETF;有色ETF;半导体ETF;酒ETF;军工ETF;证券ETF,国债ETF,创新药ETF;有色ETF;半导体ETF;酒ETF;军工ETF;证券ETF
2026-04-01,2637747.7722658883,1212711.2521814967,1425036.5200843916,0.5,False,halve,-0.13846981868981778,7,国债ETF;创新药ETF;有色ETF;半导体ETF;酒ETF;军工ETF;证券ETF,国债ETF,创新药ETF;有色ETF;半导体ETF;酒ETF;军工ETF;证券ETF
2026-04-02,2633990.0662424164,293871.7406875637,2340118.325554853,0.5,False,halve,-0.13969714496632948,6,创新药ETF;有色ETF;酒ETF;半导体ETF;军工ETF;证券ETF,,创新药ETF;有色ETF;酒ETF;半导体ETF;军工ETF;证券ETF
2026-04-03,2630986.298777707,1221637.6287847676,1409348.6699929393,0.5,False,halve,-0.14067822297374705,7,国债ETF;创新药ETF;有色ETF;酒ETF;半导体ETF;军工ETF;证券ETF,国债ETF,创新药ETF;有色ETF;酒ETF;半导体ETF;军工ETF;证券ETF
2026-04-07,2631630.478886375,1230430.6133940297,1401199.8654923455,0.5,False,halve,-0.14046782355206897,7,国债ETF;创新药ETF;有色ETF;酒ETF;半导体ETF;军工ETF;证券ETF,国债ETF,创新药ETF;有色ETF;酒ETF;半导体ETF;军工ETF;证券ETF
2026-04-08,2643929.942600542,1193927.3425947048,1450002.6000058374,0.2986940617365342,False,halve,-0.13645062398693322,7,创业板;创新药ETF;半导体ETF;有色ETF;酒ETF;军工ETF;证券ETF,创业板,创新药ETF;半导体ETF;有色ETF;酒ETF;军工ETF;证券ETF
2026-04-09,2634098.443026985,1195054.8539072322,1439043.5891197529,0.3063221468466344,False,halve,-0.1396617473927476,7,创业板;创新药ETF;半导体ETF;有色ETF;酒ETF;军工ETF;证券ETF,创业板,创新药ETF;半导体ETF;有色ETF;酒ETF;军工ETF;证券ETF
2026-04-10,2669844.812672546,1216092.0266637588,1453752.7860087873,0.2935026950935051,False,halve,-0.12798641715620035,7,创业板;创新药ETF;半导体ETF;有色ETF;酒ETF;军工ETF;证券ETF,创业板,创新药ETF;半导体ETF;有色ETF;酒ETF;军工ETF;证券ETF
2026-04-13,2678684.413322687,1228949.8817925209,1449734.5315301663,0.38348786196126455,False,halve,-0.12509926364178997,8,沪深300;创业板;创新药ETF;有色ETF;半导体ETF;证券ETF;酒ETF;军工ETF,沪深300;创业板,创新药ETF;有色ETF;半导体ETF;证券ETF;酒ETF;军工ETF
2026-04-14,2699836.219367967,2485122.7484524064,214713.4709155606,0.3034308234420357,False,warning,-0.1181907489275215,7,创业板;半导体ETF;创新药ETF;有色ETF;军工ETF;证券ETF;酒ETF,创业板,半导体ETF;创新药ETF;有色ETF;军工ETF;证券ETF;酒ETF
2026-04-15,2677955.026198994,1241494.8835607942,1436460.1426381997,0.344582734513866,False,halve,-0.1253374930235102,8,创业板;纳指;创新药ETF;半导体ETF;有色ETF;军工ETF;酒ETF;证券ETF,创业板;纳指,创新药ETF;半导体ETF;有色ETF;军工ETF;酒ETF;证券ETF
2026-04-16,2706740.65201654,2524017.169702356,182723.48231418384,0.38743345732829504,False,warning,-0.11593565191858372,9,沪深300;创业板;纳指;有色ETF;半导体ETF;创新药ETF;军工ETF;酒ETF;证券ETF,沪深300;创业板;纳指,有色ETF;半导体ETF;创新药ETF;军工ETF;酒ETF;证券ETF
2026-04-17,2705466.2494144696,2539199.5313598416,166266.718054628,0.3992745582685656,False,warning,-0.11635189198382727,9,沪深300;创业板;纳指;有色ETF;半导体ETF;创新药ETF;军工ETF;证券ETF;酒ETF,沪深300;创业板;纳指,有色ETF;半导体ETF;创新药ETF;军工ETF;证券ETF;酒ETF
2026-04-20,2712797.618558453,2564046.1308663096,148751.4876921433,0.4116270223373344,False,warning,-0.11395735075654302,9,沪深300;创业板;纳指;有色ETF;半导体ETF;军工ETF;创新药ETF;证券ETF;酒ETF,沪深300;创业板;纳指,有色ETF;半导体ETF;军工ETF;创新药ETF;证券ETF;酒ETF
2026-04-21,2712150.314125933,2579108.2579563754,133042.05616955785,0.4244265932153195,False,warning,-0.11416877063185298,9,沪深300;创业板;纳指;有色ETF;半导体ETF;创新药ETF;军工ETF;证券ETF;酒ETF,沪深300;创业板;纳指,有色ETF;半导体ETF;创新药ETF;军工ETF;证券ETF;酒ETF
2026-04-22,2736086.8050227123,2620013.150717124,116073.65430558845,0.5818863431133332,False,warning,-0.10635073375999664,10,沪深300;创业板;纳指;国债ETF;半导体ETF;有色ETF;创新药ETF;军工ETF;证券ETF;酒ETF,沪深300;创业板;纳指;国债ETF,半导体ETF;有色ETF;创新药ETF;军工ETF;证券ETF;酒ETF
2026-04-23,2727039.9214329156,2622391.5146323973,104648.40680051828,0.5974445753220549,False,warning,-0.10930558916405005,10,沪深300;创业板;纳指;国债ETF;军工ETF;半导体ETF;创新药ETF;有色ETF;酒ETF;证券ETF,沪深300;创业板;纳指;国债ETF,军工ETF;半导体ETF;创新药ETF;有色ETF;酒ETF;证券ETF
2026-04-24,2718821.1877994407,2636773.9098906745,82047.27790876618,0.6084509327833502,False,warning,-0.11198995768170601,10,沪深300;创业板;纳指;国债ETF;半导体ETF;有色ETF;创新药ETF;军工ETF;酒ETF;证券ETF,沪深300;创业板;纳指;国债ETF,半导体ETF;有色ETF;创新药ETF;军工ETF;酒ETF;证券ETF
2026-04-27,2726755.4335092697,2667127.105854429,59628.32765484089,0.469060775210684,False,warning,-0.10939850742371694,9,沪深300;创业板;纳指;半导体ETF;创新药ETF;有色ETF;军工ETF;酒ETF;证券ETF,沪深300;创业板;纳指,半导体ETF;创新药ETF;有色ETF;军工ETF;酒ETF;证券ETF
2026-04-28,2718997.8207089426,2718997.8207089417,9.313225746154785e-10,0.644346145330099,False,warning,-0.11193226657714002,10,沪深300;创业板;纳指;国债ETF;半导体ETF;创新药ETF;军工ETF;证券ETF;酒ETF;有色ETF,沪深300;创业板;纳指;国债ETF,半导体ETF;创新药ETF;军工ETF;证券ETF;酒ETF;有色ETF
2026-04-29,2745250.296279935,2745250.296279935,0.0,0.48958032005137997,False,warning,-0.1033577924457148,9,沪深300;创业板;纳指;半导体ETF;创新药ETF;军工ETF;酒ETF;有色ETF;证券ETF,沪深300;创业板;纳指,半导体ETF;创新药ETF;军工ETF;酒ETF;有色ETF;证券ETF
2026-04-30,2750466.7746229344,2750466.774622935,-4.656612873077393e-10,0.6733003515793307,False,warning,-0.10165400803543202,10,沪深300;创业板;纳指;国债ETF;半导体ETF;军工ETF;创新药ETF;证券ETF;酒ETF;有色ETF,沪深300;创业板;纳指;国债ETF,半导体ETF;军工ETF;创新药ETF;证券ETF;酒ETF;有色ETF
2026-05-06,2797549.914649854,2797549.914649854,0.0,0.487944787415988,False,warning,-0.08627590911689909,9,沪深300;创业板;纳指;半导体ETF;军工ETF;创新药ETF;证券ETF;有色ETF;酒ETF,沪深300;创业板;纳指,半导体ETF;军工ETF;创新药ETF;证券ETF;有色ETF;酒ETF
2026-05-07,2830245.394968468,2830245.3949684673,9.313225746154785e-10,0.6618725770790409,False,normal,-0.07559704763397491,10,沪深300;创业板;纳指;国债ETF;半导体ETF;军工ETF;有色ETF;创新药ETF;证券ETF;酒ETF,沪深300;创业板;纳指;国债ETF,半导体ETF;军工ETF;有色ETF;创新药ETF;证券ETF;酒ETF
2026-05-08,2820343.463549635,2820343.463549634,9.313225746154785e-10,0.6748150827149553,False,normal,-0.07883117519548179,10,沪深300;创业板;纳指;国债ETF;半导体ETF;军工ETF;有色ETF;创新药ETF;证券ETF;酒ETF,沪深300;创业板;纳指;国债ETF,半导体ETF;军工ETF;有色ETF;创新药ETF;证券ETF;酒ETF
2026-05-11,2872298.7494611116,2872298.7494611107,9.313225746154785e-10,0.6468685308240831,False,normal,-0.061861756298812194,10,沪深300;创业板;纳指;国债ETF;半导体ETF;军工ETF;有色ETF;创新药ETF;证券ETF;酒ETF,沪深300;创业板;纳指;国债ETF,半导体ETF;军工ETF;有色ETF;创新药ETF;证券ETF;酒ETF
2026-05-12,2860515.6776339225,2860515.6776339216,9.313225746154785e-10,0.654637392080446,False,normal,-0.06571029409852332,10,沪深300;创业板;纳指;国债ETF;半导体ETF;军工ETF;有色ETF;创新药ETF;证券ETF;酒ETF,沪深300;创业板;纳指;国债ETF,半导体ETF;军工ETF;有色ETF;创新药ETF;证券ETF;酒ETF
2026-05-13,2885286.891799319,2885286.8917993186,4.656612873077393e-10,0.663726998439839,False,normal,-0.057619623392409954,10,沪深300;创业板;纳指;国债ETF;半导体ETF;军工ETF;有色ETF;创新药ETF;证券ETF;酒ETF,沪深300;创业板;纳指;国债ETF,半导体ETF;军工ETF;有色ETF;创新药ETF;证券ETF;酒ETF
2026-05-14,2848328.43417781,2848328.434177811,-9.313225746154785e-10,0.654571654500527,False,normal,-0.0696908407507897,10,沪深300;创业板;纳指;国债ETF;半导体ETF;军工ETF;有色ETF;证券ETF;创新药ETF;酒ETF,沪深300;创业板;纳指;国债ETF,半导体ETF;军工ETF;有色ETF;证券ETF;创新药ETF;酒ETF
2026-05-15,2824782.6851099823,2742407.2618229366,82375.42328704568,0.6661364828932108,False,normal,-0.07738125515537242,10,沪深300;创业板;纳指;国债ETF;半导体ETF;军工ETF;有色ETF;创新药ETF;证券ETF;酒ETF,沪深300;创业板;纳指;国债ETF,半导体ETF;军工ETF;有色ETF;创新药ETF;证券ETF;酒ETF
2026-05-18,2803638.930698931,2741471.8180920556,62167.1126068756,0.659536662709278,False,warning,-0.0842871400784342,10,沪深300;创业板;纳指;国债ETF;半导体ETF;军工ETF;证券ETF;有色ETF;创新药ETF;酒ETF,沪深300;创业板;纳指;国债ETF,半导体ETF;军工ETF;证券ETF;有色ETF;创新药ETF;酒ETF
2026-05-19,2805695.204428567,2805695.204428566,9.313225746154785e-10,0.677415398303523,False,warning,-0.08361552852491755,10,沪深300;创业板;纳指;国债ETF;半导体ETF;军工ETF;证券ETF;创新药ETF;有色ETF;酒ETF,沪深300;创业板;纳指;国债ETF,半导体ETF;军工ETF;证券ETF;创新药ETF;有色ETF;酒ETF
2026-05-20,2816066.635877646,2816066.6358776465,-4.656612873077393e-10,0.6986998682475819,False,warning,-0.08022805482075232,10,沪深300;创业板;纳指;国债ETF;半导体ETF;军工ETF;创新药ETF;证券ETF;酒ETF;有色ETF,沪深300;创业板;纳指;国债ETF,半导体ETF;军工ETF;创新药ETF;证券ETF;酒ETF;有色ETF
2026-05-21,2798808.261427581,2798808.2614275813,-4.656612873077393e-10,0.7135694826090819,False,warning,-0.0858649131380702,11,沪深300;创业板;纳指;黄金;国债ETF;半导体ETF;创新药ETF;证券ETF;军工ETF;酒ETF;有色ETF,沪深300;创业板;纳指;黄金;国债ETF,半导体ETF;创新药ETF;证券ETF;军工ETF;酒ETF;有色ETF
2026-05-22,2825453.6899976647,2825453.689997664,4.656612873077393e-10,0.705373643890329,False,normal,-0.0771620943361981,11,沪深300;创业板;纳指;黄金;国债ETF;半导体ETF;创新药ETF;军工ETF;证券ETF;有色ETF;酒ETF,沪深300;创业板;纳指;黄金;国债ETF,半导体ETF;创新药ETF;军工ETF;证券ETF;有色ETF;酒ETF
2026-05-25,2871311.655024597,2871311.655024597,0.0,0.653935583723374,False,normal,-0.062184156968733036,10,沪深300;创业板;纳指;国债ETF;半导体ETF;军工ETF;证券ETF;创新药ETF;有色ETF;酒ETF,沪深300;创业板;纳指;国债ETF,半导体ETF;军工ETF;证券ETF;创新药ETF;有色ETF;酒ETF
2026-05-26,2867568.929084445,2867568.9290844453,-4.656612873077393e-10,0.6892722186222304,False,normal,-0.06340659051287878,11,沪深300;创业板;纳指;黄金;国债ETF;半导体ETF;证券ETF;有色ETF;创新药ETF;军工ETF;酒ETF,沪深300;创业板;纳指;黄金;国债ETF,半导体ETF;证券ETF;有色ETF;创新药ETF;军工ETF;酒ETF
2026-05-27,2855847.597058645,2855847.597058646,-9.313225746154785e-10,0.6887771586446886,False,normal,-0.06723496311603695,10,沪深300;创业板;纳指;国债ETF;半导体ETF;证券ETF;创新药ETF;军工ETF;有色ETF;酒ETF,沪深300;创业板;纳指;国债ETF,半导体ETF;证券ETF;创新药ETF;军工ETF;有色ETF;酒ETF
2026-05-28,2857535.9963931614,2857535.9963931614,0.0,0.7101234708347038,False,normal,-0.06668350516388395,10,沪深300;创业板;纳指;国债ETF;半导体ETF;证券ETF;军工ETF;创新药ETF;有色ETF;酒ETF,沪深300;创业板;纳指;国债ETF,半导体ETF;证券ETF;军工ETF;创新药ETF;有色ETF;酒ETF
